<?xml version="1.0" encoding="UTF-8"?>

<rootTag>
  <Award>
    <AwardTitle>Development of a Hybrid Nano-Electro-Mechanical Sensor Technology for Nanoscale Aerosol Mass and Momemtumprobing</AwardTitle>
    <AwardEffectiveDate>08/01/2008</AwardEffectiveDate>
    <AwardExpirationDate>07/31/2012</AwardExpirationDate>
    <AwardAmount>246302</AwardAmount>
    <AwardInstrument>
      <Value>Standard Grant</Value>
    </AwardInstrument>
    <Organization>
      <Code>07030000</Code>
      <Directorate>
        <LongName>Directorate For Engineering</LongName>
      </Directorate>
      <Division>
        <LongName>Div Of Civil, Mechanical, &amp; Manufact Inn</LongName>
      </Division>
    </Organization>
    <ProgramOfficer>
      <SignBlockName>George A. Hazelrigg</SignBlockName>
    </ProgramOfficer>
    <AbstractNarration>The objective of this proposal is to develop Micro/Nano-Electro-Mechanical (MEMS/NEMS) resonant sensor arrays enabling measurement of mass and size of individual nanoscale aerosol particles. The sensors will be tested in the laboratory with monodisperse aerosol under conditions similar to those what will occur in the instruments for which they are designed. &lt;br/&gt;&lt;br/&gt;Intellectual Merit: The proposed silicon-based resonant sensors are extremely mass sensitive due to their small size and high quality factors. The resonance frequencies of the devices change as they are loaded with aerosol particles. On the other hand, the deflection of the elastic structures is used to measure the kinetic energy of particles striking the resonant sensors. Combining the mass and energy measurements for individual particles permits the collision velocity to be determined which leads to the determination of particle size in situations where the velocity is size dependent.&lt;br/&gt;&lt;br/&gt;Broader Impact: This project is expected to lead to an active and comprehensive research program that fuels several under-development undergraduate and graduate level courses on micro/nano-electromechanical systems and combines them with extensive laboratory experiments and demos. It also allows the PIs to actively contribute in high school outreach programs conducted by the University of Denver as well as employ and educate several undergraduate and graduate students (preferably from underrepresented minorities) to participate in the research activities.</AbstractNarration>
    <MinAmdLetterDate>07/21/2008</MinAmdLetterDate>
    <MaxAmdLetterDate>04/27/2009</MaxAmdLetterDate>
    <ARRAAmount/>
    <AwardID>0800961</AwardID>
    <Investigator>
      <FirstName>James</FirstName>
      <LastName>Wilson</LastName>
      <EmailAddress>jwilson@du.edu</EmailAddress>
      <StartDate>07/21/2008</StartDate>
      <EndDate/>
      <RoleCode>Co-Principal Investigator</RoleCode>
    </Investigator>
    <Investigator>
      <FirstName>Siavash</FirstName>
      <LastName>Pourkamali Anaraki</LastName>
      <EmailAddress>siavash.pourkamali@utdallas.edu</EmailAddress>
      <StartDate>07/21/2008</StartDate>
      <EndDate/>
      <RoleCode>Principal Investigator</RoleCode>
    </Investigator>
    <Institution>
      <Name>University of Denver</Name>
      <CityName>Denver</CityName>
      <ZipCode>802104711</ZipCode>
      <PhoneNumber>3038712000</PhoneNumber>
      <StreetAddress>2199 S. University Blvd.</StreetAddress>
      <CountryName>United States</CountryName>
      <StateName>Colorado</StateName>
      <StateCode>CO</StateCode>
    </Institution>
    <FoaInformation>
      <Code>0308000</Code>
      <Name>Industrial Technology</Name>
    </FoaInformation>
    <ProgramElement>
      <Code>1639</Code>
      <Text>SENSORS AND SENSING SYSTEMS</Text>
    </ProgramElement>
    <ProgramReference>
      <Code>032E</Code>
      <Text>SENSORS AND ACTUATORS</Text>
    </ProgramReference>
    <ProgramReference>
      <Code>036E</Code>
      <Text>CIVIL INFRASTRUCTURE</Text>
    </ProgramReference>
    <ProgramReference>
      <Code>1057</Code>
      <Text>CIS BASE RESEARCH</Text>
    </ProgramReference>
    <ProgramReference>
      <Code>1059</Code>
      <Text>SENSORS AND SENSOR SYSTEMS FOR CIS</Text>
    </ProgramReference>
    <ProgramReference>
      <Code>7234</Code>
      <Text>SENSORS NON-SOLICITATION RESEA</Text>
    </ProgramReference>
    <ProgramReference>
      <Code>9146</Code>
      <Text>MANUFACTURING BASE RESEARCH</Text>
    </ProgramReference>
    <ProgramReference>
      <Code>9178</Code>
      <Text>UNDERGRADUATE EDUCATION</Text>
    </ProgramReference>
    <ProgramReference>
      <Code>9231</Code>
      <Text>SUPPL FOR UNDERGRAD RES ASSIST</Text>
    </ProgramReference>
    <ProgramReference>
      <Code>9251</Code>
      <Text>RES EXPER FOR UNDERGRAD-SUPPLT</Text>
    </ProgramReference>
    <ProgramReference>
      <Code>CVIS</Code>
      <Text>CIVIL INFRASTRUCTURE</Text>
    </ProgramReference>
    <ProgramReference>
      <Code>MANU</Code>
      <Text>MANUFACTURING</Text>
    </ProgramReference>
  </Award>
</rootTag>
