<?xml version="1.0" encoding="UTF-8"?>

<rootTag>
  <Award>
    <AwardTitle>Contact Interface Modeling and Stiffness-based Biomedical Diagnosis with Sensing Technology Towards a Better Quality of Life</AwardTitle>
    <AwardEffectiveDate>04/01/2008</AwardEffectiveDate>
    <AwardExpirationDate>03/31/2012</AwardExpirationDate>
    <AwardAmount>255957</AwardAmount>
    <AwardInstrument>
      <Value>Standard Grant</Value>
    </AwardInstrument>
    <Organization>
      <Code>07030000</Code>
      <Directorate>
        <LongName>Directorate For Engineering</LongName>
      </Directorate>
      <Division>
        <LongName>Div Of Civil, Mechanical, &amp; Manufact Inn</LongName>
      </Division>
    </Organization>
    <ProgramOfficer>
      <SignBlockName>George A. Hazelrigg</SignBlockName>
    </ProgramOfficer>
    <AbstractNarration>The objectives of this proposal are (i) to conduct research on the study of the modeling of contact interface and stiffness-based biomedical diagnosis, and (ii) to perform experiments with sensing technology and applications with intelligent diagnosis. The project aims at leveraging and complementing the expertise, research experiences, and infrastructure at both institutes in an international research collaboration between the PI at Stony Brook University and the collaborator, Prof. Makoto Kaneko at Osaka University, under the joint NSF-JST support. The research and technology development are focused on modeling and applications towards "better quality of life." This collaborative US-Japan research strives to deal with research that focus on improving the quality of life by bringing about techniques which enhance the ability to reliably diagnose healthcare issues as well as the prevention of high-risk areas (for example, diabetes and glaucoma) for better quality of life, through the applications and modeling of both direct physical contact and non-contact interfaces. Taking advantage of the international collaboration and exchange, the research project also invites participation of undergraduate students in the STEM disciplines in order to motivate them to choose a career in STEM. The dissemination plan includes an annual symposium to increase the broader impact of this international research collaboration.</AbstractNarration>
    <MinAmdLetterDate>02/26/2008</MinAmdLetterDate>
    <MaxAmdLetterDate>07/17/2009</MaxAmdLetterDate>
    <ARRAAmount/>
    <AwardID>0800241</AwardID>
    <Investigator>
      <FirstName>Imin</FirstName>
      <LastName>Kao</LastName>
      <EmailAddress>kao@mal.eng.sunysb.edu</EmailAddress>
      <StartDate>02/26/2008</StartDate>
      <EndDate/>
      <RoleCode>Principal Investigator</RoleCode>
    </Investigator>
    <Institution>
      <Name>SUNY at Stony Brook</Name>
      <CityName>Stony Brook</CityName>
      <ZipCode>117940001</ZipCode>
      <PhoneNumber>6316329949</PhoneNumber>
      <StreetAddress>WEST 5510 FRK MEL LIB</StreetAddress>
      <CountryName>United States</CountryName>
      <StateName>New York</StateName>
      <StateCode>NY</StateCode>
    </Institution>
    <FoaInformation>
      <Code>0308000</Code>
      <Name>Industrial Technology</Name>
    </FoaInformation>
    <ProgramElement>
      <Code>1639</Code>
      <Text>SENSORS AND SENSING SYSTEMS</Text>
    </ProgramElement>
    <ProgramElement>
      <Code>7298</Code>
      <Text>COLLABORATIVE RESEARCH</Text>
    </ProgramElement>
    <ProgramReference>
      <Code>032E</Code>
      <Text>SENSORS AND ACTUATORS</Text>
    </ProgramReference>
    <ProgramReference>
      <Code>036E</Code>
      <Text>CIVIL INFRASTRUCTURE</Text>
    </ProgramReference>
    <ProgramReference>
      <Code>1057</Code>
      <Text>CIS BASE RESEARCH</Text>
    </ProgramReference>
    <ProgramReference>
      <Code>1059</Code>
      <Text>SENSORS AND SENSOR SYSTEMS FOR CIS</Text>
    </ProgramReference>
    <ProgramReference>
      <Code>5921</Code>
      <Text>JAPAN</Text>
    </ProgramReference>
    <ProgramReference>
      <Code>5978</Code>
      <Text>EAST ASIA AND PACIFIC PROGRAM</Text>
    </ProgramReference>
    <ProgramReference>
      <Code>7234</Code>
      <Text>SENSORS NON-SOLICITATION RESEA</Text>
    </ProgramReference>
    <ProgramReference>
      <Code>CVIS</Code>
      <Text>CIVIL INFRASTRUCTURE</Text>
    </ProgramReference>
  </Award>
</rootTag>
