<?xml version="1.0" encoding="UTF-8"?>

<rootTag>
  <Award>
    <AwardTitle>Collaborative Research: Seismic Velocity, Compaction, and Pore Pressure in Underthrust Sediments, Nankai Subduction Zone</AwardTitle>
    <AwardEffectiveDate>09/17/2007</AwardEffectiveDate>
    <AwardExpirationDate>07/31/2008</AwardExpirationDate>
    <AwardAmount>59859</AwardAmount>
    <AwardInstrument>
      <Value>Standard Grant</Value>
    </AwardInstrument>
    <Organization>
      <Code>06040205</Code>
      <Directorate>
        <LongName>Directorate For Geosciences</LongName>
      </Directorate>
      <Division>
        <LongName>Division Of Ocean Sciences</LongName>
      </Division>
    </Organization>
    <ProgramOfficer>
      <SignBlockName>Bilal U. Haq</SignBlockName>
    </ProgramOfficer>
    <AbstractNarration>Funds are provided to better constrain in-situ pore pressure, relationship between pore pressure and porosity and compaction state of sediments in the Nankai margin using existing 3-D seismic data. Pore pressure and compaction state of underthrust sediments may be a key control on fault behavior because the decollement localizes at the top of these sediments. The work will provide important information necessary for the drilling of the Nankai seismogenic zone under IODP.</AbstractNarration>
    <MinAmdLetterDate>10/26/2007</MinAmdLetterDate>
    <MaxAmdLetterDate>10/26/2007</MaxAmdLetterDate>
    <ARRAAmount/>
    <AwardID>0800665</AwardID>
    <Investigator>
      <FirstName>Harold</FirstName>
      <LastName>Tobin</LastName>
      <EmailAddress>htobin@wisc.edu</EmailAddress>
      <StartDate>10/26/2007</StartDate>
      <EndDate/>
      <RoleCode>Principal Investigator</RoleCode>
    </Investigator>
    <Institution>
      <Name>University of Wisconsin-Madison</Name>
      <CityName>MADISON</CityName>
      <ZipCode>537151218</ZipCode>
      <PhoneNumber>6082623822</PhoneNumber>
      <StreetAddress>21 North Park Street</StreetAddress>
      <CountryName>United States</CountryName>
      <StateName>Wisconsin</StateName>
      <StateCode>WI</StateCode>
    </Institution>
  </Award>
</rootTag>
