<?xml version="1.0" encoding="UTF-8"?>

<rootTag>
  <Award>
    <AwardTitle>GOALI: Safety-Preserved Estimation and Control of Tire/Road Interaction</AwardTitle>
    <AwardEffectiveDate>08/01/2008</AwardEffectiveDate>
    <AwardExpirationDate>12/31/2008</AwardExpirationDate>
    <AwardAmount>245999</AwardAmount>
    <AwardInstrument>
      <Value>Standard Grant</Value>
    </AwardInstrument>
    <Organization>
      <Code>07030000</Code>
      <Directorate>
        <LongName>Directorate For Engineering</LongName>
      </Directorate>
      <Division>
        <LongName>Div Of Civil, Mechanical, &amp; Manufact Inn</LongName>
      </Division>
    </Organization>
    <ProgramOfficer>
      <SignBlockName>Eduardo A. Misawa</SignBlockName>
    </ProgramOfficer>
    <AbstractNarration>Tire/road interaction plays an important role for safe operation of motor vehicles. The objective of this GOALI project is to establish a sensor-enabled modeling framework to real-time predict and preserve the safety limits of tire/road interaction. The project will develop, implement, and evaluate a safety-preserved tire/road interaction estimation and control scheme. The following three objectives will be pursued: (1) a sensor-enabled tire/road interaction modeling scheme; (2) a tire/road interaction safety-limit estimation and control system; and (3) technology implementation and transfer at Ford as well as research/education integration. The approach of this research is based on the integration of the physical and dynamic tire/road friction models with the distributed tire rubber deformation sensing system. Based on the sensor-enabled models, on-line estimation and control strategies will be developed to predict the safety limits of tire/road interaction and prevent vehicles from unsafe operation. &lt;br/&gt;&lt;br/&gt;The success of this project will advance fundamental understanding of tire/road interaction by providing new sensing mechanisms for modeling tire/road interaction, new knowledge and methodologies to real-time estimate the safety limits of tire/road interaction under normal driving conditions without the need of severe and unsafe maneuvers, and a new adaptive control methodology to preserve vehicle safety. Industrial implementation of the resulting methodology is expected to generate broad economic and societal impacts. One of the direct applications of the proposed research will be to advance the ?smart tire? technology in the automotive industry. The project will provide students (at the K-12, the undergraduate and graduate levels) with multidisciplinary training, exposure to important industrial problems, and practical experience.</AbstractNarration>
    <MinAmdLetterDate>07/29/2008</MinAmdLetterDate>
    <MaxAmdLetterDate>07/29/2008</MaxAmdLetterDate>
    <ARRAAmount/>
    <AwardID>0800964</AwardID>
    <Investigator>
      <FirstName>Jingang</FirstName>
      <LastName>Yi</LastName>
      <EmailAddress>jgyi@rutgers.edu</EmailAddress>
      <StartDate>07/29/2008</StartDate>
      <EndDate/>
      <RoleCode>Principal Investigator</RoleCode>
    </Investigator>
    <Investigator>
      <FirstName>Eric</FirstName>
      <LastName>Tseng</LastName>
      <EmailAddress>HTseng@ford.com</EmailAddress>
      <StartDate>07/29/2008</StartDate>
      <EndDate/>
      <RoleCode>Co-Principal Investigator</RoleCode>
    </Investigator>
    <Institution>
      <Name>San Diego State University Foundation</Name>
      <CityName>San Diego</CityName>
      <ZipCode>921822190</ZipCode>
      <PhoneNumber>6195945731</PhoneNumber>
      <StreetAddress>5250 Campanile Drive</StreetAddress>
      <CountryName>United States</CountryName>
      <StateName>California</StateName>
      <StateCode>CA</StateCode>
    </Institution>
    <FoaInformation>
      <Code>0308000</Code>
      <Name>Industrial Technology</Name>
    </FoaInformation>
    <ProgramElement>
      <Code>1504</Code>
      <Text>GRANT OPP FOR ACAD LIA W/INDUS</Text>
    </ProgramElement>
    <ProgramElement>
      <Code>1632</Code>
      <Text>CONTROL SYSTEMS</Text>
    </ProgramElement>
    <ProgramReference>
      <Code>030E</Code>
      <Text>CONTROL SYSTEMS</Text>
    </ProgramReference>
    <ProgramReference>
      <Code>036E</Code>
      <Text>CIVIL INFRASTRUCTURE</Text>
    </ProgramReference>
    <ProgramReference>
      <Code>1057</Code>
      <Text>CIS BASE RESEARCH</Text>
    </ProgramReference>
    <ProgramReference>
      <Code>1504</Code>
      <Text>GRANT OPP FOR ACAD LIA W/INDUS</Text>
    </ProgramReference>
    <ProgramReference>
      <Code>CVIS</Code>
      <Text>CIVIL INFRASTRUCTURE</Text>
    </ProgramReference>
  </Award>
</rootTag>
