<?xml version="1.0" encoding="UTF-8"?>

<rootTag>
  <Award>
    <AwardTitle>CHT'08: Participation in an International Symposium</AwardTitle>
    <AwardEffectiveDate>02/01/2008</AwardEffectiveDate>
    <AwardExpirationDate>01/31/2009</AwardExpirationDate>
    <AwardAmount>12000</AwardAmount>
    <AwardInstrument>
      <Value>Standard Grant</Value>
    </AwardInstrument>
    <Organization>
      <Code>07020000</Code>
      <Directorate>
        <LongName>Directorate For Engineering</LongName>
      </Directorate>
      <Division>
        <LongName>Div Of Chem, Bioeng, Env, &amp; Transp Sys</LongName>
      </Division>
    </Organization>
    <ProgramOfficer>
      <SignBlockName>Theodore L. Bergman</SignBlockName>
    </ProgramOfficer>
    <AbstractNarration>CBET-0800984, Pepper&lt;br/&gt;&lt;br/&gt;This award provides partial support for the 4th International Symposium on Advances in Computational Heat Transfer, which will be held in Marrakech, Morocco, on May 11-16, 2008. The purpose of this meeting is to bring together a strong, international group of researchers in the field of computational heat transfer to discuss the current state-of-the-art in thermofluids computing, and to help identify emerging trends. &lt;br/&gt;&lt;br/&gt;With respect to the intellectual merit of the conference, a broadly interdisciplinary assembly of researchers is anticipated, representing disciplines such as mechanical engineering, chemical engineering, mathematics, physics, atmospheric and oceanographic sciences, and computer science. Given the ubiquity of thermal processes, and the necessity of computational simulation to achieve new research advances, the stimulus provided by bringing together a diverse group of computational researchers remains extremely important.&lt;br/&gt;&lt;br/&gt;The broader impacts of the conference include allowing a number of junior researchers, as well as some from underrepresented groups, to attend the meeting and to interact with their peers. The conference has already attracted a number of co-sponsors, which indicates a broader impact beyond what can be provided by direct NSF support. All papers presented at the meeting will be available on a website, and selected papers will appear in a special issue of a new journal on Computational Thermal Sciences.</AbstractNarration>
    <MinAmdLetterDate>01/30/2008</MinAmdLetterDate>
    <MaxAmdLetterDate>01/30/2008</MaxAmdLetterDate>
    <ARRAAmount/>
    <AwardID>0800984</AwardID>
    <Investigator>
      <FirstName>Darrell</FirstName>
      <LastName>Pepper</LastName>
      <EmailAddress>darrell.pepper@unlv.edu</EmailAddress>
      <StartDate>01/30/2008</StartDate>
      <EndDate/>
      <RoleCode>Principal Investigator</RoleCode>
    </Investigator>
    <Institution>
      <Name>University of Nevada Las Vegas</Name>
      <CityName>Las Vegas</CityName>
      <ZipCode>891541055</ZipCode>
      <PhoneNumber>7028951357</PhoneNumber>
      <StreetAddress>4505 MARYLAND PARKWAY</StreetAddress>
      <CountryName>United States</CountryName>
      <StateName>Nevada</StateName>
      <StateCode>NV</StateCode>
    </Institution>
    <FoaInformation>
      <Code>0308000</Code>
      <Name>Industrial Technology</Name>
    </FoaInformation>
    <ProgramElement>
      <Code>1406</Code>
      <Text>THERMAL TRANSPORT PROCESSES</Text>
    </ProgramElement>
    <ProgramReference>
      <Code>0000</Code>
      <Text>UNASSIGNED</Text>
    </ProgramReference>
    <ProgramReference>
      <Code>064E</Code>
      <Text>Convection heat and mass transfer</Text>
    </ProgramReference>
    <ProgramReference>
      <Code>7231</Code>
      <Text>CYBERINFRASTRUCTURE</Text>
    </ProgramReference>
    <ProgramReference>
      <Code>9150</Code>
      <Text>EXP PROG TO STIM COMP RES</Text>
    </ProgramReference>
    <ProgramReference>
      <Code>OTHR</Code>
      <Text>OTHER RESEARCH OR EDUCATION</Text>
    </ProgramReference>
  </Award>
</rootTag>
