<?xml version="1.0" encoding="UTF-8"?>

<rootTag>
  <Award>
    <AwardTitle>Synthesis of Metallic and Multi-Component Nanoparticles from Metallo-Organic Precursors in Matrix-Assisted Laser Ablation</AwardTitle>
    <AwardEffectiveDate>07/01/2008</AwardEffectiveDate>
    <AwardExpirationDate>12/31/2012</AwardExpirationDate>
    <AwardAmount>412600</AwardAmount>
    <AwardInstrument>
      <Value>Standard Grant</Value>
    </AwardInstrument>
    <Organization>
      <Code>07030000</Code>
      <Directorate>
        <LongName>Directorate For Engineering</LongName>
      </Directorate>
      <Division>
        <LongName>Div Of Civil, Mechanical, &amp; Manufact Inn</LongName>
      </Division>
    </Organization>
    <ProgramOfficer>
      <SignBlockName>Khershed Cooper</SignBlockName>
    </ProgramOfficer>
    <AbstractNarration>The goal of this research program is to gain a fundamental understanding of the elementary processes and molecular-level mechanisms of the matrix assisted laser ablation synthesis of nanoparticles, and to apply the mechanistic understanding to design and optimize this promising technique for an efficient, controllable, inexpensive, and environmentally friendly generation of nanoparticles. Experimental investigations governing the growth, physical limits, and capabilities of the technique will be guided by the microscopic insights into the mechanisms of nanoparticle nucleation and growth obtained in computer modeling performed with coarse-grained molecular dynamics method. A comprehensive investigation of the atomic/cluster mobility during the process of the explosive disintegration of the target material and the expansion of the multi-phase ablation plume consisting of liquid droplets, matrix vapor, and products of chemical decomposition will provide useful information for several emerging nanoscale materials processing techniques.&lt;br/&gt;This research program is closely integrated with the current educational activities of the PIs in the areas of laser-materials interactions and computational materials science, thus providing immediate benefits for training of graduate students while stimulating related research activities for undergraduates with additional exposure through the REU program. The project will continue a strong existing interaction between the PIs, aiding in the continued development of a core activity on laser-material interactions at the Materials Science and Engineering department. The research results of this project will be integrated into graduate courses on Materials Characterization, Thin Films, and Modeling in Materials Science developed and currently taught by the PIs.</AbstractNarration>
    <MinAmdLetterDate>06/19/2008</MinAmdLetterDate>
    <MaxAmdLetterDate>07/25/2012</MaxAmdLetterDate>
    <ARRAAmount/>
    <AwardID>0800786</AwardID>
    <Investigator>
      <FirstName>James</FirstName>
      <LastName>Fitz-Gerald</LastName>
      <EmailAddress>jmf8h@virginia.edu</EmailAddress>
      <StartDate>06/19/2008</StartDate>
      <EndDate/>
      <RoleCode>Principal Investigator</RoleCode>
    </Investigator>
    <Investigator>
      <FirstName>Leonid</FirstName>
      <LastName>Zhigilei</LastName>
      <EmailAddress>lz2n@virginia.edu</EmailAddress>
      <StartDate>06/19/2008</StartDate>
      <EndDate/>
      <RoleCode>Co-Principal Investigator</RoleCode>
    </Investigator>
    <Institution>
      <Name>University of Virginia Main Campus</Name>
      <CityName>CHARLOTTESVILLE</CityName>
      <ZipCode>229044195</ZipCode>
      <PhoneNumber>4349244270</PhoneNumber>
      <StreetAddress>P.O. BOX 400195</StreetAddress>
      <CountryName>United States</CountryName>
      <StateName>Virginia</StateName>
      <StateCode>VA</StateCode>
    </Institution>
    <FoaInformation>
      <Code>0107000</Code>
      <Name>Operations Research</Name>
    </FoaInformation>
    <ProgramElement>
      <Code>1788</Code>
      <Text>NANOMANUFACTURING</Text>
    </ProgramElement>
    <ProgramElement>
      <Code>7237</Code>
      <Text>NANO NON-SOLIC SCI &amp; ENG AWD</Text>
    </ProgramElement>
    <ProgramElement>
      <Code>7298</Code>
      <Text>COLLABORATIVE RESEARCH</Text>
    </ProgramElement>
    <ProgramReference>
      <Code>084E</Code>
      <Text>NANOMANUFACTURING</Text>
    </ProgramReference>
    <ProgramReference>
      <Code>5920</Code>
      <Text>ITALY</Text>
    </ProgramReference>
    <ProgramReference>
      <Code>5979</Code>
      <Text>Europe and Eurasia</Text>
    </ProgramReference>
    <ProgramReference>
      <Code>9146</Code>
      <Text>MANUFACTURING BASE RESEARCH</Text>
    </ProgramReference>
    <ProgramReference>
      <Code>MANU</Code>
      <Text>MANUFACTURING</Text>
    </ProgramReference>
  </Award>
</rootTag>
