<?xml version="1.0" encoding="UTF-8"?>

<rootTag>
  <Award>
    <AwardTitle>Rocky Mountain Dynamical Systems Conference</AwardTitle>
    <AwardEffectiveDate>05/01/2008</AwardEffectiveDate>
    <AwardExpirationDate>04/30/2009</AwardExpirationDate>
    <AwardAmount>18900</AwardAmount>
    <AwardInstrument>
      <Value>Standard Grant</Value>
    </AwardInstrument>
    <Organization>
      <Code>03040100</Code>
      <Directorate>
        <LongName>Direct For Mathematical &amp; Physical Scien</LongName>
      </Directorate>
      <Division>
        <LongName>Division Of Mathematical Sciences</LongName>
      </Division>
    </Organization>
    <ProgramOfficer>
      <SignBlockName>Bruce P. Palka</SignBlockName>
    </ProgramOfficer>
    <AbstractNarration>A conference will be held at Park City, Utah from Monday May 12 to Friday May 16, 2007. The conference covers a broad range of topics in dynamical systems, including, both deterministic and random systems. The conference is intended to promote interaction between researchers, contribute in the training of young researchers, and facilitate in the communication of mathematical results.&lt;br/&gt;&lt;br/&gt;The field of dynamical systems studies the long term behavior of a system. Since many mathematical structures can be modeled by such a system the field of dynamical systems both uses and contributes to a broad range of mathematical disciplines.&lt;br/&gt;&lt;br/&gt;The conference plans to support young researchers at both the graduate and post-doctoral level, those from underrepresented groups, and other researchers without support.</AbstractNarration>
    <MinAmdLetterDate>12/10/2007</MinAmdLetterDate>
    <MaxAmdLetterDate>12/10/2007</MaxAmdLetterDate>
    <ARRAAmount/>
    <AwardID>0800840</AwardID>
    <Investigator>
      <FirstName>Daniel</FirstName>
      <LastName>Rudolph</LastName>
      <EmailAddress>rudolphd@math.colostate.edu</EmailAddress>
      <StartDate>12/10/2007</StartDate>
      <EndDate/>
      <RoleCode>Co-Principal Investigator</RoleCode>
    </Investigator>
    <Investigator>
      <FirstName>Kening</FirstName>
      <LastName>Lu</LastName>
      <EmailAddress>klu@mathematics.byu.edu</EmailAddress>
      <StartDate>12/10/2007</StartDate>
      <EndDate/>
      <RoleCode>Co-Principal Investigator</RoleCode>
    </Investigator>
    <Investigator>
      <FirstName>Todd</FirstName>
      <LastName>Fisher</LastName>
      <EmailAddress>tfisher@mathematics.byu.edu</EmailAddress>
      <StartDate>12/10/2007</StartDate>
      <EndDate/>
      <RoleCode>Principal Investigator</RoleCode>
    </Investigator>
    <Investigator>
      <FirstName>Lennard</FirstName>
      <LastName>Bakker</LastName>
      <EmailAddress>bakker@math.byu.edu</EmailAddress>
      <StartDate>12/10/2007</StartDate>
      <EndDate/>
      <RoleCode>Co-Principal Investigator</RoleCode>
    </Investigator>
    <Institution>
      <Name>Brigham Young University</Name>
      <CityName>Provo</CityName>
      <ZipCode>846021231</ZipCode>
      <PhoneNumber>8014226177</PhoneNumber>
      <StreetAddress>A-285 ASB</StreetAddress>
      <CountryName>United States</CountryName>
      <StateName>Utah</StateName>
      <StateCode>UT</StateCode>
    </Institution>
    <FoaInformation>
      <Code>0000099</Code>
      <Name>Other Applications NEC</Name>
    </FoaInformation>
  </Award>
</rootTag>
