<?xml version="1.0" encoding="UTF-8"?>

<rootTag>
  <Award>
    <AwardTitle>Functionally Graded Concrete for The Civil Infrastructure - A Multifunctional Material System Approach</AwardTitle>
    <AwardEffectiveDate>05/01/2008</AwardEffectiveDate>
    <AwardExpirationDate>04/30/2012</AwardExpirationDate>
    <AwardAmount>373875</AwardAmount>
    <AwardInstrument>
      <Value>Standard Grant</Value>
    </AwardInstrument>
    <Organization>
      <Code>07030000</Code>
      <Directorate>
        <LongName>Directorate For Engineering</LongName>
      </Directorate>
      <Division>
        <LongName>Div Of Civil, Mechanical, &amp; Manufact Inn</LongName>
      </Division>
    </Organization>
    <ProgramOfficer>
      <SignBlockName>Y. Grace Hsuan</SignBlockName>
    </ProgramOfficer>
    <AbstractNarration>This project develops novel multifunctional and functionally graded concrete materials (FGCMs) for the civil infrastructure. FGCMs consist of multiple sub-regions within a structural layer with varying concrete constituents following a predefined compositional function, e.g. functionally graded fiber-reinforced concrete slab with varying through-thickness toughness. A multi-scale testing (including small-scale specimen fracture tests and large-scale tests of concrete slabs), modeling, and education plan will be undertaken to achieve the project goals. The integrated modeling will be accomplished by distinct constitutive descriptions for the bulk (with special graded finite elements) and the ?separation? (cracked) materials through and a tailored cohesive zone model approach able to capture material degradation and material gradient effects at the mesoscale. A virtual internal bond (VIB) model will also be formulated using a continuum approach for strain localization employing a new pair-bond potential concept. &lt;br/&gt;&lt;br/&gt;A comprehensive educational plan is clearly essential to the success of this project since teaching of students (in-reach) and practicing engineers (out-reach) are needed to implement the multi-scale FGCM testing and fracture modeling program. The integrated research and education plan is expected to have a broad impact on the following areas: infrastructure materials research, civil engineering student education through development of an integrated design course at UIUC on ?Engineering Functionally Graded Concrete Materials for the Infrastructure,? interaction with practicing engineers through development of technology transfer activities (e.g. short courses), research experience and mentoring for undergraduate students and graduate research assistants, and summer mentoring and research experience for underrepresented students.</AbstractNarration>
    <MinAmdLetterDate>04/29/2008</MinAmdLetterDate>
    <MaxAmdLetterDate>06/03/2009</MaxAmdLetterDate>
    <ARRAAmount/>
    <AwardID>0800805</AwardID>
    <Investigator>
      <FirstName>Glaucio</FirstName>
      <LastName>Paulino</LastName>
      <EmailAddress>glaucio.paulino@ce.gatech.edu</EmailAddress>
      <StartDate>04/29/2008</StartDate>
      <EndDate>06/03/2009</EndDate>
      <RoleCode>Former Principal Investigator</RoleCode>
    </Investigator>
    <Investigator>
      <FirstName>Jeffery</FirstName>
      <LastName>Roesler</LastName>
      <EmailAddress>jroesler@uiuc.edu</EmailAddress>
      <StartDate>06/03/2009</StartDate>
      <EndDate/>
      <RoleCode>Principal Investigator</RoleCode>
    </Investigator>
    <Investigator>
      <FirstName>Jeffery</FirstName>
      <LastName>Roesler</LastName>
      <EmailAddress>jroesler@uiuc.edu</EmailAddress>
      <StartDate>04/29/2008</StartDate>
      <EndDate>06/03/2009</EndDate>
      <RoleCode>Former Co-Principal Investigator</RoleCode>
    </Investigator>
    <Institution>
      <Name>University of Illinois at Urbana-Champaign</Name>
      <CityName>CHAMPAIGN</CityName>
      <ZipCode>618207473</ZipCode>
      <PhoneNumber>2173332187</PhoneNumber>
      <StreetAddress>SUITE A</StreetAddress>
      <CountryName>United States</CountryName>
      <StateName>Illinois</StateName>
      <StateCode>IL</StateCode>
    </Institution>
    <FoaInformation>
      <Code>0107000</Code>
      <Name>Operations Research</Name>
    </FoaInformation>
    <ProgramElement>
      <Code>1635</Code>
      <Text>STRUCTURAL MATERIALS AND MECH</Text>
    </ProgramElement>
    <ProgramReference>
      <Code>025E</Code>
      <Text>INFRASTRUCTURE MATERIALS</Text>
    </ProgramReference>
    <ProgramReference>
      <Code>036E</Code>
      <Text>CIVIL INFRASTRUCTURE</Text>
    </ProgramReference>
    <ProgramReference>
      <Code>1037</Code>
      <Text>DETERIORATION SCIENCE</Text>
    </ProgramReference>
    <ProgramReference>
      <Code>1057</Code>
      <Text>CIS BASE RESEARCH</Text>
    </ProgramReference>
    <ProgramReference>
      <Code>CVIS</Code>
      <Text>CIVIL INFRASTRUCTURE</Text>
    </ProgramReference>
  </Award>
</rootTag>
