<?xml version="1.0" encoding="UTF-8"?>

<rootTag>
  <Award>
    <AwardTitle>Novel Structural Composites Using Surface Grown Carbon Nanotubes</AwardTitle>
    <AwardEffectiveDate>08/01/2008</AwardEffectiveDate>
    <AwardExpirationDate>07/31/2011</AwardExpirationDate>
    <AwardAmount>231518</AwardAmount>
    <AwardInstrument>
      <Value>Standard Grant</Value>
    </AwardInstrument>
    <Organization>
      <Code>07030000</Code>
      <Directorate>
        <LongName>Directorate For Engineering</LongName>
      </Directorate>
      <Division>
        <LongName>Div Of Civil, Mechanical, &amp; Manufact Inn</LongName>
      </Division>
    </Organization>
    <ProgramOfficer>
      <SignBlockName>Y. Grace Hsuan</SignBlockName>
    </ProgramOfficer>
    <AbstractNarration>The proposed work aims to grow carbon nanotubes, using a novel technique known as Graphitic Structures by Design, on the surface of carbon fibers and fabrics toward forming hierarchical composite structures. These composites will benefit from the microscale reinforcement of carbon fibers and from the complementary nanoscale reinforcement by the nanotubes. The synthesis process is rapid, affordable, and offers controlled-growth of nanotubes and thus eliminates the problems of dispersing nanotubes in epoxies. The proposed synthesis method is the only technique that allows growth of carbon nanotubes on fiber surface at relatively low temperature (450 oC) and thus does not damage the fibers. &lt;br/&gt;&lt;br/&gt;The produced composites will be investigated at the nano, micro and macro scales, paving the way for next generation structural composites with high strength, fracture toughness and deformability long sought for durable infrastructure. The new composites will significantly enhance the shear strength of fiber reinforced polymer pre-stressing strands used in structures (e.g. bridges). Problems associated with anchoring these strands will be eliminated. Four graduate students will participate in the research toward their degrees requirements. Four multi-disciplinary courses are planned as part of the proposed research activities to benefit students in Mechanical and Civil Engineering departments. The two departments have more than 40% minority population (Hispanic and Native American) and more than 20% of our students are females. The results of this work will be communicated to students at math/science charter high schools located in the state of New Mexico.</AbstractNarration>
    <MinAmdLetterDate>07/16/2008</MinAmdLetterDate>
    <MaxAmdLetterDate>07/16/2008</MaxAmdLetterDate>
    <ARRAAmount/>
    <AwardID>0800249</AwardID>
    <Investigator>
      <FirstName>Marwan</FirstName>
      <LastName>Al-Haik</LastName>
      <EmailAddress>alhaikm@erau.edu</EmailAddress>
      <StartDate>07/16/2008</StartDate>
      <EndDate/>
      <RoleCode>Principal Investigator</RoleCode>
    </Investigator>
    <Investigator>
      <FirstName>Mahmoud Reda</FirstName>
      <LastName>Taha</LastName>
      <EmailAddress>mrtaha@unm.edu</EmailAddress>
      <StartDate>07/16/2008</StartDate>
      <EndDate/>
      <RoleCode>Co-Principal Investigator</RoleCode>
    </Investigator>
    <Investigator>
      <FirstName>Claudia</FirstName>
      <LastName>Luhrs</LastName>
      <EmailAddress>ccluhrs@nps.edu</EmailAddress>
      <StartDate>07/16/2008</StartDate>
      <EndDate/>
      <RoleCode>Co-Principal Investigator</RoleCode>
    </Investigator>
    <Institution>
      <Name>University of New Mexico</Name>
      <CityName>Albuquerque</CityName>
      <ZipCode>871310001</ZipCode>
      <PhoneNumber>5052774186</PhoneNumber>
      <StreetAddress>1700 Lomas Blvd. NE, Suite 2200</StreetAddress>
      <CountryName>United States</CountryName>
      <StateName>New Mexico</StateName>
      <StateCode>NM</StateCode>
    </Institution>
    <FoaInformation>
      <Code>0308000</Code>
      <Name>Industrial Technology</Name>
    </FoaInformation>
    <ProgramElement>
      <Code>1635</Code>
      <Text>STRUCTURAL MATERIALS AND MECH</Text>
    </ProgramElement>
    <ProgramElement>
      <Code>7237</Code>
      <Text>NANO NON-SOLIC SCI &amp; ENG AWD</Text>
    </ProgramElement>
    <ProgramElement>
      <Code>9150</Code>
      <Text>EXP PROG TO STIM COMP RES</Text>
    </ProgramElement>
    <ProgramReference>
      <Code>0000</Code>
      <Text>UNASSIGNED</Text>
    </ProgramReference>
    <ProgramReference>
      <Code>025E</Code>
      <Text>INFRASTRUCTURE MATERIALS</Text>
    </ProgramReference>
    <ProgramReference>
      <Code>036E</Code>
      <Text>CIVIL INFRASTRUCTURE</Text>
    </ProgramReference>
    <ProgramReference>
      <Code>1037</Code>
      <Text>DETERIORATION SCIENCE</Text>
    </ProgramReference>
    <ProgramReference>
      <Code>1057</Code>
      <Text>CIS BASE RESEARCH</Text>
    </ProgramReference>
    <ProgramReference>
      <Code>9150</Code>
      <Text>EXP PROG TO STIM COMP RES</Text>
    </ProgramReference>
    <ProgramReference>
      <Code>CVIS</Code>
      <Text>CIVIL INFRASTRUCTURE</Text>
    </ProgramReference>
    <ProgramReference>
      <Code>OTHR</Code>
      <Text>OTHER RESEARCH OR EDUCATION</Text>
    </ProgramReference>
  </Award>
</rootTag>
