<?xml version="1.0" encoding="UTF-8"?>

<rootTag>
  <Award>
    <AwardTitle>Nuclear Reaction Theory</AwardTitle>
    <AwardEffectiveDate>07/01/2008</AwardEffectiveDate>
    <AwardExpirationDate>06/30/2012</AwardExpirationDate>
    <AwardAmount>570000</AwardAmount>
    <AwardInstrument>
      <Value>Continuing grant</Value>
    </AwardInstrument>
    <Organization>
      <Code>03010000</Code>
      <Directorate>
        <LongName>Direct For Mathematical &amp; Physical Scien</LongName>
      </Directorate>
      <Division>
        <LongName>Division Of Physics</LongName>
      </Division>
    </Organization>
    <ProgramOfficer>
      <SignBlockName>Bradley D. Keister</SignBlockName>
    </ProgramOfficer>
    <AbstractNarration>Pawel Danielewicz and Filomena Nunes plan to conduct research on nuclear reactions, with particular emphasis on theory that applies to and can be tested by experiments at current accelerator facilities, such as of the Michigan State University and of the Brookhaven National Laboratory. In the latter context, the proposal aims at advancing the theory for reactions with rare isotope beams and for learning on bulk nuclear properties at different bombarding energies. Specific goals in those respective areas include the study of breakup effects in reactions with weakly bound nuclei and advancing of the quantum transport theory for central reactions.</AbstractNarration>
    <MinAmdLetterDate>06/24/2008</MinAmdLetterDate>
    <MaxAmdLetterDate>05/17/2010</MaxAmdLetterDate>
    <ARRAAmount/>
    <AwardID>0800026</AwardID>
    <Investigator>
      <FirstName>Pawel</FirstName>
      <LastName>Danielewicz</LastName>
      <EmailAddress>danielewicz@nscl.msu.edu</EmailAddress>
      <StartDate>06/24/2008</StartDate>
      <EndDate/>
      <RoleCode>Principal Investigator</RoleCode>
    </Investigator>
    <Investigator>
      <FirstName>Filomena</FirstName>
      <LastName>Maciel Nunes</LastName>
      <EmailAddress>nunes@nscl.msu.edu</EmailAddress>
      <StartDate>06/24/2008</StartDate>
      <EndDate/>
      <RoleCode>Co-Principal Investigator</RoleCode>
    </Investigator>
    <Institution>
      <Name>Michigan State University</Name>
      <CityName>East Lansing</CityName>
      <ZipCode>488242600</ZipCode>
      <PhoneNumber>5173555040</PhoneNumber>
      <StreetAddress>Office of Sponsored Programs</StreetAddress>
      <CountryName>United States</CountryName>
      <StateName>Michigan</StateName>
      <StateCode>MI</StateCode>
    </Institution>
    <FoaInformation>
      <Code>0000099</Code>
      <Name>Other Applications NEC</Name>
    </FoaInformation>
  </Award>
</rootTag>
