<?xml version="1.0" encoding="UTF-8"?>

<rootTag>
  <Award>
    <AwardTitle>Lamina Emergent Mechanisms</AwardTitle>
    <AwardEffectiveDate>07/01/2008</AwardEffectiveDate>
    <AwardExpirationDate>06/30/2012</AwardExpirationDate>
    <AwardAmount>282060</AwardAmount>
    <AwardInstrument>
      <Value>Standard Grant</Value>
    </AwardInstrument>
    <Organization>
      <Code>07030000</Code>
      <Directorate>
        <LongName>Directorate For Engineering</LongName>
      </Directorate>
      <Division>
        <LongName>Div Of Civil, Mechanical, &amp; Manufact Inn</LongName>
      </Division>
    </Organization>
    <ProgramOfficer>
      <SignBlockName>Paul Collopy</SignBlockName>
    </ProgramOfficer>
    <AbstractNarration>Lamina Emergent Mechanisms&lt;br/&gt;Howell and Magleby&lt;br/&gt;&lt;br/&gt;Abstract&lt;br/&gt;&lt;br/&gt;The research objective of this award is to develop methods for modeling and design of lamina emergent mechanisms (LEMs). These special types of compliant mechanisms are fabricated from planar materials (lamina) but are able to produce motion that emerges out of the fabrication plane. The research will result in methods which are general enough to apply across multiple size regimes and that can be exploited in diverse applications. The research approach progresses from the development of simple components and basic mechanisms, to the creation of devices capable of complex motions and sophisticated tasks. LEM components and basic mechanisms will be designed, fabricated, and tested to validate the models, identify weaknesses, and demonstrate results. Deliverables include a catalog of fundamental components and basic mechanisms, modeling and analysis tools, demonstration and validation via hardware, documentation of research results, engineering student education, and engineering research experiences for pre-service teachers.&lt;br/&gt;&lt;br/&gt;If successful, the results of this research will provide an opportunity to create compact, cost-effective devices that are capable of accomplishing sophisticated mechanical tasks. Example applications include orthopedic implants that have specified motion characteristics but are small during insertion, and microelectromechanical systems with precise out-of-plane motion. Devices made possible by the research will offer the advantages of planar fabrication, a flat initial state, and monolithic composition. The results will be widely disseminated to allow the creation of commercial devices that have increased precision, reduced cost, reduced weight, and improved recyclability. Graduate and undergraduate engineering students and pre-service teachers will be involved in the research. Students studying to be 6-12 technology and pre-engineering teachers will also be engaged to provide them firsthand research experience that they can draw on throughout their teaching careers.</AbstractNarration>
    <MinAmdLetterDate>02/19/2008</MinAmdLetterDate>
    <MaxAmdLetterDate>10/29/2008</MaxAmdLetterDate>
    <ARRAAmount/>
    <AwardID>0800606</AwardID>
    <Investigator>
      <FirstName>Spencer</FirstName>
      <LastName>Magleby</LastName>
      <EmailAddress>magleby@byu.edu</EmailAddress>
      <StartDate>02/19/2008</StartDate>
      <EndDate/>
      <RoleCode>Co-Principal Investigator</RoleCode>
    </Investigator>
    <Investigator>
      <FirstName>Larry</FirstName>
      <LastName>Howell</LastName>
      <EmailAddress>lhowell@et.byu.edu</EmailAddress>
      <StartDate>02/19/2008</StartDate>
      <EndDate/>
      <RoleCode>Principal Investigator</RoleCode>
    </Investigator>
    <Institution>
      <Name>Brigham Young University</Name>
      <CityName>Provo</CityName>
      <ZipCode>846021231</ZipCode>
      <PhoneNumber>8014226177</PhoneNumber>
      <StreetAddress>A-285 ASB</StreetAddress>
      <CountryName>United States</CountryName>
      <StateName>Utah</StateName>
      <StateCode>UT</StateCode>
    </Institution>
    <FoaInformation>
      <Code>0308000</Code>
      <Name>Industrial Technology</Name>
    </FoaInformation>
  </Award>
</rootTag>
