<?xml version="1.0" encoding="UTF-8"?>

<rootTag>
  <Award>
    <AwardTitle>Understanding Corrosion and Diffusion Behavior in Metal Particle Polymer Composites for Corrosion Sensing</AwardTitle>
    <AwardEffectiveDate>04/15/2008</AwardEffectiveDate>
    <AwardExpirationDate>03/31/2012</AwardExpirationDate>
    <AwardAmount>265269</AwardAmount>
    <AwardInstrument>
      <Value>Standard Grant</Value>
    </AwardInstrument>
    <Organization>
      <Code>07030000</Code>
      <Directorate>
        <LongName>Directorate For Engineering</LongName>
      </Directorate>
      <Division>
        <LongName>Div Of Civil, Mechanical, &amp; Manufact Inn</LongName>
      </Division>
    </Organization>
    <ProgramOfficer>
      <SignBlockName>George A. Hazelrigg</SignBlockName>
    </ProgramOfficer>
    <AbstractNarration>This research focuses on the fundamental processes of corrosion and multi-phase diffusion in metal particle polymer composites with functionalized nano behavior. The knowledge attained by this research will enable a new type of MEMS-based corrosion sensor technology that is small-size, tailorable and smart, ultimately allowing the US to better focus financial investments earmarked for infrastructure repair. Experiments will be carried out to (i) understand the fundamental issues associated with the fabrication of polymers with micro- and nano-particle inclusions and (ii) study material performance in simulated corrosive environments. Atomistic simulation is used to study the nanoscale details of diffusion and corrosion in particle polymer composites. The proposed simulations will provide a detailed understanding of the role of the inclusions on the structure of the polymer chains in the matrix and on the transport of corrosive molecules through the composite. Fundamental aspects of diffusion and particle reactions in the composites studied in this work potentially have broad applicability to other sensing technologies. This project will integrate the NSF REU site in the Department of Mechanical Engineering, NSF DUE site for Robert Noyce Scholarships Program, and George Washington Carver program at the University of Arkansas to recruit underrepresented students and interface with STEM K-12 teachers in high-need areas.</AbstractNarration>
    <MinAmdLetterDate>04/11/2008</MinAmdLetterDate>
    <MaxAmdLetterDate>02/14/2011</MaxAmdLetterDate>
    <ARRAAmount/>
    <AwardID>0800718</AwardID>
    <Investigator>
      <FirstName>Douglas</FirstName>
      <LastName>Spearot</LastName>
      <EmailAddress>dspearot@ufl.edu</EmailAddress>
      <StartDate>04/11/2008</StartDate>
      <EndDate/>
      <RoleCode>Co-Principal Investigator</RoleCode>
    </Investigator>
    <Investigator>
      <FirstName>Po-Hao</FirstName>
      <LastName>Huang</LastName>
      <EmailAddress>phuang@uark.edu</EmailAddress>
      <StartDate>04/11/2008</StartDate>
      <EndDate/>
      <RoleCode>Principal Investigator</RoleCode>
    </Investigator>
    <Institution>
      <Name>University of Arkansas</Name>
      <CityName>FAYETTEVILLE</CityName>
      <ZipCode>727011201</ZipCode>
      <PhoneNumber>4795753845</PhoneNumber>
      <StreetAddress>210 Administration Building</StreetAddress>
      <CountryName>United States</CountryName>
      <StateName>Arkansas</StateName>
      <StateCode>AR</StateCode>
    </Institution>
    <ProgramElement>
      <Code>1639</Code>
      <Text>SENSORS AND SENSING SYSTEMS</Text>
    </ProgramElement>
    <ProgramElement>
      <Code>1771</Code>
      <Text>METAL &amp; METALLIC NANOSTRUCTURE</Text>
    </ProgramElement>
    <ProgramElement>
      <Code>7237</Code>
      <Text>NANO NON-SOLIC SCI &amp; ENG AWD</Text>
    </ProgramElement>
    <ProgramReference>
      <Code>032E</Code>
      <Text>SENSORS AND ACTUATORS</Text>
    </ProgramReference>
    <ProgramReference>
      <Code>036E</Code>
      <Text>CIVIL INFRASTRUCTURE</Text>
    </ProgramReference>
    <ProgramReference>
      <Code>1057</Code>
      <Text>CIS BASE RESEARCH</Text>
    </ProgramReference>
    <ProgramReference>
      <Code>1059</Code>
      <Text>SENSORS AND SENSOR SYSTEMS FOR CIS</Text>
    </ProgramReference>
    <ProgramReference>
      <Code>7234</Code>
      <Text>SENSORS NON-SOLICITATION RESEA</Text>
    </ProgramReference>
    <ProgramReference>
      <Code>9150</Code>
      <Text>EXP PROG TO STIM COMP RES</Text>
    </ProgramReference>
    <ProgramReference>
      <Code>CVIS</Code>
      <Text>CIVIL INFRASTRUCTURE</Text>
    </ProgramReference>
    <ProgramReference>
      <Code>9161</Code>
      <Text>SINGLE DIVISION/UNIVERSITY</Text>
    </ProgramReference>
    <ProgramReference>
      <Code>AMPP</Code>
      <Text>ADVANCED MATERIALS &amp; PROCESSING PROGRAM</Text>
    </ProgramReference>
    <ProgramReference>
      <Code>033E</Code>
      <Text>Smart and responsive structures</Text>
    </ProgramReference>
    <ProgramReference>
      <Code>099E</Code>
      <Text>High voltage switching &amp; conversion</Text>
    </ProgramReference>
    <ProgramReference>
      <Code>116E</Code>
      <Text>RESEARCH EXP FOR UNDERGRADS</Text>
    </ProgramReference>
    <ProgramReference>
      <Code>9178</Code>
      <Text>UNDERGRADUATE EDUCATION</Text>
    </ProgramReference>
    <ProgramReference>
      <Code>9231</Code>
      <Text>SUPPL FOR UNDERGRAD RES ASSIST</Text>
    </ProgramReference>
    <ProgramReference>
      <Code>9251</Code>
      <Text>RES EXPER FOR UNDERGRAD-SUPPLT</Text>
    </ProgramReference>
  </Award>
</rootTag>
