<?xml version="1.0" encoding="UTF-8"?>

<rootTag>
  <Award>
    <AwardTitle>NSF IGERT Program in Multidisciplinary Approaches to Sustainable Bioenergy</AwardTitle>
    <AwardEffectiveDate>07/15/2008</AwardEffectiveDate>
    <AwardExpirationDate>06/30/2015</AwardExpirationDate>
    <AwardAmount>2935043</AwardAmount>
    <AwardInstrument>
      <Value>Continuing grant</Value>
    </AwardInstrument>
    <Organization>
      <Code>11010103</Code>
      <Directorate>
        <LongName>Direct For Education and Human Resources</LongName>
      </Directorate>
      <Division>
        <LongName>Division Of Graduate Education</LongName>
      </Division>
    </Organization>
    <ProgramOfficer>
      <SignBlockName>Richard Tankersley</SignBlockName>
    </ProgramOfficer>
    <AbstractNarration>Demand for fuel is increasing, while petroleum production levels are near their peak and there is a growing awareness of the problem of greenhouse gas generation. Alternative, renewable, and sustainable energy sources will be needed to meet future energy demands. Biofuels, produced from plant-based materials, are an attractive option. However, the biofuels industry must be developed in an integrated manner so that the goals of economic, environmental, and sociological sustainability are achieved. This will require a new generation of scientists and engineers who understand the entire spectrum of biorefining technology and also appreciate the ecological, economic, and social impacts of their technological decisions. Similarly, economists with exposure to the technological aspects of the biorefining industry will be better poised to develop accurate policies. Such interdisciplinary training does not currently exist. This Integrative Graduate Education and Research Training (IGERT) award supports the development of the Integrated Graduate Education in Biorefining and Biofuels program, which will prepare PhD graduates to have a comprehensive perspective on the biofuels industry. Four focus areas define this integrated and comprehensive training: crop sciences and plant biotechnology; biomass conversions; product engineering; and economic and environmental assessment. This program incorporates cross-disciplinary teamwork, coursework in multiple disciplines, and research projects that span focus areas. The program will work to increase the numbers underrepresented students receiving doctoral degrees in science, technology, and engineering, and will include a collaboration with Colorado State-Pueblo. Graduates of this IGERT program will be uniquely prepared to have high-impact careers and to contribute to the biofuels industry. IGERT is an NSF-wide program intended to meet the challenges of educating U.S. Ph.D. scientists and engineers with the interdisciplinary background, deep knowledge in a chosen discipline, and the technical, professional, and personal skills needed for the career demands of the future. The program is intended to catalyze a cultural change in graduate education by establishing innovative new models for graduate education and training in a fertile environment for collaborative research that transcends traditional disciplinary boundaries.</AbstractNarration>
    <MinAmdLetterDate>07/13/2008</MinAmdLetterDate>
    <MaxAmdLetterDate>07/11/2012</MaxAmdLetterDate>
    <ARRAAmount/>
    <AwardID>0801707</AwardID>
    <Investigator>
      <FirstName>Jan</FirstName>
      <LastName>Leach</LastName>
      <EmailAddress>jan.leach@colostate.edu</EmailAddress>
      <StartDate>07/13/2008</StartDate>
      <EndDate/>
      <RoleCode>Co-Principal Investigator</RoleCode>
    </Investigator>
    <Investigator>
      <FirstName>Daniel</FirstName>
      <LastName>Bush</LastName>
      <EmailAddress>dbush@colostate.edu</EmailAddress>
      <StartDate>07/13/2008</StartDate>
      <EndDate/>
      <RoleCode>Co-Principal Investigator</RoleCode>
    </Investigator>
    <Investigator>
      <FirstName>Kenneth</FirstName>
      <LastName>Reardon</LastName>
      <EmailAddress>reardon@engr.colostate.edu</EmailAddress>
      <StartDate>07/13/2008</StartDate>
      <EndDate/>
      <RoleCode>Principal Investigator</RoleCode>
    </Investigator>
    <Investigator>
      <FirstName>Keith</FirstName>
      <LastName>Paustian</LastName>
      <EmailAddress>keithp@nrel.colostate.edu</EmailAddress>
      <StartDate>07/13/2008</StartDate>
      <EndDate/>
      <RoleCode>Co-Principal Investigator</RoleCode>
    </Investigator>
    <Investigator>
      <FirstName>Yuko</FirstName>
      <LastName>Onozaka</LastName>
      <EmailAddress>Yuko.Onozaka@colostate.edu</EmailAddress>
      <StartDate>07/13/2008</StartDate>
      <EndDate/>
      <RoleCode>Co-Principal Investigator</RoleCode>
    </Investigator>
    <Institution>
      <Name>Colorado State University</Name>
      <CityName>Fort Collins</CityName>
      <ZipCode>805232002</ZipCode>
      <PhoneNumber>9704916355</PhoneNumber>
      <StreetAddress>601 S Howes St</StreetAddress>
      <CountryName>United States</CountryName>
      <StateName>Colorado</StateName>
      <StateCode>CO</StateCode>
    </Institution>
    <FoaInformation>
      <Code>0000099</Code>
      <Name>Other Applications NEC</Name>
    </FoaInformation>
    <FoaInformation>
      <Code>0116000</Code>
      <Name>Human Subjects</Name>
    </FoaInformation>
  </Award>
</rootTag>
