<?xml version="1.0" encoding="UTF-8"?>

<rootTag>
  <Award>
    <AwardTitle>Wind Energy Technology</AwardTitle>
    <AwardEffectiveDate>07/01/2008</AwardEffectiveDate>
    <AwardExpirationDate>06/30/2011</AwardExpirationDate>
    <AwardAmount>187920</AwardAmount>
    <AwardInstrument>
      <Value>Standard Grant</Value>
    </AwardInstrument>
    <Organization>
      <Code>11040100</Code>
      <Directorate>
        <LongName>Direct For Education and Human Resources</LongName>
      </Directorate>
      <Division>
        <LongName>Division Of Undergraduate Education</LongName>
      </Division>
    </Organization>
    <ProgramOfficer>
      <SignBlockName>David A. Hanych</SignBlockName>
    </ProgramOfficer>
    <AbstractNarration>Laramie County Community College, in consultation with Wyoming's Governor's Office, Wyoming's Business Council's State Energy Office, the National Renewable Energy Laboratory's Wind Technology Center, and Wyoming's wind farm industry, is designing and implementing a career pathway in wind energy technology that includes (1) a wind energy technician certificate program, (2) a wind energy mechanic diploma program, (3) a wind energy Associate of Science degree program, and (4) a summer bridge program for high school students. The project is also preparing and delivering informational presentations on wind energy technology for the public. The project addresses the paucity of wind energy technology educational programs in America and the growing workforce needs of the western region's expanding wind power industry.</AbstractNarration>
    <MinAmdLetterDate>06/02/2008</MinAmdLetterDate>
    <MaxAmdLetterDate>08/15/2009</MaxAmdLetterDate>
    <ARRAAmount/>
    <AwardID>0801212</AwardID>
    <Investigator>
      <FirstName>Terry</FirstName>
      <LastName>Cook</LastName>
      <EmailAddress>tcook@lccc.wy.edu</EmailAddress>
      <StartDate>06/02/2008</StartDate>
      <EndDate/>
      <RoleCode>Principal Investigator</RoleCode>
    </Investigator>
    <Investigator>
      <FirstName>Edward</FirstName>
      <LastName>Olson</LastName>
      <EmailAddress>eolson@lccc.wy.edu</EmailAddress>
      <StartDate>06/02/2008</StartDate>
      <EndDate/>
      <RoleCode>Co-Principal Investigator</RoleCode>
    </Investigator>
    <Institution>
      <Name>Laramie County Community College</Name>
      <CityName>Cheyenne</CityName>
      <ZipCode>820073204</ZipCode>
      <PhoneNumber>3077781245</PhoneNumber>
      <StreetAddress>1400 East College Drive</StreetAddress>
      <CountryName>United States</CountryName>
      <StateName>Wyoming</StateName>
      <StateCode>WY</StateCode>
    </Institution>
    <FoaInformation>
      <Code>0116000</Code>
      <Name>Human Subjects</Name>
    </FoaInformation>
  </Award>
</rootTag>
