<?xml version="1.0" encoding="UTF-8"?>

<rootTag>
  <Award>
    <AwardTitle>IGERT: Dynamics of behavioral shifts in human evolution: brains, bodies and ecology</AwardTitle>
    <AwardEffectiveDate>08/15/2008</AwardEffectiveDate>
    <AwardExpirationDate>07/31/2015</AwardExpirationDate>
    <AwardAmount>3199183</AwardAmount>
    <AwardInstrument>
      <Value>Continuing grant</Value>
    </AwardInstrument>
    <Organization>
      <Code>11010103</Code>
      <Directorate>
        <LongName>Direct For Education and Human Resources</LongName>
      </Directorate>
      <Division>
        <LongName>Division Of Graduate Education</LongName>
      </Division>
    </Organization>
    <ProgramOfficer>
      <SignBlockName>Richard Tankersley</SignBlockName>
    </ProgramOfficer>
    <AbstractNarration>This Integrative Graduate Education and Research Training (IGERT) award focuses on the evolution of the human brain, cognition, and related behavioral responses to environmental change. The program integrates cross-disciplinary research training in a unique mix of disciplines, namely archeology, biomechanics and engineering, cognitive science, comparative and experimental functional morphology, ecology, evolutionary and developmental biology, genetics, geochemistry, morphometrics, life history, molecular biology, neuroscience, and paleoclimatology. Innovative educational and training aspects include an emphasis on collaboration via group problem-based learning approaches, required laboratory rotations in two different disciplines, and seminars in ethics and professional conduct. The program combines George Washington University?s PhD program in Hominid Paleobiology with the Howard University PhD in Physiology and Biophysics, together with faculty from the Smithsonian Institution and Johns Hopkins University?s Center for Functional Anatomy and Evolution, The collaboration with Howard University (an HBCU) and existing and planned internship programs for undergraduates will increase the recruitment of underrepresented minorities. Outreach activities include a required internship in the public understanding of science, in conjunction with area institutions such as the National Geographic Society, USA Today, NPR, the National Academy of Sciences, American Anthropological Association, local schools and others. The program offers research-training opportunities at major international institutions in Europe (e.g., Max Planck Institut für evolutionäre Anthropologie (MPIEA); Swedish Museum of Natural History; Università degli Studi di Firenze?s Laboratori di Antropologia; University of Bordeaux), China and Africa. IGERT is an NSF-wide program intended to meet the challenges of educating U.S. Ph.D. scientists and engineers with the interdisciplinary background, deep knowledge in a chosen discipline, and the technical, professional, and personal skills needed for the career demands of the future. The program is intended to catalyze a cultural change in graduate education by establishing innovative new models for graduate education and training in a fertile environment for collaborative research that transcends traditional disciplinary boundaries.</AbstractNarration>
    <MinAmdLetterDate>08/12/2008</MinAmdLetterDate>
    <MaxAmdLetterDate>07/05/2012</MaxAmdLetterDate>
    <ARRAAmount/>
    <AwardID>0801634</AwardID>
    <Investigator>
      <FirstName>Chet</FirstName>
      <LastName>Sherwood</LastName>
      <EmailAddress>sherwood@gwu.edu</EmailAddress>
      <StartDate>08/12/2008</StartDate>
      <EndDate/>
      <RoleCode>Co-Principal Investigator</RoleCode>
    </Investigator>
    <Investigator>
      <FirstName>Peter</FirstName>
      <LastName>Lucas</LastName>
      <EmailAddress>pwlucas@gwu.edu</EmailAddress>
      <StartDate>08/12/2008</StartDate>
      <EndDate/>
      <RoleCode>Co-Principal Investigator</RoleCode>
    </Investigator>
    <Investigator>
      <FirstName>Alison</FirstName>
      <LastName>Brooks</LastName>
      <EmailAddress>abrooks@gwu.edu</EmailAddress>
      <StartDate>08/12/2008</StartDate>
      <EndDate/>
      <RoleCode>Co-Principal Investigator</RoleCode>
    </Investigator>
    <Investigator>
      <FirstName>Werner</FirstName>
      <LastName>Graf</LastName>
      <EmailAddress>wgraf@howard.edu</EmailAddress>
      <StartDate>08/12/2008</StartDate>
      <EndDate/>
      <RoleCode>Co-Principal Investigator</RoleCode>
    </Investigator>
    <Investigator>
      <FirstName>Bernard</FirstName>
      <LastName>Wood</LastName>
      <EmailAddress>bernardawood@gmail.com</EmailAddress>
      <StartDate>08/12/2008</StartDate>
      <EndDate/>
      <RoleCode>Principal Investigator</RoleCode>
    </Investigator>
    <Institution>
      <Name>George Washington University</Name>
      <CityName>Washington</CityName>
      <ZipCode>200522000</ZipCode>
      <PhoneNumber>2029946255</PhoneNumber>
      <StreetAddress>2121 Eye Street NW</StreetAddress>
      <CountryName>United States</CountryName>
      <StateName>District of Columbia</StateName>
      <StateCode>DC</StateCode>
    </Institution>
    <FoaInformation>
      <Code>0000099</Code>
      <Name>Other Applications NEC</Name>
    </FoaInformation>
    <FoaInformation>
      <Code>0116000</Code>
      <Name>Human Subjects</Name>
    </FoaInformation>
    <ProgramElement>
      <Code>1335</Code>
      <Text>IGERT FULL PROPOSALS</Text>
    </ProgramElement>
    <ProgramReference>
      <Code>1335</Code>
      <Text>IGERT FULL PROPOSALS</Text>
    </ProgramReference>
    <ProgramReference>
      <Code>9179</Code>
      <Text>GRADUATE INVOLVEMENT</Text>
    </ProgramReference>
    <ProgramReference>
      <Code>SMET</Code>
      <Text>SCIENCE, MATH, ENG &amp; TECH EDUCATION</Text>
    </ProgramReference>
  </Award>
</rootTag>
