<?xml version="1.0" encoding="UTF-8"?>

<rootTag>
  <Award>
    <AwardTitle>Seismic and Geodetic Response to the 2007 Natron-Lengai Seismo-Magmatic Crisis, East African Rift, Tanzania</AwardTitle>
    <AwardEffectiveDate>11/15/2007</AwardEffectiveDate>
    <AwardExpirationDate>10/31/2008</AwardExpirationDate>
    <AwardAmount>20000</AwardAmount>
    <AwardInstrument>
      <Value>Standard Grant</Value>
    </AwardInstrument>
    <Organization>
      <Code>06030204</Code>
      <Directorate>
        <LongName>Directorate For Geosciences</LongName>
      </Directorate>
      <Division>
        <LongName>Division Of Earth Sciences</LongName>
      </Division>
    </Organization>
    <ProgramOfficer>
      <SignBlockName>Benjamin R. Phillips</SignBlockName>
    </ProgramOfficer>
    <AbstractNarration>The African continent is slowly breaking up along the East African Rift. While the landforms that define this rift are clear, the actual mechanisms of rifting and the role of magmatism in this have been unclear. Recently, a series of low frequency earthquakes (tremor), active volcanism, and ground deformation, show that magma is intruding into one portion of the East African Rift. This allows for an unusual opportunity to study the processes that lead to continental breakup. This proposal is a Small Grant for Exploratory Research, to augment existing seismic and GPS arrays to collect data that will give insight into the nature of rifting and the role of magmatism in the process. Broader impacts include international collaboration and training of local students in Tanzania, training of graduate students, and hazard mitigation in a developing country.</AbstractNarration>
    <MinAmdLetterDate>10/26/2007</MinAmdLetterDate>
    <MaxAmdLetterDate>10/26/2007</MaxAmdLetterDate>
    <ARRAAmount/>
    <AwardID>0801801</AwardID>
    <Investigator>
      <FirstName>Eric</FirstName>
      <LastName>Calais</LastName>
      <EmailAddress>ecalais@purdue.edu</EmailAddress>
      <StartDate>10/26/2007</StartDate>
      <EndDate/>
      <RoleCode>Co-Principal Investigator</RoleCode>
    </Investigator>
    <Investigator>
      <FirstName>Cynthia</FirstName>
      <LastName>Ebinger</LastName>
      <EmailAddress>cebinger@tulane.edu</EmailAddress>
      <StartDate>10/26/2007</StartDate>
      <EndDate/>
      <RoleCode>Principal Investigator</RoleCode>
    </Investigator>
    <Institution>
      <Name>University of Rochester</Name>
      <CityName>Rochester</CityName>
      <ZipCode>146270140</ZipCode>
      <PhoneNumber>5852754031</PhoneNumber>
      <StreetAddress>518 HYLAN, RC BOX 270140</StreetAddress>
      <CountryName>United States</CountryName>
      <StateName>New York</StateName>
      <StateCode>NY</StateCode>
    </Institution>
    <FoaInformation>
      <Code>0000099</Code>
      <Name>Other Applications NEC</Name>
    </FoaInformation>
    <ProgramElement>
      <Code>1574</Code>
      <Text>GEOPHYSICS</Text>
    </ProgramElement>
    <ProgramReference>
      <Code>0000</Code>
      <Text>UNASSIGNED</Text>
    </ProgramReference>
    <ProgramReference>
      <Code>9237</Code>
      <Text>SMALL GRANTS-EXPLORATORY RSRCH</Text>
    </ProgramReference>
    <ProgramReference>
      <Code>OTHR</Code>
      <Text>OTHER RESEARCH OR EDUCATION</Text>
    </ProgramReference>
  </Award>
</rootTag>
