<?xml version="1.0" encoding="UTF-8"?>

<rootTag>
  <Award>
    <AwardTitle>BYU Site for CHREC I/UCRC</AwardTitle>
    <AwardEffectiveDate>02/01/2008</AwardEffectiveDate>
    <AwardExpirationDate>01/31/2016</AwardExpirationDate>
    <AwardAmount>615124</AwardAmount>
    <AwardInstrument>
      <Value>Continuing grant</Value>
    </AwardInstrument>
    <Organization>
      <Code>05050000</Code>
      <Directorate>
        <LongName>Direct For Computer &amp; Info Scie &amp; Enginr</LongName>
      </Directorate>
      <Division>
        <LongName>Division Of Computer and Network Systems</LongName>
      </Division>
    </Organization>
    <ProgramOfficer>
      <SignBlockName>Thyagarajan Nandagopal</SignBlockName>
    </ProgramOfficer>
    <AbstractNarration>This award establishes Brigham Young University (BYU) as a research site of the Industry/University Collaborative Research Center (IUCRC) for High-Performance Reconfigurable Computing. Other sites of this collaborative research center include the University of Florida (2007) and George Washington University (2007). Reconfigurable computing (RC) technology can be divided into two areas of use: High Performance Computing (HPC) and High Performance Embedded Computing (HPEC). RC technology is used in the field of HPC to accelerate demanding computations that would otherwise be performed in software on a large-scale computing system. RC technology is used in HPEC to create high-performance embedded computing solutions in areas such as signal and image processing, real-time vision, cryptography, and network processing. The mission of this center is to investigate, develop, and evaluate new concepts, methods, infrastructure, and tools in reconfigurable HPC and HPEC, from building-block devices to infrastructure to applications, and advance these technologies through research and education for the benefit of center members, students, and the discipline at large. The research BYU will address; 1) Novel Core Architectures and Related Components for Aerospace &amp; Defense Applications, 2) Application Mapping of HPC Codes to High-Performance Reconfigurable Computing Systems, 3) Profiling, Analysis, &amp; Performance Optimization for Reconfigurable Computing Applications, 4) Middleware, Interfaces, &amp; other Infrastructure for High-Performance Reconfigurable Computers. &lt;br/&gt;&lt;br/&gt;The Center for High-Performance Reconfigurable Computing should significantly enhance the U.S. effort to maintain a strong leadership position within their area of information technology. It may also serve to bring industry and users together to define common standards. Industry members, researchers and students will gain from the interactions throughout the life of the research center. This should be a rewarding experience for all as the university has a detailed plan to achieve diversity in working with several minority institutions. Advances in RC affect virtually all disciplines of science and engineering which require high-performance computing, be it mainframe-oriented or embedded. RC technology promises to produce computing systems combining the flexibility of software-programmable computations with the computational power of custom hardware.</AbstractNarration>
    <MinAmdLetterDate>01/30/2008</MinAmdLetterDate>
    <MaxAmdLetterDate>09/08/2013</MaxAmdLetterDate>
    <ARRAAmount/>
    <AwardID>0801876</AwardID>
    <Investigator>
      <FirstName>Michael</FirstName>
      <LastName>Rice</LastName>
      <EmailAddress>mdr@byu.edu</EmailAddress>
      <StartDate>01/30/2008</StartDate>
      <EndDate/>
      <RoleCode>Co-Principal Investigator</RoleCode>
    </Investigator>
    <Investigator>
      <FirstName>Brent</FirstName>
      <LastName>Nelson</LastName>
      <EmailAddress>nelson@ee.byu.edu</EmailAddress>
      <StartDate>01/30/2008</StartDate>
      <EndDate/>
      <RoleCode>Principal Investigator</RoleCode>
    </Investigator>
    <Investigator>
      <FirstName>Michael</FirstName>
      <LastName>Wirthlin</LastName>
      <EmailAddress>wirthlin@byu.edu</EmailAddress>
      <StartDate>01/30/2008</StartDate>
      <EndDate/>
      <RoleCode>Co-Principal Investigator</RoleCode>
    </Investigator>
    <Investigator>
      <FirstName>Brad</FirstName>
      <LastName>Hutchings</LastName>
      <EmailAddress>hutch@ee.byu.edu</EmailAddress>
      <StartDate>01/30/2008</StartDate>
      <EndDate/>
      <RoleCode>Co-Principal Investigator</RoleCode>
    </Investigator>
    <Institution>
      <Name>Brigham Young University</Name>
      <CityName>Provo</CityName>
      <ZipCode>846021231</ZipCode>
      <PhoneNumber>8014226177</PhoneNumber>
      <StreetAddress>A-285 ASB</StreetAddress>
      <CountryName>United States</CountryName>
      <StateName>Utah</StateName>
      <StateCode>UT</StateCode>
    </Institution>
    <FoaInformation>
      <Code>0400000</Code>
      <Name>Industry University - Co-op</Name>
    </FoaInformation>
    <ProgramElement>
      <Code>5761</Code>
      <Text>INDUSTRY/UNIV COOP RES CENTERS</Text>
    </ProgramElement>
    <ProgramElement>
      <Code>H136</Code>
      <Text/>
    </ProgramElement>
    <ProgramElement>
      <Code>J170</Code>
      <Text/>
    </ProgramElement>
    <ProgramElement>
      <Code>K521</Code>
      <Text/>
    </ProgramElement>
    <ProgramElement>
      <Code>L101</Code>
      <Text/>
    </ProgramElement>
    <ProgramElement>
      <Code>L103</Code>
      <Text/>
    </ProgramElement>
    <ProgramElement>
      <Code>M109</Code>
      <Text/>
    </ProgramElement>
    <ProgramElement>
      <Code>M594</Code>
      <Text/>
    </ProgramElement>
    <ProgramReference>
      <Code>0000</Code>
      <Text>UNASSIGNED</Text>
    </ProgramReference>
    <ProgramReference>
      <Code>1049</Code>
      <Text>INDUSTRY-UNIV COOPERATIVE RSCH PROJECTS</Text>
    </ProgramReference>
    <ProgramReference>
      <Code>122E</Code>
      <Text>CENTERS: OTHER INDUSTRY-UNIV</Text>
    </ProgramReference>
    <ProgramReference>
      <Code>OTHR</Code>
      <Text>OTHER RESEARCH OR EDUCATION</Text>
    </ProgramReference>
    <ProgramReference>
      <Code>5761</Code>
      <Text>INDUSTRY/UNIV COOP RES CENTERS</Text>
    </ProgramReference>
    <ProgramReference>
      <Code>116E</Code>
      <Text>RESEARCH EXP FOR UNDERGRADS</Text>
    </ProgramReference>
    <ProgramReference>
      <Code>9178</Code>
      <Text>UNDERGRADUATE EDUCATION</Text>
    </ProgramReference>
    <ProgramReference>
      <Code>9251</Code>
      <Text>RES EXPER FOR UNDERGRAD-SUPPLT</Text>
    </ProgramReference>
    <ProgramReference>
      <Code>SMET</Code>
      <Text>SCIENCE, MATH, ENG &amp; TECH EDUCATION</Text>
    </ProgramReference>
    <ProgramReference>
      <Code>9215</Code>
      <Text>HIGH PERFORMANCE COMPUTING SYSTEMS</Text>
    </ProgramReference>
    <ProgramReference>
      <Code>HPCC</Code>
      <Text>HIGH PERFORMANCE COMPUTING &amp; COMM</Text>
    </ProgramReference>
    <ProgramReference>
      <Code>170E</Code>
      <Text>Interagency Agreements</Text>
    </ProgramReference>
    <ProgramReference>
      <Code>8039</Code>
      <Text>Information, Communication &amp; Computing</Text>
    </ProgramReference>
    <ProgramReference>
      <Code>7609</Code>
      <Text>IUCRC FUNDAMENTAL RESEARCH</Text>
    </ProgramReference>
    <ProgramReference>
      <Code>9102</Code>
      <Text>WOMEN, MINORITY, DISABLED, NEC</Text>
    </ProgramReference>
    <ProgramReference>
      <Code>8036</Code>
      <Text>Advanced Electronics</Text>
    </ProgramReference>
  </Award>
</rootTag>
