<?xml version="1.0" encoding="UTF-8"?>

<rootTag>
  <Award>
    <AwardTitle>RUI: Microbial Processes Facilitating Xylophagy in a Loricariid</AwardTitle>
    <AwardEffectiveDate>10/01/2009</AwardEffectiveDate>
    <AwardExpirationDate>09/30/2013</AwardExpirationDate>
    <AwardAmount>312378</AwardAmount>
    <AwardInstrument>
      <Value>Standard Grant</Value>
    </AwardInstrument>
    <Organization>
      <Code>08040000</Code>
      <Directorate>
        <LongName>Direct For Biological Sciences</LongName>
      </Directorate>
      <Division>
        <LongName>Emerging Frontiers</LongName>
      </Division>
    </Organization>
    <ProgramOfficer>
      <SignBlockName>Matthew Kane</SignBlockName>
    </ProgramOfficer>
    <AbstractNarration>This project focuses on a fascinating group of fish - armored catfish, from the genus Panaque, which include members that are capable of surviving and obtaining energy by eating wood. Wood eating, or xylophagy, is a rare dietary strategy and often involves a complex intestinal tract microbial community. A major goal of this project is to identify the microbial communities present in the gastrointestinal (GI) tract of the wood eating Panaque nigrolineatus and examine the mechanisms used for cellulose decomposition and nitrogen fixation that enable this xylophagous lifestyle. A long-term dietary experiment will be performed to compare the microbial communities in fish fed an herbaceous diet to those fed a wood-only diet. DNA sequencing and other molecular methods will allow the description of microbial communities in fish subjected to different dietary regimes and furthermore, compare microbial communities in different regions of the fish GI tract, pinpointing key areas involved in cellulose breakdown. Nitrogen fixation will also be examined by isolating genes involved in this vital global process, and by culturing nitrogen fixing microorganisms associated with the Panaque GI tract. Broader scientific implications of this project include enhancing our knowledge of cellulolytic and nitrogen fixation gene diversity and the importance of the microbial community within xylophagous fish. Cellulose is the most abundant carbon polymer in the biosphere, yet, few degradation pathways have been characterized. As cellulose is an important compound in the global carbon cycle and a potential source for biomass fuel generation, gaining a better better understanding of its degradation in the environment is critical. Furthermore, discovery of novel pathways may have critical implications for biofuel production and the global carbon and nitrogen cycles. Educational impacts include the training of graduate and undergraduate students during this research project. An outreach activity with a Baltimore City elementary school is planned, enabling a hands-on opportunity for children in grades 3-8 with the goal of promoting science as a career choice for these children.</AbstractNarration>
    <MinAmdLetterDate>08/07/2009</MinAmdLetterDate>
    <MaxAmdLetterDate>09/09/2010</MaxAmdLetterDate>
    <ARRAAmount/>
    <AwardID>0801830</AwardID>
    <Investigator>
      <FirstName>Joy</FirstName>
      <LastName>Watts</LastName>
      <EmailAddress>jwatts@towson.edu</EmailAddress>
      <StartDate>08/07/2009</StartDate>
      <EndDate>09/09/2010</EndDate>
      <RoleCode>Former Principal Investigator</RoleCode>
    </Investigator>
    <Investigator>
      <FirstName>Jay</FirstName>
      <LastName>Nelson</LastName>
      <EmailAddress>jnelson@towson.edu</EmailAddress>
      <StartDate>09/09/2010</StartDate>
      <EndDate/>
      <RoleCode>Principal Investigator</RoleCode>
    </Investigator>
    <Investigator>
      <FirstName>Harold</FirstName>
      <LastName>Schreier</LastName>
      <EmailAddress>schreier@umbc.edu</EmailAddress>
      <StartDate>08/07/2009</StartDate>
      <EndDate/>
      <RoleCode>Co-Principal Investigator</RoleCode>
    </Investigator>
    <Investigator>
      <FirstName>Jay</FirstName>
      <LastName>Nelson</LastName>
      <EmailAddress>jnelson@towson.edu</EmailAddress>
      <StartDate>08/07/2009</StartDate>
      <EndDate>09/09/2010</EndDate>
      <RoleCode>Former Co-Principal Investigator</RoleCode>
    </Investigator>
    <Institution>
      <Name>Towson University</Name>
      <CityName>Towson</CityName>
      <ZipCode>212520001</ZipCode>
      <PhoneNumber>4107042236</PhoneNumber>
      <StreetAddress>8000 York Road</StreetAddress>
      <CountryName>United States</CountryName>
      <StateName>Maryland</StateName>
      <StateCode>MD</StateCode>
    </Institution>
    <FoaInformation>
      <Code>0000099</Code>
      <Name>Other Applications NEC</Name>
    </FoaInformation>
    <ProgramElement>
      <Code>1171</Code>
      <Text>PHYLOGENETIC SYSTEMATICS</Text>
    </ProgramElement>
    <ProgramElement>
      <Code>1181</Code>
      <Text>ECOSYSTEM STUDIES</Text>
    </ProgramElement>
    <ProgramElement>
      <Code>1182</Code>
      <Text>POP &amp; COMMUNITY ECOL PROG</Text>
    </ProgramElement>
    <ProgramElement>
      <Code>7275</Code>
      <Text>CROSS-EF ACTIVITIES</Text>
    </ProgramElement>
    <ProgramElement>
      <Code>7656</Code>
      <Text>SYMBIOSIS DEF &amp; SELF RECOG</Text>
    </ProgramElement>
    <ProgramReference>
      <Code>1089</Code>
      <Text>MICRO OBS &amp; MICRO INTER &amp; PRO</Text>
    </ProgramReference>
    <ProgramReference>
      <Code>6864</Code>
      <Text>MICROBIAL SYS IN BIOSPHERE</Text>
    </ProgramReference>
    <ProgramReference>
      <Code>9104</Code>
      <Text>ENVIRONMENTAL BIOTECHNOLOGY</Text>
    </ProgramReference>
    <ProgramReference>
      <Code>9178</Code>
      <Text>UNDERGRADUATE EDUCATION</Text>
    </ProgramReference>
    <ProgramReference>
      <Code>9179</Code>
      <Text>GRADUATE INVOLVEMENT</Text>
    </ProgramReference>
    <ProgramReference>
      <Code>9183</Code>
      <Text>GENERAL FOUNDATIONS OF BIOTECHNOLOGY</Text>
    </ProgramReference>
    <ProgramReference>
      <Code>9229</Code>
      <Text>RES IN UNDERGRAD INST-RESEARCH</Text>
    </ProgramReference>
    <ProgramReference>
      <Code>BIOT</Code>
      <Text>BIOTECHNOLOGY</Text>
    </ProgramReference>
    <ProgramReference>
      <Code>EGCH</Code>
      <Text>ENVIRONMENT AND GLOBAL CHANGE</Text>
    </ProgramReference>
  </Award>
</rootTag>
