<?xml version="1.0" encoding="UTF-8"?>

<rootTag>
  <Award>
    <AwardTitle>Planar gated organic photovoltaic device</AwardTitle>
    <AwardEffectiveDate>06/01/2008</AwardEffectiveDate>
    <AwardExpirationDate>05/31/2012</AwardExpirationDate>
    <AwardAmount>300000</AwardAmount>
    <AwardInstrument>
      <Value>Standard Grant</Value>
    </AwardInstrument>
    <Organization>
      <Code>07010000</Code>
      <Directorate>
        <LongName>Directorate For Engineering</LongName>
      </Directorate>
      <Division>
        <LongName>Div Of Electrical, Commun &amp; Cyber Sys</LongName>
      </Division>
    </Organization>
    <ProgramOfficer>
      <SignBlockName>Anupama Kaul</SignBlockName>
    </ProgramOfficer>
    <AbstractNarration>Abstract&lt;br/&gt;ECCS-0801924&lt;br/&gt;S. Khondaker, University of Central Florida&lt;br/&gt;&lt;br/&gt;&lt;br/&gt;The objective of this research is to design, fabricate and characterize a novel planar gated organic photovoltaic device (OPV) with in-plane cathode and anode deposited from different metals. The approach is to (i) fabricate interdigitated electrode arrays by a combination of optical and electron beam lithography on a doped silicon substrate, (ii) deposit active layers of different thickness, and (iii) characterize device performance by photocurrent imaging, and room- and low temperature transport measurements.&lt;br/&gt;&lt;br/&gt;Intellectual Merit: A novel planar electrode OPV with integrated back gate will be fabricated. In contrast to existing OPV?s, this new device will (i) allow independent control of active layer thickness and electrode spacing, (ii) eliminate the need for transparent electrodes giving more flexibility in choice of materials, and (iii) allow in-situ field effect mobility measurements. Device properties will be correlated directly with the figures of merit of the device under investigation. This will lead to high efficiency OPVs by offering better charge mobility, enhanced charge transport and collection efficiency, and device manufacturing methods.&lt;br/&gt;&lt;br/&gt;Broader Impact: Successful demonstration of the planar gated OPV will have significant impact towards realization of high efficiency, low cost organic solar cells. For educational development and outreach the investigators propose: (i) training of female and minority students, high school students and teachers, (ii) development of a new graduate course on energy and nanoscience, and (iii) community outreach through internet, news letters, exhibitions at the Orlando Science Center, and Florida Solar Energy Center.</AbstractNarration>
    <MinAmdLetterDate>04/17/2008</MinAmdLetterDate>
    <MaxAmdLetterDate>04/17/2008</MaxAmdLetterDate>
    <ARRAAmount/>
    <AwardID>0801924</AwardID>
    <Investigator>
      <FirstName>Saiful</FirstName>
      <LastName>Khondaker</LastName>
      <EmailAddress>saiful@ucf.edu</EmailAddress>
      <StartDate>04/17/2008</StartDate>
      <EndDate/>
      <RoleCode>Principal Investigator</RoleCode>
    </Investigator>
    <Investigator>
      <FirstName>Andre</FirstName>
      <LastName>Gesquiere</LastName>
      <EmailAddress>andre@mail.ucf.edu</EmailAddress>
      <StartDate>04/17/2008</StartDate>
      <EndDate/>
      <RoleCode>Co-Principal Investigator</RoleCode>
    </Investigator>
    <Institution>
      <Name>University of Central Florida</Name>
      <CityName>ORLANDO</CityName>
      <ZipCode>328168005</ZipCode>
      <PhoneNumber>4078821168</PhoneNumber>
      <StreetAddress>4000 CNTRL FLORIDA BLVD</StreetAddress>
      <CountryName>United States</CountryName>
      <StateName>Florida</StateName>
      <StateCode>FL</StateCode>
    </Institution>
    <FoaInformation>
      <Code>0206000</Code>
      <Name>Telecommunications</Name>
    </FoaInformation>
    <ProgramElement>
      <Code>1517</Code>
      <Text>ELECT, PHOTONICS, &amp; MAG DEVICE</Text>
    </ProgramElement>
    <ProgramReference>
      <Code>0000</Code>
      <Text>UNASSIGNED</Text>
    </ProgramReference>
    <ProgramReference>
      <Code>100E</Code>
      <Text>Novel devices &amp; vacuum electronics</Text>
    </ProgramReference>
    <ProgramReference>
      <Code>103E</Code>
      <Text>Energy efficient electronics</Text>
    </ProgramReference>
    <ProgramReference>
      <Code>OTHR</Code>
      <Text>OTHER RESEARCH OR EDUCATION</Text>
    </ProgramReference>
  </Award>
</rootTag>
