<?xml version="1.0" encoding="UTF-8"?>

<rootTag>
  <Award>
    <AwardTitle>Dynamics of Capillary Force Actuators</AwardTitle>
    <AwardEffectiveDate>05/01/2008</AwardEffectiveDate>
    <AwardExpirationDate>04/30/2012</AwardExpirationDate>
    <AwardAmount>354000</AwardAmount>
    <AwardInstrument>
      <Value>Standard Grant</Value>
    </AwardInstrument>
    <Organization>
      <Code>07010000</Code>
      <Directorate>
        <LongName>Directorate For Engineering</LongName>
      </Directorate>
      <Division>
        <LongName>Div Of Electrical, Commun &amp; Cyber Sys</LongName>
      </Division>
    </Organization>
    <ProgramOfficer>
      <SignBlockName>Usha Varshney</SignBlockName>
    </ProgramOfficer>
    <AbstractNarration>Dynamics of Capillary Force Actuators&lt;br/&gt;&lt;br/&gt;Abstract&lt;br/&gt;The objective of this research is to investigate a fundamentally new and innovative technology for generating actuation forces in microelectromechanical systems. The approach is to exploit the change in capillary pressure of a liquid bridge when electrowetting occurs. Capillary force actuators are capable of delivering ten to one hundred times greater force than currently-favored technologies and have the potential to revolutionize the development of microsystems. In this research, instrumented capillary force actuators will be microfabricated, experimentally characterized, and compared to electrohydrodynamic models. &lt;br/&gt;&lt;br/&gt;Intellectual merit: This research will advance capillary force actuation technology along several fronts essential to its adoption in microelectromechanical applications. The understanding gained will result in accurate models of capillary force actuators that relate dynamic behavior to design choices. The experimental results obtained will confirm the dynamic models and provide demonstration of the potential of this technology for microelectromechanical systems. Finally, the fabrication and testing of several prototype devices will provide knowledge critical to the development of practical, manufacturable actuators. &lt;br/&gt;&lt;br/&gt;Broader impacts: The effort will provide both undergraduate and graduate students a highly interdisciplinary research opportunity, ideal for the development of broad fundamental knowledge and practical know-how. The undergraduate students will produce podcasts for outreach to underrepresented high school students that bring the research experience to life. Through the involvement of undergraduates from underrepresented groups, this effort will directly impact the training of a diverse engineering workforce. The effort will enable the development of new microdevices that were previously unachievable and result in products that benefit society.</AbstractNarration>
    <MinAmdLetterDate>04/07/2008</MinAmdLetterDate>
    <MaxAmdLetterDate>06/06/2010</MaxAmdLetterDate>
    <ARRAAmount/>
    <AwardID>0801908</AwardID>
    <Investigator>
      <FirstName>Michael</FirstName>
      <LastName>Reed</LastName>
      <EmailAddress>reed@virginia.edu</EmailAddress>
      <StartDate>04/07/2008</StartDate>
      <EndDate/>
      <RoleCode>Co-Principal Investigator</RoleCode>
    </Investigator>
    <Investigator>
      <FirstName>Hossein</FirstName>
      <LastName>Haj-Hariri</LastName>
      <EmailAddress>hh2b@virginia.edu</EmailAddress>
      <StartDate>04/07/2008</StartDate>
      <EndDate/>
      <RoleCode>Co-Principal Investigator</RoleCode>
    </Investigator>
    <Investigator>
      <FirstName>Carl</FirstName>
      <LastName>Knospe</LastName>
      <EmailAddress>crk4y@virginia.edu</EmailAddress>
      <StartDate>04/07/2008</StartDate>
      <EndDate/>
      <RoleCode>Principal Investigator</RoleCode>
    </Investigator>
    <Institution>
      <Name>University of Virginia Main Campus</Name>
      <CityName>CHARLOTTESVILLE</CityName>
      <ZipCode>229044195</ZipCode>
      <PhoneNumber>4349244270</PhoneNumber>
      <StreetAddress>P.O. BOX 400195</StreetAddress>
      <CountryName>United States</CountryName>
      <StateName>Virginia</StateName>
      <StateCode>VA</StateCode>
    </Institution>
    <FoaInformation>
      <Code>0206000</Code>
      <Name>Telecommunications</Name>
    </FoaInformation>
    <ProgramElement>
      <Code>1517</Code>
      <Text>ELECT, PHOTONICS, &amp; MAG DEVICE</Text>
    </ProgramElement>
    <ProgramReference>
      <Code>0000</Code>
      <Text>UNASSIGNED</Text>
    </ProgramReference>
    <ProgramReference>
      <Code>097E</Code>
      <Text>High Freq Devices &amp; Circuits</Text>
    </ProgramReference>
    <ProgramReference>
      <Code>7237</Code>
      <Text>NANO NON-SOLIC SCI &amp; ENG AWD</Text>
    </ProgramReference>
    <ProgramReference>
      <Code>9102</Code>
      <Text>WOMEN, MINORITY, DISABLED, NEC</Text>
    </ProgramReference>
    <ProgramReference>
      <Code>9251</Code>
      <Text>RES EXPER FOR UNDERGRAD-SUPPLT</Text>
    </ProgramReference>
    <ProgramReference>
      <Code>OTHR</Code>
      <Text>OTHER RESEARCH OR EDUCATION</Text>
    </ProgramReference>
  </Award>
</rootTag>
