<?xml version="1.0" encoding="UTF-8"?>

<rootTag>
  <Award>
    <AwardTitle>Extending Hilbert Space Operators</AwardTitle>
    <AwardEffectiveDate>07/01/2008</AwardEffectiveDate>
    <AwardExpirationDate>06/30/2011</AwardExpirationDate>
    <AwardAmount>291528</AwardAmount>
    <AwardInstrument>
      <Value>Continuing grant</Value>
    </AwardInstrument>
    <Organization>
      <Code>03040000</Code>
      <Directorate>
        <LongName>Direct For Mathematical &amp; Physical Scien</LongName>
      </Directorate>
      <Division>
        <LongName>Division Of Mathematical Sciences</LongName>
      </Division>
    </Organization>
    <ProgramOfficer>
      <SignBlockName>Bruce P. Palka</SignBlockName>
    </ProgramOfficer>
    <AbstractNarration>Our research proposal concerns the interplay between Operator Theory and Function Theory in one and several variables. A particular group of problems that we propose to attack involves the generalizations to several complex variables of some of the classical moment and interpolation problems on the unit disc such as the interpolation theorem of Nevanlinna and Pick, and the moment theorems of Caratheodory and Herglotz. Other groups involve the generalization of geometric function theory to analytic varieties and the understanding of extremal mappings into the symmetrized bidisc. Research intrinsic to operator theory that we will undertake includes issues involving model theory in one variable on nonsimply connected domains in the plane and in several variables on domains other than the bidisc. &lt;br/&gt;&lt;br/&gt;Operator Theoretic Function Theory, the particular type of mathematics that we are proposing to investigate, has direct and concrete bene&amp;#64257;ts for a number of areas of human endeavor. For example, the model theory aspects of our proposal all involve the generalization of the Commutant Lifting Structure which leads to an e&amp;#64259;cient algorithm for the discovery of oil from acoustical data taken on the surface of the earth. Other aspects would add to the theory of Linear Matrix Inequalities. The mathematical theory of LMI?s, which currently is of great importance in several areas of engineering, is an extension of linear programming, which has made large scale resource allocation and economic prediction possible. Finally, the particular brand of function theory we propose to study, forms the mathematical core of H-in&amp;#64257;nity control theory, which has been used to design control systems for fusion reactions inside Tokamaks and feedback stabilization systems for the space shuttle.</AbstractNarration>
    <MinAmdLetterDate>06/20/2008</MinAmdLetterDate>
    <MaxAmdLetterDate>06/19/2010</MaxAmdLetterDate>
    <ARRAAmount/>
    <AwardID>0801259</AwardID>
    <Investigator>
      <FirstName>Jim</FirstName>
      <LastName>Agler</LastName>
      <EmailAddress>jagler@math.ucsd.edu</EmailAddress>
      <StartDate>06/20/2008</StartDate>
      <EndDate/>
      <RoleCode>Principal Investigator</RoleCode>
    </Investigator>
    <Institution>
      <Name>University of California-San Diego</Name>
      <CityName>La Jolla</CityName>
      <ZipCode>920930934</ZipCode>
      <PhoneNumber>8585344896</PhoneNumber>
      <StreetAddress>Office of Contract &amp; Grant Admin</StreetAddress>
      <CountryName>United States</CountryName>
      <StateName>California</StateName>
      <StateCode>CA</StateCode>
    </Institution>
    <FoaInformation>
      <Code>0000099</Code>
      <Name>Other Applications NEC</Name>
    </FoaInformation>
    <ProgramElement>
      <Code>1281</Code>
      <Text>ANALYSIS PROGRAM</Text>
    </ProgramElement>
    <ProgramReference>
      <Code>0000</Code>
      <Text>UNASSIGNED</Text>
    </ProgramReference>
    <ProgramReference>
      <Code>OTHR</Code>
      <Text>OTHER RESEARCH OR EDUCATION</Text>
    </ProgramReference>
  </Award>
</rootTag>
