<?xml version="1.0" encoding="UTF-8"?>

<rootTag>
  <Award>
    <AwardTitle>Around the theory of f-vectors</AwardTitle>
    <AwardEffectiveDate>07/01/2008</AwardEffectiveDate>
    <AwardExpirationDate>06/30/2011</AwardExpirationDate>
    <AwardAmount>171000</AwardAmount>
    <AwardInstrument>
      <Value>Continuing grant</Value>
    </AwardInstrument>
    <Organization>
      <Code>03040000</Code>
      <Directorate>
        <LongName>Direct For Mathematical &amp; Physical Scien</LongName>
      </Directorate>
      <Division>
        <LongName>Division Of Mathematical Sciences</LongName>
      </Division>
    </Organization>
    <ProgramOfficer>
      <SignBlockName>Tomek Bartoszynski</SignBlockName>
    </ProgramOfficer>
    <AbstractNarration>ABSTRACT&lt;br/&gt;&lt;br/&gt;Principal Investigator: Novik, Isabella &lt;br/&gt;Proposal Number: DMS - 0801152&lt;br/&gt;Institution: University of Washington&lt;br/&gt;Title: Around the theory of f-vectors&lt;br/&gt;&lt;br/&gt;The PI will continue studying the face numbers of various classes of cell complexes. Specifically, she proposes to work on centrally symmetric polytopes, simplicial complexes and posets whose geometric realization is a manifold, and cubical complexes. As previous works suggest, this will require applying existing and developing new combinatorial, algebraic, topological, and possibly analytical techniques, thus strengthening connections between different parts of Mathematics.&lt;br/&gt;&lt;br/&gt;Cell complexes provide a convenient way to build various shapes from smaller and simpler blocks, such as for example pyramids or cubes. A natural question then is what restrictions on the number of building blocks are imposed by specific shapes. Variations of this question (e.g., what is the minimal number of blocks required) have practical importance when one wants to represent/store such a structure in a computer.</AbstractNarration>
    <MinAmdLetterDate>04/07/2008</MinAmdLetterDate>
    <MaxAmdLetterDate>03/31/2010</MaxAmdLetterDate>
    <ARRAAmount/>
    <AwardID>0801152</AwardID>
    <Investigator>
      <FirstName>Isabella</FirstName>
      <LastName>Novik</LastName>
      <EmailAddress>novik@math.washington.edu</EmailAddress>
      <StartDate>04/07/2008</StartDate>
      <EndDate/>
      <RoleCode>Principal Investigator</RoleCode>
    </Investigator>
    <Institution>
      <Name>University of Washington</Name>
      <CityName>Seattle</CityName>
      <ZipCode>981950001</ZipCode>
      <PhoneNumber>2065434043</PhoneNumber>
      <StreetAddress>4333 Brooklyn Ave NE</StreetAddress>
      <CountryName>United States</CountryName>
      <StateName>Washington</StateName>
      <StateCode>WA</StateCode>
    </Institution>
    <FoaInformation>
      <Code>0000099</Code>
      <Name>Other Applications NEC</Name>
    </FoaInformation>
    <ProgramElement>
      <Code>1264</Code>
      <Text>ALGEBRA,NUMBER THEORY,AND COM</Text>
    </ProgramElement>
    <ProgramElement>
      <Code>7970</Code>
      <Text>Combinatorics</Text>
    </ProgramElement>
    <ProgramReference>
      <Code>0000</Code>
      <Text>UNASSIGNED</Text>
    </ProgramReference>
    <ProgramReference>
      <Code>OTHR</Code>
      <Text>OTHER RESEARCH OR EDUCATION</Text>
    </ProgramReference>
  </Award>
</rootTag>
