<?xml version="1.0" encoding="UTF-8"?>

<rootTag>
  <Award>
    <AwardTitle>Collaborative Research: Eclipse Observations of Heavy Ions, Neutrals and Dust Grains in the Solar Corona</AwardTitle>
    <AwardEffectiveDate>05/01/2008</AwardEffectiveDate>
    <AwardExpirationDate>12/31/2013</AwardExpirationDate>
    <AwardAmount>43200</AwardAmount>
    <AwardInstrument>
      <Value>Continuing grant</Value>
    </AwardInstrument>
    <Organization>
      <Code>06020203</Code>
      <Directorate>
        <LongName>Directorate For Geosciences</LongName>
      </Directorate>
      <Division>
        <LongName>Div Atmospheric &amp; Geospace Sciences</LongName>
      </Division>
    </Organization>
    <ProgramOfficer>
      <SignBlockName>Therese Moretto Jorgensen</SignBlockName>
    </ProgramOfficer>
    <AbstractNarration>The Principal Investigator (PI) and her collaborators will take multi-spectral observations during several upcoming solar eclipses in order to map the ion abundance, electron temperature, and direction of the coronal magnetic field in the inner corona. The team plans to study the distribution of neutral hydrogen and helium in the solar corona, as well as to investigate the properties of dust grains in the near-Sun environment. Data will be obtained in the spectral lines of ionized iron, sulfur, and silicon, as well as in neutral helium and hydrogen. Coupled with laboratory experiments, these observations will enable detection of fluorescence signatures of interplanetary dust grains present in the solar corona.&lt;br/&gt;&lt;br/&gt;This project will exploit the complementary diagnostic techniques of resonant scattering and polarization to follow the evolution of ions and neutrals in the solar corona. Heavy ions and traces of lighter neutral atoms (such as hydrogen and helium) in the inner corona serve as local probes of the physical processes that heat the solar atmosphere to over one million degrees and accelerate the solar wind. While ions are tied to coronal magnetic fields, neutrals reflect the fate of cooler material from solar as well as interstellar origin. As ions and neutrals expand away from the Sun, they interact and evolve under the influence of the local magnetic field, the local electron temperature, and through collisions. This research will enhance our understanding of these phenomena.&lt;br/&gt;&lt;br/&gt;In previous eclipse expeditions, members of the research team have been successful in raising public awareness of scientific research in general and of solar physics in particular. Their prior efforts have proved to be engaging for the imagination and intellect of younger students specifically. The research team represents a fruitful collaboration involving small and large universities led by a senior female scientist. The eclipse expeditions will involve graduate students, postdoctoral fellows, and a K-12 teacher, with an emphasis on education.</AbstractNarration>
    <MinAmdLetterDate>05/02/2008</MinAmdLetterDate>
    <MaxAmdLetterDate>04/24/2013</MaxAmdLetterDate>
    <ARRAAmount/>
    <AwardID>0802291</AwardID>
    <Investigator>
      <FirstName>Martina</FirstName>
      <LastName>Arndt</LastName>
      <EmailAddress>marndt@bridgew.edu</EmailAddress>
      <StartDate>05/02/2008</StartDate>
      <EndDate/>
      <RoleCode>Principal Investigator</RoleCode>
    </Investigator>
    <Institution>
      <Name>Bridgewater State College</Name>
      <CityName>Bridgewater</CityName>
      <ZipCode>023250001</ZipCode>
      <PhoneNumber>5085311242</PhoneNumber>
      <StreetAddress>131 Summer Street</StreetAddress>
      <CountryName>United States</CountryName>
      <StateName>Massachusetts</StateName>
      <StateCode>MA</StateCode>
    </Institution>
    <FoaInformation>
      <Code>0205000</Code>
      <Name>Space</Name>
    </FoaInformation>
    <ProgramElement>
      <Code>1523</Code>
      <Text>SOLAR-TERRESTRIAL</Text>
    </ProgramElement>
    <ProgramReference>
      <Code>0000</Code>
      <Text>UNASSIGNED</Text>
    </ProgramReference>
    <ProgramReference>
      <Code>4444</Code>
      <Text>INTERDISCIPLINARY PROPOSALS</Text>
    </ProgramReference>
    <ProgramReference>
      <Code>7218</Code>
      <Text>RET SUPPLEMENTS</Text>
    </ProgramReference>
    <ProgramReference>
      <Code>7233</Code>
      <Text>RES EXPERIENCE FOR TEACHERS(RET)-SUPPLEM</Text>
    </ProgramReference>
    <ProgramReference>
      <Code>OTHR</Code>
      <Text>OTHER RESEARCH OR EDUCATION</Text>
    </ProgramReference>
  </Award>
</rootTag>
