<?xml version="1.0" encoding="UTF-8"?>

<rootTag>
  <Award>
    <AwardTitle>Proactive Cross-Layer Adversary Localization for Hostile or Harsh Wireless Environments</AwardTitle>
    <AwardEffectiveDate>06/01/2008</AwardEffectiveDate>
    <AwardExpirationDate>05/31/2012</AwardExpirationDate>
    <AwardAmount>329498</AwardAmount>
    <AwardInstrument>
      <Value>Continuing grant</Value>
    </AwardInstrument>
    <Organization>
      <Code>07010000</Code>
      <Directorate>
        <LongName>Directorate For Engineering</LongName>
      </Directorate>
      <Division>
        <LongName>Div Of Electrical, Commun &amp; Cyber Sys</LongName>
      </Division>
    </Organization>
    <ProgramOfficer>
      <SignBlockName>Radhakisan S. Baheti</SignBlockName>
    </ProgramOfficer>
    <AbstractNarration>Abstract&lt;br/&gt;&lt;br/&gt;The objective of this research is to develop a localization system capable of localizing an adversary that is actively trying to disguise its location in a wireless network by distorting its signal features. The approach is a proactive, cross-layer localization design that incorporates attack traceback, cross-layer traffic manipulation, and physical layer position estimation. The attack traceback aspect focuses on narrowing down an adversary?s location to the coverage area of a couple of access points. The traffic manipulation aspect will develop trapping techniques to force or lure the adversary to exhibit their true location-related signal features. Leveraging these true location-related signal features, the physical layer position estimation aspect will develop proactive and robust localization techniques to accurately position the adversary.&lt;br/&gt;&lt;br/&gt;Intellectual Merit: The proposed project will help to establish accountability in wireless networks and will result in the development of key attack countermeasures. It is the first to address many technical challenges in localization and traceback. This project can also enhance the security of systems where location information is used to restrict access to critical resources. Furthermore, the proposed research results can be used to improve the accuracy of localization systems in harsh communication environments that severely distort the characteristics of emitted signals from legitimate users. &lt;br/&gt;&lt;br/&gt;Broader Impact: The proposed research will foster the integration of research and education by fortifying the existing curriculum with the project?s research results. The outreach component of the project will disseminate research results and pedagogical materials via education and industry outreach programs.</AbstractNarration>
    <MinAmdLetterDate>05/22/2008</MinAmdLetterDate>
    <MaxAmdLetterDate>05/12/2010</MaxAmdLetterDate>
    <ARRAAmount/>
    <AwardID>0802112</AwardID>
    <Investigator>
      <FirstName>R. Michael</FirstName>
      <LastName>Buehrer</LastName>
      <EmailAddress>rbuehrer@vt.edu</EmailAddress>
      <StartDate>05/22/2008</StartDate>
      <EndDate/>
      <RoleCode>Co-Principal Investigator</RoleCode>
    </Investigator>
    <Investigator>
      <FirstName>Jung-Min</FirstName>
      <LastName>Park</LastName>
      <EmailAddress>jungmin@vt.edu</EmailAddress>
      <StartDate>05/22/2008</StartDate>
      <EndDate/>
      <RoleCode>Co-Principal Investigator</RoleCode>
    </Investigator>
    <Investigator>
      <FirstName>Yaling</FirstName>
      <LastName>Yang</LastName>
      <EmailAddress>yyang8@vt.edu</EmailAddress>
      <StartDate>05/22/2008</StartDate>
      <EndDate/>
      <RoleCode>Principal Investigator</RoleCode>
    </Investigator>
    <Institution>
      <Name>Virginia Polytechnic Institute and State University</Name>
      <CityName>BLACKSBURG</CityName>
      <ZipCode>240610001</ZipCode>
      <PhoneNumber>5402315281</PhoneNumber>
      <StreetAddress>Sponsored Programs 0170</StreetAddress>
      <CountryName>United States</CountryName>
      <StateName>Virginia</StateName>
      <StateCode>VA</StateCode>
    </Institution>
    <FoaInformation>
      <Code>0206000</Code>
      <Name>Telecommunications</Name>
    </FoaInformation>
    <ProgramElement>
      <Code>7564</Code>
      <Text>COMMS, CIRCUITS &amp; SENS SYS</Text>
    </ProgramElement>
    <ProgramReference>
      <Code>0000</Code>
      <Text>UNASSIGNED</Text>
    </ProgramReference>
    <ProgramReference>
      <Code>109E</Code>
      <Text>Sys theory in biology &amp; medicine</Text>
    </ProgramReference>
    <ProgramReference>
      <Code>9102</Code>
      <Text>WOMEN, MINORITY, DISABLED, NEC</Text>
    </ProgramReference>
    <ProgramReference>
      <Code>OTHR</Code>
      <Text>OTHER RESEARCH OR EDUCATION</Text>
    </ProgramReference>
  </Award>
</rootTag>
