<?xml version="1.0" encoding="UTF-8"?>

<rootTag>
  <Award>
    <AwardTitle>BEST: Benthic Ecosystem Response to Changing Ice Cover in the Bering Sea</AwardTitle>
    <AwardEffectiveDate>11/01/2007</AwardEffectiveDate>
    <AwardExpirationDate>08/31/2012</AwardExpirationDate>
    <AwardAmount>628214</AwardAmount>
    <AwardInstrument>
      <Value>Continuing grant</Value>
    </AwardInstrument>
    <Organization>
      <Code>06090100</Code>
      <Directorate>
        <LongName>Directorate For Geosciences</LongName>
      </Directorate>
      <Division>
        <LongName>Division Of Polar Programs</LongName>
      </Division>
    </Organization>
    <ProgramOfficer>
      <SignBlockName>William J. Wiseman, Jr.</SignBlockName>
    </ProgramOfficer>
    <AbstractNarration>Funds are provided to support a benthic-focused measurements program in the northern Bering Sea that extends and expands a twenty-year effort in that region. The northern benthic biological communities are known to provide food resources for benthic-feeding apex predators that include gray whales, bearded seals, walruses, and diving sea-ducks, all of which are used by subsistence-based communities along the Bering Sea coast. Previous work indicates that climate warming may change the present benthic-dominated northern Bering Sea ecosystem to one that is more pelagic and similar to the southern Bering Sea food web. &lt;br/&gt;&lt;br/&gt;The principal investigators will document benthic infaunal community composition and biomass as a means to determine key indicator species that should be monitored to evaluate climate change impacts on the Bering Sea ecosystem. In addition, they will undertake analyses of sediment indicators of status and trends in ecosystem health, including sediment grain size, oxygen demand, chlorophyll inventories, organic carbon content and stable carbon isotope ratios of sediment organic carbon, and inventories of atmospherically-derived, particle-reactive radionuclides (7Be) and clay-associated radionuclides (137Cs). All of these can be used as ecosystem indicators of recent particle deposition, sediment processing, and the overall fertility of overlying waters. They will integrate these new data with the extensive record for the region. These data will help interpret data collected by collaborators, with other funding, concerning marine mammals. It will also serve a important constraints on the models being developed for the region, both within the BEST and BSIERP programs.</AbstractNarration>
    <MinAmdLetterDate>10/26/2007</MinAmdLetterDate>
    <MaxAmdLetterDate>08/06/2010</MaxAmdLetterDate>
    <ARRAAmount/>
    <AwardID>0802290</AwardID>
    <Investigator>
      <FirstName>Jacqueline</FirstName>
      <LastName>Grebmeier</LastName>
      <EmailAddress>jgrebmei@cbl.umces.edu</EmailAddress>
      <StartDate>10/26/2007</StartDate>
      <EndDate/>
      <RoleCode>Principal Investigator</RoleCode>
    </Investigator>
    <Investigator>
      <FirstName>Lee</FirstName>
      <LastName>Cooper</LastName>
      <EmailAddress>cooper@cbl.umces.edu</EmailAddress>
      <StartDate>11/10/2008</StartDate>
      <EndDate/>
      <RoleCode>Co-Principal Investigator</RoleCode>
    </Investigator>
    <Institution>
      <Name>University of Maryland Center for Environmental Sciences</Name>
      <CityName>Cambridge</CityName>
      <ZipCode>216130775</ZipCode>
      <PhoneNumber>4102212014</PhoneNumber>
      <StreetAddress>BOX 775</StreetAddress>
      <CountryName>United States</CountryName>
      <StateName>Maryland</StateName>
      <StateCode>MD</StateCode>
    </Institution>
    <ProgramElement>
      <Code>5280</Code>
      <Text>ARCTIC NATURAL SCIENCES</Text>
    </ProgramElement>
    <ProgramReference>
      <Code>0000</Code>
      <Text>UNASSIGNED</Text>
    </ProgramReference>
    <ProgramReference>
      <Code>1079</Code>
      <Text>ARCTIC RESEARCH</Text>
    </ProgramReference>
    <ProgramReference>
      <Code>OTHR</Code>
      <Text>OTHER RESEARCH OR EDUCATION</Text>
    </ProgramReference>
  </Award>
</rootTag>
