<?xml version="1.0" encoding="UTF-8"?>

<rootTag>
  <Award>
    <AwardTitle>The College-Company Connection: Bringing Real-World Work Experience to Students through Strategic Partnerships</AwardTitle>
    <AwardEffectiveDate>10/01/2008</AwardEffectiveDate>
    <AwardExpirationDate>09/30/2010</AwardExpirationDate>
    <AwardAmount>148801</AwardAmount>
    <AwardInstrument>
      <Value>Standard Grant</Value>
    </AwardInstrument>
    <Organization>
      <Code>11040100</Code>
      <Directorate>
        <LongName>Direct For Education and Human Resources</LongName>
      </Directorate>
      <Division>
        <LongName>Division Of Undergraduate Education</LongName>
      </Division>
    </Organization>
    <ProgramOfficer>
      <SignBlockName>David A. Hanych</SignBlockName>
    </ProgramOfficer>
    <AbstractNarration>Montgomery County Community College (MCCC), in partnership with Rohm and Haas company, is creating an in-house laboratory service facility to provide MCCC's biotechnology students with real-world training opportunities. The laboratory functions as a contract research organization to test new proteins developed by Rohm and Haas for use in biopharmaceutical manufacturing. The project is incorporating work-based experiences into existing science courses, exposing students to state-of-the-art instrumentation, and enhancing STEM content in technician education courses. Besides establishing a working biotechnology training facility, the project is enhancing MCCC's biotechnology curriculum, providing summer internship opportunities for regional high school or community college teachers, providing students with additional training opportunities at company facilities, developing a laboratory practical exam for assessing student learning and skills, and pilot testing a strategic partnership model between a community college and a biotechnology company.</AbstractNarration>
    <MinAmdLetterDate>06/02/2008</MinAmdLetterDate>
    <MaxAmdLetterDate>06/02/2008</MaxAmdLetterDate>
    <ARRAAmount/>
    <AwardID>0802383</AwardID>
    <Investigator>
      <FirstName>Kevin</FirstName>
      <LastName>Lampe</LastName>
      <EmailAddress>klampe@mc3.edu</EmailAddress>
      <StartDate>06/02/2008</StartDate>
      <EndDate/>
      <RoleCode>Co-Principal Investigator</RoleCode>
    </Investigator>
    <Investigator>
      <FirstName>Linda</FirstName>
      <LastName>Rehfuss</LastName>
      <EmailAddress>rehfussl@bucks.edu</EmailAddress>
      <StartDate>06/02/2008</StartDate>
      <EndDate/>
      <RoleCode>Principal Investigator</RoleCode>
    </Investigator>
    <Institution>
      <Name>Montgomery County Community College</Name>
      <CityName>Blue Bell</CityName>
      <ZipCode>194220796</ZipCode>
      <PhoneNumber>2156416543</PhoneNumber>
      <StreetAddress>340 Dekalb Pike</StreetAddress>
      <CountryName>United States</CountryName>
      <StateName>Pennsylvania</StateName>
      <StateCode>PA</StateCode>
    </Institution>
    <FoaInformation>
      <Code>0116000</Code>
      <Name>Human Subjects</Name>
    </FoaInformation>
    <ProgramElement>
      <Code>7412</Code>
      <Text>ADVANCED TECH EDUCATION PROG</Text>
    </ProgramElement>
    <ProgramReference>
      <Code>1032</Code>
      <Text>ADVANCED TECHNOLOGY EDUCATION</Text>
    </ProgramReference>
    <ProgramReference>
      <Code>9178</Code>
      <Text>UNDERGRADUATE EDUCATION</Text>
    </ProgramReference>
    <ProgramReference>
      <Code>SMET</Code>
      <Text>SCIENCE, MATH, ENG &amp; TECH EDUCATION</Text>
    </ProgramReference>
  </Award>
</rootTag>
