<?xml version="1.0" encoding="UTF-8"?>

<rootTag>
  <Award>
    <AwardTitle>Collaborative Research: Non-Traditional Designs for Order Picking Warehouses</AwardTitle>
    <AwardEffectiveDate>05/15/2012</AwardEffectiveDate>
    <AwardExpirationDate>04/30/2016</AwardExpirationDate>
    <AwardAmount>266998</AwardAmount>
    <AwardInstrument>
      <Value>Standard Grant</Value>
    </AwardInstrument>
    <Organization>
      <Code>07030000</Code>
      <Directorate>
        <LongName>Directorate For Engineering</LongName>
      </Directorate>
      <Division>
        <LongName>Div Of Civil, Mechanical, &amp; Manufact Inn</LongName>
      </Division>
    </Organization>
    <ProgramOfficer>
      <SignBlockName>Donald Hearn</SignBlockName>
    </ProgramOfficer>
    <AbstractNarration>The objective of this collaborative research award is to investigate new methods for designing warehouses that support order picking operations, in which workers visit many locations to build a customer order. The designs will permit picking aisles and cross aisles to take on a number of configurations and angles, which is quite different from current practice, in which picking aisles are parallel and cross aisles are orthogonal to the picking aisles. Warehouse designs will be represented as an encoding of real numbers in an array, which allows for easy manipulation. A significant challenge of the research is to estimate the expected travel distance to retrieve a random order, given a design. A two-stage process will be developed, consisting of a "rough cut" meta-model and a more detailed, simulation-based model. The search space will be explored with particle swarm optimization.&lt;br/&gt;&lt;br/&gt;If the research is successful, the methods developed could be used by wholesale and retail distribution centers to reduce labor costs associated with retrieving customer orders. It is estimated that U.S. firms alone spend approximately $13B annually on order picking labor costs. Even a small percentage reduction in this cost could lead to significant economic benefit. Moreover, results of this research will be promoted through an interactive warehouse design website that could be used by students, researchers, and practitioners. The research will also be disseminated by involving students in a tour of existing warehouse facilities, and by distributing teaching modules that can be used in classrooms or distributed over the Web.</AbstractNarration>
    <MinAmdLetterDate>04/04/2012</MinAmdLetterDate>
    <MaxAmdLetterDate>07/08/2015</MaxAmdLetterDate>
    <ARRAAmount/>
    <AwardID>1200567</AwardID>
    <Investigator>
      <FirstName>Alice</FirstName>
      <LastName>Smith</LastName>
      <EmailAddress>smithae@auburn.edu</EmailAddress>
      <StartDate>07/08/2015</StartDate>
      <EndDate/>
      <RoleCode>Principal Investigator</RoleCode>
    </Investigator>
    <Investigator>
      <FirstName>Alice</FirstName>
      <LastName>Smith</LastName>
      <EmailAddress>smithae@auburn.edu</EmailAddress>
      <StartDate>04/04/2012</StartDate>
      <EndDate>08/28/2014</EndDate>
      <RoleCode>Former Co-Principal Investigator</RoleCode>
    </Investigator>
    <Investigator>
      <FirstName>Kevin</FirstName>
      <LastName>Gue</LastName>
      <EmailAddress>kevin.gue@louisville.edu</EmailAddress>
      <StartDate>07/08/2015</StartDate>
      <EndDate/>
      <RoleCode>Co-Principal Investigator</RoleCode>
    </Investigator>
    <Investigator>
      <FirstName>Kevin</FirstName>
      <LastName>Gue</LastName>
      <EmailAddress>kevin.gue@louisville.edu</EmailAddress>
      <StartDate>04/04/2012</StartDate>
      <EndDate>08/28/2014</EndDate>
      <RoleCode>Former Principal Investigator</RoleCode>
    </Investigator>
    <Institution>
      <Name>Auburn University</Name>
      <CityName>Auburn University</CityName>
      <ZipCode>368490001</ZipCode>
      <PhoneNumber>3348444438</PhoneNumber>
      <StreetAddress>310 Samford Hall</StreetAddress>
      <CountryName>United States</CountryName>
      <StateName>Alabama</StateName>
      <StateCode>AL</StateCode>
    </Institution>
    <ProgramElement>
      <Code>006Y</Code>
      <Text>OE Operations Engineering</Text>
    </ProgramElement>
    <ProgramElement>
      <Code>1786</Code>
      <Text>MANFG ENTERPRISE SYSTEMS</Text>
    </ProgramElement>
    <ProgramReference>
      <Code>071E</Code>
      <Text>MFG ENTERPRISE OPERATIONS</Text>
    </ProgramReference>
    <ProgramReference>
      <Code>9147</Code>
      <Text>GENERIC TECHNOL FOR MANUFACTURING CELLS</Text>
    </ProgramReference>
    <ProgramReference>
      <Code>9150</Code>
      <Text>EXP PROG TO STIM COMP RES</Text>
    </ProgramReference>
    <ProgramReference>
      <Code>MANU</Code>
      <Text>MANUFACTURING</Text>
    </ProgramReference>
    <ProgramReference>
      <Code>078E</Code>
      <Text>ENTERPRISE DESIGN &amp; LOGISTICS</Text>
    </ProgramReference>
    <ProgramReference>
      <Code>116E</Code>
      <Text>RESEARCH EXP FOR UNDERGRADS</Text>
    </ProgramReference>
    <ProgramReference>
      <Code>9178</Code>
      <Text>UNDERGRADUATE EDUCATION</Text>
    </ProgramReference>
    <ProgramReference>
      <Code>9251</Code>
      <Text>RES EXPER FOR UNDERGRAD-SUPPLT</Text>
    </ProgramReference>
    <ProgramReference>
      <Code>9102</Code>
      <Text>WOMEN, MINORITY, DISABLED, NEC</Text>
    </ProgramReference>
    <ProgramReference>
      <Code>9231</Code>
      <Text>SUPPL FOR UNDERGRAD RES ASSIST</Text>
    </ProgramReference>
  </Award>
</rootTag>
