<?xml version="1.0" encoding="UTF-8"?>

<rootTag>
  <Award>
    <AwardTitle>Problems in operator theory</AwardTitle>
    <AwardEffectiveDate>07/01/2012</AwardEffectiveDate>
    <AwardExpirationDate>08/31/2012</AwardExpirationDate>
    <AwardAmount>109998</AwardAmount>
    <AwardInstrument>
      <Value>Standard Grant</Value>
    </AwardInstrument>
    <Organization>
      <Code>03040000</Code>
      <Directorate>
        <LongName>Direct For Mathematical &amp; Physical Scien</LongName>
      </Directorate>
      <Division>
        <LongName>Division Of Mathematical Sciences</LongName>
      </Division>
    </Organization>
    <ProgramOfficer>
      <SignBlockName>Kevin Clancey</SignBlockName>
    </ProgramOfficer>
    <AbstractNarration>The project addresses open problems in noncommutative analysis, mathematical physics, noncommutative geometry, and operator theory in the operator algebras framework. One of the objectives is to advance recent powerful results on multiple operator integrals and spectral shift functions that have been obtained jointly with D. Potapov and F. Sukochev. New noncommutative analysis techniques will be developed and applied to various problems of perturbation theory that have arisen in the areas mentioned above. Another objective is to make progress in understanding structure of important operators affiliated with von Neumann algebras, continuing investigation started jointly with K. Dykema.&lt;br/&gt;&lt;br/&gt;The proposed research is expected to strengthen connections between several areas of mathematics and to make a link to modern studies in physics. Many of the projects are accessible to students, at both graduate and undergraduate levels. The investigator proposes to contribute to general education in the respective areas of mathematics as well as involve students into specific projects. The results of the proposed research will be disseminated to the worldwide scientific community through publications and talks. This will include writing expository articles and delivering talks to students. The investigator will continue organizing conferences and popularizing careers in mathematics among youth and underrepresented groups.</AbstractNarration>
    <MinAmdLetterDate>04/13/2012</MinAmdLetterDate>
    <MaxAmdLetterDate>04/13/2012</MaxAmdLetterDate>
    <ARRAAmount/>
    <AwardID>1200946</AwardID>
    <Investigator>
      <FirstName>Anna</FirstName>
      <LastName>Skripka</LastName>
      <EmailAddress>skripka@math.unm.edu</EmailAddress>
      <StartDate>04/13/2012</StartDate>
      <EndDate/>
      <RoleCode>Principal Investigator</RoleCode>
    </Investigator>
    <Institution>
      <Name>University of Central Florida</Name>
      <CityName>ORLANDO</CityName>
      <ZipCode>328168005</ZipCode>
      <PhoneNumber>4078821168</PhoneNumber>
      <StreetAddress>4000 CNTRL FLORIDA BLVD</StreetAddress>
      <CountryName>United States</CountryName>
      <StateName>Florida</StateName>
      <StateCode>FL</StateCode>
    </Institution>
    <ProgramElement>
      <Code>1281</Code>
      <Text>ANALYSIS PROGRAM</Text>
    </ProgramElement>
  </Award>
</rootTag>
