<?xml version="1.0" encoding="UTF-8"?>

<rootTag>
  <Award>
    <AwardTitle>2012 Presidential Award for Excellence in Science, Mathematics and Engineering Mentoring (PAESMEM) Awardee - GeoFORCE Texas (Organizational Category)</AwardTitle>
    <AwardEffectiveDate>05/01/2015</AwardEffectiveDate>
    <AwardExpirationDate>10/31/2015</AwardExpirationDate>
    <AwardAmount>10000</AwardAmount>
    <AwardInstrument>
      <Value>Standard Grant</Value>
    </AwardInstrument>
    <Organization>
      <Code>11060000</Code>
      <Directorate>
        <LongName>Direct For Education and Human Resources</LongName>
      </Directorate>
      <Division>
        <LongName>Division Of Human Resource Development</LongName>
      </Division>
    </Organization>
    <ProgramOfficer>
      <SignBlockName>Martha L. James</SignBlockName>
    </ProgramOfficer>
    <AbstractNarration>The Presidential Awards for Excellence in Science, Mathematics and Engineering Mentoring (PAESMEM) is an honorary award. The National Science Foundation (NSF) administers the award program on behalf of the White House Office of Science and Technology Policy (OSTP). &lt;br/&gt;&lt;br/&gt;The awards are bestowed for excellence in science, technology, engineering and mathematics (STEM), including biomedical, mentoring accomplishments. Award recipients receive a citation signed by the President of the United States, a paid trip for two to the nation's capital to attend a recognition ceremony, and a $10,000 honorary award.&lt;br/&gt;&lt;br/&gt;The White House announced eight awardees from the 2012 competition on March 27, 2015. Among the awardees seven are individuals and one is an organization representing the following states: California, Georgia, Louisiana, Maryland, North Carolina and Texas.</AbstractNarration>
    <MinAmdLetterDate>04/30/2015</MinAmdLetterDate>
    <MaxAmdLetterDate>04/30/2015</MaxAmdLetterDate>
    <ARRAAmount/>
    <AwardID>1200068</AwardID>
    <Investigator>
      <FirstName>Eleanour</FirstName>
      <LastName>Snow</LastName>
      <EmailAddress>esnow@jsg.utexas.edu</EmailAddress>
      <StartDate>04/30/2015</StartDate>
      <EndDate/>
      <RoleCode>Principal Investigator</RoleCode>
    </Investigator>
    <Institution>
      <Name>University of Texas at Austin</Name>
      <CityName>Austin</CityName>
      <ZipCode>787121532</ZipCode>
      <PhoneNumber>5124716424</PhoneNumber>
      <StreetAddress>101 E. 27th Street, Suite 5.300</StreetAddress>
      <CountryName>United States</CountryName>
      <StateName>Texas</StateName>
      <StateCode>TX</StateCode>
    </Institution>
    <ProgramElement>
      <Code>1593</Code>
      <Text>PRES AWDS FOR EXCELL IN SCI</Text>
    </ProgramElement>
  </Award>
</rootTag>
