<?xml version="1.0" encoding="UTF-8"?>

<rootTag>
  <Award>
    <AwardTitle>Atomistic Simulation Based Crack Evolution Models for Crystal Plasticity FEM of Crystalline Metals</AwardTitle>
    <AwardEffectiveDate>09/01/2012</AwardEffectiveDate>
    <AwardExpirationDate>08/31/2016</AwardExpirationDate>
    <AwardAmount>301977</AwardAmount>
    <AwardInstrument>
      <Value>Standard Grant</Value>
    </AwardInstrument>
    <Organization>
      <Code>07030000</Code>
      <Directorate>
        <LongName>Directorate For Engineering</LongName>
      </Directorate>
      <Division>
        <LongName>Div Of Civil, Mechanical, &amp; Manufact Inn</LongName>
      </Division>
    </Organization>
    <ProgramOfficer>
      <SignBlockName>Alexis Lewis</SignBlockName>
    </ProgramOfficer>
    <AbstractNarration>The research objective of this grant is the development of physics-based crack evolution models in polycrystalline metallic materials for use in crystal plasticity finite element models. The unified deformation-fracture models will be developed by upscaling variables from atomic-scale, molecular dynamics simulations with explicit depiction of the atomic structure and deformation mechanisms. Upscaling will provide a framework for cohesive laws and associated evolution laws for deformation variables along specific slip systems. A systematic approach will be undertaken, encompassing the following tasks: (i) molecular dynamics (MD) simulations of 3D crystalline lattice systems to simulate the evolution of ductile and brittle crack evolution under a variety of force fields, (ii) development of accelerated MD methods to simulate longer time scales consistent with experiments, (iii) characterization and identification of crack tip deformation mechanisms, followed by quantification of the local atomic structure and evolution, and (iv) development of energy-based laws governing crack growth in the process zone by partitioning the total energy corresponding to different physical mechanisms.&lt;br/&gt;&lt;br/&gt;Benefits to the scientific community will be accomplished through the establishment of novel crack evolution models of critical importance in analysis and design of materials for better fracture toughness and ductility. Advancement in accelerated molecular dynamics modeling will allow modeling at strain rates of realistic experiments. Collaboration with Sandia and Brown Deer Technology will enable technology transfer of deliverables for broader utilization. Students will have strong interactions with eminent researchers at Sandia National Laboratories and a small-scale development company to see the direct impact of their work.</AbstractNarration>
    <MinAmdLetterDate>08/23/2012</MinAmdLetterDate>
    <MaxAmdLetterDate>08/23/2012</MaxAmdLetterDate>
    <ARRAAmount/>
    <AwardID>1200231</AwardID>
    <Investigator>
      <FirstName>Somnath</FirstName>
      <LastName>Ghosh</LastName>
      <EmailAddress>sghosh20@jhu.edu</EmailAddress>
      <StartDate>08/23/2012</StartDate>
      <EndDate/>
      <RoleCode>Principal Investigator</RoleCode>
    </Investigator>
    <Institution>
      <Name>Johns Hopkins University</Name>
      <CityName>Baltimore</CityName>
      <ZipCode>212182608</ZipCode>
      <PhoneNumber>4105168668</PhoneNumber>
      <StreetAddress>3400 N CHARLES ST</StreetAddress>
      <CountryName>United States</CountryName>
      <StateName>Maryland</StateName>
      <StateCode>MD</StateCode>
    </Institution>
    <ProgramElement>
      <Code>1630</Code>
      <Text>Mechanics of Materials and Str</Text>
    </ProgramElement>
    <ProgramElement>
      <Code>1633</Code>
      <Text>MATERIALS AND SURFACE ENG</Text>
    </ProgramElement>
    <ProgramReference>
      <Code>022E</Code>
      <Text>SOLID MECHANICS</Text>
    </ProgramReference>
    <ProgramReference>
      <Code>027E</Code>
      <Text>NANOMECHANICS</Text>
    </ProgramReference>
    <ProgramReference>
      <Code>1444</Code>
      <Text>SURFACE ENGINEERING</Text>
    </ProgramReference>
    <ProgramReference>
      <Code>8021</Code>
      <Text>Materials Engineering</Text>
    </ProgramReference>
    <ProgramReference>
      <Code>7237</Code>
      <Text>NANO NON-SOLIC SCI &amp; ENG AWD</Text>
    </ProgramReference>
    <ProgramReference>
      <Code>AMPP</Code>
      <Text>ADVANCED MATERIALS &amp; PROCESSING PROGRAM</Text>
    </ProgramReference>
  </Award>
</rootTag>
