<?xml version="1.0" encoding="UTF-8"?>

<rootTag>
  <Award>
    <AwardTitle>Physical Design and Feedback Control of Hybrid Mechanical Systems</AwardTitle>
    <AwardEffectiveDate>09/01/2012</AwardEffectiveDate>
    <AwardExpirationDate>08/31/2016</AwardExpirationDate>
    <AwardAmount>349858</AwardAmount>
    <AwardInstrument>
      <Value>Standard Grant</Value>
    </AwardInstrument>
    <Organization>
      <Code>07030000</Code>
      <Directorate>
        <LongName>Directorate For Engineering</LongName>
      </Directorate>
      <Division>
        <LongName>Div Of Civil, Mechanical, &amp; Manufact Inn</LongName>
      </Division>
    </Organization>
    <ProgramOfficer>
      <SignBlockName>Atul G. Kelkar</SignBlockName>
    </ProgramOfficer>
    <AbstractNarration>The aim of this award is to develop computationally tractable methods for designing and controlling systems that experience impact. Impacts introduce discontinuities into the equations of motion, making traditional techniques in control theory difficult to employ. However, if a system can specify its configuration during impact a form of feedback control may be utilized. The work will use a combination of variational analysis for mechanical systems, shape optimization, and control theory to synthesize embedded controllers for a class of impacting systems with guarantees on stability, optimality, and computational complexity. The work will start with a simple example of a two-legged robot walking on terrain; later examples will include numerical models of high degree-of-freedom robots walking on uneven terrain and a biomechanical model of a human hand interacting with objects. Deliverables include mathematical proofs of algorithm properties, a software implementation of the feedback synthesis techniques in a variety of documented examples, articles describing the techniques, and training for students in control engineering and biomedical engineering.&lt;br/&gt;&lt;br/&gt;Impacts are present in applications ranging from robotic locomotion and grasping to manufacturing and even human prosthetics. Computer control of these systems depends on incorporating impacts into algorithms that stabilize motion. If successful, the proposed techniques will make practical regulation of many impacting systems as straightforward as regulation of non-impacting systems. Moreover, the techniques will provide an improved understanding of the role that contact plays in human neuromuscular control. The project will leverage international collaboration through NSF Office of International Science and Engineering (OISE) Global Venture Fund (GVF) co-funding to develop long-term collaboration with researchers in Germany. Software developed as part of this work will be incorporated into an ongoing clinical study of hand rehabilitation at the Rehabilitation Institute of Chicago and will be freely available to the public. In addition to enabling important technologies, the work will be highlighted in a museum, and student will participate in outreach with an urban high school in Chicago.</AbstractNarration>
    <MinAmdLetterDate>04/14/2012</MinAmdLetterDate>
    <MaxAmdLetterDate>04/14/2012</MaxAmdLetterDate>
    <ARRAAmount/>
    <AwardID>1200321</AwardID>
    <Investigator>
      <FirstName>Todd</FirstName>
      <LastName>Murphey</LastName>
      <EmailAddress>t-murphey@northwestern.edu</EmailAddress>
      <StartDate>04/14/2012</StartDate>
      <EndDate/>
      <RoleCode>Principal Investigator</RoleCode>
    </Investigator>
    <Institution>
      <Name>Northwestern University</Name>
      <CityName>Evanston</CityName>
      <ZipCode>602013149</ZipCode>
      <PhoneNumber>8474913003</PhoneNumber>
      <StreetAddress>1801 Maple Ave.</StreetAddress>
      <CountryName>United States</CountryName>
      <StateName>Illinois</StateName>
      <StateCode>IL</StateCode>
    </Institution>
    <ProgramElement>
      <Code>1632</Code>
      <Text>CONTROL SYSTEMS</Text>
    </ProgramElement>
    <ProgramElement>
      <Code>7298</Code>
      <Text>COLLABORATIVE RESEARCH</Text>
    </ProgramElement>
    <ProgramReference>
      <Code>030E</Code>
      <Text>CONTROL SYSTEMS</Text>
    </ProgramReference>
    <ProgramReference>
      <Code>036E</Code>
      <Text>CIVIL INFRASTRUCTURE</Text>
    </ProgramReference>
    <ProgramReference>
      <Code>1057</Code>
      <Text>CIS BASE RESEARCH</Text>
    </ProgramReference>
    <ProgramReference>
      <Code>CVIS</Code>
      <Text>CIVIL INFRASTRUCTURE</Text>
    </ProgramReference>
    <ProgramReference>
      <Code>5936</Code>
      <Text>GERMANY (F.R.G.)</Text>
    </ProgramReference>
    <ProgramReference>
      <Code>5980</Code>
      <Text>WESTERN EUROPE PROGRAM</Text>
    </ProgramReference>
  </Award>
</rootTag>
