<?xml version="1.0" encoding="UTF-8"?>

<rootTag>
  <Award>
    <AwardTitle>High-Temperature Surface Dynamics of Transition-Metal Oxides</AwardTitle>
    <AwardEffectiveDate>09/15/2012</AwardEffectiveDate>
    <AwardExpirationDate>08/31/2015</AwardExpirationDate>
    <AwardAmount>289997</AwardAmount>
    <AwardInstrument>
      <Value>Standard Grant</Value>
    </AwardInstrument>
    <Organization>
      <Code>07030000</Code>
      <Directorate>
        <LongName>Directorate For Engineering</LongName>
      </Directorate>
      <Division>
        <LongName>Div Of Civil, Mechanical, &amp; Manufact Inn</LongName>
      </Division>
    </Organization>
    <ProgramOfficer>
      <SignBlockName>Alexis Lewis</SignBlockName>
    </ProgramOfficer>
    <AbstractNarration>The research objective of this grant is to determine the atomic-scale mechanisms responsible for high-temperature surface stability of catalytically-active transition-metal oxides such as titanium dioxide (TiO2). Since catalytic performance depends critically on the surface atomic structure and composition, a stable surface with desired stoichiometry is critical for superior lifetime performance. Relatively little is known concerning the effect of gas chemistry on high-temperature surface composition and defect structure of TiO2. This investigation will use in situ high-temperature scanning tunneling microscopy and low-energy electron microscopy techniques and establish the dynamics of surface morphological, structural, and compositional evolution on rutile-structured TiO2(110).&lt;br/&gt;&lt;br/&gt;If successful, this research program will lead to the development of high-performance transition-metal oxide catalysts and catalyst support materials, thermophotovoltaics, and other devices. The project will encourage the participation of underrepresented students and promote awareness among high-school students to pursue higher education in science and engineering at UCLA. Research results will be integrated into courses for the benefit of students and disseminated through presentations and publications. A focused session emphasizing in situ microscopy studies of surface and interface dynamics will be organized to enhance awareness about this topic.</AbstractNarration>
    <MinAmdLetterDate>09/11/2012</MinAmdLetterDate>
    <MaxAmdLetterDate>09/11/2012</MaxAmdLetterDate>
    <ARRAAmount/>
    <AwardID>1200547</AwardID>
    <Investigator>
      <FirstName>Suneel</FirstName>
      <LastName>Kodambaka</LastName>
      <EmailAddress>kodambaka@ucla.edu</EmailAddress>
      <StartDate>09/11/2012</StartDate>
      <EndDate/>
      <RoleCode>Principal Investigator</RoleCode>
    </Investigator>
    <Institution>
      <Name>University of California-Los Angeles</Name>
      <CityName>LOS ANGELES</CityName>
      <ZipCode>900951406</ZipCode>
      <PhoneNumber>3107940102</PhoneNumber>
      <StreetAddress>10889 Wilshire Boulevard</StreetAddress>
      <CountryName>United States</CountryName>
      <StateName>California</StateName>
      <StateCode>CA</StateCode>
    </Institution>
    <ProgramElement>
      <Code>1633</Code>
      <Text>MATERIALS AND SURFACE ENG</Text>
    </ProgramElement>
    <ProgramReference>
      <Code>1444</Code>
      <Text>SURFACE ENGINEERING</Text>
    </ProgramReference>
    <ProgramReference>
      <Code>8021</Code>
      <Text>Materials Engineering</Text>
    </ProgramReference>
    <ProgramReference>
      <Code>AMPP</Code>
      <Text>ADVANCED MATERIALS &amp; PROCESSING PROGRAM</Text>
    </ProgramReference>
  </Award>
</rootTag>
