<?xml version="1.0" encoding="UTF-8"?>

<rootTag>
  <Award>
    <AwardTitle>Collaborative Research: Using Cell Phone Data to Analyze the Continuum and Life Cycle of Disaster in Spatio-Temporal Movements</AwardTitle>
    <AwardEffectiveDate>09/01/2012</AwardEffectiveDate>
    <AwardExpirationDate>03/31/2016</AwardExpirationDate>
    <AwardAmount>236372</AwardAmount>
    <AwardInstrument>
      <Value>Standard Grant</Value>
    </AwardInstrument>
    <Organization>
      <Code>07030000</Code>
      <Directorate>
        <LongName>Directorate For Engineering</LongName>
      </Directorate>
      <Division>
        <LongName>Div Of Civil, Mechanical, &amp; Manufact Inn</LongName>
      </Division>
    </Organization>
    <ProgramOfficer>
      <SignBlockName>David Mendonca</SignBlockName>
    </ProgramOfficer>
    <AbstractNarration>Disasters create social disruption. As a result, everyday lives change severely. The amount of social disruption reflects the degree an event is a disaster. One way to capture the amount of social disruption is through the use of cell phone data. Normal, everyday cell phone use will be compared to disaster and post disaster use. As a result, it may be explained how much social disruption occurs from the disaster. Also, the process and speed an area returns to "normal (i.e., the pre-disaster patterns)" may be seen. Two recent, but different disasters (e.g., scope of area, speed of onset), will be selected for this study.&lt;br/&gt;&lt;br/&gt;This project?s unique approach uses the expertise of a civil engineer, sociologist, and a computer scientist. Math, computer science and travel behavior research will be combined to understand disasters. This project will improve how we understand social disruption as a disaster. It will also show how indirect measures can be used to study these events. Also, it will lay the foundation for using other measures to capture the idea of "social disruption." This project will also suggest that emergency managers can use these types of data to improve their emergency management capabilities.</AbstractNarration>
    <MinAmdLetterDate>04/10/2012</MinAmdLetterDate>
    <MaxAmdLetterDate>04/10/2012</MaxAmdLetterDate>
    <ARRAAmount/>
    <AwardID>1200275</AwardID>
    <Investigator>
      <FirstName>Cynthia</FirstName>
      <LastName>Chen</LastName>
      <EmailAddress>qzchen@u.washington.edu</EmailAddress>
      <StartDate>04/10/2012</StartDate>
      <EndDate/>
      <RoleCode>Principal Investigator</RoleCode>
    </Investigator>
    <Institution>
      <Name>University of Washington</Name>
      <CityName>Seattle</CityName>
      <ZipCode>981950001</ZipCode>
      <PhoneNumber>2065434043</PhoneNumber>
      <StreetAddress>4333 Brooklyn Ave NE</StreetAddress>
      <CountryName>United States</CountryName>
      <StateName>Washington</StateName>
      <StateCode>WA</StateCode>
    </Institution>
    <ProgramElement>
      <Code>1638</Code>
      <Text>INFRAST MGMT &amp; EXTREME EVENTS</Text>
    </ProgramElement>
    <ProgramReference>
      <Code>036E</Code>
      <Text>CIVIL INFRASTRUCTURE</Text>
    </ProgramReference>
    <ProgramReference>
      <Code>041E</Code>
      <Text>HAZARD AND DISASTER REDUCTION</Text>
    </ProgramReference>
    <ProgramReference>
      <Code>042E</Code>
      <Text>HAZARD AND DISASTER RESPONSE</Text>
    </ProgramReference>
    <ProgramReference>
      <Code>043E</Code>
      <Text>EARTHQUAKE ENGINEERING</Text>
    </ProgramReference>
    <ProgramReference>
      <Code>1576</Code>
      <Text>NATIONL EARTHQK HZRD REDCT PRG</Text>
    </ProgramReference>
    <ProgramReference>
      <Code>9102</Code>
      <Text>WOMEN, MINORITY, DISABLED, NEC</Text>
    </ProgramReference>
  </Award>
</rootTag>
