<?xml version="1.0" encoding="UTF-8"?>

<rootTag>
  <Award>
    <AwardTitle>Combinatorial Models in Schubert Geometry</AwardTitle>
    <AwardEffectiveDate>06/01/2012</AwardEffectiveDate>
    <AwardExpirationDate>05/31/2016</AwardExpirationDate>
    <AwardAmount>156300</AwardAmount>
    <AwardInstrument>
      <Value>Standard Grant</Value>
    </AwardInstrument>
    <Organization>
      <Code>03040000</Code>
      <Directorate>
        <LongName>Direct For Mathematical &amp; Physical Scien</LongName>
      </Directorate>
      <Division>
        <LongName>Division Of Mathematical Sciences</LongName>
      </Division>
    </Organization>
    <ProgramOfficer>
      <SignBlockName>Tomek Bartoszynski</SignBlockName>
    </ProgramOfficer>
    <AbstractNarration>The PI will investigate important combinatorial invariants related to Schubert varieties and other important subvarieties X of flag manifolds. Examples include the famous Kazhdan-Lusztig polynomials and Littlewood-Richardson coefficients. The goal is to construct combinatorial models for these objects as a means to discover common underlying discrete laws. One technique of analysis is via geometric degeneration of ``patches'' of X. Irreducible varieties are decomposed in the flat limit. Combinatorial analysis of the components of the decomposition informs about the original variety X.&lt;br/&gt;&lt;br/&gt;Flag varieties and their natural subvarieties (e.g., Schubert, Richardson, Peterson, Springer, K-orbit closures) form a fundamental cornerstone of the interplay between algebra, geometry and combinatorics. This project intends to expand and deepen our understanding of common features of invariants of these varieties.</AbstractNarration>
    <MinAmdLetterDate>04/25/2012</MinAmdLetterDate>
    <MaxAmdLetterDate>04/25/2012</MaxAmdLetterDate>
    <ARRAAmount/>
    <AwardID>1201595</AwardID>
    <Investigator>
      <FirstName>Alexander</FirstName>
      <LastName>Yong</LastName>
      <EmailAddress>ayong@uiuc.edu</EmailAddress>
      <StartDate>04/25/2012</StartDate>
      <EndDate/>
      <RoleCode>Principal Investigator</RoleCode>
    </Investigator>
    <Institution>
      <Name>University of Illinois at Urbana-Champaign</Name>
      <CityName>CHAMPAIGN</CityName>
      <ZipCode>618207473</ZipCode>
      <PhoneNumber>2173332187</PhoneNumber>
      <StreetAddress>SUITE A</StreetAddress>
      <CountryName>United States</CountryName>
      <StateName>Illinois</StateName>
      <StateCode>IL</StateCode>
    </Institution>
    <ProgramElement>
      <Code>1264</Code>
      <Text>ALGEBRA,NUMBER THEORY,AND COM</Text>
    </ProgramElement>
    <ProgramElement>
      <Code>7970</Code>
      <Text>Combinatorics</Text>
    </ProgramElement>
  </Award>
</rootTag>
