<?xml version="1.0" encoding="UTF-8"?>

<rootTag>
  <Award>
    <AwardTitle>GOALI: Portfolio of Renewable Energy Generation</AwardTitle>
    <AwardEffectiveDate>04/15/2012</AwardEffectiveDate>
    <AwardExpirationDate>03/31/2016</AwardExpirationDate>
    <AwardAmount>285000</AwardAmount>
    <AwardInstrument>
      <Value>Standard Grant</Value>
    </AwardInstrument>
    <Organization>
      <Code>07030000</Code>
      <Directorate>
        <LongName>Directorate For Engineering</LongName>
      </Directorate>
      <Division>
        <LongName>Div Of Civil, Mechanical, &amp; Manufact Inn</LongName>
      </Division>
    </Organization>
    <ProgramOfficer>
      <SignBlockName>Diwakar Gupta</SignBlockName>
    </ProgramOfficer>
    <AbstractNarration>The main objective of this project is to develop a stochastic portfolio optimization model to address the problem of renewable &lt;br/&gt;portfolio selection for a business entity with large real estate properties, and to develop algorithmic approaches for solving the underlying models. In addition to considering various renewable options, the model also includes battery storage since power storage can significantly increase the benefits of intermittent renewable sources. If the decisions of renewables are fixed, the remaining problem &lt;br/&gt;is a dynamic program with decisions of power distribution and how much power to store or extract from batteries in each hour. A further complicating factor resulting from a long time horizon is the requirement of battery replacement after reaching their lifespan. The overarching optimization problem minimizes the cost of installing renewable sources where the objective function is the value function &lt;br/&gt;of the aforementioned dynamic program, which depends on the installed renewable sources. Several algorithms will be designed for &lt;br/&gt;solving this unique optimization problem by exploiting the inherent structure.&lt;br/&gt;&lt;br/&gt;Due to technological advancements and fierce manufacturing competition, it is anticipated that many firms will find a positive return &lt;br/&gt;on investment on renewable on-site sources. Such on-site installations will directly benefit from the proposed models and algorithms. First, the models will assist decision makers in selecting the best options at a single site or across several sites. Second, uncertainties inherent in the business - grid prices, renewable energy credits, technological advancements, to name only a few of them&lt;br/&gt;will be directly incorporated in the models, which will provide robust solutions. General Motors will provide test cases of their existing renewable generation projects and those under consideration. The modeling framework and methodologies do not include anything specific to the automotive industry and thus can easily adopt by any entity owing large properties.</AbstractNarration>
    <MinAmdLetterDate>04/12/2012</MinAmdLetterDate>
    <MaxAmdLetterDate>04/12/2012</MaxAmdLetterDate>
    <ARRAAmount/>
    <AwardID>1201151</AwardID>
    <Investigator>
      <FirstName>Diego</FirstName>
      <LastName>Klabjan</LastName>
      <EmailAddress>d-klabjan@northwestern.edu</EmailAddress>
      <StartDate>04/12/2012</StartDate>
      <EndDate/>
      <RoleCode>Principal Investigator</RoleCode>
    </Investigator>
    <Investigator>
      <FirstName>Jorge</FirstName>
      <LastName>Arinez</LastName>
      <EmailAddress>jorge.arinez@gm.com</EmailAddress>
      <StartDate>04/12/2012</StartDate>
      <EndDate/>
      <RoleCode>Co-Principal Investigator</RoleCode>
    </Investigator>
    <Institution>
      <Name>Northwestern University</Name>
      <CityName>Evanston</CityName>
      <ZipCode>602013149</ZipCode>
      <PhoneNumber>8474913003</PhoneNumber>
      <StreetAddress>1801 Maple Ave.</StreetAddress>
      <CountryName>United States</CountryName>
      <StateName>Illinois</StateName>
      <StateCode>IL</StateCode>
    </Institution>
    <ProgramElement>
      <Code>1504</Code>
      <Text>GRANT OPP FOR ACAD LIA W/INDUS</Text>
    </ProgramElement>
    <ProgramElement>
      <Code>1787</Code>
      <Text>SERVICE ENTERPRISE SYSTEMS</Text>
    </ProgramElement>
    <ProgramReference>
      <Code>076E</Code>
      <Text>SERVICE ENTERPRISE SYSTEMS</Text>
    </ProgramReference>
    <ProgramReference>
      <Code>078E</Code>
      <Text>ENTERPRISE DESIGN &amp; LOGISTICS</Text>
    </ProgramReference>
    <ProgramReference>
      <Code>1504</Code>
      <Text>GRANT OPP FOR ACAD LIA W/INDUS</Text>
    </ProgramReference>
    <ProgramReference>
      <Code>9147</Code>
      <Text>GENERIC TECHNOL FOR MANUFACTURING CELLS</Text>
    </ProgramReference>
    <ProgramReference>
      <Code>MANU</Code>
      <Text>MANUFACTURING</Text>
    </ProgramReference>
  </Award>
</rootTag>
