<?xml version="1.0" encoding="UTF-8"?>

<rootTag>
  <Award>
    <AwardTitle>Chip-scale classical and quantum nonlinear photonic mixers</AwardTitle>
    <AwardEffectiveDate>07/01/2012</AwardEffectiveDate>
    <AwardExpirationDate>06/30/2016</AwardExpirationDate>
    <AwardAmount>375000</AwardAmount>
    <AwardInstrument>
      <Value>Continuing grant</Value>
    </AwardInstrument>
    <Organization>
      <Code>07010000</Code>
      <Directorate>
        <LongName>Directorate For Engineering</LongName>
      </Directorate>
      <Division>
        <LongName>Div Of Electrical, Commun &amp; Cyber Sys</LongName>
      </Division>
    </Organization>
    <ProgramOfficer>
      <SignBlockName>Mahmoud Fallahi</SignBlockName>
    </ProgramOfficer>
    <AbstractNarration>The objective of this program is to develop a chip-scale technology for compact and efficient nonlinear classical and quantum photonic mixers while maintaining compatibility with silicon integrated optoelectronics. Proposed research builds on recent accomplishments of slow-light enhanced nonlinearity which is 20x higher than that of conventional silicon nanophotonic waveguides, correlated photon generation via spontaneous four-wave mixing in long chains of low loss coupled silicon microring resonator waveguides, and telecom-band to infrared four-wave mixing conversion in nitride-clad silicon waveguides. Devices will be designed, fabricated and measured which combine electro-optic functionality, materials engineering and lithographic patterning to substantially improve the figures of merit of nonlinear optical frequency conversion applications. &lt;br/&gt;&lt;br/&gt;The intellectual merit is to develop chip-scale devices with orders-of-magnitude improvement in energy efficiency, and reduction in size, weight and cost, compared to fiber-based or crystal-based bulk nonlinear optical systems. Novel scientific insights will emerge from the systematic study of combined electro-optic and nonlinear optical phenomena in both the classical and quantum regime, bridging traditional barriers between those fields. The outcome of this project will be the creation of optoelectronic devices useful for data and free-space communication, chemical and biomolecular spectroscopy, sensing, metrology, cryptography, and quantum photonics.&lt;br/&gt;&lt;br/&gt;The broader impacts are to integrate several modern scientific disciplines, to which graduate students will gain valuable exposure and benefit from research collaborations with industry and government laboratories which provide broader perspective and scope for field applications of the novel scientific breakthroughs.</AbstractNarration>
    <MinAmdLetterDate>05/04/2012</MinAmdLetterDate>
    <MaxAmdLetterDate>05/06/2014</MaxAmdLetterDate>
    <ARRAAmount/>
    <AwardID>1201308</AwardID>
    <Investigator>
      <FirstName>Shayan</FirstName>
      <LastName>Mookherjea</LastName>
      <EmailAddress>smookherjea@ucsd.edu</EmailAddress>
      <StartDate>05/04/2012</StartDate>
      <EndDate/>
      <RoleCode>Principal Investigator</RoleCode>
    </Investigator>
    <Institution>
      <Name>University of California-San Diego</Name>
      <CityName>La Jolla</CityName>
      <ZipCode>920930934</ZipCode>
      <PhoneNumber>8585344896</PhoneNumber>
      <StreetAddress>Office of Contract &amp; Grant Admin</StreetAddress>
      <CountryName>United States</CountryName>
      <StateName>California</StateName>
      <StateCode>CA</StateCode>
    </Institution>
    <ProgramElement>
      <Code>1517</Code>
      <Text>ELECT, PHOTONICS, &amp; MAG DEVICE</Text>
    </ProgramElement>
    <ProgramReference>
      <Code>094E</Code>
      <Text>Optoelectronic devices</Text>
    </ProgramReference>
  </Award>
</rootTag>
