<?xml version="1.0" encoding="UTF-8"?>

<rootTag>
  <Award>
    <AwardTitle>Understanding the Failure Mechanisims of Nanoelectrodes in Li-Ion Batteries: Integrating Multiscale Modeling with In-situ Experimental Studies</AwardTitle>
    <AwardEffectiveDate>10/01/2012</AwardEffectiveDate>
    <AwardExpirationDate>06/30/2016</AwardExpirationDate>
    <AwardAmount>388264</AwardAmount>
    <AwardInstrument>
      <Value>Standard Grant</Value>
    </AwardInstrument>
    <Organization>
      <Code>07030000</Code>
      <Directorate>
        <LongName>Directorate For Engineering</LongName>
      </Directorate>
      <Division>
        <LongName>Div Of Civil, Mechanical, &amp; Manufact Inn</LongName>
      </Division>
    </Organization>
    <ProgramOfficer>
      <SignBlockName>Kara Peters</SignBlockName>
    </ProgramOfficer>
    <AbstractNarration>The research objective of this award is to elucidate the mechanisms of electro-chemically driven mechanical degradation in Si/C composite nanoelectrodes through an integrated experimental/computational approach. The nanoelectrodes consist of silicon nanocrystalline droplets deposited on the inner and outer surface of single-walled carbon nanotubes. This research has four tightly-integrated threads: i) develop first-principles based reactive force fields (ReaxFF) for Li-Si-C systems that enable large-scale atomistic simulations with quantum mechanical accuracy, ii) perform atomistic simulations with ReaxFF to extract basic thermodynamic properties of lithiated CNY and silicon nanodroplets as well as the kinetic parameters of lithium insertion, iii) develop an atomistically informed front-tracking finite element method to simulate and understand size-dependent morphological evolution, stress generation, and defect growth in nanoelectodes, and iv) perform in-situ electron microscopy studies of electrochemically driven deformation, defect nucleation, and growth at the nanoscale.&lt;br/&gt;&lt;br/&gt;This research will contribute both cutting edge numerical simulations and nanoscale in-situ experiments of the complex, coupled electrochemical-mechanical phenomena that occur in battery electrodes and lead to degradation and ultimately loss of battery capacity. The research is highly interdisciplinary and will involve interactions and visits with Sandia National Laboratories for the participating students; this will expose them to cutting-edge experimental facilities.</AbstractNarration>
    <MinAmdLetterDate>09/18/2012</MinAmdLetterDate>
    <MaxAmdLetterDate>09/18/2012</MaxAmdLetterDate>
    <ARRAAmount/>
    <AwardID>1201058</AwardID>
    <Investigator>
      <FirstName>Sulin</FirstName>
      <LastName>Zhang</LastName>
      <EmailAddress>suz10@psu.edu</EmailAddress>
      <StartDate>09/18/2012</StartDate>
      <EndDate/>
      <RoleCode>Principal Investigator</RoleCode>
    </Investigator>
    <Investigator>
      <FirstName>Adri</FirstName>
      <LastName>van Duin</LastName>
      <EmailAddress>acv13@psu.edu</EmailAddress>
      <StartDate>09/18/2012</StartDate>
      <EndDate/>
      <RoleCode>Co-Principal Investigator</RoleCode>
    </Investigator>
    <Institution>
      <Name>Pennsylvania State Univ University Park</Name>
      <CityName>UNIVERSITY PARK</CityName>
      <ZipCode>168027000</ZipCode>
      <PhoneNumber>8148651372</PhoneNumber>
      <StreetAddress>110 Technology Center Building</StreetAddress>
      <CountryName>United States</CountryName>
      <StateName>Pennsylvania</StateName>
      <StateCode>PA</StateCode>
    </Institution>
    <ProgramElement>
      <Code>1630</Code>
      <Text>Mechanics of Materials and Str</Text>
    </ProgramElement>
    <ProgramReference>
      <Code>022E</Code>
      <Text>SOLID MECHANICS</Text>
    </ProgramReference>
    <ProgramReference>
      <Code>024E</Code>
      <Text>MATERIALS DESIGN</Text>
    </ProgramReference>
    <ProgramReference>
      <Code>027E</Code>
      <Text>NANOMECHANICS</Text>
    </ProgramReference>
    <ProgramReference>
      <Code>9161</Code>
      <Text>SINGLE DIVISION/UNIVERSITY</Text>
    </ProgramReference>
    <ProgramReference>
      <Code>AMPP</Code>
      <Text>ADVANCED MATERIALS &amp; PROCESSING PROGRAM</Text>
    </ProgramReference>
  </Award>
</rootTag>
