<?xml version="1.0" encoding="UTF-8"?>

<rootTag>
  <Award>
    <AwardTitle>Student Travel Support for Programming Language Mentoring Workshop (PLMW 2012)</AwardTitle>
    <AwardEffectiveDate>11/15/2011</AwardEffectiveDate>
    <AwardExpirationDate>07/31/2012</AwardExpirationDate>
    <AwardAmount>15900</AwardAmount>
    <AwardInstrument>
      <Value>Standard Grant</Value>
    </AwardInstrument>
    <Organization>
      <Code>05010000</Code>
      <Directorate>
        <LongName>Direct For Computer &amp; Info Scie &amp; Enginr</LongName>
      </Directorate>
      <Division>
        <LongName>Division of Computing and Communication Foundations</LongName>
      </Division>
    </Organization>
    <ProgramOfficer>
      <SignBlockName>Sol J. Greenspan</SignBlockName>
    </ProgramOfficer>
    <AbstractNarration>The Programming Languages Mentoring Workshop (PLMW) will take place just before the flagship programming language conference, Principles of Programming Languages (POPL 2012). This grant will support 15 or more students to attend the PLMW event plus the POPL conference. While there is other funding available, this grant is intended specifically to increase the numbers of students from underrepresented groups and gives priority to US citizens and permanent residents. The broader impacts of the grant relate to the need to broaden participation, provide opportunities for students to receive mentoring from top members of the programming languages community, and build the next generation of researchers and knowledgeable practitioners in this important research arena.</AbstractNarration>
    <MinAmdLetterDate>11/10/2011</MinAmdLetterDate>
    <MaxAmdLetterDate>11/10/2011</MaxAmdLetterDate>
    <ARRAAmount/>
    <AwardID>1201858</AwardID>
    <Investigator>
      <FirstName>Stephanie</FirstName>
      <LastName>Weirich</LastName>
      <EmailAddress>sweirich@cis.upenn.edu</EmailAddress>
      <StartDate>11/10/2011</StartDate>
      <EndDate/>
      <RoleCode>Principal Investigator</RoleCode>
    </Investigator>
    <Institution>
      <Name>University of Pennsylvania</Name>
      <CityName>Philadelphia</CityName>
      <ZipCode>191046205</ZipCode>
      <PhoneNumber>2158987293</PhoneNumber>
      <StreetAddress>Research Services</StreetAddress>
      <CountryName>United States</CountryName>
      <StateName>Pennsylvania</StateName>
      <StateCode>PA</StateCode>
    </Institution>
  </Award>
</rootTag>
