<?xml version="1.0" encoding="UTF-8"?>

<rootTag>
  <Award>
    <AwardTitle>Tailoring the Energy Levels of Donor and Acceptor in Organic Photovoltaics for Increased Photovoltage with Ferroelectric Dipole Layer</AwardTitle>
    <AwardEffectiveDate>07/01/2012</AwardEffectiveDate>
    <AwardExpirationDate>06/30/2016</AwardExpirationDate>
    <AwardAmount>416000</AwardAmount>
    <AwardInstrument>
      <Value>Standard Grant</Value>
    </AwardInstrument>
    <Organization>
      <Code>07010000</Code>
      <Directorate>
        <LongName>Directorate For Engineering</LongName>
      </Directorate>
      <Division>
        <LongName>Div Of Electrical, Commun &amp; Cyber Sys</LongName>
      </Division>
    </Organization>
    <ProgramOfficer>
      <SignBlockName>Radhakisan S. Baheti</SignBlockName>
    </ProgramOfficer>
    <AbstractNarration>This project is jointly funded by the Energy, Power, and Adaptive Systems Program (EPAS) in the Division of Electrical, Communications and Cyber Systems (ECCS) and the Electronic and Photonic Materials Program (EPM) in the Division of Materials Research (DMR).&lt;br/&gt;&lt;br/&gt;Research Objectives and Approaches. The objective of this research is to enable large efficiency improvements of Organic Photovoltaic (OPV) devices by focusing on the leading cause of efficiency reduction in OPV devices which occurs in the charge transfer process from donor to acceptor molecules. The approach is to insert an electric dipole layer between the semiconductor donor and acceptor layers to minimize the energy loss with tuned the relative energy levels. &lt;br/&gt;&lt;br/&gt;Intellectual merit. This project provides a unique device design rule to increase the open circuit voltage of OPV devices potentially to the thermodynamic limit. This device structure can be applied in any existing polymer system to boost the efficiency without compromising other properties such as the current output or device stability. This is a transformational approach because of its potential to transform OPVs from laboratory subject to vital technology. In addition, the proposed research will provide new fundamental insight into the physics of charge photogeneration, charge collection, and the factors determining photovoltage output of OPV devices. &lt;br/&gt;&lt;br/&gt;Broader Impact. The project activities will make significant contributions to scientific knowledge, education, outreach, and will benefit society through technology transfer, training the next generation of scientists and engineers, and informing society about the excitement of organic solar energy production. The project will provide graduate students with innovative opportunities such as industry research experience for graduate students. This project will promote teaching, training, and learning by involving undergraduate involved in the inherently interdisciplinary cooperative research activities and recruiting students from minorities and underrepresented groups.</AbstractNarration>
    <MinAmdLetterDate>06/26/2012</MinAmdLetterDate>
    <MaxAmdLetterDate>05/17/2013</MaxAmdLetterDate>
    <ARRAAmount/>
    <AwardID>1201384</AwardID>
    <Investigator>
      <FirstName>Jinsong</FirstName>
      <LastName>Huang</LastName>
      <EmailAddress>jhuang2@unl.edu</EmailAddress>
      <StartDate>06/26/2012</StartDate>
      <EndDate/>
      <RoleCode>Principal Investigator</RoleCode>
    </Investigator>
    <Investigator>
      <FirstName>Stephen</FirstName>
      <LastName>Ducharme</LastName>
      <EmailAddress>sducharme1@unl.edu</EmailAddress>
      <StartDate>06/26/2012</StartDate>
      <EndDate/>
      <RoleCode>Co-Principal Investigator</RoleCode>
    </Investigator>
    <Institution>
      <Name>University of Nebraska-Lincoln</Name>
      <CityName>Lincoln</CityName>
      <ZipCode>685031435</ZipCode>
      <PhoneNumber>4024723171</PhoneNumber>
      <StreetAddress>151 Prem S. Paul Research Center</StreetAddress>
      <CountryName>United States</CountryName>
      <StateName>Nebraska</StateName>
      <StateCode>NE</StateCode>
    </Institution>
    <ProgramElement>
      <Code>1253</Code>
      <Text>OFFICE OF MULTIDISCIPLINARY AC</Text>
    </ProgramElement>
    <ProgramElement>
      <Code>1775</Code>
      <Text>ELECTRONIC/PHOTONIC MATERIALS</Text>
    </ProgramElement>
    <ProgramElement>
      <Code>7607</Code>
      <Text>ENERGY,POWER,ADAPTIVE SYS</Text>
    </ProgramElement>
    <ProgramReference>
      <Code>1253</Code>
      <Text>OFFICE OF MULTIDISCIPLINARY AC</Text>
    </ProgramReference>
    <ProgramReference>
      <Code>7237</Code>
      <Text>NANO NON-SOLIC SCI &amp; ENG AWD</Text>
    </ProgramReference>
    <ProgramReference>
      <Code>7423</Code>
      <Text>Energy collection &amp; storage</Text>
    </ProgramReference>
    <ProgramReference>
      <Code>7644</Code>
      <Text>ENERGY FOR SUSTAINABILITY</Text>
    </ProgramReference>
    <ProgramReference>
      <Code>9150</Code>
      <Text>EXP PROG TO STIM COMP RES</Text>
    </ProgramReference>
    <ProgramReference>
      <Code>9162</Code>
      <Text>MULTI DIVISION/UNIVERSITY</Text>
    </ProgramReference>
    <ProgramReference>
      <Code>9251</Code>
      <Text>RES EXPER FOR UNDERGRAD-SUPPLT</Text>
    </ProgramReference>
  </Award>
</rootTag>
