<?xml version="1.0" encoding="UTF-8"?>

<rootTag>
  <Award>
    <AwardTitle>Noncommutative surfaces and Calabi-Yau algebras</AwardTitle>
    <AwardEffectiveDate>07/01/2012</AwardEffectiveDate>
    <AwardExpirationDate>06/30/2016</AwardExpirationDate>
    <AwardAmount>180144</AwardAmount>
    <AwardInstrument>
      <Value>Standard Grant</Value>
    </AwardInstrument>
    <Organization>
      <Code>03040000</Code>
      <Directorate>
        <LongName>Direct For Mathematical &amp; Physical Scien</LongName>
      </Directorate>
      <Division>
        <LongName>Division Of Mathematical Sciences</LongName>
      </Division>
    </Organization>
    <ProgramOfficer>
      <SignBlockName>Andrew D. Pollington</SignBlockName>
    </ProgramOfficer>
    <AbstractNarration>Noncommutative algebraic geometry generalizes certain aspects of the correspondence between commutative rings and schemes to the setting of noncommutative rings. In particular, noncommutative projective geometry uses a localization of the category of graded modules over a noncommutative graded ring as a substitute for a category of coherent sheaves. A major goal of this project is to advance the classification of noncommutative projective surfaces. We continue to study surfaces in the birational classes of noncommutative projective planes, especially those of Sklyanin type. Calabi-Yau algebras are an important class of noncommutative algebras with good homological properties, which are related to commutative Calabi-Yau varieties. For example, in certain cases they can be seen as providing noncommutative resolutions of singular varieties. In this project, we also propose to study certain classes of graded Calabi-Yau algebras which are closely connected to noncommutative projective geometry.&lt;br/&gt;&lt;br/&gt;The set of all functions from a geometric space to the real numbers has a natural addition and multiplication. A set with an addition and multiplication is called a ring, and the example above is called the coordinate ring of the space. Its algebraic properties often reflect and give information about the underlying geometry of the space. The goal of noncommutative geometry, which is the subject of this project, is to generalize to rings which do not directly arise as coordinate rings of spaces, because the product of two elements in these rings depends on the order you multiply them. Though there is no underlying space, the algebra of these rings can have deep structure that allows one to still study them in a geometric way. As an example, certain noncommutative rings can be thought of as giving a noncommutative resolution of a singular commutative space (the space is not smooth but has sharp points, and the resolution smooths it out). Our main project concerns the classification of noncommutative surfaces (2-dimensional spaces) and the structure of Calabi-Yau algebras, which are noncommutative rings motivated originally by string theory in theoretical physics.</AbstractNarration>
    <MinAmdLetterDate>03/07/2012</MinAmdLetterDate>
    <MaxAmdLetterDate>03/07/2012</MaxAmdLetterDate>
    <ARRAAmount/>
    <AwardID>1201572</AwardID>
    <Investigator>
      <FirstName>Daniel</FirstName>
      <LastName>Rogalski</LastName>
      <EmailAddress>drogalsk@math.ucsd.edu</EmailAddress>
      <StartDate>03/07/2012</StartDate>
      <EndDate/>
      <RoleCode>Principal Investigator</RoleCode>
    </Investigator>
    <Institution>
      <Name>University of California-San Diego</Name>
      <CityName>La Jolla</CityName>
      <ZipCode>920930934</ZipCode>
      <PhoneNumber>8585344896</PhoneNumber>
      <StreetAddress>Office of Contract &amp; Grant Admin</StreetAddress>
      <CountryName>United States</CountryName>
      <StateName>California</StateName>
      <StateCode>CA</StateCode>
    </Institution>
    <ProgramElement>
      <Code>1264</Code>
      <Text>ALGEBRA,NUMBER THEORY,AND COM</Text>
    </ProgramElement>
  </Award>
</rootTag>
