<?xml version="1.0" encoding="UTF-8"?>

<rootTag>
  <Award>
    <AwardTitle>2012 Presidential Awards for Excellence in Science, Mathematics, and Engineering Mentoring (PAESMEM) Awardee: Dr. John Brooks Slaughter (Individual Category)</AwardTitle>
    <AwardEffectiveDate>05/01/2015</AwardEffectiveDate>
    <AwardExpirationDate>10/31/2015</AwardExpirationDate>
    <AwardAmount>10000</AwardAmount>
    <AwardInstrument>
      <Value>Standard Grant</Value>
    </AwardInstrument>
    <Organization>
      <Code>11060000</Code>
      <Directorate>
        <LongName>Direct For Education and Human Resources</LongName>
      </Directorate>
      <Division>
        <LongName>Division Of Human Resource Development</LongName>
      </Division>
    </Organization>
    <ProgramOfficer>
      <SignBlockName>Martha L. James</SignBlockName>
    </ProgramOfficer>
    <AbstractNarration>The Presidential Awards for Excellence in Science, Mathematics and Engineering Mentoring (PAESMEM) is an honorary award. The National Science Foundation (NSF) administers the award program on behalf of the White House Office of Science and Technology Policy (OSTP). &lt;br/&gt;&lt;br/&gt;The awards are bestowed for excellence in science, technology, engineering and mathematics (STEM), including biomedical, mentoring accomplishments. Award recipients receive a citation signed by the President of the United States, a paid trip for two to the nation's capital to attend a recognition ceremony, and a $10,000 honorary award.&lt;br/&gt;&lt;br/&gt;The White House announced seven awardees from the 2013 competition on March 27, 2015. Among the awardees are seven individuals. No organizations were selected for the award in 2013. The awardees represent the following states: California, District of Columbia, Florida, Massachusetts, New York, and Texas.</AbstractNarration>
    <MinAmdLetterDate>04/30/2015</MinAmdLetterDate>
    <MaxAmdLetterDate>04/30/2015</MaxAmdLetterDate>
    <ARRAAmount/>
    <AwardID>1201792</AwardID>
    <Investigator>
      <FirstName>John</FirstName>
      <LastName>Slaughter</LastName>
      <EmailAddress/>
      <StartDate>04/30/2015</StartDate>
      <EndDate/>
      <RoleCode>Principal Investigator</RoleCode>
    </Investigator>
    <Institution>
      <Name>Slaughter John B</Name>
      <CityName>Los Angeles</CityName>
      <ZipCode>900894031</ZipCode>
      <PhoneNumber/>
      <StreetAddress/>
      <CountryName>United States</CountryName>
      <StateName>California</StateName>
      <StateCode>CA</StateCode>
    </Institution>
    <ProgramElement>
      <Code>1593</Code>
      <Text>PRES AWDS FOR EXCELL IN SCI</Text>
    </ProgramElement>
  </Award>
</rootTag>
