<?xml version="1.0" encoding="UTF-8"?>

<rootTag>
  <Award>
    <AwardTitle>Collaborative Research: Sprites Using High Temporal and Spatial Optical Imaging</AwardTitle>
    <AwardEffectiveDate>09/15/2012</AwardEffectiveDate>
    <AwardExpirationDate>08/31/2015</AwardExpirationDate>
    <AwardAmount>91885</AwardAmount>
    <AwardInstrument>
      <Value>Interagency Agreement</Value>
    </AwardInstrument>
    <Organization>
      <Code>06020201</Code>
      <Directorate>
        <LongName>Directorate For Geosciences</LongName>
      </Directorate>
      <Division>
        <LongName>Div Atmospheric &amp; Geospace Sciences</LongName>
      </Division>
    </Organization>
    <ProgramOfficer>
      <SignBlockName>Ruth S. Lieberman</SignBlockName>
    </ProgramOfficer>
    <AbstractNarration/>
    <MinAmdLetterDate>09/11/2012</MinAmdLetterDate>
    <MaxAmdLetterDate>07/31/2014</MaxAmdLetterDate>
    <ARRAAmount/>
    <AwardID>1201683</AwardID>
    <Investigator>
      <FirstName>Matthew</FirstName>
      <LastName>McHarg</LastName>
      <EmailAddress>Matthew.McHarg@usafa.edu</EmailAddress>
      <StartDate>09/11/2012</StartDate>
      <EndDate/>
      <RoleCode>Principal Investigator</RoleCode>
    </Investigator>
    <Institution>
      <Name>United States Air Force Academy</Name>
      <CityName>USAF Academy</CityName>
      <ZipCode>808406208</ZipCode>
      <PhoneNumber>7193334195</PhoneNumber>
      <StreetAddress>HQ USAF Academy</StreetAddress>
      <CountryName>United States</CountryName>
      <StateName>Colorado</StateName>
      <StateCode>CO</StateCode>
    </Institution>
    <ProgramElement>
      <Code>1521</Code>
      <Text>AERONOMY</Text>
    </ProgramElement>
    <ProgramReference>
      <Code>OTHR</Code>
      <Text>OTHER RESEARCH OR EDUCATION</Text>
    </ProgramReference>
  </Award>
</rootTag>
