<?xml version="1.0" encoding="UTF-8"?>

<rootTag>
  <Award>
    <AwardTitle>Magnetic Reconnection near the Dreicer Limit</AwardTitle>
    <AwardEffectiveDate>06/15/2012</AwardEffectiveDate>
    <AwardExpirationDate>05/31/2016</AwardExpirationDate>
    <AwardAmount>190000</AwardAmount>
    <AwardInstrument>
      <Value>Continuing grant</Value>
    </AwardInstrument>
    <Organization>
      <Code>06020203</Code>
      <Directorate>
        <LongName>Directorate For Geosciences</LongName>
      </Directorate>
      <Division>
        <LongName>Div Atmospheric &amp; Geospace Sciences</LongName>
      </Division>
    </Organization>
    <ProgramOfficer>
      <SignBlockName>Ilia I. Roussev</SignBlockName>
    </ProgramOfficer>
    <AbstractNarration>The Principal Investigator (PI) will perform a comprehensive theoretical study of the poorly explored and important regime of weakly collisional reconnection in plasmas, where Coulomb collisions play a role, but where reconnection electric fields are comparable to, or larger than, the Dreicer limit for runaway electrons. These results will have direct scientific application to describing reconnection processes in the solar corona and transition region. The PI intends to quantify the practical consequences of such reconnection, such as bulk plasma heating and particle acceleration, using self-consistent modeling and state-of-the-art, fully kinetic, particle-in-cell simulations with a Monte-Carlo treatment of the Coulomb collisions, in order to provide a first-principles description of the relevant physics. &lt;br/&gt;&lt;br/&gt;The PI notes that this research will have widespread applications in a variety of sub-fields of plasma physics. This project's educational objectives include the training of a postdoctoral researcher in reconnection physics, petascale computing, and scientific visualization. In addition, the PI's employer, SciberQuest, Inc., has an ongoing partnership with the San Diego Supercomputer Center's internship program entitled "Research Experience for High School Students" (REHS). As part of this project, the PI will mentor two students per year through the REHS program.</AbstractNarration>
    <MinAmdLetterDate>06/26/2012</MinAmdLetterDate>
    <MaxAmdLetterDate>06/30/2014</MaxAmdLetterDate>
    <ARRAAmount/>
    <AwardID>1202152</AwardID>
    <Investigator>
      <FirstName>Vadim</FirstName>
      <LastName>Roytershteyn</LastName>
      <EmailAddress>vroytershteyn@spacescience.org</EmailAddress>
      <StartDate>06/26/2012</StartDate>
      <EndDate/>
      <RoleCode>Principal Investigator</RoleCode>
    </Investigator>
    <Institution>
      <Name>SciberQuest</Name>
      <CityName>Del Mar</CityName>
      <ZipCode>920143758</ZipCode>
      <PhoneNumber>8587937063</PhoneNumber>
      <StreetAddress>12837 caminito del canto</StreetAddress>
      <CountryName>United States</CountryName>
      <StateName>California</StateName>
      <StateCode>CA</StateCode>
    </Institution>
    <ProgramElement>
      <Code>1523</Code>
      <Text>SOLAR-TERRESTRIAL</Text>
    </ProgramElement>
    <ProgramReference>
      <Code>1062</Code>
      <Text>BASIC PLASMA SCIENCE &amp; ENGINEERING</Text>
    </ProgramReference>
    <ProgramReference>
      <Code>1242</Code>
      <Text>PLASMA PHYSICS</Text>
    </ProgramReference>
    <ProgramReference>
      <Code>OTHR</Code>
      <Text>OTHER RESEARCH OR EDUCATION</Text>
    </ProgramReference>
  </Award>
</rootTag>
