<?xml version="1.0" encoding="UTF-8"?>

<rootTag>
  <Award>
    <AwardTitle>GOALI: Wire Grid Color Filters for Energy Efficient Displays</AwardTitle>
    <AwardEffectiveDate>05/15/2012</AwardEffectiveDate>
    <AwardExpirationDate>12/31/2015</AwardExpirationDate>
    <AwardAmount>300000</AwardAmount>
    <AwardInstrument>
      <Value>Standard Grant</Value>
    </AwardInstrument>
    <Organization>
      <Code>07010000</Code>
      <Directorate>
        <LongName>Directorate For Engineering</LongName>
      </Directorate>
      <Division>
        <LongName>Div Of Electrical, Commun &amp; Cyber Sys</LongName>
      </Division>
    </Organization>
    <ProgramOfficer>
      <SignBlockName>Mahmoud Fallahi</SignBlockName>
    </ProgramOfficer>
    <AbstractNarration>The objective of this program is to explore a new class of spectrum filters that can increase the energy efficiency of the LCD displays and potentially energy-harvesting display media. Collaborating with industry will allow large area prototype to be fabricated and evaluted for display applications. &lt;br/&gt;The intellectual merit is to exploit resonance effect of nanophotonic elements for energy efficiency spectrum filtering, and can be made compatible with LCD operation. Non-transmitted light can be recycled. An energy harvesting scheme is also proposed by integrating photovoltaic function into the display color filters that can harvest the ambient light and/or the backlight energy. The metal wire grid acting as transparent electrode provide multiple functions in such photovoltaic-integrated display system. &lt;br/&gt;The broader impacts are to develop transformative new technology and education program that will benefit the flat panel display and photovoltaics fields. Technologies that can provide significantly improved energy efficiency are in high demand in our world today. The proposed research provides a paradigm change to the spectrum filters used in display and imaging systems, and points to a new direction to harvest energy for mobile computing applications. The research component of this research will be enhanced by the integration of the education and outreach components.</AbstractNarration>
    <MinAmdLetterDate>05/04/2012</MinAmdLetterDate>
    <MaxAmdLetterDate>05/04/2012</MaxAmdLetterDate>
    <ARRAAmount/>
    <AwardID>1202046</AwardID>
    <Investigator>
      <FirstName>Lingjie</FirstName>
      <LastName>Guo</LastName>
      <EmailAddress>guo@umich.edu</EmailAddress>
      <StartDate>05/04/2012</StartDate>
      <EndDate/>
      <RoleCode>Principal Investigator</RoleCode>
    </Investigator>
    <Investigator>
      <FirstName>Seong-Eun</FirstName>
      <LastName>Chung</LastName>
      <EmailAddress>cse3015@samsung.com</EmailAddress>
      <StartDate>05/04/2012</StartDate>
      <EndDate/>
      <RoleCode>Co-Principal Investigator</RoleCode>
    </Investigator>
    <Institution>
      <Name>University of Michigan Ann Arbor</Name>
      <CityName>Ann Arbor</CityName>
      <ZipCode>481091274</ZipCode>
      <PhoneNumber>7347636438</PhoneNumber>
      <StreetAddress>3003 South State St. Room 1062</StreetAddress>
      <CountryName>United States</CountryName>
      <StateName>Michigan</StateName>
      <StateCode>MI</StateCode>
    </Institution>
    <ProgramElement>
      <Code>1504</Code>
      <Text>GRANT OPP FOR ACAD LIA W/INDUS</Text>
    </ProgramElement>
    <ProgramElement>
      <Code>1517</Code>
      <Text>ELECT, PHOTONICS, &amp; MAG DEVICE</Text>
    </ProgramElement>
    <ProgramReference>
      <Code>101E</Code>
      <Text>Printed and flexible electronics</Text>
    </ProgramReference>
    <ProgramReference>
      <Code>1504</Code>
      <Text>GRANT OPP FOR ACAD LIA W/INDUS</Text>
    </ProgramReference>
  </Award>
</rootTag>
