<?xml version="1.0" encoding="UTF-8"?>

<rootTag>
  <Award>
    <AwardTitle>LSAMP Alaska Alliance Senior Level</AwardTitle>
    <AwardEffectiveDate>09/15/2012</AwardEffectiveDate>
    <AwardExpirationDate>08/31/2017</AwardExpirationDate>
    <AwardAmount>1250000</AwardAmount>
    <AwardInstrument>
      <Value>Standard Grant</Value>
    </AwardInstrument>
    <Organization>
      <Code>11060000</Code>
      <Directorate>
        <LongName>Direct For Education and Human Resources</LongName>
      </Directorate>
      <Division>
        <LongName>Division Of Human Resource Development</LongName>
      </Division>
    </Organization>
    <ProgramOfficer>
      <SignBlockName>Dr. A. James Hicks</SignBlockName>
    </ProgramOfficer>
    <AbstractNarration>The LSAMP Alaska Alliance is the BS STEM undergraduate portion of a comprehensive longitudinal model that starts with middle school students, extends through high school, into the undergraduate years, on to graduate school and into the professions. The project objective is to effect a systemic change in the hiring patterns in the fields of science, technology, engineering and mathematics (STEM) by increasing the number of individuals on a career path to leadership in STEM fields.&lt;br/&gt;&lt;br/&gt;LSAMP senior level funding will allow for:&lt;br/&gt;1. additional improvements to the undergraduate education experience by building upon the work we are doing at the critical junctures of the transition between high school and college and the transition from undergraduate to graduate school &lt;br/&gt;2. expansion of capacity for undergraduate research; &lt;br/&gt;3. building capacity to conduct international research projects; and &lt;br/&gt;4. strengthening LSAMP presence on the Alliance Community campuses.</AbstractNarration>
    <MinAmdLetterDate>09/15/2012</MinAmdLetterDate>
    <MaxAmdLetterDate>09/15/2012</MaxAmdLetterDate>
    <ARRAAmount/>
    <AwardID>1202568</AwardID>
    <Investigator>
      <FirstName>Herb</FirstName>
      <LastName>Schroeder</LastName>
      <EmailAddress>herb@uaa.alaska.edu</EmailAddress>
      <StartDate>09/15/2012</StartDate>
      <EndDate/>
      <RoleCode>Principal Investigator</RoleCode>
    </Investigator>
    <Institution>
      <Name>University of Alaska Anchorage Campus</Name>
      <CityName>ANCHORAGE</CityName>
      <ZipCode>995084614</ZipCode>
      <PhoneNumber>9077861065</PhoneNumber>
      <StreetAddress>3211 PROVIDENCE DRIVE</StreetAddress>
      <CountryName>United States</CountryName>
      <StateName>Alaska</StateName>
      <StateCode>AK</StateCode>
    </Institution>
    <ProgramElement>
      <Code>9133</Code>
      <Text>ALLIANCES-MINORITY PARTICIPAT.</Text>
    </ProgramElement>
    <ProgramReference>
      <Code>9150</Code>
      <Text>EXP PROG TO STIM COMP RES</Text>
    </ProgramReference>
  </Award>
</rootTag>
