<?xml version="1.0" encoding="UTF-8"?>

<rootTag>
  <Award>
    <AwardTitle>IISWC 2011 Student Travel Grants</AwardTitle>
    <AwardEffectiveDate>11/01/2011</AwardEffectiveDate>
    <AwardExpirationDate>10/31/2012</AwardExpirationDate>
    <AwardAmount>5000</AwardAmount>
    <AwardInstrument>
      <Value>Standard Grant</Value>
    </AwardInstrument>
    <Organization>
      <Code>05050000</Code>
      <Directorate>
        <LongName>Direct For Computer &amp; Info Scie &amp; Enginr</LongName>
      </Directorate>
      <Division>
        <LongName>Division Of Computer and Network Systems</LongName>
      </Division>
    </Organization>
    <ProgramOfficer>
      <SignBlockName>Krishna Kant</SignBlockName>
    </ProgramOfficer>
    <AbstractNarration>This project will support student to attend the IEEE International Symposium on Workload Characterization (IISWC) to be held in Austin, TX, Nov 6-8, 2011. IISWC is a long running and well recognized workshop dedicated to the crucial topic of workload characterization, and this funding provides students to be exposed to this important workshop on workload modeling and characterization.</AbstractNarration>
    <MinAmdLetterDate>10/27/2011</MinAmdLetterDate>
    <MaxAmdLetterDate>10/27/2011</MaxAmdLetterDate>
    <ARRAAmount/>
    <AwardID>1202396</AwardID>
    <Investigator>
      <FirstName>Lizy</FirstName>
      <LastName>John</LastName>
      <EmailAddress>ljohn@ece.utexas.edu</EmailAddress>
      <StartDate>10/27/2011</StartDate>
      <EndDate/>
      <RoleCode>Principal Investigator</RoleCode>
    </Investigator>
    <Institution>
      <Name>University of Texas at Austin</Name>
      <CityName>Austin</CityName>
      <ZipCode>787121532</ZipCode>
      <PhoneNumber>5124716424</PhoneNumber>
      <StreetAddress>101 E. 27th Street, Suite 5.300</StreetAddress>
      <CountryName>United States</CountryName>
      <StateName>Texas</StateName>
      <StateCode>TX</StateCode>
    </Institution>
  </Award>
</rootTag>
