<?xml version="1.0" encoding="UTF-8"?>

<rootTag>
  <Award>
    <AwardTitle>GOALI: Realizing the Promise of III-N-Epitaxy Enabled by III-N Substrates</AwardTitle>
    <AwardEffectiveDate>07/01/2012</AwardEffectiveDate>
    <AwardExpirationDate>06/30/2015</AwardExpirationDate>
    <AwardAmount>439995</AwardAmount>
    <AwardInstrument>
      <Value>Standard Grant</Value>
    </AwardInstrument>
    <Organization>
      <Code>07010000</Code>
      <Directorate>
        <LongName>Directorate For Engineering</LongName>
      </Directorate>
      <Division>
        <LongName>Div Of Electrical, Commun &amp; Cyber Sys</LongName>
      </Division>
    </Organization>
    <ProgramOfficer>
      <SignBlockName>Mahmoud Fallahi</SignBlockName>
    </ProgramOfficer>
    <AbstractNarration>The objective of this collaborative program, partnering Duke University and Kyma Technologies, Inc., is to further the fundamental understanding and related process and manufacturing practice of the nucleation and subsequent epitaxial growth of III-N device structures on native III-N substrates and templates. The focus is on assessing the root causes of current limitations in materials quality and manufacturing yield and cost of III-N devices which will, in turn, serve to help develop and implement sound engineering strategies for more robust, high yield processes. The III-N device market is expected to reach $100B or more over the long term driven primarily by energy-efficient solid-state lighting and power electronics.&lt;br/&gt;&lt;br/&gt;The intellectual merit of the research derives from determining which physical, chemical, and morphological characteristics of III-N substrates dominate nucleation processes thereby establishing thin-film microstructure determining device-critical electronic and optical properties. The metrics for substrate properties, in addition to the epitaxial growth processes and film structures for creating device-quality substrate-epitaxial layer interfaces and buffer layers, will be articulated.&lt;br/&gt;&lt;br/&gt;The broader impacts of this project are both the strong social and environmental impacts of the realization of safe and energy-efficient light emitters and electronic devices, as well as enhancing the semiconductor device and materials workforce through the collaborative engagement of engineering students, industry scientists/engineers, and faculty. A new forum, POISE (PhD Opportunities in Small-Business Enterprises) will be created with the aim of preparing, transitioning, and retaining PhD students in industry.</AbstractNarration>
    <MinAmdLetterDate>06/21/2012</MinAmdLetterDate>
    <MaxAmdLetterDate>06/21/2012</MaxAmdLetterDate>
    <ARRAAmount/>
    <AwardID>1202132</AwardID>
    <Investigator>
      <FirstName>Ziad</FirstName>
      <LastName>Herro</LastName>
      <EmailAddress>herro@kymatech.com</EmailAddress>
      <StartDate>06/21/2012</StartDate>
      <EndDate/>
      <RoleCode>Co-Principal Investigator</RoleCode>
    </Investigator>
    <Investigator>
      <FirstName>April</FirstName>
      <LastName>Brown</LastName>
      <EmailAddress>abrown@ee.duke.edu</EmailAddress>
      <StartDate>06/21/2012</StartDate>
      <EndDate/>
      <RoleCode>Principal Investigator</RoleCode>
    </Investigator>
    <Institution>
      <Name>Duke University</Name>
      <CityName>Durham</CityName>
      <ZipCode>277054010</ZipCode>
      <PhoneNumber>9196843030</PhoneNumber>
      <StreetAddress>2200 W. Main St, Suite 710</StreetAddress>
      <CountryName>United States</CountryName>
      <StateName>North Carolina</StateName>
      <StateCode>NC</StateCode>
    </Institution>
    <ProgramElement>
      <Code>1504</Code>
      <Text>GRANT OPP FOR ACAD LIA W/INDUS</Text>
    </ProgramElement>
    <ProgramElement>
      <Code>1517</Code>
      <Text>ELECT, PHOTONICS, &amp; MAG DEVICE</Text>
    </ProgramElement>
    <ProgramReference>
      <Code>094E</Code>
      <Text>Optoelectronic devices</Text>
    </ProgramReference>
    <ProgramReference>
      <Code>1504</Code>
      <Text>GRANT OPP FOR ACAD LIA W/INDUS</Text>
    </ProgramReference>
  </Award>
</rootTag>
