<?xml version="1.0" encoding="UTF-8"?>

<rootTag>
  <Award>
    <AwardTitle>Studies in Charm Physics</AwardTitle>
    <AwardEffectiveDate>06/01/2012</AwardEffectiveDate>
    <AwardExpirationDate>05/31/2014</AwardExpirationDate>
    <AwardAmount>220000</AwardAmount>
    <AwardInstrument>
      <Value>Standard Grant</Value>
    </AwardInstrument>
    <Organization>
      <Code>03010000</Code>
      <Directorate>
        <LongName>Direct For Mathematical &amp; Physical Scien</LongName>
      </Directorate>
      <Division>
        <LongName>Division Of Physics</LongName>
      </Division>
    </Organization>
    <ProgramOfficer>
      <SignBlockName>Randal Ruchti</SignBlockName>
    </ProgramOfficer>
    <AbstractNarration>The Rochester Group will be conducting research on BES-III in Beijing with the goals to study in open-charm production and to measure, with high precision through Dalitz analysis, phase information on the decays of neutral D mesons into Kshort pi pi final states with different tags for CP even and CP odd. This information can then be used by B factories and LHCb to determine the value of the CKM mixing angle gamma (or Phi3). Additional aspects of the program include the study of radiative decays of D mesons and searches for rare/forbidden decays, which are highly suppressed in the Standard Model, and if observed would be indicative of new physics. The Broader Impacts of the program included assisting with the Rochester PREP program, a summer program for high-school age women to promote further science interest in those who have yet to take high school physics.</AbstractNarration>
    <MinAmdLetterDate>05/17/2012</MinAmdLetterDate>
    <MaxAmdLetterDate>05/17/2012</MaxAmdLetterDate>
    <ARRAAmount/>
    <AwardID>1202031</AwardID>
    <Investigator>
      <FirstName>Edward</FirstName>
      <LastName>Thorndike</LastName>
      <EmailAddress>thorn@pas.rochester.edu</EmailAddress>
      <StartDate>05/17/2012</StartDate>
      <EndDate/>
      <RoleCode>Principal Investigator</RoleCode>
    </Investigator>
    <Institution>
      <Name>University of Rochester</Name>
      <CityName>Rochester</CityName>
      <ZipCode>146270140</ZipCode>
      <PhoneNumber>5852754031</PhoneNumber>
      <StreetAddress>518 HYLAN, RC BOX 270140</StreetAddress>
      <CountryName>United States</CountryName>
      <StateName>New York</StateName>
      <StateCode>NY</StateCode>
    </Institution>
    <ProgramElement>
      <Code>1221</Code>
      <Text>ELEMENTARY PARTICLE ACCEL USER</Text>
    </ProgramElement>
    <ProgramReference>
      <Code>7483</Code>
      <Text>PHYSICS OF THE UNIVERSE</Text>
    </ProgramReference>
  </Award>
</rootTag>
