<?xml version="1.0" encoding="UTF-8"?>

<rootTag>
  <Award>
    <AwardTitle>Collaborative Research: A Novel Wireless Power Transmission Architecture for Devices Implanted in Human Bodies</AwardTitle>
    <AwardEffectiveDate>07/01/2012</AwardEffectiveDate>
    <AwardExpirationDate>12/31/2012</AwardExpirationDate>
    <AwardAmount>212910</AwardAmount>
    <AwardInstrument>
      <Value>Standard Grant</Value>
    </AwardInstrument>
    <Organization>
      <Code>07010000</Code>
      <Directorate>
        <LongName>Directorate For Engineering</LongName>
      </Directorate>
      <Division>
        <LongName>Div Of Electrical, Commun &amp; Cyber Sys</LongName>
      </Division>
    </Organization>
    <ProgramOfficer>
      <SignBlockName>Zhi Tian</SignBlockName>
    </ProgramOfficer>
    <AbstractNarration>The objective of this program is to verify a distributed power transmission architecture to deliver radio frequency power to devices implanted in human bodies. The proposed architecture aims to construct efficient and reliable wireless channels in complex in-body environments for power transfer. If proved feasible, it would fundamentally resolve a few problems associated with the state-of-the-art wireless charging technologies, including low efficiency, potential hazard to human health, and large and heavy apparatuses.&lt;br/&gt;&lt;br/&gt;The intellectual merit is the proposed distributed power transmission architecture, which is potentially transformative to enable next-generation systems for wireless power delivery. Specifically, it has two major innovations. First, radio frequency power is transmitted via multiple antenna elements physically attached to a large area of skin and electrically matched to the skin. Second, the multiple antenna elements jointly behave as a retro-reflective beamformer: guided by the pilot signal sent from an implanted device, their radiations spatially converge to the target device with power intensities at all other locations below safety levels regulated for human.&lt;br/&gt;&lt;br/&gt;The broader impacts include (i) promoting the contemporary Body Area Networks to the next level of integration; (ii) supporting both graduate and undergraduate students and provide them with excellent research opportunities; (iii) making constructive impacts to the science and engineering curricula at the three participating institutes; (iv) offering local high school students and teachers to participate in the proposed research activities; and (v) impacting both research and educational aspects of North Texas' high-tech industries.</AbstractNarration>
    <MinAmdLetterDate>04/13/2012</MinAmdLetterDate>
    <MaxAmdLetterDate>04/13/2012</MaxAmdLetterDate>
    <ARRAAmount/>
    <AwardID>1202496</AwardID>
    <Investigator>
      <FirstName>Mingyu</FirstName>
      <LastName>Lu</LastName>
      <EmailAddress>mingyu.lu@mail.wvu.edu</EmailAddress>
      <StartDate>04/13/2012</StartDate>
      <EndDate/>
      <RoleCode>Principal Investigator</RoleCode>
    </Investigator>
    <Institution>
      <Name>University of Texas at Arlington</Name>
      <CityName>Arlington</CityName>
      <ZipCode>760190145</ZipCode>
      <PhoneNumber>8172722105</PhoneNumber>
      <StreetAddress>1 UNIVERSITY OF TEXAS AT</StreetAddress>
      <CountryName>United States</CountryName>
      <StateName>Texas</StateName>
      <StateCode>TX</StateCode>
    </Institution>
    <ProgramElement>
      <Code>7564</Code>
      <Text>COMMS, CIRCUITS &amp; SENS SYS</Text>
    </ProgramElement>
    <ProgramReference>
      <Code>105E</Code>
      <Text>RF/Microwave &amp; mm-wave tech</Text>
    </ProgramReference>
    <ProgramReference>
      <Code>153E</Code>
      <Text>Wireless comm &amp; sig processing</Text>
    </ProgramReference>
  </Award>
</rootTag>
