<?xml version="1.0" encoding="UTF-8"?>

<rootTag>
  <Award>
    <AwardTitle>Conference on Derived Algebraic Geometry</AwardTitle>
    <AwardEffectiveDate>03/01/2017</AwardEffectiveDate>
    <AwardExpirationDate>02/28/2018</AwardExpirationDate>
    <AwardAmount>20000</AwardAmount>
    <AwardInstrument>
      <Value>Standard Grant</Value>
    </AwardInstrument>
    <Organization>
      <Code>03040000</Code>
      <Directorate>
        <LongName>Direct For Mathematical &amp; Physical Scien</LongName>
      </Directorate>
      <Division>
        <LongName>Division Of Mathematical Sciences</LongName>
      </Division>
    </Organization>
    <ProgramOfficer>
      <SignBlockName>Thomas Ivey</SignBlockName>
    </ProgramOfficer>
    <AbstractNarration>This project supports the participation of early-career US mathematicians in the Conference on Invertibility and Duality in Derived Algebraic Geometry and Homotopy Theory, which will be held April 3-7, 2017 at the University of Regensburg, Germany. Derived algebraic geometry is an increasingly active mathematical area that combines approaches from a number of established fields (including algebraic geometry, topology, and mathematical physics), and the conference location is a major center for work in this subject. Funds will support the travel and local expenses of junior researchers; accordingly, the direct impact will be the training and career development of 10 or more early-career US mathematicians, who will gain the opportunity to participate in a workshop in this subject, communicate their research results, and further develop collaborations with emerging research groups in Europe. Conference speakers and participants from outside of the United States will be supported by the German national research foundation (DFG) through the grants SFB-1085 and SPP-1786.&lt;br/&gt;&lt;br/&gt;In the past fifteen years, we have seen the rapid development of the field of derived algebraic geometry. Because it draws threads and inspiration from algebraic topology, algebraic geometry, algebraic K-theory, and even mathematical physics, this field has attracted a large number of early-career researchers. This conference will bring together international experts from algebraic topology, homotopy theory, derived algebraic geometry, and related areas, and the focus of the conference will be current work and emerging ideas in the field, using the existence and applications of dualities as a theme. Throughout algebraic topology and algebraic geometry, the existence of a theory of duality reveals deep structure about the objects under study. Basic examples include Poincare duality for manifolds or Serre duality for varieties, but these are expressions of much more general phenomena best studied in the derived setting. There has been significant recent progress in derived algebraic geometry, in both theory and computations. It is the aim of this conference both to consolidate these advances and to promote new research directions.&lt;br/&gt;&lt;br/&gt;Conference webpage:&lt;br/&gt;http://www-cgi.uni-regensburg.de/Fakultaeten/MAT/sfb-higher-invariants/index.php/SpringSchool2017</AbstractNarration>
    <MinAmdLetterDate>01/04/2017</MinAmdLetterDate>
    <MaxAmdLetterDate>01/04/2017</MaxAmdLetterDate>
    <ARRAAmount/>
    <AwardID>1700795</AwardID>
    <Investigator>
      <FirstName>Paul</FirstName>
      <LastName>Goerss</LastName>
      <EmailAddress>pgoerss@math.northwestern.edu</EmailAddress>
      <StartDate>01/04/2017</StartDate>
      <EndDate/>
      <RoleCode>Principal Investigator</RoleCode>
    </Investigator>
    <Investigator>
      <FirstName>Vesna</FirstName>
      <LastName>Stojanoska</LastName>
      <EmailAddress>vesna@illinois.edu</EmailAddress>
      <StartDate>01/04/2017</StartDate>
      <EndDate/>
      <RoleCode>Co-Principal Investigator</RoleCode>
    </Investigator>
    <Institution>
      <Name>Northwestern University</Name>
      <CityName>Evanston</CityName>
      <ZipCode>602013149</ZipCode>
      <PhoneNumber>8474913003</PhoneNumber>
      <StreetAddress>1801 Maple Ave.</StreetAddress>
      <CountryName>United States</CountryName>
      <StateName>Illinois</StateName>
      <StateCode>IL</StateCode>
    </Institution>
    <ProgramElement>
      <Code>1267</Code>
      <Text>TOPOLOGY</Text>
    </ProgramElement>
    <ProgramReference>
      <Code>7556</Code>
      <Text>CONFERENCE AND WORKSHOPS</Text>
    </ProgramReference>
  </Award>
</rootTag>
