<?xml version="1.0" encoding="UTF-8"?>

<rootTag>
  <Award>
    <AwardTitle>Sustainable Biofuels Production from Drought-tolerant Bioenergy Crops in Marginal Environment</AwardTitle>
    <AwardEffectiveDate>08/01/2016</AwardEffectiveDate>
    <AwardExpirationDate>08/31/2017</AwardExpirationDate>
    <AwardAmount>79127</AwardAmount>
    <AwardInstrument>
      <Value>Standard Grant</Value>
    </AwardInstrument>
    <Organization>
      <Code>07020000</Code>
      <Directorate>
        <LongName>Directorate For Engineering</LongName>
      </Directorate>
      <Division>
        <LongName>Div Of Chem, Bioeng, Env, &amp; Transp Sys</LongName>
      </Division>
    </Organization>
    <ProgramOfficer>
      <SignBlockName>Carole Read</SignBlockName>
    </ProgramOfficer>
    <AbstractNarration>PI: Lin, Hongfei&lt;br/&gt;Proposal Number: 1337017&lt;br/&gt;Institution: University of Nevada Reno&lt;br/&gt;Title: Sustainable Biofuels Production from Drought-tolerant Bioenergy Crops in Marginal Environment&lt;br/&gt;&lt;br/&gt;Sustainable production of lignocellulosic biofuels relies upon the sufficient supply of biomass feedstocks. Drought-tolerant bioenergy crops growing on arid, marginal lands, such as Agave and Opuntia, which store large amounts of water and carbohydrates, have enormous potential as dedicated biofuel feedstocks because they do not compete with food production and minimize the use of water and fertilizer resources. However, the lack of water-use efficient and cost-effective bio-refining processes hinders the deployment of biofuel production facilities in vast arid and semi-arid areas that cover more than 40% of the world?s land surface.&lt;br/&gt;&lt;br/&gt;This project will develop an integrated pathway to convert arid land plants into advanced biofuels with high water-use efficiency. The key step is the catalytic aqueous phase partial oxidation (APPO), a novel, environmentally benign biomass deconstruction process that can selectively synthesize valued carboxylic acids using water and lean air as the reaction media and metal oxides as non-toxic catalysts. APPO is also a water-positive process because it utilizes wet biomass as the feedstock, retaining water stored in raw biomass, and produces extra water during the processing of biomass. The reclaimed water from the APPO process can supplement water resources for cultivating bioenergy crops. Moreover, the APPO products (e.g., levulinic acid) can be upgraded readily into drop-in transportation fuel components consisting of mainly hydrocarbons. In short, APPO is a highly promising, cost-effective biomass deconstruction process with high water-use efficiency, which is critical for commercial production of advanced biofuels in vast arid and semi-arid lands in the United States and around the world.&lt;br/&gt;&lt;br/&gt;The goal of this proposal is to explore the underlying physical and chemical mechanisms that control the biomass deconstruction in the APPO process and to demonstrate the water sustainability in the integrated biofuel production process by recycling water between the conversion and cultivation of the bioenergy crops. To fulfill this goal, the PIs will investigate the fundamentals of the APPO process by in-depth experimental and theoretical studies and build a life cycle analysis (LCA) model to evaluate water usage. The outcomes of this project will guide the design of highly efficient and robust APPO catalysts for cost-effective production of advanced biofuels, and will predict the feasibility of commercial biorefineries in water-limited locations such as Nevada and the entire western United States.&lt;br/&gt;&lt;br/&gt;This project will integrate research on chemical engineering, agriculture, environment, and biofuels with educational and outreach efforts to demonstrate the importance of science and engineering. The results from this proposal will be disseminated across a wide audience through the Nevada Renewable Energy Consortium (NVREC). The newest research outcomes will be presented to groups across campus as well as the local community in the Biofuels/Biomass Journal Club at UNR. The research results will also be incorporated into the current graduate and undergraduate level courses in a timely manner. Undergraduate and graduate students will be trained on this project under the PIs? close mentoring. The outreach activities will include oral and poster presentations targeted at students from selected local high schools and the general public during the annual Ag Field Day hosted by UNR.</AbstractNarration>
    <MinAmdLetterDate>12/04/2016</MinAmdLetterDate>
    <MaxAmdLetterDate>12/04/2016</MaxAmdLetterDate>
    <ARRAAmount/>
    <AwardID>1700482</AwardID>
    <Investigator>
      <FirstName>Hongfei</FirstName>
      <LastName>Lin</LastName>
      <EmailAddress>Hongfei.Lin@wsu.edu</EmailAddress>
      <StartDate>12/04/2016</StartDate>
      <EndDate/>
      <RoleCode>Principal Investigator</RoleCode>
    </Investigator>
    <Institution>
      <Name>Washington State University</Name>
      <CityName>PULLMAN</CityName>
      <ZipCode>991641060</ZipCode>
      <PhoneNumber>5093359661</PhoneNumber>
      <StreetAddress>280 Lighty</StreetAddress>
      <CountryName>United States</CountryName>
      <StateName>Washington</StateName>
      <StateCode>WA</StateCode>
    </Institution>
    <ProgramElement>
      <Code>7644</Code>
      <Text>ENERGY FOR SUSTAINABILITY</Text>
    </ProgramElement>
    <ProgramReference>
      <Code>002E</Code>
      <Text>Bio-energy</Text>
    </ProgramReference>
    <ProgramReference>
      <Code>9150</Code>
      <Text>EXP PROG TO STIM COMP RES</Text>
    </ProgramReference>
  </Award>
</rootTag>
