<?xml version="1.0" encoding="UTF-8"?>

<rootTag>
  <Award>
    <AwardTitle>Southeastern Analysis Meeting 2017</AwardTitle>
    <AwardEffectiveDate>02/01/2017</AwardEffectiveDate>
    <AwardExpirationDate>01/31/2018</AwardExpirationDate>
    <AwardAmount>23920</AwardAmount>
    <AwardInstrument>
      <Value>Standard Grant</Value>
    </AwardInstrument>
    <Organization>
      <Code>03040000</Code>
      <Directorate>
        <LongName>Direct For Mathematical &amp; Physical Scien</LongName>
      </Directorate>
      <Division>
        <LongName>Division Of Mathematical Sciences</LongName>
      </Division>
    </Organization>
    <ProgramOfficer>
      <SignBlockName>Bruce P. Palka</SignBlockName>
    </ProgramOfficer>
    <AbstractNarration>This award provides funding to help defray the expenses of participants in the "Southeastern Analysis Meeting 2017" that will be held March 17-19, 2017, on the campus of the University of Tennessee.&lt;br/&gt;&lt;br/&gt;This event is the latest installment in a thirty-two-year-long series of conferences covering a wide spectrum of subareas of analysis. In particular, the Southeastern Analysis Meeting (SEAM) has become the leading conference venue in the U.S. for function-theoretic operator theory. SEAM 2017 will again span a broad swath of analysis, featuring five plenary speakers who will address topics in operator theory (Alexandru Aleman, Ken Davidson, Alexei Poltoratski, Karl-Mikael Perfekt); harmonic analysis (Betsy Stovall); and frame theory, sampling theory, and interpolation theory (Shahaf Nitzan). The conference program provides ample opportunity for graduate students, postdocs, and other young scientists to present their work.</AbstractNarration>
    <MinAmdLetterDate>12/19/2016</MinAmdLetterDate>
    <MaxAmdLetterDate>12/19/2016</MaxAmdLetterDate>
    <ARRAAmount/>
    <AwardID>1700229</AwardID>
    <Investigator>
      <FirstName>Stefan</FirstName>
      <LastName>Richter</LastName>
      <EmailAddress>richter@math.utk.edu</EmailAddress>
      <StartDate>12/19/2016</StartDate>
      <EndDate/>
      <RoleCode>Principal Investigator</RoleCode>
    </Investigator>
    <Investigator>
      <FirstName>Carl</FirstName>
      <LastName>Sundberg</LastName>
      <EmailAddress>sundberg@math.utk.edu</EmailAddress>
      <StartDate>12/19/2016</StartDate>
      <EndDate/>
      <RoleCode>Co-Principal Investigator</RoleCode>
    </Investigator>
    <Institution>
      <Name>University of Tennessee Knoxville</Name>
      <CityName>KNOXVILLE</CityName>
      <ZipCode>379960003</ZipCode>
      <PhoneNumber>8659743466</PhoneNumber>
      <StreetAddress>1 CIRCLE PARK</StreetAddress>
      <CountryName>United States</CountryName>
      <StateName>Tennessee</StateName>
      <StateCode>TN</StateCode>
    </Institution>
    <ProgramElement>
      <Code>1281</Code>
      <Text>ANALYSIS PROGRAM</Text>
    </ProgramElement>
    <ProgramReference>
      <Code>7556</Code>
      <Text>CONFERENCE AND WORKSHOPS</Text>
    </ProgramReference>
  </Award>
</rootTag>
