<?xml version="1.0" encoding="UTF-8"?>

<rootTag>
  <Award>
    <AwardTitle>EAGER: Collaborative Research: Towards the Development of Smart Bike Sharing Systems</AwardTitle>
    <AwardEffectiveDate>09/02/2016</AwardEffectiveDate>
    <AwardExpirationDate>07/31/2017</AwardExpirationDate>
    <AwardAmount>99810</AwardAmount>
    <AwardInstrument>
      <Value>Standard Grant</Value>
    </AwardInstrument>
    <Organization>
      <Code>05020000</Code>
      <Directorate>
        <LongName>Direct For Computer &amp; Info Scie &amp; Enginr</LongName>
      </Directorate>
      <Division>
        <LongName>Div Of Information &amp; Intelligent Systems</LongName>
      </Division>
    </Organization>
    <ProgramOfficer>
      <SignBlockName>Jun Huan</SignBlockName>
    </ProgramOfficer>
    <AbstractNarration>Recent advances in mobile and sensor-based techniques have made it possible to collect and process a variety of human mobility data. When combined with environment information and transportation information, such human mobility data can be used to develop important applications with broader societal impacts. This project considers technical problems that arise in the context of building an efficient system for bike sharing within a city by concentrating on two data analytics challenges. The first is the prediction of the demand of bikes at different stations. The second is the optimal bike rebalancing strategy among different stations. The successful prediction of bike demand could help system operators better deploy bikes and redistribute bikes among stations. Effective and optimal bike rebalancing could help meet the dynamic need of bike rental and save system operational costs. Although primarily focusing on bike sharing networks, data analytics capability advanced through this problem should be applicable to problems from other types of distributed rental services. &lt;br/&gt;&lt;br/&gt;This exploratory research project aims to develop effective and scalable data mining and optimization techniques that have the analytical capability to predict bike demand of different stations and to optimize the bike rebalancing strategy among stations. First, this project aims to develop regression-based prediction models that take into account both relevant features and contextual information such as connections among bike sharing stations. Second, this project explores mixed integer nonlinear programming (MINLP) techniques for solving bike rebalancing problem with the objective of minimizing the total travel distance of rebalancing vehicle. While traditional MINLP techniques could not guarantee feasible solutions, the research team aims to develop advanced clustering techniques to first group stations into clusters and then use the clusters to facilitate MINLP. This project also develops appropriate measures for assessing the effectiveness of the developed solutions. The project offers research based advanced training opportunities for graduate and undergraduate students. All the data, software, and publications resulting from the project will be made publicly available to the broader research community.</AbstractNarration>
    <MinAmdLetterDate>01/30/2017</MinAmdLetterDate>
    <MaxAmdLetterDate>01/30/2017</MaxAmdLetterDate>
    <ARRAAmount/>
    <AwardID>1700263</AwardID>
    <Investigator>
      <FirstName>Yong</FirstName>
      <LastName>Ge</LastName>
      <EmailAddress>yongge@email.arizona.edu</EmailAddress>
      <StartDate>01/30/2017</StartDate>
      <EndDate/>
      <RoleCode>Principal Investigator</RoleCode>
    </Investigator>
    <Institution>
      <Name>University of Arizona</Name>
      <CityName>Tucson</CityName>
      <ZipCode>857194824</ZipCode>
      <PhoneNumber>5206266000</PhoneNumber>
      <StreetAddress>888 N Euclid Ave</StreetAddress>
      <CountryName>United States</CountryName>
      <StateName>Arizona</StateName>
      <StateCode>AZ</StateCode>
    </Institution>
    <ProgramElement>
      <Code>7364</Code>
      <Text>INFO INTEGRATION &amp; INFORMATICS</Text>
    </ProgramElement>
    <ProgramReference>
      <Code>7364</Code>
      <Text>INFO INTEGRATION &amp; INFORMATICS</Text>
    </ProgramReference>
    <ProgramReference>
      <Code>7916</Code>
      <Text>EAGER</Text>
    </ProgramReference>
  </Award>
</rootTag>
