<?xml version="1.0" encoding="UTF-8"?>

<rootTag>
  <Award>
    <AwardTitle>International Conference in Approximation Theory</AwardTitle>
    <AwardEffectiveDate>04/01/2017</AwardEffectiveDate>
    <AwardExpirationDate>03/31/2018</AwardExpirationDate>
    <AwardAmount>34000</AwardAmount>
    <AwardInstrument>
      <Value>Standard Grant</Value>
    </AwardInstrument>
    <Organization>
      <Code>03040000</Code>
      <Directorate>
        <LongName>Direct For Mathematical &amp; Physical Scien</LongName>
      </Directorate>
      <Division>
        <LongName>Division Of Mathematical Sciences</LongName>
      </Division>
    </Organization>
    <ProgramOfficer>
      <SignBlockName>Edward Taylor</SignBlockName>
    </ProgramOfficer>
    <AbstractNarration>This award provides funding for the conference "International Conference in Approximation Theory" that will be held from May 8 - 11, 2017 at Georgia Southern University.&lt;br/&gt;&lt;br/&gt;The conference focuses on recent developments in Analysis, especially in the field of approximation theory. A number of distinguished mathematicians have agreed to attend and speak at this conference. This award gives early career researchers, members of underrepresented groups, researchers not funded by NSF and the like an opportunity to attend and participate in this conference. The organizing committee will strive to make this funding opportunity known to target groups through a number of different activities. More information will be made available at: https://sites.google.com/a/georgiasouthern.edu/approximation-conf/</AbstractNarration>
    <MinAmdLetterDate>12/30/2016</MinAmdLetterDate>
    <MaxAmdLetterDate>12/30/2016</MaxAmdLetterDate>
    <ARRAAmount/>
    <AwardID>1700153</AwardID>
    <Investigator>
      <FirstName>Alexander</FirstName>
      <LastName>Stokolos</LastName>
      <EmailAddress>astokolos@georgiasouthern.edu</EmailAddress>
      <StartDate>12/30/2016</StartDate>
      <EndDate/>
      <RoleCode>Principal Investigator</RoleCode>
    </Investigator>
    <Investigator>
      <FirstName>Jiehua</FirstName>
      <LastName>Zhu</LastName>
      <EmailAddress>jzhu@georgiasouthern.edu</EmailAddress>
      <StartDate>12/30/2016</StartDate>
      <EndDate/>
      <RoleCode>Co-Principal Investigator</RoleCode>
    </Investigator>
    <Institution>
      <Name>Georgia Southern University Research and Service Foundation, Inc</Name>
      <CityName>Statesboro</CityName>
      <ZipCode>304588005</ZipCode>
      <PhoneNumber>9124785465</PhoneNumber>
      <StreetAddress>261 Forest Drive</StreetAddress>
      <CountryName>United States</CountryName>
      <StateName>Georgia</StateName>
      <StateCode>GA</StateCode>
    </Institution>
    <ProgramElement>
      <Code>1281</Code>
      <Text>ANALYSIS PROGRAM</Text>
    </ProgramElement>
    <ProgramReference>
      <Code>7556</Code>
      <Text>CONFERENCE AND WORKSHOPS</Text>
    </ProgramReference>
  </Award>
</rootTag>
