<?xml version="1.0" encoding="UTF-8"?>

<rootTag>
  <Award>
    <AwardTitle>State Department: Operations of NSF Overseas Office (Tokyo)</AwardTitle>
    <AwardEffectiveDate>10/15/2016</AwardEffectiveDate>
    <AwardExpirationDate>10/31/2017</AwardExpirationDate>
    <AwardAmount>231289</AwardAmount>
    <AwardInstrument>
      <Value>Contract Interagency Agreement</Value>
    </AwardInstrument>
    <Organization>
      <Code>01090500</Code>
      <Directorate>
        <LongName>Office Of The Director</LongName>
      </Directorate>
      <Division>
        <LongName>Office Of Internatl Science &amp;Engineering</LongName>
      </Division>
    </Organization>
    <ProgramOfficer>
      <SignBlockName>Anne L. Emig</SignBlockName>
    </ProgramOfficer>
    <AbstractNarration/>
    <MinAmdLetterDate>10/20/2016</MinAmdLetterDate>
    <MaxAmdLetterDate>11/15/2016</MaxAmdLetterDate>
    <ARRAAmount/>
    <AwardID>1700473</AwardID>
    <Investigator>
      <FirstName>Larry</FirstName>
      <LastName>Cuppy</LastName>
      <EmailAddress>CuppyL@state.gov</EmailAddress>
      <StartDate>10/20/2016</StartDate>
      <EndDate/>
      <RoleCode>Principal Investigator</RoleCode>
    </Investigator>
    <Institution>
      <Name>DEPARTMENT OF STATE</Name>
      <CityName>Washington</CityName>
      <ZipCode>205220002</ZipCode>
      <PhoneNumber/>
      <StreetAddress>2201 C Street NW</StreetAddress>
      <CountryName>United States</CountryName>
      <StateName>District of Columbia</StateName>
      <StateCode>DC</StateCode>
    </Institution>
    <ProgramElement>
      <Code>0200</Code>
      <Text/>
    </ProgramElement>
    <ProgramElement>
      <Code>0300</Code>
      <Text/>
    </ProgramElement>
    <ProgramElement>
      <Code>0694</Code>
      <Text/>
    </ProgramElement>
    <ProgramElement>
      <Code>7572</Code>
      <Text/>
    </ProgramElement>
    <ProgramReference>
      <Code>5921</Code>
      <Text>JAPAN</Text>
    </ProgramReference>
    <ProgramReference>
      <Code>5978</Code>
      <Text>EAST ASIA AND PACIFIC PROGRAM</Text>
    </ProgramReference>
  </Award>
</rootTag>
