<?xml version="1.0" encoding="UTF-8"?>

<rootTag>
  <Award>
    <AwardTitle>Brazos Analysis Seminar</AwardTitle>
    <AwardEffectiveDate>03/01/2017</AwardEffectiveDate>
    <AwardExpirationDate>02/29/2020</AwardExpirationDate>
    <AwardAmount>15000</AwardAmount>
    <AwardInstrument>
      <Value>Continuing grant</Value>
    </AwardInstrument>
    <Organization>
      <Code>03040000</Code>
      <Directorate>
        <LongName>Direct For Mathematical &amp; Physical Scien</LongName>
      </Directorate>
      <Division>
        <LongName>Division Of Mathematical Sciences</LongName>
      </Division>
    </Organization>
    <ProgramOfficer>
      <SignBlockName>Kevin Clancey</SignBlockName>
    </ProgramOfficer>
    <AbstractNarration>This award provides three years of funding to help defray the expenses of participants in the "Brazos Analysis Seminar." The seminar will meet semi-annually with the first meeting on March 25 and 26, 2017 at Texas A&amp;M University. Subsequent meetings will rotate among Baylor University, the University of Houston and Texas A&amp;M University. Additional information is available on the seminar website https://sites.google.com/site/brazosanalysisseminar/&lt;br/&gt;&lt;br/&gt;The Brazos Analysis Seminar will bring together graduate students and researchers from the South Central USA who work in the areas of non-commutative functional analysis and harmonic analysis. The seminar will allow for participants to meet on a regular basis to communicate their research, collaborate, and learn about the latest developments in analysis. Many of the researchers are junior investigators and these meetings should help to catalyze new collaborations. The format for the seminar provides ample opportunity for graduate students, postdocs, and junior investigators to present their work.</AbstractNarration>
    <MinAmdLetterDate>12/19/2016</MinAmdLetterDate>
    <MaxAmdLetterDate>12/19/2016</MaxAmdLetterDate>
    <ARRAAmount/>
    <AwardID>1700320</AwardID>
    <Investigator>
      <FirstName>Tao</FirstName>
      <LastName>Mei</LastName>
      <EmailAddress>tao_mei@baylor.edu</EmailAddress>
      <StartDate>12/19/2016</StartDate>
      <EndDate/>
      <RoleCode>Principal Investigator</RoleCode>
    </Investigator>
    <Investigator>
      <FirstName>Mehrdad</FirstName>
      <LastName>Kalantar</LastName>
      <EmailAddress>kalantar@math.uh.edu</EmailAddress>
      <StartDate>12/19/2016</StartDate>
      <EndDate/>
      <RoleCode>Co-Principal Investigator</RoleCode>
    </Investigator>
    <Investigator>
      <FirstName>Michael</FirstName>
      <LastName>Brannan</LastName>
      <EmailAddress>mbrannan@math.tamu.edu</EmailAddress>
      <StartDate>12/19/2016</StartDate>
      <EndDate/>
      <RoleCode>Co-Principal Investigator</RoleCode>
    </Investigator>
    <Institution>
      <Name>Baylor University</Name>
      <CityName>Waco</CityName>
      <ZipCode>767987360</ZipCode>
      <PhoneNumber>2547103817</PhoneNumber>
      <StreetAddress>One Bear Place #97360</StreetAddress>
      <CountryName>United States</CountryName>
      <StateName>Texas</StateName>
      <StateCode>TX</StateCode>
    </Institution>
    <ProgramElement>
      <Code>1281</Code>
      <Text>ANALYSIS PROGRAM</Text>
    </ProgramElement>
    <ProgramReference>
      <Code>7556</Code>
      <Text>CONFERENCE AND WORKSHOPS</Text>
    </ProgramReference>
  </Award>
</rootTag>
