<?xml version="1.0" encoding="UTF-8"?>

<rootTag>
  <Award>
    <AwardTitle>Travel support for US participants in the trimester "Analysis in Quantum Information Theory" at the Institute Henri Poincare</AwardTitle>
    <AwardEffectiveDate>07/01/2017</AwardEffectiveDate>
    <AwardExpirationDate>06/30/2018</AwardExpirationDate>
    <AwardAmount>45200</AwardAmount>
    <AwardInstrument>
      <Value>Standard Grant</Value>
    </AwardInstrument>
    <Organization>
      <Code>03040000</Code>
      <Directorate>
        <LongName>Direct For Mathematical &amp; Physical Scien</LongName>
      </Directorate>
      <Division>
        <LongName>Division Of Mathematical Sciences</LongName>
      </Division>
    </Organization>
    <ProgramOfficer>
      <SignBlockName>Edward Taylor</SignBlockName>
    </ProgramOfficer>
    <AbstractNarration>This award provides funding for US participation in the program "Analysis in Quantum Information Theory" that will be held the Institut Henri Poincare during the fall of 2017.&lt;br/&gt;&lt;br/&gt;The conference focuses on recent developments in Analysis, especially in the field of Quantum Information Theory. A number of distinguished mathematicians have agreed to attend and speak at this long-term conference. This award gives early career researchers, members of underrepresented groups, researchers not funded by NSF and the like an opportunity to attend and participate in this conference. The organizing committee will strive to make this funding opportunity known to target groups through a number of different activities. More information will be made available at: www.ihp.fr/en/CEB/T3-2017.</AbstractNarration>
    <MinAmdLetterDate>12/19/2016</MinAmdLetterDate>
    <MaxAmdLetterDate>12/19/2016</MaxAmdLetterDate>
    <ARRAAmount/>
    <AwardID>1700168</AwardID>
    <Investigator>
      <FirstName>Stanislaw</FirstName>
      <LastName>Szarek</LastName>
      <EmailAddress>szarek@cwru.edu</EmailAddress>
      <StartDate>12/19/2016</StartDate>
      <EndDate/>
      <RoleCode>Principal Investigator</RoleCode>
    </Investigator>
    <Institution>
      <Name>Case Western Reserve University</Name>
      <CityName>CLEVELAND</CityName>
      <ZipCode>441064901</ZipCode>
      <PhoneNumber>2163684510</PhoneNumber>
      <StreetAddress>Nord Hall, Suite 615</StreetAddress>
      <CountryName>United States</CountryName>
      <StateName>Ohio</StateName>
      <StateCode>OH</StateCode>
    </Institution>
    <ProgramElement>
      <Code>1281</Code>
      <Text>ANALYSIS PROGRAM</Text>
    </ProgramElement>
    <ProgramReference>
      <Code>7203</Code>
      <Text>QUANTUM INFORMATION SCIENCE</Text>
    </ProgramReference>
    <ProgramReference>
      <Code>7556</Code>
      <Text>CONFERENCE AND WORKSHOPS</Text>
    </ProgramReference>
  </Award>
</rootTag>
