<?xml version="1.0" encoding="UTF-8"?>

<rootTag>
  <Award>
    <AwardTitle>Occupational Employment Statistics on Science, Engineering, and Technical Personnel</AwardTitle>
    <AwardEffectiveDate>10/15/2016</AwardEffectiveDate>
    <AwardExpirationDate>10/31/2017</AwardExpirationDate>
    <AwardAmount>330000</AwardAmount>
    <AwardInstrument>
      <Value>Contract Interagency Agreement</Value>
    </AwardInstrument>
    <Organization>
      <Code>04030000</Code>
      <Directorate>
        <LongName>Direct For Social, Behav &amp; Economic Scie</LongName>
      </Directorate>
      <Division>
        <LongName>National Center For S&amp;E Statistics</LongName>
      </Division>
    </Organization>
    <ProgramOfficer>
      <SignBlockName>amy burke</SignBlockName>
    </ProgramOfficer>
    <AbstractNarration/>
    <MinAmdLetterDate>11/01/2016</MinAmdLetterDate>
    <MaxAmdLetterDate>11/01/2016</MaxAmdLetterDate>
    <ARRAAmount/>
    <AwardID>1700286</AwardID>
    <Investigator>
      <FirstName>Laurie</FirstName>
      <LastName>Salmon</LastName>
      <EmailAddress>salmon.laurie@bls.gov</EmailAddress>
      <StartDate>11/01/2016</StartDate>
      <EndDate/>
      <RoleCode>Principal Investigator</RoleCode>
    </Investigator>
    <Institution>
      <Name>Department of Labor Bureau of Labor Statistics</Name>
      <CityName>Washington</CityName>
      <ZipCode>20212</ZipCode>
      <PhoneNumber/>
      <StreetAddress/>
      <CountryName>United States</CountryName>
      <StateName>District of Columbia</StateName>
      <StateCode>DC</StateCode>
    </Institution>
    <ProgramElement>
      <Code>8804</Code>
      <Text>SCIENCE &amp; ENGINEERNG INDICATRS</Text>
    </ProgramElement>
  </Award>
</rootTag>
