<?xml version="1.0" encoding="UTF-8"?>

<rootTag>
  <Award>
    <AwardTitle>NeTS: Small: Collaborative Research: Distributed Approximate Packet Classification</AwardTitle>
    <AwardEffectiveDate>09/01/2016</AwardEffectiveDate>
    <AwardExpirationDate>08/31/2019</AwardExpirationDate>
    <AwardAmount>152650</AwardAmount>
    <AwardInstrument>
      <Value>Standard Grant</Value>
    </AwardInstrument>
    <Organization>
      <Code>05050000</Code>
      <Directorate>
        <LongName>Direct For Computer &amp; Info Scie &amp; Enginr</LongName>
      </Directorate>
      <Division>
        <LongName>Division Of Computer and Network Systems</LongName>
      </Division>
    </Organization>
    <ProgramOfficer>
      <SignBlockName>Darleen L. Fisher</SignBlockName>
    </ProgramOfficer>
    <AbstractNarration>Network traffic classification - assigning incoming packets to classes for processing based on pattern-matching rules - is critical for many network management tasks, including performance monitoring and fault diagnosis. However, as the number of classification tasks grows, the resources required to store and apply the rules (switch memory in particular) can become scarce. This project takes an end-to-end view of traffic classification, observing that in addition to the memory usage at switches, other, cheaper resources are involved in packet processing, specifically bandwidth to transfer selected packets to the receivers, and the receiver systems themselves. The proposed approach trades off memory for bandwidth by introducing overselection, in which approximate classification made in reduced memory introduces additional unwanted traffic. The idea is that in many applications, the side-effects of overselection are quite manageable; the project will investigate multiple types of applications such as middleboxes and packet scrubbers that can tolerate overselection. &lt;br/&gt;&lt;br/&gt;The approach involves a Cuckoo-filter-based approximate prefix matcher at switches, which stores classification rules with different prefix lengths. The key challenges in supporting distributed approximate packet classification include: (1) new data structures that best support the tradeoffs between memory and overselection; (2) new algorithms and systems that handle traffic dynamics and network dynamics with overselection; (3) systematic analysis of the impact of overselection on different network functions; and (4) spatial and temporal coordination of switches and receivers. This project will enable innovations and redesign of these management applications relying on traffic classification in software defined networks (SDN), and thus lead to more efficiently managed enterprise and datacenter networks. Moreover, the work will facilitate interactions among theoretical and systems research. Finally, the principal investigators have a record of engaging underrepresented groups and undergraduates in research and plan to continue these engagements as part of this project.</AbstractNarration>
    <MinAmdLetterDate>12/07/2016</MinAmdLetterDate>
    <MaxAmdLetterDate>12/07/2016</MaxAmdLetterDate>
    <ARRAAmount/>
    <AwardID>1701923</AwardID>
    <Investigator>
      <FirstName>Minlan</FirstName>
      <LastName>Yu</LastName>
      <EmailAddress>minlan.yu@yale.edu</EmailAddress>
      <StartDate>12/07/2016</StartDate>
      <EndDate/>
      <RoleCode>Principal Investigator</RoleCode>
    </Investigator>
    <Institution>
      <Name>Yale University</Name>
      <CityName>New Haven</CityName>
      <ZipCode>065208327</ZipCode>
      <PhoneNumber>2037854689</PhoneNumber>
      <StreetAddress>Office of Sponsored Projects</StreetAddress>
      <CountryName>United States</CountryName>
      <StateName>Connecticut</StateName>
      <StateCode>CT</StateCode>
    </Institution>
    <ProgramElement>
      <Code>7363</Code>
      <Text>RES IN NETWORKING TECH &amp; SYS</Text>
    </ProgramElement>
    <ProgramReference>
      <Code>7923</Code>
      <Text>SMALL PROJECT</Text>
    </ProgramReference>
    <ProgramReference>
      <Code>9102</Code>
      <Text>WOMEN, MINORITY, DISABLED, NEC</Text>
    </ProgramReference>
  </Award>
</rootTag>
