<?xml version="1.0" encoding="UTF-8"?>

<rootTag>
  <Award>
    <AwardTitle>2016 Business R&amp;D and Innovation Survey Operations and Related Activities</AwardTitle>
    <AwardEffectiveDate>11/01/2016</AwardEffectiveDate>
    <AwardExpirationDate>11/30/2018</AwardExpirationDate>
    <AwardAmount>3457030</AwardAmount>
    <AwardInstrument>
      <Value>Contract Interagency Agreement</Value>
    </AwardInstrument>
    <Organization>
      <Code>04030000</Code>
      <Directorate>
        <LongName>Direct For Social, Behav &amp; Economic Scie</LongName>
      </Directorate>
      <Division>
        <LongName>National Center For S&amp;E Statistics</LongName>
      </Division>
    </Organization>
    <ProgramOfficer>
      <SignBlockName>RAYMOND M WOLFE</SignBlockName>
    </ProgramOfficer>
    <AbstractNarration/>
    <MinAmdLetterDate>11/03/2016</MinAmdLetterDate>
    <MaxAmdLetterDate>11/03/2016</MaxAmdLetterDate>
    <ARRAAmount/>
    <AwardID>1701359</AwardID>
    <Investigator>
      <FirstName>Michael</FirstName>
      <LastName>Flaherty</LastName>
      <EmailAddress>michael.j.flaherty@census.gov</EmailAddress>
      <StartDate>11/03/2016</StartDate>
      <EndDate/>
      <RoleCode>Principal Investigator</RoleCode>
    </Investigator>
    <Institution>
      <Name>Bureau of the Census</Name>
      <CityName>Washington</CityName>
      <ZipCode>20233</ZipCode>
      <PhoneNumber/>
      <StreetAddress/>
      <CountryName>United States</CountryName>
      <StateName>District of Columbia</StateName>
      <StateCode>DC</StateCode>
    </Institution>
    <ProgramElement>
      <Code>8802</Code>
      <Text>RESEARCH &amp; DEVELOPMENT STATIST</Text>
    </ProgramElement>
    <ProgramReference>
      <Code>OTHR</Code>
      <Text>OTHER RESEARCH OR EDUCATION</Text>
    </ProgramReference>
  </Award>
</rootTag>
