<?xml version="1.0" encoding="UTF-8"?>

<rootTag>
  <Award>
    <AwardTitle>Student Travel Support for IEEE Symposium on Security and Privacy</AwardTitle>
    <AwardEffectiveDate>12/01/2016</AwardEffectiveDate>
    <AwardExpirationDate>08/31/2017</AwardExpirationDate>
    <AwardAmount>45000</AwardAmount>
    <AwardInstrument>
      <Value>Standard Grant</Value>
    </AwardInstrument>
    <Organization>
      <Code>05050000</Code>
      <Directorate>
        <LongName>Direct For Computer &amp; Info Scie &amp; Enginr</LongName>
      </Directorate>
      <Division>
        <LongName>Division Of Computer and Network Systems</LongName>
      </Division>
    </Organization>
    <ProgramOfficer>
      <SignBlockName>Deborah Shands</SignBlockName>
    </ProgramOfficer>
    <AbstractNarration>The IEEE Security &amp; Privacy Symposium is a top-tier venue for cybersecurity and privacy research, and has been for much of its 36-plus-year history. Student attendance at S&amp;P is an important part of graduate education in cybersecurity. The 2017 Symposium will consist of approximately 60 technical papers and Systematization of Knowledge papers, which provide valuable background to students who are learning the literature. &lt;br/&gt;&lt;br/&gt;This grant provides travel support to encourage participation in this IEEE Symposium and its Student Program Committee by students who would normally find it difficult to attend. Criteria for selection include evidence of a serious interest in the field, as demonstrated by coursework and/or project experience. Organizers encourage participation of women and students from other under-represented groups.</AbstractNarration>
    <MinAmdLetterDate>11/25/2016</MinAmdLetterDate>
    <MaxAmdLetterDate>11/25/2016</MaxAmdLetterDate>
    <ARRAAmount/>
    <AwardID>1701615</AwardID>
    <Investigator>
      <FirstName>Alvaro</FirstName>
      <LastName>Cardenas</LastName>
      <EmailAddress>Alvaro.Cardenas@utdallas.edu</EmailAddress>
      <StartDate>11/25/2016</StartDate>
      <EndDate/>
      <RoleCode>Principal Investigator</RoleCode>
    </Investigator>
    <Institution>
      <Name>University of Texas at Dallas</Name>
      <CityName>Richardson</CityName>
      <ZipCode>750803021</ZipCode>
      <PhoneNumber>9728832313</PhoneNumber>
      <StreetAddress>800 W. Campbell Rd., AD15</StreetAddress>
      <CountryName>United States</CountryName>
      <StateName>Texas</StateName>
      <StateCode>TX</StateCode>
    </Institution>
    <ProgramElement>
      <Code>8060</Code>
      <Text>Secure &amp;Trustworthy Cyberspace</Text>
    </ProgramElement>
    <ProgramReference>
      <Code>025Z</Code>
      <Text>SaTC: Secure and Trustworthy Cyberspace</Text>
    </ProgramReference>
    <ProgramReference>
      <Code>7434</Code>
      <Text>CNCI</Text>
    </ProgramReference>
    <ProgramReference>
      <Code>7556</Code>
      <Text>CONFERENCE AND WORKSHOPS</Text>
    </ProgramReference>
    <ProgramReference>
      <Code>9102</Code>
      <Text>WOMEN, MINORITY, DISABLED, NEC</Text>
    </ProgramReference>
  </Award>
</rootTag>
