<?xml version="1.0" encoding="UTF-8"?>

<rootTag>
  <Award>
    <AwardTitle>CIGIE Training Institute</AwardTitle>
    <AwardEffectiveDate>11/01/2016</AwardEffectiveDate>
    <AwardExpirationDate>10/31/2018</AwardExpirationDate>
    <AwardAmount>15000</AwardAmount>
    <AwardInstrument>
      <Value>Contract Interagency Agreement</Value>
    </AwardInstrument>
    <Organization>
      <Code>00020100</Code>
      <Directorate>
        <LongName/>
      </Directorate>
      <Division>
        <LongName>Office Of Inspector General</LongName>
      </Division>
    </Organization>
    <ProgramOfficer>
      <SignBlockName>Linda S. Burch</SignBlockName>
    </ProgramOfficer>
    <AbstractNarration/>
    <MinAmdLetterDate>11/08/2016</MinAmdLetterDate>
    <MaxAmdLetterDate>01/27/2017</MaxAmdLetterDate>
    <ARRAAmount/>
    <AwardID>1702677</AwardID>
    <Investigator>
      <FirstName>Douglas</FirstName>
      <LastName>Holt</LastName>
      <EmailAddress>Douglas.Holt@cigie.gov</EmailAddress>
      <StartDate>11/08/2016</StartDate>
      <EndDate/>
      <RoleCode>Principal Investigator</RoleCode>
    </Investigator>
    <Institution>
      <Name>COUNSIL OF THE INSPECTORS GENERAL ON INTEGRITY &amp; EFFICIENCY</Name>
      <CityName>Washington</CityName>
      <ZipCode>202500000</ZipCode>
      <PhoneNumber/>
      <StreetAddress>1400 Independence Avenue</StreetAddress>
      <CountryName>United States</CountryName>
      <StateName>District of Columbia</StateName>
      <StateCode>DC</StateCode>
    </Institution>
    <ProgramElement>
      <Code>0608</Code>
      <Text/>
    </ProgramElement>
    <ProgramReference>
      <Code>0000</Code>
      <Text>UNASSIGNED</Text>
    </ProgramReference>
    <ProgramReference>
      <Code>OTHR</Code>
      <Text>OTHER RESEARCH OR EDUCATION</Text>
    </ProgramReference>
  </Award>
</rootTag>
