<?xml version="1.0" encoding="UTF-8"?>

<rootTag>
  <Award>
    <AwardTitle>Integrating GRACE Satellite and Ground-based Estimates of Groundwater Storage Changes</AwardTitle>
    <AwardEffectiveDate>12/01/2016</AwardEffectiveDate>
    <AwardExpirationDate>11/30/2018</AwardExpirationDate>
    <AwardAmount>71836</AwardAmount>
    <AwardInstrument>
      <Value>Interagency Agreement</Value>
    </AwardInstrument>
    <Organization>
      <Code>06030000</Code>
      <Directorate>
        <LongName>Directorate For Geosciences</LongName>
      </Directorate>
      <Division>
        <LongName>Division Of Earth Sciences</LongName>
      </Division>
    </Organization>
    <ProgramOfficer>
      <SignBlockName>Thomas Torgersen</SignBlockName>
    </ProgramOfficer>
    <AbstractNarration/>
    <MinAmdLetterDate>11/17/2016</MinAmdLetterDate>
    <MaxAmdLetterDate>11/17/2016</MaxAmdLetterDate>
    <ARRAAmount/>
    <AwardID>1702174</AwardID>
    <Investigator>
      <FirstName>Jill</FirstName>
      <LastName>Baron</LastName>
      <EmailAddress>jill_baron@usgs.gov</EmailAddress>
      <StartDate>11/17/2016</StartDate>
      <EndDate/>
      <RoleCode>Principal Investigator</RoleCode>
    </Investigator>
    <Institution>
      <Name>John Wesley Powell Center</Name>
      <CityName>Fort Collins</CityName>
      <ZipCode>805268118</ZipCode>
      <PhoneNumber>3032024159</PhoneNumber>
      <StreetAddress>2150 Center Avenue</StreetAddress>
      <CountryName>United States</CountryName>
      <StateName>Colorado</StateName>
      <StateCode>CO</StateCode>
    </Institution>
    <ProgramElement>
      <Code>1579</Code>
      <Text>HYDROLOGIC SCIENCES</Text>
    </ProgramElement>
  </Award>
</rootTag>
