<?xml version="1.0" encoding="UTF-8"?>

<rootTag>
  <Award>
    <AwardTitle>Summer Internships</AwardTitle>
    <AwardEffectiveDate>12/01/2016</AwardEffectiveDate>
    <AwardExpirationDate>11/30/2017</AwardExpirationDate>
    <AwardAmount>351848</AwardAmount>
    <AwardInstrument>
      <Value>Interagency Agreement</Value>
    </AwardInstrument>
    <Organization>
      <Code>03040000</Code>
      <Directorate>
        <LongName>Direct For Mathematical &amp; Physical Scien</LongName>
      </Directorate>
      <Division>
        <LongName>Division Of Mathematical Sciences</LongName>
      </Division>
    </Organization>
    <ProgramOfficer>
      <SignBlockName>Leland M. Jameson</SignBlockName>
    </ProgramOfficer>
    <AbstractNarration/>
    <MinAmdLetterDate>11/28/2016</MinAmdLetterDate>
    <MaxAmdLetterDate>11/28/2016</MaxAmdLetterDate>
    <ARRAAmount/>
    <AwardID>1703296</AwardID>
    <Investigator>
      <FirstName>Deborah</FirstName>
      <LastName>Garland</LastName>
      <EmailAddress>bradfordd@ornl.gov</EmailAddress>
      <StartDate>11/28/2016</StartDate>
      <EndDate/>
      <RoleCode>Principal Investigator</RoleCode>
    </Investigator>
    <Institution>
      <Name>Department of Energy Oak Ridge Operations Office</Name>
      <CityName>Oak Ridge</CityName>
      <ZipCode>378308823</ZipCode>
      <PhoneNumber/>
      <StreetAddress>Federal Building</StreetAddress>
      <CountryName>United States</CountryName>
      <StateName>Tennessee</StateName>
      <StateCode>TN</StateCode>
    </Institution>
    <ProgramElement>
      <Code>7335</Code>
      <Text>WORKFORCE IN THE MATHEMAT SCI</Text>
    </ProgramElement>
    <ProgramReference>
      <Code>118E</Code>
      <Text>GRADUATE EDUCATION</Text>
    </ProgramReference>
  </Award>
</rootTag>
