<?xml version="1.0" encoding="UTF-8"?>

<rootTag>
  <Award>
    <AwardTitle>Harmonic Analysis applied to Geometry of Fractal Sets</AwardTitle>
    <AwardEffectiveDate>01/01/2017</AwardEffectiveDate>
    <AwardExpirationDate>12/31/2017</AwardExpirationDate>
    <AwardAmount>22500</AwardAmount>
    <AwardInstrument>
      <Value>Standard Grant</Value>
    </AwardInstrument>
    <Organization>
      <Code>03040000</Code>
      <Directorate>
        <LongName>Direct For Mathematical &amp; Physical Scien</LongName>
      </Directorate>
      <Division>
        <LongName>Division Of Mathematical Sciences</LongName>
      </Division>
    </Organization>
    <ProgramOfficer>
      <SignBlockName>Bruce P. Palka</SignBlockName>
    </ProgramOfficer>
    <AbstractNarration>This award provides funding to help defray the expenses of participants in the conference "Harmonic Analysis Applied to Geometry of Fractal Sets" that will be held February 3-5, 2017, on the campus of Ohio State University. For additional information see the website https://u.osu.edu/hafs2017/&lt;br/&gt;&lt;br/&gt;This conference is devoted to the study of problems that lie at the interface of harmonic analysis and the geometry of fractal sets (e.g., the Falconer distance conjecture; the existence of geometric configurations, such as triangles, within fractal sets; the relationship between the Fourier transform and Hausdorff dimension). There will be nine featured speakers: Seymon Dyatlov, Alex iosevich, Erin Pearse, Lilian Pierce, Malabika Pramanik, Sze-Man Ngai, Karoly Simon, Pablo Shmerkin, and Mariusz Urbanski. The program allows ample oppportunity for junior mathematicians to present their work.</AbstractNarration>
    <MinAmdLetterDate>12/06/2016</MinAmdLetterDate>
    <MaxAmdLetterDate>12/06/2016</MaxAmdLetterDate>
    <ARRAAmount/>
    <AwardID>1704365</AwardID>
    <Investigator>
      <FirstName>Krystal</FirstName>
      <LastName>Taylor</LastName>
      <EmailAddress>taylor.2952@osu.edu</EmailAddress>
      <StartDate>12/06/2016</StartDate>
      <EndDate/>
      <RoleCode>Principal Investigator</RoleCode>
    </Investigator>
    <Institution>
      <Name>Ohio State University</Name>
      <CityName>Columbus</CityName>
      <ZipCode>432101016</ZipCode>
      <PhoneNumber>6146888735</PhoneNumber>
      <StreetAddress>Office of Sponsored Programs</StreetAddress>
      <CountryName>United States</CountryName>
      <StateName>Ohio</StateName>
      <StateCode>OH</StateCode>
    </Institution>
    <ProgramElement>
      <Code>1281</Code>
      <Text>ANALYSIS PROGRAM</Text>
    </ProgramElement>
    <ProgramReference>
      <Code>7556</Code>
      <Text>CONFERENCE AND WORKSHOPS</Text>
    </ProgramReference>
  </Award>
</rootTag>
