<?xml version="1.0" encoding="UTF-8"?>

<rootTag>
  <Award>
    <AwardTitle>Inter Agency Agreement.</AwardTitle>
    <AwardEffectiveDate>11/01/2016</AwardEffectiveDate>
    <AwardExpirationDate>11/30/2017</AwardExpirationDate>
    <AwardAmount>10560</AwardAmount>
    <AwardInstrument>
      <Value>Contract Interagency Agreement</Value>
    </AwardInstrument>
    <Organization>
      <Code>02060000</Code>
      <Directorate>
        <LongName>Office Of Information &amp; Resource Mgmt</LongName>
      </Directorate>
      <Division>
        <LongName>Division Of Administrative Services</LongName>
      </Division>
    </Organization>
    <ProgramOfficer>
      <SignBlockName>William Hart</SignBlockName>
    </ProgramOfficer>
    <AbstractNarration/>
    <MinAmdLetterDate>11/03/2016</MinAmdLetterDate>
    <MaxAmdLetterDate>11/03/2016</MaxAmdLetterDate>
    <ARRAAmount/>
    <AwardID>1706637</AwardID>
    <Investigator>
      <FirstName>Kimberly</FirstName>
      <LastName>Bryant</LastName>
      <EmailAddress/>
      <StartDate>11/03/2016</StartDate>
      <EndDate/>
      <RoleCode>Principal Investigator</RoleCode>
    </Investigator>
    <Institution>
      <Name>DEPARTMENT OF STATE</Name>
      <CityName>Washington</CityName>
      <ZipCode>205220002</ZipCode>
      <PhoneNumber/>
      <StreetAddress>2201 C Street NW</StreetAddress>
      <CountryName>United States</CountryName>
      <StateName>District of Columbia</StateName>
      <StateCode>DC</StateCode>
    </Institution>
    <ProgramElement>
      <Code>0601</Code>
      <Text></Text>
    </ProgramElement>
  </Award>
</rootTag>
