<?xml version="1.0" encoding="UTF-8"?>

<rootTag>
  <Award>
    <AwardTitle>Midwest Several Complex Variables Conference 2017</AwardTitle>
    <AwardEffectiveDate>03/01/2017</AwardEffectiveDate>
    <AwardExpirationDate>11/30/2017</AwardExpirationDate>
    <AwardAmount>32000</AwardAmount>
    <AwardInstrument>
      <Value>Standard Grant</Value>
    </AwardInstrument>
    <Organization>
      <Code>03040000</Code>
      <Directorate>
        <LongName>Direct For Mathematical &amp; Physical Scien</LongName>
      </Directorate>
      <Division>
        <LongName>Division Of Mathematical Sciences</LongName>
      </Division>
    </Organization>
    <ProgramOfficer>
      <SignBlockName>Edward Taylor</SignBlockName>
    </ProgramOfficer>
    <AbstractNarration>This award provides funding for the conference "Midwest Several Complex Variables Conference 2017" that will be held at Brown University during April 7-9, 2017.&lt;br/&gt;&lt;br/&gt;The conference focuses on recent developments in Analysis, especially in the fields of Several Complex Variables and Operator Theory. A number of distinguished mathematicians have agreed to attend and speak at this conference. This award gives early career researchers, members of underrepresented groups, researchers not funded by NSF and the like an opportunity to attend and participate in this conference. The organizing committee will strive to make this funding opportunity known to target groups through a number of different activities. More information will be made available at: https://sites.google.com/a/umich.edu/mw-scv-17/</AbstractNarration>
    <MinAmdLetterDate>12/12/2016</MinAmdLetterDate>
    <MaxAmdLetterDate>12/12/2016</MaxAmdLetterDate>
    <ARRAAmount/>
    <AwardID>1707603</AwardID>
    <Investigator>
      <FirstName>Yunus</FirstName>
      <LastName>Zeytuncu</LastName>
      <EmailAddress>zeytuncu@umich.edu</EmailAddress>
      <StartDate>12/12/2016</StartDate>
      <EndDate/>
      <RoleCode>Principal Investigator</RoleCode>
    </Investigator>
    <Institution>
      <Name>University of Michigan Ann Arbor</Name>
      <CityName>Ann Arbor</CityName>
      <ZipCode>481091274</ZipCode>
      <PhoneNumber>7347636438</PhoneNumber>
      <StreetAddress>3003 South State St. Room 1062</StreetAddress>
      <CountryName>United States</CountryName>
      <StateName>Michigan</StateName>
      <StateCode>MI</StateCode>
    </Institution>
    <ProgramElement>
      <Code>1281</Code>
      <Text>ANALYSIS PROGRAM</Text>
    </ProgramElement>
    <ProgramReference>
      <Code>7556</Code>
      <Text>CONFERENCE AND WORKSHOPS</Text>
    </ProgramReference>
  </Award>
</rootTag>
