<?xml version="1.0" encoding="UTF-8"?>

<rootTag>
  <Award>
    <AwardTitle>IIP Website Redesign Cloud.gov</AwardTitle>
    <AwardEffectiveDate>11/15/2016</AwardEffectiveDate>
    <AwardExpirationDate>11/30/2017</AwardExpirationDate>
    <AwardAmount>30000</AwardAmount>
    <AwardInstrument>
      <Value>Contract Interagency Agreement</Value>
    </AwardInstrument>
    <Organization>
      <Code>07070000</Code>
      <Directorate>
        <LongName>Directorate For Engineering</LongName>
      </Directorate>
      <Division>
        <LongName>Div Of Industrial Innovation &amp; Partnersh</LongName>
      </Division>
    </Organization>
    <ProgramOfficer>
      <SignBlockName>Ben Schrag</SignBlockName>
    </ProgramOfficer>
    <AbstractNarration/>
    <MinAmdLetterDate>11/22/2016</MinAmdLetterDate>
    <MaxAmdLetterDate>11/22/2016</MaxAmdLetterDate>
    <ARRAAmount/>
    <AwardID>1708471</AwardID>
    <Investigator>
      <FirstName>Alexandra</FirstName>
      <LastName>Bisker</LastName>
      <EmailAddress>alexandra.bisker@gsa.gov</EmailAddress>
      <StartDate>11/22/2016</StartDate>
      <EndDate/>
      <RoleCode>Principal Investigator</RoleCode>
    </Investigator>
    <Institution>
      <Name>18F GSA</Name>
      <CityName>Washington</CityName>
      <ZipCode>204050001</ZipCode>
      <PhoneNumber/>
      <StreetAddress>1800 F Street, N.W.</StreetAddress>
      <CountryName>United States</CountryName>
      <StateName>District of Columbia</StateName>
      <StateCode>DC</StateCode>
    </Institution>
    <ProgramElement>
      <Code>8091</Code>
      <Text>SBIR Outreach &amp; Tech. Assist</Text>
    </ProgramElement>
  </Award>
</rootTag>
