<?xml version="1.0" encoding="UTF-8"?>

<rootTag>
  <Award>
    <AwardTitle>Mission-related Law Enforcement training</AwardTitle>
    <AwardEffectiveDate>11/01/2016</AwardEffectiveDate>
    <AwardExpirationDate>11/30/2018</AwardExpirationDate>
    <AwardAmount>4000</AwardAmount>
    <AwardInstrument>
      <Value>Contract Interagency Agreement</Value>
    </AwardInstrument>
    <Organization>
      <Code>00020200</Code>
      <Directorate>
        <LongName/>
      </Directorate>
      <Division>
        <LongName>Office Of Inspector General</LongName>
      </Division>
    </Organization>
    <ProgramOfficer>
      <SignBlockName>Karen Gambarani</SignBlockName>
    </ProgramOfficer>
    <AbstractNarration/>
    <MinAmdLetterDate>11/08/2016</MinAmdLetterDate>
    <MaxAmdLetterDate>12/23/2016</MaxAmdLetterDate>
    <ARRAAmount/>
    <AwardID>1708668</AwardID>
    <Investigator>
      <FirstName>Michelle</FirstName>
      <LastName>Cutting</LastName>
      <EmailAddress>Michelle.Cutting@fletc.dhs.gov</EmailAddress>
      <StartDate>11/08/2016</StartDate>
      <EndDate/>
      <RoleCode>Principal Investigator</RoleCode>
    </Investigator>
    <Institution>
      <Name>FEDERAL LAW ENFORCEMENT TRAINING CENTER</Name>
      <CityName>Brunswick</CityName>
      <ZipCode>315242000</ZipCode>
      <PhoneNumber>9125544480</PhoneNumber>
      <StreetAddress>1131 CHAPEL CROSSING RD</StreetAddress>
      <CountryName>United States</CountryName>
      <StateName>Georgia</StateName>
      <StateCode>GA</StateCode>
    </Institution>
    <ProgramElement>
      <Code>0608</Code>
      <Text/>
    </ProgramElement>
    <ProgramReference>
      <Code>0000</Code>
      <Text>UNASSIGNED</Text>
    </ProgramReference>
    <ProgramReference>
      <Code>OTHR</Code>
      <Text>OTHER RESEARCH OR EDUCATION</Text>
    </ProgramReference>
  </Award>
</rootTag>
