<?xml version="1.0" encoding="UTF-8"?>

<rootTag>
  <Award>
    <AwardTitle>I-Corps: A solar radiation and sky condition monitoring system</AwardTitle>
    <AwardEffectiveDate>01/01/2017</AwardEffectiveDate>
    <AwardExpirationDate>06/30/2017</AwardExpirationDate>
    <AwardAmount>50000</AwardAmount>
    <AwardInstrument>
      <Value>Standard Grant</Value>
    </AwardInstrument>
    <Organization>
      <Code>07070000</Code>
      <Directorate>
        <LongName>Directorate For Engineering</LongName>
      </Directorate>
      <Division>
        <LongName>Div Of Industrial Innovation &amp; Partnersh</LongName>
      </Division>
    </Organization>
    <ProgramOfficer>
      <SignBlockName>Steven Konsek</SignBlockName>
    </ProgramOfficer>
    <AbstractNarration>The broader impact/commercial potential of this I-Corps project is to provide accurate measurements of solar radiation and sky condition for weather, climate, air quality, and solar energy applications. The I-Corps project enables accurate monitoring and understanding of the inherent variability of solar radiation due to cloud cover, aerosol loading, and other atmospheric gases that are essential for determining solar energy generation. The technology and associated data analytics enable solar energy producers, developers, distributors, and researchers to improve solar energy prediction, to enhance solar panel efficiency, to reduce operation and maintenance costs, and to potnetially increase the penetration of solar energy into the power grid.&lt;br/&gt;&lt;br/&gt;This I-Corps project will enable customer discovery for a core technology which integrates a multi-channel radiometer and a sky imager into a shadowband scanning smart system. This smart system measures spectral and angular solar radiation distribution and meteorological parameters for monitoring solar radiation and weather conditions. It also combines communication, computing, remote sensing, and advanced analytics, and responds to feedback from the prevailing environment to deliver improved accuracy and performance. Thereby, it represents a multi-fold improvement over existing methods/systems. This enables more accurate retrievals of optical properties of aerosol, cloud, ozone, and water vapor in the atmosphere. The proposed activities will advance science and technology in weather, climate, air quality, and solar energy.</AbstractNarration>
    <MinAmdLetterDate>12/16/2016</MinAmdLetterDate>
    <MaxAmdLetterDate>12/16/2016</MaxAmdLetterDate>
    <ARRAAmount/>
    <AwardID>1708151</AwardID>
    <Investigator>
      <FirstName>Qilong</FirstName>
      <LastName>Min</LastName>
      <EmailAddress>qmin@albany.edu</EmailAddress>
      <StartDate>12/16/2016</StartDate>
      <EndDate/>
      <RoleCode>Principal Investigator</RoleCode>
    </Investigator>
    <Investigator>
      <FirstName>Bangsheng</FirstName>
      <LastName>Yin</LastName>
      <EmailAddress>byin@albany.edu</EmailAddress>
      <StartDate>12/16/2016</StartDate>
      <EndDate/>
      <RoleCode>Co-Principal Investigator</RoleCode>
    </Investigator>
    <Institution>
      <Name>SUNY at Albany</Name>
      <CityName>Albany</CityName>
      <ZipCode>122220100</ZipCode>
      <PhoneNumber>5184374550</PhoneNumber>
      <StreetAddress>1400 WASHINGTON AVE</StreetAddress>
      <CountryName>United States</CountryName>
      <StateName>New York</StateName>
      <StateCode>NY</StateCode>
    </Institution>
    <ProgramElement>
      <Code>8023</Code>
      <Text>I-Corps</Text>
    </ProgramElement>
  </Award>
</rootTag>
