<?xml version="1.0" encoding="UTF-8"?>

<rootTag>
  <Award>
    <AwardTitle>2017 Computational Methods and Function Theory Conference</AwardTitle>
    <AwardEffectiveDate>04/01/2017</AwardEffectiveDate>
    <AwardExpirationDate>03/31/2018</AwardExpirationDate>
    <AwardAmount>27020</AwardAmount>
    <AwardInstrument>
      <Value>Standard Grant</Value>
    </AwardInstrument>
    <Organization>
      <Code>03040000</Code>
      <Directorate>
        <LongName>Direct For Mathematical &amp; Physical Scien</LongName>
      </Directorate>
      <Division>
        <LongName>Division Of Mathematical Sciences</LongName>
      </Division>
    </Organization>
    <ProgramOfficer>
      <SignBlockName>Edward Taylor</SignBlockName>
    </ProgramOfficer>
    <AbstractNarration>This award provides funding for US participation in the "Computational Methods and Function Theory 2017 Conference" that will be held at Lublin, Poland, 2017 during July 10-15, 2017.&lt;br/&gt;&lt;br/&gt;The conference focuses on recent developments in Analysis, especially in the fields of Geometric Function Theory. A number of distinguished mathematicians have agreed to attend and speak at this conference. This award gives early career researchers, members of underrepresented groups, researchers not funded by NSF and the like an opportunity to attend and participate in this conference. The organizing committee will strive to make this funding opportunity known to target groups through a number of different activities. More information will be made available at: http://cmft2017.umcs.lublin.pl/</AbstractNarration>
    <MinAmdLetterDate>12/19/2016</MinAmdLetterDate>
    <MaxAmdLetterDate>12/19/2016</MaxAmdLetterDate>
    <ARRAAmount/>
    <AwardID>1713763</AwardID>
    <Investigator>
      <FirstName>Doron</FirstName>
      <LastName>Lubinsky</LastName>
      <EmailAddress>lubinsky@math.gatech.edu</EmailAddress>
      <StartDate>12/19/2016</StartDate>
      <EndDate/>
      <RoleCode>Principal Investigator</RoleCode>
    </Investigator>
    <Institution>
      <Name>Georgia Tech Research Corporation</Name>
      <CityName>Atlanta</CityName>
      <ZipCode>303320420</ZipCode>
      <PhoneNumber>4048944819</PhoneNumber>
      <StreetAddress>Office of Sponsored Programs</StreetAddress>
      <CountryName>United States</CountryName>
      <StateName>Georgia</StateName>
      <StateCode>GA</StateCode>
    </Institution>
    <ProgramElement>
      <Code>1281</Code>
      <Text>ANALYSIS PROGRAM</Text>
    </ProgramElement>
    <ProgramReference>
      <Code>7556</Code>
      <Text>CONFERENCE AND WORKSHOPS</Text>
    </ProgramReference>
  </Award>
</rootTag>
