<?xml version="1.0" encoding="UTF-8"?>

<rootTag>
  <Award>
    <AwardTitle>Collaborative Research: Community Recovery and Colorado's Extreme Floods of 2013: Policy Learning in the Context of Resources, Coalitions, and Political Conditions</AwardTitle>
    <AwardEffectiveDate>09/01/2016</AwardEffectiveDate>
    <AwardExpirationDate>07/31/2018</AwardExpirationDate>
    <AwardAmount>110935</AwardAmount>
    <AwardInstrument>
      <Value>Standard Grant</Value>
    </AwardInstrument>
    <Organization>
      <Code>07030000</Code>
      <Directorate>
        <LongName>Directorate For Engineering</LongName>
      </Directorate>
      <Division>
        <LongName>Div Of Civil, Mechanical, &amp; Manufact Inn</LongName>
      </Division>
    </Organization>
    <ProgramOfficer>
      <SignBlockName>David Mendonca</SignBlockName>
    </ProgramOfficer>
    <AbstractNarration>One of the most damaging natural hazards, flooding annually causes billions of dollars in damage, response, and recovery losses for U.S. communities. As populations increase in flood prone areas, communities are becoming more vulnerable to floods. The responsibility for flood management has shifted from the federal to the local level and communities are now responsible for making decisions about if, how, and where to rebuild. Because of their potentially recurring nature, floods offer an opportunity for communities to learn from and adapt to these experiences with the goal of increasing resiliency through reflection, modification of former policies, and adoption of new policies. By following the response to the September 2013 floods in Colorado communities, this study will investigate how communities successfully learn from extreme events to increase resilience and decrease vulnerability to future floods. The project seeks to contribute to the fields of public policy and natural hazards research with the following objectives: to advance knowledge of policy learning in the aftermath of extreme events; to advance knowledge of disaster recovery, specifically as it relates to the role that community processes, citizens, and other stakeholders play in promoting long-term recovery and resilience; and to inform governments of lessons from flood responses to the September 2013 floods, with the goal of contributing to the effectiveness of governance in flood-affected communities.&lt;br/&gt;&lt;br/&gt;The PIs will conduct longitudinal comparative case studies of seven Colorado communities, located in Colorado's three most severely impacted counties from the September 2013 floods. This study will follow communities through their recovery and planning process over a period of three years. Four types of data will be used to examine flood recovery processes and outcomes. First, in-depth interviews will be conducted of participants in the planning and decision process of the community at three intervals during the recovery process. Second, surveys will be conducted with a larger sample of recovery process participants than those interviewed. Third, periodic surveys of community residents will be conducted. Finally, documents related to flood recovery and demographic data will also be gathered. Combined, these data will enable both qualitative and quantitative analysis of recovery processes and stakeholder participation, extent of damage, coalition beliefs and behavior, political context, and resource availability in communities.</AbstractNarration>
    <MinAmdLetterDate>01/26/2017</MinAmdLetterDate>
    <MaxAmdLetterDate>01/26/2017</MaxAmdLetterDate>
    <ARRAAmount/>
    <AwardID>1714277</AwardID>
    <Investigator>
      <FirstName>Deserai</FirstName>
      <LastName>Crow</LastName>
      <EmailAddress>deserai.crow@ucdenver.edu</EmailAddress>
      <StartDate>01/26/2017</StartDate>
      <EndDate/>
      <RoleCode>Principal Investigator</RoleCode>
    </Investigator>
    <Institution>
      <Name>University of Colorado at Denver-Downtown Campus</Name>
      <CityName>Aurora</CityName>
      <ZipCode>800452571</ZipCode>
      <PhoneNumber>3037240090</PhoneNumber>
      <StreetAddress>F428, AMC Bldg 500</StreetAddress>
      <CountryName>United States</CountryName>
      <StateName>Colorado</StateName>
      <StateCode>CO</StateCode>
    </Institution>
    <ProgramElement>
      <Code>1638</Code>
      <Text>INFRAST MGMT &amp; EXTREME EVENTS</Text>
    </ProgramElement>
    <ProgramReference>
      <Code>041E</Code>
      <Text>HAZARD AND DISASTER REDUCTION</Text>
    </ProgramReference>
    <ProgramReference>
      <Code>042E</Code>
      <Text>HAZARD AND DISASTER RESPONSE</Text>
    </ProgramReference>
    <ProgramReference>
      <Code>1576</Code>
      <Text>NATIONL EARTHQK HZRD REDCT PRG</Text>
    </ProgramReference>
    <ProgramReference>
      <Code>9102</Code>
      <Text>WOMEN, MINORITY, DISABLED, NEC</Text>
    </ProgramReference>
  </Award>
</rootTag>
