<?xml version="1.0" encoding="UTF-8"?>

<rootTag>
  <Award>
    <AwardTitle>The University of California at San Diego (UCSD) Worldwide Interplanetary Scintillation Stations (WIPSS) Workshop; San Diego, California; December 18-19, 2016</AwardTitle>
    <AwardEffectiveDate>12/15/2016</AwardEffectiveDate>
    <AwardExpirationDate>11/30/2017</AwardExpirationDate>
    <AwardAmount>15000</AwardAmount>
    <AwardInstrument>
      <Value>Standard Grant</Value>
    </AwardInstrument>
    <Organization>
      <Code>06020203</Code>
      <Directorate>
        <LongName>Directorate For Geosciences</LongName>
      </Directorate>
      <Division>
        <LongName>Div Atmospheric &amp; Geospace Sciences</LongName>
      </Division>
    </Organization>
    <ProgramOfficer>
      <SignBlockName>Carrie E. Black</SignBlockName>
    </ProgramOfficer>
    <AbstractNarration>This award enables the participation of distinguished U.S. and international scientists at the Worldwide Interplanetary Scintillation Stations (WIPSS) Workshop, which is to be held at University of California at San Diego during December 18-19, 2016. The intent of this workshop is to facilitate communication for building the infrastructure to combine data from all of the IPS locations across the globe, which currently operate more or less independently. As a coordinated international network, they will optimize the effectiveness of the measurements which contribute to the space weather readiness of the US and internationally. Interplanetary scintillations are fluctuations observed in radio signals. These can be used to determine the speed and density of disturbances in space propagating toward Earth. These disturbances include the coronal mass ejections, which are the largest and most powerful of space weather events. These have the potential to disrupt the power grid and communications satellites.</AbstractNarration>
    <MinAmdLetterDate>12/15/2016</MinAmdLetterDate>
    <MaxAmdLetterDate>12/15/2016</MaxAmdLetterDate>
    <ARRAAmount/>
    <AwardID>1714026</AwardID>
    <Investigator>
      <FirstName>Hsiu-Shan</FirstName>
      <LastName>Yu</LastName>
      <EmailAddress>hsyu@ucsd.edu</EmailAddress>
      <StartDate>12/15/2016</StartDate>
      <EndDate/>
      <RoleCode>Co-Principal Investigator</RoleCode>
    </Investigator>
    <Investigator>
      <FirstName>Bernard</FirstName>
      <LastName>Jackson</LastName>
      <EmailAddress>bvjackson@ucsd.edu</EmailAddress>
      <StartDate>12/15/2016</StartDate>
      <EndDate/>
      <RoleCode>Principal Investigator</RoleCode>
    </Investigator>
    <Institution>
      <Name>University of California-San Diego</Name>
      <CityName>La Jolla</CityName>
      <ZipCode>920930934</ZipCode>
      <PhoneNumber>8585344896</PhoneNumber>
      <StreetAddress>Office of Contract &amp; Grant Admin</StreetAddress>
      <CountryName>United States</CountryName>
      <StateName>California</StateName>
      <StateCode>CA</StateCode>
    </Institution>
    <ProgramElement>
      <Code>1523</Code>
      <Text>SOLAR-TERRESTRIAL</Text>
    </ProgramElement>
    <ProgramReference>
      <Code>7556</Code>
      <Text>CONFERENCE AND WORKSHOPS</Text>
    </ProgramReference>
  </Award>
</rootTag>
