<?xml version="1.0" encoding="UTF-8"?>

<rootTag>
  <Award>
    <AwardTitle>Support for the 2017 SnowPAC Workshop</AwardTitle>
    <AwardEffectiveDate>02/01/2017</AwardEffectiveDate>
    <AwardExpirationDate>01/31/2018</AwardExpirationDate>
    <AwardAmount>12900</AwardAmount>
    <AwardInstrument>
      <Value>Standard Grant</Value>
    </AwardInstrument>
    <Organization>
      <Code>03020000</Code>
      <Directorate>
        <LongName>Direct For Mathematical &amp; Physical Scien</LongName>
      </Directorate>
      <Division>
        <LongName>Division Of Astronomical Sciences</LongName>
      </Division>
    </Organization>
    <ProgramOfficer>
      <SignBlockName>Peter Kurczynski</SignBlockName>
    </ProgramOfficer>
    <AbstractNarration>Funds are provided for participant support for the SnowPAC 2017 Workshop organized by the University of Utah. The award will support participation (via lodging and registration subsidy) by 30 individuals who would otherwise be unable to attend the meeting, with a particular emphasis on broadening participation by junior researchers and groups traditionally underrepresented in astronomy and astrophysics. &lt;br/&gt;&lt;br/&gt;The SnowPAC workshop is an international meeting that reviews recent developments in particle astrophysics, dark matter, dark energy, astronomy, and cosmology. It seeks to establish new connections between these disciplines and establish new collaborative ties between individuals working in these research areas. This workshop focuses on Lyman-alpha emitting galaxies (LAEs). These galaxies are studied individually and in large ensembles to yield insight into such problems as cosmic re-ionization and the nature and composition of the matter between galaxies.</AbstractNarration>
    <MinAmdLetterDate>01/26/2017</MinAmdLetterDate>
    <MaxAmdLetterDate>01/26/2017</MaxAmdLetterDate>
    <ARRAAmount/>
    <AwardID>1715343</AwardID>
    <Investigator>
      <FirstName>Zheng</FirstName>
      <LastName>Zheng</LastName>
      <EmailAddress>zhengzheng@astro.utah.edu</EmailAddress>
      <StartDate>01/26/2017</StartDate>
      <EndDate/>
      <RoleCode>Principal Investigator</RoleCode>
    </Investigator>
    <Institution>
      <Name>University of Utah</Name>
      <CityName>SALT LAKE CITY</CityName>
      <ZipCode>841128930</ZipCode>
      <PhoneNumber>8015816903</PhoneNumber>
      <StreetAddress>75 S 2000 E</StreetAddress>
      <CountryName>United States</CountryName>
      <StateName>Utah</StateName>
      <StateCode>UT</StateCode>
    </Institution>
    <ProgramElement>
      <Code>1217</Code>
      <Text>EXTRAGALACTIC ASTRON &amp; COSMOLO</Text>
    </ProgramElement>
    <ProgramReference>
      <Code>1206</Code>
      <Text>THEORETICAL &amp; COMPUTATIONAL ASTROPHYSICS</Text>
    </ProgramReference>
    <ProgramReference>
      <Code>1207</Code>
      <Text>OBSERVATIONAL ASTRONOMY</Text>
    </ProgramReference>
    <ProgramReference>
      <Code>7556</Code>
      <Text>CONFERENCE AND WORKSHOPS</Text>
    </ProgramReference>
  </Award>
</rootTag>
