<?xml version="1.0" encoding="UTF-8"?>

<rootTag>
  <Award>
    <AwardTitle>RAPID: Collaborative Research: Topographic Change and Cascading Hazards Following the Mw7.8 Kaikoura (New Zealand) Earthquake</AwardTitle>
    <AwardEffectiveDate>12/15/2016</AwardEffectiveDate>
    <AwardExpirationDate>11/30/2017</AwardExpirationDate>
    <AwardAmount>46517</AwardAmount>
    <AwardInstrument>
      <Value>Standard Grant</Value>
    </AwardInstrument>
    <Organization>
      <Code>06030000</Code>
      <Directorate>
        <LongName>Directorate For Geosciences</LongName>
      </Directorate>
      <Division>
        <LongName>Division Of Earth Sciences</LongName>
      </Division>
    </Organization>
    <ProgramOfficer>
      <SignBlockName>Justin Lawrence</SignBlockName>
    </ProgramOfficer>
    <AbstractNarration>This Rapid Response Research (RAPID) project will examine the effects of the November 13, 2016, series of earthquakes in the Kaikoura region of New Zealand on faulting and landslide processes. The focus of the effort will be to develop a digital elevation model and time series for this event and conduct field work to evaluate the remote sensing products. The work will complement other urgent response efforts underway in New Zealand following the earthquakes. It will enhance international collaboration among scientists in the United States and New Zealand and meaningfully involve students in the scientific research process.&lt;br/&gt;&lt;br/&gt;The 4D evolution of topography is critical for understanding faulting and landslide processes. For major events that deform and erode landscapes, such as earthquakes, we lack data at an event scale for understanding such processes because of the prohibitive cost of repeat land and airborne surveys. Existing high-resolution topographic surveys tend to be small in geographic extent, and thus the chance of catching an area before an event is rare and usually limited in scope. However, recent advances in high performance computing coupled with stereo-satellite imagery collection create the opportunity to provide regional scale data that can be processed for high-resolution topography. Such surveys can potentially be repeated with modest resources such that a topographic time series data can be created quickly and relatively inexpensively. Per contracts with the National Geospatial-Intelligence Agency and supercomputer centers, the PIs will gain access to the existing stereo imagery and super computer processing time needed to immediately develop and deliver a pre-event, high resolution digital elevation model to all researchers working on this event. This work will contribute to the understanding of landslide hazards after major earthquakes involving complex, multi-fault source mechanisms, and will be readily exportable to the scientific response of other earthquakes at other plate boundary settings.</AbstractNarration>
    <MinAmdLetterDate>12/08/2016</MinAmdLetterDate>
    <MaxAmdLetterDate>12/08/2016</MaxAmdLetterDate>
    <ARRAAmount/>
    <AwardID>1719496</AwardID>
    <Investigator>
      <FirstName>Marin</FirstName>
      <LastName>Clark</LastName>
      <EmailAddress>marinkc@umich.edu</EmailAddress>
      <StartDate>12/08/2016</StartDate>
      <EndDate/>
      <RoleCode>Principal Investigator</RoleCode>
    </Investigator>
    <Investigator>
      <FirstName>Dimitrios</FirstName>
      <LastName>Zekkos</LastName>
      <EmailAddress>zekkos@umich.edu</EmailAddress>
      <StartDate>12/08/2016</StartDate>
      <EndDate/>
      <RoleCode>Co-Principal Investigator</RoleCode>
    </Investigator>
    <Investigator>
      <FirstName>Adda</FirstName>
      <LastName>Athanasopoulos-Zekkos</LastName>
      <EmailAddress>addazekk@umich.edu</EmailAddress>
      <StartDate>12/08/2016</StartDate>
      <EndDate/>
      <RoleCode>Co-Principal Investigator</RoleCode>
    </Investigator>
    <Institution>
      <Name>University of Michigan Ann Arbor</Name>
      <CityName>Ann Arbor</CityName>
      <ZipCode>481091274</ZipCode>
      <PhoneNumber>7347636438</PhoneNumber>
      <StreetAddress>3003 South State St. Room 1062</StreetAddress>
      <CountryName>United States</CountryName>
      <StateName>Michigan</StateName>
      <StateCode>MI</StateCode>
    </Institution>
    <ProgramElement>
      <Code>7458</Code>
      <Text>GEOMORPHOLOGY &amp; LAND USE DYNAM</Text>
    </ProgramElement>
    <ProgramElement>
      <Code>1572</Code>
      <Text>TECTONICS</Text>
    </ProgramElement>
    <ProgramElement>
      <Code>7298</Code>
      <Text>COLLABORATIVE RESEARCH</Text>
    </ProgramElement>
    <ProgramElement>
      <Code>014Y</Code>
      <Text>Engineering for Natural Hazard</Text>
    </ProgramElement>
    <ProgramElement>
      <Code>7571</Code>
      <Text>DEEP EARTH PROCESSES SECTION</Text>
    </ProgramElement>
    <ProgramReference>
      <Code>7458</Code>
      <Text>GEOMORPHOLOGY &amp; LAND USE DYNAM</Text>
    </ProgramReference>
    <ProgramReference>
      <Code>7914</Code>
      <Text>RAPID</Text>
    </ProgramReference>
    <ProgramReference>
      <Code>1572</Code>
      <Text>TECTONICS</Text>
    </ProgramReference>
    <ProgramReference>
      <Code>5941</Code>
      <Text>NEW ZEALAND</Text>
    </ProgramReference>
    <ProgramReference>
      <Code>7571</Code>
      <Text>DEEP EARTH PROCESSES SECTION</Text>
    </ProgramReference>
    <ProgramReference>
      <Code>037E</Code>
      <Text>GEOTECHNICAL ENGINEERING</Text>
    </ProgramReference>
    <ProgramReference>
      <Code>043E</Code>
      <Text>EARTHQUAKE ENGINEERING</Text>
    </ProgramReference>
    <ProgramReference>
      <Code>1576</Code>
      <Text>NATIONL EARTHQK HZRD REDCT PRG</Text>
    </ProgramReference>
  </Award>
</rootTag>
