<?xml version="1.0" encoding="UTF-8"?>

<rootTag>
  <Award>
    <AwardTitle>CAREER: Data-Driven Models for Biological Dynamics</AwardTitle>
    <AwardEffectiveDate>10/01/2016</AwardEffectiveDate>
    <AwardExpirationDate>01/31/2021</AwardExpirationDate>
    <AwardAmount>376107</AwardAmount>
    <AwardInstrument>
      <Value>Continuing grant</Value>
    </AwardInstrument>
    <Organization>
      <Code>08070000</Code>
      <Directorate>
        <LongName>Direct For Biological Sciences</LongName>
      </Directorate>
      <Division>
        <LongName>Div Of Molecular and Cellular Bioscience</LongName>
      </Division>
    </Organization>
    <ProgramOfficer>
      <SignBlockName>Gregory W. Warr</SignBlockName>
    </ProgramOfficer>
    <AbstractNarration>The living cell is an active environment where large biological molecules (such as proteins or DNA) move, collide and react. Current experiments observe these processes indirectly in living systems and as a result, interpreting data from indirect observation is a key challenge in understanding and mathematically describing what happens inside cells. The proposed work will contribute to the development of quantitative biology by considering how data-driven models can be inferred from currently available experimental data. This modeling will produce novel theoretical frameworks to capture how the diffusion of biomolecules and their fluctuating shapes ultimately sustain life. Activities focused on the intersection of biology and physics will be undertaken with the goal of advancing science literacy. A new introductory course in biophysics will be developed for a wide audience, and several outreach activities will be undertaken. Undergraduate and high school students will be engaged in the research through the American Chemical Society Project SEED, with special emphasis placed on recruiting women and students from underprivileged backgrounds. A Summer Camp Program (for ages 8-12) will be held at the Indianapolis Zoo on the subject "The Bacterial Serengeti: exploring the bacterial fauna".&lt;br/&gt;&lt;br/&gt;The project has two overall goals: 1) Extracting models of conformational dynamics of single molecules (from single molecule force spectroscopy) that will help go beyond the Markov model paradigm and characterize conformational memory of biomolecules linking dynamics and function in nascent chains, folded proteins under varying conditions, as well as active (ATP-hydrolyzing) motors; 2) Developing data-driven frameworks for intracellular anomalous diffusion in the complex crowded cellular environment directly from fluorescence correlation spectroscopy.&lt;br/&gt;&lt;br/&gt;This award is supported jointly by the Cellular Dynamics and Function program in the Division of Molecular and Cellular Biosciences and by the Physics of Living Systems program in the Division of Physics.</AbstractNarration>
    <MinAmdLetterDate>12/08/2016</MinAmdLetterDate>
    <MaxAmdLetterDate>12/08/2016</MaxAmdLetterDate>
    <ARRAAmount/>
    <AwardID>1719537</AwardID>
    <Investigator>
      <FirstName>Steve</FirstName>
      <LastName>Presse</LastName>
      <EmailAddress>spresse@iupui.edu</EmailAddress>
      <StartDate>12/08/2016</StartDate>
      <EndDate/>
      <RoleCode>Principal Investigator</RoleCode>
    </Investigator>
    <Institution>
      <Name>Arizona State University</Name>
      <CityName>TEMPE</CityName>
      <ZipCode>852816011</ZipCode>
      <PhoneNumber>4809655479</PhoneNumber>
      <StreetAddress>ORSPA</StreetAddress>
      <CountryName>United States</CountryName>
      <StateName>Arizona</StateName>
      <StateCode>AZ</StateCode>
    </Institution>
    <ProgramElement>
      <Code>1114</Code>
      <Text>Cellular Dynamics and Function</Text>
    </ProgramElement>
    <ProgramElement>
      <Code>7275</Code>
      <Text>CROSS-EF ACTIVITIES</Text>
    </ProgramElement>
    <ProgramElement>
      <Code>7246</Code>
      <Text>PHYSICS OF LIVING SYSTEMS</Text>
    </ProgramElement>
    <ProgramReference>
      <Code>1045</Code>
      <Text>CAREER: FACULTY EARLY CAR DEV</Text>
    </ProgramReference>
    <ProgramReference>
      <Code>1228</Code>
      <Text>MINORITY INVOLVEMENT -- BIO</Text>
    </ProgramReference>
    <ProgramReference>
      <Code>7465</Code>
      <Text>NANOSCALE BIO CORE</Text>
    </ProgramReference>
    <ProgramReference>
      <Code>9177</Code>
      <Text>ELEMENTARY/SECONDARY EDUCATION</Text>
    </ProgramReference>
    <ProgramReference>
      <Code>9178</Code>
      <Text>UNDERGRADUATE EDUCATION</Text>
    </ProgramReference>
    <ProgramReference>
      <Code>9179</Code>
      <Text>GRADUATE INVOLVEMENT</Text>
    </ProgramReference>
    <ProgramReference>
      <Code>9180</Code>
      <Text>PUBLIC SCIENCE LITERACY EDUCATION</Text>
    </ProgramReference>
    <ProgramReference>
      <Code>9183</Code>
      <Text>GENERAL FOUNDATIONS OF BIOTECHNOLOGY</Text>
    </ProgramReference>
    <ProgramReference>
      <Code>8007</Code>
      <Text>BioMaPS</Text>
    </ProgramReference>
    <ProgramReference>
      <Code>7237</Code>
      <Text>NANO NON-SOLIC SCI &amp; ENG AWD</Text>
    </ProgramReference>
  </Award>
</rootTag>
