<?xml version="1.0" encoding="UTF-8"?>

<rootTag>
  <Award>
    <AwardTitle>Workshop: 2017 NSF CAREER Proposal Writing Workshop; Portland, Oregon; April 3-4, 2017</AwardTitle>
    <AwardEffectiveDate>02/15/2017</AwardEffectiveDate>
    <AwardExpirationDate>01/31/2019</AwardExpirationDate>
    <AwardAmount>49000</AwardAmount>
    <AwardInstrument>
      <Value>Standard Grant</Value>
    </AwardInstrument>
    <Organization>
      <Code>07030000</Code>
      <Directorate>
        <LongName>Directorate For Engineering</LongName>
      </Directorate>
      <Division>
        <LongName>Div Of Civil, Mechanical, &amp; Manufact Inn</LongName>
      </Division>
    </Organization>
    <ProgramOfficer>
      <SignBlockName>George A. Hazelrigg</SignBlockName>
    </ProgramOfficer>
    <AbstractNarration>This award supports the conduct of an National Science Foundation Faculty Early Career Development (CAREER) Program Proposal Writing Workshop. The workshop will be held in Portland, Oregon, on April 3 and 4, 2017. It is expected that there will be about 250 attendees. The workshop will have a one-and-a-half-day format including a training session on good proposal writing practices, talks by previous CAREER awardees, a mock CAREER proposal panel review, and a review session during which the attendees will have a chance to obtain reviews on project summaries of their own draft CAREER proposals. The attendees will also have an opportunity to interact with NSF Program Directors both one-on-one and in mock panels.&lt;br/&gt;&lt;br/&gt;This workshop will help to prepare young faculty for careers in education by giving them tools and skills of good proposal writing and by preparing them to write and submit better CAREER proposals. The results of the workshop include training for young faculty, better opportunity for young faculty with an emphasis on women and minority faculty, higher award success rates for the attendees, and ultimately better research resulting from better written proposals.</AbstractNarration>
    <MinAmdLetterDate>12/19/2016</MinAmdLetterDate>
    <MaxAmdLetterDate>12/19/2016</MaxAmdLetterDate>
    <ARRAAmount/>
    <AwardID>1719294</AwardID>
    <Investigator>
      <FirstName>Bradley</FirstName>
      <LastName>Kramer</LastName>
      <EmailAddress>bradleyk@ksu.edu</EmailAddress>
      <StartDate>12/19/2016</StartDate>
      <EndDate/>
      <RoleCode>Principal Investigator</RoleCode>
    </Investigator>
    <Investigator>
      <FirstName>Irem</FirstName>
      <LastName>Tumer</LastName>
      <EmailAddress>irem.tumer@oregonstate.edu</EmailAddress>
      <StartDate>12/19/2016</StartDate>
      <EndDate/>
      <RoleCode>Co-Principal Investigator</RoleCode>
    </Investigator>
    <Investigator>
      <FirstName>Zhijian</FirstName>
      <LastName>Pei</LastName>
      <EmailAddress>zjpei@tamu.edu</EmailAddress>
      <StartDate>12/19/2016</StartDate>
      <EndDate/>
      <RoleCode>Co-Principal Investigator</RoleCode>
    </Investigator>
    <Institution>
      <Name>Kansas State University</Name>
      <CityName>MANHATTAN</CityName>
      <ZipCode>665061103</ZipCode>
      <PhoneNumber>7855326804</PhoneNumber>
      <StreetAddress>2 FAIRCHILD HALL</StreetAddress>
      <CountryName>United States</CountryName>
      <StateName>Kansas</StateName>
      <StateCode>KS</StateCode>
    </Institution>
    <ProgramElement>
      <Code>1045</Code>
      <Text>CAREER: FACULTY EARLY CAR DEV</Text>
    </ProgramElement>
    <ProgramReference>
      <Code>7556</Code>
      <Text>CONFERENCE AND WORKSHOPS</Text>
    </ProgramReference>
    <ProgramReference>
      <Code>9150</Code>
      <Text>EXP PROG TO STIM COMP RES</Text>
    </ProgramReference>
  </Award>
</rootTag>
