<?xml version="1.0" encoding="UTF-8"?>

<rootTag>
  <Award>
    <AwardTitle>Function and Evolution of Jaw-Muscle Fiber Type in Primates</AwardTitle>
    <AwardEffectiveDate>12/01/2016</AwardEffectiveDate>
    <AwardExpirationDate>03/31/2019</AwardExpirationDate>
    <AwardAmount>224278</AwardAmount>
    <AwardInstrument>
      <Value>Standard Grant</Value>
    </AwardInstrument>
    <Organization>
      <Code>04040000</Code>
      <Directorate>
        <LongName>Direct For Social, Behav &amp; Economic Scie</LongName>
      </Directorate>
      <Division>
        <LongName>Division Of Behavioral and Cognitive Sci</LongName>
      </Division>
    </Organization>
    <ProgramOfficer>
      <SignBlockName>Rebecca Ferrell</SignBlockName>
    </ProgramOfficer>
    <AbstractNarration>Studying muscle can help us to understand the diets of early humans and other extinct primates. Jaw-muscle fiber types play an important role in fine-tuning the jaw muscles for specific motor tasks such as chewing and powerful biting. This research will study jaw-muscle fiber types across a range of primate species and use those data to test three hypotheses about the evolution of jaw muscle patterns in primates. Results of this work will provide new insights into the relationship between muscle and diet by i) increasing knowledge about the behavioral and ecological factors that shape feeding-system anatomy; ii) advancing our understanding of how jaw-muscle fiber types and whole muscle anatomy work together to generate the jaw movements and jaw forces necessary during feeding and aggressive biting; and (iii) refining models of chewing biomechanics in living and fossil primates. A central component of this work includes the training and mentoring of undergraduate and graduate students and postdoctoral scholars, including women and underrepresented minorities, in state-of-the-art methods for muscle fiber typing. In addition, results will be incorporated in community outreach programs aimed at exposing primary school girls to science. Lastly, this project will generate a unique collection of digital images and slides of muscle tissue that will be made available to the scientific community for teaching and research.&lt;br/&gt;&lt;br/&gt;The jaw-closing muscles are the motors of the masticatory system. Collectively, these muscles are responsible for generating the jaw movements and forces associated with feeding behaviors as well as non-feeding oral behaviors such as aggressive biting and wide-mouth opening for canine threat display. While fiber architecture is an important determinant of whole muscle function, its functional and adaptive significance cannot be fully appreciated in the absence of information on fiber type. This lack of data on primate fiber phenotype limits 1) knowledge about variation in jaw-muscle fiber phenotype; 2) the functional significance of this variation for behavior and performance; and 3) the specificity with which we can model and test hypotheses of feeding-system function and performance in both living and fossil species. To provide a more complete framework for linking measures of primate masticatory anatomy and physiology with function and performance, the investigators will collect and analyze novel data on jaw-muscle fiber type composition and distribution in select, closely related species of strepsirrhine and anthropoid primates that diverge in a key feeding or biting behavior. The data collected will be used to: (i) quantify the myosin heavy chain (MHC) fiber type composition and distribution in primate jaw-closing muscles using state-of-the-art immunohistochemistry; (ii) test three key functional and adaptive hypotheses that have been advanced to explain the evolution of fiber phenotype in mammalian jaw muscles: the frequent recruitment hypothesis, the aggressive bite hypothesis, and the high occlusal force hypothesis; and (iii) assess the correspondence among fiber phenotype, fiber architecture and leverage with the goal of refining models of masticatory biomechanics. This project will provide novel data on the contractile proteins found in primate jaw-closing muscles, advance knowledge of the ecological and behavioral factors that drove changes in the primate jaw-muscle fiber phenotype, and yield new insights into how key components of feeding-system morphology such as fiber architecture, fiber phenotype and leverage combine to facilitate or constrain feeding behavior in primates, including species that have been advanced as models for interpreting feeding behavior and diet in early human ancestors.</AbstractNarration>
    <MinAmdLetterDate>12/14/2016</MinAmdLetterDate>
    <MaxAmdLetterDate>12/14/2016</MaxAmdLetterDate>
    <ARRAAmount/>
    <AwardID>1719743</AwardID>
    <Investigator>
      <FirstName>Andrea</FirstName>
      <LastName>Taylor</LastName>
      <EmailAddress>andrea.taylor3@tu.edu</EmailAddress>
      <StartDate>12/14/2016</StartDate>
      <EndDate/>
      <RoleCode>Principal Investigator</RoleCode>
    </Investigator>
    <Institution>
      <Name>Touro College</Name>
      <CityName>New York</CityName>
      <ZipCode>100184502</ZipCode>
      <PhoneNumber>6465656026</PhoneNumber>
      <StreetAddress>500 7th Avenue</StreetAddress>
      <CountryName>United States</CountryName>
      <StateName>New York</StateName>
      <StateCode>NY</StateCode>
    </Institution>
    <ProgramElement>
      <Code>1392</Code>
      <Text>Biological Anthropology</Text>
    </ProgramElement>
    <ProgramReference>
      <Code>1392</Code>
      <Text>Biological Anthropology</Text>
    </ProgramReference>
    <ProgramReference>
      <Code>9251</Code>
      <Text>RES EXPER FOR UNDERGRAD-SUPPLT</Text>
    </ProgramReference>
  </Award>
</rootTag>
