<?xml version="1.0" encoding="UTF-8"?>

<rootTag>
  <Award>
    <AwardTitle>Estimating global subduction mass transport</AwardTitle>
    <AwardEffectiveDate>11/23/2016</AwardEffectiveDate>
    <AwardExpirationDate>08/31/2017</AwardExpirationDate>
    <AwardAmount>85972</AwardAmount>
    <AwardInstrument>
      <Value>Standard Grant</Value>
    </AwardInstrument>
    <Organization>
      <Code>06030204</Code>
      <Directorate>
        <LongName>Directorate For Geosciences</LongName>
      </Directorate>
      <Division>
        <LongName>Division Of Earth Sciences</LongName>
      </Division>
    </Organization>
    <ProgramOfficer>
      <SignBlockName>Luciana Astiz</SignBlockName>
    </ProgramOfficer>
    <AbstractNarration>This project focuses on slab mass transport into the lower mantle. It will, 1), expand the range of constraints on the degree of slab stagnation, e.g. by detailed analysis of transition zone thickness as well as hypothesis-driven reinversion of seismological data; 2), construct, by means of further software development, regional dynamic models and simplified global parameterizations for stagnation systematics in a thermo-chemical, multi-phase transition mantle system; and, 3), benchmark these computational convection models for vertical and horizontal transport. A graduate student from an under-represented group will be trained in interdisciplinary research. All project software will be developed openly and shared freely online. The tomographic inversion and modeling tools will be implemented into the Solid Earth Teaching and Research Environment software framework, allowing data-driven hypothesis testing for entirely different geodynamic questions and facilitating the training of Earth science students in interdisciplinary research.&lt;br/&gt;&lt;br/&gt;Better estimates of the slab flux, over time and with error bars, will help to constrain geochemical mixing and thermal Earth evolution models. The study will contribute to the use of slabs for absolute plate-tectonic reference frames, and slab dynamics has other, broad implications such as on net rotations of the lithosphere with respect to the lower mantle, interactions with the super-continental cycle, and sealevel variations.</AbstractNarration>
    <MinAmdLetterDate>12/15/2016</MinAmdLetterDate>
    <MaxAmdLetterDate>12/15/2016</MaxAmdLetterDate>
    <ARRAAmount/>
    <AwardID>1720839</AwardID>
    <Investigator>
      <FirstName>Thorsten</FirstName>
      <LastName>Becker</LastName>
      <EmailAddress>twb@ig.utexas.edu</EmailAddress>
      <StartDate>12/15/2016</StartDate>
      <EndDate/>
      <RoleCode>Principal Investigator</RoleCode>
    </Investigator>
    <Institution>
      <Name>University of Texas at Austin</Name>
      <CityName>Austin</CityName>
      <ZipCode>787121532</ZipCode>
      <PhoneNumber>5124716424</PhoneNumber>
      <StreetAddress>101 E. 27th Street, Suite 5.300</StreetAddress>
      <CountryName>United States</CountryName>
      <StateName>Texas</StateName>
      <StateCode>TX</StateCode>
    </Institution>
    <ProgramElement>
      <Code>1574</Code>
      <Text>GEOPHYSICS</Text>
    </ProgramElement>
    <ProgramElement>
      <Code>6892</Code>
      <Text>CI REUSE</Text>
    </ProgramElement>
    <ProgramReference>
      <Code>7433</Code>
      <Text>CyberInfra Frmwrk 21st (CIF21)</Text>
    </ProgramReference>
    <ProgramReference>
      <Code>1031</Code>
      <Text>STUDIES OF THE EARTH'S DEEP INTERIOR</Text>
    </ProgramReference>
  </Award>
</rootTag>
