<?xml version="1.0" encoding="UTF-8"?>

<rootTag>
  <Award>
    <AwardTitle>Evolution Of Behavioral Immune Responses In Fruit Flies: Tradeoffs, Mechanisms, And Genetics</AwardTitle>
    <AwardEffectiveDate>09/01/2016</AwardEffectiveDate>
    <AwardExpirationDate>08/31/2017</AwardExpirationDate>
    <AwardAmount>136628</AwardAmount>
    <AwardInstrument>
      <Value>Continuing grant</Value>
    </AwardInstrument>
    <Organization>
      <Code>08090300</Code>
      <Directorate>
        <LongName>Direct For Biological Sciences</LongName>
      </Directorate>
      <Division>
        <LongName>Division Of Integrative Organismal Systems</LongName>
      </Division>
    </Organization>
    <ProgramOfficer>
      <SignBlockName>Rollie Clem</SignBlockName>
    </ProgramOfficer>
    <AbstractNarration>Because immune defenses against parasites are costly, hosts are expected to balance the use of different defense mechanisms and to forego immunity when they do not need it. However, experimental evidence for trade-offs between alternative defense mechanisms is scarce. The ideal system to test for immune response tradeoffs would be a group of closely related host species that face similar parasites in the wild, and that employ multiple kinds of defenses. The investigators will use fruit flies of the melanogaster species group of the genus Drosophila, along with their shared endoparasitoid wasps from the family Figitidae, to test the hypothesis that cellular and behavioral immune defenses trade off with each other on a macro-evolutionary scale. The investigators will take advantage of the fact that D. melanogaster is a genetic model system to test the suspected roles of sight and brain neuropeptide F signaling in fly self-medication responses against wasp parasites. The investigators will also take a combined RNA-seq and association mapping approach to uncover further brain genes required for initiating behavioral defenses. This project will result in the identification of evolutionary trade-offs between different immune mechanisms as well as the mechanistic and genetic underpinnings of behavioral immune responses. &lt;br/&gt;&lt;br/&gt;Broader impacts of the project include the maintenance and distribution of parasitic wasp strains for the scientific community and the education and training of undergraduate and graduate students in aspects of behavior, cellular biology, and genetics. The investigators will also collaborate with public high school teachers to develop classroom projects focused on hands-on, student-centered, and inquiry-based learning approaches using the fly-wasp immunological interactions.</AbstractNarration>
    <MinAmdLetterDate>12/06/2016</MinAmdLetterDate>
    <MaxAmdLetterDate>12/06/2016</MaxAmdLetterDate>
    <ARRAAmount/>
    <AwardID>1720247</AwardID>
    <Investigator>
      <FirstName>Todd</FirstName>
      <LastName>Schlenke</LastName>
      <EmailAddress>schlenke@email.arizona.edu</EmailAddress>
      <StartDate>12/06/2016</StartDate>
      <EndDate/>
      <RoleCode>Principal Investigator</RoleCode>
    </Investigator>
    <Institution>
      <Name>University of Arizona</Name>
      <CityName>Tucson</CityName>
      <ZipCode>857194824</ZipCode>
      <PhoneNumber>5206266000</PhoneNumber>
      <StreetAddress>888 N Euclid Ave</StreetAddress>
      <CountryName>United States</CountryName>
      <StateName>Arizona</StateName>
      <StateCode>AZ</StateCode>
    </Institution>
    <ProgramElement>
      <Code>7656</Code>
      <Text>SYMBIOSIS DEF &amp; SELF RECOG</Text>
    </ProgramElement>
    <ProgramReference>
      <Code>1228</Code>
      <Text>MINORITY INVOLVEMENT -- BIO</Text>
    </ProgramReference>
    <ProgramReference>
      <Code>9178</Code>
      <Text>UNDERGRADUATE EDUCATION</Text>
    </ProgramReference>
    <ProgramReference>
      <Code>9179</Code>
      <Text>GRADUATE INVOLVEMENT</Text>
    </ProgramReference>
  </Award>
</rootTag>
