<?xml version="1.0" encoding="UTF-8"?>

<rootTag>
  <Award>
    <AwardTitle>Collaborative Research: Building Cybersecurity Capacity in Pervasive Computing</AwardTitle>
    <AwardEffectiveDate>09/01/2016</AwardEffectiveDate>
    <AwardExpirationDate>08/31/2019</AwardExpirationDate>
    <AwardAmount>143306</AwardAmount>
    <AwardInstrument>
      <Value>Standard Grant</Value>
    </AwardInstrument>
    <Organization>
      <Code>11010000</Code>
      <Directorate>
        <LongName>Direct For Education and Human Resources</LongName>
      </Directorate>
      <Division>
        <LongName>Division Of Graduate Education</LongName>
      </Division>
    </Organization>
    <ProgramOfficer>
      <SignBlockName>Victor P. Piotrowski</SignBlockName>
    </ProgramOfficer>
    <AbstractNarration>This project aims to build cybersecurity capacity of the United States in pervasive computing. Although significant efforts have been made in addressing the security and privacy issues of pervasive computing in research community, a strategic implementation that promotes workforce development from both academic and experiential learning in cybersecurity education is still lacking in pervasive computing. It is imperative to bring cybersecurity research results into education, cultivate the well prepared cybersecurity workforce, and strengthen the long-term collaboration among academic institutions, industry, and government. &lt;br/&gt;&lt;br/&gt;The project identifies five major objectives in security and privacy issues of pervasive computing: 1) developing new courses and course modules; 2) constructing hands-on virtual labs; 3) engaging students in research with timely research topics; 4) establishing and strengthening relationships with partners; and 5) developing career interest and professional capabilities in cybersecurity with a focus on women and underrepresented students. Unified under the central theme of security and privacy, the wide coverage of cyberspace facets in pervasive computing will allow students to learn the state-of-the-art research findings, gain hands-on experiences from the most up-to-date software, platforms, and infrastructures, engage in scientific research in their best interests, and obtain a comprehensive in-breadth appreciation of the overall cybersecurity state-of-the-art through the new courses and labs, industry-sponsored capstones, cooperative research projects, cybersecurity student organizations, invited talks, and webinars held by the proposed project.</AbstractNarration>
    <MinAmdLetterDate>12/19/2016</MinAmdLetterDate>
    <MaxAmdLetterDate>12/19/2016</MaxAmdLetterDate>
    <ARRAAmount/>
    <AwardID>1723707</AwardID>
    <Investigator>
      <FirstName>Anyi</FirstName>
      <LastName>Liu</LastName>
      <EmailAddress>liua@ipfw.edu</EmailAddress>
      <StartDate>12/19/2016</StartDate>
      <EndDate/>
      <RoleCode>Principal Investigator</RoleCode>
    </Investigator>
    <Institution>
      <Name>Oakland University</Name>
      <CityName>Rochester</CityName>
      <ZipCode>483094401</ZipCode>
      <PhoneNumber>2483704116</PhoneNumber>
      <StreetAddress>530 Wilson Hall</StreetAddress>
      <CountryName>United States</CountryName>
      <StateName>Michigan</StateName>
      <StateCode>MI</StateCode>
    </Institution>
    <ProgramElement>
      <Code>1668</Code>
      <Text>FED CYBER SERV: SCHLAR FOR SER</Text>
    </ProgramElement>
    <ProgramReference>
      <Code>7254</Code>
      <Text>CYBER SECURITY ACT PROPOSALS</Text>
    </ProgramReference>
    <ProgramReference>
      <Code>7434</Code>
      <Text>CNCI</Text>
    </ProgramReference>
    <ProgramReference>
      <Code>9178</Code>
      <Text>UNDERGRADUATE EDUCATION</Text>
    </ProgramReference>
    <ProgramReference>
      <Code>9179</Code>
      <Text>GRADUATE INVOLVEMENT</Text>
    </ProgramReference>
    <ProgramReference>
      <Code>SMET</Code>
      <Text>SCIENCE, MATH, ENG &amp; TECH EDUCATION</Text>
    </ProgramReference>
  </Award>
</rootTag>
