<?xml version="1.0" encoding="UTF-8"?>

<rootTag>
  <Award>
    <AwardTitle>FEDLINK</AwardTitle>
    <AwardEffectiveDate>01/01/2017</AwardEffectiveDate>
    <AwardExpirationDate>01/31/2018</AwardExpirationDate>
    <AwardAmount>577538</AwardAmount>
    <AwardInstrument>
      <Value>Contract Interagency Agreement</Value>
    </AwardInstrument>
    <Organization>
      <Code>02060000</Code>
      <Directorate>
        <LongName>Office Of Information &amp; Resource Mgmt</LongName>
      </Directorate>
      <Division>
        <LongName>Division Of Administrative Services</LongName>
      </Division>
    </Organization>
    <ProgramOfficer>
      <SignBlockName>William Hart</SignBlockName>
    </ProgramOfficer>
    <AbstractNarration/>
    <MinAmdLetterDate>12/22/2016</MinAmdLetterDate>
    <MaxAmdLetterDate>12/22/2016</MaxAmdLetterDate>
    <ARRAAmount/>
    <AwardID>1723195</AwardID>
    <Investigator>
      <FirstName>Sonja</FirstName>
      <LastName>Gardner-Clarke</LastName>
      <EmailAddress/>
      <StartDate>12/22/2016</StartDate>
      <EndDate/>
      <RoleCode>Principal Investigator</RoleCode>
    </Investigator>
    <Institution>
      <Name>Library of Congress</Name>
      <CityName>Washington</CityName>
      <ZipCode>200245105</ZipCode>
      <PhoneNumber/>
      <StreetAddress>10 First Street, S.E.</StreetAddress>
      <CountryName>United States</CountryName>
      <StateName>District of Columbia</StateName>
      <StateCode>DC</StateCode>
    </Institution>
    <ProgramElement>
      <Code>0601</Code>
      <Text></Text>
    </ProgramElement>
  </Award>
</rootTag>
