<?xml version="1.0" encoding="UTF-8"?>

<rootTag>
  <Award>
    <AwardTitle>Collaborative Research: Hybrid Organic-Inorganic Thermoelectric Materials</AwardTitle>
    <AwardEffectiveDate>08/31/2016</AwardEffectiveDate>
    <AwardExpirationDate>06/30/2017</AwardExpirationDate>
    <AwardAmount>95461</AwardAmount>
    <AwardInstrument>
      <Value>Standard Grant</Value>
    </AwardInstrument>
    <Organization>
      <Code>07030000</Code>
      <Directorate>
        <LongName>Directorate For Engineering</LongName>
      </Directorate>
      <Division>
        <LongName>Div Of Civil, Mechanical, &amp; Manufact Inn</LongName>
      </Division>
    </Organization>
    <ProgramOfficer>
      <SignBlockName>Thomas F. Kuech</SignBlockName>
    </ProgramOfficer>
    <AbstractNarration>Thermoelectric materials are materials which can be used to convert thermal energy directly to electricity. The performance of a thermoelectric material is measured by the "figure of merit", termed ZT. There has been much research into increasing thermoelectric materials, figure of merit, however, progress in this area has been slow and most of the researched thermoelectric materials up to now are suffering from either high fabrication cost, usage of rare earth or toxic elements, or poor mechanical properties. Organic thermoelectric materials (OTEs) have recently attracted attention for low temperature applications (&lt; 300K), especially cooling purposes, as they are flexible, low-cost and abundant, and low-cost fabrication methods for synthesizing them exist. However, the ZT of the state-of-the-art OTEs is significantly lower than the ZT of their inorganic counterparts. In fact, there are only few candidates for low temperature thermoelectric devices even among inorganic materials. In the case of inorganic thermoelectric materials, the limiting factor in improving ZT is the electron mobility. This work will allow for the fabrication of high-ZT thermoelectric materials by addressing the challenges in mobility enhancement. This will be done by combining the two classes of materials (organic and inorganic), using a fabrication scheme in which high-mobility inorganic nanowires are embedded inside organic compounds. The researchers are a multidisciplinary team with complementary expertise and with common interest in the thermoelectric field. Graduate and Undergraduate Students involved in this project therefore will benefit largely from the multidisciplinary nature of the work.&lt;br/&gt;&lt;br/&gt;This work is applying new doping schemes (3D modulation-doping and field-effect doping) to hybrid organic-inorganic materials and to simulate, design, fabricate and characterize a new class of low temperature thermoelectric nanocomposites. The two-phase material uses the organic phase (e.g. conjugated-polymer or organic molecules) as a source of electrons and the inorganic semiconducting phase (e.g. Si nanowires) as the electron transport channel with high mobility. The key is to use the modulation-doping scheme to favor carrier transfer from the source of carriers (e.g. conjugated-polymer) to the high mobility inorganic semiconducting phase (inorganic nanowires) and optimize the carrier concentration to design a high Z hybrid thermoelectric material. A large class of semiconducting nanostructures (e.g. Si, CdTe, Bi, and PbTe nanowires and holely structures) combined with conjugated polymers (e.g., chemically-modified PEDOT and low bandgap polymers) and organic molecules (specifically charged chemical species attached to molecules such as CF3- substituted styrene molecules) will be simulated, synthesized and optimized to identify new hybrid materials with a potentially high ZT.</AbstractNarration>
    <MinAmdLetterDate>12/22/2016</MinAmdLetterDate>
    <MaxAmdLetterDate>12/22/2016</MaxAmdLetterDate>
    <ARRAAmount/>
    <AwardID>1723353</AwardID>
    <Investigator>
      <FirstName>Mona</FirstName>
      <LastName>Zebarjadi</LastName>
      <EmailAddress>mz6g@virginia.edu</EmailAddress>
      <StartDate>12/22/2016</StartDate>
      <EndDate/>
      <RoleCode>Principal Investigator</RoleCode>
    </Investigator>
    <Institution>
      <Name>University of Virginia Main Campus</Name>
      <CityName>CHARLOTTESVILLE</CityName>
      <ZipCode>229044195</ZipCode>
      <PhoneNumber>4349244270</PhoneNumber>
      <StreetAddress>P.O. BOX 400195</StreetAddress>
      <CountryName>United States</CountryName>
      <StateName>Virginia</StateName>
      <StateCode>VA</StateCode>
    </Institution>
    <ProgramElement>
      <Code>8092</Code>
      <Text>Materials Eng. &amp; Processing</Text>
    </ProgramElement>
    <ProgramReference>
      <Code>024E</Code>
      <Text>MATERIALS DESIGN</Text>
    </ProgramReference>
    <ProgramReference>
      <Code>036E</Code>
      <Text>CIVIL INFRASTRUCTURE</Text>
    </ProgramReference>
    <ProgramReference>
      <Code>083E</Code>
      <Text>MATERIAL TRANSFORMATION PROC</Text>
    </ProgramReference>
    <ProgramReference>
      <Code>1444</Code>
      <Text>SURFACE ENGINEERING</Text>
    </ProgramReference>
    <ProgramReference>
      <Code>8021</Code>
      <Text>Materials Engineering</Text>
    </ProgramReference>
    <ProgramReference>
      <Code>8022</Code>
      <Text>Sustainable Infrastructure Materials</Text>
    </ProgramReference>
    <ProgramReference>
      <Code>8025</Code>
      <Text>Advanced Materials Processing</Text>
    </ProgramReference>
    <ProgramReference>
      <Code>9102</Code>
      <Text>WOMEN, MINORITY, DISABLED, NEC</Text>
    </ProgramReference>
    <ProgramReference>
      <Code>088E</Code>
      <Text>THERMALLY DRIVEN PROCESSES</Text>
    </ProgramReference>
  </Award>
</rootTag>
