<?xml version="1.0" encoding="UTF-8"?>

<rootTag>
  <Award>
    <AwardTitle>CAREER: Nonmetal Phosphorus Catalysts for Hydrogen Transfer Reactivity</AwardTitle>
    <AwardEffectiveDate>10/01/2016</AwardEffectiveDate>
    <AwardExpirationDate>02/28/2019</AwardExpirationDate>
    <AwardAmount>272243</AwardAmount>
    <AwardInstrument>
      <Value>Continuing grant</Value>
    </AwardInstrument>
    <Organization>
      <Code>03090000</Code>
      <Directorate>
        <LongName>Direct For Mathematical &amp; Physical Scien</LongName>
      </Directorate>
      <Division>
        <LongName>Division Of Chemistry</LongName>
      </Division>
    </Organization>
    <ProgramOfficer>
      <SignBlockName>George Janini</SignBlockName>
    </ProgramOfficer>
    <AbstractNarration>In this project funded by the Chemical Catalysis program of the Chemistry Division, Professor Alexander Radosevich of The Pennsylvania State University is investigating inexpensive nonmetal compounds for hydrogen transfer catalysis. Geometrically distorted tricoordinate phosphorus compounds are prepared and evaluated for transfer hydrogenation catalysis via pentacoordinate dihydridophosphorane intermediates. The research involves an investigation of the mechanistic factors that permit hydrogen transfer reactivity with phosphorus-based catalysts and an assessment of the molecular and electronic design principles required to develop efficient nonmetal catalysts for valuable synthetic transformations. In conjunction with local partners, outreach efforts to promote active participation in science by K-12 students are being pursued including a summer research curriculum for high school students from underserved populations, and a chemistry-focused, interactive children's museum exhibit for young learners. The broader impacts of this work include potential benefits from the discovery of catalysts from less toxic, earth abundant elements as well as the introduction of students to active learning in science through non-classroom activities. &lt;br/&gt;&lt;br/&gt;Catalysts enable the preparation of medicines, materials and fuels in a scalable, economical, and environmentally responsible manner. This project focuses on the discovery of a new class of catalysts based on lightweight, inexpensive, and abundant nonmetal elements. The potential broader societal benefits include the production of chemicals and materials free of residual metals and in a sustainable manner.</AbstractNarration>
    <MinAmdLetterDate>01/06/2017</MinAmdLetterDate>
    <MaxAmdLetterDate>01/06/2017</MaxAmdLetterDate>
    <ARRAAmount/>
    <AwardID>1724505</AwardID>
    <Investigator>
      <FirstName>Alexander</FirstName>
      <LastName>Radosevich</LastName>
      <EmailAddress>atr2@psu.edu</EmailAddress>
      <StartDate>01/06/2017</StartDate>
      <EndDate/>
      <RoleCode>Principal Investigator</RoleCode>
    </Investigator>
    <Institution>
      <Name>Massachusetts Institute of Technology</Name>
      <CityName>Cambridge</CityName>
      <ZipCode>021394301</ZipCode>
      <PhoneNumber>6172531000</PhoneNumber>
      <StreetAddress>77 MASSACHUSETTS AVE</StreetAddress>
      <CountryName>United States</CountryName>
      <StateName>Massachusetts</StateName>
      <StateCode>MA</StateCode>
    </Institution>
    <ProgramElement>
      <Code>6884</Code>
      <Text>Chemical Catalysis</Text>
    </ProgramElement>
    <ProgramReference>
      <Code>1045</Code>
      <Text>CAREER: FACULTY EARLY CAR DEV</Text>
    </ProgramReference>
    <ProgramReference>
      <Code>6884</Code>
      <Text>CHEMICAL CATALYSIS</Text>
    </ProgramReference>
    <ProgramReference>
      <Code>8650</Code>
      <Text>Sustainable Chemistry</Text>
    </ProgramReference>
  </Award>
</rootTag>
