<?xml version="1.0" encoding="UTF-8"?>

<rootTag>
  <Award>
    <AwardTitle>NSF-NICT Workshop: US-Japan Collaboration in Computational Neuroscience</AwardTitle>
    <AwardEffectiveDate>02/01/2017</AwardEffectiveDate>
    <AwardExpirationDate>01/31/2018</AwardExpirationDate>
    <AwardAmount>36694</AwardAmount>
    <AwardInstrument>
      <Value>Standard Grant</Value>
    </AwardInstrument>
    <Organization>
      <Code>05020000</Code>
      <Directorate>
        <LongName>Direct For Computer &amp; Info Scie &amp; Enginr</LongName>
      </Directorate>
      <Division>
        <LongName>Div Of Information &amp; Intelligent Systems</LongName>
      </Division>
    </Organization>
    <ProgramOfficer>
      <SignBlockName>Kenneth C. Whang</SignBlockName>
    </ProgramOfficer>
    <AbstractNarration>US-Japan Collaboration in Computational Neuroscience, Osaka, November 29-30, 2011&lt;br/&gt;&lt;br/&gt;This award supports a workshop, led by Hiroaki Matsunami and Izumi Ohzawa, on US-Japan collaboration in computational neuroscience. The workshop builds on the interests of multiple NSF directorates and NIH institutes, and Japan's National Institute of Information and Communications Technology (NICT) and Center for Information and Neural Networks, in this rapidly developing area of research.&lt;br/&gt;&lt;br/&gt;The workshop will explore the intellectual opportunities, broader impacts, and practical considerations needed for US-Japan collaboration to be successful. It will be attended by researchers and government representatives from the US and Japan. A report from the workshop will be made available at http://www.nsf.gov/crcns.</AbstractNarration>
    <MinAmdLetterDate>02/02/2017</MinAmdLetterDate>
    <MaxAmdLetterDate>02/02/2017</MaxAmdLetterDate>
    <ARRAAmount/>
    <AwardID>1725132</AwardID>
    <Investigator>
      <FirstName>Hiroaki</FirstName>
      <LastName>Matsunami</LastName>
      <EmailAddress>matsu004@mc.duke.edu</EmailAddress>
      <StartDate>02/02/2017</StartDate>
      <EndDate/>
      <RoleCode>Principal Investigator</RoleCode>
    </Investigator>
    <Institution>
      <Name>Duke University</Name>
      <CityName>Durham</CityName>
      <ZipCode>277054010</ZipCode>
      <PhoneNumber>9196843030</PhoneNumber>
      <StreetAddress>2200 W. Main St, Suite 710</StreetAddress>
      <CountryName>United States</CountryName>
      <StateName>North Carolina</StateName>
      <StateCode>NC</StateCode>
    </Institution>
    <ProgramElement>
      <Code>7327</Code>
      <Text>CRCNS</Text>
    </ProgramElement>
    <ProgramReference>
      <Code>8089</Code>
      <Text>Understanding the Brain/Cognitive Scienc</Text>
    </ProgramReference>
    <ProgramReference>
      <Code>8091</Code>
      <Text>BRAIN Initiative Res Support</Text>
    </ProgramReference>
    <ProgramReference>
      <Code>7327</Code>
      <Text>CRCNS</Text>
    </ProgramReference>
    <ProgramReference>
      <Code>7556</Code>
      <Text>CONFERENCE AND WORKSHOPS</Text>
    </ProgramReference>
  </Award>
</rootTag>
