<?xml version="1.0" encoding="UTF-8"?>

<rootTag>
  <Award>
    <AwardTitle>Denver Office Phone Service</AwardTitle>
    <AwardEffectiveDate>01/15/2017</AwardEffectiveDate>
    <AwardExpirationDate>01/31/2018</AwardExpirationDate>
    <AwardAmount>3965</AwardAmount>
    <AwardInstrument>
      <Value>Contract Interagency Agreement</Value>
    </AwardInstrument>
    <Organization>
      <Code>00020000</Code>
      <Directorate>
        <LongName/>
      </Directorate>
      <Division>
        <LongName>Office Of Inspector General</LongName>
      </Division>
    </Organization>
    <ProgramOfficer>
      <SignBlockName>shiji thomas</SignBlockName>
    </ProgramOfficer>
    <AbstractNarration/>
    <MinAmdLetterDate>01/25/2017</MinAmdLetterDate>
    <MaxAmdLetterDate>01/25/2017</MaxAmdLetterDate>
    <ARRAAmount/>
    <AwardID>1725063</AwardID>
    <Investigator>
      <FirstName>Ray</FirstName>
      <LastName>Cwenar</LastName>
      <EmailAddress>ray.cwenar@gsa.gov</EmailAddress>
      <StartDate>01/25/2017</StartDate>
      <EndDate/>
      <RoleCode>Principal Investigator</RoleCode>
    </Investigator>
    <Institution>
      <Name>GENERAL SERVICES ADMINISTRATION</Name>
      <CityName>Washington</CityName>
      <ZipCode>20405</ZipCode>
      <PhoneNumber/>
      <StreetAddress>18th &amp; F Streets NW</StreetAddress>
      <CountryName>United States</CountryName>
      <StateName>District of Columbia</StateName>
      <StateCode>DC</StateCode>
    </Institution>
    <ProgramElement>
      <Code>0675</Code>
      <Text/>
    </ProgramElement>
    <ProgramReference>
      <Code>0000</Code>
      <Text>UNASSIGNED</Text>
    </ProgramReference>
    <ProgramReference>
      <Code>OTHR</Code>
      <Text>OTHER RESEARCH OR EDUCATION</Text>
    </ProgramReference>
  </Award>
</rootTag>
