<?xml version="1.0" encoding="UTF-8"?>

<rootTag>
  <Award>
    <AwardTitle>DMREF: Collaborative Research: Toolkit to Characterize and Design Bi-functional Nanoparticle Catalysts</AwardTitle>
    <AwardEffectiveDate>11/01/2016</AwardEffectiveDate>
    <AwardExpirationDate>08/31/2018</AwardExpirationDate>
    <AwardAmount>184528</AwardAmount>
    <AwardInstrument>
      <Value>Standard Grant</Value>
    </AwardInstrument>
    <Organization>
      <Code>03090000</Code>
      <Directorate>
        <LongName>Direct For Mathematical &amp; Physical Scien</LongName>
      </Directorate>
      <Division>
        <LongName>Division Of Chemistry</LongName>
      </Division>
    </Organization>
    <ProgramOfficer>
      <SignBlockName>Timothy E. Patten</SignBlockName>
    </ProgramOfficer>
    <AbstractNarration>In this project, funded by the Designing Materials to Revolutionize and Engineer our Future (DMREF) Program of the Chemistry Division, Professors Graeme Henkelman and Richard Crooks at the University of Texas, Professor Anatoly Frenkel at Yeshiva University, and Professor Judith Yang of the University of Pittsburgh are combining experimental and computational methods aimed at discovering optimal bi-functional catalyst formulations and structures for the electrochemical oxidation of the poisonous gas, carbon monoxide. A key element of the research is the use of extremely small catalyst particles (containing only several hundred atoms) that are partially coated with a protective layer of molecules called dendrimers that keep the metal particles from coalescing. A variety of catalysts are being made, and their structures and catalytic activities are being analyzed. Computational studies are being performed to predict new catalyst structures that are then prepared and analyzed; the results from the experimental studies are used to refine the computational methods. The combined approach represents a new toolkit for the discovery and development of new catalytic materials having improved performance.The project participants are involved in educational and outreach activities to engage undergraduate students directly in various aspects of the project including an opportunity for some of the University of Texas - Austin students to spend up to a week at Brookhaven National Laboratory and the University of Pittsburgh. &lt;br/&gt;&lt;br/&gt;The research team is conducting density functional theory (DFT) calculations of the entire nanoparticle structure for various combinations of metals - one which adsorbs carbon monoxide and one which adsorbs oxygen dissociatively. The DFT calculations of available reaction mechanisms, together with kinetic modeling and correlations to expected variations in catalyst structures and compositions, identify mechanisms and reactivity descriptors that will be used in subsequent screening-synthesis-characterization-evaluation cycles. Characterizations are being conducted by both in situ and scanning transmission electron microscopy (TEM/STEM) and extended X-ray absorption fine structure (EXAFS). Methods are being developed for combining the DFT calculations with the TEM and EXAFS data to improve the determination of nanoparticle structures at the atomic scale. From a scientific/technical standpoint, the study is advancing the dendrimer-aided approach to catalyst synthesis, with a clearer understanding of the nature of the particles that are produced and their catalytic activity. The study is extending previous work on bi-metallic particles to metal-metal oxide systems, with corresponding extension of computational and characterization efforts. The synthesis, characterization, and modeling tools developed during the course of this study have broad applicability to a wide range of reactions and catalyst formulations, and the software tools will be freely distributed to the catalysis science community.</AbstractNarration>
    <MinAmdLetterDate>01/23/2017</MinAmdLetterDate>
    <MaxAmdLetterDate>01/23/2017</MaxAmdLetterDate>
    <ARRAAmount/>
    <AwardID>1726321</AwardID>
    <Investigator>
      <FirstName>Anatoly</FirstName>
      <LastName>Frenkel</LastName>
      <EmailAddress>anatoly.frenkel@stonybrook.edu</EmailAddress>
      <StartDate>01/23/2017</StartDate>
      <EndDate/>
      <RoleCode>Principal Investigator</RoleCode>
    </Investigator>
    <Institution>
      <Name>SUNY at Stony Brook</Name>
      <CityName>Stony Brook</CityName>
      <ZipCode>117940001</ZipCode>
      <PhoneNumber>6316329949</PhoneNumber>
      <StreetAddress>WEST 5510 FRK MEL LIB</StreetAddress>
      <CountryName>United States</CountryName>
      <StateName>New York</StateName>
      <StateCode>NY</StateCode>
    </Institution>
    <ProgramElement>
      <Code>8292</Code>
      <Text>DMREF</Text>
    </ProgramElement>
    <ProgramReference>
      <Code>044E</Code>
      <Text>CATALYSIS</Text>
    </ProgramReference>
    <ProgramReference>
      <Code>8400</Code>
      <Text>DMREF</Text>
    </ProgramReference>
    <ProgramReference>
      <Code>8037</Code>
      <Text>Advanced Manufacturing</Text>
    </ProgramReference>
    <ProgramReference>
      <Code>8398</Code>
      <Text>Hydrocarbon Conversion</Text>
    </ProgramReference>
    <ProgramReference>
      <Code>9263</Code>
      <Text>COMPUTATIONAL SCIENCE &amp; ENGING</Text>
    </ProgramReference>
    <ProgramReference>
      <Code>7237</Code>
      <Text>NANO NON-SOLIC SCI &amp; ENG AWD</Text>
    </ProgramReference>
    <ProgramReference>
      <Code>8396</Code>
      <Text>Clean Energy Technology</Text>
    </ProgramReference>
  </Award>
</rootTag>
