<?xml version="1.0" encoding="UTF-8"?>

<rootTag>
  <Award>
    <AwardTitle>Lab-on-a-Chip Channels Novel Manufacturing Method</AwardTitle>
    <AwardEffectiveDate>04/15/2006</AwardEffectiveDate>
    <AwardExpirationDate>09/30/2008</AwardExpirationDate>
    <AwardAmount>115000</AwardAmount>
    <AwardInstrument>
      <Value>Standard Grant</Value>
    </AwardInstrument>
    <Organization>
      <Code>07030000</Code>
      <Directorate>
        <LongName>Directorate For Engineering</LongName>
      </Directorate>
      <Division>
        <LongName>Div Of Civil, Mechanical, &amp; Manufact Inn</LongName>
      </Division>
    </Organization>
    <ProgramOfficer>
      <SignBlockName>Shaochen Chen</SignBlockName>
    </ProgramOfficer>
    <AbstractNarration>The research objective of this effort is to investigate a novel method for manufacturing microchannels for lab-on-a-chip and Microelectromechanical Systems (MEMS) applications. The method is based on controlled thin film buckling, forming delamination blisters. These mechanically active features form by a local loss of adhesion between the film and the substrate due to residual stress relief, and exhibit directional growth. The geometry and path of the blisters will be controlled with lithographically-etched adhesion-weakening layers outlining the desired in-plane blister configuration. The out-of-plane dimensions will be controlled by the film residual stress. Thin film and coating buckling delamination is a truly multiscale phenomenon, so features ranging from tens of nanometers to centimeters in width are possible. In addition, compatibility with conventional microelectronic processing is very promising from the standpoint of full-scale on-chip integration. Fluid transport mechanisms, as well as the device reliability will be considered. Plans include students working in laboratory with a variety of instrumentation and equipment to fabricate the microchannels. &lt;br/&gt;If successful, the proposed research will greatly impact nano-manufacturing, MEMS, and medical fields. The proposed approach will enable cost-effective, multi-scale manufacturing of microchannels, leading to an ultimately robust manufacturing process. Possible applications include drug delivery, diagnostic devices and early cancer detection. The proposed work will also contribute to the experimental and analytical tools available for thin films processing. Students will gain valuable laboratory experience and knowledge of microfluidic fabrication techniques.</AbstractNarration>
    <MinAmdLetterDate>04/10/2006</MinAmdLetterDate>
    <MaxAmdLetterDate>09/01/2006</MaxAmdLetterDate>
    <ARRAAmount/>
    <AwardID>0600231</AwardID>
    <Investigator>
      <FirstName>Alex</FirstName>
      <LastName>Volinsky</LastName>
      <EmailAddress>volinsky@usf.edu</EmailAddress>
      <StartDate>04/10/2006</StartDate>
      <EndDate/>
      <RoleCode>Principal Investigator</RoleCode>
    </Investigator>
    <Institution>
      <Name>University of South Florida</Name>
      <CityName>Tampa</CityName>
      <ZipCode>336129446</ZipCode>
      <PhoneNumber>8139742897</PhoneNumber>
      <StreetAddress>3702 Spectrum Blvd.</StreetAddress>
      <CountryName>United States</CountryName>
      <StateName>Florida</StateName>
      <StateCode>FL</StateCode>
    </Institution>
    <FoaInformation>
      <Code>0308000</Code>
      <Name>Industrial Technology</Name>
    </FoaInformation>
    <FoaInformation>
      <Code>0109000</Code>
      <Name>Structural Technology</Name>
    </FoaInformation>
    <ProgramElement>
      <Code>1788</Code>
      <Text>NANOMANUFACTURING</Text>
    </ProgramElement>
    <ProgramElement>
      <Code>7298</Code>
      <Text>COLLABORATIVE RESEARCH</Text>
    </ProgramElement>
    <ProgramElement>
      <Code>7641</Code>
      <Text>INT'L RES &amp; EDU IN ENGINEERING</Text>
    </ProgramElement>
    <ProgramReference>
      <Code>084E</Code>
      <Text>NANOMANUFACTURING</Text>
    </ProgramReference>
    <ProgramReference>
      <Code>9146</Code>
      <Text>MANUFACTURING BASE RESEARCH</Text>
    </ProgramReference>
    <ProgramReference>
      <Code>MANU</Code>
      <Text>MANUFACTURING</Text>
    </ProgramReference>
    <ProgramReference>
      <Code>1788</Code>
      <Text>Nanomanufacturing</Text>
    </ProgramReference>
    <ProgramReference>
      <Code>5953</Code>
      <Text>POLAND</Text>
    </ProgramReference>
    <ProgramReference>
      <Code>5979</Code>
      <Text>Europe and Eurasia</Text>
    </ProgramReference>
    <ProgramReference>
      <Code>5980</Code>
      <Text>WESTERN EUROPE PROGRAM</Text>
    </ProgramReference>
    <ProgramReference>
      <Code>7641</Code>
      <Text>INT'L RES &amp; EDU IN ENGINEERING</Text>
    </ProgramReference>
    <ProgramReference>
      <Code>7298</Code>
      <Text>COLLABORATIVE RESEARCH</Text>
    </ProgramReference>
  </Award>
</rootTag>
