<?xml version="1.0" encoding="UTF-8"?>

<rootTag>
  <Award>
    <AwardTitle>Developing Barrier Layers to Minimize Volatile Emissions from Structural Insulated Panels (SIPs)</AwardTitle>
    <AwardEffectiveDate>04/01/2006</AwardEffectiveDate>
    <AwardExpirationDate>03/31/2010</AwardExpirationDate>
    <AwardAmount>375000</AwardAmount>
    <AwardInstrument>
      <Value>Standard Grant</Value>
    </AwardInstrument>
    <Organization>
      <Code>07030000</Code>
      <Directorate>
        <LongName>Directorate For Engineering</LongName>
      </Directorate>
      <Division>
        <LongName>Div Of Civil, Mechanical, &amp; Manufact Inn</LongName>
      </Division>
    </Organization>
    <ProgramOfficer>
      <SignBlockName>Y. Grace Hsuan</SignBlockName>
    </ProgramOfficer>
    <AbstractNarration>Developing Barrier Layers To Minimize Volatile Emissions From Structural Insulated Panels&lt;br/&gt;&lt;br/&gt;John C. Little&lt;br/&gt;Department of Civil and Environmental Engineering&lt;br/&gt;Virginia Tech&lt;br/&gt;&lt;br/&gt;Eva Marand&lt;br/&gt;Department of Chemical Engineering&lt;br/&gt;Virginia Tech&lt;br/&gt;&lt;br/&gt;&lt;br/&gt;The most common Structural Insulated Panel (SIP) configuration uses oriented strand board (OSB) and expanded polystyrene foam (PSF) in a multi-layer, sandwich-like structure. SIPs have the potential to radically improve the quality, durability, energy efficiency, environmental performance, and affordability of housing. Despite these impressive benefits, degradation of indoor air quality is a negative consequence of using engineered wood products to create tighter building envelopes. For this reason, we will develop and deploy nanocomposite clay/polyurethane barrier layers to significantly reduce, or perhaps even eliminate, emission of volatile organic compounds (VOCs) from SIPs into indoor air. VOC diffusion barriers have never been used in building materials, but the approach holds considerable promise because polyurethanes can be tailored to give a diverse range of products such as foams, coatings, adhesives, rubbers or thermoplastic elastomers. By significantly reducing VOC emissions from SIPs, we will eliminate the primary environmental drawback of an otherwise exceptionally attractive building technology. The ability to understand, predict and consequently minimize the negative impact of SIPs and other building materials on indoor air quality will be extremely valuable. We have demonstrated that emissions of VOCs from several single-layer material systems can be predicted using a mathematical model, and will now employ an analogous fundamental approach to develop and validate a multi-layer model that can be used to predict emissions from SIPs. The model will include a non-linear sorption and porous diffusion model that accounts for migration of polar VOCs such as hexanal, as well as a model that accounts for for hindered diffusion in the nanocomposite barrier layers. If the proposed nanocomposite barrier layers are proven to work in SIPs, they can be applied to reduce emissions from many other consumer products and building materials. The ability to reduce or even eliminate indoor air contaminants at the source will revolutionize the indoor air field allowing fresher, healthier and more productive indoor environments, while at the same time lowering energy consumption by enabling tighter "energy-saving" building envelopes.</AbstractNarration>
    <MinAmdLetterDate>01/11/2006</MinAmdLetterDate>
    <MaxAmdLetterDate>01/11/2006</MaxAmdLetterDate>
    <ARRAAmount/>
    <AwardID>0600090</AwardID>
    <Investigator>
      <FirstName>Eva</FirstName>
      <LastName>Marand</LastName>
      <EmailAddress>emarand@vt.edu</EmailAddress>
      <StartDate>01/11/2006</StartDate>
      <EndDate/>
      <RoleCode>Co-Principal Investigator</RoleCode>
    </Investigator>
    <Investigator>
      <FirstName>John</FirstName>
      <LastName>Little</LastName>
      <EmailAddress>jcl@vt.edu</EmailAddress>
      <StartDate>01/11/2006</StartDate>
      <EndDate/>
      <RoleCode>Principal Investigator</RoleCode>
    </Investigator>
    <Institution>
      <Name>Virginia Polytechnic Institute and State University</Name>
      <CityName>BLACKSBURG</CityName>
      <ZipCode>240610001</ZipCode>
      <PhoneNumber>5402315281</PhoneNumber>
      <StreetAddress>Sponsored Programs 0170</StreetAddress>
      <CountryName>United States</CountryName>
      <StateName>Virginia</StateName>
      <StateCode>VA</StateCode>
    </Institution>
    <ProgramElement>
      <Code>1635</Code>
      <Text>STRUCTURAL MATERIALS AND MECH</Text>
    </ProgramElement>
    <ProgramReference>
      <Code>026E</Code>
      <Text>STRUCTURAL MECHANICS</Text>
    </ProgramReference>
    <ProgramReference>
      <Code>027E</Code>
      <Text>NANOMECHANICS</Text>
    </ProgramReference>
    <ProgramReference>
      <Code>9161</Code>
      <Text>SINGLE DIVISION/UNIVERSITY</Text>
    </ProgramReference>
    <ProgramReference>
      <Code>AMPP</Code>
      <Text>ADVANCED MATERIALS &amp; PROCESSING PROGRAM</Text>
    </ProgramReference>
  </Award>
</rootTag>
