<?xml version="1.0" encoding="UTF-8"?>

<rootTag>
  <Award>
    <AwardTitle>Special Values of Global and p-adic L-functions</AwardTitle>
    <AwardEffectiveDate>07/01/2006</AwardEffectiveDate>
    <AwardExpirationDate>06/30/2009</AwardExpirationDate>
    <AwardAmount>107100</AwardAmount>
    <AwardInstrument>
      <Value>Standard Grant</Value>
    </AwardInstrument>
    <Organization>
      <Code>03040200</Code>
      <Directorate>
        <LongName>Direct For Mathematical &amp; Physical Scien</LongName>
      </Directorate>
      <Division>
        <LongName>Division Of Mathematical Sciences</LongName>
      </Division>
    </Organization>
    <ProgramOfficer>
      <SignBlockName>Tie Luo</SignBlockName>
    </ProgramOfficer>
    <AbstractNarration>The theory of special values of global and p-adic L-functions is of central importance in number theory. It provides bridges between the analytic aspects of the theory and the arithmetic-algebraic-geometric aspects, shedding new light on both and leading to striking solutions to outstanding open problems in the field. The PI has developed a conjectural program which generalizes and refines the Gross-Rubin-Stark Conjectures on special values of global L-functions and generalizes and refines the Main Conjecture in Iwasawa Theory and Gross' Conjectures on special values of p-adic L-functions. The PI will employ techniques involving equivariant Iwasawa Theory, the theory of 1-motives, Weil-etale cohomology, crystalline cohomology and the theory of t-motives to provide new evidence for his conjectures. He will also attempt to establish links between his conjectural program and those of Burns-Flach (on the Equivariant Tamagawa Number Conjecture for Artin Motives) and Ritter-Weiss (on non-abelian equivariant versions of the Main Conjecture in Iwasawa Theory). The PI will also study applications of his conjectural program to the construction of explicit Euler Systems, explicit generation of class-fields over an arbitrary global field (Hilbert's 10th problem), Leopoldt's Conjecture and refined class-number formulas. The PI will offer graduate courses and organize seminars and conferences bringing together students and experts in the field of special values of L-functions.&lt;br/&gt;&lt;br/&gt;&lt;br/&gt;An L-function is a gadget of analytic (continuous) nature which encodes a tremendous amount of arithmetic-algebraic-geometric (discrete) data of interest to experts working in the fields of number theory and arithmetic-algebraic geometry, as well as cryptographers, coding theorists, telecommunications engineers etc. The PIs conjectural program builds upon classical conjectures due to Gross, Rubin, Stark and Iwasawa among others and aims for determining (decoding) the discrete data out of special values of L-functions at the integral points on the real axis. The PI will employ techniques coming from various areas of mathematics, especially number theory and arithmetic geometry to prove his conjectures in several significant cases and to establish links between his conjectural program and those of Burns-Flach and Ritter-Weiss. Aside from its many far reaching applications to number theory and algebraic geometry (which will be explored by the PI), this research project has significant potential impact upon practical fields such as cryptography and coding theory.</AbstractNarration>
    <MinAmdLetterDate>06/27/2006</MinAmdLetterDate>
    <MaxAmdLetterDate>06/27/2006</MaxAmdLetterDate>
    <ARRAAmount/>
    <AwardID>0600905</AwardID>
    <Investigator>
      <FirstName>Cristian</FirstName>
      <LastName>Popescu</LastName>
      <EmailAddress>cpopescu@math.ucsd.edu</EmailAddress>
      <StartDate>06/27/2006</StartDate>
      <EndDate/>
      <RoleCode>Principal Investigator</RoleCode>
    </Investigator>
    <Institution>
      <Name>University of California-San Diego</Name>
      <CityName>La Jolla</CityName>
      <ZipCode>920930934</ZipCode>
      <PhoneNumber>8585344896</PhoneNumber>
      <StreetAddress>Office of Contract &amp; Grant Admin</StreetAddress>
      <CountryName>United States</CountryName>
      <StateName>California</StateName>
      <StateCode>CA</StateCode>
    </Institution>
    <FoaInformation>
      <Code>0000099</Code>
      <Name>Other Applications NEC</Name>
    </FoaInformation>
    <ProgramElement>
      <Code>1264</Code>
      <Text>ALGEBRA,NUMBER THEORY,AND COM</Text>
    </ProgramElement>
    <ProgramReference>
      <Code>0000</Code>
      <Text>UNASSIGNED</Text>
    </ProgramReference>
    <ProgramReference>
      <Code>OTHR</Code>
      <Text>OTHER RESEARCH OR EDUCATION</Text>
    </ProgramReference>
  </Award>
</rootTag>
