<?xml version="1.0" encoding="UTF-8"?>

<rootTag>
  <Award>
    <AwardTitle>Reinstating the LSA Summer Meeting: Reaching out to Graduate Students</AwardTitle>
    <AwardEffectiveDate>02/01/2006</AwardEffectiveDate>
    <AwardExpirationDate>01/31/2007</AwardExpirationDate>
    <AwardAmount>10000</AwardAmount>
    <AwardInstrument>
      <Value>Standard Grant</Value>
    </AwardInstrument>
    <Organization>
      <Code>04040500</Code>
      <Directorate>
        <LongName>Direct For Social, Behav &amp; Economic Scie</LongName>
      </Directorate>
      <Division>
        <LongName>Division Of Behavioral and Cognitive Sci</LongName>
      </Division>
    </Organization>
    <ProgramOfficer>
      <SignBlockName>Joan Maling</SignBlockName>
    </ProgramOfficer>
    <AbstractNarration>With NSF support, the Department of Linguistics and Germanic, Slavic, &lt;br/&gt;Asian and African Languages at Michigan State University will host the &lt;br/&gt;newly reinstated Summer Meeting of the Linguistic Society of America &lt;br/&gt;(LSA) to be held in East Lansing, Michigan, 22-25 June 2006. The &lt;br/&gt;First summer meeting since 1983, this meeting will be oriented &lt;br/&gt;primarily towards graduate students, with the goal of fostering &lt;br/&gt;networking and interaction among graduate students and between &lt;br/&gt;Graduate students and more senior members of the linguistics &lt;br/&gt;community. NSF support will provide travel award stipends for 25-30 &lt;br/&gt;students selected to present a paper or poster at the conference.</AbstractNarration>
    <MinAmdLetterDate>01/27/2006</MinAmdLetterDate>
    <MaxAmdLetterDate>01/27/2006</MaxAmdLetterDate>
    <ARRAAmount/>
    <AwardID>0600308</AwardID>
    <Investigator>
      <FirstName>Margaret</FirstName>
      <LastName>Reynolds</LastName>
      <EmailAddress>MReynolds@lsadc.org</EmailAddress>
      <StartDate>01/27/2006</StartDate>
      <EndDate/>
      <RoleCode>Principal Investigator</RoleCode>
    </Investigator>
    <Institution>
      <Name>Linguistic Society of America</Name>
      <CityName>Washington</CityName>
      <ZipCode>200065012</ZipCode>
      <PhoneNumber>2028351714</PhoneNumber>
      <StreetAddress>522 21st St., NW, Suite 120</StreetAddress>
      <CountryName>United States</CountryName>
      <StateName>District of Columbia</StateName>
      <StateCode>DC</StateCode>
    </Institution>
    <ProgramElement>
      <Code>1311</Code>
      <Text>LINGUISTICS</Text>
    </ProgramElement>
    <ProgramReference>
      <Code>0000</Code>
      <Text>UNASSIGNED</Text>
    </ProgramReference>
    <ProgramReference>
      <Code>OTHR</Code>
      <Text>OTHER RESEARCH OR EDUCATION</Text>
    </ProgramReference>
  </Award>
</rootTag>
