<?xml version="1.0" encoding="UTF-8"?>

<rootTag>
  <Award>
    <AwardTitle>Logic, Group theory, Combinatorics and Ergodic theory</AwardTitle>
    <AwardEffectiveDate>06/01/2006</AwardEffectiveDate>
    <AwardExpirationDate>05/31/2012</AwardExpirationDate>
    <AwardAmount>710690</AwardAmount>
    <AwardInstrument>
      <Value>Continuing grant</Value>
    </AwardInstrument>
    <Organization>
      <Code>03040000</Code>
      <Directorate>
        <LongName>Direct For Mathematical &amp; Physical Scien</LongName>
      </Directorate>
      <Division>
        <LongName>Division Of Mathematical Sciences</LongName>
      </Division>
    </Organization>
    <ProgramOfficer>
      <SignBlockName>Tie Luo</SignBlockName>
    </ProgramOfficer>
    <AbstractNarration>Groups of finite Morley rank arise in model theory as a substantial&lt;br/&gt;generalization of the class of algebraic groups. It has been conjectured&lt;br/&gt;that the simple groups in this category are all algebraic, and Cherlin is&lt;br/&gt;working on this conjecture with a team of international collaborators.&lt;br/&gt;This involves techniques used in the classification of the finite simple&lt;br/&gt;groups as well as some ideas from black box group theory. In graph theory,&lt;br/&gt;using a mix of model theoretic and combinatorial techniques, Cherlin and&lt;br/&gt;Shelah are developing techniques to determine, for a given finite set of&lt;br/&gt;forbidden graphs, whether there is a universal graph meeting the&lt;br/&gt;constraints. The ultimate question here is whether the entire problem is&lt;br/&gt;algorithmically decidable. Thomas works on the theory of countable Borel&lt;br/&gt;equivalence relations, combining the methods of descriptive set theory with&lt;br/&gt;techniques related to superrigidity. The methods of descriptive set theory&lt;br/&gt;cast considerable light on classical classification problems, and&lt;br/&gt;conversely powerful methods coming from group theory illuminate and advance&lt;br/&gt;the general theory. Cherlin and Thomas also host a dynamic visitor program&lt;br/&gt;at Rutgers, coordinated with annual visits by Shelah.&lt;br/&gt;&lt;br/&gt;Infinite group theory provides a tool for studying and exploiting the&lt;br/&gt;symmetries of a mathematical model or a physical system. Cherlin and his&lt;br/&gt;collaborators are aiming at the classification of the groups associated&lt;br/&gt;with well-behaved algebraic systems, while Simon Thomas approaches the&lt;br/&gt;study of infinite groups from the point of view of their actions and the&lt;br/&gt;analysis of one action in terms of another. A particularly strong role is&lt;br/&gt;played here by ideas coming from the theory of dynamical systems. Graphs&lt;br/&gt;are the mathematical abstraction of networks in general, and the problems&lt;br/&gt;under consideration relate to the analysis, preferably by a general&lt;br/&gt;(computable) algorithm, of classes of graphs characterized by forbidding a&lt;br/&gt;fixed set of patterns.</AbstractNarration>
    <MinAmdLetterDate>03/13/2006</MinAmdLetterDate>
    <MaxAmdLetterDate>04/13/2010</MaxAmdLetterDate>
    <ARRAAmount/>
    <AwardID>0600940</AwardID>
    <Investigator>
      <FirstName>Simon</FirstName>
      <LastName>Thomas</LastName>
      <EmailAddress>sthomas@math.rutgers.edu</EmailAddress>
      <StartDate>03/13/2006</StartDate>
      <EndDate/>
      <RoleCode>Co-Principal Investigator</RoleCode>
    </Investigator>
    <Investigator>
      <FirstName>Gregory</FirstName>
      <LastName>Cherlin</LastName>
      <EmailAddress>cherlin@math.rutgers.edu</EmailAddress>
      <StartDate>03/13/2006</StartDate>
      <EndDate/>
      <RoleCode>Principal Investigator</RoleCode>
    </Investigator>
    <Institution>
      <Name>Rutgers University New Brunswick</Name>
      <CityName>Piscataway</CityName>
      <ZipCode>088543925</ZipCode>
      <PhoneNumber>8489320150</PhoneNumber>
      <StreetAddress>33 Knightsbridge Road</StreetAddress>
      <CountryName>United States</CountryName>
      <StateName>New Jersey</StateName>
      <StateCode>NJ</StateCode>
    </Institution>
    <FoaInformation>
      <Code>0000099</Code>
      <Name>Other Applications NEC</Name>
    </FoaInformation>
    <ProgramElement>
      <Code>1268</Code>
      <Text>FOUNDATIONS</Text>
    </ProgramElement>
    <ProgramReference>
      <Code>0000</Code>
      <Text>UNASSIGNED</Text>
    </ProgramReference>
    <ProgramReference>
      <Code>OTHR</Code>
      <Text>OTHER RESEARCH OR EDUCATION</Text>
    </ProgramReference>
  </Award>
</rootTag>
