<?xml version="1.0" encoding="UTF-8"?>

<rootTag>
  <Award>
    <AwardTitle>Research in Elementary Particle Theory and Theorynet Outreach Program</AwardTitle>
    <AwardEffectiveDate>07/01/2006</AwardEffectiveDate>
    <AwardExpirationDate>06/30/2010</AwardExpirationDate>
    <AwardAmount>193695</AwardAmount>
    <AwardInstrument>
      <Value>Continuing grant</Value>
    </AwardInstrument>
    <Organization>
      <Code>03010500</Code>
      <Directorate>
        <LongName>Direct For Mathematical &amp; Physical Scien</LongName>
      </Directorate>
      <Division>
        <LongName>Division Of Physics</LongName>
      </Division>
    </Organization>
    <ProgramOfficer>
      <SignBlockName>Keith R. Dienes</SignBlockName>
    </ProgramOfficer>
    <AbstractNarration>This award supports research in elementary particle physics over a wide&lt;br/&gt;range of topics in high-energy theory and phenomenology based on superstring theory. The behavior of multi-gluon scattering amplitudes at energies comparable to the string scale will be investigated. These amplitudes can be useful for analyzing the onset of string effects if the string scale is sufficiently low to be reached at hadron colliders. They and other techniques will be used to explore the properties of a number of aspects of different superstring theories. The research will advance discovery in high energy particle physics while training the graduate students.&lt;br/&gt;It will also enhance scientific collaboration with international partners in Germany, Switzerland and Italy.&lt;br/&gt;&lt;br/&gt;This project also includes the Boston area Theorynet outreach program which aims at explaining to general audiences what theoretical physicists do --- to students in high school classrooms and to teachers in individual meetings with theorists. Its main component is the direct interaction between physicists, high school students and teachers, through question and answer sessions and presentations during regular class hour visits and after class. Theorynet activities will enhance students understanding of science and will raise their awareness of the importance of fundamental research, especially in high energy elementary particle theory and in cosmology.</AbstractNarration>
    <MinAmdLetterDate>04/12/2006</MinAmdLetterDate>
    <MaxAmdLetterDate>04/06/2008</MaxAmdLetterDate>
    <ARRAAmount/>
    <AwardID>0600304</AwardID>
    <Investigator>
      <FirstName>Tomasz</FirstName>
      <LastName>Taylor</LastName>
      <EmailAddress>taylor@neu.edu</EmailAddress>
      <StartDate>04/12/2006</StartDate>
      <EndDate/>
      <RoleCode>Principal Investigator</RoleCode>
    </Investigator>
    <Institution>
      <Name>Northeastern University</Name>
      <CityName>BOSTON</CityName>
      <ZipCode>021155005</ZipCode>
      <PhoneNumber>6173732508</PhoneNumber>
      <StreetAddress>360 HUNTINGTON AVE</StreetAddress>
      <CountryName>United States</CountryName>
      <StateName>Massachusetts</StateName>
      <StateCode>MA</StateCode>
    </Institution>
    <FoaInformation>
      <Code>0000099</Code>
      <Name>Other Applications NEC</Name>
    </FoaInformation>
  </Award>
</rootTag>
