<?xml version="1.0" encoding="UTF-8"?>

<rootTag>
  <Award>
    <AwardTitle>Collaborative Research: Design, Assembly, and Characterization of Metal-Ceramic Composite Reentrant Structures</AwardTitle>
    <AwardEffectiveDate>08/15/2006</AwardEffectiveDate>
    <AwardExpirationDate>07/31/2010</AwardExpirationDate>
    <AwardAmount>162512</AwardAmount>
    <AwardInstrument>
      <Value>Standard Grant</Value>
    </AwardInstrument>
    <Organization>
      <Code>07030000</Code>
      <Directorate>
        <LongName>Directorate For Engineering</LongName>
      </Directorate>
      <Division>
        <LongName>Div Of Civil, Mechanical, &amp; Manufact Inn</LongName>
      </Division>
    </Organization>
    <ProgramOfficer>
      <SignBlockName>Clark V. Cooper</SignBlockName>
    </ProgramOfficer>
    <AbstractNarration>The objective of this research is to design, assemble, and characterize a metallic, negative Poisson's ratio (NPR) scaffold with integral piezoelectric ceramic nodes by direct writing of colloidal gel based inks. In direct writing, an ink filament capable of maintaining its extruded shape is deposited layer-by-layer to build up the desired structure. The piezoelectric NPR scaffolds will generate a nonlinear electromechanical response that will lead to a robust, highly deformable structure. The research challenges include design, printing and co-sintering of metallic and ceramic elements in a complex structure and characterization of the electromechanical properties of the device. Scientifically, this research will lead to directional actuating/sensing devices enabled by the utilization of cutting edge direct write manufacturing and novel structural design. Broad impact applications include dynamic filtration, biomedical devices, sensors, and actuators. Graduate and undergraduate students will gain education ranging from colloidal chemistry to electromechanical characterization.</AbstractNarration>
    <MinAmdLetterDate>08/11/2006</MinAmdLetterDate>
    <MaxAmdLetterDate>08/11/2006</MaxAmdLetterDate>
    <ARRAAmount/>
    <AwardID>0600682</AwardID>
    <Investigator>
      <FirstName>James</FirstName>
      <LastName>Smay</LastName>
      <EmailAddress>smay@okstate.edu</EmailAddress>
      <StartDate>08/11/2006</StartDate>
      <EndDate/>
      <RoleCode>Principal Investigator</RoleCode>
    </Investigator>
    <Institution>
      <Name>Oklahoma State University</Name>
      <CityName>Stillwater</CityName>
      <ZipCode>740781011</ZipCode>
      <PhoneNumber>4057449995</PhoneNumber>
      <StreetAddress>101 WHITEHURST HALL</StreetAddress>
      <CountryName>United States</CountryName>
      <StateName>Oklahoma</StateName>
      <StateCode>OK</StateCode>
    </Institution>
    <ProgramElement>
      <Code>1633</Code>
      <Text>MATERIALS AND SURFACE ENG</Text>
    </ProgramElement>
    <ProgramElement>
      <Code>9150</Code>
      <Text>EXP PROG TO STIM COMP RES</Text>
    </ProgramElement>
    <ProgramReference>
      <Code>026E</Code>
      <Text>STRUCTURAL MECHANICS</Text>
    </ProgramReference>
    <ProgramReference>
      <Code>9150</Code>
      <Text>EXP PROG TO STIM COMP RES</Text>
    </ProgramReference>
    <ProgramReference>
      <Code>9161</Code>
      <Text>SINGLE DIVISION/UNIVERSITY</Text>
    </ProgramReference>
    <ProgramReference>
      <Code>AMPP</Code>
      <Text>ADVANCED MATERIALS &amp; PROCESSING PROGRAM</Text>
    </ProgramReference>
  </Award>
</rootTag>
