<?xml version="1.0" encoding="UTF-8"?>

<rootTag>
  <Award>
    <AwardTitle>Development of Simulation Models and Biosensors to Detect Biological Agents in Water Distribution Systems</AwardTitle>
    <AwardEffectiveDate>09/01/2006</AwardEffectiveDate>
    <AwardExpirationDate>08/31/2008</AwardExpirationDate>
    <AwardAmount>115060</AwardAmount>
    <AwardInstrument>
      <Value>Standard Grant</Value>
    </AwardInstrument>
    <Organization>
      <Code>07070000</Code>
      <Directorate>
        <LongName>Directorate For Engineering</LongName>
      </Directorate>
      <Division>
        <LongName>Div Of Industrial Innovation &amp; Partnersh</LongName>
      </Division>
    </Organization>
    <ProgramOfficer>
      <SignBlockName>Rathindra DasGupta</SignBlockName>
    </ProgramOfficer>
    <AbstractNarration>The Industry/University Cooperative Research Center for Water Quality at the University of Arizona will collaborate with the QUESTOR Centre of Queens University of Belfast and the National Centre for Sensor Research of Dublin City University, Ireland. These centers will perform research to develop and evaluate sensors and simulation models for monitoring the safety of drinking water. The project will develop and evaluate a new lab-on-a-chip technology using high throughput rates for monitoring water quality parameters in real time. These chips will be developed at the University of Arizona.</AbstractNarration>
    <MinAmdLetterDate>02/10/2006</MinAmdLetterDate>
    <MaxAmdLetterDate>06/25/2007</MaxAmdLetterDate>
    <ARRAAmount/>
    <AwardID>0600855</AwardID>
    <Investigator>
      <FirstName>Christopher</FirstName>
      <LastName>Choi</LastName>
      <EmailAddress>cchoi@arizona.edu</EmailAddress>
      <StartDate>02/10/2006</StartDate>
      <EndDate/>
      <RoleCode>Principal Investigator</RoleCode>
    </Investigator>
    <Investigator>
      <FirstName>Jeong-Yeol</FirstName>
      <LastName>Yoon</LastName>
      <EmailAddress>jyyoon@email.arizona.edu</EmailAddress>
      <StartDate>02/10/2006</StartDate>
      <EndDate/>
      <RoleCode>Co-Principal Investigator</RoleCode>
    </Investigator>
    <Institution>
      <Name>University of Arizona</Name>
      <CityName>Tucson</CityName>
      <ZipCode>857194824</ZipCode>
      <PhoneNumber>5206266000</PhoneNumber>
      <StreetAddress>888 N Euclid Ave</StreetAddress>
      <CountryName>United States</CountryName>
      <StateName>Arizona</StateName>
      <StateCode>AZ</StateCode>
    </Institution>
    <FoaInformation>
      <Code>0400000</Code>
      <Name>Industry University - Co-op</Name>
    </FoaInformation>
    <ProgramElement>
      <Code>5761</Code>
      <Text>INDUSTRY/UNIV COOP RES CENTERS</Text>
    </ProgramElement>
    <ProgramReference>
      <Code>0000</Code>
      <Text>UNASSIGNED</Text>
    </ProgramReference>
    <ProgramReference>
      <Code>1049</Code>
      <Text>INDUSTRY-UNIV COOPERATIVE RSCH PROJECTS</Text>
    </ProgramReference>
    <ProgramReference>
      <Code>116E</Code>
      <Text>RESEARCH EXP FOR UNDERGRADS</Text>
    </ProgramReference>
    <ProgramReference>
      <Code>128E</Code>
      <Text>CENTERS: ENVIRONMENT</Text>
    </ProgramReference>
    <ProgramReference>
      <Code>9102</Code>
      <Text>WOMEN, MINORITY, DISABLED, NEC</Text>
    </ProgramReference>
    <ProgramReference>
      <Code>9177</Code>
      <Text>ELEMENTARY/SECONDARY EDUCATION</Text>
    </ProgramReference>
    <ProgramReference>
      <Code>9251</Code>
      <Text>RES EXPER FOR UNDERGRAD-SUPPLT</Text>
    </ProgramReference>
    <ProgramReference>
      <Code>OTHR</Code>
      <Text>OTHER RESEARCH OR EDUCATION</Text>
    </ProgramReference>
    <ProgramReference>
      <Code>SMET</Code>
      <Text>SCIENCE, MATH, ENG &amp; TECH EDUCATION</Text>
    </ProgramReference>
  </Award>
</rootTag>
