<?xml version="1.0" encoding="UTF-8"?>

<rootTag>
  <Award>
    <AwardTitle>Algebraic geometry over finite fields</AwardTitle>
    <AwardEffectiveDate>07/01/2006</AwardEffectiveDate>
    <AwardExpirationDate>06/30/2009</AwardExpirationDate>
    <AwardAmount>145284</AwardAmount>
    <AwardInstrument>
      <Value>Continuing grant</Value>
    </AwardInstrument>
    <Organization>
      <Code>03040200</Code>
      <Directorate>
        <LongName>Direct For Mathematical &amp; Physical Scien</LongName>
      </Directorate>
      <Division>
        <LongName>Division Of Mathematical Sciences</LongName>
      </Division>
    </Organization>
    <ProgramOfficer>
      <SignBlockName>Tie Luo</SignBlockName>
    </ProgramOfficer>
    <AbstractNarration>The project will focus on three related areas of research in algebraic&lt;br/&gt;geometry over finite fields. First of all we intend to attack Artin's&lt;br/&gt;conjecture that the Brauer group of a projective surface over a finite&lt;br/&gt;field is finite. Here do Jong will study especially elliptic surfaces and&lt;br/&gt;surfaces with ample cotangent bundle. Secondly, de Jong will study the&lt;br/&gt;arithmetic fundamental groups of curves over finite fields. Here the&lt;br/&gt;main questions are concerning the dynamic of the Verschiebung on the&lt;br/&gt;moduli spaces of bundles, the growth of the fundamental group, and the&lt;br/&gt;distribution of the Frobenius elements in the fundamental group. And&lt;br/&gt;thirdly, in an ongoing collaboration with others (Starr, Hassett,&lt;br/&gt;Tschinkel, et al) de jong will study the geometry of moduli spaces of&lt;br/&gt;rational curves on higher dimensional varieties. Here of&lt;br/&gt;particular interested are in finding applications to other areas of&lt;br/&gt;research. Meanwhile, with the goal of making it easier for graduate&lt;br/&gt;students and newcomers to work on these problems, de jong intends to run a&lt;br/&gt;web-site where collaborative development of introductory texts on the&lt;br/&gt;topics is done.&lt;br/&gt;&lt;br/&gt;The area of mathematics that this proposal finds itself in has seen a&lt;br/&gt;lot of progress in the last decade. Nonetheless there are many&lt;br/&gt;important problems outstanding. Perhaps the most exiting of these is&lt;br/&gt;Artin's conjecture mentioned above. Among other things it implies the&lt;br/&gt;Birch-Swinnerton-Dyer conjecture for elliptic curves over function&lt;br/&gt;fields of curves over finite fields. An example of such a field is the&lt;br/&gt;field of rational functions in one variable over a finite field. Many&lt;br/&gt;famous classical number theoretical questions have their analogue for&lt;br/&gt;such function fields, and a number of these, such as the Riemann&lt;br/&gt;Hypothesis, have been shown to be true in the function field case. The&lt;br/&gt;reason for this is that people can study curves and more generally do&lt;br/&gt;algebraic geometry over finite fields, to prove the conjectures. In&lt;br/&gt;this project we will study geometric approaches to Artin's conjecture,&lt;br/&gt;for example by thinking about moduli of vector bundles over curves and&lt;br/&gt;surfaces over finite fields.</AbstractNarration>
    <MinAmdLetterDate>04/12/2006</MinAmdLetterDate>
    <MaxAmdLetterDate>06/23/2008</MaxAmdLetterDate>
    <ARRAAmount/>
    <AwardID>0600425</AwardID>
    <Investigator>
      <FirstName>Aise</FirstName>
      <LastName>de Jong</LastName>
      <EmailAddress>dejong@math.columbia.edu</EmailAddress>
      <StartDate>04/12/2006</StartDate>
      <EndDate/>
      <RoleCode>Principal Investigator</RoleCode>
    </Investigator>
    <Institution>
      <Name>Columbia University</Name>
      <CityName>NEW YORK</CityName>
      <ZipCode>100276902</ZipCode>
      <PhoneNumber>2128546851</PhoneNumber>
      <StreetAddress>2960 Broadway</StreetAddress>
      <CountryName>United States</CountryName>
      <StateName>New York</StateName>
      <StateCode>NY</StateCode>
    </Institution>
    <FoaInformation>
      <Code>0000099</Code>
      <Name>Other Applications NEC</Name>
    </FoaInformation>
  </Award>
</rootTag>
