<?xml version="1.0" encoding="UTF-8"?>

<rootTag>
  <Award>
    <AwardTitle>Collaborative Research: Innovations in Product Flexibility</AwardTitle>
    <AwardEffectiveDate>07/01/2006</AwardEffectiveDate>
    <AwardExpirationDate>06/30/2011</AwardExpirationDate>
    <AwardAmount>219971</AwardAmount>
    <AwardInstrument>
      <Value>Continuing grant</Value>
    </AwardInstrument>
    <Organization>
      <Code>07030000</Code>
      <Directorate>
        <LongName>Directorate For Engineering</LongName>
      </Directorate>
      <Division>
        <LongName>Div Of Civil, Mechanical, &amp; Manufact Inn</LongName>
      </Division>
    </Organization>
    <ProgramOfficer>
      <SignBlockName>Christina L. Bloebaum</SignBlockName>
    </ProgramOfficer>
    <AbstractNarration>The primary objective of this collaborative research is to establish fundamental principles and a comprehensive metric and decision-making tool to support the design of flexible products. Product flexibility is defined as the ability of a product to adapt in response to factors such as competitive market pressures, rapid technological change, and transient and multi-dimensional customer requirements. Specifically, this research is focused on investigating the fundamental principles and techniques for enhancing the flexibility of a product for future evolutionary changes, even if the precise form of those changes is not known a priori. Towards this goal, basic research is planned for establishing (1) a comprehensive metric and decision-making tool for objectively evaluating and comparing the flexibility of products, (2) fundamental principles and teachable guidelines for designing flexible product architectures, based in part on empirical studies of flexible products, and (3) a rigorous, stochastic decision analysis method to account for the difficulty of forecasting the value of a flexible product and to identify designs with appropriate levels of flexibility. &lt;br/&gt;&lt;br/&gt;The research will lead to improved methods for designing innovative, flexible products by (1) more effectively characterizing flexibility, (2) establishing fundamental principles and teachable methods for designing flexible product architectures, and (3) providing a framework for making design decisions involving flexibility in the face of uncertainty. When transferred to industry, this knowledge will help improve the quality and reduce the cost and time to market of products that are more sustainable and responsive to human needs and changing markets. To transfer the research from the laboratory to the classroom, product flexibility teaching modules with hands-on activities and in-depth examples will be created. The teaching modules will be launched in graduate and undergraduate courses at UT-Austin and the United States Air Force Academy. In a graduate course on product design and prototyping, students will apply the research results to design flexible assistive technologies for persons with physical and mental disabilities.</AbstractNarration>
    <MinAmdLetterDate>06/14/2006</MinAmdLetterDate>
    <MaxAmdLetterDate>07/08/2010</MaxAmdLetterDate>
    <ARRAAmount/>
    <AwardID>0600338</AwardID>
    <Investigator>
      <FirstName>Martin</FirstName>
      <LastName>Wortman</LastName>
      <EmailAddress>wortman@tamu.edu</EmailAddress>
      <StartDate>06/14/2006</StartDate>
      <EndDate/>
      <RoleCode>Principal Investigator</RoleCode>
    </Investigator>
    <Institution>
      <Name>Texas A&amp;M Engineering Experiment Station</Name>
      <CityName>College Station</CityName>
      <ZipCode>778454645</ZipCode>
      <PhoneNumber>9798477635</PhoneNumber>
      <StreetAddress>TEES State Headquarters Bldg.</StreetAddress>
      <CountryName>United States</CountryName>
      <StateName>Texas</StateName>
      <StateCode>TX</StateCode>
    </Institution>
    <FoaInformation>
      <Code>0308000</Code>
      <Name>Industrial Technology</Name>
    </FoaInformation>
    <ProgramElement>
      <Code>1464</Code>
      <Text>ENGINEERING DESIGN AND INNOVAT</Text>
    </ProgramElement>
    <ProgramReference>
      <Code>068E</Code>
      <Text>DESIGN THEORY</Text>
    </ProgramReference>
    <ProgramReference>
      <Code>9148</Code>
      <Text>TOOLS &amp; TECHNOL FOR MANUFACTURING DESIGN</Text>
    </ProgramReference>
    <ProgramReference>
      <Code>MANU</Code>
      <Text>MANUFACTURING</Text>
    </ProgramReference>
  </Award>
</rootTag>
