<?xml version="1.0" encoding="UTF-8"?>

<rootTag>
  <Award>
    <AwardTitle>Operators and Free Probability</AwardTitle>
    <AwardEffectiveDate>07/01/2006</AwardEffectiveDate>
    <AwardExpirationDate>06/30/2012</AwardExpirationDate>
    <AwardAmount>263844</AwardAmount>
    <AwardInstrument>
      <Value>Continuing grant</Value>
    </AwardInstrument>
    <Organization>
      <Code>03040000</Code>
      <Directorate>
        <LongName>Direct For Mathematical &amp; Physical Scien</LongName>
      </Directorate>
      <Division>
        <LongName>Division Of Mathematical Sciences</LongName>
      </Division>
    </Organization>
    <ProgramOfficer>
      <SignBlockName>Bruce P. Palka</SignBlockName>
    </ProgramOfficer>
    <AbstractNarration>Hari Bercovici will work on several aspects of operator theory and function theory, which arise in the study of free random variables and other areas. His tools are intrinsic to these areas, but also involve input from other areas, such as combinatorics. One important theme is the use of the combinatorial Littlewood-Richardson rule in the study of eigenvalue problems for compact operators on a Hilbert space, or for selfadjoint elements in a finite von Neumann algebra. This rule, and its continuous extensions, also plays a role in a different direction concerning the classification of invariant subspaces of certain operators. Another important theme is the study of weak and strong limit laws in free probability, as well as in monotonic probability theory. There are many problems here where methods of classical function theory yield interesting and sometimes unexpected results. Other problems of operator theory to be considered concern the spectral Nevanlinna-Pick problem and its analogues, hyperinvariant subspaces, dual algebras, and p-entropies.&lt;br/&gt;&lt;br/&gt;This project will broaden mathematical knowledge in specific theoretical areas, as well as seek applications in related areas of mathematics, control theory, and computer science. Hari Bercovici will seek the participation of graduate and, when possible, undergraduate students. This will contribute to the training of future scientists.</AbstractNarration>
    <MinAmdLetterDate>02/10/2006</MinAmdLetterDate>
    <MaxAmdLetterDate>04/12/2010</MaxAmdLetterDate>
    <ARRAAmount/>
    <AwardID>0600562</AwardID>
    <Investigator>
      <FirstName>Hari</FirstName>
      <LastName>Bercovici</LastName>
      <EmailAddress>bercovic@indiana.edu</EmailAddress>
      <StartDate>02/10/2006</StartDate>
      <EndDate/>
      <RoleCode>Principal Investigator</RoleCode>
    </Investigator>
    <Institution>
      <Name>Indiana University</Name>
      <CityName>Bloomington</CityName>
      <ZipCode>474013654</ZipCode>
      <PhoneNumber>8128550516</PhoneNumber>
      <StreetAddress>509 E 3RD ST</StreetAddress>
      <CountryName>United States</CountryName>
      <StateName>Indiana</StateName>
      <StateCode>IN</StateCode>
    </Institution>
    <FoaInformation>
      <Code>0000099</Code>
      <Name>Other Applications NEC</Name>
    </FoaInformation>
    <ProgramElement>
      <Code>1281</Code>
      <Text>ANALYSIS PROGRAM</Text>
    </ProgramElement>
    <ProgramReference>
      <Code>0000</Code>
      <Text>UNASSIGNED</Text>
    </ProgramReference>
    <ProgramReference>
      <Code>OTHR</Code>
      <Text>OTHER RESEARCH OR EDUCATION</Text>
    </ProgramReference>
  </Award>
</rootTag>
