<?xml version="1.0" encoding="UTF-8"?>

<rootTag>
  <Award>
    <AwardTitle>Protecting Interdependent Critical Infrastructures from Multi-Mode Attacks &amp; Failures: Vulnerability, Consequences, &amp; Mitigation for Linked Urban Water &amp; Fire Response Systems</AwardTitle>
    <AwardEffectiveDate>07/01/2006</AwardEffectiveDate>
    <AwardExpirationDate>06/30/2009</AwardExpirationDate>
    <AwardAmount>109000</AwardAmount>
    <AwardInstrument>
      <Value>Standard Grant</Value>
    </AwardInstrument>
    <Organization>
      <Code>07030000</Code>
      <Directorate>
        <LongName>Directorate For Engineering</LongName>
      </Directorate>
      <Division>
        <LongName>Div Of Civil, Mechanical, &amp; Manufact Inn</LongName>
      </Division>
    </Organization>
    <ProgramOfficer>
      <SignBlockName>Dennis Wenger</SignBlockName>
    </ProgramOfficer>
    <AbstractNarration>Abstract:&lt;br/&gt;&lt;br/&gt;CMS-0600448 (Brumbelow) &lt;br/&gt;&lt;br/&gt;Protecting Interdependent Critical Infrastructures from Multi-Mode Attacks &amp; Failures: Vulnerability, Consequences, &amp; Mitigation for Linked Urban Water &amp; Fire Response Systems &lt;br/&gt;&lt;br/&gt;This project addresses the risk, consequences, and protective strategies appropriate to a multi-mode attack or failure (MMAF) which simultaneously disables the water system and ignites an urban fire. The project will proceed in three phases. First, techniques for vulnerability analysis of urban areas to potential MMAF water-fire events will be developed. Several potential MMAF events will be defined, and risk analysis methodologies will be adapted to determine probabilities of each MMAF event. Second, a dual-system simulation tool for consequence analysis of MMAF water-fire events will be developed and tested using a ?virtual city.? This simulation tool will link and adapt existing models of water distribution systems and urban fire spread along with optimization algorithms to calculate and rank fire damage scores under the MMAF events defined in Phase 1. Third, mitigation strategies will be developed in response to the damage scores determined in Phase 2. These strategies will include infrastructure management, physical infrastructure changes, deterrence, response capacity building, and public education, among others. The virtual city developed for project case studies will be made freely available to the research and education communities in electronic forms (i.e., GIS and hydraulic model files). This virtual laboratory will allow for comparative studies of various topics with a publishable dataset.</AbstractNarration>
    <MinAmdLetterDate>06/28/2006</MinAmdLetterDate>
    <MaxAmdLetterDate>06/28/2006</MaxAmdLetterDate>
    <ARRAAmount/>
    <AwardID>0600448</AwardID>
    <Investigator>
      <FirstName>James</FirstName>
      <LastName>Brumbelow</LastName>
      <EmailAddress>kbrumbelow@civil.tamu.edu</EmailAddress>
      <StartDate>06/28/2006</StartDate>
      <EndDate/>
      <RoleCode>Principal Investigator</RoleCode>
    </Investigator>
    <Institution>
      <Name>Texas A&amp;M Engineering Experiment Station</Name>
      <CityName>College Station</CityName>
      <ZipCode>778454645</ZipCode>
      <PhoneNumber>9798477635</PhoneNumber>
      <StreetAddress>TEES State Headquarters Bldg.</StreetAddress>
      <CountryName>United States</CountryName>
      <StateName>Texas</StateName>
      <StateCode>TX</StateCode>
    </Institution>
    <ProgramElement>
      <Code>1638</Code>
      <Text>INFRAST MGMT &amp; EXTREME EVENTS</Text>
    </ProgramElement>
    <ProgramReference>
      <Code>041E</Code>
      <Text>HAZARD AND DISASTER REDUCTION</Text>
    </ProgramReference>
    <ProgramReference>
      <Code>042E</Code>
      <Text>HAZARD AND DISASTER RESPONSE</Text>
    </ProgramReference>
    <ProgramReference>
      <Code>1057</Code>
      <Text>CIS BASE RESEARCH</Text>
    </ProgramReference>
    <ProgramReference>
      <Code>1576</Code>
      <Text>NATIONL EARTHQK HZRD REDCT PRG</Text>
    </ProgramReference>
    <ProgramReference>
      <Code>CVIS</Code>
      <Text>CIVIL INFRASTRUCTURE</Text>
    </ProgramReference>
  </Award>
</rootTag>
