<?xml version="1.0" encoding="UTF-8"?>

<rootTag>
  <Award>
    <AwardTitle>CSEDI Collaborative Research: Experimental Constraints on the Chemistry and Evolution of Earth's Core</AwardTitle>
    <AwardEffectiveDate>07/01/2005</AwardEffectiveDate>
    <AwardExpirationDate>10/31/2007</AwardExpirationDate>
    <AwardAmount>92121</AwardAmount>
    <AwardInstrument>
      <Value>Standard Grant</Value>
    </AwardInstrument>
    <Organization>
      <Code>06030204</Code>
      <Directorate>
        <LongName>Directorate For Geosciences</LongName>
      </Directorate>
      <Division>
        <LongName>Division Of Earth Sciences</LongName>
      </Division>
    </Organization>
    <ProgramOfficer>
      <SignBlockName>Robin Reichlin</SignBlockName>
    </ProgramOfficer>
    <AbstractNarration>The chemistry of iron-rich hexagonal close packed (hcp) alloy, and its role in the elemental and isotopic composition, convection, and evolution of the Earth's core, will be studied. The composition of coexisting iron-rich hcp-alloys and melt will be determined at pressures to 25 GPa. The hcp structure of the metal will be stabilized by alloying Fe with a small amount of Os or Ru; this phase is widely thought to be directly relevant to the Earth's core but has been inaccessible in previous experimental studies of chemical partitioning. Data on trace element partitioning between Fe-rich hcp alloy and melt at high pressures will provide insight into the distribution of siderophile elements that act as important radioisotope geochronometers, and will place needed experimental constraints on models of Earth evolution that involve isotopic signatures to be carried from the outer core to the surface. The partitioning of major elements such as Ni, S, and O between Fe-rich hcp alloy and melt will be used to constrain the compositions of the solid inner and liquid outer core, and will improve our understanding of the driving mechanism for compositional convection in the core.&lt;br/&gt;&lt;br/&gt; The proposed research will be the first application in which Fe is alloyed specifically to stabilize the hcp phase at more amenable pressures and temperatures, and it may stimulate further experimental investigations into the physical and chemical character of hcp-Fe. Additionally, this work will demonstrate a combination of high-pressure experimental and trace element analytical techniques, and should stimulate its broader application in the geosciences. Results from the proposed study will be disseminated primarily through publication in the scientific literature, by participation at scientific conferences, and when warranted, through wider-reaching news outlets.</AbstractNarration>
    <MinAmdLetterDate>10/26/2005</MinAmdLetterDate>
    <MaxAmdLetterDate>10/26/2005</MaxAmdLetterDate>
    <ARRAAmount/>
    <AwardID>0600140</AwardID>
    <Investigator>
      <FirstName>Andrew</FirstName>
      <LastName>Campbell</LastName>
      <EmailAddress>campbell@geosci.uchicago.edu</EmailAddress>
      <StartDate>10/26/2005</StartDate>
      <EndDate/>
      <RoleCode>Principal Investigator</RoleCode>
    </Investigator>
    <Institution>
      <Name>University of Maryland College Park</Name>
      <CityName>COLLEGE PARK</CityName>
      <ZipCode>207425141</ZipCode>
      <PhoneNumber>3014056269</PhoneNumber>
      <StreetAddress>3112 LEE BLDG 7809 Regents Drive</StreetAddress>
      <CountryName>United States</CountryName>
      <StateName>Maryland</StateName>
      <StateCode>MD</StateCode>
    </Institution>
    <FoaInformation>
      <Code>0000099</Code>
      <Name>Other Applications NEC</Name>
    </FoaInformation>
  </Award>
</rootTag>
