<?xml version="1.0" encoding="UTF-8"?>

<rootTag>
  <Award>
    <AwardTitle>Experimental and Theoretical Investigation of the Growth of a Fluid-Driven Fracture near a Free-Surface</AwardTitle>
    <AwardEffectiveDate>08/15/2006</AwardEffectiveDate>
    <AwardExpirationDate>01/31/2011</AwardExpirationDate>
    <AwardAmount>320695</AwardAmount>
    <AwardInstrument>
      <Value>Standard Grant</Value>
    </AwardInstrument>
    <Organization>
      <Code>07030000</Code>
      <Directorate>
        <LongName>Directorate For Engineering</LongName>
      </Directorate>
      <Division>
        <LongName>Div Of Civil, Mechanical, &amp; Manufact Inn</LongName>
      </Division>
    </Organization>
    <ProgramOfficer>
      <SignBlockName>Richard J. Fragaszy</SignBlockName>
    </ProgramOfficer>
    <AbstractNarration>Abstract: CMS-0600058&lt;br/&gt;&lt;br/&gt;&lt;br/&gt;This study is concerned with the propagation of a hydraulic fracture propagating near the free surface of a rock mass. This problem has a number of industrial and scientific applications: the industrial applications include the recent utilization of hydraulic fracturing to induce caving near mine openings and to improve the performance of remediation work at shallow environmental waste or spill sites, while the scientific applications deal with a number of near-surface geological processes involving hydraulic fracturing, such as the saucer-shaped magmatic sill intrusions. Fundamental questions that arise in connection to this problem are related to the influence of the in-situ stresses and gravity on the shape of the fracture (including the breakthrough radius, the distance from the fluid source at which the fracture daylights), the evolution of the fracture shape and size, the variation of internal fluid pressure with time and the dependence of the process on the rock and fluid properties.&lt;br/&gt;This research is a joint theoretical and experimental investigation involving an international cooperation between the University of Minnesota (UMN) and CSIRO Petroleum in Australia. The modeling effort, the focus of the activity at the UMN, deals with the development of computational models capable of simulating the growth of a bowl-shaped fracture, and with the tabulation of solutions in a parametric space to ensure most generality of the obtained numerical solutions. The laboratory work, which is carried out at CSIRO Petroleum, involve near-surface hydraulic fracturing experiments in Polymethylmethacrylate (PMMA) and in silica glass, under confined and unconfined conditions. &lt;br/&gt;The work combining development of rigorous solutions and experimental validation of these solutions is expected to yield quantitative means to analyze and predict the propagation of a hydraulic fracture near a free-surface, under a variety of conditions. The introduction of dimensionless control parameters allows collapsing countless specific cases into a single point of the parametric space, and opens the possibility of an economical tabulation of the computed solutions. The experimental research will also yield valuable data for benchmarking theoretical solutions of deep hydraulic fractures, which are virtually nonexistent despite the substantial economic value of hydraulic fracturing stimulations of oil and gas reservoirs. Finally, the experimental setup provides an unusual opportunity to observe and quantify the curved trajectory of a tensile (mode I) fracture.</AbstractNarration>
    <MinAmdLetterDate>08/25/2006</MinAmdLetterDate>
    <MaxAmdLetterDate>08/03/2009</MaxAmdLetterDate>
    <ARRAAmount/>
    <AwardID>0600058</AwardID>
    <Investigator>
      <FirstName>Steven</FirstName>
      <LastName>Crouch</LastName>
      <EmailAddress>crouc001@umn.edu</EmailAddress>
      <StartDate>08/25/2006</StartDate>
      <EndDate/>
      <RoleCode>Co-Principal Investigator</RoleCode>
    </Investigator>
    <Investigator>
      <FirstName>Emmanuel</FirstName>
      <LastName>Detournay</LastName>
      <EmailAddress>detou001@tc.umn.edu</EmailAddress>
      <StartDate>08/25/2006</StartDate>
      <EndDate/>
      <RoleCode>Principal Investigator</RoleCode>
    </Investigator>
    <Institution>
      <Name>University of Minnesota-Twin Cities</Name>
      <CityName>Minneapolis</CityName>
      <ZipCode>554552070</ZipCode>
      <PhoneNumber>6126245599</PhoneNumber>
      <StreetAddress>200 OAK ST SE</StreetAddress>
      <CountryName>United States</CountryName>
      <StateName>Minnesota</StateName>
      <StateCode>MN</StateCode>
    </Institution>
    <ProgramElement>
      <Code>1634</Code>
      <Text>GEOMECHANICS &amp; GEOMATERIALS</Text>
    </ProgramElement>
    <ProgramReference>
      <Code>037E</Code>
      <Text>GEOTECHNICAL ENGINEERING</Text>
    </ProgramReference>
    <ProgramReference>
      <Code>1057</Code>
      <Text>CIS BASE RESEARCH</Text>
    </ProgramReference>
    <ProgramReference>
      <Code>CVIS</Code>
      <Text>CIVIL INFRASTRUCTURE</Text>
    </ProgramReference>
  </Award>
</rootTag>
