<?xml version="1.0" encoding="UTF-8"?>

<rootTag>
  <Award>
    <AwardTitle>Robust Performance-based Design of Concentrically Braced Steel Frame Buildings</AwardTitle>
    <AwardEffectiveDate>09/01/2006</AwardEffectiveDate>
    <AwardExpirationDate>08/31/2010</AwardExpirationDate>
    <AwardAmount>150000</AwardAmount>
    <AwardInstrument>
      <Value>Continuing grant</Value>
    </AwardInstrument>
    <Organization>
      <Code>07030000</Code>
      <Directorate>
        <LongName>Directorate For Engineering</LongName>
      </Directorate>
      <Division>
        <LongName>Div Of Civil, Mechanical, &amp; Manufact Inn</LongName>
      </Division>
    </Organization>
    <ProgramOfficer>
      <SignBlockName>Mahendra P. Singh</SignBlockName>
    </ProgramOfficer>
    <AbstractNarration>Abstract: &lt;br/&gt;&lt;br/&gt;Steel braced frame structures, especially concentrically braced frames, and are rapidly gaining popularity across the US. Concerns about (a) the cost and complexity of traditional moment frame construction, (b) the damage and disruption associated with large lateral displacements in frame structures, and (c) the substantial increases in seismic design forces in many regions are leading engineers to rely increasingly on the inherent strength and stiffness of concentrically braced frames. However, the seismic behavior of conventional concentrically braced frames has been questioned. This project systematically builds upon a significant, but currently disjoint body of existing experimental, theoretical and analytical research. By integrating this knowledge, supplementing it with important new data regarding the behavior of modern and innovative braced frame systems and undertaking a focused program of numerical simulations, a more comprehensive understanding of the complex nonlinear behavior of these systems is developed and used within a performance-based earthquake engineering evaluation framework to evaluate possible innovative strategies for improving seismic performance and to devise robust guidelines for design and analysis.</AbstractNarration>
    <MinAmdLetterDate>09/07/2006</MinAmdLetterDate>
    <MaxAmdLetterDate>07/02/2008</MaxAmdLetterDate>
    <ARRAAmount/>
    <AwardID>0600625</AwardID>
    <Investigator>
      <FirstName>Stephen</FirstName>
      <LastName>Mahin</LastName>
      <EmailAddress>mahin@berkeley.edu</EmailAddress>
      <StartDate>09/07/2006</StartDate>
      <EndDate/>
      <RoleCode>Principal Investigator</RoleCode>
    </Investigator>
    <Institution>
      <Name>University of California-Berkeley</Name>
      <CityName>BERKELEY</CityName>
      <ZipCode>947045940</ZipCode>
      <PhoneNumber>5106428109</PhoneNumber>
      <StreetAddress>Sponsored Projects Office</StreetAddress>
      <CountryName>United States</CountryName>
      <StateName>California</StateName>
      <StateCode>CA</StateCode>
    </Institution>
    <FoaInformation>
      <Code>0308000</Code>
      <Name>Industrial Technology</Name>
    </FoaInformation>
  </Award>
</rootTag>
