<?xml version="1.0" encoding="UTF-8"?>

<rootTag>
  <Award>
    <AwardTitle>Elementary Particle Physics with CMS and FOCUS</AwardTitle>
    <AwardEffectiveDate>04/01/2006</AwardEffectiveDate>
    <AwardExpirationDate>03/31/2009</AwardExpirationDate>
    <AwardAmount>900000</AwardAmount>
    <AwardInstrument>
      <Value>Continuing grant</Value>
    </AwardInstrument>
    <Organization>
      <Code>03010000</Code>
      <Directorate>
        <LongName>Direct For Mathematical &amp; Physical Scien</LongName>
      </Directorate>
      <Division>
        <LongName>Division Of Physics</LongName>
      </Division>
    </Organization>
    <ProgramOfficer>
      <SignBlockName>James Joseph Reidy</SignBlockName>
    </ProgramOfficer>
    <AbstractNarration>The Vanderbilt High Energy Group has been involved with three experimental programs: at Fermilab, the study of production and decay of charm and beauty particles (FOCUS and BTeV experiments); at CERN, the study of physics at the energy frontier (the CMS experiment). With considerable experimental expertise developed by the group in the course of the FOCUS and BTeV efforts, for example in such areas as databases and development of fault tolerant electronic triggering, the group is now making significant contributions to CMS in the areas of charged particle tracking and trigger and data acquisition. The CMS experiment will come on line for data taking during the course of this award. In parallel, the group continues to analyze data from FOCUS, which has provided a prolific and significant body of knowledge of charm particles to the scientific community; including measurements of charm particle photoproduction, branching ratios for charm particle decays and charm particle lifetimes. &lt;br/&gt;&lt;br/&gt;In the area of broader impacts, the group has made significant contributions to Grid Computing and cyberinfrastructure - leading the Vanderbilt campus computing initiative ACCRE and through participation in the national virtual organization Open Science Grid, through research and training in physics and computer science for graduate and undergraduate students, and in education and outreach for high school teachers and students through QuarkNet.</AbstractNarration>
    <MinAmdLetterDate>03/16/2006</MinAmdLetterDate>
    <MaxAmdLetterDate>04/03/2008</MaxAmdLetterDate>
    <ARRAAmount/>
    <AwardID>0600694</AwardID>
    <Investigator>
      <FirstName>Medford</FirstName>
      <LastName>Webster</LastName>
      <EmailAddress>webster@vuhep.phy.vanderbilt.edu</EmailAddress>
      <StartDate>03/16/2006</StartDate>
      <EndDate/>
      <RoleCode>Co-Principal Investigator</RoleCode>
    </Investigator>
    <Investigator>
      <FirstName>Paul</FirstName>
      <LastName>Sheldon</LastName>
      <EmailAddress>Paul.Sheldon@Vanderbilt.edu</EmailAddress>
      <StartDate>03/16/2006</StartDate>
      <EndDate/>
      <RoleCode>Principal Investigator</RoleCode>
    </Investigator>
    <Investigator>
      <FirstName>Will</FirstName>
      <LastName>Johns</LastName>
      <EmailAddress>will.johns@vanderbilt.edu</EmailAddress>
      <StartDate>03/16/2006</StartDate>
      <EndDate/>
      <RoleCode>Co-Principal Investigator</RoleCode>
    </Investigator>
    <Institution>
      <Name>Vanderbilt University</Name>
      <CityName>Nashville</CityName>
      <ZipCode>372350002</ZipCode>
      <PhoneNumber>6153222631</PhoneNumber>
      <StreetAddress>Sponsored Programs Administratio</StreetAddress>
      <CountryName>United States</CountryName>
      <StateName>Tennessee</StateName>
      <StateCode>TN</StateCode>
    </Institution>
    <FoaInformation>
      <Code>0000099</Code>
      <Name>Other Applications NEC</Name>
    </FoaInformation>
    <ProgramElement>
      <Code>1221</Code>
      <Text>ELEMENTARY PARTICLE ACCEL USER</Text>
    </ProgramElement>
    <ProgramReference>
      <Code>0000</Code>
      <Text>UNASSIGNED</Text>
    </ProgramReference>
    <ProgramReference>
      <Code>9150</Code>
      <Text>EXP PROG TO STIM COMP RES</Text>
    </ProgramReference>
    <ProgramReference>
      <Code>OTHR</Code>
      <Text>OTHER RESEARCH OR EDUCATION</Text>
    </ProgramReference>
  </Award>
</rootTag>
