<?xml version="1.0" encoding="UTF-8"?>

<rootTag>
  <Award>
    <AwardTitle>Development of Comprehensive Guidelines for Preprocessing Simulated Acceleration Time Histories</AwardTitle>
    <AwardEffectiveDate>04/15/2006</AwardEffectiveDate>
    <AwardExpirationDate>03/31/2010</AwardExpirationDate>
    <AwardAmount>67832</AwardAmount>
    <AwardInstrument>
      <Value>Standard Grant</Value>
    </AwardInstrument>
    <Organization>
      <Code>07030000</Code>
      <Directorate>
        <LongName>Directorate For Engineering</LongName>
      </Directorate>
      <Division>
        <LongName>Div Of Civil, Mechanical, &amp; Manufact Inn</LongName>
      </Division>
    </Organization>
    <ProgramOfficer>
      <SignBlockName>Richard J. Fragaszy</SignBlockName>
    </ProgramOfficer>
    <AbstractNarration>Abstract&lt;br/&gt;&lt;br/&gt;At the present time, the seismic response evaluation of lifeline systems incorporating spatial variability relies solely on simulated ground motions. Numerical (finite element) codes permitting spatially variable motions as excitations at the structures supports require displacement time histories as input excitations. Displacement time histories obtained through direct double integration of simulated acceleration time histories do not exhibit realistic waveforms, because, due to purely numerical reasons, accelerations can contain large random amplitude variability in the low frequency range. Hence, such simulated acceleration time histories also require preprocessing. There is, however, no agreed-upon approach for their preprocessing and the preprocessing scheme is left to the discretion of the investigator.&lt;br/&gt;&lt;br/&gt;This study will utilize recent developments in seismology, extend them to the specific needs of simulated and conditionally simulated time histories, and provide guidelines for their preprocessing. The following steps will be undertaken: (i) selection of commonly used simulation schemes from the ones available in the literature to be investigated in this study; (ii) application of state-of-the-art preprocessing schemes developed by the seismological community to simulated motions; and (iii) quantification of the results of step (ii) through the evaluation of the response statistics of a simple structural model subjected to spatially variable excitations. The development of the guidelines, along with user-friendly (MATLAB) codes will be posted on the World Wide Web for direct use by the community.</AbstractNarration>
    <MinAmdLetterDate>04/03/2006</MinAmdLetterDate>
    <MaxAmdLetterDate>02/23/2009</MaxAmdLetterDate>
    <ARRAAmount/>
    <AwardID>0600262</AwardID>
    <Investigator>
      <FirstName>Aspasia</FirstName>
      <LastName>Zerva</LastName>
      <EmailAddress>zervaa@drexel.edu</EmailAddress>
      <StartDate>04/03/2006</StartDate>
      <EndDate/>
      <RoleCode>Principal Investigator</RoleCode>
    </Investigator>
    <Institution>
      <Name>Drexel University</Name>
      <CityName>Philadelphia</CityName>
      <ZipCode>191021119</ZipCode>
      <PhoneNumber>2158955849</PhoneNumber>
      <StreetAddress>1505 Race St, 8th Floor</StreetAddress>
      <CountryName>United States</CountryName>
      <StateName>Pennsylvania</StateName>
      <StateCode>PA</StateCode>
    </Institution>
    <FoaInformation>
      <Code>0308000</Code>
      <Name>Industrial Technology</Name>
    </FoaInformation>
    <ProgramElement>
      <Code>1636</Code>
      <Text>Geotechnical Engineering and M</Text>
    </ProgramElement>
    <ProgramReference>
      <Code>043E</Code>
      <Text>EARTHQUAKE ENGINEERING</Text>
    </ProgramReference>
    <ProgramReference>
      <Code>1057</Code>
      <Text>CIS BASE RESEARCH</Text>
    </ProgramReference>
    <ProgramReference>
      <Code>1576</Code>
      <Text>NATIONL EARTHQK HZRD REDCT PRG</Text>
    </ProgramReference>
    <ProgramReference>
      <Code>9102</Code>
      <Text>WOMEN, MINORITY, DISABLED, NEC</Text>
    </ProgramReference>
    <ProgramReference>
      <Code>CVIS</Code>
      <Text>CIVIL INFRASTRUCTURE</Text>
    </ProgramReference>
  </Award>
</rootTag>
