<?xml version="1.0" encoding="UTF-8"?>

<rootTag>
  <Award>
    <AwardTitle>Multi-scale Smart Sensing for Monitoring Civil Infrastructure</AwardTitle>
    <AwardEffectiveDate>05/01/2006</AwardEffectiveDate>
    <AwardExpirationDate>06/30/2010</AwardExpirationDate>
    <AwardAmount>510176</AwardAmount>
    <AwardInstrument>
      <Value>Continuing grant</Value>
    </AwardInstrument>
    <Organization>
      <Code>07030000</Code>
      <Directorate>
        <LongName>Directorate For Engineering</LongName>
      </Directorate>
      <Division>
        <LongName>Div Of Civil, Mechanical, &amp; Manufact Inn</LongName>
      </Division>
    </Organization>
    <ProgramOfficer>
      <SignBlockName>Shih-Chi Liu</SignBlockName>
    </ProgramOfficer>
    <AbstractNarration>The ability to continuously monitor the integrity of our nations civil infrastructure in real-time can reduce maintenance and inspection costs, while providing for increased safety to the public. Middleware services and tools can provide a fundamental foundation and a crucial technology for full-scale implementation of SHM strategies that can exploit the opportunities offered by smart sensing systems. The focus of this investigation will be placed on developing an integrated middleware services-based system that can utilize information sensed at multiple scales for structural condition assessment. To ground this research, the latest generation of embedded computers from Intel, the Imote2, will provide the platform employed. The comprehensive research plan has four primary tasks: (i) develop an integrated sensor board with multi-scale sensors for the Imote2 platform; (ii) conceptualize, develop, and implement software services and tools framework for civil infrastructure systems using the Imote2 platform; (iii) develop new SHM algorithms that can be executed in the smart sensors distributed computing environment; and (iv) prototype and test developed hardware and software in both laboratory and field environments. Successful completion of the proposed research tasks will make substantial strides toward realizing the practical implementation of dense arrays of smart sensors for protection of civil infrastructure.</AbstractNarration>
    <MinAmdLetterDate>03/04/2006</MinAmdLetterDate>
    <MaxAmdLetterDate>05/13/2008</MaxAmdLetterDate>
    <ARRAAmount/>
    <AwardID>0600433</AwardID>
    <Investigator>
      <FirstName>Billie</FirstName>
      <LastName>Spencer</LastName>
      <EmailAddress>bfs@illinois.edu</EmailAddress>
      <StartDate>03/04/2006</StartDate>
      <EndDate/>
      <RoleCode>Principal Investigator</RoleCode>
    </Investigator>
    <Investigator>
      <FirstName>Gul</FirstName>
      <LastName>Agha</LastName>
      <EmailAddress>agha@illinois.edu</EmailAddress>
      <StartDate>03/04/2006</StartDate>
      <EndDate/>
      <RoleCode>Co-Principal Investigator</RoleCode>
    </Investigator>
    <Institution>
      <Name>University of Illinois at Urbana-Champaign</Name>
      <CityName>CHAMPAIGN</CityName>
      <ZipCode>618207473</ZipCode>
      <PhoneNumber>2173332187</PhoneNumber>
      <StreetAddress>SUITE A</StreetAddress>
      <CountryName>United States</CountryName>
      <StateName>Illinois</StateName>
      <StateCode>IL</StateCode>
    </Institution>
    <ProgramElement>
      <Code>1639</Code>
      <Text>SENSORS AND SENSING SYSTEMS</Text>
    </ProgramElement>
    <ProgramElement>
      <Code>7298</Code>
      <Text>COLLABORATIVE RESEARCH</Text>
    </ProgramElement>
    <ProgramElement>
      <Code>7641</Code>
      <Text>INT'L RES &amp; EDU IN ENGINEERING</Text>
    </ProgramElement>
    <ProgramElement>
      <Code>7731</Code>
      <Text>OTHER GLOBAL LEARNING &amp; TRNING</Text>
    </ProgramElement>
    <ProgramReference>
      <Code>032E</Code>
      <Text>SENSORS AND ACTUATORS</Text>
    </ProgramReference>
    <ProgramReference>
      <Code>1057</Code>
      <Text>CIS BASE RESEARCH</Text>
    </ProgramReference>
    <ProgramReference>
      <Code>1059</Code>
      <Text>SENSORS AND SENSOR SYSTEMS FOR CIS</Text>
    </ProgramReference>
    <ProgramReference>
      <Code>5921</Code>
      <Text>JAPAN</Text>
    </ProgramReference>
    <ProgramReference>
      <Code>5978</Code>
      <Text>EAST ASIA AND PACIFIC PROGRAM</Text>
    </ProgramReference>
    <ProgramReference>
      <Code>7234</Code>
      <Text>SENSORS NON-SOLICITATION RESEA</Text>
    </ProgramReference>
    <ProgramReference>
      <Code>9200</Code>
      <Text>US CHINA COOP IN BASIC SCIENCE</Text>
    </ProgramReference>
    <ProgramReference>
      <Code>CVIS</Code>
      <Text>CIVIL INFRASTRUCTURE</Text>
    </ProgramReference>
  </Award>
</rootTag>
