<?xml version="1.0" encoding="UTF-8"?>

<rootTag>
  <Award>
    <AwardTitle>Reverse Mathematics and Degrees of Unsolvability</AwardTitle>
    <AwardEffectiveDate>07/01/2006</AwardEffectiveDate>
    <AwardExpirationDate>06/30/2010</AwardExpirationDate>
    <AwardAmount>110000</AwardAmount>
    <AwardInstrument>
      <Value>Standard Grant</Value>
    </AwardInstrument>
    <Organization>
      <Code>03040000</Code>
      <Directorate>
        <LongName>Direct For Mathematical &amp; Physical Scien</LongName>
      </Directorate>
      <Division>
        <LongName>Division Of Mathematical Sciences</LongName>
      </Division>
    </Organization>
    <ProgramOfficer>
      <SignBlockName>Tomek Bartoszynski</SignBlockName>
    </ProgramOfficer>
    <AbstractNarration>Reverse mathematics is a far-reaching research program in the&lt;br/&gt; foundations of mathematics, wherein core mathematical theorems are&lt;br/&gt; classified up to logical equivalence according to which&lt;br/&gt; set-existence axioms are needed to prove them. The degrees of&lt;br/&gt; unsolvability are a well known algebraic structure arising from&lt;br/&gt; basic notions of relative computability and algorithmic&lt;br/&gt; unsolvability. In the current research project, some outstanding&lt;br/&gt; problems in the reverse mathematics of measure theory are being&lt;br/&gt; addressed in unexpected ways, by applying recent advances in&lt;br/&gt; algorithmic randomness and Kolmogorov complexity. In the realm of&lt;br/&gt; general topology, reverse mathematics itself is being extended far&lt;br/&gt; beyond the standard so-called "big five" equivalence classes, to&lt;br/&gt; encompass much stronger systems. Remarkable relationships are&lt;br/&gt; being revealed between, on the one hand, reverse mathematics and&lt;br/&gt; other foundationally interesting topics, and on the other hand,&lt;br/&gt; degrees of unsolvability of mass problems associated to&lt;br/&gt; effectively closed sets of real numbers.&lt;br/&gt;&lt;br/&gt;Reverse mathematics is a far-reaching research program in the&lt;br/&gt; foundations of mathematics. The purpose of reverse mathematics is&lt;br/&gt; to elucidate the axiomatic and logical structure of mathematics as&lt;br/&gt; a whole. It turns out that many core mathematical theorems fall&lt;br/&gt; into a relatively small number of logical classes, the so-called&lt;br/&gt; "big five" classes. Thus one sees a remarkably orderly structure.&lt;br/&gt; The purpose of the current research project is to further clarify&lt;br/&gt; and extend this structure. Among the technical tools being&lt;br/&gt; deployed are algorithmic randomness, complexity theory, and&lt;br/&gt; degrees of unsolvability.</AbstractNarration>
    <MinAmdLetterDate>06/27/2006</MinAmdLetterDate>
    <MaxAmdLetterDate>06/27/2006</MaxAmdLetterDate>
    <ARRAAmount/>
    <AwardID>0600823</AwardID>
    <Investigator>
      <FirstName>Stephen</FirstName>
      <LastName>Simpson</LastName>
      <EmailAddress>simpson@math.psu.edu</EmailAddress>
      <StartDate>06/27/2006</StartDate>
      <EndDate/>
      <RoleCode>Principal Investigator</RoleCode>
    </Investigator>
    <Institution>
      <Name>Pennsylvania State Univ University Park</Name>
      <CityName>UNIVERSITY PARK</CityName>
      <ZipCode>168027000</ZipCode>
      <PhoneNumber>8148651372</PhoneNumber>
      <StreetAddress>110 Technology Center Building</StreetAddress>
      <CountryName>United States</CountryName>
      <StateName>Pennsylvania</StateName>
      <StateCode>PA</StateCode>
    </Institution>
    <FoaInformation>
      <Code>0000099</Code>
      <Name>Other Applications NEC</Name>
    </FoaInformation>
  </Award>
</rootTag>
