<?xml version="1.0" encoding="UTF-8"?>

<rootTag>
  <Award>
    <AwardTitle>Hybrid Control for Agility and Efficiency in Bipedal Robots with Compliance</AwardTitle>
    <AwardEffectiveDate>06/01/2006</AwardEffectiveDate>
    <AwardExpirationDate>05/31/2010</AwardExpirationDate>
    <AwardAmount>346000</AwardAmount>
    <AwardInstrument>
      <Value>Standard Grant</Value>
    </AwardInstrument>
    <Organization>
      <Code>07010000</Code>
      <Directorate>
        <LongName>Directorate For Engineering</LongName>
      </Directorate>
      <Division>
        <LongName>Div Of Electrical, Commun &amp; Cyber Sys</LongName>
      </Division>
    </Organization>
    <ProgramOfficer>
      <SignBlockName>Radhakisan S. Baheti</SignBlockName>
    </ProgramOfficer>
    <AbstractNarration>Proposal Number: 0600869&lt;br/&gt;PI - Grizzle&lt;br/&gt;&lt;br/&gt;&lt;br/&gt;Intellectual Merit: The objective of this research is to create a theory of hybrid systems that is rich enough to control a bipedal machine so that it can walk, run, and adapt its gait to varying terrain, like a human. A feedback design method will be developed that is systematic, provably correct, permits tradeoff analysis, and has effective symbolic and numerical tools for computations. The approach will be illustrated on legged machines with series compliant actuation. The hybrid zero dynamics of robots with compliant actuators will be studied and applied to specific motion control problems, such as energetically efficient running on a flat surface, and walking on uneven surfaces. &lt;br/&gt;Broader Impacts: There are important medical applications of bipedal locomotion research, including prostheses for the lower limbs and rehabilitation of walking and balance. Understanding stable dynamic motion in a machine is far simpler than in a human body, but it is a good place to start. Now that research is yielding an understanding of what it takes to achieve stable locomotion in machines capable of anthropomorphic gaits, it is possible to use this knowledge as a springboard in the search to recover locomotion ability in people who have suffered injuries. The PI is also cooperating with Thurston High School in S.E. Michigan to develop education material related to this research proposal that is appropriate for use in high school science courses.</AbstractNarration>
    <MinAmdLetterDate>04/20/2006</MinAmdLetterDate>
    <MaxAmdLetterDate>08/07/2008</MaxAmdLetterDate>
    <ARRAAmount/>
    <AwardID>0600869</AwardID>
    <Investigator>
      <FirstName>Jessy</FirstName>
      <LastName>Grizzle</LastName>
      <EmailAddress>grizzle@umich.edu</EmailAddress>
      <StartDate>04/20/2006</StartDate>
      <EndDate/>
      <RoleCode>Principal Investigator</RoleCode>
    </Investigator>
    <Institution>
      <Name>University of Michigan Ann Arbor</Name>
      <CityName>Ann Arbor</CityName>
      <ZipCode>481091274</ZipCode>
      <PhoneNumber>7347636438</PhoneNumber>
      <StreetAddress>3003 South State St. Room 1062</StreetAddress>
      <CountryName>United States</CountryName>
      <StateName>Michigan</StateName>
      <StateCode>MI</StateCode>
    </Institution>
    <FoaInformation>
      <Code>0112000</Code>
      <Name>System Theory</Name>
    </FoaInformation>
  </Award>
</rootTag>
