<?xml version="1.0" encoding="UTF-8"?>

<rootTag>
  <Award>
    <AwardTitle>Nanoengineered Interfaces</AwardTitle>
    <AwardEffectiveDate>09/01/2006</AwardEffectiveDate>
    <AwardExpirationDate>08/31/2011</AwardExpirationDate>
    <AwardAmount>250002</AwardAmount>
    <AwardInstrument>
      <Value>Standard Grant</Value>
    </AwardInstrument>
    <Organization>
      <Code>07030000</Code>
      <Directorate>
        <LongName>Directorate For Engineering</LongName>
      </Directorate>
      <Division>
        <LongName>Div Of Civil, Mechanical, &amp; Manufact Inn</LongName>
      </Division>
    </Organization>
    <ProgramOfficer>
      <SignBlockName>Clark V. Cooper</SignBlockName>
    </ProgramOfficer>
    <AbstractNarration>Abstract: CMS-0600675&lt;br/&gt;&lt;br/&gt;The objective of this research is the analysis of interfacial behavior of novel composites with fiber-matrix interfaces modified by nanoparticles. The project includes manufacturing of fibers with surfaces modified by nanoparticles, manufacturing of composites reinforced with nanomodified fibers, experimental evaluation of interfacial fracture and friction, and development of multiscale models of stress transfer, fracture, and friction in these materials. The research will provide better fundamental understanding of complex interfacial phenomena in heterogeneous materials and foster progress in methods of design and engineering of interfaces at nano- and microscales. &lt;br/&gt;&lt;br/&gt;If successful, this research can lead to improved lightweight composites with superior fracture toughness, fatigue durability, and impact resistance. Such composites will be usable in a variety of applications. The results will also be usable for other heterogeneous materials, such as polycrystalline materials and biological interfaces. Planned educational and outreach activities include support and research training of graduate and undergraduate students (the latter with support from NSF REU) and development of a new undergraduate/graduate course on nanocomposites.</AbstractNarration>
    <MinAmdLetterDate>08/31/2006</MinAmdLetterDate>
    <MaxAmdLetterDate>08/31/2006</MaxAmdLetterDate>
    <ARRAAmount/>
    <AwardID>0600675</AwardID>
    <Investigator>
      <FirstName>Yuris</FirstName>
      <LastName>Dzenis</LastName>
      <EmailAddress>ydzenis1@unl.edu</EmailAddress>
      <StartDate>08/31/2006</StartDate>
      <EndDate/>
      <RoleCode>Principal Investigator</RoleCode>
    </Investigator>
    <Institution>
      <Name>University of Nebraska-Lincoln</Name>
      <CityName>Lincoln</CityName>
      <ZipCode>685031435</ZipCode>
      <PhoneNumber>4024723171</PhoneNumber>
      <StreetAddress>151 Prem S. Paul Research Center</StreetAddress>
      <CountryName>United States</CountryName>
      <StateName>Nebraska</StateName>
      <StateCode>NE</StateCode>
    </Institution>
    <ProgramElement>
      <Code>1633</Code>
      <Text>MATERIALS AND SURFACE ENG</Text>
    </ProgramElement>
    <ProgramReference>
      <Code>024E</Code>
      <Text>MATERIALS DESIGN</Text>
    </ProgramReference>
    <ProgramReference>
      <Code>1057</Code>
      <Text>CIS BASE RESEARCH</Text>
    </ProgramReference>
    <ProgramReference>
      <Code>1359</Code>
      <Text>RES EXP FOR TEACHERS(RET)-SITE</Text>
    </ProgramReference>
    <ProgramReference>
      <Code>9150</Code>
      <Text>EXP PROG TO STIM COMP RES</Text>
    </ProgramReference>
    <ProgramReference>
      <Code>CVIS</Code>
      <Text>CIVIL INFRASTRUCTURE</Text>
    </ProgramReference>
  </Award>
</rootTag>
