<?xml version="1.0" encoding="UTF-8"?>

<rootTag>
  <Award>
    <AwardTitle>Free Probability Theory and Applications to Free Group Factors</AwardTitle>
    <AwardEffectiveDate>06/01/2006</AwardEffectiveDate>
    <AwardExpirationDate>05/31/2010</AwardExpirationDate>
    <AwardAmount>178349</AwardAmount>
    <AwardInstrument>
      <Value>Standard Grant</Value>
    </AwardInstrument>
    <Organization>
      <Code>03040000</Code>
      <Directorate>
        <LongName>Direct For Mathematical &amp; Physical Scien</LongName>
      </Directorate>
      <Division>
        <LongName>Division Of Mathematical Sciences</LongName>
      </Division>
    </Organization>
    <ProgramOfficer>
      <SignBlockName>Bruce P. Palka</SignBlockName>
    </ProgramOfficer>
    <AbstractNarration>The invariant subspace problem and its cousin, the hyperinvariant subspace problem, are fundamental questions about the structure of operators on Hilbert space whose solution, especially if accompanied by further detail about the subspaces and the resulting decomposition of the operator, would be an enormous advance in our understanding of such operators. Recently, there has been great progress in the problem of the existence of invariant subspaces of operators relative to a von Neumann algebra having a finite trace. A von Neumann algebra with a finite trace is an infinite dimensional, noncommutative analogue of a probability space, and many important classes of operators can be found inside von Neumann algebras having finite traces. However, the essential unsolved case and a key class of operators left virtually untouched by this recent progress is the class of quasinilpotent operators in a finite von Neumann algebra. The proposed research seeks to find invariant subspaces for them, relative to their von Neumann algebras. Free probability theory is an analogue of usual probability theory where independence is replaced by freeness, a completely noncommutative notion. Free probability theory and its off spring, free entropy, have been at the heart of much progress over the last decade in understanding certain classes of operators and von Neumann algebras with finite trace, called the free group factors. However, an outstanding open problem on them is whether all free group factors are isomorphic to each other or whether they constitute a diverse family. At the moment, this problem seems intimately bound up with the question of whether free entropy dimension is an invariant for von Neumann algebras having finite trace, or whether it can take different values on different sets of generators of a given von Neumann algebra. A second part of the proposed research will test this invariance question by computing the free entropy dimension of certain recently discovered "exotic" generators of free group factors.</AbstractNarration>
    <MinAmdLetterDate>04/04/2006</MinAmdLetterDate>
    <MaxAmdLetterDate>04/04/2006</MaxAmdLetterDate>
    <ARRAAmount/>
    <AwardID>0600814</AwardID>
    <Investigator>
      <FirstName>Kenneth</FirstName>
      <LastName>Dykema</LastName>
      <EmailAddress>ken.dykema@math.tamu.edu</EmailAddress>
      <StartDate>04/04/2006</StartDate>
      <EndDate/>
      <RoleCode>Principal Investigator</RoleCode>
    </Investigator>
    <Institution>
      <Name>Texas A&amp;M Research Foundation</Name>
      <CityName>College Station</CityName>
      <ZipCode>778454321</ZipCode>
      <PhoneNumber>9798458600</PhoneNumber>
      <StreetAddress>400 Harvey Mitchell Parkway, S</StreetAddress>
      <CountryName>United States</CountryName>
      <StateName>Texas</StateName>
      <StateCode>TX</StateCode>
    </Institution>
    <FoaInformation>
      <Code>0000099</Code>
      <Name>Other Applications NEC</Name>
    </FoaInformation>
    <ProgramElement>
      <Code>1281</Code>
      <Text>ANALYSIS PROGRAM</Text>
    </ProgramElement>
    <ProgramReference>
      <Code>0000</Code>
      <Text>UNASSIGNED</Text>
    </ProgramReference>
    <ProgramReference>
      <Code>OTHR</Code>
      <Text>OTHER RESEARCH OR EDUCATION</Text>
    </ProgramReference>
  </Award>
</rootTag>
