<?xml version="1.0" encoding="UTF-8"?>

<rootTag>
  <Award>
    <AwardTitle>Collaborative Research: Control of Underactuated Mechanical Systems through Lyapunov Direct Methods</AwardTitle>
    <AwardEffectiveDate>08/01/2006</AwardEffectiveDate>
    <AwardExpirationDate>07/31/2010</AwardExpirationDate>
    <AwardAmount>126909</AwardAmount>
    <AwardInstrument>
      <Value>Standard Grant</Value>
    </AwardInstrument>
    <Organization>
      <Code>07030000</Code>
      <Directorate>
        <LongName>Directorate For Engineering</LongName>
      </Directorate>
      <Division>
        <LongName>Div Of Civil, Mechanical, &amp; Manufact Inn</LongName>
      </Division>
    </Organization>
    <ProgramOfficer>
      <SignBlockName>Eduardo A. Misawa</SignBlockName>
    </ProgramOfficer>
    <AbstractNarration>Abstract&lt;br/&gt;Collaborative Research: Control of Underactuated Mechanical Systems through Lyapunov Direct Methods&lt;br/&gt;&lt;br/&gt;The proposed project involves developing Lyapunov direct methods for designing stabilizing controllers for nonlinear underactuated mechanical systems that render the system into closed loop Lyapunov form as opposed to closed loop Hamiltonian form. A goal is to show that the controller associated with the closed loop Lyapunov form can be implemented through either an analytical or a numerical solution (done in the feedback) of certain linear (partial) differential equations constituting asymptotic stability. The advantage of the proposed methodology is that the class of systems in Hamiltonian form is a strict subset of the class of systems in Lyapunov form thus yielding a larger class of stabilizing controllers that could offer improvements in system performance. It is further expected that the proposed research will provide a basis on which to treat problems that are intractable using other methods, while also leading to a unifying framework for methods utilizing controlled Lagrangians and controlled Hamiltonians. Another significant result is that the obtained controller is linear with respect to the velocities, whereas existing energy based nonlinear controllers are quadratic in the velocities. Comparisons between control laws designed through the proposed method and those designed through controlled Lagrangian, lambda, and IDA-PBC methods will be made.&lt;br/&gt;&lt;br/&gt;The primary thrust of the proposed activity is to analyze and further develop a new strategy, Lyapunov direct methods, for designing stabilizing controllers for underactuated mechanical systems, systems characterized by having fewer drives than degrees of freedom such as a robot where one or more joints are not powered. Examples of such systems are spacecraft, underwater vehicles, satellites, hovercraft and cargo cranes for container ships. The proposed method offers an improvement over the current art in that better performance is achieved while not suffering some common problems of existing methods. It is expected that there are systems that can be treated by the proposed techniques that cannot be treated by current techniques. The analysis will include comparisons of control laws produced by Lyapunov direct methods and current published methods. Undergraduate students in both mathematics and engineering will be encouraged to participate in the project through employment and course credit. Some students will help with development of an REU program at KSU. To facilitate participation of underrepresented groups, the KSU Minority Engineering Program and Women in Engineering and Science Program offices have committed to help in student recruitment, an activity that dovetails with their NSF funded STEP program.</AbstractNarration>
    <MinAmdLetterDate>08/02/2006</MinAmdLetterDate>
    <MaxAmdLetterDate>08/02/2006</MaxAmdLetterDate>
    <ARRAAmount/>
    <AwardID>0600442</AwardID>
    <Investigator>
      <FirstName>Warren</FirstName>
      <LastName>White</LastName>
      <EmailAddress>wnw@ksu.edu</EmailAddress>
      <StartDate>08/02/2006</StartDate>
      <EndDate/>
      <RoleCode>Principal Investigator</RoleCode>
    </Investigator>
    <Institution>
      <Name>Kansas State University</Name>
      <CityName>MANHATTAN</CityName>
      <ZipCode>665061103</ZipCode>
      <PhoneNumber>7855326804</PhoneNumber>
      <StreetAddress>2 FAIRCHILD HALL</StreetAddress>
      <CountryName>United States</CountryName>
      <StateName>Kansas</StateName>
      <StateCode>KS</StateCode>
    </Institution>
    <ProgramElement>
      <Code>1632</Code>
      <Text>CONTROL SYSTEMS</Text>
    </ProgramElement>
    <ProgramElement>
      <Code>7446</Code>
      <Text>MATH PRIORITY SOLICITATION</Text>
    </ProgramElement>
    <ProgramElement>
      <Code>7454</Code>
      <Text>MSPA-INTERDISCIPLINARY</Text>
    </ProgramElement>
    <ProgramElement>
      <Code>9150</Code>
      <Text>EXP PROG TO STIM COMP RES</Text>
    </ProgramElement>
    <ProgramReference>
      <Code>030E</Code>
      <Text>CONTROL SYSTEMS</Text>
    </ProgramReference>
    <ProgramReference>
      <Code>1057</Code>
      <Text>CIS BASE RESEARCH</Text>
    </ProgramReference>
    <ProgramReference>
      <Code>7303</Code>
      <Text>MATH SCI PRIORITY AREA: INTERDISCIPLINAR</Text>
    </ProgramReference>
    <ProgramReference>
      <Code>9150</Code>
      <Text>EXP PROG TO STIM COMP RES</Text>
    </ProgramReference>
    <ProgramReference>
      <Code>CVIS</Code>
      <Text>CIVIL INFRASTRUCTURE</Text>
    </ProgramReference>
  </Award>
</rootTag>
