<?xml version="1.0" encoding="UTF-8"?>

<rootTag>
  <Award>
    <AwardTitle>University of Maryland Spring Dynamics Conference</AwardTitle>
    <AwardEffectiveDate>04/01/2006</AwardEffectiveDate>
    <AwardExpirationDate>03/31/2010</AwardExpirationDate>
    <AwardAmount>24000</AwardAmount>
    <AwardInstrument>
      <Value>Standard Grant</Value>
    </AwardInstrument>
    <Organization>
      <Code>03040100</Code>
      <Directorate>
        <LongName>Direct For Mathematical &amp; Physical Scien</LongName>
      </Directorate>
      <Division>
        <LongName>Division Of Mathematical Sciences</LongName>
      </Division>
    </Organization>
    <ProgramOfficer>
      <SignBlockName>Bruce P. Palka</SignBlockName>
    </ProgramOfficer>
    <AbstractNarration>Abstract for NSF Proposal DMS-0600296&lt;br/&gt;&lt;br/&gt;This award continues the partial (but essential) support of NSF for the spring meeting at Maryland of the Semi-annual Workshop in Dynamical Systems and Related Topics, cosponsored since 1992 by the dynamics groups in the mathematics departments of Maryland and Penn State. (The fall meeting is held at Penn State.) The conference covers a broad range of topics in dynamical systems, with a particular (but not exclusive) area of emphasis in most meetings. The goals of this conference are to promote the communication of mathematical results; to facilitate interaction and progress in dynamical systems and related fields; to nurture the sense of community and common mission in these fields; and to contribute to the training of graduate students and recent Ph.D. recipients and to their integration into the dynamics community. In particular, in the middle of the conference there are typically 3 to 8 short talks by graduate students with good results.&lt;br/&gt;Over the years the conference has enjoyed the participation of many prominent mathematicians, as well as (we see now) future leaders. History of past programs can be found at the conference website&lt;br/&gt;www.math.umd.edu/research/dynamics/conferences .&lt;br/&gt;&lt;br/&gt;&lt;br/&gt;The field of dynamical systems, roughly speaking, studies the way in which systems change over time: especially, how typical points of a system behave over time, and when properties of interest in a system are stable under perturbation of the system. Because so many mathematical structures can be considered in terms of how they change over time, dynamical systems uses a broad range of mathematical disciplines (including differential equations, functional analysis, geometry, probability theory and many others). Conversely, the dynamical approach has contributed significantly to progress in some of these fields, at a deep and nontrivial level. A recent example -- in number theory! -- is the dynamical influence on the work of Green and Tao which showed that the prime numbers contain arbitrarily long arithmetic progressions. In addition, various practical problems are fruitfully studied from the viewpoint of dynamical systems, including current applications in weather forecasting and the computation of orbits of space "voyagers". In recent years "chaos theory", a part of dynamical systems, has had an impact on scientific practice. Jim Yorke, a member of the Maryland dynamics group, shared the 2003 Japan Prize (with Benoit Mandelbrot) for his contributions in this area. This $400,000 prize is among the world's most prestigious scientific awards.</AbstractNarration>
    <MinAmdLetterDate>04/04/2006</MinAmdLetterDate>
    <MaxAmdLetterDate>04/04/2006</MaxAmdLetterDate>
    <ARRAAmount/>
    <AwardID>0600296</AwardID>
    <Investigator>
      <FirstName>James</FirstName>
      <LastName>Yorke</LastName>
      <EmailAddress>yorke@ipst.umd.edu</EmailAddress>
      <StartDate>04/04/2006</StartDate>
      <EndDate/>
      <RoleCode>Co-Principal Investigator</RoleCode>
    </Investigator>
    <Investigator>
      <FirstName>Michael</FirstName>
      <LastName>Boyle</LastName>
      <EmailAddress>mmb@math.umd.edu</EmailAddress>
      <StartDate>04/04/2006</StartDate>
      <EndDate/>
      <RoleCode>Principal Investigator</RoleCode>
    </Investigator>
    <Investigator>
      <FirstName>Michael</FirstName>
      <LastName>Jakobson</LastName>
      <EmailAddress>mvy@math.umd.edu</EmailAddress>
      <StartDate>04/04/2006</StartDate>
      <EndDate/>
      <RoleCode>Co-Principal Investigator</RoleCode>
    </Investigator>
    <Investigator>
      <FirstName>Brian</FirstName>
      <LastName>Hunt</LastName>
      <EmailAddress>bhunt@ipst.umd.edu</EmailAddress>
      <StartDate>04/04/2006</StartDate>
      <EndDate/>
      <RoleCode>Co-Principal Investigator</RoleCode>
    </Investigator>
    <Investigator>
      <FirstName>Dmitry</FirstName>
      <LastName>Dolgopyat</LastName>
      <EmailAddress>dmitry@math.umd.edu</EmailAddress>
      <StartDate>04/04/2006</StartDate>
      <EndDate/>
      <RoleCode>Co-Principal Investigator</RoleCode>
    </Investigator>
    <Institution>
      <Name>University of Maryland College Park</Name>
      <CityName>COLLEGE PARK</CityName>
      <ZipCode>207425141</ZipCode>
      <PhoneNumber>3014056269</PhoneNumber>
      <StreetAddress>3112 LEE BLDG 7809 Regents Drive</StreetAddress>
      <CountryName>United States</CountryName>
      <StateName>Maryland</StateName>
      <StateCode>MD</StateCode>
    </Institution>
    <FoaInformation>
      <Code>0000099</Code>
      <Name>Other Applications NEC</Name>
    </FoaInformation>
  </Award>
</rootTag>
