<?xml version="1.0" encoding="UTF-8"?>

<rootTag>
  <Award>
    <AwardTitle>Representations of affine Kac-Moody algebras and representations of Groups over a 2-dimensional local field</AwardTitle>
    <AwardEffectiveDate>07/01/2006</AwardEffectiveDate>
    <AwardExpirationDate>06/30/2011</AwardExpirationDate>
    <AwardAmount>519780</AwardAmount>
    <AwardInstrument>
      <Value>Continuing grant</Value>
    </AwardInstrument>
    <Organization>
      <Code>03040000</Code>
      <Directorate>
        <LongName>Direct For Mathematical &amp; Physical Scien</LongName>
      </Directorate>
      <Division>
        <LongName>Division Of Mathematical Sciences</LongName>
      </Division>
    </Organization>
    <ProgramOfficer>
      <SignBlockName>Tie Luo</SignBlockName>
    </ProgramOfficer>
    <AbstractNarration>Let G be a complex semi-simple group, and let g be its Lie algebra.&lt;br/&gt;Our main object of study is the Kac-Moody extension g' of the loop&lt;br/&gt;algebra g((t)); more specifically, the category of representations of&lt;br/&gt;g' at the critical level, denoted g'_(crit)-mod. Our goal is to develop a&lt;br/&gt;localization theory for this category, i.e., to relate it to other categories&lt;br/&gt;that are constructed locally out of spaces, endowed with an action&lt;br/&gt;of the loop group G((t)), such as the affine Grassmannian. Ultimately,&lt;br/&gt;we believe that the structure of g'_(crit)-mod is governed by a pattern&lt;br/&gt;of local Langlands correspondence, i.e., its extrinsic structure can be&lt;br/&gt;described solely in terms of the space of local systems on the formal&lt;br/&gt;punctured disc with respect to the Langlands dual group.&lt;br/&gt;The second (and, so far, unrelated) part of the project is the development&lt;br/&gt;of representation theory for groups associated to G and 2-dimensional local&lt;br/&gt;fields.&lt;br/&gt;&lt;br/&gt;The object of study of the current project is representation theory.&lt;br/&gt;Starting from the 1930's it was realized that there is fairly small list&lt;br/&gt;of types of possible fundamental symmetries that occur in Nature.&lt;br/&gt;These types are called "root data", and the corresponding concrete&lt;br/&gt;mathematical objects are called semi-simple groups. In order to have&lt;br/&gt;a representation theory one has to pick one of those semi-simple&lt;br/&gt;groups and couple it with a data of algebraic or analytic nature, such&lt;br/&gt;as what is known in mathematics as a "field" or "ring", e.g., real or&lt;br/&gt;complex numbers. Having a representation theory, the objects that&lt;br/&gt;one deals with look fairly complicated, and most of the questions that&lt;br/&gt;one can ask are not amenable to complete answers. However, we&lt;br/&gt;hope to find a point of view on representations, which, on the one&lt;br/&gt;hand, would answer some deep questions about their structure, and,&lt;br/&gt;on the other hand, will ultimately reduce to questions about the&lt;br/&gt;initial data, i.e., the root system.</AbstractNarration>
    <MinAmdLetterDate>04/14/2006</MinAmdLetterDate>
    <MaxAmdLetterDate>11/18/2010</MaxAmdLetterDate>
    <ARRAAmount/>
    <AwardID>0600903</AwardID>
    <Investigator>
      <FirstName>David</FirstName>
      <LastName>Kazhdan</LastName>
      <EmailAddress>kazhdan@math.harvard.edu</EmailAddress>
      <StartDate>04/14/2006</StartDate>
      <EndDate/>
      <RoleCode>Co-Principal Investigator</RoleCode>
    </Investigator>
    <Investigator>
      <FirstName>Dennis</FirstName>
      <LastName>Gaitsgory</LastName>
      <EmailAddress>gaitsgde@math.harvard.edu</EmailAddress>
      <StartDate>04/14/2006</StartDate>
      <EndDate/>
      <RoleCode>Principal Investigator</RoleCode>
    </Investigator>
    <Institution>
      <Name>Harvard University</Name>
      <CityName>Cambridge</CityName>
      <ZipCode>021385366</ZipCode>
      <PhoneNumber>6174955501</PhoneNumber>
      <StreetAddress>1033 MASSACHUSETTS AVE</StreetAddress>
      <CountryName>United States</CountryName>
      <StateName>Massachusetts</StateName>
      <StateCode>MA</StateCode>
    </Institution>
    <FoaInformation>
      <Code>0000099</Code>
      <Name>Other Applications NEC</Name>
    </FoaInformation>
    <ProgramElement>
      <Code>1264</Code>
      <Text>ALGEBRA,NUMBER THEORY,AND COM</Text>
    </ProgramElement>
    <ProgramReference>
      <Code>0000</Code>
      <Text>UNASSIGNED</Text>
    </ProgramReference>
    <ProgramReference>
      <Code>OTHR</Code>
      <Text>OTHER RESEARCH OR EDUCATION</Text>
    </ProgramReference>
  </Award>
</rootTag>
