<?xml version="1.0" encoding="UTF-8"?>

<rootTag>
  <Award>
    <AwardTitle>Markov Decision Processes and Discrete Optimization</AwardTitle>
    <AwardEffectiveDate>09/01/2006</AwardEffectiveDate>
    <AwardExpirationDate>08/31/2009</AwardExpirationDate>
    <AwardAmount>300000</AwardAmount>
    <AwardInstrument>
      <Value>Standard Grant</Value>
    </AwardInstrument>
    <Organization>
      <Code>07030000</Code>
      <Directorate>
        <LongName>Directorate For Engineering</LongName>
      </Directorate>
      <Division>
        <LongName>Div Of Civil, Mechanical, &amp; Manufact Inn</LongName>
      </Division>
    </Organization>
    <ProgramOfficer>
      <SignBlockName>Robert L. Smith</SignBlockName>
    </ProgramOfficer>
    <AbstractNarration>This grant provides funding for the investigation of the links between two important classes of optimization problems: stochastic dynamic programming, also known under the name of Markov Decision Processes, and discrete optimization. In particular, this project studies applications of discrete optimization to stochastic dynamic programming, applications of stochastic dynamic programming to discrete optimization, and applications of stochastic and discrete optimization to production, service, telecommunication, and surveillance systems. The first task of this project studies classification problems for Markov Decision Processes. These problems are important for the implementation of efficient algorithms for Markov Decision Processes. The second task investigates representations of discrete optimization problems via Markov Decision Processes and develops new solution methods for certain discrete optimization problems. The third task develops efficient algorithms for several production, service, telecommunication, and homeland security problems.&lt;br/&gt;&lt;br/&gt;If successful, this research will develop new methodologies and algorithms to solve important optimization problems. It will develop classification algorithms for Markov Decision Processes that identify their specific structural properties. Such algorithms are important for efficient optimization of Markov Decision Processes, which are broadly used for various applications such as control of production and service systems, reinforcement learning in artificial intelligence, and decision making. This project will also study new approaches to important discrete optimization problems including the Hamiltonian Cycle, Traveling Salesman, and Generalized Pinwheel Problems. These approaches are based on the representations of discrete optimization problems via Markov Decision Processes and studying the properties of these representations. This project will develop new solution techniques for certain production, service, and telecommunication applications by developing efficient scheduling, admission, and resource allocation algorithms. This project will contribute to the development of human resources in science and engineering, to technological progress, and to mutually beneficial interactions between industry and academia.</AbstractNarration>
    <MinAmdLetterDate>08/25/2006</MinAmdLetterDate>
    <MaxAmdLetterDate>08/25/2006</MaxAmdLetterDate>
    <ARRAAmount/>
    <AwardID>0600538</AwardID>
    <Investigator>
      <FirstName>Eugene</FirstName>
      <LastName>Feinberg</LastName>
      <EmailAddress>eugene.feinberg@sunysb.edu</EmailAddress>
      <StartDate>08/25/2006</StartDate>
      <EndDate/>
      <RoleCode>Principal Investigator</RoleCode>
    </Investigator>
    <Institution>
      <Name>SUNY at Stony Brook</Name>
      <CityName>Stony Brook</CityName>
      <ZipCode>117940001</ZipCode>
      <PhoneNumber>6316329949</PhoneNumber>
      <StreetAddress>WEST 5510 FRK MEL LIB</StreetAddress>
      <CountryName>United States</CountryName>
      <StateName>New York</StateName>
      <StateCode>NY</StateCode>
    </Institution>
    <FoaInformation>
      <Code>0107000</Code>
      <Name>Operations Research</Name>
    </FoaInformation>
    <ProgramElement>
      <Code>5514</Code>
      <Text>OPERATIONS RESEARCH</Text>
    </ProgramElement>
    <ProgramReference>
      <Code>071E</Code>
      <Text>MFG ENTERPRISE OPERATIONS</Text>
    </ProgramReference>
    <ProgramReference>
      <Code>9147</Code>
      <Text>GENERIC TECHNOL FOR MANUFACTURING CELLS</Text>
    </ProgramReference>
    <ProgramReference>
      <Code>MANU</Code>
      <Text>MANUFACTURING</Text>
    </ProgramReference>
  </Award>
</rootTag>
