<?xml version="1.0" encoding="UTF-8"?>

<rootTag>
  <Award>
    <AwardTitle>Topics in the Dynamics of Disordered Systems</AwardTitle>
    <AwardEffectiveDate>09/01/2006</AwardEffectiveDate>
    <AwardExpirationDate>08/31/2010</AwardExpirationDate>
    <AwardAmount>247000</AwardAmount>
    <AwardInstrument>
      <Value>Continuing grant</Value>
    </AwardInstrument>
    <Organization>
      <Code>03070005</Code>
      <Directorate>
        <LongName>Direct For Mathematical &amp; Physical Scien</LongName>
      </Directorate>
      <Division>
        <LongName>Division Of Materials Research</LongName>
      </Division>
    </Organization>
    <ProgramOfficer>
      <SignBlockName>Daryl W. Hess</SignBlockName>
    </ProgramOfficer>
    <AbstractNarration>Non-Technical Abstract: This grant supports theoretical research on the properties of disordered materials. Studies will be made of the motion of charged particles (ions) in glasses and on the motion of hydrogen in amorphous silicon. The first material phenomena could find application as a computer memory device. The second material has many applications including solar cells. Students at all levels will participate in the projects and international collaborations will be continued in Spain, Britain and Japan.&lt;br/&gt;&lt;br/&gt;Project Summary&lt;br/&gt;&lt;br/&gt;This research proposal aims to address outstanding scientific issues in disordered materials. The motivation arises from the need to understand the remarkably fast dynamics of transition metal ions in glasses and the bonding and motion of hydrogen in hydrogenated amorphous silicon. In both cases, there exist applications of great importance that will benefit from a fundamental understanding of the materials and especially the atomic dynamics. We work closely with leading experimental research groups and a successful small company in Tempe, Arizona.&lt;br/&gt;&lt;br/&gt;Intellectual Merit&lt;br/&gt;&lt;br/&gt;The dynamics of ions in glasses is an area of sustained interest and importance. We study&lt;br/&gt;amorphous phases of GeSe glasses heavily doped with Ag. The motion of the Ag ions in these materials is remarkable for rapidity of transport. We will elucidate the processes of hopping and trapping, of basic interest to the theory of relaxation in these systems. These glasses are prototypical solid electrolytes, and have been employed in the exceptionally promising "Programmable Metallization Cell" low power, non-volatile computer memory device pioneered by Axon Technologies of Arizona. We propose to work with the inventors of the device to develop an atomistic understanding of its operation. Previous work has shown that suitable density functional methods can faithfully model the structure and dynamics of these materials.&lt;br/&gt;&lt;br/&gt;Hydrogenated amorphous silicon is an important electronic material heavily used in thin film transistor applications (as for example in laptop displays), as a bolometric material for night vision devices, and is also one of the most important solar photovoltaic materials. On experimental grounds, the motion of H is known to determine key attributes of the material, and is associated with light-induced metastability (Staebler-Wronski effect). We have been able to accurately track the motion of hydrogen with suitably precise first principles simulations and realistic structural models. In collaboration with leading experimental groups, we will determine the dynamics of H and the atomistic origins of the light-induced metastability using state of the art first principles methods, both in the electronic ground state and in a simulated light-excited state. We will clarify current models of metastability with accurate results from atomistic&lt;br/&gt;simulation.&lt;br/&gt;&lt;br/&gt;Broader Impact&lt;br/&gt;&lt;br/&gt;The broader impact of the fundamental research described above is to provide a microscopic understanding of an emerging computer memory device, and light-induced degradation of an important solar photovoltaic material. We will ensure the involvement of under-represented groups in the United States (for example, two current students are African, and our most recent graduate is African). Education of graduate students, undergraduates and post-docs will continue to be a top priority for this research program.&lt;br/&gt;International collaboration with researchers from Britain, Spain and Japan is anticipated.</AbstractNarration>
    <MinAmdLetterDate>08/15/2006</MinAmdLetterDate>
    <MaxAmdLetterDate>11/04/2008</MaxAmdLetterDate>
    <ARRAAmount/>
    <AwardID>0600073</AwardID>
    <Investigator>
      <FirstName>David</FirstName>
      <LastName>Drabold</LastName>
      <EmailAddress>drabold@ohiou.edu</EmailAddress>
      <StartDate>08/15/2006</StartDate>
      <EndDate/>
      <RoleCode>Principal Investigator</RoleCode>
    </Investigator>
    <Institution>
      <Name>Ohio University</Name>
      <CityName>ATHENS</CityName>
      <ZipCode>457012979</ZipCode>
      <PhoneNumber>7405932857</PhoneNumber>
      <StreetAddress>108 CUTLER HL</StreetAddress>
      <CountryName>United States</CountryName>
      <StateName>Ohio</StateName>
      <StateCode>OH</StateCode>
    </Institution>
    <FoaInformation>
      <Code>0106000</Code>
      <Name>Materials Research</Name>
    </FoaInformation>
  </Award>
</rootTag>
