<?xml version="1.0" encoding="UTF-8"?>

<rootTag>
  <Award>
    <AwardTitle>Conference on Asymptotic Analysis in Stochastic Processes, Nonparametric Estimation, and Related Problems</AwardTitle>
    <AwardEffectiveDate>06/15/2006</AwardEffectiveDate>
    <AwardExpirationDate>05/31/2008</AwardExpirationDate>
    <AwardAmount>16000</AwardAmount>
    <AwardInstrument>
      <Value>Standard Grant</Value>
    </AwardInstrument>
    <Organization>
      <Code>03040200</Code>
      <Directorate>
        <LongName>Direct For Mathematical &amp; Physical Scien</LongName>
      </Directorate>
      <Division>
        <LongName>Division Of Mathematical Sciences</LongName>
      </Division>
    </Organization>
    <ProgramOfficer>
      <SignBlockName>Tomek Bartoszynski</SignBlockName>
    </ProgramOfficer>
    <AbstractNarration>This is a proposal on conference for asymptotic analysis in stochastic processes, nonparametric estimation, and related fields. The proposal presents a concerted effort of researchers from multiple institutions to assemble an impressive list of invited speakers, who are renowned leaders in the fields of probability theory, stochastic processes, stochastic differential equations,&lt;br/&gt;as well as in the nonparametric estimation theory, and related fields. Their works have stimulated much of subsequent progress in these fields. In addition,&lt;br/&gt;a number of invited speakers were early developers of the fields of probability and stochastic processes, establishing the foundation of contemporary probability theory. The conference focuses on stochastic systems. The main theme is asymptotic stochastic analysis, which is a powerful tool for studying stochastic processes and nonparametric estimation problems. Leading experts around the globe will present state-of-the-art results on such topics as stochastic ordinary and partial differential equations, large deviations, homogenization, asymptotic methods in nonparametric inference, the interplay between stochastic differential equations and nonlinear partial differential equations, and stochastic control and numerical methods. Not only will the conference further our understanding in stochastic processes and nonparametric methods, but also it will be a trend setting event, leading to an acceleration of research efforts, and making broader impacts on mathematics, education, and different branches of science and engineering as a whole.&lt;br/&gt;&lt;br/&gt;In the new era of global economy, any scientific innovation will add to &lt;br/&gt;the national competitiveness. The asymptotic analysis in stochastic processes&lt;br/&gt;and nonparametric estimation extends in many areas of human endeavor, and it is a very powerful mathematical tool for solving many complex problems arising from engineering and sciences. In recent years, research in these areas has witnessed a tremendous progress, which has resulted in a significant impact on mathematics, physical, social and biological sciences, as well as on engineering and technology. The rapid progress has necessitated fast and timely communications among researchers in the field. The proposal aims at bring leading experts in the areas together to exchange ideas, to interact with young researchers, and to update the most recent progress. The proposal presents a concerted effort by researchers from multiple institutions to assemble an impressive list of invited speakers, who are renowned leaders in the fields of probability theory, stochastic processes, stochastic differential equations,&lt;br/&gt;as well as in the nonparametric estimation theory, and related fields. Their important scientific contributions have stimulated much of subsequent progress in these fields. In addition, a number of invited speakers were early developers of the fields of probability and stochastic processes, establishing the mathematical foundation of contemporary probability theory and its applications.&lt;br/&gt;Special emphasis will be given to encourage broad participation, which is important to the diversification of the research community. The organizing committee will make every effort to promote the participation of junior researchers, graduate students, and researchers from under-represented groups.&lt;br/&gt;Not only will the conference further our understanding in stochastic processes and nonparametric statistical methods, but also it will be a trend-setting event, leading to an acceleration of research efforts, and making broader impacts on mathematics and applications, education, and different branches of science and engineering as a whole.</AbstractNarration>
    <MinAmdLetterDate>06/16/2006</MinAmdLetterDate>
    <MaxAmdLetterDate>06/16/2006</MaxAmdLetterDate>
    <ARRAAmount/>
    <AwardID>0600537</AwardID>
    <Investigator>
      <FirstName>Pao Liu</FirstName>
      <LastName>Chow</LastName>
      <EmailAddress>plchow@math.wayne.edu</EmailAddress>
      <StartDate>06/16/2006</StartDate>
      <EndDate/>
      <RoleCode>Principal Investigator</RoleCode>
    </Investigator>
    <Investigator>
      <FirstName>Gang George</FirstName>
      <LastName>Yin</LastName>
      <EmailAddress>gyin@math.wayne.edu</EmailAddress>
      <StartDate>06/16/2006</StartDate>
      <EndDate/>
      <RoleCode>Co-Principal Investigator</RoleCode>
    </Investigator>
    <Investigator>
      <FirstName>Boris</FirstName>
      <LastName>Mordukhovich</LastName>
      <EmailAddress>boris@math.wayne.edu</EmailAddress>
      <StartDate>06/16/2006</StartDate>
      <EndDate/>
      <RoleCode>Co-Principal Investigator</RoleCode>
    </Investigator>
    <Institution>
      <Name>Wayne State University</Name>
      <CityName>Detroit</CityName>
      <ZipCode>482023622</ZipCode>
      <PhoneNumber>3135772424</PhoneNumber>
      <StreetAddress>5057 Woodward</StreetAddress>
      <CountryName>United States</CountryName>
      <StateName>Michigan</StateName>
      <StateCode>MI</StateCode>
    </Institution>
    <FoaInformation>
      <Code>0000099</Code>
      <Name>Other Applications NEC</Name>
    </FoaInformation>
  </Award>
</rootTag>
