<?xml version="1.0" encoding="UTF-8"?>

<rootTag>
  <Award>
    <AwardTitle>Modeling-Based Control of Electrospinning Process</AwardTitle>
    <AwardEffectiveDate>07/15/2006</AwardEffectiveDate>
    <AwardExpirationDate>06/30/2010</AwardExpirationDate>
    <AwardAmount>275000</AwardAmount>
    <AwardInstrument>
      <Value>Standard Grant</Value>
    </AwardInstrument>
    <Organization>
      <Code>07030000</Code>
      <Directorate>
        <LongName>Directorate For Engineering</LongName>
      </Directorate>
      <Division>
        <LongName>Div Of Civil, Mechanical, &amp; Manufact Inn</LongName>
      </Division>
    </Organization>
    <ProgramOfficer>
      <SignBlockName>Charalabos C. Doumanidis</SignBlockName>
    </ProgramOfficer>
    <AbstractNarration>This grant provides funding for further analysis and development of methods of control of electrospinning process. The emphasis of this research will be on controlled fabrication of nanofiber assemblies with desired structure and properties, in conjunction with high-rate nanomanufacturing processes. Fundamental studies of jet interactions in the multiple-jet nanomanufacturing systems will be conducted experimentally. Based on this analysis, numerical models of the multiple-jet processes will be developed and validated. The models and experimental results will be used to develop better electromechanical methods of process control and nanofiber deposition. This GOALI project will be conducted in collaboration with a major manufacturer. &lt;br/&gt;&lt;br/&gt;If successful, the results of this research will lead to improvements in the methods of fabrication of continuous nanofibers and process control. Development of sophisticated, coupled models resting on a wealth of new measurements utilizing contemporary experimental methods will further improve our fundamental understanding of the electrospinning process. Controlled high-rate nanomanufacturing that is addressed in this project for the first time will critically impact industrial processes at the existing and emerging companies in many industries, including chemical, filtration, biomedical, textile, composites, optoelectronics, energy, and other industries, and may lead to the development of entirely new industries.</AbstractNarration>
    <MinAmdLetterDate>07/26/2006</MinAmdLetterDate>
    <MaxAmdLetterDate>07/26/2006</MaxAmdLetterDate>
    <ARRAAmount/>
    <AwardID>0600733</AwardID>
    <Investigator>
      <FirstName>Yuris</FirstName>
      <LastName>Dzenis</LastName>
      <EmailAddress>ydzenis1@unl.edu</EmailAddress>
      <StartDate>07/26/2006</StartDate>
      <EndDate/>
      <RoleCode>Principal Investigator</RoleCode>
    </Investigator>
    <Investigator>
      <FirstName>Dmitry</FirstName>
      <LastName>Luzhansky</LastName>
      <EmailAddress>dmitryl@corptech.donaldson.com</EmailAddress>
      <StartDate>07/26/2006</StartDate>
      <EndDate/>
      <RoleCode>Co-Principal Investigator</RoleCode>
    </Investigator>
    <Investigator>
      <FirstName>H. Young</FirstName>
      <LastName>Chung</LastName>
      <EmailAddress>hychung@CORPTECH.Donaldson.com</EmailAddress>
      <StartDate>07/26/2006</StartDate>
      <EndDate/>
      <RoleCode>Co-Principal Investigator</RoleCode>
    </Investigator>
    <Investigator>
      <FirstName>Darrell</FirstName>
      <LastName>Reneker</LastName>
      <EmailAddress>reneker@uakron.edu</EmailAddress>
      <StartDate>07/26/2006</StartDate>
      <EndDate/>
      <RoleCode>Co-Principal Investigator</RoleCode>
    </Investigator>
    <Institution>
      <Name>University of Nebraska-Lincoln</Name>
      <CityName>Lincoln</CityName>
      <ZipCode>685031435</ZipCode>
      <PhoneNumber>4024723171</PhoneNumber>
      <StreetAddress>151 Prem S. Paul Research Center</StreetAddress>
      <CountryName>United States</CountryName>
      <StateName>Nebraska</StateName>
      <StateCode>NE</StateCode>
    </Institution>
    <FoaInformation>
      <Code>0308000</Code>
      <Name>Industrial Technology</Name>
    </FoaInformation>
    <ProgramElement>
      <Code>1788</Code>
      <Text>NANOMANUFACTURING</Text>
    </ProgramElement>
    <ProgramReference>
      <Code>084E</Code>
      <Text>NANOMANUFACTURING</Text>
    </ProgramReference>
    <ProgramReference>
      <Code>1504</Code>
      <Text>GRANT OPP FOR ACAD LIA W/INDUS</Text>
    </ProgramReference>
    <ProgramReference>
      <Code>9146</Code>
      <Text>MANUFACTURING BASE RESEARCH</Text>
    </ProgramReference>
    <ProgramReference>
      <Code>9150</Code>
      <Text>EXP PROG TO STIM COMP RES</Text>
    </ProgramReference>
    <ProgramReference>
      <Code>MANU</Code>
      <Text>MANUFACTURING</Text>
    </ProgramReference>
  </Award>
</rootTag>
