<?xml version="1.0" encoding="UTF-8"?>

<rootTag>
  <Award>
    <AwardTitle>Haptic playback: A new approach to teaching of sensorimotor skills</AwardTitle>
    <AwardEffectiveDate>09/01/2006</AwardEffectiveDate>
    <AwardExpirationDate>08/31/2010</AwardExpirationDate>
    <AwardAmount>245000</AwardAmount>
    <AwardInstrument>
      <Value>Continuing grant</Value>
    </AwardInstrument>
    <Organization>
      <Code>07030000</Code>
      <Directorate>
        <LongName>Directorate For Engineering</LongName>
      </Directorate>
      <Division>
        <LongName>Div Of Civil, Mechanical, &amp; Manufact Inn</LongName>
      </Division>
    </Organization>
    <ProgramOfficer>
      <SignBlockName>Eduardo A. Misawa</SignBlockName>
    </ProgramOfficer>
    <AbstractNarration>This proposal aims to further the understanding and applications of haptic playback, a paradigm for displaying both position and force data streams to the user, one through a haptic device and the other through a visual display. Both these data streams are crucial for sensorimotor skill acquisition. The PI will conduct user studies to develop a new model of a user during haptic playback to account for spatial tasks and adaptive mechanisms that humans use during haptic interaction. The model will be used to develop provably correct control schemes for implementing haptic playback. Furthermore, metrics will be identified to quantify the success of the training and propose controllers that improve these metrics. The PI will also explore how haptic playback can be used to supplement existing methods for soft tissue simulation by displaying force and position data recorded during interaction with real tissue. The PI will subsequently use these findings to develop a dental simulator for collaborative classroom use and a simulator to teach evaluation of jugular lymph nodes to medical professionals.&lt;br/&gt;&lt;br/&gt;Haptic playback will have an impact in areas such as rehabilitation, where a patient is trying to learn a sensorimotor skill that has been affected by a disease or an injury, sports training, where an athlete is trying to learn the most efficient motion, or remote surgery, where medical services can be provided to rural communities. The ability to replace costly and complex virtual reality models with pre-recorded data could drastically shorten the time needed to develop such applications.</AbstractNarration>
    <MinAmdLetterDate>08/31/2006</MinAmdLetterDate>
    <MaxAmdLetterDate>05/13/2008</MaxAmdLetterDate>
    <ARRAAmount/>
    <AwardID>0600658</AwardID>
    <Investigator>
      <FirstName>Milos</FirstName>
      <LastName>Zefran</LastName>
      <EmailAddress>mzefran@uic.edu</EmailAddress>
      <StartDate>08/31/2006</StartDate>
      <EndDate/>
      <RoleCode>Principal Investigator</RoleCode>
    </Investigator>
    <Institution>
      <Name>University of Illinois at Chicago</Name>
      <CityName>Chicago</CityName>
      <ZipCode>606124305</ZipCode>
      <PhoneNumber>3129962862</PhoneNumber>
      <StreetAddress>809 S MARSHFIELD</StreetAddress>
      <CountryName>United States</CountryName>
      <StateName>Illinois</StateName>
      <StateCode>IL</StateCode>
    </Institution>
    <FoaInformation>
      <Code>0116000</Code>
      <Name>Human Subjects</Name>
    </FoaInformation>
    <ProgramElement>
      <Code>1632</Code>
      <Text>CONTROL SYSTEMS</Text>
    </ProgramElement>
    <ProgramElement>
      <Code>7367</Code>
      <Text>Cyber-Human Systems (CHS)</Text>
    </ProgramElement>
    <ProgramElement>
      <Code>7607</Code>
      <Text>ENERGY,POWER,ADAPTIVE SYS</Text>
    </ProgramElement>
    <ProgramReference>
      <Code>0000</Code>
      <Text>UNASSIGNED</Text>
    </ProgramReference>
    <ProgramReference>
      <Code>034E</Code>
      <Text>Dynamical systems</Text>
    </ProgramReference>
    <ProgramReference>
      <Code>OTHR</Code>
      <Text>OTHER RESEARCH OR EDUCATION</Text>
    </ProgramReference>
  </Award>
</rootTag>
