<?xml version="1.0" encoding="UTF-8"?>

<rootTag>
  <Award>
    <AwardTitle>Using Graphical Processing Units for Enhancement of Metrology Systems</AwardTitle>
    <AwardEffectiveDate>10/05/2005</AwardEffectiveDate>
    <AwardExpirationDate>06/30/2010</AwardExpirationDate>
    <AwardAmount>300292</AwardAmount>
    <AwardInstrument>
      <Value>Standard Grant</Value>
    </AwardInstrument>
    <Organization>
      <Code>07030000</Code>
      <Directorate>
        <LongName>Directorate For Engineering</LongName>
      </Directorate>
      <Division>
        <LongName>Div Of Civil, Mechanical, &amp; Manufact Inn</LongName>
      </Division>
    </Organization>
    <ProgramOfficer>
      <SignBlockName>George A. Hazelrigg</SignBlockName>
    </ProgramOfficer>
    <AbstractNarration>The objective of this research is to understand how to process large quantities of data being generated by high density, high speed sensor-intense inspection systems. The approach to accomplish this objective is to formulate a new fundamental understanding of computational metrology, as it relates to the computational geometry techniques used in accelerated computer graphics. This formulation will ultimately be realized on graphical processor units that are incorporated into most computer video cards. Graphically intensive computer applications such as games have driven a significant increase in the capabilities of these cards, and made them readily available on most computer systems. The newly reformulated metrology algorithms will operate orders of magnitude faster on these systems.&lt;br/&gt;&lt;br/&gt;If successful, the benefits of this research will include improved inspection and quality control capabilities for a wide variety of manufacturers. Manufacturers that will benefit the most are those whose product is high precision and high volume. In particular, firms targeting the micro and nano manufacturing sectors will be able to efficiently and cost effectively monitor and improve their processes and products. Such an increase in quality control will ultimately yield a stronger and more competitive position for manufacturers in the United States, in a variety of sectors including the emerging areas of MEMS, micro and nano-systems.</AbstractNarration>
    <MinAmdLetterDate>10/27/2005</MinAmdLetterDate>
    <MaxAmdLetterDate>10/27/2005</MaxAmdLetterDate>
    <ARRAAmount/>
    <AwardID>0600902</AwardID>
    <Investigator>
      <FirstName>Thomas</FirstName>
      <LastName>Kurfess</LastName>
      <EmailAddress>kurfess@gatech.edu</EmailAddress>
      <StartDate>10/27/2005</StartDate>
      <EndDate/>
      <RoleCode>Principal Investigator</RoleCode>
    </Investigator>
    <Institution>
      <Name>Clemson University</Name>
      <CityName>CLEMSON</CityName>
      <ZipCode>296340001</ZipCode>
      <PhoneNumber>8646562424</PhoneNumber>
      <StreetAddress>230 Kappa Street</StreetAddress>
      <CountryName>United States</CountryName>
      <StateName>South Carolina</StateName>
      <StateCode>SC</StateCode>
    </Institution>
    <ProgramElement>
      <Code>1468</Code>
      <Text>Manufacturing Machines &amp; Equip</Text>
    </ProgramElement>
    <ProgramReference>
      <Code>7234</Code>
      <Text>SENSORS NON-SOLICITATION RESEA</Text>
    </ProgramReference>
    <ProgramReference>
      <Code>9146</Code>
      <Text>MANUFACTURING BASE RESEARCH</Text>
    </ProgramReference>
    <ProgramReference>
      <Code>MANU</Code>
      <Text>MANUFACTURING</Text>
    </ProgramReference>
    <ProgramReference>
      <Code>1468</Code>
      <Text>MANUFACTURING &amp; CONST MACH EQP</Text>
    </ProgramReference>
  </Award>
</rootTag>
