<?xml version="1.0" encoding="UTF-8"?>

<rootTag>
  <Award>
    <AwardTitle>15th United States National Congress of Theorectical and Applied Mechanics</AwardTitle>
    <AwardEffectiveDate>04/01/2006</AwardEffectiveDate>
    <AwardExpirationDate>09/30/2007</AwardExpirationDate>
    <AwardAmount>13000</AwardAmount>
    <AwardInstrument>
      <Value>Standard Grant</Value>
    </AwardInstrument>
    <Organization>
      <Code>07030000</Code>
      <Directorate>
        <LongName>Directorate For Engineering</LongName>
      </Directorate>
      <Division>
        <LongName>Div Of Civil, Mechanical, &amp; Manufact Inn</LongName>
      </Division>
    </Organization>
    <ProgramOfficer>
      <SignBlockName>Ken Chong</SignBlockName>
    </ProgramOfficer>
    <AbstractNarration>15th U.S. National Congress of Theoretical and Applied Mechanics&lt;br/&gt;&lt;br/&gt;ABSTRACT&lt;br/&gt;&lt;br/&gt;This project contributes to a highly successful 15th U.S. National Congress of Theoretical and Applied Mechanics during 25-30 June 2006 at the University of Colorado, Boulder. Support provided goes to cover essential operating expenses and travel/lodging costs for graduate students and post-docs. The U.S. National Congress of TAM is the forum where the finest mechanics researchers in America present their best work. The Congress involves a thousand papers on biomechanics, continuum mechanics, devices &amp; sensors, fluid mechanics, inverse &amp; probabilistic methods, materials, and solid/structural mechanics. Among the broad impacts of the Congress is the further development of technologies that require advances in fluid and solid mechanics, such as biomedical devices, nano-scale engineering, and energy conservation &amp; production. The visibility of the Congress, coupled with the financial support for young researchers, yields another impact of the Congress: to help build the mechanics workforce of the future.</AbstractNarration>
    <MinAmdLetterDate>03/10/2006</MinAmdLetterDate>
    <MaxAmdLetterDate>11/02/2006</MaxAmdLetterDate>
    <ARRAAmount/>
    <AwardID>0600729</AwardID>
    <Investigator>
      <FirstName>Stein</FirstName>
      <LastName>Sture</LastName>
      <EmailAddress>stein.sture@colorado.edu</EmailAddress>
      <StartDate>03/10/2006</StartDate>
      <EndDate/>
      <RoleCode>Co-Principal Investigator</RoleCode>
    </Investigator>
    <Investigator>
      <FirstName>Thomas</FirstName>
      <LastName>Geers</LastName>
      <EmailAddress>geers@spot.colorado.edu</EmailAddress>
      <StartDate>03/10/2006</StartDate>
      <EndDate/>
      <RoleCode>Principal Investigator</RoleCode>
    </Investigator>
    <Institution>
      <Name>University of Colorado at Boulder</Name>
      <CityName>Boulder</CityName>
      <ZipCode>803031058</ZipCode>
      <PhoneNumber>3034926221</PhoneNumber>
      <StreetAddress>3100 Marine Street, Room 481</StreetAddress>
      <CountryName>United States</CountryName>
      <StateName>Colorado</StateName>
      <StateCode>CO</StateCode>
    </Institution>
    <ProgramElement>
      <Code>1630</Code>
      <Text>Mechanics of Materials and Str</Text>
    </ProgramElement>
    <ProgramReference>
      <Code>022E</Code>
      <Text>SOLID MECHANICS</Text>
    </ProgramReference>
    <ProgramReference>
      <Code>9161</Code>
      <Text>SINGLE DIVISION/UNIVERSITY</Text>
    </ProgramReference>
    <ProgramReference>
      <Code>AMPP</Code>
      <Text>ADVANCED MATERIALS &amp; PROCESSING PROGRAM</Text>
    </ProgramReference>
  </Award>
</rootTag>
