<?xml version="1.0" encoding="UTF-8"?>

<rootTag>
  <Award>
    <AwardTitle>RUI: Norfolk State University's Nuclear and Particle Physics Research Participation at Jefferson Lab</AwardTitle>
    <AwardEffectiveDate>07/01/2006</AwardEffectiveDate>
    <AwardExpirationDate>06/30/2009</AwardExpirationDate>
    <AwardAmount>208454</AwardAmount>
    <AwardInstrument>
      <Value>Continuing grant</Value>
    </AwardInstrument>
    <Organization>
      <Code>03010600</Code>
      <Directorate>
        <LongName>Direct For Mathematical &amp; Physical Scien</LongName>
      </Directorate>
      <Division>
        <LongName>Division Of Physics</LongName>
      </Division>
    </Organization>
    <ProgramOfficer>
      <SignBlockName>Bradley D. Keister</SignBlockName>
    </ProgramOfficer>
    <AbstractNarration>This research involves experimental studies on the structure of mesons at&lt;br/&gt;Jefferson Lab. Our goal is a better understanding of the strong&lt;br/&gt;interactions among quarks. The program provides an excellent&lt;br/&gt;opportunity for minority undergraduate students to be involve in nuclear&lt;br/&gt;and particle physics research</AbstractNarration>
    <MinAmdLetterDate>04/12/2006</MinAmdLetterDate>
    <MaxAmdLetterDate>04/22/2008</MaxAmdLetterDate>
    <ARRAAmount/>
    <AwardID>0600051</AwardID>
    <Investigator>
      <FirstName>Mahbub</FirstName>
      <LastName>Khandaker</LastName>
      <EmailAddress>mahbub@jlab.org</EmailAddress>
      <StartDate>04/12/2006</StartDate>
      <EndDate/>
      <RoleCode>Co-Principal Investigator</RoleCode>
    </Investigator>
    <Investigator>
      <FirstName>Carlos</FirstName>
      <LastName>Salgado</LastName>
      <EmailAddress>salgado@jlab.org</EmailAddress>
      <StartDate>04/12/2006</StartDate>
      <EndDate/>
      <RoleCode>Principal Investigator</RoleCode>
    </Investigator>
    <Institution>
      <Name>Norfolk State University</Name>
      <CityName>Norfolk</CityName>
      <ZipCode>235048060</ZipCode>
      <PhoneNumber>7578239053</PhoneNumber>
      <StreetAddress>700 Park Avenue</StreetAddress>
      <CountryName>United States</CountryName>
      <StateName>Virginia</StateName>
      <StateCode>VA</StateCode>
    </Institution>
    <FoaInformation>
      <Code>0000099</Code>
      <Name>Other Applications NEC</Name>
    </FoaInformation>
    <ProgramElement>
      <Code>1232</Code>
      <Text>Nuclear &amp; Hadron Quantum Chrom</Text>
    </ProgramElement>
    <ProgramReference>
      <Code>0000</Code>
      <Text>UNASSIGNED</Text>
    </ProgramReference>
    <ProgramReference>
      <Code>9229</Code>
      <Text>RES IN UNDERGRAD INST-RESEARCH</Text>
    </ProgramReference>
    <ProgramReference>
      <Code>OTHR</Code>
      <Text>OTHER RESEARCH OR EDUCATION</Text>
    </ProgramReference>
  </Award>
</rootTag>
