<?xml version="1.0" encoding="UTF-8"?>

<rootTag>
  <Award>
    <AwardTitle>Travel Support: International Conference on Industrial and Applied Mathematics</AwardTitle>
    <AwardEffectiveDate>12/01/2006</AwardEffectiveDate>
    <AwardExpirationDate>11/30/2007</AwardExpirationDate>
    <AwardAmount>97853</AwardAmount>
    <AwardInstrument>
      <Value>Standard Grant</Value>
    </AwardInstrument>
    <Organization>
      <Code>03040100</Code>
      <Directorate>
        <LongName>Direct For Mathematical &amp; Physical Scien</LongName>
      </Directorate>
      <Division>
        <LongName>Division Of Mathematical Sciences</LongName>
      </Division>
    </Organization>
    <ProgramOfficer>
      <SignBlockName>Dean M. Evasius</SignBlockName>
    </ProgramOfficer>
    <AbstractNarration>The Society for Industrial and Applied Mathematics (SIAM) will administer a travel grant program for approximately 70-80 U.S. mathematical and computational scientists, early career faculty, and graduate students to attend the International Conference on Industrial and Applied Mathematics (ICIAM 07), to be held on July 16-20, 2007 in Zurich, Switzerland. The travel awards will cover air transportation and lodging costs consistent with the rules and procedures of the National Science Foundation. It is estimated that the cost of round-trip airfare and 6 nights lodging and per diem will be approximately $2000 - $2400. An individual award of $1200 will partially cover these travel costs. Awards for graduate students and early career faculty with no source of funding will be allocated at $1500. The participation of U.S. mathematical and computational scientists in the ICIAM 07 scientific program is again expected to be strong.</AbstractNarration>
    <MinAmdLetterDate>11/29/2006</MinAmdLetterDate>
    <MaxAmdLetterDate>11/29/2006</MaxAmdLetterDate>
    <ARRAAmount/>
    <AwardID>0600108</AwardID>
    <Investigator>
      <FirstName>James</FirstName>
      <LastName>Crowley</LastName>
      <EmailAddress>crowley@siam.org</EmailAddress>
      <StartDate>11/29/2006</StartDate>
      <EndDate/>
      <RoleCode>Principal Investigator</RoleCode>
    </Investigator>
    <Institution>
      <Name>Society For Industrial and Applied Math (SIAM)</Name>
      <CityName>Philadelphia</CityName>
      <ZipCode>191042688</ZipCode>
      <PhoneNumber>2153829800</PhoneNumber>
      <StreetAddress>3600 Market St.</StreetAddress>
      <CountryName>United States</CountryName>
      <StateName>Pennsylvania</StateName>
      <StateCode>PA</StateCode>
    </Institution>
    <FoaInformation>
      <Code>0000099</Code>
      <Name>Other Applications NEC</Name>
    </FoaInformation>
    <ProgramElement>
      <Code>1260</Code>
      <Text>INFRASTRUCTURE PROGRAM</Text>
    </ProgramElement>
    <ProgramReference>
      <Code>0000</Code>
      <Text>UNASSIGNED</Text>
    </ProgramReference>
    <ProgramReference>
      <Code>7556</Code>
      <Text>CONFERENCE AND WORKSHOPS</Text>
    </ProgramReference>
    <ProgramReference>
      <Code>OTHR</Code>
      <Text>OTHER RESEARCH OR EDUCATION</Text>
    </ProgramReference>
  </Award>
</rootTag>
