<?xml version="1.0" encoding="UTF-8"?>

<rootTag>
  <Award>
    <AwardTitle>Multiscale Coarse-Grained Modeling with Experimental Verification of DNA-Carbon Nanotube Complexes</AwardTitle>
    <AwardEffectiveDate>08/15/2006</AwardEffectiveDate>
    <AwardExpirationDate>04/30/2008</AwardExpirationDate>
    <AwardAmount>249970</AwardAmount>
    <AwardInstrument>
      <Value>Standard Grant</Value>
    </AwardInstrument>
    <Organization>
      <Code>07030000</Code>
      <Directorate>
        <LongName>Directorate For Engineering</LongName>
      </Directorate>
      <Division>
        <LongName>Div Of Civil, Mechanical, &amp; Manufact Inn</LongName>
      </Division>
    </Organization>
    <ProgramOfficer>
      <SignBlockName>Clark V. Cooper</SignBlockName>
    </ProgramOfficer>
    <AbstractNarration>The goal of the proposed research is to uncover the underlying interaction mechanisms between carbon nanotubes (CNTs) and DNA molecules through an integrated experimental and modeling approach. DNA-CNT complexes, benefiting from both the unique electro-mechanical properties of CNTs and the specific molecular recognition capabilities of the immobilized single-stranded DNA, hold great promise for bio-molecular detection and gene delivery applications. Despite considerable prior experimental efforts, the DNA-CNT interface is still poorly understood, greatly limiting the reliability and the efficiency of such novel applications. The proposed research will significantly enhance our current knowledge of the DNA-CNT interface, and will pave the way toward the realization of high-sensitivity miniaturized DNA-CNT based biosensors. The complementary educational plan will greatly increase both the general public's awareness of nanotechnology-based biomedical applications and the participation of young investigators in the exciting field of nanobiotechnology.</AbstractNarration>
    <MinAmdLetterDate>08/29/2006</MinAmdLetterDate>
    <MaxAmdLetterDate>08/29/2006</MaxAmdLetterDate>
    <ARRAAmount/>
    <AwardID>0600661</AwardID>
    <Investigator>
      <FirstName>Matthew</FirstName>
      <LastName>Gordon</LastName>
      <EmailAddress>matthew.gordon@du.edu</EmailAddress>
      <StartDate>08/29/2006</StartDate>
      <EndDate/>
      <RoleCode>Co-Principal Investigator</RoleCode>
    </Investigator>
    <Investigator>
      <FirstName>Steve</FirstName>
      <LastName>Tung</LastName>
      <EmailAddress>chstung@uark.edu</EmailAddress>
      <StartDate>08/29/2006</StartDate>
      <EndDate/>
      <RoleCode>Co-Principal Investigator</RoleCode>
    </Investigator>
    <Investigator>
      <FirstName>Sulin</FirstName>
      <LastName>Zhang</LastName>
      <EmailAddress>suz10@psu.edu</EmailAddress>
      <StartDate>08/29/2006</StartDate>
      <EndDate/>
      <RoleCode>Principal Investigator</RoleCode>
    </Investigator>
    <Institution>
      <Name>University of Arkansas</Name>
      <CityName>FAYETTEVILLE</CityName>
      <ZipCode>727011201</ZipCode>
      <PhoneNumber>4795753845</PhoneNumber>
      <StreetAddress>210 Administration Building</StreetAddress>
      <CountryName>United States</CountryName>
      <StateName>Arkansas</StateName>
      <StateCode>AR</StateCode>
    </Institution>
    <ProgramElement>
      <Code>7479</Code>
      <Text>Biomechanics &amp; Mechanobiology</Text>
    </ProgramElement>
    <ProgramElement>
      <Code>9150</Code>
      <Text>EXP PROG TO STIM COMP RES</Text>
    </ProgramElement>
    <ProgramElement>
      <Code>1675</Code>
      <Text>NANOSCALE: SCIENCE &amp; ENGIN CTR</Text>
    </ProgramElement>
    <ProgramReference>
      <Code>027E</Code>
      <Text>NANOMECHANICS</Text>
    </ProgramReference>
    <ProgramReference>
      <Code>7237</Code>
      <Text>NANO NON-SOLIC SCI &amp; ENG AWD</Text>
    </ProgramReference>
    <ProgramReference>
      <Code>9161</Code>
      <Text>SINGLE DIVISION/UNIVERSITY</Text>
    </ProgramReference>
    <ProgramReference>
      <Code>AMPP</Code>
      <Text>ADVANCED MATERIALS &amp; PROCESSING PROGRAM</Text>
    </ProgramReference>
  </Award>
</rootTag>
