<?xml version="1.0" encoding="UTF-8"?>

<rootTag>
  <Award>
    <AwardTitle>Collaborative Research: Designing Distribution Centers for a Service Economy</AwardTitle>
    <AwardEffectiveDate>05/15/2006</AwardEffectiveDate>
    <AwardExpirationDate>04/30/2011</AwardExpirationDate>
    <AwardAmount>250797</AwardAmount>
    <AwardInstrument>
      <Value>Standard Grant</Value>
    </AwardInstrument>
    <Organization>
      <Code>07030000</Code>
      <Directorate>
        <LongName>Directorate For Engineering</LongName>
      </Directorate>
      <Division>
        <LongName>Div Of Civil, Mechanical, &amp; Manufact Inn</LongName>
      </Division>
    </Organization>
    <ProgramOfficer>
      <SignBlockName>Russell Barton</SignBlockName>
    </ProgramOfficer>
    <AbstractNarration>This research will investigate the design and operation of warehouses and distribution centers in the context of a service economy. Existing research(and practice) in this area is based on a number of design assumptions that are appropriate when attempting to minimize costs, but when one shifts the focus to maximizing service, these assumptions are no longer appropriate. This research focuses on two fundamental areas of inquiry. The first involves the design of aisles within an order picking area to reduce order response time. Proposed designs incorporate diagonal aisles, picking aisles with different orientations, and aisles with different widths. Each of these innovations can be shown to improve the responsiveness of an order picking system. The second area involves the performance of manual order picking in heavily congested systems, which are common with organizations that serve retail and direct-to-consumer markets.&lt;br/&gt;Integrating these two areas will lead to distribution center designs that are visibly different than those that exist today.&lt;br/&gt;&lt;br/&gt;As the U. S. economy shifts away from its manufacturing base, toward services and the distribution of products manufactured overseas, distribution centers will become a sort of "factory of the 21st century." By some estimates, there are already more than 500,000 distribution centers in North America alone, and more are added every month. Discoveries and innovations produced by this research will help practitioners design more productive and responsive facilities, which are designed from the start to satisfy the demanding customers of the service economy.</AbstractNarration>
    <MinAmdLetterDate>04/24/2006</MinAmdLetterDate>
    <MaxAmdLetterDate>06/21/2009</MaxAmdLetterDate>
    <ARRAAmount/>
    <AwardID>0600671</AwardID>
    <Investigator>
      <FirstName>Russell</FirstName>
      <LastName>Meller</LastName>
      <EmailAddress>rmeller@uark.edu</EmailAddress>
      <StartDate>04/24/2006</StartDate>
      <EndDate/>
      <RoleCode>Principal Investigator</RoleCode>
    </Investigator>
    <Institution>
      <Name>University of Arkansas</Name>
      <CityName>FAYETTEVILLE</CityName>
      <ZipCode>727011201</ZipCode>
      <PhoneNumber>4795753845</PhoneNumber>
      <StreetAddress>210 Administration Building</StreetAddress>
      <CountryName>United States</CountryName>
      <StateName>Arkansas</StateName>
      <StateCode>AR</StateCode>
    </Institution>
    <FoaInformation>
      <Code>0308000</Code>
      <Name>Industrial Technology</Name>
    </FoaInformation>
    <ProgramElement>
      <Code>1787</Code>
      <Text>SERVICE ENTERPRISE SYSTEMS</Text>
    </ProgramElement>
    <ProgramReference>
      <Code>076E</Code>
      <Text>SERVICE ENTERPRISE SYSTEMS</Text>
    </ProgramReference>
    <ProgramReference>
      <Code>9146</Code>
      <Text>MANUFACTURING BASE RESEARCH</Text>
    </ProgramReference>
    <ProgramReference>
      <Code>9147</Code>
      <Text>GENERIC TECHNOL FOR MANUFACTURING CELLS</Text>
    </ProgramReference>
    <ProgramReference>
      <Code>9150</Code>
      <Text>EXP PROG TO STIM COMP RES</Text>
    </ProgramReference>
    <ProgramReference>
      <Code>MANU</Code>
      <Text>MANUFACTURING</Text>
    </ProgramReference>
    <ProgramReference>
      <Code>116E</Code>
      <Text>RESEARCH EXP FOR UNDERGRADS</Text>
    </ProgramReference>
    <ProgramReference>
      <Code>9178</Code>
      <Text>UNDERGRADUATE EDUCATION</Text>
    </ProgramReference>
    <ProgramReference>
      <Code>9251</Code>
      <Text>RES EXPER FOR UNDERGRAD-SUPPLT</Text>
    </ProgramReference>
    <ProgramReference>
      <Code>9231</Code>
      <Text>SUPPL FOR UNDERGRAD RES ASSIST</Text>
    </ProgramReference>
  </Award>
</rootTag>
