<?xml version="1.0" encoding="UTF-8"?>

<rootTag>
  <Award>
    <AwardTitle>p-adic and mod p Galois Representations, and Generalized Breuil-Mezard Conjectures</AwardTitle>
    <AwardEffectiveDate>09/01/2006</AwardEffectiveDate>
    <AwardExpirationDate>08/31/2009</AwardExpirationDate>
    <AwardAmount>96675</AwardAmount>
    <AwardInstrument>
      <Value>Standard Grant</Value>
    </AwardInstrument>
    <Organization>
      <Code>03040200</Code>
      <Directorate>
        <LongName>Direct For Mathematical &amp; Physical Scien</LongName>
      </Directorate>
      <Division>
        <LongName>Division Of Mathematical Sciences</LongName>
      </Division>
    </Organization>
    <ProgramOfficer>
      <SignBlockName>Tomek Bartoszynski</SignBlockName>
    </ProgramOfficer>
    <AbstractNarration>The relationship between p-adic Galois representations and their reductions modulo p has been central to number theory in recent years. For instance, the method pioneered by Wiles to prove that every elliptic curve defined over the rational numbers arises from a modular form -- and hence to prove Fermat's Last Theorem -- relies crucially on the study of certain deformation spaces of p-adic Galois representations with specified reduction modulo p. For representations of the absolute Galois group of the p-adic numbers, a conjecture of Breuil and Mezard -- now a theorem in many cases, due to Breuil and Mezard, to the PI, and to Kisin -- predicts the structure of these deformation spaces. The PI proposes to study generalizations of the Breuil-Mezard conjecture to finite extensions of the p-adics. The investigator further proposes to determine the reduction modulo p of certain specific classes of p-adic representations. Each case in which a generalized Breuil-Mezard conjecture is proved should yield a modularity theorem, by a method of Kisin. In many cases this work will yield other information of arithmetic interest, such as the shape of &lt;br/&gt;the mod p representation attached to a modular form.&lt;br/&gt;&lt;br/&gt;The PI's research is in number theory, one of the oldest branches of &lt;br/&gt;mathematics. At heart, number theory is the study of whole number solutions to &lt;br/&gt;equations, although sophisticated modern techniques can sometimes give the &lt;br/&gt;appearance of being far-removed from this goal. In recent decades, number &lt;br/&gt;theory has had revolutionary applications to the fields of cryptography &lt;br/&gt;(creating codes) and cryptanalysis (breaking codes). For instance, the &lt;br/&gt;communications of many cellular telephones are protected by a cryptosystem based &lt;br/&gt;on elliptic curves, one of the primary objects of study in the PI's field. The &lt;br/&gt;PI is deputy director of Canada/USA Mathcamp, a summer program for &lt;br/&gt;mathematically talented high school students, and believes it is essential that &lt;br/&gt;there be research-active mathematicians participating in such endeavors.</AbstractNarration>
    <MinAmdLetterDate>04/03/2006</MinAmdLetterDate>
    <MaxAmdLetterDate>06/29/2007</MaxAmdLetterDate>
    <ARRAAmount/>
    <AwardID>0600871</AwardID>
    <Investigator>
      <FirstName>David</FirstName>
      <LastName>Savitt</LastName>
      <EmailAddress>savitt@gmail.com</EmailAddress>
      <StartDate>04/03/2006</StartDate>
      <EndDate/>
      <RoleCode>Principal Investigator</RoleCode>
    </Investigator>
    <Institution>
      <Name>University of Arizona</Name>
      <CityName>Tucson</CityName>
      <ZipCode>857194824</ZipCode>
      <PhoneNumber>5206266000</PhoneNumber>
      <StreetAddress>888 N Euclid Ave</StreetAddress>
      <CountryName>United States</CountryName>
      <StateName>Arizona</StateName>
      <StateCode>AZ</StateCode>
    </Institution>
    <FoaInformation>
      <Code>0000099</Code>
      <Name>Other Applications NEC</Name>
    </FoaInformation>
    <ProgramElement>
      <Code>1264</Code>
      <Text>ALGEBRA,NUMBER THEORY,AND COM</Text>
    </ProgramElement>
    <ProgramReference>
      <Code>0000</Code>
      <Text>UNASSIGNED</Text>
    </ProgramReference>
    <ProgramReference>
      <Code>OTHR</Code>
      <Text>OTHER RESEARCH OR EDUCATION</Text>
    </ProgramReference>
    <ProgramReference>
      <Code>9251</Code>
      <Text>RES EXPER FOR UNDERGRAD-SUPPLT</Text>
    </ProgramReference>
  </Award>
</rootTag>
