<?xml version="1.0" encoding="UTF-8"?>

<rootTag>
  <Award>
    <AwardTitle>Free Boundary Problems with Surface Tension</AwardTitle>
    <AwardEffectiveDate>07/15/2006</AwardEffectiveDate>
    <AwardExpirationDate>06/30/2010</AwardExpirationDate>
    <AwardAmount>135712</AwardAmount>
    <AwardInstrument>
      <Value>Standard Grant</Value>
    </AwardInstrument>
    <Organization>
      <Code>03040000</Code>
      <Directorate>
        <LongName>Direct For Mathematical &amp; Physical Scien</LongName>
      </Directorate>
      <Division>
        <LongName>Division Of Mathematical Sciences</LongName>
      </Division>
    </Organization>
    <ProgramOfficer>
      <SignBlockName>Kevin Clancey</SignBlockName>
    </ProgramOfficer>
    <AbstractNarration>Free Boundary Problems with Surface Tension.&lt;br/&gt;&lt;br/&gt;Abstract of Proposed Research&lt;br/&gt;Gerri Simonett &lt;br/&gt;&lt;br/&gt;Over the last decades, the subject of free boundary problems has attracted increasing attention because of its theoretical interest, and because of its numerous applications in the natural and engineering sciences. Free boundary problems are important in many fields such as material sciences, fluid mechanics, hydrodynamics, thermo-mechanics, magneto-dynamics, solid state physics, geology, chemistry, and the biological and medical sciences. The appropriate numerical and analytical treatment is a major challenge, both to the engineer and to the mathematician. Typically, a free boundary problem consists of one or more partial differential equations which have to be solved in a domain that is a priori unknown and that has to be determined as part of the problem. Free boundary problems are in general harder to solve, both analytically and numerically, than the underlying differential equations would be in a prescribed domain. They have an inherent nonlinear structure, as two separate solutions cannot be superposed. &lt;br/&gt;&lt;br/&gt;In this project, the PI proposes a systematic investigation of various free boundary problems with moving contact lines in the presence of surface tension. Moving contact lines occur in many situations, for example in processes such as the coating of solid surfaces by a viscous fluid, spin coating of micro chips, the displacement of one fluid by another fluid along a solid boundary, the spreading of drops on solid surfaces, the motion of a fluid (or a fluid-liquid system) in a container where the free surface is in contact with the wall of the container. The modeling and characterization of contact line motion is one of the major unsolved problems of capillary theory.</AbstractNarration>
    <MinAmdLetterDate>07/13/2006</MinAmdLetterDate>
    <MaxAmdLetterDate>07/13/2006</MaxAmdLetterDate>
    <ARRAAmount/>
    <AwardID>0600870</AwardID>
    <Investigator>
      <FirstName>Gieri</FirstName>
      <LastName>Simonett</LastName>
      <EmailAddress>gieri.simonett@vanderbilt.edu</EmailAddress>
      <StartDate>07/13/2006</StartDate>
      <EndDate/>
      <RoleCode>Principal Investigator</RoleCode>
    </Investigator>
    <Institution>
      <Name>Vanderbilt University</Name>
      <CityName>Nashville</CityName>
      <ZipCode>372350002</ZipCode>
      <PhoneNumber>6153222631</PhoneNumber>
      <StreetAddress>Sponsored Programs Administratio</StreetAddress>
      <CountryName>United States</CountryName>
      <StateName>Tennessee</StateName>
      <StateCode>TN</StateCode>
    </Institution>
    <FoaInformation>
      <Code>0000099</Code>
      <Name>Other Applications NEC</Name>
    </FoaInformation>
    <ProgramElement>
      <Code>1281</Code>
      <Text>ANALYSIS PROGRAM</Text>
    </ProgramElement>
    <ProgramReference>
      <Code>0000</Code>
      <Text>UNASSIGNED</Text>
    </ProgramReference>
    <ProgramReference>
      <Code>9150</Code>
      <Text>EXP PROG TO STIM COMP RES</Text>
    </ProgramReference>
    <ProgramReference>
      <Code>OTHR</Code>
      <Text>OTHER RESEARCH OR EDUCATION</Text>
    </ProgramReference>
  </Award>
</rootTag>
