<?xml version="1.0" encoding="UTF-8"?>

<rootTag>
  <Award>
    <AwardTitle>Surface Plasmon-Assisted Nanolithography</AwardTitle>
    <AwardEffectiveDate>09/15/2006</AwardEffectiveDate>
    <AwardExpirationDate>01/31/2011</AwardExpirationDate>
    <AwardAmount>274000</AwardAmount>
    <AwardInstrument>
      <Value>Standard Grant</Value>
    </AwardInstrument>
    <Organization>
      <Code>07030000</Code>
      <Directorate>
        <LongName>Directorate For Engineering</LongName>
      </Directorate>
      <Division>
        <LongName>Div Of Civil, Mechanical, &amp; Manufact Inn</LongName>
      </Division>
    </Organization>
    <ProgramOfficer>
      <SignBlockName>Charalabos C. Doumanidis</SignBlockName>
    </ProgramOfficer>
    <AbstractNarration>The objective of this project, to be conducted at the University of Texas at Austin, is to develop a new nano-fabrication technique, Surface Plasmons-Assisted Nanolithography (SPAN), to manufacture sub-50 nm structures in a massively parallel fashion. The PI will conduct comprehensive investigations by a combination of experiments and theoretical simulation to obtain a fundamental understanding of enhanced optical transmission through nano-slits and photoresist. Optimal design of the SPAN process using different mask materials, photoresists, and coating on the substrate will be carried out aiming to address the underlying necessities for predictability, producibility, and productivity using SPAN. The proposed research requires the unique combination of nano-photonics and nanomanufacturing. &lt;br/&gt;&lt;br/&gt;As a general purpose nanomanufacturng technique, the technical impact of the SPAN process will be very broad, ranging from the fabrication of nanoelectronics, to the development of nanophotonics and nano-bio systems. Compared to existing nano-fabrication techniques, this new method offers high throughput and low costs, which are critical to industrial scale manufacturing. Moreover, the results of this work will provide exciting teaching materials and interesting laboratory projects. The proposed efforts of integrating research with education will offer undergraduates and graduate students increased exposure to nanoscience and engineering technologies and applications. In particular, improving on-going graduate courses in NEMS/MEMS, initiation of a new undergraduate course -Introduction to Micro and Nanoengineering", and implementation of emerging nanoengineering components into traditional undergraduate core courses will have a significant impact on graduate and undergraduate education.</AbstractNarration>
    <MinAmdLetterDate>09/11/2006</MinAmdLetterDate>
    <MaxAmdLetterDate>09/08/2010</MaxAmdLetterDate>
    <ARRAAmount/>
    <AwardID>0600104</AwardID>
    <Investigator>
      <FirstName>John</FirstName>
      <LastName>Howell</LastName>
      <EmailAddress>jhowell@mail.utexas.edu</EmailAddress>
      <StartDate>02/15/2008</StartDate>
      <EndDate>09/08/2010</EndDate>
      <RoleCode>Former Principal Investigator</RoleCode>
    </Investigator>
    <Investigator>
      <FirstName>Shaochen</FirstName>
      <LastName>Chen</LastName>
      <EmailAddress>chen168@eng.ucsd.edu</EmailAddress>
      <StartDate>09/08/2010</StartDate>
      <EndDate/>
      <RoleCode>Principal Investigator</RoleCode>
    </Investigator>
    <Institution>
      <Name>University of Texas at Austin</Name>
      <CityName>Austin</CityName>
      <ZipCode>787121532</ZipCode>
      <PhoneNumber>5124716424</PhoneNumber>
      <StreetAddress>101 E. 27th Street, Suite 5.300</StreetAddress>
      <CountryName>United States</CountryName>
      <StateName>Texas</StateName>
      <StateCode>TX</StateCode>
    </Institution>
    <FoaInformation>
      <Code>0308000</Code>
      <Name>Industrial Technology</Name>
    </FoaInformation>
    <ProgramElement>
      <Code>1788</Code>
      <Text>NANOMANUFACTURING</Text>
    </ProgramElement>
    <ProgramReference>
      <Code>084E</Code>
      <Text>NANOMANUFACTURING</Text>
    </ProgramReference>
    <ProgramReference>
      <Code>116E</Code>
      <Text>RESEARCH EXP FOR UNDERGRADS</Text>
    </ProgramReference>
    <ProgramReference>
      <Code>9146</Code>
      <Text>MANUFACTURING BASE RESEARCH</Text>
    </ProgramReference>
    <ProgramReference>
      <Code>9178</Code>
      <Text>UNDERGRADUATE EDUCATION</Text>
    </ProgramReference>
    <ProgramReference>
      <Code>9231</Code>
      <Text>SUPPL FOR UNDERGRAD RES ASSIST</Text>
    </ProgramReference>
    <ProgramReference>
      <Code>9251</Code>
      <Text>RES EXPER FOR UNDERGRAD-SUPPLT</Text>
    </ProgramReference>
    <ProgramReference>
      <Code>MANU</Code>
      <Text>MANUFACTURING</Text>
    </ProgramReference>
  </Award>
</rootTag>
