<?xml version="1.0" encoding="UTF-8"?>

<rootTag>
  <Award>
    <AwardTitle>Analytic methods in arithmetic geometry</AwardTitle>
    <AwardEffectiveDate>07/01/2006</AwardEffectiveDate>
    <AwardExpirationDate>07/31/2006</AwardExpirationDate>
    <AwardAmount>38276</AwardAmount>
    <AwardInstrument>
      <Value>Continuing grant</Value>
    </AwardInstrument>
    <Organization>
      <Code>03040200</Code>
      <Directorate>
        <LongName>Direct For Mathematical &amp; Physical Scien</LongName>
      </Directorate>
      <Division>
        <LongName>Division Of Mathematical Sciences</LongName>
      </Division>
    </Organization>
    <ProgramOfficer>
      <SignBlockName>Tie Luo</SignBlockName>
    </ProgramOfficer>
    <AbstractNarration>The investigator proposes to explore in depth questions&lt;br/&gt;about the behaviour of the reductions modulo primes of&lt;br/&gt;abelian varieties and Drinfeld modules by means of analytic&lt;br/&gt;methods. Her motivation comes from conjectures formulated by S. Lang and H. &lt;br/&gt;Trotter (in the context of elliptic curves) in 1976, which, in turn,&lt;br/&gt;are related to classical open questions about prime numbers.&lt;br/&gt;The investigator's main research projects turn out to be&lt;br/&gt;related to a number of central problems in arithmetic geometry&lt;br/&gt;and analytic number theory. A coherent formulation of the main&lt;br/&gt;questions emerging from these projects, together with approaches&lt;br/&gt;and results towards their resolution, will contribute to the&lt;br/&gt;advancement of higher-dimensional analytic methods and their impact&lt;br/&gt;on arithmetic geometry.&lt;br/&gt;&lt;br/&gt;This is research in the field of number theory. The central objects&lt;br/&gt;of study in number theory are, basically, prime numbers and Diophantine&lt;br/&gt;equations. The research done under this award concerns properties&lt;br/&gt;of prime numbers with additional interesting properties coming&lt;br/&gt;from geometric contexts. Apart from the intrinsic interest in these&lt;br/&gt;objects, their study has become even more appealing over the past&lt;br/&gt;years thanks to practical implications for cryptography and coding&lt;br/&gt;theory.</AbstractNarration>
    <MinAmdLetterDate>04/13/2006</MinAmdLetterDate>
    <MaxAmdLetterDate>04/13/2006</MaxAmdLetterDate>
    <ARRAAmount/>
    <AwardID>0600844</AwardID>
    <Investigator>
      <FirstName>Alina</FirstName>
      <LastName>Cojocaru</LastName>
      <EmailAddress>cojocaru@uic.edu</EmailAddress>
      <StartDate>04/13/2006</StartDate>
      <EndDate/>
      <RoleCode>Principal Investigator</RoleCode>
    </Investigator>
    <Institution>
      <Name>Princeton University</Name>
      <CityName>Princeton</CityName>
      <ZipCode>085442020</ZipCode>
      <PhoneNumber>6092583090</PhoneNumber>
      <StreetAddress>Off. of Research &amp; Proj. Admin.</StreetAddress>
      <CountryName>United States</CountryName>
      <StateName>New Jersey</StateName>
      <StateCode>NJ</StateCode>
    </Institution>
    <FoaInformation>
      <Code>0000099</Code>
      <Name>Other Applications NEC</Name>
    </FoaInformation>
    <ProgramElement>
      <Code>1264</Code>
      <Text>ALGEBRA,NUMBER THEORY,AND COM</Text>
    </ProgramElement>
    <ProgramReference>
      <Code>0000</Code>
      <Text>UNASSIGNED</Text>
    </ProgramReference>
    <ProgramReference>
      <Code>OTHR</Code>
      <Text>OTHER RESEARCH OR EDUCATION</Text>
    </ProgramReference>
  </Award>
</rootTag>
