<?xml version="1.0" encoding="UTF-8"?>

<rootTag>
  <Award>
    <AwardTitle>Algebraic Approaches to Flow and Cycle Conjectures for Graphs</AwardTitle>
    <AwardEffectiveDate>06/01/2006</AwardEffectiveDate>
    <AwardExpirationDate>05/31/2008</AwardExpirationDate>
    <AwardAmount>69992</AwardAmount>
    <AwardInstrument>
      <Value>Standard Grant</Value>
    </AwardInstrument>
    <Organization>
      <Code>03040200</Code>
      <Directorate>
        <LongName>Direct For Mathematical &amp; Physical Scien</LongName>
      </Directorate>
      <Division>
        <LongName>Division Of Mathematical Sciences</LongName>
      </Division>
    </Organization>
    <ProgramOfficer>
      <SignBlockName>Tomek Bartoszynski</SignBlockName>
    </ProgramOfficer>
    <AbstractNarration>Algebraic Approaches to Flow and Cycle Conjectures for Graphs.&lt;br/&gt;&lt;br/&gt;Abstract:&lt;br/&gt;&lt;br/&gt;This proposed project will focus on applying certain algebraic ideas in an&lt;br/&gt;attempt to prove the major open conjectures about flows and cycle covers&lt;br/&gt;in graphs. The ultimate goal is to prove all of the major open conjectures&lt;br/&gt;about flows and cycle covers in graphs, while the realistic expectation is&lt;br/&gt;to produce plenty of good mathematics in the attempt. Two big conjectures&lt;br/&gt;in this area are Tutte's 5-flow conjecture (T5FC) and the Cycle Double&lt;br/&gt;Cover Conjecture (CDCC) of Szekeres and various strengthenings of CDCC,&lt;br/&gt;including the Orientable Five Cycle Double Cover Conjecture (O5CDCC) of&lt;br/&gt;Archdeacon and Jaeger, which implies both T5FC and CDCC and many other&lt;br/&gt;strengthenings of CDCC. These in turn are all implied by the PI's&lt;br/&gt;Petersen-or-K_4 Flow Conjecture (P10vK4FC), the proof of which is the&lt;br/&gt;ultimate goal of the proposed project.&lt;br/&gt;&lt;br/&gt;These conjectures, which are very well known to graph theorists,&lt;br/&gt;especially T5FC and CDCC, are in the same family of mathematical problems&lt;br/&gt;as the Four Color Theorem (4CT) which is even much more widely known to&lt;br/&gt;mathematicians and the general public. Most research on these problems&lt;br/&gt;depends primarily on combinatorial graph theoretic techniques. The novelty&lt;br/&gt;of the PI's approach is to apply many algebraic, as well as topological,&lt;br/&gt;ideas in addition to all the usual combinatorial graph theoretic ones.</AbstractNarration>
    <MinAmdLetterDate>06/12/2006</MinAmdLetterDate>
    <MaxAmdLetterDate>06/12/2006</MaxAmdLetterDate>
    <ARRAAmount/>
    <AwardID>0600349</AwardID>
    <Investigator>
      <FirstName>Dirk</FirstName>
      <LastName>Vertigan</LastName>
      <EmailAddress>vertigan@math.lsu.edu</EmailAddress>
      <StartDate>06/12/2006</StartDate>
      <EndDate/>
      <RoleCode>Principal Investigator</RoleCode>
    </Investigator>
    <Institution>
      <Name>Louisiana State University &amp; Agricultural and Mechanical College</Name>
      <CityName>Baton Rouge</CityName>
      <ZipCode>708032701</ZipCode>
      <PhoneNumber>2255782760</PhoneNumber>
      <StreetAddress>202 Himes Hall</StreetAddress>
      <CountryName>United States</CountryName>
      <StateName>Louisiana</StateName>
      <StateCode>LA</StateCode>
    </Institution>
    <FoaInformation>
      <Code>0000099</Code>
      <Name>Other Applications NEC</Name>
    </FoaInformation>
    <ProgramElement>
      <Code>1264</Code>
      <Text>ALGEBRA,NUMBER THEORY,AND COM</Text>
    </ProgramElement>
    <ProgramReference>
      <Code>0000</Code>
      <Text>UNASSIGNED</Text>
    </ProgramReference>
    <ProgramReference>
      <Code>9150</Code>
      <Text>EXP PROG TO STIM COMP RES</Text>
    </ProgramReference>
    <ProgramReference>
      <Code>OTHR</Code>
      <Text>OTHER RESEARCH OR EDUCATION</Text>
    </ProgramReference>
  </Award>
</rootTag>
