<?xml version="1.0" encoding="UTF-8"?>

<rootTag>
  <Award>
    <AwardTitle>K-theory of Operator Algebras and its Applications to Geometry and Topology</AwardTitle>
    <AwardEffectiveDate>06/01/2006</AwardEffectiveDate>
    <AwardExpirationDate>05/31/2012</AwardExpirationDate>
    <AwardAmount>399298</AwardAmount>
    <AwardInstrument>
      <Value>Continuing grant</Value>
    </AwardInstrument>
    <Organization>
      <Code>03040000</Code>
      <Directorate>
        <LongName>Direct For Mathematical &amp; Physical Scien</LongName>
      </Directorate>
      <Division>
        <LongName>Division Of Mathematical Sciences</LongName>
      </Division>
    </Organization>
    <ProgramOfficer>
      <SignBlockName>Bruce P. Palka</SignBlockName>
    </ProgramOfficer>
    <AbstractNarration>The investigator proposes to study the K-theory of group C*-algebras and its applications to geometry and topology of manifolds. The K-theory of group C*-algebras are receptacles of higher indices of elliptic differential operators and have important applications to problems in differential geometry and topology of manifolds such as the existence problem for Riemannian metrics with positive scalar curvature and the Novikov conjecture on homotopy invariance of higher signatures. The methods to be employed include group actions on Banach spaces, uniform embedding into Banach spaces, and infinite dimensional index theory of elliptic operators.&lt;br/&gt;Manifolds are spaces glued together by Euclidean spaces. Roughly speaking, these are spaces on which one can do calculus. Examples of manifolds inlcude spheres and tori. Manifold theory plays an important role in mathematics and physics. A fundamental problem in manifold theory is the classification of manifolds. By surgery theory, the classification problem for higher dimensional manifolds is essentially reduced to the Novikov conjecture. The investigator plans to study the Novikov conjecture using methods from infinite dimensional analysis such as noncommutative geometry. The investigator also intends to apply noncommutative geometry methods to study analysis on loop spaces of manifolds.</AbstractNarration>
    <MinAmdLetterDate>03/07/2006</MinAmdLetterDate>
    <MaxAmdLetterDate>06/17/2010</MaxAmdLetterDate>
    <ARRAAmount/>
    <AwardID>0600216</AwardID>
    <Investigator>
      <FirstName>Guoliang</FirstName>
      <LastName>Yu</LastName>
      <EmailAddress>guoliangyu@math.tamu.edu</EmailAddress>
      <StartDate>03/07/2006</StartDate>
      <EndDate/>
      <RoleCode>Principal Investigator</RoleCode>
    </Investigator>
    <Institution>
      <Name>Vanderbilt University</Name>
      <CityName>Nashville</CityName>
      <ZipCode>372350002</ZipCode>
      <PhoneNumber>6153222631</PhoneNumber>
      <StreetAddress>Sponsored Programs Administratio</StreetAddress>
      <CountryName>United States</CountryName>
      <StateName>Tennessee</StateName>
      <StateCode>TN</StateCode>
    </Institution>
    <FoaInformation>
      <Code>0000099</Code>
      <Name>Other Applications NEC</Name>
    </FoaInformation>
    <ProgramElement>
      <Code>1281</Code>
      <Text>ANALYSIS PROGRAM</Text>
    </ProgramElement>
    <ProgramReference>
      <Code>0000</Code>
      <Text>UNASSIGNED</Text>
    </ProgramReference>
    <ProgramReference>
      <Code>9150</Code>
      <Text>EXP PROG TO STIM COMP RES</Text>
    </ProgramReference>
    <ProgramReference>
      <Code>9251</Code>
      <Text>RES EXPER FOR UNDERGRAD-SUPPLT</Text>
    </ProgramReference>
    <ProgramReference>
      <Code>OTHR</Code>
      <Text>OTHER RESEARCH OR EDUCATION</Text>
    </ProgramReference>
  </Award>
</rootTag>
