<?xml version="1.0" encoding="UTF-8"?>

<rootTag>
  <Award>
    <AwardTitle>Modular Forms and Number Theory</AwardTitle>
    <AwardEffectiveDate>07/01/2006</AwardEffectiveDate>
    <AwardExpirationDate>09/30/2009</AwardExpirationDate>
    <AwardAmount>109930</AwardAmount>
    <AwardInstrument>
      <Value>Standard Grant</Value>
    </AwardInstrument>
    <Organization>
      <Code>03040200</Code>
      <Directorate>
        <LongName>Direct For Mathematical &amp; Physical Scien</LongName>
      </Directorate>
      <Division>
        <LongName>Division Of Mathematical Sciences</LongName>
      </Division>
    </Organization>
    <ProgramOfficer>
      <SignBlockName>Tomek Bartoszynski</SignBlockName>
    </ProgramOfficer>
    <AbstractNarration>DMS 0600400&lt;br/&gt;Matthew Boylan&lt;br/&gt;&lt;br/&gt;In the last few decades, modular forms have been studied intensely. They naturally occur as generating functions for many diverse objects of arithmetic interest such as L-values (in arithmetic geometry and &lt;br/&gt;elsewhere), representation numbers of positive definite quadratic forms, and partitions. Most prominently, modular forms were key players in &lt;br/&gt;Wiles' recent proof of Fermat's Last Theorem. In this proposal, the &lt;br/&gt;investigator proposes to study a variety of arithmetic objects whose &lt;br/&gt;generating functions have modular properties. For example, he expects to &lt;br/&gt;study the congruence properties and distribution in residue classes of &lt;br/&gt;partitions, algebraic parts of central critical values of modular &lt;br/&gt;L-functions, singular moduli, values of Gaussian hypergeometric functions, class numbers of number fields, and certain invariants attached to &lt;br/&gt;elliptic curves and motives. In doing this project, he expects to use, &lt;br/&gt;for example, p-adic techniques and techniques involving Galois &lt;br/&gt;representations and combinatorics.&lt;br/&gt;&lt;br/&gt;The area of the proposed research is in number theory. Number theory is a classical subject; some of the objects of interest to the investigator were also studied by Euler and Gauss. One such object, the partition function, is particularly simple to define: it counts the number of ways to write a positive integer as a sum of smaller positive integers. However, as is often the case in number theory, many of the natural questions on the arithmetic of the partition function have proved to be rather difficult. Major advances in our understanding of this function rely on sophisticated modern techniques in modular forms, such as those suggested by the proposed research.</AbstractNarration>
    <MinAmdLetterDate>06/16/2006</MinAmdLetterDate>
    <MaxAmdLetterDate>06/16/2006</MaxAmdLetterDate>
    <ARRAAmount/>
    <AwardID>0600400</AwardID>
    <Investigator>
      <FirstName>Matthew</FirstName>
      <LastName>Boylan</LastName>
      <EmailAddress>boylan@math.sc.edu</EmailAddress>
      <StartDate>06/16/2006</StartDate>
      <EndDate/>
      <RoleCode>Principal Investigator</RoleCode>
    </Investigator>
    <Institution>
      <Name>University South Carolina Research Foundation</Name>
      <CityName>COLUMBIA</CityName>
      <ZipCode>292080001</ZipCode>
      <PhoneNumber>8037777093</PhoneNumber>
      <StreetAddress>1600 Hampton Street</StreetAddress>
      <CountryName>United States</CountryName>
      <StateName>South Carolina</StateName>
      <StateCode>SC</StateCode>
    </Institution>
    <FoaInformation>
      <Code>0000099</Code>
      <Name>Other Applications NEC</Name>
    </FoaInformation>
    <ProgramElement>
      <Code>1264</Code>
      <Text>ALGEBRA,NUMBER THEORY,AND COM</Text>
    </ProgramElement>
    <ProgramElement>
      <Code>9150</Code>
      <Text>EXP PROG TO STIM COMP RES</Text>
    </ProgramElement>
    <ProgramReference>
      <Code>0000</Code>
      <Text>UNASSIGNED</Text>
    </ProgramReference>
    <ProgramReference>
      <Code>9150</Code>
      <Text>EXP PROG TO STIM COMP RES</Text>
    </ProgramReference>
    <ProgramReference>
      <Code>OTHR</Code>
      <Text>OTHER RESEARCH OR EDUCATION</Text>
    </ProgramReference>
  </Award>
</rootTag>
