<?xml version="1.0" encoding="UTF-8"?>

<rootTag>
  <Award>
    <AwardTitle>Acousto-Plastic Deformation of Metal by Nonlinear Stress Waves</AwardTitle>
    <AwardEffectiveDate>05/01/2006</AwardEffectiveDate>
    <AwardExpirationDate>04/30/2010</AwardExpirationDate>
    <AwardAmount>300000</AwardAmount>
    <AwardInstrument>
      <Value>Standard Grant</Value>
    </AwardInstrument>
    <Organization>
      <Code>07030000</Code>
      <Directorate>
        <LongName>Directorate For Engineering</LongName>
      </Directorate>
      <Division>
        <LongName>Div Of Civil, Mechanical, &amp; Manufact Inn</LongName>
      </Division>
    </Organization>
    <ProgramOfficer>
      <SignBlockName>Mary M. Toney</SignBlockName>
    </ProgramOfficer>
    <AbstractNarration>The present research project addresses the need to understand the Acousto-Plastic Effect (APE), which occurs when metal specimens are deformed (in compression or tension) and ultrasonic vibrations are superimposed. When the APE occurs, a remarkable transitory softening is observed. The research will address APE beyond the phenomenological descriptions presented in the current literature. Theoretical and numerical studies will be conducted to clarify the unusual metal morphology induced by ultrasonic vibrations. The research directly addresses the dynamic nature of the processes rather than treating the transitory metal softening effect by introducing an ad-hoc constitutive relation between strain and the apparent static stress. A comprehensive theoretical model is being developed for the evolving nonlinear stress waves. The model equations will be solved by using the space-time Conservation Element and Solution Element (CESE) method, a novel numerical framework for high-fidelity solution of nonlinear hyperbolic systems. &lt;br/&gt;&lt;br/&gt;Successful development of the theoretical and modeling capabilities will demonstrate a new paradigm for high-fidelity simulation of nonlinear stress waves in solids. The use of parallel computing for very large-scaled calculations could point to a new direction for high performance computation for material simulations. With in-depth understanding of the APE and the accurate modeling tool, implementation of high-power ultrasounds to various metal forming/joining processes could be achieved. The envisioned modeling tool could also be applied to various nonlinear wave problems, including seismic wave propagation in earth and ultrasonic propagation in biological tissues. The research project will foster a meaningful collaboration between researchers at the Ohio State University, and ultrasound specialists and materials scientists at the Ford Motor Company. Undergraduate and graduate students as well as practicing professions in the automotive industry will be integrated into the research project via educational outreach and direct training.</AbstractNarration>
    <MinAmdLetterDate>04/10/2006</MinAmdLetterDate>
    <MaxAmdLetterDate>04/10/2006</MaxAmdLetterDate>
    <ARRAAmount/>
    <AwardID>0600060</AwardID>
    <Investigator>
      <FirstName>John</FirstName>
      <LastName>Yu</LastName>
      <EmailAddress>yu.274@osu.edu</EmailAddress>
      <StartDate>04/10/2006</StartDate>
      <EndDate/>
      <RoleCode>Principal Investigator</RoleCode>
    </Investigator>
    <Investigator>
      <FirstName>Stephen</FirstName>
      <LastName>Bechtel</LastName>
      <EmailAddress>bechtel.3@osu.edu</EmailAddress>
      <StartDate>04/10/2006</StartDate>
      <EndDate/>
      <RoleCode>Co-Principal Investigator</RoleCode>
    </Investigator>
    <Institution>
      <Name>Ohio State University Research Foundation -DO NOT USE</Name>
      <CityName>Columbus</CityName>
      <ZipCode>432101016</ZipCode>
      <PhoneNumber>6142923732</PhoneNumber>
      <StreetAddress>1960 KENNY RD</StreetAddress>
      <CountryName>United States</CountryName>
      <StateName>Ohio</StateName>
      <StateCode>OH</StateCode>
    </Institution>
    <FoaInformation>
      <Code>0308000</Code>
      <Name>Industrial Technology</Name>
    </FoaInformation>
    <ProgramElement>
      <Code>1467</Code>
      <Text>MATERIALS PROCESSING AND MANFG</Text>
    </ProgramElement>
    <ProgramReference>
      <Code>086E</Code>
      <Text>MULTISCALE PROCESS MODELING</Text>
    </ProgramReference>
    <ProgramReference>
      <Code>088E</Code>
      <Text>THERMALLY DRIVEN PROCESSES</Text>
    </ProgramReference>
    <ProgramReference>
      <Code>9146</Code>
      <Text>MANUFACTURING BASE RESEARCH</Text>
    </ProgramReference>
    <ProgramReference>
      <Code>MANU</Code>
      <Text>MANUFACTURING</Text>
    </ProgramReference>
  </Award>
</rootTag>
