<?xml version="1.0" encoding="UTF-8"?>

<rootTag>
  <Award>
    <AwardTitle>Tracking Katrina: Algebra Project Instructional Materials Development Using Stories by Displaced New Orleans Students</AwardTitle>
    <AwardEffectiveDate>07/01/2006</AwardEffectiveDate>
    <AwardExpirationDate>12/31/2008</AwardExpirationDate>
    <AwardAmount>199866</AwardAmount>
    <AwardInstrument>
      <Value>Standard Grant</Value>
    </AwardInstrument>
    <Organization>
      <Code>11090000</Code>
      <Directorate>
        <LongName>Direct For Education and Human Resources</LongName>
      </Directorate>
      <Division>
        <LongName>Division Of Research On Learning</LongName>
      </Division>
    </Organization>
    <ProgramOfficer>
      <SignBlockName>John S. Bradley</SignBlockName>
    </ProgramOfficer>
    <AbstractNarration>The Algebra Project, Inc., will use the opportunity of the aftermath of Hurricane Katrina to infuse new ideas into the re-building of education in New Orleans. They will use the occasion to introduce new materials for mathematics education that give voice to students' experiences in the aftermath of the hurricanes. These materials will assist educators in New Orleans and many other sites as they work on issues that have been raised by these events.&lt;br/&gt;&lt;br/&gt;The project has three objectives: (1) to produce classroom instructional materials that use New Orleans students' stories as a starting point for the development of mathematics concepts; (2) to produce a resource database of student-generated stories and other materials and a guide for classroom use; (3) to produce a report by the now dispersed students, teachers and concerned community members from the New Orleans 9th ward with recommendations for addressing the aftermath of the hurricanes in the New Orleans schools as well as in other schools where displaced students are enrolling. The project will use software tailored for the development work and these products will be available for use by others over the internet.&lt;br/&gt;&lt;br/&gt;The project will enable members of the school community of the Frederick Douglass High School in the New Orleans 9th ward, its feeder middle school and members of two other New Orleans 9th ward high schools to collaborate with the Algebra Project, which has been developing instructional materials for high school mathematics under NSF grant #0137855.&lt;br/&gt;&lt;br/&gt;Student-generated stories (for example, a story of an evacuation trip) will serve as the starting point for instructional modules that target some specific mathematics concepts contained in the national and state mathematics frameworks for Grades 6-10. Staff of the Algebra Project, and of Students at the Center, will use methods that have already proved effective in their past work to motivate students and local education stakeholders to address educational issues that have arisen in the aftermath of the hurricanes. This project offers a way for educators who have been working with these students and families to facilitate the development of student-centered instructional materials and community-centered ideas for educational initiatives in New Orleans. The project will also generate specific instructional materials that will be useful for years in the future.</AbstractNarration>
    <MinAmdLetterDate>07/06/2006</MinAmdLetterDate>
    <MaxAmdLetterDate>07/27/2008</MaxAmdLetterDate>
    <ARRAAmount/>
    <AwardID>0600793</AwardID>
    <Investigator>
      <FirstName>Alan</FirstName>
      <LastName>Shaw</LastName>
      <EmailAddress>ashaw8@kennesaw.edu</EmailAddress>
      <StartDate>07/06/2006</StartDate>
      <EndDate/>
      <RoleCode>Co-Principal Investigator</RoleCode>
    </Investigator>
    <Investigator>
      <FirstName>James</FirstName>
      <LastName>Randels</LastName>
      <EmailAddress>jimrandelssac@earthlink.net</EmailAddress>
      <StartDate>07/06/2006</StartDate>
      <EndDate/>
      <RoleCode>Co-Principal Investigator</RoleCode>
    </Investigator>
    <Investigator>
      <FirstName>Staffas</FirstName>
      <LastName>Broussard</LastName>
      <EmailAddress>sbroussa@uno.edu</EmailAddress>
      <StartDate>07/06/2006</StartDate>
      <EndDate/>
      <RoleCode>Co-Principal Investigator</RoleCode>
    </Investigator>
    <Investigator>
      <FirstName>Robert</FirstName>
      <LastName>Moses</LastName>
      <EmailAddress>ben@algebra.org</EmailAddress>
      <StartDate>07/06/2006</StartDate>
      <EndDate/>
      <RoleCode>Principal Investigator</RoleCode>
    </Investigator>
    <Institution>
      <Name>Algebra Project Inc</Name>
      <CityName>Cambridge</CityName>
      <ZipCode>021393423</ZipCode>
      <PhoneNumber>6174910200</PhoneNumber>
      <StreetAddress>99 Bishop Allen Drive</StreetAddress>
      <CountryName>United States</CountryName>
      <StateName>Massachusetts</StateName>
      <StateCode>MA</StateCode>
    </Institution>
    <FoaInformation>
      <Code>0000099</Code>
      <Name>Other Applications NEC</Name>
    </FoaInformation>
    <FoaInformation>
      <Code>0116000</Code>
      <Name>Human Subjects</Name>
    </FoaInformation>
    <ProgramElement>
      <Code>7355</Code>
      <Text>INSTRUCTIONAL MATERIALS DEVELP</Text>
    </ProgramElement>
    <ProgramReference>
      <Code>9177</Code>
      <Text>ELEMENTARY/SECONDARY EDUCATION</Text>
    </ProgramReference>
    <ProgramReference>
      <Code>9237</Code>
      <Text>SMALL GRANTS-EXPLORATORY RSRCH</Text>
    </ProgramReference>
    <ProgramReference>
      <Code>SMET</Code>
      <Text>SCIENCE, MATH, ENG &amp; TECH EDUCATION</Text>
    </ProgramReference>
  </Award>
</rootTag>
