<?xml version="1.0" encoding="UTF-8"?>

<rootTag>
  <Award>
    <AwardTitle>The Relation Between Similarity Fields and Invariant Path Integrals in Nonlinear Fracture Mechanics</AwardTitle>
    <AwardEffectiveDate>05/15/2006</AwardEffectiveDate>
    <AwardExpirationDate>04/30/2010</AwardExpirationDate>
    <AwardAmount>150000</AwardAmount>
    <AwardInstrument>
      <Value>Standard Grant</Value>
    </AwardInstrument>
    <Organization>
      <Code>07030000</Code>
      <Directorate>
        <LongName>Directorate For Engineering</LongName>
      </Directorate>
      <Division>
        <LongName>Div Of Civil, Mechanical, &amp; Manufact Inn</LongName>
      </Division>
    </Organization>
    <ProgramOfficer>
      <SignBlockName>Clark V. Cooper</SignBlockName>
    </ProgramOfficer>
    <AbstractNarration>The Relation Between Similarity Fields and Invariant Path Integrals in Nonlinear Fracture Mechanics&lt;br/&gt;&lt;br/&gt;Gustavo Gioia, University of Illinois at Urbana-Champaign&lt;br/&gt;&lt;br/&gt; Computational simulations indicate that the plastic-zone fields of growing cracks depend on the stress intensity factor K and the t-stress T through a single similarity variable, implying that we can ascertain the type of fracture (brittle or ductile) associated with any combination of K and T by performing experiments over a range of values of a single variable. Yet the origin of similiarity fields remains unknown. Here we will trace these similarity fields to the existence of invariant path integrals. We will relate the similarity variable to the crack-tip energy flux, viscosity, cohesion, and triaxiality. For several failure criteria, we will construct diagrams identifying the ductile, transitional, and brittle regions in K-T space. We will also study separable crack-tip similarity fields and establish their connection with critical phenomena. Last, we will study the case of stationary cracks, where the fields are not similarity ields but there exists an invariant path integral.</AbstractNarration>
    <MinAmdLetterDate>04/26/2006</MinAmdLetterDate>
    <MaxAmdLetterDate>04/27/2009</MaxAmdLetterDate>
    <ARRAAmount/>
    <AwardID>0600408</AwardID>
    <Investigator>
      <FirstName>Gustavo</FirstName>
      <LastName>Gioia</LastName>
      <EmailAddress>ggioia@uiuc.edu</EmailAddress>
      <StartDate>04/26/2006</StartDate>
      <EndDate/>
      <RoleCode>Principal Investigator</RoleCode>
    </Investigator>
    <Institution>
      <Name>University of Illinois at Urbana-Champaign</Name>
      <CityName>CHAMPAIGN</CityName>
      <ZipCode>618207473</ZipCode>
      <PhoneNumber>2173332187</PhoneNumber>
      <StreetAddress>SUITE A</StreetAddress>
      <CountryName>United States</CountryName>
      <StateName>Illinois</StateName>
      <StateCode>IL</StateCode>
    </Institution>
    <ProgramElement>
      <Code>1630</Code>
      <Text>Mechanics of Materials and Str</Text>
    </ProgramElement>
    <ProgramReference>
      <Code>022E</Code>
      <Text>SOLID MECHANICS</Text>
    </ProgramReference>
    <ProgramReference>
      <Code>9161</Code>
      <Text>SINGLE DIVISION/UNIVERSITY</Text>
    </ProgramReference>
    <ProgramReference>
      <Code>AMPP</Code>
      <Text>ADVANCED MATERIALS &amp; PROCESSING PROGRAM</Text>
    </ProgramReference>
  </Award>
</rootTag>
