<?xml version="1.0" encoding="UTF-8"?>

<rootTag>
  <Award>
    <AwardTitle>Investigations in Intermediate Energy Spin Physics</AwardTitle>
    <AwardEffectiveDate>09/01/2006</AwardEffectiveDate>
    <AwardExpirationDate>08/31/2010</AwardExpirationDate>
    <AwardAmount>200000</AwardAmount>
    <AwardInstrument>
      <Value>Standard Grant</Value>
    </AwardInstrument>
    <Organization>
      <Code>03010600</Code>
      <Directorate>
        <LongName>Direct For Mathematical &amp; Physical Scien</LongName>
      </Directorate>
      <Division>
        <LongName>Division Of Physics</LongName>
      </Division>
    </Organization>
    <ProgramOfficer>
      <SignBlockName>Kyungseon Joo</SignBlockName>
    </ProgramOfficer>
    <AbstractNarration>This proposal will support the development, construction and execution of three highly rated experiments at Jefferson Lab. These include The SANE experiment E03-109, experiment E05-101, and the semi-SANE experiment E04-113. All three experiments will be conducted Jefferson Lab-Hall C, will use the same experimental setup and in all likelihood will run back to back. The experiments use the large acceptance BigCal spectrometer constructed by the GEP-III collaboration, the HMS spectrometer and the UVA polarized NH3 and LiD targets. Our group plans to build a Lucite Cerenkov hodoscope which is critical for background rejection and tracking. The group will also participate in the experiment software development effort, simulation, data taking and data analysis. Our students, the majority of whom are minority students, will play a major role in all these tasks. &lt;br/&gt;&lt;br/&gt;The SANE experiment measures inclusive spin asymmetries on the proton at large x, where valence quarks dominate and hence a relatively clean region to study the spin structure of the nucleon. The measured spin observables are fundamental for understanding QCD in that region. QCD is the quantum field theory that describes the properties of the strong interactions between quarks and between protons and neutrons in the framework of the quantum theory. &lt;br/&gt;The RCS experiment will measure, the initial state helicity correlation asymmetry in real Compton scattering to a statistical accuracy of 0.1. Compton Scattering is when gamma ray photons of a certain energy will bounce off electrons as they pass through matter, and see their energy decrease. The measurement will significantly increase our confidence in the application of the GPD approach to reactions induced by real photons. The generalized parton distributions (GPD's) extend the well-known Feynman parton distribution and electromagnetic form factors of the nucleon to new kinematic dimensions. In the forward limit, these distributions reduce to the Feynman parton distributions. On the other hand, the first moment of GPD's give the electromagnetic form factors. In general, the GPD's contain much richer structural information of the nucleon than conventional observables.&lt;br/&gt;Finally, precision data from the semi-SANE will significantly improve our knowledge of the flavor (type of quark) structure of the nucleon spin for both valence and sea quarks. The improved knowledge of the moments of the polarized quark distributions will provide stringent tests for theoretical models and Lattice QCD.&lt;br/&gt;&lt;br/&gt;North Carolina A&amp;T State University is a historically black university (HBCU). Ninety percent of the student population is African American. These students have been traditionally underrepresented in physics. The proposed research program will provide them with unique research opportunities in experimental nuclear physics, and therefore will have a strong impact on their training and education. During previous years the group supported and supervised over twenty students most of whom were African Americans.</AbstractNarration>
    <MinAmdLetterDate>08/10/2006</MinAmdLetterDate>
    <MaxAmdLetterDate>09/17/2009</MaxAmdLetterDate>
    <ARRAAmount/>
    <AwardID>0600960</AwardID>
    <Investigator>
      <FirstName>Abdellah</FirstName>
      <LastName>Ahmidouch</LastName>
      <EmailAddress>abdellah@ncat.edu</EmailAddress>
      <StartDate>08/10/2006</StartDate>
      <EndDate/>
      <RoleCode>Principal Investigator</RoleCode>
    </Investigator>
    <Investigator>
      <FirstName>Samuel</FirstName>
      <LastName>Danagoulian</LastName>
      <EmailAddress>danagous@ncat.edu</EmailAddress>
      <StartDate>08/10/2006</StartDate>
      <EndDate/>
      <RoleCode>Co-Principal Investigator</RoleCode>
    </Investigator>
    <Institution>
      <Name>North Carolina Agricultural &amp; Technical State University</Name>
      <CityName>Greensboro</CityName>
      <ZipCode>274110001</ZipCode>
      <PhoneNumber>3363347995</PhoneNumber>
      <StreetAddress>1601 E. Market Street</StreetAddress>
      <CountryName>United States</CountryName>
      <StateName>North Carolina</StateName>
      <StateCode>NC</StateCode>
    </Institution>
    <FoaInformation>
      <Code>0000099</Code>
      <Name>Other Applications NEC</Name>
    </FoaInformation>
    <ProgramElement>
      <Code>7621</Code>
      <Text>PHYSICS-BROADEN PARTICIPATION</Text>
    </ProgramElement>
    <ProgramReference>
      <Code>0000</Code>
      <Text>UNASSIGNED</Text>
    </ProgramReference>
    <ProgramReference>
      <Code>OTHR</Code>
      <Text>OTHER RESEARCH OR EDUCATION</Text>
    </ProgramReference>
  </Award>
</rootTag>
