<?xml version="1.0" encoding="UTF-8"?>

<rootTag>
  <Award>
    <AwardTitle>Topics in Harmonic Analysis</AwardTitle>
    <AwardEffectiveDate>06/01/2006</AwardEffectiveDate>
    <AwardExpirationDate>05/31/2009</AwardExpirationDate>
    <AwardAmount>83539</AwardAmount>
    <AwardInstrument>
      <Value>Standard Grant</Value>
    </AwardInstrument>
    <Organization>
      <Code>03040000</Code>
      <Directorate>
        <LongName>Direct For Mathematical &amp; Physical Scien</LongName>
      </Directorate>
      <Division>
        <LongName>Division Of Mathematical Sciences</LongName>
      </Division>
    </Organization>
    <ProgramOfficer>
      <SignBlockName>Bruce P. Palka</SignBlockName>
    </ProgramOfficer>
    <AbstractNarration>ABSTRACT&lt;br/&gt;&lt;br/&gt;Recent years have seen a burst of activity in the interface of harmonic&lt;br/&gt;analysis and its related fields (such as partial differential equations, combinatorics, number theory, and mathematical physics) with beautiful and mutually beneficial consequences. Long-standing open problems in harmonic analysis have been solved using combinatorial techniques, while tools from harmonic analysis have helped in proving exciting results in number-theory and mathematical physics. In this project, the PI outlines future goals in three areas of harmonic analysis: (a) Fourier estimates for cones and their applications (section 2), involving a local smoothing estimate of Wolff (b) analysis of linear and monomial polyhedra, and their applications to (i) associated maximal operators and (ii) Bergman kernel estimates for weakly pseudoconvex domains (section 3), and (c) decay properties of oscillatory integral operators with degenerate phases section 4).&lt;br/&gt;&lt;br/&gt;Projects 1, 2 and 3 address a class of problems that may be approached&lt;br/&gt;using Wolff's microlocal estimate for light cones (arising in his proof of the local smoothing conjecture), and would answer a variety of questions regarding averaging and Fourier integral operators and partial differential equations. They necessitate a deeper understanding and extension of the delicate combinatorial arguments employed in his proof. Results from project 4 would mark nontrivial progress on a much-studied open question on Bergman kernel estimates, and would be of significant interest in complex analysis of several variables. Project 5 addresses a problem of which very little is known at the moment, but which has deep ties not only to numerous problems in harmonic analysis (regarding degenerate Fourier integral operators), but also to an extremely rich and thriving area of algebraic geometry, namely resolution of singularities.</AbstractNarration>
    <MinAmdLetterDate>04/04/2006</MinAmdLetterDate>
    <MaxAmdLetterDate>04/04/2006</MaxAmdLetterDate>
    <ARRAAmount/>
    <AwardID>0600767</AwardID>
    <Investigator>
      <FirstName>Malabika</FirstName>
      <LastName>Pramanik</LastName>
      <EmailAddress>malabika@caltech.edu</EmailAddress>
      <StartDate>04/04/2006</StartDate>
      <EndDate/>
      <RoleCode>Principal Investigator</RoleCode>
    </Investigator>
    <Institution>
      <Name>California Institute of Technology</Name>
      <CityName>PASADENA</CityName>
      <ZipCode>911250600</ZipCode>
      <PhoneNumber>6263956219</PhoneNumber>
      <StreetAddress>1200 E California Blvd</StreetAddress>
      <CountryName>United States</CountryName>
      <StateName>California</StateName>
      <StateCode>CA</StateCode>
    </Institution>
    <FoaInformation>
      <Code>0000099</Code>
      <Name>Other Applications NEC</Name>
    </FoaInformation>
  </Award>
</rootTag>
