<?xml version="1.0" encoding="UTF-8"?>

<rootTag>
  <Award>
    <AwardTitle>Gromov--Witten theory and its relations with moduli of curves, birational geometry, K-theory and orbifold mirror symmetry</AwardTitle>
    <AwardEffectiveDate>07/01/2006</AwardEffectiveDate>
    <AwardExpirationDate>06/30/2010</AwardExpirationDate>
    <AwardAmount>108456</AwardAmount>
    <AwardInstrument>
      <Value>Standard Grant</Value>
    </AwardInstrument>
    <Organization>
      <Code>03040000</Code>
      <Directorate>
        <LongName>Direct For Mathematical &amp; Physical Scien</LongName>
      </Directorate>
      <Division>
        <LongName>Division Of Mathematical Sciences</LongName>
      </Division>
    </Organization>
    <ProgramOfficer>
      <SignBlockName>Tie Luo</SignBlockName>
    </ProgramOfficer>
    <AbstractNarration>The proposed research deals with the interaction between Gromov--Witten theory&lt;br/&gt;and other subjects in mathematics and physics, including birational geometry,&lt;br/&gt;moduli of curves, K-theory, integrable systems, and mirror symmetry.&lt;br/&gt;Some of the main problems investigated are:&lt;br/&gt;the structure of the tautological rings,&lt;br/&gt;quantum cohomology under birational transformations,&lt;br/&gt;Virasoro symmetries,&lt;br/&gt;and orbifold mirror symmetry.&lt;br/&gt;&lt;br/&gt;Gromov--Witten theory lies in the intersection of many exciting research&lt;br/&gt;areas in mathematics and physics.&lt;br/&gt;On the one hand, the theory itself has some remarkable conjectural structures.&lt;br/&gt;Proof of these conjectures and discovery of new ones will require some&lt;br/&gt;new insights into the theory and input from other areas.&lt;br/&gt;On the other hand, it has also provided many powerful ideas and deep&lt;br/&gt;connections in many directions from string theory to classical subjects in&lt;br/&gt;mathematics.&lt;br/&gt;Some of these ideas and connections will be explored in this proposal.</AbstractNarration>
    <MinAmdLetterDate>05/30/2006</MinAmdLetterDate>
    <MaxAmdLetterDate>05/30/2006</MaxAmdLetterDate>
    <ARRAAmount/>
    <AwardID>0600688</AwardID>
    <Investigator>
      <FirstName>Yuan-Pin</FirstName>
      <LastName>Lee</LastName>
      <EmailAddress>yplee@math.utah.edu</EmailAddress>
      <StartDate>05/30/2006</StartDate>
      <EndDate/>
      <RoleCode>Principal Investigator</RoleCode>
    </Investigator>
    <Institution>
      <Name>University of Utah</Name>
      <CityName>SALT LAKE CITY</CityName>
      <ZipCode>841128930</ZipCode>
      <PhoneNumber>8015816903</PhoneNumber>
      <StreetAddress>75 S 2000 E</StreetAddress>
      <CountryName>United States</CountryName>
      <StateName>Utah</StateName>
      <StateCode>UT</StateCode>
    </Institution>
    <FoaInformation>
      <Code>0000099</Code>
      <Name>Other Applications NEC</Name>
    </FoaInformation>
  </Award>
</rootTag>
