<?xml version="1.0" encoding="UTF-8"?>

<rootTag>
  <Award>
    <AwardTitle>Equipment Replacement Under Continuous and Discontinuous Technological Change</AwardTitle>
    <AwardEffectiveDate>08/15/2006</AwardEffectiveDate>
    <AwardExpirationDate>02/29/2008</AwardExpirationDate>
    <AwardAmount>236018</AwardAmount>
    <AwardInstrument>
      <Value>Standard Grant</Value>
    </AwardInstrument>
    <Organization>
      <Code>07030000</Code>
      <Directorate>
        <LongName>Directorate For Engineering</LongName>
      </Directorate>
      <Division>
        <LongName>Div Of Civil, Mechanical, &amp; Manufact Inn</LongName>
      </Division>
    </Organization>
    <ProgramOfficer>
      <SignBlockName>Cerry M. Klein</SignBlockName>
    </ProgramOfficer>
    <AbstractNarration>This grant provides funding for research into the modeling and solution of equipment replacement problems that incorporate both continuous and discontinuous technological change. Continuous technological change refers to the gradual improvement in assets available over time for replacement. These generally coincide with the manufacturer periodically releasing new models, which are more efficient than previous models. Discontinuous technological change refers to breakthroughs in technology, often accompanied by jumps in &lt;br/&gt;productivity when compared to previous models. We assume breakthroughs define a new vintage of asset that gradually improves in subsequent model releases of the same vintage. In either case, the economic impact of the technology may not be known until it arrives. Stochastic dynamic programming is proposed to solve this problem under various scenarios of technological, capital budgeting constraints, and multiple suppliers. Due to the large state space of the system, approximation techniques will be used to allow for the solution of longer horizon problems, ensuring (near) optimal time zero decisions. The expected benefits of this work lie in the ability to determine optimal or near optimal policies for consumers of technological assets, such as hospitals. To verify these insights, Lehigh Valley Hospital has offered data on over 24,000 pieces of medical equipment. This information will allow for the application of the developed models.&lt;br/&gt;Furthermore, extensions of this work will more closely examine how to influence consumers' choices concerning technological change. For example, manufacturers may offer maintenance contracts or pecialized &lt;br/&gt;warranties in order to entice purchases while sharing the risk of using newer technologies. Furthermore, governments may offer incentives for manufacturers to adopt newer technologies with greater investment.&lt;br/&gt;These policies can be examined by analyzing the optimal replacement policies under differing conditions. The benefits of these analyses will be in designing methods (policies and contracts) that foster capital investment and technological innovation.</AbstractNarration>
    <MinAmdLetterDate>08/10/2006</MinAmdLetterDate>
    <MaxAmdLetterDate>03/29/2007</MaxAmdLetterDate>
    <ARRAAmount/>
    <AwardID>0600601</AwardID>
    <Investigator>
      <FirstName>Joseph</FirstName>
      <LastName>Hartman</LastName>
      <EmailAddress>Joseph_Hartman@uml.edu</EmailAddress>
      <StartDate>08/10/2006</StartDate>
      <EndDate/>
      <RoleCode>Principal Investigator</RoleCode>
    </Investigator>
    <Institution>
      <Name>Lehigh University</Name>
      <CityName>Bethlehem</CityName>
      <ZipCode>180153005</ZipCode>
      <PhoneNumber>6107583021</PhoneNumber>
      <StreetAddress>Alumni Building 27</StreetAddress>
      <CountryName>United States</CountryName>
      <StateName>Pennsylvania</StateName>
      <StateCode>PA</StateCode>
    </Institution>
    <FoaInformation>
      <Code>0308000</Code>
      <Name>Industrial Technology</Name>
    </FoaInformation>
    <ProgramElement>
      <Code>1786</Code>
      <Text>MANFG ENTERPRISE SYSTEMS</Text>
    </ProgramElement>
    <ProgramReference>
      <Code>071E</Code>
      <Text>MFG ENTERPRISE OPERATIONS</Text>
    </ProgramReference>
    <ProgramReference>
      <Code>074E</Code>
      <Text>PERF ANALYSIS &amp; RELIABILITY</Text>
    </ProgramReference>
    <ProgramReference>
      <Code>116E</Code>
      <Text>RESEARCH EXP FOR UNDERGRADS</Text>
    </ProgramReference>
    <ProgramReference>
      <Code>9146</Code>
      <Text>MANUFACTURING BASE RESEARCH</Text>
    </ProgramReference>
    <ProgramReference>
      <Code>9147</Code>
      <Text>GENERIC TECHNOL FOR MANUFACTURING CELLS</Text>
    </ProgramReference>
    <ProgramReference>
      <Code>9231</Code>
      <Text>SUPPL FOR UNDERGRAD RES ASSIST</Text>
    </ProgramReference>
    <ProgramReference>
      <Code>MANU</Code>
      <Text>MANUFACTURING</Text>
    </ProgramReference>
  </Award>
</rootTag>
