<?xml version="1.0" encoding="UTF-8"?>

<rootTag>
  <Award>
    <AwardTitle>GOALI: Mechanically Biased Self-Assembly of 2-D and 3-D Quantum Structures Using a Novel Nanostamping Process</AwardTitle>
    <AwardEffectiveDate>08/01/2006</AwardEffectiveDate>
    <AwardExpirationDate>07/31/2009</AwardExpirationDate>
    <AwardAmount>150000</AwardAmount>
    <AwardInstrument>
      <Value>Standard Grant</Value>
    </AwardInstrument>
    <Organization>
      <Code>07030000</Code>
      <Directorate>
        <LongName>Directorate For Engineering</LongName>
      </Directorate>
      <Division>
        <LongName>Div Of Civil, Mechanical, &amp; Manufact Inn</LongName>
      </Division>
    </Organization>
    <ProgramOfficer>
      <SignBlockName>George A. Hazelrigg</SignBlockName>
    </ProgramOfficer>
    <AbstractNarration>The research objective of this GOALI project is to explore the use of a nano mechanical indenter as a stamping tool to direct the self-assembly of molecular beam epitaxy (MBE) grown quantum dots for the nano-manufacturability of novel 2-D and 3-D quantum structures. The proposed approach seeks to understand and control surface effects, such as isotropic and anisotropic strain fields, for the directed self-assembly of nanostructures. A nanoindenter will be used to investigate the ability to mechanically stamp precise nanopatterns of surface strain on which quantum dot nucleation, positioning, and functionality will be studied. The research program will support and enhance the educational activities at both the undergraduate and graduate level on the Virginia Commonwealth University and University of Arkansas campuses. Planned outreach to local high school students and teachers through on-going lectures and demonstrations will allow for immersion to the world of nanoscience and technology, and aims to promote early interest of underrepresented students into science and engineering.&lt;br/&gt;&lt;br/&gt;The impact of the proposed research will allow for the advancement of the science and technology of emerging quantum dot-based devices, as well as enhance existing technologies by providing a means for integrating novel nanodevices with existing semiconductor devices to create multifunctional nano-integrated micro systems. The transition of nanoindentation as a science and the instrument platform from an analytical instrument to a nano-manufacturing tool would be a vital breakthrough in the nanomechanical instrumentation industry. Furthermore, the use of a nanoindenter as a stamping tool should be applicable to patterning not only epitaxially self-assembled quantum dots but also chemically synthesized quantum dots, self-assembled quantum wires, as well as biological nanostructure patterning. Opening up the possibility for the fabrication of novel nanostructure architectures for electronic, optoelectronic and biological devices, molecular sensors, and interconnections.</AbstractNarration>
    <MinAmdLetterDate>05/02/2006</MinAmdLetterDate>
    <MaxAmdLetterDate>05/02/2006</MaxAmdLetterDate>
    <ARRAAmount/>
    <AwardID>0600511</AwardID>
    <Investigator>
      <FirstName>Curtis</FirstName>
      <LastName>Taylor</LastName>
      <EmailAddress>curtis.taylor@ufl.edu</EmailAddress>
      <StartDate>05/02/2006</StartDate>
      <EndDate/>
      <RoleCode>Principal Investigator</RoleCode>
    </Investigator>
    <Investigator>
      <FirstName>Syed</FirstName>
      <LastName>Asif</LastName>
      <EmailAddress>sasif@hysitron.com</EmailAddress>
      <StartDate>05/02/2006</StartDate>
      <EndDate/>
      <RoleCode>Co-Principal Investigator</RoleCode>
    </Investigator>
    <Institution>
      <Name>Virginia Commonwealth University</Name>
      <CityName>RICHMOND</CityName>
      <ZipCode>232980568</ZipCode>
      <PhoneNumber>8048286772</PhoneNumber>
      <StreetAddress>P.O. Box 980568</StreetAddress>
      <CountryName>United States</CountryName>
      <StateName>Virginia</StateName>
      <StateCode>VA</StateCode>
    </Institution>
    <FoaInformation>
      <Code>0308000</Code>
      <Name>Industrial Technology</Name>
    </FoaInformation>
    <ProgramElement>
      <Code>1504</Code>
      <Text>GRANT OPP FOR ACAD LIA W/INDUS</Text>
    </ProgramElement>
    <ProgramElement>
      <Code>1788</Code>
      <Text>NANOMANUFACTURING</Text>
    </ProgramElement>
    <ProgramReference>
      <Code>081E</Code>
      <Text>NANO SCALE ASSEMBLY</Text>
    </ProgramReference>
    <ProgramReference>
      <Code>9146</Code>
      <Text>MANUFACTURING BASE RESEARCH</Text>
    </ProgramReference>
    <ProgramReference>
      <Code>MANU</Code>
      <Text>MANUFACTURING</Text>
    </ProgramReference>
  </Award>
</rootTag>
