<?xml version="1.0" encoding="UTF-8"?>

<rootTag>
  <Award>
    <AwardTitle>Invariants for Multivariate Operator Theory</AwardTitle>
    <AwardEffectiveDate>07/01/2006</AwardEffectiveDate>
    <AwardExpirationDate>12/31/2009</AwardExpirationDate>
    <AwardAmount>116000</AwardAmount>
    <AwardInstrument>
      <Value>Standard Grant</Value>
    </AwardInstrument>
    <Organization>
      <Code>03040100</Code>
      <Directorate>
        <LongName>Direct For Mathematical &amp; Physical Scien</LongName>
      </Directorate>
      <Division>
        <LongName>Division Of Mathematical Sciences</LongName>
      </Division>
    </Organization>
    <ProgramOfficer>
      <SignBlockName>Joe W. Jenkins</SignBlockName>
    </ProgramOfficer>
    <AbstractNarration>Abstract:&lt;br/&gt;&lt;br/&gt;Many physical phenomena are modeled mathematically using integral and differential equations which relate the physical variables and their rates of change. At least to a first approximation, such equations can be taken to be linear and can be profitably viewed as acting on spaces of functions. These space often possess a notion of length like that in Euclidean space which results in what is called a Hilbert space. The study of operators or linear transformations on such spaces has led to new insights in our understanding of quantum mechanics in physics and systems theory in electrical engineering. There are also strong interactions of operator theory with other parts of mathematics including geometry and topology. In recent years, researchers have turned much of their interest to studying more than one operator at a time, often assuming that they commute. As one might guess, the mathematical phenomena modeled can be quite intricate and they rest on notions and concepts from algebra and geometry. Moreover, the questions and results obtained have enriched these fields as well as providing powerful tools to study this multi-variable operator theory.&lt;br/&gt;&lt;br/&gt;While the study of self-adjoint multivariate operator theory is many decades old, the current proposal concerns the non-self adjoint case which has strong ties to algebraic and complex geometry. The basic notion of module from algebra is adapted to the Hilbert space setting. One considers examples in which holomorphic vector bundles arise naturally and curvature and higher order notions of curvature allow one to mediate results in operator theory. In the current proposal, the principal focus is on quotient modules and modeling their structure and kernel function using a new jet bundle constructed precisely for this purpose. The case when the quotient module is determined by a hyper surface is pretty well under control, at least for the ideal of functions vanishing to low order in the normal direction. Extending this understanding to other ideals determined by varieties with higher co dimension is the next large step and will be at the center of efforts over the next two years.</AbstractNarration>
    <MinAmdLetterDate>02/28/2006</MinAmdLetterDate>
    <MaxAmdLetterDate>02/28/2006</MaxAmdLetterDate>
    <ARRAAmount/>
    <AwardID>0600865</AwardID>
    <Investigator>
      <FirstName>Ronald</FirstName>
      <LastName>Douglas</LastName>
      <EmailAddress>rdouglas@math.tamu.edu</EmailAddress>
      <StartDate>02/28/2006</StartDate>
      <EndDate/>
      <RoleCode>Principal Investigator</RoleCode>
    </Investigator>
    <Institution>
      <Name>Texas A&amp;M Research Foundation</Name>
      <CityName>College Station</CityName>
      <ZipCode>778454321</ZipCode>
      <PhoneNumber>9798458600</PhoneNumber>
      <StreetAddress>400 Harvey Mitchell Parkway, S</StreetAddress>
      <CountryName>United States</CountryName>
      <StateName>Texas</StateName>
      <StateCode>TX</StateCode>
    </Institution>
    <FoaInformation>
      <Code>0000099</Code>
      <Name>Other Applications NEC</Name>
    </FoaInformation>
    <ProgramElement>
      <Code>1281</Code>
      <Text>ANALYSIS PROGRAM</Text>
    </ProgramElement>
    <ProgramReference>
      <Code>0000</Code>
      <Text>UNASSIGNED</Text>
    </ProgramReference>
    <ProgramReference>
      <Code>OTHR</Code>
      <Text>OTHER RESEARCH OR EDUCATION</Text>
    </ProgramReference>
  </Award>
</rootTag>
