<?xml version="1.0" encoding="UTF-8"?>

<rootTag>
  <Award>
    <AwardTitle>Visual Hyperspace Pareto Frontier (VHPF) for Multiattribute Decision-Making</AwardTitle>
    <AwardEffectiveDate>05/15/2006</AwardEffectiveDate>
    <AwardExpirationDate>04/30/2009</AwardExpirationDate>
    <AwardAmount>260000</AwardAmount>
    <AwardInstrument>
      <Value>Standard Grant</Value>
    </AwardInstrument>
    <Organization>
      <Code>07030000</Code>
      <Directorate>
        <LongName>Directorate For Engineering</LongName>
      </Directorate>
      <Division>
        <LongName>Div Of Civil, Mechanical, &amp; Manufact Inn</LongName>
      </Division>
    </Organization>
    <ProgramOfficer>
      <SignBlockName>Robert L. Smith</SignBlockName>
    </ProgramOfficer>
    <AbstractNarration>In this project we advance a research plan to develop methods that will enable a decision-maker to make interactive, real-time trade-off investigations for multi-attribute design problems, under certainty or uncertainty. These trade-off investigations will focus on identifying which design candidates best satisfy the performance objectives (as represented by the multiple attributes), which design candidates best satisfy some subset of performance objectives, and which design candidates remain 'good' candidates, even under uncertainty related to incompleteness of knowledge or random factors in the original design problem. The Visual Hyperspace Pareto Frontier (VHPF) will be developed to enable real-time decision-making, to address the complexity involved in any large multiattribute problem, and to accommodate the incorporation of uncertainty considerations. The long-term goals of the project are 1) to support decision-making in design by providing a visualization-based tool to meaningful explore multidimensional performance space in multi-attribute design, 2) to provide a lossless dimension blending technique, and 3) to integrate the blending technique with multidimensional visualization. The broader impacts are expected from the capability how data can be synthesized and processed appropriately so as to derive use, particularly when coming from many different disciplines, such as for structure determination for genomics, or entertainment simulation, or engineering analysis of complex systems.</AbstractNarration>
    <MinAmdLetterDate>04/26/2006</MinAmdLetterDate>
    <MaxAmdLetterDate>11/26/2008</MaxAmdLetterDate>
    <ARRAAmount/>
    <AwardID>0600263</AwardID>
    <Investigator>
      <FirstName>Christina</FirstName>
      <LastName>Bloebaum</LastName>
      <EmailAddress>bloebaum@iastate.edu</EmailAddress>
      <StartDate>04/26/2006</StartDate>
      <EndDate>11/26/2008</EndDate>
      <RoleCode>Former Principal Investigator</RoleCode>
    </Investigator>
    <Investigator>
      <FirstName>Kemper</FirstName>
      <LastName>Lewis</LastName>
      <EmailAddress>kelewis@buffalo.edu</EmailAddress>
      <StartDate>11/26/2008</StartDate>
      <EndDate/>
      <RoleCode>Principal Investigator</RoleCode>
    </Investigator>
    <Investigator>
      <FirstName>Kenneth</FirstName>
      <LastName>English</LastName>
      <EmailAddress>kwe@buffalo.edu</EmailAddress>
      <StartDate>04/26/2006</StartDate>
      <EndDate/>
      <RoleCode>Co-Principal Investigator</RoleCode>
    </Investigator>
    <Investigator>
      <FirstName>Kemper</FirstName>
      <LastName>Lewis</LastName>
      <EmailAddress>kelewis@buffalo.edu</EmailAddress>
      <StartDate>04/26/2006</StartDate>
      <EndDate>11/26/2008</EndDate>
      <RoleCode>Former Co-Principal Investigator</RoleCode>
    </Investigator>
    <Institution>
      <Name>SUNY at Buffalo</Name>
      <CityName>Amherst</CityName>
      <ZipCode>142282567</ZipCode>
      <PhoneNumber>7166452634</PhoneNumber>
      <StreetAddress>520 Lee Entrance</StreetAddress>
      <CountryName>United States</CountryName>
      <StateName>New York</StateName>
      <StateCode>NY</StateCode>
    </Institution>
    <FoaInformation>
      <Code>0308000</Code>
      <Name>Industrial Technology</Name>
    </FoaInformation>
    <ProgramElement>
      <Code>1464</Code>
      <Text>ENGINEERING DESIGN AND INNOVAT</Text>
    </ProgramElement>
    <ProgramReference>
      <Code>067E</Code>
      <Text>DESIGN TOOLS</Text>
    </ProgramReference>
    <ProgramReference>
      <Code>068E</Code>
      <Text>DESIGN THEORY</Text>
    </ProgramReference>
    <ProgramReference>
      <Code>079E</Code>
      <Text>VISUALIZATION &amp; VIRTUAL DESIGN</Text>
    </ProgramReference>
    <ProgramReference>
      <Code>115E</Code>
      <Text>RESEARCH EXP FOR TEACHERS</Text>
    </ProgramReference>
    <ProgramReference>
      <Code>7233</Code>
      <Text>RES EXPERIENCE FOR TEACHERS(RET)-SUPPLEM</Text>
    </ProgramReference>
    <ProgramReference>
      <Code>9146</Code>
      <Text>MANUFACTURING BASE RESEARCH</Text>
    </ProgramReference>
    <ProgramReference>
      <Code>9148</Code>
      <Text>TOOLS &amp; TECHNOL FOR MANUFACTURING DESIGN</Text>
    </ProgramReference>
    <ProgramReference>
      <Code>MANU</Code>
      <Text>MANUFACTURING</Text>
    </ProgramReference>
  </Award>
</rootTag>
