<?xml version="1.0" encoding="UTF-8"?>

<rootTag>
  <Award>
    <AwardTitle>Research in Theoretical Elementary Particle Physics</AwardTitle>
    <AwardEffectiveDate>07/01/2006</AwardEffectiveDate>
    <AwardExpirationDate>06/30/2010</AwardExpirationDate>
    <AwardAmount>470374</AwardAmount>
    <AwardInstrument>
      <Value>Continuing grant</Value>
    </AwardInstrument>
    <Organization>
      <Code>03010500</Code>
      <Directorate>
        <LongName>Direct For Mathematical &amp; Physical Scien</LongName>
      </Directorate>
      <Division>
        <LongName>Division Of Physics</LongName>
      </Division>
    </Organization>
    <ProgramOfficer>
      <SignBlockName>Keith R. Dienes</SignBlockName>
    </ProgramOfficer>
    <AbstractNarration>This proposal requests support for a continuing program of research at the interface of string theory, supergravity and quantum field theories. Applications to cosmology and to strongly coupled QCD-like field theories, the basis of hadron structure and interactions, will also be pursued. The PI is an acknowlrdged leader in the field, with important results to his credit; an example is one of the first explicit calculations of correlators in the AdS/CFT correspondence. His postdoctoral fellow has done seminal technical work in string theory, and is one of the promising members of his generation.</AbstractNarration>
    <MinAmdLetterDate>04/13/2006</MinAmdLetterDate>
    <MaxAmdLetterDate>05/16/2008</MaxAmdLetterDate>
    <ARRAAmount/>
    <AwardID>0600465</AwardID>
    <Investigator>
      <FirstName>Daniel</FirstName>
      <LastName>Freedman</LastName>
      <EmailAddress>dzf@math.mit.edu</EmailAddress>
      <StartDate>04/13/2006</StartDate>
      <EndDate/>
      <RoleCode>Principal Investigator</RoleCode>
    </Investigator>
    <Institution>
      <Name>Massachusetts Institute of Technology</Name>
      <CityName>Cambridge</CityName>
      <ZipCode>021394301</ZipCode>
      <PhoneNumber>6172531000</PhoneNumber>
      <StreetAddress>77 MASSACHUSETTS AVE</StreetAddress>
      <CountryName>United States</CountryName>
      <StateName>Massachusetts</StateName>
      <StateCode>MA</StateCode>
    </Institution>
    <FoaInformation>
      <Code>0000099</Code>
      <Name>Other Applications NEC</Name>
    </FoaInformation>
    <ProgramElement>
      <Code>1286</Code>
      <Text>Elem. Particle Physics/Theory</Text>
    </ProgramElement>
    <ProgramReference>
      <Code>0000</Code>
      <Text>UNASSIGNED</Text>
    </ProgramReference>
    <ProgramReference>
      <Code>OTHR</Code>
      <Text>OTHER RESEARCH OR EDUCATION</Text>
    </ProgramReference>
  </Award>
</rootTag>
