<?xml version="1.0" encoding="UTF-8"?>

<rootTag>
  <Award>
    <AwardTitle>Moduli problems in algebraic geometry</AwardTitle>
    <AwardEffectiveDate>07/01/2006</AwardEffectiveDate>
    <AwardExpirationDate>10/31/2006</AwardExpirationDate>
    <AwardAmount>110046</AwardAmount>
    <AwardInstrument>
      <Value>Standard Grant</Value>
    </AwardInstrument>
    <Organization>
      <Code>03040200</Code>
      <Directorate>
        <LongName>Direct For Mathematical &amp; Physical Scien</LongName>
      </Directorate>
      <Division>
        <LongName>Division Of Mathematical Sciences</LongName>
      </Division>
    </Organization>
    <ProgramOfficer>
      <SignBlockName>Tie Luo</SignBlockName>
    </ProgramOfficer>
    <AbstractNarration>Hacking's research focuses on moduli spaces of algebraic surfaces.&lt;br/&gt;These spaces are known to have complicated singularities in&lt;br/&gt;general. However, Hacking proposes to describe fundamental&lt;br/&gt;examples which are well-behaved and understand the many new&lt;br/&gt;phenomena which do not occur for moduli of curves. Jointly with&lt;br/&gt;Keel and Tevelev, Hacking will describe natural compactifications&lt;br/&gt;of the moduli spaces of del Pezzo surfaces. These spaces can be&lt;br/&gt;thought of as analogues of the moduli spaces of pointed stable&lt;br/&gt;curves of genus zero associated to the exceptional root systems.&lt;br/&gt;Hacking has shown that the moduli space of curves is rigid, i.e.,&lt;br/&gt;cannot be deformed. However, a heuristic due to Kapranov suggests&lt;br/&gt;that moduli spaces of surfaces should have deformations in&lt;br/&gt;general, and Hacking aims to construct an explicit example. The&lt;br/&gt;total space of the deformation should be a moduli space of&lt;br/&gt;generalised surfaces in some sense, e.g., noncommutative surfaces.&lt;br/&gt;Hacking also proposes to relate degenerations of del Pezzo&lt;br/&gt;surfaces and derived categories and to study noncommutative&lt;br/&gt;analogues of Kleinian singularities.&lt;br/&gt;&lt;br/&gt;Algebraic geometry is the study of algebraic varieties, i.e.,&lt;br/&gt;spaces defined by polynomial equations. Many of the spaces arising&lt;br/&gt;in nature are algebraic varieties, so algebraic geometry is&lt;br/&gt;important in theoretical physics. A moduli space is a space&lt;br/&gt;parametrising all varieties of a given topological type. Moduli&lt;br/&gt;spaces are again algebraic varieties and often have many&lt;br/&gt;remarkable properties one cannot hope to observe on an arbitrary&lt;br/&gt;variety. The moduli spaces of curves have been intensively studied&lt;br/&gt;and are of fundamental importance in many contexts. The proposed&lt;br/&gt;research concerns moduli spaces of surfaces, which are only poorly&lt;br/&gt;understood at present.</AbstractNarration>
    <MinAmdLetterDate>04/18/2006</MinAmdLetterDate>
    <MaxAmdLetterDate>04/18/2006</MaxAmdLetterDate>
    <ARRAAmount/>
    <AwardID>0600830</AwardID>
    <Investigator>
      <FirstName>Paul</FirstName>
      <LastName>Hacking</LastName>
      <EmailAddress>hacking@math.umass.edu</EmailAddress>
      <StartDate>04/18/2006</StartDate>
      <EndDate/>
      <RoleCode>Principal Investigator</RoleCode>
    </Investigator>
    <Institution>
      <Name>Yale University</Name>
      <CityName>New Haven</CityName>
      <ZipCode>065208327</ZipCode>
      <PhoneNumber>2037854689</PhoneNumber>
      <StreetAddress>Office of Sponsored Projects</StreetAddress>
      <CountryName>United States</CountryName>
      <StateName>Connecticut</StateName>
      <StateCode>CT</StateCode>
    </Institution>
    <FoaInformation>
      <Code>0000099</Code>
      <Name>Other Applications NEC</Name>
    </FoaInformation>
    <ProgramElement>
      <Code>1264</Code>
      <Text>ALGEBRA,NUMBER THEORY,AND COM</Text>
    </ProgramElement>
    <ProgramReference>
      <Code>0000</Code>
      <Text>UNASSIGNED</Text>
    </ProgramReference>
    <ProgramReference>
      <Code>OTHR</Code>
      <Text>OTHER RESEARCH OR EDUCATION</Text>
    </ProgramReference>
  </Award>
</rootTag>
