<?xml version="1.0" encoding="UTF-8"?>

<rootTag>
  <Award>
    <AwardTitle>RET Site: National Nanotechnology Infrastructure Network (NNIN) RET Program</AwardTitle>
    <AwardEffectiveDate>04/01/2006</AwardEffectiveDate>
    <AwardExpirationDate>03/31/2009</AwardExpirationDate>
    <AwardAmount>449250</AwardAmount>
    <AwardInstrument>
      <Value>Standard Grant</Value>
    </AwardInstrument>
    <Organization>
      <Code>07050000</Code>
      <Directorate>
        <LongName>Directorate For Engineering</LongName>
      </Directorate>
      <Division>
        <LongName>Div Of Engineering Education and Centers</LongName>
      </Division>
    </Organization>
    <ProgramOfficer>
      <SignBlockName>Mary Poats</SignBlockName>
    </ProgramOfficer>
    <AbstractNarration>This award provides funding for a three year standard award to support a Research Experiences for Teachers (RET) Site program at Georgia Institute of Technology, entitled, "RET Site: National Nanotechnology Infrastructure Network (NNIN) RET Program," under the direction of Dr. Nancy Healy. The objectives of this program are to assist a total of 45 in service and pre service science teachers in understanding and communicating the importance of using inquiry-based methods to solve problems by doing research in nanotechnology; establish a long-term mentorship support group of teachers who will become advocates for nanotechnology education and careers; nurture a mentorship community between professors, graduate student mentors, and science teachers in high-need school districts; and build a library of classroom modules, quicklabs, and activities for the classroom.</AbstractNarration>
    <MinAmdLetterDate>03/10/2006</MinAmdLetterDate>
    <MaxAmdLetterDate>03/10/2006</MaxAmdLetterDate>
    <ARRAAmount/>
    <AwardID>0601939</AwardID>
    <Investigator>
      <FirstName>Mark</FirstName>
      <LastName>Rodwell</LastName>
      <EmailAddress>rodwell@ece.ucsb.edu</EmailAddress>
      <StartDate>03/10/2006</StartDate>
      <EndDate/>
      <RoleCode>Co-Principal Investigator</RoleCode>
    </Investigator>
    <Investigator>
      <FirstName>Nancy</FirstName>
      <LastName>Healy</LastName>
      <EmailAddress>nancy.healy@mirc.gatech.edu</EmailAddress>
      <StartDate>03/10/2006</StartDate>
      <EndDate/>
      <RoleCode>Principal Investigator</RoleCode>
    </Investigator>
    <Institution>
      <Name>Georgia Tech Research Corporation</Name>
      <CityName>Atlanta</CityName>
      <ZipCode>303320420</ZipCode>
      <PhoneNumber>4048944819</PhoneNumber>
      <StreetAddress>Office of Sponsored Programs</StreetAddress>
      <CountryName>United States</CountryName>
      <StateName>Georgia</StateName>
      <StateCode>GA</StateCode>
    </Institution>
    <ProgramElement>
      <Code>1359</Code>
      <Text>RES EXP FOR TEACHERS(RET)-SITE</Text>
    </ProgramElement>
    <ProgramReference>
      <Code>115E</Code>
      <Text>RESEARCH EXP FOR TEACHERS</Text>
    </ProgramReference>
    <ProgramReference>
      <Code>9178</Code>
      <Text>UNDERGRADUATE EDUCATION</Text>
    </ProgramReference>
    <ProgramReference>
      <Code>SMET</Code>
      <Text>SCIENCE, MATH, ENG &amp; TECH EDUCATION</Text>
    </ProgramReference>
  </Award>
</rootTag>
