<?xml version="1.0" encoding="UTF-8"?>

<rootTag>
  <Award>
    <AwardTitle>Shock-Induced Arrhythmogenesis in Regional Myocardial Ischemia</AwardTitle>
    <AwardEffectiveDate>09/01/2006</AwardEffectiveDate>
    <AwardExpirationDate>12/31/2006</AwardExpirationDate>
    <AwardAmount>344098</AwardAmount>
    <AwardInstrument>
      <Value>Standard Grant</Value>
    </AwardInstrument>
    <Organization>
      <Code>07020000</Code>
      <Directorate>
        <LongName>Directorate For Engineering</LongName>
      </Directorate>
      <Division>
        <LongName>Div Of Chem, Bioeng, Env, &amp; Transp Sys</LongName>
      </Division>
    </Organization>
    <ProgramOfficer>
      <SignBlockName>Semahat S. Demir</SignBlockName>
    </ProgramOfficer>
    <AbstractNarration>0601935&lt;br/&gt;Trayanova&lt;br/&gt;&lt;br/&gt;This project will improve the understanding of defibrillation mechanisms in the context of ischemia. Since a large fraction of cardiac arrhythmias occur in this setting, this is a significant clinical problem. The goal of this proposal is to develop a 3-D model of the rabbit ventricle and to study how the response of the heart to defibrillation shocks is altered by ischemia. This project could have an impact in the development of better defibrillators to prevent sudden cardiac death.</AbstractNarration>
    <MinAmdLetterDate>08/28/2006</MinAmdLetterDate>
    <MaxAmdLetterDate>08/28/2006</MaxAmdLetterDate>
    <ARRAAmount/>
    <AwardID>0601935</AwardID>
    <Investigator>
      <FirstName>Natalia</FirstName>
      <LastName>Trayanova</LastName>
      <EmailAddress>ntrayanova@jhu.edu</EmailAddress>
      <StartDate>08/28/2006</StartDate>
      <EndDate/>
      <RoleCode>Principal Investigator</RoleCode>
    </Investigator>
    <Institution>
      <Name>Tulane University</Name>
      <CityName>NEW ORLEANS</CityName>
      <ZipCode>701185698</ZipCode>
      <PhoneNumber>5048654000</PhoneNumber>
      <StreetAddress>6823 ST CHARLES AVENUE</StreetAddress>
      <CountryName>United States</CountryName>
      <StateName>Louisiana</StateName>
      <StateCode>LA</StateCode>
    </Institution>
    <FoaInformation>
      <Code>0000099</Code>
      <Name>Other Applications NEC</Name>
    </FoaInformation>
    <ProgramElement>
      <Code>7446</Code>
      <Text>MATH PRIORITY SOLICITATION</Text>
    </ProgramElement>
    <ProgramElement>
      <Code>7454</Code>
      <Text>MSPA-INTERDISCIPLINARY</Text>
    </ProgramElement>
    <ProgramReference>
      <Code>0000</Code>
      <Text>UNASSIGNED</Text>
    </ProgramReference>
    <ProgramReference>
      <Code>013E</Code>
      <Text>MULTI-SCALE MODELING</Text>
    </ProgramReference>
    <ProgramReference>
      <Code>7303</Code>
      <Text>MATH SCI PRIORITY AREA: INTERDISCIPLINAR</Text>
    </ProgramReference>
    <ProgramReference>
      <Code>9150</Code>
      <Text>EXP PROG TO STIM COMP RES</Text>
    </ProgramReference>
    <ProgramReference>
      <Code>OTHR</Code>
      <Text>OTHER RESEARCH OR EDUCATION</Text>
    </ProgramReference>
  </Award>
</rootTag>
