<?xml version="1.0" encoding="UTF-8"?>

<rootTag>
  <Award>
    <AwardTitle>International Research Fellowship Program: Hydrodynamics of Fringing Coral Reef Systems</AwardTitle>
    <AwardEffectiveDate>01/01/2007</AwardEffectiveDate>
    <AwardExpirationDate>12/31/2008</AwardExpirationDate>
    <AwardAmount>104640</AwardAmount>
    <AwardInstrument>
      <Value>Fellowship</Value>
    </AwardInstrument>
    <Organization>
      <Code>01090000</Code>
      <Directorate>
        <LongName>Office Of The Director</LongName>
      </Directorate>
      <Division>
        <LongName>Office Of Internatl Science &amp;Engineering</LongName>
      </Division>
    </Organization>
    <ProgramOfficer>
      <SignBlockName>Cassandra M. Dudka</SignBlockName>
    </ProgramOfficer>
    <AbstractNarration>0601787&lt;br/&gt;Lowe&lt;br/&gt;&lt;br/&gt;The International Research Fellowship Program enables U.S. scientists and engineers to conduct nine to twenty-four months of research abroad. The program's awards provide opportunities for joint research, and the use of unique or complementary facilities, expertise and experimental conditions abroad.&lt;br/&gt;&lt;br/&gt;This award will support a twenty-four-month research fellowship by Dr. Ryan Lowe to work with Dr. Greg Ivey and Dr. Chari Pattiaratchi at the University of Western Australia, and Dr. Graham Symonds at the Australian Commonwealth Scientific and Industrial Research Organisation (CSIRO), in Perth, Australia.&lt;br/&gt;&lt;br/&gt;The goal of this project is to improve our understanding and ability to predict circulation on fringing coral reefs. The ecology of coral reefs is closely linked with water motion, which transports and disperses key biological material such as nutrients and larvae. Accordingly, the use of hydrodynamic models to predict reef circulation is needed to successfully manage these systems. Currents on reefs can be driven by a number of forcing mechanisms including waves, tides, wind, and buoyancy effects. Several 1D analytical models have been developed to predict these currents, by assuming simplified forms for the reef geometries. On some reefs these 1D models have been shown to accurately characterize the prevailing currents. However, the application of these 1D models to fringing reefs (those where the reef lies close to the shore) is problematic, because the circulation of these reefs is known to be a strong function of the particular 3D nature of the reef geometry. Understanding flow on fringing reefs is imperative because they represent the dominant class of reefs found in many regions of the world, including those adjacent to the US (e.g., the Hawaiian Islands, Florida, and the Caribbean). In order to best understand and predict how these various forces drive flow on fringing reefs, 3D numerical models must be employed, but their application has been mostly lacking in previous studies. As such, this project aims: 1) to apply a 3D hydrodynamic model as a tool to advance our understanding of how wave, tidal, wind and buoyancy forcing drives circulation on a fringing coral reef, and 2) to conduct an intensive field experiment to measure the dominant circulation of the reef, thus providing data to validate the model. The study will focus on Ningaloo Reef, Western Australia, one of Australia's most significant fringing reefs in terms of both its size and biodiversity.</AbstractNarration>
    <MinAmdLetterDate>06/05/2006</MinAmdLetterDate>
    <MaxAmdLetterDate>06/05/2006</MaxAmdLetterDate>
    <ARRAAmount/>
    <AwardID>0601787</AwardID>
    <Investigator>
      <FirstName>Ryan</FirstName>
      <LastName>Lowe</LastName>
      <EmailAddress/>
      <StartDate>06/05/2006</StartDate>
      <EndDate/>
      <RoleCode>Principal Investigator</RoleCode>
    </Investigator>
    <Institution>
      <Name>Lowe Ryan J</Name>
      <CityName>Mountain View</CityName>
      <ZipCode>940432611</ZipCode>
      <PhoneNumber/>
      <StreetAddress/>
      <CountryName>United States</CountryName>
      <StateName>California</StateName>
      <StateCode>CA</StateCode>
    </Institution>
    <FoaInformation>
      <Code>0000099</Code>
      <Name>Other Applications NEC</Name>
    </FoaInformation>
    <ProgramElement>
      <Code>7316</Code>
      <Text>EAPSI</Text>
    </ProgramElement>
    <ProgramReference>
      <Code>0000</Code>
      <Text>UNASSIGNED</Text>
    </ProgramReference>
    <ProgramReference>
      <Code>5912</Code>
      <Text>AUSTRALIA</Text>
    </ProgramReference>
    <ProgramReference>
      <Code>5956</Code>
      <Text>IRFP</Text>
    </ProgramReference>
    <ProgramReference>
      <Code>5978</Code>
      <Text>EAST ASIA AND PACIFIC PROGRAM</Text>
    </ProgramReference>
    <ProgramReference>
      <Code>OTHR</Code>
      <Text>OTHER RESEARCH OR EDUCATION</Text>
    </ProgramReference>
  </Award>
</rootTag>
