<?xml version="1.0" encoding="UTF-8"?>

<rootTag>
  <Award>
    <AwardTitle>Research Training Group in Applied Differential Equations and Scientific Computing (EMSW21-RTG)</AwardTitle>
    <AwardEffectiveDate>07/01/2006</AwardEffectiveDate>
    <AwardExpirationDate>06/30/2012</AwardExpirationDate>
    <AwardAmount>1320000</AwardAmount>
    <AwardInstrument>
      <Value>Continuing grant</Value>
    </AwardInstrument>
    <Organization>
      <Code>03040000</Code>
      <Directorate>
        <LongName>Direct For Mathematical &amp; Physical Scien</LongName>
      </Directorate>
      <Division>
        <LongName>Division Of Mathematical Sciences</LongName>
      </Division>
    </Organization>
    <ProgramOfficer>
      <SignBlockName>Junping Wang</SignBlockName>
    </ProgramOfficer>
    <AbstractNarration>UCLA has a unique environment for advancing the careers of young researchers. State of the art research in applied mathematics, including image processing, materials science, and fluid dynamics is developed with full participation of a vibrant group of graduate students and postdocs. We propose to build on this program to provide an exceptional training and mentoring experience for younger students at the undergraduate and early graduate level. This program will support, over five years, up to 60 REU students from both UCLA and Harvey Mudd College. Proposed research projects include spatio-temporal pattern analysis in crime data, experimental and analysis of slurry flows, imaging processing, and cooperative control of robotic vehicles. An additional group of 15 PhD students, in the early stages of their career, will develop a research career in applied mathematics. These students will have the opportunity to participate in summer internship projects with faculty from other departments and with industry and national laboratories. Students will receive additional training in computation as well as mathematical analysis skills necessary to succeed in a top PhD program.&lt;br/&gt;&lt;br/&gt;The investigators propose a research training program to enhance the workforce of US citizens and permanent residents entering research study applied and computational differential equations. This program is designed for undergraduate students and graduate students in the early part of a research career. They will work both one-on-one and in small research groups with faculty mentors on cutting edge research problems in an immersive research environment. This program will support, over five years, up to 60 REU students&lt;br/&gt;from both UCLA and Harvey Mudd College. These students will have the opportunity to be part of a research team in a large research university. Proposed research projects include modeling of crime in Los Angeles, laboratory and mathematical studies of mud slides, medical imaging, and coordination and tracking of autonomous vehicles. In addition, up to 15 PhD students, in the early part of their careers, will participate in this program, which includes summer graduate internship projects with faculty from other departments and with industry and national laboratories. All students in the program will have the opportunity to participate in new curricular activities aimed at developing the mathematical and computational background necessary to succeed in a top PhD program in computational and applied mathematics.</AbstractNarration>
    <MinAmdLetterDate>06/16/2006</MinAmdLetterDate>
    <MaxAmdLetterDate>04/16/2010</MaxAmdLetterDate>
    <ARRAAmount/>
    <AwardID>0601395</AwardID>
    <Investigator>
      <FirstName>Andrea</FirstName>
      <LastName>Bertozzi</LastName>
      <EmailAddress>bertozzi@math.ucla.edu</EmailAddress>
      <StartDate>06/16/2006</StartDate>
      <EndDate/>
      <RoleCode>Principal Investigator</RoleCode>
    </Investigator>
    <Investigator>
      <FirstName>Alan</FirstName>
      <LastName>Laub</LastName>
      <EmailAddress>laub@ucla.edu</EmailAddress>
      <StartDate>06/16/2006</StartDate>
      <EndDate/>
      <RoleCode>Co-Principal Investigator</RoleCode>
    </Investigator>
    <Investigator>
      <FirstName>Christopher</FirstName>
      <LastName>Anderson</LastName>
      <EmailAddress>anderson@math.ucla.edu</EmailAddress>
      <StartDate>06/16/2006</StartDate>
      <EndDate/>
      <RoleCode>Co-Principal Investigator</RoleCode>
    </Investigator>
    <Institution>
      <Name>University of California-Los Angeles</Name>
      <CityName>LOS ANGELES</CityName>
      <ZipCode>900951406</ZipCode>
      <PhoneNumber>3107940102</PhoneNumber>
      <StreetAddress>10889 Wilshire Boulevard</StreetAddress>
      <CountryName>United States</CountryName>
      <StateName>California</StateName>
      <StateCode>CA</StateCode>
    </Institution>
    <FoaInformation>
      <Code>0000099</Code>
      <Name>Other Applications NEC</Name>
    </FoaInformation>
    <ProgramElement>
      <Code>1266</Code>
      <Text>APPLIED MATHEMATICS</Text>
    </ProgramElement>
    <ProgramElement>
      <Code>1271</Code>
      <Text>COMPUTATIONAL MATHEMATICS</Text>
    </ProgramElement>
    <ProgramElement>
      <Code>7335</Code>
      <Text>WORKFORCE IN THE MATHEMAT SCI</Text>
    </ProgramElement>
    <ProgramReference>
      <Code>0000</Code>
      <Text>UNASSIGNED</Text>
    </ProgramReference>
    <ProgramReference>
      <Code>7301</Code>
      <Text>RES TRAINING GROUPS IN THE MATH SCIENCES</Text>
    </ProgramReference>
    <ProgramReference>
      <Code>9263</Code>
      <Text>COMPUTATIONAL SCIENCE &amp; ENGING</Text>
    </ProgramReference>
    <ProgramReference>
      <Code>OTHR</Code>
      <Text>OTHER RESEARCH OR EDUCATION</Text>
    </ProgramReference>
  </Award>
</rootTag>
