<?xml version="1.0" encoding="UTF-8"?>

<rootTag>
  <Award>
    <AwardTitle>Non-Linear Device Applications of Nano-Patterned Barium Strontium Titanate Thin Films</AwardTitle>
    <AwardEffectiveDate>05/01/2006</AwardEffectiveDate>
    <AwardExpirationDate>04/30/2011</AwardExpirationDate>
    <AwardAmount>318203</AwardAmount>
    <AwardInstrument>
      <Value>Standard Grant</Value>
    </AwardInstrument>
    <Organization>
      <Code>07010000</Code>
      <Directorate>
        <LongName>Directorate For Engineering</LongName>
      </Directorate>
      <Division>
        <LongName>Div Of Electrical, Commun &amp; Cyber Sys</LongName>
      </Division>
    </Organization>
    <ProgramOfficer>
      <SignBlockName>Samir El-Ghazaly</SignBlockName>
    </ProgramOfficer>
    <AbstractNarration>Objective - The objective of this research is to investigate the non-linear properties of nano-scale active regions of barium strontium titanate (BST) thin films, their dependence upon deposition and patterning processes, and their manifestation in macro-scale observables including capacitance-voltage behavior. Important goals for this project include the development of non-linear computer-aided-design models and design techniques for BST circuits based on non-linear transmission line topologies. The approach is to use planar capacitor (varactor) structures, layered on a BST film, as the building block for more complex devices. The structures will be patterned using focused ion beam (FIB) milling to create nano-scale gaps. &lt;br/&gt;&lt;br/&gt;Intellectual Merit - The varactors that will be developed have feature sizes on the same order of magnitude as the film's surface roughness - at this scale, the homogeneity of the film and resultant capacitance-voltage properties, switching speed and dielectric relaxation are not well understood. The exploitation of BST for microwave signal generation will require a thorough understanding of the non-linear properties and advancements in modeling methodologies.&lt;br/&gt;&lt;br/&gt;Broader Impact - The devices that will be developed can have a great impact on society at large, as the functionality is integral to specialized systems such as military radar and many commercial telecommunications systems. Furthermore, the fundamental knowledge gained on non-linear behavior of BST will be useful to engineers and physicists working in related fields such as high-density memory. The PIs have a track-record of involving under-represented minorities in their research activities and will recruit female and minority students to perform this work.</AbstractNarration>
    <MinAmdLetterDate>05/01/2006</MinAmdLetterDate>
    <MaxAmdLetterDate>06/25/2010</MaxAmdLetterDate>
    <ARRAAmount/>
    <AwardID>0601536</AwardID>
    <Investigator>
      <FirstName>Thomas</FirstName>
      <LastName>Weller</LastName>
      <EmailAddress>weller@usf.edu</EmailAddress>
      <StartDate>05/01/2006</StartDate>
      <EndDate/>
      <RoleCode>Principal Investigator</RoleCode>
    </Investigator>
    <Investigator>
      <FirstName>Ashok</FirstName>
      <LastName>Kumar</LastName>
      <EmailAddress>kumar@usf.edu</EmailAddress>
      <StartDate>05/01/2006</StartDate>
      <EndDate/>
      <RoleCode>Co-Principal Investigator</RoleCode>
    </Investigator>
    <Investigator>
      <FirstName>Matthew</FirstName>
      <LastName>Smith</LastName>
      <EmailAddress>Matthew_C_Smith@raytheon.com</EmailAddress>
      <StartDate>05/01/2006</StartDate>
      <EndDate/>
      <RoleCode>Co-Principal Investigator</RoleCode>
    </Investigator>
    <Institution>
      <Name>University of South Florida</Name>
      <CityName>Tampa</CityName>
      <ZipCode>336129446</ZipCode>
      <PhoneNumber>8139742897</PhoneNumber>
      <StreetAddress>3702 Spectrum Blvd.</StreetAddress>
      <CountryName>United States</CountryName>
      <StateName>Florida</StateName>
      <StateCode>FL</StateCode>
    </Institution>
    <FoaInformation>
      <Code>0206000</Code>
      <Name>Telecommunications</Name>
    </FoaInformation>
    <ProgramElement>
      <Code>1504</Code>
      <Text>GRANT OPP FOR ACAD LIA W/INDUS</Text>
    </ProgramElement>
    <ProgramElement>
      <Code>1517</Code>
      <Text>ELECT, PHOTONICS, &amp; MAG DEVICE</Text>
    </ProgramElement>
    <ProgramReference>
      <Code>0000</Code>
      <Text>UNASSIGNED</Text>
    </ProgramReference>
    <ProgramReference>
      <Code>1504</Code>
      <Text>GRANT OPP FOR ACAD LIA W/INDUS</Text>
    </ProgramReference>
    <ProgramReference>
      <Code>OTHR</Code>
      <Text>OTHER RESEARCH OR EDUCATION</Text>
    </ProgramReference>
    <ProgramReference>
      <Code>9147</Code>
      <Text>GENERIC TECHNOL FOR MANUFACTURING CELLS</Text>
    </ProgramReference>
    <ProgramReference>
      <Code>MANU</Code>
      <Text>MANUFACTURING</Text>
    </ProgramReference>
  </Award>
</rootTag>
