<?xml version="1.0" encoding="UTF-8"?>

<rootTag>
  <Award>
    <AwardTitle>Geometric and Probabilistic Problems from Low Dimensional Gauge Theories</AwardTitle>
    <AwardEffectiveDate>06/01/2006</AwardEffectiveDate>
    <AwardExpirationDate>05/31/2011</AwardExpirationDate>
    <AwardAmount>125726</AwardAmount>
    <AwardInstrument>
      <Value>Standard Grant</Value>
    </AwardInstrument>
    <Organization>
      <Code>03040000</Code>
      <Directorate>
        <LongName>Direct For Mathematical &amp; Physical Scien</LongName>
      </Directorate>
      <Division>
        <LongName>Division Of Mathematical Sciences</LongName>
      </Division>
    </Organization>
    <ProgramOfficer>
      <SignBlockName>Christopher W. Stark</SignBlockName>
    </ProgramOfficer>
    <AbstractNarration>This project is devoted to mathematical problems arising from quantum physics, in particular from the study of forces between the fundamental constituents of matter. The fields of interest for this project include Yang-Mills fields, which mediate interaction between fundamental particles of nature. These fields are modeled mathematically by the geometric notion of connections. These are fundamental to the study of both gravitation and the interactions of elementary particles of nature. The quantum behavior of such fields is described mathematically in terms of functional integrals. Investigations, begun in large part through the work of G. "t Hooft in the early 1970s, have found a wealth of deeper structures and ideas in the behavior of such integrals when the physical field's symmetry size, described by a number N, is large. One direction being proposed in the project is the development of a mathematically complete description of this large-N 'master field.' An area known as free probability theory is expected to play a central role here. Other directions, involving generally the same areas of mathematics, will also be pursued.&lt;br/&gt;&lt;br/&gt;The project aims to discover new mathematical results and structures, such as a generalized geometry arising from the limiting large-N theory, which are inspired by physical theories. The mathematical contexts range from differential geometry to stochastics and large random matrices. The research work on this project is expected to have a positive impact on graduate and undergraduate education through seminars and lectures to be arranged in the course of the project. The project would involve international research collaboration. In a broader intellectual plane, the project would produce a fruitful combination of ideas from the frontiers of physics and mathematics.</AbstractNarration>
    <MinAmdLetterDate>05/30/2006</MinAmdLetterDate>
    <MaxAmdLetterDate>05/30/2006</MaxAmdLetterDate>
    <ARRAAmount/>
    <AwardID>0601141</AwardID>
    <Investigator>
      <FirstName>Ambar</FirstName>
      <LastName>Sengupta</LastName>
      <EmailAddress>sengupta@math.lsu.edu</EmailAddress>
      <StartDate>05/30/2006</StartDate>
      <EndDate/>
      <RoleCode>Principal Investigator</RoleCode>
    </Investigator>
    <Institution>
      <Name>Louisiana State University &amp; Agricultural and Mechanical College</Name>
      <CityName>Baton Rouge</CityName>
      <ZipCode>708032701</ZipCode>
      <PhoneNumber>2255782760</PhoneNumber>
      <StreetAddress>202 Himes Hall</StreetAddress>
      <CountryName>United States</CountryName>
      <StateName>Louisiana</StateName>
      <StateCode>LA</StateCode>
    </Institution>
    <FoaInformation>
      <Code>0000099</Code>
      <Name>Other Applications NEC</Name>
    </FoaInformation>
    <ProgramElement>
      <Code>1265</Code>
      <Text>GEOMETRIC ANALYSIS</Text>
    </ProgramElement>
    <ProgramElement>
      <Code>7552</Code>
      <Text>COFFES</Text>
    </ProgramElement>
    <ProgramReference>
      <Code>0000</Code>
      <Text>UNASSIGNED</Text>
    </ProgramReference>
    <ProgramReference>
      <Code>9150</Code>
      <Text>EXP PROG TO STIM COMP RES</Text>
    </ProgramReference>
    <ProgramReference>
      <Code>OTHR</Code>
      <Text>OTHER RESEARCH OR EDUCATION</Text>
    </ProgramReference>
  </Award>
</rootTag>
