<?xml version="1.0" encoding="UTF-8"?>

<rootTag>
  <Award>
    <AwardTitle>Complex geometry of noncommutative tori and t-structures on derived categories</AwardTitle>
    <AwardEffectiveDate>06/01/2006</AwardEffectiveDate>
    <AwardExpirationDate>05/31/2010</AwardExpirationDate>
    <AwardAmount>127026</AwardAmount>
    <AwardInstrument>
      <Value>Continuing grant</Value>
    </AwardInstrument>
    <Organization>
      <Code>03040000</Code>
      <Directorate>
        <LongName>Direct For Mathematical &amp; Physical Scien</LongName>
      </Directorate>
      <Division>
        <LongName>Division Of Mathematical Sciences</LongName>
      </Division>
    </Organization>
    <ProgramOfficer>
      <SignBlockName>Tie Luo</SignBlockName>
    </ProgramOfficer>
    <AbstractNarration>The proposed research will focus mainly on two topics:&lt;br/&gt;1) holomorphic bundles on noncommutative tori, and &lt;br/&gt;2) t-structures and stability conditions on derived categories.&lt;br/&gt;Noncommutative tori play an important role in noncommutative geometry being the simplest examples of noncommutative manifolds. However, putting the complex structure and considering corresponding holomorphic objects on them is a recently new idea. The first project is devoted to the study of the categories of holomorphic bundles on noncommutative tori generalizing&lt;br/&gt;known results in the two-dimensional case. The second project is concerned with&lt;br/&gt;interesting new structures on derived categories of coherent sheaves on algebraic varieties&lt;br/&gt;discovered by Bridgeland (motivated by some ideas from physics). Namely, the goal&lt;br/&gt;is to attack a number of problems related to stability conditions on such derived categories.&lt;br/&gt;Two more projects in the proposal are concerned with the study of tautological cycles on Jacobian varieties and with A-infinity algebras arising in algebraic geometry.&lt;br/&gt;&lt;br/&gt;&lt;br/&gt;The proposed research is in the fields of noncommutative geometry and algebraic geometry.&lt;br/&gt;Noncommutative geometry is a relatively new field originally developed by Connes that combines ideas from noncommutative algebra, differential geometry and functional analysis. &lt;br/&gt;Algebraic geometry is a classical branch of mathematics studying geometric objects defined by polynomial equations and related mathematical concepts. Many recent advances in both fields&lt;br/&gt;were motivated by their use in physics.</AbstractNarration>
    <MinAmdLetterDate>04/10/2006</MinAmdLetterDate>
    <MaxAmdLetterDate>03/03/2008</MaxAmdLetterDate>
    <ARRAAmount/>
    <AwardID>0601034</AwardID>
    <Investigator>
      <FirstName>Alexander</FirstName>
      <LastName>Polishchuk</LastName>
      <EmailAddress>apolish@uoregon.edu</EmailAddress>
      <StartDate>04/10/2006</StartDate>
      <EndDate/>
      <RoleCode>Principal Investigator</RoleCode>
    </Investigator>
    <Institution>
      <Name>University of Oregon Eugene</Name>
      <CityName>Eugene</CityName>
      <ZipCode>974035219</ZipCode>
      <PhoneNumber>5413465131</PhoneNumber>
      <StreetAddress>5219 UNIVERSITY OF OREGON</StreetAddress>
      <CountryName>United States</CountryName>
      <StateName>Oregon</StateName>
      <StateCode>OR</StateCode>
    </Institution>
    <FoaInformation>
      <Code>0000099</Code>
      <Name>Other Applications NEC</Name>
    </FoaInformation>
    <ProgramElement>
      <Code>1264</Code>
      <Text>ALGEBRA,NUMBER THEORY,AND COM</Text>
    </ProgramElement>
    <ProgramReference>
      <Code>0000</Code>
      <Text>UNASSIGNED</Text>
    </ProgramReference>
    <ProgramReference>
      <Code>OTHR</Code>
      <Text>OTHER RESEARCH OR EDUCATION</Text>
    </ProgramReference>
  </Award>
</rootTag>
