<?xml version="1.0" encoding="UTF-8"?>

<rootTag>
  <Award>
    <AwardTitle>Columbia Engineering School RET (CESRET)</AwardTitle>
    <AwardEffectiveDate>07/01/2006</AwardEffectiveDate>
    <AwardExpirationDate>06/30/2010</AwardExpirationDate>
    <AwardAmount>400000</AwardAmount>
    <AwardInstrument>
      <Value>Continuing grant</Value>
    </AwardInstrument>
    <Organization>
      <Code>07050000</Code>
      <Directorate>
        <LongName>Directorate For Engineering</LongName>
      </Directorate>
      <Division>
        <LongName>Div Of Engineering Education and Centers</LongName>
      </Division>
    </Organization>
    <ProgramOfficer>
      <SignBlockName>Mary Poats</SignBlockName>
    </ProgramOfficer>
    <AbstractNarration>This award provides funding for a 3 year continuing award to support a Research Experiences for Teachers (RET) Site program at Columbia University entitled, "Columbia Engineering School RET (CSRET)," under the direction of Dr. Christian Meyer and Mr. Jay Dubner. The goal of this program is to enhance interest and improve performance in science and engineering of students in New York City area schools through increasing the professional competence of nine middle and high school teachers per year for three years utilizing the highly effective, well established infrastruction of the Fu Foundation School of Engineering and Applied Science. The teachers will work closely with faculty and graduate students on a range of research programs offered by Columbia which will provide them with an ideal laboratory research experience.</AbstractNarration>
    <MinAmdLetterDate>03/14/2006</MinAmdLetterDate>
    <MaxAmdLetterDate>06/30/2009</MaxAmdLetterDate>
    <ARRAAmount/>
    <AwardID>0601984</AwardID>
    <Investigator>
      <FirstName>Christian</FirstName>
      <LastName>Meyer</LastName>
      <EmailAddress>meyer@civil.columbia.edu</EmailAddress>
      <StartDate>03/14/2006</StartDate>
      <EndDate/>
      <RoleCode>Principal Investigator</RoleCode>
    </Investigator>
    <Investigator>
      <FirstName>Irving</FirstName>
      <LastName>Herman</LastName>
      <EmailAddress>iph1@columbia.edu</EmailAddress>
      <StartDate>03/14/2006</StartDate>
      <EndDate/>
      <RoleCode>Co-Principal Investigator</RoleCode>
    </Investigator>
    <Investigator>
      <FirstName>Jay</FirstName>
      <LastName>Dubner</LastName>
      <EmailAddress>jd109@columbia.edu</EmailAddress>
      <StartDate>03/14/2006</StartDate>
      <EndDate/>
      <RoleCode>Co-Principal Investigator</RoleCode>
    </Investigator>
    <Institution>
      <Name>Columbia University</Name>
      <CityName>NEW YORK</CityName>
      <ZipCode>100276902</ZipCode>
      <PhoneNumber>2128546851</PhoneNumber>
      <StreetAddress>2960 Broadway</StreetAddress>
      <CountryName>United States</CountryName>
      <StateName>New York</StateName>
      <StateCode>NY</StateCode>
    </Institution>
  </Award>
</rootTag>
