<?xml version="1.0" encoding="UTF-8"?>

<rootTag>
  <Award>
    <AwardTitle>Development of ZnO Thin Films and Nanostructures on CMOS Wafers for Gravimetric Biosensors and "Touch" Pressure Sensors</AwardTitle>
    <AwardEffectiveDate>05/01/2006</AwardEffectiveDate>
    <AwardExpirationDate>04/30/2010</AwardExpirationDate>
    <AwardAmount>240000</AwardAmount>
    <AwardInstrument>
      <Value>Standard Grant</Value>
    </AwardInstrument>
    <Organization>
      <Code>07010000</Code>
      <Directorate>
        <LongName>Directorate For Engineering</LongName>
      </Directorate>
      <Division>
        <LongName>Div Of Electrical, Commun &amp; Cyber Sys</LongName>
      </Division>
    </Organization>
    <ProgramOfficer>
      <SignBlockName>Usha Varshney</SignBlockName>
    </ProgramOfficer>
    <AbstractNarration>Proposal: ECS0601481&lt;br/&gt;&lt;br/&gt;Development of ZnO Thin films and Nanostructures on CMOS Wafers for Gravimetric Biosensors and Touch Pressure Sensors &lt;br/&gt;&lt;br/&gt;&lt;br/&gt;The objective of this research is to develop ultra-high sensitivity biosensor arrays capable of detecting single protein molecules in air and liquid environments, and touch pressure nanocomposite CMOS based sensors for artificial skin applications. The approach is to use emerging promising materials like ZnO having important surface and piezoelectric properties, study and improve the properties of the bio-ZnO interface, and the nanostructured ZnO-SiO2 system, and develop high quality epitaxially grown thin ZnO films on the technologically important dissimilar substrate of SiO2 and Si, as well as innovative surface acoustic wave based sensing technology, and ZnO nanostructured CMOS based pressure sensors. &lt;br/&gt;Intellectual merit: The development of such advanced sensor technology will impact socio-economic areas crucial to the country. The area of health care by improving detection of pathogens and monitoring of illnesses at substantially reduced time and cost, the area of environmental monitoring of hazardous biomaterials in vivo and in the field by early warning detection for effective conflict resolution, protecting population and soldiers, the area of prosthetic limp and permanent nerve damage patients, by developing touch pressure sensor arrays for artificial skin in prosthetic limp patients, and provide the sense of pain to paraplegic patients. &lt;br/&gt;Broader Impact: This technology has a broad economic impact on two fronts. First by saving money and time on bio-analysis, and second on creating a new high tech industry for integrated sensor technologies providing a substantial number of jobs for college graduates. These engineering and science graduates will be highly skilled as they benefit from the educational development resulting from the fundamental knowledge of the interfacing of biomaterials with inorganic semiconductors, and the parameters involved in developing such integrated sensor technology. They will represent an important asset contributing to maintain the high technology leadership of the country.</AbstractNarration>
    <MinAmdLetterDate>05/01/2006</MinAmdLetterDate>
    <MaxAmdLetterDate>05/01/2006</MaxAmdLetterDate>
    <ARRAAmount/>
    <AwardID>0601481</AwardID>
    <Investigator>
      <FirstName>Agis</FirstName>
      <LastName>Iliadis</LastName>
      <EmailAddress>agis@eng.umd.edu</EmailAddress>
      <StartDate>05/01/2006</StartDate>
      <EndDate/>
      <RoleCode>Principal Investigator</RoleCode>
    </Investigator>
    <Institution>
      <Name>University of Maryland College Park</Name>
      <CityName>COLLEGE PARK</CityName>
      <ZipCode>207425141</ZipCode>
      <PhoneNumber>3014056269</PhoneNumber>
      <StreetAddress>3112 LEE BLDG 7809 Regents Drive</StreetAddress>
      <CountryName>United States</CountryName>
      <StateName>Maryland</StateName>
      <StateCode>MD</StateCode>
    </Institution>
    <FoaInformation>
      <Code>0206000</Code>
      <Name>Telecommunications</Name>
    </FoaInformation>
  </Award>
</rootTag>
