<?xml version="1.0" encoding="UTF-8"?>

<rootTag>
  <Award>
    <AwardTitle>Schubert varieties: Combinatorics, Computation and Geometry</AwardTitle>
    <AwardEffectiveDate>06/01/2006</AwardEffectiveDate>
    <AwardExpirationDate>06/30/2011</AwardExpirationDate>
    <AwardAmount>266325</AwardAmount>
    <AwardInstrument>
      <Value>Continuing grant</Value>
    </AwardInstrument>
    <Organization>
      <Code>03040000</Code>
      <Directorate>
        <LongName>Direct For Mathematical &amp; Physical Scien</LongName>
      </Directorate>
      <Division>
        <LongName>Division Of Mathematical Sciences</LongName>
      </Division>
    </Organization>
    <ProgramOfficer>
      <SignBlockName>Tomek Bartoszynski</SignBlockName>
    </ProgramOfficer>
    <AbstractNarration>The proposers will collaborate on a suite of main projects in the &lt;br/&gt;combinatorics, geometry, and topology of Grassmannians, flag manifolds, &lt;br/&gt;and their Schubert varieties. These varieties are central to questions &lt;br/&gt;spanning many areas of classical mathematics, such as algebraic topology, &lt;br/&gt;enumerative geometry, and representation theory. They hope to resolve some &lt;br/&gt;thorny questions about classification of singularities and topology of &lt;br/&gt;Schubert varieties, e.g. the 30-year old problem of the &lt;br/&gt;fixed-point-property for Grassmannians. They also propose several &lt;br/&gt;additional projects, continuing some of the PI and co-PI's past work in &lt;br/&gt;algebraic combinatorics. These projects relate to the recently discovered &lt;br/&gt;"cyclic sieving phenomenon", to alternating subgroups of Coxeter groups, &lt;br/&gt;and to critical groups of graphs. Some of these projects are outgrowths &lt;br/&gt;of the PI's past (NSF-funded) REU's.&lt;br/&gt;&lt;br/&gt;The appeal of this work is that counting problems, one of the staples of &lt;br/&gt;the field of combinatorics, which seem unrelated to algebra or geometry &lt;br/&gt;sometimes find the key to their solution and/or application in these other &lt;br/&gt;areas. This has been particularly true for the algebraic/geometric objects &lt;br/&gt;in this proposal: the Schubert varieties in flag manifolds and &lt;br/&gt;Grassmannians. These objects are the key to understanding how lines and &lt;br/&gt;planes can tilt and intersect at different angles in the two-dimensional &lt;br/&gt;plane, in three-dimensional space, and in higher dimensions.</AbstractNarration>
    <MinAmdLetterDate>06/29/2006</MinAmdLetterDate>
    <MaxAmdLetterDate>03/11/2008</MaxAmdLetterDate>
    <ARRAAmount/>
    <AwardID>0601010</AwardID>
    <Investigator>
      <FirstName>Alexander</FirstName>
      <LastName>Yong</LastName>
      <EmailAddress>ayong@uiuc.edu</EmailAddress>
      <StartDate>06/29/2006</StartDate>
      <EndDate/>
      <RoleCode>Co-Principal Investigator</RoleCode>
    </Investigator>
    <Investigator>
      <FirstName>Victor</FirstName>
      <LastName>Reiner</LastName>
      <EmailAddress>reiner@math.umn.edu</EmailAddress>
      <StartDate>06/29/2006</StartDate>
      <EndDate/>
      <RoleCode>Principal Investigator</RoleCode>
    </Investigator>
    <Institution>
      <Name>University of Minnesota-Twin Cities</Name>
      <CityName>Minneapolis</CityName>
      <ZipCode>554552070</ZipCode>
      <PhoneNumber>6126245599</PhoneNumber>
      <StreetAddress>200 OAK ST SE</StreetAddress>
      <CountryName>United States</CountryName>
      <StateName>Minnesota</StateName>
      <StateCode>MN</StateCode>
    </Institution>
    <FoaInformation>
      <Code>0000099</Code>
      <Name>Other Applications NEC</Name>
    </FoaInformation>
  </Award>
</rootTag>
