<?xml version="1.0" encoding="UTF-8"?>

<rootTag>
  <Award>
    <AwardTitle>Infinite Dimensional Lie Algebras, Quantum Groups and their Applications</AwardTitle>
    <AwardEffectiveDate>07/01/2006</AwardEffectiveDate>
    <AwardExpirationDate>06/30/2009</AwardExpirationDate>
    <AwardAmount>276000</AwardAmount>
    <AwardInstrument>
      <Value>Continuing grant</Value>
    </AwardInstrument>
    <Organization>
      <Code>03040200</Code>
      <Directorate>
        <LongName>Direct For Mathematical &amp; Physical Scien</LongName>
      </Directorate>
      <Division>
        <LongName>Division Of Mathematical Sciences</LongName>
      </Division>
    </Organization>
    <ProgramOfficer>
      <SignBlockName>Tie Luo</SignBlockName>
    </ProgramOfficer>
    <AbstractNarration>The research is focused on the representation theory of quantum&lt;br/&gt;&lt;br/&gt;groups at roots of 1, on invariants of 3-manifolds with flat&lt;br/&gt;&lt;br/&gt;connections, and on some aspects of statistical mechanics. Quantum&lt;br/&gt;&lt;br/&gt;groups emerged from the study of integrable models in quantum&lt;br/&gt;&lt;br/&gt;field theory. These models though quite simplistic relative to&lt;br/&gt;&lt;br/&gt;their realistic counterparts, exhibit properties which are hard to&lt;br/&gt;&lt;br/&gt;study using conventional methods. Another class of simplistic but&lt;br/&gt;&lt;br/&gt;extremely interesting quantum field theories are topological&lt;br/&gt;&lt;br/&gt;quantum field theories. In these theories the "dynamics" is absent&lt;br/&gt;&lt;br/&gt;and all they "know" in the topology of the "underlying&lt;br/&gt;&lt;br/&gt;space-time". The theories provided new topological invariants.&lt;br/&gt;&lt;br/&gt;"Physical" formulation involves integration over the infinite&lt;br/&gt;&lt;br/&gt;dimensional space of connections, mathematical formulation&lt;br/&gt;&lt;br/&gt;involves representations of quantum groups. One of the major&lt;br/&gt;&lt;br/&gt;directions of the project is to reconcile two approaches. Another&lt;br/&gt;&lt;br/&gt;direction of research is related to random discrete surfaces and&lt;br/&gt;&lt;br/&gt;related structures such as random partition, random tilings of a&lt;br/&gt;&lt;br/&gt;plane, random spanning trees on a planar graph etc. Some of the&lt;br/&gt;&lt;br/&gt;questions in this direction are closely related to the limit when a&lt;br/&gt;&lt;br/&gt;topological quantum field theory known as Chern-Simons theory&lt;br/&gt;&lt;br/&gt;turns into a topological string theory.&lt;br/&gt;&lt;br/&gt;&lt;br/&gt;&lt;br/&gt;Part of the project is focused on the&lt;br/&gt;&lt;br/&gt;study of quantum groups at roots of unity. The goal is to&lt;br/&gt;&lt;br/&gt;investigate the category of generic modules as a monoidal category&lt;br/&gt;&lt;br/&gt;fibered over the corresponding group, and when it is the case, as&lt;br/&gt;&lt;br/&gt;as a braided monoidal category fibered over a braided group. The&lt;br/&gt;&lt;br/&gt;results will be applied to construct and study invariants of&lt;br/&gt;&lt;br/&gt;3-manifolds with flat connections. This direction is closely&lt;br/&gt;&lt;br/&gt;related to the possible relation between the A-polynomial and&lt;br/&gt;&lt;br/&gt;Jones invariant of knots, which was discussed in the literature in&lt;br/&gt;&lt;br/&gt;the last few years. The research will also be focused on dimer&lt;br/&gt;&lt;br/&gt;models and on related models in statistical mechanics. For&lt;br/&gt;&lt;br/&gt;example, the limit shapes for the 6-vertex model may have singular&lt;br/&gt;&lt;br/&gt;boundaries, and one of the goals is to study the fluctuations such&lt;br/&gt;&lt;br/&gt;singularities.</AbstractNarration>
    <MinAmdLetterDate>04/28/2006</MinAmdLetterDate>
    <MaxAmdLetterDate>04/30/2008</MaxAmdLetterDate>
    <ARRAAmount/>
    <AwardID>0601912</AwardID>
    <Investigator>
      <FirstName>Nicolai</FirstName>
      <LastName>Reshetikhin</LastName>
      <EmailAddress>reshetik@math.berkeley.edu</EmailAddress>
      <StartDate>04/28/2006</StartDate>
      <EndDate/>
      <RoleCode>Principal Investigator</RoleCode>
    </Investigator>
    <Institution>
      <Name>University of California-Berkeley</Name>
      <CityName>BERKELEY</CityName>
      <ZipCode>947045940</ZipCode>
      <PhoneNumber>5106428109</PhoneNumber>
      <StreetAddress>Sponsored Projects Office</StreetAddress>
      <CountryName>United States</CountryName>
      <StateName>California</StateName>
      <StateCode>CA</StateCode>
    </Institution>
    <FoaInformation>
      <Code>0000099</Code>
      <Name>Other Applications NEC</Name>
    </FoaInformation>
  </Award>
</rootTag>
