<?xml version="1.0" encoding="UTF-8"?>

<rootTag>
  <Award>
    <AwardTitle>Developing a High-Resolution Sea-Level Record to Measure the Magnitude and Timing of the Catastrophic 8.2 ka Freshwater Release - Implications for North Atlantic Climate Dynamics</AwardTitle>
    <AwardEffectiveDate>08/01/2006</AwardEffectiveDate>
    <AwardExpirationDate>07/31/2010</AwardExpirationDate>
    <AwardAmount>287261</AwardAmount>
    <AwardInstrument>
      <Value>Standard Grant</Value>
    </AwardInstrument>
    <Organization>
      <Code>06040205</Code>
      <Directorate>
        <LongName>Directorate For Geosciences</LongName>
      </Directorate>
      <Division>
        <LongName>Division Of Ocean Sciences</LongName>
      </Division>
    </Organization>
    <ProgramOfficer>
      <SignBlockName>Brian Midson</SignBlockName>
    </ProgramOfficer>
    <AbstractNarration>Developing a High-Resolution Sea-Level Record to Measure the Magnitude and Timing of the Catastrophic 8.2 ka Freshwater Release - Implications for North Atlantic Climate Dynamics&lt;br/&gt;&lt;br/&gt;An abrupt, century-scale cooling ~8200 years ago, known as the "8.2 ka event," is believed to have been caused by the catastrophic release of freshwater from a giant ice-dammed lake (Lake Agassiz) into the North Atlantic Ocean. However, a comprehensive understanding of this prominent climate change is hampered by uncertainty about the magnitude, nature, and timing of this meltwater pulse. Current estimates of the freshwater volume associated with the 8.2 ka event correspond to an equivalent sea-level rise of ~0.3 to ~1.4 m. In the Mississippi Delta region, basal peat (brackish water derived) encroaches on a consolidated Pleistocene basement and the microtidal regime in the Gulf of Mexico enables the reconstruction of sea-level change with exceptionally high resolution. In this project, the PI's will 14C date basal-peat samples that track sea-level change during this critical time interval. Sampling resolution will be on the order of 10 cm. Stable carbon isotope data will provide data to estimate the salinity of the peat-forming ecosystem so as to establish the relationship with sea level. The combined data will be used to estimate the total amount of sea-level rise as well as determining the timing of this event. These data will also permit the PI's to provide an estimate of the amount of freshwater delivered directly by the Laurentide Ice Sheet, as well as providing input data to explore the climatic effects of different mechanisms and locations of freshwater release using a coupled ocean-atmosphere model. These results will provide new insights about the sensitivity of ocean circulation to various scenarios of freshwater forcing, which could help to better understand the consequences of continued freshening of the North Atlantic Ocean in the greenhouse world. The project will provide training for one PhD student, as well as four undergraduate field assistants.</AbstractNarration>
    <MinAmdLetterDate>06/06/2006</MinAmdLetterDate>
    <MaxAmdLetterDate>08/08/2008</MaxAmdLetterDate>
    <ARRAAmount/>
    <AwardID>0601814</AwardID>
    <Investigator>
      <FirstName>Torbjorn</FirstName>
      <LastName>Tornqvist</LastName>
      <EmailAddress>tor@tulane.edu</EmailAddress>
      <StartDate>06/06/2006</StartDate>
      <EndDate/>
      <RoleCode>Principal Investigator</RoleCode>
    </Investigator>
    <Institution>
      <Name>Tulane University</Name>
      <CityName>NEW ORLEANS</CityName>
      <ZipCode>701185698</ZipCode>
      <PhoneNumber>5048654000</PhoneNumber>
      <StreetAddress>6823 ST CHARLES AVENUE</StreetAddress>
      <CountryName>United States</CountryName>
      <StateName>Louisiana</StateName>
      <StateCode>LA</StateCode>
    </Institution>
    <FoaInformation>
      <Code>0204000</Code>
      <Name>Oceanography</Name>
    </FoaInformation>
  </Award>
</rootTag>
