<?xml version="1.0" encoding="UTF-8"?>

<rootTag>
  <Award>
    <AwardTitle>ME: Collaborative Research: Metabolic Engineering of E. coli Sugar-Utilization Regulatory Systems for the Consumption of Plant Biomass Sugars</AwardTitle>
    <AwardEffectiveDate>08/01/2005</AwardEffectiveDate>
    <AwardExpirationDate>08/31/2007</AwardExpirationDate>
    <AwardAmount>232375</AwardAmount>
    <AwardInstrument>
      <Value>Continuing grant</Value>
    </AwardInstrument>
    <Organization>
      <Code>07020000</Code>
      <Directorate>
        <LongName>Directorate For Engineering</LongName>
      </Directorate>
      <Division>
        <LongName>Div Of Chem, Bioeng, Env, &amp; Transp Sys</LongName>
      </Division>
    </Organization>
    <ProgramOfficer>
      <SignBlockName>Fred G. Heineken</SignBlockName>
    </ProgramOfficer>
    <AbstractNarration>The overall objective of this project is to metabolically engineer the E. coli Sugar-Utilization Regulatory Systems (SURS) to utilize sugar mixtures obtained from plant biomass. The Principal Investigators (PIs) will introduce specific genetic modifications to the SURS and analyze the consequences of these changes at the cellular level. The specific goals are to: (1) construct E. coli strains with modified SURS and evaluate their capability to efficiently utilize sugar mixtures (glucose, xylose and arabinose); (2) evaluate changes in the regulation of gene expression at the genomic scale resulting from engineering E. coli SURS; (3) identify functional metabolic pathways and quantify their fluxes in SURS mutants and wild type strains by using a novel flux analysis technique based on bondomer analysis of 2D NMR bond-labeling experiments; (4) integrate these results using a novel genetic network-based metabolic flux analysis (MFA) model that combines gene expression and metabolic flux data; and (5) propose further genetic/environmental modification for improving the capacity of SURS mutants for fermenting sugar mixtures. The benefits from this project will be two-fold. First, from an applied standpoint, the project will provide a powerful tool for designing of rational modifications of the SURS to obtain recombinant strains capable of efficiently metabolizing sugar mixtures. Second, from a fundamental standpoint, this project will contribute to a better understanding of the role of SURS in regulating both sugar utilization and several other cellular functions.</AbstractNarration>
    <MinAmdLetterDate>10/24/2005</MinAmdLetterDate>
    <MaxAmdLetterDate>10/24/2005</MaxAmdLetterDate>
    <ARRAAmount/>
    <AwardID>0601549</AwardID>
    <Investigator>
      <FirstName>Ramon</FirstName>
      <LastName>Gonzalez</LastName>
      <EmailAddress>ramon.gonzalez@rice.edu</EmailAddress>
      <StartDate>10/24/2005</StartDate>
      <EndDate/>
      <RoleCode>Principal Investigator</RoleCode>
    </Investigator>
    <Institution>
      <Name>William Marsh Rice University</Name>
      <CityName>Houston</CityName>
      <ZipCode>770051827</ZipCode>
      <PhoneNumber>7133484820</PhoneNumber>
      <StreetAddress>6100 MAIN ST</StreetAddress>
      <CountryName>United States</CountryName>
      <StateName>Texas</StateName>
      <StateCode>TX</StateCode>
    </Institution>
    <ProgramElement>
      <Code>1491</Code>
      <Text>BIOTECH, BIOCHEM &amp; BIOMASS ENG</Text>
    </ProgramElement>
    <ProgramReference>
      <Code>1063</Code>
      <Text>METABOLIC ENGINEERING INITIATIVE</Text>
    </ProgramReference>
    <ProgramReference>
      <Code>9181</Code>
      <Text>BIOPROCESSING/BIOMOLECULAR MATERIALS</Text>
    </ProgramReference>
    <ProgramReference>
      <Code>BIOT</Code>
      <Text>BIOTECHNOLOGY</Text>
    </ProgramReference>
    <ProgramReference>
      <Code>1491</Code>
      <Text>BIOTECH, BIOCHEM &amp; BIOMASS ENG</Text>
    </ProgramReference>
  </Award>
</rootTag>
