<?xml version="1.0" encoding="UTF-8"?>

<rootTag>
  <Award>
    <AwardTitle>RET Site: Enrichment Experience in Engineering (E3) for Teachers Summer Research Program</AwardTitle>
    <AwardEffectiveDate>05/01/2006</AwardEffectiveDate>
    <AwardExpirationDate>04/30/2010</AwardExpirationDate>
    <AwardAmount>400000</AwardAmount>
    <AwardInstrument>
      <Value>Continuing grant</Value>
    </AwardInstrument>
    <Organization>
      <Code>07050000</Code>
      <Directorate>
        <LongName>Directorate For Engineering</LongName>
      </Directorate>
      <Division>
        <LongName>Div Of Engineering Education and Centers</LongName>
      </Division>
    </Organization>
    <ProgramOfficer>
      <SignBlockName>Mary Poats</SignBlockName>
    </ProgramOfficer>
    <AbstractNarration>This award provides funding for a three year continuing award to support a Research Experiences for Teachers (RET) Site program at Texas A&amp;M University (TAMU) entitled, "Enrichment Experiences in Engineering (E3) for Teachers Summer Research," under the direction of Dr. Karen Butler-Purry. This renewal project will continue to match 10 inservice and 2 preservice, 8-12 grade math and science teachers each summer for three years with engineering researchers at TAMU. To accomplish the goal of involving teachers in engineering research the program has three major objectives: 1) provide engineering research experiences and enhance understanding of the nature of engineering; 2) scaffold teacher development of authentic inquiry activities; and 3) improve public school teachers' knowledge about careers in engineering.</AbstractNarration>
    <MinAmdLetterDate>05/01/2006</MinAmdLetterDate>
    <MaxAmdLetterDate>02/19/2008</MaxAmdLetterDate>
    <ARRAAmount/>
    <AwardID>0601776</AwardID>
    <Investigator>
      <FirstName>Janice</FirstName>
      <LastName>Rinehart</LastName>
      <EmailAddress>j.rinehart@neu.edu</EmailAddress>
      <StartDate>05/01/2006</StartDate>
      <EndDate>10/26/2006</EndDate>
      <RoleCode>Former Co-Principal Investigator</RoleCode>
    </Investigator>
    <Investigator>
      <FirstName>Robin</FirstName>
      <LastName>Autenrieth</LastName>
      <EmailAddress>r-autenrieth@tamu.edu</EmailAddress>
      <StartDate>05/01/2006</StartDate>
      <EndDate/>
      <RoleCode>Co-Principal Investigator</RoleCode>
    </Investigator>
    <Investigator>
      <FirstName>Jennifer</FirstName>
      <LastName>Welch</LastName>
      <EmailAddress>welch@cse.tamu.edu</EmailAddress>
      <StartDate>02/08/2007</StartDate>
      <EndDate/>
      <RoleCode>Co-Principal Investigator</RoleCode>
    </Investigator>
    <Investigator>
      <FirstName>Karen</FirstName>
      <LastName>Butler-Purry</LastName>
      <EmailAddress>klbutler@tamu.edu</EmailAddress>
      <StartDate>05/01/2006</StartDate>
      <EndDate/>
      <RoleCode>Principal Investigator</RoleCode>
    </Investigator>
    <Institution>
      <Name>Texas A&amp;M Engineering Experiment Station</Name>
      <CityName>College Station</CityName>
      <ZipCode>778454645</ZipCode>
      <PhoneNumber>9798477635</PhoneNumber>
      <StreetAddress>TEES State Headquarters Bldg.</StreetAddress>
      <CountryName>United States</CountryName>
      <StateName>Texas</StateName>
      <StateCode>TX</StateCode>
    </Institution>
    <ProgramElement>
      <Code>1359</Code>
      <Text>RES EXP FOR TEACHERS(RET)-SITE</Text>
    </ProgramElement>
    <ProgramReference>
      <Code>115E</Code>
      <Text>RESEARCH EXP FOR TEACHERS</Text>
    </ProgramReference>
    <ProgramReference>
      <Code>9178</Code>
      <Text>UNDERGRADUATE EDUCATION</Text>
    </ProgramReference>
    <ProgramReference>
      <Code>SMET</Code>
      <Text>SCIENCE, MATH, ENG &amp; TECH EDUCATION</Text>
    </ProgramReference>
  </Award>
</rootTag>
