<?xml version="1.0" encoding="UTF-8"?>

<rootTag>
  <Award>
    <AwardTitle>Few-Level Models in Atomic Radiation Theory</AwardTitle>
    <AwardEffectiveDate>08/01/2006</AwardEffectiveDate>
    <AwardExpirationDate>07/31/2009</AwardExpirationDate>
    <AwardAmount>210000</AwardAmount>
    <AwardInstrument>
      <Value>Continuing grant</Value>
    </AwardInstrument>
    <Organization>
      <Code>03010000</Code>
      <Directorate>
        <LongName>Direct For Mathematical &amp; Physical Scien</LongName>
      </Directorate>
      <Division>
        <LongName>Division Of Physics</LongName>
      </Division>
    </Organization>
    <ProgramOfficer>
      <SignBlockName>Richard Houghton Pratt</SignBlockName>
    </ProgramOfficer>
    <AbstractNarration>A two-part theoretical investigation is proposed of (i) vacuum relaxation processes from the new standpoint of the time dependence of bipartite entropy, and (ii) the emergence of anomalous optical pulse transmission effects in a short-pulse domain not examined previously. Both parts are supported by results obtained in the past twelve months. In part I, a new vacuum relaxation time dependence called sudden death of entanglement will be explored. The results have implications for the design of devices intended for quantum information processing in which preservation of quantum entanglement is needed. Part II is motivated by success in applying a so-called matrix potential method for solving nonlinear evolution equations, for example equations for optical pulse envelopes in nonlinear and quantum optical media. It is expected that such effects as so-called fast light and slow light can be made accessible in the nearly unexplored domain of broadband (very short) pulses, a domain excluded so far by the steady-state assumptions commonly associated with electromagnetically induced transparency.</AbstractNarration>
    <MinAmdLetterDate>04/21/2006</MinAmdLetterDate>
    <MaxAmdLetterDate>05/21/2008</MaxAmdLetterDate>
    <ARRAAmount/>
    <AwardID>0601804</AwardID>
    <Investigator>
      <FirstName>Joseph</FirstName>
      <LastName>Eberly</LastName>
      <EmailAddress>eberly@pas.rochester.edu</EmailAddress>
      <StartDate>04/21/2006</StartDate>
      <EndDate/>
      <RoleCode>Principal Investigator</RoleCode>
    </Investigator>
    <Institution>
      <Name>University of Rochester</Name>
      <CityName>Rochester</CityName>
      <ZipCode>146270140</ZipCode>
      <PhoneNumber>5852754031</PhoneNumber>
      <StreetAddress>518 HYLAN, RC BOX 270140</StreetAddress>
      <CountryName>United States</CountryName>
      <StateName>New York</StateName>
      <StateCode>NY</StateCode>
    </Institution>
    <FoaInformation>
      <Code>0000099</Code>
      <Name>Other Applications NEC</Name>
    </FoaInformation>
    <ProgramElement>
      <Code>1284</Code>
      <Text>AMO Theory/Atomic, Molecular &amp;</Text>
    </ProgramElement>
    <ProgramReference>
      <Code>0000</Code>
      <Text>UNASSIGNED</Text>
    </ProgramReference>
    <ProgramReference>
      <Code>OTHR</Code>
      <Text>OTHER RESEARCH OR EDUCATION</Text>
    </ProgramReference>
  </Award>
</rootTag>
