<?xml version="1.0" encoding="UTF-8"?>

<rootTag>
  <Award>
    <AwardTitle>International Research Fellowship Program: Coupled Hydrodynamic and Biogeochemical Processes of Submerged Aquatic Vegetation</AwardTitle>
    <AwardEffectiveDate>10/01/2006</AwardEffectiveDate>
    <AwardExpirationDate>09/30/2009</AwardExpirationDate>
    <AwardAmount>151164</AwardAmount>
    <AwardInstrument>
      <Value>Fellowship</Value>
    </AwardInstrument>
    <Organization>
      <Code>01090000</Code>
      <Directorate>
        <LongName>Office Of The Director</LongName>
      </Directorate>
      <Division>
        <LongName>Office Of Internatl Science &amp;Engineering</LongName>
      </Division>
    </Organization>
    <ProgramOfficer>
      <SignBlockName>Susan Parris</SignBlockName>
    </ProgramOfficer>
    <AbstractNarration>0601917&lt;br/&gt;Branco&lt;br/&gt;&lt;br/&gt;The International Research Fellowship Program enables U.S. scientists and engineers to conduct nine to twenty-four months of research abroad. The program's awards provide opportunities for joint research, and the use of unique or complementary facilities, expertise and experimental conditions abroad.&lt;br/&gt;&lt;br/&gt;This award will support a twenty-four-month research fellowship by Dr. Brett F. Branco to work with Dr. Carolyn Oldham at University of Western Australia in Crawley, Australia.&lt;br/&gt;&lt;br/&gt;Submerged aquatic vegetation (SAV) alters the flow field and vertical distribution of light, heat, nutrients, oxygen and other constituents in shallow systems. These coupled physical, chemical and biological dynamics determine SAV ecosystem function, stability and resiliency. However, mechanistic understanding and quantification of coupled processes in SAV ecosystems is lacking. The purposes of this work are to 1) identify and quantify the processes that affect the vertical transport of nutrients, oxygen, etc. across SAV canopies in a variety of shallow systems and 2) determine the impact of the transport processes on the recycling efficiency of nutrients below the SAV canopy. This work is being performed in coastal and inland waters of Western Australia representing three distinct aquatic environments: a river (unidirectional channel flow), a coastal bay (wave-dominated oscillatory flow) and a shallow lake (wind-mixed surface layer). Rates of vertical mass exchange between SAV canopies and overlying water will be measured in the field using fluorescent dye and 15N-labeled nutrient tracer studies. This work will produce: 1) a methodology for studying the coupled physical, chemical and biological processes in SAV ecosystems, 2) quantification of mass transfer across the SAV canopy as a function of system energy and energy dissipation, 3) quantification of nutrient recycling efficiency as a function of plant uptake rates and physical transport processes, 4) a new application for fiber optic fluorescent sensors in aquatic systems, and 5) identification of significant couples in determining SAV ecosystem stability and resiliency.</AbstractNarration>
    <MinAmdLetterDate>06/08/2006</MinAmdLetterDate>
    <MaxAmdLetterDate>08/12/2008</MaxAmdLetterDate>
    <ARRAAmount/>
    <AwardID>0601917</AwardID>
    <Investigator>
      <FirstName>Brett</FirstName>
      <LastName>Branco</LastName>
      <EmailAddress/>
      <StartDate>06/08/2006</StartDate>
      <EndDate/>
      <RoleCode>Principal Investigator</RoleCode>
    </Investigator>
    <Institution>
      <Name>Branco Brett F</Name>
      <CityName>Groton</CityName>
      <ZipCode>063406048</ZipCode>
      <PhoneNumber/>
      <StreetAddress/>
      <CountryName>United States</CountryName>
      <StateName>Connecticut</StateName>
      <StateCode>CT</StateCode>
    </Institution>
    <FoaInformation>
      <Code>0000099</Code>
      <Name>Other Applications NEC</Name>
    </FoaInformation>
  </Award>
</rootTag>
