<?xml version="1.0" encoding="UTF-8"?>

<rootTag>
  <Award>
    <AwardTitle>MEMS-Based Multicapillary Columns with Nano-Structured Stationary Phases for High-Speed, High-Performance Gas Chromatography</AwardTitle>
    <AwardEffectiveDate>05/15/2006</AwardEffectiveDate>
    <AwardExpirationDate>04/30/2010</AwardExpirationDate>
    <AwardAmount>252000</AwardAmount>
    <AwardInstrument>
      <Value>Continuing grant</Value>
    </AwardInstrument>
    <Organization>
      <Code>07010000</Code>
      <Directorate>
        <LongName>Directorate For Engineering</LongName>
      </Directorate>
      <Division>
        <LongName>Div Of Electrical, Commun &amp; Cyber Sys</LongName>
      </Division>
    </Organization>
    <ProgramOfficer>
      <SignBlockName>Usha Varshney</SignBlockName>
    </ProgramOfficer>
    <AbstractNarration>0601456&lt;br/&gt;Masoud&lt;br/&gt;&lt;br/&gt;The objective of this research is to fabricate MEMS-based multicapillary separation columns with nano-structured stationary phases for high-speed, high-performance gas chromatography. The approach is to: 1) fabricate low-mass (low-power) multicapillary columns having integrated heaters and temperature sensors for temperature programming using high-aspect-ratio silicon etching techniques and a silicon-on-glass dissolved wafer process, 2) deposit ionic self-assembled multilayers (ISAM) on the column walls as stationary phases with nanometer thicknesses, and 3) evaluate the column separation performance in terms of injection and detection issues, analyte resolution/reproducibility/peak shape, and speed of repeated analysis. Separations of both normal and branched alkanes from C5-C16 and polyaromatic hydrocarbons of variable ring-size in less than 5 s are expected. &lt;br/&gt;&lt;br/&gt;Intellectual Merit: The ability to self-assemble both polar and non-polar stationary phase materials will lead to the separation of gas mixtures in a wide range of applications namely environmental monitoring, homeland security, and pharmaceutical analysis with a high degree of resolution and accuracy. &lt;br/&gt;&lt;br/&gt;Broader Impact: The outcome of this project will provide an outstanding example of how MEMS and Nanotechnology can become highly complementary methodologies to develop low-cost, low-power, high-performance devices that impact industries across the globe considering that the worldwide market for GC instruments is estimated to be around $1 billion annually. This research will also advance discovery while promoting teaching and learning through Virginia Tech's outreach programs, research opportunities for undergraduates, recruiting of graduate students from under-represented groups into a highly interdisciplinary research program, and incorporation of the project results in courses taught by the PIs in three different departments.</AbstractNarration>
    <MinAmdLetterDate>04/28/2006</MinAmdLetterDate>
    <MaxAmdLetterDate>06/09/2008</MaxAmdLetterDate>
    <ARRAAmount/>
    <AwardID>0601456</AwardID>
    <Investigator>
      <FirstName>Larry</FirstName>
      <LastName>Taylor</LastName>
      <EmailAddress>ltaylor@vt.edu</EmailAddress>
      <StartDate>04/28/2006</StartDate>
      <EndDate/>
      <RoleCode>Co-Principal Investigator</RoleCode>
    </Investigator>
    <Investigator>
      <FirstName>James</FirstName>
      <LastName>Heflin</LastName>
      <EmailAddress>rheflin@vt.edu</EmailAddress>
      <StartDate>04/28/2006</StartDate>
      <EndDate/>
      <RoleCode>Co-Principal Investigator</RoleCode>
    </Investigator>
    <Investigator>
      <FirstName>Masoud</FirstName>
      <LastName>Agah</LastName>
      <EmailAddress>agah@vt.edu</EmailAddress>
      <StartDate>04/28/2006</StartDate>
      <EndDate/>
      <RoleCode>Principal Investigator</RoleCode>
    </Investigator>
    <Institution>
      <Name>Virginia Polytechnic Institute and State University</Name>
      <CityName>BLACKSBURG</CityName>
      <ZipCode>240610001</ZipCode>
      <PhoneNumber>5402315281</PhoneNumber>
      <StreetAddress>Sponsored Programs 0170</StreetAddress>
      <CountryName>United States</CountryName>
      <StateName>Virginia</StateName>
      <StateCode>VA</StateCode>
    </Institution>
    <FoaInformation>
      <Code>0206000</Code>
      <Name>Telecommunications</Name>
    </FoaInformation>
    <ProgramElement>
      <Code>1517</Code>
      <Text>ELECT, PHOTONICS, &amp; MAG DEVICE</Text>
    </ProgramElement>
    <ProgramReference>
      <Code>0000</Code>
      <Text>UNASSIGNED</Text>
    </ProgramReference>
    <ProgramReference>
      <Code>097E</Code>
      <Text>High Freq Devices &amp; Circuits</Text>
    </ProgramReference>
    <ProgramReference>
      <Code>9102</Code>
      <Text>WOMEN, MINORITY, DISABLED, NEC</Text>
    </ProgramReference>
    <ProgramReference>
      <Code>9251</Code>
      <Text>RES EXPER FOR UNDERGRAD-SUPPLT</Text>
    </ProgramReference>
    <ProgramReference>
      <Code>OTHR</Code>
      <Text>OTHER RESEARCH OR EDUCATION</Text>
    </ProgramReference>
  </Award>
</rootTag>
