<?xml version="1.0" encoding="UTF-8"?>

<rootTag>
  <Award>
    <AwardTitle>SGER: KATRINA ENVIRONMENTAL RESEARCH AND RESTORATION NETWORK (KERRN)</AwardTitle>
    <AwardEffectiveDate>11/15/2005</AwardEffectiveDate>
    <AwardExpirationDate>10/31/2007</AwardExpirationDate>
    <AwardAmount>199995</AwardAmount>
    <AwardInstrument>
      <Value>Standard Grant</Value>
    </AwardInstrument>
    <Organization>
      <Code>08080200</Code>
      <Directorate>
        <LongName>Direct For Biological Sciences</LongName>
      </Directorate>
      <Division>
        <LongName>Div Of Biological Infrastructure</LongName>
      </Division>
    </Organization>
    <ProgramOfficer>
      <SignBlockName>Elizabeth R. Blood</SignBlockName>
    </ProgramOfficer>
    <AbstractNarration>Hurricane Katrina caused destruction and disruption on an unprecedented scale in a three state area larger than the United Kingdom and the additional havoc caused by Hurricane Rita expands the area of concern into southwestern Louisiana and Texas. Both the impact of the hurricane on the gulf coast environment and processes for environmental change and recovery are being actively studied by researchers from across the country supported by a wide variety of governmental (federal, state and local) and private entities. Ensuring maximum benefit and avoiding duplication of effort will require coordination and collaboration among the many research teams working in the area. Such coordination and collaboration can only be achieved if researchers are readily able to determine what work is being or has previously been done and can interact with others whose experience and expertise can complement their own efforts. There is an immediate need for an information resource for investigators who are working in the area now, gathering time-sensitive data, and providing information that will be essential for planning processes (including those already underway). The Katrina Environmental Research and Restoration Network (KERRN) supported by an NSF Small Grant for Exploratory Research (SGER) provides such an information resource. The KERRN network serves as a source of information about the wide range of environmental research efforts focused on understanding and responding to one of our nation's largest hurricane events. The network enables scientists and others, who may be supported by different agencies or affiliated with various institutions, to be aware of the full range of research efforts in order to collaborate and to coordinate their efforts. The broader impacts of KERRN are substantial. Using the network, scientists from a wide range of disciplines can combine their efforts to synthesize a broader understanding of the environmental processes at work in the hurricane-impacted gulf coast region. These insights can be used in future planning, mitigation, and restoration efforts. Online access to the network also eliminates geographical barriers to participation in this important effort. The network will also encourage interdisciplinary efforts, allowing students and others engaged in the research to learn how to apply concepts and strategies from other disciplines and to work across intellectual boundaries.</AbstractNarration>
    <MinAmdLetterDate>11/08/2005</MinAmdLetterDate>
    <MaxAmdLetterDate>11/08/2005</MaxAmdLetterDate>
    <ARRAAmount/>
    <AwardID>0601934</AwardID>
    <Investigator>
      <FirstName>John</FirstName>
      <LastName>McLachlan</LastName>
      <EmailAddress>jmclach@tulane.edu</EmailAddress>
      <StartDate>11/08/2005</StartDate>
      <EndDate/>
      <RoleCode>Principal Investigator</RoleCode>
    </Investigator>
    <Institution>
      <Name>Tulane University</Name>
      <CityName>NEW ORLEANS</CityName>
      <ZipCode>701185698</ZipCode>
      <PhoneNumber>5048654000</PhoneNumber>
      <StreetAddress>6823 ST CHARLES AVENUE</StreetAddress>
      <CountryName>United States</CountryName>
      <StateName>Louisiana</StateName>
      <StateCode>LA</StateCode>
    </Institution>
  </Award>
</rootTag>
