<?xml version="1.0" encoding="UTF-8"?>

<rootTag>
  <Award>
    <AwardTitle>Dynamic Leader-Follower Problems: A New Theoretical Framework and a Machine Learning based Computational Approach</AwardTitle>
    <AwardEffectiveDate>05/01/2006</AwardEffectiveDate>
    <AwardExpirationDate>04/30/2009</AwardExpirationDate>
    <AwardAmount>86994</AwardAmount>
    <AwardInstrument>
      <Value>Standard Grant</Value>
    </AwardInstrument>
    <Organization>
      <Code>07010000</Code>
      <Directorate>
        <LongName>Directorate For Engineering</LongName>
      </Directorate>
      <Division>
        <LongName>Div Of Electrical, Commun &amp; Cyber Sys</LongName>
      </Division>
    </Organization>
    <ProgramOfficer>
      <SignBlockName>Radhakisan S. Baheti</SignBlockName>
    </ProgramOfficer>
    <AbstractNarration>Bhattacharya Abstract&lt;br/&gt;&lt;br/&gt;The objective of this research is to develop reinforcement learning based computational solution methods for dynamic leader-follower problems, and to demonstrate their applicability to problems in regulation and public policy formulation using an example of electricity markets. The approach is to formulate a theoretical framework for dynamic leader-follower problems, which will help characterize different leader-follower type problems important for many application areas, and provide a basis for designing new computational approaches for addressing such applications.&lt;br/&gt;&lt;br/&gt;Intellectual Merit. In leader-follower problems, the leader seeks an incentive strategy that induces self-interested followers to act in ways that maximize the leaders long-term objective (social welfare). They have wide applicability in dynamic regulation of energy markets, public policy formulation in pollution control, taxation etc. A specific focus of this work is on computational approaches that can work with incomplete information, an aspect not adequately addressed by current approaches. The intellectual merit of this work is in combining recent results from different research streams including competitive sequential decision making, hierarchical games, multi-agent reinforcement learning and stochastic approximation, to develop a new theoretical and computational approach for solving dynamic leader-follower problems. &lt;br/&gt;&lt;br/&gt;Broader Benefits. The major impact will be through the development and validation of tools for decision making in regulatory and public policy contexts. Such tools will help train professionals in government and non-government agencies in analyzing dynamic regulation and public policy situations and identifying optimal actions. Further, through demonstrating new computational approaches for problems commonly studied in public policy, economics and business, this research will foster interdisciplinary linkages.</AbstractNarration>
    <MinAmdLetterDate>04/18/2006</MinAmdLetterDate>
    <MaxAmdLetterDate>04/30/2008</MaxAmdLetterDate>
    <ARRAAmount/>
    <AwardID>0601590</AwardID>
    <Investigator>
      <FirstName>Kurian</FirstName>
      <LastName>Tharakunnel</LastName>
      <EmailAddress>kthara1@uic.edu</EmailAddress>
      <StartDate>04/18/2006</StartDate>
      <EndDate/>
      <RoleCode>Co-Principal Investigator</RoleCode>
    </Investigator>
    <Investigator>
      <FirstName>Siddhartha</FirstName>
      <LastName>Bhattacharyya</LastName>
      <EmailAddress>sidb@uic.edu</EmailAddress>
      <StartDate>04/18/2006</StartDate>
      <EndDate/>
      <RoleCode>Principal Investigator</RoleCode>
    </Investigator>
    <Institution>
      <Name>University of Illinois at Chicago</Name>
      <CityName>Chicago</CityName>
      <ZipCode>606124305</ZipCode>
      <PhoneNumber>3129962862</PhoneNumber>
      <StreetAddress>809 S MARSHFIELD</StreetAddress>
      <CountryName>United States</CountryName>
      <StateName>Illinois</StateName>
      <StateCode>IL</StateCode>
    </Institution>
    <FoaInformation>
      <Code>0510403</Code>
      <Name>Engineering &amp; Computer Science</Name>
    </FoaInformation>
    <ProgramElement>
      <Code>7607</Code>
      <Text>ENERGY,POWER,ADAPTIVE SYS</Text>
    </ProgramElement>
    <ProgramReference>
      <Code>0000</Code>
      <Text>UNASSIGNED</Text>
    </ProgramReference>
    <ProgramReference>
      <Code>7238</Code>
      <Text>ENG ITR CORE ACTIVITIES</Text>
    </ProgramReference>
    <ProgramReference>
      <Code>OTHR</Code>
      <Text>OTHER RESEARCH OR EDUCATION</Text>
    </ProgramReference>
  </Award>
</rootTag>
