<?xml version="1.0" encoding="UTF-8"?>

<rootTag>
  <Award>
    <AwardTitle>Support of the Workshop Entitled "Second International Conference on Transport Phenomena in Micro- and Nanodevices"</AwardTitle>
    <AwardEffectiveDate>12/01/2005</AwardEffectiveDate>
    <AwardExpirationDate>11/30/2006</AwardExpirationDate>
    <AwardAmount>20000</AwardAmount>
    <AwardInstrument>
      <Value>Standard Grant</Value>
    </AwardInstrument>
    <Organization>
      <Code>07020000</Code>
      <Directorate>
        <LongName>Directorate For Engineering</LongName>
      </Directorate>
      <Division>
        <LongName>Div Of Chem, Bioeng, Env, &amp; Transp Sys</LongName>
      </Division>
    </Organization>
    <ProgramOfficer>
      <SignBlockName>William Wendell Schultz</SignBlockName>
    </ProgramOfficer>
    <AbstractNarration>PROPOSAL NO.: CTS-0601099&lt;br/&gt;PROPOSAL TYPE: INVESTIGATOR INITIATED&lt;br/&gt;PRINCIPAL INVESTIGATORS: M. GAD-EL-HAK&lt;br/&gt;INSTITUTION: VIRGINIA COMMONWEALTH UNIVERSITY &lt;br/&gt;&lt;br/&gt;SUPPORT OF THE WORKSHOP ENTITLED SECOND INTERNATIONAL CONFERENCE ON TRANSPORT PHENOMENA IN MICRO-AND NANO-DEVICES&lt;br/&gt;&lt;br/&gt;Interest in micro- and nano-electromechanical systems (MEMS and NEMS, respectively) has experienced explosive growth during the past few years. Rapid progress in fabricating and utilizing MEMS and NEMS has not been matched by corresponding advances in understanding of the unconventional physics involved. Providing such understanding is crucial to designing, optimizing, fabricating, utilizing and controlling improved minute devices. This international workshop has the primary objective of improving fundamental understanding of the physics of transport phenomena in micro- and nano-devices. Partial support from the National Science Foundation will facilitate the attendance of several American students and other researchers who would otherwise be unable to attend. The workshop will take place 11-15 June 2006, in Barga, Italy. The first workshop in this series was held 17-21 October 2004 in Kona, Hawaii. This meeting will bring together a small but select group of researchers interested in all aspects of transport phenomena in MEMS and NEMS, i.e. transport of mass, momentum, energy and quantum particles in devices with characteristic lengths as small as 1 micrometer and 1 nanometer, respectively. A unique aspect of this workshop is bringing together two communities that have not interacted much in the past, those of quantum transport and classical transport. The broader impact resulting from the proposed activity lies in its focus on rapidly advancing micro- and nanotechnologies. The fundamental understanding that the workshop provides will result in potential advances in areas such as: micro- and nano-systems involving particulate and other multiphase flows, mixing, combustion, energy conversion, computing, biochips, photonics, microfabrication involving transport phenomena, such as spin coating and etching, quantum dots and circuits, electronic transport through organic and inorganic materials, molecular electronics, control of electronic wave functions in molecules, quantum computations, and single-electron devices. Selected papers and a roadmap for future research will be published in the form of a hard cover book or a special issue of Physics of Fluids and will be made widely available to the research community&lt;br/&gt;&lt;br/&gt;Jointly funded by the CTS programs of Fluid Dynamics &amp; Hydraulics, Particulate &amp; Multiphase Processes, and Thermal Transport &amp; Thermal Processing.</AbstractNarration>
    <MinAmdLetterDate>11/21/2005</MinAmdLetterDate>
    <MaxAmdLetterDate>11/21/2005</MaxAmdLetterDate>
    <ARRAAmount/>
    <AwardID>0601099</AwardID>
    <Investigator>
      <FirstName>Mohamed</FirstName>
      <LastName>Gad-el-Hak</LastName>
      <EmailAddress>gadelhak@vcu.edu</EmailAddress>
      <StartDate>11/21/2005</StartDate>
      <EndDate/>
      <RoleCode>Principal Investigator</RoleCode>
    </Investigator>
    <Institution>
      <Name>Virginia Commonwealth University</Name>
      <CityName>RICHMOND</CityName>
      <ZipCode>232980568</ZipCode>
      <PhoneNumber>8048286772</PhoneNumber>
      <StreetAddress>P.O. Box 980568</StreetAddress>
      <CountryName>United States</CountryName>
      <StateName>Virginia</StateName>
      <StateCode>VA</StateCode>
    </Institution>
    <FoaInformation>
      <Code>0308000</Code>
      <Name>Industrial Technology</Name>
    </FoaInformation>
  </Award>
</rootTag>
