<?xml version="1.0" encoding="UTF-8"?>

<rootTag>
  <Award>
    <AwardTitle>Some problems in number theory</AwardTitle>
    <AwardEffectiveDate>06/01/2006</AwardEffectiveDate>
    <AwardExpirationDate>04/30/2007</AwardExpirationDate>
    <AwardAmount>91282</AwardAmount>
    <AwardInstrument>
      <Value>Standard Grant</Value>
    </AwardInstrument>
    <Organization>
      <Code>03040200</Code>
      <Directorate>
        <LongName>Direct For Mathematical &amp; Physical Scien</LongName>
      </Directorate>
      <Division>
        <LongName>Division Of Mathematical Sciences</LongName>
      </Division>
    </Organization>
    <ProgramOfficer>
      <SignBlockName>Tie Luo</SignBlockName>
    </ProgramOfficer>
    <AbstractNarration>The goal of this project is to study some classic problems in &lt;br/&gt;combinatorial and analytic number theory. More precisely, Yu will study &lt;br/&gt;(1) bounds for finite sets of integers satisfying some binary additive &lt;br/&gt;properties, and (2) rank 0 quadratic twists of elliptic curves over the &lt;br/&gt;rationals. The objects in study (1) are the generalized Sidon sets and &lt;br/&gt;additive 2-basis of integers. A new idea is introduced which captures the &lt;br/&gt;concentration of the sumset and the difference set. Along with the classic &lt;br/&gt;methods of discrete Fourier analysis, this new idea results in an &lt;br/&gt;improvement for currently the best upper bounds for the cardinalities of &lt;br/&gt;generalized Sidon sets. This new approach will also be employed to improve &lt;br/&gt;the lower bound for the 2-basis of integers. In study (2), Yu will show &lt;br/&gt;that, for any elliptic curve which posses a 2-isogeny over the rationals, &lt;br/&gt;a positive proportion of its quadratic twists have rank 0; and, for a pair &lt;br/&gt;of elliptic curves over the rationals, there are infinitely many &lt;br/&gt;squarefree integers D such that the quadratic twists of the two curves by &lt;br/&gt;the same D simultaneously have rank 0. To achieve these, techniques such &lt;br/&gt;as the first descent, sieve methods and estimation of character sums will &lt;br/&gt;be applied. Besides, Yu will try to use the similar methods to prove &lt;br/&gt;boundedness of the average rank of the quadratic twists of every elliptic &lt;br/&gt;curve over the rationals. &lt;br/&gt;&lt;br/&gt;The problem of bounding a (generalized) Sidon set has attracted a lot of &lt;br/&gt;attentions. While an upper bound for a generalized Sidon set has natural &lt;br/&gt;implication in the study of Fourier series from Sidon's work back in &lt;br/&gt;1930's, it is also closely related to some other problems in harmonic &lt;br/&gt;analysis and continuous Ramsey theory. In the first part of this project, &lt;br/&gt;Yu studies the upper bounds for generalized Sidon sets, and use the new idea &lt;br/&gt;involved to study some related problems. In the other part of the project, &lt;br/&gt;Yu is devoted to studying some arithmetic of elliptic curves. Yu will &lt;br/&gt;partially solve a longstanding problem related to the rank of elliptic &lt;br/&gt;curves, and will also study some related problems.</AbstractNarration>
    <MinAmdLetterDate>04/03/2006</MinAmdLetterDate>
    <MaxAmdLetterDate>04/03/2006</MaxAmdLetterDate>
    <ARRAAmount/>
    <AwardID>0601033</AwardID>
    <Investigator>
      <FirstName>Gang</FirstName>
      <LastName>Yu</LastName>
      <EmailAddress>yu@math.kent.edu</EmailAddress>
      <StartDate>04/03/2006</StartDate>
      <EndDate/>
      <RoleCode>Principal Investigator</RoleCode>
    </Investigator>
    <Institution>
      <Name>University South Carolina Research Foundation</Name>
      <CityName>COLUMBIA</CityName>
      <ZipCode>292080001</ZipCode>
      <PhoneNumber>8037777093</PhoneNumber>
      <StreetAddress>1600 Hampton Street</StreetAddress>
      <CountryName>United States</CountryName>
      <StateName>South Carolina</StateName>
      <StateCode>SC</StateCode>
    </Institution>
    <FoaInformation>
      <Code>0000099</Code>
      <Name>Other Applications NEC</Name>
    </FoaInformation>
    <ProgramElement>
      <Code>1264</Code>
      <Text>ALGEBRA,NUMBER THEORY,AND COM</Text>
    </ProgramElement>
    <ProgramReference>
      <Code>0000</Code>
      <Text>UNASSIGNED</Text>
    </ProgramReference>
    <ProgramReference>
      <Code>9150</Code>
      <Text>EXP PROG TO STIM COMP RES</Text>
    </ProgramReference>
    <ProgramReference>
      <Code>OTHR</Code>
      <Text>OTHER RESEARCH OR EDUCATION</Text>
    </ProgramReference>
  </Award>
</rootTag>
