<?xml version="1.0" encoding="UTF-8"?>

<rootTag>
  <Award>
    <AwardTitle>Fundamentals of Dielectric Charging for Functional Plastic Transistors, and Integeration of Charging and Printing Process for Circut Fabrications</AwardTitle>
    <AwardEffectiveDate>04/01/2006</AwardEffectiveDate>
    <AwardExpirationDate>03/31/2009</AwardExpirationDate>
    <AwardAmount>239927</AwardAmount>
    <AwardInstrument>
      <Value>Standard Grant</Value>
    </AwardInstrument>
    <Organization>
      <Code>07010000</Code>
      <Directorate>
        <LongName>Directorate For Engineering</LongName>
      </Directorate>
      <Division>
        <LongName>Div Of Electrical, Commun &amp; Cyber Sys</LongName>
      </Division>
    </Organization>
    <ProgramOfficer>
      <SignBlockName>Pradeep P. Fulay</SignBlockName>
    </ProgramOfficer>
    <AbstractNarration>The objective of this research is to study effects, mechanisms, and limits of charge implantation into gate dielectrics of organic/plastic field-effect transistors and to develop processes for charge implantation that are fully integrated with roll-to-roll printing. Charged dielectrics in transistors offer the opportunity to preset the conductance of OFETs without addressing gate electrodes during operation, to impart a nonvolatile threshold voltage offset to transistors, to reverse the majority carrier in a single organic semiconductor, and most importantly, to fabricate transistors with different characteristics out of the same materials and with the same architectures, greatly diminishing the need to print multiple semiconductors when fabricating complex printed/plastic circuits. The approach is to synthesize new semiconductors with functional groups and energy levels optimized for charging stability and maximum charge-induced modulation, utilization of dielectrics with improved film-forming capabilities via printing processes and the most hydrophobic possible surface functionalities, optimizing charging dynamics, and process transfer to rapid roll-mounted charging apparatus located in Germany. &lt;br/&gt;&lt;br/&gt;The intellectual merit will include a valuable new approach for printing circuits of commercial interest for wireless identification tags, for which there are no printable, practical, and stable alternatives, and which are increasingly in demand. Sensor arrays for homeland security and reconfigurable plastic circuits are other likely technological applications. New compounds, solids, and physical phenomena will be explored. &lt;br/&gt;&lt;br/&gt;Broader impact includes undergraduate engineering laboratory enhancements, demonstrations for middle and high school outreach events, and modules suitable for high school electronics instruction. The international collaboration will be especially enlightening for graduate student trainees.</AbstractNarration>
    <MinAmdLetterDate>03/29/2006</MinAmdLetterDate>
    <MaxAmdLetterDate>03/29/2006</MaxAmdLetterDate>
    <ARRAAmount/>
    <AwardID>0601356</AwardID>
    <Investigator>
      <FirstName>Howard</FirstName>
      <LastName>Katz</LastName>
      <EmailAddress>hekatz@jhu.edu</EmailAddress>
      <StartDate>03/29/2006</StartDate>
      <EndDate/>
      <RoleCode>Principal Investigator</RoleCode>
    </Investigator>
    <Institution>
      <Name>Johns Hopkins University</Name>
      <CityName>Baltimore</CityName>
      <ZipCode>212182608</ZipCode>
      <PhoneNumber>4105168668</PhoneNumber>
      <StreetAddress>3400 N CHARLES ST</StreetAddress>
      <CountryName>United States</CountryName>
      <StateName>Maryland</StateName>
      <StateCode>MD</StateCode>
    </Institution>
    <FoaInformation>
      <Code>0206000</Code>
      <Name>Telecommunications</Name>
    </FoaInformation>
  </Award>
</rootTag>
