<?xml version="1.0" encoding="UTF-8"?>

<rootTag>
  <Award>
    <AwardTitle>International Research Fellowship Program: Helical Chirality Amplification through Constitutional Dynamic Chemistry</AwardTitle>
    <AwardEffectiveDate>09/01/2006</AwardEffectiveDate>
    <AwardExpirationDate>08/31/2008</AwardExpirationDate>
    <AwardAmount>137512</AwardAmount>
    <AwardInstrument>
      <Value>Fellowship</Value>
    </AwardInstrument>
    <Organization>
      <Code>01090000</Code>
      <Directorate>
        <LongName>Office Of The Director</LongName>
      </Directorate>
      <Division>
        <LongName>Office Of Internatl Science &amp;Engineering</LongName>
      </Division>
    </Organization>
    <ProgramOfficer>
      <SignBlockName>Cassandra M. Dudka</SignBlockName>
    </ProgramOfficer>
    <AbstractNarration>0601296&lt;br/&gt;Folmer-Andersen&lt;br/&gt;&lt;br/&gt;The International Research Fellowship Program enables U.S. scientists and engineers to conduct nine to twenty-four months of research abroad. The program's awards provide opportunities for joint research, and the use of unique or complementary facilities, expertise and experimental conditions abroad.&lt;br/&gt;&lt;br/&gt;This award will support a twenty-four-month research fellowship by Dr. Frantz Folmer-Andersen to work with Dr. Jean-Marie P. Lehn at Universite Louis Pasteur in Strasbourg, France.&lt;br/&gt;&lt;br/&gt;Biological systems have evolved with increasing order and complexity, which exist throughout multiple organizational levels, from the molecular to the macroscopic. At the root of this hierarchy lies information encoded by sequences of small (sub-nanometer) repeat units within biopolymers. This sequential information is processed several times over through non-covalent physical interactions, which may be thought of as interactional algorithms, to afford precisely folded biological machinery. The application of this strategy to the "bottom-up" synthesis of well-defined nano- and microscopic architectures necessitates control over the expression of structural information across size scales and hierarchical levels. The proposed activities seek to establish such control within purely synthetic systems through the design of programmed monomers, which contain structural features that direct higher-order oligomer folding in a predictable way. The interrelationship between molecular and oligomer structure will then be interrogated by way of constitutional dynamic chemistry (CDC), which relies on the reversible interchange of components as a means of generating diversity within oligomeric assemblies. Specifically, this work aims to use asymmetric monomers to generate chiral bias (preferred twist-sense) in reversibly linked helical oligomers; and then through CDC, to affect the preferential incorporation of one enantiomer of a racemic mixture of exogenous monomers into the biased oligomers. The experimental approach to enantioselection relies on diastereomeric interactions between the monomers and the helical superstructure. In light of the homochirality and helical structures of proteins and genetic material, the general process of chirality amplification demonstrated by this work reflects a plausible evolutionary mechanism. Further, this method of component selection may be applied to the general design of dynamic nanosystems. Such materials would be capable of selecting components from an available pool to build up prescribed nanoscale objects, and in response to stimuli, be induced to deconstruct the objects and build different ones by recombination of the component pool. The achievement of this type of spontaneous but controlled assembly and disassembly of molecular machines could strongly impact the fields of nanotechnology and materials science.</AbstractNarration>
    <MinAmdLetterDate>05/02/2006</MinAmdLetterDate>
    <MaxAmdLetterDate>05/02/2006</MaxAmdLetterDate>
    <ARRAAmount/>
    <AwardID>0601296</AwardID>
    <Investigator>
      <FirstName>Frantz</FirstName>
      <LastName>Folmer-Andersen</LastName>
      <EmailAddress/>
      <StartDate>05/02/2006</StartDate>
      <EndDate/>
      <RoleCode>Principal Investigator</RoleCode>
    </Investigator>
    <Institution>
      <Name>Folmer-Andersen Frantz</Name>
      <CityName>Austin</CityName>
      <ZipCode>797034819</ZipCode>
      <PhoneNumber/>
      <StreetAddress/>
      <CountryName>United States</CountryName>
      <StateName>Texas</StateName>
      <StateCode>TX</StateCode>
    </Institution>
    <FoaInformation>
      <Code>0000099</Code>
      <Name>Other Applications NEC</Name>
    </FoaInformation>
    <ProgramElement>
      <Code>7316</Code>
      <Text>EAPSI</Text>
    </ProgramElement>
    <ProgramReference>
      <Code>0000</Code>
      <Text>UNASSIGNED</Text>
    </ProgramReference>
    <ProgramReference>
      <Code>5918</Code>
      <Text>FRANCE</Text>
    </ProgramReference>
    <ProgramReference>
      <Code>5956</Code>
      <Text>IRFP</Text>
    </ProgramReference>
    <ProgramReference>
      <Code>5980</Code>
      <Text>WESTERN EUROPE PROGRAM</Text>
    </ProgramReference>
    <ProgramReference>
      <Code>OTHR</Code>
      <Text>OTHER RESEARCH OR EDUCATION</Text>
    </ProgramReference>
  </Award>
</rootTag>
