<?xml version="1.0" encoding="UTF-8"?>

<rootTag>
  <Award>
    <AwardTitle>UV Photonic Crystal Light Sources</AwardTitle>
    <AwardEffectiveDate>07/01/2006</AwardEffectiveDate>
    <AwardExpirationDate>05/31/2008</AwardExpirationDate>
    <AwardAmount>240000</AwardAmount>
    <AwardInstrument>
      <Value>Standard Grant</Value>
    </AwardInstrument>
    <Organization>
      <Code>07010000</Code>
      <Directorate>
        <LongName>Directorate For Engineering</LongName>
      </Directorate>
      <Division>
        <LongName>Div Of Electrical, Commun &amp; Cyber Sys</LongName>
      </Division>
    </Organization>
    <ProgramOfficer>
      <SignBlockName>Eric G Johnson</SignBlockName>
    </ProgramOfficer>
    <AbstractNarration>Hui Cao, Northwestern University&lt;br/&gt;0601249&lt;br/&gt;&lt;br/&gt;&lt;br/&gt;Intellectual Merit: Ultraviolet (UV) lasers and light emitting diodes (LEDs) have potential applications in high-density optical storage, high-resolution laser printing, solid-state lighting and display. The investigators propose to utilize photonic band structures to reduce the threshold of UV lasers and to increase the efficiency of UV LEDs. The structural disorder introduced unintentionally during the fabrication process often limits the photonic band gap effects. The investigators propose a new approach, i.e. to utilize higher-order band structures. This approach increases the feature size and reduces the amount of lattice defects in the crystals. Owing to the large exciton binding energy, ZnO exhibits strong exciton emission even at room temperature. However, the non-directionality of exciton emission limits the efficiency of UV LEDs. The investigators propose to use two-dimensional photonic crystal to make ZnO exciton emission highly directional. &lt;br/&gt;Broader Impacts: The investigators envision that the success of their program will enrich the research and education environment of students, teachers, and their colleagues. The successful development of UV photonic crystal lasers and LEDs will have significant impact on the development of short-wavelength compact light sources. The investigators will be actively involved with the development of a dynamic, customized, web-based course for pre-college and first year undergraduate students in the area of light wave phenomena in nanostructured materials". They will post their research results in the Global Research Gallery of the NSF funded Materials World Network (MWN) for public viewing. Working with the National Center for Learning and Teaching in Nanoscale Science and Engineering, the investigators will develop an implementation plan to insert "nanophotonics" into modern physics courses. They will use Northwestern physics classes to develop a proto-type module.</AbstractNarration>
    <MinAmdLetterDate>04/10/2006</MinAmdLetterDate>
    <MaxAmdLetterDate>04/10/2006</MaxAmdLetterDate>
    <ARRAAmount/>
    <AwardID>0601249</AwardID>
    <Investigator>
      <FirstName>Hui</FirstName>
      <LastName>Cao</LastName>
      <EmailAddress>hui.cao@yale.edu</EmailAddress>
      <StartDate>04/10/2006</StartDate>
      <EndDate/>
      <RoleCode>Principal Investigator</RoleCode>
    </Investigator>
    <Investigator>
      <FirstName>Robert</FirstName>
      <LastName>Chang</LastName>
      <EmailAddress>r-chang@northwestern.edu</EmailAddress>
      <StartDate>04/10/2006</StartDate>
      <EndDate/>
      <RoleCode>Co-Principal Investigator</RoleCode>
    </Investigator>
    <Institution>
      <Name>Northwestern University</Name>
      <CityName>Evanston</CityName>
      <ZipCode>602013149</ZipCode>
      <PhoneNumber>8474913003</PhoneNumber>
      <StreetAddress>1801 Maple Ave.</StreetAddress>
      <CountryName>United States</CountryName>
      <StateName>Illinois</StateName>
      <StateCode>IL</StateCode>
    </Institution>
    <FoaInformation>
      <Code>0206000</Code>
      <Name>Telecommunications</Name>
    </FoaInformation>
    <ProgramElement>
      <Code>1517</Code>
      <Text>ELECT, PHOTONICS, &amp; MAG DEVICE</Text>
    </ProgramElement>
    <ProgramReference>
      <Code>0000</Code>
      <Text>UNASSIGNED</Text>
    </ProgramReference>
    <ProgramReference>
      <Code>9102</Code>
      <Text>WOMEN, MINORITY, DISABLED, NEC</Text>
    </ProgramReference>
    <ProgramReference>
      <Code>OTHR</Code>
      <Text>OTHER RESEARCH OR EDUCATION</Text>
    </ProgramReference>
  </Award>
</rootTag>
