<?xml version="1.0" encoding="UTF-8"?>

<rootTag>
  <Award>
    <AwardTitle>EID: How Social Organization Influences an Infectious Process: The Honey Bee Colony As a Model</AwardTitle>
    <AwardEffectiveDate>10/15/2005</AwardEffectiveDate>
    <AwardExpirationDate>08/31/2008</AwardExpirationDate>
    <AwardAmount>194924</AwardAmount>
    <AwardInstrument>
      <Value>Standard Grant</Value>
    </AwardInstrument>
    <Organization>
      <Code>08040000</Code>
      <Directorate>
        <LongName>Direct For Biological Sciences</LongName>
      </Directorate>
      <Division>
        <LongName>Emerging Frontiers</LongName>
      </Division>
    </Organization>
    <ProgramOfficer>
      <SignBlockName>Samuel M. Scheiner</SignBlockName>
    </ProgramOfficer>
    <AbstractNarration>This project aims to understand the influence of social organization on epidemiology, using the honey bee colony as a model. It is based on the hypothesis that the social network within a large group, which is fundamental to its integration, also makes it relatively easy for pathogens to sweep across the entire group. Such high susceptibility of social groups to epidemics also makes it likely that the design of the social network is under strong selection pressure to evolve a structure that impedes the transmission of pathogens. There may be segregating forces within the network that reduce the velocity of pathogen transmission or the network could flexibly alter its structure as a defensive response against an invading pathogen. &lt;br/&gt;&lt;br/&gt;Most of the current ideas in epidemiology are either theoretical or based on secondary data due to an obvious lack of experimental opportunities. The honey bee colony, with its highly complex social organization and a tremendous array of host-parasite interactions, provides a one-of-a-kind opportunity to further our understanding of epidemic phenomena. This bee colony is also highly amenable to experimental manipulations making it possible to study the treatment effects of numerous social and demographic variables on the spread of an epidemic. Such findings have enormous applications in designing disease prevention and control methods for any close-knit social group such as a crowded urban situation, especially given the current challenges posed by bioterrorism and emerging infectious diseases.</AbstractNarration>
    <MinAmdLetterDate>10/13/2005</MinAmdLetterDate>
    <MaxAmdLetterDate>07/30/2007</MaxAmdLetterDate>
    <ARRAAmount/>
    <AwardID>0601134</AwardID>
    <Investigator>
      <FirstName>Dhruba</FirstName>
      <LastName>Naug</LastName>
      <EmailAddress>dhruba@colostate.edu</EmailAddress>
      <StartDate>10/13/2005</StartDate>
      <EndDate/>
      <RoleCode>Principal Investigator</RoleCode>
    </Investigator>
    <Institution>
      <Name>Colorado State University</Name>
      <CityName>Fort Collins</CityName>
      <ZipCode>805232002</ZipCode>
      <PhoneNumber>9704916355</PhoneNumber>
      <StreetAddress>601 S Howes St</StreetAddress>
      <CountryName>United States</CountryName>
      <StateName>Colorado</StateName>
      <StateCode>CO</StateCode>
    </Institution>
    <ProgramElement>
      <Code>1108</Code>
      <Text>INSTRUMENTAT &amp; INSTRUMENT DEVP</Text>
    </ProgramElement>
    <ProgramElement>
      <Code>1629</Code>
      <Text>BE: NON-ANNOUNCEMENT RESEARCH</Text>
    </ProgramElement>
    <ProgramElement>
      <Code>7242</Code>
      <Text>ECOLOGY OF INFECTIOUS DISEASES</Text>
    </ProgramElement>
    <ProgramElement>
      <Code>V361</Code>
      <Text/>
    </ProgramElement>
    <ProgramReference>
      <Code>1629</Code>
      <Text>BE: Non-Announcement Research</Text>
    </ProgramReference>
    <ProgramReference>
      <Code>7242</Code>
      <Text>ECOLOGY OF INFECTIOUS DISEASES</Text>
    </ProgramReference>
    <ProgramReference>
      <Code>9169</Code>
      <Text>BIODIVERSITY AND ECOSYSTEM DYNAMICS</Text>
    </ProgramReference>
    <ProgramReference>
      <Code>9178</Code>
      <Text>UNDERGRADUATE EDUCATION</Text>
    </ProgramReference>
    <ProgramReference>
      <Code>9251</Code>
      <Text>RES EXPER FOR UNDERGRAD-SUPPLT</Text>
    </ProgramReference>
    <ProgramReference>
      <Code>EGCH</Code>
      <Text>ENVIRONMENT AND GLOBAL CHANGE</Text>
    </ProgramReference>
    <ProgramReference>
      <Code>SMET</Code>
      <Text>SCIENCE, MATH, ENG &amp; TECH EDUCATION</Text>
    </ProgramReference>
  </Award>
</rootTag>
