<?xml version="1.0" encoding="UTF-8"?>

<rootTag>
  <Award>
    <AwardTitle>Theoretical/Computational Studies of Few-Body Coulomb Systems</AwardTitle>
    <AwardEffectiveDate>07/01/2006</AwardEffectiveDate>
    <AwardExpirationDate>06/30/2010</AwardExpirationDate>
    <AwardAmount>60000</AwardAmount>
    <AwardInstrument>
      <Value>Standard Grant</Value>
    </AwardInstrument>
    <Organization>
      <Code>03010000</Code>
      <Directorate>
        <LongName>Direct For Mathematical &amp; Physical Scien</LongName>
      </Directorate>
      <Division>
        <LongName>Division Of Physics</LongName>
      </Division>
    </Organization>
    <ProgramOfficer>
      <SignBlockName>Richard Houghton Pratt</SignBlockName>
    </ProgramOfficer>
    <AbstractNarration>The research focuses on new and efficient computational approaches to calculating the atomic integrals for fully correlated wavefunctions in 3 and 4 body coulomb systems. A small additional project in calculating scattering wavefunctions for atom-atom collisions involving the complex rotation of the internuclear coordinate and resonances, will also be continued.</AbstractNarration>
    <MinAmdLetterDate>07/06/2006</MinAmdLetterDate>
    <MaxAmdLetterDate>07/06/2006</MaxAmdLetterDate>
    <ARRAAmount/>
    <AwardID>0601758</AwardID>
    <Investigator>
      <FirstName>Frank</FirstName>
      <LastName>Harris</LastName>
      <EmailAddress>harris@qtp.ufl.edu</EmailAddress>
      <StartDate>07/06/2006</StartDate>
      <EndDate/>
      <RoleCode>Principal Investigator</RoleCode>
    </Investigator>
    <Institution>
      <Name>University of Florida</Name>
      <CityName>GAINESVILLE</CityName>
      <ZipCode>326112002</ZipCode>
      <PhoneNumber>3523923516</PhoneNumber>
      <StreetAddress>1 UNIVERSITY OF FLORIDA</StreetAddress>
      <CountryName>United States</CountryName>
      <StateName>Florida</StateName>
      <StateCode>FL</StateCode>
    </Institution>
    <FoaInformation>
      <Code>0000099</Code>
      <Name>Other Applications NEC</Name>
    </FoaInformation>
  </Award>
</rootTag>
