<?xml version="1.0" encoding="UTF-8"?>

<rootTag>
  <Award>
    <AwardTitle>Optimization Methods for Enhancing Real-Time Voltage Stability Margin (VSM)</AwardTitle>
    <AwardEffectiveDate>06/01/2006</AwardEffectiveDate>
    <AwardExpirationDate>05/31/2011</AwardExpirationDate>
    <AwardAmount>288000</AwardAmount>
    <AwardInstrument>
      <Value>Standard Grant</Value>
    </AwardInstrument>
    <Organization>
      <Code>07010000</Code>
      <Directorate>
        <LongName>Directorate For Engineering</LongName>
      </Directorate>
      <Division>
        <LongName>Div Of Electrical, Commun &amp; Cyber Sys</LongName>
      </Division>
    </Organization>
    <ProgramOfficer>
      <SignBlockName>George Maracas</SignBlockName>
    </ProgramOfficer>
    <AbstractNarration>Deregulation of the US electricity system has resulted in significant increases in transactions among players in the power market. An efficient tool is needed to monitor and control the performance of this critical infrastructure to avoid catastrophic failure events. This research aims to develop a decentralized Optimal Power Flow (OPF) with real-time voltage security constraints. This formulation will be based on an area-wise OPF that employs real-time Phasor Measurement Units as well as traditional state estimation inputs. Optimization techniques to be considered include adaptive dynamic programming, quadratic interior point optimization, and integer interior point optimization. &lt;br/&gt;&lt;br/&gt;Intellectual Merits: The proposed project will address an innovative approach to preventive control of power systems using real time data for computing a Voltage Stability Margin (VSM), and provide decentralized optimal power flow methods for alleviating the voltage instability problems. Broader Impacts: This proposal will address problems in the areas of systems, optimization and electric power. The research will support the PI s efforts in community outreach and mentoring students from underrepresented groups. The PI will also use local resources, including the Howard University Science, Engineering and Mathematics (HUSEM) Program and Research Experience for Undergraduates (REU), to broaden this participation.</AbstractNarration>
    <MinAmdLetterDate>04/03/2006</MinAmdLetterDate>
    <MaxAmdLetterDate>06/25/2010</MaxAmdLetterDate>
    <ARRAAmount/>
    <AwardID>0601636</AwardID>
    <Investigator>
      <FirstName>James</FirstName>
      <LastName>Momoh</LastName>
      <EmailAddress>jmomoh@howard.edu</EmailAddress>
      <StartDate>04/03/2006</StartDate>
      <EndDate/>
      <RoleCode>Principal Investigator</RoleCode>
    </Investigator>
    <Institution>
      <Name>Howard University</Name>
      <CityName>Washington</CityName>
      <ZipCode>200599000</ZipCode>
      <PhoneNumber>2028064759</PhoneNumber>
      <StreetAddress>2400 Sixth Street N W</StreetAddress>
      <CountryName>United States</CountryName>
      <StateName>District of Columbia</StateName>
      <StateCode>DC</StateCode>
    </Institution>
    <FoaInformation>
      <Code>0306000</Code>
      <Name>Energy Research &amp; Resources</Name>
    </FoaInformation>
    <ProgramElement>
      <Code>7298</Code>
      <Text>COLLABORATIVE RESEARCH</Text>
    </ProgramElement>
    <ProgramElement>
      <Code>7607</Code>
      <Text>ENERGY,POWER,ADAPTIVE SYS</Text>
    </ProgramElement>
    <ProgramElement>
      <Code>7641</Code>
      <Text>INT'L RES &amp; EDU IN ENGINEERING</Text>
    </ProgramElement>
    <ProgramReference>
      <Code>0000</Code>
      <Text>UNASSIGNED</Text>
    </ProgramReference>
    <ProgramReference>
      <Code>104E</Code>
      <Text>MEMS/NEMS</Text>
    </ProgramReference>
    <ProgramReference>
      <Code>1066</Code>
      <Text>SOUTH AFRICA</Text>
    </ProgramReference>
    <ProgramReference>
      <Code>5976</Code>
      <Text>AFRICA, NEAR EAST, &amp; SO ASIA</Text>
    </ProgramReference>
    <ProgramReference>
      <Code>5993</Code>
      <Text>NIGERIA</Text>
    </ProgramReference>
    <ProgramReference>
      <Code>7298</Code>
      <Text>COLLABORATIVE RESEARCH</Text>
    </ProgramReference>
    <ProgramReference>
      <Code>7641</Code>
      <Text>INT'L RES &amp; EDU IN ENGINEERING</Text>
    </ProgramReference>
    <ProgramReference>
      <Code>9102</Code>
      <Text>WOMEN, MINORITY, DISABLED, NEC</Text>
    </ProgramReference>
    <ProgramReference>
      <Code>OTHR</Code>
      <Text>OTHER RESEARCH OR EDUCATION</Text>
    </ProgramReference>
  </Award>
</rootTag>
