<?xml version="1.0" encoding="UTF-8"?>

<rootTag>
  <Award>
    <AwardTitle>Adaptive Failure Compensation for Performance-Critical Control Systems</AwardTitle>
    <AwardEffectiveDate>06/01/2006</AwardEffectiveDate>
    <AwardExpirationDate>05/31/2010</AwardExpirationDate>
    <AwardAmount>220000</AwardAmount>
    <AwardInstrument>
      <Value>Standard Grant</Value>
    </AwardInstrument>
    <Organization>
      <Code>07010000</Code>
      <Directorate>
        <LongName>Directorate For Engineering</LongName>
      </Directorate>
      <Division>
        <LongName>Div Of Electrical, Commun &amp; Cyber Sys</LongName>
      </Division>
    </Organization>
    <ProgramOfficer>
      <SignBlockName>Radhakisan S. Baheti</SignBlockName>
    </ProgramOfficer>
    <AbstractNarration>ECS-0601475&lt;br/&gt;Gang Tao&lt;br/&gt;&lt;br/&gt;Adaptive Failure Compensation for Performance-Critical Control Systems&lt;br/&gt;&lt;br/&gt;&lt;br/&gt;The objective of this research is to develop new adaptive failure compensation technologies for control of dynamic systems with uncertain failures, with applications to &lt;br/&gt;Performance-critical systems such as aircraft, autonomous systems, and systems with MEM actuators. &lt;br/&gt;&lt;br/&gt;Intellectual merit: The approach is failure compensation by direct adaptation of controller parameters without explicit fault detection and diagnosis, for fast, reliable and robust compensation of uncertain system failures. The key feature of adaptive failure compensation is its ability to ensure both stability and asymptotic tracking without the knowledge of when, how much and how many failures in the system. New system modeling techniques and adaptive control methods will be developed to handle large system variations caused by failures, nonlinear and multivariable dynamics uncertainties in the presence of failures, and multiple actuating signals needed for failure compensation. A novel and systematic theoretical framework will be developed for &lt;br/&gt;adaptive failure compensation, with solutions for several synergic performance-critical system applications.&lt;br/&gt;&lt;br/&gt;Broader impacts: This research will develop guidelines and techniques for designing control systems with guaranteed stability and tracking performance in the presence of system parameter, dynamics and failure uncertainties. It will advance adaptive control theory and techniques, needed for emerging applications such as safe aircraft, intelligent robotic systems, adaptive space structures, autonomous vehicles, and MEM technology, for which effective compensation of system failures is crucial to improve reliability, maintainability and survivability. Research activities and results will bring new concepts &lt;br/&gt;and theory of adaptive control into student training and knowledge dissemination and assist industrial and government researchers in this important area.</AbstractNarration>
    <MinAmdLetterDate>05/01/2006</MinAmdLetterDate>
    <MaxAmdLetterDate>05/01/2006</MaxAmdLetterDate>
    <ARRAAmount/>
    <AwardID>0601475</AwardID>
    <Investigator>
      <FirstName>Gang</FirstName>
      <LastName>Tao</LastName>
      <EmailAddress>gt9s@virginia.edu</EmailAddress>
      <StartDate>05/01/2006</StartDate>
      <EndDate/>
      <RoleCode>Principal Investigator</RoleCode>
    </Investigator>
    <Institution>
      <Name>University of Virginia Main Campus</Name>
      <CityName>CHARLOTTESVILLE</CityName>
      <ZipCode>229044195</ZipCode>
      <PhoneNumber>4349244270</PhoneNumber>
      <StreetAddress>P.O. BOX 400195</StreetAddress>
      <CountryName>United States</CountryName>
      <StateName>Virginia</StateName>
      <StateCode>VA</StateCode>
    </Institution>
    <FoaInformation>
      <Code>0112000</Code>
      <Name>System Theory</Name>
    </FoaInformation>
    <ProgramElement>
      <Code>7607</Code>
      <Text>ENERGY,POWER,ADAPTIVE SYS</Text>
    </ProgramElement>
    <ProgramReference>
      <Code>0000</Code>
      <Text>UNASSIGNED</Text>
    </ProgramReference>
    <ProgramReference>
      <Code>OTHR</Code>
      <Text>OTHER RESEARCH OR EDUCATION</Text>
    </ProgramReference>
  </Award>
</rootTag>
