<?xml version="1.0" encoding="UTF-8"?>

<rootTag>
  <Award>
    <AwardTitle>Complex Dynamics in Higher Dimension</AwardTitle>
    <AwardEffectiveDate>07/01/2006</AwardEffectiveDate>
    <AwardExpirationDate>06/30/2009</AwardExpirationDate>
    <AwardAmount>133398</AwardAmount>
    <AwardInstrument>
      <Value>Standard Grant</Value>
    </AwardInstrument>
    <Organization>
      <Code>03040100</Code>
      <Directorate>
        <LongName>Direct For Mathematical &amp; Physical Scien</LongName>
      </Directorate>
      <Division>
        <LongName>Division Of Mathematical Sciences</LongName>
      </Division>
    </Organization>
    <ProgramOfficer>
      <SignBlockName>Joe W. Jenkins</SignBlockName>
    </ProgramOfficer>
    <AbstractNarration>0601965 Bedford&lt;br/&gt;&lt;br/&gt;Abstract&lt;br/&gt;&lt;br/&gt;This project will investigate three aspects of complex dynamics in higher dimension: (1) We consider real, birational mappings of the plane, and we will show how complex-analytic and algebraic-geometric ideas can be brought to bear on the dynamics of these maps. (2) We study an "inversion" mapping on the space of matrices. We will determine the degree complexities of this map as it acts on various subspaces of matrices. (3) We will work with the complex Henon family, which has served as an important model family to exhibit complicated dynamical behaviors and has been important because many observed phenomena can actually be proved in the complex case. We will investigate certain parabolic bifurcation phenomena within this family.&lt;br/&gt;&lt;br/&gt;This work involves the areas of Dynamical Systems and Complex Analysis. More specifically, the geometric shape of the dynamical set is connected with the dynamical behavior that takes place on the set, which is an interesting object of study within Complex Analysis. The mapping studied in (2) arises from certain fundamental symmetries in Lattice Statistical Mechanics. And part of the study of the complex Henon family in (3) should impact a "complex" approach to Quantum Mechanical Tunneling. Thus the work in (2) and (3) will have impact on Mathematical Physics.</AbstractNarration>
    <MinAmdLetterDate>03/07/2006</MinAmdLetterDate>
    <MaxAmdLetterDate>02/01/2008</MaxAmdLetterDate>
    <ARRAAmount/>
    <AwardID>0601965</AwardID>
    <Investigator>
      <FirstName>Eric</FirstName>
      <LastName>Bedford</LastName>
      <EmailAddress>ebedford@math.sunysb.edu</EmailAddress>
      <StartDate>03/07/2006</StartDate>
      <EndDate/>
      <RoleCode>Principal Investigator</RoleCode>
    </Investigator>
    <Institution>
      <Name>Indiana University</Name>
      <CityName>Bloomington</CityName>
      <ZipCode>474013654</ZipCode>
      <PhoneNumber>8128550516</PhoneNumber>
      <StreetAddress>509 E 3RD ST</StreetAddress>
      <CountryName>United States</CountryName>
      <StateName>Indiana</StateName>
      <StateCode>IN</StateCode>
    </Institution>
    <FoaInformation>
      <Code>0000099</Code>
      <Name>Other Applications NEC</Name>
    </FoaInformation>
    <ProgramElement>
      <Code>1281</Code>
      <Text>ANALYSIS PROGRAM</Text>
    </ProgramElement>
    <ProgramReference>
      <Code>0000</Code>
      <Text>UNASSIGNED</Text>
    </ProgramReference>
    <ProgramReference>
      <Code>OTHR</Code>
      <Text>OTHER RESEARCH OR EDUCATION</Text>
    </ProgramReference>
  </Award>
</rootTag>
