<?xml version="1.0" encoding="UTF-8"?>

<rootTag>
  <Award>
    <AwardTitle>Collaborative Research: Robust linear parameter varying control methods for precise compensation of hysteresis</AwardTitle>
    <AwardEffectiveDate>09/01/2006</AwardEffectiveDate>
    <AwardExpirationDate>08/31/2010</AwardExpirationDate>
    <AwardAmount>51000</AwardAmount>
    <AwardInstrument>
      <Value>Standard Grant</Value>
    </AwardInstrument>
    <Organization>
      <Code>07030000</Code>
      <Directorate>
        <LongName>Directorate For Engineering</LongName>
      </Directorate>
      <Division>
        <LongName>Div Of Civil, Mechanical, &amp; Manufact Inn</LongName>
      </Division>
    </Organization>
    <ProgramOfficer>
      <SignBlockName>Eduardo A. Misawa</SignBlockName>
    </ProgramOfficer>
    <AbstractNarration>Abstract:&lt;br/&gt;&lt;br/&gt; This project seeks to develop methodologies for precise compensation of hysteresis nonlinearities in controlled systems. Many electromechanical, structural and material systems at the macro-, meso- micro- and nano-scale exhibit hysteretic behavior due to friction, backlash, phase transition or material properties. Hysteresis in these systems can cause a number of undesirable effects including poor performance, steady-state errors, limit cycle behavior and loss of stability. In this project, the development of a novel Linear Parameter Varying (LPV) control synthesis approach to hysteresis compensation is proposed. In this approach an appropriate state augmentation and transformation is constructed to transform a general nonlinear hysteretic system to an equivalent LPV system with respect to the small-signal local linear gain of the hysteresis nonlinearity. This local linear gain of the hysteresis is proposed as a scheduling parameter to update the LPV feedback control gains. Furthermore, appropriate modeling and on-line identification of hysteresis is proposed that leads to a desired LPV formulation in systems where direct measurement of hysteresis information is not available. To this end, a new method for identification of the Preisach operator weighting function is proposed that provides a computationally efficient on-line estimate of the local linear behavior of the hysteresis nonlinearity. The proposed approach is seen to address many of the limitations of previously developed methods since it can be applied to general nonlinear systems with multiple hysteresis nonlinearities based on knowledge of the small-signal linear gain of the hysteresis at each instant of time. The proposed hysteresis identification and compensation methods will be applied to a large-scale hysteretic variable stiffness and damping structural system at the Rice Universitys Dynamic Systems Laboratory, and to a piezoceramic Thunder actuator micro-positioning system at the University of Houstons Smart Materials &amp; Structures Laboratory. In addition, the project proposes the development of an interactive smart material experiment display that will be used for recruitment, outreach activities and high school demonstrations.&lt;br/&gt;&lt;br/&gt;Precise hysteresis compensation will greatly benefit the precise control of high performance electromechanical and material systems that exhibit hysteretic behavior. Examples of such systems include smart materials (shape memory alloys, piezoceramic materials, magnetostrictive materials, electro-active polymers, and electro-rheological and magneto-rheological fluids), concrete reinforced structures, gear systems and many vibrating systems. Hysteresis compensation in smart materials is of paramount importance in many high technology areas, including adaptive optics, high precision manufacturing and micro-positioning actuators with applications in micro-surgery, precision instrumentation, micro-pumps and micro-manipulation. The students involved in the project will acquire a broad interdisciplinary training and education in advanced controls, electromechanical systems and smart materials ranging from fundamental engineering sciences to experimentation, testing, and practical implementation.</AbstractNarration>
    <MinAmdLetterDate>06/23/2006</MinAmdLetterDate>
    <MaxAmdLetterDate>06/23/2006</MaxAmdLetterDate>
    <ARRAAmount/>
    <AwardID>0601672</AwardID>
    <Investigator>
      <FirstName>Satish</FirstName>
      <LastName>Nagarajaiah</LastName>
      <EmailAddress>satish.nagarajaiah@rice.edu</EmailAddress>
      <StartDate>06/23/2006</StartDate>
      <EndDate/>
      <RoleCode>Principal Investigator</RoleCode>
    </Investigator>
    <Institution>
      <Name>William Marsh Rice University</Name>
      <CityName>Houston</CityName>
      <ZipCode>770051827</ZipCode>
      <PhoneNumber>7133484820</PhoneNumber>
      <StreetAddress>6100 MAIN ST</StreetAddress>
      <CountryName>United States</CountryName>
      <StateName>Texas</StateName>
      <StateCode>TX</StateCode>
    </Institution>
    <ProgramElement>
      <Code>1632</Code>
      <Text>CONTROL SYSTEMS</Text>
    </ProgramElement>
    <ProgramReference>
      <Code>0000</Code>
      <Text>UNASSIGNED</Text>
    </ProgramReference>
    <ProgramReference>
      <Code>030E</Code>
      <Text>CONTROL SYSTEMS</Text>
    </ProgramReference>
    <ProgramReference>
      <Code>OTHR</Code>
      <Text>OTHER RESEARCH OR EDUCATION</Text>
    </ProgramReference>
  </Award>
</rootTag>
