<?xml version="1.0" encoding="UTF-8"?>

<rootTag>
  <Award>
    <AwardTitle>Singularities of solutions to geometric variational problems</AwardTitle>
    <AwardEffectiveDate>07/01/2005</AwardEffectiveDate>
    <AwardExpirationDate>06/30/2008</AwardExpirationDate>
    <AwardAmount>82067</AwardAmount>
    <AwardInstrument>
      <Value>Standard Grant</Value>
    </AwardInstrument>
    <Organization>
      <Code>03040200</Code>
      <Directorate>
        <LongName>Direct For Mathematical &amp; Physical Scien</LongName>
      </Directorate>
      <Division>
        <LongName>Division Of Mathematical Sciences</LongName>
      </Division>
    </Organization>
    <ProgramOfficer>
      <SignBlockName>Joanna Kania-Bartoszynska</SignBlockName>
    </ProgramOfficer>
    <AbstractNarration>DMS-0406447&lt;br/&gt;Title: Singularities of solutions to geometric variational problems&lt;br/&gt;PIs: Gang Tian and Neshan Wickramasekera, M.I.T.&lt;br/&gt;&lt;br/&gt;&lt;br/&gt;ABSTRACT&lt;br/&gt;&lt;br/&gt; The primary focus of this proposal is to study the local&lt;br/&gt;structure of weak limits of (smooth as well as singular) immersed&lt;br/&gt;stable minimal hypersurfaces of arbitrary dimension, with&lt;br/&gt;the ultimate goal of extending the partial regularity&lt;br/&gt;theory of embedded stable minimal hypersurfaces, developed&lt;br/&gt;in 1981 by R. Schoen and L. Simon. Relaxing the embeddedness hypothesis&lt;br/&gt;allows the presence of additional singularities, for instance points&lt;br/&gt;where the tangent cones are hyperplanes with multiplicity greater than&lt;br/&gt;one. It is proposed to investigate the nature of these singularities,&lt;br/&gt;with the aim of obtaining information concerning the size and the&lt;br/&gt;structure of these singularities, possible uniqueness of their tangent&lt;br/&gt;cones as well as the local nature of the hypersurface near the singularities.&lt;br/&gt;The second project proposed is a study of the effect of certain&lt;br/&gt;topological and analytic constraints (on the target&lt;br/&gt;manifold) on the regularity propeties of the singular sets of energy&lt;br/&gt;minimizing harmonic maps between Riemannian manifolds.&lt;br/&gt;&lt;br/&gt; The regularity theory of minimal surfaces and harmonic maps has a very&lt;br/&gt;rich history and the results and ideas developed in these areas have&lt;br/&gt;profoundly influenced several other fields of contemporary research in&lt;br/&gt;mathematics and physics,&lt;br/&gt;such as Yang-Mills fields, free boundary problems, curvature flows and&lt;br/&gt;general relativity.&lt;br/&gt;Obtaining a good structural description near singularities turns out to be&lt;br/&gt;highly desirable in many problems in pure and applied mathematics, and any&lt;br/&gt;new advances in minimal surface theory in this regard will likely have&lt;br/&gt;an impact on these other fields.</AbstractNarration>
    <MinAmdLetterDate>10/24/2005</MinAmdLetterDate>
    <MaxAmdLetterDate>10/24/2005</MaxAmdLetterDate>
    <ARRAAmount/>
    <AwardID>0601265</AwardID>
    <Investigator>
      <FirstName>Neshan</FirstName>
      <LastName>Wickramasekera</LastName>
      <EmailAddress>nwickram@ucsd.edu</EmailAddress>
      <StartDate>10/24/2005</StartDate>
      <EndDate/>
      <RoleCode>Principal Investigator</RoleCode>
    </Investigator>
    <Institution>
      <Name>University of California-San Diego</Name>
      <CityName>La Jolla</CityName>
      <ZipCode>920930934</ZipCode>
      <PhoneNumber>8585344896</PhoneNumber>
      <StreetAddress>Office of Contract &amp; Grant Admin</StreetAddress>
      <CountryName>United States</CountryName>
      <StateName>California</StateName>
      <StateCode>CA</StateCode>
    </Institution>
    <FoaInformation>
      <Code>0000099</Code>
      <Name>Other Applications NEC</Name>
    </FoaInformation>
    <ProgramElement>
      <Code>1265</Code>
      <Text>GEOMETRIC ANALYSIS</Text>
    </ProgramElement>
    <ProgramReference>
      <Code>0000</Code>
      <Text>UNASSIGNED</Text>
    </ProgramReference>
    <ProgramReference>
      <Code>OTHR</Code>
      <Text>OTHER RESEARCH OR EDUCATION</Text>
    </ProgramReference>
  </Award>
</rootTag>
