<?xml version="1.0" encoding="UTF-8"?>

<rootTag>
  <Award>
    <AwardTitle>Complex Nonlinear Dynamics in Electrostatic Microelectromechanical Systems (MEMS)</AwardTitle>
    <AwardEffectiveDate>05/01/2006</AwardEffectiveDate>
    <AwardExpirationDate>04/30/2010</AwardExpirationDate>
    <AwardAmount>240000</AwardAmount>
    <AwardInstrument>
      <Value>Standard Grant</Value>
    </AwardInstrument>
    <Organization>
      <Code>07010000</Code>
      <Directorate>
        <LongName>Directorate For Engineering</LongName>
      </Directorate>
      <Division>
        <LongName>Div Of Electrical, Commun &amp; Cyber Sys</LongName>
      </Division>
    </Organization>
    <ProgramOfficer>
      <SignBlockName>Rajinder P. Khosla</SignBlockName>
    </ProgramOfficer>
    <AbstractNarration>This integrative systems proposal focuses on exploring complex nonlinear dynamics in microelectromechanical systems (MEMS) and system-on-a-chip applications containing MEMS. A number of computational design tools based on sophisticated numerical techniques and algorithms have been developed over the last decade to accelerate the progress in the area of MEMS. A number of these computational design tools have been optimized for static analysis of MEMS. The dynamical behavior of MEMS can be highly nonlinear because of complex interactions between various energy domains and very few studies have been performed so far to fully uncover all the interesting and novel dynamics. &lt;br/&gt;&lt;br/&gt;Intellectual Merit: It is proposed to (1) develop efficient computational design tools for fast and accurate dynamical analysis of MEMS by employing hierarchical physical theories and Lagrangian descriptions for the various mixed-energy domains and by combining the mixed-energy domains by efficient and accurate algorithms; (2) elucidate the significance of all the nonlinear forces present in MEMS. In particular, the proposed research aims to understand, physically, the origin of complex oscillations and nonlinear dynamics to explore various applications of complex oscillations and nonlinear dynamics encountered in MEMS. Some of the envisioned applications include chaotic microfluidic mixers, MEMS filters with shiftable resonant frequencies, arrays of MEMS and MEMS devices integrated with circuits for system-on-a-chip applications. &lt;br/&gt;&lt;br/&gt;Broader Impacts: The proposed research can have a broader impact as it can help accelerate the design and development of a variety of microscale sensors and actuators, microsystems-on-a-chip, secure communications, electronic applications, and MEMS based chemical and biological sensors. Training of graduate students in the areas of MEMS, computational methods and dynamics, incorporation of results from this project into graduate courses offered at UIUC is some of the planned educational activities.</AbstractNarration>
    <MinAmdLetterDate>03/29/2006</MinAmdLetterDate>
    <MaxAmdLetterDate>03/29/2006</MaxAmdLetterDate>
    <ARRAAmount/>
    <AwardID>0601479</AwardID>
    <Investigator>
      <FirstName>N</FirstName>
      <LastName>Aluru</LastName>
      <EmailAddress>aluru@illinois.edu</EmailAddress>
      <StartDate>03/29/2006</StartDate>
      <EndDate/>
      <RoleCode>Principal Investigator</RoleCode>
    </Investigator>
    <Institution>
      <Name>University of Illinois at Urbana-Champaign</Name>
      <CityName>CHAMPAIGN</CityName>
      <ZipCode>618207473</ZipCode>
      <PhoneNumber>2173332187</PhoneNumber>
      <StreetAddress>SUITE A</StreetAddress>
      <CountryName>United States</CountryName>
      <StateName>Illinois</StateName>
      <StateCode>IL</StateCode>
    </Institution>
    <FoaInformation>
      <Code>0510403</Code>
      <Name>Engineering &amp; Computer Science</Name>
    </FoaInformation>
    <ProgramElement>
      <Code>7564</Code>
      <Text>COMMS, CIRCUITS &amp; SENS SYS</Text>
    </ProgramElement>
    <ProgramReference>
      <Code>0000</Code>
      <Text>UNASSIGNED</Text>
    </ProgramReference>
    <ProgramReference>
      <Code>OTHR</Code>
      <Text>OTHER RESEARCH OR EDUCATION</Text>
    </ProgramReference>
  </Award>
</rootTag>
