<?xml version="1.0" encoding="UTF-8"?>

<rootTag>
  <Award>
    <AwardTitle>Evolution problem in General Relativity</AwardTitle>
    <AwardEffectiveDate>08/15/2006</AwardEffectiveDate>
    <AwardExpirationDate>07/31/2011</AwardExpirationDate>
    <AwardAmount>305447</AwardAmount>
    <AwardInstrument>
      <Value>Continuing grant</Value>
    </AwardInstrument>
    <Organization>
      <Code>03040000</Code>
      <Directorate>
        <LongName>Direct For Mathematical &amp; Physical Scien</LongName>
      </Directorate>
      <Division>
        <LongName>Division Of Mathematical Sciences</LongName>
      </Division>
    </Organization>
    <ProgramOfficer>
      <SignBlockName>Bruce P. Palka</SignBlockName>
    </ProgramOfficer>
    <AbstractNarration>Evolution Problem in General Relativity &lt;br/&gt;&lt;br/&gt;Abstract of Proposed Research&lt;br/&gt;Sergiu Klainerman&lt;br/&gt;&lt;br/&gt;&lt;br/&gt;The research focuses on the mathematical analysis of the evolution of the solutions of the Einstein-field equations. Attention will be concentrated on a number of conjectures about these solutions. One concerns the relationship between the curvature tensor and the causal geometry of space-time. Two concern the phenomenon of "cosmic censorship", other concerns the asymptotic behavior or "final state" and one about the stability of the Kerr solution. The resolution of these problems will require the study of the relationship between geometry and curvature of Lorentzian manifolds as well as analysis of the Einstein equations. &lt;br/&gt;&lt;br/&gt;Einstein's equations are the field equations of general relativity and their analysis is central to the understanding of many issues in cosmology including the theory of black holes and gravitational waves. There are only a few exact solutions known of these equations and this research will pursue a more mathematical analysis that will prove qualitative results about the solutions. This analysis should also help the development of algorithms for the numerical computation of solutions of these equations.</AbstractNarration>
    <MinAmdLetterDate>08/16/2006</MinAmdLetterDate>
    <MaxAmdLetterDate>05/20/2010</MaxAmdLetterDate>
    <ARRAAmount/>
    <AwardID>0601186</AwardID>
    <Investigator>
      <FirstName>Sergiu</FirstName>
      <LastName>Klainerman</LastName>
      <EmailAddress>seri@math.princeton.edu</EmailAddress>
      <StartDate>08/16/2006</StartDate>
      <EndDate/>
      <RoleCode>Principal Investigator</RoleCode>
    </Investigator>
    <Institution>
      <Name>Princeton University</Name>
      <CityName>Princeton</CityName>
      <ZipCode>085442020</ZipCode>
      <PhoneNumber>6092583090</PhoneNumber>
      <StreetAddress>Off. of Research &amp; Proj. Admin.</StreetAddress>
      <CountryName>United States</CountryName>
      <StateName>New Jersey</StateName>
      <StateCode>NJ</StateCode>
    </Institution>
    <FoaInformation>
      <Code>0000099</Code>
      <Name>Other Applications NEC</Name>
    </FoaInformation>
    <ProgramElement>
      <Code>1266</Code>
      <Text>APPLIED MATHEMATICS</Text>
    </ProgramElement>
    <ProgramElement>
      <Code>1281</Code>
      <Text>ANALYSIS PROGRAM</Text>
    </ProgramElement>
    <ProgramElement>
      <Code>7454</Code>
      <Text>MSPA-INTERDISCIPLINARY</Text>
    </ProgramElement>
    <ProgramReference>
      <Code>0000</Code>
      <Text>UNASSIGNED</Text>
    </ProgramReference>
    <ProgramReference>
      <Code>1206</Code>
      <Text>THEORETICAL &amp; COMPUTATIONAL ASTROPHYSICS</Text>
    </ProgramReference>
    <ProgramReference>
      <Code>7303</Code>
      <Text>MATH SCI PRIORITY AREA: INTERDISCIPLINAR</Text>
    </ProgramReference>
    <ProgramReference>
      <Code>OTHR</Code>
      <Text>OTHER RESEARCH OR EDUCATION</Text>
    </ProgramReference>
  </Award>
</rootTag>
