<?xml version="1.0" encoding="UTF-8"?>

<rootTag>
  <Award>
    <AwardTitle>The Causal Mechanisms of Stereotype Threat</AwardTitle>
    <AwardEffectiveDate>09/08/2005</AwardEffectiveDate>
    <AwardExpirationDate>09/30/2009</AwardExpirationDate>
    <AwardAmount>238627</AwardAmount>
    <AwardInstrument>
      <Value>Standard Grant</Value>
    </AwardInstrument>
    <Organization>
      <Code>04040500</Code>
      <Directorate>
        <LongName>Direct For Social, Behav &amp; Economic Scie</LongName>
      </Directorate>
      <Division>
        <LongName>Division Of Behavioral and Cognitive Sci</LongName>
      </Division>
    </Organization>
    <ProgramOfficer>
      <SignBlockName>Kellina Craig-Henderson</SignBlockName>
    </ProgramOfficer>
    <AbstractNarration>Stereotype threat occurs when the awareness of a negative stereotype about a social group in a particular domain produces suboptimal performance by members of that group (see Steele, 1997). For example, stereotype threat leads African-Americans to perform worse on tests described as assessing intelligence, Whites to perform worse on tasks described as assessing natural athletic ability, and women to perform worse in math. Indeed, stereotype threat is wide-ranging and affects many social groups in a variety of critical situations. Because the implications of stereotype threat are so considerable and are often revealed by members of underrepresented populations in society, it is important to understand how stereotype threat leads to less-than-optimal performances. In other words, why does stereotype threat occur? One hypothesis for how stereotype threat exerts its impact is that one's worries about confirming a negative performance stereotype reduce the working memory capacity necessary for successful skill execution. But reductions in working memory may not be the only explanation for how stereotype threat operates, especially for proceduralized skills (i.e., skills that run as multi-step procedures largely outside of working memory) such as high-level athletics, surgical procedures, or writing computer programming code. Previous research has demonstrated that proceduralized skills fail when performers are prompted to pay attention to skill execution in a manner that disrupts the fluent execution of automated behaviors, rather than by reducing the working memory capacity available for performance (Beilock &amp; Carr, 2001). In the current work, we propose that stereotype threat can harm performance by multiple mechanisms, and that how particular skills are implemented and cognitively represented in memory (i.e., working-memory intensive skills vs. proceduralized skills) dictate how they will be harmed by one's awareness of a negative performance stereotype. Specifically, we examine how stereotype threat effects are realized as a function of the working memory demands of the skill being performed, the working memory capacity of the individual performing the skill, and the skill level of the performer. By focusing on understanding the cognitive mechanisms underlying stereotype threat, a more comprehensive account of this detrimental phenomenon can be developed, which in turn generates novel predictions about how, when, and for whom stereotype threat effects will be revealed, and, ultimately, how they may be prevented.</AbstractNarration>
    <MinAmdLetterDate>12/01/2005</MinAmdLetterDate>
    <MaxAmdLetterDate>08/27/2007</MaxAmdLetterDate>
    <ARRAAmount/>
    <AwardID>0601148</AwardID>
    <Investigator>
      <FirstName>Sian</FirstName>
      <LastName>Beilock</LastName>
      <EmailAddress>beilock@uchicago.edu</EmailAddress>
      <StartDate>12/01/2005</StartDate>
      <EndDate/>
      <RoleCode>Principal Investigator</RoleCode>
    </Investigator>
    <Institution>
      <Name>University of Chicago</Name>
      <CityName>Chicago</CityName>
      <ZipCode>606375418</ZipCode>
      <PhoneNumber>7737028669</PhoneNumber>
      <StreetAddress>5801 South Ellis Avenue</StreetAddress>
      <CountryName>United States</CountryName>
      <StateName>Illinois</StateName>
      <StateCode>IL</StateCode>
    </Institution>
  </Award>
</rootTag>
