<?xml version="1.0" encoding="UTF-8"?>

<rootTag>
  <Award>
    <AwardTitle>Terahertz Plasmonic Subwavelength Photonics</AwardTitle>
    <AwardEffectiveDate>06/01/2006</AwardEffectiveDate>
    <AwardExpirationDate>05/31/2009</AwardExpirationDate>
    <AwardAmount>156974</AwardAmount>
    <AwardInstrument>
      <Value>Standard Grant</Value>
    </AwardInstrument>
    <Organization>
      <Code>07010000</Code>
      <Directorate>
        <LongName>Directorate For Engineering</LongName>
      </Directorate>
      <Division>
        <LongName>Div Of Electrical, Commun &amp; Cyber Sys</LongName>
      </Division>
    </Organization>
    <ProgramOfficer>
      <SignBlockName>Dominique M. Dagenais</SignBlockName>
    </ProgramOfficer>
    <AbstractNarration>Terahertz Plasmonic Subwavelength Photonics&lt;br/&gt;Weili Zhang&lt;br/&gt;Oklahoma State University&lt;br/&gt;0601574&lt;br/&gt;&lt;br/&gt;Intellectual Merit: This project focuses on fundamental investigation and development of two-dimensional plasmonic photonics with subwavelength microstructures functioning at terahertz frequencies. The combination of surface plasmons and terahertz spectroscopy will be a fruitful field in fundamental understanding of both the properties of terahertz surface plasmons and their optoelectronic applications. This program encompasses multiple research objectives: (1) The PI continues his focus on resonant terahertz transmission of subwavelength plasmonic structures and the surface effects of terahertz surface plasmons. A proof-of-concept study will be undertaken to test the capability of using terahertz surface plasmons in biosensing applications. (2) Tunable terahertz surface plasmons will be investigated. These would be unique in that semiconductors will be optically gated to exhibit instantaneous metallic properties, which in turn support the resonant excitation of surface plasmons. (3) Localized terahertz surface plasmons will be investigated in a number of subwavelength plasmonic structures. &lt;br/&gt;&lt;br/&gt;Broader Impacts: Advances in terahertz plasmonics will enable development of novel terahertz optoelectronic and photonic devices that will impact a broad range of disciplines. The PI will seek collaborations with companies in developing terahertz-based plasmonic sensors and optoelectronic devices, and pursuing commercialization opportunities. The educational component consists of new course development and training for graduate, undergraduate and high school students. A new graduate level course on plasmonic photonics will be developed for students involved in the photonics program at the Oklahoma State University. A cleanroom open house will be offered regularly to high school students and their parents, particularly the Oklahoma Native American students and parents in order to attract excellent undergraduate students.</AbstractNarration>
    <MinAmdLetterDate>05/18/2006</MinAmdLetterDate>
    <MaxAmdLetterDate>03/27/2007</MaxAmdLetterDate>
    <ARRAAmount/>
    <AwardID>0601574</AwardID>
    <Investigator>
      <FirstName>Weili</FirstName>
      <LastName>Zhang</LastName>
      <EmailAddress>weili.zhang@okstate.edu</EmailAddress>
      <StartDate>05/18/2006</StartDate>
      <EndDate/>
      <RoleCode>Principal Investigator</RoleCode>
    </Investigator>
    <Institution>
      <Name>Oklahoma State University</Name>
      <CityName>Stillwater</CityName>
      <ZipCode>740781011</ZipCode>
      <PhoneNumber>4057449995</PhoneNumber>
      <StreetAddress>101 WHITEHURST HALL</StreetAddress>
      <CountryName>United States</CountryName>
      <StateName>Oklahoma</StateName>
      <StateCode>OK</StateCode>
    </Institution>
    <FoaInformation>
      <Code>0206000</Code>
      <Name>Telecommunications</Name>
    </FoaInformation>
    <ProgramElement>
      <Code>1517</Code>
      <Text>ELECT, PHOTONICS, &amp; MAG DEVICE</Text>
    </ProgramElement>
    <ProgramElement>
      <Code>9150</Code>
      <Text>EXP PROG TO STIM COMP RES</Text>
    </ProgramElement>
    <ProgramReference>
      <Code>0000</Code>
      <Text>UNASSIGNED</Text>
    </ProgramReference>
    <ProgramReference>
      <Code>103E</Code>
      <Text>Energy efficient electronics</Text>
    </ProgramReference>
    <ProgramReference>
      <Code>9102</Code>
      <Text>WOMEN, MINORITY, DISABLED, NEC</Text>
    </ProgramReference>
    <ProgramReference>
      <Code>9150</Code>
      <Text>EXP PROG TO STIM COMP RES</Text>
    </ProgramReference>
    <ProgramReference>
      <Code>9251</Code>
      <Text>RES EXPER FOR UNDERGRAD-SUPPLT</Text>
    </ProgramReference>
    <ProgramReference>
      <Code>OTHR</Code>
      <Text>OTHER RESEARCH OR EDUCATION</Text>
    </ProgramReference>
  </Award>
</rootTag>
