<?xml version="1.0" encoding="UTF-8"?>

<rootTag>
  <Award>
    <AwardTitle>Fabrication of Sub-Micron-Scale Electronic and Photonic Structures Using Direct Photo-Patterning Techniques</AwardTitle>
    <AwardEffectiveDate>05/01/2006</AwardEffectiveDate>
    <AwardExpirationDate>04/30/2010</AwardExpirationDate>
    <AwardAmount>240000</AwardAmount>
    <AwardInstrument>
      <Value>Standard Grant</Value>
    </AwardInstrument>
    <Organization>
      <Code>07010000</Code>
      <Directorate>
        <LongName>Directorate For Engineering</LongName>
      </Directorate>
      <Division>
        <LongName>Div Of Electrical, Commun &amp; Cyber Sys</LongName>
      </Division>
    </Organization>
    <ProgramOfficer>
      <SignBlockName>Usha Varshney</SignBlockName>
    </ProgramOfficer>
    <AbstractNarration>Fabrication of Submicron-Scale Electronic and Photonic Structures Using Direct Photo-Patterning Techniques&lt;br/&gt;&lt;br/&gt;The objective of this research is the direct fabrication of sub-micron scale electronic and photonic device structures based on direct photo patterning. The approach involves the use of direct optically induced fabrication of surface relief structures on azobenzene substituted polymers. This approach can be effectively combined with unique post-processing techniques to reliably obtain patterned micro/nanostructures of both inorganic oxides, and flexible polymer films for fabricating optical and opto-electronic devices. &lt;br/&gt; Intellectual merit: This initiative will help in significantly extending the state-of-the-art to the facile fabrication of large-area micro/nano-patterned arrays of both inorganic materials and patterning of large area polymeric substrates. The knowledge base developed in this work is also applicable to other emerging nanoscale technologies including light emitting diodes, solar cells, ultraviolet laser, liquid crystal displays and distributed feedback grating for integrated optics and sensor arrays. &lt;br/&gt;Broader Impact: An additional very important impact of the proposed work involves the training of the involved graduate students in this novel patterning technique. Innovative technically trained personnel shall help foster new technologies that can spawn new businesses and provide U.S. companies the competitive edge in an era of global competition. This activity will also provide considerable stimulus to undergraduate and high school students, through the outreach programs in place at the university to pursue studies and ultimately embark on careers in science and engineering.</AbstractNarration>
    <MinAmdLetterDate>05/01/2006</MinAmdLetterDate>
    <MaxAmdLetterDate>05/01/2006</MaxAmdLetterDate>
    <ARRAAmount/>
    <AwardID>0601602</AwardID>
    <Investigator>
      <FirstName>Jayant</FirstName>
      <LastName>Kumar</LastName>
      <EmailAddress>Jayant_Kumar@uml.edu</EmailAddress>
      <StartDate>05/01/2006</StartDate>
      <EndDate/>
      <RoleCode>Principal Investigator</RoleCode>
    </Investigator>
    <Investigator>
      <FirstName>Daniel</FirstName>
      <LastName>Sandman</LastName>
      <EmailAddress>Daniel_Sandman@uml.edu</EmailAddress>
      <StartDate>05/01/2006</StartDate>
      <EndDate/>
      <RoleCode>Co-Principal Investigator</RoleCode>
    </Investigator>
    <Institution>
      <Name>University of Massachusetts Lowell</Name>
      <CityName>Lowell</CityName>
      <ZipCode>018543643</ZipCode>
      <PhoneNumber>9789344170</PhoneNumber>
      <StreetAddress>600 Suffolk Street</StreetAddress>
      <CountryName>United States</CountryName>
      <StateName>Massachusetts</StateName>
      <StateCode>MA</StateCode>
    </Institution>
    <FoaInformation>
      <Code>0206000</Code>
      <Name>Telecommunications</Name>
    </FoaInformation>
    <ProgramElement>
      <Code>1517</Code>
      <Text>ELECT, PHOTONICS, &amp; MAG DEVICE</Text>
    </ProgramElement>
    <ProgramReference>
      <Code>0000</Code>
      <Text>UNASSIGNED</Text>
    </ProgramReference>
    <ProgramReference>
      <Code>OTHR</Code>
      <Text>OTHER RESEARCH OR EDUCATION</Text>
    </ProgramReference>
  </Award>
</rootTag>
