<?xml version="1.0" encoding="UTF-8"?>

<rootTag>
  <Award>
    <AwardTitle>Collaborative Research: Impact Ionization Engineered and Nanoscale Quantum-dot Based Avalanche Photodiodes for Reliable Near- to Long-wave Infrared Photon Counting</AwardTitle>
    <AwardEffectiveDate>06/15/2006</AwardEffectiveDate>
    <AwardExpirationDate>05/31/2010</AwardExpirationDate>
    <AwardAmount>200000</AwardAmount>
    <AwardInstrument>
      <Value>Continuing grant</Value>
    </AwardInstrument>
    <Organization>
      <Code>07010000</Code>
      <Directorate>
        <LongName>Directorate For Engineering</LongName>
      </Directorate>
      <Division>
        <LongName>Div Of Electrical, Commun &amp; Cyber Sys</LongName>
      </Division>
    </Organization>
    <ProgramOfficer>
      <SignBlockName>Dominique M. Dagenais</SignBlockName>
    </ProgramOfficer>
    <AbstractNarration>Collaborative Research: Impact Ionization Engineered and Nanoscale&lt;br/&gt;Quantum-dot Based Avalanche Photodiodes for Reliable Near- to&lt;br/&gt;Long-wave Infrared Photon Counting&lt;br/&gt;M. M. Hayat and S. Krishna, University of New Mexico&lt;br/&gt;0601645&lt;br/&gt;J. C. Campbell, University of Virginia&lt;br/&gt;0601927&lt;br/&gt;&lt;br/&gt;ABTRACT&lt;br/&gt;&lt;br/&gt;Intellectual Merit: Presently, there is a great need for high-efficiency single-photon detectors for the low-dispersion, low-loss 1.3-1.55 micron near-infrared (NIR) spectral window. This need is warranted by applications in fiber-optic quantum communication, long-range eye-safe flash imaging ladar, and deep-space communication. Moreover, photon-counting detectors for the long-wave infrared (LWIR) regime would be very useful in detecting ultralow levels of irradiance and reflectance, as in astronomical photometry (high-speed photometry of astronomical objects), high-speed astrophysics and chemical sensing. While photomultiplier tubes and single-photon avalanche diodes have been successfully developed for wavelengths below 1.1 micron, there are no acceptable photon-counting detectors for 1.3-1.55 micron NIR operation. The goal of this collaborative theoretical and experimental program is to develop single-photon avalanche diodes for high-accuracy photon counting in two spectral regimes: (1) the 1.3-1.55 micron NIR regime, and (2) the 8-12 micron LWIR regime. The proposed InGaAs-based SPAD technology for NIR operation features optimized AlInAs-InP and AlInGaAs-GaAs impact-ionization-engineered multiplication regions, which have already been demonstrated to offer record-low excess noise factors for avalanche photodiodes operating at 1.55 micron. On the other hand, the proposed technology for LWIR operation is based on a seamless integration of GaAs-based quantum-dot technology, as an absorber, with a GaAs multiplication region. &lt;br/&gt;&lt;br/&gt;Broader Impacts: The proposed optimized single-photon avalanche diodes are expected to bring the performance of 1.3-1.55 micron photon-counting systems to a level comparable to that of visible-light photon counters, which would greatly impact the aforementioned applications. The proposed effort would also have a dramatic impact on LWIR infrared sensor research and technology. Two graduate students and one high school student (over the summer) will be supported in this project. Every effort will be made to recruit from underrepresented groups in engineering. A two-day symposium will be organized each year at the University of New Mexico; all students doing research in this program will present their work in technical and open-public sessions. During the symposia, a free short course in optical communication will also be offered to interested high-school science teachers. Additionally, a series of supervised, hands-on and intriguing demonstrations of single-photon detection will be provided to children at Explora, Albuquerque's science museum.</AbstractNarration>
    <MinAmdLetterDate>06/09/2006</MinAmdLetterDate>
    <MaxAmdLetterDate>04/30/2008</MaxAmdLetterDate>
    <ARRAAmount/>
    <AwardID>0601645</AwardID>
    <Investigator>
      <FirstName>Sanjay</FirstName>
      <LastName>Krishna</LastName>
      <EmailAddress>krishna.53@osu.edu</EmailAddress>
      <StartDate>06/09/2006</StartDate>
      <EndDate/>
      <RoleCode>Co-Principal Investigator</RoleCode>
    </Investigator>
    <Investigator>
      <FirstName>Majeed</FirstName>
      <LastName>Hayat</LastName>
      <EmailAddress>hayat@unm.edu</EmailAddress>
      <StartDate>06/09/2006</StartDate>
      <EndDate/>
      <RoleCode>Principal Investigator</RoleCode>
    </Investigator>
    <Institution>
      <Name>University of New Mexico</Name>
      <CityName>Albuquerque</CityName>
      <ZipCode>871310001</ZipCode>
      <PhoneNumber>5052774186</PhoneNumber>
      <StreetAddress>1700 Lomas Blvd. NE, Suite 2200</StreetAddress>
      <CountryName>United States</CountryName>
      <StateName>New Mexico</StateName>
      <StateCode>NM</StateCode>
    </Institution>
    <FoaInformation>
      <Code>0206000</Code>
      <Name>Telecommunications</Name>
    </FoaInformation>
    <ProgramElement>
      <Code>1517</Code>
      <Text>ELECT, PHOTONICS, &amp; MAG DEVICE</Text>
    </ProgramElement>
    <ProgramReference>
      <Code>0000</Code>
      <Text>UNASSIGNED</Text>
    </ProgramReference>
    <ProgramReference>
      <Code>OTHR</Code>
      <Text>OTHER RESEARCH OR EDUCATION</Text>
    </ProgramReference>
  </Award>
</rootTag>
