<?xml version="1.0" encoding="UTF-8"?>

<rootTag>
  <Award>
    <AwardTitle>Phylogeny, Systematics and Biogeography of the Northern Hemisphere genus Iris</AwardTitle>
    <AwardEffectiveDate>08/25/2005</AwardEffectiveDate>
    <AwardExpirationDate>12/31/2008</AwardExpirationDate>
    <AwardAmount>165559</AwardAmount>
    <AwardInstrument>
      <Value>Standard Grant</Value>
    </AwardInstrument>
    <Organization>
      <Code>08010206</Code>
      <Directorate>
        <LongName>Direct For Biological Sciences</LongName>
      </Directorate>
      <Division>
        <LongName>Division Of Environmental Biology</LongName>
      </Division>
    </Organization>
    <ProgramOfficer>
      <SignBlockName>Maureen M. Kearney</SignBlockName>
    </ProgramOfficer>
    <AbstractNarration>Iris is a Northern Hemisphere genus of perennial herbs with more than 260 species. In spite of its economical importance as a plant of high horticultural value, little is known of its origin, evolution and dispersal. Dr. Wilson will research 90 species that represent the morphological and geographical diversity present in Iris. She will use molecular sequence data to develop a classification that explains the evolutionary diversification leading to major subgroups within Iris. The probable area of origin will be determined and significant morphological innovations will be identified. The study will provide a framework of evolution within Iris that should stimulate further research.&lt;br/&gt;&lt;br/&gt;During this research, graduate and undergraduate students will use the scientific method to test hypotheses of evolution and will learn basic laboratory techniques. Students will also benefit indirectly as examples from this research are incorporated into Dr. Wilson's courses. The inclusion of a recent Ph.D. from Turkey will promote international collaboration and diffusion of knowledge. The public will benefit through presentations to community organizations and development of a webpage on the classification and evolution of these valued wildflower and garden plants. This research is relevant to studies on plant responses and modifications to aridity. Most Iris species inhabit dry, semi-desert or rocky, high-altitude environments today and probably diversified across the Mediterranean and Asia during times of increasing seasonality, aridity and temperature extremes. The presence of a multiplicity of modified organs (roots, stems and leaves) for storage and renewal growth in Iris indicates that adaptation to aridity involved several independent strategies.</AbstractNarration>
    <MinAmdLetterDate>01/25/2006</MinAmdLetterDate>
    <MaxAmdLetterDate>09/13/2007</MaxAmdLetterDate>
    <ARRAAmount/>
    <AwardID>0601068</AwardID>
    <Investigator>
      <FirstName>Carol</FirstName>
      <LastName>Wilson</LastName>
      <EmailAddress>cawilson@berkeley.edu</EmailAddress>
      <StartDate>01/25/2006</StartDate>
      <EndDate/>
      <RoleCode>Principal Investigator</RoleCode>
    </Investigator>
    <Institution>
      <Name>Rancho Santa Ana Botanic Garden</Name>
      <CityName>Claremont</CityName>
      <ZipCode>917113157</ZipCode>
      <PhoneNumber>9096258767</PhoneNumber>
      <StreetAddress>1500 North College Avenue</StreetAddress>
      <CountryName>United States</CountryName>
      <StateName>California</StateName>
      <StateCode>CA</StateCode>
    </Institution>
    <ProgramElement>
      <Code>7374</Code>
      <Text>Systematics &amp; Biodiversity Sci</Text>
    </ProgramElement>
    <ProgramReference>
      <Code>1171</Code>
      <Text>PHYLOGENETIC SYSTEMATICS</Text>
    </ProgramReference>
    <ProgramReference>
      <Code>9169</Code>
      <Text>BIODIVERSITY AND ECOSYSTEM DYNAMICS</Text>
    </ProgramReference>
    <ProgramReference>
      <Code>EGCH</Code>
      <Text>ENVIRONMENT AND GLOBAL CHANGE</Text>
    </ProgramReference>
  </Award>
</rootTag>
