<?xml version="1.0" encoding="UTF-8"?>

<rootTag>
  <Award>
    <AwardTitle>Representation Theory and Spaces of Polynomials</AwardTitle>
    <AwardEffectiveDate>07/01/2006</AwardEffectiveDate>
    <AwardExpirationDate>06/30/2010</AwardExpirationDate>
    <AwardAmount>102000</AwardAmount>
    <AwardInstrument>
      <Value>Standard Grant</Value>
    </AwardInstrument>
    <Organization>
      <Code>03040000</Code>
      <Directorate>
        <LongName>Direct For Mathematical &amp; Physical Scien</LongName>
      </Directorate>
      <Division>
        <LongName>Division Of Mathematical Sciences</LongName>
      </Division>
    </Organization>
    <ProgramOfficer>
      <SignBlockName>Tie Luo</SignBlockName>
    </ProgramOfficer>
    <AbstractNarration>E. Mukhin plans to continue his studies of the Algebraic Bethe Ansatz&lt;br/&gt;method in the relation to the non-homogeneous Gaudin, XXX, XXY and&lt;br/&gt;other models. The main problems to be addressed are: develop an&lt;br/&gt;approach to the Algebraic Bethe Ansatz based on populations of&lt;br/&gt;solutions of Bethe Ansatz equations; use the populations to solve the&lt;br/&gt;Bethe Ansatz equations explicitly; use populations to study the number&lt;br/&gt;of solutions of the Bethe Ansatz equations; prove the (modified) Bethe&lt;br/&gt;Ansatz Conjecture which claims that the Bethe vectors form a basis in&lt;br/&gt;the space of states for generic values of parameters, in the case of&lt;br/&gt;sl(N).&lt;br/&gt;&lt;br/&gt;Diagonalization of Hamiltonians of many models of mathematical physics&lt;br/&gt;can be performed if the corresponding system of algebraic equations&lt;br/&gt;called Bethe Ansatz equations is solved. It was shown that the&lt;br/&gt;solutions of the Bethe Ansatz equations naturally form families which&lt;br/&gt;are called populations. In the case of the Gaudin model associated to&lt;br/&gt;sl(N), the populations are in one-to-one correspondence with the&lt;br/&gt;points of intersection of appropriate Schubert cycles and with the&lt;br/&gt;scalar differential operators of order N which have only polynomial&lt;br/&gt;solutions. Thus the sl(N) populations are given by N-dimesnional&lt;br/&gt;spaces of polynomials in one variable with prescribed singular points and&lt;br/&gt;exponents. E. Mukhin hopes that the study of the spaces of&lt;br/&gt;polynomials can make the Bethe Ansatz approach more tractable and resolve&lt;br/&gt;several old problems in this area.</AbstractNarration>
    <MinAmdLetterDate>06/09/2006</MinAmdLetterDate>
    <MaxAmdLetterDate>06/09/2006</MaxAmdLetterDate>
    <ARRAAmount/>
    <AwardID>0601197</AwardID>
    <Investigator>
      <FirstName>Evgeny</FirstName>
      <LastName>Mukhin</LastName>
      <EmailAddress>mukhin@math.iupui.edu</EmailAddress>
      <StartDate>06/09/2006</StartDate>
      <EndDate/>
      <RoleCode>Principal Investigator</RoleCode>
    </Investigator>
    <Institution>
      <Name>Indiana University</Name>
      <CityName>Bloomington</CityName>
      <ZipCode>474013654</ZipCode>
      <PhoneNumber>8128550516</PhoneNumber>
      <StreetAddress>509 E 3RD ST</StreetAddress>
      <CountryName>United States</CountryName>
      <StateName>Indiana</StateName>
      <StateCode>IN</StateCode>
    </Institution>
    <FoaInformation>
      <Code>0000099</Code>
      <Name>Other Applications NEC</Name>
    </FoaInformation>
    <ProgramElement>
      <Code>1264</Code>
      <Text>ALGEBRA,NUMBER THEORY,AND COM</Text>
    </ProgramElement>
    <ProgramReference>
      <Code>0000</Code>
      <Text>UNASSIGNED</Text>
    </ProgramReference>
    <ProgramReference>
      <Code>OTHR</Code>
      <Text>OTHER RESEARCH OR EDUCATION</Text>
    </ProgramReference>
  </Award>
</rootTag>
