<?xml version="1.0" encoding="UTF-8"?>

<rootTag>
  <Award>
    <AwardTitle>Cyber Systems: Smart Sand: An Integrated, Ultra High-Power Density MEMS Vibration Energy Harvester System based on Nonlinear Deflection Dynamics</AwardTitle>
    <AwardEffectiveDate>06/01/2006</AwardEffectiveDate>
    <AwardExpirationDate>05/31/2009</AwardExpirationDate>
    <AwardAmount>240000</AwardAmount>
    <AwardInstrument>
      <Value>Standard Grant</Value>
    </AwardInstrument>
    <Organization>
      <Code>07010000</Code>
      <Directorate>
        <LongName>Directorate For Engineering</LongName>
      </Directorate>
      <Division>
        <LongName>Div Of Electrical, Commun &amp; Cyber Sys</LongName>
      </Division>
    </Organization>
    <ProgramOfficer>
      <SignBlockName>Paul Werbos</SignBlockName>
    </ProgramOfficer>
    <AbstractNarration>The objective of this research is to develop a prototype vibration energy harvesting device that can be used as a self-powering, miniature and fully-integrated wireless sensor network node for long-term sensing and monitoring applications. These piezoelectric-based devices, on the order of a cubic millimeter in volume, offer two orders of magnitude improvement over the state-of-the-art. The approach of this project is to merge three-dimensional numerical simulations with material property characterization experiments on both single-crystal silicon and piezoelectric thin films, in order to push both materials to their respective mechanical limits. Efforts to develop cheap, batch-fabrication compatible manufacturing processes will be undertaken simultaneously.&lt;br/&gt;&lt;br/&gt;The intellectual merit of this work is the incorporation of large, nonlinear deflection dynamics directly into the design of the micro-scale devices; this approach enables optimal voltage generation, allows effective energy harvesting at low frequencies, and obviates any design customization, mechanical trimming or resonance tuning. The broader impacts are likely to include pervasive, cheap, easy-to-deploy, reliable and sustainable sensor networks, with direct impact potential in homeland security, environmental and structural integrity monitoring, battlefield awareness, automatic border surveillance, and package tracking. The study will provide valuable opportunities for the interdisciplinary training of both undergraduate and graduate students. In collaboration with the Connecticut Pre-Engineering Program (CPEP), the PI will be participating in the high school teacher development program and classroom enrichment activities around the New Haven area, which has a significant population of socially and economically at-risk children, as well as a high concentration of traditionally underrepresented minority students.</AbstractNarration>
    <MinAmdLetterDate>04/10/2006</MinAmdLetterDate>
    <MaxAmdLetterDate>04/10/2006</MaxAmdLetterDate>
    <ARRAAmount/>
    <AwardID>0601630</AwardID>
    <Investigator>
      <FirstName>Hur</FirstName>
      <LastName>Koser</LastName>
      <EmailAddress>hur.koser@yale.edu</EmailAddress>
      <StartDate>04/10/2006</StartDate>
      <EndDate/>
      <RoleCode>Principal Investigator</RoleCode>
    </Investigator>
    <Institution>
      <Name>Yale University</Name>
      <CityName>New Haven</CityName>
      <ZipCode>065208327</ZipCode>
      <PhoneNumber>2037854689</PhoneNumber>
      <StreetAddress>Office of Sponsored Projects</StreetAddress>
      <CountryName>United States</CountryName>
      <StateName>Connecticut</StateName>
      <StateCode>CT</StateCode>
    </Institution>
    <FoaInformation>
      <Code>0510403</Code>
      <Name>Engineering &amp; Computer Science</Name>
    </FoaInformation>
  </Award>
</rootTag>
