<?xml version="1.0" encoding="UTF-8"?>

<rootTag>
  <Award>
    <AwardTitle>Minority Research Opportunities in Science and Engineering at the Naval Research Laboratory</AwardTitle>
    <AwardEffectiveDate>05/01/2006</AwardEffectiveDate>
    <AwardExpirationDate>04/30/2007</AwardExpirationDate>
    <AwardAmount>85000</AwardAmount>
    <AwardInstrument>
      <Value>Interagency Agreement</Value>
    </AwardInstrument>
    <Organization>
      <Code>03070002</Code>
      <Directorate>
        <LongName>Direct For Mathematical &amp; Physical Scien</LongName>
      </Directorate>
      <Division>
        <LongName>Division Of Materials Research</LongName>
      </Division>
    </Organization>
    <ProgramOfficer>
      <SignBlockName>Michael J. Scott</SignBlockName>
    </ProgramOfficer>
    <AbstractNarration>The U.S. Naval Research Laboratory (NRL) continues a Research Experience for Undergraduates (REU) site. This REU Site has been in operation since 1992. The theme of the proposed REU site is Biomolecular Science and Advanced Materials. Ten to fifteen undergraduate students are recruited nationwide each year from the nations Historically Black Colleges and Universities, Minority Institutions, and Tribal Colleges and Universities (HBCU/MI/TCUs) for a 10-week summer experience. Research projects span many areas including (but not limited to) biosensor design and engineering, three-dimensional analysis of materials, development of high strength low alloy steels, bio-fuel cells and energy harvesting, and novel optical materials processing to generating wireless LAN packets. The REU participants conduct research under the mentorship of researchers in the NRLs Center for Bio/Molecular Science and Engineering (CBMSE), the Materials Science and Technology Divisions (Multifunctional Materials Branch, Materials and Sensors Branch), Chemical Dynamics and Diagnostics Branch, and other Divisions at NRL. In addition to participating in individual research projects, students are required to attend seminars (topics such as presentation skills, graduate school, job search skills, ethics training), participate in field trips to scientific research centers, and attend social activities. At the conclusion of the summer research experience students must complete a final written report as well as deliver a 15-minute oral presentation on their summer research. This REU site also encourages the continuation of research at the students home institution during fall and spring sessions.</AbstractNarration>
    <MinAmdLetterDate>04/12/2006</MinAmdLetterDate>
    <MaxAmdLetterDate>04/12/2006</MaxAmdLetterDate>
    <ARRAAmount/>
    <AwardID>0601364</AwardID>
    <Investigator>
      <FirstName>Paul</FirstName>
      <LastName>Charles</LastName>
      <EmailAddress>paul.charles@nrl.navy.mil</EmailAddress>
      <StartDate>04/12/2006</StartDate>
      <EndDate/>
      <RoleCode>Principal Investigator</RoleCode>
    </Investigator>
    <Investigator>
      <FirstName>Bradley</FirstName>
      <LastName>Ringeisen</LastName>
      <EmailAddress>bradley.ringeisen@nrl.navy.mil</EmailAddress>
      <StartDate>04/12/2006</StartDate>
      <EndDate/>
      <RoleCode>Co-Principal Investigator</RoleCode>
    </Investigator>
    <Investigator>
      <FirstName>George</FirstName>
      <LastName>Spanos</LastName>
      <EmailAddress>george.spanos@nrl.navy.mil</EmailAddress>
      <StartDate>04/12/2006</StartDate>
      <EndDate/>
      <RoleCode>Co-Principal Investigator</RoleCode>
    </Investigator>
    <Institution>
      <Name>Department of Navy Naval Research Laboratory</Name>
      <CityName>Washington</CityName>
      <ZipCode>203755328</ZipCode>
      <PhoneNumber>2027671271</PhoneNumber>
      <StreetAddress>4555 Overlook Avenue, SW</StreetAddress>
      <CountryName>United States</CountryName>
      <StateName>District of Columbia</StateName>
      <StateCode>DC</StateCode>
    </Institution>
    <FoaInformation>
      <Code>0106000</Code>
      <Name>Materials Research</Name>
    </FoaInformation>
    <ProgramElement>
      <Code>1414</Code>
      <Text>INTERFAC PROCESSES &amp; THERMODYN</Text>
    </ProgramElement>
    <ProgramElement>
      <Code>7222</Code>
      <Text>XC-Crosscutting Activities Pro</Text>
    </ProgramElement>
    <ProgramReference>
      <Code>9178</Code>
      <Text>UNDERGRADUATE EDUCATION</Text>
    </ProgramReference>
    <ProgramReference>
      <Code>9250</Code>
      <Text>RES EXPER FOR UNDERGRADS-SITE</Text>
    </ProgramReference>
    <ProgramReference>
      <Code>SMET</Code>
      <Text>SCIENCE, MATH, ENG &amp; TECH EDUCATION</Text>
    </ProgramReference>
  </Award>
</rootTag>
