<?xml version="1.0" encoding="UTF-8"?>

<rootTag>
  <Award>
    <AwardTitle>Multi Millennia Climate Variability from Ancient Oak Wood in the Midwest Agricultural Ecosystem</AwardTitle>
    <AwardEffectiveDate>08/01/2006</AwardEffectiveDate>
    <AwardExpirationDate>07/31/2010</AwardExpirationDate>
    <AwardAmount>297596</AwardAmount>
    <AwardInstrument>
      <Value>Continuing grant</Value>
    </AwardInstrument>
    <Organization>
      <Code>06020108</Code>
      <Directorate>
        <LongName>Directorate For Geosciences</LongName>
      </Directorate>
      <Division>
        <LongName>Div Atmospheric &amp; Geospace Sciences</LongName>
      </Division>
    </Organization>
    <ProgramOfficer>
      <SignBlockName>David J. Verardo</SignBlockName>
    </ProgramOfficer>
    <AbstractNarration>The primary goal of this research is to reconstruct climate from the growth rings of oak trees buried and preserved in floodplain sediments in Northern Missouri and Southern Iowa. Previous research by the researchers has yielded a collection of 230 samples of well-dated oak wood that spans across the last 14,000 years to produce millennium length tree-ring chronologies.&lt;br/&gt;&lt;br/&gt;Broad goals of the research include the development of annual-resolution millennia-length climate records in tree rings from buried logs to help build a better understanding of climate variability over interior North America. The research has the potential to contribute to many scientific fields including, ecology, climatology, and geology as well as a better understanding of the carbon cycle.</AbstractNarration>
    <MinAmdLetterDate>07/10/2006</MinAmdLetterDate>
    <MaxAmdLetterDate>06/13/2008</MaxAmdLetterDate>
    <ARRAAmount/>
    <AwardID>0601884</AwardID>
    <Investigator>
      <FirstName>Anthony</FirstName>
      <LastName>Lupo</LastName>
      <EmailAddress>LupoA@missouri.edu</EmailAddress>
      <StartDate>07/10/2006</StartDate>
      <EndDate/>
      <RoleCode>Co-Principal Investigator</RoleCode>
    </Investigator>
    <Investigator>
      <FirstName>Richard</FirstName>
      <LastName>Guyette</LastName>
      <EmailAddress>guyetter@missouri.edu</EmailAddress>
      <StartDate>07/10/2006</StartDate>
      <EndDate/>
      <RoleCode>Principal Investigator</RoleCode>
    </Investigator>
    <Institution>
      <Name>University of Missouri-Columbia</Name>
      <CityName>COLUMBIA</CityName>
      <ZipCode>652110001</ZipCode>
      <PhoneNumber>5738827560</PhoneNumber>
      <StreetAddress>115 Business Loop 70 W</StreetAddress>
      <CountryName>United States</CountryName>
      <StateName>Missouri</StateName>
      <StateCode>MO</StateCode>
    </Institution>
    <FoaInformation>
      <Code>0000099</Code>
      <Name>Other Applications NEC</Name>
    </FoaInformation>
  </Award>
</rootTag>
