<?xml version="1.0" encoding="UTF-8"?>

<rootTag>
  <Award>
    <AwardTitle>International Research Fellowship Program (IRFP): Developmental, Cognitive and Functional Investigations of Vocal Mimicry</AwardTitle>
    <AwardEffectiveDate>11/01/2006</AwardEffectiveDate>
    <AwardExpirationDate>04/30/2010</AwardExpirationDate>
    <AwardAmount>135915</AwardAmount>
    <AwardInstrument>
      <Value>Fellowship</Value>
    </AwardInstrument>
    <Organization>
      <Code>01090000</Code>
      <Directorate>
        <LongName>Office Of The Director</LongName>
      </Directorate>
      <Division>
        <LongName>Office Of Internatl Science &amp;Engineering</LongName>
      </Division>
    </Organization>
    <ProgramOfficer>
      <SignBlockName>Susan Parris</SignBlockName>
    </ProgramOfficer>
    <AbstractNarration>0601909&lt;br/&gt;Goodale&lt;br/&gt;&lt;br/&gt;The International Research Fellowship Program enables U.S. scientists and engineers to conduct nine to twenty-four months of research abroad. The program's awards provide opportunities for joint research, and the use of unique or complementary facilities, expertise and experimental conditions abroad.&lt;br/&gt;&lt;br/&gt;This award will support a twenty-four-month research fellowship by Dr. Eben B. Goodale to work with Dr. Sarath W. Kotagama at the University of Colombo in Sri Lanka. Funds to support this project come from the Africa, Near East, South Asia (ANESA) Program.&lt;br/&gt;&lt;br/&gt;Mimicry is an important part of the learning process, for humans and for other animals. A few animals are able to imitate other species contextually; the process is analogous to how humans can learn another language in that these animals are able to learn the signals of another species and use these signals in the correct contexts. This ability has been demonstrated most in the laboratory, where whales, primates and parrots have been shown to be able to contextually imitate signals developed by humans. The PI studies a bird that is a member of the drongo family, where the natural function of contextual mimicry is clear: these drongos spend much of their lives in the Sri Lankan rainforest associating with other species in mixed-species bird flocks. Drongos incorporate the alarm vocalizations of other species into their own alarms, and the songs of other species into their own songs, and their mimicry directly influences the behavior of the species with which they interact. Goodale is now further investigating avian contextual mimicry at three levels: developmental, cognitive, and functional. At the developmental level, he is interested in understanding how drongos learn alarm calls, which are for many species of animals not modified by experience. He is raising young drongos in the laboratory in Colombo, Sri Lanka, with different sets of conspecific and heterospecific tutors, and comparing the development of their mimicry to the development of their own species-specific vocalizations. At the cognitive level, Dr. Goodale hopes to determine whether drongos are directing their mimicry to individuals of other species in order to produce a result, a change in the other species' behavior. Adult drongos will be studied in aviaries near the Sri Lankan rainforest in different sets of conspecifics and heterospecifics to see if there is an 'audience effect' on their mimicry. At the functional level, Goodale is traveling to Papua, New Guinea to investigate a mixed-species flock system there, in which several species, including a drongo, have been described to vocally mimic each other, and also have been found to contain toxic compounds. Goodale will test the hypothesis that mimicry functions to increase the proximity of the calling birds to toxic species that predators avoid.</AbstractNarration>
    <MinAmdLetterDate>08/29/2006</MinAmdLetterDate>
    <MaxAmdLetterDate>09/22/2009</MaxAmdLetterDate>
    <ARRAAmount/>
    <AwardID>0601909</AwardID>
    <Investigator>
      <FirstName>Eben</FirstName>
      <LastName>Goodale</LastName>
      <EmailAddress/>
      <StartDate>08/29/2006</StartDate>
      <EndDate/>
      <RoleCode>Principal Investigator</RoleCode>
    </Investigator>
    <Institution>
      <Name>Goodale Eben B</Name>
      <CityName>West Hartford</CityName>
      <ZipCode>061071537</ZipCode>
      <PhoneNumber/>
      <StreetAddress/>
      <CountryName>United States</CountryName>
      <StateName>Connecticut</StateName>
      <StateCode>CT</StateCode>
    </Institution>
    <FoaInformation>
      <Code>0000099</Code>
      <Name>Other Applications NEC</Name>
    </FoaInformation>
    <FoaInformation>
      <Code>0116000</Code>
      <Name>Human Subjects</Name>
    </FoaInformation>
  </Award>
</rootTag>
