<?xml version="1.0" encoding="UTF-8"?>

<rootTag>
  <Award>
    <AwardTitle>\Whispering-Gallery Microlaser Using Semiconductor Nanoparticles</AwardTitle>
    <AwardEffectiveDate>06/01/2006</AwardEffectiveDate>
    <AwardExpirationDate>05/31/2010</AwardExpirationDate>
    <AwardAmount>270000</AwardAmount>
    <AwardInstrument>
      <Value>Standard Grant</Value>
    </AwardInstrument>
    <Organization>
      <Code>07010000</Code>
      <Directorate>
        <LongName>Directorate For Engineering</LongName>
      </Directorate>
      <Division>
        <LongName>Div Of Electrical, Commun &amp; Cyber Sys</LongName>
      </Division>
    </Organization>
    <ProgramOfficer>
      <SignBlockName>Dominique M. Dagenais</SignBlockName>
    </ProgramOfficer>
    <AbstractNarration>ECS-0601362&lt;br/&gt;Whispering-Gallery Microlaser Using Semiconductor Nanoparticles&lt;br/&gt;Albert T. Rosenberger, Donna K. Bandy, Bret N. Flanders&lt;br/&gt;Department of Physics, Oklahoma State University&lt;br/&gt;&lt;br/&gt;Intellectual Merit: This project investigates ultralow-threshold lasing of individual fused-silica microspheres coated with semiconductor quantum dots. The pump laser input and the microlaser emission are coupled in and out of the microsphere's whispering-gallery modes by tapered optical fibers. The objectives are to: (1) advance the understanding of microlaser operation, through studies of the origin of such low thresholds; (2) extend the range and controllability of microlaser operation - for example, increasing the 1240-1780-nm lasing wavelength range observed with HgTe and HgCdTe by varying the size and composition of the nanoparticles (also using PbSe and PbS); (3) further develop dielectrophoretic methods for controlled coating of microresonators with nanoparticles; and (4) demonstrate practical application of these microlasers - for example, the sensing of atmospheric trace gases such as methane or carbon monoxide. Three exciting new areas of research are resonant optical enhancement in microspheres; efficient optical emission from semiconductor nanoparticles; and directed assembly of nanoparticles into structures using dielectrophoresis. This work will advance fundamental research by facilitating studies of cavity quantum electrodynamics using quantum dots and whispering-gallery modes.&lt;br/&gt;&lt;br/&gt;Broader Impacts: This work will strengthen ties with the Oklahoma Network for Nanostructured Materials (NanoNet). The University's multidisciplinary Photonics degree program will also benefit from this project. Both the NanoNet and the Photonics program recruit students from underrepresented groups, and the PIs will encourage the participation of undergraduates. One co-PI and one graduate student are members of underrepresented groups. The graduate students involved will learn fundamental techniques as well as marketable skills. They will also be directly involved in dissemination of research results through conference presentations and journal publications. In addition to their fundamental interest, the microlasers also have numerous potential applications. The PI has a License Agreement with Nomadics, Inc., which is interested in developing commercial products based on the microlasers.</AbstractNarration>
    <MinAmdLetterDate>06/13/2006</MinAmdLetterDate>
    <MaxAmdLetterDate>08/28/2008</MaxAmdLetterDate>
    <ARRAAmount/>
    <AwardID>0601362</AwardID>
    <Investigator>
      <FirstName>Bret</FirstName>
      <LastName>Flanders</LastName>
      <EmailAddress>bflande@ksu.edu</EmailAddress>
      <StartDate>06/13/2006</StartDate>
      <EndDate/>
      <RoleCode>Co-Principal Investigator</RoleCode>
    </Investigator>
    <Investigator>
      <FirstName>Donna</FirstName>
      <LastName>Bandy</LastName>
      <EmailAddress>physbandit@hotmail.com</EmailAddress>
      <StartDate>06/13/2006</StartDate>
      <EndDate/>
      <RoleCode>Co-Principal Investigator</RoleCode>
    </Investigator>
    <Investigator>
      <FirstName>Albert</FirstName>
      <LastName>Rosenberger</LastName>
      <EmailAddress>atr@okstate.edu</EmailAddress>
      <StartDate>06/13/2006</StartDate>
      <EndDate/>
      <RoleCode>Principal Investigator</RoleCode>
    </Investigator>
    <Institution>
      <Name>Oklahoma State University</Name>
      <CityName>Stillwater</CityName>
      <ZipCode>740781011</ZipCode>
      <PhoneNumber>4057449995</PhoneNumber>
      <StreetAddress>101 WHITEHURST HALL</StreetAddress>
      <CountryName>United States</CountryName>
      <StateName>Oklahoma</StateName>
      <StateCode>OK</StateCode>
    </Institution>
    <FoaInformation>
      <Code>0206000</Code>
      <Name>Telecommunications</Name>
    </FoaInformation>
    <ProgramElement>
      <Code>1517</Code>
      <Text>ELECT, PHOTONICS, &amp; MAG DEVICE</Text>
    </ProgramElement>
    <ProgramElement>
      <Code>9150</Code>
      <Text>EXP PROG TO STIM COMP RES</Text>
    </ProgramElement>
    <ProgramReference>
      <Code>0000</Code>
      <Text>UNASSIGNED</Text>
    </ProgramReference>
    <ProgramReference>
      <Code>9150</Code>
      <Text>EXP PROG TO STIM COMP RES</Text>
    </ProgramReference>
    <ProgramReference>
      <Code>OTHR</Code>
      <Text>OTHER RESEARCH OR EDUCATION</Text>
    </ProgramReference>
  </Award>
</rootTag>
