<?xml version="1.0" encoding="UTF-8"?>

<rootTag>
  <Award>
    <AwardTitle>Collaborative Research: High-Resolution, Low-Latitude Paleoclimatology From Newly Acquired Sediment Drill Cores From Lake Bosumtwi, Ghana</AwardTitle>
    <AwardEffectiveDate>09/15/2006</AwardEffectiveDate>
    <AwardExpirationDate>08/31/2011</AwardExpirationDate>
    <AwardAmount>268687</AwardAmount>
    <AwardInstrument>
      <Value>Standard Grant</Value>
    </AwardInstrument>
    <Organization>
      <Code>06030000</Code>
      <Directorate>
        <LongName>Directorate For Geosciences</LongName>
      </Directorate>
      <Division>
        <LongName>Division Of Earth Sciences</LongName>
      </Division>
    </Organization>
    <ProgramOfficer>
      <SignBlockName>Paul E Filmer</SignBlockName>
    </ProgramOfficer>
    <AbstractNarration>Lake Bosumtwi lies in a million-year-old meteorite impact crater located in the tropical forest lowlands of Ghana, in West Africa. The lake is hydrologically closed and known to be very sensitive to the precipitation/evaporation balance and the strength of the West African Monsoon. Lake Bosumtwi contains one of a very few, long annually laminated sediment records in the tropics, and has by far the longest, highest-resolution paleoclimate record in equatorial West Africa.&lt;br/&gt;Intellectual Merit: This grant studies interannual to millennial-scale West African monsoon dynamics over the last ~430 kyr (i.e., back through Marine Isotopic Stage [MIS] 11). This work provides insight into the role of the tropics in triggering, intensifying and propagating climate changes, as well as in responding to global and highlatitude changes. This work will produce the first continuous well-dated terrestrial record of West African climate &amp; aerosol variability over multiple glacial cycles, and provide hydrologic constraints on a key methane source region, and use the annually-laminated sediments to examine globally significant questions regarding the exact timing and patterns of change over multiple glacial terminations (e.g., What is the low-latitude response to deglaciation events, and can we assess how fast large ice sheets melt and lead to interglacial conditions? What is the nature of climatic reversals on previous terminations? How long was MIS11, how was it manifested in the tropics, and how does it really relate to orbital forcing, particularly at the end? What is the full range of drought variability during warm climates?)&lt;br/&gt;The project also examines how the abrupt changes of the high-latitudes are related to coeval events in the tropics, and examines the hypothesis that a Lake Bosumtwi dessication event at ~74+ kyr is coeval with the Toba eruption, dramatic Northern Hemisphere cooling, and severe lowstands in the East African Great lakes, indicating a profound pan-African aridity crisis, that is perhaps responsible for the "early modern human" population bottleneck, and African exodus documented for that time. The study provides multiproxy records of rapid climate change at annual-decadal resolution of an important monsoonal climate system during both warm and cold climates. Second, this study addresses regional patterns and phasing of climate change by providing new records from West Africa, which is along the IGBP PEP-III transect.&lt;br/&gt;Broader Impacts:&lt;br/&gt;Previous studies indicate that dramatic abrupt shifts in hydrologic balance can occur on a spectrum of societal time scales. The cause(s) of the warm-climate Holocene events remain poorly understood. This study of the longer record, drilled through many warm interglacials, including some perhaps warmer than today, will further understanding of these dynamics. This work will also illuminate key societally-relevant controversies regarding how fast ice sheets can melt, and how the Holocene-like MIS11 interglacial ended. Training of US students and a post-doc will be interdisciplinary and extensive.</AbstractNarration>
    <MinAmdLetterDate>09/12/2006</MinAmdLetterDate>
    <MaxAmdLetterDate>09/12/2006</MaxAmdLetterDate>
    <ARRAAmount/>
    <AwardID>0602336</AwardID>
    <Investigator>
      <FirstName>Christopher</FirstName>
      <LastName>Scholz</LastName>
      <EmailAddress>cascholz@syr.edu</EmailAddress>
      <StartDate>09/12/2006</StartDate>
      <EndDate/>
      <RoleCode>Principal Investigator</RoleCode>
    </Investigator>
    <Institution>
      <Name>Syracuse University</Name>
      <CityName>SYRACUSE</CityName>
      <ZipCode>132441200</ZipCode>
      <PhoneNumber>3154432807</PhoneNumber>
      <StreetAddress>OFFICE OF SPONSORED PROGRAMS</StreetAddress>
      <CountryName>United States</CountryName>
      <StateName>New York</StateName>
      <StateCode>NY</StateCode>
    </Institution>
    <FoaInformation>
      <Code>0000099</Code>
      <Name>Other Applications NEC</Name>
    </FoaInformation>
    <ProgramElement>
      <Code>1577</Code>
      <Text>GLOBAL CHANGE</Text>
    </ProgramElement>
    <ProgramReference>
      <Code>1304</Code>
      <Text>EARTH SYSTEM HISTORY</Text>
    </ProgramReference>
    <ProgramReference>
      <Code>EGCH</Code>
      <Text>ENVIRONMENT AND GLOBAL CHANGE</Text>
    </ProgramReference>
  </Award>
</rootTag>
