<?xml version="1.0" encoding="UTF-8"?>

<rootTag>
  <Award>
    <AwardTitle>Lifting the Veil: A Multiwavelength Picture of the Galactic Plane and of its Stellar Remnants</AwardTitle>
    <AwardEffectiveDate>10/01/2006</AwardEffectiveDate>
    <AwardExpirationDate>09/30/2010</AwardExpirationDate>
    <AwardAmount>206000</AwardAmount>
    <AwardInstrument>
      <Value>Fellowship</Value>
    </AwardInstrument>
    <Organization>
      <Code>03020000</Code>
      <Directorate>
        <LongName>Direct For Mathematical &amp; Physical Scien</LongName>
      </Directorate>
      <Division>
        <LongName>Division Of Astronomical Sciences</LongName>
      </Division>
    </Organization>
    <ProgramOfficer>
      <SignBlockName>Dana Lehr</SignBlockName>
    </ProgramOfficer>
    <AbstractNarration>AST-0602099&lt;br/&gt;Agueros, Marcel&lt;br/&gt;&lt;br/&gt;Dr. Agueros is awarded an NSF Astronomy and Astrophysics Postdoctoral Fellowship to carry out a program of research and education at Columbia University. He will correlate the new Multi-Array Galactic Plane Imaging Survey (MAGPIS) with existing surveys to construct a detailed, multiwavelength picture of the Galactic plane and to explore its population of supernova remnants and pulsars. MAGPIS is a Very Large Array (VLA) radio survey of sensitivity, resolution and dynamic range more than an order of magnitude greater than any previously available.&lt;br/&gt;&lt;br/&gt;Dr. Agueros will also reach high school students from traditionally underrepresented groups by working with programs such as the Science and Technology Entry Program at&lt;br/&gt;Columbia to develop a series of astronomy lectures for their students. He will also participate in teacher-training activities such as those organized by the American Museum of Natural History (AMNH). Dr. Agueros's outreach program builds on relationships that he has developed with several organizations in New York City and on his previous work to understand and address the "leaky pipeline" that prevents many students from underrepresented populations from pursuing higher education and careers in astronomy.</AbstractNarration>
    <MinAmdLetterDate>04/14/2006</MinAmdLetterDate>
    <MaxAmdLetterDate>08/13/2008</MaxAmdLetterDate>
    <ARRAAmount/>
    <AwardID>0602099</AwardID>
    <Investigator>
      <FirstName>Marcel</FirstName>
      <LastName>Agueros</LastName>
      <EmailAddress/>
      <StartDate>04/14/2006</StartDate>
      <EndDate/>
      <RoleCode>Principal Investigator</RoleCode>
    </Investigator>
    <Institution>
      <Name>Agueros, Marcel A</Name>
      <CityName>New York</CityName>
      <ZipCode>10027</ZipCode>
      <PhoneNumber/>
      <StreetAddress/>
      <CountryName>United States</CountryName>
      <StateName>New York</StateName>
      <StateCode>NY</StateCode>
    </Institution>
    <ProgramElement>
      <Code>1609</Code>
      <Text>NSF ASTRON &amp; ASTROPHY PSTDC FE</Text>
    </ProgramElement>
    <ProgramReference>
      <Code>0000</Code>
      <Text>UNASSIGNED</Text>
    </ProgramReference>
    <ProgramReference>
      <Code>1207</Code>
      <Text>OBSERVATIONAL ASTRONOMY</Text>
    </ProgramReference>
    <ProgramReference>
      <Code>OTHR</Code>
      <Text>OTHER RESEARCH OR EDUCATION</Text>
    </ProgramReference>
  </Award>
</rootTag>
