<?xml version="1.0" encoding="UTF-8"?>

<rootTag>
  <Award>
    <AwardTitle>Alabama Louis Stokes Alliance for Minority Participation Phase IV</AwardTitle>
    <AwardEffectiveDate>10/01/2006</AwardEffectiveDate>
    <AwardExpirationDate>09/30/2011</AwardExpirationDate>
    <AwardAmount>5134342</AwardAmount>
    <AwardInstrument>
      <Value>Cooperative Agreement</Value>
    </AwardInstrument>
    <Organization>
      <Code>11060000</Code>
      <Directorate>
        <LongName>Direct For Education and Human Resources</LongName>
      </Directorate>
      <Division>
        <LongName>Division Of Human Resource Development</LongName>
      </Division>
    </Organization>
    <ProgramOfficer>
      <SignBlockName>Dr. A. James Hicks</SignBlockName>
    </ProgramOfficer>
    <AbstractNarration>Project Summary&lt;br/&gt;The underrepresentation of minorities in the science, technology, engineering and mathematics (STEM)&lt;br/&gt;workforce remains a national problem fourteen years after the National Science Foundation (NSF)&lt;br/&gt;initiated the Louis Stokes Alliances for Minority Participation (LSAMP) Program. By all accounts,&lt;br/&gt;however, great progress has been made as indicated by the consistent trend of increasing enrollment and&lt;br/&gt;baccalaureate STEM degrees by underrepresented minorities (URM) in the LSAMP program since the&lt;br/&gt;beginning of the program in 1991. Figures show that baccalaureate degrees awarded at LSAMP&lt;br/&gt;institutions increased from 3,914 in 1991 to over 24,000 in 2004, and URM enrollment increased from&lt;br/&gt;35,000 to over 200,000 as the number of LSAMP sites increased from 6 to 35.&lt;br/&gt;As one of the six oldest NSF alliances in the nation, Alabama Louis Stokes Alliance for Minority&lt;br/&gt;Participation (ALSAMP) has been at the forefront of efforts to increase the quantity and the quality of&lt;br/&gt;underrepresented minorities receiving baccalaureate degrees in STEM fields. The alliance has made&lt;br/&gt;outstanding progress in increasing enrollment and undergraduate degree production and changing the&lt;br/&gt;culture in STEM education at member institutions. With this experience, successful Phase I-Phase III&lt;br/&gt;awards and three Bridge to the Doctorate (BD) awards, the alliance is poised to undertake a Phase IV&lt;br/&gt;proposal to completely sustain the project by the end of NSF funding. To do this a team effort&lt;br/&gt;involving all member institutions and chief academic officers was needed. In preparation for the&lt;br/&gt;LSAMP Phase IV application, each alliance member was asked to identify particular campus programs&lt;br/&gt;for inclusion in the phase IV proposal and strategies and resources for sustaining those efforts after NSF&lt;br/&gt;support ends. In addition, the ALSAMP Principal Investigator met in Atlanta, Georgia, with Dr.&lt;br/&gt;Ansley Abraham, Director, Southern Regional Education Board (SREB)-State Doctoral Scholars&lt;br/&gt;Program, to solicit support for the proposed efforts from that organization. Information and application&lt;br/&gt;material regarding minority fellowships were also solicited from the Ford Foundation, NSF and other&lt;br/&gt;agencies. An executive committee meeting was then held to discuss the programs and recommendations&lt;br/&gt;for sustainability. This proposal grew out of the discussions at this meeting.&lt;br/&gt;ALSAMP currently has a variety of student support programs designed to meet the needs of&lt;br/&gt;undergraduate students, as well as students at the high school to college and the college to graduate&lt;br/&gt;school junctions in the academic pipeline. Over the period of the ALSAMP Phase IV award, these&lt;br/&gt;programs will be sustained and institutionalized. The ALSAMP program sustainability is divided into&lt;br/&gt;two parts; undergraduate student programs and BD student programs. Undergraduate student programs&lt;br/&gt;include scholarship support, mentors, research conferences and graduate school preparation activities.&lt;br/&gt;BD student programs include fellowship and other support. Details on how each partner institution will&lt;br/&gt;sustain the project on their campus as well as how alliance-wide programs and the BD programs will be&lt;br/&gt;sustained are included in the proposal. These efforts will include SREB, the Ford Foundation, the NSF&lt;br/&gt;Alliances for Graduate Education and the Professoriate and others.&lt;br/&gt;Intellectual Merit - The project is an important step in advancing knowledge and understanding of the&lt;br/&gt;factors involved in assisting minority students in the attainment of baccalaureate degrees in science&lt;br/&gt;technology, engineering and mathematics and bridging the gap between college and graduate school. In&lt;br/&gt;addition, important knowledge on the process for achieving sustainability will be provided as a model for&lt;br/&gt;other similar projects. The project results will add to the knowledge base in educational and evaluation.&lt;br/&gt;Broader Impacts - The project broadens the participation of underrepresented groups by the inclusion of a&lt;br/&gt;large number of minority students in the target population for the program. In addition, a large number of&lt;br/&gt;Historically Black Colleges and Universities are included in the Alabama alliance, and the project efforts will&lt;br/&gt;involve a diverse pool of students and faculty. Discovery and understanding are advanced by the&lt;br/&gt;collaboration between disciplines and institutions. Evaluation and assessment findings will be documented&lt;br/&gt;and disseminated to other researchers in education and at national meetings.</AbstractNarration>
    <MinAmdLetterDate>05/09/2006</MinAmdLetterDate>
    <MaxAmdLetterDate>04/07/2011</MaxAmdLetterDate>
    <ARRAAmount/>
    <AwardID>0602359</AwardID>
    <Investigator>
      <FirstName>Mary</FirstName>
      <LastName>Braswell</LastName>
      <EmailAddress>cbraswell@uab.edu</EmailAddress>
      <StartDate>05/09/2006</StartDate>
      <EndDate/>
      <RoleCode>Co-Principal Investigator</RoleCode>
    </Investigator>
    <Investigator>
      <FirstName>Louis</FirstName>
      <LastName>Dale</LastName>
      <EmailAddress>ldale@uab.edu</EmailAddress>
      <StartDate>05/09/2006</StartDate>
      <EndDate/>
      <RoleCode>Principal Investigator</RoleCode>
    </Investigator>
    <Institution>
      <Name>University of Alabama at Birmingham</Name>
      <CityName>Birmingham</CityName>
      <ZipCode>352940001</ZipCode>
      <PhoneNumber>2059345266</PhoneNumber>
      <StreetAddress>AB 1170</StreetAddress>
      <CountryName>United States</CountryName>
      <StateName>Alabama</StateName>
      <StateCode>AL</StateCode>
    </Institution>
    <ProgramElement>
      <Code>7172</Code>
      <Text>GRADUATE RESEARCH FELLOWSHIPS</Text>
    </ProgramElement>
    <ProgramElement>
      <Code>9133</Code>
      <Text>ALLIANCES-MINORITY PARTICIPAT.</Text>
    </ProgramElement>
    <ProgramReference>
      <Code>9178</Code>
      <Text>UNDERGRADUATE EDUCATION</Text>
    </ProgramReference>
    <ProgramReference>
      <Code>SMET</Code>
      <Text>SCIENCE, MATH, ENG &amp; TECH EDUCATION</Text>
    </ProgramReference>
    <ProgramReference>
      <Code>9179</Code>
      <Text>GRADUATE INVOLVEMENT</Text>
    </ProgramReference>
  </Award>
</rootTag>
