<?xml version="1.0" encoding="UTF-8"?>

<rootTag>
  <Award>
    <AwardTitle>Feasibility of a Novel Three-Dimensional Nano-Manufacturing Technique: Nanomilling</AwardTitle>
    <AwardEffectiveDate>09/01/2006</AwardEffectiveDate>
    <AwardExpirationDate>08/31/2008</AwardExpirationDate>
    <AwardAmount>72584</AwardAmount>
    <AwardInstrument>
      <Value>Standard Grant</Value>
    </AwardInstrument>
    <Organization>
      <Code>07030000</Code>
      <Directorate>
        <LongName>Directorate For Engineering</LongName>
      </Directorate>
      <Division>
        <LongName>Div Of Civil, Mechanical, &amp; Manufact Inn</LongName>
      </Division>
    </Organization>
    <ProgramOfficer>
      <SignBlockName>Shaochen Chen</SignBlockName>
    </ProgramOfficer>
    <AbstractNarration>12-13-07&lt;br/&gt;&lt;br/&gt;This Small Grant for Exploratory Research (SGER) award supports the development of a novel nanomanufacturing technique, nanomilling, for creating three-dimensional shapes at the nano scale. The specific objectives of the project are (1) to develop the nanomilling technique and associated testbed, and (2) to assess the size, shape, and material capability of the technique by conducting experiments under varying operational conditions. The nanomilling technique is mechanical in nature, where the shape generation will be achieved by removing unwanted material. Nanomilling equipment will be designed and constructed, and nano-scale atomic force microscope probe tips will be used as tooling. The tip motion will be controlled with high precision to selectively remove the workpiece material to create various convex and concave shapes, such as slots, walls, and pockets. The educational objectives include involving graduate and undergraduate students in nanomanufacturing research and transferring the research findings to classroom by incorporating them into the PI?s new course titled ?micro/nano-manufacturing.? The existing infrastructure of Carnegie Mellon University and Pittsburgh public schools will be utilized to attract high-school students and teachers to nanomanufacturing research. &lt;br/&gt;&lt;br/&gt;If successful, the research will advance the field of nanotechnology by expanding current capabilities of nano-scale shape generation. The technique has po­tential to overcome current limitations, and dramatically advancing current nanomanufacturing capa­bility. Benefits of the nanomilling technique will include capability of creating arbitrary three-dimensional shapes, application to a diverse selection of materials, simplicity in design to nanomanufacturing, and capacity to be integrated into existing micro and nanomanufacturing techniques. Integration of the nanomilling process with other nanomanufacturing processes may also make it possible to find the best trade-off between the throughput and geometric capability. Furthermore, its low cost and simplicity will allow volumetric scale-up via parallel operation. The project will also contribute to the understanding of material characteristics and mechanics behavior at the nano scale. The developed technique will have an important impact on emerging fields of nano-fluidics, nano-electronics, nano-medicine, nano-electromechanical systems, and nano-robotics, thereby positively impacting the competitiveness of the U.S. in nanomanufacturing.</AbstractNarration>
    <MinAmdLetterDate>06/29/2006</MinAmdLetterDate>
    <MaxAmdLetterDate>06/29/2006</MaxAmdLetterDate>
    <ARRAAmount/>
    <AwardID>0602401</AwardID>
    <Investigator>
      <FirstName>Burak</FirstName>
      <LastName>Ozdoganlar</LastName>
      <EmailAddress>burakoz@andrew.cmu.edu</EmailAddress>
      <StartDate>06/29/2006</StartDate>
      <EndDate/>
      <RoleCode>Principal Investigator</RoleCode>
    </Investigator>
    <Institution>
      <Name>Carnegie-Mellon University</Name>
      <CityName>PITTSBURGH</CityName>
      <ZipCode>152133815</ZipCode>
      <PhoneNumber>4122689527</PhoneNumber>
      <StreetAddress>5000 Forbes Avenue</StreetAddress>
      <CountryName>United States</CountryName>
      <StateName>Pennsylvania</StateName>
      <StateCode>PA</StateCode>
    </Institution>
    <FoaInformation>
      <Code>0308000</Code>
      <Name>Industrial Technology</Name>
    </FoaInformation>
  </Award>
</rootTag>
