<?xml version="1.0" encoding="UTF-8"?>

<rootTag>
  <Award>
    <AwardTitle>International Conference on Complex Systems 2006</AwardTitle>
    <AwardEffectiveDate>06/01/2006</AwardEffectiveDate>
    <AwardExpirationDate>05/31/2007</AwardExpirationDate>
    <AwardAmount>10000</AwardAmount>
    <AwardInstrument>
      <Value>Standard Grant</Value>
    </AwardInstrument>
    <Organization>
      <Code>03010000</Code>
      <Directorate>
        <LongName>Direct For Mathematical &amp; Physical Scien</LongName>
      </Directorate>
      <Division>
        <LongName>Division Of Physics</LongName>
      </Division>
    </Organization>
    <ProgramOfficer>
      <SignBlockName>Earle L. Lomon</SignBlockName>
    </ProgramOfficer>
    <AbstractNarration>The Sixth International Conference on Complex Systems (ICCS) is being organized for June 25-30, 2006, building on success of five previous conferences. This conference series, which is organized by the New England Complex Systems Institute (NECSI), is an international conference dedicated to the unified study of complex dynamical systems. NECSI is an educational and research institution with the participation of faculty from major academic institutions from New England, around the United States, and internationally. It is dedicated to interdisciplinary communication and collaboration on complex systems. Central to the purpose of the conference is building an international community that is devoted to this new field. Support by the National Science Foundation is essential to enable students and postdocs who are trained in other fields to gain exposure to the growing research opportunities in this field. This is particularly true for underrepresented groups that are given a unique opportunity of exposure to research in this pioneering area. There is a new and growing effort to understand complex systems and complexity that has attracted a lot of interest in the scientific community. The growth of new efforts in systems biology, engineering, and cross disciplinary studies of biological social and engineered networks illustrates the importance of these developments. Various conferences and workshops have addressed aspects of this growing field. However, this is the only major international conference series to bring the wide diversity of researchers together, demonstrating the interdisciplinary but coherent nature of these efforts. The excitement of research in this field and its diverse applications has been expanding and the conferences have been growing and we anticipate a much larger conference than the previous ones. Interest among students and postdoctoral fellows continues to grow and the International Conference on Complex Systems provides essential exposure for them to review the historical progress and new advances. &lt;br/&gt;The broader impacts of the conference include interdisciplinary cross-fertilization among physicists, computer scientists, engineers, mathematicians, biologists, ecologists, psychologists, sociologists, anthropologists, linguists, managers and physicians. The contact extends beyond the academic community to include professionals as well as the public. The new scientific effort to understand complex systems has attracted the attention of professionals in diverse areas -- high technology, biotechnology, health care, financial services, and corporate management generally. It has also attracted significant public attention because it addresses topics such as individual psychology, dynamics of social and economic change, and ecology, that are of general concern; and can address new problems as they arise, like global terrorism and homeland security. The ICCS conference will include educational sessions that are appropriate for professionals and the public. The conference will be located in Boston and will be accessible to public transportation. The ICCS has in past and is expected to continue to serve as a vehicle for public awareness of the importance of science to society.</AbstractNarration>
    <MinAmdLetterDate>05/30/2006</MinAmdLetterDate>
    <MaxAmdLetterDate>05/30/2006</MaxAmdLetterDate>
    <ARRAAmount/>
    <AwardID>0602068</AwardID>
    <Investigator>
      <FirstName>Yaneer</FirstName>
      <LastName>Bar-Yam</LastName>
      <EmailAddress>yaneer@necsi.edu</EmailAddress>
      <StartDate>05/30/2006</StartDate>
      <EndDate/>
      <RoleCode>Principal Investigator</RoleCode>
    </Investigator>
    <Institution>
      <Name>New England Complex Systems Institute</Name>
      <CityName>Cambridge</CityName>
      <ZipCode>021390000</ZipCode>
      <PhoneNumber>6175474100</PhoneNumber>
      <StreetAddress>101 Claremont St.</StreetAddress>
      <CountryName>United States</CountryName>
      <StateName>Massachusetts</StateName>
      <StateCode>MA</StateCode>
    </Institution>
    <FoaInformation>
      <Code>0000099</Code>
      <Name>Other Applications NEC</Name>
    </FoaInformation>
  </Award>
</rootTag>
