<?xml version="1.0" encoding="UTF-8"?>

<rootTag>
  <Award>
    <AwardTitle>Asymptotic Dynamics for Stochastic and Quantum Dynamics</AwardTitle>
    <AwardEffectiveDate>07/01/2005</AwardEffectiveDate>
    <AwardExpirationDate>06/30/2009</AwardExpirationDate>
    <AwardAmount>398087</AwardAmount>
    <AwardInstrument>
      <Value>Continuing grant</Value>
    </AwardInstrument>
    <Organization>
      <Code>03040200</Code>
      <Directorate>
        <LongName>Direct For Mathematical &amp; Physical Scien</LongName>
      </Directorate>
      <Division>
        <LongName>Division Of Mathematical Sciences</LongName>
      </Division>
    </Organization>
    <ProgramOfficer>
      <SignBlockName>Tomek Bartoszynski</SignBlockName>
    </ProgramOfficer>
    <AbstractNarration>0307295&lt;br/&gt;Yau&lt;br/&gt; The dynamics of a quantum particle in a random media is governed by a random Schrodinger equation. In the kinetic limit, the phase space distribution of a solution to this equation converges to a linear Boltzmann equation. Beyond the kinetic scale, one expects that the Boltzmann equation is still correct in dimension three or higher provided that the diffusivity is renormalized. The first project aims to study this renormalization for time scales longer than the kinetic scale. The second project concerns the viscosity of the lattice gas models. Recently the PI has established the divergence rate for the diffusion coefficient for the asymmetric simple exclusion process in dimension two. The goal of this project is to extend this result to the dimension one case and to the lattice gas models with the Navier-Stokes equation as the formal limit. &lt;br/&gt; The fundamental question regarding the conductivity of electrons in semiconductors is how conduction occurs. As the technology is reaching the stage that the semi-classical theory no longer applies, the quantum effect will dominate and a mathematical rigorous theory is of fundamental importance. The first project aims to establish the quantum corrections of the standard semi-classical theory based on the Boltzmann equation. This will provide the first rigorous understanding of these quantum dynamical effects. The second project investigates the validity of the lattice gas models for fluids. These models, besides being widely used to simulate the Navier-Stokes equations, are important models for non-equilibrium statistical physics. The goal here is to establish the divergence rate of the viscosity for these models. This will give the first clue concerning how well the Navier-Stokes equation models the two-dimensional fluid.</AbstractNarration>
    <MinAmdLetterDate>10/28/2005</MinAmdLetterDate>
    <MaxAmdLetterDate>05/17/2007</MaxAmdLetterDate>
    <ARRAAmount/>
    <AwardID>0602038</AwardID>
    <Investigator>
      <FirstName>Horng-Tzer</FirstName>
      <LastName>Yau</LastName>
      <EmailAddress>htyau@math.harvard.edu</EmailAddress>
      <StartDate>10/28/2005</StartDate>
      <EndDate/>
      <RoleCode>Principal Investigator</RoleCode>
    </Investigator>
    <Institution>
      <Name>Harvard University</Name>
      <CityName>Cambridge</CityName>
      <ZipCode>021385366</ZipCode>
      <PhoneNumber>6174955501</PhoneNumber>
      <StreetAddress>1033 MASSACHUSETTS AVE</StreetAddress>
      <CountryName>United States</CountryName>
      <StateName>Massachusetts</StateName>
      <StateCode>MA</StateCode>
    </Institution>
    <FoaInformation>
      <Code>0000099</Code>
      <Name>Other Applications NEC</Name>
    </FoaInformation>
  </Award>
</rootTag>
