<?xml version="1.0" encoding="UTF-8"?>

<rootTag>
  <Award>
    <AwardTitle>Enhancing the Mathematical Sciences Workforce (EMSW21-VIGRE)</AwardTitle>
    <AwardEffectiveDate>09/15/2006</AwardEffectiveDate>
    <AwardExpirationDate>08/31/2013</AwardExpirationDate>
    <AwardAmount>3500000</AwardAmount>
    <AwardInstrument>
      <Value>Continuing grant</Value>
    </AwardInstrument>
    <Organization>
      <Code>03040000</Code>
      <Directorate>
        <LongName>Direct For Mathematical &amp; Physical Scien</LongName>
      </Directorate>
      <Division>
        <LongName>Division Of Mathematical Sciences</LongName>
      </Division>
    </Organization>
    <ProgramOfficer>
      <SignBlockName>Bruce P. Palka</SignBlockName>
    </ProgramOfficer>
    <AbstractNarration>The Department of Mathematics and the Program in Applied Mathematics at the University of Arizona propose a far-reaching workforce-enhancement program that will prepare young American men and women for careers as professional mathematicians. The mathematical sciences workforce of the 21st century must be diverse not only with respect to gender and ethnicity but also with respect to training, to ensure that it can serve the full spectrum of societal needs in mathematical research and education. Furthermore, in order to be truly effective at the national level, such a training program must reach far beyond local institutional boundaries---both geographically and culturally---in order to maximize its impact on the growth and development of the professional community.&lt;br/&gt;&lt;br/&gt;This project builds upon and makes permanent many of the programs initiated during our first VIGRE project. These include graduate fellowships awarded strategically via a competitive proposal process, unique laboratory and internship opportunities, innovative undergraduate research and teaching assistantship programs, vertically integrated research and outreach opportunities with participants at all academic levels ranging from high-school students through senior faculty, and mentoring programs carefully designed to assist students with critical transitions such as becoming a mathematics major, entering graduate school, or beginning a career. Our project also includes a new summer research program for undergraduates which will make Arizona's unique integration of the creation, application, and communication of mathematics available to a wider audience.&lt;br/&gt;&lt;br/&gt;An important new aspect of our VIGRE program is a regional network involving undergraduate and graduate institutions throughout the Southwest. Within this network, ideas, students, and faculty will move in several directions. Arizona will benefit from the insights and experience of our colleagues at regional and minority-serving institutions, thereby increasing our capabilities to recruit and retain underrepresented students and opening new channels to place our graduates. Faculty from regional institutions will participate in activities such as the summer research program, supporting their intellectual and professional development and allowing them to start new programs which their institutions would not normally have the resources to initiate. Ultimately, our VIGRE program will have a large impact on the quality and quantity of the entire mathematical sciences workforce pipeline, from undergraduates through faculty, throughout the region.</AbstractNarration>
    <MinAmdLetterDate>09/15/2006</MinAmdLetterDate>
    <MaxAmdLetterDate>02/04/2010</MaxAmdLetterDate>
    <ARRAAmount/>
    <AwardID>0602173</AwardID>
    <Investigator>
      <FirstName>William</FirstName>
      <LastName>Velez</LastName>
      <EmailAddress>velez@math.arizona.edu</EmailAddress>
      <StartDate>09/15/2006</StartDate>
      <EndDate/>
      <RoleCode>Co-Principal Investigator</RoleCode>
    </Investigator>
    <Investigator>
      <FirstName>Nicholas</FirstName>
      <LastName>Ercolani</LastName>
      <EmailAddress>ercolani@math.arizona.edu</EmailAddress>
      <StartDate>09/15/2006</StartDate>
      <EndDate>02/04/2010</EndDate>
      <RoleCode>Former Co-Principal Investigator</RoleCode>
    </Investigator>
    <Investigator>
      <FirstName>Thomas</FirstName>
      <LastName>Kennedy</LastName>
      <EmailAddress>tgk@math.arizona.edu</EmailAddress>
      <StartDate>04/17/2009</StartDate>
      <EndDate/>
      <RoleCode>Co-Principal Investigator</RoleCode>
    </Investigator>
    <Investigator>
      <FirstName>William</FirstName>
      <LastName>McCallum</LastName>
      <EmailAddress>wmc@math.arizona.edu</EmailAddress>
      <StartDate>09/15/2006</StartDate>
      <EndDate/>
      <RoleCode>Co-Principal Investigator</RoleCode>
    </Investigator>
    <Investigator>
      <FirstName>Moysey</FirstName>
      <LastName>Brio</LastName>
      <EmailAddress>brio@math.arizona.edu</EmailAddress>
      <StartDate>02/04/2010</StartDate>
      <EndDate/>
      <RoleCode>Co-Principal Investigator</RoleCode>
    </Investigator>
    <Investigator>
      <FirstName>Douglas</FirstName>
      <LastName>Ulmer</LastName>
      <EmailAddress>ulmer@math.gatech.edu</EmailAddress>
      <StartDate>09/15/2006</StartDate>
      <EndDate>04/17/2009</EndDate>
      <RoleCode>Former Principal Investigator</RoleCode>
    </Investigator>
    <Investigator>
      <FirstName>Michael</FirstName>
      <LastName>Tabor</LastName>
      <EmailAddress>tabor@math.arizona.edu</EmailAddress>
      <StartDate>09/15/2006</StartDate>
      <EndDate>04/17/2009</EndDate>
      <RoleCode>Former Co-Principal Investigator</RoleCode>
    </Investigator>
    <Investigator>
      <FirstName>Michael</FirstName>
      <LastName>Tabor</LastName>
      <EmailAddress>tabor@math.arizona.edu</EmailAddress>
      <StartDate>02/04/2010</StartDate>
      <EndDate/>
      <RoleCode>Principal Investigator</RoleCode>
    </Investigator>
    <Institution>
      <Name>University of Arizona</Name>
      <CityName>Tucson</CityName>
      <ZipCode>857194824</ZipCode>
      <PhoneNumber>5206266000</PhoneNumber>
      <StreetAddress>888 N Euclid Ave</StreetAddress>
      <CountryName>United States</CountryName>
      <StateName>Arizona</StateName>
      <StateCode>AZ</StateCode>
    </Institution>
    <FoaInformation>
      <Code>0000099</Code>
      <Name>Other Applications NEC</Name>
    </FoaInformation>
    <ProgramElement>
      <Code>7335</Code>
      <Text>WORKFORCE IN THE MATHEMAT SCI</Text>
    </ProgramElement>
    <ProgramReference>
      <Code>0000</Code>
      <Text>UNASSIGNED</Text>
    </ProgramReference>
    <ProgramReference>
      <Code>1618</Code>
      <Text>DMS VIGRE Program</Text>
    </ProgramReference>
    <ProgramReference>
      <Code>OTHR</Code>
      <Text>OTHER RESEARCH OR EDUCATION</Text>
    </ProgramReference>
  </Award>
</rootTag>
