<?xml version="1.0" encoding="UTF-8"?>

<rootTag>
  <Award>
    <AwardTitle>Collaborative Research: Establishment of a Climate Type-Section for the Tropical Atlantic from Cariaco Basin Sediments</AwardTitle>
    <AwardEffectiveDate>09/01/2006</AwardEffectiveDate>
    <AwardExpirationDate>02/28/2007</AwardExpirationDate>
    <AwardAmount>56138</AwardAmount>
    <AwardInstrument>
      <Value>Continuing grant</Value>
    </AwardInstrument>
    <Organization>
      <Code>06040205</Code>
      <Directorate>
        <LongName>Directorate For Geosciences</LongName>
      </Directorate>
      <Division>
        <LongName>Division Of Ocean Sciences</LongName>
      </Division>
    </Organization>
    <ProgramOfficer>
      <SignBlockName>Bilal U. Haq</SignBlockName>
    </ProgramOfficer>
    <AbstractNarration>0602392&lt;br/&gt;&lt;br/&gt;Peterson/Thunell/Lea/Black&lt;br/&gt;&lt;br/&gt;The PIs will generate a high-resolution multi-proxy low-latitude sedimentary type section of climatic variability over the last glacial-interglacial cycle, using a composite of two new piston cores collected in Cariaco Basin. The objective is to create a tropical marine counterpart to high latitude ice cores such as GISPS and Vostok. The approach follows the recommendations of NRC that the marine community should produce high-quality records at key locations. Cariaco Basin is a key location, where the past changes in ITCZ are well represented. PIs from four institutions will work together to create the type-section of paleoclimate variability in the tropics and produce a suite of common paleoceanographic analyses, particularly in terms of inorganic indicators.</AbstractNarration>
    <MinAmdLetterDate>08/25/2006</MinAmdLetterDate>
    <MaxAmdLetterDate>08/25/2006</MaxAmdLetterDate>
    <ARRAAmount/>
    <AwardID>0602376</AwardID>
    <Investigator>
      <FirstName>David</FirstName>
      <LastName>Black</LastName>
      <EmailAddress>david.black@stonybrook.edu</EmailAddress>
      <StartDate>08/25/2006</StartDate>
      <EndDate/>
      <RoleCode>Principal Investigator</RoleCode>
    </Investigator>
    <Institution>
      <Name>University of Akron</Name>
      <CityName>Akron</CityName>
      <ZipCode>443250001</ZipCode>
      <PhoneNumber>3309727666</PhoneNumber>
      <StreetAddress>302 Buchtel Common</StreetAddress>
      <CountryName>United States</CountryName>
      <StateName>Ohio</StateName>
      <StateCode>OH</StateCode>
    </Institution>
    <FoaInformation>
      <Code>0204000</Code>
      <Name>Oceanography</Name>
    </FoaInformation>
    <ProgramElement>
      <Code>1530</Code>
      <Text>PALEOCLIMATE PROGRAM</Text>
    </ProgramElement>
    <ProgramReference>
      <Code>1304</Code>
      <Text>EARTH SYSTEM HISTORY</Text>
    </ProgramReference>
    <ProgramReference>
      <Code>4444</Code>
      <Text>INTERDISCIPLINARY PROPOSALS</Text>
    </ProgramReference>
    <ProgramReference>
      <Code>EGCH</Code>
      <Text>ENVIRONMENT AND GLOBAL CHANGE</Text>
    </ProgramReference>
  </Award>
</rootTag>
