<?xml version="1.0" encoding="UTF-8"?>

<rootTag>
  <Award>
    <AwardTitle>Doctoral Dissertation Research: Uncertainty, reputation effects, and relational formation</AwardTitle>
    <AwardEffectiveDate>04/01/2006</AwardEffectiveDate>
    <AwardExpirationDate>03/31/2008</AwardExpirationDate>
    <AwardAmount>7190</AwardAmount>
    <AwardInstrument>
      <Value>Standard Grant</Value>
    </AwardInstrument>
    <Organization>
      <Code>04050200</Code>
      <Directorate>
        <LongName>Direct For Social, Behav &amp; Economic Scie</LongName>
      </Directorate>
      <Division>
        <LongName>Divn Of Social and Economic Sciences</LongName>
      </Division>
    </Organization>
    <ProgramOfficer>
      <SignBlockName>Patricia White</SignBlockName>
    </ProgramOfficer>
    <AbstractNarration>For many, the Internet is still a world of anonymity, pervasive automation, and fraud. Yet, the success of large-scale online markets has inspired much interest in feedback systems as an institutional solution to the problem of market uncertainty. In eBay, buyers can rate sellers after transactions; their feedback points are tallied and posted publicly next to their screen names for other buyers to view. In Amazon, customers can likewise rate products. Interestingly, EBay and Amazon have very similar feedback systems, yet eBay is a customer-to-customer site, while Amazon is a business-to-customer site, with important differences in the types of market uncertainty. In eBay, there is a pervasive problem of trust and trustworthiness casting over transactions between anonymous strangers. In Amazon, fraud is rare. Instead, the main problem is the cost of search through an enormous inventory of products. These differences suggest that their feedback systems might work differently, but how? This proposal argues that, in markets like Amazon, reputations facilitate transactions by identifying "reputable" sellers or products. In markets like eBay, the crucial role of reputations is to discipline sellers through feedback exchange. I test this thesis using laboratory experiments. If confirmed, the research will not only extend our theoretical understanding of how reputations moderate different types of market uncertainty, but also provide practical insights for designing online markets. Whereas brick-and-mortar markets emerge slowly through bottom-up processes, online markets can be created vastly more rapidly, cheaply, and purposefully. Understanding what makes an online market effective is therefore crucial as we enter the new age of digital economy.</AbstractNarration>
    <MinAmdLetterDate>03/07/2006</MinAmdLetterDate>
    <MaxAmdLetterDate>03/07/2006</MaxAmdLetterDate>
    <ARRAAmount/>
    <AwardID>0602212</AwardID>
    <Investigator>
      <FirstName>Michael</FirstName>
      <LastName>Macy</LastName>
      <EmailAddress>mwm14@cornell.edu</EmailAddress>
      <StartDate>03/07/2006</StartDate>
      <EndDate/>
      <RoleCode>Principal Investigator</RoleCode>
    </Investigator>
    <Institution>
      <Name>Cornell University</Name>
      <CityName>Ithaca</CityName>
      <ZipCode>148502820</ZipCode>
      <PhoneNumber>6072555014</PhoneNumber>
      <StreetAddress>373 Pine Tree Road</StreetAddress>
      <CountryName>United States</CountryName>
      <StateName>New York</StateName>
      <StateCode>NY</StateCode>
    </Institution>
    <FoaInformation>
      <Code>0116000</Code>
      <Name>Human Subjects</Name>
    </FoaInformation>
    <ProgramElement>
      <Code>1331</Code>
      <Text>SOCIOLOGY</Text>
    </ProgramElement>
    <ProgramReference>
      <Code>9179</Code>
      <Text>GRADUATE INVOLVEMENT</Text>
    </ProgramReference>
    <ProgramReference>
      <Code>SMET</Code>
      <Text>SCIENCE, MATH, ENG &amp; TECH EDUCATION</Text>
    </ProgramReference>
  </Award>
</rootTag>
