<?xml version="1.0" encoding="UTF-8"?>

<rootTag>
  <Award>
    <AwardTitle>Oceanographic Instrumentation for the R/V Endeavor: 2006</AwardTitle>
    <AwardEffectiveDate>09/01/2006</AwardEffectiveDate>
    <AwardExpirationDate>08/31/2007</AwardExpirationDate>
    <AwardAmount>41757</AwardAmount>
    <AwardInstrument>
      <Value>Standard Grant</Value>
    </AwardInstrument>
    <Organization>
      <Code>06040101</Code>
      <Directorate>
        <LongName>Directorate For Geosciences</LongName>
      </Directorate>
      <Division>
        <LongName>Division Of Ocean Sciences</LongName>
      </Division>
    </Organization>
    <ProgramOfficer>
      <SignBlockName>James S. Holik</SignBlockName>
    </ProgramOfficer>
    <AbstractNarration>0602306&lt;br/&gt;Dickson&lt;br/&gt;This award to University of Rhode Island's Graduate School of Oceanography provides instrumentation to improve the oceanographic research capabilities of the research vessel Endeavor, an NSF-owned ship operated by URI as part of the University-National Oceanographic Laboratory System research fleet. The electronics for the opening-closing plankton sampling system, water bottles and scientific sample storage freezer will replace aging systems with modern ones, maintaining state of the art capability for researchers using the ship. These improvements will be of substantial advantage to marine scientists using R/V Endeavor and other vessels in their research during 2006 and future years.&lt;br/&gt;***</AbstractNarration>
    <MinAmdLetterDate>09/03/2006</MinAmdLetterDate>
    <MaxAmdLetterDate>09/03/2006</MaxAmdLetterDate>
    <ARRAAmount/>
    <AwardID>0602306</AwardID>
    <Investigator>
      <FirstName>Mary-Lynn</FirstName>
      <LastName>Dickson</LastName>
      <EmailAddress>marylynndickson@me.com</EmailAddress>
      <StartDate>09/03/2006</StartDate>
      <EndDate/>
      <RoleCode>Principal Investigator</RoleCode>
    </Investigator>
    <Institution>
      <Name>University of Rhode Island</Name>
      <CityName>KINGSTON</CityName>
      <ZipCode>028811967</ZipCode>
      <PhoneNumber>4018742635</PhoneNumber>
      <StreetAddress>RESEARCH OFFICE</StreetAddress>
      <CountryName>United States</CountryName>
      <StateName>Rhode Island</StateName>
      <StateCode>RI</StateCode>
    </Institution>
    <FoaInformation>
      <Code>0204000</Code>
      <Name>Oceanography</Name>
    </FoaInformation>
  </Award>
</rootTag>
