<?xml version="1.0" encoding="UTF-8"?>

<rootTag>
  <Award>
    <AwardTitle>EMSW21-RTG, Biodynamics at Boston University</AwardTitle>
    <AwardEffectiveDate>09/01/2006</AwardEffectiveDate>
    <AwardExpirationDate>08/31/2012</AwardExpirationDate>
    <AwardAmount>2144307</AwardAmount>
    <AwardInstrument>
      <Value>Continuing grant</Value>
    </AwardInstrument>
    <Organization>
      <Code>03040000</Code>
      <Directorate>
        <LongName>Direct For Mathematical &amp; Physical Scien</LongName>
      </Directorate>
      <Division>
        <LongName>Division Of Mathematical Sciences</LongName>
      </Division>
    </Organization>
    <ProgramOfficer>
      <SignBlockName>Mary Ann Horn</SignBlockName>
    </ProgramOfficer>
    <AbstractNarration>This project will advance the creation and support of a community of scholars, from undergraduate to faculty, working at the interfaces among dynamical systems and biological applications. The three main areas of focus are: 1. Analysis of systems with multiple length and time scales, including applications to pattern formation; 2. Mathematical neuroscience, including analytical methods for working with small networks and reduction of dimension techniques; 3. Gene regulatory networks, including the development of RNA switches, transcriptional bursting and programmable cells. These areas have major applications to issues concerning health and medicine. The project will build on the previous research and training experience of the Center for BioDynamics, co-directed by the Principal Investigator and one of the other senior faculty members. Trainees will be pre- and post-doctoral students who will take part in a wide variety of formal and informal activities, including special seminars, working groups, mini-symposia, laboratory work, journal clubs and social events, which will enable them to acquire the multiple scientific cultures needed to work in a trans-disciplinary manner. The pre-doctoral students will be from the departments of Mathematics or Biomedical Engineering; the postdoctoral associates will be drawn from a wide range of backgrounds, with a focus on applied math. In addition to their research activities, trainees will obtain experience teaching at different levels. Math department faculty and trainees will be involved in the construction of new interdisciplinary curricula for undergraduates in other departments, including Biology; the faculty will mentor the trainees in teaching the new curricula.</AbstractNarration>
    <MinAmdLetterDate>08/01/2006</MinAmdLetterDate>
    <MaxAmdLetterDate>06/15/2010</MaxAmdLetterDate>
    <ARRAAmount/>
    <AwardID>0602204</AwardID>
    <Investigator>
      <FirstName>Nancy</FirstName>
      <LastName>Kopell</LastName>
      <EmailAddress>nk@bu.edu</EmailAddress>
      <StartDate>08/01/2006</StartDate>
      <EndDate/>
      <RoleCode>Principal Investigator</RoleCode>
    </Investigator>
    <Investigator>
      <FirstName>Clarence</FirstName>
      <LastName>Wayne</LastName>
      <EmailAddress>cew@math.bu.edu</EmailAddress>
      <StartDate>08/01/2006</StartDate>
      <EndDate/>
      <RoleCode>Co-Principal Investigator</RoleCode>
    </Investigator>
    <Investigator>
      <FirstName>Tasso</FirstName>
      <LastName>Kaper</LastName>
      <EmailAddress>tasso@math.bu.edu</EmailAddress>
      <StartDate>08/01/2006</StartDate>
      <EndDate/>
      <RoleCode>Co-Principal Investigator</RoleCode>
    </Investigator>
    <Investigator>
      <FirstName>James</FirstName>
      <LastName>Collins</LastName>
      <EmailAddress>jcollins@bu.edu</EmailAddress>
      <StartDate>08/01/2006</StartDate>
      <EndDate/>
      <RoleCode>Co-Principal Investigator</RoleCode>
    </Investigator>
    <Investigator>
      <FirstName>John</FirstName>
      <LastName>White</LastName>
      <EmailAddress>jwhite@bu.edu</EmailAddress>
      <StartDate>08/01/2006</StartDate>
      <EndDate/>
      <RoleCode>Co-Principal Investigator</RoleCode>
    </Investigator>
    <Institution>
      <Name>Trustees of Boston University</Name>
      <CityName>BOSTON</CityName>
      <ZipCode>022151300</ZipCode>
      <PhoneNumber>6173534365</PhoneNumber>
      <StreetAddress>881 COMMONWEALTH AVE</StreetAddress>
      <CountryName>United States</CountryName>
      <StateName>Massachusetts</StateName>
      <StateCode>MA</StateCode>
    </Institution>
    <FoaInformation>
      <Code>0000099</Code>
      <Name>Other Applications NEC</Name>
    </FoaInformation>
    <ProgramElement>
      <Code>1266</Code>
      <Text>APPLIED MATHEMATICS</Text>
    </ProgramElement>
    <ProgramElement>
      <Code>7334</Code>
      <Text>MATHEMATICAL BIOLOGY</Text>
    </ProgramElement>
    <ProgramElement>
      <Code>7335</Code>
      <Text>WORKFORCE IN THE MATHEMAT SCI</Text>
    </ProgramElement>
    <ProgramElement>
      <Code>7446</Code>
      <Text>MATH PRIORITY SOLICITATION</Text>
    </ProgramElement>
    <ProgramElement>
      <Code>7454</Code>
      <Text>MSPA-INTERDISCIPLINARY</Text>
    </ProgramElement>
    <ProgramElement>
      <Code>7474</Code>
      <Text>ENVIRON &amp; STRUCTURAL SYS CL</Text>
    </ProgramElement>
    <ProgramElement>
      <Code>7713</Code>
      <Text>ACTIVATION</Text>
    </ProgramElement>
    <ProgramReference>
      <Code>0000</Code>
      <Text>UNASSIGNED</Text>
    </ProgramReference>
    <ProgramReference>
      <Code>7301</Code>
      <Text>RES TRAINING GROUPS IN THE MATH SCIENCES</Text>
    </ProgramReference>
    <ProgramReference>
      <Code>7303</Code>
      <Text>MATH SCI PRIORITY AREA: INTERDISCIPLINAR</Text>
    </ProgramReference>
    <ProgramReference>
      <Code>OTHR</Code>
      <Text>OTHER RESEARCH OR EDUCATION</Text>
    </ProgramReference>
  </Award>
</rootTag>
