<?xml version="1.0" encoding="UTF-8"?>

<rootTag>
  <Award>
    <AwardTitle>Rocketing into the Background: Enlightening Young Scientists and the Reionization of the Universe</AwardTitle>
    <AwardEffectiveDate>05/01/2006</AwardEffectiveDate>
    <AwardExpirationDate>04/30/2009</AwardExpirationDate>
    <AwardAmount>206000</AwardAmount>
    <AwardInstrument>
      <Value>Fellowship</Value>
    </AwardInstrument>
    <Organization>
      <Code>03020000</Code>
      <Directorate>
        <LongName>Direct For Mathematical &amp; Physical Scien</LongName>
      </Directorate>
      <Division>
        <LongName>Division Of Astronomical Sciences</LongName>
      </Division>
    </Organization>
    <ProgramOfficer>
      <SignBlockName>Harshal Gupta</SignBlockName>
    </ProgramOfficer>
    <AbstractNarration>AST-0602286&lt;br/&gt;Renbarger, Thomas&lt;br/&gt;&lt;br/&gt;Dr. Renbarger is awarded an NSF Astronomy and Astrophysics Postdoctoral Fellowship to carry out a program of research and education at the University of California, San Diego (UCSD). One of the most outstanding problems of modern cosmology is the identification of the reionizing energy source of the universe. The simplest explanation posits that stars in first-light galaxies comprise this ionizing source. Although these stars should leave a distinctive spectral and spatial signature on the cosmic Near Infrared Background (NIRB), to date no such detection exists, primarily because of uncertainties in the modeling of light scattered off of interplanetary dust (zodiacal light). To detect this NIRB signature of the first-light galaxies, Dr. Renbarger and his colleagues will build the Cosmic Infrared Background ExploRer (CIBER). CIBER is a rocket-borne suite of four telescopes that will perform imaging and spectroscopy of the NIRB in addition to directly imaging the intensity of zodiacal light. The direct zodiacal measurement will eliminate the need to rely on modeling of the zodiacal intensity and will thus eliminate the dominant source of systematic uncertainty in cosmic NIRB measurements. Over the next three years Dr. Renbarger will direct the design, fabrication and testing of the zodiacal imaging system and lead the payload integration in the lab and the field.&lt;br/&gt;&lt;br/&gt;Dr. Renbarger will also develop and annually teach an academic enrichment course designed for high school students held during the summer on the UCSD campus. This project-oriented course will involve the launch of a scaled-down version of the CIBER payload with the experimental objective of measuring atmospheric temperature and humidity vs. altitude. By means of this course, Dr. Renbarger will give his students a taste of the exciting world of rocket science. Building on previous public outreach experiences while stationed at the South Pole, Dr. Renbarger will also maintain a weblog in which he will report on lab progress and the CIBER launch campaign. This weblog will be a means to continue contact with his students and will serve as a repository of public-friendly explanations of CIBER's hardware and scientific goals.</AbstractNarration>
    <MinAmdLetterDate>04/14/2006</MinAmdLetterDate>
    <MaxAmdLetterDate>03/28/2008</MaxAmdLetterDate>
    <ARRAAmount/>
    <AwardID>0602286</AwardID>
    <Investigator>
      <FirstName>Thomas</FirstName>
      <LastName>Renbarger</LastName>
      <EmailAddress/>
      <StartDate>04/14/2006</StartDate>
      <EndDate/>
      <RoleCode>Principal Investigator</RoleCode>
    </Investigator>
    <Institution>
      <Name>Renbarger, Thomas K</Name>
      <CityName>La Jolla</CityName>
      <ZipCode>920930424</ZipCode>
      <PhoneNumber/>
      <StreetAddress/>
      <CountryName>United States</CountryName>
      <StateName>California</StateName>
      <StateCode>CA</StateCode>
    </Institution>
    <ProgramElement>
      <Code>1609</Code>
      <Text>NSF ASTRON &amp; ASTROPHY PSTDC FE</Text>
    </ProgramElement>
    <ProgramReference>
      <Code>0000</Code>
      <Text>UNASSIGNED</Text>
    </ProgramReference>
    <ProgramReference>
      <Code>1207</Code>
      <Text>OBSERVATIONAL ASTRONOMY</Text>
    </ProgramReference>
    <ProgramReference>
      <Code>7697</Code>
      <Text>INSTRUMENTATION</Text>
    </ProgramReference>
    <ProgramReference>
      <Code>OTHR</Code>
      <Text>OTHER RESEARCH OR EDUCATION</Text>
    </ProgramReference>
  </Award>
</rootTag>
