<?xml version="1.0" encoding="UTF-8"?>

<rootTag>
  <Award>
    <AwardTitle>EMSW21-VIGRE: Vertical Integration in Mathematics at the University of Utah</AwardTitle>
    <AwardEffectiveDate>08/15/2006</AwardEffectiveDate>
    <AwardExpirationDate>07/31/2013</AwardExpirationDate>
    <AwardAmount>3500000</AwardAmount>
    <AwardInstrument>
      <Value>Continuing grant</Value>
    </AwardInstrument>
    <Organization>
      <Code>03040000</Code>
      <Directorate>
        <LongName>Direct For Mathematical &amp; Physical Scien</LongName>
      </Directorate>
      <Division>
        <LongName>Division Of Mathematical Sciences</LongName>
      </Division>
    </Organization>
    <ProgramOfficer>
      <SignBlockName>Bruce P. Palka</SignBlockName>
    </ProgramOfficer>
    <AbstractNarration>The VIGRE program at the University of Utah builds upon the success of activities initiated in the first round of funding, and launches new activities which will further increase the number of students obtaining leading-edge training and research opportunities in the mathematical sciences. Over the long term, the Utah VIGRE program will produce and solidify structural changes which will strengthen and broaden the base of well-trained mathematical scientists in the United States. The program consists of a multifaceted and carefully coordinated set of activities directed at pre-college, undergraduate, and graduate students, as well as postdoctoral instructors. The program provides early research experiences for undergraduates and graduate students, and ensures effective mentoring for students and postdoctoral instructors at critical stages of their careers. The student research programs draw on the strength and breadth of research expertise in the department, and include in many cases interdisciplinary ties to other sciences, engineering, and industry. A new undergraduate research course is designed to transition more students into research experiences. The Utah VIGRE project emphasizes increasing diversity within the Mathematics Department at all levels, and strives to attract a broad range of students into careers in the mathematical sciences. The theme of vertical integration is present in all aspects of the project, with healthy interaction and exchanges of ideas occurring between participants at all levels, from pre-college to faculty. The program is designed to maximize the long-term effectiveness of VIGRE-funded activities, by striving for self-sufficiency and continuation of the main elements of the project beyond the funding cycle. To maximize the impact of our programs, a substantial effort is made to broadly disseminate information about our activities, including video of VIGRE minicourses, and a variety of web-based resources for others interested in emulating our programs.</AbstractNarration>
    <MinAmdLetterDate>08/07/2006</MinAmdLetterDate>
    <MaxAmdLetterDate>09/20/2009</MaxAmdLetterDate>
    <ARRAAmount/>
    <AwardID>0602219</AwardID>
    <Investigator>
      <FirstName>Aaron</FirstName>
      <LastName>Bertram</LastName>
      <EmailAddress>bertram@math.utah.edu</EmailAddress>
      <StartDate>08/07/2006</StartDate>
      <EndDate/>
      <RoleCode>Principal Investigator</RoleCode>
    </Investigator>
    <Investigator>
      <FirstName>David</FirstName>
      <LastName>Dobson</LastName>
      <EmailAddress>dobson@math.utah.edu</EmailAddress>
      <StartDate>08/07/2006</StartDate>
      <EndDate/>
      <RoleCode>Co-Principal Investigator</RoleCode>
    </Investigator>
    <Institution>
      <Name>University of Utah</Name>
      <CityName>SALT LAKE CITY</CityName>
      <ZipCode>841128930</ZipCode>
      <PhoneNumber>8015816903</PhoneNumber>
      <StreetAddress>75 S 2000 E</StreetAddress>
      <CountryName>United States</CountryName>
      <StateName>Utah</StateName>
      <StateCode>UT</StateCode>
    </Institution>
    <FoaInformation>
      <Code>0000099</Code>
      <Name>Other Applications NEC</Name>
    </FoaInformation>
  </Award>
</rootTag>
