<?xml version="1.0" encoding="UTF-8"?>

<rootTag>
  <Award>
    <AwardTitle>Collaborative Research: CoreWall - Integrated Environment for Interpretation of Geoscientific Data from Sediment and Crystalline Cores</AwardTitle>
    <AwardEffectiveDate>03/01/2006</AwardEffectiveDate>
    <AwardExpirationDate>02/28/2009</AwardExpirationDate>
    <AwardAmount>356663</AwardAmount>
    <AwardInstrument>
      <Value>Standard Grant</Value>
    </AwardInstrument>
    <Organization>
      <Code>06040204</Code>
      <Directorate>
        <LongName>Directorate For Geosciences</LongName>
      </Directorate>
      <Division>
        <LongName>Division Of Ocean Sciences</LongName>
      </Division>
    </Organization>
    <ProgramOfficer>
      <SignBlockName>Rodey Batiza</SignBlockName>
    </ProgramOfficer>
    <AbstractNarration>In broad collaboration with the IODP, ICDP, ice-core, limnogeology and paleolimnology research communities, the CoreWall Consortium (the LacCore at the U. of Minnesota, Borehole Research Group at the Lamont-Doherty Earth Observatory of Columbia University, Electronic Visualization Laboratory at U. of Illinois at Chicago, and INSTAAR at the U. of Colorado) will jointly develop CoreWall Suite, a real-time stratigraphic correlation, core description (CD) and data visualization system to be used by the marine, terrestrial and Antarctic science communities. The work model forged by the CoreWall Suite will significantly alter and enhance the current approaches used for core description and analysis of sediment and rock cores by providing an integrated environment for these activities, for both field and repository environments. In particular, the CoreWall Suite will incorporate the new NCLIP software, the updated version of CLIP (e.g.,Sagan and Splicer) that was developed by the Lamont group more than 10 years ago. The CoreWall Suite will be portable, able to work on a variety of display platforms such as laptops and tiled displays, hence allowing it to be used in the field, laboratory and individual office settings. This project entails a variety of significant broader impacts including involvement of undergraduate and graduate students. The CoreWall Suite will be useful for a variety of outreach activities as well as classroom use.</AbstractNarration>
    <MinAmdLetterDate>02/23/2006</MinAmdLetterDate>
    <MaxAmdLetterDate>05/09/2008</MaxAmdLetterDate>
    <ARRAAmount/>
    <AwardID>0602117</AwardID>
    <Investigator>
      <FirstName>Andrew</FirstName>
      <LastName>Johnson</LastName>
      <EmailAddress>ajohnson@uic.edu</EmailAddress>
      <StartDate>02/23/2006</StartDate>
      <EndDate/>
      <RoleCode>Co-Principal Investigator</RoleCode>
    </Investigator>
    <Investigator>
      <FirstName>Jason</FirstName>
      <LastName>Leigh</LastName>
      <EmailAddress>leighj@hawaii.edu</EmailAddress>
      <StartDate>02/23/2006</StartDate>
      <EndDate/>
      <RoleCode>Principal Investigator</RoleCode>
    </Investigator>
    <Investigator>
      <FirstName>Luc</FirstName>
      <LastName>Renambot</LastName>
      <EmailAddress>renambot@uic.edu</EmailAddress>
      <StartDate>02/23/2006</StartDate>
      <EndDate/>
      <RoleCode>Co-Principal Investigator</RoleCode>
    </Investigator>
    <Institution>
      <Name>University of Illinois at Chicago</Name>
      <CityName>Chicago</CityName>
      <ZipCode>606124305</ZipCode>
      <PhoneNumber>3129962862</PhoneNumber>
      <StreetAddress>809 S MARSHFIELD</StreetAddress>
      <CountryName>United States</CountryName>
      <StateName>Illinois</StateName>
      <StateCode>IL</StateCode>
    </Institution>
    <FoaInformation>
      <Code>0204000</Code>
      <Name>Oceanography</Name>
    </FoaInformation>
    <ProgramElement>
      <Code>5720</Code>
      <Text>OCEAN DRILLING PROGRAM</Text>
    </ProgramElement>
    <ProgramReference>
      <Code>0000</Code>
      <Text>UNASSIGNED</Text>
    </ProgramReference>
    <ProgramReference>
      <Code>OTHR</Code>
      <Text>OTHER RESEARCH OR EDUCATION</Text>
    </ProgramReference>
    <ProgramReference>
      <Code>9251</Code>
      <Text>RES EXPER FOR UNDERGRAD-SUPPLT</Text>
    </ProgramReference>
  </Award>
</rootTag>
