<?xml version="1.0" encoding="UTF-8"?>

<rootTag>
  <Award>
    <AwardTitle>Rational Points and Heights</AwardTitle>
    <AwardEffectiveDate>06/01/2006</AwardEffectiveDate>
    <AwardExpirationDate>05/31/2009</AwardExpirationDate>
    <AwardAmount>108680</AwardAmount>
    <AwardInstrument>
      <Value>Standard Grant</Value>
    </AwardInstrument>
    <Organization>
      <Code>03040200</Code>
      <Directorate>
        <LongName>Direct For Mathematical &amp; Physical Scien</LongName>
      </Directorate>
      <Division>
        <LongName>Division Of Mathematical Sciences</LongName>
      </Division>
    </Organization>
    <ProgramOfficer>
      <SignBlockName>Tie Luo</SignBlockName>
    </ProgramOfficer>
    <AbstractNarration>The project addresses questions in Arithmetic Algebraic Geometry.&lt;br/&gt;It is proposed to study the distribution of rational points on&lt;br/&gt;algebraic varieties over number fields, and to explore the interplay&lt;br/&gt;between global geometric invariants and arithmetic properties of&lt;br/&gt;varieties. The focus is on proving potential density for families&lt;br/&gt;of varieties, such as Fano varieties or Calabi-Yau varieties, and&lt;br/&gt;on establishing asymptotic formulas for the number of rational points&lt;br/&gt;of bounded height on equivariant compactifications of groups and &lt;br/&gt;homogeneous spaces.&lt;br/&gt;&lt;br/&gt;The proposed research ranges from&lt;br/&gt;explicit numerical experiments to advanced problems in&lt;br/&gt;modern and rapidly developing areas of mathematics.&lt;br/&gt;This work will have a broader impact on the education of students&lt;br/&gt;and training of young mathematicians, as there is a rich supply of&lt;br/&gt;concrete questions and examples, consolidating our understanding of the&lt;br/&gt;subject and leading to new structures.&lt;br/&gt;Increasingly, applications of Arithmetic Algebraic Geometry&lt;br/&gt;are spreading to vital areas of information storage, processing and&lt;br/&gt;transmission; these applications rely on further advances on&lt;br/&gt;fundamental problems to be addressed in this proposal.</AbstractNarration>
    <MinAmdLetterDate>04/03/2006</MinAmdLetterDate>
    <MaxAmdLetterDate>04/03/2006</MaxAmdLetterDate>
    <ARRAAmount/>
    <AwardID>0602333</AwardID>
    <Investigator>
      <FirstName>Yuri</FirstName>
      <LastName>Tschinkel</LastName>
      <EmailAddress>tschinkel@cims.nyu.edu</EmailAddress>
      <StartDate>04/03/2006</StartDate>
      <EndDate/>
      <RoleCode>Principal Investigator</RoleCode>
    </Investigator>
    <Institution>
      <Name>New York University</Name>
      <CityName>NEW YORK</CityName>
      <ZipCode>100121019</ZipCode>
      <PhoneNumber>2129982121</PhoneNumber>
      <StreetAddress>70 WASHINGTON SQUARE S</StreetAddress>
      <CountryName>United States</CountryName>
      <StateName>New York</StateName>
      <StateCode>NY</StateCode>
    </Institution>
    <FoaInformation>
      <Code>0000099</Code>
      <Name>Other Applications NEC</Name>
    </FoaInformation>
    <ProgramElement>
      <Code>1264</Code>
      <Text>ALGEBRA,NUMBER THEORY,AND COM</Text>
    </ProgramElement>
    <ProgramReference>
      <Code>0000</Code>
      <Text>UNASSIGNED</Text>
    </ProgramReference>
    <ProgramReference>
      <Code>OTHR</Code>
      <Text>OTHER RESEARCH OR EDUCATION</Text>
    </ProgramReference>
  </Award>
</rootTag>
