<?xml version="1.0" encoding="UTF-8"?>

<rootTag>
  <Award>
    <AwardTitle>RET Site: Teachers in the University Learning Engineering Research</AwardTitle>
    <AwardEffectiveDate>06/01/2006</AwardEffectiveDate>
    <AwardExpirationDate>05/31/2009</AwardExpirationDate>
    <AwardAmount>437847</AwardAmount>
    <AwardInstrument>
      <Value>Standard Grant</Value>
    </AwardInstrument>
    <Organization>
      <Code>07050000</Code>
      <Directorate>
        <LongName>Directorate For Engineering</LongName>
      </Directorate>
      <Division>
        <LongName>Div Of Engineering Education and Centers</LongName>
      </Division>
    </Organization>
    <ProgramOfficer>
      <SignBlockName>Mary Poats</SignBlockName>
    </ProgramOfficer>
    <AbstractNarration>This award provides funding for a 3 year standard award to support a Research Experiences for Teachers (RET) Site program at the University of Oklahoma entitled, "Teachers in the University Learning Engineering Research," under the direction of Dr. Hazem H. Refai. The goals of this program are to develop a successful model for: 1) engaging sixteen high school science and mathematics teachers in engineering research at the university level for six weeks during the summer; 2) assisting teachers with integrating their research experiences into authentic, inquiry-based curricula and using action research to evaluate their progress; and 3) building a sustainable network of teachers and faculty who will faciltliate these goals.</AbstractNarration>
    <MinAmdLetterDate>03/07/2006</MinAmdLetterDate>
    <MaxAmdLetterDate>07/28/2006</MaxAmdLetterDate>
    <ARRAAmount/>
    <AwardID>0602051</AwardID>
    <Investigator>
      <FirstName>Mark</FirstName>
      <LastName>Nanny</LastName>
      <EmailAddress>nanny@ou.edu</EmailAddress>
      <StartDate>03/07/2006</StartDate>
      <EndDate/>
      <RoleCode>Co-Principal Investigator</RoleCode>
    </Investigator>
    <Investigator>
      <FirstName>Hazem</FirstName>
      <LastName>Refai</LastName>
      <EmailAddress>hazem@ou.edu</EmailAddress>
      <StartDate>03/07/2006</StartDate>
      <EndDate/>
      <RoleCode>Principal Investigator</RoleCode>
    </Investigator>
    <Institution>
      <Name>University of Oklahoma Norman Campus</Name>
      <CityName>NORMAN</CityName>
      <ZipCode>730199705</ZipCode>
      <PhoneNumber>4053254757</PhoneNumber>
      <StreetAddress>201 Stephenson Parkway</StreetAddress>
      <CountryName>United States</CountryName>
      <StateName>Oklahoma</StateName>
      <StateCode>OK</StateCode>
    </Institution>
  </Award>
</rootTag>
