<?xml version="1.0" encoding="UTF-8"?>

<rootTag>
  <Award>
    <AwardTitle>Preservation of Lake Sediment Cores and Associated Data: Benefits of Proper Curation</AwardTitle>
    <AwardEffectiveDate>02/15/2006</AwardEffectiveDate>
    <AwardExpirationDate>01/31/2007</AwardExpirationDate>
    <AwardAmount>22457</AwardAmount>
    <AwardInstrument>
      <Value>Standard Grant</Value>
    </AwardInstrument>
    <Organization>
      <Code>06030202</Code>
      <Directorate>
        <LongName>Directorate For Geosciences</LongName>
      </Directorate>
      <Division>
        <LongName>Division Of Earth Sciences</LongName>
      </Division>
    </Organization>
    <ProgramOfficer>
      <SignBlockName>Russell C. Kelz</SignBlockName>
    </ProgramOfficer>
    <AbstractNarration>This grant supports a workshop focused on discussion of the desirability/attributes of a centralized lake core analysis and storage facility(ies) that would provide the maximum benefit to the U.S. paleoclimate community as well as the greater geoscience community. The workshop will be held in Salt Lake City on the campus of the University of Utah in March 2006 and will be advertised widely in advance. That significant progress in paleoenvironmental and paleoclimatic investigations may be gained by establishing: (1) long-term curation of and community access to lacustrine sediment cores, (2) easy access to information about existing cores, and (3) uniform protocols for core description and sample cataloging, will be topics/questions of discussion. The report of this workshop will assist Program in identifying the need for and, if so, the optimum characteristics of such a facility and may provide a context for a future call for competing proposals.</AbstractNarration>
    <MinAmdLetterDate>02/13/2006</MinAmdLetterDate>
    <MaxAmdLetterDate>02/13/2006</MaxAmdLetterDate>
    <ARRAAmount/>
    <AwardID>0602120</AwardID>
    <Investigator>
      <FirstName>Emi</FirstName>
      <LastName>Ito</LastName>
      <EmailAddress>eito@umn.edu</EmailAddress>
      <StartDate>02/13/2006</StartDate>
      <EndDate/>
      <RoleCode>Principal Investigator</RoleCode>
    </Investigator>
    <Investigator>
      <FirstName>Bryan</FirstName>
      <LastName>Shuman</LastName>
      <EmailAddress>bshuman@uwyo.edu</EmailAddress>
      <StartDate>02/13/2006</StartDate>
      <EndDate/>
      <RoleCode>Co-Principal Investigator</RoleCode>
    </Investigator>
    <Institution>
      <Name>University of Minnesota-Twin Cities</Name>
      <CityName>Minneapolis</CityName>
      <ZipCode>554552070</ZipCode>
      <PhoneNumber>6126245599</PhoneNumber>
      <StreetAddress>200 OAK ST SE</StreetAddress>
      <CountryName>United States</CountryName>
      <StateName>Minnesota</StateName>
      <StateCode>MN</StateCode>
    </Institution>
    <FoaInformation>
      <Code>0000099</Code>
      <Name>Other Applications NEC</Name>
    </FoaInformation>
    <ProgramElement>
      <Code>1580</Code>
      <Text>INSTRUMENTATION &amp; FACILITIES</Text>
    </ProgramElement>
    <ProgramReference>
      <Code>1307</Code>
      <Text>GEOSYSTEM DATABASES</Text>
    </ProgramReference>
    <ProgramReference>
      <Code>1322</Code>
      <Text>SEA LEVEL CHANGES</Text>
    </ProgramReference>
    <ProgramReference>
      <Code>1325</Code>
      <Text>WATER &amp; ENERGY: ATMO, VEG, EARTH</Text>
    </ProgramReference>
    <ProgramReference>
      <Code>EGCH</Code>
      <Text>ENVIRONMENT AND GLOBAL CHANGE</Text>
    </ProgramReference>
  </Award>
</rootTag>
