<?xml version="1.0" encoding="UTF-8"?>

<rootTag>
  <Award>
    <AwardTitle>Student Travel Support for the 2005 Internet Measurement Conference</AwardTitle>
    <AwardEffectiveDate>02/15/2006</AwardEffectiveDate>
    <AwardExpirationDate>01/31/2007</AwardExpirationDate>
    <AwardAmount>8425</AwardAmount>
    <AwardInstrument>
      <Value>Standard Grant</Value>
    </AwardInstrument>
    <Organization>
      <Code>05050000</Code>
      <Directorate>
        <LongName>Direct For Computer &amp; Info Scie &amp; Enginr</LongName>
      </Directorate>
      <Division>
        <LongName>Division Of Computer and Network Systems</LongName>
      </Division>
    </Organization>
    <ProgramOfficer>
      <SignBlockName>Sajal Das</SignBlockName>
    </ProgramOfficer>
    <AbstractNarration>The proposal will fund travel grants for students to attend the 2005 Internet Measurement Conference. Participation in the conference will help the students a great deal in their research.</AbstractNarration>
    <MinAmdLetterDate>01/25/2006</MinAmdLetterDate>
    <MaxAmdLetterDate>02/08/2006</MaxAmdLetterDate>
    <ARRAAmount/>
    <AwardID>0602217</AwardID>
    <Investigator>
      <FirstName>Bruce</FirstName>
      <LastName>Maggs</LastName>
      <EmailAddress>bmm@cs.duke.edu</EmailAddress>
      <StartDate>01/25/2006</StartDate>
      <EndDate/>
      <RoleCode>Principal Investigator</RoleCode>
    </Investigator>
    <Institution>
      <Name>Carnegie-Mellon University</Name>
      <CityName>PITTSBURGH</CityName>
      <ZipCode>152133815</ZipCode>
      <PhoneNumber>4122689527</PhoneNumber>
      <StreetAddress>5000 Forbes Avenue</StreetAddress>
      <CountryName>United States</CountryName>
      <StateName>Pennsylvania</StateName>
      <StateCode>PA</StateCode>
    </Institution>
    <FoaInformation>
      <Code>0000912</Code>
      <Name>Computer Science</Name>
    </FoaInformation>
  </Award>
</rootTag>
