<?xml version="1.0" encoding="UTF-8"?>

<rootTag>
  <Award>
    <AwardTitle>Collaborative Research: Establishment of a Climate Type-Section for the Tropical Atlantic from Cariaco Basin Sediments</AwardTitle>
    <AwardEffectiveDate>09/01/2006</AwardEffectiveDate>
    <AwardExpirationDate>08/31/2009</AwardExpirationDate>
    <AwardAmount>315996</AwardAmount>
    <AwardInstrument>
      <Value>Standard Grant</Value>
    </AwardInstrument>
    <Organization>
      <Code>06040205</Code>
      <Directorate>
        <LongName>Directorate For Geosciences</LongName>
      </Directorate>
      <Division>
        <LongName>Division Of Ocean Sciences</LongName>
      </Division>
    </Organization>
    <ProgramOfficer>
      <SignBlockName>Brian Midson</SignBlockName>
    </ProgramOfficer>
    <AbstractNarration>0602392&lt;br/&gt;&lt;br/&gt;Peterson/Thunell/Lea/Black&lt;br/&gt;&lt;br/&gt;The PIs will generate a high-resolution multi-proxy low-latitude sedimentary type section of climatic variability over the last glacial-interglacial cycle, using a composite of two new piston cores collected in Cariaco Basin. The objective is to create a tropical marine counterpart to high latitude ice cores such as GISPS and Vostok. The approach follows the recommendations of NRC that the marine community should produce high-quality records at key locations. Cariaco Basin is a key location, where the past changes in ITCZ are well represented. PIs from four institutions will work together to create the type-section of paleoclimate variability in the tropics and produce a suite of common paleoceanographic analyses, particularly in terms of inorganic indicators.&lt;br/&gt;&lt;br/&gt;Broader impacts: The high resolution record of this area will serve as the marine type locality for a broad community of paleoceanographers and paleoclimatologists and thus serve an important need, a capability that is currently lacking.</AbstractNarration>
    <MinAmdLetterDate>08/25/2006</MinAmdLetterDate>
    <MaxAmdLetterDate>07/22/2008</MaxAmdLetterDate>
    <ARRAAmount/>
    <AwardID>0602316</AwardID>
    <Investigator>
      <FirstName>Robert</FirstName>
      <LastName>Thunell</LastName>
      <EmailAddress>thunell@geol.sc.edu</EmailAddress>
      <StartDate>08/25/2006</StartDate>
      <EndDate/>
      <RoleCode>Principal Investigator</RoleCode>
    </Investigator>
    <Institution>
      <Name>University South Carolina Research Foundation</Name>
      <CityName>COLUMBIA</CityName>
      <ZipCode>292080001</ZipCode>
      <PhoneNumber>8037777093</PhoneNumber>
      <StreetAddress>1600 Hampton Street</StreetAddress>
      <CountryName>United States</CountryName>
      <StateName>South Carolina</StateName>
      <StateCode>SC</StateCode>
    </Institution>
    <FoaInformation>
      <Code>0204000</Code>
      <Name>Oceanography</Name>
    </FoaInformation>
    <ProgramElement>
      <Code>1620</Code>
      <Text>MARINE GEOLOGY AND GEOPHYSICS</Text>
    </ProgramElement>
    <ProgramReference>
      <Code>0000</Code>
      <Text>UNASSIGNED</Text>
    </ProgramReference>
    <ProgramReference>
      <Code>OTHR</Code>
      <Text>OTHER RESEARCH OR EDUCATION</Text>
    </ProgramReference>
  </Award>
</rootTag>
