<?xml version="1.0" encoding="UTF-8"?>

<rootTag>
  <Award>
    <AwardTitle>Biomedical Engineering - Innovation, Design and Entreneurship Alliance Meeting (BME-IDEA), Chicago, Illinois, October 11, 2006</AwardTitle>
    <AwardEffectiveDate>08/01/2006</AwardEffectiveDate>
    <AwardExpirationDate>07/31/2007</AwardExpirationDate>
    <AwardAmount>15000</AwardAmount>
    <AwardInstrument>
      <Value>Standard Grant</Value>
    </AwardInstrument>
    <Organization>
      <Code>07020000</Code>
      <Directorate>
        <LongName>Directorate For Engineering</LongName>
      </Directorate>
      <Division>
        <LongName>Div Of Chem, Bioeng, Env, &amp; Transp Sys</LongName>
      </Division>
    </Organization>
    <ProgramOfficer>
      <SignBlockName>Semahat S. Demir</SignBlockName>
    </ProgramOfficer>
    <AbstractNarration>Yock&lt;br/&gt;0602079&lt;br/&gt;&lt;br/&gt;The project will support the Biomedical Engineering - Innovation, Design and Entrepreneurship Alliance Meeting (BME-IDEA) in October 2006. The theme of the 2006 conference is Fostering Innovation - Opportunities for Biomedical Engineers to Address Clinical Needs in Underserved Populations in the US as well as Developing Countries. &lt;br/&gt;&lt;br/&gt;The alliance meeting is designed to collect and to share information and data about biomedical courses, curriculum, technology innovation, design, prototyping, testing, evaluation, entrepreneurship and associated social/ethical issues. These alliance meetings impact the education for biomedical engineering innovation.&lt;br/&gt;&lt;br/&gt;The alliance meeting goals are: &lt;br/&gt;1) Continue collecting data from different university programs involved in innovation, design, technology transfer and entrepreneurship in biomedical engineering.&lt;br/&gt;2) Discuss objectives, challenges, and opportunities for further development of these programs including industry and academic perspectives.&lt;br/&gt;3) Continue to explore the potential for sharing resources and creating community-wide assets and tools and recruit participants in the existing collaborative efforts (e.g. bmesource web portal, the design contest, IP survey)</AbstractNarration>
    <MinAmdLetterDate>07/26/2006</MinAmdLetterDate>
    <MaxAmdLetterDate>07/26/2006</MaxAmdLetterDate>
    <ARRAAmount/>
    <AwardID>0602079</AwardID>
    <Investigator>
      <FirstName>Paul</FirstName>
      <LastName>Yock</LastName>
      <EmailAddress>paul.yock@stanford.edu</EmailAddress>
      <StartDate>07/26/2006</StartDate>
      <EndDate/>
      <RoleCode>Principal Investigator</RoleCode>
    </Investigator>
    <Institution>
      <Name>Stanford University</Name>
      <CityName>Palo Alto</CityName>
      <ZipCode>943041212</ZipCode>
      <PhoneNumber>6507232300</PhoneNumber>
      <StreetAddress>3160 Porter Drive</StreetAddress>
      <CountryName>United States</CountryName>
      <StateName>California</StateName>
      <StateCode>CA</StateCode>
    </Institution>
    <FoaInformation>
      <Code>0000099</Code>
      <Name>Other Applications NEC</Name>
    </FoaInformation>
  </Award>
</rootTag>
