<?xml version="1.0" encoding="UTF-8"?>

<rootTag>
  <Award>
    <AwardTitle>In Search of Past Analogs to the Current Interglacial: MIS 11 Climate Record</AwardTitle>
    <AwardEffectiveDate>08/01/2006</AwardEffectiveDate>
    <AwardExpirationDate>07/31/2009</AwardExpirationDate>
    <AwardAmount>76666</AwardAmount>
    <AwardInstrument>
      <Value>Standard Grant</Value>
    </AwardInstrument>
    <Organization>
      <Code>06030000</Code>
      <Directorate>
        <LongName>Directorate For Geosciences</LongName>
      </Directorate>
      <Division>
        <LongName>Division Of Earth Sciences</LongName>
      </Division>
    </Organization>
    <ProgramOfficer>
      <SignBlockName>Paul E Filmer</SignBlockName>
    </ProgramOfficer>
    <AbstractNarration>This grant supports the development of millennial-scale resolution records from Lake Baikal in continental Eurasia. These sediments are of age Marine Isotope Stage (MIS) 11, an interglacial period considered the closest analog to the elapsed portion of the Holocene and possibly to global climate of the future based on similar orbital configurations of the Earth now and then. Because of this similarity, understanding MIS 11 climate and being able to simulate climatic characteristics of MIS 11 using modern climatic models is essential to improve our ability to predict future climate.&lt;br/&gt;This project addresses the first challenge (to advance our understanding of MIS 11 climate in the Northern Hemisphere) by developing a new MIS 11 record using the archived sediments from Lake Baikal drill cores, representing arguably the best continuous multi-proxy records from continental Eurasia. The main focus will be detailed palynological (pollen) and diatom records, supplemented by organic carbon and nitrogen proxies from the latest drill core, which contains an almost 7-meter continuous section of the MIS 11 interval. This remarkably thick section, with a robust age model based on paleomagnetic event/reversal scale, orbital tuning and basin-wide diatom biostratigraphy, makes it perhaps the best MIS 11 archive in continental Eurasia. The project will explore three important aspects of the MIS 11 interglacial:&lt;br/&gt;1) Do the new detailed multi-proxy records support existing preliminary evidence for interglacial climate variability during MIS 11?&lt;br/&gt;2) Was MIS 11 (or any part of it) warmer and/or more humid than the Holocene?&lt;br/&gt;3) Does the climatic trend in continental Asia during the mid-Brunhes reinforce or weaken the MIS 11/Holocene analogy?&lt;br/&gt;The project will increase spatial coverage of MIS 11 in the Northern Hemisphere (continental MIS 11 records are sparse) and provide new data on warmth and stability of MIS 11 interglacial climate. The project will also test which of the direct MIS 11/Holocene analogies are reliable in the context of mid-Pleistocene climatic trend. In addition, results will provide new important implications for Pleistocene stratigraphy in Eurasia and for terrestrial productivity, carbon export and storage linked with changing vegetation/biome types. Work will be carried out in collaboration with institutions in Russia and Belarus.</AbstractNarration>
    <MinAmdLetterDate>08/02/2006</MinAmdLetterDate>
    <MaxAmdLetterDate>08/02/2006</MaxAmdLetterDate>
    <ARRAAmount/>
    <AwardID>0602309</AwardID>
    <Investigator>
      <FirstName>Alexander</FirstName>
      <LastName>Prokopenko</LastName>
      <EmailAddress>sasha@geol.sc.edu</EmailAddress>
      <StartDate>08/02/2006</StartDate>
      <EndDate/>
      <RoleCode>Principal Investigator</RoleCode>
    </Investigator>
    <Institution>
      <Name>University South Carolina Research Foundation</Name>
      <CityName>COLUMBIA</CityName>
      <ZipCode>292080001</ZipCode>
      <PhoneNumber>8037777093</PhoneNumber>
      <StreetAddress>1600 Hampton Street</StreetAddress>
      <CountryName>United States</CountryName>
      <StateName>South Carolina</StateName>
      <StateCode>SC</StateCode>
    </Institution>
    <FoaInformation>
      <Code>0000099</Code>
      <Name>Other Applications NEC</Name>
    </FoaInformation>
    <ProgramElement>
      <Code>1577</Code>
      <Text>GLOBAL CHANGE</Text>
    </ProgramElement>
    <ProgramReference>
      <Code>0000</Code>
      <Text>UNASSIGNED</Text>
    </ProgramReference>
    <ProgramReference>
      <Code>1304</Code>
      <Text>EARTH SYSTEM HISTORY</Text>
    </ProgramReference>
    <ProgramReference>
      <Code>OTHR</Code>
      <Text>OTHER RESEARCH OR EDUCATION</Text>
    </ProgramReference>
    <ProgramReference>
      <Code>EGCH</Code>
      <Text>ENVIRONMENT AND GLOBAL CHANGE</Text>
    </ProgramReference>
  </Award>
</rootTag>
