<?xml version="1.0" encoding="UTF-8"?>

<rootTag>
  <Award>
    <AwardTitle>Activation of Oxygen: Mechanistic Aspects of Electron Transfer and Atom Transfer</AwardTitle>
    <AwardEffectiveDate>02/01/2006</AwardEffectiveDate>
    <AwardExpirationDate>04/30/2012</AwardExpirationDate>
    <AwardAmount>654000</AwardAmount>
    <AwardInstrument>
      <Value>Continuing grant</Value>
    </AwardInstrument>
    <Organization>
      <Code>03090005</Code>
      <Directorate>
        <LongName>Direct For Mathematical &amp; Physical Scien</LongName>
      </Directorate>
      <Division>
        <LongName>Division Of Chemistry</LongName>
      </Division>
    </Organization>
    <ProgramOfficer>
      <SignBlockName>Timothy E. Patten</SignBlockName>
    </ProgramOfficer>
    <AbstractNarration>This award by the Inorganic, Bioinorganic and Organometallic Chemistry Program to Professor Andreja Bakac of Iowa State University is to support research on the development of new methods for generating aqueous chromium(V) ions, to examine the reactivity of oxygen atoms in solution, and to carry out studies on the formation and reactivity of intermediates generated from chromium(II) complexes and molecular oxygen. In a general sense, all of these topics deal with various aspects of oxygen activation and mechanistic oxidative chemistry. The work is expected to produce crucial kinetic data and insight into the reaction mechanisms. The intellectual merit of the proposed research thus lies in the expected contribution to the fundamental understanding of oxygen activation by thermal and photochemical means. The broader impacts of this proposal include the education and training of undergraduate and graduate students and postdoctoral associates. Additionally, mechanistic studies on oxygen activation provide a basis for the development of catalytic processes utilizing molecular oxygen in more environmentally benign reactions. Such chemistry also plays a major role in biological systems owing to the constant and complex interactions between molecular oxygen, metal complexes, and organic matter.</AbstractNarration>
    <MinAmdLetterDate>12/30/2005</MinAmdLetterDate>
    <MaxAmdLetterDate>01/06/2010</MaxAmdLetterDate>
    <ARRAAmount/>
    <AwardID>0602183</AwardID>
    <Investigator>
      <FirstName>Andreja</FirstName>
      <LastName>Bakac</LastName>
      <EmailAddress>bakac@ameslab.gov</EmailAddress>
      <StartDate>12/30/2005</StartDate>
      <EndDate/>
      <RoleCode>Principal Investigator</RoleCode>
    </Investigator>
    <Institution>
      <Name>Iowa State University</Name>
      <CityName>AMES</CityName>
      <ZipCode>500112207</ZipCode>
      <PhoneNumber>5152945225</PhoneNumber>
      <StreetAddress>1138 Pearson</StreetAddress>
      <CountryName>United States</CountryName>
      <StateName>Iowa</StateName>
      <StateCode>IA</StateCode>
    </Institution>
  </Award>
</rootTag>
