<?xml version="1.0" encoding="UTF-8"?>

<rootTag>
  <Award>
    <AwardTitle>Collaborative Research: Climate Model Tests of the Early Anthropogenic Hypothesis</AwardTitle>
    <AwardEffectiveDate>05/01/2006</AwardEffectiveDate>
    <AwardExpirationDate>04/30/2010</AwardExpirationDate>
    <AwardAmount>199568</AwardAmount>
    <AwardInstrument>
      <Value>Continuing grant</Value>
    </AwardInstrument>
    <Organization>
      <Code>06020108</Code>
      <Directorate>
        <LongName>Directorate For Geosciences</LongName>
      </Directorate>
      <Division>
        <LongName>Div Atmospheric &amp; Geospace Sciences</LongName>
      </Division>
    </Organization>
    <ProgramOfficer>
      <SignBlockName>David J. Verardo</SignBlockName>
    </ProgramOfficer>
    <AbstractNarration>The aim of the project is to conduct a series of modeling experiments using the NCAR CCSM3 model (with ocean, sea ice, and vegetation modules) to further investigate the Early Anthropogenic Hypothesis (EAH). This hypothesis has captured the attention of the scientific community because it argues that humans began altering the Earths climate long before the industrial period so much so that early anthropogenic activities supplanted a natural climatic cooling trend with a warming trend. The research is transformational in nature because it provides for a potential paradigm shift in evaluating and understanding the interplay of humans and climate.</AbstractNarration>
    <MinAmdLetterDate>05/03/2006</MinAmdLetterDate>
    <MaxAmdLetterDate>05/30/2007</MaxAmdLetterDate>
    <ARRAAmount/>
    <AwardID>0602270</AwardID>
    <Investigator>
      <FirstName>John</FirstName>
      <LastName>Kutzbach</LastName>
      <EmailAddress>jek@facstaff.wisc.edu</EmailAddress>
      <StartDate>05/03/2006</StartDate>
      <EndDate/>
      <RoleCode>Co-Principal Investigator</RoleCode>
    </Investigator>
    <Investigator>
      <FirstName>Stephen</FirstName>
      <LastName>Vavrus</LastName>
      <EmailAddress>sjvavrus@wisc.edu</EmailAddress>
      <StartDate>05/03/2006</StartDate>
      <EndDate/>
      <RoleCode>Principal Investigator</RoleCode>
    </Investigator>
    <Institution>
      <Name>University of Wisconsin-Madison</Name>
      <CityName>MADISON</CityName>
      <ZipCode>537151218</ZipCode>
      <PhoneNumber>6082623822</PhoneNumber>
      <StreetAddress>21 North Park Street</StreetAddress>
      <CountryName>United States</CountryName>
      <StateName>Wisconsin</StateName>
      <StateCode>WI</StateCode>
    </Institution>
    <FoaInformation>
      <Code>0000099</Code>
      <Name>Other Applications NEC</Name>
    </FoaInformation>
  </Award>
</rootTag>
