<?xml version="1.0" encoding="UTF-8"?>

<rootTag>
  <Award>
    <AwardTitle>A large, homogeneous open cluster white dwarf sample</AwardTitle>
    <AwardEffectiveDate>09/01/2006</AwardEffectiveDate>
    <AwardExpirationDate>08/31/2009</AwardExpirationDate>
    <AwardAmount>206000</AwardAmount>
    <AwardInstrument>
      <Value>Fellowship</Value>
    </AwardInstrument>
    <Organization>
      <Code>03020000</Code>
      <Directorate>
        <LongName>Direct For Mathematical &amp; Physical Scien</LongName>
      </Directorate>
      <Division>
        <LongName>Division Of Astronomical Sciences</LongName>
      </Division>
    </Organization>
    <ProgramOfficer>
      <SignBlockName>joan schmelz</SignBlockName>
    </ProgramOfficer>
    <AbstractNarration>AST-0602288&lt;br/&gt;Williams, Kurtis&lt;br/&gt;&lt;br/&gt;Dr. Williams is awarded an NSF Astronomy and Astrophysics Postdoctoral Fellowship to carry out a program of research and education at the University of Texas-Austin. Dr. Williams will develop and analyze a large sample of open cluster white dwarfs in order to meet the following research goals: (1) to compile a sample of &gt;100 open cluster white dwarfs with progenitor masses greater than 1Msolar, (2) to determine a precise initial-final mass relation using a selected sub-sample of white dwarfs, (3) to determine the lower-mass limit of core-collapse supernova progenitors, (4) to determine the ratio of DB-to-DA (helium-rich-atmosphere to hydrogen-atmosphere) white dwarfs, and (5) to determine the cause of the observed white dwarf deficit in open clusters. These goals will be met through the obtaining of accurate proper motions of stars in open cluster fields to V22, with follow-up spectroscopy on large telescopes to identify and classify the white dwarfs and to determine precise masses and cooling times for the selected sub-sample.&lt;br/&gt;&lt;br/&gt;Dr. Williams will also participate in an existing continuing-education workshop for science teachers from across the southwestern U.S., with an emphasis on teachers from rural regions in which students are primarily from underrepresented groups and lower-class families. Dr. Williams will also maintain a weblog aimed at explaining astronomy news and research to the general public.</AbstractNarration>
    <MinAmdLetterDate>04/14/2006</MinAmdLetterDate>
    <MaxAmdLetterDate>07/16/2008</MaxAmdLetterDate>
    <ARRAAmount/>
    <AwardID>0602288</AwardID>
    <Investigator>
      <FirstName>Kurtis</FirstName>
      <LastName>Williams</LastName>
      <EmailAddress/>
      <StartDate>04/14/2006</StartDate>
      <EndDate/>
      <RoleCode>Principal Investigator</RoleCode>
    </Investigator>
    <Institution>
      <Name>Williams Kurtis A</Name>
      <CityName>Austin</CityName>
      <ZipCode>787120259</ZipCode>
      <PhoneNumber/>
      <StreetAddress/>
      <CountryName>United States</CountryName>
      <StateName>Texas</StateName>
      <StateCode>TX</StateCode>
    </Institution>
    <ProgramElement>
      <Code>1609</Code>
      <Text>NSF ASTRON &amp; ASTROPHY PSTDC FE</Text>
    </ProgramElement>
    <ProgramReference>
      <Code>0000</Code>
      <Text>UNASSIGNED</Text>
    </ProgramReference>
    <ProgramReference>
      <Code>1207</Code>
      <Text>OBSERVATIONAL ASTRONOMY</Text>
    </ProgramReference>
    <ProgramReference>
      <Code>OTHR</Code>
      <Text>OTHER RESEARCH OR EDUCATION</Text>
    </ProgramReference>
  </Award>
</rootTag>
