<?xml version="1.0" encoding="UTF-8"?>

<rootTag>
  <Award>
    <AwardTitle>Abrupt Climate Change During the Last Interglacial: Testing a New Approach to U-Series Coral Dating and Sea-Level Reconstruction</AwardTitle>
    <AwardEffectiveDate>07/01/2006</AwardEffectiveDate>
    <AwardExpirationDate>06/30/2010</AwardExpirationDate>
    <AwardAmount>300955</AwardAmount>
    <AwardInstrument>
      <Value>Standard Grant</Value>
    </AwardInstrument>
    <Organization>
      <Code>06040205</Code>
      <Directorate>
        <LongName>Directorate For Geosciences</LongName>
      </Directorate>
      <Division>
        <LongName>Division Of Ocean Sciences</LongName>
      </Division>
    </Organization>
    <ProgramOfficer>
      <SignBlockName>Bilal U. Haq</SignBlockName>
    </ProgramOfficer>
    <AbstractNarration>Abrupt Climate change during the Last Interglacial: Testing a new approach to U-series coral dating and sea level reconstruction.&lt;br/&gt;&lt;br/&gt;Abstract&lt;br/&gt;&lt;br/&gt;The objectives of this project are twofold: First, we will test a promising new approach to U/Th coral dating and sea level reconstruction. Second, we will test an emerging hypothesis that sea level during the last interglacial was quite variable. The most pressing problem in U/Th dating of older fossil corals is a well-documented disturbance of the U-series isotopes that are used for dating, thereby creating a paucity of specimens for analysis. Recent advances in U/Th dating of corals suggest that it is possible to correct for these disturbances, thereby producing coherent and reproducible results. Sea level reconstructions using corrected ages suggest that last interglacial sea level was more variable that previously thought. If these implied sea-level oscillations are in fact real, it has serious implications regarding the stability of our present climate and requires a rethinking of proposed mechanisms for rapid climate change. In this proposal, we will conduct high-resolution sampling of outcrops of last interglacial fossil reefs at Barbados, the Bahamas, and Western Australia in order to analyze the age reproducibility of corals within and between samples. Agreement of ages within stratigraphic layers will provide strong support for their accuracy and differences will help define the limits and precision of the method. Discrepancies within and between individual records will guide future efforts in sea-level reconstruction. If this new approach proves robust, it will lead to significant improvements in sea level chronologies for the past 600,000 years and will provide a more complete database for future research on the mechanisms and ice sheet response to rapid climate change. This project will fund a new PI and will involve undergraduates from Smith College and Wooster College of Ohio in sampling and mapping fieldwork.</AbstractNarration>
    <MinAmdLetterDate>06/06/2006</MinAmdLetterDate>
    <MaxAmdLetterDate>06/29/2007</MaxAmdLetterDate>
    <ARRAAmount/>
    <AwardID>0602383</AwardID>
    <Investigator>
      <FirstName>Jerry</FirstName>
      <LastName>McManus</LastName>
      <EmailAddress>jmcmanus@whoi.edu</EmailAddress>
      <StartDate>06/06/2006</StartDate>
      <EndDate>06/29/2007</EndDate>
      <RoleCode>Former Co-Principal Investigator</RoleCode>
    </Investigator>
    <Investigator>
      <FirstName>William</FirstName>
      <LastName>Thompson</LastName>
      <EmailAddress>wthompson@whoi.edu</EmailAddress>
      <StartDate>06/06/2006</StartDate>
      <EndDate/>
      <RoleCode>Principal Investigator</RoleCode>
    </Investigator>
    <Institution>
      <Name>Woods Hole Oceanographic Institution</Name>
      <CityName>WOODS HOLE</CityName>
      <ZipCode>025431041</ZipCode>
      <PhoneNumber>5082893542</PhoneNumber>
      <StreetAddress>183 OYSTER POND ROAD</StreetAddress>
      <CountryName>United States</CountryName>
      <StateName>Massachusetts</StateName>
      <StateCode>MA</StateCode>
    </Institution>
    <FoaInformation>
      <Code>0204000</Code>
      <Name>Oceanography</Name>
    </FoaInformation>
  </Award>
</rootTag>
