<?xml version="1.0" encoding="UTF-8"?>

<rootTag>
  <Award>
    <AwardTitle>GRADUATE RESEARCH FELLOWSHIPS</AwardTitle>
    <AwardEffectiveDate>11/01/2005</AwardEffectiveDate>
    <AwardExpirationDate>10/31/2010</AwardExpirationDate>
    <AwardAmount>121500</AwardAmount>
    <AwardInstrument>
      <Value>Fellowship</Value>
    </AwardInstrument>
    <Organization>
      <Code>11010101</Code>
      <Directorate>
        <LongName>Direct For Education and Human Resources</LongName>
      </Directorate>
      <Division>
        <LongName>Division Of Graduate Education</LongName>
      </Division>
    </Organization>
    <ProgramOfficer>
      <SignBlockName>Gisele T. Muller-Parker</SignBlockName>
    </ProgramOfficer>
    <AbstractNarration/>
    <MinAmdLetterDate>11/29/2005</MinAmdLetterDate>
    <MaxAmdLetterDate>12/09/2008</MaxAmdLetterDate>
    <ARRAAmount/>
    <AwardID>0602145</AwardID>
    <Investigator>
      <FirstName>None</FirstName>
      <LastName>None</LastName>
      <EmailAddress/>
      <StartDate>11/29/2005</StartDate>
      <EndDate/>
      <RoleCode>Principal Investigator</RoleCode>
    </Investigator>
    <Institution>
      <Name>Saint Louis University</Name>
      <CityName>St Louis</CityName>
      <ZipCode>631032006</ZipCode>
      <PhoneNumber>3149773925</PhoneNumber>
      <StreetAddress>221 N. Grand Blvd.</StreetAddress>
      <CountryName>United States</CountryName>
      <StateName>Missouri</StateName>
      <StateCode>MO</StateCode>
    </Institution>
    <FoaInformation>
      <Code>0000099</Code>
      <Name>Other Applications NEC</Name>
    </FoaInformation>
  </Award>
</rootTag>
