<?xml version="1.0" encoding="UTF-8"?>

<rootTag>
  <Award>
    <AwardTitle>Black Hole Weather: Observing it, Predicting it, and Sharing it</AwardTitle>
    <AwardEffectiveDate>09/01/2006</AwardEffectiveDate>
    <AwardExpirationDate>04/30/2009</AwardExpirationDate>
    <AwardAmount>104650</AwardAmount>
    <AwardInstrument>
      <Value>Fellowship</Value>
    </AwardInstrument>
    <Organization>
      <Code>03020000</Code>
      <Directorate>
        <LongName>Direct For Mathematical &amp; Physical Scien</LongName>
      </Directorate>
      <Division>
        <LongName>Division Of Astronomical Sciences</LongName>
      </Division>
    </Organization>
    <ProgramOfficer>
      <SignBlockName>Dana Lehr</SignBlockName>
    </ProgramOfficer>
    <AbstractNarration>AST-0602259&lt;br/&gt;Rothstein, David&lt;br/&gt;&lt;br/&gt;Dr. Rothstein is awarded an NSF Astronomy and Astrophysics Postdoctoral Fellowship to carry out a program of research and education at Cornell University. Dr. Rothstein will conduct a unique synthesis of theory and observation in order to answer the following question: How well can we predict the weather around a black hole? Recent observations of the accretion disks and jets surrounding stellar-mass black holes have yielded many details about the various states that these objects can be in, but comparatively little is known about what triggers the transitions between these states, or the weather. These transitions are the key to understanding the formation of jets around black holes and other astrophysical objects, and they are therefore of great interest. Dr. Rothstein will work with the U.S.-Russia Collaboration in Plasma Astrophysics at Cornell University to synthesize observational data on GRS 1915+105 and other black hole candidates, search it for patterns that can be used to predict the weather, and compare it directly to weather forecasts made from one- and two-dimensional simulations, in order to understand the evolution of the anomalous viscosity that drives accretion in these objects and its relationship to the formation of jets. The results of this synthesis will be placed on an interactive website that will be of interest to the research community and the public at large.&lt;br/&gt;&lt;br/&gt;Dr. Rothstein will also draw on his experience working with school districts in upstate New York to begin the development of an education website that allows teachers to share lesson plans with each other, and he will work with teachers on classroom projects in physics and astronomy that can be put on this website.</AbstractNarration>
    <MinAmdLetterDate>04/14/2006</MinAmdLetterDate>
    <MaxAmdLetterDate>08/03/2009</MaxAmdLetterDate>
    <ARRAAmount/>
    <AwardID>0602259</AwardID>
    <Investigator>
      <FirstName>David</FirstName>
      <LastName>Rothstein</LastName>
      <EmailAddress/>
      <StartDate>04/14/2006</StartDate>
      <EndDate/>
      <RoleCode>Principal Investigator</RoleCode>
    </Investigator>
    <Institution>
      <Name>Rothstein, David M</Name>
      <CityName>Ithaca</CityName>
      <ZipCode>148536801</ZipCode>
      <PhoneNumber/>
      <StreetAddress/>
      <CountryName>United States</CountryName>
      <StateName>New York</StateName>
      <StateCode>NY</StateCode>
    </Institution>
    <ProgramElement>
      <Code>1609</Code>
      <Text>NSF ASTRON &amp; ASTROPHY PSTDC FE</Text>
    </ProgramElement>
    <ProgramReference>
      <Code>0000</Code>
      <Text>UNASSIGNED</Text>
    </ProgramReference>
    <ProgramReference>
      <Code>1206</Code>
      <Text>THEORETICAL &amp; COMPUTATIONAL ASTROPHYSICS</Text>
    </ProgramReference>
    <ProgramReference>
      <Code>1207</Code>
      <Text>OBSERVATIONAL ASTRONOMY</Text>
    </ProgramReference>
    <ProgramReference>
      <Code>OTHR</Code>
      <Text>OTHER RESEARCH OR EDUCATION</Text>
    </ProgramReference>
  </Award>
</rootTag>
