<?xml version="1.0" encoding="UTF-8"?>

<rootTag>
  <Award>
    <AwardTitle>Collaborative Research: Holocene Shell Accumulation from the Southeast Brazilian Bight: Multi-Centennial Dynamics of Oceanographic, Environmental, and Ecological Changes</AwardTitle>
    <AwardEffectiveDate>07/01/2006</AwardEffectiveDate>
    <AwardExpirationDate>06/30/2010</AwardExpirationDate>
    <AwardAmount>219290</AwardAmount>
    <AwardInstrument>
      <Value>Standard Grant</Value>
    </AwardInstrument>
    <Organization>
      <Code>06040205</Code>
      <Directorate>
        <LongName>Directorate For Geosciences</LongName>
      </Directorate>
      <Division>
        <LongName>Division Of Ocean Sciences</LongName>
      </Division>
    </Organization>
    <ProgramOfficer>
      <SignBlockName>Bilal U. Haq</SignBlockName>
    </ProgramOfficer>
    <AbstractNarration>Abstract&lt;br/&gt;&lt;br/&gt;Collaborative Research: Holocene Shell Accumulation from the Southeast Brazilian Bight: Multi-Centennial Dynamics of Oceanographic, Environmental, and Ecological Changes&lt;br/&gt;&lt;br/&gt;This study will assess the Holocene dynamics of oceanographic processes on the Southeast Brazilian Bight (western South Atlantic), a region affected by a western boundary equatorial current, ENSO/SOI-related coastal runoffs, and shelf-break and coastal upwelling events. The PIs will exploit advances in AAR (reverse-phase HPLC for analyzing sub-milligram shell aliquots for asparitic acid D/L ratios) and automated sampling/analytical techniques, to develop multiple stable isotope and elemental time-series of dated brachiopods and bivalves from time-averaged shell accumulation sites across the inner shelf, outer shelf, and continental slope of the Southeast Brazilian Bight. The objectives of this project will be to evaluate multi-centennial to multi-millennial changes in (1) the frequency of short-term events (ENSO/SOI, upwelling); (2) the strength and position of the South Brazil Current; and (3) shellfish bio-productivity in order to evaluate hypotheses regarding the long-term stability of heat-transfer by ocean currents, changes in frequency of ENSO-related coastal runoff in the South Atlantic, and volatility of shelf-break and coastal upwelling as they respond to global-scale climatic processes. This research will support a post-doctoral scientist, involve students and generate new international synergies. This project was co-funded with support from the Office of International Science and Engineering.</AbstractNarration>
    <MinAmdLetterDate>05/23/2006</MinAmdLetterDate>
    <MaxAmdLetterDate>05/23/2006</MaxAmdLetterDate>
    <ARRAAmount/>
    <AwardID>0602375</AwardID>
    <Investigator>
      <FirstName>Michal</FirstName>
      <LastName>Kowalewski</LastName>
      <EmailAddress>mkowalewski@flmnh.ufl.edu</EmailAddress>
      <StartDate>05/23/2006</StartDate>
      <EndDate/>
      <RoleCode>Principal Investigator</RoleCode>
    </Investigator>
    <Institution>
      <Name>Virginia Polytechnic Institute and State University</Name>
      <CityName>BLACKSBURG</CityName>
      <ZipCode>240610001</ZipCode>
      <PhoneNumber>5402315281</PhoneNumber>
      <StreetAddress>Sponsored Programs 0170</StreetAddress>
      <CountryName>United States</CountryName>
      <StateName>Virginia</StateName>
      <StateCode>VA</StateCode>
    </Institution>
    <FoaInformation>
      <Code>0204000</Code>
      <Name>Oceanography</Name>
    </FoaInformation>
    <ProgramElement>
      <Code>1620</Code>
      <Text>MARINE GEOLOGY AND GEOPHYSICS</Text>
    </ProgramElement>
    <ProgramElement>
      <Code>7298</Code>
      <Text>COLLABORATIVE RESEARCH</Text>
    </ProgramElement>
    <ProgramReference>
      <Code>0000</Code>
      <Text>UNASSIGNED</Text>
    </ProgramReference>
    <ProgramReference>
      <Code>5913</Code>
      <Text>BRAZIL</Text>
    </ProgramReference>
    <ProgramReference>
      <Code>5977</Code>
      <Text>AMERICAS PROGRAM</Text>
    </ProgramReference>
    <ProgramReference>
      <Code>OTHR</Code>
      <Text>OTHER RESEARCH OR EDUCATION</Text>
    </ProgramReference>
  </Award>
</rootTag>
