<?xml version="1.0" encoding="UTF-8"?>

<rootTag>
  <Award>
    <AwardTitle>Collaborative Research: Conformal Quantum Mechanics---From the Near-Horizon Characterization of Black Hole Thermodynamics to Renormalization and Path Integral Techniques</AwardTitle>
    <AwardEffectiveDate>06/01/2006</AwardEffectiveDate>
    <AwardExpirationDate>05/31/2009</AwardExpirationDate>
    <AwardAmount>28305</AwardAmount>
    <AwardInstrument>
      <Value>Continuing grant</Value>
    </AwardInstrument>
    <Organization>
      <Code>03010000</Code>
      <Directorate>
        <LongName>Direct For Mathematical &amp; Physical Scien</LongName>
      </Directorate>
      <Division>
        <LongName>Division Of Physics</LongName>
      </Division>
    </Organization>
    <ProgramOfficer>
      <SignBlockName>Keith R. Dienes</SignBlockName>
    </ProgramOfficer>
    <AbstractNarration>This proposal requests support for a continuing program of collaborative research in conformal quantum mechanics and its role in black hole thermodynamics. The aim is to obtain a definitive characterization of the thermodynamics and Hawking radiation for a large class of black holes using the near-horizon confromal symmetry in two dimensions. &lt;br/&gt;&lt;br/&gt;The broader impacts of this proposal include the training of students in theoretical physics and broadening the participation of under-represented groups, especially students from the Hispanic community and female students in physics.</AbstractNarration>
    <MinAmdLetterDate>05/30/2006</MinAmdLetterDate>
    <MaxAmdLetterDate>04/23/2008</MaxAmdLetterDate>
    <ARRAAmount/>
    <AwardID>0602340</AwardID>
    <Investigator>
      <FirstName>Horacio</FirstName>
      <LastName>Camblong</LastName>
      <EmailAddress>camblong@usfca.edu</EmailAddress>
      <StartDate>05/30/2006</StartDate>
      <EndDate/>
      <RoleCode>Principal Investigator</RoleCode>
    </Investigator>
    <Institution>
      <Name>University of San Francisco</Name>
      <CityName>San Francisco</CityName>
      <ZipCode>941171080</ZipCode>
      <PhoneNumber>4154225203</PhoneNumber>
      <StreetAddress>Contracts and Grants</StreetAddress>
      <CountryName>United States</CountryName>
      <StateName>California</StateName>
      <StateCode>CA</StateCode>
    </Institution>
    <FoaInformation>
      <Code>0000099</Code>
      <Name>Other Applications NEC</Name>
    </FoaInformation>
    <ProgramElement>
      <Code>1286</Code>
      <Text>Elem. Particle Physics/Theory</Text>
    </ProgramElement>
    <ProgramReference>
      <Code>0000</Code>
      <Text>UNASSIGNED</Text>
    </ProgramReference>
    <ProgramReference>
      <Code>OTHR</Code>
      <Text>OTHER RESEARCH OR EDUCATION</Text>
    </ProgramReference>
  </Award>
</rootTag>
