<?xml version="1.0" encoding="UTF-8"?>

<rootTag>
  <Award>
    <AwardTitle>Purchase of a SQUID Magnetometer</AwardTitle>
    <AwardEffectiveDate>08/01/1997</AwardEffectiveDate>
    <AwardExpirationDate>07/31/1998</AwardExpirationDate>
    <AwardAmount>85700</AwardAmount>
    <AwardInstrument>
      <Value>Standard Grant</Value>
    </AwardInstrument>
    <Organization>
      <Code>03090002</Code>
      <Directorate>
        <LongName>Direct For Mathematical &amp; Physical Scien</LongName>
      </Directorate>
      <Division>
        <LongName>Division Of Chemistry</LongName>
      </Division>
    </Organization>
    <ProgramOfficer>
      <SignBlockName>Joan M. Frye</SignBlockName>
    </ProgramOfficer>
    <AbstractNarration>This award from the Chemistry Research Instrumentation and Facilities (CRIF) Program will assist the Department of Chemistry at the University of South Carolina acquire a superconducting quantum interference device (SQUID) magnetometer. This equipment will enhance research on materials ranging from new superconducting fullerides, to novel transition metal nitrides, to low-dimensional oxides, and to magnetically dilute semiconductor systems. The superconducting quantum interference device (SQUID) magnetometer measures very small currents or voltages and permits precise magnetic measurements of materials.</AbstractNarration>
    <MinAmdLetterDate>07/18/1997</MinAmdLetterDate>
    <MaxAmdLetterDate>07/18/1997</MaxAmdLetterDate>
    <ARRAAmount/>
    <AwardID>9700019</AwardID>
    <Investigator>
      <FirstName>R. Bruce</FirstName>
      <LastName>Dunlap</LastName>
      <EmailAddress>dunlap@psc.sc.edu</EmailAddress>
      <StartDate>07/18/1997</StartDate>
      <EndDate/>
      <RoleCode>Principal Investigator</RoleCode>
    </Investigator>
    <Institution>
      <Name>University of South Carolina at Columbia</Name>
      <CityName>COLUMBIA</CityName>
      <ZipCode>292080001</ZipCode>
      <PhoneNumber>8037777093</PhoneNumber>
      <StreetAddress>Sponsored Awards Management</StreetAddress>
      <CountryName>United States</CountryName>
      <StateName>South Carolina</StateName>
      <StateCode>SC</StateCode>
    </Institution>
    <FoaInformation>
      <Code>0000099</Code>
      <Name>Other Applications NEC</Name>
    </FoaInformation>
    <ProgramElement>
      <Code>1938</Code>
      <Text>CHEMICAL INSTRUMENTATION</Text>
    </ProgramElement>
    <ProgramReference>
      <Code>9161</Code>
      <Text>SINGLE DIVISION/UNIVERSITY</Text>
    </ProgramReference>
    <ProgramReference>
      <Code>AMPP</Code>
      <Text>ADVANCED MATERIALS &amp; PROCESSING PROGRAM</Text>
    </ProgramReference>
  </Award>
</rootTag>
