<?xml version="1.0" encoding="UTF-8"?>

<rootTag>
  <Award>
    <AwardTitle>RUI: A Westward Extension of the Sub-auroral Zone Observations from Millstone Hill</AwardTitle>
    <AwardEffectiveDate>06/01/1997</AwardEffectiveDate>
    <AwardExpirationDate>05/31/2002</AwardExpirationDate>
    <AwardAmount>103467</AwardAmount>
    <AwardInstrument>
      <Value>Continuing grant</Value>
    </AwardInstrument>
    <Organization>
      <Code>06020202</Code>
      <Directorate>
        <LongName>Directorate For Geosciences</LongName>
      </Directorate>
      <Division>
        <LongName>Div Atmospheric &amp; Geospace Sciences</LongName>
      </Division>
    </Organization>
    <ProgramOfficer>
      <SignBlockName>kile baker</SignBlockName>
    </ProgramOfficer>
    <AbstractNarration>The proposal will install and operate an all-sky camera in the vacinity of Nothern Michigan University in collaboration with Cornell University. The all sky images from the camera will overlap and extend the east-west coverage possible when combined with the imager operated by Boston University at the Millstone Hill Observatory. Investigations using these data will focus on the equatorward edge of the diffuse aurora. The particular phenomena to be investigated are the large scale undulations along this edge often observed during times of enhanced magnetic activity. The observations will be coupled with ionospheric plasma convection measurements using the Millstone Hill incoherent scatter radar. The project involves undergraduate students at Northern Michigan University who will learn image processing techniques to manipulate the images. The auroral science will be mentored via strong electronic collaboration links to be established between NMU and Cornell.</AbstractNarration>
    <MinAmdLetterDate>04/29/1997</MinAmdLetterDate>
    <MaxAmdLetterDate>03/23/2001</MaxAmdLetterDate>
    <ARRAAmount/>
    <AwardID>9700459</AwardID>
    <Investigator>
      <FirstName>William</FirstName>
      <LastName>Ralph</LastName>
      <EmailAddress>wralph@nmu.edu</EmailAddress>
      <StartDate>04/29/1997</StartDate>
      <EndDate/>
      <RoleCode>Principal Investigator</RoleCode>
    </Investigator>
    <Investigator>
      <FirstName>David</FirstName>
      <LastName>Donovan</LastName>
      <EmailAddress>wralph@nmu.edu</EmailAddress>
      <StartDate>04/29/1997</StartDate>
      <EndDate/>
      <RoleCode>Co-Principal Investigator</RoleCode>
    </Investigator>
    <Institution>
      <Name>Northern Michigan University</Name>
      <CityName>Marquette</CityName>
      <ZipCode>498555301</ZipCode>
      <PhoneNumber>9062272300</PhoneNumber>
      <StreetAddress>1401 Presque Isle Avenue</StreetAddress>
      <CountryName>United States</CountryName>
      <StateName>Michigan</StateName>
      <StateCode>MI</StateCode>
    </Institution>
    <FoaInformation>
      <Code>0205000</Code>
      <Name>Space</Name>
    </FoaInformation>
    <ProgramElement>
      <Code>5750</Code>
      <Text>MAGNETOSPHERIC PHYSICS</Text>
    </ProgramElement>
    <ProgramReference>
      <Code>9178</Code>
      <Text>UNDERGRADUATE EDUCATION</Text>
    </ProgramReference>
    <ProgramReference>
      <Code>9229</Code>
      <Text>RES IN UNDERGRAD INST-RESEARCH</Text>
    </ProgramReference>
    <ProgramReference>
      <Code>SMET</Code>
      <Text>SCIENCE, MATH, ENG &amp; TECH EDUCATION</Text>
    </ProgramReference>
  </Award>
</rootTag>
