<?xml version="1.0" encoding="UTF-8"?>

<rootTag>
  <Award>
    <AwardTitle>Research Equipment Grant: Positional Measurement System</AwardTitle>
    <AwardEffectiveDate>08/01/1997</AwardEffectiveDate>
    <AwardExpirationDate>07/31/1998</AwardExpirationDate>
    <AwardAmount>21627</AwardAmount>
    <AwardInstrument>
      <Value>Standard Grant</Value>
    </AwardInstrument>
    <Organization>
      <Code>07030000</Code>
      <Directorate>
        <LongName>Directorate For Engineering</LongName>
      </Directorate>
      <Division>
        <LongName>Div Of Civil, Mechanical, &amp; Manufact Inn</LongName>
      </Division>
    </Organization>
    <ProgramOfficer>
      <SignBlockName>Ming C. Leu</SignBlockName>
    </ProgramOfficer>
    <AbstractNarration>This grant is to purchase a positional measurement system dedicated to support of research in manufacturing engineering and ergonomics. The positional measurement system is a video based data acquisition tool which captures the location of key components for manufacturing workstations through optical sensors and analyzes them using state-of-the-art software. The equipment will be used in several projects, including: (1) the effects of force production and fatigue on movement accuracy; and (2) a predictive model of assembly process times to improve design for assembly and operational scheduling. These research projects constitute the core investigation of an innovative methodology to enhance the effectiveness of manufacturing systems. The positional measurement system enables the increase of speed and accuracy in which time and position data can be collected, thus reducing the time required to collect the data. It substantially enhances the research capability and academic infrastructure of the institution in manufacturing engineering.</AbstractNarration>
    <MinAmdLetterDate>07/25/1997</MinAmdLetterDate>
    <MaxAmdLetterDate>07/25/1997</MaxAmdLetterDate>
    <ARRAAmount/>
    <AwardID>9700385</AwardID>
    <Investigator>
      <FirstName>Marc</FirstName>
      <LastName>Resnick</LastName>
      <EmailAddress>resnickm@fiu.edu</EmailAddress>
      <StartDate>07/25/1997</StartDate>
      <EndDate/>
      <RoleCode>Principal Investigator</RoleCode>
    </Investigator>
    <Institution>
      <Name>Florida International University</Name>
      <CityName>Miami</CityName>
      <ZipCode>331990001</ZipCode>
      <PhoneNumber>3053482494</PhoneNumber>
      <StreetAddress>11200 SW 8TH ST</StreetAddress>
      <CountryName>United States</CountryName>
      <StateName>Florida</StateName>
      <StateCode>FL</StateCode>
    </Institution>
  </Award>
</rootTag>
