<?xml version="1.0" encoding="UTF-8"?>

<rootTag>
  <Award>
    <AwardTitle>High-Performance Digital Electronics Using Superconducting Integrated Circut Technology</AwardTitle>
    <AwardEffectiveDate>08/01/1997</AwardEffectiveDate>
    <AwardExpirationDate>07/31/2001</AwardExpirationDate>
    <AwardAmount>375056</AwardAmount>
    <AwardInstrument>
      <Value>Standard Grant</Value>
    </AwardInstrument>
    <Organization>
      <Code>07050000</Code>
      <Directorate>
        <LongName>Directorate For Engineering</LongName>
      </Directorate>
      <Division>
        <LongName>Div Of Engineering Education and Centers</LongName>
      </Division>
    </Organization>
    <ProgramOfficer>
      <SignBlockName>Mary Poats</SignBlockName>
    </ProgramOfficer>
    <AbstractNarration>EEC-9700794 ABSTRACT This award provides funding to the University of Rochester under the direction of Dr. Marc J. Feldman, for the support of a Combined Research-Curriculum Development project entitled, "High-Performance Digital Electronics Using Superconducting Integrated Circuitry Technology." This project is aimed toward students who seek careers in both the superconductor and semiconductor integrated circuitry industry. The superconducting electronics "industry" is still quite small, limited to specialized niche applications, however superconducting electronics provides an ideal training ground for engineers preparing to join the forefront of semiconductor electronic and integrated circuitry technology; the design principles and testing methodology employed in superconducting circuitry development will clearly have a growing importance to semiconductor technology as current trends toward faster and lower power semiconductor circuits continue. A two-semester lecture/laboratory course will be developed for Senior undergraduate and beginning graduate students. Superconducting digital electronics is presently practiced at a modest level of integration, thousands of active elements, so that students may manage the entire development and testing of a superconducting integrated circuit with state-of-the-art performance.</AbstractNarration>
    <MinAmdLetterDate>07/29/1997</MinAmdLetterDate>
    <MaxAmdLetterDate>08/06/1999</MaxAmdLetterDate>
    <ARRAAmount/>
    <AwardID>9700794</AwardID>
    <Investigator>
      <FirstName>Mark</FirstName>
      <LastName>Bocko</LastName>
      <EmailAddress>bocko@ece.rochester.edu</EmailAddress>
      <StartDate>07/29/1997</StartDate>
      <EndDate/>
      <RoleCode>Co-Principal Investigator</RoleCode>
    </Investigator>
    <Investigator>
      <FirstName>Marc</FirstName>
      <LastName>Feldman</LastName>
      <EmailAddress>feldman@ece.rochester.edu</EmailAddress>
      <StartDate>07/29/1997</StartDate>
      <EndDate/>
      <RoleCode>Principal Investigator</RoleCode>
    </Investigator>
    <Institution>
      <Name>University of Rochester</Name>
      <CityName>Rochester</CityName>
      <ZipCode>146270140</ZipCode>
      <PhoneNumber>5852754031</PhoneNumber>
      <StreetAddress>518 HYLAN, RC BOX 270140</StreetAddress>
      <CountryName>United States</CountryName>
      <StateName>New York</StateName>
      <StateCode>NY</StateCode>
    </Institution>
    <FoaInformation>
      <Code>0101000</Code>
      <Name>Curriculum Development</Name>
    </FoaInformation>
    <ProgramElement>
      <Code>1340</Code>
      <Text>ENGINEERING EDUCATION</Text>
    </ProgramElement>
    <ProgramElement>
      <Code>1518</Code>
      <Text>CONTROL, NETWORKS, &amp; COMP INTE</Text>
    </ProgramElement>
    <ProgramReference>
      <Code>0000</Code>
      <Text>UNASSIGNED</Text>
    </ProgramReference>
    <ProgramReference>
      <Code>OTHR</Code>
      <Text>OTHER RESEARCH OR EDUCATION</Text>
    </ProgramReference>
  </Award>
</rootTag>
