<?xml version="1.0" encoding="UTF-8"?>

<rootTag>
  <Award>
    <AwardTitle>Theory of Chemical Reactions in Solution, in Clusters, and at Surfaces</AwardTitle>
    <AwardEffectiveDate>06/01/1997</AwardEffectiveDate>
    <AwardExpirationDate>08/31/2001</AwardExpirationDate>
    <AwardAmount>329100</AwardAmount>
    <AwardInstrument>
      <Value>Continuing grant</Value>
    </AwardInstrument>
    <Organization>
      <Code>03090004</Code>
      <Directorate>
        <LongName>Direct For Mathematical &amp; Physical Scien</LongName>
      </Directorate>
      <Division>
        <LongName>Division Of Chemistry</LongName>
      </Division>
    </Organization>
    <ProgramOfficer>
      <SignBlockName>Celeste M. Rohlfing</SignBlockName>
    </ProgramOfficer>
    <AbstractNarration>James Hynes of the Chemistry Department of the University of Colorado is funded by the Physical Chemistry Program of the Chemistry Division to study the kinetic theory of prototype reactions in solutions, small clusters and at surfaces. Quantitative predictions and qualitative interpretations will be provided for experiments. The calculations will be carried out using quantum electronic structure methods, molecular dynamics, analytic theories and models. The solution phase research will focus in two areas: (1) Excited photon transfer reactions (ESPT) in which acidity is dramatically increased by photoexcitation. (2) Reaction dynamics in electrolytes. The dynamics of prototype unimolecular SN1 ionization reaction of tertiary butyl chloride in salt solutions will be studied. Furthermore, heterogeneous surface chemical reactions responsible for the depletion of the ozone in the upper atmosphere will be investigated. By far the majority of reactions which are of interest to chemists take place in the solution phase, and the most important solvent is water. The effect which the presence of aqueous solvent has on a chemical reaction is still not fully understood. Hynes is applying a combination of theory and computer simulations to determine the molecular nature of solvent-solute interactions and their effect on the rates of chemical reactions in solution. He is also applying these theoretical methods to studies of important environmental problems such as acid rain and ozone depletion.</AbstractNarration>
    <MinAmdLetterDate>05/21/1997</MinAmdLetterDate>
    <MaxAmdLetterDate>04/25/2001</MaxAmdLetterDate>
    <ARRAAmount/>
    <AwardID>9700419</AwardID>
    <Investigator>
      <FirstName>James</FirstName>
      <LastName>Hynes</LastName>
      <EmailAddress>James.Hynes@colorado.edu</EmailAddress>
      <StartDate>05/21/1997</StartDate>
      <EndDate/>
      <RoleCode>Principal Investigator</RoleCode>
    </Investigator>
    <Institution>
      <Name>University of Colorado at Boulder</Name>
      <CityName>Boulder</CityName>
      <ZipCode>803031058</ZipCode>
      <PhoneNumber>3034926221</PhoneNumber>
      <StreetAddress>3100 Marine Street, Room 481</StreetAddress>
      <CountryName>United States</CountryName>
      <StateName>Colorado</StateName>
      <StateCode>CO</StateCode>
    </Institution>
    <FoaInformation>
      <Code>0202000</Code>
      <Name>Atmospheric Science-ICAS</Name>
    </FoaInformation>
    <ProgramElement>
      <Code>1956</Code>
      <Text>STATISTICAL AND SIMULATIONS</Text>
    </ProgramElement>
    <ProgramReference>
      <Code>0000</Code>
      <Text>UNASSIGNED</Text>
    </ProgramReference>
    <ProgramReference>
      <Code>OTHR</Code>
      <Text>OTHER RESEARCH OR EDUCATION</Text>
    </ProgramReference>
  </Award>
</rootTag>
