<?xml version="1.0" encoding="UTF-8"?>

<rootTag>
  <Award>
    <AwardTitle>Characterizing Unbalance in Power Systems with Harmonic Distortion</AwardTitle>
    <AwardEffectiveDate>10/01/1997</AwardEffectiveDate>
    <AwardExpirationDate>09/30/2001</AwardExpirationDate>
    <AwardAmount>170000</AwardAmount>
    <AwardInstrument>
      <Value>Standard Grant</Value>
    </AwardInstrument>
    <Organization>
      <Code>07010000</Code>
      <Directorate>
        <LongName>Directorate For Engineering</LongName>
      </Directorate>
      <Division>
        <LongName>Div Of Electrical, Commun &amp; Cyber Sys</LongName>
      </Division>
    </Organization>
    <ProgramOfficer>
      <SignBlockName>James Momoh</SignBlockName>
    </ProgramOfficer>
    <AbstractNarration>ECS-9700651 Makram This proposal describes the existence of "unbalance" in power systems and draws the attention of the reader to the alarming and growing presence of harmonic unbalance in power systems created as a result of the, random use of single, double and three phase harmonic loads in power systems. While prior attempts to characterize unbalance in power systems have been typically unclear, a review of the current literature shows no attempts to characterize harmonic unbalance although it is important, useful and necessary from both an academic and practical point of view. Beginning with the development of advanced three phase load models for commonly used power system loads, this project endeavors to undertake the critical task of proposing a metric that quantifies harmonic unbalance. This new quantitative metric that characterizes power system harmonic unbalance bears a large impact on the utility in terms of modifying existing tariff structures, better instrumentation &amp; metering and power quality studies. Using the proposed metric, unbalance profiles will be studied and limits for the safe operation of customer equipment will be established. This proposal aims to conclude with setting standards for harmonic unbalance in power systems, thereby enhancing basic research in the understanding of harmonic unbalance in Power Systems.</AbstractNarration>
    <MinAmdLetterDate>09/16/1997</MinAmdLetterDate>
    <MaxAmdLetterDate>06/02/2000</MaxAmdLetterDate>
    <ARRAAmount/>
    <AwardID>9700651</AwardID>
    <Investigator>
      <FirstName>Elham</FirstName>
      <LastName>Makram</LastName>
      <EmailAddress>makram@clemson.edu</EmailAddress>
      <StartDate>09/16/1997</StartDate>
      <EndDate/>
      <RoleCode>Principal Investigator</RoleCode>
    </Investigator>
    <Institution>
      <Name>Clemson University</Name>
      <CityName>CLEMSON</CityName>
      <ZipCode>296340001</ZipCode>
      <PhoneNumber>8646562424</PhoneNumber>
      <StreetAddress>230 Kappa Street</StreetAddress>
      <CountryName>United States</CountryName>
      <StateName>South Carolina</StateName>
      <StateCode>SC</StateCode>
    </Institution>
    <FoaInformation>
      <Code>0306000</Code>
      <Name>Energy Research &amp; Resources</Name>
    </FoaInformation>
    <ProgramElement>
      <Code>1518</Code>
      <Text>CONTROL, NETWORKS, &amp; COMP INTE</Text>
    </ProgramElement>
    <ProgramReference>
      <Code>0000</Code>
      <Text>UNASSIGNED</Text>
    </ProgramReference>
    <ProgramReference>
      <Code>OTHR</Code>
      <Text>OTHER RESEARCH OR EDUCATION</Text>
    </ProgramReference>
  </Award>
</rootTag>
