<?xml version="1.0" encoding="UTF-8"?>

<rootTag>
  <Award>
    <AwardTitle>Electron, Hole and Damage Migration in Site-Specifically Modified DNA Duplexes</AwardTitle>
    <AwardEffectiveDate>08/01/1997</AwardEffectiveDate>
    <AwardExpirationDate>07/31/2001</AwardExpirationDate>
    <AwardAmount>294486</AwardAmount>
    <AwardInstrument>
      <Value>Continuing grant</Value>
    </AwardInstrument>
    <Organization>
      <Code>03090003</Code>
      <Directorate>
        <LongName>Direct For Mathematical &amp; Physical Scien</LongName>
      </Directorate>
      <Division>
        <LongName>Division Of Chemistry</LongName>
      </Division>
    </Organization>
    <ProgramOfficer>
      <SignBlockName>Tyrone D. Mitchell</SignBlockName>
    </ProgramOfficer>
    <AbstractNarration>This research focuses on the distance of electron and `positive hole` migration in DNA. The working paradigm is is that photogenerated electrons and holes migrate from the site of initial generation to removed sites at which strand cleavage or oxidative damage occurs. Photoactive benzo(a)pyrene derivatives are covalently bound, site-specifically, to commercially available DNA fragments with a defined base sequence. Strand cleavage patterns within these defined systems will be established by high resolution gel electrophoresis, and correlated with the efficiencies of DNA strand cleavage and oxidative damage to assess electron-hole migration distances, and the sites within the biopolymer at which hole-initiated oxidative damage, and electron-initiated strand cleavage occur. Phototherapeutic and photosterilization applications have focused attention on the mechanism by which photoactive reagents oxidatively damage and/or cleave DNA duplexes. With this award, Professor Geacintov will elucidate the distances of charge migration in DNA fragments having a defined base sequence thereby identifying the sites at which strand cleavage and oxidative damage occur.</AbstractNarration>
    <MinAmdLetterDate>07/10/1997</MinAmdLetterDate>
    <MaxAmdLetterDate>05/18/1999</MaxAmdLetterDate>
    <ARRAAmount/>
    <AwardID>9700429</AwardID>
    <Investigator>
      <FirstName>Nicholas</FirstName>
      <LastName>Geacintov</LastName>
      <EmailAddress>nicholas.geacintov@nyu.edu</EmailAddress>
      <StartDate>07/10/1997</StartDate>
      <EndDate/>
      <RoleCode>Principal Investigator</RoleCode>
    </Investigator>
    <Institution>
      <Name>New York University</Name>
      <CityName>NEW YORK</CityName>
      <ZipCode>100121019</ZipCode>
      <PhoneNumber>2129982121</PhoneNumber>
      <StreetAddress>70 WASHINGTON SQUARE S</StreetAddress>
      <CountryName>United States</CountryName>
      <StateName>New York</StateName>
      <StateCode>NY</StateCode>
    </Institution>
    <FoaInformation>
      <Code>0000099</Code>
      <Name>Other Applications NEC</Name>
    </FoaInformation>
    <ProgramElement>
      <Code>1944</Code>
      <Text>BIMOLECULAR PROCESSES</Text>
    </ProgramElement>
    <ProgramReference>
      <Code>0000</Code>
      <Text>UNASSIGNED</Text>
    </ProgramReference>
    <ProgramReference>
      <Code>9178</Code>
      <Text>UNDERGRADUATE EDUCATION</Text>
    </ProgramReference>
    <ProgramReference>
      <Code>OTHR</Code>
      <Text>OTHER RESEARCH OR EDUCATION</Text>
    </ProgramReference>
    <ProgramReference>
      <Code>SMET</Code>
      <Text>SCIENCE, MATH, ENG &amp; TECH EDUCATION</Text>
    </ProgramReference>
  </Award>
</rootTag>
