<?xml version="1.0" encoding="UTF-8"?>

<rootTag>
  <Award>
    <AwardTitle>In-Situ Soil Characterization by Vision Cone Penetrometer (V-CPT).</AwardTitle>
    <AwardEffectiveDate>07/01/1997</AwardEffectiveDate>
    <AwardExpirationDate>12/31/2001</AwardExpirationDate>
    <AwardAmount>119068</AwardAmount>
    <AwardInstrument>
      <Value>Continuing grant</Value>
    </AwardInstrument>
    <Organization>
      <Code>07030000</Code>
      <Directorate>
        <LongName>Directorate For Engineering</LongName>
      </Directorate>
      <Division>
        <LongName>Div Of Civil, Mechanical, &amp; Manufact Inn</LongName>
      </Division>
    </Organization>
    <ProgramOfficer>
      <SignBlockName>Clifford J. Astill</SignBlockName>
    </ProgramOfficer>
    <AbstractNarration>Abstract Proposal: CMS 97-00128 PI: Roman D. Hryciw, University of Michigan "In-Situ Soil Characterization by Vision Cone Penetrometer" The objective of this research program is the development of computer vision methods for in-situ soil characterization. Continuous subsurface images are obtained by a recently developed Vision-Cone Penetrometer (V-CPT). From the digitally acquired images the grain size distribution of the soil will be determined. A number of possible vision approaches will be investigated to accomplish this task. They include edge detection schemes such as Hough transforms along with active contouring, linear scanning, and textural analysis. Visual observation of the soil would provide a continuous and unambiguous assessment of soil type and stratigraphy. As such, in-situ observation by the proposed Subsurface Vision Probe would be highly desirable. The research program includes continued improvement of V-CPT hardware by inclusion of state-of-the-art digital video recording; development of the previously described vision techniques; and field testing both on the University of Michigan campus and the Northwestern University National Geotechnical Experimentation Site. ****</AbstractNarration>
    <MinAmdLetterDate>07/01/1997</MinAmdLetterDate>
    <MaxAmdLetterDate>03/30/2001</MaxAmdLetterDate>
    <ARRAAmount/>
    <AwardID>9700128</AwardID>
    <Investigator>
      <FirstName>Roman</FirstName>
      <LastName>Hryciw</LastName>
      <EmailAddress>romanh@umich.edu</EmailAddress>
      <StartDate>07/01/1997</StartDate>
      <EndDate/>
      <RoleCode>Principal Investigator</RoleCode>
    </Investigator>
    <Institution>
      <Name>University of Michigan Ann Arbor</Name>
      <CityName>Ann Arbor</CityName>
      <ZipCode>481091274</ZipCode>
      <PhoneNumber>7347636438</PhoneNumber>
      <StreetAddress>3003 South State St. Room 1062</StreetAddress>
      <CountryName>United States</CountryName>
      <StateName>Michigan</StateName>
      <StateCode>MI</StateCode>
    </Institution>
    <FoaInformation>
      <Code>0110000</Code>
      <Name>Technology Transfer</Name>
    </FoaInformation>
  </Award>
</rootTag>
