<?xml version="1.0" encoding="UTF-8"?>

<rootTag>
  <Award>
    <AwardTitle>LIGO Advanced Detector R&amp;D Program Proposal (Group Proposal)</AwardTitle>
    <AwardEffectiveDate>07/15/1997</AwardEffectiveDate>
    <AwardExpirationDate>08/31/1999</AwardExpirationDate>
    <AwardAmount>1300000</AwardAmount>
    <AwardInstrument>
      <Value>Standard Grant</Value>
    </AwardInstrument>
    <Organization>
      <Code>03010700</Code>
      <Directorate>
        <LongName>Direct For Mathematical &amp; Physical Scien</LongName>
      </Directorate>
      <Division>
        <LongName>Division Of Physics</LongName>
      </Division>
    </Organization>
    <ProgramOfficer>
      <SignBlockName>David Berley</SignBlockName>
    </ProgramOfficer>
    <AbstractNarration>This award will provide funds for a collaborative effort at Caltech and MIT to improve the sensitivity of detectors to be used at the Laser Interferometer Gravitational-Wave Observatory (LIGO). Funds are provided for R&amp;D for a period of one year that is expected to be the beginning of a long term program to reduce the noise that could mimic a gravitational-wave signal from LIGO. The long term program will be in collaboration with scientists at several other institutions. The collaborations are currently in the process of being formed. During the one year period of this award, the following activities will take place: implementation of lasers with 1064 nm wavelength at the Caltech 40 Meter Interferometer, preparation for double- pendulum suspensions at the MIT Interferometer, thermal noise research at Caltech; and resonant sideband extraction research at Caltech and MIT.</AbstractNarration>
    <MinAmdLetterDate>07/21/1997</MinAmdLetterDate>
    <MaxAmdLetterDate>03/08/1999</MaxAmdLetterDate>
    <ARRAAmount/>
    <AwardID>9700601</AwardID>
    <Investigator>
      <FirstName>Barry</FirstName>
      <LastName>Barish</LastName>
      <EmailAddress>barish@ligo.caltech.edu</EmailAddress>
      <StartDate>07/21/1997</StartDate>
      <EndDate/>
      <RoleCode>Principal Investigator</RoleCode>
    </Investigator>
    <Investigator>
      <FirstName>Gary</FirstName>
      <LastName>Sanders</LastName>
      <EmailAddress>sanders@tmt.org</EmailAddress>
      <StartDate>07/21/1997</StartDate>
      <EndDate/>
      <RoleCode>Co-Principal Investigator</RoleCode>
    </Investigator>
    <Institution>
      <Name>California Institute of Technology</Name>
      <CityName>PASADENA</CityName>
      <ZipCode>911250600</ZipCode>
      <PhoneNumber>6263956219</PhoneNumber>
      <StreetAddress>1200 E California Blvd</StreetAddress>
      <CountryName>United States</CountryName>
      <StateName>California</StateName>
      <StateCode>CA</StateCode>
    </Institution>
    <FoaInformation>
      <Code>0000099</Code>
      <Name>Other Applications NEC</Name>
    </FoaInformation>
    <ProgramElement>
      <Code>1293</Code>
      <Text>LIGO, OPERATIONS &amp; ADVANC R&amp;D</Text>
    </ProgramElement>
    <ProgramReference>
      <Code>0000</Code>
      <Text>UNASSIGNED</Text>
    </ProgramReference>
    <ProgramReference>
      <Code>OTHR</Code>
      <Text>OTHER RESEARCH OR EDUCATION</Text>
    </ProgramReference>
  </Award>
</rootTag>
