<?xml version="1.0" encoding="UTF-8"?>

<rootTag>
  <Award>
    <AwardTitle>GOALI/IUCP: Process Modeling and Optimization for Crashworthiness of Extruded Aluminum Components</AwardTitle>
    <AwardEffectiveDate>08/01/1997</AwardEffectiveDate>
    <AwardExpirationDate>07/31/2001</AwardExpirationDate>
    <AwardAmount>315085</AwardAmount>
    <AwardInstrument>
      <Value>Continuing grant</Value>
    </AwardInstrument>
    <Organization>
      <Code>07030000</Code>
      <Directorate>
        <LongName>Directorate For Engineering</LongName>
      </Directorate>
      <Division>
        <LongName>Div Of Civil, Mechanical, &amp; Manufact Inn</LongName>
      </Division>
    </Organization>
    <ProgramOfficer>
      <SignBlockName>Delcie R. Durham</SignBlockName>
    </ProgramOfficer>
    <AbstractNarration>Fuel efficiency and vehicle crashworthiness are two important issues for modern automotive manufacturing. Current industry standards require aluminum structural components to absorb sufficient crash energy while limiting material microcracking to subcritical fractures. Thus, a successful design for crash-resistant aluminum components must consider microstructural material properties, detailed material failure mechanisms as well as the product and process parameters that determine them. This research projects is a joint research effort between the University and an industrial partner to develop improved manufacturing processes for the production of extruded aluminum components with superior properties for automotive crashworthiness. This collaborative research project has a balance between theory and experiment, and will provide valuable findings for the automotive manufacturing and aluminum manufacturing industries.</AbstractNarration>
    <MinAmdLetterDate>07/30/1997</MinAmdLetterDate>
    <MaxAmdLetterDate>07/13/1999</MaxAmdLetterDate>
    <ARRAAmount/>
    <AwardID>9700460</AwardID>
    <Investigator>
      <FirstName>Robert</FirstName>
      <LastName>Haber</LastName>
      <EmailAddress>rbh3@illinois.edu</EmailAddress>
      <StartDate>07/30/1997</StartDate>
      <EndDate/>
      <RoleCode>Principal Investigator</RoleCode>
    </Investigator>
    <Investigator>
      <FirstName>Daniel</FirstName>
      <LastName>Tortorelli</LastName>
      <EmailAddress>dtortore@uiuc.edu</EmailAddress>
      <StartDate>07/30/1997</StartDate>
      <EndDate/>
      <RoleCode>Co-Principal Investigator</RoleCode>
    </Investigator>
    <Institution>
      <Name>University of Illinois at Urbana-Champaign</Name>
      <CityName>CHAMPAIGN</CityName>
      <ZipCode>618207473</ZipCode>
      <PhoneNumber>2173332187</PhoneNumber>
      <StreetAddress>SUITE A</StreetAddress>
      <CountryName>United States</CountryName>
      <StateName>Illinois</StateName>
      <StateCode>IL</StateCode>
    </Institution>
    <FoaInformation>
      <Code>0308000</Code>
      <Name>Industrial Technology</Name>
    </FoaInformation>
    <ProgramElement>
      <Code>1467</Code>
      <Text>MATERIALS PROCESSING AND MANFG</Text>
    </ProgramElement>
    <ProgramReference>
      <Code>1049</Code>
      <Text>INDUSTRY-UNIV COOPERATIVE RSCH PROJECTS</Text>
    </ProgramReference>
    <ProgramReference>
      <Code>1504</Code>
      <Text>GRANT OPP FOR ACAD LIA W/INDUS</Text>
    </ProgramReference>
    <ProgramReference>
      <Code>9146</Code>
      <Text>MANUFACTURING BASE RESEARCH</Text>
    </ProgramReference>
    <ProgramReference>
      <Code>MANU</Code>
      <Text>MANUFACTURING</Text>
    </ProgramReference>
  </Award>
</rootTag>
