<?xml version="1.0" encoding="UTF-8"?>

<rootTag>
  <Award>
    <AwardTitle>Thermomechanical Coupling In Metal Cutting Processes: Experiments and Modeling</AwardTitle>
    <AwardEffectiveDate>07/01/1997</AwardEffectiveDate>
    <AwardExpirationDate>06/30/2001</AwardExpirationDate>
    <AwardAmount>90000</AwardAmount>
    <AwardInstrument>
      <Value>Standard Grant</Value>
    </AwardInstrument>
    <Organization>
      <Code>07030000</Code>
      <Directorate>
        <LongName>Directorate For Engineering</LongName>
      </Directorate>
      <Division>
        <LongName>Div Of Civil, Mechanical, &amp; Manufact Inn</LongName>
      </Division>
    </Organization>
    <ProgramOfficer>
      <SignBlockName>Jorn Larsen-Basse</SignBlockName>
    </ProgramOfficer>
    <AbstractNarration>9700405 Deng A combined experimental and modeling study is being conducted to characterize the frictional behavior of tool-chip interface and to understand the relationship between wear of the cutting tool and the dynamic response of the tool-workpiece system. The experimental observations include recording the dynamic temperature variations near the tool-chip interface, the dynamic, full-field surface deformations on both the chip and the workpiece, and tool wear measurements. These data are used along with finite elements to develop models to predict tool wear. ***</AbstractNarration>
    <MinAmdLetterDate>07/02/1997</MinAmdLetterDate>
    <MaxAmdLetterDate>07/02/1997</MaxAmdLetterDate>
    <ARRAAmount/>
    <AwardID>9700405</AwardID>
    <Investigator>
      <FirstName>Xiaomin</FirstName>
      <LastName>Deng</LastName>
      <EmailAddress>deng@cec.sc.edu</EmailAddress>
      <StartDate>07/02/1997</StartDate>
      <EndDate/>
      <RoleCode>Principal Investigator</RoleCode>
    </Investigator>
    <Institution>
      <Name>University of South Carolina at Columbia</Name>
      <CityName>COLUMBIA</CityName>
      <ZipCode>292080001</ZipCode>
      <PhoneNumber>8037777093</PhoneNumber>
      <StreetAddress>Sponsored Awards Management</StreetAddress>
      <CountryName>United States</CountryName>
      <StateName>South Carolina</StateName>
      <StateCode>SC</StateCode>
    </Institution>
    <FoaInformation>
      <Code>0106000</Code>
      <Name>Materials Research</Name>
    </FoaInformation>
    <FoaInformation>
      <Code>0308000</Code>
      <Name>Industrial Technology</Name>
    </FoaInformation>
    <ProgramElement>
      <Code>1441</Code>
      <Text>MECHANICS</Text>
    </ProgramElement>
    <ProgramReference>
      <Code>9161</Code>
      <Text>SINGLE DIVISION/UNIVERSITY</Text>
    </ProgramReference>
    <ProgramReference>
      <Code>AMPP</Code>
      <Text>ADVANCED MATERIALS &amp; PROCESSING PROGRAM</Text>
    </ProgramReference>
  </Award>
</rootTag>
