<?xml version="1.0" encoding="UTF-8"?>

<rootTag>
  <Award>
    <AwardTitle>Control of Distributed Nonlinear Systems and Semiconductor Manufacturing</AwardTitle>
    <AwardEffectiveDate>10/01/1997</AwardEffectiveDate>
    <AwardExpirationDate>09/30/2002</AwardExpirationDate>
    <AwardAmount>126052</AwardAmount>
    <AwardInstrument>
      <Value>Continuing grant</Value>
    </AwardInstrument>
    <Organization>
      <Code>07010000</Code>
      <Directorate>
        <LongName>Directorate For Engineering</LongName>
      </Directorate>
      <Division>
        <LongName>Div Of Electrical, Commun &amp; Cyber Sys</LongName>
      </Division>
    </Organization>
    <ProgramOfficer>
      <SignBlockName>Radhakisan S. Baheti</SignBlockName>
    </ProgramOfficer>
    <AbstractNarration>ECS-9700588 Tannenbaum The proposal deals with partial differential equation methods for the control of distributed and nonlinear systems. In particular, the focus is on the benchmark area of certain key semiconductor manufacturing processes including etching, deposition and lithography. We will also discuss some new directions we are taking on the robust control of distributed parameter systems using skew Toeplitz theory. This allows one to reduce the design of H -optimal and suboptimal compensators to finite dimensional linear algebra problem, the dimension of which only depends on the McMillan degrees of the weights and not the (state-space) dimension of the plant. Thus even for infinite dimensional systems, we are reduced to finite matrix manipulations. We will also consider some time-varying generalizations of these ideas.</AbstractNarration>
    <MinAmdLetterDate>08/15/1997</MinAmdLetterDate>
    <MaxAmdLetterDate>01/08/2002</MaxAmdLetterDate>
    <ARRAAmount/>
    <AwardID>9700588</AwardID>
    <Investigator>
      <FirstName>Allen</FirstName>
      <LastName>Tannenbaum</LastName>
      <EmailAddress>tannenba@ece.gatech.edu</EmailAddress>
      <StartDate>08/15/1997</StartDate>
      <EndDate/>
      <RoleCode>Principal Investigator</RoleCode>
    </Investigator>
    <Institution>
      <Name>University of Minnesota-Twin Cities</Name>
      <CityName>Minneapolis</CityName>
      <ZipCode>554552070</ZipCode>
      <PhoneNumber>6126245599</PhoneNumber>
      <StreetAddress>200 OAK ST SE</StreetAddress>
      <CountryName>United States</CountryName>
      <StateName>Minnesota</StateName>
      <StateCode>MN</StateCode>
    </Institution>
    <FoaInformation>
      <Code>0112000</Code>
      <Name>System Theory</Name>
    </FoaInformation>
  </Award>
</rootTag>
