<?xml version="1.0" encoding="UTF-8"?>

<rootTag>
  <Award>
    <AwardTitle>Experimental, Analytical, and Computational Study of Nematic Optical Elastomers</AwardTitle>
    <AwardEffectiveDate>05/15/1997</AwardEffectiveDate>
    <AwardExpirationDate>08/31/2001</AwardExpirationDate>
    <AwardAmount>135000</AwardAmount>
    <AwardInstrument>
      <Value>Continuing grant</Value>
    </AwardInstrument>
    <Organization>
      <Code>07030000</Code>
      <Directorate>
        <LongName>Directorate For Engineering</LongName>
      </Directorate>
      <Division>
        <LongName>Div Of Civil, Mechanical, &amp; Manufact Inn</LongName>
      </Division>
    </Organization>
    <ProgramOfficer>
      <SignBlockName>Ken Chong</SignBlockName>
    </ProgramOfficer>
    <AbstractNarration>9700199 James Optical elastomers, formed by cross-linking of polymeric liquid crystals, possess important properties, such as stress-induced optical switching, stress induced shifts in phase transition temperatures, piezoelectricity, etc., that make them promising candidates for industrial applications such as in integrated optics. The response of these materials under biaxial loading is experimentally investigated in this project. The observations from these experiments are being used to develop predictive tools that will enhance the understanding of mechano-optical behavior of these materials and thus the ability to effectively use these materials in industrial setting. ***</AbstractNarration>
    <MinAmdLetterDate>05/09/1997</MinAmdLetterDate>
    <MaxAmdLetterDate>05/22/2001</MaxAmdLetterDate>
    <ARRAAmount/>
    <AwardID>9700199</AwardID>
    <Investigator>
      <FirstName>Richard</FirstName>
      <LastName>James</LastName>
      <EmailAddress>james@aem.umn.edu</EmailAddress>
      <StartDate>05/09/1997</StartDate>
      <EndDate/>
      <RoleCode>Principal Investigator</RoleCode>
    </Investigator>
    <Institution>
      <Name>University of Minnesota-Twin Cities</Name>
      <CityName>Minneapolis</CityName>
      <ZipCode>554552070</ZipCode>
      <PhoneNumber>6126245599</PhoneNumber>
      <StreetAddress>200 OAK ST SE</StreetAddress>
      <CountryName>United States</CountryName>
      <StateName>Minnesota</StateName>
      <StateCode>MN</StateCode>
    </Institution>
  </Award>
</rootTag>
