<?xml version="1.0" encoding="UTF-8"?>

<rootTag>
  <Award>
    <AwardTitle>Synthesis and Characterization of Early Transition Metal Phosphorous Chalcogenides: A New Class of Layered Materials?</AwardTitle>
    <AwardEffectiveDate>05/01/1997</AwardEffectiveDate>
    <AwardExpirationDate>04/30/2001</AwardExpirationDate>
    <AwardAmount>151837</AwardAmount>
    <AwardInstrument>
      <Value>Continuing grant</Value>
    </AwardInstrument>
    <Organization>
      <Code>03070007</Code>
      <Directorate>
        <LongName>Direct For Mathematical &amp; Physical Scien</LongName>
      </Directorate>
      <Division>
        <LongName>Division Of Materials Research</LongName>
      </Division>
    </Organization>
    <ProgramOfficer>
      <SignBlockName>David Nelson</SignBlockName>
    </ProgramOfficer>
    <AbstractNarration>9700511 Cleary This well integrated Research for Undergraduate Institutions (RUI) proposal advances education and research by involving undergraduate students in a study of the synthesis of new transition metal based materials and their characterization with respect to structure, chemical composition, phase transitions, and second harmonic generation efficiency. The educational benefit of this project will be derived from the undergraduate chemistry training to better reflect important scientific and technological issues facing society. %%% The materials to be synthesized and characterized constitute a new class of layered materials with potential uses that included electro-optic devices and frequency mixing devices. These device materials therefore are relevant to applications areas such as optical data storage and optical communications technologies, making possible educational benefits that lead to a better understanding at the undergraduate level of education of scientific and technological issues facing society. ***</AbstractNarration>
    <MinAmdLetterDate>04/18/1997</MinAmdLetterDate>
    <MaxAmdLetterDate>02/17/1999</MaxAmdLetterDate>
    <ARRAAmount/>
    <AwardID>9700511</AwardID>
    <Investigator>
      <FirstName>David</FirstName>
      <LastName>Cleary</LastName>
      <EmailAddress>cleary@gonzaga.edu</EmailAddress>
      <StartDate>04/18/1997</StartDate>
      <EndDate/>
      <RoleCode>Principal Investigator</RoleCode>
    </Investigator>
    <Institution>
      <Name>Gonzaga University</Name>
      <CityName>Spokane</CityName>
      <ZipCode>992580087</ZipCode>
      <PhoneNumber>5093136102</PhoneNumber>
      <StreetAddress>502 East Boone Avenue</StreetAddress>
      <CountryName>United States</CountryName>
      <StateName>Washington</StateName>
      <StateCode>WA</StateCode>
    </Institution>
    <FoaInformation>
      <Code>0106000</Code>
      <Name>Materials Research</Name>
    </FoaInformation>
  </Award>
</rootTag>
