<?xml version="1.0" encoding="UTF-8"?>

<rootTag>
  <Award>
    <AwardTitle>Investigations into the Laser Ablation Process and the Pursuit of New Chemical Applications</AwardTitle>
    <AwardEffectiveDate>05/15/1997</AwardEffectiveDate>
    <AwardExpirationDate>10/31/2000</AwardExpirationDate>
    <AwardAmount>374500</AwardAmount>
    <AwardInstrument>
      <Value>Continuing grant</Value>
    </AwardInstrument>
    <Organization>
      <Code>03090004</Code>
      <Directorate>
        <LongName>Direct For Mathematical &amp; Physical Scien</LongName>
      </Directorate>
      <Division>
        <LongName>Division Of Chemistry</LongName>
      </Division>
    </Organization>
    <ProgramOfficer>
      <SignBlockName>Janice M. Hicks</SignBlockName>
    </ProgramOfficer>
    <AbstractNarration>W. Lester S. Andrews of the University of Virginia is supported by the Experimental Physical Chemistry Program to continue his matrix-isolation Fourier Transform Infrared studies of reactive species. In previous work, laser ablation was used to generate hot atoms which subsequently reacted at or near the matrix to form the species of interest. In this award, the emphasis is on a) understanding the laser ablation process itself and b) pursuing new chemical applications. In the former case, e.g., the PI will investigate the source for the activation energy of the reaction in which laser ablated Fe reacts with O2 to form OFeO, a reaction that does not occur thermally. Is the activation energy due to excess kinetic energy, electronic excitation involving metastables or radiation from the laser plasma? Additions to the apparatus involving magnetic or electric fields will allow manipulation of charged species, which should lead to an understanding of some of the underlying mechanisms. Laser ablation experiments with beryllium and oxygen in a neon matrix will be carried out in an attempt to isolate the first neutral neon compound NeBeO. Finally, the isolation of reaction intermediates in semiconductor growth processes will be attempted. Given current interest in pulsed laser ablation to grow semiconductor thin films, reactions of GaAs, GaP and InSb with H2 will be emphasized. Density functional theoretical studies will be done in collaboration with Bauschlicher, although the emphasis in this proposal is on the experimental aspects. Pulsed-laser ablation is rapidly becoming an extremely important physical technique and is currently employed in such diverse areas as plasma physics, analytical chemistry and the growth of superconductors. Better understanding of the laser ablation process would help foster further applications of this technology.</AbstractNarration>
    <MinAmdLetterDate>05/15/1997</MinAmdLetterDate>
    <MaxAmdLetterDate>06/01/1999</MaxAmdLetterDate>
    <ARRAAmount/>
    <AwardID>9700116</AwardID>
    <Investigator>
      <FirstName>W. Lester</FirstName>
      <LastName>Andrews</LastName>
      <EmailAddress>lsa@virginia.edu</EmailAddress>
      <StartDate>05/15/1997</StartDate>
      <EndDate/>
      <RoleCode>Principal Investigator</RoleCode>
    </Investigator>
    <Institution>
      <Name>University of Virginia Main Campus</Name>
      <CityName>CHARLOTTESVILLE</CityName>
      <ZipCode>229044195</ZipCode>
      <PhoneNumber>4349244270</PhoneNumber>
      <StreetAddress>P.O. BOX 400195</StreetAddress>
      <CountryName>United States</CountryName>
      <StateName>Virginia</StateName>
      <StateCode>VA</StateCode>
    </Institution>
    <FoaInformation>
      <Code>0000099</Code>
      <Name>Other Applications NEC</Name>
    </FoaInformation>
    <FoaInformation>
      <Code>0106000</Code>
      <Name>Materials Research</Name>
    </FoaInformation>
    <ProgramElement>
      <Code>1962</Code>
      <Text>SPECTROSCOPY</Text>
    </ProgramElement>
    <ProgramReference>
      <Code>0000</Code>
      <Text>UNASSIGNED</Text>
    </ProgramReference>
    <ProgramReference>
      <Code>9161</Code>
      <Text>SINGLE DIVISION/UNIVERSITY</Text>
    </ProgramReference>
    <ProgramReference>
      <Code>AMPP</Code>
      <Text>ADVANCED MATERIALS &amp; PROCESSING PROGRAM</Text>
    </ProgramReference>
    <ProgramReference>
      <Code>OTHR</Code>
      <Text>OTHER RESEARCH OR EDUCATION</Text>
    </ProgramReference>
  </Award>
</rootTag>
