<?xml version="1.0" encoding="UTF-8"?>

<rootTag>
  <Award>
    <AwardTitle>Contributions of IT Investment to Economic Performance</AwardTitle>
    <AwardEffectiveDate>07/01/1997</AwardEffectiveDate>
    <AwardExpirationDate>06/30/2002</AwardExpirationDate>
    <AwardAmount>673967</AwardAmount>
    <AwardInstrument>
      <Value>Continuing grant</Value>
    </AwardInstrument>
    <Organization>
      <Code>05020000</Code>
      <Directorate>
        <LongName>Direct For Computer &amp; Info Scie &amp; Enginr</LongName>
      </Directorate>
      <Division>
        <LongName>Div Of Information &amp; Intelligent Systems</LongName>
      </Division>
    </Organization>
    <ProgramOfficer>
      <SignBlockName>C. Suzanne Iacono</SignBlockName>
    </ProgramOfficer>
    <AbstractNarration>The project will (1) assess the efficiency and effectiveness of investments in information technology (IT); (2) identify the organizational and IT management practices associated with achieving greater value through IT, and (3) disseminate result in academic, business and policy circles. These issues will be addressed at firm, industry, and country levels, based on several large, detailed, longitudinal databases that will be coupled together for more robust analysis than was heretofore possible. The study will include data on IT in five to 15 industry sectors in 50 countries from 1980-95, and on 200 large US firms for the 1990-95 period. Existing databases will be updated annually, and new databases will be built. The study will shed new light on whether, how, and why IT makes a difference in effectiveness and efficiency across a global spectrum of use, helping to clarify our understanding of the well-known "productivity paradox". It will produce a definitive body of research that uncovers the potential payoffs from IT investment and illuminates the mechanisms by which they can be harnessed.</AbstractNarration>
    <MinAmdLetterDate>06/23/1997</MinAmdLetterDate>
    <MaxAmdLetterDate>03/02/2001</MaxAmdLetterDate>
    <ARRAAmount/>
    <AwardID>9700316</AwardID>
    <Investigator>
      <FirstName>Vijay</FirstName>
      <LastName>Gurbaxani</LastName>
      <EmailAddress>vgurbaxa@uci.edu</EmailAddress>
      <StartDate>06/23/1997</StartDate>
      <EndDate/>
      <RoleCode>Co-Principal Investigator</RoleCode>
    </Investigator>
    <Investigator>
      <FirstName>Kenneth</FirstName>
      <LastName>Kraemer</LastName>
      <EmailAddress>kkraemer@uci.edu</EmailAddress>
      <StartDate>06/23/1997</StartDate>
      <EndDate/>
      <RoleCode>Principal Investigator</RoleCode>
    </Investigator>
    <Investigator>
      <FirstName>Erik</FirstName>
      <LastName>Brynjolfsson</LastName>
      <EmailAddress>erikb@mit.edu</EmailAddress>
      <StartDate>11/06/1997</StartDate>
      <EndDate/>
      <RoleCode>Co-Principal Investigator</RoleCode>
    </Investigator>
    <Institution>
      <Name>University of California-Irvine</Name>
      <CityName>Irvine</CityName>
      <ZipCode>926173213</ZipCode>
      <PhoneNumber>9498247295</PhoneNumber>
      <StreetAddress>141 Innovation Drive, Ste 250</StreetAddress>
      <CountryName>United States</CountryName>
      <StateName>California</StateName>
      <StateCode>CA</StateCode>
    </Institution>
    <FoaInformation>
      <Code>0104000</Code>
      <Name>Information Systems</Name>
    </FoaInformation>
    <FoaInformation>
      <Code>0116000</Code>
      <Name>Human Subjects</Name>
    </FoaInformation>
    <ProgramElement>
      <Code>6850</Code>
      <Text>DIGITAL SOCIETY&amp;TECHNOLOGIES</Text>
    </ProgramElement>
    <ProgramElement>
      <Code>8802</Code>
      <Text>RESEARCH &amp; DEVELOPMENT STATIST</Text>
    </ProgramElement>
    <ProgramElement>
      <Code>8804</Code>
      <Text>SCIENCE &amp; ENGINEERNG INDICATRS</Text>
    </ProgramElement>
    <ProgramReference>
      <Code>9179</Code>
      <Text>GRADUATE INVOLVEMENT</Text>
    </ProgramReference>
    <ProgramReference>
      <Code>9218</Code>
      <Text>BASIC RESEARCH &amp; HUMAN RESORCS</Text>
    </ProgramReference>
    <ProgramReference>
      <Code>9251</Code>
      <Text>RES EXPER FOR UNDERGRAD-SUPPLT</Text>
    </ProgramReference>
    <ProgramReference>
      <Code>HPCC</Code>
      <Text>HIGH PERFORMANCE COMPUTING &amp; COMM</Text>
    </ProgramReference>
  </Award>
</rootTag>
