<?xml version="1.0" encoding="UTF-8"?>

<rootTag>
  <Award>
    <AwardTitle>The Congruence Subgroup Problem and Groups of Finite Representation Type</AwardTitle>
    <AwardEffectiveDate>07/01/1997</AwardEffectiveDate>
    <AwardExpirationDate>06/30/2000</AwardExpirationDate>
    <AwardAmount>49897</AwardAmount>
    <AwardInstrument>
      <Value>Standard Grant</Value>
    </AwardInstrument>
    <Organization>
      <Code>03040300</Code>
      <Directorate>
        <LongName>Direct For Mathematical &amp; Physical Scien</LongName>
      </Directorate>
      <Division>
        <LongName>Division Of Mathematical Sciences</LongName>
      </Division>
    </Organization>
    <ProgramOfficer>
      <SignBlockName>Robert Perlis</SignBlockName>
    </ProgramOfficer>
    <AbstractNarration>9700474 Rapinchuk This award provides funding for a continuing of the congruence subgroup problem for S-arithmetic subgroups of linear algebraic groups over number fields. The principal investigator will attempt to prove the centrality of the congruence kernel for some new classes of groups using a variety of techniques such as different boundedness conditions (bounded generation and similar properties), methods of representation theory (property (T) of Kazhdan), etc. He will also study the properties of groups having finite representation type and the representation varieties of some finitely generated groups. This research falls into the general mathematical field of Number Theory. Number Theory has its historical roots in the study of the whole numbers, addressing such questions as those dealing with the divisibility of one whole number by another. It is among the oldest branches of mathematics and was pursued for many centuries for purely aesthetic reasons. However, within the last half century it has become an indispensable tool in diverse applications in areas such as data transmission and processing, and communication systems.</AbstractNarration>
    <MinAmdLetterDate>06/13/1997</MinAmdLetterDate>
    <MaxAmdLetterDate>06/13/1997</MaxAmdLetterDate>
    <ARRAAmount/>
    <AwardID>9700474</AwardID>
    <Investigator>
      <FirstName>Andrei</FirstName>
      <LastName>Rapinchuk</LastName>
      <EmailAddress>asr3x@virginia.edu</EmailAddress>
      <StartDate>06/13/1997</StartDate>
      <EndDate/>
      <RoleCode>Principal Investigator</RoleCode>
    </Investigator>
    <Institution>
      <Name>University of Virginia Main Campus</Name>
      <CityName>CHARLOTTESVILLE</CityName>
      <ZipCode>229044195</ZipCode>
      <PhoneNumber>4349244270</PhoneNumber>
      <StreetAddress>P.O. BOX 400195</StreetAddress>
      <CountryName>United States</CountryName>
      <StateName>Virginia</StateName>
      <StateCode>VA</StateCode>
    </Institution>
    <FoaInformation>
      <Code>0000099</Code>
      <Name>Other Applications NEC</Name>
    </FoaInformation>
    <ProgramElement>
      <Code>1264</Code>
      <Text>ALGEBRA,NUMBER THEORY,AND COM</Text>
    </ProgramElement>
    <ProgramReference>
      <Code>0000</Code>
      <Text>UNASSIGNED</Text>
    </ProgramReference>
    <ProgramReference>
      <Code>OTHR</Code>
      <Text>OTHER RESEARCH OR EDUCATION</Text>
    </ProgramReference>
  </Award>
</rootTag>
