<?xml version="1.0" encoding="UTF-8"?>

<rootTag>
  <Award>
    <AwardTitle>Design and Control of Multi-Item, Assemble-to-Order Inventory Systems: An Order-Based Approach</AwardTitle>
    <AwardEffectiveDate>09/15/1997</AwardEffectiveDate>
    <AwardExpirationDate>09/02/1998</AwardExpirationDate>
    <AwardAmount>164261</AwardAmount>
    <AwardInstrument>
      <Value>Continuing grant</Value>
    </AwardInstrument>
    <Organization>
      <Code>07030000</Code>
      <Directorate>
        <LongName>Directorate For Engineering</LongName>
      </Directorate>
      <Division>
        <LongName>Div Of Civil, Mechanical, &amp; Manufact Inn</LongName>
      </Division>
    </Organization>
    <ProgramOfficer>
      <SignBlockName>Lawrence M. Seiford</SignBlockName>
    </ProgramOfficer>
    <AbstractNarration>The goals of this research project are: (1) to build computer-based mathematical models that explicitly incorporate the assemble-to-order nature of a system; and given a fixed model, (2) to develop efficient computational procedures for evaluating order-based performance measures under any given inventory-control policy, and (3) to explore the form of the optimal policy in the order-based sense. The research will consist of modeling, mathematical analysis, and computation. The basic methodologies underlying the approaches include the analysis of multivariate stochastic processes, dynamic programming, and the stochastic comparison techniques, especially those based on notions of correlations of random variables. The analyses and results of the investigation will contribute to the understanding of the intricate relationships underlying the system and therefore will provide constructive suggestions on how to manage such systems effectively. This, in turn, will enable manufacturers and distributors to respond more quickly to customer needs at lower cost.</AbstractNarration>
    <MinAmdLetterDate>09/04/1997</MinAmdLetterDate>
    <MaxAmdLetterDate>06/18/1998</MaxAmdLetterDate>
    <ARRAAmount/>
    <AwardID>9700037</AwardID>
    <Investigator>
      <FirstName>Jing-Sheng</FirstName>
      <LastName>Song</LastName>
      <EmailAddress>jssong@duke.edu</EmailAddress>
      <StartDate>09/04/1997</StartDate>
      <EndDate/>
      <RoleCode>Principal Investigator</RoleCode>
    </Investigator>
    <Institution>
      <Name>Columbia University</Name>
      <CityName>NEW YORK</CityName>
      <ZipCode>100276902</ZipCode>
      <PhoneNumber>2128546851</PhoneNumber>
      <StreetAddress>2960 Broadway</StreetAddress>
      <CountryName>United States</CountryName>
      <StateName>New York</StateName>
      <StateCode>NY</StateCode>
    </Institution>
    <FoaInformation>
      <Code>0308000</Code>
      <Name>Industrial Technology</Name>
    </FoaInformation>
    <ProgramElement>
      <Code>5514</Code>
      <Text>OPERATIONS RESEARCH</Text>
    </ProgramElement>
    <ProgramReference>
      <Code>9102</Code>
      <Text>WOMEN, MINORITY, DISABLED, NEC</Text>
    </ProgramReference>
    <ProgramReference>
      <Code>9147</Code>
      <Text>GENERIC TECHNOL FOR MANUFACTURING CELLS</Text>
    </ProgramReference>
    <ProgramReference>
      <Code>MANU</Code>
      <Text>MANUFACTURING</Text>
    </ProgramReference>
  </Award>
</rootTag>
