<?xml version="1.0" encoding="UTF-8"?>

<rootTag>
  <Award>
    <AwardTitle>Conference on Finite Simple Groups</AwardTitle>
    <AwardEffectiveDate>02/15/1997</AwardEffectiveDate>
    <AwardExpirationDate>01/31/1998</AwardExpirationDate>
    <AwardAmount>7340</AwardAmount>
    <AwardInstrument>
      <Value>Standard Grant</Value>
    </AwardInstrument>
    <Organization>
      <Code>03040300</Code>
      <Directorate>
        <LongName>Direct For Mathematical &amp; Physical Scien</LongName>
      </Directorate>
      <Division>
        <LongName>Division Of Mathematical Sciences</LongName>
      </Division>
    </Organization>
    <ProgramOfficer>
      <SignBlockName>Lance W. Small</SignBlockName>
    </ProgramOfficer>
    <AbstractNarration>9700735 Dodziuk In 1983, Daniel Gorenstein announced the completion of a major mathematical undertaking: the Classification of the Finite Simple Groups. In that same year Gorenstein and Richard Lyons of Rutgers University launched a project to write a coherent and largely self-contained proof of the classification theorem. By a combination of new ideas and improved organization the goal was to refine the existing 15,000 pages of journal articles down to a more readable 5,000 page proof. Publication of the series by the American Mathematics Society began in 1994 and two volumes have appeared to date. Recent exciting developments have accelerated the pace of activity in this field. This award supports a conference in which the principal players as well as young researchers can meet and chart the road map for future developments. A group is an algebraic system with a single operation obeying certain laws. Examples of groups are found everywhere in nature and their study has important applications to physics, chemistry , biology and communications. The finite simple groups are the fundamental building blocks of groups.</AbstractNarration>
    <MinAmdLetterDate>01/15/1997</MinAmdLetterDate>
    <MaxAmdLetterDate>01/15/1997</MaxAmdLetterDate>
    <ARRAAmount/>
    <AwardID>9700735</AwardID>
    <Investigator>
      <FirstName>Jozef</FirstName>
      <LastName>Dodziuk</LastName>
      <EmailAddress>jozek@derham.math.qc.edu</EmailAddress>
      <StartDate>01/15/1997</StartDate>
      <EndDate/>
      <RoleCode>Principal Investigator</RoleCode>
    </Investigator>
    <Investigator>
      <FirstName>Kenneth</FirstName>
      <LastName>Kramer</LastName>
      <EmailAddress>kramer@gc.cuny.edu</EmailAddress>
      <StartDate>01/15/1997</StartDate>
      <EndDate/>
      <RoleCode>Co-Principal Investigator</RoleCode>
    </Investigator>
    <Institution>
      <Name>CUNY Queens College</Name>
      <CityName>Flushing</CityName>
      <ZipCode>113671575</ZipCode>
      <PhoneNumber>7189975400</PhoneNumber>
      <StreetAddress>65 30 Kissena Blvd</StreetAddress>
      <CountryName>United States</CountryName>
      <StateName>New York</StateName>
      <StateCode>NY</StateCode>
    </Institution>
    <FoaInformation>
      <Code>0000099</Code>
      <Name>Other Applications NEC</Name>
    </FoaInformation>
    <ProgramElement>
      <Code>1264</Code>
      <Text>ALGEBRA,NUMBER THEORY,AND COM</Text>
    </ProgramElement>
    <ProgramReference>
      <Code>0000</Code>
      <Text>UNASSIGNED</Text>
    </ProgramReference>
    <ProgramReference>
      <Code>OTHR</Code>
      <Text>OTHER RESEARCH OR EDUCATION</Text>
    </ProgramReference>
  </Award>
</rootTag>
