<?xml version="1.0" encoding="UTF-8"?>

<rootTag>
  <Award>
    <AwardTitle>Dissertation Research: Higher Order Avian Systematics: Contributions of DNA Sequences to Questions in Avian Biology</AwardTitle>
    <AwardEffectiveDate>05/15/1997</AwardEffectiveDate>
    <AwardExpirationDate>04/30/1999</AwardExpirationDate>
    <AwardAmount>10000</AwardAmount>
    <AwardInstrument>
      <Value>Standard Grant</Value>
    </AwardInstrument>
    <Organization>
      <Code>08010207</Code>
      <Directorate>
        <LongName>Direct For Biological Sciences</LongName>
      </Directorate>
      <Division>
        <LongName>Division Of Environmental Biology</LongName>
      </Division>
    </Organization>
    <ProgramOfficer>
      <SignBlockName>Mary C. McKitrick</SignBlockName>
    </ProgramOfficer>
    <AbstractNarration>9700713 Harrison This award will provide funds for travel and for materials and supplies to enhance the dissertation research of Mr. Scott E. Stanley, a doctoral student at Cornell University who is working under the supervision of Dr. Richard Harrison. Mr. Stanley's dissertation research involves acquisition of DNA sequences from both mitochondrial and nuclear genomes in order to study phylogenetic relationships among higher orders of birds and among families of pelecaniform birds. Pelecaniforms include pelicans, cormorants, boobies, frigate birds, and tropic birds. The phylogenetics of orders of birds are controversial, particularly those between orders of large water birds, including pelecaniforms, procellariiforms (tube-nosed seabirds), gaviiformes (loons), podicipediformes (grebes), and sphenisciforms (penguins). The work by Stanley and Harrison will address many of the more long-standing taxonomic/phylogenetic issues, and in addition, test the performance of the mitochondrial and nuclear eenes with respect to phylogenetic reconstruction. Generation of such a large molecular data set also will provide an historical framework within which hypotheses concerning early avian evolution and morphological and behavioral evolution in birds can be tested rigorously. Support for training of graduate students in modern technologies is critical to maintain the workforce of scientists capable of addressing questions and issues in global biology.</AbstractNarration>
    <MinAmdLetterDate>05/05/1997</MinAmdLetterDate>
    <MaxAmdLetterDate>05/05/1997</MaxAmdLetterDate>
    <ARRAAmount/>
    <AwardID>9700713</AwardID>
    <Investigator>
      <FirstName>Richard</FirstName>
      <LastName>Harrison</LastName>
      <EmailAddress>rgh4@cornell.edu</EmailAddress>
      <StartDate>05/05/1997</StartDate>
      <EndDate/>
      <RoleCode>Principal Investigator</RoleCode>
    </Investigator>
    <Institution>
      <Name>Cornell Univ - State: AWDS MADE PRIOR MAY 2010</Name>
      <CityName>Ithica</CityName>
      <ZipCode>148502488</ZipCode>
      <PhoneNumber>6072555014</PhoneNumber>
      <StreetAddress>373 Pine Tree Road</StreetAddress>
      <CountryName>United States</CountryName>
      <StateName>New York</StateName>
      <StateCode>NY</StateCode>
    </Institution>
    <FoaInformation>
      <Code>0000099</Code>
      <Name>Other Applications NEC</Name>
    </FoaInformation>
  </Award>
</rootTag>
