<?xml version="1.0" encoding="UTF-8"?>

<rootTag>
  <Award>
    <AwardTitle>Rational Points on Algebraic Varieties</AwardTitle>
    <AwardEffectiveDate>09/01/1997</AwardEffectiveDate>
    <AwardExpirationDate>08/31/2000</AwardExpirationDate>
    <AwardAmount>66063</AwardAmount>
    <AwardInstrument>
      <Value>Standard Grant</Value>
    </AwardInstrument>
    <Organization>
      <Code>03040300</Code>
      <Directorate>
        <LongName>Direct For Mathematical &amp; Physical Scien</LongName>
      </Directorate>
      <Division>
        <LongName>Division Of Mathematical Sciences</LongName>
      </Division>
    </Organization>
    <ProgramOfficer>
      <SignBlockName>Robert Perlis</SignBlockName>
    </ProgramOfficer>
    <AbstractNarration>Wang 9700781 This award funds research into the following two distinct projects. (Project 1) In 1974, S. Lang made a conjecture which connects the geometry (hyperbolicity) of an algebraic variety defined over a number field with the arithmetic (Mordellicity) of the variety. The conjecture is true for curves and subvarieties of Abelian varieties. Little is known for other varieties. Professors Sarnak and Wang have shown that some hypersurfaces yield either a violation of the Hasse principle which is not accounted for by the Brauer--Manin obstruction or a violation of the above Lang's conjecture. Professor Wang will continue to investigate this problem for 0-cycles of degree 1. (Project 2) The densities of rational points on algebraic varieties have been studied extensively. Professor Wang plans to study weak approximation, Brauer--Manin obstruction and the modified Mazur's conjecture on the topology of rational points on the Hurwitz families, and more generally, on Hurwitz spaces. Since every variety is uniformized by Hurwitz spaces, this research will shed light on these problems in the general case. This research falls into the general mathematical field of Number Theory. It concerns the solutions to algebraic equations in whole numbers and generalizations. Number theory is among the oldest branches of mathematics and was pursued for many centuries for purely aesthetic reasons. However, within the last half century, it has become an indispensable tool in diverse applications in areas such as data transmission and processing, and communication systems.</AbstractNarration>
    <MinAmdLetterDate>07/25/1997</MinAmdLetterDate>
    <MaxAmdLetterDate>07/25/1997</MaxAmdLetterDate>
    <ARRAAmount/>
    <AwardID>9700781</AwardID>
    <Investigator>
      <FirstName>Lan</FirstName>
      <LastName>Wang</LastName>
      <EmailAddress>lanwang@umich.edu</EmailAddress>
      <StartDate>07/25/1997</StartDate>
      <EndDate/>
      <RoleCode>Principal Investigator</RoleCode>
    </Investigator>
    <Institution>
      <Name>University of Michigan Ann Arbor</Name>
      <CityName>Ann Arbor</CityName>
      <ZipCode>481091274</ZipCode>
      <PhoneNumber>7347636438</PhoneNumber>
      <StreetAddress>3003 South State St. Room 1062</StreetAddress>
      <CountryName>United States</CountryName>
      <StateName>Michigan</StateName>
      <StateCode>MI</StateCode>
    </Institution>
    <FoaInformation>
      <Code>0000099</Code>
      <Name>Other Applications NEC</Name>
    </FoaInformation>
  </Award>
</rootTag>
