<?xml version="1.0" encoding="UTF-8"?>

<rootTag>
  <Award>
    <AwardTitle>Advanced Interfaces to Scientific Databases</AwardTitle>
    <AwardEffectiveDate>09/15/1997</AwardEffectiveDate>
    <AwardExpirationDate>08/31/2001</AwardExpirationDate>
    <AwardAmount>549730</AwardAmount>
    <AwardInstrument>
      <Value>Continuing grant</Value>
    </AwardInstrument>
    <Organization>
      <Code>05020000</Code>
      <Directorate>
        <LongName>Direct For Computer &amp; Info Scie &amp; Enginr</LongName>
      </Directorate>
      <Division>
        <LongName>Div Of Information &amp; Intelligent Systems</LongName>
      </Division>
    </Organization>
    <ProgramOfficer>
      <SignBlockName>Maria Zemankova</SignBlockName>
    </ProgramOfficer>
    <AbstractNarration>Over the last decade, a dramatic increase has been observed in the ability of individual experimental scientists to generate and store data, which has not been matched by an equivalent development of adequate data management tools. ZOO is a generic Desktop Experiment Management Environment that can be customized and placed on the desks of many scientists to manage their experimental studies. Early experiences with a first prototype of Zoo have indicated that, as with general database systems, one of the biggest challenges lies with the system's user interface. The goal of this project is to investigate several hard problems related to advanced database user interfaces that appear particularly important for experiment management. These include problems related to schema visualization, experiment flow modeling, visual query languages, dynamic queries, approximate query answers, incremental queries, and others. This work proceeds in a tight loop between developing generic database user interface technology, incorporating the resulting techniques into ZOO, and installing customized enhancements of the tool in real-life experimentation environments for evaluation and feedback. The expected results of this research will advance the state of the art in database user interfaces and will be incorporated into the ZOO tools. Empowered with this fashion, ZOO will reach the necessary maturity to be placed in actual experiment production environments and enable scientists to manage their experimental studies efficiently and effectively.</AbstractNarration>
    <MinAmdLetterDate>09/08/1997</MinAmdLetterDate>
    <MaxAmdLetterDate>08/03/1999</MaxAmdLetterDate>
    <ARRAAmount/>
    <AwardID>9700799</AwardID>
    <Investigator>
      <FirstName>John</FirstName>
      <LastName>Norman</LastName>
      <EmailAddress>norman@calshp.cals.wisc.edu</EmailAddress>
      <StartDate>09/08/1997</StartDate>
      <EndDate/>
      <RoleCode>Co-Principal Investigator</RoleCode>
    </Investigator>
    <Investigator>
      <FirstName>Miron</FirstName>
      <LastName>Livny</LastName>
      <EmailAddress>miron@cs.wisc.edu</EmailAddress>
      <StartDate>09/08/1997</StartDate>
      <EndDate/>
      <RoleCode>Principal Investigator</RoleCode>
    </Investigator>
    <Investigator>
      <FirstName>Yannis</FirstName>
      <LastName>Ioannidis</LastName>
      <EmailAddress>yannis@cs.wisc.edu</EmailAddress>
      <StartDate>09/08/1997</StartDate>
      <EndDate/>
      <RoleCode>Co-Principal Investigator</RoleCode>
    </Investigator>
    <Institution>
      <Name>University of Wisconsin-Madison</Name>
      <CityName>MADISON</CityName>
      <ZipCode>537151218</ZipCode>
      <PhoneNumber>6082623822</PhoneNumber>
      <StreetAddress>21 North Park Street</StreetAddress>
      <CountryName>United States</CountryName>
      <StateName>Wisconsin</StateName>
      <StateCode>WI</StateCode>
    </Institution>
    <FoaInformation>
      <Code>0104000</Code>
      <Name>Information Systems</Name>
    </FoaInformation>
    <ProgramElement>
      <Code>1165</Code>
      <Text>ADVANCES IN BIO INFORMATICS</Text>
    </ProgramElement>
    <ProgramElement>
      <Code>6855</Code>
      <Text>INFORMATION &amp; KNOWLEDGE MANAGE</Text>
    </ProgramElement>
    <ProgramReference>
      <Code>9139</Code>
      <Text>INFORMATION INFRASTRUCTURE &amp; TECH APPL</Text>
    </ProgramReference>
    <ProgramReference>
      <Code>HPCC</Code>
      <Text>HIGH PERFORMANCE COMPUTING &amp; COMM</Text>
    </ProgramReference>
  </Award>
</rootTag>
