<?xml version="1.0" encoding="UTF-8"?>

<rootTag>
  <Award>
    <AwardTitle>US-India Cooperative Research: Evaluation &amp; Characterization of Composite Materials Under Dynamic Loading Conditions, Award in Indian and US Currencies</AwardTitle>
    <AwardEffectiveDate>08/01/1997</AwardEffectiveDate>
    <AwardExpirationDate>01/31/2001</AwardExpirationDate>
    <AwardAmount>24803</AwardAmount>
    <AwardInstrument>
      <Value>Standard Grant</Value>
    </AwardInstrument>
    <Organization>
      <Code>01090000</Code>
      <Directorate>
        <LongName>Office Of The Director</LongName>
      </Directorate>
      <Division>
        <LongName>Office Of Internatl Science &amp;Engineering</LongName>
      </Division>
    </Organization>
    <ProgramOfficer>
      <SignBlockName>Marjorie Lueck</SignBlockName>
    </ProgramOfficer>
    <AbstractNarration>9700869 Rao Description: This award is for a US-Indo research collaboration in the field of electrochemical sensors based on new cyanometalate modified electrodes. The co-investigators are Andrew Bocarsly of Princeton University and Prabhakara Rao of the Central Electrochemical Research Institute (CERI) in Tamil Nadu. Their studies will focus on the structure and reactivity of platinum(II) and palladium(II) complexes with cyanometallates that form polymeric structures. These materials form hydrogel-like structures with unusual photochemical and electrochemical properties. Bocarsly's interest is the solid-state properties of these materials, while Dr. Rao will pursue the potential sensor applications of these systems. Both groups are strongly grounded in electrochemistry and the use of electrochemical methods. The expertise and facilities available at these two laboratories are complementary and should be enhanced by the collaboration. Scope: This research will add an international component to domestic research that is currently funded by the NSF Division of Chemistry. The discussions leading to this collaboration have been thoughtful, deliberate and point to the potential that solid scientific work of mutual benefit will result. CERI is a research facility of the central government that is managed by the Council of Scientific and Industrial Research (CSIR). The mission of CSIR laboratories is to conduct research consistent with national priorities and India's development as an industrial nation. ***</AbstractNarration>
    <MinAmdLetterDate>08/06/1997</MinAmdLetterDate>
    <MaxAmdLetterDate>08/06/1997</MaxAmdLetterDate>
    <ARRAAmount/>
    <AwardID>9700670</AwardID>
    <Investigator>
      <FirstName>Arun</FirstName>
      <LastName>Shukla</LastName>
      <EmailAddress>shuklaa@egr.uri.edu</EmailAddress>
      <StartDate>08/06/1997</StartDate>
      <EndDate/>
      <RoleCode>Principal Investigator</RoleCode>
    </Investigator>
    <Institution>
      <Name>University of Rhode Island</Name>
      <CityName>KINGSTON</CityName>
      <ZipCode>028811967</ZipCode>
      <PhoneNumber>4018742635</PhoneNumber>
      <StreetAddress>RESEARCH OFFICE</StreetAddress>
      <CountryName>United States</CountryName>
      <StateName>Rhode Island</StateName>
      <StateCode>RI</StateCode>
    </Institution>
    <FoaInformation>
      <Code>0000099</Code>
      <Name>Other Applications NEC</Name>
    </FoaInformation>
    <FoaInformation>
      <Code>0106000</Code>
      <Name>Materials Research</Name>
    </FoaInformation>
    <FoaInformation>
      <Code>0109000</Code>
      <Name>Structural Technology</Name>
    </FoaInformation>
    <ProgramElement>
      <Code>5976</Code>
      <Text>AFRICA, NEAR EAST, &amp; SO ASIA</Text>
    </ProgramElement>
    <ProgramElement>
      <Code>6124</Code>
      <Text>INDIA (SCIENTIFIC RESEARCH)</Text>
    </ProgramElement>
    <ProgramReference>
      <Code>1037</Code>
      <Text>DETERIORATION SCIENCE</Text>
    </ProgramReference>
    <ProgramReference>
      <Code>CVIS</Code>
      <Text>CIVIL INFRASTRUCTURE</Text>
    </ProgramReference>
  </Award>
</rootTag>
