<?xml version="1.0" encoding="UTF-8"?>

<rootTag>
  <Award>
    <AwardTitle>GOALI/IUCP: Concurrent Optimization-Based Design of Multi-Component Systems with Multiple Views</AwardTitle>
    <AwardEffectiveDate>04/01/1997</AwardEffectiveDate>
    <AwardExpirationDate>12/31/2000</AwardExpirationDate>
    <AwardAmount>260251</AwardAmount>
    <AwardInstrument>
      <Value>Continuing grant</Value>
    </AwardInstrument>
    <Organization>
      <Code>07030000</Code>
      <Directorate>
        <LongName>Directorate For Engineering</LongName>
      </Directorate>
      <Division>
        <LongName>Div Of Civil, Mechanical, &amp; Manufact Inn</LongName>
      </Division>
    </Organization>
    <ProgramOfficer>
      <SignBlockName>George A. Hazelrigg</SignBlockName>
    </ProgramOfficer>
    <AbstractNarration>This project is for the development of a decision support tool for concurrent design of multi-component systems, such as power tools, that are subject to multiple views, such as design, manufacturing, and marketing considerations. The developed numerical tool will determine design attributes of a product system such that, given the product market demand, the highest possible utility of the design is achieved. The utility of the product design at the system's level will be modeled by a single utility (or objective) function. This function will be formulated to meet the goals of a business. The objective function at the systems level will be a function of the objectives at the subsystems (or components) level. The objective functions at the subsystems level will be formulated based on performance, quality, and cost metrics. Appropriate constraints will be imposed. The model will allow interactions and tradeoff explorations by a top-level decision maker, at the system-level, and by decision makers at the subsystems level. An application of the model to the design of a power tool will be demonstrated in order to obtain a compromise collaborative design solution. If successful, the results of this research will lead to increased level of concurrency in the engineering design process, reduce product design development time, reduce cost, and as a result make the US industry more competitive in the global marketplace.</AbstractNarration>
    <MinAmdLetterDate>03/31/1997</MinAmdLetterDate>
    <MaxAmdLetterDate>01/05/1999</MaxAmdLetterDate>
    <ARRAAmount/>
    <AwardID>9700059</AwardID>
    <Investigator>
      <FirstName>Gregory</FirstName>
      <LastName>Harris</LastName>
      <EmailAddress>greg.harris@bdk.com</EmailAddress>
      <StartDate>03/31/1997</StartDate>
      <EndDate/>
      <RoleCode>Co-Principal Investigator</RoleCode>
    </Investigator>
    <Investigator>
      <FirstName>Shapour</FirstName>
      <LastName>Azarm</LastName>
      <EmailAddress>azarm@umd.edu</EmailAddress>
      <StartDate>03/31/1997</StartDate>
      <EndDate/>
      <RoleCode>Principal Investigator</RoleCode>
    </Investigator>
    <Investigator>
      <FirstName>Gerald</FirstName>
      <LastName>Rescigno</LastName>
      <EmailAddress>jerry.rescigno@bdk.com</EmailAddress>
      <StartDate>03/31/1997</StartDate>
      <EndDate/>
      <RoleCode>Co-Principal Investigator</RoleCode>
    </Investigator>
    <Institution>
      <Name>University of Maryland College Park</Name>
      <CityName>COLLEGE PARK</CityName>
      <ZipCode>207425141</ZipCode>
      <PhoneNumber>3014056269</PhoneNumber>
      <StreetAddress>3112 LEE BLDG 7809 Regents Drive</StreetAddress>
      <CountryName>United States</CountryName>
      <StateName>Maryland</StateName>
      <StateCode>MD</StateCode>
    </Institution>
    <FoaInformation>
      <Code>0308000</Code>
      <Name>Industrial Technology</Name>
    </FoaInformation>
    <ProgramElement>
      <Code>1464</Code>
      <Text>ENGINEERING DESIGN AND INNOVAT</Text>
    </ProgramElement>
    <ProgramElement>
      <Code>1504</Code>
      <Text>GRANT OPP FOR ACAD LIA W/INDUS</Text>
    </ProgramElement>
    <ProgramReference>
      <Code>1049</Code>
      <Text>INDUSTRY-UNIV COOPERATIVE RSCH PROJECTS</Text>
    </ProgramReference>
    <ProgramReference>
      <Code>1464</Code>
      <Text>ENGINEERING DESIGN AND INNOVAT</Text>
    </ProgramReference>
    <ProgramReference>
      <Code>1504</Code>
      <Text>GRANT OPP FOR ACAD LIA W/INDUS</Text>
    </ProgramReference>
    <ProgramReference>
      <Code>9148</Code>
      <Text>TOOLS &amp; TECHNOL FOR MANUFACTURING DESIGN</Text>
    </ProgramReference>
    <ProgramReference>
      <Code>MANU</Code>
      <Text>MANUFACTURING</Text>
    </ProgramReference>
  </Award>
</rootTag>
