<?xml version="1.0" encoding="UTF-8"?>

<rootTag>
  <Award>
    <AwardTitle>Chemo-enzymatic Approach to Carbohydrate Recognition</AwardTitle>
    <AwardEffectiveDate>04/01/1997</AwardEffectiveDate>
    <AwardExpirationDate>03/31/2001</AwardExpirationDate>
    <AwardAmount>515000</AwardAmount>
    <AwardInstrument>
      <Value>Continuing grant</Value>
    </AwardInstrument>
    <Organization>
      <Code>03090003</Code>
      <Directorate>
        <LongName>Direct For Mathematical &amp; Physical Scien</LongName>
      </Directorate>
      <Division>
        <LongName>Division Of Chemistry</LongName>
      </Division>
    </Organization>
    <ProgramOfficer>
      <SignBlockName>Kenneth M. Doxsee</SignBlockName>
    </ProgramOfficer>
    <AbstractNarration>One focus of this research is the development of new methods for the solid-phase synthesis of glycosylated ribonuclease A using an engineered subtilisin and glycosyltransferase as catalysts. The second focus is the development of simple and conformationally constrained mimetics of sialyl Lewis X, a tetrasaccharide ligand binding to E- and P-selectin during inflammatory reactions and metastasis, with improved stability toward enzymatic hydrolysis and higher affinity than the parent ligand for the receptor. With this renewal award, the Synthetic Organic Program is supporting the research of Dr. Chi-Huey Wong of the Department of Chemistry at the Scripps Research Institute. Professor Wong will focus his work on developing new and practical chemo-enzymatic methods for the synthesis of glycoproteins and complex carbohydrate mimetics in order to study the effects of carbohydrates on protein structure and function, to probe carbohydrate-receptor interaction and to exploit carbohydrate-based therapeutic potential.</AbstractNarration>
    <MinAmdLetterDate>02/05/1997</MinAmdLetterDate>
    <MaxAmdLetterDate>04/01/1999</MaxAmdLetterDate>
    <ARRAAmount/>
    <AwardID>9700391</AwardID>
    <Investigator>
      <FirstName>Chi-Huey</FirstName>
      <LastName>Wong</LastName>
      <EmailAddress>wong@scripps.edu</EmailAddress>
      <StartDate>02/05/1997</StartDate>
      <EndDate/>
      <RoleCode>Principal Investigator</RoleCode>
    </Investigator>
    <Institution>
      <Name>The Scripps Research Institute</Name>
      <CityName>LA JOLLA</CityName>
      <ZipCode>920371000</ZipCode>
      <PhoneNumber>8587848653</PhoneNumber>
      <StreetAddress>10550 N TORREY PINES RD</StreetAddress>
      <CountryName>United States</CountryName>
      <StateName>California</StateName>
      <StateCode>CA</StateCode>
    </Institution>
    <FoaInformation>
      <Code>0000099</Code>
      <Name>Other Applications NEC</Name>
    </FoaInformation>
    <ProgramElement>
      <Code>1950</Code>
      <Text>METHODOLOGY</Text>
    </ProgramElement>
    <ProgramReference>
      <Code>9146</Code>
      <Text>MANUFACTURING BASE RESEARCH</Text>
    </ProgramReference>
    <ProgramReference>
      <Code>9183</Code>
      <Text>GENERAL FOUNDATIONS OF BIOTECHNOLOGY</Text>
    </ProgramReference>
    <ProgramReference>
      <Code>BIOT</Code>
      <Text>BIOTECHNOLOGY</Text>
    </ProgramReference>
    <ProgramReference>
      <Code>MANU</Code>
      <Text>MANUFACTURING</Text>
    </ProgramReference>
  </Award>
</rootTag>
