<?xml version="1.0" encoding="UTF-8"?>

<rootTag>
  <Award>
    <AwardTitle>Shear Banding and Shear Fracture of Polycarbonate</AwardTitle>
    <AwardEffectiveDate>05/01/1997</AwardEffectiveDate>
    <AwardExpirationDate>10/31/2000</AwardExpirationDate>
    <AwardAmount>244952</AwardAmount>
    <AwardInstrument>
      <Value>Continuing grant</Value>
    </AwardInstrument>
    <Organization>
      <Code>07030000</Code>
      <Directorate>
        <LongName>Directorate For Engineering</LongName>
      </Directorate>
      <Division>
        <LongName>Div Of Civil, Mechanical, &amp; Manufact Inn</LongName>
      </Division>
    </Organization>
    <ProgramOfficer>
      <SignBlockName>Jorn Larsen-Basse</SignBlockName>
    </ProgramOfficer>
    <AbstractNarration>Ravi-Chandar 9700449 The University of Houston proposes a three-year effort aimed at investigating the phenomenon of dynamic shear banding and shear fracture in ductile polymers, specifically polycarbonate. It is proposed to perform experiments to characterize the high strain-rate thermomechanical behavior of polycarbonate, to study shear banding and shear failure and the associated failure mode transitions, and to compare these with experiments on the metallic materials that are known to exhibit a similar behavior. Split Hopkinson pressure bar and torsion bar experiments will be used to characterize the high strain rate constitutive behavior of polycarbonate; high speed photography combined with photoelasticity and high speed photomicrography will be used to investigate the mechanics and mechanisms of shear banding and failure mode transitions; temperature measurements using high speed infrared detectors will be used to examine the role of temperature on the onset and growth of the shear banding localization. Similar experiments will be performed in a metallic material that also exhibits shear banding/shear failure mode transitions for comparison. This basic research will lead to a better understanding of the mechanisms and mechanics of shear banding and failure mode transitions in ductile polymers. If the reasons for the similarities between the observed behavior of polycarbonate and some metallic materials are understood, this work will provide insight into shear banding in a wide range of materials. The effect of superimposed static loading or displacement constraints on failure mode transitions could have significant technological implications for the design of structures resistant to impact damage and is proposed to be investigated.</AbstractNarration>
    <MinAmdLetterDate>05/05/1997</MinAmdLetterDate>
    <MaxAmdLetterDate>05/03/1999</MaxAmdLetterDate>
    <ARRAAmount/>
    <AwardID>9700449</AwardID>
    <Investigator>
      <FirstName>Krishnaswamy</FirstName>
      <LastName>Ravi-Chandar</LastName>
      <EmailAddress>kravi@mail.utexas.edu</EmailAddress>
      <StartDate>05/05/1997</StartDate>
      <EndDate/>
      <RoleCode>Principal Investigator</RoleCode>
    </Investigator>
    <Institution>
      <Name>University of Houston</Name>
      <CityName>Houston</CityName>
      <ZipCode>772042015</ZipCode>
      <PhoneNumber>7137435773</PhoneNumber>
      <StreetAddress>4800 Calhoun Boulevard</StreetAddress>
      <CountryName>United States</CountryName>
      <StateName>Texas</StateName>
      <StateCode>TX</StateCode>
    </Institution>
    <FoaInformation>
      <Code>0106000</Code>
      <Name>Materials Research</Name>
    </FoaInformation>
    <FoaInformation>
      <Code>0308000</Code>
      <Name>Industrial Technology</Name>
    </FoaInformation>
    <ProgramElement>
      <Code>1446</Code>
      <Text>MATERIALS</Text>
    </ProgramElement>
    <ProgramReference>
      <Code>9161</Code>
      <Text>SINGLE DIVISION/UNIVERSITY</Text>
    </ProgramReference>
    <ProgramReference>
      <Code>9231</Code>
      <Text>SUPPL FOR UNDERGRAD RES ASSIST</Text>
    </ProgramReference>
    <ProgramReference>
      <Code>AMPP</Code>
      <Text>ADVANCED MATERIALS &amp; PROCESSING PROGRAM</Text>
    </ProgramReference>
  </Award>
</rootTag>
