<?xml version="1.0" encoding="UTF-8"?>

<rootTag>
  <Award>
    <AwardTitle>Applications of Algorithmic Techniques</AwardTitle>
    <AwardEffectiveDate>08/01/1997</AwardEffectiveDate>
    <AwardExpirationDate>07/31/2000</AwardExpirationDate>
    <AwardAmount>118672</AwardAmount>
    <AwardInstrument>
      <Value>Standard Grant</Value>
    </AwardInstrument>
    <Organization>
      <Code>05010100</Code>
      <Directorate>
        <LongName>Direct For Computer &amp; Info Scie &amp; Enginr</LongName>
      </Directorate>
      <Division>
        <LongName>Division of Computing and Communication Foundations</LongName>
      </Division>
    </Organization>
    <ProgramOfficer>
      <SignBlockName>Yechezkel Zalcstein</SignBlockName>
    </ProgramOfficer>
    <AbstractNarration>This research will address a number of different topics in the design and implementation of algorithms. The common theme of the research is application of advanced algorithmic techniques techniques to practical problems. Four specific problem areas are under investigation: (1) N-body Simulation: This is a collaborative project with the UW Department of Astronomy studying N-body simulation. The basic objective is to improve the algorithms and data structures used for massive simulations. The scale of simulations raise quite a few interesting computational geometry problems. (2) Constraint Satisfaction: One method of developing graphical user interfaces is to use a system of constraints to specify the behavior of the interface. Algorithms will be developed to solve the types of constraint systems which arise in this domain. There will be particular emphasis on constraint hierarchies, and on the efficiency of solutions. (3) The Traveling Tourist Problem: The problem is to visit a set of cities in minimum time where travel is restricted to a periodic timetable. In other words, it is the traveling salesman Problem restricted to public transportation. Heuristic and exact algorithms for this problem will be developed and implemented. (4) Model Checking Software Specification: A technique from hardware verification will be applied to a major problem in software engineering. In the last several years, symbolic model checking has become a very important tool for hardware verification. This project is to investigate whether model checking can also be applied successfully to evaluate software specifications. The specification of TCAS, a collision avoidance system used in commercial aircraft will be a major case study for the project.</AbstractNarration>
    <MinAmdLetterDate>08/01/1997</MinAmdLetterDate>
    <MaxAmdLetterDate>12/03/1999</MaxAmdLetterDate>
    <ARRAAmount/>
    <AwardID>9700660</AwardID>
    <Investigator>
      <FirstName>Richard</FirstName>
      <LastName>Anderson</LastName>
      <EmailAddress>anderson@cs.washington.edu</EmailAddress>
      <StartDate>08/01/1997</StartDate>
      <EndDate/>
      <RoleCode>Principal Investigator</RoleCode>
    </Investigator>
    <Institution>
      <Name>University of Washington</Name>
      <CityName>Seattle</CityName>
      <ZipCode>981950001</ZipCode>
      <PhoneNumber>2065434043</PhoneNumber>
      <StreetAddress>4333 Brooklyn Ave NE</StreetAddress>
      <CountryName>United States</CountryName>
      <StateName>Washington</StateName>
      <StateCode>WA</StateCode>
    </Institution>
    <FoaInformation>
      <Code>0000099</Code>
      <Name>Other Applications NEC</Name>
    </FoaInformation>
    <ProgramElement>
      <Code>2860</Code>
      <Text>THEORY OF COMPUTING</Text>
    </ProgramElement>
    <ProgramReference>
      <Code>9216</Code>
      <Text>ADVANCED SOFTWARE TECH &amp; ALGOR</Text>
    </ProgramReference>
    <ProgramReference>
      <Code>HPCC</Code>
      <Text>HIGH PERFORMANCE COMPUTING &amp; COMM</Text>
    </ProgramReference>
  </Award>
</rootTag>
