<?xml version="1.0" encoding="UTF-8"?>

<rootTag>
  <Award>
    <AwardTitle>Engineering Researh Equipment: Experiments in Control of Constrained Nonsmooth Mechanical Systems</AwardTitle>
    <AwardEffectiveDate>06/01/1997</AwardEffectiveDate>
    <AwardExpirationDate>06/30/1999</AwardExpirationDate>
    <AwardAmount>36500</AwardAmount>
    <AwardInstrument>
      <Value>Standard Grant</Value>
    </AwardInstrument>
    <Organization>
      <Code>07030000</Code>
      <Directorate>
        <LongName>Directorate For Engineering</LongName>
      </Directorate>
      <Division>
        <LongName>Div Of Civil, Mechanical, &amp; Manufact Inn</LongName>
      </Division>
    </Organization>
    <ProgramOfficer>
      <SignBlockName>Alison Flatau</SignBlockName>
    </ProgramOfficer>
    <AbstractNarration>This REG award provides funds for the purchase of research equipment related to experiments in control of constrained non smooth mechanical systems. The equipment comprises of a two axis direct drive motion setup, digital oscilloscope, force sensor, deburring tools, data acquisition cards, power supplies and amplifiers, and computers for simulations and real time control. The research addresses applications of the results from the theory of non-smooth differential equations to the modeling and control of constrained mechanical systems, which are characterized by nonlinear differential-algebraic equations and often such phenomena as Coulomb friction,saturation dead zones and backlash. The equipment will facilitate experiments in automation of surface finishing operations,utilizing the unique methodology developed for such operations, and will identify new research directions in the area of control applications of non smooth mechanical systems. In addition, it will be used as a testbed for automated deburring, grinding, and other edge finishing operations, the behavior of which can be accurately described by non-smooth mechanical system dynamics. The knowledge base developed from the proposed experiments on the test-bed will provide significant insight towards solving some of the problems associated with complex real-world automated surface finishing operations in the industry. Besides advancing the fundamental knowledge in control theory and its applications, experiments conducted on the proposed equipment will also prepare students for industrial employment with added training in mechatronics, i.e., integration of system dynamics, control theory, process dynamics and real-time control implementation.</AbstractNarration>
    <MinAmdLetterDate>05/14/1997</MinAmdLetterDate>
    <MaxAmdLetterDate>03/03/1999</MaxAmdLetterDate>
    <ARRAAmount/>
    <AwardID>9700026</AwardID>
    <Investigator>
      <FirstName>Prabhakar</FirstName>
      <LastName>Pagilla</LastName>
      <EmailAddress>ppagilla@tamu.edu</EmailAddress>
      <StartDate>05/14/1997</StartDate>
      <EndDate/>
      <RoleCode>Principal Investigator</RoleCode>
    </Investigator>
    <Institution>
      <Name>Oklahoma State University</Name>
      <CityName>Stillwater</CityName>
      <ZipCode>740781011</ZipCode>
      <PhoneNumber>4057449995</PhoneNumber>
      <StreetAddress>101 WHITEHURST HALL</StreetAddress>
      <CountryName>United States</CountryName>
      <StateName>Oklahoma</StateName>
      <StateCode>OK</StateCode>
    </Institution>
    <FoaInformation>
      <Code>0308000</Code>
      <Name>Industrial Technology</Name>
    </FoaInformation>
    <ProgramElement>
      <Code>1445</Code>
      <Text>DYNAMICS &amp; CONTROL</Text>
    </ProgramElement>
    <ProgramReference>
      <Code>9146</Code>
      <Text>MANUFACTURING BASE RESEARCH</Text>
    </ProgramReference>
    <ProgramReference>
      <Code>MANU</Code>
      <Text>MANUFACTURING</Text>
    </ProgramReference>
  </Award>
</rootTag>
