<?xml version="1.0" encoding="UTF-8"?>

<rootTag>
  <Award>
    <AwardTitle>A Methodology for the Analysis of Rotating Mechanical Systems</AwardTitle>
    <AwardEffectiveDate>06/01/1997</AwardEffectiveDate>
    <AwardExpirationDate>05/31/2000</AwardExpirationDate>
    <AwardAmount>151243</AwardAmount>
    <AwardInstrument>
      <Value>Continuing grant</Value>
    </AwardInstrument>
    <Organization>
      <Code>07030000</Code>
      <Directorate>
        <LongName>Directorate For Engineering</LongName>
      </Directorate>
      <Division>
        <LongName>Div Of Civil, Mechanical, &amp; Manufact Inn</LongName>
      </Division>
    </Organization>
    <ProgramOfficer>
      <SignBlockName>Alison Flatau</SignBlockName>
    </ProgramOfficer>
    <AbstractNarration>This research project deals with an in-depth analysis of rotating mechanical systems. Such systems are modelled by ordinary differential equations with periodically varying coefficients. The models are very often high-dimensional, possess non-linearities that cannot be neglected, and depend on many widely varying design parameters. The point-mapping based methodology used in this research combines the advantages of analytical methods that allow qualitative analysis and the ability of numerical methods to analyze high-order systems with parameters varying over a large range. The point mapping approach results in an analytical representation of discrete-time dynamics of the rotating system. The equations for steady-state solutions, conditions of stability and bifurcation of these solutions, and sensitivity of the system's behavior to design parameters are formulated in terms of closed-form algebraic equations. The analytical formulation allows design tradeoffs to be performed using computer algebra. The research includes development and implementation of the theoretical and computational aspects of the point mapping based methodology, and study of important classes of rotating systems. In each application, a detailed sensitivity and design tradeoff analysis as a function of system parameters is performed using high-speed computation algorithms. +?+¬ ó ¬ñ«¬^áúú¬^Ñ¿«ñ +?+¬ ó ¬ñ«¬^áúú¬^½¿? +?+¬</AbstractNarration>
    <MinAmdLetterDate>05/16/1997</MinAmdLetterDate>
    <MaxAmdLetterDate>05/18/1998</MaxAmdLetterDate>
    <ARRAAmount/>
    <AwardID>9700467</AwardID>
    <Investigator>
      <FirstName>Henryk</FirstName>
      <LastName>Flashner</LastName>
      <EmailAddress>hflashne@usc.edu</EmailAddress>
      <StartDate>05/16/1997</StartDate>
      <EndDate/>
      <RoleCode>Principal Investigator</RoleCode>
    </Investigator>
    <Investigator>
      <FirstName>Ramesh</FirstName>
      <LastName>Guttalu</LastName>
      <EmailAddress/>
      <StartDate>05/16/1997</StartDate>
      <EndDate/>
      <RoleCode>Co-Principal Investigator</RoleCode>
    </Investigator>
    <Institution>
      <Name>University of Southern California</Name>
      <CityName>Los Angeles</CityName>
      <ZipCode>900890001</ZipCode>
      <PhoneNumber>2137407762</PhoneNumber>
      <StreetAddress>University Park</StreetAddress>
      <CountryName>United States</CountryName>
      <StateName>California</StateName>
      <StateCode>CA</StateCode>
    </Institution>
  </Award>
</rootTag>
