<?xml version="1.0" encoding="UTF-8"?>

<rootTag>
  <Award>
    <AwardTitle>Contact State Space: Automatic Generation, Reasoning, and Search</AwardTitle>
    <AwardEffectiveDate>05/15/1997</AwardEffectiveDate>
    <AwardExpirationDate>12/31/2003</AwardExpirationDate>
    <AwardAmount>405367</AwardAmount>
    <AwardInstrument>
      <Value>Continuing grant</Value>
    </AwardInstrument>
    <Organization>
      <Code>05020000</Code>
      <Directorate>
        <LongName>Direct For Computer &amp; Info Scie &amp; Enginr</LongName>
      </Directorate>
      <Division>
        <LongName>Div Of Information &amp; Intelligent Systems</LongName>
      </Division>
    </Organization>
    <ProgramOfficer>
      <SignBlockName>Junku Yuh</SignBlockName>
    </ProgramOfficer>
    <AbstractNarration>In many robotic manipulation tasks, especially assembly tasks, motion of objects in contact is common and even desired in order to reduce uncertainties. An important tool in dealing with motion in contact is reasoning about contact states, which is the focus of this project. Specifically, this research has two major goals: (1) to investigate proper representation of discrete contact states and state transitions, and (2) to investigate criteria and techniques for automatic planning of contact motions in terms of contact state transitions. The first major research goal responds to the fact that although various ways of representing discrete contact states for polyhedra have been proposed in related research, there is a lack of general and systematic investigation on the best way(s) of defining/representing contact states and state transitions based on certain important criteria, such as (i) how easy it is to describe/represent state transitions, and (ii) how easy it is to distinguish adjacent states. The first criterion is important from the need of automatic generation of contact state space. The second criterion, addressing the granularity of representation, is particularly important from the need of automatic identification of contact states in the presence of uncertainties. The second major research goal is closely related to the first one and is particularly aimed at flexible assembly tasks. In pursuing both goals, theoretical concepts will be validated by experimental implementations and executions. This will result in a fundamental understanding of the physics of the most common assembly tasks and relate this knowledge quantitatively to the planning processes which can perform them in flexible assembly. This collaborative effort is expected to lead to results that will significantly impact the design, evaluation, generation and execution of conta ct-motion plans for automatic assembly in general.</AbstractNarration>
    <MinAmdLetterDate>05/09/1997</MinAmdLetterDate>
    <MaxAmdLetterDate>06/30/2003</MaxAmdLetterDate>
    <ARRAAmount/>
    <AwardID>9700412</AwardID>
    <Investigator>
      <FirstName>Jing</FirstName>
      <LastName>Xiao</LastName>
      <EmailAddress>xiao@uncc.edu</EmailAddress>
      <StartDate>03/01/2001</StartDate>
      <EndDate/>
      <RoleCode>Principal Investigator</RoleCode>
    </Investigator>
    <Investigator>
      <FirstName>Zbigniew</FirstName>
      <LastName>Ras</LastName>
      <EmailAddress>ras@uncc.edu</EmailAddress>
      <StartDate>07/09/1998</StartDate>
      <EndDate>03/01/2001</EndDate>
      <RoleCode>Former Principal Investigator</RoleCode>
    </Investigator>
    <Investigator>
      <FirstName>Robert</FirstName>
      <LastName>Sturges</LastName>
      <EmailAddress>sturges@vt.edu</EmailAddress>
      <StartDate>05/09/1997</StartDate>
      <EndDate/>
      <RoleCode>Co-Principal Investigator</RoleCode>
    </Investigator>
    <Institution>
      <Name>University of North Carolina at Charlotte</Name>
      <CityName>CHARLOTTE</CityName>
      <ZipCode>282230001</ZipCode>
      <PhoneNumber>7046871888</PhoneNumber>
      <StreetAddress>9201 University City Boulevard</StreetAddress>
      <CountryName>United States</CountryName>
      <StateName>North Carolina</StateName>
      <StateCode>NC</StateCode>
    </Institution>
    <FoaInformation>
      <Code>0104000</Code>
      <Name>Information Systems</Name>
    </FoaInformation>
    <ProgramElement>
      <Code>6840</Code>
      <Text>ROBOTICS</Text>
    </ProgramElement>
    <ProgramElement>
      <Code>6856</Code>
      <Text>ARTIFICIAL INTELL &amp; COGNIT SCI</Text>
    </ProgramElement>
    <ProgramReference>
      <Code>0000</Code>
      <Text>UNASSIGNED</Text>
    </ProgramReference>
    <ProgramReference>
      <Code>OTHR</Code>
      <Text>OTHER RESEARCH OR EDUCATION</Text>
    </ProgramReference>
    <ProgramReference>
      <Code>9139</Code>
      <Text>INFORMATION INFRASTRUCTURE &amp; TECH APPL</Text>
    </ProgramReference>
    <ProgramReference>
      <Code>HPCC</Code>
      <Text>HIGH PERFORMANCE COMPUTING &amp; COMM</Text>
    </ProgramReference>
    <ProgramReference>
      <Code>9218</Code>
      <Text>BASIC RESEARCH &amp; HUMAN RESORCS</Text>
    </ProgramReference>
  </Award>
</rootTag>
