<?xml version="1.0" encoding="UTF-8"?>

<rootTag>
  <Award>
    <AwardTitle>Purchase of X-Ray Diffractometer with CCD Based Detector</AwardTitle>
    <AwardEffectiveDate>02/01/1997</AwardEffectiveDate>
    <AwardExpirationDate>01/31/1999</AwardExpirationDate>
    <AwardAmount>201000</AwardAmount>
    <AwardInstrument>
      <Value>Standard Grant</Value>
    </AwardInstrument>
    <Organization>
      <Code>03090002</Code>
      <Directorate>
        <LongName>Direct For Mathematical &amp; Physical Scien</LongName>
      </Directorate>
      <Division>
        <LongName>Division Of Chemistry</LongName>
      </Division>
    </Organization>
    <ProgramOfficer>
      <SignBlockName>Joan M. Frye</SignBlockName>
    </ProgramOfficer>
    <AbstractNarration>This award from the Chemistry Research Instrumentation and Facilities Program will assist the Department of Chemistry at Cornell University to acquire a Siemen's SMART X-ray diffractometer equipped with a CCD detector.This equipment will enhance research in a number of areas including the following: (1) natural products, (2) novel solid state compounds, (3) X-ray crystallographic studies of purine and pyrimidine nucleoside analogs, (4) application of X-ray crystallographic to chemical ecology, (5) biologically-inspired advanced materials, and (6) metal organic chemistry. The X-ray diffractometer is used to make accurate and precise measurements of the full three dimensional structure of a molecule. The information obtained gives the precise values of all the bond distances and bond angles of a given molecule and it gives accurate information about the spatial arrangement of the molecule relative to the neighboring molecules.</AbstractNarration>
    <MinAmdLetterDate>03/21/1997</MinAmdLetterDate>
    <MaxAmdLetterDate>03/21/1997</MaxAmdLetterDate>
    <ARRAAmount/>
    <AwardID>9700441</AwardID>
    <Investigator>
      <FirstName>Bruce</FirstName>
      <LastName>Ganem</LastName>
      <EmailAddress>bg18@cornell.edu</EmailAddress>
      <StartDate>03/21/1997</StartDate>
      <EndDate/>
      <RoleCode>Principal Investigator</RoleCode>
    </Investigator>
    <Institution>
      <Name>Cornell University</Name>
      <CityName>Ithaca</CityName>
      <ZipCode>148502820</ZipCode>
      <PhoneNumber>6072555014</PhoneNumber>
      <StreetAddress>373 Pine Tree Road</StreetAddress>
      <CountryName>United States</CountryName>
      <StateName>New York</StateName>
      <StateCode>NY</StateCode>
    </Institution>
    <FoaInformation>
      <Code>0000099</Code>
      <Name>Other Applications NEC</Name>
    </FoaInformation>
    <ProgramElement>
      <Code>1938</Code>
      <Text>CHEMICAL INSTRUMENTATION</Text>
    </ProgramElement>
    <ProgramReference>
      <Code>9161</Code>
      <Text>SINGLE DIVISION/UNIVERSITY</Text>
    </ProgramReference>
    <ProgramReference>
      <Code>9181</Code>
      <Text>BIOPROCESSING/BIOMOLECULAR MATERIALS</Text>
    </ProgramReference>
    <ProgramReference>
      <Code>AMPP</Code>
      <Text>ADVANCED MATERIALS &amp; PROCESSING PROGRAM</Text>
    </ProgramReference>
    <ProgramReference>
      <Code>BIOT</Code>
      <Text>BIOTECHNOLOGY</Text>
    </ProgramReference>
  </Award>
</rootTag>
