<?xml version="1.0" encoding="UTF-8"?>

<rootTag>
  <Award>
    <AwardTitle>Synthesis and Properties of Quasicrystalline and Crystalline Intermetallic Compounds with Bandgap</AwardTitle>
    <AwardEffectiveDate>12/15/1997</AwardEffectiveDate>
    <AwardExpirationDate>11/30/2001</AwardExpirationDate>
    <AwardAmount>255000</AwardAmount>
    <AwardInstrument>
      <Value>Standard Grant</Value>
    </AwardInstrument>
    <Organization>
      <Code>03070003</Code>
      <Directorate>
        <LongName>Direct For Mathematical &amp; Physical Scien</LongName>
      </Directorate>
      <Division>
        <LongName>Division Of Materials Research</LongName>
      </Division>
    </Organization>
    <ProgramOfficer>
      <SignBlockName>H. Hollis Wickman</SignBlockName>
    </ProgramOfficer>
    <AbstractNarration>9700584 Poon A comprehensive study of electronic properties in intermetallic alloys is proposed, the goals are to understand the nature of the insulating state, the metal- insulator transition and the strong electronic anisotropy recently observed in some quasicrystalline alloys as well as to explore the roles of atomic-scale order and chemistry in electron transport and bandgap formation in inermetallic compounds. The spin-off of the project will be to identify new thermoelectric materials for high-temperature applications. The project is a widely collaborative one, it involves experts from several areas to study structure- chemistry-property relationships. The principal investigator will carry out synthesis and structural characterization of alloys, measurements of conductivity, specific heat, Hall effect, and thermopower. Other collaborators will utilize optical conductivity, x-ray spectroscopy, electron tunneling, and nuclear magnetic resonance to probe electronic structure. Effects of structure on properties will be studied by advanced electron microscopy and nuclear magnetic resonance techniques. %%% Physicists and materials scientists are interested in unusual crystal structures because unusual atomic arrangements in solids provide new challenges for understanding organization and order in nature. Equally important, unusual physical properties are expected to be seen in novel materials. Our research project focuses on comprehensive study and further exploration of electronic properties of metallic alloys including those that exhibit noncrystalline structures, known as quasicrystals. The project is a widely collaborative one, involving several groups world-wide to contribute to a variety of experimental measurements. It has been shown that some of the titled alloy compounds based on metals can become nonmetals, several of them even exhibit electronic phenomena similar to those observed in semiconductors such as silicon and germanium. The re are indications that the new alloys are potentially good thermoelectric materials. ***</AbstractNarration>
    <MinAmdLetterDate>12/05/1997</MinAmdLetterDate>
    <MaxAmdLetterDate>12/05/1997</MaxAmdLetterDate>
    <ARRAAmount/>
    <AwardID>9700584</AwardID>
    <Investigator>
      <FirstName>Joseph</FirstName>
      <LastName>Poon</LastName>
      <EmailAddress>sjp9x@virginia.edu</EmailAddress>
      <StartDate>12/05/1997</StartDate>
      <EndDate/>
      <RoleCode>Principal Investigator</RoleCode>
    </Investigator>
    <Institution>
      <Name>University of Virginia Main Campus</Name>
      <CityName>CHARLOTTESVILLE</CityName>
      <ZipCode>229044195</ZipCode>
      <PhoneNumber>4349244270</PhoneNumber>
      <StreetAddress>P.O. BOX 400195</StreetAddress>
      <CountryName>United States</CountryName>
      <StateName>Virginia</StateName>
      <StateCode>VA</StateCode>
    </Institution>
    <FoaInformation>
      <Code>0106000</Code>
      <Name>Materials Research</Name>
    </FoaInformation>
    <ProgramElement>
      <Code>1710</Code>
      <Text>CONDENSED MATTER PHYSICS</Text>
    </ProgramElement>
    <ProgramElement>
      <Code>1771</Code>
      <Text>METAL &amp; METALLIC NANOSTRUCTURE</Text>
    </ProgramElement>
    <ProgramReference>
      <Code>9161</Code>
      <Text>SINGLE DIVISION/UNIVERSITY</Text>
    </ProgramReference>
    <ProgramReference>
      <Code>AMPP</Code>
      <Text>ADVANCED MATERIALS &amp; PROCESSING PROGRAM</Text>
    </ProgramReference>
  </Award>
</rootTag>
