<?xml version="1.0" encoding="UTF-8"?>

<rootTag>
  <Award>
    <AwardTitle>Dissertation Research: The Evolution of Pheromone Binding Proteins in Moths: Evidence for Directional Selection</AwardTitle>
    <AwardEffectiveDate>06/01/1997</AwardEffectiveDate>
    <AwardExpirationDate>05/31/1999</AwardExpirationDate>
    <AwardAmount>10000</AwardAmount>
    <AwardInstrument>
      <Value>Standard Grant</Value>
    </AwardInstrument>
    <Organization>
      <Code>08090300</Code>
      <Directorate>
        <LongName>Direct For Biological Sciences</LongName>
      </Directorate>
      <Division>
        <LongName>Division Of Integrative Organismal Sys</LongName>
      </Division>
    </Organization>
    <ProgramOfficer>
      <SignBlockName>Zoe Eppley</SignBlockName>
    </ProgramOfficer>
    <AbstractNarration>Harrison 9700704 Pheromones are used by a large number of insects to attract mates. In the Lepidoptera pheromone binding proteins (PBPs) play a role in the binding and transpmrting of pheromones in the male antennae. PBPs should be subject to directional selection to bind new pheromones efficiently when a pheromone changes, but this prediction has not been tested rigorously. Three different methods will be used to detect selection; each method involves comparison of PBP gene sequences obtained from a set of moth species. The first approach uses population genetic test that detect excess nonsynonymous substitutions that may occur in response to a change in pheromone. A second method uses relative rates test to look for increases in nonsynonymous substitution along branches along which a change in pheromone has occurred. Several different classes of changes in pheromones will be examined. The final method for detecting selection involves analysis of PBPs in species which have independently evolved to use the same pheromone; the goal is identify convergence in the amino acid sequences of these PBPs. Demonstration of selection acting upon these PBPs would be important for the study of protein evolution and pheromone communication.</AbstractNarration>
    <MinAmdLetterDate>05/15/1997</MinAmdLetterDate>
    <MaxAmdLetterDate>05/15/1997</MaxAmdLetterDate>
    <ARRAAmount/>
    <AwardID>9700704</AwardID>
    <Investigator>
      <FirstName>Richard</FirstName>
      <LastName>Harrison</LastName>
      <EmailAddress>rgh4@cornell.edu</EmailAddress>
      <StartDate>05/15/1997</StartDate>
      <EndDate/>
      <RoleCode>Principal Investigator</RoleCode>
    </Investigator>
    <Institution>
      <Name>Cornell Univ - State: AWDS MADE PRIOR MAY 2010</Name>
      <CityName>Ithica</CityName>
      <ZipCode>148502488</ZipCode>
      <PhoneNumber>6072555014</PhoneNumber>
      <StreetAddress>373 Pine Tree Road</StreetAddress>
      <CountryName>United States</CountryName>
      <StateName>New York</StateName>
      <StateCode>NY</StateCode>
    </Institution>
  </Award>
</rootTag>
