<?xml version="1.0" encoding="UTF-8"?>

<rootTag>
  <Award>
    <AwardTitle>Ultrafast Studies of Condensed Phase Chemical Reactivity</AwardTitle>
    <AwardEffectiveDate>01/01/1997</AwardEffectiveDate>
    <AwardExpirationDate>12/31/1998</AwardExpirationDate>
    <AwardAmount>40000</AwardAmount>
    <AwardInstrument>
      <Value>Standard Grant</Value>
    </AwardInstrument>
    <Organization>
      <Code>03090007</Code>
      <Directorate>
        <LongName>Direct For Mathematical &amp; Physical Scien</LongName>
      </Directorate>
      <Division>
        <LongName>Division Of Chemistry</LongName>
      </Division>
    </Organization>
    <ProgramOfficer>
      <SignBlockName>Francis J. Wodarczyk</SignBlockName>
    </ProgramOfficer>
    <AbstractNarration>This starter grant award to the University of California at Los Angeles supports the research of Professor Benjamin J. Schwartz. The theme of the research is ultrafast studies of condensed phase chemical reactivity. Both experimental and theoretical studies explore the details of solute-solvent coupling in different charge-transfer-to-solvent systems, particularly alkali metal anion systems. Experiments take advantage of the newest generation of solid-state ultrafast lasers, allowing direct one-photon excitation of the charge-transfer-to-solvent band in the iodide system, for example. Spectral studies in both the ultraviolet and infrared wavelength regimes will distinguish between the various physical pictures proposed for charge-transfer-to solvent. Additional studies varying the solvent, the ion, and the excitation conditions will provide an essentially complete understanding of the dynamics important in these reactions. This research will advance the fundamental understanding of solution phase chemical reactivity through both experimental and theoretical study of solvation dynamics.</AbstractNarration>
    <MinAmdLetterDate>12/16/1996</MinAmdLetterDate>
    <MaxAmdLetterDate>12/16/1996</MaxAmdLetterDate>
    <ARRAAmount/>
    <AwardID>9700108</AwardID>
    <Investigator>
      <FirstName>Benjamin</FirstName>
      <LastName>Schwartz</LastName>
      <EmailAddress>Schwartz@chem.ucla.edu</EmailAddress>
      <StartDate>12/16/1996</StartDate>
      <EndDate/>
      <RoleCode>Principal Investigator</RoleCode>
    </Investigator>
    <Institution>
      <Name>University of California-Los Angeles</Name>
      <CityName>LOS ANGELES</CityName>
      <ZipCode>900951406</ZipCode>
      <PhoneNumber>3107940102</PhoneNumber>
      <StreetAddress>10889 Wilshire Boulevard</StreetAddress>
      <CountryName>United States</CountryName>
      <StateName>California</StateName>
      <StateCode>CA</StateCode>
    </Institution>
    <FoaInformation>
      <Code>0000099</Code>
      <Name>Other Applications NEC</Name>
    </FoaInformation>
    <ProgramElement>
      <Code>1988</Code>
      <Text>CHEMISTRY FELLOWSHIPS</Text>
    </ProgramElement>
    <ProgramReference>
      <Code>9179</Code>
      <Text>GRADUATE INVOLVEMENT</Text>
    </ProgramReference>
    <ProgramReference>
      <Code>SMET</Code>
      <Text>SCIENCE, MATH, ENG &amp; TECH EDUCATION</Text>
    </ProgramReference>
  </Award>
</rootTag>
