<?xml version="1.0" encoding="UTF-8"?>

<rootTag>
  <Award>
    <AwardTitle>Multiple Metal Carbon Bonds, Metallacycles, &amp; Catalytic Reactions Involving Olefins &amp; Acetylenes</AwardTitle>
    <AwardEffectiveDate>03/15/1997</AwardEffectiveDate>
    <AwardExpirationDate>08/31/2000</AwardExpirationDate>
    <AwardAmount>810400</AwardAmount>
    <AwardInstrument>
      <Value>Continuing grant</Value>
    </AwardInstrument>
    <Organization>
      <Code>03090005</Code>
      <Directorate>
        <LongName>Direct For Mathematical &amp; Physical Scien</LongName>
      </Directorate>
      <Division>
        <LongName>Division Of Chemistry</LongName>
      </Division>
    </Organization>
    <ProgramOfficer>
      <SignBlockName>Re-Entered for CGI Processing</SignBlockName>
    </ProgramOfficer>
    <AbstractNarration>This award in the Inorganic, Bioinorganic, and Organometallic Chemistry Program continues support for studies of catalytic reaction mechanisms by Dr. Richard R. Schrock of the Chemistry Department, Massachusetts Institute of Technology. Four areas of investigation will be pursued. Efforts to synthesize molybdenum catalysts that produce enantiomerically pure products for ring closing metathesis of dienes will be continued. Second, the organometallic chemistry of complexes containing a new boryl-substituted diamido ligand will be studied in order to test the activity of such species for the polymerization of alpha-olefins. The third area of investigation compares the reactivity of triamidoamine complexes containing molybdenum to those containing tungsten. The fourth project involves the synthesis and reactions of new complexes containing a planar triamido ligand. Catalysts are important in the synthesis of specific reaction products and their use can result in significant energy and chemical savings. The goal of this work is to systematically design groups attached to active metal centers in order to control their catalytic effects. The specific systems studied contain nitrogen-based (amido) ligands and early transition metals.</AbstractNarration>
    <MinAmdLetterDate>01/29/1997</MinAmdLetterDate>
    <MaxAmdLetterDate>07/20/2000</MaxAmdLetterDate>
    <ARRAAmount/>
    <AwardID>9700736</AwardID>
    <Investigator>
      <FirstName>Richard</FirstName>
      <LastName>Schrock</LastName>
      <EmailAddress>rrs@mit.edu</EmailAddress>
      <StartDate>01/29/1997</StartDate>
      <EndDate/>
      <RoleCode>Principal Investigator</RoleCode>
    </Investigator>
    <Institution>
      <Name>Massachusetts Institute of Technology</Name>
      <CityName>Cambridge</CityName>
      <ZipCode>021394301</ZipCode>
      <PhoneNumber>6172531000</PhoneNumber>
      <StreetAddress>77 MASSACHUSETTS AVE</StreetAddress>
      <CountryName>United States</CountryName>
      <StateName>Massachusetts</StateName>
      <StateCode>MA</StateCode>
    </Institution>
    <FoaInformation>
      <Code>0000099</Code>
      <Name>Other Applications NEC</Name>
    </FoaInformation>
    <ProgramElement>
      <Code>1968</Code>
      <Text>PHYSICAL INORGANIC</Text>
    </ProgramElement>
    <ProgramReference>
      <Code>0000</Code>
      <Text>UNASSIGNED</Text>
    </ProgramReference>
    <ProgramReference>
      <Code>9146</Code>
      <Text>MANUFACTURING BASE RESEARCH</Text>
    </ProgramReference>
    <ProgramReference>
      <Code>MANU</Code>
      <Text>MANUFACTURING</Text>
    </ProgramReference>
    <ProgramReference>
      <Code>OTHR</Code>
      <Text>OTHER RESEARCH OR EDUCATION</Text>
    </ProgramReference>
  </Award>
</rootTag>
