<?xml version="1.0" encoding="UTF-8"?>

<rootTag>
  <Award>
    <AwardTitle>The Strong Interaction in Lattice QCD</AwardTitle>
    <AwardEffectiveDate>08/01/1997</AwardEffectiveDate>
    <AwardExpirationDate>07/31/2000</AwardExpirationDate>
    <AwardAmount>100678</AwardAmount>
    <AwardInstrument>
      <Value>Continuing grant</Value>
    </AwardInstrument>
    <Organization>
      <Code>03010500</Code>
      <Directorate>
        <LongName>Direct For Mathematical &amp; Physical Scien</LongName>
      </Directorate>
      <Division>
        <LongName>Division Of Physics</LongName>
      </Division>
    </Organization>
    <ProgramOfficer>
      <SignBlockName>Winston Roberts</SignBlockName>
    </ProgramOfficer>
    <AbstractNarration>It is believed that the strong forces in atomic nuclei arise from even more elementary constituents, which are known as quarks and gluons. Quarks and gluons are well established in elementary particle physics, however, our knowledge of the role they play for the strong nuclear force is largely unknown. This research project will provide a microscopic understanding of the nuclear forces on this level. The method used is computer simulations of multi- quark and -gluon systems. The focus of the research is similar to the current experimental efforts at Thomas Jefferson National Accelerator Facility and will complement it in some aspects. An Infrastructure Award towards a workstation for performing the lattice gauge calculations is being provided by the Office of Multidisciplinary Activities of the Mathematical and Physical Sciences Directorate.</AbstractNarration>
    <MinAmdLetterDate>07/31/1997</MinAmdLetterDate>
    <MaxAmdLetterDate>06/08/1999</MaxAmdLetterDate>
    <ARRAAmount/>
    <AwardID>9700502</AwardID>
    <Investigator>
      <FirstName>H. Rudolf</FirstName>
      <LastName>Fiebig</LastName>
      <EmailAddress>fiebig@fiu.edu</EmailAddress>
      <StartDate>07/31/1997</StartDate>
      <EndDate/>
      <RoleCode>Principal Investigator</RoleCode>
    </Investigator>
    <Institution>
      <Name>Florida International University</Name>
      <CityName>Miami</CityName>
      <ZipCode>331990001</ZipCode>
      <PhoneNumber>3053482494</PhoneNumber>
      <StreetAddress>11200 SW 8TH ST</StreetAddress>
      <CountryName>United States</CountryName>
      <StateName>Florida</StateName>
      <StateCode>FL</StateCode>
    </Institution>
  </Award>
</rootTag>
