<?xml version="1.0" encoding="UTF-8"?>

<rootTag>
  <Award>
    <AwardTitle>Corrosion Detection of Embedded or Encased High Strength Steel Rods and Cables Using Time Domain Reflectometry</AwardTitle>
    <AwardEffectiveDate>06/01/1997</AwardEffectiveDate>
    <AwardExpirationDate>08/31/2000</AwardExpirationDate>
    <AwardAmount>223269</AwardAmount>
    <AwardInstrument>
      <Value>Continuing grant</Value>
    </AwardInstrument>
    <Organization>
      <Code>07030000</Code>
      <Directorate>
        <LongName>Directorate For Engineering</LongName>
      </Directorate>
      <Division>
        <LongName>Div Of Civil, Mechanical, &amp; Manufact Inn</LongName>
      </Division>
    </Organization>
    <ProgramOfficer>
      <SignBlockName>Vijaya Gopu</SignBlockName>
    </ProgramOfficer>
    <AbstractNarration>9700164 Hunsperger the objective of this research is to develop a nondestructive evaluation (NDE) method for detecting corrosion of embedded or encased high strength steel rods and cables. The proposed method involves using Time Domain Reflectometry (TDR) to locate and evaluate corrosion sites. TDR is a well established technique in the field of electrical engineering and has been used for many years to detect breaks in transmission lines. Preliminary numerical simulations indicate that TDR shows promise for being able to detect both surface and pit corrosion of steel strands embedded in concrete. A reliable, accurate, and economical method for detecting the location and magnitude of the corrosion will lead to increased levels of safety for our civil infrastructure, and may enable significant savings to the public by reducing maintenance costs through early corrosion detection.</AbstractNarration>
    <MinAmdLetterDate>04/22/1997</MinAmdLetterDate>
    <MaxAmdLetterDate>08/03/1999</MaxAmdLetterDate>
    <ARRAAmount/>
    <AwardID>9700164</AwardID>
    <Investigator>
      <FirstName>Robert</FirstName>
      <LastName>Hunsperger</LastName>
      <EmailAddress>hunsperg@eecis.udel.edu</EmailAddress>
      <StartDate>04/22/1997</StartDate>
      <EndDate/>
      <RoleCode>Principal Investigator</RoleCode>
    </Investigator>
    <Investigator>
      <FirstName>Michael</FirstName>
      <LastName>Chajes</LastName>
      <EmailAddress>chajes@ce.udel.edu</EmailAddress>
      <StartDate>04/22/1997</StartDate>
      <EndDate/>
      <RoleCode>Co-Principal Investigator</RoleCode>
    </Investigator>
    <Institution>
      <Name>University of Delaware</Name>
      <CityName>Newark</CityName>
      <ZipCode>197162553</ZipCode>
      <PhoneNumber>3028312136</PhoneNumber>
      <StreetAddress>210 Hullihen Hall</StreetAddress>
      <CountryName>United States</CountryName>
      <StateName>Delaware</StateName>
      <StateCode>DE</StateCode>
    </Institution>
  </Award>
</rootTag>
