<?xml version="1.0" encoding="UTF-8"?>

<rootTag>
  <Award>
    <AwardTitle>Experimental and Theoretical Studies of Polymeric Liquids in Extension-Dominated Fluids</AwardTitle>
    <AwardEffectiveDate>05/01/1997</AwardEffectiveDate>
    <AwardExpirationDate>10/31/2000</AwardExpirationDate>
    <AwardAmount>350000</AwardAmount>
    <AwardInstrument>
      <Value>Continuing grant</Value>
    </AwardInstrument>
    <Organization>
      <Code>03070007</Code>
      <Directorate>
        <LongName>Direct For Mathematical &amp; Physical Scien</LongName>
      </Directorate>
      <Division>
        <LongName>Division Of Materials Research</LongName>
      </Division>
    </Organization>
    <ProgramOfficer>
      <SignBlockName>Andrew J. Lovinger</SignBlockName>
    </ProgramOfficer>
    <AbstractNarration>9700034 Leal The ultimate objective of this GOALI award (supported jointly by the Division of Materials Research and the Office of Multidisciplinary Activities) is the development of a predictive basis to describe the behavior of solutions of linear-chain, flexible polymers in flows that are either extensional or extension-dominated. The primary emphasis is on solutions that are sufficiently ent angled that reptation-based theories are expected to apply. The proposed experimental studies utilize a novel combination of flow cells, known as 2- and 4- roll mills, that are designed to produce pure extensional, or extension-dominated, two-dimensional flows, that can also be either steady, or time-dependent; and optical techniques that can probe the chain configuration and the actual velocity gradient at any point within the flow cell. Chain configuration is inferred from two-color birefringence measurements of the degree of optical anisotropy in the fluid. A unique implementation of dynamic light scattering provides a pointwise measure of the velocity gradient for either steady or transient flows. Comparisons with theoretical models are made via full-field fluid dynamics simulations for the dilute, Boger-type fluids. For reptation-based models of monodisperse and bi-disperse entangled solutions, measured biorefringence data is compared with model predictions using the measured velocity gradient data as input. %%%% From a technological point of view, the ability to predict the behavior of polymeric liquids in extensional flows would allow an understanding of the relationship between material characteristics and processing. From an educational standpoint, this GOALI project offers enhancements to the normal Ph.D. program. Graduate students will spend up to a year in residence at the Exxon Corporate Research Laboratory, where they will work directly with Scott Milner, as well as visiting the Exxon Research Labs at Baytown where work is being carried out on both polymer synthesis and polymer processing issues that are directly related to the fundamental objectives of this project. ***</AbstractNarration>
    <MinAmdLetterDate>05/08/1997</MinAmdLetterDate>
    <MaxAmdLetterDate>06/05/2000</MaxAmdLetterDate>
    <ARRAAmount/>
    <AwardID>9700034</AwardID>
    <Investigator>
      <FirstName>L. Gary</FirstName>
      <LastName>Leal</LastName>
      <EmailAddress>lgl20@engineering.ucsb.edu</EmailAddress>
      <StartDate>05/08/1997</StartDate>
      <EndDate/>
      <RoleCode>Principal Investigator</RoleCode>
    </Investigator>
    <Investigator>
      <FirstName>Scott</FirstName>
      <LastName>Milner</LastName>
      <EmailAddress>stmilne@erenj.com</EmailAddress>
      <StartDate>05/08/1997</StartDate>
      <EndDate/>
      <RoleCode>Co-Principal Investigator</RoleCode>
    </Investigator>
    <Institution>
      <Name>University of California-Santa Barbara</Name>
      <CityName>Santa Barbara</CityName>
      <ZipCode>931062050</ZipCode>
      <PhoneNumber>8058934188</PhoneNumber>
      <StreetAddress>Office of Research</StreetAddress>
      <CountryName>United States</CountryName>
      <StateName>California</StateName>
      <StateCode>CA</StateCode>
    </Institution>
    <FoaInformation>
      <Code>0106000</Code>
      <Name>Materials Research</Name>
    </FoaInformation>
    <ProgramElement>
      <Code>1253</Code>
      <Text>OFFICE OF MULTIDISCIPLINARY AC</Text>
    </ProgramElement>
    <ProgramElement>
      <Code>1720</Code>
      <Text>SOLID-STATE CHEMSTRY &amp; POLYMRS</Text>
    </ProgramElement>
    <ProgramElement>
      <Code>1773</Code>
      <Text>POLYMERS</Text>
    </ProgramElement>
    <ProgramReference>
      <Code>1022</Code>
      <Text>OFFICE OF MULTIDISCIP ACT-RESEARCH</Text>
    </ProgramReference>
    <ProgramReference>
      <Code>1024</Code>
      <Text>OFFICE OF MULTIDISCIP ACT-EDUCATION</Text>
    </ProgramReference>
    <ProgramReference>
      <Code>1253</Code>
      <Text>OFFICE OF MULTIDISCIPLINARY AC</Text>
    </ProgramReference>
    <ProgramReference>
      <Code>1504</Code>
      <Text>GRANT OPP FOR ACAD LIA W/INDUS</Text>
    </ProgramReference>
    <ProgramReference>
      <Code>1773</Code>
      <Text>POLYMERS</Text>
    </ProgramReference>
    <ProgramReference>
      <Code>9165</Code>
      <Text>MULTI DIVISION/UNIVERSITY-INDUSTRY</Text>
    </ProgramReference>
    <ProgramReference>
      <Code>AMPP</Code>
      <Text>ADVANCED MATERIALS &amp; PROCESSING PROGRAM</Text>
    </ProgramReference>
  </Award>
</rootTag>
