<?xml version="1.0" encoding="UTF-8"?>

<rootTag>
  <Award>
    <AwardTitle>Microstructural Design of Thio-Sol-Gel Derived Titanium Disulfide Particles</AwardTitle>
    <AwardEffectiveDate>09/01/1997</AwardEffectiveDate>
    <AwardExpirationDate>02/28/2001</AwardExpirationDate>
    <AwardAmount>275000</AwardAmount>
    <AwardInstrument>
      <Value>Standard Grant</Value>
    </AwardInstrument>
    <Organization>
      <Code>07020000</Code>
      <Directorate>
        <LongName>Directorate For Engineering</LongName>
      </Directorate>
      <Division>
        <LongName>Div Of Chem, Bioeng, Env, &amp; Transp Sys</LongName>
      </Division>
    </Organization>
    <ProgramOfficer>
      <SignBlockName>M. C. Roco</SignBlockName>
    </ProgramOfficer>
    <AbstractNarration>The main objective of this proposal is better understanding of underlying atomic and molecular processes involved in the microstructural evolution of polycrytalline TiS2 and other powders synthesized using the thi-sol-gel process previously proposed by the P.I. A secondary objective is to investigate the electrochemical properties of the resulted thin layer, the influence of heat treatment and of charging on the particulate microstructure. The effects of particle size, shape, crystallite size, orientation and stoichiometry on the elctrochemical properties and the mechanisms involved in the evolution of the microstructure will be investigated using differential thermal and thermogravimetric analyses, scanning and transmission electron microscopy. If successful, the research may provide a method to synthesize an engineered microstructure with optimal electrochemical properties. Applications include electrochemical batteries. The preliminary test have indicated a dramatic increase of the number of charging cycles for a given reduction in performance.</AbstractNarration>
    <MinAmdLetterDate>08/20/1997</MinAmdLetterDate>
    <MaxAmdLetterDate>02/17/1999</MaxAmdLetterDate>
    <ARRAAmount/>
    <AwardID>9700343</AwardID>
    <Investigator>
      <FirstName>Prashant</FirstName>
      <LastName>Kumta</LastName>
      <EmailAddress>pkumta@engr.pitt.edu</EmailAddress>
      <StartDate>08/20/1997</StartDate>
      <EndDate/>
      <RoleCode>Principal Investigator</RoleCode>
    </Investigator>
    <Institution>
      <Name>Carnegie-Mellon University</Name>
      <CityName>PITTSBURGH</CityName>
      <ZipCode>152133815</ZipCode>
      <PhoneNumber>4122689527</PhoneNumber>
      <StreetAddress>5000 Forbes Avenue</StreetAddress>
      <CountryName>United States</CountryName>
      <StateName>Pennsylvania</StateName>
      <StateCode>PA</StateCode>
    </Institution>
    <FoaInformation>
      <Code>0308000</Code>
      <Name>Industrial Technology</Name>
    </FoaInformation>
  </Award>
</rootTag>
