<?xml version="1.0" encoding="UTF-8"?>

<rootTag>
  <Award>
    <AwardTitle>Partial Support of the Ocean Studies Board</AwardTitle>
    <AwardEffectiveDate>04/01/1997</AwardEffectiveDate>
    <AwardExpirationDate>03/31/2000</AwardExpirationDate>
    <AwardAmount>598863</AwardAmount>
    <AwardInstrument>
      <Value>Standard Grant</Value>
    </AwardInstrument>
    <Organization>
      <Code>06040100</Code>
      <Directorate>
        <LongName>Directorate For Geosciences</LongName>
      </Directorate>
      <Division>
        <LongName>Division Of Ocean Sciences</LongName>
      </Division>
    </Organization>
    <ProgramOfficer>
      <SignBlockName>H. Lawrence Clark</SignBlockName>
    </ProgramOfficer>
    <AbstractNarration>9700734 Gopnik The National Academy of Sciences, through the Ocean Studies Board (OSB) of the Commission on Geosciences, Environment, and Resources will continue providing guidance on major ocean science and policy issues to the National Science Foundation and other government agencies. The Ocean Studies Board monitors the status and needs of ocean science community and assists NSF in developing and maintaining strong programs of ocean research responsive to scientific opportunities and national interests. OSB will: 1) contribute to the advancement of scientific understanding of the ocean by maintaining continuous oversight of the health of ocean sciences and stimulating their progress; 2) foster the application of scientific knowledge to the use of the ocean and its resources; 3)provide leadership for the formulation of national and international marine policy and to clarify scientific issues that affect ocean policy; and 4)address scientific issues involved in cooperative international oceanographic research, and to improve technical assistance. Several other agencies also contribute to these activities and provide support for focused studies undertaken by the OSB.</AbstractNarration>
    <MinAmdLetterDate>03/31/1997</MinAmdLetterDate>
    <MaxAmdLetterDate>04/23/1999</MaxAmdLetterDate>
    <ARRAAmount/>
    <AwardID>9700734</AwardID>
    <Investigator>
      <FirstName>Morgan</FirstName>
      <LastName>Gopnik</LastName>
      <EmailAddress>mgopnik@nas.edu</EmailAddress>
      <StartDate>03/31/1997</StartDate>
      <EndDate/>
      <RoleCode>Principal Investigator</RoleCode>
    </Investigator>
    <Institution>
      <Name>National Academy of Sciences</Name>
      <CityName>Washington</CityName>
      <ZipCode>200012721</ZipCode>
      <PhoneNumber>2023342254</PhoneNumber>
      <StreetAddress>500 FIFTH STREET NW</StreetAddress>
      <CountryName>United States</CountryName>
      <StateName>District of Columbia</StateName>
      <StateCode>DC</StateCode>
    </Institution>
    <FoaInformation>
      <Code>0204000</Code>
      <Name>Oceanography</Name>
    </FoaInformation>
    <ProgramElement>
      <Code>5418</Code>
      <Text>OCE SPECIAL PROGRAMS</Text>
    </ProgramElement>
    <ProgramReference>
      <Code>0000</Code>
      <Text>UNASSIGNED</Text>
    </ProgramReference>
    <ProgramReference>
      <Code>OTHR</Code>
      <Text>OTHER RESEARCH OR EDUCATION</Text>
    </ProgramReference>
  </Award>
</rootTag>
