<?xml version="1.0" encoding="UTF-8"?>

<rootTag>
  <Award>
    <AwardTitle>Upper-Atmosphere/Ionosphere Studies with the MU Radar</AwardTitle>
    <AwardEffectiveDate>04/15/1997</AwardEffectiveDate>
    <AwardExpirationDate>03/31/2001</AwardExpirationDate>
    <AwardAmount>290000</AwardAmount>
    <AwardInstrument>
      <Value>Continuing grant</Value>
    </AwardInstrument>
    <Organization>
      <Code>06020201</Code>
      <Directorate>
        <LongName>Directorate For Geosciences</LongName>
      </Directorate>
      <Division>
        <LongName>Div Atmospheric &amp; Geospace Sciences</LongName>
      </Division>
    </Organization>
    <ProgramOfficer>
      <SignBlockName>Sunanda Basu</SignBlockName>
    </ProgramOfficer>
    <AbstractNarration>This project addresses four themes: waves, electric fields, winds and temperatures. The Middle and Upper Atmosphere radar's phased-array construction facilitates the wave work. By observing in multiple directions simultaneously, the PI can distinguish temporal variations over the radar and spatial variations caused by features moving over the radar. He will use this capability to detect gravity-wave propagation over the radar. These waves, almost always present, are best observed in daytime conditions near the peak of the ionosphere. The PI plans to observe waves in the drift velocity in addition to density, study the altitude profile of these waves and their dissipation, and map out their spatial structure. Measurements of electric fields will contribute to developing global electric field models. These electric fields (during solar maximum) show interesting global relationships based on consideration of magnetic conjugacy and summer-hemisphere control of a magnetic field line based on seasonal differences in electrical-conductivity. The PI plans to extend his study to solar minimum, as well as compare data with other radars to test hypotheses made with solar maximum data. MU measurements of thermospheric neutral winds show smaller speeds than do winds at other longitudes. The expanded winds database the PI plans will contribute improvement to current wind models. The PI will also examine this data set for signatures of global wind circulation systems originating from different global processes: direct solar heating, auroral thermal forcing, and equatorial momentum forcing. Finally, he will investigate neutral and ionospheric temperatures, both to develop models of their behavior and to aid in the interpretation of radar Doppler and power data.</AbstractNarration>
    <MinAmdLetterDate>03/31/1997</MinAmdLetterDate>
    <MaxAmdLetterDate>02/23/1999</MaxAmdLetterDate>
    <ARRAAmount/>
    <AwardID>9700162</AwardID>
    <Investigator>
      <FirstName>William</FirstName>
      <LastName>Oliver</LastName>
      <EmailAddress>wlo@bu.edu</EmailAddress>
      <StartDate>03/31/1997</StartDate>
      <EndDate/>
      <RoleCode>Principal Investigator</RoleCode>
    </Investigator>
    <Institution>
      <Name>Trustees of Boston University</Name>
      <CityName>BOSTON</CityName>
      <ZipCode>022151300</ZipCode>
      <PhoneNumber>6173534365</PhoneNumber>
      <StreetAddress>881 COMMONWEALTH AVE</StreetAddress>
      <CountryName>United States</CountryName>
      <StateName>Massachusetts</StateName>
      <StateCode>MA</StateCode>
    </Institution>
    <FoaInformation>
      <Code>0205000</Code>
      <Name>Space</Name>
    </FoaInformation>
  </Award>
</rootTag>
