<?xml version="1.0" encoding="UTF-8"?>

<rootTag>
  <Award>
    <AwardTitle>Dissertation Research: The Effects of Riverine Prey and Cover Availability on Riparian Lizards: River Subsidized Population and Community Dynamics</AwardTitle>
    <AwardEffectiveDate>06/01/1997</AwardEffectiveDate>
    <AwardExpirationDate>09/30/1999</AwardExpirationDate>
    <AwardAmount>4665</AwardAmount>
    <AwardInstrument>
      <Value>Standard Grant</Value>
    </AwardInstrument>
    <Organization>
      <Code>08010208</Code>
      <Directorate>
        <LongName>Direct For Biological Sciences</LongName>
      </Directorate>
      <Division>
        <LongName>Division Of Environmental Biology</LongName>
      </Division>
    </Organization>
    <ProgramOfficer>
      <SignBlockName>Margaret Palmer</SignBlockName>
    </ProgramOfficer>
    <AbstractNarration>9700834 Power Population and community dynamics in one habitat (compartment) are often strongly linked to dynamics in separate but adjacent habitats. In this way, one habitat may in effect, subsidize certain organisms in a second habitat. Several recent empirical studies suggest that spatial subsidies lead to inflated population densities or altered interaction strengths of organisms in recipient habitats. In river ecosystems, the export of winged adults of aquatic insects may be a cross-compartmental link, subsidizing watershed consumers and altering their community dynamics. In rivers of northern Califomia, lizards (Sceloporus, Iguanidae) are at least seven times more dense than congeners in non-river, upland habitats. On the same rivers, the abundance of aerial invertebrates declines nearly exponentially with increasing distance from the river-land interface. Sceloporus eat primarily terrestrial invertebrates, but 5-25% of the insects in their diet are of aquatic origin. The ability of Sceloporus to track aquatic resources may be limited by cover availability near rivers. The PIs propose to investigate 1) the effect of riverine subsidies of aquatic insects on Sceloporus population and community dynamics and 2) how near-river cover availability may modulate the ability of Sceloporus to track these resources.</AbstractNarration>
    <MinAmdLetterDate>05/13/1997</MinAmdLetterDate>
    <MaxAmdLetterDate>05/13/1997</MaxAmdLetterDate>
    <ARRAAmount/>
    <AwardID>9700834</AwardID>
    <Investigator>
      <FirstName>Mary</FirstName>
      <LastName>Power</LastName>
      <EmailAddress>mepower@berkeley.edu</EmailAddress>
      <StartDate>05/13/1997</StartDate>
      <EndDate/>
      <RoleCode>Principal Investigator</RoleCode>
    </Investigator>
    <Institution>
      <Name>University of California-Berkeley</Name>
      <CityName>BERKELEY</CityName>
      <ZipCode>947045940</ZipCode>
      <PhoneNumber>5106428109</PhoneNumber>
      <StreetAddress>Sponsored Projects Office</StreetAddress>
      <CountryName>United States</CountryName>
      <StateName>California</StateName>
      <StateCode>CA</StateCode>
    </Institution>
  </Award>
</rootTag>
