<?xml version="1.0" encoding="UTF-8"?>

<rootTag>
  <Award>
    <AwardTitle>Intro to the MEMS and MUMPs short course, NSF Directed Faculty Attendance, MCNC in Research Triangle Park, N.C</AwardTitle>
    <AwardEffectiveDate>01/15/1997</AwardEffectiveDate>
    <AwardExpirationDate>03/31/1997</AwardExpirationDate>
    <AwardAmount>15331</AwardAmount>
    <AwardInstrument>
      <Value>Standard Grant</Value>
    </AwardInstrument>
    <Organization>
      <Code>07010000</Code>
      <Directorate>
        <LongName>Directorate For Engineering</LongName>
      </Directorate>
      <Division>
        <LongName>Div Of Electrical, Commun &amp; Cyber Sys</LongName>
      </Division>
    </Organization>
    <ProgramOfficer>
      <SignBlockName>Rajinder P. Khosla</SignBlockName>
    </ProgramOfficer>
    <AbstractNarration>9700583 Markus This proposal requests for a three-day short course to be held December 11-13, 1996 for introducing US academic researchers and faculty to Microelectromechanical Systems (MEMS) and the Multi-User MEMS Processes (MUMPs). The course will be conducted at MCNC in Research Triangle Park, North Carolina, by Mehran Mehregany, Karen Markus and Andy Dewa, as well as staff members from the MCNC MEMS Technology Applications Center at MCNC. The maximum total enrollment for the course will be 30, with 20 positions directed and supported by NSF. ***</AbstractNarration>
    <MinAmdLetterDate>01/10/1997</MinAmdLetterDate>
    <MaxAmdLetterDate>01/10/1997</MaxAmdLetterDate>
    <ARRAAmount/>
    <AwardID>9700583</AwardID>
    <Investigator>
      <FirstName>Karen</FirstName>
      <LastName>Markus</LastName>
      <EmailAddress>markus@mcnc.org</EmailAddress>
      <StartDate>01/10/1997</StartDate>
      <EndDate/>
      <RoleCode>Principal Investigator</RoleCode>
    </Investigator>
    <Institution>
      <Name>MCNC</Name>
      <CityName>RESEARCH TRIANGLE PARK</CityName>
      <ZipCode>277092889</ZipCode>
      <PhoneNumber>9192481800</PhoneNumber>
      <StreetAddress>3021 CORNWALLIS RD</StreetAddress>
      <CountryName>United States</CountryName>
      <StateName>North Carolina</StateName>
      <StateCode>NC</StateCode>
    </Institution>
  </Award>
</rootTag>
