<?xml version="1.0" encoding="UTF-8"?>

<rootTag>
  <Award>
    <AwardTitle>Amortized Analysis for On-Line Learning Algorithms</AwardTitle>
    <AwardEffectiveDate>07/01/1997</AwardEffectiveDate>
    <AwardExpirationDate>06/30/2000</AwardExpirationDate>
    <AwardAmount>229999</AwardAmount>
    <AwardInstrument>
      <Value>Continuing grant</Value>
    </AwardInstrument>
    <Organization>
      <Code>05010100</Code>
      <Directorate>
        <LongName>Direct For Computer &amp; Info Scie &amp; Enginr</LongName>
      </Directorate>
      <Division>
        <LongName>Division of Computing and Communication Foundations</LongName>
      </Division>
    </Organization>
    <ProgramOfficer>
      <SignBlockName>Yechezkel Zalcstein</SignBlockName>
    </ProgramOfficer>
    <AbstractNarration>The focus of this project is a new family of algorithms that has been recently developed within the Computational Learning Theory community. Algorithms in this family do multiplicative updates to their parameters instead of the usual additive updates characteristic of the standard gradient descent methods. The algorithms from the new family have radically different behavior from the algorithms of the gradient descent family. The new family of algorithms is particularly useful when the input dimension is large and the best parameter setting is ``sparse'' -- having only a few non-zero parameters. In many simple settings, the new family has proven loss bounds that grow only logarithmically in the total number of parameters when the best parameter setting uses only a few parameters, whereas the standard algorithms can easily be forced to have loss proportional to the number of input variables for the same targets. This indicates that the new family of algorithms is likely to be particularly effective in settings where the input dimension is large (such as in Information Retrieval) or where a small number of inputs are expanded to a large number of non-linear basis functions over the original inputs. The goals of the research are to extend the new family of algorithms, quantify the qualitative differences between the new family and existing algorithms, and to demonstrate the practical importance of the new family.***</AbstractNarration>
    <MinAmdLetterDate>06/13/1997</MinAmdLetterDate>
    <MaxAmdLetterDate>06/08/1998</MaxAmdLetterDate>
    <ARRAAmount/>
    <AwardID>9700201</AwardID>
    <Investigator>
      <FirstName>David</FirstName>
      <LastName>Helmbold</LastName>
      <EmailAddress>dph@cse.ucsc.edu</EmailAddress>
      <StartDate>06/13/1997</StartDate>
      <EndDate/>
      <RoleCode>Co-Principal Investigator</RoleCode>
    </Investigator>
    <Investigator>
      <FirstName>Manfred</FirstName>
      <LastName>Warmuth</LastName>
      <EmailAddress>manfred@cse.ucsc.edu</EmailAddress>
      <StartDate>06/13/1997</StartDate>
      <EndDate/>
      <RoleCode>Principal Investigator</RoleCode>
    </Investigator>
    <Institution>
      <Name>University of California-Santa Cruz</Name>
      <CityName>Santa Cruz</CityName>
      <ZipCode>950641077</ZipCode>
      <PhoneNumber>8314595278</PhoneNumber>
      <StreetAddress>1156 High Street</StreetAddress>
      <CountryName>United States</CountryName>
      <StateName>California</StateName>
      <StateCode>CA</StateCode>
    </Institution>
    <FoaInformation>
      <Code>0000099</Code>
      <Name>Other Applications NEC</Name>
    </FoaInformation>
    <ProgramElement>
      <Code>2860</Code>
      <Text>THEORY OF COMPUTING</Text>
    </ProgramElement>
    <ProgramElement>
      <Code>6856</Code>
      <Text>ARTIFICIAL INTELL &amp; COGNIT SCI</Text>
    </ProgramElement>
    <ProgramReference>
      <Code>2891</Code>
      <Text>WORKSTATION MATCHING AWARDS</Text>
    </ProgramReference>
    <ProgramReference>
      <Code>9216</Code>
      <Text>ADVANCED SOFTWARE TECH &amp; ALGOR</Text>
    </ProgramReference>
    <ProgramReference>
      <Code>HPCC</Code>
      <Text>HIGH PERFORMANCE COMPUTING &amp; COMM</Text>
    </ProgramReference>
  </Award>
</rootTag>
