<?xml version="1.0" encoding="UTF-8"?>

<rootTag>
  <Award>
    <AwardTitle>CISE Research Instrumentation: Engineering Research Project: A Robot System for Contour Grinding of Objects with Complex Spatial Forms</AwardTitle>
    <AwardEffectiveDate>02/15/1997</AwardEffectiveDate>
    <AwardExpirationDate>01/31/1999</AwardExpirationDate>
    <AwardAmount>22990</AwardAmount>
    <AwardInstrument>
      <Value>Standard Grant</Value>
    </AwardInstrument>
    <Organization>
      <Code>05060200</Code>
      <Directorate>
        <LongName>Direct For Computer &amp; Info Scie &amp; Enginr</LongName>
      </Directorate>
      <Division>
        <LongName>DIVISION OF EXPERIMENTAL &amp; INTEG ACTIVIT</LongName>
      </Division>
    </Organization>
    <ProgramOfficer>
      <SignBlockName>Rita V. Rodriguez</SignBlockName>
    </ProgramOfficer>
    <AbstractNarration>9700336 Fasse, Ernest D. Ousterhout, Karl B. University of Arizona CISE Research Instrumentation: A Robot System for Contour Grinding of Objects with Complex Spatial Forms The award supports the purchase of a robot system consisting of a robot manipulator and its controlling computer system. The equipment will be used for several research projects, including in particular - robotic variable-axis contour grinding, - robotic variable-axis curvilinear feature grinding, - robotic polishing of objects with complex spatial forms, and - programming robots to perform spatially complex tasks using spatial impedance control, an intuitive Euclidean-geometric version of impedance control well suited for compliant motion control of articulated robots interacting with other spatial systems. These projects are all in the more general area of CAD-oriented robot control, where the robot software interface is designed so that it is easier to use spatial geometric information about bodies in the environment available from CAD models. Each of these projects requires a robot with at least six degrees-of-freedom. This research will make it easier to program robots to perform spatially complex tasks involving mechanical interaction with objects in the environment.</AbstractNarration>
    <MinAmdLetterDate>01/29/1997</MinAmdLetterDate>
    <MaxAmdLetterDate>10/07/1998</MaxAmdLetterDate>
    <ARRAAmount/>
    <AwardID>9700336</AwardID>
    <Investigator>
      <FirstName>Karl</FirstName>
      <LastName>Ousterhout</LastName>
      <EmailAddress>ousterhout@ame.arizona.edu</EmailAddress>
      <StartDate>01/29/1997</StartDate>
      <EndDate/>
      <RoleCode>Co-Principal Investigator</RoleCode>
    </Investigator>
    <Investigator>
      <FirstName>Ernest</FirstName>
      <LastName>Fasse</LastName>
      <EmailAddress>fasse@u.arizona.edu</EmailAddress>
      <StartDate>01/29/1997</StartDate>
      <EndDate/>
      <RoleCode>Principal Investigator</RoleCode>
    </Investigator>
    <Institution>
      <Name>University of Arizona</Name>
      <CityName>Tucson</CityName>
      <ZipCode>857194824</ZipCode>
      <PhoneNumber>5206266000</PhoneNumber>
      <StreetAddress>888 N Euclid Ave</StreetAddress>
      <CountryName>United States</CountryName>
      <StateName>Arizona</StateName>
      <StateCode>AZ</StateCode>
    </Institution>
    <FoaInformation>
      <Code>0000099</Code>
      <Name>Other Applications NEC</Name>
    </FoaInformation>
    <ProgramElement>
      <Code>2890</Code>
      <Text>CISE RESEARCH RESOURCES</Text>
    </ProgramElement>
    <ProgramReference>
      <Code>9218</Code>
      <Text>BASIC RESEARCH &amp; HUMAN RESORCS</Text>
    </ProgramReference>
    <ProgramReference>
      <Code>HPCC</Code>
      <Text>HIGH PERFORMANCE COMPUTING &amp; COMM</Text>
    </ProgramReference>
  </Award>
</rootTag>
