<?xml version="1.0" encoding="UTF-8"?>

<rootTag>
  <Award>
    <AwardTitle>Applications of Effective Diophantine Approximation to Diophantine Problems</AwardTitle>
    <AwardEffectiveDate>08/01/1997</AwardEffectiveDate>
    <AwardExpirationDate>03/03/1999</AwardExpirationDate>
    <AwardAmount>66063</AwardAmount>
    <AwardInstrument>
      <Value>Standard Grant</Value>
    </AwardInstrument>
    <Organization>
      <Code>03040300</Code>
      <Directorate>
        <LongName>Direct For Mathematical &amp; Physical Scien</LongName>
      </Directorate>
      <Division>
        <LongName>Division Of Mathematical Sciences</LongName>
      </Division>
    </Organization>
    <ProgramOfficer>
      <SignBlockName>Murray M. Schacher</SignBlockName>
    </ProgramOfficer>
    <AbstractNarration>Bennett 9700837 This award provides funds for a project on the application of effective techniques from Diophantine approximation (principally Pade approximation to hypergeometric functions and the theory of linear forms in the logarithms of algebraic numbers) to various Diophantine problems. Specifically, Bennett intends to extend previous work on solutions of simultaneous Pell equations or, more generally, intersections of quadric surfaces, combining the aforementioned methods with recent work of Schlickewei and Wirsing and of Voutier. These results have a number of interesting applications to bounding the number of integer points or rational points of bounded height on certain classes of elliptic curves. They also lead to parameterized families of elliptic curves with rank at least two and, potentially, to families with rather higher rank. The PI also plans to extend these techniques to the problem of absolutely bounding the number of solutions to certain simultaneous decomposable ternary quadratic form equations and to bound the number of common values of recurrence sequences, as considered by Schlickewei and Schmidt. In the latter situation, one would hope for rather stronger bounds than those obtained by Schlickewei and Schmidt, though perhaps in less generality. In addition to the core program of research outlined above, the PI intends to pursue three additional problems. First, the PI will apply p-adic gap principles similar to those of Bombieri and Evertse to attack a conjecture about the function g(k) in Waring's problem. Second, the PI will continue his investigations of the hypergeometric method, with reference to improving known bounds upon solutions to the Ramanujan-Nagell and related polynomial-exponential equations and to cubic and quartic Thue equations. Finally, the PI intends to extend his joint work with N.P. Dummigan and T.D. Wooley on representations of integers by binary additive forms, to more general decomposable forms. This research falls into the g eneral mathematical field of Number Theory. It concerns the solutions to algebraic equations in whole numbers and generalizations. Number theory is among the oldest branches of mathematics and was pursued for many centuries for purely aesthetic reasons. However, within the last half century, it has become an indispensable tool in diverse applications in areas such as data transmission and processing, and communication systems.</AbstractNarration>
    <MinAmdLetterDate>06/27/1997</MinAmdLetterDate>
    <MaxAmdLetterDate>06/27/1997</MaxAmdLetterDate>
    <ARRAAmount/>
    <AwardID>9700837</AwardID>
    <Investigator>
      <FirstName>MICHAEL</FirstName>
      <LastName>BENNETT</LastName>
      <EmailAddress>mabennet@math.uiuc.edu</EmailAddress>
      <StartDate>06/27/1997</StartDate>
      <EndDate/>
      <RoleCode>Principal Investigator</RoleCode>
    </Investigator>
    <Institution>
      <Name>University of Michigan Ann Arbor</Name>
      <CityName>Ann Arbor</CityName>
      <ZipCode>481091274</ZipCode>
      <PhoneNumber>7347636438</PhoneNumber>
      <StreetAddress>3003 South State St. Room 1062</StreetAddress>
      <CountryName>United States</CountryName>
      <StateName>Michigan</StateName>
      <StateCode>MI</StateCode>
    </Institution>
    <FoaInformation>
      <Code>0000099</Code>
      <Name>Other Applications NEC</Name>
    </FoaInformation>
    <ProgramElement>
      <Code>1264</Code>
      <Text>ALGEBRA,NUMBER THEORY,AND COM</Text>
    </ProgramElement>
    <ProgramReference>
      <Code>0000</Code>
      <Text>UNASSIGNED</Text>
    </ProgramReference>
    <ProgramReference>
      <Code>OTHR</Code>
      <Text>OTHER RESEARCH OR EDUCATION</Text>
    </ProgramReference>
  </Award>
</rootTag>
