<?xml version="1.0" encoding="UTF-8"?>

<rootTag>
  <Award>
    <AwardTitle>Combined Research-Curriculum Development Program VESL: Visions for Embedded Systems Laboratories</AwardTitle>
    <AwardEffectiveDate>06/01/1997</AwardEffectiveDate>
    <AwardExpirationDate>05/31/2002</AwardExpirationDate>
    <AwardAmount>406657</AwardAmount>
    <AwardInstrument>
      <Value>Standard Grant</Value>
    </AwardInstrument>
    <Organization>
      <Code>05060100</Code>
      <Directorate>
        <LongName>Direct For Computer &amp; Info Scie &amp; Enginr</LongName>
      </Directorate>
      <Division>
        <LongName>DIVISION OF EXPERIMENTAL &amp; INTEG ACTIVIT</LongName>
      </Division>
    </Organization>
    <ProgramOfficer>
      <SignBlockName>Tse-yun Feng</SignBlockName>
    </ProgramOfficer>
    <AbstractNarration>CDA-9700732 Mutka, Matt W. Rover, T. Diane Wey ,Chin-Long Cheng, Betty Michigan State Combined Research-Curriculum Development Program (CRCD) VESL: Visions for Embedded Systems Laboratories The VESL (Vision for Embedded Systems Laboratories) project addresses three needs in undergraduate computer engineering education: (1) providing students with hands-on, real-world experiences in embedded computer system development in an active, collaborative learning environment; (2) increasing accessibility of specialized laboratories to students to allow different learning paces and approaches and to support different contexts and types of interaction; and (3) sharing costly laboratory resources with other universities. The focus for the curriculum development is embedded computing systems. Research results in real-time computing, software engineering, and wireless systems, including such topics as ubiquitous computing, scheduling, monitoring and debugging, codesign, testing, and software prototyping, will be transferred to the instructional domain. Instructional modules will be developed according to the "Open You I's" paradigm, which views learning as a process of Introduction, Instruction, Illustration, Investigation, and Implementation. Laboratory development will impact introductory courses through senior design project courses via an array of laboratory experiences, including a radio-controlled cars project and industry-sponsored projects. Realistic design experiences will provide students with greater insight about the functionality, reliability, and other properties of an embedded system.</AbstractNarration>
    <MinAmdLetterDate>05/15/1997</MinAmdLetterDate>
    <MaxAmdLetterDate>05/26/2001</MaxAmdLetterDate>
    <ARRAAmount/>
    <AwardID>9700732</AwardID>
    <Investigator>
      <FirstName>Chin-Long</FirstName>
      <LastName>Wey</LastName>
      <EmailAddress>wey@egr.msu.edu</EmailAddress>
      <StartDate>05/15/1997</StartDate>
      <EndDate/>
      <RoleCode>Co-Principal Investigator</RoleCode>
    </Investigator>
    <Investigator>
      <FirstName>Matt</FirstName>
      <LastName>Mutka</LastName>
      <EmailAddress>mutka@cse.msu.edu</EmailAddress>
      <StartDate>05/15/1997</StartDate>
      <EndDate/>
      <RoleCode>Principal Investigator</RoleCode>
    </Investigator>
    <Investigator>
      <FirstName>Betty</FirstName>
      <LastName>Cheng</LastName>
      <EmailAddress>chengb@cse.msu.edu</EmailAddress>
      <StartDate>05/15/1997</StartDate>
      <EndDate/>
      <RoleCode>Co-Principal Investigator</RoleCode>
    </Investigator>
    <Investigator>
      <FirstName>Diane</FirstName>
      <LastName>Rover</LastName>
      <EmailAddress>drover@iastate.edu</EmailAddress>
      <StartDate>05/15/1997</StartDate>
      <EndDate/>
      <RoleCode>Co-Principal Investigator</RoleCode>
    </Investigator>
    <Institution>
      <Name>Michigan State University</Name>
      <CityName>East Lansing</CityName>
      <ZipCode>488242600</ZipCode>
      <PhoneNumber>5173555040</PhoneNumber>
      <StreetAddress>Office of Sponsored Programs</StreetAddress>
      <CountryName>United States</CountryName>
      <StateName>Michigan</StateName>
      <StateCode>MI</StateCode>
    </Institution>
    <FoaInformation>
      <Code>0000099</Code>
      <Name>Other Applications NEC</Name>
    </FoaInformation>
    <ProgramElement>
      <Code>1340</Code>
      <Text>ENGINEERING EDUCATION</Text>
    </ProgramElement>
    <ProgramElement>
      <Code>2876</Code>
      <Text>DISTRIBUTED SYSTEMS</Text>
    </ProgramElement>
    <ProgramElement>
      <Code>2880</Code>
      <Text>SOFTWARE ENGINEERING AND LANGU</Text>
    </ProgramElement>
    <ProgramElement>
      <Code>2885</Code>
      <Text>CISE RESEARCH INFRASTRUCTURE</Text>
    </ProgramElement>
    <ProgramReference>
      <Code>9218</Code>
      <Text>BASIC RESEARCH &amp; HUMAN RESORCS</Text>
    </ProgramReference>
    <ProgramReference>
      <Code>HPCC</Code>
      <Text>HIGH PERFORMANCE COMPUTING &amp; COMM</Text>
    </ProgramReference>
  </Award>
</rootTag>
