<?xml version="1.0" encoding="UTF-8"?>

<rootTag>
  <Award>
    <AwardTitle>Synthesis and Characterization of Novel Cross-Conjugated Carbon Structures</AwardTitle>
    <AwardEffectiveDate>01/01/1997</AwardEffectiveDate>
    <AwardExpirationDate>06/30/2000</AwardExpirationDate>
    <AwardAmount>50000</AwardAmount>
    <AwardInstrument>
      <Value>Standard Grant</Value>
    </AwardInstrument>
    <Organization>
      <Code>03090003</Code>
      <Directorate>
        <LongName>Direct For Mathematical &amp; Physical Scien</LongName>
      </Directorate>
      <Division>
        <LongName>Division Of Chemistry</LongName>
      </Division>
    </Organization>
    <ProgramOfficer>
      <SignBlockName>George M. Rubottom</SignBlockName>
    </ProgramOfficer>
    <AbstractNarration>The focus of this work will be to cross-couple 3-ene-1-yne intermediates using palladium catalysis. The resulting living polymer will lead to the production of ring-expanded radialenes or the evolution of a tubular helix structure. The properties of both of the potential products are of interest. With this Small Grant for Exploratory Research (SGER) award, the Synthetic Organic Program is supporting the research of Dr. Eric D. Edstrom of the Department of Chemistry at the University of Montana. Professor Edstrom will test the hypothesis that unsaturated hydrocarbon units can be induced to polymerize to afford tubular helix structures. The resulting polymers are expected to show interesting physical properties.</AbstractNarration>
    <MinAmdLetterDate>11/29/1996</MinAmdLetterDate>
    <MaxAmdLetterDate>08/18/1999</MaxAmdLetterDate>
    <ARRAAmount/>
    <AwardID>9700745</AwardID>
    <Investigator>
      <FirstName>Edward</FirstName>
      <LastName>Rosenberg</LastName>
      <EmailAddress>edward.rosenberg@mso.umt.edu</EmailAddress>
      <StartDate>08/18/1999</StartDate>
      <EndDate/>
      <RoleCode>Principal Investigator</RoleCode>
    </Investigator>
    <Investigator>
      <FirstName>Eric</FirstName>
      <LastName>Edstrom</LastName>
      <EmailAddress>edstrom@selway.umt.edu</EmailAddress>
      <StartDate>11/29/1996</StartDate>
      <EndDate>08/18/1999</EndDate>
      <RoleCode>Former Principal Investigator</RoleCode>
    </Investigator>
    <Institution>
      <Name>University of Montana</Name>
      <CityName>Missoula</CityName>
      <ZipCode>598120001</ZipCode>
      <PhoneNumber>4062436670</PhoneNumber>
      <StreetAddress>32 CAMPUS DRIVE MAIN HALL</StreetAddress>
      <CountryName>United States</CountryName>
      <StateName>Montana</StateName>
      <StateCode>MT</StateCode>
    </Institution>
  </Award>
</rootTag>
