<?xml version="1.0" encoding="UTF-8"?>

<rootTag>
  <Award>
    <AwardTitle>On Edge: Places and Practices in Field Biology</AwardTitle>
    <AwardEffectiveDate>01/01/1998</AwardEffectiveDate>
    <AwardExpirationDate>08/31/2000</AwardExpirationDate>
    <AwardAmount>63764</AwardAmount>
    <AwardInstrument>
      <Value>Standard Grant</Value>
    </AwardInstrument>
    <Organization>
      <Code>04050300</Code>
      <Directorate>
        <LongName>Direct For Social, Behav &amp; Economic Scie</LongName>
      </Directorate>
      <Division>
        <LongName>Divn Of Social and Economic Sciences</LongName>
      </Division>
    </Organization>
    <ProgramOfficer>
      <SignBlockName>Frederick M Kronz</SignBlockName>
    </ProgramOfficer>
    <AbstractNarration>The objective of this project is to produce a book on the history of field biology in the United States between 1890 and 1940, focussing on the continuing tensions between laboratory and field. In the 1890s and 1900s, field biologists, spurred by their recent loss of status in comparison with physiologists and morphologists, borrowed laboratory methods and applied them to field work. At the same time they reasserted their belief that authentic knowledge of plant and animal life could only be produced in nature. In its methods this project extends the tools of environmental historians to the history of science. Environmental historians know how to treat the varied ways in which humans inhabit, use, change and understand the natural world. They restore to history a powerful sense of natural places and their effects on human actions, but without losing sight of `Nature` as a cultural representation. They study how people know the natural world by making a living from it. These methods are ideally suited to the history of field biology. Several specific topics will be treated in the book. First, how did ecologists and evolutionary biologists devise ways of experimenting in nature without losing the rigor and control that experimentalists expect of authentic knowledge? Second, how did field biologists invent the instrumentation (vivaria, field stations, biological farms) necessary for their research? Finally, how was the work of these biologists shaped by cultural factors, including the nature movements of the early 1900s and the problematic cultural meaning of field work (which appears unscientific as it takes place outside the clean, well-lighted laboratory). This project extends the well-developed study of laboratory life and experiments to the less-studied field sciences. It enriches the history of science and environmental history by bringing them together. And it contributes to our understanding of the field sciences as a cultural and social activity.</AbstractNarration>
    <MinAmdLetterDate>07/24/1997</MinAmdLetterDate>
    <MaxAmdLetterDate>07/24/1997</MaxAmdLetterDate>
    <ARRAAmount/>
    <AwardID>9700645</AwardID>
    <Investigator>
      <FirstName>Robert</FirstName>
      <LastName>Kohler</LastName>
      <EmailAddress>rkohler@sas.upenn.edu</EmailAddress>
      <StartDate>07/24/1997</StartDate>
      <EndDate/>
      <RoleCode>Principal Investigator</RoleCode>
    </Investigator>
    <Institution>
      <Name>University of Pennsylvania</Name>
      <CityName>Philadelphia</CityName>
      <ZipCode>191046205</ZipCode>
      <PhoneNumber>2158987293</PhoneNumber>
      <StreetAddress>Research Services</StreetAddress>
      <CountryName>United States</CountryName>
      <StateName>Pennsylvania</StateName>
      <StateCode>PA</StateCode>
    </Institution>
    <FoaInformation>
      <Code>0000099</Code>
      <Name>Other Applications NEC</Name>
    </FoaInformation>
  </Award>
</rootTag>
