<?xml version="1.0" encoding="UTF-8"?>

<rootTag>
  <Award>
    <AwardTitle>Concavity Induced Heat Transfer Enhancement</AwardTitle>
    <AwardEffectiveDate>08/01/1997</AwardEffectiveDate>
    <AwardExpirationDate>07/31/1999</AwardExpirationDate>
    <AwardAmount>110007</AwardAmount>
    <AwardInstrument>
      <Value>Standard Grant</Value>
    </AwardInstrument>
    <Organization>
      <Code>07020000</Code>
      <Directorate>
        <LongName>Directorate For Engineering</LongName>
      </Directorate>
      <Division>
        <LongName>Div Of Chem, Bioeng, Env, &amp; Transp Sys</LongName>
      </Division>
    </Organization>
    <ProgramOfficer>
      <SignBlockName>Stefan T. Thynell</SignBlockName>
    </ProgramOfficer>
    <AbstractNarration>ABSTRACT The principal investigators propose to study a new technique to enhance convective heat transfer from hot surfaces. Arrays of concave indentations will be created on the surface to induce higher rates of heat transfer. This concept was first mentioned by Russian scientists at an international conference held in 1995. The Russian scientists conjectured that tornado-like bursts resulting from flow over the concavities were responsible for the enhanced heat transfer. Preliminary experimental measurements by the principal investigators did show enhanced heat transfer, but not the presence of tornado-like bursts. The proposed work will include comprehensive experimental measurements using the transient liquid crystal technique to establish the full effects of concavities. Three-dimensional numerical simulations using a finite-volume based computer code will be carried out to reveal the flow behavior.</AbstractNarration>
    <MinAmdLetterDate>07/25/1997</MinAmdLetterDate>
    <MaxAmdLetterDate>07/25/1997</MaxAmdLetterDate>
    <ARRAAmount/>
    <AwardID>9700552</AwardID>
    <Investigator>
      <FirstName>Tom I-P</FirstName>
      <LastName>Shih</LastName>
      <EmailAddress>tomshih@iastate.edu</EmailAddress>
      <StartDate>07/25/1997</StartDate>
      <EndDate/>
      <RoleCode>Co-Principal Investigator</RoleCode>
    </Investigator>
    <Investigator>
      <FirstName>Ming King</FirstName>
      <LastName>Chyu</LastName>
      <EmailAddress>mkchyu@pitt.edu</EmailAddress>
      <StartDate>07/25/1997</StartDate>
      <EndDate/>
      <RoleCode>Principal Investigator</RoleCode>
    </Investigator>
    <Institution>
      <Name>Carnegie-Mellon University</Name>
      <CityName>PITTSBURGH</CityName>
      <ZipCode>152133815</ZipCode>
      <PhoneNumber>4122689527</PhoneNumber>
      <StreetAddress>5000 Forbes Avenue</StreetAddress>
      <CountryName>United States</CountryName>
      <StateName>Pennsylvania</StateName>
      <StateCode>PA</StateCode>
    </Institution>
  </Award>
</rootTag>
