<?xml version="1.0" encoding="UTF-8"?>

<rootTag>
  <Award>
    <AwardTitle>Mechanical Properties of Nanotubes: Elastic Moduli, Buckling and a Nanometer-Scale Switch</AwardTitle>
    <AwardEffectiveDate>09/15/1997</AwardEffectiveDate>
    <AwardExpirationDate>08/31/2001</AwardExpirationDate>
    <AwardAmount>419853</AwardAmount>
    <AwardInstrument>
      <Value>Continuing grant</Value>
    </AwardInstrument>
    <Organization>
      <Code>07010000</Code>
      <Directorate>
        <LongName>Directorate For Engineering</LongName>
      </Directorate>
      <Division>
        <LongName>Div Of Electrical, Commun &amp; Cyber Sys</LongName>
      </Division>
    </Organization>
    <ProgramOfficer>
      <SignBlockName>Filbert J. Bartoli</SignBlockName>
    </ProgramOfficer>
    <AbstractNarration>9700677 Superfine This project will synthesize, characterize and model nanotubes to understand their mechanical properties as they relate to nanometer scale mechanical devices and as components of composite materials. The elastic moduli will be measured using Atomic Force Microscopy to determine stress/strain relationships. Particular attention will be paid to the failure modes of the tubes through the correlation of structural features and discontinuities in the determined moduli. These studies will be performed on carbon and substituted nanotubes, filled tubes, and will be compared with molecular dynamics calculations. The atomistic molecular dynamics simulations will be used to provide atomic scale insight into the forces which drive nanotube mechanical performance. The project will begin the incorporation of nanotubes into mechanical device structures beginning with the simplest MEMS structure, a cantilever switch. This will serve as a test bed for the interfacial effects which will play a critical role in the operation of a nanometer scale structure. Both the characterization of the nanotubes and the production of prototype devices will be made possible by a unique, advanced interface for AFM, the nanoManipulator, which permits facile manipulation while measuring the normal and lateral forces exerted on the object. ***</AbstractNarration>
    <MinAmdLetterDate>09/08/1997</MinAmdLetterDate>
    <MaxAmdLetterDate>07/12/1999</MaxAmdLetterDate>
    <ARRAAmount/>
    <AwardID>9700677</AwardID>
    <Investigator>
      <FirstName>Otto</FirstName>
      <LastName>Zhou</LastName>
      <EmailAddress>zhou@physics.unc.edu</EmailAddress>
      <StartDate>09/08/1997</StartDate>
      <EndDate/>
      <RoleCode>Co-Principal Investigator</RoleCode>
    </Investigator>
    <Investigator>
      <FirstName>Sean</FirstName>
      <LastName>Washburn</LastName>
      <EmailAddress>sean@physics.unc.edu</EmailAddress>
      <StartDate>09/08/1997</StartDate>
      <EndDate/>
      <RoleCode>Co-Principal Investigator</RoleCode>
    </Investigator>
    <Investigator>
      <FirstName>Richard</FirstName>
      <LastName>Superfine</LastName>
      <EmailAddress>rsuper@physics.unc.edu</EmailAddress>
      <StartDate>09/08/1997</StartDate>
      <EndDate/>
      <RoleCode>Principal Investigator</RoleCode>
    </Investigator>
    <Institution>
      <Name>University of North Carolina at Chapel Hill</Name>
      <CityName>CHAPEL HILL</CityName>
      <ZipCode>275991350</ZipCode>
      <PhoneNumber>9199663411</PhoneNumber>
      <StreetAddress>104 AIRPORT DR STE 2200</StreetAddress>
      <CountryName>United States</CountryName>
      <StateName>North Carolina</StateName>
      <StateCode>NC</StateCode>
    </Institution>
  </Award>
</rootTag>
