<?xml version="1.0" encoding="UTF-8"?>

<rootTag>
  <Award>
    <AwardTitle>Purchase of a Nuclear Magnetic Resonance Spectrometer</AwardTitle>
    <AwardEffectiveDate>04/01/1997</AwardEffectiveDate>
    <AwardExpirationDate>03/31/1998</AwardExpirationDate>
    <AwardAmount>150000</AwardAmount>
    <AwardInstrument>
      <Value>Standard Grant</Value>
    </AwardInstrument>
    <Organization>
      <Code>03090002</Code>
      <Directorate>
        <LongName>Direct For Mathematical &amp; Physical Scien</LongName>
      </Directorate>
      <Division>
        <LongName>Division Of Chemistry</LongName>
      </Division>
    </Organization>
    <ProgramOfficer>
      <SignBlockName>Joan M. Frye</SignBlockName>
    </ProgramOfficer>
    <AbstractNarration>This award from the Chemistry Research Instrumentation and Facilities Program will assist the Department of Chemistry at Wichita State University to acquire a 300 MHz NMR Spectrometer. This equipment will enhance research in a number of areas including the following: (1) synthesis and characterization of metacyclophanes, (2) studies on novel porphyrin-based chemosensors and donor-acceptor systems using molecular recognition approach, (3) metal complexes of nitrile- substituted trispyrazolylborates-molecular materials, (4) mechanism-based inhibitors of serine proteinase, (5) molecules for solar energy conversion, (6) micelle-forming, water-soluble diblock copolymers by group transfer polymerization, and (7) chemistry of l-ascorbic acid. Nuclear Magnetic Resonance (NMR) spectroscopy is the most powerful tool available to chemists for the elucidation of the structure of molecules. It is used to identify unknown substances, characterize specific arrangements of atoms within molecules, and to study the dynamics of interactions between molecules in solution. Access to state-of-the-art NMR spectrometry is essential to chemists who are carrying out frontier research. The results from these NMR studies are useful in the areas such as polymers, catalysis, and in biology.</AbstractNarration>
    <MinAmdLetterDate>03/31/1997</MinAmdLetterDate>
    <MaxAmdLetterDate>03/31/1997</MaxAmdLetterDate>
    <ARRAAmount/>
    <AwardID>9700421</AwardID>
    <Investigator>
      <FirstName>D. Paul</FirstName>
      <LastName>Rillema</LastName>
      <EmailAddress>paul.rillema@wichita.edu</EmailAddress>
      <StartDate>03/31/1997</StartDate>
      <EndDate/>
      <RoleCode>Principal Investigator</RoleCode>
    </Investigator>
    <Institution>
      <Name>Wichita State University</Name>
      <CityName>Wichita</CityName>
      <ZipCode>672600007</ZipCode>
      <PhoneNumber>3169783285</PhoneNumber>
      <StreetAddress>1845 Fairmount</StreetAddress>
      <CountryName>United States</CountryName>
      <StateName>Kansas</StateName>
      <StateCode>KS</StateCode>
    </Institution>
    <FoaInformation>
      <Code>0000099</Code>
      <Name>Other Applications NEC</Name>
    </FoaInformation>
    <ProgramElement>
      <Code>1938</Code>
      <Text>CHEMICAL INSTRUMENTATION</Text>
    </ProgramElement>
    <ProgramReference>
      <Code>9161</Code>
      <Text>SINGLE DIVISION/UNIVERSITY</Text>
    </ProgramReference>
    <ProgramReference>
      <Code>9181</Code>
      <Text>BIOPROCESSING/BIOMOLECULAR MATERIALS</Text>
    </ProgramReference>
    <ProgramReference>
      <Code>AMPP</Code>
      <Text>ADVANCED MATERIALS &amp; PROCESSING PROGRAM</Text>
    </ProgramReference>
    <ProgramReference>
      <Code>BIOT</Code>
      <Text>BIOTECHNOLOGY</Text>
    </ProgramReference>
  </Award>
</rootTag>
