<?xml version="1.0" encoding="UTF-8"?>

<rootTag>
  <Award>
    <AwardTitle>Algebraic Combinatorics</AwardTitle>
    <AwardEffectiveDate>08/01/1997</AwardEffectiveDate>
    <AwardExpirationDate>07/31/2000</AwardExpirationDate>
    <AwardAmount>121000</AwardAmount>
    <AwardInstrument>
      <Value>Standard Grant</Value>
    </AwardInstrument>
    <Organization>
      <Code>03040300</Code>
      <Directorate>
        <LongName>Direct For Mathematical &amp; Physical Scien</LongName>
      </Directorate>
      <Division>
        <LongName>Division Of Mathematical Sciences</LongName>
      </Division>
    </Organization>
    <ProgramOfficer>
      <SignBlockName>Robert Perlis</SignBlockName>
    </ProgramOfficer>
    <AbstractNarration>Stembridge 9700787 The proposer intends to continue his research into the applications of combinatorial methods to algebraic problems, and conversely, the use of algebraic methods in combinatorial enumeration. The specific topics include the study of pattern avoidance and enumeration of reduced expressions in Coxeter groups, permutation characters arising in the cohomology of the toric variety of a Weyl chamber, use of the group algebra of the symmetric group to study immanant inequalities, and the study of generating functions for generalized tableaux associated with partially ordered sets. In addition, the proposer intends to continue developing free software to assist research in these areas, and in particular, to develop a new version of a package for working with root systems, Coxeter groups, and characters of semisimple Lie algebras. This research is in the general area of Combinatorics. One of the goals of Combinatorics is to find efficient methods of studying how discrete collections of objects can be arranged. The behavior of discrete systems is extremely important to modern communications. For example, the design of large networks, such as those occurring in telephone systems, and the design of algorithms in computer science deal with discrete sets of objects, and this makes use of combinatorial research.</AbstractNarration>
    <MinAmdLetterDate>07/21/1997</MinAmdLetterDate>
    <MaxAmdLetterDate>07/21/1997</MaxAmdLetterDate>
    <ARRAAmount/>
    <AwardID>9700787</AwardID>
    <Investigator>
      <FirstName>John</FirstName>
      <LastName>Stembridge</LastName>
      <EmailAddress>jrs@umich.edu</EmailAddress>
      <StartDate>07/21/1997</StartDate>
      <EndDate/>
      <RoleCode>Principal Investigator</RoleCode>
    </Investigator>
    <Institution>
      <Name>University of Michigan Ann Arbor</Name>
      <CityName>Ann Arbor</CityName>
      <ZipCode>481091274</ZipCode>
      <PhoneNumber>7347636438</PhoneNumber>
      <StreetAddress>3003 South State St. Room 1062</StreetAddress>
      <CountryName>United States</CountryName>
      <StateName>Michigan</StateName>
      <StateCode>MI</StateCode>
    </Institution>
    <FoaInformation>
      <Code>0000099</Code>
      <Name>Other Applications NEC</Name>
    </FoaInformation>
  </Award>
</rootTag>
