<?xml version="1.0" encoding="UTF-8"?>

<rootTag>
  <Award>
    <AwardTitle>Engineering Research Equipment: Maxsparc Vision System (Multisensor Based Self Calibrated Planning and Control Problems in Robotics &amp; Automation)</AwardTitle>
    <AwardEffectiveDate>09/01/1997</AwardEffectiveDate>
    <AwardExpirationDate>08/31/1998</AwardExpirationDate>
    <AwardAmount>34355</AwardAmount>
    <AwardInstrument>
      <Value>Standard Grant</Value>
    </AwardInstrument>
    <Organization>
      <Code>07010000</Code>
      <Directorate>
        <LongName>Directorate For Engineering</LongName>
      </Directorate>
      <Division>
        <LongName>Div Of Electrical, Commun &amp; Cyber Sys</LongName>
      </Division>
    </Organization>
    <ProgramOfficer>
      <SignBlockName>Radhakisan S. Baheti</SignBlockName>
    </ProgramOfficer>
    <AbstractNarration>ECS-9700334 Ghosh The proposed equipment's would mainly support research in the Laboratory for Visionics. The equipment's would mainly be used for low level image processing, specifically in analyzing sequence of images o three dimensional indoor or natural scenes for the purpose of navigation, obstacle avoidance, target tracking an motion estimation. The laboratory is presently equipped with an INTELLEDEX 386 Vision System and is being used to the limits of its capability. The proposed MAXSPARC system would be used for visual processing in the closed loop with feedback to the Motion Planner and Robot Controller.</AbstractNarration>
    <MinAmdLetterDate>08/27/1997</MinAmdLetterDate>
    <MaxAmdLetterDate>08/27/1997</MaxAmdLetterDate>
    <ARRAAmount/>
    <AwardID>9700334</AwardID>
    <Investigator>
      <FirstName>Ning</FirstName>
      <LastName>Xi</LastName>
      <EmailAddress>xin@egr.msu.edu</EmailAddress>
      <StartDate>08/27/1997</StartDate>
      <EndDate/>
      <RoleCode>Co-Principal Investigator</RoleCode>
    </Investigator>
    <Investigator>
      <FirstName>Tzyh-Jong</FirstName>
      <LastName>Tarn</LastName>
      <EmailAddress>tarn@wuauto.wustl.edu</EmailAddress>
      <StartDate>08/27/1997</StartDate>
      <EndDate/>
      <RoleCode>Co-Principal Investigator</RoleCode>
    </Investigator>
    <Investigator>
      <FirstName>Bijoy</FirstName>
      <LastName>Ghosh</LastName>
      <EmailAddress>bijoy.ghosh@ttu.edu</EmailAddress>
      <StartDate>08/27/1997</StartDate>
      <EndDate/>
      <RoleCode>Principal Investigator</RoleCode>
    </Investigator>
    <Institution>
      <Name>Washington University</Name>
      <CityName>Saint Louis</CityName>
      <ZipCode>631304862</ZipCode>
      <PhoneNumber>3147474134</PhoneNumber>
      <StreetAddress>CAMPUS BOX 1054</StreetAddress>
      <CountryName>United States</CountryName>
      <StateName>Missouri</StateName>
      <StateCode>MO</StateCode>
    </Institution>
    <FoaInformation>
      <Code>0112000</Code>
      <Name>System Theory</Name>
    </FoaInformation>
    <ProgramElement>
      <Code>1518</Code>
      <Text>CONTROL, NETWORKS, &amp; COMP INTE</Text>
    </ProgramElement>
    <ProgramReference>
      <Code>0000</Code>
      <Text>UNASSIGNED</Text>
    </ProgramReference>
    <ProgramReference>
      <Code>OTHR</Code>
      <Text>OTHER RESEARCH OR EDUCATION</Text>
    </ProgramReference>
  </Award>
</rootTag>
