<?xml version="1.0" encoding="UTF-8"?>

<rootTag>
  <Award>
    <AwardTitle>Millenial-Scale Climatic Oscillations in New Zealand During the Last Glacial Cycle; PEP III Transect</AwardTitle>
    <AwardEffectiveDate>01/01/1997</AwardEffectiveDate>
    <AwardExpirationDate>03/31/1999</AwardExpirationDate>
    <AwardAmount>42526</AwardAmount>
    <AwardInstrument>
      <Value>Standard Grant</Value>
    </AwardInstrument>
    <Organization>
      <Code>06020108</Code>
      <Directorate>
        <LongName>Directorate For Geosciences</LongName>
      </Directorate>
      <Division>
        <LongName>Div Atmospheric &amp; Geospace Sciences</LongName>
      </Division>
    </Organization>
    <ProgramOfficer>
      <SignBlockName>Herman Zimmerman</SignBlockName>
    </ProgramOfficer>
    <AbstractNarration>Abstract ATM-9700633 Denton, George H. University of Maine Title: Millennial-Scale Climatic Oscillations in New Zealand During the Last Glacial Cycle: PEP III Transect Paleoclimate records from Greenland ice cores and North Atlantic sediments indicate that the glacial climate over the North Atlantic basin was punctuated with large and frequent abrupt climatic changes (Dansgaard-Oeschger and Henrich events). Because the events first appeared to have been regionally restricted, most explanations have invoked regional forcing mechanisms. But quite a different perspective would emerge if these events were shown to be of this global-scale. SGER award supports a reconnaissance study of the glacial and vegetative paleoclimate record of the massive morainal deposits of the Southern Alps of New Zealand This will establish the paleoclimate potential of this record to contribute to our understanding of interhemispheric climatic linkages and forcing mechanisms for the last glacial cycle.</AbstractNarration>
    <MinAmdLetterDate>12/16/1996</MinAmdLetterDate>
    <MaxAmdLetterDate>12/16/1996</MaxAmdLetterDate>
    <ARRAAmount/>
    <AwardID>9700633</AwardID>
    <Investigator>
      <FirstName>George</FirstName>
      <LastName>Denton</LastName>
      <EmailAddress>george.denton@umit.maine.edu</EmailAddress>
      <StartDate>12/16/1996</StartDate>
      <EndDate/>
      <RoleCode>Principal Investigator</RoleCode>
    </Investigator>
    <Institution>
      <Name>University of Maine</Name>
      <CityName>ORONO</CityName>
      <ZipCode>044695717</ZipCode>
      <PhoneNumber>2075811484</PhoneNumber>
      <StreetAddress>5717 Corbett Hall</StreetAddress>
      <CountryName>United States</CountryName>
      <StateName>Maine</StateName>
      <StateCode>ME</StateCode>
    </Institution>
    <FoaInformation>
      <Code>0319000</Code>
      <Name>Climate Related Activities</Name>
    </FoaInformation>
  </Award>
</rootTag>
