<?xml version="1.0" encoding="UTF-8"?>

<rootTag>
  <Award>
    <AwardTitle>Algorithmic Techniques for Optimization in Graphs</AwardTitle>
    <AwardEffectiveDate>08/01/1997</AwardEffectiveDate>
    <AwardExpirationDate>07/31/2003</AwardExpirationDate>
    <AwardAmount>229154</AwardAmount>
    <AwardInstrument>
      <Value>Standard Grant</Value>
    </AwardInstrument>
    <Organization>
      <Code>05010100</Code>
      <Directorate>
        <LongName>Direct For Computer &amp; Info Scie &amp; Enginr</LongName>
      </Directorate>
      <Division>
        <LongName>Division of Computing and Communication Foundations</LongName>
      </Division>
    </Organization>
    <ProgramOfficer>
      <SignBlockName>David Du</SignBlockName>
    </ProgramOfficer>
    <AbstractNarration>This project investigates algorithmic techniques for optimization, with an emphasis on problems related to graphs. The goal is faster and more space-efficient algorithms. A special focus is the use of semidefinite programming for modelling graph optimization problems. A new approach to approximately solving semidefinite programming problems is being pursued. Using the work on semidefinite programming as a guide, the project studies improving the efficiency of a broad class of approximation algorithms for optimization.</AbstractNarration>
    <MinAmdLetterDate>07/23/1997</MinAmdLetterDate>
    <MaxAmdLetterDate>11/21/2002</MaxAmdLetterDate>
    <ARRAAmount/>
    <AwardID>9700146</AwardID>
    <Investigator>
      <FirstName>Philip</FirstName>
      <LastName>Klein</LastName>
      <EmailAddress>klein@brown.edu</EmailAddress>
      <StartDate>07/23/1997</StartDate>
      <EndDate/>
      <RoleCode>Principal Investigator</RoleCode>
    </Investigator>
    <Institution>
      <Name>Brown University</Name>
      <CityName>Providence</CityName>
      <ZipCode>029129002</ZipCode>
      <PhoneNumber>4018632777</PhoneNumber>
      <StreetAddress>BOX 1929</StreetAddress>
      <CountryName>United States</CountryName>
      <StateName>Rhode Island</StateName>
      <StateCode>RI</StateCode>
    </Institution>
    <FoaInformation>
      <Code>0000099</Code>
      <Name>Other Applications NEC</Name>
    </FoaInformation>
    <ProgramElement>
      <Code>2860</Code>
      <Text>THEORY OF COMPUTING</Text>
    </ProgramElement>
    <ProgramReference>
      <Code>9216</Code>
      <Text>ADVANCED SOFTWARE TECH &amp; ALGOR</Text>
    </ProgramReference>
    <ProgramReference>
      <Code>HPCC</Code>
      <Text>HIGH PERFORMANCE COMPUTING &amp; COMM</Text>
    </ProgramReference>
  </Award>
</rootTag>
