<?xml version="1.0" encoding="UTF-8"?>

<rootTag>
  <Award>
    <AwardTitle>Geometric Methods in Group Theory</AwardTitle>
    <AwardEffectiveDate>07/01/1997</AwardEffectiveDate>
    <AwardExpirationDate>07/31/2000</AwardExpirationDate>
    <AwardAmount>209997</AwardAmount>
    <AwardInstrument>
      <Value>Continuing grant</Value>
    </AwardInstrument>
    <Organization>
      <Code>03040300</Code>
      <Directorate>
        <LongName>Direct For Mathematical &amp; Physical Scien</LongName>
      </Directorate>
      <Division>
        <LongName>Division Of Mathematical Sciences</LongName>
      </Division>
    </Organization>
    <ProgramOfficer>
      <SignBlockName>Robert Perlis</SignBlockName>
    </ProgramOfficer>
    <AbstractNarration>Abstract, Bass, 9700634 The project will address three areas of geometric group theory. The first concerns group actions on trees, particularly tree lattices, i.e. discrete groups of automorphisms of locally finite trees with finite volume quotients. This theory is a discrete analogue of the theory of Fuchsian groups acting on the upper half plane. The second area is the representation theory of finitely generated groups, and particularly the structure of rigid groups, i.e. those with only finitely many irreducible representations in each dimension. When also linear, these are conjecturally of arithmetic type. The third area concerns algebraic group actions on affine space, and, in particular, flat families of representations of reductive groups, and the extent to which these are globally equivariant vector bundles. The project is an investigation of certain groups of symmetries of various kinds of geometric structures. In the first instance these are infinite trees, ( i.e. connected graphs without closed circuits), and our symmetry groups are discrete, and act with say finitely many orbits. In the second setting, we study finitely generated groups via their matrix representations, particularly for groups that have "very few" of these. In the last case we study Lie groups acting algebraically, but possibly non linearly, on Euclidean spaces, and try to determine when certain such actions are "approximately linear."</AbstractNarration>
    <MinAmdLetterDate>04/03/1997</MinAmdLetterDate>
    <MaxAmdLetterDate>05/19/1999</MaxAmdLetterDate>
    <ARRAAmount/>
    <AwardID>9700634</AwardID>
    <Investigator>
      <FirstName>Hyman</FirstName>
      <LastName>Bass</LastName>
      <EmailAddress>hybass@umich.edu</EmailAddress>
      <StartDate>04/03/1997</StartDate>
      <EndDate/>
      <RoleCode>Principal Investigator</RoleCode>
    </Investigator>
    <Institution>
      <Name>Columbia University</Name>
      <CityName>NEW YORK</CityName>
      <ZipCode>100276902</ZipCode>
      <PhoneNumber>2128546851</PhoneNumber>
      <StreetAddress>2960 Broadway</StreetAddress>
      <CountryName>United States</CountryName>
      <StateName>New York</StateName>
      <StateCode>NY</StateCode>
    </Institution>
    <FoaInformation>
      <Code>0000099</Code>
      <Name>Other Applications NEC</Name>
    </FoaInformation>
    <ProgramElement>
      <Code>1264</Code>
      <Text>ALGEBRA,NUMBER THEORY,AND COM</Text>
    </ProgramElement>
    <ProgramReference>
      <Code>0000</Code>
      <Text>UNASSIGNED</Text>
    </ProgramReference>
    <ProgramReference>
      <Code>OTHR</Code>
      <Text>OTHER RESEARCH OR EDUCATION</Text>
    </ProgramReference>
  </Award>
</rootTag>
