<?xml version="1.0" encoding="UTF-8"?>

<rootTag>
  <Award>
    <AwardTitle>Development of a World Wide Web-Based Textbook on Molecular Simulation: A Dynamic Approach to Integrating Fundamental Concepts &amp; Research Advances into the Chemical Eng. Cur.</AwardTitle>
    <AwardEffectiveDate>06/15/1997</AwardEffectiveDate>
    <AwardExpirationDate>05/31/2001</AwardExpirationDate>
    <AwardAmount>346453</AwardAmount>
    <AwardInstrument>
      <Value>Standard Grant</Value>
    </AwardInstrument>
    <Organization>
      <Code>07050000</Code>
      <Directorate>
        <LongName>Directorate For Engineering</LongName>
      </Directorate>
      <Division>
        <LongName>Div Of Engineering Education and Centers</LongName>
      </Division>
    </Organization>
    <ProgramOfficer>
      <SignBlockName>Mary Poats</SignBlockName>
    </ProgramOfficer>
    <AbstractNarration>EEC 9700809 Cummings Abstract This award funds a three year Combined Research-Curriculum Development (CRCD) program, entitled "Development of a World Wide Web Based Textbook on Molecular Simulation," at the University of Tennessee-Knoxville under the direction of Dr. Peter T. Cummings. The goal of this project is to initiate a WWW-based "textbook" on molecular simulation. An electronic form of this book exists exclusively and is read via an electronic browser such as Netscape or Microsoft Explorer. This electronic format invites the use of many novel tools that significantly enhance the learning experience and permits the book to adjust rapidly to advances in the field of molecular simulation, thereby precluding its obsolescence. The work funded by this award is part of a broader project to weave molecular simulation into the undergraduate and graduate chemical engineering curricula at the University of Tennessee-Knoxville. This is important because molecular simulation is emerging as a practical tool of chemical manufacturers and consumers.</AbstractNarration>
    <MinAmdLetterDate>06/12/1997</MinAmdLetterDate>
    <MaxAmdLetterDate>06/12/1997</MaxAmdLetterDate>
    <ARRAAmount/>
    <AwardID>9700809</AwardID>
    <Investigator>
      <FirstName>Juan</FirstName>
      <LastName>De Pablo</LastName>
      <EmailAddress>depablo@uchicago.edu</EmailAddress>
      <StartDate>06/12/1997</StartDate>
      <EndDate/>
      <RoleCode>Co-Principal Investigator</RoleCode>
    </Investigator>
    <Investigator>
      <FirstName>Athanassios</FirstName>
      <LastName>Panagiotopoulos</LastName>
      <EmailAddress>azp@princeton.edu</EmailAddress>
      <StartDate>06/12/1997</StartDate>
      <EndDate/>
      <RoleCode>Co-Principal Investigator</RoleCode>
    </Investigator>
    <Investigator>
      <FirstName>David</FirstName>
      <LastName>Kofke</LastName>
      <EmailAddress>kofke@buffalo.edu</EmailAddress>
      <StartDate>06/12/1997</StartDate>
      <EndDate/>
      <RoleCode>Co-Principal Investigator</RoleCode>
    </Investigator>
    <Investigator>
      <FirstName>Peter</FirstName>
      <LastName>Cummings</LastName>
      <EmailAddress>peter.cummings@vanderbilt.edu</EmailAddress>
      <StartDate>06/12/1997</StartDate>
      <EndDate/>
      <RoleCode>Principal Investigator</RoleCode>
    </Investigator>
    <Investigator>
      <FirstName>Richard</FirstName>
      <LastName>Rowley</LastName>
      <EmailAddress>rowley@byu.edu</EmailAddress>
      <StartDate>06/12/1997</StartDate>
      <EndDate/>
      <RoleCode>Co-Principal Investigator</RoleCode>
    </Investigator>
    <Institution>
      <Name>University of Tennessee Knoxville</Name>
      <CityName>KNOXVILLE</CityName>
      <ZipCode>379960003</ZipCode>
      <PhoneNumber>8659743466</PhoneNumber>
      <StreetAddress>1 CIRCLE PARK</StreetAddress>
      <CountryName>United States</CountryName>
      <StateName>Tennessee</StateName>
      <StateCode>TN</StateCode>
    </Institution>
  </Award>
</rootTag>
