<?xml version="1.0" encoding="UTF-8"?>

<rootTag>
  <Award>
    <AwardTitle>Product and Process Engineering for Starch-Based Polymers</AwardTitle>
    <AwardEffectiveDate>07/01/1997</AwardEffectiveDate>
    <AwardExpirationDate>06/30/2001</AwardExpirationDate>
    <AwardAmount>299997</AwardAmount>
    <AwardInstrument>
      <Value>Continuing grant</Value>
    </AwardInstrument>
    <Organization>
      <Code>07030000</Code>
      <Directorate>
        <LongName>Directorate For Engineering</LongName>
      </Directorate>
      <Division>
        <LongName>Div Of Civil, Mechanical, &amp; Manufact Inn</LongName>
      </Division>
    </Organization>
    <ProgramOfficer>
      <SignBlockName>Delcie R. Durham</SignBlockName>
    </ProgramOfficer>
    <AbstractNarration>DMI-9700126 Bhatacharya The use of starch-based polymers in the manufacture of injection molded plastic products has been shown to be viable for making biodegradable plastic products. The production of such products is substantially more difficult than synthetic polymers and currently relies on an inefficient trial-and-error approach. The major barrier to large-scale commercialization of starch-based polymer injection molded products is the lack of experience with the molding properties. Without confidence in the material's performance, industry is reluctant to commit to the large-scale production needed to make injection molding of starch-based polymers economically attractive. This research project seeks to develop the necessary understanding so that starch-based polymers can be used with the same assurance as synthetic polymers. The objective of this proposal is to create the engineering methodology needed to routinely design products with environmentally-friendly starch-based polymers. This design methodology will be fine-tuned and tested by conducting case studies involving all stages of the product and process design for candidate starch-based polymer parts. The research project has a balance between theory and experiment, and will provide valuable findings for the biodegradable product manufacturing industry.</AbstractNarration>
    <MinAmdLetterDate>07/02/1997</MinAmdLetterDate>
    <MaxAmdLetterDate>05/24/1999</MaxAmdLetterDate>
    <ARRAAmount/>
    <AwardID>9700126</AwardID>
    <Investigator>
      <FirstName>Kim</FirstName>
      <LastName>Stelson</LastName>
      <EmailAddress>kstelson@me.umn.edu</EmailAddress>
      <StartDate>07/02/1997</StartDate>
      <EndDate/>
      <RoleCode>Co-Principal Investigator</RoleCode>
    </Investigator>
    <Investigator>
      <FirstName>Mrinal</FirstName>
      <LastName>Bhattacharya</LastName>
      <EmailAddress>bhatt002@umn.edu</EmailAddress>
      <StartDate>07/02/1997</StartDate>
      <EndDate/>
      <RoleCode>Principal Investigator</RoleCode>
    </Investigator>
    <Investigator>
      <FirstName>Vaughan</FirstName>
      <LastName>Voller</LastName>
      <EmailAddress>volle001@umn.edu</EmailAddress>
      <StartDate>07/02/1997</StartDate>
      <EndDate/>
      <RoleCode>Co-Principal Investigator</RoleCode>
    </Investigator>
    <Institution>
      <Name>University of Minnesota-Twin Cities</Name>
      <CityName>Minneapolis</CityName>
      <ZipCode>554552070</ZipCode>
      <PhoneNumber>6126245599</PhoneNumber>
      <StreetAddress>200 OAK ST SE</StreetAddress>
      <CountryName>United States</CountryName>
      <StateName>Minnesota</StateName>
      <StateCode>MN</StateCode>
    </Institution>
    <FoaInformation>
      <Code>0308000</Code>
      <Name>Industrial Technology</Name>
    </FoaInformation>
  </Award>
</rootTag>
