<?xml version="1.0" encoding="UTF-8"?>

<rootTag>
  <Award>
    <AwardTitle>Chemistry of Luminescent Porous Silicon</AwardTitle>
    <AwardEffectiveDate>05/15/1997</AwardEffectiveDate>
    <AwardExpirationDate>04/30/2001</AwardExpirationDate>
    <AwardAmount>300000</AwardAmount>
    <AwardInstrument>
      <Value>Continuing grant</Value>
    </AwardInstrument>
    <Organization>
      <Code>03070007</Code>
      <Directorate>
        <LongName>Direct For Mathematical &amp; Physical Scien</LongName>
      </Directorate>
      <Division>
        <LongName>Division Of Materials Research</LongName>
      </Division>
    </Organization>
    <ProgramOfficer>
      <SignBlockName>David Nelson</SignBlockName>
    </ProgramOfficer>
    <AbstractNarration>9700202 Sailor This proposal is aimed at developing the surface chemistry of silicon, and on obtaining a fundamental understanding of the radiative and nonradiative processes available to luminescent nanocrystalline silicon ("porous silicon"). Two major areas will be emphasized: the study of chemical transformations, and the study of physisorption processes at porous silicon surfaces. %%% The proposed work will advance our fundamental understanding of the relationship between surface species and carrier dynamics in porous silicon. It will aid in the design of specific chemical sensors based on modulation of the optical properties of porous silicon, which will help in the design of stable luminescent devices or chemical sensors. ***</AbstractNarration>
    <MinAmdLetterDate>05/22/1997</MinAmdLetterDate>
    <MaxAmdLetterDate>05/24/1999</MaxAmdLetterDate>
    <ARRAAmount/>
    <AwardID>9700202</AwardID>
    <Investigator>
      <FirstName>Michael</FirstName>
      <LastName>Sailor</LastName>
      <EmailAddress>msailor@ucsd.edu</EmailAddress>
      <StartDate>05/22/1997</StartDate>
      <EndDate/>
      <RoleCode>Principal Investigator</RoleCode>
    </Investigator>
    <Institution>
      <Name>University of California-San Diego</Name>
      <CityName>La Jolla</CityName>
      <ZipCode>920930934</ZipCode>
      <PhoneNumber>8585344896</PhoneNumber>
      <StreetAddress>Office of Contract &amp; Grant Admin</StreetAddress>
      <CountryName>United States</CountryName>
      <StateName>California</StateName>
      <StateCode>CA</StateCode>
    </Institution>
    <FoaInformation>
      <Code>0106000</Code>
      <Name>Materials Research</Name>
    </FoaInformation>
    <ProgramElement>
      <Code>1720</Code>
      <Text>SOLID-STATE CHEMSTRY &amp; POLYMRS</Text>
    </ProgramElement>
    <ProgramElement>
      <Code>1762</Code>
      <Text>SOLID STATE &amp; MATERIALS CHEMIS</Text>
    </ProgramElement>
    <ProgramReference>
      <Code>1762</Code>
      <Text>SOLID STATE &amp; MATERIALS CHEMIS</Text>
    </ProgramReference>
    <ProgramReference>
      <Code>9161</Code>
      <Text>SINGLE DIVISION/UNIVERSITY</Text>
    </ProgramReference>
    <ProgramReference>
      <Code>AMPP</Code>
      <Text>ADVANCED MATERIALS &amp; PROCESSING PROGRAM</Text>
    </ProgramReference>
  </Award>
</rootTag>
