<?xml version="1.0" encoding="UTF-8"?>

<rootTag>
  <Award>
    <AwardTitle>Dissertation Research: Chemical Signals on Leaf Surfaces: Keys to Recognition by Ovipositing Insects</AwardTitle>
    <AwardEffectiveDate>06/01/1997</AwardEffectiveDate>
    <AwardExpirationDate>05/31/2000</AwardExpirationDate>
    <AwardAmount>10000</AwardAmount>
    <AwardInstrument>
      <Value>Standard Grant</Value>
    </AwardInstrument>
    <Organization>
      <Code>08090300</Code>
      <Directorate>
        <LongName>Direct For Biological Sciences</LongName>
      </Directorate>
      <Division>
        <LongName>Division Of Integrative Organismal Sys</LongName>
      </Division>
    </Organization>
    <ProgramOfficer>
      <SignBlockName>Zoe Eppley</SignBlockName>
    </ProgramOfficer>
    <AbstractNarration>Feeny 9700718 Ovipositing insects generally make final host-selection decisions on the basis of compounds present on the leaf surface. Little is known about the chemistry of leaf surfaces and how variation in surface-chemical profiles is related to host selection by insects. The goal of this project is to examine the leaf-surface chemistry of a single plant species (Daucus carota) with particular reference to compounds already identified as oviposition stimulants for one of its specialist insect herbivores (Papilio polyxenes). Plant surfaces will be extracted with a combination of chloroform and near-boiling water, and the resulting extracts fractionated and analyzed using high performance liquid chromatography. The project will include: (1) comparisons of the surface-chemical profiles of leaves differing in age, form, life history and genotype; (2) comparisons of the surface-chemical profiles of plants differing in acceptability as oviposition substrates; and (3) comparisons of larval performance on plant genotypes differing in oviposition acceptability. These experiments should determine the extent to which leaf-surface chemical variation is correlated with oviposition preferences of an insect species and subsequent larval performance. This research will reveal whether chemical signals on leaf surfaces can serve as keys for recognition of quality host sites by ovipositing female butterflies.</AbstractNarration>
    <MinAmdLetterDate>05/15/1997</MinAmdLetterDate>
    <MaxAmdLetterDate>05/15/1997</MaxAmdLetterDate>
    <ARRAAmount/>
    <AwardID>9700718</AwardID>
    <Investigator>
      <FirstName>Paul</FirstName>
      <LastName>Feeny</LastName>
      <EmailAddress>ppf1@cornell.edu</EmailAddress>
      <StartDate>05/15/1997</StartDate>
      <EndDate/>
      <RoleCode>Principal Investigator</RoleCode>
    </Investigator>
    <Institution>
      <Name>Cornell Univ - State: AWDS MADE PRIOR MAY 2010</Name>
      <CityName>Ithica</CityName>
      <ZipCode>148502488</ZipCode>
      <PhoneNumber>6072555014</PhoneNumber>
      <StreetAddress>373 Pine Tree Road</StreetAddress>
      <CountryName>United States</CountryName>
      <StateName>New York</StateName>
      <StateCode>NY</StateCode>
    </Institution>
  </Award>
</rootTag>
