<?xml version="1.0" encoding="UTF-8"?>

<rootTag>
  <Award>
    <AwardTitle>Graph Algorithms and Approximation</AwardTitle>
    <AwardEffectiveDate>09/01/1997</AwardEffectiveDate>
    <AwardExpirationDate>05/31/2001</AwardExpirationDate>
    <AwardAmount>149886</AwardAmount>
    <AwardInstrument>
      <Value>Standard Grant</Value>
    </AwardInstrument>
    <Organization>
      <Code>05010100</Code>
      <Directorate>
        <LongName>Direct For Computer &amp; Info Scie &amp; Enginr</LongName>
      </Directorate>
      <Division>
        <LongName>Division of Computing and Communication Foundations</LongName>
      </Division>
    </Organization>
    <ProgramOfficer>
      <SignBlockName>Robert Sloan</SignBlockName>
    </ProgramOfficer>
    <AbstractNarration>The purpose of this research is to design and analyze discrete algorithms solving hard combinatorial graph problems. Because many of these problems are NP-hard, an exact solution is often not feasible; in such cases approximation algorithms are a viable alternative. In addition to attacking approximation problems that seem to require new strategies, a main goal is to investigate the applicability of design principles developed successfully for traditional discrete optimization problems to comparable tasks occurring in other areas, in particular in Computational Molecular Biology and Operations Research. As problems of very similar combinatorial flavor are found in different areas, it can be expected that many solution methods are extendible as well. For example, previous research has resulted in the comparison method to analyze the approximation of the Maximum Independent Set problem for bounded degree graphs. A bipartite graph is used to compare an optimal solution with a solution found by an approximation algorithm. It can be expected that this method will have many more applications. The research plan includes new approaches to algorithm design applicable to various problems in algorithmic graph theory including Steiner trees and the graph isomorphism problem. Another goal is to study the limits of approximability by polynomial time algorithms. While several spectacular results have been obtained in this area, for many approximation problem the gap between the quality of the approximate solutions obtained in polynomial time and the proven hardness results remains large.</AbstractNarration>
    <MinAmdLetterDate>09/04/1997</MinAmdLetterDate>
    <MaxAmdLetterDate>11/29/2000</MaxAmdLetterDate>
    <ARRAAmount/>
    <AwardID>9700053</AwardID>
    <Investigator>
      <FirstName>Martin</FirstName>
      <LastName>Furer</LastName>
      <EmailAddress>furer@cse.psu.edu</EmailAddress>
      <StartDate>09/04/1997</StartDate>
      <EndDate/>
      <RoleCode>Co-Principal Investigator</RoleCode>
    </Investigator>
    <Investigator>
      <FirstName>Piotr</FirstName>
      <LastName>Berman</LastName>
      <EmailAddress>berman@cse.psu.edu</EmailAddress>
      <StartDate>09/04/1997</StartDate>
      <EndDate/>
      <RoleCode>Principal Investigator</RoleCode>
    </Investigator>
    <Institution>
      <Name>Pennsylvania State Univ University Park</Name>
      <CityName>UNIVERSITY PARK</CityName>
      <ZipCode>168027000</ZipCode>
      <PhoneNumber>8148651372</PhoneNumber>
      <StreetAddress>110 Technology Center Building</StreetAddress>
      <CountryName>United States</CountryName>
      <StateName>Pennsylvania</StateName>
      <StateCode>PA</StateCode>
    </Institution>
  </Award>
</rootTag>
