<?xml version="1.0" encoding="UTF-8"?>

<rootTag>
  <Award>
    <AwardTitle>Laser Aided Direct Metal Deposition Deposition of Three- Dimensional Components With Controlled Dimension, Microstructure and Mechanical Properties</AwardTitle>
    <AwardEffectiveDate>08/01/1997</AwardEffectiveDate>
    <AwardExpirationDate>07/31/2001</AwardExpirationDate>
    <AwardAmount>297140</AwardAmount>
    <AwardInstrument>
      <Value>Continuing grant</Value>
    </AwardInstrument>
    <Organization>
      <Code>07030000</Code>
      <Directorate>
        <LongName>Directorate For Engineering</LongName>
      </Directorate>
      <Division>
        <LongName>Div Of Civil, Mechanical, &amp; Manufact Inn</LongName>
      </Division>
    </Organization>
    <ProgramOfficer>
      <SignBlockName>George A. Hazelrigg</SignBlockName>
    </ProgramOfficer>
    <AbstractNarration>Rapid prototyping by curing polymers with laser light has created considerable interests in industry to generate three dimensional parts directly from Computer Aided Design (CAD) drawings to aid design processes. Laser cladding by layers offers the possibility of fabrication of 100% dense metal component. The objective of this research is to develop a Laser Aided Metal Deposition System (LAMDS) capable of forming near 100% dense three-dimensional objects directly from CAD drawing. The project will develop a fundamental understanding between the process parameters for laser aided metal deposition of H13 steel with deposit dimension with 10-100 micron accuracy, microstructure and mechanical properties. The research project has a balance between theory and experiment, and will provide valuable findings for the tools and dies manufacturing industry.</AbstractNarration>
    <MinAmdLetterDate>07/29/1997</MinAmdLetterDate>
    <MaxAmdLetterDate>07/30/1999</MaxAmdLetterDate>
    <ARRAAmount/>
    <AwardID>9700007</AwardID>
    <Investigator>
      <FirstName>Jyotirmoy</FirstName>
      <LastName>Mazumder</LastName>
      <EmailAddress>mazumder@engin.umich.edu</EmailAddress>
      <StartDate>07/29/1997</StartDate>
      <EndDate/>
      <RoleCode>Principal Investigator</RoleCode>
    </Investigator>
    <Institution>
      <Name>University of Michigan Ann Arbor</Name>
      <CityName>Ann Arbor</CityName>
      <ZipCode>481091274</ZipCode>
      <PhoneNumber>7347636438</PhoneNumber>
      <StreetAddress>3003 South State St. Room 1062</StreetAddress>
      <CountryName>United States</CountryName>
      <StateName>Michigan</StateName>
      <StateCode>MI</StateCode>
    </Institution>
    <FoaInformation>
      <Code>0308000</Code>
      <Name>Industrial Technology</Name>
    </FoaInformation>
    <ProgramElement>
      <Code>1467</Code>
      <Text>MATERIALS PROCESSING AND MANFG</Text>
    </ProgramElement>
    <ProgramReference>
      <Code>9146</Code>
      <Text>MANUFACTURING BASE RESEARCH</Text>
    </ProgramReference>
    <ProgramReference>
      <Code>MANU</Code>
      <Text>MANUFACTURING</Text>
    </ProgramReference>
  </Award>
</rootTag>
