<?xml version="1.0" encoding="UTF-8"?>

<rootTag>
  <Award>
    <AwardTitle>Nuclear Magnetic Resonance Study of Liquid Crystals</AwardTitle>
    <AwardEffectiveDate>07/01/1997</AwardEffectiveDate>
    <AwardExpirationDate>11/30/2000</AwardExpirationDate>
    <AwardAmount>238500</AwardAmount>
    <AwardInstrument>
      <Value>Continuing grant</Value>
    </AwardInstrument>
    <Organization>
      <Code>03070007</Code>
      <Directorate>
        <LongName>Direct For Mathematical &amp; Physical Scien</LongName>
      </Directorate>
      <Division>
        <LongName>Division Of Materials Research</LongName>
      </Division>
    </Organization>
    <ProgramOfficer>
      <SignBlockName>David Nelson</SignBlockName>
    </ProgramOfficer>
    <AbstractNarration>9700680 Fung This project involves the further development and implementation of new nuclear magnetic resonance (NMR) techniques and their application to the study of liquid crystals of current interest, viz., ferroelectric and antoferroelectric systems. The NMR data will be combined with Fourier Transform Infrared (FTIR) results to be generated through a collaboration with colleagues at the University of Colorado. This comprehensive approach will be used to advance a theoretical modeling approach that will contribute to the understanding of molecular conformations and interactions on the phase behavior of liquid crystals, and perhaps to the formulation of new low-viscosity nematic mixtures. %%% The synthesis and properties of new liquid crystal systems are playing an increasingly important role in advancing a number of applications areas that include new materials for infrared and microwave liquid crystal modulators, and fast-switching liquid crystal displays. Furthermore, since the phase behavior of liquid crystal mixtures formulated to optimize certain materials properties is often complicated and unpredictable, the focus of these studies should advance significantly the use of these systems for industrial uses. ***</AbstractNarration>
    <MinAmdLetterDate>06/09/1997</MinAmdLetterDate>
    <MaxAmdLetterDate>03/22/1999</MaxAmdLetterDate>
    <ARRAAmount/>
    <AwardID>9700680</AwardID>
    <Investigator>
      <FirstName>Bing</FirstName>
      <LastName>Fung</LastName>
      <EmailAddress>bmfung@ou.edu</EmailAddress>
      <StartDate>06/09/1997</StartDate>
      <EndDate/>
      <RoleCode>Principal Investigator</RoleCode>
    </Investigator>
    <Institution>
      <Name>University of Oklahoma Norman Campus</Name>
      <CityName>NORMAN</CityName>
      <ZipCode>730199705</ZipCode>
      <PhoneNumber>4053254757</PhoneNumber>
      <StreetAddress>201 Stephenson Parkway</StreetAddress>
      <CountryName>United States</CountryName>
      <StateName>Oklahoma</StateName>
      <StateCode>OK</StateCode>
    </Institution>
    <FoaInformation>
      <Code>0106000</Code>
      <Name>Materials Research</Name>
    </FoaInformation>
  </Award>
</rootTag>
