<?xml version="1.0" encoding="UTF-8"?>

<rootTag>
  <Award>
    <AwardTitle>REG: Equipment Upgrade for Development of Holographic PIV</AwardTitle>
    <AwardEffectiveDate>04/01/1997</AwardEffectiveDate>
    <AwardExpirationDate>08/27/1999</AwardExpirationDate>
    <AwardAmount>98613</AwardAmount>
    <AwardInstrument>
      <Value>Standard Grant</Value>
    </AwardInstrument>
    <Organization>
      <Code>07020000</Code>
      <Directorate>
        <LongName>Directorate For Engineering</LongName>
      </Directorate>
      <Division>
        <LongName>Div Of Chem, Bioeng, Env, &amp; Transp Sys</LongName>
      </Division>
    </Organization>
    <ProgramOfficer>
      <SignBlockName>M. C. Roco</SignBlockName>
    </ProgramOfficer>
    <AbstractNarration>ABSTRACT The Department of mechanical Engineering at Kansas State University (KSU) will acquire and upgrade equipment for development of Holographic Particle Image Velocimetry (HPIV). A Laser Flow Diagnostics Laboratory, with its primary goal being the development and application of HPIV, has been set up in the Department. The upgrade will enable off-axis HPIV and the establishment of a suitable data processing system. The upgrade consists of adding injection seeding and an improved transverse-mode option to the existing pulsed laser to convert it to a highly coherent laser that can record holograms of three-dimensional particle fields, matching the wavelength of the hologram reconstruction laser to that of the recording laser, and setting up an open-architecture heterogeneous optical-digital data processing system. The establishment of HPIV will bring the capability of providing instantaneous high-resolution three-dimensional (3D) flou velocity field data. Its establishment will contribute to our understanding, modeling and controlling of turbulent and complex flows which are of fundamental and technological importance.</AbstractNarration>
    <MinAmdLetterDate>04/03/1997</MinAmdLetterDate>
    <MaxAmdLetterDate>04/26/1999</MaxAmdLetterDate>
    <ARRAAmount/>
    <AwardID>9700373</AwardID>
    <Investigator>
      <FirstName>Hui</FirstName>
      <LastName>Meng</LastName>
      <EmailAddress>huimeng@buffalo.edu</EmailAddress>
      <StartDate>04/03/1997</StartDate>
      <EndDate/>
      <RoleCode>Principal Investigator</RoleCode>
    </Investigator>
    <Institution>
      <Name>Kansas State University</Name>
      <CityName>MANHATTAN</CityName>
      <ZipCode>665061103</ZipCode>
      <PhoneNumber>7855326804</PhoneNumber>
      <StreetAddress>2 FAIRCHILD HALL</StreetAddress>
      <CountryName>United States</CountryName>
      <StateName>Kansas</StateName>
      <StateCode>KS</StateCode>
    </Institution>
    <FoaInformation>
      <Code>0100000</Code>
      <Name>Special Interest</Name>
    </FoaInformation>
    <FoaInformation>
      <Code>0308000</Code>
      <Name>Industrial Technology</Name>
    </FoaInformation>
    <ProgramElement>
      <Code>1415</Code>
      <Text>PARTICULATE &amp;MULTIPHASE PROCES</Text>
    </ProgramElement>
    <ProgramElement>
      <Code>1443</Code>
      <Text>FLUID DYNAMICS</Text>
    </ProgramElement>
    <ProgramReference>
      <Code>1415</Code>
      <Text>PARTICULATE &amp;MULTIPHASE PROCES</Text>
    </ProgramReference>
    <ProgramReference>
      <Code>1443</Code>
      <Text>FLUID DYNAMICS</Text>
    </ProgramReference>
    <ProgramReference>
      <Code>9216</Code>
      <Text>ADVANCED SOFTWARE TECH &amp; ALGOR</Text>
    </ProgramReference>
    <ProgramReference>
      <Code>HPCC</Code>
      <Text>HIGH PERFORMANCE COMPUTING &amp; COMM</Text>
    </ProgramReference>
  </Award>
</rootTag>
