<?xml version="1.0" encoding="UTF-8"?>

<rootTag>
  <Award>
    <AwardTitle>Virtual Reality in the Environmental Engineering Curriculum</AwardTitle>
    <AwardEffectiveDate>06/01/1997</AwardEffectiveDate>
    <AwardExpirationDate>01/31/2002</AwardExpirationDate>
    <AwardAmount>350000</AwardAmount>
    <AwardInstrument>
      <Value>Standard Grant</Value>
    </AwardInstrument>
    <Organization>
      <Code>07050000</Code>
      <Directorate>
        <LongName>Directorate For Engineering</LongName>
      </Directorate>
      <Division>
        <LongName>Div Of Engineering Education and Centers</LongName>
      </Division>
    </Organization>
    <ProgramOfficer>
      <SignBlockName>Mary Poats</SignBlockName>
    </ProgramOfficer>
    <AbstractNarration>EEC-9700753 Harmon ABSTRACT The award provides funding to the University of California-Los Angeles, under the direction of Dr. Thomas Harmon, for the support of a Combined Research-Curriculum Development project entitled, "Virtual Reality in the Environmental Engineering Curriculum." This project's goals are to incorporate recent developments in environmental restoration research to the civil and environmental engineering curriculum; to do so using recent breakthroughs in virtual reality programming language (VRML) and to evaluate the effectiveness of the proposed approach as a teaching tool and its potential to infuse the engineering curriculum with currently developing techniques. This project will link the recent research results in Civil and Environmental Engineering with those of an investigator in the field of visualization and virtual simulations in UCLA's School of Architecture and Urban Design. The tangible product of the proposed research will be an interactive site investigation software (ISIS) package. The design project for the course will be based on a virtual reality/real time simulator of a hazardous waste site. The students will visualize the site at the computer terminal, and travel throughout the site using a mouse-controlled cursor.</AbstractNarration>
    <MinAmdLetterDate>05/27/1997</MinAmdLetterDate>
    <MaxAmdLetterDate>03/28/2001</MaxAmdLetterDate>
    <ARRAAmount/>
    <AwardID>9700753</AwardID>
    <Investigator>
      <FirstName>Eva</FirstName>
      <LastName>Baker</LastName>
      <EmailAddress>eva@cse.ucla.edu</EmailAddress>
      <StartDate>05/27/1997</StartDate>
      <EndDate/>
      <RoleCode>Co-Principal Investigator</RoleCode>
    </Investigator>
    <Investigator>
      <FirstName>Thomas</FirstName>
      <LastName>Harmon</LastName>
      <EmailAddress>tharmon@ucmerced.edu</EmailAddress>
      <StartDate>05/27/1997</StartDate>
      <EndDate/>
      <RoleCode>Principal Investigator</RoleCode>
    </Investigator>
    <Investigator>
      <FirstName>Keith</FirstName>
      <LastName>Stolzenbach</LastName>
      <EmailAddress>stolzenb@ucla.edu</EmailAddress>
      <StartDate>05/27/1997</StartDate>
      <EndDate/>
      <RoleCode>Co-Principal Investigator</RoleCode>
    </Investigator>
    <Investigator>
      <FirstName>William</FirstName>
      <LastName>Jepson</LastName>
      <EmailAddress>Bill@UCLA.EDU</EmailAddress>
      <StartDate>05/27/1997</StartDate>
      <EndDate/>
      <RoleCode>Co-Principal Investigator</RoleCode>
    </Investigator>
    <Investigator>
      <FirstName>John</FirstName>
      <LastName>Dracup</LastName>
      <EmailAddress>dracup@ce.berkeley.edu</EmailAddress>
      <StartDate>05/27/1997</StartDate>
      <EndDate/>
      <RoleCode>Co-Principal Investigator</RoleCode>
    </Investigator>
    <Institution>
      <Name>University of California-Los Angeles</Name>
      <CityName>LOS ANGELES</CityName>
      <ZipCode>900951406</ZipCode>
      <PhoneNumber>3107940102</PhoneNumber>
      <StreetAddress>10889 Wilshire Boulevard</StreetAddress>
      <CountryName>United States</CountryName>
      <StateName>California</StateName>
      <StateCode>CA</StateCode>
    </Institution>
    <FoaInformation>
      <Code>0101000</Code>
      <Name>Curriculum Development</Name>
    </FoaInformation>
    <ProgramElement>
      <Code>1179</Code>
      <Text>Enviro Health &amp; Safety of Nano</Text>
    </ProgramElement>
    <ProgramElement>
      <Code>1340</Code>
      <Text>ENGINEERING EDUCATION</Text>
    </ProgramElement>
    <ProgramReference>
      <Code>0000</Code>
      <Text>UNASSIGNED</Text>
    </ProgramReference>
    <ProgramReference>
      <Code>9299</Code>
      <Text>COMB RESRCH-CURRC DEV IN TECH</Text>
    </ProgramReference>
    <ProgramReference>
      <Code>OTHR</Code>
      <Text>OTHER RESEARCH OR EDUCATION</Text>
    </ProgramReference>
  </Award>
</rootTag>
