<?xml version="1.0" encoding="UTF-8"?>

<rootTag>
  <Award>
    <AwardTitle>Zeolite Host-Guest Materials</AwardTitle>
    <AwardEffectiveDate>08/01/1997</AwardEffectiveDate>
    <AwardExpirationDate>07/31/2001</AwardExpirationDate>
    <AwardAmount>287900</AwardAmount>
    <AwardInstrument>
      <Value>Standard Grant</Value>
    </AwardInstrument>
    <Organization>
      <Code>03090005</Code>
      <Directorate>
        <LongName>Direct For Mathematical &amp; Physical Scien</LongName>
      </Directorate>
      <Division>
        <LongName>Division Of Chemistry</LongName>
      </Division>
    </Organization>
    <ProgramOfficer>
      <SignBlockName>Katharine J. Covert</SignBlockName>
    </ProgramOfficer>
    <AbstractNarration>This award in the Inorganic, Bioinorganic and Organometallic Chemistry program funds research in the laboratory of Kenneth J. Balkus at the Univesity of Texas at Dallas. The objective is to prepare new zeolite host-guest materials that would offer clear advantages in catalytic and adsorption processes. Work will contintue to exploit occluding guest molecules into zeolites and other porous materials through adsorption, ion exchange, complexation and templated intrazeolite assembly. Emphasis will be on the synthesis of the host matrix around the guest molecule, which occludes as a well-defined species. This approach has already resulted in the discovery of the largest pore zeolite known. The focus will now turn to multidentate chelate complexes such as phthalocyanines, polyamines, polyethers and Schiff base ligands. Chiral functional groups will also be introduced in order to prepare chiral host materials and to induce asymmetric catalysis. New host-guest materials will be evaluated for binding and activating small molecules, such as molecular oxygen, hydrogen, nitric oxide, and olefins in catalysis, separations and gas-sensing applications. New materials will be prepared with spaces designed to hold catalytically important molecules. These materials hold the prospect of functioning as asymmetric catalysts, chemical separators and sensors.</AbstractNarration>
    <MinAmdLetterDate>06/27/1997</MinAmdLetterDate>
    <MaxAmdLetterDate>01/29/1998</MaxAmdLetterDate>
    <ARRAAmount/>
    <AwardID>9700240</AwardID>
    <Investigator>
      <FirstName>Kenneth</FirstName>
      <LastName>Balkus</LastName>
      <EmailAddress>balkus@utdallas.edu</EmailAddress>
      <StartDate>06/27/1997</StartDate>
      <EndDate/>
      <RoleCode>Principal Investigator</RoleCode>
    </Investigator>
    <Institution>
      <Name>University of Texas at Dallas</Name>
      <CityName>Richardson</CityName>
      <ZipCode>750803021</ZipCode>
      <PhoneNumber>9728832313</PhoneNumber>
      <StreetAddress>800 W. Campbell Rd., AD15</StreetAddress>
      <CountryName>United States</CountryName>
      <StateName>Texas</StateName>
      <StateCode>TX</StateCode>
    </Institution>
    <FoaInformation>
      <Code>0106000</Code>
      <Name>Materials Research</Name>
    </FoaInformation>
    <FoaInformation>
      <Code>0000099</Code>
      <Name>Other Applications NEC</Name>
    </FoaInformation>
    <ProgramElement>
      <Code>1966</Code>
      <Text>SYNTHETIC INORGANIC</Text>
    </ProgramElement>
    <ProgramReference>
      <Code>9161</Code>
      <Text>SINGLE DIVISION/UNIVERSITY</Text>
    </ProgramReference>
    <ProgramReference>
      <Code>AMPP</Code>
      <Text>ADVANCED MATERIALS &amp; PROCESSING PROGRAM</Text>
    </ProgramReference>
  </Award>
</rootTag>
