<?xml version="1.0" encoding="UTF-8"?>

<rootTag>
  <Award>
    <AwardTitle>Deposition and Characterization of Novel Spin Dependent Tunneling Junctions</AwardTitle>
    <AwardEffectiveDate>06/01/1997</AwardEffectiveDate>
    <AwardExpirationDate>05/31/2000</AwardExpirationDate>
    <AwardAmount>221000</AwardAmount>
    <AwardInstrument>
      <Value>Continuing grant</Value>
    </AwardInstrument>
    <Organization>
      <Code>07010000</Code>
      <Directorate>
        <LongName>Directorate For Engineering</LongName>
      </Directorate>
      <Division>
        <LongName>Div Of Electrical, Commun &amp; Cyber Sys</LongName>
      </Division>
    </Organization>
    <ProgramOfficer>
      <SignBlockName>Usha Varshney</SignBlockName>
    </ProgramOfficer>
    <AbstractNarration>9700168 Wang Researchers will study spin dependent tunnelling junctions consisting of two ferromagnetic electrode layers separated by an insulating barrier layer. The growth, structure and performance of such junctions fabricated from Heusler alloys will be investigated. These devices have significant technological potential in magentic RAM, sensors and recording heads. ***</AbstractNarration>
    <MinAmdLetterDate>07/02/1997</MinAmdLetterDate>
    <MaxAmdLetterDate>05/12/1999</MaxAmdLetterDate>
    <ARRAAmount/>
    <AwardID>9700168</AwardID>
    <Investigator>
      <FirstName>Bruce</FirstName>
      <LastName>Clemens</LastName>
      <EmailAddress>clemens@soe.stanford.edu</EmailAddress>
      <StartDate>07/02/1997</StartDate>
      <EndDate/>
      <RoleCode>Co-Principal Investigator</RoleCode>
    </Investigator>
    <Investigator>
      <FirstName>Shan</FirstName>
      <LastName>Wang</LastName>
      <EmailAddress>sxwang@ee.stanford.edu</EmailAddress>
      <StartDate>07/02/1997</StartDate>
      <EndDate/>
      <RoleCode>Principal Investigator</RoleCode>
    </Investigator>
    <Institution>
      <Name>Stanford University</Name>
      <CityName>Palo Alto</CityName>
      <ZipCode>943041212</ZipCode>
      <PhoneNumber>6507232300</PhoneNumber>
      <StreetAddress>3160 Porter Drive</StreetAddress>
      <CountryName>United States</CountryName>
      <StateName>California</StateName>
      <StateCode>CA</StateCode>
    </Institution>
    <FoaInformation>
      <Code>0206000</Code>
      <Name>Telecommunications</Name>
    </FoaInformation>
  </Award>
</rootTag>
