<?xml version="1.0" encoding="UTF-8"?>

<rootTag>
  <Award>
    <AwardTitle>Molecular Nanocrystals and their Arrays</AwardTitle>
    <AwardEffectiveDate>05/15/1997</AwardEffectiveDate>
    <AwardExpirationDate>10/31/2000</AwardExpirationDate>
    <AwardAmount>240000</AwardAmount>
    <AwardInstrument>
      <Value>Continuing grant</Value>
    </AwardInstrument>
    <Organization>
      <Code>03090004</Code>
      <Directorate>
        <LongName>Direct For Mathematical &amp; Physical Scien</LongName>
      </Directorate>
      <Division>
        <LongName>Division Of Chemistry</LongName>
      </Division>
    </Organization>
    <ProgramOfficer>
      <SignBlockName>Janice M. Hicks</SignBlockName>
    </ProgramOfficer>
    <AbstractNarration>Robert Whetten of Georgia Institute of Technology is supported by the Experimental Physical Chemistry Program in his studies of gold nanocrystals passivated by a monolayer of n-alkylthiol(ate) groups. The major objectives of this work are to (a) determine the structure of a passivated nanocrystalline substance; (b) quantify the solubilities and miscibilities of a mixture of molecular nanocrystals; (c) develop a technique for generating beams (and thus mass spectra) of nanocrystals with the passivation layer intact; (d) study the etching and annealing processes; (e) determine the energy-level patterns of small metal particles of previously determined structure; (f) measure the kinetics of annealing, etching, adsorption-passivation in nanocrystalline processing; and (g) create conducting arrays from molecular nanocrystal solids. Finally, these studies will be extended to cesium iodide nanocrystals passivated by alkyl-chain organic acids/salts. These studies will have a tremendous impact in the area of materials research. Nanometer-scale single crystallites can be prepared in such a way that they retain a near-ideal structure yet are stable against dissolution or further growth, even when in contact with each other. This stability is due to the adsorption of `surfactants` that form compact and ordered monolayers on the crystalline surfaces. With techniques developed in Whetten's lab, he is able to make a beam out of these nanoparticles and then mass-select them, necessary steps for full characterization of these materials.</AbstractNarration>
    <MinAmdLetterDate>05/22/1997</MinAmdLetterDate>
    <MaxAmdLetterDate>06/18/1999</MaxAmdLetterDate>
    <ARRAAmount/>
    <AwardID>9700562</AwardID>
    <Investigator>
      <FirstName>Robert</FirstName>
      <LastName>Whetten</LastName>
      <EmailAddress>robert.whetten@chemistry.gatech.edu</EmailAddress>
      <StartDate>05/22/1997</StartDate>
      <EndDate/>
      <RoleCode>Principal Investigator</RoleCode>
    </Investigator>
    <Institution>
      <Name>Georgia Tech Research Corporation</Name>
      <CityName>Atlanta</CityName>
      <ZipCode>303320420</ZipCode>
      <PhoneNumber>4048944819</PhoneNumber>
      <StreetAddress>Office of Sponsored Programs</StreetAddress>
      <CountryName>United States</CountryName>
      <StateName>Georgia</StateName>
      <StateCode>GA</StateCode>
    </Institution>
    <FoaInformation>
      <Code>0106000</Code>
      <Name>Materials Research</Name>
    </FoaInformation>
  </Award>
</rootTag>
