<?xml version="1.0" encoding="UTF-8"?>

<rootTag>
  <Award>
    <AwardTitle>A Study of Bifurcation and Chaos in Hunting Stability of High Speed Rail Vehicles</AwardTitle>
    <AwardEffectiveDate>07/01/1997</AwardEffectiveDate>
    <AwardExpirationDate>06/30/2000</AwardExpirationDate>
    <AwardAmount>89988</AwardAmount>
    <AwardInstrument>
      <Value>Continuing grant</Value>
    </AwardInstrument>
    <Organization>
      <Code>07030000</Code>
      <Directorate>
        <LongName>Directorate For Engineering</LongName>
      </Directorate>
      <Division>
        <LongName>Div Of Civil, Mechanical, &amp; Manufact Inn</LongName>
      </Division>
    </Organization>
    <ProgramOfficer>
      <SignBlockName>Alison Flatau</SignBlockName>
    </ProgramOfficer>
    <AbstractNarration>In this research project, chaos and bifurcation theory will be used to analyze the nonlinear lateral and yaw stability (commonly called `hunting`) of high-speed rail vehicles. A major challenge in designing rail vehicles in general, and high-speed passenger rail transportation in particular, is the velocity-dependent dynamics of the vehicle. As velocity increases, the vehicle becomes less stable, experiences violent oscillations, and eventually derails. In addition to safety concerns, hunting imposes significant operational costs to the railroads. Increased hunting contributes to more wheel and rail wear, causing millions of dollars of damage to the nation's rail system each year. Through using chaos and bifurcation theory, this research will investigate and provide a better understanding of the effects of dynamic nonlinearities on rail vehicle hunting. The nonlinearities that will be considered include elements such as the primary and secondary suspensions, the vehicle constraints, and the wheel/rail interface. This research will also examine design conditions that yield safer and more cost-effective operation of rail vehicles at high speeds. The techniques developed during this research will be applicable to the design of general nonlinear systems, including high-speed passenger and freight rail vehicles.</AbstractNarration>
    <MinAmdLetterDate>05/20/1997</MinAmdLetterDate>
    <MaxAmdLetterDate>08/14/1998</MaxAmdLetterDate>
    <ARRAAmount/>
    <AwardID>9700165</AwardID>
    <Investigator>
      <FirstName>Mehdi</FirstName>
      <LastName>Ahmadian</LastName>
      <EmailAddress>ahmadian@vt.edu</EmailAddress>
      <StartDate>05/20/1997</StartDate>
      <EndDate/>
      <RoleCode>Principal Investigator</RoleCode>
    </Investigator>
    <Institution>
      <Name>Virginia Polytechnic Institute and State University</Name>
      <CityName>BLACKSBURG</CityName>
      <ZipCode>240610001</ZipCode>
      <PhoneNumber>5402315281</PhoneNumber>
      <StreetAddress>Sponsored Programs 0170</StreetAddress>
      <CountryName>United States</CountryName>
      <StateName>Virginia</StateName>
      <StateCode>VA</StateCode>
    </Institution>
    <FoaInformation>
      <Code>0308000</Code>
      <Name>Industrial Technology</Name>
    </FoaInformation>
    <ProgramElement>
      <Code>1445</Code>
      <Text>DYNAMICS &amp; CONTROL</Text>
    </ProgramElement>
    <ProgramReference>
      <Code>1038</Code>
      <Text>ASSESSMENT TECHNOLOGIES</Text>
    </ProgramReference>
    <ProgramReference>
      <Code>CVIS</Code>
      <Text>CIVIL INFRASTRUCTURE</Text>
    </ProgramReference>
  </Award>
</rootTag>
