<?xml version="1.0" encoding="UTF-8"?>

<rootTag>
  <Award>
    <AwardTitle>Complexity and Optimization Issues in Constraint Query Languages</AwardTitle>
    <AwardEffectiveDate>08/15/1997</AwardEffectiveDate>
    <AwardExpirationDate>07/31/2001</AwardExpirationDate>
    <AwardAmount>341396</AwardAmount>
    <AwardInstrument>
      <Value>Continuing grant</Value>
    </AwardInstrument>
    <Organization>
      <Code>05020000</Code>
      <Directorate>
        <LongName>Direct For Computer &amp; Info Scie &amp; Enginr</LongName>
      </Directorate>
      <Division>
        <LongName>Div Of Information &amp; Intelligent Systems</LongName>
      </Division>
    </Organization>
    <ProgramOfficer>
      <SignBlockName>Maria Zemankova</SignBlockName>
    </ProgramOfficer>
    <AbstractNarration>This project focuses on three problem areas concerning linear constraint query languages. Constraint database systems integrate database technology with constraint solving techniques to deal with applications involving spatial or geographical datasets and arithmetic computations. Linear constraint databases are generally represented by quantifier-free logical formulas over some arithmetical domain such as the real numbers (the real closed field) with addition. Conceptually, constraint queries are evaluated in closed form using quantifier elimination algorithms. The first part of this project aims at developing efficient query evaluation algorithms for linear or dense order constraint queries and syntactic forms for representing constraint databases so that efficient query evaluation becomes possible. The second part aims at showing the complexity of properties of constraint query languages including query containment, equivalence, satisfiability, and disjointness using a new technique based on abstract machines. The third part aims at developing incremental evaluation techniques for recursive (non-first-order) and topological queries. This project will provide complexity results and efficient algorithms as a theoretical foundation for the design of constraint database models, query languages, and systems.</AbstractNarration>
    <MinAmdLetterDate>08/04/1997</MinAmdLetterDate>
    <MaxAmdLetterDate>08/03/1999</MaxAmdLetterDate>
    <ARRAAmount/>
    <AwardID>9700370</AwardID>
    <Investigator>
      <FirstName>Oscar</FirstName>
      <LastName>Ibarra</LastName>
      <EmailAddress>ibarra@cs.ucsb.edu</EmailAddress>
      <StartDate>08/04/1997</StartDate>
      <EndDate/>
      <RoleCode>Co-Principal Investigator</RoleCode>
    </Investigator>
    <Investigator>
      <FirstName>Jianwen</FirstName>
      <LastName>Su</LastName>
      <EmailAddress>su@cs.ucsb.edu</EmailAddress>
      <StartDate>08/04/1997</StartDate>
      <EndDate/>
      <RoleCode>Principal Investigator</RoleCode>
    </Investigator>
    <Institution>
      <Name>University of California-Santa Barbara</Name>
      <CityName>Santa Barbara</CityName>
      <ZipCode>931062050</ZipCode>
      <PhoneNumber>8058934188</PhoneNumber>
      <StreetAddress>Office of Research</StreetAddress>
      <CountryName>United States</CountryName>
      <StateName>California</StateName>
      <StateCode>CA</StateCode>
    </Institution>
    <FoaInformation>
      <Code>0104000</Code>
      <Name>Information Systems</Name>
    </FoaInformation>
    <ProgramElement>
      <Code>2860</Code>
      <Text>THEORY OF COMPUTING</Text>
    </ProgramElement>
    <ProgramElement>
      <Code>6855</Code>
      <Text>INFORMATION &amp; KNOWLEDGE MANAGE</Text>
    </ProgramElement>
    <ProgramReference>
      <Code>9139</Code>
      <Text>INFORMATION INFRASTRUCTURE &amp; TECH APPL</Text>
    </ProgramReference>
    <ProgramReference>
      <Code>HPCC</Code>
      <Text>HIGH PERFORMANCE COMPUTING &amp; COMM</Text>
    </ProgramReference>
  </Award>
</rootTag>
