<?xml version="1.0" encoding="UTF-8"?>

<rootTag>
  <Award>
    <AwardTitle>Local Atomic Arrangements at Alloy Surfaces</AwardTitle>
    <AwardEffectiveDate>05/01/1997</AwardEffectiveDate>
    <AwardExpirationDate>04/30/2001</AwardExpirationDate>
    <AwardAmount>341745</AwardAmount>
    <AwardInstrument>
      <Value>Continuing grant</Value>
    </AwardInstrument>
    <Organization>
      <Code>03070004</Code>
      <Directorate>
        <LongName>Direct For Mathematical &amp; Physical Scien</LongName>
      </Directorate>
      <Division>
        <LongName>Division Of Materials Research</LongName>
      </Division>
    </Organization>
    <ProgramOfficer>
      <SignBlockName>K. Linga (KL) Murty</SignBlockName>
    </ProgramOfficer>
    <AbstractNarration>9700674 Cohen The local atomic arrangements at surfaces of alloys is the major theme of this research. Of particular interest is how changes in the environment, such as reconstruction or interplanar spacing normal to the surface or segregation ,affect phase transitions such as ordering and clustering. Strain plays an important role in such reactions, and a beam line at Argonne Laboratory's new Synchrotron (the Advanced Photon Source, or APS) is used employing an X-ray glancing incidence technique. The X-rays sample a shallow range of depths producing diffuse scattering that is analyzed in a position-sensitive detector. From these data short range order parameters and distortions are obtained. Samples include single crystals of aluminum alloys that are prepared featuring a few facets with different possible relaxations. After heat treatment to produce zones, concentration profiles vs. depth are determined and Auger electron spectroscopy and low energy electron diffraction are used to look for evidence of surface reconstruction or relaxation. Diffuse scattering is measured vs. depth, and the surface structures and displacements modeled and compared to the bulk structure. %%% An understanding of surface structure aids in analysis of related phenomena, such as corrosion of metal alloys and crack initiation. ***</AbstractNarration>
    <MinAmdLetterDate>04/17/1997</MinAmdLetterDate>
    <MaxAmdLetterDate>03/01/2000</MaxAmdLetterDate>
    <ARRAAmount/>
    <AwardID>9700674</AwardID>
    <Investigator>
      <FirstName>Mark</FirstName>
      <LastName>Asta</LastName>
      <EmailAddress>mdasta@berkeley.edu</EmailAddress>
      <StartDate>03/01/2000</StartDate>
      <EndDate/>
      <RoleCode>Principal Investigator</RoleCode>
    </Investigator>
    <Investigator>
      <FirstName>John</FirstName>
      <LastName>Quintana</LastName>
      <EmailAddress>jpq@northwestern.edu</EmailAddress>
      <StartDate>03/01/2000</StartDate>
      <EndDate/>
      <RoleCode>Co-Principal Investigator</RoleCode>
    </Investigator>
    <Investigator>
      <FirstName>Jerome</FirstName>
      <LastName>Cohen</LastName>
      <EmailAddress>j-cohen3@nwu.edu</EmailAddress>
      <StartDate>04/17/1997</StartDate>
      <EndDate>03/01/2000</EndDate>
      <RoleCode>Former Principal Investigator</RoleCode>
    </Investigator>
    <Institution>
      <Name>Northwestern University</Name>
      <CityName>Evanston</CityName>
      <ZipCode>602013149</ZipCode>
      <PhoneNumber>8474913003</PhoneNumber>
      <StreetAddress>1801 Maple Ave.</StreetAddress>
      <CountryName>United States</CountryName>
      <StateName>Illinois</StateName>
      <StateCode>IL</StateCode>
    </Institution>
    <FoaInformation>
      <Code>0106000</Code>
      <Name>Materials Research</Name>
    </FoaInformation>
  </Award>
</rootTag>
