<?xml version="1.0" encoding="UTF-8"?>

<rootTag>
  <Award>
    <AwardTitle>Termination of Rewrite Systems</AwardTitle>
    <AwardEffectiveDate>06/01/1997</AwardEffectiveDate>
    <AwardExpirationDate>05/31/2000</AwardExpirationDate>
    <AwardAmount>150000</AwardAmount>
    <AwardInstrument>
      <Value>Standard Grant</Value>
    </AwardInstrument>
    <Organization>
      <Code>05010200</Code>
      <Directorate>
        <LongName>Direct For Computer &amp; Info Scie &amp; Enginr</LongName>
      </Directorate>
      <Division>
        <LongName>Division of Computing and Communication Foundations</LongName>
      </Division>
    </Organization>
    <ProgramOfficer>
      <SignBlockName>S. Kamal Abdali</SignBlockName>
    </ProgramOfficer>
    <AbstractNarration>Rewrite systems are sets of equations used to substitute equals for equals from left-to-right only. They have important applications to programming languages, since they represent a simple and intuitive functional language, and in automated deduction, where they play an important role in improving the efficiency of reasoning about equations. Termination of a system means that the equations cannot be used infinitely often, without reaching a term that does not contain an instance of a left-handed side. Proving termination can be difficult. (It is, of course, undecidable in general.) Under past support, a number of methods for proving termination were devised which have proved useful. New aspects of this subject are now being investigated with an emphasis on semantic methods for structured (hierarchical) systems and extensions of rewriting to handle conditional equalities, associative- commutative functions, higher-order rewriting, and a logic programming style. Since establishing termination is an essential component of many automated deduction and program verification systems, this project will also invest effort in implementations.</AbstractNarration>
    <MinAmdLetterDate>06/13/1997</MinAmdLetterDate>
    <MaxAmdLetterDate>06/01/2000</MaxAmdLetterDate>
    <ARRAAmount/>
    <AwardID>9700070</AwardID>
    <Investigator>
      <FirstName>Nachum</FirstName>
      <LastName>Dershowitz</LastName>
      <EmailAddress/>
      <StartDate>06/13/1997</StartDate>
      <EndDate>02/05/1999</EndDate>
      <RoleCode>Former Principal Investigator</RoleCode>
    </Investigator>
    <Investigator>
      <FirstName>Samuel</FirstName>
      <LastName>Kamin</LastName>
      <EmailAddress>kamin@illinois.edu</EmailAddress>
      <StartDate>06/01/2000</StartDate>
      <EndDate/>
      <RoleCode>Principal Investigator</RoleCode>
    </Investigator>
    <Investigator>
      <FirstName>Uday</FirstName>
      <LastName>Reddy</LastName>
      <EmailAddress>reddy@cs.uiuc.edu</EmailAddress>
      <StartDate>02/05/1999</StartDate>
      <EndDate>06/01/2000</EndDate>
      <RoleCode>Former Principal Investigator</RoleCode>
    </Investigator>
    <Institution>
      <Name>University of Illinois at Urbana-Champaign</Name>
      <CityName>CHAMPAIGN</CityName>
      <ZipCode>618207473</ZipCode>
      <PhoneNumber>2173332187</PhoneNumber>
      <StreetAddress>SUITE A</StreetAddress>
      <CountryName>United States</CountryName>
      <StateName>Illinois</StateName>
      <StateCode>IL</StateCode>
    </Institution>
    <FoaInformation>
      <Code>0000099</Code>
      <Name>Other Applications NEC</Name>
    </FoaInformation>
    <ProgramElement>
      <Code>2865</Code>
      <Text>NUMERIC, SYMBOLIC &amp; GEO COMPUT</Text>
    </ProgramElement>
    <ProgramReference>
      <Code>2891</Code>
      <Text>WORKSTATION MATCHING AWARDS</Text>
    </ProgramReference>
    <ProgramReference>
      <Code>9216</Code>
      <Text>ADVANCED SOFTWARE TECH &amp; ALGOR</Text>
    </ProgramReference>
    <ProgramReference>
      <Code>HPCC</Code>
      <Text>HIGH PERFORMANCE COMPUTING &amp; COMM</Text>
    </ProgramReference>
  </Award>
</rootTag>
