<?xml version="1.0" encoding="UTF-8"?>

<rootTag>
  <Award>
    <AwardTitle>Moduli Spaces in Geometry and Physics Workshop February 14-16</AwardTitle>
    <AwardEffectiveDate>01/01/1997</AwardEffectiveDate>
    <AwardExpirationDate>12/31/1997</AwardExpirationDate>
    <AwardAmount>12000</AwardAmount>
    <AwardInstrument>
      <Value>Standard Grant</Value>
    </AwardInstrument>
    <Organization>
      <Code>03040200</Code>
      <Directorate>
        <LongName>Direct For Mathematical &amp; Physical Scien</LongName>
      </Directorate>
      <Division>
        <LongName>Division Of Mathematical Sciences</LongName>
      </Division>
    </Organization>
    <ProgramOfficer>
      <SignBlockName>Christopher W. Stark</SignBlockName>
    </ProgramOfficer>
    <AbstractNarration>9700492 Groisser The proposed workshop and special semester are in the area of mathematical physics with an interdisciplinary theme. Planned talks of the workshop cover several topics of current interest centering around Seiberg-Witten theory and symplectic geometry. The proposed activities are to be hosted jointly by the Department of Mathematics and the Institute for Fundamental Theory (IFT) at the University of Florida. The IFT is a research center designed to promote interdisciplinary research and communication among specialists in high energy physics, astrophysics, condensed matter physics, and mathematical physics. The 1990s can be seen as a period of remarkable interface and unification between theoretical physics and mathematics. For example, the recent discovery of N. Seiberg and E. Witten on electric-magnetic duality has had an enormous impact in low-dimensional geometry and topology; conversely, cutting-edge mathematical ideas are providing a new language for string theory.</AbstractNarration>
    <MinAmdLetterDate>10/28/1996</MinAmdLetterDate>
    <MaxAmdLetterDate>07/22/1997</MaxAmdLetterDate>
    <ARRAAmount/>
    <AwardID>9700492</AwardID>
    <Investigator>
      <FirstName>Christopher</FirstName>
      <LastName>Stark</LastName>
      <EmailAddress>cws@math.ufl.edu</EmailAddress>
      <StartDate>10/28/1996</StartDate>
      <EndDate>07/22/1997</EndDate>
      <RoleCode>Former Co-Principal Investigator</RoleCode>
    </Investigator>
    <Investigator>
      <FirstName>David</FirstName>
      <LastName>Groisser</LastName>
      <EmailAddress>groisser@math.ufl.edu</EmailAddress>
      <StartDate>10/28/1996</StartDate>
      <EndDate/>
      <RoleCode>Principal Investigator</RoleCode>
    </Investigator>
    <Institution>
      <Name>University of Florida</Name>
      <CityName>GAINESVILLE</CityName>
      <ZipCode>326112002</ZipCode>
      <PhoneNumber>3523923516</PhoneNumber>
      <StreetAddress>1 UNIVERSITY OF FLORIDA</StreetAddress>
      <CountryName>United States</CountryName>
      <StateName>Florida</StateName>
      <StateCode>FL</StateCode>
    </Institution>
  </Award>
</rootTag>
