<?xml version="1.0" encoding="UTF-8"?>

<rootTag>
  <Award>
    <AwardTitle>Invariant Theory in Algebraic Groups</AwardTitle>
    <AwardEffectiveDate>06/01/1997</AwardEffectiveDate>
    <AwardExpirationDate>05/31/2001</AwardExpirationDate>
    <AwardAmount>176137</AwardAmount>
    <AwardInstrument>
      <Value>Continuing grant</Value>
    </AwardInstrument>
    <Organization>
      <Code>03040300</Code>
      <Directorate>
        <LongName>Direct For Mathematical &amp; Physical Scien</LongName>
      </Directorate>
      <Division>
        <LongName>Division Of Mathematical Sciences</LongName>
      </Division>
    </Organization>
    <ProgramOfficer>
      <SignBlockName>B. Brent Gordon</SignBlockName>
    </ProgramOfficer>
    <AbstractNarration>SCHWARZ.abs This project concerns three topics:1) (joint with L. Helminck) Commuting involutions of a reductive group and properties of the associated fixed point groups, double coset spaces and invariants. 2) (joint with D. Wehlau) The invariants of four subspaces of n-dimensional space. 3) The structure of differential operators which are invariant under a group, those which are defined on the orbit spaces of the group and the interplay between them. Invariant theory: If one has an object with symmetries (for example, the Euclidean plane with translations and rotations), one is naturally lead to consider those properties of the object (the invariants) which remain the same under these symmetries. Invariant theory is concerned with the classification, description, etc. of invariants.</AbstractNarration>
    <MinAmdLetterDate>03/20/1997</MinAmdLetterDate>
    <MaxAmdLetterDate>11/30/1998</MaxAmdLetterDate>
    <ARRAAmount/>
    <AwardID>9700740</AwardID>
    <Investigator>
      <FirstName>Gerald</FirstName>
      <LastName>Schwarz</LastName>
      <EmailAddress>schwarz@brandeis.edu</EmailAddress>
      <StartDate>03/20/1997</StartDate>
      <EndDate/>
      <RoleCode>Principal Investigator</RoleCode>
    </Investigator>
    <Institution>
      <Name>Brandeis University</Name>
      <CityName>WALTHAM</CityName>
      <ZipCode>024532728</ZipCode>
      <PhoneNumber>7817362121</PhoneNumber>
      <StreetAddress>415 SOUTH ST MAILSTOP 116</StreetAddress>
      <CountryName>United States</CountryName>
      <StateName>Massachusetts</StateName>
      <StateCode>MA</StateCode>
    </Institution>
    <FoaInformation>
      <Code>0000099</Code>
      <Name>Other Applications NEC</Name>
    </FoaInformation>
  </Award>
</rootTag>
