<?xml version="1.0" encoding="UTF-8"?>

<rootTag>
  <Award>
    <AwardTitle>Tufts Rensselaer Thermal Manufacturing Research-Curriculum Development Program</AwardTitle>
    <AwardEffectiveDate>06/15/1997</AwardEffectiveDate>
    <AwardExpirationDate>12/31/2001</AwardExpirationDate>
    <AwardAmount>387532</AwardAmount>
    <AwardInstrument>
      <Value>Standard Grant</Value>
    </AwardInstrument>
    <Organization>
      <Code>07050000</Code>
      <Directorate>
        <LongName>Directorate For Engineering</LongName>
      </Directorate>
      <Division>
        <LongName>Div Of Engineering Education and Centers</LongName>
      </Division>
    </Organization>
    <ProgramOfficer>
      <SignBlockName>Mary Poats</SignBlockName>
    </ProgramOfficer>
    <AbstractNarration>EEC-9700731 Manno ABSTRACT This award provides funding to Tufts University under the direction of Dr. Vincent P. Manno, for the support of a Combined Research-Curriculum Development project entitled, "Tufts-Rensselaer Thermal Manufacturing Research-Curriculum Development Program." Thermal manufacturing is the application of thermal-fluid sciences and materials science to the design and control of manufacturing and materials processes which employ thermal methods. This project involves a cooperative research-curriculum-engineering practice program in Thermal Manufacturing involving Tufts University and Rensselaer Polytechnic Institute along with industrial collaborators and NASA. The program will develop and deliver a number of relevant curricular modules sharing the common focus of Thermal Manufacturing, but spanning various formats including semester-long course offerings, short courses, hands-on exploration experiences, interactive multimedia and WWW-based venues. A major part of this coordinated program is a set of Annual Summer Institutes to be held in 1998, 1999, and 2000. It is a goal of the project that the final institute will establish the institute series as a long term self-supported technology development and transfer forum in Thermal Manufacturing.</AbstractNarration>
    <MinAmdLetterDate>06/18/1997</MinAmdLetterDate>
    <MaxAmdLetterDate>07/26/2001</MaxAmdLetterDate>
    <ARRAAmount/>
    <AwardID>9700731</AwardID>
    <Investigator>
      <FirstName>Charalabos</FirstName>
      <LastName>Doumanidis</LastName>
      <EmailAddress>cdoumani@ucy.ac.cy</EmailAddress>
      <StartDate>06/18/1997</StartDate>
      <EndDate>07/26/2001</EndDate>
      <RoleCode>Former Co-Principal Investigator</RoleCode>
    </Investigator>
    <Investigator>
      <FirstName>Vincent</FirstName>
      <LastName>Manno</LastName>
      <EmailAddress>vmanno@tufts.edu</EmailAddress>
      <StartDate>06/18/1997</StartDate>
      <EndDate/>
      <RoleCode>Principal Investigator</RoleCode>
    </Investigator>
    <Investigator>
      <FirstName>Ioannis</FirstName>
      <LastName>Miaoulis</LastName>
      <EmailAddress>imiaoulis@mos.org</EmailAddress>
      <StartDate>06/18/1997</StartDate>
      <EndDate/>
      <RoleCode>Co-Principal Investigator</RoleCode>
    </Investigator>
    <Investigator>
      <FirstName>Peter</FirstName>
      <LastName>Wong</LastName>
      <EmailAddress>pwong@mos.org</EmailAddress>
      <StartDate>06/18/1997</StartDate>
      <EndDate/>
      <RoleCode>Co-Principal Investigator</RoleCode>
    </Investigator>
    <Institution>
      <Name>Tufts University</Name>
      <CityName>Medford</CityName>
      <ZipCode>021555807</ZipCode>
      <PhoneNumber>6176273417</PhoneNumber>
      <StreetAddress>20 Professors Row</StreetAddress>
      <CountryName>United States</CountryName>
      <StateName>Massachusetts</StateName>
      <StateCode>MA</StateCode>
    </Institution>
  </Award>
</rootTag>
