<?xml version="1.0" encoding="UTF-8"?>

<rootTag>
  <Award>
    <AwardTitle>CRB: Collaborative Research: The Direct and Indirect Effects of Biological Invasions on Biodiversity in New England Kelp Beds</AwardTitle>
    <AwardEffectiveDate>06/01/1997</AwardEffectiveDate>
    <AwardExpirationDate>07/23/1999</AwardExpirationDate>
    <AwardAmount>28766</AwardAmount>
    <AwardInstrument>
      <Value>Standard Grant</Value>
    </AwardInstrument>
    <Organization>
      <Code>08010208</Code>
      <Directorate>
        <LongName>Direct For Biological Sciences</LongName>
      </Directorate>
      <Division>
        <LongName>Division Of Environmental Biology</LongName>
      </Division>
    </Organization>
    <ProgramOfficer>
      <SignBlockName>Scott L. Collins</SignBlockName>
    </ProgramOfficer>
    <AbstractNarration>9700331 Coyer Human introductions of species outside their natural range are rapidly homogenizing the earth's biota, and are a major threat to biodiversity in terrestrial, aquatic and marine habitats. Although the potential impact of biological invasions on biodiversity has been recognized for decades, until recently, most research has focused on terrestrial or freshwater rather than marine habitats. Anthropogenic introductions of marine species are numerous and have had a dramatic impact in some locals. While much has been learned about introduced species over the last 15 years, generalizations relative to marine systems are elusive. This study will address the effects of introduced species on kelp bed communities in the northwest Atlantic Ocean. Specifically, this research will examine the interactive effects of herbivory and competition on the introduced alga Codium fragile and the native kelp community of the northwest Atlantic, the indirect effects of a bryozoan on kelps in these communities, and the impact of increasing Codium and decreasing kelp biomass on the demography of fishes and decapods that use seaweed beds as nursery habitats. The kelp bed communities of New England shift between two alternate states: a species-rich community dominated by laminarian kelps, and a species-poor community dominated by sea urchins and crustose coralline algae. Recently, a new community consisting of a monoculture of the introduced green alga, Codium fragile tomentosoides, is now prevalent in the region. In addition the introduction of a bryozoan also appears to have severely impacted kelp bed communities. Using a series of multi-factor experiments and descriptive studies, this research will elucidate the causes of this shift in community structure, and therefore explain the mechanisms underlying the dramatic, human-induced loss of biodiversity in these kelp communities.</AbstractNarration>
    <MinAmdLetterDate>06/12/1997</MinAmdLetterDate>
    <MaxAmdLetterDate>06/12/1997</MaxAmdLetterDate>
    <ARRAAmount/>
    <AwardID>9700331</AwardID>
    <Investigator>
      <FirstName>James</FirstName>
      <LastName>Coyer</LastName>
      <EmailAddress>kelpbed@aol.com</EmailAddress>
      <StartDate>06/12/1997</StartDate>
      <EndDate/>
      <RoleCode>Principal Investigator</RoleCode>
    </Investigator>
    <Institution>
      <Name>University of California-Los Angeles</Name>
      <CityName>LOS ANGELES</CityName>
      <ZipCode>900951406</ZipCode>
      <PhoneNumber>3107940102</PhoneNumber>
      <StreetAddress>10889 Wilshire Boulevard</StreetAddress>
      <CountryName>United States</CountryName>
      <StateName>California</StateName>
      <StateCode>CA</StateCode>
    </Institution>
    <FoaInformation>
      <Code>0510301</Code>
      <Name>Structure &amp; Function</Name>
    </FoaInformation>
    <FoaInformation>
      <Code>0521800</Code>
      <Name>Shelf &amp; Esturine Ecosystem</Name>
    </FoaInformation>
    <ProgramElement>
      <Code>1182</Code>
      <Text>POP &amp; COMMUNITY ECOL PROG</Text>
    </ProgramElement>
    <ProgramReference>
      <Code>9169</Code>
      <Text>BIODIVERSITY AND ECOSYSTEM DYNAMICS</Text>
    </ProgramReference>
    <ProgramReference>
      <Code>9285</Code>
      <Text>CONSRV &amp; RESTOR BIOL SPEC COMP</Text>
    </ProgramReference>
    <ProgramReference>
      <Code>EGCH</Code>
      <Text>ENVIRONMENT AND GLOBAL CHANGE</Text>
    </ProgramReference>
  </Award>
</rootTag>
