<?xml version="1.0" encoding="UTF-8"?>

<rootTag>
  <Award>
    <AwardTitle>A Strongly Coupled Analytical Study of the Interaction of Foreign Particles with a Solid-Liquid Interface in the Presence of Morphological and Fluid Instabilities</AwardTitle>
    <AwardEffectiveDate>06/01/1997</AwardEffectiveDate>
    <AwardExpirationDate>05/31/2001</AwardExpirationDate>
    <AwardAmount>111000</AwardAmount>
    <AwardInstrument>
      <Value>Continuing grant</Value>
    </AwardInstrument>
    <Organization>
      <Code>03040100</Code>
      <Directorate>
        <LongName>Direct For Mathematical &amp; Physical Scien</LongName>
      </Directorate>
      <Division>
        <LongName>Division Of Mathematical Sciences</LongName>
      </Division>
    </Organization>
    <ProgramOfficer>
      <SignBlockName>Deborah Lockhart</SignBlockName>
    </ProgramOfficer>
    <AbstractNarration>Hadji 9700380 The objective of this project is to conduct an analytical study of the interaction between a growing crystal interface and insoluble spherical foreign particles. A directional solidification set-up is considered to study the coupling between the distributions of temperature and concentrations, fluid flow due to particle movement, convection, solute segregation, interfacial deformations and particle presence near the moving interface. The mathematical model, based on the conservation equations of energy, solute, mass and momentum, is complemented by a set of appropriate boundary conditions. The resulting non-dimensional system displays several dimensionless groupings, all of which have a role in the subsequent analysis. This will predict the dominant crystal morphology, stability criteria for interface shape, convection and density advection effects and determine the threshold parameter values that separate pushing and capture of particles. A weakly nonlinear bifurcation analysis will be used to determine if the theoretical predictions can be verified experimentally. The methodology requires the use of perturbation techniques, asymptotic analysis, the bispherical coordinate system, bifurcation methods appropriate to weakly nonlinear analysis, and some numerical methods. As we approach the twenty-first century, scientists and technologists are under increasing pressures to satisfy society's need for materials of lower weight and higher reliability. For instance, in the aerospace industry, a reduced weight facilitates an increased payload capacity in flight, operating cost savings, higher speeds and longer range flights. However, lighter materials need to be strengthened by the addition of tiny particles of a different substance. This in turn complicates the manufacturing process. The final cast should have these particles uniformly distributed but, in practical terms, this is difficult to achieve. Imperfections arise due to the migration of the particles in the melt during the solidification process, and are detrimental to the quality of the end product. Some indications of how to overcome these difficulties have been provided by experimental work. In view of the large number of processing and physical variables, these partial solutions are unable to clearly relate the processing history to the constitution of the cast. There remains the crucial task of quantifying the influence of the various processing parameters on the final cast, and this is the aim of our analytical work.</AbstractNarration>
    <MinAmdLetterDate>05/22/1997</MinAmdLetterDate>
    <MaxAmdLetterDate>04/01/1999</MaxAmdLetterDate>
    <ARRAAmount/>
    <AwardID>9700380</AwardID>
    <Investigator>
      <FirstName>Layachi</FirstName>
      <LastName>Hadji</LastName>
      <EmailAddress>lhadji@bama.ua.edu</EmailAddress>
      <StartDate>05/22/1997</StartDate>
      <EndDate/>
      <RoleCode>Principal Investigator</RoleCode>
    </Investigator>
    <Investigator>
      <FirstName>Anthony M.</FirstName>
      <LastName>Davis</LastName>
      <EmailAddress>j-harris8@northwestern.edu</EmailAddress>
      <StartDate>05/22/1997</StartDate>
      <EndDate/>
      <RoleCode>Co-Principal Investigator</RoleCode>
    </Investigator>
    <Institution>
      <Name>University of Alabama Tuscaloosa</Name>
      <CityName>Tuscaloosa</CityName>
      <ZipCode>354870005</ZipCode>
      <PhoneNumber>2053485152</PhoneNumber>
      <StreetAddress>801 University Blvd.</StreetAddress>
      <CountryName>United States</CountryName>
      <StateName>Alabama</StateName>
      <StateCode>AL</StateCode>
    </Institution>
    <FoaInformation>
      <Code>0000099</Code>
      <Name>Other Applications NEC</Name>
    </FoaInformation>
    <ProgramElement>
      <Code>1266</Code>
      <Text>APPLIED MATHEMATICS</Text>
    </ProgramElement>
    <ProgramReference>
      <Code>9161</Code>
      <Text>SINGLE DIVISION/UNIVERSITY</Text>
    </ProgramReference>
    <ProgramReference>
      <Code>AMPP</Code>
      <Text>ADVANCED MATERIALS &amp; PROCESSING PROGRAM</Text>
    </ProgramReference>
  </Award>
</rootTag>
