<?xml version="1.0" encoding="UTF-8"?>

<rootTag>
  <Award>
    <AwardTitle>1997 International Conference on Differential Equations and Mathematical Physics; March 23-29, 1997; Birmingham, Alabama</AwardTitle>
    <AwardEffectiveDate>03/15/1997</AwardEffectiveDate>
    <AwardExpirationDate>02/29/2000</AwardExpirationDate>
    <AwardAmount>15000</AwardAmount>
    <AwardInstrument>
      <Value>Standard Grant</Value>
    </AwardInstrument>
    <Organization>
      <Code>03040200</Code>
      <Directorate>
        <LongName>Direct For Mathematical &amp; Physical Scien</LongName>
      </Directorate>
      <Division>
        <LongName>Division Of Mathematical Sciences</LongName>
      </Division>
    </Organization>
    <ProgramOfficer>
      <SignBlockName>Joe W. Jenkins</SignBlockName>
    </ProgramOfficer>
    <AbstractNarration>Proposal: DMS-9700676 PI: Carlen, Harrell, Loss The proposal is for an International Conference on Differential Equations and Mathematical Physics to be held in March, 1997 at Georgia Tech. The program will include lectures on nonlinear partial differential equations, spectral and scattering theory, variational and topological methods, bifurcation and normal forms, and symmetry analysis. The support is to be used for travel and local expenses for speakers and for a discount and travel expenses for regional and minority participants.</AbstractNarration>
    <MinAmdLetterDate>04/09/1997</MinAmdLetterDate>
    <MaxAmdLetterDate>02/22/1999</MaxAmdLetterDate>
    <ARRAAmount/>
    <AwardID>9700676</AwardID>
    <Investigator>
      <FirstName>Rudi</FirstName>
      <LastName>Weikard</LastName>
      <EmailAddress>rudi@math.uab.edu</EmailAddress>
      <StartDate>04/09/1997</StartDate>
      <EndDate/>
      <RoleCode>Co-Principal Investigator</RoleCode>
    </Investigator>
    <Investigator>
      <FirstName>Michael</FirstName>
      <LastName>Loss</LastName>
      <EmailAddress>loss@math.gatech.edu</EmailAddress>
      <StartDate>04/09/1997</StartDate>
      <EndDate/>
      <RoleCode>Co-Principal Investigator</RoleCode>
    </Investigator>
    <Investigator>
      <FirstName>Evans</FirstName>
      <LastName>Harrell</LastName>
      <EmailAddress>harrell@math.gatech.edu</EmailAddress>
      <StartDate>04/09/1997</StartDate>
      <EndDate/>
      <RoleCode>Co-Principal Investigator</RoleCode>
    </Investigator>
    <Investigator>
      <FirstName>Eric</FirstName>
      <LastName>Carlen</LastName>
      <EmailAddress>carlen@math.rutgers.edu</EmailAddress>
      <StartDate>04/09/1997</StartDate>
      <EndDate/>
      <RoleCode>Principal Investigator</RoleCode>
    </Investigator>
    <Institution>
      <Name>Georgia Tech Research Corporation</Name>
      <CityName>Atlanta</CityName>
      <ZipCode>303320420</ZipCode>
      <PhoneNumber>4048944819</PhoneNumber>
      <StreetAddress>Office of Sponsored Programs</StreetAddress>
      <CountryName>United States</CountryName>
      <StateName>Georgia</StateName>
      <StateCode>GA</StateCode>
    </Institution>
    <FoaInformation>
      <Code>0000099</Code>
      <Name>Other Applications NEC</Name>
    </FoaInformation>
    <ProgramElement>
      <Code>1281</Code>
      <Text>ANALYSIS PROGRAM</Text>
    </ProgramElement>
    <ProgramReference>
      <Code>0000</Code>
      <Text>UNASSIGNED</Text>
    </ProgramReference>
    <ProgramReference>
      <Code>OTHR</Code>
      <Text>OTHER RESEARCH OR EDUCATION</Text>
    </ProgramReference>
  </Award>
</rootTag>
