<?xml version="1.0" encoding="UTF-8"?>

<rootTag>
  <Award>
    <AwardTitle>Combined Research-Curriculum Development on Maintenance and Reliability Engineering</AwardTitle>
    <AwardEffectiveDate>05/15/1997</AwardEffectiveDate>
    <AwardExpirationDate>10/31/2001</AwardExpirationDate>
    <AwardAmount>460375</AwardAmount>
    <AwardInstrument>
      <Value>Standard Grant</Value>
    </AwardInstrument>
    <Organization>
      <Code>07050000</Code>
      <Directorate>
        <LongName>Directorate For Engineering</LongName>
      </Directorate>
      <Division>
        <LongName>Div Of Engineering Education and Centers</LongName>
      </Division>
    </Organization>
    <ProgramOfficer>
      <SignBlockName>Mary Poats</SignBlockName>
    </ProgramOfficer>
    <AbstractNarration>EEC-9700654 Shannon Abstract This award provides funding to the University of Tennessee, Knoxville (UTK), under the direction of Dr. Thomas Shannon, for the support of a Combined Research-Curriculum Development project entitled, "Combined Research-Curriculum Development on Maintenance and Reliability Engineering." This project's goals are to focus on the incorporation of the latest developments in Maintenance and Reliability Engineering (MRE) into a well-structured academic program. New courses to be developed will strengthen the MRE certification program that involves course work, industrial experience and research. These courses are: 1. Introduction to maintenance engineering; 2. Maintenance planning, management and performance evaluation; 3. Machinery condition monitoring and diagnosis; and 4) Reliability and life prediction technology. The CRCD program will be managed by the Maintenance and Reliability Center (MRC), which was formed by the UTK Colleges of Engineering and Business Administration to broaden the MRE academic and research capability.</AbstractNarration>
    <MinAmdLetterDate>05/22/1997</MinAmdLetterDate>
    <MaxAmdLetterDate>07/07/2001</MaxAmdLetterDate>
    <ARRAAmount/>
    <AwardID>9700654</AwardID>
    <Investigator>
      <FirstName>Belle</FirstName>
      <LastName>Upadhyaya</LastName>
      <EmailAddress>bupadhya@utk.edu</EmailAddress>
      <StartDate>05/22/1997</StartDate>
      <EndDate/>
      <RoleCode>Co-Principal Investigator</RoleCode>
    </Investigator>
    <Investigator>
      <FirstName>J.</FirstName>
      <LastName>Hines</LastName>
      <EmailAddress>jhines2@utk.edu</EmailAddress>
      <StartDate>05/22/1997</StartDate>
      <EndDate/>
      <RoleCode>Co-Principal Investigator</RoleCode>
    </Investigator>
    <Investigator>
      <FirstName>Thomas</FirstName>
      <LastName>Shannon</LastName>
      <EmailAddress>tshannon@utk.edu</EmailAddress>
      <StartDate>05/22/1997</StartDate>
      <EndDate/>
      <RoleCode>Principal Investigator</RoleCode>
    </Investigator>
    <Institution>
      <Name>University of Tennessee Knoxville</Name>
      <CityName>KNOXVILLE</CityName>
      <ZipCode>379960003</ZipCode>
      <PhoneNumber>8659743466</PhoneNumber>
      <StreetAddress>1 CIRCLE PARK</StreetAddress>
      <CountryName>United States</CountryName>
      <StateName>Tennessee</StateName>
      <StateCode>TN</StateCode>
    </Institution>
  </Award>
</rootTag>
