<?xml version="1.0" encoding="UTF-8"?>

<rootTag>
  <Award>
    <AwardTitle>Dissertation Research: Taxonomy, Systematics, and Evolution of the Trapdoor Spider Genus Aptostichus (Araneae, Cyrtaucheniidae)</AwardTitle>
    <AwardEffectiveDate>07/01/1997</AwardEffectiveDate>
    <AwardExpirationDate>12/31/1999</AwardExpirationDate>
    <AwardAmount>9763</AwardAmount>
    <AwardInstrument>
      <Value>Standard Grant</Value>
    </AwardInstrument>
    <Organization>
      <Code>08010207</Code>
      <Directorate>
        <LongName>Direct For Biological Sciences</LongName>
      </Directorate>
      <Division>
        <LongName>Division Of Environmental Biology</LongName>
      </Division>
    </Organization>
    <ProgramOfficer>
      <SignBlockName>Mary C. McKitrick</SignBlockName>
    </ProgramOfficer>
    <AbstractNarration>9700814 OPELL Aptostichus is the most diverse genus of trapdoor spiders in North America. Most species are in California, where they occupy at least 13 of the state's 16 biological regions, including desert environments. Since many of these habitats are threatened, studies of Aptostichus can contribute significantly to an understanding of the conservation biology and ecology of these regions. Despite its extraordinary diversity and interesting geographic and ecological distribution, this group has received little attention and only four of its estimated 25 species have been described. In this research, Brent Opell and doctoral candidate Jason Bond will revise the taxonomy of Aptostichus and test hypotheses about how these species arose. The phylogenetic history of the genus, and species boundaries within the genus, will be evaluated using both morphological and molecular (mitochondrial and nuclear DNA sequence) data. The morphological data will also contribute to knowledge of the distributions, variations in morphological features, and natural histories of these spiders, while the sequence data will provide insights into their biogeography, speciation processes, and desert adaptations. The approach is novel in that it integrates morphological and molecular approaches to questions of species delineation, phylogenetic history, and natural history in spiders.</AbstractNarration>
    <MinAmdLetterDate>06/10/1997</MinAmdLetterDate>
    <MaxAmdLetterDate>06/10/1997</MaxAmdLetterDate>
    <ARRAAmount/>
    <AwardID>9700814</AwardID>
    <Investigator>
      <FirstName>Brent</FirstName>
      <LastName>Opell</LastName>
      <EmailAddress>bopell@vt.edu</EmailAddress>
      <StartDate>06/10/1997</StartDate>
      <EndDate/>
      <RoleCode>Principal Investigator</RoleCode>
    </Investigator>
    <Institution>
      <Name>Virginia Polytechnic Institute and State University</Name>
      <CityName>BLACKSBURG</CityName>
      <ZipCode>240610001</ZipCode>
      <PhoneNumber>5402315281</PhoneNumber>
      <StreetAddress>Sponsored Programs 0170</StreetAddress>
      <CountryName>United States</CountryName>
      <StateName>Virginia</StateName>
      <StateCode>VA</StateCode>
    </Institution>
    <FoaInformation>
      <Code>0000099</Code>
      <Name>Other Applications NEC</Name>
    </FoaInformation>
    <ProgramElement>
      <Code>1171</Code>
      <Text>PHYLOGENETIC SYSTEMATICS</Text>
    </ProgramElement>
    <ProgramReference>
      <Code>9169</Code>
      <Text>BIODIVERSITY AND ECOSYSTEM DYNAMICS</Text>
    </ProgramReference>
    <ProgramReference>
      <Code>9179</Code>
      <Text>GRADUATE INVOLVEMENT</Text>
    </ProgramReference>
    <ProgramReference>
      <Code>EGCH</Code>
      <Text>ENVIRONMENT AND GLOBAL CHANGE</Text>
    </ProgramReference>
  </Award>
</rootTag>
