<?xml version="1.0" encoding="UTF-8"?>

<rootTag>
  <Award>
    <AwardTitle>GOALI: Method of Tuning and Automatic Regulation for Injection Molding</AwardTitle>
    <AwardEffectiveDate>09/01/1997</AwardEffectiveDate>
    <AwardExpirationDate>08/31/2001</AwardExpirationDate>
    <AwardAmount>180000</AwardAmount>
    <AwardInstrument>
      <Value>Standard Grant</Value>
    </AwardInstrument>
    <Organization>
      <Code>07030000</Code>
      <Directorate>
        <LongName>Directorate For Engineering</LongName>
      </Directorate>
      <Division>
        <LongName>Div Of Civil, Mechanical, &amp; Manufact Inn</LongName>
      </Division>
    </Organization>
    <ProgramOfficer>
      <SignBlockName>Delcie R. Durham</SignBlockName>
    </ProgramOfficer>
    <AbstractNarration>9700288 Danai The objective of this GOALI research is to develop an efficient and robust method of tuning and regulation for injection molding processes, so that the desired quality of injection molded parts can be readily achieved and consistently ensured for commercial production. An important feature of this method will be its ability to select the machine inputs that will minimize production cost while satisfying the part quality constraints. The research will be conducted at both theoretical and applied levels with close interaction with industry partner. At the theoretical level: (1) the form of the I-0 model will be revised to allow for incorporation of qualitative measures of part properties; (2) process dynamics will be integrated in the I-0 model in order to enhance robustness in presence of process transients and external variations; and (3) an optimization strategy will be adopted in the virtual search method (VSM) to trade off product quality for reduced product costs. At the applied level, an extensive industrial collaboration program will be conducted at GE Plastics with other industry liaisons to identify the stringent requirements of production. The solutions obtained to the application requirements in this phase of research are expected to prepare VSM for wide area dissemination. This project will provide valuable leveraging to contribute fundamental knowledge in the area process controller for the injection molding industry</AbstractNarration>
    <MinAmdLetterDate>08/18/1997</MinAmdLetterDate>
    <MaxAmdLetterDate>08/18/1997</MaxAmdLetterDate>
    <ARRAAmount/>
    <AwardID>9700288</AwardID>
    <Investigator>
      <FirstName>David</FirstName>
      <LastName>Kazmer</LastName>
      <EmailAddress>david_kazmer@uml.edu</EmailAddress>
      <StartDate>08/18/1997</StartDate>
      <EndDate/>
      <RoleCode>Co-Principal Investigator</RoleCode>
    </Investigator>
    <Investigator>
      <FirstName>Kourosh</FirstName>
      <LastName>Danai</LastName>
      <EmailAddress>danai@ecs.umass.edu</EmailAddress>
      <StartDate>08/18/1997</StartDate>
      <EndDate/>
      <RoleCode>Principal Investigator</RoleCode>
    </Investigator>
    <Investigator>
      <FirstName>Blair</FirstName>
      <LastName>Souder</LastName>
      <EmailAddress>blair.souder@gep.ge.com</EmailAddress>
      <StartDate>08/18/1997</StartDate>
      <EndDate/>
      <RoleCode>Co-Principal Investigator</RoleCode>
    </Investigator>
    <Institution>
      <Name>University of Massachusetts Amherst</Name>
      <CityName>Hadley</CityName>
      <ZipCode>010359450</ZipCode>
      <PhoneNumber>4135450698</PhoneNumber>
      <StreetAddress>Research Administration Building</StreetAddress>
      <CountryName>United States</CountryName>
      <StateName>Massachusetts</StateName>
      <StateCode>MA</StateCode>
    </Institution>
    <FoaInformation>
      <Code>0308000</Code>
      <Name>Industrial Technology</Name>
    </FoaInformation>
    <ProgramElement>
      <Code>1467</Code>
      <Text>MATERIALS PROCESSING AND MANFG</Text>
    </ProgramElement>
    <ProgramElement>
      <Code>1504</Code>
      <Text>GRANT OPP FOR ACAD LIA W/INDUS</Text>
    </ProgramElement>
    <ProgramReference>
      <Code>1049</Code>
      <Text>INDUSTRY-UNIV COOPERATIVE RSCH PROJECTS</Text>
    </ProgramReference>
    <ProgramReference>
      <Code>1504</Code>
      <Text>GRANT OPP FOR ACAD LIA W/INDUS</Text>
    </ProgramReference>
    <ProgramReference>
      <Code>9146</Code>
      <Text>MANUFACTURING BASE RESEARCH</Text>
    </ProgramReference>
    <ProgramReference>
      <Code>MANU</Code>
      <Text>MANUFACTURING</Text>
    </ProgramReference>
  </Award>
</rootTag>
