<?xml version="1.0" encoding="UTF-8"?>

<rootTag>
  <Award>
    <AwardTitle>Brownian Motion and Related Models</AwardTitle>
    <AwardEffectiveDate>07/01/1997</AwardEffectiveDate>
    <AwardExpirationDate>06/30/2001</AwardExpirationDate>
    <AwardAmount>299901</AwardAmount>
    <AwardInstrument>
      <Value>Continuing grant</Value>
    </AwardInstrument>
    <Organization>
      <Code>03040300</Code>
      <Directorate>
        <LongName>Direct For Mathematical &amp; Physical Scien</LongName>
      </Directorate>
      <Division>
        <LongName>Division Of Mathematical Sciences</LongName>
      </Division>
    </Organization>
    <ProgramOfficer>
      <SignBlockName>K Crank</SignBlockName>
    </ProgramOfficer>
    <AbstractNarration>9700721 Bass A number of problems from four areas of probability theory are to be studied. The first, which has applications to partial differential equations, is an investigation into the squared Laplacian by means of both ordinary Brownian motion and by iterated Brownian motion. The second area arises out of both economics and physics and is a stochastic bifurcation model. One has an ordinary differential equation whose behavior is controlled by a stochastic process. The third area is diffusions on fractals, together with a study of their properties. These have applications to physics as well as partial differential equations. Finally, uniqueness for superprocesses will be investigated, resulting in applications to partial differential equations and to mathematical biology. Probabilistic techniques will be used to study a number of different models that arise in economics, physics, and biology. These include the behavior of rational players in economics, field theories in physics, and populations in biology. The results should also have applications to the theory of partial differential equations in mathematics.</AbstractNarration>
    <MinAmdLetterDate>04/24/1997</MinAmdLetterDate>
    <MaxAmdLetterDate>05/10/1999</MaxAmdLetterDate>
    <ARRAAmount/>
    <AwardID>9700721</AwardID>
    <Investigator>
      <FirstName>Richard</FirstName>
      <LastName>Bass</LastName>
      <EmailAddress>bass@math.uconn.edu</EmailAddress>
      <StartDate>04/24/1997</StartDate>
      <EndDate>04/22/1999</EndDate>
      <RoleCode>Former Principal Investigator</RoleCode>
    </Investigator>
    <Investigator>
      <FirstName>Krzysztof</FirstName>
      <LastName>Burdzy</LastName>
      <EmailAddress>burdzy@math.washington.edu</EmailAddress>
      <StartDate>04/24/1997</StartDate>
      <EndDate/>
      <RoleCode>Principal Investigator</RoleCode>
    </Investigator>
    <Institution>
      <Name>University of Washington</Name>
      <CityName>Seattle</CityName>
      <ZipCode>981950001</ZipCode>
      <PhoneNumber>2065434043</PhoneNumber>
      <StreetAddress>4333 Brooklyn Ave NE</StreetAddress>
      <CountryName>United States</CountryName>
      <StateName>Washington</StateName>
      <StateCode>WA</StateCode>
    </Institution>
    <FoaInformation>
      <Code>0000099</Code>
      <Name>Other Applications NEC</Name>
    </FoaInformation>
    <ProgramElement>
      <Code>1263</Code>
      <Text>PROBABILITY</Text>
    </ProgramElement>
    <ProgramReference>
      <Code>0000</Code>
      <Text>UNASSIGNED</Text>
    </ProgramReference>
    <ProgramReference>
      <Code>OTHR</Code>
      <Text>OTHER RESEARCH OR EDUCATION</Text>
    </ProgramReference>
  </Award>
</rootTag>
