<?xml version="1.0" encoding="UTF-8"?>

<rootTag>
  <Award>
    <AwardTitle>Behavior of Reinforced Concrete Membrane Elements</AwardTitle>
    <AwardEffectiveDate>04/01/1997</AwardEffectiveDate>
    <AwardExpirationDate>03/31/2000</AwardExpirationDate>
    <AwardAmount>180529</AwardAmount>
    <AwardInstrument>
      <Value>Standard Grant</Value>
    </AwardInstrument>
    <Organization>
      <Code>07030000</Code>
      <Directorate>
        <LongName>Directorate For Engineering</LongName>
      </Directorate>
      <Division>
        <LongName>Div Of Civil, Mechanical, &amp; Manufact Inn</LongName>
      </Division>
    </Organization>
    <ProgramOfficer>
      <SignBlockName>John Scalzi</SignBlockName>
    </ProgramOfficer>
    <AbstractNarration>9700401 Hsu At low load, reinforced concrete without cracks behaves as an elastic, isotropic material and its behavior is governed by two material constants: the Young's modulus E and the Poisson ration v. At service load, however, a moderate amount of cracking is expected and acceptable. Such cracking transforms reinforced concrete into a nonlinear, non-isotropic material. The biaxial behavior of post cracking membrane elements are governed by three moduli and two Poisson ratios of concrete to be determined experimentally. The research agenda also includes the development of a finite element program to predict the behavior of shear walls. This program can be used to verify the functional applicability of the five proposed mechanical properties.</AbstractNarration>
    <MinAmdLetterDate>03/26/1997</MinAmdLetterDate>
    <MaxAmdLetterDate>05/06/1998</MaxAmdLetterDate>
    <ARRAAmount/>
    <AwardID>9700401</AwardID>
    <Investigator>
      <FirstName>Thomas</FirstName>
      <LastName>Hsu</LastName>
      <EmailAddress>thsu@uh.edu</EmailAddress>
      <StartDate>03/26/1997</StartDate>
      <EndDate/>
      <RoleCode>Principal Investigator</RoleCode>
    </Investigator>
    <Institution>
      <Name>University of Houston</Name>
      <CityName>Houston</CityName>
      <ZipCode>772042015</ZipCode>
      <PhoneNumber>7137435773</PhoneNumber>
      <StreetAddress>4800 Calhoun Boulevard</StreetAddress>
      <CountryName>United States</CountryName>
      <StateName>Texas</StateName>
      <StateCode>TX</StateCode>
    </Institution>
    <FoaInformation>
      <Code>0109000</Code>
      <Name>Structural Technology</Name>
    </FoaInformation>
  </Award>
</rootTag>
