<?xml version="1.0" encoding="UTF-8"?>

<rootTag>
  <Award>
    <AwardTitle>Modeling and Eliminating Thermal Damage of Surface Integrity in Dry and Cryogenic Superfinish Hard Turning</AwardTitle>
    <AwardEffectiveDate>07/01/1997</AwardEffectiveDate>
    <AwardExpirationDate>06/30/1999</AwardExpirationDate>
    <AwardAmount>99906</AwardAmount>
    <AwardInstrument>
      <Value>Continuing grant</Value>
    </AwardInstrument>
    <Organization>
      <Code>07030000</Code>
      <Directorate>
        <LongName>Directorate For Engineering</LongName>
      </Directorate>
      <Division>
        <LongName>Div Of Civil, Mechanical, &amp; Manufact Inn</LongName>
      </Division>
    </Organization>
    <ProgramOfficer>
      <SignBlockName>KAMLAKAR P RAJURKAR</SignBlockName>
    </ProgramOfficer>
    <AbstractNarration>9700095 Liu It was recently shown feasible to use hard turning in selected conditions to superfinish surfaces. However, just like grinding, hard turning as a finish process may produce thermal damage to the integrity of a machined surface if the machining conditions create too much heat conducted into the machined surface. The objectives of this research project are: (1) to study the integrity of machined surface by hard turning; (2) to develop a model to estimate the onset and upper bound of the thermally damaged layer as a function of machining conditions including flank wear; and (3) to study various innovative methods of extending the limit imposed by surface damage (resulted by flank wear) for the purpose of longer tool utilization. This research addresses the problem of thermal damage in hard turning, with the potential practical result of removing thermal burn as a major obstacle toward widespread application of hard turning. It holds the promise of replacing separate grinding and abrasive-based superfinish as a process for finishing hardened workpieces.</AbstractNarration>
    <MinAmdLetterDate>07/02/1997</MinAmdLetterDate>
    <MaxAmdLetterDate>04/09/1998</MaxAmdLetterDate>
    <ARRAAmount/>
    <AwardID>9700095</AwardID>
    <Investigator>
      <FirstName>C. Richard</FirstName>
      <LastName>Liu</LastName>
      <EmailAddress>liuch@ecn.purdue.edu</EmailAddress>
      <StartDate>07/02/1997</StartDate>
      <EndDate/>
      <RoleCode>Principal Investigator</RoleCode>
    </Investigator>
    <Institution>
      <Name>Purdue Research Foundation</Name>
      <CityName>West Lafayette</CityName>
      <ZipCode>47907</ZipCode>
      <PhoneNumber>3174946200</PhoneNumber>
      <StreetAddress/>
      <CountryName>United States</CountryName>
      <StateName>Indiana</StateName>
      <StateCode>IN</StateCode>
    </Institution>
    <FoaInformation>
      <Code>0308000</Code>
      <Name>Industrial Technology</Name>
    </FoaInformation>
  </Award>
</rootTag>
