<?xml version="1.0" encoding="UTF-8"?>

<rootTag>
  <Award>
    <AwardTitle>Applications of the Discharging Method in Graph Theory</AwardTitle>
    <AwardEffectiveDate>07/01/1997</AwardEffectiveDate>
    <AwardExpirationDate>08/04/1998</AwardExpirationDate>
    <AwardAmount>114489</AwardAmount>
    <AwardInstrument>
      <Value>Standard Grant</Value>
    </AwardInstrument>
    <Organization>
      <Code>03040300</Code>
      <Directorate>
        <LongName>Direct For Mathematical &amp; Physical Scien</LongName>
      </Directorate>
      <Division>
        <LongName>Division Of Mathematical Sciences</LongName>
      </Division>
    </Organization>
    <ProgramOfficer>
      <SignBlockName>Sidney W. Graham</SignBlockName>
    </ProgramOfficer>
    <AbstractNarration>Sanders 9700750 This award provides funds for a joint research project involving Daniel Sanders and Yue Zhao. The objective of the research proposed here is to attempt to solve several problems which are related to graphs embedded in surfaces using a relatively new and unexploited technique, aalled the Discharging Method. These problems include: (i) Vizing's Planar Graph Conjecture; (ii) the Total Coloring Conjecture for planar graphs; (iii) the Entire Coloring Conjecture; (iv) the Cyclic Coloring Conjecture; (v) the Nine Color Conjecture; (vi) further investigation on the k-Walk Conjecture, which the principal investigators solved in 1996; (vii) vertex reconstruction of 4-connected planar graphs, which is a special case of the Vertex Reconstruction Conjecture; (viii) edge reconstruction of triangulations of surfaces, which is a special case of the Edge Reconstruction Conjecture. Some of these problems have been around for more than thirty years, but still remain unsolved. Recently, the principal investigators have successfully solved several problems related to (i)--(vi) by using the Discharging Method. It seems that other methods which were used to attack several of the problems mentioned above have stalled, and that the Discharging Method indeed provides a far more general and powerful tool for various problems. The principal investigators also intend to continue their search for new areas of graph theory where the Discharging Method can be applied. This research is in the area of combinatorics. One of the goals of combinatorics is to find efficient methods of studying how discrete collections of objects can be arranged. The behavior of discrete systems is extremely important to modern communications. For example, the design of large networks, such as those occurring in telephone systems, and the design of algorithms in computer science deal with discrete sets of objects, and this makes use of combinatorial research.</AbstractNarration>
    <MinAmdLetterDate>06/03/1997</MinAmdLetterDate>
    <MaxAmdLetterDate>06/03/1997</MaxAmdLetterDate>
    <ARRAAmount/>
    <AwardID>9700750</AwardID>
    <Investigator>
      <FirstName>Yue</FirstName>
      <LastName>Zhao</LastName>
      <EmailAddress>yzhao@mail.ucf.edu</EmailAddress>
      <StartDate>06/03/1997</StartDate>
      <EndDate/>
      <RoleCode>Co-Principal Investigator</RoleCode>
    </Investigator>
    <Investigator>
      <FirstName>Daniel</FirstName>
      <LastName>Sanders</LastName>
      <EmailAddress>sanders@math.princeton.edu</EmailAddress>
      <StartDate>06/03/1997</StartDate>
      <EndDate/>
      <RoleCode>Principal Investigator</RoleCode>
    </Investigator>
    <Institution>
      <Name>Ohio State University</Name>
      <CityName>Columbus</CityName>
      <ZipCode>432101016</ZipCode>
      <PhoneNumber>6146888735</PhoneNumber>
      <StreetAddress>Office of Sponsored Programs</StreetAddress>
      <CountryName>United States</CountryName>
      <StateName>Ohio</StateName>
      <StateCode>OH</StateCode>
    </Institution>
    <FoaInformation>
      <Code>0000099</Code>
      <Name>Other Applications NEC</Name>
    </FoaInformation>
  </Award>
</rootTag>
