<?xml version="1.0" encoding="UTF-8"?>

<rootTag>
  <Award>
    <AwardTitle>p-ADIC Methods In The Theory Of Algebraic Cycles</AwardTitle>
    <AwardEffectiveDate>09/01/1997</AwardEffectiveDate>
    <AwardExpirationDate>08/31/2000</AwardExpirationDate>
    <AwardAmount>81900</AwardAmount>
    <AwardInstrument>
      <Value>Standard Grant</Value>
    </AwardInstrument>
    <Organization>
      <Code>03040300</Code>
      <Directorate>
        <LongName>Direct For Mathematical &amp; Physical Scien</LongName>
      </Directorate>
      <Division>
        <LongName>Division Of Mathematical Sciences</LongName>
      </Division>
    </Organization>
    <ProgramOfficer>
      <SignBlockName>Alvin I. Thaler</SignBlockName>
    </ProgramOfficer>
    <AbstractNarration>Raskind 9700896 This award supports work on the theory of algebraic cycles on algebraic varieties over p-adically complete fields and over algebraic number fields. The principal investigator will define and study p-adic intermediate Jacobians for algebraic varieties over a p-adically complete field which have a p-adic uniformization. It is expected that these will be fundamental tools in the theory. He will also study higher obstructions to the Hasse principle for varieties over algebraic number fields. The theory of algebraic cycles is part of algebraic geometry, which is the study of solutions to systems of polynomial equations. This is one of the oldest fields in mathematics, but it has experienced an explosion of new ideas and fundamental theorems over the past thirty years. Also, new applications of the theory have been found to coding theory, cryptography and engineering.</AbstractNarration>
    <MinAmdLetterDate>05/02/1997</MinAmdLetterDate>
    <MaxAmdLetterDate>05/02/1997</MaxAmdLetterDate>
    <ARRAAmount/>
    <AwardID>9700896</AwardID>
    <Investigator>
      <FirstName>Wayne</FirstName>
      <LastName>Raskind</LastName>
      <EmailAddress>wraskind@asu.edu</EmailAddress>
      <StartDate>05/02/1997</StartDate>
      <EndDate/>
      <RoleCode>Principal Investigator</RoleCode>
    </Investigator>
    <Institution>
      <Name>University of Southern California</Name>
      <CityName>Los Angeles</CityName>
      <ZipCode>900890001</ZipCode>
      <PhoneNumber>2137407762</PhoneNumber>
      <StreetAddress>University Park</StreetAddress>
      <CountryName>United States</CountryName>
      <StateName>California</StateName>
      <StateCode>CA</StateCode>
    </Institution>
  </Award>
</rootTag>
