<?xml version="1.0" encoding="UTF-8"?>

<rootTag>
  <Award>
    <AwardTitle>Algorithmic and Combinatorial Issues in Pattern Matching</AwardTitle>
    <AwardEffectiveDate>09/01/1997</AwardEffectiveDate>
    <AwardExpirationDate>08/31/2000</AwardExpirationDate>
    <AwardAmount>104736</AwardAmount>
    <AwardInstrument>
      <Value>Standard Grant</Value>
    </AwardInstrument>
    <Organization>
      <Code>05010100</Code>
      <Directorate>
        <LongName>Direct For Computer &amp; Info Scie &amp; Enginr</LongName>
      </Directorate>
      <Division>
        <LongName>Division of Computing and Communication Foundations</LongName>
      </Division>
    </Organization>
    <ProgramOfficer>
      <SignBlockName>Yechezkel Zalcstein</SignBlockName>
    </ProgramOfficer>
    <AbstractNarration>This research addresses combinatorial and algorithmic problems related to searching and matching of strings and slightly more complicated structures such as regular expressions, arrays, trees and compounds thereof. These problems arise in a vast variety of applications, and their impact is widely perceived as more and more crucial in future information infrastructures, as unprecedented volumes of information are increasingly amassed, disseminated and shared. A list would include the design of structures for the efficient management of large repositories of strings, arrays and special types of graphs, fundamental primitives such as the various variants of exact and approximate searching, specific applications such as the identification of periodicities and other regularities, efficient implementations of ancillary functions such as compression and encoding of elementary discrete objects, etc. The main objective of this project is to abstract and clearly identify these problems, develop new techniques and efficient algorithms to solve them, both by serial and parallel/distributed computation, and implement the new algorithms. This research represents a joint effort by two teams having bases at Polytechnic University and Purdue University, respectively. These teams have marked commonalities in backgrounds and complementary expertise in highly specialized subareas of the field.</AbstractNarration>
    <MinAmdLetterDate>08/28/1997</MinAmdLetterDate>
    <MaxAmdLetterDate>08/28/1997</MaxAmdLetterDate>
    <ARRAAmount/>
    <AwardID>9700276</AwardID>
    <Investigator>
      <FirstName>Alberto</FirstName>
      <LastName>Apostolico</LastName>
      <EmailAddress>axa@cc.gatech.edu</EmailAddress>
      <StartDate>08/28/1997</StartDate>
      <EndDate/>
      <RoleCode>Principal Investigator</RoleCode>
    </Investigator>
    <Institution>
      <Name>Purdue Research Foundation</Name>
      <CityName>West Lafayette</CityName>
      <ZipCode>47907</ZipCode>
      <PhoneNumber>3174946200</PhoneNumber>
      <StreetAddress></StreetAddress>
      <CountryName>United States</CountryName>
      <StateName>Indiana</StateName>
      <StateCode>IN</StateCode>
    </Institution>
  </Award>
</rootTag>
