<?xml version="1.0" encoding="UTF-8"?>

<rootTag>
  <Award>
    <AwardTitle>Dissertation Research: Changes in Belowground Carbon Dynamics Under Free-Air Carbon Dioxide Enrichment (FACE)</AwardTitle>
    <AwardEffectiveDate>05/01/1997</AwardEffectiveDate>
    <AwardExpirationDate>04/30/1999</AwardExpirationDate>
    <AwardAmount>10000</AwardAmount>
    <AwardInstrument>
      <Value>Standard Grant</Value>
    </AwardInstrument>
    <Organization>
      <Code>08010208</Code>
      <Directorate>
        <LongName>Direct For Biological Sciences</LongName>
      </Directorate>
      <Division>
        <LongName>Division Of Environmental Biology</LongName>
      </Division>
    </Organization>
    <ProgramOfficer>
      <SignBlockName>Penelope L. Firth</SignBlockName>
    </ProgramOfficer>
    <AbstractNarration>9700830 Schlesinger This project, centered around the Free-Air Carbon dioxide Enrichment (FACE) experiment in the Duke Forest of central North Carolina, is designed to elucidate changes in soil carbon dynamics in response to an ecosystem-level atmospheric CO2 enrichment. In reaching this objective, the research proposed here is intended to address questions surrounding process-level understanding of soil function and its link with the atmosphere and groundwater. Fluxes of carbon into and out of the soil system, as well as transfers and storage within the soil profile, will be examined. Importantly, the study will capitalize on the use of stable carbon isotope (C-13) tracers that will be introduced into the atmosphere of the FACE plot with the CO2 enrichment. This isotope tracer will allow the examination of the rate of carbon incorporation into soil organic matter, the effect of soil acidity on weathering rates, and the potential of a long-term atmospheric carbon sink in soils and groundwater. This research is of particular interest and importance to global change scientists and policy-makers interested in the "missing sink", soil scientists examining carbon dynamics, and geochemists interested in the extent of biotic control over chemical weathering.</AbstractNarration>
    <MinAmdLetterDate>04/30/1997</MinAmdLetterDate>
    <MaxAmdLetterDate>04/30/1997</MaxAmdLetterDate>
    <ARRAAmount/>
    <AwardID>9700830</AwardID>
    <Investigator>
      <FirstName>William</FirstName>
      <LastName>Schlesinger</LastName>
      <EmailAddress>schlesingerw@caryinstitute.org</EmailAddress>
      <StartDate>04/30/1997</StartDate>
      <EndDate/>
      <RoleCode>Principal Investigator</RoleCode>
    </Investigator>
    <Institution>
      <Name>Duke University</Name>
      <CityName>Durham</CityName>
      <ZipCode>277054010</ZipCode>
      <PhoneNumber>9196843030</PhoneNumber>
      <StreetAddress>2200 W. Main St, Suite 710</StreetAddress>
      <CountryName>United States</CountryName>
      <StateName>North Carolina</StateName>
      <StateCode>NC</StateCode>
    </Institution>
  </Award>
</rootTag>
