<?xml version="1.0" encoding="UTF-8"?>

<rootTag>
  <Award>
    <AwardTitle>CAREER: Multimedia Explanation Generation for Knowledge-Based Learning Environments</AwardTitle>
    <AwardEffectiveDate>06/01/1997</AwardEffectiveDate>
    <AwardExpirationDate>05/31/2001</AwardExpirationDate>
    <AwardAmount>390373</AwardAmount>
    <AwardInstrument>
      <Value>Continuing grant</Value>
    </AwardInstrument>
    <Organization>
      <Code>05020000</Code>
      <Directorate>
        <LongName>Direct For Computer &amp; Info Scie &amp; Enginr</LongName>
      </Directorate>
      <Division>
        <LongName>Div Of Information &amp; Intelligent Systems</LongName>
      </Division>
    </Organization>
    <ProgramOfficer>
      <SignBlockName>Ephraim P. Glinert</SignBlockName>
    </ProgramOfficer>
    <AbstractNarration>Knowledge-based learning environments can provide highly customized problem-solving experiences that are tailored to the individual needs of each student. This project creates the technology for a new generation of knowledge-based learning environments by developing real-time multimedia explanation generators with animated pedagogical agents. Prominently featured in learning environments, animated pedagogical agents can observe students' progress, provide them with visually contextualized problem-solving advice, and play a powerful motivational role. The project has three major thrusts: (1) developing a computational model of real-time multimedia explanation planning for dynamically creating customized multimedia explanations; (2) developing a computational model of animated pedagogical agents; and (3) conducting empirical evaluations of the pedagogical effectiveness of these models. In addition, the project also develops a teaching laboratory for multimedia technology and initiates a new multidisciplinary course on Knowledge-Based Multimedia Learning Environments. This work significantly advances the state-of-the-art in knowledge- based learning environments and human-computer interaction. Coupled with rapid advances in affordable multimedia hardware, the successful deployment of these technologies will have a deep and lasting impact on students at all levels. By achieving significant gains in learning effectiveness, these technologies will bring about fundamental improvements in both the classroom and the workplace on a broad scale.</AbstractNarration>
    <MinAmdLetterDate>05/29/1997</MinAmdLetterDate>
    <MaxAmdLetterDate>06/23/2000</MaxAmdLetterDate>
    <ARRAAmount/>
    <AwardID>9701503</AwardID>
    <Investigator>
      <FirstName>James</FirstName>
      <LastName>Lester</LastName>
      <EmailAddress>lester@csc.ncsu.edu</EmailAddress>
      <StartDate>05/29/1997</StartDate>
      <EndDate/>
      <RoleCode>Principal Investigator</RoleCode>
    </Investigator>
    <Institution>
      <Name>North Carolina State University</Name>
      <CityName>RALEIGH</CityName>
      <ZipCode>276957514</ZipCode>
      <PhoneNumber>9195152444</PhoneNumber>
      <StreetAddress>CAMPUS BOX 7514</StreetAddress>
      <CountryName>United States</CountryName>
      <StateName>North Carolina</StateName>
      <StateCode>NC</StateCode>
    </Institution>
    <FoaInformation>
      <Code>0104000</Code>
      <Name>Information Systems</Name>
    </FoaInformation>
    <ProgramElement>
      <Code>6845</Code>
      <Text>HUMAN COMPUTER INTER PROGRAM</Text>
    </ProgramElement>
    <ProgramReference>
      <Code>1045</Code>
      <Text>CAREER: FACULTY EARLY CAR DEV</Text>
    </ProgramReference>
    <ProgramReference>
      <Code>9139</Code>
      <Text>INFORMATION INFRASTRUCTURE &amp; TECH APPL</Text>
    </ProgramReference>
    <ProgramReference>
      <Code>9216</Code>
      <Text>ADVANCED SOFTWARE TECH &amp; ALGOR</Text>
    </ProgramReference>
    <ProgramReference>
      <Code>9251</Code>
      <Text>RES EXPER FOR UNDERGRAD-SUPPLT</Text>
    </ProgramReference>
    <ProgramReference>
      <Code>HPCC</Code>
      <Text>HIGH PERFORMANCE COMPUTING &amp; COMM</Text>
    </ProgramReference>
  </Award>
</rootTag>
