<?xml version="1.0" encoding="UTF-8"?>

<rootTag>
  <Award>
    <AwardTitle>Dissertation Research: Phylogeny and Character Evolution in the Genus Sphaerocardamum (Brassicaceae)</AwardTitle>
    <AwardEffectiveDate>07/01/1997</AwardEffectiveDate>
    <AwardExpirationDate>06/30/2000</AwardExpirationDate>
    <AwardAmount>10000</AwardAmount>
    <AwardInstrument>
      <Value>Standard Grant</Value>
    </AwardInstrument>
    <Organization>
      <Code>08010207</Code>
      <Directorate>
        <LongName>Direct For Biological Sciences</LongName>
      </Directorate>
      <Division>
        <LongName>Division Of Environmental Biology</LongName>
      </Division>
    </Organization>
    <ProgramOfficer>
      <SignBlockName>Mary C. McKitrick</SignBlockName>
    </ProgramOfficer>
    <AbstractNarration>9701007 Doyle Graduate student Carl Bailey, under the direction of Professor Jeff Doyle at Cornell University, is studying the mustard-family genus Sphaerocardamum of Mexico, to improve taxonomic classification of the group, construct a phylogeny of the eight or so known species, and explore variation in floral development genes. Additional field collecting in Mexico will augment materials assembled from the field and herbarium. New molecular data from DNA sequencing of both nuclear and chloroplast genes will provide evidence for phylogenetic analyses, and these data can be combined with traditional morphological characters in delimiting species, assessing hybridization in areas of sympatry, and studying the historical biogeography of the group. Gene probes from the Arabidopsis model system, a related plant in the family, will be used to explore variation in genes affecting floral development and other features distinguishing related species. The significance of the project includes contributions to the taxonomy and phylogeny of the Brassicaceae (mustard) family, evaluation of the reliability and stability of key morphological characters in the genus Sphaerocardamum and close relatives, the development of new sources of DNA data for phylogenetic reconstruction, and the exploration of variation in genes affecting flower development, making use of probes from the Arabidopsis model system.</AbstractNarration>
    <MinAmdLetterDate>06/05/1997</MinAmdLetterDate>
    <MaxAmdLetterDate>06/05/1997</MaxAmdLetterDate>
    <ARRAAmount/>
    <AwardID>9701007</AwardID>
    <Investigator>
      <FirstName>Jeffrey</FirstName>
      <LastName>Doyle</LastName>
      <EmailAddress>jjd5@cornell.edu</EmailAddress>
      <StartDate>06/05/1997</StartDate>
      <EndDate/>
      <RoleCode>Principal Investigator</RoleCode>
    </Investigator>
    <Institution>
      <Name>Cornell Univ - State: AWDS MADE PRIOR MAY 2010</Name>
      <CityName>Ithica</CityName>
      <ZipCode>148502488</ZipCode>
      <PhoneNumber>6072555014</PhoneNumber>
      <StreetAddress>373 Pine Tree Road</StreetAddress>
      <CountryName>United States</CountryName>
      <StateName>New York</StateName>
      <StateCode>NY</StateCode>
    </Institution>
  </Award>
</rootTag>
