<?xml version="1.0" encoding="UTF-8"?>

<rootTag>
  <Award>
    <AwardTitle>A Study of Moduli of Riemann Surfaces via the Weil-Petersson Geometry of Teichmuller Spaces</AwardTitle>
    <AwardEffectiveDate>07/01/1997</AwardEffectiveDate>
    <AwardExpirationDate>04/30/2000</AwardExpirationDate>
    <AwardAmount>88583</AwardAmount>
    <AwardInstrument>
      <Value>Standard Grant</Value>
    </AwardInstrument>
    <Organization>
      <Code>03040200</Code>
      <Directorate>
        <LongName>Direct For Mathematical &amp; Physical Scien</LongName>
      </Directorate>
      <Division>
        <LongName>Division Of Mathematical Sciences</LongName>
      </Division>
    </Organization>
    <ProgramOfficer>
      <SignBlockName>Christopher W. Stark</SignBlockName>
    </ProgramOfficer>
    <AbstractNarration>9701303 Tian This project concerns various Riemannian geometric properties of the Teichmuller space, which in turn gives a new way to parametrize the moduli of compact Riemann surfaces. More specifically, the investigator is to use the geometric characteristics of the Teichmuller space to study fibrations of maps into surfaces, and to identify the diffeomorphism group of the circle with the moduli of simply connected complete hyperbolic surfaces. Other applications include minimal embedded surfaces in Euclidean three sphere. Riemann surfaces are an abstraction of curved surfaces; compact Riemann surfaces are pretzel-like surfaces (with any number of holes) where angles are well-defined. These surfaces originally arose in connection with solving polynomial equations in two variables.</AbstractNarration>
    <MinAmdLetterDate>06/20/1997</MinAmdLetterDate>
    <MaxAmdLetterDate>01/24/2000</MaxAmdLetterDate>
    <ARRAAmount/>
    <AwardID>9701303</AwardID>
    <Investigator>
      <FirstName>Gang</FirstName>
      <LastName>Tian</LastName>
      <EmailAddress>tian@math.mit.edu</EmailAddress>
      <StartDate>06/20/1997</StartDate>
      <EndDate>01/24/2000</EndDate>
      <RoleCode>Former Principal Investigator</RoleCode>
    </Investigator>
    <Investigator>
      <FirstName>Sumio</FirstName>
      <LastName>Yamada</LastName>
      <EmailAddress>yamada@math.uab.edu</EmailAddress>
      <StartDate>06/20/1997</StartDate>
      <EndDate/>
      <RoleCode>Principal Investigator</RoleCode>
    </Investigator>
    <Institution>
      <Name>Massachusetts Institute of Technology</Name>
      <CityName>Cambridge</CityName>
      <ZipCode>021394301</ZipCode>
      <PhoneNumber>6172531000</PhoneNumber>
      <StreetAddress>77 MASSACHUSETTS AVE</StreetAddress>
      <CountryName>United States</CountryName>
      <StateName>Massachusetts</StateName>
      <StateCode>MA</StateCode>
    </Institution>
    <FoaInformation>
      <Code>0000099</Code>
      <Name>Other Applications NEC</Name>
    </FoaInformation>
    <ProgramElement>
      <Code>1265</Code>
      <Text>GEOMETRIC ANALYSIS</Text>
    </ProgramElement>
    <ProgramReference>
      <Code>0000</Code>
      <Text>UNASSIGNED</Text>
    </ProgramReference>
    <ProgramReference>
      <Code>OTHR</Code>
      <Text>OTHER RESEARCH OR EDUCATION</Text>
    </ProgramReference>
  </Award>
</rootTag>
