<?xml version="1.0" encoding="UTF-8"?>

<rootTag>
  <Award>
    <AwardTitle>Shipboard Technician Support</AwardTitle>
    <AwardEffectiveDate>04/01/1997</AwardEffectiveDate>
    <AwardExpirationDate>12/31/2000</AwardExpirationDate>
    <AwardAmount>730318</AwardAmount>
    <AwardInstrument>
      <Value>Continuing grant</Value>
    </AwardInstrument>
    <Organization>
      <Code>06040100</Code>
      <Directorate>
        <LongName>Directorate For Geosciences</LongName>
      </Directorate>
      <Division>
        <LongName>Division Of Ocean Sciences</LongName>
      </Division>
    </Organization>
    <ProgramOfficer>
      <SignBlockName>Alexander Shor</SignBlockName>
    </ProgramOfficer>
    <AbstractNarration>9701300 Freitag This award to University of Rhode Island provides shipboard technical support, shore-based support, instrument maintenance and instrument calibration for researchers using R/V Endeavor, a research vessel operated by the Graduate School of Oceanography as part of the University National Oceanographic Laboratory System research fleet. The technical support awarded here will assist NSF-funded ocean researchers conduct a diverse suite of oceanographic studies in the North Atlantic Ocean in 1997. ***</AbstractNarration>
    <MinAmdLetterDate>03/21/1997</MinAmdLetterDate>
    <MaxAmdLetterDate>03/16/1999</MaxAmdLetterDate>
    <ARRAAmount/>
    <AwardID>9701300</AwardID>
    <Investigator>
      <FirstName>John</FirstName>
      <LastName>Freitag</LastName>
      <EmailAddress>jfreitag@gso.uri.edu</EmailAddress>
      <StartDate>03/21/1997</StartDate>
      <EndDate/>
      <RoleCode>Principal Investigator</RoleCode>
    </Investigator>
    <Institution>
      <Name>University of Rhode Island</Name>
      <CityName>KINGSTON</CityName>
      <ZipCode>028811967</ZipCode>
      <PhoneNumber>4018742635</PhoneNumber>
      <StreetAddress>RESEARCH OFFICE</StreetAddress>
      <CountryName>United States</CountryName>
      <StateName>Rhode Island</StateName>
      <StateCode>RI</StateCode>
    </Institution>
    <FoaInformation>
      <Code>0204000</Code>
      <Name>Oceanography</Name>
    </FoaInformation>
  </Award>
</rootTag>
