<?xml version="1.0" encoding="UTF-8"?>

<rootTag>
  <Award>
    <AwardTitle>Dissertation Research: Breeding Systems in Gaertnera (Rubiaceae): A Phylogenetic Approach to the Evolution of Dioecy from Distyly</AwardTitle>
    <AwardEffectiveDate>07/01/1997</AwardEffectiveDate>
    <AwardExpirationDate>06/30/1999</AwardExpirationDate>
    <AwardAmount>10000</AwardAmount>
    <AwardInstrument>
      <Value>Standard Grant</Value>
    </AwardInstrument>
    <Organization>
      <Code>08010207</Code>
      <Directorate>
        <LongName>Direct For Biological Sciences</LongName>
      </Directorate>
      <Division>
        <LongName>Division Of Environmental Biology</LongName>
      </Division>
    </Organization>
    <ProgramOfficer>
      <SignBlockName>Mary C. McKitrick</SignBlockName>
    </ProgramOfficer>
    <AbstractNarration>9701008 Raven Graduate student Simon Malcombep, under the direction of Dr. Peter Raven at the Missouri Botanical Garden, is studying the several species of the Old World tropical shrub Gaertnera (madder family, Rubiaceae) for the evolution of pollination and floral features. Along with several related genera, these plants are considered ancestrally to possess hermaphroditic flowers with two different style lengths (said to be distylous), a condition hypothesized to promote outbreeding. Within the genus, several species have changed to the dioecious condition, with separate male (pollen) and female (ovule or seed) flowers on separate plants, a condition obligately enforcing outbreeding. The relative roles of pollinator effectiveness (the flowers are insect pollinated) and genetic inbreeding depression have been impossible to disentangle, in trying to determine what ecological or genetic factors drive the evolution toward dioecy. A well supported phylogeny for the 48 or so species of Gaertnera is one major goal of this project, to be reached by combining extensive morphological studies with new DNA sequence data generated from all the species. Then, field-based studies of pollination and seed set can be targeted to species pairs or groups where contrasting distylous and dioecious conditions coexist. Field collecting in the Old World tropics and observational work on pollinators and seed set will provide necessary materials for morphological and molecular analyses of the phylogenetic relationships among the species of Gaertnera shrubs, leading to improved classification of these plants and reliable markers for identification. In addition, tests will be made of ecological conditions pertaining to pollinator effectiveness and seed set in various species pairs and groups, to assess factors that promote the evolution of dioecy in plants.</AbstractNarration>
    <MinAmdLetterDate>06/06/1997</MinAmdLetterDate>
    <MaxAmdLetterDate>06/06/1997</MaxAmdLetterDate>
    <ARRAAmount/>
    <AwardID>9701008</AwardID>
    <Investigator>
      <FirstName>Peter</FirstName>
      <LastName>Raven</LastName>
      <EmailAddress>peter.raven@mobot.org</EmailAddress>
      <StartDate>06/06/1997</StartDate>
      <EndDate/>
      <RoleCode>Principal Investigator</RoleCode>
    </Investigator>
    <Institution>
      <Name>Washington University</Name>
      <CityName>Saint Louis</CityName>
      <ZipCode>631304862</ZipCode>
      <PhoneNumber>3147474134</PhoneNumber>
      <StreetAddress>CAMPUS BOX 1054</StreetAddress>
      <CountryName>United States</CountryName>
      <StateName>Missouri</StateName>
      <StateCode>MO</StateCode>
    </Institution>
    <FoaInformation>
      <Code>0000099</Code>
      <Name>Other Applications NEC</Name>
    </FoaInformation>
    <ProgramElement>
      <Code>1171</Code>
      <Text>PHYLOGENETIC SYSTEMATICS</Text>
    </ProgramElement>
    <ProgramReference>
      <Code>9169</Code>
      <Text>BIODIVERSITY AND ECOSYSTEM DYNAMICS</Text>
    </ProgramReference>
    <ProgramReference>
      <Code>9179</Code>
      <Text>GRADUATE INVOLVEMENT</Text>
    </ProgramReference>
    <ProgramReference>
      <Code>EGCH</Code>
      <Text>ENVIRONMENT AND GLOBAL CHANGE</Text>
    </ProgramReference>
  </Award>
</rootTag>
