<?xml version="1.0" encoding="UTF-8"?>

<rootTag>
  <Award>
    <AwardTitle>Spin Coherence and Quantum Transport in Magnetic Nanostructures</AwardTitle>
    <AwardEffectiveDate>08/15/1997</AwardEffectiveDate>
    <AwardExpirationDate>07/31/2000</AwardExpirationDate>
    <AwardAmount>255000</AwardAmount>
    <AwardInstrument>
      <Value>Continuing grant</Value>
    </AwardInstrument>
    <Organization>
      <Code>03070003</Code>
      <Directorate>
        <LongName>Direct For Mathematical &amp; Physical Scien</LongName>
      </Directorate>
      <Division>
        <LongName>Division Of Materials Research</LongName>
      </Division>
    </Organization>
    <ProgramOfficer>
      <SignBlockName>H. Hollis Wickman</SignBlockName>
    </ProgramOfficer>
    <AbstractNarration>9701072 Awschalom This experimental effort is aimed at understanding fundamental aspects of coherent electronic spin dynamics and spin-related transport in artificial quantum structures. Such investigations form the basis for the exploitation of coherent spin transport in future generations of magneto-electronic devices. The experiments focus on model nanostructures fabricated from II-VI magnetic semiconductors (MS), allowing one to systematically tailor spin interactions between confined electronic states and low dimensional distributions of local moments. The project is comprised of highly interactive efforts that combine the concurrent development of sophisticated MS nanostructures (digital magnetic heterostructures, magnetic two-dimensional electron gases (2DEGs), and quantum spin dots) with state-of-the- art spin dynamical probes having high temporal (~100 fs) and spatial (~100 nm) resolution (femtosecond Faraday rotation and time-resolved near-field scanning optical microscopy) and low- temperature magnetotransport. %%% Recent decades have witnessed the development of sophisticated solid state fabrication techniques that enable the construction of artificial atomic architectures ("nanostructures") in which one or more dimensions are at the nanoscale (a billionth the diameter of a human hair). There has also been a concurrent development of optical measurement techniques that allow one to record physical phenomena at unprecedently high speeds (ultrafast spectroscopy) and with very high spatial definition (near field microscopy). In this highly interactive project, we employ a powerful combination of state-of-the-art fabrication and measurement techniques to study the dynamic motion of electrons in new classes of "magnetic nanostructures," wherein magnetic atoms are embedded within an engineered semiconductor. These fundamental investigations lay the groundwork for future generations of magneto-electronic devices that would exploit the quantum mecha nical interactions between electrons and magnetic atoms for high-speed communication devices and ultra-high density memories. ***</AbstractNarration>
    <MinAmdLetterDate>08/15/1997</MinAmdLetterDate>
    <MaxAmdLetterDate>04/26/1999</MaxAmdLetterDate>
    <ARRAAmount/>
    <AwardID>9701072</AwardID>
    <Investigator>
      <FirstName>David</FirstName>
      <LastName>Awschalom</LastName>
      <EmailAddress>awsch@uchicago.edu</EmailAddress>
      <StartDate>08/15/1997</StartDate>
      <EndDate/>
      <RoleCode>Principal Investigator</RoleCode>
    </Investigator>
    <Institution>
      <Name>University of California-Santa Barbara</Name>
      <CityName>Santa Barbara</CityName>
      <ZipCode>931062050</ZipCode>
      <PhoneNumber>8058934188</PhoneNumber>
      <StreetAddress>Office of Research</StreetAddress>
      <CountryName>United States</CountryName>
      <StateName>California</StateName>
      <StateCode>CA</StateCode>
    </Institution>
    <FoaInformation>
      <Code>0106000</Code>
      <Name>Materials Research</Name>
    </FoaInformation>
    <ProgramElement>
      <Code>1710</Code>
      <Text>CONDENSED MATTER PHYSICS</Text>
    </ProgramElement>
    <ProgramReference>
      <Code>9161</Code>
      <Text>SINGLE DIVISION/UNIVERSITY</Text>
    </ProgramReference>
    <ProgramReference>
      <Code>AMPP</Code>
      <Text>ADVANCED MATERIALS &amp; PROCESSING PROGRAM</Text>
    </ProgramReference>
  </Award>
</rootTag>
