<?xml version="1.0" encoding="UTF-8"?>

<rootTag>
  <Award>
    <AwardTitle>Dissertation Research: Molecular Evidence for the Origin ofthe Hawaiian Drosophilidae</AwardTitle>
    <AwardEffectiveDate>08/15/1997</AwardEffectiveDate>
    <AwardExpirationDate>07/31/1999</AwardExpirationDate>
    <AwardAmount>8000</AwardAmount>
    <AwardInstrument>
      <Value>Standard Grant</Value>
    </AwardInstrument>
    <Organization>
      <Code>08010207</Code>
      <Directorate>
        <LongName>Direct For Biological Sciences</LongName>
      </Directorate>
      <Division>
        <LongName>Division Of Environmental Biology</LongName>
      </Division>
    </Organization>
    <ProgramOfficer>
      <SignBlockName>Mary C. McKitrick</SignBlockName>
    </ProgramOfficer>
    <AbstractNarration>9701251 DESALLE Much of what scientists know about the genetics and molecular biology of living organisms has been learned from a single species of insect, the fruit fly Drosophila melanogaster. The genus Drosophila contains thousands of species. Continuing research on the biology of D. melanogaster will benefit from comparisons with other species, especially if the phylogenetic history of these species is known. Understanding the phylogenetic history of this large group of species is a complex task, as no single source of information (e.g. the sequence of a single gene obtained from all species) is powerful enough to answer all questions about the relationships among species. In this research, Rob DeSalle and doctoral candidate James Remson will reconstruct the phylogenetic history for the closest relatives of Drosophila melanogaster using a large amount of information, especially from the DNA sequences of several different genes. The study will concentrate on species that live in the Hawaiian Islands, where a large number of Drosophila species are found. A major question to be answered is whether the Hawaiian Drosophila species arose from one, or more than one, OfounderO species. The use of multiple sets of data should provide a more robust reconstruction of the phylogenetic history of Drosophila than has been available previously.</AbstractNarration>
    <MinAmdLetterDate>08/06/1997</MinAmdLetterDate>
    <MaxAmdLetterDate>08/06/1997</MaxAmdLetterDate>
    <ARRAAmount/>
    <AwardID>9701251</AwardID>
    <Investigator>
      <FirstName>Robert</FirstName>
      <LastName>DeSalle</LastName>
      <EmailAddress>desalle@amnh.org</EmailAddress>
      <StartDate>08/06/1997</StartDate>
      <EndDate/>
      <RoleCode>Principal Investigator</RoleCode>
    </Investigator>
    <Institution>
      <Name>American Museum Natural History</Name>
      <CityName>New York</CityName>
      <ZipCode>100245192</ZipCode>
      <PhoneNumber>2127695975</PhoneNumber>
      <StreetAddress>Central Park West at 79th St</StreetAddress>
      <CountryName>United States</CountryName>
      <StateName>New York</StateName>
      <StateCode>NY</StateCode>
    </Institution>
    <FoaInformation>
      <Code>0000099</Code>
      <Name>Other Applications NEC</Name>
    </FoaInformation>
    <ProgramElement>
      <Code>1171</Code>
      <Text>PHYLOGENETIC SYSTEMATICS</Text>
    </ProgramElement>
    <ProgramReference>
      <Code>9169</Code>
      <Text>BIODIVERSITY AND ECOSYSTEM DYNAMICS</Text>
    </ProgramReference>
    <ProgramReference>
      <Code>9179</Code>
      <Text>GRADUATE INVOLVEMENT</Text>
    </ProgramReference>
    <ProgramReference>
      <Code>EGCH</Code>
      <Text>ENVIRONMENT AND GLOBAL CHANGE</Text>
    </ProgramReference>
  </Award>
</rootTag>
