<?xml version="1.0" encoding="UTF-8"?>

<rootTag>
  <Award>
    <AwardTitle>Dissertation Research: Evolutionary and Ecological Determinants of Incubation Strategies in Three Sympatric Nuthatches</AwardTitle>
    <AwardEffectiveDate>05/15/1997</AwardEffectiveDate>
    <AwardExpirationDate>04/30/1998</AwardExpirationDate>
    <AwardAmount>7670</AwardAmount>
    <AwardInstrument>
      <Value>Standard Grant</Value>
    </AwardInstrument>
    <Organization>
      <Code>08090300</Code>
      <Directorate>
        <LongName>Direct For Biological Sciences</LongName>
      </Directorate>
      <Division>
        <LongName>Division Of Integrative Organismal Sys</LongName>
      </Division>
    </Organization>
    <ProgramOfficer>
      <SignBlockName>Zoe Eppley</SignBlockName>
    </ProgramOfficer>
    <AbstractNarration>Martin 9701116 Evolution of parental care strategies is thought to be determined by fitness costs and benefits associated with providing care. Avian incubation is a form of parental care and energetic constraints are thought to underlie intra- and interspecific variation in incubation strategies. However, these conclusions are based almost exclusively on single species studies which may reflect phenotypic rather than genetic differences. Nest predation is an alternative explanation that has been proposed as a potential selection pressure leading to different incubation strategies, but critical tests are lacking. The PIs propose to experimentally test the energetic constraint and nest predation risk hypotheses in three sympatric species in the genus Sitta. These species provide a model system to test these hypotheses because they differ in opposite directions with respect to energetic constraints and nest predation risk. The energetic constraint hypothesis will be tested by experimentally modifying the nest microclimate using warm and cold air pumped into nests. The nest predation risk hypothesis will be tested through predator presentation experiments. This experimental and comparative field work advances understanding of the factors responsible for intra and interspecific variation in parental care. l J</AbstractNarration>
    <MinAmdLetterDate>05/16/1997</MinAmdLetterDate>
    <MaxAmdLetterDate>05/16/1997</MaxAmdLetterDate>
    <ARRAAmount/>
    <AwardID>9701116</AwardID>
    <Investigator>
      <FirstName>Thomas</FirstName>
      <LastName>Martin</LastName>
      <EmailAddress>tom.martin@umontana.edu</EmailAddress>
      <StartDate>05/16/1997</StartDate>
      <EndDate/>
      <RoleCode>Principal Investigator</RoleCode>
    </Investigator>
    <Institution>
      <Name>University of Montana</Name>
      <CityName>Missoula</CityName>
      <ZipCode>598120001</ZipCode>
      <PhoneNumber>4062436670</PhoneNumber>
      <StreetAddress>32 CAMPUS DRIVE MAIN HALL</StreetAddress>
      <CountryName>United States</CountryName>
      <StateName>Montana</StateName>
      <StateCode>MT</StateCode>
    </Institution>
  </Award>
</rootTag>
