<?xml version="1.0" encoding="UTF-8"?>

<rootTag>
  <Award>
    <AwardTitle>Application-Level Scheduling with AppLeS</AwardTitle>
    <AwardEffectiveDate>07/01/1997</AwardEffectiveDate>
    <AwardExpirationDate>06/30/2001</AwardExpirationDate>
    <AwardAmount>596954</AwardAmount>
    <AwardInstrument>
      <Value>Continuing grant</Value>
    </AwardInstrument>
    <Organization>
      <Code>05090000</Code>
      <Directorate>
        <LongName>Direct For Computer &amp; Info Scie &amp; Enginr</LongName>
      </Directorate>
      <Division>
        <LongName>Office of Advanced Cyberinfrastructure (OAC)</LongName>
      </Division>
    </Organization>
    <ProgramOfficer>
      <SignBlockName>Xiaodong Zhang</SignBlockName>
    </ProgramOfficer>
    <AbstractNarration>Fast networks have made it possible to aggregate distributed CPU, memory, storage, and data to provide the potential for application performance superior to that attainable on any single system. However, achieving performance on these metacomputing systems has proven difficult. Currently, application developers use customized application schedules to achieve performance on a metacomputer. Such schedules are based on a prediction of how the application will execute, given its resource requirements, the performance capabilities of the system resources, and the time-varying contention effects caused by competing applications executing on the metacomputer. This project's goal is to use the application-centric scheduling paradigm that is emerging from the practices of metacomputing applications developers as the basis for scheduling software which promotes application performance on metacomputing systems. To do this, the PIs will design and implement application-centric scheduling agents - called AppLeS (Application Level Scheduler) agents - for individual metacomputing applications. AppLeS agents will schedule the components of an individual parallel application on a non-dedicated system according to the dynamically changing performance each resource can deliver.</AbstractNarration>
    <MinAmdLetterDate>04/23/1997</MinAmdLetterDate>
    <MaxAmdLetterDate>12/17/1999</MaxAmdLetterDate>
    <ARRAAmount/>
    <AwardID>9701333</AwardID>
    <Investigator>
      <FirstName>Richard</FirstName>
      <LastName>Wolski</LastName>
      <EmailAddress>rich@cs.ucsb.edu</EmailAddress>
      <StartDate>04/23/1997</StartDate>
      <EndDate/>
      <RoleCode>Co-Principal Investigator</RoleCode>
    </Investigator>
    <Investigator>
      <FirstName>Francine</FirstName>
      <LastName>Berman</LastName>
      <EmailAddress>berman@sdsc.edu</EmailAddress>
      <StartDate>04/23/1997</StartDate>
      <EndDate/>
      <RoleCode>Principal Investigator</RoleCode>
    </Investigator>
    <Institution>
      <Name>University of California-San Diego</Name>
      <CityName>La Jolla</CityName>
      <ZipCode>920930934</ZipCode>
      <PhoneNumber>8585344896</PhoneNumber>
      <StreetAddress>Office of Contract &amp; Grant Admin</StreetAddress>
      <CountryName>United States</CountryName>
      <StateName>California</StateName>
      <StateCode>CA</StateCode>
    </Institution>
    <FoaInformation>
      <Code>0000099</Code>
      <Name>Other Applications NEC</Name>
    </FoaInformation>
    <ProgramElement>
      <Code>4080</Code>
      <Text>ADVANCED COMP RESEARCH PROGRAM</Text>
    </ProgramElement>
    <ProgramReference>
      <Code>9216</Code>
      <Text>ADVANCED SOFTWARE TECH &amp; ALGOR</Text>
    </ProgramReference>
    <ProgramReference>
      <Code>HPCC</Code>
      <Text>HIGH PERFORMANCE COMPUTING &amp; COMM</Text>
    </ProgramReference>
  </Award>
</rootTag>
