<?xml version="1.0" encoding="UTF-8"?>

<rootTag>
  <Award>
    <AwardTitle>Dissertation Research: Evolution of Wasp Mimicry in Tiger Moths</AwardTitle>
    <AwardEffectiveDate>07/01/1997</AwardEffectiveDate>
    <AwardExpirationDate>06/30/2000</AwardExpirationDate>
    <AwardAmount>9601</AwardAmount>
    <AwardInstrument>
      <Value>Standard Grant</Value>
    </AwardInstrument>
    <Organization>
      <Code>08010207</Code>
      <Directorate>
        <LongName>Direct For Biological Sciences</LongName>
      </Directorate>
      <Division>
        <LongName>Division Of Environmental Biology</LongName>
      </Division>
    </Organization>
    <ProgramOfficer>
      <SignBlockName>Mary C. McKitrick</SignBlockName>
    </ProgramOfficer>
    <AbstractNarration>9701001 WELLER Tiger moths are known for their brightly colored adults and woolly bear larvae. These moths also have fascinating life history traits such as complex associations with toxic hostplants, extreme mimicry of wasps and other insects, and elaborate courtship sequences involving both scent and sound. An understanding of the phylogenetic history of tiger moths is critical if scientists are to understand when, how and why these traits appeared. For many groups of moths, however, phylogenetic histories are not, or are poorly, understood. In this research, Susan Weller and doctoral candidate Rebecca Simmons will investigate the phylogenetic history of wasp mimicry and male scent structures in a group of tiger moths called the Myrmecopsis group (Euchromiinae). The phylogeny of the group will be reconstructed from internal morphological characters not associated with mimicry and courtship. Data will be gathered by examining specimens borrowed from museums with major holdings. Once the phylogeny of this group is determined, the history of mimicry and courtship structures will be traced on this framework. This study should yield information leading to an understanding of how, when and why complex behaviors appeared in various groups of animals.</AbstractNarration>
    <MinAmdLetterDate>06/06/1997</MinAmdLetterDate>
    <MaxAmdLetterDate>06/06/1997</MaxAmdLetterDate>
    <ARRAAmount/>
    <AwardID>9701001</AwardID>
    <Investigator>
      <FirstName>Susan</FirstName>
      <LastName>Weller</LastName>
      <EmailAddress>sweller2@unl.edu</EmailAddress>
      <StartDate>06/06/1997</StartDate>
      <EndDate/>
      <RoleCode>Principal Investigator</RoleCode>
    </Investigator>
    <Institution>
      <Name>University of Minnesota-Twin Cities</Name>
      <CityName>Minneapolis</CityName>
      <ZipCode>554552070</ZipCode>
      <PhoneNumber>6126245599</PhoneNumber>
      <StreetAddress>200 OAK ST SE</StreetAddress>
      <CountryName>United States</CountryName>
      <StateName>Minnesota</StateName>
      <StateCode>MN</StateCode>
    </Institution>
    <FoaInformation>
      <Code>0000099</Code>
      <Name>Other Applications NEC</Name>
    </FoaInformation>
    <ProgramElement>
      <Code>1171</Code>
      <Text>PHYLOGENETIC SYSTEMATICS</Text>
    </ProgramElement>
    <ProgramReference>
      <Code>9169</Code>
      <Text>BIODIVERSITY AND ECOSYSTEM DYNAMICS</Text>
    </ProgramReference>
    <ProgramReference>
      <Code>9179</Code>
      <Text>GRADUATE INVOLVEMENT</Text>
    </ProgramReference>
    <ProgramReference>
      <Code>EGCH</Code>
      <Text>ENVIRONMENT AND GLOBAL CHANGE</Text>
    </ProgramReference>
  </Award>
</rootTag>
