<?xml version="1.0" encoding="UTF-8"?>

<rootTag>
  <Award>
    <AwardTitle>Doctoral Dissertation Research: Work/Family Policies in American Organizations</AwardTitle>
    <AwardEffectiveDate>03/15/1997</AwardEffectiveDate>
    <AwardExpirationDate>08/31/1998</AwardExpirationDate>
    <AwardAmount>7500</AwardAmount>
    <AwardInstrument>
      <Value>Standard Grant</Value>
    </AwardInstrument>
    <Organization>
      <Code>04050200</Code>
      <Directorate>
        <LongName>Direct For Social, Behav &amp; Economic Scie</LongName>
      </Directorate>
      <Division>
        <LongName>Divn Of Social and Economic Sciences</LongName>
      </Division>
    </Organization>
    <ProgramOfficer>
      <SignBlockName>Patricia White</SignBlockName>
    </ProgramOfficer>
    <AbstractNarration>Dobbin 9701512 This Doctoral Dissertation research examines the diffusion of work and family policies in U.S. organizations between 1960 and 1996. It focuses on three questions: (1) Which employers provide work/family benefits?, (2) Why do organizations adopt work/family policies? and (3) What are the implications of work/family policies for redefining gender relations and restructuring work life? This project investigates work/family policies related to maternity leave, parental and family leaves, childcare and elder care programs and flexibility about the timing and location of work. Historical data will be collected by surveying a stratified random sample of profit, non-profit, and public sector organizations to get information on their personnel practices. Additional data on why organizations adopt work/family policies will be collected from personnel management literature and organizational documents (e.g., personnel manuals, press releases, work/family brochures) to determine how work/family policies affect organizations' social construction of gender and their understanding of the boundaries between work and family. **** ??</AbstractNarration>
    <MinAmdLetterDate>03/12/1997</MinAmdLetterDate>
    <MaxAmdLetterDate>03/12/1997</MaxAmdLetterDate>
    <ARRAAmount/>
    <AwardID>9701512</AwardID>
    <Investigator>
      <FirstName>Frank</FirstName>
      <LastName>Dobbin</LastName>
      <EmailAddress>frank_dobbin@harvard.edu</EmailAddress>
      <StartDate>03/12/1997</StartDate>
      <EndDate/>
      <RoleCode>Principal Investigator</RoleCode>
    </Investigator>
    <Institution>
      <Name>Princeton University</Name>
      <CityName>Princeton</CityName>
      <ZipCode>085442020</ZipCode>
      <PhoneNumber>6092583090</PhoneNumber>
      <StreetAddress>Off. of Research &amp; Proj. Admin.</StreetAddress>
      <CountryName>United States</CountryName>
      <StateName>New Jersey</StateName>
      <StateCode>NJ</StateCode>
    </Institution>
    <FoaInformation>
      <Code>0000099</Code>
      <Name>Other Applications NEC</Name>
    </FoaInformation>
  </Award>
</rootTag>
