<?xml version="1.0" encoding="UTF-8"?>

<rootTag>
  <Award>
    <AwardTitle>CAREER: Hydrologic Regulation of Wetland Biogeochemistry and Ecology and the Impacts of Climate Change</AwardTitle>
    <AwardEffectiveDate>08/15/1997</AwardEffectiveDate>
    <AwardExpirationDate>07/31/2003</AwardExpirationDate>
    <AwardAmount>444107</AwardAmount>
    <AwardInstrument>
      <Value>Continuing grant</Value>
    </AwardInstrument>
    <Organization>
      <Code>08010208</Code>
      <Directorate>
        <LongName>Direct For Biological Sciences</LongName>
      </Directorate>
      <Division>
        <LongName>Division Of Environmental Biology</LongName>
      </Division>
    </Organization>
    <ProgramOfficer>
      <SignBlockName>Robert Kelman Wieder</SignBlockName>
    </ProgramOfficer>
    <AbstractNarration>ABSTRACT PROPOSAL # : DEB-9701714 INVESTIGATOR(S) : HAMILTON INSTITUTION: MICHIGAN STATE UNIVERSITY The aims of this research are to investigate linkages between hydrology, biogeochemistry, and ecology of wetlands in glacial landscapes, with the long-term aim of developing a predictive understanding of the relative sensitivity of different wetlands to climate change. The research plan involves monitoring of a large number of different wetlands in relation to annual variation in climate, and as part of the NSF CAREER program it includes significant student participation through class projects and independent research. The wetlands to be studied are all in central Michigan. The general hypothesis is that the variability among wetlands can be explained by variability in a small number of key hydrologic processes including groundwater inputs, hydraulic residence time, and seasonal pattern of flooding and desiccation. These same variables will also control responses to climate change.</AbstractNarration>
    <MinAmdLetterDate>08/28/1997</MinAmdLetterDate>
    <MaxAmdLetterDate>05/11/2001</MaxAmdLetterDate>
    <ARRAAmount/>
    <AwardID>9701714</AwardID>
    <Investigator>
      <FirstName>Stephen</FirstName>
      <LastName>Hamilton</LastName>
      <EmailAddress>hamilton@kbs.msu.edu</EmailAddress>
      <StartDate>08/28/1997</StartDate>
      <EndDate/>
      <RoleCode>Principal Investigator</RoleCode>
    </Investigator>
    <Institution>
      <Name>Michigan State University</Name>
      <CityName>East Lansing</CityName>
      <ZipCode>488242600</ZipCode>
      <PhoneNumber>5173555040</PhoneNumber>
      <StreetAddress>Office of Sponsored Programs</StreetAddress>
      <CountryName>United States</CountryName>
      <StateName>Michigan</StateName>
      <StateCode>MI</StateCode>
    </Institution>
    <FoaInformation>
      <Code>0510602</Code>
      <Name>Ecosystem Dynamics</Name>
    </FoaInformation>
    <ProgramElement>
      <Code>1181</Code>
      <Text>ECOSYSTEM STUDIES</Text>
    </ProgramElement>
    <ProgramReference>
      <Code>1045</Code>
      <Text>CAREER: FACULTY EARLY CAR DEV</Text>
    </ProgramReference>
    <ProgramReference>
      <Code>1187</Code>
      <Text>PECASE- eligible</Text>
    </ProgramReference>
    <ProgramReference>
      <Code>9169</Code>
      <Text>BIODIVERSITY AND ECOSYSTEM DYNAMICS</Text>
    </ProgramReference>
    <ProgramReference>
      <Code>EGCH</Code>
      <Text>ENVIRONMENT AND GLOBAL CHANGE</Text>
    </ProgramReference>
  </Award>
</rootTag>
