<?xml version="1.0" encoding="UTF-8"?>

<rootTag>
  <Award>
    <AwardTitle>Dissertation Research: Evolution of Host Choice and Specialization in North American Diadasia (Hymenoptera; Apoidea)</AwardTitle>
    <AwardEffectiveDate>07/01/1997</AwardEffectiveDate>
    <AwardExpirationDate>06/30/1999</AwardExpirationDate>
    <AwardAmount>10000</AwardAmount>
    <AwardInstrument>
      <Value>Standard Grant</Value>
    </AwardInstrument>
    <Organization>
      <Code>08010207</Code>
      <Directorate>
        <LongName>Direct For Biological Sciences</LongName>
      </Directorate>
      <Division>
        <LongName>Division Of Environmental Biology</LongName>
      </Division>
    </Organization>
    <ProgramOfficer>
      <SignBlockName>James E. Rodman</SignBlockName>
    </ProgramOfficer>
    <AbstractNarration>9701190 WOLF Bees vary in their choice of pollen plants. Generalists are bees that collect pollen from many plant species, while specialists collect pollen from only a few related plants. Biologists do not fully understand why some bees are generalists, whereas others specialize. Bee pollen choice is important for several reasons. First, many native plants depend on pollination by particular bees for seed set. Additionally, some native bees are used as crop pollinators, and many others hold such potential. In this research, Paul Wolf and doctoral candidate Sedonia Sipes will study pollen choice in Diadasia, a genus of specialist bees whose members specialize on different plant families. Many species visit only plants in the mallow family; others specialize on cacti or sunflowers. It is unknown when, or how often, these changes in host specialization have occurred during the history of this bee genus. The researchers will use DNA analysis to determine how Diadasia species are related, to infer the frequency and order of host-switching. They will also quantify the degree to which Diadasia are restricted to their preferred hosts. Finally, the researchers will examine morphological characteristics that may be adaptive to specialized pollen collection. The work should add to the understanding of specialization in bees, and provide some of the basic information needed to evaluate the potential of these bees for crop pollination.</AbstractNarration>
    <MinAmdLetterDate>06/06/1997</MinAmdLetterDate>
    <MaxAmdLetterDate>06/06/1997</MaxAmdLetterDate>
    <ARRAAmount/>
    <AwardID>9701190</AwardID>
    <Investigator>
      <FirstName>Paul</FirstName>
      <LastName>Wolf</LastName>
      <EmailAddress>paul.wolf@usu.edu</EmailAddress>
      <StartDate>06/06/1997</StartDate>
      <EndDate/>
      <RoleCode>Principal Investigator</RoleCode>
    </Investigator>
    <Institution>
      <Name>Utah State University</Name>
      <CityName>Logan</CityName>
      <ZipCode>843221415</ZipCode>
      <PhoneNumber>4357971226</PhoneNumber>
      <StreetAddress>Sponsored Programs Office</StreetAddress>
      <CountryName>United States</CountryName>
      <StateName>Utah</StateName>
      <StateCode>UT</StateCode>
    </Institution>
    <FoaInformation>
      <Code>0000099</Code>
      <Name>Other Applications NEC</Name>
    </FoaInformation>
    <ProgramElement>
      <Code>1171</Code>
      <Text>PHYLOGENETIC SYSTEMATICS</Text>
    </ProgramElement>
    <ProgramReference>
      <Code>9169</Code>
      <Text>BIODIVERSITY AND ECOSYSTEM DYNAMICS</Text>
    </ProgramReference>
    <ProgramReference>
      <Code>9179</Code>
      <Text>GRADUATE INVOLVEMENT</Text>
    </ProgramReference>
    <ProgramReference>
      <Code>EGCH</Code>
      <Text>ENVIRONMENT AND GLOBAL CHANGE</Text>
    </ProgramReference>
  </Award>
</rootTag>
