<?xml version="1.0" encoding="UTF-8"?>

<rootTag>
  <Award>
    <AwardTitle>Dissertation Research: Control of Insect Populations by Generalist Predators: Impact of Intraguild Predation</AwardTitle>
    <AwardEffectiveDate>05/01/1997</AwardEffectiveDate>
    <AwardExpirationDate>04/30/1999</AwardExpirationDate>
    <AwardAmount>7260</AwardAmount>
    <AwardInstrument>
      <Value>Standard Grant</Value>
    </AwardInstrument>
    <Organization>
      <Code>08010208</Code>
      <Directorate>
        <LongName>Direct For Biological Sciences</LongName>
      </Directorate>
      <Division>
        <LongName>Division Of Environmental Biology</LongName>
      </Division>
    </Organization>
    <ProgramOfficer>
      <SignBlockName>Margaret Palmer</SignBlockName>
    </ProgramOfficer>
    <AbstractNarration>9701180 Wise The proposed research will investigate the dynamics of predation by generalist ground predators - wolf spiders (Lycosidae) and ground beetles (Carabidae) - on insect pests of vegetables. Carabids and lycosids, which consume a wide spectrum of herbivore species, also prey on each other - behavior defined as intraguild predation (IGP). Four specific questions will be addressed: (1) Does predation by lycosids and carabids suppress densities of herbivorous insects? (2) Do lycosids and carabids negatively impact populations of other predators? (3) Does IGP limit carabid and lycosid populations? (4) Does the size structure of the ground-predator guild influence its impact on herbivore populations? Manipulative field experiments will address the above questions by controlling immigration of lycosids and carabids into fenced vegetable gardens, and observing effects on pest densities, densities of other predators, and plant productivity. The field experiments will be complemented with laboratory feeding trials. The research will elucidate the extent to which IGP limits the impact of generalist predators on herbivore densities. Since the study will be conducted in an agricultural system, results will improve understanding of the limitations and strengths of indigenous generalist predators as biological control agents, which will contribute to their more effective use in integrated pest management.</AbstractNarration>
    <MinAmdLetterDate>05/20/1997</MinAmdLetterDate>
    <MaxAmdLetterDate>05/20/1997</MaxAmdLetterDate>
    <ARRAAmount/>
    <AwardID>9701180</AwardID>
    <Investigator>
      <FirstName>David</FirstName>
      <LastName>Wise</LastName>
      <EmailAddress>dhwise@uic.edu</EmailAddress>
      <StartDate>05/20/1997</StartDate>
      <EndDate/>
      <RoleCode>Principal Investigator</RoleCode>
    </Investigator>
    <Institution>
      <Name>University of Kentucky Research Foundation</Name>
      <CityName>Lexington</CityName>
      <ZipCode>405260001</ZipCode>
      <PhoneNumber>8592579420</PhoneNumber>
      <StreetAddress>109 Kinkead Hall</StreetAddress>
      <CountryName>United States</CountryName>
      <StateName>Kentucky</StateName>
      <StateCode>KY</StateCode>
    </Institution>
  </Award>
</rootTag>
