<?xml version="1.0" encoding="UTF-8"?>

<rootTag>
  <Award>
    <AwardTitle>Dissertation Research: Phylogenetic Origins of Diapause in Marine Harpacticoid Copepods</AwardTitle>
    <AwardEffectiveDate>07/01/1997</AwardEffectiveDate>
    <AwardExpirationDate>06/30/2000</AwardExpirationDate>
    <AwardAmount>9970</AwardAmount>
    <AwardInstrument>
      <Value>Standard Grant</Value>
    </AwardInstrument>
    <Organization>
      <Code>08010207</Code>
      <Directorate>
        <LongName>Direct For Biological Sciences</LongName>
      </Directorate>
      <Division>
        <LongName>Division Of Environmental Biology</LongName>
      </Division>
    </Organization>
    <ProgramOfficer>
      <SignBlockName>Mary C. McKitrick</SignBlockName>
    </ProgramOfficer>
    <AbstractNarration>9701524 COULL The ability to survive in a state of suspended animation is commonly called dormancy or diapause. The spores of fungi and bacteria, the seeds of higher plants, the larvae of certain insects, and the cysts of some crustaceans, notably the brine shrimp (Artemia), are among the better known examples of diapausing stages in organisms. Among crustaceans (crabs, lobsters, shrimp, and their kin) those inhabiting inland bodies of water, especially those that occasionally freeze or dry, are more likely to possess a diapausing stage than are species living in the ocean. Diapause occurs, as expected, in many species of miniature freshwater crustacea called harpacticoid copepods, but it also occurs, unexpectedly, in at least two marine species. Since the marine environment is not likely to freeze or dry, the benefits of diapause are unclear. Three possible explanations account for the presence of diapause in marine species: (1) diapause arose in marine harpacticoid copepods and was retained in their freshwater descendants; (2) diapause arose in freshwater harpacticoid copepods, and was retained in their marine descendants; (3) diapause arose independently in freshwater and marine lineages of harpacticoid copepods. In this research, Bruce Coull and doctoral candidate Regina Wetzer will use molecular and anatomical data to establish the phylogenetic relationships of marine and freshwater copepods belonging to families known to contain diapausing species. These "family trees" and comparative methods will allow Coull and Wetzer to ascertain the evolutionary history of diapause in closely related families of harpacticoid copepods, and, in particular, to find out which hypothesis best explains how diapause arose in marine qpecies. The work may help provide a more general explanation of how diapause can arise in environments that are OstableO, lacking fluctuations such as Ocold-hotO or Owet-dryO seasons.</AbstractNarration>
    <MinAmdLetterDate>06/10/1997</MinAmdLetterDate>
    <MaxAmdLetterDate>06/10/1997</MaxAmdLetterDate>
    <ARRAAmount/>
    <AwardID>9701524</AwardID>
    <Investigator>
      <FirstName>Bruce</FirstName>
      <LastName>Coull</LastName>
      <EmailAddress>bccoull@sc.edu</EmailAddress>
      <StartDate>06/10/1997</StartDate>
      <EndDate/>
      <RoleCode>Principal Investigator</RoleCode>
    </Investigator>
    <Institution>
      <Name>University of South Carolina at Columbia</Name>
      <CityName>COLUMBIA</CityName>
      <ZipCode>292080001</ZipCode>
      <PhoneNumber>8037777093</PhoneNumber>
      <StreetAddress>Sponsored Awards Management</StreetAddress>
      <CountryName>United States</CountryName>
      <StateName>South Carolina</StateName>
      <StateCode>SC</StateCode>
    </Institution>
    <FoaInformation>
      <Code>0000099</Code>
      <Name>Other Applications NEC</Name>
    </FoaInformation>
  </Award>
</rootTag>
