<?xml version="1.0" encoding="UTF-8"?>

<rootTag>
  <Award>
    <AwardTitle>CAREER: Performance Analysis and Tradeoff for System-Level Design Exploration of Real-Time Embedded Systems</AwardTitle>
    <AwardEffectiveDate>05/01/1997</AwardEffectiveDate>
    <AwardExpirationDate>04/30/2004</AwardExpirationDate>
    <AwardAmount>225000</AwardAmount>
    <AwardInstrument>
      <Value>Continuing grant</Value>
    </AwardInstrument>
    <Organization>
      <Code>05010000</Code>
      <Directorate>
        <LongName>Direct For Computer &amp; Info Scie &amp; Enginr</LongName>
      </Directorate>
      <Division>
        <LongName>Division of Computing and Communication Foundations</LongName>
      </Division>
    </Organization>
    <ProgramOfficer>
      <SignBlockName>Sankar Basu</SignBlockName>
    </ProgramOfficer>
    <AbstractNarration>This research is on developing methodologies and tools for designing real-time embedded systems with the goal of providing a tool environment to help designers explore a vast design space and locate superior system architectural configurations. The approach is to work at the system level or processor level of abstraction and to formulate the problem as a multi-attribute optimization one which captures various quality requirements in system design. Specific topics being addressed are: 1. Evaluating timing performance through studying the flexibility of a system configuration with respect to timing specifications, and formulating metrics for estimating the flexibility of systems. 2. Developing an interface tool for assisting system developers to specify value functions and preferences. 3. Combining the imprecisely specified multi-attribute utility theory with evolutionary algorithms to find optimal solutions for multiple objective optimization problems.</AbstractNarration>
    <MinAmdLetterDate>04/28/1997</MinAmdLetterDate>
    <MaxAmdLetterDate>06/25/2003</MaxAmdLetterDate>
    <ARRAAmount/>
    <AwardID>9701416</AwardID>
    <Investigator>
      <FirstName>Xiaobo</FirstName>
      <LastName>Hu</LastName>
      <EmailAddress>shu@cse.nd.edu</EmailAddress>
      <StartDate>04/28/1997</StartDate>
      <EndDate/>
      <RoleCode>Principal Investigator</RoleCode>
    </Investigator>
    <Institution>
      <Name>University of Notre Dame</Name>
      <CityName>NOTRE DAME</CityName>
      <ZipCode>465565708</ZipCode>
      <PhoneNumber>5746317432</PhoneNumber>
      <StreetAddress>940 Grace Hall</StreetAddress>
      <CountryName>United States</CountryName>
      <StateName>Indiana</StateName>
      <StateCode>IN</StateCode>
    </Institution>
    <FoaInformation>
      <Code>0206000</Code>
      <Name>Telecommunications</Name>
    </FoaInformation>
    <FoaInformation>
      <Code>0510403</Code>
      <Name>Engineering &amp; Computer Science</Name>
    </FoaInformation>
    <ProgramElement>
      <Code>4710</Code>
      <Text>DES AUTO FOR MICRO &amp; NANO SYS</Text>
    </ProgramElement>
    <ProgramElement>
      <Code>2890</Code>
      <Text>CISE RESEARCH RESOURCES</Text>
    </ProgramElement>
    <ProgramReference>
      <Code>9215</Code>
      <Text>HIGH PERFORMANCE COMPUTING SYSTEMS</Text>
    </ProgramReference>
    <ProgramReference>
      <Code>9251</Code>
      <Text>RES EXPER FOR UNDERGRAD-SUPPLT</Text>
    </ProgramReference>
    <ProgramReference>
      <Code>HPCC</Code>
      <Text>HIGH PERFORMANCE COMPUTING &amp; COMM</Text>
    </ProgramReference>
    <ProgramReference>
      <Code>1045</Code>
      <Text>CAREER: FACULTY EARLY CAR DEV</Text>
    </ProgramReference>
    <ProgramReference>
      <Code>1187</Code>
      <Text>PECASE- eligible</Text>
    </ProgramReference>
    <ProgramReference>
      <Code>2891</Code>
      <Text>WORKSTATION MATCHING AWARDS</Text>
    </ProgramReference>
    <ProgramReference>
      <Code>9218</Code>
      <Text>BASIC RESEARCH &amp; HUMAN RESORCS</Text>
    </ProgramReference>
  </Award>
</rootTag>
