<?xml version="1.0" encoding="UTF-8"?>

<rootTag>
  <Award>
    <AwardTitle>CAREER: Novel High Magnetoresistance Oxide Thin Film Materials</AwardTitle>
    <AwardEffectiveDate>09/01/1997</AwardEffectiveDate>
    <AwardExpirationDate>08/31/2002</AwardExpirationDate>
    <AwardAmount>318495</AwardAmount>
    <AwardInstrument>
      <Value>Continuing grant</Value>
    </AwardInstrument>
    <Organization>
      <Code>03070004</Code>
      <Directorate>
        <LongName>Direct For Mathematical &amp; Physical Scien</LongName>
      </Directorate>
      <Division>
        <LongName>Division Of Materials Research</LongName>
      </Division>
    </Organization>
    <ProgramOfficer>
      <SignBlockName>LaVerne D. Hess</SignBlockName>
    </ProgramOfficer>
    <AbstractNarration>9701581 Suzuki This CAREER project addresses the role of structural distortions in magnetic properties of ferromagnetic perovskite materials. A major objective is to correlate structural distortions with magnetic properties to shed light on the origin of anomalously large magnetoresistance effects. Effects of lattice strain of cubic perovskite ferromagnets in thin films grown on prudently oriented substrates, in particular piezoelectrics, will be studied. In thin film samples on piezoelectric substrates, strain can be applied to the sample externally by applying a voltage to the substrate. These studies aim to elucidate the effect of structural distortion on the magnetic properties, including magnetoresistive response and Curie temperature, and thus identify appropriate theoretical interpretations. Conversely the effect of varying the strength of the magnetic interactions on the structural and magnetic properties will be studied in related layered ferromagnetic perovskites that have only recently been isolated in bulk and in heterostructures of ferromagnetic and paramagnetic cubic perovskites. This series of thin film samples is expected to uniquely allow systematic tuning of structural and magnetic properties. An education program in which the magnetics research is integrated into undergraduate and graduate experiences will be developed. This includes a course on magnetics for advanced undergraduates and graduate students, and advanced magnetics lab course and undergraduate internships in the PI's lab. The aim is to provide a firm foundation in materials science, condensed matter physics and solid state chemistry, and especially to develop students' experimental and analytical skills. %%% The project addresses forefront research issues in a topical area of materials science having high technological relevance. The research will contribute basic materials science knowledge at a fundamental level to important aspects of magnetic materials and devices, in general. Additionally, the fundamenta l knowledge and understanding gained from the research is expected to contribute to improving the performance of advanced devices and circuits by providing a fundamental understanding and a basis for designing and producing improved materials, and materials combinations. An important feature of the program is the emphasis on education, and on the integration of research and education through the training of students in a fundamentally and technologically significant research area. ***</AbstractNarration>
    <MinAmdLetterDate>05/16/1997</MinAmdLetterDate>
    <MaxAmdLetterDate>06/07/2000</MaxAmdLetterDate>
    <ARRAAmount/>
    <AwardID>9701581</AwardID>
    <Investigator>
      <FirstName>Yuri</FirstName>
      <LastName>Suzuki</LastName>
      <EmailAddress>yurisuzuki@stanford.edu</EmailAddress>
      <StartDate>05/16/1997</StartDate>
      <EndDate/>
      <RoleCode>Principal Investigator</RoleCode>
    </Investigator>
    <Institution>
      <Name>Cornell University</Name>
      <CityName>Ithaca</CityName>
      <ZipCode>148502820</ZipCode>
      <PhoneNumber>6072555014</PhoneNumber>
      <StreetAddress>373 Pine Tree Road</StreetAddress>
      <CountryName>United States</CountryName>
      <StateName>New York</StateName>
      <StateCode>NY</StateCode>
    </Institution>
    <FoaInformation>
      <Code>0106000</Code>
      <Name>Materials Research</Name>
    </FoaInformation>
    <ProgramElement>
      <Code>1715</Code>
      <Text>METALS, CERAMICS, &amp; ELEC MATRS</Text>
    </ProgramElement>
    <ProgramElement>
      <Code>1775</Code>
      <Text>ELECTRONIC/PHOTONIC MATERIALS</Text>
    </ProgramElement>
    <ProgramReference>
      <Code>1045</Code>
      <Text>CAREER: FACULTY EARLY CAR DEV</Text>
    </ProgramReference>
    <ProgramReference>
      <Code>1187</Code>
      <Text>PECASE- eligible</Text>
    </ProgramReference>
    <ProgramReference>
      <Code>1775</Code>
      <Text>ELECTRONIC/PHOTONIC MATERIALS</Text>
    </ProgramReference>
    <ProgramReference>
      <Code>9161</Code>
      <Text>SINGLE DIVISION/UNIVERSITY</Text>
    </ProgramReference>
    <ProgramReference>
      <Code>AMPP</Code>
      <Text>ADVANCED MATERIALS &amp; PROCESSING PROGRAM</Text>
    </ProgramReference>
  </Award>
</rootTag>
