<?xml version="1.0" encoding="UTF-8"?>

<rootTag>
  <Award>
    <AwardTitle>CAREER: Large-Scope Atomistic Simulations of Multiscale Material Phenomena: A Multidisciplinary Computational Approach</AwardTitle>
    <AwardEffectiveDate>04/15/1997</AwardEffectiveDate>
    <AwardExpirationDate>03/31/2002</AwardExpirationDate>
    <AwardAmount>239306</AwardAmount>
    <AwardInstrument>
      <Value>Continuing grant</Value>
    </AwardInstrument>
    <Organization>
      <Code>05090000</Code>
      <Directorate>
        <LongName>Direct For Computer &amp; Info Scie &amp; Enginr</LongName>
      </Directorate>
      <Division>
        <LongName>Div Of Advanced Cyberinfrastructure</LongName>
      </Division>
    </Organization>
    <ProgramOfficer>
      <SignBlockName>Xiaodong Zhang</SignBlockName>
    </ProgramOfficer>
    <AbstractNarration>This CAREER project in high performance computing and communications (HPCC) will develop an integrated research and education framework for predictive simulations of complex, real-life phenomena. The objective of this research project is to extend molecular dynamics (MD) simulations to larger system sizes, longer simulated times, and greater realism, through the use of new multilevel algorithms and novel models encompassing multiple levels of physical abstraction: i) space-time multiresolution schemes; ii) hierarchical dynamics via a rigid-body/implicit-integration/normal-mode approach; iii) adaptive curvilinear-coordinate load balancing; iv) variable valence MD based on electronegativity equalization; and v) multilevel preconditioned conjugate gradient method. Multimillion-atom MD simulations will be performed for multiscale phenomena in nanophase ceramics and metal-oxide nancomposites. The proposed research will impact advanced material technologies based on "multiscale structure control."</AbstractNarration>
    <MinAmdLetterDate>04/03/1997</MinAmdLetterDate>
    <MaxAmdLetterDate>02/24/2000</MaxAmdLetterDate>
    <ARRAAmount/>
    <AwardID>9701504</AwardID>
    <Investigator>
      <FirstName>Aiichiro</FirstName>
      <LastName>Nakano</LastName>
      <EmailAddress>anakano@usc.edu</EmailAddress>
      <StartDate>04/03/1997</StartDate>
      <EndDate/>
      <RoleCode>Principal Investigator</RoleCode>
    </Investigator>
    <Institution>
      <Name>Louisiana State University &amp; Agricultural and Mechanical College</Name>
      <CityName>Baton Rouge</CityName>
      <ZipCode>708032701</ZipCode>
      <PhoneNumber>2255782760</PhoneNumber>
      <StreetAddress>202 Himes Hall</StreetAddress>
      <CountryName>United States</CountryName>
      <StateName>Louisiana</StateName>
      <StateCode>LA</StateCode>
    </Institution>
    <FoaInformation>
      <Code>0000099</Code>
      <Name>Other Applications NEC</Name>
    </FoaInformation>
    <ProgramElement>
      <Code>4080</Code>
      <Text>ADVANCED COMP RESEARCH PROGRAM</Text>
    </ProgramElement>
    <ProgramElement>
      <Code>9150</Code>
      <Text>EXP PROG TO STIM COMP RES</Text>
    </ProgramElement>
    <ProgramReference>
      <Code>1045</Code>
      <Text>CAREER: FACULTY EARLY CAR DEV</Text>
    </ProgramReference>
    <ProgramReference>
      <Code>9150</Code>
      <Text>EXP PROG TO STIM COMP RES</Text>
    </ProgramReference>
    <ProgramReference>
      <Code>9216</Code>
      <Text>ADVANCED SOFTWARE TECH &amp; ALGOR</Text>
    </ProgramReference>
    <ProgramReference>
      <Code>HPCC</Code>
      <Text>HIGH PERFORMANCE COMPUTING &amp; COMM</Text>
    </ProgramReference>
  </Award>
</rootTag>
