<?xml version="1.0" encoding="UTF-8"?>

<rootTag>
  <Award>
    <AwardTitle>Polarized Soft X-ray Studies of Magnetic Ultrathin Films</AwardTitle>
    <AwardEffectiveDate>09/01/1997</AwardEffectiveDate>
    <AwardExpirationDate>09/10/1998</AwardExpirationDate>
    <AwardAmount>190000</AwardAmount>
    <AwardInstrument>
      <Value>Continuing grant</Value>
    </AwardInstrument>
    <Organization>
      <Code>03070003</Code>
      <Directorate>
        <LongName>Direct For Mathematical &amp; Physical Scien</LongName>
      </Directorate>
      <Division>
        <LongName>Division Of Materials Research</LongName>
      </Division>
    </Organization>
    <ProgramOfficer>
      <SignBlockName>H. Hollis Wickman</SignBlockName>
    </ProgramOfficer>
    <AbstractNarration>W:\awards\awards97 9701409 Tonner This renewal project will study the structural and magnetic properties of metastable magnetic ultrathin films of transition metals, grown under controlled conditions by ultra-high vacuum physical vapor deposition and by sputter-deposition. Growth conditions will be chosen to produce novel crystal structures, which are not ordinarily found in the bulk phase diagram. We combine structural and magnetic measurements to correlate changes in the magnetic phase diagram with surface crystallography and morphology. Multiple structural techniques are employed, including quantitative electron and photoelectron diffraction, and surface x-ray diffraction. Magnetic measurements are primarily done using circularly polarized soft x-ray circular dichroism. The emphasis is on ultrathin binary alloys, coupled ferromagnetic bilayers, and 'wedge' and 'sandwich' nanostructures. %%% This is a renewal project in which modern techniques of crystal growth will be used to create magnetic nanostructures which have unique and surprising properties. We are searching for ways to produce magnetic materials that can be useful in a new generation of computer digital electronics. These devices, called spin-valves or spin-transistors, use magnetism in the way that the older transistor uses electronic charge. Since the magnetic information can be stored for long periods without the need for an external power source, spin-valves are attractive as a new type of computer memory device for portable computers. The physical properties which are desirable for a high efficiency spin valve require us to control the growth of magnetic layers with atomic precision. The magnetic behavior of these metastable, ultrathin, magnetic films can be completely different from that of an ordinary 'bulk' material. We are studying the relationship between structure and magnetic properties, to develop ways of predicting and optimizing ultrathin mag nets for spin valves. ***</AbstractNarration>
    <MinAmdLetterDate>08/15/1997</MinAmdLetterDate>
    <MaxAmdLetterDate>07/06/1998</MaxAmdLetterDate>
    <ARRAAmount/>
    <AwardID>9701409</AwardID>
    <Investigator>
      <FirstName>Brian</FirstName>
      <LastName>Tonner</LastName>
      <EmailAddress>btonner@mail.ucf.edu</EmailAddress>
      <StartDate>08/15/1997</StartDate>
      <EndDate/>
      <RoleCode>Principal Investigator</RoleCode>
    </Investigator>
    <Institution>
      <Name>University of Wisconsin-Milwaukee</Name>
      <CityName>Milwaukee</CityName>
      <ZipCode>532010340</ZipCode>
      <PhoneNumber>4142294853</PhoneNumber>
      <StreetAddress>P O BOX 340</StreetAddress>
      <CountryName>United States</CountryName>
      <StateName>Wisconsin</StateName>
      <StateCode>WI</StateCode>
    </Institution>
    <FoaInformation>
      <Code>0106000</Code>
      <Name>Materials Research</Name>
    </FoaInformation>
    <ProgramElement>
      <Code>1710</Code>
      <Text>CONDENSED MATTER PHYSICS</Text>
    </ProgramElement>
    <ProgramReference>
      <Code>9161</Code>
      <Text>SINGLE DIVISION/UNIVERSITY</Text>
    </ProgramReference>
    <ProgramReference>
      <Code>AMPP</Code>
      <Text>ADVANCED MATERIALS &amp; PROCESSING PROGRAM</Text>
    </ProgramReference>
  </Award>
</rootTag>
