<?xml version="1.0" encoding="UTF-8"?>

<rootTag>
  <Award>
    <AwardTitle>Mathematical Sciences: Algebraic Transformation Groups</AwardTitle>
    <AwardEffectiveDate>07/01/1997</AwardEffectiveDate>
    <AwardExpirationDate>06/30/2001</AwardExpirationDate>
    <AwardAmount>75000</AwardAmount>
    <AwardInstrument>
      <Value>Standard Grant</Value>
    </AwardInstrument>
    <Organization>
      <Code>03040300</Code>
      <Directorate>
        <LongName>Direct For Mathematical &amp; Physical Scien</LongName>
      </Directorate>
      <Division>
        <LongName>Division Of Mathematical Sciences</LongName>
      </Division>
    </Organization>
    <ProgramOfficer>
      <SignBlockName>Joseph P. Brennan</SignBlockName>
    </ProgramOfficer>
    <AbstractNarration>9701200&lt;br/&gt;Abstract: This project consists of two loosely connected parts. The &lt;br/&gt;first is to study invariant differential operators and spherical &lt;br/&gt;functions on multiplicity free representations. One obtains &lt;br/&gt;Capelli-type identities which lead to a new kind of symmetric &lt;br/&gt;polynomials. The second part is to study Weyl groups for Hamiltonian &lt;br/&gt;manifolds. This might lead to a proof of the Delzant conjecture &lt;br/&gt;concerning the classification of multiplicity free Hamiltonian &lt;br/&gt;manifolds. A further goal is to begin a systematic study of &lt;br/&gt;Hamiltonian algebraic varieties.&lt;br/&gt;-&lt;br/&gt;The background of the project is the study of highly symmetric spaces &lt;br/&gt;like spheres or hyperbolic spaces. It is known that a significant part &lt;br/&gt;of the geometry of these spaces is described by a certain finite group &lt;br/&gt;of internal symmetries, called the little Weyl group. The aim of the &lt;br/&gt;project is to investigate two different aspects of the little Weyl &lt;br/&gt;group. The first is its influence on invariant differential operators &lt;br/&gt;which in certain cases lead to beautiful identities generalizing those &lt;br/&gt;found by Capelli in the 19th century. The second aim is to study the &lt;br/&gt;little Weyl group of Hamiltonian manifolds. These manifolds arise &lt;br/&gt;naturally if one formalizes symmetry of a classical mechanical system, &lt;br/&gt;like a top or a planetary system.</AbstractNarration>
    <MinAmdLetterDate>05/17/1997</MinAmdLetterDate>
    <MaxAmdLetterDate>05/17/1997</MaxAmdLetterDate>
    <ARRAAmount/>
    <AwardID>9701200</AwardID>
    <Investigator>
      <FirstName>Friedrich</FirstName>
      <LastName>Knop</LastName>
      <EmailAddress>knop@math.rutgers.edu</EmailAddress>
      <StartDate>05/17/1997</StartDate>
      <EndDate/>
      <RoleCode>Principal Investigator</RoleCode>
    </Investigator>
    <Institution>
      <Name>Rutgers University New Brunswick</Name>
      <CityName>Piscataway</CityName>
      <ZipCode>088543925</ZipCode>
      <PhoneNumber>8489320150</PhoneNumber>
      <StreetAddress>33 Knightsbridge Road</StreetAddress>
      <CountryName>United States</CountryName>
      <StateName>New Jersey</StateName>
      <StateCode>NJ</StateCode>
    </Institution>
    <FoaInformation>
      <Code>0000099</Code>
      <Name>Other Applications NEC</Name>
    </FoaInformation>
    <ProgramElement>
      <Code>1264</Code>
      <Text>ALGEBRA,NUMBER THEORY,AND COM</Text>
    </ProgramElement>
    <ProgramReference>
      <Code>0000</Code>
      <Text>UNASSIGNED</Text>
    </ProgramReference>
    <ProgramReference>
      <Code>OTHR</Code>
      <Text>OTHER RESEARCH OR EDUCATION</Text>
    </ProgramReference>
  </Award>
</rootTag>
