<?xml version="1.0" encoding="UTF-8"?>

<rootTag>
  <Award>
    <AwardTitle>AIChE Meeting on Gender Issues</AwardTitle>
    <AwardEffectiveDate>11/15/1996</AwardEffectiveDate>
    <AwardExpirationDate>01/31/1997</AwardExpirationDate>
    <AwardAmount>600</AwardAmount>
    <AwardInstrument>
      <Value>Standard Grant</Value>
    </AwardInstrument>
    <Organization>
      <Code>07020000</Code>
      <Directorate>
        <LongName>Directorate For Engineering</LongName>
      </Directorate>
      <Division>
        <LongName>Div Of Chem, Bioeng, Env, &amp; Transp Sys</LongName>
      </Division>
    </Organization>
    <ProgramOfficer>
      <SignBlockName>RAUL MIRANDA</SignBlockName>
    </ProgramOfficer>
    <AbstractNarration>ABSTRACT CTS-9701081 This award supports the travel of Dr. Eleanor Baum, Dean of the College of Engineering at Cooper Union, who was invited to give a keynote speech at the Gender Issues Luncheon at the Annual AIChE meeting in Chicago, IL., November 14, 1996.</AbstractNarration>
    <MinAmdLetterDate>11/07/1996</MinAmdLetterDate>
    <MaxAmdLetterDate>11/07/1996</MaxAmdLetterDate>
    <ARRAAmount/>
    <AwardID>9701081</AwardID>
    <Investigator>
      <FirstName>Joan</FirstName>
      <LastName>Brennecke</LastName>
      <EmailAddress>jfb@che.utexas.edu</EmailAddress>
      <StartDate>11/07/1996</StartDate>
      <EndDate/>
      <RoleCode>Principal Investigator</RoleCode>
    </Investigator>
    <Institution>
      <Name>University of Notre Dame</Name>
      <CityName>NOTRE DAME</CityName>
      <ZipCode>465565708</ZipCode>
      <PhoneNumber>5746317432</PhoneNumber>
      <StreetAddress>940 Grace Hall</StreetAddress>
      <CountryName>United States</CountryName>
      <StateName>Indiana</StateName>
      <StateCode>IN</StateCode>
    </Institution>
    <FoaInformation>
      <Code>0308000</Code>
      <Name>Industrial Technology</Name>
    </FoaInformation>
    <ProgramElement>
      <Code>1401</Code>
      <Text>CATALYSIS AND BIOCATALYSIS</Text>
    </ProgramElement>
    <ProgramReference>
      <Code>0000</Code>
      <Text>UNASSIGNED</Text>
    </ProgramReference>
    <ProgramReference>
      <Code>9102</Code>
      <Text>WOMEN, MINORITY, DISABLED, NEC</Text>
    </ProgramReference>
    <ProgramReference>
      <Code>OTHR</Code>
      <Text>OTHER RESEARCH OR EDUCATION</Text>
    </ProgramReference>
  </Award>
</rootTag>
