<?xml version="1.0" encoding="UTF-8"?>

<rootTag>
  <Award>
    <AwardTitle>The Third Conference on Function Spaces at SIUE - May 1998</AwardTitle>
    <AwardEffectiveDate>07/01/1997</AwardEffectiveDate>
    <AwardExpirationDate>12/31/1998</AwardExpirationDate>
    <AwardAmount>15000</AwardAmount>
    <AwardInstrument>
      <Value>Standard Grant</Value>
    </AwardInstrument>
    <Organization>
      <Code>03040200</Code>
      <Directorate>
        <LongName>Direct For Mathematical &amp; Physical Scien</LongName>
      </Directorate>
      <Division>
        <LongName>Division Of Mathematical Sciences</LongName>
      </Division>
    </Organization>
    <ProgramOfficer>
      <SignBlockName>Joe W. Jenkins</SignBlockName>
    </ProgramOfficer>
    <AbstractNarration>Proposal: DMS-9701711 PI: Jarosz The proposal is for a Conference on Function Spaces at Southern Illinois University at Edwardsville in May, 1998. It will cover a wide range of topics, including function algebras, spaces and algebras of analytic functions, Lp spaces, geometry of Banach spaces, isometries of function spaces, and related areas.</AbstractNarration>
    <MinAmdLetterDate>03/20/1997</MinAmdLetterDate>
    <MaxAmdLetterDate>03/20/1997</MaxAmdLetterDate>
    <ARRAAmount/>
    <AwardID>9701711</AwardID>
    <Investigator>
      <FirstName>Krzysztof</FirstName>
      <LastName>Jarosz</LastName>
      <EmailAddress>kjarosz@siue.edu</EmailAddress>
      <StartDate>03/20/1997</StartDate>
      <EndDate/>
      <RoleCode>Principal Investigator</RoleCode>
    </Investigator>
    <Institution>
      <Name>Southern Illinois University at Edwardsville</Name>
      <CityName>Edwardsville</CityName>
      <ZipCode>620250001</ZipCode>
      <PhoneNumber>6186503010</PhoneNumber>
      <StreetAddress>Campus Box 1046</StreetAddress>
      <CountryName>United States</CountryName>
      <StateName>Illinois</StateName>
      <StateCode>IL</StateCode>
    </Institution>
    <FoaInformation>
      <Code>0000099</Code>
      <Name>Other Applications NEC</Name>
    </FoaInformation>
    <ProgramElement>
      <Code>1281</Code>
      <Text>ANALYSIS PROGRAM</Text>
    </ProgramElement>
    <ProgramReference>
      <Code>0000</Code>
      <Text>UNASSIGNED</Text>
    </ProgramReference>
    <ProgramReference>
      <Code>OTHR</Code>
      <Text>OTHER RESEARCH OR EDUCATION</Text>
    </ProgramReference>
  </Award>
</rootTag>
