<?xml version="1.0" encoding="UTF-8"?>

<rootTag>
  <Award>
    <AwardTitle>CAREER: Resource Sharing and Performance Analysis Algorithms for Integrated-Services Networks</AwardTitle>
    <AwardEffectiveDate>07/01/1997</AwardEffectiveDate>
    <AwardExpirationDate>06/30/2003</AwardExpirationDate>
    <AwardAmount>200000</AwardAmount>
    <AwardInstrument>
      <Value>Standard Grant</Value>
    </AwardInstrument>
    <Organization>
      <Code>05050202</Code>
      <Directorate>
        <LongName>Direct For Computer &amp; Info Scie &amp; Enginr</LongName>
      </Directorate>
      <Division>
        <LongName>Division Of Computer and Network Systems</LongName>
      </Division>
    </Organization>
    <ProgramOfficer>
      <SignBlockName>Taieb Ben Znati</SignBlockName>
    </ProgramOfficer>
    <AbstractNarration>Integrated-services communication networks that carry multiple traffic classes with different Quality-of-Service (QoS) requirements such as voice, video and data are becoming a reality. Each traffic class is characterized by the amount of bandwidth that it requests from the network, and the statistics of its arrival process and holding time in the network. A key feature of emerging high-speed networks is that these characteristics for the various traffic classes tend to be widely different. We focus on two important issues in such networks: (i) resource sharing for traffic with different bandwidth requirements and (ii) performance analysis algorithms to evaluate routing and admission control for such networks. High bandwidth calls typically experience high blocking probabilities without some form of admission control that reserves a certain portion of the network's resources to handle these calls. A goal of this research project would be to develop admission control and routing schemes to improve the blocking performance of high bandwidth calls without adversely affecting the network utilization. The presence of a large mixture of bandwidth classes also poses unique challenges in evaluating the performance of such admission control and routing schemes. We will develop a combination of analytical and simulation techniques that would provide fast and accurate estimates of the blocking probabilities for all traffic classes in the network.</AbstractNarration>
    <MinAmdLetterDate>07/03/1997</MinAmdLetterDate>
    <MaxAmdLetterDate>06/17/2002</MaxAmdLetterDate>
    <ARRAAmount/>
    <AwardID>9701525</AwardID>
    <Investigator>
      <FirstName>Rayadurgam</FirstName>
      <LastName>Srikant</LastName>
      <EmailAddress>rsrikant@uiuc.edu</EmailAddress>
      <StartDate>07/03/1997</StartDate>
      <EndDate/>
      <RoleCode>Principal Investigator</RoleCode>
    </Investigator>
    <Institution>
      <Name>University of Illinois at Urbana-Champaign</Name>
      <CityName>CHAMPAIGN</CityName>
      <ZipCode>618207473</ZipCode>
      <PhoneNumber>2173332187</PhoneNumber>
      <StreetAddress>SUITE A</StreetAddress>
      <CountryName>United States</CountryName>
      <StateName>Illinois</StateName>
      <StateCode>IL</StateCode>
    </Institution>
    <FoaInformation>
      <Code>0206000</Code>
      <Name>Telecommunications</Name>
    </FoaInformation>
    <ProgramElement>
      <Code>4097</Code>
      <Text>NETWORKING RESEARCH</Text>
    </ProgramElement>
    <ProgramReference>
      <Code>1045</Code>
      <Text>CAREER: FACULTY EARLY CAR DEV</Text>
    </ProgramReference>
    <ProgramReference>
      <Code>9218</Code>
      <Text>BASIC RESEARCH &amp; HUMAN RESORCS</Text>
    </ProgramReference>
    <ProgramReference>
      <Code>HPCC</Code>
      <Text>HIGH PERFORMANCE COMPUTING &amp; COMM</Text>
    </ProgramReference>
  </Award>
</rootTag>
