<?xml version="1.0" encoding="UTF-8"?>

<rootTag>
  <Award>
    <AwardTitle>Vertex Operator Algebras</AwardTitle>
    <AwardEffectiveDate>07/01/1997</AwardEffectiveDate>
    <AwardExpirationDate>06/30/2000</AwardExpirationDate>
    <AwardAmount>120000</AwardAmount>
    <AwardInstrument>
      <Value>Continuing grant</Value>
    </AwardInstrument>
    <Organization>
      <Code>03040300</Code>
      <Directorate>
        <LongName>Direct For Mathematical &amp; Physical Scien</LongName>
      </Directorate>
      <Division>
        <LongName>Division Of Mathematical Sciences</LongName>
      </Division>
    </Organization>
    <ProgramOfficer>
      <SignBlockName>Robert Perlis</SignBlockName>
    </ProgramOfficer>
    <AbstractNarration>ABSTRACT, Lepowsky Lepowsky plans to continue his investigations of the algebraic and geometric features of vertex operator algebra theory and conformal field theory, and to apply this work to a range of problems. He will continue to collaborate with Yi-Zhi Huang on their theory of vertex tensor categories, with applications to algebraic, topological and geometric questions, including questions associated with the remarkable phenomena known as ``monstrous moonshine.'' He will also pursue connections between vertex operator algebra theory and both algebraic geometry and number theory. In recent years, there has been a great deal of progress on a range of mathematical theories related to string theory in theoretical physics. This project focuses on vertex operator algebra theory, which provides the algebraic basis of conformal quantum field theory, a foundation of string theory. The mathematical theory has its own motivations and points of view, sometimes directly related to physical structures and sometimes not. In the project, basic problems on the algebra and geometry of vertex operator algebra theory will be addressed, and the results will be applied to problems in algebra, geometry, number theory and finite group theory.</AbstractNarration>
    <MinAmdLetterDate>06/13/1997</MinAmdLetterDate>
    <MaxAmdLetterDate>06/09/1999</MaxAmdLetterDate>
    <ARRAAmount/>
    <AwardID>9701150</AwardID>
    <Investigator>
      <FirstName>James</FirstName>
      <LastName>Lepowsky</LastName>
      <EmailAddress>lepowsky@math.rutgers.edu</EmailAddress>
      <StartDate>06/13/1997</StartDate>
      <EndDate/>
      <RoleCode>Principal Investigator</RoleCode>
    </Investigator>
    <Institution>
      <Name>Rutgers University New Brunswick</Name>
      <CityName>Piscataway</CityName>
      <ZipCode>088543925</ZipCode>
      <PhoneNumber>8489320150</PhoneNumber>
      <StreetAddress>33 Knightsbridge Road</StreetAddress>
      <CountryName>United States</CountryName>
      <StateName>New Jersey</StateName>
      <StateCode>NJ</StateCode>
    </Institution>
    <FoaInformation>
      <Code>0000099</Code>
      <Name>Other Applications NEC</Name>
    </FoaInformation>
    <ProgramElement>
      <Code>1264</Code>
      <Text>ALGEBRA,NUMBER THEORY,AND COM</Text>
    </ProgramElement>
    <ProgramReference>
      <Code>0000</Code>
      <Text>UNASSIGNED</Text>
    </ProgramReference>
    <ProgramReference>
      <Code>OTHR</Code>
      <Text>OTHER RESEARCH OR EDUCATION</Text>
    </ProgramReference>
  </Award>
</rootTag>
