<?xml version="1.0" encoding="UTF-8"?>

<rootTag>
  <Award>
    <AwardTitle>Pacific Earthquake Engineering Research Center</AwardTitle>
    <AwardEffectiveDate>10/01/1997</AwardEffectiveDate>
    <AwardExpirationDate>03/31/2008</AwardExpirationDate>
    <AwardAmount>20593152</AwardAmount>
    <AwardInstrument>
      <Value>Cooperative Agreement</Value>
    </AwardInstrument>
    <Organization>
      <Code>07050000</Code>
      <Directorate>
        <LongName>Directorate For Engineering</LongName>
      </Directorate>
      <Division>
        <LongName>Div Of Engineering Education and Centers</LongName>
      </Division>
    </Organization>
    <ProgramOfficer>
      <SignBlockName>Vilas Mujumdar</SignBlockName>
    </ProgramOfficer>
    <AbstractNarration>9701568 Moehle The PEER Center is a consortium of nine core institutions, closely linked and regularly interacting through electronic networks. The focus of PEER is to develop urban earthquake risk reduction technologies within a performance-based earthquake engineering framework. The research program contains five basic thrust areas: (1) policy, planning and economics; (2) seismic hazards; (3) performance assessment; (4) systems reliability; and (5) innovative technologies. PEER serves as a problem-focused, integrative center that bridges disciplinary gaps and barriers. In addition, project applications provide research focal points, a business and industrial partnership program should attract funding, and urban demonstration projects will test the applicability of research results. Education and partnership programs are used to educate students and attract qualified under-represented minorities to earthquake engineering, and include innovations such as the Engineering Undergraduate Scholars Course, the K-12 Public Education Program and a WWW page. The PEER Center is one of three EERCs networked with an overarching governing board to provide synergism in creating new knowledge and technology, educating the next generation of earthquake engineers and scientists, and providing outreach to industry, government, pre-college schools and potential user groups.</AbstractNarration>
    <MinAmdLetterDate>09/30/1997</MinAmdLetterDate>
    <MaxAmdLetterDate>09/05/2007</MaxAmdLetterDate>
    <ARRAAmount/>
    <AwardID>9701568</AwardID>
    <Investigator>
      <FirstName>Jack</FirstName>
      <LastName>Moehle</LastName>
      <EmailAddress>moehle@berkeley.edu</EmailAddress>
      <StartDate>10/01/1997</StartDate>
      <EndDate/>
      <RoleCode>Principal Investigator</RoleCode>
    </Investigator>
    <Institution>
      <Name>University of California-Berkeley</Name>
      <CityName>BERKELEY</CityName>
      <ZipCode>947045940</ZipCode>
      <PhoneNumber>5106428109</PhoneNumber>
      <StreetAddress>Sponsored Projects Office</StreetAddress>
      <CountryName>United States</CountryName>
      <StateName>California</StateName>
      <StateCode>CA</StateCode>
    </Institution>
    <FoaInformation>
      <Code>0304010</Code>
      <Name>Earthquake</Name>
    </FoaInformation>
  </Award>
</rootTag>
