<?xml version="1.0" encoding="UTF-8"?>

<rootTag>
  <Award>
    <AwardTitle>Measuring, Parameterizing, and Modeling Atmospheric Surface Fluxes During SHEBA</AwardTitle>
    <AwardEffectiveDate>06/15/1997</AwardEffectiveDate>
    <AwardExpirationDate>05/31/2000</AwardExpirationDate>
    <AwardAmount>80999</AwardAmount>
    <AwardInstrument>
      <Value>Interagency Agreement</Value>
    </AwardInstrument>
    <Organization>
      <Code>06090100</Code>
      <Directorate>
        <LongName>Directorate For Geosciences</LongName>
      </Directorate>
      <Division>
        <LongName>Division Of Polar Programs</LongName>
      </Division>
    </Organization>
    <ProgramOfficer>
      <SignBlockName>Michael T. Ledbetter</SignBlockName>
    </ProgramOfficer>
    <AbstractNarration>ABSTRACT OPP-9701390 GUEST, PETER NAVAL POSTGRADUATE SCHOOL This research project is a key component of a large, coordinated, multi-investigator program, Surface Heat Budget of the Arctic (SHEBA) Ocean. The research program will be conducted for 14 months from a ship frozen into the ice pack. These investigators will measure atmospheric conditions near the surface of the permanent ice cap of the Arctic Ocean to determine the flux of heat radiating onto and off of the ice floe. They will determine how atmospheric heating is coupled to adsorption of heat by the ice. These measurements are critical to understanding how heat is reflected or absorbed by the ice as it melts in the summer and thickens in the winter in response to seasonal variations in climate. The heat flux measurement program makes an essential contribution to the SHEBA team of researchers who will measure atmospheric variables with a large array of instruments on the ice floe and aircraft flying above as well as ice and ocean property measurements made on and below the ice floe. The combined set of measurements in SHEBA will allow refinement of climate models for the Arctic region. Those improved models will lead to better predictions of the climate and the permanence of the Arctic ice cap under a proposed global warming that could occur if atmospheric carbon dioxide levels are increased above present levels.</AbstractNarration>
    <MinAmdLetterDate>06/18/1997</MinAmdLetterDate>
    <MaxAmdLetterDate>04/27/1999</MaxAmdLetterDate>
    <ARRAAmount/>
    <AwardID>9701390</AwardID>
    <Investigator>
      <FirstName>Peter</FirstName>
      <LastName>Guest</LastName>
      <EmailAddress>pguest@nps.edu</EmailAddress>
      <StartDate>06/18/1997</StartDate>
      <EndDate/>
      <RoleCode>Principal Investigator</RoleCode>
    </Investigator>
    <Institution>
      <Name>Naval Postgraduate School</Name>
      <CityName>Monterey</CityName>
      <ZipCode>939435000</ZipCode>
      <PhoneNumber>8316562271</PhoneNumber>
      <StreetAddress>1 University Circle</StreetAddress>
      <CountryName>United States</CountryName>
      <StateName>California</StateName>
      <StateCode>CA</StateCode>
    </Institution>
    <FoaInformation>
      <Code>0311000</Code>
      <Name>Polar Programs-Related</Name>
    </FoaInformation>
    <FoaInformation>
      <Code>0319000</Code>
      <Name>Climate Related Activities</Name>
    </FoaInformation>
  </Award>
</rootTag>
