<?xml version="1.0" encoding="UTF-8"?>

<rootTag>
  <Award>
    <AwardTitle>Dissertation Research: A Phylogenetic Approach to the Evolution of Senescence in Natural Populations</AwardTitle>
    <AwardEffectiveDate>07/01/1997</AwardEffectiveDate>
    <AwardExpirationDate>06/30/2000</AwardExpirationDate>
    <AwardAmount>9000</AwardAmount>
    <AwardInstrument>
      <Value>Standard Grant</Value>
    </AwardInstrument>
    <Organization>
      <Code>08010207</Code>
      <Directorate>
        <LongName>Direct For Biological Sciences</LongName>
      </Directorate>
      <Division>
        <LongName>Division Of Environmental Biology</LongName>
      </Division>
    </Organization>
    <ProgramOfficer>
      <SignBlockName>Mark Courtney</SignBlockName>
    </ProgramOfficer>
    <AbstractNarration>9701209 Tessier Aging, as measured by the physiological deterioration of animals as they grow older, is the subject of much current research. Why aging occurs and what underlying genetic mechanisms are associated with aging are also topics of considerable research. Traditional laboratory genetic work has confirmed much of the theoretical work. However, relatively few scientists have examined genetic variation of aging in wild populations, or the ecological context in which this variation exists. The proposed research will address these gaps in our knowledge through life table experiments and detailed descriptions od sources of natural mortality. Daphnia, a common freshwater crustacean, will be studied because its ecology is well known and it will reproduce clonally. This mode of reproduction allows sampling of the natural genetic variation in the lab, where life tables can be constructed under controlled conditions. Thus, rates of aging for natural populations can be estimated without interference from extrinsic mortality. Aging rates can be compared to data from field estimates of mortality rates. Sources of mortality (e.g., predation, disease, habitat seasonality) can then be used to examine the relationship between intrinsic lifespan (and other aging indicators) and the expected wild lifespan. The research will also test theoretical predictions that rapid aging could be indirectly advantageous in certain ecological contexts. The investigators will characterize early life history traits (e.g. growth, maturation) and look for tradeoffs with rates of aging. A high rate of aging should be sustainable only if there are correlated advantages early in life, such as accelerated growth. Conversely, poor reproduction or growth early in life should be sustainable only if it benefits an animal through longer life.</AbstractNarration>
    <MinAmdLetterDate>05/23/1997</MinAmdLetterDate>
    <MaxAmdLetterDate>05/23/1997</MaxAmdLetterDate>
    <ARRAAmount/>
    <AwardID>9701209</AwardID>
    <Investigator>
      <FirstName>Alan</FirstName>
      <LastName>Tessier</LastName>
      <EmailAddress>atessier@nsf.gov</EmailAddress>
      <StartDate>05/23/1997</StartDate>
      <EndDate/>
      <RoleCode>Principal Investigator</RoleCode>
    </Investigator>
    <Institution>
      <Name>Michigan State University</Name>
      <CityName>East Lansing</CityName>
      <ZipCode>488242600</ZipCode>
      <PhoneNumber>5173555040</PhoneNumber>
      <StreetAddress>Office of Sponsored Programs</StreetAddress>
      <CountryName>United States</CountryName>
      <StateName>Michigan</StateName>
      <StateCode>MI</StateCode>
    </Institution>
    <FoaInformation>
      <Code>0312000</Code>
      <Name>Population</Name>
    </FoaInformation>
  </Award>
</rootTag>
