<?xml version="1.0" encoding="UTF-8"?>

<rootTag>
  <Award>
    <AwardTitle>Neutron Scattering Techniques Applied to the Investigation of Prototypical Magnetic Systems</AwardTitle>
    <AwardEffectiveDate>06/01/1997</AwardEffectiveDate>
    <AwardExpirationDate>05/31/2001</AwardExpirationDate>
    <AwardAmount>405000</AwardAmount>
    <AwardInstrument>
      <Value>Continuing grant</Value>
    </AwardInstrument>
    <Organization>
      <Code>03070003</Code>
      <Directorate>
        <LongName>Direct For Mathematical &amp; Physical Scien</LongName>
      </Directorate>
      <Division>
        <LongName>Division Of Materials Research</LongName>
      </Division>
    </Organization>
    <ProgramOfficer>
      <SignBlockName>H. Hollis Wickman</SignBlockName>
    </ProgramOfficer>
    <AbstractNarration>9701339 Lynn This project will explore three general avenues of research. The first involves the structure and dynamics of the magnetoresistive oxides. This work will employ both polarized and unpolarized neutron scattering techniques to study the magnetic and crystal structures, nature of the coupling between these two, and the sping and lattice dynamical excitations. The second area concerns the nature of the vortex state in superconductors, when the lattice becomes disordered, and when the rare earth magnetic ordering occurs. The final area of interest involves the study of the spin dynamics of isotropic ferromagnetics. Polarized beam techniques will be used to separate the longitudinal and transverse spin dynamics of materials in anomalous systems such as Invar alloys. We will also continue our investigations of the longitudinal and transverse fluctuation spectra just below the Curie temperature, and their behavior as a function of applied field. %%% This project will explore three general avenues of materials research using neutron scattering techniques. The first involves the fundamental structural and magnetic properties of the colossal magnetoresistive oxides, in an effort to establish the origins of the metal insulator transition in these novel systems. The second aspect concerns a determination and understanding of the materials properties which control the superconducting parameters of central importanceto commercial applications, such as vortex pinning to produce high critical current materials. The final area concerns the fundamental and practical properties of soft magnetic materials, which are of commercial importance for transformer cores, magnetic shielding, etc. Particular emphasis will be placed on the Invar class of soft magnets, as these are of technical importance because their density does not chan ge with temperature, in contrast to most metals which expand upon heating. ***</AbstractNarration>
    <MinAmdLetterDate>06/02/1997</MinAmdLetterDate>
    <MaxAmdLetterDate>03/17/1999</MaxAmdLetterDate>
    <ARRAAmount/>
    <AwardID>9701339</AwardID>
    <Investigator>
      <FirstName>Jeffrey</FirstName>
      <LastName>Lynn</LastName>
      <EmailAddress>jeff.lynn@nist.gov</EmailAddress>
      <StartDate>06/02/1997</StartDate>
      <EndDate/>
      <RoleCode>Principal Investigator</RoleCode>
    </Investigator>
    <Institution>
      <Name>University of Maryland College Park</Name>
      <CityName>COLLEGE PARK</CityName>
      <ZipCode>207425141</ZipCode>
      <PhoneNumber>3014056269</PhoneNumber>
      <StreetAddress>3112 LEE BLDG 7809 Regents Drive</StreetAddress>
      <CountryName>United States</CountryName>
      <StateName>Maryland</StateName>
      <StateCode>MD</StateCode>
    </Institution>
  </Award>
</rootTag>
