<?xml version="1.0" encoding="UTF-8"?>

<rootTag>
  <Award>
    <AwardTitle>Dissertation Research: Developmental Maintenance of Evolutionary Conservatism: A Comparative and Experimental Analysis of Sphenoid Skeletogenesis in Birds and Mammals</AwardTitle>
    <AwardEffectiveDate>06/15/1997</AwardEffectiveDate>
    <AwardExpirationDate>11/30/1998</AwardExpirationDate>
    <AwardAmount>8775</AwardAmount>
    <AwardInstrument>
      <Value>Standard Grant</Value>
    </AwardInstrument>
    <Organization>
      <Code>08090300</Code>
      <Directorate>
        <LongName>Direct For Biological Sciences</LongName>
      </Directorate>
      <Division>
        <LongName>Division Of Integrative Organismal Sys</LongName>
      </Division>
    </Organization>
    <ProgramOfficer>
      <SignBlockName>Zoe Eppley</SignBlockName>
    </ProgramOfficer>
    <AbstractNarration>Smith 9701104 Basic mechanisms underlying morphological conservation are not well understood. While some anatomical regions undergo major evolutionary transformations, others are resistant to change. The relations among structures in one part of the vertebrae head, the sphenoid region, have remained constant during five hundred million years of evolution despite numerous modifications in other parts of the skull. Classical comparative anatomy and contemporary molecular and cellular approaches are combined to investigate morphogenetic processes involved in pattering the sphenoid skeleton and t characterize developmental properties that may enable evolutionary conservation of this region across vertebrates. Two complementary studies are proposed. The first identifies specific elements that are important in pattering the sphenoid skeleton. Previously performed experiments such as gene knockouts, surgical manipulations, and teratogen treatments are analyzed to generate data on how perturbations to the neural tube, notochord, trigeminal nerve, and pituitary gland affect the sphenoid skeleton possess intrinsic patterning information. This involves new experimental transplantations of neural crest and mesodermal cells. This investigation 1) provides and understanding of how morphogenetic events affect skeletal patterning, 2) gives new insights on the integration of complex cranial structures, and 3) contributes important examples to the study of developmental interactions in morphological evolution.</AbstractNarration>
    <MinAmdLetterDate>06/03/1997</MinAmdLetterDate>
    <MaxAmdLetterDate>06/03/1997</MaxAmdLetterDate>
    <ARRAAmount/>
    <AwardID>9701104</AwardID>
    <Investigator>
      <FirstName>Kathleen</FirstName>
      <LastName>Smith</LastName>
      <EmailAddress>kksmith@duke.edu</EmailAddress>
      <StartDate>06/03/1997</StartDate>
      <EndDate/>
      <RoleCode>Principal Investigator</RoleCode>
    </Investigator>
    <Institution>
      <Name>Duke University</Name>
      <CityName>Durham</CityName>
      <ZipCode>277054010</ZipCode>
      <PhoneNumber>9196843030</PhoneNumber>
      <StreetAddress>2200 W. Main St, Suite 710</StreetAddress>
      <CountryName>United States</CountryName>
      <StateName>North Carolina</StateName>
      <StateCode>NC</StateCode>
    </Institution>
  </Award>
</rootTag>
