<?xml version="1.0" encoding="UTF-8"?>

<rootTag>
  <Award>
    <AwardTitle>Dissertation Research: The Benefits of Induced Plant Responses to Herbivory</AwardTitle>
    <AwardEffectiveDate>05/01/1997</AwardEffectiveDate>
    <AwardExpirationDate>04/30/1999</AwardExpirationDate>
    <AwardAmount>10000</AwardAmount>
    <AwardInstrument>
      <Value>Standard Grant</Value>
    </AwardInstrument>
    <Organization>
      <Code>08010208</Code>
      <Directorate>
        <LongName>Direct For Biological Sciences</LongName>
      </Directorate>
      <Division>
        <LongName>Division Of Environmental Biology</LongName>
      </Division>
    </Organization>
    <ProgramOfficer>
      <SignBlockName>Margaret Palmer</SignBlockName>
    </ProgramOfficer>
    <AbstractNarration>Karban 9701109 Induced resistance following herbivory has been broadly documented across many taxa of plants. The investigators examine two aspects of induction 1) whether induced responses increase plant fitness, and 2) why plants employ induced responses over constitutive strategies. Field-grown annual plants will be experimentally induced in an environment with herbivores and male and female fitness components will be compared to uninduced control plants. In addition, three non-exclusive hypotheses for the benefits of induced responses over constitutive strategies will be tested: Do plants that employ induced responses benefit from 1) saving allocation costs when not induced, 2) not being apparent to specialist herbivores when not induced, and 3) having slower adapting herbivores than plants that are constitutively (continuously) defended? Costs of induced plant responses have rarely been found and the benefits have been largely ignored. This proposal attempts to fill these gaps. Additionally, understanding the ecological benefits of induced defenses will be potentially useful in the protection of crop plants from yield-reducing herbivores.</AbstractNarration>
    <MinAmdLetterDate>04/30/1997</MinAmdLetterDate>
    <MaxAmdLetterDate>04/30/1997</MaxAmdLetterDate>
    <ARRAAmount/>
    <AwardID>9701109</AwardID>
    <Investigator>
      <FirstName>Richard</FirstName>
      <LastName>Karban</LastName>
      <EmailAddress>rkarban@ucdavis.edu</EmailAddress>
      <StartDate>04/30/1997</StartDate>
      <EndDate/>
      <RoleCode>Principal Investigator</RoleCode>
    </Investigator>
    <Institution>
      <Name>University of California-Davis</Name>
      <CityName>Davis</CityName>
      <ZipCode>956186134</ZipCode>
      <PhoneNumber>5307547700</PhoneNumber>
      <StreetAddress>OR/Sponsored Programs</StreetAddress>
      <CountryName>United States</CountryName>
      <StateName>California</StateName>
      <StateCode>CA</StateCode>
    </Institution>
    <FoaInformation>
      <Code>0510301</Code>
      <Name>Structure &amp; Function</Name>
    </FoaInformation>
    <ProgramElement>
      <Code>1128</Code>
      <Text>POP &amp; COMMUNITY ECOL CLUSTER</Text>
    </ProgramElement>
    <ProgramReference>
      <Code>1182</Code>
      <Text>POP &amp; COMMUNITY ECOL PROG</Text>
    </ProgramReference>
    <ProgramReference>
      <Code>9179</Code>
      <Text>GRADUATE INVOLVEMENT</Text>
    </ProgramReference>
    <ProgramReference>
      <Code>SMET</Code>
      <Text>SCIENCE, MATH, ENG &amp; TECH EDUCATION</Text>
    </ProgramReference>
  </Award>
</rootTag>
