<?xml version="1.0" encoding="UTF-8"?>

<rootTag>
  <Award>
    <AwardTitle>Modeling, Design and Prototyping of a Multi-Degree-of- Freedom Robotic Gripper System for Limp Material Manipulation</AwardTitle>
    <AwardEffectiveDate>10/01/1997</AwardEffectiveDate>
    <AwardExpirationDate>11/30/1999</AwardExpirationDate>
    <AwardAmount>189720</AwardAmount>
    <AwardInstrument>
      <Value>Standard Grant</Value>
    </AwardInstrument>
    <Organization>
      <Code>07030000</Code>
      <Directorate>
        <LongName>Directorate For Engineering</LongName>
      </Directorate>
      <Division>
        <LongName>Div Of Civil, Mechanical, &amp; Manufact Inn</LongName>
      </Division>
    </Organization>
    <ProgramOfficer>
      <SignBlockName>KAMLAKAR P RAJURKAR</SignBlockName>
    </ProgramOfficer>
    <AbstractNarration>This research project is to model, design and experimentally evaluate a reconfigurable robotic gripper system capable of handling a wide variety of sizes and shapes of limp material in a reliable and rapid manner, without causing damage, distortion, and deformation/folding of the limp material. Geometric, static, and dynamic analyses of the system will be performed, and grasp planning methods will be developed to derive and synthesize stable grasp configurations. A sensor-based hierarchical control system will be developed to control the operation of the reconfigurable gripper system. Grasp stability and overall system performance will be evaluated. Limp material manipulation is a challenging area of research in which the progress has been slow thus far. The research has the potential of significantly advancing the present robotic technology for handling of soft goods and flexible objects.</AbstractNarration>
    <MinAmdLetterDate>09/17/1997</MinAmdLetterDate>
    <MaxAmdLetterDate>10/25/1999</MaxAmdLetterDate>
    <ARRAAmount/>
    <AwardID>9701533</AwardID>
    <Investigator>
      <FirstName>Kimon</FirstName>
      <LastName>Valavanis</LastName>
      <EmailAddress>kvalavan@du.edu</EmailAddress>
      <StartDate>09/17/1997</StartDate>
      <EndDate/>
      <RoleCode>Principal Investigator</RoleCode>
    </Investigator>
    <Investigator>
      <FirstName>Ramesh</FirstName>
      <LastName>Kolluru</LastName>
      <EmailAddress>kolluru@louisiana.edu</EmailAddress>
      <StartDate>09/17/1997</StartDate>
      <EndDate/>
      <RoleCode>Co-Principal Investigator</RoleCode>
    </Investigator>
    <Investigator>
      <FirstName>Stanford</FirstName>
      <LastName>Smith</LastName>
      <EmailAddress>stan@acim.louisiana.edu</EmailAddress>
      <StartDate>09/17/1997</StartDate>
      <EndDate/>
      <RoleCode>Co-Principal Investigator</RoleCode>
    </Investigator>
    <Investigator>
      <FirstName>Denis</FirstName>
      <LastName>Gracanin</LastName>
      <EmailAddress>gracanin@vt.edu</EmailAddress>
      <StartDate>09/17/1997</StartDate>
      <EndDate/>
      <RoleCode>Co-Principal Investigator</RoleCode>
    </Investigator>
    <Institution>
      <Name>University of Louisiana at Lafayette</Name>
      <CityName>Lafayette</CityName>
      <ZipCode>705032701</ZipCode>
      <PhoneNumber>3374826203</PhoneNumber>
      <StreetAddress>104 University Circle</StreetAddress>
      <CountryName>United States</CountryName>
      <StateName>Louisiana</StateName>
      <StateCode>LA</StateCode>
    </Institution>
    <FoaInformation>
      <Code>0308000</Code>
      <Name>Industrial Technology</Name>
    </FoaInformation>
    <ProgramElement>
      <Code>1468</Code>
      <Text>Manufacturing Machines &amp; Equip</Text>
    </ProgramElement>
    <ProgramReference>
      <Code>9146</Code>
      <Text>MANUFACTURING BASE RESEARCH</Text>
    </ProgramReference>
    <ProgramReference>
      <Code>MANU</Code>
      <Text>MANUFACTURING</Text>
    </ProgramReference>
  </Award>
</rootTag>
