<?xml version="1.0" encoding="UTF-8"?>

<rootTag>
  <Award>
    <AwardTitle>Technical Services</AwardTitle>
    <AwardEffectiveDate>04/01/1997</AwardEffectiveDate>
    <AwardExpirationDate>03/31/2000</AwardExpirationDate>
    <AwardAmount>110270</AwardAmount>
    <AwardInstrument>
      <Value>Continuing grant</Value>
    </AwardInstrument>
    <Organization>
      <Code>06040100</Code>
      <Directorate>
        <LongName>Directorate For Geosciences</LongName>
      </Directorate>
      <Division>
        <LongName>Division Of Ocean Sciences</LongName>
      </Division>
    </Organization>
    <ProgramOfficer>
      <SignBlockName>Alexander Shor</SignBlockName>
    </ProgramOfficer>
    <AbstractNarration>9701395 Rabalais This award to Louisiana Universities Marine Consortium provides shipboard technical support, shore-based support, instrument maintenance and instrument calibration for researchers using R/V Pelican, a research vessel operated by LUMCON as part of the University National Oceanographic Laboratory System research fleet. The technical support awarded here will assist NSF-funded ocean researchers conduct studies in the Gulf of Mexico in 1997, and will emphasize studies of coastal oceanography along the southern coast of the United States. ***</AbstractNarration>
    <MinAmdLetterDate>04/17/1997</MinAmdLetterDate>
    <MaxAmdLetterDate>03/22/1999</MaxAmdLetterDate>
    <ARRAAmount/>
    <AwardID>9701395</AwardID>
    <Investigator>
      <FirstName>Steven</FirstName>
      <LastName>Rabalais</LastName>
      <EmailAddress>srabalais@lumcon.edu</EmailAddress>
      <StartDate>04/17/1997</StartDate>
      <EndDate/>
      <RoleCode>Principal Investigator</RoleCode>
    </Investigator>
    <Institution>
      <Name>Louisiana Universities Marine Corsortium</Name>
      <CityName>Chauvin</CityName>
      <ZipCode>703442110</ZipCode>
      <PhoneNumber>5048512800</PhoneNumber>
      <StreetAddress>8124 Hwy 56</StreetAddress>
      <CountryName>United States</CountryName>
      <StateName>Louisiana</StateName>
      <StateCode>LA</StateCode>
    </Institution>
    <FoaInformation>
      <Code>0204000</Code>
      <Name>Oceanography</Name>
    </FoaInformation>
    <ProgramElement>
      <Code>5415</Code>
      <Text>OCEANOGRAPHIC TECHNICAL SERVCE</Text>
    </ProgramElement>
    <ProgramReference>
      <Code>0000</Code>
      <Text>UNASSIGNED</Text>
    </ProgramReference>
    <ProgramReference>
      <Code>4444</Code>
      <Text>INTERDISCIPLINARY PROPOSALS</Text>
    </ProgramReference>
    <ProgramReference>
      <Code>OTHR</Code>
      <Text>OTHER RESEARCH OR EDUCATION</Text>
    </ProgramReference>
  </Award>
</rootTag>
