<?xml version="1.0" encoding="UTF-8"?>

<rootTag>
  <Award>
    <AwardTitle>39th Maize Genetices Meeting, to be held in Clearwarter, FL March 13-16, 1997</AwardTitle>
    <AwardEffectiveDate>03/15/1997</AwardEffectiveDate>
    <AwardExpirationDate>02/28/1998</AwardExpirationDate>
    <AwardAmount>15000</AwardAmount>
    <AwardInstrument>
      <Value>Standard Grant</Value>
    </AwardInstrument>
    <Organization>
      <Code>08070100</Code>
      <Directorate>
        <LongName>Direct For Biological Sciences</LongName>
      </Directorate>
      <Division>
        <LongName>Div Of Molecular and Cellular Bioscience</LongName>
      </Division>
    </Organization>
    <ProgramOfficer>
      <SignBlockName>DeLill Nasser</SignBlockName>
    </ProgramOfficer>
    <AbstractNarration>9701439 Cone The Thirty-ninth Maize Genetics Meeting will be held in Clearwater Beach, Florida, March 13-16, 1997. The atmosphere will be conducive to interaction between scientists at all levels and pursuing different approaches to an understanding of maize biology.</AbstractNarration>
    <MinAmdLetterDate>03/05/1997</MinAmdLetterDate>
    <MaxAmdLetterDate>03/05/1997</MaxAmdLetterDate>
    <ARRAAmount/>
    <AwardID>9701439</AwardID>
    <Investigator>
      <FirstName>Karen</FirstName>
      <LastName>Cone</LastName>
      <EmailAddress>conek@missouri.edu</EmailAddress>
      <StartDate>03/05/1997</StartDate>
      <EndDate/>
      <RoleCode>Principal Investigator</RoleCode>
    </Investigator>
    <Institution>
      <Name>University of Missouri-Columbia</Name>
      <CityName>COLUMBIA</CityName>
      <ZipCode>652110001</ZipCode>
      <PhoneNumber>5738827560</PhoneNumber>
      <StreetAddress>115 Business Loop 70 W</StreetAddress>
      <CountryName>United States</CountryName>
      <StateName>Missouri</StateName>
      <StateCode>MO</StateCode>
    </Institution>
  </Award>
</rootTag>
