<?xml version="1.0" encoding="UTF-8"?>

<rootTag>
  <Award>
    <AwardTitle>GEM: Geospace General Circulation Model Concept Study</AwardTitle>
    <AwardEffectiveDate>07/15/1997</AwardEffectiveDate>
    <AwardExpirationDate>06/30/1998</AwardExpirationDate>
    <AwardAmount>39931</AwardAmount>
    <AwardInstrument>
      <Value>Standard Grant</Value>
    </AwardInstrument>
    <Organization>
      <Code>06020202</Code>
      <Directorate>
        <LongName>Directorate For Geosciences</LongName>
      </Directorate>
      <Division>
        <LongName>Div Atmospheric &amp; Geospace Sciences</LongName>
      </Division>
    </Organization>
    <ProgramOfficer>
      <SignBlockName>Kile B. Baker</SignBlockName>
    </ProgramOfficer>
    <AbstractNarration>This is a proposal to adapt a TRW off-the-shelf software system architecture to address two goals of the GGCM project: to flexibly integrate multiple modules and to provide a 'user friendly' interface to magnetospheric research community. An open architecture that is accessable to support the wide variety of users in the magnetospheric research community is a fundamental requirement.</AbstractNarration>
    <MinAmdLetterDate>07/24/1997</MinAmdLetterDate>
    <MaxAmdLetterDate>07/24/1997</MaxAmdLetterDate>
    <ARRAAmount/>
    <AwardID>9701501</AwardID>
    <Investigator>
      <FirstName>Alan</FirstName>
      <LastName>Ronn</LastName>
      <EmailAddress>alan.ronn@trw.com</EmailAddress>
      <StartDate>07/24/1997</StartDate>
      <EndDate/>
      <RoleCode>Principal Investigator</RoleCode>
    </Investigator>
    <Investigator>
      <FirstName>Jon</FirstName>
      <LastName>Johnson</LastName>
      <EmailAddress>jon.johnson@trw.com</EmailAddress>
      <StartDate>07/24/1997</StartDate>
      <EndDate/>
      <RoleCode>Co-Principal Investigator</RoleCode>
    </Investigator>
    <Investigator>
      <FirstName>Kelly</FirstName>
      <LastName>Hand</LastName>
      <EmailAddress>kelly.hand@trw.com</EmailAddress>
      <StartDate>07/24/1997</StartDate>
      <EndDate/>
      <RoleCode>Co-Principal Investigator</RoleCode>
    </Investigator>
    <Investigator>
      <FirstName>Philip</FirstName>
      <LastName>Pratt</LastName>
      <EmailAddress>phil.pratt@trw.com</EmailAddress>
      <StartDate>07/24/1997</StartDate>
      <EndDate/>
      <RoleCode>Co-Principal Investigator</RoleCode>
    </Investigator>
    <Institution>
      <Name>TRW Systems Integration Group</Name>
      <CityName>Colorado Springs</CityName>
      <ZipCode>809162727</ZipCode>
      <PhoneNumber/>
      <StreetAddress>1555 N. Newport Road</StreetAddress>
      <CountryName>United States</CountryName>
      <StateName>Colorado</StateName>
      <StateCode>CO</StateCode>
    </Institution>
    <FoaInformation>
      <Code>0205000</Code>
      <Name>Space</Name>
    </FoaInformation>
  </Award>
</rootTag>
