<?xml version="1.0" encoding="UTF-8"?>

<rootTag>
  <Award>
    <AwardTitle>Intelligent Coordinated Motion Control of Underwater Robotic Vehicles with Manipulator Workpackages (Collaborative Research)</AwardTitle>
    <AwardEffectiveDate>07/01/1997</AwardEffectiveDate>
    <AwardExpirationDate>06/30/2000</AwardExpirationDate>
    <AwardAmount>140000</AwardAmount>
    <AwardInstrument>
      <Value>Continuing grant</Value>
    </AwardInstrument>
    <Organization>
      <Code>07020000</Code>
      <Directorate>
        <LongName>Directorate For Engineering</LongName>
      </Directorate>
      <Division>
        <LongName>Div Of Chem, Bioeng, Env, &amp; Transp Sys</LongName>
      </Division>
    </Organization>
    <ProgramOfficer>
      <SignBlockName>A. Frederick Thompson</SignBlockName>
    </ProgramOfficer>
    <AbstractNarration>9701614 Yuh Our primary research objective is to investigate and develop intelligent control strategies for underwater robotic vehicles (URVs) with manipulator workpackages. The motion of the manipulator, which is attached to the vehicle's main body, affects the motion of the vehicle, whose dynamics are also subject to parameter uncertainties, changes in payload and environment, and nonlinear behavior. It is necessary to develop an intelligent control system for such vehicles to provide: automatic compensation for the errors of the vehicle motion, due to manipulator motion and underwater currents. coordinated control of both vehicle and manipulator using deliberate vehicle motion; such motion will help task performance and add the degrees of freedom of the vehicle to those of the manipulator workpackage; learning and adaptation capabilities to parameter uncertainties and changes in the environment; and close coupling of control knowledge transfer between the high-level and low-level subsystems of the overall URV control system. The study: extends a theoretical modeling of the underwater robotic vehicle and manipulator, including dynamic interaction between links and vehicle main body, kinematic redundancy, contact stability of the system in contact with the environment, and fixtureless manipulation; develops a theoretical framework for intelligent control strategies based on fuzzy neural network (FNN) control using fuzzy clustering techniques and on-line reinforcement learning technique; and includes experimental demonstration of the proposed approach on the University of Hawaii's underwater robotic vehicle, ODIN (Omni-Directional Intelligent Navigator). ***</AbstractNarration>
    <MinAmdLetterDate>06/11/1997</MinAmdLetterDate>
    <MaxAmdLetterDate>04/09/1998</MaxAmdLetterDate>
    <ARRAAmount/>
    <AwardID>9701614</AwardID>
    <Investigator>
      <FirstName>Junku</FirstName>
      <LastName>Yuh</LastName>
      <EmailAddress>jyuh@wiliki.eng.hawaii.edu</EmailAddress>
      <StartDate>06/11/1997</StartDate>
      <EndDate/>
      <RoleCode>Principal Investigator</RoleCode>
    </Investigator>
    <Investigator>
      <FirstName>Nilanjan</FirstName>
      <LastName>Sarkar</LastName>
      <EmailAddress>nilanjan.sarkar@vanderbilt.edu</EmailAddress>
      <StartDate>06/11/1997</StartDate>
      <EndDate/>
      <RoleCode>Co-Principal Investigator</RoleCode>
    </Investigator>
    <Institution>
      <Name>University of Hawaii</Name>
      <CityName>HONOLULU</CityName>
      <ZipCode>968222234</ZipCode>
      <PhoneNumber>8089567800</PhoneNumber>
      <StreetAddress>2440 Campus Road, Box 368</StreetAddress>
      <CountryName>United States</CountryName>
      <StateName>Hawaii</StateName>
      <StateCode>HI</StateCode>
    </Institution>
    <FoaInformation>
      <Code>0300000</Code>
      <Name>Problem-Oriented</Name>
    </FoaInformation>
    <ProgramElement>
      <Code>1472</Code>
      <Text>OCEAN ENGINEERING SYSTEMS</Text>
    </ProgramElement>
    <ProgramReference>
      <Code>9197</Code>
      <Text>ENVIRONMENTAL TECHNOLOGY</Text>
    </ProgramReference>
    <ProgramReference>
      <Code>EGCH</Code>
      <Text>ENVIRONMENT AND GLOBAL CHANGE</Text>
    </ProgramReference>
  </Award>
</rootTag>
