<?xml version="1.0" encoding="UTF-8"?>

<rootTag>
  <Award>
    <AwardTitle>Dissertation Research: Molecular Phylogenetic Analysis of the Major Lineages of Tapeworms (Platyhelminthes: Eucestoda)</AwardTitle>
    <AwardEffectiveDate>09/01/1997</AwardEffectiveDate>
    <AwardExpirationDate>08/31/1998</AwardExpirationDate>
    <AwardAmount>10000</AwardAmount>
    <AwardInstrument>
      <Value>Standard Grant</Value>
    </AwardInstrument>
    <Organization>
      <Code>08010207</Code>
      <Directorate>
        <LongName>Direct For Biological Sciences</LongName>
      </Directorate>
      <Division>
        <LongName>Division Of Environmental Biology</LongName>
      </Division>
    </Organization>
    <ProgramOfficer>
      <SignBlockName>Charles O'Kelly</SignBlockName>
    </ProgramOfficer>
    <AbstractNarration>9701052 CAIRA Tapeworms are obligate flatworm parasites that are often restricted to specific host animals. Many tapeworm species have been associated with their hosts for long periods of time. Understanding the phylogenetic history of tapeworms is significant to biologists, who wish to understand the consequences of shared history on host and parasite species, and to lessen the harmful effects of tapeworms on humans and domesticated animals. The phylogenetic history of tapeworms has been difficult to reconstruct, because morphological characters are few and difficult to interpret, fossils are absent, and investigations on molecular characters have not been conducted. In this research, Janine Caira, Chris Simon and doctoral candidate Peter Olson will infer the phylogenetic history of tapeworms by sequencing the nucleus-encoded 18S-like ribosomal RNA gene, from representative species in each of 14 recognized major groups (orders) of tapeworms, and conducting a comparative analysis of these sequences. The work will provide a foundation with which to test hypotheses of tapeworm phylogenetic history based on morphological, ecological, and other types of evidence. In particular, the researchers will determine whether the tapeworms placed within an order share a common history (are Omonophyletic groupsO) or not.</AbstractNarration>
    <MinAmdLetterDate>08/06/1997</MinAmdLetterDate>
    <MaxAmdLetterDate>08/06/1997</MaxAmdLetterDate>
    <ARRAAmount/>
    <AwardID>9701052</AwardID>
    <Investigator>
      <FirstName>Janine</FirstName>
      <LastName>Caira</LastName>
      <EmailAddress>janine.caira@uconn.edu</EmailAddress>
      <StartDate>08/06/1997</StartDate>
      <EndDate/>
      <RoleCode>Principal Investigator</RoleCode>
    </Investigator>
    <Investigator>
      <FirstName>Chris</FirstName>
      <LastName>Simon</LastName>
      <EmailAddress>chris.simon@uconn.edu</EmailAddress>
      <StartDate>08/06/1997</StartDate>
      <EndDate/>
      <RoleCode>Co-Principal Investigator</RoleCode>
    </Investigator>
    <Institution>
      <Name>University of Connecticut</Name>
      <CityName>Storrs</CityName>
      <ZipCode>062691133</ZipCode>
      <PhoneNumber>8604863622</PhoneNumber>
      <StreetAddress>438 Whitney Road Ext.</StreetAddress>
      <CountryName>United States</CountryName>
      <StateName>Connecticut</StateName>
      <StateCode>CT</StateCode>
    </Institution>
    <FoaInformation>
      <Code>0000099</Code>
      <Name>Other Applications NEC</Name>
    </FoaInformation>
  </Award>
</rootTag>
