<?xml version="1.0" encoding="UTF-8"?>

<rootTag>
  <Award>
    <AwardTitle>CAREER: Dynamic Optimization of Software Component Systems</AwardTitle>
    <AwardEffectiveDate>03/01/1997</AwardEffectiveDate>
    <AwardExpirationDate>02/28/2001</AwardExpirationDate>
    <AwardAmount>210000</AwardAmount>
    <AwardInstrument>
      <Value>Continuing grant</Value>
    </AwardInstrument>
    <Organization>
      <Code>05010400</Code>
      <Directorate>
        <LongName>Direct For Computer &amp; Info Scie &amp; Enginr</LongName>
      </Directorate>
      <Division>
        <LongName>Division of Computing and Communication Foundations</LongName>
      </Division>
    </Organization>
    <ProgramOfficer>
      <SignBlockName>Mukesh Singhal</SignBlockName>
    </ProgramOfficer>
    <AbstractNarration>An existing component-oriented software system that is based on a platform-independent software distribution format will be augmented by a dynamic re-optimizer. The existing system already employs load-time code generation that happens in a single burst and puts compilation speed ahead of code quality, so that program execution can commence immediately. The additional re-optimizer will improve this situation by continually re-generating the object code of all active software components in the background, applying aggressive intermodular optimization techniques. Hence, it will combine a collection of independently compiled and distributed software components into a single, fully cross-optimized, quasi- monolithic code image, and then supplant the currently executing version of the code by the newly generated image. Re- optimization will be guided by run-time profiling data, so that successive re-optimizations will adapt to shifting usage patterns. Dynamic code generation will enable component- oriented systems to match or even surpass the efficiency of statically optimized software, in spite of being extensible at run-time. Concurrently with this research, a new upper-division undergraduate course sequence on language implementation will be developed.***</AbstractNarration>
    <MinAmdLetterDate>03/31/1997</MinAmdLetterDate>
    <MaxAmdLetterDate>01/07/2000</MaxAmdLetterDate>
    <ARRAAmount/>
    <AwardID>9701400</AwardID>
    <Investigator>
      <FirstName>Michael</FirstName>
      <LastName>Franz</LastName>
      <EmailAddress>franz@uci.edu</EmailAddress>
      <StartDate>03/31/1997</StartDate>
      <EndDate/>
      <RoleCode>Principal Investigator</RoleCode>
    </Investigator>
    <Institution>
      <Name>University of California-Irvine</Name>
      <CityName>Irvine</CityName>
      <ZipCode>926173213</ZipCode>
      <PhoneNumber>9498247295</PhoneNumber>
      <StreetAddress>141 Innovation Drive, Ste 250</StreetAddress>
      <CountryName>United States</CountryName>
      <StateName>California</StateName>
      <StateCode>CA</StateCode>
    </Institution>
    <FoaInformation>
      <Code>0000099</Code>
      <Name>Other Applications NEC</Name>
    </FoaInformation>
    <ProgramElement>
      <Code>2876</Code>
      <Text>DISTRIBUTED SYSTEMS</Text>
    </ProgramElement>
    <ProgramElement>
      <Code>2890</Code>
      <Text>CISE RESEARCH RESOURCES</Text>
    </ProgramElement>
    <ProgramReference>
      <Code>1045</Code>
      <Text>CAREER: FACULTY EARLY CAR DEV</Text>
    </ProgramReference>
    <ProgramReference>
      <Code>2891</Code>
      <Text>WORKSTATION MATCHING AWARDS</Text>
    </ProgramReference>
    <ProgramReference>
      <Code>9216</Code>
      <Text>ADVANCED SOFTWARE TECH &amp; ALGOR</Text>
    </ProgramReference>
    <ProgramReference>
      <Code>9251</Code>
      <Text>RES EXPER FOR UNDERGRAD-SUPPLT</Text>
    </ProgramReference>
    <ProgramReference>
      <Code>HPCC</Code>
      <Text>HIGH PERFORMANCE COMPUTING &amp; COMM</Text>
    </ProgramReference>
  </Award>
</rootTag>
