<?xml version="1.0" encoding="UTF-8"?>

<rootTag>
  <Award>
    <AwardTitle>Dissertation Research: Mechanisms of Species Compositional Change Due to Gap Creation in a Tallgrass Prairie</AwardTitle>
    <AwardEffectiveDate>05/01/1997</AwardEffectiveDate>
    <AwardExpirationDate>04/30/1999</AwardExpirationDate>
    <AwardAmount>5716</AwardAmount>
    <AwardInstrument>
      <Value>Standard Grant</Value>
    </AwardInstrument>
    <Organization>
      <Code>08010208</Code>
      <Directorate>
        <LongName>Direct For Biological Sciences</LongName>
      </Directorate>
      <Division>
        <LongName>Division Of Environmental Biology</LongName>
      </Division>
    </Organization>
    <ProgramOfficer>
      <SignBlockName>Margaret Palmer</SignBlockName>
    </ProgramOfficer>
    <AbstractNarration>9701250 Goldberg In this proposal, the PIs develop a framework to determine the mechanisms of species compositional change following the creation of a gap. It is critical that we learn the mechanistic basis for these changes to understand the process of, and thereby develop models for, gap dynamics. Release from competition due to reduction of neighbor biomass has been the assumed, but largely untested, mechanism responsible for species compositional change in disturbances. The competitive release hypothesis predicts that the competitive hierarchy remains unchanged but competitive inferior species are able to colonize a gap faster than the dominants. However, the PIs suggest that the competitive hierarchy may also shift in favor of species adapted to disturbed conditions. At least two other mechanisms of change could cause this shift in hierarchy: alterations in the abiotic environment independent of biotic effects and changes in neighborhood size-structure. The PIs will separate these three potential mechanisms of change in factorial manipulations of neighbor biomass (removed or present), abiotic soil alteration (soil disturbed or undisturbed) and neighborhood size-structure (juvenile colonists or adults). Data on the absolute and relative performance due to each of these components will allow us to compare the responses of six target species. Preliminary results suggest that the experimental design is able to separate these effects and that species characteristic of gaps respond differently to components of change compared to non-gap species.</AbstractNarration>
    <MinAmdLetterDate>05/20/1997</MinAmdLetterDate>
    <MaxAmdLetterDate>05/20/1997</MaxAmdLetterDate>
    <ARRAAmount/>
    <AwardID>9701250</AwardID>
    <Investigator>
      <FirstName>Deborah</FirstName>
      <LastName>Goldberg</LastName>
      <EmailAddress>degold@umich.edu</EmailAddress>
      <StartDate>05/20/1997</StartDate>
      <EndDate/>
      <RoleCode>Principal Investigator</RoleCode>
    </Investigator>
    <Institution>
      <Name>University of Michigan Ann Arbor</Name>
      <CityName>Ann Arbor</CityName>
      <ZipCode>481091274</ZipCode>
      <PhoneNumber>7347636438</PhoneNumber>
      <StreetAddress>3003 South State St. Room 1062</StreetAddress>
      <CountryName>United States</CountryName>
      <StateName>Michigan</StateName>
      <StateCode>MI</StateCode>
    </Institution>
    <FoaInformation>
      <Code>0510301</Code>
      <Name>Structure &amp; Function</Name>
    </FoaInformation>
  </Award>
</rootTag>
