<?xml version="1.0" encoding="UTF-8"?>

<rootTag>
  <Award>
    <AwardTitle>Collaborative Research: Argon Retentivity and Closure Temperature in Micas and Amphiboles</AwardTitle>
    <AwardEffectiveDate>01/01/1997</AwardEffectiveDate>
    <AwardExpirationDate>09/30/2000</AwardExpirationDate>
    <AwardAmount>117848</AwardAmount>
    <AwardInstrument>
      <Value>Standard Grant</Value>
    </AwardInstrument>
    <Organization>
      <Code>06030107</Code>
      <Directorate>
        <LongName>Directorate For Geosciences</LongName>
      </Directorate>
      <Division>
        <LongName>Division Of Earth Sciences</LongName>
      </Division>
    </Organization>
    <ProgramOfficer>
      <SignBlockName>David Lambert</SignBlockName>
    </ProgramOfficer>
    <AbstractNarration>9701496 Foland This project involves a collaborative, multi-faceted, and multi-disciplinary investigation of compositional and other factors governing Ar retention, Ar closure temperature, and 40Ar/39Ar cooling ages in natural amphiboles and micas. The fundamental research objectives are to: (1) determine the compositional dependence of Ar retentivity within dioctahedral and trioctahedral micas and common amphiboles; (2) examine the role of grain boundaries and sub-grain domains on Ar retentivity; (3) examine the diffusion geometry or anisotropy of Ar in these minerals; (4) test rigorously the ionic-porosity model for Ar retention, and secondarily for Sr and Ca; (5) refine our basic understanding of the crystallographic factors influencing Ar transport and closure temperatures, and (6) add to existing knowledge of cooling history in selected orogenic terranes. The field aspect of the proposed work will be focussed in the Adirondack Mountains, NY, and the Black Hills, SD.</AbstractNarration>
    <MinAmdLetterDate>12/19/1996</MinAmdLetterDate>
    <MaxAmdLetterDate>11/10/1999</MaxAmdLetterDate>
    <ARRAAmount/>
    <AwardID>9701496</AwardID>
    <Investigator>
      <FirstName>Kenneth</FirstName>
      <LastName>Foland</LastName>
      <EmailAddress>foland.1@osu.edu</EmailAddress>
      <StartDate>12/19/1996</StartDate>
      <EndDate/>
      <RoleCode>Principal Investigator</RoleCode>
    </Investigator>
    <Institution>
      <Name>Ohio State University Research Foundation -DO NOT USE</Name>
      <CityName>Columbus</CityName>
      <ZipCode>432101016</ZipCode>
      <PhoneNumber>6142923732</PhoneNumber>
      <StreetAddress>1960 KENNY RD</StreetAddress>
      <CountryName>United States</CountryName>
      <StateName>Ohio</StateName>
      <StateCode>OH</StateCode>
    </Institution>
  </Award>
</rootTag>
