<?xml version="1.0" encoding="UTF-8"?>

<rootTag>
  <Award>
    <AwardTitle>Dissertation Research: Dispersal in Patch Mosaics</AwardTitle>
    <AwardEffectiveDate>07/01/1997</AwardEffectiveDate>
    <AwardExpirationDate>06/30/2000</AwardExpirationDate>
    <AwardAmount>6300</AwardAmount>
    <AwardInstrument>
      <Value>Standard Grant</Value>
    </AwardInstrument>
    <Organization>
      <Code>08010207</Code>
      <Directorate>
        <LongName>Direct For Biological Sciences</LongName>
      </Directorate>
      <Division>
        <LongName>Division Of Environmental Biology</LongName>
      </Division>
    </Organization>
    <ProgramOfficer>
      <SignBlockName>William Michener</SignBlockName>
    </ProgramOfficer>
    <AbstractNarration>9701591 Palmer Stream environments are difficult to fully understand because food and living space tend to be distributed in an uneven way, and animals move extensively within the environment. These are factors which have lately received much attention separately, but not together. In particular, many theoretical studies assume either that animals move at random, or that they have perfect knowledge of their environment, and thus can determine the best location to move to. However, many animals do not fit these simplified ideas-they can control their movements to some extent but do not have extensive information about their environment. The investigators will use computer models, with varying levels of biological realism, to determine how animals move within the uneven stream environment, and how their movement affects population sizes and stability. They will also perform experiments in an artificial stream to determine how much control small stream invertebrates can exert over their movement in the face of flow. The movement patterns and population levels of small stream invertebrates have important consequences for the stream environment, because they form the base of the stream food web and are involved in the microbial processes web as well.</AbstractNarration>
    <MinAmdLetterDate>06/05/1997</MinAmdLetterDate>
    <MaxAmdLetterDate>08/06/1999</MaxAmdLetterDate>
    <ARRAAmount/>
    <AwardID>9701591</AwardID>
    <Investigator>
      <FirstName>Marco</FirstName>
      <LastName>Colombini</LastName>
      <EmailAddress>colombini@umd.edu</EmailAddress>
      <StartDate>08/06/1999</StartDate>
      <EndDate/>
      <RoleCode>Principal Investigator</RoleCode>
    </Investigator>
    <Investigator>
      <FirstName>Peter</FirstName>
      <LastName>Abrams</LastName>
      <EmailAddress>abrams@zool.umd.edu</EmailAddress>
      <StartDate>06/05/1997</StartDate>
      <EndDate/>
      <RoleCode>Co-Principal Investigator</RoleCode>
    </Investigator>
    <Investigator>
      <FirstName>Margaret</FirstName>
      <LastName>Palmer</LastName>
      <EmailAddress>mpalmer@umd.edu</EmailAddress>
      <StartDate>06/05/1997</StartDate>
      <EndDate>08/06/1999</EndDate>
      <RoleCode>Former Principal Investigator</RoleCode>
    </Investigator>
    <Institution>
      <Name>University of Maryland College Park</Name>
      <CityName>COLLEGE PARK</CityName>
      <ZipCode>207425141</ZipCode>
      <PhoneNumber>3014056269</PhoneNumber>
      <StreetAddress>3112 LEE BLDG 7809 Regents Drive</StreetAddress>
      <CountryName>United States</CountryName>
      <StateName>Maryland</StateName>
      <StateCode>MD</StateCode>
    </Institution>
  </Award>
</rootTag>
