<?xml version="1.0" encoding="UTF-8"?>

<rootTag>
  <Award>
    <AwardTitle>Multinuclear NMR Studies of Structure &amp; Dynamics in Complex Molecular Assemblies</AwardTitle>
    <AwardEffectiveDate>08/01/1997</AwardEffectiveDate>
    <AwardExpirationDate>07/31/2001</AwardExpirationDate>
    <AwardAmount>538000</AwardAmount>
    <AwardInstrument>
      <Value>Continuing grant</Value>
    </AwardInstrument>
    <Organization>
      <Code>03090004</Code>
      <Directorate>
        <LongName>Direct For Mathematical &amp; Physical Scien</LongName>
      </Directorate>
      <Division>
        <LongName>Division Of Chemistry</LongName>
      </Division>
    </Organization>
    <ProgramOfficer>
      <SignBlockName>Alfons Weber</SignBlockName>
    </ProgramOfficer>
    <AbstractNarration>Gina L. Hoatson and Robert L. Vold of the College of William and Mary are supported by the Experimental Physical Chemistry Program in their continuing studies using solid-state deuteron nuclear magnetic resonance (NMR) spectroscopy and the extension of their work using nitrogen-14 and carbon-13 NMR. To overcome the low chemical shift resolution inherent using standard methods for obtaining solid-state deuteron NMR, they will use magic angle spinning (MAS) experiments to measure very slow motional rates. For carbon-13, they plan to exploit a new two dimensional methodology, Variable Angle correlation SpectroscopY (VACSY), and obtain information about orientation dependent relaxation by combining this with spin temperature alternation. For nitrogen-14, the PIs propose to use overtone spectroscopy with stochastic excitation as an alternative to the technically demanding direct detection of single quantum nitrogen-14 NMR signals. These new techniques are to be applied to urea inclusion compounds and dendritic polyamidoamines. New uses of molecular dynamic simulations for interpreting NMR data for complex molecular assemblies will also be explored. This work involves novel multinuclear NMR techniques for determining structure and dynamics in complex molecular assemblies. An improved understanding of order and motion at the molecular level will increase knowledge of how these correlate with macroscopic properties. Eventually, this cognition may help direct the design of new materials with properties optimized for specific applications.</AbstractNarration>
    <MinAmdLetterDate>08/19/1997</MinAmdLetterDate>
    <MaxAmdLetterDate>06/07/1999</MaxAmdLetterDate>
    <ARRAAmount/>
    <AwardID>9701014</AwardID>
    <Investigator>
      <FirstName>Gina</FirstName>
      <LastName>Hoatson</LastName>
      <EmailAddress>gina@physics.wm.edu</EmailAddress>
      <StartDate>08/19/1997</StartDate>
      <EndDate/>
      <RoleCode>Principal Investigator</RoleCode>
    </Investigator>
    <Investigator>
      <FirstName>Robert</FirstName>
      <LastName>Vold</LastName>
      <EmailAddress>rlvold@wm.edu</EmailAddress>
      <StartDate>08/19/1997</StartDate>
      <EndDate/>
      <RoleCode>Co-Principal Investigator</RoleCode>
    </Investigator>
    <Institution>
      <Name>College of William and Mary</Name>
      <CityName>Williamsburg</CityName>
      <ZipCode>231878795</ZipCode>
      <PhoneNumber>7572213966</PhoneNumber>
      <StreetAddress>Office of Sponsored Programs</StreetAddress>
      <CountryName>United States</CountryName>
      <StateName>Virginia</StateName>
      <StateCode>VA</StateCode>
    </Institution>
    <FoaInformation>
      <Code>0000099</Code>
      <Name>Other Applications NEC</Name>
    </FoaInformation>
    <ProgramElement>
      <Code>1962</Code>
      <Text>SPECTROSCOPY</Text>
    </ProgramElement>
    <ProgramReference>
      <Code>0000</Code>
      <Text>UNASSIGNED</Text>
    </ProgramReference>
    <ProgramReference>
      <Code>OTHR</Code>
      <Text>OTHER RESEARCH OR EDUCATION</Text>
    </ProgramReference>
  </Award>
</rootTag>
