<?xml version="1.0" encoding="UTF-8"?>

<rootTag>
  <Award>
    <AwardTitle>CAREER: Wavelet-Based Nonlinear Digital Signal Processing</AwardTitle>
    <AwardEffectiveDate>09/01/1997</AwardEffectiveDate>
    <AwardExpirationDate>08/31/2001</AwardExpirationDate>
    <AwardAmount>212681</AwardAmount>
    <AwardInstrument>
      <Value>Standard Grant</Value>
    </AwardInstrument>
    <Organization>
      <Code>05010800</Code>
      <Directorate>
        <LongName>Direct For Computer &amp; Info Scie &amp; Enginr</LongName>
      </Directorate>
      <Division>
        <LongName>Division of Computing and Communication Foundations</LongName>
      </Division>
    </Organization>
    <ProgramOfficer>
      <SignBlockName>John Cozzens</SignBlockName>
    </ProgramOfficer>
    <AbstractNarration>The application of Digital Signal Processing (DSP) has been driven by the rapid growth of digital computing power and the need for fast, reliable computer processing techniques for communication, biomedical, manufacturing, seismic, radar, and a wide variety of other signals for commercial and scientific interest. Despite the great success of traditional DSP techniques, many real- world problems remain unsolved due to the nonlinearities and non-Gaussian noises often encountered in these applications. Solving these more complex problems requires the development of new, more flexible, nonlinear DSP theory and tools. The objectives of this project are to develop these new tools and theory, and to transfer them directly into practice and into the engineering classroom. A new framework for nonlinear DSP based on the wavelet transform is currently under study. The desirable properties of the wavelet transform, such as time- frequency localization and signal compression, are being exploited to develop sophisticated, yet tractable, nonlinear processing techniques. Key elements of the work include the development of statistical re-sampling methods and data- adaptive wavelet analyses for nonlinear DSP. Applications of the new framework to cross-disciplinary problems in imaging and communications are being investigated. The principal investigator is concurrently developing innovative approaches to engineering education including Internet-based tutorials and documentation of new research, cross-disciplinary student design projects, and tools for curriculum assessment.</AbstractNarration>
    <MinAmdLetterDate>03/13/1997</MinAmdLetterDate>
    <MaxAmdLetterDate>11/04/1997</MaxAmdLetterDate>
    <ARRAAmount/>
    <AwardID>9701692</AwardID>
    <Investigator>
      <FirstName>Robert</FirstName>
      <LastName>Nowak</LastName>
      <EmailAddress>rdnowak@wisc.edu</EmailAddress>
      <StartDate>03/13/1997</StartDate>
      <EndDate/>
      <RoleCode>Principal Investigator</RoleCode>
    </Investigator>
    <Institution>
      <Name>Michigan State University</Name>
      <CityName>East Lansing</CityName>
      <ZipCode>488242600</ZipCode>
      <PhoneNumber>5173555040</PhoneNumber>
      <StreetAddress>Office of Sponsored Programs</StreetAddress>
      <CountryName>United States</CountryName>
      <StateName>Michigan</StateName>
      <StateCode>MI</StateCode>
    </Institution>
    <FoaInformation>
      <Code>0206000</Code>
      <Name>Telecommunications</Name>
    </FoaInformation>
    <ProgramElement>
      <Code>2890</Code>
      <Text>CISE RESEARCH RESOURCES</Text>
    </ProgramElement>
    <ProgramElement>
      <Code>4720</Code>
      <Text>SIGNAL PROCESSING SYS PROGRAM</Text>
    </ProgramElement>
    <ProgramReference>
      <Code>1045</Code>
      <Text>CAREER: FACULTY EARLY CAR DEV</Text>
    </ProgramReference>
    <ProgramReference>
      <Code>1187</Code>
      <Text>PECASE- eligible</Text>
    </ProgramReference>
    <ProgramReference>
      <Code>2891</Code>
      <Text>WORKSTATION MATCHING AWARDS</Text>
    </ProgramReference>
    <ProgramReference>
      <Code>9178</Code>
      <Text>UNDERGRADUATE EDUCATION</Text>
    </ProgramReference>
    <ProgramReference>
      <Code>9218</Code>
      <Text>BASIC RESEARCH &amp; HUMAN RESORCS</Text>
    </ProgramReference>
    <ProgramReference>
      <Code>HPCC</Code>
      <Text>HIGH PERFORMANCE COMPUTING &amp; COMM</Text>
    </ProgramReference>
    <ProgramReference>
      <Code>SMET</Code>
      <Text>SCIENCE, MATH, ENG &amp; TECH EDUCATION</Text>
    </ProgramReference>
  </Award>
</rootTag>
