<?xml version="1.0" encoding="UTF-8"?>

<rootTag>
  <Award>
    <AwardTitle>CAREER: Realizing Cost-effective Parallel Systems Using an Application-driven Approach</AwardTitle>
    <AwardEffectiveDate>06/01/1997</AwardEffectiveDate>
    <AwardExpirationDate>05/31/2002</AwardExpirationDate>
    <AwardAmount>222948</AwardAmount>
    <AwardInstrument>
      <Value>Standard Grant</Value>
    </AwardInstrument>
    <Organization>
      <Code>05010300</Code>
      <Directorate>
        <LongName>Direct For Computer &amp; Info Scie &amp; Enginr</LongName>
      </Directorate>
      <Division>
        <LongName>Division of Computing and Communication Foundations</LongName>
      </Division>
    </Organization>
    <ProgramOfficer>
      <SignBlockName>Yavuz A. Oruc</SignBlockName>
    </ProgramOfficer>
    <AbstractNarration>Parallel computing is becoming increasingly important to scientific advancement and economic development. For parallel computation to succeed we need to build machines that deliver high performance on real-world applications. This project attempts to measure application performance on networks of workstations and to implement applications to tolerate the high latencies in such networks. The initial applications under study come from computational biology and from geographic information systems. The integration of software, architectural, and applications topics will be emphasized both in research and in courses developed in this project.</AbstractNarration>
    <MinAmdLetterDate>05/16/1997</MinAmdLetterDate>
    <MaxAmdLetterDate>09/23/1999</MaxAmdLetterDate>
    <ARRAAmount/>
    <AwardID>9701475</AwardID>
    <Investigator>
      <FirstName>Anand</FirstName>
      <LastName>Sivasubramaniam</LastName>
      <EmailAddress>anand@cse.psu.edu</EmailAddress>
      <StartDate>05/16/1997</StartDate>
      <EndDate/>
      <RoleCode>Principal Investigator</RoleCode>
    </Investigator>
    <Institution>
      <Name>Pennsylvania State Univ University Park</Name>
      <CityName>UNIVERSITY PARK</CityName>
      <ZipCode>168027000</ZipCode>
      <PhoneNumber>8148651372</PhoneNumber>
      <StreetAddress>110 Technology Center Building</StreetAddress>
      <CountryName>United States</CountryName>
      <StateName>Pennsylvania</StateName>
      <StateCode>PA</StateCode>
    </Institution>
    <FoaInformation>
      <Code>0206000</Code>
      <Name>Telecommunications</Name>
    </FoaInformation>
  </Award>
</rootTag>
