<?xml version="1.0" encoding="UTF-8"?>

<rootTag>
  <Award>
    <AwardTitle>Dissertation Research: Molecular Characterization and Population Biology of P Elements in Natural Populations of Drosophila</AwardTitle>
    <AwardEffectiveDate>06/01/1997</AwardEffectiveDate>
    <AwardExpirationDate>11/30/1999</AwardExpirationDate>
    <AwardAmount>9980</AwardAmount>
    <AwardInstrument>
      <Value>Standard Grant</Value>
    </AwardInstrument>
    <Organization>
      <Code>08010207</Code>
      <Directorate>
        <LongName>Direct For Biological Sciences</LongName>
      </Directorate>
      <Division>
        <LongName>Division Of Environmental Biology</LongName>
      </Division>
    </Organization>
    <ProgramOfficer>
      <SignBlockName>Samuel M. Scheiner</SignBlockName>
    </ProgramOfficer>
    <AbstractNarration>9701252 Kidwell Transposable elements (TEs) are present in most organisms, including humans, flies, plants and bacteria, where they can constitute up to 40% or more of the genetic material. Despite their abundance, very little is known about how TEs evolve. This project is to study the evolution of P elements, a family of TEs found in fruitflies of the genus Drosophila. TEs are mobile DNA segments that can self-replicate and insert into new chromosomal sites of the host species. Like viruses, they can also transfer to new hosts. P element DNA of flies of two Drosophila species will be sequenced. The goals are 1) to assess variation in P element structure and sequence in natural populations; 2) to investigate nucleotide substitution rates in different element regions and to assess what those rates reveal about the presence of selective constraints; and 3) to estimate the rate of transfer of P elements between Drosophila species. This investigation will contribute to understanding the processes that determine the evolution and maintenance of TEs in genomes through time. Because TEs and viruses have similarities in host invasion capabilities and in DNA structure, these results will shed light on how viruses themselves are maintained and evolve in their host organisms.</AbstractNarration>
    <MinAmdLetterDate>05/27/1997</MinAmdLetterDate>
    <MaxAmdLetterDate>10/13/1999</MaxAmdLetterDate>
    <ARRAAmount/>
    <AwardID>9701252</AwardID>
    <Investigator>
      <FirstName>Margaret</FirstName>
      <LastName>Kidwell</LastName>
      <EmailAddress>kidwell@azstarnet.com</EmailAddress>
      <StartDate>05/27/1997</StartDate>
      <EndDate/>
      <RoleCode>Principal Investigator</RoleCode>
    </Investigator>
    <Institution>
      <Name>University of Arizona</Name>
      <CityName>Tucson</CityName>
      <ZipCode>857194824</ZipCode>
      <PhoneNumber>5206266000</PhoneNumber>
      <StreetAddress>888 N Euclid Ave</StreetAddress>
      <CountryName>United States</CountryName>
      <StateName>Arizona</StateName>
      <StateCode>AZ</StateCode>
    </Institution>
    <FoaInformation>
      <Code>0312000</Code>
      <Name>Population</Name>
    </FoaInformation>
    <ProgramElement>
      <Code>1174</Code>
      <Text>POPULATION DYNAMICS</Text>
    </ProgramElement>
    <ProgramReference>
      <Code>9169</Code>
      <Text>BIODIVERSITY AND ECOSYSTEM DYNAMICS</Text>
    </ProgramReference>
    <ProgramReference>
      <Code>9179</Code>
      <Text>GRADUATE INVOLVEMENT</Text>
    </ProgramReference>
    <ProgramReference>
      <Code>EGCH</Code>
      <Text>ENVIRONMENT AND GLOBAL CHANGE</Text>
    </ProgramReference>
  </Award>
</rootTag>
