<?xml version="1.0" encoding="UTF-8"?>

<rootTag>
  <Award>
    <AwardTitle>The Classification of Finite Simple Groups</AwardTitle>
    <AwardEffectiveDate>06/01/1997</AwardEffectiveDate>
    <AwardExpirationDate>05/31/2001</AwardExpirationDate>
    <AwardAmount>210000</AwardAmount>
    <AwardInstrument>
      <Value>Continuing grant</Value>
    </AwardInstrument>
    <Organization>
      <Code>03040300</Code>
      <Directorate>
        <LongName>Direct For Mathematical &amp; Physical Scien</LongName>
      </Directorate>
      <Division>
        <LongName>Division Of Mathematical Sciences</LongName>
      </Division>
    </Organization>
    <ProgramOfficer>
      <SignBlockName>Joseph P. Brennan</SignBlockName>
    </ProgramOfficer>
    <AbstractNarration>LYONS/SOLOMON 97-01253 This project is a continuation of the revision project begun with Danny Gorenstein for the proof of the classification of the finite simple groups. The proposers contemplate publishing three volumes during the period of the grant(two already having been published). The first of the three is devoted to laying the groundwork for establishing the many properties of the known simple groups necessary for the proof. The second and third are devoted to various uniqueness theorems, the key underlying theorems for the proof. In the second will be Bender's strongly embedded subgroup theorem and variations; new theorems on p-component uniqueness subgroups; and a version of the global C(G,T)-theorem, partly in collaboration with Richard Foote. In the third will be preparation theorems for the uniqueness case for groups of even type, connecting p-uniqueness and 2- uniqueness case from an amalgam-theoretic point of view, written by Gernot Stroth. The finite simple groups were classified in an ever-accelerating process which culminated around 1980, in a proof depending on hundreds of articles totaling tens of thousands of pages. Because of the central position of this result in group theory and its many applications, as well as the length and complexity of the proof, the current effort was begun. The goal is a coherent proof, as direct and clear as possible and using the best ideas at present. The proof is now conceived as a series of roughly ten volumes, of which the first two have already appeared.</AbstractNarration>
    <MinAmdLetterDate>05/02/1997</MinAmdLetterDate>
    <MaxAmdLetterDate>06/21/1999</MaxAmdLetterDate>
    <ARRAAmount/>
    <AwardID>9701253</AwardID>
    <Investigator>
      <FirstName>Richard</FirstName>
      <LastName>Lyons</LastName>
      <EmailAddress>lyons@math.rutgers.edu</EmailAddress>
      <StartDate>05/02/1997</StartDate>
      <EndDate/>
      <RoleCode>Principal Investigator</RoleCode>
    </Investigator>
    <Institution>
      <Name>Rutgers University New Brunswick</Name>
      <CityName>Piscataway</CityName>
      <ZipCode>088543925</ZipCode>
      <PhoneNumber>8489320150</PhoneNumber>
      <StreetAddress>33 Knightsbridge Road</StreetAddress>
      <CountryName>United States</CountryName>
      <StateName>New Jersey</StateName>
      <StateCode>NJ</StateCode>
    </Institution>
    <FoaInformation>
      <Code>0000099</Code>
      <Name>Other Applications NEC</Name>
    </FoaInformation>
    <ProgramElement>
      <Code>1264</Code>
      <Text>ALGEBRA,NUMBER THEORY,AND COM</Text>
    </ProgramElement>
    <ProgramReference>
      <Code>0000</Code>
      <Text>UNASSIGNED</Text>
    </ProgramReference>
    <ProgramReference>
      <Code>OTHR</Code>
      <Text>OTHER RESEARCH OR EDUCATION</Text>
    </ProgramReference>
  </Award>
</rootTag>
