<?xml version="1.0" encoding="UTF-8"?>

<rootTag>
  <Award>
    <AwardTitle>Multidisciplinary Center for Earthquake Engineering Research (MCEER)</AwardTitle>
    <AwardEffectiveDate>10/01/1997</AwardEffectiveDate>
    <AwardExpirationDate>03/31/2008</AwardExpirationDate>
    <AwardAmount>20884969</AwardAmount>
    <AwardInstrument>
      <Value>Cooperative Agreement</Value>
    </AwardInstrument>
    <Organization>
      <Code>07050000</Code>
      <Directorate>
        <LongName>Directorate For Engineering</LongName>
      </Directorate>
      <Division>
        <LongName>Div Of Engineering Education and Centers</LongName>
      </Division>
    </Organization>
    <ProgramOfficer>
      <SignBlockName>Vilas Mujumdar</SignBlockName>
    </ProgramOfficer>
    <AbstractNarration>9701471 Lee The Center for Advanced Technologies in Earthquake Loss- Reduction (ATEL) is a nine-institution consortium, closely linked under an integrated research and management framework using modern communication networks. The thrust of this center will be the development and application of advanced and emerging technologies for design, construction, and intelligent engineering renewal of buildings and civil infrastructure in reducing earthquake losses. An integral part of the research is associated with loss-reduction: removal of socio-economic barriers; and development of incentives for new knowledge and technology. This EERC will carry out an integrated research, education and outreach program that will be built on three major elements: (a) performance assessment of the built environment; (b) rehabilitation of critical facilities; and (c) response and recovery using new loss estimation methodologies and advanced technologies. The technological foci of the research are: high-performance computing; site remediation; structural control and monitoring; smart and high- performance materials; condition assessment; robotics systems; and decision-making systems. A comprehensive education plan for graduate and undergraduate students, K- 12, professionals and the public sector is integrated with the research plan and is supported by two user networks focused upon: (a) advanced computation; and (b) experimental facilities. An innovative outreach program will be implemented to promote and develop: public awareness; professional training and re-education; and partnerships for knowledge/technology transfer and utilization. The Center for ATEL is one of three EERC's networked with an overarching governing board to provide synergism in creating new knowledge and technology, educating the next generation of earthquake engineers and scientists, and providing outreach to industry, government, pre-college schools and potential user groups.</AbstractNarration>
    <MinAmdLetterDate>09/30/1997</MinAmdLetterDate>
    <MaxAmdLetterDate>08/10/2007</MaxAmdLetterDate>
    <ARRAAmount/>
    <AwardID>9701471</AwardID>
    <Investigator>
      <FirstName>Michel</FirstName>
      <LastName>Bruneau</LastName>
      <EmailAddress>bruneau@buffalo.edu</EmailAddress>
      <StartDate>09/26/2003</StartDate>
      <EndDate/>
      <RoleCode>Principal Investigator</RoleCode>
    </Investigator>
    <Investigator>
      <FirstName>George</FirstName>
      <LastName>Lee</LastName>
      <EmailAddress>gclee@buffalo.edu</EmailAddress>
      <StartDate>06/23/2000</StartDate>
      <EndDate>09/26/2003</EndDate>
      <RoleCode>Former Principal Investigator</RoleCode>
    </Investigator>
    <Investigator>
      <FirstName>Andre</FirstName>
      <LastName>Filiatrault</LastName>
      <EmailAddress>af36@buffalo.edu</EmailAddress>
      <StartDate>09/26/2003</StartDate>
      <EndDate>09/29/2004</EndDate>
      <RoleCode>Former Co-Principal Investigator</RoleCode>
    </Investigator>
    <Institution>
      <Name>SUNY at Buffalo</Name>
      <CityName>Amherst</CityName>
      <ZipCode>142282567</ZipCode>
      <PhoneNumber>7166452634</PhoneNumber>
      <StreetAddress>520 Lee Entrance</StreetAddress>
      <CountryName>United States</CountryName>
      <StateName>New York</StateName>
      <StateCode>NY</StateCode>
    </Institution>
    <FoaInformation>
      <Code>0304010</Code>
      <Name>Earthquake</Name>
    </FoaInformation>
    <ProgramElement>
      <Code>1360</Code>
      <Text>HUMAN RESOURCES DEVELOPMENT</Text>
    </ProgramElement>
    <ProgramElement>
      <Code>1385</Code>
      <Text>SPECIAL STUDIES AND ANALYSES</Text>
    </ProgramElement>
    <ProgramElement>
      <Code>1480</Code>
      <Text>ENGINEERING RESEARCH CENTERS</Text>
    </ProgramElement>
    <ProgramElement>
      <Code>1483</Code>
      <Text>EARTHQUAKE ENGINEER RESRCH CTR</Text>
    </ProgramElement>
    <ProgramReference>
      <Code>0000</Code>
      <Text>UNASSIGNED</Text>
    </ProgramReference>
    <ProgramReference>
      <Code>1039</Code>
      <Text>RENEWAL ENGINEERING</Text>
    </ProgramReference>
    <ProgramReference>
      <Code>116E</Code>
      <Text>RESEARCH EXP FOR UNDERGRADS</Text>
    </ProgramReference>
    <ProgramReference>
      <Code>1483</Code>
      <Text>EARTHQUAKE ENGINEER RESRCH CTR</Text>
    </ProgramReference>
    <ProgramReference>
      <Code>1576</Code>
      <Text>NATIONL EARTHQK HZRD REDCT PRG</Text>
    </ProgramReference>
    <ProgramReference>
      <Code>7915</Code>
      <Text>Ethics &amp; Values of SET</Text>
    </ProgramReference>
    <ProgramReference>
      <Code>9151</Code>
      <Text>EPSCOR OUTREACH</Text>
    </ProgramReference>
    <ProgramReference>
      <Code>9178</Code>
      <Text>UNDERGRADUATE EDUCATION</Text>
    </ProgramReference>
    <ProgramReference>
      <Code>9251</Code>
      <Text>RES EXPER FOR UNDERGRAD-SUPPLT</Text>
    </ProgramReference>
    <ProgramReference>
      <Code>CVIS</Code>
      <Text>CIVIL INFRASTRUCTURE</Text>
    </ProgramReference>
    <ProgramReference>
      <Code>OTHR</Code>
      <Text>OTHER RESEARCH OR EDUCATION</Text>
    </ProgramReference>
    <ProgramReference>
      <Code>SMET</Code>
      <Text>SCIENCE, MATH, ENG &amp; TECH EDUCATION</Text>
    </ProgramReference>
  </Award>
</rootTag>
