<?xml version="1.0" encoding="UTF-8"?>

<rootTag>
  <Award>
    <AwardTitle>Dissertation Research: Selection on Male Ornaments Through Male-Male Competition</AwardTitle>
    <AwardEffectiveDate>07/15/1997</AwardEffectiveDate>
    <AwardExpirationDate>06/30/2000</AwardExpirationDate>
    <AwardAmount>8150</AwardAmount>
    <AwardInstrument>
      <Value>Standard Grant</Value>
    </AwardInstrument>
    <Organization>
      <Code>08090300</Code>
      <Directorate>
        <LongName>Direct For Biological Sciences</LongName>
      </Directorate>
      <Division>
        <LongName>Division Of Integrative Organismal Systems</LongName>
      </Division>
    </Organization>
    <ProgramOfficer>
      <SignBlockName>Jerry O. Wolff</SignBlockName>
    </ProgramOfficer>
    <AbstractNarration>9701258 Dissertation Research: Selection on Male Ornaments Through Male-Male Competition Natural selection of ornaments in males have received considerable attention. Most recent attention, however, has focused on the role of female preference for male ornaments. One model regarding how such traits and preferences can begin to co-evolve is pre-existing bias. According to models of pre-existing bias, female preference predates the trait. The reasons such biases may exist are numerous, such as, a bias may be related to some other context (i.e. feeding) or to some means of nonspecific evaluation or due to some bias that no longer extant. Any trait that arises that can take advantage of such a bias would be selected. Though such biases are demonstrated in females of many species, contributing to the exaggerated and maintenance of male traits, it has not been examined whether males may also have such biases. This study will examine whether the males of one group may have pre-existing biases (in addition to the females) which has contributed to the exaggeration of a sexually selected trait. Intra-sexual selection due to pre existing biases may play an important role in the exaggeration of male traits, but have not been previously examined. Positive results from the proposed work would suggest that students of sexual selection should reexamine the role of male-male competition in the evolution of male traits.</AbstractNarration>
    <MinAmdLetterDate>07/07/1997</MinAmdLetterDate>
    <MaxAmdLetterDate>07/07/1997</MaxAmdLetterDate>
    <ARRAAmount/>
    <AwardID>9701258</AwardID>
    <Investigator>
      <FirstName>William E.</FirstName>
      <LastName>Wagner</LastName>
      <EmailAddress>wwagner@unlserve.unl.edu</EmailAddress>
      <StartDate>07/07/1997</StartDate>
      <EndDate/>
      <RoleCode>Co-Principal Investigator</RoleCode>
    </Investigator>
    <Investigator>
      <FirstName>Alexandra</FirstName>
      <LastName>Basolo</LastName>
      <EmailAddress>abasolo1@unl.edu</EmailAddress>
      <StartDate>07/07/1997</StartDate>
      <EndDate/>
      <RoleCode>Principal Investigator</RoleCode>
    </Investigator>
    <Institution>
      <Name>University of Nebraska-Lincoln</Name>
      <CityName>Lincoln</CityName>
      <ZipCode>685031435</ZipCode>
      <PhoneNumber>4024723171</PhoneNumber>
      <StreetAddress>151 Prem S. Paul Research Center</StreetAddress>
      <CountryName>United States</CountryName>
      <StateName>Nebraska</StateName>
      <StateCode>NE</StateCode>
    </Institution>
    <ProgramElement>
      <Code>1160</Code>
      <Text>IBN ANIMAL BEHAVIOR</Text>
    </ProgramElement>
    <ProgramReference>
      <Code>9169</Code>
      <Text>BIODIVERSITY AND ECOSYSTEM DYNAMICS</Text>
    </ProgramReference>
    <ProgramReference>
      <Code>9179</Code>
      <Text>GRADUATE INVOLVEMENT</Text>
    </ProgramReference>
    <ProgramReference>
      <Code>EGCH</Code>
      <Text>ENVIRONMENT AND GLOBAL CHANGE</Text>
    </ProgramReference>
  </Award>
</rootTag>
