<?xml version="1.0" encoding="UTF-8"?>

<rootTag>
  <Award>
    <AwardTitle>Noncommutative Projective Algebraic Geometry</AwardTitle>
    <AwardEffectiveDate>07/01/1997</AwardEffectiveDate>
    <AwardExpirationDate>12/31/2001</AwardExpirationDate>
    <AwardAmount>213046</AwardAmount>
    <AwardInstrument>
      <Value>Continuing grant</Value>
    </AwardInstrument>
    <Organization>
      <Code>03040200</Code>
      <Directorate>
        <LongName>Direct For Mathematical &amp; Physical Scien</LongName>
      </Directorate>
      <Division>
        <LongName>Division Of Mathematical Sciences</LongName>
      </Division>
    </Organization>
    <ProgramOfficer>
      <SignBlockName>B. Brent Gordon</SignBlockName>
    </ProgramOfficer>
    <AbstractNarration>Smith, 9701578 Abstract. The proposed research lies at the junction of non-commutative ring theory and algebraic geometry. The most abstract setting for the subject is to view a pair, consisting of an abelian category and a distinguished object in it, as the category of sheaves on some imaginary non-commutative space and the structure sheaf of the space. Such a pair is called a scheme. The category of modules over a ring together with the ring itself is a basic example. Much of the project involves the examination of special examples with the goal of getting a better understanding of the appropriate analogues of standard geometric notions such as subschemes, open, closed, singular, etc. Particular attention will be paid to non-commutative analogues of projective spaces; included in this are the Sklyanin algebras, which first arose from some problems in physics. It is also proposed to examine several homological properties of non-commutative rings, such as Auslander regularity, the Koszul property, and the Cohen-Macaulay property. The basic problem addressed by non-commutative ring theory is to understand the solutions in (possibly infinite) matrices to systems of polynomial equations in non-commuting variables. Non-commutative algebraic geometry aims to develop a more geometric approach to such a problem, essentially by viewing the solutions as geometric objects.</AbstractNarration>
    <MinAmdLetterDate>04/24/1997</MinAmdLetterDate>
    <MaxAmdLetterDate>05/19/1999</MaxAmdLetterDate>
    <ARRAAmount/>
    <AwardID>9701578</AwardID>
    <Investigator>
      <FirstName>Jian</FirstName>
      <LastName>Zhang</LastName>
      <EmailAddress>zhang@math.washington.edu</EmailAddress>
      <StartDate>04/24/1997</StartDate>
      <EndDate/>
      <RoleCode>Co-Principal Investigator</RoleCode>
    </Investigator>
    <Investigator>
      <FirstName>S. Paul</FirstName>
      <LastName>Smith</LastName>
      <EmailAddress>smith@math.washington.edu</EmailAddress>
      <StartDate>04/24/1997</StartDate>
      <EndDate/>
      <RoleCode>Principal Investigator</RoleCode>
    </Investigator>
    <Institution>
      <Name>University of Washington</Name>
      <CityName>Seattle</CityName>
      <ZipCode>981950001</ZipCode>
      <PhoneNumber>2065434043</PhoneNumber>
      <StreetAddress>4333 Brooklyn Ave NE</StreetAddress>
      <CountryName>United States</CountryName>
      <StateName>Washington</StateName>
      <StateCode>WA</StateCode>
    </Institution>
    <FoaInformation>
      <Code>0000099</Code>
      <Name>Other Applications NEC</Name>
    </FoaInformation>
    <ProgramElement>
      <Code>1264</Code>
      <Text>ALGEBRA,NUMBER THEORY,AND COM</Text>
    </ProgramElement>
    <ProgramReference>
      <Code>0000</Code>
      <Text>UNASSIGNED</Text>
    </ProgramReference>
    <ProgramReference>
      <Code>OTHR</Code>
      <Text>OTHER RESEARCH OR EDUCATION</Text>
    </ProgramReference>
  </Award>
</rootTag>
