<?xml version="1.0" encoding="UTF-8"?>

<rootTag>
  <Award>
    <AwardTitle>Dissertation Research: The Evolutionary Persistence of Gynogenetic Lineages and the Role of Frequencey-Dependent Expression of Mating Behaviors</AwardTitle>
    <AwardEffectiveDate>07/01/1997</AwardEffectiveDate>
    <AwardExpirationDate>06/30/2000</AwardExpirationDate>
    <AwardAmount>6075</AwardAmount>
    <AwardInstrument>
      <Value>Standard Grant</Value>
    </AwardInstrument>
    <Organization>
      <Code>08090300</Code>
      <Directorate>
        <LongName>Direct For Biological Sciences</LongName>
      </Directorate>
      <Division>
        <LongName>Division Of Integrative Organismal Sys</LongName>
      </Division>
    </Organization>
    <ProgramOfficer>
      <SignBlockName>John A. Byers</SignBlockName>
    </ProgramOfficer>
    <AbstractNarration>9701135 Hillis One of the more puzzling genetic questions is how clonal species maintain themselves through time. Gynogenetic species are clonal animals that face an obstacle to long-term persistence because reproduction is dependent on males of another species. A gynogenetic species cannot persist in isolation; it must coexist with another species whose males it is capable of parasitizing behaviorally. However, simple population models of such interactions predict that gynogenetic species should rapidly become extinct. The existence of gynogenetic species indicates that these models are an insufficient description of reality. One factor that would allow the persistence of the gynogenetic species is frequency-dependent behavior. This investigation will examine frequency-dependent behaviors and their role in the maintenance of gynogenetic species. A mathematical model will be constructed that incorporates frequency-dependent mate selection, and then the model will be tested using two species of poeciliid fish: the gynogenetic specie and the species upon which it depends. The model will establish the levels of frequency-dependent mating that theoretically can result in a stable equilibrium of a gynogenetic species and the species upon which it depends. The experiments will determine if mate selection is frequency-dependent and if frequency-dependence is great enough to explain the coexistence of gynogenetic species and the species they parasitize.</AbstractNarration>
    <MinAmdLetterDate>06/17/1997</MinAmdLetterDate>
    <MaxAmdLetterDate>06/17/1997</MaxAmdLetterDate>
    <ARRAAmount/>
    <AwardID>9701135</AwardID>
    <Investigator>
      <FirstName>David</FirstName>
      <LastName>Hillis</LastName>
      <EmailAddress>dhillis@austin.utexas.edu</EmailAddress>
      <StartDate>06/17/1997</StartDate>
      <EndDate/>
      <RoleCode>Principal Investigator</RoleCode>
    </Investigator>
    <Institution>
      <Name>University of Texas at Austin</Name>
      <CityName>Austin</CityName>
      <ZipCode>787121532</ZipCode>
      <PhoneNumber>5124716424</PhoneNumber>
      <StreetAddress>101 E. 27th Street, Suite 5.300</StreetAddress>
      <CountryName>United States</CountryName>
      <StateName>Texas</StateName>
      <StateCode>TX</StateCode>
    </Institution>
  </Award>
</rootTag>
