<?xml version="1.0" encoding="UTF-8"?>

<rootTag>
  <Award>
    <AwardTitle>CAREER: Soft Chemical Synthesis of Porous Materials Based on Cluster-Network Structures</AwardTitle>
    <AwardEffectiveDate>05/01/1997</AwardEffectiveDate>
    <AwardExpirationDate>04/30/2003</AwardExpirationDate>
    <AwardAmount>335000</AwardAmount>
    <AwardInstrument>
      <Value>Continuing grant</Value>
    </AwardInstrument>
    <Organization>
      <Code>03070007</Code>
      <Directorate>
        <LongName>Direct For Mathematical &amp; Physical Scien</LongName>
      </Directorate>
      <Division>
        <LongName>Division Of Materials Research</LongName>
      </Division>
    </Organization>
    <ProgramOfficer>
      <SignBlockName>David Nelson</SignBlockName>
    </ProgramOfficer>
    <AbstractNarration>9701507 Stein Metal polyanion or -cation clusters will be used as building blocks (or as metal precursors) to synthesize extended inorganic-organic network structures to design new classes of functional materials. The clusters will be preorganized in two- and three-dimensional structures using surfactants to optimize the cluster arrangements for linking; salt-gel reactions will be used to convert the pre-organized salt structures into high surface area mesoporous materials, with the salt-gel reactions studied in collaboration with Argonne National Labs; methods for the linkage of the inorganic clusters by organic connectors through hydrogen bonding, coordination polymerization, and covalent bonding will be developed; and optimized linking mechanisms will be combined with templating techniques to produce well-ordered structures with accessible void spaces. %%% New classes of functional porous materials based on cluster-network structures will be designed with void spaces for applications in catalysis, separations, sensing, optics or electronics. Integrating these current high-priority materials research challenges with the educational curriculum of this CAREER Program results in the training of students in areas of growing relevancy thereby advancing science and technology while improving job prospects for students. ***</AbstractNarration>
    <MinAmdLetterDate>04/18/1997</MinAmdLetterDate>
    <MaxAmdLetterDate>02/21/2001</MaxAmdLetterDate>
    <ARRAAmount/>
    <AwardID>9701507</AwardID>
    <Investigator>
      <FirstName>Andreas</FirstName>
      <LastName>Stein</LastName>
      <EmailAddress>a-stein@umn.edu</EmailAddress>
      <StartDate>04/18/1997</StartDate>
      <EndDate/>
      <RoleCode>Principal Investigator</RoleCode>
    </Investigator>
    <Institution>
      <Name>University of Minnesota-Twin Cities</Name>
      <CityName>Minneapolis</CityName>
      <ZipCode>554552070</ZipCode>
      <PhoneNumber>6126245599</PhoneNumber>
      <StreetAddress>200 OAK ST SE</StreetAddress>
      <CountryName>United States</CountryName>
      <StateName>Minnesota</StateName>
      <StateCode>MN</StateCode>
    </Institution>
    <FoaInformation>
      <Code>0106000</Code>
      <Name>Materials Research</Name>
    </FoaInformation>
  </Award>
</rootTag>
