<?xml version="1.0" encoding="UTF-8"?>

<rootTag>
  <Award>
    <AwardTitle>Dissertation Research: Natural Selection and Genetic Constraints on the Evolution of Tolerance to Herbivore Damage in Ipomoea purpurea</AwardTitle>
    <AwardEffectiveDate>06/01/1997</AwardEffectiveDate>
    <AwardExpirationDate>05/31/1999</AwardExpirationDate>
    <AwardAmount>6650</AwardAmount>
    <AwardInstrument>
      <Value>Standard Grant</Value>
    </AwardInstrument>
    <Organization>
      <Code>08010207</Code>
      <Directorate>
        <LongName>Direct For Biological Sciences</LongName>
      </Directorate>
      <Division>
        <LongName>Division Of Environmental Biology</LongName>
      </Division>
    </Organization>
    <ProgramOfficer>
      <SignBlockName>Elizabeth Lyons</SignBlockName>
    </ProgramOfficer>
    <AbstractNarration>9701330 Rausher The response of plants to herbivory has long been of interest to biologists. The majority of work in this area has focused on how plants defend themselves against herbivores - plant "resistance". However, plants may also tolerate herbivory (i.e. minimize the effect that herbivory has on productivity). Although plant tolerance to herbivore damage may dramatically alter how biologists think about plant-herbivore interactions, little is known about the ecology or genetics of tolerance. We will use field experiments and quantitative genetics to study the tolerance of the common morning glory, Ipomoea purpurea, to three types of herbivore damage. Specifically, we will i) measure genetic variation for tolerance, ii) characterize the genetic relationship between tolerance and other ecologically important traits, including resistance, and iii) measure the relationship between tolerance and plant productivity. The study of plant tolerance to herbivory may have important implications for agriculture. Herbivores are a major problem in modern agriculture leading to loss of productivity and requiring large inputs of expensive and environmentally harmful pesticides. Developing strains of crop plants that are more tolerant of herbivory may minimize the need to eliminate herbivore pests and therefore may contribute to more economically and environmentally sustainable agriculture. This study will provide important information on the genetics and ecology of tolerance which will be necessary for evaluating the role that plant tolerance may have in agricultural systems.</AbstractNarration>
    <MinAmdLetterDate>05/15/1997</MinAmdLetterDate>
    <MaxAmdLetterDate>05/15/1997</MaxAmdLetterDate>
    <ARRAAmount/>
    <AwardID>9701330</AwardID>
    <Investigator>
      <FirstName>Mark</FirstName>
      <LastName>Rausher</LastName>
      <EmailAddress>mrausher@duke.edu</EmailAddress>
      <StartDate>05/15/1997</StartDate>
      <EndDate/>
      <RoleCode>Principal Investigator</RoleCode>
    </Investigator>
    <Institution>
      <Name>Duke University</Name>
      <CityName>Durham</CityName>
      <ZipCode>277054010</ZipCode>
      <PhoneNumber>9196843030</PhoneNumber>
      <StreetAddress>2200 W. Main St, Suite 710</StreetAddress>
      <CountryName>United States</CountryName>
      <StateName>North Carolina</StateName>
      <StateCode>NC</StateCode>
    </Institution>
    <FoaInformation>
      <Code>0312000</Code>
      <Name>Population</Name>
    </FoaInformation>
  </Award>
</rootTag>
