<?xml version="1.0" encoding="UTF-8"?>

<rootTag>
  <Award>
    <AwardTitle>Electronic Packaging Education in the 21st Century</AwardTitle>
    <AwardEffectiveDate>08/01/1997</AwardEffectiveDate>
    <AwardExpirationDate>07/31/2003</AwardExpirationDate>
    <AwardAmount>286428</AwardAmount>
    <AwardInstrument>
      <Value>Continuing grant</Value>
    </AwardInstrument>
    <Organization>
      <Code>07050000</Code>
      <Directorate>
        <LongName>Directorate For Engineering</LongName>
      </Directorate>
      <Division>
        <LongName>Div Of Engineering Education and Centers</LongName>
      </Division>
    </Organization>
    <ProgramOfficer>
      <SignBlockName>Lynn Preston</SignBlockName>
    </ProgramOfficer>
    <AbstractNarration>9723060 Tummala This award is for partial funding to establish two complete advanced packaging system prototype facilities at the Engineering Research Center for Packaging Research at the Georgia Institute of Technology. The facilities are being used in research aimed at exploring the limits of packaging technologies in design, test, materials, and processing. The facility will expose students to product development methodologies. Undergraduate and graduate students will work in teams with faculty and industry to explore next generation prototypes from concept to design, to development, to testing, to operation of a system. The cost of the facilities are shared by the State of Georgia and industry. Engineering Research Centers normally involve studies in research that involves proof-of- concept testbeds. This facility will be the first of its kind in an Engineering Research Center and in a university where the students will have the potential to go beyond proof-of-concept testbeds, to prototype production through a systems-level engineering project. This extends their education from study of concepts to include the effects of manufacturing constraints on their results.</AbstractNarration>
    <MinAmdLetterDate>08/05/1997</MinAmdLetterDate>
    <MaxAmdLetterDate>09/24/2002</MaxAmdLetterDate>
    <ARRAAmount/>
    <AwardID>9701384</AwardID>
    <Investigator>
      <FirstName>Rao</FirstName>
      <LastName>Tummala</LastName>
      <EmailAddress>rao.tummala@ece.gatech.edu</EmailAddress>
      <StartDate>08/05/1997</StartDate>
      <EndDate/>
      <RoleCode>Principal Investigator</RoleCode>
    </Investigator>
    <Institution>
      <Name>Georgia Tech Research Corporation</Name>
      <CityName>Atlanta</CityName>
      <ZipCode>303320420</ZipCode>
      <PhoneNumber>4048944819</PhoneNumber>
      <StreetAddress>Office of Sponsored Programs</StreetAddress>
      <CountryName>United States</CountryName>
      <StateName>Georgia</StateName>
      <StateCode>GA</StateCode>
    </Institution>
    <FoaInformation>
      <Code>0308000</Code>
      <Name>Industrial Technology</Name>
    </FoaInformation>
  </Award>
</rootTag>
