<?xml version="1.0" encoding="UTF-8"?>

<rootTag>
  <Award>
    <AwardTitle>Dissertation Research: Ontogeny and Evolution of Frog Hind Limb Bone &amp; Muscle Morphology &amp; Material Properties: Effects of Varying Developmental Duration on Jumping Performance</AwardTitle>
    <AwardEffectiveDate>06/01/1997</AwardEffectiveDate>
    <AwardExpirationDate>12/31/1999</AwardExpirationDate>
    <AwardAmount>10000</AwardAmount>
    <AwardInstrument>
      <Value>Standard Grant</Value>
    </AwardInstrument>
    <Organization>
      <Code>08090300</Code>
      <Directorate>
        <LongName>Direct For Biological Sciences</LongName>
      </Directorate>
      <Division>
        <LongName>Division Of Integrative Organismal Sys</LongName>
      </Division>
    </Organization>
    <ProgramOfficer>
      <SignBlockName>Zoe Eppley</SignBlockName>
    </ProgramOfficer>
    <AbstractNarration>Biewener 9701121 The effects of developmental duration on the ontogeny of musculo-skeletal morphology and bone material properties in frogs will be evaluated, expanding knowledge of these features to a broader range of vertebrate species. Variation in developmental duration is hypothesized to affect the morphology and material properties of the hind limb bones and muscles and, consequently, the locomotor performance of newlymetamorphosed frogs. The effects of variations in developmental duration on the musculoskeletal system will be compared in field collected frogs and experimental frogs raised at two temperatures. Analysis of high speed videos of jumps from field-collected and laboratory-raised frogs will be used to correlate performance with musculo-skeletal morphology and bone material properties. Musculo-skeletal characteristics will be examined through a combination of histological sectioning, radiographs, four-point bending, and asking. Ontogenetic and phylogenetic scaling of all parameters will be used to understand the influence of age and size. This study will assess potential trade-offs in the evolution of developmental durations in frogs. Though rapid, larval development is often ecologically advantageous, this study will evaluated its cost to locomotor performance in terms of the morphological and physiological capabilities of the musculo-skeletal system.</AbstractNarration>
    <MinAmdLetterDate>05/28/1997</MinAmdLetterDate>
    <MaxAmdLetterDate>05/28/1997</MaxAmdLetterDate>
    <ARRAAmount/>
    <AwardID>9701121</AwardID>
    <Investigator>
      <FirstName>Andrew</FirstName>
      <LastName>Biewener</LastName>
      <EmailAddress>abiewener@oeb.harvard.edu</EmailAddress>
      <StartDate>05/28/1997</StartDate>
      <EndDate/>
      <RoleCode>Principal Investigator</RoleCode>
    </Investigator>
    <Institution>
      <Name>University of Chicago</Name>
      <CityName>Chicago</CityName>
      <ZipCode>606375418</ZipCode>
      <PhoneNumber>7737028669</PhoneNumber>
      <StreetAddress>5801 South Ellis Avenue</StreetAddress>
      <CountryName>United States</CountryName>
      <StateName>Illinois</StateName>
      <StateCode>IL</StateCode>
    </Institution>
  </Award>
</rootTag>
