<?xml version="1.0" encoding="UTF-8"?>

<rootTag>
  <Award>
    <AwardTitle>Nonlinear Optical near Field Microscopy</AwardTitle>
    <AwardEffectiveDate>08/15/1997</AwardEffectiveDate>
    <AwardExpirationDate>01/31/2000</AwardExpirationDate>
    <AwardAmount>37269</AwardAmount>
    <AwardInstrument>
      <Value>Standard Grant</Value>
    </AwardInstrument>
    <Organization>
      <Code>07010000</Code>
      <Directorate>
        <LongName>Directorate For Engineering</LongName>
      </Directorate>
      <Division>
        <LongName>Div Of Electrical, Commun &amp; Cyber Sys</LongName>
      </Division>
    </Organization>
    <ProgramOfficer>
      <SignBlockName>Gernot S. Pomrenke</SignBlockName>
    </ProgramOfficer>
    <AbstractNarration>Proposal Number: ECS-9701446 Principal Investigator: William Tourellas/ Washington State University Title: Research Planning Grant: Nonlinear Optical Near Field Microscopy This is a Research Planning Grant funds to initiate a program to develop nonlinear optical spectroscopic techniques in a Near Field Optical Microscopy configuration. Optical surfaces where low frequency electrical fields are present will be probed. Such electrical fields are certainly present in VLSI and sub-micron electronic circuits due to the large electrical current densities present but direct measurement techniques have been lacking. With the proposed approach it should be possible to probe such fields with sub-micron resolution.</AbstractNarration>
    <MinAmdLetterDate>08/11/1997</MinAmdLetterDate>
    <MaxAmdLetterDate>09/02/1998</MaxAmdLetterDate>
    <ARRAAmount/>
    <AwardID>9701446</AwardID>
    <Investigator>
      <FirstName>William</FirstName>
      <LastName>Torruellas</LastName>
      <EmailAddress>williamt@wsu.edu</EmailAddress>
      <StartDate>08/11/1997</StartDate>
      <EndDate/>
      <RoleCode>Principal Investigator</RoleCode>
    </Investigator>
    <Institution>
      <Name>Washington State University</Name>
      <CityName>PULLMAN</CityName>
      <ZipCode>991641060</ZipCode>
      <PhoneNumber>5093359661</PhoneNumber>
      <StreetAddress>280 Lighty</StreetAddress>
      <CountryName>United States</CountryName>
      <StateName>Washington</StateName>
      <StateCode>WA</StateCode>
    </Institution>
    <FoaInformation>
      <Code>0206000</Code>
      <Name>Telecommunications</Name>
    </FoaInformation>
    <ProgramElement>
      <Code>1360</Code>
      <Text>HUMAN RESOURCES DEVELOPMENT</Text>
    </ProgramElement>
    <ProgramElement>
      <Code>1517</Code>
      <Text>ELECT, PHOTONICS, &amp; MAG DEVICE</Text>
    </ProgramElement>
    <ProgramElement>
      <Code>Y827</Code>
      <Text/>
    </ProgramElement>
    <ProgramReference>
      <Code>0000</Code>
      <Text>UNASSIGNED</Text>
    </ProgramReference>
    <ProgramReference>
      <Code>9136</Code>
      <Text>MINOR RES INITIAT (MRI)-PLAN G</Text>
    </ProgramReference>
    <ProgramReference>
      <Code>9251</Code>
      <Text>RES EXPER FOR UNDERGRAD-SUPPLT</Text>
    </ProgramReference>
    <ProgramReference>
      <Code>OTHR</Code>
      <Text>OTHER RESEARCH OR EDUCATION</Text>
    </ProgramReference>
  </Award>
</rootTag>
