<?xml version="1.0" encoding="UTF-8"?>

<rootTag>
  <Award>
    <AwardTitle>GEM: Substorm Campaign Coordination: Precision Timing of Near-Tail Substorm Effects</AwardTitle>
    <AwardEffectiveDate>05/01/1997</AwardEffectiveDate>
    <AwardExpirationDate>01/31/1999</AwardExpirationDate>
    <AwardAmount>39142</AwardAmount>
    <AwardInstrument>
      <Value>Standard Grant</Value>
    </AwardInstrument>
    <Organization>
      <Code>06020202</Code>
      <Directorate>
        <LongName>Directorate For Geosciences</LongName>
      </Directorate>
      <Division>
        <LongName>Div Atmospheric &amp; Geospace Sciences</LongName>
      </Division>
    </Organization>
    <ProgramOfficer>
      <SignBlockName>Robert M. Robinson</SignBlockName>
    </ProgramOfficer>
    <AbstractNarration>This is a proposal to assemble a data set that can be used to investigate the precise timing of substorms. The PI will initiate a GEM campaign called the Substorm Precision Timing Campaign and be responsible for developing the campaign, advertising it to the NSF community, building the data base, stimulating research on the data base, conducting meetings at GEM workshops, organizing symposia to discuss results of the campaign, and directing efforts to obtain publication of the results.</AbstractNarration>
    <MinAmdLetterDate>04/29/1997</MinAmdLetterDate>
    <MaxAmdLetterDate>04/29/1997</MaxAmdLetterDate>
    <ARRAAmount/>
    <AwardID>9701343</AwardID>
    <Investigator>
      <FirstName>Robert</FirstName>
      <LastName>McPherron</LastName>
      <EmailAddress>rmcpherron@igpp.ucla.edu</EmailAddress>
      <StartDate>04/29/1997</StartDate>
      <EndDate/>
      <RoleCode>Principal Investigator</RoleCode>
    </Investigator>
    <Institution>
      <Name>University of California-Los Angeles</Name>
      <CityName>LOS ANGELES</CityName>
      <ZipCode>900951406</ZipCode>
      <PhoneNumber>3107940102</PhoneNumber>
      <StreetAddress>10889 Wilshire Boulevard</StreetAddress>
      <CountryName>United States</CountryName>
      <StateName>California</StateName>
      <StateCode>CA</StateCode>
    </Institution>
    <FoaInformation>
      <Code>0205000</Code>
      <Name>Space</Name>
    </FoaInformation>
    <ProgramElement>
      <Code>5750</Code>
      <Text>MAGNETOSPHERIC PHYSICS</Text>
    </ProgramElement>
    <ProgramReference>
      <Code>1323</Code>
      <Text>SOLAR INFLUENCES</Text>
    </ProgramReference>
    <ProgramReference>
      <Code>EGCH</Code>
      <Text>ENVIRONMENT AND GLOBAL CHANGE</Text>
    </ProgramReference>
  </Award>
</rootTag>
