<?xml version="1.0" encoding="UTF-8"?>

<rootTag>
  <Award>
    <AwardTitle>Finding Similar Folds Between Three-Dimensional Protein Structures by Dihedral Sequence Comparison</AwardTitle>
    <AwardEffectiveDate>08/15/1997</AwardEffectiveDate>
    <AwardExpirationDate>07/31/1999</AwardExpirationDate>
    <AwardAmount>369910</AwardAmount>
    <AwardInstrument>
      <Value>Standard Grant</Value>
    </AwardInstrument>
    <Organization>
      <Code>05060300</Code>
      <Directorate>
        <LongName>Direct For Computer &amp; Info Scie &amp; Enginr</LongName>
      </Directorate>
      <Division>
        <LongName>DIVISION OF EXPERIMENTAL &amp; INTEG ACTIVIT</LongName>
      </Division>
    </Organization>
    <ProgramOfficer>
      <SignBlockName>Michael Foster</SignBlockName>
    </ProgramOfficer>
    <AbstractNarration>This project is investigating applications of dihedral sequence comparison (DISCO) to protein structure comparison and protein folding problems. DISCO transforms atomic coordinates into one-dimensional dihedral sequences, then applies the BioSCAN sequence alignment computer to find segments with similar three-dimensional folds. The goals of the DISCO project include: (1) exploring new algorithms and representations of the three-dimensional structures of folded proteins by one-dimensional sequences; (2) exploring the use of the BioSCAN system to compare these sequences; (3) developing statistically-based scores for measuring the structural similarity of folded protein segments by comparing their dihedral sequences; (4) developing a robust computational system based on BioSCAN for protein structure analysis; and (5) making the DISCO system available over the Internet to the scientific community.</AbstractNarration>
    <MinAmdLetterDate>08/28/1997</MinAmdLetterDate>
    <MaxAmdLetterDate>08/28/1997</MaxAmdLetterDate>
    <ARRAAmount/>
    <AwardID>9701577</AwardID>
    <Investigator>
      <FirstName>Leandra</FirstName>
      <LastName>Vicci</LastName>
      <EmailAddress>vicci@cs.unc.edu</EmailAddress>
      <StartDate>08/28/1997</StartDate>
      <EndDate/>
      <RoleCode>Principal Investigator</RoleCode>
    </Investigator>
    <Investigator>
      <FirstName>Bruce</FirstName>
      <LastName>Erickson</LastName>
      <EmailAddress/>
      <StartDate>08/28/1997</StartDate>
      <EndDate/>
      <RoleCode>Co-Principal Investigator</RoleCode>
    </Investigator>
    <Institution>
      <Name>University of North Carolina at Chapel Hill</Name>
      <CityName>CHAPEL HILL</CityName>
      <ZipCode>275991350</ZipCode>
      <PhoneNumber>9199663411</PhoneNumber>
      <StreetAddress>104 AIRPORT DR STE 2200</StreetAddress>
      <CountryName>United States</CountryName>
      <StateName>North Carolina</StateName>
      <StateCode>NC</StateCode>
    </Institution>
    <FoaInformation>
      <Code>0108000</Code>
      <Name>Software Development</Name>
    </FoaInformation>
  </Award>
</rootTag>
