<?xml version="1.0" encoding="UTF-8"?>

<rootTag>
  <Award>
    <AwardTitle>Studies of Nonstoichiometry, Transport, and Interface Characteristics of Pr(x)Ce(1-x)O(2-y) with Applications to Gas Sensors with Enhanced Selectivity</AwardTitle>
    <AwardEffectiveDate>04/01/1997</AwardEffectiveDate>
    <AwardExpirationDate>05/31/2002</AwardExpirationDate>
    <AwardAmount>713393</AwardAmount>
    <AwardInstrument>
      <Value>Continuing grant</Value>
    </AwardInstrument>
    <Organization>
      <Code>03070004</Code>
      <Directorate>
        <LongName>Direct For Mathematical &amp; Physical Scien</LongName>
      </Directorate>
      <Division>
        <LongName>Division Of Materials Research</LongName>
      </Division>
    </Organization>
    <ProgramOfficer>
      <SignBlockName>Lynnette D. Madsen</SignBlockName>
    </ProgramOfficer>
    <AbstractNarration>9701699 Tuller Semiconducting gas sensors presently lack sensitivity and selectivity to specific types of gases including hydrocarbons and NOx important for automotive systems. The Crystal Physics and Electroceramics laboratory at M.I.T. and the Ford Research Laboratory have teamed up to explore the praseodymium-cerium- oxygen system that exhibits a number of features attractive for the design of a versatile multi-component chemical sensor. The proposed research will examine the relationships between composition, temperature and partial pressure of oxygen, as well as the nonstoichiometry, phase stability and transport properties (electronic and ionic). Key features to be studied are: (1) control of the n- and p-type character corresponding to the position of the Fermi energy and relevant sensitivity and selectivity to various HC and NOx molecules; (2) the chemical diffusivity important with respect to aging of the "bulk" properties; (3) surface reaction kinetics relevant to selectivity and response times. Fundamental project studies will be carried out at the Massachusetts Institute of Technology; sensor response and characterization studies are to be performed at Ford Research Labs. The participants of this GOALI project view their feedback and exchange on materials, data, models, and concepts essential to the success of this project. The project is jointly funded by the Ceramics Program of the Division of Materials Research and the Office of Multidisciplinary Activities of the Mathematical and Physical Sciences Directorate. %%% Semiconducting gas sensors presently lack sensitivity and selectivity to specific types of gases including hydrocarbons and nitrogen oxides important for automotive systems. The Crystal Physics and Electroceramics laboratory at M.I.T. and the Ford Research Laboratory have teamed up to explore the praseodymium- cerium-oxygen system that exhibits a number of features attractive for the design of a versatile multi-component chem ical sensor. This collaborative research project is jointly funded by the Ceramics Program of the Division of Materials Research and the Office of Multidisciplinary Activities of the Mathematical and Physical Sciences Directorate. ***</AbstractNarration>
    <MinAmdLetterDate>03/21/1997</MinAmdLetterDate>
    <MaxAmdLetterDate>06/15/2001</MaxAmdLetterDate>
    <ARRAAmount/>
    <AwardID>9701699</AwardID>
    <Investigator>
      <FirstName>Harry</FirstName>
      <LastName>Tuller</LastName>
      <EmailAddress>tuller@mit.edu</EmailAddress>
      <StartDate>03/21/1997</StartDate>
      <EndDate/>
      <RoleCode>Principal Investigator</RoleCode>
    </Investigator>
    <Institution>
      <Name>Massachusetts Institute of Technology</Name>
      <CityName>Cambridge</CityName>
      <ZipCode>021394301</ZipCode>
      <PhoneNumber>6172531000</PhoneNumber>
      <StreetAddress>77 MASSACHUSETTS AVE</StreetAddress>
      <CountryName>United States</CountryName>
      <StateName>Massachusetts</StateName>
      <StateCode>MA</StateCode>
    </Institution>
    <FoaInformation>
      <Code>0106000</Code>
      <Name>Materials Research</Name>
    </FoaInformation>
    <ProgramElement>
      <Code>1253</Code>
      <Text>OFFICE OF MULTIDISCIPLINARY AC</Text>
    </ProgramElement>
    <ProgramElement>
      <Code>1715</Code>
      <Text>METALS, CERAMICS, &amp; ELEC MATRS</Text>
    </ProgramElement>
    <ProgramElement>
      <Code>1774</Code>
      <Text>CERAMICS</Text>
    </ProgramElement>
    <ProgramReference>
      <Code>1374</Code>
      <Text>PNGV-MATERIALS</Text>
    </ProgramReference>
    <ProgramReference>
      <Code>1504</Code>
      <Text>GRANT OPP FOR ACAD LIA W/INDUS</Text>
    </ProgramReference>
    <ProgramReference>
      <Code>1774</Code>
      <Text>CERAMICS</Text>
    </ProgramReference>
    <ProgramReference>
      <Code>9161</Code>
      <Text>SINGLE DIVISION/UNIVERSITY</Text>
    </ProgramReference>
    <ProgramReference>
      <Code>9163</Code>
      <Text>SINGLE DIVISION/UNIVERSITY - INDUSTRY</Text>
    </ProgramReference>
    <ProgramReference>
      <Code>AMPP</Code>
      <Text>ADVANCED MATERIALS &amp; PROCESSING PROGRAM</Text>
    </ProgramReference>
  </Award>
</rootTag>
