<?xml version="1.0" encoding="UTF-8"?>

<rootTag>
  <Award>
    <AwardTitle>CAREER: A Partial Evaluation Tool Set for Automatically Customizing Adaptable Software</AwardTitle>
    <AwardEffectiveDate>07/01/1997</AwardEffectiveDate>
    <AwardExpirationDate>09/09/1998</AwardExpirationDate>
    <AwardAmount>100000</AwardAmount>
    <AwardInstrument>
      <Value>Continuing grant</Value>
    </AwardInstrument>
    <Organization>
      <Code>05010500</Code>
      <Directorate>
        <LongName>Direct For Computer &amp; Info Scie &amp; Enginr</LongName>
      </Directorate>
      <Division>
        <LongName>Division of Computing and Communication Foundations</LongName>
      </Division>
    </Organization>
    <ProgramOfficer>
      <SignBlockName>Frank D. Anger</SignBlockName>
    </ProgramOfficer>
    <AbstractNarration>9701418 Partial evaluation is an automatic tool for program specialization, customization, and optimization. The goal of this project is to establish partial evaluation technology as the key component of a new methodology for constructing and customizing adaptable software written in modern imperative programming languages. Despite successful applications, current partial evaluation technology is unable to satisfactorily treat modern imperative languages that include object-oriented, multitasking, and exception- handling features. Moreover, partial-evaluator construction does not begin to approach the maturity of compiler construction where well-organized tools sets dramatically ease the burden of designing, building, and modifying systems. The project focuses on the construction of a language-independent tool set for building partial evaluation systems that can handle features found in modern imperative languages. This tool set will be built on top of the IRIS language processing facilities developed in the Arcadia project. The core of the tool set will be a general- purpose specialization environment for Ada 95. The tool set philosophy will be validated by reusing artifacts in (a) the construction of a special-purpose specializer for one or more application domains, and (b) the construction of a second general-purpose specializer for a minimal core of a second language supported by the IRIS tools. ***</AbstractNarration>
    <MinAmdLetterDate>06/09/1997</MinAmdLetterDate>
    <MaxAmdLetterDate>06/09/1997</MaxAmdLetterDate>
    <ARRAAmount/>
    <AwardID>9701418</AwardID>
    <Investigator>
      <FirstName>John</FirstName>
      <LastName>Hatcliff</LastName>
      <EmailAddress>hatcliff@cis.ksu.edu</EmailAddress>
      <StartDate>06/09/1997</StartDate>
      <EndDate/>
      <RoleCode>Principal Investigator</RoleCode>
    </Investigator>
    <Institution>
      <Name>Oklahoma State University</Name>
      <CityName>Stillwater</CityName>
      <ZipCode>740781011</ZipCode>
      <PhoneNumber>4057449995</PhoneNumber>
      <StreetAddress>101 WHITEHURST HALL</StreetAddress>
      <CountryName>United States</CountryName>
      <StateName>Oklahoma</StateName>
      <StateCode>OK</StateCode>
    </Institution>
    <FoaInformation>
      <Code>0000099</Code>
      <Name>Other Applications NEC</Name>
    </FoaInformation>
    <ProgramElement>
      <Code>2880</Code>
      <Text>SOFTWARE ENGINEERING AND LANGU</Text>
    </ProgramElement>
    <ProgramReference>
      <Code>1045</Code>
      <Text>CAREER: FACULTY EARLY CAR DEV</Text>
    </ProgramReference>
    <ProgramReference>
      <Code>1187</Code>
      <Text>PECASE- eligible</Text>
    </ProgramReference>
    <ProgramReference>
      <Code>2891</Code>
      <Text>WORKSTATION MATCHING AWARDS</Text>
    </ProgramReference>
    <ProgramReference>
      <Code>9216</Code>
      <Text>ADVANCED SOFTWARE TECH &amp; ALGOR</Text>
    </ProgramReference>
    <ProgramReference>
      <Code>HPCC</Code>
      <Text>HIGH PERFORMANCE COMPUTING &amp; COMM</Text>
    </ProgramReference>
  </Award>
</rootTag>
