<?xml version="1.0" encoding="UTF-8"?>

<rootTag>
  <Award>
    <AwardTitle>Ultrafast Dynamics and Micromagnetics in Magnetic Tunneling Junctions</AwardTitle>
    <AwardEffectiveDate>10/15/1997</AwardEffectiveDate>
    <AwardExpirationDate>09/30/2000</AwardExpirationDate>
    <AwardAmount>456000</AwardAmount>
    <AwardInstrument>
      <Value>Continuing grant</Value>
    </AwardInstrument>
    <Organization>
      <Code>03070003</Code>
      <Directorate>
        <LongName>Direct For Mathematical &amp; Physical Scien</LongName>
      </Directorate>
      <Division>
        <LongName>Division Of Materials Research</LongName>
      </Division>
    </Organization>
    <ProgramOfficer>
      <SignBlockName>H. Hollis Wickman</SignBlockName>
    </ProgramOfficer>
    <AbstractNarration>9701579 Xiao In this GOALI supported research program magnetic tunnel junctions (MTJ) will be prepared and studied with ultra-fast laser spectroscopy, near-field optics, and magneto- tunneling. The purpose is to study the fundamental and technological issues essential to the performance and competitiveness of the MTJ. The proposed work is closely linked to activities at IBM Research, Yorktown Heights. IBM will, where appropriate, pay for the support of students for work done at IBM Research. This activity is jointly supported by DMR and the OMA office of the MPS Directorate. %%% Magnetic tunnel junctions are devices which are actively pursued by industry as the new memory and sensor elements such as data storage reading heads and non-volatile magnetic random-access-memory (MRSM) cells. The scientific issues include gaining a more complete understanding of the magnetic behavior of these systems, especially while illuminated by light and the effect of reducing the device size. The GOALI supported work links expertise at the academic institution with activities at IBM Research, Yorktown Heights. IBM will, where appropriate, pay for the support of students for work done at IBM Research. This activity is jointly supported by DMR and the OMA office of the MPS Directorate. ***</AbstractNarration>
    <MinAmdLetterDate>09/30/1997</MinAmdLetterDate>
    <MaxAmdLetterDate>06/28/1999</MaxAmdLetterDate>
    <ARRAAmount/>
    <AwardID>9701579</AwardID>
    <Investigator>
      <FirstName>Gang</FirstName>
      <LastName>Xiao</LastName>
      <EmailAddress>Gang_Xiao@brown.edu</EmailAddress>
      <StartDate>09/30/1997</StartDate>
      <EndDate/>
      <RoleCode>Principal Investigator</RoleCode>
    </Investigator>
    <Investigator>
      <FirstName>Arto</FirstName>
      <LastName>Nurmikko</LastName>
      <EmailAddress>arto_nurmikko@brown.edu</EmailAddress>
      <StartDate>09/30/1997</StartDate>
      <EndDate/>
      <RoleCode>Co-Principal Investigator</RoleCode>
    </Investigator>
    <Institution>
      <Name>Brown University</Name>
      <CityName>Providence</CityName>
      <ZipCode>029129002</ZipCode>
      <PhoneNumber>4018632777</PhoneNumber>
      <StreetAddress>BOX 1929</StreetAddress>
      <CountryName>United States</CountryName>
      <StateName>Rhode Island</StateName>
      <StateCode>RI</StateCode>
    </Institution>
    <FoaInformation>
      <Code>0106000</Code>
      <Name>Materials Research</Name>
    </FoaInformation>
    <ProgramElement>
      <Code>1253</Code>
      <Text>OFFICE OF MULTIDISCIPLINARY AC</Text>
    </ProgramElement>
    <ProgramElement>
      <Code>1710</Code>
      <Text>CONDENSED MATTER PHYSICS</Text>
    </ProgramElement>
    <ProgramReference>
      <Code>1504</Code>
      <Text>GRANT OPP FOR ACAD LIA W/INDUS</Text>
    </ProgramReference>
    <ProgramReference>
      <Code>9161</Code>
      <Text>SINGLE DIVISION/UNIVERSITY</Text>
    </ProgramReference>
    <ProgramReference>
      <Code>AMPP</Code>
      <Text>ADVANCED MATERIALS &amp; PROCESSING PROGRAM</Text>
    </ProgramReference>
  </Award>
</rootTag>
