<?xml version="1.0" encoding="UTF-8"?>

<rootTag>
  <Award>
    <AwardTitle>CAREER: Synthesis, Structure and Properties of Metal Borophosphates</AwardTitle>
    <AwardEffectiveDate>05/15/1997</AwardEffectiveDate>
    <AwardExpirationDate>04/30/2003</AwardExpirationDate>
    <AwardAmount>369500</AwardAmount>
    <AwardInstrument>
      <Value>Continuing grant</Value>
    </AwardInstrument>
    <Organization>
      <Code>03070007</Code>
      <Directorate>
        <LongName>Direct For Mathematical &amp; Physical Scien</LongName>
      </Directorate>
      <Division>
        <LongName>Division Of Materials Research</LongName>
      </Division>
    </Organization>
    <ProgramOfficer>
      <SignBlockName>David Nelson</SignBlockName>
    </ProgramOfficer>
    <AbstractNarration>9701550 Sevov The research goals of this project are to synthesize and modify novel classes of materials to include the metal-borate-phosphate and metal-borate-phosphonate systems, to study their structure and structure-property relations, and to evaluate their electrooptical, magnetic and catalytic properties. The educational goals are to introduce solid-state and materials chemistry experiments into an undergraduate laboratory course for seniors, and developing a graduate and undergraduate lecture course on topics in contemporary chemistry of materials issues. %%% This well integrated research and education program combines in a very unique way an emphasis on the synthesis, characterization, and structure-property relations of novel materials exhibiting functional materials properties of interest to applications areas such as catalysis, and magnetic and optical materials for devices. Integrating these current high-priority materials research challenges with the educational curriculum of this CAREER Program results in the training of students in areas of growing relevancy thereby advancing science and technology while improving job prospects for students. ***</AbstractNarration>
    <MinAmdLetterDate>05/16/1997</MinAmdLetterDate>
    <MaxAmdLetterDate>01/09/2001</MaxAmdLetterDate>
    <ARRAAmount/>
    <AwardID>9701550</AwardID>
    <Investigator>
      <FirstName>Slavi</FirstName>
      <LastName>Sevov</LastName>
      <EmailAddress>ssevov@nd.edu</EmailAddress>
      <StartDate>05/16/1997</StartDate>
      <EndDate/>
      <RoleCode>Principal Investigator</RoleCode>
    </Investigator>
    <Institution>
      <Name>University of Notre Dame</Name>
      <CityName>NOTRE DAME</CityName>
      <ZipCode>465565708</ZipCode>
      <PhoneNumber>5746317432</PhoneNumber>
      <StreetAddress>940 Grace Hall</StreetAddress>
      <CountryName>United States</CountryName>
      <StateName>Indiana</StateName>
      <StateCode>IN</StateCode>
    </Institution>
  </Award>
</rootTag>
