<?xml version="1.0" encoding="UTF-8"?>

<rootTag>
  <Award>
    <AwardTitle>Ship Operations</AwardTitle>
    <AwardEffectiveDate>01/01/1997</AwardEffectiveDate>
    <AwardExpirationDate>06/30/2000</AwardExpirationDate>
    <AwardAmount>5449745</AwardAmount>
    <AwardInstrument>
      <Value>Cooperative Agreement</Value>
    </AwardInstrument>
    <Organization>
      <Code>06040100</Code>
      <Directorate>
        <LongName>Directorate For Geosciences</LongName>
      </Directorate>
      <Division>
        <LongName>Division Of Ocean Sciences</LongName>
      </Division>
    </Organization>
    <ProgramOfficer>
      <SignBlockName>Emma R. Dieter</SignBlockName>
    </ProgramOfficer>
    <AbstractNarration>9701522 RALEIGH The University of Hawaii will operate the R/V MOANA WAVE in 1997 as a general oceanographic vessel in support of NSF-funded research projects. The MOANA WAVE is a 210' research vessel owned by the U.S. Navy and operated as a UNOLS vessel in support of academic research. The ship is scheduled for 190 days of which 170 are in support of NSF-sponsored programs. All of the cruises are in the Pacific with three NSF cruises in the vicinity of Guam. The remaining NSF cruises are of short duration out of Hawaii in support the Hawaii Time Series project. In addition the vessel will support three short cruises for NOAA. The MOANA WAVE is part of the academic fleet used by NSF to support oceanographic research. Most oceanographic research requires highly specialized equipment that must be permanently installed on a ship for which the ship must be specifically designed. This equipment also requires highly trained crew members for maintenance and operation. These vessels do not operate in the same manner as general cargo or fishing vessels, therefore, NSF supports the operation of a variety of vessels specifically dedicated to oceanographic research that are operated by universities and research institutions around the country. ***</AbstractNarration>
    <MinAmdLetterDate>03/31/1997</MinAmdLetterDate>
    <MaxAmdLetterDate>11/26/1999</MaxAmdLetterDate>
    <ARRAAmount/>
    <AwardID>9701522</AwardID>
    <Investigator>
      <FirstName>C. Barry</FirstName>
      <LastName>Raleigh</LastName>
      <EmailAddress>soest@soest.hawaii.edu</EmailAddress>
      <StartDate>03/31/1997</StartDate>
      <EndDate/>
      <RoleCode>Principal Investigator</RoleCode>
    </Investigator>
    <Investigator>
      <FirstName>Brian</FirstName>
      <LastName>Taylor</LastName>
      <EmailAddress>taylorb@hawaii.edu</EmailAddress>
      <StartDate>03/31/1997</StartDate>
      <EndDate/>
      <RoleCode>Co-Principal Investigator</RoleCode>
    </Investigator>
    <Investigator>
      <FirstName>J. W.</FirstName>
      <LastName>Coste</LastName>
      <EmailAddress>snug@poha.soest.hawaii.edu</EmailAddress>
      <StartDate>03/31/1997</StartDate>
      <EndDate/>
      <RoleCode>Co-Principal Investigator</RoleCode>
    </Investigator>
    <Institution>
      <Name>University of Hawaii</Name>
      <CityName>HONOLULU</CityName>
      <ZipCode>968222234</ZipCode>
      <PhoneNumber>8089567800</PhoneNumber>
      <StreetAddress>2440 Campus Road, Box 368</StreetAddress>
      <CountryName>United States</CountryName>
      <StateName>Hawaii</StateName>
      <StateCode>HI</StateCode>
    </Institution>
    <FoaInformation>
      <Code>0204000</Code>
      <Name>Oceanography</Name>
    </FoaInformation>
    <ProgramElement>
      <Code>5411</Code>
      <Text>SHIP OPERATIONS</Text>
    </ProgramElement>
    <ProgramElement>
      <Code>X154</Code>
      <Text/>
    </ProgramElement>
    <ProgramElement>
      <Code>X369</Code>
      <Text/>
    </ProgramElement>
    <ProgramElement>
      <Code>Y057</Code>
      <Text/>
    </ProgramElement>
    <ProgramElement>
      <Code>Y140</Code>
      <Text/>
    </ProgramElement>
    <ProgramElement>
      <Code>Y195</Code>
      <Text/>
    </ProgramElement>
    <ProgramElement>
      <Code>Y200</Code>
      <Text/>
    </ProgramElement>
    <ProgramReference>
      <Code>0000</Code>
      <Text>UNASSIGNED</Text>
    </ProgramReference>
    <ProgramReference>
      <Code>1304</Code>
      <Text>EARTH SYSTEM HISTORY</Text>
    </ProgramReference>
    <ProgramReference>
      <Code>1315</Code>
      <Text>JOINT GLOBAL OCEAN FLUX STUDY</Text>
    </ProgramReference>
    <ProgramReference>
      <Code>EGCH</Code>
      <Text>ENVIRONMENT AND GLOBAL CHANGE</Text>
    </ProgramReference>
    <ProgramReference>
      <Code>OTHR</Code>
      <Text>OTHER RESEARCH OR EDUCATION</Text>
    </ProgramReference>
  </Award>
</rootTag>
