<?xml version="1.0" encoding="UTF-8"?>

<rootTag>
  <Award>
    <AwardTitle>Dissertation Research: Size-Refugia, Alternative States andTrophic Cascades in Pond Benthic Food Webs</AwardTitle>
    <AwardEffectiveDate>05/15/1997</AwardEffectiveDate>
    <AwardExpirationDate>04/30/1999</AwardExpirationDate>
    <AwardAmount>9023</AwardAmount>
    <AwardInstrument>
      <Value>Standard Grant</Value>
    </AwardInstrument>
    <Organization>
      <Code>08010208</Code>
      <Directorate>
        <LongName>Direct For Biological Sciences</LongName>
      </Directorate>
      <Division>
        <LongName>Division Of Environmental Biology</LongName>
      </Division>
    </Organization>
    <ProgramOfficer>
      <SignBlockName>Margaret Palmer</SignBlockName>
    </ProgramOfficer>
    <AbstractNarration>9701120 Leibold Several factors can influence the impacts of consumers in food webs. In simple food chains, the impact of predators increases with productivity. If prey can attain a refuge from predation due to size at some point in its life history, however, the food web interactions become more complex. In this proposal, the investigators will examine how size-structured prey populations may influence the strength of interactions of predators, and how initial conditions, species composition, and environmental factors (e.g., productivity) may greatly determine the degree to which predators can control the food web. An ongoing modeling effort shows how all of these factors can influence the effects of predators in food webs, with particular reference to potential alternative stable states depending on initial conditions. The salient features of the model were developed for, and appear to be upheld in small pond benthic food webs of southern Michigan, where the snail, Helisoma trivolis, is only susceptible to predators (primarily the Hemipteran, Belostoma flumineum, leeches, and predatory beetles) when small, whereas another common snail, Physella gyrina, is susceptible at all sizes. A large mesocosm experiment will examine the predictions of the model based on prey species identity and diversity, initial densities, and productivity. Biotic and abiotic surveys of a wide range of ponds, and enclosure/exclosure experiments m situ will be employed to further elucidate these effects. Results from this study should shed light into a variety of questions in ecology concerning the strength of species interactions in relation to morphological, environmental, and initial conditions.</AbstractNarration>
    <MinAmdLetterDate>05/05/1997</MinAmdLetterDate>
    <MaxAmdLetterDate>05/05/1997</MaxAmdLetterDate>
    <ARRAAmount/>
    <AwardID>9701120</AwardID>
    <Investigator>
      <FirstName>John</FirstName>
      <LastName>Wootton</LastName>
      <EmailAddress>twootton@uchicago.edu</EmailAddress>
      <StartDate>05/05/1997</StartDate>
      <EndDate/>
      <RoleCode>Co-Principal Investigator</RoleCode>
    </Investigator>
    <Investigator>
      <FirstName>Mathew</FirstName>
      <LastName>Leibold</LastName>
      <EmailAddress>mleibold@mail.utexas.edu</EmailAddress>
      <StartDate>05/05/1997</StartDate>
      <EndDate/>
      <RoleCode>Principal Investigator</RoleCode>
    </Investigator>
    <Institution>
      <Name>University of Chicago</Name>
      <CityName>Chicago</CityName>
      <ZipCode>606375418</ZipCode>
      <PhoneNumber>7737028669</PhoneNumber>
      <StreetAddress>5801 South Ellis Avenue</StreetAddress>
      <CountryName>United States</CountryName>
      <StateName>Illinois</StateName>
      <StateCode>IL</StateCode>
    </Institution>
    <FoaInformation>
      <Code>0510301</Code>
      <Name>Structure &amp; Function</Name>
    </FoaInformation>
  </Award>
</rootTag>
