<?xml version="1.0" encoding="UTF-8"?>

<rootTag>
  <Award>
    <AwardTitle>Doctoral Dissertation Research: The Production of Lawyers: The Impact of Law School Status on Ideologies of Legal Professionalism</AwardTitle>
    <AwardEffectiveDate>04/15/1999</AwardEffectiveDate>
    <AwardExpirationDate>03/31/2001</AwardExpirationDate>
    <AwardAmount>7500</AwardAmount>
    <AwardInstrument>
      <Value>Standard Grant</Value>
    </AwardInstrument>
    <Organization>
      <Code>04050200</Code>
      <Directorate>
        <LongName>Direct For Social, Behav &amp; Economic Scie</LongName>
      </Directorate>
      <Division>
        <LongName>Divn Of Social and Economic Sciences</LongName>
      </Division>
    </Organization>
    <ProgramOfficer>
      <SignBlockName>Patricia White</SignBlockName>
    </ProgramOfficer>
    <AbstractNarration>By and large, examinations of legal education assume that both law schools and the legal profession are monolithic--that the key dimension of the socialization process is introducing students to the collective identity of lawyers, thus transforming them from non-lawyers into lawyers. This doctoral dissertation project challenges the two implicit and related assumptions of existing work on lawyers and legal education: 1 ) that any heterogeneity in professional ideology among lawyers is produced exclusively in the legal workplace and 2) that to the extent legal education indoctrinates students in professional ideology, it does so only in the collective ideology of the profession. The research tests the hypothesis that the ideological groundwork for differing views of the legal profession is laid in law schools and that the ideas presented to students about lawyering differ based on the school's position in the educational prestige hierarchy. The research compares the creation and diffusion of models of law and lawyering in law schools of different levels of prestige. A collective case study method is used to compare schools that prepare students to assume elite positions in the profession with schools that produce the profession's lower-status practitioners.</AbstractNarration>
    <MinAmdLetterDate>03/30/1999</MinAmdLetterDate>
    <MaxAmdLetterDate>03/30/1999</MaxAmdLetterDate>
    <ARRAAmount/>
    <AwardID>9900936</AwardID>
    <Investigator>
      <FirstName>Thomas</FirstName>
      <LastName>DiPrete</LastName>
      <EmailAddress>tad61@columbia.edu</EmailAddress>
      <StartDate>03/30/1999</StartDate>
      <EndDate/>
      <RoleCode>Principal Investigator</RoleCode>
    </Investigator>
    <Institution>
      <Name>Duke University</Name>
      <CityName>Durham</CityName>
      <ZipCode>277054010</ZipCode>
      <PhoneNumber>9196843030</PhoneNumber>
      <StreetAddress>2200 W. Main St, Suite 710</StreetAddress>
      <CountryName>United States</CountryName>
      <StateName>North Carolina</StateName>
      <StateCode>NC</StateCode>
    </Institution>
    <FoaInformation>
      <Code>0000099</Code>
      <Name>Other Applications NEC</Name>
    </FoaInformation>
  </Award>
</rootTag>
