<?xml version="1.0" encoding="UTF-8"?>

<rootTag>
  <Award>
    <AwardTitle>Summer Institute in Statistical Genetics (A Series of Three-Day Workshops at North Carolina State University)</AwardTitle>
    <AwardEffectiveDate>09/01/1999</AwardEffectiveDate>
    <AwardExpirationDate>08/31/2004</AwardExpirationDate>
    <AwardAmount>211236</AwardAmount>
    <AwardInstrument>
      <Value>Standard Grant</Value>
    </AwardInstrument>
    <Organization>
      <Code>08010207</Code>
      <Directorate>
        <LongName>Direct For Biological Sciences</LongName>
      </Directorate>
      <Division>
        <LongName>Division Of Environmental Biology</LongName>
      </Division>
    </Organization>
    <ProgramOfficer>
      <SignBlockName>Samuel M. Scheiner</SignBlockName>
    </ProgramOfficer>
    <AbstractNarration>9900388&lt;br/&gt;Weir&lt;br/&gt;&lt;br/&gt;This grant is for the annual Summer Institute in Statistical Genetics at North Carolina State University. The Institute consists of a series of three-day workshops offering intense training in the methods for performing statistical analyses of genetic data. It is aimed primarily at geneticists wishing to learn statistical methodology, but also attracts some statisticians wishing to learn about genetic applications. The courses are taught by faculty drawn from NC State University and other institutions, and attracts about 200 participants worldwide. These funds will be used for student scholarships.&lt;br/&gt;&lt;br/&gt;With the rapid progress in genomic science, due in large part to the Human Genome Project, there is accumulating a vast amount of genetic data. These data will allow for a new understanding of the processes of evolution, of the means for identifying genes that affect human diseases and traits of economic importance in domesticated species, and of the means for identifying individuals in forensic, endangered species and varietal protection contexts. These data all require appropriate statistical analyses in order to extract the most information, but training in statistical genetics does not form part of most university curricula. The Summer Institute brings together world authorities who can both cover the basic elements of their specialties and can describe new methods.</AbstractNarration>
    <MinAmdLetterDate>09/16/1999</MinAmdLetterDate>
    <MaxAmdLetterDate>09/16/1999</MaxAmdLetterDate>
    <ARRAAmount/>
    <AwardID>9900388</AwardID>
    <Investigator>
      <FirstName>Bruce</FirstName>
      <LastName>Weir</LastName>
      <EmailAddress>bsweir@u.washington.edu</EmailAddress>
      <StartDate>09/16/1999</StartDate>
      <EndDate/>
      <RoleCode>Principal Investigator</RoleCode>
    </Investigator>
    <Institution>
      <Name>North Carolina State University</Name>
      <CityName>RALEIGH</CityName>
      <ZipCode>276957514</ZipCode>
      <PhoneNumber>9195152444</PhoneNumber>
      <StreetAddress>CAMPUS BOX 7514</StreetAddress>
      <CountryName>United States</CountryName>
      <StateName>North Carolina</StateName>
      <StateCode>NC</StateCode>
    </Institution>
    <FoaInformation>
      <Code>0312000</Code>
      <Name>Population</Name>
    </FoaInformation>
    <ProgramElement>
      <Code>1107</Code>
      <Text>COMPUTATIONAL BIOLOGY ACTIVITI</Text>
    </ProgramElement>
    <ProgramElement>
      <Code>1112</Code>
      <Text>Genetic Mechanisms</Text>
    </ProgramElement>
    <ProgramElement>
      <Code>1160</Code>
      <Text>IBN ANIMAL BEHAVIOR</Text>
    </ProgramElement>
    <ProgramElement>
      <Code>1174</Code>
      <Text>POPULATION DYNAMICS</Text>
    </ProgramElement>
    <ProgramElement>
      <Code>1269</Code>
      <Text>STATISTICS</Text>
    </ProgramElement>
    <ProgramElement>
      <Code>1329</Code>
      <Text>PLANT GENOME RESEARCH PROJECT</Text>
    </ProgramElement>
    <ProgramElement>
      <Code>1392</Code>
      <Text>Biological Anthropology</Text>
    </ProgramElement>
    <ProgramReference>
      <Code>9169</Code>
      <Text>BIODIVERSITY AND ECOSYSTEM DYNAMICS</Text>
    </ProgramReference>
    <ProgramReference>
      <Code>EGCH</Code>
      <Text>ENVIRONMENT AND GLOBAL CHANGE</Text>
    </ProgramReference>
    <ProgramReference>
      <Code>9104</Code>
      <Text>ENVIRONMENTAL BIOTECHNOLOGY</Text>
    </ProgramReference>
    <ProgramReference>
      <Code>BIOT</Code>
      <Text>BIOTECHNOLOGY</Text>
    </ProgramReference>
  </Award>
</rootTag>
