<?xml version="1.0" encoding="UTF-8"?>

<rootTag>
  <Award>
    <AwardTitle>GOALI/IUCP: Dynamic Analysis of High-Performance Drilling and Reaming Systems for Aerospace Manufactuirng</AwardTitle>
    <AwardEffectiveDate>06/01/1999</AwardEffectiveDate>
    <AwardExpirationDate>05/31/2003</AwardExpirationDate>
    <AwardAmount>243391</AwardAmount>
    <AwardInstrument>
      <Value>Standard Grant</Value>
    </AwardInstrument>
    <Organization>
      <Code>07030000</Code>
      <Directorate>
        <LongName>Directorate For Engineering</LongName>
      </Directorate>
      <Division>
        <LongName>Div Of Civil, Mechanical, &amp; Manufact Inn</LongName>
      </Division>
    </Organization>
    <ProgramOfficer>
      <SignBlockName>George A. Hazelrigg</SignBlockName>
    </ProgramOfficer>
    <AbstractNarration>The goals of this Grant Opportunities for Academic Liaison with Industry (GOALI) project are to analyze the causes of tool vibration and hole roundness error in high-precision and high-speed drilling and reaming; and, to apply the results of this analysis to tool and process design for aerospace manufacturing. The work is a collaborative effort between researchers at Washington University in St. Louis and engineers at the Boeing Company. In metal cutting, vibrations are excited by forces on the tool's main cutting edges, as well as by impact and friction on the sides and clearance faces of the tool. The project will develop accurate models of reaming and drilling, including drilling in high-speed, automated stations. These models will take into account bending, axial, and twisting motion, and the effects of these deformations on cutting forces and friction. Analytical and numerical solutions will be obtained from these models to explain the major causes of vibration. Approximate nonlinear methods will be developed to find the amplitude and stability of vibrations in drilling. Experimental work will be conducted at Boeing's Advanced Manufacturing R&amp;D facilities to validate the analytical and numerical results. Cutting and vibration tests on physical machines will be performed to provide parameters for mathematical models and to validate theoretical predictions. &lt;br/&gt; This project addresses the need to understand the precision hole-making process, which is critical to airframe manufacturing. A million or more holes may be drilled in the production of a single aircraft. Automated assembly, high-speed drilling, and advanced tool designs have the potential to dramatically increase productivity and decrease costs, but only if the complex dynamics of hole-making are understood.</AbstractNarration>
    <MinAmdLetterDate>05/05/1999</MinAmdLetterDate>
    <MaxAmdLetterDate>05/05/1999</MaxAmdLetterDate>
    <ARRAAmount/>
    <AwardID>9900108</AwardID>
    <Investigator>
      <FirstName>Philip</FirstName>
      <LastName>Bayly</LastName>
      <EmailAddress>pvb@me.wustl.edu</EmailAddress>
      <StartDate>05/05/1999</StartDate>
      <EndDate/>
      <RoleCode>Principal Investigator</RoleCode>
    </Investigator>
    <Investigator>
      <FirstName>Jeremiah</FirstName>
      <LastName>Halley</LastName>
      <EmailAddress/>
      <StartDate>05/05/1999</StartDate>
      <EndDate/>
      <RoleCode>Co-Principal Investigator</RoleCode>
    </Investigator>
    <Institution>
      <Name>Washington University</Name>
      <CityName>Saint Louis</CityName>
      <ZipCode>631304862</ZipCode>
      <PhoneNumber>3147474134</PhoneNumber>
      <StreetAddress>CAMPUS BOX 1054</StreetAddress>
      <CountryName>United States</CountryName>
      <StateName>Missouri</StateName>
      <StateCode>MO</StateCode>
    </Institution>
    <FoaInformation>
      <Code>0308000</Code>
      <Name>Industrial Technology</Name>
    </FoaInformation>
    <ProgramElement>
      <Code>1445</Code>
      <Text>DYNAMICS &amp; CONTROL</Text>
    </ProgramElement>
    <ProgramElement>
      <Code>1468</Code>
      <Text>Manufacturing Machines &amp; Equip</Text>
    </ProgramElement>
    <ProgramElement>
      <Code>1504</Code>
      <Text>GRANT OPP FOR ACAD LIA W/INDUS</Text>
    </ProgramElement>
    <ProgramReference>
      <Code>1049</Code>
      <Text>INDUSTRY-UNIV COOPERATIVE RSCH PROJECTS</Text>
    </ProgramReference>
    <ProgramReference>
      <Code>1445</Code>
      <Text>DYNAMICS &amp; CONTROL</Text>
    </ProgramReference>
    <ProgramReference>
      <Code>1504</Code>
      <Text>GRANT OPP FOR ACAD LIA W/INDUS</Text>
    </ProgramReference>
    <ProgramReference>
      <Code>9146</Code>
      <Text>MANUFACTURING BASE RESEARCH</Text>
    </ProgramReference>
    <ProgramReference>
      <Code>MANU</Code>
      <Text>MANUFACTURING</Text>
    </ProgramReference>
    <ProgramReference>
      <Code>1468</Code>
      <Text>MANUFACTURING &amp; CONST MACH EQP</Text>
    </ProgramReference>
  </Award>
</rootTag>
