<?xml version="1.0" encoding="UTF-8"?>

<rootTag>
  <Award>
    <AwardTitle>AMP: Oklahoma State University</AwardTitle>
    <AwardEffectiveDate>11/01/1999</AwardEffectiveDate>
    <AwardExpirationDate>10/31/2004</AwardExpirationDate>
    <AwardAmount>4258980</AwardAmount>
    <AwardInstrument>
      <Value>Cooperative Agreement</Value>
    </AwardInstrument>
    <Organization>
      <Code>11060300</Code>
      <Directorate>
        <LongName>Direct For Education and Human Resources</LongName>
      </Directorate>
      <Division>
        <LongName>Division Of Human Resource Development</LongName>
      </Division>
    </Organization>
    <ProgramOfficer>
      <SignBlockName>Dr. A. James Hicks</SignBlockName>
    </ProgramOfficer>
    <AbstractNarration>HRD-9900796&lt;br/&gt;Mitchell&lt;br/&gt;&lt;br/&gt;The Oklahoma Louis Stokes Alliance for Minority Participation (OK-LSAMP), comprising eight Partner institutions and 19 Affiliates within the state of Oklahoma, was established to address the critical undersupply of minority students pursing degrees in Science Mathematics, Engineering, and Technology (SMET) fields. Phase I, initiated by eight Partner institutions, features a multilayered student support system to improve the use of shared resources for outreach activities, educational achievement and preparation for advanced study in SMET fields. In just over 4 years, more than 640 Native American, African-American, Hispanic and Native Pacific Islander undergraduates students were served directly through Freshman Summer Bridge, Scholars, and Research Internship Programs. The OK-LSAMP is now exceeding project graduation goals from the baseline of 214 in 1994, with 454 degrees earned in 1997 and 410 in 1998. Nationally, in 1997, the highest numbers of Native American students enrolled and receiving baccalaureate degrees were from Oklahoma Alliance universities. Additionally, Native Americans were 5.6% of those enrolled in Oklahoma colleges and universities, were 9% of students enrolled in SMET, and receiving 8% of SMET baccalaureate degrees. As the OK-LSAMP program reaches maturity, this progress should continue into the new millennium. To maintain the educational continuum and to develop the SMET program further, we propose a Phase II program that emphasizes preparation for graduate education.&lt;br/&gt;&lt;br/&gt;The overall objectives are:&lt;br/&gt;&lt;br/&gt;to expand by including three new Partner institutions to broaden the pool of available targeted students;&lt;br/&gt;&lt;br/&gt;to expand the Research experience through academic year activities; (The Summer Research Internship experience will be expanded to include more off-campus academic and non-academic research sites.)&lt;br/&gt;&lt;br/&gt;to increase early preparation activities and subsequent application to graduate programs through a series of workshops and orientations to graduate schools and programs;&lt;br/&gt;&lt;br/&gt;to establish Summer Transfer Bridge Program with 2-year Affiliates; and&lt;br/&gt;&lt;br/&gt;to offer a clear and specific discipline related Teacher Preparation component to undergraduates seeking a degree in a SMET discipline.</AbstractNarration>
    <MinAmdLetterDate>07/09/1999</MinAmdLetterDate>
    <MaxAmdLetterDate>08/06/2003</MaxAmdLetterDate>
    <ARRAAmount/>
    <AwardID>9900796</AwardID>
    <Investigator>
      <FirstName>Earl</FirstName>
      <LastName>Mitchell</LastName>
      <EmailAddress>earl.mitchell@biochem.okstate.edu</EmailAddress>
      <StartDate>11/01/1999</StartDate>
      <EndDate/>
      <RoleCode>Principal Investigator</RoleCode>
    </Investigator>
    <Institution>
      <Name>Oklahoma State University</Name>
      <CityName>Stillwater</CityName>
      <ZipCode>740781011</ZipCode>
      <PhoneNumber>4057449995</PhoneNumber>
      <StreetAddress>101 WHITEHURST HALL</StreetAddress>
      <CountryName>United States</CountryName>
      <StateName>Oklahoma</StateName>
      <StateCode>OK</StateCode>
    </Institution>
    <ProgramElement>
      <Code>9133</Code>
      <Text>ALLIANCES-MINORITY PARTICIPAT.</Text>
    </ProgramElement>
    <ProgramReference>
      <Code>7204</Code>
      <Text>DoE-NSF LABORATORY FELLOWSHIPS</Text>
    </ProgramReference>
    <ProgramReference>
      <Code>9133</Code>
      <Text>ALLIANCES-MINORITY PARTICIPAT.</Text>
    </ProgramReference>
    <ProgramReference>
      <Code>9178</Code>
      <Text>UNDERGRADUATE EDUCATION</Text>
    </ProgramReference>
    <ProgramReference>
      <Code>SMET</Code>
      <Text>SCIENCE, MATH, ENG &amp; TECH EDUCATION</Text>
    </ProgramReference>
  </Award>
</rootTag>
