<?xml version="1.0" encoding="UTF-8"?>

<rootTag>
  <Award>
    <AwardTitle>Geometric Methods in Automorphic Forms</AwardTitle>
    <AwardEffectiveDate>07/01/1999</AwardEffectiveDate>
    <AwardExpirationDate>06/30/2002</AwardExpirationDate>
    <AwardAmount>69582</AwardAmount>
    <AwardInstrument>
      <Value>Standard Grant</Value>
    </AwardInstrument>
    <Organization>
      <Code>03040200</Code>
      <Directorate>
        <LongName>Direct For Mathematical &amp; Physical Scien</LongName>
      </Directorate>
      <Division>
        <LongName>Division Of Mathematical Sciences</LongName>
      </Division>
    </Organization>
    <ProgramOfficer>
      <SignBlockName>B. Brent Gordon</SignBlockName>
    </ProgramOfficer>
    <AbstractNarration>9900324&lt;br/&gt;Goresky&lt;br/&gt;&lt;br/&gt;In Langlands' program, one stubborn problem has emerged which, so far, has&lt;br/&gt;defied all attempts at a general proof: the conjecture of Langlands&lt;br/&gt;and Shelstad which is generally known as "the fundamental lemma". In its&lt;br/&gt;original formulation, the fundamental lemma is an equality between&lt;br/&gt;orbital integrals on two different algebraic groups. In this project,&lt;br/&gt;the fundamental lemma is translated into a statement relating the cohomology&lt;br/&gt;of two different pro-algebraic varieties. Techniques are then developed&lt;br/&gt;for computing these cohomology groups in such a way that they may be&lt;br/&gt;compared with each other. This procedure should result in a proof of&lt;br/&gt;the fundamental lemma in the "unramified case", and may well eventually&lt;br/&gt;lead to a proof in the general case.&lt;br/&gt;&lt;br/&gt;&lt;br/&gt;During the last twenty years, mathematicians have directed tremendous&lt;br/&gt;efforts towards proving a collection of conjectures, due to R. Langlands,&lt;br/&gt;which unify several apparently very different fields: number theory,&lt;br/&gt;group representation theory, and automorphic forms. Each of these fields&lt;br/&gt;would then benefit from being able to import techniques, problems, and &lt;br/&gt;results from the other fields. Progress on &lt;br/&gt;these conjectures (which were at one time considered almost hopeless)&lt;br/&gt;has been spectacular: many of them are completely solved or&lt;br/&gt;verified and all of them have been checked in many special cases. Even&lt;br/&gt;these partial results are extremely important: for example, A. Wiles'&lt;br/&gt;recent and celebrated proof of the Fermat conjecture makes&lt;br/&gt;essential use of some of these results from "Langlands' program."&lt;br/&gt;Researchers are now optimistic that this program may be successfully&lt;br/&gt;completed during the next decade.</AbstractNarration>
    <MinAmdLetterDate>06/11/1999</MinAmdLetterDate>
    <MaxAmdLetterDate>06/11/1999</MaxAmdLetterDate>
    <ARRAAmount/>
    <AwardID>9900324</AwardID>
    <Investigator>
      <FirstName>R. Mark</FirstName>
      <LastName>Goresky</LastName>
      <EmailAddress/>
      <StartDate>06/11/1999</StartDate>
      <EndDate/>
      <RoleCode>Principal Investigator</RoleCode>
    </Investigator>
    <Institution>
      <Name>Goresky, R. Mark</Name>
      <CityName>Princeton</CityName>
      <ZipCode>085404907</ZipCode>
      <PhoneNumber/>
      <StreetAddress/>
      <CountryName>United States</CountryName>
      <StateName>New Jersey</StateName>
      <StateCode>NJ</StateCode>
    </Institution>
    <FoaInformation>
      <Code>0000099</Code>
      <Name>Other Applications NEC</Name>
    </FoaInformation>
  </Award>
</rootTag>
