<?xml version="1.0" encoding="UTF-8"?>

<rootTag>
  <Award>
    <AwardTitle>Basic Research in Information Privacy</AwardTitle>
    <AwardEffectiveDate>09/15/1999</AwardEffectiveDate>
    <AwardExpirationDate>08/31/2002</AwardExpirationDate>
    <AwardAmount>100000</AwardAmount>
    <AwardInstrument>
      <Value>Interagency Agreement</Value>
    </AwardInstrument>
    <Organization>
      <Code>05010500</Code>
      <Directorate>
        <LongName>Direct For Computer &amp; Info Scie &amp; Enginr</LongName>
      </Directorate>
      <Division>
        <LongName>Division of Computing and Communication Foundations</LongName>
      </Division>
    </Organization>
    <ProgramOfficer>
      <SignBlockName>Jon S. Rugaber</SignBlockName>
    </ProgramOfficer>
    <AbstractNarration>9900909 Volpano, Dennis M. Naval Postgraduate School&lt;br/&gt;Basic Research in Information Privacy&lt;br/&gt;&lt;br/&gt;New models of information privacy are needed if we ever expect to make proving security in real systems practical. Traditional approaches treat privacy as a safety or information-flow property, the former being common among protocols and the latter among systems. Yet neither approach is adequate. Safety is too weak to reject some obvious privacy violations and information flow is too strong to admit some useful systems. Among them are those whose security rests on parameters like the randomness and length of a secret. Further, new design principles are needed to guide in building real systems that exhibit the new properties. The research investigates practical models of information privacy and conditions under which they always hold in programs. New techniques are investigated for proving privacy in practical systems and their implementations.</AbstractNarration>
    <MinAmdLetterDate>09/30/1999</MinAmdLetterDate>
    <MaxAmdLetterDate>09/30/1999</MaxAmdLetterDate>
    <ARRAAmount/>
    <AwardID>9900909</AwardID>
    <Investigator>
      <FirstName>Dennis</FirstName>
      <LastName>Volpano</LastName>
      <EmailAddress>volpano@nps.edu</EmailAddress>
      <StartDate>09/30/1999</StartDate>
      <EndDate/>
      <RoleCode>Principal Investigator</RoleCode>
    </Investigator>
    <Institution>
      <Name>Naval Postgraduate School</Name>
      <CityName>Monterey</CityName>
      <ZipCode>939435000</ZipCode>
      <PhoneNumber>8316562271</PhoneNumber>
      <StreetAddress>1 University Circle</StreetAddress>
      <CountryName>United States</CountryName>
      <StateName>California</StateName>
      <StateCode>CA</StateCode>
    </Institution>
  </Award>
</rootTag>
