<?xml version="1.0" encoding="UTF-8"?>

<rootTag>
  <Award>
    <AwardTitle>EQUIPMENT: Aerodynamic Particle Sizer for Industrial Air Quality Sampling</AwardTitle>
    <AwardEffectiveDate>05/15/1999</AwardEffectiveDate>
    <AwardExpirationDate>04/30/2000</AwardExpirationDate>
    <AwardAmount>20425</AwardAmount>
    <AwardInstrument>
      <Value>Standard Grant</Value>
    </AwardInstrument>
    <Organization>
      <Code>07030000</Code>
      <Directorate>
        <LongName>Directorate For Engineering</LongName>
      </Directorate>
      <Division>
        <LongName>Div Of Civil, Mechanical, &amp; Manufact Inn</LongName>
      </Division>
    </Organization>
    <ProgramOfficer>
      <SignBlockName>George A. Hazelrigg</SignBlockName>
    </ProgramOfficer>
    <AbstractNarration>Industrial air quality is of growing importance due to the fact that aerosol waste streams generated by manufacturing processes represent a significant health hazard. Much of this airborne particulate matter can be attributed to cutting fluid mists. In the absence of cutting fluid (i.e., dry machining), dust particles may be created during machining and become airborne. Inhalation of these solid particles may pose an even greater health hazard than mist droplets. The concern over worker exposure to airborne particulates has prompted regulatory scrutiny by several organizations. Particle concentrations based upon number, surface area, and mass are important metrics for engineering purposes as well as for assessing health impacts. The equipment associated with this project, an Aerodynamic Particle Sizer Spectrometer, provides measurements based on each of these metrics, thereby giving a complete profile of all important characteristics of the aerosol being sampled. This device (which measures particles between 0.5 and 20 microns), in conjunction with a Scanning Mobility Particle Sizer (which measures particles less than 0.5 microns), will provide a complete picture of temporal and spatial behavior of the particle sizes that can adversely affect human health. Plans for use of the Spectrometer (and Particle Sizer) emphasize the characterization of the dominant mechanisms that influence aerosol formation in machining.&lt;br/&gt; The ultimate goal of the project to develop and validate theoretical aerosol formation models may lead to machining process redesign that minimizes aerosol formation, thereby eliminating or reducing the need for costly machine enclosures and air filters.</AbstractNarration>
    <MinAmdLetterDate>05/17/1999</MinAmdLetterDate>
    <MaxAmdLetterDate>05/17/1999</MaxAmdLetterDate>
    <ARRAAmount/>
    <AwardID>9900078</AwardID>
    <Investigator>
      <FirstName>John</FirstName>
      <LastName>Sutherland</LastName>
      <EmailAddress>jwsuther@purdue.edu</EmailAddress>
      <StartDate>05/17/1999</StartDate>
      <EndDate/>
      <RoleCode>Principal Investigator</RoleCode>
    </Investigator>
    <Institution>
      <Name>Michigan Technological University</Name>
      <CityName>Houghton</CityName>
      <ZipCode>499311295</ZipCode>
      <PhoneNumber>9064871885</PhoneNumber>
      <StreetAddress>1400 Townsend Drive</StreetAddress>
      <CountryName>United States</CountryName>
      <StateName>Michigan</StateName>
      <StateCode>MI</StateCode>
    </Institution>
    <FoaInformation>
      <Code>0308000</Code>
      <Name>Industrial Technology</Name>
    </FoaInformation>
    <ProgramElement>
      <Code>1468</Code>
      <Text>Manufacturing Machines &amp; Equip</Text>
    </ProgramElement>
    <ProgramReference>
      <Code>9146</Code>
      <Text>MANUFACTURING BASE RESEARCH</Text>
    </ProgramReference>
    <ProgramReference>
      <Code>MANU</Code>
      <Text>MANUFACTURING</Text>
    </ProgramReference>
  </Award>
</rootTag>
