<?xml version="1.0" encoding="UTF-8"?>

<rootTag>
  <Award>
    <AwardTitle>Flexible Architectural Cores for Commerical Computing Systems: A University-Industry GOALI Collaboration</AwardTitle>
    <AwardEffectiveDate>09/15/1999</AwardEffectiveDate>
    <AwardExpirationDate>08/31/2003</AwardExpirationDate>
    <AwardAmount>206909</AwardAmount>
    <AwardInstrument>
      <Value>Standard Grant</Value>
    </AwardInstrument>
    <Organization>
      <Code>05010300</Code>
      <Directorate>
        <LongName>Direct For Computer &amp; Info Scie &amp; Enginr</LongName>
      </Directorate>
      <Division>
        <LongName>Division of Computing and Communication Foundations</LongName>
      </Division>
    </Organization>
    <ProgramOfficer>
      <SignBlockName>Pratibha Varma-Nelson</SignBlockName>
    </ProgramOfficer>
    <AbstractNarration>Commercial computing workloads, such as on-line transaction&lt;br/&gt;processing, file-serving, data mining, and web-serving, currently&lt;br/&gt;represent about 85 percent of the overall market for large computing&lt;br/&gt;systems. Nevertheless, much of the computer architecture research&lt;br/&gt;to date has focused on improving the capability of computer systems&lt;br/&gt;to access, process, and store the large arrays of data common to&lt;br/&gt;numerically-intensive workloads. The implicit assumption has been&lt;br/&gt;that all types of computer systems would benefit from the&lt;br/&gt;architectural innovations developed for these applications. To&lt;br/&gt;address this disparity between the economic importance of commercial&lt;br/&gt;computing systems and the traditional architecture development focus&lt;br/&gt;on technical computing systems, this project is developing the&lt;br/&gt;Flexible Architectural Cores for Commercial Computing Systems&lt;br/&gt;processor architecture. This new architecture is based on the&lt;br/&gt;observation that the constantly changing behavior in a commercial&lt;br/&gt;computing environment causes different architectural innovations to&lt;br/&gt;be applicable during different phases of execution. A unique aspect&lt;br/&gt;of this project that will significantly enhance its relevance to&lt;br/&gt;commercial computing environments is the close collaboration of the&lt;br/&gt;IBM Corporation's commercial microprocessor development group in&lt;br/&gt;Rochester, Minnesota. This project will make substantial&lt;br/&gt;contributions to educational and human resource development through&lt;br/&gt;graduate student research and interaction with industry.</AbstractNarration>
    <MinAmdLetterDate>09/21/1999</MinAmdLetterDate>
    <MaxAmdLetterDate>08/06/2001</MaxAmdLetterDate>
    <ARRAAmount/>
    <AwardID>9900605</AwardID>
    <Investigator>
      <FirstName>David</FirstName>
      <LastName>Lilja</LastName>
      <EmailAddress>lilja@umn.edu</EmailAddress>
      <StartDate>09/21/1999</StartDate>
      <EndDate/>
      <RoleCode>Principal Investigator</RoleCode>
    </Investigator>
    <Investigator>
      <FirstName>Steven</FirstName>
      <LastName>VanderWiel</LastName>
      <EmailAddress/>
      <StartDate>09/21/1999</StartDate>
      <EndDate/>
      <RoleCode>Co-Principal Investigator</RoleCode>
    </Investigator>
    <Institution>
      <Name>University of Minnesota-Twin Cities</Name>
      <CityName>Minneapolis</CityName>
      <ZipCode>554552070</ZipCode>
      <PhoneNumber>6126245599</PhoneNumber>
      <StreetAddress>200 OAK ST SE</StreetAddress>
      <CountryName>United States</CountryName>
      <StateName>Minnesota</StateName>
      <StateCode>MN</StateCode>
    </Institution>
  </Award>
</rootTag>
