<?xml version="1.0" encoding="UTF-8"?>

<rootTag>
  <Award>
    <AwardTitle>Doctoral Dissertation Research: Towards a Theory of Panethnicity: Explaining the Formation of Panethnic Boundaries Among Asian Americans, 1965-1995</AwardTitle>
    <AwardEffectiveDate>04/01/1999</AwardEffectiveDate>
    <AwardExpirationDate>03/31/2001</AwardExpirationDate>
    <AwardAmount>6306</AwardAmount>
    <AwardInstrument>
      <Value>Standard Grant</Value>
    </AwardInstrument>
    <Organization>
      <Code>04050200</Code>
      <Directorate>
        <LongName>Direct For Social, Behav &amp; Economic Scie</LongName>
      </Directorate>
      <Division>
        <LongName>Divn Of Social and Economic Sciences</LongName>
      </Division>
    </Organization>
    <ProgramOfficer>
      <SignBlockName>Patricia White</SignBlockName>
    </ProgramOfficer>
    <AbstractNarration>The development of panethnicity--solidarity among culturally and linguistically diverse national origin groups--is perhaps the most notable ethnic phenomenon to occur in the U.S. over the past 30 years. Currently, however, there are no theories that directly and systematically address when and why panethnicity occurs. This doctoral dissertation project extends competition theory and cultural division of labor theory to make new predictions about when panethnic behavior will increase among Asian Americans from 1965 to 1995. Data for two dependent variables will be collected: (1) the formation of ethnic (based on national origin ties such as Chinese or Korean) and panethnic (based on ties to the broader group, Asian American) organizations from Encyclopedia of Associations; (2) the occurrence of ethnic and panethnic collective action events from five large, national newspapers. The proposed data sets will enable empirical testing of theoretical predictions about the structural conditions under which solidarity (organizations) and mobilization (collective action) will emerge, resulting in movement toward the construction of a general theory of panethnicity. In addition, more accurate measures of real and perceived competition and new methods for measuring ethnic stratification will be utilized in the event history and pooled time series analyses.</AbstractNarration>
    <MinAmdLetterDate>03/30/1999</MinAmdLetterDate>
    <MaxAmdLetterDate>03/30/1999</MaxAmdLetterDate>
    <ARRAAmount/>
    <AwardID>9900774</AwardID>
    <Investigator>
      <FirstName>Michael</FirstName>
      <LastName>Hechter</LastName>
      <EmailAddress>michael.hechter@asu.edu</EmailAddress>
      <StartDate>03/30/1999</StartDate>
      <EndDate/>
      <RoleCode>Principal Investigator</RoleCode>
    </Investigator>
    <Institution>
      <Name>University of Arizona</Name>
      <CityName>Tucson</CityName>
      <ZipCode>857194824</ZipCode>
      <PhoneNumber>5206266000</PhoneNumber>
      <StreetAddress>888 N Euclid Ave</StreetAddress>
      <CountryName>United States</CountryName>
      <StateName>Arizona</StateName>
      <StateCode>AZ</StateCode>
    </Institution>
    <FoaInformation>
      <Code>0000099</Code>
      <Name>Other Applications NEC</Name>
    </FoaInformation>
    <ProgramElement>
      <Code>1331</Code>
      <Text>SOCIOLOGY</Text>
    </ProgramElement>
    <ProgramReference>
      <Code>9179</Code>
      <Text>GRADUATE INVOLVEMENT</Text>
    </ProgramReference>
    <ProgramReference>
      <Code>SMET</Code>
      <Text>SCIENCE, MATH, ENG &amp; TECH EDUCATION</Text>
    </ProgramReference>
  </Award>
</rootTag>
