<?xml version="1.0" encoding="UTF-8"?>

<rootTag>
  <Award>
    <AwardTitle>Conference: Travel Grant Program for the 13th International Biophysics Congress to be held September 19-24,1999 in New Delhi, India.</AwardTitle>
    <AwardEffectiveDate>07/01/1999</AwardEffectiveDate>
    <AwardExpirationDate>06/30/2000</AwardExpirationDate>
    <AwardAmount>16000</AwardAmount>
    <AwardInstrument>
      <Value>Standard Grant</Value>
    </AwardInstrument>
    <Organization>
      <Code>08070400</Code>
      <Directorate>
        <LongName>Direct For Biological Sciences</LongName>
      </Directorate>
      <Division>
        <LongName>Div Of Molecular and Cellular Bioscience</LongName>
      </Division>
    </Organization>
    <ProgramOfficer>
      <SignBlockName>Kamal Shukla</SignBlockName>
    </ProgramOfficer>
    <AbstractNarration>Glaeser&lt;br/&gt;MCB 9900522&lt;br/&gt;&lt;br/&gt;&lt;br/&gt;The International Biophysics Congress meets once every three years. The&lt;br/&gt;13th congress is to be held in New Deli from September 19-24, with the&lt;br/&gt;Biophysical Society of USA participating. The need for scientific&lt;br/&gt;interaction at the international level is clear and this meeting provides a&lt;br/&gt;proper forum for the exchange of information and ideas in the general area&lt;br/&gt;of Biophysics. The presence of US scientists, especially those of the&lt;br/&gt;emerging generation is encouraged. The support from NSF will emphasize&lt;br/&gt;support for young US investigators.</AbstractNarration>
    <MinAmdLetterDate>05/26/1999</MinAmdLetterDate>
    <MaxAmdLetterDate>05/26/1999</MaxAmdLetterDate>
    <ARRAAmount/>
    <AwardID>9900522</AwardID>
    <Investigator>
      <FirstName>Robert</FirstName>
      <LastName>Glaeser</LastName>
      <EmailAddress>rmglaeser@lbl.gov</EmailAddress>
      <StartDate>05/26/1999</StartDate>
      <EndDate/>
      <RoleCode>Principal Investigator</RoleCode>
    </Investigator>
    <Institution>
      <Name>Biophysical Society</Name>
      <CityName>Bethesda</CityName>
      <ZipCode>20814</ZipCode>
      <PhoneNumber/>
      <StreetAddress/>
      <CountryName>United States</CountryName>
      <StateName>Maryland</StateName>
      <StateCode>MD</StateCode>
    </Institution>
    <FoaInformation>
      <Code>0000099</Code>
      <Name>Other Applications NEC</Name>
    </FoaInformation>
  </Award>
</rootTag>
