<?xml version="1.0" encoding="UTF-8"?>

<rootTag>
  <Award>
    <AwardTitle>Collaborative Research: Geophysical Investigation of En Echelon Cracks along the Outer Shelf off Virginia/North Carolina - Implications for Slope Stability</AwardTitle>
    <AwardEffectiveDate>07/01/1999</AwardEffectiveDate>
    <AwardExpirationDate>06/30/2002</AwardExpirationDate>
    <AwardAmount>60287</AwardAmount>
    <AwardInstrument>
      <Value>Standard Grant</Value>
    </AwardInstrument>
    <Organization>
      <Code>06040200</Code>
      <Directorate>
        <LongName>Directorate For Geosciences</LongName>
      </Directorate>
      <Division>
        <LongName>Division Of Ocean Sciences</LongName>
      </Division>
    </Organization>
    <ProgramOfficer>
      <SignBlockName>Bilal U. Haq</SignBlockName>
    </ProgramOfficer>
    <AbstractNarration>The PIs will study the enechelon cracks along the outer shelf of Virginia and North Carolina in detail during a two-week geological/geophysical survey cruise with a deep-towed high-resolution vertical-incidence sonar system. Accurate mapping of these features and their subsurface geometry will help evaluate the hypothesis that the crack system indicates nascent slope failure along the shelf edge. This data, as well as data released by NOAA on gridded bathymetry, will provide evidence of past catastrophic failure and will lead to a better understanding of the role of these cracks in mass wasting and subsequent canyon evolution.</AbstractNarration>
    <MinAmdLetterDate>06/29/1999</MinAmdLetterDate>
    <MaxAmdLetterDate>06/29/1999</MaxAmdLetterDate>
    <ARRAAmount/>
    <AwardID>9900351</AwardID>
    <Investigator>
      <FirstName>Nathan</FirstName>
      <LastName>Bangs</LastName>
      <EmailAddress>nathan@ig.utexas.edu</EmailAddress>
      <StartDate>06/29/1999</StartDate>
      <EndDate/>
      <RoleCode>Co-Principal Investigator</RoleCode>
    </Investigator>
    <Investigator>
      <FirstName>John</FirstName>
      <LastName>Goff</LastName>
      <EmailAddress>goff@utig.ig.utexas.edu</EmailAddress>
      <StartDate>06/29/1999</StartDate>
      <EndDate/>
      <RoleCode>Principal Investigator</RoleCode>
    </Investigator>
    <Institution>
      <Name>University of Texas at Austin</Name>
      <CityName>Austin</CityName>
      <ZipCode>787121532</ZipCode>
      <PhoneNumber>5124716424</PhoneNumber>
      <StreetAddress>101 E. 27th Street, Suite 5.300</StreetAddress>
      <CountryName>United States</CountryName>
      <StateName>Texas</StateName>
      <StateCode>TX</StateCode>
    </Institution>
    <FoaInformation>
      <Code>0204000</Code>
      <Name>Oceanography</Name>
    </FoaInformation>
  </Award>
</rootTag>
