<?xml version="1.0" encoding="UTF-8"?>

<rootTag>
  <Award>
    <AwardTitle>Ancient and Recent Galaxy Mergers</AwardTitle>
    <AwardEffectiveDate>08/01/1999</AwardEffectiveDate>
    <AwardExpirationDate>07/31/2002</AwardExpirationDate>
    <AwardAmount>183396</AwardAmount>
    <AwardInstrument>
      <Value>Standard Grant</Value>
    </AwardInstrument>
    <Organization>
      <Code>03020417</Code>
      <Directorate>
        <LongName>Direct For Mathematical &amp; Physical Scien</LongName>
      </Directorate>
      <Division>
        <LongName>Division Of Astronomical Sciences</LongName>
      </Division>
    </Organization>
    <ProgramOfficer>
      <SignBlockName>Vernon Pankonin</SignBlockName>
    </ProgramOfficer>
    <AbstractNarration>Ancient and recent galaxy mergers&lt;br/&gt;&lt;br/&gt;Francois Schweizer&lt;br/&gt;&lt;br/&gt;Collisions and mergers of galaxies in the past seem to have played a major role in determining the shapes and dynamics of present day galaxies. Though the number of galactic mergers has declined with time, a few such mergers are still occurring and offer us valuable clues to past evolutionary processes. Dr. Schweizer is determining the dates of ancient and recent merger events in nearby galaxies. Discoveries of young globular star clusters apparently formed during mergers have made possible a new method for dating the merger events themselves. Because of the coeval stars, globular clusters are more easily dated than whole galaxies. Dr. Schweizer is conducting six projects: (1) an analysis of images of six merger galaxies to search young to intermediate age globular clusters in them; (2) establish a globular cluster chronology; (3) determine the large scale spatial distribution of the clusters; (4) measure metallicities and ages of these clusters; (5) map the velocities of the stars and gas in three merger galaxies to determine the merger dynamics; and (6) search for a remnant galactic wind and possible large scale shock fronts in the merger remnant NGC 7252. These projects address key questions on the origins of galaxies, the ages and metallicities of globular clusters in them, the formation of oddly rotating cores in merger remnants, and the fate of gas during mergers.</AbstractNarration>
    <MinAmdLetterDate>07/30/1999</MinAmdLetterDate>
    <MaxAmdLetterDate>07/30/1999</MaxAmdLetterDate>
    <ARRAAmount/>
    <AwardID>9900742</AwardID>
    <Investigator>
      <FirstName>Francois</FirstName>
      <LastName>Schweizer</LastName>
      <EmailAddress>schweizer@obs.carnegiescience.edu</EmailAddress>
      <StartDate>07/30/1999</StartDate>
      <EndDate/>
      <RoleCode>Principal Investigator</RoleCode>
    </Investigator>
    <Institution>
      <Name>Carnegie Institution of Washington</Name>
      <CityName>WASHINGTON</CityName>
      <ZipCode>200051910</ZipCode>
      <PhoneNumber>2023876400</PhoneNumber>
      <StreetAddress>1530 P ST NW</StreetAddress>
      <CountryName>United States</CountryName>
      <StateName>District of Columbia</StateName>
      <StateCode>DC</StateCode>
    </Institution>
    <ProgramElement>
      <Code>1217</Code>
      <Text>EXTRAGALACTIC ASTRON &amp; COSMOLO</Text>
    </ProgramElement>
    <ProgramReference>
      <Code>0000</Code>
      <Text>UNASSIGNED</Text>
    </ProgramReference>
    <ProgramReference>
      <Code>1207</Code>
      <Text>OBSERVATIONAL ASTRONOMY</Text>
    </ProgramReference>
    <ProgramReference>
      <Code>OTHR</Code>
      <Text>OTHER RESEARCH OR EDUCATION</Text>
    </ProgramReference>
  </Award>
</rootTag>
