<?xml version="1.0" encoding="UTF-8"?>

<rootTag>
  <Award>
    <AwardTitle>Development of a Water-Based Machining Technology</AwardTitle>
    <AwardEffectiveDate>09/01/1999</AwardEffectiveDate>
    <AwardExpirationDate>08/31/2004</AwardExpirationDate>
    <AwardAmount>286429</AwardAmount>
    <AwardInstrument>
      <Value>Standard Grant</Value>
    </AwardInstrument>
    <Organization>
      <Code>07030000</Code>
      <Directorate>
        <LongName>Directorate For Engineering</LongName>
      </Directorate>
      <Division>
        <LongName>Div Of Civil, Mechanical, &amp; Manufact Inn</LongName>
      </Division>
    </Organization>
    <ProgramOfficer>
      <SignBlockName>George A. Hazelrigg</SignBlockName>
    </ProgramOfficer>
    <AbstractNarration>The objective of this research project is to develop a "green" water-based machining technology. Material removal will be carried out by the impingement of the workpiece surface by ultra high-speed water slugs. The water consumption as well as amount of material debris will be minimal and practically no emission will be generated. A fast moving piston will form the water slugs. The piston will impact a water bullet contained in a barrel and will generate a package of pressure waves in water. These waves will expel a water slug from the barrel via a tapering nozzle. The slug velocity will reach several km/sec. At such velocity the slug will penetrate most of the engineering materials and will erode practically any material. The nozzle will be integrated into a robotic workcell and used for the precision and emission free machining operations.&lt;br/&gt; Currently, water acceleration by the strong pressure waves is used for demolition, mining and military applications. This technology will enhance available information and will develop a mathematical model of the formation of the high velocity water slugs. The result of the modeling will enable us to construct a laboratory set up for the experimental study of the process. The water flow within and outside the nozzle as well as the slug's impingement on a substrate will be investigated. As the result, the mathematical description of the fluid acceleration by the strong pressure waves will be improved and the knowledge necessary for the development of the desired technology will be acquired. A conceptual design of an industrial scale prototype of the machining system will be developed.</AbstractNarration>
    <MinAmdLetterDate>08/24/1999</MinAmdLetterDate>
    <MaxAmdLetterDate>06/06/2003</MaxAmdLetterDate>
    <ARRAAmount/>
    <AwardID>9900247</AwardID>
    <Investigator>
      <FirstName>Ernest</FirstName>
      <LastName>Geskin</LastName>
      <EmailAddress>geskin@njit.edu</EmailAddress>
      <StartDate>08/24/1999</StartDate>
      <EndDate/>
      <RoleCode>Principal Investigator</RoleCode>
    </Investigator>
    <Institution>
      <Name>New Jersey Institute of Technology</Name>
      <CityName>Newark</CityName>
      <ZipCode>071021982</ZipCode>
      <PhoneNumber>9735965275</PhoneNumber>
      <StreetAddress>323 DOCTOR MARTIN LUTHER</StreetAddress>
      <CountryName>United States</CountryName>
      <StateName>New Jersey</StateName>
      <StateCode>NJ</StateCode>
    </Institution>
    <FoaInformation>
      <Code>0308000</Code>
      <Name>Industrial Technology</Name>
    </FoaInformation>
    <ProgramElement>
      <Code>1468</Code>
      <Text>Manufacturing Machines &amp; Equip</Text>
    </ProgramElement>
    <ProgramElement>
      <Code>5979</Code>
      <Text>CENTRAL &amp; EASTERN EUROPE PROGR</Text>
    </ProgramElement>
    <ProgramReference>
      <Code>5998</Code>
      <Text>UKRAINE</Text>
    </ProgramReference>
    <ProgramReference>
      <Code>9146</Code>
      <Text>MANUFACTURING BASE RESEARCH</Text>
    </ProgramReference>
    <ProgramReference>
      <Code>9178</Code>
      <Text>UNDERGRADUATE EDUCATION</Text>
    </ProgramReference>
    <ProgramReference>
      <Code>9251</Code>
      <Text>RES EXPER FOR UNDERGRAD-SUPPLT</Text>
    </ProgramReference>
    <ProgramReference>
      <Code>MANU</Code>
      <Text>MANUFACTURING</Text>
    </ProgramReference>
  </Award>
</rootTag>
