<?xml version="1.0" encoding="UTF-8"?>

<rootTag>
  <Award>
    <AwardTitle>A Determination of the Cyclic Fatigue Crack Growth Properties of Human Teeth</AwardTitle>
    <AwardEffectiveDate>08/15/1999</AwardEffectiveDate>
    <AwardExpirationDate>07/31/2000</AwardExpirationDate>
    <AwardAmount>33404</AwardAmount>
    <AwardInstrument>
      <Value>Standard Grant</Value>
    </AwardInstrument>
    <Organization>
      <Code>07020000</Code>
      <Directorate>
        <LongName>Directorate For Engineering</LongName>
      </Directorate>
      <Division>
        <LongName>Div Of Chem, Bioeng, Env, &amp; Transp Sys</LongName>
      </Division>
    </Organization>
    <ProgramOfficer>
      <SignBlockName>Sohi Rastegar</SignBlockName>
    </ProgramOfficer>
    <AbstractNarration>9900296&lt;br/&gt;Arola&lt;br/&gt;Dental restorations play an integral role in the maintenance of lifelongoral health. Consequently, the failure of dental restorations through reoccurring tooth decay, marginal discrepancies, and tooth fracture, are topics of substantial clinical significance. The objective of the research is to show that cyclic fatigue crack growth in teeth is an important and largely unrecognized mechanism that contributes to dental restoration failure. The hypothesis to be tested that that fatigue crack growth in teeth initiates at flaws introduced during cavity preparation with dental burs and is driven by cyclic mechanical and thermal loads which encompass standard oral activity. The flaw propagates until reaching a critical crack length which enables the loss of biological tooth structure or bulk fracture of the restoration. &lt;br/&gt;&lt;br/&gt;In this study the cyclic crack growth rate in human dentin and the threshold crack length will be determined from an experimental analysis conducted with four-point-bend dentin specimens. Fatigue specimens will be prepared from human teeth using a numerically controlled slicer/grinder. A pre-fatigue crack will be introduced in each specimen, prior to zero-to-maximum four point bend fatigue loading, through the application of Mode I cyclic compression. The cyclic flaw growth rate resulting from bend loading will be quantified in terms of the instantaneous crack length and maximum cyclic bend stress. Using the cumulative fatigue crack growth data obtained from experimental analysis, the parameters describing cyclic fatigue crack growth according to the Paris Law will be determined. Results from the experimental study will identify the significance of subsurface flaws introduced during cavity preparation on the fatigue life of restored teeth.</AbstractNarration>
    <MinAmdLetterDate>08/18/1999</MinAmdLetterDate>
    <MaxAmdLetterDate>08/18/1999</MaxAmdLetterDate>
    <ARRAAmount/>
    <AwardID>9900296</AwardID>
    <Investigator>
      <FirstName>Dwayne</FirstName>
      <LastName>Arola</LastName>
      <EmailAddress>darola@uw.edu</EmailAddress>
      <StartDate>08/18/1999</StartDate>
      <EndDate/>
      <RoleCode>Principal Investigator</RoleCode>
    </Investigator>
    <Institution>
      <Name>University of Maryland Baltimore County</Name>
      <CityName>Baltimore</CityName>
      <ZipCode>212500002</ZipCode>
      <PhoneNumber>4104553140</PhoneNumber>
      <StreetAddress>1000 Hilltop Circle</StreetAddress>
      <CountryName>United States</CountryName>
      <StateName>Maryland</StateName>
      <StateCode>MD</StateCode>
    </Institution>
    <FoaInformation>
      <Code>0203000</Code>
      <Name>Health</Name>
    </FoaInformation>
    <ProgramElement>
      <Code>5345</Code>
      <Text>BIOMEDICAL ENGINEERING</Text>
    </ProgramElement>
    <ProgramReference>
      <Code>0000</Code>
      <Text>UNASSIGNED</Text>
    </ProgramReference>
    <ProgramReference>
      <Code>OTHR</Code>
      <Text>OTHER RESEARCH OR EDUCATION</Text>
    </ProgramReference>
  </Award>
</rootTag>
