<?xml version="1.0" encoding="UTF-8"?>

<rootTag>
  <Award>
    <AwardTitle>Segregation in Granular Flows Symposium, June 5-10, 1998 in Cape May, NJ</AwardTitle>
    <AwardEffectiveDate>01/15/1999</AwardEffectiveDate>
    <AwardExpirationDate>12/31/1999</AwardExpirationDate>
    <AwardAmount>5000</AwardAmount>
    <AwardInstrument>
      <Value>Standard Grant</Value>
    </AwardInstrument>
    <Organization>
      <Code>07020000</Code>
      <Directorate>
        <LongName>Directorate For Engineering</LongName>
      </Directorate>
      <Division>
        <LongName>Div Of Chem, Bioeng, Env, &amp; Transp Sys</LongName>
      </Division>
    </Organization>
    <ProgramOfficer>
      <SignBlockName>M. C. Roco</SignBlockName>
    </ProgramOfficer>
    <AbstractNarration>Partial travel support for speakers at the IUTAM Symposium "Segregation in Granular Flow", June 5-10, 1999 in Cape May, NJ, is provided. Evaluation of the current research results in a field in development and improving interdisciplinary and international interactions are the main objectives. Engineers, physicists and mathematicians will identify common principles and approaches. The symposium is organized into three technical sessions, including experiments, analytical theories and computational approaches. Established and young researchers from over ten countries will participate. There will be about 25 speakers and 50 participants. The conference proceedings will be prepared following the meeting, and published by Kluwer Academic Press. This workshop is addressing a less understood phenomenon in granular flow, and has a significant industrial relevance. The workshop is expected to be an interactive forum for participants, particularly young researchers, to debate actual technical issues, collaborations and professional activities.</AbstractNarration>
    <MinAmdLetterDate>01/07/1999</MinAmdLetterDate>
    <MaxAmdLetterDate>01/07/1999</MaxAmdLetterDate>
    <ARRAAmount/>
    <AwardID>9900938</AwardID>
    <Investigator>
      <FirstName>Anthony</FirstName>
      <LastName>Rosato</LastName>
      <EmailAddress>rosato@njit.edu</EmailAddress>
      <StartDate>01/07/1999</StartDate>
      <EndDate/>
      <RoleCode>Principal Investigator</RoleCode>
    </Investigator>
    <Investigator>
      <FirstName>Denis</FirstName>
      <LastName>Blackmore</LastName>
      <EmailAddress>deblac@m.njit.edu</EmailAddress>
      <StartDate>01/07/1999</StartDate>
      <EndDate/>
      <RoleCode>Co-Principal Investigator</RoleCode>
    </Investigator>
    <Institution>
      <Name>New Jersey Institute of Technology</Name>
      <CityName>Newark</CityName>
      <ZipCode>071021982</ZipCode>
      <PhoneNumber>9735965275</PhoneNumber>
      <StreetAddress>323 DOCTOR MARTIN LUTHER</StreetAddress>
      <CountryName>United States</CountryName>
      <StateName>New Jersey</StateName>
      <StateCode>NJ</StateCode>
    </Institution>
  </Award>
</rootTag>
