<?xml version="1.0" encoding="UTF-8"?>

<rootTag>
  <Award>
    <AwardTitle>RUI: New Concepts in Coupled Shape-Preserving Pulses</AwardTitle>
    <AwardEffectiveDate>06/01/1999</AwardEffectiveDate>
    <AwardExpirationDate>05/31/2002</AwardExpirationDate>
    <AwardAmount>60000</AwardAmount>
    <AwardInstrument>
      <Value>Continuing grant</Value>
    </AwardInstrument>
    <Organization>
      <Code>03010500</Code>
      <Directorate>
        <LongName>Direct For Mathematical &amp; Physical Scien</LongName>
      </Directorate>
      <Division>
        <LongName>Division Of Physics</LongName>
      </Division>
    </Organization>
    <ProgramOfficer>
      <SignBlockName>Barry I. Schneider</SignBlockName>
    </ProgramOfficer>
    <AbstractNarration>The project explores the nature of certain solitary wave solutions to the coupled non-linear Schroedinger equation. Previous research has found some elegant, analytic representations in terms of Lame functions. The methodology will be explored for more general non-linear equations and be applied to problems in the field of optical communication and Bose-Einstein condensation.</AbstractNarration>
    <MinAmdLetterDate>06/09/1999</MinAmdLetterDate>
    <MaxAmdLetterDate>01/23/2001</MaxAmdLetterDate>
    <ARRAAmount/>
    <AwardID>9900659</AwardID>
    <Investigator>
      <FirstName>Foek</FirstName>
      <LastName>Hioe</LastName>
      <EmailAddress>hioe@sjfc.edu</EmailAddress>
      <StartDate>06/09/1999</StartDate>
      <EndDate/>
      <RoleCode>Principal Investigator</RoleCode>
    </Investigator>
    <Institution>
      <Name>St. John Fisher College</Name>
      <CityName>Rochester</CityName>
      <ZipCode>146183537</ZipCode>
      <PhoneNumber>5853858059</PhoneNumber>
      <StreetAddress>3690 East Avenue</StreetAddress>
      <CountryName>United States</CountryName>
      <StateName>New York</StateName>
      <StateCode>NY</StateCode>
    </Institution>
    <FoaInformation>
      <Code>0000099</Code>
      <Name>Other Applications NEC</Name>
    </FoaInformation>
  </Award>
</rootTag>
