<?xml version="1.0" encoding="UTF-8"?>

<rootTag>
  <Award>
    <AwardTitle>FASEB Conference: Biology of Immunoreceptors, June 26-July 1, 1999 to be held in Saxton's River, VT</AwardTitle>
    <AwardEffectiveDate>06/15/1999</AwardEffectiveDate>
    <AwardExpirationDate>05/31/2000</AwardExpirationDate>
    <AwardAmount>2000</AwardAmount>
    <AwardInstrument>
      <Value>Standard Grant</Value>
    </AwardInstrument>
    <Organization>
      <Code>08070600</Code>
      <Directorate>
        <LongName>Direct For Biological Sciences</LongName>
      </Directorate>
      <Division>
        <LongName>Div Of Molecular and Cellular Bioscience</LongName>
      </Division>
    </Organization>
    <ProgramOfficer>
      <SignBlockName>Eve Ida Barak</SignBlockName>
    </ProgramOfficer>
    <AbstractNarration>This is a summer research conference to be held June 26 through July 1, 1999 in Saxtons River, Vermont under the auspices of the Federation of American Societies for Experimental Biology. The conference will focus on the structure and function of membrane receptors that play critical roles in the modulation of immune responses. These receptors include such important members as the antigen receptors of T and B lymphocytes and cytokine receptors. A special emphasis will be given to the rapidly moving field of inhibitory receptors involved in negative signaling pathways. There will be two keynote lectures to be given by Dr. Don Wiley, a leader in the structural biology of immunoreceptors, and Dr. William Paul, a leader in cytokine biology. In addition there will be eight scientific sessions on specific topics with invited speakers, and one session devoted to the discussion of selected posters submitted to the conference. The themes of the scientific sessions are (1) the T cell receptor, (2) the B cell receptor, (3) Fc receptors, (4) inhibitory receptors, (5) accessory and adapter molecules, (6 &amp; 7) kinases, phosphatases and other signaling elements, and (8) cytokines and their receptors.</AbstractNarration>
    <MinAmdLetterDate>06/14/1999</MinAmdLetterDate>
    <MaxAmdLetterDate>06/14/1999</MaxAmdLetterDate>
    <ARRAAmount/>
    <AwardID>9900520</AwardID>
    <Investigator>
      <FirstName>Philip</FirstName>
      <LastName>Hogarth</LastName>
      <EmailAddress>pm.hogarth@ari.unimelb.edu</EmailAddress>
      <StartDate>06/14/1999</StartDate>
      <EndDate/>
      <RoleCode>Co-Principal Investigator</RoleCode>
    </Investigator>
    <Investigator>
      <FirstName>Jeanne-Pierre</FirstName>
      <LastName>Kinet</LastName>
      <EmailAddress>jkinet@bidmc.harvard.edu</EmailAddress>
      <StartDate>06/14/1999</StartDate>
      <EndDate/>
      <RoleCode>Principal Investigator</RoleCode>
    </Investigator>
    <Institution>
      <Name>Federation of Amer Societies For Exper Biology</Name>
      <CityName>Bethesda</CityName>
      <ZipCode>208143998</ZipCode>
      <PhoneNumber>3016347013</PhoneNumber>
      <StreetAddress>9650 ROCKVILLE PIKE</StreetAddress>
      <CountryName>United States</CountryName>
      <StateName>Maryland</StateName>
      <StateCode>MD</StateCode>
    </Institution>
  </Award>
</rootTag>
