<?xml version="1.0" encoding="UTF-8"?>

<rootTag>
  <Award>
    <AwardTitle>New Methods for Exploiting Program Structure and Behavior in Computer Architecture, and their Applications</AwardTitle>
    <AwardEffectiveDate>09/15/1999</AwardEffectiveDate>
    <AwardExpirationDate>08/31/2003</AwardExpirationDate>
    <AwardAmount>265007</AwardAmount>
    <AwardInstrument>
      <Value>Standard Grant</Value>
    </AwardInstrument>
    <Organization>
      <Code>05010300</Code>
      <Directorate>
        <LongName>Direct For Computer &amp; Info Scie &amp; Enginr</LongName>
      </Directorate>
      <Division>
        <LongName>Division of Computing and Communication Foundations</LongName>
      </Division>
    </Organization>
    <ProgramOfficer>
      <SignBlockName>Pratibha Varma-Nelson</SignBlockName>
    </ProgramOfficer>
    <AbstractNarration>Applications, such as multimedia processing, digital signal, image and vision processing, and scientific computing, generate computation tasks that are structured and repetitive exhibiting varying degree of instruction-level parallelism (ILP). Moreover, the demands to compute certain functions and their&lt;br/&gt;resource needs vary with applications and time. The overall goal of this project is to develop and use novel ideas such as reconfigurable functional units (FUs), cache memory, and reconfigurable bus architectures to achieve balanced computing, i.e. match the computing bandwidth to the memory bandwidth.&lt;br/&gt;The research will address issues in designing architectures that allow reconfiguration of resources to make the following architecture level parameters dynamically variable: number and types of FUs, amount of on-chip register and cache memory, an ability to trade the on-chip memory resources with the number&lt;br/&gt;of FUs dynamically, and the interconnectivity between these units. A processor core with reconfigurable logic blocks to make the architecture adaptive to the applications' computing and memory bandwidth needs will be developed. Effects of integrating reconfiguration schemes into the on-chip FUs and cache memories&lt;br/&gt;on a processor chip will also be studied and evaluated. A high-level design for the ABC (Adaptive Balanced Computing) architecture will be developed and analyzed. It is expected that the research results will significantly improve the efficiency of computation.</AbstractNarration>
    <MinAmdLetterDate>09/14/1999</MinAmdLetterDate>
    <MaxAmdLetterDate>09/14/1999</MaxAmdLetterDate>
    <ARRAAmount/>
    <AwardID>9900584</AwardID>
    <Investigator>
      <FirstName>Gurindar</FirstName>
      <LastName>Sohi</LastName>
      <EmailAddress>sohi@cs.wisc.edu</EmailAddress>
      <StartDate>09/14/1999</StartDate>
      <EndDate/>
      <RoleCode>Principal Investigator</RoleCode>
    </Investigator>
    <Institution>
      <Name>University of Wisconsin-Madison</Name>
      <CityName>MADISON</CityName>
      <ZipCode>537151218</ZipCode>
      <PhoneNumber>6082623822</PhoneNumber>
      <StreetAddress>21 North Park Street</StreetAddress>
      <CountryName>United States</CountryName>
      <StateName>Wisconsin</StateName>
      <StateCode>WI</StateCode>
    </Institution>
  </Award>
</rootTag>
