<?xml version="1.0" encoding="UTF-8"?>

<rootTag>
  <Award>
    <AwardTitle>Polarization-Agile, Multiple-Resonant Smart Antenna Elements</AwardTitle>
    <AwardEffectiveDate>06/01/1999</AwardEffectiveDate>
    <AwardExpirationDate>05/31/2003</AwardExpirationDate>
    <AwardAmount>183530</AwardAmount>
    <AwardInstrument>
      <Value>Standard Grant</Value>
    </AwardInstrument>
    <Organization>
      <Code>07010000</Code>
      <Directorate>
        <LongName>Directorate For Engineering</LongName>
      </Directorate>
      <Division>
        <LongName>Div Of Electrical, Commun &amp; Cyber Sys</LongName>
      </Division>
    </Organization>
    <ProgramOfficer>
      <SignBlockName>Kawthar A. Zaki</SignBlockName>
    </ProgramOfficer>
    <AbstractNarration>9900280&lt;br/&gt;Gearheart&lt;br/&gt;&lt;br/&gt;The goal of this research project is to develop a new polarization-agile wire antenna element. A new four-terminal wire antenna geometry is proposed along with novel methods of tuning the resonant frequency, impedance, and radiation pattern of the antenna. The four terminal antenna can radiate in one of two modes: dipole mode or slot mode. Ideally, the radiation patterns and resonant frequencies of the two modes are identical and their polarizations are orthogonal in every direction. Furthermore, each terminal should see a matched impedance to the coaxial feed to reduce system reflections. Superposition of the two modes will allow for the synthesis of any linear, circular, or elliptical polarization, and identical mode radiation patterns and orthogonal mode polarizations will allow for synthesis of any polarization in any direction. The novel integrated tuning stubs will allow the polarization-agile wire antenna to radiate each mode effectively at multiple specified frequencies. Genetic algorithm optimization techniques will be used in the development of the polarization-agile multiple-resonant wire antenna.&lt;br/&gt;&lt;br/&gt;The proposed polarization-agile wire antenna element will allow for significant improvement in smart antenna systems through inclusion of optimized polarization information. This represents a significant improvement over traditional polarization diversity systems that use two perpendicular antennas and use the strongest signal from one antenna or the other. Such antennas are not orthogonally polarized for all angles of arrival and the singular use of one antenna or the other does not allow for the synthesis of circular or elliptical polarization.&lt;br/&gt;&lt;br/&gt;A national resource for the education of high school and undergraduate students on the design and measurement of antennas and microwave circuits is proposed. An internet site devoted the education of high school and undergraduate students is the key component of the proposal. The goals of the internet site are as follows:&lt;br/&gt;&lt;br/&gt;Introduce high school and undergraduate students to the fields of antennas and&lt;br/&gt;microwave circuits through design examples, measurement demonstrations, and real-time antenna radiation pattern measurements.&lt;br/&gt;Provide a supplement for undergraduate microwave and antenna textbooks used in senior-level undergraduate courses nationwide.&lt;br/&gt;Target inner city (e.g. minority) high school students in Milwaukee through the&lt;br/&gt;offering of wireless data and voice network services.&lt;br/&gt;&lt;br/&gt;In addition, a summer research program for undergraduate student researchers from institutions with large percentages of underrepresented minority groups will help increase the number of such students that successfully complete a degree in Electrical Engineering and encourage those students to consider graduate degrees in Electrical Engineering.</AbstractNarration>
    <MinAmdLetterDate>03/18/1999</MinAmdLetterDate>
    <MaxAmdLetterDate>07/24/2000</MaxAmdLetterDate>
    <ARRAAmount/>
    <AwardID>9900280</AwardID>
    <Investigator>
      <FirstName>Steven</FirstName>
      <LastName>Gearhart</LastName>
      <EmailAddress>gearhart@engr.wisc.edu</EmailAddress>
      <StartDate>03/18/1999</StartDate>
      <EndDate>07/24/2000</EndDate>
      <RoleCode>Former Principal Investigator</RoleCode>
    </Investigator>
    <Investigator>
      <FirstName>Daniel</FirstName>
      <LastName>van der Weide</LastName>
      <EmailAddress>danvdw@engr.wisc.edu</EmailAddress>
      <StartDate>07/24/2000</StartDate>
      <EndDate/>
      <RoleCode>Principal Investigator</RoleCode>
    </Investigator>
    <Investigator>
      <FirstName>Susan</FirstName>
      <LastName>Hagness</LastName>
      <EmailAddress>hagness@engr.wisc.edu</EmailAddress>
      <StartDate>07/24/2000</StartDate>
      <EndDate/>
      <RoleCode>Co-Principal Investigator</RoleCode>
    </Investigator>
    <Institution>
      <Name>University of Wisconsin-Madison</Name>
      <CityName>MADISON</CityName>
      <ZipCode>537151218</ZipCode>
      <PhoneNumber>6082623822</PhoneNumber>
      <StreetAddress>21 North Park Street</StreetAddress>
      <CountryName>United States</CountryName>
      <StateName>Wisconsin</StateName>
      <StateCode>WI</StateCode>
    </Institution>
  </Award>
</rootTag>
