<?xml version="1.0" encoding="UTF-8"?>

<rootTag>
  <Award>
    <AwardTitle>Advanced Temporal Imaging Systems</AwardTitle>
    <AwardEffectiveDate>10/01/1999</AwardEffectiveDate>
    <AwardExpirationDate>03/31/2003</AwardExpirationDate>
    <AwardAmount>172144</AwardAmount>
    <AwardInstrument>
      <Value>Standard Grant</Value>
    </AwardInstrument>
    <Organization>
      <Code>07010000</Code>
      <Directorate>
        <LongName>Directorate For Engineering</LongName>
      </Directorate>
      <Division>
        <LongName>Div Of Electrical, Commun &amp; Cyber Sys</LongName>
      </Division>
    </Organization>
    <ProgramOfficer>
      <SignBlockName>Filbert J. Bartoli</SignBlockName>
    </ProgramOfficer>
    <AbstractNarration>9900414&lt;br/&gt;Kolner&lt;br/&gt;This proposal seeks resources to support the evolution of new concepts in temporal imaging. The fundamental principles of this work grew out of the analogy between the equations of diffraction and dispersion. From this analogy comes the concepts of time lenses, waveform magnification, time microscopes and temporal imaging. The basic premise is that optical waveforms can be manipulated using linear systems concepts so that their time scales are altered but the shapes of their envelope profiles remain intact. The essential components of a temporal imaging system are dispersion, which is the analog of free-space diffraction, and quadratic phase modulation, which is the time analog of a lens. Applications for this technology include magnification of ultrafast optical waveforms to time scales accessible to conventional instrumentation, compressing of crafted waveforms to short time scales and enhancing performance in time division multiplexing. Under prior funding we laid the theoretical foundations of temporal imaging and demonstrated several important concepts including waveform magnification, local time reversal and pulse compression. We now plan to extend our work to encompass much higher performance time lenses so that fundamental limits of imaging may be explored and this technology may reach a broader audience.&lt;br/&gt;&lt;br/&gt;Advancing the state-of-the art in this area will require sophisticated electromagnetic modeling of microwave dielectric resonators, theoretical investigations of ultimate modula-tion capability as predicted by the Manly-Rowe relations, materials science issues of loss tangent and electro-optic effect as well as investigating the tools of variational calculus for optimizing time lens design. Guided by our theoretical studies, we plan new experiments such as a regenerative time lens, capable of many thousands of radians of phase modulation, all-optical parametric time lenses based on femtosecond laser pulses and nonlinear frequency mixing, and an all- fiber time microscope, to name a few. We expect this work to have a significant impact by bringing time lens technology to regimes where it can be used as a standard laboratory or technology tool for magnifying femtosecond phenomena, wave-form crafting and communications applications. Owing to the multidisciplinary nature of the work, it will provide tremendous opportunity for training graduate and undergraduate students in basic optics, electromagnetics, linear systems, computer modeling, microwave theory, and nonlinear optics.&lt;br/&gt;***</AbstractNarration>
    <MinAmdLetterDate>06/08/1999</MinAmdLetterDate>
    <MaxAmdLetterDate>06/08/1999</MaxAmdLetterDate>
    <ARRAAmount/>
    <AwardID>9900414</AwardID>
    <Investigator>
      <FirstName>Brian</FirstName>
      <LastName>Kolner</LastName>
      <EmailAddress>bhkolner@ucdavis.edu</EmailAddress>
      <StartDate>06/08/1999</StartDate>
      <EndDate/>
      <RoleCode>Principal Investigator</RoleCode>
    </Investigator>
    <Institution>
      <Name>University of California-Davis</Name>
      <CityName>Davis</CityName>
      <ZipCode>956186134</ZipCode>
      <PhoneNumber>5307547700</PhoneNumber>
      <StreetAddress>OR/Sponsored Programs</StreetAddress>
      <CountryName>United States</CountryName>
      <StateName>California</StateName>
      <StateCode>CA</StateCode>
    </Institution>
    <FoaInformation>
      <Code>0206000</Code>
      <Name>Telecommunications</Name>
    </FoaInformation>
    <ProgramElement>
      <Code>1517</Code>
      <Text>ELECT, PHOTONICS, &amp; MAG DEVICE</Text>
    </ProgramElement>
    <ProgramElement>
      <Code>1518</Code>
      <Text>CONTROL, NETWORKS, &amp; COMP INTE</Text>
    </ProgramElement>
    <ProgramReference>
      <Code>0000</Code>
      <Text>UNASSIGNED</Text>
    </ProgramReference>
    <ProgramReference>
      <Code>OTHR</Code>
      <Text>OTHER RESEARCH OR EDUCATION</Text>
    </ProgramReference>
  </Award>
</rootTag>
