<?xml version="1.0" encoding="UTF-8"?>

<rootTag>
  <Award>
    <AwardTitle>Dynamic Contextual Recognition of Moving Objects</AwardTitle>
    <AwardEffectiveDate>09/15/1999</AwardEffectiveDate>
    <AwardExpirationDate>08/31/2002</AwardExpirationDate>
    <AwardAmount>150000</AwardAmount>
    <AwardInstrument>
      <Value>Standard Grant</Value>
    </AwardInstrument>
    <Organization>
      <Code>05020000</Code>
      <Directorate>
        <LongName>Direct For Computer &amp; Info Scie &amp; Enginr</LongName>
      </Directorate>
      <Division>
        <LongName>Div Of Information &amp; Intelligent Systems</LongName>
      </Division>
    </Organization>
    <ProgramOfficer>
      <SignBlockName>Junku Yuh</SignBlockName>
    </ProgramOfficer>
    <AbstractNarration>Abstract&lt;br/&gt;&lt;br/&gt;IIS-9900115&lt;br/&gt;Zabih, Ramin&lt;br/&gt;Cornell University &lt;br/&gt;$150,000 - 36 mos.&lt;br/&gt;&lt;br/&gt;Dynamic Contextual Recognition of Moving Objects&lt;br/&gt;&lt;br/&gt;This is a standard award of three years. The research will address the problem of reconstructing the paths taken by all moving objects that are temporarily visible from multiple non-overlapping cameras in an environment. There are many interesting surveillance applications where it is important to integrate information from multiple cameras. Unfortunately, it is very difficult and tiring for human operators to simultaneously attend to several video streams. The PI will take a Bayesian approach, where the optimal solution is the set of object paths with the highest posterior probability&lt;br/&gt;given the observed data. The PI plans to investigate the use of combinatorial&lt;br/&gt;optimization methods, including linear programming and graph cuts, to design&lt;br/&gt;approximation schemes for these problems. These methods are expected to &lt;br/&gt;result in efficient algorithms with interesting guarantees concerning the&lt;br/&gt;quality of the approximation.</AbstractNarration>
    <MinAmdLetterDate>09/14/1999</MinAmdLetterDate>
    <MaxAmdLetterDate>09/14/1999</MaxAmdLetterDate>
    <ARRAAmount/>
    <AwardID>9900115</AwardID>
    <Investigator>
      <FirstName>Ramin</FirstName>
      <LastName>Zabih</LastName>
      <EmailAddress>rdz@med.cornell.edu.</EmailAddress>
      <StartDate>09/14/1999</StartDate>
      <EndDate/>
      <RoleCode>Principal Investigator</RoleCode>
    </Investigator>
    <Institution>
      <Name>Cornell University</Name>
      <CityName>Ithaca</CityName>
      <ZipCode>148502820</ZipCode>
      <PhoneNumber>6072555014</PhoneNumber>
      <StreetAddress>373 Pine Tree Road</StreetAddress>
      <CountryName>United States</CountryName>
      <StateName>New York</StateName>
      <StateCode>NY</StateCode>
    </Institution>
    <FoaInformation>
      <Code>0104000</Code>
      <Name>Information Systems</Name>
    </FoaInformation>
    <ProgramElement>
      <Code>6840</Code>
      <Text>ROBOTICS</Text>
    </ProgramElement>
    <ProgramReference>
      <Code>9139</Code>
      <Text>INFORMATION INFRASTRUCTURE &amp; TECH APPL</Text>
    </ProgramReference>
    <ProgramReference>
      <Code>HPCC</Code>
      <Text>HIGH PERFORMANCE COMPUTING &amp; COMM</Text>
    </ProgramReference>
  </Award>
</rootTag>
