<?xml version="1.0" encoding="UTF-8"?>

<rootTag>
  <Award>
    <AwardTitle>GOALI/IUCP: Stress Analysis and Optimization of Thin Strip Casting Processes</AwardTitle>
    <AwardEffectiveDate>08/01/1999</AwardEffectiveDate>
    <AwardExpirationDate>07/31/2003</AwardExpirationDate>
    <AwardAmount>300000</AwardAmount>
    <AwardInstrument>
      <Value>Continuing grant</Value>
    </AwardInstrument>
    <Organization>
      <Code>07030000</Code>
      <Directorate>
        <LongName>Directorate For Engineering</LongName>
      </Directorate>
      <Division>
        <LongName>Div Of Civil, Mechanical, &amp; Manufact Inn</LongName>
      </Division>
    </Organization>
    <ProgramOfficer>
      <SignBlockName>Kevin Lyons</SignBlockName>
    </ProgramOfficer>
    <AbstractNarration>This Grant Opportunity for Academic Liaison with Industry (GOALI) research project focuses on specific behavior in solidifying metal that relates to the microstructure being formed and the mechanisms of the process. Thin strip casting of aluminum and steel can provide industry with an opportunity to produce netshape products via a process that has lower cost and lower environmental impact in terms of energy and material flow. Single roller melt drag, twin roller, and two roller melt drag processes were investigated and modeled, with some understanding of controlling parameters being established. In practice it has been found that the quality of the cast strip can be poor, with several surface and microstructural defects occurring. This work will focus on the fundamental analysis of the effects of various operation parameters upon the solidification and cooling of the strip. Experimental work and stress analysis performed by computational modeling of the solidifying thin strip metal will be conducted. &lt;br/&gt; This GOALI project will include the participation of Reynolds Metals, Armco, Inc., and Transmet Corporation, with the use of production scale casters at these companies to validate the models developed in this project. It is expected that the models will provide direct information on the appropriate processing parameters to generate improved thermal flow paths and induced thermal stresses. It is also expected that this work, if successful, will help the U.S. primary metals industry remain competitive in the global economy.</AbstractNarration>
    <MinAmdLetterDate>07/14/1999</MinAmdLetterDate>
    <MaxAmdLetterDate>05/23/2001</MaxAmdLetterDate>
    <ARRAAmount/>
    <AwardID>9900140</AwardID>
    <Investigator>
      <FirstName>Yogeshwar</FirstName>
      <LastName>Sahai</LastName>
      <EmailAddress>sahai.1@osu.edu</EmailAddress>
      <StartDate>07/14/1999</StartDate>
      <EndDate/>
      <RoleCode>Principal Investigator</RoleCode>
    </Investigator>
    <Investigator>
      <FirstName>Daniel</FirstName>
      <LastName>Cook</LastName>
      <EmailAddress>dpcook@factotum.rmc.com</EmailAddress>
      <StartDate>07/14/1999</StartDate>
      <EndDate/>
      <RoleCode>Co-Principal Investigator</RoleCode>
    </Investigator>
    <Institution>
      <Name>Ohio State University Research Foundation -DO NOT USE</Name>
      <CityName>Columbus</CityName>
      <ZipCode>432101016</ZipCode>
      <PhoneNumber>6142923732</PhoneNumber>
      <StreetAddress>1960 KENNY RD</StreetAddress>
      <CountryName>United States</CountryName>
      <StateName>Ohio</StateName>
      <StateCode>OH</StateCode>
    </Institution>
    <FoaInformation>
      <Code>0308000</Code>
      <Name>Industrial Technology</Name>
    </FoaInformation>
  </Award>
</rootTag>
