<?xml version="1.0" encoding="UTF-8"?>

<rootTag>
  <Award>
    <AwardTitle>1999 Particle Accelerator Conference (PAC '99); March 29 - April 2, 1999, N.Y., N.Y</AwardTitle>
    <AwardEffectiveDate>04/15/1999</AwardEffectiveDate>
    <AwardExpirationDate>03/31/2000</AwardExpirationDate>
    <AwardAmount>5000</AwardAmount>
    <AwardInstrument>
      <Value>Standard Grant</Value>
    </AwardInstrument>
    <Organization>
      <Code>03010200</Code>
      <Directorate>
        <LongName>Direct For Mathematical &amp; Physical Scien</LongName>
      </Directorate>
      <Division>
        <LongName>Division Of Physics</LongName>
      </Division>
    </Organization>
    <ProgramOfficer>
      <SignBlockName>Mr. Loh</SignBlockName>
    </ProgramOfficer>
    <AbstractNarration>9900690&lt;br/&gt;Weng&lt;br/&gt;This proposal seeks funding, $5k, to support students to attend the 1999 particle Accelerator Conference. The main topics will involve hadron and lepton accelerators (muon colliders will be one of the subjects, FELS, and accelerators for cancer therapy.</AbstractNarration>
    <MinAmdLetterDate>04/13/1999</MinAmdLetterDate>
    <MaxAmdLetterDate>04/13/1999</MaxAmdLetterDate>
    <ARRAAmount/>
    <AwardID>9900690</AwardID>
    <Investigator>
      <FirstName>Wu-Tsung</FirstName>
      <LastName>Weng</LastName>
      <EmailAddress>weng@bnl.gov</EmailAddress>
      <StartDate>04/13/1999</StartDate>
      <EndDate/>
      <RoleCode>Principal Investigator</RoleCode>
    </Investigator>
    <Institution>
      <Name>Institute of Electrical &amp; Electronics Engineers, Inc.</Name>
      <CityName>Piscataway</CityName>
      <ZipCode>088544141</ZipCode>
      <PhoneNumber>7325626520</PhoneNumber>
      <StreetAddress>445 HOES LANE</StreetAddress>
      <CountryName>United States</CountryName>
      <StateName>New Jersey</StateName>
      <StateCode>NJ</StateCode>
    </Institution>
  </Award>
</rootTag>
