<?xml version="1.0" encoding="UTF-8"?>

<rootTag>
  <Award>
    <AwardTitle>FASEB Conference on Ciliate Molecular Biology in Saxtons River, Vermont, on August 7-12, 1999</AwardTitle>
    <AwardEffectiveDate>05/01/1999</AwardEffectiveDate>
    <AwardExpirationDate>04/30/2000</AwardExpirationDate>
    <AwardAmount>16000</AwardAmount>
    <AwardInstrument>
      <Value>Standard Grant</Value>
    </AwardInstrument>
    <Organization>
      <Code>08070100</Code>
      <Directorate>
        <LongName>Direct For Biological Sciences</LongName>
      </Directorate>
      <Division>
        <LongName>Div Of Molecular and Cellular Bioscience</LongName>
      </Division>
    </Organization>
    <ProgramOfficer>
      <SignBlockName>DeLill Nasser</SignBlockName>
    </ProgramOfficer>
    <AbstractNarration>The "Seventh International Meeting on Ciliate Molecular Biology" will be held as a FASEB conference at the Vermont Academy in Saxtons River, Vermont, August 7-12, 1999. &lt;br/&gt;&lt;br/&gt;This meeting will bring together research scientists who are employing molecular techniques to investigate diverse biological problems using ciliated protozoa as a model system. Young scientists will have the opportunity to interact with experienced mature scientists in an atmosphere conducive to optimizing such discourse.</AbstractNarration>
    <MinAmdLetterDate>04/02/1999</MinAmdLetterDate>
    <MaxAmdLetterDate>04/02/1999</MaxAmdLetterDate>
    <ARRAAmount/>
    <AwardID>9900512</AwardID>
    <Investigator>
      <FirstName>Aaron</FirstName>
      <LastName>Turkewitz</LastName>
      <EmailAddress>apturkew@midway.uchicago.edu</EmailAddress>
      <StartDate>04/02/1999</StartDate>
      <EndDate/>
      <RoleCode>Principal Investigator</RoleCode>
    </Investigator>
    <Investigator>
      <FirstName>Peter</FirstName>
      <LastName>Bruns</LastName>
      <EmailAddress>pjb4@cornell.edu</EmailAddress>
      <StartDate>04/02/1999</StartDate>
      <EndDate/>
      <RoleCode>Co-Principal Investigator</RoleCode>
    </Investigator>
    <Investigator>
      <FirstName>Martin</FirstName>
      <LastName>Gorovsky</LastName>
      <EmailAddress>micro@dialup.rochester.edu</EmailAddress>
      <StartDate>04/02/1999</StartDate>
      <EndDate/>
      <RoleCode>Co-Principal Investigator</RoleCode>
    </Investigator>
    <Institution>
      <Name>Federation of Amer Societies For Exper Biology</Name>
      <CityName>Bethesda</CityName>
      <ZipCode>208143998</ZipCode>
      <PhoneNumber>3016347013</PhoneNumber>
      <StreetAddress>9650 ROCKVILLE PIKE</StreetAddress>
      <CountryName>United States</CountryName>
      <StateName>Maryland</StateName>
      <StateCode>MD</StateCode>
    </Institution>
  </Award>
</rootTag>
