<?xml version="1.0" encoding="UTF-8"?>

<rootTag>
  <Award>
    <AwardTitle>Deductive Systems and Optimizing Compilers for Higher-Order Languages</AwardTitle>
    <AwardEffectiveDate>08/15/1999</AwardEffectiveDate>
    <AwardExpirationDate>07/31/2001</AwardExpirationDate>
    <AwardAmount>159949</AwardAmount>
    <AwardInstrument>
      <Value>Standard Grant</Value>
    </AwardInstrument>
    <Organization>
      <Code>05010500</Code>
      <Directorate>
        <LongName>Direct For Computer &amp; Info Scie &amp; Enginr</LongName>
      </Directorate>
      <Division>
        <LongName>Division of Computing and Communication Foundations</LongName>
      </Division>
    </Organization>
    <ProgramOfficer>
      <SignBlockName>Frank D. Anger</SignBlockName>
    </ProgramOfficer>
    <AbstractNarration>9900918 Hannan, John J.&lt;br/&gt;This research studies the formal specification, analysis, and implementation of type-based deductive systems and algorithms for optimizing compilers of higher-order languages. Type theory and deductive systems are important tools used in the design and specification of programming languages, but these tools have not been extensively used in the design and implementation of optimizing compilers for languages. Instead, control-flow analyses have provided the primary basis for many optimizations in compiler for higher-order languages. This research seeks to advance the state of compiler optimizations based on types and deductive systems, complementing the work on control-flow analyses. Specific activities include: (1) developing new, type-based deductive systems specifying new and existing compiler optimizations/translations; (2) developing a general theory of deductive systems and related algorithms for compiler optimizations, and a prototype implementation based on this theory; and (3) constructing an experimental implementation of an optimizing compiler based on using these results. Together, these objectives serve to advance the state of higher-order language implementations by studying the theoretical and practical application of type-based optimizations on these languages, complementing existing technologies.</AbstractNarration>
    <MinAmdLetterDate>09/01/1999</MinAmdLetterDate>
    <MaxAmdLetterDate>09/01/1999</MaxAmdLetterDate>
    <ARRAAmount/>
    <AwardID>9900918</AwardID>
    <Investigator>
      <FirstName>John</FirstName>
      <LastName>Hannan</LastName>
      <EmailAddress>hannan@cse.psu.edu</EmailAddress>
      <StartDate>09/01/1999</StartDate>
      <EndDate/>
      <RoleCode>Principal Investigator</RoleCode>
    </Investigator>
    <Institution>
      <Name>Pennsylvania State Univ University Park</Name>
      <CityName>UNIVERSITY PARK</CityName>
      <ZipCode>168027000</ZipCode>
      <PhoneNumber>8148651372</PhoneNumber>
      <StreetAddress>110 Technology Center Building</StreetAddress>
      <CountryName>United States</CountryName>
      <StateName>Pennsylvania</StateName>
      <StateCode>PA</StateCode>
    </Institution>
  </Award>
</rootTag>
