<?xml version="1.0" encoding="UTF-8"?>

<rootTag>
  <Award>
    <AwardTitle>SGER: NanoGate - A New Micromechanical Mechanism for Valves and Relays</AwardTitle>
    <AwardEffectiveDate>06/01/1999</AwardEffectiveDate>
    <AwardExpirationDate>01/31/2001</AwardExpirationDate>
    <AwardAmount>80415</AwardAmount>
    <AwardInstrument>
      <Value>Standard Grant</Value>
    </AwardInstrument>
    <Organization>
      <Code>07030000</Code>
      <Directorate>
        <LongName>Directorate For Engineering</LongName>
      </Directorate>
      <Division>
        <LongName>Div Of Civil, Mechanical, &amp; Manufact Inn</LongName>
      </Division>
    </Organization>
    <ProgramOfficer>
      <SignBlockName>KAMLAKAR P RAJURKAR</SignBlockName>
    </ProgramOfficer>
    <AbstractNarration>This Small Grant for Exploratory Research (SGER) project will explore design concepts and manufacturing strategies for the NanoGate considering mechanics, tribology, and actuation, and will build prototype NanoGates used to act as relays and as fluid valves. The attempt is to create a new micro mechanical element that will have application in devices from fluid valves to electric power relays. The fundamental premise of the NanoGate is that a contilevered beam with a force applied to its tip and bent against an anvil located between the tip and the base can create a desired shape in the beam, independent of the beam thickness. This enables the beam to act as a transmission: when the tip is deflected 10 microns between the anvil and the base, the beam may deflect 10 angstroms. Similarly, a gap (open) or high force (closed) can be created between the beam and the anvil. Applications of this principle in fluid systems would enable researchers to create nanometer gaps and study the behavior of fluids at fundamental new scales.&lt;br/&gt; The research should enable complete indentification of the issues associated with this new device. There may be many system applications for the NanoGate element. For example, the NanoGate could be used to size nano particles. As a fluid valve, the NanoGate could use the polished top surface of a resilient plate to open and close off chambers to gate flow.</AbstractNarration>
    <MinAmdLetterDate>06/03/1999</MinAmdLetterDate>
    <MaxAmdLetterDate>08/02/2000</MaxAmdLetterDate>
    <ARRAAmount/>
    <AwardID>9900792</AwardID>
    <Investigator>
      <FirstName>Jeffrey</FirstName>
      <LastName>Lang</LastName>
      <EmailAddress>lang@mit.edu</EmailAddress>
      <StartDate>06/03/1999</StartDate>
      <EndDate/>
      <RoleCode>Co-Principal Investigator</RoleCode>
    </Investigator>
    <Investigator>
      <FirstName>Alexander</FirstName>
      <LastName>Slocum</LastName>
      <EmailAddress>slocum@mit.edu</EmailAddress>
      <StartDate>06/03/1999</StartDate>
      <EndDate/>
      <RoleCode>Principal Investigator</RoleCode>
    </Investigator>
    <Institution>
      <Name>Massachusetts Institute of Technology</Name>
      <CityName>Cambridge</CityName>
      <ZipCode>021394301</ZipCode>
      <PhoneNumber>6172531000</PhoneNumber>
      <StreetAddress>77 MASSACHUSETTS AVE</StreetAddress>
      <CountryName>United States</CountryName>
      <StateName>Massachusetts</StateName>
      <StateCode>MA</StateCode>
    </Institution>
    <FoaInformation>
      <Code>0308000</Code>
      <Name>Industrial Technology</Name>
    </FoaInformation>
    <ProgramElement>
      <Code>1468</Code>
      <Text>Manufacturing Machines &amp; Equip</Text>
    </ProgramElement>
    <ProgramReference>
      <Code>9146</Code>
      <Text>MANUFACTURING BASE RESEARCH</Text>
    </ProgramReference>
    <ProgramReference>
      <Code>9237</Code>
      <Text>SMALL GRANTS-EXPLORATORY RSRCH</Text>
    </ProgramReference>
    <ProgramReference>
      <Code>MANU</Code>
      <Text>MANUFACTURING</Text>
    </ProgramReference>
  </Award>
</rootTag>
