<?xml version="1.0" encoding="UTF-8"?>

<rootTag>
  <Award>
    <AwardTitle>Atmospheric CO2 Inversion Intercomparison Project (TransCom 3)</AwardTitle>
    <AwardEffectiveDate>07/15/1999</AwardEffectiveDate>
    <AwardExpirationDate>06/30/2002</AwardExpirationDate>
    <AwardAmount>179476</AwardAmount>
    <AwardInstrument>
      <Value>Standard Grant</Value>
    </AwardInstrument>
    <Organization>
      <Code>06040302</Code>
      <Directorate>
        <LongName>Directorate For Geosciences</LongName>
      </Directorate>
      <Division>
        <LongName>Division Of Ocean Sciences</LongName>
      </Division>
    </Organization>
    <ProgramOfficer>
      <SignBlockName>Donald L. Rice</SignBlockName>
    </ProgramOfficer>
    <AbstractNarration>ABSTRACT&lt;br/&gt;&lt;br/&gt;OCE-9900310&lt;br/&gt;&lt;br/&gt;&lt;br/&gt;In this project, the principal investigator will organize a three-year set of experiments in which leading chemical tracer transport models from around the world would be used in intercomparison to calculate the global carbon budget of the atmosphere through inversion techniques. There are three objectives: (1) to quantify the uncertainty in the oxygen budget arising from differences in simulated transport; (2) to diagnose the mechanisms that produce these differences; and (3) to recommend and prioritize improvements to the models and the observing network to reduce this source of uncertainty. These studies should significantly improve understanding of the global carbon budget, especially its atmospheric components, and the fate of anthropogenic CO2.</AbstractNarration>
    <MinAmdLetterDate>07/14/1999</MinAmdLetterDate>
    <MaxAmdLetterDate>07/14/1999</MaxAmdLetterDate>
    <ARRAAmount/>
    <AwardID>9900310</AwardID>
    <Investigator>
      <FirstName>A</FirstName>
      <LastName>Denning</LastName>
      <EmailAddress>denning@atmos.colostate.edu</EmailAddress>
      <StartDate>07/14/1999</StartDate>
      <EndDate/>
      <RoleCode>Principal Investigator</RoleCode>
    </Investigator>
    <Institution>
      <Name>Colorado State University</Name>
      <CityName>Fort Collins</CityName>
      <ZipCode>805232002</ZipCode>
      <PhoneNumber>9704916355</PhoneNumber>
      <StreetAddress>601 S Howes St</StreetAddress>
      <CountryName>United States</CountryName>
      <StateName>Colorado</StateName>
      <StateCode>CO</StateCode>
    </Institution>
  </Award>
</rootTag>
