<?xml version="1.0" encoding="UTF-8"?>

<rootTag>
  <Award>
    <AwardTitle>Active Control for Large-Scale Dynamic Systems</AwardTitle>
    <AwardEffectiveDate>09/01/1999</AwardEffectiveDate>
    <AwardExpirationDate>08/31/2004</AwardExpirationDate>
    <AwardAmount>162000</AwardAmount>
    <AwardInstrument>
      <Value>Standard Grant</Value>
    </AwardInstrument>
    <Organization>
      <Code>07030000</Code>
      <Directorate>
        <LongName>Directorate For Engineering</LongName>
      </Directorate>
      <Division>
        <LongName>Div Of Civil, Mechanical, &amp; Manufact Inn</LongName>
      </Division>
    </Organization>
    <ProgramOfficer>
      <SignBlockName>Shih-Chi Liu</SignBlockName>
    </ProgramOfficer>
    <AbstractNarration>Name: Andrew Alleyne&lt;br/&gt;PI Institution: University of Illinois, Urbana-Champaign&lt;br/&gt;Proposal Number: CMS-9900116&lt;br/&gt;Proposal Title: Active Control for Large-Scale Dynamic Systems&lt;br/&gt;Project Abstract:&lt;br/&gt;The goal of this research project is to develop a fundamentally sound approach to the active vibration control of large scale dynamics systems. The motivation is to isolate large dynamic structures from external disturbances; particularly large, brief disturbances. Examples of these would be underwater shock events on submarines or bomb blast events on buildings. The desire is to minimize the damage done to crucial components by actively isolating an internal structure from a rigid external structure. In doing so, this investigation will develop the overall control strategy but will also pay close attention to the actuation scheme used to carry out the control strategy. The actuation scheme turns out to be an extremely non-trivial and essential component to the overall control strategy. The significance and impact of this project are increased damage tolerance and survivability of the internal structure. This would lead to increased safety for the occupants as well as a reduction in the cost of preparing the internal structure for extremely high acceleration levels.&lt;br/&gt;The focus of this project will be on systems that are large in size, necessitating an actuation scheme that is able to provide high forces in a rapid manner. Electronically controlled fluid actuation will be chosen as the appropriate technology. The project will involve a blend of theoretical and experimental activities. New ways and combinations of controlling nonlinear systems will be analyzed and developed. These will then be tested and implemented on a vibration isolation testbed that will be developed under the first phase of the project duration.</AbstractNarration>
    <MinAmdLetterDate>09/01/1999</MinAmdLetterDate>
    <MaxAmdLetterDate>06/19/2002</MaxAmdLetterDate>
    <ARRAAmount/>
    <AwardID>9900116</AwardID>
    <Investigator>
      <FirstName>Andrew</FirstName>
      <LastName>Alleyne</LastName>
      <EmailAddress>alleyne@illinois.edu</EmailAddress>
      <StartDate>09/01/1999</StartDate>
      <EndDate/>
      <RoleCode>Principal Investigator</RoleCode>
    </Investigator>
    <Institution>
      <Name>University of Illinois at Urbana-Champaign</Name>
      <CityName>CHAMPAIGN</CityName>
      <ZipCode>618207473</ZipCode>
      <PhoneNumber>2173332187</PhoneNumber>
      <StreetAddress>SUITE A</StreetAddress>
      <CountryName>United States</CountryName>
      <StateName>Illinois</StateName>
      <StateCode>IL</StateCode>
    </Institution>
    <FoaInformation>
      <Code>0308000</Code>
      <Name>Industrial Technology</Name>
    </FoaInformation>
    <ProgramElement>
      <Code>1445</Code>
      <Text>DYNAMICS &amp; CONTROL</Text>
    </ProgramElement>
    <ProgramElement>
      <Code>1639</Code>
      <Text>SENSORS AND SENSING SYSTEMS</Text>
    </ProgramElement>
    <ProgramReference>
      <Code>1057</Code>
      <Text>CIS BASE RESEARCH</Text>
    </ProgramReference>
    <ProgramReference>
      <Code>9102</Code>
      <Text>WOMEN, MINORITY, DISABLED, NEC</Text>
    </ProgramReference>
    <ProgramReference>
      <Code>9231</Code>
      <Text>SUPPL FOR UNDERGRAD RES ASSIST</Text>
    </ProgramReference>
    <ProgramReference>
      <Code>CVIS</Code>
      <Text>CIVIL INFRASTRUCTURE</Text>
    </ProgramReference>
    <ProgramReference>
      <Code>9146</Code>
      <Text>MANUFACTURING BASE RESEARCH</Text>
    </ProgramReference>
    <ProgramReference>
      <Code>MANU</Code>
      <Text>MANUFACTURING</Text>
    </ProgramReference>
  </Award>
</rootTag>
