<?xml version="1.0" encoding="UTF-8"?>

<rootTag>
  <Award>
    <AwardTitle>Steady-State Strength Behavior of Geomaterial Interfaces as an Abrasion Process</AwardTitle>
    <AwardEffectiveDate>04/01/1999</AwardEffectiveDate>
    <AwardExpirationDate>01/31/2001</AwardExpirationDate>
    <AwardAmount>131871</AwardAmount>
    <AwardInstrument>
      <Value>Standard Grant</Value>
    </AwardInstrument>
    <Organization>
      <Code>07030000</Code>
      <Directorate>
        <LongName>Directorate For Engineering</LongName>
      </Directorate>
      <Division>
        <LongName>Div Of Civil, Mechanical, &amp; Manufact Inn</LongName>
      </Division>
    </Organization>
    <ProgramOfficer>
      <SignBlockName>Clifford J. Astill</SignBlockName>
    </ProgramOfficer>
    <AbstractNarration>9900033&lt;br/&gt;Dove&lt;br/&gt;The national interest in civil infrastructure construction and rehabilitation has created a need for the study of composite structures consisting of earth materials, polymers, and metals. Major applications for composite structures include liner and cap systems, foundation systems, underground utility installations, and communications. Design methodologies for these applications require knowledge of the steady-state friction between soil and structure. At present no good microscopic model exists for this interaction.&lt;br/&gt;&lt;br/&gt;In this study the steady-state friction forces between the soil and the surface material of typical civil infrastructure components will be modeled as an abrasion process. An existing tribology model for predicting friction and wear in abrasion will be extended to include geomaterials. The model will be validated with experimental results. First the geometric and spatial properties of soil grains over a range of shapes will be quantified. Then the forces exerted by these particles on unlubricated and lubricated surfaces under conditions of variable normal stress and variable material hardness will be measured and the results compared with the predictions of the model. &lt;br/&gt;***</AbstractNarration>
    <MinAmdLetterDate>03/19/1999</MinAmdLetterDate>
    <MaxAmdLetterDate>03/19/1999</MaxAmdLetterDate>
    <ARRAAmount/>
    <AwardID>9900033</AwardID>
    <Investigator>
      <FirstName>Joseph</FirstName>
      <LastName>Dove</LastName>
      <EmailAddress>jedove@vt.edu</EmailAddress>
      <StartDate>03/19/1999</StartDate>
      <EndDate/>
      <RoleCode>Principal Investigator</RoleCode>
    </Investigator>
    <Institution>
      <Name>Georgia Tech Research Corporation</Name>
      <CityName>Atlanta</CityName>
      <ZipCode>303320420</ZipCode>
      <PhoneNumber>4048944819</PhoneNumber>
      <StreetAddress>Office of Sponsored Programs</StreetAddress>
      <CountryName>United States</CountryName>
      <StateName>Georgia</StateName>
      <StateCode>GA</StateCode>
    </Institution>
    <FoaInformation>
      <Code>0308000</Code>
      <Name>Industrial Technology</Name>
    </FoaInformation>
    <ProgramElement>
      <Code>1444</Code>
      <Text>SURFACE ENGINEERING</Text>
    </ProgramElement>
    <ProgramElement>
      <Code>1448</Code>
      <Text>GEOTECHNICAL I</Text>
    </ProgramElement>
    <ProgramReference>
      <Code>1038</Code>
      <Text>ASSESSMENT TECHNOLOGIES</Text>
    </ProgramReference>
    <ProgramReference>
      <Code>CVIS</Code>
      <Text>CIVIL INFRASTRUCTURE</Text>
    </ProgramReference>
  </Award>
</rootTag>
