<?xml version="1.0" encoding="UTF-8"?>

<rootTag>
  <Award>
    <AwardTitle>SGER: Lunar Water Detection Experiment-Total Solar Eclipse 1999</AwardTitle>
    <AwardEffectiveDate>12/15/1998</AwardEffectiveDate>
    <AwardExpirationDate>11/30/1999</AwardExpirationDate>
    <AwardAmount>16935</AwardAmount>
    <AwardInstrument>
      <Value>Standard Grant</Value>
    </AwardInstrument>
    <Organization>
      <Code>03020414</Code>
      <Directorate>
        <LongName>Direct For Mathematical &amp; Physical Scien</LongName>
      </Directorate>
      <Division>
        <LongName>Division Of Astronomical Sciences</LongName>
      </Division>
    </Organization>
    <ProgramOfficer>
      <SignBlockName>Vernon Pankonin</SignBlockName>
    </ProgramOfficer>
    <AbstractNarration>AST-9900709&lt;br/&gt;Stern, Alan&lt;br/&gt;&lt;br/&gt;&lt;br/&gt;Under this Small Grant for Exploratory Research, Drs. Stern and Slater will carry out a novel experiment to attempt to detect the presence of lunar water. The technique is based on detecting H2O's primary dissociation product, OH, by measuring the absorption of sunlight as it passes through OH in the lunar atmosphere during the next total solar eclipse on 11 August 1999. The eclipse team will travel to Turkey for the observations, where it is predicted to have the best weather to view the eclipse. Images taken alternately through an OH 0-0 band filter and an off-band continuum filter during the period between 1st and 2nd and between 3rd and 4th contact will be analyzed for an OH absorption signal.</AbstractNarration>
    <MinAmdLetterDate>12/17/1998</MinAmdLetterDate>
    <MaxAmdLetterDate>12/17/1998</MaxAmdLetterDate>
    <ARRAAmount/>
    <AwardID>9900709</AwardID>
    <Investigator>
      <FirstName>David</FirstName>
      <LastName>Slater</LastName>
      <EmailAddress>dslater@image1.space.swri.edu</EmailAddress>
      <StartDate>12/17/1998</StartDate>
      <EndDate/>
      <RoleCode>Co-Principal Investigator</RoleCode>
    </Investigator>
    <Investigator>
      <FirstName>S.</FirstName>
      <LastName>Stern</LastName>
      <EmailAddress>Astern@swri.edu</EmailAddress>
      <StartDate>12/17/1998</StartDate>
      <EndDate/>
      <RoleCode>Principal Investigator</RoleCode>
    </Investigator>
    <Institution>
      <Name>Southwest Research Institute</Name>
      <CityName>San Antonio</CityName>
      <ZipCode>782385166</ZipCode>
      <PhoneNumber>2105222231</PhoneNumber>
      <StreetAddress>6220 Culebra Road</StreetAddress>
      <CountryName>United States</CountryName>
      <StateName>Texas</StateName>
      <StateCode>TX</StateCode>
    </Institution>
  </Award>
</rootTag>
