<?xml version="1.0" encoding="UTF-8"?>

<rootTag>
  <Award>
    <AwardTitle>International Research Fellow Awards: The Role of DNA Interstrand Crosslinks in the Premature Senescence of Repair-Deficient ERCC1-/- mice</AwardTitle>
    <AwardEffectiveDate>06/01/1999</AwardEffectiveDate>
    <AwardExpirationDate>01/31/2000</AwardExpirationDate>
    <AwardAmount>33542</AwardAmount>
    <AwardInstrument>
      <Value>Fellowship</Value>
    </AwardInstrument>
    <Organization>
      <Code>01090000</Code>
      <Directorate>
        <LongName>Office Of The Director</LongName>
      </Directorate>
      <Division>
        <LongName>Office Of Internatl Science &amp;Engineering</LongName>
      </Division>
    </Organization>
    <ProgramOfficer>
      <SignBlockName>Susan Parris</SignBlockName>
    </ProgramOfficer>
    <AbstractNarration>9900963&lt;br/&gt;Niedernhofer&lt;br/&gt;The International Research Fellow Awards Program enables U.S. scientists and engineers to conduct three to twentyfour months of research abroad. The program's awards provide opportunities for joint research, and the use of unique or complementary facilities, expertise and experimental conditions abroad.&lt;br/&gt;This award will provide support for an eight-month postdoctoral research visit by Dr. Laura J. Niedernhofer to work with Dr. Jan H. J. Hoejimakers at Erasmus University in Rotterdam, The Netherlands.&lt;br/&gt;Dr. Niedernhofer's research hypothesis is that the protein ERCC1 plays a critical role in repairing DNA interstrand cross-links by a mechanism that is independent of nucleotide excision repair and that the accumulation of DNA interstrand cross-links in the tissues of ERCC1 knock-out mice contributes to their premature senescence (aging). The ultimate goal of this project is to prove a causal role for the interstrand cross-links in the senscence phenotype of these mice.&lt;br/&gt;Dr. Hoejimakers' lab is one of the best in the world in the area of DNA repair, having cloned several key XP genes and developed important mouse knock-out models.&lt;br/&gt;***</AbstractNarration>
    <MinAmdLetterDate>05/24/1999</MinAmdLetterDate>
    <MaxAmdLetterDate>05/24/1999</MaxAmdLetterDate>
    <ARRAAmount/>
    <AwardID>9900963</AwardID>
    <Investigator>
      <FirstName>Laura</FirstName>
      <LastName>Niedernhofer</LastName>
      <EmailAddress/>
      <StartDate>05/24/1999</StartDate>
      <EndDate/>
      <RoleCode>Principal Investigator</RoleCode>
    </Investigator>
    <Institution>
      <Name>Fellowships</Name>
      <CityName>Arlington</CityName>
      <ZipCode>22230</ZipCode>
      <PhoneNumber></PhoneNumber>
      <StreetAddress></StreetAddress>
      <CountryName>United States</CountryName>
      <StateName>Virginia</StateName>
      <StateCode>VA</StateCode>
    </Institution>
  </Award>
</rootTag>
