<?xml version="1.0" encoding="UTF-8"?>

<rootTag>
  <Award>
    <AwardTitle>Mechano-Chemical Interaction in Ultrafast Reactions of Solid Reactants</AwardTitle>
    <AwardEffectiveDate>03/01/1999</AwardEffectiveDate>
    <AwardExpirationDate>08/31/1999</AwardExpirationDate>
    <AwardAmount>23886</AwardAmount>
    <AwardInstrument>
      <Value>Standard Grant</Value>
    </AwardInstrument>
    <Organization>
      <Code>07020000</Code>
      <Directorate>
        <LongName>Directorate For Engineering</LongName>
      </Directorate>
      <Division>
        <LongName>Div Of Chem, Bioeng, Env, &amp; Transp Sys</LongName>
      </Division>
    </Organization>
    <ProgramOfficer>
      <SignBlockName>Geoffrey Prentice</SignBlockName>
    </ProgramOfficer>
    <AbstractNarration>Prof. Hendrik J. Viljoen will study heterogenous chemical reactions under mechanic excitation. New macroscopic models will be developed to account for non-equilibrium energy distribution within shock and reaction zones, considering energy distribution among translational, rotation, and vibrational modes, mixing, and supersonic transitions. Molecular dynamics will be used to simulate atomistic behavior in the reaction zone, and distributed continuum dynamics equations will incorporate the atomic model into the macroscopic behavior. These atomistic-macroscopic models may find applications in the description of cryochemical self-propagating reactions; mechanical alloying and sonochemistry as techniques to reduce ignition temperatures and activation energies for reaction; shock-induced reactions of solids, in which chemical reaction energy must be transformed into translational energy in order to sustain the shock wave. The authors will investigate by molecular dynamics the ultrafast reaction between sulfur and aluminum microcrystallites subjected to a shock wave. To develop the continuum model, they will simulate high pressures above the Hugoniot elastic limit, and add equations describing pore collapse and solid compaction to the classical conservation equations. Finally, the molecular dynamics and continuum models will be matched by identifying the critical energy exchange modes and integrating over the characteristic times for the exchange modes. This grant is being funded by the Kinetics and Catalysis and the Process and Reaction Engineering programs.</AbstractNarration>
    <MinAmdLetterDate>02/25/1999</MinAmdLetterDate>
    <MaxAmdLetterDate>02/25/1999</MaxAmdLetterDate>
    <ARRAAmount/>
    <AwardID>9900451</AwardID>
    <Investigator>
      <FirstName>Hendrik</FirstName>
      <LastName>Viljoen</LastName>
      <EmailAddress>chrdhjv@engvms.unl.edu</EmailAddress>
      <StartDate>02/25/1999</StartDate>
      <EndDate/>
      <RoleCode>Principal Investigator</RoleCode>
    </Investigator>
    <Institution>
      <Name>University of Nebraska-Lincoln</Name>
      <CityName>Lincoln</CityName>
      <ZipCode>685031435</ZipCode>
      <PhoneNumber>4024723171</PhoneNumber>
      <StreetAddress>151 Prem S. Paul Research Center</StreetAddress>
      <CountryName>United States</CountryName>
      <StateName>Nebraska</StateName>
      <StateCode>NE</StateCode>
    </Institution>
    <FoaInformation>
      <Code>0308000</Code>
      <Name>Industrial Technology</Name>
    </FoaInformation>
    <ProgramElement>
      <Code>1401</Code>
      <Text>CATALYSIS AND BIOCATALYSIS</Text>
    </ProgramElement>
    <ProgramElement>
      <Code>1403</Code>
      <Text>PROCESS &amp; REACTION ENGINEERING</Text>
    </ProgramElement>
    <ProgramReference>
      <Code>0000</Code>
      <Text>UNASSIGNED</Text>
    </ProgramReference>
    <ProgramReference>
      <Code>9150</Code>
      <Text>EXP PROG TO STIM COMP RES</Text>
    </ProgramReference>
    <ProgramReference>
      <Code>9237</Code>
      <Text>SMALL GRANTS-EXPLORATORY RSRCH</Text>
    </ProgramReference>
    <ProgramReference>
      <Code>OTHR</Code>
      <Text>OTHER RESEARCH OR EDUCATION</Text>
    </ProgramReference>
  </Award>
</rootTag>
