<?xml version="1.0" encoding="UTF-8"?>

<rootTag>
  <Award>
    <AwardTitle>Workshop on Research Needs and Opportunities for Urban Underground Facilities, June 13-17, 1999, Urbana, Illinois</AwardTitle>
    <AwardEffectiveDate>04/15/1999</AwardEffectiveDate>
    <AwardExpirationDate>03/31/2000</AwardExpirationDate>
    <AwardAmount>10021</AwardAmount>
    <AwardInstrument>
      <Value>Standard Grant</Value>
    </AwardInstrument>
    <Organization>
      <Code>07030000</Code>
      <Directorate>
        <LongName>Directorate For Engineering</LongName>
      </Directorate>
      <Division>
        <LongName>Div Of Civil, Mechanical, &amp; Manufact Inn</LongName>
      </Division>
    </Organization>
    <ProgramOfficer>
      <SignBlockName>Richard J. Fragaszy</SignBlockName>
    </ProgramOfficer>
    <AbstractNarration>This action is to support a workshop on research needs and opportunities for urban underground facilities, to be held at the conclusion of the Third National Geo-Institute Conference entitled, "Geo-Engineering for Underground Facilities", June 13-17, 1999, University of Illinois- Urbana.&lt;br/&gt;&lt;br/&gt;The increased urbanization, population density, and traffic congestion in major urban centers in the United States is leading to a greater demand for underground space, such as new subway systems, below-ground highways, sewer tunnels, and deep parking garages. These facilities are being constructed in heavily built environments, in confined construction areas, in difficult ground conditions, and adjacent to many structures that can tolerate only minimum disturbance. The owners, designers, and contractors face many challenges in realizing these facilities under often-difficult constraints.&lt;br/&gt;&lt;br/&gt;This workshop will identify some of the more pressing issues that are facing the engineering profession. This will assist researchers in choosing research topics that address problems of concern to practicing professionals. The workshop is aimed at stimulating a discussion within the engineering practice and academia to identify research priorities and needs in the geotechnical engineering aspects of urban underground construction.</AbstractNarration>
    <MinAmdLetterDate>04/09/1999</MinAmdLetterDate>
    <MaxAmdLetterDate>04/09/1999</MaxAmdLetterDate>
    <ARRAAmount/>
    <AwardID>9900089</AwardID>
    <Investigator>
      <FirstName>Youssef</FirstName>
      <LastName>Hashash</LastName>
      <EmailAddress>hashash@illinois.edu</EmailAddress>
      <StartDate>04/09/1999</StartDate>
      <EndDate/>
      <RoleCode>Principal Investigator</RoleCode>
    </Investigator>
    <Institution>
      <Name>University of Illinois at Urbana-Champaign</Name>
      <CityName>CHAMPAIGN</CityName>
      <ZipCode>618207473</ZipCode>
      <PhoneNumber>2173332187</PhoneNumber>
      <StreetAddress>SUITE A</StreetAddress>
      <CountryName>United States</CountryName>
      <StateName>Illinois</StateName>
      <StateCode>IL</StateCode>
    </Institution>
    <FoaInformation>
      <Code>0304000</Code>
      <Name>Disaster &amp; Natural Hazard</Name>
    </FoaInformation>
    <FoaInformation>
      <Code>0304010</Code>
      <Name>Earthquake</Name>
    </FoaInformation>
    <ProgramElement>
      <Code>1448</Code>
      <Text>GEOTECHNICAL I</Text>
    </ProgramElement>
    <ProgramElement>
      <Code>1496</Code>
      <Text>GEOTECHNICAL II</Text>
    </ProgramElement>
    <ProgramReference>
      <Code>1039</Code>
      <Text>RENEWAL ENGINEERING</Text>
    </ProgramReference>
    <ProgramReference>
      <Code>CVIS</Code>
      <Text>CIVIL INFRASTRUCTURE</Text>
    </ProgramReference>
  </Award>
</rootTag>
