<?xml version="1.0" encoding="UTF-8"?>

<rootTag>
  <Award>
    <AwardTitle>Globular Cluster Sub-Populations: Understanding Galaxy Formation</AwardTitle>
    <AwardEffectiveDate>07/01/1999</AwardEffectiveDate>
    <AwardExpirationDate>06/30/2003</AwardExpirationDate>
    <AwardAmount>352666</AwardAmount>
    <AwardInstrument>
      <Value>Continuing grant</Value>
    </AwardInstrument>
    <Organization>
      <Code>03020417</Code>
      <Directorate>
        <LongName>Direct For Mathematical &amp; Physical Scien</LongName>
      </Directorate>
      <Division>
        <LongName>Division Of Astronomical Sciences</LongName>
      </Division>
    </Organization>
    <ProgramOfficer>
      <SignBlockName>Nigel Sharp</SignBlockName>
    </ProgramOfficer>
    <AbstractNarration>Globular cluster sub-populations: understanding galaxy formation&lt;br/&gt;&lt;br/&gt;Jean P. Brodie&lt;br/&gt;&lt;br/&gt;Globular clusters are relatively simple stellar populations consisting of tens of thousands of stars. These stars are characterized, to first order, by a single age and chemical composition. As fossil remnants of the early environments out of which galaxies formed they are powerful probes of the processes of galaxy formation and evolution. Young compact objects, apparently globular clusters caught in the process of forming have been detected in interacting galaxies. &lt;br/&gt;&lt;br/&gt;Dr. Brodie is conducting a systematic spectroscopic study with the Keck 10meter telescopes. In addition Dr. Bordie is complementing this work with infrared imaging. The spectroscopy is providing information on the ages and chemical abundances of stars in the globular clusters. The goal of the infrared imaging is the detection of sub populations of globular clusters in low luminosity ellipticals.</AbstractNarration>
    <MinAmdLetterDate>06/29/1999</MinAmdLetterDate>
    <MaxAmdLetterDate>05/16/2001</MaxAmdLetterDate>
    <ARRAAmount/>
    <AwardID>9900732</AwardID>
    <Investigator>
      <FirstName>Jean</FirstName>
      <LastName>Brodie</LastName>
      <EmailAddress>jbrodie@ucsc.edu</EmailAddress>
      <StartDate>06/29/1999</StartDate>
      <EndDate/>
      <RoleCode>Principal Investigator</RoleCode>
    </Investigator>
    <Institution>
      <Name>University of California-Santa Cruz</Name>
      <CityName>Santa Cruz</CityName>
      <ZipCode>950641077</ZipCode>
      <PhoneNumber>8314595278</PhoneNumber>
      <StreetAddress>1156 High Street</StreetAddress>
      <CountryName>United States</CountryName>
      <StateName>California</StateName>
      <StateCode>CA</StateCode>
    </Institution>
  </Award>
</rootTag>
