<?xml version="1.0" encoding="UTF-8"?>

<rootTag>
  <Award>
    <AwardTitle>Classification and Invariants of Subshifts</AwardTitle>
    <AwardEffectiveDate>06/01/1999</AwardEffectiveDate>
    <AwardExpirationDate>05/31/2002</AwardExpirationDate>
    <AwardAmount>130695</AwardAmount>
    <AwardInstrument>
      <Value>Continuing grant</Value>
    </AwardInstrument>
    <Organization>
      <Code>03040100</Code>
      <Directorate>
        <LongName>Direct For Mathematical &amp; Physical Scien</LongName>
      </Directorate>
      <Division>
        <LongName>Division Of Mathematical Sciences</LongName>
      </Division>
    </Organization>
    <ProgramOfficer>
      <SignBlockName>Joe W. Jenkins</SignBlockName>
    </ProgramOfficer>
    <AbstractNarration>Abstract&lt;br/&gt;Kim/Roush&lt;br/&gt;&lt;br/&gt;For a long time the Williams conjecture that shift equivalence is the same as strong shift equivalence was the dominant approach to classifying subshifts of finite type. With our negative resolution of this conjecture, the way is open to either determine that the invariants involved in that proof are a complete set, or to find new invariants and algorithms to effectively classify subshifts of finite type up to topological conjugacy. We will consider group-theoretic, cohomological, and other methods. We will also try to answer some questions raised by Nasu on his textile systems (already partly solved by Boyle and Maass).&lt;br/&gt;&lt;br/&gt;Nontechnical description: Symbolic dynamics is a mathematical theory that can handle strings of symbols that can arise in many connections. It has been used to formulate codes for efficient computer data storage and transmission. It is an important and fundamental part of dynamical systems theory, which studies how systems (which might be something like the solar system, the earth's atmosphere, or the human body) change under time. Symbolic dynamics has been applied to topological quantum field theory, which establishes a link to modern physics, and also to other important areas of mathematics such as the theory of knots. The present proposal is primarily a project to classify subshifts of finite type, which are the most extensively studied kind of symbolic dynamical system.</AbstractNarration>
    <MinAmdLetterDate>04/14/1999</MinAmdLetterDate>
    <MaxAmdLetterDate>06/18/2001</MaxAmdLetterDate>
    <ARRAAmount/>
    <AwardID>9900265</AwardID>
    <Investigator>
      <FirstName>K.</FirstName>
      <LastName>Kim</LastName>
      <EmailAddress>kkim@asu.alaasu.edu</EmailAddress>
      <StartDate>04/14/1999</StartDate>
      <EndDate/>
      <RoleCode>Principal Investigator</RoleCode>
    </Investigator>
    <Investigator>
      <FirstName>Fred</FirstName>
      <LastName>Roush</LastName>
      <EmailAddress>froush@asu.alaasu.edu</EmailAddress>
      <StartDate>04/14/1999</StartDate>
      <EndDate/>
      <RoleCode>Co-Principal Investigator</RoleCode>
    </Investigator>
    <Institution>
      <Name>Alabama State University</Name>
      <CityName>Montgomery</CityName>
      <ZipCode>361010271</ZipCode>
      <PhoneNumber>3342294742</PhoneNumber>
      <StreetAddress>915 South Jackson Street</StreetAddress>
      <CountryName>United States</CountryName>
      <StateName>Alabama</StateName>
      <StateCode>AL</StateCode>
    </Institution>
    <FoaInformation>
      <Code>0000099</Code>
      <Name>Other Applications NEC</Name>
    </FoaInformation>
    <ProgramElement>
      <Code>1281</Code>
      <Text>ANALYSIS PROGRAM</Text>
    </ProgramElement>
    <ProgramReference>
      <Code>0000</Code>
      <Text>UNASSIGNED</Text>
    </ProgramReference>
    <ProgramReference>
      <Code>9141</Code>
      <Text>RES IN UNDERGRAD. INST - EQUIP</Text>
    </ProgramReference>
    <ProgramReference>
      <Code>OTHR</Code>
      <Text>OTHER RESEARCH OR EDUCATION</Text>
    </ProgramReference>
  </Award>
</rootTag>
