<?xml version="1.0" encoding="UTF-8"?>

<rootTag>
  <Award>
    <AwardTitle>Particle Physics in Media</AwardTitle>
    <AwardEffectiveDate>06/01/1999</AwardEffectiveDate>
    <AwardExpirationDate>05/31/2002</AwardExpirationDate>
    <AwardAmount>57000</AwardAmount>
    <AwardInstrument>
      <Value>Continuing grant</Value>
    </AwardInstrument>
    <Organization>
      <Code>03010500</Code>
      <Directorate>
        <LongName>Direct For Mathematical &amp; Physical Scien</LongName>
      </Directorate>
      <Division>
        <LongName>Division Of Physics</LongName>
      </Division>
    </Organization>
    <ProgramOfficer>
      <SignBlockName>John W. Lightbody, Jr.</SignBlockName>
    </ProgramOfficer>
    <AbstractNarration>Research in theoretical physics will be carried out on the effects of the surrounding environment on elementary and nuclear particle reaction rates in astrophysical contexts. The applications are to neutrino physics in supernovae and neutron stars, to the early universe, and to nuclear reaction rates in stars. The areas of physics that come into play are particle physics, the quantum theory of many particle systems, nuclear physics, and astrophysics. The studies to be undertaken are important to our making progress on the solution of several astrophysical mysteries.</AbstractNarration>
    <MinAmdLetterDate>05/27/1999</MinAmdLetterDate>
    <MaxAmdLetterDate>05/04/2000</MaxAmdLetterDate>
    <ARRAAmount/>
    <AwardID>9900544</AwardID>
    <Investigator>
      <FirstName>Raymond</FirstName>
      <LastName>Sawyer</LastName>
      <EmailAddress>sawyer@physics.ucsb.edu</EmailAddress>
      <StartDate>05/27/1999</StartDate>
      <EndDate/>
      <RoleCode>Principal Investigator</RoleCode>
    </Investigator>
    <Institution>
      <Name>University of California-Santa Barbara</Name>
      <CityName>Santa Barbara</CityName>
      <ZipCode>931062050</ZipCode>
      <PhoneNumber>8058934188</PhoneNumber>
      <StreetAddress>Office of Research</StreetAddress>
      <CountryName>United States</CountryName>
      <StateName>California</StateName>
      <StateCode>CA</StateCode>
    </Institution>
    <FoaInformation>
      <Code>0000099</Code>
      <Name>Other Applications NEC</Name>
    </FoaInformation>
    <ProgramElement>
      <Code>1288</Code>
      <Text>Particle Astrophysics &amp; Cosmol</Text>
    </ProgramElement>
    <ProgramReference>
      <Code>0000</Code>
      <Text>UNASSIGNED</Text>
    </ProgramReference>
    <ProgramReference>
      <Code>OTHR</Code>
      <Text>OTHER RESEARCH OR EDUCATION</Text>
    </ProgramReference>
  </Award>
</rootTag>
