<?xml version="1.0" encoding="UTF-8"?>

<rootTag>
  <Award>
    <AwardTitle>Telephones, TV and the Internet: The Impact Information Technology in the Home Has on Social Involvement and Psychological Well-Being</AwardTitle>
    <AwardEffectiveDate>08/01/1999</AwardEffectiveDate>
    <AwardExpirationDate>07/31/2004</AwardExpirationDate>
    <AwardAmount>990751</AwardAmount>
    <AwardInstrument>
      <Value>Continuing grant</Value>
    </AwardInstrument>
    <Organization>
      <Code>05020000</Code>
      <Directorate>
        <LongName>Direct For Computer &amp; Info Scie &amp; Enginr</LongName>
      </Directorate>
      <Division>
        <LongName>Div Of Information &amp; Intelligent Systems</LongName>
      </Division>
    </Organization>
    <ProgramOfficer>
      <SignBlockName>C. Suzanne Iacono</SignBlockName>
    </ProgramOfficer>
    <AbstractNarration>This research examines how household computing and the&lt;br/&gt;Internet are changing the social and psychological well being of the&lt;br/&gt;American family, and compares the influence of these new technologies&lt;br/&gt;on households with that of older ones--telephones and&lt;br/&gt;televisions. The research objectives are (1) to determine whether the&lt;br/&gt;early results showing that use of the Internet decreases psychological&lt;br/&gt;and social well being generalizes across samples, Internet services, and&lt;br/&gt;time, (2) to identify mechanism for these effects, and (3) to compare&lt;br/&gt;the impact of different patterns of household information technology&lt;br/&gt;use. Data will come from a national three-wave, panel survey, allowing one&lt;br/&gt;to examine how the amount of television, telephone, computing, and&lt;br/&gt;Internet people use at one time predict later changes in their social&lt;br/&gt;involvement and psychological well being at a subsequent time. The&lt;br/&gt;survey will be supplemented with a quasi-experiment, in which a subsample&lt;br/&gt;of respondents who have computers but no Internet access will be&lt;br/&gt;randomly assigned free Internet access instead of a cash payments to&lt;br/&gt;participate in the survey. Results will have implications both for&lt;br/&gt;emerging policy debate about universal access to the Internet and for&lt;br/&gt;the design of socially responsible Internet services.</AbstractNarration>
    <MinAmdLetterDate>07/20/1999</MinAmdLetterDate>
    <MaxAmdLetterDate>07/31/2003</MaxAmdLetterDate>
    <ARRAAmount/>
    <AwardID>9900449</AwardID>
    <Investigator>
      <FirstName>Robert</FirstName>
      <LastName>Kraut</LastName>
      <EmailAddress>robert.kraut@cmu.edu</EmailAddress>
      <StartDate>07/20/1999</StartDate>
      <EndDate/>
      <RoleCode>Principal Investigator</RoleCode>
    </Investigator>
    <Investigator>
      <FirstName>Sara</FirstName>
      <LastName>Kiesler</LastName>
      <EmailAddress>kiesler@cs.cmu.edu</EmailAddress>
      <StartDate>07/20/1999</StartDate>
      <EndDate/>
      <RoleCode>Co-Principal Investigator</RoleCode>
    </Investigator>
    <Investigator>
      <FirstName>William</FirstName>
      <LastName>Scherlis</LastName>
      <EmailAddress>scherlis@cs.cmu.edu</EmailAddress>
      <StartDate>07/20/1999</StartDate>
      <EndDate>10/02/2002</EndDate>
      <RoleCode>Former Co-Principal Investigator</RoleCode>
    </Investigator>
    <Investigator>
      <FirstName>Vicki</FirstName>
      <LastName>Helgeson</LastName>
      <EmailAddress>vh2e@andrew.cmu.edu</EmailAddress>
      <StartDate>07/20/1999</StartDate>
      <EndDate/>
      <RoleCode>Co-Principal Investigator</RoleCode>
    </Investigator>
    <Investigator>
      <FirstName>Tridas</FirstName>
      <LastName>Mukhopadhyay</LastName>
      <EmailAddress>tm25@andrew.cmu.edu</EmailAddress>
      <StartDate>07/20/1999</StartDate>
      <EndDate>10/02/2002</EndDate>
      <RoleCode>Former Co-Principal Investigator</RoleCode>
    </Investigator>
    <Institution>
      <Name>Carnegie-Mellon University</Name>
      <CityName>PITTSBURGH</CityName>
      <ZipCode>152133815</ZipCode>
      <PhoneNumber>4122689527</PhoneNumber>
      <StreetAddress>5000 Forbes Avenue</StreetAddress>
      <CountryName>United States</CountryName>
      <StateName>Pennsylvania</StateName>
      <StateCode>PA</StateCode>
    </Institution>
    <FoaInformation>
      <Code>0104000</Code>
      <Name>Information Systems</Name>
    </FoaInformation>
    <FoaInformation>
      <Code>0116000</Code>
      <Name>Human Subjects</Name>
    </FoaInformation>
    <ProgramElement>
      <Code>6850</Code>
      <Text>DIGITAL SOCIETY&amp;TECHNOLOGIES</Text>
    </ProgramElement>
    <ProgramReference>
      <Code>9139</Code>
      <Text>INFORMATION INFRASTRUCTURE &amp; TECH APPL</Text>
    </ProgramReference>
    <ProgramReference>
      <Code>9178</Code>
      <Text>UNDERGRADUATE EDUCATION</Text>
    </ProgramReference>
    <ProgramReference>
      <Code>9216</Code>
      <Text>ADVANCED SOFTWARE TECH &amp; ALGOR</Text>
    </ProgramReference>
    <ProgramReference>
      <Code>9218</Code>
      <Text>BASIC RESEARCH &amp; HUMAN RESORCS</Text>
    </ProgramReference>
    <ProgramReference>
      <Code>9251</Code>
      <Text>RES EXPER FOR UNDERGRAD-SUPPLT</Text>
    </ProgramReference>
    <ProgramReference>
      <Code>HPCC</Code>
      <Text>HIGH PERFORMANCE COMPUTING &amp; COMM</Text>
    </ProgramReference>
    <ProgramReference>
      <Code>SMET</Code>
      <Text>SCIENCE, MATH, ENG &amp; TECH EDUCATION</Text>
    </ProgramReference>
  </Award>
</rootTag>
