<?xml version="1.0" encoding="UTF-8"?>

<rootTag>
  <Award>
    <AwardTitle>Dissertation Research: Market Transition and Entreprenerial Success in the Ukraine</AwardTitle>
    <AwardEffectiveDate>07/01/1999</AwardEffectiveDate>
    <AwardExpirationDate>10/31/2002</AwardExpirationDate>
    <AwardAmount>8220</AwardAmount>
    <AwardInstrument>
      <Value>Standard Grant</Value>
    </AwardInstrument>
    <Organization>
      <Code>04050200</Code>
      <Directorate>
        <LongName>Direct For Social, Behav &amp; Economic Scie</LongName>
      </Directorate>
      <Division>
        <LongName>Divn Of Social and Economic Sciences</LongName>
      </Division>
    </Organization>
    <ProgramOfficer>
      <SignBlockName>Joane Nagel</SignBlockName>
    </ProgramOfficer>
    <AbstractNarration>This Doctoral Dissertation Improvement Research project will examine the roles that human, social and political capital play in promoting entrepreneurial activity and small business success in the Ukraine. The 1990s has produced considerable economic upheaval in the Ukraine and in other parts of the former Soviet Union as newly independent nations attempt to create viable institutions that support market economies. Researchers who study social stratification and policy analyst have debated the nature of the relationship between location in the stratification system produced by Soviet State Socialism and social stratification during market transition. The primary goal of this research is examine the role that human, social and political capital plays in decisions to enter into private business ventures (the leading source of new jobs in transition economies) and the role these same factors play in fostering relative success in these ventures.&lt;br/&gt;&lt;br/&gt;The projects seeks to improve on prior research on social stratification during market transition in major ways by: (1) systematically sampling registered and unregistered entrepreneurs to gauge the full range of entrepreneurial activity and its correlates, (2) systematically comparing the general population to entrepreneurs so that systematic differences between those who start private businesses and those that do not can be compared, and (3) developing more nuanced measures of human, social and political capital so that different types of personal capital and the timing of acquisition can be assessed. The research has the potential to create an important foundation for future research on the development of private business ownership in the rapidly transforming economies of the Ukraine and other former state-socialist countries.&lt;br/&gt;&lt;br/&gt;Data will be collected from subsamples of entrepreneurs (N=550) and the general population (N=550) in the city of Kharkov, Ukraine. A survey will be conducted of these two to collect information on educational attainment, social network contacts, political positions and political network connections. Logistic regression analyses will be performed to examine differences between entrepreneurs and the general population and assess the probability of being an entrepreneur; and ordinary less squares regression used to estimate the contribution of human, social and political capital to entrepreneurial success.</AbstractNarration>
    <MinAmdLetterDate>06/09/1999</MinAmdLetterDate>
    <MaxAmdLetterDate>10/31/2001</MaxAmdLetterDate>
    <ARRAAmount/>
    <AwardID>9900927</AwardID>
    <Investigator>
      <FirstName>Kevin</FirstName>
      <LastName>Leicht</LastName>
      <EmailAddress>kevin-leicht@uiowa.edu</EmailAddress>
      <StartDate>06/09/1999</StartDate>
      <EndDate>02/01/2001</EndDate>
      <RoleCode>Former Principal Investigator</RoleCode>
    </Investigator>
    <Investigator>
      <FirstName>Rebecca</FirstName>
      <LastName>Matthews</LastName>
      <EmailAddress>rebecca-matthews@uiowa.edu</EmailAddress>
      <StartDate>06/09/1999</StartDate>
      <EndDate/>
      <RoleCode>Principal Investigator</RoleCode>
    </Investigator>
    <Institution>
      <Name>University of Iowa</Name>
      <CityName>IOWA CITY</CityName>
      <ZipCode>522421320</ZipCode>
      <PhoneNumber>3193352123</PhoneNumber>
      <StreetAddress>2 GILMORE HALL</StreetAddress>
      <CountryName>United States</CountryName>
      <StateName>Iowa</StateName>
      <StateCode>IA</StateCode>
    </Institution>
  </Award>
</rootTag>
