<?xml version="1.0" encoding="UTF-8"?>

<rootTag>
  <Award>
    <AwardTitle>I/UCRC: Multi-University Merger: North Carolina State University, Ohio State University, University of California, Davis</AwardTitle>
    <AwardEffectiveDate>09/01/1999</AwardEffectiveDate>
    <AwardExpirationDate>08/31/2005</AwardExpirationDate>
    <AwardAmount>246000</AwardAmount>
    <AwardInstrument>
      <Value>Continuing grant</Value>
    </AwardInstrument>
    <Organization>
      <Code>07070000</Code>
      <Directorate>
        <LongName>Directorate For Engineering</LongName>
      </Directorate>
      <Division>
        <LongName>Div Of Industrial Innovation &amp; Partnersh</LongName>
      </Division>
    </Organization>
    <ProgramOfficer>
      <SignBlockName>alexander schwarzkopf</SignBlockName>
    </ProgramOfficer>
    <AbstractNarration>EEC-9900458&lt;br/&gt;SWARTZEL&lt;br/&gt;&lt;br/&gt;The Industry/University Cooperative Research Center for Aseptic Processing and Packaging Studies is being funded for its second five-year cycle as a multi-university Center with the addition of a research site at the Ohio State University to the original North Carolina State University and the University of California at Davis research groups.&lt;br/&gt;&lt;br/&gt;The research projects to be funded at the Center's new research site are "Microbial Control of Fluid Foods", "Safe Cheddar Cheese from Raw Milk", "Validating Sterilization Efficiency of Aseptic Packaging Systems", "Modeling of Pulsed Electric Field Processes" and "Process Development of Single Step Microbial and Colloidal Stabilization for Fermented Beverages."</AbstractNarration>
    <MinAmdLetterDate>04/02/1999</MinAmdLetterDate>
    <MaxAmdLetterDate>07/21/2003</MaxAmdLetterDate>
    <ARRAAmount/>
    <AwardID>9900458</AwardID>
    <Investigator>
      <FirstName>Kenneth</FirstName>
      <LastName>Swartzel</LastName>
      <EmailAddress>krs@unity.ncsu.edu</EmailAddress>
      <StartDate>04/02/1999</StartDate>
      <EndDate/>
      <RoleCode>Principal Investigator</RoleCode>
    </Investigator>
    <Institution>
      <Name>North Carolina State University</Name>
      <CityName>RALEIGH</CityName>
      <ZipCode>276957514</ZipCode>
      <PhoneNumber>9195152444</PhoneNumber>
      <StreetAddress>CAMPUS BOX 7514</StreetAddress>
      <CountryName>United States</CountryName>
      <StateName>North Carolina</StateName>
      <StateCode>NC</StateCode>
    </Institution>
    <FoaInformation>
      <Code>0308000</Code>
      <Name>Industrial Technology</Name>
    </FoaInformation>
    <ProgramElement>
      <Code>1360</Code>
      <Text>HUMAN RESOURCES DEVELOPMENT</Text>
    </ProgramElement>
    <ProgramElement>
      <Code>5761</Code>
      <Text>INDUSTRY/UNIV COOP RES CENTERS</Text>
    </ProgramElement>
    <ProgramReference>
      <Code>9102</Code>
      <Text>WOMEN, MINORITY, DISABLED, NEC</Text>
    </ProgramReference>
    <ProgramReference>
      <Code>9178</Code>
      <Text>UNDERGRADUATE EDUCATION</Text>
    </ProgramReference>
    <ProgramReference>
      <Code>9181</Code>
      <Text>BIOPROCESSING/BIOMOLECULAR MATERIALS</Text>
    </ProgramReference>
    <ProgramReference>
      <Code>9251</Code>
      <Text>RES EXPER FOR UNDERGRAD-SUPPLT</Text>
    </ProgramReference>
    <ProgramReference>
      <Code>BIOT</Code>
      <Text>BIOTECHNOLOGY</Text>
    </ProgramReference>
    <ProgramReference>
      <Code>SMET</Code>
      <Text>SCIENCE, MATH, ENG &amp; TECH EDUCATION</Text>
    </ProgramReference>
    <ProgramReference>
      <Code>9231</Code>
      <Text>SUPPL FOR UNDERGRAD RES ASSIST</Text>
    </ProgramReference>
  </Award>
</rootTag>
