<?xml version="1.0" encoding="UTF-8"?>

<rootTag>
  <Award>
    <AwardTitle>Gravitational-Radiation Backreaction &amp; Other Relativistic Effects in Compact Astrophysical Systems</AwardTitle>
    <AwardEffectiveDate>11/15/1999</AwardEffectiveDate>
    <AwardExpirationDate>10/31/2000</AwardExpirationDate>
    <AwardAmount>20331</AwardAmount>
    <AwardInstrument>
      <Value>Continuing grant</Value>
    </AwardInstrument>
    <Organization>
      <Code>03010700</Code>
      <Directorate>
        <LongName>Direct For Mathematical &amp; Physical Scien</LongName>
      </Directorate>
      <Division>
        <LongName>Division Of Physics</LongName>
      </Division>
    </Organization>
    <ProgramOfficer>
      <SignBlockName>Richard Isaacson</SignBlockName>
    </ProgramOfficer>
    <AbstractNarration>9900767 - Mendell&lt;br/&gt;&lt;br/&gt;Two of the most likely detectable sources of gravity waves are&lt;br/&gt;oscillating neutron stars and black holes orbiting around each other In&lt;br/&gt;order to study these waves and learn more about their sources, gravity&lt;br/&gt;wave observatories are currently under construction around the world&lt;br/&gt;This investigation will complete theoretical studies aimed at answering&lt;br/&gt;the following important questions:&lt;br/&gt;1. How does superfluidity and superconductivity believe to exist in&lt;br/&gt;neutron stars affect the stability of these stars when they emit&lt;br/&gt;gravity waves?&lt;br/&gt;2. How does the emission of gravity waves affect the rotation rates of&lt;br/&gt;these stars?&lt;br/&gt;3. How will the theory developed here compare with neutron star rotation&lt;br/&gt;rates as currently observed by radio telescopes?, and&lt;br/&gt;4. What will new methods to be developed in this investigation tell us&lt;br/&gt;about the inspiral of black hole binaries?&lt;br/&gt;&lt;br/&gt;This work is of current interest and significance for several reasons.&lt;br/&gt;Gravity waves carry to us the best information that can be obtained&lt;br/&gt;about the strong gravitational field predictions of Einstein's General&lt;br/&gt;Theory of Relativity. Their detection will provide insights into the&lt;br/&gt;true nature of neutron stars and black holes. For example gravity waves&lt;br/&gt;will be able to give the best direct evidence for the existence of&lt;br/&gt;black holes. They should also provide key clues to determining the true&lt;br/&gt;nature of the matter in neutron stars. This matter which is at several&lt;br/&gt;times nuclear density cannot be studied in terrestrial laboratories.&lt;br/&gt;One exciting prospect is that gravity waves might provide further&lt;br/&gt;evidence that neutron stars really are superfluid and superconducting&lt;br/&gt;inside. This would make neutron stars the highest temperature&lt;br/&gt;superconductors in the universe However in order to extract the maximum&lt;br/&gt;possible information from the gravity waves it will be necessary to&lt;br/&gt;greatly improve the current understanding of the sources. Thus it is&lt;br/&gt;imperative to the success of and the other gravity wave detectors that&lt;br/&gt;the theory of the sources be worked out in detail. The investigation&lt;br/&gt;described here will make major advances towards working out those&lt;br/&gt;details.</AbstractNarration>
    <MinAmdLetterDate>11/08/1999</MinAmdLetterDate>
    <MaxAmdLetterDate>11/08/1999</MaxAmdLetterDate>
    <ARRAAmount/>
    <AwardID>9900767</AwardID>
    <Investigator>
      <FirstName>Gregory</FirstName>
      <LastName>Mendell</LastName>
      <EmailAddress>gmendell@ligo-wa.caltech.edu</EmailAddress>
      <StartDate>11/08/1999</StartDate>
      <EndDate/>
      <RoleCode>Principal Investigator</RoleCode>
    </Investigator>
    <Institution>
      <Name>University of Wyoming</Name>
      <CityName>Laramie</CityName>
      <ZipCode>820712000</ZipCode>
      <PhoneNumber>3077665320</PhoneNumber>
      <StreetAddress>1000 E. University Avenue</StreetAddress>
      <CountryName>United States</CountryName>
      <StateName>Wyoming</StateName>
      <StateCode>WY</StateCode>
    </Institution>
    <FoaInformation>
      <Code>0000099</Code>
      <Name>Other Applications NEC</Name>
    </FoaInformation>
    <ProgramElement>
      <Code>1244</Code>
      <Text>GRAVITATIONAL THEORY</Text>
    </ProgramElement>
    <ProgramReference>
      <Code>0000</Code>
      <Text>UNASSIGNED</Text>
    </ProgramReference>
    <ProgramReference>
      <Code>OTHR</Code>
      <Text>OTHER RESEARCH OR EDUCATION</Text>
    </ProgramReference>
  </Award>
</rootTag>
