<?xml version="1.0" encoding="UTF-8"?>

<rootTag>
  <Award>
    <AwardTitle>First Smart/Innovative Carbon Fiber Reinforced Polymer (CFRP) Bridge in the USA</AwardTitle>
    <AwardEffectiveDate>08/15/1999</AwardEffectiveDate>
    <AwardExpirationDate>07/31/2004</AwardExpirationDate>
    <AwardAmount>152000</AwardAmount>
    <AwardInstrument>
      <Value>Continuing grant</Value>
    </AwardInstrument>
    <Organization>
      <Code>07030000</Code>
      <Directorate>
        <LongName>Directorate For Engineering</LongName>
      </Directorate>
      <Division>
        <LongName>Div Of Civil, Mechanical, &amp; Manufact Inn</LongName>
      </Division>
    </Organization>
    <ProgramOfficer>
      <SignBlockName>Jorn Larsen-Basse</SignBlockName>
    </ProgramOfficer>
    <AbstractNarration>The lack of availability of design guidelines and technical data for the use of carbon fiber reinforced polymer (CFRP) reinforcements has contributed significantly to the delay in using composites materials in prestressed concrete bridges in the US. Consequently, no single prestressed concrete bridge using CFRP has been constructed or even considered by any government agency. As a result, the use of CFRP reinforcements in the US has been limited to research activities and subsequent technical publications. The proposed research program is tailored to develop design guidelines to aid the designers to safely desin CFRP prestressed structural components, and to construct a one-half scale bridge model and two prestressed concrete girders and test them under different loading conditions. The proposed investigation will result in technical data that will be adopted in the construction of the first authorized CFRP prestressed concrete bridge inn the US. Furthermore, future prestressed concrete bridge projects that will be undertaken by the supporting state agencies will benefit signigicantly from the generated data.</AbstractNarration>
    <MinAmdLetterDate>08/02/1999</MinAmdLetterDate>
    <MaxAmdLetterDate>07/07/2003</MaxAmdLetterDate>
    <ARRAAmount/>
    <AwardID>9900809</AwardID>
    <Investigator>
      <FirstName>Nabil</FirstName>
      <LastName>Grace</LastName>
      <EmailAddress>nabil@ltu.edu</EmailAddress>
      <StartDate>08/02/1999</StartDate>
      <EndDate/>
      <RoleCode>Principal Investigator</RoleCode>
    </Investigator>
    <Institution>
      <Name>Lawrence Technological University</Name>
      <CityName>Southfield</CityName>
      <ZipCode>480751051</ZipCode>
      <PhoneNumber>2482042103</PhoneNumber>
      <StreetAddress>21000 Ten Mile Road</StreetAddress>
      <CountryName>United States</CountryName>
      <StateName>Michigan</StateName>
      <StateCode>MI</StateCode>
    </Institution>
    <FoaInformation>
      <Code>0109000</Code>
      <Name>Structural Technology</Name>
    </FoaInformation>
    <ProgramElement>
      <Code>1473</Code>
      <Text>STRUCTURES I</Text>
    </ProgramElement>
    <ProgramElement>
      <Code>1504</Code>
      <Text>GRANT OPP FOR ACAD LIA W/INDUS</Text>
    </ProgramElement>
    <ProgramElement>
      <Code>1635</Code>
      <Text>STRUCTURAL MATERIALS AND MECH</Text>
    </ProgramElement>
    <ProgramElement>
      <Code>1637</Code>
      <Text>Structural and Architectural E</Text>
    </ProgramElement>
    <ProgramReference>
      <Code>1057</Code>
      <Text>CIS BASE RESEARCH</Text>
    </ProgramReference>
    <ProgramReference>
      <Code>9231</Code>
      <Text>SUPPL FOR UNDERGRAD RES ASSIST</Text>
    </ProgramReference>
    <ProgramReference>
      <Code>9251</Code>
      <Text>RES EXPER FOR UNDERGRAD-SUPPLT</Text>
    </ProgramReference>
    <ProgramReference>
      <Code>CVIS</Code>
      <Text>CIVIL INFRASTRUCTURE</Text>
    </ProgramReference>
  </Award>
</rootTag>
