<?xml version="1.0" encoding="UTF-8"?>

<rootTag>
  <Award>
    <AwardTitle>Thermal Noise Research for Advanced LIGO Interferometers</AwardTitle>
    <AwardEffectiveDate>08/15/1999</AwardEffectiveDate>
    <AwardExpirationDate>07/31/2003</AwardExpirationDate>
    <AwardAmount>927882</AwardAmount>
    <AwardInstrument>
      <Value>Continuing grant</Value>
    </AwardInstrument>
    <Organization>
      <Code>03010700</Code>
      <Directorate>
        <LongName>Direct For Mathematical &amp; Physical Scien</LongName>
      </Directorate>
      <Division>
        <LongName>Division Of Physics</LongName>
      </Division>
    </Organization>
    <ProgramOfficer>
      <SignBlockName>Beverly K. Berger</SignBlockName>
    </ProgramOfficer>
    <AbstractNarration>The search for gravitational waves requires detectors that are not overwhelmed by noise sources that can mask gravitational wave signals. Thermal noise is one of the worst offenders. The research program proposed by Saulson and his group at Syracuse University is directed toward understanding the sources of thermal noise that effect gravitational wave detectors and to devise methods to reduce the effects of these sources.&lt;br/&gt;The key to reducing thermal noise generated by interferometer optics and test mass, and their suspension systems, is to design systems that minimize mechanical energy dissipation. The Syracuse group will develop a means for measuring the transverse vibrations of LIGO optics suspension wires, and will make high sensitivity measurements of mechanical dissipation rates of several materials, including fused silica and sapphire, to determine their relative merits for use as interferometer optics and test masses. They will also measure energy dissipation in a variety of mirror coating materials that have been proposed for LIGO optics and will explore the possibility of cooling these mirrors to further reduce thermal noise.</AbstractNarration>
    <MinAmdLetterDate>08/02/1999</MinAmdLetterDate>
    <MaxAmdLetterDate>05/16/2001</MaxAmdLetterDate>
    <ARRAAmount/>
    <AwardID>9900775</AwardID>
    <Investigator>
      <FirstName>Peter</FirstName>
      <LastName>Saulson</LastName>
      <EmailAddress>saulson@physics.syr.edu</EmailAddress>
      <StartDate>08/02/1999</StartDate>
      <EndDate/>
      <RoleCode>Principal Investigator</RoleCode>
    </Investigator>
    <Institution>
      <Name>Syracuse University</Name>
      <CityName>SYRACUSE</CityName>
      <ZipCode>132441200</ZipCode>
      <PhoneNumber>3154432807</PhoneNumber>
      <StreetAddress>OFFICE OF SPONSORED PROGRAMS</StreetAddress>
      <CountryName>United States</CountryName>
      <StateName>New York</StateName>
      <StateCode>NY</StateCode>
    </Institution>
    <FoaInformation>
      <Code>0000099</Code>
      <Name>Other Applications NEC</Name>
    </FoaInformation>
    <ProgramElement>
      <Code>1252</Code>
      <Text>LIGO RESEARCH SUPPORT</Text>
    </ProgramElement>
    <ProgramReference>
      <Code>0000</Code>
      <Text>UNASSIGNED</Text>
    </ProgramReference>
    <ProgramReference>
      <Code>OTHR</Code>
      <Text>OTHER RESEARCH OR EDUCATION</Text>
    </ProgramReference>
  </Award>
</rootTag>
