<?xml version="1.0" encoding="UTF-8"?>

<rootTag>
  <Award>
    <AwardTitle>Applied Analysis of the Navier-Stokes and Related Equations</AwardTitle>
    <AwardEffectiveDate>06/01/1999</AwardEffectiveDate>
    <AwardExpirationDate>05/31/2003</AwardExpirationDate>
    <AwardAmount>185000</AwardAmount>
    <AwardInstrument>
      <Value>Continuing grant</Value>
    </AwardInstrument>
    <Organization>
      <Code>03010500</Code>
      <Directorate>
        <LongName>Direct For Mathematical &amp; Physical Scien</LongName>
      </Directorate>
      <Division>
        <LongName>Division Of Physics</LongName>
      </Division>
    </Organization>
    <ProgramOfficer>
      <SignBlockName>Earle L. Lomon</SignBlockName>
    </ProgramOfficer>
    <AbstractNarration>This fundamental research in mathematical physics and applied mathematics focuses on the challenges presented by the incompressible Navier-Stokes and related equations of fluid dynamics. The Navier-Stokes equations constitute the basic mathematical model for fluid flow, and are believed to contain turbulent dynamics among their solutions. Turbulence in fluid mechanics remains one of the outstanding challenges for theoretical physics and applied mathematics with important applications in many fields of science and engineering. The work is carried out via modern applied and numerical analysis by the principal investigator and a mathematics graduate student doing doctoral dissertation work.&lt;br/&gt;The project has three specific objectives. The first is to extend a rigorous technique for deriving theoretical bounds on turbulent flow quantities to new applications for heat transport in Marangoni convection, and more generally to turbulence in fluid systems with imposed stress boundary conditions. Second, we aim to extend the background field method for applications to unbounded flow domains to derive theoretical limits on turbulent drag coefficients for flows past a compact body. It remains an open problem, for example, to establish a limit on the drag experienced by a sphere moving at high speed through a viscous fluid which is both mathematically rigorous and physically relevant. The third objective is to investigate small length scales appearing in turbulent flows by means of a set of dynamical equations derived for an analytic extension of solutions of the Navier-Stokes equations. Mathematical results in this area will produce strict lower bounds on the small length scales associated with high wavenumber exponential decay of the Fourier power spectrum in turbulent velocity fields.</AbstractNarration>
    <MinAmdLetterDate>05/27/1999</MinAmdLetterDate>
    <MaxAmdLetterDate>05/23/2001</MaxAmdLetterDate>
    <ARRAAmount/>
    <AwardID>9900635</AwardID>
    <Investigator>
      <FirstName>Charles</FirstName>
      <LastName>Doering</LastName>
      <EmailAddress>doering@umich.edu</EmailAddress>
      <StartDate>05/27/1999</StartDate>
      <EndDate/>
      <RoleCode>Principal Investigator</RoleCode>
    </Investigator>
    <Institution>
      <Name>University of Michigan Ann Arbor</Name>
      <CityName>Ann Arbor</CityName>
      <ZipCode>481091274</ZipCode>
      <PhoneNumber>7347636438</PhoneNumber>
      <StreetAddress>3003 South State St. Room 1062</StreetAddress>
      <CountryName>United States</CountryName>
      <StateName>Michigan</StateName>
      <StateCode>MI</StateCode>
    </Institution>
  </Award>
</rootTag>
