<?xml version="1.0" encoding="UTF-8"?>

<rootTag>
  <Award>
    <AwardTitle>Twinning in Single Crystal Steels</AwardTitle>
    <AwardEffectiveDate>09/01/1999</AwardEffectiveDate>
    <AwardExpirationDate>08/31/2005</AwardExpirationDate>
    <AwardAmount>314292</AwardAmount>
    <AwardInstrument>
      <Value>Continuing grant</Value>
    </AwardInstrument>
    <Organization>
      <Code>07030000</Code>
      <Directorate>
        <LongName>Directorate For Engineering</LongName>
      </Directorate>
      <Division>
        <LongName>Div Of Civil, Mechanical, &amp; Manufact Inn</LongName>
      </Division>
    </Organization>
    <ProgramOfficer>
      <SignBlockName>Ken Chong</SignBlockName>
    </ProgramOfficer>
    <AbstractNarration>Orientation and stress state dependence of twinning is studied with novel experiments in materials with low stacking fault energy. These materials include Hadfield and austenitic stainless steels with nitrogen additions and have enormous potential for applications where high strength, ultra-high strain hardening and high fracture strains are needed. One of the unusual attributes of these steels is that during deformation an upward curcature in stress-strain curves develops. Single crystal experiments that study this unusual strain hardening response will be coupled with mechanics modeling to explain the experimental findings. The addition of nitrogen to these steels increases the deformation resistance and imparts beneficial properties. The role of nitrogen will be clarified with experiments and in modeling efforts examining twin nucleation and twin-slip interaction. The uniaxial stress-strain behavior of single crystals specimens will be determined as a function of crystal orientation, stress direction (tension and compression), maximum strain level and governing deformation mechanism. Considerable tension-compresson asymmetry develops in these classes of materials because of directionality of twinning. These results will be augmented with stress state experiments where hydrostatic stresses are systematically changed. The sress state will decide the effective stacking fault energy hence the deformation behavior. The effective stress required for onset of twinning. These results will be augmeted with stress states experiments where dydrostatic stresses are systematically changed. These stress state will decide the effective stacking fault energy hance the deformation behavior. The effective stress required for onset of twinning will be determined as well as its variation with compressice hydrostatic stress. Local strain field measurements using digital strain mapping techniques will be utilized to study the evolution of twin formation and propagation. A specialized marker will be deposited on the specimen surface, then the motion of the markers will be tracked during the deformation experiments. This technique allows the entire strain field on the specimen surface to be determined including local strain gradients. Texture evolution measurements will establish the orientation changes with deformation will help identify the activation of slip and twinning as a function of deformation. A micro-mechancis modeling effort, incorporating the twin volume fraction and twin evolution, will be undertaken for predicting the stress-strain response as a function of orientation, stress state, and texture evolution.</AbstractNarration>
    <MinAmdLetterDate>09/02/1999</MinAmdLetterDate>
    <MaxAmdLetterDate>06/05/2001</MaxAmdLetterDate>
    <ARRAAmount/>
    <AwardID>9900090</AwardID>
    <Investigator>
      <FirstName>Huseyin</FirstName>
      <LastName>Sehitoglu</LastName>
      <EmailAddress>huseyin@illinois.edu</EmailAddress>
      <StartDate>09/02/1999</StartDate>
      <EndDate/>
      <RoleCode>Principal Investigator</RoleCode>
    </Investigator>
    <Institution>
      <Name>University of Illinois at Urbana-Champaign</Name>
      <CityName>CHAMPAIGN</CityName>
      <ZipCode>618207473</ZipCode>
      <PhoneNumber>2173332187</PhoneNumber>
      <StreetAddress>SUITE A</StreetAddress>
      <CountryName>United States</CountryName>
      <StateName>Illinois</StateName>
      <StateCode>IL</StateCode>
    </Institution>
    <FoaInformation>
      <Code>0106000</Code>
      <Name>Materials Research</Name>
    </FoaInformation>
    <ProgramElement>
      <Code>1446</Code>
      <Text>MATERIALS</Text>
    </ProgramElement>
    <ProgramElement>
      <Code>1630</Code>
      <Text>Mechanics of Materials and Str</Text>
    </ProgramElement>
    <ProgramReference>
      <Code>9161</Code>
      <Text>SINGLE DIVISION/UNIVERSITY</Text>
    </ProgramReference>
    <ProgramReference>
      <Code>9231</Code>
      <Text>SUPPL FOR UNDERGRAD RES ASSIST</Text>
    </ProgramReference>
    <ProgramReference>
      <Code>9251</Code>
      <Text>RES EXPER FOR UNDERGRAD-SUPPLT</Text>
    </ProgramReference>
    <ProgramReference>
      <Code>AMPP</Code>
      <Text>ADVANCED MATERIALS &amp; PROCESSING PROGRAM</Text>
    </ProgramReference>
  </Award>
</rootTag>
