<?xml version="1.0" encoding="UTF-8"?>

<rootTag>
  <Award>
    <AwardTitle>Star Formation and Evolutionary Properties of Nearby Galaxies</AwardTitle>
    <AwardEffectiveDate>07/15/1999</AwardEffectiveDate>
    <AwardExpirationDate>06/30/2004</AwardExpirationDate>
    <AwardAmount>366746</AwardAmount>
    <AwardInstrument>
      <Value>Continuing grant</Value>
    </AwardInstrument>
    <Organization>
      <Code>03020417</Code>
      <Directorate>
        <LongName>Direct For Mathematical &amp; Physical Scien</LongName>
      </Directorate>
      <Division>
        <LongName>Division Of Astronomical Sciences</LongName>
      </Division>
    </Organization>
    <ProgramOfficer>
      <SignBlockName>Nigel Sharp</SignBlockName>
    </ProgramOfficer>
    <AbstractNarration>Dr.Kennicutt is studying the evolutionary properties of nearby galaxies by determining star formation rates. This information is important for solving a wide range of broad problems, including star formation, the physical nature of the Hubble sequence, and the formation and evolution of galaxies. Specifically, Dr. Kennicutt is conducting (1) a detailed study of the relationship between the star formation rate and the density and dynamics of the interstellar gas, based on a new interferometric survey of the molecular gas in a sample of 44 nearby galaxies using the new BIMA facility (BIMA is the Berkeley, Illinois, Maryland Array) to look at a particular transition in carbon monoxide; (2) a high resolution study of the interstellar gas and star formation in the central kiloparsec regions of these galaxies; (3) a study of the radial evolution of star formation in galactic disks based on multicolor and Ha imaging of nearby spiral galaxies; (4) a study of the Ha luminosity function and the local cosmological start formation density; and (5) a calibration of the quantitative diagnostics of star formation rates and chemical abundances in galaxies. &lt;br/&gt;***</AbstractNarration>
    <MinAmdLetterDate>07/07/1999</MinAmdLetterDate>
    <MaxAmdLetterDate>06/05/2003</MaxAmdLetterDate>
    <ARRAAmount/>
    <AwardID>9900789</AwardID>
    <Investigator>
      <FirstName>Robert</FirstName>
      <LastName>Kennicutt</LastName>
      <EmailAddress>rkennicutt@as.arizona.edu</EmailAddress>
      <StartDate>07/07/1999</StartDate>
      <EndDate/>
      <RoleCode>Principal Investigator</RoleCode>
    </Investigator>
    <Institution>
      <Name>University of Arizona</Name>
      <CityName>Tucson</CityName>
      <ZipCode>857194824</ZipCode>
      <PhoneNumber>5206266000</PhoneNumber>
      <StreetAddress>888 N Euclid Ave</StreetAddress>
      <CountryName>United States</CountryName>
      <StateName>Arizona</StateName>
      <StateCode>AZ</StateCode>
    </Institution>
    <FoaInformation>
      <Code>0000099</Code>
      <Name>Other Applications NEC</Name>
    </FoaInformation>
    <ProgramElement>
      <Code>1217</Code>
      <Text>EXTRAGALACTIC ASTRON &amp; COSMOLO</Text>
    </ProgramElement>
    <ProgramReference>
      <Code>0000</Code>
      <Text>UNASSIGNED</Text>
    </ProgramReference>
    <ProgramReference>
      <Code>1207</Code>
      <Text>OBSERVATIONAL ASTRONOMY</Text>
    </ProgramReference>
    <ProgramReference>
      <Code>OTHR</Code>
      <Text>OTHER RESEARCH OR EDUCATION</Text>
    </ProgramReference>
  </Award>
</rootTag>
