<?xml version="1.0" encoding="UTF-8"?>

<rootTag>
  <Award>
    <AwardTitle>Collaborative Proposal: Analysis of Broadband Seismic Measurements from the Oceanic Seismic Network Pilot Experiment</AwardTitle>
    <AwardEffectiveDate>03/01/1999</AwardEffectiveDate>
    <AwardExpirationDate>08/31/2000</AwardExpirationDate>
    <AwardAmount>40926</AwardAmount>
    <AwardInstrument>
      <Value>Standard Grant</Value>
    </AwardInstrument>
    <Organization>
      <Code>06040204</Code>
      <Directorate>
        <LongName>Directorate For Geosciences</LongName>
      </Directorate>
      <Division>
        <LongName>Division Of Ocean Sciences</LongName>
      </Division>
    </Organization>
    <ProgramOfficer>
      <SignBlockName>James F. Allan</SignBlockName>
    </ProgramOfficer>
    <AbstractNarration>Collaborative Project&lt;br/&gt;OCE 98-19615&lt;br/&gt;Vernon&lt;br/&gt;OCE 99-000943&lt;br/&gt;Collins&lt;br/&gt;&lt;br/&gt;The recommended project will examine the comparative performance of seismometers associated with the Ocean Seismic Network Pilot Experiment, a group of three seismometers installed at the OSN-1 site in and around ODP Hole 843B, located 225 km SW of Oahu, Hawaii. These seismometers were installed in the borehole, buried in mud (ooze), and on top of the seafloor sediments. The project will compute the detectability of earthquakes (signal-to-noise ratio) for all three seismometers, and compare them to results from other land-based seismic systems and earlier ocean-based seismic systems. In addition, there will be a focus on computing and analyzing the ambient noise spectra of the mud-buried and seafloor seismometers, especially in regards to sediment shear-wave resonances, compliance, and the effects of bottom currents and gravity waves. Evaluation of this data will lead to recommendations for revised designs and future OSN installations.&lt;br/&gt;***</AbstractNarration>
    <MinAmdLetterDate>03/05/1999</MinAmdLetterDate>
    <MaxAmdLetterDate>03/05/1999</MaxAmdLetterDate>
    <ARRAAmount/>
    <AwardID>9900943</AwardID>
    <Investigator>
      <FirstName>John</FirstName>
      <LastName>Collins</LastName>
      <EmailAddress>jcollins@whoi.edu</EmailAddress>
      <StartDate>03/05/1999</StartDate>
      <EndDate/>
      <RoleCode>Principal Investigator</RoleCode>
    </Investigator>
    <Institution>
      <Name>Woods Hole Oceanographic Institution</Name>
      <CityName>WOODS HOLE</CityName>
      <ZipCode>025431041</ZipCode>
      <PhoneNumber>5082893542</PhoneNumber>
      <StreetAddress>183 OYSTER POND ROAD</StreetAddress>
      <CountryName>United States</CountryName>
      <StateName>Massachusetts</StateName>
      <StateCode>MA</StateCode>
    </Institution>
  </Award>
</rootTag>
