<?xml version="1.0" encoding="UTF-8"?>

<rootTag>
  <Award>
    <AwardTitle>Vertical Cavity Surface Emitting Laser (VCSEL) Based Free-Space Processing System for a Biomolecular Database Scanner</AwardTitle>
    <AwardEffectiveDate>06/01/1999</AwardEffectiveDate>
    <AwardExpirationDate>05/31/2003</AwardExpirationDate>
    <AwardAmount>249998</AwardAmount>
    <AwardInstrument>
      <Value>Standard Grant</Value>
    </AwardInstrument>
    <Organization>
      <Code>07010000</Code>
      <Directorate>
        <LongName>Directorate For Engineering</LongName>
      </Directorate>
      <Division>
        <LongName>Div Of Electrical, Commun &amp; Cyber Sys</LongName>
      </Division>
    </Organization>
    <ProgramOfficer>
      <SignBlockName>Filbert J. Bartoli</SignBlockName>
    </ProgramOfficer>
    <AbstractNarration>The proposal describes the application of VCSELs and Smart Pixels to a biomedical database scanner. The goal is to build a prototype demonstrator and to asses the feasibility of a full-scale architecure for hardware-based and free-space optics-interconnected database search engine.</AbstractNarration>
    <MinAmdLetterDate>03/23/1999</MinAmdLetterDate>
    <MaxAmdLetterDate>03/23/1999</MaxAmdLetterDate>
    <ARRAAmount/>
    <AwardID>9900493</AwardID>
    <Investigator>
      <FirstName>Carl</FirstName>
      <LastName>Wilmsen</LastName>
      <EmailAddress/>
      <StartDate>03/23/1999</StartDate>
      <EndDate/>
      <RoleCode>Principal Investigator</RoleCode>
    </Investigator>
    <Investigator>
      <FirstName>Pericles</FirstName>
      <LastName>Mitkas</LastName>
      <EmailAddress/>
      <StartDate>03/23/1999</StartDate>
      <EndDate/>
      <RoleCode>Co-Principal Investigator</RoleCode>
    </Investigator>
    <Institution>
      <Name>Colorado State University</Name>
      <CityName>Fort Collins</CityName>
      <ZipCode>805232002</ZipCode>
      <PhoneNumber>9704916355</PhoneNumber>
      <StreetAddress>601 S Howes St</StreetAddress>
      <CountryName>United States</CountryName>
      <StateName>Colorado</StateName>
      <StateCode>CO</StateCode>
    </Institution>
    <FoaInformation>
      <Code>0206000</Code>
      <Name>Telecommunications</Name>
    </FoaInformation>
  </Award>
</rootTag>
