<?xml version="1.0" encoding="UTF-8"?>

<rootTag>
  <Award>
    <AwardTitle>U.S.-Australia-New Caledonia Research Planning Visit: New Caledonian Hypogeous Fungi</AwardTitle>
    <AwardEffectiveDate>05/15/1999</AwardEffectiveDate>
    <AwardExpirationDate>04/30/2000</AwardExpirationDate>
    <AwardAmount>6713</AwardAmount>
    <AwardInstrument>
      <Value>Standard Grant</Value>
    </AwardInstrument>
    <Organization>
      <Code>01090000</Code>
      <Directorate>
        <LongName>Office Of The Director</LongName>
      </Directorate>
      <Division>
        <LongName>Office Of Internatl Science &amp;Engineering</LongName>
      </Division>
    </Organization>
    <ProgramOfficer>
      <SignBlockName>Alexander P. DeAngelis</SignBlockName>
    </ProgramOfficer>
    <AbstractNarration>9900704&lt;br/&gt;TRAPPE &lt;br/&gt;&lt;br/&gt;The objectives of this research planning visit are to 1) contact New Caledonian collaborators, 2) lay the groundwork for the final proposal, 3) preview potential collection sites with reference to logistics and costs of access and conduct preliminary sampling of the fungi, 4) explore costs and availability of New Caledonian field assistants and students, and 5) work with Dr. Andrew Claridge, Canberra, National Parks and Wildlife Service, to identify the fungi collected in a preceding visit to New Caledonia and to develop the final proposal. The ultimate goal of the research will be to determine the diversity and speciation of New Caledonian hypogeous fungi and to integrate molecular data for selected species of the genus Hysterangium of Australia. The New Caledonian counterpart is Dr. Tanguy Jaffre of L'Institut Francais de Recherche Scientifique Pour Le Development &amp; Cooperation.</AbstractNarration>
    <MinAmdLetterDate>05/12/1999</MinAmdLetterDate>
    <MaxAmdLetterDate>05/12/1999</MaxAmdLetterDate>
    <ARRAAmount/>
    <AwardID>9900704</AwardID>
    <Investigator>
      <FirstName>James</FirstName>
      <LastName>Trappe</LastName>
      <EmailAddress>trappej@onid.orst.edu</EmailAddress>
      <StartDate>05/12/1999</StartDate>
      <EndDate/>
      <RoleCode>Principal Investigator</RoleCode>
    </Investigator>
    <Institution>
      <Name>Oregon State University</Name>
      <CityName>Corvallis</CityName>
      <ZipCode>973318507</ZipCode>
      <PhoneNumber>5417374933</PhoneNumber>
      <StreetAddress>OREGON STATE UNIVERSITY</StreetAddress>
      <CountryName>United States</CountryName>
      <StateName>Oregon</StateName>
      <StateCode>OR</StateCode>
    </Institution>
    <FoaInformation>
      <Code>0000099</Code>
      <Name>Other Applications NEC</Name>
    </FoaInformation>
  </Award>
</rootTag>
