<?xml version="1.0" encoding="UTF-8"?>

<rootTag>
  <Award>
    <AwardTitle>Conference: Composite Construction in Steel and Concrete IV</AwardTitle>
    <AwardEffectiveDate>09/15/1999</AwardEffectiveDate>
    <AwardExpirationDate>02/28/2001</AwardExpirationDate>
    <AwardAmount>15000</AwardAmount>
    <AwardInstrument>
      <Value>Standard Grant</Value>
    </AwardInstrument>
    <Organization>
      <Code>07030000</Code>
      <Directorate>
        <LongName>Directorate For Engineering</LongName>
      </Directorate>
      <Division>
        <LongName>Div Of Civil, Mechanical, &amp; Manufact Inn</LongName>
      </Division>
    </Organization>
    <ProgramOfficer>
      <SignBlockName>John Scalzi</SignBlockName>
    </ProgramOfficer>
    <AbstractNarration>Composite steel and concrete members are increasingly used worldwide in the primary structural systems for building structures. These structures are designed to take advantage of the properties of both steel and concrete. In early summer 2000, approximately 100 researchers are gathering in Banff, Canada for a conference sponsored by the United Engineering Foundation to exchange the latest, detailed research findings and present recent case studies relating to innovations in composite construction. This gathering presents a unique opportunity to hold a symposium to provide a substantive summary and exchange of worldwide research in composite construction, so as to establish firmly the state-of-the-art in this area, and to help identify research needs for the next several years. The symposium will permit international researchers and practitioners to summarize current worldwide advances and forsee trends in innovative composite construction for building structures, with one emphasis of the symposium being on the large amount of research that has taken place in the U..S. Japan, and other countries in the area of seismic resistance of structures.</AbstractNarration>
    <MinAmdLetterDate>09/22/1999</MinAmdLetterDate>
    <MaxAmdLetterDate>09/22/1999</MaxAmdLetterDate>
    <ARRAAmount/>
    <AwardID>9900355</AwardID>
    <Investigator>
      <FirstName>Jerome</FirstName>
      <LastName>Hajjar</LastName>
      <EmailAddress>jf.hajjar@neu.edu</EmailAddress>
      <StartDate>09/22/1999</StartDate>
      <EndDate/>
      <RoleCode>Principal Investigator</RoleCode>
    </Investigator>
    <Institution>
      <Name>United Engineering Trustees, Inc.</Name>
      <CityName>New York</CityName>
      <ZipCode>10017</ZipCode>
      <PhoneNumber/>
      <StreetAddress/>
      <CountryName>United States</CountryName>
      <StateName>New York</StateName>
      <StateCode>NY</StateCode>
    </Institution>
    <FoaInformation>
      <Code>0109000</Code>
      <Name>Structural Technology</Name>
    </FoaInformation>
  </Award>
</rootTag>
