<?xml version="1.0" encoding="UTF-8"?>

<rootTag>
  <Award>
    <AwardTitle>Nonperturbative Quantum Gravity</AwardTitle>
    <AwardEffectiveDate>06/01/1999</AwardEffectiveDate>
    <AwardExpirationDate>05/31/2002</AwardExpirationDate>
    <AwardAmount>95631</AwardAmount>
    <AwardInstrument>
      <Value>Continuing grant</Value>
    </AwardInstrument>
    <Organization>
      <Code>03010700</Code>
      <Directorate>
        <LongName>Direct For Mathematical &amp; Physical Scien</LongName>
      </Directorate>
      <Division>
        <LongName>Division Of Physics</LongName>
      </Division>
    </Organization>
    <ProgramOfficer>
      <SignBlockName>Beverly K. Berger</SignBlockName>
    </ProgramOfficer>
    <AbstractNarration>Research in theoretical gravitational physics will focus on the problem of quantum gravity. Combining quantum mechanics and general relativity is one of the fundamental open problems in theoretical physics. Its solution will lead us to understand the quantum properties of spacetime and thus to modify in depth the basis of our understanding of the physical world. One of the most promising candidate theories of quantum gravity is loop quantum gravity. This theory will be developed and analyzed, to test its validity and explore its physical consequences.</AbstractNarration>
    <MinAmdLetterDate>05/27/1999</MinAmdLetterDate>
    <MaxAmdLetterDate>05/25/2001</MaxAmdLetterDate>
    <ARRAAmount/>
    <AwardID>9900791</AwardID>
    <Investigator>
      <FirstName>Carlo</FirstName>
      <LastName>Rovelli</LastName>
      <EmailAddress>rovelli@pitt.edu</EmailAddress>
      <StartDate>05/27/1999</StartDate>
      <EndDate/>
      <RoleCode>Principal Investigator</RoleCode>
    </Investigator>
    <Institution>
      <Name>University of Pittsburgh</Name>
      <CityName>Pittsburgh</CityName>
      <ZipCode>152132303</ZipCode>
      <PhoneNumber>4126247400</PhoneNumber>
      <StreetAddress>University Club</StreetAddress>
      <CountryName>United States</CountryName>
      <StateName>Pennsylvania</StateName>
      <StateCode>PA</StateCode>
    </Institution>
    <FoaInformation>
      <Code>0000099</Code>
      <Name>Other Applications NEC</Name>
    </FoaInformation>
  </Award>
</rootTag>
