<?xml version="1.0" encoding="UTF-8"?>

<rootTag>
  <Award>
    <AwardTitle>Electromagnetic and Gravitational Couplings of Neutrinos in a Medium</AwardTitle>
    <AwardEffectiveDate>06/01/1999</AwardEffectiveDate>
    <AwardExpirationDate>08/31/2001</AwardExpirationDate>
    <AwardAmount>58000</AwardAmount>
    <AwardInstrument>
      <Value>Continuing grant</Value>
    </AwardInstrument>
    <Organization>
      <Code>03010500</Code>
      <Directorate>
        <LongName>Direct For Mathematical &amp; Physical Scien</LongName>
      </Directorate>
      <Division>
        <LongName>Division Of Physics</LongName>
      </Division>
    </Organization>
    <ProgramOfficer>
      <SignBlockName>Boris J. Kayser</SignBlockName>
    </ProgramOfficer>
    <AbstractNarration>Research in theoretical elementary particle physics will be concerned with the electromagnetic and gravitational properties and interactions of neutrinos, when they propagate through a dense medium such as the Sun, a supernova, or through the environment of dense objects such as active galactic nuclei. Detailed calculations of the transition rates for various processes involving neutrinos propagating under such conditions will be performed. These results are needed in order to understand the physics of neutrinos in such environments, which is important for testing the consequences of the recent experimental observations that indicate that neutrinos have a small, non-zero value of the mass.</AbstractNarration>
    <MinAmdLetterDate>04/26/1999</MinAmdLetterDate>
    <MaxAmdLetterDate>06/27/2000</MaxAmdLetterDate>
    <ARRAAmount/>
    <AwardID>9900766</AwardID>
    <Investigator>
      <FirstName>Jose</FirstName>
      <LastName>Nieves</LastName>
      <EmailAddress>nieves@ltp.uprrp.edu</EmailAddress>
      <StartDate>04/26/1999</StartDate>
      <EndDate/>
      <RoleCode>Principal Investigator</RoleCode>
    </Investigator>
    <Institution>
      <Name>University of Puerto Rico-Rio Piedras</Name>
      <CityName>San Juan</CityName>
      <ZipCode>009311790</ZipCode>
      <PhoneNumber>7877634949</PhoneNumber>
      <StreetAddress>PO Box 21790</StreetAddress>
      <CountryName>United States</CountryName>
      <StateName>Puerto Rico</StateName>
      <StateCode>PR</StateCode>
    </Institution>
    <FoaInformation>
      <Code>0000099</Code>
      <Name>Other Applications NEC</Name>
    </FoaInformation>
    <ProgramElement>
      <Code>1288</Code>
      <Text>Particle Astrophysics &amp; Cosmol</Text>
    </ProgramElement>
    <ProgramReference>
      <Code>0000</Code>
      <Text>UNASSIGNED</Text>
    </ProgramReference>
    <ProgramReference>
      <Code>OTHR</Code>
      <Text>OTHER RESEARCH OR EDUCATION</Text>
    </ProgramReference>
  </Award>
</rootTag>
