<?xml version="1.0" encoding="UTF-8"?>

<rootTag>
  <Award>
    <AwardTitle>Doctoral Dissertation Research: The Geography of Hunting, Habitat, and Human Settlement in Panama: Spatial Analysis and Implications for Neotropical Wildlife Conservation</AwardTitle>
    <AwardEffectiveDate>05/15/1999</AwardEffectiveDate>
    <AwardExpirationDate>10/31/2000</AwardExpirationDate>
    <AwardAmount>4950</AwardAmount>
    <AwardInstrument>
      <Value>Standard Grant</Value>
    </AwardInstrument>
    <Organization>
      <Code>04040400</Code>
      <Directorate>
        <LongName>Direct For Social, Behav &amp; Economic Scie</LongName>
      </Directorate>
      <Division>
        <LongName>Division Of Behavioral and Cognitive Sci</LongName>
      </Division>
    </Organization>
    <ProgramOfficer>
      <SignBlockName>Thomas J. Baerwald</SignBlockName>
    </ProgramOfficer>
    <AbstractNarration>Neotropical rain forest regions are home to growing indigenous populations that depend on forest resources for many of their basic needs. The impacts of their subsistence activities on native flora and fauna remain poorly understood, but it is clear that indigenous peoples are not always in perfect harmony with their natural surroundings. Game depletion by indigenous hunters has been documented in several rain forest settings, resulting in "empty forests" with potentially devastating ecological ramifications. The spatial dimensions of game extraction, the importance of agricultural lands as hunting grounds, and traditional wildlife management practices are three important facets of indigenous hunting that have received especially little scientific investigation. This doctoral dissertation research project will examine the cultural ecology of hunting among eleven Bugle communities in the Rio Grande watershed of Bocas del Toro, Panama, over a year-long period. The study will focus on the spatial dimensions of hunting yields. habitat, and human settlement in order to measure human impacts on different wildlife species at a regional scale; to delimit zones of game depletion and analyze the relationship between human population density and hunting yields; and to document the relative importance of primary rain forest versus agricultural lands as sources of game and evaluate the conditions under which human-managed habitats become important sources of game. Field research methods will include participant observation during agricultural, gardening, and fishing activities; direct observation during hunting expeditions; independent research and traveling with local guides to gather GPS points; and innovative participatory research methods that directly involve five Bugle surveyors in implementing a census, collecting toponym information, and administering biweekly hunting activity questionnaires. This project will be an ethnographic investigation of a virtually unstudied Central American indigenous group. It will help fill a significant gap in our basic understanding of the relationship between culture and environment in the rain forest setting. By documenting indigenous wildlife management practices, this project will help explain how indigenous peoples adapt to the rain forest environment. It also will demonstrate that indigenous peoples are not passive foragers independent of their cultural background but knowledgeable resource managers with the skills to participate in new conservation initiatives. As a Doctoral Dissertation Research Improvement award, this award also will provide support to enable a promising student to establish a strong independent research career.</AbstractNarration>
    <MinAmdLetterDate>05/28/1999</MinAmdLetterDate>
    <MaxAmdLetterDate>05/28/1999</MaxAmdLetterDate>
    <ARRAAmount/>
    <AwardID>9900818</AwardID>
    <Investigator>
      <FirstName>Peter</FirstName>
      <LastName>Herlihy</LastName>
      <EmailAddress>herlihy@ku.edu</EmailAddress>
      <StartDate>05/28/1999</StartDate>
      <EndDate/>
      <RoleCode>Principal Investigator</RoleCode>
    </Investigator>
    <Institution>
      <Name>University of Kansas Center for Research Inc</Name>
      <CityName>LAWRENCE</CityName>
      <ZipCode>660457568</ZipCode>
      <PhoneNumber>7858643441</PhoneNumber>
      <StreetAddress>2385 IRVING HILL RD</StreetAddress>
      <CountryName>United States</CountryName>
      <StateName>Kansas</StateName>
      <StateCode>KS</StateCode>
    </Institution>
    <FoaInformation>
      <Code>0116000</Code>
      <Name>Human Subjects</Name>
    </FoaInformation>
    <FoaInformation>
      <Code>0313000</Code>
      <Name>Regional &amp; Environmental</Name>
    </FoaInformation>
    <ProgramElement>
      <Code>1352</Code>
      <Text>GEOGRAPHY AND SPATIAL SCIENCES</Text>
    </ProgramElement>
    <ProgramElement>
      <Code>1390</Code>
      <Text>CULTURAL ANTHROPOLOGY</Text>
    </ProgramElement>
    <ProgramReference>
      <Code>9179</Code>
      <Text>GRADUATE INVOLVEMENT</Text>
    </ProgramReference>
    <ProgramReference>
      <Code>9186</Code>
      <Text>RESOURCE USE AND MANAGEMENT</Text>
    </ProgramReference>
    <ProgramReference>
      <Code>SMET</Code>
      <Text>SCIENCE, MATH, ENG &amp; TECH EDUCATION</Text>
    </ProgramReference>
  </Award>
</rootTag>
