<?xml version="1.0" encoding="UTF-8"?>

<rootTag>
  <Award>
    <AwardTitle>Numerical Simulation and Analysis of Mesoscale Convective Systems and Severe Storms</AwardTitle>
    <AwardEffectiveDate>07/01/1999</AwardEffectiveDate>
    <AwardExpirationDate>12/31/2003</AwardExpirationDate>
    <AwardAmount>908321</AwardAmount>
    <AwardInstrument>
      <Value>Continuing grant</Value>
    </AwardInstrument>
    <Organization>
      <Code>06020105</Code>
      <Directorate>
        <LongName>Directorate For Geosciences</LongName>
      </Directorate>
      <Division>
        <LongName>Div Atmospheric &amp; Geospace Sciences</LongName>
      </Division>
    </Organization>
    <ProgramOfficer>
      <SignBlockName>Stephan P. Nelson</SignBlockName>
    </ProgramOfficer>
    <AbstractNarration>Due to its large economic impact as well as importance for public safety, the study of atmospheric convective systems is a high priority topic of research. Under this award the Principal Investigator will continue research on a variety of topics associated with convective storms. Specific topics to be addressed include:&lt;br/&gt;&lt;br/&gt;--Development of a radar-based climatology focusing on the spatial and temporal distribution of convection during the growth stages of mesoscale convective systems (MCS) over the U.S. to characterize the most common patterns of development that leads to MCS formation and to understand the variability of processes governing different classes of MCSs. &lt;br/&gt;-- Perform sensitivity studies with an advanced mesoscale numerical model to examine the relative dominance of environmental controls versus the details of early convective forcing on MCS structure and evolution.&lt;br/&gt;-- Using a numerical model, investigate the effects of soil moisture amounts and its inhomogeneity on the initiation and strength of MCSs.&lt;br/&gt;-- Using WSR-88D Doppler radar data, examine specific derecho (localized high wind) events to determine if they are characterized by a definable mesocyclone over a stable air mass and perform numerical simulations of selected cases to determine mechanisms responsible for severe wind formation.&lt;br/&gt;-- Obtain further insight into processes responsible for tornado formation by simulating well -documented tornadic and null cases, and by performing further idealized simu-lations.&lt;br/&gt;-- Investigate the processes of hail formation in two distinctive severe storm types using simplified and complex microphysical parameterizations.&lt;br/&gt;-- Reexamine existing data collected in the urban environment by performing numerical sensitivity experiments for both nocturnal organized convection and afternoon locally-forced convection.&lt;br/&gt;&lt;br/&gt;Successful completion of this research will lead to improved understanding and ability to forecast several types of high impact weather including flash flooding, tornadoes, high winds and severe hail.&lt;br/&gt;&lt;br/&gt;&lt;br/&gt;&lt;br/&gt;&lt;br/&gt;&lt;br/&gt;&lt;br/&gt;&lt;br/&gt;&lt;br/&gt;&lt;br/&gt;&lt;br/&gt;&lt;br/&gt;A-i</AbstractNarration>
    <MinAmdLetterDate>06/24/1999</MinAmdLetterDate>
    <MaxAmdLetterDate>03/17/2003</MaxAmdLetterDate>
    <ARRAAmount/>
    <AwardID>9900929</AwardID>
    <Investigator>
      <FirstName>William</FirstName>
      <LastName>Cotton</LastName>
      <EmailAddress>cotton@atmos.colostate.edu</EmailAddress>
      <StartDate>06/24/1999</StartDate>
      <EndDate/>
      <RoleCode>Principal Investigator</RoleCode>
    </Investigator>
    <Institution>
      <Name>Colorado State University</Name>
      <CityName>Fort Collins</CityName>
      <ZipCode>805232002</ZipCode>
      <PhoneNumber>9704916355</PhoneNumber>
      <StreetAddress>601 S Howes St</StreetAddress>
      <CountryName>United States</CountryName>
      <StateName>Colorado</StateName>
      <StateCode>CO</StateCode>
    </Institution>
  </Award>
</rootTag>
