<?xml version="1.0" encoding="UTF-8"?>

<rootTag>
  <Award>
    <AwardTitle>Autonomous Operation of Planar Linear Motors</AwardTitle>
    <AwardEffectiveDate>05/01/1999</AwardEffectiveDate>
    <AwardExpirationDate>10/31/2003</AwardExpirationDate>
    <AwardAmount>315281</AwardAmount>
    <AwardInstrument>
      <Value>Standard Grant</Value>
    </AwardInstrument>
    <Organization>
      <Code>07030000</Code>
      <Directorate>
        <LongName>Directorate For Engineering</LongName>
      </Directorate>
      <Division>
        <LongName>Div Of Civil, Mechanical, &amp; Manufact Inn</LongName>
      </Division>
    </Organization>
    <ProgramOfficer>
      <SignBlockName>George A. Hazelrigg</SignBlockName>
    </ProgramOfficer>
    <AbstractNarration>This project will investigate the set of problems which must be solved to produce a new class of precision motion machines capable of rapidly moving over a planar surface and subsequently positioning to sub-micrometer precision without the need to provide air, power, and signals over a tether as is the case with today's technology. Planar linear motors currently used in industry operate with a tether in an open-loop stepping manner. This mode of operation makes them restricted in range of motion, susceptible to loss of steps, unable to reject external disturbances (such as tugs on the tether), unable to provide controlled forces, and unable to provide high stiffness. A previous NSF-funded project produced technology advances allowing integrated robust position sensing and control for this class of motors, providing improved motion characteristics including better disturbance rejection, better resolution, and reduced energy consumption. Building on these results, the present project will explore optimal energy utilization, innovative frictionless bearing design, and innovative integrated computing and communications technology to eliminate the need for a tether.&lt;br/&gt; Elimination of the tether will allow machines based on planar motors to be completely free-roaming over their corresponding stator surfaces. This will enable significant improvement in the operation of a wide range of systems, including manufacturing systems, that are based on these motors.</AbstractNarration>
    <MinAmdLetterDate>04/15/1999</MinAmdLetterDate>
    <MaxAmdLetterDate>03/20/2003</MaxAmdLetterDate>
    <ARRAAmount/>
    <AwardID>9900165</AwardID>
    <Investigator>
      <FirstName>Ralph</FirstName>
      <LastName>Hollis</LastName>
      <EmailAddress>rhollis@cs.cmu.edu</EmailAddress>
      <StartDate>04/15/1999</StartDate>
      <EndDate/>
      <RoleCode>Principal Investigator</RoleCode>
    </Investigator>
    <Institution>
      <Name>Carnegie-Mellon University</Name>
      <CityName>PITTSBURGH</CityName>
      <ZipCode>152133815</ZipCode>
      <PhoneNumber>4122689527</PhoneNumber>
      <StreetAddress>5000 Forbes Avenue</StreetAddress>
      <CountryName>United States</CountryName>
      <StateName>Pennsylvania</StateName>
      <StateCode>PA</StateCode>
    </Institution>
    <FoaInformation>
      <Code>0308000</Code>
      <Name>Industrial Technology</Name>
    </FoaInformation>
    <ProgramElement>
      <Code>1385</Code>
      <Text>SPECIAL STUDIES AND ANALYSES</Text>
    </ProgramElement>
    <ProgramElement>
      <Code>1468</Code>
      <Text>Manufacturing Machines &amp; Equip</Text>
    </ProgramElement>
    <ProgramReference>
      <Code>1468</Code>
      <Text>MANUFACTURING &amp; CONST MACH EQP</Text>
    </ProgramReference>
    <ProgramReference>
      <Code>9146</Code>
      <Text>MANUFACTURING BASE RESEARCH</Text>
    </ProgramReference>
    <ProgramReference>
      <Code>9148</Code>
      <Text>TOOLS &amp; TECHNOL FOR MANUFACTURING DESIGN</Text>
    </ProgramReference>
    <ProgramReference>
      <Code>9178</Code>
      <Text>UNDERGRADUATE EDUCATION</Text>
    </ProgramReference>
    <ProgramReference>
      <Code>9251</Code>
      <Text>RES EXPER FOR UNDERGRAD-SUPPLT</Text>
    </ProgramReference>
    <ProgramReference>
      <Code>MANU</Code>
      <Text>MANUFACTURING</Text>
    </ProgramReference>
    <ProgramReference>
      <Code>1385</Code>
      <Text>SPECIAL STUDIES AND ANALYSES</Text>
    </ProgramReference>
  </Award>
</rootTag>
