<?xml version="1.0" encoding="UTF-8"?>

<rootTag>
  <Award>
    <AwardTitle>Achieving High Performance with Co-Designed Virtual Machines</AwardTitle>
    <AwardEffectiveDate>09/01/1999</AwardEffectiveDate>
    <AwardExpirationDate>08/31/2003</AwardExpirationDate>
    <AwardAmount>350000</AwardAmount>
    <AwardInstrument>
      <Value>Standard Grant</Value>
    </AwardInstrument>
    <Organization>
      <Code>05010300</Code>
      <Directorate>
        <LongName>Direct For Computer &amp; Info Scie &amp; Enginr</LongName>
      </Directorate>
      <Division>
        <LongName>Division of Computing and Communication Foundations</LongName>
      </Division>
    </Organization>
    <ProgramOfficer>
      <SignBlockName>Pratibha Varma-Nelson</SignBlockName>
    </ProgramOfficer>
    <AbstractNarration>A virtual machine (VM) is a level of abstraction that implements a virtual instruction set architecture on a hardware platform executing a native ISA. This research focuses on VMs implemented via the co-design of software and hardware using an implementation-dependent instruction set architecture. Because the hardware-supported architecture is implementation-dependent, performance optimizations can be more easily passed from software through to hardware, and performance feedback information can be more easily passed from hardware up to the software. Optimizations can be performed by software dynamically, as the program runs. A co-designed virtual machine will include adaptive hardware performance features, continuous hardware performance feedback, and on-the-fly optimizing re-compilation by the VM.&lt;br/&gt;&lt;br/&gt;Specific research topics include:&lt;br/&gt;&lt;br/&gt;1) The development of a VM co-design framework -- this framework is based on the widely used Simplescalar architecture toolset.&lt;br/&gt;&lt;br/&gt;2) Application of the VM framework to a number of currently important topics in high performance architecture -- these include (but are not limited to) advanced control flow prediction and speculation, hardware-assisted program specialization, and cache management techniques for object-oriented applications.&lt;br/&gt;&lt;br/&gt;3) The study of higher level issues related to VM co-design and dynamic optimization -- these include performance tradeoffs involving the division of work between hardware and software and the development of performance monitoring architecture as an integrated part of an overall architecture.</AbstractNarration>
    <MinAmdLetterDate>08/24/1999</MinAmdLetterDate>
    <MaxAmdLetterDate>08/24/1999</MaxAmdLetterDate>
    <ARRAAmount/>
    <AwardID>9900610</AwardID>
    <Investigator>
      <FirstName>James</FirstName>
      <LastName>Smith</LastName>
      <EmailAddress>jes@ece.wisc.edu</EmailAddress>
      <StartDate>08/24/1999</StartDate>
      <EndDate/>
      <RoleCode>Principal Investigator</RoleCode>
    </Investigator>
    <Institution>
      <Name>University of Wisconsin-Madison</Name>
      <CityName>MADISON</CityName>
      <ZipCode>537151218</ZipCode>
      <PhoneNumber>6082623822</PhoneNumber>
      <StreetAddress>21 North Park Street</StreetAddress>
      <CountryName>United States</CountryName>
      <StateName>Wisconsin</StateName>
      <StateCode>WI</StateCode>
    </Institution>
  </Award>
</rootTag>
