<?xml version="1.0" encoding="UTF-8"?>

<rootTag>
  <Award>
    <AwardTitle>Vibrational and Structural Dynamics in Complex Liquids</AwardTitle>
    <AwardEffectiveDate>12/15/1998</AwardEffectiveDate>
    <AwardExpirationDate>05/31/2000</AwardExpirationDate>
    <AwardAmount>40000</AwardAmount>
    <AwardInstrument>
      <Value>Standard Grant</Value>
    </AwardInstrument>
    <Organization>
      <Code>03090007</Code>
      <Directorate>
        <LongName>Direct For Mathematical &amp; Physical Scien</LongName>
      </Directorate>
      <Division>
        <LongName>Division Of Chemistry</LongName>
      </Division>
    </Organization>
    <ProgramOfficer>
      <SignBlockName>Joseph Bragin</SignBlockName>
    </ProgramOfficer>
    <AbstractNarration>This starter grant award of the Chemistry Division to the Massachusetts Institute of Technology supports the research of Professor Andrei Tokmakoff. The theme of the research is the investigation of the ultrafast dynamics of water and aqueous solutes using one- and two-dimensional vibrational spectroscopies. The collective dynamics of neat water and variable H2O/D2O mixtures will be probed using two-dimensional Raman experiments which are sensitive to heterogeneity and to the mechanism of coupling between vibrations. Polarization-selective one-dimensional Raman experiments on all elements of the tensorial response will be used to separate rotational, translational, and coupled intermolecular motions. Infrared pump-probe experiments on aqueous solutes will be used to probe solute-solvent interactions. Systematic experiments in water will be used to understand the mechanism of intermolecular relaxation and determine which motions of water preferentially couple to solute vibrations.&lt;br/&gt;&lt;br/&gt;Results from this project will help understand the details of interactions between and within molecules and will help explain how these interactions give rise to the properties and overall chemical reactivity displayed by materials in the bulk. Such an understanding can lead to the ability to predict the outcome of chemical reactions and physical processes in condensed phases of matter.</AbstractNarration>
    <MinAmdLetterDate>12/23/1998</MinAmdLetterDate>
    <MaxAmdLetterDate>04/25/2000</MaxAmdLetterDate>
    <ARRAAmount/>
    <AwardID>9900342</AwardID>
    <Investigator>
      <FirstName>Andrei</FirstName>
      <LastName>Tokmakoff</LastName>
      <EmailAddress>tokmakoff@uchicago.edu</EmailAddress>
      <StartDate>12/23/1998</StartDate>
      <EndDate/>
      <RoleCode>Principal Investigator</RoleCode>
    </Investigator>
    <Institution>
      <Name>Massachusetts Institute of Technology</Name>
      <CityName>Cambridge</CityName>
      <ZipCode>021394301</ZipCode>
      <PhoneNumber>6172531000</PhoneNumber>
      <StreetAddress>77 MASSACHUSETTS AVE</StreetAddress>
      <CountryName>United States</CountryName>
      <StateName>Massachusetts</StateName>
      <StateCode>MA</StateCode>
    </Institution>
    <FoaInformation>
      <Code>0000099</Code>
      <Name>Other Applications NEC</Name>
    </FoaInformation>
    <ProgramElement>
      <Code>1988</Code>
      <Text>CHEMISTRY FELLOWSHIPS</Text>
    </ProgramElement>
    <ProgramReference>
      <Code>9179</Code>
      <Text>GRADUATE INVOLVEMENT</Text>
    </ProgramReference>
    <ProgramReference>
      <Code>SMET</Code>
      <Text>SCIENCE, MATH, ENG &amp; TECH EDUCATION</Text>
    </ProgramReference>
  </Award>
</rootTag>
