<?xml version="1.0" encoding="UTF-8"?>

<rootTag>
  <Award>
    <AwardTitle>GOALI: Nanofibers in Coalescer Filter Media</AwardTitle>
    <AwardEffectiveDate>06/15/1999</AwardEffectiveDate>
    <AwardExpirationDate>05/31/2002</AwardExpirationDate>
    <AwardAmount>276000</AwardAmount>
    <AwardInstrument>
      <Value>Standard Grant</Value>
    </AwardInstrument>
    <Organization>
      <Code>07020000</Code>
      <Directorate>
        <LongName>Directorate For Engineering</LongName>
      </Directorate>
      <Division>
        <LongName>Div Of Chem, Bioeng, Env, &amp; Transp Sys</LongName>
      </Division>
    </Organization>
    <ProgramOfficer>
      <SignBlockName>Cyrus K. Aidun</SignBlockName>
    </ProgramOfficer>
    <AbstractNarration>CTS-9900949&lt;br/&gt;G. Chase, D.H. Reneker, and S. Linnersten, U. of Akron&lt;br/&gt;&lt;br/&gt;The objective is microscopic and macroscopic evaluation of the performance of filter media for sub-micron particles and droplets using nanofibers in addition to the regular fibers. Nanofibers will be generated by electrospinning. The pressure drop and particle capture efficiency will be compared for various filter configurations. The threshold between two flow patterns, droplet/particle flow and diffusion through porous medium, will be determined. The effect of fiber electrical properties and fiber charging, as well as the effect of acoustical fields on coalescence efficiency will be investigated. This is a GOALI (Grant Opportunities for Academic Liaison with Industry) collaborative project between the University of Akron and AirMaze Corporation and a group of other six companies which will provide both in kind and cash contributions to the project. &lt;br/&gt;&lt;br/&gt;The research has relevance for filtration technology, with applications from clean room technology to water purification membranes.</AbstractNarration>
    <MinAmdLetterDate>07/23/1999</MinAmdLetterDate>
    <MaxAmdLetterDate>04/30/2001</MaxAmdLetterDate>
    <ARRAAmount/>
    <AwardID>9900949</AwardID>
    <Investigator>
      <FirstName>Staffan</FirstName>
      <LastName>Linnersten</LastName>
      <EmailAddress>sblinne@aol.com</EmailAddress>
      <StartDate>07/23/1999</StartDate>
      <EndDate/>
      <RoleCode>Co-Principal Investigator</RoleCode>
    </Investigator>
    <Investigator>
      <FirstName>Darrell</FirstName>
      <LastName>Reneker</LastName>
      <EmailAddress>reneker@uakron.edu</EmailAddress>
      <StartDate>07/23/1999</StartDate>
      <EndDate/>
      <RoleCode>Co-Principal Investigator</RoleCode>
    </Investigator>
    <Investigator>
      <FirstName>George</FirstName>
      <LastName>Chase</LastName>
      <EmailAddress>gchase@uakron.edu</EmailAddress>
      <StartDate>07/23/1999</StartDate>
      <EndDate/>
      <RoleCode>Principal Investigator</RoleCode>
    </Investigator>
    <Institution>
      <Name>University of Akron</Name>
      <CityName>Akron</CityName>
      <ZipCode>443250001</ZipCode>
      <PhoneNumber>3309727666</PhoneNumber>
      <StreetAddress>302 Buchtel Common</StreetAddress>
      <CountryName>United States</CountryName>
      <StateName>Ohio</StateName>
      <StateCode>OH</StateCode>
    </Institution>
    <FoaInformation>
      <Code>0308000</Code>
      <Name>Industrial Technology</Name>
    </FoaInformation>
    <ProgramElement>
      <Code>1415</Code>
      <Text>PARTICULATE &amp;MULTIPHASE PROCES</Text>
    </ProgramElement>
    <ProgramElement>
      <Code>1504</Code>
      <Text>GRANT OPP FOR ACAD LIA W/INDUS</Text>
    </ProgramElement>
    <ProgramReference>
      <Code>0000</Code>
      <Text>UNASSIGNED</Text>
    </ProgramReference>
    <ProgramReference>
      <Code>9231</Code>
      <Text>SUPPL FOR UNDERGRAD RES ASSIST</Text>
    </ProgramReference>
    <ProgramReference>
      <Code>OTHR</Code>
      <Text>OTHER RESEARCH OR EDUCATION</Text>
    </ProgramReference>
    <ProgramReference>
      <Code>1504</Code>
      <Text>GRANT OPP FOR ACAD LIA W/INDUS</Text>
    </ProgramReference>
    <ProgramReference>
      <Code>9178</Code>
      <Text>UNDERGRADUATE EDUCATION</Text>
    </ProgramReference>
    <ProgramReference>
      <Code>SMET</Code>
      <Text>SCIENCE, MATH, ENG &amp; TECH EDUCATION</Text>
    </ProgramReference>
    <ProgramReference>
      <Code>9165</Code>
      <Text>MULTI DIVISION/UNIVERSITY-INDUSTRY</Text>
    </ProgramReference>
    <ProgramReference>
      <Code>AMPP</Code>
      <Text>ADVANCED MATERIALS &amp; PROCESSING PROGRAM</Text>
    </ProgramReference>
  </Award>
</rootTag>
