<?xml version="1.0" encoding="UTF-8"?>

<rootTag>
  <Award>
    <AwardTitle>Evolutionary Processes in Nearby Clusters of Galaxies</AwardTitle>
    <AwardEffectiveDate>08/01/1999</AwardEffectiveDate>
    <AwardExpirationDate>07/31/2004</AwardExpirationDate>
    <AwardAmount>191682</AwardAmount>
    <AwardInstrument>
      <Value>Continuing grant</Value>
    </AwardInstrument>
    <Organization>
      <Code>03020417</Code>
      <Directorate>
        <LongName>Direct For Mathematical &amp; Physical Scien</LongName>
      </Directorate>
      <Division>
        <LongName>Division Of Astronomical Sciences</LongName>
      </Division>
    </Organization>
    <ProgramOfficer>
      <SignBlockName>Nigel Sharp</SignBlockName>
    </ProgramOfficer>
    <AbstractNarration>Evolutionary processes in nearby clusters of galaxies&lt;br/&gt;&lt;br/&gt;James A Rose&lt;br/&gt;&lt;br/&gt;Dr. Rose is conducting an observational program using the Hubble Space Telescope (HST), Arecibo, and Chandra (to be launched) to study individual starburst and post starburst galaxies in nearby clusters of galaxies. The HST imaging and ground based spectroscopy with telescopes at Cerro Tololo and Kitt Peak is used for five nearby rich clusters, including the Coma cluster. Arecibo is used to study starburst galaxies in Pegasus I, Coma, and Virgo clusters. Data from Chandra will be used to study an interesting double cluster. By combining global survey work with detailed studies of individual galaxies, Dr. Rose is identifying the evolutionary processes at work in nearby clusters, and evaluating the connection between the processes operating in nearby clusters with those responsible for the Butcher-Oemler effect.</AbstractNarration>
    <MinAmdLetterDate>08/18/1999</MinAmdLetterDate>
    <MaxAmdLetterDate>05/16/2003</MaxAmdLetterDate>
    <ARRAAmount/>
    <AwardID>9900720</AwardID>
    <Investigator>
      <FirstName>James</FirstName>
      <LastName>Rose</LastName>
      <EmailAddress>jim@physics.unc.edu</EmailAddress>
      <StartDate>08/18/1999</StartDate>
      <EndDate/>
      <RoleCode>Principal Investigator</RoleCode>
    </Investigator>
    <Institution>
      <Name>University of North Carolina at Chapel Hill</Name>
      <CityName>CHAPEL HILL</CityName>
      <ZipCode>275991350</ZipCode>
      <PhoneNumber>9199663411</PhoneNumber>
      <StreetAddress>104 AIRPORT DR STE 2200</StreetAddress>
      <CountryName>United States</CountryName>
      <StateName>North Carolina</StateName>
      <StateCode>NC</StateCode>
    </Institution>
  </Award>
</rootTag>
