<?xml version="1.0" encoding="UTF-8"?>

<rootTag>
  <Award>
    <AwardTitle>Spectrally pure, 2-5 micron wavelength laser diodes based on III-V type II misaligned superlattices</AwardTitle>
    <AwardEffectiveDate>06/01/1999</AwardEffectiveDate>
    <AwardExpirationDate>05/31/2001</AwardExpirationDate>
    <AwardAmount>338059</AwardAmount>
    <AwardInstrument>
      <Value>Standard Grant</Value>
    </AwardInstrument>
    <Organization>
      <Code>07010000</Code>
      <Directorate>
        <LongName>Directorate For Engineering</LongName>
      </Directorate>
      <Division>
        <LongName>Div Of Electrical, Commun &amp; Cyber Sys</LongName>
      </Division>
    </Organization>
    <ProgramOfficer>
      <SignBlockName>Filbert J. Bartoli</SignBlockName>
    </ProgramOfficer>
    <AbstractNarration>The proposal is to investigate the next generation of interband mid-wave-infrared (MWIR) lasers. The specific goal of this research is the realization of high performance, spectrally pure, antimonide MWIR diode lasers that can be incorporated into spectroscopic instruments for remote sensing and medical diagnostics in the 2-5 micron wavelength region. The efforts will include (1) the engineering of superlattice and quantum well lasers and (2) the development of processes and techniques for fabricating single-mode antimonide lasers.</AbstractNarration>
    <MinAmdLetterDate>04/29/1999</MinAmdLetterDate>
    <MaxAmdLetterDate>04/29/1999</MaxAmdLetterDate>
    <ARRAAmount/>
    <AwardID>9900486</AwardID>
    <Investigator>
      <FirstName>Thomas</FirstName>
      <LastName>Boggess</LastName>
      <EmailAddress>thomas-boggess@uiowa.edu</EmailAddress>
      <StartDate>04/29/1999</StartDate>
      <EndDate/>
      <RoleCode>Co-Principal Investigator</RoleCode>
    </Investigator>
    <Investigator>
      <FirstName>Winston</FirstName>
      <LastName>Chan</LastName>
      <EmailAddress>winston-chan@uiowa.edu wkchan@icaen.uiowa.edu</EmailAddress>
      <StartDate>04/29/1999</StartDate>
      <EndDate/>
      <RoleCode>Co-Principal Investigator</RoleCode>
    </Investigator>
    <Investigator>
      <FirstName>Michael</FirstName>
      <LastName>Flatte</LastName>
      <EmailAddress>michael_flatte@mailaps.org</EmailAddress>
      <StartDate>04/29/1999</StartDate>
      <EndDate/>
      <RoleCode>Co-Principal Investigator</RoleCode>
    </Investigator>
    <Investigator>
      <FirstName>Thomas</FirstName>
      <LastName>Hasenberg</LastName>
      <EmailAddress>thomas-hasenberg@uiowa.edu</EmailAddress>
      <StartDate>04/29/1999</StartDate>
      <EndDate/>
      <RoleCode>Principal Investigator</RoleCode>
    </Investigator>
    <Institution>
      <Name>University of Iowa</Name>
      <CityName>IOWA CITY</CityName>
      <ZipCode>522421320</ZipCode>
      <PhoneNumber>3193352123</PhoneNumber>
      <StreetAddress>2 GILMORE HALL</StreetAddress>
      <CountryName>United States</CountryName>
      <StateName>Iowa</StateName>
      <StateCode>IA</StateCode>
    </Institution>
    <FoaInformation>
      <Code>0206000</Code>
      <Name>Telecommunications</Name>
    </FoaInformation>
  </Award>
</rootTag>
