<?xml version="1.0" encoding="UTF-8"?>

<rootTag>
  <Award>
    <AwardTitle>An Algorithmic Methodology for Validation of Mixed Hardware/Software Systems</AwardTitle>
    <AwardEffectiveDate>09/15/1999</AwardEffectiveDate>
    <AwardExpirationDate>08/31/2003</AwardExpirationDate>
    <AwardAmount>345000</AwardAmount>
    <AwardInstrument>
      <Value>Continuing grant</Value>
    </AwardInstrument>
    <Organization>
      <Code>05010600</Code>
      <Directorate>
        <LongName>Direct For Computer &amp; Info Scie &amp; Enginr</LongName>
      </Directorate>
      <Division>
        <LongName>Division of Computing and Communication Foundations</LongName>
      </Division>
    </Organization>
    <ProgramOfficer>
      <SignBlockName>Sankar Basu</SignBlockName>
    </ProgramOfficer>
    <AbstractNarration>Modern integrated systems are often a mixture of hardware and software&lt;br/&gt;components. Debugging and verifying these embedded computer systems&lt;br/&gt;requires the integration of hardware and software verification mechanisms.&lt;br/&gt;This research is investigating methods for checking correctness of an&lt;br/&gt;embedded system (hardware and software) design by verifying that a&lt;br/&gt;description of the design has the proper behavior as elicited by a series&lt;br/&gt;of input stimuli. The approach is called coverage directed validation, and&lt;br/&gt;coverage metrics are being devised. These measure the extent of design&lt;br/&gt;verification provided by a set of functional simulation vectors, which&lt;br/&gt;compute statement execution counts (controllability information), and check&lt;br/&gt;to see whether effects of possible errors activated by program stimuli can&lt;br/&gt;be observed at the circuit outputs (observability information). In particular, &lt;br/&gt;the project is exploring efficient methods to compute observability-based&lt;br/&gt;code coverage metrics that can be used for both embedded software and&lt;br/&gt;HDL coverage.</AbstractNarration>
    <MinAmdLetterDate>09/27/1999</MinAmdLetterDate>
    <MaxAmdLetterDate>01/08/2001</MaxAmdLetterDate>
    <ARRAAmount/>
    <AwardID>9900757</AwardID>
    <Investigator>
      <FirstName>Srini</FirstName>
      <LastName>Devadas</LastName>
      <EmailAddress>devadas@mit.edu</EmailAddress>
      <StartDate>09/27/1999</StartDate>
      <EndDate/>
      <RoleCode>Principal Investigator</RoleCode>
    </Investigator>
    <Institution>
      <Name>Massachusetts Institute of Technology</Name>
      <CityName>Cambridge</CityName>
      <ZipCode>021394301</ZipCode>
      <PhoneNumber>6172531000</PhoneNumber>
      <StreetAddress>77 MASSACHUSETTS AVE</StreetAddress>
      <CountryName>United States</CountryName>
      <StateName>Massachusetts</StateName>
      <StateCode>MA</StateCode>
    </Institution>
    <ProgramElement>
      <Code>4710</Code>
      <Text>DES AUTO FOR MICRO &amp; NANO SYS</Text>
    </ProgramElement>
    <ProgramReference>
      <Code>9215</Code>
      <Text>HIGH PERFORMANCE COMPUTING SYSTEMS</Text>
    </ProgramReference>
    <ProgramReference>
      <Code>HPCC</Code>
      <Text>HIGH PERFORMANCE COMPUTING &amp; COMM</Text>
    </ProgramReference>
  </Award>
</rootTag>
