<?xml version="1.0" encoding="UTF-8"?>

<rootTag>
  <Award>
    <AwardTitle>Vapor Phase Lubrication of Magnetic Data Storage Media</AwardTitle>
    <AwardEffectiveDate>10/01/1999</AwardEffectiveDate>
    <AwardExpirationDate>09/30/2002</AwardExpirationDate>
    <AwardAmount>280496</AwardAmount>
    <AwardInstrument>
      <Value>Continuing grant</Value>
    </AwardInstrument>
    <Organization>
      <Code>07030000</Code>
      <Directorate>
        <LongName>Directorate For Engineering</LongName>
      </Directorate>
      <Division>
        <LongName>Div Of Civil, Mechanical, &amp; Manufact Inn</LongName>
      </Division>
    </Organization>
    <ProgramOfficer>
      <SignBlockName>Jorn Larsen-Basse</SignBlockName>
    </ProgramOfficer>
    <AbstractNarration>9900647&lt;br/&gt;Gellman&lt;br/&gt;This project will explore some of the fundamental scientific issues associated with a new method for lubrication of magnetic data storage media. Currently hard disk media are lubricated with ultra-thin films of perfluoropolyalkylethers (PFPEs) which are applied to the surface by dipping the disk into a solution of the PFPE. As high areal data storage densities are required there is an increasing need for improved and more highly controlled methods of disk surface lubrication. Vapor phase lubrication will apply the lubricant under vacuum in the same environment that is used to deposit the thin film coating used on the disk surface. This represents a clear improvement over current technology but opens up a host of new problems and issues.&lt;br/&gt;&lt;br/&gt;The surface chemistry of fluoroethers, fluorinated alcohols, and PFPEs will be studied on the surfaces of freshly sputtered, amorphous hydrogenated carbon films (a-CHx) that have never been exposed to air. This emulates the conditions being used in a process being developed at Intevac, Inc., which is collaborating on the project under the GOALI program. The work will determine the nature of bonding of the functional units of PFPEs (ether linkages and hydroxyl endgroups) on fresh a-CHx films. In addition methods will be used to deposit high molecular weight PFPEs under vacuum conditions. The surface chemistry, desorption rates, and decomposition mechanisms of these PFPEs will be compared to those of PFPE films deposited onto partially oxidized a-CHx films such as those currently used to protect hard disk surfaces.&lt;br/&gt;***</AbstractNarration>
    <MinAmdLetterDate>09/30/1999</MinAmdLetterDate>
    <MaxAmdLetterDate>06/21/2001</MaxAmdLetterDate>
    <ARRAAmount/>
    <AwardID>9900647</AwardID>
    <Investigator>
      <FirstName>Benjamin</FirstName>
      <LastName>DeKoven</LastName>
      <EmailAddress>bdekoven@intevac.com</EmailAddress>
      <StartDate>09/30/1999</StartDate>
      <EndDate/>
      <RoleCode>Co-Principal Investigator</RoleCode>
    </Investigator>
    <Investigator>
      <FirstName>Andrew</FirstName>
      <LastName>Gellman</LastName>
      <EmailAddress>ag4b@andrew.cmu.edu</EmailAddress>
      <StartDate>09/30/1999</StartDate>
      <EndDate/>
      <RoleCode>Principal Investigator</RoleCode>
    </Investigator>
    <Institution>
      <Name>Carnegie-Mellon University</Name>
      <CityName>PITTSBURGH</CityName>
      <ZipCode>152133815</ZipCode>
      <PhoneNumber>4122689527</PhoneNumber>
      <StreetAddress>5000 Forbes Avenue</StreetAddress>
      <CountryName>United States</CountryName>
      <StateName>Pennsylvania</StateName>
      <StateCode>PA</StateCode>
    </Institution>
    <FoaInformation>
      <Code>0308000</Code>
      <Name>Industrial Technology</Name>
    </FoaInformation>
    <ProgramElement>
      <Code>1444</Code>
      <Text>SURFACE ENGINEERING</Text>
    </ProgramElement>
    <ProgramElement>
      <Code>1504</Code>
      <Text>GRANT OPP FOR ACAD LIA W/INDUS</Text>
    </ProgramElement>
    <ProgramElement>
      <Code>1633</Code>
      <Text>MATERIALS AND SURFACE ENG</Text>
    </ProgramElement>
    <ProgramReference>
      <Code>1504</Code>
      <Text>GRANT OPP FOR ACAD LIA W/INDUS</Text>
    </ProgramReference>
    <ProgramReference>
      <Code>9161</Code>
      <Text>SINGLE DIVISION/UNIVERSITY</Text>
    </ProgramReference>
    <ProgramReference>
      <Code>AMPP</Code>
      <Text>ADVANCED MATERIALS &amp; PROCESSING PROGRAM</Text>
    </ProgramReference>
    <ProgramReference>
      <Code>9146</Code>
      <Text>MANUFACTURING BASE RESEARCH</Text>
    </ProgramReference>
    <ProgramReference>
      <Code>MANU</Code>
      <Text>MANUFACTURING</Text>
    </ProgramReference>
  </Award>
</rootTag>
