<?xml version="1.0" encoding="UTF-8"?>

<rootTag>
  <Award>
    <AwardTitle>U.S.-France (INRIA) Cooperative Research: Impact of Parallelism on the Solution of the Quadratic Assignment Problem</AwardTitle>
    <AwardEffectiveDate>08/01/1999</AwardEffectiveDate>
    <AwardExpirationDate>07/31/2005</AwardExpirationDate>
    <AwardAmount>21000</AwardAmount>
    <AwardInstrument>
      <Value>Standard Grant</Value>
    </AwardInstrument>
    <Organization>
      <Code>01090000</Code>
      <Directorate>
        <LongName>Office Of The Director</LongName>
      </Directorate>
      <Division>
        <LongName>Office Of Internatl Science &amp;Engineering</LongName>
      </Division>
    </Organization>
    <ProgramOfficer>
      <SignBlockName>Rose Gombay</SignBlockName>
    </ProgramOfficer>
    <AbstractNarration>9900376&lt;br/&gt;Guignard-Spielberg&lt;br/&gt;&lt;br/&gt;This three-year US-France cooperative research award in operations research and production systems involves Monique Guignard-Spielberg and Peter Hahn of the University of Pennsylvania and Catherine Roucairol of the French National Institute for Research in Computer Science and Applied Mathematics (INRIA) at Rocquencourt and the University of Versailles. The researchers propose to study the impact of parallel processing on the quadratic assignment problem. This, the most difficult combinatorial optimization problem, involves more than 625 variables. Its study is important for improving computational techniques used in modeling, design and optimization of man-made systems.&lt;br/&gt;&lt;br/&gt;The US investigators bring to this collaboration expertise in quadratic assignment problems. This is complemented by the French group's expertise in parallelization of branch and bound algorithms. The research will contribute to understanding of the inherent difficulties in quadratic assignment problems, their solutions, as well as parallel solutions of difficult combinatorial optimization problems.</AbstractNarration>
    <MinAmdLetterDate>07/13/1999</MinAmdLetterDate>
    <MaxAmdLetterDate>08/09/2004</MaxAmdLetterDate>
    <ARRAAmount/>
    <AwardID>9900376</AwardID>
    <Investigator>
      <FirstName>Monique</FirstName>
      <LastName>Guignard-Spielberg</LastName>
      <EmailAddress>guignard@wharton.upenn.edu</EmailAddress>
      <StartDate>07/13/1999</StartDate>
      <EndDate/>
      <RoleCode>Principal Investigator</RoleCode>
    </Investigator>
    <Investigator>
      <FirstName>Peter</FirstName>
      <LastName>Hahn</LastName>
      <EmailAddress>hahn@seas.upenn.edu</EmailAddress>
      <StartDate>07/13/1999</StartDate>
      <EndDate/>
      <RoleCode>Co-Principal Investigator</RoleCode>
    </Investigator>
    <Institution>
      <Name>University of Pennsylvania</Name>
      <CityName>Philadelphia</CityName>
      <ZipCode>191046205</ZipCode>
      <PhoneNumber>2158987293</PhoneNumber>
      <StreetAddress>Research Services</StreetAddress>
      <CountryName>United States</CountryName>
      <StateName>Pennsylvania</StateName>
      <StateCode>PA</StateCode>
    </Institution>
    <FoaInformation>
      <Code>0308000</Code>
      <Name>Industrial Technology</Name>
    </FoaInformation>
  </Award>
</rootTag>
