<?xml version="1.0" encoding="UTF-8"?>

<rootTag>
  <Award>
    <AwardTitle>Femtosecond Second Harmonic Generation in Thick Nonlinear Crystals</AwardTitle>
    <AwardEffectiveDate>05/01/1999</AwardEffectiveDate>
    <AwardExpirationDate>04/30/2002</AwardExpirationDate>
    <AwardAmount>249992</AwardAmount>
    <AwardInstrument>
      <Value>Continuing grant</Value>
    </AwardInstrument>
    <Organization>
      <Code>07010000</Code>
      <Directorate>
        <LongName>Directorate For Engineering</LongName>
      </Directorate>
      <Division>
        <LongName>Div Of Electrical, Commun &amp; Cyber Sys</LongName>
      </Division>
    </Organization>
    <ProgramOfficer>
      <SignBlockName>Filbert J. Bartoli</SignBlockName>
    </ProgramOfficer>
    <AbstractNarration>The proposed research is to explore efficient second harmonic generation under the conditions where the generated second harmonic pulses walk off in time from the input short pulse due to the difference in the group velocities of these pulses. Attention will be focused on the large walkoff regime. Effects of focusing and pump depletion will be investigated to optimize the nonlinear conversion efficiency. The proposed research will elucidate the novel phenomenology associated with this relatively unexplored large temporal walkoff regime and expand the fundamental knowledge about second harmonic generation and its applications for portable and efficient blue and ultraviolet sources.</AbstractNarration>
    <MinAmdLetterDate>04/13/1999</MinAmdLetterDate>
    <MaxAmdLetterDate>02/20/2001</MaxAmdLetterDate>
    <ARRAAmount/>
    <AwardID>9900369</AwardID>
    <Investigator>
      <FirstName>Andrew</FirstName>
      <LastName>Weiner</LastName>
      <EmailAddress>amw@ecn.purdue.edu</EmailAddress>
      <StartDate>04/13/1999</StartDate>
      <EndDate/>
      <RoleCode>Principal Investigator</RoleCode>
    </Investigator>
    <Institution>
      <Name>Purdue Research Foundation</Name>
      <CityName>West Lafayette</CityName>
      <ZipCode>47907</ZipCode>
      <PhoneNumber>3174946200</PhoneNumber>
      <StreetAddress/>
      <CountryName>United States</CountryName>
      <StateName>Indiana</StateName>
      <StateCode>IN</StateCode>
    </Institution>
    <FoaInformation>
      <Code>0206000</Code>
      <Name>Telecommunications</Name>
    </FoaInformation>
  </Award>
</rootTag>
