<?xml version="1.0" encoding="UTF-8"?>

<rootTag>
  <Award>
    <AwardTitle>Advanced Measurement of Large-Scale Structure: The Las Campanas Redshift Survey and Beyond</AwardTitle>
    <AwardEffectiveDate>07/15/1999</AwardEffectiveDate>
    <AwardExpirationDate>06/30/2002</AwardExpirationDate>
    <AwardAmount>143256</AwardAmount>
    <AwardInstrument>
      <Value>Continuing grant</Value>
    </AwardInstrument>
    <Organization>
      <Code>03020417</Code>
      <Directorate>
        <LongName>Direct For Mathematical &amp; Physical Scien</LongName>
      </Directorate>
      <Division>
        <LongName>Division Of Astronomical Sciences</LongName>
      </Division>
    </Organization>
    <ProgramOfficer>
      <SignBlockName>Vernon Pankonin</SignBlockName>
    </ProgramOfficer>
    <AbstractNarration>Advanced measurement of large scale structure: The Las Campanas redshift survey and beyond.&lt;br/&gt;&lt;br/&gt;Stephen D. Landy&lt;br/&gt;&lt;br/&gt;Dr. Landy is developing new analytical and statistical tools that extract information from the Las Campanas Redshift Survey. In particular, Dr. Landy is investigating large scale structure above 50 mega parsecs in size. The Las Campanas survey contains redshifts to more than 26,000 galaxies over 700 square degrees on the sky. The main focus of the work is to adapt and apply the Karhumen-Loeve (K-L) transform analysis technique to these data. The K-L transform method derives optimal weight for the varied data in a large survey.</AbstractNarration>
    <MinAmdLetterDate>07/19/1999</MinAmdLetterDate>
    <MaxAmdLetterDate>09/21/2001</MaxAmdLetterDate>
    <ARRAAmount/>
    <AwardID>9900835</AwardID>
    <Investigator>
      <FirstName>Stephen</FirstName>
      <LastName>Landy</LastName>
      <EmailAddress>sdlandy@hesperus.us</EmailAddress>
      <StartDate>07/19/1999</StartDate>
      <EndDate/>
      <RoleCode>Principal Investigator</RoleCode>
    </Investigator>
    <Institution>
      <Name>College of William and Mary</Name>
      <CityName>Williamsburg</CityName>
      <ZipCode>231878795</ZipCode>
      <PhoneNumber>7572213966</PhoneNumber>
      <StreetAddress>Office of Sponsored Programs</StreetAddress>
      <CountryName>United States</CountryName>
      <StateName>Virginia</StateName>
      <StateCode>VA</StateCode>
    </Institution>
  </Award>
</rootTag>
