<?xml version="1.0" encoding="UTF-8"?>

<rootTag>
  <Award>
    <AwardTitle>Maintained Systems Operating in a Random Environment</AwardTitle>
    <AwardEffectiveDate>06/01/1999</AwardEffectiveDate>
    <AwardExpirationDate>05/31/2004</AwardExpirationDate>
    <AwardAmount>294326</AwardAmount>
    <AwardInstrument>
      <Value>Standard Grant</Value>
    </AwardInstrument>
    <Organization>
      <Code>07030000</Code>
      <Directorate>
        <LongName>Directorate For Engineering</LongName>
      </Directorate>
      <Division>
        <LongName>Div Of Civil, Mechanical, &amp; Manufact Inn</LongName>
      </Division>
    </Organization>
    <ProgramOfficer>
      <SignBlockName>Suvrajeet Sen</SignBlockName>
    </ProgramOfficer>
    <AbstractNarration>This grant provides funding for research on maintenance strategies for engineered systems that explicitly consider the environmental conditions in which the systems operate. The current state of the art derives&lt;br/&gt;inspection/repair/replacement times from lifetime distributions based on laboratory data. There are several limitations to the use of lifetime data in maintenance planning. For highly reliable devices, expensive devices,&lt;br/&gt;and devices where accelerated testing is not feasible, lifetime data can be sparse. More importantly, operating conditions are often quite different from strictly controlled laboratory conditions. In the field, devices degrade in response to uncontrolled (random) phenomena, such as electrical transients, heat and cold cycles, vibrations, and collisions. Consequently, lifetime estimates derived from laboratory data may have little value in establishing effective maintenance practices. This work will develop and analyze theoretical and empirical models for system degradation driven by exogeneous random phenomena. The following activities will be performed as part of this research: (1) computable expressions will be developed to describe the performance of maintained systems in random environments; (2) improved maintenance strategies will be developed for these systems; (3) stochastic process models of equipment degradation due to random environments will be developed and analyzed; (4) methods to estimate nominal life from lifetime data and degradation models will be developed.&lt;br/&gt; The goal of this research is to improve maintenance practice. If successful, the results of this research will lead to improvements in the operation of engineered systems and reductions the life-cycle costs&lt;br/&gt;assignable to system failure and repair. The results of this effort will be useful to maintenance practitioners as well as to device and equipment manufacturers who must make reliability characterizations of their&lt;br/&gt;products. The research will also contribute to the available theoretical tools and methodologies for studying system deterioration as a result of random environmental effects.</AbstractNarration>
    <MinAmdLetterDate>05/26/1999</MinAmdLetterDate>
    <MaxAmdLetterDate>03/12/2003</MaxAmdLetterDate>
    <ARRAAmount/>
    <AwardID>9900368</AwardID>
    <Investigator>
      <FirstName>Georgia-Ann</FirstName>
      <LastName>Klutke</LastName>
      <EmailAddress>klutke@tamu.edu</EmailAddress>
      <StartDate>05/26/1999</StartDate>
      <EndDate/>
      <RoleCode>Principal Investigator</RoleCode>
    </Investigator>
    <Institution>
      <Name>Texas A&amp;M Engineering Experiment Station</Name>
      <CityName>College Station</CityName>
      <ZipCode>778454645</ZipCode>
      <PhoneNumber>9798477635</PhoneNumber>
      <StreetAddress>TEES State Headquarters Bldg.</StreetAddress>
      <CountryName>United States</CountryName>
      <StateName>Texas</StateName>
      <StateCode>TX</StateCode>
    </Institution>
    <FoaInformation>
      <Code>0107000</Code>
      <Name>Operations Research</Name>
    </FoaInformation>
    <ProgramElement>
      <Code>5514</Code>
      <Text>OPERATIONS RESEARCH</Text>
    </ProgramElement>
    <ProgramReference>
      <Code>9102</Code>
      <Text>WOMEN, MINORITY, DISABLED, NEC</Text>
    </ProgramReference>
    <ProgramReference>
      <Code>9147</Code>
      <Text>GENERIC TECHNOL FOR MANUFACTURING CELLS</Text>
    </ProgramReference>
    <ProgramReference>
      <Code>MANU</Code>
      <Text>MANUFACTURING</Text>
    </ProgramReference>
  </Award>
</rootTag>
