<?xml version="1.0" encoding="UTF-8"?>

<rootTag>
  <Award>
    <AwardTitle>Novel Synthesis and Fabrication of Hybrid Coatings for Manufacturing Applications</AwardTitle>
    <AwardEffectiveDate>06/01/1999</AwardEffectiveDate>
    <AwardExpirationDate>07/31/2000</AwardExpirationDate>
    <AwardAmount>70215</AwardAmount>
    <AwardInstrument>
      <Value>Continuing grant</Value>
    </AwardInstrument>
    <Organization>
      <Code>07030000</Code>
      <Directorate>
        <LongName>Directorate For Engineering</LongName>
      </Directorate>
      <Division>
        <LongName>Div Of Civil, Mechanical, &amp; Manufact Inn</LongName>
      </Division>
    </Organization>
    <ProgramOfficer>
      <SignBlockName>Delcie R. Durham</SignBlockName>
    </ProgramOfficer>
    <AbstractNarration>Hard and wear-resistant coatings are an important segment in the US and world economy; for instance, machine tools are a $15 billion per year industry worldwide. The focus of this research program is to fabricate ultrahard coatings based on mixed amorphous/nanocrystalline (e.g., Si3N4/TiN composite coatings) phased by ion assisted pulsed laser deposition method for manufacturing applications. A lubricant will be added to reduce the friction coefficient. The research aims to elucidate the understanding of the mechanisms controlling processing structural and micro-mechanical relationships in nanostructured coatings and thereby demonstrate routes for improved mechanical properties with engineered interface and surface modification. The state-of-the-art analytical techniques will be used to evaluate the structural and mechanical properties. &lt;br/&gt; The above results will be related to the mechanical and tribological properties of the coated surface, such as: critical load, elastic modulus, and friction and wear behavior against a variety of counterfaces in dry and lubricated atmospheres. The principal investigator will also involve a local high school teacher and student into the experimental works related to the research. Through this outreach activities, both the teacher and student will learn the fundamentals of the scientific principles involved as well as learning the different experimental tools related to thin film processing of materials. The efforts will be made to work with industry to achieve the objectives of the research. Results of the project will be disseminated by presentations in regional and national conferences, and published in journals.</AbstractNarration>
    <MinAmdLetterDate>04/29/1999</MinAmdLetterDate>
    <MaxAmdLetterDate>04/29/1999</MaxAmdLetterDate>
    <ARRAAmount/>
    <AwardID>9900459</AwardID>
    <Investigator>
      <FirstName>Ashok</FirstName>
      <LastName>Kumar</LastName>
      <EmailAddress>kumar@usf.edu</EmailAddress>
      <StartDate>04/29/1999</StartDate>
      <EndDate/>
      <RoleCode>Principal Investigator</RoleCode>
    </Investigator>
    <Institution>
      <Name>University of South Alabama</Name>
      <CityName>Mobile</CityName>
      <ZipCode>366880002</ZipCode>
      <PhoneNumber>2514606333</PhoneNumber>
      <StreetAddress>307 University Boulevard</StreetAddress>
      <CountryName>United States</CountryName>
      <StateName>Alabama</StateName>
      <StateCode>AL</StateCode>
    </Institution>
    <FoaInformation>
      <Code>0308000</Code>
      <Name>Industrial Technology</Name>
    </FoaInformation>
    <ProgramElement>
      <Code>1467</Code>
      <Text>MATERIALS PROCESSING AND MANFG</Text>
    </ProgramElement>
    <ProgramReference>
      <Code>9146</Code>
      <Text>MANUFACTURING BASE RESEARCH</Text>
    </ProgramReference>
    <ProgramReference>
      <Code>MANU</Code>
      <Text>MANUFACTURING</Text>
    </ProgramReference>
  </Award>
</rootTag>
