<?xml version="1.0" encoding="UTF-8"?>

<rootTag>
  <Award>
    <AwardTitle>Maser Emission from Accretion Disks and Dense Circumnuclear Gas in Active Galactic Nuclei</AwardTitle>
    <AwardEffectiveDate>07/15/1999</AwardEffectiveDate>
    <AwardExpirationDate>06/30/2003</AwardExpirationDate>
    <AwardAmount>286416</AwardAmount>
    <AwardInstrument>
      <Value>Continuing grant</Value>
    </AwardInstrument>
    <Organization>
      <Code>03020417</Code>
      <Directorate>
        <LongName>Direct For Mathematical &amp; Physical Scien</LongName>
      </Directorate>
      <Division>
        <LongName>Division Of Astronomical Sciences</LongName>
      </Division>
    </Organization>
    <ProgramOfficer>
      <SignBlockName>Nigel Sharp</SignBlockName>
    </ProgramOfficer>
    <AbstractNarration>Maser emission from accretion disks and dense circumnuclear gas in AGN&lt;br/&gt;&lt;br/&gt;Philip R. Maloney&lt;br/&gt;&lt;br/&gt;Powerful extragalactic sources of water maser emission - the water megamasers - are exclusively associated with galaxies showing evidence for an active galactic nucleus. Recent work has shown that production of water maser emission via irradiation of dense circumnuclear gas by the x-rays from an active galactic nucleus can explain the observed water maser emission. Dr. Maloney is extending earlier work on the production of water maser emission from accretion disks. In addition, Dr. Maloney is constructing models that take into account the full vertical and radial structure of the disk, the influence of velocity gradients, dust absorption, free-free absorption on the observable maser emission, and the actual irradiation geometry of an obliquely illuminated disk.</AbstractNarration>
    <MinAmdLetterDate>07/19/1999</MinAmdLetterDate>
    <MaxAmdLetterDate>05/16/2001</MaxAmdLetterDate>
    <ARRAAmount/>
    <AwardID>9900871</AwardID>
    <Investigator>
      <FirstName>Philip</FirstName>
      <LastName>Maloney</LastName>
      <EmailAddress>philip.maloney@colorado.edu</EmailAddress>
      <StartDate>07/19/1999</StartDate>
      <EndDate/>
      <RoleCode>Principal Investigator</RoleCode>
    </Investigator>
    <Institution>
      <Name>University of Colorado at Boulder</Name>
      <CityName>Boulder</CityName>
      <ZipCode>803031058</ZipCode>
      <PhoneNumber>3034926221</PhoneNumber>
      <StreetAddress>3100 Marine Street, Room 481</StreetAddress>
      <CountryName>United States</CountryName>
      <StateName>Colorado</StateName>
      <StateCode>CO</StateCode>
    </Institution>
    <ProgramElement>
      <Code>1217</Code>
      <Text>EXTRAGALACTIC ASTRON &amp; COSMOLO</Text>
    </ProgramElement>
    <ProgramReference>
      <Code>0000</Code>
      <Text>UNASSIGNED</Text>
    </ProgramReference>
    <ProgramReference>
      <Code>1206</Code>
      <Text>THEORETICAL &amp; COMPUTATIONAL ASTROPHYSICS</Text>
    </ProgramReference>
    <ProgramReference>
      <Code>OTHR</Code>
      <Text>OTHER RESEARCH OR EDUCATION</Text>
    </ProgramReference>
  </Award>
</rootTag>
