<?xml version="1.0" encoding="UTF-8"?>

<rootTag>
  <Award>
    <AwardTitle>Data-Driven Control of Humanoid Robots</AwardTitle>
    <AwardEffectiveDate>08/15/1999</AwardEffectiveDate>
    <AwardExpirationDate>01/31/2001</AwardExpirationDate>
    <AwardAmount>85062</AwardAmount>
    <AwardInstrument>
      <Value>Continuing grant</Value>
    </AwardInstrument>
    <Organization>
      <Code>05020000</Code>
      <Directorate>
        <LongName>Direct For Computer &amp; Info Scie &amp; Enginr</LongName>
      </Directorate>
      <Division>
        <LongName>Div Of Information &amp; Intelligent Systems</LongName>
      </Division>
    </Organization>
    <ProgramOfficer>
      <SignBlockName>Jing Xiao</SignBlockName>
    </ProgramOfficer>
    <AbstractNarration>Abstract&lt;br/&gt;&lt;br/&gt;IIS-9900333&lt;br/&gt;Hodgins, Jessica&lt;br/&gt;Georgia Institute of Technology &lt;br/&gt;$85,061 - 12 mos.&lt;br/&gt;&lt;br/&gt;Data-driven Control of Humanoid Robots&lt;br/&gt;&lt;br/&gt;This is the first year funding of a three year continuing award. Robots and simulations with the complexity of a rigid body model of a human are difficult to control because of the need for coordinating many degrees of freedom. Some applications also require that the resulting motion be natural looking or appealing, further complicating control. We are exploring a data-driven approach to this problem. During the time frame of this proposal, we will collect significant quantities of data from human subjects using motion capture systems construct data-driven models of human movement for a variety of tasks,&lt;br/&gt;and use the models to demonstrate robust, appealing motion of simulated figures and a physical humanoid robot.</AbstractNarration>
    <MinAmdLetterDate>08/26/1999</MinAmdLetterDate>
    <MaxAmdLetterDate>08/26/1999</MaxAmdLetterDate>
    <ARRAAmount/>
    <AwardID>9900333</AwardID>
    <Investigator>
      <FirstName>Jessica</FirstName>
      <LastName>Hodgins</LastName>
      <EmailAddress>jkh@cs.cmu.edu</EmailAddress>
      <StartDate>08/26/1999</StartDate>
      <EndDate/>
      <RoleCode>Principal Investigator</RoleCode>
    </Investigator>
    <Institution>
      <Name>Georgia Tech Research Corporation</Name>
      <CityName>Atlanta</CityName>
      <ZipCode>303320420</ZipCode>
      <PhoneNumber>4048944819</PhoneNumber>
      <StreetAddress>Office of Sponsored Programs</StreetAddress>
      <CountryName>United States</CountryName>
      <StateName>Georgia</StateName>
      <StateCode>GA</StateCode>
    </Institution>
    <FoaInformation>
      <Code>0104000</Code>
      <Name>Information Systems</Name>
    </FoaInformation>
    <FoaInformation>
      <Code>0116000</Code>
      <Name>Human Subjects</Name>
    </FoaInformation>
    <ProgramElement>
      <Code>2865</Code>
      <Text>NUMERIC, SYMBOLIC &amp; GEO COMPUT</Text>
    </ProgramElement>
    <ProgramElement>
      <Code>6840</Code>
      <Text>ROBOTICS</Text>
    </ProgramElement>
    <ProgramReference>
      <Code>9139</Code>
      <Text>INFORMATION INFRASTRUCTURE &amp; TECH APPL</Text>
    </ProgramReference>
    <ProgramReference>
      <Code>HPCC</Code>
      <Text>HIGH PERFORMANCE COMPUTING &amp; COMM</Text>
    </ProgramReference>
  </Award>
</rootTag>
