<?xml version="1.0" encoding="UTF-8"?>

<rootTag>
  <Award>
    <AwardTitle>Theory of Loosely Bound Composite Systems: High Order Corrections to Lamb Shift and Hyperfine Splitting</AwardTitle>
    <AwardEffectiveDate>06/01/1999</AwardEffectiveDate>
    <AwardExpirationDate>10/31/2000</AwardExpirationDate>
    <AwardAmount>80000</AwardAmount>
    <AwardInstrument>
      <Value>Continuing grant</Value>
    </AwardInstrument>
    <Organization>
      <Code>03010500</Code>
      <Directorate>
        <LongName>Direct For Mathematical &amp; Physical Scien</LongName>
      </Directorate>
      <Division>
        <LongName>Division Of Physics</LongName>
      </Division>
    </Organization>
    <ProgramOfficer>
      <SignBlockName>Barry I. Schneider</SignBlockName>
    </ProgramOfficer>
    <AbstractNarration>Recent experimental progress in the measurement of the 1S-2S transition frequency of Hydrogen, the Lamb shift, the deuterium isotope shift and the muonium hyperfine splitting show that it is important to include higher order terms in the effective Hamiltonian to get agreement between quantum electrodynamical theory and experiment. The research will address these issues by performing state-of-the-art, QED calculations to the 10kHz in atomic Hydrogen.</AbstractNarration>
    <MinAmdLetterDate>05/24/1999</MinAmdLetterDate>
    <MaxAmdLetterDate>05/08/2000</MaxAmdLetterDate>
    <ARRAAmount/>
    <AwardID>9900771</AwardID>
    <Investigator>
      <FirstName>Michael</FirstName>
      <LastName>Eides</LastName>
      <EmailAddress>eides@pa.uky.edu</EmailAddress>
      <StartDate>05/24/1999</StartDate>
      <EndDate/>
      <RoleCode>Principal Investigator</RoleCode>
    </Investigator>
    <Institution>
      <Name>Pennsylvania State Univ University Park</Name>
      <CityName>UNIVERSITY PARK</CityName>
      <ZipCode>168027000</ZipCode>
      <PhoneNumber>8148651372</PhoneNumber>
      <StreetAddress>110 Technology Center Building</StreetAddress>
      <CountryName>United States</CountryName>
      <StateName>Pennsylvania</StateName>
      <StateCode>PA</StateCode>
    </Institution>
    <FoaInformation>
      <Code>0000099</Code>
      <Name>Other Applications NEC</Name>
    </FoaInformation>
    <ProgramElement>
      <Code>1284</Code>
      <Text>AMO Theory/Atomic, Molecular &amp;</Text>
    </ProgramElement>
    <ProgramReference>
      <Code>0000</Code>
      <Text>UNASSIGNED</Text>
    </ProgramReference>
    <ProgramReference>
      <Code>OTHR</Code>
      <Text>OTHER RESEARCH OR EDUCATION</Text>
    </ProgramReference>
  </Award>
</rootTag>
