<?xml version="1.0" encoding="UTF-8"?>

<rootTag>
  <Award>
    <AwardTitle>Interaction of Gamma-Ray Bursts with Their Surrounding Interstellar Medium</AwardTitle>
    <AwardEffectiveDate>07/15/1999</AwardEffectiveDate>
    <AwardExpirationDate>06/30/2002</AwardExpirationDate>
    <AwardAmount>103526</AwardAmount>
    <AwardInstrument>
      <Value>Continuing grant</Value>
    </AwardInstrument>
    <Organization>
      <Code>03020417</Code>
      <Directorate>
        <LongName>Direct For Mathematical &amp; Physical Scien</LongName>
      </Directorate>
      <Division>
        <LongName>Division Of Astronomical Sciences</LongName>
      </Division>
    </Organization>
    <ProgramOfficer>
      <SignBlockName>Vernon Pankonin</SignBlockName>
    </ProgramOfficer>
    <AbstractNarration>Interaction of gamma ray bursts with their surrounding interstellar medium&lt;br/&gt;&lt;br/&gt;Abraham Loeb&lt;br/&gt;&lt;br/&gt;The field of gamma ray burst research is highly active. The recent discoveries of optical and radio afterglows from gamma ray bursts has stimulated research efforts into the theory that might explain such afterglows. The gamma ray burst last a matter of a few seconds. The afterglows emit non-thermal continuum radiation from the radio to x-ray and fade away over timescales of months. &lt;br/&gt;&lt;br/&gt;Dr. Loeb is studying the ionization and hydrodynamic impact of gamma ray bursts on their surrounding interstellar medium. He is calculating the emission and absorption spectrum of gamma ray burst remnants as a function of their age up to about a million years after the explosion. He is developing both one and two dimensional hydrodynamic codes that will extend the current fireball model beyond its self similar spherically symmetric regime. He is also exploring the possibility that some of the gian HI supershells in nearby galaxies are gamma ray burst remnants. Also under investigation is the expected evolution of the afterglow luminosity function with redshift.</AbstractNarration>
    <MinAmdLetterDate>07/19/1999</MinAmdLetterDate>
    <MaxAmdLetterDate>06/15/2000</MaxAmdLetterDate>
    <ARRAAmount/>
    <AwardID>9900877</AwardID>
    <Investigator>
      <FirstName>Eli</FirstName>
      <LastName>Waxman</LastName>
      <EmailAddress>waxman@wicc.weizmann.ac.il</EmailAddress>
      <StartDate>07/19/1999</StartDate>
      <EndDate/>
      <RoleCode>Co-Principal Investigator</RoleCode>
    </Investigator>
    <Investigator>
      <FirstName>Abraham</FirstName>
      <LastName>Loeb</LastName>
      <EmailAddress>aloeb@cfa.harvard.edu</EmailAddress>
      <StartDate>07/19/1999</StartDate>
      <EndDate/>
      <RoleCode>Principal Investigator</RoleCode>
    </Investigator>
    <Institution>
      <Name>Harvard University</Name>
      <CityName>Cambridge</CityName>
      <ZipCode>021385366</ZipCode>
      <PhoneNumber>6174955501</PhoneNumber>
      <StreetAddress>1033 MASSACHUSETTS AVE</StreetAddress>
      <CountryName>United States</CountryName>
      <StateName>Massachusetts</StateName>
      <StateCode>MA</StateCode>
    </Institution>
  </Award>
</rootTag>
