<?xml version="1.0" encoding="UTF-8"?>

<rootTag>
  <Award>
    <AwardTitle>Large-Scale Hybird Semi-Active / Passive Base Isolation</AwardTitle>
    <AwardEffectiveDate>06/01/1999</AwardEffectiveDate>
    <AwardExpirationDate>05/31/2003</AwardExpirationDate>
    <AwardAmount>236188</AwardAmount>
    <AwardInstrument>
      <Value>Continuing grant</Value>
    </AwardInstrument>
    <Organization>
      <Code>07030000</Code>
      <Directorate>
        <LongName>Directorate For Engineering</LongName>
      </Directorate>
      <Division>
        <LongName>Div Of Civil, Mechanical, &amp; Manufact Inn</LongName>
      </Division>
    </Organization>
    <ProgramOfficer>
      <SignBlockName>Shih-Chi Liu</SignBlockName>
    </ProgramOfficer>
    <AbstractNarration>The objective of this research project is to provide experimental validation of a hybrid semi-active / passive base isolation system combining low-damping rubber isolators and semi-active control elements which exhibit variable stiffness and damping properties. This research involves control theory development, device development, small-scale verification tests, and large scale tests. The large-scale vibration control experiments will be carried out in collaboration with the Japanese National research Institute for Earth Science and Disaster Prevention (NIED). These experiments will be designed to validate the control system, which is simple to implement, robust to uncertainties in the structural model, requires very little external power, and has guaranteed closed loop stability.&lt;br/&gt;&lt;br/&gt;Members with adjustable stiffness and damping can be used to modify the dynamics of a base isolated structure. Optimal control methods, and control rules based on Lyapunov's direct method, will be investigated. The objective of the control will be to reduce deformation of the base isolation system without increasing absolute accelerations of the isolated mass. The results of this research will provide designers with the knowledge required to combine variable property materials (such as ER materials) with passive base isolation and simple feedback control to limit isolator deflections.&lt;br/&gt;&lt;br/&gt;This is a project under NSF 98-36, "US-Japan Cooperative Research in Urban Disaster Mitigation".</AbstractNarration>
    <MinAmdLetterDate>05/14/1999</MinAmdLetterDate>
    <MaxAmdLetterDate>09/06/2001</MaxAmdLetterDate>
    <ARRAAmount/>
    <AwardID>9900193</AwardID>
    <Investigator>
      <FirstName>Henri</FirstName>
      <LastName>Gavin</LastName>
      <EmailAddress>henri.gavin@duke.edu</EmailAddress>
      <StartDate>05/14/1999</StartDate>
      <EndDate/>
      <RoleCode>Principal Investigator</RoleCode>
    </Investigator>
    <Institution>
      <Name>Duke University</Name>
      <CityName>Durham</CityName>
      <ZipCode>277054010</ZipCode>
      <PhoneNumber>9196843030</PhoneNumber>
      <StreetAddress>2200 W. Main St, Suite 710</StreetAddress>
      <CountryName>United States</CountryName>
      <StateName>North Carolina</StateName>
      <StateCode>NC</StateCode>
    </Institution>
  </Award>
</rootTag>
