<?xml version="1.0" encoding="UTF-8"?>

<rootTag>
  <Award>
    <AwardTitle>Submicron Wave-Pipelined VLSI Architecture of a Reconfigurable Router</AwardTitle>
    <AwardEffectiveDate>07/01/1999</AwardEffectiveDate>
    <AwardExpirationDate>10/31/2000</AwardExpirationDate>
    <AwardAmount>130800</AwardAmount>
    <AwardInstrument>
      <Value>Standard Grant</Value>
    </AwardInstrument>
    <Organization>
      <Code>05010300</Code>
      <Directorate>
        <LongName>Direct For Computer &amp; Info Scie &amp; Enginr</LongName>
      </Directorate>
      <Division>
        <LongName>Division of Computing and Communication Foundations</LongName>
      </Division>
    </Organization>
    <ProgramOfficer>
      <SignBlockName/>
    </ProgramOfficer>
    <AbstractNarration>A critical component in the new class of computing and communication systems that facilitate smart interconnects and adaptability is the router which receives, forwards, and delivers messages. Given the reconfiguring requirements, many routing algorithms and network topologies need be supported. Thus, a flexible router is needed for these applications. A novel highly flexible router that uses a wave-pipelined architecture/organization in combination with submicron technologies is proposed. Wave-pipelining offers the potential of achieving an extremely high performance; it requires no latches between stages and its maximum clock frequencies are limited only by the path delay differences. This study is the first that involves the following three major technologies/techniques: wave-pipelining, submicron technology, and computer architecture. A comprehensive model for the architecture will be developed and verified. This model will incorporate an analysis of the system including: timing, logic signal propagation, wiring, and technology constraints. Timing constraints deal with the safe time to start computations and read results. Logic signal propagation and wiring delays are due to logic circuitry and paths between gates, respectively. Technology constraints come from the target technology. Also, a comprehensive study of the proposed router capabilities and comparison to other routers will be included in this research.</AbstractNarration>
    <MinAmdLetterDate>06/09/1999</MinAmdLetterDate>
    <MaxAmdLetterDate>06/09/1999</MaxAmdLetterDate>
    <ARRAAmount/>
    <AwardID>9900643</AwardID>
    <Investigator>
      <FirstName>Jose</FirstName>
      <LastName>Delgado-Frias</LastName>
      <EmailAddress>jdelgado@eecs.wsu.edu</EmailAddress>
      <StartDate>06/09/1999</StartDate>
      <EndDate/>
      <RoleCode>Principal Investigator</RoleCode>
    </Investigator>
    <Institution>
      <Name>SUNY at Binghamton</Name>
      <CityName>BINGHAMTON</CityName>
      <ZipCode>139026000</ZipCode>
      <PhoneNumber>6077776136</PhoneNumber>
      <StreetAddress>4400 VESTAL PKWY E</StreetAddress>
      <CountryName>United States</CountryName>
      <StateName>New York</StateName>
      <StateCode>NY</StateCode>
    </Institution>
    <ProgramElement>
      <Code>4715</Code>
      <Text>COMPUTER SYSTEMS ARCHITECTURE</Text>
    </ProgramElement>
    <ProgramReference>
      <Code>9215</Code>
      <Text>HIGH PERFORMANCE COMPUTING SYSTEMS</Text>
    </ProgramReference>
    <ProgramReference>
      <Code>HPCC</Code>
      <Text>HIGH PERFORMANCE COMPUTING &amp; COMM</Text>
    </ProgramReference>
  </Award>
</rootTag>
