<?xml version="1.0" encoding="UTF-8"?>

<rootTag>
  <Award>
    <AwardTitle>Supramolecular Assembly at Interfaces: Coordinate Covalent Networks and Polygons at the Air/Water Interface</AwardTitle>
    <AwardEffectiveDate>06/01/1999</AwardEffectiveDate>
    <AwardExpirationDate>12/31/2002</AwardExpirationDate>
    <AwardAmount>362582</AwardAmount>
    <AwardInstrument>
      <Value>Continuing grant</Value>
    </AwardInstrument>
    <Organization>
      <Code>03070007</Code>
      <Directorate>
        <LongName>Direct For Mathematical &amp; Physical Scien</LongName>
      </Directorate>
      <Division>
        <LongName>Division Of Materials Research</LongName>
      </Division>
    </Organization>
    <ProgramOfficer>
      <SignBlockName>David Nelson</SignBlockName>
    </ProgramOfficer>
    <AbstractNarration>9900855&lt;br/&gt;Talham&lt;br/&gt;This project involves a complete study of the supramolecular assembly of nanometer scale objects at the air/water interface of a Langmuir-Blodgett trough. It is organized into six tasks: (I) Two-dimensional networks and (2) Molecular squares will be prepared at the air/water interface; (3) Preparing and characterizing the precursor metal complexes and addressing factors such as complex stability to hydrolysis and the kinetics of the condensation reactions; (4) Utilizing variables such as temperature, acidity, and reactant concentration, and presence of co-surfactants to tune the interfacial condensation reactions; (5) Characterization of film formation at the air/water interface using techniques to include Fourier Transform Infrared Spectroscopy, X-ray Photoelectron Spectroscopy, and Atomic Force Microscopy; and (6) Addressing future directions such as films on solid supports, and tuning physical properties.&lt;br/&gt;%%%&lt;br/&gt;Many of the technological applications of nanometer scale objects, such as functional electronic nano-archetictures that include molecular-level probes, transducers, wires, contacts, insulators, and shielding, can be engineered using a "bottoms-up" approach involving chemical control of molecular assembly to achieve the synthesis of these functional nanostructures by chemical design. A deeper understanding of the fundamental science is needed to advance these capabiltites. Students trained in these areas will likely face an inviting job market due to emerging industrial priorities that are being driven by global competitiveness.</AbstractNarration>
    <MinAmdLetterDate>05/07/1999</MinAmdLetterDate>
    <MaxAmdLetterDate>06/25/2001</MaxAmdLetterDate>
    <ARRAAmount/>
    <AwardID>9900855</AwardID>
    <Investigator>
      <FirstName>Daniel</FirstName>
      <LastName>Talham</LastName>
      <EmailAddress>talham@chem.ufl.edu</EmailAddress>
      <StartDate>05/07/1999</StartDate>
      <EndDate/>
      <RoleCode>Principal Investigator</RoleCode>
    </Investigator>
    <Institution>
      <Name>University of Florida</Name>
      <CityName>GAINESVILLE</CityName>
      <ZipCode>326112002</ZipCode>
      <PhoneNumber>3523923516</PhoneNumber>
      <StreetAddress>1 UNIVERSITY OF FLORIDA</StreetAddress>
      <CountryName>United States</CountryName>
      <StateName>Florida</StateName>
      <StateCode>FL</StateCode>
    </Institution>
  </Award>
</rootTag>
