<?xml version="1.0" encoding="UTF-8"?>

<rootTag>
  <Award>
    <AwardTitle>Meshfree Integration of Geometric Design and Engineering Analysis</AwardTitle>
    <AwardEffectiveDate>09/15/1999</AwardEffectiveDate>
    <AwardExpirationDate>08/31/2003</AwardExpirationDate>
    <AwardAmount>350805</AwardAmount>
    <AwardInstrument>
      <Value>Continuing grant</Value>
    </AwardInstrument>
    <Organization>
      <Code>07030000</Code>
      <Directorate>
        <LongName>Directorate For Engineering</LongName>
      </Directorate>
      <Division>
        <LongName>Div Of Civil, Mechanical, &amp; Manufact Inn</LongName>
      </Division>
    </Organization>
    <ProgramOfficer>
      <SignBlockName>Delcie R. Durham</SignBlockName>
    </ProgramOfficer>
    <AbstractNarration>This grant provides funding for developing a new technology for seamless integration of geometric design and engineering analysis tools using a new hybrid computer representation. The new representation combines an implicit function representation of the geometric model with a piecewise continuous model of the analysis problem. Such representations can be constructed automatically and support meshfree analyses of spatially distributed problems, where the spatial discretization no longer needs to conform to the geometric domain or boundary conditions. Specific goals of this project include: (1) development of a modeling theory based on the new hybrid representation, with focus on computational and numerical properties; (2) design and implementation of a framework and software environment integrating geometric design and analysis, based on the new hybrid representation; (3) formulation, experimental studies, and comparison of computed meshfree solutions with other known solutions and/or experimental results; and (4) investigating application of the new technology to problems that are difficult to solve with traditional methods, in particular to shape optimization and simulation problems with time-varying geometries.&lt;br/&gt;&lt;br/&gt;If successful, this research has the potential to realize major gains in the product development cycle by integrating geometric design and analysis across models, disciplines, and levels of abstraction. Elimination of the difficult and time-consuming meshing procedures should allow major advances in automating solutions to the problems that today require lengthy manual constructions, tedious analysis, and special-purpose tools.</AbstractNarration>
    <MinAmdLetterDate>09/07/1999</MinAmdLetterDate>
    <MaxAmdLetterDate>03/20/2001</MaxAmdLetterDate>
    <ARRAAmount/>
    <AwardID>9900171</AwardID>
    <Investigator>
      <FirstName>Vadim</FirstName>
      <LastName>Shapiro</LastName>
      <EmailAddress>vshapiro@icsi.berkeley.edu</EmailAddress>
      <StartDate>09/07/1999</StartDate>
      <EndDate/>
      <RoleCode>Principal Investigator</RoleCode>
    </Investigator>
    <Institution>
      <Name>University of Wisconsin-Madison</Name>
      <CityName>MADISON</CityName>
      <ZipCode>537151218</ZipCode>
      <PhoneNumber>6082623822</PhoneNumber>
      <StreetAddress>21 North Park Street</StreetAddress>
      <CountryName>United States</CountryName>
      <StateName>Wisconsin</StateName>
      <StateCode>WI</StateCode>
    </Institution>
    <FoaInformation>
      <Code>0308000</Code>
      <Name>Industrial Technology</Name>
    </FoaInformation>
    <ProgramElement>
      <Code>5979</Code>
      <Text>CENTRAL &amp; EASTERN EUROPE PROGR</Text>
    </ProgramElement>
    <ProgramElement>
      <Code>1464</Code>
      <Text>ENGINEERING DESIGN AND INNOVAT</Text>
    </ProgramElement>
    <ProgramElement>
      <Code>5980</Code>
      <Text>WESTERN EUROPE PROGRAM</Text>
    </ProgramElement>
    <ProgramReference>
      <Code>1464</Code>
      <Text>ENGINEERING DESIGN AND INNOVAT</Text>
    </ProgramReference>
    <ProgramReference>
      <Code>5998</Code>
      <Text>UKRAINE</Text>
    </ProgramReference>
    <ProgramReference>
      <Code>9148</Code>
      <Text>TOOLS &amp; TECHNOL FOR MANUFACTURING DESIGN</Text>
    </ProgramReference>
    <ProgramReference>
      <Code>MANU</Code>
      <Text>MANUFACTURING</Text>
    </ProgramReference>
    <ProgramReference>
      <Code>5920</Code>
      <Text>ITALY</Text>
    </ProgramReference>
    <ProgramReference>
      <Code>5980</Code>
      <Text>WESTERN EUROPE PROGRAM</Text>
    </ProgramReference>
    <ProgramReference>
      <Code>5979</Code>
      <Text>Europe and Eurasia</Text>
    </ProgramReference>
  </Award>
</rootTag>
