<?xml version="1.0" encoding="UTF-8"?>

<rootTag>
  <Award>
    <AwardTitle>Galactic Disks and Bulges; Origins and Evolution</AwardTitle>
    <AwardEffectiveDate>08/01/1999</AwardEffectiveDate>
    <AwardExpirationDate>07/31/2003</AwardExpirationDate>
    <AwardAmount>170000</AwardAmount>
    <AwardInstrument>
      <Value>Continuing grant</Value>
    </AwardInstrument>
    <Organization>
      <Code>03020417</Code>
      <Directorate>
        <LongName>Direct For Mathematical &amp; Physical Scien</LongName>
      </Directorate>
      <Division>
        <LongName>Division Of Astronomical Sciences</LongName>
      </Division>
    </Organization>
    <ProgramOfficer>
      <SignBlockName>Nigel Sharp</SignBlockName>
    </ProgramOfficer>
    <AbstractNarration>Dalcanton, Julianne&lt;br/&gt;University of Washington&lt;br/&gt;AST-9900862&lt;br/&gt;&lt;br/&gt;&lt;br/&gt;&lt;br/&gt;Dr. Dalcanton will study the formation of spiral galaxies, through two distinct approaches. The first will concentrate on studying the formation and evolution of galaxy disks and the second the formation of galaxy bulges. The aim is to provide direct measurements of physical quantities which either control galaxy formation, such as mass or angular momentum, or describe galaxy evolution, such as timing and metallicity. A variety of observational data, including optical and near IR images, optical spectroscopy and HI maps, will be used to provide the basic data from which mass distributions, star formation histories and metallicities will be determined.</AbstractNarration>
    <MinAmdLetterDate>07/23/1999</MinAmdLetterDate>
    <MaxAmdLetterDate>09/24/2002</MaxAmdLetterDate>
    <ARRAAmount/>
    <AwardID>9900862</AwardID>
    <Investigator>
      <FirstName>Scott</FirstName>
      <LastName>Trager</LastName>
      <EmailAddress>sctrager@ociw.edu</EmailAddress>
      <StartDate>07/23/1999</StartDate>
      <EndDate/>
      <RoleCode>Co-Principal Investigator</RoleCode>
    </Investigator>
    <Investigator>
      <FirstName>Julianne</FirstName>
      <LastName>Dalcanton</LastName>
      <EmailAddress>jd@astro.washington.edu</EmailAddress>
      <StartDate>07/23/1999</StartDate>
      <EndDate/>
      <RoleCode>Principal Investigator</RoleCode>
    </Investigator>
    <Institution>
      <Name>University of Washington</Name>
      <CityName>Seattle</CityName>
      <ZipCode>981950001</ZipCode>
      <PhoneNumber>2065434043</PhoneNumber>
      <StreetAddress>4333 Brooklyn Ave NE</StreetAddress>
      <CountryName>United States</CountryName>
      <StateName>Washington</StateName>
      <StateCode>WA</StateCode>
    </Institution>
    <FoaInformation>
      <Code>0000099</Code>
      <Name>Other Applications NEC</Name>
    </FoaInformation>
    <ProgramElement>
      <Code>1217</Code>
      <Text>EXTRAGALACTIC ASTRON &amp; COSMOLO</Text>
    </ProgramElement>
    <ProgramReference>
      <Code>0000</Code>
      <Text>UNASSIGNED</Text>
    </ProgramReference>
    <ProgramReference>
      <Code>1207</Code>
      <Text>OBSERVATIONAL ASTRONOMY</Text>
    </ProgramReference>
    <ProgramReference>
      <Code>OTHR</Code>
      <Text>OTHER RESEARCH OR EDUCATION</Text>
    </ProgramReference>
  </Award>
</rootTag>
