<?xml version="1.0" encoding="UTF-8"?>

<rootTag>
  <Award>
    <AwardTitle>Doctoral Dissertation Research Improvement: Rethinking Thuggery: Landed Elites and Geographies of Agrarian Violence in Chiapas, Mexico</AwardTitle>
    <AwardEffectiveDate>07/01/1999</AwardEffectiveDate>
    <AwardExpirationDate>12/31/2000</AwardExpirationDate>
    <AwardAmount>10000</AwardAmount>
    <AwardInstrument>
      <Value>Standard Grant</Value>
    </AwardInstrument>
    <Organization>
      <Code>04040400</Code>
      <Directorate>
        <LongName>Direct For Social, Behav &amp; Economic Scie</LongName>
      </Directorate>
      <Division>
        <LongName>Division Of Behavioral and Cognitive Sci</LongName>
      </Division>
    </Organization>
    <ProgramOfficer>
      <SignBlockName>Ngoc Linh Lam</SignBlockName>
    </ProgramOfficer>
    <AbstractNarration>During previous times when small-scale producers attempted to seize control of land from large-scale landowners in developing nations, the landed elite generally responded by using violence to evict the "squatters" from the disputed parcels. In the Chiapas state of Mexico, for example, violent reactions characterized peasant insurgencies in the 1970s and 1980s. This history made it all the more surprising when, in the wake of peasant seizure control of about ten percent of the privately held agricultural land in the state during the 1994 Zapatista uprising, most affected landowners instead sold the disputed property to the state government, which in turn made it available to the peasants. This dramatic shift in the use of violence by landowners whose property rights are directly challenged provides a context for this doctoral dissertation research project. Through interviews with large landowners, an extensive survey of economic production, narrative analysis, and mapping of violent incidents, the doctoral student will examine the rise and fall of the landowners' economic power, changing political support for their use of violence against land invaders, and the landowners' complex understandings of violence. This project will contribute new understandings at a variety of scales. It will provide new insights into the dynamics of social change in contemporary Mexico, placing special emphasis on southern Mexican groups that previously have received little attention. It also will provide a new framework for conceptualizing long-standing debates regarding the connections between property relations, agrarian transitions, and violence. As a Doctoral Dissertation Research Improvement award, this award also will provide support to enable a promising student to establish a strong independent research career.</AbstractNarration>
    <MinAmdLetterDate>06/09/1999</MinAmdLetterDate>
    <MaxAmdLetterDate>06/09/1999</MaxAmdLetterDate>
    <ARRAAmount/>
    <AwardID>9900641</AwardID>
    <Investigator>
      <FirstName>Michael</FirstName>
      <LastName>Watts</LastName>
      <EmailAddress>mwatts@berkeley.edu</EmailAddress>
      <StartDate>06/09/1999</StartDate>
      <EndDate/>
      <RoleCode>Principal Investigator</RoleCode>
    </Investigator>
    <Institution>
      <Name>University of California-Berkeley</Name>
      <CityName>BERKELEY</CityName>
      <ZipCode>947045940</ZipCode>
      <PhoneNumber>5106428109</PhoneNumber>
      <StreetAddress>Sponsored Projects Office</StreetAddress>
      <CountryName>United States</CountryName>
      <StateName>California</StateName>
      <StateCode>CA</StateCode>
    </Institution>
    <FoaInformation>
      <Code>0116000</Code>
      <Name>Human Subjects</Name>
    </FoaInformation>
  </Award>
</rootTag>
