<?xml version="1.0" encoding="UTF-8"?>

<rootTag>
  <Award>
    <AwardTitle>1999 Gordon Research Conference on Atmospheric Chemistry; Newport, Rhode Island; June 13-17, 1999</AwardTitle>
    <AwardEffectiveDate>05/15/1999</AwardEffectiveDate>
    <AwardExpirationDate>04/30/2000</AwardExpirationDate>
    <AwardAmount>29945</AwardAmount>
    <AwardInstrument>
      <Value>Standard Grant</Value>
    </AwardInstrument>
    <Organization>
      <Code>06020104</Code>
      <Directorate>
        <LongName>Directorate For Geosciences</LongName>
      </Directorate>
      <Division>
        <LongName>Div Atmospheric &amp; Geospace Sciences</LongName>
      </Division>
    </Organization>
    <ProgramOfficer>
      <SignBlockName>Anne-Marie Schmoltner</SignBlockName>
    </ProgramOfficer>
    <AbstractNarration>The PI is organizing a Gordon Research Conference on Atmospheric Chemistry in Newport, RI on June 13-17, 1999. This Gordon Research Conference is one of the major meetings in this field. This year, the conference will cover a broad range of areas in atmospheric chemistry, including the evolution of the atmosphere, chemistry and climate, nucleation processes, chemistry and aerosol formation, heterogeneous chemistry, stratospheric chemistry and transport, the global atmosphere, regional air quality, and convection and global oxidation. The meeting will be attended by both established researchers and young scientists, among them the participants of the preceding Atmospheric Chemistry Colloquium for Emerging Senior Scientists (ACCESS).</AbstractNarration>
    <MinAmdLetterDate>05/07/1999</MinAmdLetterDate>
    <MaxAmdLetterDate>12/03/1999</MaxAmdLetterDate>
    <ARRAAmount/>
    <AwardID>9900216</AwardID>
    <Investigator>
      <FirstName>Carlyle</FirstName>
      <LastName>Storm</LastName>
      <EmailAddress>grc@grc.org</EmailAddress>
      <StartDate>05/07/1999</StartDate>
      <EndDate/>
      <RoleCode>Principal Investigator</RoleCode>
    </Investigator>
    <Institution>
      <Name>Gordon Research Conferences</Name>
      <CityName>West Kingston</CityName>
      <ZipCode>028921502</ZipCode>
      <PhoneNumber>4017834011</PhoneNumber>
      <StreetAddress>512 Liberty Lane</StreetAddress>
      <CountryName>United States</CountryName>
      <StateName>Rhode Island</StateName>
      <StateCode>RI</StateCode>
    </Institution>
    <FoaInformation>
      <Code>0000099</Code>
      <Name>Other Applications NEC</Name>
    </FoaInformation>
  </Award>
</rootTag>
