<?xml version="1.0" encoding="UTF-8"?>

<rootTag>
  <Award>
    <AwardTitle>Astrophysical Studies of Gravitational Lenses, Faint Galaxies, Quasars and Cosmical Magnetic Fields</AwardTitle>
    <AwardEffectiveDate>06/15/1999</AwardEffectiveDate>
    <AwardExpirationDate>12/31/2004</AwardExpirationDate>
    <AwardAmount>287598</AwardAmount>
    <AwardInstrument>
      <Value>Continuing grant</Value>
    </AwardInstrument>
    <Organization>
      <Code>03020417</Code>
      <Directorate>
        <LongName>Direct For Mathematical &amp; Physical Scien</LongName>
      </Directorate>
      <Division>
        <LongName>Division Of Astronomical Sciences</LongName>
      </Division>
    </Organization>
    <ProgramOfficer>
      <SignBlockName>Nigel Sharp</SignBlockName>
    </ProgramOfficer>
    <AbstractNarration>Astrophysical studies of gravitational lenses, faint galaxies, quasars and cosmical magnetic fields&lt;br/&gt;&lt;br/&gt;Roger Blandford&lt;br/&gt;&lt;br/&gt;Dr. Blandford is conducting four related projects: &lt;br/&gt;1. He is modeling individual cases of gravitational lenses. There are now over thirty examples of strong gravitational lenses in which multiple lenses of a background source are formed primarily by the lensing effect of an intervening galaxy. He is testing the hypothesis that the highest incidence of observed lensing arises when an elliptical galaxy resides in a small group.&lt;br/&gt;2. He is analyzing pencil beam surveys of high completeness to determine how the properties of observed galaxies are related to their environments. &lt;br/&gt;3. He is developing a new model for the interpretation of broad absorption line quasars that associates these objects and, by extension, a large fraction of normal, radio-quiet quasars with black holes that are being supplied with gas at a super-critical rate.&lt;br/&gt;4. He is examining the possibility that both the slow and the fast magnetohydrodynamic shock waves associated with reconnection sites have an important role in relativistic particle acceleration in environments as diverse as radio jets, the solar corona and accretion disks.</AbstractNarration>
    <MinAmdLetterDate>06/23/1999</MinAmdLetterDate>
    <MaxAmdLetterDate>06/25/2004</MaxAmdLetterDate>
    <ARRAAmount/>
    <AwardID>9900866</AwardID>
    <Investigator>
      <FirstName>Roger</FirstName>
      <LastName>Blandford</LastName>
      <EmailAddress>rdb3@stanford.edu</EmailAddress>
      <StartDate>06/23/1999</StartDate>
      <EndDate>06/25/2004</EndDate>
      <RoleCode>Former Principal Investigator</RoleCode>
    </Investigator>
    <Investigator>
      <FirstName>Kip</FirstName>
      <LastName>Thorne</LastName>
      <EmailAddress>kip@tapir.caltech.edu</EmailAddress>
      <StartDate>06/25/2004</StartDate>
      <EndDate/>
      <RoleCode>Principal Investigator</RoleCode>
    </Investigator>
    <Institution>
      <Name>California Institute of Technology</Name>
      <CityName>PASADENA</CityName>
      <ZipCode>911250600</ZipCode>
      <PhoneNumber>6263956219</PhoneNumber>
      <StreetAddress>1200 E California Blvd</StreetAddress>
      <CountryName>United States</CountryName>
      <StateName>California</StateName>
      <StateCode>CA</StateCode>
    </Institution>
  </Award>
</rootTag>
