<?xml version="1.0" encoding="UTF-8"?>

<rootTag>
  <Award>
    <AwardTitle>Doctoral Dissertation Research: Urban Commitments to Greenhouse Gas Emissions Reduction</AwardTitle>
    <AwardEffectiveDate>05/01/1999</AwardEffectiveDate>
    <AwardExpirationDate>10/31/2000</AwardExpirationDate>
    <AwardAmount>7312</AwardAmount>
    <AwardInstrument>
      <Value>Standard Grant</Value>
    </AwardInstrument>
    <Organization>
      <Code>04040400</Code>
      <Directorate>
        <LongName>Direct For Social, Behav &amp; Economic Scie</LongName>
      </Directorate>
      <Division>
        <LongName>Division Of Behavioral and Cognitive Sci</LongName>
      </Division>
    </Organization>
    <ProgramOfficer>
      <SignBlockName>Thomas J. Baerwald</SignBlockName>
    </ProgramOfficer>
    <AbstractNarration>For more than a decade, a popular slogan among environmentalists has been "Think Globally, Act Locally." The potential viability of this advice has been assessed in geographic research recently through economic and political analyses of the character and impact of local actions as they become manifest at a range of other geographic scales. This doctoral dissertation research project will assess local community efforts to reduce global environmental change through participation in the Climate Change Prevention campaign, an program through which local governments promote local initiative to reduce greenhouse-gas emissions. This project will consist of a set of parallel case studies in Seattle, Minneapolis, and Tucson. In addition to analyses of local political, economic, and environmental conditions within each community, in-depth interviews will be conducted with local environmental, commercial, and government leaders. The theoretical value of this project will be evident in its contributions toward a deeper understanding of how locally oriented, urban-based political movements can address global-scale problems. It also will explore whether commitments by cities to lower greenhouse-gas emissions represent a breakthrough in the political economy of emissions abatement through new coalitions of environmentalists, commercial interests, and city government officials that have formed to address the demands of economic development and environmental protection. As a Doctoral Dissertation Research Improvement award, this award also will provide support to enable a promising student to establish a strong independent research career.</AbstractNarration>
    <MinAmdLetterDate>04/30/1999</MinAmdLetterDate>
    <MaxAmdLetterDate>04/30/1999</MaxAmdLetterDate>
    <ARRAAmount/>
    <AwardID>9900876</AwardID>
    <Investigator>
      <FirstName>David</FirstName>
      <LastName>Angel</LastName>
      <EmailAddress>dangel@clarku.edu</EmailAddress>
      <StartDate>04/30/1999</StartDate>
      <EndDate/>
      <RoleCode>Principal Investigator</RoleCode>
    </Investigator>
    <Institution>
      <Name>Clark University</Name>
      <CityName>WORCESTER</CityName>
      <ZipCode>016101400</ZipCode>
      <PhoneNumber>5084213835</PhoneNumber>
      <StreetAddress>950 MAIN ST</StreetAddress>
      <CountryName>United States</CountryName>
      <StateName>Massachusetts</StateName>
      <StateCode>MA</StateCode>
    </Institution>
    <FoaInformation>
      <Code>0116000</Code>
      <Name>Human Subjects</Name>
    </FoaInformation>
    <FoaInformation>
      <Code>0313000</Code>
      <Name>Regional &amp; Environmental</Name>
    </FoaInformation>
    <ProgramElement>
      <Code>1352</Code>
      <Text>GEOGRAPHY AND SPATIAL SCIENCES</Text>
    </ProgramElement>
    <ProgramReference>
      <Code>9179</Code>
      <Text>GRADUATE INVOLVEMENT</Text>
    </ProgramReference>
    <ProgramReference>
      <Code>9278</Code>
      <Text>HUMAN DIMENSIONS OF GLOBAL CHANGE</Text>
    </ProgramReference>
    <ProgramReference>
      <Code>SMET</Code>
      <Text>SCIENCE, MATH, ENG &amp; TECH EDUCATION</Text>
    </ProgramReference>
  </Award>
</rootTag>
