<?xml version="1.0" encoding="UTF-8"?>

<rootTag>
  <Award>
    <AwardTitle>Digital Government: NSF-CNPq Collaborative Research - Issues in the Development of Spatial Spreadsheets and Browsers</AwardTitle>
    <AwardEffectiveDate>09/01/1999</AwardEffectiveDate>
    <AwardExpirationDate>12/31/2004</AwardExpirationDate>
    <AwardAmount>500000</AwardAmount>
    <AwardInstrument>
      <Value>Standard Grant</Value>
    </AwardInstrument>
    <Organization>
      <Code>05020000</Code>
      <Directorate>
        <LongName>Direct For Computer &amp; Info Scie &amp; Enginr</LongName>
      </Directorate>
      <Division>
        <LongName>Div Of Information &amp; Intelligent Systems</LongName>
      </Division>
    </Organization>
    <ProgramOfficer>
      <SignBlockName>Lawrence Brandt</SignBlockName>
    </ProgramOfficer>
    <AbstractNarration>EIA-9900268&lt;br/&gt;Samet, Hanan&lt;br/&gt;University of Maryland, College Park&lt;br/&gt;&lt;br/&gt;Digital Government: NSF-CNPq Collaborative Research - Issues in the Development of Spatial Spreadsheets and Browsers&lt;br/&gt;&lt;br/&gt;This proposal will develop algorithms and systems to support indexing, joining and querying of spatial data, with output as tabular data (spreadsheets) rather than rendered maps. Technologies to be explored include storage and retrieval of vector and raster data, presentation at multiple resolution layers, and querying optimization. Collaborators in Brazil for this project are Professors Jano Moreira de Souza and Claudio Esperanca.&lt;br/&gt;&lt;br/&gt;Federal partnership will be coordinated through the Federal Geographic Data Committee; the U.S. Geological Survey will be the focus agency.</AbstractNarration>
    <MinAmdLetterDate>08/02/1999</MinAmdLetterDate>
    <MaxAmdLetterDate>08/24/2003</MaxAmdLetterDate>
    <ARRAAmount/>
    <AwardID>9900268</AwardID>
    <Investigator>
      <FirstName>Hanan</FirstName>
      <LastName>Samet</LastName>
      <EmailAddress>hjs@umiacs.UMD.EDU</EmailAddress>
      <StartDate>08/02/1999</StartDate>
      <EndDate/>
      <RoleCode>Principal Investigator</RoleCode>
    </Investigator>
    <Institution>
      <Name>University of Maryland College Park</Name>
      <CityName>COLLEGE PARK</CityName>
      <ZipCode>207425141</ZipCode>
      <PhoneNumber>3014056269</PhoneNumber>
      <StreetAddress>3112 LEE BLDG 7809 Regents Drive</StreetAddress>
      <CountryName>United States</CountryName>
      <StateName>Maryland</StateName>
      <StateCode>MD</StateCode>
    </Institution>
    <FoaInformation>
      <Code>0000099</Code>
      <Name>Other Applications NEC</Name>
    </FoaInformation>
    <ProgramElement>
      <Code>2885</Code>
      <Text>CISE RESEARCH INFRASTRUCTURE</Text>
    </ProgramElement>
    <ProgramElement>
      <Code>5977</Code>
      <Text>AMERICAS PROGRAM</Text>
    </ProgramElement>
    <ProgramElement>
      <Code>6855</Code>
      <Text>INFORMATION &amp; KNOWLEDGE MANAGE</Text>
    </ProgramElement>
    <ProgramReference>
      <Code>1085</Code>
      <Text>CISE COUNCIL NATIONAL PESQUISAS CNPq</Text>
    </ProgramReference>
    <ProgramReference>
      <Code>1387</Code>
      <Text>DIGITAL GOVERNMENT PROGRAM</Text>
    </ProgramReference>
    <ProgramReference>
      <Code>5913</Code>
      <Text>BRAZIL</Text>
    </ProgramReference>
    <ProgramReference>
      <Code>9218</Code>
      <Text>BASIC RESEARCH &amp; HUMAN RESORCS</Text>
    </ProgramReference>
    <ProgramReference>
      <Code>HPCC</Code>
      <Text>HIGH PERFORMANCE COMPUTING &amp; COMM</Text>
    </ProgramReference>
  </Award>
</rootTag>
