<?xml version="1.0" encoding="UTF-8"?>

<rootTag>
  <Award>
    <AwardTitle>Symposium on Contrasting New Theories of Protein Folding with Experiments to be held in Atlanta, Georgia on March 20-26,1999.</AwardTitle>
    <AwardEffectiveDate>02/15/1999</AwardEffectiveDate>
    <AwardExpirationDate>01/31/2000</AwardExpirationDate>
    <AwardAmount>8600</AwardAmount>
    <AwardInstrument>
      <Value>Standard Grant</Value>
    </AwardInstrument>
    <Organization>
      <Code>08070400</Code>
      <Directorate>
        <LongName>Direct For Biological Sciences</LongName>
      </Directorate>
      <Division>
        <LongName>Div Of Molecular and Cellular Bioscience</LongName>
      </Division>
    </Organization>
    <ProgramOfficer>
      <SignBlockName>Kamal Shukla</SignBlockName>
    </ProgramOfficer>
    <AbstractNarration>Onuchic, Jose&lt;br/&gt;9900519&lt;br/&gt;&lt;br/&gt;Recently theoretical physicists have devoted special attention to the protein folding problem. Using techniques that originated from modern statistical physics (spin glasses and disordered systems); they have been trying to explore this central problem in biology.&lt;br/&gt;During the last meeting of the American Physical Society (APS) in March of 1998, several Divisions of the APS partially addressed the protein folding problem at the theoretical level. Discussions were very active and the interest in this problem was noticeable. This is a very positive advance for biophysics. The weakness of the meeting was the lack of a strong connection with experiments. Such a connection is vital to advance these new theoretical approaches. To highlight the need for the connection between experiments and theoretical approaches and to present successful examples of how that can be achieved is the goal of this symposium.&lt;br/&gt;The general meeting of the American Physical Society is 1999 will mark its centennial celebration. This meeting will highlight the advances in physics over the last century. As part of this meeting there will be a Nobel Laureate Exhibit and Luncheon where more than 40 Nobel Prize winners have been invited to participate. Vice-president Al Gore has also been invited to this event. All Divisions of the APS have been invited to organize symposia where the highlights of their contribution to Physics will be presented, and where research at the frontier of the field is presented. It is very important that biophysics shows its natural strength and need to grow during this event. This conference bridges the gap between theory and experiments, as discussed above. This event will consist of a symposium in the morning, followed by a contributed section in the afternoon. The topic will be "Contrasting New Theories of Protein Folding with Experiments." The American Physical Society community will substantially benefit by being exposed to this approach of developing biophysics. This meeting will happen in Atlanta during the week of 20-26 March of 1999.</AbstractNarration>
    <MinAmdLetterDate>02/02/1999</MinAmdLetterDate>
    <MaxAmdLetterDate>02/02/1999</MaxAmdLetterDate>
    <ARRAAmount/>
    <AwardID>9900519</AwardID>
    <Investigator>
      <FirstName>Jose</FirstName>
      <LastName>Onuchic</LastName>
      <EmailAddress>jonuchic@rice.edu</EmailAddress>
      <StartDate>02/02/1999</StartDate>
      <EndDate/>
      <RoleCode>Principal Investigator</RoleCode>
    </Investigator>
    <Institution>
      <Name>University of California-San Diego</Name>
      <CityName>La Jolla</CityName>
      <ZipCode>920930934</ZipCode>
      <PhoneNumber>8585344896</PhoneNumber>
      <StreetAddress>Office of Contract &amp; Grant Admin</StreetAddress>
      <CountryName>United States</CountryName>
      <StateName>California</StateName>
      <StateCode>CA</StateCode>
    </Institution>
    <FoaInformation>
      <Code>0000099</Code>
      <Name>Other Applications NEC</Name>
    </FoaInformation>
    <ProgramElement>
      <Code>1144</Code>
      <Text>Molecular Biophysics</Text>
    </ProgramElement>
    <ProgramReference>
      <Code>9183</Code>
      <Text>GENERAL FOUNDATIONS OF BIOTECHNOLOGY</Text>
    </ProgramReference>
    <ProgramReference>
      <Code>BIOT</Code>
      <Text>BIOTECHNOLOGY</Text>
    </ProgramReference>
  </Award>
</rootTag>
