<?xml version="1.0" encoding="UTF-8"?>

<rootTag>
  <Award>
    <AwardTitle>The President's Information Technology Advisory Committee's Workshop</AwardTitle>
    <AwardEffectiveDate>10/15/1998</AwardEffectiveDate>
    <AwardExpirationDate>03/31/1999</AwardExpirationDate>
    <AwardAmount>20130</AwardAmount>
    <AwardInstrument>
      <Value>Standard Grant</Value>
    </AwardInstrument>
    <Organization>
      <Code>05050200</Code>
      <Directorate>
        <LongName>Direct For Computer &amp; Info Scie &amp; Enginr</LongName>
      </Directorate>
      <Division>
        <LongName>Division Of Computer and Network Systems</LongName>
      </Division>
    </Organization>
    <ProgramOfficer>
      <SignBlockName>Dwight D. Fisher</SignBlockName>
    </ProgramOfficer>
    <AbstractNarration>The President's Information Technology Advisory Committee's Interim Report has recommended that the nation commit to fund considerably more research in several technical areas. One of those areas is large-scale computer networking. The PITAC report further suggests that NSF play the leading role in overseeing this research.&lt;br/&gt;&lt;br/&gt;A group of researchers in computer networking, from industry and the universities, propose to gather in a one-day workshop to discuss the PITAC report's findings and to prepare recommendations to guide the research recommended by PITAC. These recommendations and report will serve as initial community views on what research initiatives in large-scale networking are likely to be most productive.&lt;br/&gt;&lt;br/&gt;The meeting will be held on October 7, 1998 in Berkeley, California and will be chaired by Dr. Craig Partridge, Chief Scientist of BBN Technologies (a part of GTE corporation) and a Consulting Assistant Professor at Stanford University. In consultation with senior researchers in the field, Dr. Partridge has extended invitations to roughly two dozen researchers, whose research interests and organizational affiliations span the computer networking field in the United States.</AbstractNarration>
    <MinAmdLetterDate>10/07/1998</MinAmdLetterDate>
    <MaxAmdLetterDate>10/07/1998</MaxAmdLetterDate>
    <ARRAAmount/>
    <AwardID>9900003</AwardID>
    <Investigator>
      <FirstName>P. M.</FirstName>
      <LastName>Melliar-Smith</LastName>
      <EmailAddress>pmms@ece.ucsb.edu</EmailAddress>
      <StartDate>10/07/1998</StartDate>
      <EndDate/>
      <RoleCode>Principal Investigator</RoleCode>
    </Investigator>
    <Institution>
      <Name>University of California-Santa Barbara</Name>
      <CityName>Santa Barbara</CityName>
      <ZipCode>931062050</ZipCode>
      <PhoneNumber>8058934188</PhoneNumber>
      <StreetAddress>Office of Research</StreetAddress>
      <CountryName>United States</CountryName>
      <StateName>California</StateName>
      <StateCode>CA</StateCode>
    </Institution>
    <ProgramElement>
      <Code>4097</Code>
      <Text>NETWORKING RESEARCH</Text>
    </ProgramElement>
    <ProgramReference>
      <Code>9218</Code>
      <Text>BASIC RESEARCH &amp; HUMAN RESORCS</Text>
    </ProgramReference>
    <ProgramReference>
      <Code>HPCC</Code>
      <Text>HIGH PERFORMANCE COMPUTING &amp; COMM</Text>
    </ProgramReference>
    <ProgramReference>
      <Code>9217</Code>
      <Text>NATNL RESERCH &amp; EDUCAT NETWORK</Text>
    </ProgramReference>
  </Award>
</rootTag>
