<?xml version="1.0" encoding="UTF-8"?>

<rootTag>
  <Award>
    <AwardTitle>Evaluation of an Inorganic Resin for Strengthening of Reinforced Concrete and Steel Beams</AwardTitle>
    <AwardEffectiveDate>09/01/1999</AwardEffectiveDate>
    <AwardExpirationDate>08/31/2003</AwardExpirationDate>
    <AwardAmount>85814</AwardAmount>
    <AwardInstrument>
      <Value>Continuing grant</Value>
    </AwardInstrument>
    <Organization>
      <Code>07030000</Code>
      <Directorate>
        <LongName>Directorate For Engineering</LongName>
      </Directorate>
      <Division>
        <LongName>Div Of Civil, Mechanical, &amp; Manufact Inn</LongName>
      </Division>
    </Organization>
    <ProgramOfficer>
      <SignBlockName>Vijaya Gopu</SignBlockName>
    </ProgramOfficer>
    <AbstractNarration>It is proposed to evaluate a recently developed inorganic resin for strengthening reinforced concrete and steel beams. The new resin has some major advantages over the organic polymers; inclluding: (i) resistance to fire and high temperature, (ii) resistance to UV radition, (iii) easy handling because the resin is water based and emits no odor or toxins during construction or curing period, and (iv) better chemical bonding with concrete. It is possible to replace the organic ploymers with the inorganic resin for most applications. In addition, the use of the new matrix will enhance the use of advanced composites in applications that require fire resistance and long-term durability. The primary objectives of the proposed research is to obtain: basic information for using the inorganic resin for strengthening of reinforced concrete and steel beams; study the behavior of strengthened reinforced concrete beams under sustained loading, and durability of strengthened reinforced concrete beams under wet-dry and freeze-thaw conditions. The experimental evaluation will be conducted using fairly large size beams so as to simulate actual field conditions. This project is a cooperate effort between University of Alabama in Huntsville (UAH) and Rutgers the State University of New Jersey. Dr. H. Toutanji will be the principal investigator at UAH and Dr. P. Balagure will be the principal investigator at Rutgers. The structural Lab at NASA's Marshal Flight Space Center at Huntsville, Alabama will be used for some of the work proposed in this proposal.</AbstractNarration>
    <MinAmdLetterDate>08/27/1999</MinAmdLetterDate>
    <MaxAmdLetterDate>03/03/2003</MaxAmdLetterDate>
    <ARRAAmount/>
    <AwardID>9900431</AwardID>
    <Investigator>
      <FirstName>Houssam</FirstName>
      <LastName>Toutanji</LastName>
      <EmailAddress>houssam.toutanji@wmich.edu</EmailAddress>
      <StartDate>08/27/1999</StartDate>
      <EndDate/>
      <RoleCode>Principal Investigator</RoleCode>
    </Investigator>
    <Institution>
      <Name>University of Alabama in Huntsville</Name>
      <CityName>Huntsville</CityName>
      <ZipCode>358051911</ZipCode>
      <PhoneNumber>2568246120</PhoneNumber>
      <StreetAddress>301 Sparkman Drive</StreetAddress>
      <CountryName>United States</CountryName>
      <StateName>Alabama</StateName>
      <StateCode>AL</StateCode>
    </Institution>
    <FoaInformation>
      <Code>0106000</Code>
      <Name>Materials Research</Name>
    </FoaInformation>
    <FoaInformation>
      <Code>0109000</Code>
      <Name>Structural Technology</Name>
    </FoaInformation>
    <ProgramElement>
      <Code>1473</Code>
      <Text>STRUCTURES I</Text>
    </ProgramElement>
    <ProgramElement>
      <Code>1635</Code>
      <Text>STRUCTURAL MATERIALS AND MECH</Text>
    </ProgramElement>
    <ProgramReference>
      <Code>1057</Code>
      <Text>CIS BASE RESEARCH</Text>
    </ProgramReference>
    <ProgramReference>
      <Code>9231</Code>
      <Text>SUPPL FOR UNDERGRAD RES ASSIST</Text>
    </ProgramReference>
    <ProgramReference>
      <Code>CVIS</Code>
      <Text>CIVIL INFRASTRUCTURE</Text>
    </ProgramReference>
  </Award>
</rootTag>
