<?xml version="1.0" encoding="UTF-8"?>

<rootTag>
  <Award>
    <AwardTitle>I/UCRC: Multi-University Merger/North Carolina State University/Ohio State University/University of California, Davis</AwardTitle>
    <AwardEffectiveDate>09/01/1999</AwardEffectiveDate>
    <AwardExpirationDate>08/31/2004</AwardExpirationDate>
    <AwardAmount>180000</AwardAmount>
    <AwardInstrument>
      <Value>Continuing grant</Value>
    </AwardInstrument>
    <Organization>
      <Code>07070000</Code>
      <Directorate>
        <LongName>Directorate For Engineering</LongName>
      </Directorate>
      <Division>
        <LongName>Div Of Industrial Innovation &amp; Partnersh</LongName>
      </Division>
    </Organization>
    <ProgramOfficer>
      <SignBlockName>Rathindra DasGupta</SignBlockName>
    </ProgramOfficer>
    <AbstractNarration>ABSTRACT&lt;br/&gt;EEC-9900457&lt;br/&gt;SHOEMAKER&lt;br/&gt;&lt;br/&gt;The Industry/University Cooperative Research Center for Aseptic Processing and Packaging Studies is being funded for its second five-year cycle as a multi-university Center with the addition of a research site at the Ohio State University to the original North Carolina State University and the University of California at Davis research groups. &lt;br/&gt;&lt;br/&gt;The research projects to be funded at the Center's new research site are "Microbial Control of Fluid Foods", "Safe Cheddar Cheese from Raw Milk", "Validating Sterilization Efficiency of Aseptic Packaging Systems", "Modeling of Pulsed Electric Field Processes" and "Process Development of Single Step Microbial and Colloidal Stabilization for Fermented Beverages."</AbstractNarration>
    <MinAmdLetterDate>04/02/1999</MinAmdLetterDate>
    <MaxAmdLetterDate>08/24/2003</MaxAmdLetterDate>
    <ARRAAmount/>
    <AwardID>9900457</AwardID>
    <Investigator>
      <FirstName>Sharon</FirstName>
      <LastName>Shoemaker</LastName>
      <EmailAddress>spshoemaker@ucdavis.edu</EmailAddress>
      <StartDate>04/02/1999</StartDate>
      <EndDate/>
      <RoleCode>Principal Investigator</RoleCode>
    </Investigator>
    <Institution>
      <Name>University of California-Davis</Name>
      <CityName>Davis</CityName>
      <ZipCode>956186134</ZipCode>
      <PhoneNumber>5307547700</PhoneNumber>
      <StreetAddress>OR/Sponsored Programs</StreetAddress>
      <CountryName>United States</CountryName>
      <StateName>California</StateName>
      <StateCode>CA</StateCode>
    </Institution>
    <FoaInformation>
      <Code>0308000</Code>
      <Name>Industrial Technology</Name>
    </FoaInformation>
    <ProgramElement>
      <Code>5761</Code>
      <Text>INDUSTRY/UNIV COOP RES CENTERS</Text>
    </ProgramElement>
    <ProgramReference>
      <Code>0000</Code>
      <Text>UNASSIGNED</Text>
    </ProgramReference>
    <ProgramReference>
      <Code>9181</Code>
      <Text>BIOPROCESSING/BIOMOLECULAR MATERIALS</Text>
    </ProgramReference>
    <ProgramReference>
      <Code>BIOT</Code>
      <Text>BIOTECHNOLOGY</Text>
    </ProgramReference>
    <ProgramReference>
      <Code>OTHR</Code>
      <Text>OTHER RESEARCH OR EDUCATION</Text>
    </ProgramReference>
  </Award>
</rootTag>
