<?xml version="1.0" encoding="UTF-8"?>

<rootTag>
  <Award>
    <AwardTitle>Twentieth Fungal Genetics Conference, Asilomar, California, March 23-28, Pacific Grove, CA.</AwardTitle>
    <AwardEffectiveDate>02/01/1999</AwardEffectiveDate>
    <AwardExpirationDate>01/31/2000</AwardExpirationDate>
    <AwardAmount>10000</AwardAmount>
    <AwardInstrument>
      <Value>Standard Grant</Value>
    </AwardInstrument>
    <Organization>
      <Code>08070100</Code>
      <Directorate>
        <LongName>Direct For Biological Sciences</LongName>
      </Directorate>
      <Division>
        <LongName>Div Of Molecular and Cellular Bioscience</LongName>
      </Division>
    </Organization>
    <ProgramOfficer>
      <SignBlockName>Philip Harriman</SignBlockName>
    </ProgramOfficer>
    <AbstractNarration>This grant is to support the participation of students in the Twentieth Fungal Genetics Conference at the Asilomar Conference Center in Asilomar, California on March 23-28, 1999. The students will participate with approximately 600 scientists and students from around the world. The conference focuses on the molecular biology, genetics, biochemistry, and cell biology of filamentous fungi. The meeting will consist of four plenary sessions, four sessions devoted to concurrent workshops in specialized areas, three poster sessions, and informal discussions. Topics to be covered in plenary sessions are: regulation of gene expression including global regulation and epigenetic phenomena, sexual and asexual differentiation, secondary metabolism, and pathogenicity, and cell biology emphasizing organelle biogenesis and transport. In the meeting, strong emphasis is placed on the participation of young scientists and students, particularly those from underrepresented groups.</AbstractNarration>
    <MinAmdLetterDate>01/20/1999</MinAmdLetterDate>
    <MaxAmdLetterDate>01/20/1999</MaxAmdLetterDate>
    <ARRAAmount/>
    <AwardID>9900514</AwardID>
    <Investigator>
      <FirstName>Marc</FirstName>
      <LastName>Orbach</LastName>
      <EmailAddress>orbachmj@ag.arizona.edu</EmailAddress>
      <StartDate>01/20/1999</StartDate>
      <EndDate/>
      <RoleCode>Principal Investigator</RoleCode>
    </Investigator>
    <Institution>
      <Name>University of Arizona</Name>
      <CityName>Tucson</CityName>
      <ZipCode>857194824</ZipCode>
      <PhoneNumber>5206266000</PhoneNumber>
      <StreetAddress>888 N Euclid Ave</StreetAddress>
      <CountryName>United States</CountryName>
      <StateName>Arizona</StateName>
      <StateCode>AZ</StateCode>
    </Institution>
    <FoaInformation>
      <Code>0000099</Code>
      <Name>Other Applications NEC</Name>
    </FoaInformation>
    <ProgramElement>
      <Code>1112</Code>
      <Text>Genetic Mechanisms</Text>
    </ProgramElement>
    <ProgramElement>
      <Code>1158</Code>
      <Text>BIOMOLECULAR PROCESSES</Text>
    </ProgramElement>
    <ProgramReference>
      <Code>1158</Code>
      <Text>BIOMOLECULAR PROCESSES</Text>
    </ProgramReference>
    <ProgramReference>
      <Code>9109</Code>
      <Text>AGRICULTURAL BIOTECHNOLOGY</Text>
    </ProgramReference>
    <ProgramReference>
      <Code>9183</Code>
      <Text>GENERAL FOUNDATIONS OF BIOTECHNOLOGY</Text>
    </ProgramReference>
    <ProgramReference>
      <Code>BIOT</Code>
      <Text>BIOTECHNOLOGY</Text>
    </ProgramReference>
  </Award>
</rootTag>
