<?xml version="1.0" encoding="UTF-8"?>

<rootTag>
  <Award>
    <AwardTitle>Database Formulation and Design Enhancement Initiatives for Vibration Assessment</AwardTitle>
    <AwardEffectiveDate>09/01/1999</AwardEffectiveDate>
    <AwardExpirationDate>08/31/2003</AwardExpirationDate>
    <AwardAmount>160000</AwardAmount>
    <AwardInstrument>
      <Value>Continuing grant</Value>
    </AwardInstrument>
    <Organization>
      <Code>07030000</Code>
      <Directorate>
        <LongName>Directorate For Engineering</LongName>
      </Directorate>
      <Division>
        <LongName>Div Of Civil, Mechanical, &amp; Manufact Inn</LongName>
      </Division>
    </Organization>
    <ProgramOfficer>
      <SignBlockName>Vijaya Gopu</SignBlockName>
    </ProgramOfficer>
    <AbstractNarration>PROJECT ABSTRACT&lt;br/&gt;&lt;br/&gt;Database Formulation and Design Enhancement Initiatives &lt;br/&gt;for Floor Vibration Assessment&lt;br/&gt;&lt;br/&gt;Principal Investigator: Linda M. Hanagan, Ph.D., P.E.&lt;br/&gt;CMS Proposal #9900099&lt;br/&gt;&lt;br/&gt;Many lightweight floor systems experience excessive levels of vibration&lt;br/&gt;caused by normal occupant activities such as walking, dancing, aerobics,&lt;br/&gt;etc. Improving the structural designer's ability to provide an acceptable&lt;br/&gt;floor system is the subject of this research initiative. The scope of this&lt;br/&gt;research is defined under four research subject headings: 1) Floor&lt;br/&gt;vibration case studies: A minimum of ten floor vibration case studies are&lt;br/&gt;being studied to provide researchers, including the PI, with a more&lt;br/&gt;extensive database on the vibration behavior of in-place steel floor&lt;br/&gt;systems; 2) Research on ballroom floors: Several high profile ballroom&lt;br/&gt;facilities have been receiving negative attention in the press for their&lt;br/&gt;disturbing levels of floor vibration. The cause of these problems is under&lt;br/&gt;investigation and possible solutions are being sought; 3) Utilizing&lt;br/&gt;computer software in the design process: Research is being undertaken to&lt;br/&gt;study the use of general purpose structural design and analysis software in&lt;br/&gt;the evaluation of floor system designs; 4) Supplemental design criteria:&lt;br/&gt;This research is targeted toward refining specific portions of the Design&lt;br/&gt;for Walking Excitation criterion to aid the designer in predicting&lt;br/&gt;unacceptable floors.</AbstractNarration>
    <MinAmdLetterDate>08/18/1999</MinAmdLetterDate>
    <MaxAmdLetterDate>06/25/2001</MaxAmdLetterDate>
    <ARRAAmount/>
    <AwardID>9900099</AwardID>
    <Investigator>
      <FirstName>Linda</FirstName>
      <LastName>Hanagan</LastName>
      <EmailAddress>hanagan@psu.edu</EmailAddress>
      <StartDate>08/18/1999</StartDate>
      <EndDate/>
      <RoleCode>Principal Investigator</RoleCode>
    </Investigator>
    <Institution>
      <Name>Pennsylvania State Univ University Park</Name>
      <CityName>UNIVERSITY PARK</CityName>
      <ZipCode>168027000</ZipCode>
      <PhoneNumber>8148651372</PhoneNumber>
      <StreetAddress>110 Technology Center Building</StreetAddress>
      <CountryName>United States</CountryName>
      <StateName>Pennsylvania</StateName>
      <StateCode>PA</StateCode>
    </Institution>
    <FoaInformation>
      <Code>0109000</Code>
      <Name>Structural Technology</Name>
    </FoaInformation>
  </Award>
</rootTag>
