<?xml version="1.0" encoding="UTF-8"?>

<rootTag>
  <Award>
    <AwardTitle>SGER: Exploration of Innovative Synthesis Routes for Meso-Scale Soft Magnetic Particulates</AwardTitle>
    <AwardEffectiveDate>04/15/1999</AwardEffectiveDate>
    <AwardExpirationDate>07/31/2000</AwardExpirationDate>
    <AwardAmount>72466</AwardAmount>
    <AwardInstrument>
      <Value>Standard Grant</Value>
    </AwardInstrument>
    <Organization>
      <Code>03070004</Code>
      <Directorate>
        <LongName>Direct For Mathematical &amp; Physical Scien</LongName>
      </Directorate>
      <Division>
        <LongName>Division Of Materials Research</LongName>
      </Division>
    </Organization>
    <ProgramOfficer>
      <SignBlockName>Harsh Deep Chopra</SignBlockName>
    </ProgramOfficer>
    <AbstractNarration>9900381&lt;br/&gt;Phule &lt;br/&gt;&lt;br/&gt;This Small Grant for Exploratory Research (SGER) explores innovative routes for the synthesis of mesoscale particles (1000 - 2000 nm in diameter) of iron and iron-cobalt alloys. Particles in this size range are not presently available and are of interest for making higher strength, more stable magnetorheological fluids. Two techniques are examined to create metal particles in this size range. The first is a technique based on reduction of metal salts using iron sulfate and cobalt chlorides as precursors. Synthesis is conducted under an argon atmosphere to limit surface oxidation. An applied magnetic field controls particle shape and a mixture of ethanol and water controls the particle size. Adsorbed water removal and improved crystallinity results from additional processing. A second route to this particle size range employs spark erosion, and it must be determined if this process can make reasonable quantities of the powders. Prof. Berkowitz at UC-San Diego assists in the spark erosion approach. The particles are characterized by transmission electron microscopy including Lorentz microscopy. Samples of the MR fluids will be prepared from the powders and characterized in a rheometer.&lt;br/&gt;%%%&lt;br/&gt;This is SGER a high-risk project aimed at creating mesoscale-sized particles of iron and iron-cobalt particles. These particles are considered to be ideal for employment in novel, stable magnetorheologial fluids.&lt;br/&gt;***</AbstractNarration>
    <MinAmdLetterDate>04/15/1999</MinAmdLetterDate>
    <MaxAmdLetterDate>07/12/2000</MaxAmdLetterDate>
    <ARRAAmount/>
    <AwardID>9900381</AwardID>
    <Investigator>
      <FirstName>William</FirstName>
      <LastName>Soffa</LastName>
      <EmailAddress>was2n@virginia.edu</EmailAddress>
      <StartDate>04/15/1999</StartDate>
      <EndDate/>
      <RoleCode>Co-Principal Investigator</RoleCode>
    </Investigator>
    <Investigator>
      <FirstName>Pradeep</FirstName>
      <LastName>Fulay</LastName>
      <EmailAddress>pradeep.fulay@mail.wvu.edu</EmailAddress>
      <StartDate>04/15/1999</StartDate>
      <EndDate/>
      <RoleCode>Principal Investigator</RoleCode>
    </Investigator>
    <Institution>
      <Name>University of Pittsburgh</Name>
      <CityName>Pittsburgh</CityName>
      <ZipCode>152132303</ZipCode>
      <PhoneNumber>4126247400</PhoneNumber>
      <StreetAddress>University Club</StreetAddress>
      <CountryName>United States</CountryName>
      <StateName>Pennsylvania</StateName>
      <StateCode>PA</StateCode>
    </Institution>
    <FoaInformation>
      <Code>0106000</Code>
      <Name>Materials Research</Name>
    </FoaInformation>
  </Award>
</rootTag>
