<?xml version="1.0" encoding="UTF-8"?>

<rootTag>
  <Award>
    <AwardTitle>Shipboard Scientific Support Equipment</AwardTitle>
    <AwardEffectiveDate>04/15/1999</AwardEffectiveDate>
    <AwardExpirationDate>03/31/2001</AwardExpirationDate>
    <AwardAmount>139325</AwardAmount>
    <AwardInstrument>
      <Value>Standard Grant</Value>
    </AwardInstrument>
    <Organization>
      <Code>06040100</Code>
      <Directorate>
        <LongName>Directorate For Geosciences</LongName>
      </Directorate>
      <Division>
        <LongName>Division Of Ocean Sciences</LongName>
      </Division>
    </Organization>
    <ProgramOfficer>
      <SignBlockName>Emma R. Dieter</SignBlockName>
    </ProgramOfficer>
    <AbstractNarration>9900269&lt;br/&gt;Hawkins&lt;br/&gt;This award to University of Delaware will provide equipment in support of oceanographic research on R/V Cape Henlopen, a research vessel operated by the university as part of the University-National Oceanographic Laboratory System research fleet. Specific equipment to be acquired includes a marine crane, a navigation receiver, a generator switch gear, keel coolers and modifications to transducer well and tanks. The shared-use equipment supported here will assist marine scientists conduct studies from R/V Cape Henlopen, particularly in the Atlantic Ocean along the east coast of the United States, during 1999 and future years. &lt;br/&gt;***</AbstractNarration>
    <MinAmdLetterDate>04/08/1999</MinAmdLetterDate>
    <MaxAmdLetterDate>04/08/1999</MaxAmdLetterDate>
    <ARRAAmount/>
    <AwardID>9900269</AwardID>
    <Investigator>
      <FirstName>Matthew</FirstName>
      <LastName>Hawkins</LastName>
      <EmailAddress>hawkins@udel.edu</EmailAddress>
      <StartDate>04/08/1999</StartDate>
      <EndDate/>
      <RoleCode>Principal Investigator</RoleCode>
    </Investigator>
    <Institution>
      <Name>University of Delaware</Name>
      <CityName>Newark</CityName>
      <ZipCode>197162553</ZipCode>
      <PhoneNumber>3028312136</PhoneNumber>
      <StreetAddress>210 Hullihen Hall</StreetAddress>
      <CountryName>United States</CountryName>
      <StateName>Delaware</StateName>
      <StateCode>DE</StateCode>
    </Institution>
    <FoaInformation>
      <Code>0204000</Code>
      <Name>Oceanography</Name>
    </FoaInformation>
  </Award>
</rootTag>
