<?xml version="1.0" encoding="UTF-8"?>

<rootTag>
  <Award>
    <AwardTitle>A Liquid Sodium Simulation of the Alpha-Omega Dynamo Created During Galactic Black Hole Formation</AwardTitle>
    <AwardEffectiveDate>06/15/1999</AwardEffectiveDate>
    <AwardExpirationDate>05/31/2001</AwardExpirationDate>
    <AwardAmount>100000</AwardAmount>
    <AwardInstrument>
      <Value>Standard Grant</Value>
    </AwardInstrument>
    <Organization>
      <Code>03020417</Code>
      <Directorate>
        <LongName>Direct For Mathematical &amp; Physical Scien</LongName>
      </Directorate>
      <Division>
        <LongName>Division Of Astronomical Sciences</LongName>
      </Division>
    </Organization>
    <ProgramOfficer>
      <SignBlockName>Susan M. Simkin</SignBlockName>
    </ProgramOfficer>
    <AbstractNarration>A liquid sodium simulation of the alpha-omega dynamo created during galactic black hole formation&lt;br/&gt;&lt;br/&gt;Stirling Colgate&lt;br/&gt;&lt;br/&gt;The PI is conducting a laboratory experiment that reproduces an analog to some of the astrophysical phenomena seen in active galaxies. The experimental technique is based on the concept that the alpha effect of the alpha-omega dynamo is created by expanding plumes that untwist within a rotating frame. This type of dynamo forms from (1) differential rotation within a Keplerian disk - the omega deformation, and (2) the plumes ejected to large height from the disk by star-disk collisions - the alpha deformation. The analog of these astrophysical flows can be created in the laboratory in a conducting fluid - liquid sodium in this case. . The dynamo can be modeled in the laboratory because the flows are coherent, driven flows Dr. Colgate is testing this new concept with a liquid sodium experiment in order to apply the results to the origin of the magnetic fields of the Universe generated within the accretion disk close to the central black hole suspected to be at the center of many galaxies.</AbstractNarration>
    <MinAmdLetterDate>06/18/1999</MinAmdLetterDate>
    <MaxAmdLetterDate>06/18/1999</MaxAmdLetterDate>
    <ARRAAmount/>
    <AwardID>9900661</AwardID>
    <Investigator>
      <FirstName>Stirling</FirstName>
      <LastName>Colgate</LastName>
      <EmailAddress>colgate@lanl.gov</EmailAddress>
      <StartDate>06/18/1999</StartDate>
      <EndDate/>
      <RoleCode>Principal Investigator</RoleCode>
    </Investigator>
    <Investigator>
      <FirstName>David</FirstName>
      <LastName>Westpfahl</LastName>
      <EmailAddress>dwestpfa@nmt.edu</EmailAddress>
      <StartDate>06/18/1999</StartDate>
      <EndDate/>
      <RoleCode>Co-Principal Investigator</RoleCode>
    </Investigator>
    <Investigator>
      <FirstName>Van</FirstName>
      <LastName>Romero</LastName>
      <EmailAddress>vromero@admin.nmt.edu</EmailAddress>
      <StartDate>06/18/1999</StartDate>
      <EndDate/>
      <RoleCode>Co-Principal Investigator</RoleCode>
    </Investigator>
    <Institution>
      <Name>New Mexico Institute of Mining and Technology</Name>
      <CityName>Socorro</CityName>
      <ZipCode>878014681</ZipCode>
      <PhoneNumber>5758355915</PhoneNumber>
      <StreetAddress>801 Leroy Place</StreetAddress>
      <CountryName>United States</CountryName>
      <StateName>New Mexico</StateName>
      <StateCode>NM</StateCode>
    </Institution>
    <ProgramElement>
      <Code>1217</Code>
      <Text>EXTRAGALACTIC ASTRON &amp; COSMOLO</Text>
    </ProgramElement>
    <ProgramReference>
      <Code>0000</Code>
      <Text>UNASSIGNED</Text>
    </ProgramReference>
    <ProgramReference>
      <Code>1207</Code>
      <Text>OBSERVATIONAL ASTRONOMY</Text>
    </ProgramReference>
    <ProgramReference>
      <Code>OTHR</Code>
      <Text>OTHER RESEARCH OR EDUCATION</Text>
    </ProgramReference>
  </Award>
</rootTag>
