<?xml version="1.0" encoding="UTF-8"?>

<rootTag>
  <Award>
    <AwardTitle>The Role of Ice Growth/Evaporation Processes on the Ice Economy of Clouds</AwardTitle>
    <AwardEffectiveDate>07/01/1999</AwardEffectiveDate>
    <AwardExpirationDate>06/30/2002</AwardExpirationDate>
    <AwardAmount>424717</AwardAmount>
    <AwardInstrument>
      <Value>Continuing grant</Value>
    </AwardInstrument>
    <Organization>
      <Code>06020102</Code>
      <Directorate>
        <LongName>Directorate For Geosciences</LongName>
      </Directorate>
      <Division>
        <LongName>Div Atmospheric &amp; Geospace Sciences</LongName>
      </Division>
    </Organization>
    <ProgramOfficer>
      <SignBlockName>Roddy Rogers</SignBlockName>
    </ProgramOfficer>
    <AbstractNarration>This project consists of a broad range of laboratory experiments on the growth and evaporation of ice crystals and the analysis of existing cloud data collected by aircraft. One set of experiments will simulate the conditions of crystal growth in cirrus clouds. Modifications to an existing cloud chamber will permit temperatures as cold as -100 C, pressures as low as 1 mb, and supersaturations with respect to ice as high as 200%. The chamber will be modified to permit the examination of impurities, in particular oxides of nitrogen, on crystal habit. Results for these experiments will contribute to the understanding of crystal growth at the extreme conditions in cirrus clouds in the high atmosphere. Another set of experiments at temperatures around 0 C will be designed to study aspects of particle growth, melting, and evaporation relevant to the melting layer of snow. Emphasis will be on conditions with high supersaturations with respect to water, to simulate ice as it falls and melts in air with and without cloud droplets. Electrical effects and secondary ice production will be monitored. Data from the CALJET and SHEBA projects using the airborne "cloudscope" instrument will be compared with laboratory results on both the cirrus cloud and the melting layer simulations.</AbstractNarration>
    <MinAmdLetterDate>06/24/1999</MinAmdLetterDate>
    <MaxAmdLetterDate>11/02/2001</MaxAmdLetterDate>
    <ARRAAmount/>
    <AwardID>9900560</AwardID>
    <Investigator>
      <FirstName>John</FirstName>
      <LastName>Hallett</LastName>
      <EmailAddress>hallett@dri.edu</EmailAddress>
      <StartDate>06/24/1999</StartDate>
      <EndDate/>
      <RoleCode>Principal Investigator</RoleCode>
    </Investigator>
    <Institution>
      <Name>Nevada System of Higher Education, Desert Research Institute</Name>
      <CityName>Reno</CityName>
      <ZipCode>895121095</ZipCode>
      <PhoneNumber>7756737444</PhoneNumber>
      <StreetAddress>2215 Raggio Parkway</StreetAddress>
      <CountryName>United States</CountryName>
      <StateName>Nevada</StateName>
      <StateCode>NV</StateCode>
    </Institution>
    <FoaInformation>
      <Code>0319000</Code>
      <Name>Climate Related Activities</Name>
    </FoaInformation>
    <FoaInformation>
      <Code>0000099</Code>
      <Name>Other Applications NEC</Name>
    </FoaInformation>
    <ProgramElement>
      <Code>1522</Code>
      <Text>PHYSICAL METEOROLOGY</Text>
    </ProgramElement>
    <ProgramReference>
      <Code>0000</Code>
      <Text>UNASSIGNED</Text>
    </ProgramReference>
    <ProgramReference>
      <Code>9150</Code>
      <Text>EXP PROG TO STIM COMP RES</Text>
    </ProgramReference>
    <ProgramReference>
      <Code>OTHR</Code>
      <Text>OTHER RESEARCH OR EDUCATION</Text>
    </ProgramReference>
  </Award>
</rootTag>
