<?xml version="1.0" encoding="UTF-8"?>

<rootTag>
  <Award>
    <AwardTitle>Numerical Studies in Quantum Field Theory and Critical Phenomena</AwardTitle>
    <AwardEffectiveDate>06/01/1999</AwardEffectiveDate>
    <AwardExpirationDate>05/31/2002</AwardExpirationDate>
    <AwardAmount>160000</AwardAmount>
    <AwardInstrument>
      <Value>Continuing grant</Value>
    </AwardInstrument>
    <Organization>
      <Code>03010500</Code>
      <Directorate>
        <LongName>Direct For Mathematical &amp; Physical Scien</LongName>
      </Directorate>
      <Division>
        <LongName>Division Of Physics</LongName>
      </Division>
    </Organization>
    <ProgramOfficer>
      <SignBlockName>John W. Lightbody, Jr.</SignBlockName>
    </ProgramOfficer>
    <AbstractNarration>Research in theoretical physics will lie at the interface between elementary-particle physics and statistical physics, applying methods from both fields to problems in each. Investigations in elementary-particle physics will focus on numerical study of quantum chromodynamics, which is the increasingly-confirmed detailed theory of the strong subnuclear force. The interaction energy between a pair of quarks will be calculated numerically, with the aim of testing a recently proposed theory of quark confinement. Investigations in statistical physics will focus on numerical elucidation of the class of phase transitions known as "critical phenomena", by developing and applying new and more efficient "Monte Carlo" methods of calculation. The methodology involves a combination of heuristic physical reasoning, rigorous mathematical analysis, and systematic numerical testing. In particular, study of the self-avoiding random walk will have direct applications to the behavior of polymer molecules in dilute solution.</AbstractNarration>
    <MinAmdLetterDate>05/07/1999</MinAmdLetterDate>
    <MaxAmdLetterDate>05/04/2000</MaxAmdLetterDate>
    <ARRAAmount/>
    <AwardID>9900769</AwardID>
    <Investigator>
      <FirstName>Alan</FirstName>
      <LastName>Sokal</LastName>
      <EmailAddress>sokal@nyu.edu</EmailAddress>
      <StartDate>05/07/1999</StartDate>
      <EndDate/>
      <RoleCode>Principal Investigator</RoleCode>
    </Investigator>
    <Investigator>
      <FirstName>Daniel</FirstName>
      <LastName>Zwanziger</LastName>
      <EmailAddress>daniel.zwanziger@nyu.edu</EmailAddress>
      <StartDate>05/07/1999</StartDate>
      <EndDate/>
      <RoleCode>Co-Principal Investigator</RoleCode>
    </Investigator>
    <Institution>
      <Name>New York University</Name>
      <CityName>NEW YORK</CityName>
      <ZipCode>100121019</ZipCode>
      <PhoneNumber>2129982121</PhoneNumber>
      <StreetAddress>70 WASHINGTON SQUARE S</StreetAddress>
      <CountryName>United States</CountryName>
      <StateName>New York</StateName>
      <StateCode>NY</StateCode>
    </Institution>
    <FoaInformation>
      <Code>0000099</Code>
      <Name>Other Applications NEC</Name>
    </FoaInformation>
    <ProgramElement>
      <Code>1286</Code>
      <Text>Elem. Particle Physics/Theory</Text>
    </ProgramElement>
    <ProgramReference>
      <Code>0000</Code>
      <Text>UNASSIGNED</Text>
    </ProgramReference>
    <ProgramReference>
      <Code>OTHR</Code>
      <Text>OTHER RESEARCH OR EDUCATION</Text>
    </ProgramReference>
  </Award>
</rootTag>
