<?xml version="1.0" encoding="UTF-8"?>

<rootTag>
  <Award>
    <AwardTitle>RUI: Strings, Fields and Symmetries</AwardTitle>
    <AwardEffectiveDate>07/01/1999</AwardEffectiveDate>
    <AwardExpirationDate>06/30/2001</AwardExpirationDate>
    <AwardAmount>56000</AwardAmount>
    <AwardInstrument>
      <Value>Continuing grant</Value>
    </AwardInstrument>
    <Organization>
      <Code>03010500</Code>
      <Directorate>
        <LongName>Direct For Mathematical &amp; Physical Scien</LongName>
      </Directorate>
      <Division>
        <LongName>Division Of Physics</LongName>
      </Division>
    </Organization>
    <ProgramOfficer>
      <SignBlockName>Boris J. Kayser</SignBlockName>
    </ProgramOfficer>
    <AbstractNarration>Theoretical physics research in string theory will include the study of black hole thermodynamics using methods of both string theory and polymer physics, and the elucidation of geometric structures of "M-theory," which underlies string theory. The statistical basis of black hole thermodynamics is at the heart of understanding quantum gravity, and hence is important to understanding the underlying theory of all fundamental interactions. Surprising connections with "soft matter" and biophysical systems are to be further explored with potentially valuable applications. Recent advances reveal that M-theory, the theory unifying the five distinct superstring theories, has an even richer geometrical structure than had been previously realized and which points to new phases of M-theory as well as possible implications for inflationary cosmology of the universe. The planned work promises to shed light on the underlying structure of the unified theory and on the explanation of the origin and evolution of the early universe.</AbstractNarration>
    <MinAmdLetterDate>06/11/1999</MinAmdLetterDate>
    <MaxAmdLetterDate>06/26/2000</MaxAmdLetterDate>
    <ARRAAmount/>
    <AwardID>9900773</AwardID>
    <Investigator>
      <FirstName>Ramzi</FirstName>
      <LastName>Khuri</LastName>
      <EmailAddress>khuri@gursey.baruch.cuny.edu</EmailAddress>
      <StartDate>06/11/1999</StartDate>
      <EndDate/>
      <RoleCode>Principal Investigator</RoleCode>
    </Investigator>
    <Institution>
      <Name>CUNY Baruch College</Name>
      <CityName>New York</CityName>
      <ZipCode>100105526</ZipCode>
      <PhoneNumber>6463122205</PhoneNumber>
      <StreetAddress>One Bernard Baruch Way</StreetAddress>
      <CountryName>United States</CountryName>
      <StateName>New York</StateName>
      <StateCode>NY</StateCode>
    </Institution>
    <FoaInformation>
      <Code>0000099</Code>
      <Name>Other Applications NEC</Name>
    </FoaInformation>
  </Award>
</rootTag>
