<?xml version="1.0" encoding="UTF-8"?>

<rootTag>
  <Award>
    <AwardTitle>GEM: Modeling the Stormtime Injection of Ring Current Ions and Electrons</AwardTitle>
    <AwardEffectiveDate>09/15/1999</AwardEffectiveDate>
    <AwardExpirationDate>08/31/2003</AwardExpirationDate>
    <AwardAmount>225000</AwardAmount>
    <AwardInstrument>
      <Value>Continuing grant</Value>
    </AwardInstrument>
    <Organization>
      <Code>06020202</Code>
      <Directorate>
        <LongName>Directorate For Geosciences</LongName>
      </Directorate>
      <Division>
        <LongName>Div Atmospheric &amp; Geospace Sciences</LongName>
      </Division>
    </Organization>
    <ProgramOfficer>
      <SignBlockName>Kile B. Baker</SignBlockName>
    </ProgramOfficer>
    <AbstractNarration>This project will develop a 3-dimensional simulation of the Earth's ring current. There are many unanswered questions about the storm time ring current. What role does the induced electric field play in the energization of electrons and ions in the ring current? What role does the induced electric field play in the decay of the ring current? What is the relative importance of solar wind vs. ionospheric ions in the formation of the ring current? Do induced electric fields play a role in the production of relativistic "killer" electrons in the radiation belts? In order to answer these questions, the ring current model which was developed under a previous GEM grant will be improved by incorporating more realistic electric and magnetic field models, using more realistic source particle distributions, and developing algorithms to perform phase space mapping simulations. This improved simulation will then be applied to specific magnetic storm events where the results can be compared with data from the CRRES satellite</AbstractNarration>
    <MinAmdLetterDate>09/24/1999</MinAmdLetterDate>
    <MaxAmdLetterDate>07/03/2001</MaxAmdLetterDate>
    <ARRAAmount/>
    <AwardID>9900981</AwardID>
    <Investigator>
      <FirstName>Margaret</FirstName>
      <LastName>Chen</LastName>
      <EmailAddress>mchen@aero.org</EmailAddress>
      <StartDate>09/24/1999</StartDate>
      <EndDate/>
      <RoleCode>Principal Investigator</RoleCode>
    </Investigator>
    <Institution>
      <Name>Aerospace Corporation</Name>
      <CityName>Los Angeles</CityName>
      <ZipCode>900092957</ZipCode>
      <PhoneNumber>3103367608</PhoneNumber>
      <StreetAddress>P.O. Box 92957</StreetAddress>
      <CountryName>United States</CountryName>
      <StateName>California</StateName>
      <StateCode>CA</StateCode>
    </Institution>
    <FoaInformation>
      <Code>0205000</Code>
      <Name>Space</Name>
    </FoaInformation>
  </Award>
</rootTag>
