<?xml version="1.0" encoding="UTF-8"?>

<rootTag>
  <Award>
    <AwardTitle>Conference on Human Nature</AwardTitle>
    <AwardEffectiveDate>01/01/1999</AwardEffectiveDate>
    <AwardExpirationDate>12/31/1999</AwardExpirationDate>
    <AwardAmount>7660</AwardAmount>
    <AwardInstrument>
      <Value>Standard Grant</Value>
    </AwardInstrument>
    <Organization>
      <Code>04050300</Code>
      <Directorate>
        <LongName>Direct For Social, Behav &amp; Economic Scie</LongName>
      </Directorate>
      <Division>
        <LongName>Divn Of Social and Economic Sciences</LongName>
      </Division>
    </Organization>
    <ProgramOfficer>
      <SignBlockName>Michael M. Sokal</SignBlockName>
    </ProgramOfficer>
    <AbstractNarration>Since the publication of Darwin's Descent of Man, the biological study of human nature has been confronted with enormous critical risistance and, though the context has changed since the 19th century, these debates still rage. The conference to be supported by this grant will bring together scholars from many disciplines who have taken part in these debates (though never together) to analyze the impact of recent research in biology and related fields on discussions of human nature. More specifically, as philosophers of science will come together with biologists, anthropologists, and psychologist, the interplay of different disciplinary perspectives will (the conference organizers hope) precipitate new avenues of research and will dispel some all-too-common recent misconceptions about biological approaches to human nature. Specific topics to be discussed include the implications of the results from primatology for the study of human behvaior and morality; the evolution of altruism; sex and sexuality; evolutionary psychology; and genes and behavior. The participants range in academic rank form beginning assistant professor to full professor.</AbstractNarration>
    <MinAmdLetterDate>02/04/1999</MinAmdLetterDate>
    <MaxAmdLetterDate>02/04/1999</MaxAmdLetterDate>
    <ARRAAmount/>
    <AwardID>9900502</AwardID>
    <Investigator>
      <FirstName>Stephen</FirstName>
      <LastName>Downes</LastName>
      <EmailAddress>s.downes@m.cc.utah.edu</EmailAddress>
      <StartDate>02/04/1999</StartDate>
      <EndDate/>
      <RoleCode>Principal Investigator</RoleCode>
    </Investigator>
    <Institution>
      <Name>University of Utah</Name>
      <CityName>SALT LAKE CITY</CityName>
      <ZipCode>841128930</ZipCode>
      <PhoneNumber>8015816903</PhoneNumber>
      <StreetAddress>75 S 2000 E</StreetAddress>
      <CountryName>United States</CountryName>
      <StateName>Utah</StateName>
      <StateCode>UT</StateCode>
    </Institution>
  </Award>
</rootTag>
