<?xml version="1.0" encoding="UTF-8"?>

<rootTag>
  <Award>
    <AwardTitle>Stability Control of Weld Formation in Variable Polarity Plasma Arc Welding</AwardTitle>
    <AwardEffectiveDate>05/01/1999</AwardEffectiveDate>
    <AwardExpirationDate>04/30/2004</AwardExpirationDate>
    <AwardAmount>281863</AwardAmount>
    <AwardInstrument>
      <Value>Standard Grant</Value>
    </AwardInstrument>
    <Organization>
      <Code>07030000</Code>
      <Directorate>
        <LongName>Directorate For Engineering</LongName>
      </Directorate>
      <Division>
        <LongName>Div Of Civil, Mechanical, &amp; Manufact Inn</LongName>
      </Division>
    </Organization>
    <ProgramOfficer>
      <SignBlockName>George A. Hazelrigg</SignBlockName>
    </ProgramOfficer>
    <AbstractNarration>This project will investigate a novel approach in regulating the heat and arc force applied to the workpiece as a basis for closed-loop control of the keyhole stability in variable polarity plasma arc welding. A machine vision system will be used to capture clear keyhole images from the front side of a workpiece and correlate these images with the dynamics of weld formation. A closed-loop control system based on a neural network model that relates the keyhole size with control variables such as wire feeding speed and welding current was established and tested. Variable polarity plasma arc welding is an ideal arc welding process for aluminum alloys. It features gas pore-free, full-penetration weld in a single pass of thick sections ranging from 3 mm to 25 mm, and relatively low cost. Currently, the stability of weld formation is still dependent on open-loop control. The critical features of this process can be lost due to the existence of unexpected interference. This is unacceptable for the fabrication of key products where welding accuracy must be achieved in the first trail.&lt;br/&gt; The project is expected to advance the plasma arc welding technology and result in significant impact on the production of high-quality key aluminum alloy products in the defense, avioanics, automobile, and shipbuilding industries.</AbstractNarration>
    <MinAmdLetterDate>04/15/1999</MinAmdLetterDate>
    <MaxAmdLetterDate>04/04/2003</MaxAmdLetterDate>
    <ARRAAmount/>
    <AwardID>9900011</AwardID>
    <Investigator>
      <FirstName>Radovan</FirstName>
      <LastName>Kovacevic</LastName>
      <EmailAddress>kovacevi@engr.smu.edu</EmailAddress>
      <StartDate>04/15/1999</StartDate>
      <EndDate/>
      <RoleCode>Principal Investigator</RoleCode>
    </Investigator>
    <Institution>
      <Name>Southern Methodist University</Name>
      <CityName>Dallas</CityName>
      <ZipCode>752750302</ZipCode>
      <PhoneNumber>2147682030</PhoneNumber>
      <StreetAddress>6425 BOAZ</StreetAddress>
      <CountryName>United States</CountryName>
      <StateName>Texas</StateName>
      <StateCode>TX</StateCode>
    </Institution>
    <FoaInformation>
      <Code>0308000</Code>
      <Name>Industrial Technology</Name>
    </FoaInformation>
    <ProgramElement>
      <Code>1467</Code>
      <Text>MATERIALS PROCESSING AND MANFG</Text>
    </ProgramElement>
    <ProgramElement>
      <Code>1468</Code>
      <Text>Manufacturing Machines &amp; Equip</Text>
    </ProgramElement>
    <ProgramReference>
      <Code>1359</Code>
      <Text>RES EXP FOR TEACHERS(RET)-SITE</Text>
    </ProgramReference>
    <ProgramReference>
      <Code>1467</Code>
      <Text>MATERIALS PROCESSING AND MANFG</Text>
    </ProgramReference>
    <ProgramReference>
      <Code>7218</Code>
      <Text>RET SUPPLEMENTS</Text>
    </ProgramReference>
    <ProgramReference>
      <Code>9146</Code>
      <Text>MANUFACTURING BASE RESEARCH</Text>
    </ProgramReference>
    <ProgramReference>
      <Code>9178</Code>
      <Text>UNDERGRADUATE EDUCATION</Text>
    </ProgramReference>
    <ProgramReference>
      <Code>9231</Code>
      <Text>SUPPL FOR UNDERGRAD RES ASSIST</Text>
    </ProgramReference>
    <ProgramReference>
      <Code>9251</Code>
      <Text>RES EXPER FOR UNDERGRAD-SUPPLT</Text>
    </ProgramReference>
    <ProgramReference>
      <Code>MANU</Code>
      <Text>MANUFACTURING</Text>
    </ProgramReference>
  </Award>
</rootTag>
