<?xml version="1.0" encoding="UTF-8"?>

<rootTag>
  <Award>
    <AwardTitle>Development and Testing of a Decision Support System for River Restoration</AwardTitle>
    <AwardEffectiveDate>07/15/1999</AwardEffectiveDate>
    <AwardExpirationDate>06/30/2003</AwardExpirationDate>
    <AwardAmount>656645</AwardAmount>
    <AwardInstrument>
      <Value>Standard Grant</Value>
    </AwardInstrument>
    <Organization>
      <Code>08010208</Code>
      <Directorate>
        <LongName>Direct For Biological Sciences</LongName>
      </Directorate>
      <Division>
        <LongName>Division Of Environmental Biology</LongName>
      </Division>
    </Organization>
    <ProgramOfficer>
      <SignBlockName>Martyn M. Caldwell</SignBlockName>
    </ProgramOfficer>
    <AbstractNarration>ABSTRACT&lt;br/&gt;&lt;br/&gt;99-00679&lt;br/&gt;Allan&lt;br/&gt;W/WS: Development and testing of a decision support system for river restoration&lt;br/&gt;&lt;br/&gt;The objective of this research is to use an interdisciplinary approach to explore how landscape change affects river ecosystems, and to evaluate restoration priorities. Using spatial data, the investigators will quantify landscape properties as possible predictors of stream condition. Physical and biological variables will provide independent assessment of stream condition, enabling the PIs to determine relationships between human activities and the ecological state of the river system. Available best management practices and innovative forms of human settlement that are preferred by the local community will be integrated into statistical models between land use and stream condition to examine the interaction between social acceptability and restoration potential. Through economic evaluation of alternative land management practices the PIs will evaluate the costs of restoration alternatives. The expected outcome is a generalized set of quantitative analysis tools that will enable decision-makers to target rehabilitation needs and opportunities based on innovative alternatives to land use, expected impact on ecological integrity, and estimated cost.</AbstractNarration>
    <MinAmdLetterDate>08/06/1999</MinAmdLetterDate>
    <MaxAmdLetterDate>03/20/2001</MaxAmdLetterDate>
    <ARRAAmount/>
    <AwardID>9900679</AwardID>
    <Investigator>
      <FirstName>Gloria</FirstName>
      <LastName>Helfand</LastName>
      <EmailAddress>ghelfand@umich.edu</EmailAddress>
      <StartDate>08/06/1999</StartDate>
      <EndDate>03/13/2000</EndDate>
      <RoleCode>Former Co-Principal Investigator</RoleCode>
    </Investigator>
    <Investigator>
      <FirstName>David</FirstName>
      <LastName>Allan</LastName>
      <EmailAddress>dallan@umich.edu</EmailAddress>
      <StartDate>08/06/1999</StartDate>
      <EndDate/>
      <RoleCode>Principal Investigator</RoleCode>
    </Investigator>
    <Investigator>
      <FirstName>Andrew</FirstName>
      <LastName>Brenner</LastName>
      <EmailAddress>ajbrenn@umich.edu</EmailAddress>
      <StartDate>08/06/1999</StartDate>
      <EndDate/>
      <RoleCode>Co-Principal Investigator</RoleCode>
    </Investigator>
    <Investigator>
      <FirstName>Joan</FirstName>
      <LastName>Nassauer</LastName>
      <EmailAddress>nassauer@umich.edu</EmailAddress>
      <StartDate>08/06/1999</StartDate>
      <EndDate/>
      <RoleCode>Co-Principal Investigator</RoleCode>
    </Investigator>
    <Institution>
      <Name>University of Michigan Ann Arbor</Name>
      <CityName>Ann Arbor</CityName>
      <ZipCode>481091274</ZipCode>
      <PhoneNumber>7347636438</PhoneNumber>
      <StreetAddress>3003 South State St. Room 1062</StreetAddress>
      <CountryName>United States</CountryName>
      <StateName>Michigan</StateName>
      <StateCode>MI</StateCode>
    </Institution>
    <FoaInformation>
      <Code>0309000</Code>
      <Name>Land Use &amp; Planning</Name>
    </FoaInformation>
    <FoaInformation>
      <Code>0313000</Code>
      <Name>Regional &amp; Environmental</Name>
    </FoaInformation>
    <FoaInformation>
      <Code>0000099</Code>
      <Name>Other Applications NEC</Name>
    </FoaInformation>
  </Award>
</rootTag>
