<?xml version="1.0" encoding="UTF-8"?>

<rootTag>
  <Award>
    <AwardTitle>NSF-CNPq Collaborative Research: Implementation and Compilation of High-Performance, Scalable Parallel Constraint Programming Systems</AwardTitle>
    <AwardEffectiveDate>09/01/1999</AwardEffectiveDate>
    <AwardExpirationDate>08/31/2004</AwardExpirationDate>
    <AwardAmount>140734</AwardAmount>
    <AwardInstrument>
      <Value>Standard Grant</Value>
    </AwardInstrument>
    <Organization>
      <Code>05010000</Code>
      <Directorate>
        <LongName>Direct For Computer &amp; Info Scie &amp; Enginr</LongName>
      </Directorate>
      <Division>
        <LongName>Division of Computing and Communication Foundations</LongName>
      </Division>
    </Organization>
    <ProgramOfficer>
      <SignBlockName>Xiaodong Zhang</SignBlockName>
    </ProgramOfficer>
    <AbstractNarration>Proposal Number: CCR-9900320&lt;br/&gt;TITLE: High-performance, Scalable Parallel&lt;br/&gt; Constraint Programming Systems&lt;br/&gt;PI (and CoPI's): Gopal Gupta and Enrico Pontelli&lt;br/&gt;&lt;br/&gt;Summary:&lt;br/&gt;&lt;br/&gt;Constraint programming incorporates efficient techniques for&lt;br/&gt;solving problems that involve a large amount of search. Even&lt;br/&gt;after incorporating these efficient constraint-solving&lt;br/&gt;techniques, the search space can still be very large.&lt;br/&gt;This project proposes to perform research on design and&lt;br/&gt;implementation of constraint programming systems on shared memory&lt;br/&gt;multiprocessors (SMPs) so that these compute-intensive&lt;br/&gt;constraint programs can be executed much faster. Efficient&lt;br/&gt;implementation techniques for realizing scalable constraint&lt;br/&gt;programming systems on distributed memory multiprocessors (DMPs)&lt;br/&gt;as well as on distributed clusters of SMPs will also be designed.&lt;br/&gt;The project's eventual aim is to build a unified parallel system&lt;br/&gt;that seamlessly runs on a distributed network of shared memory&lt;br/&gt;multiprocessors. The project will be pursued in formal cooperation&lt;br/&gt;with the Federal University of Rio de Janeiro (UFRJ) and the Federal&lt;br/&gt;University of Rio Grande do Sul (UFRGS) in Brazil. The research&lt;br/&gt;will make contributions to the area of constraint programming,&lt;br/&gt;logic programming, parallel processing, and programming languages&lt;br/&gt;through the new techniques developed for scalable implementation,&lt;br/&gt;compilation, and optimizations.</AbstractNarration>
    <MinAmdLetterDate>09/01/1999</MinAmdLetterDate>
    <MaxAmdLetterDate>05/16/2003</MaxAmdLetterDate>
    <ARRAAmount/>
    <AwardID>9900320</AwardID>
    <Investigator>
      <FirstName>Gopal</FirstName>
      <LastName>Gupta</LastName>
      <EmailAddress>gupta@utdallas.edu</EmailAddress>
      <StartDate>09/01/1999</StartDate>
      <EndDate/>
      <RoleCode>Principal Investigator</RoleCode>
    </Investigator>
    <Investigator>
      <FirstName>Enrico</FirstName>
      <LastName>Pontelli</LastName>
      <EmailAddress>epontell@cs.nmsu.edu</EmailAddress>
      <StartDate>09/01/1999</StartDate>
      <EndDate/>
      <RoleCode>Co-Principal Investigator</RoleCode>
    </Investigator>
    <Institution>
      <Name>New Mexico State University</Name>
      <CityName>Las Cruces</CityName>
      <ZipCode>880038002</ZipCode>
      <PhoneNumber>5756461590</PhoneNumber>
      <StreetAddress>Corner of Espina St. &amp; Stewart</StreetAddress>
      <CountryName>United States</CountryName>
      <StateName>New Mexico</StateName>
      <StateCode>NM</StateCode>
    </Institution>
    <ProgramElement>
      <Code>2876</Code>
      <Text>DISTRIBUTED SYSTEMS</Text>
    </ProgramElement>
    <ProgramElement>
      <Code>2885</Code>
      <Text>CISE RESEARCH INFRASTRUCTURE</Text>
    </ProgramElement>
    <ProgramElement>
      <Code>5977</Code>
      <Text>AMERICAS PROGRAM</Text>
    </ProgramElement>
    <ProgramReference>
      <Code>1085</Code>
      <Text>CISE COUNCIL NATIONAL PESQUISAS CNPq</Text>
    </ProgramReference>
    <ProgramReference>
      <Code>5913</Code>
      <Text>BRAZIL</Text>
    </ProgramReference>
    <ProgramReference>
      <Code>9216</Code>
      <Text>ADVANCED SOFTWARE TECH &amp; ALGOR</Text>
    </ProgramReference>
    <ProgramReference>
      <Code>HPCC</Code>
      <Text>HIGH PERFORMANCE COMPUTING &amp; COMM</Text>
    </ProgramReference>
  </Award>
</rootTag>
