<?xml version="1.0" encoding="UTF-8"?>

<rootTag>
  <Award>
    <AwardTitle>Integrating Planning and Design Activities in Material Handling Systems</AwardTitle>
    <AwardEffectiveDate>04/01/1999</AwardEffectiveDate>
    <AwardExpirationDate>04/30/2004</AwardExpirationDate>
    <AwardAmount>456830</AwardAmount>
    <AwardInstrument>
      <Value>Continuing grant</Value>
    </AwardInstrument>
    <Organization>
      <Code>07030000</Code>
      <Directorate>
        <LongName>Directorate For Engineering</LongName>
      </Directorate>
      <Division>
        <LongName>Div Of Civil, Mechanical, &amp; Manufact Inn</LongName>
      </Division>
    </Organization>
    <ProgramOfficer>
      <SignBlockName>Delcie R. Durham</SignBlockName>
    </ProgramOfficer>
    <AbstractNarration>This grant provides funding for development of a 'holonic' modeling framework for manufacturing system control. It will be applied to the study of design and planning in the material handling systems domain. Holonic manufacturing systems include individual units (part, material handling device, or machine controllers) that make autonomous decisions based on guidelines or system-wide constraints provided by higher level controllers such as a cell controller or system controller. Entities (e.g, parts) and resources (e.g., material handling devices and machines) are modeled as intelligent agents that function in a cooperative manner so as to accomplish individual as well as cell-wide and system-wide goals. The framework will be used to study the impact of design decisions on planning aspects (e.g., effect of introducing three automated guided vehicles on part transportation time and traffic congestion in a material flow network). In addition to developing a promising, alternative modeling framework, a major part of the research work will focus on developing a prototype simulation model for material handling system design and planning. The model will be extensively validated as part of an assessment effort and tested for stability and convergence. Thus, a generic MHS model will be developed, a prototype of the framework implemented, and experimentation conducted to allow for quantifiable performance assessment. &lt;br/&gt; If successful, results of this research will demonstrate applicability of the holonic modeling framework in the material handling systems domain. This in turn will enable researchers to consider its application to higher level integrated manufacturing planning and design problems. This project has the potential of significantly benefitting the material handling industry, including designers, manufacturers and users of materials handling systems.</AbstractNarration>
    <MinAmdLetterDate>03/03/1999</MinAmdLetterDate>
    <MaxAmdLetterDate>07/31/2003</MaxAmdLetterDate>
    <ARRAAmount/>
    <AwardID>9900039</AwardID>
    <Investigator>
      <FirstName>Sunderesh</FirstName>
      <LastName>Heragu</LastName>
      <EmailAddress>sshera01@exchange.louisville.edu</EmailAddress>
      <StartDate>03/03/1999</StartDate>
      <EndDate/>
      <RoleCode>Principal Investigator</RoleCode>
    </Investigator>
    <Investigator>
      <FirstName>Robert</FirstName>
      <LastName>Graves</LastName>
      <EmailAddress>robert.j.graves@dartmouth.edu</EmailAddress>
      <StartDate>03/03/1999</StartDate>
      <EndDate/>
      <RoleCode>Co-Principal Investigator</RoleCode>
    </Investigator>
    <Institution>
      <Name>Rensselaer Polytechnic Institute</Name>
      <CityName>Troy</CityName>
      <ZipCode>121803522</ZipCode>
      <PhoneNumber>5182766000</PhoneNumber>
      <StreetAddress>110 8TH ST</StreetAddress>
      <CountryName>United States</CountryName>
      <StateName>New York</StateName>
      <StateCode>NY</StateCode>
    </Institution>
    <FoaInformation>
      <Code>0308000</Code>
      <Name>Industrial Technology</Name>
    </FoaInformation>
  </Award>
</rootTag>
