<?xml version="1.0" encoding="UTF-8"?>

<rootTag>
  <Award>
    <AwardTitle>Dissertation Research: Evoultionary Genetics of Gorillas (Gorilla gorilla) Using Nuclear Autosomal Haplotypes</AwardTitle>
    <AwardEffectiveDate>04/01/1999</AwardEffectiveDate>
    <AwardExpirationDate>03/31/2001</AwardExpirationDate>
    <AwardAmount>12000</AwardAmount>
    <AwardInstrument>
      <Value>Standard Grant</Value>
    </AwardInstrument>
    <Organization>
      <Code>04040400</Code>
      <Directorate>
        <LongName>Direct For Social, Behav &amp; Economic Scie</LongName>
      </Directorate>
      <Division>
        <LongName>Division Of Behavioral and Cognitive Sci</LongName>
      </Division>
    </Organization>
    <ProgramOfficer>
      <SignBlockName>Mark L. Weiss</SignBlockName>
    </ProgramOfficer>
    <AbstractNarration>The objective of this project is to determine the amount and pattern of genetic diversity in the gorilla (Gorilla gorilla), by determining the DNA sequence variation at three independent nuclear loci in representatives from all three gorilla subspecies, as well as from comparable samples of chimpanzees, humans, and orangutans. These data will placed in a biogeographical perspective to be used to determine aspects of the evolutionary history of the gorilla, including the phylogenetic relationships between subspecies, the timing of the splits between subspecies, and past demographic events such as severe population bottlenecks. Special emphasis will be placed on the taxonomy of gorillas, particularly on the use of genetic data to help determine the number of living gorilla species. By comparing the pattern of genetic diversity observed in gorillas to that of chimps and humans, this project will also help in understanding the evolution of our own species, by providing a comparative framework in which to place the large and growing body of data on human genetic evolution. In addition, understanding the genetic substructure of gorillas may help in developing conservation programs for these highly endangered apes.</AbstractNarration>
    <MinAmdLetterDate>02/24/1999</MinAmdLetterDate>
    <MaxAmdLetterDate>02/24/1999</MaxAmdLetterDate>
    <ARRAAmount/>
    <AwardID>9900100</AwardID>
    <Investigator>
      <FirstName>Kenneth</FirstName>
      <LastName>Kidd</LastName>
      <EmailAddress>kenneth.kidd@yale.edu</EmailAddress>
      <StartDate>02/24/1999</StartDate>
      <EndDate/>
      <RoleCode>Principal Investigator</RoleCode>
    </Investigator>
    <Investigator>
      <FirstName>David</FirstName>
      <LastName>Watts</LastName>
      <EmailAddress>david.watts@yale.edu</EmailAddress>
      <StartDate>02/24/1999</StartDate>
      <EndDate/>
      <RoleCode>Co-Principal Investigator</RoleCode>
    </Investigator>
    <Institution>
      <Name>Yale University</Name>
      <CityName>New Haven</CityName>
      <ZipCode>065208327</ZipCode>
      <PhoneNumber>2037854689</PhoneNumber>
      <StreetAddress>Office of Sponsored Projects</StreetAddress>
      <CountryName>United States</CountryName>
      <StateName>Connecticut</StateName>
      <StateCode>CT</StateCode>
    </Institution>
  </Award>
</rootTag>
