<?xml version="1.0" encoding="UTF-8"?>

<rootTag>
  <Award>
    <AwardTitle>The Primordial Universe</AwardTitle>
    <AwardEffectiveDate>08/01/1999</AwardEffectiveDate>
    <AwardExpirationDate>07/31/2000</AwardExpirationDate>
    <AwardAmount>15600</AwardAmount>
    <AwardInstrument>
      <Value>Standard Grant</Value>
    </AwardInstrument>
    <Organization>
      <Code>03020417</Code>
      <Directorate>
        <LongName>Direct For Mathematical &amp; Physical Scien</LongName>
      </Directorate>
      <Division>
        <LongName>Division Of Astronomical Sciences</LongName>
      </Division>
    </Organization>
    <ProgramOfficer>
      <SignBlockName>Nigel Sharp</SignBlockName>
    </ProgramOfficer>
    <AbstractNarration>AST-9900826&lt;br/&gt;&lt;br/&gt;The Primordial Universe&lt;br/&gt;&lt;br/&gt;Joseph Silk&lt;br/&gt;&lt;br/&gt;Six US participants are attending the 1999 Summer School in Theoretical Physics at Les Houches, France. The topic is "The Primordial Universe". One goal of this school is to bring together elementary particle physics and astrophysics. The science goals of elementary particle physics and of astrophysics have considerable overlap, especially with regard to the very early universe and the search for dark matter. The school will consider supersymmetry, large scale structure, superstrings (quantum and cosmology), inflation, fluctuations, baryogensesis, and dark matter.&lt;br/&gt;&lt;br/&gt;****</AbstractNarration>
    <MinAmdLetterDate>08/16/1999</MinAmdLetterDate>
    <MaxAmdLetterDate>08/16/1999</MaxAmdLetterDate>
    <ARRAAmount/>
    <AwardID>9900826</AwardID>
    <Investigator>
      <FirstName>Joseph</FirstName>
      <LastName>Silk</LastName>
      <EmailAddress>Jsilk@pac2.berkeley.edu</EmailAddress>
      <StartDate>08/16/1999</StartDate>
      <EndDate/>
      <RoleCode>Principal Investigator</RoleCode>
    </Investigator>
    <Institution>
      <Name>University of California-Berkeley</Name>
      <CityName>BERKELEY</CityName>
      <ZipCode>947045940</ZipCode>
      <PhoneNumber>5106428109</PhoneNumber>
      <StreetAddress>Sponsored Projects Office</StreetAddress>
      <CountryName>United States</CountryName>
      <StateName>California</StateName>
      <StateCode>CA</StateCode>
    </Institution>
  </Award>
</rootTag>
