<?xml version="1.0" encoding="UTF-8"?>

<rootTag>
  <Award>
    <AwardTitle>Planning Visit to Taiwan: Designing A Virtual-Reality-On-Demand System</AwardTitle>
    <AwardEffectiveDate>05/01/1999</AwardEffectiveDate>
    <AwardExpirationDate>04/30/2000</AwardExpirationDate>
    <AwardAmount>2450</AwardAmount>
    <AwardInstrument>
      <Value>Standard Grant</Value>
    </AwardInstrument>
    <Organization>
      <Code>01090000</Code>
      <Directorate>
        <LongName>Office Of The Director</LongName>
      </Directorate>
      <Division>
        <LongName>Office Of Internatl Science &amp;Engineering</LongName>
      </Division>
    </Organization>
    <ProgramOfficer>
      <SignBlockName>W. Y. B. Chang</SignBlockName>
    </ProgramOfficer>
    <AbstractNarration>9900215&lt;br/&gt;Liu&lt;br/&gt;&lt;br/&gt;&lt;br/&gt;This is a planning visit proposed by Dr. Chien-Liang Liu, Washington State University, to work with Dr. Ruen-Rone Lee of the Taiwan Industrial Technology Research Institute to design a virtual-reality-on-demand system. The proposed system will provide concurrent accesses to the virtual environment. The results will benefit many types of computer applications such as simulation, training and scientific visualization. This study is jointly sponsored by the Taiwan National Science Council and the National Science Foundation.</AbstractNarration>
    <MinAmdLetterDate>03/29/1999</MinAmdLetterDate>
    <MaxAmdLetterDate>03/29/1999</MaxAmdLetterDate>
    <ARRAAmount/>
    <AwardID>9900215</AwardID>
    <Investigator>
      <FirstName>Chien-Liang</FirstName>
      <LastName>Liu</LastName>
      <EmailAddress>jcliu@cise.ufl.edu</EmailAddress>
      <StartDate>03/29/1999</StartDate>
      <EndDate/>
      <RoleCode>Principal Investigator</RoleCode>
    </Investigator>
    <Institution>
      <Name>Washington State University</Name>
      <CityName>PULLMAN</CityName>
      <ZipCode>991641060</ZipCode>
      <PhoneNumber>5093359661</PhoneNumber>
      <StreetAddress>280 Lighty</StreetAddress>
      <CountryName>United States</CountryName>
      <StateName>Washington</StateName>
      <StateCode>WA</StateCode>
    </Institution>
    <FoaInformation>
      <Code>0000912</Code>
      <Name>Computer Science</Name>
    </FoaInformation>
    <ProgramElement>
      <Code>5978</Code>
      <Text>EAST ASIA AND PACIFIC PROGRAM</Text>
    </ProgramElement>
    <ProgramReference>
      <Code>0000</Code>
      <Text>UNASSIGNED</Text>
    </ProgramReference>
    <ProgramReference>
      <Code>5924</Code>
      <Text>TAIWAN</Text>
    </ProgramReference>
    <ProgramReference>
      <Code>OTHR</Code>
      <Text>OTHER RESEARCH OR EDUCATION</Text>
    </ProgramReference>
  </Award>
</rootTag>
