<?xml version="1.0" encoding="UTF-8"?>

<rootTag>
  <Award>
    <AwardTitle>Travel Grant Program for the IXth International Congresses of Mycology and Bacteriology in Sydney Australia</AwardTitle>
    <AwardEffectiveDate>09/01/1999</AwardEffectiveDate>
    <AwardExpirationDate>05/31/2000</AwardExpirationDate>
    <AwardAmount>15000</AwardAmount>
    <AwardInstrument>
      <Value>Standard Grant</Value>
    </AwardInstrument>
    <Organization>
      <Code>08070100</Code>
      <Directorate>
        <LongName>Direct For Biological Sciences</LongName>
      </Directorate>
      <Division>
        <LongName>Div Of Molecular and Cellular Bioscience</LongName>
      </Division>
    </Organization>
    <ProgramOfficer>
      <SignBlockName>Karen C. Cone</SignBlockName>
    </ProgramOfficer>
    <AbstractNarration>ABSTRACT&lt;br/&gt;&lt;br/&gt;Microbiologists from around the world are meeting in Sydney, Australia in August, 1999 to explore a wide-ranging set of research frontiers in bacteriology and mycology. Some of the notable bacteriological topics to be discussed include extremophiles, molecular evolution, intercellular signaling, and bioremedation. Major mycological topics include fungal resistance, species concepts in fungal taxonomy, population genetics of fungi, biodiversity in yeast, and secondary metabolite production. These are among the many meaningful subjects to be addressed at the joint Congresses of the Bacteriology and Applied Microbiology Division and the Mycology Division of the International Union of Microbiological Societies (IUMS). Hosted by the Australian Society for Microbiology and the Australian Academy of Sciences, the Congresses will give microbiologists a broad perspective on advances in their disciplines. Organized as a mixture of invited symposia and paper sessions, it is estimated that the Congresses will attract 5,000 scientists. To support the participation of U.S. scientists in the Congresses a competitive travel grant program has been organized. Travel grants in the amount of $2,000 will be offered to investigators who are in the early stages of their careers who plan to attend and present their research at the Congress. Teams of established and apprentice investigators who apply jointly will receive a combined $3,000 award. Experience has shown that International Congresses provide "young" investigators with a unique educational experience that has a lasting impact on their research careers. The meeting brings those in attendance in contact with a new world of potential collaborators and foreign colleagues in the same and related fields, leading to working partnerships and lifelong friendships. Attendees gain the opportunity to listen to internationally distinguished scientists explain the cutting edge of research across the breadth of microbiology. The International Congresses provide scientists with insight into, and understanding of, the global impact of microbiological research.</AbstractNarration>
    <MinAmdLetterDate>08/26/1999</MinAmdLetterDate>
    <MaxAmdLetterDate>08/26/1999</MaxAmdLetterDate>
    <ARRAAmount/>
    <AwardID>9900517</AwardID>
    <Investigator>
      <FirstName>David</FirstName>
      <LastName>Pramer</LastName>
      <EmailAddress>pramer@orsp.rutgers@edu</EmailAddress>
      <StartDate>08/26/1999</StartDate>
      <EndDate/>
      <RoleCode>Principal Investigator</RoleCode>
    </Investigator>
    <Institution>
      <Name>American Society For Microbiology</Name>
      <CityName>Washington</CityName>
      <ZipCode>200362904</ZipCode>
      <PhoneNumber>2027373600</PhoneNumber>
      <StreetAddress>1752 N STREET NW</StreetAddress>
      <CountryName>United States</CountryName>
      <StateName>District of Columbia</StateName>
      <StateCode>DC</StateCode>
    </Institution>
    <FoaInformation>
      <Code>0000099</Code>
      <Name>Other Applications NEC</Name>
    </FoaInformation>
  </Award>
</rootTag>
