<?xml version="1.0" encoding="UTF-8"?>

<rootTag>
  <Award>
    <AwardTitle>Geometry of Moduli Spaces and Topology of Varieties</AwardTitle>
    <AwardEffectiveDate>07/01/1999</AwardEffectiveDate>
    <AwardExpirationDate>06/30/2003</AwardExpirationDate>
    <AwardAmount>150000</AwardAmount>
    <AwardInstrument>
      <Value>Standard Grant</Value>
    </AwardInstrument>
    <Organization>
      <Code>03040200</Code>
      <Directorate>
        <LongName>Direct For Mathematical &amp; Physical Scien</LongName>
      </Directorate>
      <Division>
        <LongName>Division Of Mathematical Sciences</LongName>
      </Division>
    </Organization>
    <ProgramOfficer>
      <SignBlockName>Sylvia M. Wiegand</SignBlockName>
    </ProgramOfficer>
    <AbstractNarration>This project studies geometric structures on moduli spaces. The recent&lt;br/&gt;theorem of the investigators and Allcock that the moduli space of stable&lt;br/&gt;cubic surfaces is complex hyperbolic suggests that complex hyperbolic&lt;br/&gt;structures on moduli spaces are more common than previously expected. The&lt;br/&gt;project will develop the complex hyperbolic geometry of the moduli spaces of&lt;br/&gt;stable del Pezzo surfaces and of stable cubic threefolds. The consequences&lt;br/&gt;of this geometry to the topology of these spaces will be studied. It is&lt;br/&gt;expected that the moduli spaces of smooth del Pezzo surfaces and smooth cubic&lt;br/&gt;threefolds are Eilenberg-MacLane spaces, and that their fundamental groups&lt;br/&gt;are not linear groups, perhaps not even residually finite groups. The real&lt;br/&gt;hyperbolic geometry of the real points of these spaces, and the relation to&lt;br/&gt;the real algebraic geometry of del Pezzo surfaces and cubic threefolds, will&lt;br/&gt;also be developed. Connections with symplectic geometry and automorphic&lt;br/&gt;forms are also expected.&lt;br/&gt;&lt;br/&gt;&lt;br/&gt;The general area of research concerns the study of spaces known as moduli&lt;br/&gt;spaces. The central idea is that a collection of geometric objects has&lt;br/&gt;itself its own geometry. This new geometry is called the moduli space of the&lt;br/&gt;original objects. There is a rich interplay between the geometry of the&lt;br/&gt;original objects and the geometry of the moduli space, for example the&lt;br/&gt;symmetries of one reflect themselves in the symmetries of the other. The&lt;br/&gt;simplest example would be the shapes of triangles in the plane: each shape is&lt;br/&gt;determined by the ratios of the sides, the moduli space is the collection of&lt;br/&gt;these ratios, a triangle in the plane with its own geometry. This simple&lt;br/&gt;example leads quickly to very intricate ones: one could take more&lt;br/&gt;complicated polygons or polyhedra. Or one could reduce the study of shapes&lt;br/&gt;of lattices in the plane (thus flat tori, thus elliptic curves, thus cubic&lt;br/&gt;curves over the complex numbers) to this example. Algebraic geometry gives&lt;br/&gt;many interesting examples of moduli spaces whose geometry is very actively&lt;br/&gt;studied.</AbstractNarration>
    <MinAmdLetterDate>05/07/1999</MinAmdLetterDate>
    <MaxAmdLetterDate>05/07/1999</MaxAmdLetterDate>
    <ARRAAmount/>
    <AwardID>9900543</AwardID>
    <Investigator>
      <FirstName>James</FirstName>
      <LastName>Carlson</LastName>
      <EmailAddress>carlson@math.utah.edu</EmailAddress>
      <StartDate>05/07/1999</StartDate>
      <EndDate/>
      <RoleCode>Co-Principal Investigator</RoleCode>
    </Investigator>
    <Investigator>
      <FirstName>Domingo</FirstName>
      <LastName>Toledo</LastName>
      <EmailAddress>toledo@math.utah.edu</EmailAddress>
      <StartDate>05/07/1999</StartDate>
      <EndDate/>
      <RoleCode>Principal Investigator</RoleCode>
    </Investigator>
    <Institution>
      <Name>University of Utah</Name>
      <CityName>SALT LAKE CITY</CityName>
      <ZipCode>841128930</ZipCode>
      <PhoneNumber>8015816903</PhoneNumber>
      <StreetAddress>75 S 2000 E</StreetAddress>
      <CountryName>United States</CountryName>
      <StateName>Utah</StateName>
      <StateCode>UT</StateCode>
    </Institution>
  </Award>
</rootTag>
