<?xml version="1.0" encoding="UTF-8"?>

<rootTag>
  <Award>
    <AwardTitle>Shipboard Scientific Support Equipment 1999</AwardTitle>
    <AwardEffectiveDate>05/15/1999</AwardEffectiveDate>
    <AwardExpirationDate>04/30/2001</AwardExpirationDate>
    <AwardAmount>30164</AwardAmount>
    <AwardInstrument>
      <Value>Standard Grant</Value>
    </AwardInstrument>
    <Organization>
      <Code>06040100</Code>
      <Directorate>
        <LongName>Directorate For Geosciences</LongName>
      </Directorate>
      <Division>
        <LongName>Division Of Ocean Sciences</LongName>
      </Division>
    </Organization>
    <ProgramOfficer>
      <SignBlockName>Emma R. Dieter</SignBlockName>
    </ProgramOfficer>
    <AbstractNarration>9900919&lt;br/&gt;Ljunggren&lt;br/&gt;This award to Columbia University will provide equipment in support of oceanographic research on R/V Ewing, a research vessel operated by the university's Lamont-Doherty Earth Observatory as part of the University-National Oceanographic Laboratory System research fleet. Specific equipment to be acquired includes a waste disposer, welder, washer, anti-exposure work suits, foam nozzles for fire fighting equipment, and a portable blower. The shared-use equipment supported here will improve safety and habitability of the vessel, and assist marine scientists conduct studies from R/V Ewing, throughout the world ocean, during 1999 and future years. &lt;br/&gt;***</AbstractNarration>
    <MinAmdLetterDate>05/10/1999</MinAmdLetterDate>
    <MaxAmdLetterDate>05/10/1999</MaxAmdLetterDate>
    <ARRAAmount/>
    <AwardID>9900919</AwardID>
    <Investigator>
      <FirstName>Dennis</FirstName>
      <LastName>Hayes</LastName>
      <EmailAddress>deph@ldeo.columbia.edu</EmailAddress>
      <StartDate>05/10/1999</StartDate>
      <EndDate/>
      <RoleCode>Co-Principal Investigator</RoleCode>
    </Investigator>
    <Investigator>
      <FirstName>Paul</FirstName>
      <LastName>Ljunggren</LastName>
      <EmailAddress>pwl@ldeo.columbia.edu</EmailAddress>
      <StartDate>05/10/1999</StartDate>
      <EndDate/>
      <RoleCode>Principal Investigator</RoleCode>
    </Investigator>
    <Institution>
      <Name>Columbia University</Name>
      <CityName>NEW YORK</CityName>
      <ZipCode>100276902</ZipCode>
      <PhoneNumber>2128546851</PhoneNumber>
      <StreetAddress>2960 Broadway</StreetAddress>
      <CountryName>United States</CountryName>
      <StateName>New York</StateName>
      <StateCode>NY</StateCode>
    </Institution>
  </Award>
</rootTag>
