<?xml version="1.0" encoding="UTF-8"?>

<rootTag>
  <Award>
    <AwardTitle>A Comprehensive Framework and Software for Simulation Input Modeling</AwardTitle>
    <AwardEffectiveDate>07/01/1999</AwardEffectiveDate>
    <AwardExpirationDate>05/31/2002</AwardExpirationDate>
    <AwardAmount>139643</AwardAmount>
    <AwardInstrument>
      <Value>Standard Grant</Value>
    </AwardInstrument>
    <Organization>
      <Code>07030000</Code>
      <Directorate>
        <LongName>Directorate For Engineering</LongName>
      </Directorate>
      <Division>
        <LongName>Div Of Civil, Mechanical, &amp; Manufact Inn</LongName>
      </Division>
    </Organization>
    <ProgramOfficer>
      <SignBlockName>Stephen G. Nash</SignBlockName>
    </ProgramOfficer>
    <AbstractNarration>This grant provides funding for the development of a comprehensive framework for stochastic simulation input modeling that can accomplish the following: (1) represent a wide range of steady-state simulation input models, including independent univariate processes, finite-dimensional random vectors, stationary univariate time-series processes, and stationary vector-time-series processes; (2) fit these input models to data via automated algorithms while enabling intuitive, direct modification of the fitted models via the user's&lt;br/&gt;subjective judgment or partial information such as bounds, percentiles, or moments; (3) generate realizations of these input processes quickly and accurately in order to drive large-scale computer simulations; and (4) facilitate sensitivity analysis of simulation outputs with respect to simulation inputs by making the input models readily adjustable in terms of easily understood parameters. The framework will be based on the ability to represent, fit, and generate observations from a stationary multivariate vector time series in which each individual component can have either a Johnson, Bezier, or discrete marginal distribution; moreover, the dependence structure is specified via product-moment correlations between pairs of components that are separated by selected time lags. Such an input process will be constructed by an appropriate transformation of a Gaussian vector autoregressive process.&lt;br/&gt; The primary benefit of this research is that it will take reliable input modeling out of the domain of statistical specialists and put it into the hands of everyday simulation users. Simulation inputs form the core of every stochastic simulation model, so this will substantially improve the fidelity of practical simulation models, leading to more accurate results and better decisions. Since simulation analysts use what they find in software, the software developed in this research and made available to commercial vendors&lt;br/&gt;should speed the technology transfer.</AbstractNarration>
    <MinAmdLetterDate>07/02/1999</MinAmdLetterDate>
    <MaxAmdLetterDate>07/02/1999</MaxAmdLetterDate>
    <ARRAAmount/>
    <AwardID>9900164</AwardID>
    <Investigator>
      <FirstName>James</FirstName>
      <LastName>Wilson</LastName>
      <EmailAddress>jwilson@ncsu.edu</EmailAddress>
      <StartDate>07/02/1999</StartDate>
      <EndDate/>
      <RoleCode>Principal Investigator</RoleCode>
    </Investigator>
    <Institution>
      <Name>North Carolina State University</Name>
      <CityName>RALEIGH</CityName>
      <ZipCode>276957514</ZipCode>
      <PhoneNumber>9195152444</PhoneNumber>
      <StreetAddress>CAMPUS BOX 7514</StreetAddress>
      <CountryName>United States</CountryName>
      <StateName>North Carolina</StateName>
      <StateCode>NC</StateCode>
    </Institution>
    <FoaInformation>
      <Code>0308000</Code>
      <Name>Industrial Technology</Name>
    </FoaInformation>
    <ProgramElement>
      <Code>5514</Code>
      <Text>OPERATIONS RESEARCH</Text>
    </ProgramElement>
    <ProgramReference>
      <Code>9147</Code>
      <Text>GENERIC TECHNOL FOR MANUFACTURING CELLS</Text>
    </ProgramReference>
    <ProgramReference>
      <Code>MANU</Code>
      <Text>MANUFACTURING</Text>
    </ProgramReference>
  </Award>
</rootTag>
