<?xml version="1.0" encoding="UTF-8"?>

<rootTag>
  <Award>
    <AwardTitle>GOALI: Agile Fabrication of Gel-Cast Multicomponent Oxide Composites</AwardTitle>
    <AwardEffectiveDate>05/01/1999</AwardEffectiveDate>
    <AwardExpirationDate>04/30/2002</AwardExpirationDate>
    <AwardAmount>232694</AwardAmount>
    <AwardInstrument>
      <Value>Standard Grant</Value>
    </AwardInstrument>
    <Organization>
      <Code>07030000</Code>
      <Directorate>
        <LongName>Directorate For Engineering</LongName>
      </Directorate>
      <Division>
        <LongName>Div Of Civil, Mechanical, &amp; Manufact Inn</LongName>
      </Division>
    </Organization>
    <ProgramOfficer>
      <SignBlockName>George A. Hazelrigg</SignBlockName>
    </ProgramOfficer>
    <AbstractNarration>An innovative, agile approach for reliably fabricating tailored oxide composites for high temperature diesel engine applications is being developed under Grant Opportunities for Academic Liaison with Industry (GOALI) program involving researchers at the University of Illinois and Caterpillar, Inc. This interdisciplinary university-industry program is aimed at establishing the underlying processing knowledge base needed to create the next generation of components for diesel engines with high thermal efficiency and reduced fuel consumption. The program involves the simultaneous development a new materials system, manufacturing process, and target application. The materials system consists of an oxide-based composite powder processed in an aqueous organic solution that undergoes gelation to form a rigid component upon casting. This system will serve as the feedstock in a robotically controlled extrusion apparatus, a solid freeform fabrication device, that allows for local compositional tailoring on length scales of the order of 100 um.&lt;br/&gt; The combination of these two emerging technologies, "gel" casting and solid freeform fabrication, will be studied here for the first time, and should yield dramatic improvements in the processing, design, and performance of advanced ceramics.</AbstractNarration>
    <MinAmdLetterDate>04/08/1999</MinAmdLetterDate>
    <MaxAmdLetterDate>05/30/2000</MaxAmdLetterDate>
    <ARRAAmount/>
    <AwardID>9900130</AwardID>
    <Investigator>
      <FirstName>Michael</FirstName>
      <LastName>Long</LastName>
      <EmailAddress>long_michael_c@cat.com</EmailAddress>
      <StartDate>04/08/1999</StartDate>
      <EndDate/>
      <RoleCode>Co-Principal Investigator</RoleCode>
    </Investigator>
    <Investigator>
      <FirstName>Jennifer</FirstName>
      <LastName>Lewis</LastName>
      <EmailAddress>jalewis@seas.harvard.edu</EmailAddress>
      <StartDate>04/08/1999</StartDate>
      <EndDate/>
      <RoleCode>Principal Investigator</RoleCode>
    </Investigator>
    <Institution>
      <Name>University of Illinois at Urbana-Champaign</Name>
      <CityName>CHAMPAIGN</CityName>
      <ZipCode>618207473</ZipCode>
      <PhoneNumber>2173332187</PhoneNumber>
      <StreetAddress>SUITE A</StreetAddress>
      <CountryName>United States</CountryName>
      <StateName>Illinois</StateName>
      <StateCode>IL</StateCode>
    </Institution>
    <FoaInformation>
      <Code>0308000</Code>
      <Name>Industrial Technology</Name>
    </FoaInformation>
    <ProgramElement>
      <Code>1467</Code>
      <Text>MATERIALS PROCESSING AND MANFG</Text>
    </ProgramElement>
    <ProgramElement>
      <Code>1504</Code>
      <Text>GRANT OPP FOR ACAD LIA W/INDUS</Text>
    </ProgramElement>
    <ProgramReference>
      <Code>1049</Code>
      <Text>INDUSTRY-UNIV COOPERATIVE RSCH PROJECTS</Text>
    </ProgramReference>
    <ProgramReference>
      <Code>1467</Code>
      <Text>MATERIALS PROCESSING AND MANFG</Text>
    </ProgramReference>
    <ProgramReference>
      <Code>1504</Code>
      <Text>GRANT OPP FOR ACAD LIA W/INDUS</Text>
    </ProgramReference>
    <ProgramReference>
      <Code>9102</Code>
      <Text>WOMEN, MINORITY, DISABLED, NEC</Text>
    </ProgramReference>
    <ProgramReference>
      <Code>9146</Code>
      <Text>MANUFACTURING BASE RESEARCH</Text>
    </ProgramReference>
    <ProgramReference>
      <Code>9163</Code>
      <Text>SINGLE DIVISION/UNIVERSITY - INDUSTRY</Text>
    </ProgramReference>
    <ProgramReference>
      <Code>9178</Code>
      <Text>UNDERGRADUATE EDUCATION</Text>
    </ProgramReference>
    <ProgramReference>
      <Code>9251</Code>
      <Text>RES EXPER FOR UNDERGRAD-SUPPLT</Text>
    </ProgramReference>
    <ProgramReference>
      <Code>MANU</Code>
      <Text>MANUFACTURING</Text>
    </ProgramReference>
  </Award>
</rootTag>
