<?xml version="1.0" encoding="UTF-8"?>

<rootTag>
  <Award>
    <AwardTitle>A Deep Wide Field IR Survey: Old Galaxies at High Redshifts</AwardTitle>
    <AwardEffectiveDate>08/01/1999</AwardEffectiveDate>
    <AwardExpirationDate>07/31/2003</AwardExpirationDate>
    <AwardAmount>313990</AwardAmount>
    <AwardInstrument>
      <Value>Continuing grant</Value>
    </AwardInstrument>
    <Organization>
      <Code>03020417</Code>
      <Directorate>
        <LongName>Direct For Mathematical &amp; Physical Scien</LongName>
      </Directorate>
      <Division>
        <LongName>Division Of Astronomical Sciences</LongName>
      </Division>
    </Organization>
    <ProgramOfficer>
      <SignBlockName>Nigel Sharp</SignBlockName>
    </ProgramOfficer>
    <AbstractNarration>AST-9900806&lt;br/&gt;A deep wide field infrared survey: old galaxies at high redshifts&lt;br/&gt;&lt;br/&gt;Sven Persson&lt;br/&gt;&lt;br/&gt;Dr. Persson in conducting a near infrared and optical survey to study galaxies at redshifts from 1 to 2. His team has access to a four-channel mosaic infrared imager (at Carnegie and at Cambridge) that allows them to survey one square degree to depths sufficient to detect galaxies more than a magnitude fainter than L* at z = 1 and L* galaxies to z = 2. They plan to locate the oldest galaxies present, derive their space density and luminosity functions for comparison with lower redshifts as a test for luminosity and density evolution. They expect to detect 3000 galaxies and estimate their redshifts to +/-0.2. The fields have been chosen to reachable with the Very Large Array (VLA).&lt;br/&gt;&lt;br/&gt;***</AbstractNarration>
    <MinAmdLetterDate>07/30/1999</MinAmdLetterDate>
    <MaxAmdLetterDate>07/06/2001</MaxAmdLetterDate>
    <ARRAAmount/>
    <AwardID>9900806</AwardID>
    <Investigator>
      <FirstName>Patrick</FirstName>
      <LastName>McCarthy</LastName>
      <EmailAddress>pmc2@ociw.edu</EmailAddress>
      <StartDate>07/30/1999</StartDate>
      <EndDate/>
      <RoleCode>Co-Principal Investigator</RoleCode>
    </Investigator>
    <Investigator>
      <FirstName>Augustus</FirstName>
      <LastName>Oemler</LastName>
      <EmailAddress>oemler@ociw.edu</EmailAddress>
      <StartDate>07/30/1999</StartDate>
      <EndDate/>
      <RoleCode>Co-Principal Investigator</RoleCode>
    </Investigator>
    <Investigator>
      <FirstName>Alan</FirstName>
      <LastName>Dressler</LastName>
      <EmailAddress>dressler@obs.carnegiescience.edu</EmailAddress>
      <StartDate>07/30/1999</StartDate>
      <EndDate/>
      <RoleCode>Co-Principal Investigator</RoleCode>
    </Investigator>
    <Investigator>
      <FirstName>Ronald</FirstName>
      <LastName>Marzke</LastName>
      <EmailAddress>marzke@sfsu.edu</EmailAddress>
      <StartDate>07/30/1999</StartDate>
      <EndDate/>
      <RoleCode>Co-Principal Investigator</RoleCode>
    </Investigator>
    <Investigator>
      <FirstName>Sven</FirstName>
      <LastName>Persson</LastName>
      <EmailAddress>svenericpersson@gmail.com</EmailAddress>
      <StartDate>07/30/1999</StartDate>
      <EndDate/>
      <RoleCode>Principal Investigator</RoleCode>
    </Investigator>
    <Institution>
      <Name>Carnegie Institution of Washington</Name>
      <CityName>WASHINGTON</CityName>
      <ZipCode>200051910</ZipCode>
      <PhoneNumber>2023876400</PhoneNumber>
      <StreetAddress>1530 P ST NW</StreetAddress>
      <CountryName>United States</CountryName>
      <StateName>District of Columbia</StateName>
      <StateCode>DC</StateCode>
    </Institution>
    <FoaInformation>
      <Code>0000099</Code>
      <Name>Other Applications NEC</Name>
    </FoaInformation>
    <ProgramElement>
      <Code>1217</Code>
      <Text>EXTRAGALACTIC ASTRON &amp; COSMOLO</Text>
    </ProgramElement>
    <ProgramReference>
      <Code>0000</Code>
      <Text>UNASSIGNED</Text>
    </ProgramReference>
    <ProgramReference>
      <Code>1217</Code>
      <Text>EXTRAGALACTIC ASTRON &amp; COSMOLO</Text>
    </ProgramReference>
    <ProgramReference>
      <Code>OTHR</Code>
      <Text>OTHER RESEARCH OR EDUCATION</Text>
    </ProgramReference>
    <ProgramReference>
      <Code>1207</Code>
      <Text>OBSERVATIONAL ASTRONOMY</Text>
    </ProgramReference>
  </Award>
</rootTag>
