<?xml version="1.0" encoding="UTF-8"?>

<rootTag>
  <Award>
    <AwardTitle>SMART Parents (Science, Mathematics And Related Technology for Parents)</AwardTitle>
    <AwardEffectiveDate>08/01/1999</AwardEffectiveDate>
    <AwardExpirationDate>09/30/2003</AwardExpirationDate>
    <AwardAmount>862790</AwardAmount>
    <AwardInstrument>
      <Value>Standard Grant</Value>
    </AwardInstrument>
    <Organization>
      <Code>11090000</Code>
      <Directorate>
        <LongName>Direct For Education and Human Resources</LongName>
      </Directorate>
      <Division>
        <LongName>Division Of Research On Learning</LongName>
      </Division>
    </Organization>
    <ProgramOfficer>
      <SignBlockName>Julie Johnson</SignBlockName>
    </ProgramOfficer>
    <AbstractNarration>9900373&lt;br/&gt;BERG&lt;br/&gt;&lt;br/&gt;The New York City Board of Education Community School District #18 requests $862,790 to design a Parent Involvement in Science, Mathematics, and Technology Program. The program is designed to stimulate parents to become informed, active proponents for high quality and more universally available science, mathematics, and technology education for their children. The SMART Parents project team would design and disseminate strategies to enable parents to support their children's science, mathematics, and technology education.&lt;br/&gt;&lt;br/&gt;Innovative materials and strategies will be developed that will actively engage over 6,000 parents/families over the thirty-eight (38) months duration of the project. Almost 20,000 families will become involved in the leadership-training component of this project. The initiative will assist parents in supporting their children's education in science, mathematics, and technology education. Ultimately, the project will enhance parents' knowledge and understanding of Informal Science Education.</AbstractNarration>
    <MinAmdLetterDate>09/01/1999</MinAmdLetterDate>
    <MaxAmdLetterDate>10/10/2000</MaxAmdLetterDate>
    <ARRAAmount/>
    <AwardID>9900373</AwardID>
    <Investigator>
      <FirstName>Lorraine</FirstName>
      <LastName>Barber</LastName>
      <EmailAddress/>
      <StartDate>09/01/1999</StartDate>
      <EndDate>10/10/2000</EndDate>
      <RoleCode>Former Co-Principal Investigator</RoleCode>
    </Investigator>
    <Investigator>
      <FirstName>Carolyn</FirstName>
      <LastName>Parker</LastName>
      <EmailAddress/>
      <StartDate>10/10/2000</StartDate>
      <EndDate/>
      <RoleCode>Co-Principal Investigator</RoleCode>
    </Investigator>
    <Investigator>
      <FirstName>Barbara</FirstName>
      <LastName>Berg</LastName>
      <EmailAddress>bberg@nycboe.net</EmailAddress>
      <StartDate>09/01/1999</StartDate>
      <EndDate/>
      <RoleCode>Principal Investigator</RoleCode>
    </Investigator>
    <Institution>
      <Name>New York City Board of Education</Name>
      <CityName>New York</CityName>
      <ZipCode>100071243</ZipCode>
      <PhoneNumber>2123740200</PhoneNumber>
      <StreetAddress>52 Chambers Street - Room 320</StreetAddress>
      <CountryName>United States</CountryName>
      <StateName>New York</StateName>
      <StateCode>NY</StateCode>
    </Institution>
    <FoaInformation>
      <Code>0000099</Code>
      <Name>Other Applications NEC</Name>
    </FoaInformation>
    <ProgramElement>
      <Code>7259</Code>
      <Text>AISL</Text>
    </ProgramElement>
    <ProgramReference>
      <Code>9177</Code>
      <Text>ELEMENTARY/SECONDARY EDUCATION</Text>
    </ProgramReference>
    <ProgramReference>
      <Code>SMET</Code>
      <Text>SCIENCE, MATH, ENG &amp; TECH EDUCATION</Text>
    </ProgramReference>
  </Award>
</rootTag>
