<?xml version="1.0" encoding="UTF-8"?>

<rootTag>
  <Award>
    <AwardTitle>Theoretical Studies of Hadronic and Nuclear Dynamics</AwardTitle>
    <AwardEffectiveDate>07/01/1999</AwardEffectiveDate>
    <AwardExpirationDate>03/31/2003</AwardExpirationDate>
    <AwardAmount>412057</AwardAmount>
    <AwardInstrument>
      <Value>Continuing grant</Value>
    </AwardInstrument>
    <Organization>
      <Code>03010500</Code>
      <Directorate>
        <LongName>Direct For Mathematical &amp; Physical Scien</LongName>
      </Directorate>
      <Division>
        <LongName>Division Of Physics</LongName>
      </Division>
    </Organization>
    <ProgramOfficer>
      <SignBlockName>Earle L. Lomon</SignBlockName>
    </ProgramOfficer>
    <AbstractNarration>The main thesis in our proposed research is to investigate the dynamics of hadronic and nuclear systems with a particular emphasis on its relation to the underlying dynamics of quarks and gluons and also with a view to using nuclear phenomena for studying symmetries of elementary processes. Specifically, we study the consequences of nuclear chiral perturbation theory as applied to few-nucleon systems, in-nuclear-medium meson properties, the quark structure of hadrons, phenomenology of axial U(1) symmetry, proton-antiproton annihilation at low energies and neutrino-nucleus reactions and their application to astrophysics.</AbstractNarration>
    <MinAmdLetterDate>06/02/1999</MinAmdLetterDate>
    <MaxAmdLetterDate>05/25/2001</MaxAmdLetterDate>
    <ARRAAmount/>
    <AwardID>9900756</AwardID>
    <Investigator>
      <FirstName>Kuniharu</FirstName>
      <LastName>Kubodera</LastName>
      <EmailAddress>kubodera@sc.edu</EmailAddress>
      <StartDate>06/02/1999</StartDate>
      <EndDate/>
      <RoleCode>Principal Investigator</RoleCode>
    </Investigator>
    <Investigator>
      <FirstName>Fred</FirstName>
      <LastName>Myhrer</LastName>
      <EmailAddress>myhrer@physics.sc.edu</EmailAddress>
      <StartDate>06/02/1999</StartDate>
      <EndDate/>
      <RoleCode>Co-Principal Investigator</RoleCode>
    </Investigator>
    <Institution>
      <Name>University of South Carolina at Columbia</Name>
      <CityName>COLUMBIA</CityName>
      <ZipCode>292080001</ZipCode>
      <PhoneNumber>8037777093</PhoneNumber>
      <StreetAddress>Sponsored Awards Management</StreetAddress>
      <CountryName>United States</CountryName>
      <StateName>South Carolina</StateName>
      <StateCode>SC</StateCode>
    </Institution>
    <FoaInformation>
      <Code>0000099</Code>
      <Name>Other Applications NEC</Name>
    </FoaInformation>
  </Award>
</rootTag>
