<?xml version="1.0" encoding="UTF-8"?>

<rootTag>
  <Award>
    <AwardTitle>IAS/Park City Mathematics Institute</AwardTitle>
    <AwardEffectiveDate>09/01/1999</AwardEffectiveDate>
    <AwardExpirationDate>08/31/2007</AwardExpirationDate>
    <AwardAmount>2395000</AwardAmount>
    <AwardInstrument>
      <Value>Continuing grant</Value>
    </AwardInstrument>
    <Organization>
      <Code>03040100</Code>
      <Directorate>
        <LongName>Direct For Mathematical &amp; Physical Scien</LongName>
      </Directorate>
      <Division>
        <LongName>Division Of Mathematical Sciences</LongName>
      </Division>
    </Organization>
    <ProgramOfficer>
      <SignBlockName>Dean M. Evasius</SignBlockName>
    </ProgramOfficer>
    <AbstractNarration>This proposal is submitted to the Divisions of Mathematical Sciences and Elementary, Secondary, and Informal Education, seeking partial support for the IAS/Park City Mathematics Institute (PCMI). Support for the Research Program, the Graduate Summer School, the Undergraduate Summer School, and the Mentoring Program for Women in Mathematics is requested for five years, beginning in 1999. Partial support for the High School Teachers Program is sought for two years. Support for the remaining programs will be found from other sources.&lt;br/&gt;&lt;br/&gt;The IAS/Park City Mathematics Institute (PCMI) is a program of the Institute for Advanced Study in Princeton, New Jersey. The mission of the PCMI is to promote research in both mathematics and mathematics education, and to improve mathematics education at every level from K-12 through graduate school. It is built on the premise that dynamic interaction among mathematicians, educators, and students is essential to the optimal functioning of the mathematical enterprise. It has eight years of experience in promoting this goal, supported in major part by the National Science Foundation. Sponsorship by the Institute for Advanced Study reflects the Institute's commitment to extend the activities of the research community toward such broader societal goals.&lt;br/&gt;&lt;br/&gt;The activities of the PCMI include a three-week Summer Session for all participants, a year-round program for local high school teachers site groups, a Mentoring Program for Women in Mathematics, and a Continuing&lt;br/&gt;Outreach Program for Alumni Sites of high school teachers.&lt;br/&gt;&lt;br/&gt;The primary focus of the PCMI is the three-week Summer Session, where participants gather to share information and experiences at many levels. The Summer Session is organized around a Research Topic that provides the academic focus for all programs. In 1999 the Research Topic will be Arithmetic Algebraic Geometry.&lt;br/&gt;&lt;br/&gt;The Summer Session includes six programs: the Undergraduate Summer School, the Graduate Summer School, the Research Program in Mathematics, the High School Teacher Program, the Undergraduate Faculty Program, and the Research Program in Mathematics Education. The presence of all of the programs in one place and at one time gives the whole enterprise a high spirit that is often lacking when one of these groups meets by itself. For example, the educational programs provide a subject for animated conversations involving everyone. This leads to more informality and casual interaction, breaking barriers between advanced researchers, fresh PhDs, students, and high school teachers. This kind of interaction has the expected payoff in terms of felicitous exchange of ideas and the beginnings of collaborations. The whole of the Summer Session is far greater than the sum of its parts.</AbstractNarration>
    <MinAmdLetterDate>08/30/1999</MinAmdLetterDate>
    <MaxAmdLetterDate>02/12/2007</MaxAmdLetterDate>
    <ARRAAmount/>
    <AwardID>9900969</AwardID>
    <Investigator>
      <FirstName>Robert</FirstName>
      <LastName>MacPherson</LastName>
      <EmailAddress>rdm@ias.edu</EmailAddress>
      <StartDate>08/30/1999</StartDate>
      <EndDate/>
      <RoleCode>Principal Investigator</RoleCode>
    </Investigator>
    <Institution>
      <Name>Institute For Advanced Study</Name>
      <CityName>PRINCETON</CityName>
      <ZipCode>085404907</ZipCode>
      <PhoneNumber>6097348000</PhoneNumber>
      <StreetAddress>EINSTEIN DRIVE</StreetAddress>
      <CountryName>United States</CountryName>
      <StateName>New Jersey</StateName>
      <StateCode>NJ</StateCode>
    </Institution>
    <FoaInformation>
      <Code>0000099</Code>
      <Name>Other Applications NEC</Name>
    </FoaInformation>
    <ProgramElement>
      <Code>1260</Code>
      <Text>INFRASTRUCTURE PROGRAM</Text>
    </ProgramElement>
    <ProgramElement>
      <Code>7300</Code>
      <Text>TEACHER ENHANCEMENT PROGRAM</Text>
    </ProgramElement>
    <ProgramReference>
      <Code>0000</Code>
      <Text>UNASSIGNED</Text>
    </ProgramReference>
    <ProgramReference>
      <Code>OTHR</Code>
      <Text>OTHER RESEARCH OR EDUCATION</Text>
    </ProgramReference>
  </Award>
</rootTag>
