<?xml version="1.0" encoding="UTF-8"?>

<rootTag>
  <Award>
    <AwardTitle>Environmentally-Assisted Fatigue Crack Growth in Concrete</AwardTitle>
    <AwardEffectiveDate>09/01/1999</AwardEffectiveDate>
    <AwardExpirationDate>08/31/2002</AwardExpirationDate>
    <AwardAmount>48565</AwardAmount>
    <AwardInstrument>
      <Value>Standard Grant</Value>
    </AwardInstrument>
    <Organization>
      <Code>07030000</Code>
      <Directorate>
        <LongName>Directorate For Engineering</LongName>
      </Directorate>
      <Division>
        <LongName>Div Of Civil, Mechanical, &amp; Manufact Inn</LongName>
      </Division>
    </Organization>
    <ProgramOfficer>
      <SignBlockName>Jorn Larsen-Basse</SignBlockName>
    </ProgramOfficer>
    <AbstractNarration>The proposed program will develop a multiparameter probabilistic fracture&lt;br/&gt;mechanics and finite element framework for the prediction of fatigue crack&lt;br/&gt;growth in a selected grade of concrete. Fatigue crack growth experiments&lt;br/&gt;will be used to establish a fracture mechanics framework for the prediction&lt;br/&gt;of fatigue crack growth in concrete as a function of multiple mechanical&lt;br/&gt;driving forces. The results will be synthesized into a single multiparameter&lt;br/&gt;equation using multiple linear regression techniques. The Principal&lt;br/&gt;Investigators will also use funds from the proposed program to continue&lt;br/&gt;their outreach and teaching programs to minority engineering students,&lt;br/&gt;initiated with NSF support over the past few years. At the graduate level, a&lt;br/&gt;new college-wide course will be introduced on Probabilistic Engineering&lt;br/&gt;Methods for the Analysis of Failure using examples from the Principal&lt;br/&gt;Investigators' prior work on fatigue, fracture, creep, and wear of structral&lt;br/&gt;materials. The proposed program will, therefore, contribute significantly to&lt;br/&gt;teaching and research in the area of engineering mechanics and materials.&lt;br/&gt;Furthermore, it willl establish a new methodolgy for the combined assessment&lt;br/&gt;of the effects of multiple parameters on fatigue crack growth in concrete.&lt;br/&gt;The resulting single multiparameter equation could form the basis for the&lt;br/&gt;development of a fracture-mechanics based approach for the prediction of&lt;br/&gt;fatigue crack growth in concrete structures. It could also establish a&lt;br/&gt;framework for future research on the effects of concrete chemistry and&lt;br/&gt;microstructure on fatigue crack growth. This could result ultimately in the&lt;br/&gt;design of concrete compositons and microstructures with better fatigue crack&lt;br/&gt;growth resistance than existing grades of concrete. The optimization of&lt;br/&gt;concrete composition and microstructure could also lead eventually to lower&lt;br/&gt;life cycle costs and improved durability of concrete structures and&lt;br/&gt;infrastructure.</AbstractNarration>
    <MinAmdLetterDate>08/27/1999</MinAmdLetterDate>
    <MaxAmdLetterDate>07/19/2001</MaxAmdLetterDate>
    <ARRAAmount/>
    <AwardID>9900064</AwardID>
    <Investigator>
      <FirstName>Winston</FirstName>
      <LastName>Soboyejo</LastName>
      <EmailAddress>wsoboyejo@wpi.edu</EmailAddress>
      <StartDate>08/27/1999</StartDate>
      <EndDate/>
      <RoleCode>Co-Principal Investigator</RoleCode>
    </Investigator>
    <Investigator>
      <FirstName>Alfred</FirstName>
      <LastName>Soboyejo</LastName>
      <EmailAddress>soboyejo.2@osu.edu</EmailAddress>
      <StartDate>08/27/1999</StartDate>
      <EndDate/>
      <RoleCode>Principal Investigator</RoleCode>
    </Investigator>
    <Investigator>
      <FirstName>Noriko</FirstName>
      <LastName>Katsube</LastName>
      <EmailAddress>katsube.1@osu.edu</EmailAddress>
      <StartDate>08/27/1999</StartDate>
      <EndDate/>
      <RoleCode>Co-Principal Investigator</RoleCode>
    </Investigator>
    <Institution>
      <Name>Ohio State University Research Foundation -DO NOT USE</Name>
      <CityName>Columbus</CityName>
      <ZipCode>432101016</ZipCode>
      <PhoneNumber>6142923732</PhoneNumber>
      <StreetAddress>1960 KENNY RD</StreetAddress>
      <CountryName>United States</CountryName>
      <StateName>Ohio</StateName>
      <StateCode>OH</StateCode>
    </Institution>
    <FoaInformation>
      <Code>0106000</Code>
      <Name>Materials Research</Name>
    </FoaInformation>
    <ProgramElement>
      <Code>1446</Code>
      <Text>MATERIALS</Text>
    </ProgramElement>
    <ProgramReference>
      <Code>9102</Code>
      <Text>WOMEN, MINORITY, DISABLED, NEC</Text>
    </ProgramReference>
    <ProgramReference>
      <Code>9161</Code>
      <Text>SINGLE DIVISION/UNIVERSITY</Text>
    </ProgramReference>
    <ProgramReference>
      <Code>AMPP</Code>
      <Text>ADVANCED MATERIALS &amp; PROCESSING PROGRAM</Text>
    </ProgramReference>
  </Award>
</rootTag>
