<?xml version="1.0" encoding="UTF-8"?>

<rootTag>
  <Award>
    <AwardTitle>Symposium B: Growth Instablities and Decomposition During Heteroepitaxy, Boston, Massachusetts, November 30 - December 4, 1998</AwardTitle>
    <AwardEffectiveDate>12/01/1998</AwardEffectiveDate>
    <AwardExpirationDate>11/30/1999</AwardExpirationDate>
    <AwardAmount>5000</AwardAmount>
    <AwardInstrument>
      <Value>Standard Grant</Value>
    </AwardInstrument>
    <Organization>
      <Code>03070004</Code>
      <Directorate>
        <LongName>Direct For Mathematical &amp; Physical Scien</LongName>
      </Directorate>
      <Division>
        <LongName>Division Of Materials Research</LongName>
      </Division>
    </Organization>
    <ProgramOfficer>
      <SignBlockName>LaVerne D. Hess</SignBlockName>
    </ProgramOfficer>
    <AbstractNarration>9900708&lt;br/&gt;Pachavis&lt;br/&gt;A symposium will be held at the 1998 Fall MRS Meeting on "Growth Instabilities and Decomposition During Heteroepitaxy". The goal of the conference is to bring together both theoreticians and experimentalists from disciplines including physics, chemistry, materials science, and electrical engineering to address fundamentals and applications of growth instabilities occurring during a wide variety of thin film growth processes. A further objective is to stimulate collaboration and discussion between researchers, especially between young professionals and established experts and to identify critical issues for future research. The conference brings together industrial and academic scientists in an effort to encourage collaboration between these groups. Support from NSF will be used to partially compensate young scientists (junior faculty, graduate students and postdoctoral fellows) for travel and accommodation expenses. The conference is expected to provide an effective forum for discussion of critical scientific issues in growth instabilities during heteroepitaxy with a focus on elastic strain induced self assembly. Along with the opportunity to assess the field and future directions, it is expected that new ties will be established between universities, research institutions, and industry.&lt;br/&gt;%%%&lt;br/&gt;Elastic strains, induced either by lattice mismatch or compositional inhomogenieties, present both challenges and opportunities for the production of novel electronic and optoelectronic devices. In some cases, strain is deleterious, leading to defective or non-planar films. On the other hand, strain-driven islanding provides a direct route for the production of self-assembled nanostructures. Semiconducting lattice-mismatched materials have far reaching economic potential since applications range broadly across electronics and photonics associated with computing, communications, and information processing. An evaluation of the progress and status of this field along with current assessments of the most important developments will be of great value to the understanding and enhanced utilization of electronic/photonic materials in applications beneficial to society.&lt;br/&gt;***</AbstractNarration>
    <MinAmdLetterDate>11/20/1998</MinAmdLetterDate>
    <MaxAmdLetterDate>11/20/1998</MaxAmdLetterDate>
    <ARRAAmount/>
    <AwardID>9900708</AwardID>
    <Investigator>
      <FirstName>Peter</FirstName>
      <LastName>Voorhees</LastName>
      <EmailAddress>p-voorhees@northwestern.edu</EmailAddress>
      <StartDate>11/20/1998</StartDate>
      <EndDate/>
      <RoleCode>Co-Principal Investigator</RoleCode>
    </Investigator>
    <Investigator>
      <FirstName>Rachel</FirstName>
      <LastName>Goldman</LastName>
      <EmailAddress>rsgold@umich.edu</EmailAddress>
      <StartDate>11/20/1998</StartDate>
      <EndDate/>
      <RoleCode>Co-Principal Investigator</RoleCode>
    </Investigator>
    <Investigator>
      <FirstName>Robert</FirstName>
      <LastName>Pachavis</LastName>
      <EmailAddress>pachavis@mrs.org</EmailAddress>
      <StartDate>11/20/1998</StartDate>
      <EndDate/>
      <RoleCode>Principal Investigator</RoleCode>
    </Investigator>
    <Investigator>
      <FirstName>J.</FirstName>
      <LastName>Tersoff</LastName>
      <EmailAddress/>
      <StartDate>11/20/1998</StartDate>
      <EndDate/>
      <RoleCode>Co-Principal Investigator</RoleCode>
    </Investigator>
    <Investigator>
      <FirstName>J.</FirstName>
      <LastName>Floro</LastName>
      <EmailAddress>jaf9r@virginia.edu</EmailAddress>
      <StartDate>11/20/1998</StartDate>
      <EndDate/>
      <RoleCode>Co-Principal Investigator</RoleCode>
    </Investigator>
    <Institution>
      <Name>Materials Research Society</Name>
      <CityName>Warrendale</CityName>
      <ZipCode>150867573</ZipCode>
      <PhoneNumber>7247792732</PhoneNumber>
      <StreetAddress>506 KEYSTONE DR</StreetAddress>
      <CountryName>United States</CountryName>
      <StateName>Pennsylvania</StateName>
      <StateCode>PA</StateCode>
    </Institution>
    <FoaInformation>
      <Code>0106000</Code>
      <Name>Materials Research</Name>
    </FoaInformation>
  </Award>
</rootTag>
