<?xml version="1.0" encoding="UTF-8"?>

<rootTag>
  <Award>
    <AwardTitle>U.S.-U.K. Cooperative Research: Constructing Diagnostic Explanations Using Schema-Structured Bayesian Networks</AwardTitle>
    <AwardEffectiveDate>07/15/1999</AwardEffectiveDate>
    <AwardExpirationDate>06/30/2002</AwardExpirationDate>
    <AwardAmount>18400</AwardAmount>
    <AwardInstrument>
      <Value>Standard Grant</Value>
    </AwardInstrument>
    <Organization>
      <Code>01090000</Code>
      <Directorate>
        <LongName>Office Of The Director</LongName>
      </Directorate>
      <Division>
        <LongName>Office Of Internatl Science &amp;Engineering</LongName>
      </Division>
    </Organization>
    <ProgramOfficer>
      <SignBlockName>Rose Gombay</SignBlockName>
    </ProgramOfficer>
    <AbstractNarration>9900485&lt;br/&gt;Luger&lt;br/&gt;&lt;br/&gt;This three-year award supports US-UK collaborative research in knowledge and cognitive systems between George Luger of the University of New Mexico and Brendan McGonigle at the University of Edinburgh's Laboratory for Cognitive Neuroscience and Intelligent Systems. Their research involves the development of probabilistic models of diagnostic reasoning and testing of new algorithms developed by the US investigator. Both groups are concerned with performance improvement of robots through error identification and failure recovery. The investigators propose that iterative performance will improve by embedding abductive reasoning in the robot's environment. &lt;br/&gt;&lt;br/&gt;The US investigator brings to this collaboration expertise in schema-based abduction, a form of causal reasoning, which employs Bayesian Networks as the underlying representation. This is complemented by the Edinburgh group's expertise in intelligent systems and takes advantage of learning experiments utilizing their NOMAD robot. Collaboration with the Edinburgh group provides an opportunity to study the cognitive plausibility of the US investigator's proposed model of diagnostic reasoning.</AbstractNarration>
    <MinAmdLetterDate>07/08/1999</MinAmdLetterDate>
    <MaxAmdLetterDate>07/08/1999</MaxAmdLetterDate>
    <ARRAAmount/>
    <AwardID>9900485</AwardID>
    <Investigator>
      <FirstName>George</FirstName>
      <LastName>Luger</LastName>
      <EmailAddress>luger@cs.unm.edu</EmailAddress>
      <StartDate>07/08/1999</StartDate>
      <EndDate/>
      <RoleCode>Principal Investigator</RoleCode>
    </Investigator>
    <Institution>
      <Name>University of New Mexico</Name>
      <CityName>Albuquerque</CityName>
      <ZipCode>871310001</ZipCode>
      <PhoneNumber>5052774186</PhoneNumber>
      <StreetAddress>1700 Lomas Blvd. NE, Suite 2200</StreetAddress>
      <CountryName>United States</CountryName>
      <StateName>New Mexico</StateName>
      <StateCode>NM</StateCode>
    </Institution>
    <FoaInformation>
      <Code>0104000</Code>
      <Name>Information Systems</Name>
    </FoaInformation>
    <ProgramElement>
      <Code>5980</Code>
      <Text>WESTERN EUROPE PROGRAM</Text>
    </ProgramElement>
    <ProgramReference>
      <Code>5946</Code>
      <Text>UNITED KINGDOM</Text>
    </ProgramReference>
    <ProgramReference>
      <Code>9215</Code>
      <Text>HIGH PERFORMANCE COMPUTING SYSTEMS</Text>
    </ProgramReference>
    <ProgramReference>
      <Code>HPCC</Code>
      <Text>HIGH PERFORMANCE COMPUTING &amp; COMM</Text>
    </ProgramReference>
  </Award>
</rootTag>
