<?xml version="1.0" encoding="UTF-8"?>

<rootTag>
  <Award>
    <AwardTitle>Organometallic Reactivity of Metal-Centered Radicals</AwardTitle>
    <AwardEffectiveDate>05/01/1999</AwardEffectiveDate>
    <AwardExpirationDate>12/31/2003</AwardExpirationDate>
    <AwardAmount>405000</AwardAmount>
    <AwardInstrument>
      <Value>Standard Grant</Value>
    </AwardInstrument>
    <Organization>
      <Code>03090005</Code>
      <Directorate>
        <LongName>Direct For Mathematical &amp; Physical Scien</LongName>
      </Directorate>
      <Division>
        <LongName>Division Of Chemistry</LongName>
      </Division>
    </Organization>
    <ProgramOfficer>
      <SignBlockName>Joseph L. Templeton</SignBlockName>
    </ProgramOfficer>
    <AbstractNarration>This award in the Inorganic, Bioinorganic, and Organometallic Chemistry program supports research on the mechanism of metal-promoted olefin polymerization by Dr. Bradford B. Wayland, Chemistry Department, University of Pennsylvania. Three goals will be pursued. First, organometallic species (M-R) will be formed in equilibrium with metal-centered and organic radicals to enable a direct method for evaluating thermodynamic parameters for organo-metal bond homolysis. Second, the details of chain transfer catalysis (CTC), which controls polymer molecular weight and introduces end group alkene functionality, will be studied. A series of persistent metalloradical complexes with minimum ligand steric demands and varying M-H bond enthalpies will be designed for application in CTC for different classes of olefin monomers. Factors responsible for the effectiveness of metallo-radical species in fast hydrogen radical abstraction and rapid addition of M-H to olefins will be determined. Finally, the role of organometallic complexes in initiating and controlling living radical polymerization (LRP) of olefins will be investigated. LRP is an approach to producing low polydispersity homopolymers and block copolymers of olefins that requires radical initiation. Organocobalt tetramesityl porphyrin complexes initiate and control LRP of acrylates and provide a prototype for establishing guideline criteria for the design of metal complexes that promote LRP processes. Ligand and polymeric radical steric demands will be used to prevent metal-centered radicals and polymeric radicals from achieving the transition state for beta-hydrogen abstraction and the persistent radical effect of metal-centered radicals is expected to suppress bimolecular termination of polymeric radicals. Several series of persistent metalloradicals will be tested for effectiveness in the synthesis of different classes of olefins. A series of water soluble and polymer supported catalysts will be synthesized to address environmental issues and the practical considerations of product separation and catalyst recovery.&lt;br/&gt;&lt;br/&gt;Polyolefins are important commercial products. This research will develop a rational approach to the synthesis of various polyolefins and potentially result in new structurally defined block copolymers with unexplored material properties. Students involved in the study will learn not only sophisticated methods involving inorganic and organic chemistry, but will be introduced to major issues and challenges in energy-related research, polymer chemistry, catalysis and materials science.</AbstractNarration>
    <MinAmdLetterDate>04/23/1999</MinAmdLetterDate>
    <MaxAmdLetterDate>03/14/2003</MaxAmdLetterDate>
    <ARRAAmount/>
    <AwardID>9900436</AwardID>
    <Investigator>
      <FirstName>Bradford</FirstName>
      <LastName>Wayland</LastName>
      <EmailAddress>brad.wayland@temple.edu</EmailAddress>
      <StartDate>04/23/1999</StartDate>
      <EndDate/>
      <RoleCode>Principal Investigator</RoleCode>
    </Investigator>
    <Institution>
      <Name>University of Pennsylvania</Name>
      <CityName>Philadelphia</CityName>
      <ZipCode>191046205</ZipCode>
      <PhoneNumber>2158987293</PhoneNumber>
      <StreetAddress>Research Services</StreetAddress>
      <CountryName>United States</CountryName>
      <StateName>Pennsylvania</StateName>
      <StateCode>PA</StateCode>
    </Institution>
  </Award>
</rootTag>
