<?xml version="1.0" encoding="UTF-8"?>

<rootTag>
  <Award>
    <AwardTitle>GOALI: Direct Thermal Production of Aluminum - Investigation and Characterization of Processes Suited for Solar Process Heat</AwardTitle>
    <AwardEffectiveDate>09/15/2000</AwardEffectiveDate>
    <AwardExpirationDate>08/31/2005</AwardExpirationDate>
    <AwardAmount>303930</AwardAmount>
    <AwardInstrument>
      <Value>Standard Grant</Value>
    </AwardInstrument>
    <Organization>
      <Code>07030000</Code>
      <Directorate>
        <LongName>Directorate For Engineering</LongName>
      </Directorate>
      <Division>
        <LongName>Div Of Civil, Mechanical, &amp; Manufact Inn</LongName>
      </Division>
    </Organization>
    <ProgramOfficer>
      <SignBlockName>Mary M. Toney</SignBlockName>
    </ProgramOfficer>
    <AbstractNarration>This Grant Opportunities for Academic Liaison with Industry (GOALI) research project will investigate the use of highly concentrated solar energy as a means of supplying a large amount of process heat at very high temperatures. The production of metals by carbothermal reduction of their oxides involves a high-temperature, energy-intensive process. The temperature required, in the range of 2100 - 2300 deg C, is at the upper limit for practical process heat addition from a combustion source alone. It is expected that when used for aluminum production a solar process would reduce the CO2 emissions from the aluminum industry, and the gas product would be CO rather than CO2. &lt;br/&gt;&lt;br/&gt;The expertise provided by the principle investigator and the Alcoa collaboration will be directed towards developing a creative and potentially revolutionary reactor and process concept that could have significant implications for the manufacture of the more exotic, difficult to extract materials, as well as aluminum. Experimental work will be conducted at the Institute for Materials and Processes solar test facility in Odeillo, France.</AbstractNarration>
    <MinAmdLetterDate>09/18/2000</MinAmdLetterDate>
    <MaxAmdLetterDate>09/16/2004</MaxAmdLetterDate>
    <ARRAAmount/>
    <AwardID>9900053</AwardID>
    <Investigator>
      <FirstName>Jean</FirstName>
      <LastName>Murray</LastName>
      <EmailAddress>murray@imp.cnrs.fr</EmailAddress>
      <StartDate>09/18/2000</StartDate>
      <EndDate/>
      <RoleCode>Principal Investigator</RoleCode>
    </Investigator>
    <Investigator>
      <FirstName>Marshall</FirstName>
      <LastName>Bruno</LastName>
      <EmailAddress/>
      <StartDate>09/18/2000</StartDate>
      <EndDate/>
      <RoleCode>Co-Principal Investigator</RoleCode>
    </Investigator>
    <Institution>
      <Name>Colorado School of Mines</Name>
      <CityName>Golden</CityName>
      <ZipCode>804011887</ZipCode>
      <PhoneNumber>3032733000</PhoneNumber>
      <StreetAddress>1500 Illinois</StreetAddress>
      <CountryName>United States</CountryName>
      <StateName>Colorado</StateName>
      <StateCode>CO</StateCode>
    </Institution>
    <FoaInformation>
      <Code>0308000</Code>
      <Name>Industrial Technology</Name>
    </FoaInformation>
    <ProgramElement>
      <Code>1467</Code>
      <Text>MATERIALS PROCESSING AND MANFG</Text>
    </ProgramElement>
    <ProgramElement>
      <Code>1504</Code>
      <Text>GRANT OPP FOR ACAD LIA W/INDUS</Text>
    </ProgramElement>
    <ProgramReference>
      <Code>1049</Code>
      <Text>INDUSTRY-UNIV COOPERATIVE RSCH PROJECTS</Text>
    </ProgramReference>
    <ProgramReference>
      <Code>1467</Code>
      <Text>MATERIALS PROCESSING AND MANFG</Text>
    </ProgramReference>
    <ProgramReference>
      <Code>1504</Code>
      <Text>GRANT OPP FOR ACAD LIA W/INDUS</Text>
    </ProgramReference>
    <ProgramReference>
      <Code>9102</Code>
      <Text>WOMEN, MINORITY, DISABLED, NEC</Text>
    </ProgramReference>
    <ProgramReference>
      <Code>9146</Code>
      <Text>MANUFACTURING BASE RESEARCH</Text>
    </ProgramReference>
    <ProgramReference>
      <Code>9178</Code>
      <Text>UNDERGRADUATE EDUCATION</Text>
    </ProgramReference>
    <ProgramReference>
      <Code>9231</Code>
      <Text>SUPPL FOR UNDERGRAD RES ASSIST</Text>
    </ProgramReference>
    <ProgramReference>
      <Code>9251</Code>
      <Text>RES EXPER FOR UNDERGRAD-SUPPLT</Text>
    </ProgramReference>
    <ProgramReference>
      <Code>MANU</Code>
      <Text>MANUFACTURING</Text>
    </ProgramReference>
    <ProgramReference>
      <Code>1468</Code>
      <Text>MANUFACTURING &amp; CONST MACH EQP</Text>
    </ProgramReference>
  </Award>
</rootTag>
