<?xml version="1.0" encoding="UTF-8"?>

<rootTag>
  <Award>
    <AwardTitle>NSF-CNPq Collaborative Research on Design Environments for Application-Specific Programmable Processors</AwardTitle>
    <AwardEffectiveDate>08/01/1999</AwardEffectiveDate>
    <AwardExpirationDate>07/31/2003</AwardExpirationDate>
    <AwardAmount>180000</AwardAmount>
    <AwardInstrument>
      <Value>Continuing grant</Value>
    </AwardInstrument>
    <Organization>
      <Code>05010600</Code>
      <Directorate>
        <LongName>Direct For Computer &amp; Info Scie &amp; Enginr</LongName>
      </Directorate>
      <Division>
        <LongName>Division of Computing and Communication Foundations</LongName>
      </Division>
    </Organization>
    <ProgramOfficer>
      <SignBlockName>Sankar Basu</SignBlockName>
    </ProgramOfficer>
    <AbstractNarration>This research is on embedded systems design tools for building custom&lt;br/&gt;application-specific instruction processor (ASIP) architectures that are no&lt;br/&gt;bigger, or no more complex than necessary. Developing an ASIP, not only&lt;br/&gt;requires hardware design, but also requires the use of a set of evaluation&lt;br/&gt;tools such as an assembler, compiler and simulator. This investigation uses&lt;br/&gt;a processor description to serve as a common starting point for the&lt;br/&gt;development of these tools, as well as for hardware synthesis. The ISDL&lt;br/&gt;language, being developed at MIT, for exactly this purpose is being used in&lt;br/&gt;developing a complete software development environment, as well as hardware&lt;br/&gt;generation. The simulator is used to obtain clock cycle estimates on&lt;br/&gt;application code, and to evaluate the overall architecture performance.&lt;br/&gt;Synthesis of processor datapaths enables hardware generation and provides&lt;br/&gt;accurate, cycle-time estimates. To support software compilation, a&lt;br/&gt;retargetable assembler, code generator and optimizer will be developed that&lt;br/&gt;receive as input both a machine description in ISDL, and the program to be&lt;br/&gt;compiled onto the described machine. New optimizations to produce code of&lt;br/&gt;the highest quality in a reasonable amount of time are being evaluated. The&lt;br/&gt;base of our retargetable compiler is SPAM, an embedded compiler framework&lt;br/&gt;that has been developed by researchers at MIT, Princeton and UNICAMP,&lt;br/&gt;Brazil. In many cases, application code is not written in high-level&lt;br/&gt;programming languages, and it is necessary to deal with assembly or legacy&lt;br/&gt;code. Thus automatic methods for optimized binary-to-binary translation are&lt;br/&gt;being investigated. To do this, the legacy binary/assembly code is&lt;br/&gt;decompiled to intermediate forms used by our compiler infrastructure and&lt;br/&gt;then using the optimizing compiler technology to generate high-quality&lt;br/&gt;assembly for the target architecture.</AbstractNarration>
    <MinAmdLetterDate>07/30/1999</MinAmdLetterDate>
    <MaxAmdLetterDate>07/09/2001</MaxAmdLetterDate>
    <ARRAAmount/>
    <AwardID>9900881</AwardID>
    <Investigator>
      <FirstName>Sharad</FirstName>
      <LastName>Malik</LastName>
      <EmailAddress>sharad@princeton.edu</EmailAddress>
      <StartDate>07/30/1999</StartDate>
      <EndDate/>
      <RoleCode>Principal Investigator</RoleCode>
    </Investigator>
    <Institution>
      <Name>Princeton University</Name>
      <CityName>Princeton</CityName>
      <ZipCode>085442020</ZipCode>
      <PhoneNumber>6092583090</PhoneNumber>
      <StreetAddress>Off. of Research &amp; Proj. Admin.</StreetAddress>
      <CountryName>United States</CountryName>
      <StateName>New Jersey</StateName>
      <StateCode>NJ</StateCode>
    </Institution>
    <ProgramElement>
      <Code>2885</Code>
      <Text>CISE RESEARCH INFRASTRUCTURE</Text>
    </ProgramElement>
    <ProgramElement>
      <Code>4710</Code>
      <Text>DES AUTO FOR MICRO &amp; NANO SYS</Text>
    </ProgramElement>
    <ProgramElement>
      <Code>5977</Code>
      <Text>AMERICAS PROGRAM</Text>
    </ProgramElement>
    <ProgramReference>
      <Code>0000</Code>
      <Text>UNASSIGNED</Text>
    </ProgramReference>
    <ProgramReference>
      <Code>1085</Code>
      <Text>CISE COUNCIL NATIONAL PESQUISAS CNPq</Text>
    </ProgramReference>
    <ProgramReference>
      <Code>5913</Code>
      <Text>BRAZIL</Text>
    </ProgramReference>
    <ProgramReference>
      <Code>9215</Code>
      <Text>HIGH PERFORMANCE COMPUTING SYSTEMS</Text>
    </ProgramReference>
    <ProgramReference>
      <Code>9218</Code>
      <Text>BASIC RESEARCH &amp; HUMAN RESORCS</Text>
    </ProgramReference>
    <ProgramReference>
      <Code>HPCC</Code>
      <Text>HIGH PERFORMANCE COMPUTING &amp; COMM</Text>
    </ProgramReference>
    <ProgramReference>
      <Code>OTHR</Code>
      <Text>OTHER RESEARCH OR EDUCATION</Text>
    </ProgramReference>
  </Award>
</rootTag>
