<?xml version="1.0" encoding="UTF-8"?>

<rootTag>
  <Award>
    <AwardTitle>SGER: Consideration of Uncertainty in Design</AwardTitle>
    <AwardEffectiveDate>01/15/1999</AwardEffectiveDate>
    <AwardExpirationDate>06/30/1999</AwardExpirationDate>
    <AwardAmount>10462</AwardAmount>
    <AwardInstrument>
      <Value>Standard Grant</Value>
    </AwardInstrument>
    <Organization>
      <Code>07030000</Code>
      <Directorate>
        <LongName>Directorate For Engineering</LongName>
      </Directorate>
      <Division>
        <LongName>Div Of Civil, Mechanical, &amp; Manufact Inn</LongName>
      </Division>
    </Organization>
    <ProgramOfficer>
      <SignBlockName>Lawrence M. Seiford</SignBlockName>
    </ProgramOfficer>
    <AbstractNarration>9900798&lt;br/&gt; This study will address the issue of proper quantification of uncertainty&lt;br/&gt;in decision making--particularly in the area of design. This lack of&lt;br/&gt;quantified assessments of uncertainty results in incomplete&lt;br/&gt;characterization of product design and investment alternatives. The&lt;br/&gt;emphasis will be on real-world applications including energy-related and&lt;br/&gt;space-related product examples. The problem of databases for describing&lt;br/&gt;multi-attribute (specifically including risk) decisions when the engineer&lt;br/&gt;or analyst is not the final decision maker will also be examined.&lt;br/&gt; The results of proper characterization of risk and uncertainty has&lt;br/&gt;application to all aspects of decision making including product design. The&lt;br/&gt;resulting applications-driven theory would be robust and lead to improved&lt;br/&gt;decision making.</AbstractNarration>
    <MinAmdLetterDate>01/13/1999</MinAmdLetterDate>
    <MaxAmdLetterDate>01/13/1999</MaxAmdLetterDate>
    <ARRAAmount/>
    <AwardID>9900798</AwardID>
    <Investigator>
      <FirstName>Joel</FirstName>
      <LastName>Greenberg</LastName>
      <EmailAddress>102153.2466@compuserve.com</EmailAddress>
      <StartDate>01/13/1999</StartDate>
      <EndDate/>
      <RoleCode>Principal Investigator</RoleCode>
    </Investigator>
    <Institution>
      <Name>Princeton Synergetics, Inc.</Name>
      <CityName>Princeton</CityName>
      <ZipCode>085404814</ZipCode>
      <PhoneNumber>6099242020</PhoneNumber>
      <StreetAddress>145 Parkside Drive</StreetAddress>
      <CountryName>United States</CountryName>
      <StateName>New Jersey</StateName>
      <StateCode>NJ</StateCode>
    </Institution>
  </Award>
</rootTag>
