<?xml version="1.0" encoding="UTF-8"?>

<rootTag>
  <Award>
    <AwardTitle>SGER: Reform Efforts in Undergraduate Science, Mathematics and Engineering Education</AwardTitle>
    <AwardEffectiveDate>03/01/1999</AwardEffectiveDate>
    <AwardExpirationDate>02/28/2001</AwardExpirationDate>
    <AwardAmount>100000</AwardAmount>
    <AwardInstrument>
      <Value>Standard Grant</Value>
    </AwardInstrument>
    <Organization>
      <Code>11090000</Code>
      <Directorate>
        <LongName>Direct For Education and Human Resources</LongName>
      </Directorate>
      <Division>
        <LongName>Division Of Research On Learning</LongName>
      </Division>
    </Organization>
    <ProgramOfficer>
      <SignBlockName>Conrad G. Katzenmeyer</SignBlockName>
    </ProgramOfficer>
    <AbstractNarration>Reform of undergraduate education is a major priority for the Education and Human Resources Directorate, with a national awareness activity based on "Shaping the Future" that has been carried out over the past two years and a major initiative on institution-wide reform. However, there is, as yet, little information available to the field regarding the effects of undergraduate reform. This study will explore in depth the process and impact of reform through case studies in 1-4 institutions that have institution-wide reform awards and will complement current efforts to document this important national innovation.</AbstractNarration>
    <MinAmdLetterDate>02/24/1999</MinAmdLetterDate>
    <MaxAmdLetterDate>02/24/1999</MaxAmdLetterDate>
    <ARRAAmount/>
    <AwardID>9900972</AwardID>
    <Investigator>
      <FirstName>Frances</FirstName>
      <LastName>Stage</LastName>
      <EmailAddress>stage@indiana.edu</EmailAddress>
      <StartDate>02/24/1999</StartDate>
      <EndDate/>
      <RoleCode>Principal Investigator</RoleCode>
    </Investigator>
    <Institution>
      <Name>Indiana University</Name>
      <CityName>Bloomington</CityName>
      <ZipCode>474013654</ZipCode>
      <PhoneNumber>8128550516</PhoneNumber>
      <StreetAddress>509 E 3RD ST</StreetAddress>
      <CountryName>United States</CountryName>
      <StateName>Indiana</StateName>
      <StateCode>IN</StateCode>
    </Institution>
    <ProgramElement>
      <Code>7261</Code>
      <Text>PROGRAM EVALUATION</Text>
    </ProgramElement>
    <ProgramReference>
      <Code>9177</Code>
      <Text>ELEMENTARY/SECONDARY EDUCATION</Text>
    </ProgramReference>
    <ProgramReference>
      <Code>9237</Code>
      <Text>SMALL GRANTS-EXPLORATORY RSRCH</Text>
    </ProgramReference>
    <ProgramReference>
      <Code>SMET</Code>
      <Text>SCIENCE, MATH, ENG &amp; TECH EDUCATION</Text>
    </ProgramReference>
  </Award>
</rootTag>
