<?xml version="1.0" encoding="UTF-8"?>

<rootTag>
  <Award>
    <AwardTitle>Understanding the Evolution of Stratocumulus Clouds in the Coastal Region</AwardTitle>
    <AwardEffectiveDate>05/15/1999</AwardEffectiveDate>
    <AwardExpirationDate>04/30/2004</AwardExpirationDate>
    <AwardAmount>273205</AwardAmount>
    <AwardInstrument>
      <Value>Interagency Agreement</Value>
    </AwardInstrument>
    <Organization>
      <Code>06020105</Code>
      <Directorate>
        <LongName>Directorate For Geosciences</LongName>
      </Directorate>
      <Division>
        <LongName>Div Atmospheric &amp; Geospace Sciences</LongName>
      </Division>
    </Organization>
    <ProgramOfficer>
      <SignBlockName>Andrew G. Detwiler</SignBlockName>
    </ProgramOfficer>
    <AbstractNarration>Stratus and stratocumulus clouds regularly form and dissipate in many coastal regions of the world. These clouds are not only an important element of regional weather, they also influence regional and global climate through their effect on solar radiation. The goal of this project is to improve the ability to forecast low-level clouds in coastal regions. The objectives are to determine the importance of mesoscale circulations and the microphysical properties of the clouds on cloud behavior. The approach is based on observations with the instrumented Twin Otter aircraft operated by the Center for Interdisciplinary Remote Piloted Aircraft Study (CIRPAS) and ground-based equipment including a wind profiler/RASS system, a laser ceilometer, and a millimeter-wavelength radar. Separate projects funded by the Office of Naval Research cover the cost of the airplane time, the radar analysis, and the installation on the airplane of new equipment for cloud physics research. Dr. Wang will collaborate closely with Dr. Bruce Albrecht of the University of Miami and researchers from CIRPAS and Cal Tech to insure that the experiments of the different groups are effectively coordinated. The research should lead to a more complete understanding of the evolution of stratiform clouds in coastal regions and better ways of incorporating these clouds in numerical forecasting models.</AbstractNarration>
    <MinAmdLetterDate>05/07/1999</MinAmdLetterDate>
    <MaxAmdLetterDate>03/26/2003</MaxAmdLetterDate>
    <ARRAAmount/>
    <AwardID>9900496</AwardID>
    <Investigator>
      <FirstName>Qing</FirstName>
      <LastName>Wang</LastName>
      <EmailAddress>qwang@nps.edu</EmailAddress>
      <StartDate>05/07/1999</StartDate>
      <EndDate/>
      <RoleCode>Principal Investigator</RoleCode>
    </Investigator>
    <Institution>
      <Name>Naval Postgraduate School</Name>
      <CityName>Monterey</CityName>
      <ZipCode>939435000</ZipCode>
      <PhoneNumber>8316562271</PhoneNumber>
      <StreetAddress>1 University Circle</StreetAddress>
      <CountryName>United States</CountryName>
      <StateName>California</StateName>
      <StateCode>CA</StateCode>
    </Institution>
    <FoaInformation>
      <Code>0000099</Code>
      <Name>Other Applications NEC</Name>
    </FoaInformation>
    <ProgramElement>
      <Code>1522</Code>
      <Text>PHYSICAL METEOROLOGY</Text>
    </ProgramElement>
    <ProgramReference>
      <Code>0000</Code>
      <Text>UNASSIGNED</Text>
    </ProgramReference>
    <ProgramReference>
      <Code>OTHR</Code>
      <Text>OTHER RESEARCH OR EDUCATION</Text>
    </ProgramReference>
  </Award>
</rootTag>
