<?xml version="1.0" encoding="UTF-8"?>

<rootTag>
  <Award>
    <AwardTitle>U.S.-Austria Cooperative Research: Computational and Mathematical Research in Parallel and Distributed Random Number Generation</AwardTitle>
    <AwardEffectiveDate>08/15/1999</AwardEffectiveDate>
    <AwardExpirationDate>07/31/2003</AwardExpirationDate>
    <AwardAmount>24000</AwardAmount>
    <AwardInstrument>
      <Value>Standard Grant</Value>
    </AwardInstrument>
    <Organization>
      <Code>01090000</Code>
      <Directorate>
        <LongName>Office Of The Director</LongName>
      </Directorate>
      <Division>
        <LongName>Office Of Internatl Science &amp;Engineering</LongName>
      </Division>
    </Organization>
    <ProgramOfficer>
      <SignBlockName>Mark A. Suskin</SignBlockName>
    </ProgramOfficer>
    <AbstractNarration>9901204&lt;br/&gt;Mascagni&lt;br/&gt;This award supports the PI and several graduate students in a collaboration with Peter Hellekalek of the Department of Mathematics at the University of Salzburg, Austria. The project will focus on the development of new parallel pseudo- and quasi-random number generators and the construction of a more efficient independent set of randomness tests. The US group has expertise in code development for parallel processors, while the Austrian group has expertise in methods of generating quasi-random numbers. Random number generation is a field where theorists and practitioners have interacted little, and this project will help address that deficiency by combining the capabilities of the Austrian and US groups.</AbstractNarration>
    <MinAmdLetterDate>08/31/1999</MinAmdLetterDate>
    <MaxAmdLetterDate>08/31/1999</MaxAmdLetterDate>
    <ARRAAmount/>
    <AwardID>9901204</AwardID>
    <Investigator>
      <FirstName>Michael</FirstName>
      <LastName>Mascagni</LastName>
      <EmailAddress>mascagni@fsu.edu</EmailAddress>
      <StartDate>08/31/1999</StartDate>
      <EndDate/>
      <RoleCode>Principal Investigator</RoleCode>
    </Investigator>
    <Institution>
      <Name>Florida State University</Name>
      <CityName>TALLAHASSEE</CityName>
      <ZipCode>323064166</ZipCode>
      <PhoneNumber>8506445260</PhoneNumber>
      <StreetAddress>874 Traditions Way, 3rd Floor</StreetAddress>
      <CountryName>United States</CountryName>
      <StateName>Florida</StateName>
      <StateCode>FL</StateCode>
    </Institution>
  </Award>
</rootTag>
