<?xml version="1.0" encoding="UTF-8"?>

<rootTag>
  <Award>
    <AwardTitle>Pattern Time Distributions and Their Applications</AwardTitle>
    <AwardEffectiveDate>06/15/1999</AwardEffectiveDate>
    <AwardExpirationDate>05/31/2004</AwardExpirationDate>
    <AwardAmount>260262</AwardAmount>
    <AwardInstrument>
      <Value>Continuing grant</Value>
    </AwardInstrument>
    <Organization>
      <Code>07030000</Code>
      <Directorate>
        <LongName>Directorate For Engineering</LongName>
      </Directorate>
      <Division>
        <LongName>Div Of Civil, Mechanical, &amp; Manufact Inn</LongName>
      </Division>
    </Organization>
    <ProgramOfficer>
      <SignBlockName>Suvrajeet Sen</SignBlockName>
    </ProgramOfficer>
    <AbstractNarration>This research project is concerned with finding efficient general techniques for determining the expected time until a rare event occurs in a variety of models involving chance. Because the probability distributions of the times until such events occur usually have large variances, straightforward simulations are typically not efficient; because the state description is usually multidimensional, standard Markov methods also typically cannot be implemented. Using ideas from renewal theory, along with newly developed variance reducing simulation techniques, efficient ways of finding the expected time for a rare pattern to occur when observing random data were developed in previous grant supported research. Building on these previous studies, this project proposes to consider rare events of more general stochastic processes, such as the expected time until the workload of a multiple server queuing system exceeds its carrying capacity. In addition, methods to keep a system from becoming too congested by sometimes blocking new arrivals from joining the system will also be studied. Examples of this are queuing models in which a potential arrival first presents itself to a gatekeeper who must decide, usually with limited information about the number of customers presently in the system, whether to allow that arrival to join the system. Efficient simulation procedures for studying small system failure probabilities for specific classes of reliability models will also be determined.&lt;br/&gt; Catastrophic events such as when a production process breaks down, or a nuclear power plant goes off-line, or a telecommunication system crashes because of overload, tend to be rare events. If successful this research will go a long way towards enabling industrial users to efficiently determine the probability distribution of the time until such events occur under present operating policies. In addition, more efficient operating policies that keep such systems from crashing will be determined.</AbstractNarration>
    <MinAmdLetterDate>06/10/1999</MinAmdLetterDate>
    <MaxAmdLetterDate>04/10/2003</MaxAmdLetterDate>
    <ARRAAmount/>
    <AwardID>9901053</AwardID>
    <Investigator>
      <FirstName>Sheldon</FirstName>
      <LastName>Ross</LastName>
      <EmailAddress>smross@usc.edu</EmailAddress>
      <StartDate>06/10/1999</StartDate>
      <EndDate/>
      <RoleCode>Principal Investigator</RoleCode>
    </Investigator>
    <Institution>
      <Name>University of California-Berkeley</Name>
      <CityName>BERKELEY</CityName>
      <ZipCode>947045940</ZipCode>
      <PhoneNumber>5106428109</PhoneNumber>
      <StreetAddress>Sponsored Projects Office</StreetAddress>
      <CountryName>United States</CountryName>
      <StateName>California</StateName>
      <StateCode>CA</StateCode>
    </Institution>
    <FoaInformation>
      <Code>0308000</Code>
      <Name>Industrial Technology</Name>
    </FoaInformation>
  </Award>
</rootTag>
