<?xml version="1.0" encoding="UTF-8"?>

<rootTag>
  <Award>
    <AwardTitle>Support Assistance for the SBER's Economic, Decision &amp; Management Sciences Cluster</AwardTitle>
    <AwardEffectiveDate>11/16/1998</AwardEffectiveDate>
    <AwardExpirationDate>12/15/1998</AwardExpirationDate>
    <AwardAmount>1200</AwardAmount>
    <AwardInstrument>
      <Value>BOA/Task Order</Value>
    </AwardInstrument>
    <Organization>
      <Code>04050100</Code>
      <Directorate>
        <LongName>Direct For Social, Behav &amp; Economic Scie</LongName>
      </Directorate>
      <Division>
        <LongName>Divn Of Social and Economic Sciences</LongName>
      </Division>
    </Organization>
    <ProgramOfficer>
      <SignBlockName>Daniel H. Newlon</SignBlockName>
    </ProgramOfficer>
    <AbstractNarration>This is a contract to support assistance for the Social, Behavioral and Economic Research Division's Economic, Decision and Management Sciences Cluster.</AbstractNarration>
    <MinAmdLetterDate>11/09/1998</MinAmdLetterDate>
    <MaxAmdLetterDate>11/09/1998</MaxAmdLetterDate>
    <ARRAAmount/>
    <AwardID>9901370</AwardID>
    <Investigator>
      <FirstName>Robert</FirstName>
      <LastName>Cooper</LastName>
      <EmailAddress/>
      <StartDate>11/16/1998</StartDate>
      <EndDate/>
      <RoleCode>Principal Investigator</RoleCode>
    </Investigator>
    <Institution>
      <Name>ALLIED TECHNOLOGY GROUP INC</Name>
      <CityName>ROCKVILLE</CityName>
      <ZipCode>208503167</ZipCode>
      <PhoneNumber>3013091234</PhoneNumber>
      <StreetAddress>1803 RESEARCH BLVD</StreetAddress>
      <CountryName>United States</CountryName>
      <StateName>Maryland</StateName>
      <StateCode>MD</StateCode>
    </Institution>
  </Award>
</rootTag>
