<?xml version="1.0" encoding="UTF-8"?>

<rootTag>
  <Award>
    <AwardTitle>Electron/Positron-Proton Scattering with the ZEUS Experiment at HERA</AwardTitle>
    <AwardEffectiveDate>12/01/1999</AwardEffectiveDate>
    <AwardExpirationDate>08/31/2003</AwardExpirationDate>
    <AwardAmount>626687</AwardAmount>
    <AwardInstrument>
      <Value>Continuing grant</Value>
    </AwardInstrument>
    <Organization>
      <Code>03010200</Code>
      <Directorate>
        <LongName>Direct For Mathematical &amp; Physical Scien</LongName>
      </Directorate>
      <Division>
        <LongName>Division Of Physics</LongName>
      </Division>
    </Organization>
    <ProgramOfficer>
      <SignBlockName>MARVIN GOLDBERG</SignBlockName>
    </ProgramOfficer>
    <AbstractNarration>This proposal requests support for an experimental research program to investigate the constituent structure of matter by colliding 27.5 GeV electrons and positrons with 920 GeV protons. The electrons and positrons are deflected in the interaction, called deep inelastic scattering, which yields a virtual photon which probes the structure of the proton.&lt;br/&gt;The experiment is to be performed by the Penn. State University group and collaborators with the ZEUS detector at the HERA collider located at the DESY laboratory in Hamburg, Germany. The deep inelastic scattering experiment probes electron and quark substructure to distances of 10^(-16) cm., and continues the search for new families of excited leptons and quarks. In addition many tests of QCD physics may be performed, e.g., measurement of jet production in quasi-real photoproduction interactions are a sensitive probe of the photon structure. During the three-year period of this request, it is anticipated that the HERA accelerator will achieve the high luminosity collisions that will permit study of very high momentum transfer (Q^2) phenomena which could indicate physics beyond the Standard Model.</AbstractNarration>
    <MinAmdLetterDate>11/18/1999</MinAmdLetterDate>
    <MaxAmdLetterDate>01/30/2002</MaxAmdLetterDate>
    <ARRAAmount/>
    <AwardID>9901420</AwardID>
    <Investigator>
      <FirstName>James</FirstName>
      <LastName>Whitmore</LastName>
      <EmailAddress>jjw@phys.psu.edu</EmailAddress>
      <StartDate>11/18/1999</StartDate>
      <EndDate>01/30/2002</EndDate>
      <RoleCode>Former Principal Investigator</RoleCode>
    </Investigator>
    <Investigator>
      <FirstName>Benedict</FirstName>
      <LastName>Oh</LastName>
      <EmailAddress>oh@phys.psu.edu</EmailAddress>
      <StartDate>01/30/2002</StartDate>
      <EndDate/>
      <RoleCode>Principal Investigator</RoleCode>
    </Investigator>
    <Institution>
      <Name>Pennsylvania State Univ University Park</Name>
      <CityName>UNIVERSITY PARK</CityName>
      <ZipCode>168027000</ZipCode>
      <PhoneNumber>8148651372</PhoneNumber>
      <StreetAddress>110 Technology Center Building</StreetAddress>
      <CountryName>United States</CountryName>
      <StateName>Pennsylvania</StateName>
      <StateCode>PA</StateCode>
    </Institution>
    <FoaInformation>
      <Code>0000099</Code>
      <Name>Other Applications NEC</Name>
    </FoaInformation>
  </Award>
</rootTag>
