<?xml version="1.0" encoding="UTF-8"?>

<rootTag>
  <Award>
    <AwardTitle>Investigations of Macrocyles of Plant Origin</AwardTitle>
    <AwardEffectiveDate>08/15/1999</AwardEffectiveDate>
    <AwardExpirationDate>07/31/2002</AwardExpirationDate>
    <AwardAmount>370000</AwardAmount>
    <AwardInstrument>
      <Value>Standard Grant</Value>
    </AwardInstrument>
    <Organization>
      <Code>03090003</Code>
      <Directorate>
        <LongName>Direct For Mathematical &amp; Physical Scien</LongName>
      </Directorate>
      <Division>
        <LongName>Division Of Chemistry</LongName>
      </Division>
    </Organization>
    <ProgramOfficer>
      <SignBlockName>Mark E. Welker</SignBlockName>
    </ProgramOfficer>
    <AbstractNarration>This research project is aimed at developing strategies for the synthesis of macrocycles of plant origin and alkaloids having unusual features requiring the development of new methodologies. An area of special concern is the development of new synthetic applications of amino acids; other areas of interest include new aryl-aryl ether syntheses and macrocyclization methodologies. These chemistries are being pursued in the context of total synthetic efforts directed toward the macrocyclic peptides hymenocardine and astins C and D. Further studies will involve the synthesis of fluorinated prolines, a carbocyclic analog of astin C, and a cis-amide bond mimic.&lt;br/&gt;&lt;br/&gt;With this Award, the Organic and Macromolecular Chemistry Program supports the research of Professor Madeleine M. Joullie of the University of Pennsylvania. Professor Joullie is studying the chemistry of several molecules that are akin to small, cyclic proteins. These naturally occuring substances originate in the plant kingdom although they are often produced in very small amounts, and their preparation in the laboratory is quite challenging. In addition to the scientific curiosity involved in learning how to build such molecules, they are important for their pharmaceutical applications. For example, the vancomycin family of antibiotics is included in this category, while others demonstrate antitumor activity. A thoroughgoing study of ways to make these molecules in the laboratory will make possible an evaluation of their biological activity.</AbstractNarration>
    <MinAmdLetterDate>08/17/1999</MinAmdLetterDate>
    <MaxAmdLetterDate>08/17/1999</MaxAmdLetterDate>
    <ARRAAmount/>
    <AwardID>9901449</AwardID>
    <Investigator>
      <FirstName>Madeleine</FirstName>
      <LastName>Joullie</LastName>
      <EmailAddress>mjoullie@sas.upenn.edu</EmailAddress>
      <StartDate>08/17/1999</StartDate>
      <EndDate/>
      <RoleCode>Principal Investigator</RoleCode>
    </Investigator>
    <Institution>
      <Name>University of Pennsylvania</Name>
      <CityName>Philadelphia</CityName>
      <ZipCode>191046205</ZipCode>
      <PhoneNumber>2158987293</PhoneNumber>
      <StreetAddress>Research Services</StreetAddress>
      <CountryName>United States</CountryName>
      <StateName>Pennsylvania</StateName>
      <StateCode>PA</StateCode>
    </Institution>
    <FoaInformation>
      <Code>0000099</Code>
      <Name>Other Applications NEC</Name>
    </FoaInformation>
  </Award>
</rootTag>
