<?xml version="1.0" encoding="UTF-8"?>

<rootTag>
  <Award>
    <AwardTitle>Seminar on Stochastic Processes 1999</AwardTitle>
    <AwardEffectiveDate>03/01/1999</AwardEffectiveDate>
    <AwardExpirationDate>02/29/2000</AwardExpirationDate>
    <AwardAmount>10000</AwardAmount>
    <AwardInstrument>
      <Value>Standard Grant</Value>
    </AwardInstrument>
    <Organization>
      <Code>03040300</Code>
      <Directorate>
        <LongName>Direct For Mathematical &amp; Physical Scien</LongName>
      </Directorate>
      <Division>
        <LongName>Division Of Mathematical Sciences</LongName>
      </Division>
    </Organization>
    <ProgramOfficer>
      <SignBlockName>K Crank</SignBlockName>
    </ProgramOfficer>
    <AbstractNarration>9901125&lt;br/&gt;Evans&lt;br/&gt; The 1999 Seminar on Stochastic Processes will be held at the Fields Institute for Research in Mathematical Sciences, Toronto, Canada from March 18 to 20, 1999. The seminars have become one of the most important regular seminar series for probabilists. They attract and bring together an active group of eminent researchers and young specialists in probability and stochastic processes. This award will provide travel support for US participants. The funds will be used primarily for women and junior researchers.</AbstractNarration>
    <MinAmdLetterDate>02/09/1999</MinAmdLetterDate>
    <MaxAmdLetterDate>02/09/1999</MaxAmdLetterDate>
    <ARRAAmount/>
    <AwardID>9901125</AwardID>
    <Investigator>
      <FirstName>Steven</FirstName>
      <LastName>Evans</LastName>
      <EmailAddress>evans@stat.berkeley.edu</EmailAddress>
      <StartDate>02/09/1999</StartDate>
      <EndDate/>
      <RoleCode>Principal Investigator</RoleCode>
    </Investigator>
    <Institution>
      <Name>Mathematical Sciences Research Institute</Name>
      <CityName>BERKELEY</CityName>
      <ZipCode>947205070</ZipCode>
      <PhoneNumber>5106420143</PhoneNumber>
      <StreetAddress>17 GAUSS WAY</StreetAddress>
      <CountryName>United States</CountryName>
      <StateName>California</StateName>
      <StateCode>CA</StateCode>
    </Institution>
    <FoaInformation>
      <Code>0000099</Code>
      <Name>Other Applications NEC</Name>
    </FoaInformation>
    <ProgramElement>
      <Code>1263</Code>
      <Text>PROBABILITY</Text>
    </ProgramElement>
    <ProgramReference>
      <Code>0000</Code>
      <Text>UNASSIGNED</Text>
    </ProgramReference>
    <ProgramReference>
      <Code>OTHR</Code>
      <Text>OTHER RESEARCH OR EDUCATION</Text>
    </ProgramReference>
  </Award>
</rootTag>
