<?xml version="1.0" encoding="UTF-8"?>

<rootTag>
  <Award>
    <AwardTitle>Polarization in Nuclear Physics at Intermediate Energies</AwardTitle>
    <AwardEffectiveDate>08/01/1999</AwardEffectiveDate>
    <AwardExpirationDate>01/31/2003</AwardExpirationDate>
    <AwardAmount>218967</AwardAmount>
    <AwardInstrument>
      <Value>Continuing grant</Value>
    </AwardInstrument>
    <Organization>
      <Code>03010600</Code>
      <Directorate>
        <LongName>Direct For Mathematical &amp; Physical Scien</LongName>
      </Directorate>
      <Division>
        <LongName>Division Of Physics</LongName>
      </Division>
    </Organization>
    <ProgramOfficer>
      <SignBlockName>Bradley D. Keister</SignBlockName>
    </ProgramOfficer>
    <AbstractNarration>9901182&lt;br/&gt;Perdrisat&lt;br/&gt;Following the recent precise measurement of the ratio of the electric and magnetic form factors of the proton up to a four-momentum transfer squared of 3.5 GeV^2, in the Summer of 1998, the JLab Program Advisory Committee has approved a continuation to 5.6 GeV^2. These two form factors are directly connected to the charge and current distributions in the nucleon; they are of fundamental importance to both nuclear and particle physics.&lt;br/&gt;The extension of the measurement of this important ratio to large four-momentum transfers will be possible using the recoil technique as in 1998. This experiment will provide the bench mark data necessary to test future theoretical descriptions of the structure of the nucleon. The precise knowledge of charge and current distributions in the nucleon is a prerequisite for the test of any theory of the strong interaction based on QCD.&lt;br/&gt;Participation in several other experiments in Hall A at JLab will includestudy of polarization transfer in the photodisintegration of the deuteron and in photoduction on the proton. Likewise, polarization transfer in the transition from the proton to the delta resonance will be studied in 2000, making use of the same focal plane polarimeter developed for the program outlined above. Recent progress in the characterization of the elastic backward pd scattering reaction, based on polarization observables, has brought us close to a model independent determination of the fundamental amplitudes which describe this reaction. Two experiments using multi-GeV energy polarized deuteron and proton beams at Dubna and Cosy(Juelich) will further contribute to this study of the simplest nucleon-nucleus reaction.</AbstractNarration>
    <MinAmdLetterDate>06/22/1999</MinAmdLetterDate>
    <MaxAmdLetterDate>05/03/2001</MaxAmdLetterDate>
    <ARRAAmount/>
    <AwardID>9901182</AwardID>
    <Investigator>
      <FirstName>Charles</FirstName>
      <LastName>Perdrisat</LastName>
      <EmailAddress>perdrisa@jlab.org</EmailAddress>
      <StartDate>06/22/1999</StartDate>
      <EndDate/>
      <RoleCode>Principal Investigator</RoleCode>
    </Investigator>
    <Institution>
      <Name>College of William and Mary</Name>
      <CityName>Williamsburg</CityName>
      <ZipCode>231878795</ZipCode>
      <PhoneNumber>7572213966</PhoneNumber>
      <StreetAddress>Office of Sponsored Programs</StreetAddress>
      <CountryName>United States</CountryName>
      <StateName>Virginia</StateName>
      <StateCode>VA</StateCode>
    </Institution>
    <FoaInformation>
      <Code>0000099</Code>
      <Name>Other Applications NEC</Name>
    </FoaInformation>
  </Award>
</rootTag>
