<?xml version="1.0" encoding="UTF-8"?>

<rootTag>
  <Award>
    <AwardTitle>Double Polarization Reactions with Gamma Rays and CP Violation Studies With Kaon Decays</AwardTitle>
    <AwardEffectiveDate>08/01/1999</AwardEffectiveDate>
    <AwardExpirationDate>07/31/2003</AwardExpirationDate>
    <AwardAmount>312500</AwardAmount>
    <AwardInstrument>
      <Value>Continuing grant</Value>
    </AwardInstrument>
    <Organization>
      <Code>03010600</Code>
      <Directorate>
        <LongName>Direct For Mathematical &amp; Physical Scien</LongName>
      </Directorate>
      <Division>
        <LongName>Division Of Physics</LongName>
      </Division>
    </Organization>
    <ProgramOfficer>
      <SignBlockName>Bradley D. Keister</SignBlockName>
    </ProgramOfficer>
    <AbstractNarration>9901178&lt;br/&gt;Blecher&lt;br/&gt;The observable universe contains matter, but no antimatter. A satisfactory explanation of this feature does not exist. All solutions require new sources of time reversal violation. This means that there exist unseen reactions of elementary particles that proceed at different rates going forward in time as compared to going backward in time. One project of this proposal is to search for such a reaction via positive kaon decay at the KEK facility in Japan.&lt;br/&gt;Neutrons and protons, called nucleons, are with electrons the particles that make up ordinary matter. A complete quantitative description of their structure is wanting. Via the study of the interactions of polarized gamma rays with polarized nucleons, various structure dependent effects can be measured and compared with theory. The LEGS facility of Brookhaven National Laboratory has developed gamma ray beams of unprecedented polarization, and is developing HD ice targets that will provide the highest nucleon polarization. A large acceptance detector has been installed to measure the various final states such interactions lead to.</AbstractNarration>
    <MinAmdLetterDate>07/16/1999</MinAmdLetterDate>
    <MaxAmdLetterDate>03/02/2001</MaxAmdLetterDate>
    <ARRAAmount/>
    <AwardID>9901178</AwardID>
    <Investigator>
      <FirstName>Marvin</FirstName>
      <LastName>Blecher</LastName>
      <EmailAddress>blecherm@alphamb2.phys.vt.edu</EmailAddress>
      <StartDate>07/16/1999</StartDate>
      <EndDate/>
      <RoleCode>Principal Investigator</RoleCode>
    </Investigator>
    <Institution>
      <Name>Virginia Polytechnic Institute and State University</Name>
      <CityName>BLACKSBURG</CityName>
      <ZipCode>240610001</ZipCode>
      <PhoneNumber>5402315281</PhoneNumber>
      <StreetAddress>Sponsored Programs 0170</StreetAddress>
      <CountryName>United States</CountryName>
      <StateName>Virginia</StateName>
      <StateCode>VA</StateCode>
    </Institution>
    <ProgramElement>
      <Code>1232</Code>
      <Text>Nuclear &amp; Hadron Quantum Chrom</Text>
    </ProgramElement>
    <ProgramReference>
      <Code>0000</Code>
      <Text>UNASSIGNED</Text>
    </ProgramReference>
    <ProgramReference>
      <Code>OTHR</Code>
      <Text>OTHER RESEARCH OR EDUCATION</Text>
    </ProgramReference>
  </Award>
</rootTag>
