<?xml version="1.0" encoding="UTF-8"?>

<rootTag>
  <Award>
    <AwardTitle>Teaching and Learning Mathematics to High Standards in Middle School Classrooms: An AEL and Fayette County Collaborative (A Planning Grant)</AwardTitle>
    <AwardEffectiveDate>03/15/1999</AwardEffectiveDate>
    <AwardExpirationDate>02/29/2000</AwardExpirationDate>
    <AwardAmount>50000</AwardAmount>
    <AwardInstrument>
      <Value>Standard Grant</Value>
    </AwardInstrument>
    <Organization>
      <Code>11090000</Code>
      <Directorate>
        <LongName>Direct For Education and Human Resources</LongName>
      </Directorate>
      <Division>
        <LongName>Division Of Research On Learning</LongName>
      </Division>
    </Organization>
    <ProgramOfficer>
      <SignBlockName>Virginia M Horak</SignBlockName>
    </ProgramOfficer>
    <AbstractNarration>9901250&lt;br/&gt;KUSIMO&lt;br/&gt;&lt;br/&gt;This planning grant is in the area of teacher enhancement. The project focus is to plan for the improvement of K-8 mathematics instruction and learning in the Fayette County (TN) Public Schools. The project involves a planning team which includes two teacher representatives from each of the seven K-8 schools in the Fayette County, two high school representatives, the Director of Schools for Fayette County, a school board representative, a higher education partner from the University of Memphis, and Appalachia Educational Laboratory (AEL) staff. Eleven district-wide meetings will be held during the planning period. The planning grant was sought to determine needs and to create a plan for implementing a standards-based focus on K-8 mathematics in Fayette County.</AbstractNarration>
    <MinAmdLetterDate>03/23/1999</MinAmdLetterDate>
    <MaxAmdLetterDate>03/23/1999</MaxAmdLetterDate>
    <ARRAAmount/>
    <AwardID>9901250</AwardID>
    <Investigator>
      <FirstName>Patricia</FirstName>
      <LastName>Kusimo</LastName>
      <EmailAddress>kusimop@ael.org</EmailAddress>
      <StartDate>03/23/1999</StartDate>
      <EndDate/>
      <RoleCode>Principal Investigator</RoleCode>
    </Investigator>
    <Investigator>
      <FirstName>Rose</FirstName>
      <LastName>Snead</LastName>
      <EmailAddress>sneadr@mail.fayette.k12.tn.us</EmailAddress>
      <StartDate>03/23/1999</StartDate>
      <EndDate/>
      <RoleCode>Co-Principal Investigator</RoleCode>
    </Investigator>
    <Institution>
      <Name>Edvantia, Inc.</Name>
      <CityName>Charleston</CityName>
      <ZipCode>253251348</ZipCode>
      <PhoneNumber>3043470400</PhoneNumber>
      <StreetAddress>PO Box 1348</StreetAddress>
      <CountryName>United States</CountryName>
      <StateName>West Virginia</StateName>
      <StateCode>WV</StateCode>
    </Institution>
    <FoaInformation>
      <Code>0000099</Code>
      <Name>Other Applications NEC</Name>
    </FoaInformation>
    <ProgramElement>
      <Code>7300</Code>
      <Text>TEACHER ENHANCEMENT PROGRAM</Text>
    </ProgramElement>
    <ProgramReference>
      <Code>9177</Code>
      <Text>ELEMENTARY/SECONDARY EDUCATION</Text>
    </ProgramReference>
    <ProgramReference>
      <Code>SMET</Code>
      <Text>SCIENCE, MATH, ENG &amp; TECH EDUCATION</Text>
    </ProgramReference>
  </Award>
</rootTag>
