<?xml version="1.0" encoding="UTF-8"?>

<rootTag>
  <Award>
    <AwardTitle>Local, Regional and Remote Effects of Northern Hemisphere Snow Cover on Western U.S. Climate and Water Resources: A Multiscale Investigation</AwardTitle>
    <AwardEffectiveDate>08/01/1999</AwardEffectiveDate>
    <AwardExpirationDate>07/31/2003</AwardExpirationDate>
    <AwardAmount>40977</AwardAmount>
    <AwardInstrument>
      <Value>Standard Grant</Value>
    </AwardInstrument>
    <Organization>
      <Code>06020106</Code>
      <Directorate>
        <LongName>Directorate For Geosciences</LongName>
      </Directorate>
      <Division>
        <LongName>Div Atmospheric &amp; Geospace Sciences</LongName>
      </Division>
    </Organization>
    <ProgramOfficer>
      <SignBlockName>Jay S. Fein</SignBlockName>
    </ProgramOfficer>
    <AbstractNarration>Abstract&lt;br/&gt;ATM-9901357&lt;br/&gt;Marshall, Susan&lt;br/&gt;University of North Carolina&lt;br/&gt;Title: Local, Regional and Remote Effects of Northern Hemisphere Snow Cover on Western U.S. Climate and Water Resources: A Multiscale Investigation&lt;br/&gt;&lt;br/&gt;The primary goal of this collaborative investigation is to identify, characterize, and quantify the local, regional and remote effects of snow cover on the western US climate and water resources. The present proposal considers snow not as a passive responder but as an active driver of climate variability on multiple scales. The effects of snow cover within the western US and the climate signals due to remote snow forcing will be considered. Empirical analyses and a suite of model experiments will be conducted. The work is important because it will lead to enhanced understanding of the role of snow cover in climate variability on a range of spatial and temporal scales.</AbstractNarration>
    <MinAmdLetterDate>07/12/1999</MinAmdLetterDate>
    <MaxAmdLetterDate>07/12/1999</MaxAmdLetterDate>
    <ARRAAmount/>
    <AwardID>9901357</AwardID>
    <Investigator>
      <FirstName>Susan</FirstName>
      <LastName>Marshall</LastName>
      <EmailAddress>marshals@rocky.edu</EmailAddress>
      <StartDate>07/12/1999</StartDate>
      <EndDate/>
      <RoleCode>Principal Investigator</RoleCode>
    </Investigator>
    <Institution>
      <Name>University of North Carolina at Charlotte</Name>
      <CityName>CHARLOTTE</CityName>
      <ZipCode>282230001</ZipCode>
      <PhoneNumber>7046871888</PhoneNumber>
      <StreetAddress>9201 University City Boulevard</StreetAddress>
      <CountryName>United States</CountryName>
      <StateName>North Carolina</StateName>
      <StateCode>NC</StateCode>
    </Institution>
    <FoaInformation>
      <Code>0319000</Code>
      <Name>Climate Related Activities</Name>
    </FoaInformation>
  </Award>
</rootTag>
