<?xml version="1.0" encoding="UTF-8"?>

<rootTag>
  <Award>
    <AwardTitle>Corrosion Initiation and Crack Propagation in Wires of Cable Suspension Bridges</AwardTitle>
    <AwardEffectiveDate>05/01/2000</AwardEffectiveDate>
    <AwardExpirationDate>04/30/2003</AwardExpirationDate>
    <AwardAmount>210000</AwardAmount>
    <AwardInstrument>
      <Value>Continuing grant</Value>
    </AwardInstrument>
    <Organization>
      <Code>07030000</Code>
      <Directorate>
        <LongName>Directorate For Engineering</LongName>
      </Directorate>
      <Division>
        <LongName>Div Of Civil, Mechanical, &amp; Manufact Inn</LongName>
      </Division>
    </Organization>
    <ProgramOfficer>
      <SignBlockName>Ken Chong</SignBlockName>
    </ProgramOfficer>
    <AbstractNarration>9901378&lt;br/&gt;This research project stems from the results and conclusions of a previous study on the environmental deterioration of high-strength bridge wires and it focuses on the initiation of the corrosion process and on the subsequent crack formation and propagation mechanism and their interaction with the mechanical stresses. The main purpose of this project is to answer the difficult question of "why are there broken wires in the main cables of suspension bridges in service conditions"?&lt;br/&gt; The research project will focus on 1) the initiation and location of the corrosion process in bridge wires, 2) the effects and importance of residual stresses and their superposition with service stresses, 3) the lever of service loads that wires can carry and their interaction with the corrosion process, and on 4) the galvanizing process and wire manufacturing. Particular attention will be given to 1) crack formation and distribution of residual stresses, 2) corrosion initiation and pitting and their relation to microcracks, residual stresses and material flaws, 3) the fundamental interrelation between mechanical stresses, corrosion initiation and propagation and hydrogen embrittlement, and 4) the effects of wire manufacturing on the distribution of residual stresses.</AbstractNarration>
    <MinAmdLetterDate>04/21/2000</MinAmdLetterDate>
    <MaxAmdLetterDate>08/10/2001</MaxAmdLetterDate>
    <ARRAAmount/>
    <AwardID>9901378</AwardID>
    <Investigator>
      <FirstName>Raimondo</FirstName>
      <LastName>Betti</LastName>
      <EmailAddress>betti@civil.columbia.edu</EmailAddress>
      <StartDate>04/21/2000</StartDate>
      <EndDate/>
      <RoleCode>Principal Investigator</RoleCode>
    </Investigator>
    <Investigator>
      <FirstName>Alan</FirstName>
      <LastName>West</LastName>
      <EmailAddress>acw7@columbia.edu</EmailAddress>
      <StartDate>04/21/2000</StartDate>
      <EndDate/>
      <RoleCode>Co-Principal Investigator</RoleCode>
    </Investigator>
    <Investigator>
      <FirstName>Hugh</FirstName>
      <LastName>Isaacs</LastName>
      <EmailAddress/>
      <StartDate>04/21/2000</StartDate>
      <EndDate/>
      <RoleCode>Co-Principal Investigator</RoleCode>
    </Investigator>
    <Institution>
      <Name>Columbia University</Name>
      <CityName>NEW YORK</CityName>
      <ZipCode>100276902</ZipCode>
      <PhoneNumber>2128546851</PhoneNumber>
      <StreetAddress>2960 Broadway</StreetAddress>
      <CountryName>United States</CountryName>
      <StateName>New York</StateName>
      <StateCode>NY</StateCode>
    </Institution>
    <FoaInformation>
      <Code>0308000</Code>
      <Name>Industrial Technology</Name>
    </FoaInformation>
  </Award>
</rootTag>
