<?xml version="1.0" encoding="UTF-8"?>

<rootTag>
  <Award>
    <AwardTitle>Collaborative Research: Towards a GEM Geospace General Circulation Model--Coupling Tail Dynamics and Inner Magnetospheric Transport</AwardTitle>
    <AwardEffectiveDate>08/01/1999</AwardEffectiveDate>
    <AwardExpirationDate>12/31/2002</AwardExpirationDate>
    <AwardAmount>180000</AwardAmount>
    <AwardInstrument>
      <Value>Interagency Agreement</Value>
    </AwardInstrument>
    <Organization>
      <Code>06020202</Code>
      <Directorate>
        <LongName>Directorate For Geosciences</LongName>
      </Directorate>
      <Division>
        <LongName>Div Atmospheric &amp; Geospace Sciences</LongName>
      </Division>
    </Organization>
    <ProgramOfficer>
      <SignBlockName>Kile B. Baker</SignBlockName>
    </ProgramOfficer>
    <AbstractNarration>This project is a companion to ATM-9900983 (PI: F. Toffoletto). The two proposals taken together are designed to produce a computer model of the Earth's magnetotail and how the tail interacts with the inner magnetosphere. It will couple the tail-MHD computer code of Birn and Hesse with the Rice Convection Model and a magnetofriction code. The model will solve a closed set of partial differential equations which describe the magnetotail and the plasma sheet and their coupling to the inner magnetosphere and ionosphere. Ultimately this computer code will be used as a module for the Geospace General Circulation Model (GGCM), which is one of the primary goals of the Geospace Environment Modeling (GEM) program</AbstractNarration>
    <MinAmdLetterDate>07/12/1999</MinAmdLetterDate>
    <MaxAmdLetterDate>09/04/2002</MaxAmdLetterDate>
    <ARRAAmount/>
    <AwardID>9901070</AwardID>
    <Investigator>
      <FirstName>Joachim</FirstName>
      <LastName>Birn</LastName>
      <EmailAddress>jbirn@spacescience.org</EmailAddress>
      <StartDate>07/12/1999</StartDate>
      <EndDate/>
      <RoleCode>Principal Investigator</RoleCode>
    </Investigator>
    <Investigator>
      <FirstName>Michael</FirstName>
      <LastName>Hesse</LastName>
      <EmailAddress>michael.hesse@nasa.gov</EmailAddress>
      <StartDate>07/12/1999</StartDate>
      <EndDate/>
      <RoleCode>Co-Principal Investigator</RoleCode>
    </Investigator>
    <Institution>
      <Name>Department of Energy Albuquerque Operations Office</Name>
      <CityName>Albuquerque</CityName>
      <ZipCode>871150000</ZipCode>
      <PhoneNumber/>
      <StreetAddress>PENNSYLVANIA &amp; H ST SE</StreetAddress>
      <CountryName>United States</CountryName>
      <StateName>New Mexico</StateName>
      <StateCode>NM</StateCode>
    </Institution>
    <FoaInformation>
      <Code>0205000</Code>
      <Name>Space</Name>
    </FoaInformation>
  </Award>
</rootTag>
