<?xml version="1.0" encoding="UTF-8"?>

<rootTag>
  <Award>
    <AwardTitle>Dynamic Power Management of Circuits and Systems</AwardTitle>
    <AwardEffectiveDate>09/01/1999</AwardEffectiveDate>
    <AwardExpirationDate>08/31/2002</AwardExpirationDate>
    <AwardAmount>375000</AwardAmount>
    <AwardInstrument>
      <Value>Continuing grant</Value>
    </AwardInstrument>
    <Organization>
      <Code>05010600</Code>
      <Directorate>
        <LongName>Direct For Computer &amp; Info Scie &amp; Enginr</LongName>
      </Directorate>
      <Division>
        <LongName>Division of Computing and Communication Foundations</LongName>
      </Division>
    </Organization>
    <ProgramOfficer>
      <SignBlockName>John Staudhammer</SignBlockName>
    </ProgramOfficer>
    <AbstractNarration>Portable and high-performance electronic systems need to be designed with&lt;br/&gt;low-power consumption criteria. Dynamic power management (DPM) is a means&lt;br/&gt;of controlling power consumption levels in portable and high-performance&lt;br/&gt;electronic systems. DPM monitors idleness of the system's components and&lt;br/&gt;sets them in appropriate states characterized by performance, power and&lt;br/&gt;service levels. The project addresses developing design technologies to&lt;br/&gt;support DPM. There are four major tasks: 1) Modeling digital systems in a&lt;br/&gt;general and abstract way, to capture the power-consumption, performance and&lt;br/&gt;service levels, 2) Synthesis of optimal control policies for power&lt;br/&gt;management. 3) Implementation of policies, including their embedding in&lt;br/&gt;systems compliant with existing standards (e.g., ACPI), 4) Experimentation&lt;br/&gt;with DPM policies as applied to electronic portable systems to evaluate the&lt;br/&gt;effectiveness of dynamic power management strategies. CAD tools for&lt;br/&gt;designing power managers are being developed.</AbstractNarration>
    <MinAmdLetterDate>08/24/1999</MinAmdLetterDate>
    <MaxAmdLetterDate>03/30/2001</MaxAmdLetterDate>
    <ARRAAmount/>
    <AwardID>9901190</AwardID>
    <Investigator>
      <FirstName>Giovanni</FirstName>
      <LastName>De Micheli</LastName>
      <EmailAddress>nanni@stanford.edu</EmailAddress>
      <StartDate>08/24/1999</StartDate>
      <EndDate/>
      <RoleCode>Principal Investigator</RoleCode>
    </Investigator>
    <Institution>
      <Name>Stanford University</Name>
      <CityName>Palo Alto</CityName>
      <ZipCode>943041212</ZipCode>
      <PhoneNumber>6507232300</PhoneNumber>
      <StreetAddress>3160 Porter Drive</StreetAddress>
      <CountryName>United States</CountryName>
      <StateName>California</StateName>
      <StateCode>CA</StateCode>
    </Institution>
  </Award>
</rootTag>
