<?xml version="1.0" encoding="UTF-8"?>

<rootTag>
  <Award>
    <AwardTitle>Mechanistic and Exploratory Organic Photochemistry</AwardTitle>
    <AwardEffectiveDate>08/01/1999</AwardEffectiveDate>
    <AwardExpirationDate>07/31/2002</AwardExpirationDate>
    <AwardAmount>447000</AwardAmount>
    <AwardInstrument>
      <Value>Standard Grant</Value>
    </AwardInstrument>
    <Organization>
      <Code>03090003</Code>
      <Directorate>
        <LongName>Direct For Mathematical &amp; Physical Scien</LongName>
      </Directorate>
      <Division>
        <LongName>Division Of Chemistry</LongName>
      </Division>
    </Organization>
    <ProgramOfficer>
      <SignBlockName>Mark E. Welker</SignBlockName>
    </ProgramOfficer>
    <AbstractNarration>This project continues a variegated mechanistic organic research program that touches upon several aspects in the field. These include investigations of the chemistry of excited state organic molecules, where it remains to be determined if radiationless decay to alternative products or energy barriers on the excited state hypersurface govern the course of events. Methods used to probe these questions include quantum mechanical, theoretical, and experimental chemistry. A different endeavor involves the case where a reacting molecule is imbedded in a cavity of limited and irregular size. Conformational constraints then alter the otherwise observed course of the reaction. &lt;br/&gt;&lt;br/&gt;With this Award, the Organic and Macromolecular Chemistry Program continues support for the research of Professor Howard E. Zimmerman of the University of Wisconsin at Madison. Professor Zimmerman's research activities are in the area of mechanistic organic chemistry, which involves making close observations of chemical reactions under a variety of conditions in order to determine precisely how they occur. Since one cannot directly observe molecules as they react, one must devise other means of deducing these events. Particular emphasis in Professor Zimmerman's laboratories is given to reactions that are initiated by the absorption of light, and of molecules that are trapped within crystals.</AbstractNarration>
    <MinAmdLetterDate>07/22/1999</MinAmdLetterDate>
    <MaxAmdLetterDate>07/22/1999</MaxAmdLetterDate>
    <ARRAAmount/>
    <AwardID>9901049</AwardID>
    <Investigator>
      <FirstName>Howard</FirstName>
      <LastName>Zimmerman</LastName>
      <EmailAddress>zimmerman@chem.wisc.edu</EmailAddress>
      <StartDate>07/22/1999</StartDate>
      <EndDate/>
      <RoleCode>Principal Investigator</RoleCode>
    </Investigator>
    <Institution>
      <Name>University of Wisconsin-Madison</Name>
      <CityName>MADISON</CityName>
      <ZipCode>537151218</ZipCode>
      <PhoneNumber>6082623822</PhoneNumber>
      <StreetAddress>21 North Park Street</StreetAddress>
      <CountryName>United States</CountryName>
      <StateName>Wisconsin</StateName>
      <StateCode>WI</StateCode>
    </Institution>
  </Award>
</rootTag>
