<?xml version="1.0" encoding="UTF-8"?>

<rootTag>
  <Award>
    <AwardTitle>CISE Experimental Partnerships: Processing/Communication/ Interface Tradeoffs to Optimize Energy Locality in Mobile Systems</AwardTitle>
    <AwardEffectiveDate>09/15/1999</AwardEffectiveDate>
    <AwardExpirationDate>08/31/2003</AwardExpirationDate>
    <AwardAmount>983035</AwardAmount>
    <AwardInstrument>
      <Value>Continuing grant</Value>
    </AwardInstrument>
    <Organization>
      <Code>05050000</Code>
      <Directorate>
        <LongName>Direct For Computer &amp; Info Scie &amp; Enginr</LongName>
      </Directorate>
      <Division>
        <LongName>Division Of Computer and Network Systems</LongName>
      </Division>
    </Organization>
    <ProgramOfficer>
      <SignBlockName>Gregory R. Andrews</SignBlockName>
    </ProgramOfficer>
    <AbstractNarration>99-01321&lt;br/&gt;Siewiorek, Daniel&lt;br/&gt;Koopman, Philip&lt;br/&gt;Carnegie Mellon University&lt;br/&gt;&lt;br/&gt;CISE Experimental Partnerships: Processing/Communication/Interface&lt;br/&gt;Tradeoffs to Optimize Energy Locality in Mobile Systems&lt;br/&gt;&lt;br/&gt;As computers continue to shrink, research and commercial interest in mobile/wearable computing is rapidly growing. Unlike traditional desktop computing in which the user is required to come to the computer, mobile computing brings the computer to the user. One of the key problems with mobile/wearable computing is energy consumption. Battery weight for mobile/wearable computers often exceeds the weight of all other components combined. In order to make mobile/wearable computing widely applicable, major advances in reducing power consumption and battery weight are needed. In this research a testbed, Infocator, is being developed to study energy issues in mobile/wearable computing.&lt;br/&gt;&lt;br/&gt;Mobile/wearable systems are typically comprised of both computing and communications systems. While power consumption required by the computing component is rapidly decreasing, power consumption required by the communications component is not keeping pace. It is estimated that by the year 2001, nearly 80% of the power consumed by mobile/wearable will be due to communications.&lt;br/&gt;&lt;br/&gt;Trading off energy-expensive communication for energy cheap computation through effective partitioning of control and data can result in significant energy savings. Methods for determining the ideal control/data&lt;br/&gt;partitioning are being developed and codified in a Theory of Energy Locality. To realize the partitioning and facilitate control movement, a generic application independent framework for proxies is also being&lt;br/&gt;developed. &lt;br/&gt;&lt;br/&gt;To maximize the effectiveness of wearable systems in mobile computing environments, the interface design ust be carefully matched with user tasks and balanced against energy consumption. Many complex and interrelated issues determine the balance between ease-of-use and power consumption. Simply trading off ase-of-use for lower per operation power consumption may result in higher task energy consumption due to the increase in the number of operations needed to traverse a less intuitive interface. The effect of user interface on energy consumption is also being evaluated by developing several different interfaces for nfocator and measuring and comparing the ease-of-use and energy consumption.</AbstractNarration>
    <MinAmdLetterDate>09/21/1999</MinAmdLetterDate>
    <MaxAmdLetterDate>05/24/2002</MaxAmdLetterDate>
    <ARRAAmount/>
    <AwardID>9901321</AwardID>
    <Investigator>
      <FirstName>Daniel</FirstName>
      <LastName>Siewiorek</LastName>
      <EmailAddress>dps@cs.cmu.edu</EmailAddress>
      <StartDate>09/21/1999</StartDate>
      <EndDate/>
      <RoleCode>Principal Investigator</RoleCode>
    </Investigator>
    <Investigator>
      <FirstName>Philip</FirstName>
      <LastName>Koopman</LastName>
      <EmailAddress>koopman@cmu.edu</EmailAddress>
      <StartDate>09/21/1999</StartDate>
      <EndDate/>
      <RoleCode>Co-Principal Investigator</RoleCode>
    </Investigator>
    <Institution>
      <Name>Carnegie-Mellon University</Name>
      <CityName>PITTSBURGH</CityName>
      <ZipCode>152133815</ZipCode>
      <PhoneNumber>4122689527</PhoneNumber>
      <StreetAddress>5000 Forbes Avenue</StreetAddress>
      <CountryName>United States</CountryName>
      <StateName>Pennsylvania</StateName>
      <StateCode>PA</StateCode>
    </Institution>
    <FoaInformation>
      <Code>0000099</Code>
      <Name>Other Applications NEC</Name>
    </FoaInformation>
  </Award>
</rootTag>
