<?xml version="1.0" encoding="UTF-8"?>

<rootTag>
  <Award>
    <AwardTitle>GOALI: Fabrication and Electronic Properties of Nanocrystalline Silicon Superlattices</AwardTitle>
    <AwardEffectiveDate>07/01/1999</AwardEffectiveDate>
    <AwardExpirationDate>11/30/2001</AwardExpirationDate>
    <AwardAmount>260570</AwardAmount>
    <AwardInstrument>
      <Value>Standard Grant</Value>
    </AwardInstrument>
    <Organization>
      <Code>03070004</Code>
      <Directorate>
        <LongName>Direct For Mathematical &amp; Physical Scien</LongName>
      </Directorate>
      <Division>
        <LongName>Division Of Materials Research</LongName>
      </Division>
    </Organization>
    <ProgramOfficer>
      <SignBlockName>LaVerne D. Hess</SignBlockName>
    </ProgramOfficer>
    <AbstractNarration>This GOALI project is a collaborative research activity between Motorola and the University of Rochester. The project addresses fundamental materials science synthesis and processing issues, fabrication, and exploratory applications of Si nanocrystal layered structures. Structural characterization, and modeling of the role of surface and interface stress in controlled a-Si recrystallization and related issues such as Si nanocrystal size distribution, positioning including lateral separation, crystallographic orientation, and surface passivation will be studied. Silicon quantum dot electronics, including high-density memory cells and other devices based on single-electron phenomena will be evaluated. The research will be performed by several investigators from the University of Rochester and Motorola in collaboration with Rochester Institute of Technology, the National Research Council, Ottawa, Canada, and the Naval Research Laboratory, Washington, DC. The program represents a partnership between academic institutions, government laboratories, and industry, yielding a collaboration between technologists, experimentalists, and theorists to address basic issues in silicon nanoscale materials science and technology.&lt;br/&gt;%%%&lt;br/&gt;The project addresses basic research issues in a topical area of materials science having high potential technological relevance. The research will contribute basic materials science knowledge at a fundamental level to important fabrication aspects of electronic/photonic devices. The basic knowledge and understanding gained from the research is expected to contribute to improving the perform-ance of advanced devices and circuits for computing and communications. An important feature of the program is the integration of research and education through the training of students in a fundamentally and technologically significant area. Educational features of the project include special opportunities for students from the University of Rochester and Rochester Institute of Technology to experience academic and industrial research perspectives and approaches, and access to special instrumentation and facilities. The project is co-supported by the MPS OMA(Office of Multidisciplinary Activities).&lt;br/&gt;***</AbstractNarration>
    <MinAmdLetterDate>04/08/1999</MinAmdLetterDate>
    <MaxAmdLetterDate>04/08/1999</MaxAmdLetterDate>
    <ARRAAmount/>
    <AwardID>9901064</AwardID>
    <Investigator>
      <FirstName>Philippe</FirstName>
      <LastName>Fauchet</LastName>
      <EmailAddress>fauchet@ece.rochester.edu</EmailAddress>
      <StartDate>04/08/1999</StartDate>
      <EndDate/>
      <RoleCode>Co-Principal Investigator</RoleCode>
    </Investigator>
    <Investigator>
      <FirstName>Leonid</FirstName>
      <LastName>Tsybeskov</LastName>
      <EmailAddress>tsybesko@njit.edu</EmailAddress>
      <StartDate>04/08/1999</StartDate>
      <EndDate/>
      <RoleCode>Principal Investigator</RoleCode>
    </Investigator>
    <Investigator>
      <FirstName>Bruce</FirstName>
      <LastName>White</LastName>
      <EmailAddress>bruce.white@binghamton.edu</EmailAddress>
      <StartDate>04/08/1999</StartDate>
      <EndDate/>
      <RoleCode>Co-Principal Investigator</RoleCode>
    </Investigator>
    <Institution>
      <Name>University of Rochester</Name>
      <CityName>Rochester</CityName>
      <ZipCode>146270140</ZipCode>
      <PhoneNumber>5852754031</PhoneNumber>
      <StreetAddress>518 HYLAN, RC BOX 270140</StreetAddress>
      <CountryName>United States</CountryName>
      <StateName>New York</StateName>
      <StateCode>NY</StateCode>
    </Institution>
    <FoaInformation>
      <Code>0106000</Code>
      <Name>Materials Research</Name>
    </FoaInformation>
    <ProgramElement>
      <Code>1253</Code>
      <Text>OFFICE OF MULTIDISCIPLINARY AC</Text>
    </ProgramElement>
    <ProgramElement>
      <Code>1775</Code>
      <Text>ELECTRONIC/PHOTONIC MATERIALS</Text>
    </ProgramElement>
    <ProgramReference>
      <Code>1022</Code>
      <Text>OFFICE OF MULTIDISCIP ACT-RESEARCH</Text>
    </ProgramReference>
    <ProgramReference>
      <Code>1504</Code>
      <Text>GRANT OPP FOR ACAD LIA W/INDUS</Text>
    </ProgramReference>
    <ProgramReference>
      <Code>9161</Code>
      <Text>SINGLE DIVISION/UNIVERSITY</Text>
    </ProgramReference>
    <ProgramReference>
      <Code>AMPP</Code>
      <Text>ADVANCED MATERIALS &amp; PROCESSING PROGRAM</Text>
    </ProgramReference>
  </Award>
</rootTag>
