<?xml version="1.0" encoding="UTF-8"?>

<rootTag>
  <Award>
    <AwardTitle>Math Packs for Families</AwardTitle>
    <AwardEffectiveDate>07/01/1999</AwardEffectiveDate>
    <AwardExpirationDate>06/30/2004</AwardExpirationDate>
    <AwardAmount>991842</AwardAmount>
    <AwardInstrument>
      <Value>Continuing grant</Value>
    </AwardInstrument>
    <Organization>
      <Code>11090000</Code>
      <Directorate>
        <LongName>Direct For Education and Human Resources</LongName>
      </Directorate>
      <Division>
        <LongName>Division Of Research On Learning</LongName>
      </Division>
    </Organization>
    <ProgramOfficer>
      <SignBlockName>Julie Johnson</SignBlockName>
    </ProgramOfficer>
    <AbstractNarration>9901289&lt;br/&gt;MOKROS&lt;br/&gt;&lt;br/&gt;"Math Packs for Families" is a three-year project which will enable a broad spectrum of parents throughout the country to do interesting, fun, and enriching mathematical activities with their children in the context of everyday family life. The project will develop, publish and disseminate ten Math Packs or packages of activities. The innovative, realistic materials will help parents do math throughout the day, and within the constraints of everyday life, with their elementary (K-5th grade) children while doing housework, shopping, and meal preparation. With the aid of one of the project partners, Ceridian Performance Partners, a leading work-family provider of contract services to small businesses (representing six million workers), it is anticipated the packs will be distributed to between 50,000 and several million parents at their workplaces across the nation.&lt;br/&gt;&lt;br/&gt;The final component of the project is a research-based evaluation which will provide data to understanding how children learn math, the role of including the parent, doing math activities informally in the home setting, the efficacy of the Math Packs, and the effectiveness of workplace distribution.</AbstractNarration>
    <MinAmdLetterDate>06/24/1999</MinAmdLetterDate>
    <MaxAmdLetterDate>04/25/2003</MaxAmdLetterDate>
    <ARRAAmount/>
    <AwardID>9901289</AwardID>
    <Investigator>
      <FirstName>Janice</FirstName>
      <LastName>Mokros</LastName>
      <EmailAddress>jmokros@sfsu.edu</EmailAddress>
      <StartDate>06/24/1999</StartDate>
      <EndDate/>
      <RoleCode>Principal Investigator</RoleCode>
    </Investigator>
    <Institution>
      <Name>TERC Inc</Name>
      <CityName>Cambridge</CityName>
      <ZipCode>021401339</ZipCode>
      <PhoneNumber>6178739600</PhoneNumber>
      <StreetAddress>2067 Massachusetts Avenue</StreetAddress>
      <CountryName>United States</CountryName>
      <StateName>Massachusetts</StateName>
      <StateCode>MA</StateCode>
    </Institution>
    <FoaInformation>
      <Code>0000099</Code>
      <Name>Other Applications NEC</Name>
    </FoaInformation>
    <ProgramElement>
      <Code>7259</Code>
      <Text>AISL</Text>
    </ProgramElement>
    <ProgramReference>
      <Code>9177</Code>
      <Text>ELEMENTARY/SECONDARY EDUCATION</Text>
    </ProgramReference>
    <ProgramReference>
      <Code>SMET</Code>
      <Text>SCIENCE, MATH, ENG &amp; TECH EDUCATION</Text>
    </ProgramReference>
  </Award>
</rootTag>
