<?xml version="1.0" encoding="UTF-8"?>

<rootTag>
  <Award>
    <AwardTitle>1999 Gordon Research Conference on Nuclear Chemistry; New London, New Hampshire</AwardTitle>
    <AwardEffectiveDate>07/15/1999</AwardEffectiveDate>
    <AwardExpirationDate>06/30/2000</AwardExpirationDate>
    <AwardAmount>5000</AwardAmount>
    <AwardInstrument>
      <Value>Standard Grant</Value>
    </AwardInstrument>
    <Organization>
      <Code>03010600</Code>
      <Directorate>
        <LongName>Direct For Mathematical &amp; Physical Scien</LongName>
      </Directorate>
      <Division>
        <LongName>Division Of Physics</LongName>
      </Division>
    </Organization>
    <ProgramOfficer>
      <SignBlockName>Bradley D. Keister</SignBlockName>
    </ProgramOfficer>
    <AbstractNarration>9901336&lt;br/&gt;Lee&lt;br/&gt;The main objective of the Gordon research conference on Nuclear chemistry is to provide the international community of nuclear scientists with a unique forum on which the newest developments at the forefront of this science can be presented and subjected to detailed and extended discussions and criticism. The purpose of the conference is to encourage communication and the discussions to be conducted in an atmosphere conducive to open interactions between the scientists, provoking new and even speculative ideas for future research.&lt;br/&gt;&lt;br/&gt;To accomplish these goals requires the participation in all of the conference activities of a significant number of leaders in the field. However, a science as rapidly developing as nuclear chemistry invites and needs cooperative efforts on all levels with a range of expertise for its growth. Therefore, younger scientists from all countries are encouraged to participate in the conference and to present their ideas. In particular, in anticipation of the future need of manpower and of a growing importance of international cooperative scientific ventures, it appears necessary to expose selected advanced graduate student from the major international research universities to the new opportunities and techniques in nuclear science.</AbstractNarration>
    <MinAmdLetterDate>07/20/1999</MinAmdLetterDate>
    <MaxAmdLetterDate>07/20/1999</MaxAmdLetterDate>
    <ARRAAmount/>
    <AwardID>9901336</AwardID>
    <Investigator>
      <FirstName>I-Yang</FirstName>
      <LastName>Lee</LastName>
      <EmailAddress/>
      <StartDate>07/20/1999</StartDate>
      <EndDate/>
      <RoleCode>Principal Investigator</RoleCode>
    </Investigator>
    <Institution>
      <Name>Gordon Research Conferences</Name>
      <CityName>West Kingston</CityName>
      <ZipCode>028921502</ZipCode>
      <PhoneNumber>4017834011</PhoneNumber>
      <StreetAddress>512 Liberty Lane</StreetAddress>
      <CountryName>United States</CountryName>
      <StateName>Rhode Island</StateName>
      <StateCode>RI</StateCode>
    </Institution>
  </Award>
</rootTag>
