<?xml version="1.0" encoding="UTF-8"?>

<rootTag>
  <Award>
    <AwardTitle>Collaborative Research: Incorporating Disease Information Into Abundance Models of Alaska Pacific Herring Populations</AwardTitle>
    <AwardEffectiveDate>02/01/1999</AwardEffectiveDate>
    <AwardExpirationDate>01/31/2002</AwardExpirationDate>
    <AwardAmount>30578</AwardAmount>
    <AwardInstrument>
      <Value>Standard Grant</Value>
    </AwardInstrument>
    <Organization>
      <Code>06040301</Code>
      <Directorate>
        <LongName>Directorate For Geosciences</LongName>
      </Directorate>
      <Division>
        <LongName>Division Of Ocean Sciences</LongName>
      </Division>
    </Organization>
    <ProgramOfficer>
      <SignBlockName>Phillip R. Taylor</SignBlockName>
    </ProgramOfficer>
    <AbstractNarration>Quinn 9901351&lt;br/&gt;&lt;br/&gt;Pacific herring (Clupea pallasl) are schooling fish that range throughout coastal regions of the North Pacific. They are an important component of the ecosystem as secondary consumers, they serve as high-quality prey for many marine mammals and birds, and in Prince William Sound, Alaska, they comprise an important seasonal commercial fishery.&lt;br/&gt;&lt;br/&gt;Models to estimate fish populations commonly integrate many variables, including age, length, sex composition, fishing mortality, and indices of abundance such as catch per unit effort and survey biomass. For Pacific herring in Prince William Sound, population biomass has been modeled and estimated since the early 1970s. Natural mortality is usually treated as a constant in these models because it is difficult to estimate mortality without comprehensive information about disease and predation. Recent evidence from Prince William Sound, however, indicates that use of a constant mortality in such models can lead to large errors in stock assessment estimates. In 1993, estimates based on age-structured population models led biologists to predict that over 1 00,000 metric tons of Pacific herring would spawn. However, only 20,000 metric tons actually returned to spawn. When viral hemorrhagic septicemia virus was isolated from several herring sampled from the population, it was hypothesized that a disease epidemic was responsible for the unexpectedly large natural mortality.&lt;br/&gt;&lt;br/&gt;This project will evaluate the role of disease in Pacific herring by focusing on two specific objectives: 1) to determine prevalence and severity of disease in a free ranging Pacific herring population; and 2) to determine, through modifications of an age-structured assessment model, the contribution of disease in explaining Pacific herring population fluctuations. To assess disease-produced mortality, adult Pacific herring from Prince William Sound will be sampled each year in April and October. These will be examined to determine standard length and a variety of assays for general physiological condition and the presence of pathogens will be performed. Prevalence of potential pathogens will be statistically linked to histopathologic lesions and changes in blood chemistry to determine significance of disease to individuals, and prevalence will be linked to population models of abundance to determine population-level significance.&lt;br/&gt;&lt;br/&gt;Disease is a fundamental biological process that ultimately affects the longevity of most individuals, and any process that affects individuals will also impact populations. This study will investigate the ecological significance of disease in a pelagic marine schooling fish species and will be the first to model the link between enzootic disease and population change. Results from this study will answer basic questions about how season, gender, spawning condition, and age may affect disease processes cycling through a population.</AbstractNarration>
    <MinAmdLetterDate>01/26/1999</MinAmdLetterDate>
    <MaxAmdLetterDate>01/26/1999</MaxAmdLetterDate>
    <ARRAAmount/>
    <AwardID>9901351</AwardID>
    <Investigator>
      <FirstName>Terrance</FirstName>
      <LastName>Quinn</LastName>
      <EmailAddress>terry.quinn@uaf.edu</EmailAddress>
      <StartDate>01/26/1999</StartDate>
      <EndDate/>
      <RoleCode>Principal Investigator</RoleCode>
    </Investigator>
    <Institution>
      <Name>University of Alaska Fairbanks Campus</Name>
      <CityName>Fairbanks</CityName>
      <ZipCode>997757880</ZipCode>
      <PhoneNumber>9074747301</PhoneNumber>
      <StreetAddress>West Ridge Research Bldg 008</StreetAddress>
      <CountryName>United States</CountryName>
      <StateName>Alaska</StateName>
      <StateCode>AK</StateCode>
    </Institution>
    <FoaInformation>
      <Code>0204000</Code>
      <Name>Oceanography</Name>
    </FoaInformation>
    <ProgramElement>
      <Code>1650</Code>
      <Text>BIOLOGICAL OCEANOGRAPHY</Text>
    </ProgramElement>
    <ProgramReference>
      <Code>0000</Code>
      <Text>UNASSIGNED</Text>
    </ProgramReference>
    <ProgramReference>
      <Code>OTHR</Code>
      <Text>OTHER RESEARCH OR EDUCATION</Text>
    </ProgramReference>
  </Award>
</rootTag>
