<?xml version="1.0" encoding="UTF-8"?>

<rootTag>
  <Award>
    <AwardTitle>Doctoral Dissertation Research: Fire-Vegetation Dynamics in Highland Pine Forests of the Dominican Republic: An Investigation at Multiple Time Scales</AwardTitle>
    <AwardEffectiveDate>05/01/1999</AwardEffectiveDate>
    <AwardExpirationDate>10/31/2000</AwardExpirationDate>
    <AwardAmount>9966</AwardAmount>
    <AwardInstrument>
      <Value>Standard Grant</Value>
    </AwardInstrument>
    <Organization>
      <Code>04040400</Code>
      <Directorate>
        <LongName>Direct For Social, Behav &amp; Economic Scie</LongName>
      </Directorate>
      <Division>
        <LongName>Division Of Behavioral and Cognitive Sci</LongName>
      </Division>
    </Organization>
    <ProgramOfficer>
      <SignBlockName>Thomas J. Baerwald</SignBlockName>
    </ProgramOfficer>
    <AbstractNarration>Numerous natural processes and many different forms of human activity have altered vegetation patterns in different parts of the world. Among the factors that have dramatically altered vegetation regimes are fires, both human-generated as well as those arising from natural causes, especially lightning. Some focused studies have examined natural fires during prehistoric periods when humans were absent from the study locales, while others have examined fires during historic time periods or as modern land-management practices. Little attention has been given to examining the relationships between fires and vegetation in the same area from prehistoric to contemporary time periods. This doctoral dissertation research project will integrate paleontological, dendrochronological, and ecological research to investigate fire-vegetation dynamics at multiple time scales in the central highlands of the Dominican Republic. The student will use different approaches for each time scale. The long-term history of fire as an agent of vegetation change over millennia will be undertaken by analyzing pollen and charcoal in sediments. Fire histories over recent centuries will be examined through analysis of tree-ring cores from two stands of fire-scarred pines, and present vegetation regeneration over the last decade will be analyzed in these two and in eight other stands that recently burned. The integration of these three research approaches will expand understandings of the evolutionary and ecological links between fire and vegetation in the Dominican highlands. The study will provide information about fire-vegetation dynamics and will complement current and planned studies in the region aimed at explaining broader-scale vegetation patterns in the region. The results of this research project should contribute to deeper theoretical understandings of successional pathways in tropical mountain forest communities, and it will provide practical information the can guide land managers in making decisions regarding the use and control of fire in highland environments. As a Doctoral Dissertation Research Improvement award, this award also will provide support to enable a promising student to establish a strong independent research career.</AbstractNarration>
    <MinAmdLetterDate>04/30/1999</MinAmdLetterDate>
    <MaxAmdLetterDate>04/30/1999</MaxAmdLetterDate>
    <ARRAAmount/>
    <AwardID>9901080</AwardID>
    <Investigator>
      <FirstName>Sally</FirstName>
      <LastName>Horn</LastName>
      <EmailAddress>shorn@utk.edu</EmailAddress>
      <StartDate>04/30/1999</StartDate>
      <EndDate/>
      <RoleCode>Principal Investigator</RoleCode>
    </Investigator>
    <Institution>
      <Name>University of Tennessee Knoxville</Name>
      <CityName>KNOXVILLE</CityName>
      <ZipCode>379960003</ZipCode>
      <PhoneNumber>8659743466</PhoneNumber>
      <StreetAddress>1 CIRCLE PARK</StreetAddress>
      <CountryName>United States</CountryName>
      <StateName>Tennessee</StateName>
      <StateCode>TN</StateCode>
    </Institution>
    <FoaInformation>
      <Code>0313000</Code>
      <Name>Regional &amp; Environmental</Name>
    </FoaInformation>
    <ProgramElement>
      <Code>1352</Code>
      <Text>GEOGRAPHY AND SPATIAL SCIENCES</Text>
    </ProgramElement>
    <ProgramReference>
      <Code>9169</Code>
      <Text>BIODIVERSITY AND ECOSYSTEM DYNAMICS</Text>
    </ProgramReference>
    <ProgramReference>
      <Code>9179</Code>
      <Text>GRADUATE INVOLVEMENT</Text>
    </ProgramReference>
    <ProgramReference>
      <Code>SMET</Code>
      <Text>SCIENCE, MATH, ENG &amp; TECH EDUCATION</Text>
    </ProgramReference>
  </Award>
</rootTag>
