<?xml version="1.0" encoding="UTF-8"?>

<rootTag>
  <Award>
    <AwardTitle>Optical Properties of Reactive Intermediate Hyperchromic Arrays and Clusters in Supercritical Fluids</AwardTitle>
    <AwardEffectiveDate>06/01/1999</AwardEffectiveDate>
    <AwardExpirationDate>07/31/2002</AwardExpirationDate>
    <AwardAmount>510000</AwardAmount>
    <AwardInstrument>
      <Value>Continuing grant</Value>
    </AwardInstrument>
    <Organization>
      <Code>03090003</Code>
      <Directorate>
        <LongName>Direct For Mathematical &amp; Physical Scien</LongName>
      </Directorate>
      <Division>
        <LongName>Division Of Chemistry</LongName>
      </Division>
    </Organization>
    <ProgramOfficer>
      <SignBlockName>Mark E. Welker</SignBlockName>
    </ProgramOfficer>
    <AbstractNarration>This project will explore how the local environment of a photoreactive molecule affects its spectral properties and its observed photoreactivity. A variety of substrates will be studied in environments that include adsorption on one of several solid materials, in supercritical fluids, or as deposited on semiconductors and organic coatings. Results from these studies will provide fundamental insight into the influence that structure has on long-range electronic coupling and in turn, how these interactions dictate the optical and physical properties of supramolecular arrays.&lt;br/&gt;&lt;br/&gt;With this Award, the Organic and Macromolecular Chemistry Program continues to support the research of Professor Marye Ann Fox of North Carolina State University. The research that Professor Fox is carrying out studies the effects that a molecule's environment has on its photochemistry, such as when individual molecules in a sensory device interact with light. A thorough understanding of these effects is important in the context of nanotechnology and optical computers, in addition to providing significant new contributions to the underlying science involved.</AbstractNarration>
    <MinAmdLetterDate>05/25/1999</MinAmdLetterDate>
    <MaxAmdLetterDate>02/28/2001</MaxAmdLetterDate>
    <ARRAAmount/>
    <AwardID>9901213</AwardID>
    <Investigator>
      <FirstName>James</FirstName>
      <LastName>Whitesell</LastName>
      <EmailAddress>jkw@ucsd.edu</EmailAddress>
      <StartDate>05/25/1999</StartDate>
      <EndDate/>
      <RoleCode>Co-Principal Investigator</RoleCode>
    </Investigator>
    <Investigator>
      <FirstName>Marye Anne</FirstName>
      <LastName>Fox</LastName>
      <EmailAddress>mafox@ucsd.edu</EmailAddress>
      <StartDate>05/25/1999</StartDate>
      <EndDate/>
      <RoleCode>Principal Investigator</RoleCode>
    </Investigator>
    <Institution>
      <Name>North Carolina State University</Name>
      <CityName>RALEIGH</CityName>
      <ZipCode>276957514</ZipCode>
      <PhoneNumber>9195152444</PhoneNumber>
      <StreetAddress>CAMPUS BOX 7514</StreetAddress>
      <CountryName>United States</CountryName>
      <StateName>North Carolina</StateName>
      <StateCode>NC</StateCode>
    </Institution>
    <FoaInformation>
      <Code>0000099</Code>
      <Name>Other Applications NEC</Name>
    </FoaInformation>
    <ProgramElement>
      <Code>1942</Code>
      <Text>UNIMOLECULAR PROCESSES</Text>
    </ProgramElement>
    <ProgramReference>
      <Code>9146</Code>
      <Text>MANUFACTURING BASE RESEARCH</Text>
    </ProgramReference>
    <ProgramReference>
      <Code>MANU</Code>
      <Text>MANUFACTURING</Text>
    </ProgramReference>
  </Award>
</rootTag>
