<?xml version="1.0" encoding="UTF-8"?>

<rootTag>
  <Award>
    <AwardTitle>Collaborative Research: Settlement Site Location and Development of an Estuarine Crustacean: Responses to Chemical and Current Cues</AwardTitle>
    <AwardEffectiveDate>03/01/1999</AwardEffectiveDate>
    <AwardExpirationDate>07/31/2000</AwardExpirationDate>
    <AwardAmount>99235</AwardAmount>
    <AwardInstrument>
      <Value>Standard Grant</Value>
    </AwardInstrument>
    <Organization>
      <Code>06040301</Code>
      <Directorate>
        <LongName>Directorate For Geosciences</LongName>
      </Directorate>
      <Division>
        <LongName>Division Of Ocean Sciences</LongName>
      </Division>
    </Organization>
    <ProgramOfficer>
      <SignBlockName>Phillip R. Taylor</SignBlockName>
    </ProgramOfficer>
    <AbstractNarration>Tankersley&lt;br/&gt;&lt;br/&gt; Many estuarine crustaceans have planktonic larvae that develop in coastal/shelf areas and then return to estuaries as postlarvae. This study is designed to test the hypothesis that estuarine crustaceans use chemical and physical cues (1) for up-estuary transport, settlement, and metamorphosis of postlarvae (megalopae) and (2) for retention and juveniles (J1-J3 instars) in specific habitats. Using the blue crab, Callinectes sapidus, as a representative species, stimulatory and inhibitory chemical cues will first be tested in a chemical choice tube to determine effective concentration ranges for behavioral responses that are potentially involved in habitat location. Further laboratory experiments with a paddle wheel flume will study settlement site location behavior and settlement in the presence of realistic flow conditions, chemical cues and structure. Finally, the effects of stimulatory and inhibitory cues on metamorphosis will be determined. This information will permit a better understanding of the conditions necessary for successful completion of the postlarval and early juvenile phases of the life cycle of some estuarine crustaceans and the development of an integrative descriptive model of the behavioral responses to environmental stimuli during the transition from a planktonic phase (postlarval) to a mostly benthic existence as a juvenile in a nursery habitat.</AbstractNarration>
    <MinAmdLetterDate>02/12/1999</MinAmdLetterDate>
    <MaxAmdLetterDate>04/21/1999</MaxAmdLetterDate>
    <ARRAAmount/>
    <AwardID>9901146</AwardID>
    <Investigator>
      <FirstName>Richard</FirstName>
      <LastName>Tankersley</LastName>
      <EmailAddress>rtankers@uncc.edu</EmailAddress>
      <StartDate>02/12/1999</StartDate>
      <EndDate/>
      <RoleCode>Principal Investigator</RoleCode>
    </Investigator>
    <Institution>
      <Name>University of Maryland Baltimore County</Name>
      <CityName>Baltimore</CityName>
      <ZipCode>212500002</ZipCode>
      <PhoneNumber>4104553140</PhoneNumber>
      <StreetAddress>1000 Hilltop Circle</StreetAddress>
      <CountryName>United States</CountryName>
      <StateName>Maryland</StateName>
      <StateCode>MD</StateCode>
    </Institution>
    <FoaInformation>
      <Code>0204000</Code>
      <Name>Oceanography</Name>
    </FoaInformation>
    <ProgramElement>
      <Code>1650</Code>
      <Text>BIOLOGICAL OCEANOGRAPHY</Text>
    </ProgramElement>
    <ProgramReference>
      <Code>0000</Code>
      <Text>UNASSIGNED</Text>
    </ProgramReference>
    <ProgramReference>
      <Code>9229</Code>
      <Text>RES IN UNDERGRAD INST-RESEARCH</Text>
    </ProgramReference>
    <ProgramReference>
      <Code>OTHR</Code>
      <Text>OTHER RESEARCH OR EDUCATION</Text>
    </ProgramReference>
    <ProgramReference>
      <Code>9178</Code>
      <Text>UNDERGRADUATE EDUCATION</Text>
    </ProgramReference>
    <ProgramReference>
      <Code>9251</Code>
      <Text>RES EXPER FOR UNDERGRAD-SUPPLT</Text>
    </ProgramReference>
    <ProgramReference>
      <Code>SMET</Code>
      <Text>SCIENCE, MATH, ENG &amp; TECH EDUCATION</Text>
    </ProgramReference>
  </Award>
</rootTag>
