<?xml version="1.0" encoding="UTF-8"?>

<rootTag>
  <Award>
    <AwardTitle>An accelerated research and study program for undergraduates in mathematics</AwardTitle>
    <AwardEffectiveDate>09/01/1999</AwardEffectiveDate>
    <AwardExpirationDate>08/31/2002</AwardExpirationDate>
    <AwardAmount>201000</AwardAmount>
    <AwardInstrument>
      <Value>Continuing grant</Value>
    </AwardInstrument>
    <Organization>
      <Code>03040100</Code>
      <Directorate>
        <LongName>Direct For Mathematical &amp; Physical Scien</LongName>
      </Directorate>
      <Division>
        <LongName>Division Of Mathematical Sciences</LongName>
      </Division>
    </Organization>
    <ProgramOfficer>
      <SignBlockName>Lloyd E. Douglas</SignBlockName>
    </ProgramOfficer>
    <AbstractNarration>The process of encouraging undergraduates to select career choices in the mathematical sciences must begin as early as possible. Mentoring by research faculty already in such career paths is indispensible in this process. We began such a pilot program in the Mathematics Department seven years ago. With support from NSF the last three years, and substantial commitment of new resources from UAB, the UAB Fast-Track Program in Mathematics has identified, supported, and mentored outstanding mathematics students as (and before) they enter the university. These students have been immersed in a stimulating research-oriented environment, one which keeps their interest in mathematics fresh as their competence grows.&lt;br/&gt;&lt;br/&gt;The principal ingredients in the program are intensive mentoring by faculty who are outstanding in mathematics research, an independent research/study project each academic term for each student, a challenging mathematics curriculum, individual and group service projects, and seminars in mathematics and in the ethics of mathematical research. The key words are intereaction and participation: among students and between students and mentors. Students complete a Bachelor's and a Master's degree in mathematics, meeting all liberal arts course requirements, and are well-prepared for, and eager to pursue, further graduate work and research in the mathematical sciences.&lt;br/&gt;&lt;br/&gt;In the past three years, we have proven that our concept can work with a larger group of students. We are requesting supplemental funding from NSF, with substantial new matching from UAB, to bring the program up to sustainable numbers (four to five new students per year, nearing 20 in all phases of the program). The result will be a continuing program occupying a vital place in the fabric of the mathematical sciences at UAB and in the community.</AbstractNarration>
    <MinAmdLetterDate>06/28/1999</MinAmdLetterDate>
    <MaxAmdLetterDate>08/01/2000</MaxAmdLetterDate>
    <ARRAAmount/>
    <AwardID>9901207</AwardID>
    <Investigator>
      <FirstName>John</FirstName>
      <LastName>Mayer</LastName>
      <EmailAddress>mayer@math.uab.edu</EmailAddress>
      <StartDate>06/28/1999</StartDate>
      <EndDate/>
      <RoleCode>Principal Investigator</RoleCode>
    </Investigator>
    <Investigator>
      <FirstName>Lex</FirstName>
      <LastName>Oversteegen</LastName>
      <EmailAddress>overstee@math.uab.edu</EmailAddress>
      <StartDate>06/28/1999</StartDate>
      <EndDate/>
      <RoleCode>Co-Principal Investigator</RoleCode>
    </Investigator>
    <Institution>
      <Name>University of Alabama at Birmingham</Name>
      <CityName>Birmingham</CityName>
      <ZipCode>352940001</ZipCode>
      <PhoneNumber>2059345266</PhoneNumber>
      <StreetAddress>AB 1170</StreetAddress>
      <CountryName>United States</CountryName>
      <StateName>Alabama</StateName>
      <StateCode>AL</StateCode>
    </Institution>
    <FoaInformation>
      <Code>0000099</Code>
      <Name>Other Applications NEC</Name>
    </FoaInformation>
    <ProgramElement>
      <Code>1260</Code>
      <Text>INFRASTRUCTURE PROGRAM</Text>
    </ProgramElement>
    <ProgramReference>
      <Code>0000</Code>
      <Text>UNASSIGNED</Text>
    </ProgramReference>
    <ProgramReference>
      <Code>OTHR</Code>
      <Text>OTHER RESEARCH OR EDUCATION</Text>
    </ProgramReference>
  </Award>
</rootTag>
