<?xml version="1.0" encoding="UTF-8"?>

<rootTag>
  <Award>
    <AwardTitle>Automated Geometry Reasoning and Diagram Constructing</AwardTitle>
    <AwardEffectiveDate>08/01/1999</AwardEffectiveDate>
    <AwardExpirationDate>07/31/2003</AwardExpirationDate>
    <AwardAmount>222634</AwardAmount>
    <AwardInstrument>
      <Value>Standard Grant</Value>
    </AwardInstrument>
    <Organization>
      <Code>05010200</Code>
      <Directorate>
        <LongName>Direct For Computer &amp; Info Scie &amp; Enginr</LongName>
      </Directorate>
      <Division>
        <LongName>Division of Computing and Communication Foundations</LongName>
      </Division>
    </Organization>
    <ProgramOfficer>
      <SignBlockName>Robert B Grafton</SignBlockName>
    </ProgramOfficer>
    <AbstractNarration>This project is concerned with automated geometry diagram constructing or geometric constraint solving, which is to draw a declaratively-described diagram or an engineering drawing automatically. This kind of work is central to much of the current work of developing intelligent and parametric CAD systems and interactive constraint-based graphic systems.&lt;br/&gt;&lt;br/&gt;Successful methods of automated geometry theorem proving and discovering which have been developed in recent years will be extended to methods of automated geometry diagram constructing, which in turn will be applied to the areas of intelligent CAD (computer aided design) and CAI (computer aided instruction).&lt;br/&gt;&lt;br/&gt;New techniques for geometry constraint solving will be developed to advance the state of the art for CAD research and to provide better CAI systems. New automated reasoning techniques will be explored for developing faster and more powerful automated diagram constructing methods by using more geometry predicates, introducing new drawing tools, and extending the 2D method to 3D. The basis of the proposed research is the work on automated generation of human-readable proofs in geometry. The global propagation method for automated generation of construction steps of geometry diagrams shows that the proposed work is feasible and may lead to significant improvement of the performance of CAD systems. &lt;br/&gt;&lt;br/&gt;Various optimization techniques, such as global optimization methods and multi-objective optimization methods will be used to develop more stable, flexible, and powerful numerical methods of geometric constraint solving.&lt;br/&gt;&lt;br/&gt;New symbolic computation techniques will be used to enhance the power of constraint solving systems in certain special cases. These techniques include block triangulation and elimination theories based on vector and geometric invariants.&lt;br/&gt;&lt;br/&gt;Finally, integration techniques will be studied and used to build more practical and intelligent CAD and CAI systems by incorporation all the above methods.</AbstractNarration>
    <MinAmdLetterDate>07/20/1999</MinAmdLetterDate>
    <MaxAmdLetterDate>07/20/1999</MaxAmdLetterDate>
    <ARRAAmount/>
    <AwardID>9901062</AwardID>
    <Investigator>
      <FirstName>Shang-Ching</FirstName>
      <LastName>Chou</LastName>
      <EmailAddress>chou@cs.twsu.edu</EmailAddress>
      <StartDate>07/20/1999</StartDate>
      <EndDate/>
      <RoleCode>Principal Investigator</RoleCode>
    </Investigator>
    <Institution>
      <Name>Wichita State University</Name>
      <CityName>Wichita</CityName>
      <ZipCode>672600007</ZipCode>
      <PhoneNumber>3169783285</PhoneNumber>
      <StreetAddress>1845 Fairmount</StreetAddress>
      <CountryName>United States</CountryName>
      <StateName>Kansas</StateName>
      <StateCode>KS</StateCode>
    </Institution>
  </Award>
</rootTag>
