<?xml version="1.0" encoding="UTF-8"?>

<rootTag>
  <Award>
    <AwardTitle>CISE Experimental Partnerships: High Performance Systems for Shape and Action Modeling</AwardTitle>
    <AwardEffectiveDate>09/15/1999</AwardEffectiveDate>
    <AwardExpirationDate>08/31/2002</AwardExpirationDate>
    <AwardAmount>1096011</AwardAmount>
    <AwardInstrument>
      <Value>Continuing grant</Value>
    </AwardInstrument>
    <Organization>
      <Code>05060300</Code>
      <Directorate>
        <LongName>Direct For Computer &amp; Info Scie &amp; Enginr</LongName>
      </Directorate>
      <Division>
        <LongName>DIVISION OF EXPERIMENTAL &amp; INTEG ACTIVIT</LongName>
      </Division>
    </Organization>
    <ProgramOfficer>
      <SignBlockName>Mita D. Desai</SignBlockName>
    </ProgramOfficer>
    <AbstractNarration>99-01249&lt;br/&gt;Davis, Larry S&lt;br/&gt;University of Maryland&lt;br/&gt;&lt;br/&gt;CISE Experimental Partnerships: High Performance Systems for Shape and&lt;br/&gt;Action Modeling&lt;br/&gt;&lt;br/&gt;Research is being performed on the design and development of parallel algorithms for obtaining accurate models of natural objects and actions. The goal of the work is to develop a suite of parallel, distributed algorithms executing on a network of personal computers that can integrate video images from multiple viewpoints to construct an accurate geometric model of a complex, rigid object, or detailed dynamic action models of moving, articulated and non-rigid objects - specifically people. The work integrates and extends previous research in computer vision, hierarchical data structures and high performance software systems. Geometric and statistical algorithms for extracting shape and action descriptions from single and multiple video streams are being used along with hierarchical spatial data structures (e.g. oct-trees and quadtrees) which constitute the basic data structures for the shape and action representations being constructed. The enormous quantity of data and computation associated with applying such techniques and structures to a large number of video streams makes it impossible for vision scientists alone to design, construct and evaluate the omputational performance of these distributed algorithms and systems. Vision researchers are working together with parallel and distributed computing researchers to articulate a solution that includes geometric, algorithmic, and systems-oriented perspectives.</AbstractNarration>
    <MinAmdLetterDate>09/17/1999</MinAmdLetterDate>
    <MaxAmdLetterDate>06/21/2001</MaxAmdLetterDate>
    <ARRAAmount/>
    <AwardID>9901249</AwardID>
    <Investigator>
      <FirstName>Larry</FirstName>
      <LastName>Davis</LastName>
      <EmailAddress>lsd@umiacs.umd.edu</EmailAddress>
      <StartDate>09/17/1999</StartDate>
      <EndDate/>
      <RoleCode>Principal Investigator</RoleCode>
    </Investigator>
    <Institution>
      <Name>University of Maryland College Park</Name>
      <CityName>COLLEGE PARK</CityName>
      <ZipCode>207425141</ZipCode>
      <PhoneNumber>3014056269</PhoneNumber>
      <StreetAddress>3112 LEE BLDG 7809 Regents Drive</StreetAddress>
      <CountryName>United States</CountryName>
      <StateName>Maryland</StateName>
      <StateCode>MD</StateCode>
    </Institution>
    <FoaInformation>
      <Code>0000099</Code>
      <Name>Other Applications NEC</Name>
    </FoaInformation>
  </Award>
</rootTag>
