<?xml version="1.0" encoding="UTF-8"?>

<rootTag>
  <Award>
    <AwardTitle>Toward T3 Tetherless Communications Workshop, University of Colorado, Denver, Colorado, November 19-20, l998</AwardTitle>
    <AwardEffectiveDate>12/01/1998</AwardEffectiveDate>
    <AwardExpirationDate>11/30/2001</AwardExpirationDate>
    <AwardAmount>50000</AwardAmount>
    <AwardInstrument>
      <Value>Standard Grant</Value>
    </AwardInstrument>
    <Organization>
      <Code>05010700</Code>
      <Directorate>
        <LongName>Direct For Computer &amp; Info Scie &amp; Enginr</LongName>
      </Directorate>
      <Division>
        <LongName>Division of Computing and Communication Foundations</LongName>
      </Division>
    </Organization>
    <ProgramOfficer>
      <SignBlockName>Julia Abrahams</SignBlockName>
    </ProgramOfficer>
    <AbstractNarration>This workshop is intended to bring together a distinguished group of research scientists/educators and industry experts to explore the role of wireless/tetherless communications in the global economy of the future, and to develop recommendations for future research and development. The goal of the meeting is to provide answers to the question, "What research needs to be done to achieve full T3 via the wireless medium by 200X?"</AbstractNarration>
    <MinAmdLetterDate>12/04/1998</MinAmdLetterDate>
    <MaxAmdLetterDate>05/22/2001</MaxAmdLetterDate>
    <ARRAAmount/>
    <AwardID>9901083</AwardID>
    <Investigator>
      <FirstName>Peter</FirstName>
      <LastName>Jenkins</LastName>
      <EmailAddress>pjenkins@carbon.cudenver.edu</EmailAddress>
      <StartDate>12/04/1998</StartDate>
      <EndDate/>
      <RoleCode>Principal Investigator</RoleCode>
    </Investigator>
    <Institution>
      <Name>University of Colorado at Denver-Downtown Campus</Name>
      <CityName>Aurora</CityName>
      <ZipCode>800452571</ZipCode>
      <PhoneNumber>3037240090</PhoneNumber>
      <StreetAddress>F428, AMC Bldg 500</StreetAddress>
      <CountryName>United States</CountryName>
      <StateName>Colorado</StateName>
      <StateCode>CO</StateCode>
    </Institution>
    <FoaInformation>
      <Code>0000099</Code>
      <Name>Other Applications NEC</Name>
    </FoaInformation>
    <ProgramElement>
      <Code>4096</Code>
      <Text>COMMUNICATIONS RESEARCH</Text>
    </ProgramElement>
    <ProgramElement>
      <Code>4720</Code>
      <Text>SIGNAL PROCESSING SYS PROGRAM</Text>
    </ProgramElement>
    <ProgramElement>
      <Code>6855</Code>
      <Text>INFORMATION &amp; KNOWLEDGE MANAGE</Text>
    </ProgramElement>
    <ProgramReference>
      <Code>9216</Code>
      <Text>ADVANCED SOFTWARE TECH &amp; ALGOR</Text>
    </ProgramReference>
    <ProgramReference>
      <Code>HPCC</Code>
      <Text>HIGH PERFORMANCE COMPUTING &amp; COMM</Text>
    </ProgramReference>
    <ProgramReference>
      <Code>9218</Code>
      <Text>BASIC RESEARCH &amp; HUMAN RESORCS</Text>
    </ProgramReference>
  </Award>
</rootTag>
