<?xml version="1.0" encoding="UTF-8"?>

<rootTag>
  <Award>
    <AwardTitle>Thermodynamics and Kinetics of Protein Aggregations</AwardTitle>
    <AwardEffectiveDate>09/01/1999</AwardEffectiveDate>
    <AwardExpirationDate>08/31/2003</AwardExpirationDate>
    <AwardAmount>398678</AwardAmount>
    <AwardInstrument>
      <Value>Continuing grant</Value>
    </AwardInstrument>
    <Organization>
      <Code>07020000</Code>
      <Directorate>
        <LongName>Directorate For Engineering</LongName>
      </Directorate>
      <Division>
        <LongName>Div Of Chem, Bioeng, Env, &amp; Transp Sys</LongName>
      </Division>
    </Organization>
    <ProgramOfficer>
      <SignBlockName>Fred G. Heineken</SignBlockName>
    </ProgramOfficer>
    <AbstractNarration>The objective of this project is to use a combination of experiment and theory/simulations to study protein aggregation as a competitive process to folding at high protein concentrations. One strategy will be to study, by experiment, the influence of specific interactions between amino acid residues and secondary structure on the stability of aggregates vs. the native three-dimensional structure. A secondary strategy will be to determine, from computer simulations and theory, the general characteristics of minimal models of heterogeneous polymers that can either aggregate or fold.</AbstractNarration>
    <MinAmdLetterDate>08/30/1999</MinAmdLetterDate>
    <MaxAmdLetterDate>12/17/2002</MaxAmdLetterDate>
    <ARRAAmount/>
    <AwardID>9901054</AwardID>
    <Investigator>
      <FirstName>Harvey</FirstName>
      <LastName>Blanch</LastName>
      <EmailAddress>blanch@berkeley.edu</EmailAddress>
      <StartDate>08/30/1999</StartDate>
      <EndDate/>
      <RoleCode>Principal Investigator</RoleCode>
    </Investigator>
    <Institution>
      <Name>University of California-Berkeley</Name>
      <CityName>BERKELEY</CityName>
      <ZipCode>947045940</ZipCode>
      <PhoneNumber>5106428109</PhoneNumber>
      <StreetAddress>Sponsored Projects Office</StreetAddress>
      <CountryName>United States</CountryName>
      <StateName>California</StateName>
      <StateCode>CA</StateCode>
    </Institution>
    <FoaInformation>
      <Code>0308000</Code>
      <Name>Industrial Technology</Name>
    </FoaInformation>
  </Award>
</rootTag>
