<?xml version="1.0" encoding="UTF-8"?>

<rootTag>
  <Award>
    <AwardTitle>International Research Fellow Awards: Stable Isotope Character of Transition Metal Carbonates, Australia</AwardTitle>
    <AwardEffectiveDate>06/01/1999</AwardEffectiveDate>
    <AwardExpirationDate>05/31/2001</AwardExpirationDate>
    <AwardAmount>15202</AwardAmount>
    <AwardInstrument>
      <Value>Fellowship</Value>
    </AwardInstrument>
    <Organization>
      <Code>01090000</Code>
      <Directorate>
        <LongName>Office Of The Director</LongName>
      </Directorate>
      <Division>
        <LongName>Office Of Internatl Science &amp;Engineering</LongName>
      </Division>
    </Organization>
    <ProgramOfficer>
      <SignBlockName>Susan Parris</SignBlockName>
    </ProgramOfficer>
    <AbstractNarration>9901157&lt;br/&gt;Melchiorre&lt;br/&gt;The International Research Fellow Awards Program enables U.S. scientists and engineers to conduct three to twentyfour months of research abroad. The program's awards provide opportunities for joint research, and the use of unique or complementary facilities, expertise and experimental conditions abroad.&lt;br/&gt;This award will provide support for a four-month postdoctoral research visit by Dr. Erik B. Melchiorre of the College of the Menominee Nation to work with Dr. Peter A. Williams at the University of Western Sydney Nepean in New South Wales, Australia.&lt;br/&gt;This research will involve basic isotope studies of transition metal carbonates to define aspects of their formation. Dr. Melchiorre will assemble and analyze malachite, azurite and other transition metal carbonate samples. Experimentally determined fractionation factors will be used to interpret the conditions of formation of natural samples.&lt;br/&gt;The Australian National Museum is within a short drive from the site, providing access to an extensive collection of divalent cation carbonates, including many historical samples from mines that are presently inaccessible. Added to this is the opportunity to do field work on naturally occurring divalent cation carbonates, which are a result of Australia's deep weathering.&lt;br/&gt;***</AbstractNarration>
    <MinAmdLetterDate>04/21/1999</MinAmdLetterDate>
    <MaxAmdLetterDate>04/21/1999</MaxAmdLetterDate>
    <ARRAAmount/>
    <AwardID>9901157</AwardID>
    <Investigator>
      <FirstName>Erik</FirstName>
      <LastName>Melchiorre</LastName>
      <EmailAddress>emelch@csusb.edu</EmailAddress>
      <StartDate>04/21/1999</StartDate>
      <EndDate/>
      <RoleCode>Principal Investigator</RoleCode>
    </Investigator>
    <Institution>
      <Name>Fellowships</Name>
      <CityName>Arlington</CityName>
      <ZipCode>22230</ZipCode>
      <PhoneNumber/>
      <StreetAddress/>
      <CountryName>United States</CountryName>
      <StateName>Virginia</StateName>
      <StateCode>VA</StateCode>
    </Institution>
    <FoaInformation>
      <Code>0510802</Code>
      <Name>Rock Properties-Mineral</Name>
    </FoaInformation>
    <ProgramElement>
      <Code>5956</Code>
      <Text>IRFP</Text>
    </ProgramElement>
    <ProgramReference>
      <Code>0000</Code>
      <Text>UNASSIGNED</Text>
    </ProgramReference>
    <ProgramReference>
      <Code>5912</Code>
      <Text>AUSTRALIA</Text>
    </ProgramReference>
    <ProgramReference>
      <Code>5956</Code>
      <Text>IRFP</Text>
    </ProgramReference>
    <ProgramReference>
      <Code>OTHR</Code>
      <Text>OTHER RESEARCH OR EDUCATION</Text>
    </ProgramReference>
  </Award>
</rootTag>
