<?xml version="1.0" encoding="UTF-8"?>

<rootTag>
  <Award>
    <AwardTitle>Analysis and Testing of Concurrent Object-Oriented Software</AwardTitle>
    <AwardEffectiveDate>09/01/1999</AwardEffectiveDate>
    <AwardExpirationDate>08/31/2003</AwardExpirationDate>
    <AwardAmount>126590</AwardAmount>
    <AwardInstrument>
      <Value>Standard Grant</Value>
    </AwardInstrument>
    <Organization>
      <Code>05010500</Code>
      <Directorate>
        <LongName>Direct For Computer &amp; Info Scie &amp; Enginr</LongName>
      </Directorate>
      <Division>
        <LongName>Division of Computing and Communication Foundations</LongName>
      </Division>
    </Organization>
    <ProgramOfficer>
      <SignBlockName>Sol J. Greenspan</SignBlockName>
    </ProgramOfficer>
    <AbstractNarration>9901004 Kuo-Chung Tai North Carolina State University &lt;br/&gt;Title: Analysis and Testing of Concurrent Object-Oriented Software&lt;br/&gt;&lt;br/&gt;Due to the popularity of object-oriented technology and network applications, the use of concurrent object-oriented programs is increasing rapidly. The goal of the project is to develop cost-effective techniques for analyzing and testing concurrent object-oriented programs. The research focuses on the following problems: analysis and testing of a class that contains data shared by multiple processes, analysis and testing of a set of classes that define processes communicating with each other, and incremental analysis and testing of a concurrent object-oriented program. The results of the research can be used to improve the reliability of concurrent object-oriented programs and to reduce the high cost of validating concurrent object-oriented&lt;br/&gt;programs.</AbstractNarration>
    <MinAmdLetterDate>09/10/1999</MinAmdLetterDate>
    <MaxAmdLetterDate>01/10/2003</MaxAmdLetterDate>
    <ARRAAmount/>
    <AwardID>9901004</AwardID>
    <Investigator>
      <FirstName>Kuo-Chung</FirstName>
      <LastName>Tai</LastName>
      <EmailAddress/>
      <StartDate>09/10/1999</StartDate>
      <EndDate>01/10/2003</EndDate>
      <RoleCode>Former Principal Investigator</RoleCode>
    </Investigator>
    <Investigator>
      <FirstName>Mladen</FirstName>
      <LastName>Vouk</LastName>
      <EmailAddress>vouk@csc.ncsu.edu</EmailAddress>
      <StartDate>01/10/2003</StartDate>
      <EndDate/>
      <RoleCode>Principal Investigator</RoleCode>
    </Investigator>
    <Institution>
      <Name>North Carolina State University</Name>
      <CityName>RALEIGH</CityName>
      <ZipCode>276957514</ZipCode>
      <PhoneNumber>9195152444</PhoneNumber>
      <StreetAddress>CAMPUS BOX 7514</StreetAddress>
      <CountryName>United States</CountryName>
      <StateName>North Carolina</StateName>
      <StateCode>NC</StateCode>
    </Institution>
    <FoaInformation>
      <Code>0000099</Code>
      <Name>Other Applications NEC</Name>
    </FoaInformation>
    <ProgramElement>
      <Code>2880</Code>
      <Text>SOFTWARE ENGINEERING AND LANGU</Text>
    </ProgramElement>
    <ProgramReference>
      <Code>9216</Code>
      <Text>ADVANCED SOFTWARE TECH &amp; ALGOR</Text>
    </ProgramReference>
    <ProgramReference>
      <Code>HPCC</Code>
      <Text>HIGH PERFORMANCE COMPUTING &amp; COMM</Text>
    </ProgramReference>
  </Award>
</rootTag>
