<?xml version="1.0" encoding="UTF-8"?>

<rootTag>
  <Award>
    <AwardTitle>Preparation and Properties of Lanthanide-Transition Metal Arrays: Reactions of Metal Complexes with Borane Ligands</AwardTitle>
    <AwardEffectiveDate>05/15/1999</AwardEffectiveDate>
    <AwardExpirationDate>06/30/2002</AwardExpirationDate>
    <AwardAmount>462000</AwardAmount>
    <AwardInstrument>
      <Value>Continuing grant</Value>
    </AwardInstrument>
    <Organization>
      <Code>03090005</Code>
      <Directorate>
        <LongName>Direct For Mathematical &amp; Physical Scien</LongName>
      </Directorate>
      <Division>
        <LongName>Division Of Chemistry</LongName>
      </Division>
    </Organization>
    <ProgramOfficer>
      <SignBlockName>Joseph E. Earley</SignBlockName>
    </ProgramOfficer>
    <AbstractNarration>Dr. Sheldon G. Shore of the Chemistry Department, Ohio State University, is supported by the Inorganic, Bioinorganic and Organometallic Chemistry Program to explore avenues for the preparation and study of inorganic complexes that are composed of lanthanide metals and transition metals, either linked by an intervening group such as cyanide ion or directly coupled by lanthanide-transition metal bonds. A further aim of the proposed research is to prepare and examine transition metal and lanthanide derivatives of selected borane ligands that contain one or two boron atoms.&lt;br/&gt;&lt;br/&gt;Inorganic complexes that contain transition metals (such as nickel, palladium and platinum) display a great variety of interesting and useful properties. Many such compounds have the ability to catalyze important chemical transformations used in industrial processes and in the synthesis of new organic compounds, including pharmaceuticals. Compounds that contain both transition metal atoms and also lanthanide ("rare earth elements" such as ytterbium or gadolinium) atoms have heretofore been rare. There are good reasons to expect that such compounds, if they could be prepared, would have novel, interesting and important properties, such as the ability to catalyze chemical reactions that cannot now be catalyzed. Building on experience gained in successful research supported by NSF in the past, Shore and his colleagues will devise methods to prepare new compounds containing both lanthanide and transition-metal atoms, characterize those compounds, and explore their properties. In addition, new types of compounds containing groups of two interlinked boron atoms will also be prepared and their properties explored. Graduate students involved in this work will acquire expertise in several aspects of metal and main group chemistry, as well as in related areas of engineering and geology.</AbstractNarration>
    <MinAmdLetterDate>05/07/1999</MinAmdLetterDate>
    <MaxAmdLetterDate>02/05/2001</MaxAmdLetterDate>
    <ARRAAmount/>
    <AwardID>9901115</AwardID>
    <Investigator>
      <FirstName>Sheldon</FirstName>
      <LastName>Shore</LastName>
      <EmailAddress>SHORE.1@OSU.EDU</EmailAddress>
      <StartDate>05/07/1999</StartDate>
      <EndDate/>
      <RoleCode>Principal Investigator</RoleCode>
    </Investigator>
    <Institution>
      <Name>Ohio State University Research Foundation -DO NOT USE</Name>
      <CityName>Columbus</CityName>
      <ZipCode>432101016</ZipCode>
      <PhoneNumber>6142923732</PhoneNumber>
      <StreetAddress>1960 KENNY RD</StreetAddress>
      <CountryName>United States</CountryName>
      <StateName>Ohio</StateName>
      <StateCode>OH</StateCode>
    </Institution>
    <FoaInformation>
      <Code>0510701</Code>
      <Name>Chemical Reaction Systems</Name>
    </FoaInformation>
  </Award>
</rootTag>
