<?xml version="1.0" encoding="UTF-8"?>

<rootTag>
  <Award>
    <AwardTitle>U.S.-Hungary: Workshop to Plan a Carpathian Basin ILTER Network</AwardTitle>
    <AwardEffectiveDate>05/01/1999</AwardEffectiveDate>
    <AwardExpirationDate>04/30/2000</AwardExpirationDate>
    <AwardAmount>32290</AwardAmount>
    <AwardInstrument>
      <Value>Standard Grant</Value>
    </AwardInstrument>
    <Organization>
      <Code>01090000</Code>
      <Directorate>
        <LongName>Office Of The Director</LongName>
      </Directorate>
      <Division>
        <LongName>Office Of Internatl Science &amp;Engineering</LongName>
      </Division>
    </Organization>
    <ProgramOfficer>
      <SignBlockName>Bonnie Thompson</SignBlockName>
    </ProgramOfficer>
    <AbstractNarration>INT-9901106&lt;br/&gt;Lajtha&lt;br/&gt;&lt;br/&gt;This U.S.-Hungary workshop will examine the potential for a network of international long-term ecological research (LTER) sites within the Carpathian Basin of Europe. It takes place in Budapest during June 1999. Co-organizers Kate Lajtha of Oregon State University and Edit Kovacs-Lang with the Institute of Ecology and Botany of the Hungarian Academy of Sciences hope to promote a heightened level of exchange among regional scientists who traditionally focus their research on national questions rather than trans-boundary topics. Recognizing that the Carpathian Basin eco-region is a fairly consistent physico-geographical unit, with relatively high biodiversity, the workshop program features discussions directed toward finding ways to improve networking among researchers in the neighboring scientific communities from Poland, Ukraine, the Czech Republic, the Slovak Republic, Hungary, and Romania. The NSF-supported national LTER will serve as a working model and U.S. scientists will contribute to the workshop agenda.&lt;br/&gt;&lt;br/&gt;The U.S. LTER network recognizes that cross-site research offers scientists the opportunity to generalize about ecological phenomena and test the validity of local findings. Drawing upon the U.S. LTER experience, this international workshop will bring together scientists from the regional countries and from the United States to: 1) introduce scientists from participant countries to each other and LTER concepts, 2) share research ideas, data management techniques and networking programs, and 3) plan linked experiments and measurements. If successful, the workshop could lead to new collaborative research efforts in topics that test and expand models linking land use history to biogeochemical cycling and nutrient use, air pollution to ecosystem structure and function, and potentially, anthropogenic effects of air pollution and land use to biodiversity. &lt;br/&gt;&lt;br/&gt;This workshop featuring long-term ecological research in the Carpathian Basin fulfills the program objective of advancing scientific knowledge by enabling experts in the United States and Central Europe to combine complementary talents and share research resources in areas of strong mutual interest and competence.&lt;br/&gt;***</AbstractNarration>
    <MinAmdLetterDate>04/14/1999</MinAmdLetterDate>
    <MaxAmdLetterDate>08/03/1999</MaxAmdLetterDate>
    <ARRAAmount/>
    <AwardID>9901106</AwardID>
    <Investigator>
      <FirstName>Kate</FirstName>
      <LastName>Lajtha</LastName>
      <EmailAddress>lajthak@science.oregonstate.edu</EmailAddress>
      <StartDate>04/14/1999</StartDate>
      <EndDate/>
      <RoleCode>Principal Investigator</RoleCode>
    </Investigator>
    <Institution>
      <Name>Oregon State University</Name>
      <CityName>Corvallis</CityName>
      <ZipCode>973318507</ZipCode>
      <PhoneNumber>5417374933</PhoneNumber>
      <StreetAddress>OREGON STATE UNIVERSITY</StreetAddress>
      <CountryName>United States</CountryName>
      <StateName>Oregon</StateName>
      <StateCode>OR</StateCode>
    </Institution>
    <FoaInformation>
      <Code>0510602</Code>
      <Name>Ecosystem Dynamics</Name>
    </FoaInformation>
  </Award>
</rootTag>
