<?xml version="1.0" encoding="UTF-8"?>

<rootTag>
  <Award>
    <AwardTitle>International Research Fellow Awards: Thermal Hall Effect in Cuprate Superconductors at Very Low Termperatures</AwardTitle>
    <AwardEffectiveDate>12/01/1999</AwardEffectiveDate>
    <AwardExpirationDate>02/28/2001</AwardExpirationDate>
    <AwardAmount>30840</AwardAmount>
    <AwardInstrument>
      <Value>Fellowship</Value>
    </AwardInstrument>
    <Organization>
      <Code>01090000</Code>
      <Directorate>
        <LongName>Office Of The Director</LongName>
      </Directorate>
      <Division>
        <LongName>Office Of Internatl Science &amp;Engineering</LongName>
      </Division>
    </Organization>
    <ProgramOfficer>
      <SignBlockName>Susan Parris</SignBlockName>
    </ProgramOfficer>
    <AbstractNarration>9901436&lt;br/&gt;Nakamae&lt;br/&gt;The International Research Fellow Awards Program enables U.S. scientists and engineers to conduct three to twenty-four months of research abroad. The program's awards provide opportunities for joint research, and the use of unique or complementary facilities, expertise and experimental conditions abroad.&lt;br/&gt;This award will provide Dr. Sawako Nakamae with support for twelve months to work with Dr. Kamran Behnia at the Universite Paris-Sud in Orsay, France.&lt;br/&gt;In recent years, unconventional behavior in the thermal conductivity of high-Tc cuprate superconductors at low temperature and in magnetic field was reported. A conclusive theoretical explanation for the phenomena has not been found. The goal of this research is to study the thermal Hall effect (thermal conductivity in the direction normal to the heat current and the applied magnetic field) in cuprate superconductors to experimentally reveal the physics behind the phenomena. These experiments should generate a greater understanding of this unique area of superconductivity and provide fundamental insights into the nature of this phenomena. The experiment will also be used to study other types of unconventional superconductors such as organic and heavy fermion superconductors.&lt;br/&gt;The Laboratoire de Physique des Solides at the Universite Paris-Sud has the equipment and facilities to conduct this research. In addition, the host research group was one of the very first groups to observe/report these new phenomena in thermal conductivity of single crystal samples. &lt;br/&gt;***</AbstractNarration>
    <MinAmdLetterDate>04/02/1999</MinAmdLetterDate>
    <MaxAmdLetterDate>04/02/1999</MaxAmdLetterDate>
    <ARRAAmount/>
    <AwardID>9901436</AwardID>
    <Investigator>
      <FirstName>Sawako</FirstName>
      <LastName>Nakamae</LastName>
      <EmailAddress>nakamae@magnet.fsu.edu</EmailAddress>
      <StartDate>04/02/1999</StartDate>
      <EndDate/>
      <RoleCode>Principal Investigator</RoleCode>
    </Investigator>
    <Institution>
      <Name>Fellowships</Name>
      <CityName>Arlington</CityName>
      <ZipCode>22230</ZipCode>
      <PhoneNumber></PhoneNumber>
      <StreetAddress></StreetAddress>
      <CountryName>United States</CountryName>
      <StateName>Virginia</StateName>
      <StateCode>VA</StateCode>
    </Institution>
  </Award>
</rootTag>
