<?xml version="1.0" encoding="UTF-8"?>

<rootTag>
  <Award>
    <AwardTitle>Comparing Community Response to Hurricanes Georges and Andrew in Miami-Date and Monroe Counties, FL</AwardTitle>
    <AwardEffectiveDate>12/01/1998</AwardEffectiveDate>
    <AwardExpirationDate>11/30/1999</AwardExpirationDate>
    <AwardAmount>96145</AwardAmount>
    <AwardInstrument>
      <Value>Standard Grant</Value>
    </AwardInstrument>
    <Organization>
      <Code>07030000</Code>
      <Directorate>
        <LongName>Directorate For Engineering</LongName>
      </Directorate>
      <Division>
        <LongName>Div Of Civil, Mechanical, &amp; Manufact Inn</LongName>
      </Division>
    </Organization>
    <ProgramOfficer>
      <SignBlockName>Shih-Chi Liu</SignBlockName>
    </ProgramOfficer>
    <AbstractNarration>This award is being made through the Small Grants for Exploratory Research program to enable the collection and analysis of data on the response to the threat of Hurricane Georges in Miami-Dade and Monroe counties during the period of September 22-26, 1998. This will set up a comparison with the response to Hurricane Andrew which struck the area in August, 1992, and was previously studies. The major research questions that this project will address include: (1) At the time of landfall, were the communities of Miami-Dade and Monroe counties better prepared to resist the potential effects of Hurricane Georges than they were at the time of Hurricane Andrew? (2) What factors best explain differences in disaster response at both the household and community levels? Data for the study will be collected through a telephone survey of a random sample of residents and through in-depth interviews with key organizational officials.</AbstractNarration>
    <MinAmdLetterDate>12/23/1998</MinAmdLetterDate>
    <MaxAmdLetterDate>12/23/1998</MaxAmdLetterDate>
    <ARRAAmount/>
    <AwardID>9901257</AwardID>
    <Investigator>
      <FirstName>Betty</FirstName>
      <LastName>Morrow</LastName>
      <EmailAddress>morrowb@fiu.edu</EmailAddress>
      <StartDate>12/23/1998</StartDate>
      <EndDate/>
      <RoleCode>Principal Investigator</RoleCode>
    </Investigator>
    <Investigator>
      <FirstName>Nicole</FirstName>
      <LastName>Dash</LastName>
      <EmailAddress>dash@unt.edu</EmailAddress>
      <StartDate>12/23/1998</StartDate>
      <EndDate/>
      <RoleCode>Co-Principal Investigator</RoleCode>
    </Investigator>
    <Institution>
      <Name>Florida International University</Name>
      <CityName>Miami</CityName>
      <ZipCode>331990001</ZipCode>
      <PhoneNumber>3053482494</PhoneNumber>
      <StreetAddress>11200 SW 8TH ST</StreetAddress>
      <CountryName>United States</CountryName>
      <StateName>Florida</StateName>
      <StateCode>FL</StateCode>
    </Institution>
    <FoaInformation>
      <Code>0304000</Code>
      <Name>Disaster &amp; Natural Hazard</Name>
    </FoaInformation>
  </Award>
</rootTag>
