<?xml version="1.0" encoding="UTF-8"?>

<rootTag>
  <Award>
    <AwardTitle>RUI: Adsorption of Trace Atmospheric Gases on Soot from 120K to 250K</AwardTitle>
    <AwardEffectiveDate>07/01/1999</AwardEffectiveDate>
    <AwardExpirationDate>06/30/2003</AwardExpirationDate>
    <AwardAmount>160917</AwardAmount>
    <AwardInstrument>
      <Value>Standard Grant</Value>
    </AwardInstrument>
    <Organization>
      <Code>06020104</Code>
      <Directorate>
        <LongName>Directorate For Geosciences</LongName>
      </Directorate>
      <Division>
        <LongName>Div Atmospheric &amp; Geospace Sciences</LongName>
      </Division>
    </Organization>
    <ProgramOfficer>
      <SignBlockName>Anne-Marie Schmoltner</SignBlockName>
    </ProgramOfficer>
    <AbstractNarration>The interaction of various atmospheric trace gas species with soot will be examined under conditions relevant for the upper troposphere and lower stratosphere. Soot particles, such as those released by aircraft engines, possibly catalyze certain reactions of atmospheric significance, such as the oxidation of sulfur dioxide. In this study, the uptake of sulfur trioxide, kerosene, ammonia, hydrochloric acid, methyl bromide, and several gaseous hydrocarbons on soot will be studied as a function of temperature (120 to 250K) and as a function of gas partial pressure. Using a multi-component Langmuir isotherm model, the binding constant as a function of temperature will be obtained, and from that, the heat of adsorption. Soots of different origins and thus chemical composition will be used. The effect of sulfuric acid on the interaction of the soot surface with sulfur dioxide will be investigated. The experiments will be carried out in a vacuum chamber equipped with a Fourier Transform Infrared (FTIR) spectrometer, which provides information on the identity of the adsorbed species as well as quantitative coverages. A mass spectrometer will be used to monitor gas phase concentrations including products of chemical reactions, if they occur. This project is supported under the RUI (Research in Undergraduate Institutions) Program.</AbstractNarration>
    <MinAmdLetterDate>06/24/1999</MinAmdLetterDate>
    <MaxAmdLetterDate>06/24/1999</MaxAmdLetterDate>
    <ARRAAmount/>
    <AwardID>9901052</AwardID>
    <Investigator>
      <FirstName>Birgit</FirstName>
      <LastName>Koehler</LastName>
      <EmailAddress>birgit.g.koehler@williams.edu</EmailAddress>
      <StartDate>06/24/1999</StartDate>
      <EndDate/>
      <RoleCode>Principal Investigator</RoleCode>
    </Investigator>
    <Institution>
      <Name>Williams College</Name>
      <CityName>Williamstown</CityName>
      <ZipCode>012672600</ZipCode>
      <PhoneNumber>4135974352</PhoneNumber>
      <StreetAddress>880 Main St.</StreetAddress>
      <CountryName>United States</CountryName>
      <StateName>Massachusetts</StateName>
      <StateCode>MA</StateCode>
    </Institution>
    <FoaInformation>
      <Code>0000099</Code>
      <Name>Other Applications NEC</Name>
    </FoaInformation>
  </Award>
</rootTag>
