<?xml version="1.0" encoding="UTF-8"?>

<rootTag>
  <Award>
    <AwardTitle>U.S.-Hungary Plant Research on Agrobacterium Vitis Germplasm from Wild Vitis spp. in Hungary and Biological Controls</AwardTitle>
    <AwardEffectiveDate>09/01/1999</AwardEffectiveDate>
    <AwardExpirationDate>08/31/2003</AwardExpirationDate>
    <AwardAmount>16411</AwardAmount>
    <AwardInstrument>
      <Value>Standard Grant</Value>
    </AwardInstrument>
    <Organization>
      <Code>01090000</Code>
      <Directorate>
        <LongName>Office Of The Director</LongName>
      </Directorate>
      <Division>
        <LongName>Office Of Internatl Science &amp;Engineering</LongName>
      </Division>
    </Organization>
    <ProgramOfficer>
      <SignBlockName>Bonnie Thompson</SignBlockName>
    </ProgramOfficer>
    <AbstractNarration>INT9901175&lt;br/&gt;Burr&lt;br/&gt;&lt;br/&gt;This U.S.-Hungry research project between Thomas Burr of Cornell University and Sandor Sule of the Institute for Plant Protection, Hungarian Academy of Sciences, features pursuit of microbial germplasm from wild Hungarian vine plants, Vitis vulpina and V. sylvestris, preserve samples for study of their biological control mechanisms and to determine whether they possess encoded genetic determinants on plasmids. The researchers know that the subject Agrobacterium vitis chromosome contains several genes that are unique to the Hungarian species. Therefore, the A. vitis strains they collect will be characterized by molecular analysis, compared with others in a worldwide collection, and then measured for diversity by DNA fingerprinting and RAPD analysis. Recovered nontumorigenic A. vitis strains from Hungary will be evaluated as biological controls of crown gall tumors in grapes and as a source of genes for the eventual construction of transgenic plants resistant to the devastating disease. Results from this examination of the Agrobacterium-plant association should improve our understanding of: 1) plant tumorigenesis and its control by biological methods and 2) plant host-parasite interactions in general. If successful, these findings may lead to practical applications in agriculture.&lt;br/&gt;&lt;br/&gt;This project in plant biology fulfills the program objective of advancing scientific knowledge by enabling experts in the United States and Central Europe to combine complementary talents and share research resources in areas of strong mutual interest and competence.</AbstractNarration>
    <MinAmdLetterDate>07/13/1999</MinAmdLetterDate>
    <MaxAmdLetterDate>07/13/1999</MaxAmdLetterDate>
    <ARRAAmount/>
    <AwardID>9901175</AwardID>
    <Investigator>
      <FirstName>Thomas</FirstName>
      <LastName>Burr</LastName>
      <EmailAddress>tjbl@cornell.edu</EmailAddress>
      <StartDate>07/13/1999</StartDate>
      <EndDate/>
      <RoleCode>Principal Investigator</RoleCode>
    </Investigator>
    <Institution>
      <Name>Cornell Univ - State: AWDS MADE PRIOR MAY 2010</Name>
      <CityName>Ithica</CityName>
      <ZipCode>148502488</ZipCode>
      <PhoneNumber>6072555014</PhoneNumber>
      <StreetAddress>373 Pine Tree Road</StreetAddress>
      <CountryName>United States</CountryName>
      <StateName>New York</StateName>
      <StateCode>NY</StateCode>
    </Institution>
    <FoaInformation>
      <Code>0201000</Code>
      <Name>Agriculture</Name>
    </FoaInformation>
    <FoaInformation>
      <Code>0521400</Code>
      <Name>Plant Productivity</Name>
    </FoaInformation>
    <ProgramElement>
      <Code>5979</Code>
      <Text>CENTRAL &amp; EASTERN EUROPE PROGR</Text>
    </ProgramElement>
    <ProgramReference>
      <Code>5916</Code>
      <Text>HUNGARY</Text>
    </ProgramReference>
    <ProgramReference>
      <Code>9109</Code>
      <Text>AGRICULTURAL BIOTECHNOLOGY</Text>
    </ProgramReference>
    <ProgramReference>
      <Code>BIOT</Code>
      <Text>BIOTECHNOLOGY</Text>
    </ProgramReference>
  </Award>
</rootTag>
