<?xml version="1.0" encoding="UTF-8"?>

<rootTag>
  <Award>
    <AwardTitle>iCAIR Workshop on Middleware: Allen Conference Center, Northwestern University's Evanston Campus, Evanston, Illinois: (December 3 - 4, 1998)</AwardTitle>
    <AwardEffectiveDate>12/01/1998</AwardEffectiveDate>
    <AwardExpirationDate>09/30/1999</AwardExpirationDate>
    <AwardAmount>6400</AwardAmount>
    <AwardInstrument>
      <Value>Standard Grant</Value>
    </AwardInstrument>
    <Organization>
      <Code>05050100</Code>
      <Directorate>
        <LongName>Direct For Computer &amp; Info Scie &amp; Enginr</LongName>
      </Directorate>
      <Division>
        <LongName>Division Of Computer and Network Systems</LongName>
      </Division>
    </Organization>
    <ProgramOfficer>
      <SignBlockName>William Decker</SignBlockName>
    </ProgramOfficer>
    <AbstractNarration>This award supports some of the cost of a national workshop on advanced&lt;br/&gt;networking middleware. There are three goals for the workshop: (a) development of&lt;br/&gt;an acceptable definition for the concept of "networking middleware," (b)&lt;br/&gt;identification of core components for a networking middleware&lt;br/&gt;infrastructure "layer," and (c) identification of needed research related&lt;br/&gt;to components and to their involvement in a networking testbed. Though&lt;br/&gt;results will be of benefit to many in the research community, the workshop&lt;br/&gt;report will be of particular use to the Advanced Network Infrastructure&lt;br/&gt;program at NSF in its deliberations about future advanced networking programs.</AbstractNarration>
    <MinAmdLetterDate>11/20/1998</MinAmdLetterDate>
    <MaxAmdLetterDate>10/07/1999</MaxAmdLetterDate>
    <ARRAAmount/>
    <AwardID>9901226</AwardID>
    <Investigator>
      <FirstName>Joel</FirstName>
      <LastName>Mambretti</LastName>
      <EmailAddress>j-mambretti@northwestern.edu</EmailAddress>
      <StartDate>11/20/1998</StartDate>
      <EndDate/>
      <RoleCode>Principal Investigator</RoleCode>
    </Investigator>
    <Institution>
      <Name>Northwestern University</Name>
      <CityName>Evanston</CityName>
      <ZipCode>602013149</ZipCode>
      <PhoneNumber>8474913003</PhoneNumber>
      <StreetAddress>1801 Maple Ave.</StreetAddress>
      <CountryName>United States</CountryName>
      <StateName>Illinois</StateName>
      <StateCode>IL</StateCode>
    </Institution>
    <FoaInformation>
      <Code>0206000</Code>
      <Name>Telecommunications</Name>
    </FoaInformation>
    <ProgramElement>
      <Code>4090</Code>
      <Text>ADVANCED NET INFRA &amp; RSCH</Text>
    </ProgramElement>
    <ProgramReference>
      <Code>9217</Code>
      <Text>NATNL RESERCH &amp; EDUCAT NETWORK</Text>
    </ProgramReference>
    <ProgramReference>
      <Code>HPCC</Code>
      <Text>HIGH PERFORMANCE COMPUTING &amp; COMM</Text>
    </ProgramReference>
  </Award>
</rootTag>
