<?xml version="1.0" encoding="UTF-8"?>

<rootTag>
  <Award>
    <AwardTitle>Research in Group Theory</AwardTitle>
    <AwardEffectiveDate>05/01/1999</AwardEffectiveDate>
    <AwardExpirationDate>10/31/2002</AwardExpirationDate>
    <AwardAmount>150030</AwardAmount>
    <AwardInstrument>
      <Value>Continuing grant</Value>
    </AwardInstrument>
    <Organization>
      <Code>03040200</Code>
      <Directorate>
        <LongName>Direct For Mathematical &amp; Physical Scien</LongName>
      </Directorate>
      <Division>
        <LongName>Division Of Mathematical Sciences</LongName>
      </Division>
    </Organization>
    <ProgramOfficer>
      <SignBlockName>William M. Snyder, Jr.</SignBlockName>
    </ProgramOfficer>
    <AbstractNarration>ASCHBACHER 9901367&lt;br/&gt;&lt;br/&gt;Aschbacher will complete his project(with S.Smith) to produce a classification of the quasithin groups. This work will fill a significant gap in the classification of the finite simple groups. Aschbacher and Smith have produced a first draft of a proof, but because of the magnitude of the problem, a lot of effort is still required to produce a manuscript in final form. Aschbacher will also continue his project to produce a unified, accessible and complete treatment of the existence, uniqueness and structure of the sporadic simple groups. With G. Prasad, Y. Segev and G. Seitz, he will continue work on the anisotropic unitary case of the Margulis-Platonov Conjecture.&lt;br/&gt;&lt;br/&gt;This research is in the area of group theory which can be thought of as the algebraic theory of symmetry in the abstract. As such it has many direct applications to many areas of physics and chemistry.&lt;br/&gt;In the last thirty years group theory has been useful in solving problems in data transmission.</AbstractNarration>
    <MinAmdLetterDate>04/09/1999</MinAmdLetterDate>
    <MaxAmdLetterDate>06/07/2001</MaxAmdLetterDate>
    <ARRAAmount/>
    <AwardID>9901367</AwardID>
    <Investigator>
      <FirstName>Michael</FirstName>
      <LastName>Aschbacher</LastName>
      <EmailAddress>asch@its.caltech.edu</EmailAddress>
      <StartDate>04/09/1999</StartDate>
      <EndDate/>
      <RoleCode>Principal Investigator</RoleCode>
    </Investigator>
    <Institution>
      <Name>California Institute of Technology</Name>
      <CityName>PASADENA</CityName>
      <ZipCode>911250600</ZipCode>
      <PhoneNumber>6263956219</PhoneNumber>
      <StreetAddress>1200 E California Blvd</StreetAddress>
      <CountryName>United States</CountryName>
      <StateName>California</StateName>
      <StateCode>CA</StateCode>
    </Institution>
    <FoaInformation>
      <Code>0000099</Code>
      <Name>Other Applications NEC</Name>
    </FoaInformation>
  </Award>
</rootTag>
