<?xml version="1.0" encoding="UTF-8"?>

<rootTag>
  <Award>
    <AwardTitle>International Research Fellow Awards: A Revised Temperature Calibration of Planktonic Foraminiferal f18O and Mg/Ca Ratios</AwardTitle>
    <AwardEffectiveDate>10/01/1999</AwardEffectiveDate>
    <AwardExpirationDate>03/31/2002</AwardExpirationDate>
    <AwardAmount>91744</AwardAmount>
    <AwardInstrument>
      <Value>Fellowship</Value>
    </AwardInstrument>
    <Organization>
      <Code>01090000</Code>
      <Directorate>
        <LongName>Office Of The Director</LongName>
      </Directorate>
      <Division>
        <LongName>Office Of Internatl Science &amp;Engineering</LongName>
      </Division>
    </Organization>
    <ProgramOfficer>
      <SignBlockName>Susan Parris</SignBlockName>
    </ProgramOfficer>
    <AbstractNarration>9902663&lt;br/&gt;Mortyn&lt;br/&gt;The International Research Fellow Awards Program enables U.S. scientists and engineers to conduct three to twenty-four months of research abroad. The program's awards provide opportunities for joint research, and the use of unique or complementary facilities, expertise and experimental conditions abroad.&lt;br/&gt;This award will support a twelve-month postdoctoral research visit by Dr. P. Graham Mortyn to work with Dr. Gerald Ganssen at the Geomarine Center of the Free University in Amsterdam, The Netherlands. An additional six months of support is available based on the results of the first year of support, provided by the Marine Geology and Geophysics Program.&lt;br/&gt;The aim of this research is to further develop and calibrate the oxygen isotopic composition and magnesium/calcium methods of assessing paleo-SST (sea surface temperature) in the fossilized carbonate shells of planktonic foraminifera, which are routinely preserved in deep-sea sediments. The focus will be on mid-to High-latitude species calibrated with modern temperature measures. If an independent relationship can be determined between salinity and magnesium/calcium, it would remove some of the obscurity in the use of this geochemical tracer as a sea surface temperature proxy.&lt;br/&gt;Dr. Ganssen is a leading researcher in the field of paleoceanography and paleoclimatology. He has formed a collaboration with Dr. Henry Elderfield at the University of Cambridge to measure Mg/Ca and Cd/Ca ratios from modern planktonic foraminiferal samples from the North Atlantic. Dr. Mortyn will benefit from being part of this three-way alliance linking three countries in the field of trace-element geochemistry.&lt;br/&gt;***</AbstractNarration>
    <MinAmdLetterDate>04/08/1999</MinAmdLetterDate>
    <MaxAmdLetterDate>03/14/2001</MaxAmdLetterDate>
    <ARRAAmount/>
    <AwardID>9901440</AwardID>
    <Investigator>
      <FirstName>P. Graham</FirstName>
      <LastName>Mortyn</LastName>
      <EmailAddress/>
      <StartDate>04/08/1999</StartDate>
      <EndDate/>
      <RoleCode>Principal Investigator</RoleCode>
    </Investigator>
    <Institution>
      <Name>Mortyn, Peter G</Name>
      <CityName>San Diego</CityName>
      <ZipCode>921096914</ZipCode>
      <PhoneNumber/>
      <StreetAddress/>
      <CountryName>United States</CountryName>
      <StateName>California</StateName>
      <StateCode>CA</StateCode>
    </Institution>
    <FoaInformation>
      <Code>0510704</Code>
      <Name>Geophysical Monitoring</Name>
    </FoaInformation>
  </Award>
</rootTag>
