<?xml version="1.0" encoding="UTF-8"?>

<rootTag>
  <Award>
    <AwardTitle>Studies of Local Structure and Transport Properties of Anionic Conductors and Battery Materials with Solid State NMR</AwardTitle>
    <AwardEffectiveDate>08/01/1999</AwardEffectiveDate>
    <AwardExpirationDate>07/31/2002</AwardExpirationDate>
    <AwardAmount>311000</AwardAmount>
    <AwardInstrument>
      <Value>Continuing grant</Value>
    </AwardInstrument>
    <Organization>
      <Code>03070007</Code>
      <Directorate>
        <LongName>Direct For Mathematical &amp; Physical Scien</LongName>
      </Directorate>
      <Division>
        <LongName>Division Of Materials Research</LongName>
      </Division>
    </Organization>
    <ProgramOfficer>
      <SignBlockName>David Nelson</SignBlockName>
    </ProgramOfficer>
    <AbstractNarration>9901308 &lt;br/&gt;Grey&lt;br/&gt;Solid State Nuclear Magnetic Resonance (NMR) will be used to probe local structure in fluoride-anion conductors, ferroelectric oxyfluorides, and lithium manganese oxide cathode materials. These are all systems where knowledge of local structure, and how it changes with temperature (fluorides) or charging/discharging of the battery cell (lithium manganese oxides) is critical to the understanding of the function of these materials. Mechanisms of fluoride-ion conduction in fluorides and oxyfluorides will be determined. The role of disorder and fluroride ion mobility in controlling ferroelectric to paraelectric phase transitions in ferroelectrics will be investigated. Lithium manganese oxides may be used as cathode materials for lithium rechargeable or "rocking chair" batteries. Since these electrode materials, however, suffer from reproducibility problems, combined with a loss of capacity after repeated charging and discharging of the electrochemical cell, NMR will be used to follow the changes in local structures (atomic and electronic) of the cathode during the charging/discharging. The aim is to determine which local lithium environments are deintercalated at a spec fic voltage, and which lithium local environments remain trapped in the solid.&lt;br/&gt;%%%&lt;br/&gt;Moderate to fast ionic conduction is critical in a wide range of devices or applications, which include fuel cells, sensors, and solid state electrolytes (and cathode materials) in batteries. An understanding of the mechanisms of conduction will help in the design and search for new and improved materials for these applications. The rechargeable battery in many computers (and electronic devices) typically represents the first component of the system to fail: research in this area is critical in order to keep pace with society's increased demand for electrically driven (computer controlled) machinery. The manganate cathodes represent more environmentally-friendly and cheaper alternatives to batteries currently in production.</AbstractNarration>
    <MinAmdLetterDate>04/05/1999</MinAmdLetterDate>
    <MaxAmdLetterDate>08/17/2001</MaxAmdLetterDate>
    <ARRAAmount/>
    <AwardID>9901308</AwardID>
    <Investigator>
      <FirstName>Clare</FirstName>
      <LastName>Grey</LastName>
      <EmailAddress>cgrey@notes.cc.sunysb.edu</EmailAddress>
      <StartDate>04/05/1999</StartDate>
      <EndDate/>
      <RoleCode>Principal Investigator</RoleCode>
    </Investigator>
    <Institution>
      <Name>SUNY at Stony Brook</Name>
      <CityName>Stony Brook</CityName>
      <ZipCode>117940001</ZipCode>
      <PhoneNumber>6316329949</PhoneNumber>
      <StreetAddress>WEST 5510 FRK MEL LIB</StreetAddress>
      <CountryName>United States</CountryName>
      <StateName>New York</StateName>
      <StateCode>NY</StateCode>
    </Institution>
    <FoaInformation>
      <Code>0106000</Code>
      <Name>Materials Research</Name>
    </FoaInformation>
    <ProgramElement>
      <Code>1762</Code>
      <Text>SOLID STATE &amp; MATERIALS CHEMIS</Text>
    </ProgramElement>
    <ProgramReference>
      <Code>9161</Code>
      <Text>SINGLE DIVISION/UNIVERSITY</Text>
    </ProgramReference>
    <ProgramReference>
      <Code>AMPP</Code>
      <Text>ADVANCED MATERIALS &amp; PROCESSING PROGRAM</Text>
    </ProgramReference>
  </Award>
</rootTag>
