<?xml version="1.0" encoding="UTF-8"?>

<rootTag>
  <Award>
    <AwardTitle>8th International Topical Meeting on Optics of Liquid Crystals, Humacao, Puerto Rico, September 27-October 1, 1999</AwardTitle>
    <AwardEffectiveDate>06/01/1999</AwardEffectiveDate>
    <AwardExpirationDate>05/31/2000</AwardExpirationDate>
    <AwardAmount>6000</AwardAmount>
    <AwardInstrument>
      <Value>Standard Grant</Value>
    </AwardInstrument>
    <Organization>
      <Code>03070007</Code>
      <Directorate>
        <LongName>Direct For Mathematical &amp; Physical Scien</LongName>
      </Directorate>
      <Division>
        <LongName>Division Of Materials Research</LongName>
      </Division>
    </Organization>
    <ProgramOfficer>
      <SignBlockName>David Nelson</SignBlockName>
    </ProgramOfficer>
    <AbstractNarration>9901427&lt;br/&gt;Aliev&lt;br/&gt;The 8th International Topical Meeting on Optics of Liquid Crystals will be held from September 27 - October 1, 1999 in Puerto Rico. The goal of the conference is to provide a forum for the exchange of scientific ideas and technolgoical advances in optics and other aspects of liquid crystals and related materials. The NSF funds will be used to support the attendance of young American Scientists.&lt;br/&gt;%%%&lt;br/&gt;Puerto Rico itself will greatly benefit by hosting such a high profile international meeting. Great potential for technological opportunities exist in the areas of information displays and optical communication that are based on materials that exhibit liquid crystalline behavior.</AbstractNarration>
    <MinAmdLetterDate>05/18/1999</MinAmdLetterDate>
    <MaxAmdLetterDate>05/18/1999</MaxAmdLetterDate>
    <ARRAAmount/>
    <AwardID>9901427</AwardID>
    <Investigator>
      <FirstName>Fouad</FirstName>
      <LastName>Aliev</LastName>
      <EmailAddress>fmaliev@uprrp.edu</EmailAddress>
      <StartDate>05/18/1999</StartDate>
      <EndDate/>
      <RoleCode>Principal Investigator</RoleCode>
    </Investigator>
    <Institution>
      <Name>University of Puerto Rico</Name>
      <CityName>San Juan</CityName>
      <ZipCode>009313334</ZipCode>
      <PhoneNumber>7877656696</PhoneNumber>
      <StreetAddress>Central Administration</StreetAddress>
      <CountryName>United States</CountryName>
      <StateName>Puerto Rico</StateName>
      <StateCode>PR</StateCode>
    </Institution>
    <FoaInformation>
      <Code>0106000</Code>
      <Name>Materials Research</Name>
    </FoaInformation>
    <ProgramElement>
      <Code>9199</Code>
      <Text>UNDISTRIBUTED PANEL/IPA FUNDS</Text>
    </ProgramElement>
    <ProgramReference>
      <Code>1762</Code>
      <Text>SOLID STATE &amp; MATERIALS CHEMIS</Text>
    </ProgramReference>
    <ProgramReference>
      <Code>9161</Code>
      <Text>SINGLE DIVISION/UNIVERSITY</Text>
    </ProgramReference>
    <ProgramReference>
      <Code>9179</Code>
      <Text>GRADUATE INVOLVEMENT</Text>
    </ProgramReference>
    <ProgramReference>
      <Code>AMPP</Code>
      <Text>ADVANCED MATERIALS &amp; PROCESSING PROGRAM</Text>
    </ProgramReference>
  </Award>
</rootTag>
