<?xml version="1.0" encoding="UTF-8"?>

<rootTag>
  <Award>
    <AwardTitle>CISE Experimental Partnerships: An Experimental Configurable Computing System for Wireless Communications</AwardTitle>
    <AwardEffectiveDate>09/01/1999</AwardEffectiveDate>
    <AwardExpirationDate>08/31/2003</AwardExpirationDate>
    <AwardAmount>1009466</AwardAmount>
    <AwardInstrument>
      <Value>Continuing grant</Value>
    </AwardInstrument>
    <Organization>
      <Code>05050000</Code>
      <Directorate>
        <LongName>Direct For Computer &amp; Info Scie &amp; Enginr</LongName>
      </Directorate>
      <Division>
        <LongName>Division Of Computer and Network Systems</LongName>
      </Division>
    </Organization>
    <ProgramOfficer>
      <SignBlockName>Gregory R. Andrews</SignBlockName>
    </ProgramOfficer>
    <AbstractNarration>99-01377&lt;br/&gt;Ebeling, Carl&lt;br/&gt;Hui, Liu&lt;br/&gt;University of Washington&lt;br/&gt;&lt;br/&gt;CISE Experimental Partnerships: An Experimental Configurable Computing&lt;br/&gt;System for Wireless Communication&lt;br/&gt;&lt;br/&gt;An experimental configurable computing system based on the RaPiD architecture is being constructed that will demonstrate the advantages of coarse-grained configurable computing architectures in the domain of signal and image processing. The work involves the construction, demonstration and analysis of a prototype smart antenna CDMA wireless basestation using this experimental system.&lt;br/&gt;&lt;br/&gt;The focus of this research is the emulation of the RaPiD configurable architecture using the large Xilinx Virtex FPGAs that have recently become available. This RaPiD Emulation System has the same functionality as a single-chip RaPiD system that is the eventual target of this architecture. The goal is for the emulation to have sufficient performance running at a target speed of 50 MHz to demonstrate real-time applications such as the CDMA wireless basestation. Each component of the RaPiD architecture is emulated using FPGAs, including the datapath, the datapath controller, the stream controllers and the memory controller. This experimental system is being used to emulate the final RaPiD architecture. That is, the FPGAs are operated in a way that is constrained by the RaPiD architecture in order to provide an accurate measure of the cost and performance of the RaPiD architecture. This emulation system provides opportunities to explore many alternative architectural and system ideas related to RaPiD. This exploration could lead to an efficient definition of the RaPiD architecture as a computational core in system-on-a-chip technology.</AbstractNarration>
    <MinAmdLetterDate>08/24/1999</MinAmdLetterDate>
    <MaxAmdLetterDate>06/08/2001</MaxAmdLetterDate>
    <ARRAAmount/>
    <AwardID>9901377</AwardID>
    <Investigator>
      <FirstName>Hui</FirstName>
      <LastName>Liu</LastName>
      <EmailAddress>hliu@ee.washington.edu</EmailAddress>
      <StartDate>08/24/1999</StartDate>
      <EndDate/>
      <RoleCode>Co-Principal Investigator</RoleCode>
    </Investigator>
    <Investigator>
      <FirstName>Carl</FirstName>
      <LastName>Ebeling</LastName>
      <EmailAddress>ebeling@cs.washington.edu</EmailAddress>
      <StartDate>08/24/1999</StartDate>
      <EndDate/>
      <RoleCode>Principal Investigator</RoleCode>
    </Investigator>
    <Institution>
      <Name>University of Washington</Name>
      <CityName>Seattle</CityName>
      <ZipCode>981950001</ZipCode>
      <PhoneNumber>2065434043</PhoneNumber>
      <StreetAddress>4333 Brooklyn Ave NE</StreetAddress>
      <CountryName>United States</CountryName>
      <StateName>Washington</StateName>
      <StateCode>WA</StateCode>
    </Institution>
    <FoaInformation>
      <Code>0000099</Code>
      <Name>Other Applications NEC</Name>
    </FoaInformation>
    <ProgramElement>
      <Code>4725</Code>
      <Text>EXPERIMENTAL SYSTEMS/CADRE</Text>
    </ProgramElement>
    <ProgramReference>
      <Code>4725</Code>
      <Text>EXPERIMENTAL SYSTEMS/CADRE</Text>
    </ProgramReference>
    <ProgramReference>
      <Code>9218</Code>
      <Text>BASIC RESEARCH &amp; HUMAN RESORCS</Text>
    </ProgramReference>
    <ProgramReference>
      <Code>HPCC</Code>
      <Text>HIGH PERFORMANCE COMPUTING &amp; COMM</Text>
    </ProgramReference>
  </Award>
</rootTag>
