<?xml version="1.0" encoding="UTF-8"?>

<rootTag>
  <Award>
    <AwardTitle>Spherical Hydrophilic Polymers: Synthesis, Characterization and Applications</AwardTitle>
    <AwardEffectiveDate>03/15/1999</AwardEffectiveDate>
    <AwardExpirationDate>05/31/2001</AwardExpirationDate>
    <AwardAmount>359000</AwardAmount>
    <AwardInstrument>
      <Value>Continuing grant</Value>
    </AwardInstrument>
    <Organization>
      <Code>03070007</Code>
      <Directorate>
        <LongName>Direct For Mathematical &amp; Physical Scien</LongName>
      </Directorate>
      <Division>
        <LongName>Division Of Materials Research</LongName>
      </Division>
    </Organization>
    <ProgramOfficer>
      <SignBlockName>Andrew J. Lovinger</SignBlockName>
    </ProgramOfficer>
    <AbstractNarration>9901393&lt;br/&gt;Newkome&lt;br/&gt;&lt;br/&gt;The proposed research described herein is a systematic and logical extension of the results obtained from prior NSF funding. The overriding theme of this proposal concerns the investigation of the preparation, structural aspects, and chemical propeties of dendrimers that have been internally and externally modified via (1) combinatorial techinques to examine functional group cooperativity within branced architectures and (2) the incorporation of metal ligand binding sites for the construction of "higher order" dendritic networks and arrays. Pursuant to this goal are the design and synthersis of application-oriented dendrimers accessed form utilitarian dendritic building blocks that can be prepared via directed- or statictical-type reaction shcemes and are based on well documented synthetic transformations. Combinatorial techinques will facilitate the construction of novel dendrimer families possessing constitutionally diverse fundtionality. Dendrimer construction efficiency and usefulness of the combinatorial techinique will be assessed by material analysis for catalytic activity(e.g., phosphate ester hydrolysis). Use of the internally modified dendrimers for the preparation of novel materials will also be exemplified by the modular construction of dendritic assemblies and networks. Network preparation will be facilitated by the propensity of tetrahedral units to self-assemble when appropriately functionalized and the strict geometric positional control of binding lici provided by the iterative synthetic method. Metal complex formation will be employed for the connectivity of the ordered arrays. Project goals include:&lt;br/&gt;&lt;br/&gt;Exploration of the potential physicochemical properties and applications of internal dendritic environments.&lt;br/&gt;&lt;br/&gt;Construction of functionally diverse dendrivers for use as recoverable, hydrolytic catalysts.&lt;br/&gt;&lt;br/&gt;Construction of dendrimers with compartmentalized moieties capable of forming connections with other dendrimers.&lt;br/&gt;&lt;br/&gt;Preparation of functionally derivatized dendritic building blocks and dendrivers that are capable of being used to demonstrate surface functional group mobility.&lt;br/&gt;&lt;br/&gt;Combinatorial construction of dendrivers to meld the best traits of hypebranched and classical dendritic synthetic techniques.&lt;br/&gt;%%%&lt;br/&gt;This research combines study of the chemistry associated with physicochemical properties of highly branched, specifically designed, macromolecule, with the attendant utility inherent in those properties. Results of this research will expand foundations for understanding of chemical phenomena occurring within "designer" reaction environments.</AbstractNarration>
    <MinAmdLetterDate>03/02/1999</MinAmdLetterDate>
    <MaxAmdLetterDate>03/12/2001</MaxAmdLetterDate>
    <ARRAAmount/>
    <AwardID>9901393</AwardID>
    <Investigator>
      <FirstName>George</FirstName>
      <LastName>Newkome</LastName>
      <EmailAddress>gnewkome@uakron.edu</EmailAddress>
      <StartDate>03/02/1999</StartDate>
      <EndDate/>
      <RoleCode>Principal Investigator</RoleCode>
    </Investigator>
    <Institution>
      <Name>University of South Florida</Name>
      <CityName>Tampa</CityName>
      <ZipCode>336129446</ZipCode>
      <PhoneNumber>8139742897</PhoneNumber>
      <StreetAddress>3702 Spectrum Blvd.</StreetAddress>
      <CountryName>United States</CountryName>
      <StateName>Florida</StateName>
      <StateCode>FL</StateCode>
    </Institution>
    <FoaInformation>
      <Code>0106000</Code>
      <Name>Materials Research</Name>
    </FoaInformation>
    <ProgramElement>
      <Code>1773</Code>
      <Text>POLYMERS</Text>
    </ProgramElement>
    <ProgramReference>
      <Code>9161</Code>
      <Text>SINGLE DIVISION/UNIVERSITY</Text>
    </ProgramReference>
    <ProgramReference>
      <Code>AMPP</Code>
      <Text>ADVANCED MATERIALS &amp; PROCESSING PROGRAM</Text>
    </ProgramReference>
  </Award>
</rootTag>
