<?xml version="1.0" encoding="UTF-8"?>

<rootTag>
  <Award>
    <AwardTitle>Research in Elementary Particle Physics</AwardTitle>
    <AwardEffectiveDate>07/01/1999</AwardEffectiveDate>
    <AwardExpirationDate>06/30/2003</AwardExpirationDate>
    <AwardAmount>534000</AwardAmount>
    <AwardInstrument>
      <Value>Continuing grant</Value>
    </AwardInstrument>
    <Organization>
      <Code>03010500</Code>
      <Directorate>
        <LongName>Direct For Mathematical &amp; Physical Scien</LongName>
      </Directorate>
      <Division>
        <LongName>Division Of Physics</LongName>
      </Division>
    </Organization>
    <ProgramOfficer>
      <SignBlockName>Frederick Cooper</SignBlockName>
    </ProgramOfficer>
    <AbstractNarration>Research in theoretical elementary particle physics will be aimed at furthering our understanding of the basic forces and laws of nature. It will include work on the "standard model" of particle interactions, which describes the strong, weak and electromagnetic interactions, and on string theory, which is currently the most successful attempt to include the force of gravity with the other forces in a unified framework.&lt;br/&gt; While the standard model has been very successful it leaves important questions unanswered. The details of quark confinement within nucleons by the strong interactions are not understood. Work planned for this project should lead to an improved understanding of the strong force and quark confinement. The masses of fundamental particles in the standard model are also not understood and will be an active direction of inquiry through ideas related to the heavy top quark and string theory.&lt;br/&gt; String theory as a unified theory of all forces has many facets which will be explored in this project. These include applications to black hole physics, to the structure of quantum gravity, to the structure of generalized electric-magnetic dualities, and also to various areas of mathematics related to geometry.</AbstractNarration>
    <MinAmdLetterDate>06/07/1999</MinAmdLetterDate>
    <MaxAmdLetterDate>05/25/2001</MaxAmdLetterDate>
    <ARRAAmount/>
    <AwardID>9901194</AwardID>
    <Investigator>
      <FirstName>Reinhard</FirstName>
      <LastName>Oehme</LastName>
      <EmailAddress/>
      <StartDate>06/07/1999</StartDate>
      <EndDate/>
      <RoleCode>Co-Principal Investigator</RoleCode>
    </Investigator>
    <Investigator>
      <FirstName>Yoichiro</FirstName>
      <LastName>Nambu</LastName>
      <EmailAddress/>
      <StartDate>06/07/1999</StartDate>
      <EndDate/>
      <RoleCode>Co-Principal Investigator</RoleCode>
    </Investigator>
    <Investigator>
      <FirstName>Jeffrey</FirstName>
      <LastName>Harvey</LastName>
      <EmailAddress>j-harvey@uchicago.edu</EmailAddress>
      <StartDate>06/07/1999</StartDate>
      <EndDate/>
      <RoleCode>Principal Investigator</RoleCode>
    </Investigator>
    <Investigator>
      <FirstName>Peter G.</FirstName>
      <LastName>Freund</LastName>
      <EmailAddress/>
      <StartDate>06/07/1999</StartDate>
      <EndDate/>
      <RoleCode>Co-Principal Investigator</RoleCode>
    </Investigator>
    <Institution>
      <Name>University of Chicago</Name>
      <CityName>Chicago</CityName>
      <ZipCode>606375418</ZipCode>
      <PhoneNumber>7737028669</PhoneNumber>
      <StreetAddress>5801 South Ellis Avenue</StreetAddress>
      <CountryName>United States</CountryName>
      <StateName>Illinois</StateName>
      <StateCode>IL</StateCode>
    </Institution>
  </Award>
</rootTag>
