<?xml version="1.0" encoding="UTF-8"?>

<rootTag>
  <Award>
    <AwardTitle>U.S.-Mexico Cooperative Research: Thin-Film Materials for Photovoltaics</AwardTitle>
    <AwardEffectiveDate>08/01/1999</AwardEffectiveDate>
    <AwardExpirationDate>09/30/2004</AwardExpirationDate>
    <AwardAmount>28500</AwardAmount>
    <AwardInstrument>
      <Value>Standard Grant</Value>
    </AwardInstrument>
    <Organization>
      <Code>01090000</Code>
      <Directorate>
        <LongName>Office Of The Director</LongName>
      </Directorate>
      <Division>
        <LongName>Office Of Internatl Science &amp;Engineering</LongName>
      </Division>
    </Organization>
    <ProgramOfficer>
      <SignBlockName>Harold Stolberg</SignBlockName>
    </ProgramOfficer>
    <AbstractNarration>9901383&lt;br/&gt;Compaan&lt;br/&gt;&lt;br/&gt;This US-Mexico award will support Professor Alvin D. Compaan, of the University of Toledo, Ohio in a research collaboration with Professor Gerardo Contreras-Puente, of the National Polytechnic Institute (IPN), Mexico in a three year study of thin-film materials for photovoltaics. The extensive research effort ranges from film growth and fabrication of devices, to characterization of optical-electronic properties of complex materials and electrical performance studies.&lt;br/&gt;&lt;br/&gt;This project will bring together experienced teams of researchers with complementary facilities in CdTe solar cells. Economic studies conclude that solar cells should last 20 to 30 years in an outdoor environment to be cost effective. Long term degradation in the field is a major challenge for the use of solar photovoltaics to provide the world with a sustainable source of energy. Results of this study should produce recommendations to the solar thin-film cell fabrication community for structural changes and processing improvements that will enable improved high temperature stability of cells and modules. This, in turn, will enhance the length of solar cell life and provide a more cost effective energy source.&lt;br/&gt;***</AbstractNarration>
    <MinAmdLetterDate>06/07/1999</MinAmdLetterDate>
    <MaxAmdLetterDate>02/23/2004</MaxAmdLetterDate>
    <ARRAAmount/>
    <AwardID>9901383</AwardID>
    <Investigator>
      <FirstName>Alvin</FirstName>
      <LastName>Compaan</LastName>
      <EmailAddress>adc@physics.utoledo.edu</EmailAddress>
      <StartDate>06/07/1999</StartDate>
      <EndDate/>
      <RoleCode>Principal Investigator</RoleCode>
    </Investigator>
    <Institution>
      <Name>University of Toledo</Name>
      <CityName>TOLEDO</CityName>
      <ZipCode>436063390</ZipCode>
      <PhoneNumber>4195302844</PhoneNumber>
      <StreetAddress>2801 W Bancroft St., MS 944</StreetAddress>
      <CountryName>United States</CountryName>
      <StateName>Ohio</StateName>
      <StateCode>OH</StateCode>
    </Institution>
  </Award>
</rootTag>
