<?xml version="1.0" encoding="UTF-8"?>

<rootTag>
  <Award>
    <AwardTitle>International Research Fellow Awards: Natural Experiments in Molecular Evolution; The Molecular Basis of Vision in Extreme Environments</AwardTitle>
    <AwardEffectiveDate>12/01/1999</AwardEffectiveDate>
    <AwardExpirationDate>07/31/2001</AwardExpirationDate>
    <AwardAmount>64150</AwardAmount>
    <AwardInstrument>
      <Value>Fellowship</Value>
    </AwardInstrument>
    <Organization>
      <Code>01090000</Code>
      <Directorate>
        <LongName>Office Of The Director</LongName>
      </Directorate>
      <Division>
        <LongName>Office Of Internatl Science &amp;Engineering</LongName>
      </Division>
    </Organization>
    <ProgramOfficer>
      <SignBlockName>Susan Parris</SignBlockName>
    </ProgramOfficer>
    <AbstractNarration>9901395&lt;br/&gt;Chang&lt;br/&gt;The International Research Fellow Awards Program enables U.S. scientists and engineers to conduct three to twenty-four months of research abroad. The program's awards provide opportunities for joint research, and the use of unique or complementary facilities, expertise and experimental conditions abroad.&lt;br/&gt;This award will provide Dr. Belinda S. Chang with support for twelve months to work at the University of Rome Tor Vergata in Rome, Italy, with Professor Valerio Sbordoni.&lt;br/&gt;&lt;br/&gt;Dr. Chang will do natural experiments in molecular evolution to study the molecular basis of vision in extreme environments. Her aim is to molecularly clone the rhodopsin gene (Rh1) from organisms living in two extreme environments: 1) Extreme cold - by studying springtail insects in continental Antarctica and 2) Complete Darkness -by studying the Catopid beetles in caves of northeastern Italy. Rhodopsin is a transmembrane receptor that when activated by light, forms the critical first step in vision. Both temperature and light availability dramatically affect this critical role. Comparisons between these two cases would allow the identification of regions of the rhodopsin molecule and amino acid sites that are important in determining thermal stability. Dr. Chang will clone rhodopsin genes from three Antarctic Collembola and an Italian cave-dwelling catopid beetle and then reconstruct a phylogenetic tree of these and already cloned insect rhodopsins, upon which rates of substitution among different lineages can be examined and tested.&lt;br/&gt;Dr. Sbordoni is one of the leading world experts in studying the biology of organisms that live in these two extreme environments. He is a renowned speleologist. His lab has outstanding facilities for molecular biology, including one of the latest Applied Biosystems automated DNA sequencers (ABI Prism, model 310).&lt;br/&gt;***</AbstractNarration>
    <MinAmdLetterDate>06/29/1999</MinAmdLetterDate>
    <MaxAmdLetterDate>06/29/1999</MaxAmdLetterDate>
    <ARRAAmount/>
    <AwardID>9901395</AwardID>
    <Investigator>
      <FirstName>Belinda</FirstName>
      <LastName>Chang</LastName>
      <EmailAddress>changb@zoo.utoronto.ca</EmailAddress>
      <StartDate>06/29/1999</StartDate>
      <EndDate/>
      <RoleCode>Principal Investigator</RoleCode>
    </Investigator>
    <Institution>
      <Name>Fellowships</Name>
      <CityName>Arlington</CityName>
      <ZipCode>22230</ZipCode>
      <PhoneNumber/>
      <StreetAddress/>
      <CountryName>United States</CountryName>
      <StateName>Virginia</StateName>
      <StateCode>VA</StateCode>
    </Institution>
    <FoaInformation>
      <Code>0000099</Code>
      <Name>Other Applications NEC</Name>
    </FoaInformation>
  </Award>
</rootTag>
