<?xml version="1.0" encoding="UTF-8"?>

<rootTag>
  <Award>
    <AwardTitle>Design and Characterization of Porous Materials for Heterogeneous Catalysts</AwardTitle>
    <AwardEffectiveDate>12/01/1998</AwardEffectiveDate>
    <AwardExpirationDate>11/30/1999</AwardExpirationDate>
    <AwardAmount>40000</AwardAmount>
    <AwardInstrument>
      <Value>Standard Grant</Value>
    </AwardInstrument>
    <Organization>
      <Code>03090007</Code>
      <Directorate>
        <LongName>Direct For Mathematical &amp; Physical Scien</LongName>
      </Directorate>
      <Division>
        <LongName>Division Of Chemistry</LongName>
      </Division>
    </Organization>
    <ProgramOfficer>
      <SignBlockName>Joseph Bragin</SignBlockName>
    </ProgramOfficer>
    <AbstractNarration>This starter grant award of the Chemistry Division to the University of Michigan supports the research of Professor Larry W. Beck. The theme of the research is the investigation of the mechanism of heterogeneous catalysis processes through the design and synthesis of tailored materials and in-situ NMR characterization of the active catalyst. Initial target projects of this research include acid-catalyzed addition reactions using aluminum and boron zeolites and partial oxidation catalysis using titanium zeolites. Triple-resonance NMR techniques that explore dipole-dipole distances will be used to investigate the local structure of catalytic active sites under reaction conditions. NMR will also be used to follow catalysis reactions in situ to identify key kinetic and thermodynamic properties of the mechanism.&lt;br/&gt;&lt;br/&gt;Many existing routes to the synthesis and manufacture of fine chemicals employ hazardous reagents, generate large amounts of waste, and are often inefficient. Finding alternative environmentally benign processes using catalysts is a concern and growing priority in industry. The mechanistic information gained in this project will be used to investigate possible new routes to important chemical intermediates.</AbstractNarration>
    <MinAmdLetterDate>12/17/1998</MinAmdLetterDate>
    <MaxAmdLetterDate>12/17/1998</MaxAmdLetterDate>
    <ARRAAmount/>
    <AwardID>9901081</AwardID>
    <Investigator>
      <FirstName>Larry</FirstName>
      <LastName>Beck</LastName>
      <EmailAddress>lbeck@umich.edu</EmailAddress>
      <StartDate>12/17/1998</StartDate>
      <EndDate/>
      <RoleCode>Principal Investigator</RoleCode>
    </Investigator>
    <Institution>
      <Name>University of Michigan Ann Arbor</Name>
      <CityName>Ann Arbor</CityName>
      <ZipCode>481091274</ZipCode>
      <PhoneNumber>7347636438</PhoneNumber>
      <StreetAddress>3003 South State St. Room 1062</StreetAddress>
      <CountryName>United States</CountryName>
      <StateName>Michigan</StateName>
      <StateCode>MI</StateCode>
    </Institution>
  </Award>
</rootTag>
