<?xml version="1.0" encoding="UTF-8"?>

<rootTag>
  <Award>
    <AwardTitle>FASEB Conference: Phospholipase D, to be held August 14-19, 1999 in Saxton's River, VT</AwardTitle>
    <AwardEffectiveDate>08/01/1999</AwardEffectiveDate>
    <AwardExpirationDate>07/31/2000</AwardExpirationDate>
    <AwardAmount>5000</AwardAmount>
    <AwardInstrument>
      <Value>Standard Grant</Value>
    </AwardInstrument>
    <Organization>
      <Code>08070600</Code>
      <Directorate>
        <LongName>Direct For Biological Sciences</LongName>
      </Directorate>
      <Division>
        <LongName>Div Of Molecular and Cellular Bioscience</LongName>
      </Division>
    </Organization>
    <ProgramOfficer>
      <SignBlockName>Eve Ida Barak</SignBlockName>
    </ProgramOfficer>
    <AbstractNarration>This grant is for partial support of a conference on Phospholipase D (PLD), sponsored by the Federation of American Societies for Experimental Biology (FASEB), to be held in Vermont August 14-19,1999. The core of speakers were selected on the basis of their &lt;br/&gt;ongoing contributions to the knowledge of the genetics, structure, regulation and function of PLD. One hour of each session will be reserved for brief presentations by post-doctoral fellows and graduate students. This conference will bring together participants from different disciplines who share a common interest in PLD. No previous meeting has been devoted exclusively to PLD, and this conference will serve as a forum to assess the field. With the recent cloning of multiple PLD isoforms and the availability of new reagents and techniques, major advances in this area should occur. Thus, the primary purpose of this meeting is to bring together a diverse group of investigators with various scientific backgrounds to share ideas, perspectives and techniques which will advance the field.</AbstractNarration>
    <MinAmdLetterDate>07/23/1999</MinAmdLetterDate>
    <MaxAmdLetterDate>07/23/1999</MaxAmdLetterDate>
    <ARRAAmount/>
    <AwardID>9901122</AwardID>
    <Investigator>
      <FirstName>Larry</FirstName>
      <LastName>Daniel</LastName>
      <EmailAddress>ldaniel@wfubmc.edu</EmailAddress>
      <StartDate>07/23/1999</StartDate>
      <EndDate/>
      <RoleCode>Principal Investigator</RoleCode>
    </Investigator>
    <Institution>
      <Name>Federation of Amer Societies For Exper Biology</Name>
      <CityName>Bethesda</CityName>
      <ZipCode>208143998</ZipCode>
      <PhoneNumber>3016347013</PhoneNumber>
      <StreetAddress>9650 ROCKVILLE PIKE</StreetAddress>
      <CountryName>United States</CountryName>
      <StateName>Maryland</StateName>
      <StateCode>MD</StateCode>
    </Institution>
    <FoaInformation>
      <Code>0000099</Code>
      <Name>Other Applications NEC</Name>
    </FoaInformation>
  </Award>
</rootTag>
