<?xml version="1.0" encoding="UTF-8"?>

<rootTag>
  <Award>
    <AwardTitle>Alkali Aggregates on Cold Helium Droplets and in Free Jets</AwardTitle>
    <AwardEffectiveDate>07/01/1999</AwardEffectiveDate>
    <AwardExpirationDate>08/31/2002</AwardExpirationDate>
    <AwardAmount>446082</AwardAmount>
    <AwardInstrument>
      <Value>Continuing grant</Value>
    </AwardInstrument>
    <Organization>
      <Code>03090004</Code>
      <Directorate>
        <LongName>Direct For Mathematical &amp; Physical Scien</LongName>
      </Directorate>
      <Division>
        <LongName>Division Of Chemistry</LongName>
      </Division>
    </Organization>
    <ProgramOfficer>
      <SignBlockName>Alfons Weber</SignBlockName>
    </ProgramOfficer>
    <AbstractNarration>In this project funded by the Experimental Physical Chemistry program of the Chemistry Division and the Atomic, Molecular, Optical, and Plasma Physics program of the Physics Division, Wolfgang Ernst of Pennsylvania State University will study intramolecular interactions in metallic aggregates, specifically, small alkali-atom clusters. Molecular beam spectroscopy using narrow-band lasers and microwave radiation as well as laser ionization and mass selective detection will be used to investigate species produced using two different methods. In the first technique free-jet expansions of alkali metal vapors will generate small alkali clusters that are studied at very high resolution using resonant two-photon ionization (R2PI) spectroscopy, ionization detected microwave spectroscopy, and optical-optical double resonance. Insight into details of Jahn-Teller (JT) and pseudo Jahn-Teller potential energy surfaces will result, and questions about a Berry phase in the evolution of nuclear and electronic wavefunctions will be answered. In the second set of experiments alkali aggregates will form on cold helium droplets, which act as inert substrates. The metal aggregates acquire the 0.4 K temperature of the droplets, and the resulting simplified spectra will be studied by laser-induced fluorescence, laser-microwave double resonance, laser ionization, and time-of-flight mass spectroscopy. Species investigated will include different alkali metals and products of reactions of alkalis with simple molecules. &lt;br/&gt;&lt;br/&gt; Spectroscopy of atomic and molecular species on ultracold helium drops is similar to matrix isolation spectroscopy and can give correspondingly useful information about unstable chemical intermediates. Results of this work can also be effective in testing quantum chemical calculations and molecular dynamics models, developing schemes for coherent control of molecules using femtosecond laser pulses, and understanding reactions involving other small gas-phase species, such as air pollutants and reactive intermediates of combustion processes.</AbstractNarration>
    <MinAmdLetterDate>07/07/1999</MinAmdLetterDate>
    <MaxAmdLetterDate>04/13/2001</MaxAmdLetterDate>
    <ARRAAmount/>
    <AwardID>9901291</AwardID>
    <Investigator>
      <FirstName>Wolfgang</FirstName>
      <LastName>Ernst</LastName>
      <EmailAddress>wee1@psu.edu</EmailAddress>
      <StartDate>07/07/1999</StartDate>
      <EndDate/>
      <RoleCode>Principal Investigator</RoleCode>
    </Investigator>
    <Institution>
      <Name>Pennsylvania State Univ University Park</Name>
      <CityName>UNIVERSITY PARK</CityName>
      <ZipCode>168027000</ZipCode>
      <PhoneNumber>8148651372</PhoneNumber>
      <StreetAddress>110 Technology Center Building</StreetAddress>
      <CountryName>United States</CountryName>
      <StateName>Pennsylvania</StateName>
      <StateCode>PA</StateCode>
    </Institution>
    <FoaInformation>
      <Code>0000099</Code>
      <Name>Other Applications NEC</Name>
    </FoaInformation>
  </Award>
</rootTag>
