<?xml version="1.0" encoding="UTF-8"?>

<rootTag>
  <Award>
    <AwardTitle>International Workshop on Structural Health Monitoring</AwardTitle>
    <AwardEffectiveDate>04/01/1999</AwardEffectiveDate>
    <AwardExpirationDate>08/31/2000</AwardExpirationDate>
    <AwardAmount>15000</AwardAmount>
    <AwardInstrument>
      <Value>Standard Grant</Value>
    </AwardInstrument>
    <Organization>
      <Code>07030000</Code>
      <Directorate>
        <LongName>Directorate For Engineering</LongName>
      </Directorate>
      <Division>
        <LongName>Div Of Civil, Mechanical, &amp; Manufact Inn</LongName>
      </Division>
    </Organization>
    <ProgramOfficer>
      <SignBlockName>Alison Flatau</SignBlockName>
    </ProgramOfficer>
    <AbstractNarration>This project will organize and hold the 2ns International Workshop on Structural Health Monitoring at Stanford University, September 8-10, 1999. Structural health monitoring is an emerging technology, which combines advanced sensing technology with a knowledge of material/structural damage characteristics to monitor the condition of structures in real time while in service.&lt;br/&gt;&lt;br/&gt;The objective of the workshop are to review the progress of the current rapid technological development in the field, to identify key and emerging issues in research and development, and to promote exchanges and cross-fertilization among many disciplines and these applications, such as rotorcraft and aircraft structures, civil infrastructures, vehicle and marine structures, and hazard mitigation.&lt;br/&gt;&lt;br/&gt;Key and distinguished individuals from industry, academe, and government will be invited to give keynote lectures and presentations in the workshop. Product and technology demonstrations will also be conducted. The workshop will conclude with panel discussions on key issues and concerns to be identified during the workshop. The workshop will result in proceedings containing the presentations of the workshop. Appropriate guidelines and recommendations for government agencies and industry to promote structural health monitoring development will be developed.</AbstractNarration>
    <MinAmdLetterDate>01/15/1999</MinAmdLetterDate>
    <MaxAmdLetterDate>08/23/2000</MaxAmdLetterDate>
    <ARRAAmount/>
    <AwardID>9901034</AwardID>
    <Investigator>
      <FirstName>Fu-Kuo</FirstName>
      <LastName>Chang</LastName>
      <EmailAddress>fkchang@stanford.edu</EmailAddress>
      <StartDate>01/15/1999</StartDate>
      <EndDate/>
      <RoleCode>Principal Investigator</RoleCode>
    </Investigator>
    <Institution>
      <Name>Stanford University</Name>
      <CityName>Palo Alto</CityName>
      <ZipCode>943041212</ZipCode>
      <PhoneNumber>6507232300</PhoneNumber>
      <StreetAddress>3160 Porter Drive</StreetAddress>
      <CountryName>United States</CountryName>
      <StateName>California</StateName>
      <StateCode>CA</StateCode>
    </Institution>
    <FoaInformation>
      <Code>0304000</Code>
      <Name>Disaster &amp; Natural Hazard</Name>
    </FoaInformation>
  </Award>
</rootTag>
