<?xml version="1.0" encoding="UTF-8"?>

<rootTag>
  <Award>
    <AwardTitle>The Galaxy Luminosity Function at Z=0</AwardTitle>
    <AwardEffectiveDate>06/15/1999</AwardEffectiveDate>
    <AwardExpirationDate>05/31/2005</AwardExpirationDate>
    <AwardAmount>281775</AwardAmount>
    <AwardInstrument>
      <Value>Continuing grant</Value>
    </AwardInstrument>
    <Organization>
      <Code>03020417</Code>
      <Directorate>
        <LongName>Direct For Mathematical &amp; Physical Scien</LongName>
      </Directorate>
      <Division>
        <LongName>Division Of Astronomical Sciences</LongName>
      </Division>
    </Organization>
    <ProgramOfficer>
      <SignBlockName>Nigel Sharp</SignBlockName>
    </ProgramOfficer>
    <AbstractNarration>Dr. Bolte is measuring the luminosity function of galaxies (GLF) in the nearby Universe; in other words, determine the distribution of galaxies by luminosity. He is using very wide field CCDs to image individual member galaxies in two nearby galaxy groups: Leo and Coma I. Once we can define the current GLF we can better interpret various cosmologies. All cosmologies that forma galaxies from post-recombination density fluctuations in the early Universe predict an initial GLF. Knowledge of the distribution of galaxies by luminosity and mass in the current day Universe is required to interpret the data at different epochs in the evolution of the Universe. He is imaging the GLF to luminosities near those of the lowest dwarf spheroidal galaxies (with absolute magnitudes in the R-band of -9.5) in the Local Group. He is verifying the membership of each galaxy that goes into the GLF and evaluating the counting completeness with Monte Carlo experiments.&lt;br/&gt;***</AbstractNarration>
    <MinAmdLetterDate>06/14/1999</MinAmdLetterDate>
    <MaxAmdLetterDate>04/15/2004</MaxAmdLetterDate>
    <ARRAAmount/>
    <AwardID>9901256</AwardID>
    <Investigator>
      <FirstName>Michael</FirstName>
      <LastName>Bolte</LastName>
      <EmailAddress>bolte@ucolick.org</EmailAddress>
      <StartDate>06/14/1999</StartDate>
      <EndDate/>
      <RoleCode>Principal Investigator</RoleCode>
    </Investigator>
    <Institution>
      <Name>University of California-Santa Cruz</Name>
      <CityName>Santa Cruz</CityName>
      <ZipCode>950641077</ZipCode>
      <PhoneNumber>8314595278</PhoneNumber>
      <StreetAddress>1156 High Street</StreetAddress>
      <CountryName>United States</CountryName>
      <StateName>California</StateName>
      <StateCode>CA</StateCode>
    </Institution>
  </Award>
</rootTag>
