<?xml version="1.0" encoding="UTF-8"?>

<rootTag>
  <Award>
    <AwardTitle>Archiving of West Antarctic Geophysical Data</AwardTitle>
    <AwardEffectiveDate>03/01/1999</AwardEffectiveDate>
    <AwardExpirationDate>02/28/2002</AwardExpirationDate>
    <AwardAmount>80669</AwardAmount>
    <AwardInstrument>
      <Value>Standard Grant</Value>
    </AwardInstrument>
    <Organization>
      <Code>06090300</Code>
      <Directorate>
        <LongName>Directorate For Geosciences</LongName>
      </Directorate>
      <Division>
        <LongName>Division Of Polar Programs</LongName>
      </Division>
    </Organization>
    <ProgramOfficer>
      <SignBlockName>Julie Palais</SignBlockName>
    </ProgramOfficer>
    <AbstractNarration>This award supports a program to rescue geophysical data collected in West Antarctica (primarily seismic and radar data) over several decades by students and researchers from the Geophysical and Polar Research Center at the University of Wisconsin (UW). The data will be retrieved from the UW archives and transferred (from the magnetic tapes which they are currently on) and recorded to a more modern format. In addition, the metadata that is in field notebooks will be summarized and the entire collection will be submitted to the National Snow and Ice Data Center (NSIDC) where their long-term stability can be ensured. Others will do some reprocessing of the data in order to allow easier access to the data. Information about the methods of collection, formats, unwritten assumptions behind all the experiments, experiment designs, instrument settings and data formats will all be noted in the file. The window of opportunity for retrieving and archiving these data is rapidly closing and this project will help to make these data available to others for future research projects.</AbstractNarration>
    <MinAmdLetterDate>12/21/1998</MinAmdLetterDate>
    <MaxAmdLetterDate>02/23/2001</MaxAmdLetterDate>
    <ARRAAmount/>
    <AwardID>9901196</AwardID>
    <Investigator>
      <FirstName>Sridhar</FirstName>
      <LastName>Anandakrishnan</LastName>
      <EmailAddress>sak@essc.psu.edu</EmailAddress>
      <StartDate>12/21/1998</StartDate>
      <EndDate/>
      <RoleCode>Principal Investigator</RoleCode>
    </Investigator>
    <Institution>
      <Name>University of Alabama Tuscaloosa</Name>
      <CityName>Tuscaloosa</CityName>
      <ZipCode>354870005</ZipCode>
      <PhoneNumber>2053485152</PhoneNumber>
      <StreetAddress>801 University Blvd.</StreetAddress>
      <CountryName>United States</CountryName>
      <StateName>Alabama</StateName>
      <StateCode>AL</StateCode>
    </Institution>
    <FoaInformation>
      <Code>0311000</Code>
      <Name>Polar Programs-Related</Name>
    </FoaInformation>
    <ProgramElement>
      <Code>5116</Code>
      <Text>ANTARCTIC GLACIOLOGY</Text>
    </ProgramElement>
    <ProgramReference>
      <Code>0000</Code>
      <Text>UNASSIGNED</Text>
    </ProgramReference>
    <ProgramReference>
      <Code>OTHR</Code>
      <Text>OTHER RESEARCH OR EDUCATION</Text>
    </ProgramReference>
  </Award>
</rootTag>
