<?xml version="1.0" encoding="UTF-8"?>

<rootTag>
  <Award>
    <AwardTitle>Transatlantic Conference on Social Change and Sustainable Transport</AwardTitle>
    <AwardEffectiveDate>12/15/1998</AwardEffectiveDate>
    <AwardExpirationDate>01/31/2001</AwardExpirationDate>
    <AwardAmount>50441</AwardAmount>
    <AwardInstrument>
      <Value>Standard Grant</Value>
    </AwardInstrument>
    <Organization>
      <Code>04040400</Code>
      <Directorate>
        <LongName>Direct For Social, Behav &amp; Economic Scie</LongName>
      </Directorate>
      <Division>
        <LongName>Division Of Behavioral and Cognitive Sci</LongName>
      </Division>
    </Organization>
    <ProgramOfficer>
      <SignBlockName>Ngoc Linh Lam</SignBlockName>
    </ProgramOfficer>
    <AbstractNarration>The proposed conference on 'Social Change and Sustainable Transport (SCAST)' brings together European and North American scholars from social science and transportation engineering traditions to share current research and to identify avenues of investigation that will benefit from transatlantic collaboration. Specifically, the focus will be on differences and similarities in the social structures of both continents and how these might provide a rational foundation for future research on sustainable transport systems. The effort was spawned from the recognition that future generations will not enjoy current levels of mobility in the absence of some very drastic changes in the manner by which the transport needs of society are met. &lt;br/&gt;&lt;br/&gt;The goals of the conference are to exchange cutting-edge research ideas and methods, to stimulate international collaborations and strengthen existing linkages on this theme, and to enhance the level of involvement of junior scholars from diverse academic backgrounds. The funding request is to defray the expenses of North American participants only-European participation is being funded by the European Science Foundation.</AbstractNarration>
    <MinAmdLetterDate>12/07/1998</MinAmdLetterDate>
    <MaxAmdLetterDate>12/07/1998</MaxAmdLetterDate>
    <ARRAAmount/>
    <AwardID>9901272</AwardID>
    <Investigator>
      <FirstName>William</FirstName>
      <LastName>Black</LastName>
      <EmailAddress>Black@indiana.edu</EmailAddress>
      <StartDate>12/07/1998</StartDate>
      <EndDate/>
      <RoleCode>Principal Investigator</RoleCode>
    </Investigator>
    <Institution>
      <Name>Indiana University</Name>
      <CityName>Bloomington</CityName>
      <ZipCode>474013654</ZipCode>
      <PhoneNumber>8128550516</PhoneNumber>
      <StreetAddress>509 E 3RD ST</StreetAddress>
      <CountryName>United States</CountryName>
      <StateName>Indiana</StateName>
      <StateCode>IN</StateCode>
    </Institution>
    <FoaInformation>
      <Code>0313000</Code>
      <Name>Regional &amp; Environmental</Name>
    </FoaInformation>
    <ProgramElement>
      <Code>1352</Code>
      <Text>GEOGRAPHY AND SPATIAL SCIENCES</Text>
    </ProgramElement>
    <ProgramReference>
      <Code>0000</Code>
      <Text>UNASSIGNED</Text>
    </ProgramReference>
    <ProgramReference>
      <Code>OTHR</Code>
      <Text>OTHER RESEARCH OR EDUCATION</Text>
    </ProgramReference>
  </Award>
</rootTag>
