<?xml version="1.0" encoding="UTF-8"?>

<rootTag>
  <Award>
    <AwardTitle>Analysis and Digital Techniques for Battery-Powered Digital CMOS Circuits</AwardTitle>
    <AwardEffectiveDate>09/01/1999</AwardEffectiveDate>
    <AwardExpirationDate>08/31/2003</AwardExpirationDate>
    <AwardAmount>247128</AwardAmount>
    <AwardInstrument>
      <Value>Continuing grant</Value>
    </AwardInstrument>
    <Organization>
      <Code>05010600</Code>
      <Directorate>
        <LongName>Direct For Computer &amp; Info Scie &amp; Enginr</LongName>
      </Directorate>
      <Division>
        <LongName>Division of Computing and Communication Foundations</LongName>
      </Division>
    </Organization>
    <ProgramOfficer>
      <SignBlockName>Sankar Basu</SignBlockName>
    </ProgramOfficer>
    <AbstractNarration>The research project is on power modeling, analysis and minimization for battery-powered digital CMOS circuits. An integrated battery-hardware model of the battery-operated circuits is being developed. It accounts for architectural and gate-level features of the circuit, statistical properties of the instructions and data that are applied to the circuit, and electro-chemical and output characteristics of the battery cell that powers the circuit. Using this unified model, the project is addressing the problem of finding appropriate metrics and effective design practices to maximize the battery service life under a performance constraint. Algorithms and techniques are being developed for: (1) static and dynamic voltage scaling, selection of battery cells to match a given circuit, (2) RT-level design of low power VLSI circuits to match a given battery cell, (3) use of multiple battery cell types within a battery pack to maximize the battery service life for given form factor and weight, and (4) dynamic power management. Powerful mathematical models and algorithms for power estimation and management in complex battery-powered digital CMOS designs are being explored.</AbstractNarration>
    <MinAmdLetterDate>08/26/1999</MinAmdLetterDate>
    <MaxAmdLetterDate>07/19/2001</MaxAmdLetterDate>
    <ARRAAmount/>
    <AwardID>9901193</AwardID>
    <Investigator>
      <FirstName>Massoud</FirstName>
      <LastName>Pedram</LastName>
      <EmailAddress>pedram@usc.edu</EmailAddress>
      <StartDate>08/26/1999</StartDate>
      <EndDate/>
      <RoleCode>Principal Investigator</RoleCode>
    </Investigator>
    <Institution>
      <Name>University of Southern California</Name>
      <CityName>Los Angeles</CityName>
      <ZipCode>900890001</ZipCode>
      <PhoneNumber>2137407762</PhoneNumber>
      <StreetAddress>University Park</StreetAddress>
      <CountryName>United States</CountryName>
      <StateName>California</StateName>
      <StateCode>CA</StateCode>
    </Institution>
  </Award>
</rootTag>
