<?xml version="1.0" encoding="UTF-8"?>

<rootTag>
  <Award>
    <AwardTitle>An Approach to The Automatic Generation of Software Functional Architectures</AwardTitle>
    <AwardEffectiveDate>09/15/1999</AwardEffectiveDate>
    <AwardExpirationDate>08/31/2000</AwardExpirationDate>
    <AwardAmount>64935</AwardAmount>
    <AwardInstrument>
      <Value>Standard Grant</Value>
    </AwardInstrument>
    <Organization>
      <Code>05010500</Code>
      <Directorate>
        <LongName>Direct For Computer &amp; Info Scie &amp; Enginr</LongName>
      </Directorate>
      <Division>
        <LongName>Division of Computing and Communication Foundations</LongName>
      </Division>
    </Organization>
    <ProgramOfficer>
      <SignBlockName>Frank D. Anger</SignBlockName>
    </ProgramOfficer>
    <AbstractNarration>9901031 Smidts Carol, S University of Maryland, College Park&lt;br/&gt;An Approach to the Automatic Generation of Software Functional&lt;br/&gt;Architectures&lt;br/&gt;&lt;br/&gt;System models for the reliability assessment of software are an important component of the current reliability research. One of these models, proposed by the PI, uses as its basic modeling component, a functional architecture derived from the software specifications. The derivation of the architecture from these specifications is currently performed manually by a knowledgeable analyst. The aim of this proposal is to investigate the feasibility of an approach to the automatic derivation of the software functional architecture. The approach proposed combines Natural Language Processing (NLP) techniques and constrained grammars. The benefit of this research will be to automatically create the functional architecture used in software engineering. An additional benefit is that the architecture can be used as input to tools for model-based automated black box testing and hence the automatic translation should help relieve some of the burden and potential for error encountered in functional testing. This research will impact the fields of software engineering, software reliability, safety and security, and software testing. It will also support the education of graduate students and increase the visibility of woman-led research.</AbstractNarration>
    <MinAmdLetterDate>09/13/1999</MinAmdLetterDate>
    <MaxAmdLetterDate>09/13/1999</MaxAmdLetterDate>
    <ARRAAmount/>
    <AwardID>9901031</AwardID>
    <Investigator>
      <FirstName>Carol</FirstName>
      <LastName>Smidts</LastName>
      <EmailAddress>csmidts@eng.umd.edu</EmailAddress>
      <StartDate>09/13/1999</StartDate>
      <EndDate/>
      <RoleCode>Principal Investigator</RoleCode>
    </Investigator>
    <Institution>
      <Name>University of Maryland College Park</Name>
      <CityName>COLLEGE PARK</CityName>
      <ZipCode>207425141</ZipCode>
      <PhoneNumber>3014056269</PhoneNumber>
      <StreetAddress>3112 LEE BLDG 7809 Regents Drive</StreetAddress>
      <CountryName>United States</CountryName>
      <StateName>Maryland</StateName>
      <StateCode>MD</StateCode>
    </Institution>
    <FoaInformation>
      <Code>0000099</Code>
      <Name>Other Applications NEC</Name>
    </FoaInformation>
  </Award>
</rootTag>
