<?xml version="1.0" encoding="UTF-8"?>

<rootTag>
  <Award>
    <AwardTitle>International Research Fellow Awards: Detailed Kinetic Measurements on Peptides Relevant to Protein Folding</AwardTitle>
    <AwardEffectiveDate>08/01/1999</AwardEffectiveDate>
    <AwardExpirationDate>07/31/2000</AwardExpirationDate>
    <AwardAmount>38734</AwardAmount>
    <AwardInstrument>
      <Value>Fellowship</Value>
    </AwardInstrument>
    <Organization>
      <Code>01090000</Code>
      <Directorate>
        <LongName>Office Of The Director</LongName>
      </Directorate>
      <Division>
        <LongName>Office Of Internatl Science &amp;Engineering</LongName>
      </Division>
    </Organization>
    <ProgramOfficer>
      <SignBlockName>Susan Parris</SignBlockName>
    </ProgramOfficer>
    <AbstractNarration>9901459&lt;br/&gt;Hudgins&lt;br/&gt;The International Research Fellow Awards Program enables U.S. scientists and engineers to conduct three to twenty-four months of research abroad. The program's awards provide opportunities for joint research, and the use of unique or complementary facilities, expertise and experimental conditions abroad.&lt;br/&gt;This award will support a twelve-month postdoctoral research visit by Dr. Robert R. Hudgins to work with Professor Thomas Kiefhaber at the Biocenter of the University of Basel in Switzerland.&lt;br/&gt;Dr. Hudgins will study the problem of protein folding. Specifically, he will look at the kinetics of simple model systems that represent the earliest stages of folding. He will use triplet-triplet energy transfer and fluorescence correlation spectroscopy to characterize the dynamics of polypeptide chains with different degrees of structural organization. These will be benchmark studies from which the slower kinetics of true proteins can be fully understood.&lt;br/&gt;Dr. Kiefhaber's lab has established a model system to study the dynamics of the earliest steps in protein folding using designed model peptides. This is a perfect location for Dr. Hudgins as well, because the Biocenter is internationally recognized for its many biologically related research programs, and the city of Basel is an international center of biopharmaceutical companies. He will be able to network with numerous researchers in addition to those in Dr. Kiefhaber's lab.&lt;br/&gt;***</AbstractNarration>
    <MinAmdLetterDate>03/29/1999</MinAmdLetterDate>
    <MaxAmdLetterDate>03/29/1999</MaxAmdLetterDate>
    <ARRAAmount/>
    <AwardID>9901459</AwardID>
    <Investigator>
      <FirstName>Robert</FirstName>
      <LastName>Hudgins</LastName>
      <EmailAddress>rrh886@lulu.acns.nwu.edu</EmailAddress>
      <StartDate>03/29/1999</StartDate>
      <EndDate/>
      <RoleCode>Principal Investigator</RoleCode>
    </Investigator>
    <Institution>
      <Name>Fellowships</Name>
      <CityName>Arlington</CityName>
      <ZipCode>22230</ZipCode>
      <PhoneNumber/>
      <StreetAddress/>
      <CountryName>United States</CountryName>
      <StateName>Virginia</StateName>
      <StateCode>VA</StateCode>
    </Institution>
    <FoaInformation>
      <Code>0510103</Code>
      <Name>Physical Chemical Studies</Name>
    </FoaInformation>
    <FoaInformation>
      <Code>0512004</Code>
      <Name>Analytical Procedures</Name>
    </FoaInformation>
  </Award>
</rootTag>
