<?xml version="1.0" encoding="UTF-8"?>

<rootTag>
  <Award>
    <AwardTitle>Experiments, Modeling, and Automatic Planning for Fixturing and Gripping</AwardTitle>
    <AwardEffectiveDate>09/15/1999</AwardEffectiveDate>
    <AwardExpirationDate>08/31/2003</AwardExpirationDate>
    <AwardAmount>267296</AwardAmount>
    <AwardInstrument>
      <Value>Continuing grant</Value>
    </AwardInstrument>
    <Organization>
      <Code>05020000</Code>
      <Directorate>
        <LongName>Direct For Computer &amp; Info Scie &amp; Enginr</LongName>
      </Directorate>
      <Division>
        <LongName>Div Of Information &amp; Intelligent Systems</LongName>
      </Division>
    </Organization>
    <ProgramOfficer>
      <SignBlockName>Junku Yuh</SignBlockName>
    </ProgramOfficer>
    <AbstractNarration>Abstract&lt;br/&gt;&lt;br/&gt;IIS-9901056&lt;br/&gt;Burdick, Joel&lt;br/&gt;California Institute of Technology&lt;br/&gt;$92,265 - 12 mos.&lt;br/&gt;&lt;br/&gt;Experiments, Modeling, and Automatic Planning for Fixturing and Gripping&lt;br/&gt;&lt;br/&gt;This is the first year funding of a three-year continuing award. The research is to investigate analytically and experimentally into problems of workpiece fixturing and related problems of object gripping. Prior efforts in automated fixture planning have largely been based on rigid-body models or ad-hoc models of compliant contact. These models are too inaccurate for manufacturing operations that involve large forces and precision deflection tolerances. The first goal of this research is to extend work on compliant contact modelling to include other important contact phenomena, such as the effect of friction in nonlinearly compliant contacts, and global deformations in workpieces with slender internal structures. Further, the PI plans to integrate the&lt;br/&gt;relevant contact phenomena into a single effectively computable model. A second major goal is to construct a comprehensive experimental system that will be the first to measure the complete range of physical phenomena underlying the fixturing problem. These experiments should not only validate and refine the models, but also help convince the community of fixturing researchers and practitioners that nonlinear compliance models are to be preferred over currently used ad-hoc models. A third goal is to develop automated fixturing and gripping synthesis procedures that are based on the extended models. These algorithms will be able to automatically generate fixture arrangements that guarantee meaningful performance criteria, such as deflection tolerance, in the presence of externally applied loads. The PI also wishes to include design parameters, such as surface curvature and the minimal number of fixtures needed to guarantee task&lt;br/&gt;performance criteria, that have not previously been addressed in the fixture synthesis literature. In the long term, the PI's team plan to use these results to study active control of the fixture loading process so as to inherently ensure accurate part localization. Since fixturing is closely related to gripping, these results should have a longer-term impact on the deployment of more sophisticated gripping devices.</AbstractNarration>
    <MinAmdLetterDate>09/02/1999</MinAmdLetterDate>
    <MaxAmdLetterDate>08/21/2001</MaxAmdLetterDate>
    <ARRAAmount/>
    <AwardID>9901056</AwardID>
    <Investigator>
      <FirstName>Joel</FirstName>
      <LastName>Burdick</LastName>
      <EmailAddress>jwb@robotics.caltech.edu</EmailAddress>
      <StartDate>09/02/1999</StartDate>
      <EndDate/>
      <RoleCode>Principal Investigator</RoleCode>
    </Investigator>
    <Institution>
      <Name>California Institute of Technology</Name>
      <CityName>PASADENA</CityName>
      <ZipCode>911250600</ZipCode>
      <PhoneNumber>6263956219</PhoneNumber>
      <StreetAddress>1200 E California Blvd</StreetAddress>
      <CountryName>United States</CountryName>
      <StateName>California</StateName>
      <StateCode>CA</StateCode>
    </Institution>
    <FoaInformation>
      <Code>0104000</Code>
      <Name>Information Systems</Name>
    </FoaInformation>
  </Award>
</rootTag>
