<?xml version="1.0" encoding="UTF-8"?>

<rootTag>
  <Award>
    <AwardTitle>International Research Fellow Awards: Data Collection for a Study of the History of Greenland and the Greenlandic Language</AwardTitle>
    <AwardEffectiveDate>09/01/1999</AwardEffectiveDate>
    <AwardExpirationDate>11/30/2000</AwardExpirationDate>
    <AwardAmount>47100</AwardAmount>
    <AwardInstrument>
      <Value>Fellowship</Value>
    </AwardInstrument>
    <Organization>
      <Code>01090000</Code>
      <Directorate>
        <LongName>Office Of The Director</LongName>
      </Directorate>
      <Division>
        <LongName>Office Of Internatl Science &amp;Engineering</LongName>
      </Division>
    </Organization>
    <ProgramOfficer>
      <SignBlockName>Susan Parris</SignBlockName>
    </ProgramOfficer>
    <AbstractNarration>9901437&lt;br/&gt;Berge&lt;br/&gt;The International Research Fellow Awards Program enables U.S. scientists and engineers to conduct three to twenty-four months of research abroad. The program's awards provide opportunities for joint research, and the use of unique or complementary facilities, expertise and experimental conditions abroad.&lt;br/&gt;This award will provide Dr. Anna Berge with support for twelve months to work with Dr. Michael Fortescue at the University of Copenhagen, in the Department of Eskimology in Denmark.&lt;br/&gt;Dr. Berge is studying the history of Greenlandic, a dialect of the Inuit (Eskimo) language. The vast majority of work on Greenlandic has been produced in Denmark. The Institute of Eskimology is one of the foremost centers of the study of Greenland and Greenlandic. The history of West Greenlandic Eskimo has not been studied to any great extent. This knowledge would make a valuable contribution to historical linguistics. In Denmark, she will have access to library and archival materials, as well as to experts in the field of Eskimology. There are written records of Greenlandic that go back to the 17th century. The results of her research will provide insight into the development of Greenlandic in historic times, which will lead to a better understanding of topicality and text structure, which is an understudied aspect of linguistics. &lt;br/&gt;Dr. Fortescue, the Chair of the Institute, is an expert in the study of Greenlandic. He has produced a comparative Eskimo dictionary with historical reconstruction of Proto-Eskimo words.&lt;br/&gt;***</AbstractNarration>
    <MinAmdLetterDate>05/19/1999</MinAmdLetterDate>
    <MaxAmdLetterDate>05/19/1999</MaxAmdLetterDate>
    <ARRAAmount/>
    <AwardID>9901437</AwardID>
    <Investigator>
      <FirstName>Anna</FirstName>
      <LastName>Berge</LastName>
      <EmailAddress>amberge@alaska.edu</EmailAddress>
      <StartDate>05/19/1999</StartDate>
      <EndDate/>
      <RoleCode>Principal Investigator</RoleCode>
    </Investigator>
    <Institution>
      <Name>Fellowships</Name>
      <CityName>Arlington</CityName>
      <ZipCode>22230</ZipCode>
      <PhoneNumber/>
      <StreetAddress/>
      <CountryName>United States</CountryName>
      <StateName>Virginia</StateName>
      <StateCode>VA</StateCode>
    </Institution>
    <FoaInformation>
      <Code>0000099</Code>
      <Name>Other Applications NEC</Name>
    </FoaInformation>
  </Award>
</rootTag>
