<?xml version="1.0" encoding="UTF-8"?>

<rootTag>
  <Award>
    <AwardTitle>Ultra High Speed Digital Circuit Synthesis and Layout</AwardTitle>
    <AwardEffectiveDate>09/01/1999</AwardEffectiveDate>
    <AwardExpirationDate>08/31/2003</AwardExpirationDate>
    <AwardAmount>252668</AwardAmount>
    <AwardInstrument>
      <Value>Standard Grant</Value>
    </AwardInstrument>
    <Organization>
      <Code>05010600</Code>
      <Directorate>
        <LongName>Direct For Computer &amp; Info Scie &amp; Enginr</LongName>
      </Directorate>
      <Division>
        <LongName>Division of Computing and Communication Foundations</LongName>
      </Division>
    </Organization>
    <ProgramOfficer>
      <SignBlockName>Sankar Basu</SignBlockName>
    </ProgramOfficer>
    <AbstractNarration>The synthesis and layout of control (random) logic blocks for future 1 GHz&lt;br/&gt;and beyond clock frequencies will be a major bottleneck in future digital&lt;br/&gt;system design. The research that is proposed here exactly addresses this&lt;br/&gt;problem by seeking to determine how to synthesize and layout the absolute&lt;br/&gt;fastest possible transistor-based implementations of control logic&lt;br/&gt;networks. It focuses on enabling each step in the design automation flow to&lt;br/&gt;find circuit implementations of maximum possible speed. In particular, what&lt;br/&gt;is being examined carefully is the choice of logic family, the degree and&lt;br/&gt;type of logic minimization, new technology mapping algorithms, and new&lt;br/&gt;layout strategies that make control logic network layouts look similar to&lt;br/&gt;datapath layouts. The primary outcome of this research will be a complete&lt;br/&gt;design automation flow consisting of a suite of optimized and efficient&lt;br/&gt;computer-aided design tools, and an optimized Clock-Delayed domino logic&lt;br/&gt;family that together will synthesize and layout extremely reliable,&lt;br/&gt;mainstream control logic block implementations that are two to three times&lt;br/&gt;faster than what is possible with static CMOS.</AbstractNarration>
    <MinAmdLetterDate>08/20/1999</MinAmdLetterDate>
    <MaxAmdLetterDate>08/20/1999</MaxAmdLetterDate>
    <ARRAAmount/>
    <AwardID>9901166</AwardID>
    <Investigator>
      <FirstName>Carl</FirstName>
      <LastName>Sechen</LastName>
      <EmailAddress>sechen@ee.washington.edu</EmailAddress>
      <StartDate>08/20/1999</StartDate>
      <EndDate/>
      <RoleCode>Principal Investigator</RoleCode>
    </Investigator>
    <Institution>
      <Name>University of Washington</Name>
      <CityName>Seattle</CityName>
      <ZipCode>981950001</ZipCode>
      <PhoneNumber>2065434043</PhoneNumber>
      <StreetAddress>4333 Brooklyn Ave NE</StreetAddress>
      <CountryName>United States</CountryName>
      <StateName>Washington</StateName>
      <StateCode>WA</StateCode>
    </Institution>
    <ProgramElement>
      <Code>4710</Code>
      <Text>DES AUTO FOR MICRO &amp; NANO SYS</Text>
    </ProgramElement>
    <ProgramReference>
      <Code>9215</Code>
      <Text>HIGH PERFORMANCE COMPUTING SYSTEMS</Text>
    </ProgramReference>
    <ProgramReference>
      <Code>HPCC</Code>
      <Text>HIGH PERFORMANCE COMPUTING &amp; COMM</Text>
    </ProgramReference>
  </Award>
</rootTag>
