<?xml version="1.0" encoding="UTF-8"?>

<rootTag>
  <Award>
    <AwardTitle>New Ideas in Particle Physics and Cosmology; Philadelphia, Pennsylvania; May 19-22, 1999</AwardTitle>
    <AwardEffectiveDate>05/01/1999</AwardEffectiveDate>
    <AwardExpirationDate>04/30/2000</AwardExpirationDate>
    <AwardAmount>5000</AwardAmount>
    <AwardInstrument>
      <Value>Standard Grant</Value>
    </AwardInstrument>
    <Organization>
      <Code>03010500</Code>
      <Directorate>
        <LongName>Direct For Mathematical &amp; Physical Scien</LongName>
      </Directorate>
      <Division>
        <LongName>Division Of Physics</LongName>
      </Division>
    </Organization>
    <ProgramOfficer>
      <SignBlockName>Boris J. Kayser</SignBlockName>
    </ProgramOfficer>
    <AbstractNarration>The conference "New Ideas in Particle Physics and Cosmology" will be held May 19-22, 1999 at the University of Pennsylvania. The conference will focus on very promising developments in superstring theory, which seeks to explain all of the basis forces of nature. The conference will bring together outstanding leaders in this field for an exchange of ideas which is very important to further progress.</AbstractNarration>
    <MinAmdLetterDate>04/06/1999</MinAmdLetterDate>
    <MaxAmdLetterDate>04/06/1999</MaxAmdLetterDate>
    <ARRAAmount/>
    <AwardID>9901220</AwardID>
    <Investigator>
      <FirstName>Burt</FirstName>
      <LastName>Ovrut</LastName>
      <EmailAddress>ovrut@elcapitan.hep.upenn.edu</EmailAddress>
      <StartDate>04/06/1999</StartDate>
      <EndDate/>
      <RoleCode>Principal Investigator</RoleCode>
    </Investigator>
    <Institution>
      <Name>University of Pennsylvania</Name>
      <CityName>Philadelphia</CityName>
      <ZipCode>191046205</ZipCode>
      <PhoneNumber>2158987293</PhoneNumber>
      <StreetAddress>Research Services</StreetAddress>
      <CountryName>United States</CountryName>
      <StateName>Pennsylvania</StateName>
      <StateCode>PA</StateCode>
    </Institution>
  </Award>
</rootTag>
