<?xml version="1.0" encoding="UTF-8"?>

<rootTag>
  <Award>
    <AwardTitle>Foraminiferal Trace-Element Paleothermometry During Transient Paleogene Climates: A Test of Stable Isotope-Based Paleoceanographic Reconstructions of the Late Paleocene Thermal Max</AwardTitle>
    <AwardEffectiveDate>11/01/1999</AwardEffectiveDate>
    <AwardExpirationDate>10/31/2003</AwardExpirationDate>
    <AwardAmount>72000</AwardAmount>
    <AwardInstrument>
      <Value>Standard Grant</Value>
    </AwardInstrument>
    <Organization>
      <Code>06030203</Code>
      <Directorate>
        <LongName>Directorate For Geosciences</LongName>
      </Directorate>
      <Division>
        <LongName>Division Of Earth Sciences</LongName>
      </Division>
    </Organization>
    <ProgramOfficer>
      <SignBlockName>Michael A. Mayhew</SignBlockName>
    </ProgramOfficer>
    <AbstractNarration>9901447&lt;br/&gt;Schellenberg&lt;br/&gt;&lt;br/&gt;Multiple controls upon forminiferal oxygen isotope values limit our understanding of transient (~105 yr) climate extremes during the Late Paleocene Thermal Maximum and Eocene-Oligocene "Greenhouse-Icehouse" transition. The study will couple Mg:Ca ratios of foramifera, demonstrated to be highly temperature-dependent, with existing foraminiferal oxygen isotope records of these events. As seawater Mg:Ca over such time-scales is effectively constant, this comparative approach will provide a means to (1) partition temperature and seawater oxygen isotope (i.e., salinity) dynamics during the LPTM and (2) partition temperature and seawater oxygen isotope (i.e., ice-volume) dynamics during the Eocene-Oligocene transition. Such data is critical for testing existing paleoclimate hypotheses, understanding the mechanism of rapid climate change, and integrating environmental and biological components of Earth history.</AbstractNarration>
    <MinAmdLetterDate>09/01/1999</MinAmdLetterDate>
    <MaxAmdLetterDate>09/01/1999</MaxAmdLetterDate>
    <ARRAAmount/>
    <AwardID>9901447</AwardID>
    <Investigator>
      <FirstName>Stephen</FirstName>
      <LastName>Schellenberg</LastName>
      <EmailAddress>saschellenberg@mail.sdsu.edu</EmailAddress>
      <StartDate>09/01/1999</StartDate>
      <EndDate/>
      <RoleCode>Principal Investigator</RoleCode>
    </Investigator>
    <Institution>
      <Name>Fellowships</Name>
      <CityName>Arlington</CityName>
      <ZipCode>22230</ZipCode>
      <PhoneNumber/>
      <StreetAddress/>
      <CountryName>United States</CountryName>
      <StateName>Virginia</StateName>
      <StateCode>VA</StateCode>
    </Institution>
    <FoaInformation>
      <Code>0000099</Code>
      <Name>Other Applications NEC</Name>
    </FoaInformation>
    <ProgramElement>
      <Code>1575</Code>
      <Text>EDUCATION AND HUMAN RESOURCES</Text>
    </ProgramElement>
    <ProgramReference>
      <Code>7137</Code>
      <Text>POSTDOCTORAL FELLOWSHIPS</Text>
    </ProgramReference>
    <ProgramReference>
      <Code>9179</Code>
      <Text>GRADUATE INVOLVEMENT</Text>
    </ProgramReference>
    <ProgramReference>
      <Code>SMET</Code>
      <Text>SCIENCE, MATH, ENG &amp; TECH EDUCATION</Text>
    </ProgramReference>
  </Award>
</rootTag>
