<?xml version="1.0" encoding="UTF-8"?>

<rootTag>
  <Award>
    <AwardTitle>Anharmonicities and Nonlinearities in Liquids</AwardTitle>
    <AwardEffectiveDate>07/01/1999</AwardEffectiveDate>
    <AwardExpirationDate>06/30/2002</AwardExpirationDate>
    <AwardAmount>435000</AwardAmount>
    <AwardInstrument>
      <Value>Continuing grant</Value>
    </AwardInstrument>
    <Organization>
      <Code>03090004</Code>
      <Directorate>
        <LongName>Direct For Mathematical &amp; Physical Scien</LongName>
      </Directorate>
      <Division>
        <LongName>Division Of Chemistry</LongName>
      </Division>
    </Organization>
    <ProgramOfficer>
      <SignBlockName>Celeste M. Rohlfing</SignBlockName>
    </ProgramOfficer>
    <AbstractNarration>Richard Stratt of Brown University is supported by a grant from the Theoretical and Computational Chemistry Program to extend his applications of the Instantaneous Normal Mode (INM) theory by the introduction of anharmonicities and nonlinearities in liquids. Stratt hopes to transcend the limitations of his previous linear, harmonic picture for liquid dynamics while still retaining enough of the language of modes to permit an understanding of the molecular mechanisms. In doing so Stratt seeks to broaden the short-time INM approach and bring it closer to resolution with the long-time hydrodynamic ideas. Stratt will also seek to examine the molecular origins of two-dimensional Raman spectroscopy which owes its existence to nonlinearity and the intrinsic anharmonicity that exists in liquid motions.&lt;br/&gt;&lt;br/&gt;The question of the influence of solvents on the dynamics and outcome of chemical reactions is of central importance to chemistry, given that most chemical reactions in nature and in chemical industry occur in the presence of solvents. Stratt's research will help to gain a better understanding, on the molecular level, of the factors that determine the way the properties of a solute are influenced by the presence of surrounding solvent.</AbstractNarration>
    <MinAmdLetterDate>07/26/1999</MinAmdLetterDate>
    <MaxAmdLetterDate>05/11/2001</MaxAmdLetterDate>
    <ARRAAmount/>
    <AwardID>9901095</AwardID>
    <Investigator>
      <FirstName>Richard</FirstName>
      <LastName>Stratt</LastName>
      <EmailAddress>Richard_Stratt@Brown.edu</EmailAddress>
      <StartDate>07/26/1999</StartDate>
      <EndDate/>
      <RoleCode>Principal Investigator</RoleCode>
    </Investigator>
    <Institution>
      <Name>Brown University</Name>
      <CityName>Providence</CityName>
      <ZipCode>029129002</ZipCode>
      <PhoneNumber>4018632777</PhoneNumber>
      <StreetAddress>BOX 1929</StreetAddress>
      <CountryName>United States</CountryName>
      <StateName>Rhode Island</StateName>
      <StateCode>RI</StateCode>
    </Institution>
    <FoaInformation>
      <Code>0000099</Code>
      <Name>Other Applications NEC</Name>
    </FoaInformation>
    <ProgramElement>
      <Code>1956</Code>
      <Text>STATISTICAL AND SIMULATIONS</Text>
    </ProgramElement>
    <ProgramReference>
      <Code>0000</Code>
      <Text>UNASSIGNED</Text>
    </ProgramReference>
    <ProgramReference>
      <Code>OTHR</Code>
      <Text>OTHER RESEARCH OR EDUCATION</Text>
    </ProgramReference>
  </Award>
</rootTag>
