<?xml version="1.0" encoding="UTF-8"?>

<rootTag>
  <Award>
    <AwardTitle>Laser Surface Thermal Lensing (STL) as a Tool for Probing the Dynamic-Mechanical Properties of Polymer Thin Films: Applications in Detecting Solid-State Phase Transitions, etc.</AwardTitle>
    <AwardEffectiveDate>07/01/1999</AwardEffectiveDate>
    <AwardExpirationDate>06/30/2004</AwardExpirationDate>
    <AwardAmount>258000</AwardAmount>
    <AwardInstrument>
      <Value>Continuing grant</Value>
    </AwardInstrument>
    <Organization>
      <Code>03070007</Code>
      <Directorate>
        <LongName>Direct For Mathematical &amp; Physical Scien</LongName>
      </Directorate>
      <Division>
        <LongName>Division Of Materials Research</LongName>
      </Division>
    </Organization>
    <ProgramOfficer>
      <SignBlockName>Andrew J. Lovinger</SignBlockName>
    </ProgramOfficer>
    <AbstractNarration>9901306&lt;br/&gt;Snyder&lt;br/&gt;&lt;br/&gt;Absorption of energy from a pulse-modulated laser beam impringing on a transparent material leads to cyclic thermal expansion and contraction of the surface exposed to the beam. This distortion of the surface forms a transient optical lens structure which can be probed by monitoring changes in a second, continuous laser beam reflected at an angle off the lens curvature. Major improvements in detection and quantitation of the reflected probe-beam developed at the EMU Experimental Laser Physics Laboratory have resulted in a highly sensitive technique, termed laser Surface Thermal Lensing (STL), for study of the thermomechanical response of surface materials. Micron-thick films or organic polymers applied over the surface of optical materials have been found to give much stronger STL signals than the glass background. Since the magnitude and phase of the STL signals should be a function of both the absorbtivity and the dynamic/mechanical properties of the polymer, it is reasonable to theorize that any changes in external conditions which affect these properties should result in detectable changes in the STL signal. This research project will study the relationship between laser STL characteristics of a polymer, its structure, mechanical properties and relevant external conditions. Methodology will involve initial study of instrument parameters such as optical bench configuration, pump-beam frequency, power and wavelength in order to optimize the STL response of suitable test polymers. The STL signal behavior will then be studied as a function of temperature for different polymers to determine the feasibility of using this technique to investigate glass-transition and other solid-state phase transitions. The effect of small organic molecules adsorbed from the gas phase into the surface layer of the polymer on the STL response of the polymer film will also be investigated to determine it plasticization effects can be quantified by changes in the STL signal.&lt;br/&gt;&lt;br/&gt;The laser STL technique has numerous potential applications in polymer structural analysis and related fields since it allows studies of dynamic/mechanical properties for polymers as processed thin films. The ability to measure glass-transition temperatures over minute areas of the polymer surface would be useful in studying structural defects due to phase-separation in commercial coating systems based on polymer blends. The sensors for airborne materials such a solvent vapors and organic pollutants. STL with tuneable infrared lasers could also allow the technique to be used as a sensitive detector for analytical spectroscopy of surface chemical composition.</AbstractNarration>
    <MinAmdLetterDate>03/09/1999</MinAmdLetterDate>
    <MaxAmdLetterDate>06/17/2003</MaxAmdLetterDate>
    <ARRAAmount/>
    <AwardID>9901306</AwardID>
    <Investigator>
      <FirstName>Donald</FirstName>
      <LastName>Snyder</LastName>
      <EmailAddress>dsnyder@emich.edu</EmailAddress>
      <StartDate>03/09/1999</StartDate>
      <EndDate/>
      <RoleCode>Principal Investigator</RoleCode>
    </Investigator>
    <Investigator>
      <FirstName>J. Marshall</FirstName>
      <LastName>Thomsen</LastName>
      <EmailAddress>phy_Thomsen@emuvax.edu</EmailAddress>
      <StartDate>03/09/1999</StartDate>
      <EndDate/>
      <RoleCode>Co-Principal Investigator</RoleCode>
    </Investigator>
    <Institution>
      <Name>Eastern Michigan University</Name>
      <CityName>YPSILANTI</CityName>
      <ZipCode>481972212</ZipCode>
      <PhoneNumber>7344873090</PhoneNumber>
      <StreetAddress>Office of Research Development</StreetAddress>
      <CountryName>United States</CountryName>
      <StateName>Michigan</StateName>
      <StateCode>MI</StateCode>
    </Institution>
    <FoaInformation>
      <Code>0106000</Code>
      <Name>Materials Research</Name>
    </FoaInformation>
    <ProgramElement>
      <Code>1773</Code>
      <Text>POLYMERS</Text>
    </ProgramElement>
    <ProgramReference>
      <Code>9141</Code>
      <Text>RES IN UNDERGRAD. INST - EQUIP</Text>
    </ProgramReference>
    <ProgramReference>
      <Code>9146</Code>
      <Text>MANUFACTURING BASE RESEARCH</Text>
    </ProgramReference>
    <ProgramReference>
      <Code>9161</Code>
      <Text>SINGLE DIVISION/UNIVERSITY</Text>
    </ProgramReference>
    <ProgramReference>
      <Code>9229</Code>
      <Text>RES IN UNDERGRAD INST-RESEARCH</Text>
    </ProgramReference>
    <ProgramReference>
      <Code>MANU</Code>
      <Text>MANUFACTURING</Text>
    </ProgramReference>
  </Award>
</rootTag>
