<?xml version="1.0" encoding="UTF-8"?>

<rootTag>
  <Award>
    <AwardTitle>U.S.-Vietnam Workshope on Integration of Hardware, Software and Human Engineering Applications</AwardTitle>
    <AwardEffectiveDate>01/15/1999</AwardEffectiveDate>
    <AwardExpirationDate>07/31/2000</AwardExpirationDate>
    <AwardAmount>29953</AwardAmount>
    <AwardInstrument>
      <Value>Standard Grant</Value>
    </AwardInstrument>
    <Organization>
      <Code>01090000</Code>
      <Directorate>
        <LongName>Office Of The Director</LongName>
      </Directorate>
      <Division>
        <LongName>Office Of Internatl Science &amp;Engineering</LongName>
      </Division>
    </Organization>
    <ProgramOfficer>
      <SignBlockName>Alice C. Hogan</SignBlockName>
    </ProgramOfficer>
    <AbstractNarration>PHAM &lt;br/&gt;9901107&lt;br/&gt;&lt;br/&gt;This award will bring together academic and industrial engineers from the United States and Vietnam, as well as from Japan, to present current research and discuss future directions on integration of hardware, software, and human performability in industrial computing systems and their applications. The workshop will take place in Vietnam. Seven American participants will interact with several hundred Vietnamese participants. It is expected that this will lead to future cooperative research activities.</AbstractNarration>
    <MinAmdLetterDate>01/06/1999</MinAmdLetterDate>
    <MaxAmdLetterDate>02/28/2000</MaxAmdLetterDate>
    <ARRAAmount/>
    <AwardID>9901107</AwardID>
    <Investigator>
      <FirstName>Hoang</FirstName>
      <LastName>Pham</LastName>
      <EmailAddress>hopham@rci.rutgers.edu</EmailAddress>
      <StartDate>01/06/1999</StartDate>
      <EndDate/>
      <RoleCode>Principal Investigator</RoleCode>
    </Investigator>
    <Institution>
      <Name>Rutgers University New Brunswick</Name>
      <CityName>Piscataway</CityName>
      <ZipCode>088543925</ZipCode>
      <PhoneNumber>8489320150</PhoneNumber>
      <StreetAddress>33 Knightsbridge Road</StreetAddress>
      <CountryName>United States</CountryName>
      <StateName>New Jersey</StateName>
      <StateCode>NJ</StateCode>
    </Institution>
    <FoaInformation>
      <Code>0000099</Code>
      <Name>Other Applications NEC</Name>
    </FoaInformation>
    <ProgramElement>
      <Code>5978</Code>
      <Text>EAST ASIA AND PACIFIC PROGRAM</Text>
    </ProgramElement>
    <ProgramReference>
      <Code>0000</Code>
      <Text>UNASSIGNED</Text>
    </ProgramReference>
    <ProgramReference>
      <Code>1061</Code>
      <Text>VIETNAM</Text>
    </ProgramReference>
    <ProgramReference>
      <Code>OTHR</Code>
      <Text>OTHER RESEARCH OR EDUCATION</Text>
    </ProgramReference>
  </Award>
</rootTag>
