<?xml version="1.0" encoding="UTF-8"?>

<rootTag>
  <Award>
    <AwardTitle>Typed Common Intermediate Format</AwardTitle>
    <AwardEffectiveDate>08/01/1999</AwardEffectiveDate>
    <AwardExpirationDate>07/31/2002</AwardExpirationDate>
    <AwardAmount>320000</AwardAmount>
    <AwardInstrument>
      <Value>Continuing grant</Value>
    </AwardInstrument>
    <Organization>
      <Code>05010500</Code>
      <Directorate>
        <LongName>Direct For Computer &amp; Info Scie &amp; Enginr</LongName>
      </Directorate>
      <Division>
        <LongName>Division of Computing and Communication Foundations</LongName>
      </Division>
    </Organization>
    <ProgramOfficer>
      <SignBlockName>Jon S. Rugaber</SignBlockName>
    </ProgramOfficer>
    <AbstractNarration>9901011 Zhang Shao&lt;br/&gt;The main objective of this research is to design and develop a typed common intermediate format (named FLINT) for multiple advanced programming languages. FLINT is based on an extended variant of the polymorphic lambda calculus Fomega. Although advanced languages can be very different in semantics, they all have a mathematically rigorous type system. FLINT provides a common compiler backend that can be quickly adapted to generate compilers for new languages. With its unified type system, FLINT serves as a great platform for reasoning about cross-language interoperations. Previous work on FLINT was done in the context of ML. This proposed research will extend FLINT to support other language features such as classes and objects in Java, type dynamic in Scheme, lazy evaluation and type classes in Haskell, and various system-programming primitives in C and Modula-3. The goal is to achieve safe, principled, and fine-grain language interoperation between different advanced languages and with C and assembly code.</AbstractNarration>
    <MinAmdLetterDate>07/29/1999</MinAmdLetterDate>
    <MaxAmdLetterDate>04/05/2001</MaxAmdLetterDate>
    <ARRAAmount/>
    <AwardID>9901011</AwardID>
    <Investigator>
      <FirstName>Zhong</FirstName>
      <LastName>Shao</LastName>
      <EmailAddress>shao@cs.yale.edu</EmailAddress>
      <StartDate>07/29/1999</StartDate>
      <EndDate/>
      <RoleCode>Principal Investigator</RoleCode>
    </Investigator>
    <Institution>
      <Name>Yale University</Name>
      <CityName>New Haven</CityName>
      <ZipCode>065208327</ZipCode>
      <PhoneNumber>2037854689</PhoneNumber>
      <StreetAddress>Office of Sponsored Projects</StreetAddress>
      <CountryName>United States</CountryName>
      <StateName>Connecticut</StateName>
      <StateCode>CT</StateCode>
    </Institution>
    <FoaInformation>
      <Code>0000099</Code>
      <Name>Other Applications NEC</Name>
    </FoaInformation>
  </Award>
</rootTag>
