<?xml version="1.0" encoding="UTF-8"?>

<rootTag>
  <Award>
    <AwardTitle>High Temperature Superconducting Materials: Study, Synthesis and Search</AwardTitle>
    <AwardEffectiveDate>07/01/1995</AwardEffectiveDate>
    <AwardExpirationDate>02/28/1999</AwardExpirationDate>
    <AwardAmount>285000</AwardAmount>
    <AwardInstrument>
      <Value>Continuing grant</Value>
    </AwardInstrument>
    <Organization>
      <Code>03070003</Code>
      <Directorate>
        <LongName>Direct For Mathematical &amp; Physical Scien</LongName>
      </Directorate>
      <Division>
        <LongName>Division Of Materials Research</LongName>
      </Division>
    </Organization>
    <ProgramOfficer>
      <SignBlockName>H. Hollis Wickman</SignBlockName>
    </ProgramOfficer>
    <AbstractNarration>9500625 CHU Professor C. W. Chu proposes to search for , synthesize, and study novel high temperature superconducting and related oxide and intermetallic compounds by fully exploiting the exceptional expertise and capabilities that have been acquired by his research group. The proposed research will enable Professor Chu and fellow scientists to address the critical issues of high temperature superconductivity, such as, the maximum transition temperature possible, the occurrence of high temperature superconductivity, the superconducting pairing symmetry, and the formation of high temperature superconducting compounds. The knowledge obtained by this research will shorten the path toward the eventual commercialization of high temperature superconductors. %%% Professor C. W. Chu proposes to continue to apply his expert ability to search for and study novel high temperature superconducting materials that are scientifically challenging and technologically promising. The research proposed will enable Professor Chu to learn how high temperature superconductivity occurs, why it happens, and how one makes it happen. By unraveling the mystery of high temperature superconductivity and understanding the formation of high temperature superconducting compounds through this investigation, one may be able to discover compounds with even higher transition temperatures and better engineering properties, thus expediting the commercialization of high temperature superconductivity. ***</AbstractNarration>
    <MinAmdLetterDate>06/27/1995</MinAmdLetterDate>
    <MaxAmdLetterDate>04/24/1997</MaxAmdLetterDate>
    <ARRAAmount/>
    <AwardID>9500625</AwardID>
    <Investigator>
      <FirstName>Paul C. W.</FirstName>
      <LastName>Chu</LastName>
      <EmailAddress>CWChu@uh.edu</EmailAddress>
      <StartDate>06/27/1995</StartDate>
      <EndDate/>
      <RoleCode>Principal Investigator</RoleCode>
    </Investigator>
    <Institution>
      <Name>University of Houston</Name>
      <CityName>Houston</CityName>
      <ZipCode>772042015</ZipCode>
      <PhoneNumber>7137435773</PhoneNumber>
      <StreetAddress>4800 Calhoun Boulevard</StreetAddress>
      <CountryName>United States</CountryName>
      <StateName>Texas</StateName>
      <StateCode>TX</StateCode>
    </Institution>
    <FoaInformation>
      <Code>0106000</Code>
      <Name>Materials Research</Name>
    </FoaInformation>
    <FoaInformation>
      <Code>14</Code>
      <Name>Condensed Matter Physics</Name>
    </FoaInformation>
  </Award>
</rootTag>
