<?xml version="1.0" encoding="UTF-8"?>

<rootTag>
  <Award>
    <AwardTitle>SBIR Phase II: Indetification of Anaerobic Bacteria and their Metalbolic Capabilities for Bioremediation</AwardTitle>
    <AwardEffectiveDate>10/01/1995</AwardEffectiveDate>
    <AwardExpirationDate>03/31/1998</AwardExpirationDate>
    <AwardAmount>300000</AwardAmount>
    <AwardInstrument>
      <Value>Standard Grant</Value>
    </AwardInstrument>
    <Organization>
      <Code>07070000</Code>
      <Directorate>
        <LongName>Directorate For Engineering</LongName>
      </Directorate>
      <Division>
        <LongName>Div Of Industrial Innovation &amp; Partnersh</LongName>
      </Division>
    </Organization>
    <ProgramOfficer>
      <SignBlockName>Bruce K. Hamilton</SignBlockName>
    </ProgramOfficer>
    <AbstractNarration>9500041 Bochner Anaerobic bacteria possess metabolic activities for biodegrading a range of polluting chemicals including aromatic, halogenated aromatic, and halogenated alkene compounds. Anaerobes make up a significant portion of terrestrial bacteria and should be considered as potential agents of bioremediation. However, knowledge of these organisms, their diversity, taxonomy, and metabolic capabilities, is still at a rudimentary level. The purpose of this project is to design an efficient, easy-to-use, instrumented test kit system that can be used both to study the catabolic capabilities of anaerobes and to identify different species of anaerobes based on these capabilities. To develop this kit, the catabolic potential of over 300 species of anaerobes will be surveyed and cataloged against at least 300 different organic compounds, including some important xenobiotic chemicals. From computer analysis of these data, a set of 95 carbon source utilization tests will be selected to be incorporated into a commercial microplate test kit. The survey will provide an overview of the range of catabolic activities of the anaerobes in question. If successful, the test kit system will be marketed commercially to microbiologists doing environmental, industrial, and medical testing and identification of anaerobes.</AbstractNarration>
    <MinAmdLetterDate>09/28/1995</MinAmdLetterDate>
    <MaxAmdLetterDate>01/14/1998</MaxAmdLetterDate>
    <ARRAAmount/>
    <AwardID>9500041</AwardID>
    <Investigator>
      <FirstName>Barry</FirstName>
      <LastName>Bochner</LastName>
      <EmailAddress/>
      <StartDate>09/28/1995</StartDate>
      <EndDate/>
      <RoleCode>Principal Investigator</RoleCode>
    </Investigator>
    <Institution>
      <Name>BIOLOG INC</Name>
      <CityName>HAYWARD</CityName>
      <ZipCode>945451130</ZipCode>
      <PhoneNumber>5107852564</PhoneNumber>
      <StreetAddress>21124 CABOT BLVD</StreetAddress>
      <CountryName>United States</CountryName>
      <StateName>California</StateName>
      <StateCode>CA</StateCode>
    </Institution>
    <FoaInformation>
      <Code>0203000</Code>
      <Name>Health</Name>
    </FoaInformation>
  </Award>
</rootTag>
