<?xml version="1.0" encoding="UTF-8"?>

<rootTag>
  <Award>
    <AwardTitle>Interagency Agreement for the 1994/95 Survey of Industrial Research and Development</AwardTitle>
    <AwardEffectiveDate>01/01/1995</AwardEffectiveDate>
    <AwardExpirationDate>06/30/1996</AwardExpirationDate>
    <AwardAmount>405000</AwardAmount>
    <AwardInstrument>
      <Value>Contract Interagency Agreement</Value>
    </AwardInstrument>
    <Organization>
      <Code>04030005</Code>
      <Directorate>
        <LongName>Direct For Social, Behav &amp; Economic Scie</LongName>
      </Directorate>
      <Division>
        <LongName>National Center For S&amp;E Statistics</LongName>
      </Division>
    </Organization>
    <ProgramOfficer>
      <SignBlockName>John E. Jankowski, Jr.</SignBlockName>
    </ProgramOfficer>
    <AbstractNarration/>
    <MinAmdLetterDate>12/06/1994</MinAmdLetterDate>
    <MaxAmdLetterDate>12/06/1994</MaxAmdLetterDate>
    <ARRAAmount/>
    <AwardID>9500933</AwardID>
    <Investigator>
      <FirstName>Harry</FirstName>
      <LastName>Scarr</LastName>
      <EmailAddress/>
      <StartDate>01/01/1995</StartDate>
      <EndDate/>
      <RoleCode>Principal Investigator</RoleCode>
    </Investigator>
    <Institution>
      <Name>Bureau of the Census</Name>
      <CityName>Washington</CityName>
      <ZipCode>20233</ZipCode>
      <PhoneNumber/>
      <StreetAddress/>
      <CountryName>United States</CountryName>
      <StateName>District of Columbia</StateName>
      <StateCode>DC</StateCode>
    </Institution>
    <FoaInformation>
      <Code>0111000</Code>
      <Name>Science Policy</Name>
    </FoaInformation>
  </Award>
</rootTag>
