<?xml version="1.0" encoding="UTF-8"?>

<rootTag>
  <Award>
    <AwardTitle>U.S.-the Philippines Cooperative Research: Population Biology, Ecology, and Behavior of Small Cetaceans in the Sulu Sea, the Philippines</AwardTitle>
    <AwardEffectiveDate>04/15/1995</AwardEffectiveDate>
    <AwardExpirationDate>05/31/1998</AwardExpirationDate>
    <AwardAmount>41726</AwardAmount>
    <AwardInstrument>
      <Value>Standard Grant</Value>
    </AwardInstrument>
    <Organization>
      <Code>01090000</Code>
      <Directorate>
        <LongName>Office Of The Director</LongName>
      </Directorate>
      <Division>
        <LongName>Office Of Internatl Science &amp;Engineering</LongName>
      </Division>
    </Organization>
    <ProgramOfficer>
      <SignBlockName>W. Y. B. Chang</SignBlockName>
    </ProgramOfficer>
    <AbstractNarration>This is a two year cooperative research project proposed by Dr. Gerald Kooyman, University of California at San Diego, and Ms. Moonyeen Nida Ramos Alava, Silliman University, the Philippines. This proposal is to conduct a study of population biology, ecology, and behavior of cetaceans (including dolphins) in the Philippines. The project requests funds to support the P.I. and a Ph.D. student to carry out a study in the Sulu Sea, the Philippines, to estimate the abundance of marine mammals and to understand the relationship between abundance and habitat types. They will also study feeding habits, and the behavior and social structure of cetacean species. Dr. Kooyman is a specialist in this area and has an outstanding record of research and publication. His Ph.D. student, Ms. Louella Dolar, has an in-depth understanding of the Sulu Sea ecosystem. This is an important area of marine biology. There is little or no available information on the cetacean species in Sulu Sea. This project will make a relatively large contribution to our state of knowledge on this species and can provide useful data on the conservation of this species. Furthermore, this project is leveraged dollar- for-dollar with funds from International Foundation for Science, Department of Environment and Natural Resources of the Philippines, and U.S. National Marine Fisheries Service. The relatively modest support from the National Science Foundation can yield large potential benefits.</AbstractNarration>
    <MinAmdLetterDate>03/29/1995</MinAmdLetterDate>
    <MaxAmdLetterDate>04/07/1998</MaxAmdLetterDate>
    <ARRAAmount/>
    <AwardID>9500339</AwardID>
    <Investigator>
      <FirstName>Gerald</FirstName>
      <LastName>Kooyman</LastName>
      <EmailAddress>gkooyman@ucsd.edu</EmailAddress>
      <StartDate>03/29/1995</StartDate>
      <EndDate/>
      <RoleCode>Principal Investigator</RoleCode>
    </Investigator>
    <Institution>
      <Name>University of California-San Diego</Name>
      <CityName>La Jolla</CityName>
      <ZipCode>920930934</ZipCode>
      <PhoneNumber>8585344896</PhoneNumber>
      <StreetAddress>Office of Contract &amp; Grant Admin</StreetAddress>
      <CountryName>United States</CountryName>
      <StateName>California</StateName>
      <StateCode>CA</StateCode>
    </Institution>
    <FoaInformation>
      <Code>0117000</Code>
      <Name>Marine Mammal Protection</Name>
    </FoaInformation>
    <FoaInformation>
      <Code>0521900</Code>
      <Name>Mass Media &amp; Socialization</Name>
    </FoaInformation>
    <FoaInformation>
      <Code>61</Code>
      <Name>Life Science Biological</Name>
    </FoaInformation>
    <ProgramElement>
      <Code>5978</Code>
      <Text>EAST ASIA AND PACIFIC PROGRAM</Text>
    </ProgramElement>
    <ProgramReference>
      <Code>5927</Code>
      <Text>EAST ASIA, OTHER</Text>
    </ProgramReference>
    <ProgramReference>
      <Code>9186</Code>
      <Text>RESOURCE USE AND MANAGEMENT</Text>
    </ProgramReference>
    <ProgramReference>
      <Code>EGCH</Code>
      <Text>ENVIRONMENT AND GLOBAL CHANGE</Text>
    </ProgramReference>
    <ProgramReference>
      <Code>ENVI</Code>
      <Text>ENVIRONMENT</Text>
    </ProgramReference>
  </Award>
</rootTag>
