<?xml version="1.0" encoding="UTF-8"?>

<rootTag>
  <Award>
    <AwardTitle>Mathematical Sciences: Numerical Studies of Nonlinear Waves</AwardTitle>
    <AwardEffectiveDate>07/01/1995</AwardEffectiveDate>
    <AwardExpirationDate>06/30/1999</AwardExpirationDate>
    <AwardAmount>150000</AwardAmount>
    <AwardInstrument>
      <Value>Continuing grant</Value>
    </AwardInstrument>
    <Organization>
      <Code>03040100</Code>
      <Directorate>
        <LongName>Direct For Mathematical &amp; Physical Scien</LongName>
      </Directorate>
      <Division>
        <LongName>Division Of Mathematical Sciences</LongName>
      </Division>
    </Organization>
    <ProgramOfficer>
      <SignBlockName>Deborah Lockhart</SignBlockName>
    </ProgramOfficer>
    <AbstractNarration>DMS-9500956 Vanden-Broeck This proposal is concerned with the study of waves propagating at the surface of a fluid. An important example is the train of waves generated by an obstacle (i.e. a ship) moving at a constant velocity at the surface of water. Existing theories are based on a number of simplifying assumptions. It is proposed to extend and improve existing theories by removing some of these assumptions. It is expected that the research will uncover new families of solutions. In particular it is proposed to study the effect of a layer of mud on ship waves. The proposed approach consists of replacing the classical assumption of a rigid bottom by an appropriate boundary condition derived from lubrication theory. It is also proposed to calculate periodic and solitary waves in presence of vorticity and surface tension. Previous and preliminary calculations have shown that there are many different families of solutions. It is intended to study them further and to calculate numerically the interaction between solitary waves.</AbstractNarration>
    <MinAmdLetterDate>04/27/1995</MinAmdLetterDate>
    <MaxAmdLetterDate>05/29/1997</MaxAmdLetterDate>
    <ARRAAmount/>
    <AwardID>9500956</AwardID>
    <Investigator>
      <FirstName>Jean-Marc</FirstName>
      <LastName>Vanden-Broeck</LastName>
      <EmailAddress>h010@uea.ac.uk</EmailAddress>
      <StartDate>04/27/1995</StartDate>
      <EndDate/>
      <RoleCode>Principal Investigator</RoleCode>
    </Investigator>
    <Institution>
      <Name>University of Wisconsin-Madison</Name>
      <CityName>MADISON</CityName>
      <ZipCode>537151218</ZipCode>
      <PhoneNumber>6082623822</PhoneNumber>
      <StreetAddress>21 North Park Street</StreetAddress>
      <CountryName>United States</CountryName>
      <StateName>Wisconsin</StateName>
      <StateCode>WI</StateCode>
    </Institution>
    <FoaInformation>
      <Code>0000099</Code>
      <Name>Other Applications NEC</Name>
    </FoaInformation>
    <FoaInformation>
      <Code>21</Code>
      <Name>Mathematics</Name>
    </FoaInformation>
  </Award>
</rootTag>
