<?xml version="1.0" encoding="UTF-8"?>

<rootTag>
  <Award>
    <AwardTitle>Mathematical Sciences: Nonlinear Diffusion Equations and Related Elliptic Problems</AwardTitle>
    <AwardEffectiveDate>06/15/1995</AwardEffectiveDate>
    <AwardExpirationDate>05/31/1998</AwardExpirationDate>
    <AwardAmount>50000</AwardAmount>
    <AwardInstrument>
      <Value>Standard Grant</Value>
    </AwardInstrument>
    <Organization>
      <Code>03040200</Code>
      <Directorate>
        <LongName>Direct For Mathematical &amp; Physical Scien</LongName>
      </Directorate>
      <Division>
        <LongName>Division Of Mathematical Sciences</LongName>
      </Division>
    </Organization>
    <ProgramOfficer>
      <SignBlockName>Joe W. Jenkins</SignBlockName>
    </ProgramOfficer>
    <AbstractNarration>ABSTRACT This project involves the study of certain Nonlinear Diffusion Equations and related Singular Elliptic and Linear Degenerate Parabolic problems. More precisely, the proposed work can be divided into the following projects: 1. Singular Parabolic equations of Fast and Super-Fast diffusion (in collaboration with M. Del Pino). 2. Semilinear Elliptic equations with Singular behavior (in collaboration with M. Del Pino). 3. Uniqueness of signed solutions to the Porous Medium equation - A continuity result for certain Degenerate Linear Parabolic equations (in collaboration with C. Kenig). The equations proposed have both physical and theoretical significance. For example, from the physical point of view, they arise as models for the dynamics of thin liquid films and also as models for the limiting density distribution in the kinetics of two gases obeying Boltzmann equation. Also, interest in such equations has long existed in other fields such as metallurgy and polymer science. From the mathematical point of view, they exhibit a qualitative behavior that has remarkable features, different than in previously studied cases. Their investigation leads to the development of new techniques of mathematical analysis. Another attractive feature of the proposed problems is their connection to Differential Geometry, as they arise in the so called Ricci Flow, which has recently gained remarkable attention.</AbstractNarration>
    <MinAmdLetterDate>06/07/1995</MinAmdLetterDate>
    <MaxAmdLetterDate>06/07/1995</MaxAmdLetterDate>
    <ARRAAmount/>
    <AwardID>9500994</AwardID>
    <Investigator>
      <FirstName>Panagiota</FirstName>
      <LastName>Daskalopoulos</LastName>
      <EmailAddress>pdaskalo@math.columbia.edu</EmailAddress>
      <StartDate>06/07/1995</StartDate>
      <EndDate/>
      <RoleCode>Principal Investigator</RoleCode>
    </Investigator>
    <Institution>
      <Name>University of Minnesota-Twin Cities</Name>
      <CityName>Minneapolis</CityName>
      <ZipCode>554552070</ZipCode>
      <PhoneNumber>6126245599</PhoneNumber>
      <StreetAddress>200 OAK ST SE</StreetAddress>
      <CountryName>United States</CountryName>
      <StateName>Minnesota</StateName>
      <StateCode>MN</StateCode>
    </Institution>
    <FoaInformation>
      <Code>0000099</Code>
      <Name>Other Applications NEC</Name>
    </FoaInformation>
    <FoaInformation>
      <Code>21</Code>
      <Name>Mathematics</Name>
    </FoaInformation>
    <ProgramElement>
      <Code>1281</Code>
      <Text>ANALYSIS PROGRAM</Text>
    </ProgramElement>
    <ProgramReference>
      <Code>0000</Code>
      <Text>UNASSIGNED</Text>
    </ProgramReference>
    <ProgramReference>
      <Code>OTHR</Code>
      <Text>OTHER RESEARCH OR EDUCATION</Text>
    </ProgramReference>
  </Award>
</rootTag>
