<?xml version="1.0" encoding="UTF-8"?>

<rootTag>
  <Award>
    <AwardTitle>Mathematical Sciences:Theory and Applications of Finite- Dimensional Nonlinear Control</AwardTitle>
    <AwardEffectiveDate>06/01/1995</AwardEffectiveDate>
    <AwardExpirationDate>05/31/1999</AwardExpirationDate>
    <AwardAmount>165000</AwardAmount>
    <AwardInstrument>
      <Value>Continuing grant</Value>
    </AwardInstrument>
    <Organization>
      <Code>03040100</Code>
      <Directorate>
        <LongName>Direct For Mathematical &amp; Physical Scien</LongName>
      </Directorate>
      <Division>
        <LongName>Division Of Mathematical Sciences</LongName>
      </Division>
    </Organization>
    <ProgramOfficer>
      <SignBlockName>Deborah Lockhart</SignBlockName>
    </ProgramOfficer>
    <AbstractNarration>9500798 Sussmann Research will be carried out on nonlinear control theory, continuing the principal investigator s previous work in this area on a broad class of problems in optimal control, applications to robotics, feedback stabilization, and nonholonomic motion planning. The methods used will be those of differential geometric control theory, nonsmooth analysis, and the theory of real analytic maps and their associated stratifications. Necessary mathematical tools will be developed to solve a number of open problems in the areas of optimal control, controllability, and realization theory. In particular, recent results of the principal investigator on the Pontrayagin Maximum Principle for systems of vector fields will be extended, with the goal of proving a general Maximum Principle for systems of differential inclusions under minimal hypotheses. The question of the regularity of optimal trajectories will also be addressed. The proposed research fits within the general framework of control theory, which is concerned with design problems in which some components of a dynamical system are accessible to a controlling agent that can modify them so as to alter the system s behavior. The object is to control the system so as to achieve a desired behavior, or meet some specifications. Situations of this kind occur everywhere in engineering as well as in all of the physical and biological sciences, and many apparently different problems turn out to have common structural features from the mathematical point of view. The purpose of the mathematical theory of control systems is to study these features in a systematic way and to develop techniques for solving particular design problems, such as causing a robot arm to carry out a particular task, or keeping an antenna focused. The issues considered in this project deal with (a) optimal control, in which the goal is to determine how to control a system so as to optimize some criterion; (b) stabiliz ation, where the object is to drive the system towards some desired operating point and keep it there; and (c) motion planning, where it is sought to find a control strategy that will cause a system to move along some prescribed path. ***</AbstractNarration>
    <MinAmdLetterDate>05/11/1995</MinAmdLetterDate>
    <MaxAmdLetterDate>06/06/1997</MaxAmdLetterDate>
    <ARRAAmount/>
    <AwardID>9500798</AwardID>
    <Investigator>
      <FirstName>Hector</FirstName>
      <LastName>Sussmann</LastName>
      <EmailAddress>sussmann@math.rutgers.edu</EmailAddress>
      <StartDate>05/11/1995</StartDate>
      <EndDate/>
      <RoleCode>Principal Investigator</RoleCode>
    </Investigator>
    <Institution>
      <Name>Rutgers University New Brunswick</Name>
      <CityName>Piscataway</CityName>
      <ZipCode>088543925</ZipCode>
      <PhoneNumber>8489320150</PhoneNumber>
      <StreetAddress>33 Knightsbridge Road</StreetAddress>
      <CountryName>United States</CountryName>
      <StateName>New Jersey</StateName>
      <StateCode>NJ</StateCode>
    </Institution>
    <FoaInformation>
      <Code>0000099</Code>
      <Name>Other Applications NEC</Name>
    </FoaInformation>
    <FoaInformation>
      <Code>21</Code>
      <Name>Mathematics</Name>
    </FoaInformation>
    <ProgramElement>
      <Code>1266</Code>
      <Text>APPLIED MATHEMATICS</Text>
    </ProgramElement>
    <ProgramReference>
      <Code>0000</Code>
      <Text>UNASSIGNED</Text>
    </ProgramReference>
    <ProgramReference>
      <Code>9146</Code>
      <Text>MANUFACTURING BASE RESEARCH</Text>
    </ProgramReference>
    <ProgramReference>
      <Code>MANU</Code>
      <Text>MANUFACTURING</Text>
    </ProgramReference>
    <ProgramReference>
      <Code>OTHR</Code>
      <Text>OTHER RESEARCH OR EDUCATION</Text>
    </ProgramReference>
  </Award>
</rootTag>
