<?xml version="1.0" encoding="UTF-8"?>

<rootTag>
  <Award>
    <AwardTitle>GOALI/CRISP: Characterization of Geometric Variations for Design and Manufacturing of Aluminum Automotive Space-Frames</AwardTitle>
    <AwardEffectiveDate>07/01/1995</AwardEffectiveDate>
    <AwardExpirationDate>06/30/1998</AwardExpirationDate>
    <AwardAmount>135000</AwardAmount>
    <AwardInstrument>
      <Value>Standard Grant</Value>
    </AwardInstrument>
    <Organization>
      <Code>07030000</Code>
      <Directorate>
        <LongName>Directorate For Engineering</LongName>
      </Directorate>
      <Division>
        <LongName>Div Of Civil, Mechanical, &amp; Manufact Inn</LongName>
      </Division>
    </Organization>
    <ProgramOfficer>
      <SignBlockName>Warren DeVries</SignBlockName>
    </ProgramOfficer>
    <AbstractNarration>9500006 Wang This award for a Grant Opportunity for Academic Liaison with Industry (GOALI) research project will develop a new methodology for reducing geometric variation in aluminum automotive space frames. The space frame structures are fabricated in a "Tinker Toy" manner from aluminum extrusions, and they promise light weight, very good strength and crash worthiness. Tight geometric variation targets of less than 0.5 mm are are to assure good fit-up when these structures are joined, so they reach their full strength potential when used to fabricate features like door openings. The technical approach will use measurements of the structural shapes made with a coordinate measuring machine (CMM), parameterizing this data as deviaitons form a geometric model of the desired structural form, and from this representation identify the needs for process improvement, modify tooling using rapid prototyping technology, and predicting tolerance stackup. Two of the types of problems that will be attacked that involve curvature: in one case nominally straight extrusions that have a bow, and in the other curved extrusions that have deviations from the design curvature or possibly multiple bends. This work began as a GOALI/EFI award with ALCOA in FY94, and this collaboration will continue with this research project. This will enable high volume manufacture of these light weight, structural frame members that contribute to safety and fuel economy in automobiles, aircraft, or where there are important strength to weight tradeoffs. ***</AbstractNarration>
    <MinAmdLetterDate>06/23/1995</MinAmdLetterDate>
    <MaxAmdLetterDate>06/23/1995</MaxAmdLetterDate>
    <ARRAAmount/>
    <AwardID>9500006</AwardID>
    <Investigator>
      <FirstName>Yu</FirstName>
      <LastName>Wang</LastName>
      <EmailAddress>yuwang@eng.umd.edu</EmailAddress>
      <StartDate>06/23/1995</StartDate>
      <EndDate/>
      <RoleCode>Principal Investigator</RoleCode>
    </Investigator>
    <Investigator>
      <FirstName>Fredrick</FirstName>
      <LastName>Hulting</LastName>
      <EmailAddress>hulting@atc.alcoa.com</EmailAddress>
      <StartDate>06/23/1995</StartDate>
      <EndDate/>
      <RoleCode>Co-Principal Investigator</RoleCode>
    </Investigator>
    <Investigator>
      <FirstName>Paul</FirstName>
      <LastName>Fussell</LastName>
      <EmailAddress>paul.fussell@asu.edu</EmailAddress>
      <StartDate>06/23/1995</StartDate>
      <EndDate/>
      <RoleCode>Co-Principal Investigator</RoleCode>
    </Investigator>
    <Institution>
      <Name>University of Maryland Baltimore County</Name>
      <CityName>Baltimore</CityName>
      <ZipCode>212500002</ZipCode>
      <PhoneNumber>4104553140</PhoneNumber>
      <StreetAddress>1000 Hilltop Circle</StreetAddress>
      <CountryName>United States</CountryName>
      <StateName>Maryland</StateName>
      <StateCode>MD</StateCode>
    </Institution>
    <FoaInformation>
      <Code>0308000</Code>
      <Name>Industrial Technology</Name>
    </FoaInformation>
    <FoaInformation>
      <Code>56</Code>
      <Name>Engineering-Mechanical</Name>
    </FoaInformation>
    <ProgramElement>
      <Code>1468</Code>
      <Text>Manufacturing Machines &amp; Equip</Text>
    </ProgramElement>
    <ProgramElement>
      <Code>1504</Code>
      <Text>GRANT OPP FOR ACAD LIA W/INDUS</Text>
    </ProgramElement>
    <ProgramReference>
      <Code>1048</Code>
      <Text>COMBINED RES-INDUST SCHOLORSHIP PROJECT</Text>
    </ProgramReference>
    <ProgramReference>
      <Code>1504</Code>
      <Text>GRANT OPP FOR ACAD LIA W/INDUS</Text>
    </ProgramReference>
    <ProgramReference>
      <Code>9146</Code>
      <Text>MANUFACTURING BASE RESEARCH</Text>
    </ProgramReference>
    <ProgramReference>
      <Code>MANU</Code>
      <Text>MANUFACTURING</Text>
    </ProgramReference>
  </Award>
</rootTag>
