<?xml version="1.0" encoding="UTF-8"?>

<rootTag>
  <Award>
    <AwardTitle>Engineering Research Equipment: Equipment to Upgrade Mechanical Testing Research Facilities</AwardTitle>
    <AwardEffectiveDate>04/01/1995</AwardEffectiveDate>
    <AwardExpirationDate>03/31/1996</AwardExpirationDate>
    <AwardAmount>16600</AwardAmount>
    <AwardInstrument>
      <Value>Standard Grant</Value>
    </AwardInstrument>
    <Organization>
      <Code>07030000</Code>
      <Directorate>
        <LongName>Directorate For Engineering</LongName>
      </Directorate>
      <Division>
        <LongName>Div Of Civil, Mechanical, &amp; Manufact Inn</LongName>
      </Division>
    </Organization>
    <ProgramOfficer>
      <SignBlockName>Oscar Dillon</SignBlockName>
    </ProgramOfficer>
    <AbstractNarration>9500254 Baldwin Auxiliary equipment for a tensile testing machine will be purchased with funds partially provided by this grant. The additional equipment will provide new capability for cyclic testing of biological and composite material specimens as well as improved fatigue testing of metal specimens. ***</AbstractNarration>
    <MinAmdLetterDate>03/01/1995</MinAmdLetterDate>
    <MaxAmdLetterDate>03/15/1995</MaxAmdLetterDate>
    <ARRAAmount/>
    <AwardID>9500254</AwardID>
    <Investigator>
      <FirstName>Ron</FirstName>
      <LastName>Kline</LastName>
      <EmailAddress>kline@kahuna.sdsu.edu</EmailAddress>
      <StartDate>03/01/1995</StartDate>
      <EndDate/>
      <RoleCode>Co-Principal Investigator</RoleCode>
    </Investigator>
    <Investigator>
      <FirstName>Davis</FirstName>
      <LastName>Egle</LastName>
      <EmailAddress/>
      <StartDate>03/01/1995</StartDate>
      <EndDate/>
      <RoleCode>Co-Principal Investigator</RoleCode>
    </Investigator>
    <Investigator>
      <FirstName>J. David</FirstName>
      <LastName>Baldwin</LastName>
      <EmailAddress>baldwin@ou.edu</EmailAddress>
      <StartDate>03/01/1995</StartDate>
      <EndDate/>
      <RoleCode>Principal Investigator</RoleCode>
    </Investigator>
    <Institution>
      <Name>University of Oklahoma Norman Campus</Name>
      <CityName>NORMAN</CityName>
      <ZipCode>730199705</ZipCode>
      <PhoneNumber>4053254757</PhoneNumber>
      <StreetAddress>201 Stephenson Parkway</StreetAddress>
      <CountryName>United States</CountryName>
      <StateName>Oklahoma</StateName>
      <StateCode>OK</StateCode>
    </Institution>
    <FoaInformation>
      <Code>0308000</Code>
      <Name>Industrial Technology</Name>
    </FoaInformation>
    <FoaInformation>
      <Code>0106000</Code>
      <Name>Materials Research</Name>
    </FoaInformation>
  </Award>
</rootTag>
