<?xml version="1.0" encoding="UTF-8"?>

<rootTag>
  <Award>
    <AwardTitle>Engineering Research Equipment: Electrical Discharge Grinding Machine</AwardTitle>
    <AwardEffectiveDate>04/01/1995</AwardEffectiveDate>
    <AwardExpirationDate>03/31/1997</AwardExpirationDate>
    <AwardAmount>80000</AwardAmount>
    <AwardInstrument>
      <Value>Standard Grant</Value>
    </AwardInstrument>
    <Organization>
      <Code>07030000</Code>
      <Directorate>
        <LongName>Directorate For Engineering</LongName>
      </Directorate>
      <Division>
        <LongName>Div Of Civil, Mechanical, &amp; Manufact Inn</LongName>
      </Division>
    </Organization>
    <ProgramOfficer>
      <SignBlockName>Ming C. Leu</SignBlockName>
    </ProgramOfficer>
    <AbstractNarration>9500389 Rajurkar This engineering research equipment award is to purchase an electrical discharge grinding machine (EDGM), that will be modified as part of the empirical and analytical program at the University of Nebraska to build an innovative new machine, the Abrasive Electrical Discharge Grinding Machine (AEDGM). There is a subtle difference in the commercial machine that they will purchase - the EDGM - and the prototype they will develop - the AEDGM. The commercial machine they will purchase removes material only by spark erosion with a rotating graphite wheel acting as an electrode. Adding abrasives to the wheel allows for mechanical mechanisms to remove material as well. This is important when processing metal matrix composites or ceramics, because the electrical-thermal mechanism only works on conductive materials, leading to low removal efficiency and poor finish for this class of advanced materials. By adding the abrasive mechanical mechanism, this team of researchers will broaden the types of materials, the rates for processing, and the quality of products produced. The work will be done at the University of Nebraska's Nontraditional Manufacturing Processes Laboratory, a facility that has an international track record in this field of research. This award will build the experimental infrastructure to investigate this new process - abrasive electro discharge machining - which promises higher productivity in shaping advanced materials like titanium based alloys, tungsten carbide, and polycrystalline diamond. ***</AbstractNarration>
    <MinAmdLetterDate>03/29/1995</MinAmdLetterDate>
    <MaxAmdLetterDate>03/29/1995</MaxAmdLetterDate>
    <ARRAAmount/>
    <AwardID>9500389</AwardID>
    <Investigator>
      <FirstName>Kamlakar</FirstName>
      <LastName>Rajurkar</LastName>
      <EmailAddress>krajurkar1@unl.edu</EmailAddress>
      <StartDate>03/29/1995</StartDate>
      <EndDate/>
      <RoleCode>Principal Investigator</RoleCode>
    </Investigator>
    <Institution>
      <Name>University of Nebraska-Lincoln</Name>
      <CityName>Lincoln</CityName>
      <ZipCode>685031435</ZipCode>
      <PhoneNumber>4024723171</PhoneNumber>
      <StreetAddress>151 Prem S. Paul Research Center</StreetAddress>
      <CountryName>United States</CountryName>
      <StateName>Nebraska</StateName>
      <StateCode>NE</StateCode>
    </Institution>
    <FoaInformation>
      <Code>0308000</Code>
      <Name>Industrial Technology</Name>
    </FoaInformation>
    <FoaInformation>
      <Code>56</Code>
      <Name>Engineering-Mechanical</Name>
    </FoaInformation>
    <ProgramElement>
      <Code>1467</Code>
      <Text>MATERIALS PROCESSING AND MANFG</Text>
    </ProgramElement>
    <ProgramElement>
      <Code>1468</Code>
      <Text>Manufacturing Machines &amp; Equip</Text>
    </ProgramElement>
    <ProgramReference>
      <Code>9146</Code>
      <Text>MANUFACTURING BASE RESEARCH</Text>
    </ProgramReference>
    <ProgramReference>
      <Code>MANU</Code>
      <Text>MANUFACTURING</Text>
    </ProgramReference>
  </Award>
</rootTag>
