<?xml version="1.0" encoding="UTF-8"?>

<rootTag>
  <Award>
    <AwardTitle>Mathematical Sciences: Representation Theory of Reductive P-Adic Groups</AwardTitle>
    <AwardEffectiveDate>06/01/1995</AwardEffectiveDate>
    <AwardExpirationDate>05/31/2000</AwardExpirationDate>
    <AwardAmount>87357</AwardAmount>
    <AwardInstrument>
      <Value>Continuing grant</Value>
    </AwardInstrument>
    <Organization>
      <Code>03040200</Code>
      <Directorate>
        <LongName>Direct For Mathematical &amp; Physical Scien</LongName>
      </Directorate>
      <Division>
        <LongName>Division Of Mathematical Sciences</LongName>
      </Division>
    </Organization>
    <ProgramOfficer>
      <SignBlockName>Joe W. Jenkins</SignBlockName>
    </ProgramOfficer>
    <AbstractNarration>DMS-9500973 PI: Moy Moy will investigate various aspects of the representation theory of p-adic reductive groups. This will include investigations into the behavior of characters in which the local character expansion of a representation is shown to be connected to certain representations of compact open subgroups appearing in the representation, and the development of the theory of minimal K-types for reductive p-adic groups based on the results of unrefined minimal K-types. The theory of Lie groups, named in honor of the Norwegian mathematician Sophus Lie, has been one of the major themes in twentieth century mathematics. As the mathematical vehicle for exploiting the symmetries inherent in a system, the representation theory of Lie groups has had a profound impact upon mathematics itself, particularly in analysis and number theory, and upon theoretical physics, especially quantum mechanics and elementary particle physics.</AbstractNarration>
    <MinAmdLetterDate>03/31/1995</MinAmdLetterDate>
    <MaxAmdLetterDate>04/07/1999</MaxAmdLetterDate>
    <ARRAAmount/>
    <AwardID>9500973</AwardID>
    <Investigator>
      <FirstName>Allen</FirstName>
      <LastName>Moy</LastName>
      <EmailAddress>moy@umich.edu</EmailAddress>
      <StartDate>03/31/1995</StartDate>
      <EndDate/>
      <RoleCode>Principal Investigator</RoleCode>
    </Investigator>
    <Institution>
      <Name>University of Michigan Ann Arbor</Name>
      <CityName>Ann Arbor</CityName>
      <ZipCode>481091274</ZipCode>
      <PhoneNumber>7347636438</PhoneNumber>
      <StreetAddress>3003 South State St. Room 1062</StreetAddress>
      <CountryName>United States</CountryName>
      <StateName>Michigan</StateName>
      <StateCode>MI</StateCode>
    </Institution>
    <FoaInformation>
      <Code>0000099</Code>
      <Name>Other Applications NEC</Name>
    </FoaInformation>
  </Award>
</rootTag>
