<?xml version="1.0" encoding="UTF-8"?>

<rootTag>
  <Award>
    <AwardTitle>Mathematical Sciences: Harmonic Analysis and Group Representation</AwardTitle>
    <AwardEffectiveDate>06/01/1995</AwardEffectiveDate>
    <AwardExpirationDate>05/31/1999</AwardExpirationDate>
    <AwardAmount>48622</AwardAmount>
    <AwardInstrument>
      <Value>Standard Grant</Value>
    </AwardInstrument>
    <Organization>
      <Code>03040200</Code>
      <Directorate>
        <LongName>Direct For Mathematical &amp; Physical Scien</LongName>
      </Directorate>
      <Division>
        <LongName>Division Of Mathematical Sciences</LongName>
      </Division>
    </Organization>
    <ProgramOfficer>
      <SignBlockName>Joe W. Jenkins</SignBlockName>
    </ProgramOfficer>
    <AbstractNarration>DMS-9500905 PI: Ding Ding will study analytic continuation of operator-valued Bessel functions on symmetric cones and symmetric Siegel domains; in particular, operator valued Bessel functions on boundary components of these domains. Using analytic continuation of Bessel functions, he will study the decomposition of the harmonic representation of automorphism groups of these domains. The theory of Lie groups, named in honor of the Norwegian mathematician Sophus Lie, has been one of the major themes in twentieth century mathematics. As the mathematical vehicle for exploiting the symmetries inherent in a system, the representation theory of Lie groups has had a profound impact upon mathematics itself, particularly in analysis and number theory, and upon theoretical physics, especially quantum mechanics and elementary particle physics.</AbstractNarration>
    <MinAmdLetterDate>04/20/1995</MinAmdLetterDate>
    <MaxAmdLetterDate>04/20/1995</MaxAmdLetterDate>
    <ARRAAmount/>
    <AwardID>9500907</AwardID>
    <Investigator>
      <FirstName>Hongming</FirstName>
      <LastName>Ding</LastName>
      <EmailAddress>DINGH@SLUVCA</EmailAddress>
      <StartDate>04/20/1995</StartDate>
      <EndDate/>
      <RoleCode>Principal Investigator</RoleCode>
    </Investigator>
    <Institution>
      <Name>Saint Louis University</Name>
      <CityName>St Louis</CityName>
      <ZipCode>631032006</ZipCode>
      <PhoneNumber>3149773925</PhoneNumber>
      <StreetAddress>221 N. Grand Blvd.</StreetAddress>
      <CountryName>United States</CountryName>
      <StateName>Missouri</StateName>
      <StateCode>MO</StateCode>
    </Institution>
    <FoaInformation>
      <Code>21</Code>
      <Name>Mathematics</Name>
    </FoaInformation>
    <FoaInformation>
      <Code>0000099</Code>
      <Name>Other Applications NEC</Name>
    </FoaInformation>
  </Award>
</rootTag>
