<?xml version="1.0" encoding="UTF-8"?>

<rootTag>
  <Award>
    <AwardTitle>The Role of Molecular Chaperones in Foreign Protein Secretion in Yeast</AwardTitle>
    <AwardEffectiveDate>11/01/1994</AwardEffectiveDate>
    <AwardExpirationDate>10/31/1996</AwardExpirationDate>
    <AwardAmount>100000</AwardAmount>
    <AwardInstrument>
      <Value>Standard Grant</Value>
    </AwardInstrument>
    <Organization>
      <Code>07020000</Code>
      <Directorate>
        <LongName>Directorate For Engineering</LongName>
      </Directorate>
      <Division>
        <LongName>Div Of Chem, Bioeng, Env, &amp; Transp Sys</LongName>
      </Division>
    </Organization>
    <ProgramOfficer>
      <SignBlockName>Fred G. Heineken</SignBlockName>
    </ProgramOfficer>
    <AbstractNarration>9500238 Wise The Principal Investigators (PIs) propose to study the role of protein folding chaperones in the secretion of foreign proteins from yeast. There is evidence in the literature that protein folding in the lumen of the endoplasmic reticulum may be the rate-limiting step in the overall process of secretion, and that chaperones such as protein disulfide isomerase (PDI) and KAR2 (the yeast homolog of mammalian heavy chain binding protein) play a key role in intracellular protein folding. The PIs plan to vary intracellular levels of PDI and KAR2 by use of regulated promoters, and to determine the resulting effects on foreign protein secretion. The PIs also plan to isolate novel chaperones by screening recombinant DNA libraries for genes whose overexpression enhances foreign protein secretion or complements a genetically induced defect in protein translocation into the secretory pathway. ***</AbstractNarration>
    <MinAmdLetterDate>11/16/1994</MinAmdLetterDate>
    <MaxAmdLetterDate>11/16/1994</MaxAmdLetterDate>
    <ARRAAmount/>
    <AwardID>9500238</AwardID>
    <Investigator>
      <FirstName>Jo Ann</FirstName>
      <LastName>Wise</LastName>
      <EmailAddress>jaw17@case.edu</EmailAddress>
      <StartDate>11/16/1994</StartDate>
      <EndDate/>
      <RoleCode>Principal Investigator</RoleCode>
    </Investigator>
    <Institution>
      <Name>Case Western Reserve University</Name>
      <CityName>CLEVELAND</CityName>
      <ZipCode>441064901</ZipCode>
      <PhoneNumber>2163684510</PhoneNumber>
      <StreetAddress>Nord Hall, Suite 615</StreetAddress>
      <CountryName>United States</CountryName>
      <StateName>Ohio</StateName>
      <StateCode>OH</StateCode>
    </Institution>
    <FoaInformation>
      <Code>0308000</Code>
      <Name>Industrial Technology</Name>
    </FoaInformation>
    <FoaInformation>
      <Code>53</Code>
      <Name>Engineering-Chemical</Name>
    </FoaInformation>
    <ProgramElement>
      <Code>1491</Code>
      <Text>BIOTECH, BIOCHEM &amp; BIOMASS ENG</Text>
    </ProgramElement>
    <ProgramReference>
      <Code>9120</Code>
      <Text>CROSS-DIRECTORATE PROGRAMS</Text>
    </ProgramReference>
    <ProgramReference>
      <Code>9181</Code>
      <Text>BIOPROCESSING/BIOMOLECULAR MATERIALS</Text>
    </ProgramReference>
    <ProgramReference>
      <Code>BIOT</Code>
      <Text>BIOTECHNOLOGY</Text>
    </ProgramReference>
  </Award>
</rootTag>
