<?xml version="1.0" encoding="UTF-8"?>

<rootTag>
  <Award>
    <AwardTitle>Experimental Study of High Pressure Copolymer Solution Behavior</AwardTitle>
    <AwardEffectiveDate>09/15/1995</AwardEffectiveDate>
    <AwardExpirationDate>08/31/1997</AwardExpirationDate>
    <AwardAmount>171023</AwardAmount>
    <AwardInstrument>
      <Value>Continuing grant</Value>
    </AwardInstrument>
    <Organization>
      <Code>07020000</Code>
      <Directorate>
        <LongName>Directorate For Engineering</LongName>
      </Directorate>
      <Division>
        <LongName>Div Of Chem, Bioeng, Env, &amp; Transp Sys</LongName>
      </Division>
    </Organization>
    <ProgramOfficer>
      <SignBlockName>Charles Alexander Garris, Jr.</SignBlockName>
    </ProgramOfficer>
    <AbstractNarration>ABSTRACT Mark A. Mchugh Johns Hopkins University CTS-9500489 The production of new copolymers for specific market applications depends not only on an intimate knowledge of the kinetics of copolymerization, but also on a firm understanding of the solubility behavior of these copolymers in process solvents. The copolymers that represent potential new market products. While it would be highly advantageous economically to produce these copolymers using well-known, and existing, high-pressure polyethylene polymerization technology, there is a considerable challenge to producing these new products reliably and reproducibly since there is little available information on the solubility of these copolymers in ethylene and ethylene-cosolvent mixtures. Therefore, the major focus of this proposed study is the experimental determination of cloud-point, or solubility, data for ethylene-based copolymer-solvent and copolymer-solvent-cosolvent mixtures.</AbstractNarration>
    <MinAmdLetterDate>09/26/1995</MinAmdLetterDate>
    <MaxAmdLetterDate>07/01/1996</MaxAmdLetterDate>
    <ARRAAmount/>
    <AwardID>9500489</AwardID>
    <Investigator>
      <FirstName>Mark</FirstName>
      <LastName>McHugh</LastName>
      <EmailAddress>mmchugh@vcu.edu</EmailAddress>
      <StartDate>09/26/1995</StartDate>
      <EndDate/>
      <RoleCode>Principal Investigator</RoleCode>
    </Investigator>
    <Institution>
      <Name>Johns Hopkins University</Name>
      <CityName>Baltimore</CityName>
      <ZipCode>212182608</ZipCode>
      <PhoneNumber>4105168668</PhoneNumber>
      <StreetAddress>3400 N CHARLES ST</StreetAddress>
      <CountryName>United States</CountryName>
      <StateName>Maryland</StateName>
      <StateCode>MD</StateCode>
    </Institution>
    <FoaInformation>
      <Code>53</Code>
      <Name>Engineering-Chemical</Name>
    </FoaInformation>
  </Award>
</rootTag>
