<?xml version="1.0" encoding="UTF-8"?>

<rootTag>
  <Award>
    <AwardTitle>Controlled Porosity Materials: Before, During and After Sintering</AwardTitle>
    <AwardEffectiveDate>07/15/1995</AwardEffectiveDate>
    <AwardExpirationDate>06/30/1999</AwardExpirationDate>
    <AwardAmount>196000</AwardAmount>
    <AwardInstrument>
      <Value>Continuing grant</Value>
    </AwardInstrument>
    <Organization>
      <Code>03070004</Code>
      <Directorate>
        <LongName>Direct For Mathematical &amp; Physical Scien</LongName>
      </Directorate>
      <Division>
        <LongName>Division Of Materials Research</LongName>
      </Division>
    </Organization>
    <ProgramOfficer>
      <SignBlockName>Liselotte J. Schioler</SignBlockName>
    </ProgramOfficer>
    <AbstractNarration>9500282 Gerhardt The objective of the proposed research is to determine the relationship between pore microstructure and thermal treatment for the creation of controlled porosity materials. To accomplish that task the following activities will be carried out: (1) Fabricate colloidal silica/soluble silicate monoliths having systematically varied microstructures with respect to both average pore size(s) and polydispersity. The pore structure will be engineered by modifications in chemical processing. (2) Characterize the microstructure of the precursor materials fully before sintering using a combination of microscopy (optical, and electron microscopy), and several different measurement techniques. (3) Quantitatively characterize the evolution of the microstructure ex-situ by means of pore size, shape and distribution measurements on isothermally sintered and quenched samples. Extend the sintering studies to in-situ isothermal sintering and simultaneous scattering experiments by means of a unique small angle neutron scattering furnace at the NIST reactor. (4) Utilize computer simulation and modeling to help elucidate the microstructural mechanisms responsible for the observed pore structure evolution. %%% Numerous engineering applications such as superinsulators, filters, and sensors require porous materials. Understand- ing the pore structure evolution during sintering is essential for the fabrication and control of the final microstructure in porous materials. Materials such as those studied in this project offer a notable opportunity, to tailor thermal conductivity for insulating purposes, dielectric constant for sensing devices and elastic modulus for porous structural ceramics.</AbstractNarration>
    <MinAmdLetterDate>06/27/1995</MinAmdLetterDate>
    <MaxAmdLetterDate>05/01/1997</MaxAmdLetterDate>
    <ARRAAmount/>
    <AwardID>9500282</AwardID>
    <Investigator>
      <FirstName>Rosario</FirstName>
      <LastName>Gerhardt</LastName>
      <EmailAddress>rosario.gerhardt@mse.gatech.edu</EmailAddress>
      <StartDate>06/27/1995</StartDate>
      <EndDate/>
      <RoleCode>Principal Investigator</RoleCode>
    </Investigator>
    <Institution>
      <Name>Georgia Tech Research Corporation</Name>
      <CityName>Atlanta</CityName>
      <ZipCode>303320420</ZipCode>
      <PhoneNumber>4048944819</PhoneNumber>
      <StreetAddress>Office of Sponsored Programs</StreetAddress>
      <CountryName>United States</CountryName>
      <StateName>Georgia</StateName>
      <StateCode>GA</StateCode>
    </Institution>
    <FoaInformation>
      <Code>0106000</Code>
      <Name>Materials Research</Name>
    </FoaInformation>
    <FoaInformation>
      <Code>15</Code>
      <Name>Metals, Ceramics &amp; Electronic Materials</Name>
    </FoaInformation>
  </Award>
</rootTag>
