<?xml version="1.0" encoding="UTF-8"?>

<rootTag>
  <Award>
    <AwardTitle>CAREER: Critical Issues in the Growth of Semiconductor Thin Films</AwardTitle>
    <AwardEffectiveDate>08/01/1995</AwardEffectiveDate>
    <AwardExpirationDate>04/30/1999</AwardExpirationDate>
    <AwardAmount>105000</AwardAmount>
    <AwardInstrument>
      <Value>Standard Grant</Value>
    </AwardInstrument>
    <Organization>
      <Code>03070005</Code>
      <Directorate>
        <LongName>Direct For Mathematical &amp; Physical Scien</LongName>
      </Directorate>
      <Division>
        <LongName>Division Of Materials Research</LongName>
      </Division>
    </Organization>
    <ProgramOfficer>
      <SignBlockName>G. Bruce Taggart</SignBlockName>
    </ProgramOfficer>
    <AbstractNarration>9500858 Roland This is a CAREER award to conduct theoretical research on thin film growth of semiconductor materials and to undertake realted educational activities. The research focus will be on issues relating to the effects of atomic beams and strain on thin film growth. By using a low-energy atomic beam, a pulse of energy may be delivered locally to the growth surface and tune the kinetics. The effect of such atomic beams on low temperature growth, on three-dimensional clustering mechanisms and on the crystallization of amorphous material and regrowth phenomena will be investigated. In addition, the effects of biaxial strain on the initial stages of growth and step distributions will be investigated. The main tool of study will be molecular dynamics simulations using realistic potentials, coupled with ab initio molecular dynamics and kinetic Monte Carlo simulations. The educational component includes the development of a course on modern numerical methods in physics, development of educational videos related to the research and research experiences for undergraduates. %%% This is a CAREER award for computer simulation studies of the growth of thin films of semiconducting material. Understanding the growth mechanisms of these films is vitally important for the semiconductor industry in addition to providing fundamental insights into the underlying physical phenomena. The educational component includes the development of a new course on computer simulation for physics, the production of educational videos related to the research and the incorporation of undergraduates in the research process. ***</AbstractNarration>
    <MinAmdLetterDate>06/20/1995</MinAmdLetterDate>
    <MaxAmdLetterDate>12/04/1998</MaxAmdLetterDate>
    <ARRAAmount/>
    <AwardID>9500858</AwardID>
    <Investigator>
      <FirstName>Christopher</FirstName>
      <LastName>Roland</LastName>
      <EmailAddress>cmroland@ncsu.edu</EmailAddress>
      <StartDate>06/20/1995</StartDate>
      <EndDate/>
      <RoleCode>Principal Investigator</RoleCode>
    </Investigator>
    <Institution>
      <Name>North Carolina State University</Name>
      <CityName>RALEIGH</CityName>
      <ZipCode>276957514</ZipCode>
      <PhoneNumber>9195152444</PhoneNumber>
      <StreetAddress>CAMPUS BOX 7514</StreetAddress>
      <CountryName>United States</CountryName>
      <StateName>North Carolina</StateName>
      <StateCode>NC</StateCode>
    </Institution>
    <FoaInformation>
      <Code>0106000</Code>
      <Name>Materials Research</Name>
    </FoaInformation>
    <FoaInformation>
      <Code>17</Code>
      <Name>Materials Theory</Name>
    </FoaInformation>
    <ProgramElement>
      <Code>1765</Code>
      <Text>CONDENSED MATTER &amp; MAT THEORY</Text>
    </ProgramElement>
    <ProgramReference>
      <Code>1045</Code>
      <Text>CAREER: FACULTY EARLY CAR DEV</Text>
    </ProgramReference>
    <ProgramReference>
      <Code>9161</Code>
      <Text>SINGLE DIVISION/UNIVERSITY</Text>
    </ProgramReference>
    <ProgramReference>
      <Code>AMPP</Code>
      <Text>ADVANCED MATERIALS &amp; PROCESSING PROGRAM</Text>
    </ProgramReference>
  </Award>
</rootTag>
