<?xml version="1.0" encoding="UTF-8"?>

<rootTag>
  <Award>
    <AwardTitle>Instabilites in Fluid Motion</AwardTitle>
    <AwardEffectiveDate>06/01/1995</AwardEffectiveDate>
    <AwardExpirationDate>05/31/1997</AwardExpirationDate>
    <AwardAmount>25886</AwardAmount>
    <AwardInstrument>
      <Value>Standard Grant</Value>
    </AwardInstrument>
    <Organization>
      <Code>03040100</Code>
      <Directorate>
        <LongName>Direct For Mathematical &amp; Physical Scien</LongName>
      </Directorate>
      <Division>
        <LongName>Division Of Mathematical Sciences</LongName>
      </Division>
    </Organization>
    <ProgramOfficer>
      <SignBlockName>Deborah Lockhart</SignBlockName>
    </ProgramOfficer>
    <AbstractNarration>DMS-9500466 Friedlander Recent results of Friedlander and Vishik give a sufficient condition for linear instability of a steady Euler flow. It is proposed to extend this work in several directions. Friedlander is showing that for classes of PDE, including the Euler equations, linear instability under certain spectral conditions implies nonlinear instability. Using the theory of oscillatory integrals it is proposed to extend the instability criteria to the more complicated system of magnetohydrodynamics. Another line of research is the study of the completeness of a system of Floquet root vectors for time periodic problems of fluid dynamics. Aspects of this work will be undertaken in collaboration with M.M. Vishik, W. Strauss and V.I. Yudovich. The question of stability/instability of fluid motion is a classical problem that has received much attention in the past 100 years. It is fundamental to studies in meteorology, oceanography, geophysics, astrophysics and plasma physics where physical phenomena are governed by the underlying fluid instabilities. Despite its long history, a number of important questions remain open. It is proposed to increase our understanding of the fundamental behaviour of fluids by studying the mathematical partial differential equations that describe fluid flow .</AbstractNarration>
    <MinAmdLetterDate>05/25/1995</MinAmdLetterDate>
    <MaxAmdLetterDate>05/25/1995</MaxAmdLetterDate>
    <ARRAAmount/>
    <AwardID>9500466</AwardID>
    <Investigator>
      <FirstName>Susan</FirstName>
      <LastName>Friedlander</LastName>
      <EmailAddress>susanfri@usc.edu</EmailAddress>
      <StartDate>05/25/1995</StartDate>
      <EndDate/>
      <RoleCode>Principal Investigator</RoleCode>
    </Investigator>
    <Institution>
      <Name>University of Illinois at Chicago</Name>
      <CityName>Chicago</CityName>
      <ZipCode>606124305</ZipCode>
      <PhoneNumber>3129962862</PhoneNumber>
      <StreetAddress>809 S MARSHFIELD</StreetAddress>
      <CountryName>United States</CountryName>
      <StateName>Illinois</StateName>
      <StateCode>IL</StateCode>
    </Institution>
    <FoaInformation>
      <Code>0000099</Code>
      <Name>Other Applications NEC</Name>
    </FoaInformation>
    <FoaInformation>
      <Code>21</Code>
      <Name>Mathematics</Name>
    </FoaInformation>
    <ProgramElement>
      <Code>1266</Code>
      <Text>APPLIED MATHEMATICS</Text>
    </ProgramElement>
    <ProgramReference>
      <Code>0000</Code>
      <Text>UNASSIGNED</Text>
    </ProgramReference>
    <ProgramReference>
      <Code>OTHR</Code>
      <Text>OTHER RESEARCH OR EDUCATION</Text>
    </ProgramReference>
  </Award>
</rootTag>
