<?xml version="1.0" encoding="UTF-8"?>

<rootTag>
  <Award>
    <AwardTitle>Request for Controlled Environment Furnace for Materials Characterization Within Agressive Environments</AwardTitle>
    <AwardEffectiveDate>05/15/1995</AwardEffectiveDate>
    <AwardExpirationDate>04/30/1997</AwardExpirationDate>
    <AwardAmount>100000</AwardAmount>
    <AwardInstrument>
      <Value>Standard Grant</Value>
    </AwardInstrument>
    <Organization>
      <Code>07030000</Code>
      <Directorate>
        <LongName>Directorate For Engineering</LongName>
      </Directorate>
      <Division>
        <LongName>Div Of Civil, Mechanical, &amp; Manufact Inn</LongName>
      </Division>
    </Organization>
    <ProgramOfficer>
      <SignBlockName>Sunil Saigal</SignBlockName>
    </ProgramOfficer>
    <AbstractNarration>9500304 Sutton This Research Equipment Grant is made to partially fund the purchase of a controlled environment furnace. The furnace will be used for the long-term effort in the life assessment of superalloys at elevated temperatures. Data will also be collected on the evolution of microstructural changes under various loading and environmental conditions. ***</AbstractNarration>
    <MinAmdLetterDate>04/28/1995</MinAmdLetterDate>
    <MaxAmdLetterDate>04/28/1995</MaxAmdLetterDate>
    <ARRAAmount/>
    <AwardID>9500304</AwardID>
    <Investigator>
      <FirstName>Xiaomin</FirstName>
      <LastName>Deng</LastName>
      <EmailAddress>deng@cec.sc.edu</EmailAddress>
      <StartDate>04/28/1995</StartDate>
      <EndDate/>
      <RoleCode>Co-Principal Investigator</RoleCode>
    </Investigator>
    <Investigator>
      <FirstName>Michael</FirstName>
      <LastName>Sutton</LastName>
      <EmailAddress>sutton@sc.edu</EmailAddress>
      <StartDate>04/28/1995</StartDate>
      <EndDate/>
      <RoleCode>Principal Investigator</RoleCode>
    </Investigator>
    <Investigator>
      <FirstName>Jed</FirstName>
      <LastName>Lyons</LastName>
      <EmailAddress>lyons@sc.edu</EmailAddress>
      <StartDate>04/28/1995</StartDate>
      <EndDate/>
      <RoleCode>Co-Principal Investigator</RoleCode>
    </Investigator>
    <Institution>
      <Name>University of South Carolina at Columbia</Name>
      <CityName>COLUMBIA</CityName>
      <ZipCode>292080001</ZipCode>
      <PhoneNumber>8037777093</PhoneNumber>
      <StreetAddress>Sponsored Awards Management</StreetAddress>
      <CountryName>United States</CountryName>
      <StateName>South Carolina</StateName>
      <StateCode>SC</StateCode>
    </Institution>
    <FoaInformation>
      <Code>0106000</Code>
      <Name>Materials Research</Name>
    </FoaInformation>
    <FoaInformation>
      <Code>0308000</Code>
      <Name>Industrial Technology</Name>
    </FoaInformation>
    <FoaInformation>
      <Code>56</Code>
      <Name>Engineering-Mechanical</Name>
    </FoaInformation>
    <FoaInformation>
      <Code>57</Code>
      <Name>Engineering-Metallurgy &amp; Material</Name>
    </FoaInformation>
    <ProgramElement>
      <Code>1441</Code>
      <Text>MECHANICS</Text>
    </ProgramElement>
    <ProgramReference>
      <Code>9161</Code>
      <Text>SINGLE DIVISION/UNIVERSITY</Text>
    </ProgramReference>
    <ProgramReference>
      <Code>AMPP</Code>
      <Text>ADVANCED MATERIALS &amp; PROCESSING PROGRAM</Text>
    </ProgramReference>
  </Award>
</rootTag>
