<?xml version="1.0" encoding="UTF-8"?>

<rootTag>
  <Award>
    <AwardTitle>Mathematical Sciences: Index Theory on Noncompact Manifolds</AwardTitle>
    <AwardEffectiveDate>06/15/1995</AwardEffectiveDate>
    <AwardExpirationDate>05/31/1998</AwardExpirationDate>
    <AwardAmount>53265</AwardAmount>
    <AwardInstrument>
      <Value>Standard Grant</Value>
    </AwardInstrument>
    <Organization>
      <Code>03040200</Code>
      <Directorate>
        <LongName>Direct For Mathematical &amp; Physical Scien</LongName>
      </Directorate>
      <Division>
        <LongName>Division Of Mathematical Sciences</LongName>
      </Division>
    </Organization>
    <ProgramOfficer>
      <SignBlockName>Joe W. Jenkins</SignBlockName>
    </ProgramOfficer>
    <AbstractNarration>9500724 Haskell This project involves the study of the index theory of Dirac-Schrodinger operators on noncompact manifolds. In this area of index theory both incomplete and complete noncompact manifolds can be considered from a single perspective. The perspective combines techniques of regular singular theory and operator algebras. It encompasses self-adjoint Dirac-Schrodinger operators as well as those with nonzero Fredholm indices. It addresses problems in the index theory of invariant operators elliptic in directions transverse to actions of compact Lie groups as well as problems involving singular Riemannian foliations and related questions on manifolds with conical singularities. These problems all involve Hilbert space operators and their relation to the geometric properties of manifolds, the higher dimensional analogues of surfaces. Partial differential operators play a large role in this work. These operators occur naturally in the study of applied mathematics and mathematical physics. The overall goal is to compute invariants associated with these operators which simultaneously yield geometric information and information about the nature of solutions to important partial differential equations. ***</AbstractNarration>
    <MinAmdLetterDate>06/07/1995</MinAmdLetterDate>
    <MaxAmdLetterDate>06/07/1995</MaxAmdLetterDate>
    <ARRAAmount/>
    <AwardID>9500724</AwardID>
    <Investigator>
      <FirstName>Peter</FirstName>
      <LastName>Haskell</LastName>
      <EmailAddress>haskell@math.vt.edu</EmailAddress>
      <StartDate>06/07/1995</StartDate>
      <EndDate/>
      <RoleCode>Principal Investigator</RoleCode>
    </Investigator>
    <Institution>
      <Name>Virginia Polytechnic Institute and State University</Name>
      <CityName>BLACKSBURG</CityName>
      <ZipCode>240610001</ZipCode>
      <PhoneNumber>5402315281</PhoneNumber>
      <StreetAddress>Sponsored Programs 0170</StreetAddress>
      <CountryName>United States</CountryName>
      <StateName>Virginia</StateName>
      <StateCode>VA</StateCode>
    </Institution>
    <FoaInformation>
      <Code>0000099</Code>
      <Name>Other Applications NEC</Name>
    </FoaInformation>
    <FoaInformation>
      <Code>21</Code>
      <Name>Mathematics</Name>
    </FoaInformation>
    <ProgramElement>
      <Code>1281</Code>
      <Text>ANALYSIS PROGRAM</Text>
    </ProgramElement>
    <ProgramReference>
      <Code>0000</Code>
      <Text>UNASSIGNED</Text>
    </ProgramReference>
    <ProgramReference>
      <Code>OTHR</Code>
      <Text>OTHER RESEARCH OR EDUCATION</Text>
    </ProgramReference>
  </Award>
</rootTag>
