<?xml version="1.0" encoding="UTF-8"?>

<rootTag>
  <Award>
    <AwardTitle>Dispersive Shocks in Continuous &amp; Discrete Media</AwardTitle>
    <AwardEffectiveDate>09/01/1995</AwardEffectiveDate>
    <AwardExpirationDate>05/31/1999</AwardExpirationDate>
    <AwardAmount>93042</AwardAmount>
    <AwardInstrument>
      <Value>Standard Grant</Value>
    </AwardInstrument>
    <Organization>
      <Code>03040100</Code>
      <Directorate>
        <LongName>Direct For Mathematical &amp; Physical Scien</LongName>
      </Directorate>
      <Division>
        <LongName>Division Of Mathematical Sciences</LongName>
      </Division>
    </Organization>
    <ProgramOfficer>
      <SignBlockName>Deborah Lockhart</SignBlockName>
    </ProgramOfficer>
    <AbstractNarration>9500623 Venakides The proposal focuses on the study of dispersive wave generation and propaeation through nonlinear discrete or continuous media. The phenomena involve the interaction between two different space-time scales. The small scale consists of strongly nonlinear single or multiple traveling waves with wave parameters that vary in the large scale. The waves, that eventually spread over large space regions are generated at points where the dispersive nature of the system smoothens the shocks produced by the nonlinearity. An oscillatory microstructure will thus typically arise out of non-oscillatory initial data. The proposed projects are relevant to physical applications that involve nonlinearity and dispersion. Such applications, include electron flow in quantum semiconductor devices and the effect of impurities in the transmission characteristics in solid state devices. Our study of nonlinear particle chains is to a great extent motivated by the desire to understand basic properties of materials through their microscopic structure.</AbstractNarration>
    <MinAmdLetterDate>04/20/1995</MinAmdLetterDate>
    <MaxAmdLetterDate>04/20/1995</MaxAmdLetterDate>
    <ARRAAmount/>
    <AwardID>9500623</AwardID>
    <Investigator>
      <FirstName>Stephanos</FirstName>
      <LastName>Venakides</LastName>
      <EmailAddress>ven@math.duke.edu</EmailAddress>
      <StartDate>04/20/1995</StartDate>
      <EndDate/>
      <RoleCode>Principal Investigator</RoleCode>
    </Investigator>
    <Institution>
      <Name>Duke University</Name>
      <CityName>Durham</CityName>
      <ZipCode>277054010</ZipCode>
      <PhoneNumber>9196843030</PhoneNumber>
      <StreetAddress>2200 W. Main St, Suite 710</StreetAddress>
      <CountryName>United States</CountryName>
      <StateName>North Carolina</StateName>
      <StateCode>NC</StateCode>
    </Institution>
    <FoaInformation>
      <Code>0000099</Code>
      <Name>Other Applications NEC</Name>
    </FoaInformation>
  </Award>
</rootTag>
