<?xml version="1.0" encoding="UTF-8"?>

<rootTag>
  <Award>
    <AwardTitle>Planning Visit for Energy Efficiency Improvements in Tunisian Electric Power Industry and Opportunities for Mitigating Greenhouse Gas Emissions</AwardTitle>
    <AwardEffectiveDate>02/15/1995</AwardEffectiveDate>
    <AwardExpirationDate>01/31/1996</AwardExpirationDate>
    <AwardAmount>2200</AwardAmount>
    <AwardInstrument>
      <Value>Standard Grant</Value>
    </AwardInstrument>
    <Organization>
      <Code>01090000</Code>
      <Directorate>
        <LongName>Office Of The Director</LongName>
      </Directorate>
      <Division>
        <LongName>Office Of Internatl Science &amp;Engineering</LongName>
      </Division>
    </Organization>
    <ProgramOfficer>
      <SignBlockName>Osman Shinaishin</SignBlockName>
    </ProgramOfficer>
    <AbstractNarration>9500127 Rahman Description: This project is to support a planning visit by Dr. Saif-ur-Rahman, Department of Electrical Engineering, Virginia Institute of Technology and State University, Blacksburg, VA, to Tunisia to develop a joint research project on electric energy management to reduce pollution. ***</AbstractNarration>
    <MinAmdLetterDate>02/03/1995</MinAmdLetterDate>
    <MaxAmdLetterDate>02/03/1995</MaxAmdLetterDate>
    <ARRAAmount/>
    <AwardID>9500127</AwardID>
    <Investigator>
      <FirstName>Saifur</FirstName>
      <LastName>Rahman</LastName>
      <EmailAddress>Srahman@vt.edu</EmailAddress>
      <StartDate>02/03/1995</StartDate>
      <EndDate/>
      <RoleCode>Principal Investigator</RoleCode>
    </Investigator>
    <Institution>
      <Name>Virginia Polytechnic Institute and State University</Name>
      <CityName>BLACKSBURG</CityName>
      <ZipCode>240610001</ZipCode>
      <PhoneNumber>5402315281</PhoneNumber>
      <StreetAddress>Sponsored Programs 0170</StreetAddress>
      <CountryName>United States</CountryName>
      <StateName>Virginia</StateName>
      <StateCode>VA</StateCode>
    </Institution>
    <FoaInformation>
      <Code>0306000</Code>
      <Name>Energy Research &amp; Resources</Name>
    </FoaInformation>
    <FoaInformation>
      <Code>55</Code>
      <Name>Engineering-Electrical</Name>
    </FoaInformation>
    <ProgramElement>
      <Code>5976</Code>
      <Text>AFRICA, NEAR EAST, &amp; SO ASIA</Text>
    </ProgramElement>
    <ProgramReference>
      <Code>5928</Code>
      <Text>AFRICA AND ASIA,OTHER</Text>
    </ProgramReference>
    <ProgramReference>
      <Code>9186</Code>
      <Text>RESOURCE USE AND MANAGEMENT</Text>
    </ProgramReference>
    <ProgramReference>
      <Code>EGCH</Code>
      <Text>ENVIRONMENT AND GLOBAL CHANGE</Text>
    </ProgramReference>
    <ProgramReference>
      <Code>ENVI</Code>
      <Text>ENVIRONMENT</Text>
    </ProgramReference>
  </Award>
</rootTag>
