<?xml version="1.0" encoding="UTF-8"?>

<rootTag>
  <Award>
    <AwardTitle>Research Equipment Grant: A Graphics Supercomputer for a Virtual Reality Conceptual Design System</AwardTitle>
    <AwardEffectiveDate>05/15/1995</AwardEffectiveDate>
    <AwardExpirationDate>04/30/1996</AwardExpirationDate>
    <AwardAmount>83327</AwardAmount>
    <AwardInstrument>
      <Value>Standard Grant</Value>
    </AwardInstrument>
    <Organization>
      <Code>07030000</Code>
      <Directorate>
        <LongName>Directorate For Engineering</LongName>
      </Directorate>
      <Division>
        <LongName>Div Of Civil, Mechanical, &amp; Manufact Inn</LongName>
      </Division>
    </Organization>
    <ProgramOfficer>
      <SignBlockName>George A. Hazelrigg</SignBlockName>
    </ProgramOfficer>
    <AbstractNarration>9500544 Henderson This grant provides funding to the Department of Mechanical and Aerospace Engineering at the Arizona State University for the purchase of graphics supercomputer equipment that will be dedicated to the support of research in simulation of steps in Integrated Product and Process Development (IPPD). This graphics equipment will replace currently outdated research workstations that are too slow for current research projects. Specifically, the new workstation will allow complex parts to be displayed and manipulated in real time while using texture mapping and lighting models. In addition, the workstation will allow stereo three-dimensional viewing at a 120 Hz refresh rate, which is required by current stereo viewing equipment. This equipment will enable real-time display for concurrent engineering, simulation, and data visualization. Computational speed is important because a metric used in today's product development is time, in the form of reduced time to market, instant design feedback, networked display for electronic commerce, and real-time simulation animation. Several important aspects of engineering design are supported by this equipment. These include a number of research projects that are likely to advance the state-of-the-art of engineering design. Research in engineering design is important to the maintenance of a competitive position in the design and production of nearly all products.</AbstractNarration>
    <MinAmdLetterDate>04/28/1995</MinAmdLetterDate>
    <MaxAmdLetterDate>04/28/1995</MaxAmdLetterDate>
    <ARRAAmount/>
    <AwardID>9500544</AwardID>
    <Investigator>
      <FirstName>Mark</FirstName>
      <LastName>Henderson</LastName>
      <EmailAddress>mark.henderson@asu.edu</EmailAddress>
      <StartDate>04/28/1995</StartDate>
      <EndDate/>
      <RoleCode>Principal Investigator</RoleCode>
    </Investigator>
    <Institution>
      <Name>Arizona State University</Name>
      <CityName>TEMPE</CityName>
      <ZipCode>852816011</ZipCode>
      <PhoneNumber>4809655479</PhoneNumber>
      <StreetAddress>ORSPA</StreetAddress>
      <CountryName>United States</CountryName>
      <StateName>Arizona</StateName>
      <StateCode>AZ</StateCode>
    </Institution>
    <FoaInformation>
      <Code>0308000</Code>
      <Name>Industrial Technology</Name>
    </FoaInformation>
    <FoaInformation>
      <Code>59</Code>
      <Name>Engineering NEC</Name>
    </FoaInformation>
    <ProgramElement>
      <Code>1464</Code>
      <Text>ENGINEERING DESIGN AND INNOVAT</Text>
    </ProgramElement>
    <ProgramReference>
      <Code>9148</Code>
      <Text>TOOLS &amp; TECHNOL FOR MANUFACTURING DESIGN</Text>
    </ProgramReference>
    <ProgramReference>
      <Code>MANU</Code>
      <Text>MANUFACTURING</Text>
    </ProgramReference>
  </Award>
</rootTag>
