<?xml version="1.0" encoding="UTF-8"?>

<rootTag>
  <Award>
    <AwardTitle>GOALI: Industry/University Cooperative Research Project: Development of a Novel Thin Film Deposition Process: A Combined Experimental and Computer Simulation Study</AwardTitle>
    <AwardEffectiveDate>04/15/1995</AwardEffectiveDate>
    <AwardExpirationDate>03/31/2001</AwardExpirationDate>
    <AwardAmount>298404</AwardAmount>
    <AwardInstrument>
      <Value>Continuing grant</Value>
    </AwardInstrument>
    <Organization>
      <Code>07020000</Code>
      <Directorate>
        <LongName>Directorate For Engineering</LongName>
      </Directorate>
      <Division>
        <LongName>Div Of Chem, Bioeng, Env, &amp; Transp Sys</LongName>
      </Division>
    </Organization>
    <ProgramOfficer>
      <SignBlockName>Maria Burka</SignBlockName>
    </ProgramOfficer>
    <AbstractNarration>9500817-Engstrom - GOALI ABSTRACT Deposition and growth of thin films represents an enabling technology that impacts a number of existing and emerging industries, including microelectronic and optoelectronic device fabrication. This work will investigate the use of collimated supersonic jets of molecular thin film precursors under conditions of medium to ultrahigh vacuum to grow thin films. Previous work by the principal investigator has demonstrated explicitly that kinetic limitations to epitaxial growth can be overcome by the use of molecules possessing hyperthermal kinetic energies. This work is being extended to a fundamental examination of the connections between the chemical dynamics of the adsorption reaction and the resulting thin film morphology, as well as an explicit, quantitative evaluation of the hypersonic flow field. The studies will be conducted in a supersonic molecular beam growth chamber that has been optimized for thin film growth and evaluation of the hypersonic flow field, the latter including the pertubing effects of the substrate itself. Computational studies of the flow fields will be made employing the direct simulation Monte Carlo (DSMC) approach. These large-scale simulations will be performed on a massively parellel computing platform. Specific materials systems to be investigated include: selective epitaxial growth of silicon; deposition of silicon carbide on silicon; and deposition and growth of carbon-nitride. It is expected that these studies will provide a fundamentally-based pathway for scale-up of the process necessary for eventual commercial applications.</AbstractNarration>
    <MinAmdLetterDate>03/30/1995</MinAmdLetterDate>
    <MaxAmdLetterDate>11/28/2000</MaxAmdLetterDate>
    <ARRAAmount/>
    <AwardID>9500817</AwardID>
    <Investigator>
      <FirstName>Iain</FirstName>
      <LastName>Boyd</LastName>
      <EmailAddress>iainboyd@umich.edu</EmailAddress>
      <StartDate>03/30/1995</StartDate>
      <EndDate/>
      <RoleCode>Co-Principal Investigator</RoleCode>
    </Investigator>
    <Investigator>
      <FirstName>James</FirstName>
      <LastName>Engstrom</LastName>
      <EmailAddress>jre7@cornell.edu</EmailAddress>
      <StartDate>03/30/1995</StartDate>
      <EndDate/>
      <RoleCode>Principal Investigator</RoleCode>
    </Investigator>
    <Institution>
      <Name>Cornell University</Name>
      <CityName>Ithaca</CityName>
      <ZipCode>148502820</ZipCode>
      <PhoneNumber>6072555014</PhoneNumber>
      <StreetAddress>373 Pine Tree Road</StreetAddress>
      <CountryName>United States</CountryName>
      <StateName>New York</StateName>
      <StateCode>NY</StateCode>
    </Institution>
    <FoaInformation>
      <Code>0308000</Code>
      <Name>Industrial Technology</Name>
    </FoaInformation>
    <FoaInformation>
      <Code>53</Code>
      <Name>Engineering-Chemical</Name>
    </FoaInformation>
  </Award>
</rootTag>
