<?xml version="1.0" encoding="UTF-8"?>

<rootTag>
  <Award>
    <AwardTitle>Experimental and Theoretical Studies of Molecular Structure and Dynamics in Solution</AwardTitle>
    <AwardEffectiveDate>06/01/1995</AwardEffectiveDate>
    <AwardExpirationDate>05/31/1999</AwardExpirationDate>
    <AwardAmount>347000</AwardAmount>
    <AwardInstrument>
      <Value>Continuing grant</Value>
    </AwardInstrument>
    <Organization>
      <Code>03090004</Code>
      <Directorate>
        <LongName>Direct For Mathematical &amp; Physical Scien</LongName>
      </Directorate>
      <Division>
        <LongName>Division Of Chemistry</LongName>
      </Division>
    </Organization>
    <ProgramOfficer>
      <SignBlockName>Janice M. Hicks</SignBlockName>
    </ProgramOfficer>
    <AbstractNarration>In this project in the Experimental Physical Chemistry Program, Thomas Farrar of the University of Wisconsin will use NMR relaxation techniques to investigate liquid phase interactions and hydrogen bonding between solvent and solute and their effects on structure and dynamics. Experiments include measurements of the temperature and solvent dependence of nuclear quadrupole coupling constants in simple systems, characterization of spin coupling effects and their application to solution phase structure and dynamics, and NMR and infrared studies to determine the relationships between chemical shift tensors, quadrupole coupling tensors, and force constants. Theoretical studies will also be conducted to interpret these measurements in light of existing NMR relaxation theory and to test the limits of current models. Nuclear Magnetic Resonance studies have already provided a great deal of information on the way molecules interact with one another in the liquid phase. Professor Farrar's work will help extend our understanding of these interactions to more complex systems such as those involving hydrogen bonding. Systems such as these are common in biochemistry, and the results of this work may have important ramifications in this area</AbstractNarration>
    <MinAmdLetterDate>04/10/1995</MinAmdLetterDate>
    <MaxAmdLetterDate>02/09/1999</MaxAmdLetterDate>
    <ARRAAmount/>
    <AwardID>9500735</AwardID>
    <Investigator>
      <FirstName>Thomas</FirstName>
      <LastName>Farrar</LastName>
      <EmailAddress>tfarrar@chem.wisc.edu</EmailAddress>
      <StartDate>04/10/1995</StartDate>
      <EndDate/>
      <RoleCode>Principal Investigator</RoleCode>
    </Investigator>
    <Institution>
      <Name>University of Wisconsin-Madison</Name>
      <CityName>MADISON</CityName>
      <ZipCode>537151218</ZipCode>
      <PhoneNumber>6082623822</PhoneNumber>
      <StreetAddress>21 North Park Street</StreetAddress>
      <CountryName>United States</CountryName>
      <StateName>Wisconsin</StateName>
      <StateCode>WI</StateCode>
    </Institution>
  </Award>
</rootTag>
