<?xml version="1.0" encoding="UTF-8"?>

<rootTag>
  <Award>
    <AwardTitle>Symposium in Honor of Martin Karplus</AwardTitle>
    <AwardEffectiveDate>03/01/1995</AwardEffectiveDate>
    <AwardExpirationDate>08/31/1995</AwardExpirationDate>
    <AwardAmount>5500</AwardAmount>
    <AwardInstrument>
      <Value>Standard Grant</Value>
    </AwardInstrument>
    <Organization>
      <Code>03090004</Code>
      <Directorate>
        <LongName>Direct For Mathematical &amp; Physical Scien</LongName>
      </Directorate>
      <Division>
        <LongName>Division Of Chemistry</LongName>
      </Division>
    </Organization>
    <ProgramOfficer>
      <SignBlockName>Richard Hilderbrandt</SignBlockName>
    </ProgramOfficer>
    <AbstractNarration>Carol Post, Purdue University, is supported by a grant from the Theoretical and Computational Chemistry Program to organize a one day symposium in honor of Martin Karplus from Harvard University. The symposium, to be held at Harvard University on March 17-18, 1995, will consist of 15 presentations by outstanding scientists in the many fields representative of Karplus' research interests. A special issue of Journal of Physical Chemistry has been reserved to contain papers from the symposium as well as other papers honoring Karplus' contributions to the field of Theoretical Chemistry.</AbstractNarration>
    <MinAmdLetterDate>03/23/1995</MinAmdLetterDate>
    <MaxAmdLetterDate>03/23/1995</MaxAmdLetterDate>
    <ARRAAmount/>
    <AwardID>9500358</AwardID>
    <Investigator>
      <FirstName>Carol Beth</FirstName>
      <LastName>Post</LastName>
      <EmailAddress>cbp@purdue.edu</EmailAddress>
      <StartDate>03/23/1995</StartDate>
      <EndDate/>
      <RoleCode>Principal Investigator</RoleCode>
    </Investigator>
    <Institution>
      <Name>Purdue University</Name>
      <CityName>West Lafayette</CityName>
      <ZipCode>479072114</ZipCode>
      <PhoneNumber>7654941055</PhoneNumber>
      <StreetAddress>Young Hall</StreetAddress>
      <CountryName>United States</CountryName>
      <StateName>Indiana</StateName>
      <StateCode>IN</StateCode>
    </Institution>
    <FoaInformation>
      <Code>0000099</Code>
      <Name>Other Applications NEC</Name>
    </FoaInformation>
  </Award>
</rootTag>
