<?xml version="1.0" encoding="UTF-8"?>

<rootTag>
  <Award>
    <AwardTitle>Research Experiences for Undergraduates in Physics and Astronomy at the University of Toledo</AwardTitle>
    <AwardEffectiveDate>02/15/1995</AwardEffectiveDate>
    <AwardExpirationDate>01/31/1999</AwardExpirationDate>
    <AwardAmount>152250</AwardAmount>
    <AwardInstrument>
      <Value>Continuing grant</Value>
    </AwardInstrument>
    <Organization>
      <Code>03010000</Code>
      <Directorate>
        <LongName>Direct For Mathematical &amp; Physical Scien</LongName>
      </Directorate>
      <Division>
        <LongName>Division Of Physics</LongName>
      </Division>
    </Organization>
    <ProgramOfficer>
      <SignBlockName>Terrence W. Rettig</SignBlockName>
    </ProgramOfficer>
    <AbstractNarration>9500433 Ellis The "Research Experiences for Undergraduates" in the Physics Department of the University of Toledo will be continued. This program places eight students each summer in the research programs of the Department, which cover a number of topics in Physics and Astronomy. The students will be given a number of opportunities to interact professionally. ***</AbstractNarration>
    <MinAmdLetterDate>02/01/1995</MinAmdLetterDate>
    <MaxAmdLetterDate>02/03/1997</MaxAmdLetterDate>
    <ARRAAmount/>
    <AwardID>9500433</AwardID>
    <Investigator>
      <FirstName>David</FirstName>
      <LastName>Ellis</LastName>
      <EmailAddress>dge@physics.utoledo.edu</EmailAddress>
      <StartDate>02/01/1995</StartDate>
      <EndDate/>
      <RoleCode>Principal Investigator</RoleCode>
    </Investigator>
    <Investigator>
      <FirstName>Thomas</FirstName>
      <LastName>Kvale</LastName>
      <EmailAddress>thomas.kvale@utoledo.edu</EmailAddress>
      <StartDate>02/01/1995</StartDate>
      <EndDate/>
      <RoleCode>Co-Principal Investigator</RoleCode>
    </Investigator>
    <Investigator>
      <FirstName>Scott</FirstName>
      <LastName>Lee</LastName>
      <EmailAddress>sal@physics.utoledo.edu</EmailAddress>
      <StartDate>02/01/1995</StartDate>
      <EndDate/>
      <RoleCode>Co-Principal Investigator</RoleCode>
    </Investigator>
    <Institution>
      <Name>University of Toledo</Name>
      <CityName>TOLEDO</CityName>
      <ZipCode>436063390</ZipCode>
      <PhoneNumber>4195302844</PhoneNumber>
      <StreetAddress>2801 W Bancroft St., MS 944</StreetAddress>
      <CountryName>United States</CountryName>
      <StateName>Ohio</StateName>
      <StateCode>OH</StateCode>
    </Institution>
    <FoaInformation>
      <Code>0000099</Code>
      <Name>Other Applications NEC</Name>
    </FoaInformation>
  </Award>
</rootTag>
