<?xml version="1.0" encoding="UTF-8"?>

<rootTag>
  <Award>
    <AwardTitle>Mathematical Sciences: Problems in Linear Analysis</AwardTitle>
    <AwardEffectiveDate>06/15/1995</AwardEffectiveDate>
    <AwardExpirationDate>05/31/1998</AwardExpirationDate>
    <AwardAmount>120000</AwardAmount>
    <AwardInstrument>
      <Value>Continuing grant</Value>
    </AwardInstrument>
    <Organization>
      <Code>03040200</Code>
      <Directorate>
        <LongName>Direct For Mathematical &amp; Physical Scien</LongName>
      </Directorate>
      <Division>
        <LongName>Division Of Mathematical Sciences</LongName>
      </Division>
    </Organization>
    <ProgramOfficer>
      <SignBlockName>Joe W. Jenkins</SignBlockName>
    </ProgramOfficer>
    <AbstractNarration>PROPOSAL NO.: DMS - 9500924 PROPOSAL TITLE: Problems in Linear Analysis PI/PD: Leiba Rodman CO-PI/PD: Hugo J. Woerdeman ABSTRACT The principal investigators plan to study a variety of interconnected problems in a highly active area of research in Mathematical Sciences that involves operator theory, matrix analysis, and their applications in science and technology, using also closely related areas of pure and applied mathematics: function theory, Fourier analysis. In addition to continuing work on other topics, specific problems are outlined in the following subjects which are the main focus of the research: 1. Interpolation problems for matrix and operator valued functions; 2. Completions of finite and infinite matrices and operators; 3. Riccati equations; 4. Krein space operators; 5.Applications. The principal investigators strive to develop new results that can be proved in an abstract mathematical context (e. g., in terms of *-algebras), and that at the same time yield new and useful information in various more specific settings. The principal investigators plan to relate the newly obtained abstract results to the original areas of application. Applications that are emphasized in the proposal include Advanced Manufacturing (engineering control systems) and High Performance Computing and Communications (tomography), which have been identified as two of the strategic areas with impact on national need. Other areas of relevant application are: engineering control systems, optics of polarized light, kinetic energy minimization in quantum chemistry, diffraction of waves, signal processing, and pattern recognition. Interactions with many researchers in different fields (mathematics, computer science, engineering), various countries besides the U. S. (Canada, The Netherlands, Italy, Israel, Norway, France, United Kingdom), and scientists in industry and government (the National Institute of Health, NEC Research Institute) are planned and form an integral part of this project.</AbstractNarration>
    <MinAmdLetterDate>06/07/1995</MinAmdLetterDate>
    <MaxAmdLetterDate>12/06/1996</MaxAmdLetterDate>
    <ARRAAmount/>
    <AwardID>9500924</AwardID>
    <Investigator>
      <FirstName>Hugo</FirstName>
      <LastName>Woerdeman</LastName>
      <EmailAddress>hugo@math.drexel.edu</EmailAddress>
      <StartDate>06/07/1995</StartDate>
      <EndDate/>
      <RoleCode>Co-Principal Investigator</RoleCode>
    </Investigator>
    <Investigator>
      <FirstName>Leiba</FirstName>
      <LastName>Rodman</LastName>
      <EmailAddress>lxrodm@math.wm.edu</EmailAddress>
      <StartDate>06/07/1995</StartDate>
      <EndDate/>
      <RoleCode>Principal Investigator</RoleCode>
    </Investigator>
    <Institution>
      <Name>College of William and Mary</Name>
      <CityName>Williamsburg</CityName>
      <ZipCode>231878795</ZipCode>
      <PhoneNumber>7572213966</PhoneNumber>
      <StreetAddress>Office of Sponsored Programs</StreetAddress>
      <CountryName>United States</CountryName>
      <StateName>Virginia</StateName>
      <StateCode>VA</StateCode>
    </Institution>
    <FoaInformation>
      <Code>0000099</Code>
      <Name>Other Applications NEC</Name>
    </FoaInformation>
    <FoaInformation>
      <Code>21</Code>
      <Name>Mathematics</Name>
    </FoaInformation>
  </Award>
</rootTag>
