<?xml version="1.0" encoding="UTF-8"?>

<rootTag>
  <Award>
    <AwardTitle>Experimental Studies of Surface and Interface Magnetism</AwardTitle>
    <AwardEffectiveDate>05/15/1995</AwardEffectiveDate>
    <AwardExpirationDate>06/30/1998</AwardExpirationDate>
    <AwardAmount>340000</AwardAmount>
    <AwardInstrument>
      <Value>Continuing grant</Value>
    </AwardInstrument>
    <Organization>
      <Code>03070003</Code>
      <Directorate>
        <LongName>Direct For Mathematical &amp; Physical Scien</LongName>
      </Directorate>
      <Division>
        <LongName>Division Of Materials Research</LongName>
      </Division>
    </Organization>
    <ProgramOfficer>
      <SignBlockName>H. Hollis Wickman</SignBlockName>
    </ProgramOfficer>
    <AbstractNarration>9500213 Hopster This research project is an investigation of the magnetism of surfaces, ultrathin films, and interfaces. The focus is on metallic systems, including transition metals and rare earth metals. The magnetic order and the surface atomic moments of transition metals of the 3d, 4d, and 5d series will be studied by spin-polarized electron energy loss spectroscopy. The magnetic domain structure of gadolinium films below and above the bulk Curie temperature will be investigated by spin polarized secondary electron emission microscopy. Magnetic ordering phenomena in antiferromagnetic films will be studied by preparing multilayered materials which include thin ferromagnetic layers between the antiferromagnetic layers. The research is focused on fundamental magnetism issues, but the results will also be of much broader interest, particularly in the context of information storage technology. %%% This research project investigates ultrathin multilayers of magnetic metals. The magnetic behavior of the multilayers depends on the thickness and composition of the various layers--in ways that are incompletely understood. The experimental approach involves study of the interaction of magnetic electrons with the thin films. The scattering of the magnetic electrons by the materials can be analyzed to deduce important information about the magnetic state of the films. The materials are of fundamental interest, and have great technological relevance in the context of information storage technology based on hard drives, and related devices. ***</AbstractNarration>
    <MinAmdLetterDate>05/17/1995</MinAmdLetterDate>
    <MaxAmdLetterDate>02/24/1997</MaxAmdLetterDate>
    <ARRAAmount/>
    <AwardID>9500213</AwardID>
    <Investigator>
      <FirstName>Herbert</FirstName>
      <LastName>Hopster</LastName>
      <EmailAddress>hhopster@uci.edu</EmailAddress>
      <StartDate>05/17/1995</StartDate>
      <EndDate/>
      <RoleCode>Principal Investigator</RoleCode>
    </Investigator>
    <Institution>
      <Name>University of California-Irvine</Name>
      <CityName>Irvine</CityName>
      <ZipCode>926173213</ZipCode>
      <PhoneNumber>9498247295</PhoneNumber>
      <StreetAddress>141 Innovation Drive, Ste 250</StreetAddress>
      <CountryName>United States</CountryName>
      <StateName>California</StateName>
      <StateCode>CA</StateCode>
    </Institution>
    <FoaInformation>
      <Code>0106000</Code>
      <Name>Materials Research</Name>
    </FoaInformation>
    <FoaInformation>
      <Code>14</Code>
      <Name>Condensed Matter Physics</Name>
    </FoaInformation>
    <ProgramElement>
      <Code>1710</Code>
      <Text>CONDENSED MATTER PHYSICS</Text>
    </ProgramElement>
    <ProgramReference>
      <Code>1761</Code>
      <Text>SOLID STATE PHYSICS</Text>
    </ProgramReference>
    <ProgramReference>
      <Code>9161</Code>
      <Text>SINGLE DIVISION/UNIVERSITY</Text>
    </ProgramReference>
    <ProgramReference>
      <Code>AMPP</Code>
      <Text>ADVANCED MATERIALS &amp; PROCESSING PROGRAM</Text>
    </ProgramReference>
  </Award>
</rootTag>
