<?xml version="1.0" encoding="UTF-8"?>

<rootTag>
  <Award>
    <AwardTitle>Mathemetical Sciences: Variational Analysis and Dynamical Optimization</AwardTitle>
    <AwardEffectiveDate>05/01/1995</AwardEffectiveDate>
    <AwardExpirationDate>10/31/1998</AwardExpirationDate>
    <AwardAmount>158910</AwardAmount>
    <AwardInstrument>
      <Value>Continuing grant</Value>
    </AwardInstrument>
    <Organization>
      <Code>03040100</Code>
      <Directorate>
        <LongName>Direct For Mathematical &amp; Physical Scien</LongName>
      </Directorate>
      <Division>
        <LongName>Division Of Mathematical Sciences</LongName>
      </Division>
    </Organization>
    <ProgramOfficer>
      <SignBlockName>Deborah Lockhart</SignBlockName>
    </ProgramOfficer>
    <AbstractNarration>9500957 Rockafeller This project centers on optimization problems concerned with the management or control of systems with dynamical structure. For problems in continuous time, such as arise in the optimal control mf engineering systems and economic models, new forms of variational analysis will be developed in order to characterize solutions more concretely and in a wider variety of settings. In particular, issues of solution stability will be studied. For problems in discrete time, models of decision-making under uncertainty will be the focus. Connections between stochastic programming and dynamic programming will be elucidated and made the basis of new approaches to the design of computational methods for finding solutions. The work will deal with mathematical innovations necessary to understand the effects of different control strategies in situations that heretofore have resisted effective modeling. Especially important are the ways of representing mathematically the revelation over time of information about random elements in a problem's structure. A combination of scenario trees with state-variable dynamics will be explored for this purpose. Extended linear-quadratic programming will be utilized to allow penalty expression of constraints and to promote dualization leading to numerical schemes in which problems of enormous scale can be broken down iteratively into problems solvable on high-speed computers. ***</AbstractNarration>
    <MinAmdLetterDate>04/26/1995</MinAmdLetterDate>
    <MaxAmdLetterDate>12/04/1996</MaxAmdLetterDate>
    <ARRAAmount/>
    <AwardID>9500957</AwardID>
    <Investigator>
      <FirstName>R. Tyrrell</FirstName>
      <LastName>Rockafellar</LastName>
      <EmailAddress>rtr@math.washington.edu</EmailAddress>
      <StartDate>04/26/1995</StartDate>
      <EndDate/>
      <RoleCode>Principal Investigator</RoleCode>
    </Investigator>
    <Institution>
      <Name>University of Washington</Name>
      <CityName>Seattle</CityName>
      <ZipCode>981950001</ZipCode>
      <PhoneNumber>2065434043</PhoneNumber>
      <StreetAddress>4333 Brooklyn Ave NE</StreetAddress>
      <CountryName>United States</CountryName>
      <StateName>Washington</StateName>
      <StateCode>WA</StateCode>
    </Institution>
    <FoaInformation>
      <Code>0000099</Code>
      <Name>Other Applications NEC</Name>
    </FoaInformation>
    <FoaInformation>
      <Code>21</Code>
      <Name>Mathematics</Name>
    </FoaInformation>
    <ProgramElement>
      <Code>1266</Code>
      <Text>APPLIED MATHEMATICS</Text>
    </ProgramElement>
    <ProgramReference>
      <Code>0000</Code>
      <Text>UNASSIGNED</Text>
    </ProgramReference>
    <ProgramReference>
      <Code>9146</Code>
      <Text>MANUFACTURING BASE RESEARCH</Text>
    </ProgramReference>
    <ProgramReference>
      <Code>MANU</Code>
      <Text>MANUFACTURING</Text>
    </ProgramReference>
    <ProgramReference>
      <Code>OTHR</Code>
      <Text>OTHER RESEARCH OR EDUCATION</Text>
    </ProgramReference>
  </Award>
</rootTag>
