<?xml version="1.0" encoding="UTF-8"?>

<rootTag>
  <Award>
    <AwardTitle>REU Site: Summer of Applied Geophysical Experience (SAGE)</AwardTitle>
    <AwardEffectiveDate>06/01/1995</AwardEffectiveDate>
    <AwardExpirationDate>11/30/1998</AwardExpirationDate>
    <AwardAmount>198000</AwardAmount>
    <AwardInstrument>
      <Value>Continuing grant</Value>
    </AwardInstrument>
    <Organization>
      <Code>06030203</Code>
      <Directorate>
        <LongName>Directorate For Geosciences</LongName>
      </Directorate>
      <Division>
        <LongName>Division Of Earth Sciences</LongName>
      </Division>
    </Organization>
    <ProgramOfficer>
      <SignBlockName>Michael A. Mayhew</SignBlockName>
    </ProgramOfficer>
    <AbstractNarration>9500021 Jiracek The Summer of Applied Geophysical Experience (SAGE) supplemented by this REU program focuses modern geophysical methods on a major geologic problem. Undergraduates first spend four summer weeks doing hands-on research into the structure and tectonics of the Rio Grande rift using seismic reflection and refraction, gravity, magnetics, electrical resistivity, electromagnetics, and magnetotellurics. Follow the fields segment, most REU students continue their research at their home campus or at one-week workshops held during the following academic year. Students participate in every phase of the field program; they process and interpret data and present results in both oral and written form. The SAGE format provides extremely close interaction between faculty and students, as all reside together. SAGE is sponsored by Los Alamos National Laboratory and 5 schools, who furnish both faculty and equipment. Additional equipment, workstations, and speakers are provided by SAGE Industrial Affiliates, which includes major energy companies, contractors, and computer manufacturers. The award supports 15 undergraduates, who join an equal number of graduate students.</AbstractNarration>
    <MinAmdLetterDate>05/11/1995</MinAmdLetterDate>
    <MaxAmdLetterDate>08/24/1996</MaxAmdLetterDate>
    <ARRAAmount/>
    <AwardID>9500021</AwardID>
    <Investigator>
      <FirstName>George</FirstName>
      <LastName>Jiracek</LastName>
      <EmailAddress>jiracek@moho.sdsu.edu</EmailAddress>
      <StartDate>05/11/1995</StartDate>
      <EndDate/>
      <RoleCode>Principal Investigator</RoleCode>
    </Investigator>
    <Investigator>
      <FirstName>Warren</FirstName>
      <LastName>Baldridge</LastName>
      <EmailAddress>sbaldridge@lanl.gov</EmailAddress>
      <StartDate>05/11/1995</StartDate>
      <EndDate/>
      <RoleCode>Co-Principal Investigator</RoleCode>
    </Investigator>
    <Institution>
      <Name>San Diego State University Foundation</Name>
      <CityName>San Diego</CityName>
      <ZipCode>921822190</ZipCode>
      <PhoneNumber>6195945731</PhoneNumber>
      <StreetAddress>5250 Campanile Drive</StreetAddress>
      <CountryName>United States</CountryName>
      <StateName>California</StateName>
      <StateCode>CA</StateCode>
    </Institution>
    <FoaInformation>
      <Code>0000099</Code>
      <Name>Other Applications NEC</Name>
    </FoaInformation>
    <FoaInformation>
      <Code>42</Code>
      <Name>Geological Sciences</Name>
    </FoaInformation>
  </Award>
</rootTag>
