<?xml version="1.0" encoding="UTF-8"?>

<rootTag>
  <Award>
    <AwardTitle>Mycofloristic, Revisionary, and Monographic Studies in the Xylariaceae</AwardTitle>
    <AwardEffectiveDate>11/15/1995</AwardEffectiveDate>
    <AwardExpirationDate>10/31/1999</AwardExpirationDate>
    <AwardAmount>179991</AwardAmount>
    <AwardInstrument>
      <Value>Standard Grant</Value>
    </AwardInstrument>
    <Organization>
      <Code>08010207</Code>
      <Directorate>
        <LongName>Direct For Biological Sciences</LongName>
      </Directorate>
      <Division>
        <LongName>Division Of Environmental Biology</LongName>
      </Division>
    </Organization>
    <ProgramOfficer>
      <SignBlockName>James E. Rodman</SignBlockName>
    </ProgramOfficer>
    <AbstractNarration>9500503 Rogers Fungi, even those with conspicuous fruiting bodies (spore-producing structures), remain poorly known, especially from tropical parts of the world. Dr. Jack Rogers of Washington State University continues to pursue studies of ascomycete fungi of the family Xylariaceae, a group of ca. 37 genera and hundreds of species distributed worldwide. These include species of wood-rotting forms, some that are plant pathogens, and some that live internally in plants but without known destructive effects (known as fungal endophytes). With the help of colleagues in Europe and in Latin America, Dr. Rogers is collecting new specimens of the fungi, and where possible culturing these in the laboratory in order to determine complete life cycle stages that link anamorphic (asexual, conidial) forms with teleomorphic (sexual) stages. Mating tests in the laboratory also help to determine the boundaries between closely related species, and provide preliminary genetic data on incompatibility reactions. The taxonomic revisionary and inventory research on Xylariaceae fungi represents a productive extension of Dr. Rogers' long-term studies of poorly known ascomycetes. This early or "alpha" taxonomic stage of research focuses on the study of morphological characters and life histories, in order to determine reliable features that can be used to discriminate among closely similar species. The foundational knowledge thus acquired will eventually permit analysis of phylogenetic or genealogical relationships among these taxa, and their biogeographical histories and ecological interactions.</AbstractNarration>
    <MinAmdLetterDate>11/08/1995</MinAmdLetterDate>
    <MaxAmdLetterDate>06/11/1997</MaxAmdLetterDate>
    <ARRAAmount/>
    <AwardID>9500503</AwardID>
    <Investigator>
      <FirstName>Jack</FirstName>
      <LastName>Rogers</LastName>
      <EmailAddress>Rogers@WSU.edu</EmailAddress>
      <StartDate>11/08/1995</StartDate>
      <EndDate/>
      <RoleCode>Principal Investigator</RoleCode>
    </Investigator>
    <Institution>
      <Name>Washington State University</Name>
      <CityName>PULLMAN</CityName>
      <ZipCode>991641060</ZipCode>
      <PhoneNumber>5093359661</PhoneNumber>
      <StreetAddress>280 Lighty</StreetAddress>
      <CountryName>United States</CountryName>
      <StateName>Washington</StateName>
      <StateCode>WA</StateCode>
    </Institution>
    <FoaInformation>
      <Code>0000099</Code>
      <Name>Other Applications NEC</Name>
    </FoaInformation>
    <FoaInformation>
      <Code>64</Code>
      <Name>Environmental Biology</Name>
    </FoaInformation>
    <ProgramElement>
      <Code>1171</Code>
      <Text>PHYLOGENETIC SYSTEMATICS</Text>
    </ProgramElement>
    <ProgramReference>
      <Code>9169</Code>
      <Text>BIODIVERSITY AND ECOSYSTEM DYNAMICS</Text>
    </ProgramReference>
    <ProgramReference>
      <Code>EGCH</Code>
      <Text>ENVIRONMENT AND GLOBAL CHANGE</Text>
    </ProgramReference>
  </Award>
</rootTag>
