<?xml version="1.0" encoding="UTF-8"?>

<rootTag>
  <Award>
    <AwardTitle>Quantitative Study of Strain-Enhanced Atomic Transport in Mechanically Milled Metal Powders</AwardTitle>
    <AwardEffectiveDate>05/15/1995</AwardEffectiveDate>
    <AwardExpirationDate>04/30/1999</AwardExpirationDate>
    <AwardAmount>324414</AwardAmount>
    <AwardInstrument>
      <Value>Continuing grant</Value>
    </AwardInstrument>
    <Organization>
      <Code>03070004</Code>
      <Directorate>
        <LongName>Direct For Mathematical &amp; Physical Scien</LongName>
      </Directorate>
      <Division>
        <LongName>Division Of Materials Research</LongName>
      </Division>
    </Organization>
    <ProgramOfficer>
      <SignBlockName>Bruce A. MacDonald</SignBlockName>
    </ProgramOfficer>
    <AbstractNarration>9500617 Atzmon A quantitative study is made of the temporal evolution of structural and microstructural parameters of metal powders during ball milling. A ball mill design is employed which allows precise knowledge and control of the powder temperature, milling intensity and atmosphere with the temperature and milling intensity as main control variables. Materials parameters of interest include grain size, root-mean-square elastic strain, long- and short-range order parameters, solubilities in supersaturated solutions, domain sizes in two-phase mixtures, and the crystallized fraction in amorphous alloys. Characterization of the material is by x-ray diffraction, differential scanning calorimetry, and scanning and transmission electron microscopy. Elaborate analysis of experimental results should provide expressions for the contributions of plastic deformation and thermal recovery to the evolution of each parameter. The results are interpreted in analogy with theories of radiation-enhanced diffusion and radiation-induced phase formation. Most importantly, quantitative evidence for plastic deformation enhanced diffusion is expected to be obtained from the thermal recovery term. %%% This work is expected to provide new and quantitative understanding of microscopic processes occurring during ball milling. It is anticipated that the experience gained in systematic microstructural design will help in prospective practical applications. ***</AbstractNarration>
    <MinAmdLetterDate>04/17/1995</MinAmdLetterDate>
    <MaxAmdLetterDate>02/26/1997</MaxAmdLetterDate>
    <ARRAAmount/>
    <AwardID>9500617</AwardID>
    <Investigator>
      <FirstName>Michael</FirstName>
      <LastName>Atzmon</LastName>
      <EmailAddress>atzmon@umich.edu</EmailAddress>
      <StartDate>04/17/1995</StartDate>
      <EndDate/>
      <RoleCode>Principal Investigator</RoleCode>
    </Investigator>
    <Institution>
      <Name>University of Michigan Ann Arbor</Name>
      <CityName>Ann Arbor</CityName>
      <ZipCode>481091274</ZipCode>
      <PhoneNumber>7347636438</PhoneNumber>
      <StreetAddress>3003 South State St. Room 1062</StreetAddress>
      <CountryName>United States</CountryName>
      <StateName>Michigan</StateName>
      <StateCode>MI</StateCode>
    </Institution>
    <FoaInformation>
      <Code>0106000</Code>
      <Name>Materials Research</Name>
    </FoaInformation>
    <FoaInformation>
      <Code>15</Code>
      <Name>Metals, Ceramics &amp; Electronic Materials</Name>
    </FoaInformation>
    <ProgramElement>
      <Code>1715</Code>
      <Text>METALS, CERAMICS, &amp; ELEC MATRS</Text>
    </ProgramElement>
    <ProgramReference>
      <Code>1374</Code>
      <Text>PNGV-MATERIALS</Text>
    </ProgramReference>
    <ProgramReference>
      <Code>1771</Code>
      <Text>METAL &amp; METALLIC NANOSTRUCTURE</Text>
    </ProgramReference>
    <ProgramReference>
      <Code>9146</Code>
      <Text>MANUFACTURING BASE RESEARCH</Text>
    </ProgramReference>
    <ProgramReference>
      <Code>9161</Code>
      <Text>SINGLE DIVISION/UNIVERSITY</Text>
    </ProgramReference>
    <ProgramReference>
      <Code>9178</Code>
      <Text>UNDERGRADUATE EDUCATION</Text>
    </ProgramReference>
    <ProgramReference>
      <Code>9251</Code>
      <Text>RES EXPER FOR UNDERGRAD-SUPPLT</Text>
    </ProgramReference>
    <ProgramReference>
      <Code>MANU</Code>
      <Text>MANUFACTURING</Text>
    </ProgramReference>
    <ProgramReference>
      <Code>SMET</Code>
      <Text>SCIENCE, MATH, ENG &amp; TECH EDUCATION</Text>
    </ProgramReference>
  </Award>
</rootTag>
