<?xml version="1.0" encoding="UTF-8"?>

<rootTag>
  <Award>
    <AwardTitle>Mathematical Sciences: Moduli Problems in Algebraic Geometry</AwardTitle>
    <AwardEffectiveDate>07/01/1995</AwardEffectiveDate>
    <AwardExpirationDate>12/31/1997</AwardExpirationDate>
    <AwardAmount>44950</AwardAmount>
    <AwardInstrument>
      <Value>Standard Grant</Value>
    </AwardInstrument>
    <Organization>
      <Code>03040300</Code>
      <Directorate>
        <LongName>Direct For Mathematical &amp; Physical Scien</LongName>
      </Directorate>
      <Division>
        <LongName>Division Of Mathematical Sciences</LongName>
      </Division>
    </Organization>
    <ProgramOfficer>
      <SignBlockName>Gary Cornell</SignBlockName>
    </ProgramOfficer>
    <AbstractNarration>9500964 Thaddeus Professor Thaddeus will study the topology and geometry of quotient varieties using his techniques of flips. In particular he will study configuration spaces of certain projective spaces. He will also study moduli spaces off vector bundles and curves. he hopes to compute relations in their cohomology rings and the associated Hilbert polynomials. This is research in the field of algebraic geometry, yet it directly connects to two of the great advances in theoretical physics in this century--quantum mechanics and general relativity. Algebraic geometry itself is one of the oldest parts of modern mathematics, but one which has had a revolutionary flowering in the past quarter-century. In its origin, it treated figures that could be defined in the plane by the simplest equations, namely polynomials. Nowadays the field makes use of methods not only from algebra, but from analysis and topology, and conversely is finding application in those fields as well as in physics, theoretical computer science, and robotics. ***</AbstractNarration>
    <MinAmdLetterDate>04/07/1995</MinAmdLetterDate>
    <MaxAmdLetterDate>04/07/1995</MaxAmdLetterDate>
    <ARRAAmount/>
    <AwardID>9500964</AwardID>
    <Investigator>
      <FirstName>Michael</FirstName>
      <LastName>Thaddeus</LastName>
      <EmailAddress>thaddeus@math.columbia.edu</EmailAddress>
      <StartDate>04/07/1995</StartDate>
      <EndDate/>
      <RoleCode>Principal Investigator</RoleCode>
    </Investigator>
    <Institution>
      <Name>Harvard University</Name>
      <CityName>Cambridge</CityName>
      <ZipCode>021385366</ZipCode>
      <PhoneNumber>6174955501</PhoneNumber>
      <StreetAddress>1033 MASSACHUSETTS AVE</StreetAddress>
      <CountryName>United States</CountryName>
      <StateName>Massachusetts</StateName>
      <StateCode>MA</StateCode>
    </Institution>
    <FoaInformation>
      <Code>0000099</Code>
      <Name>Other Applications NEC</Name>
    </FoaInformation>
    <FoaInformation>
      <Code>21</Code>
      <Name>Mathematics</Name>
    </FoaInformation>
  </Award>
</rootTag>
