<?xml version="1.0" encoding="UTF-8"?>

<rootTag>
  <Award>
    <AwardTitle>Mathematical Sciences: Ergodic Theory and Related Topics</AwardTitle>
    <AwardEffectiveDate>07/01/1995</AwardEffectiveDate>
    <AwardExpirationDate>06/30/2000</AwardExpirationDate>
    <AwardAmount>24047</AwardAmount>
    <AwardInstrument>
      <Value>Standard Grant</Value>
    </AwardInstrument>
    <Organization>
      <Code>03040000</Code>
      <Directorate>
        <LongName>Direct For Mathematical &amp; Physical Scien</LongName>
      </Directorate>
      <Division>
        <LongName>Division Of Mathematical Sciences</LongName>
      </Division>
    </Organization>
    <ProgramOfficer>
      <SignBlockName>Bruce P. Palka</SignBlockName>
    </ProgramOfficer>
    <AbstractNarration>9500803 Feldman This project involves many facets of work on probability theory and ergodic theory. The research includes work on the following projects: A classification of filtrations of stochastic processes; Zero-one asymptotic properties of averages of functions transformed under ergodic measure preserving transformations; Cofiltrations and ergodic group actions; Reparametrization for Euclidean group actions and for foliations; Ergodic properties of multiplication on the circle. Collectively, these projects cover a broad portion of the current ergodic theory research landscape. Ergodic theory in general concerns understanding the average long-term behavior of systems that are too complicated or chaotic to be followed in real time. Under the heading of "dynamics" can be placed the modern theory of how repeated applications of transformations effect measurable quantities. In this way, groups of transformations and abstract measure theory form the mathematical cornerstones of ergodic theory. This proposal involves the leading edge of the mathematics of ergodic theory. ***</AbstractNarration>
    <MinAmdLetterDate>03/31/1995</MinAmdLetterDate>
    <MaxAmdLetterDate>06/29/1999</MaxAmdLetterDate>
    <ARRAAmount/>
    <AwardID>9500803</AwardID>
    <Investigator>
      <FirstName>Jacob</FirstName>
      <LastName>Feldman</LastName>
      <EmailAddress/>
      <StartDate>03/31/1995</StartDate>
      <EndDate/>
      <RoleCode>Principal Investigator</RoleCode>
    </Investigator>
    <Institution>
      <Name>University of California-Berkeley</Name>
      <CityName>BERKELEY</CityName>
      <ZipCode>947045940</ZipCode>
      <PhoneNumber>5106428109</PhoneNumber>
      <StreetAddress>Sponsored Projects Office</StreetAddress>
      <CountryName>United States</CountryName>
      <StateName>California</StateName>
      <StateCode>CA</StateCode>
    </Institution>
  </Award>
</rootTag>
