<?xml version="1.0" encoding="UTF-8"?>

<rootTag>
  <Award>
    <AwardTitle>Conference on Biochemical Engineering (Biochemical Engineering IX)</AwardTitle>
    <AwardEffectiveDate>03/15/1995</AwardEffectiveDate>
    <AwardExpirationDate>02/29/1996</AwardExpirationDate>
    <AwardAmount>16000</AwardAmount>
    <AwardInstrument>
      <Value>Standard Grant</Value>
    </AwardInstrument>
    <Organization>
      <Code>07020000</Code>
      <Directorate>
        <LongName>Directorate For Engineering</LongName>
      </Directorate>
      <Division>
        <LongName>Div Of Chem, Bioeng, Env, &amp; Transp Sys</LongName>
      </Division>
    </Organization>
    <ProgramOfficer>
      <SignBlockName>william weigand</SignBlockName>
    </ProgramOfficer>
    <AbstractNarration>9500436 Wittrup This conference will bring together leaders, practitioners, and students to discuss the latest ideas and discoveries in biochemical engineering, and will emphasize efforts to expand the intellectual and industrial scope of biotechnology and the contributions which biochemical engineers can make to this expansion. The theme of the conference is that biotechnology is increasingly and interdisciplinary endeavor, requiring knowledge, methods, and expertise from biochemistry, genetics, chemistry, computer science, and chemical engineering to identify the most critical problems, to formulate the most creative and successful strategies, and to implement the most novel and profitable solutions. This interdisciplinary web of interactions is critical for the development of new products using biotechnology, and new processes for synthesizing and purifying the products of biotechnology. ***</AbstractNarration>
    <MinAmdLetterDate>03/03/1995</MinAmdLetterDate>
    <MaxAmdLetterDate>03/03/1995</MaxAmdLetterDate>
    <ARRAAmount/>
    <AwardID>9500436</AwardID>
    <Investigator>
      <FirstName>karl</FirstName>
      <LastName>wittrup</LastName>
      <EmailAddress>wittrup@mit.edu</EmailAddress>
      <StartDate>03/03/1995</StartDate>
      <EndDate/>
      <RoleCode>Principal Investigator</RoleCode>
    </Investigator>
    <Institution>
      <Name>United Engineering Trustees, Inc.</Name>
      <CityName>New York</CityName>
      <ZipCode>10017</ZipCode>
      <PhoneNumber/>
      <StreetAddress/>
      <CountryName>United States</CountryName>
      <StateName>New York</StateName>
      <StateCode>NY</StateCode>
    </Institution>
    <FoaInformation>
      <Code>0308000</Code>
      <Name>Industrial Technology</Name>
    </FoaInformation>
    <FoaInformation>
      <Code>53</Code>
      <Name>Engineering-Chemical</Name>
    </FoaInformation>
    <ProgramElement>
      <Code>1402</Code>
      <Text>BIOCHEMICAL &amp; BIOMASS ENG</Text>
    </ProgramElement>
    <ProgramElement>
      <Code>1491</Code>
      <Text>BIOTECH, BIOCHEM &amp; BIOMASS ENG</Text>
    </ProgramElement>
    <ProgramReference>
      <Code>1402</Code>
      <Text>BIOCHEMICAL &amp; BIOMASS ENG</Text>
    </ProgramReference>
    <ProgramReference>
      <Code>9181</Code>
      <Text>BIOPROCESSING/BIOMOLECULAR MATERIALS</Text>
    </ProgramReference>
    <ProgramReference>
      <Code>BIOT</Code>
      <Text>BIOTECHNOLOGY</Text>
    </ProgramReference>
  </Award>
</rootTag>
