<?xml version="1.0" encoding="UTF-8"?>

<rootTag>
  <Award>
    <AwardTitle>REG: Pollutant Emission Analyzer</AwardTitle>
    <AwardEffectiveDate>06/15/1995</AwardEffectiveDate>
    <AwardExpirationDate>05/31/1997</AwardExpirationDate>
    <AwardAmount>40200</AwardAmount>
    <AwardInstrument>
      <Value>Standard Grant</Value>
    </AwardInstrument>
    <Organization>
      <Code>07020000</Code>
      <Directorate>
        <LongName>Directorate For Engineering</LongName>
      </Directorate>
      <Division>
        <LongName>Div Of Chem, Bioeng, Env, &amp; Transp Sys</LongName>
      </Division>
    </Organization>
    <ProgramOfficer>
      <SignBlockName>Farley Fisher</SignBlockName>
    </ProgramOfficer>
    <AbstractNarration>Abstract CTS-9500381 Chehroudi This proposal is for funds to purchase an Engine Emission Analyzer from Rosemount Analytical Inc. The equipment will be used for several research programs for example one is aimed at the reduction of NOx and other emissions without the fuel penalty and a second is concerned with the use of "Natural Gas" as a fuel in two-stroke engines. In addition the requested instrumentation will be useful in several courses in applied combustion and internal combustion engines.</AbstractNarration>
    <MinAmdLetterDate>06/20/1995</MinAmdLetterDate>
    <MaxAmdLetterDate>06/20/1995</MaxAmdLetterDate>
    <ARRAAmount/>
    <AwardID>9500381</AwardID>
    <Investigator>
      <FirstName>Behrouz</FirstName>
      <LastName>Chehroudi</LastName>
      <EmailAddress>bchehrou@nova.gmi.edu</EmailAddress>
      <StartDate>06/20/1995</StartDate>
      <EndDate/>
      <RoleCode>Principal Investigator</RoleCode>
    </Investigator>
    <Institution>
      <Name>Kettering University</Name>
      <CityName>Flint</CityName>
      <ZipCode>485046214</ZipCode>
      <PhoneNumber>8107629677</PhoneNumber>
      <StreetAddress>1700 University Ave</StreetAddress>
      <CountryName>United States</CountryName>
      <StateName>Michigan</StateName>
      <StateCode>MI</StateCode>
    </Institution>
    <FoaInformation>
      <Code>0118000</Code>
      <Name>Pollution Control</Name>
    </FoaInformation>
    <FoaInformation>
      <Code>0306000</Code>
      <Name>Energy Research &amp; Resources</Name>
    </FoaInformation>
    <FoaInformation>
      <Code>0308000</Code>
      <Name>Industrial Technology</Name>
    </FoaInformation>
    <FoaInformation>
      <Code>56</Code>
      <Name>Engineering-Mechanical</Name>
    </FoaInformation>
    <ProgramElement>
      <Code>1407</Code>
      <Text>COMBUSTION, FIRE, &amp; PLASMA SYS</Text>
    </ProgramElement>
    <ProgramReference>
      <Code>9188</Code>
      <Text>AIR QUALITY</Text>
    </ProgramReference>
    <ProgramReference>
      <Code>EGCH</Code>
      <Text>ENVIRONMENT AND GLOBAL CHANGE</Text>
    </ProgramReference>
  </Award>
</rootTag>
