<?xml version="1.0" encoding="UTF-8"?>

<rootTag>
  <Award>
    <AwardTitle>Travel Support for the l995 Dagstuhl Seminar on Deduction, March 20-24, l995, Dagstuhl Seminar Center, Wadern, Germany.</AwardTitle>
    <AwardEffectiveDate>03/15/1995</AwardEffectiveDate>
    <AwardExpirationDate>08/31/1995</AwardExpirationDate>
    <AwardAmount>8375</AwardAmount>
    <AwardInstrument>
      <Value>Standard Grant</Value>
    </AwardInstrument>
    <Organization>
      <Code>05010200</Code>
      <Directorate>
        <LongName>Direct For Computer &amp; Info Scie &amp; Enginr</LongName>
      </Directorate>
      <Division>
        <LongName>Division of Computing and Communication Foundations</LongName>
      </Division>
    </Organization>
    <ProgramOfficer>
      <SignBlockName>S. Kamal Abdali</SignBlockName>
    </ProgramOfficer>
    <AbstractNarration>An international seminar on deduction organized by Prof. Wolfgang Bibel (Technische Hochschule Darmstadt, Germany), Prof. Koichi Furukawa (Keio University, Japan), and Dr. Mark Stickel (SRI International, Menlo Park, California) was held 20-24 March l995 at the Dagstuhl Seminar Center in Wadern, Germany. About 50 researchers working in the field of automated deduction from around the world were invited to participate.</AbstractNarration>
    <MinAmdLetterDate>02/27/1995</MinAmdLetterDate>
    <MaxAmdLetterDate>02/27/1995</MaxAmdLetterDate>
    <ARRAAmount/>
    <AwardID>9500136</AwardID>
    <Investigator>
      <FirstName>Mark</FirstName>
      <LastName>Stickel</LastName>
      <EmailAddress>stickel@ai.sri.com</EmailAddress>
      <StartDate>02/27/1995</StartDate>
      <EndDate/>
      <RoleCode>Principal Investigator</RoleCode>
    </Investigator>
    <Institution>
      <Name>SRI International</Name>
      <CityName>Menlo Park</CityName>
      <ZipCode>940253493</ZipCode>
      <PhoneNumber>6508592651</PhoneNumber>
      <StreetAddress>333 RAVENSWOOD AVE</StreetAddress>
      <CountryName>United States</CountryName>
      <StateName>California</StateName>
      <StateCode>CA</StateCode>
    </Institution>
    <FoaInformation>
      <Code>0000099</Code>
      <Name>Other Applications NEC</Name>
    </FoaInformation>
    <FoaInformation>
      <Code>31</Code>
      <Name>Computer Science &amp; Engineering</Name>
    </FoaInformation>
  </Award>
</rootTag>
