<?xml version="1.0" encoding="UTF-8"?>

<rootTag>
  <Award>
    <AwardTitle>Late Quaternary Vegetation History and Depositional Environment of the Yedoma Sections of the Lower Kolyma; Northeast Siberia - Feasibility Study</AwardTitle>
    <AwardEffectiveDate>11/15/1994</AwardEffectiveDate>
    <AwardExpirationDate>10/31/1995</AwardExpirationDate>
    <AwardAmount>14996</AwardAmount>
    <AwardInstrument>
      <Value>Standard Grant</Value>
    </AwardInstrument>
    <Organization>
      <Code>01020304</Code>
      <Directorate>
        <LongName>Office Of The Director</LongName>
      </Directorate>
      <Division>
        <LongName>Office of Polar Programs</LongName>
      </Division>
    </Organization>
    <ProgramOfficer>
      <SignBlockName>Scott Borg</SignBlockName>
    </ProgramOfficer>
    <AbstractNarration>This award supports a study of paleobotanical material in Holocene peat from northeastern Siberia. At present, there is little information about past climatic and environmental conditions in this part of Russia. This work focuses on samples from the lower Kolyma River terrace deposits, called Yedoma deposits, which have been dissected by thermokarst activity and river erosion. The deposits consist of mid to late Pleistocene silt layers capped in depressions by Holocene peat. The goal is to test the utility of these deposits for yielding proxy records of paleoclimatic and paleoenvironmental conditions. If successful this work will yield important information on the environmental history of a climatically sensitive region of the Russian northeast. This work constitutes the paleobotanical analyses of a field program funded by the National Geographic Society. This work will include analysis of pollen and spores in addition to the analysis of fungal and algal remains. This information will be a key component in reconstructing the late Pleistocene and Holocene depositional and environmental conditions of this region. In addition, this work has substantial potential for expanding understanding of a coupled high-latitude vegetation-landscape-climate system.</AbstractNarration>
    <MinAmdLetterDate>11/10/1994</MinAmdLetterDate>
    <MaxAmdLetterDate>11/10/1994</MaxAmdLetterDate>
    <ARRAAmount/>
    <AwardID>9500240</AwardID>
    <Investigator>
      <FirstName>Wendy</FirstName>
      <LastName>Eisner</LastName>
      <EmailAddress>wendy.eisner@uc.edu</EmailAddress>
      <StartDate>11/10/1994</StartDate>
      <EndDate/>
      <RoleCode>Principal Investigator</RoleCode>
    </Investigator>
    <Institution>
      <Name>Ohio State University Research Foundation -DO NOT USE</Name>
      <CityName>Columbus</CityName>
      <ZipCode>432101016</ZipCode>
      <PhoneNumber>6142923732</PhoneNumber>
      <StreetAddress>1960 KENNY RD</StreetAddress>
      <CountryName>United States</CountryName>
      <StateName>Ohio</StateName>
      <StateCode>OH</StateCode>
    </Institution>
    <FoaInformation>
      <Code>0311000</Code>
      <Name>Polar Programs-Related</Name>
    </FoaInformation>
  </Award>
</rootTag>
