<?xml version="1.0" encoding="UTF-8"?>

<rootTag>
  <Award>
    <AwardTitle>Dynamics of Surface-Bound Polymers</AwardTitle>
    <AwardEffectiveDate>05/01/1995</AwardEffectiveDate>
    <AwardExpirationDate>10/31/1998</AwardExpirationDate>
    <AwardAmount>227000</AwardAmount>
    <AwardInstrument>
      <Value>Continuing grant</Value>
    </AwardInstrument>
    <Organization>
      <Code>03070007</Code>
      <Directorate>
        <LongName>Direct For Mathematical &amp; Physical Scien</LongName>
      </Directorate>
      <Division>
        <LongName>Division Of Materials Research</LongName>
      </Division>
    </Organization>
    <ProgramOfficer>
      <SignBlockName>Andrew J. Lovinger</SignBlockName>
    </ProgramOfficer>
    <AbstractNarration>9500926 Blum This research aims to study the molecular motion of polymers on solid surfaces. This work is important because the properties of multiphase materials, especially composites depend not only on the properties of the major components, but also on the properties of the interface and interfacial materials. Since the interfacial layers are normally quite thin, microscopic tehcniques such as spectroscopy are needed for their characterization. The focus of the present work is on the microscopic dynamics of interfacial polymers. This complements the more abundant structural studies which have been done. Together, knowledge of the structure and dynamics of interfacial materials will help researchers to design interfacial systems with optimum properties for advanced applications such as advanced composites or particle stabilization. %%% Specifically, solid-state deuterium NMR and other techniques will be used to probe molecular motion of specifically deuterated polymers. The use of deuterium labelling is important because it is no a significant perturbation of the interface and the deuterons act as reporter groups based on their position which is synthetically controlled. Of specific interest is the dynamics of surface-bound homopolymers and block copolymers on silica or alumina. ***</AbstractNarration>
    <MinAmdLetterDate>04/18/1995</MinAmdLetterDate>
    <MaxAmdLetterDate>02/05/1997</MaxAmdLetterDate>
    <ARRAAmount/>
    <AwardID>9500926</AwardID>
    <Investigator>
      <FirstName>Frank</FirstName>
      <LastName>Blum</LastName>
      <EmailAddress>fblum@okstate.edu</EmailAddress>
      <StartDate>04/18/1995</StartDate>
      <EndDate/>
      <RoleCode>Principal Investigator</RoleCode>
    </Investigator>
    <Institution>
      <Name>Missouri University of Science and Technology</Name>
      <CityName>Rolla</CityName>
      <ZipCode>654096506</ZipCode>
      <PhoneNumber>5733414134</PhoneNumber>
      <StreetAddress>300 W 12th Street</StreetAddress>
      <CountryName>United States</CountryName>
      <StateName>Missouri</StateName>
      <StateCode>MO</StateCode>
    </Institution>
  </Award>
</rootTag>
