<?xml version="1.0" encoding="UTF-8"?>

<rootTag>
  <Award>
    <AwardTitle>Acquisition of a Three-Dimensional Microscopic Image Analysis Systems</AwardTitle>
    <AwardEffectiveDate>04/15/1995</AwardEffectiveDate>
    <AwardExpirationDate>03/31/1996</AwardExpirationDate>
    <AwardAmount>59746</AwardAmount>
    <AwardInstrument>
      <Value>Standard Grant</Value>
    </AwardInstrument>
    <Organization>
      <Code>07030000</Code>
      <Directorate>
        <LongName>Directorate For Engineering</LongName>
      </Directorate>
      <Division>
        <LongName>Div Of Civil, Mechanical, &amp; Manufact Inn</LongName>
      </Division>
    </Organization>
    <ProgramOfficer>
      <SignBlockName>William A. Spitzig</SignBlockName>
    </ProgramOfficer>
    <AbstractNarration>9500119 German A three-dimensional microscopic image analysis system will be purchased with funds partially supplied by this grant. The equipment to be purchased will allow the dissection and analysis of virtually all engineering materials on a layer by layer basis using a microtome with micromilling capabilities. The image analysis system will then reassemble a series of two-dimensional planer images into a three-dimensional construct that will show the microstructural features in the original environment. The situation envisioned is similar to the modern CAT scans used in medicine. This should provide insight into phenomena that are poorly understood at present. ***</AbstractNarration>
    <MinAmdLetterDate>04/04/1995</MinAmdLetterDate>
    <MaxAmdLetterDate>04/04/1995</MaxAmdLetterDate>
    <ARRAAmount/>
    <AwardID>9500119</AwardID>
    <Investigator>
      <FirstName>Randall</FirstName>
      <LastName>German</LastName>
      <EmailAddress>rgerman@mail.sdsu.edu</EmailAddress>
      <StartDate>04/04/1995</StartDate>
      <EndDate/>
      <RoleCode>Principal Investigator</RoleCode>
    </Investigator>
    <Investigator>
      <FirstName>Ronald</FirstName>
      <LastName>Iacocca</LastName>
      <EmailAddress>rgi1@psu.edu</EmailAddress>
      <StartDate>04/04/1995</StartDate>
      <EndDate/>
      <RoleCode>Co-Principal Investigator</RoleCode>
    </Investigator>
    <Institution>
      <Name>Pennsylvania State Univ University Park</Name>
      <CityName>UNIVERSITY PARK</CityName>
      <ZipCode>168027000</ZipCode>
      <PhoneNumber>8148651372</PhoneNumber>
      <StreetAddress>110 Technology Center Building</StreetAddress>
      <CountryName>United States</CountryName>
      <StateName>Pennsylvania</StateName>
      <StateCode>PA</StateCode>
    </Institution>
    <FoaInformation>
      <Code>57</Code>
      <Name>Engineering-Metallurgy &amp; Material</Name>
    </FoaInformation>
    <FoaInformation>
      <Code>56</Code>
      <Name>Engineering-Mechanical</Name>
    </FoaInformation>
    <FoaInformation>
      <Code>0308000</Code>
      <Name>Industrial Technology</Name>
    </FoaInformation>
  </Award>
</rootTag>
