<?xml version="1.0" encoding="UTF-8"?>

<rootTag>
  <Award>
    <AwardTitle>Design of Flexible Assembly Systems</AwardTitle>
    <AwardEffectiveDate>09/01/1995</AwardEffectiveDate>
    <AwardExpirationDate>08/31/2000</AwardExpirationDate>
    <AwardAmount>275000</AwardAmount>
    <AwardInstrument>
      <Value>Continuing grant</Value>
    </AwardInstrument>
    <Organization>
      <Code>07030000</Code>
      <Directorate>
        <LongName>Directorate For Engineering</LongName>
      </Directorate>
      <Division>
        <LongName>Div Of Civil, Mechanical, &amp; Manufact Inn</LongName>
      </Division>
    </Organization>
    <ProgramOfficer>
      <SignBlockName>Lawrence M. Seiford</SignBlockName>
    </ProgramOfficer>
    <AbstractNarration>9500211 Wilhelm This award provides funding for research that will establish a science base for optimizing integer programming formulations of large-scale, flexible assembly design problems. Design decisions that will be addressed include prescribing system configuration, for example, flexible lines or focused factories; strategic aspects such as selecting machines; tactical aspects such as assigning tasks to machines, selecting tooling and prescribing tool changeovers; and interfacing with operational issues such as model sequencing and lot sizing. Specific research objectives are: integrated, state-of-the-art branch and cut implementation; effective facet generation approach; computational testing to evaluate the approach; and collaboration with industry, assuring relevancy and facilitating technology transfer. If successful, this research will lead to an advanced technology base for assembly by devising new methods to assure design robustness, incorporating recent advances from the area of assembly sequence planning, dealing with relevant aspects of design, and assuring a generic solution approach that can be tailored to application-specific features. In addition, this research could lead to fundamental advances in the field of integer programming, improving the capability to solve a broad range of engineering problems in manufacturing and related areas. ***</AbstractNarration>
    <MinAmdLetterDate>04/05/1995</MinAmdLetterDate>
    <MaxAmdLetterDate>11/23/1999</MaxAmdLetterDate>
    <ARRAAmount/>
    <AwardID>9500211</AwardID>
    <Investigator>
      <FirstName>Wilbert</FirstName>
      <LastName>Wilhelm</LastName>
      <EmailAddress>wilhelm@tamu.edu</EmailAddress>
      <StartDate>04/05/1995</StartDate>
      <EndDate/>
      <RoleCode>Principal Investigator</RoleCode>
    </Investigator>
    <Institution>
      <Name>Texas A&amp;M Engineering Experiment Station</Name>
      <CityName>College Station</CityName>
      <ZipCode>778454645</ZipCode>
      <PhoneNumber>9798477635</PhoneNumber>
      <StreetAddress>TEES State Headquarters Bldg.</StreetAddress>
      <CountryName>United States</CountryName>
      <StateName>Texas</StateName>
      <StateCode>TX</StateCode>
    </Institution>
    <FoaInformation>
      <Code>0107000</Code>
      <Name>Operations Research</Name>
    </FoaInformation>
    <FoaInformation>
      <Code>59</Code>
      <Name>Engineering NEC</Name>
    </FoaInformation>
    <FoaInformation>
      <Code>0308000</Code>
      <Name>Industrial Technology</Name>
    </FoaInformation>
    <ProgramElement>
      <Code>1465</Code>
      <Text>PRODUCTION SYSTEMS</Text>
    </ProgramElement>
    <ProgramReference>
      <Code>9102</Code>
      <Text>WOMEN, MINORITY, DISABLED, NEC</Text>
    </ProgramReference>
    <ProgramReference>
      <Code>9147</Code>
      <Text>GENERIC TECHNOL FOR MANUFACTURING CELLS</Text>
    </ProgramReference>
    <ProgramReference>
      <Code>9178</Code>
      <Text>UNDERGRADUATE EDUCATION</Text>
    </ProgramReference>
    <ProgramReference>
      <Code>9231</Code>
      <Text>SUPPL FOR UNDERGRAD RES ASSIST</Text>
    </ProgramReference>
    <ProgramReference>
      <Code>9251</Code>
      <Text>RES EXPER FOR UNDERGRAD-SUPPLT</Text>
    </ProgramReference>
    <ProgramReference>
      <Code>MANU</Code>
      <Text>MANUFACTURING</Text>
    </ProgramReference>
  </Award>
</rootTag>
