<?xml version="1.0" encoding="UTF-8"?>

<rootTag>
  <Award>
    <AwardTitle>Mathematical Sciences: Linear Operators and Complex Variables</AwardTitle>
    <AwardEffectiveDate>07/01/1995</AwardEffectiveDate>
    <AwardExpirationDate>06/30/1998</AwardExpirationDate>
    <AwardAmount>65000</AwardAmount>
    <AwardInstrument>
      <Value>Standard Grant</Value>
    </AwardInstrument>
    <Organization>
      <Code>03040200</Code>
      <Directorate>
        <LongName>Direct For Mathematical &amp; Physical Scien</LongName>
      </Directorate>
      <Division>
        <LongName>Division Of Mathematical Sciences</LongName>
      </Division>
    </Organization>
    <ProgramOfficer>
      <SignBlockName>Joe W. Jenkins</SignBlockName>
    </ProgramOfficer>
    <AbstractNarration>9500954 Putinar This project involves continued research in multivariable spectral theory and in the theory of hyponormal operators. In the first area, standard cohomological methods will be combined with hard analysis techniques of several complex variables in the study of a class of Hilbert modules over function algebras. In the second area, a novel correspondence between quadrature domains and hyponormal operators will be exploited and expanded in both directions. The research will focus on several new and not yet fully investigated relations between two areas of mathematical analysis: function theory and operator theory. The benefits are expected to be on both sides, with a great potential of further research and with applications to computational mathematics and quantum physics. ***</AbstractNarration>
    <MinAmdLetterDate>05/15/1995</MinAmdLetterDate>
    <MaxAmdLetterDate>05/15/1995</MaxAmdLetterDate>
    <ARRAAmount/>
    <AwardID>9500954</AwardID>
    <Investigator>
      <FirstName>Mihai</FirstName>
      <LastName>Putinar</LastName>
      <EmailAddress>mputinar@math.ucsb.edu</EmailAddress>
      <StartDate>05/15/1995</StartDate>
      <EndDate/>
      <RoleCode>Principal Investigator</RoleCode>
    </Investigator>
    <Institution>
      <Name>University of California-Riverside</Name>
      <CityName>RIVERSIDE</CityName>
      <ZipCode>925211000</ZipCode>
      <PhoneNumber>9518275535</PhoneNumber>
      <StreetAddress>Office of Research</StreetAddress>
      <CountryName>United States</CountryName>
      <StateName>California</StateName>
      <StateCode>CA</StateCode>
    </Institution>
    <FoaInformation>
      <Code>0000099</Code>
      <Name>Other Applications NEC</Name>
    </FoaInformation>
    <FoaInformation>
      <Code>21</Code>
      <Name>Mathematics</Name>
    </FoaInformation>
  </Award>
</rootTag>
