<?xml version="1.0" encoding="UTF-8"?>

<rootTag>
  <Award>
    <AwardTitle>Mathematical Sciences: Computability and Mathematical Definability</AwardTitle>
    <AwardEffectiveDate>07/01/1995</AwardEffectiveDate>
    <AwardExpirationDate>06/30/1997</AwardExpirationDate>
    <AwardAmount>60000</AwardAmount>
    <AwardInstrument>
      <Value>Continuing grant</Value>
    </AwardInstrument>
    <Organization>
      <Code>03040200</Code>
      <Directorate>
        <LongName>Direct For Mathematical &amp; Physical Scien</LongName>
      </Directorate>
      <Division>
        <LongName>Division Of Mathematical Sciences</LongName>
      </Division>
    </Organization>
    <ProgramOfficer>
      <SignBlockName>Beverly Diamond</SignBlockName>
    </ProgramOfficer>
    <AbstractNarration>9500878 Slaman Slaman intends to study computability and mathematical definability. This research will contribute to developing a complete understanding of the degree-theoretic structures associated with relative definability, such as the global structures of the Turing degrees D and the Turing degrees of the recursively enumerable sets R. Missing ingredients necessary to this understanding include determining whether the universal-existential theory of R is decidable, characterizing when a relation on R or D is definable within that structure, and calculating the automorphism groups of these structures. Secondly, Slaman plans contributions to the proof-theoretic understanding of second-order arithmetic. In that context, one considers formal axiom systems which postulate that the universe (of sets or of reals) is closed under definable operations. For example, one considers the collection of axioms that states that the reals are closed under relative computation of arithmetic definability. Slaman plans systematically to study the combinatorial set-theoretic properties of the continuum in this context. He is particularly interested in conservation questions: When do closure properties of the continuum have nontrivial consequences for first-order number theory? The algebraic structure of definability is well represented by the Turing degrees, a classification of sets of integers in which two sets that can be computed from each other are considered equivalent. Slaman will study the Turing degrees in several settings, to address fundamental questions about their critical features. The necessity of noneffective means, such as the existence of sets which are not computable, can also be demonstrated proof-theoretically; this motivates Slaman's program for the systematic investigation of the combinatorial set-theoretic properties of the continuum (i.e., of an infinite set of size equal to that of all real numbers). He is particularl y interested in questions which relate the set theory of the continuum to other important sets. When do certain properties of the continuum have bearing on elementary properties of the integers? ***</AbstractNarration>
    <MinAmdLetterDate>06/23/1995</MinAmdLetterDate>
    <MaxAmdLetterDate>05/14/1996</MaxAmdLetterDate>
    <ARRAAmount/>
    <AwardID>9500878</AwardID>
    <Investigator>
      <FirstName>Theodore</FirstName>
      <LastName>Slaman</LastName>
      <EmailAddress>slaman@math.berkeley.edu</EmailAddress>
      <StartDate>06/23/1995</StartDate>
      <EndDate/>
      <RoleCode>Principal Investigator</RoleCode>
    </Investigator>
    <Institution>
      <Name>University of Chicago</Name>
      <CityName>Chicago</CityName>
      <ZipCode>606375418</ZipCode>
      <PhoneNumber>7737028669</PhoneNumber>
      <StreetAddress>5801 South Ellis Avenue</StreetAddress>
      <CountryName>United States</CountryName>
      <StateName>Illinois</StateName>
      <StateCode>IL</StateCode>
    </Institution>
    <FoaInformation>
      <Code>0000099</Code>
      <Name>Other Applications NEC</Name>
    </FoaInformation>
    <FoaInformation>
      <Code>21</Code>
      <Name>Mathematics</Name>
    </FoaInformation>
    <ProgramElement>
      <Code>1268</Code>
      <Text>FOUNDATIONS</Text>
    </ProgramElement>
    <ProgramReference>
      <Code>0000</Code>
      <Text>UNASSIGNED</Text>
    </ProgramReference>
    <ProgramReference>
      <Code>OTHR</Code>
      <Text>OTHER RESEARCH OR EDUCATION</Text>
    </ProgramReference>
  </Award>
</rootTag>
