<?xml version="1.0" encoding="UTF-8"?>

<rootTag>
  <Award>
    <AwardTitle>37th Maize Genetics Meeting, to be held March 16-19, 1995, Asilomar, CA</AwardTitle>
    <AwardEffectiveDate>01/01/1995</AwardEffectiveDate>
    <AwardExpirationDate>12/31/1995</AwardExpirationDate>
    <AwardAmount>12000</AwardAmount>
    <AwardInstrument>
      <Value>Standard Grant</Value>
    </AwardInstrument>
    <Organization>
      <Code>08070100</Code>
      <Directorate>
        <LongName>Direct For Biological Sciences</LongName>
      </Directorate>
      <Division>
        <LongName>Div Of Molecular and Cellular Bioscience</LongName>
      </Division>
    </Organization>
    <ProgramOfficer>
      <SignBlockName>DeLill Nasser</SignBlockName>
    </ProgramOfficer>
    <AbstractNarration>9500620 Cone The 37th annual Maize Genetics Meeting will be held March 16-19, 1995 at Asilomar, CA. The meeting serves to bring together scientists working with corn as an experimental organism and from all levels, students to senior Professors, in an enviroment which encourages close interaction. ***</AbstractNarration>
    <MinAmdLetterDate>12/20/1994</MinAmdLetterDate>
    <MaxAmdLetterDate>12/20/1994</MaxAmdLetterDate>
    <ARRAAmount/>
    <AwardID>9500620</AwardID>
    <Investigator>
      <FirstName>Karen</FirstName>
      <LastName>Cone</LastName>
      <EmailAddress>conek@missouri.edu</EmailAddress>
      <StartDate>12/20/1994</StartDate>
      <EndDate/>
      <RoleCode>Principal Investigator</RoleCode>
    </Investigator>
    <Institution>
      <Name>University of Missouri-Columbia</Name>
      <CityName>COLUMBIA</CityName>
      <ZipCode>652110001</ZipCode>
      <PhoneNumber>5738827560</PhoneNumber>
      <StreetAddress>115 Business Loop 70 W</StreetAddress>
      <CountryName>United States</CountryName>
      <StateName>Missouri</StateName>
      <StateCode>MO</StateCode>
    </Institution>
    <FoaInformation>
      <Code>0201000</Code>
      <Name>Agriculture</Name>
    </FoaInformation>
  </Award>
</rootTag>
