<?xml version="1.0" encoding="UTF-8"?>

<rootTag>
  <Award>
    <AwardTitle>Organization of the 1995 Integrated Photonics Research Topical Meeting to be held February 23-25, 1995 in Dana Point, California</AwardTitle>
    <AwardEffectiveDate>02/15/1995</AwardEffectiveDate>
    <AwardExpirationDate>01/31/1996</AwardExpirationDate>
    <AwardAmount>5000</AwardAmount>
    <AwardInstrument>
      <Value>Standard Grant</Value>
    </AwardInstrument>
    <Organization>
      <Code>07010000</Code>
      <Directorate>
        <LongName>Directorate For Engineering</LongName>
      </Directorate>
      <Division>
        <LongName>Div Of Electrical, Commun &amp; Cyber Sys</LongName>
      </Division>
    </Organization>
    <ProgramOfficer>
      <SignBlockName>Athena C. Harvey</SignBlockName>
    </ProgramOfficer>
    <AbstractNarration>9500441 Hennage This proposal is a request for support for the Integrated Photonics Topical Group of the Optical Society to be held 23-25 Feb. 1995 at Dana Point, CA. NSF funds for the conference will concentrate on support of students and education. A report by the students will be included in the final report. Research topic areas include: 1. Active Semiconductor Devices. 2. Waveguide and Waveguide Devices. 3. Modeling, Numerical Simulation, and Theory. 4. Photonic Component Manufacturing Technology. Some of the specific invited papers are: "Phased Array WDM Devices on InP", by Bart H. Verbeek, Philips Research Labs., The Netherlands; "High Speed Modulation and Short Pulse Generation Using MQW Modulators and Their Integrated Light Sources", by Koichi Wakita, NTT Optoelectronics Laboratories, Japan; "Long Wavelength Vertical Cavity Surface Emitting Lasers", by John Bowers, University of California, Santa Barbara; "Modeling high speed dynamics in semiconductor lasers", by R. Nagarajan, University of California- Santa Barbara; "Overview of quantum wires for optical devices", by Joel Schulman, Hughes Research Laboratories; "Design principles for high-performance InP-based strain layer quantum-well lasers", by S. Seki, Optoelectronics Laboratory, Japan; and "Optoelectronic packaging and passive fiber optic array attachment", by R. A. Boudreau. AMP. ***</AbstractNarration>
    <MinAmdLetterDate>02/15/1995</MinAmdLetterDate>
    <MaxAmdLetterDate>02/15/1995</MaxAmdLetterDate>
    <ARRAAmount/>
    <AwardID>9500441</AwardID>
    <Investigator>
      <FirstName>David</FirstName>
      <LastName>Hennage</LastName>
      <EmailAddress>dhennage@osa.org</EmailAddress>
      <StartDate>02/15/1995</StartDate>
      <EndDate/>
      <RoleCode>Principal Investigator</RoleCode>
    </Investigator>
    <Institution>
      <Name>Optical Society of America</Name>
      <CityName>Washington</CityName>
      <ZipCode>200361012</ZipCode>
      <PhoneNumber>2024166102</PhoneNumber>
      <StreetAddress>2010 Massachusetts Avenue NW</StreetAddress>
      <CountryName>United States</CountryName>
      <StateName>District of Columbia</StateName>
      <StateCode>DC</StateCode>
    </Institution>
    <FoaInformation>
      <Code>0206000</Code>
      <Name>Telecommunications</Name>
    </FoaInformation>
    <FoaInformation>
      <Code>55</Code>
      <Name>Engineering-Electrical</Name>
    </FoaInformation>
  </Award>
</rootTag>
