<?xml version="1.0" encoding="UTF-8"?>

<rootTag>
  <Award>
    <AwardTitle>Mathematical Sciences: Representation Theory of Reductive P-adic Groups</AwardTitle>
    <AwardEffectiveDate>06/01/1995</AwardEffectiveDate>
    <AwardExpirationDate>05/31/1999</AwardExpirationDate>
    <AwardAmount>103576</AwardAmount>
    <AwardInstrument>
      <Value>Standard Grant</Value>
    </AwardInstrument>
    <Organization>
      <Code>03040300</Code>
      <Directorate>
        <LongName>Direct For Mathematical &amp; Physical Scien</LongName>
      </Directorate>
      <Division>
        <LongName>Division Of Mathematical Sciences</LongName>
      </Division>
    </Organization>
    <ProgramOfficer>
      <SignBlockName>Robert Perlis</SignBlockName>
    </ProgramOfficer>
    <AbstractNarration>This research concerns the classification of admissible representations of reductive p-adic groups in terms of their restrictions to compact-open subgroups. One of the goals of this work is to gain a good understanding of supercuspidal representations of these groups. The principal investigator continues his collaboration with Moy on the theory of minimal K-types, which is likely to play a fundamental role in representation theory of p-adic groups. The principal investigator also continues to pursue arithmetic, geometric and group-theoretic questions related to anisotropic semi-simple groups over global fields. This research falls into the broad category of p-adic algebraic groups. Historically, algebraic groups arose in an effort to describe all the transformations or symmetries of an n-dimensional space. The spaces under consideration here, however, are not the familiar real spaces like the line and the plane, but related objects which ape important in number theory and pure algebra.</AbstractNarration>
    <MinAmdLetterDate>05/23/1995</MinAmdLetterDate>
    <MaxAmdLetterDate>10/26/1995</MaxAmdLetterDate>
    <ARRAAmount/>
    <AwardID>9500970</AwardID>
    <Investigator>
      <FirstName>Gopal</FirstName>
      <LastName>Prasad</LastName>
      <EmailAddress>gprasad@umich.edu</EmailAddress>
      <StartDate>05/23/1995</StartDate>
      <EndDate/>
      <RoleCode>Principal Investigator</RoleCode>
    </Investigator>
    <Institution>
      <Name>University of Michigan Ann Arbor</Name>
      <CityName>Ann Arbor</CityName>
      <ZipCode>481091274</ZipCode>
      <PhoneNumber>7347636438</PhoneNumber>
      <StreetAddress>3003 South State St. Room 1062</StreetAddress>
      <CountryName>United States</CountryName>
      <StateName>Michigan</StateName>
      <StateCode>MI</StateCode>
    </Institution>
  </Award>
</rootTag>
