<?xml version="1.0" encoding="UTF-8"?>

<rootTag>
  <Award>
    <AwardTitle>Valuation of the Output of Engineering Research Centers</AwardTitle>
    <AwardEffectiveDate>11/01/1994</AwardEffectiveDate>
    <AwardExpirationDate>08/31/1996</AwardExpirationDate>
    <AwardAmount>10000</AwardAmount>
    <AwardInstrument>
      <Value>Fixed Price Award</Value>
    </AwardInstrument>
    <Organization>
      <Code>07050000</Code>
      <Directorate>
        <LongName>Directorate For Engineering</LongName>
      </Directorate>
      <Division>
        <LongName>Div Of Engineering Education and Centers</LongName>
      </Division>
    </Organization>
    <ProgramOfficer>
      <SignBlockName>Linda Parker</SignBlockName>
    </ProgramOfficer>
    <AbstractNarration>9500138 KING This proposal addresses a longstanding problem in industry- university research collaborations, namely, establishing the value to industry of the partnerships. The proposer seeks to use asset valuation methodology, a financial management technique, to derive the value of intangible results of industry-university research collaboration, e.g., intellectual property and hiring of new degree recipients whose university training included involvement in the collaboration. The proposed work entails conducting preliminary work on the untested and novel idea of using financial valuation techniques to establish the value to individual firms of outputs from industry-university research collaboration. The PI proposes to try the technique with one Engineering Research Center. ***</AbstractNarration>
    <MinAmdLetterDate>10/27/1994</MinAmdLetterDate>
    <MaxAmdLetterDate>06/11/1996</MaxAmdLetterDate>
    <ARRAAmount/>
    <AwardID>9500138</AwardID>
    <Investigator>
      <FirstName>Alfred</FirstName>
      <LastName>King</LastName>
      <EmailAddress/>
      <StartDate>10/27/1994</StartDate>
      <EndDate/>
      <RoleCode>Principal Investigator</RoleCode>
    </Investigator>
    <Institution>
      <Name>Individual Award</Name>
      <CityName>Baltimore</CityName>
      <ZipCode>21201</ZipCode>
      <PhoneNumber/>
      <StreetAddress/>
      <CountryName>United States</CountryName>
      <StateName>Maryland</StateName>
      <StateCode>MD</StateCode>
    </Institution>
    <FoaInformation>
      <Code>56</Code>
      <Name>Engineering-Mechanical</Name>
    </FoaInformation>
    <FoaInformation>
      <Code>53</Code>
      <Name>Engineering-Chemical</Name>
    </FoaInformation>
    <FoaInformation>
      <Code>0108000</Code>
      <Name>Software Development</Name>
    </FoaInformation>
    <FoaInformation>
      <Code>0106000</Code>
      <Name>Materials Research</Name>
    </FoaInformation>
    <FoaInformation>
      <Code>55</Code>
      <Name>Engineering-Electrical</Name>
    </FoaInformation>
  </Award>
</rootTag>
