<?xml version="1.0" encoding="UTF-8"?>

<rootTag>
  <Award>
    <AwardTitle>Orthogonal Groups and Quadratic Forms</AwardTitle>
    <AwardEffectiveDate>07/01/1995</AwardEffectiveDate>
    <AwardExpirationDate>06/30/1999</AwardExpirationDate>
    <AwardAmount>55000</AwardAmount>
    <AwardInstrument>
      <Value>Standard Grant</Value>
    </AwardInstrument>
    <Organization>
      <Code>03040300</Code>
      <Directorate>
        <LongName>Direct For Mathematical &amp; Physical Scien</LongName>
      </Directorate>
      <Division>
        <LongName>Division Of Mathematical Sciences</LongName>
      </Division>
    </Organization>
    <ProgramOfficer>
      <SignBlockName>Alvin I. Thaler</SignBlockName>
    </ProgramOfficer>
    <AbstractNarration>This award supports research on orthogonal groups and quadratic forms. The principal investigator will examine three problems in this general area. The first is concerned with the number of generators of certain kinds which are required for the commutator subgroup of the orthogonal group. The second is concerned with Arf invariants of quadratic forms over commutative rings and the information that this invariant imparts. The third problem is to investigate the deviation between the 2-torsion in the Brauer group of a commutative ring and the subset of images of Clifford algebras. The research supported involves the theory of quadratic forms. This, in its simplest form, is the study of polynomial forms of degree two. Equivalently, it is an analysis of the types of inner products that can define the metric geometry of an n-dimensional vector space. The study of quadratic forms has deep interrelations with algebraic geometry and algebraic K-theory.</AbstractNarration>
    <MinAmdLetterDate>06/26/1995</MinAmdLetterDate>
    <MaxAmdLetterDate>02/09/1999</MaxAmdLetterDate>
    <ARRAAmount/>
    <AwardID>9500696</AwardID>
    <Investigator>
      <FirstName>Alexander</FirstName>
      <LastName>Hahn</LastName>
      <EmailAddress>hahn.1@nd.edu</EmailAddress>
      <StartDate>06/26/1995</StartDate>
      <EndDate/>
      <RoleCode>Principal Investigator</RoleCode>
    </Investigator>
    <Institution>
      <Name>University of Notre Dame</Name>
      <CityName>NOTRE DAME</CityName>
      <ZipCode>465565708</ZipCode>
      <PhoneNumber>5746317432</PhoneNumber>
      <StreetAddress>940 Grace Hall</StreetAddress>
      <CountryName>United States</CountryName>
      <StateName>Indiana</StateName>
      <StateCode>IN</StateCode>
    </Institution>
  </Award>
</rootTag>
