<?xml version="1.0" encoding="UTF-8"?>

<rootTag>
  <Award>
    <AwardTitle>Synthesis and Characterization of Metallated Zintl Ions</AwardTitle>
    <AwardEffectiveDate>05/01/1995</AwardEffectiveDate>
    <AwardExpirationDate>04/30/1999</AwardExpirationDate>
    <AwardAmount>240000</AwardAmount>
    <AwardInstrument>
      <Value>Continuing grant</Value>
    </AwardInstrument>
    <Organization>
      <Code>03090005</Code>
      <Directorate>
        <LongName>Direct For Mathematical &amp; Physical Scien</LongName>
      </Directorate>
      <Division>
        <LongName>Division Of Chemistry</LongName>
      </Division>
    </Organization>
    <ProgramOfficer>
      <SignBlockName>Raymond Mackay</SignBlockName>
    </ProgramOfficer>
    <AbstractNarration>Dr. Bryan Eichhorn, Chemistry Department, University of Maryland - College Park, is supported by the Inorganic, Bioinorganic, and Organometallic Chemistry Program of the Chemistry Division to investigate the synthesis and characterization of transition metal derivatives of soluble group 14 and 15 Zintl ions. The compounds will be prepared from the reactions between zero valent transition-metal complexes and Zintl anions. The targeted complexes will be among the first anionic transition-metal Zintl ion clusters. These species contain few or no attendant ligands or organic groups and will contain highly nucleophilic transition-metal centers. The use of these complexes in the activation of small molecules will be investigated. In general metal atoms tend to lose electrons to form positively charged ions. However, there is a class of negatively charged species called Zintl ions which are composed of several (usually between 7 and 12) metal atoms which are clustered together. This project aims at preparing such negatively charged clusters in which one of the components is a transition-metal. Since the transition-metals have important, e.g., catalytic properties, the new species to be prepared in this research are envisioned to possess the ability to activate small molecules and perform chemical transformations more efficiently than presently known Zintl species.</AbstractNarration>
    <MinAmdLetterDate>04/03/1995</MinAmdLetterDate>
    <MaxAmdLetterDate>03/03/1997</MaxAmdLetterDate>
    <ARRAAmount/>
    <AwardID>9500686</AwardID>
    <Investigator>
      <FirstName>Bryan</FirstName>
      <LastName>Eichhorn</LastName>
      <EmailAddress>eichhorn@umd.edu</EmailAddress>
      <StartDate>04/03/1995</StartDate>
      <EndDate/>
      <RoleCode>Principal Investigator</RoleCode>
    </Investigator>
    <Institution>
      <Name>University of Maryland College Park</Name>
      <CityName>COLLEGE PARK</CityName>
      <ZipCode>207425141</ZipCode>
      <PhoneNumber>3014056269</PhoneNumber>
      <StreetAddress>3112 LEE BLDG 7809 Regents Drive</StreetAddress>
      <CountryName>United States</CountryName>
      <StateName>Maryland</StateName>
      <StateCode>MD</StateCode>
    </Institution>
    <FoaInformation>
      <Code>12</Code>
      <Name>Chemistry</Name>
    </FoaInformation>
    <FoaInformation>
      <Code>0000099</Code>
      <Name>Other Applications NEC</Name>
    </FoaInformation>
  </Award>
</rootTag>
