<?xml version="1.0" encoding="UTF-8"?>

<rootTag>
  <Award>
    <AwardTitle>US-Russian Cooperative Program in Double Beta Decay Studies</AwardTitle>
    <AwardEffectiveDate>09/01/1995</AwardEffectiveDate>
    <AwardExpirationDate>12/31/1997</AwardExpirationDate>
    <AwardAmount>22055</AwardAmount>
    <AwardInstrument>
      <Value>Continuing grant</Value>
    </AwardInstrument>
    <Organization>
      <Code>03010600</Code>
      <Directorate>
        <LongName>Direct For Mathematical &amp; Physical Scien</LongName>
      </Directorate>
      <Division>
        <LongName>Division Of Physics</LongName>
      </Division>
    </Organization>
    <ProgramOfficer>
      <SignBlockName>Bradley D. Keister</SignBlockName>
    </ProgramOfficer>
    <AbstractNarration>9500727 Avignone The Institute for Theoretical and Experimental Physics in Moscow (ITEP) recently joined Phase-II of the International Germanium Experiment (IGEX). Their contribution of 9kg of isotopically enriched germanium (86% 76Ge valued at about 15 M$) is being used in detectors to search for neutrinoless double beta decay (physics beyond the standard model). IGEX Phase-II involves the University of South Carolina,k Columbia the Institute for Nuclear Research Moscow, Battelle Pacific Northwest Laboratory, and the Universities of Minnesota and Zaragoza (Spain). Thus far, 3 small detectors about (0.7 kg) and two large detectors (2.1kg) have been fabricated. They are now operating in the Carfranc tunnel in Spain. Another large detector is in preparation. For a meaningful collaboration, the ITEP participants must be involved in all phases of the experiment at Carfranc. This request is for support for three 3-months working visits for 3 ITEP collaborators per year. Very difficult conditions in Russia make IGEX the major scientific activity for about 10 Russian Physicists. This experiment would have been financially impossible without the generous contributions of INR and ITEP. ***</AbstractNarration>
    <MinAmdLetterDate>08/09/1995</MinAmdLetterDate>
    <MaxAmdLetterDate>07/29/1997</MaxAmdLetterDate>
    <ARRAAmount/>
    <AwardID>9500727</AwardID>
    <Investigator>
      <FirstName>Frank</FirstName>
      <LastName>Avignone</LastName>
      <EmailAddress>avignone@sc.edu</EmailAddress>
      <StartDate>08/09/1995</StartDate>
      <EndDate/>
      <RoleCode>Principal Investigator</RoleCode>
    </Investigator>
    <Institution>
      <Name>University of South Carolina at Columbia</Name>
      <CityName>COLUMBIA</CityName>
      <ZipCode>292080001</ZipCode>
      <PhoneNumber>8037777093</PhoneNumber>
      <StreetAddress>Sponsored Awards Management</StreetAddress>
      <CountryName>United States</CountryName>
      <StateName>South Carolina</StateName>
      <StateCode>SC</StateCode>
    </Institution>
    <FoaInformation>
      <Code>13</Code>
      <Name>Physics</Name>
    </FoaInformation>
    <FoaInformation>
      <Code>0000099</Code>
      <Name>Other Applications NEC</Name>
    </FoaInformation>
  </Award>
</rootTag>
