<?xml version="1.0" encoding="UTF-8"?>

<rootTag>
  <Award>
    <AwardTitle>Mathematical Sciences: The Log Model Theory</AwardTitle>
    <AwardEffectiveDate>06/01/1995</AwardEffectiveDate>
    <AwardExpirationDate>11/30/1998</AwardExpirationDate>
    <AwardAmount>68350</AwardAmount>
    <AwardInstrument>
      <Value>Continuing grant</Value>
    </AwardInstrument>
    <Organization>
      <Code>03040300</Code>
      <Directorate>
        <LongName>Direct For Mathematical &amp; Physical Scien</LongName>
      </Directorate>
      <Division>
        <LongName>Division Of Mathematical Sciences</LongName>
      </Division>
    </Organization>
    <ProgramOfficer>
      <SignBlockName>Ann K. Boyle</SignBlockName>
    </ProgramOfficer>
    <AbstractNarration>This awards supports the research of Professor V. Shokurov to work in algebraic geometry. He will work on problems involved in minimal model theory in dimensions greater than or equal to 3. He hopes to show that flips exist in dimension n whenever the Log Minimal Model program holds in dimension n-1. He will also study log canonical singularities in dimension 3. The research is in the field of algebraic geometry, one of the oldest parts of modern mathematics, but one which blossomed to the point where it has, in the past 10 years, solved problems that have stood for centuries. Originally, it treated figures defined in the plane by the simplest of equations, namely polynomials. Today, the field uses methods not only from algebra, but also from analysis and topology, and conversely it is extensively used in those fields. Moreover it has proved itself useful in fields as diverse as physics, theoretical computer science, cryptography, coding theory and robotics.</AbstractNarration>
    <MinAmdLetterDate>05/05/1995</MinAmdLetterDate>
    <MaxAmdLetterDate>12/19/1996</MaxAmdLetterDate>
    <ARRAAmount/>
    <AwardID>9500971</AwardID>
    <Investigator>
      <FirstName>Vyacheslav</FirstName>
      <LastName>Shokurov</LastName>
      <EmailAddress>shokurov@chow.mat.jhu.edu</EmailAddress>
      <StartDate>05/05/1995</StartDate>
      <EndDate/>
      <RoleCode>Principal Investigator</RoleCode>
    </Investigator>
    <Institution>
      <Name>Johns Hopkins University</Name>
      <CityName>Baltimore</CityName>
      <ZipCode>212182608</ZipCode>
      <PhoneNumber>4105168668</PhoneNumber>
      <StreetAddress>3400 N CHARLES ST</StreetAddress>
      <CountryName>United States</CountryName>
      <StateName>Maryland</StateName>
      <StateCode>MD</StateCode>
    </Institution>
    <FoaInformation>
      <Code>0000099</Code>
      <Name>Other Applications NEC</Name>
    </FoaInformation>
    <FoaInformation>
      <Code>21</Code>
      <Name>Mathematics</Name>
    </FoaInformation>
    <ProgramElement>
      <Code>1264</Code>
      <Text>ALGEBRA,NUMBER THEORY,AND COM</Text>
    </ProgramElement>
    <ProgramReference>
      <Code>0000</Code>
      <Text>UNASSIGNED</Text>
    </ProgramReference>
    <ProgramReference>
      <Code>OTHR</Code>
      <Text>OTHER RESEARCH OR EDUCATION</Text>
    </ProgramReference>
  </Award>
</rootTag>
