<?xml version="1.0" encoding="UTF-8"?>

<rootTag>
  <Award>
    <AwardTitle>Remote Manufacturing Decision Support Using Virtual Reality</AwardTitle>
    <AwardEffectiveDate>06/01/1995</AwardEffectiveDate>
    <AwardExpirationDate>05/31/1999</AwardExpirationDate>
    <AwardAmount>434438</AwardAmount>
    <AwardInstrument>
      <Value>Continuing grant</Value>
    </AwardInstrument>
    <Organization>
      <Code>07030000</Code>
      <Directorate>
        <LongName>Directorate For Engineering</LongName>
      </Directorate>
      <Division>
        <LongName>Div Of Civil, Mechanical, &amp; Manufact Inn</LongName>
      </Division>
    </Organization>
    <ProgramOfficer>
      <SignBlockName>George A. Hazelrigg</SignBlockName>
    </ProgramOfficer>
    <AbstractNarration>9500396 Banerjee The use of virtual environment could provide a major advancement for manufacturing information management and decision support technologies. In this research virtual reality will be used in facilities and product layout information management and optimization systems. In the layout domain, the research will address three important problems: (1) three-dimensional (3D) general layout design, (2) layout of manufacturing cells and material flow paths in factories, and (3) layout of multi-module assemblies. The short-term objective is to demonstrate the feasibility of using virtual reality in reducing the manufacturing cycle time. The long-term objective is to develop raw technology for a real-time-virtually-real management control and decision support tool. There is also a major software development component. In addition, the research involves collaborations with Motorola and five other industrial firms, the Chicago Manufacturing Center, and National Institute of Standards and Technology, and industry collaborators will co-fund the work. The research aims to enable a shorter lead time in manufacturing. It will enhance the fundamental understanding of manufacturing decision support in light of integration of new technological developments in virtual reality. It will provide a new generation of tools for training, develop alternatives to physical prototyping and provide avenues for sustaining employee interest in better design of manufacturing systems through continuous improvement. The research will be introduced through lectures and laboratory experiments to graduate and undergraduate students. Concepts will be incorporated into courses in computer-aided design, virtual environments, production control, intelligent manufacturing systems and facilities layout. Seminars will also be conducted for industrial partners and other companies.</AbstractNarration>
    <MinAmdLetterDate>05/03/1995</MinAmdLetterDate>
    <MaxAmdLetterDate>09/28/1998</MaxAmdLetterDate>
    <ARRAAmount/>
    <AwardID>9500396</AwardID>
    <Investigator>
      <FirstName>Thomas</FirstName>
      <LastName>DeFanti</LastName>
      <EmailAddress>tom@uic.edu</EmailAddress>
      <StartDate>05/03/1995</StartDate>
      <EndDate/>
      <RoleCode>Co-Principal Investigator</RoleCode>
    </Investigator>
    <Investigator>
      <FirstName>Pat</FirstName>
      <LastName>Banerjee</LastName>
      <EmailAddress>banerjee@uic.edu</EmailAddress>
      <StartDate>05/03/1995</StartDate>
      <EndDate/>
      <RoleCode>Principal Investigator</RoleCode>
    </Investigator>
    <Investigator>
      <FirstName>Sanjay</FirstName>
      <LastName>Mehrotra</LastName>
      <EmailAddress>mehrotra@northwestern.edu</EmailAddress>
      <StartDate>05/03/1995</StartDate>
      <EndDate/>
      <RoleCode>Co-Principal Investigator</RoleCode>
    </Investigator>
    <Institution>
      <Name>University of Illinois at Chicago</Name>
      <CityName>Chicago</CityName>
      <ZipCode>606124305</ZipCode>
      <PhoneNumber>3129962862</PhoneNumber>
      <StreetAddress>809 S MARSHFIELD</StreetAddress>
      <CountryName>United States</CountryName>
      <StateName>Illinois</StateName>
      <StateCode>IL</StateCode>
    </Institution>
    <FoaInformation>
      <Code>0308000</Code>
      <Name>Industrial Technology</Name>
    </FoaInformation>
    <FoaInformation>
      <Code>59</Code>
      <Name>Engineering NEC</Name>
    </FoaInformation>
    <ProgramElement>
      <Code>1463</Code>
      <Text>INTEGRATION ENGINEERING</Text>
    </ProgramElement>
    <ProgramReference>
      <Code>9148</Code>
      <Text>TOOLS &amp; TECHNOL FOR MANUFACTURING DESIGN</Text>
    </ProgramReference>
    <ProgramReference>
      <Code>MANU</Code>
      <Text>MANUFACTURING</Text>
    </ProgramReference>
  </Award>
</rootTag>
