<?xml version="1.0" encoding="UTF-8"?>

<rootTag>
  <Award>
    <AwardTitle>Career Development in Research and Education in Stellar Astronomy and Astrophysics</AwardTitle>
    <AwardEffectiveDate>06/15/1995</AwardEffectiveDate>
    <AwardExpirationDate>05/31/1998</AwardExpirationDate>
    <AwardAmount>92691</AwardAmount>
    <AwardInstrument>
      <Value>Continuing grant</Value>
    </AwardInstrument>
    <Organization>
      <Code>03020415</Code>
      <Directorate>
        <LongName>Direct For Mathematical &amp; Physical Scien</LongName>
      </Directorate>
      <Division>
        <LongName>Division Of Astronomical Sciences</LongName>
      </Division>
    </Organization>
    <ProgramOfficer>
      <SignBlockName>Terry D. Oswalt</SignBlockName>
    </ProgramOfficer>
    <AbstractNarration>Castelaz 9500756 This award is made under the auspices of the NSF Faculty Early Career Development (CAREER) program. As a CAREER awardee the investigator is expected to pursue an active education plan in addition to his scientific research project. This research project will establish a program of frequent spectroscopic and photometric observations of long-period, Mira-type variables. The observations will provide substantial data needed to understand the relationship between their spectra and light curves. It will search for Mira variables with companions, important for estimating the absolute magnitudes of the variable stars. The education component covered by this award includes incorporation of more research methodology into the undergraduate introductory astronomy class, development of an observational astronomy laboratory-type class and a physics senior major project related to the research project on Mira variables.</AbstractNarration>
    <MinAmdLetterDate>06/15/1995</MinAmdLetterDate>
    <MaxAmdLetterDate>04/16/1997</MaxAmdLetterDate>
    <ARRAAmount/>
    <AwardID>9500756</AwardID>
    <Investigator>
      <FirstName>Michael</FirstName>
      <LastName>Castelaz</LastName>
      <EmailAddress>michael.castelaz@brevard.edu</EmailAddress>
      <StartDate>06/15/1995</StartDate>
      <EndDate/>
      <RoleCode>Principal Investigator</RoleCode>
    </Investigator>
    <Institution>
      <Name>East Tennessee State University</Name>
      <CityName>Johnson City</CityName>
      <ZipCode>376141707</ZipCode>
      <PhoneNumber>4234396000</PhoneNumber>
      <StreetAddress>P O Box 70565</StreetAddress>
      <CountryName>United States</CountryName>
      <StateName>Tennessee</StateName>
      <StateCode>TN</StateCode>
    </Institution>
    <FoaInformation>
      <Code>0000099</Code>
      <Name>Other Applications NEC</Name>
    </FoaInformation>
  </Award>
</rootTag>
