<?xml version="1.0" encoding="UTF-8"?>

<rootTag>
  <Award>
    <AwardTitle>Multilayer Josephson Junction Digital Devices</AwardTitle>
    <AwardEffectiveDate>07/01/1995</AwardEffectiveDate>
    <AwardExpirationDate>04/30/1999</AwardExpirationDate>
    <AwardAmount>319845</AwardAmount>
    <AwardInstrument>
      <Value>Standard Grant</Value>
    </AwardInstrument>
    <Organization>
      <Code>07010000</Code>
      <Directorate>
        <LongName>Directorate For Engineering</LongName>
      </Directorate>
      <Division>
        <LongName>Div Of Electrical, Commun &amp; Cyber Sys</LongName>
      </Division>
    </Organization>
    <ProgramOfficer>
      <SignBlockName>Rajinder P. Khosla</SignBlockName>
    </ProgramOfficer>
    <AbstractNarration>9500279 Lomatch The objectives of this grant are to study conventional and novel superconducting digital flux quantum devices employing the relatively young technology of multilayer Josephson junctions with n superconductor-insulator (SI) layers. The work involves the extensive numerical modeling of multilayer junction and device behavior. This program will draw from the results of previous computational and experimental studies, which took place during the period covered by an NSF Research Planning Grant. A primary focus of the proposed research will be the numerical simulation of flux quantum circuitry in which multilayer junctions both serve as nonlinear kinetic inductors (passive devices) to increase circuit integration density, and as single trilayer junction replacements (active devices) to allow for new logic/voltage thresholds, novel device designs, device fault tolerance, and resistance to thermal noise. The goal will be to optimize circuit designs to maximize parameter variation tolerances, and to include realistic considerations such as crosstalk and parasitic capacitance's and inductances so that one may produce lithographic masks suitable for the fabrication of test prototypes. Conventional digital devices, such as select logic and memory circuitry, will be considered for optimum geometry and performance. the unique operational features offered by flux quantum circuitry due to the natural integration of local memory and processing are further exploited by multilayer junction technology, so several novel devices will be analyzed, particularly in the area of neural-based computing and semiconductor interfacing. If superconducting digital circuitry is to achieve the integration density that its low power dissipation allows, and if it is to compete with room temperature semiconducting digital circuitry in more than a few small niche applications, then work such as the proposed here must be pursued. ***</AbstractNarration>
    <MinAmdLetterDate>06/26/1995</MinAmdLetterDate>
    <MaxAmdLetterDate>02/08/1999</MaxAmdLetterDate>
    <ARRAAmount/>
    <AwardID>9500279</AwardID>
    <Investigator>
      <FirstName>John</FirstName>
      <LastName>Ketterson</LastName>
      <EmailAddress>j-ketterson@northwestern.edu</EmailAddress>
      <StartDate>02/08/1999</StartDate>
      <EndDate/>
      <RoleCode>Principal Investigator</RoleCode>
    </Investigator>
    <Investigator>
      <FirstName>Susanne</FirstName>
      <LastName>Lomatch</LastName>
      <EmailAddress>lomatch@nwu.edu</EmailAddress>
      <StartDate>06/26/1995</StartDate>
      <EndDate>02/08/1999</EndDate>
      <RoleCode>Former Principal Investigator</RoleCode>
    </Investigator>
    <Institution>
      <Name>Northwestern University</Name>
      <CityName>Evanston</CityName>
      <ZipCode>602013149</ZipCode>
      <PhoneNumber>8474913003</PhoneNumber>
      <StreetAddress>1801 Maple Ave.</StreetAddress>
      <CountryName>United States</CountryName>
      <StateName>Illinois</StateName>
      <StateCode>IL</StateCode>
    </Institution>
    <FoaInformation>
      <Code>55</Code>
      <Name>Engineering-Electrical</Name>
    </FoaInformation>
  </Award>
</rootTag>
