<?xml version="1.0" encoding="UTF-8"?>

<rootTag>
  <Award>
    <AwardTitle>Mathematical Sciences: Operator Algebras, Quantization and Supersymmetry</AwardTitle>
    <AwardEffectiveDate>06/01/1995</AwardEffectiveDate>
    <AwardExpirationDate>05/31/1998</AwardExpirationDate>
    <AwardAmount>65169</AwardAmount>
    <AwardInstrument>
      <Value>Continuing grant</Value>
    </AwardInstrument>
    <Organization>
      <Code>03040200</Code>
      <Directorate>
        <LongName>Direct For Mathematical &amp; Physical Scien</LongName>
      </Directorate>
      <Division>
        <LongName>Division Of Mathematical Sciences</LongName>
      </Division>
    </Organization>
    <ProgramOfficer>
      <SignBlockName>Joe W. Jenkins</SignBlockName>
    </ProgramOfficer>
    <AbstractNarration>9500463 Klimek It is proposed to continue and expand in new directions an ongoing program of studying quantized spaces and superspaces by means of the techniques of operator algebras and non-commutative differential geometry. The goals of the program are: (1) To understand the mathematics of quantization of systems (involving both finitely and infinitely many degrees of freedom) with complicated geometry of phase space; (2) To study the non-commutative geometric principles underlying the physics of the microworld, and in particular possible implications for quantum gravity; (3) To explore new mathematical phenomena relating analysis to other fields of mathematics. Non-commutative geometry is a new direction of mathematics created in the eighties. Its prime objective is to study objects, called non-commutative spaces or manifolds, which are not ordinary geometric objects but still have a geometric flavor. Examples of structures of this sort arise naturally e.g. in physical theories of subatomic phenomena. Methods of non-commutative geometry became a powerful tool in studying various problems in modern analysis and understanding the fundamentals of the physics of the microworld. It is proposed to study examples of non-commutative manifolds with emphasis put on applications to quantum physics. Also, it is proposed to relate some of the ideas of quantum theory to problems in number theory and modern analysis. ***</AbstractNarration>
    <MinAmdLetterDate>05/17/1995</MinAmdLetterDate>
    <MaxAmdLetterDate>01/22/1997</MaxAmdLetterDate>
    <ARRAAmount/>
    <AwardID>9500463</AwardID>
    <Investigator>
      <FirstName>Slawomir</FirstName>
      <LastName>Klimek</LastName>
      <EmailAddress>sklimek@math.iupui.edu</EmailAddress>
      <StartDate>05/17/1995</StartDate>
      <EndDate/>
      <RoleCode>Principal Investigator</RoleCode>
    </Investigator>
    <Institution>
      <Name>Indiana University</Name>
      <CityName>Bloomington</CityName>
      <ZipCode>474013654</ZipCode>
      <PhoneNumber>8128550516</PhoneNumber>
      <StreetAddress>509 E 3RD ST</StreetAddress>
      <CountryName>United States</CountryName>
      <StateName>Indiana</StateName>
      <StateCode>IN</StateCode>
    </Institution>
    <FoaInformation>
      <Code>0000099</Code>
      <Name>Other Applications NEC</Name>
    </FoaInformation>
    <FoaInformation>
      <Code>21</Code>
      <Name>Mathematics</Name>
    </FoaInformation>
    <ProgramElement>
      <Code>1281</Code>
      <Text>ANALYSIS PROGRAM</Text>
    </ProgramElement>
    <ProgramReference>
      <Code>0000</Code>
      <Text>UNASSIGNED</Text>
    </ProgramReference>
    <ProgramReference>
      <Code>OTHR</Code>
      <Text>OTHER RESEARCH OR EDUCATION</Text>
    </ProgramReference>
  </Award>
</rootTag>
