<?xml version="1.0" encoding="UTF-8"?>

<rootTag>
  <Award>
    <AwardTitle>SBIR Phase II: Adaptive Control of Hot Isostatic Pressing (HIP) of Metal Matrix Composite Fabrication</AwardTitle>
    <AwardEffectiveDate>10/01/1995</AwardEffectiveDate>
    <AwardExpirationDate>01/31/1998</AwardExpirationDate>
    <AwardAmount>300000</AwardAmount>
    <AwardInstrument>
      <Value>Standard Grant</Value>
    </AwardInstrument>
    <Organization>
      <Code>07070000</Code>
      <Directorate>
        <LongName>Directorate For Engineering</LongName>
      </Directorate>
      <Division>
        <LongName>Div Of Industrial Innovation &amp; Partnersh</LongName>
      </Division>
    </Organization>
    <ProgramOfficer>
      <SignBlockName>Michael F. Crowley</SignBlockName>
    </ProgramOfficer>
    <AbstractNarration>9500179 Mehra This Small Business Innovation Research (SBIR) Phase II project develops an advanced multivariable adaptive control system for hot isostatic pressing (HIP) operations in the fabrication of metal matrix composites (MMCs). Phase I computer simulations indicated response times, shorter by a factor of three, of the new system over standard proportional-integrative-derivative techniques. The new system controls temperature and pressure profiles in a HIP furnace using modern control techniques of Model Predictive Control and Risk Sensitive Optimal control. The Phase II project focuses on a test of the prototype system at a large HIP furnace facility operated by Industrial Materials Technology, Inc. in Andover, MA. The new approach to furnace control has potential for large savings in argon gas usage and electric power, for higher yields of MMC products, such as titanium matrix SiC fiber composites, and for more reliable environmental/health monitoring.</AbstractNarration>
    <MinAmdLetterDate>09/28/1995</MinAmdLetterDate>
    <MaxAmdLetterDate>07/07/1997</MaxAmdLetterDate>
    <ARRAAmount/>
    <AwardID>9500179</AwardID>
    <Investigator>
      <FirstName>Raman</FirstName>
      <LastName>Mehra</LastName>
      <EmailAddress>rkm@ssci.com</EmailAddress>
      <StartDate>09/28/1995</StartDate>
      <EndDate/>
      <RoleCode>Principal Investigator</RoleCode>
    </Investigator>
    <Institution>
      <Name>SCIENTIFIC SYSTEMS COMPANY INC</Name>
      <CityName>WOBURN</CityName>
      <ZipCode>018016562</ZipCode>
      <PhoneNumber>7819335355</PhoneNumber>
      <StreetAddress>500 W CUMMINGS PARK STE 3000</StreetAddress>
      <CountryName>United States</CountryName>
      <StateName>Massachusetts</StateName>
      <StateCode>MA</StateCode>
    </Institution>
    <FoaInformation>
      <Code>30</Code>
      <Name>Computer Science &amp; Engineering</Name>
    </FoaInformation>
    <FoaInformation>
      <Code>55</Code>
      <Name>Engineering-Electrical</Name>
    </FoaInformation>
    <FoaInformation>
      <Code>0108000</Code>
      <Name>Software Development</Name>
    </FoaInformation>
  </Award>
</rootTag>
