<?xml version="1.0" encoding="UTF-8"?>

<rootTag>
  <Award>
    <AwardTitle>Calvet-type Calorimeter for Determining Heats of Adsorption and Heats of Reaction</AwardTitle>
    <AwardEffectiveDate>04/15/1995</AwardEffectiveDate>
    <AwardExpirationDate>03/31/1996</AwardExpirationDate>
    <AwardAmount>66333</AwardAmount>
    <AwardInstrument>
      <Value>Standard Grant</Value>
    </AwardInstrument>
    <Organization>
      <Code>07020000</Code>
      <Directorate>
        <LongName>Directorate For Engineering</LongName>
      </Directorate>
      <Division>
        <LongName>Div Of Chem, Bioeng, Env, &amp; Transp Sys</LongName>
      </Division>
    </Organization>
    <ProgramOfficer>
      <SignBlockName>RAUL MIRANDA</SignBlockName>
    </ProgramOfficer>
    <AbstractNarration>ABSTRACT CTS-9500412 A Calvet-type microcalorimeter capable of operation from ambient to over 800(C is acquired. The instrument is to be used to measure heats of adsorption and heats of reaction in research in heterogeneous catalysis, adsorption, and polymer science. It will be used to study olefin alkylation reactions catalyzed by sulfated zirconia and sulfated titania; the role of hydrogen in the dehydrogenation of lower alkanes on platinum; catalysts based on surface aggregates adsorbed on high-surface-area supports; the adsorptive storage of hydrogen and methane on fullerenes, and the admicelle polymerization of styrene-diene monomers on silica. ***</AbstractNarration>
    <MinAmdLetterDate>04/21/1995</MinAmdLetterDate>
    <MaxAmdLetterDate>04/21/1995</MaxAmdLetterDate>
    <ARRAAmount/>
    <AwardID>9500412</AwardID>
    <Investigator>
      <FirstName>Lance</FirstName>
      <LastName>Lobban</LastName>
      <EmailAddress>llobban@ou.edu</EmailAddress>
      <StartDate>04/21/1995</StartDate>
      <EndDate/>
      <RoleCode>Co-Principal Investigator</RoleCode>
    </Investigator>
    <Investigator>
      <FirstName>Jeffrey</FirstName>
      <LastName>Harwell</LastName>
      <EmailAddress>jharwell@ou.edu</EmailAddress>
      <StartDate>04/21/1995</StartDate>
      <EndDate/>
      <RoleCode>Co-Principal Investigator</RoleCode>
    </Investigator>
    <Investigator>
      <FirstName>Daniel</FirstName>
      <LastName>Resasco</LastName>
      <EmailAddress>resasco@ou.edu</EmailAddress>
      <StartDate>04/21/1995</StartDate>
      <EndDate/>
      <RoleCode>Principal Investigator</RoleCode>
    </Investigator>
    <Investigator>
      <FirstName>Brian</FirstName>
      <LastName>Grady</LastName>
      <EmailAddress>bpgrady@ou.edu</EmailAddress>
      <StartDate>04/21/1995</StartDate>
      <EndDate/>
      <RoleCode>Co-Principal Investigator</RoleCode>
    </Investigator>
    <Institution>
      <Name>University of Oklahoma Norman Campus</Name>
      <CityName>NORMAN</CityName>
      <ZipCode>730199705</ZipCode>
      <PhoneNumber>4053254757</PhoneNumber>
      <StreetAddress>201 Stephenson Parkway</StreetAddress>
      <CountryName>United States</CountryName>
      <StateName>Oklahoma</StateName>
      <StateCode>OK</StateCode>
    </Institution>
  </Award>
</rootTag>
