<?xml version="1.0" encoding="UTF-8"?>

<rootTag>
  <Award>
    <AwardTitle>Shipboard Scientific Support Equipment</AwardTitle>
    <AwardEffectiveDate>05/01/1995</AwardEffectiveDate>
    <AwardExpirationDate>04/30/1997</AwardExpirationDate>
    <AwardAmount>145605</AwardAmount>
    <AwardInstrument>
      <Value>Standard Grant</Value>
    </AwardInstrument>
    <Organization>
      <Code>06040100</Code>
      <Directorate>
        <LongName>Directorate For Geosciences</LongName>
      </Directorate>
      <Division>
        <LongName>Division Of Ocean Sciences</LongName>
      </Division>
    </Organization>
    <ProgramOfficer>
      <SignBlockName>Richard W. West</SignBlockName>
    </ProgramOfficer>
    <AbstractNarration>9500510 LJUNGGREN This project will supply shipboard scientific support equipment for the research vessel MAURICE EWING, operated by the Lamont-Doherty Earth Observatory of Columbia University and dedicated to use in support of ocean science research. The Shipboard Scientific Support Equipment Program provides funds for ship equipment deemed essential to the proper and safe conduct of ocean science research. This Program provides support for such items as deck equipment including winch systems for the deployment and retrieval of scientific instruments, navigational equipment such as radars, gyroscopes and earth satellite receivers to pin point the location of research sites, communication equipment including radio transceivers and satellite transceivers for voice and scientific data communications and other equipment such as motorized workboats for transporting scientists to and from data retrieval sites. The Project Director, Paul Ljunggren is fully qualified to direct this project having had considerable experience in overseeing the acquisition and installation of shipboard equipment. This project will allow the institution to replace an old and outmoded crane, upgrade the ship's steering control, obtain radar transponders, radios and emergency breathing devices for safety and reduce electrical noise on science power lines. ***</AbstractNarration>
    <MinAmdLetterDate>04/27/1995</MinAmdLetterDate>
    <MaxAmdLetterDate>04/27/1995</MaxAmdLetterDate>
    <ARRAAmount/>
    <AwardID>9500510</AwardID>
    <Investigator>
      <FirstName>Dennis</FirstName>
      <LastName>Hayes</LastName>
      <EmailAddress>deph@ldeo.columbia.edu</EmailAddress>
      <StartDate>04/27/1995</StartDate>
      <EndDate/>
      <RoleCode>Co-Principal Investigator</RoleCode>
    </Investigator>
    <Investigator>
      <FirstName>Paul</FirstName>
      <LastName>Ljunggren</LastName>
      <EmailAddress>pwl@ldeo.columbia.edu</EmailAddress>
      <StartDate>04/27/1995</StartDate>
      <EndDate/>
      <RoleCode>Principal Investigator</RoleCode>
    </Investigator>
    <Institution>
      <Name>Columbia University</Name>
      <CityName>NEW YORK</CityName>
      <ZipCode>100276902</ZipCode>
      <PhoneNumber>2128546851</PhoneNumber>
      <StreetAddress>2960 Broadway</StreetAddress>
      <CountryName>United States</CountryName>
      <StateName>New York</StateName>
      <StateCode>NY</StateCode>
    </Institution>
    <FoaInformation>
      <Code>49</Code>
      <Name>Environmental NEC</Name>
    </FoaInformation>
  </Award>
</rootTag>
