<?xml version="1.0" encoding="UTF-8"?>

<rootTag>
  <Award>
    <AwardTitle>Analysis of the Tropical Atmosphere</AwardTitle>
    <AwardEffectiveDate>04/01/1995</AwardEffectiveDate>
    <AwardExpirationDate>11/30/1997</AwardExpirationDate>
    <AwardAmount>182495</AwardAmount>
    <AwardInstrument>
      <Value>Continuing grant</Value>
    </AwardInstrument>
    <Organization>
      <Code>06020107</Code>
      <Directorate>
        <LongName>Directorate For Geosciences</LongName>
      </Directorate>
      <Division>
        <LongName>Div Atmospheric &amp; Geospace Sciences</LongName>
      </Division>
    </Organization>
    <ProgramOfficer>
      <SignBlockName>Pamela L. Stephens</SignBlockName>
    </ProgramOfficer>
    <AbstractNarration>9500338 Yanai This award provides support for a broad range of topics related to the dynamics of large- scale atmospheric motions in the tropics, with particular emphasis on the interannual and intraseasonal variabilities of those motions. Three main topics will be examined in diagnostic studies are: (1) the effect of processes such as snowmelt and moist and dry convection on the evolution of sensible heating over the Tibetan Plateau and nearby land areas, (2) the mechanisms responsible for the so-called 40-60 day (Madden-Julian) oscillation in the tropics as well as for oscillations triggered by tropical-extratropical interactions, and (3) the interaction of cumulus convection with large-scale motions on intraseasonal time scales. The various projects will employ a variety of data sets including analyses from the European Centre for Medium Range Forecasts and observations from the recent Tropical Ocean Global Atmosphere - Coupled Ocean Atmosphere Response Experiment (TOGA-COARE). The principal investigator, Dr. Yanai, is a well-respected diagnostician in the field of atmospheric dynamics with a distinguished track record. This project is jointly supported by the Climate Dynamics and Large-scale Dynamic Meteorology Programs. ***</AbstractNarration>
    <MinAmdLetterDate>03/14/1995</MinAmdLetterDate>
    <MaxAmdLetterDate>02/07/1996</MaxAmdLetterDate>
    <ARRAAmount/>
    <AwardID>9500338</AwardID>
    <Investigator>
      <FirstName>Michio</FirstName>
      <LastName>Yanai</LastName>
      <EmailAddress>yanai@atmos.ucla.edu</EmailAddress>
      <StartDate>03/14/1995</StartDate>
      <EndDate/>
      <RoleCode>Principal Investigator</RoleCode>
    </Investigator>
    <Institution>
      <Name>University of California-Los Angeles</Name>
      <CityName>LOS ANGELES</CityName>
      <ZipCode>900951406</ZipCode>
      <PhoneNumber>3107940102</PhoneNumber>
      <StreetAddress>10889 Wilshire Boulevard</StreetAddress>
      <CountryName>United States</CountryName>
      <StateName>California</StateName>
      <StateCode>CA</StateCode>
    </Institution>
    <FoaInformation>
      <Code>0000099</Code>
      <Name>Other Applications NEC</Name>
    </FoaInformation>
    <FoaInformation>
      <Code>41</Code>
      <Name>Atmospheric Sciences</Name>
    </FoaInformation>
    <ProgramElement>
      <Code>1527</Code>
      <Text>LARGE-SCALE DYNAMIC METEOROLOG</Text>
    </ProgramElement>
    <ProgramElement>
      <Code>5740</Code>
      <Text>CLIMATE &amp; LARGE-SCALE DYNAMICS</Text>
    </ProgramElement>
    <ProgramReference>
      <Code>0000</Code>
      <Text>UNASSIGNED</Text>
    </ProgramReference>
    <ProgramReference>
      <Code>1324</Code>
      <Text>CLIMATE VARIABILITY AND PREDICTABILITY</Text>
    </ProgramReference>
    <ProgramReference>
      <Code>EGCH</Code>
      <Text>ENVIRONMENT AND GLOBAL CHANGE</Text>
    </ProgramReference>
    <ProgramReference>
      <Code>OTHR</Code>
      <Text>OTHER RESEARCH OR EDUCATION</Text>
    </ProgramReference>
  </Award>
</rootTag>
