<?xml version="1.0" encoding="UTF-8"?>

<rootTag>
  <Award>
    <AwardTitle>Mathematical Sciences: Analytic Theory of L-functions</AwardTitle>
    <AwardEffectiveDate>07/01/1995</AwardEffectiveDate>
    <AwardExpirationDate>06/30/1999</AwardExpirationDate>
    <AwardAmount>83250</AwardAmount>
    <AwardInstrument>
      <Value>Standard Grant</Value>
    </AwardInstrument>
    <Organization>
      <Code>03040300</Code>
      <Directorate>
        <LongName>Direct For Mathematical &amp; Physical Scien</LongName>
      </Directorate>
      <Division>
        <LongName>Division Of Mathematical Sciences</LongName>
      </Division>
    </Organization>
    <ProgramOfficer>
      <SignBlockName>Andrew G. Earnest</SignBlockName>
    </ProgramOfficer>
    <AbstractNarration>The theory of L-functions is central in the study of number theoretical questions, especially in the realm of analytic number theory. For most applications, the relevant questions usually involve the analytic continuation of the L-functions, their functional equations, estimates for their growth in vertical strips, and knowledge of the distribution of their zeros. This project deals with both very general questions (the classification of Dirichlet series with functional equations and Euler products and their connections with automorphic forms) and particular questions (mean-value theorems for particular L-functions, and the distribution of their zeros) in the theory of L-functions. This research falls into the general mathematical field of Number Theory. Number theory has its historical roots in the study of the whole numbers, addressing such questions as those dealing with the divisibility of one whole number by another. It is among the oldest branches of mathematics and was pursued for many centuries for purely aesthetic reasons. However, within the last half century it has become an indispensable tool in diverse applications in areas such as data transmission and processing, and communication systems.</AbstractNarration>
    <MinAmdLetterDate>06/21/1995</MinAmdLetterDate>
    <MaxAmdLetterDate>06/21/1995</MaxAmdLetterDate>
    <ARRAAmount/>
    <AwardID>9500857</AwardID>
    <Investigator>
      <FirstName>J. Brian</FirstName>
      <LastName>Conrey</LastName>
      <EmailAddress>conrey@aimath.org</EmailAddress>
      <StartDate>06/21/1995</StartDate>
      <EndDate/>
      <RoleCode>Principal Investigator</RoleCode>
    </Investigator>
    <Investigator>
      <FirstName>Amit</FirstName>
      <LastName>Ghosh</LastName>
      <EmailAddress>ghosh@hardy.math.okstate.edu</EmailAddress>
      <StartDate>06/21/1995</StartDate>
      <EndDate/>
      <RoleCode>Co-Principal Investigator</RoleCode>
    </Investigator>
    <Institution>
      <Name>Oklahoma State University</Name>
      <CityName>Stillwater</CityName>
      <ZipCode>740781011</ZipCode>
      <PhoneNumber>4057449995</PhoneNumber>
      <StreetAddress>101 WHITEHURST HALL</StreetAddress>
      <CountryName>United States</CountryName>
      <StateName>Oklahoma</StateName>
      <StateCode>OK</StateCode>
    </Institution>
    <FoaInformation>
      <Code>0000099</Code>
      <Name>Other Applications NEC</Name>
    </FoaInformation>
    <FoaInformation>
      <Code>21</Code>
      <Name>Mathematics</Name>
    </FoaInformation>
    <ProgramElement>
      <Code>1264</Code>
      <Text>ALGEBRA,NUMBER THEORY,AND COM</Text>
    </ProgramElement>
    <ProgramReference>
      <Code>0000</Code>
      <Text>UNASSIGNED</Text>
    </ProgramReference>
    <ProgramReference>
      <Code>9178</Code>
      <Text>UNDERGRADUATE EDUCATION</Text>
    </ProgramReference>
    <ProgramReference>
      <Code>9251</Code>
      <Text>RES EXPER FOR UNDERGRAD-SUPPLT</Text>
    </ProgramReference>
    <ProgramReference>
      <Code>OTHR</Code>
      <Text>OTHER RESEARCH OR EDUCATION</Text>
    </ProgramReference>
    <ProgramReference>
      <Code>SMET</Code>
      <Text>SCIENCE, MATH, ENG &amp; TECH EDUCATION</Text>
    </ProgramReference>
  </Award>
</rootTag>
