<?xml version="1.0" encoding="UTF-8"?>

<rootTag>
  <Award>
    <AwardTitle>Mathematical Sciences: Problems in Descriptive Set Theory, Ergodic Theory and Set Theory</AwardTitle>
    <AwardEffectiveDate>07/01/1995</AwardEffectiveDate>
    <AwardExpirationDate>09/30/1998</AwardExpirationDate>
    <AwardAmount>76380</AwardAmount>
    <AwardInstrument>
      <Value>Continuing grant</Value>
    </AwardInstrument>
    <Organization>
      <Code>03040200</Code>
      <Directorate>
        <LongName>Direct For Mathematical &amp; Physical Scien</LongName>
      </Directorate>
      <Division>
        <LongName>Division Of Mathematical Sciences</LongName>
      </Division>
    </Organization>
    <ProgramOfficer>
      <SignBlockName>Ralph M. Krause</SignBlockName>
    </ProgramOfficer>
    <AbstractNarration>9500494 Foreman Foreman will work on two types of problems in this research project. The first kind lies within ergodic theory and has to do with conjugacy of invertible measure-preserving transformations. In particular, Foreman will use the tools of descriptive set theory to attempt to determine whether every invertible ergodic transformation with finite entropy is conjugate to a smooth transformation on a compact smooth manifold. The second kind of problem concerns the strength and consequences of very large ideals on cardinals such as the second uncountable cardinal. Foreman intends to use these ideals to investigate partition relations. In the early twentieth century, ergodic theory arose as a technique for studying complicated models of physical phenomenon by looking at the statistical behavior of the associated flows. Dynamical systems arising in physics with otherwise intractible behavior were amenable to this kind of analysis. A prominent problem in ergodic theory deals with the extent to which the general statistical behavior of measure preserving systems models the behavior of physically realistic situations. Foreman will continue to investigate these problems using the tools of descriptive set theory, an unconventional approach which brings logic to bear on the problem. ***</AbstractNarration>
    <MinAmdLetterDate>06/02/1995</MinAmdLetterDate>
    <MaxAmdLetterDate>03/12/1997</MaxAmdLetterDate>
    <ARRAAmount/>
    <AwardID>9500494</AwardID>
    <Investigator>
      <FirstName>Matthew</FirstName>
      <LastName>Foreman</LastName>
      <EmailAddress>mforeman@math.uci.edu</EmailAddress>
      <StartDate>06/02/1995</StartDate>
      <EndDate/>
      <RoleCode>Principal Investigator</RoleCode>
    </Investigator>
    <Institution>
      <Name>University of California-Irvine</Name>
      <CityName>Irvine</CityName>
      <ZipCode>926173213</ZipCode>
      <PhoneNumber>9498247295</PhoneNumber>
      <StreetAddress>141 Innovation Drive, Ste 250</StreetAddress>
      <CountryName>United States</CountryName>
      <StateName>California</StateName>
      <StateCode>CA</StateCode>
    </Institution>
    <FoaInformation>
      <Code>0000099</Code>
      <Name>Other Applications NEC</Name>
    </FoaInformation>
    <FoaInformation>
      <Code>21</Code>
      <Name>Mathematics</Name>
    </FoaInformation>
    <ProgramElement>
      <Code>1268</Code>
      <Text>FOUNDATIONS</Text>
    </ProgramElement>
    <ProgramReference>
      <Code>0000</Code>
      <Text>UNASSIGNED</Text>
    </ProgramReference>
    <ProgramReference>
      <Code>OTHR</Code>
      <Text>OTHER RESEARCH OR EDUCATION</Text>
    </ProgramReference>
  </Award>
</rootTag>
