<?xml version="1.0" encoding="UTF-8"?>

<rootTag>
  <Award>
    <AwardTitle>Mathematical Sciences: A workshop on Quantum Groups and Their Connections with Quantized Functional Analysis</AwardTitle>
    <AwardEffectiveDate>05/15/1995</AwardEffectiveDate>
    <AwardExpirationDate>04/30/1996</AwardExpirationDate>
    <AwardAmount>10000</AwardAmount>
    <AwardInstrument>
      <Value>Standard Grant</Value>
    </AwardInstrument>
    <Organization>
      <Code>03040200</Code>
      <Directorate>
        <LongName>Direct For Mathematical &amp; Physical Scien</LongName>
      </Directorate>
      <Division>
        <LongName>Division Of Mathematical Sciences</LongName>
      </Division>
    </Organization>
    <ProgramOfficer>
      <SignBlockName>Joe W. Jenkins</SignBlockName>
    </ProgramOfficer>
    <AbstractNarration>9500691 Ruan This project is to support American scientist and graduate student participation in a June workshop titled "Quantum Groups and their Connection with Quantized Functional Analysis". The workshop will be held at the Fields Institute currently located in Waterloo, Ontario, Canada. The workshop will be an important opportunity for US scientists and graduate students to interact with world leaders in the area of Operator Algebras. Priority for these funds will be given to mathematicians from underrepresented groups, junior investigators and graduate students. ***</AbstractNarration>
    <MinAmdLetterDate>02/24/1995</MinAmdLetterDate>
    <MaxAmdLetterDate>02/24/1995</MaxAmdLetterDate>
    <ARRAAmount/>
    <AwardID>9500691</AwardID>
    <Investigator>
      <FirstName>Zhong-Jin</FirstName>
      <LastName>Ruan</LastName>
      <EmailAddress>ruan@math.uiuc.edu</EmailAddress>
      <StartDate>02/24/1995</StartDate>
      <EndDate/>
      <RoleCode>Principal Investigator</RoleCode>
    </Investigator>
    <Institution>
      <Name>University of Illinois at Urbana-Champaign</Name>
      <CityName>CHAMPAIGN</CityName>
      <ZipCode>618207473</ZipCode>
      <PhoneNumber>2173332187</PhoneNumber>
      <StreetAddress>SUITE A</StreetAddress>
      <CountryName>United States</CountryName>
      <StateName>Illinois</StateName>
      <StateCode>IL</StateCode>
    </Institution>
    <FoaInformation>
      <Code>0000099</Code>
      <Name>Other Applications NEC</Name>
    </FoaInformation>
    <FoaInformation>
      <Code>21</Code>
      <Name>Mathematics</Name>
    </FoaInformation>
    <ProgramElement>
      <Code>1281</Code>
      <Text>ANALYSIS PROGRAM</Text>
    </ProgramElement>
    <ProgramReference>
      <Code>0000</Code>
      <Text>UNASSIGNED</Text>
    </ProgramReference>
    <ProgramReference>
      <Code>OTHR</Code>
      <Text>OTHER RESEARCH OR EDUCATION</Text>
    </ProgramReference>
  </Award>
</rootTag>
