<?xml version="1.0" encoding="UTF-8"?>

<rootTag>
  <Award>
    <AwardTitle>Acquisition of Workstation for Microelectronics Computing</AwardTitle>
    <AwardEffectiveDate>09/15/1995</AwardEffectiveDate>
    <AwardExpirationDate>08/31/1996</AwardExpirationDate>
    <AwardAmount>19987</AwardAmount>
    <AwardInstrument>
      <Value>Standard Grant</Value>
    </AwardInstrument>
    <Organization>
      <Code>07010000</Code>
      <Directorate>
        <LongName>Directorate For Engineering</LongName>
      </Directorate>
      <Division>
        <LongName>Div Of Electrical, Commun &amp; Cyber Sys</LongName>
      </Division>
    </Organization>
    <ProgramOfficer>
      <SignBlockName>Virginia M. Ayres</SignBlockName>
    </ProgramOfficer>
    <AbstractNarration>Regular Equipment Grant to purchase a computer workstation to be used in intensive computing for new research in microelectronics. The acquisition of improved computing capability is needed for calculations that presently take hours or do not run on the computers available to the faculty principal investigators and their graduate students. Calculations include (1) modeling of plasma etching of semiconductors (2) design and analysis of optical waveguides and (3) analysis of microwave and millimeter wave structures by the method of moments.</AbstractNarration>
    <MinAmdLetterDate>09/07/1995</MinAmdLetterDate>
    <MaxAmdLetterDate>09/07/1995</MaxAmdLetterDate>
    <ARRAAmount/>
    <AwardID>9500251</AwardID>
    <Investigator>
      <FirstName>Barry</FirstName>
      <LastName>Spielman</LastName>
      <EmailAddress>bes@ese.wustl.edu</EmailAddress>
      <StartDate>09/07/1995</StartDate>
      <EndDate/>
      <RoleCode>Co-Principal Investigator</RoleCode>
    </Investigator>
    <Investigator>
      <FirstName>Barbara</FirstName>
      <LastName>Abraham-Shrauner</LastName>
      <EmailAddress>bas@ee.wustl.edu</EmailAddress>
      <StartDate>09/07/1995</StartDate>
      <EndDate/>
      <RoleCode>Principal Investigator</RoleCode>
    </Investigator>
    <Investigator>
      <FirstName>Robert</FirstName>
      <LastName>Krchnavek</LastName>
      <EmailAddress>krchnavek@rowan.edu</EmailAddress>
      <StartDate>09/07/1995</StartDate>
      <EndDate/>
      <RoleCode>Co-Principal Investigator</RoleCode>
    </Investigator>
    <Institution>
      <Name>Washington University</Name>
      <CityName>Saint Louis</CityName>
      <ZipCode>631304862</ZipCode>
      <PhoneNumber>3147474134</PhoneNumber>
      <StreetAddress>CAMPUS BOX 1054</StreetAddress>
      <CountryName>United States</CountryName>
      <StateName>Missouri</StateName>
      <StateCode>MO</StateCode>
    </Institution>
    <FoaInformation>
      <Code>0206000</Code>
      <Name>Telecommunications</Name>
    </FoaInformation>
    <FoaInformation>
      <Code>55</Code>
      <Name>Engineering-Electrical</Name>
    </FoaInformation>
    <ProgramElement>
      <Code>1517</Code>
      <Text>ELECT, PHOTONICS, &amp; MAG DEVICE</Text>
    </ProgramElement>
    <ProgramReference>
      <Code>0000</Code>
      <Text>UNASSIGNED</Text>
    </ProgramReference>
    <ProgramReference>
      <Code>OTHR</Code>
      <Text>OTHER RESEARCH OR EDUCATION</Text>
    </ProgramReference>
  </Award>
</rootTag>
