<?xml version="1.0" encoding="UTF-8"?>

<rootTag>
  <Award>
    <AwardTitle>Mathematical Sciences: Applications of Algebraic Geometry on System Theory</AwardTitle>
    <AwardEffectiveDate>07/01/1995</AwardEffectiveDate>
    <AwardExpirationDate>06/30/1997</AwardExpirationDate>
    <AwardAmount>40000</AwardAmount>
    <AwardInstrument>
      <Value>Standard Grant</Value>
    </AwardInstrument>
    <Organization>
      <Code>03040100</Code>
      <Directorate>
        <LongName>Direct For Mathematical &amp; Physical Scien</LongName>
      </Directorate>
      <Division>
        <LongName>Division Of Mathematical Sciences</LongName>
      </Division>
    </Organization>
    <ProgramOfficer>
      <SignBlockName>Deborah Lockhart</SignBlockName>
    </ProgramOfficer>
    <AbstractNarration>ABSTRACT OPP-9522626 This workshop will bring together Arctic indigenous people and applied health scientists from the United States, Canada and Siberia to discuss ethical issues in health research. Many of these issues involve social and cultural communication and the linkages between rapid social change and health status. This linkage is recognized by the U.S. Arctic Research Policy Act of 1984 and the Polar Research Board of the U.S. National Academy of Sciences. The objectives of the workshop are to significantly extend the current dialogue between health researchers and indigenous peoples' organizations in the circumpolar north, to exchange information on health research ethics, to adopt principles on health research ethics which may be adopted by the circumpolar nations, and to ensure indigenous participation in the development of these principles. The workshop will take place in Inuvik, Canada on June 2-3, 1995. U.S. support is being provided for Alaskan and Russian participants. Canada is supporting Canadian, Greenlandic and European participation. *** ??</AbstractNarration>
    <MinAmdLetterDate>05/17/1995</MinAmdLetterDate>
    <MaxAmdLetterDate>05/17/1995</MaxAmdLetterDate>
    <ARRAAmount/>
    <AwardID>9500594</AwardID>
    <Investigator>
      <FirstName>Xiaochang</FirstName>
      <LastName>Wang</LastName>
      <EmailAddress>awang@math.ttu.edu</EmailAddress>
      <StartDate>05/17/1995</StartDate>
      <EndDate/>
      <RoleCode>Principal Investigator</RoleCode>
    </Investigator>
    <Institution>
      <Name>Texas Tech University</Name>
      <CityName>Lubbock</CityName>
      <ZipCode>794091035</ZipCode>
      <PhoneNumber>8067423884</PhoneNumber>
      <StreetAddress>349 Administration Bldg</StreetAddress>
      <CountryName>United States</CountryName>
      <StateName>Texas</StateName>
      <StateCode>TX</StateCode>
    </Institution>
    <FoaInformation>
      <Code>0000099</Code>
      <Name>Other Applications NEC</Name>
    </FoaInformation>
    <FoaInformation>
      <Code>21</Code>
      <Name>Mathematics</Name>
    </FoaInformation>
    <ProgramElement>
      <Code>1266</Code>
      <Text>APPLIED MATHEMATICS</Text>
    </ProgramElement>
    <ProgramReference>
      <Code>0000</Code>
      <Text>UNASSIGNED</Text>
    </ProgramReference>
    <ProgramReference>
      <Code>OTHR</Code>
      <Text>OTHER RESEARCH OR EDUCATION</Text>
    </ProgramReference>
  </Award>
</rootTag>
