<?xml version="1.0" encoding="UTF-8"?>

<rootTag>
  <Award>
    <AwardTitle>Seminar on New Directions for S&amp;T in South Africa: Opportunities for US Collaboration</AwardTitle>
    <AwardEffectiveDate>01/01/1995</AwardEffectiveDate>
    <AwardExpirationDate>12/31/1995</AwardExpirationDate>
    <AwardAmount>22393</AwardAmount>
    <AwardInstrument>
      <Value>Standard Grant</Value>
    </AwardInstrument>
    <Organization>
      <Code>01090000</Code>
      <Directorate>
        <LongName>Office Of The Director</LongName>
      </Directorate>
      <Division>
        <LongName>Office Of Internatl Science &amp;Engineering</LongName>
      </Division>
    </Organization>
    <ProgramOfficer>
      <SignBlockName>Patricia Jones Tsuchitani</SignBlockName>
    </ProgramOfficer>
    <AbstractNarration>9500502 Gimbel This seminar is organized by the Sub-Saharan Africa Program of the American Association for the Advancement of Science, in cooperation with the Consortium of Affiliates for International programs. It brings five knowledgeable South African scientists/ policy makers to brief interested members of the USG, academic, technical and NGO communities, and representatives of bilateral and multilateral and private donor agencies on the changing environment for research and development in South Africa and to explore issues and opportunities for fruitful, mutually beneficial cooperation. In addition to their presentations, the South African visitors will also meet with representatives of key organizations in the Washington area to explore specific possibilities of cooperation in more detail. The demise of apartheid has presented South Africa with enormous challenges of national reconstruction and development. Science and engineering capacity is one of South Africa's strengths. The establishment of links between the governments of South Africa and United States, and between their respective scientific and academic institutions, will help to end the isolation of South Africa and permit it to begin to develop its human resource base and utilize its scientific capabilities for the benefit of the entire population of the country as well as for the rest of southern Africa. Any such scientific and technological cooperation will have a prominent role in the new relationship between the governments of South Africa and the United States. ***</AbstractNarration>
    <MinAmdLetterDate>12/14/1994</MinAmdLetterDate>
    <MaxAmdLetterDate>12/14/1994</MaxAmdLetterDate>
    <ARRAAmount/>
    <AwardID>9500502</AwardID>
    <Investigator>
      <FirstName>Amy</FirstName>
      <LastName>Gimbel</LastName>
      <EmailAddress>agimbel@aaas.org</EmailAddress>
      <StartDate>12/14/1994</StartDate>
      <EndDate/>
      <RoleCode>Principal Investigator</RoleCode>
    </Investigator>
    <Institution>
      <Name>American Association For Advancement Science</Name>
      <CityName>WASHINGTON</CityName>
      <ZipCode>200053928</ZipCode>
      <PhoneNumber>2023266400</PhoneNumber>
      <StreetAddress>1200 NEW YORK AVENUE, N.W.</StreetAddress>
      <CountryName>United States</CountryName>
      <StateName>District of Columbia</StateName>
      <StateCode>DC</StateCode>
    </Institution>
    <FoaInformation>
      <Code>0000099</Code>
      <Name>Other Applications NEC</Name>
    </FoaInformation>
    <FoaInformation>
      <Code>99</Code>
      <Name>Other Sciences NEC</Name>
    </FoaInformation>
    <ProgramElement>
      <Code>5976</Code>
      <Text>AFRICA, NEAR EAST, &amp; SO ASIA</Text>
    </ProgramElement>
    <ProgramReference>
      <Code>0000</Code>
      <Text>UNASSIGNED</Text>
    </ProgramReference>
    <ProgramReference>
      <Code>1066</Code>
      <Text>SOUTH AFRICA</Text>
    </ProgramReference>
    <ProgramReference>
      <Code>OTHR</Code>
      <Text>OTHER RESEARCH OR EDUCATION</Text>
    </ProgramReference>
  </Award>
</rootTag>
