<?xml version="1.0" encoding="UTF-8"?>

<rootTag>
  <Award>
    <AwardTitle>Mathematical Sciences: Composition Operators, Slant Toeplitz Operators, and Matrix Analysis</AwardTitle>
    <AwardEffectiveDate>07/15/1995</AwardEffectiveDate>
    <AwardExpirationDate>12/31/1998</AwardExpirationDate>
    <AwardAmount>104393</AwardAmount>
    <AwardInstrument>
      <Value>Continuing grant</Value>
    </AwardInstrument>
    <Organization>
      <Code>03040200</Code>
      <Directorate>
        <LongName>Direct For Mathematical &amp; Physical Scien</LongName>
      </Directorate>
      <Division>
        <LongName>Division Of Mathematical Sciences</LongName>
      </Division>
    </Organization>
    <ProgramOfficer>
      <SignBlockName>Joe W. Jenkins</SignBlockName>
    </ProgramOfficer>
    <AbstractNarration>9500870 Cowen The investigator proposes to study the structure of bounded linear operators on the Hardy and Bergman Hilbert spaces and related problems of matrix theory, approaching problems on concretely presented operators and their applications in order to gain insight into more general problems. In particular, he will continue his investigations of composition operators, slant Toeplitz operators, and related problems from matrix analysis. The project will also involve the direction of research of several undergraduate students in matrix analysis and its applications to some engineering problems with the goal of attracting young people to graduate study and research in mathematics. In this project, the investigator and his graduate students will work on several fundamental questions about composition operators on Bergman and Hardy spaces including investigation into the explanations for unexpected circular symmetry in most composition operators and seeking ways to break operators into simpler components when the symbol is a function of several variables with special structure. Further, the investigator and his graduate students will investigate the spectral theory of slant Toeplitz operators, a class of weighted composition operators with applications to smoothness criteria for wavelets. These projects will use tools from the theory of operators on Hilbert space and the theory of analytic functions in one and several variables and will build on the investigator's experience in the study of Toeplitz operators and composition operators. ***</AbstractNarration>
    <MinAmdLetterDate>07/12/1995</MinAmdLetterDate>
    <MaxAmdLetterDate>04/10/1997</MaxAmdLetterDate>
    <ARRAAmount/>
    <AwardID>9500870</AwardID>
    <Investigator>
      <FirstName>Carl</FirstName>
      <LastName>Cowen</LastName>
      <EmailAddress>ccowen@math.iupui.edu</EmailAddress>
      <StartDate>07/12/1995</StartDate>
      <EndDate/>
      <RoleCode>Principal Investigator</RoleCode>
    </Investigator>
    <Institution>
      <Name>Purdue Research Foundation</Name>
      <CityName>West Lafayette</CityName>
      <ZipCode>47907</ZipCode>
      <PhoneNumber>3174946200</PhoneNumber>
      <StreetAddress/>
      <CountryName>United States</CountryName>
      <StateName>Indiana</StateName>
      <StateCode>IN</StateCode>
    </Institution>
    <FoaInformation>
      <Code>21</Code>
      <Name>Mathematics</Name>
    </FoaInformation>
  </Award>
</rootTag>
