<?xml version="1.0" encoding="UTF-8"?>

<rootTag>
  <Award>
    <AwardTitle>Engineering Research Equipment: The Virtual Decision Environment</AwardTitle>
    <AwardEffectiveDate>03/01/1995</AwardEffectiveDate>
    <AwardExpirationDate>02/29/1996</AwardExpirationDate>
    <AwardAmount>20100</AwardAmount>
    <AwardInstrument>
      <Value>Standard Grant</Value>
    </AwardInstrument>
    <Organization>
      <Code>07030000</Code>
      <Directorate>
        <LongName>Directorate For Engineering</LongName>
      </Directorate>
      <Division>
        <LongName>Div Of Civil, Mechanical, &amp; Manufact Inn</LongName>
      </Division>
    </Organization>
    <ProgramOfficer>
      <SignBlockName>George A. Hazelrigg</SignBlockName>
    </ProgramOfficer>
    <AbstractNarration>9500266 Barber This award is for the purchase of computer system and support equipment which will be dedicated to several research projects, including in particular: (1) a virtual decision making environment for the evaluation of graphics and interface software, (2) an interactive virtual environment to promote distributed scheduling in manufacturing arenas, (3) a visual specification environment for the development of safe, dependable, time-critical systems, (4) analyzing aural and visual effects on the software evolution process, (5) simulation and evaluation of robotic systems in virtual environments, and (6) recognition of interactive cues in the virtual decision environment. The research to be performed using this equipment seeks to develop tools to support the fast but accurate decision-making needed for agile manufacturing. Decisions made in a virtual decision environment can be easily evaluated for effectiveness without the time and capital expense required in the operational factory. The results of simulations can then be implemented on the factory floor, thus minimizing down time, equipment modifications, replanning and rescheduling. A virtual decision environment would not replace human decision-making, but would offer a level of support that improves the ability to make frequent, rapid and vital decisions in the manufacturing enterprise.</AbstractNarration>
    <MinAmdLetterDate>02/27/1995</MinAmdLetterDate>
    <MaxAmdLetterDate>02/27/1995</MaxAmdLetterDate>
    <ARRAAmount/>
    <AwardID>9500266</AwardID>
    <Investigator>
      <FirstName>K. Suzanne</FirstName>
      <LastName>Barber</LastName>
      <EmailAddress>barber@mail.utexas.edu</EmailAddress>
      <StartDate>02/27/1995</StartDate>
      <EndDate/>
      <RoleCode>Principal Investigator</RoleCode>
    </Investigator>
    <Institution>
      <Name>University of Texas at Austin</Name>
      <CityName>Austin</CityName>
      <ZipCode>787121532</ZipCode>
      <PhoneNumber>5124716424</PhoneNumber>
      <StreetAddress>101 E. 27th Street, Suite 5.300</StreetAddress>
      <CountryName>United States</CountryName>
      <StateName>Texas</StateName>
      <StateCode>TX</StateCode>
    </Institution>
    <FoaInformation>
      <Code>0308000</Code>
      <Name>Industrial Technology</Name>
    </FoaInformation>
    <FoaInformation>
      <Code>59</Code>
      <Name>Engineering NEC</Name>
    </FoaInformation>
    <ProgramElement>
      <Code>1463</Code>
      <Text>INTEGRATION ENGINEERING</Text>
    </ProgramElement>
    <ProgramReference>
      <Code>9148</Code>
      <Text>TOOLS &amp; TECHNOL FOR MANUFACTURING DESIGN</Text>
    </ProgramReference>
    <ProgramReference>
      <Code>MANU</Code>
      <Text>MANUFACTURING</Text>
    </ProgramReference>
  </Award>
</rootTag>
