<?xml version="1.0" encoding="UTF-8"?>

<rootTag>
  <Award>
    <AwardTitle>Mathematical Sciences: Modeling of Pattern Formation by Cellular Tractions on in vitro Extracellular Matrix</AwardTitle>
    <AwardEffectiveDate>08/01/1995</AwardEffectiveDate>
    <AwardExpirationDate>07/31/1999</AwardExpirationDate>
    <AwardAmount>213000</AwardAmount>
    <AwardInstrument>
      <Value>Continuing grant</Value>
    </AwardInstrument>
    <Organization>
      <Code>03040100</Code>
      <Directorate>
        <LongName>Direct For Mathematical &amp; Physical Scien</LongName>
      </Directorate>
      <Division>
        <LongName>Division Of Mathematical Sciences</LongName>
      </Division>
    </Organization>
    <ProgramOfficer>
      <SignBlockName>Michael H. Steuerwalt</SignBlockName>
    </ProgramOfficer>
    <AbstractNarration>Murray Traction forces are a crucial mechanism of pattern formation in morphogenesis. Cells of many types, when seeded on Matrigel, form aggregates due solely to traction forces. The traction mechanically deforms the gel, creating fiber tracks between aggregates. The fiber tracks induce cells to elongate and migrate along them by contact guidance. The pattern formation occurs sufficiently quickly that there are no complications of cell proliferation or secretion or degradation of the matrix, affording a unique opportunity to study pattern formation by traction forces in isolation. The investigator and his colleague develop and analyze a mathematical model of the cellular tractions and the resultant mechanical response of the Matrigel, incorporating a description of the essential material and behavioral anisotropy which develops in response to traction. Analysis consists of linear bifurcation analysis, nonlinear analysis where appropriate, and a strong component of numerical analysis. The latter entails development of algorithms to simulate the nonlinear conservation and evolution equations in two spatial dimensions. The study aims at a deeper understanding of biological traction and the mechanics of extracellular matrix, and ultimately to a greater understanding of morphogenesis and remodeling in general. The investigators develop and analyze a mathematical model of a particular case of cellular pattern formation with the aim of a better, more fundamental understanding of (1) the mechanical interaction by traction forces between cells and their growth medium (natural or artificial), (2) the subtle anisotropic mechanics of the extracellular matrix that forms a large part of the human body, (3) later restructuring such as wound healing and tumor growth, (4) human embryonic development, and (5) biological pattern formation in general. The technique of mathematical modeling allows a logical construction of biological theories to test, and a method o f testing those theories with "mathematical experiments." Furthermore, the analysis of the mathematical model leads to predictions which may then be confirmed or refuted by appropriate laboratory experiments. It is by a close communication between experiment and theory that understanding is gained. The project addresses fundamental biological questions using mathematical and computational techniques, in close collaboration with experimentalists.</AbstractNarration>
    <MinAmdLetterDate>07/25/1995</MinAmdLetterDate>
    <MaxAmdLetterDate>06/24/1997</MaxAmdLetterDate>
    <ARRAAmount/>
    <AwardID>9500766</AwardID>
    <Investigator>
      <FirstName>Sharon</FirstName>
      <LastName>Lubkin</LastName>
      <EmailAddress>lubkin@ncsu.edu</EmailAddress>
      <StartDate>07/25/1995</StartDate>
      <EndDate/>
      <RoleCode>Co-Principal Investigator</RoleCode>
    </Investigator>
    <Investigator>
      <FirstName>James</FirstName>
      <LastName>Murray</LastName>
      <EmailAddress>murrayjd@amath.washington.edu</EmailAddress>
      <StartDate>07/25/1995</StartDate>
      <EndDate/>
      <RoleCode>Principal Investigator</RoleCode>
    </Investigator>
    <Institution>
      <Name>University of Washington</Name>
      <CityName>Seattle</CityName>
      <ZipCode>981950001</ZipCode>
      <PhoneNumber>2065434043</PhoneNumber>
      <StreetAddress>4333 Brooklyn Ave NE</StreetAddress>
      <CountryName>United States</CountryName>
      <StateName>Washington</StateName>
      <StateCode>WA</StateCode>
    </Institution>
    <FoaInformation>
      <Code>0000099</Code>
      <Name>Other Applications NEC</Name>
    </FoaInformation>
    <FoaInformation>
      <Code>21</Code>
      <Name>Mathematics</Name>
    </FoaInformation>
    <ProgramElement>
      <Code>1266</Code>
      <Text>APPLIED MATHEMATICS</Text>
    </ProgramElement>
    <ProgramReference>
      <Code>9183</Code>
      <Text>GENERAL FOUNDATIONS OF BIOTECHNOLOGY</Text>
    </ProgramReference>
    <ProgramReference>
      <Code>BIOT</Code>
      <Text>BIOTECHNOLOGY</Text>
    </ProgramReference>
  </Award>
</rootTag>
