<?xml version="1.0" encoding="UTF-8"?>

<rootTag>
  <Award>
    <AwardTitle>Mathematical Sciences: Complex Manifolds and Meromorphic Mappings</AwardTitle>
    <AwardEffectiveDate>07/01/1995</AwardEffectiveDate>
    <AwardExpirationDate>07/31/1998</AwardExpirationDate>
    <AwardAmount>126000</AwardAmount>
    <AwardInstrument>
      <Value>Continuing grant</Value>
    </AwardInstrument>
    <Organization>
      <Code>03040200</Code>
      <Directorate>
        <LongName>Direct For Mathematical &amp; Physical Scien</LongName>
      </Directorate>
      <Division>
        <LongName>Division Of Mathematical Sciences</LongName>
      </Division>
    </Organization>
    <ProgramOfficer>
      <SignBlockName>Joe W. Jenkins</SignBlockName>
    </ProgramOfficer>
    <AbstractNarration>DMS-9500491 Shiffman Shiffman will continue his research on complex varieties and meromorphic mappings. He will investigate the Kabayashi-Royden infinitesimal pseudometric and Kobayashi pseudodistane with a goal towards obtaining a better understanding of the concept of hyperbolicity for projective manifolds. He will also return to the topic of value distribution theory and will seek new defect relations for meromorphic maps and for sections of vector bundles. Several complex variables arose at the beginning of the century as a natural outgrowth of studies of functions of one complex variable. It became clear early on that the theory differed widely from it predecessor. The underlying geometry was far more difficult to grasp and the function theory had far more affinity with partial differential operators of first order. It thus grew as a hybrid subject combining deep characteristics of differential geometry and differential equations. Many of the fundamental structures were defined in the last three decades. Current studies still concentrate on understanding these basic mathematical forms.</AbstractNarration>
    <MinAmdLetterDate>03/03/1995</MinAmdLetterDate>
    <MaxAmdLetterDate>12/19/1996</MaxAmdLetterDate>
    <ARRAAmount/>
    <AwardID>9500491</AwardID>
    <Investigator>
      <FirstName>Bernard</FirstName>
      <LastName>Shiffman</LastName>
      <EmailAddress>bshiffman@jhu.edu</EmailAddress>
      <StartDate>03/03/1995</StartDate>
      <EndDate/>
      <RoleCode>Principal Investigator</RoleCode>
    </Investigator>
    <Institution>
      <Name>Johns Hopkins University</Name>
      <CityName>Baltimore</CityName>
      <ZipCode>212182608</ZipCode>
      <PhoneNumber>4105168668</PhoneNumber>
      <StreetAddress>3400 N CHARLES ST</StreetAddress>
      <CountryName>United States</CountryName>
      <StateName>Maryland</StateName>
      <StateCode>MD</StateCode>
    </Institution>
    <FoaInformation>
      <Code>21</Code>
      <Name>Mathematics</Name>
    </FoaInformation>
    <FoaInformation>
      <Code>0000099</Code>
      <Name>Other Applications NEC</Name>
    </FoaInformation>
  </Award>
</rootTag>
