<?xml version="1.0" encoding="UTF-8"?>

<rootTag>
  <Award>
    <AwardTitle>Mathematical Sciences: Aspects of Integrability</AwardTitle>
    <AwardEffectiveDate>06/15/1995</AwardEffectiveDate>
    <AwardExpirationDate>05/31/1997</AwardExpirationDate>
    <AwardAmount>40000</AwardAmount>
    <AwardInstrument>
      <Value>Standard Grant</Value>
    </AwardInstrument>
    <Organization>
      <Code>03040100</Code>
      <Directorate>
        <LongName>Direct For Mathematical &amp; Physical Scien</LongName>
      </Directorate>
      <Division>
        <LongName>Division Of Mathematical Sciences</LongName>
      </Division>
    </Organization>
    <ProgramOfficer>
      <SignBlockName>Deborah Lockhart</SignBlockName>
    </ProgramOfficer>
    <AbstractNarration>DMS-9500311 Fokas The PI is investigating mathematical aspects arising in the study of integrable equations, as well as their implications for the associated physical problems modeled by such equations. Emphasis will be placed on the following two problems: (a) The solution of initial- boundary value problems on the half-infinite life for decaying initial and boundary data; (b) Investigation of certain new integrable generalizations of the well known integrable equations and their novel mathematical solutions, which include peakons and compactons. In recent years important advances in the study of certain nonlinear equations have occurred. In particular it has been found that large classes of physically important equations support coherent structures. Such coherent structures include the so called solitons, dromions, peakons, and compactons. Most of these studies have concentrated on initial value problems. However, many physical situations, including problems arising in ionosphere and in optical switches, are modeled by initial-boundary value problems. The proposed investigation of these problems will have important physical implications such as the understanding of the interaction of a light beam with an interface separating two media with different dielectrics.</AbstractNarration>
    <MinAmdLetterDate>06/15/1995</MinAmdLetterDate>
    <MaxAmdLetterDate>06/15/1995</MaxAmdLetterDate>
    <ARRAAmount/>
    <AwardID>9500311</AwardID>
    <Investigator>
      <FirstName>Athanassios</FirstName>
      <LastName>Fokas</LastName>
      <EmailAddress>a.fokas@uc.ac.uk</EmailAddress>
      <StartDate>06/15/1995</StartDate>
      <EndDate/>
      <RoleCode>Principal Investigator</RoleCode>
    </Investigator>
    <Institution>
      <Name>Clarkson University</Name>
      <CityName>Potsdam</CityName>
      <ZipCode>136761401</ZipCode>
      <PhoneNumber>3152686475</PhoneNumber>
      <StreetAddress>8 Clarkson Avenue</StreetAddress>
      <CountryName>United States</CountryName>
      <StateName>New York</StateName>
      <StateCode>NY</StateCode>
    </Institution>
    <FoaInformation>
      <Code>21</Code>
      <Name>Mathematics</Name>
    </FoaInformation>
    <FoaInformation>
      <Code>0000099</Code>
      <Name>Other Applications NEC</Name>
    </FoaInformation>
  </Award>
</rootTag>
