<?xml version="1.0" encoding="UTF-8"?>

<rootTag>
  <Award>
    <AwardTitle>Mathematical Sciences: Nonconvex Variational Problems and Material Instabilities CMU Proposal 06823</AwardTitle>
    <AwardEffectiveDate>07/01/1995</AwardEffectiveDate>
    <AwardExpirationDate>06/30/1999</AwardExpirationDate>
    <AwardAmount>91659</AwardAmount>
    <AwardInstrument>
      <Value>Continuing grant</Value>
    </AwardInstrument>
    <Organization>
      <Code>03040100</Code>
      <Directorate>
        <LongName>Direct For Mathematical &amp; Physical Scien</LongName>
      </Directorate>
      <Division>
        <LongName>Division Of Mathematical Sciences</LongName>
      </Division>
    </Organization>
    <ProgramOfficer>
      <SignBlockName>Deborah Lockhart</SignBlockName>
    </ProgramOfficer>
    <AbstractNarration>DMS-9500531 Fonseca The general objective of this project is the study of variational problems in connection with material instabilities. The phenomema addressed will include phase transitions, metastable equilibrium states and the presence of dislocations and other defects in crystals, the onset of microstructure and the creation of concentrations, interaction between fracture and damage, and the behavior and defects of liquid crystals. Their study escapes the framework of classical mathematical theories, and it concentrates on very contemporary research issues in material science. The success of this program will require manipulation of recently developed mathematical tools, the introduction of new ones, and it may have a considerable impact in the advance of industry and technology, clarifying problems in material sciences and smart materials. The areas involved in this program are Continuum Mechanics, Geometric Measure Theory, Partial Differential Equations, Thermoelastodynamics, and the Calculus of Variations. Among the underlying mathematical questions, one can find constrained variational problems, evolution of phase boundaries, interfacial energies, relaxation techniques, and generalized measure-valued solutions.</AbstractNarration>
    <MinAmdLetterDate>04/27/1995</MinAmdLetterDate>
    <MaxAmdLetterDate>03/06/1997</MaxAmdLetterDate>
    <ARRAAmount/>
    <AwardID>9500531</AwardID>
    <Investigator>
      <FirstName>Irene</FirstName>
      <LastName>Fonseca</LastName>
      <EmailAddress>fonseca@andrew.cmu.edu</EmailAddress>
      <StartDate>04/27/1995</StartDate>
      <EndDate/>
      <RoleCode>Principal Investigator</RoleCode>
    </Investigator>
    <Institution>
      <Name>Carnegie-Mellon University</Name>
      <CityName>PITTSBURGH</CityName>
      <ZipCode>152133815</ZipCode>
      <PhoneNumber>4122689527</PhoneNumber>
      <StreetAddress>5000 Forbes Avenue</StreetAddress>
      <CountryName>United States</CountryName>
      <StateName>Pennsylvania</StateName>
      <StateCode>PA</StateCode>
    </Institution>
    <FoaInformation>
      <Code>0000099</Code>
      <Name>Other Applications NEC</Name>
    </FoaInformation>
  </Award>
</rootTag>
