<?xml version="1.0" encoding="UTF-8"?>

<rootTag>
  <Award>
    <AwardTitle>Mathematical Sciences: Parallel and Distributed Diffusion Models for Heterogeneous Media</AwardTitle>
    <AwardEffectiveDate>06/01/1995</AwardEffectiveDate>
    <AwardExpirationDate>06/30/2000</AwardExpirationDate>
    <AwardAmount>104053</AwardAmount>
    <AwardInstrument>
      <Value>Continuing grant</Value>
    </AwardInstrument>
    <Organization>
      <Code>03040100</Code>
      <Directorate>
        <LongName>Direct For Mathematical &amp; Physical Scien</LongName>
      </Directorate>
      <Division>
        <LongName>Division Of Mathematical Sciences</LongName>
      </Division>
    </Organization>
    <ProgramOfficer>
      <SignBlockName>Henry A. Warchall</SignBlockName>
    </ProgramOfficer>
    <AbstractNarration>DMS-9500920 Showalter Mathematical models of diffusion in heterogeneous media will be developed as nonlinear systems of partial differential equations. These diffusion processes include examples of diffusion through porous or fissured media (with saturation, absorption, or phase change) and conduction through composite semiconductor materials. The singular or degenerate nature of these systems arise from material properties and from the geometry of the composition. Major objectives include the development by homogenization theory of two-scale models, proof of well-posedness results in appropriate function spaces, and the investigation of properties of solutions for the various systems. Mathematical models of diffusion in composite media will be developed. These diffusion processes include examples of heat conduction (with solid - liquid phase change), diffusion of fluid through porous or fissured media (with saturation), absorption by granulated substance, and the macroscopic description of current flow in semi-conductor materials. The singular or degenerate nature of these systems arise from properties of the materials and from the geometry of the composition. Major objectives include the development of exact small-scale models to describe the flow across the intricate interface between the components of the media and averaged large-scale models which are necessary for the computation of solutions.</AbstractNarration>
    <MinAmdLetterDate>05/12/1995</MinAmdLetterDate>
    <MaxAmdLetterDate>06/04/1999</MaxAmdLetterDate>
    <ARRAAmount/>
    <AwardID>9500920</AwardID>
    <Investigator>
      <FirstName>Ralph</FirstName>
      <LastName>Showalter</LastName>
      <EmailAddress>show@math.oregonstate.edu</EmailAddress>
      <StartDate>05/12/1995</StartDate>
      <EndDate/>
      <RoleCode>Principal Investigator</RoleCode>
    </Investigator>
    <Institution>
      <Name>University of Texas at Austin</Name>
      <CityName>Austin</CityName>
      <ZipCode>787121532</ZipCode>
      <PhoneNumber>5124716424</PhoneNumber>
      <StreetAddress>101 E. 27th Street, Suite 5.300</StreetAddress>
      <CountryName>United States</CountryName>
      <StateName>Texas</StateName>
      <StateCode>TX</StateCode>
    </Institution>
  </Award>
</rootTag>
