<?xml version="1.0" encoding="UTF-8"?>

<rootTag>
  <Award>
    <AwardTitle>Engineering Research Equipment: UV/Visible Spectrophotometer</AwardTitle>
    <AwardEffectiveDate>05/01/1995</AwardEffectiveDate>
    <AwardExpirationDate>04/30/1996</AwardExpirationDate>
    <AwardAmount>27000</AwardAmount>
    <AwardInstrument>
      <Value>Standard Grant</Value>
    </AwardInstrument>
    <Organization>
      <Code>07020000</Code>
      <Directorate>
        <LongName>Directorate For Engineering</LongName>
      </Directorate>
      <Division>
        <LongName>Div Of Chem, Bioeng, Env, &amp; Transp Sys</LongName>
      </Division>
    </Organization>
    <ProgramOfficer>
      <SignBlockName>Gilbert B. Devey</SignBlockName>
    </ProgramOfficer>
    <AbstractNarration>9500052 Ramirez The objective of this proposal is the purchase of a Beckman DU- 7500 UV/Visible Spectrophotometer with complete programming, data reduction, and multicomponent analysis capabilities for use on NSF funded projects. This instrument will support three research areas, 1) amino acid-containing polyanhydrides for peptide and protein release, 2) the design of an artificial pancreas for insulin-dependent diabetics, and 3) the inoculation of microorganisms to enhance the biodegradation of methylene chloride, toluene, phenol, and trichloroethane. The department currently owns two 15 year old spectrophotometers. The newer machine will allow faster throughput and more detailed analysis of results. This capability will facilitate planned expansion of research activities in the department. The equipment could help the researchers achieve new discoveries in several interesting research area, and have a substantial impact on biodegradable drug release polymers and the design of the artificial pancreas. Moreover, the proposed research area may serve as a basis for improving the technology for several areas of implantable materials. The requested equipment would enhance a research laboratory substantially, and would provide more extensive exposure and training for students. ***</AbstractNarration>
    <MinAmdLetterDate>04/24/1995</MinAmdLetterDate>
    <MaxAmdLetterDate>04/24/1995</MaxAmdLetterDate>
    <ARRAAmount/>
    <AwardID>9500052</AwardID>
    <Investigator>
      <FirstName>Carlos</FirstName>
      <LastName>Ramirez</LastName>
      <EmailAddress>cramirez@uprm.edu</EmailAddress>
      <StartDate>04/24/1995</StartDate>
      <EndDate/>
      <RoleCode>Principal Investigator</RoleCode>
    </Investigator>
    <Investigator>
      <FirstName>Guillermo</FirstName>
      <LastName>Colon</LastName>
      <EmailAddress/>
      <StartDate>04/24/1995</StartDate>
      <EndDate/>
      <RoleCode>Co-Principal Investigator</RoleCode>
    </Investigator>
    <Institution>
      <Name>University of Puerto Rico Mayaguez</Name>
      <CityName>Mayaguez</CityName>
      <ZipCode>006819000</ZipCode>
      <PhoneNumber>7878312065</PhoneNumber>
      <StreetAddress>Call Box 9000</StreetAddress>
      <CountryName>United States</CountryName>
      <StateName>Puerto Rico</StateName>
      <StateCode>PR</StateCode>
    </Institution>
    <FoaInformation>
      <Code>0203000</Code>
      <Name>Health</Name>
    </FoaInformation>
    <FoaInformation>
      <Code>59</Code>
      <Name>Engineering NEC</Name>
    </FoaInformation>
    <ProgramElement>
      <Code>5345</Code>
      <Text>BIOMEDICAL ENGINEERING</Text>
    </ProgramElement>
    <ProgramReference>
      <Code>0000</Code>
      <Text>UNASSIGNED</Text>
    </ProgramReference>
    <ProgramReference>
      <Code>9120</Code>
      <Text>CROSS-DIRECTORATE PROGRAMS</Text>
    </ProgramReference>
    <ProgramReference>
      <Code>OTHR</Code>
      <Text>OTHER RESEARCH OR EDUCATION</Text>
    </ProgramReference>
  </Award>
</rootTag>
