<?xml version="1.0" encoding="UTF-8"?>

<rootTag>
  <Award>
    <AwardTitle>Mathematical Sciences: Weighted Norm Inequalities and Applications</AwardTitle>
    <AwardEffectiveDate>06/01/1995</AwardEffectiveDate>
    <AwardExpirationDate>05/31/1999</AwardExpirationDate>
    <AwardAmount>105000</AwardAmount>
    <AwardInstrument>
      <Value>Continuing grant</Value>
    </AwardInstrument>
    <Organization>
      <Code>03040200</Code>
      <Directorate>
        <LongName>Direct For Mathematical &amp; Physical Scien</LongName>
      </Directorate>
      <Division>
        <LongName>Division Of Mathematical Sciences</LongName>
      </Division>
    </Organization>
    <ProgramOfficer>
      <SignBlockName>Joe W. Jenkins</SignBlockName>
    </ProgramOfficer>
    <AbstractNarration>Wheeden DMS-9500799 The research will investigate the role of weighted norm inequalities in harmonic analysis and differential equations. The emphasis is to study questions that arise naturally in these subjects, and to obtain conditions on the weights or measures which are as sharp and simple to verify as possible, and which reflect the particular nature of the situation being studied. The problems are related to finding weighted norm estimates between a function and various transforms of the function. Mathematical research in harmonic analysis seeks to study the fine structure of mathematical functions and their underlying domains of definition. The tools developed by this work bring out hidden relationships not ordinarily detected by more classical methods.</AbstractNarration>
    <MinAmdLetterDate>05/05/1995</MinAmdLetterDate>
    <MaxAmdLetterDate>12/18/1996</MaxAmdLetterDate>
    <ARRAAmount/>
    <AwardID>9500799</AwardID>
    <Investigator>
      <FirstName>Richard</FirstName>
      <LastName>Wheeden</LastName>
      <EmailAddress>wheeden@math.rutgers.edu</EmailAddress>
      <StartDate>05/05/1995</StartDate>
      <EndDate/>
      <RoleCode>Principal Investigator</RoleCode>
    </Investigator>
    <Institution>
      <Name>Rutgers University New Brunswick</Name>
      <CityName>Piscataway</CityName>
      <ZipCode>088543925</ZipCode>
      <PhoneNumber>8489320150</PhoneNumber>
      <StreetAddress>33 Knightsbridge Road</StreetAddress>
      <CountryName>United States</CountryName>
      <StateName>New Jersey</StateName>
      <StateCode>NJ</StateCode>
    </Institution>
    <FoaInformation>
      <Code>0000099</Code>
      <Name>Other Applications NEC</Name>
    </FoaInformation>
    <FoaInformation>
      <Code>21</Code>
      <Name>Mathematics</Name>
    </FoaInformation>
    <ProgramElement>
      <Code>1281</Code>
      <Text>ANALYSIS PROGRAM</Text>
    </ProgramElement>
    <ProgramReference>
      <Code>0000</Code>
      <Text>UNASSIGNED</Text>
    </ProgramReference>
    <ProgramReference>
      <Code>OTHR</Code>
      <Text>OTHER RESEARCH OR EDUCATION</Text>
    </ProgramReference>
  </Award>
</rootTag>
