<?xml version="1.0" encoding="UTF-8"?>

<rootTag>
  <Award>
    <AwardTitle>Femtosecond Spin Dynamics in Magnetic Semiconductor Quantum Structures</AwardTitle>
    <AwardEffectiveDate>07/01/1995</AwardEffectiveDate>
    <AwardExpirationDate>06/30/1997</AwardExpirationDate>
    <AwardAmount>109780</AwardAmount>
    <AwardInstrument>
      <Value>Continuing grant</Value>
    </AwardInstrument>
    <Organization>
      <Code>03070003</Code>
      <Directorate>
        <LongName>Direct For Mathematical &amp; Physical Scien</LongName>
      </Directorate>
      <Division>
        <LongName>Division Of Materials Research</LongName>
      </Division>
    </Organization>
    <ProgramOfficer>
      <SignBlockName>Jean Toulouse</SignBlockName>
    </ProgramOfficer>
    <AbstractNarration>9500460 Samarth The effects of reduced dimensionality a quantum confinement on fundamental magnetic and electronic spin dynamics are being investigated in quantum structures fabricated from II-VI diluted magnetic semiconductors (DMS). Magneto-optical spectroscopy probes spin-dependent phenomena such as carrier spin-flip scattering, spin dependent electronic tunneling and localization, magnetic polaron formation, and spin-lattice relaxation processes. The program combines state-of-the-art techniques in femtosecond optical measurements, integrated DCSQUID technology and epitaxial materials fabrication to obtain a real-timed view of dynamical behavior in quantum magnetic systems. % % % This project involves optical spectroscopy on very small particles that are both magnetic and semiconducting. The small size of the particles influences the electrical properties of the particles in interesting ways. In addition, the electronic properties of the particles are influenced by their magnetism. This means that the semiconducting properties can be tuned by an external magnetic fields. The electronic properties are being investigated by ultra- fast optical techniques. The state-of-the-art materials and experimental techniques are of interest for fundamental physics, and may lead to new devices for electronic and magnetic applications. ***</AbstractNarration>
    <MinAmdLetterDate>02/21/1995</MinAmdLetterDate>
    <MaxAmdLetterDate>05/23/1996</MaxAmdLetterDate>
    <ARRAAmount/>
    <AwardID>9500460</AwardID>
    <Investigator>
      <FirstName>Nitin</FirstName>
      <LastName>Samarth</LastName>
      <EmailAddress>nsamarth@psu.edu</EmailAddress>
      <StartDate>02/21/1995</StartDate>
      <EndDate/>
      <RoleCode>Principal Investigator</RoleCode>
    </Investigator>
    <Institution>
      <Name>Pennsylvania State Univ University Park</Name>
      <CityName>UNIVERSITY PARK</CityName>
      <ZipCode>168027000</ZipCode>
      <PhoneNumber>8148651372</PhoneNumber>
      <StreetAddress>110 Technology Center Building</StreetAddress>
      <CountryName>United States</CountryName>
      <StateName>Pennsylvania</StateName>
      <StateCode>PA</StateCode>
    </Institution>
    <FoaInformation>
      <Code>14</Code>
      <Name>Condensed Matter Physics</Name>
    </FoaInformation>
    <FoaInformation>
      <Code>0106000</Code>
      <Name>Materials Research</Name>
    </FoaInformation>
  </Award>
</rootTag>
