<?xml version="1.0" encoding="UTF-8"?>

<rootTag>
  <Award>
    <AwardTitle>NSF Career Program</AwardTitle>
    <AwardEffectiveDate>09/01/1995</AwardEffectiveDate>
    <AwardExpirationDate>11/30/2000</AwardExpirationDate>
    <AwardAmount>240000</AwardAmount>
    <AwardInstrument>
      <Value>Continuing grant</Value>
    </AwardInstrument>
    <Organization>
      <Code>07020000</Code>
      <Directorate>
        <LongName>Directorate For Engineering</LongName>
      </Directorate>
      <Division>
        <LongName>Div Of Chem, Bioeng, Env, &amp; Transp Sys</LongName>
      </Division>
    </Organization>
    <ProgramOfficer>
      <SignBlockName>Fred G. Heineken</SignBlockName>
    </ProgramOfficer>
    <AbstractNarration>9500663 Phillips This project is on research to study hindered transport and partitioning in systems with fibrous microstructures both theoretically and experimentally. The theory will rigorously incorporate both transport and equilibrium partition coefficients, two of the key components necessary to model processes such as ultrafiltration, gel permeation chromatography and controlled-release devices. In addition to this research activity, the investigator will enhance education by developing courses related to the research, as well as a course on technology, public policy and the energy industry. ***</AbstractNarration>
    <MinAmdLetterDate>06/08/1995</MinAmdLetterDate>
    <MaxAmdLetterDate>04/21/1998</MaxAmdLetterDate>
    <ARRAAmount/>
    <AwardID>9500663</AwardID>
    <Investigator>
      <FirstName>Ronald</FirstName>
      <LastName>Phillips</LastName>
      <EmailAddress>rjphillips@ucdavis.edu</EmailAddress>
      <StartDate>06/08/1995</StartDate>
      <EndDate/>
      <RoleCode>Principal Investigator</RoleCode>
    </Investigator>
    <Institution>
      <Name>University of California-Davis</Name>
      <CityName>Davis</CityName>
      <ZipCode>956186134</ZipCode>
      <PhoneNumber>5307547700</PhoneNumber>
      <StreetAddress>OR/Sponsored Programs</StreetAddress>
      <CountryName>United States</CountryName>
      <StateName>California</StateName>
      <StateCode>CA</StateCode>
    </Institution>
    <FoaInformation>
      <Code>0308000</Code>
      <Name>Industrial Technology</Name>
    </FoaInformation>
    <FoaInformation>
      <Code>53</Code>
      <Name>Engineering-Chemical</Name>
    </FoaInformation>
    <ProgramElement>
      <Code>1402</Code>
      <Text>BIOCHEMICAL &amp; BIOMASS ENG</Text>
    </ProgramElement>
    <ProgramReference>
      <Code>1045</Code>
      <Text>CAREER: FACULTY EARLY CAR DEV</Text>
    </ProgramReference>
    <ProgramReference>
      <Code>9181</Code>
      <Text>BIOPROCESSING/BIOMOLECULAR MATERIALS</Text>
    </ProgramReference>
    <ProgramReference>
      <Code>9251</Code>
      <Text>RES EXPER FOR UNDERGRAD-SUPPLT</Text>
    </ProgramReference>
    <ProgramReference>
      <Code>BIOT</Code>
      <Text>BIOTECHNOLOGY</Text>
    </ProgramReference>
  </Award>
</rootTag>
