<?xml version="1.0" encoding="UTF-8"?>

<rootTag>
  <Award>
    <AwardTitle>Aerosol and Ozone Measurements at Mid-Latitudes in the Northern and Southern Hemispheres</AwardTitle>
    <AwardEffectiveDate>08/01/1995</AwardEffectiveDate>
    <AwardExpirationDate>07/31/2000</AwardExpirationDate>
    <AwardAmount>415067</AwardAmount>
    <AwardInstrument>
      <Value>Continuing grant</Value>
    </AwardInstrument>
    <Organization>
      <Code>06020104</Code>
      <Directorate>
        <LongName>Directorate For Geosciences</LongName>
      </Directorate>
      <Division>
        <LongName>Div Atmospheric &amp; Geospace Sciences</LongName>
      </Division>
    </Organization>
    <ProgramOfficer>
      <SignBlockName>Anne-Marie Schmoltner</SignBlockName>
    </ProgramOfficer>
    <AbstractNarration>ATM-9500186 Rosen This project involves concurrent balloon soundings from a mid-latitude site in the northern hemisphere (Laramie, Wyoming, 41(N), and a mid-latitude site in the southern hemisphere (Lauder, New Zealand, 45(S). Newly developed balloon borne instrumentation will be employed to obtain high resolution profiles of aerosol backscatter at two wavelengths, ozone, relative humidity, air temperature and pressure throughout the troposphere and stratosphere. The results will contribute to the present established record of atmospheric measurements at both sites as well as create new knowledge. Specifically, the final decay of the Mt. Pinatubo eruption of 1991 will be documented and a new value for the magnitude of stratospheric aerosol background determined. The tropospheric measurements over Lauder will help address the general lack of high vertical resolution data that is available relating to tropospheric aerosols in the remote southern hemisphere. A direct comparison of aerosols at the northern and southern mid-latitude sites should provide uniquely contrasting data for the identification of atmospheric processes and the assessment of anthropogenic components.</AbstractNarration>
    <MinAmdLetterDate>07/25/1995</MinAmdLetterDate>
    <MaxAmdLetterDate>06/05/1998</MaxAmdLetterDate>
    <ARRAAmount/>
    <AwardID>9500186</AwardID>
    <Investigator>
      <FirstName>James</FirstName>
      <LastName>Rosen</LastName>
      <EmailAddress>wyojim@igc.org</EmailAddress>
      <StartDate>07/25/1995</StartDate>
      <EndDate/>
      <RoleCode>Principal Investigator</RoleCode>
    </Investigator>
    <Institution>
      <Name>University of Wyoming</Name>
      <CityName>Laramie</CityName>
      <ZipCode>820712000</ZipCode>
      <PhoneNumber>3077665320</PhoneNumber>
      <StreetAddress>1000 E. University Avenue</StreetAddress>
      <CountryName>United States</CountryName>
      <StateName>Wyoming</StateName>
      <StateCode>WY</StateCode>
    </Institution>
    <FoaInformation>
      <Code>0000099</Code>
      <Name>Other Applications NEC</Name>
    </FoaInformation>
    <FoaInformation>
      <Code>41</Code>
      <Name>Atmospheric Sciences</Name>
    </FoaInformation>
  </Award>
</rootTag>
