<?xml version="1.0" encoding="UTF-8"?>

<rootTag>
  <Award>
    <AwardTitle>GOALI/IUCRP: Applying Acoustic Microcavitation to Semiconductor Processing</AwardTitle>
    <AwardEffectiveDate>07/01/1995</AwardEffectiveDate>
    <AwardExpirationDate>06/30/1997</AwardExpirationDate>
    <AwardAmount>179941</AwardAmount>
    <AwardInstrument>
      <Value>Continuing grant</Value>
    </AwardInstrument>
    <Organization>
      <Code>07030000</Code>
      <Directorate>
        <LongName>Directorate For Engineering</LongName>
      </Directorate>
      <Division>
        <LongName>Div Of Civil, Mechanical, &amp; Manufact Inn</LongName>
      </Division>
    </Organization>
    <ProgramOfficer>
      <SignBlockName>Jay Lee</SignBlockName>
    </ProgramOfficer>
    <AbstractNarration>9500462 Madanshetty This research aims at advancing the technology of cleaning semiconductor chips and devices by ultrasonics. The current research builds on prior research on "Ultrasonically Induced Fluid-Particle Interactions at Nanometer Length Scales", which led to the discovery of "acoustic coaxing", whereby microcavitation can be induced on liquid borne microparticles by superposition of a strong acoustic field with a weak field at a very high frequency. By lowering the threshold needed for microcavitation via acoustic coaxing and combining with micro-streaming, a process to clean semiconductor is proposed. By advancing the fundamental understanding of acoustic coaxing induced microcavitation, it is expected that key process control parameters will be identified to realize a practical manufacturing process. An additional benefit of the research is expected in developing a new way of detecting liquid borne particles for ultra clean liquids. As the semiconductor industry drives towards packing of more and more information on a chip using finer and finer details, the barrier to manufacturing technology becomes the state of cleanliness. Successful completion of this project can lead to building of ultrasonic equipment with a knowledge based process control that has the potential of achieving ultra clean manufacturing environment for semiconductor. In fact, two small companies are partnering with this researcher based on this promising technology to develop instrumentation for detecting liquid borne microparticles.</AbstractNarration>
    <MinAmdLetterDate>06/26/1995</MinAmdLetterDate>
    <MaxAmdLetterDate>04/08/1996</MaxAmdLetterDate>
    <ARRAAmount/>
    <AwardID>9500462</AwardID>
    <Investigator>
      <FirstName>Sameer</FirstName>
      <LastName>Madanshetty</LastName>
      <EmailAddress>sameer@uncopiers.com</EmailAddress>
      <StartDate>06/26/1995</StartDate>
      <EndDate/>
      <RoleCode>Principal Investigator</RoleCode>
    </Investigator>
    <Institution>
      <Name>Trustees of Boston University</Name>
      <CityName>BOSTON</CityName>
      <ZipCode>022151300</ZipCode>
      <PhoneNumber>6173534365</PhoneNumber>
      <StreetAddress>881 COMMONWEALTH AVE</StreetAddress>
      <CountryName>United States</CountryName>
      <StateName>Massachusetts</StateName>
      <StateCode>MA</StateCode>
    </Institution>
    <FoaInformation>
      <Code>0106000</Code>
      <Name>Materials Research</Name>
    </FoaInformation>
    <FoaInformation>
      <Code>57</Code>
      <Name>Engineering-Metallurgy &amp; Material</Name>
    </FoaInformation>
    <ProgramElement>
      <Code>1415</Code>
      <Text>PARTICULATE &amp;MULTIPHASE PROCES</Text>
    </ProgramElement>
    <ProgramElement>
      <Code>1467</Code>
      <Text>MATERIALS PROCESSING AND MANFG</Text>
    </ProgramElement>
    <ProgramElement>
      <Code>1504</Code>
      <Text>GRANT OPP FOR ACAD LIA W/INDUS</Text>
    </ProgramElement>
    <ProgramReference>
      <Code>1049</Code>
      <Text>INDUSTRY-UNIV COOPERATIVE RSCH PROJECTS</Text>
    </ProgramReference>
    <ProgramReference>
      <Code>1504</Code>
      <Text>GRANT OPP FOR ACAD LIA W/INDUS</Text>
    </ProgramReference>
    <ProgramReference>
      <Code>9146</Code>
      <Text>MANUFACTURING BASE RESEARCH</Text>
    </ProgramReference>
    <ProgramReference>
      <Code>9178</Code>
      <Text>UNDERGRADUATE EDUCATION</Text>
    </ProgramReference>
    <ProgramReference>
      <Code>9231</Code>
      <Text>SUPPL FOR UNDERGRAD RES ASSIST</Text>
    </ProgramReference>
    <ProgramReference>
      <Code>9251</Code>
      <Text>RES EXPER FOR UNDERGRAD-SUPPLT</Text>
    </ProgramReference>
    <ProgramReference>
      <Code>MANU</Code>
      <Text>MANUFACTURING</Text>
    </ProgramReference>
  </Award>
</rootTag>
