<?xml version="1.0" encoding="UTF-8"?>

<rootTag>
  <Award>
    <AwardTitle>Synthesis Properties and Applications of Carbon-Coated Magnetic Nanoparticles</AwardTitle>
    <AwardEffectiveDate>07/01/1995</AwardEffectiveDate>
    <AwardExpirationDate>06/30/1999</AwardExpirationDate>
    <AwardAmount>598066</AwardAmount>
    <AwardInstrument>
      <Value>Continuing grant</Value>
    </AwardInstrument>
    <Organization>
      <Code>03070004</Code>
      <Directorate>
        <LongName>Direct For Mathematical &amp; Physical Scien</LongName>
      </Directorate>
      <Division>
        <LongName>Division Of Materials Research</LongName>
      </Division>
    </Organization>
    <ProgramOfficer>
      <SignBlockName>Bruce A. MacDonald</SignBlockName>
    </ProgramOfficer>
    <AbstractNarration>9500313 Majetich Metal and alloy nanocrystals prepared in a carbon arc are interesting candidates for magnetic applications in xerography, magnetic resonance imaging, ferrofluids, data storage, and magnetic inks. Preliminary results demonstrate three potential advantages over existing materials: 1) the carbon coating prevents oxidation, 2) this process may be more efficient than other methods for preparing nanoparticles in the 10-100 nm size range, and 3) alloy nanoparticles with large magnetocrystalline anisotropy show room temperature magnetic stability. The research will explore scientific questions critical to the technical applications of these nanoparticles. One thrust area includes experiments to understand the formation of the carbon coating, and to correlate reaction parameters and particle morphology. This knowledge is used to optimize the growth process and to scale up production, both of which are essential for commercialization. The second thrust area focus as on magnetic characterization. Theoretical models of fine particle magnets are used to design nanoparticles with room temperature hysteresis required for data storage. After generation in the carbon are, the magnetic behavior of the nanoparticles are studied with DC and AC magnetometry, thermomagnetic analysis, Mossbauer spectroscopy, zero field NMR, and magnetic circular dichroism. The results are compared with technical benchmarks for the different applications to determine which possibilities are promising. New experimental data for alloy nanocrystals are compared with fine particle magnetism predictions to expand the fundamental understanding of hysteresis and switching rates in monodomain magnets.</AbstractNarration>
    <MinAmdLetterDate>06/02/1995</MinAmdLetterDate>
    <MaxAmdLetterDate>04/18/1997</MaxAmdLetterDate>
    <ARRAAmount/>
    <AwardID>9500313</AwardID>
    <Investigator>
      <FirstName>Sara</FirstName>
      <LastName>Majetich</LastName>
      <EmailAddress>sm70@andrew.cmu.edu</EmailAddress>
      <StartDate>06/02/1995</StartDate>
      <EndDate/>
      <RoleCode>Principal Investigator</RoleCode>
    </Investigator>
    <Investigator>
      <FirstName>Michael</FirstName>
      <LastName>McHenry</LastName>
      <EmailAddress>mm7g@andrew.cmu.edu</EmailAddress>
      <StartDate>06/02/1995</StartDate>
      <EndDate/>
      <RoleCode>Co-Principal Investigator</RoleCode>
    </Investigator>
    <Institution>
      <Name>Carnegie-Mellon University</Name>
      <CityName>PITTSBURGH</CityName>
      <ZipCode>152133815</ZipCode>
      <PhoneNumber>4122689527</PhoneNumber>
      <StreetAddress>5000 Forbes Avenue</StreetAddress>
      <CountryName>United States</CountryName>
      <StateName>Pennsylvania</StateName>
      <StateCode>PA</StateCode>
    </Institution>
    <FoaInformation>
      <Code>0106000</Code>
      <Name>Materials Research</Name>
    </FoaInformation>
    <FoaInformation>
      <Code>15</Code>
      <Name>Metals, Ceramics &amp; Electronic Materials</Name>
    </FoaInformation>
    <ProgramElement>
      <Code>1715</Code>
      <Text>METALS, CERAMICS, &amp; ELEC MATRS</Text>
    </ProgramElement>
    <ProgramReference>
      <Code>1771</Code>
      <Text>METAL &amp; METALLIC NANOSTRUCTURE</Text>
    </ProgramReference>
    <ProgramReference>
      <Code>9146</Code>
      <Text>MANUFACTURING BASE RESEARCH</Text>
    </ProgramReference>
    <ProgramReference>
      <Code>9161</Code>
      <Text>SINGLE DIVISION/UNIVERSITY</Text>
    </ProgramReference>
    <ProgramReference>
      <Code>9178</Code>
      <Text>UNDERGRADUATE EDUCATION</Text>
    </ProgramReference>
    <ProgramReference>
      <Code>9251</Code>
      <Text>RES EXPER FOR UNDERGRAD-SUPPLT</Text>
    </ProgramReference>
    <ProgramReference>
      <Code>AMPP</Code>
      <Text>ADVANCED MATERIALS &amp; PROCESSING PROGRAM</Text>
    </ProgramReference>
    <ProgramReference>
      <Code>SMET</Code>
      <Text>SCIENCE, MATH, ENG &amp; TECH EDUCATION</Text>
    </ProgramReference>
  </Award>
</rootTag>
