<?xml version="1.0" encoding="UTF-8"?>

<rootTag>
  <Award>
    <AwardTitle>Mathematical Sciences: Intersection Theory Problems from Mathematical Physics</AwardTitle>
    <AwardEffectiveDate>06/01/1995</AwardEffectiveDate>
    <AwardExpirationDate>11/30/1998</AwardExpirationDate>
    <AwardAmount>60000</AwardAmount>
    <AwardInstrument>
      <Value>Standard Grant</Value>
    </AwardInstrument>
    <Organization>
      <Code>03040300</Code>
      <Directorate>
        <LongName>Direct For Mathematical &amp; Physical Scien</LongName>
      </Directorate>
      <Division>
        <LongName>Division Of Mathematical Sciences</LongName>
      </Division>
    </Organization>
    <ProgramOfficer>
      <SignBlockName>Gary Cornell</SignBlockName>
    </ProgramOfficer>
    <AbstractNarration>9500938 Tong Professor Tong will study problems that derive from the deeper study of intersection theory and moduli spaces. He hopes to study more algebraically the flat projective connections on certain vector bundles over Teichmuller space. He also wishes to study the connections between the BRST differential studied in mathematical physics and the Cech-Koszul complex. This is research in the field of algebraic geometry, yet it directly connects to two of the great advances in theoretical physics in this century--quantum mechanics and general relativity. Algebraic geometry itself is one of the oldest parts of modern mathematics, but one which has had a revolutionary flowering in the past quarter-century. In its origin, it treated figures that could be defined in the plane by the simplest equations, namely polynomials. Nowadays the field makes use of methods not only from algebra, but from analysis and topology, and conversely is finding application in those fields as well as in physics, theoretical computer science, and robotics. ***</AbstractNarration>
    <MinAmdLetterDate>04/20/1995</MinAmdLetterDate>
    <MaxAmdLetterDate>04/20/1995</MaxAmdLetterDate>
    <ARRAAmount/>
    <AwardID>9500938</AwardID>
    <Investigator>
      <FirstName>Yue Lin</FirstName>
      <LastName>Tong</LastName>
      <EmailAddress>tong@math.purdue.edu</EmailAddress>
      <StartDate>04/20/1995</StartDate>
      <EndDate/>
      <RoleCode>Principal Investigator</RoleCode>
    </Investigator>
    <Institution>
      <Name>Purdue Research Foundation</Name>
      <CityName>West Lafayette</CityName>
      <ZipCode>47907</ZipCode>
      <PhoneNumber>3174946200</PhoneNumber>
      <StreetAddress/>
      <CountryName>United States</CountryName>
      <StateName>Indiana</StateName>
      <StateCode>IN</StateCode>
    </Institution>
    <FoaInformation>
      <Code>0000099</Code>
      <Name>Other Applications NEC</Name>
    </FoaInformation>
  </Award>
</rootTag>
