<?xml version="1.0" encoding="UTF-8"?>

<rootTag>
  <Award>
    <AwardTitle>Diversity and Metabolic Capabilities of Arctic Bacterioplankton Communities</AwardTitle>
    <AwardEffectiveDate>02/15/1995</AwardEffectiveDate>
    <AwardExpirationDate>07/31/1997</AwardExpirationDate>
    <AwardAmount>159999</AwardAmount>
    <AwardInstrument>
      <Value>Continuing grant</Value>
    </AwardInstrument>
    <Organization>
      <Code>06090100</Code>
      <Directorate>
        <LongName>Directorate For Geosciences</LongName>
      </Directorate>
      <Division>
        <LongName>Division Of Polar Programs</LongName>
      </Division>
    </Organization>
    <ProgramOfficer>
      <SignBlockName>Odile de la Beaujardiere</SignBlockName>
    </ProgramOfficer>
    <AbstractNarration>9500237 Hollibaugh This project will investigate the relationship between bacterioplankton community composition and community metabolic capabilities in the Arctic Ocean. They will examine the patterns of spatial variation in these properties of Arctic Ocean bacterioplankton communities and attempt to relate them to sources of organic matter fueling heterotrophic production. The investigation will be conducted using samples collected from a U.S. Navy submarine in March-May 1995, which will be dedicated to Arctic oceanography. Collected samples will be analyzed in the laboratory after the cruise. Community composition will be analyzed using a method developed at San Francisco State University based on separating partial sequences of the 16S rRNA gene. Community metabolic capabilities will be assessed by the ability of bacteria to grow on 95 different organic carbon sources. They will analyze water samples chemically to determine the concentrations of amino acids, carbohydrates and dissolved organic carbon, and conduct bioassays using native bacteria to determine directly the proportion of dissolved organic carbon that they can metabolize.</AbstractNarration>
    <MinAmdLetterDate>03/01/1995</MinAmdLetterDate>
    <MaxAmdLetterDate>03/07/1997</MaxAmdLetterDate>
    <ARRAAmount/>
    <AwardID>9500237</AwardID>
    <Investigator>
      <FirstName>James</FirstName>
      <LastName>Hollibaugh</LastName>
      <EmailAddress>aquadoc@uga.edu</EmailAddress>
      <StartDate>03/01/1995</StartDate>
      <EndDate/>
      <RoleCode>Principal Investigator</RoleCode>
    </Investigator>
    <Institution>
      <Name>San Francisco State University</Name>
      <CityName>San Francisco</CityName>
      <ZipCode>941321722</ZipCode>
      <PhoneNumber>4153387090</PhoneNumber>
      <StreetAddress>1600 Holloway Ave</StreetAddress>
      <CountryName>United States</CountryName>
      <StateName>California</StateName>
      <StateCode>CA</StateCode>
    </Institution>
    <FoaInformation>
      <Code>0204000</Code>
      <Name>Oceanography</Name>
    </FoaInformation>
    <FoaInformation>
      <Code>0311000</Code>
      <Name>Polar Programs-Related</Name>
    </FoaInformation>
    <FoaInformation>
      <Code>43</Code>
      <Name>Biological Oceanography</Name>
    </FoaInformation>
    <ProgramElement>
      <Code>5280</Code>
      <Text>ARCTIC NATURAL SCIENCES</Text>
    </ProgramElement>
    <ProgramReference>
      <Code>9117</Code>
      <Text>MARINE BIOTECHNOLOGY</Text>
    </ProgramReference>
    <ProgramReference>
      <Code>9169</Code>
      <Text>BIODIVERSITY AND ECOSYSTEM DYNAMICS</Text>
    </ProgramReference>
    <ProgramReference>
      <Code>EGCH</Code>
      <Text>ENVIRONMENT AND GLOBAL CHANGE</Text>
    </ProgramReference>
  </Award>
</rootTag>
