<?xml version="1.0" encoding="UTF-8"?>

<rootTag>
  <Award>
    <AwardTitle>Polytopes, Subdivisions and Piecewise Polynomial Functions</AwardTitle>
    <AwardEffectiveDate>06/01/1995</AwardEffectiveDate>
    <AwardExpirationDate>05/31/1998</AwardExpirationDate>
    <AwardAmount>113000</AwardAmount>
    <AwardInstrument>
      <Value>Continuing grant</Value>
    </AwardInstrument>
    <Organization>
      <Code>03040300</Code>
      <Directorate>
        <LongName>Direct For Mathematical &amp; Physical Scien</LongName>
      </Directorate>
      <Division>
        <LongName>Division Of Mathematical Sciences</LongName>
      </Division>
    </Organization>
    <ProgramOfficer>
      <SignBlockName>Murray M. Schacher</SignBlockName>
    </ProgramOfficer>
    <AbstractNarration>This research project involves the use of algebraic, geometric and combinatorial methods to attack fundamental questions involving convex polytopes, their subdivisions, and piecewise polynomial functions defined over them. Questions considered involve structures on the set of all subdivisions and enumerative properties of general polytopes and of spaces of piecewise polynomials. A major focus is the application of the techniques developed to specific polytopes of interest in optimization theory and in the theory of multivariate discriminants. These polytopes arise in the solution of problems in manufacturing and distribution, and the results obtained in this project will be of interest in these areas. This research is in the general area of Combinatorics. Combinatorics attempts to find efficient methods to study how discrete collections of objects can be arranged. The behavior of discrete systems is extremely important to modern communications. For example, the design of large networks, such as those occurring in telephone systems, and the design of algorithms in computer science deal with discrete sets of objects, and this makes use of combinatorial research. In addition, the type of enumerative information being sought in this project has been of use in the design of geometric algorithms for problems in robotics and motion planning.</AbstractNarration>
    <MinAmdLetterDate>05/11/1995</MinAmdLetterDate>
    <MaxAmdLetterDate>03/19/1997</MaxAmdLetterDate>
    <ARRAAmount/>
    <AwardID>9500581</AwardID>
    <Investigator>
      <FirstName>Louis</FirstName>
      <LastName>Billera</LastName>
      <EmailAddress>billera@math.cornell.edu</EmailAddress>
      <StartDate>05/11/1995</StartDate>
      <EndDate/>
      <RoleCode>Principal Investigator</RoleCode>
    </Investigator>
    <Institution>
      <Name>Cornell University</Name>
      <CityName>Ithaca</CityName>
      <ZipCode>148502820</ZipCode>
      <PhoneNumber>6072555014</PhoneNumber>
      <StreetAddress>373 Pine Tree Road</StreetAddress>
      <CountryName>United States</CountryName>
      <StateName>New York</StateName>
      <StateCode>NY</StateCode>
    </Institution>
  </Award>
</rootTag>
