<?xml version="1.0" encoding="UTF-8"?>

<rootTag>
  <Award>
    <AwardTitle>Research Equipment: Performance Analysis and Evaluation of the Combined Message Passing and Shared Memory Paradigm Using Turbonet</AwardTitle>
    <AwardEffectiveDate>03/01/1995</AwardEffectiveDate>
    <AwardExpirationDate>08/31/1996</AwardExpirationDate>
    <AwardAmount>39800</AwardAmount>
    <AwardInstrument>
      <Value>Standard Grant</Value>
    </AwardInstrument>
    <Organization>
      <Code>07030000</Code>
      <Directorate>
        <LongName>Directorate For Engineering</LongName>
      </Directorate>
      <Division>
        <LongName>Div Of Civil, Mechanical, &amp; Manufact Inn</LongName>
      </Division>
    </Organization>
    <ProgramOfficer>
      <SignBlockName>George A. Hazelrigg</SignBlockName>
    </ProgramOfficer>
    <AbstractNarration>9500260 Manikopoulos The main objective of this project is to complete the existing Turbonet multi-processor prototype system; this will enable the researchers to investigate how to combine effectively the shared memory and message passing paradigms in a realistic multi-computer structure for selected classes of algorithms. Turbonet is a prototype system which physically implements both paradigms. It is a desirable system, in terms of its cost/performance ratio, to utilize in many computationally challenging applications of practical significance. This work is aimed to alleviate the weakness of parallel systems based solely on shared memory or message passing. An additional important issue to be aided in this work is load balancing which is a major problem in a growing number of scientific applications that give rise to programs with dynamic execution profiles.</AbstractNarration>
    <MinAmdLetterDate>02/27/1995</MinAmdLetterDate>
    <MaxAmdLetterDate>02/27/1995</MaxAmdLetterDate>
    <ARRAAmount/>
    <AwardID>9500260</AwardID>
    <Investigator>
      <FirstName>Michael</FirstName>
      <LastName>Palis</LastName>
      <EmailAddress>palis@camden.rutgers.edu</EmailAddress>
      <StartDate>02/27/1995</StartDate>
      <EndDate/>
      <RoleCode>Co-Principal Investigator</RoleCode>
    </Investigator>
    <Investigator>
      <FirstName>Sotirios</FirstName>
      <LastName>Ziavras</LastName>
      <EmailAddress>ziavras@adm.njit.edu</EmailAddress>
      <StartDate>02/27/1995</StartDate>
      <EndDate/>
      <RoleCode>Co-Principal Investigator</RoleCode>
    </Investigator>
    <Investigator>
      <FirstName>Constantine</FirstName>
      <LastName>Manikopoulos</LastName>
      <EmailAddress>manikopoulos@njit.edu</EmailAddress>
      <StartDate>02/27/1995</StartDate>
      <EndDate/>
      <RoleCode>Principal Investigator</RoleCode>
    </Investigator>
    <Institution>
      <Name>New Jersey Institute of Technology</Name>
      <CityName>Newark</CityName>
      <ZipCode>071021982</ZipCode>
      <PhoneNumber>9735965275</PhoneNumber>
      <StreetAddress>323 DOCTOR MARTIN LUTHER</StreetAddress>
      <CountryName>United States</CountryName>
      <StateName>New Jersey</StateName>
      <StateCode>NJ</StateCode>
    </Institution>
    <FoaInformation>
      <Code>0308000</Code>
      <Name>Industrial Technology</Name>
    </FoaInformation>
    <FoaInformation>
      <Code>31</Code>
      <Name>Computer Science &amp; Engineering</Name>
    </FoaInformation>
    <FoaInformation>
      <Code>59</Code>
      <Name>Engineering NEC</Name>
    </FoaInformation>
    <ProgramElement>
      <Code>1463</Code>
      <Text>INTEGRATION ENGINEERING</Text>
    </ProgramElement>
    <ProgramReference>
      <Code>9148</Code>
      <Text>TOOLS &amp; TECHNOL FOR MANUFACTURING DESIGN</Text>
    </ProgramReference>
    <ProgramReference>
      <Code>MANU</Code>
      <Text>MANUFACTURING</Text>
    </ProgramReference>
  </Award>
</rootTag>
