<?xml version="1.0" encoding="UTF-8"?>

<rootTag>
  <Award>
    <AwardTitle>Problems in Anisotropic Nonlinear Elasticity</AwardTitle>
    <AwardEffectiveDate>06/15/1995</AwardEffectiveDate>
    <AwardExpirationDate>11/30/1997</AwardExpirationDate>
    <AwardAmount>18000</AwardAmount>
    <AwardInstrument>
      <Value>Standard Grant</Value>
    </AwardInstrument>
    <Organization>
      <Code>03040100</Code>
      <Directorate>
        <LongName>Direct For Mathematical &amp; Physical Scien</LongName>
      </Directorate>
      <Division>
        <LongName>Division Of Mathematical Sciences</LongName>
      </Division>
    </Organization>
    <ProgramOfficer>
      <SignBlockName>Deborah Lockhart</SignBlockName>
    </ProgramOfficer>
    <AbstractNarration>9500642 Polignone This work is supported by a Research Planning Grant for Women Scientists and Engineers Award. Preliminary work on problems involving nonlinearly elastic deformations of anisotropic materials will be conducted. Several areas of research will be considered. The first concerns the determination of instabilities describing non- radially symmetric deformations (of both isotropic and anisotropic) solids under symmetric loading conditions. Mathematically, boundary value problems for nonlinear ordinary and partial differential equations governing equilibrium will be studied. A second related issue is to examine the effects of loading perturbations on bifurcation solutions describing radially symmetric cavitation instabilities (void nucleation and growth in solids). The third focus will be on the determination of (i) generalized elastic moduli for nonlinear anisotropic materials, (ii) their connection to the corresponding linear moduli, and (iii) constitutive inequalities to describe physically reasonable response of hyperelastic materials. Finally, problems in which the direction of anisotropy (transverse isotropy) is non- constant will be considered, with interest toward potential applications in biomechanics, such as modeling of the heart. The National Science Foundations mandate to ensure the vitality of the Nations scientific enterprise includes concern for the quality, composition, distribution and effectiveness of the human resource base in science and engineering. Within this context, the Foundation is committed to enhancing the current rate of participation of women in science and engineering careers, in general, and as active participants in all of its programs. Research Planning Grant awards are made: (1) to help increase the number mf new women investigators participating in NSFs research programs; and, (2) to facilitate preliminary studies and other activities related to the development of competitive research p rojects and proposals by women who have not previously had independent Federal research funding. Research Planning Grants are one-time awards that may be used for preliminary work to determine the feasibility of a proposed line of inquiry, and/or for other activities that will facilitate proposal development.</AbstractNarration>
    <MinAmdLetterDate>06/02/1995</MinAmdLetterDate>
    <MaxAmdLetterDate>06/02/1995</MaxAmdLetterDate>
    <ARRAAmount/>
    <AwardID>9500642</AwardID>
    <Investigator>
      <FirstName>Debra</FirstName>
      <LastName>Warne</LastName>
      <EmailAddress>warneda@jmu.edu</EmailAddress>
      <StartDate>06/02/1995</StartDate>
      <EndDate/>
      <RoleCode>Principal Investigator</RoleCode>
    </Investigator>
    <Institution>
      <Name>University of Tennessee Knoxville</Name>
      <CityName>KNOXVILLE</CityName>
      <ZipCode>379960003</ZipCode>
      <PhoneNumber>8659743466</PhoneNumber>
      <StreetAddress>1 CIRCLE PARK</StreetAddress>
      <CountryName>United States</CountryName>
      <StateName>Tennessee</StateName>
      <StateCode>TN</StateCode>
    </Institution>
    <FoaInformation>
      <Code>0000099</Code>
      <Name>Other Applications NEC</Name>
    </FoaInformation>
  </Award>
</rootTag>
