<?xml version="1.0" encoding="UTF-8"?>

<rootTag>
  <Award>
    <AwardTitle>Interfacial Phenomena at the Surfaces of Critical Ionic Mixtures</AwardTitle>
    <AwardEffectiveDate>06/01/1995</AwardEffectiveDate>
    <AwardExpirationDate>01/31/1998</AwardExpirationDate>
    <AwardAmount>144500</AwardAmount>
    <AwardInstrument>
      <Value>Continuing grant</Value>
    </AwardInstrument>
    <Organization>
      <Code>03070003</Code>
      <Directorate>
        <LongName>Direct For Mathematical &amp; Physical Scien</LongName>
      </Directorate>
      <Division>
        <LongName>Division Of Materials Research</LongName>
      </Division>
    </Organization>
    <ProgramOfficer>
      <SignBlockName>H. Hollis Wickman</SignBlockName>
    </ProgramOfficer>
    <AbstractNarration>9500827 Law Ions in solution frequently form electrical double layers at surfaces which modify the surface phenomena of wetting and adsorption. These surface effects are important in many physical, chemical, and biological processes such as lubrication, catalysis, and fluid flow through biological membranes and porous media. This project will use the techniques of elllipsometry and neutron reflectometry to study wetting and adsorption in critical ionic mixtures. These mixtures are known to exhibit either mean field or Ising behavior in the bulk depending upon the dielectric properties of the solvent. This bulk behavior is still not understood from a theoretical point of view. The liquid/liquid and liquid/substrate surface properties of such mixtures have never been studied before and this project should enhance our understanding of the complex interaction between bulk and surface ionic processes %%% Ions in solution frequently adsorb at surfaces and modify the physical characteristics of the surface. This effect can be important in many physical, chemical, and biological membrane processes such as lubrication catalysis and fluid flow through biological membranes and porous media. The adsorption of ions is determined by the underlying properties of the bulk liquid solution. In this project, the surface properties of critical ionic mixtures will be studied, using light reflection and neutron reflection techniques, near the critical temperature where the bulk properties of these solutions vary rapidly with temperature. This proposal will enhance our understanding of the complex interplay between bulk and surface ionic processes. ***</AbstractNarration>
    <MinAmdLetterDate>05/23/1995</MinAmdLetterDate>
    <MaxAmdLetterDate>11/08/1995</MaxAmdLetterDate>
    <ARRAAmount/>
    <AwardID>9500827</AwardID>
    <Investigator>
      <FirstName>Bruce</FirstName>
      <LastName>Law</LastName>
      <EmailAddress>bmlaw@phys.ksu.edu</EmailAddress>
      <StartDate>05/23/1995</StartDate>
      <EndDate/>
      <RoleCode>Principal Investigator</RoleCode>
    </Investigator>
    <Institution>
      <Name>Kansas State University</Name>
      <CityName>MANHATTAN</CityName>
      <ZipCode>665061103</ZipCode>
      <PhoneNumber>7855326804</PhoneNumber>
      <StreetAddress>2 FAIRCHILD HALL</StreetAddress>
      <CountryName>United States</CountryName>
      <StateName>Kansas</StateName>
      <StateCode>KS</StateCode>
    </Institution>
    <FoaInformation>
      <Code>14</Code>
      <Name>Condensed Matter Physics</Name>
    </FoaInformation>
  </Award>
</rootTag>
