<?xml version="1.0" encoding="UTF-8"?>

<rootTag>
  <Award>
    <AwardTitle>REG: Laser Diagnostic System for Three Dimensional Velocity and Thermal Field Measurements</AwardTitle>
    <AwardEffectiveDate>03/15/1995</AwardEffectiveDate>
    <AwardExpirationDate>08/31/1996</AwardExpirationDate>
    <AwardAmount>90667</AwardAmount>
    <AwardInstrument>
      <Value>Standard Grant</Value>
    </AwardInstrument>
    <Organization>
      <Code>07020000</Code>
      <Directorate>
        <LongName>Directorate For Engineering</LongName>
      </Directorate>
      <Division>
        <LongName>Div Of Chem, Bioeng, Env, &amp; Transp Sys</LongName>
      </Division>
    </Organization>
    <ProgramOfficer>
      <SignBlockName>Timothy Tong</SignBlockName>
    </ProgramOfficer>
    <AbstractNarration>ABSTRACT JAMES LIBURDY CLEMSON UNIVERSITY CTS - 9500209 The proposal is to fund the purchase of laboratory equipment under the Research Equipment Grant (REG) program, and will provide an enhanced complementary holographic particle imagery velocimetry (HPIV) and holographic interferometry (HI) facility for measuring three-dimensional flows and thermal fields in systems of practical interest. Particular applications will initially be to gas turbine film cooling and to pulse combustors. The system will be in the Mechanical Engineering Department at Clemson University.</AbstractNarration>
    <MinAmdLetterDate>03/10/1995</MinAmdLetterDate>
    <MaxAmdLetterDate>03/10/1995</MaxAmdLetterDate>
    <ARRAAmount/>
    <AwardID>9500209</AwardID>
    <Investigator>
      <FirstName>James</FirstName>
      <LastName>Liburdy</LastName>
      <EmailAddress>james.liburdy@oregonstate.edu</EmailAddress>
      <StartDate>03/10/1995</StartDate>
      <EndDate/>
      <RoleCode>Principal Investigator</RoleCode>
    </Investigator>
    <Investigator>
      <FirstName>Donald</FirstName>
      <LastName>Beasley</LastName>
      <EmailAddress>don.beasley@ces.clemson.edu</EmailAddress>
      <StartDate>03/10/1995</StartDate>
      <EndDate/>
      <RoleCode>Co-Principal Investigator</RoleCode>
    </Investigator>
    <Institution>
      <Name>Clemson University</Name>
      <CityName>CLEMSON</CityName>
      <ZipCode>296340001</ZipCode>
      <PhoneNumber>8646562424</PhoneNumber>
      <StreetAddress>230 Kappa Street</StreetAddress>
      <CountryName>United States</CountryName>
      <StateName>South Carolina</StateName>
      <StateCode>SC</StateCode>
    </Institution>
    <FoaInformation>
      <Code>0512200</Code>
      <Name>Advanced Measurement Investment</Name>
    </FoaInformation>
    <FoaInformation>
      <Code>56</Code>
      <Name>Engineering-Mechanical</Name>
    </FoaInformation>
    <ProgramElement>
      <Code>1406</Code>
      <Text>THERMAL TRANSPORT PROCESSES</Text>
    </ProgramElement>
    <ProgramReference>
      <Code>9149</Code>
      <Text>SUPPORT SYS &amp; EDUC FOR ADV MANUFACTURING</Text>
    </ProgramReference>
    <ProgramReference>
      <Code>9179</Code>
      <Text>GRADUATE INVOLVEMENT</Text>
    </ProgramReference>
    <ProgramReference>
      <Code>MANU</Code>
      <Text>MANUFACTURING</Text>
    </ProgramReference>
  </Award>
</rootTag>
