<?xml version="1.0" encoding="UTF-8"?>

<rootTag>
  <Award>
    <AwardTitle>Mathematical Sciences: High Order Methods for Time Dependent Equations</AwardTitle>
    <AwardEffectiveDate>09/01/1995</AwardEffectiveDate>
    <AwardExpirationDate>08/31/1999</AwardExpirationDate>
    <AwardAmount>169755</AwardAmount>
    <AwardInstrument>
      <Value>Continuing grant</Value>
    </AwardInstrument>
    <Organization>
      <Code>03040300</Code>
      <Directorate>
        <LongName>Direct For Mathematical &amp; Physical Scien</LongName>
      </Directorate>
      <Division>
        <LongName>Division Of Mathematical Sciences</LongName>
      </Division>
    </Organization>
    <ProgramOfficer>
      <SignBlockName>Michael H. Steuerwalt</SignBlockName>
    </ProgramOfficer>
    <AbstractNarration>"High Order Methods for Time Dependent Equations" The project entails research in long term integrations of genuinely time dependent partial differential equations. It involves the development and application of high order finite differences and finite element schemes as well as Spectral methods. The methods to be developed and applied are suitable for problems in several space dimensions with complicated geometries. A major consideration in developing and assessing high order methods for long term integrations is their scalability. Based on the experience gained already in parallelizing ENO codes, a further effort to parallelize spectral and finite element based ENO codes is proposed. The research has two components, theory and applications, those components are linked together. The theory is motivated by the type of applications under investigation and the applications use the theoretical developments. It has been shown that in order to numerically simulate complicated flows that change in time, high order methods are necessary. However those methods, because of their high accuracy, are less robust. The proposed research deals with the issue of the successful implementations of high order methods. This involved theoretical issues (as solving the 100 years old Gibbs Phenomenon) as well as more applied issues. On the applied side, the problem of mixing enhancement by interactions of Shock waves and hydrogen jets will be studied. This entails the simulation of an air shock passing through an hydrogen jet in high Mach numbers. High order methods are mandatory here since the process of interest is the mixing and combustion inside the jets. The current codes, Spectral and ENO are to be modified to handle more general cases. Parallel versions of ENO and spectral methods are being applied now and will be further modified.</AbstractNarration>
    <MinAmdLetterDate>07/14/1995</MinAmdLetterDate>
    <MaxAmdLetterDate>06/24/1997</MaxAmdLetterDate>
    <ARRAAmount/>
    <AwardID>9500814</AwardID>
    <Investigator>
      <FirstName>David</FirstName>
      <LastName>Gottlieb</LastName>
      <EmailAddress>dig@dam.brown.edu</EmailAddress>
      <StartDate>07/14/1995</StartDate>
      <EndDate/>
      <RoleCode>Principal Investigator</RoleCode>
    </Investigator>
    <Institution>
      <Name>Brown University</Name>
      <CityName>Providence</CityName>
      <ZipCode>029129002</ZipCode>
      <PhoneNumber>4018632777</PhoneNumber>
      <StreetAddress>BOX 1929</StreetAddress>
      <CountryName>United States</CountryName>
      <StateName>Rhode Island</StateName>
      <StateCode>RI</StateCode>
    </Institution>
    <FoaInformation>
      <Code>0000099</Code>
      <Name>Other Applications NEC</Name>
    </FoaInformation>
    <FoaInformation>
      <Code>21</Code>
      <Name>Mathematics</Name>
    </FoaInformation>
    <ProgramElement>
      <Code>1266</Code>
      <Text>APPLIED MATHEMATICS</Text>
    </ProgramElement>
    <ProgramElement>
      <Code>1271</Code>
      <Text>COMPUTATIONAL MATHEMATICS</Text>
    </ProgramElement>
    <ProgramElement>
      <Code>2865</Code>
      <Text>NUMERIC, SYMBOLIC &amp; GEO COMPUT</Text>
    </ProgramElement>
    <ProgramReference>
      <Code>0000</Code>
      <Text>UNASSIGNED</Text>
    </ProgramReference>
    <ProgramReference>
      <Code>9216</Code>
      <Text>ADVANCED SOFTWARE TECH &amp; ALGOR</Text>
    </ProgramReference>
    <ProgramReference>
      <Code>9263</Code>
      <Text>COMPUTATIONAL SCIENCE &amp; ENGING</Text>
    </ProgramReference>
    <ProgramReference>
      <Code>HPCC</Code>
      <Text>HIGH PERFORMANCE COMPUTING &amp; COMM</Text>
    </ProgramReference>
    <ProgramReference>
      <Code>OTHR</Code>
      <Text>OTHER RESEARCH OR EDUCATION</Text>
    </ProgramReference>
  </Award>
</rootTag>
