<?xml version="1.0" encoding="UTF-8"?>

<rootTag>
  <Award>
    <AwardTitle>Development of an Optimised Flux Monitoring and Control Capability for Materials Synthesis in MBE</AwardTitle>
    <AwardEffectiveDate>07/01/1995</AwardEffectiveDate>
    <AwardExpirationDate>06/30/1997</AwardExpirationDate>
    <AwardAmount>53000</AwardAmount>
    <AwardInstrument>
      <Value>Standard Grant</Value>
    </AwardInstrument>
    <Organization>
      <Code>07010000</Code>
      <Directorate>
        <LongName>Directorate For Engineering</LongName>
      </Directorate>
      <Division>
        <LongName>Div Of Electrical, Commun &amp; Cyber Sys</LongName>
      </Division>
    </Organization>
    <ProgramOfficer>
      <SignBlockName>Rajinder P. Khosla</SignBlockName>
    </ProgramOfficer>
    <AbstractNarration>9500380 Lee Instrumentation will be purchased to establish a fully integrated, automated capability for optimizing growth of novel III-V alloys and superlattices, with monolayer and submonolayer control of layer thickness in III-V materials. ***</AbstractNarration>
    <MinAmdLetterDate>07/06/1995</MinAmdLetterDate>
    <MaxAmdLetterDate>07/06/1995</MaxAmdLetterDate>
    <ARRAAmount/>
    <AwardID>9500380</AwardID>
    <Investigator>
      <FirstName>Rainer</FirstName>
      <LastName>Zuleeg</LastName>
      <EmailAddress/>
      <StartDate>07/06/1995</StartDate>
      <EndDate/>
      <RoleCode>Co-Principal Investigator</RoleCode>
    </Investigator>
    <Investigator>
      <FirstName>Frederick</FirstName>
      <LastName>Szalkowski</LastName>
      <EmailAddress/>
      <StartDate>07/06/1995</StartDate>
      <EndDate/>
      <RoleCode>Co-Principal Investigator</RoleCode>
    </Investigator>
    <Investigator>
      <FirstName>Henry</FirstName>
      <LastName>Lee</LastName>
      <EmailAddress>hplee@uci.edu</EmailAddress>
      <StartDate>07/06/1995</StartDate>
      <EndDate/>
      <RoleCode>Principal Investigator</RoleCode>
    </Investigator>
    <Investigator>
      <FirstName>Guann</FirstName>
      <LastName>Li</LastName>
      <EmailAddress>gpli@calit2.uci.edu</EmailAddress>
      <StartDate>07/06/1995</StartDate>
      <EndDate/>
      <RoleCode>Co-Principal Investigator</RoleCode>
    </Investigator>
    <Institution>
      <Name>University of California-Irvine</Name>
      <CityName>Irvine</CityName>
      <ZipCode>926173213</ZipCode>
      <PhoneNumber>9498247295</PhoneNumber>
      <StreetAddress>141 Innovation Drive, Ste 250</StreetAddress>
      <CountryName>United States</CountryName>
      <StateName>California</StateName>
      <StateCode>CA</StateCode>
    </Institution>
    <FoaInformation>
      <Code>0206000</Code>
      <Name>Telecommunications</Name>
    </FoaInformation>
    <FoaInformation>
      <Code>55</Code>
      <Name>Engineering-Electrical</Name>
    </FoaInformation>
    <ProgramElement>
      <Code>1517</Code>
      <Text>ELECT, PHOTONICS, &amp; MAG DEVICE</Text>
    </ProgramElement>
    <ProgramReference>
      <Code>9146</Code>
      <Text>MANUFACTURING BASE RESEARCH</Text>
    </ProgramReference>
    <ProgramReference>
      <Code>MANU</Code>
      <Text>MANUFACTURING</Text>
    </ProgramReference>
  </Award>
</rootTag>
