<?xml version="1.0" encoding="UTF-8"?>

<rootTag>
  <Award>
    <AwardTitle>Mathematical Sciences: Diophantine Geometry and Differential Algebraic Geometry</AwardTitle>
    <AwardEffectiveDate>07/01/1995</AwardEffectiveDate>
    <AwardExpirationDate>06/30/1998</AwardExpirationDate>
    <AwardAmount>60879</AwardAmount>
    <AwardInstrument>
      <Value>Continuing grant</Value>
    </AwardInstrument>
    <Organization>
      <Code>03040300</Code>
      <Directorate>
        <LongName>Direct For Mathematical &amp; Physical Scien</LongName>
      </Directorate>
      <Division>
        <LongName>Division Of Mathematical Sciences</LongName>
      </Division>
    </Organization>
    <ProgramOfficer>
      <SignBlockName>Ann K. Boyle</SignBlockName>
    </ProgramOfficer>
    <AbstractNarration>9500331 Buium Professor Buium will work in arithmetic geometry specifically problems in Diophantine geometry. He will use techniques from differential algebraic geometry to study Lang's conjecture, the semi-abelian case of Mazur's conjecture as well as relationships between the abc conjecture and logarithmic Kodaira dimension. This project falls into the general area of arithmetic geometry - a subject that blends two of the oldest areas of mathematics: number theory and geometry. Professor Buium's research even includes a component coming from classical analysis. This combination has proved extraordinarily fruitful - having recently solved problems that withstood generations. Among its many consequences are new error correcting codes. Such codes are essential for both modern computers (hard disks) and compact disks.</AbstractNarration>
    <MinAmdLetterDate>04/21/1995</MinAmdLetterDate>
    <MaxAmdLetterDate>05/02/1997</MaxAmdLetterDate>
    <ARRAAmount/>
    <AwardID>9500331</AwardID>
    <Investigator>
      <FirstName>Alexandru</FirstName>
      <LastName>Buium</LastName>
      <EmailAddress>buium@math.unm.edu</EmailAddress>
      <StartDate>04/21/1995</StartDate>
      <EndDate/>
      <RoleCode>Principal Investigator</RoleCode>
    </Investigator>
    <Institution>
      <Name>University of New Mexico</Name>
      <CityName>Albuquerque</CityName>
      <ZipCode>871310001</ZipCode>
      <PhoneNumber>5052774186</PhoneNumber>
      <StreetAddress>1700 Lomas Blvd. NE, Suite 2200</StreetAddress>
      <CountryName>United States</CountryName>
      <StateName>New Mexico</StateName>
      <StateCode>NM</StateCode>
    </Institution>
    <FoaInformation>
      <Code>0000099</Code>
      <Name>Other Applications NEC</Name>
    </FoaInformation>
    <FoaInformation>
      <Code>21</Code>
      <Name>Mathematics</Name>
    </FoaInformation>
    <ProgramElement>
      <Code>1264</Code>
      <Text>ALGEBRA,NUMBER THEORY,AND COM</Text>
    </ProgramElement>
    <ProgramReference>
      <Code>0000</Code>
      <Text>UNASSIGNED</Text>
    </ProgramReference>
    <ProgramReference>
      <Code>OTHR</Code>
      <Text>OTHER RESEARCH OR EDUCATION</Text>
    </ProgramReference>
  </Award>
</rootTag>
