<?xml version="1.0" encoding="UTF-8"?>

<rootTag>
  <Award>
    <AwardTitle>Mathematical Sciences: Nonlinear Dynamics of Oscillator Arrays</AwardTitle>
    <AwardEffectiveDate>07/01/1995</AwardEffectiveDate>
    <AwardExpirationDate>06/30/1998</AwardExpirationDate>
    <AwardAmount>180000</AwardAmount>
    <AwardInstrument>
      <Value>Standard Grant</Value>
    </AwardInstrument>
    <Organization>
      <Code>03040100</Code>
      <Directorate>
        <LongName>Direct For Mathematical &amp; Physical Scien</LongName>
      </Directorate>
      <Division>
        <LongName>Division Of Mathematical Sciences</LongName>
      </Division>
    </Organization>
    <ProgramOfficer>
      <SignBlockName>Deborah Lockhart</SignBlockName>
    </ProgramOfficer>
    <AbstractNarration>DMS_9500948 Strogatz The proposal is to study the nonlinear dynamics of oscillator arrays, using mathematical methods of dynamical systems theory, bifurcation theory, and perturbation theory, along with numerical simulation. One project concerns arrays of superconducting Josephson junctions, and will be carried out in collaboration with an experimental group at MIT. This work is aimed at understanding the phase-locking properties of series arrays; the propagation and instabilities of kinks in one-dimensional parallel arrays; and the behavior of vortices and row-switched states in two-dimensional arrays. A second project (in collaboration with an experimental group at Georgia Tech) will address the dynamics of laser arrays. Areas of investigation will include phase-locking in slightly detuned laser arrays; controlling chaos in laser arrays; and mutual synchronization of chaotic lasers, with possible applications to private communication. The Principal Investigator and his experimental collaborators will study the dynamics of superconducting Josephson arrays and laser arrays. Josephson arrays can be used as very sensitive detectors of magnetic fields (with biomedical and astronomical applications), voltage standards, power generators at submillimeter wavelengths (a part of the spectrum that is difficult to access by other technologies), and as ultrafast switching devices and transmission lines. All of these technologies would benefit from a deeper mathematical understanding of synchronization and vortex propagation in Josephson arrays. The goals of the laser array project are to find methods for improving the phase-locking characteristics of laser arrays (to increase their power output), and to develop novel encryption schemes for private communications, based on mutual synchronization of chaotic lasers.</AbstractNarration>
    <MinAmdLetterDate>05/01/1995</MinAmdLetterDate>
    <MaxAmdLetterDate>05/01/1995</MaxAmdLetterDate>
    <ARRAAmount/>
    <AwardID>9500948</AwardID>
    <Investigator>
      <FirstName>Steven</FirstName>
      <LastName>Strogatz</LastName>
      <EmailAddress>shs7@cornell.edu</EmailAddress>
      <StartDate>05/01/1995</StartDate>
      <EndDate/>
      <RoleCode>Principal Investigator</RoleCode>
    </Investigator>
    <Institution>
      <Name>Cornell University</Name>
      <CityName>Ithaca</CityName>
      <ZipCode>148502820</ZipCode>
      <PhoneNumber>6072555014</PhoneNumber>
      <StreetAddress>373 Pine Tree Road</StreetAddress>
      <CountryName>United States</CountryName>
      <StateName>New York</StateName>
      <StateCode>NY</StateCode>
    </Institution>
    <FoaInformation>
      <Code>21</Code>
      <Name>Mathematics</Name>
    </FoaInformation>
    <FoaInformation>
      <Code>0000099</Code>
      <Name>Other Applications NEC</Name>
    </FoaInformation>
  </Award>
</rootTag>
