<?xml version="1.0" encoding="UTF-8"?>

<rootTag>
  <Award>
    <AwardTitle>Bubbles, Ions, and Vortices in Cryogenic Fluids</AwardTitle>
    <AwardEffectiveDate>08/15/1995</AwardEffectiveDate>
    <AwardExpirationDate>10/31/1998</AwardExpirationDate>
    <AwardAmount>285000</AwardAmount>
    <AwardInstrument>
      <Value>Standard Grant</Value>
    </AwardInstrument>
    <Organization>
      <Code>03070003</Code>
      <Directorate>
        <LongName>Direct For Mathematical &amp; Physical Scien</LongName>
      </Directorate>
      <Division>
        <LongName>Division Of Materials Research</LongName>
      </Division>
    </Organization>
    <ProgramOfficer>
      <SignBlockName>H. Hollis Wickman</SignBlockName>
    </ProgramOfficer>
    <AbstractNarration>9500653 Williams This project is devoted to the study of cryogenic fluids. The major project is interdisciplinary and involves aspects of physics, chemistry and optical science. The research deals with the new phenomena of sonoluminescence; particularly single bubble sonoluminescence. A vapor bubble, trapped at the center of fluid contained in an acoustic resonator, radiates bright flashes of light that are easily seen by the naked eye. In the process, energy densities can increase by a factor of 1012, and 50- picosecond light pulses are synchronized with the acoustic cycle to a few parts in 1011. This project extends the sonoluminescence experiments to low temperatures by employing cryogenic fluids (nitrogen, argon, neon, and helium). Initial experiments with nitrogen have revealed a spectacular increase in luminosity over prior room temperature work involving aqueous media. The mechanism of the sonoluminescence in not known, and this project will obtain information that may allow a mechanism and theory of the sonoluminescence to be developed. Additional subprojects deal with helium films adsorbed in porous materials, sound propagation in these fluids, and a theoretical study of the nature of the superfluid transition in helium. %%% This project is devoted to the study of cryogenic fluids. The major project is interdisciplinary and involves aspects of physics, chemistry and optical science. The research deals with the new phenomena of sonoluminescence; particularly single bubble sonoluminescence. A vapor bubble, trapped at the center of fluid contained in an acoustic resonator, radiates bright flashes of light that are easily seen by the naked eye. This project extends the sonoluminescence experiments to low temperatures by employing cryogenic fluids (nitrogen, argon, neon, and helium). Initial experiments with nitrogen have revealed a spectacular increase in luminosity over prior room temperature work involving aqueous media. The mechanism of the sonoluminescence in not known, and this project will obtain information that may allow a mechanism and theory of the sonoluminescence to be developed. Additional subprojects deal with helium films adsorbed in porous materials, sound propagation in these fluids, and a theoretical study of the nature of the superfluid transition in helium. ***</AbstractNarration>
    <MinAmdLetterDate>08/17/1995</MinAmdLetterDate>
    <MaxAmdLetterDate>10/26/1998</MaxAmdLetterDate>
    <ARRAAmount/>
    <AwardID>9500653</AwardID>
    <Investigator>
      <FirstName>Gary</FirstName>
      <LastName>Williams</LastName>
      <EmailAddress>gaw@ucla.edu</EmailAddress>
      <StartDate>08/17/1995</StartDate>
      <EndDate/>
      <RoleCode>Principal Investigator</RoleCode>
    </Investigator>
    <Institution>
      <Name>University of California-Los Angeles</Name>
      <CityName>LOS ANGELES</CityName>
      <ZipCode>900951406</ZipCode>
      <PhoneNumber>3107940102</PhoneNumber>
      <StreetAddress>10889 Wilshire Boulevard</StreetAddress>
      <CountryName>United States</CountryName>
      <StateName>California</StateName>
      <StateCode>CA</StateCode>
    </Institution>
    <FoaInformation>
      <Code>0106000</Code>
      <Name>Materials Research</Name>
    </FoaInformation>
    <FoaInformation>
      <Code>14</Code>
      <Name>Condensed Matter Physics</Name>
    </FoaInformation>
    <ProgramElement>
      <Code>1710</Code>
      <Text>CONDENSED MATTER PHYSICS</Text>
    </ProgramElement>
    <ProgramReference>
      <Code>1764</Code>
      <Text>LOW TEMPERATURE PHYSICS</Text>
    </ProgramReference>
    <ProgramReference>
      <Code>9161</Code>
      <Text>SINGLE DIVISION/UNIVERSITY</Text>
    </ProgramReference>
    <ProgramReference>
      <Code>AMPP</Code>
      <Text>ADVANCED MATERIALS &amp; PROCESSING PROGRAM</Text>
    </ProgramReference>
  </Award>
</rootTag>
