<?xml version="1.0" encoding="UTF-8"?>

<rootTag>
  <Award>
    <AwardTitle>Rapid Synthesis of Phosphonate and Phosphonamidate Peptide Analogs from Reduced Phosphorus Intermediates and Determination of their Enzymatic Inhibitory Activity</AwardTitle>
    <AwardEffectiveDate>06/01/1995</AwardEffectiveDate>
    <AwardExpirationDate>05/31/1999</AwardExpirationDate>
    <AwardAmount>281000</AwardAmount>
    <AwardInstrument>
      <Value>Standard Grant</Value>
    </AwardInstrument>
    <Organization>
      <Code>03090003</Code>
      <Directorate>
        <LongName>Direct For Mathematical &amp; Physical Scien</LongName>
      </Directorate>
      <Division>
        <LongName>Division Of Chemistry</LongName>
      </Division>
    </Organization>
    <ProgramOfficer>
      <SignBlockName>Kenneth M. Doxsee</SignBlockName>
    </ProgramOfficer>
    <AbstractNarration>The focus of this research is the development of new approaches to the synthesis of phosphonopeptides that can be adapted to solid state synthesis for application to combinatorial chemistry. The key building blocks will be protected phosphorus(III) amino acids. Specific studies will include the synthesis of model phosphonate and phosphonamidate dipeptides in solution using dichlorotriphenylphosphorane for activiating the phosphorus(III) amino acids; the evaluation of benzyl protection of phosphonates and phosphonamides; applications of these methods to solid-phase synthesis of phosphonopeptides and their thio derivatives; enantioselective synthesis of H-phosphinate amino acids; ald measurement of enzyme inhibition for these newly synthesized compounds. With this award, the Synthetic Organic Program and the Office of Multidisciplinary Activities are supporting the research of Dr. Robert P. Hammer of the Department of Chemistry at Louisiana State University. Professor Hammer will focus his work on the development of new, general and high-yielding methods for the preparation of phosphono-substituted peptides that can be applied to solid state procedures for the production of combinatorial libraries. This approach will provide thousands of compounds simultaneously which can be screened for a variety of biological activities, such as protease inhibition.</AbstractNarration>
    <MinAmdLetterDate>05/16/1995</MinAmdLetterDate>
    <MaxAmdLetterDate>05/16/1995</MaxAmdLetterDate>
    <ARRAAmount/>
    <AwardID>9500992</AwardID>
    <Investigator>
      <FirstName>Robert</FirstName>
      <LastName>Hammer</LastName>
      <EmailAddress>rphammer@lsu.edu</EmailAddress>
      <StartDate>05/16/1995</StartDate>
      <EndDate/>
      <RoleCode>Principal Investigator</RoleCode>
    </Investigator>
    <Institution>
      <Name>Louisiana State University &amp; Agricultural and Mechanical College</Name>
      <CityName>Baton Rouge</CityName>
      <ZipCode>708032701</ZipCode>
      <PhoneNumber>2255782760</PhoneNumber>
      <StreetAddress>202 Himes Hall</StreetAddress>
      <CountryName>United States</CountryName>
      <StateName>Louisiana</StateName>
      <StateCode>LA</StateCode>
    </Institution>
    <FoaInformation>
      <Code>0000099</Code>
      <Name>Other Applications NEC</Name>
    </FoaInformation>
    <FoaInformation>
      <Code>12</Code>
      <Name>Chemistry</Name>
    </FoaInformation>
    <ProgramElement>
      <Code>1253</Code>
      <Text>OFFICE OF MULTIDISCIPLINARY AC</Text>
    </ProgramElement>
    <ProgramElement>
      <Code>1948</Code>
      <Text>SYNTHESIS</Text>
    </ProgramElement>
    <ProgramReference>
      <Code>9183</Code>
      <Text>GENERAL FOUNDATIONS OF BIOTECHNOLOGY</Text>
    </ProgramReference>
    <ProgramReference>
      <Code>BIOT</Code>
      <Text>BIOTECHNOLOGY</Text>
    </ProgramReference>
  </Award>
</rootTag>
