<?xml version="1.0" encoding="UTF-8"?>

<rootTag>
  <Award>
    <AwardTitle>REG: Laser Doppler Vibrometer and Dynamic Signal Analyzer for Bearing Dynamics Research</AwardTitle>
    <AwardEffectiveDate>04/01/1995</AwardEffectiveDate>
    <AwardExpirationDate>03/31/1996</AwardExpirationDate>
    <AwardAmount>55073</AwardAmount>
    <AwardInstrument>
      <Value>Standard Grant</Value>
    </AwardInstrument>
    <Organization>
      <Code>07030000</Code>
      <Directorate>
        <LongName>Directorate For Engineering</LongName>
      </Directorate>
      <Division>
        <LongName>Div Of Civil, Mechanical, &amp; Manufact Inn</LongName>
      </Division>
    </Organization>
    <ProgramOfficer>
      <SignBlockName>Jorn Larsen-Basse</SignBlockName>
    </ProgramOfficer>
    <AbstractNarration>9500265 Messner Matching funds will support the acquisition of a laser doppler vibrometer with signal analyzer to be used in research on the nonlinear dynamics of rotary bearings for very rapid, high-precision positioning and tracking systems typical of hard disk magnetic storage systems, optical pointing systems, and semiconductor manufacturing. ***</AbstractNarration>
    <MinAmdLetterDate>03/20/1995</MinAmdLetterDate>
    <MaxAmdLetterDate>03/20/1995</MaxAmdLetterDate>
    <ARRAAmount/>
    <AwardID>9500265</AwardID>
    <Investigator>
      <FirstName>William</FirstName>
      <LastName>Messner</LastName>
      <EmailAddress>bmessner@andrew.cmu.edu</EmailAddress>
      <StartDate>03/20/1995</StartDate>
      <EndDate/>
      <RoleCode>Principal Investigator</RoleCode>
    </Investigator>
    <Institution>
      <Name>Carnegie-Mellon University</Name>
      <CityName>PITTSBURGH</CityName>
      <ZipCode>152133815</ZipCode>
      <PhoneNumber>4122689527</PhoneNumber>
      <StreetAddress>5000 Forbes Avenue</StreetAddress>
      <CountryName>United States</CountryName>
      <StateName>Pennsylvania</StateName>
      <StateCode>PA</StateCode>
    </Institution>
    <FoaInformation>
      <Code>0308000</Code>
      <Name>Industrial Technology</Name>
    </FoaInformation>
    <FoaInformation>
      <Code>56</Code>
      <Name>Engineering-Mechanical</Name>
    </FoaInformation>
    <ProgramElement>
      <Code>1444</Code>
      <Text>SURFACE ENGINEERING</Text>
    </ProgramElement>
    <ProgramReference>
      <Code>9148</Code>
      <Text>TOOLS &amp; TECHNOL FOR MANUFACTURING DESIGN</Text>
    </ProgramReference>
    <ProgramReference>
      <Code>MANU</Code>
      <Text>MANUFACTURING</Text>
    </ProgramReference>
  </Award>
</rootTag>
