<?xml version="1.0" encoding="UTF-8"?>

<rootTag>
  <Award>
    <AwardTitle>U.S.-Sweden Workshop: Worldwide Access of Emerging Mathematical Technology, Stockholm, Sweden, August 1995</AwardTitle>
    <AwardEffectiveDate>07/15/1995</AwardEffectiveDate>
    <AwardExpirationDate>06/30/1996</AwardExpirationDate>
    <AwardAmount>16400</AwardAmount>
    <AwardInstrument>
      <Value>Standard Grant</Value>
    </AwardInstrument>
    <Organization>
      <Code>01090000</Code>
      <Directorate>
        <LongName>Office Of The Director</LongName>
      </Directorate>
      <Division>
        <LongName>Office Of Internatl Science &amp;Engineering</LongName>
      </Division>
    </Organization>
    <ProgramOfficer>
      <SignBlockName>Rose Gombay</SignBlockName>
    </ProgramOfficer>
    <AbstractNarration>This award will support travel of 7 U.S. participants to a U.S.-Sweden workshop in computer algebra in Stockholm, Sweden, June 7-9, 1995. The co-organizers are David P. Jacobs and Brian Malloy of Clemson University and Torsten Ekedahl of Stockholm University. The purpose of the workshop is to discuss the use of world wide web and other networks for sharing mathematical software systems with the scientific and educational community. The workshop addresses issues concerning the development of common standards and codes, multimedia approaches, and appropriate software development tools for building interfaces. Many specialized mathematical software systems are emerging to perform such diverse computations as solving systems of equations, constructing algebraic structures, examining properties of geometric objects, and visualizing abstract mathematical systems. These systems are not easily transported because of different formats and varied conventions for the interchange of data. The emergence of world wide web now offers an opportunity for sharing different systems through remote access to software programs. The workshop takes advantage of interaction with Swedish computer algebra specialists and other Europeans through POSSO (Polynomial Systems Solver) group.</AbstractNarration>
    <MinAmdLetterDate>06/22/1995</MinAmdLetterDate>
    <MaxAmdLetterDate>06/22/1995</MaxAmdLetterDate>
    <ARRAAmount/>
    <AwardID>9500299</AwardID>
    <Investigator>
      <FirstName>David</FirstName>
      <LastName>Jacobs</LastName>
      <EmailAddress>dpj@cs.clemson.edu</EmailAddress>
      <StartDate>06/22/1995</StartDate>
      <EndDate/>
      <RoleCode>Principal Investigator</RoleCode>
    </Investigator>
    <Investigator>
      <FirstName>Brian</FirstName>
      <LastName>Malloy</LastName>
      <EmailAddress>malloy@cs.clemson.edu</EmailAddress>
      <StartDate>06/22/1995</StartDate>
      <EndDate/>
      <RoleCode>Co-Principal Investigator</RoleCode>
    </Investigator>
    <Institution>
      <Name>Clemson University</Name>
      <CityName>CLEMSON</CityName>
      <ZipCode>296340001</ZipCode>
      <PhoneNumber>8646562424</PhoneNumber>
      <StreetAddress>230 Kappa Street</StreetAddress>
      <CountryName>United States</CountryName>
      <StateName>South Carolina</StateName>
      <StateCode>SC</StateCode>
    </Institution>
    <FoaInformation>
      <Code>0108000</Code>
      <Name>Software Development</Name>
    </FoaInformation>
    <FoaInformation>
      <Code>21</Code>
      <Name>Mathematics</Name>
    </FoaInformation>
    <FoaInformation>
      <Code>31</Code>
      <Name>Computer Science &amp; Engineering</Name>
    </FoaInformation>
    <ProgramElement>
      <Code>5980</Code>
      <Text>WESTERN EUROPE PROGRAM</Text>
    </ProgramElement>
    <ProgramReference>
      <Code>5937</Code>
      <Text>SWEDEN</Text>
    </ProgramReference>
    <ProgramReference>
      <Code>9218</Code>
      <Text>BASIC RESEARCH &amp; HUMAN RESORCS</Text>
    </ProgramReference>
    <ProgramReference>
      <Code>HPCC</Code>
      <Text>HIGH PERFORMANCE COMPUTING &amp; COMM</Text>
    </ProgramReference>
  </Award>
</rootTag>
