<?xml version="1.0" encoding="UTF-8"?>

<rootTag>
  <Award>
    <AwardTitle>Technology for Ultra-High Precision Mechanical Metrology</AwardTitle>
    <AwardEffectiveDate>05/01/1995</AwardEffectiveDate>
    <AwardExpirationDate>04/30/1999</AwardExpirationDate>
    <AwardAmount>277903</AwardAmount>
    <AwardInstrument>
      <Value>Continuing grant</Value>
    </AwardInstrument>
    <Organization>
      <Code>07030000</Code>
      <Directorate>
        <LongName>Directorate For Engineering</LongName>
      </Directorate>
      <Division>
        <LongName>Div Of Civil, Mechanical, &amp; Manufact Inn</LongName>
      </Division>
    </Organization>
    <ProgramOfficer>
      <SignBlockName>KAMLAKAR P RAJURKAR</SignBlockName>
    </ProgramOfficer>
    <AbstractNarration>9500390 Patterson This award supports a new concept in precision metrology, the Extreme Ultraviolet Optics Measuring Machine (EUVOMM). The goals for this system when used to measure optical surfaces are a diameter range of 250 mm with a lateral accuracy of 3.3 nm rms, and a depth range of 7.5 mm with a depth accuracy of 0.33 nm rms. This can be achieved using design and integration of several precision engineering and optical technologies: precise motion control, reduction of systematic errors in heterodyne interferometry, and atomic force microscopy as the sensing probe. The tasks supported by this award are: system optimization, study of the scaling of elastic mechanisms, and implementation of the analysis results in an experimental high-precision slide drive system. This work will complement, and is in part be supported by, work at Lawrence Livermore Lab's Manufacturing Technologies Program. This research will provide the technical basis for fabrication and testing of diffraction limited optical systems operating in the ultraviolet or soft x-ray region. This will lead to a new generation of instruments for research and fabrication in the semiconductor industry. ***</AbstractNarration>
    <MinAmdLetterDate>04/24/1995</MinAmdLetterDate>
    <MaxAmdLetterDate>08/13/1998</MaxAmdLetterDate>
    <ARRAAmount/>
    <AwardID>9500390</AwardID>
    <Investigator>
      <FirstName>Steven</FirstName>
      <LastName>Patterson</LastName>
      <EmailAddress>spatters@uncc.edu</EmailAddress>
      <StartDate>04/24/1995</StartDate>
      <EndDate/>
      <RoleCode>Principal Investigator</RoleCode>
    </Investigator>
    <Investigator>
      <FirstName>Stuart</FirstName>
      <LastName>Smith</LastName>
      <EmailAddress>stusmith@uncc.edu</EmailAddress>
      <StartDate>04/24/1995</StartDate>
      <EndDate/>
      <RoleCode>Co-Principal Investigator</RoleCode>
    </Investigator>
    <Institution>
      <Name>University of North Carolina at Charlotte</Name>
      <CityName>CHARLOTTE</CityName>
      <ZipCode>282230001</ZipCode>
      <PhoneNumber>7046871888</PhoneNumber>
      <StreetAddress>9201 University City Boulevard</StreetAddress>
      <CountryName>United States</CountryName>
      <StateName>North Carolina</StateName>
      <StateCode>NC</StateCode>
    </Institution>
    <FoaInformation>
      <Code>0308000</Code>
      <Name>Industrial Technology</Name>
    </FoaInformation>
    <FoaInformation>
      <Code>56</Code>
      <Name>Engineering-Mechanical</Name>
    </FoaInformation>
  </Award>
</rootTag>
