<?xml version="1.0" encoding="UTF-8"?>

<rootTag>
  <Award>
    <AwardTitle>Mathematical Sciences: Deformations of Complex Structures</AwardTitle>
    <AwardEffectiveDate>06/01/1995</AwardEffectiveDate>
    <AwardExpirationDate>05/31/1999</AwardExpirationDate>
    <AwardAmount>405000</AwardAmount>
    <AwardInstrument>
      <Value>Continuing grant</Value>
    </AwardInstrument>
    <Organization>
      <Code>03040200</Code>
      <Directorate>
        <LongName>Direct For Mathematical &amp; Physical Scien</LongName>
      </Directorate>
      <Division>
        <LongName>Division Of Mathematical Sciences</LongName>
      </Division>
    </Organization>
    <ProgramOfficer>
      <SignBlockName>Christopher W. Stark</SignBlockName>
    </ProgramOfficer>
    <AbstractNarration>9500557 Maskit This project is concerned with several different aspects of complex analysis and function theory: moduli of Riemann surfaces via Eichler cohomology of Kleinian groups, the Schottky problem, geometric formulation of 2-dimensional quantum gravity, and Hausdorff dimension and the boundary behavior of conformal mappings are among the topics proposed. Function theory is the study of functions of one independent complex variable, and has a classical origin. A notable aspect of function theory is the use of Riemann surfaces; given a locally defined complex function one associates an abstract (multi-sheeted) surface, called the Riemann surface of the function, via analytic continuation. This Riemann surface carries all the essential information about the original function and its possible regular extensions. The proposed project has to do with classifying and understanding the totality of such Riemann surfaces.</AbstractNarration>
    <MinAmdLetterDate>04/06/1995</MinAmdLetterDate>
    <MaxAmdLetterDate>01/22/1997</MaxAmdLetterDate>
    <ARRAAmount/>
    <AwardID>9500557</AwardID>
    <Investigator>
      <FirstName>Bernard</FirstName>
      <LastName>Maskit</LastName>
      <EmailAddress>bernie@math.sunsyb.edu</EmailAddress>
      <StartDate>04/06/1995</StartDate>
      <EndDate/>
      <RoleCode>Principal Investigator</RoleCode>
    </Investigator>
    <Investigator>
      <FirstName>Christopher</FirstName>
      <LastName>Bishop</LastName>
      <EmailAddress>bishop@math.sunysb.edu</EmailAddress>
      <StartDate>04/06/1995</StartDate>
      <EndDate/>
      <RoleCode>Co-Principal Investigator</RoleCode>
    </Investigator>
    <Investigator>
      <FirstName>Irwin</FirstName>
      <LastName>Kra</LastName>
      <EmailAddress>irwin@math.sunysb.edu</EmailAddress>
      <StartDate>04/06/1995</StartDate>
      <EndDate/>
      <RoleCode>Co-Principal Investigator</RoleCode>
    </Investigator>
    <Investigator>
      <FirstName>Leon</FirstName>
      <LastName>Takhtajan</LastName>
      <EmailAddress>leontak@math.sunysb.edu</EmailAddress>
      <StartDate>04/06/1995</StartDate>
      <EndDate/>
      <RoleCode>Co-Principal Investigator</RoleCode>
    </Investigator>
    <Institution>
      <Name>SUNY at Stony Brook</Name>
      <CityName>Stony Brook</CityName>
      <ZipCode>117940001</ZipCode>
      <PhoneNumber>6316329949</PhoneNumber>
      <StreetAddress>WEST 5510 FRK MEL LIB</StreetAddress>
      <CountryName>United States</CountryName>
      <StateName>New York</StateName>
      <StateCode>NY</StateCode>
    </Institution>
    <FoaInformation>
      <Code>0000099</Code>
      <Name>Other Applications NEC</Name>
    </FoaInformation>
    <FoaInformation>
      <Code>21</Code>
      <Name>Mathematics</Name>
    </FoaInformation>
    <ProgramElement>
      <Code>1265</Code>
      <Text>GEOMETRIC ANALYSIS</Text>
    </ProgramElement>
    <ProgramElement>
      <Code>1281</Code>
      <Text>ANALYSIS PROGRAM</Text>
    </ProgramElement>
    <ProgramReference>
      <Code>0000</Code>
      <Text>UNASSIGNED</Text>
    </ProgramReference>
    <ProgramReference>
      <Code>OTHR</Code>
      <Text>OTHER RESEARCH OR EDUCATION</Text>
    </ProgramReference>
  </Award>
</rootTag>
