<?xml version="1.0" encoding="UTF-8"?>

<rootTag>
  <Award>
    <AwardTitle>Mathematical Sciences: L-Functions of Number Fields and Automorphic Forms</AwardTitle>
    <AwardEffectiveDate>06/01/1995</AwardEffectiveDate>
    <AwardExpirationDate>11/30/1998</AwardExpirationDate>
    <AwardAmount>219000</AwardAmount>
    <AwardInstrument>
      <Value>Continuing grant</Value>
    </AwardInstrument>
    <Organization>
      <Code>03040300</Code>
      <Directorate>
        <LongName>Direct For Mathematical &amp; Physical Scien</LongName>
      </Directorate>
      <Division>
        <LongName>Division Of Mathematical Sciences</LongName>
      </Division>
    </Organization>
    <ProgramOfficer>
      <SignBlockName>Murray M. Schacher</SignBlockName>
    </ProgramOfficer>
    <AbstractNarration>This project involves studies on two topics: 1) multiplicity of discriminants, class numbers and Artin L-functions, and 2) distribution of Hecke eigenvalues. In the first category, the main objective is to establish estimates for class group character sums which are relatively short with respect to the discriminant. On the second topic, the aim is to investigate the orthogonality and equidistribution of eigenvalues of Hecke operators. This research falls into the general area of number theory. Number theory has its historical roots in the study of the whole numbers, addressing such questions as those dealing with the divisibility of one whole number by another. It is among the oldest branches of mathematics and was pursued for many centuries for purely aesthetic reasons. However, within the last half century it has become an indispensable tool in diverse applications in areas such as data transmission and processing, and communication systems.</AbstractNarration>
    <MinAmdLetterDate>05/24/1995</MinAmdLetterDate>
    <MaxAmdLetterDate>02/25/1997</MaxAmdLetterDate>
    <ARRAAmount/>
    <AwardID>9500797</AwardID>
    <Investigator>
      <FirstName>William</FirstName>
      <LastName>Duke</LastName>
      <EmailAddress>wdduke@ucla.edu</EmailAddress>
      <StartDate>05/24/1995</StartDate>
      <EndDate/>
      <RoleCode>Co-Principal Investigator</RoleCode>
    </Investigator>
    <Investigator>
      <FirstName>Henryk</FirstName>
      <LastName>Iwaniec</LastName>
      <EmailAddress>iwaniec@math.rutgers.edu</EmailAddress>
      <StartDate>05/24/1995</StartDate>
      <EndDate/>
      <RoleCode>Principal Investigator</RoleCode>
    </Investigator>
    <Institution>
      <Name>Rutgers University New Brunswick</Name>
      <CityName>Piscataway</CityName>
      <ZipCode>088543925</ZipCode>
      <PhoneNumber>8489320150</PhoneNumber>
      <StreetAddress>33 Knightsbridge Road</StreetAddress>
      <CountryName>United States</CountryName>
      <StateName>New Jersey</StateName>
      <StateCode>NJ</StateCode>
    </Institution>
    <FoaInformation>
      <Code>0000099</Code>
      <Name>Other Applications NEC</Name>
    </FoaInformation>
    <FoaInformation>
      <Code>21</Code>
      <Name>Mathematics</Name>
    </FoaInformation>
    <ProgramElement>
      <Code>1264</Code>
      <Text>ALGEBRA,NUMBER THEORY,AND COM</Text>
    </ProgramElement>
    <ProgramReference>
      <Code>0000</Code>
      <Text>UNASSIGNED</Text>
    </ProgramReference>
    <ProgramReference>
      <Code>OTHR</Code>
      <Text>OTHER RESEARCH OR EDUCATION</Text>
    </ProgramReference>
  </Award>
</rootTag>
