<?xml version="1.0" encoding="UTF-8"?>

<rootTag>
  <Award>
    <AwardTitle>Propagation of Waves of Chemical Activity in Stratified Media</AwardTitle>
    <AwardEffectiveDate>06/01/1995</AwardEffectiveDate>
    <AwardExpirationDate>11/30/1998</AwardExpirationDate>
    <AwardAmount>175800</AwardAmount>
    <AwardInstrument>
      <Value>Continuing grant</Value>
    </AwardInstrument>
    <Organization>
      <Code>03090004</Code>
      <Directorate>
        <LongName>Direct For Mathematical &amp; Physical Scien</LongName>
      </Directorate>
      <Division>
        <LongName>Division Of Chemistry</LongName>
      </Division>
    </Organization>
    <ProgramOfficer>
      <SignBlockName>Richard Hilderbrandt</SignBlockName>
    </ProgramOfficer>
    <AbstractNarration>John Tyson is supported by a grant from the Theoretical and Computational Chemistry Program to perform theoretical studies of propagating waves of chemical activity in stratified media. In collaboration with Pavel K. Brazhnik, Tyson will study wave propagation in media with stratified inhomogeneities attempting to characterize the reflection and refraction of traveling waves at boundaries between layers. The study will be carried out by analytical, numerical, and experimental techniques. Analysis will be done by two complementary methods: the kinematic approach, and singular perturbation theory. Numerical simulation will also exploit complementary methods: standard finite-difference approximations to partial differential equations, and cellular automaton modeling of excitable media. The analytical and numerical results will be compared with experimental observations of wave propagation in a stratified chemical excitable medium, the Belousov-Zhabotinsky reaction. Traveling waves of chemical reaction are unusual but not uncommon occurrences in the natural world. Examples abound in combustion chemistry, catalytic converters, waves of membrane depolarization propagating through muscle tissue, waves of cyclic AMP production in slime mold growth, and a prominent Calcium wave signaling the fertilization of an egg by sperm. Chemical wave propagation has been studied for many years in homogeneous, isotropic media. Tyson's work would be the first attempt to study wave propagation in media with stratified inhomogeneities which are more realistic mimics of important biological systems.</AbstractNarration>
    <MinAmdLetterDate>05/24/1995</MinAmdLetterDate>
    <MaxAmdLetterDate>05/07/1997</MaxAmdLetterDate>
    <ARRAAmount/>
    <AwardID>9500763</AwardID>
    <Investigator>
      <FirstName>John</FirstName>
      <LastName>Tyson</LastName>
      <EmailAddress>tyson@vt.edu</EmailAddress>
      <StartDate>05/24/1995</StartDate>
      <EndDate/>
      <RoleCode>Principal Investigator</RoleCode>
    </Investigator>
    <Institution>
      <Name>Virginia Polytechnic Institute and State University</Name>
      <CityName>BLACKSBURG</CityName>
      <ZipCode>240610001</ZipCode>
      <PhoneNumber>5402315281</PhoneNumber>
      <StreetAddress>Sponsored Programs 0170</StreetAddress>
      <CountryName>United States</CountryName>
      <StateName>Virginia</StateName>
      <StateCode>VA</StateCode>
    </Institution>
    <FoaInformation>
      <Code>0000099</Code>
      <Name>Other Applications NEC</Name>
    </FoaInformation>
    <FoaInformation>
      <Code>12</Code>
      <Name>Chemistry</Name>
    </FoaInformation>
    <ProgramElement>
      <Code>1956</Code>
      <Text>STATISTICAL AND SIMULATIONS</Text>
    </ProgramElement>
    <ProgramReference>
      <Code>0000</Code>
      <Text>UNASSIGNED</Text>
    </ProgramReference>
    <ProgramReference>
      <Code>OTHR</Code>
      <Text>OTHER RESEARCH OR EDUCATION</Text>
    </ProgramReference>
  </Award>
</rootTag>
