<?xml version="1.0" encoding="UTF-8"?>

<rootTag>
  <Award>
    <AwardTitle>Engineering Research Equipment: Moderately Parallel ComputerEquipment for Design of Plasma Equipment for Microelectronics Manufacturing and Environmental Cleanup</AwardTitle>
    <AwardEffectiveDate>04/01/1996</AwardEffectiveDate>
    <AwardExpirationDate>03/31/1997</AwardExpirationDate>
    <AwardAmount>33014</AwardAmount>
    <AwardInstrument>
      <Value>Standard Grant</Value>
    </AwardInstrument>
    <Organization>
      <Code>07010000</Code>
      <Directorate>
        <LongName>Directorate For Engineering</LongName>
      </Directorate>
      <Division>
        <LongName>Div Of Electrical, Commun &amp; Cyber Sys</LongName>
      </Division>
    </Organization>
    <ProgramOfficer>
      <SignBlockName>Virginia M. Ayres</SignBlockName>
    </ProgramOfficer>
    <AbstractNarration>Proposal Number: ECS-9500023 Principal Investigator: Mark Kushner ABSTRACT This is a Research Equipment Grant proposal for purchase of additional memory and processors for a Sun Sparcserver 1000. The SS1000 is a moderately parallel computer having up to eight processors. The SS1000 is dedicated to research projects win which computer model and parallel algorithms are being developed for plasma equipment used in processing and toxic gas redemption.</AbstractNarration>
    <MinAmdLetterDate>03/11/1996</MinAmdLetterDate>
    <MaxAmdLetterDate>03/11/1996</MaxAmdLetterDate>
    <ARRAAmount/>
    <AwardID>9500023</AwardID>
    <Investigator>
      <FirstName>Mark</FirstName>
      <LastName>Kushner</LastName>
      <EmailAddress>mjkush@umich.edu</EmailAddress>
      <StartDate>03/11/1996</StartDate>
      <EndDate/>
      <RoleCode>Principal Investigator</RoleCode>
    </Investigator>
    <Institution>
      <Name>University of Illinois at Urbana-Champaign</Name>
      <CityName>CHAMPAIGN</CityName>
      <ZipCode>618207473</ZipCode>
      <PhoneNumber>2173332187</PhoneNumber>
      <StreetAddress>SUITE A</StreetAddress>
      <CountryName>United States</CountryName>
      <StateName>Illinois</StateName>
      <StateCode>IL</StateCode>
    </Institution>
    <FoaInformation>
      <Code>0206000</Code>
      <Name>Telecommunications</Name>
    </FoaInformation>
    <FoaInformation>
      <Code>55</Code>
      <Name>Engineering-Electrical</Name>
    </FoaInformation>
    <ProgramElement>
      <Code>1517</Code>
      <Text>ELECT, PHOTONICS, &amp; MAG DEVICE</Text>
    </ProgramElement>
    <ProgramReference>
      <Code>0000</Code>
      <Text>UNASSIGNED</Text>
    </ProgramReference>
    <ProgramReference>
      <Code>OTHR</Code>
      <Text>OTHER RESEARCH OR EDUCATION</Text>
    </ProgramReference>
  </Award>
</rootTag>
