<?xml version="1.0" encoding="UTF-8"?>

<rootTag>
  <Award>
    <AwardTitle>Mathematical Sciences: Quadratic Functionals, Stability and Optimal Control for Delay - Differential Systems</AwardTitle>
    <AwardEffectiveDate>06/01/1995</AwardEffectiveDate>
    <AwardExpirationDate>05/31/1999</AwardExpirationDate>
    <AwardAmount>52054</AwardAmount>
    <AwardInstrument>
      <Value>Standard Grant</Value>
    </AwardInstrument>
    <Organization>
      <Code>03040200</Code>
      <Directorate>
        <LongName>Direct For Mathematical &amp; Physical Scien</LongName>
      </Directorate>
      <Division>
        <LongName>Division Of Mathematical Sciences</LongName>
      </Division>
    </Organization>
    <ProgramOfficer>
      <SignBlockName>Joe W. Jenkins</SignBlockName>
    </ProgramOfficer>
    <AbstractNarration>Louisell DMS-9500565 Louisell will continue his investigations in the area of delay-differential equations, and in systems theory and control, particularly in topics where the two areas overlap. One of these involves the links between the Lyapunov method used for analyzing eigenvalue abscissas and the Newton-Raphson method of quadratic optimal control. Because of the direct linear algebra approach of Louisell's method, it is well suited for a Newton-Raphson approach to constructing LQ-optimal controllers for delay systems. Through this method he can link such areas as LQ-optimal control, H-infinity optimization, and risk sensitive control. This direction will be further developed. The proposed research involves delayed feedback in the control of linear systems. One might expect that delays destroys stability, but in fact, stability may be obtained by increasing delays. This research will lead to a better understanding of this phenomenon.</AbstractNarration>
    <MinAmdLetterDate>05/17/1995</MinAmdLetterDate>
    <MaxAmdLetterDate>05/17/1995</MaxAmdLetterDate>
    <ARRAAmount/>
    <AwardID>9500565</AwardID>
    <Investigator>
      <FirstName>James</FirstName>
      <LastName>Louisell</LastName>
      <EmailAddress>james.louisell@colostate-pueblo.edu</EmailAddress>
      <StartDate>05/17/1995</StartDate>
      <EndDate/>
      <RoleCode>Principal Investigator</RoleCode>
    </Investigator>
    <Institution>
      <Name>Colorado State University-Pueblo</Name>
      <CityName>Pueblo</CityName>
      <ZipCode>810014901</ZipCode>
      <PhoneNumber>7195492480</PhoneNumber>
      <StreetAddress>2200 Bonforte Blvd</StreetAddress>
      <CountryName>United States</CountryName>
      <StateName>Colorado</StateName>
      <StateCode>CO</StateCode>
    </Institution>
    <FoaInformation>
      <Code>21</Code>
      <Name>Mathematics</Name>
    </FoaInformation>
  </Award>
</rootTag>
