<?xml version="1.0" encoding="UTF-8"?>

<rootTag>
  <Award>
    <AwardTitle>Subdivision Methods for Computer-Aided Design and Engineering</AwardTitle>
    <AwardEffectiveDate>09/01/1995</AwardEffectiveDate>
    <AwardExpirationDate>08/31/1999</AwardExpirationDate>
    <AwardAmount>150086</AwardAmount>
    <AwardInstrument>
      <Value>Continuing grant</Value>
    </AwardInstrument>
    <Organization>
      <Code>05010300</Code>
      <Directorate>
        <LongName>Direct For Computer &amp; Info Scie &amp; Enginr</LongName>
      </Directorate>
      <Division>
        <LongName>Division of Computing and Communication Foundations</LongName>
      </Division>
    </Organization>
    <ProgramOfficer>
      <SignBlockName>S. Kamal Abdali</SignBlockName>
    </ProgramOfficer>
    <AbstractNarration>Representing curved shape is a fundamental problem in geometric modeling and design. A variety of approaches currently exist for modeling curved shape, by far the most popular of which is a boundary representation (B-rep) whose surfaces are trimmed NURBS (non-uniform rational B-splines). Unfortunately, building a modeler based on trimmed NURBS is exceedingly difficult for at least two reasons. First, trimming two NURBS patches to agree along a common edge usually involves complex surface/surface intersection algorithms and substantial approximation. Second, even in the absence of sharp edges, patching is often required since a single NURBS patch is capable of modeling only surfaces topologically equivalent to planes, cylinders, and tori. Modeling surfaces of other topological types (even those as simple as a sphere) require the surface be decomposed into a quiltwork of individual NURBS patches. Complicated continually conditions must then be imposed to guarantee that adjacent patches join smoothly. Subdivision provides a promising alternative to NURBS. Using subdivision, a polyhedron is mapped to a sequence of denser polyhedra whose limit is a curved object. Each new polyhedron is derived from the previous polyhedron by splitting each of its faces into four new faces and positioning its new vertices using a fixed averaging mask. Different masks yield surface features such as corners, curved edges, or smooth faces in the limit object. The method is simple, requiring only polyhedral modeling. The method is general, producing objects with smooth faces and sharp curved edges without trimming or patching. Finally, subdivision provides a hierarchical representation that allows the design of efficient multi-resolution processing algorithms. This research addresses a combination of theoretical and applied problems whose solution is essential if subdivision is to be of use as a practical method for modeling curved shape. Specifically it develops: Curvature continuous subdivision methods; Subdivision methods for local refinement and introduction of shapes and edges; Functional subdivision methods over irregular triangulations (necessary for FEA) and algorithms for: Conversion to and from other representations such as NURBS, Editing and display of subdividion surfaces, Finite element analysis over subdivision surfaces, Computing the intersection, union, or difference of subdivision surfaces.</AbstractNarration>
    <MinAmdLetterDate>09/06/1995</MinAmdLetterDate>
    <MaxAmdLetterDate>02/27/1997</MaxAmdLetterDate>
    <ARRAAmount/>
    <AwardID>9500572</AwardID>
    <Investigator>
      <FirstName>Joe</FirstName>
      <LastName>Warren</LastName>
      <EmailAddress>jwarren@rice.edu</EmailAddress>
      <StartDate>09/06/1995</StartDate>
      <EndDate/>
      <RoleCode>Principal Investigator</RoleCode>
    </Investigator>
    <Institution>
      <Name>William Marsh Rice University</Name>
      <CityName>Houston</CityName>
      <ZipCode>770051827</ZipCode>
      <PhoneNumber>7133484820</PhoneNumber>
      <StreetAddress>6100 MAIN ST</StreetAddress>
      <CountryName>United States</CountryName>
      <StateName>Texas</StateName>
      <StateCode>TX</StateCode>
    </Institution>
    <FoaInformation>
      <Code>0000099</Code>
      <Name>Other Applications NEC</Name>
    </FoaInformation>
    <FoaInformation>
      <Code>31</Code>
      <Name>Computer Science &amp; Engineering</Name>
    </FoaInformation>
    <ProgramElement>
      <Code>4715</Code>
      <Text>COMPUTER SYSTEMS ARCHITECTURE</Text>
    </ProgramElement>
    <ProgramReference>
      <Code>9146</Code>
      <Text>MANUFACTURING BASE RESEARCH</Text>
    </ProgramReference>
    <ProgramReference>
      <Code>9216</Code>
      <Text>ADVANCED SOFTWARE TECH &amp; ALGOR</Text>
    </ProgramReference>
    <ProgramReference>
      <Code>HPCC</Code>
      <Text>HIGH PERFORMANCE COMPUTING &amp; COMM</Text>
    </ProgramReference>
  </Award>
</rootTag>
