<?xml version="1.0" encoding="UTF-8"?>

<rootTag>
  <Award>
    <AwardTitle>Synthetic and Mechanistic Studies on Catalytic Asymmetric Reaction of Organosilanes</AwardTitle>
    <AwardEffectiveDate>02/01/1995</AwardEffectiveDate>
    <AwardExpirationDate>01/31/1998</AwardExpirationDate>
    <AwardAmount>427500</AwardAmount>
    <AwardInstrument>
      <Value>Continuing grant</Value>
    </AwardInstrument>
    <Organization>
      <Code>03090003</Code>
      <Directorate>
        <LongName>Direct For Mathematical &amp; Physical Scien</LongName>
      </Directorate>
      <Division>
        <LongName>Division Of Chemistry</LongName>
      </Division>
    </Organization>
    <ProgramOfficer>
      <SignBlockName>George M. Rubottom</SignBlockName>
    </ProgramOfficer>
    <AbstractNarration>The focus of this research is the use of silacyclobutane based reagents and chiral Lewis bases. The common theme is the pursuit of hexacoordinate silicon species as organizational nodes for bringing together combinations of nucleophile, electrophile and chiral catalyst for asymmetric transformations. Enoxysilacyclobutanes will be used to promote aldol, Michael, Henry and Abramov reactions and silacyclobutanes will be used in a broad range of organosilicon transformations. Another part of the research focuses on ligand-accelerated catalysis by the use of trichlorosilyl-based reagents. With this accomplishment based renewal award, the Synthetic Organic Program is supporting the research of Dr. Scott E. Denmark of the Department of Chemistry at the University of Illinois. Professor Denmark will focus his work on developing new methodology for catalytic, asymmetric transformations. The research will involve organosilicon compounds and chiral Lewis bases that possess hexacoordinate silicon species as the key component.</AbstractNarration>
    <MinAmdLetterDate>01/23/1995</MinAmdLetterDate>
    <MaxAmdLetterDate>01/06/1997</MaxAmdLetterDate>
    <ARRAAmount/>
    <AwardID>9500397</AwardID>
    <Investigator>
      <FirstName>Scott</FirstName>
      <LastName>Denmark</LastName>
      <EmailAddress>sdenmark@illinois.edu</EmailAddress>
      <StartDate>01/23/1995</StartDate>
      <EndDate/>
      <RoleCode>Principal Investigator</RoleCode>
    </Investigator>
    <Institution>
      <Name>University of Illinois at Urbana-Champaign</Name>
      <CityName>CHAMPAIGN</CityName>
      <ZipCode>618207473</ZipCode>
      <PhoneNumber>2173332187</PhoneNumber>
      <StreetAddress>SUITE A</StreetAddress>
      <CountryName>United States</CountryName>
      <StateName>Illinois</StateName>
      <StateCode>IL</StateCode>
    </Institution>
    <FoaInformation>
      <Code>0000099</Code>
      <Name>Other Applications NEC</Name>
    </FoaInformation>
    <FoaInformation>
      <Code>12</Code>
      <Name>Chemistry</Name>
    </FoaInformation>
    <ProgramElement>
      <Code>1948</Code>
      <Text>SYNTHESIS</Text>
    </ProgramElement>
    <ProgramElement>
      <Code>1950</Code>
      <Text>METHODOLOGY</Text>
    </ProgramElement>
    <ProgramReference>
      <Code>9146</Code>
      <Text>MANUFACTURING BASE RESEARCH</Text>
    </ProgramReference>
    <ProgramReference>
      <Code>MANU</Code>
      <Text>MANUFACTURING</Text>
    </ProgramReference>
  </Award>
</rootTag>
