<?xml version="1.0" encoding="UTF-8"?>

<rootTag>
  <Award>
    <AwardTitle>Mathematical Sciences: Analytic and Numerical Methods for the Study of Long Term Behavior</AwardTitle>
    <AwardEffectiveDate>06/01/1995</AwardEffectiveDate>
    <AwardExpirationDate>05/31/1999</AwardExpirationDate>
    <AwardAmount>75000</AwardAmount>
    <AwardInstrument>
      <Value>Continuing grant</Value>
    </AwardInstrument>
    <Organization>
      <Code>03040200</Code>
      <Directorate>
        <LongName>Direct For Mathematical &amp; Physical Scien</LongName>
      </Directorate>
      <Division>
        <LongName>Division Of Mathematical Sciences</LongName>
      </Division>
    </Organization>
    <ProgramOfficer>
      <SignBlockName>Joe W. Jenkins</SignBlockName>
    </ProgramOfficer>
    <AbstractNarration>9500869 de la Llave The project involves a broad based approach to problems of dynamics using methods from K.A.M. theory, hyperbolic dynamical systems and numerical exploration. In particular, we plan to study questions such as breakdown of invariant curves, rigidity of hyperbolic systems and variational methods. A study will be made of the long term behavior of systems whose evolution is known. The plan uses a broad based approach that combines analytical techniques and numerical explorations in such a way that they complement and reinforce each other. Many of the concrete problems that will be studied are motivated by hydrodynamics, for example, to compute the smallest amount of stirring that guarantees a thorough mixing. ***</AbstractNarration>
    <MinAmdLetterDate>05/24/1995</MinAmdLetterDate>
    <MaxAmdLetterDate>01/08/1997</MaxAmdLetterDate>
    <ARRAAmount/>
    <AwardID>9500869</AwardID>
    <Investigator>
      <FirstName>Rafael</FirstName>
      <LastName>de la Llave</LastName>
      <EmailAddress>rll6@math.gatech.edu</EmailAddress>
      <StartDate>05/24/1995</StartDate>
      <EndDate/>
      <RoleCode>Principal Investigator</RoleCode>
    </Investigator>
    <Institution>
      <Name>University of Texas at Austin</Name>
      <CityName>Austin</CityName>
      <ZipCode>787121532</ZipCode>
      <PhoneNumber>5124716424</PhoneNumber>
      <StreetAddress>101 E. 27th Street, Suite 5.300</StreetAddress>
      <CountryName>United States</CountryName>
      <StateName>Texas</StateName>
      <StateCode>TX</StateCode>
    </Institution>
    <FoaInformation>
      <Code>0000099</Code>
      <Name>Other Applications NEC</Name>
    </FoaInformation>
  </Award>
</rootTag>
