<?xml version="1.0" encoding="UTF-8"?>

<rootTag>
  <Award>
    <AwardTitle>REG: Engineerng Research Equipment: Data Acquisition and Control System and Actuators for Structural and Materials Engineering Research</AwardTitle>
    <AwardEffectiveDate>09/15/1995</AwardEffectiveDate>
    <AwardExpirationDate>08/31/1998</AwardExpirationDate>
    <AwardAmount>60000</AwardAmount>
    <AwardInstrument>
      <Value>Standard Grant</Value>
    </AwardInstrument>
    <Organization>
      <Code>07030000</Code>
      <Directorate>
        <LongName>Directorate For Engineering</LongName>
      </Directorate>
      <Division>
        <LongName>Div Of Civil, Mechanical, &amp; Manufact Inn</LongName>
      </Division>
    </Organization>
    <ProgramOfficer>
      <SignBlockName>Ashland O. Brown</SignBlockName>
    </ProgramOfficer>
    <AbstractNarration>9500424 French Digital data acquisition and control equipment will be purchased to replace the current system which is based on an early version Micro Vax II computer (vintage 1986). Funds are being used to upgrade the servovalves on the existing hydraulic actuators. Specific projects for which the equipment will be used included: NSF Precast Seismic Structural systems (PRESSS) project regarding the evaluation of ductile precast frame connections; NSF Faculty Award for Women investigation of real-time large scale earthquake simulation tests (effective force test method); NSF Research Initiation Award (RIA) to investigate the nonlinear cyclic behavior of concrete-filled tube beam-columns; Minnesota Department of Transportation (MnDOT) study of the effects of thermal and mechanical cyclic loading on the bond between fiber reinforced plastic (FRP) reinforcement and concrete; MnDOT investigation to characterize the material properties of asphalt mixtures; and the development of an accelerated load test platform for concrete pavement research.</AbstractNarration>
    <MinAmdLetterDate>09/15/1995</MinAmdLetterDate>
    <MaxAmdLetterDate>12/06/1997</MaxAmdLetterDate>
    <ARRAAmount/>
    <AwardID>9500424</AwardID>
    <Investigator>
      <FirstName>Mark</FirstName>
      <LastName>Snyder</LastName>
      <EmailAddress/>
      <StartDate>09/15/1995</StartDate>
      <EndDate/>
      <RoleCode>Co-Principal Investigator</RoleCode>
    </Investigator>
    <Investigator>
      <FirstName>Theodore</FirstName>
      <LastName>Galambos</LastName>
      <EmailAddress>galam001@umn.edu</EmailAddress>
      <StartDate>09/15/1995</StartDate>
      <EndDate/>
      <RoleCode>Co-Principal Investigator</RoleCode>
    </Investigator>
    <Investigator>
      <FirstName>David</FirstName>
      <LastName>Newcomb</LastName>
      <EmailAddress/>
      <StartDate>09/15/1995</StartDate>
      <EndDate/>
      <RoleCode>Co-Principal Investigator</RoleCode>
    </Investigator>
    <Investigator>
      <FirstName>Catherine</FirstName>
      <LastName>French</LastName>
      <EmailAddress>cfrench@tc.umn.edu</EmailAddress>
      <StartDate>09/15/1995</StartDate>
      <EndDate/>
      <RoleCode>Principal Investigator</RoleCode>
    </Investigator>
    <Investigator>
      <FirstName>Carol</FirstName>
      <LastName>Shield</LastName>
      <EmailAddress>ckshield@umn.edu</EmailAddress>
      <StartDate>09/15/1995</StartDate>
      <EndDate/>
      <RoleCode>Co-Principal Investigator</RoleCode>
    </Investigator>
    <Institution>
      <Name>University of Minnesota-Twin Cities</Name>
      <CityName>Minneapolis</CityName>
      <ZipCode>554552070</ZipCode>
      <PhoneNumber>6126245599</PhoneNumber>
      <StreetAddress>200 OAK ST SE</StreetAddress>
      <CountryName>United States</CountryName>
      <StateName>Minnesota</StateName>
      <StateCode>MN</StateCode>
    </Institution>
    <FoaInformation>
      <Code>0109000</Code>
      <Name>Structural Technology</Name>
    </FoaInformation>
    <FoaInformation>
      <Code>54</Code>
      <Name>Engineering-Civil</Name>
    </FoaInformation>
  </Award>
</rootTag>
