<?xml version="1.0" encoding="UTF-8"?>

<rootTag>
  <Award>
    <AwardTitle>Mathematical Sciences: Quantized Analysis</AwardTitle>
    <AwardEffectiveDate>07/01/1995</AwardEffectiveDate>
    <AwardExpirationDate>06/30/1999</AwardExpirationDate>
    <AwardAmount>432903</AwardAmount>
    <AwardInstrument>
      <Value>Continuing grant</Value>
    </AwardInstrument>
    <Organization>
      <Code>03040200</Code>
      <Directorate>
        <LongName>Direct For Mathematical &amp; Physical Scien</LongName>
      </Directorate>
      <Division>
        <LongName>Division Of Mathematical Sciences</LongName>
      </Division>
    </Organization>
    <ProgramOfficer>
      <SignBlockName>Joe W. Jenkins</SignBlockName>
    </ProgramOfficer>
    <AbstractNarration>9500882 Effros Effros will continue to investigate the mysterious mathematical world of quantum group analysis, in collaboration with his former Ph. D student Z.-J. Ruan. This work is based on his new approach to quantizing functional analysis - the theory of operator spaces. Popa plans to broaden his wide-ranging studies in the rapidly evolving field of subfactors, using both analytic and algebraic points of view. Popa is one of very few researchers who has been working on theanalytical aspects of subfactor theory. It may be argued that this technically difficult area has thus far constituted the deepest aspect of the subject. Takesaki, together with several coworkers, has very recently completed one of the central classification programs for discrete amenable group actions on operator algebras. He would like to build on this success by returning to the largely unexplored area of continuous group actions. He also plans to work once again on his earlier theory of duality, which is currently playing a major role in quantum group theory. Quantized analysis was introduced in the 1930's by John von Neumann in order to provide a mathematical framework for quantum mechanics. This development has had a profound effect on the field of mathematics itself, since it has enabled researchers to formulate non-commutative or "quantized" versions of many quite distinct mathematical disciplines. We now have quantized versions of ergodic theory, the non-commutative geometry of Alain Connes, the non-commutative probability theory of Dan Voiculescu, and the remarkable interactions of operator algebras, knot theory, low dimensional topology, and conformal quantum field theory in large part pioneered by Vaughan Jones. Effros, Popa and Takesaki have been actively involved in working on the frontier of some of these exciting new areas of mathematics. ***</AbstractNarration>
    <MinAmdLetterDate>03/02/1995</MinAmdLetterDate>
    <MaxAmdLetterDate>06/18/1997</MaxAmdLetterDate>
    <ARRAAmount/>
    <AwardID>9500882</AwardID>
    <Investigator>
      <FirstName>Sorin</FirstName>
      <LastName>Popa</LastName>
      <EmailAddress>popa@math.ucla.edu</EmailAddress>
      <StartDate>03/02/1995</StartDate>
      <EndDate/>
      <RoleCode>Co-Principal Investigator</RoleCode>
    </Investigator>
    <Investigator>
      <FirstName>Edward</FirstName>
      <LastName>Effros</LastName>
      <EmailAddress>ege@math.ucla.edu</EmailAddress>
      <StartDate>03/02/1995</StartDate>
      <EndDate/>
      <RoleCode>Co-Principal Investigator</RoleCode>
    </Investigator>
    <Investigator>
      <FirstName>Masamichi</FirstName>
      <LastName>Takesaki</LastName>
      <EmailAddress>mt@math.ucla.edu</EmailAddress>
      <StartDate>03/02/1995</StartDate>
      <EndDate/>
      <RoleCode>Principal Investigator</RoleCode>
    </Investigator>
    <Institution>
      <Name>University of California-Los Angeles</Name>
      <CityName>LOS ANGELES</CityName>
      <ZipCode>900951406</ZipCode>
      <PhoneNumber>3107940102</PhoneNumber>
      <StreetAddress>10889 Wilshire Boulevard</StreetAddress>
      <CountryName>United States</CountryName>
      <StateName>California</StateName>
      <StateCode>CA</StateCode>
    </Institution>
    <FoaInformation>
      <Code>0000099</Code>
      <Name>Other Applications NEC</Name>
    </FoaInformation>
    <FoaInformation>
      <Code>21</Code>
      <Name>Mathematics</Name>
    </FoaInformation>
    <ProgramElement>
      <Code>1271</Code>
      <Text>COMPUTATIONAL MATHEMATICS</Text>
    </ProgramElement>
    <ProgramElement>
      <Code>1281</Code>
      <Text>ANALYSIS PROGRAM</Text>
    </ProgramElement>
    <ProgramReference>
      <Code>0000</Code>
      <Text>UNASSIGNED</Text>
    </ProgramReference>
    <ProgramReference>
      <Code>9179</Code>
      <Text>GRADUATE INVOLVEMENT</Text>
    </ProgramReference>
    <ProgramReference>
      <Code>OTHR</Code>
      <Text>OTHER RESEARCH OR EDUCATION</Text>
    </ProgramReference>
    <ProgramReference>
      <Code>SMET</Code>
      <Text>SCIENCE, MATH, ENG &amp; TECH EDUCATION</Text>
    </ProgramReference>
  </Award>
</rootTag>
