<?xml version="1.0" encoding="UTF-8"?>

<rootTag>
  <Award>
    <AwardTitle>Synthesis of Cycloalkanoporphyrins and Related Highly Conjugated Systems</AwardTitle>
    <AwardEffectiveDate>06/15/1995</AwardEffectiveDate>
    <AwardExpirationDate>11/30/1998</AwardExpirationDate>
    <AwardAmount>195000</AwardAmount>
    <AwardInstrument>
      <Value>Continuing grant</Value>
    </AwardInstrument>
    <Organization>
      <Code>03090003</Code>
      <Directorate>
        <LongName>Direct For Mathematical &amp; Physical Scien</LongName>
      </Directorate>
      <Division>
        <LongName>Division Of Chemistry</LongName>
      </Division>
    </Organization>
    <ProgramOfficer>
      <SignBlockName>Kenneth M. Doxsee</SignBlockName>
    </ProgramOfficer>
    <AbstractNarration>The focus of this research is the synthesis and origins of the porphyrins from oil shales and petroleum, including porphyrins with five- and six-membered exocyclic rings. In addition, the preparation of N-15 and deuterium labeled porphyrins needed for resonance Raman studies will be carried out. Other porphyrin systems that will be synthesized include porphyrin dimers and novel porphyrin-containing chromophores such as indenoporphyrins, naphth 2,3-b porphyrins, tetranapthoporphyrins, phenanthropor-phyrins, coronenoporphyrins and phenanthrolinoporhyrins. These latter porphyrins will be of particular interest because of their ability to bind metal cations at the external phenanthroline subunit as well as within the central porphyrin cavity. With this award, the Synthetic Organic Program is supporting the research of Dr. Timothy D. Lash of the Department of Chemistry at the Illinois State University. Professor Lash will focus his work on the synthesis of sedimentary cycloalkanoporphyrins, which are geochemical markers that help determine the origins of oil shales and petroleum, and also novel porphyrin-containing chromophores with highly conjugated systems. These later compounds will provide an important new entry into supramolecular porphyrin chemistry.</AbstractNarration>
    <MinAmdLetterDate>06/02/1995</MinAmdLetterDate>
    <MaxAmdLetterDate>03/12/1997</MaxAmdLetterDate>
    <ARRAAmount/>
    <AwardID>9500630</AwardID>
    <Investigator>
      <FirstName>Timothy</FirstName>
      <LastName>Lash</LastName>
      <EmailAddress>tdlash@ilstu.edu</EmailAddress>
      <StartDate>06/02/1995</StartDate>
      <EndDate/>
      <RoleCode>Principal Investigator</RoleCode>
    </Investigator>
    <Institution>
      <Name>Illinois State University</Name>
      <CityName>Normal</CityName>
      <ZipCode>617901000</ZipCode>
      <PhoneNumber>3094382528</PhoneNumber>
      <StreetAddress>100 S Fell Ave</StreetAddress>
      <CountryName>United States</CountryName>
      <StateName>Illinois</StateName>
      <StateCode>IL</StateCode>
    </Institution>
  </Award>
</rootTag>
