<?xml version="1.0" encoding="UTF-8"?>

<rootTag>
  <Award>
    <AwardTitle>Damage Control in Grinding of Ceramics</AwardTitle>
    <AwardEffectiveDate>06/01/1995</AwardEffectiveDate>
    <AwardExpirationDate>11/30/1998</AwardExpirationDate>
    <AwardAmount>135000</AwardAmount>
    <AwardInstrument>
      <Value>Continuing grant</Value>
    </AwardInstrument>
    <Organization>
      <Code>07030000</Code>
      <Directorate>
        <LongName>Directorate For Engineering</LongName>
      </Directorate>
      <Division>
        <LongName>Div Of Civil, Mechanical, &amp; Manufact Inn</LongName>
      </Division>
    </Organization>
    <ProgramOfficer>
      <SignBlockName>Delcie R. Durham</SignBlockName>
    </ProgramOfficer>
    <AbstractNarration>9500223 Zhang Ceramics are hard, wear resistant, high strength materials, and they can maintain these properties at elevated temperatures. This makes them desirable for high performance applications, but ceramics are also brittle, and lose their theoretical load carrying capacity with the presence of cracks. The same properties that make ceramics desirable for high performance applications, also make them very difficult to process, and low productivity ductile regime grinding is the current method used to achieve precision geometry and surfaces. This project will investigate damage control grinding of ceramics, an approach that uses less costly machine tools, can be done at higher material removal rates, with only a small penalty in functional performance of the ceramics. The project goals are: (1) predicting critical grinding depth, crack size and morphology, (2) verification of these predictions by both single grit and grinding experiments, and (3) characterization of the damage control ground surfaces. These results will lead to higher productivity in processing ceramic parts by grinding. As a result, there will be wider use of ceramic components in applications where precision, wear resistance, and high temperature performance are important.</AbstractNarration>
    <MinAmdLetterDate>05/08/1995</MinAmdLetterDate>
    <MaxAmdLetterDate>02/20/1997</MaxAmdLetterDate>
    <ARRAAmount/>
    <AwardID>9500223</AwardID>
    <Investigator>
      <FirstName>Bi</FirstName>
      <LastName>Zhang</LastName>
      <EmailAddress>zhang@engr.uconn.edu</EmailAddress>
      <StartDate>05/08/1995</StartDate>
      <EndDate/>
      <RoleCode>Principal Investigator</RoleCode>
    </Investigator>
    <Investigator>
      <FirstName>Trevor</FirstName>
      <LastName>Howes</LastName>
      <EmailAddress>MARIAH@GRCADM.CGRD.UCONN.EDU</EmailAddress>
      <StartDate>05/08/1995</StartDate>
      <EndDate/>
      <RoleCode>Co-Principal Investigator</RoleCode>
    </Investigator>
    <Institution>
      <Name>University of Connecticut</Name>
      <CityName>Storrs</CityName>
      <ZipCode>062691133</ZipCode>
      <PhoneNumber>8604863622</PhoneNumber>
      <StreetAddress>438 Whitney Road Ext.</StreetAddress>
      <CountryName>United States</CountryName>
      <StateName>Connecticut</StateName>
      <StateCode>CT</StateCode>
    </Institution>
    <FoaInformation>
      <Code>56</Code>
      <Name>Engineering-Mechanical</Name>
    </FoaInformation>
  </Award>
</rootTag>
