<?xml version="1.0" encoding="UTF-8"?>

<rootTag>
  <Award>
    <AwardTitle>Seismological Analysis of the Erzincan and Izmir Earthquakes, US-Turkey Cooperative Research</AwardTitle>
    <AwardEffectiveDate>07/01/1995</AwardEffectiveDate>
    <AwardExpirationDate>06/30/1996</AwardExpirationDate>
    <AwardAmount>4500</AwardAmount>
    <AwardInstrument>
      <Value>Standard Grant</Value>
    </AwardInstrument>
    <Organization>
      <Code>01090000</Code>
      <Directorate>
        <LongName>Office Of The Director</LongName>
      </Directorate>
      <Division>
        <LongName>Office Of Internatl Science &amp;Engineering</LongName>
      </Division>
    </Organization>
    <ProgramOfficer>
      <SignBlockName>Osman Shinaishin</SignBlockName>
    </ProgramOfficer>
    <AbstractNarration>Description: This project supports cooperative activity by Dr. David Brumbaugh, Department of Geology at Northern Arizona University, with Dr. Cemil Gurboz, and Dr. Niyazi Turkelli, both at the Kandilli Observatory and Earthquake research Institute at Bogazici University, Istanbul, Turkey. They will conduct studies on two earthquakes that occurred in Turkey, the Erzincan earthquake of March 1992 (Ms 6.8), and the Izmir earthquake of November 1992 (Ms 6.0). The research will include a thorough analysis of the available data to study the crustal structure, aftershock sequence, and focal parameters for both earthquakes. This analysis is expected to result in a better understanding of the characteristics of deep, non-surface rupturing, strike-slip earthquakes. Scope: This research collaboration involves four trips: an initial visit by Brumbaugh to Turkey, to provide the Turkish colleagues with a crustal model (using VELEST software), and to train them in its use for subsequent crustal modeling and aftershock analysis; one visit by the two Turkish scientists to the US, to transfer to the US team the results of the crustal modeling and to discuss the results of their work; and a final visit to Turkey by Brumbaugh to transfer information, discuss results, and to synthesize the results in a manuscript for publication. All other costs, including living expenses and other research costs during the four trips are to be covered from other sources. This project represents a good collaboration that meets INT objectives in utilizing complementary capabilities and sharing of research costs.</AbstractNarration>
    <MinAmdLetterDate>06/23/1995</MinAmdLetterDate>
    <MaxAmdLetterDate>06/23/1995</MaxAmdLetterDate>
    <ARRAAmount/>
    <AwardID>9500292</AwardID>
    <Investigator>
      <FirstName>David</FirstName>
      <LastName>Brumbaugh</LastName>
      <EmailAddress>david.brumbaugh@nau.edu</EmailAddress>
      <StartDate>06/23/1995</StartDate>
      <EndDate/>
      <RoleCode>Principal Investigator</RoleCode>
    </Investigator>
    <Institution>
      <Name>Northern Arizona University</Name>
      <CityName>Flagstaff</CityName>
      <ZipCode>860110001</ZipCode>
      <PhoneNumber>9285230886</PhoneNumber>
      <StreetAddress>ARD Building #56, Suite 240</StreetAddress>
      <CountryName>United States</CountryName>
      <StateName>Arizona</StateName>
      <StateCode>AZ</StateCode>
    </Institution>
    <FoaInformation>
      <Code>0304000</Code>
      <Name>Disaster &amp; Natural Hazard</Name>
    </FoaInformation>
    <FoaInformation>
      <Code>42</Code>
      <Name>Geological Sciences</Name>
    </FoaInformation>
    <ProgramElement>
      <Code>5976</Code>
      <Text>AFRICA, NEAR EAST, &amp; SO ASIA</Text>
    </ProgramElement>
    <ProgramReference>
      <Code>0000</Code>
      <Text>UNASSIGNED</Text>
    </ProgramReference>
    <ProgramReference>
      <Code>OTHR</Code>
      <Text>OTHER RESEARCH OR EDUCATION</Text>
    </ProgramReference>
  </Award>
</rootTag>
