<?xml version="1.0" encoding="UTF-8"?>

<rootTag>
  <Award>
    <AwardTitle>Mathematical Sciences: Meromorphic Functions</AwardTitle>
    <AwardEffectiveDate>07/01/1995</AwardEffectiveDate>
    <AwardExpirationDate>06/30/1998</AwardExpirationDate>
    <AwardAmount>75000</AwardAmount>
    <AwardInstrument>
      <Value>Standard Grant</Value>
    </AwardInstrument>
    <Organization>
      <Code>03040200</Code>
      <Directorate>
        <LongName>Direct For Mathematical &amp; Physical Scien</LongName>
      </Directorate>
      <Division>
        <LongName>Division Of Mathematical Sciences</LongName>
      </Division>
    </Organization>
    <ProgramOfficer>
      <SignBlockName>Joe W. Jenkins</SignBlockName>
    </ProgramOfficer>
    <AbstractNarration>Eremenko DMS-9500636 Eremenko will continue his study of distribution of values of meromorphic functions and meromorphic curves, using the new methods of potential theory, developed in his previous work. He will concentrate on the following topics: Picard theorems for differential polynomials, extremal cases in the defect relations, and the value distribution for holomorphic curves of finite order. Classical function theory has introduced geometric techniques which have proved to have far wider applicability than first imagined. The subject exploits the interplay between geometric interpretation with powerful analytic techniques to yield some of the most complete mathematical results in the field of analysis.</AbstractNarration>
    <MinAmdLetterDate>05/23/1995</MinAmdLetterDate>
    <MaxAmdLetterDate>05/23/1995</MaxAmdLetterDate>
    <ARRAAmount/>
    <AwardID>9500636</AwardID>
    <Investigator>
      <FirstName>Alexandre</FirstName>
      <LastName>Eremenko</LastName>
      <EmailAddress>eremenko@math.purdue.edu</EmailAddress>
      <StartDate>05/23/1995</StartDate>
      <EndDate/>
      <RoleCode>Principal Investigator</RoleCode>
    </Investigator>
    <Institution>
      <Name>Purdue Research Foundation</Name>
      <CityName>West Lafayette</CityName>
      <ZipCode>47907</ZipCode>
      <PhoneNumber>3174946200</PhoneNumber>
      <StreetAddress/>
      <CountryName>United States</CountryName>
      <StateName>Indiana</StateName>
      <StateCode>IN</StateCode>
    </Institution>
    <FoaInformation>
      <Code>0000099</Code>
      <Name>Other Applications NEC</Name>
    </FoaInformation>
    <FoaInformation>
      <Code>21</Code>
      <Name>Mathematics</Name>
    </FoaInformation>
    <ProgramElement>
      <Code>1281</Code>
      <Text>ANALYSIS PROGRAM</Text>
    </ProgramElement>
    <ProgramReference>
      <Code>0000</Code>
      <Text>UNASSIGNED</Text>
    </ProgramReference>
    <ProgramReference>
      <Code>OTHR</Code>
      <Text>OTHER RESEARCH OR EDUCATION</Text>
    </ProgramReference>
  </Award>
</rootTag>
