<?xml version="1.0" encoding="UTF-8"?>

<rootTag>
  <Award>
    <AwardTitle>Shape and Topology Optimization of Three-Dimensional Shells with Stamping-Bead Stiffeners</AwardTitle>
    <AwardEffectiveDate>07/01/1995</AwardEffectiveDate>
    <AwardExpirationDate>06/30/1998</AwardExpirationDate>
    <AwardAmount>160503</AwardAmount>
    <AwardInstrument>
      <Value>Continuing grant</Value>
    </AwardInstrument>
    <Organization>
      <Code>07030000</Code>
      <Directorate>
        <LongName>Directorate For Engineering</LongName>
      </Directorate>
      <Division>
        <LongName>Div Of Civil, Mechanical, &amp; Manufact Inn</LongName>
      </Division>
    </Organization>
    <ProgramOfficer>
      <SignBlockName>George A. Hazelrigg</SignBlockName>
    </ProgramOfficer>
    <AbstractNarration>9500170 Gea This award provides support for the development of an integrated design tool for optimizing the shape and topology of three-dimensional shells with stamping-bead stiffeners. A novel approach, Multi-material Design Domain Method (MDDM), will be used to model different bead configurations. In conjunction with a Generalized Convex Approximation (GCA), the optimal shape and layout of beads will be obtained. Based on the direction of principal strain, the orientations and configurations of bead design will be precisely identified. To ensure that the final design has the optimal shape and topology, a sizing and shape optimization process will be integrated into this method. Once the proposed methodology is developed, it will benefit our automotive and aerospace industries in three-dimensional shell assembly design. This method will shorten product development time and produce optimal designs with the greatest saving in resource. The concept of this method can also be extended to many other applications and result in a new tool for product design. Consequently, it could lead to products with higher quality and the lower cost being brought to the marketplace more rapidly.</AbstractNarration>
    <MinAmdLetterDate>03/30/1995</MinAmdLetterDate>
    <MaxAmdLetterDate>04/11/1997</MaxAmdLetterDate>
    <ARRAAmount/>
    <AwardID>9500170</AwardID>
    <Investigator>
      <FirstName>Hae Chang</FirstName>
      <LastName>Gea</LastName>
      <EmailAddress>gea@rci.rutgers.edu</EmailAddress>
      <StartDate>03/30/1995</StartDate>
      <EndDate/>
      <RoleCode>Principal Investigator</RoleCode>
    </Investigator>
    <Institution>
      <Name>Rutgers University New Brunswick</Name>
      <CityName>Piscataway</CityName>
      <ZipCode>088543925</ZipCode>
      <PhoneNumber>8489320150</PhoneNumber>
      <StreetAddress>33 Knightsbridge Road</StreetAddress>
      <CountryName>United States</CountryName>
      <StateName>New Jersey</StateName>
      <StateCode>NJ</StateCode>
    </Institution>
    <FoaInformation>
      <Code>0308000</Code>
      <Name>Industrial Technology</Name>
    </FoaInformation>
    <FoaInformation>
      <Code>56</Code>
      <Name>Engineering-Mechanical</Name>
    </FoaInformation>
    <ProgramElement>
      <Code>1464</Code>
      <Text>ENGINEERING DESIGN AND INNOVAT</Text>
    </ProgramElement>
    <ProgramReference>
      <Code>9148</Code>
      <Text>TOOLS &amp; TECHNOL FOR MANUFACTURING DESIGN</Text>
    </ProgramReference>
    <ProgramReference>
      <Code>MANU</Code>
      <Text>MANUFACTURING</Text>
    </ProgramReference>
  </Award>
</rootTag>
