<?xml version="1.0" encoding="UTF-8"?>

<rootTag>
  <Award>
    <AwardTitle>Edge Detection and Surface Recognition, U.S.-Turkey Collaborative Research</AwardTitle>
    <AwardEffectiveDate>06/15/1995</AwardEffectiveDate>
    <AwardExpirationDate>05/31/1998</AwardExpirationDate>
    <AwardAmount>10000</AwardAmount>
    <AwardInstrument>
      <Value>Standard Grant</Value>
    </AwardInstrument>
    <Organization>
      <Code>01090000</Code>
      <Directorate>
        <LongName>Office Of The Director</LongName>
      </Directorate>
      <Division>
        <LongName>Office Of Internatl Science &amp;Engineering</LongName>
      </Division>
    </Organization>
    <ProgramOfficer>
      <SignBlockName>Osman Shinaishin</SignBlockName>
    </ProgramOfficer>
    <AbstractNarration>Description: This project supports collaboration by Dr. Anil K. Jain, Department of Computer Science, Michigan state University, East Lansing, and Dr. Muhittin Gokmen, Department of Computer Science, Istanbul Technical University, Istanbul, Turkey. The research deals with the area of image representation, edge detection, and surface reconstruction using regularization theory. Regularization is a general framework to solve ill-posed early vision problems. The Lambda-Tau (L-T) representation of images or surfaces obtained by means of regularization provides additional advantages over the scale-space representation which is widely used to solve vision problems. The L-T representation, derived from a hybrid energy functional, samples an image in both scale-space and Sobolev space of continuous functions. Edges and surfaces represented in this space have different levels of smoothness and continuity, controlled by parameters L and T, respectively. The main focus of the research will be on the following topics: the analysis of the L-T representation, and its use in solving early vision problems; the development of a generalized edge detector which can encompass most of the existing edge operators under a unified framework; and reconstruction of surfaces represented in the L-T space. Scope: This project brings together two teams with excellent capabilities in research in the field, and with complementary expertise to collaborate in an important area. Dr. Jain's Pattern Recognition and Image Processing (PRIP) Laboratory at MSU has published extensively on topics dealing with range data, surface reconstruction, and 3-D object recognition. Dr. Gokmen's research group has substantial expertise in regularization theory, edge detection, surface reconstruction and object recognition. The collaboration is expected to be beneficial to the two groups. This project meets the objectives of the Division of International Programs.</AbstractNarration>
    <MinAmdLetterDate>06/09/1995</MinAmdLetterDate>
    <MaxAmdLetterDate>06/09/1995</MaxAmdLetterDate>
    <ARRAAmount/>
    <AwardID>9500652</AwardID>
    <Investigator>
      <FirstName>Anil</FirstName>
      <LastName>Jain</LastName>
      <EmailAddress>jain@cse.msu.edu</EmailAddress>
      <StartDate>06/09/1995</StartDate>
      <EndDate/>
      <RoleCode>Principal Investigator</RoleCode>
    </Investigator>
    <Institution>
      <Name>Michigan State University</Name>
      <CityName>East Lansing</CityName>
      <ZipCode>488242600</ZipCode>
      <PhoneNumber>5173555040</PhoneNumber>
      <StreetAddress>Office of Sponsored Programs</StreetAddress>
      <CountryName>United States</CountryName>
      <StateName>Michigan</StateName>
      <StateCode>MI</StateCode>
    </Institution>
    <FoaInformation>
      <Code>0104000</Code>
      <Name>Information Systems</Name>
    </FoaInformation>
    <FoaInformation>
      <Code>0108000</Code>
      <Name>Software Development</Name>
    </FoaInformation>
    <FoaInformation>
      <Code>31</Code>
      <Name>Computer Science &amp; Engineering</Name>
    </FoaInformation>
    <ProgramElement>
      <Code>5976</Code>
      <Text>AFRICA, NEAR EAST, &amp; SO ASIA</Text>
    </ProgramElement>
    <ProgramReference>
      <Code>0000</Code>
      <Text>UNASSIGNED</Text>
    </ProgramReference>
    <ProgramReference>
      <Code>OTHR</Code>
      <Text>OTHER RESEARCH OR EDUCATION</Text>
    </ProgramReference>
  </Award>
</rootTag>
