<?xml version="1.0" encoding="UTF-8"?>

<rootTag>
  <Award>
    <AwardTitle>Engineering Research Equipment: Data Acquisition, Sensing &amp; Control</AwardTitle>
    <AwardEffectiveDate>03/01/1995</AwardEffectiveDate>
    <AwardExpirationDate>02/28/1997</AwardExpirationDate>
    <AwardAmount>30238</AwardAmount>
    <AwardInstrument>
      <Value>Standard Grant</Value>
    </AwardInstrument>
    <Organization>
      <Code>07030000</Code>
      <Directorate>
        <LongName>Directorate For Engineering</LongName>
      </Directorate>
      <Division>
        <LongName>Div Of Civil, Mechanical, &amp; Manufact Inn</LongName>
      </Division>
    </Organization>
    <ProgramOfficer>
      <SignBlockName>Shih-Chi Liu</SignBlockName>
    </ProgramOfficer>
    <AbstractNarration>9500301 Spencer This project is to purchase a data acquisition and analysis system which will be dedicated to inter-disciplinary research in engineering. The equipment will be used to support ongoing NSF sponsored research efforts on active, semi-active and hybrid control of structures for earthquake hazard mitigation. The data acquisition system will allow for accurate determination of mathematical models (both linear and/or nonlinear) from which appropriate control strategies can be developed. Such models are essential, since many of the most promising control devices are intrinsically nonlinear and hysteretic. This equipment is expected to accelerate development of control devices/strategies that are implementable in full-scale structures and to allow prescribed modelling uncertainties and errors to be introduced to asses the robustness and performance of the controlled structure. ***</AbstractNarration>
    <MinAmdLetterDate>02/21/1995</MinAmdLetterDate>
    <MaxAmdLetterDate>02/21/1995</MaxAmdLetterDate>
    <ARRAAmount/>
    <AwardID>9500301</AwardID>
    <Investigator>
      <FirstName>Nicos</FirstName>
      <LastName>Makris</LastName>
      <EmailAddress>makris@ce.berkeley.edu</EmailAddress>
      <StartDate>02/21/1995</StartDate>
      <EndDate/>
      <RoleCode>Co-Principal Investigator</RoleCode>
    </Investigator>
    <Investigator>
      <FirstName>Billie</FirstName>
      <LastName>Spencer</LastName>
      <EmailAddress>bfs@illinois.edu</EmailAddress>
      <StartDate>02/21/1995</StartDate>
      <EndDate/>
      <RoleCode>Principal Investigator</RoleCode>
    </Investigator>
    <Investigator>
      <FirstName>Michael</FirstName>
      <LastName>Sain</LastName>
      <EmailAddress>sain.1@nd.edu</EmailAddress>
      <StartDate>02/21/1995</StartDate>
      <EndDate/>
      <RoleCode>Co-Principal Investigator</RoleCode>
    </Investigator>
    <Investigator>
      <FirstName>Ahsan</FirstName>
      <LastName>Kareem</LastName>
      <EmailAddress>kareem@nd.edu</EmailAddress>
      <StartDate>02/21/1995</StartDate>
      <EndDate/>
      <RoleCode>Co-Principal Investigator</RoleCode>
    </Investigator>
    <Institution>
      <Name>University of Notre Dame</Name>
      <CityName>NOTRE DAME</CityName>
      <ZipCode>465565708</ZipCode>
      <PhoneNumber>5746317432</PhoneNumber>
      <StreetAddress>940 Grace Hall</StreetAddress>
      <CountryName>United States</CountryName>
      <StateName>Indiana</StateName>
      <StateCode>IN</StateCode>
    </Institution>
    <FoaInformation>
      <Code>0304010</Code>
      <Name>Earthquake</Name>
    </FoaInformation>
    <FoaInformation>
      <Code>0304000</Code>
      <Name>Disaster &amp; Natural Hazard</Name>
    </FoaInformation>
  </Award>
</rootTag>
