<?xml version="1.0" encoding="UTF-8"?>

<rootTag>
  <Award>
    <AwardTitle>Theoretical Foundations of Mechanical Tolerancing</AwardTitle>
    <AwardEffectiveDate>07/01/1995</AwardEffectiveDate>
    <AwardExpirationDate>06/30/1999</AwardExpirationDate>
    <AwardAmount>225000</AwardAmount>
    <AwardInstrument>
      <Value>Continuing grant</Value>
    </AwardInstrument>
    <Organization>
      <Code>07030000</Code>
      <Directorate>
        <LongName>Directorate For Engineering</LongName>
      </Directorate>
      <Division>
        <LongName>Div Of Civil, Mechanical, &amp; Manufact Inn</LongName>
      </Division>
    </Organization>
    <ProgramOfficer>
      <SignBlockName>George A. Hazelrigg</SignBlockName>
    </ProgramOfficer>
    <AbstractNarration>9500140 Bisgaard This grant provides funding to develop a theoretical foundation for the tolerancing of mechanical and electro-mechanical products. This foundation will be based on modern statistical theory and decision theory. It will provide a framework that unifies technical as well as economic aspects of the problem. Specifically the approach will take into account the inherent variability in maunfactured products coming from raw materials, maufacturing processes and measurement errors. In addition it will incorporate information about the cost of functional losses coming from deviating from target specifications, manufacturing, and inspection. It will integrate several previous attempts to provide a foundation, including that of the Japanese engineer Dr. Taguchi. The research plan is to build up a unified theory starting with simple problems and increase the complexity as the ideas are tested on practical applications in collaboration with industry. If successful, this research will lead to a more concise language for engineering communication of tolerance information that will avoid current ambiguities; the economic design, manufacturing, and us of products that perform the desired function in a safe, reliable, and predictable manner depend on clear and unambiguous tolerance information. Moreover, the successful completion of this research will provide engineers with scientific and mathematical tools not currently available for the design and evaluation of the performance of tolerances. The current trend toward computerization of engineering information and in particular the use of computer aided design (CAD) and computer aided manufacturing (CAM) tools necessitate a theoretical and mathematical foundation. If this research is successful many problems with current CAD/CAM tools will be alleviated.</AbstractNarration>
    <MinAmdLetterDate>06/14/1995</MinAmdLetterDate>
    <MaxAmdLetterDate>04/21/1997</MaxAmdLetterDate>
    <ARRAAmount/>
    <AwardID>9500140</AwardID>
    <Investigator>
      <FirstName>Soren</FirstName>
      <LastName>Bisgaard</LastName>
      <EmailAddress>bisgaard@som.umass.edu</EmailAddress>
      <StartDate>06/14/1995</StartDate>
      <EndDate/>
      <RoleCode>Principal Investigator</RoleCode>
    </Investigator>
    <Investigator>
      <FirstName>Spencer</FirstName>
      <LastName>Graves</LastName>
      <EmailAddress>sgraves@prodsyse.com</EmailAddress>
      <StartDate>06/14/1995</StartDate>
      <EndDate/>
      <RoleCode>Co-Principal Investigator</RoleCode>
    </Investigator>
    <Institution>
      <Name>University of Wisconsin-Madison</Name>
      <CityName>MADISON</CityName>
      <ZipCode>537151218</ZipCode>
      <PhoneNumber>6082623822</PhoneNumber>
      <StreetAddress>21 North Park Street</StreetAddress>
      <CountryName>United States</CountryName>
      <StateName>Wisconsin</StateName>
      <StateCode>WI</StateCode>
    </Institution>
    <FoaInformation>
      <Code>0308000</Code>
      <Name>Industrial Technology</Name>
    </FoaInformation>
    <FoaInformation>
      <Code>59</Code>
      <Name>Engineering NEC</Name>
    </FoaInformation>
    <ProgramElement>
      <Code>1464</Code>
      <Text>ENGINEERING DESIGN AND INNOVAT</Text>
    </ProgramElement>
    <ProgramReference>
      <Code>9148</Code>
      <Text>TOOLS &amp; TECHNOL FOR MANUFACTURING DESIGN</Text>
    </ProgramReference>
    <ProgramReference>
      <Code>MANU</Code>
      <Text>MANUFACTURING</Text>
    </ProgramReference>
  </Award>
</rootTag>
