<?xml version="1.0" encoding="UTF-8"?>

<rootTag>
  <Award>
    <AwardTitle>Mathematical Sciences: Singular Control in Mathematical Finance and Related Problems</AwardTitle>
    <AwardEffectiveDate>07/01/1995</AwardEffectiveDate>
    <AwardExpirationDate>06/30/1998</AwardExpirationDate>
    <AwardAmount>89946</AwardAmount>
    <AwardInstrument>
      <Value>Continuing grant</Value>
    </AwardInstrument>
    <Organization>
      <Code>03040100</Code>
      <Directorate>
        <LongName>Direct For Mathematical &amp; Physical Scien</LongName>
      </Directorate>
      <Division>
        <LongName>Division Of Mathematical Sciences</LongName>
      </Division>
    </Organization>
    <ProgramOfficer>
      <SignBlockName>Deborah Lockhart</SignBlockName>
    </ProgramOfficer>
    <AbstractNarration>DMS-9500626 Shreve A singular stochastic control problem arises in finance when the presence of transaction costs makes constant portfolio adjustment prohibitively expensive. It is proposed to examine such problems using viscosity solution analysis of the relevant Hamilton-Jacobi- Bellman equation. Particular interest will be paid to sensitivity of value functions and trading strategies to small transaction costs. It is also proposed to develop non-Markov methods for such problems, along the lines of duality and martingale methods used to handle other types of market incompleteness. The celebrated Black-Scholes formula for option pricing assumes that trading can be done without transactions costs, and the hedging portfolio constructed by this formula constantly adjusts the amount of stock held. When a non-zero transaction cost is introduced to the Black-Scholes model, the hedging portfolio for an option become practically useless. It is proposed to construct alternate continuous- time models which incorporate the presence of transaction costs, and to determine how the size of transaction costs influence option prices and hedging portfolios in these models.</AbstractNarration>
    <MinAmdLetterDate>06/30/1995</MinAmdLetterDate>
    <MaxAmdLetterDate>05/09/1997</MaxAmdLetterDate>
    <ARRAAmount/>
    <AwardID>9500626</AwardID>
    <Investigator>
      <FirstName>Steven</FirstName>
      <LastName>Shreve</LastName>
      <EmailAddress>shreve@andrew.cmu.edu</EmailAddress>
      <StartDate>06/30/1995</StartDate>
      <EndDate/>
      <RoleCode>Principal Investigator</RoleCode>
    </Investigator>
    <Institution>
      <Name>Carnegie-Mellon University</Name>
      <CityName>PITTSBURGH</CityName>
      <ZipCode>152133815</ZipCode>
      <PhoneNumber>4122689527</PhoneNumber>
      <StreetAddress>5000 Forbes Avenue</StreetAddress>
      <CountryName>United States</CountryName>
      <StateName>Pennsylvania</StateName>
      <StateCode>PA</StateCode>
    </Institution>
    <FoaInformation>
      <Code>0000099</Code>
      <Name>Other Applications NEC</Name>
    </FoaInformation>
  </Award>
</rootTag>
