<?xml version="1.0" encoding="UTF-8"?>

<rootTag>
  <Award>
    <AwardTitle>Large-Scale Constrained Optimization</AwardTitle>
    <AwardEffectiveDate>09/15/1995</AwardEffectiveDate>
    <AwardExpirationDate>08/31/1998</AwardExpirationDate>
    <AwardAmount>300000</AwardAmount>
    <AwardInstrument>
      <Value>Continuing grant</Value>
    </AwardInstrument>
    <Organization>
      <Code>07030000</Code>
      <Directorate>
        <LongName>Directorate For Engineering</LongName>
      </Directorate>
      <Division>
        <LongName>Div Of Civil, Mechanical, &amp; Manufact Inn</LongName>
      </Division>
    </Organization>
    <ProgramOfficer>
      <SignBlockName>Lawrence M. Seiford</SignBlockName>
    </ProgramOfficer>
    <AbstractNarration>9424639 Murray The objective of this research is to develop, study, and implement algorithms for solving large-scale, nonlinear optimization problems. A large-scale optimization problem is characterized by a large number of variables and constraints. Two solution approaches form the focus of the research. These approaches are respectively, the interior point (barrier) method and the sequential quadratic programming (SQP) method. The interest in the interior point method stems from their success on linear programming problems, and some interesting properties that may be of value when certain difficult constraints are encountered. The interior point method can be used to eliminate constraints on the eigenvalues of a matrix. On the other hand, interest on the use of SQP is prompted by the success of the approach on small and medium-sized problems, and the experiences of the investigators on the performance of the technique on two classes of large, practical problems that differ substantially in character. If successful with these approaches, the developed algorithms will be coded into a software to facilitate their applications by practitioners. These are several engineering, manufacturing, scientific, and business problems that can be described by large-scale nonlinear optimization models. To date, finding a general solution algorithm to large scale optimization community. If successful, the algorithms being investigated in this research could open the window to a better understanding of this class of optimization problems. Many problems in various areas of human endeavor stand to benefit from the results of this work.</AbstractNarration>
    <MinAmdLetterDate>08/30/1995</MinAmdLetterDate>
    <MaxAmdLetterDate>06/10/1997</MaxAmdLetterDate>
    <ARRAAmount/>
    <AwardID>9500668</AwardID>
    <Investigator>
      <FirstName>Walter</FirstName>
      <LastName>Murray</LastName>
      <EmailAddress>walter@stanford.edu</EmailAddress>
      <StartDate>08/30/1995</StartDate>
      <EndDate/>
      <RoleCode>Principal Investigator</RoleCode>
    </Investigator>
    <Investigator>
      <FirstName>Michael</FirstName>
      <LastName>Saunders</LastName>
      <EmailAddress>saunders@stanford.edu</EmailAddress>
      <StartDate>08/30/1995</StartDate>
      <EndDate/>
      <RoleCode>Co-Principal Investigator</RoleCode>
    </Investigator>
    <Institution>
      <Name>Stanford University</Name>
      <CityName>Palo Alto</CityName>
      <ZipCode>943041212</ZipCode>
      <PhoneNumber>6507232300</PhoneNumber>
      <StreetAddress>3160 Porter Drive</StreetAddress>
      <CountryName>United States</CountryName>
      <StateName>California</StateName>
      <StateCode>CA</StateCode>
    </Institution>
    <FoaInformation>
      <Code>0308000</Code>
      <Name>Industrial Technology</Name>
    </FoaInformation>
  </Award>
</rootTag>
