<?xml version="1.0" encoding="UTF-8"?>

<rootTag>
  <Award>
    <AwardTitle>Dissertation Research: The Negotiation of Fertility Decision Decision-making in Nigeria</AwardTitle>
    <AwardEffectiveDate>08/01/1995</AwardEffectiveDate>
    <AwardExpirationDate>07/31/1997</AwardExpirationDate>
    <AwardAmount>4460</AwardAmount>
    <AwardInstrument>
      <Value>Standard Grant</Value>
    </AwardInstrument>
    <Organization>
      <Code>04040400</Code>
      <Directorate>
        <LongName>Direct For Social, Behav &amp; Economic Scie</LongName>
      </Directorate>
      <Division>
        <LongName>Division Of Behavioral and Cognitive Sci</LongName>
      </Division>
    </Organization>
    <ProgramOfficer>
      <SignBlockName>Stuart Plattner</SignBlockName>
    </ProgramOfficer>
    <AbstractNarration>This project supports the dissertation research of a student from Emory University. The project involves an ethnographic study of fertility decision making in sub-Saharan Africa. The main objective is to understand the complex processes of how men and women decide to have children. The role of men in family planning has been largely overlooked in programs promoting contraception. This research will test the hypothesis that men play an important role in reproductive decision-making, part of a complex calculation and negotiation between actors carried out under the constraints within which they live. Through structured and semi-structured interviews, individual case studies and intensive observation of family planning program implementation, they study will explore the nature of human decisions about fertility. This research is important because it will advance the nation's expertise about this important region of the world, as well as improve our understanding of the fundamental causes of population growth in this area. Africa is a region of intense poverty and high population growth, and advances in our understanding of the causes of variations in fertility among particular populations will be of immense utility in designing programs to improve the balance between population and resources.</AbstractNarration>
    <MinAmdLetterDate>07/31/1995</MinAmdLetterDate>
    <MaxAmdLetterDate>07/31/1995</MaxAmdLetterDate>
    <ARRAAmount/>
    <AwardID>9500602</AwardID>
    <Investigator>
      <FirstName>Peter</FirstName>
      <LastName>Brown</LastName>
      <EmailAddress>antpjb@emory.edu</EmailAddress>
      <StartDate>07/31/1995</StartDate>
      <EndDate/>
      <RoleCode>Principal Investigator</RoleCode>
    </Investigator>
    <Institution>
      <Name>Emory University</Name>
      <CityName>Atlanta</CityName>
      <ZipCode>303224250</ZipCode>
      <PhoneNumber>4047272503</PhoneNumber>
      <StreetAddress>1599 Clifton Rd NE, 4th Floor</StreetAddress>
      <CountryName>United States</CountryName>
      <StateName>Georgia</StateName>
      <StateCode>GA</StateCode>
    </Institution>
    <FoaInformation>
      <Code>0116000</Code>
      <Name>Human Subjects</Name>
    </FoaInformation>
  </Award>
</rootTag>
