<?xml version="1.0" encoding="UTF-8"?>

<rootTag>
  <Award>
    <AwardTitle>CISE Research Infrastructure: A Laboratory for Scalable Systems</AwardTitle>
    <AwardEffectiveDate>08/01/1995</AwardEffectiveDate>
    <AwardExpirationDate>01/31/2001</AwardExpirationDate>
    <AwardAmount>1009995</AwardAmount>
    <AwardInstrument>
      <Value>Continuing grant</Value>
    </AwardInstrument>
    <Organization>
      <Code>05060100</Code>
      <Directorate>
        <LongName>Direct For Computer &amp; Info Scie &amp; Enginr</LongName>
      </Directorate>
      <Division>
        <LongName>DIVISION OF EXPERIMENTAL &amp; INTEG ACTIVIT</LongName>
      </Division>
    </Organization>
    <ProgramOfficer>
      <SignBlockName>Rita V. Rodriguez</SignBlockName>
    </ProgramOfficer>
    <AbstractNarration>9500991 Myers This award provides support for the research infrastructure necessary to investigate the viability of building scalable systems from commodity components. Hardware components will include workstations and ATM switches. Research topics to be conducted include the design of an operating systems that scales with processor performance; and the design, implementation and experimentation of five different scalable systems: DNA Assembly Server, Scalable Storage Server, Cluster-C* applied to remote sensing, a general computing environment based on an efficient fine-grain parallelism on multiple processors, and a parallel simulator.</AbstractNarration>
    <MinAmdLetterDate>07/24/1995</MinAmdLetterDate>
    <MaxAmdLetterDate>05/27/1999</MaxAmdLetterDate>
    <ARRAAmount/>
    <AwardID>9500991</AwardID>
    <Investigator>
      <FirstName>Eugene</FirstName>
      <LastName>Myers</LastName>
      <EmailAddress>gene@cs.arizona.edu</EmailAddress>
      <StartDate>07/24/1995</StartDate>
      <EndDate>09/09/1998</EndDate>
      <RoleCode>Former Principal Investigator</RoleCode>
    </Investigator>
    <Investigator>
      <FirstName>Richard</FirstName>
      <LastName>Schlichting</LastName>
      <EmailAddress>rick@cs.arizona.edu</EmailAddress>
      <StartDate>09/09/1998</StartDate>
      <EndDate/>
      <RoleCode>Principal Investigator</RoleCode>
    </Investigator>
    <Investigator>
      <FirstName>Larry</FirstName>
      <LastName>Peterson</LastName>
      <EmailAddress>pete.larry@gmail.com</EmailAddress>
      <StartDate>07/24/1995</StartDate>
      <EndDate>09/09/1998</EndDate>
      <RoleCode>Former Co-Principal Investigator</RoleCode>
    </Investigator>
    <Institution>
      <Name>University of Arizona</Name>
      <CityName>Tucson</CityName>
      <ZipCode>857194824</ZipCode>
      <PhoneNumber>5206266000</PhoneNumber>
      <StreetAddress>888 N Euclid Ave</StreetAddress>
      <CountryName>United States</CountryName>
      <StateName>Arizona</StateName>
      <StateCode>AZ</StateCode>
    </Institution>
    <FoaInformation>
      <Code>0000099</Code>
      <Name>Other Applications NEC</Name>
    </FoaInformation>
    <FoaInformation>
      <Code>31</Code>
      <Name>Computer Science &amp; Engineering</Name>
    </FoaInformation>
    <ProgramElement>
      <Code>2885</Code>
      <Text>CISE RESEARCH INFRASTRUCTURE</Text>
    </ProgramElement>
    <ProgramReference>
      <Code>9218</Code>
      <Text>BASIC RESEARCH &amp; HUMAN RESORCS</Text>
    </ProgramReference>
    <ProgramReference>
      <Code>9251</Code>
      <Text>RES EXPER FOR UNDERGRAD-SUPPLT</Text>
    </ProgramReference>
    <ProgramReference>
      <Code>HPCC</Code>
      <Text>HIGH PERFORMANCE COMPUTING &amp; COMM</Text>
    </ProgramReference>
  </Award>
</rootTag>
