<?xml version="1.0" encoding="UTF-8"?>

<rootTag>
  <Award>
    <AwardTitle>Engineering Research Equipment: Demonstration of Microvalve Operation for Polymer Brush Lined Membranes</AwardTitle>
    <AwardEffectiveDate>08/01/1995</AwardEffectiveDate>
    <AwardExpirationDate>07/31/1996</AwardExpirationDate>
    <AwardAmount>9333</AwardAmount>
    <AwardInstrument>
      <Value>Standard Grant</Value>
    </AwardInstrument>
    <Organization>
      <Code>07020000</Code>
      <Directorate>
        <LongName>Directorate For Engineering</LongName>
      </Directorate>
      <Division>
        <LongName>Div Of Chem, Bioeng, Env, &amp; Transp Sys</LongName>
      </Division>
    </Organization>
    <ProgramOfficer>
      <SignBlockName>VIJAY T JOHN</SignBlockName>
    </ProgramOfficer>
    <AbstractNarration>CTS-9500413 Edith M. Sevick University of Colorado - Boulder A device will be developed to measure the pressure drop and volumetric flow rate through membranes. The equipment includes a pump, flow meter, computer and data acquisition software and other peripherals. The equipment will be used to investigate the shear response characteristics of porous membranes coated with an absorbed layer of polymer. The polymer brush may lead to a new type of microvalve that will allow flow control without mechanical parts or feedback loops. The effects of polymer characteristics and pore size distribution will be studied. The device may find applications in filtration and other separation techniques, as well as biomedical devices.</AbstractNarration>
    <MinAmdLetterDate>07/19/1995</MinAmdLetterDate>
    <MaxAmdLetterDate>07/19/1995</MaxAmdLetterDate>
    <ARRAAmount/>
    <AwardID>9500413</AwardID>
    <Investigator>
      <FirstName>Edith</FirstName>
      <LastName>Sevick</LastName>
      <EmailAddress>sevick@escarides.colorado.edu</EmailAddress>
      <StartDate>07/19/1995</StartDate>
      <EndDate/>
      <RoleCode>Principal Investigator</RoleCode>
    </Investigator>
    <Institution>
      <Name>University of Colorado at Boulder</Name>
      <CityName>Boulder</CityName>
      <ZipCode>803031058</ZipCode>
      <PhoneNumber>3034926221</PhoneNumber>
      <StreetAddress>3100 Marine Street, Room 481</StreetAddress>
      <CountryName>United States</CountryName>
      <StateName>Colorado</StateName>
      <StateCode>CO</StateCode>
    </Institution>
    <FoaInformation>
      <Code>0308000</Code>
      <Name>Industrial Technology</Name>
    </FoaInformation>
    <FoaInformation>
      <Code>53</Code>
      <Name>Engineering-Chemical</Name>
    </FoaInformation>
    <ProgramElement>
      <Code>1417</Code>
      <Text>CHEMICAL &amp; BIOLOGICAL SEPAR</Text>
    </ProgramElement>
    <ProgramReference>
      <Code>1038</Code>
      <Text>ASSESSMENT TECHNOLOGIES</Text>
    </ProgramReference>
    <ProgramReference>
      <Code>9161</Code>
      <Text>SINGLE DIVISION/UNIVERSITY</Text>
    </ProgramReference>
    <ProgramReference>
      <Code>9231</Code>
      <Text>SUPPL FOR UNDERGRAD RES ASSIST</Text>
    </ProgramReference>
    <ProgramReference>
      <Code>AMPP</Code>
      <Text>ADVANCED MATERIALS &amp; PROCESSING PROGRAM</Text>
    </ProgramReference>
    <ProgramReference>
      <Code>CVIS</Code>
      <Text>CIVIL INFRASTRUCTURE</Text>
    </ProgramReference>
  </Award>
</rootTag>
