<?xml version="1.0" encoding="UTF-8"?>

<rootTag>
  <Award>
    <AwardTitle>Electronic Structure and Properties of Metallic Alloys</AwardTitle>
    <AwardEffectiveDate>09/01/1995</AwardEffectiveDate>
    <AwardExpirationDate>04/30/2000</AwardExpirationDate>
    <AwardAmount>227050</AwardAmount>
    <AwardInstrument>
      <Value>Continuing grant</Value>
    </AwardInstrument>
    <Organization>
      <Code>03070004</Code>
      <Directorate>
        <LongName>Direct For Mathematical &amp; Physical Scien</LongName>
      </Directorate>
      <Division>
        <LongName>Division Of Materials Research</LongName>
      </Division>
    </Organization>
    <ProgramOfficer>
      <SignBlockName>K. Linga (KL) Murty</SignBlockName>
    </ProgramOfficer>
    <AbstractNarration>The electronic structure and properties of metallic alloys are explored using a combination of experimental probes and sophisticated theoretical and calculational schemes in order to gain new insights into the electronic origin of complex properties of metallic alloys. Problems to be addressed include order-disorder transitions, the effects of constitutional vacancies anti-site defects, size effects, core level shifts and charge redistribution on alloying, and thermally induced magnetic transitions. Several alloys will be examined including Cu-Au, Cu-Pd, Ni-Al, Fe-Rh and Fe-Ni. Principal experimental techniques to be used are ultra-violet and x-ray photoelectron spectroscopies using facilities on-site and at laboratories with synchrotron radiation sources (e.g., at the NSLS and CAMD). The extensive theoretical and computational program involves national and international collaboration. A number of the properties of the alloys selected for study are controlled by the topology of the Fermi surface and so the proposed program includes the visualization and animation of these su rfaces using computer graphics. %%% In addition to the fascinating intellectual challenges that the research promises, the results have important implications for the design of alloys for specific applications.</AbstractNarration>
    <MinAmdLetterDate>06/20/1995</MinAmdLetterDate>
    <MaxAmdLetterDate>08/25/1999</MaxAmdLetterDate>
    <ARRAAmount/>
    <AwardID>9500654</AwardID>
    <Investigator>
      <FirstName>Shen Li</FirstName>
      <LastName>Qiu</LastName>
      <EmailAddress>qiu@fau.edu</EmailAddress>
      <StartDate>06/20/1995</StartDate>
      <EndDate/>
      <RoleCode>Co-Principal Investigator</RoleCode>
    </Investigator>
    <Investigator>
      <FirstName>Robin</FirstName>
      <LastName>Jordan</LastName>
      <EmailAddress>jordanrg@physics.fau.edu</EmailAddress>
      <StartDate>06/20/1995</StartDate>
      <EndDate/>
      <RoleCode>Principal Investigator</RoleCode>
    </Investigator>
    <Institution>
      <Name>Florida Atlantic University</Name>
      <CityName>BOCA RATON</CityName>
      <ZipCode>334316424</ZipCode>
      <PhoneNumber>5612970777</PhoneNumber>
      <StreetAddress>777 GLADES RD</StreetAddress>
      <CountryName>United States</CountryName>
      <StateName>Florida</StateName>
      <StateCode>FL</StateCode>
    </Institution>
    <FoaInformation>
      <Code>0106000</Code>
      <Name>Materials Research</Name>
    </FoaInformation>
    <FoaInformation>
      <Code>15</Code>
      <Name>Metals, Ceramics &amp; Electronic Materials</Name>
    </FoaInformation>
    <ProgramElement>
      <Code>1710</Code>
      <Text>CONDENSED MATTER PHYSICS</Text>
    </ProgramElement>
    <ProgramElement>
      <Code>1715</Code>
      <Text>METALS, CERAMICS, &amp; ELEC MATRS</Text>
    </ProgramElement>
    <ProgramReference>
      <Code>1761</Code>
      <Text>SOLID STATE PHYSICS</Text>
    </ProgramReference>
    <ProgramReference>
      <Code>1771</Code>
      <Text>METAL &amp; METALLIC NANOSTRUCTURE</Text>
    </ProgramReference>
    <ProgramReference>
      <Code>9161</Code>
      <Text>SINGLE DIVISION/UNIVERSITY</Text>
    </ProgramReference>
    <ProgramReference>
      <Code>9178</Code>
      <Text>UNDERGRADUATE EDUCATION</Text>
    </ProgramReference>
    <ProgramReference>
      <Code>9229</Code>
      <Text>RES IN UNDERGRAD INST-RESEARCH</Text>
    </ProgramReference>
    <ProgramReference>
      <Code>9251</Code>
      <Text>RES EXPER FOR UNDERGRAD-SUPPLT</Text>
    </ProgramReference>
    <ProgramReference>
      <Code>SMET</Code>
      <Text>SCIENCE, MATH, ENG &amp; TECH EDUCATION</Text>
    </ProgramReference>
  </Award>
</rootTag>
