<?xml version="1.0" encoding="UTF-8"?>

<rootTag>
  <Award>
    <AwardTitle>Mathematical Sciences: Cartan's Structure Equations and Geometric Transformations</AwardTitle>
    <AwardEffectiveDate>05/15/1995</AwardEffectiveDate>
    <AwardExpirationDate>04/30/2000</AwardExpirationDate>
    <AwardAmount>61627</AwardAmount>
    <AwardInstrument>
      <Value>Standard Grant</Value>
    </AwardInstrument>
    <Organization>
      <Code>03040200</Code>
      <Directorate>
        <LongName>Direct For Mathematical &amp; Physical Scien</LongName>
      </Directorate>
      <Division>
        <LongName>Division Of Mathematical Sciences</LongName>
      </Division>
    </Organization>
    <ProgramOfficer>
      <SignBlockName>Christopher W. Stark</SignBlockName>
    </ProgramOfficer>
    <AbstractNarration>Mo 9501391 The proposed research aims to develop a general theory of geometric transformations using Lie groups and Cartan's method of moving frames. The motivation comes from the modern study of Sine-Gordon equation and KdV equation on the one hand, and the classical study of Lie on the transformation of surfaces on the other. It has been observed by a number of differential geometers that there is a somewhat mysterious connection between these two apparently disparate fields of study. If successful, the proposed research may result in a geometric theory laying a mathematical foundation for such things as solitary wave (soliton) phenomena.</AbstractNarration>
    <MinAmdLetterDate>02/01/1995</MinAmdLetterDate>
    <MaxAmdLetterDate>03/17/1999</MaxAmdLetterDate>
    <ARRAAmount/>
    <AwardID>9501391</AwardID>
    <Investigator>
      <FirstName>Josef</FirstName>
      <LastName>Dorfmeister</LastName>
      <EmailAddress>dorfmeister@kuhub.cc.ukans.edu</EmailAddress>
      <StartDate>01/28/1998</StartDate>
      <EndDate/>
      <RoleCode>Principal Investigator</RoleCode>
    </Investigator>
    <Investigator>
      <FirstName>Xiaokang</FirstName>
      <LastName>Mo</LastName>
      <EmailAddress/>
      <StartDate>02/01/1995</StartDate>
      <EndDate>01/28/1998</EndDate>
      <RoleCode>Former Principal Investigator</RoleCode>
    </Investigator>
    <Institution>
      <Name>University of Kansas Main Campus</Name>
      <CityName>Lawrence</CityName>
      <ZipCode>660457563</ZipCode>
      <PhoneNumber>7858643441</PhoneNumber>
      <StreetAddress>2385 Irving Hill Road</StreetAddress>
      <CountryName>United States</CountryName>
      <StateName>Kansas</StateName>
      <StateCode>KS</StateCode>
    </Institution>
    <FoaInformation>
      <Code>0000099</Code>
      <Name>Other Applications NEC</Name>
    </FoaInformation>
  </Award>
</rootTag>
