<?xml version="1.0" encoding="UTF-8"?>

<rootTag>
  <Award>
    <AwardTitle>Mathematical Sciences: Ergodic Theory, Differential Dynamicsand Combinatorial Number Theory</AwardTitle>
    <AwardEffectiveDate>07/01/1995</AwardEffectiveDate>
    <AwardExpirationDate>06/30/1999</AwardExpirationDate>
    <AwardAmount>300000</AwardAmount>
    <AwardInstrument>
      <Value>Continuing grant</Value>
    </AwardInstrument>
    <Organization>
      <Code>03040200</Code>
      <Directorate>
        <LongName>Direct For Mathematical &amp; Physical Scien</LongName>
      </Directorate>
      <Division>
        <LongName>Division Of Mathematical Sciences</LongName>
      </Division>
    </Organization>
    <ProgramOfficer>
      <SignBlockName>Joe W. Jenkins</SignBlockName>
    </ProgramOfficer>
    <AbstractNarration>9501383 Ornstein Part of the research involves a completely new approach to stability results of the KAM type. This approach fills the gaps in earlier work on diffeomorphisms of the circle and are optimal. The method gives a new proof of the Moser twist theorem; gives optimal smoothness for invariant curves whose rotation numbers belong to a "good" set of full measure; gives invariant curves for twist maps which are not necessarily close to a rigid twist. The project will involve completing this work and extending to higher dimensions. In other directions the investigators will continue their work on a statistical version of structural stability and applications of ergodic theory to combinatorics and number theory. Some of the research is focused on the question: What can we say about the long-term behavior of a dynamical system, if we have only approximate information about the equations that govern them? This research will focus on two simple examples involving maps of the circle or an annulus. A study will also be made of chaotic systems. Applications of ergodic theory and dynamical systems to combinatorial and number theoretic problems as well as statistics and data compression will be investigated. ***</AbstractNarration>
    <MinAmdLetterDate>04/26/1995</MinAmdLetterDate>
    <MaxAmdLetterDate>06/06/1997</MaxAmdLetterDate>
    <ARRAAmount/>
    <AwardID>9501383</AwardID>
    <Investigator>
      <FirstName>Donald</FirstName>
      <LastName>Ornstein</LastName>
      <EmailAddress>ornstein@math.stanford.edu</EmailAddress>
      <StartDate>04/26/1995</StartDate>
      <EndDate/>
      <RoleCode>Principal Investigator</RoleCode>
    </Investigator>
    <Investigator>
      <FirstName>Yitzhak</FirstName>
      <LastName>Katznelson</LastName>
      <EmailAddress>katznel@math.stanford.edu</EmailAddress>
      <StartDate>04/26/1995</StartDate>
      <EndDate/>
      <RoleCode>Co-Principal Investigator</RoleCode>
    </Investigator>
    <Institution>
      <Name>Stanford University</Name>
      <CityName>Palo Alto</CityName>
      <ZipCode>943041212</ZipCode>
      <PhoneNumber>6507232300</PhoneNumber>
      <StreetAddress>3160 Porter Drive</StreetAddress>
      <CountryName>United States</CountryName>
      <StateName>California</StateName>
      <StateCode>CA</StateCode>
    </Institution>
    <FoaInformation>
      <Code>0000099</Code>
      <Name>Other Applications NEC</Name>
    </FoaInformation>
  </Award>
</rootTag>
