<?xml version="1.0" encoding="UTF-8"?>

<rootTag>
  <Award>
    <AwardTitle>CAREER: Empirical Investigations of Software Inspections</AwardTitle>
    <AwardEffectiveDate>07/01/1995</AwardEffectiveDate>
    <AwardExpirationDate>06/30/1999</AwardExpirationDate>
    <AwardAmount>125283</AwardAmount>
    <AwardInstrument>
      <Value>Standard Grant</Value>
    </AwardInstrument>
    <Organization>
      <Code>05010500</Code>
      <Directorate>
        <LongName>Direct For Computer &amp; Info Scie &amp; Enginr</LongName>
      </Directorate>
      <Division>
        <LongName>Division of Computing and Communication Foundations</LongName>
      </Division>
    </Organization>
    <ProgramOfficer>
      <SignBlockName>Frank D. Anger</SignBlockName>
    </ProgramOfficer>
    <AbstractNarration>This CAREER award supports research and instruction in the empirical evaluation of software inspection methods. Software inspection is a widely used, but very expensive validation process. Initial research has demonstrated that many of the assumptions underlying this process are incorrect and, therefore, this research involves the following three families of experiments. (1) Comparing defect detection techniques. This experiment compares the cost-effectiveness of systematic inspection techniques with that of the standard Ad Hoc and Checklist approaches. Its hypothesis is that systematic inspection techniques are more effective that the nonsystematic ones currently being used. (2) Cost-benefit studies. This experiment is conducted on a live development project to compare the tradeoffs between minimum inspection interval and maximum effectiveness for several different inspection approaches. Its hypothesis is that several recently proposed methods significantly increase interval, but provide only a slight improvement in effectiveness. (3) Inspection entry criteria. This experiment attempts to establish whether or not an artifact's quality affects inspection effectiveness. Its hypothesis is that traditional inspections are not effective for artifacts with very high or very low defect density. This research is also producing materials that enhance both graduate and undergraduate teaching. This includes a 4-week teaching module in which students perform experiments, collect and analyze data, and test hypotheses as part of a graduate software engineering course. An undergraduate software development course is being developed in which all students work together to develop one large-scale application, for real customers with real needs.</AbstractNarration>
    <MinAmdLetterDate>04/03/1995</MinAmdLetterDate>
    <MaxAmdLetterDate>04/03/1995</MaxAmdLetterDate>
    <ARRAAmount/>
    <AwardID>9501354</AwardID>
    <Investigator>
      <FirstName>Adam</FirstName>
      <LastName>Porter</LastName>
      <EmailAddress>aporter@cs.umd.edu</EmailAddress>
      <StartDate>04/03/1995</StartDate>
      <EndDate/>
      <RoleCode>Principal Investigator</RoleCode>
    </Investigator>
    <Institution>
      <Name>University of Maryland College Park</Name>
      <CityName>COLLEGE PARK</CityName>
      <ZipCode>207425141</ZipCode>
      <PhoneNumber>3014056269</PhoneNumber>
      <StreetAddress>3112 LEE BLDG 7809 Regents Drive</StreetAddress>
      <CountryName>United States</CountryName>
      <StateName>Maryland</StateName>
      <StateCode>MD</StateCode>
    </Institution>
    <FoaInformation>
      <Code>0000099</Code>
      <Name>Other Applications NEC</Name>
    </FoaInformation>
    <FoaInformation>
      <Code>31</Code>
      <Name>Computer Science &amp; Engineering</Name>
    </FoaInformation>
    <ProgramElement>
      <Code>2880</Code>
      <Text>SOFTWARE ENGINEERING AND LANGU</Text>
    </ProgramElement>
    <ProgramReference>
      <Code>1045</Code>
      <Text>CAREER: FACULTY EARLY CAR DEV</Text>
    </ProgramReference>
    <ProgramReference>
      <Code>9216</Code>
      <Text>ADVANCED SOFTWARE TECH &amp; ALGOR</Text>
    </ProgramReference>
    <ProgramReference>
      <Code>HPCC</Code>
      <Text>HIGH PERFORMANCE COMPUTING &amp; COMM</Text>
    </ProgramReference>
  </Award>
</rootTag>
