<?xml version="1.0" encoding="UTF-8"?>

<rootTag>
  <Award>
    <AwardTitle>Picosecond Time Resolved X-Ray and Electron Diffraction</AwardTitle>
    <AwardEffectiveDate>08/01/1995</AwardEffectiveDate>
    <AwardExpirationDate>01/31/1999</AwardExpirationDate>
    <AwardAmount>532939</AwardAmount>
    <AwardInstrument>
      <Value>Standard Grant</Value>
    </AwardInstrument>
    <Organization>
      <Code>03090004</Code>
      <Directorate>
        <LongName>Direct For Mathematical &amp; Physical Scien</LongName>
      </Directorate>
      <Division>
        <LongName>Division Of Chemistry</LongName>
      </Division>
    </Organization>
    <ProgramOfficer>
      <SignBlockName>Janice M. Hicks</SignBlockName>
    </ProgramOfficer>
    <AbstractNarration>In this project supported under the Optical Science and Engineering initiative in the Experimental Physical Chemistry Program, Peter Rentzepis of the University of California at Irvine will use picosecond laser based x-ray and electron sources to probe the structures of transients in the liquid and solid phases. Specific problems to be addressed include the mechanism of lattice distortion in metals and semiconductors and studies of energy transfer from hot electrons to the lattice. Time resolved electron diffraction of gas phase species will be used to investigate photodissociation and isomerization processes. These studies will make it possible to identify structures of ultrafast intermediates and metastable ground state species by directly observing bond and angle changes. These techniques will have application in areas such as protein and enzyme kinetics, molecular electronic devices, and the physics of thermal transport in crystal lattices. X-ray and electron diffraction studies have provided a wealth of information concerning molecular structure. Professor Rentzepis will use ultrafast x-ray and electron pulses to probe, in real time, the structural changes caused by optical excitation. Basic phenomena such as melting, crystallization, heat transport, and the transient structures involved in primary events in chemical and biological systems will be studied by means of this new technique.</AbstractNarration>
    <MinAmdLetterDate>06/28/1995</MinAmdLetterDate>
    <MaxAmdLetterDate>06/28/1995</MaxAmdLetterDate>
    <ARRAAmount/>
    <AwardID>9501388</AwardID>
    <Investigator>
      <FirstName>Peter</FirstName>
      <LastName>Rentzepis</LastName>
      <EmailAddress>pmrentze@uci.edu</EmailAddress>
      <StartDate>06/28/1995</StartDate>
      <EndDate/>
      <RoleCode>Principal Investigator</RoleCode>
    </Investigator>
    <Institution>
      <Name>University of California-Irvine</Name>
      <CityName>Irvine</CityName>
      <ZipCode>926173213</ZipCode>
      <PhoneNumber>9498247295</PhoneNumber>
      <StreetAddress>141 Innovation Drive, Ste 250</StreetAddress>
      <CountryName>United States</CountryName>
      <StateName>California</StateName>
      <StateCode>CA</StateCode>
    </Institution>
    <FoaInformation>
      <Code>0106000</Code>
      <Name>Materials Research</Name>
    </FoaInformation>
    <FoaInformation>
      <Code>12</Code>
      <Name>Chemistry</Name>
    </FoaInformation>
    <ProgramElement>
      <Code>1253</Code>
      <Text>OFFICE OF MULTIDISCIPLINARY AC</Text>
    </ProgramElement>
    <ProgramElement>
      <Code>1960</Code>
      <Text>STRUCTURE AND REACTIVITY</Text>
    </ProgramElement>
    <ProgramReference>
      <Code>0000</Code>
      <Text>UNASSIGNED</Text>
    </ProgramReference>
    <ProgramReference>
      <Code>9161</Code>
      <Text>SINGLE DIVISION/UNIVERSITY</Text>
    </ProgramReference>
    <ProgramReference>
      <Code>AMPP</Code>
      <Text>ADVANCED MATERIALS &amp; PROCESSING PROGRAM</Text>
    </ProgramReference>
    <ProgramReference>
      <Code>OSIE</Code>
      <Text>MULTID RSCH IN OPTI SCI &amp; ENGI</Text>
    </ProgramReference>
    <ProgramReference>
      <Code>OTHR</Code>
      <Text>OTHER RESEARCH OR EDUCATION</Text>
    </ProgramReference>
  </Award>
</rootTag>
