<?xml version="1.0" encoding="UTF-8"?>

<rootTag>
  <Award>
    <AwardTitle>Mathematical Sciences: Number Theory and Allied Topics</AwardTitle>
    <AwardEffectiveDate>07/01/1995</AwardEffectiveDate>
    <AwardExpirationDate>06/30/1999</AwardExpirationDate>
    <AwardAmount>160250</AwardAmount>
    <AwardInstrument>
      <Value>Continuing grant</Value>
    </AwardInstrument>
    <Organization>
      <Code>03040300</Code>
      <Directorate>
        <LongName>Direct For Mathematical &amp; Physical Scien</LongName>
      </Directorate>
      <Division>
        <LongName>Division Of Mathematical Sciences</LongName>
      </Division>
    </Organization>
    <ProgramOfficer>
      <SignBlockName>Robert Perlis</SignBlockName>
    </ProgramOfficer>
    <AbstractNarration>9501101: Andrews Abstract. This award supports the research of Professors George Andrews and W. Dale Brownawell in combinatorics, number theory and commutative algebra. One main theme of this research is to develop new methods in q-series and hypergeometric series to further discoveries in the theory of partitions, number theory, representation theory and the applications of random graphs in computer science. A second direction is to study an algorithmic effective Nullstellensatz, isogeny of Drinfeld modules, independence criteria in diophantine rings, and zero estimates for solutions of differential equations. This research is in the general areas of combinatorics and number theory, and also involves the interaction of these areas with commutative algebra and algebraic geometry. Combinatorics attempts to find efficient methods to study how discrete collections of objets can be arranged. The behavior of discrete systems is extremely important to modern communications. For example, the design of large networks, such as those occurring in telephone systems, and the design of algorithms in computer science deal with discrete sets of objects, and this makes use of combinatorial research. Number theory has its historical roots in the study of the whole numbers, addressing such questions as those dealing with the divisibility of one whole number by another. It is among the oldest branches of mathematics and was pursued for many centuries for purely aesthetic reasons. However, within the last half century it has become an indispensable tool in diverse applications in areas such as data transmission and processing, and communication systems.</AbstractNarration>
    <MinAmdLetterDate>06/22/1995</MinAmdLetterDate>
    <MaxAmdLetterDate>12/11/1996</MaxAmdLetterDate>
    <ARRAAmount/>
    <AwardID>9501101</AwardID>
    <Investigator>
      <FirstName>W. Dale</FirstName>
      <LastName>Brownawell</LastName>
      <EmailAddress>wdb@math.psu.edu</EmailAddress>
      <StartDate>06/22/1995</StartDate>
      <EndDate/>
      <RoleCode>Co-Principal Investigator</RoleCode>
    </Investigator>
    <Investigator>
      <FirstName>George</FirstName>
      <LastName>Andrews</LastName>
      <EmailAddress>andrews@math.psu.edu</EmailAddress>
      <StartDate>06/22/1995</StartDate>
      <EndDate/>
      <RoleCode>Principal Investigator</RoleCode>
    </Investigator>
    <Institution>
      <Name>Pennsylvania State Univ University Park</Name>
      <CityName>UNIVERSITY PARK</CityName>
      <ZipCode>168027000</ZipCode>
      <PhoneNumber>8148651372</PhoneNumber>
      <StreetAddress>110 Technology Center Building</StreetAddress>
      <CountryName>United States</CountryName>
      <StateName>Pennsylvania</StateName>
      <StateCode>PA</StateCode>
    </Institution>
    <FoaInformation>
      <Code>21</Code>
      <Name>Mathematics</Name>
    </FoaInformation>
    <FoaInformation>
      <Code>0000099</Code>
      <Name>Other Applications NEC</Name>
    </FoaInformation>
  </Award>
</rootTag>
