<?xml version="1.0" encoding="UTF-8"?>

<rootTag>
  <Award>
    <AwardTitle>Linear and Nonlinear Spin Transport in Random Porous Media</AwardTitle>
    <AwardEffectiveDate>07/15/1995</AwardEffectiveDate>
    <AwardExpirationDate>01/31/2000</AwardExpirationDate>
    <AwardAmount>240000</AwardAmount>
    <AwardInstrument>
      <Value>Continuing grant</Value>
    </AwardInstrument>
    <Organization>
      <Code>03070003</Code>
      <Directorate>
        <LongName>Direct For Mathematical &amp; Physical Scien</LongName>
      </Directorate>
      <Division>
        <LongName>Division Of Materials Research</LongName>
      </Division>
    </Organization>
    <ProgramOfficer>
      <SignBlockName>H. Hollis Wickman</SignBlockName>
    </ProgramOfficer>
    <AbstractNarration>9501171 Candela Nuclear magnetic resonance (NMR) and other techniques will be used to study the propagation of diffusing and dispersing particle and waves in three types of system. The first consists of spin-polarized quantum fluids in random porous media. For example, pure 3He liquid and 3He-4He mixtures in the pores of bead packs and silica aerogel will be polarized by an 8 - 10 T magnetic files and cooled below 10 mK to study the mixture phase diagram, quantum localization effect, and interference and localization of spin waves. The second system is fluids in porous media at room temperature. Pulsed-field-gradient NMR will be used to study the geometric structure of the pore space, and to study trace dispersion in an applied flow over a wide range of Peclet numbers. Finally, nonlinear waves will be studied both in polarized quantum fluids and in a room-temperature water-wave experiment to test the applicability of the inverse spectral transform to physical systems. %%% The objective of this project is to better understand the propagation of particles and waves in complex physical systems that have a random structure. Nuclear magnetic resonance (NMR) will be used to study the motions of molecules in fluids filling the pores of materials like fine powders, silica gels, and natural rock. The studies will take place both at very low temperature, where quantum effects will dominate, and at room temperature, where classical behavior is found. The low temperature studies will test theories relevant to the propagation of electrons in metals and semiconductors. The room temperature work will develop new methods for studying the structure of porous materials, and will test theories concerning the dispersion of tracers by fluid flow. Nonlinear waves will also be studied in a sub-project geared toward engaging undergraduate students in resear ch. ***</AbstractNarration>
    <MinAmdLetterDate>06/29/1995</MinAmdLetterDate>
    <MaxAmdLetterDate>03/19/1999</MaxAmdLetterDate>
    <ARRAAmount/>
    <AwardID>9501171</AwardID>
    <Investigator>
      <FirstName>Donald</FirstName>
      <LastName>Candela</LastName>
      <EmailAddress>candela@physics.umass.edu</EmailAddress>
      <StartDate>06/29/1995</StartDate>
      <EndDate/>
      <RoleCode>Principal Investigator</RoleCode>
    </Investigator>
    <Institution>
      <Name>University of Massachusetts Amherst</Name>
      <CityName>Hadley</CityName>
      <ZipCode>010359450</ZipCode>
      <PhoneNumber>4135450698</PhoneNumber>
      <StreetAddress>Research Administration Building</StreetAddress>
      <CountryName>United States</CountryName>
      <StateName>Massachusetts</StateName>
      <StateCode>MA</StateCode>
    </Institution>
    <FoaInformation>
      <Code>0106000</Code>
      <Name>Materials Research</Name>
    </FoaInformation>
    <FoaInformation>
      <Code>14</Code>
      <Name>Condensed Matter Physics</Name>
    </FoaInformation>
    <ProgramElement>
      <Code>1710</Code>
      <Text>CONDENSED MATTER PHYSICS</Text>
    </ProgramElement>
    <ProgramReference>
      <Code>1764</Code>
      <Text>LOW TEMPERATURE PHYSICS</Text>
    </ProgramReference>
    <ProgramReference>
      <Code>9161</Code>
      <Text>SINGLE DIVISION/UNIVERSITY</Text>
    </ProgramReference>
    <ProgramReference>
      <Code>AMPP</Code>
      <Text>ADVANCED MATERIALS &amp; PROCESSING PROGRAM</Text>
    </ProgramReference>
  </Award>
</rootTag>
