<?xml version="1.0" encoding="UTF-8"?>

<rootTag>
  <Award>
    <AwardTitle>Dynamical Systems with Infinitely Many Degrees of Freedom in Mathematical Physics</AwardTitle>
    <AwardEffectiveDate>07/01/1995</AwardEffectiveDate>
    <AwardExpirationDate>06/30/1998</AwardExpirationDate>
    <AwardAmount>90000</AwardAmount>
    <AwardInstrument>
      <Value>Continuing grant</Value>
    </AwardInstrument>
    <Organization>
      <Code>03040100</Code>
      <Directorate>
        <LongName>Direct For Mathematical &amp; Physical Scien</LongName>
      </Directorate>
      <Division>
        <LongName>Division Of Mathematical Sciences</LongName>
      </Division>
    </Organization>
    <ProgramOfficer>
      <SignBlockName>Deborah Lockhart</SignBlockName>
    </ProgramOfficer>
    <AbstractNarration>9501226 Wayne Professor Wayne's research will focus on a variety of partial differential equations which arise in mathematical physics. He will attempt to use ideas from dynamical systems theory to understand the geometrical structure of the phase space of these systems, and how this structure influences the solutions of these equations. He will study two main classes of equations -- Hamiltonian partial differential equations, and dissipative equations. In the first context, he will be concerned with extending the applications of tools like the Kolmogorov-Arnold-Moser theory which have proven useful in the context of finite dimensional Hamiltonian dynamical systems to this infinite dimensional context and also in understanding the stability of the resulting solutions. In the context of dissipative equations he will apply both invariant manifold theorems and the renormalization group to study the long-time asymptotics of such equations, particularly in cases in which the linearized equation has continuous spectrum. %%% Wayne's research will focus on the behavior of solutions of differential equations which arise in mathematical physics. These equations have solutions which may behave in a very complicated fashion, and Professor Wayne will develop new techniques for understanding their behavior. In simpler examples the key to this understanding has often been the elucidation of certain key geometrical structures related to the solutions of these equations, and Professor Wayne's research will concentrate on discovering whether analogues of these structures exist in the more complicated, infinite dimensional contexts that arise in his applications. The sorts of equations which he will study arise in the propagation of waves on the surface of a fluid, the vibrations of crystals, and chemical reactions. ***</AbstractNarration>
    <MinAmdLetterDate>06/12/1995</MinAmdLetterDate>
    <MaxAmdLetterDate>04/28/1997</MaxAmdLetterDate>
    <ARRAAmount/>
    <AwardID>9501226</AwardID>
    <Investigator>
      <FirstName>Clarence</FirstName>
      <LastName>Wayne</LastName>
      <EmailAddress>cew@math.bu.edu</EmailAddress>
      <StartDate>06/12/1995</StartDate>
      <EndDate/>
      <RoleCode>Principal Investigator</RoleCode>
    </Investigator>
    <Institution>
      <Name>Pennsylvania State Univ University Park</Name>
      <CityName>UNIVERSITY PARK</CityName>
      <ZipCode>168027000</ZipCode>
      <PhoneNumber>8148651372</PhoneNumber>
      <StreetAddress>110 Technology Center Building</StreetAddress>
      <CountryName>United States</CountryName>
      <StateName>Pennsylvania</StateName>
      <StateCode>PA</StateCode>
    </Institution>
    <FoaInformation>
      <Code>0000099</Code>
      <Name>Other Applications NEC</Name>
    </FoaInformation>
    <FoaInformation>
      <Code>21</Code>
      <Name>Mathematics</Name>
    </FoaInformation>
    <ProgramElement>
      <Code>1245</Code>
      <Text>THEORETICAL PHYSICS</Text>
    </ProgramElement>
    <ProgramElement>
      <Code>1253</Code>
      <Text>OFFICE OF MULTIDISCIPLINARY AC</Text>
    </ProgramElement>
    <ProgramElement>
      <Code>1266</Code>
      <Text>APPLIED MATHEMATICS</Text>
    </ProgramElement>
    <ProgramReference>
      <Code>0000</Code>
      <Text>UNASSIGNED</Text>
    </ProgramReference>
    <ProgramReference>
      <Code>1245</Code>
      <Text>THEORETICAL PHYSICS</Text>
    </ProgramReference>
    <ProgramReference>
      <Code>OTHR</Code>
      <Text>OTHER RESEARCH OR EDUCATION</Text>
    </ProgramReference>
  </Award>
</rootTag>
