<?xml version="1.0" encoding="UTF-8"?>

<rootTag>
  <Award>
    <AwardTitle>CAREER: Effects of Chemical Composition and Processing Conditions on Microstructure Evolution and Electromigation Resistance in Metallic Thin Films</AwardTitle>
    <AwardEffectiveDate>07/01/1995</AwardEffectiveDate>
    <AwardExpirationDate>06/30/1999</AwardExpirationDate>
    <AwardAmount>229850</AwardAmount>
    <AwardInstrument>
      <Value>Continuing grant</Value>
    </AwardInstrument>
    <Organization>
      <Code>07010000</Code>
      <Directorate>
        <LongName>Directorate For Engineering</LongName>
      </Directorate>
      <Division>
        <LongName>Div Of Electrical, Commun &amp; Cyber Sys</LongName>
      </Division>
    </Organization>
    <ProgramOfficer>
      <SignBlockName>Usha Varshney</SignBlockName>
    </ProgramOfficer>
    <AbstractNarration>9501111 Maroudas This is a CAREER program with emphasis on both research and teaching in the area concerned with the reliability of metallic thin films used in device interconnections in integrated circuits. The research aspects of the program address the effects of thin-film chemical composition on the evolution of the microstructure and the propagation of damage in the metallic conductor under electric thermal and stress fields involved during thin-film processing and circuit operation. The program involves atomic-scale modeling to predict surface and interfacial thin-film properties and analysis of compositional effects on grain-structure evolution, the dynamics of precipitate formation and void propagation. The educational aspect of the program relies on computational materials science to offer the necessary tools to model the experimental observations and to introduce the results of these studies into graduate-level courses. ***</AbstractNarration>
    <MinAmdLetterDate>06/16/1995</MinAmdLetterDate>
    <MaxAmdLetterDate>04/17/1998</MaxAmdLetterDate>
    <ARRAAmount/>
    <AwardID>9501111</AwardID>
    <Investigator>
      <FirstName>Dimitrios</FirstName>
      <LastName>Maroudas</LastName>
      <EmailAddress>maroudas@ecs.umass.edu</EmailAddress>
      <StartDate>06/16/1995</StartDate>
      <EndDate/>
      <RoleCode>Principal Investigator</RoleCode>
    </Investigator>
    <Institution>
      <Name>University of California-Santa Barbara</Name>
      <CityName>Santa Barbara</CityName>
      <ZipCode>931062050</ZipCode>
      <PhoneNumber>8058934188</PhoneNumber>
      <StreetAddress>Office of Research</StreetAddress>
      <CountryName>United States</CountryName>
      <StateName>California</StateName>
      <StateCode>CA</StateCode>
    </Institution>
    <FoaInformation>
      <Code>0206000</Code>
      <Name>Telecommunications</Name>
    </FoaInformation>
    <FoaInformation>
      <Code>55</Code>
      <Name>Engineering-Electrical</Name>
    </FoaInformation>
    <ProgramElement>
      <Code>1517</Code>
      <Text>ELECT, PHOTONICS, &amp; MAG DEVICE</Text>
    </ProgramElement>
    <ProgramReference>
      <Code>1045</Code>
      <Text>CAREER: FACULTY EARLY CAR DEV</Text>
    </ProgramReference>
    <ProgramReference>
      <Code>9146</Code>
      <Text>MANUFACTURING BASE RESEARCH</Text>
    </ProgramReference>
    <ProgramReference>
      <Code>MANU</Code>
      <Text>MANUFACTURING</Text>
    </ProgramReference>
  </Award>
</rootTag>
