<?xml version="1.0" encoding="UTF-8"?>

<rootTag>
  <Award>
    <AwardTitle>Mathematical Sciences: Classical And Quantum Integrable Systems</AwardTitle>
    <AwardEffectiveDate>07/01/1995</AwardEffectiveDate>
    <AwardExpirationDate>06/30/1999</AwardExpirationDate>
    <AwardAmount>85000</AwardAmount>
    <AwardInstrument>
      <Value>Standard Grant</Value>
    </AwardInstrument>
    <Organization>
      <Code>03040100</Code>
      <Directorate>
        <LongName>Direct For Mathematical &amp; Physical Scien</LongName>
      </Directorate>
      <Division>
        <LongName>Division Of Mathematical Sciences</LongName>
      </Division>
    </Organization>
    <ProgramOfficer>
      <SignBlockName>Deborah Lockhart</SignBlockName>
    </ProgramOfficer>
    <AbstractNarration>DMS-9501233 Sattinger The isospectral flows of a second order energy dependent Schrodinger operator will be investigated. The associated inverse scattering problem cannot be resolved by the Gel'fand-Levitan-Marchenko method; but instead must be treated by solving a Riemann-Hilbert problem on an appropriate Riemann surface. The flows themselves divide into two cases. The two distinct flows have global solutions only when the initial data is restricted to suitable invariant submanifolds. The asymptotic behavior of the solutions will be investigated using the recent methods developed by Deift and Zhou for analyzing long time asymptotics of solutions to Riemann-Hilbert problems. The nature of the break-down of the solutions for inapprmpriate data will be investigated. The Hamiltonian for the three wave interaction contains a cubic interaction term and a kinetic energy term that allows unbounded positive and negative energies, as in quantum electrodynamics. The model thus contains a number of interesting features, including creation and annihilation processes. The model serves as a paradigm for such processes in elementary particle physics. Modern techniques for analyzing nonlinear waves will be applied to models of physical interest. The first model consists of equations approximating waves in fluids. These models allow for singularities to develop, similar to waves breaking in the ocean. An attempt will be made to analyze the structure of the singularities. The second model consists of quantum versions of classical equations that arise in nonlinear optics. The system exhibits processes similar to those in elementary particle interactions, in which particles are created and destroyed.</AbstractNarration>
    <MinAmdLetterDate>06/26/1995</MinAmdLetterDate>
    <MaxAmdLetterDate>06/26/1995</MaxAmdLetterDate>
    <ARRAAmount/>
    <AwardID>9501233</AwardID>
    <Investigator>
      <FirstName>David</FirstName>
      <LastName>Sattinger</LastName>
      <EmailAddress>dhs@math.usu.edu</EmailAddress>
      <StartDate>06/26/1995</StartDate>
      <EndDate/>
      <RoleCode>Principal Investigator</RoleCode>
    </Investigator>
    <Institution>
      <Name>University of Minnesota-Twin Cities</Name>
      <CityName>Minneapolis</CityName>
      <ZipCode>554552070</ZipCode>
      <PhoneNumber>6126245599</PhoneNumber>
      <StreetAddress>200 OAK ST SE</StreetAddress>
      <CountryName>United States</CountryName>
      <StateName>Minnesota</StateName>
      <StateCode>MN</StateCode>
    </Institution>
    <FoaInformation>
      <Code>0000099</Code>
      <Name>Other Applications NEC</Name>
    </FoaInformation>
  </Award>
</rootTag>
