<?xml version="1.0" encoding="UTF-8"?>

<rootTag>
  <Award>
    <AwardTitle>Mathematical Sciences: Low Dimensional Topology</AwardTitle>
    <AwardEffectiveDate>07/15/1995</AwardEffectiveDate>
    <AwardExpirationDate>06/30/2000</AwardExpirationDate>
    <AwardAmount>158616</AwardAmount>
    <AwardInstrument>
      <Value>Continuing grant</Value>
    </AwardInstrument>
    <Organization>
      <Code>03040200</Code>
      <Directorate>
        <LongName>Direct For Mathematical &amp; Physical Scien</LongName>
      </Directorate>
      <Division>
        <LongName>Division Of Mathematical Sciences</LongName>
      </Division>
    </Organization>
    <ProgramOfficer>
      <SignBlockName>Gerard A. Venema</SignBlockName>
    </ProgramOfficer>
    <AbstractNarration>9501105 Freedman Freedman is concerned with a variety of problems in low dimensional geometric topology, investigating in dimension four, constructions leading to surgery and s-cobordism theorems, while attempting to formulate a uniquely 4-dimensional surgery obstruction in the case where the constructions appear to fail. In the theory of hyperbolic 3-manifolds, he studies the ends of non-compact 3-manifolds, using least area laminations and least length webs. A conjecture is that these ends are tame. This would imply the Ahlfors conjecture. The work on 4-manifolds leads to a "classification" of the torsion-free nilpotent quotients of 3-manifold groups. With the addition of a time dimension, the world we live in is a four-dimensional manifold, which makes it that much more intriguing that dimension four is where various anomalies in manifold theory occur. Freedman was one of the prime movers in this theory. For example, in all other dimensions there is only one differentiable structure on n-space, i.e. one way of doing calculus. But in dimension four, there are infinitely many different ways of doing calculus. Freedman's work continues to shed light on these dark corners of manifold theory as well as to explore their significance for mathematical physics. ***</AbstractNarration>
    <MinAmdLetterDate>07/13/1995</MinAmdLetterDate>
    <MaxAmdLetterDate>09/07/1999</MaxAmdLetterDate>
    <ARRAAmount/>
    <AwardID>9501105</AwardID>
    <Investigator>
      <FirstName>Burton</FirstName>
      <LastName>Rodin</LastName>
      <EmailAddress/>
      <StartDate>10/27/1998</StartDate>
      <EndDate>09/07/1999</EndDate>
      <RoleCode>Former Principal Investigator</RoleCode>
    </Investigator>
    <Investigator>
      <FirstName>Peter</FirstName>
      <LastName>Teichner</LastName>
      <EmailAddress>teichner@math.berkeley.edu</EmailAddress>
      <StartDate>09/07/1999</StartDate>
      <EndDate/>
      <RoleCode>Principal Investigator</RoleCode>
    </Investigator>
    <Investigator>
      <FirstName>Michael</FirstName>
      <LastName>Freedman</LastName>
      <EmailAddress>mfreedman@math.ucsb.edu</EmailAddress>
      <StartDate>07/13/1995</StartDate>
      <EndDate>10/27/1998</EndDate>
      <RoleCode>Former Principal Investigator</RoleCode>
    </Investigator>
    <Institution>
      <Name>University of California-San Diego</Name>
      <CityName>La Jolla</CityName>
      <ZipCode>920930934</ZipCode>
      <PhoneNumber>8585344896</PhoneNumber>
      <StreetAddress>Office of Contract &amp; Grant Admin</StreetAddress>
      <CountryName>United States</CountryName>
      <StateName>California</StateName>
      <StateCode>CA</StateCode>
    </Institution>
    <FoaInformation>
      <Code>0000099</Code>
      <Name>Other Applications NEC</Name>
    </FoaInformation>
    <FoaInformation>
      <Code>21</Code>
      <Name>Mathematics</Name>
    </FoaInformation>
    <ProgramElement>
      <Code>1267</Code>
      <Text>TOPOLOGY</Text>
    </ProgramElement>
    <ProgramElement>
      <Code>1271</Code>
      <Text>COMPUTATIONAL MATHEMATICS</Text>
    </ProgramElement>
    <ProgramReference>
      <Code>0000</Code>
      <Text>UNASSIGNED</Text>
    </ProgramReference>
    <ProgramReference>
      <Code>9263</Code>
      <Text>COMPUTATIONAL SCIENCE &amp; ENGING</Text>
    </ProgramReference>
    <ProgramReference>
      <Code>OTHR</Code>
      <Text>OTHER RESEARCH OR EDUCATION</Text>
    </ProgramReference>
  </Award>
</rootTag>
