<?xml version="1.0" encoding="UTF-8"?>

<rootTag>
  <Award>
    <AwardTitle>Mathematical Sciences: Non-convex Energies and Dynamical Metastability</AwardTitle>
    <AwardEffectiveDate>06/01/1995</AwardEffectiveDate>
    <AwardExpirationDate>05/31/1998</AwardExpirationDate>
    <AwardAmount>59804</AwardAmount>
    <AwardInstrument>
      <Value>Standard Grant</Value>
    </AwardInstrument>
    <Organization>
      <Code>03040100</Code>
      <Directorate>
        <LongName>Direct For Mathematical &amp; Physical Scien</LongName>
      </Directorate>
      <Division>
        <LongName>Division Of Mathematical Sciences</LongName>
      </Division>
    </Organization>
    <ProgramOfficer>
      <SignBlockName>Deborah Lockhart</SignBlockName>
    </ProgramOfficer>
    <AbstractNarration>9501060 Grant The principal investigator analyzes mathematical models involving nonconvex energy functionals that incorporate both bulk and gradient effects, in an effort to better understand the nature of dynamical metastability, which typically appears in the form of slow migration of transition structures, such as steep fronts or vortices. Energy methods of the type developed by Bronsard and Kohn have proven successful in establishing the existence of dynamically metastable solutions to the Allen-Cahn equation, the Cahn-Hilliard equation, Cahn-Morral systems, and equations for modeling phase transitions on lattices. The investigator will apply similar techniques to equations in higher-dimensional domains, with multiple state variables, with multiple (or a continuum of) low-energy phases, with gradient energies involving convolutions, or with complex dynamical behavior. %%% In several mathematical models of physical systems (in particular, models from materials science) certain structures have been discovered that eventually undergo significant changes but take an extraordinarily long time to do so. This phenomenon, sometimes called dynamical metastability, is important to identify and understand because macroscopic properties of a material (e.g., brittleness) may depend sensitively on the underlying structure. This project will contribute to this understanding and, therefore, to the development of new materials and the improved use of existing ones. The models exhibiting dynamical metastability are general enough that the results of this project should have implications in other contexts, as well. ***</AbstractNarration>
    <MinAmdLetterDate>05/26/1995</MinAmdLetterDate>
    <MaxAmdLetterDate>05/26/1995</MaxAmdLetterDate>
    <ARRAAmount/>
    <AwardID>9501060</AwardID>
    <Investigator>
      <FirstName>Christopher</FirstName>
      <LastName>Grant</LastName>
      <EmailAddress>grant@math.byu.edu</EmailAddress>
      <StartDate>05/26/1995</StartDate>
      <EndDate/>
      <RoleCode>Principal Investigator</RoleCode>
    </Investigator>
    <Institution>
      <Name>Brigham Young University</Name>
      <CityName>Provo</CityName>
      <ZipCode>846021231</ZipCode>
      <PhoneNumber>8014226177</PhoneNumber>
      <StreetAddress>A-285 ASB</StreetAddress>
      <CountryName>United States</CountryName>
      <StateName>Utah</StateName>
      <StateCode>UT</StateCode>
    </Institution>
    <FoaInformation>
      <Code>0000099</Code>
      <Name>Other Applications NEC</Name>
    </FoaInformation>
    <FoaInformation>
      <Code>21</Code>
      <Name>Mathematics</Name>
    </FoaInformation>
  </Award>
</rootTag>
