<?xml version="1.0" encoding="UTF-8"?>

<rootTag>
  <Award>
    <AwardTitle>Chemistry and Spectroscopy of Excited State Hydrocarbon Free Radicals</AwardTitle>
    <AwardEffectiveDate>05/15/1995</AwardEffectiveDate>
    <AwardExpirationDate>04/30/1999</AwardExpirationDate>
    <AwardAmount>224792</AwardAmount>
    <AwardInstrument>
      <Value>Continuing grant</Value>
    </AwardInstrument>
    <Organization>
      <Code>03090004</Code>
      <Directorate>
        <LongName>Direct For Mathematical &amp; Physical Scien</LongName>
      </Directorate>
      <Division>
        <LongName>Division Of Chemistry</LongName>
      </Division>
    </Organization>
    <ProgramOfficer>
      <SignBlockName>Francis J. Wodarczyk</SignBlockName>
    </ProgramOfficer>
    <AbstractNarration>In this project funded through the Faculty Early Career Development (CAREER) Program of the Chemistry Division, Prof. Andrew Cooksy of the Department of Chemistry of the University of Mississippi will investigate and characterize electronic states of a series of combustion related hydrocarbon chain radicals for which the chemistry is likely to differ substantially from the ground state. The excitation energies of these states, their structures as well as their electron distributions will be determined spectroscopically. The radicals C3H, C4H, HC4H2 and HC3O, as well as the triplet states of H2C3 and H2C4 will be produced continuously in a supersonic free jet by a modified version of pyrolysis sources. Accompanying the research activity is a specified education effort appropriate to the development of a full, balanced, academic career. The study of the properties of combustion related free radicals is important in that it provides data and models for the improvement of combustion processes in internal combustion engines as well as in other power sources.</AbstractNarration>
    <MinAmdLetterDate>03/27/1995</MinAmdLetterDate>
    <MaxAmdLetterDate>02/20/1997</MaxAmdLetterDate>
    <ARRAAmount/>
    <AwardID>9501450</AwardID>
    <Investigator>
      <FirstName>Andrew</FirstName>
      <LastName>Cooksy</LastName>
      <EmailAddress>acooksy@mail.sdsu.edu</EmailAddress>
      <StartDate>03/27/1995</StartDate>
      <EndDate/>
      <RoleCode>Principal Investigator</RoleCode>
    </Investigator>
    <Institution>
      <Name>University of Mississippi</Name>
      <CityName>UNIVERSITY</CityName>
      <ZipCode>386771848</ZipCode>
      <PhoneNumber>6629157482</PhoneNumber>
      <StreetAddress>100 BARR HALL</StreetAddress>
      <CountryName>United States</CountryName>
      <StateName>Mississippi</StateName>
      <StateCode>MS</StateCode>
    </Institution>
    <FoaInformation>
      <Code>0000099</Code>
      <Name>Other Applications NEC</Name>
    </FoaInformation>
    <FoaInformation>
      <Code>12</Code>
      <Name>Chemistry</Name>
    </FoaInformation>
    <ProgramElement>
      <Code>1962</Code>
      <Text>SPECTROSCOPY</Text>
    </ProgramElement>
    <ProgramReference>
      <Code>1045</Code>
      <Text>CAREER: FACULTY EARLY CAR DEV</Text>
    </ProgramReference>
    <ProgramReference>
      <Code>9179</Code>
      <Text>GRADUATE INVOLVEMENT</Text>
    </ProgramReference>
    <ProgramReference>
      <Code>SMET</Code>
      <Text>SCIENCE, MATH, ENG &amp; TECH EDUCATION</Text>
    </ProgramReference>
    <ProgramReference>
      <Code>0000</Code>
      <Text>UNASSIGNED</Text>
    </ProgramReference>
    <ProgramReference>
      <Code>OTHR</Code>
      <Text>OTHER RESEARCH OR EDUCATION</Text>
    </ProgramReference>
  </Award>
</rootTag>
