<?xml version="1.0" encoding="UTF-8"?>

<rootTag>
  <Award>
    <AwardTitle>Ultralow Temperature Studies of 3He and Low Dimensional Materials</AwardTitle>
    <AwardEffectiveDate>08/01/1995</AwardEffectiveDate>
    <AwardExpirationDate>08/31/1997</AwardExpirationDate>
    <AwardAmount>100000</AwardAmount>
    <AwardInstrument>
      <Value>Continuing grant</Value>
    </AwardInstrument>
    <Organization>
      <Code>03070003</Code>
      <Directorate>
        <LongName>Direct For Mathematical &amp; Physical Scien</LongName>
      </Directorate>
      <Division>
        <LongName>Division Of Materials Research</LongName>
      </Division>
    </Organization>
    <ProgramOfficer>
      <SignBlockName>H. Hollis Wickman</SignBlockName>
    </ProgramOfficer>
    <AbstractNarration>9501209 Bozler This project is a study of materials at ultralow temperatures and the development of ultralow temperature techniques. The experiments are carried out at temperature substantially below 1K. Several areas research are represented. One addresses the magnetic properties of superfluid 3He. The experiments are of interest because they will provide important test of extant theories, and address fundamental issues related to low temperature magnetic measurement methods. The second is the magnetism of thin films of 3He. The thin film magnetism differs in interesting ways from bulk magnetic properties of 3He. The third area is the transport properties of thin metal films and the development of instrumentation based on superconducting quantum interference devices (SQUIDS). This includes important research in a new area of mesoscopic physics. The various research projects are of a fundamental nature, but may have technical relevance in the context of advanced materials and devices operating at cryogenic temperatures. For example, ultrasensitive SQUID devices have been employed in clinical studies of the weak magnetic fields originating from brain wave activity. %%% This project is a study of materials at ultralow temperatures and the development of ultralow temperature techniques. The experiments are carried out at temperature substantially below 1K. Several areas research are represented. One addresses the magnetic properties of superfluid 3He. The experiments are of interest because they will provide important test of extant theories, and address fundamental issues related to low temperature magnetic measurement methods. The second is the magnetism of thin films of 3He. The thin film magnetism differs in interesting ways from bulk magnetic properties of 3He. The third area is the transport properties of thin metal films and the development of instrumentation based on superconducting quantum interference devices (SQUIDS). This includes important research in a new area of mesoscopic physics. The various research projects are of a fundamental nature, but may have technical relevance in the context of advanced materials and devices operating at cryogenic temperatures. For example, ultrasensitive SQUID devices have been employed in clinical studies of the weak magnetic fields originating from brain wave activity.</AbstractNarration>
    <MinAmdLetterDate>07/17/1995</MinAmdLetterDate>
    <MaxAmdLetterDate>01/23/1996</MaxAmdLetterDate>
    <ARRAAmount/>
    <AwardID>9501209</AwardID>
    <Investigator>
      <FirstName>Hans</FirstName>
      <LastName>Bozler</LastName>
      <EmailAddress>hbozler@usc.edu</EmailAddress>
      <StartDate>07/17/1995</StartDate>
      <EndDate/>
      <RoleCode>Principal Investigator</RoleCode>
    </Investigator>
    <Institution>
      <Name>University of Southern California</Name>
      <CityName>Los Angeles</CityName>
      <ZipCode>900890001</ZipCode>
      <PhoneNumber>2137407762</PhoneNumber>
      <StreetAddress>University Park</StreetAddress>
      <CountryName>United States</CountryName>
      <StateName>California</StateName>
      <StateCode>CA</StateCode>
    </Institution>
  </Award>
</rootTag>
