<?xml version="1.0" encoding="UTF-8"?>

<rootTag>
  <Award>
    <AwardTitle>African Farmers and Their Environment in Long Term Perspective</AwardTitle>
    <AwardEffectiveDate>04/01/1995</AwardEffectiveDate>
    <AwardExpirationDate>03/31/1997</AwardExpirationDate>
    <AwardAmount>18207</AwardAmount>
    <AwardInstrument>
      <Value>Standard Grant</Value>
    </AwardInstrument>
    <Organization>
      <Code>04040400</Code>
      <Directorate>
        <LongName>Direct For Social, Behav &amp; Economic Scie</LongName>
      </Directorate>
      <Division>
        <LongName>Division Of Behavioral and Cognitive Sci</LongName>
      </Division>
    </Organization>
    <ProgramOfficer>
      <SignBlockName>Stuart Plattner</SignBlockName>
    </ProgramOfficer>
    <AbstractNarration>This project involves a workshop to be held in Wageningen, Netherlands, in May 1995. The workshop will involves 11 US-based scholars and 17 scholars from Europe and Africa. The topic is the review and development of knowledge about African farming productivity based on long-term ethnographic studies. Scholars will discuss what has been learned so far and work out research strategies to fill in the gaps and advance our understanding of the causes of high and low productivity in African agriculture. The perspectives involved will join detailed studies of local systems with larger scale regional and global change studies. This conference is important because rates of population growth in Africa are far higher than rates of growth of food production. Understanding the variations in agricultural productivity from a community-based and decision-making perspective can help planners design policies to improve the rate of growth of African food production.</AbstractNarration>
    <MinAmdLetterDate>03/29/1995</MinAmdLetterDate>
    <MaxAmdLetterDate>05/02/1996</MaxAmdLetterDate>
    <ARRAAmount/>
    <AwardID>9501422</AwardID>
    <Investigator>
      <FirstName>Jane</FirstName>
      <LastName>Guyer</LastName>
      <EmailAddress>jiguyer@jhu.edu</EmailAddress>
      <StartDate>03/29/1995</StartDate>
      <EndDate/>
      <RoleCode>Principal Investigator</RoleCode>
    </Investigator>
    <Institution>
      <Name>Northwestern University</Name>
      <CityName>Evanston</CityName>
      <ZipCode>602013149</ZipCode>
      <PhoneNumber>8474913003</PhoneNumber>
      <StreetAddress>1801 Maple Ave.</StreetAddress>
      <CountryName>United States</CountryName>
      <StateName>Illinois</StateName>
      <StateCode>IL</StateCode>
    </Institution>
    <FoaInformation>
      <Code>0201000</Code>
      <Name>Agriculture</Name>
    </FoaInformation>
    <FoaInformation>
      <Code>0309000</Code>
      <Name>Land Use &amp; Planning</Name>
    </FoaInformation>
    <FoaInformation>
      <Code>81</Code>
      <Name>Anthropology</Name>
    </FoaInformation>
    <ProgramElement>
      <Code>1390</Code>
      <Text>CULTURAL ANTHROPOLOGY</Text>
    </ProgramElement>
    <ProgramElement>
      <Code>5976</Code>
      <Text>AFRICA, NEAR EAST, &amp; SO ASIA</Text>
    </ProgramElement>
    <ProgramReference>
      <Code>5928</Code>
      <Text>AFRICA AND ASIA,OTHER</Text>
    </ProgramReference>
    <ProgramReference>
      <Code>9278</Code>
      <Text>HUMAN DIMENSIONS OF GLOBAL CHANGE</Text>
    </ProgramReference>
    <ProgramReference>
      <Code>EGCH</Code>
      <Text>ENVIRONMENT AND GLOBAL CHANGE</Text>
    </ProgramReference>
    <ProgramReference>
      <Code>GLCH</Code>
      <Text>GLOBAL CHANGE</Text>
    </ProgramReference>
  </Award>
</rootTag>
