<?xml version="1.0" encoding="UTF-8"?>

<rootTag>
  <Award>
    <AwardTitle>Inverse Scattering Problems</AwardTitle>
    <AwardEffectiveDate>07/01/1995</AwardEffectiveDate>
    <AwardExpirationDate>08/30/1998</AwardExpirationDate>
    <AwardAmount>60000</AwardAmount>
    <AwardInstrument>
      <Value>Standard Grant</Value>
    </AwardInstrument>
    <Organization>
      <Code>03040100</Code>
      <Directorate>
        <LongName>Direct For Mathematical &amp; Physical Scien</LongName>
      </Directorate>
      <Division>
        <LongName>Division Of Mathematical Sciences</LongName>
      </Division>
    </Organization>
    <ProgramOfficer>
      <SignBlockName>Deborah Lockhart</SignBlockName>
    </ProgramOfficer>
    <AbstractNarration>Aktosun DMS-9501053 It is proposed to investigate the inverse scattering problems arising in quantum mechanics and wave propagation by studying the Schroedinger equation when the potential is independent of energy and when the potential is proportional to energy. The inverse problem consists of the determination of the potential when the scattering operator is known. By formulating this as a Riemann-Hilbert problem in the momentum space, it is proposed to study the solvability of the Riemann-Hilbert problem, the characterization of the scattering data, the role of the bound states, and the stability of the inversion. The solution of the inverse scattering problem with energy-independent potentials corresponds to the determination of molecular, atomic, and nuclear forces in terms of the scattering data obtained in collision experiments; the determination of these forces is not only important in quantum mechanics but it is also one of the fundamental problems in physics. The inverse scattering problem with energy-dependent potentials arises in wave propagation in a nonhomogeneous medium, and it is equivalent to determining the properties of the medium by analyzing the waves scattered from the medium. This problem has many important applications in acoustics, seismology, nondestructive testing, oil exploration, atmospheric profile inversion, and other areas where the measurements taken outside the medium are used to predict the properties of the medium.</AbstractNarration>
    <MinAmdLetterDate>02/24/1995</MinAmdLetterDate>
    <MaxAmdLetterDate>02/24/1995</MaxAmdLetterDate>
    <ARRAAmount/>
    <AwardID>9501053</AwardID>
    <Investigator>
      <FirstName>Tuncay</FirstName>
      <LastName>Aktosun</LastName>
      <EmailAddress>aktosun@uta.edu</EmailAddress>
      <StartDate>02/24/1995</StartDate>
      <EndDate/>
      <RoleCode>Principal Investigator</RoleCode>
    </Investigator>
    <Institution>
      <Name>North Dakota State University Fargo</Name>
      <CityName>FARGO</CityName>
      <ZipCode>581086050</ZipCode>
      <PhoneNumber>7012318045</PhoneNumber>
      <StreetAddress>Dept 4000 - PO Box 6050</StreetAddress>
      <CountryName>United States</CountryName>
      <StateName>North Dakota</StateName>
      <StateCode>ND</StateCode>
    </Institution>
  </Award>
</rootTag>
