<?xml version="1.0" encoding="UTF-8"?>

<rootTag>
  <Award>
    <AwardTitle>Mathematical Sciences: Modeling and Analysis for Molten Carbonate Fuel Cells</AwardTitle>
    <AwardEffectiveDate>07/01/1995</AwardEffectiveDate>
    <AwardExpirationDate>06/30/1998</AwardExpirationDate>
    <AwardAmount>30000</AwardAmount>
    <AwardInstrument>
      <Value>Standard Grant</Value>
    </AwardInstrument>
    <Organization>
      <Code>03040100</Code>
      <Directorate>
        <LongName>Direct For Mathematical &amp; Physical Scien</LongName>
      </Directorate>
      <Division>
        <LongName>Division Of Mathematical Sciences</LongName>
      </Division>
    </Organization>
    <ProgramOfficer>
      <SignBlockName>Deborah Lockhart</SignBlockName>
    </ProgramOfficer>
    <AbstractNarration>DMS-9501022 Fehrlbach Molten carbonate fuel cells are promising as clean and efficient sources of electricity---they have no moving parts, make no noise and produce no fumes. But the models used to describe them are deficient in certain aspects. The aim of this research is to develop and study improved mathematical models for electrochemical fuel cells, particularly molten carbonate fuel cells. The proposed work begins with the formulation of phenomenological models in terms of electrochemical potentials derived thermodynamically from the various reaction mechanisms on the microscale (the scale of the electrode pore structure). These microscale potential models will be analyzed numerically and analytically to determine what results can be achieved on this small scale. The equations will also be used to derive consistent models in terms of species concentration. Both types of models will be averaged to obtain macroscale models which can be fit to experimental data. A variety of averaging techniques will be considered in formulating three- phase homogenized models to obtain a broad prospective on the relationship between the microscale and the macroscale. An important part of the work will be addressing questions of interest to the fuel cell research community and comparing the models to experimental results.</AbstractNarration>
    <MinAmdLetterDate>06/23/1995</MinAmdLetterDate>
    <MaxAmdLetterDate>06/23/1995</MaxAmdLetterDate>
    <ARRAAmount/>
    <AwardID>9501022</AwardID>
    <Investigator>
      <FirstName>Joseph</FirstName>
      <LastName>Fehribach</LastName>
      <EmailAddress>bach@Math.WPI.edu</EmailAddress>
      <StartDate>06/23/1995</StartDate>
      <EndDate/>
      <RoleCode>Principal Investigator</RoleCode>
    </Investigator>
    <Institution>
      <Name>Worcester Polytechnic Institute</Name>
      <CityName>WORCESTER</CityName>
      <ZipCode>016092247</ZipCode>
      <PhoneNumber>5088315000</PhoneNumber>
      <StreetAddress>100 INSTITUTE RD</StreetAddress>
      <CountryName>United States</CountryName>
      <StateName>Massachusetts</StateName>
      <StateCode>MA</StateCode>
    </Institution>
    <FoaInformation>
      <Code>0000099</Code>
      <Name>Other Applications NEC</Name>
    </FoaInformation>
    <FoaInformation>
      <Code>21</Code>
      <Name>Mathematics</Name>
    </FoaInformation>
  </Award>
</rootTag>
