<?xml version="1.0" encoding="UTF-8"?>

<rootTag>
  <Award>
    <AwardTitle>Mathematical Sciences: Scattering Theory for N-particle Systems</AwardTitle>
    <AwardEffectiveDate>07/01/1995</AwardEffectiveDate>
    <AwardExpirationDate>06/30/1998</AwardExpirationDate>
    <AwardAmount>50000</AwardAmount>
    <AwardInstrument>
      <Value>Standard Grant</Value>
    </AwardInstrument>
    <Organization>
      <Code>03040200</Code>
      <Directorate>
        <LongName>Direct For Mathematical &amp; Physical Scien</LongName>
      </Directorate>
      <Division>
        <LongName>Division Of Mathematical Sciences</LongName>
      </Division>
    </Organization>
    <ProgramOfficer>
      <SignBlockName>Joe W. Jenkins</SignBlockName>
    </ProgramOfficer>
    <AbstractNarration>DMS-9501033 PI: Ralston Scattering theory for N-particle systems The subject of the proposed research is scattering theory for N-particle Schrodinger operators with constant magnetic fields. In contrast to the case when no magnetic field is present (which is now well understood), very little was previously known about it despite its mathematical and physical significance. The main task will be to prove asymptotic completeness for such operators, i.e., to give a complete classification of all solutions of the corresponding time-dependent Schrodinger equation according to their large-time asymptotic behaviour. Recently C. Gerard and the author proved asymptotic completeness for N-body systems containing no proper neutral subsystems (this class includes atoms and positive ions). The aim of the proposed research is to extend these results to the case of general N-body systems, including negative ions and molecules. The main problem here will be to analyze the dispersive behaviour of the neutral subsystems. Their dynamics depends on their internal structure and therefore may be very unstable under perturbations. A deeper understanding of the geometrical structures related to the magnetic field will also be required. This research deals with fundamental questions about how the structure matter is affected by the presence of a magnetic field. Almost all of the earlier results on this subject were obtained under the simplifying assumption that the motion of the nuclei is negligible; mathematically, this means studying an approximation where nuclei have infinite mass. However, this simplified model is not always appropriate in physics, especially since our research has shown that there are important qualitative differences between the properties of this model and a more realistic one with finite nuclear masses. Furthermore, although this problem is of considerable interest in physics and astrophysics (for example, strong magnetic fields are ex pected to exist on the surfaces of neutron stars), no predictions could be made on the basis of experiments. The reason for this is that the magnetic fields that can be generated in the labolatories are not strong enough for their effect on the systems in question to be detected. One thus has to rely on a theoretical analysis of the problem.</AbstractNarration>
    <MinAmdLetterDate>06/07/1995</MinAmdLetterDate>
    <MaxAmdLetterDate>06/07/1995</MaxAmdLetterDate>
    <ARRAAmount/>
    <AwardID>9501033</AwardID>
    <Investigator>
      <FirstName>James</FirstName>
      <LastName>Ralston</LastName>
      <EmailAddress>ralston@math.ucla.edu</EmailAddress>
      <StartDate>06/07/1995</StartDate>
      <EndDate/>
      <RoleCode>Principal Investigator</RoleCode>
    </Investigator>
    <Investigator>
      <FirstName>Izabella</FirstName>
      <LastName>Laba</LastName>
      <EmailAddress>laba@math.princeton.edu</EmailAddress>
      <StartDate>06/07/1995</StartDate>
      <EndDate/>
      <RoleCode>Co-Principal Investigator</RoleCode>
    </Investigator>
    <Institution>
      <Name>University of California-Los Angeles</Name>
      <CityName>LOS ANGELES</CityName>
      <ZipCode>900951406</ZipCode>
      <PhoneNumber>3107940102</PhoneNumber>
      <StreetAddress>10889 Wilshire Boulevard</StreetAddress>
      <CountryName>United States</CountryName>
      <StateName>California</StateName>
      <StateCode>CA</StateCode>
    </Institution>
    <FoaInformation>
      <Code>0000099</Code>
      <Name>Other Applications NEC</Name>
    </FoaInformation>
    <FoaInformation>
      <Code>21</Code>
      <Name>Mathematics</Name>
    </FoaInformation>
    <ProgramElement>
      <Code>1281</Code>
      <Text>ANALYSIS PROGRAM</Text>
    </ProgramElement>
    <ProgramReference>
      <Code>0000</Code>
      <Text>UNASSIGNED</Text>
    </ProgramReference>
    <ProgramReference>
      <Code>OTHR</Code>
      <Text>OTHER RESEARCH OR EDUCATION</Text>
    </ProgramReference>
  </Award>
</rootTag>
