<?xml version="1.0" encoding="UTF-8"?>

<rootTag>
  <Award>
    <AwardTitle>Millimeter Spectroscopic Studies of the Mesosphere and Lower Thermosphere</AwardTitle>
    <AwardEffectiveDate>05/01/1995</AwardEffectiveDate>
    <AwardExpirationDate>10/31/1998</AwardExpirationDate>
    <AwardAmount>210042</AwardAmount>
    <AwardInstrument>
      <Value>Continuing grant</Value>
    </AwardInstrument>
    <Organization>
      <Code>06020201</Code>
      <Directorate>
        <LongName>Directorate For Geosciences</LongName>
      </Directorate>
      <Division>
        <LongName>Div Atmospheric &amp; Geospace Sciences</LongName>
      </Division>
    </Organization>
    <ProgramOfficer>
      <SignBlockName>Robert B. Kerr</SignBlockName>
    </ProgramOfficer>
    <AbstractNarration>This ground-based program of millimeter spectroscopic observations of the upper stratosphere, mesosphere, and lower thermosphere investigates a wide range of photochemical and isotopic processes. Through the previous grant, the PI obtained spectral line observations of this poorly explored atmospheric region point to a number of surprises, including large variations in the D/H ratio of mesospheric water. Most of these millimeter line emissions, however, were weak, and the PI needs long integrations under good observing conditions for sufficiently accurate measurements. Thus, the investigator proposes a three-year program of millimeter spectral line observations at the significantly upgraded Kitt Peak detector configuration. Kitt Peak's improved sensitivity of millimeter spectral line measurements, increased by a factor of four, will enhance these unique constituent measurements of the upper middle atmosphere. Finally, analysis of the resulting data will improve understanding of the mesosphere and attack outstanding problems understanding transport, photochemical and solar cycle processes within the entire middle atmosphere.***</AbstractNarration>
    <MinAmdLetterDate>05/03/1995</MinAmdLetterDate>
    <MaxAmdLetterDate>02/11/1997</MaxAmdLetterDate>
    <ARRAAmount/>
    <AwardID>9501288</AwardID>
    <Investigator>
      <FirstName>R. Todd</FirstName>
      <LastName>Clancy</LastName>
      <EmailAddress>clancy@spacescience.org</EmailAddress>
      <StartDate>05/03/1995</StartDate>
      <EndDate/>
      <RoleCode>Principal Investigator</RoleCode>
    </Investigator>
    <Institution>
      <Name>SPACE SCIENCE INSTITUTE</Name>
      <CityName>Boulder</CityName>
      <ZipCode>803012532</ZipCode>
      <PhoneNumber>7209745888</PhoneNumber>
      <StreetAddress>4750 Walnut Street</StreetAddress>
      <CountryName>United States</CountryName>
      <StateName>Colorado</StateName>
      <StateCode>CO</StateCode>
    </Institution>
    <FoaInformation>
      <Code>0205000</Code>
      <Name>Space</Name>
    </FoaInformation>
    <FoaInformation>
      <Code>41</Code>
      <Name>Atmospheric Sciences</Name>
    </FoaInformation>
  </Award>
</rootTag>
