<?xml version="1.0" encoding="UTF-8"?>

<rootTag>
  <Award>
    <AwardTitle>Mathematical Sciences: Investigations into Development of Microstructure, Ginzburg-Landau Vortices, and Travelling Waves on Lattics</AwardTitle>
    <AwardEffectiveDate>07/01/1995</AwardEffectiveDate>
    <AwardExpirationDate>06/30/1998</AwardExpirationDate>
    <AwardAmount>81000</AwardAmount>
    <AwardInstrument>
      <Value>Continuing grant</Value>
    </AwardInstrument>
    <Organization>
      <Code>03040200</Code>
      <Directorate>
        <LongName>Direct For Mathematical &amp; Physical Scien</LongName>
      </Directorate>
      <Division>
        <LongName>Division Of Mathematical Sciences</LongName>
      </Division>
    </Organization>
    <ProgramOfficer>
      <SignBlockName>Joe W. Jenkins</SignBlockName>
    </ProgramOfficer>
    <AbstractNarration>DMS-9501395 McLeod The project is to study three physically important problems in the area of nonlinear ordinary and partial differential equations. The first problem is the dynamics of pattern formation for an evolution equation recently proposed as a model for the formation of microstructures in various crystalline solids, and the object is to give an analytical study and explanation of the evolution, and link this to various numerical results which have been obtained. The second problem is the study of vortices associated with the Ginzburg-Landau equation in superconductivity, i.e. minimizers of the Ginzburg-Landau functional which becomes degenerate as a certain parameter becomes small; McLeod will study the behavior of the minimizers as the parameter tends to zero. Finally, he will study the existence and properties of traveling waves on lattices with nearest-neighbor interactions. Each of these problems has its own significance. The first has relevance for a variety of crystalline solids where microstructures are observed to appear or disappear in response to imposed stresses, changes of temperature or applied electric or magnetic fields. An understanding of the formation of these microstructures is therefore crucial for the industrial use of these materials. The second problem is relevant to phase transitions in the highly important area of superconductivity, and attempts to marry the mathematical theory to physical experiment and observation.</AbstractNarration>
    <MinAmdLetterDate>05/24/1995</MinAmdLetterDate>
    <MaxAmdLetterDate>05/24/1995</MaxAmdLetterDate>
    <ARRAAmount/>
    <AwardID>9501395</AwardID>
    <Investigator>
      <FirstName>J.Bryce</FirstName>
      <LastName>McLeod</LastName>
      <EmailAddress>mcleod+@pitt.edu</EmailAddress>
      <StartDate>05/24/1995</StartDate>
      <EndDate/>
      <RoleCode>Principal Investigator</RoleCode>
    </Investigator>
    <Institution>
      <Name>University of Pittsburgh</Name>
      <CityName>Pittsburgh</CityName>
      <ZipCode>152132303</ZipCode>
      <PhoneNumber>4126247400</PhoneNumber>
      <StreetAddress>University Club</StreetAddress>
      <CountryName>United States</CountryName>
      <StateName>Pennsylvania</StateName>
      <StateCode>PA</StateCode>
    </Institution>
  </Award>
</rootTag>
