<?xml version="1.0" encoding="UTF-8"?>

<rootTag>
  <Award>
    <AwardTitle>CAREER: Nanometer-scale Characterization and Fabrication of Semiconductor Heterostructures and Devices</AwardTitle>
    <AwardEffectiveDate>07/01/1995</AwardEffectiveDate>
    <AwardExpirationDate>09/30/2000</AwardExpirationDate>
    <AwardAmount>250000</AwardAmount>
    <AwardInstrument>
      <Value>Continuing grant</Value>
    </AwardInstrument>
    <Organization>
      <Code>07010000</Code>
      <Directorate>
        <LongName>Directorate For Engineering</LongName>
      </Directorate>
      <Division>
        <LongName>Div Of Electrical, Commun &amp; Cyber Sys</LongName>
      </Division>
    </Organization>
    <ProgramOfficer>
      <SignBlockName>Filbert J. Bartoli</SignBlockName>
    </ProgramOfficer>
    <AbstractNarration>9501469 Yu Atomic Scale studies of structure and electronic properties in semiconductor heterostructures are investigated with cross-sectional scanning tunneling microscopy. the semiconductor surfaces are prepared with molecular beam epitaxy and the growth processes are studied at the atomic scale. MOSFETs and devices fabricated with Si/SiGeC heterostructures are to be examined, in collaboration with industry, with emphasis on feature sizes approaching 100 nm. The educational activities will involve the development of interdisciplinary courses which bring together the fields of physics, biology and chemistry with electrical engineering. ***</AbstractNarration>
    <MinAmdLetterDate>06/22/1995</MinAmdLetterDate>
    <MaxAmdLetterDate>08/10/2000</MaxAmdLetterDate>
    <ARRAAmount/>
    <AwardID>9501469</AwardID>
    <Investigator>
      <FirstName>Edward</FirstName>
      <LastName>Yu</LastName>
      <EmailAddress>ety@ece.utexas.edu</EmailAddress>
      <StartDate>06/22/1995</StartDate>
      <EndDate/>
      <RoleCode>Principal Investigator</RoleCode>
    </Investigator>
    <Institution>
      <Name>University of California-San Diego</Name>
      <CityName>La Jolla</CityName>
      <ZipCode>920930934</ZipCode>
      <PhoneNumber>8585344896</PhoneNumber>
      <StreetAddress>Office of Contract &amp; Grant Admin</StreetAddress>
      <CountryName>United States</CountryName>
      <StateName>California</StateName>
      <StateCode>CA</StateCode>
    </Institution>
    <FoaInformation>
      <Code>0206000</Code>
      <Name>Telecommunications</Name>
    </FoaInformation>
    <FoaInformation>
      <Code>55</Code>
      <Name>Engineering-Electrical</Name>
    </FoaInformation>
    <ProgramElement>
      <Code>1517</Code>
      <Text>ELECT, PHOTONICS, &amp; MAG DEVICE</Text>
    </ProgramElement>
    <ProgramReference>
      <Code>1045</Code>
      <Text>CAREER: FACULTY EARLY CAR DEV</Text>
    </ProgramReference>
    <ProgramReference>
      <Code>9146</Code>
      <Text>MANUFACTURING BASE RESEARCH</Text>
    </ProgramReference>
    <ProgramReference>
      <Code>9161</Code>
      <Text>SINGLE DIVISION/UNIVERSITY</Text>
    </ProgramReference>
    <ProgramReference>
      <Code>AMPP</Code>
      <Text>ADVANCED MATERIALS &amp; PROCESSING PROGRAM</Text>
    </ProgramReference>
  </Award>
</rootTag>
