<?xml version="1.0" encoding="UTF-8"?>

<rootTag>
  <Award>
    <AwardTitle>CAREER: Architectural Support for Object-oriented Code Execution</AwardTitle>
    <AwardEffectiveDate>06/01/1995</AwardEffectiveDate>
    <AwardExpirationDate>05/31/1998</AwardExpirationDate>
    <AwardAmount>131995</AwardAmount>
    <AwardInstrument>
      <Value>Standard Grant</Value>
    </AwardInstrument>
    <Organization>
      <Code>05010300</Code>
      <Directorate>
        <LongName>Direct For Computer &amp; Info Scie &amp; Enginr</LongName>
      </Directorate>
      <Division>
        <LongName>Division of Computing and Communication Foundations</LongName>
      </Division>
    </Organization>
    <ProgramOfficer>
      <SignBlockName/>
    </ProgramOfficer>
    <AbstractNarration>9501172 Kaeli, David This research is investigating the inherent performance problems associated with object-oriented code execution. Traces are being captured from a number of object-oriented programming environments. A workload characterization is being performed to identify the underlying problems presented by this new programming model. Architectural changes are then proposed to improve the execution performance of object-oriented code. This research is investigating architectural changes to the hardware that will improve performance across all programming environments. As more and more software is developed using object- oriented languages, this research will have a direct impact on acceleration the performance of future applications. The educational part of this project is concerned with making improvements in the Computer Engineering curriculum, student advising tools, classroom computer aids, and undergraduate research courses.</AbstractNarration>
    <MinAmdLetterDate>04/10/1995</MinAmdLetterDate>
    <MaxAmdLetterDate>04/10/1995</MaxAmdLetterDate>
    <ARRAAmount/>
    <AwardID>9501172</AwardID>
    <Investigator>
      <FirstName>David</FirstName>
      <LastName>Kaeli</LastName>
      <EmailAddress>kaeli@ece.neu.edu</EmailAddress>
      <StartDate>04/10/1995</StartDate>
      <EndDate/>
      <RoleCode>Principal Investigator</RoleCode>
    </Investigator>
    <Institution>
      <Name>Northeastern University</Name>
      <CityName>BOSTON</CityName>
      <ZipCode>021155005</ZipCode>
      <PhoneNumber>6173732508</PhoneNumber>
      <StreetAddress>360 HUNTINGTON AVE</StreetAddress>
      <CountryName>United States</CountryName>
      <StateName>Massachusetts</StateName>
      <StateCode>MA</StateCode>
    </Institution>
    <FoaInformation>
      <Code>31</Code>
      <Name>Computer Science &amp; Engineering</Name>
    </FoaInformation>
    <FoaInformation>
      <Code>0510403</Code>
      <Name>Engineering &amp; Computer Science</Name>
    </FoaInformation>
    <FoaInformation>
      <Code>55</Code>
      <Name>Engineering-Electrical</Name>
    </FoaInformation>
  </Award>
</rootTag>
