<?xml version="1.0" encoding="UTF-8"?>

<rootTag>
  <Award>
    <AwardTitle>Mathematical Sciences: On Some Problems Which Arise in the Study of Invariant Measures of Nonlinear Evolutionary Equations.</AwardTitle>
    <AwardEffectiveDate>07/01/1995</AwardEffectiveDate>
    <AwardExpirationDate>06/30/1998</AwardExpirationDate>
    <AwardAmount>45000</AwardAmount>
    <AwardInstrument>
      <Value>Standard Grant</Value>
    </AwardInstrument>
    <Organization>
      <Code>03040200</Code>
      <Directorate>
        <LongName>Direct For Mathematical &amp; Physical Scien</LongName>
      </Directorate>
      <Division>
        <LongName>Division Of Mathematical Sciences</LongName>
      </Division>
    </Organization>
    <ProgramOfficer>
      <SignBlockName>Joe W. Jenkins</SignBlockName>
    </ProgramOfficer>
    <AbstractNarration>PI: Vaninsky DMS-9501002 Three problems of statistical mechanics of one dimensional systems will be investigated. The first is a construction of dynamics for the nonlinear Schrodinger and modified Korteveg-de Vries type equations on the entire line for rough initial data from the support of translation-invariant Gibbsian distribution. The second is construction of the action-angle variables for integrable equations on the entire line for such initial data. The third is the soliton gas conjecture. Nonequilibrium statistical mechanics studies properties of dynamical systems describing big or infinite systems of interacting particles. The Hamiltonian structure of the equations of motion allows one to define in the phase space the so-called Gibbsian measures, invariant under the dynamics. These measures are usually constructed form the basic Hamiltonian and other classical conserved quantities such as the number of particles, integrals of momentum and angular momentum. Statistical mechanics is based on Gibb's postulate which states that this finite parameter family of measures exhausts the class of all translation invariant measures with weak long-range dependence.</AbstractNarration>
    <MinAmdLetterDate>06/21/1995</MinAmdLetterDate>
    <MaxAmdLetterDate>06/21/1995</MaxAmdLetterDate>
    <ARRAAmount/>
    <AwardID>9501002</AwardID>
    <Investigator>
      <FirstName>Kirill</FirstName>
      <LastName>Vaninsky</LastName>
      <EmailAddress>vaninsky@math.msu.edu</EmailAddress>
      <StartDate>06/21/1995</StartDate>
      <EndDate/>
      <RoleCode>Principal Investigator</RoleCode>
    </Investigator>
    <Institution>
      <Name>Kansas State University</Name>
      <CityName>MANHATTAN</CityName>
      <ZipCode>665061103</ZipCode>
      <PhoneNumber>7855326804</PhoneNumber>
      <StreetAddress>2 FAIRCHILD HALL</StreetAddress>
      <CountryName>United States</CountryName>
      <StateName>Kansas</StateName>
      <StateCode>KS</StateCode>
    </Institution>
    <FoaInformation>
      <Code>21</Code>
      <Name>Mathematics</Name>
    </FoaInformation>
  </Award>
</rootTag>
