<?xml version="1.0" encoding="UTF-8"?>

<rootTag>
  <Award>
    <AwardTitle>Mathematical Sciences: Operator Theory and Systems Engineering</AwardTitle>
    <AwardEffectiveDate>07/01/1995</AwardEffectiveDate>
    <AwardExpirationDate>06/30/1998</AwardExpirationDate>
    <AwardAmount>130000</AwardAmount>
    <AwardInstrument>
      <Value>Continuing grant</Value>
    </AwardInstrument>
    <Organization>
      <Code>03040200</Code>
      <Directorate>
        <LongName>Direct For Mathematical &amp; Physical Scien</LongName>
      </Directorate>
      <Division>
        <LongName>Division Of Mathematical Sciences</LongName>
      </Division>
    </Organization>
    <ProgramOfficer>
      <SignBlockName>Joe W. Jenkins</SignBlockName>
    </ProgramOfficer>
    <AbstractNarration>9501064 Helton Most of the proposed research falls into three areas: 1. OPTIMIZATION OVER SPACES OF ANALYTIC FUNCTIONS Qualitative theory, computer algorithms based on this theory, analysis of such algorithms. Connections of this work with other branches of mathematics.The engineering motivation here is strong; these are the key optimization problems which arise il design of systems and amplifiers where there are competing constraints, time as well as frequency domain constraints, or uncertainty in the math model of the physical system one is trying to control. 2. NONLINEAR SYSTEMS The point here is to find canonical nonlinear operator theory which extends the classical linear theory of Nevanlinna-Pick and many followers. That theory is the core of linear control theory. Many systems which people wish to control are nonlinear (e.g., jet engines), so there is a big demand for an effective nonlinear theory. Unfortunately, the mathematical theory is new and primitive. More general problems need to be solved and special cases need to be understood in greater detail. 3. COMPUTER OPERATOR ALGEBRA Linear engineering systems theory and operator theory are rife with calculations in a noncommuting algebra. Thus it is likely that someday there will be a branch of these subjects devoted to their symbolic computational aspects. Helton's group have, support, and are upgrading extensive software, called NCAlgebra, for performing noncommuting calculations in Mathematica. The software is currently at the level of a very powerful `yellow pad'. The main issue now is what `intelligence' should go in noncommuting packages. For example, calculations with energy conserving systems produce polynomials in matrices satisfying certain relations. Thus it is natural to find a list of rules for simplifying such polynomials tailored to this particular situation. The goal is to find and understand `complete' lists of simplifying rules. Helton and collaborat ors have successfully studied several situations of this type and more are in progress. ***</AbstractNarration>
    <MinAmdLetterDate>04/17/1995</MinAmdLetterDate>
    <MaxAmdLetterDate>12/19/1996</MaxAmdLetterDate>
    <ARRAAmount/>
    <AwardID>9501064</AwardID>
    <Investigator>
      <FirstName>J. William</FirstName>
      <LastName>Helton</LastName>
      <EmailAddress>helton@math.ucsd.edu</EmailAddress>
      <StartDate>04/17/1995</StartDate>
      <EndDate/>
      <RoleCode>Principal Investigator</RoleCode>
    </Investigator>
    <Institution>
      <Name>University of California-San Diego</Name>
      <CityName>La Jolla</CityName>
      <ZipCode>920930934</ZipCode>
      <PhoneNumber>8585344896</PhoneNumber>
      <StreetAddress>Office of Contract &amp; Grant Admin</StreetAddress>
      <CountryName>United States</CountryName>
      <StateName>California</StateName>
      <StateCode>CA</StateCode>
    </Institution>
    <FoaInformation>
      <Code>0000099</Code>
      <Name>Other Applications NEC</Name>
    </FoaInformation>
    <FoaInformation>
      <Code>21</Code>
      <Name>Mathematics</Name>
    </FoaInformation>
    <ProgramElement>
      <Code>1271</Code>
      <Text>COMPUTATIONAL MATHEMATICS</Text>
    </ProgramElement>
    <ProgramElement>
      <Code>1281</Code>
      <Text>ANALYSIS PROGRAM</Text>
    </ProgramElement>
    <ProgramReference>
      <Code>9146</Code>
      <Text>MANUFACTURING BASE RESEARCH</Text>
    </ProgramReference>
    <ProgramReference>
      <Code>9178</Code>
      <Text>UNDERGRADUATE EDUCATION</Text>
    </ProgramReference>
    <ProgramReference>
      <Code>9218</Code>
      <Text>BASIC RESEARCH &amp; HUMAN RESORCS</Text>
    </ProgramReference>
    <ProgramReference>
      <Code>9263</Code>
      <Text>COMPUTATIONAL SCIENCE &amp; ENGING</Text>
    </ProgramReference>
    <ProgramReference>
      <Code>HPCC</Code>
      <Text>HIGH PERFORMANCE COMPUTING &amp; COMM</Text>
    </ProgramReference>
    <ProgramReference>
      <Code>MANU</Code>
      <Text>MANUFACTURING</Text>
    </ProgramReference>
    <ProgramReference>
      <Code>SMET</Code>
      <Text>SCIENCE, MATH, ENG &amp; TECH EDUCATION</Text>
    </ProgramReference>
  </Award>
</rootTag>
