<?xml version="1.0" encoding="UTF-8"?>

<rootTag>
  <Award>
    <AwardTitle>Receptor-Mediated Cellular Adhesion: Measurement of Bond Strength and Elasticity</AwardTitle>
    <AwardEffectiveDate>08/15/1995</AwardEffectiveDate>
    <AwardExpirationDate>01/31/1998</AwardExpirationDate>
    <AwardAmount>174906</AwardAmount>
    <AwardInstrument>
      <Value>Standard Grant</Value>
    </AwardInstrument>
    <Organization>
      <Code>07020000</Code>
      <Directorate>
        <LongName>Directorate For Engineering</LongName>
      </Directorate>
      <Division>
        <LongName>Div Of Chem, Bioeng, Env, &amp; Transp Sys</LongName>
      </Division>
    </Organization>
    <ProgramOfficer>
      <SignBlockName>George B. Vermont</SignBlockName>
    </ProgramOfficer>
    <AbstractNarration>9501145 Prieve This project is on research to use total internal reflection microscopy (TIRM), which was developed in the Principal Investigator's (PI) laboratory to measure colloidal interactions, to determine: (1) the forces between single receptor-ligand pairs; and (2) the elasticity of single bonds. In addition, the magnitudes of forces at large separations will be correlated with the measured adhesion between the receptor and ligand coated surfaces. The model cells for the adhesion experiments will be immunoglobulin-G-coated latex beads and a protein-A-coated glass plate. ***</AbstractNarration>
    <MinAmdLetterDate>08/20/1995</MinAmdLetterDate>
    <MaxAmdLetterDate>06/19/1997</MaxAmdLetterDate>
    <ARRAAmount/>
    <AwardID>9501145</AwardID>
    <Investigator>
      <FirstName>Dennis</FirstName>
      <LastName>Prieve</LastName>
      <EmailAddress>dcprieve@cmu.edu</EmailAddress>
      <StartDate>08/20/1995</StartDate>
      <EndDate/>
      <RoleCode>Principal Investigator</RoleCode>
    </Investigator>
    <Institution>
      <Name>Carnegie-Mellon University</Name>
      <CityName>PITTSBURGH</CityName>
      <ZipCode>152133815</ZipCode>
      <PhoneNumber>4122689527</PhoneNumber>
      <StreetAddress>5000 Forbes Avenue</StreetAddress>
      <CountryName>United States</CountryName>
      <StateName>Pennsylvania</StateName>
      <StateCode>PA</StateCode>
    </Institution>
    <FoaInformation>
      <Code>0308000</Code>
      <Name>Industrial Technology</Name>
    </FoaInformation>
    <FoaInformation>
      <Code>53</Code>
      <Name>Engineering-Chemical</Name>
    </FoaInformation>
    <ProgramElement>
      <Code>1402</Code>
      <Text>BIOCHEMICAL &amp; BIOMASS ENG</Text>
    </ProgramElement>
    <ProgramElement>
      <Code>1415</Code>
      <Text>PARTICULATE &amp;MULTIPHASE PROCES</Text>
    </ProgramElement>
    <ProgramReference>
      <Code>9181</Code>
      <Text>BIOPROCESSING/BIOMOLECULAR MATERIALS</Text>
    </ProgramReference>
    <ProgramReference>
      <Code>9251</Code>
      <Text>RES EXPER FOR UNDERGRAD-SUPPLT</Text>
    </ProgramReference>
    <ProgramReference>
      <Code>BIOT</Code>
      <Text>BIOTECHNOLOGY</Text>
    </ProgramReference>
  </Award>
</rootTag>
