<?xml version="1.0" encoding="UTF-8"?>

<rootTag>
  <Award>
    <AwardTitle>Mathematical Sciences: Minimal Discrete Energy Problems and Approximation Theory</AwardTitle>
    <AwardEffectiveDate>05/15/1995</AwardEffectiveDate>
    <AwardExpirationDate>04/30/1998</AwardExpirationDate>
    <AwardAmount>171000</AwardAmount>
    <AwardInstrument>
      <Value>Continuing grant</Value>
    </AwardInstrument>
    <Organization>
      <Code>03040200</Code>
      <Directorate>
        <LongName>Direct For Mathematical &amp; Physical Scien</LongName>
      </Directorate>
      <Division>
        <LongName>Division Of Mathematical Sciences</LongName>
      </Division>
    </Organization>
    <ProgramOfficer>
      <SignBlockName>Joe W. Jenkins</SignBlockName>
    </ProgramOfficer>
    <AbstractNarration>Saff DMS-9501130 The PI's will investigate the optimal and near optimal arrangements of N points on the surface of the unit sphere. Potential theoretic methods will be used to analyze the extremal energy when these points on the sphere interact through a power law potential. They will focus on asymptotic results for this extremal energy and aim at producing algorithms or simple formulas for points on the sphere that yield close-to-optimal energy. This research has connections with the structural analysis of large order carbon fullerenes. Approximation is the defining feature of mathematical analysis. Compact expressions of solutions of problems arising in the physical universe rarely occur. More often, the solutions must be approximated by known quantities which have desirable properties and are easily computed. This research contributes to the dual goals of understanding the special functions of analysis and discovering their approximation properties.</AbstractNarration>
    <MinAmdLetterDate>05/09/1995</MinAmdLetterDate>
    <MaxAmdLetterDate>12/19/1996</MaxAmdLetterDate>
    <ARRAAmount/>
    <AwardID>9501130</AwardID>
    <Investigator>
      <FirstName>E.A.</FirstName>
      <LastName>Rakhmanov</LastName>
      <EmailAddress>rakhmano@math.usf.edu</EmailAddress>
      <StartDate>05/09/1995</StartDate>
      <EndDate/>
      <RoleCode>Co-Principal Investigator</RoleCode>
    </Investigator>
    <Investigator>
      <FirstName>Edward</FirstName>
      <LastName>Saff</LastName>
      <EmailAddress>edward.b.saff@vanderbilt.edu</EmailAddress>
      <StartDate>05/09/1995</StartDate>
      <EndDate/>
      <RoleCode>Principal Investigator</RoleCode>
    </Investigator>
    <Institution>
      <Name>University of South Florida</Name>
      <CityName>Tampa</CityName>
      <ZipCode>336129446</ZipCode>
      <PhoneNumber>8139742897</PhoneNumber>
      <StreetAddress>3702 Spectrum Blvd.</StreetAddress>
      <CountryName>United States</CountryName>
      <StateName>Florida</StateName>
      <StateCode>FL</StateCode>
    </Institution>
    <FoaInformation>
      <Code>0000099</Code>
      <Name>Other Applications NEC</Name>
    </FoaInformation>
    <FoaInformation>
      <Code>21</Code>
      <Name>Mathematics</Name>
    </FoaInformation>
    <ProgramElement>
      <Code>1281</Code>
      <Text>ANALYSIS PROGRAM</Text>
    </ProgramElement>
    <ProgramReference>
      <Code>0000</Code>
      <Text>UNASSIGNED</Text>
    </ProgramReference>
    <ProgramReference>
      <Code>9161</Code>
      <Text>SINGLE DIVISION/UNIVERSITY</Text>
    </ProgramReference>
    <ProgramReference>
      <Code>AMPP</Code>
      <Text>ADVANCED MATERIALS &amp; PROCESSING PROGRAM</Text>
    </ProgramReference>
    <ProgramReference>
      <Code>OTHR</Code>
      <Text>OTHER RESEARCH OR EDUCATION</Text>
    </ProgramReference>
  </Award>
</rootTag>
