<?xml version="1.0" encoding="UTF-8"?>

<rootTag>
  <Award>
    <AwardTitle>Mathematical Sciences: Structure Theory of Infinite Dimensional Banach Spaces and a Gaussian Correlation Problem</AwardTitle>
    <AwardEffectiveDate>05/01/1995</AwardEffectiveDate>
    <AwardExpirationDate>04/30/1998</AwardExpirationDate>
    <AwardAmount>45000</AwardAmount>
    <AwardInstrument>
      <Value>Standard Grant</Value>
    </AwardInstrument>
    <Organization>
      <Code>03040200</Code>
      <Directorate>
        <LongName>Direct For Mathematical &amp; Physical Scien</LongName>
      </Directorate>
      <Division>
        <LongName>Division Of Mathematical Sciences</LongName>
      </Division>
    </Organization>
    <ProgramOfficer>
      <SignBlockName>Joe W. Jenkins</SignBlockName>
    </ProgramOfficer>
    <AbstractNarration>9501243 Schlumprecht The investigator's proposal contains two parts. The first part discusses some problems in infinite dimensional Banach space theory.The developments in structure theory of Banach spaces over the last four years led to exciting results and new problems.The second part of this proposal treats a Gaussian correlation problem. An old question, rooted in statistics, is to estimate multidimensional confidence regions of (possibly dependent) Gaussian variables. This question can be formulated in a more geometrical language. Namely, whether or not the Gausssian measure of the intersection of two symmetric, convex sets in an n dimensional space is bigger than or equal to the product of their measures. The proposal has two parts. The first part presents a continuation of the proposers work in infinite dimensional Banach space theory, a field in which exciting and astonishing results were achieved in recent years. The second part deals with an old question originating in Statistics. Namely to estimate confidence regions for multidimensional normal distributions from below. ***</AbstractNarration>
    <MinAmdLetterDate>04/20/1995</MinAmdLetterDate>
    <MaxAmdLetterDate>04/20/1995</MaxAmdLetterDate>
    <ARRAAmount/>
    <AwardID>9501243</AwardID>
    <Investigator>
      <FirstName>Thomas</FirstName>
      <LastName>Schlumprecht</LastName>
      <EmailAddress>schlump@math.tamu.edu</EmailAddress>
      <StartDate>04/20/1995</StartDate>
      <EndDate/>
      <RoleCode>Principal Investigator</RoleCode>
    </Investigator>
    <Institution>
      <Name>Texas A&amp;M Research Foundation</Name>
      <CityName>College Station</CityName>
      <ZipCode>778454321</ZipCode>
      <PhoneNumber>9798458600</PhoneNumber>
      <StreetAddress>400 Harvey Mitchell Parkway, S</StreetAddress>
      <CountryName>United States</CountryName>
      <StateName>Texas</StateName>
      <StateCode>TX</StateCode>
    </Institution>
    <FoaInformation>
      <Code>0000099</Code>
      <Name>Other Applications NEC</Name>
    </FoaInformation>
    <FoaInformation>
      <Code>21</Code>
      <Name>Mathematics</Name>
    </FoaInformation>
  </Award>
</rootTag>
