<?xml version="1.0" encoding="UTF-8"?>

<rootTag>
  <Award>
    <AwardTitle>Continuing Operation of a Magnetometer Array on the Greenland Ice Cap (MAGIC) to Investigate Propagating Ionospheric Current Systems for Geospace Environment Modeling</AwardTitle>
    <AwardEffectiveDate>06/01/1995</AwardEffectiveDate>
    <AwardExpirationDate>05/31/1999</AwardExpirationDate>
    <AwardAmount>390000</AwardAmount>
    <AwardInstrument>
      <Value>Continuing grant</Value>
    </AwardInstrument>
    <Organization>
      <Code>06020202</Code>
      <Directorate>
        <LongName>Directorate For Geosciences</LongName>
      </Directorate>
      <Division>
        <LongName>Div Atmospheric &amp; Geospace Sciences</LongName>
      </Division>
    </Organization>
    <ProgramOfficer>
      <SignBlockName>kile baker</SignBlockName>
    </ProgramOfficer>
    <AbstractNarration>This proposal is directed toward the continued operation of an array of unattended, automatic magnetic data collection platforms on the Greenland ice cap and the reduction, distribution and analysis of these data. The MAGIC array complements the magnetic stations on the coasts of Greenland. The MAGIC magnetic stations form a two dimensional array with station separation of about 150 Km. The scientific objective of these magnetic measurements is to investigate, in conjunction with the coastal stations, small-scale propagating magnetic disturbances which appear to result from moving filamentary field-aligned currents interacting with the ionosphere. Different classes of these systems have now been identified and the origin of the field-aligned currents appears to be near the dayside magnetopause within the magnetospheric boundary layer. It is particularly important to have a dense two- dimensional array in order to resolve the motion and structural evolution of these current systems. The Greenland stations in combination with the other GEM funded stations deployed in Canada, permit us to observe these phenomena over a sufficient region as to identify their generation location and resolve their motion and spatial evolution as the propagate. These data and the proposed research are important to understanding the physics of the processes which couple energy and momentum from the solar wind to the magnetosphere and ionosphere, the physics of the magnetospheric boundary layer and the mapping of boundary layer phenomena to the high-latitude ionosphere.</AbstractNarration>
    <MinAmdLetterDate>05/11/1995</MinAmdLetterDate>
    <MaxAmdLetterDate>07/30/1998</MaxAmdLetterDate>
    <ARRAAmount/>
    <AwardID>9501380</AwardID>
    <Investigator>
      <FirstName>Calvin Robert</FirstName>
      <LastName>Clauer</LastName>
      <EmailAddress>rclauer@vt.edu</EmailAddress>
      <StartDate>07/30/1998</StartDate>
      <EndDate/>
      <RoleCode>Principal Investigator</RoleCode>
    </Investigator>
    <Investigator>
      <FirstName>Vladimir</FirstName>
      <LastName>Papitashvili</LastName>
      <EmailAddress>papita@umich.edu</EmailAddress>
      <StartDate>03/14/1996</StartDate>
      <EndDate/>
      <RoleCode>Co-Principal Investigator</RoleCode>
    </Investigator>
    <Institution>
      <Name>University of Michigan Ann Arbor</Name>
      <CityName>Ann Arbor</CityName>
      <ZipCode>481091274</ZipCode>
      <PhoneNumber>7347636438</PhoneNumber>
      <StreetAddress>3003 South State St. Room 1062</StreetAddress>
      <CountryName>United States</CountryName>
      <StateName>Michigan</StateName>
      <StateCode>MI</StateCode>
    </Institution>
    <FoaInformation>
      <Code>0205000</Code>
      <Name>Space</Name>
    </FoaInformation>
    <FoaInformation>
      <Code>41</Code>
      <Name>Atmospheric Sciences</Name>
    </FoaInformation>
    <ProgramElement>
      <Code>5204</Code>
      <Text>GENERAL ARCTIC RESEARCH SUPPRT</Text>
    </ProgramElement>
    <ProgramElement>
      <Code>5205</Code>
      <Text>ARCTIC RESRCH SUPPRT &amp; LOGISTI</Text>
    </ProgramElement>
    <ProgramElement>
      <Code>5750</Code>
      <Text>MAGNETOSPHERIC PHYSICS</Text>
    </ProgramElement>
    <ProgramReference>
      <Code>1323</Code>
      <Text>SOLAR INFLUENCES</Text>
    </ProgramReference>
    <ProgramReference>
      <Code>EGCH</Code>
      <Text>ENVIRONMENT AND GLOBAL CHANGE</Text>
    </ProgramReference>
  </Award>
</rootTag>
