<?xml version="1.0" encoding="UTF-8"?>

<rootTag>
  <Award>
    <AwardTitle>Mathematical Sciences: Algebraic Structure of Quantum Groups</AwardTitle>
    <AwardEffectiveDate>07/01/1995</AwardEffectiveDate>
    <AwardExpirationDate>12/31/1998</AwardExpirationDate>
    <AwardAmount>50000</AwardAmount>
    <AwardInstrument>
      <Value>Standard Grant</Value>
    </AwardInstrument>
    <Organization>
      <Code>03040300</Code>
      <Directorate>
        <LongName>Direct For Mathematical &amp; Physical Scien</LongName>
      </Directorate>
      <Division>
        <LongName>Division Of Mathematical Sciences</LongName>
      </Division>
    </Organization>
    <ProgramOfficer>
      <SignBlockName>Ann K. Boyle</SignBlockName>
    </ProgramOfficer>
    <AbstractNarration>This award supports research on the analysis of the algebraic structure of non-standard quantum groups. The specific aims of the project are: (1) To analyze in detail the algebraic structure of the Cremmer-Gervais quantum groups along the lines of previous work of Hodges and Levasseur on the standard and multi-parameter cases; (2) To study the structure of the associated Poisson groups and Lie bialgebras and to compare this with the structure of the associated quantum group; (3) To construct further families of non-standard quantum groups. This research is in the general area of ring theory. A ring is an algebraic object having both an addition and a multiplication defined on it. Although the additive operation satisfies the commutative law, the multiplicative operation is not required to do so. An example of a ring for which multiplication in not commutative is the collection of nxn matrices over the integers. The study of noncommutative rings has become an important part of algebra because of its increasing significance to other branches of mathematics and physics.</AbstractNarration>
    <MinAmdLetterDate>06/21/1995</MinAmdLetterDate>
    <MaxAmdLetterDate>06/21/1995</MaxAmdLetterDate>
    <ARRAAmount/>
    <AwardID>9501484</AwardID>
    <Investigator>
      <FirstName>Timothy</FirstName>
      <LastName>Hodges</LastName>
      <EmailAddress>timothy.hodges@uc.edu</EmailAddress>
      <StartDate>06/21/1995</StartDate>
      <EndDate/>
      <RoleCode>Principal Investigator</RoleCode>
    </Investigator>
    <Institution>
      <Name>University of Cincinnati Main Campus</Name>
      <CityName>Cincinnati</CityName>
      <ZipCode>452210222</ZipCode>
      <PhoneNumber>5135564358</PhoneNumber>
      <StreetAddress>University Hall, Suite 530</StreetAddress>
      <CountryName>United States</CountryName>
      <StateName>Ohio</StateName>
      <StateCode>OH</StateCode>
    </Institution>
    <FoaInformation>
      <Code>0000099</Code>
      <Name>Other Applications NEC</Name>
    </FoaInformation>
    <FoaInformation>
      <Code>21</Code>
      <Name>Mathematics</Name>
    </FoaInformation>
    <ProgramElement>
      <Code>1264</Code>
      <Text>ALGEBRA,NUMBER THEORY,AND COM</Text>
    </ProgramElement>
    <ProgramReference>
      <Code>0000</Code>
      <Text>UNASSIGNED</Text>
    </ProgramReference>
    <ProgramReference>
      <Code>OTHR</Code>
      <Text>OTHER RESEARCH OR EDUCATION</Text>
    </ProgramReference>
  </Award>
</rootTag>
