<?xml version="1.0" encoding="UTF-8"?>

<rootTag>
  <Award>
    <AwardTitle>Investigation of Plasma Deposition Mechanisms for Silicon Dioxide and Silicon Nitride Films</AwardTitle>
    <AwardEffectiveDate>05/01/1995</AwardEffectiveDate>
    <AwardExpirationDate>04/30/1999</AwardExpirationDate>
    <AwardAmount>247994</AwardAmount>
    <AwardInstrument>
      <Value>Continuing grant</Value>
    </AwardInstrument>
    <Organization>
      <Code>03090007</Code>
      <Directorate>
        <LongName>Direct For Mathematical &amp; Physical Scien</LongName>
      </Directorate>
      <Division>
        <LongName>Division Of Chemistry</LongName>
      </Division>
    </Organization>
    <ProgramOfficer>
      <SignBlockName>Seymour Lapporte</SignBlockName>
    </ProgramOfficer>
    <AbstractNarration>In this Faculty Early Career Development Award funded by the Advanced Materials Chemistry Program in the Chemistry Division, Ellen R. Fisher of Colorado State University will investigate plasma-enhanced chemical vapor deposition of thin films of silicon dioxide and hydrogenated amorphous silicon nitride films (alpha-SiNx:H). Critical reactions between gas-phase radical species and the surface being processed by an rf plasma will be studied using a modified IRIS (Imaging of Radicals Interacting with Surfaces) method which combines spatially-resolved laser-induced fluorescence (LIF) detection with molecular beam techniques. Radical reactivities will be measured in real time during thin film deposition. IRIS will enable radicals to be studied which desorb from a surface but are not in the incident molecular beam, yielding information about volatile products produced by surface reactions. Alkoxysilane plasma systems as well as SiX4/NH3 and SiX4/N2 plasmas will be examined. The reactivity of intermediates will be measured as a function of rf input power, radical rotational state, and substrate temperature. Silicon dioxide and silicon nitride films are widely used as gate oxides, passivation layers, and interlevel dielectrics for integrated circuits. Since the mechanisms for plasma deposition of these films is still unknown, further progress to improve film quality will be enhanced by understanding the underlying chemical processes involved, such as provided in this project.</AbstractNarration>
    <MinAmdLetterDate>03/27/1995</MinAmdLetterDate>
    <MaxAmdLetterDate>11/04/1997</MaxAmdLetterDate>
    <ARRAAmount/>
    <AwardID>9501157</AwardID>
    <Investigator>
      <FirstName>Ellen</FirstName>
      <LastName>Fisher</LastName>
      <EmailAddress>ellen.fisher@colostate.edu</EmailAddress>
      <StartDate>03/27/1995</StartDate>
      <EndDate/>
      <RoleCode>Principal Investigator</RoleCode>
    </Investigator>
    <Institution>
      <Name>Colorado State University</Name>
      <CityName>Fort Collins</CityName>
      <ZipCode>805232002</ZipCode>
      <PhoneNumber>9704916355</PhoneNumber>
      <StreetAddress>601 S Howes St</StreetAddress>
      <CountryName>United States</CountryName>
      <StateName>Colorado</StateName>
      <StateCode>CO</StateCode>
    </Institution>
    <FoaInformation>
      <Code>0000099</Code>
      <Name>Other Applications NEC</Name>
    </FoaInformation>
    <FoaInformation>
      <Code>12</Code>
      <Name>Chemistry</Name>
    </FoaInformation>
    <FoaInformation>
      <Code>0106000</Code>
      <Name>Materials Research</Name>
    </FoaInformation>
    <ProgramElement>
      <Code>1984</Code>
      <Text>MATERIALS SYNTHESIS &amp; PROCESSN</Text>
    </ProgramElement>
    <ProgramReference>
      <Code>1045</Code>
      <Text>CAREER: FACULTY EARLY CAR DEV</Text>
    </ProgramReference>
    <ProgramReference>
      <Code>9161</Code>
      <Text>SINGLE DIVISION/UNIVERSITY</Text>
    </ProgramReference>
    <ProgramReference>
      <Code>9179</Code>
      <Text>GRADUATE INVOLVEMENT</Text>
    </ProgramReference>
    <ProgramReference>
      <Code>AMPP</Code>
      <Text>ADVANCED MATERIALS &amp; PROCESSING PROGRAM</Text>
    </ProgramReference>
    <ProgramReference>
      <Code>SMET</Code>
      <Text>SCIENCE, MATH, ENG &amp; TECH EDUCATION</Text>
    </ProgramReference>
  </Award>
</rootTag>
