<?xml version="1.0" encoding="UTF-8"?>

<rootTag>
  <Award>
    <AwardTitle>Dienophilicity of Indole and Pyrrole in Inverse Electron Demand Diels-Alder Reactions; Exploration and Synthetic Applications</AwardTitle>
    <AwardEffectiveDate>05/01/1995</AwardEffectiveDate>
    <AwardExpirationDate>04/30/1998</AwardExpirationDate>
    <AwardAmount>236650</AwardAmount>
    <AwardInstrument>
      <Value>Continuing grant</Value>
    </AwardInstrument>
    <Organization>
      <Code>03090003</Code>
      <Directorate>
        <LongName>Direct For Mathematical &amp; Physical Scien</LongName>
      </Directorate>
      <Division>
        <LongName>Division Of Chemistry</LongName>
      </Division>
    </Organization>
    <ProgramOfficer>
      <SignBlockName>George M. Rubottom</SignBlockName>
    </ProgramOfficer>
    <AbstractNarration>The focus of this research is the development of synthetic methodology using inverse electron demand Diels-Alder cycloadditions utilizing indole and pyrrole as dienophiles. Targets of the methodology include Aspidosperma alkaloids, beta-carbolines, carbazole alkaloids and azaindole analogues of indole alkaloids. With this award, the Synthetic Organic Program is supporting the research of Dr. John K. Snyder of the Department of Chemistry at Boston University. Professor Snyder will focus his work on the use of cycloaddition methodology for the synthesis of alkaloid natural products that have interesting biological properties</AbstractNarration>
    <MinAmdLetterDate>04/06/1995</MinAmdLetterDate>
    <MaxAmdLetterDate>02/06/1997</MaxAmdLetterDate>
    <ARRAAmount/>
    <AwardID>9501069</AwardID>
    <Investigator>
      <FirstName>John</FirstName>
      <LastName>Snyder</LastName>
      <EmailAddress>jsnyder@bu.edu</EmailAddress>
      <StartDate>04/06/1995</StartDate>
      <EndDate/>
      <RoleCode>Principal Investigator</RoleCode>
    </Investigator>
    <Institution>
      <Name>Trustees of Boston University</Name>
      <CityName>BOSTON</CityName>
      <ZipCode>022151300</ZipCode>
      <PhoneNumber>6173534365</PhoneNumber>
      <StreetAddress>881 COMMONWEALTH AVE</StreetAddress>
      <CountryName>United States</CountryName>
      <StateName>Massachusetts</StateName>
      <StateCode>MA</StateCode>
    </Institution>
  </Award>
</rootTag>
