<?xml version="1.0" encoding="UTF-8"?>

<rootTag>
  <Award>
    <AwardTitle>Mathematical Sciences:Stabilization and Approximation of Infinite Dimensional Systems</AwardTitle>
    <AwardEffectiveDate>06/01/1995</AwardEffectiveDate>
    <AwardExpirationDate>05/31/1999</AwardExpirationDate>
    <AwardAmount>90407</AwardAmount>
    <AwardInstrument>
      <Value>Continuing grant</Value>
    </AwardInstrument>
    <Organization>
      <Code>03040100</Code>
      <Directorate>
        <LongName>Direct For Mathematical &amp; Physical Scien</LongName>
      </Directorate>
      <Division>
        <LongName>Division Of Mathematical Sciences</LongName>
      </Division>
    </Organization>
    <ProgramOfficer>
      <SignBlockName>Deborah Lockhart</SignBlockName>
    </ProgramOfficer>
    <AbstractNarration>9304696 Ober This project is directed towards the study of infinite dimensional balanced realizations, both from the point of view of improving the basic understanding of these realizations and of providing further tools for model reductions of infinite dimensional systems. The project will focus on the specific questions of asymptotic and exponential stability of the balanced systems and the boundedness properties of the system operators. A further important point which will be addressed is the issue of whether general Trotter-Kato type convergence results can be proved for the balanced approximation scheme. Many engineering systems, such as highly flexible mechanical systems, inherently contain infinitely many degrees of freedom and therefore any accurate mathematical description of such a system must necessarily be infinite dimensional. This project is concerned with so-called balanced realizations for infinite dimensional linear systems. One of the important uses of balanced realizations of linear systems is as a tool in achieving model reductions of complex systems, which is a very important consideration at a practical and computational level. There already exists an extensive, elegant and important (from the point of view of applications) body of results concerning balanced realizations and their role in model reduction for finite dimensional systems. However, extensions of existing theory to infinite dimensional systems is extremely complex at both the conceptual and technical levels. The aim of this project is to develop the mathematical and computational tools that are of similar power to those available for systems of finite complexity. *** ??</AbstractNarration>
    <MinAmdLetterDate>03/03/1995</MinAmdLetterDate>
    <MaxAmdLetterDate>05/21/1997</MaxAmdLetterDate>
    <ARRAAmount/>
    <AwardID>9501223</AwardID>
    <Investigator>
      <FirstName>Raimund</FirstName>
      <LastName>Ober</LastName>
      <EmailAddress>ober@utdallas.edu</EmailAddress>
      <StartDate>03/03/1995</StartDate>
      <EndDate/>
      <RoleCode>Principal Investigator</RoleCode>
    </Investigator>
    <Institution>
      <Name>University of Texas at Dallas</Name>
      <CityName>Richardson</CityName>
      <ZipCode>750803021</ZipCode>
      <PhoneNumber>9728832313</PhoneNumber>
      <StreetAddress>800 W. Campbell Rd., AD15</StreetAddress>
      <CountryName>United States</CountryName>
      <StateName>Texas</StateName>
      <StateCode>TX</StateCode>
    </Institution>
    <FoaInformation>
      <Code>0000099</Code>
      <Name>Other Applications NEC</Name>
    </FoaInformation>
    <FoaInformation>
      <Code>21</Code>
      <Name>Mathematics</Name>
    </FoaInformation>
    <ProgramElement>
      <Code>1266</Code>
      <Text>APPLIED MATHEMATICS</Text>
    </ProgramElement>
    <ProgramReference>
      <Code>0000</Code>
      <Text>UNASSIGNED</Text>
    </ProgramReference>
    <ProgramReference>
      <Code>9146</Code>
      <Text>MANUFACTURING BASE RESEARCH</Text>
    </ProgramReference>
    <ProgramReference>
      <Code>MANU</Code>
      <Text>MANUFACTURING</Text>
    </ProgramReference>
    <ProgramReference>
      <Code>OTHR</Code>
      <Text>OTHER RESEARCH OR EDUCATION</Text>
    </ProgramReference>
  </Award>
</rootTag>
