<?xml version="1.0" encoding="UTF-8"?>

<rootTag>
  <Award>
    <AwardTitle>Preparation of Environmental Assessment for a Wastewater Treatment Facility at McMurdo Station, Antarctica</AwardTitle>
    <AwardEffectiveDate>10/01/1994</AwardEffectiveDate>
    <AwardExpirationDate>09/30/1995</AwardExpirationDate>
    <AwardAmount>74222</AwardAmount>
    <AwardInstrument>
      <Value>Interagency Agreement</Value>
    </AwardInstrument>
    <Organization>
      <Code>06090000</Code>
      <Directorate>
        <LongName>Directorate For Geosciences</LongName>
      </Directorate>
      <Division>
        <LongName>Division Of Polar Programs</LongName>
      </Division>
    </Organization>
    <ProgramOfficer>
      <SignBlockName>Joyce A. Jatko</SignBlockName>
    </ProgramOfficer>
    <AbstractNarration/>
    <MinAmdLetterDate>11/01/1994</MinAmdLetterDate>
    <MaxAmdLetterDate>05/21/2007</MaxAmdLetterDate>
    <ARRAAmount/>
    <AwardID>9501165</AwardID>
    <Investigator>
      <FirstName>Joseph</FirstName>
      <LastName>Dowden</LastName>
      <EmailAddress>jdowden@pica.army.mil</EmailAddress>
      <StartDate>11/01/1994</StartDate>
      <EndDate/>
      <RoleCode>Principal Investigator</RoleCode>
    </Investigator>
    <Institution>
      <Name>Department of Army Picatinny Arsenal</Name>
      <CityName>Dover</CityName>
      <ZipCode>07801</ZipCode>
      <PhoneNumber/>
      <StreetAddress/>
      <CountryName>United States</CountryName>
      <StateName>New Jersey</StateName>
      <StateCode>NJ</StateCode>
    </Institution>
    <FoaInformation>
      <Code>0311000</Code>
      <Name>Polar Programs-Related</Name>
    </FoaInformation>
    <FoaInformation>
      <Code>99</Code>
      <Name>Other Sciences NEC</Name>
    </FoaInformation>
  </Award>
</rootTag>
