<?xml version="1.0" encoding="UTF-8"?>

<rootTag>
  <Award>
    <AwardTitle>Research in Galois Theory and Integrating Technology in Undergraduate Mathematics</AwardTitle>
    <AwardEffectiveDate>09/01/1995</AwardEffectiveDate>
    <AwardExpirationDate>08/31/1999</AwardExpirationDate>
    <AwardAmount>41675</AwardAmount>
    <AwardInstrument>
      <Value>Standard Grant</Value>
    </AwardInstrument>
    <Organization>
      <Code>03040300</Code>
      <Directorate>
        <LongName>Direct For Mathematical &amp; Physical Scien</LongName>
      </Directorate>
      <Division>
        <LongName>Division Of Mathematical Sciences</LongName>
      </Division>
    </Organization>
    <ProgramOfficer>
      <SignBlockName>Robert Perlis</SignBlockName>
    </ProgramOfficer>
    <AbstractNarration>This CAREER award supports the research and professional development of Professor John Swallow. This project has two primary goals: to find new constructive methods to realize groups as Galois groups, and to advance the use of technology in the undergraduate mathematics classroom. For the first goal, the study will focus on obstructions to central embedding problems. The project will provide new insights into the role of Galois cohomology and computation in exhibiting explicit polynomials with given Galois groups over the field of rational numbers. One specific aim of the educational plan is to write an undergraduate textbook on Galois Theory which will employ modern algebraic computation to present examples efficiently and will replace ruler-and-compass constructions with recent research in the area of explicit construction of fields as an underlying theme. The research component of this project is in the general area of number theory. Number theory has its historical roots in the study of the whole numbers, addressing such questions as those dealing with the divisibility of one whole number by another. It is among the oldest branches of mathematics and was pursued for many centuries for purely aesthetic reasons. However, within the last half century it has become an indispensable tool in diverse applications in areas such as data transmission and processing, and communication systems.</AbstractNarration>
    <MinAmdLetterDate>04/18/1995</MinAmdLetterDate>
    <MaxAmdLetterDate>02/09/1998</MaxAmdLetterDate>
    <ARRAAmount/>
    <AwardID>9501366</AwardID>
    <Investigator>
      <FirstName>John</FirstName>
      <LastName>Swallow</LastName>
      <EmailAddress>joswallow@davidson.edu</EmailAddress>
      <StartDate>04/18/1995</StartDate>
      <EndDate/>
      <RoleCode>Principal Investigator</RoleCode>
    </Investigator>
    <Institution>
      <Name>Davidson College</Name>
      <CityName>Davidson</CityName>
      <ZipCode>280357149</ZipCode>
      <PhoneNumber>7048942644</PhoneNumber>
      <StreetAddress>Box 7149</StreetAddress>
      <CountryName>United States</CountryName>
      <StateName>North Carolina</StateName>
      <StateCode>NC</StateCode>
    </Institution>
    <FoaInformation>
      <Code>21</Code>
      <Name>Mathematics</Name>
    </FoaInformation>
  </Award>
</rootTag>
