<?xml version="1.0" encoding="UTF-8"?>

<rootTag>
  <Award>
    <AwardTitle>High-Level Design Methodologies for Time-Optimal and Memory-Optimal Systems</AwardTitle>
    <AwardEffectiveDate>06/01/1995</AwardEffectiveDate>
    <AwardExpirationDate>05/31/1999</AwardExpirationDate>
    <AwardAmount>139000</AwardAmount>
    <AwardInstrument>
      <Value>Standard Grant</Value>
    </AwardInstrument>
    <Organization>
      <Code>05010600</Code>
      <Directorate>
        <LongName>Direct For Computer &amp; Info Scie &amp; Enginr</LongName>
      </Directorate>
      <Division>
        <LongName>Division of Computing and Communication Foundations</LongName>
      </Division>
    </Organization>
    <ProgramOfficer>
      <SignBlockName>Robert B Grafton</SignBlockName>
    </ProgramOfficer>
    <AbstractNarration>This research is on optimization algorithms for synthesis of multi- level loops, which occur in time and memory critical parts of scientific computing applications. The nested loops are modeled as multi-dimensional data-flow Graphs (MDFG); and algorithms taking advantage of the multi-dimensionality are being designed. By considering the multi-dimensional iteration space and the iteration body simultaneously, the transformation and optimization techniques are able to optimize throughput and memory requirement at the behavior level. Research topics include: graph transformation and optimization; data scheduling; and co-design. Polynomial-time algorithms for various graph models are being developed. This avoids exponential integer linear programming approaches.</AbstractNarration>
    <MinAmdLetterDate>05/11/1995</MinAmdLetterDate>
    <MaxAmdLetterDate>03/29/1996</MaxAmdLetterDate>
    <ARRAAmount/>
    <AwardID>9501006</AwardID>
    <Investigator>
      <FirstName>Edwin</FirstName>
      <LastName>Sha</LastName>
      <EmailAddress>edsha@utdallas.edu</EmailAddress>
      <StartDate>05/11/1995</StartDate>
      <EndDate/>
      <RoleCode>Principal Investigator</RoleCode>
    </Investigator>
    <Institution>
      <Name>University of Notre Dame</Name>
      <CityName>NOTRE DAME</CityName>
      <ZipCode>465565708</ZipCode>
      <PhoneNumber>5746317432</PhoneNumber>
      <StreetAddress>940 Grace Hall</StreetAddress>
      <CountryName>United States</CountryName>
      <StateName>Indiana</StateName>
      <StateCode>IN</StateCode>
    </Institution>
    <FoaInformation>
      <Code>0510403</Code>
      <Name>Engineering &amp; Computer Science</Name>
    </FoaInformation>
    <FoaInformation>
      <Code>0206000</Code>
      <Name>Telecommunications</Name>
    </FoaInformation>
  </Award>
</rootTag>
