<?xml version="1.0" encoding="UTF-8"?>

<rootTag>
  <Award>
    <AwardTitle>Mathematical Sciences: Singular Unitary Representations and Cohomology of Arithmetic Manifolds</AwardTitle>
    <AwardEffectiveDate>06/01/1995</AwardEffectiveDate>
    <AwardExpirationDate>05/31/1998</AwardExpirationDate>
    <AwardAmount>75000</AwardAmount>
    <AwardInstrument>
      <Value>Standard Grant</Value>
    </AwardInstrument>
    <Organization>
      <Code>03040200</Code>
      <Directorate>
        <LongName>Direct For Mathematical &amp; Physical Scien</LongName>
      </Directorate>
      <Division>
        <LongName>Division Of Mathematical Sciences</LongName>
      </Division>
    </Organization>
    <ProgramOfficer>
      <SignBlockName>Joe W. Jenkins</SignBlockName>
    </ProgramOfficer>
    <AbstractNarration>DMS-9501092 PI: Li Li will investigate a new approach to the problem of exhaustion of automorphic forms based on recent work by Sarnak. This approach does not make use of Fourier coefficients and is applicable to groups of small rational rank, including anisotropic groups. It involves the study of matrix coefficients, small representations of p-adic groups, and some Diophantine problems. The theory of Lie groups, named in honor of the Norwegian mathematician Sophus Lie, has been one of the major themes in twentieth century mathematics. As the mathematical vehicle for exploiting the symmetries inherent in a system, the representation theory of Lie groups has had a profound impact upon mathematics itself, particularly in analysis and number theory, and upon theoretical physics, especially quantum mechanics and elementary particle physics.</AbstractNarration>
    <MinAmdLetterDate>04/27/1995</MinAmdLetterDate>
    <MaxAmdLetterDate>04/27/1995</MaxAmdLetterDate>
    <ARRAAmount/>
    <AwardID>9501092</AwardID>
    <Investigator>
      <FirstName>Jian-Shu</FirstName>
      <LastName>Li</LastName>
      <EmailAddress>jsl@math.umd.edu</EmailAddress>
      <StartDate>04/27/1995</StartDate>
      <EndDate/>
      <RoleCode>Principal Investigator</RoleCode>
    </Investigator>
    <Institution>
      <Name>University of Maryland College Park</Name>
      <CityName>COLLEGE PARK</CityName>
      <ZipCode>207425141</ZipCode>
      <PhoneNumber>3014056269</PhoneNumber>
      <StreetAddress>3112 LEE BLDG 7809 Regents Drive</StreetAddress>
      <CountryName>United States</CountryName>
      <StateName>Maryland</StateName>
      <StateCode>MD</StateCode>
    </Institution>
    <FoaInformation>
      <Code>21</Code>
      <Name>Mathematics</Name>
    </FoaInformation>
  </Award>
</rootTag>
