<?xml version="1.0" encoding="UTF-8"?>

<rootTag>
  <Award>
    <AwardTitle>Mathematical Sciences: Conference on Modular Representation Theory</AwardTitle>
    <AwardEffectiveDate>03/01/1995</AwardEffectiveDate>
    <AwardExpirationDate>08/31/1995</AwardExpirationDate>
    <AwardAmount>5000</AwardAmount>
    <AwardInstrument>
      <Value>Standard Grant</Value>
    </AwardInstrument>
    <Organization>
      <Code>03040300</Code>
      <Directorate>
        <LongName>Direct For Mathematical &amp; Physical Scien</LongName>
      </Directorate>
      <Division>
        <LongName>Division Of Mathematical Sciences</LongName>
      </Division>
    </Organization>
    <ProgramOfficer>
      <SignBlockName>Ann K. Boyle</SignBlockName>
    </ProgramOfficer>
    <AbstractNarration>This award supports a four-day conference on modular representation theory. Particular emphasis will be on current research related to Alperin's Weight Conjecture and related conjectures, as well as Puig's Source Algebra Conjecture. Related developments involving group complexes, Frobenius categories and other topics will be explored. The principal speakers will include Alperin, Broue, Puig and Robinson. The conference supported concerns the representation theory of finite groups. A group is an algebraic object used to study transformations. Because of this, groups are a fundamental tool in physics, chemistry, computer science, and biology as well as mathematics. Representation theory is an important method for determining the structure of groups.</AbstractNarration>
    <MinAmdLetterDate>02/01/1995</MinAmdLetterDate>
    <MaxAmdLetterDate>02/01/1995</MaxAmdLetterDate>
    <ARRAAmount/>
    <AwardID>9501001</AwardID>
    <Investigator>
      <FirstName>Ronald</FirstName>
      <LastName>Solomon</LastName>
      <EmailAddress>solomon@math.ohio-state.edu</EmailAddress>
      <StartDate>02/01/1995</StartDate>
      <EndDate/>
      <RoleCode>Principal Investigator</RoleCode>
    </Investigator>
    <Institution>
      <Name>Ohio State University Research Foundation -DO NOT USE</Name>
      <CityName>Columbus</CityName>
      <ZipCode>432101016</ZipCode>
      <PhoneNumber>6142923732</PhoneNumber>
      <StreetAddress>1960 KENNY RD</StreetAddress>
      <CountryName>United States</CountryName>
      <StateName>Ohio</StateName>
      <StateCode>OH</StateCode>
    </Institution>
    <FoaInformation>
      <Code>0000099</Code>
      <Name>Other Applications NEC</Name>
    </FoaInformation>
  </Award>
</rootTag>
