<?xml version="1.0" encoding="UTF-8"?>

<rootTag>
  <Award>
    <AwardTitle>Allosteric Supramolecular Assemblies</AwardTitle>
    <AwardEffectiveDate>05/01/1995</AwardEffectiveDate>
    <AwardExpirationDate>10/31/1998</AwardExpirationDate>
    <AwardAmount>190250</AwardAmount>
    <AwardInstrument>
      <Value>Continuing grant</Value>
    </AwardInstrument>
    <Organization>
      <Code>03090003</Code>
      <Directorate>
        <LongName>Direct For Mathematical &amp; Physical Scien</LongName>
      </Directorate>
      <Division>
        <LongName>Division Of Chemistry</LongName>
      </Division>
    </Organization>
    <ProgramOfficer>
      <SignBlockName>George M. Rubottom</SignBlockName>
    </ProgramOfficer>
    <AbstractNarration>U. Notre Dame This CAREER award is made in the Organic Dynamics Program in support of the research and teaching activities of Dr. Bradley Smith. The theme of the research is the design and synthesis of allosteric supramolecular assemblies, i.e systems whose chemical activity is altered by conformational changes remote to the site of the activity. In each system proposed, the allosteric mechanism will involve chair-chair interconversion of cis-1,3-cyclohexanedicarboxylic acids. These switchable moieties will be incorporated into cyclophanes, polar lipids, and self assembling ion channels. The allosteric molecular switches will be triggered by pH changes and/or metal cations. Depending on the design of the supramolecular assembly, triggered-release of drugs, transport of ions, and signal transduction will be achieved. Dr. Smith's teaching plan will involve the development of a laboratory manual for a new Biological Organic Chemistry course for biology majors and the development of a new course in Organic Structure Elucidation. A workbook will be prepared for the latter based on modern spectroscopic methods and directed towards senior undergraduates. This study of allosteric supramolecular assemblies will lead to the development of useful molecular devices such as triggered-release liposomes for gene therapy, targeted carriers for drug delivery and switchable ion channels with antibiotic potential. The involvement of graduate and undergraduate students in the research will have a significant educational value.</AbstractNarration>
    <MinAmdLetterDate>04/04/1995</MinAmdLetterDate>
    <MaxAmdLetterDate>02/10/1997</MaxAmdLetterDate>
    <ARRAAmount/>
    <AwardID>9501166</AwardID>
    <Investigator>
      <FirstName>Bradley</FirstName>
      <LastName>Smith</LastName>
      <EmailAddress>smith.115@nd.edu</EmailAddress>
      <StartDate>04/04/1995</StartDate>
      <EndDate/>
      <RoleCode>Principal Investigator</RoleCode>
    </Investigator>
    <Institution>
      <Name>University of Notre Dame</Name>
      <CityName>NOTRE DAME</CityName>
      <ZipCode>465565708</ZipCode>
      <PhoneNumber>5746317432</PhoneNumber>
      <StreetAddress>940 Grace Hall</StreetAddress>
      <CountryName>United States</CountryName>
      <StateName>Indiana</StateName>
      <StateCode>IN</StateCode>
    </Institution>
    <FoaInformation>
      <Code>0101000</Code>
      <Name>Curriculum Development</Name>
    </FoaInformation>
    <FoaInformation>
      <Code>12</Code>
      <Name>Chemistry</Name>
    </FoaInformation>
    <ProgramElement>
      <Code>1944</Code>
      <Text>BIMOLECULAR PROCESSES</Text>
    </ProgramElement>
    <ProgramReference>
      <Code>0000</Code>
      <Text>UNASSIGNED</Text>
    </ProgramReference>
    <ProgramReference>
      <Code>1045</Code>
      <Text>CAREER: FACULTY EARLY CAR DEV</Text>
    </ProgramReference>
    <ProgramReference>
      <Code>OTHR</Code>
      <Text>OTHER RESEARCH OR EDUCATION</Text>
    </ProgramReference>
    <ProgramReference>
      <Code>9183</Code>
      <Text>GENERAL FOUNDATIONS OF BIOTECHNOLOGY</Text>
    </ProgramReference>
    <ProgramReference>
      <Code>BIOT</Code>
      <Text>BIOTECHNOLOGY</Text>
    </ProgramReference>
    <ProgramReference>
      <Code>9178</Code>
      <Text>UNDERGRADUATE EDUCATION</Text>
    </ProgramReference>
    <ProgramReference>
      <Code>SMET</Code>
      <Text>SCIENCE, MATH, ENG &amp; TECH EDUCATION</Text>
    </ProgramReference>
  </Award>
</rootTag>
