<?xml version="1.0" encoding="UTF-8"?>

<rootTag>
  <Award>
    <AwardTitle>Mathematical Sciences: Research in Harmonic Analysis</AwardTitle>
    <AwardEffectiveDate>07/15/1995</AwardEffectiveDate>
    <AwardExpirationDate>06/30/2003</AwardExpirationDate>
    <AwardAmount>109785</AwardAmount>
    <AwardInstrument>
      <Value>Continuing grant</Value>
    </AwardInstrument>
    <Organization>
      <Code>03040100</Code>
      <Directorate>
        <LongName>Direct For Mathematical &amp; Physical Scien</LongName>
      </Directorate>
      <Division>
        <LongName>Division Of Mathematical Sciences</LongName>
      </Division>
    </Organization>
    <ProgramOfficer>
      <SignBlockName>Joe W. Jenkins</SignBlockName>
    </ProgramOfficer>
    <AbstractNarration>DMS-9501191 PI: Gross Gross will continue his research on operator-valued Bessel functions on domains of positivity, hypergeometric functions on higher-dimensional spaces, multidimensional extensions of Ramanujan's Master Theorem, and will generalize to the setting of symmetric cones, constructs from classical analysis and approximation theory related to Newton polynomials. Also, Gross will develop a theory of special functions that will apply to non-symmetric cones that arise in the theory of Lie groups, investigate intertwining operators associated to degenerate principal series representations of reductive Lie groups, and study special functions associated to light cones and the indefinite orthogonal groups of rank two. The theory of Lie groups, named in honor of the Norwegian mathematician Sophus Lie, has been one of the major themes in twentieth century mathematics. As the mathematical vehicle for exploiting the symmetries inherent in a system, the representation theory of Lie groups has had a profound impact upon mathematics itself, particularly in analysis and number theory, and upon theoretical physics, especially quantum mechanics and elementary particle physics.</AbstractNarration>
    <MinAmdLetterDate>07/10/1995</MinAmdLetterDate>
    <MaxAmdLetterDate>10/25/2002</MaxAmdLetterDate>
    <ARRAAmount/>
    <AwardID>9501191</AwardID>
    <Investigator>
      <FirstName>Kenneth</FirstName>
      <LastName>Gross</LastName>
      <EmailAddress>kgross@uvm.edu</EmailAddress>
      <StartDate>07/10/1995</StartDate>
      <EndDate/>
      <RoleCode>Principal Investigator</RoleCode>
    </Investigator>
    <Institution>
      <Name>University of Vermont &amp; State Agricultural College</Name>
      <CityName>BURLINGTON</CityName>
      <ZipCode>054050160</ZipCode>
      <PhoneNumber>8026563660</PhoneNumber>
      <StreetAddress>85 SO. PROSPECT ST.</StreetAddress>
      <CountryName>United States</CountryName>
      <StateName>Vermont</StateName>
      <StateCode>VT</StateCode>
    </Institution>
    <FoaInformation>
      <Code>0000099</Code>
      <Name>Other Applications NEC</Name>
    </FoaInformation>
    <FoaInformation>
      <Code>21</Code>
      <Name>Mathematics</Name>
    </FoaInformation>
  </Award>
</rootTag>
