<?xml version="1.0" encoding="UTF-8"?>

<rootTag>
  <Award>
    <AwardTitle>CAREER: Networking and Communication Techniques for Wireless Applications</AwardTitle>
    <AwardEffectiveDate>06/01/1995</AwardEffectiveDate>
    <AwardExpirationDate>05/31/1999</AwardExpirationDate>
    <AwardAmount>135000</AwardAmount>
    <AwardInstrument>
      <Value>Standard Grant</Value>
    </AwardInstrument>
    <Organization>
      <Code>05010700</Code>
      <Directorate>
        <LongName>Direct For Computer &amp; Info Scie &amp; Enginr</LongName>
      </Directorate>
      <Division>
        <LongName>Division of Computing and Communication Foundations</LongName>
      </Division>
    </Organization>
    <ProgramOfficer>
      <SignBlockName>Rodger E. Ziemer</SignBlockName>
    </ProgramOfficer>
    <AbstractNarration>NCR-9501452 Goldsmith, Andrea The broad goal of this research is to address fundamental issues in the design, analysis, and implementation of wireless networks. Issues treated will cross traditional boundaries between signal processing, communications, and networking. The work will first develop a networking, architecture and protocol suite to support the internetworking of wireless subnetworks. A hierarchical network infrastructure will be considered that exploits the broadcast capability and power control of radio channels. Optimum location of multimode gateways and hierarchical databases to aid in mobility management and routing within this infrastructure will be determined. Optimization techniques for efficient allocation of spectrum will be studied using techniques from dynamic programming. Formal methods for obtaining and analyzing channel policies will be developed and applied to analysis and design issues. Joint source/channel coding techniques to minimize end to end distortion will be examined. Emerging wireless applications will be considered and a global networking infrastructure to support these applications will be sought. The education component will develop innovative and dynamic course programs at the undergraduate and graduate level in wireless communications, networks, and dynamic programming. These activities will encourage industrial collaborations.</AbstractNarration>
    <MinAmdLetterDate>05/25/1995</MinAmdLetterDate>
    <MaxAmdLetterDate>05/25/1995</MaxAmdLetterDate>
    <ARRAAmount/>
    <AwardID>9501452</AwardID>
    <Investigator>
      <FirstName>Andrea</FirstName>
      <LastName>Goldsmith</LastName>
      <EmailAddress>andrea@ee.stanford.edu</EmailAddress>
      <StartDate>05/25/1995</StartDate>
      <EndDate/>
      <RoleCode>Principal Investigator</RoleCode>
    </Investigator>
    <Institution>
      <Name>California Institute of Technology</Name>
      <CityName>PASADENA</CityName>
      <ZipCode>911250600</ZipCode>
      <PhoneNumber>6263956219</PhoneNumber>
      <StreetAddress>1200 E California Blvd</StreetAddress>
      <CountryName>United States</CountryName>
      <StateName>California</StateName>
      <StateCode>CA</StateCode>
    </Institution>
    <FoaInformation>
      <Code>0206000</Code>
      <Name>Telecommunications</Name>
    </FoaInformation>
    <FoaInformation>
      <Code>55</Code>
      <Name>Engineering-Electrical</Name>
    </FoaInformation>
  </Award>
</rootTag>
