<?xml version="1.0" encoding="UTF-8"?>

<rootTag>
  <Award>
    <AwardTitle>Shipboard Scientific Support Equipment</AwardTitle>
    <AwardEffectiveDate>04/15/1995</AwardEffectiveDate>
    <AwardExpirationDate>03/31/1997</AwardExpirationDate>
    <AwardAmount>26196</AwardAmount>
    <AwardInstrument>
      <Value>Standard Grant</Value>
    </AwardInstrument>
    <Organization>
      <Code>06040100</Code>
      <Directorate>
        <LongName>Directorate For Geosciences</LongName>
      </Directorate>
      <Division>
        <LongName>Division Of Ocean Sciences</LongName>
      </Division>
    </Organization>
    <ProgramOfficer>
      <SignBlockName>Richard W. West</SignBlockName>
    </ProgramOfficer>
    <AbstractNarration>9501234 PFEIFFER This project will supply shipboard scientific support equipment for the research vessel CAPE HENLOPEN operated by the University of Delaware, College of Marine Studies and dedicated to use in support of ocean science research. The Shipboard Scientific Support Equipment Program provides funds for ship equipment deemed essential to the proper and safe conduct of ocean science research. This Program provides support for such items as deck equipment including winch systems for the deployment and retrieval of scientific instruments, navigational equipment such as radars, gyroscopes and earth satellite receivers to pin point the location of research sites, communication equipment including radio transceivers and satellite transceivers for voice and scientific data communications and other equipment such as motorized workboats for transporting scientists to and from data retrieval sites. The Project Director, Timothy F. Pfeiffer is fully qualified to direct this project having had considerable experience in overseeing the acquisition and installation of shipboard equipment. This project will allow the institution to upgrade to differential GPS, and obtain an attitudinal GPS and a computer for navigation. ***</AbstractNarration>
    <MinAmdLetterDate>03/27/1995</MinAmdLetterDate>
    <MaxAmdLetterDate>03/27/1995</MaxAmdLetterDate>
    <ARRAAmount/>
    <AwardID>9501234</AwardID>
    <Investigator>
      <FirstName>Timothy</FirstName>
      <LastName>Pfeiffer</LastName>
      <EmailAddress>pfeifft@onr.navy.mil</EmailAddress>
      <StartDate>03/27/1995</StartDate>
      <EndDate/>
      <RoleCode>Principal Investigator</RoleCode>
    </Investigator>
    <Institution>
      <Name>University of Delaware</Name>
      <CityName>Newark</CityName>
      <ZipCode>197162553</ZipCode>
      <PhoneNumber>3028312136</PhoneNumber>
      <StreetAddress>210 Hullihen Hall</StreetAddress>
      <CountryName>United States</CountryName>
      <StateName>Delaware</StateName>
      <StateCode>DE</StateCode>
    </Institution>
  </Award>
</rootTag>
