<?xml version="1.0" encoding="UTF-8"?>

<rootTag>
  <Award>
    <AwardTitle>CAREER: Nonlinear Output Feedback Control of Constrained Multivariable Processes</AwardTitle>
    <AwardEffectiveDate>07/01/1995</AwardEffectiveDate>
    <AwardExpirationDate>06/30/2000</AwardExpirationDate>
    <AwardAmount>285000</AwardAmount>
    <AwardInstrument>
      <Value>Continuing grant</Value>
    </AwardInstrument>
    <Organization>
      <Code>07020000</Code>
      <Directorate>
        <LongName>Directorate For Engineering</LongName>
      </Directorate>
      <Division>
        <LongName>Div Of Chem, Bioeng, Env, &amp; Transp Sys</LongName>
      </Division>
    </Organization>
    <ProgramOfficer>
      <SignBlockName>Maria Burka</SignBlockName>
    </ProgramOfficer>
    <AbstractNarration>Henson 9502327 This is a Faculty Early Career Development (CAREER) grant which includes both a research as well as an educational component. Research: The PI's research focuses on the development of nonlinear output feedback control strategies for constrained multivariable processes. More effective estimation and control techniques are needed for chemical processes as a result of increased demands on productivity and product quality. In order to provide satisfactory performance, industrial control systems must account for multiple inputs and outputs, nonlinear dynamic behavior, process constraints, and lack of on-line measurements. The objective of this research is to develop a computationally efficient control strategy for chemical processes that exhibit these characteristics. The control system has three distinct components: (1) a nonlinear closed-loop observer which provides on-line estimates of unmeasured state variables; (2) a multivariable input-output linearizing controller which accounts for process nonlinearities; and (3) a multivariable linear model predictive controller which compensates for process constraints. The control strategy will be analyzed theoretically and evaluated via simulation using representative chemical and polymerization reactor models. A collaborative arrangement with DuPont will allow the control scheme to be applied to an industrial polymerization process. This test will facilitate technology transfer to industry. Education: The teaching plan is designed to enhance the educational opportunities available in the Louisiana State University Chemical Engineering Department. The specific goals of the plan are to: (1) improve the department's computer facilities; (2) revise the curriculum for the department's process control courses; (3) computerize experiments in the department's undergraduate laboratories; (4) revitalize the department's undergraduate research program; (5) establish a minority student program in the department; and (6) participa te in the department's graduate student recruitment program.</AbstractNarration>
    <MinAmdLetterDate>06/12/1995</MinAmdLetterDate>
    <MaxAmdLetterDate>05/11/1998</MaxAmdLetterDate>
    <ARRAAmount/>
    <AwardID>9501368</AwardID>
    <Investigator>
      <FirstName>Michael</FirstName>
      <LastName>Henson</LastName>
      <EmailAddress>henson@ecs.umass.edu</EmailAddress>
      <StartDate>06/12/1995</StartDate>
      <EndDate/>
      <RoleCode>Principal Investigator</RoleCode>
    </Investigator>
    <Institution>
      <Name>Louisiana State University &amp; Agricultural and Mechanical College</Name>
      <CityName>Baton Rouge</CityName>
      <ZipCode>708032701</ZipCode>
      <PhoneNumber>2255782760</PhoneNumber>
      <StreetAddress>202 Himes Hall</StreetAddress>
      <CountryName>United States</CountryName>
      <StateName>Louisiana</StateName>
      <StateCode>LA</StateCode>
    </Institution>
    <FoaInformation>
      <Code>0308000</Code>
      <Name>Industrial Technology</Name>
    </FoaInformation>
    <FoaInformation>
      <Code>53</Code>
      <Name>Engineering-Chemical</Name>
    </FoaInformation>
    <ProgramElement>
      <Code>1403</Code>
      <Text>PROCESS &amp; REACTION ENGINEERING</Text>
    </ProgramElement>
    <ProgramReference>
      <Code>1045</Code>
      <Text>CAREER: FACULTY EARLY CAR DEV</Text>
    </ProgramReference>
    <ProgramReference>
      <Code>9146</Code>
      <Text>MANUFACTURING BASE RESEARCH</Text>
    </ProgramReference>
    <ProgramReference>
      <Code>MANU</Code>
      <Text>MANUFACTURING</Text>
    </ProgramReference>
  </Award>
</rootTag>
