<?xml version="1.0" encoding="UTF-8"?>

<rootTag>
  <Award>
    <AwardTitle>Mathematical Sciences: Rational Points on Algebraic Varieties</AwardTitle>
    <AwardEffectiveDate>06/01/1995</AwardEffectiveDate>
    <AwardExpirationDate>05/31/1998</AwardExpirationDate>
    <AwardAmount>38000</AwardAmount>
    <AwardInstrument>
      <Value>Standard Grant</Value>
    </AwardInstrument>
    <Organization>
      <Code>03040300</Code>
      <Directorate>
        <LongName>Direct For Mathematical &amp; Physical Scien</LongName>
      </Directorate>
      <Division>
        <LongName>Division Of Mathematical Sciences</LongName>
      </Division>
    </Organization>
    <ProgramOfficer>
      <SignBlockName>Andrew G. Earnest</SignBlockName>
    </ProgramOfficer>
    <AbstractNarration>The main goal of this research is to study a conjecture of Mazur concerning the topology of rational points on a variety over the rational number field. Questions related to the Hasse Principle, weak approximation and the Brauer-Manin obstruction play a key role in this study. The approach depends on a detailed study of special properties of each variety under consideration and the construction of canonical height functions when applicable. This research is in the general mathematical area of Arithmetic Geometry. This ultramodern research area combines two of the oldest branches of mathematics: number theory and geometry. The new insights arising out of this combination are producing increasingly powerful tools to solve long-standing problems like Fermat's Last Theorem, which have resisted the strongest efforts of over three centuries of mathematicians. In addition, though Arithmetic Geometry is sometimes regarded as among the purest of pure mathematics, it has also been developing insightful new techniques leading to dramatic progress in such applied areas as error-correcting codes and cryptography.</AbstractNarration>
    <MinAmdLetterDate>05/23/1995</MinAmdLetterDate>
    <MaxAmdLetterDate>05/23/1995</MaxAmdLetterDate>
    <ARRAAmount/>
    <AwardID>9501057</AwardID>
    <Investigator>
      <FirstName>James</FirstName>
      <LastName>Milne</LastName>
      <EmailAddress>jmilne@math.lsa.umich.edu</EmailAddress>
      <StartDate>05/23/1995</StartDate>
      <EndDate/>
      <RoleCode>Principal Investigator</RoleCode>
    </Investigator>
    <Institution>
      <Name>University of Michigan Ann Arbor</Name>
      <CityName>Ann Arbor</CityName>
      <ZipCode>481091274</ZipCode>
      <PhoneNumber>7347636438</PhoneNumber>
      <StreetAddress>3003 South State St. Room 1062</StreetAddress>
      <CountryName>United States</CountryName>
      <StateName>Michigan</StateName>
      <StateCode>MI</StateCode>
    </Institution>
    <FoaInformation>
      <Code>21</Code>
      <Name>Mathematics</Name>
    </FoaInformation>
  </Award>
</rootTag>
