<?xml version="1.0" encoding="UTF-8"?>

<rootTag>
  <Award>
    <AwardTitle>CAREER: Understanding Behavior in Commodity Software Systems</AwardTitle>
    <AwardEffectiveDate>05/01/1995</AwardEffectiveDate>
    <AwardExpirationDate>04/30/1998</AwardExpirationDate>
    <AwardAmount>109048</AwardAmount>
    <AwardInstrument>
      <Value>Standard Grant</Value>
    </AwardInstrument>
    <Organization>
      <Code>05010400</Code>
      <Directorate>
        <LongName>Direct For Computer &amp; Info Scie &amp; Enginr</LongName>
      </Directorate>
      <Division>
        <LongName>Division of Computing and Communication Foundations</LongName>
      </Division>
    </Organization>
    <ProgramOfficer>
      <SignBlockName>Mukesh Singhal</SignBlockName>
    </ProgramOfficer>
    <AbstractNarration>Commodity software differs in fundamental ways from the workloads typically used in academic research to measure hardware and software behavior in computer systems research. In this project the behavior of commodity software systems will be studied. The project will develop tools for measuring behavior in commodity software, then apply them tools to important problems in computer systems design.</AbstractNarration>
    <MinAmdLetterDate>03/07/1995</MinAmdLetterDate>
    <MaxAmdLetterDate>03/07/1995</MaxAmdLetterDate>
    <ARRAAmount/>
    <AwardID>9501365</AwardID>
    <Investigator>
      <FirstName>J. Bradley</FirstName>
      <LastName>Chen</LastName>
      <EmailAddress>bchen@c.harvard.edu</EmailAddress>
      <StartDate>03/07/1995</StartDate>
      <EndDate/>
      <RoleCode>Principal Investigator</RoleCode>
    </Investigator>
    <Institution>
      <Name>Harvard University</Name>
      <CityName>Cambridge</CityName>
      <ZipCode>021385366</ZipCode>
      <PhoneNumber>6174955501</PhoneNumber>
      <StreetAddress>1033 MASSACHUSETTS AVE</StreetAddress>
      <CountryName>United States</CountryName>
      <StateName>Massachusetts</StateName>
      <StateCode>MA</StateCode>
    </Institution>
    <FoaInformation>
      <Code>0000099</Code>
      <Name>Other Applications NEC</Name>
    </FoaInformation>
    <FoaInformation>
      <Code>31</Code>
      <Name>Computer Science &amp; Engineering</Name>
    </FoaInformation>
  </Award>
</rootTag>
