<?xml version="1.0" encoding="UTF-8"?>

<rootTag>
  <Award>
    <AwardTitle>Technical Services</AwardTitle>
    <AwardEffectiveDate>03/01/1995</AwardEffectiveDate>
    <AwardExpirationDate>02/28/1997</AwardExpirationDate>
    <AwardAmount>54710</AwardAmount>
    <AwardInstrument>
      <Value>Continuing grant</Value>
    </AwardInstrument>
    <Organization>
      <Code>06040100</Code>
      <Directorate>
        <LongName>Directorate For Geosciences</LongName>
      </Directorate>
      <Division>
        <LongName>Division Of Ocean Sciences</LongName>
      </Division>
    </Organization>
    <ProgramOfficer>
      <SignBlockName>Elizabeth Rom</SignBlockName>
    </ProgramOfficer>
    <AbstractNarration>The University of Texas Austin (UTA) requests incremental funding for shipboard technician activities associated with the research vessel LONGHORN, a 103-foot vessel. The LONGHORN is owned and operated by UTA. It is based at the UTA Marine Science Institute in Port Aransas, TX. The ship and its crew will support NSF-funded research in the Gulf of Mexico. The UTA technician will be responsible for operating and repairing instruments while at sea, maintaining instruments ashore and assisting with scientific operations as necessary before and after cruises. ??</AbstractNarration>
    <MinAmdLetterDate>03/07/1995</MinAmdLetterDate>
    <MaxAmdLetterDate>02/13/1996</MaxAmdLetterDate>
    <ARRAAmount/>
    <AwardID>9501439</AwardID>
    <Investigator>
      <FirstName>Anthony</FirstName>
      <LastName>Amos</LastName>
      <EmailAddress>afamos@utmsi.utexas.edu</EmailAddress>
      <StartDate>03/07/1995</StartDate>
      <EndDate/>
      <RoleCode>Co-Principal Investigator</RoleCode>
    </Investigator>
    <Investigator>
      <FirstName>Terry</FirstName>
      <LastName>Whitledge</LastName>
      <EmailAddress>tewhitledge@alaska.edu</EmailAddress>
      <StartDate>03/07/1995</StartDate>
      <EndDate/>
      <RoleCode>Principal Investigator</RoleCode>
    </Investigator>
    <Institution>
      <Name>University of Texas at Austin</Name>
      <CityName>Austin</CityName>
      <ZipCode>787121532</ZipCode>
      <PhoneNumber>5124716424</PhoneNumber>
      <StreetAddress>101 E. 27th Street, Suite 5.300</StreetAddress>
      <CountryName>United States</CountryName>
      <StateName>Texas</StateName>
      <StateCode>TX</StateCode>
    </Institution>
    <FoaInformation>
      <Code>0204000</Code>
      <Name>Oceanography</Name>
    </FoaInformation>
    <FoaInformation>
      <Code>49</Code>
      <Name>Environmental NEC</Name>
    </FoaInformation>
    <ProgramElement>
      <Code>5415</Code>
      <Text>OCEANOGRAPHIC TECHNICAL SERVCE</Text>
    </ProgramElement>
    <ProgramReference>
      <Code>0000</Code>
      <Text>UNASSIGNED</Text>
    </ProgramReference>
    <ProgramReference>
      <Code>OTHR</Code>
      <Text>OTHER RESEARCH OR EDUCATION</Text>
    </ProgramReference>
  </Award>
</rootTag>
