<?xml version="1.0" encoding="UTF-8"?>

<rootTag>
  <Award>
    <AwardTitle>Mathematical Sciences: Algebraic Methods in Optimization</AwardTitle>
    <AwardEffectiveDate>07/01/1995</AwardEffectiveDate>
    <AwardExpirationDate>06/30/1999</AwardExpirationDate>
    <AwardAmount>60000</AwardAmount>
    <AwardInstrument>
      <Value>Standard Grant</Value>
    </AwardInstrument>
    <Organization>
      <Code>03040300</Code>
      <Directorate>
        <LongName>Direct For Mathematical &amp; Physical Scien</LongName>
      </Directorate>
      <Division>
        <LongName>Division Of Mathematical Sciences</LongName>
      </Division>
    </Organization>
    <ProgramOfficer>
      <SignBlockName>Andrew G. Earnest</SignBlockName>
    </ProgramOfficer>
    <AbstractNarration>This award supports the research of Professor Alexandre Barvinok on the construction of algorithms for computational problems in combinatorics and algebra. The main goal is to find non-trivial upper bounds for the computational complexity of these problems by exploring the underlying algebraic structure. Three specific topics are being investigated. The first topic includes the applications of exponential sums to a wide range of computational problems. The second deals with applications of the representation theory of the symmetric group to hard problems in combinatorial optimization. The third topic involves quantifier elimination in integer programming, a specific unresolved question concerning integral points in polyhedra. The algorithms developed have potential practical applications to real world problems that reduce to hard enumeration. This research is in the general area of Combinatorics. Combinatorics attempts to find efficient methods to study how discrete collections of objects can be arranged. The behavior of discrete systems is extremely important to modern communications. For example, the design of large networks, such as those occurring in telephone systems, and the design of algorithms in computer science deal with discrete sets of objects, and this makes use of combinatorial research.</AbstractNarration>
    <MinAmdLetterDate>07/10/1995</MinAmdLetterDate>
    <MaxAmdLetterDate>07/10/1995</MaxAmdLetterDate>
    <ARRAAmount/>
    <AwardID>9501129</AwardID>
    <Investigator>
      <FirstName>Alexander</FirstName>
      <LastName>Barvinok</LastName>
      <EmailAddress>barvinok@umich.edu</EmailAddress>
      <StartDate>07/10/1995</StartDate>
      <EndDate/>
      <RoleCode>Principal Investigator</RoleCode>
    </Investigator>
    <Institution>
      <Name>University of Michigan Ann Arbor</Name>
      <CityName>Ann Arbor</CityName>
      <ZipCode>481091274</ZipCode>
      <PhoneNumber>7347636438</PhoneNumber>
      <StreetAddress>3003 South State St. Room 1062</StreetAddress>
      <CountryName>United States</CountryName>
      <StateName>Michigan</StateName>
      <StateCode>MI</StateCode>
    </Institution>
    <FoaInformation>
      <Code>0000099</Code>
      <Name>Other Applications NEC</Name>
    </FoaInformation>
  </Award>
</rootTag>
