<?xml version="1.0" encoding="UTF-8"?>

<rootTag>
  <Award>
    <AwardTitle>Axial Segregation in Granular Media</AwardTitle>
    <AwardEffectiveDate>08/15/1995</AwardEffectiveDate>
    <AwardExpirationDate>07/31/1997</AwardExpirationDate>
    <AwardAmount>80000</AwardAmount>
    <AwardInstrument>
      <Value>Continuing grant</Value>
    </AwardInstrument>
    <Organization>
      <Code>07020000</Code>
      <Directorate>
        <LongName>Directorate For Engineering</LongName>
      </Directorate>
      <Division>
        <LongName>Div Of Chem, Bioeng, Env, &amp; Transp Sys</LongName>
      </Division>
    </Organization>
    <ProgramOfficer>
      <SignBlockName>M. C. Roco</SignBlockName>
    </ProgramOfficer>
    <AbstractNarration>ABSTRACT CTS-9501437 An experimental study will be undertaken on the physical mechanisms underlying axial segregation and mixing in binary mixtures of granular materials. A horizontal cylinder partly filled with granular material is rotated along its long axis. Particle size segregation and mixing in the axial direction occur as a function of the binary mixture and their dynamic angle of response, cylinder dimensions and rotational speed. The process is found to be determined by two competing mechanisms, the Fickian diffusion and a drift current. The diameter, mass and surface roughness of granular material (glass beads) will be systematically varied during experiments. The reversible segregation effect will be investigated like a phase transition, microscopic diffusion coefficients will be determined, and basic understanding of the generic axial segregation processes in granular materials and complex non-Newtonian fluid systems will be sought. The research will provide guidance to design industrial processes based on mixing and segregation of granular materials. ***</AbstractNarration>
    <MinAmdLetterDate>08/19/1995</MinAmdLetterDate>
    <MaxAmdLetterDate>02/13/1996</MaxAmdLetterDate>
    <ARRAAmount/>
    <AwardID>9501437</AwardID>
    <Investigator>
      <FirstName>James</FirstName>
      <LastName>Kakalios</LastName>
      <EmailAddress>kakalios@umn.edu</EmailAddress>
      <StartDate>08/19/1995</StartDate>
      <EndDate/>
      <RoleCode>Principal Investigator</RoleCode>
    </Investigator>
    <Institution>
      <Name>University of Minnesota-Twin Cities</Name>
      <CityName>Minneapolis</CityName>
      <ZipCode>554552070</ZipCode>
      <PhoneNumber>6126245599</PhoneNumber>
      <StreetAddress>200 OAK ST SE</StreetAddress>
      <CountryName>United States</CountryName>
      <StateName>Minnesota</StateName>
      <StateCode>MN</StateCode>
    </Institution>
  </Award>
</rootTag>
