<?xml version="1.0" encoding="UTF-8"?>

<rootTag>
  <Award>
    <AwardTitle>High Precision Landau Quantum Oscillation Measurements in the Normal and Mixed States of High-Temperature Superconductors</AwardTitle>
    <AwardEffectiveDate>06/01/1995</AwardEffectiveDate>
    <AwardExpirationDate>01/31/1999</AwardExpirationDate>
    <AwardAmount>260000</AwardAmount>
    <AwardInstrument>
      <Value>Continuing grant</Value>
    </AwardInstrument>
    <Organization>
      <Code>03070003</Code>
      <Directorate>
        <LongName>Direct For Mathematical &amp; Physical Scien</LongName>
      </Directorate>
      <Division>
        <LongName>Division Of Materials Research</LongName>
      </Division>
    </Organization>
    <ProgramOfficer>
      <SignBlockName>H. Hollis Wickman</SignBlockName>
    </ProgramOfficer>
    <AbstractNarration>9501419 Goodrich In this project, measurements of Landau quantum oscillations are made on high temperature superconductors in both the normal and the superconducting mixed states. Both epitaxial films of yttrium barium copper oxide and bismuth strontium rare-earth copper oxide, and bulk single crystals of other superconductors are studied. The physics investigated includes Fermi surface topologies, effective masses, and scattering rates for electrons in the normal state; the interaction of normal electrons with flux vortices in the mixed state; and the behavior of superconducting properties of high temperature superconducting materials in the presence of a strongly Landau- quantized normal-state background. The Fermi surface measurements in the normal state will give values for parameters that are crucial to theories of the mechanism of superconductivity in these materials. The mixed state results will lead to a much improved description of electron-electron and electron-flux vortex interactions. %%% One of the problems limiting the development of materials that exhibit truly high-temperature superconductivity (above the temperature of liquid nitrogen, -196 deg C) is that the basic mechanism responsible for high-temperature superconductivity remains unknown. The present work is directed toward gaining information about this mechanism in a variety of high-temperature superconductors by measuring fundamental properties of the electrons that participate in superconductivity, in both the super-conducting and normal (resistive) condition. By using strong magnetic fields and measuring the quantized magnetism of the electrons, precise values are obtained for parameters that are crucial to theories of superconductivity. This information can then be used to evaluate and test quantitatively these theories. The measurements are made using specialized facilities at the National High Magnetic Field Labo ratory, at Louisiana State University, and at Oak Ridge National Laboratory. ***</AbstractNarration>
    <MinAmdLetterDate>06/02/1995</MinAmdLetterDate>
    <MaxAmdLetterDate>07/22/1998</MaxAmdLetterDate>
    <ARRAAmount/>
    <AwardID>9501419</AwardID>
    <Investigator>
      <FirstName>Roy</FirstName>
      <LastName>Goodrich</LastName>
      <EmailAddress>phgood@gwu.edu</EmailAddress>
      <StartDate>06/02/1995</StartDate>
      <EndDate/>
      <RoleCode>Principal Investigator</RoleCode>
    </Investigator>
    <Investigator>
      <FirstName>Douglas</FirstName>
      <LastName>Lowndes</LastName>
      <EmailAddress>vdh@ornl.gov</EmailAddress>
      <StartDate>06/02/1995</StartDate>
      <EndDate/>
      <RoleCode>Co-Principal Investigator</RoleCode>
    </Investigator>
    <Institution>
      <Name>Louisiana State University &amp; Agricultural and Mechanical College</Name>
      <CityName>Baton Rouge</CityName>
      <ZipCode>708032701</ZipCode>
      <PhoneNumber>2255782760</PhoneNumber>
      <StreetAddress>202 Himes Hall</StreetAddress>
      <CountryName>United States</CountryName>
      <StateName>Louisiana</StateName>
      <StateCode>LA</StateCode>
    </Institution>
    <FoaInformation>
      <Code>0106000</Code>
      <Name>Materials Research</Name>
    </FoaInformation>
    <FoaInformation>
      <Code>14</Code>
      <Name>Condensed Matter Physics</Name>
    </FoaInformation>
    <ProgramElement>
      <Code>1710</Code>
      <Text>CONDENSED MATTER PHYSICS</Text>
    </ProgramElement>
    <ProgramReference>
      <Code>1764</Code>
      <Text>LOW TEMPERATURE PHYSICS</Text>
    </ProgramReference>
    <ProgramReference>
      <Code>9161</Code>
      <Text>SINGLE DIVISION/UNIVERSITY</Text>
    </ProgramReference>
    <ProgramReference>
      <Code>9251</Code>
      <Text>RES EXPER FOR UNDERGRAD-SUPPLT</Text>
    </ProgramReference>
    <ProgramReference>
      <Code>AMPP</Code>
      <Text>ADVANCED MATERIALS &amp; PROCESSING PROGRAM</Text>
    </ProgramReference>
  </Award>
</rootTag>
