<?xml version="1.0" encoding="UTF-8"?>

<rootTag>
  <Award>
    <AwardTitle>Low Energy Positron Diffraction and Positron Re-Emission Microscopy Experiments</AwardTitle>
    <AwardEffectiveDate>07/01/1995</AwardEffectiveDate>
    <AwardExpirationDate>02/28/1999</AwardExpirationDate>
    <AwardAmount>165000</AwardAmount>
    <AwardInstrument>
      <Value>Continuing grant</Value>
    </AwardInstrument>
    <Organization>
      <Code>03070003</Code>
      <Directorate>
        <LongName>Direct For Mathematical &amp; Physical Scien</LongName>
      </Directorate>
      <Division>
        <LongName>Division Of Materials Research</LongName>
      </Division>
    </Organization>
    <ProgramOfficer>
      <SignBlockName>H. Hollis Wickman</SignBlockName>
    </ProgramOfficer>
    <AbstractNarration>9501210 Canter This project will complete its original goal of demonstrating the superiority of positron over electron diffraction for accurate semiconductor surface structure determination The project will also carry out the most sensitive to date examinations of nanometer scale open volume defects near metal surfaces by using a positron re- emission microscope. Positron diffraction measurements will be used for the observation of atomic hydrogen locations on the hydrogen terminated (100) face of diamond with a sensitivity not possible with electron diffraction. The position microscope is located at the Brookhaven High Flux Breeder Reactor-based high flux positron beam in order to maximize its resolution. %%% This project studies the physics of using positrons (anti-matter electrons) to examine two of the most technologically important features of materials: elementary defects which initiate fatigue in metals, and the surface structure of semiconductors. The program has developed one of the world's most precise positron-surface scattering systems for surface structure determination, and the highest attainable magnification positron microscope to observe subsurface defects in metals with a sensitivity that can not be attained with conventional electron microscopy. ***</AbstractNarration>
    <MinAmdLetterDate>06/20/1995</MinAmdLetterDate>
    <MaxAmdLetterDate>12/07/1996</MaxAmdLetterDate>
    <ARRAAmount/>
    <AwardID>9501210</AwardID>
    <Investigator>
      <FirstName>Allen</FirstName>
      <LastName>Mills</LastName>
      <EmailAddress>allen.mills@ucr.edu</EmailAddress>
      <StartDate>06/20/1995</StartDate>
      <EndDate/>
      <RoleCode>Co-Principal Investigator</RoleCode>
    </Investigator>
    <Investigator>
      <FirstName>Karl</FirstName>
      <LastName>Canter</LastName>
      <EmailAddress>canter@brandeis.edu</EmailAddress>
      <StartDate>06/20/1995</StartDate>
      <EndDate/>
      <RoleCode>Principal Investigator</RoleCode>
    </Investigator>
    <Institution>
      <Name>Brandeis University</Name>
      <CityName>WALTHAM</CityName>
      <ZipCode>024532728</ZipCode>
      <PhoneNumber>7817362121</PhoneNumber>
      <StreetAddress>415 SOUTH ST MAILSTOP 116</StreetAddress>
      <CountryName>United States</CountryName>
      <StateName>Massachusetts</StateName>
      <StateCode>MA</StateCode>
    </Institution>
    <FoaInformation>
      <Code>14</Code>
      <Name>Condensed Matter Physics</Name>
    </FoaInformation>
  </Award>
</rootTag>
