<?xml version="1.0" encoding="UTF-8"?>

<rootTag>
  <Award>
    <AwardTitle>PostDoctoral Research Fellowship</AwardTitle>
    <AwardEffectiveDate>07/01/2014</AwardEffectiveDate>
    <AwardExpirationDate>06/30/2018</AwardExpirationDate>
    <AwardAmount>150000</AwardAmount>
    <AwardInstrument>
      <Value>Fellowship</Value>
    </AwardInstrument>
    <Organization>
      <Code>03040000</Code>
      <Directorate>
        <LongName>Direct For Mathematical &amp; Physical Scien</LongName>
      </Directorate>
      <Division>
        <LongName>Division Of Mathematical Sciences</LongName>
      </Division>
    </Organization>
    <ProgramOfficer>
      <SignBlockName>Victor Roytburd</SignBlockName>
    </ProgramOfficer>
    <AbstractNarration>This award is made as part of the FY 2014 Mathematical Sciences Postdoctoral Research Fellowships Program. Each of the fellowships supports a research and training project at a host institution in the mathematical sciences, including applications to other disciplines, under the mentorship of a sponsoring scientist. The title of the project for this fellowship to Jeffrey Meier is "Low-Dimensional Topology: Exceptional Dehn Surgery, Knot Concordance, and Doubly Slice Knots." The host institution for the fellowship is Indiana University, and the sponsoring scientist is Dr. Charles Livingston.</AbstractNarration>
    <MinAmdLetterDate>04/02/2014</MinAmdLetterDate>
    <MaxAmdLetterDate>04/02/2014</MaxAmdLetterDate>
    <ARRAAmount/>
    <AwardID>1400543</AwardID>
    <Investigator>
      <FirstName>Jeffrey</FirstName>
      <LastName>Meier</LastName>
      <EmailAddress/>
      <StartDate>04/02/2014</StartDate>
      <EndDate/>
      <RoleCode>Principal Investigator</RoleCode>
    </Investigator>
    <Institution>
      <Name>Meier Jeffrey L</Name>
      <CityName>Austin</CityName>
      <ZipCode>787052517</ZipCode>
      <PhoneNumber></PhoneNumber>
      <StreetAddress></StreetAddress>
      <CountryName>United States</CountryName>
      <StateName>Texas</StateName>
      <StateCode>TX</StateCode>
    </Institution>
  </Award>
</rootTag>
