<?xml version="1.0" encoding="UTF-8"?>

<rootTag>
  <Award>
    <AwardTitle>Application of Photosynthetic Proteins in a Field-Effect Transistor for Low Light Intensity Detection</AwardTitle>
    <AwardEffectiveDate>05/15/2014</AwardEffectiveDate>
    <AwardExpirationDate>04/30/2018</AwardExpirationDate>
    <AwardAmount>310671</AwardAmount>
    <AwardInstrument>
      <Value>Standard Grant</Value>
    </AwardInstrument>
    <Organization>
      <Code>07030000</Code>
      <Directorate>
        <LongName>Directorate For Engineering</LongName>
      </Directorate>
      <Division>
        <LongName>Div Of Civil, Mechanical, &amp; Manufact Inn</LongName>
      </Division>
    </Organization>
    <ProgramOfficer>
      <SignBlockName>Jordan Berg</SignBlockName>
    </ProgramOfficer>
    <AbstractNarration>The objective of this award is to develop a new optical sensor using photosynthetic proteins as ultra-photosensitive elements. Ultra-sensitive photo-detectors are required for making night vision digital cameras and sensitive lab-on-a-chip devices. Due to the low sensitivity of the silicon-based pixel sensors, an external illumination source (i.e. flash) is usually required for photography in low light conditions with a digital camera. The light source affects the image quality (by reflection, loss of shadows, etc.) and consumes more power. A matrix of highly sensitive photo-transistors can be used in the next-generation cameras to enhance image qualities for medical, industrial, and security applications. In contrast to silicon, photosynthetic reaction center (RC) proteins are able to detect and respond to a few photons, emitted or reflected by individual molecules. In this research a well aligned layer of RCs will be employed in a field-effect transistor (FET) to make ultra-sensitive photo-detectors. In addition to the low light intensity imaging applications, this particular type of sensor can be used for detection of contaminants in water or labeled viruses in a lab-on-a-chip device. The proposed research will impact several areas such as nanotechnology, biotechnology, and electronics, ranging from material characterization to device development. This research will help to understand the interaction of biomaterials in synthetic structures. Also, the knowledge will be useful to design and optimize other bio-electronics devices.&lt;br/&gt;&lt;br/&gt;Employing the novel mechanism of charge photo-generation in photosynthetic proteins, field-effect transistors will be fabricated using the proteins as the secondary gate of the devices. Two different devices made of thin film silicon and single wall carbon nanotubes (CNTs) will be studied for the protein attachment and building the photo-transistors. In this work it is planned to study the immobilization approaches for binding the proteins to CNTs and silicon with specific orientations and to investigate the field effect in the protein-insulator-semiconductor structures. Ultimately, the fabricated device will be employed as an optical sensor in a lab-on-a-chip device. Both experimental and theoretical studies will be carried out to understand the limitations in using the field effect from a protein as a signal for modulating carriers in a semiconductor device. Also, the study of the protein-insulator-semiconductor structure will provide more insight to the challenges for using biological materials in electronic devices and will be transferable to other applications such as bio-solar cells and bionic eyes.</AbstractNarration>
    <MinAmdLetterDate>05/05/2014</MinAmdLetterDate>
    <MaxAmdLetterDate>05/05/2014</MaxAmdLetterDate>
    <ARRAAmount/>
    <AwardID>1400017</AwardID>
    <Investigator>
      <FirstName>Arash</FirstName>
      <LastName>Takshi</LastName>
      <EmailAddress>atakshi@usf.edu</EmailAddress>
      <StartDate>05/05/2014</StartDate>
      <EndDate/>
      <RoleCode>Principal Investigator</RoleCode>
    </Investigator>
    <Investigator>
      <FirstName>Jing</FirstName>
      <LastName>Wang</LastName>
      <EmailAddress>jingw@eng.usf.edu</EmailAddress>
      <StartDate>05/05/2014</StartDate>
      <EndDate/>
      <RoleCode>Co-Principal Investigator</RoleCode>
    </Investigator>
    <Institution>
      <Name>University of South Florida</Name>
      <CityName>Tampa</CityName>
      <ZipCode>336129446</ZipCode>
      <PhoneNumber>8139742897</PhoneNumber>
      <StreetAddress>3702 Spectrum Blvd.</StreetAddress>
      <CountryName>United States</CountryName>
      <StateName>Florida</StateName>
      <StateCode>FL</StateCode>
    </Institution>
    <ProgramElement>
      <Code>7569</Code>
      <Text>Dynamics, Control and System D</Text>
    </ProgramElement>
    <ProgramReference>
      <Code>032E</Code>
      <Text>SENSORS AND ACTUATORS</Text>
    </ProgramReference>
    <ProgramReference>
      <Code>033E</Code>
      <Text>Smart and responsive structures</Text>
    </ProgramReference>
    <ProgramReference>
      <Code>099E</Code>
      <Text>High voltage switching &amp; conversion</Text>
    </ProgramReference>
    <ProgramReference>
      <Code>1057</Code>
      <Text>CIS BASE RESEARCH</Text>
    </ProgramReference>
    <ProgramReference>
      <Code>1059</Code>
      <Text>SENSORS AND SENSOR SYSTEMS FOR CIS</Text>
    </ProgramReference>
    <ProgramReference>
      <Code>1639</Code>
      <Text>SENSORS AND SENSING SYSTEMS</Text>
    </ProgramReference>
    <ProgramReference>
      <Code>7234</Code>
      <Text>SENSORS NON-SOLICITATION RESEA</Text>
    </ProgramReference>
    <ProgramReference>
      <Code>CVIS</Code>
      <Text>CIVIL INFRASTRUCTURE</Text>
    </ProgramReference>
  </Award>
</rootTag>
