<?xml version="1.0" encoding="UTF-8"?>

<rootTag>
  <Award>
    <AwardTitle>Project: Sustainable Energy Technology Program Enhancement at Missoula College: Partnering for Success</AwardTitle>
    <AwardEffectiveDate>08/01/2014</AwardEffectiveDate>
    <AwardExpirationDate>07/31/2017</AwardExpirationDate>
    <AwardAmount>727912</AwardAmount>
    <AwardInstrument>
      <Value>Standard Grant</Value>
    </AwardInstrument>
    <Organization>
      <Code>11040100</Code>
      <Directorate>
        <LongName>Direct For Education and Human Resources</LongName>
      </Directorate>
      <Division>
        <LongName>Division Of Undergraduate Education</LongName>
      </Division>
    </Organization>
    <ProgramOfficer>
      <SignBlockName>heather watson</SignBlockName>
    </ProgramOfficer>
    <AbstractNarration>Missoula College will implement "Sustainable Energy Technology Program Enhancement at Missoula College: Partnering for Success", a program focused on recruiting, educating and graduating the next generation of energy technologists. Blackfeet Community College (BCC) is a key partner in this project. This partnership will result in engagement of Native American faculty and students in energy technician training and research opportunities. Another key partner is Missoula County Public Schools. The project will engage high school teachers in a two week summer course, following which they will mentor high school students who can earn dual credit towards their diplomas and one of the targeted programs at Missoula College. All of the activities are designed to ultimately equip high school and community college students to enter the science, technology, engineering and mathematics (STEM) technician workforce with expertise in sustainable energy alternatives.&lt;br/&gt;&lt;br/&gt;The project's goals are to: educate the next generation of energy technologists through new course offerings and delivery systems including face-to-face classroom instruction, online classroom instruction, laboratory instruction and industry-based educational experiences; engage local high school students, lifelong learners, distance learners, rural students, and Native American college students in technical education via community events, web-based communication, and a mobile learning lab; and strengthen and create connections with local businesses, non-profits, and the Advanced Technological Education (ATE) Centers. The project will be evaluated using the Context, Input, Process and Product (CIPP) model to determine the effectiveness and impact of project inputs, processes, products and context. After refining program elements based on the evaluation results, the investigators plan to greatly expand the campus boundaries of the Energy Technology Program and transform the thought patterns of students, educators, and citizens, regardless of their location, through the use of web-based material and on-site education sessions. Learning materials will also be made available to institutions nationwide through various means (e.g. online, other Advanced Technological Education projects and centers, etc.).</AbstractNarration>
    <MinAmdLetterDate>07/12/2014</MinAmdLetterDate>
    <MaxAmdLetterDate>07/12/2014</MaxAmdLetterDate>
    <ARRAAmount/>
    <AwardID>1400670</AwardID>
    <Investigator>
      <FirstName>Nicky</FirstName>
      <LastName>Phear</LastName>
      <EmailAddress>nicky.phear@umontana.edu</EmailAddress>
      <StartDate>07/12/2014</StartDate>
      <EndDate/>
      <RoleCode>Co-Principal Investigator</RoleCode>
    </Investigator>
    <Investigator>
      <FirstName>Bradley</FirstName>
      <LastName>Layton</LastName>
      <EmailAddress>bradley.layton@umontana.edu</EmailAddress>
      <StartDate>07/12/2014</StartDate>
      <EndDate/>
      <RoleCode>Principal Investigator</RoleCode>
    </Investigator>
    <Institution>
      <Name>University of Montana</Name>
      <CityName>Missoula</CityName>
      <ZipCode>598120001</ZipCode>
      <PhoneNumber>4062436670</PhoneNumber>
      <StreetAddress>32 CAMPUS DRIVE MAIN HALL</StreetAddress>
      <CountryName>United States</CountryName>
      <StateName>Montana</StateName>
      <StateCode>MT</StateCode>
    </Institution>
    <ProgramElement>
      <Code>7412</Code>
      <Text>ADVANCED TECH EDUCATION PROG</Text>
    </ProgramElement>
    <ProgramReference>
      <Code>1032</Code>
      <Text>ADVANCED TECHNOLOGY EDUCATION</Text>
    </ProgramReference>
    <ProgramReference>
      <Code>9150</Code>
      <Text>EXP PROG TO STIM COMP RES</Text>
    </ProgramReference>
    <ProgramReference>
      <Code>9178</Code>
      <Text>UNDERGRADUATE EDUCATION</Text>
    </ProgramReference>
    <ProgramReference>
      <Code>SMET</Code>
      <Text>SCIENCE, MATH, ENG &amp; TECH EDUCATION</Text>
    </ProgramReference>
  </Award>
</rootTag>
