<?xml version="1.0" encoding="UTF-8"?>

<rootTag>
  <Award>
    <AwardTitle>Whittaker functionals of automorphic forms</AwardTitle>
    <AwardEffectiveDate>06/01/2014</AwardEffectiveDate>
    <AwardExpirationDate>05/31/2017</AwardExpirationDate>
    <AwardAmount>160000</AwardAmount>
    <AwardInstrument>
      <Value>Standard Grant</Value>
    </AwardInstrument>
    <Organization>
      <Code>03040000</Code>
      <Directorate>
        <LongName>Direct For Mathematical &amp; Physical Scien</LongName>
      </Directorate>
      <Division>
        <LongName>Division Of Mathematical Sciences</LongName>
      </Division>
    </Organization>
    <ProgramOfficer>
      <SignBlockName>Matthew Douglass</SignBlockName>
    </ProgramOfficer>
    <AbstractNarration>This research is in the area of number theory. Number theory has its historical roots in the study of natural numbers. It is among the oldest branches of mathematics. Within the last half century it has become an indispensable tool in diverse applications in areas such as data transmission and processing, and communication systems.&lt;br/&gt;&lt;br/&gt;The proposal centers on the theory of automorphic forms. The main goal of the proposal is to establish a quantitative refinement of the Gross-Prasad conjecture, in the special case of Whittaker functionals. The conjecture can be viewed as a far-reaching local to global principle for period integrals. The PI will also extend the techniques developed to study the general case of Gross-Prasad conjecture.</AbstractNarration>
    <MinAmdLetterDate>05/03/2014</MinAmdLetterDate>
    <MaxAmdLetterDate>05/03/2014</MaxAmdLetterDate>
    <ARRAAmount/>
    <AwardID>1400063</AwardID>
    <Investigator>
      <FirstName>Zhengyu</FirstName>
      <LastName>Mao</LastName>
      <EmailAddress>zmao@rutgers.edu</EmailAddress>
      <StartDate>05/03/2014</StartDate>
      <EndDate/>
      <RoleCode>Principal Investigator</RoleCode>
    </Investigator>
    <Institution>
      <Name>Rutgers University Newark</Name>
      <CityName>Newark</CityName>
      <ZipCode>071021896</ZipCode>
      <PhoneNumber>9739720283</PhoneNumber>
      <StreetAddress>Blumenthal Hall, Suite 206</StreetAddress>
      <CountryName>United States</CountryName>
      <StateName>New Jersey</StateName>
      <StateCode>NJ</StateCode>
    </Institution>
    <ProgramElement>
      <Code>1264</Code>
      <Text>ALGEBRA,NUMBER THEORY,AND COM</Text>
    </ProgramElement>
  </Award>
</rootTag>
