<?xml version="1.0" encoding="UTF-8"?>

<rootTag>
  <Award>
    <AwardTitle>Collaborative Research: Courts and the Globalization of Law</AwardTitle>
    <AwardEffectiveDate>07/01/2013</AwardEffectiveDate>
    <AwardExpirationDate>08/31/2016</AwardExpirationDate>
    <AwardAmount>175126</AwardAmount>
    <AwardInstrument>
      <Value>Standard Grant</Value>
    </AwardInstrument>
    <Organization>
      <Code>04050000</Code>
      <Directorate>
        <LongName>Direct For Social, Behav &amp; Economic Scie</LongName>
      </Directorate>
      <Division>
        <LongName>Divn Of Social and Economic Sciences</LongName>
      </Division>
    </Organization>
    <ProgramOfficer>
      <SignBlockName>Scott Barclay</SignBlockName>
    </ProgramOfficer>
    <AbstractNarration>In recent decades, the flow of legal ideas across continents and countries has intensified to such an extent that some legal scholars write of the "globalization of law." Digital forms of information storage and communication have made it cheaper and easier than ever for attorneys and judges to acquire and use legal materials from virtually anywhere in the world. Judges in numerous countries increasingly draw upon foreign and international legal materials to help them resolve questions that arise in their own national courts. This project will collect, prepare, analyze, and disseminate information on the globalization of law through national high courts. The current study will record citations to foreign and international legal materials in the decisions of about 40 constitutional or supreme courts, covering a 20-year span of time. The countries to be included represent all of the world's regions and major legal traditions. The researchers will use statistical techniques to analyze the patterns of judicial globalization.&lt;br/&gt;&lt;br/&gt;The results of this research will be the first systematic, international, multi-year database of citations to the full range of foreign and international legal materials. Both the data and the analyses will be freely available to legal researchers, law practitioners, and policy makers through an interactive web site.</AbstractNarration>
    <MinAmdLetterDate>11/01/2013</MinAmdLetterDate>
    <MaxAmdLetterDate>11/01/2013</MaxAmdLetterDate>
    <ARRAAmount/>
    <AwardID>1401525</AwardID>
    <Investigator>
      <FirstName>Wayne</FirstName>
      <LastName>Sandholtz</LastName>
      <EmailAddress>wayne.sandholtz@usc.edu</EmailAddress>
      <StartDate>11/01/2013</StartDate>
      <EndDate/>
      <RoleCode>Principal Investigator</RoleCode>
    </Investigator>
    <Institution>
      <Name>University of Southern California</Name>
      <CityName>Los Angeles</CityName>
      <ZipCode>900890001</ZipCode>
      <PhoneNumber>2137407762</PhoneNumber>
      <StreetAddress>University Park</StreetAddress>
      <CountryName>United States</CountryName>
      <StateName>California</StateName>
      <StateCode>CA</StateCode>
    </Institution>
    <ProgramElement>
      <Code>1372</Code>
      <Text>LAW AND SOCIAL SCIENCES</Text>
    </ProgramElement>
    <ProgramReference>
      <Code>0000</Code>
      <Text>UNASSIGNED</Text>
    </ProgramReference>
    <ProgramReference>
      <Code>OTHR</Code>
      <Text>OTHER RESEARCH OR EDUCATION</Text>
    </ProgramReference>
  </Award>
</rootTag>
