<?xml version="1.0" encoding="UTF-8"?>

<rootTag>
  <Award>
    <AwardTitle>SusChEM: IUPAC: Green and Sustainable Catalysts for Synthesis of Organic Building Blocks</AwardTitle>
    <AwardEffectiveDate>01/15/2014</AwardEffectiveDate>
    <AwardExpirationDate>12/31/2016</AwardExpirationDate>
    <AwardAmount>390000</AwardAmount>
    <AwardInstrument>
      <Value>Standard Grant</Value>
    </AwardInstrument>
    <Organization>
      <Code>03090000</Code>
      <Directorate>
        <LongName>Direct For Mathematical &amp; Physical Scien</LongName>
      </Directorate>
      <Division>
        <LongName>Division Of Chemistry</LongName>
      </Division>
    </Organization>
    <ProgramOfficer>
      <SignBlockName>Carol Bessel</SignBlockName>
    </ProgramOfficer>
    <AbstractNarration>This project, funded by the Chemical Catalysis Program of NSF Division of Chemistry, to Professor Vladimir Gevorgyan of the University of Illinois at Chicago examines the replacement of rare and expensive palladium, rhodium, and iridium catalysts with abundant and cheap iron and copper complexes (homogeneous catalysts). The research team develops new methodologies involving nanoporous metal skeletons (heterogeneous catalysis) and develops highly valuable synthetic methodologies by taking advantage of low catalyst loadings, low catalyst leaching, and high catalyst recyclability. The research project includes the development of iron-catalyzed Heck-type coupling and Wacker oxidation methodologies, as replacements for classical methods employing expensive and toxic palladium catalysts. The research also includes examination of oxidative iron-catalyzed carbon (C)-hydrogen (H)/C-H coupling reactions toward complex polycyclic molecules. Copper catalysts are studied for diverse C-H functionalizations as well as the dehydrogenative carboxylations of fused lactones. &lt;br/&gt;&lt;br/&gt;This project is performed in collaboration with Professor Yoshinori Yamamoto of the Dalian University of Technology in Dalian, China and Professor Hans-Joachim Knölker of the Technical University of Dresden, in Dresden, Germany. Together, these three groups combine their separate areas of expertise to provide novel and sustainable catalytic methods for more straightforward and environmentally-benign pathways toward valuable synthons for synthetic and medicinal chemistry and material science. The broader impacts of this work also include leadership training for graduate students and an international exchange of ideas and expertise.</AbstractNarration>
    <MinAmdLetterDate>01/06/2014</MinAmdLetterDate>
    <MaxAmdLetterDate>01/06/2014</MaxAmdLetterDate>
    <ARRAAmount/>
    <AwardID>1401722</AwardID>
    <Investigator>
      <FirstName>Vladimir</FirstName>
      <LastName>Gevorgyan</LastName>
      <EmailAddress>vlad@uic.edu</EmailAddress>
      <StartDate>01/06/2014</StartDate>
      <EndDate/>
      <RoleCode>Principal Investigator</RoleCode>
    </Investigator>
    <Institution>
      <Name>University of Illinois at Chicago</Name>
      <CityName>Chicago</CityName>
      <ZipCode>606124305</ZipCode>
      <PhoneNumber>3129962862</PhoneNumber>
      <StreetAddress>809 S MARSHFIELD</StreetAddress>
      <CountryName>United States</CountryName>
      <StateName>Illinois</StateName>
      <StateCode>IL</StateCode>
    </Institution>
    <ProgramElement>
      <Code>1991</Code>
      <Text>CHEMISTRY PROJECTS</Text>
    </ProgramElement>
    <ProgramReference>
      <Code>7298</Code>
      <Text>COLLABORATIVE RESEARCH</Text>
    </ProgramReference>
    <ProgramReference>
      <Code>8248</Code>
      <Text>SusChEM</Text>
    </ProgramReference>
    <ProgramReference>
      <Code>8396</Code>
      <Text>Clean Energy Technology</Text>
    </ProgramReference>
    <ProgramReference>
      <Code>8398</Code>
      <Text>Hydrocarbon Conversion</Text>
    </ProgramReference>
    <ProgramReference>
      <Code>8650</Code>
      <Text>Sustainable Chemistry</Text>
    </ProgramReference>
    <ProgramReference>
      <Code>8676</Code>
      <Text>Critical Elements</Text>
    </ProgramReference>
    <ProgramReference>
      <Code>8037</Code>
      <Text>Advanced Manufacturing</Text>
    </ProgramReference>
  </Award>
</rootTag>
