<?xml version="1.0" encoding="UTF-8"?>

<rootTag>
  <Award>
    <AwardTitle>Reconciling divergent histories of Eastern Pacific climate with new coral data from Galapagos (Ecuador)</AwardTitle>
    <AwardEffectiveDate>05/01/2014</AwardEffectiveDate>
    <AwardExpirationDate>04/30/2017</AwardExpirationDate>
    <AwardAmount>429995</AwardAmount>
    <AwardInstrument>
      <Value>Standard Grant</Value>
    </AwardInstrument>
    <Organization>
      <Code>06040200</Code>
      <Directorate>
        <LongName>Directorate For Geosciences</LongName>
      </Directorate>
      <Division>
        <LongName>Division Of Ocean Sciences</LongName>
      </Division>
    </Organization>
    <ProgramOfficer>
      <SignBlockName>Candace O. Major</SignBlockName>
    </ProgramOfficer>
    <AbstractNarration>The El Niño (ENSO) system orchestrates climate variability and extremes worldwide, and its behavior under greenhouse warming remains one of the largest uncertainties in anticipating future climate change. ENSO has a dramatic impact on the climate of the Galapagos Islands, and this impact is preserved in paleoclimate records from the archipelago. But published paleoclimate records from the Galapagos yield disagreeing versions of the islands' recent climate history, including the magnitude of recent warming and the range and timing of ENSO variability. &lt;br/&gt;&lt;br/&gt;To resolve these disagreements, this project will develop reconstructions of regional sea surface temperature using the isotope geochemistry of long-lived, annually banded corals. With these records, which directly track ocean conditions, important questions about recent climate variability and change in this iconic region can be addressed. For example, is the Galapagos warming as fast as the rest of the world? What is the history of El Niño variability in the region? Do changes in this region coincide with periods of higher-latitude climate variability such as cooler ("Little Ice Age") conditions between 1500-1850? Understanding the full range of ENSO variability and ongoing trends is important locally, for improving conservation planning and climate adaptation efforts in the Galapagos National Park and Marine Protected Area. The results of the research will be useful across many disciplines, from conservation management in Galápagos to evaluation of global climate models. Funding also supports student education and training at the graduate and undergraduate level.</AbstractNarration>
    <MinAmdLetterDate>05/26/2014</MinAmdLetterDate>
    <MaxAmdLetterDate>05/26/2014</MaxAmdLetterDate>
    <ARRAAmount/>
    <AwardID>1401326</AwardID>
    <Investigator>
      <FirstName>Julia</FirstName>
      <LastName>Cole</LastName>
      <EmailAddress>jecole@email.arizona.edu</EmailAddress>
      <StartDate>05/26/2014</StartDate>
      <EndDate/>
      <RoleCode>Principal Investigator</RoleCode>
    </Investigator>
    <Institution>
      <Name>University of Arizona</Name>
      <CityName>Tucson</CityName>
      <ZipCode>857194824</ZipCode>
      <PhoneNumber>5206266000</PhoneNumber>
      <StreetAddress>888 N Euclid Ave</StreetAddress>
      <CountryName>United States</CountryName>
      <StateName>Arizona</StateName>
      <StateCode>AZ</StateCode>
    </Institution>
    <ProgramElement>
      <Code>1620</Code>
      <Text>MARINE GEOLOGY AND GEOPHYSICS</Text>
    </ProgramElement>
    <ProgramReference>
      <Code>0000</Code>
      <Text>UNASSIGNED</Text>
    </ProgramReference>
    <ProgramReference>
      <Code>1304</Code>
      <Text>EARTH SYSTEM HISTORY</Text>
    </ProgramReference>
    <ProgramReference>
      <Code>7754</Code>
      <Text>CLIMATE VARIABILITY &amp; CHANGE</Text>
    </ProgramReference>
    <ProgramReference>
      <Code>8070</Code>
      <Text>P2C2 Proposals</Text>
    </ProgramReference>
    <ProgramReference>
      <Code>EGCH</Code>
      <Text>ENVIRONMENT AND GLOBAL CHANGE</Text>
    </ProgramReference>
    <ProgramReference>
      <Code>OTHR</Code>
      <Text>OTHER RESEARCH OR EDUCATION</Text>
    </ProgramReference>
  </Award>
</rootTag>
