<?xml version="1.0" encoding="UTF-8"?>

<rootTag>
  <Award>
    <AwardTitle>Structure and Functions of ER/Plasma Membrane Junctions</AwardTitle>
    <AwardEffectiveDate>09/01/2014</AwardEffectiveDate>
    <AwardExpirationDate>08/31/2017</AwardExpirationDate>
    <AwardAmount>540000</AwardAmount>
    <AwardInstrument>
      <Value>Continuing grant</Value>
    </AwardInstrument>
    <Organization>
      <Code>03010000</Code>
      <Directorate>
        <LongName>Direct For Mathematical &amp; Physical Scien</LongName>
      </Directorate>
      <Division>
        <LongName>Division Of Physics</LongName>
      </Division>
    </Organization>
    <ProgramOfficer>
      <SignBlockName>Krastan B. Blagoev</SignBlockName>
    </ProgramOfficer>
    <AbstractNarration>Endoplasmic reticulum/plasma membrane (ER/PM) junctions are known to be sites of calcium ion (Ca2+) influx. Recently, the PI discovered that these junctions function as trafficking hubs for insertion and removal of plasma membrane proteins. Furthermore, the PI has found that the voltage gated potassium channel Kv2.1 interacts with the endoplasmic reticulum, dramatically increasing ER/PM junction surface area and structurally changing the junction morphology. The PI's findings show that the Kv2.1 potassium channel remodels to cortical ER, which is likely within 30 nm of the plasma membrane. Kv2.1 is playing a structural role similar to that of Orai, for the PI proposes that Kv2.1 is binding an ER membrane protein. Thus, Kv2.1-mediated ER enrichment on the cell surface is a novel specialized organelle with specific functions in protein transport vital to cell signaling. &lt;br/&gt;&lt;br/&gt;The current project focuses on understanding the biology of ER/PM junctions with particular emphasis on the regulation of the ER/PM junction structure and its function in the modulation of membrane protein trafficking. The PI will answer the following questions: What is the role of Kv2.1 in protein trafficking at ER/PM junctions? How are ER/PM junctions dynamically regulated by Kv2.1? What are the relationships between the cortical cytoskeleton, ER, and Kv2.1? Which theoretical framework can be used to describe the assembly and maintenance of these domains? How does large-scale membrane behavior emerge from the interactions between Kv2.1 and ER? The fusion of multicolor single-molecule tracking in living cells and advanced stochastic process analysis, which are integral to the project, will provide answer to these questions. This research will offer excellent opportunities for graduate and undergraduate student participation in interdisciplinary research through the collaboration between two laboratories with very different backgrounds. The research program will be integrated with an outreach component by developing a microscopy laboratory for students at a local elementary school. The goal of the outreach program is to foster scientific enquiry and to motivate students to appreciate science from an early age. This lab presents a unique opportunity to leverage integration of education and research, giving students access to hands-on practical learning.&lt;br/&gt;&lt;br/&gt;This project is being jointly supported by the Physics of Living Systems program in the Division of Physics and the Cellular Dynamics and Function Program in the Division of Molecular and Cellular Biosciences.</AbstractNarration>
    <MinAmdLetterDate>08/26/2014</MinAmdLetterDate>
    <MaxAmdLetterDate>06/27/2016</MaxAmdLetterDate>
    <ARRAAmount/>
    <AwardID>1401432</AwardID>
    <Investigator>
      <FirstName>Michael</FirstName>
      <LastName>Tamkun</LastName>
      <EmailAddress>michael.tamkun@colostate.edu</EmailAddress>
      <StartDate>08/26/2014</StartDate>
      <EndDate/>
      <RoleCode>Co-Principal Investigator</RoleCode>
    </Investigator>
    <Investigator>
      <FirstName>Diego</FirstName>
      <LastName>Krapf</LastName>
      <EmailAddress>krapf@engr.colostate.edu</EmailAddress>
      <StartDate>08/26/2014</StartDate>
      <EndDate/>
      <RoleCode>Principal Investigator</RoleCode>
    </Investigator>
    <Institution>
      <Name>Colorado State University</Name>
      <CityName>Fort Collins</CityName>
      <ZipCode>805232002</ZipCode>
      <PhoneNumber>9704916355</PhoneNumber>
      <StreetAddress>601 S Howes St</StreetAddress>
      <CountryName>United States</CountryName>
      <StateName>Colorado</StateName>
      <StateCode>CO</StateCode>
    </Institution>
    <ProgramElement>
      <Code>1114</Code>
      <Text>Cellular Dynamics and Function</Text>
    </ProgramElement>
    <ProgramElement>
      <Code>1144</Code>
      <Text>Molecular Biophysics</Text>
    </ProgramElement>
    <ProgramElement>
      <Code>7246</Code>
      <Text>PHYSICS OF LIVING SYSTEMS</Text>
    </ProgramElement>
    <ProgramReference>
      <Code>1114</Code>
      <Text>CELLULAR SYSTEMS</Text>
    </ProgramReference>
    <ProgramReference>
      <Code>1144</Code>
      <Text>BIOMOLECULAR SYSTEMS</Text>
    </ProgramReference>
    <ProgramReference>
      <Code>7237</Code>
      <Text>NANO NON-SOLIC SCI &amp; ENG AWD</Text>
    </ProgramReference>
    <ProgramReference>
      <Code>7246</Code>
      <Text>PHYSICS OF LIVING SYSTEMS</Text>
    </ProgramReference>
    <ProgramReference>
      <Code>8007</Code>
      <Text>BioMaPS</Text>
    </ProgramReference>
    <ProgramReference>
      <Code>9183</Code>
      <Text>GENERAL FOUNDATIONS OF BIOTECHNOLOGY</Text>
    </ProgramReference>
  </Award>
</rootTag>
