<?xml version="1.0" encoding="UTF-8"?>

<rootTag>
  <Award>
    <AwardTitle>Modeling the Chemistry of the Nitrite and Sulfite Reductases</AwardTitle>
    <AwardEffectiveDate>06/01/2001</AwardEffectiveDate>
    <AwardExpirationDate>09/30/2004</AwardExpirationDate>
    <AwardAmount>330000</AwardAmount>
    <AwardInstrument>
      <Value>Continuing grant</Value>
    </AwardInstrument>
    <Organization>
      <Code>03090005</Code>
      <Directorate>
        <LongName>Direct For Mathematical &amp; Physical Scien</LongName>
      </Directorate>
      <Division>
        <LongName>Division Of Chemistry</LongName>
      </Division>
    </Organization>
    <ProgramOfficer>
      <SignBlockName>Joseph L. Templeton</SignBlockName>
    </ProgramOfficer>
    <AbstractNarration>Dr. Patrick J. Farmer of the Department of Chemistry, University of California at Irvine, is supported by the Inorganic, Bioinorganic and Organometallic Chemistry program of the Chemistry Division, National Science Foundation, for his work on modeling the chemistry of heme-based nitrite and sulfite reductases. The various enzymes perform integral steps in the biochemical cycling of nitrogen and sulfur, which are of importance in the global denitrification of soil fertilizers and in the removal of oxides of nitrogen and sulfur, which are pollutants from industrial waste-waters.&lt;br/&gt;&lt;br/&gt;The studies will have implications for the global effects of modern agriculture, based on understanding the chemical basis for the generation of non-carbon greenhouse gases. The studies will provide a diverse group of undergraduate and graduate students (some are Asian, Hispanic or from Eastern European countries) with invaluable experience that will be relevant to the American economy, and will form the training ground for the next generation of scientists.</AbstractNarration>
    <MinAmdLetterDate>03/23/2001</MinAmdLetterDate>
    <MaxAmdLetterDate>05/20/2003</MaxAmdLetterDate>
    <ARRAAmount/>
    <AwardID>0100774</AwardID>
    <Investigator>
      <FirstName>Patrick</FirstName>
      <LastName>Farmer</LastName>
      <EmailAddress>patrick_farmer@baylor.edu</EmailAddress>
      <StartDate>03/23/2001</StartDate>
      <EndDate/>
      <RoleCode>Principal Investigator</RoleCode>
    </Investigator>
    <Institution>
      <Name>University of California-Irvine</Name>
      <CityName>Irvine</CityName>
      <ZipCode>926173213</ZipCode>
      <PhoneNumber>9498247295</PhoneNumber>
      <StreetAddress>141 Innovation Drive, Ste 250</StreetAddress>
      <CountryName>United States</CountryName>
      <StateName>California</StateName>
      <StateCode>CA</StateCode>
    </Institution>
    <FoaInformation>
      <Code>0000099</Code>
      <Name>Other Applications NEC</Name>
    </FoaInformation>
    <ProgramElement>
      <Code>1968</Code>
      <Text>PHYSICAL INORGANIC</Text>
    </ProgramElement>
    <ProgramReference>
      <Code>0000</Code>
      <Text>UNASSIGNED</Text>
    </ProgramReference>
    <ProgramReference>
      <Code>9162</Code>
      <Text>MULTI DIVISION/UNIVERSITY</Text>
    </ProgramReference>
    <ProgramReference>
      <Code>AMPP</Code>
      <Text>ADVANCED MATERIALS &amp; PROCESSING PROGRAM</Text>
    </ProgramReference>
    <ProgramReference>
      <Code>OTHR</Code>
      <Text>OTHER RESEARCH OR EDUCATION</Text>
    </ProgramReference>
  </Award>
</rootTag>
