<?xml version="1.0" encoding="UTF-8"?>

<rootTag>
  <Award>
    <AwardTitle>Cognitive Practices in Experimental Science: An Exploratory Study of Faraday's Research on Gold</AwardTitle>
    <AwardEffectiveDate>12/01/2000</AwardEffectiveDate>
    <AwardExpirationDate>11/30/2002</AwardExpirationDate>
    <AwardAmount>8907</AwardAmount>
    <AwardInstrument>
      <Value>Standard Grant</Value>
    </AwardInstrument>
    <Organization>
      <Code>04050300</Code>
      <Directorate>
        <LongName>Direct For Social, Behav &amp; Economic Scie</LongName>
      </Directorate>
      <Division>
        <LongName>Divn Of Social and Economic Sciences</LongName>
      </Division>
    </Organization>
    <ProgramOfficer>
      <SignBlockName>Keith R. Benson</SignBlockName>
    </ProgramOfficer>
    <AbstractNarration>This proposal grows from the PI's recent discovery that important elements of Faraday's 1856 investigation into gold -- a large set of microscope slides and other laboratory materials -- still exist in a well-preserved state at the Royal Institution in London. The combination of laboratory materials with the more traditional written documentation from the scientist's notebooks presents an important opportunity for cognitive scientists to understand even more thoroughly the work of Faraday -- and scientific work more generally.&lt;br/&gt;&lt;br/&gt;The proposal requests SGER support for travel to England so that the PI can undertake certain technical work related to the slides and other laboratory materials before undertaking a more detailed scholarly examination of the entire set of experiments by Faraday. Primarily, Tweney seeks assistance to enable him to photographically reproduce and catalogue the microscope slides. He also wants to examine and study the chemical materials and processes that Faraday used, some of which survives as well. From this preliminary work, a more complete exploration of Faraday's gold research can be undertaken by the P.I. in the United States.</AbstractNarration>
    <MinAmdLetterDate>12/04/2000</MinAmdLetterDate>
    <MaxAmdLetterDate>12/04/2000</MaxAmdLetterDate>
    <ARRAAmount/>
    <AwardID>0100112</AwardID>
    <Investigator>
      <FirstName>Ryan</FirstName>
      <LastName>Tweney</LastName>
      <EmailAddress>tweney@bgnet.bgsu.edu</EmailAddress>
      <StartDate>12/04/2000</StartDate>
      <EndDate/>
      <RoleCode>Principal Investigator</RoleCode>
    </Investigator>
    <Institution>
      <Name>Bowling Green State University</Name>
      <CityName>Bowling Green</CityName>
      <ZipCode>434030230</ZipCode>
      <PhoneNumber>4193722481</PhoneNumber>
      <StreetAddress>400 E. Poe Rd.</StreetAddress>
      <CountryName>United States</CountryName>
      <StateName>Ohio</StateName>
      <StateCode>OH</StateCode>
    </Institution>
    <ProgramElement>
      <Code>1353</Code>
      <Text>Hist &amp; Philosophy of SET</Text>
    </ProgramElement>
    <ProgramReference>
      <Code>0000</Code>
      <Text>UNASSIGNED</Text>
    </ProgramReference>
    <ProgramReference>
      <Code>9237</Code>
      <Text>SMALL GRANTS-EXPLORATORY RSRCH</Text>
    </ProgramReference>
    <ProgramReference>
      <Code>OTHR</Code>
      <Text>OTHER RESEARCH OR EDUCATION</Text>
    </ProgramReference>
  </Award>
</rootTag>
