<?xml version="1.0" encoding="UTF-8"?>

<rootTag>
  <Award>
    <AwardTitle>The Characterization of Organic Bistable Device and the Formation of High Performance Organic Memory Cells</AwardTitle>
    <AwardEffectiveDate>07/01/2001</AwardEffectiveDate>
    <AwardExpirationDate>06/30/2003</AwardExpirationDate>
    <AwardAmount>77759</AwardAmount>
    <AwardInstrument>
      <Value>Standard Grant</Value>
    </AwardInstrument>
    <Organization>
      <Code>07010000</Code>
      <Directorate>
        <LongName>Directorate For Engineering</LongName>
      </Directorate>
      <Division>
        <LongName>Div Of Electrical, Commun &amp; Cyber Sys</LongName>
      </Division>
    </Organization>
    <ProgramOfficer>
      <SignBlockName>Venkata Rao Mulpuri</SignBlockName>
    </ProgramOfficer>
    <AbstractNarration>Recently, we observed that organic semiconductor device shows strong bistable states with remarkably differing electrical conductivities when it is structure right. The transition from an electrically insulating state to a conducting state in the device is accompanied by a drastic increase in injection current by as much as six orders of magnitude. The retention of the high conductivity state was observed even after switching off the power. Furthermore, the low conductive states can be re-established by applying a negative voltage pulse. These discoveries pave the way for potential applications such as low-cost, large-area, electrically addressable high-density data storage devices, organic switches, and sensors. This newly invented organic device is significant for two reasons. First, this device uses organic insulators as the active material, thereby providing new options for organic electronic devices, which have been traditionally associated with organic semiconductors. Second, electronic memory is a very important component in all electronic devices such as computers, cell phones, PDAs etc. It is anticipated that the successful development of this device as memory cells will have a tremendous impact in the electronic industry. Unfortunately, the mechanism of this device, for example the sudden change in electrical conductivity at ~3V; and the reason behind the retention of the high conductivity state even after switching off the power, is not yet clearly understood. Our goal of this project is to gain the understanding of the organic bistable device, from both experimental and theoretical modeling approaches. Based on the obtained results, we will try to further improve device performance and to realize other applications.</AbstractNarration>
    <MinAmdLetterDate>04/28/2001</MinAmdLetterDate>
    <MaxAmdLetterDate>04/28/2001</MaxAmdLetterDate>
    <ARRAAmount/>
    <AwardID>0100611</AwardID>
    <Investigator>
      <FirstName>Yang</FirstName>
      <LastName>Yang</LastName>
      <EmailAddress>yangy@ucla.edu</EmailAddress>
      <StartDate>04/28/2001</StartDate>
      <EndDate/>
      <RoleCode>Principal Investigator</RoleCode>
    </Investigator>
    <Institution>
      <Name>University of California-Los Angeles</Name>
      <CityName>LOS ANGELES</CityName>
      <ZipCode>900951406</ZipCode>
      <PhoneNumber>3107940102</PhoneNumber>
      <StreetAddress>10889 Wilshire Boulevard</StreetAddress>
      <CountryName>United States</CountryName>
      <StateName>California</StateName>
      <StateCode>CA</StateCode>
    </Institution>
    <FoaInformation>
      <Code>0206000</Code>
      <Name>Telecommunications</Name>
    </FoaInformation>
    <ProgramElement>
      <Code>1517</Code>
      <Text>ELECT, PHOTONICS, &amp; MAG DEVICE</Text>
    </ProgramElement>
    <ProgramReference>
      <Code>0000</Code>
      <Text>UNASSIGNED</Text>
    </ProgramReference>
    <ProgramReference>
      <Code>OTHR</Code>
      <Text>OTHER RESEARCH OR EDUCATION</Text>
    </ProgramReference>
  </Award>
</rootTag>
