<?xml version="1.0" encoding="UTF-8"?>

<rootTag>
  <Award>
    <AwardTitle>SGER: Collaborative Research: Timing of Late Holocene Changes in Summer Indian Monsoon Intensity as Recorded in Mineralogic Changes in Speleothems, Pokhara Valley, Central Nepal</AwardTitle>
    <AwardEffectiveDate>12/15/2000</AwardEffectiveDate>
    <AwardExpirationDate>02/29/2004</AwardExpirationDate>
    <AwardAmount>35066</AwardAmount>
    <AwardInstrument>
      <Value>Standard Grant</Value>
    </AwardInstrument>
    <Organization>
      <Code>06020108</Code>
      <Directorate>
        <LongName>Directorate For Geosciences</LongName>
      </Directorate>
      <Division>
        <LongName>Div Atmospheric &amp; Geospace Sciences</LongName>
      </Division>
    </Organization>
    <ProgramOfficer>
      <SignBlockName>David J. Verardo</SignBlockName>
    </ProgramOfficer>
    <AbstractNarration>This award is for an exploratory operation to investigate mineralogic changes in Holocene and modern speleothems from caves in the Seito River Valley, Nepal, in order to increase understanding of late Holocene Indian summer monsoon variability. In well- vented, dolomitic caves, calcite stalagmites indicate humid conditions while aragonite stalagmites record relatively arid cave conditions and accompanying in-cave evaporation. In many cases, deposition of calcite formed during precipitation-laden summer monsoons alternates with aragonite formed from reduced drip rates at the end or between monsoons. In order to better quantify the relationship between changes in speleothem mineralogy and climate, the project will perform cage fluid chemical studies (elemental and isotopic) and elemental analyses of the speleothems, as well as increase the geographic coverage of sampled caves.</AbstractNarration>
    <MinAmdLetterDate>11/28/2000</MinAmdLetterDate>
    <MaxAmdLetterDate>03/13/2003</MaxAmdLetterDate>
    <ARRAAmount/>
    <AwardID>0100703</AwardID>
    <Investigator>
      <FirstName>Luis</FirstName>
      <LastName>Gonzalez</LastName>
      <EmailAddress>lgonzlez@ku.edu</EmailAddress>
      <StartDate>11/28/2000</StartDate>
      <EndDate/>
      <RoleCode>Principal Investigator</RoleCode>
    </Investigator>
    <Institution>
      <Name>University of Iowa</Name>
      <CityName>IOWA CITY</CityName>
      <ZipCode>522421320</ZipCode>
      <PhoneNumber>3193352123</PhoneNumber>
      <StreetAddress>2 GILMORE HALL</StreetAddress>
      <CountryName>United States</CountryName>
      <StateName>Iowa</StateName>
      <StateCode>IA</StateCode>
    </Institution>
    <FoaInformation>
      <Code>0319000</Code>
      <Name>Climate Related Activities</Name>
    </FoaInformation>
  </Award>
</rootTag>
