<?xml version="1.0" encoding="UTF-8"?>

<rootTag>
  <Award>
    <AwardTitle>Algebraic Varieties, Birational Geometry and the Structure of the Galois Groups</AwardTitle>
    <AwardEffectiveDate>08/01/2001</AwardEffectiveDate>
    <AwardExpirationDate>07/31/2004</AwardExpirationDate>
    <AwardAmount>241521</AwardAmount>
    <AwardInstrument>
      <Value>Continuing grant</Value>
    </AwardInstrument>
    <Organization>
      <Code>03040200</Code>
      <Directorate>
        <LongName>Direct For Mathematical &amp; Physical Scien</LongName>
      </Directorate>
      <Division>
        <LongName>Division Of Mathematical Sciences</LongName>
      </Division>
    </Organization>
    <ProgramOfficer>
      <SignBlockName>Benjamin M. Mann</SignBlockName>
    </ProgramOfficer>
    <AbstractNarration>The purpose of the proposal is to study the geometry of algebraic varieties&lt;br/&gt;and their invariants from different points of view. In particular the&lt;br/&gt;investigator and his colleagues study&lt;br/&gt;the structure of fundamental groups and universal coverings of algebraic&lt;br/&gt;varieties, the problem&lt;br/&gt;of placement of singularities, restrictions on the concentration of singular&lt;br/&gt;points in special fibers of the fibrations of algebraic varieties. In the&lt;br/&gt;latter case the goal is to develop a sufficiently simple method which can be&lt;br/&gt;generalized to the case of arithmetic family of curves. The study of the&lt;br/&gt;Galois groups of functional fields is going to provide with an alternative&lt;br/&gt;approach to the problems of birational geometry.&lt;br/&gt;&lt;br/&gt;The investigator suggests to continue a broad scope of research in the area&lt;br/&gt;of algebraic geometry with potential applications to number theory and&lt;br/&gt;theoretical physics. Of special interest is the study of a formula&lt;br/&gt;that provides nontrivial estimates for a number of solutions in equations&lt;br/&gt;similar in form to the famous Fermat equation..</AbstractNarration>
    <MinAmdLetterDate>07/24/2001</MinAmdLetterDate>
    <MaxAmdLetterDate>04/18/2003</MaxAmdLetterDate>
    <ARRAAmount/>
    <AwardID>0100837</AwardID>
    <Investigator>
      <FirstName>Fedor</FirstName>
      <LastName>Bogomolov</LastName>
      <EmailAddress>bogomolo@cims.nyu.edu</EmailAddress>
      <StartDate>07/24/2001</StartDate>
      <EndDate/>
      <RoleCode>Principal Investigator</RoleCode>
    </Investigator>
    <Institution>
      <Name>New York University</Name>
      <CityName>NEW YORK</CityName>
      <ZipCode>100121019</ZipCode>
      <PhoneNumber>2129982121</PhoneNumber>
      <StreetAddress>70 WASHINGTON SQUARE S</StreetAddress>
      <CountryName>United States</CountryName>
      <StateName>New York</StateName>
      <StateCode>NY</StateCode>
    </Institution>
    <FoaInformation>
      <Code>0000099</Code>
      <Name>Other Applications NEC</Name>
    </FoaInformation>
    <ProgramElement>
      <Code>1264</Code>
      <Text>ALGEBRA,NUMBER THEORY,AND COM</Text>
    </ProgramElement>
    <ProgramReference>
      <Code>0000</Code>
      <Text>UNASSIGNED</Text>
    </ProgramReference>
    <ProgramReference>
      <Code>OTHR</Code>
      <Text>OTHER RESEARCH OR EDUCATION</Text>
    </ProgramReference>
  </Award>
</rootTag>
