<?xml version="1.0" encoding="UTF-8"?>

<rootTag>
  <Award>
    <AwardTitle>Operator Theory and Inverse Problems</AwardTitle>
    <AwardEffectiveDate>07/01/2001</AwardEffectiveDate>
    <AwardExpirationDate>06/30/2004</AwardExpirationDate>
    <AwardAmount>148374</AwardAmount>
    <AwardInstrument>
      <Value>Continuing grant</Value>
    </AwardInstrument>
    <Organization>
      <Code>03040100</Code>
      <Directorate>
        <LongName>Direct For Mathematical &amp; Physical Scien</LongName>
      </Directorate>
      <Division>
        <LongName>Division Of Mathematical Sciences</LongName>
      </Division>
    </Organization>
    <ProgramOfficer>
      <SignBlockName>Joe W. Jenkins</SignBlockName>
    </ProgramOfficer>
    <AbstractNarration>Operator Theory and Inverse Problems&lt;br/&gt;&lt;br/&gt; Abstract&lt;br/&gt;&lt;br/&gt;&lt;br/&gt;&lt;br/&gt; The proposed research will focus on a few inverse problems: &lt;br/&gt;the uniqueness in the multivariable moment problem, the&lt;br/&gt;best approximation of planar domains with finitely many prescribed&lt;br/&gt;moments; the inverse spectral problem for the modulus of the&lt;br/&gt;restriction operator between the Bergman spaces of two planar&lt;br/&gt;domains; a renormalized Riesz transform with applications to&lt;br/&gt;image reconstruction in any dimension. Methods of operator&lt;br/&gt;theory, function theory and approximation theory will be combined&lt;br/&gt;in this work.&lt;br/&gt;&lt;br/&gt; In many areas of modern activity it is required to reconstruct&lt;br/&gt;an entity from partial, and sometimes distant and indirect, data.&lt;br/&gt;Inverse problems address such specific questions. The proposed&lt;br/&gt;research will be concerned with a couple of inverse problems&lt;br/&gt;arising for instance in tomography or in geophysics. To be&lt;br/&gt;more specific, given a number of different angle X-rays of a body,&lt;br/&gt;we will propose a constructive, optimal way of approximating, or &lt;br/&gt;sometimes reconstructing this body.</AbstractNarration>
    <MinAmdLetterDate>03/28/2001</MinAmdLetterDate>
    <MaxAmdLetterDate>02/27/2003</MaxAmdLetterDate>
    <ARRAAmount/>
    <AwardID>0100367</AwardID>
    <Investigator>
      <FirstName>Mihai</FirstName>
      <LastName>Putinar</LastName>
      <EmailAddress>mputinar@math.ucsb.edu</EmailAddress>
      <StartDate>03/28/2001</StartDate>
      <EndDate/>
      <RoleCode>Principal Investigator</RoleCode>
    </Investigator>
    <Institution>
      <Name>University of California-Santa Barbara</Name>
      <CityName>Santa Barbara</CityName>
      <ZipCode>931062050</ZipCode>
      <PhoneNumber>8058934188</PhoneNumber>
      <StreetAddress>Office of Research</StreetAddress>
      <CountryName>United States</CountryName>
      <StateName>California</StateName>
      <StateCode>CA</StateCode>
    </Institution>
    <FoaInformation>
      <Code>0000099</Code>
      <Name>Other Applications NEC</Name>
    </FoaInformation>
    <ProgramElement>
      <Code>1281</Code>
      <Text>ANALYSIS PROGRAM</Text>
    </ProgramElement>
    <ProgramReference>
      <Code>0000</Code>
      <Text>UNASSIGNED</Text>
    </ProgramReference>
    <ProgramReference>
      <Code>OTHR</Code>
      <Text>OTHER RESEARCH OR EDUCATION</Text>
    </ProgramReference>
  </Award>
</rootTag>
