<?xml version="1.0" encoding="UTF-8"?>

<rootTag>
  <Award>
    <AwardTitle>Decay estimates for waves on a black hole metric</AwardTitle>
    <AwardEffectiveDate>06/01/2001</AwardEffectiveDate>
    <AwardExpirationDate>05/31/2005</AwardExpirationDate>
    <AwardAmount>135000</AwardAmount>
    <AwardInstrument>
      <Value>Continuing grant</Value>
    </AwardInstrument>
    <Organization>
      <Code>03040100</Code>
      <Directorate>
        <LongName>Direct For Mathematical &amp; Physical Scien</LongName>
      </Directorate>
      <Division>
        <LongName>Division Of Mathematical Sciences</LongName>
      </Division>
    </Organization>
    <ProgramOfficer>
      <SignBlockName>Joe W. Jenkins</SignBlockName>
    </ProgramOfficer>
    <AbstractNarration>In joint work with Sergiu Klainerman and John Stalker,&lt;br/&gt;we study the decay rate, pointwise and uniform, of solutions&lt;br/&gt;to a linear wave equation on a Schwarzschild background metric.&lt;br/&gt;We have preliminary results for each spherical harmonic.&lt;br/&gt;This is the first step towards understanding the non-linear stability&lt;br/&gt;of these metrics.&lt;br/&gt;&lt;br/&gt;Roughly speaking, this corresponds to the propagation and decay of an&lt;br/&gt;electromagnetic wave near a black hole. Our work starts with a careful&lt;br/&gt;mathematical analysis of ideas known to physicists, and plans to&lt;br/&gt;develop new tools.</AbstractNarration>
    <MinAmdLetterDate>05/29/2001</MinAmdLetterDate>
    <MaxAmdLetterDate>03/05/2003</MaxAmdLetterDate>
    <ARRAAmount/>
    <AwardID>0100406</AwardID>
    <Investigator>
      <FirstName>Matei</FirstName>
      <LastName>Machedon</LastName>
      <EmailAddress>mxm@math.umd.edu</EmailAddress>
      <StartDate>05/29/2001</StartDate>
      <EndDate/>
      <RoleCode>Principal Investigator</RoleCode>
    </Investigator>
    <Institution>
      <Name>University of Maryland College Park</Name>
      <CityName>COLLEGE PARK</CityName>
      <ZipCode>207425141</ZipCode>
      <PhoneNumber>3014056269</PhoneNumber>
      <StreetAddress>3112 LEE BLDG 7809 Regents Drive</StreetAddress>
      <CountryName>United States</CountryName>
      <StateName>Maryland</StateName>
      <StateCode>MD</StateCode>
    </Institution>
    <FoaInformation>
      <Code>0000099</Code>
      <Name>Other Applications NEC</Name>
    </FoaInformation>
  </Award>
</rootTag>
