<?xml version="1.0" encoding="UTF-8"?>

<rootTag>
  <Award>
    <AwardTitle>A Core Equipment Facility for Cellular and Molecular Neuroscience</AwardTitle>
    <AwardEffectiveDate>09/01/2001</AwardEffectiveDate>
    <AwardExpirationDate>08/31/2003</AwardExpirationDate>
    <AwardAmount>164944</AwardAmount>
    <AwardInstrument>
      <Value>Standard Grant</Value>
    </AwardInstrument>
    <Organization>
      <Code>08080101</Code>
      <Directorate>
        <LongName>Direct For Biological Sciences</LongName>
      </Directorate>
      <Division>
        <LongName>Div Of Biological Infrastructure</LongName>
      </Division>
    </Organization>
    <ProgramOfficer>
      <SignBlockName>Gerald Selzer</SignBlockName>
    </ProgramOfficer>
    <AbstractNarration>This award provides support for purchase of equipment to be used to establish a multi-user, integrated core equipment facility for cellular and molecular biological research. The equipment includes centrifuges, a microinjection apparatus, a spectrophotomer and an inverted microscope. The facility will be shared by faculty in two departments: a newly formed Department of Cell Biology and Neuroscience and an existing Department of Chemistry and Biochemistry. A shared focus of all these investigators is the elucidation of the cellular and molecular mechanisms underlying neural development and/or nerve regeneration. All are now physically located in adjacent labs, and given the overlap in their research methodologies, will be able to share the equipment supported through this award.. Some of the major equipment items requested would replace existing items that are close to 25 years old and in serious disrepair, while others will provide new or expanded capabilities. All major users are members of the NSF sponsored IGERT doctoral training program at the University. This program in Complex Biological Systems is designed to train graduate students to approach biological problems from a multitude of levels, from the molecular to the systems level, using a variety of approaches drawn from cellular and molecular biology, structural biology, computational biology and systems neuroscience. Thus the IGERT trainees will benefit considerably from access to the equipment which will be used in both course work and in thesis research. The equipment will also be available for use by a number of undergraduate students who undertake independent research projects as part of their education.</AbstractNarration>
    <MinAmdLetterDate>08/21/2001</MinAmdLetterDate>
    <MaxAmdLetterDate>08/21/2001</MaxAmdLetterDate>
    <ARRAAmount/>
    <AwardID>0100311</AwardID>
    <Investigator>
      <FirstName>Valerie</FirstName>
      <LastName>Copie</LastName>
      <EmailAddress>vcopie@montana.edu</EmailAddress>
      <StartDate>08/21/2001</StartDate>
      <EndDate/>
      <RoleCode>Co-Principal Investigator</RoleCode>
    </Investigator>
    <Investigator>
      <FirstName>Frances</FirstName>
      <LastName>Lefcort</LastName>
      <EmailAddress>lefcort@montana.edu</EmailAddress>
      <StartDate>08/21/2001</StartDate>
      <EndDate/>
      <RoleCode>Principal Investigator</RoleCode>
    </Investigator>
    <Investigator>
      <FirstName>Roger</FirstName>
      <LastName>Bradley</LastName>
      <EmailAddress>rbradley@montana.edu</EmailAddress>
      <StartDate>08/21/2001</StartDate>
      <EndDate/>
      <RoleCode>Co-Principal Investigator</RoleCode>
    </Investigator>
    <Investigator>
      <FirstName>Daniel</FirstName>
      <LastName>Pierce</LastName>
      <EmailAddress>pierce@chemistry.montana.edu</EmailAddress>
      <StartDate>08/21/2001</StartDate>
      <EndDate/>
      <RoleCode>Co-Principal Investigator</RoleCode>
    </Investigator>
    <Investigator>
      <FirstName>Charles</FirstName>
      <LastName>Paden</LastName>
      <EmailAddress>cpaden@montana.edu</EmailAddress>
      <StartDate>08/21/2001</StartDate>
      <EndDate/>
      <RoleCode>Co-Principal Investigator</RoleCode>
    </Investigator>
    <Institution>
      <Name>Montana State University</Name>
      <CityName>BOZEMAN</CityName>
      <ZipCode>597172470</ZipCode>
      <PhoneNumber>4069942381</PhoneNumber>
      <StreetAddress>309 MONTANA HALL</StreetAddress>
      <CountryName>United States</CountryName>
      <StateName>Montana</StateName>
      <StateCode>MT</StateCode>
    </Institution>
    <ProgramElement>
      <Code>1108</Code>
      <Text>INSTRUMENTAT &amp; INSTRUMENT DEVP</Text>
    </ProgramElement>
    <ProgramReference>
      <Code>9184</Code>
      <Text>BIOTECHNOLOGY - INFRASTRUCTURE</Text>
    </ProgramReference>
    <ProgramReference>
      <Code>BIOT</Code>
      <Text>BIOTECHNOLOGY</Text>
    </ProgramReference>
  </Award>
</rootTag>
