<?xml version="1.0" encoding="UTF-8"?>

<rootTag>
  <Award>
    <AwardTitle>Optical Manipulation of Bose-Einstein Condensates</AwardTitle>
    <AwardEffectiveDate>09/01/2001</AwardEffectiveDate>
    <AwardExpirationDate>03/31/2005</AwardExpirationDate>
    <AwardAmount>105000</AwardAmount>
    <AwardInstrument>
      <Value>Continuing grant</Value>
    </AwardInstrument>
    <Organization>
      <Code>03010000</Code>
      <Directorate>
        <LongName>Direct For Mathematical &amp; Physical Scien</LongName>
      </Directorate>
      <Division>
        <LongName>Division Of Physics</LongName>
      </Division>
    </Organization>
    <ProgramOfficer>
      <SignBlockName>C. Denise Caldwell</SignBlockName>
    </ProgramOfficer>
    <AbstractNarration>The focus of this work is (1) on principles and applications of manipulating gaseous Bose-Einstein Condensate (BEC's) with laser light under realistic experimental conditions. The research will also focus (2) on modeling the loading of optical lattices using a BEC and (3) on studying the characteristics of a practical atom laser beam. The work will provide new capabilities for the investigation of practical atom lasers.</AbstractNarration>
    <MinAmdLetterDate>07/16/2001</MinAmdLetterDate>
    <MaxAmdLetterDate>01/21/2005</MaxAmdLetterDate>
    <ARRAAmount/>
    <AwardID>0100767</AwardID>
    <Investigator>
      <FirstName>Michael</FirstName>
      <LastName>Coplan</LastName>
      <EmailAddress>coplan@glue.umd.edu</EmailAddress>
      <StartDate>07/16/2001</StartDate>
      <EndDate/>
      <RoleCode>Principal Investigator</RoleCode>
    </Investigator>
    <Investigator>
      <FirstName>Charles</FirstName>
      <LastName>Clark</LastName>
      <EmailAddress>cwc@umd.edu</EmailAddress>
      <StartDate>07/16/2001</StartDate>
      <EndDate/>
      <RoleCode>Co-Principal Investigator</RoleCode>
    </Investigator>
    <Institution>
      <Name>University of Maryland College Park</Name>
      <CityName>COLLEGE PARK</CityName>
      <ZipCode>207425141</ZipCode>
      <PhoneNumber>3014056269</PhoneNumber>
      <StreetAddress>3112 LEE BLDG 7809 Regents Drive</StreetAddress>
      <CountryName>United States</CountryName>
      <StateName>Maryland</StateName>
      <StateCode>MD</StateCode>
    </Institution>
    <FoaInformation>
      <Code>0000099</Code>
      <Name>Other Applications NEC</Name>
    </FoaInformation>
  </Award>
</rootTag>
