<?xml version="1.0" encoding="UTF-8"?>

<rootTag>
  <Award>
    <AwardTitle>A Wide-Field Imaging System for Living Cells</AwardTitle>
    <AwardEffectiveDate>06/01/2001</AwardEffectiveDate>
    <AwardExpirationDate>05/31/2003</AwardExpirationDate>
    <AwardAmount>153000</AwardAmount>
    <AwardInstrument>
      <Value>Standard Grant</Value>
    </AwardInstrument>
    <Organization>
      <Code>08080101</Code>
      <Directorate>
        <LongName>Direct For Biological Sciences</LongName>
      </Directorate>
      <Division>
        <LongName>Div Of Biological Infrastructure</LongName>
      </Division>
    </Organization>
    <ProgramOfficer>
      <SignBlockName>Gerald Selzer</SignBlockName>
    </ProgramOfficer>
    <AbstractNarration>This award provides funds for purchase of a wide field confocal microscope equipped with two high- sensitivity, intensified charge-coupled-device cameras, a spinning disk-type confocal imaging device, and imaging software. The cells system capable of high speed, dual excitation or dual emission ratiometric imaging, and includes equipment needed for microinjection of living cells. The microscope will be the centerpiece for a new Laboratory for the Study of Developmental Dynamics to be shared by a number of investigators. The high-sensitivity detectors allow extended fluorescence imaging of developing systems that is not possible with laser scanning confocal microscopes, or multi-photon instruments. The system will be used by postdoctoral associates, graduate and undergraduate students, and faculty investigators for a variety of research projects in cell biology, and will provide the basis for an expanded course on modern techniques in optical microscopy.</AbstractNarration>
    <MinAmdLetterDate>06/08/2001</MinAmdLetterDate>
    <MaxAmdLetterDate>11/29/2001</MaxAmdLetterDate>
    <ARRAAmount/>
    <AwardID>0100161</AwardID>
    <Investigator>
      <FirstName>David</FirstName>
      <LastName>Asai</LastName>
      <EmailAddress>david_asai@hmc.edu</EmailAddress>
      <StartDate>06/08/2001</StartDate>
      <EndDate/>
      <RoleCode>Co-Principal Investigator</RoleCode>
    </Investigator>
    <Investigator>
      <FirstName>Kenneth</FirstName>
      <LastName>Robinson</LastName>
      <EmailAddress>ken@video.bio.purdue.edu</EmailAddress>
      <StartDate>06/08/2001</StartDate>
      <EndDate/>
      <RoleCode>Principal Investigator</RoleCode>
    </Investigator>
    <Institution>
      <Name>Purdue University</Name>
      <CityName>West Lafayette</CityName>
      <ZipCode>479072114</ZipCode>
      <PhoneNumber>7654941055</PhoneNumber>
      <StreetAddress>Young Hall</StreetAddress>
      <CountryName>United States</CountryName>
      <StateName>Indiana</StateName>
      <StateCode>IN</StateCode>
    </Institution>
  </Award>
</rootTag>
