<?xml version="1.0" encoding="UTF-8"?>

<rootTag>
  <Award>
    <AwardTitle>Formal Power Series and Algebraic Combinatorics: An International Combinatorics Conference</AwardTitle>
    <AwardEffectiveDate>04/01/2001</AwardEffectiveDate>
    <AwardExpirationDate>03/31/2002</AwardExpirationDate>
    <AwardAmount>12000</AwardAmount>
    <AwardInstrument>
      <Value>Standard Grant</Value>
    </AwardInstrument>
    <Organization>
      <Code>03040200</Code>
      <Directorate>
        <LongName>Direct For Mathematical &amp; Physical Scien</LongName>
      </Directorate>
      <Division>
        <LongName>Division Of Mathematical Sciences</LongName>
      </Division>
    </Organization>
    <ProgramOfficer>
      <SignBlockName>B. Brent Gordon</SignBlockName>
    </ProgramOfficer>
    <AbstractNarration>The investigator together with Arizona State University is hosting the&lt;br/&gt;Thirteenth International conference titled Formal Power Series and&lt;br/&gt;Algebraic Combinatorics (FPSAC'01). This continuing series of&lt;br/&gt;conferences bring together researchers from various areas of&lt;br/&gt;combinatorics and theoretical computer science and links them with&lt;br/&gt;leading scientists from allied disciplines in pure mathematics, applied&lt;br/&gt;mathematics and physics. The focus of the 2001 conference is on&lt;br/&gt;algebraic and enumerative combinatorics, again with emphasis on&lt;br/&gt;interdisciplinary links to allied fields.&lt;br/&gt;&lt;br/&gt;Topics include: formal power series and enumeration (e.g., enumerative&lt;br/&gt;problems in physics), algebra and enumeration (e.g., combinatorial&lt;br/&gt;methods in representation theory, association schemes), topological and&lt;br/&gt;geometric combinatorics (e.g., arrangements of hyperplanes, Helly and&lt;br/&gt;Tverberg type theorems, oriented matroids), probabilistic methods (e.g.,&lt;br/&gt;extensions and refinements of Rodl method, randomized algorithms), poset&lt;br/&gt;and graph theory (e.g., correlation and sorting, combinatorial approaches&lt;br/&gt;to the algebraic aspects of correlation), extremal combinatorics (e.g.,&lt;br/&gt;algebraic methods used to determine structural properties of extremal&lt;br/&gt;objects).</AbstractNarration>
    <MinAmdLetterDate>03/28/2001</MinAmdLetterDate>
    <MaxAmdLetterDate>03/28/2001</MaxAmdLetterDate>
    <ARRAAmount/>
    <AwardID>0100826</AwardID>
    <Investigator>
      <FirstName>Helene</FirstName>
      <LastName>Barcelo</LastName>
      <EmailAddress>barcelo@asu.edu</EmailAddress>
      <StartDate>03/28/2001</StartDate>
      <EndDate/>
      <RoleCode>Principal Investigator</RoleCode>
    </Investigator>
    <Institution>
      <Name>Arizona State University</Name>
      <CityName>TEMPE</CityName>
      <ZipCode>852816011</ZipCode>
      <PhoneNumber>4809655479</PhoneNumber>
      <StreetAddress>ORSPA</StreetAddress>
      <CountryName>United States</CountryName>
      <StateName>Arizona</StateName>
      <StateCode>AZ</StateCode>
    </Institution>
    <FoaInformation>
      <Code>0000099</Code>
      <Name>Other Applications NEC</Name>
    </FoaInformation>
  </Award>
</rootTag>
