<?xml version="1.0" encoding="UTF-8"?>

<rootTag>
  <Award>
    <AwardTitle>Quantum Chromodynamics, Electroweak Physics and Beyond</AwardTitle>
    <AwardEffectiveDate>09/01/2001</AwardEffectiveDate>
    <AwardExpirationDate>07/31/2005</AwardExpirationDate>
    <AwardAmount>420000</AwardAmount>
    <AwardInstrument>
      <Value>Continuing grant</Value>
    </AwardInstrument>
    <Organization>
      <Code>03010500</Code>
      <Directorate>
        <LongName>Direct For Mathematical &amp; Physical Scien</LongName>
      </Directorate>
      <Division>
        <LongName>Division Of Physics</LongName>
      </Division>
    </Organization>
    <ProgramOfficer>
      <SignBlockName>Simon P. Rosen</SignBlockName>
    </ProgramOfficer>
    <AbstractNarration>Research in theoretical elementary particle physics will include&lt;br/&gt;studies of: (i) the partonic structure of the nucleon within the&lt;br/&gt;framework of perturbative quantum chromodynamics, (ii) the origin of&lt;br/&gt;electroweak interaction symmetry breaking; and (iii) observable signatures&lt;br/&gt;of new physics, such as supersymmetric particles and extra dimensions. Partons&lt;br/&gt;are fundamental constituents (i.e. quarks and gluons) of observed nuclear&lt;br/&gt;particles, such as protons and neutrons. Electroweak interaction symmetry&lt;br/&gt;breaking is intimately related to the origin of masses of fundamental&lt;br/&gt;particles. New physics scenarios, such as supersymmetry and extra&lt;br/&gt;dimensions, if discovered, could extend our understanding of the extremely&lt;br/&gt;successful Standard Model of elementary particle physics to a much deeper&lt;br/&gt;level.</AbstractNarration>
    <MinAmdLetterDate>09/13/2001</MinAmdLetterDate>
    <MaxAmdLetterDate>02/07/2005</MaxAmdLetterDate>
    <ARRAAmount/>
    <AwardID>0100677</AwardID>
    <Investigator>
      <FirstName>Wu-ki</FirstName>
      <LastName>Tung</LastName>
      <EmailAddress>Tung@PA.MSU.EDU</EmailAddress>
      <StartDate>09/13/2001</StartDate>
      <EndDate/>
      <RoleCode>Principal Investigator</RoleCode>
    </Investigator>
    <Investigator>
      <FirstName>Chien-Peng</FirstName>
      <LastName>Yuan</LastName>
      <EmailAddress>yuan@pa.msu.edu</EmailAddress>
      <StartDate>09/13/2001</StartDate>
      <EndDate/>
      <RoleCode>Co-Principal Investigator</RoleCode>
    </Investigator>
    <Institution>
      <Name>Michigan State University</Name>
      <CityName>East Lansing</CityName>
      <ZipCode>488242600</ZipCode>
      <PhoneNumber>5173555040</PhoneNumber>
      <StreetAddress>Office of Sponsored Programs</StreetAddress>
      <CountryName>United States</CountryName>
      <StateName>Michigan</StateName>
      <StateCode>MI</StateCode>
    </Institution>
    <FoaInformation>
      <Code>0000099</Code>
      <Name>Other Applications NEC</Name>
    </FoaInformation>
  </Award>
</rootTag>
