<?xml version="1.0" encoding="UTF-8"?>

<rootTag>
  <Award>
    <AwardTitle>Conference on Solutions of PDE's in periodic media.</AwardTitle>
    <AwardEffectiveDate>02/01/2001</AwardEffectiveDate>
    <AwardExpirationDate>01/31/2002</AwardExpirationDate>
    <AwardAmount>15000</AwardAmount>
    <AwardInstrument>
      <Value>Standard Grant</Value>
    </AwardInstrument>
    <Organization>
      <Code>03040100</Code>
      <Directorate>
        <LongName>Direct For Mathematical &amp; Physical Scien</LongName>
      </Directorate>
      <Division>
        <LongName>Division Of Mathematical Sciences</LongName>
      </Division>
    </Organization>
    <ProgramOfficer>
      <SignBlockName>Peter Polyakov</SignBlockName>
    </ProgramOfficer>
    <AbstractNarration>This award is for the partial support of the conference in the field of Partial Differential Equations at the University of Arkansas. The conference will concentrate on the area of solutions of PDE's in periodic media. The conference will be a part of the Arkansas Spring Lecture Series and will attract researchers from other areas, such as Differential Geometry (Dmitri Burago) and Dynamical Systems (John Mather).</AbstractNarration>
    <MinAmdLetterDate>01/30/2001</MinAmdLetterDate>
    <MaxAmdLetterDate>01/30/2001</MaxAmdLetterDate>
    <ARRAAmount/>
    <AwardID>0100599</AwardID>
    <Investigator>
      <FirstName>Luca</FirstName>
      <LastName>Capogna</LastName>
      <EmailAddress>lcapogna@wpi.edu</EmailAddress>
      <StartDate>01/30/2001</StartDate>
      <EndDate/>
      <RoleCode>Principal Investigator</RoleCode>
    </Investigator>
    <Investigator>
      <FirstName>Loredana</FirstName>
      <LastName>Lanzani</LastName>
      <EmailAddress>llanzani@syr.edu</EmailAddress>
      <StartDate>01/30/2001</StartDate>
      <EndDate/>
      <RoleCode>Co-Principal Investigator</RoleCode>
    </Investigator>
    <Institution>
      <Name>University of Arkansas</Name>
      <CityName>FAYETTEVILLE</CityName>
      <ZipCode>727011201</ZipCode>
      <PhoneNumber>4795753845</PhoneNumber>
      <StreetAddress>210 Administration Building</StreetAddress>
      <CountryName>United States</CountryName>
      <StateName>Arkansas</StateName>
      <StateCode>AR</StateCode>
    </Institution>
    <FoaInformation>
      <Code>0000099</Code>
      <Name>Other Applications NEC</Name>
    </FoaInformation>
    <ProgramElement>
      <Code>1281</Code>
      <Text>ANALYSIS PROGRAM</Text>
    </ProgramElement>
    <ProgramReference>
      <Code>0000</Code>
      <Text>UNASSIGNED</Text>
    </ProgramReference>
    <ProgramReference>
      <Code>OTHR</Code>
      <Text>OTHER RESEARCH OR EDUCATION</Text>
    </ProgramReference>
  </Award>
</rootTag>
