<?xml version="1.0" encoding="UTF-8"?>

<rootTag>
  <Award>
    <AwardTitle>M-I Coupling: Study of Magnetospheric Dynamics with Ionospheric Outflows</AwardTitle>
    <AwardEffectiveDate>09/01/2001</AwardEffectiveDate>
    <AwardExpirationDate>10/31/2003</AwardExpirationDate>
    <AwardAmount>120000</AwardAmount>
    <AwardInstrument>
      <Value>Continuing grant</Value>
    </AwardInstrument>
    <Organization>
      <Code>06020202</Code>
      <Directorate>
        <LongName>Directorate For Geosciences</LongName>
      </Directorate>
      <Division>
        <LongName>Div Atmospheric &amp; Geospace Sciences</LongName>
      </Division>
    </Organization>
    <ProgramOfficer>
      <SignBlockName>kile baker</SignBlockName>
    </ProgramOfficer>
    <AbstractNarration>The effects of outflowing ionospheric ions on the dynamics of the magnetosphere is an inherently very difficult problem to study. A natural way of studying such phenomena is to utilize kinetic particle simulations. The difficulty in doing such simulations has been the large amounts of computer time required to generate physically reasonable results. New version of the EMPM (Electromagnetic Particle Model) code has been developed to make use of the capabilities of massively parallel computers such as the ORIGIN 2000 or the Cray T3E. This new code will provide a factor of two improvement in spatial resolution over the previous code and will provide better dynamics of the inner magnetosphere and ring current.&lt;br/&gt;&lt;br/&gt;Ionopsheric models of outflowing heavy ions will be used to incorporate the injection of these ions into the magnetosphere. The EMPM code will then be used to study the dynamics of magnetic storms as affected by the presence of heavy ions. In particular, the effect of changes in the interplanetary magnetic field (IMF) will be investigated. This will be done using simplified time-varying IMFs to determine the effect of the varying IMF on the M-I coupling due to overflow of ionospheric ions.</AbstractNarration>
    <MinAmdLetterDate>08/24/2001</MinAmdLetterDate>
    <MaxAmdLetterDate>01/08/2002</MaxAmdLetterDate>
    <ARRAAmount/>
    <AwardID>0100997</AwardID>
    <Investigator>
      <FirstName>Ken-Ichi</FirstName>
      <LastName>Nishikawa</LastName>
      <EmailAddress>ken-ichi.nishikawa@nasa.gov</EmailAddress>
      <StartDate>08/24/2001</StartDate>
      <EndDate/>
      <RoleCode>Principal Investigator</RoleCode>
    </Investigator>
    <Institution>
      <Name>Rutgers University New Brunswick</Name>
      <CityName>Piscataway</CityName>
      <ZipCode>088543925</ZipCode>
      <PhoneNumber>8489320150</PhoneNumber>
      <StreetAddress>33 Knightsbridge Road</StreetAddress>
      <CountryName>United States</CountryName>
      <StateName>New Jersey</StateName>
      <StateCode>NJ</StateCode>
    </Institution>
    <FoaInformation>
      <Code>0205000</Code>
      <Name>Space</Name>
    </FoaInformation>
    <ProgramElement>
      <Code>5750</Code>
      <Text>MAGNETOSPHERIC PHYSICS</Text>
    </ProgramElement>
    <ProgramReference>
      <Code>1323</Code>
      <Text>SOLAR INFLUENCES</Text>
    </ProgramReference>
    <ProgramReference>
      <Code>EGCH</Code>
      <Text>ENVIRONMENT AND GLOBAL CHANGE</Text>
    </ProgramReference>
  </Award>
</rootTag>
