<?xml version="1.0" encoding="UTF-8"?>

<rootTag>
  <Award>
    <AwardTitle>Linear and Nonlinear Multichannel Scattering</AwardTitle>
    <AwardEffectiveDate>06/01/2001</AwardEffectiveDate>
    <AwardExpirationDate>05/31/2005</AwardExpirationDate>
    <AwardAmount>152524</AwardAmount>
    <AwardInstrument>
      <Value>Continuing grant</Value>
    </AwardInstrument>
    <Organization>
      <Code>03040100</Code>
      <Directorate>
        <LongName>Direct For Mathematical &amp; Physical Scien</LongName>
      </Directorate>
      <Division>
        <LongName>Division Of Mathematical Sciences</LongName>
      </Division>
    </Organization>
    <ProgramOfficer>
      <SignBlockName>Joe W. Jenkins</SignBlockName>
    </ProgramOfficer>
    <AbstractNarration>There are two main topics of research in this proposal, first, the&lt;br/&gt;large time behaviour and scattering theory of nonlinear Schrodinger&lt;br/&gt;waves off a potential term which supports many bound states. This leads&lt;br/&gt;to the analysis of multichannel nonlinear scattering and metastability&lt;br/&gt;of hamiltonian dispersive equations. The second topic involves the study of&lt;br/&gt;radiation damping for metastable mutltibreather solutions of the wave&lt;br/&gt;equation. The large time behaviour of the linearized wave equation around&lt;br/&gt;multibreather solutions is analyzed; a theory to estimate the lifetimes&lt;br/&gt;of perturbed multibreather solutions is developed and applications&lt;br/&gt;to nonlinear optics, in particular optical guides with non-uniform diffraction&lt;br/&gt;profiles.&lt;br/&gt;&lt;br/&gt;The use of optical devices and fibers in today's communication systems&lt;br/&gt;motivates some of the problems studied in this proposal. In particular&lt;br/&gt;we concentrate on the problem of effects of defects and other irregularities&lt;br/&gt;in optical fibers on their transport properties. We also analyze some&lt;br/&gt;novel optical devices made by modifying the medium in a way to achieve&lt;br/&gt;better filtering of noise and interchannel interference.</AbstractNarration>
    <MinAmdLetterDate>05/29/2001</MinAmdLetterDate>
    <MaxAmdLetterDate>08/04/2003</MaxAmdLetterDate>
    <ARRAAmount/>
    <AwardID>0100490</AwardID>
    <Investigator>
      <FirstName>Avraham</FirstName>
      <LastName>Soffer</LastName>
      <EmailAddress>soffer@math.rutgers.edu</EmailAddress>
      <StartDate>05/29/2001</StartDate>
      <EndDate/>
      <RoleCode>Principal Investigator</RoleCode>
    </Investigator>
    <Institution>
      <Name>Rutgers University New Brunswick</Name>
      <CityName>Piscataway</CityName>
      <ZipCode>088543925</ZipCode>
      <PhoneNumber>8489320150</PhoneNumber>
      <StreetAddress>33 Knightsbridge Road</StreetAddress>
      <CountryName>United States</CountryName>
      <StateName>New Jersey</StateName>
      <StateCode>NJ</StateCode>
    </Institution>
    <FoaInformation>
      <Code>0000099</Code>
      <Name>Other Applications NEC</Name>
    </FoaInformation>
    <ProgramElement>
      <Code>1281</Code>
      <Text>ANALYSIS PROGRAM</Text>
    </ProgramElement>
    <ProgramReference>
      <Code>0000</Code>
      <Text>UNASSIGNED</Text>
    </ProgramReference>
    <ProgramReference>
      <Code>OTHR</Code>
      <Text>OTHER RESEARCH OR EDUCATION</Text>
    </ProgramReference>
  </Award>
</rootTag>
