<?xml version="1.0" encoding="UTF-8"?>

<rootTag>
  <Award>
    <AwardTitle>SGER: Exploratory Research for New Concepts in Ultra-Rapid Cycle Adsorptive Separation</AwardTitle>
    <AwardEffectiveDate>02/01/2001</AwardEffectiveDate>
    <AwardExpirationDate>01/31/2003</AwardExpirationDate>
    <AwardAmount>50000</AwardAmount>
    <AwardInstrument>
      <Value>Standard Grant</Value>
    </AwardInstrument>
    <Organization>
      <Code>07020000</Code>
      <Directorate>
        <LongName>Directorate For Engineering</LongName>
      </Directorate>
      <Division>
        <LongName>Div Of Chem, Bioeng, Env, &amp; Transp Sys</LongName>
      </Division>
    </Organization>
    <ProgramOfficer>
      <SignBlockName>Douglas D. Frey</SignBlockName>
    </ProgramOfficer>
    <AbstractNarration>ABSTRACT&lt;br/&gt;&lt;br/&gt;&lt;br/&gt;&lt;br/&gt;Proposal No.: CTS-100087&lt;br/&gt;Proposal Type: Investigator Initiated- SGER&lt;br/&gt;Principal Investigators: Vadim Guliants&lt;br/&gt;Institution: University of Cincinnati&lt;br/&gt;&lt;br/&gt;SGER: Exploratory Research for New Concepts in Ultra-rapid-cycle Adsorptive Separation of Air&lt;br/&gt;&lt;br/&gt;&lt;br/&gt;As a step in designing a micro-scale pressure-swing-adsorption (PSA) oxygen concentrator, this project measures the intracrystalline diffusion coefficients of oxygen and nitrogen in a low-silica X zeolite. The measurements are being done by use of isotopic tracers in single-crystal permeation apparatus.&lt;br/&gt;&lt;br/&gt;If the gas diffusion coefficients are as large as expected, this work will lead to the design and fabrication, using MEMS technology, of a small, light-weight oxygen concentrator for use by victims of chronic obstructive pulmonary disease. This device will operate on a relatively high-frequency swing of air pressure. The experimental diffusivity values will also be useful in the engineering of conventional PSA processes as well in the theoretical modeling of zeolite adsorption and transport.</AbstractNarration>
    <MinAmdLetterDate>12/11/2000</MinAmdLetterDate>
    <MaxAmdLetterDate>12/11/2000</MaxAmdLetterDate>
    <ARRAAmount/>
    <AwardID>0100087</AwardID>
    <Investigator>
      <FirstName>Vadim</FirstName>
      <LastName>Guliants</LastName>
      <EmailAddress>Vadim.Guliants@uc.edu</EmailAddress>
      <StartDate>12/11/2000</StartDate>
      <EndDate/>
      <RoleCode>Principal Investigator</RoleCode>
    </Investigator>
    <Institution>
      <Name>University of Cincinnati Main Campus</Name>
      <CityName>Cincinnati</CityName>
      <ZipCode>452210222</ZipCode>
      <PhoneNumber>5135564358</PhoneNumber>
      <StreetAddress>University Hall, Suite 530</StreetAddress>
      <CountryName>United States</CountryName>
      <StateName>Ohio</StateName>
      <StateCode>OH</StateCode>
    </Institution>
    <FoaInformation>
      <Code>0308000</Code>
      <Name>Industrial Technology</Name>
    </FoaInformation>
    <ProgramElement>
      <Code>1417</Code>
      <Text>CHEMICAL &amp; BIOLOGICAL SEPAR</Text>
    </ProgramElement>
    <ProgramReference>
      <Code>0000</Code>
      <Text>UNASSIGNED</Text>
    </ProgramReference>
    <ProgramReference>
      <Code>9237</Code>
      <Text>SMALL GRANTS-EXPLORATORY RSRCH</Text>
    </ProgramReference>
    <ProgramReference>
      <Code>OTHR</Code>
      <Text>OTHER RESEARCH OR EDUCATION</Text>
    </ProgramReference>
  </Award>
</rootTag>
