<?xml version="1.0" encoding="UTF-8"?>

<rootTag>
  <Award>
    <AwardTitle>A Planning Visit to France to Establish an International IGERT Program</AwardTitle>
    <AwardEffectiveDate>03/15/2001</AwardEffectiveDate>
    <AwardExpirationDate>02/28/2002</AwardExpirationDate>
    <AwardAmount>9780</AwardAmount>
    <AwardInstrument>
      <Value>Standard Grant</Value>
    </AwardInstrument>
    <Organization>
      <Code>01090000</Code>
      <Directorate>
        <LongName>Office Of The Director</LongName>
      </Directorate>
      <Division>
        <LongName>Office Of Internatl Science &amp;Engineering</LongName>
      </Division>
    </Organization>
    <ProgramOfficer>
      <SignBlockName>Jennifer Slimowitz Pearl</SignBlockName>
    </ProgramOfficer>
    <AbstractNarration>0100738&lt;br/&gt;Duran&lt;br/&gt;&lt;br/&gt;This award for a planning visit to France involves scientists and administrators from the Universities of Florida, North Carolina and Texas in the US and the Universities of Bordeaux, Paris and Strasbourg in France. The goal is to prepare an international IGERT (Integrative Graduate Education, Research and Training) proposal in advanced chemical concepts, which will be submitted to the 2001-2002 IGERT competition. The proposed IGERT program's goal is to provide extensive international experience and a multidisciplinary training program to US and French Ph.D. students, possibly leading to a joint Ph.D. degree. The US team and French counterparts will plan the science and training areas of the program and hold discussions on degree equivalence, residency requirement, tuition waivers, and other questions related to the development of a dual Ph.D. or international Ph.D. program.&lt;br/&gt;&lt;br/&gt;This award represents the US side of a joint planning visit. The National Science Foundation will cover travel funds and living expenses for the US team. The French Ministry of Research will provide similar funding to the French team for a reciprocal visit to the United States.</AbstractNarration>
    <MinAmdLetterDate>03/07/2001</MinAmdLetterDate>
    <MaxAmdLetterDate>03/07/2001</MaxAmdLetterDate>
    <ARRAAmount/>
    <AwardID>0100738</AwardID>
    <Investigator>
      <FirstName>David</FirstName>
      <LastName>Colburn</LastName>
      <EmailAddress>colburn@nervm.nerdc.ufl.edu</EmailAddress>
      <StartDate>03/07/2001</StartDate>
      <EndDate/>
      <RoleCode>Co-Principal Investigator</RoleCode>
    </Investigator>
    <Investigator>
      <FirstName>Randolph</FirstName>
      <LastName>Duran</LastName>
      <EmailAddress>rduran@lsu.edu</EmailAddress>
      <StartDate>03/07/2001</StartDate>
      <EndDate/>
      <RoleCode>Principal Investigator</RoleCode>
    </Investigator>
    <Investigator>
      <FirstName>Linda</FirstName>
      <LastName>Dykstra</LastName>
      <EmailAddress>ldykstra@unc.edu</EmailAddress>
      <StartDate>03/07/2001</StartDate>
      <EndDate/>
      <RoleCode>Co-Principal Investigator</RoleCode>
    </Investigator>
    <Investigator>
      <FirstName>James</FirstName>
      <LastName>Boggs</LastName>
      <EmailAddress>james.boggs@mail.utexas.edu</EmailAddress>
      <StartDate>03/07/2001</StartDate>
      <EndDate/>
      <RoleCode>Co-Principal Investigator</RoleCode>
    </Investigator>
    <Institution>
      <Name>University of Florida</Name>
      <CityName>GAINESVILLE</CityName>
      <ZipCode>326112002</ZipCode>
      <PhoneNumber>3523923516</PhoneNumber>
      <StreetAddress>1 UNIVERSITY OF FLORIDA</StreetAddress>
      <CountryName>United States</CountryName>
      <StateName>Florida</StateName>
      <StateCode>FL</StateCode>
    </Institution>
    <FoaInformation>
      <Code>0000099</Code>
      <Name>Other Applications NEC</Name>
    </FoaInformation>
  </Award>
</rootTag>
