<?xml version="1.0" encoding="UTF-8"?>

<rootTag>
  <Award>
    <AwardTitle>Case Studies and Tsunami Community Model for Underwater Landslide Tsunamis</AwardTitle>
    <AwardEffectiveDate>09/15/2001</AwardEffectiveDate>
    <AwardExpirationDate>08/31/2004</AwardExpirationDate>
    <AwardAmount>204645</AwardAmount>
    <AwardInstrument>
      <Value>Standard Grant</Value>
    </AwardInstrument>
    <Organization>
      <Code>07030000</Code>
      <Directorate>
        <LongName>Directorate For Engineering</LongName>
      </Directorate>
      <Division>
        <LongName>Div Of Civil, Mechanical, &amp; Manufact Inn</LongName>
      </Division>
    </Organization>
    <ProgramOfficer>
      <SignBlockName>Richard J. Fragaszy</SignBlockName>
    </ProgramOfficer>
    <AbstractNarration>Underwater landslides have generated several local tsunamis reaching at least 30 meters in elevation this century -- most recently on Flores Island, Indonesia in 1992. In addition, these events typically occur close to shore and offer very little time for warning, and can be devastating to nearby coastal development. Underwater landslides often pose the greatest local tsunami hazard.&lt;br/&gt;&lt;br/&gt;Tsunamis generated by underwater landslides are governed by at least six fundamental parameters, which are functions of landslide geometry and kinematics. In addition, nonlinear interactions may occur between waves, shoreline, and landslide. Consequently, predicting landslide tsunami amplitudes requires sophisticated numerical methods.&lt;br/&gt;&lt;br/&gt;The PIs have developed an accurate and efficient model of inviscid, irrotational, fluid dynamics during tsunami generation, based on a Boundary Element Method (BEM). A three-dimensional (3D) version, the ''Tsunami Open and Progressive Initial Conditions System'' (TOPICS) is an analytical tool that provides estimates of tsunami features and initial conditions. The source code is distributed freely to academic, nonprofit, and government researchers, in order to facilitate tsunami hazard assessment within the tsunami community (see: www.tsunamicommunity.org).&lt;br/&gt;&lt;br/&gt;This action is to support research to refine the effects of landslide shape, motion, and deformation, on tsunami generation, describing three-dimensional effects during tsunami generation, coupling tsunami generation and propagation models, validating these numerical methods with experiments and actual case studies, and producing more accurate versions of TOPICS for the tsunami community. The fundamental goal is to predict accurate tsunami source features.</AbstractNarration>
    <MinAmdLetterDate>09/13/2001</MinAmdLetterDate>
    <MaxAmdLetterDate>09/13/2001</MaxAmdLetterDate>
    <ARRAAmount/>
    <AwardID>0100223</AwardID>
    <Investigator>
      <FirstName>Philip</FirstName>
      <LastName>Watts</LastName>
      <EmailAddress>phil.watts@appliedfluids.com</EmailAddress>
      <StartDate>09/13/2001</StartDate>
      <EndDate/>
      <RoleCode>Co-Principal Investigator</RoleCode>
    </Investigator>
    <Investigator>
      <FirstName>Stephan</FirstName>
      <LastName>Grilli</LastName>
      <EmailAddress>grilli@oce.uri.edu</EmailAddress>
      <StartDate>09/13/2001</StartDate>
      <EndDate/>
      <RoleCode>Principal Investigator</RoleCode>
    </Investigator>
    <Institution>
      <Name>University of Rhode Island</Name>
      <CityName>KINGSTON</CityName>
      <ZipCode>028811967</ZipCode>
      <PhoneNumber>4018742635</PhoneNumber>
      <StreetAddress>RESEARCH OFFICE</StreetAddress>
      <CountryName>United States</CountryName>
      <StateName>Rhode Island</StateName>
      <StateCode>RI</StateCode>
    </Institution>
    <FoaInformation>
      <Code>0304000</Code>
      <Name>Disaster &amp; Natural Hazard</Name>
    </FoaInformation>
    <ProgramElement>
      <Code>1636</Code>
      <Text>Geotechnical Engineering and M</Text>
    </ProgramElement>
    <ProgramReference>
      <Code>1039</Code>
      <Text>RENEWAL ENGINEERING</Text>
    </ProgramReference>
    <ProgramReference>
      <Code>1576</Code>
      <Text>NATIONL EARTHQK HZRD REDCT PRG</Text>
    </ProgramReference>
    <ProgramReference>
      <Code>CVIS</Code>
      <Text>CIVIL INFRASTRUCTURE</Text>
    </ProgramReference>
  </Award>
</rootTag>
