<?xml version="1.0" encoding="UTF-8"?>

<rootTag>
  <Award>
    <AwardTitle>Prediction of Microstructural Changes and Residual Stresses in Hard Machining</AwardTitle>
    <AwardEffectiveDate>04/01/2001</AwardEffectiveDate>
    <AwardExpirationDate>03/31/2004</AwardExpirationDate>
    <AwardAmount>167654</AwardAmount>
    <AwardInstrument>
      <Value>Standard Grant</Value>
    </AwardInstrument>
    <Organization>
      <Code>07030000</Code>
      <Directorate>
        <LongName>Directorate For Engineering</LongName>
      </Directorate>
      <Division>
        <LongName>Div Of Civil, Mechanical, &amp; Manufact Inn</LongName>
      </Division>
    </Organization>
    <ProgramOfficer>
      <SignBlockName>George A. Hazelrigg</SignBlockName>
    </ProgramOfficer>
    <AbstractNarration>This grant provides funding for the development of a computational tool for analysis and prediction of microstructure changes and residual stresses generated in cutting of hardened steels using single-point tools. The computational tool will be used to establish the optimal parameter values for cutting speed, feed, depth of cut and tool geometry that yield favorable residual stresses and a workpiece surface free of undesirable microstructure changes (e.g., white layer formation) in two-dimensional cutting of a hardened steel material. To achieve this goal, analytical models of the metallurgical phase transformation occurring in quenching of steels will be developed and combined with a coupled thermo-mechanical updated Lagrangian finite element model of the two-dimensional cutting process developed using the ABAQUS Standard finite element code. In order to validate the complete model, orthogonal cutting experiments will be performed with bearing steel (e.g., AISI 52100) as the workpiece material and PCBN tool material using cutting parameters determined from the model. Existing material property data and/or elevated temperature high strain-rate tests will be used to establish the material flow-stress models to be used in the simulations. The microstructure of the machined workpiece samples will be characterized using optical and scanning electron microscopy while residual stresses will be measured using X-ray diffraction. &lt;br/&gt;&lt;br/&gt;If successful, the results of this research will provide the capability of accurately simulating surface generation in machining of hardened steels and determining an optimal window of cutting conditions to produce surface characteristics that enhance the service-life of hardened steel components. This will in turn help to reduce cost, improve part quality, and promote the industrial use of hard machining technology. On a fundamental level, the proposed research will advance current physical understanding of material and cutting process interactions in hard machining, particularly from a standpoint of workpiece microstructure changes (e.g., white layer formation) and residual stresses. The proposed research will also provide a solid framework for future development of a three-dimensional model for simulating hard machining processes such as turning and milling.</AbstractNarration>
    <MinAmdLetterDate>02/21/2001</MinAmdLetterDate>
    <MaxAmdLetterDate>05/10/2001</MaxAmdLetterDate>
    <ARRAAmount/>
    <AwardID>0100176</AwardID>
    <Investigator>
      <FirstName>Shreyes</FirstName>
      <LastName>Melkote</LastName>
      <EmailAddress>shreyes.melkote@me.gatech.edu</EmailAddress>
      <StartDate>02/21/2001</StartDate>
      <EndDate/>
      <RoleCode>Principal Investigator</RoleCode>
    </Investigator>
    <Institution>
      <Name>Georgia Tech Research Corporation</Name>
      <CityName>Atlanta</CityName>
      <ZipCode>303320420</ZipCode>
      <PhoneNumber>4048944819</PhoneNumber>
      <StreetAddress>Office of Sponsored Programs</StreetAddress>
      <CountryName>United States</CountryName>
      <StateName>Georgia</StateName>
      <StateCode>GA</StateCode>
    </Institution>
    <FoaInformation>
      <Code>0308000</Code>
      <Name>Industrial Technology</Name>
    </FoaInformation>
    <ProgramElement>
      <Code>1468</Code>
      <Text>Manufacturing Machines &amp; Equip</Text>
    </ProgramElement>
    <ProgramElement>
      <Code>1504</Code>
      <Text>GRANT OPP FOR ACAD LIA W/INDUS</Text>
    </ProgramElement>
    <ProgramReference>
      <Code>1468</Code>
      <Text>MANUFACTURING &amp; CONST MACH EQP</Text>
    </ProgramReference>
    <ProgramReference>
      <Code>1504</Code>
      <Text>GRANT OPP FOR ACAD LIA W/INDUS</Text>
    </ProgramReference>
    <ProgramReference>
      <Code>9146</Code>
      <Text>MANUFACTURING BASE RESEARCH</Text>
    </ProgramReference>
    <ProgramReference>
      <Code>9178</Code>
      <Text>UNDERGRADUATE EDUCATION</Text>
    </ProgramReference>
    <ProgramReference>
      <Code>9251</Code>
      <Text>RES EXPER FOR UNDERGRAD-SUPPLT</Text>
    </ProgramReference>
    <ProgramReference>
      <Code>MANU</Code>
      <Text>MANUFACTURING</Text>
    </ProgramReference>
  </Award>
</rootTag>
