<?xml version="1.0" encoding="UTF-8"?>

<rootTag>
  <Award>
    <AwardTitle>SGER: New Opportunitiues with Intrinsic Left-handed Metamaterials</AwardTitle>
    <AwardEffectiveDate>04/01/2001</AwardEffectiveDate>
    <AwardExpirationDate>03/31/2003</AwardExpirationDate>
    <AwardAmount>100000</AwardAmount>
    <AwardInstrument>
      <Value>Standard Grant</Value>
    </AwardInstrument>
    <Organization>
      <Code>03070003</Code>
      <Directorate>
        <LongName>Direct For Mathematical &amp; Physical Scien</LongName>
      </Directorate>
      <Division>
        <LongName>Division Of Materials Research</LongName>
      </Division>
    </Organization>
    <ProgramOfficer>
      <SignBlockName>Wendy W. Fuller-Mora</SignBlockName>
    </ProgramOfficer>
    <AbstractNarration>This is a Small Grants for Exploratory Research (SGER) award. The project will allow a rapid follow-up to the PI's discovery of a new class of materials, the so-called left-handed materials (LHM). In normal materials, both the electric permittivity and the magnetic permeability are observed to be positive quantities. LHM are composite materials constructed so that the permeability and permittivity are simultaneously negative. The properties of LHM are quite different from ordinary materials. Some of the most important and non-intuitive properties of LHM are exposed when electromagnetic radiation propagates through such a LHM medium. For example, Snell's law is reversed. In work to date, materials have been constructed that behave as LHM in the microwave region. This SGER award will allow the exploration of theoretical and experimental work to determine if LHM materials can be fabricated at optical frequencies. If this can be achieved, and it is not known with certainty whether this will be possible, the potential impact of LHM in photonic materials, laser applications and other technical areas would be substantial.&lt;br/&gt;&lt;br/&gt;This is a Small Grants for Exploratory Research (SGER) Award. The Principal Investigator and co-workers have produced a new class of composite materials with physical properties that scientists theorized might be possible, but had never before been produced. The materials are called left-handed materials (LHM) because they reverse many of the physical properties observed in ordinary materials in response to electromagnetic radiation. The new class of materials has the ability to reverse properties such as the Doppler effect, the principle that changes the frequency of waves as the source of the waves moves. Thus, a train whistle sounds higher in pitch as the train approaches and lower as the train recedes. Maxwell's equations, which describe the relationship between magnetic and electric fields, suggest that microwave radiation or light would show the opposite effect in this new class of materials, shifting to lower frequencies as the source approaches. Similarly, Maxwell's equations suggest that a lens made of such materials, instead of dispersing electromagnetic radiation as usual, would focus it as it passes through. This SGER award will allow the exploration of theoretical and experimental work to determine if LHM materials can be fabricated at optical frequencies.&lt;br/&gt;Such materials would have strange properties such as a flashlight shining on a LHM slab would be focused at a point on the other side. Students and post-docs working on this project will received excellent training in a new area, and will be qualified for a range of employment in academe, industry and government.</AbstractNarration>
    <MinAmdLetterDate>03/16/2001</MinAmdLetterDate>
    <MaxAmdLetterDate>11/07/2002</MaxAmdLetterDate>
    <ARRAAmount/>
    <AwardID>0100962</AwardID>
    <Investigator>
      <FirstName>Sheldon</FirstName>
      <LastName>Schultz</LastName>
      <EmailAddress>sschultz@ucsd.edu</EmailAddress>
      <StartDate>03/16/2001</StartDate>
      <EndDate/>
      <RoleCode>Principal Investigator</RoleCode>
    </Investigator>
    <Institution>
      <Name>University of California-San Diego</Name>
      <CityName>La Jolla</CityName>
      <ZipCode>920930934</ZipCode>
      <PhoneNumber>8585344896</PhoneNumber>
      <StreetAddress>Office of Contract &amp; Grant Admin</StreetAddress>
      <CountryName>United States</CountryName>
      <StateName>California</StateName>
      <StateCode>CA</StateCode>
    </Institution>
    <FoaInformation>
      <Code>0106000</Code>
      <Name>Materials Research</Name>
    </FoaInformation>
    <ProgramElement>
      <Code>1710</Code>
      <Text>CONDENSED MATTER PHYSICS</Text>
    </ProgramElement>
    <ProgramElement>
      <Code>1712</Code>
      <Text>DMR SHORT TERM SUPPORT</Text>
    </ProgramElement>
    <ProgramReference>
      <Code>9161</Code>
      <Text>SINGLE DIVISION/UNIVERSITY</Text>
    </ProgramReference>
    <ProgramReference>
      <Code>9237</Code>
      <Text>SMALL GRANTS-EXPLORATORY RSRCH</Text>
    </ProgramReference>
    <ProgramReference>
      <Code>AMPP</Code>
      <Text>ADVANCED MATERIALS &amp; PROCESSING PROGRAM</Text>
    </ProgramReference>
  </Award>
</rootTag>
