<?xml version="1.0" encoding="UTF-8"?>

<rootTag>
  <Award>
    <AwardTitle>Multi-Linear Singular Integrals</AwardTitle>
    <AwardEffectiveDate>06/01/2001</AwardEffectiveDate>
    <AwardExpirationDate>11/30/2004</AwardExpirationDate>
    <AwardAmount>77647</AwardAmount>
    <AwardInstrument>
      <Value>Standard Grant</Value>
    </AwardInstrument>
    <Organization>
      <Code>03040100</Code>
      <Directorate>
        <LongName>Direct For Mathematical &amp; Physical Scien</LongName>
      </Directorate>
      <Division>
        <LongName>Division Of Mathematical Sciences</LongName>
      </Division>
    </Organization>
    <ProgramOfficer>
      <SignBlockName>Joe W. Jenkins</SignBlockName>
    </ProgramOfficer>
    <AbstractNarration>Over the past two years I have been working on multi-linear &lt;br/&gt;singular integral operators. Recently, in a joint work with T.Tao and&lt;br/&gt;C.Thiele we generalized the previous results on the bilinear Hilbert&lt;br/&gt;transform to the case of multilinear operators with much more singular&lt;br/&gt;symbols.&lt;br/&gt; The striking fact about these developments is that it seems that these&lt;br/&gt;techniques could have a very nice and important application to the&lt;br/&gt;spectral theory of Schroedinger operators.&lt;br/&gt; The final goal of our project, is to show that for the classical&lt;br/&gt;Schroedinger operators with square integrable potential and for almost&lt;br/&gt;every positive eigenvalue, their corresponding eigenfunctions are bounded.&lt;br/&gt; The answer to the above conjecture would imply a better understanding&lt;br/&gt;of the behaviour of the Schroedinger operators, which lie in the heart of&lt;br/&gt;Quantum Mechanics.</AbstractNarration>
    <MinAmdLetterDate>05/11/2001</MinAmdLetterDate>
    <MaxAmdLetterDate>05/11/2001</MaxAmdLetterDate>
    <ARRAAmount/>
    <AwardID>0100796</AwardID>
    <Investigator>
      <FirstName>Camil</FirstName>
      <LastName>Muscalu</LastName>
      <EmailAddress>camil@math.cornell.edu</EmailAddress>
      <StartDate>05/11/2001</StartDate>
      <EndDate/>
      <RoleCode>Principal Investigator</RoleCode>
    </Investigator>
    <Institution>
      <Name>University of California-Los Angeles</Name>
      <CityName>LOS ANGELES</CityName>
      <ZipCode>900951406</ZipCode>
      <PhoneNumber>3107940102</PhoneNumber>
      <StreetAddress>10889 Wilshire Boulevard</StreetAddress>
      <CountryName>United States</CountryName>
      <StateName>California</StateName>
      <StateCode>CA</StateCode>
    </Institution>
    <FoaInformation>
      <Code>0000099</Code>
      <Name>Other Applications NEC</Name>
    </FoaInformation>
    <ProgramElement>
      <Code>1281</Code>
      <Text>ANALYSIS PROGRAM</Text>
    </ProgramElement>
    <ProgramReference>
      <Code>0000</Code>
      <Text>UNASSIGNED</Text>
    </ProgramReference>
    <ProgramReference>
      <Code>OTHR</Code>
      <Text>OTHER RESEARCH OR EDUCATION</Text>
    </ProgramReference>
  </Award>
</rootTag>
