<?xml version="1.0" encoding="UTF-8"?>

<rootTag>
  <Award>
    <AwardTitle>Research and Development to Support MECO Experiment in RSVP</AwardTitle>
    <AwardEffectiveDate>05/01/2001</AwardEffectiveDate>
    <AwardExpirationDate>04/30/2005</AwardExpirationDate>
    <AwardAmount>1498565</AwardAmount>
    <AwardInstrument>
      <Value>Continuing grant</Value>
    </AwardInstrument>
    <Organization>
      <Code>03010200</Code>
      <Directorate>
        <LongName>Direct For Mathematical &amp; Physical Scien</LongName>
      </Directorate>
      <Division>
        <LongName>Division Of Physics</LongName>
      </Division>
    </Organization>
    <ProgramOfficer>
      <SignBlockName>Morris Pripstein</SignBlockName>
    </ProgramOfficer>
    <AbstractNarration>This proposal requests support for Research and Development of the beamline and particle detector systems for MECO, one of the two experiments that comprise the RSVP initiative. The MECO (for Muon to Electron Conversion) experiment will search for the coherent conversion of muons into electrons in the field of an atomic nucleus. This is a process that violates muon and lepton number, commonly referred to as lepton flavor violation. MECO proposes to search for coherent muon conversion at a sensitivity a factor of 10000 times that of current experiments.&lt;br/&gt;The MECO experiment will be mounted at the Brookhaven National Laboratory, using the Alternate Gradient Synchrotron proton accelerator as a driver for a new, extremely intense muon beam. The muon beam uses a new technique involving producing muons in the bore of a superconducting solenoid and transporting them in a second solenoid to the region of a target in a third solenoid, in which they are stopped by a thin target. The conversion electrons are momentum analyzed in a set of particle detectors, also located in the bore of the third solenoid.&lt;br/&gt;While neither the beamline components nor the particle detectors are beyond the state of the art in their respective technologies, significant development and detailed design work are required before construction. The MECO experiment has been approved by the National Science Board to be included in the President's budget as an MRE project for FY 2002. This proposal is to support design work in five areas: superconducting solenoids, particle tracking detector and associated electronics, calorimetric electron detector and associated electronics, active cosmic ray shield, and modifications to the proton beam line. The work will be done by the MECO collaboration and by subcontract to an organization with expertise in the design and construction of large superconducting magnets.</AbstractNarration>
    <MinAmdLetterDate>05/21/2001</MinAmdLetterDate>
    <MaxAmdLetterDate>05/21/2003</MaxAmdLetterDate>
    <ARRAAmount/>
    <AwardID>0100566</AwardID>
    <Investigator>
      <FirstName>William</FirstName>
      <LastName>Molzon</LastName>
      <EmailAddress>wmolzon@uci.edu</EmailAddress>
      <StartDate>05/21/2001</StartDate>
      <EndDate/>
      <RoleCode>Principal Investigator</RoleCode>
    </Investigator>
    <Institution>
      <Name>University of California-Irvine</Name>
      <CityName>Irvine</CityName>
      <ZipCode>926173213</ZipCode>
      <PhoneNumber>9498247295</PhoneNumber>
      <StreetAddress>141 Innovation Drive, Ste 250</StreetAddress>
      <CountryName>United States</CountryName>
      <StateName>California</StateName>
      <StateCode>CA</StateCode>
    </Institution>
    <FoaInformation>
      <Code>0000099</Code>
      <Name>Other Applications NEC</Name>
    </FoaInformation>
    <ProgramElement>
      <Code>1221</Code>
      <Text>ELEMENTARY PARTICLE ACCEL USER</Text>
    </ProgramElement>
    <ProgramReference>
      <Code>0000</Code>
      <Text>UNASSIGNED</Text>
    </ProgramReference>
    <ProgramReference>
      <Code>OTHR</Code>
      <Text>OTHER RESEARCH OR EDUCATION</Text>
    </ProgramReference>
  </Award>
</rootTag>
