<?xml version="1.0" encoding="UTF-8"?>

<rootTag>
  <Award>
    <AwardTitle>Molecular and Supramolecular Photochemistry</AwardTitle>
    <AwardEffectiveDate>03/01/2001</AwardEffectiveDate>
    <AwardExpirationDate>02/29/2004</AwardExpirationDate>
    <AwardAmount>485800</AwardAmount>
    <AwardInstrument>
      <Value>Continuing grant</Value>
    </AwardInstrument>
    <Organization>
      <Code>03090003</Code>
      <Directorate>
        <LongName>Direct For Mathematical &amp; Physical Scien</LongName>
      </Directorate>
      <Division>
        <LongName>Division Of Chemistry</LongName>
      </Division>
    </Organization>
    <ProgramOfficer>
      <SignBlockName>Tyrone D. Mitchell</SignBlockName>
    </ProgramOfficer>
    <AbstractNarration>With this renewal award the Organic and Macromolecular Chemistry Program supports the continuing work of Dr. Frederick D. Lewis in the Department of Chemistry at Northwestern University in Evanston, Illinois. The research is based on earlier studies of the spectroscopy and photochemistry or organic molecules. The relationship between molecular structure and the behavior of electronic states will be explored in three different systems: 1) one-dimensional arrays of pi stacked poly(arylurea) chromophores, 2) aromatic amines, and 3) unsaturated aromatic molecules that undergo photochemical cyclization reactions.&lt;br/&gt;&lt;br/&gt;This research in the area of organic photochemistry involves synthesis, structural studies using NMR and x-ray crystallography, and studies of excited state behavior using a combination of spectroscopy, computational methods, and product isolation and characterization. The work is expected to provide excellent training for the students involved, and could lead to the development of organic materials with applications as wires and sensors.</AbstractNarration>
    <MinAmdLetterDate>03/20/2001</MinAmdLetterDate>
    <MaxAmdLetterDate>01/13/2003</MaxAmdLetterDate>
    <ARRAAmount/>
    <AwardID>0100596</AwardID>
    <Investigator>
      <FirstName>Frederick</FirstName>
      <LastName>Lewis</LastName>
      <EmailAddress>lewis@chem.northwestern.edu</EmailAddress>
      <StartDate>03/20/2001</StartDate>
      <EndDate/>
      <RoleCode>Principal Investigator</RoleCode>
    </Investigator>
    <Institution>
      <Name>Northwestern University</Name>
      <CityName>Evanston</CityName>
      <ZipCode>602013149</ZipCode>
      <PhoneNumber>8474913003</PhoneNumber>
      <StreetAddress>1801 Maple Ave.</StreetAddress>
      <CountryName>United States</CountryName>
      <StateName>Illinois</StateName>
      <StateCode>IL</StateCode>
    </Institution>
    <FoaInformation>
      <Code>0000099</Code>
      <Name>Other Applications NEC</Name>
    </FoaInformation>
  </Award>
</rootTag>
