<?xml version="1.0" encoding="UTF-8"?>

<rootTag>
  <Award>
    <AwardTitle>Proof Theory and Computational Complexity</AwardTitle>
    <AwardEffectiveDate>07/01/2001</AwardEffectiveDate>
    <AwardExpirationDate>06/30/2005</AwardExpirationDate>
    <AwardAmount>238520</AwardAmount>
    <AwardInstrument>
      <Value>Standard Grant</Value>
    </AwardInstrument>
    <Organization>
      <Code>03040200</Code>
      <Directorate>
        <LongName>Direct For Mathematical &amp; Physical Scien</LongName>
      </Directorate>
      <Division>
        <LongName>Division Of Mathematical Sciences</LongName>
      </Division>
    </Organization>
    <ProgramOfficer>
      <SignBlockName>Christopher W. Stark</SignBlockName>
    </ProgramOfficer>
    <AbstractNarration>This project focuses on some of the unexpectedly fruitful connections between proof theory and important open questions in computational complexity. In mathematical logic, Buss investigates proof theory and proof complexity, especially weak proof systems with close connections to open problems in computational complexity. He investigates aspects of theoretical computer science related to open questions such as the "P versus NP" problem and related problems in complexity including open problems in the mathematical foundations of cryptography. Buss studies the proof complexity of propositional systems such as Frege systems, cutting planes systems, Nullstellensatz proof systems, counting axioms, the polynomial calculus, and intuitionistic proof systems. He plans to extend previous work on bounded arithmetic and its relationships with proof complexity, computational complexity and cryptographic conjectures. The goals of this research are firstly to give bounds on proof size and on proof search algorithms, and to determine what kinds of computational content can be extracted from formal proofs; and secondly to investigate open problems in computational complexity from the viewpoint of mathematical logic.&lt;br/&gt;&lt;br/&gt;The work of this project is motivated by the desire to obtain a better understanding of open problems in computational complexity. These open problems include the "P versus NP" problem regarding the difficulty of solving a large range of combinatorial problems including scheduling and optimization; they also include establishing the possibility of mathematically secure cryptographic systems. It is commonly believed that many of the computational problems in NP and in cryptography are intractible, and it important for many applications that they be intractible. However, mathematical proofs of intractibility have not been obtained yet, in spite of extensive efforts. Buss works on aspect of these problems in the setting of mathematical logic and proof theory. His work addresses the logical and computational complexity of formal, symbolic proofs; this includes the analysis of proofs in a variety of proof systems corresponding to feasible computation, and the possibility of extracting computational information from proofs. &lt;br/&gt;&lt;br/&gt;This project will be supported by the Foundations program of the Division of Mathematical Sciences and the Theory of Computing program of the Division of Computer and Communications Research.</AbstractNarration>
    <MinAmdLetterDate>06/18/2001</MinAmdLetterDate>
    <MaxAmdLetterDate>06/18/2001</MaxAmdLetterDate>
    <ARRAAmount/>
    <AwardID>0100589</AwardID>
    <Investigator>
      <FirstName>Samuel</FirstName>
      <LastName>Buss</LastName>
      <EmailAddress>sbuss@ucsd.edu</EmailAddress>
      <StartDate>06/18/2001</StartDate>
      <EndDate/>
      <RoleCode>Principal Investigator</RoleCode>
    </Investigator>
    <Institution>
      <Name>University of California-San Diego</Name>
      <CityName>La Jolla</CityName>
      <ZipCode>920930934</ZipCode>
      <PhoneNumber>8585344896</PhoneNumber>
      <StreetAddress>Office of Contract &amp; Grant Admin</StreetAddress>
      <CountryName>United States</CountryName>
      <StateName>California</StateName>
      <StateCode>CA</StateCode>
    </Institution>
    <FoaInformation>
      <Code>0000099</Code>
      <Name>Other Applications NEC</Name>
    </FoaInformation>
    <ProgramElement>
      <Code>1268</Code>
      <Text>FOUNDATIONS</Text>
    </ProgramElement>
    <ProgramElement>
      <Code>2860</Code>
      <Text>THEORY OF COMPUTING</Text>
    </ProgramElement>
    <ProgramReference>
      <Code>0000</Code>
      <Text>UNASSIGNED</Text>
    </ProgramReference>
    <ProgramReference>
      <Code>OTHR</Code>
      <Text>OTHER RESEARCH OR EDUCATION</Text>
    </ProgramReference>
  </Award>
</rootTag>
