<?xml version="1.0" encoding="UTF-8"?>

<rootTag>
  <Award>
    <AwardTitle>L-functions and Multiplicative Number Theory</AwardTitle>
    <AwardEffectiveDate>06/01/2001</AwardEffectiveDate>
    <AwardExpirationDate>05/31/2005</AwardExpirationDate>
    <AwardAmount>124250</AwardAmount>
    <AwardInstrument>
      <Value>Continuing grant</Value>
    </AwardInstrument>
    <Organization>
      <Code>03040200</Code>
      <Directorate>
        <LongName>Direct For Mathematical &amp; Physical Scien</LongName>
      </Directorate>
      <Division>
        <LongName>Division Of Mathematical Sciences</LongName>
      </Division>
    </Organization>
    <ProgramOfficer>
      <SignBlockName>Tomek Bartoszynski</SignBlockName>
    </ProgramOfficer>
    <AbstractNarration>The investigator and his colleagues study various problems in&lt;br/&gt;the analytic theory of L-functions and mean values of multiplicative&lt;br/&gt;functions. In particular the investigator aims for an improved&lt;br/&gt;understanding of the distribution of zeros of L-functions,&lt;br/&gt;their behaviour at special values, and the size of extreme values&lt;br/&gt;in the critical strip. The second main aim of this project is&lt;br/&gt;to describe the spectrum of possible mean-values of multiplicative&lt;br/&gt;functions whose values at primes are constrained to lie in special&lt;br/&gt;subsets of the unit disc. The investigator, in collaboration&lt;br/&gt;with Granville, intends to develop further the close connection between&lt;br/&gt;such mean values and solutions to a family of integral equations.&lt;br/&gt;&lt;br/&gt;&lt;br/&gt;This project concerns problems in the area of multiplicative&lt;br/&gt;number theory. A fundamental problem in this area is to understand&lt;br/&gt;the zeros of the Riemann zeta function and other L-functions. These&lt;br/&gt;functions encode much information about prime numbers, and&lt;br/&gt;other arithmetic objects. Besides being of intrinsic interest to&lt;br/&gt;mathematicians, ideas emerging from these problems have found use&lt;br/&gt;in computer science, cryptography and coding theory.</AbstractNarration>
    <MinAmdLetterDate>05/29/2001</MinAmdLetterDate>
    <MaxAmdLetterDate>04/18/2003</MaxAmdLetterDate>
    <ARRAAmount/>
    <AwardID>0100414</AwardID>
    <Investigator>
      <FirstName>Kannan</FirstName>
      <LastName>Soundararajan</LastName>
      <EmailAddress>ksound@math.stanford.edu</EmailAddress>
      <StartDate>05/29/2001</StartDate>
      <EndDate/>
      <RoleCode>Principal Investigator</RoleCode>
    </Investigator>
    <Institution>
      <Name>University of Michigan Ann Arbor</Name>
      <CityName>Ann Arbor</CityName>
      <ZipCode>481091274</ZipCode>
      <PhoneNumber>7347636438</PhoneNumber>
      <StreetAddress>3003 South State St. Room 1062</StreetAddress>
      <CountryName>United States</CountryName>
      <StateName>Michigan</StateName>
      <StateCode>MI</StateCode>
    </Institution>
    <FoaInformation>
      <Code>0000099</Code>
      <Name>Other Applications NEC</Name>
    </FoaInformation>
  </Award>
</rootTag>
