<?xml version="1.0" encoding="UTF-8"?>

<rootTag>
  <Award>
    <AwardTitle>Three-Body Recombination at Cryogenic and Ultracold Energies</AwardTitle>
    <AwardEffectiveDate>07/01/2001</AwardEffectiveDate>
    <AwardExpirationDate>12/31/2005</AwardExpirationDate>
    <AwardAmount>120000</AwardAmount>
    <AwardInstrument>
      <Value>Continuing grant</Value>
    </AwardInstrument>
    <Organization>
      <Code>03010500</Code>
      <Directorate>
        <LongName>Direct For Mathematical &amp; Physical Scien</LongName>
      </Directorate>
      <Division>
        <LongName>Division Of Physics</LongName>
      </Division>
    </Organization>
    <ProgramOfficer>
      <SignBlockName>Barry I. Schneider</SignBlockName>
    </ProgramOfficer>
    <AbstractNarration>Work will focus on needs for new theory in three-body recombination (both charged-particle and neutral-particle) at ultralow energies, relevant to the formation of anti-hydrogen and to Bose Einstein Condensate (BEC) experiments. Several significant and basic collisional mechanisms need to be described. Areas of concern include Stark-mixing transitions, collisional transitions, vibrational quenching and collisional re-dissociation.</AbstractNarration>
    <MinAmdLetterDate>05/08/2001</MinAmdLetterDate>
    <MaxAmdLetterDate>03/24/2003</MaxAmdLetterDate>
    <ARRAAmount/>
    <AwardID>0100890</AwardID>
    <Investigator>
      <FirstName>Raymond</FirstName>
      <LastName>Flannery</LastName>
      <EmailAddress>r.flannery@physics.gatech.edu</EmailAddress>
      <StartDate>05/08/2001</StartDate>
      <EndDate/>
      <RoleCode>Principal Investigator</RoleCode>
    </Investigator>
    <Institution>
      <Name>Georgia Tech Research Corporation</Name>
      <CityName>Atlanta</CityName>
      <ZipCode>303320420</ZipCode>
      <PhoneNumber>4048944819</PhoneNumber>
      <StreetAddress>Office of Sponsored Programs</StreetAddress>
      <CountryName>United States</CountryName>
      <StateName>Georgia</StateName>
      <StateCode>GA</StateCode>
    </Institution>
    <FoaInformation>
      <Code>0000099</Code>
      <Name>Other Applications NEC</Name>
    </FoaInformation>
  </Award>
</rootTag>
