<?xml version="1.0" encoding="UTF-8"?>

<rootTag>
  <Award>
    <AwardTitle>Three-Body Atomic Recombination in Bose-Einstein Condensates</AwardTitle>
    <AwardEffectiveDate>07/01/2001</AwardEffectiveDate>
    <AwardExpirationDate>06/30/2004</AwardExpirationDate>
    <AwardAmount>211302</AwardAmount>
    <AwardInstrument>
      <Value>Continuing grant</Value>
    </AwardInstrument>
    <Organization>
      <Code>03010500</Code>
      <Directorate>
        <LongName>Direct For Mathematical &amp; Physical Scien</LongName>
      </Directorate>
      <Division>
        <LongName>Division Of Physics</LongName>
      </Division>
    </Organization>
    <ProgramOfficer>
      <SignBlockName>Barry I. Schneider</SignBlockName>
    </ProgramOfficer>
    <AbstractNarration>It is intended to provide a theoretical framework and numerical tools for solving the three body recombination problem and other related processes. This is the situation in which three atoms simultaneously collide, forming an atom and a diatomic molecule, with some of the energy liberated transferred to the rotational and vibrational degrees of freedom of the molecule, the remainder to translational kinetic energy. An important application occurs in Bose-Einstein condensation, where losses from the trap due to three body recombination limit the density achievable in condensates.</AbstractNarration>
    <MinAmdLetterDate>05/17/2001</MinAmdLetterDate>
    <MaxAmdLetterDate>04/25/2003</MaxAmdLetterDate>
    <ARRAAmount/>
    <AwardID>0100704</AwardID>
    <Investigator>
      <FirstName>Russell</FirstName>
      <LastName>Pack</LastName>
      <EmailAddress>pack@lanl.gov</EmailAddress>
      <StartDate>05/17/2001</StartDate>
      <EndDate/>
      <RoleCode>Co-Principal Investigator</RoleCode>
    </Investigator>
    <Investigator>
      <FirstName>Gregory</FirstName>
      <LastName>Parker</LastName>
      <EmailAddress>parker@mail.nhn.ou.edu</EmailAddress>
      <StartDate>05/17/2001</StartDate>
      <EndDate/>
      <RoleCode>Principal Investigator</RoleCode>
    </Investigator>
    <Institution>
      <Name>University of Oklahoma Norman Campus</Name>
      <CityName>NORMAN</CityName>
      <ZipCode>730199705</ZipCode>
      <PhoneNumber>4053254757</PhoneNumber>
      <StreetAddress>201 Stephenson Parkway</StreetAddress>
      <CountryName>United States</CountryName>
      <StateName>Oklahoma</StateName>
      <StateCode>OK</StateCode>
    </Institution>
    <FoaInformation>
      <Code>0000099</Code>
      <Name>Other Applications NEC</Name>
    </FoaInformation>
  </Award>
</rootTag>
