<?xml version="1.0" encoding="UTF-8"?>

<rootTag>
  <Award>
    <AwardTitle>2001 Dagstuhl Seminar on Deduction to be held March 4-9, 2001 at the Dagstuhl Seminar Center in Wadern, Germany</AwardTitle>
    <AwardEffectiveDate>02/15/2001</AwardEffectiveDate>
    <AwardExpirationDate>01/31/2003</AwardExpirationDate>
    <AwardAmount>15000</AwardAmount>
    <AwardInstrument>
      <Value>Standard Grant</Value>
    </AwardInstrument>
    <Organization>
      <Code>05010200</Code>
      <Directorate>
        <LongName>Direct For Computer &amp; Info Scie &amp; Enginr</LongName>
      </Directorate>
      <Division>
        <LongName>Division of Computing and Communication Foundations</LongName>
      </Division>
    </Organization>
    <ProgramOfficer>
      <SignBlockName>John Staudhammer</SignBlockName>
    </ProgramOfficer>
    <AbstractNarration>An international seminar on deduction - organized by Prof.&lt;br/&gt;Ulrich Furbach (University of Koblenz, Germany), Prof.&lt;br/&gt;Harald Ganzinger (MPI Saarbrucken, Germany), Prof. Ryuzo&lt;br/&gt;Hasegawa (Kyushu University, Japan), and Prof. Deepak Kapur&lt;br/&gt;(University of New Mexico, Albuquerque, NM, USA)- will be&lt;br/&gt;held March 4-9, 2001 at the Dagstuhl Seminar Center in&lt;br/&gt;Wadern, Germany. About 75 automated deduction researchers&lt;br/&gt;from around the world have been invited to participate. This&lt;br/&gt;award pays for travel funds for American invitees to attend&lt;br/&gt;the seminar.</AbstractNarration>
    <MinAmdLetterDate>02/05/2001</MinAmdLetterDate>
    <MaxAmdLetterDate>07/31/2002</MaxAmdLetterDate>
    <ARRAAmount/>
    <AwardID>0100448</AwardID>
    <Investigator>
      <FirstName>Deepak</FirstName>
      <LastName>Kapur</LastName>
      <EmailAddress>kapur@cs.unm.edu</EmailAddress>
      <StartDate>02/05/2001</StartDate>
      <EndDate/>
      <RoleCode>Principal Investigator</RoleCode>
    </Investigator>
    <Institution>
      <Name>University of New Mexico</Name>
      <CityName>Albuquerque</CityName>
      <ZipCode>871310001</ZipCode>
      <PhoneNumber>5052774186</PhoneNumber>
      <StreetAddress>1700 Lomas Blvd. NE, Suite 2200</StreetAddress>
      <CountryName>United States</CountryName>
      <StateName>New Mexico</StateName>
      <StateCode>NM</StateCode>
    </Institution>
    <ProgramElement>
      <Code>2865</Code>
      <Text>NUMERIC, SYMBOLIC &amp; GEO COMPUT</Text>
    </ProgramElement>
    <ProgramReference>
      <Code>9216</Code>
      <Text>ADVANCED SOFTWARE TECH &amp; ALGOR</Text>
    </ProgramReference>
    <ProgramReference>
      <Code>HPCC</Code>
      <Text>HIGH PERFORMANCE COMPUTING &amp; COMM</Text>
    </ProgramReference>
  </Award>
</rootTag>
