<?xml version="1.0" encoding="UTF-8"?>

<rootTag>
  <Award>
    <AwardTitle>Last Interglacial Decline</AwardTitle>
    <AwardEffectiveDate>05/01/2001</AwardEffectiveDate>
    <AwardExpirationDate>04/30/2004</AwardExpirationDate>
    <AwardAmount>428317</AwardAmount>
    <AwardInstrument>
      <Value>Continuing grant</Value>
    </AwardInstrument>
    <Organization>
      <Code>06020108</Code>
      <Directorate>
        <LongName>Directorate For Geosciences</LongName>
      </Directorate>
      <Division>
        <LongName>Div Atmospheric &amp; Geospace Sciences</LongName>
      </Division>
    </Organization>
    <ProgramOfficer>
      <SignBlockName>David J. Verardo</SignBlockName>
    </ProgramOfficer>
    <AbstractNarration>This award will help obtain annual-to-decadal resolution records of abrupt climate change preserved in varved and finely laminated fossiliferous lake sediments from western and southern Europe. Stratigraphic sections in Pianico, Italy, archived cores from Grande Pile, France, and new cores from Bispingen and Krumbach, Germany and Ribains, France will be examined using multiple biotic (i.e., pollen, diatoms) and abiotic (i.e., clay and silica mineralogy, magnetic susceptibility) climate proxies to obtain high-resolution signals of atmospheric cooling at the end of the last interglacial period. Such records will provide new insights into the physical mechanism underlying the transition from warm to cool climatic conditions at the last interglacial transition.&lt;br/&gt;&lt;br/&gt;Furthermore, these terrestrial records will be compared with marine records to investigate the validity of the conceptual model that links persistent warm low-middle latitude sea-surface temperatures in the Northern Hemisphere with concurrent decreasing temperatures and sea ice formation at higher northern latitudes. &lt;br/&gt;&lt;br/&gt;In the process of developing new data, ideas, and insights surrounding abrupt climate change, the research will also help develop new collaborations with international colleagues working in this intellectual area and enhance the sharing of scientific data and ideas.</AbstractNarration>
    <MinAmdLetterDate>05/15/2001</MinAmdLetterDate>
    <MaxAmdLetterDate>01/28/2003</MaxAmdLetterDate>
    <ARRAAmount/>
    <AwardID>0100830</AwardID>
    <Investigator>
      <FirstName>George</FirstName>
      <LastName>Kukla</LastName>
      <EmailAddress>kukla@.ldeo.columbia.edu</EmailAddress>
      <StartDate>05/15/2001</StartDate>
      <EndDate/>
      <RoleCode>Principal Investigator</RoleCode>
    </Investigator>
    <Institution>
      <Name>Columbia University</Name>
      <CityName>NEW YORK</CityName>
      <ZipCode>100276902</ZipCode>
      <PhoneNumber>2128546851</PhoneNumber>
      <StreetAddress>2960 Broadway</StreetAddress>
      <CountryName>United States</CountryName>
      <StateName>New York</StateName>
      <StateCode>NY</StateCode>
    </Institution>
    <FoaInformation>
      <Code>0000099</Code>
      <Name>Other Applications NEC</Name>
    </FoaInformation>
  </Award>
</rootTag>
