<?xml version="1.0" encoding="UTF-8"?>

<rootTag>
  <Award>
    <AwardTitle>Geometric Langlands Program and Infinite-dimensional Algebraic Geometry</AwardTitle>
    <AwardEffectiveDate>07/01/2001</AwardEffectiveDate>
    <AwardExpirationDate>06/30/2004</AwardExpirationDate>
    <AwardAmount>405000</AwardAmount>
    <AwardInstrument>
      <Value>Continuing grant</Value>
    </AwardInstrument>
    <Organization>
      <Code>03040200</Code>
      <Directorate>
        <LongName>Direct For Mathematical &amp; Physical Scien</LongName>
      </Directorate>
      <Division>
        <LongName>Division Of Mathematical Sciences</LongName>
      </Division>
    </Organization>
    <ProgramOfficer>
      <SignBlockName>Andrew D. Pollington</SignBlockName>
    </ProgramOfficer>
    <AbstractNarration>The principal investigators conduct research in the following areas: &lt;br/&gt;global geometric Langlands correspondence, local Langlands &lt;br/&gt;correspondence in the de Rham setting, conformal field theories &lt;br/&gt;related to Hecke chiral algebras, families of Tate spaces and &lt;br/&gt;related infinite-dimensional algebraic varieties. They explore &lt;br/&gt;analogs of the local Langlands correspondence in the de Rham&lt;br/&gt;setting relating representations of Kac-Moody affine algebras &lt;br/&gt;with de Rham local systems for the Langlands dual group on the &lt;br/&gt;formal punctured disc. They study the representation theory of &lt;br/&gt;chiral Hecke algebras and related global non-rational conformal &lt;br/&gt;field theories in which the correlator D-modules form Hecke &lt;br/&gt;eigensheaves in order to understand the global geometric Langlands &lt;br/&gt;correspondence in the de Rham setting. They construct and study the &lt;br/&gt;universal family of Langalnds transforms of GL(2) local systems. &lt;br/&gt;They study the algebraic geometry of infinite-dimensional algebraic &lt;br/&gt;varieties similar to the space of maps from the punctured formal &lt;br/&gt;disk to a smooth algebraic variety.&lt;br/&gt;&lt;br/&gt;The subject of the research lies on the intersection of several &lt;br/&gt;domains of modern mathematics and mathematical physics - the &lt;br/&gt;Langlands program, geometric representation theory, infinite-&lt;br/&gt;dimensional algebraic geometry, and conformal field theory. The &lt;br/&gt;blend of complementary ideas and methods is very fruitful - in &lt;br/&gt;particular, it leads to construction of a geometric version of &lt;br/&gt;Hecke eigenforms by means of an appropriate quantum field theory.</AbstractNarration>
    <MinAmdLetterDate>06/29/2001</MinAmdLetterDate>
    <MaxAmdLetterDate>03/03/2003</MaxAmdLetterDate>
    <ARRAAmount/>
    <AwardID>0100108</AwardID>
    <Investigator>
      <FirstName>Alexander</FirstName>
      <LastName>Beilinson</LastName>
      <EmailAddress>sasha@math.uchicago.edu</EmailAddress>
      <StartDate>06/29/2001</StartDate>
      <EndDate/>
      <RoleCode>Co-Principal Investigator</RoleCode>
    </Investigator>
    <Investigator>
      <FirstName>Vladimir</FirstName>
      <LastName>Drinfeld</LastName>
      <EmailAddress>drinfeld@math.uchicago.edu</EmailAddress>
      <StartDate>06/29/2001</StartDate>
      <EndDate/>
      <RoleCode>Principal Investigator</RoleCode>
    </Investigator>
    <Institution>
      <Name>University of Chicago</Name>
      <CityName>Chicago</CityName>
      <ZipCode>606375418</ZipCode>
      <PhoneNumber>7737028669</PhoneNumber>
      <StreetAddress>5801 South Ellis Avenue</StreetAddress>
      <CountryName>United States</CountryName>
      <StateName>Illinois</StateName>
      <StateCode>IL</StateCode>
    </Institution>
    <FoaInformation>
      <Code>0000099</Code>
      <Name>Other Applications NEC</Name>
    </FoaInformation>
    <ProgramElement>
      <Code>1264</Code>
      <Text>ALGEBRA,NUMBER THEORY,AND COM</Text>
    </ProgramElement>
    <ProgramReference>
      <Code>0000</Code>
      <Text>UNASSIGNED</Text>
    </ProgramReference>
    <ProgramReference>
      <Code>OTHR</Code>
      <Text>OTHER RESEARCH OR EDUCATION</Text>
    </ProgramReference>
  </Award>
</rootTag>
