<?xml version="1.0" encoding="UTF-8"?>

<rootTag>
  <Award>
    <AwardTitle>Support for U.S. Scientific Participation in PICES</AwardTitle>
    <AwardEffectiveDate>01/15/2001</AwardEffectiveDate>
    <AwardExpirationDate>12/31/2003</AwardExpirationDate>
    <AwardAmount>243664</AwardAmount>
    <AwardInstrument>
      <Value>Continuing grant</Value>
    </AwardInstrument>
    <Organization>
      <Code>06040100</Code>
      <Directorate>
        <LongName>Directorate For Geosciences</LongName>
      </Directorate>
      <Division>
        <LongName>Division Of Ocean Sciences</LongName>
      </Division>
    </Organization>
    <ProgramOfficer>
      <SignBlockName>Kandace S. Binkley</SignBlockName>
    </ProgramOfficer>
    <AbstractNarration>0100754&lt;br/&gt;Alexander&lt;br/&gt;&lt;br/&gt;This award provides partial funding for U.S. ocean scientists, particularly those in the academic research community, to participate in the activities of the North Pacific Marine Science Organization (PICES). This organization was established in 1992 to promote and coordinate marine scientific research in order to advance knowledge of living marine resources, land-ocean and atmosphere-ocean interactions, ecosystem components and processes, resource usage, ocean response to global weather and climate change, and human impacts in the North Pacific. Members presently include Canada, China, Japan, Korea, Russia, and the United States. Participation by U.S. scientists in Annual Meetings, scientific committee working groups and workshops, will also be funded through this award.</AbstractNarration>
    <MinAmdLetterDate>01/08/2001</MinAmdLetterDate>
    <MaxAmdLetterDate>05/16/2003</MaxAmdLetterDate>
    <ARRAAmount/>
    <AwardID>0100754</AwardID>
    <Institution>
      <Name>University of Alaska Fairbanks Campus</Name>
      <CityName>Fairbanks</CityName>
      <ZipCode>997757880</ZipCode>
      <PhoneNumber>9074747301</PhoneNumber>
      <StreetAddress>West Ridge Research Bldg 008</StreetAddress>
      <CountryName>United States</CountryName>
      <StateName>Alaska</StateName>
      <StateCode>AK</StateCode>
    </Institution>
    <FoaInformation>
      <Code>0204000</Code>
      <Name>Oceanography</Name>
    </FoaInformation>
    <ProgramElement>
      <Code>5419</Code>
      <Text>INTERNATIONAL SUPPORT</Text>
    </ProgramElement>
    <ProgramReference>
      <Code>0000</Code>
      <Text>UNASSIGNED</Text>
    </ProgramReference>
    <ProgramReference>
      <Code>OTHR</Code>
      <Text>OTHER RESEARCH OR EDUCATION</Text>
    </ProgramReference>
  </Award>
</rootTag>
