<?xml version="1.0" encoding="UTF-8"?>

<rootTag>
  <Award>
    <AwardTitle>Integrated LC/MS/MS System</AwardTitle>
    <AwardEffectiveDate>05/15/2001</AwardEffectiveDate>
    <AwardExpirationDate>04/30/2003</AwardExpirationDate>
    <AwardAmount>326275</AwardAmount>
    <AwardInstrument>
      <Value>Standard Grant</Value>
    </AwardInstrument>
    <Organization>
      <Code>08080101</Code>
      <Directorate>
        <LongName>Direct For Biological Sciences</LongName>
      </Directorate>
      <Division>
        <LongName>Div Of Biological Infrastructure</LongName>
      </Division>
    </Organization>
    <ProgramOfficer>
      <SignBlockName>Gerald Selzer</SignBlockName>
    </ProgramOfficer>
    <AbstractNarration>This award provides funds to support the purchase of an instrument with combined liquid chromatography and advanced time of flight and tandem mass spectrometry capabilities. Recent advances in mass spectrometry have provided unprecedented opportunities for the analysis of proteins, such as internal sequencing, identification of nature and location of post-translational modifications and noncovalent interactions. The system to be purchased will allow the research communities at the University of Medicine and Dentistry of New Jersey and Rutgers University - Newark to take advantage of this state-of-the-art technology in protein research. Currently, there is no instrument available that allows researchers at either institute to sequence and elucidate protein structures using tandem mass spectrometry. Provision of this technology will significantly enhance the quality and productivity of the research on both campuses, as well as at others in the Newark area. The instrument will be placed in a Mass Spectrometry Core Facility available to researchers at both institutions. The projects outlined in this application by the expected major users of the instrument entail basic research into the structure and function of proteins from a wide-range of organisms - human, yeast, bacteria and plants. The types of questions to be addressed will require protein identification and sequencing, nuclear protein complex identification, localization of protein-ligand interactions, enzyme tertiary structure determination, quality control of designer metallo-protein synthesis, internal sequencing of N-terminally blocked proteins, and identification of post-translational modification of proteins. This equipment will be supervised and maintained by an experienced mass spectrometrist who is in charge of the core facility. Three committees drawn from both institutions oversee the fiscal and scientific management and daily operation of this facility.</AbstractNarration>
    <MinAmdLetterDate>05/25/2001</MinAmdLetterDate>
    <MaxAmdLetterDate>05/25/2001</MaxAmdLetterDate>
    <ARRAAmount/>
    <AwardID>0100831</AwardID>
    <Investigator>
      <FirstName>David</FirstName>
      <LastName>Kaback</LastName>
      <EmailAddress>kaback@umdnj.edu</EmailAddress>
      <StartDate>05/25/2001</StartDate>
      <EndDate/>
      <RoleCode>Co-Principal Investigator</RoleCode>
    </Investigator>
    <Investigator>
      <FirstName>Frank</FirstName>
      <LastName>Jordan</LastName>
      <EmailAddress>frjordan@andromeda.rutgers.edu</EmailAddress>
      <StartDate>05/25/2001</StartDate>
      <EndDate/>
      <RoleCode>Co-Principal Investigator</RoleCode>
    </Investigator>
    <Investigator>
      <FirstName>Michael</FirstName>
      <LastName>Mathews</LastName>
      <EmailAddress>mathews@umdnj.edu</EmailAddress>
      <StartDate>05/25/2001</StartDate>
      <EndDate/>
      <RoleCode>Principal Investigator</RoleCode>
    </Investigator>
    <Investigator>
      <FirstName>Hieronim</FirstName>
      <LastName>Jakubowski</LastName>
      <EmailAddress>jakubows@umdnj.edu</EmailAddress>
      <StartDate>05/25/2001</StartDate>
      <EndDate/>
      <RoleCode>Co-Principal Investigator</RoleCode>
    </Investigator>
    <Investigator>
      <FirstName>Hong</FirstName>
      <LastName>Li</LastName>
      <EmailAddress>liho2@umdnj.edu</EmailAddress>
      <StartDate>05/25/2001</StartDate>
      <EndDate/>
      <RoleCode>Co-Principal Investigator</RoleCode>
    </Investigator>
    <Institution>
      <Name>Rutgers, The State University of New Jersey-RBHS-New Jersey Med</Name>
      <CityName>Newark</CityName>
      <ZipCode>071032403</ZipCode>
      <PhoneNumber>9739720281</PhoneNumber>
      <StreetAddress>New Jersey Medical School, MSB C</StreetAddress>
      <CountryName>United States</CountryName>
      <StateName>New Jersey</StateName>
      <StateCode>NJ</StateCode>
    </Institution>
    <ProgramElement>
      <Code>1108</Code>
      <Text>INSTRUMENTAT &amp; INSTRUMENT DEVP</Text>
    </ProgramElement>
    <ProgramReference>
      <Code>9184</Code>
      <Text>BIOTECHNOLOGY - INFRASTRUCTURE</Text>
    </ProgramReference>
    <ProgramReference>
      <Code>BIOT</Code>
      <Text>BIOTECHNOLOGY</Text>
    </ProgramReference>
  </Award>
</rootTag>
