<?xml version="1.0" encoding="UTF-8"?>

<rootTag>
  <Award>
    <AwardTitle>Optical Manipulation of Bose-Einstein Condensates</AwardTitle>
    <AwardEffectiveDate>09/01/2001</AwardEffectiveDate>
    <AwardExpirationDate>11/30/2004</AwardExpirationDate>
    <AwardAmount>120000</AwardAmount>
    <AwardInstrument>
      <Value>Continuing grant</Value>
    </AwardInstrument>
    <Organization>
      <Code>03010500</Code>
      <Directorate>
        <LongName>Direct For Mathematical &amp; Physical Scien</LongName>
      </Directorate>
      <Division>
        <LongName>Division Of Physics</LongName>
      </Division>
    </Organization>
    <ProgramOfficer>
      <SignBlockName>Barry I. Schneider</SignBlockName>
    </ProgramOfficer>
    <AbstractNarration>The focus of this work is (1) on principles and applications of manipulating gaseous Bose-Einstein Condensate (BEC's) with laser light under realistic experimental conditions. The research will also focus (2) on modeling the loading of optical lattices using a BEC and (3) on studying the characteristics of a practical atom laser beam. The work will provide new capabilities for the investigation of practical atom lasers.</AbstractNarration>
    <MinAmdLetterDate>07/16/2001</MinAmdLetterDate>
    <MaxAmdLetterDate>06/26/2003</MaxAmdLetterDate>
    <ARRAAmount/>
    <AwardID>0100634</AwardID>
    <Investigator>
      <FirstName>Mark</FirstName>
      <LastName>Edwards</LastName>
      <EmailAddress>edwards@georgiasouthern.edu</EmailAddress>
      <StartDate>07/16/2001</StartDate>
      <EndDate/>
      <RoleCode>Principal Investigator</RoleCode>
    </Investigator>
    <Institution>
      <Name>Georgia Southern University Research and Service Foundation, Inc</Name>
      <CityName>Statesboro</CityName>
      <ZipCode>304588005</ZipCode>
      <PhoneNumber>9124785465</PhoneNumber>
      <StreetAddress>261 Forest Drive</StreetAddress>
      <CountryName>United States</CountryName>
      <StateName>Georgia</StateName>
      <StateCode>GA</StateCode>
    </Institution>
    <FoaInformation>
      <Code>0000099</Code>
      <Name>Other Applications NEC</Name>
    </FoaInformation>
    <ProgramElement>
      <Code>1284</Code>
      <Text>AMO Theory/Atomic, Molecular &amp;</Text>
    </ProgramElement>
    <ProgramReference>
      <Code>0000</Code>
      <Text>UNASSIGNED</Text>
    </ProgramReference>
    <ProgramReference>
      <Code>9178</Code>
      <Text>UNDERGRADUATE EDUCATION</Text>
    </ProgramReference>
    <ProgramReference>
      <Code>9229</Code>
      <Text>RES IN UNDERGRAD INST-RESEARCH</Text>
    </ProgramReference>
    <ProgramReference>
      <Code>SMET</Code>
      <Text>SCIENCE, MATH, ENG &amp; TECH EDUCATION</Text>
    </ProgramReference>
  </Award>
</rootTag>
