<?xml version="1.0" encoding="UTF-8"?>

<rootTag>
  <Award>
    <AwardTitle>Local Composition Control in Solid Freeform Fabrication</AwardTitle>
    <AwardEffectiveDate>04/01/2001</AwardEffectiveDate>
    <AwardExpirationDate>03/31/2005</AwardExpirationDate>
    <AwardAmount>400000</AwardAmount>
    <AwardInstrument>
      <Value>Standard Grant</Value>
    </AwardInstrument>
    <Organization>
      <Code>07030000</Code>
      <Directorate>
        <LongName>Directorate For Engineering</LongName>
      </Directorate>
      <Division>
        <LongName>Div Of Civil, Mechanical, &amp; Manufact Inn</LongName>
      </Division>
    </Organization>
    <ProgramOfficer>
      <SignBlockName>George A. Hazelrigg</SignBlockName>
    </ProgramOfficer>
    <AbstractNarration>This research project addresses the central impediment to the wide-spread exploration of the potential of Local Composition Control (LCC) - the information pathway required for the representation and design of composition within a component and its realization by Solid Freeform Fabrication (SFF). It is hoped that the development of an information pathway to support Local Composition Control will provide designers with the access they need to fully explore this intriguing capability. One of the great potential benefits of SFF technology is the ability to control the internal composition of components, a capability not shared by conventional mechanical manufacturing processes. While several compelling applications such as Drug Delivery Devices and Lenses which function by local control of the index of refraction, are under development, it is likely that the potential is largely untapped. &lt;br/&gt;&lt;br/&gt;The proposed work envisions a suite of Composition Design Features which the designer can use singly or in combination, to specify the composition of complex components. Each composition design feature will relate directly to the geometry of the design, often relying on user interaction to specify critical aspects of the geometry. For example, features can specify the composition of sub-volumes or the transition of composition between sub-volumes. The representations underlying the composition design features will be analytic and therefore concise. Wherever possible, the work on this project will be kept generically applicable to SFF technologies. Where a specific process must be chosen to focus the work, Three Dimensional Printing will be used as the prototypical SFF technology. 3D Printing is well suited to local composition control as multiple materials may be printed through multiple inkjet nozzles, thereby achieving true 3-D composition control.</AbstractNarration>
    <MinAmdLetterDate>04/05/2001</MinAmdLetterDate>
    <MaxAmdLetterDate>02/13/2004</MaxAmdLetterDate>
    <ARRAAmount/>
    <AwardID>0100194</AwardID>
    <Investigator>
      <FirstName>Wonjoon</FirstName>
      <LastName>Cho</LastName>
      <EmailAddress>wjcho@mit.edu</EmailAddress>
      <StartDate>04/05/2001</StartDate>
      <EndDate/>
      <RoleCode>Co-Principal Investigator</RoleCode>
    </Investigator>
    <Investigator>
      <FirstName>Nicholas</FirstName>
      <LastName>Patrikalakis</LastName>
      <EmailAddress>nmp@mit.edu</EmailAddress>
      <StartDate>04/05/2001</StartDate>
      <EndDate/>
      <RoleCode>Co-Principal Investigator</RoleCode>
    </Investigator>
    <Investigator>
      <FirstName>Michael</FirstName>
      <LastName>Cima</LastName>
      <EmailAddress>mjcima@MIT.EDU</EmailAddress>
      <StartDate>04/05/2001</StartDate>
      <EndDate/>
      <RoleCode>Co-Principal Investigator</RoleCode>
    </Investigator>
    <Investigator>
      <FirstName>Emanuel</FirstName>
      <LastName>Sachs</LastName>
      <EmailAddress>sachs@mit.edu</EmailAddress>
      <StartDate>04/05/2001</StartDate>
      <EndDate/>
      <RoleCode>Principal Investigator</RoleCode>
    </Investigator>
    <Institution>
      <Name>Massachusetts Institute of Technology</Name>
      <CityName>Cambridge</CityName>
      <ZipCode>021394301</ZipCode>
      <PhoneNumber>6172531000</PhoneNumber>
      <StreetAddress>77 MASSACHUSETTS AVE</StreetAddress>
      <CountryName>United States</CountryName>
      <StateName>Massachusetts</StateName>
      <StateCode>MA</StateCode>
    </Institution>
    <FoaInformation>
      <Code>0308000</Code>
      <Name>Industrial Technology</Name>
    </FoaInformation>
    <ProgramElement>
      <Code>1467</Code>
      <Text>MATERIALS PROCESSING AND MANFG</Text>
    </ProgramElement>
    <ProgramElement>
      <Code>1468</Code>
      <Text>Manufacturing Machines &amp; Equip</Text>
    </ProgramElement>
    <ProgramElement>
      <Code>1504</Code>
      <Text>GRANT OPP FOR ACAD LIA W/INDUS</Text>
    </ProgramElement>
    <ProgramReference>
      <Code>1467</Code>
      <Text>MATERIALS PROCESSING AND MANFG</Text>
    </ProgramReference>
    <ProgramReference>
      <Code>1468</Code>
      <Text>MANUFACTURING &amp; CONST MACH EQP</Text>
    </ProgramReference>
    <ProgramReference>
      <Code>1504</Code>
      <Text>GRANT OPP FOR ACAD LIA W/INDUS</Text>
    </ProgramReference>
    <ProgramReference>
      <Code>9146</Code>
      <Text>MANUFACTURING BASE RESEARCH</Text>
    </ProgramReference>
    <ProgramReference>
      <Code>MANU</Code>
      <Text>MANUFACTURING</Text>
    </ProgramReference>
  </Award>
</rootTag>
