<?xml version="1.0" encoding="UTF-8"?>

<rootTag>
  <Award>
    <AwardTitle>Oceanographic Instrumentation</AwardTitle>
    <AwardEffectiveDate>05/01/2001</AwardEffectiveDate>
    <AwardExpirationDate>04/30/2002</AwardExpirationDate>
    <AwardAmount>10239</AwardAmount>
    <AwardInstrument>
      <Value>Standard Grant</Value>
    </AwardInstrument>
    <Organization>
      <Code>06040101</Code>
      <Directorate>
        <LongName>Directorate For Geosciences</LongName>
      </Directorate>
      <Division>
        <LongName>Division Of Ocean Sciences</LongName>
      </Division>
    </Organization>
    <ProgramOfficer>
      <SignBlockName>Alexander Shor</SignBlockName>
    </ProgramOfficer>
    <AbstractNarration>0100915&lt;br/&gt;Tesh&lt;br/&gt;This award to Skidaway Institute of Oceangraphy provides computer hardware and peripherals required to operate the NOAA Scientific Computer System (SCS v. 3.0) on the vessel Savannah, presently under construction, which will be operated as part of the University-National Oceanographic Laboratory System (UNOLS) research fleet. This system will be used as the primary data acquisition system on the vessel, and will thus be a resource used by all scientific users of the vessel in their research during 2001 and future years.&lt;br/&gt;***</AbstractNarration>
    <MinAmdLetterDate>04/16/2001</MinAmdLetterDate>
    <MaxAmdLetterDate>04/16/2001</MaxAmdLetterDate>
    <ARRAAmount/>
    <AwardID>0100915</AwardID>
    <Investigator>
      <FirstName>Braxton</FirstName>
      <LastName>Tesh</LastName>
      <EmailAddress>braxton@skio.peachnet.edu</EmailAddress>
      <StartDate>04/16/2001</StartDate>
      <EndDate/>
      <RoleCode>Principal Investigator</RoleCode>
    </Investigator>
    <Institution>
      <Name>Skidaway Institute of Oceanography</Name>
      <CityName>Savannah</CityName>
      <ZipCode>314111011</ZipCode>
      <PhoneNumber>9125982400</PhoneNumber>
      <StreetAddress>10 Ocean Science Circle</StreetAddress>
      <CountryName>United States</CountryName>
      <StateName>Georgia</StateName>
      <StateCode>GA</StateCode>
    </Institution>
    <FoaInformation>
      <Code>0204000</Code>
      <Name>Oceanography</Name>
    </FoaInformation>
  </Award>
</rootTag>
