<?xml version="1.0" encoding="UTF-8"?>

<rootTag>
  <Award>
    <AwardTitle>Gas Phase Ion Chemistry and Thermochemistry</AwardTitle>
    <AwardEffectiveDate>07/15/2001</AwardEffectiveDate>
    <AwardExpirationDate>03/31/2005</AwardExpirationDate>
    <AwardAmount>353901</AwardAmount>
    <AwardInstrument>
      <Value>Continuing grant</Value>
    </AwardInstrument>
    <Organization>
      <Code>03090004</Code>
      <Directorate>
        <LongName>Direct For Mathematical &amp; Physical Scien</LongName>
      </Directorate>
      <Division>
        <LongName>Division Of Chemistry</LongName>
      </Division>
    </Organization>
    <ProgramOfficer>
      <SignBlockName>Charles D. Pibel</SignBlockName>
    </ProgramOfficer>
    <AbstractNarration>In this proposal funded by the Experimental Physical Chemistry Program of the Chemistry Division, Veronica Bierbaum of the University of Colorado will pursue a program of research on the kinetics, mechanisms, and thermochemistry of gas phase ion-molecule reactions. Tandem flowing afterglow-selected ion flow tube instruments will be used to study the gas-phase ion thermochemistry of peroxyls, hexamethylene tetramine, nobornadiene, and pentalene. Nucleophilic substitution and elimination reactions, their competition, solvation effects, and solvent kinetic isotope effects will be examined. Reactions of nitrogen and oxygen with many different ions will be investigated, with special emphasis on anion chemistry, novel product ions, and isotope exchange. Negative and positive chemical ionization techniques for volatile organic detection will be extended to studying rate constants, branching ratios, H/D exchange and CID fragmentation patterns.&lt;br/&gt;&lt;br/&gt;Much of the thermochemical data gathered in this program has relevance to important combustion and atmospheric processes. The sources of high concentrations of oxygenated hydrocarbons in the earth's troposphere are not currently understood, but their impact on atmospheric chemistry is significant. The characterization of biogenic emissions from a variety of growing and harvested plants addresses this critical problem in atmospheric chemistry. The experimental results from this research will also contribute to the fundamental understanding of reaction kinetics and thermochemistry and will provide valuable intercomparison with theory.</AbstractNarration>
    <MinAmdLetterDate>07/16/2001</MinAmdLetterDate>
    <MaxAmdLetterDate>04/08/2003</MaxAmdLetterDate>
    <ARRAAmount/>
    <AwardID>0100664</AwardID>
    <Investigator>
      <FirstName>Veronica</FirstName>
      <LastName>Bierbaum</LastName>
      <EmailAddress>veronica.bierbaum@colorado.edu</EmailAddress>
      <StartDate>07/16/2001</StartDate>
      <EndDate/>
      <RoleCode>Principal Investigator</RoleCode>
    </Investigator>
    <Institution>
      <Name>University of Colorado at Boulder</Name>
      <CityName>Boulder</CityName>
      <ZipCode>803031058</ZipCode>
      <PhoneNumber>3034926221</PhoneNumber>
      <StreetAddress>3100 Marine Street, Room 481</StreetAddress>
      <CountryName>United States</CountryName>
      <StateName>Colorado</StateName>
      <StateCode>CO</StateCode>
    </Institution>
    <FoaInformation>
      <Code>0000099</Code>
      <Name>Other Applications NEC</Name>
    </FoaInformation>
    <ProgramElement>
      <Code>1962</Code>
      <Text>SPECTROSCOPY</Text>
    </ProgramElement>
    <ProgramReference>
      <Code>0000</Code>
      <Text>UNASSIGNED</Text>
    </ProgramReference>
    <ProgramReference>
      <Code>1309</Code>
      <Text>GLOBAL TROPOSPHERIC CHEMISTRY</Text>
    </ProgramReference>
    <ProgramReference>
      <Code>EGCH</Code>
      <Text>ENVIRONMENT AND GLOBAL CHANGE</Text>
    </ProgramReference>
  </Award>
</rootTag>
