<?xml version="1.0" encoding="UTF-8"?>

<rootTag>
  <Award>
    <AwardTitle>Acquisition of Large Molecule Mass Spectrometry for Biological and Chemical Biological Sciences</AwardTitle>
    <AwardEffectiveDate>06/15/2001</AwardEffectiveDate>
    <AwardExpirationDate>05/31/2003</AwardExpirationDate>
    <AwardAmount>355578</AwardAmount>
    <AwardInstrument>
      <Value>Standard Grant</Value>
    </AwardInstrument>
    <Organization>
      <Code>08080101</Code>
      <Directorate>
        <LongName>Direct For Biological Sciences</LongName>
      </Directorate>
      <Division>
        <LongName>Div Of Biological Infrastructure</LongName>
      </Division>
    </Organization>
    <ProgramOfficer>
      <SignBlockName>Gerald Selzer</SignBlockName>
    </ProgramOfficer>
    <AbstractNarration>This award provides funds to aid in purchase of a hybrid quadruple time-of-flight mass&lt;br/&gt;spectrometer with electrospray ionization (ESI-MS). The instrument will be used by 30 basic science faculty and by approximately two hundred graduate students and postdoctoral fellows for diverse research in neurobiology, biological sensors, and nanotechnology. The instrument will be located in the Mass Spectrometry Laboratory in the school of chemical sciences where is will be managed and maintained by dedicated technical staff. Students and postdoctoral associates who require instruments of this type in their research have the option of having professional staff run their samples, or of being trained to use the instrument and then running the samples themselves.</AbstractNarration>
    <MinAmdLetterDate>06/06/2001</MinAmdLetterDate>
    <MaxAmdLetterDate>06/06/2001</MaxAmdLetterDate>
    <ARRAAmount/>
    <AwardID>0100085</AwardID>
    <Investigator>
      <FirstName>Thomas</FirstName>
      <LastName>Rauchfuss</LastName>
      <EmailAddress>rauchfuz@uiuc.edu</EmailAddress>
      <StartDate>06/06/2001</StartDate>
      <EndDate/>
      <RoleCode>Principal Investigator</RoleCode>
    </Investigator>
    <Institution>
      <Name>University of Illinois at Urbana-Champaign</Name>
      <CityName>CHAMPAIGN</CityName>
      <ZipCode>618207473</ZipCode>
      <PhoneNumber>2173332187</PhoneNumber>
      <StreetAddress>SUITE A</StreetAddress>
      <CountryName>United States</CountryName>
      <StateName>Illinois</StateName>
      <StateCode>IL</StateCode>
    </Institution>
    <ProgramElement>
      <Code>1108</Code>
      <Text>INSTRUMENTAT &amp; INSTRUMENT DEVP</Text>
    </ProgramElement>
    <ProgramReference>
      <Code>9184</Code>
      <Text>BIOTECHNOLOGY - INFRASTRUCTURE</Text>
    </ProgramReference>
    <ProgramReference>
      <Code>BIOT</Code>
      <Text>BIOTECHNOLOGY</Text>
    </ProgramReference>
  </Award>
</rootTag>
