<?xml version="1.0" encoding="UTF-8"?>

<rootTag>
  <Award>
    <AwardTitle>The Math Works</AwardTitle>
    <AwardEffectiveDate>05/15/2001</AwardEffectiveDate>
    <AwardExpirationDate>12/31/2003</AwardExpirationDate>
    <AwardAmount>231203</AwardAmount>
    <AwardInstrument>
      <Value>Standard Grant</Value>
    </AwardInstrument>
    <Organization>
      <Code>11040100</Code>
      <Directorate>
        <LongName>Direct For Education and Human Resources</LongName>
      </Directorate>
      <Division>
        <LongName>Division Of Undergraduate Education</LongName>
      </Division>
    </Organization>
    <ProgramOfficer>
      <SignBlockName>Elizabeth Teles</SignBlockName>
    </ProgramOfficer>
    <AbstractNarration>This project is addressing the need to improve the mathematics learning environment in two-year colleges by generating increased student enthusiasm in the exploration and applications of mathematics and by attracting more students to science, mathematics, engineering, and technology (SMET) fields of study. The overall project goal is to provide faculty with a complete package of information and materials for establishing and conducting an interdisciplinary course for the study of mathematics. The package includes (a) ten laboratory exercises, each having a technology problem, a bibliotechnology research exercise, a method to develop the mathematics tools required to solve the problem, a model portfolio, and a thesis defense; (b) initiation of a marketing plan; and (c) initiation of a management plan. Means to accomplish the project objectives involve in-kind support from the American Mathematical Association of Two-Year Colleges (AMATYC), Texas Instruments, and Capital Community College. Twenty AMATYC faculty members have been selected to produce the ten laboratories.&lt;br/&gt;&lt;br/&gt;Project outcomes include a laboratory, marketing, and management plan, all of which are being compiled into The Math Works Resource Book, to be published in hard copy and via the Internet. This project is offering a multitude of professional enhancement opportunities to those who develop or use the products developed through this project.</AbstractNarration>
    <MinAmdLetterDate>05/03/2001</MinAmdLetterDate>
    <MaxAmdLetterDate>05/03/2001</MaxAmdLetterDate>
    <ARRAAmount/>
    <AwardID>0100932</AwardID>
    <Investigator>
      <FirstName>John</FirstName>
      <LastName>Pazdar</LastName>
      <EmailAddress>jspazdar@snet.net</EmailAddress>
      <StartDate>05/03/2001</StartDate>
      <EndDate/>
      <RoleCode>Principal Investigator</RoleCode>
    </Investigator>
    <Investigator>
      <FirstName>Patricia</FirstName>
      <LastName>Hirschy</LastName>
      <EmailAddress>hirschy@commet.edu</EmailAddress>
      <StartDate>05/03/2001</StartDate>
      <EndDate/>
      <RoleCode>Co-Principal Investigator</RoleCode>
    </Investigator>
    <Institution>
      <Name>Capital Community College</Name>
      <CityName>Hartford</CityName>
      <ZipCode>061031234</ZipCode>
      <PhoneNumber>8609065102</PhoneNumber>
      <StreetAddress>950 Main Street</StreetAddress>
      <CountryName>United States</CountryName>
      <StateName>Connecticut</StateName>
      <StateCode>CT</StateCode>
    </Institution>
    <FoaInformation>
      <Code>0000099</Code>
      <Name>Other Applications NEC</Name>
    </FoaInformation>
    <ProgramElement>
      <Code>7412</Code>
      <Text>ADVANCED TECH EDUCATION PROG</Text>
    </ProgramElement>
    <ProgramReference>
      <Code>1032</Code>
      <Text>ADVANCED TECHNOLOGY EDUCATION</Text>
    </ProgramReference>
    <ProgramReference>
      <Code>9178</Code>
      <Text>UNDERGRADUATE EDUCATION</Text>
    </ProgramReference>
    <ProgramReference>
      <Code>SMET</Code>
      <Text>SCIENCE, MATH, ENG &amp; TECH EDUCATION</Text>
    </ProgramReference>
  </Award>
</rootTag>
