<?xml version="1.0" encoding="UTF-8"?>

<rootTag>
  <Award>
    <AwardTitle>An Integrated Assessment of the Impacts of Climate Variability on the Alaskan North Slope Coastal Region</AwardTitle>
    <AwardEffectiveDate>03/01/2001</AwardEffectiveDate>
    <AwardExpirationDate>02/29/2008</AwardExpirationDate>
    <AwardAmount>2182525</AwardAmount>
    <AwardInstrument>
      <Value>Continuing grant</Value>
    </AwardInstrument>
    <Organization>
      <Code>06090100</Code>
      <Directorate>
        <LongName>Directorate For Geosciences</LongName>
      </Directorate>
      <Division>
        <LongName>Division Of Polar Programs</LongName>
      </Division>
    </Organization>
    <ProgramOfficer>
      <SignBlockName>Neil R. Swanberg</SignBlockName>
    </ProgramOfficer>
    <AbstractNarration>The research project examines ways to utilize climate information gained by the scientific community in conjunction with the traditional knowledge held by people native to the Arctic as a determinate for making decisions in response to changing climate conditions in the far north. A range of scenarios for changing climate conditions such as decreased sea ice, changing frequency of extreme weather events, storm surges, and other environmental factors will be used to predict the probability of variable environmental conditions that could lead to decisions in the local communities about management of resources, marine transportation options, and coastal construction. Local stakeholder groups will be used to identify how socioeconomic decision-making might be done in response to various probabilities for changing climate on a variety of time scales. An interdisciplinary education project will integrate natural and social sciences with specific application to arctic climate and socioeconomic issues. The project will contribute to the Human dimensions of the Arctic system (HARC) initiative of the Arctic System Science Program.</AbstractNarration>
    <MinAmdLetterDate>03/12/2001</MinAmdLetterDate>
    <MaxAmdLetterDate>02/07/2007</MaxAmdLetterDate>
    <ARRAAmount/>
    <AwardID>0100120</AwardID>
    <Investigator>
      <FirstName>Ronald</FirstName>
      <LastName>Brunner</LastName>
      <EmailAddress>Ronald.Brunner@Colorado.EDU</EmailAddress>
      <StartDate>03/12/2001</StartDate>
      <EndDate/>
      <RoleCode>Co-Principal Investigator</RoleCode>
    </Investigator>
    <Investigator>
      <FirstName>James</FirstName>
      <LastName>Syvitski</LastName>
      <EmailAddress>james.syvitski@colorado.edu</EmailAddress>
      <StartDate>03/12/2001</StartDate>
      <EndDate/>
      <RoleCode>Co-Principal Investigator</RoleCode>
    </Investigator>
    <Investigator>
      <FirstName>James</FirstName>
      <LastName>Maslanik</LastName>
      <EmailAddress>james.maslanik@colorado.edu</EmailAddress>
      <StartDate>03/12/2001</StartDate>
      <EndDate/>
      <RoleCode>Principal Investigator</RoleCode>
    </Investigator>
    <Investigator>
      <FirstName>Judith</FirstName>
      <LastName>Curry</LastName>
      <EmailAddress>curryja@eas.gatech.edu</EmailAddress>
      <StartDate>03/12/2001</StartDate>
      <EndDate/>
      <RoleCode>Co-Principal Investigator</RoleCode>
    </Investigator>
    <Investigator>
      <FirstName>Amanda</FirstName>
      <LastName>Lynch</LastName>
      <EmailAddress>Amanda_Lynch@brown.edu</EmailAddress>
      <StartDate>03/12/2001</StartDate>
      <EndDate/>
      <RoleCode>Co-Principal Investigator</RoleCode>
    </Investigator>
    <Institution>
      <Name>University of Colorado at Boulder</Name>
      <CityName>Boulder</CityName>
      <ZipCode>803031058</ZipCode>
      <PhoneNumber>3034926221</PhoneNumber>
      <StreetAddress>3100 Marine Street, Room 481</StreetAddress>
      <CountryName>United States</CountryName>
      <StateName>Colorado</StateName>
      <StateCode>CO</StateCode>
    </Institution>
    <FoaInformation>
      <Code>0311000</Code>
      <Name>Polar Programs-Related</Name>
    </FoaInformation>
    <FoaInformation>
      <Code>0319000</Code>
      <Name>Climate Related Activities</Name>
    </FoaInformation>
    <ProgramElement>
      <Code>5205</Code>
      <Text>ARCTIC RESRCH SUPPRT &amp; LOGISTI</Text>
    </ProgramElement>
    <ProgramElement>
      <Code>5208</Code>
      <Text>ARCTIC RESEARCH AND EDUCATION</Text>
    </ProgramElement>
    <ProgramElement>
      <Code>5219</Code>
      <Text>ARCTIC SYSTEM SCIENCE PROGRAM</Text>
    </ProgramElement>
    <ProgramReference>
      <Code>0000</Code>
      <Text>UNASSIGNED</Text>
    </ProgramReference>
    <ProgramReference>
      <Code>1079</Code>
      <Text>ARCTIC RESEARCH</Text>
    </ProgramReference>
    <ProgramReference>
      <Code>5219</Code>
      <Text>ARCTIC SYSTEM SCIENCE PROGRAM</Text>
    </ProgramReference>
    <ProgramReference>
      <Code>EGCH</Code>
      <Text>ENVIRONMENT AND GLOBAL CHANGE</Text>
    </ProgramReference>
    <ProgramReference>
      <Code>OTHR</Code>
      <Text>OTHER RESEARCH OR EDUCATION</Text>
    </ProgramReference>
  </Award>
</rootTag>
