<?xml version="1.0" encoding="UTF-8"?>

<rootTag>
  <Award>
    <AwardTitle>Robust Design Optimization for Product Platform Design</AwardTitle>
    <AwardEffectiveDate>08/15/2001</AwardEffectiveDate>
    <AwardExpirationDate>07/31/2006</AwardExpirationDate>
    <AwardAmount>436298</AwardAmount>
    <AwardInstrument>
      <Value>Continuing grant</Value>
    </AwardInstrument>
    <Organization>
      <Code>07030000</Code>
      <Directorate>
        <LongName>Directorate For Engineering</LongName>
      </Directorate>
      <Division>
        <LongName>Div Of Civil, Mechanical, &amp; Manufact Inn</LongName>
      </Division>
    </Organization>
    <ProgramOfficer>
      <SignBlockName>Judy M. Vance</SignBlockName>
    </ProgramOfficer>
    <AbstractNarration>This grant provides funding to develop a systematic yet flexible approach to build a series of metamodels for robust design space exploration and optimization of large systems along a design timeline. Six statistical metamodeling approaches will be evaluated, namely, response surface modeling, kriging, multivariate adaptive regression splines, classification and regression trees, artificial neural networks and wavelets. Both classical and space-filling experimental designs will be tested with the most promising statistical metamodeling approaches and verified for use along a design time-line. The design of families of general aviation aircraft (to verify product platform development), and the design of vehicle body structures (to verify the metamodeling and robust design methodology) are used to evaluate the efficacy of the method.&lt;br/&gt;&lt;br/&gt;This work, if successful, will provide the proof-of-concept for the development of a formal, generic, mathematically rigorous method for use in rapidly exploring concepts in the early stages of project initiation. The outcome is anticipated to have an impact both on the engineering design community and the statistical community bringing both communities closer to addressing real problems with tools anchored in a rigorous and mathematically correct foundation. In addition, the successful use of this method by manufacturing enterprises will allow them to rapidly and cost-effectively design product platforms thereby enhancing their competitiveness.</AbstractNarration>
    <MinAmdLetterDate>03/26/2001</MinAmdLetterDate>
    <MaxAmdLetterDate>05/17/2005</MaxAmdLetterDate>
    <ARRAAmount/>
    <AwardID>0100123</AwardID>
    <Investigator>
      <FirstName>Kwok-Leung</FirstName>
      <LastName>Tsui</LastName>
      <EmailAddress>ktsui@isye.gatech.edu</EmailAddress>
      <StartDate>03/26/2001</StartDate>
      <EndDate/>
      <RoleCode>Principal Investigator</RoleCode>
    </Investigator>
    <Investigator>
      <FirstName>Janet</FirstName>
      <LastName>Allen</LastName>
      <EmailAddress>janet.allen@ou.edu</EmailAddress>
      <StartDate>03/26/2001</StartDate>
      <EndDate/>
      <RoleCode>Co-Principal Investigator</RoleCode>
    </Investigator>
    <Investigator>
      <FirstName>Farrokh</FirstName>
      <LastName>Mistree</LastName>
      <EmailAddress>farrokh.mistree@ou.edu</EmailAddress>
      <StartDate>03/26/2001</StartDate>
      <EndDate/>
      <RoleCode>Co-Principal Investigator</RoleCode>
    </Investigator>
    <Investigator>
      <FirstName>Victoria</FirstName>
      <LastName>Chen</LastName>
      <EmailAddress>vchen@uta.edu</EmailAddress>
      <StartDate>03/26/2001</StartDate>
      <EndDate/>
      <RoleCode>Co-Principal Investigator</RoleCode>
    </Investigator>
    <Institution>
      <Name>Georgia Tech Research Corporation</Name>
      <CityName>Atlanta</CityName>
      <ZipCode>303320420</ZipCode>
      <PhoneNumber>4048944819</PhoneNumber>
      <StreetAddress>Office of Sponsored Programs</StreetAddress>
      <CountryName>United States</CountryName>
      <StateName>Georgia</StateName>
      <StateCode>GA</StateCode>
    </Institution>
    <FoaInformation>
      <Code>0308000</Code>
      <Name>Industrial Technology</Name>
    </FoaInformation>
    <ProgramElement>
      <Code>1464</Code>
      <Text>ENGINEERING DESIGN AND INNOVAT</Text>
    </ProgramElement>
    <ProgramReference>
      <Code>9148</Code>
      <Text>TOOLS &amp; TECHNOL FOR MANUFACTURING DESIGN</Text>
    </ProgramReference>
    <ProgramReference>
      <Code>MANU</Code>
      <Text>MANUFACTURING</Text>
    </ProgramReference>
  </Award>
</rootTag>
