<?xml version="1.0" encoding="UTF-8"?>

<rootTag>
  <Award>
    <AwardTitle>RUI: An Investigation of Schemes for the Generation of Maximally Entangled Photonic States</AwardTitle>
    <AwardEffectiveDate>07/01/2001</AwardEffectiveDate>
    <AwardExpirationDate>06/30/2004</AwardExpirationDate>
    <AwardAmount>60000</AwardAmount>
    <AwardInstrument>
      <Value>Continuing grant</Value>
    </AwardInstrument>
    <Organization>
      <Code>03010500</Code>
      <Directorate>
        <LongName>Direct For Mathematical &amp; Physical Scien</LongName>
      </Directorate>
      <Division>
        <LongName>Division Of Physics</LongName>
      </Division>
    </Organization>
    <ProgramOfficer>
      <SignBlockName>Barry I. Schneider</SignBlockName>
    </ProgramOfficer>
    <AbstractNarration>This work is directed toward the goal of generating maximally entangled photonic states, either by use of a four-wave mixing device operating in a nonlinear regime or by coupling a pair of interferometers via a Kerr medium. Both methods require media with large nonlinear susceptibilities. Methods will be developed to generate such susceptibilities using the techniques of electromagnetically induced transparency.</AbstractNarration>
    <MinAmdLetterDate>06/01/2001</MinAmdLetterDate>
    <MaxAmdLetterDate>05/06/2003</MaxAmdLetterDate>
    <ARRAAmount/>
    <AwardID>0100665</AwardID>
    <Investigator>
      <FirstName>Christopher</FirstName>
      <LastName>Gerry</LastName>
      <EmailAddress>christopher.gerry@lehman.cuny.edu</EmailAddress>
      <StartDate>06/01/2001</StartDate>
      <EndDate/>
      <RoleCode>Principal Investigator</RoleCode>
    </Investigator>
    <Investigator>
      <FirstName>Richard</FirstName>
      <LastName>Campos</LastName>
      <EmailAddress>ravarcampos@compuserve.com</EmailAddress>
      <StartDate>06/01/2001</StartDate>
      <EndDate/>
      <RoleCode>Co-Principal Investigator</RoleCode>
    </Investigator>
    <Institution>
      <Name>CUNY Herbert H. Lehman College</Name>
      <CityName>Bronx</CityName>
      <ZipCode>104681589</ZipCode>
      <PhoneNumber>7189608107</PhoneNumber>
      <StreetAddress>250 Bedford Park Blvd West</StreetAddress>
      <CountryName>United States</CountryName>
      <StateName>New York</StateName>
      <StateCode>NY</StateCode>
    </Institution>
    <FoaInformation>
      <Code>0000099</Code>
      <Name>Other Applications NEC</Name>
    </FoaInformation>
  </Award>
</rootTag>
