<?xml version="1.0" encoding="UTF-8"?>

<rootTag>
  <Award>
    <AwardTitle>GOALI: Analysis, Design, and Testing of Profiled Hydrostatic Thrust Bearings</AwardTitle>
    <AwardEffectiveDate>04/01/2001</AwardEffectiveDate>
    <AwardExpirationDate>03/31/2005</AwardExpirationDate>
    <AwardAmount>310000</AwardAmount>
    <AwardInstrument>
      <Value>Continuing grant</Value>
    </AwardInstrument>
    <Organization>
      <Code>07030000</Code>
      <Directorate>
        <LongName>Directorate For Engineering</LongName>
      </Directorate>
      <Division>
        <LongName>Div Of Civil, Mechanical, &amp; Manufact Inn</LongName>
      </Division>
    </Organization>
    <ProgramOfficer>
      <SignBlockName>George A. Hazelrigg</SignBlockName>
    </ProgramOfficer>
    <AbstractNarration>This Grant Opportunities for Academic Liaison with Industry (GOALI) award provides funding for improving the performance of a hydrostatic thrust bearing. It is well known that these bearings undergo both small and large scale deformations and that these deformations can significantly reduce the load-carrying capacity of the bearing. What has been less well known is that certain types of bearing deformation can actually increase the load-carrying capacity! In this research, these advantageous deformations will be investigated using analytical, numerical, and experimental techniques. The objectives of this work will be to develop design guidelines that may be used to ensure beneficial deformations while also guaranteeing that harmful deformations do not occur. The fluid-film thickness between the bearing and the thrust surface will be optimized based upon sliding speed, structural properties of the bearing, fluid conditions, and power source limitations. A method for conducting these investigations will be to study the impact of intentionally profiling the bearing surface to achieve optimal bearing performance. The optimized profile geometry, coupled with the expected passive deformation of the bearing, will be used to specify the design requirements for the advanced bearing design.&lt;br/&gt;&lt;br/&gt;If successful, the work of this research will be used to significantly enhance the performance of hydrostatic thrust bearings that are widely used in mechanical design applications. The improved performance will be demonstrated in higher load-carrying capacities and lower power requirements. A secondary impact will be to reduce wear and increase life expectancies by eliminating the potential for metal-to-metal contact between the bearing and the thrust surface. The design guidelines that are generated from this work may be used to update the classical textbook theory that exists for these widely used machine elements. By doing this, improved machine design practices will be disseminated among the engineering community and a significant reduction in waste and an increase in productivity will be realized.</AbstractNarration>
    <MinAmdLetterDate>03/29/2001</MinAmdLetterDate>
    <MaxAmdLetterDate>03/06/2003</MaxAmdLetterDate>
    <ARRAAmount/>
    <AwardID>0100279</AwardID>
    <Investigator>
      <FirstName>John</FirstName>
      <LastName>Litherland</LastName>
      <EmailAddress>litherland_John_W@CAT.com</EmailAddress>
      <StartDate>03/29/2001</StartDate>
      <EndDate/>
      <RoleCode>Co-Principal Investigator</RoleCode>
    </Investigator>
    <Investigator>
      <FirstName>Noah</FirstName>
      <LastName>Manring</LastName>
      <EmailAddress>ManringN@missouri.edu</EmailAddress>
      <StartDate>03/29/2001</StartDate>
      <EndDate/>
      <RoleCode>Principal Investigator</RoleCode>
    </Investigator>
    <Investigator>
      <FirstName>Robert</FirstName>
      <LastName>Johnson</LastName>
      <EmailAddress>robejohn@uncc.edu</EmailAddress>
      <StartDate>03/29/2001</StartDate>
      <EndDate/>
      <RoleCode>Co-Principal Investigator</RoleCode>
    </Investigator>
    <Investigator>
      <FirstName>Harischandra</FirstName>
      <LastName>Cherukuri</LastName>
      <EmailAddress>hcheruku@uncc.edu</EmailAddress>
      <StartDate>03/29/2001</StartDate>
      <EndDate/>
      <RoleCode>Co-Principal Investigator</RoleCode>
    </Investigator>
    <Institution>
      <Name>University of Missouri-Columbia</Name>
      <CityName>COLUMBIA</CityName>
      <ZipCode>652110001</ZipCode>
      <PhoneNumber>5738827560</PhoneNumber>
      <StreetAddress>115 Business Loop 70 W</StreetAddress>
      <CountryName>United States</CountryName>
      <StateName>Missouri</StateName>
      <StateCode>MO</StateCode>
    </Institution>
    <FoaInformation>
      <Code>0308000</Code>
      <Name>Industrial Technology</Name>
    </FoaInformation>
    <ProgramElement>
      <Code>1468</Code>
      <Text>Manufacturing Machines &amp; Equip</Text>
    </ProgramElement>
    <ProgramElement>
      <Code>1504</Code>
      <Text>GRANT OPP FOR ACAD LIA W/INDUS</Text>
    </ProgramElement>
    <ProgramReference>
      <Code>1049</Code>
      <Text>INDUSTRY-UNIV COOPERATIVE RSCH PROJECTS</Text>
    </ProgramReference>
    <ProgramReference>
      <Code>1504</Code>
      <Text>GRANT OPP FOR ACAD LIA W/INDUS</Text>
    </ProgramReference>
    <ProgramReference>
      <Code>9146</Code>
      <Text>MANUFACTURING BASE RESEARCH</Text>
    </ProgramReference>
    <ProgramReference>
      <Code>MANU</Code>
      <Text>MANUFACTURING</Text>
    </ProgramReference>
  </Award>
</rootTag>
