<?xml version="1.0" encoding="UTF-8"?>

<rootTag>
  <Award>
    <AwardTitle>Production of Secondary Organic Aerosol: Formation of Acids, Peroxides and Multifunctional Oxidation Products</AwardTitle>
    <AwardEffectiveDate>08/01/2001</AwardEffectiveDate>
    <AwardExpirationDate>07/31/2005</AwardExpirationDate>
    <AwardAmount>588843</AwardAmount>
    <AwardInstrument>
      <Value>Continuing grant</Value>
    </AwardInstrument>
    <Organization>
      <Code>06020104</Code>
      <Directorate>
        <LongName>Directorate For Geosciences</LongName>
      </Directorate>
      <Division>
        <LongName>Div Atmospheric &amp; Geospace Sciences</LongName>
      </Division>
    </Organization>
    <ProgramOfficer>
      <SignBlockName>Anne-Marie Schmoltner</SignBlockName>
    </ProgramOfficer>
    <AbstractNarration>This research is investigating the gas-phase formation pathways of organic acids, hydrogen peroxide, organic peroxides and other multifunctional oxygenated and nitrated compounds in the atmosphere. The P.I. is developing a novel solid phase microextraction technique (SPME) which, combined with gas chromatography/mass spectrometry, will help determine important reaction pathways for the production of secondary aerosols in the atmosphere. This research is of critical importance to understand the biochemical effects associated with atmospheric aerosols and sources of airborne acidity in the environment.</AbstractNarration>
    <MinAmdLetterDate>08/24/2001</MinAmdLetterDate>
    <MaxAmdLetterDate>05/06/2003</MaxAmdLetterDate>
    <ARRAAmount/>
    <AwardID>0100823</AwardID>
    <Investigator>
      <FirstName>Suzanne</FirstName>
      <LastName>Paulson</LastName>
      <EmailAddress>paulson@atmos.ucla.edu</EmailAddress>
      <StartDate>08/24/2001</StartDate>
      <EndDate/>
      <RoleCode>Principal Investigator</RoleCode>
    </Investigator>
    <Institution>
      <Name>University of California-Los Angeles</Name>
      <CityName>LOS ANGELES</CityName>
      <ZipCode>900951406</ZipCode>
      <PhoneNumber>3107940102</PhoneNumber>
      <StreetAddress>10889 Wilshire Boulevard</StreetAddress>
      <CountryName>United States</CountryName>
      <StateName>California</StateName>
      <StateCode>CA</StateCode>
    </Institution>
    <FoaInformation>
      <Code>0000099</Code>
      <Name>Other Applications NEC</Name>
    </FoaInformation>
    <ProgramElement>
      <Code>1524</Code>
      <Text>ATMOSPHERIC CHEMISTRY</Text>
    </ProgramElement>
    <ProgramReference>
      <Code>0000</Code>
      <Text>UNASSIGNED</Text>
    </ProgramReference>
    <ProgramReference>
      <Code>OTHR</Code>
      <Text>OTHER RESEARCH OR EDUCATION</Text>
    </ProgramReference>
  </Award>
</rootTag>
