<?xml version="1.0" encoding="UTF-8"?>

<rootTag>
  <Award>
    <AwardTitle>Natural Hazard Mitigation Experiences in Japan</AwardTitle>
    <AwardEffectiveDate>01/01/2001</AwardEffectiveDate>
    <AwardExpirationDate>12/31/2005</AwardExpirationDate>
    <AwardAmount>98801</AwardAmount>
    <AwardInstrument>
      <Value>Standard Grant</Value>
    </AwardInstrument>
    <Organization>
      <Code>01090000</Code>
      <Directorate>
        <LongName>Office Of The Director</LongName>
      </Directorate>
      <Division>
        <LongName>Office Of Internatl Science &amp;Engineering</LongName>
      </Division>
    </Organization>
    <ProgramOfficer>
      <SignBlockName>Anne L. Emig</SignBlockName>
    </ProgramOfficer>
    <AbstractNarration>0101111&lt;br/&gt;Spencer&lt;br/&gt;&lt;br/&gt;This award will support American graduate students, middle school science teachers, and university faculty to participate in research related activities in Japan in connection with NSF's Summer Programs in Japan. The project is led by Professor B.F. Spencer, Department of Civil Engineering, University of Notre Dame, in collaboration with Professor Yozo Fujino, Department of Civil Engineering, University of Tokyo. Faculty and students selected for the program will participate in workshops and site visits prior to participation in the formal NSF Summer Programs. The workshops and site visits will provide broad exposure to natural hazards mitigation research in Japan and enable the American participants to establish relationships with Japanese researchers and students in their field. &lt;br/&gt;&lt;br/&gt;Japan is a world leader in natural hazards mitigation research. Professor Spencer's project will help connect American students and researchers to the most active Japanese university, government and corporate laboratories in this field. It is expected that this will have the long-term result of increasing U.S.-Japan collaboration, to the benefit of both countries.</AbstractNarration>
    <MinAmdLetterDate>12/21/2000</MinAmdLetterDate>
    <MaxAmdLetterDate>10/15/2004</MaxAmdLetterDate>
    <ARRAAmount/>
    <AwardID>0101111</AwardID>
    <Investigator>
      <FirstName>Billie</FirstName>
      <LastName>Spencer</LastName>
      <EmailAddress>bfs@illinois.edu</EmailAddress>
      <StartDate>12/21/2000</StartDate>
      <EndDate>10/09/2002</EndDate>
      <RoleCode>Former Principal Investigator</RoleCode>
    </Investigator>
    <Investigator>
      <FirstName>Yahya</FirstName>
      <LastName>Kurama</LastName>
      <EmailAddress>ykurama@nd.edu</EmailAddress>
      <StartDate>12/21/2000</StartDate>
      <EndDate/>
      <RoleCode>Principal Investigator</RoleCode>
    </Investigator>
    <Institution>
      <Name>University of Notre Dame</Name>
      <CityName>NOTRE DAME</CityName>
      <ZipCode>465565708</ZipCode>
      <PhoneNumber>5746317432</PhoneNumber>
      <StreetAddress>940 Grace Hall</StreetAddress>
      <CountryName>United States</CountryName>
      <StateName>Indiana</StateName>
      <StateCode>IN</StateCode>
    </Institution>
    <FoaInformation>
      <Code>0304000</Code>
      <Name>Disaster &amp; Natural Hazard</Name>
    </FoaInformation>
    <FoaInformation>
      <Code>0304010</Code>
      <Name>Earthquake</Name>
    </FoaInformation>
  </Award>
</rootTag>
