<?xml version="1.0" encoding="UTF-8"?>

<rootTag>
  <Award>
    <AwardTitle>Collaborative Research: GEM--Magnetic Storm Modeling</AwardTitle>
    <AwardEffectiveDate>09/15/2001</AwardEffectiveDate>
    <AwardExpirationDate>08/31/2006</AwardExpirationDate>
    <AwardAmount>200000</AwardAmount>
    <AwardInstrument>
      <Value>Standard Grant</Value>
    </AwardInstrument>
    <Organization>
      <Code>06020202</Code>
      <Directorate>
        <LongName>Directorate For Geosciences</LongName>
      </Directorate>
      <Division>
        <LongName>Div Atmospheric &amp; Geospace Sciences</LongName>
      </Division>
    </Organization>
    <ProgramOfficer>
      <SignBlockName>kile baker</SignBlockName>
    </ProgramOfficer>
    <AbstractNarration>Three magnetic storms were identified by the joint SHINE-GEM-CEDAR magnetic storm campaign as candidates for a broad and inclusive study of the dynamics of magnetic storms. The periods to be studies are 10-11 May 1997, 24 Sept. - 1 Oct. 1998, and 18-31 Oct. 1998. This study will examine the spatial and temporal evolution of the electric fields in the inner magnetosphere during the three storm study periods. A global model for the storm-time electric field will be obtained by mapping the ionospheric electric field (as determined from ground based observations using the Assimilative Mapping of Ionospheric Electrodynamic - AMIE - technique) into the magnetosphere along magnetic field lines. The effects of penetration of electric fields to lower latitudes and hence the inner magnetosphere will be incorporated by a detailed analysis of field-aligned currents associated with the divergence of the ring current computed by the Ring Current-Atmosphere interaction Model (RAM). The RAM model will also be further extended to include the effect of wave-particle scattering of energetic O+ ions. The model results will be compared with satellite data.</AbstractNarration>
    <MinAmdLetterDate>09/18/2001</MinAmdLetterDate>
    <MaxAmdLetterDate>09/18/2001</MaxAmdLetterDate>
    <ARRAAmount/>
    <AwardID>0101159</AwardID>
    <Investigator>
      <FirstName>Richard</FirstName>
      <LastName>Thorne</LastName>
      <EmailAddress>rmt@atmos.ucla.edu</EmailAddress>
      <StartDate>09/18/2001</StartDate>
      <EndDate/>
      <RoleCode>Principal Investigator</RoleCode>
    </Investigator>
    <Institution>
      <Name>University of California-Los Angeles</Name>
      <CityName>LOS ANGELES</CityName>
      <ZipCode>900951406</ZipCode>
      <PhoneNumber>3107940102</PhoneNumber>
      <StreetAddress>10889 Wilshire Boulevard</StreetAddress>
      <CountryName>United States</CountryName>
      <StateName>California</StateName>
      <StateCode>CA</StateCode>
    </Institution>
    <FoaInformation>
      <Code>0205000</Code>
      <Name>Space</Name>
    </FoaInformation>
    <ProgramElement>
      <Code>5750</Code>
      <Text>MAGNETOSPHERIC PHYSICS</Text>
    </ProgramElement>
    <ProgramReference>
      <Code>1323</Code>
      <Text>SOLAR INFLUENCES</Text>
    </ProgramReference>
    <ProgramReference>
      <Code>EGCH</Code>
      <Text>ENVIRONMENT AND GLOBAL CHANGE</Text>
    </ProgramReference>
  </Award>
</rootTag>
