<?xml version="1.0" encoding="UTF-8"?>

<rootTag>
  <Award>
    <AwardTitle>Laser Spectroscopy of Ions and Clusters</AwardTitle>
    <AwardEffectiveDate>08/01/2001</AwardEffectiveDate>
    <AwardExpirationDate>03/31/2004</AwardExpirationDate>
    <AwardAmount>1128500</AwardAmount>
    <AwardInstrument>
      <Value>Continuing grant</Value>
    </AwardInstrument>
    <Organization>
      <Code>03090004</Code>
      <Directorate>
        <LongName>Direct For Mathematical &amp; Physical Scien</LongName>
      </Directorate>
      <Division>
        <LongName>Division Of Chemistry</LongName>
      </Division>
    </Organization>
    <ProgramOfficer>
      <SignBlockName>Charles D. Pibel</SignBlockName>
    </ProgramOfficer>
    <AbstractNarration>With this Renewal proposal, Professor Richard Saykallly seeks support for his research on laser spectroscopy of ions and water clusters. The proposed research will refine and extend the water dimer potential, by characterizing and modeling out of plane librational vibrations expected to be seen near 500 cm-1. The refined dimer potential will then be used to calculate three-body interactions in the water trimer. These potentials will then be used for advanced bulk water simulations, in collaboration with David Chandler's group at Berkeley. Additional aspects, such as experimental examination of (H2O)8, hydrated proton clusters, EXAFS of liquid water, and nucleotide base hydrates will be examined experimentally. &lt;br/&gt;&lt;br/&gt;Improved models for liquid water and aqueous solvation will have impact in the modeling of protein structures and other biological molecules. A greater understanding of liquid water remains an important unsolved problem in molecular physics and condensed matter chemistry.</AbstractNarration>
    <MinAmdLetterDate>08/22/2001</MinAmdLetterDate>
    <MaxAmdLetterDate>02/24/2003</MaxAmdLetterDate>
    <ARRAAmount/>
    <AwardID>0101263</AwardID>
    <Investigator>
      <FirstName>Richard</FirstName>
      <LastName>Saykally</LastName>
      <EmailAddress>saykally@berkeley.edu</EmailAddress>
      <StartDate>08/22/2001</StartDate>
      <EndDate/>
      <RoleCode>Principal Investigator</RoleCode>
    </Investigator>
    <Institution>
      <Name>University of California-Berkeley</Name>
      <CityName>BERKELEY</CityName>
      <ZipCode>947045940</ZipCode>
      <PhoneNumber>5106428109</PhoneNumber>
      <StreetAddress>Sponsored Projects Office</StreetAddress>
      <CountryName>United States</CountryName>
      <StateName>California</StateName>
      <StateCode>CA</StateCode>
    </Institution>
    <FoaInformation>
      <Code>0000099</Code>
      <Name>Other Applications NEC</Name>
    </FoaInformation>
  </Award>
</rootTag>
