<?xml version="1.0" encoding="UTF-8"?>

<rootTag>
  <Award>
    <AwardTitle>Helping Students Succeed from Community College to University Programs</AwardTitle>
    <AwardEffectiveDate>06/01/2001</AwardEffectiveDate>
    <AwardExpirationDate>05/31/2004</AwardExpirationDate>
    <AwardAmount>298778</AwardAmount>
    <AwardInstrument>
      <Value>Continuing grant</Value>
    </AwardInstrument>
    <Organization>
      <Code>11040100</Code>
      <Directorate>
        <LongName>Direct For Education and Human Resources</LongName>
      </Directorate>
      <Division>
        <LongName>Division Of Undergraduate Education</LongName>
      </Division>
    </Organization>
    <ProgramOfficer>
      <SignBlockName>Joan T Prival</SignBlockName>
    </ProgramOfficer>
    <AbstractNarration>This project is creating a partnership between Sisseton-Wahpeton Community College (SWCC) and Northern State University (NSU) that allows Native American and other area students to receive their bachelor's degrees in elementary and middle school education without having to leave the area. The students receive a paraprofessional degree from SWCC and then work in the classrooms while completing their bachelor's degree. They complete the program for their bachelor's degree while on the reservation. &lt;br/&gt;&lt;br/&gt;The project is based on a seven-point plan:&lt;br/&gt;1) Development of an articulation agreement with Northern State University whereby NSU delivers most of the third and fourth year level educational classes on the reservation.&lt;br/&gt;2) Creation of a degree that trains papaprofessionals who have expertise in the use of technology as a teaching aid.&lt;br/&gt;3) Training of in-service instructors.&lt;br/&gt;4) Offering support for students in the form of mentoring and securing finances.&lt;br/&gt;5) Raising students' mathematics proficiency.&lt;br/&gt;6) Recruitment of students to create a self-sustaining program.&lt;br/&gt;7) Creation of a listserv that gives all tribal colleges easy access to each other.</AbstractNarration>
    <MinAmdLetterDate>03/14/2001</MinAmdLetterDate>
    <MaxAmdLetterDate>06/24/2003</MaxAmdLetterDate>
    <ARRAAmount/>
    <AwardID>0101701</AwardID>
    <Investigator>
      <FirstName>Elizabeth</FirstName>
      <LastName>Wynia</LastName>
      <EmailAddress>ewynia@swc.tc</EmailAddress>
      <StartDate>03/14/2001</StartDate>
      <EndDate/>
      <RoleCode>Principal Investigator</RoleCode>
    </Investigator>
    <Institution>
      <Name>Sisseton Wahpeton Community College</Name>
      <CityName>Sisseton</CityName>
      <ZipCode>572620689</ZipCode>
      <PhoneNumber>6056983966</PhoneNumber>
      <StreetAddress>Old Agency Box 689</StreetAddress>
      <CountryName>United States</CountryName>
      <StateName>South Dakota</StateName>
      <StateCode>SD</StateCode>
    </Institution>
    <FoaInformation>
      <Code>0000099</Code>
      <Name>Other Applications NEC</Name>
    </FoaInformation>
    <ProgramElement>
      <Code>7412</Code>
      <Text>ADVANCED TECH EDUCATION PROG</Text>
    </ProgramElement>
    <ProgramElement>
      <Code>9150</Code>
      <Text>EXP PROG TO STIM COMP RES</Text>
    </ProgramElement>
    <ProgramReference>
      <Code>1032</Code>
      <Text>ADVANCED TECHNOLOGY EDUCATION</Text>
    </ProgramReference>
    <ProgramReference>
      <Code>9150</Code>
      <Text>EXP PROG TO STIM COMP RES</Text>
    </ProgramReference>
    <ProgramReference>
      <Code>9178</Code>
      <Text>UNDERGRADUATE EDUCATION</Text>
    </ProgramReference>
    <ProgramReference>
      <Code>SMET</Code>
      <Text>SCIENCE, MATH, ENG &amp; TECH EDUCATION</Text>
    </ProgramReference>
  </Award>
</rootTag>
