<?xml version="1.0" encoding="UTF-8"?>

<rootTag>
  <Award>
    <AwardTitle>GOALI: Collaborative Research: RF Technology for Magnetic Resonance Imaging</AwardTitle>
    <AwardEffectiveDate>08/15/2001</AwardEffectiveDate>
    <AwardExpirationDate>07/31/2004</AwardExpirationDate>
    <AwardAmount>279403</AwardAmount>
    <AwardInstrument>
      <Value>Standard Grant</Value>
    </AwardInstrument>
    <Organization>
      <Code>07020000</Code>
      <Directorate>
        <LongName>Directorate For Engineering</LongName>
      </Directorate>
      <Division>
        <LongName>Div Of Chem, Bioeng, Env, &amp; Transp Sys</LongName>
      </Division>
    </Organization>
    <ProgramOfficer>
      <SignBlockName>Gilbert B. Devey</SignBlockName>
    </ProgramOfficer>
    <AbstractNarration>0101029&lt;br/&gt;Magin&lt;br/&gt;This Industry/University Collaborative project, a component of the Grant Opportunities for Academic Liaison with Industry (GOALI) initiative, involves faculty and students at the University of Illinois Chicago (UIC) and Texas A&amp;M University (TAMU) teamed with practicing engineers at General Electric Medical Systems (GEMS) as participants in a new research/educational program combining Ph.D. research in RF technology with industrial experience in state-of-the-art Magnetic Resonance Imaging (MRI) systems. The activity is to support development of innovative, collaborative industry-university research and educational programs. Support will be provided for eight Ph.D. students (four at UIC [this project] and four at TAMU [award 0101059]), who will be co-advised by university faculty and industrial scientist/engineers. These students will spend one semester or summer each year doing research at GEMS. &lt;br/&gt;&lt;br/&gt;While in residence at GEMS in the Applied Sciences Laboratory, the students will have access to advanced MRI system design and testing equipment and work under the supervision of the industrial Co-Principal investigators, who also will serve as members of the student's Ph.D. advisory committees. Additionally, six senior GEMS engineers/scientists will participate in this project as mentors for the students. &lt;br/&gt;&lt;br/&gt;This project is expected to establish a new model for industry/university collaborative research and education programs at the Ph.D. level in MRI engineering.</AbstractNarration>
    <MinAmdLetterDate>02/02/2001</MinAmdLetterDate>
    <MaxAmdLetterDate>02/02/2001</MaxAmdLetterDate>
    <ARRAAmount/>
    <AwardID>0101029</AwardID>
    <Investigator>
      <FirstName>Richard</FirstName>
      <LastName>Magin</LastName>
      <EmailAddress>rmagin@uic.edu</EmailAddress>
      <StartDate>02/02/2001</StartDate>
      <EndDate/>
      <RoleCode>Principal Investigator</RoleCode>
    </Investigator>
    <Investigator>
      <FirstName>Eddy</FirstName>
      <LastName>Boskamp</LastName>
      <EmailAddress/>
      <StartDate>02/02/2001</StartDate>
      <EndDate/>
      <RoleCode>Co-Principal Investigator</RoleCode>
    </Investigator>
    <Investigator>
      <FirstName>Daniel</FirstName>
      <LastName>Schaeffer</LastName>
      <EmailAddress/>
      <StartDate>02/02/2001</StartDate>
      <EndDate/>
      <RoleCode>Co-Principal Investigator</RoleCode>
    </Investigator>
    <Institution>
      <Name>University of Illinois at Chicago</Name>
      <CityName>Chicago</CityName>
      <ZipCode>606124305</ZipCode>
      <PhoneNumber>3129962862</PhoneNumber>
      <StreetAddress>809 S MARSHFIELD</StreetAddress>
      <CountryName>United States</CountryName>
      <StateName>Illinois</StateName>
      <StateCode>IL</StateCode>
    </Institution>
    <FoaInformation>
      <Code>0203000</Code>
      <Name>Health</Name>
    </FoaInformation>
    <ProgramElement>
      <Code>1504</Code>
      <Text>GRANT OPP FOR ACAD LIA W/INDUS</Text>
    </ProgramElement>
    <ProgramElement>
      <Code>5345</Code>
      <Text>BIOMEDICAL ENGINEERING</Text>
    </ProgramElement>
    <ProgramReference>
      <Code>0000</Code>
      <Text>UNASSIGNED</Text>
    </ProgramReference>
    <ProgramReference>
      <Code>1504</Code>
      <Text>GRANT OPP FOR ACAD LIA W/INDUS</Text>
    </ProgramReference>
    <ProgramReference>
      <Code>OTHR</Code>
      <Text>OTHER RESEARCH OR EDUCATION</Text>
    </ProgramReference>
  </Award>
</rootTag>
