<?xml version="1.0" encoding="UTF-8"?>

<rootTag>
  <Award>
    <AwardTitle>Organizational Support to the U.S. Arctic Science Program</AwardTitle>
    <AwardEffectiveDate>04/01/2001</AwardEffectiveDate>
    <AwardExpirationDate>03/31/2008</AwardExpirationDate>
    <AwardAmount>13053541</AwardAmount>
    <AwardInstrument>
      <Value>Cooperative Agreement</Value>
    </AwardInstrument>
    <Organization>
      <Code>06090100</Code>
      <Directorate>
        <LongName>Directorate For Geosciences</LongName>
      </Directorate>
      <Division>
        <LongName>Division Of Polar Programs</LongName>
      </Division>
    </Organization>
    <ProgramOfficer>
      <SignBlockName>Renee D. Crain</SignBlockName>
    </ProgramOfficer>
    <AbstractNarration>The Arctic Research Consortium of the United States (ARCUS) is to provide organizational support for Arctic sciences to develop, promote, and implement arctic research and education by nurturing the orderly growth of arctic research through tasks that cannot be accomplished as effectively by individual researchers, institutions, agencies, or by currently existing advisory bodies.&lt;br/&gt;&lt;br/&gt;Specifically, they will provide services in four areas. They are: &lt;br/&gt;o Arctic science planning-coordinating science planning for the arctic research community at several levels, including continuing examination of logistical requirements with the goal of improved access for all researchers in the Arctic;&lt;br/&gt;o Organizational support for research programs included in the Office of Polar Programs Arctic Sciences Section-the Arctic System Science Program (ARCSS), the Arctic Social Sciences Program (ASSP), and the Arctic Natural Sciences Program (ANS);&lt;br/&gt;o Development and coordination of arctic science educational activities; and&lt;br/&gt;o Information and outreach activities to disseminate information about arctic research to the scientific community, policy and decision-makers, and to the public.</AbstractNarration>
    <MinAmdLetterDate>03/22/2001</MinAmdLetterDate>
    <MaxAmdLetterDate>01/03/2008</MaxAmdLetterDate>
    <ARRAAmount/>
    <AwardID>0101279</AwardID>
    <Investigator>
      <FirstName>Wendy</FirstName>
      <LastName>Warnick</LastName>
      <EmailAddress>wendy@warnick.org</EmailAddress>
      <StartDate>03/22/2001</StartDate>
      <EndDate/>
      <RoleCode>Principal Investigator</RoleCode>
    </Investigator>
    <Institution>
      <Name>Arctic Research Consortium of the U.S.</Name>
      <CityName>Fairbanks</CityName>
      <ZipCode>997093710</ZipCode>
      <PhoneNumber>9074741600</PhoneNumber>
      <StreetAddress>3535 College Road, Suite 101</StreetAddress>
      <CountryName>United States</CountryName>
      <StateName>Alaska</StateName>
      <StateCode>AK</StateCode>
    </Institution>
    <FoaInformation>
      <Code>0311000</Code>
      <Name>Polar Programs-Related</Name>
    </FoaInformation>
  </Award>
</rootTag>
