<?xml version="1.0" encoding="UTF-8"?>

<rootTag>
  <Award>
    <AwardTitle>Puget Sound Consortium for Manufacturing Excellence</AwardTitle>
    <AwardEffectiveDate>10/01/2001</AwardEffectiveDate>
    <AwardExpirationDate>08/31/2005</AwardExpirationDate>
    <AwardAmount>962976</AwardAmount>
    <AwardInstrument>
      <Value>Continuing grant</Value>
    </AwardInstrument>
    <Organization>
      <Code>11040100</Code>
      <Directorate>
        <LongName>Direct For Education and Human Resources</LongName>
      </Directorate>
      <Division>
        <LongName>Division Of Undergraduate Education</LongName>
      </Division>
    </Organization>
    <ProgramOfficer>
      <SignBlockName>Gerhard L. Salinger</SignBlockName>
    </ProgramOfficer>
    <AbstractNarration>The Puget Sound Consortium for Manufacturing Excellence (CME) is a regional education-industry partnership that is improving the connection between manufacturing technology education, student career goals, and private sector demand. The CME is working with its education partners to modularize manufacturing technology curriculum based on existing, regionally focused industry skill standards. Instruction is seamlessly combined for customization of instruction to students and incumbent workers, and leads to a degree. CME partner colleges and tech-prep programs are using CME modules in their manufacturing and engineering programs. Professional development activities are providing workshops for faculty on the design and use of the modularized curriculum system. The CME is also assisting high schools and colleges in promoting manufacturing career opportunities to students. Through its curriculum and professional development services, the CME is:&lt;br/&gt;&lt;br/&gt;-- adapting and organizing already-developed instructional modules to form a manufacturing technology curriculum that is responsive to regional industry skill requirements;&lt;br/&gt;&lt;br/&gt;-- developing a Teaching Factory model that develops skills by having students apply classroom instruction to real problems in a work-like setting;&lt;br/&gt;&lt;br/&gt;-- training over 30 high school instructors, college faculty, and other instructors on how to utilize the modular curriculum system; and &lt;br/&gt;&lt;br/&gt;-- improving curriculum articulation between high schools, community and technical colleges, and 4-year colleges and universities.&lt;br/&gt;&lt;br/&gt;The long-term impact of the CME will be more and better skilled manufacturing technology graduates, improved technology instruction, articulation of the curriculum and enhanced coordination among secondary and post-secondary institutions.</AbstractNarration>
    <MinAmdLetterDate>05/22/2001</MinAmdLetterDate>
    <MaxAmdLetterDate>04/26/2005</MaxAmdLetterDate>
    <ARRAAmount/>
    <AwardID>0101582</AwardID>
    <Investigator>
      <FirstName>Thomas</FirstName>
      <LastName>Stoebe</LastName>
      <EmailAddress>stoebe@u.washington.edu</EmailAddress>
      <StartDate>05/22/2001</StartDate>
      <EndDate/>
      <RoleCode>Principal Investigator</RoleCode>
    </Investigator>
    <Investigator>
      <FirstName>Bradley</FirstName>
      <LastName>Keltto</LastName>
      <EmailAddress>bkeltto@ctc.edu</EmailAddress>
      <StartDate>05/22/2001</StartDate>
      <EndDate>04/20/2004</EndDate>
      <RoleCode>Former Co-Principal Investigator</RoleCode>
    </Investigator>
    <Investigator>
      <FirstName>Imelda</FirstName>
      <LastName>Cossette</LastName>
      <EmailAddress>mel.cossette@edcc.edu</EmailAddress>
      <StartDate>05/22/2001</StartDate>
      <EndDate>04/20/2004</EndDate>
      <RoleCode>Former Principal Investigator</RoleCode>
    </Investigator>
    <Institution>
      <Name>Shoreline Community College</Name>
      <CityName>Shoreline</CityName>
      <ZipCode>981335696</ZipCode>
      <PhoneNumber>2065464717</PhoneNumber>
      <StreetAddress>16101 Greenwood Avenue North</StreetAddress>
      <CountryName>United States</CountryName>
      <StateName>Washington</StateName>
      <StateCode>WA</StateCode>
    </Institution>
    <FoaInformation>
      <Code>0000099</Code>
      <Name>Other Applications NEC</Name>
    </FoaInformation>
    <ProgramElement>
      <Code>7412</Code>
      <Text>ADVANCED TECH EDUCATION PROG</Text>
    </ProgramElement>
    <ProgramReference>
      <Code>1032</Code>
      <Text>ADVANCED TECHNOLOGY EDUCATION</Text>
    </ProgramReference>
    <ProgramReference>
      <Code>9178</Code>
      <Text>UNDERGRADUATE EDUCATION</Text>
    </ProgramReference>
    <ProgramReference>
      <Code>SMET</Code>
      <Text>SCIENCE, MATH, ENG &amp; TECH EDUCATION</Text>
    </ProgramReference>
  </Award>
</rootTag>
