<?xml version="1.0" encoding="UTF-8"?>

<rootTag>
  <Award>
    <AwardTitle>Lexington Collaborative for Revitalizing and Improving Middle Mathematics (LCRIMM)</AwardTitle>
    <AwardEffectiveDate>07/01/2001</AwardEffectiveDate>
    <AwardExpirationDate>06/30/2005</AwardExpirationDate>
    <AwardAmount>300000</AwardAmount>
    <AwardInstrument>
      <Value>Standard Grant</Value>
    </AwardInstrument>
    <Organization>
      <Code>11040100</Code>
      <Directorate>
        <LongName>Direct For Education and Human Resources</LongName>
      </Directorate>
      <Division>
        <LongName>Division Of Undergraduate Education</LongName>
      </Division>
    </Organization>
    <ProgramOfficer>
      <SignBlockName>Joan T Prival</SignBlockName>
    </ProgramOfficer>
    <AbstractNarration>The Lexington Collaborative for Revitalizing and Improving Middle Mathematics (LCRIMM) brings together Lexington Community College, the University of Kentucky, and Fayette County Public Schools to increase the quantity and quality of middle school mathematics teachers in the Lexington, Kentucky area. The project is addressing a primary barrier to improving middle school students' mathematics performance: teachers' limited knowledge of the mathematics needed to teach standards-based mathematics curricula. The collaborative group is addressing the knowledge base of middle school mathematics teachers by creating two courses needed in their mathematics preparation: a geometry course and a statistics course. The content of each is being aligned with state and national mathematics standards for preservice education, and with the International Technology Education Association (ITEA) standards for technological literacy. The courses are activity-based and make appropriate use of technology, collaborative activities, and real-world problems. Fayette County Public School teachers are involved in the development and team-teaching of the pilot courses.</AbstractNarration>
    <MinAmdLetterDate>05/03/2001</MinAmdLetterDate>
    <MaxAmdLetterDate>12/06/2002</MaxAmdLetterDate>
    <ARRAAmount/>
    <AwardID>0101686</AwardID>
    <Investigator>
      <FirstName>William</FirstName>
      <LastName>Bush</LastName>
      <EmailAddress>bill.bush@louisville.edu</EmailAddress>
      <StartDate>05/03/2001</StartDate>
      <EndDate>12/06/2002</EndDate>
      <RoleCode>Former Co-Principal Investigator</RoleCode>
    </Investigator>
    <Investigator>
      <FirstName>Lillie</FirstName>
      <LastName>Crowley</LastName>
      <EmailAddress>lillie.crowley@kctcs.edu</EmailAddress>
      <StartDate>05/03/2001</StartDate>
      <EndDate/>
      <RoleCode>Principal Investigator</RoleCode>
    </Investigator>
    <Institution>
      <Name>University of Kentucky Research Foundation</Name>
      <CityName>Lexington</CityName>
      <ZipCode>405260001</ZipCode>
      <PhoneNumber>8592579420</PhoneNumber>
      <StreetAddress>109 Kinkead Hall</StreetAddress>
      <CountryName>United States</CountryName>
      <StateName>Kentucky</StateName>
      <StateCode>KY</StateCode>
    </Institution>
    <FoaInformation>
      <Code>0000099</Code>
      <Name>Other Applications NEC</Name>
    </FoaInformation>
    <ProgramElement>
      <Code>7348</Code>
      <Text>TEACHER PREPARATION PROGRAM</Text>
    </ProgramElement>
    <ProgramReference>
      <Code>1032</Code>
      <Text>ADVANCED TECHNOLOGY EDUCATION</Text>
    </ProgramReference>
    <ProgramReference>
      <Code>9178</Code>
      <Text>UNDERGRADUATE EDUCATION</Text>
    </ProgramReference>
    <ProgramReference>
      <Code>SMET</Code>
      <Text>SCIENCE, MATH, ENG &amp; TECH EDUCATION</Text>
    </ProgramReference>
  </Award>
</rootTag>
