<?xml version="1.0" encoding="UTF-8"?>

<rootTag>
  <Award>
    <AwardTitle>Improving Articulation for Workforce Development</AwardTitle>
    <AwardEffectiveDate>04/15/2001</AwardEffectiveDate>
    <AwardExpirationDate>03/31/2005</AwardExpirationDate>
    <AwardAmount>298273</AwardAmount>
    <AwardInstrument>
      <Value>Standard Grant</Value>
    </AwardInstrument>
    <Organization>
      <Code>11040100</Code>
      <Directorate>
        <LongName>Direct For Education and Human Resources</LongName>
      </Directorate>
      <Division>
        <LongName>Division Of Undergraduate Education</LongName>
      </Division>
    </Organization>
    <ProgramOfficer>
      <SignBlockName>Kenneth Lee Gentili</SignBlockName>
    </ProgramOfficer>
    <AbstractNarration>Cataret Community College and North Carolina State University are leading a collaborative effort for articulation between a two-year college and a four-year institution for technician education and teacher preparation. The three goals are (1) improving curricular coherence between community college and upper division courses of study, (2) increasing the retention and success of community college students after transfer, and (3) providing comprehensive professional development activities for university, community college, and secondary school science and mathematics faculty.</AbstractNarration>
    <MinAmdLetterDate>04/05/2001</MinAmdLetterDate>
    <MaxAmdLetterDate>12/29/2004</MaxAmdLetterDate>
    <ARRAAmount/>
    <AwardID>0101402</AwardID>
    <Investigator>
      <FirstName>Charles</FirstName>
      <LastName>Knowles</LastName>
      <EmailAddress>ernie_knowles@ncsu.edu</EmailAddress>
      <StartDate>04/05/2001</StartDate>
      <EndDate>12/29/2004</EndDate>
      <RoleCode>Former Co-Principal Investigator</RoleCode>
    </Investigator>
    <Investigator>
      <FirstName>Jeffrey</FirstName>
      <LastName>Scroggs</LastName>
      <EmailAddress>scroggs@unity.ncsu.edu</EmailAddress>
      <StartDate>12/29/2004</StartDate>
      <EndDate/>
      <RoleCode>Co-Principal Investigator</RoleCode>
    </Investigator>
    <Investigator>
      <FirstName>Pamela</FirstName>
      <LastName>Hilbert</LastName>
      <EmailAddress>pth@carteret.cc.nc.us</EmailAddress>
      <StartDate>04/05/2001</StartDate>
      <EndDate/>
      <RoleCode>Principal Investigator</RoleCode>
    </Investigator>
    <Institution>
      <Name>Carteret Community College</Name>
      <CityName>Morehead City</CityName>
      <ZipCode>285572905</ZipCode>
      <PhoneNumber>9197262811</PhoneNumber>
      <StreetAddress>3505 Arendell Street</StreetAddress>
      <CountryName>United States</CountryName>
      <StateName>North Carolina</StateName>
      <StateCode>NC</StateCode>
    </Institution>
    <FoaInformation>
      <Code>0000099</Code>
      <Name>Other Applications NEC</Name>
    </FoaInformation>
  </Award>
</rootTag>
