<?xml version="1.0" encoding="UTF-8"?>

<rootTag>
  <Award>
    <AwardTitle>E-Portal to Information Technology Education and Careers: A Dissemination Focal Point @ NWCET for Students, Educators, Business, Policy Makers, and Government</AwardTitle>
    <AwardEffectiveDate>08/01/2001</AwardEffectiveDate>
    <AwardExpirationDate>07/31/2005</AwardExpirationDate>
    <AwardAmount>1067475</AwardAmount>
    <AwardInstrument>
      <Value>Continuing grant</Value>
    </AwardInstrument>
    <Organization>
      <Code>11040100</Code>
      <Directorate>
        <LongName>Direct For Education and Human Resources</LongName>
      </Directorate>
      <Division>
        <LongName>Division Of Undergraduate Education</LongName>
      </Division>
    </Organization>
    <ProgramOfficer>
      <SignBlockName>Gerhard L. Salinger</SignBlockName>
    </ProgramOfficer>
    <AbstractNarration>E-Portal to Information Technology and Careers (E-Portal to IT) provides on-line dissemination of IT curricula and educational materials, best practices, career and certification information, and professional advancement opportunities. The portal, developed and maintained by the Northwest Center for Emerging Technologies (NWCET), aggregates content, brings together a community of interest in IT education solutions and provides them with adaptive e-tools necessary to efficiently reach and organize information. The Business Connector increases and enhances connections to practices and models for working with community colleges and other educators to develop IT educational programs. Also posted are internship and employment opportunities. The Development Finder provides educators and business-education partnerships links to smart IT Skill standards, online access to curricula and courseware based on the standards, professional development opportunities, implementation guides and resources developed by NWCET and other ATE projects. The IT Program Finder and Skills Locator links jobs to required skills, educational programs and certification in ways meaningful to students and re-careering adults. The portal expands linkages with professional organizations and business and industry leaders to ensure ATE presence in policy making and implementation.</AbstractNarration>
    <MinAmdLetterDate>08/03/2001</MinAmdLetterDate>
    <MaxAmdLetterDate>05/26/2005</MaxAmdLetterDate>
    <ARRAAmount/>
    <AwardID>0101657</AwardID>
    <Investigator>
      <FirstName>Manjari</FirstName>
      <LastName>Wijenaike</LastName>
      <EmailAddress>manjariw@Hotmail.com</EmailAddress>
      <StartDate>11/04/2003</StartDate>
      <EndDate/>
      <RoleCode>Co-Principal Investigator</RoleCode>
    </Investigator>
    <Investigator>
      <FirstName>Eva</FirstName>
      <LastName>Philpot</LastName>
      <EmailAddress>ephilpot@bcc.ctc.edu</EmailAddress>
      <StartDate>05/26/2005</StartDate>
      <EndDate/>
      <RoleCode>Principal Investigator</RoleCode>
    </Investigator>
    <Investigator>
      <FirstName>Peter</FirstName>
      <LastName>Saflund</LastName>
      <EmailAddress>psaflund@bcc.ctc.edu</EmailAddress>
      <StartDate>08/03/2001</StartDate>
      <EndDate>05/26/2005</EndDate>
      <RoleCode>Former Principal Investigator</RoleCode>
    </Investigator>
    <Investigator>
      <FirstName>Neil</FirstName>
      <LastName>Evans</LastName>
      <EmailAddress>nevans@bcc.ctc.edu</EmailAddress>
      <StartDate>08/03/2001</StartDate>
      <EndDate>11/04/2003</EndDate>
      <RoleCode>Former Principal Investigator</RoleCode>
    </Investigator>
    <Institution>
      <Name>Bellevue College</Name>
      <CityName>Bellevue</CityName>
      <ZipCode>980076484</ZipCode>
      <PhoneNumber>4255642042</PhoneNumber>
      <StreetAddress>3000 Landerholm Circle SE</StreetAddress>
      <CountryName>United States</CountryName>
      <StateName>Washington</StateName>
      <StateCode>WA</StateCode>
    </Institution>
    <FoaInformation>
      <Code>0000099</Code>
      <Name>Other Applications NEC</Name>
    </FoaInformation>
    <ProgramElement>
      <Code>7412</Code>
      <Text>ADVANCED TECH EDUCATION PROG</Text>
    </ProgramElement>
    <ProgramReference>
      <Code>1032</Code>
      <Text>ADVANCED TECHNOLOGY EDUCATION</Text>
    </ProgramReference>
    <ProgramReference>
      <Code>7204</Code>
      <Text>DoE-NSF LABORATORY FELLOWSHIPS</Text>
    </ProgramReference>
    <ProgramReference>
      <Code>9178</Code>
      <Text>UNDERGRADUATE EDUCATION</Text>
    </ProgramReference>
    <ProgramReference>
      <Code>SMET</Code>
      <Text>SCIENCE, MATH, ENG &amp; TECH EDUCATION</Text>
    </ProgramReference>
  </Award>
</rootTag>
