<?xml version="1.0" encoding="UTF-8"?>

<rootTag>
  <Award>
    <AwardTitle>Singular Integrals and Complex Analysis in One and Several Variables</AwardTitle>
    <AwardEffectiveDate>07/01/2001</AwardEffectiveDate>
    <AwardExpirationDate>06/30/2008</AwardExpirationDate>
    <AwardAmount>166170</AwardAmount>
    <AwardInstrument>
      <Value>Continuing grant</Value>
    </AwardInstrument>
    <Organization>
      <Code>03040100</Code>
      <Directorate>
        <LongName>Direct For Mathematical &amp; Physical Scien</LongName>
      </Directorate>
      <Division>
        <LongName>Division Of Mathematical Sciences</LongName>
      </Division>
    </Organization>
    <ProgramOfficer>
      <SignBlockName>Joe W. Jenkins</SignBlockName>
    </ProgramOfficer>
    <AbstractNarration>Abstract&lt;br/&gt;Lanzani&lt;br/&gt;&lt;br/&gt;This project concerns several questions about integral representations for holomorphic functions of one and several complex variables, related (singular) integral boundary operators, and elliptic boundary value problems. The main underlying theme consists of estimates of Cauchy singular integral operators with focus on the case of domains with rough boundaries. &lt;br/&gt;&lt;br/&gt;&lt;br/&gt;The crux of this project is the basic observation that it is often possible to determine the values a certain function, say, f, takes inside, say, a ball, by only measuring the values f takes on the surface of the ball, via the computation of a (surface) integral involving the datum f and an auxiliary&lt;br/&gt;function K ( the "kernel"). It may help to think of the value f at a point&lt;br/&gt;P as the temperature at this point: by (easily) measuring temperature on the &lt;br/&gt;surface of a ball (think of the ball as been made of a solid material, such as &lt;br/&gt;metal), one can then find out the value of the temperature inside the ball without having to reach the inside, simply by plotting the surface temperature data in an integral formula, and then computing the integral. Because of the microscopic nature of matter, it is much more natural to make these measurements and calculations on a "rough" body, say a cube (which has corners and edges), than a "smooth" ball. In the mathematical model, this new situation translates into additional constraints on the kernel K which make it much harder to effectively use K in the computation of the integrals. In this project we study certain ("complex")analogues of these mathematical models in the context of "rough" domains.</AbstractNarration>
    <MinAmdLetterDate>05/21/2001</MinAmdLetterDate>
    <MaxAmdLetterDate>05/11/2007</MaxAmdLetterDate>
    <ARRAAmount/>
    <AwardID>0101212</AwardID>
    <Investigator>
      <FirstName>Loredana</FirstName>
      <LastName>Lanzani</LastName>
      <EmailAddress>llanzani@syr.edu</EmailAddress>
      <StartDate>05/21/2001</StartDate>
      <EndDate/>
      <RoleCode>Principal Investigator</RoleCode>
    </Investigator>
    <Institution>
      <Name>University of Arkansas</Name>
      <CityName>FAYETTEVILLE</CityName>
      <ZipCode>727011201</ZipCode>
      <PhoneNumber>4795753845</PhoneNumber>
      <StreetAddress>210 Administration Building</StreetAddress>
      <CountryName>United States</CountryName>
      <StateName>Arkansas</StateName>
      <StateCode>AR</StateCode>
    </Institution>
    <FoaInformation>
      <Code>0000099</Code>
      <Name>Other Applications NEC</Name>
    </FoaInformation>
    <ProgramElement>
      <Code>9150</Code>
      <Text>EXP PROG TO STIM COMP RES</Text>
    </ProgramElement>
    <ProgramElement>
      <Code>1281</Code>
      <Text>ANALYSIS PROGRAM</Text>
    </ProgramElement>
    <ProgramReference>
      <Code>0000</Code>
      <Text>UNASSIGNED</Text>
    </ProgramReference>
    <ProgramReference>
      <Code>9150</Code>
      <Text>EXP PROG TO STIM COMP RES</Text>
    </ProgramReference>
    <ProgramReference>
      <Code>OTHR</Code>
      <Text>OTHER RESEARCH OR EDUCATION</Text>
    </ProgramReference>
  </Award>
</rootTag>
