<?xml version="1.0" encoding="UTF-8"?>

<rootTag>
  <Award>
    <AwardTitle>FRG: Solutions for Inverse Problems</AwardTitle>
    <AwardEffectiveDate>09/01/2001</AwardEffectiveDate>
    <AwardExpirationDate>08/31/2005</AwardExpirationDate>
    <AwardAmount>1022553</AwardAmount>
    <AwardInstrument>
      <Value>Standard Grant</Value>
    </AwardInstrument>
    <Organization>
      <Code>03040100</Code>
      <Directorate>
        <LongName>Direct For Mathematical &amp; Physical Scien</LongName>
      </Directorate>
      <Division>
        <LongName>Division Of Mathematical Sciences</LongName>
      </Division>
    </Organization>
    <ProgramOfficer>
      <SignBlockName>Henry A. Warchall</SignBlockName>
    </ProgramOfficer>
    <AbstractNarration>In the work proposed here, four researchers at Rensselaer Polytechnic Institute work in teams with postdocs and graduate students to solve inverse problems. The goal is to identify material properties or surface features from indirectly related data sets. Each problem is modeled as an elastic, electromagnetic, or acoustic medium and the mathematical model is strongly taken into account to develop solution techniques. Two of the four problems to be considered are: (1) find variations in stiffness in biological tissue so that regions that are abnormal (usually with 7 to 17 times stiffer than normal tissue) can be identified. The model is the equations of elasticity and measurement of low frequency propagating shear waves using Doppler ultrasound provide the data. Noise reduction, use of models with random media, determination of the minimum size of abnormal regions that can be identified, reconstruction algorithms and images are all targets of this investigation; and (2) create radar images from satellite or airborne radar equipment by developing solutions that correct for deviations from ideal flight paths, that correctly identify object positions (break left-right symmetry problems) and that can image objects that are moving. The problems involve establishing mathematical results, utilizing engineering expertise and development and implementation of numerical algorithms.&lt;br/&gt;&lt;br/&gt;In this work, four principal investigators, together with postdocs and graduate students, solve problems where noninvasive sensing is followed by the creation of images. To solve these problems, the researchers work in teams to combine mathematical analysis, engineering and numerical computation to achieve results. Two of the problems that will be addressed are: &lt;br/&gt;(a) elastography with ultrasound measurements of tissue movement created by a second low level propagated signal yields data that can distinguish the stiffer tissue of cancerous tumors from normal tissue. The goal, then, is to determine algorithms for computing the location of the stiff and normal regions, to find the minimum size of regions that can be identified, and to create images in 'real time';&lt;br/&gt;(b) airborne and satellite topographic and object sensing where signals reflected from the earth's surface are used to locate positions of objects and topographic features. The goal is to improve resolution and accuracy, to reduce the size of objects and features that can be identified and to correctly represent features that are partially hidden from view.</AbstractNarration>
    <MinAmdLetterDate>08/07/2001</MinAmdLetterDate>
    <MaxAmdLetterDate>08/01/2002</MaxAmdLetterDate>
    <ARRAAmount/>
    <AwardID>0101458</AwardID>
    <Investigator>
      <FirstName>Margaret</FirstName>
      <LastName>Cheney</LastName>
      <EmailAddress>cheney.margaret@gmail.com</EmailAddress>
      <StartDate>08/07/2001</StartDate>
      <EndDate/>
      <RoleCode>Co-Principal Investigator</RoleCode>
    </Investigator>
    <Investigator>
      <FirstName>Joyce</FirstName>
      <LastName>McLaughlin</LastName>
      <EmailAddress>mclauj@rpi.edu</EmailAddress>
      <StartDate>08/07/2001</StartDate>
      <EndDate/>
      <RoleCode>Principal Investigator</RoleCode>
    </Investigator>
    <Investigator>
      <FirstName>Clifford</FirstName>
      <LastName>Nolan</LastName>
      <EmailAddress>noland@rpi.edu</EmailAddress>
      <StartDate>08/07/2001</StartDate>
      <EndDate/>
      <RoleCode>Co-Principal Investigator</RoleCode>
    </Investigator>
    <Investigator>
      <FirstName>Antoinette</FirstName>
      <LastName>Maniatty</LastName>
      <EmailAddress>maniaa@rpi.edu</EmailAddress>
      <StartDate>08/07/2001</StartDate>
      <EndDate/>
      <RoleCode>Co-Principal Investigator</RoleCode>
    </Investigator>
    <Institution>
      <Name>Rensselaer Polytechnic Institute</Name>
      <CityName>Troy</CityName>
      <ZipCode>121803522</ZipCode>
      <PhoneNumber>5182766000</PhoneNumber>
      <StreetAddress>110 8TH ST</StreetAddress>
      <CountryName>United States</CountryName>
      <StateName>New York</StateName>
      <StateCode>NY</StateCode>
    </Institution>
    <FoaInformation>
      <Code>0000099</Code>
      <Name>Other Applications NEC</Name>
    </FoaInformation>
    <ProgramElement>
      <Code>1266</Code>
      <Text>APPLIED MATHEMATICS</Text>
    </ProgramElement>
    <ProgramElement>
      <Code>1271</Code>
      <Text>COMPUTATIONAL MATHEMATICS</Text>
    </ProgramElement>
    <ProgramReference>
      <Code>0000</Code>
      <Text>UNASSIGNED</Text>
    </ProgramReference>
    <ProgramReference>
      <Code>1616</Code>
      <Text>FOCUSED RESEARCH GROUPS IN MATH SCIENCES</Text>
    </ProgramReference>
    <ProgramReference>
      <Code>9263</Code>
      <Text>COMPUTATIONAL SCIENCE &amp; ENGING</Text>
    </ProgramReference>
    <ProgramReference>
      <Code>OTHR</Code>
      <Text>OTHER RESEARCH OR EDUCATION</Text>
    </ProgramReference>
  </Award>
</rootTag>
