<?xml version="1.0" encoding="UTF-8"?>

<rootTag>
  <Award>
    <AwardTitle>Some Problems in Set Theory and Ergodic Theory</AwardTitle>
    <AwardEffectiveDate>08/15/2001</AwardEffectiveDate>
    <AwardExpirationDate>07/31/2004</AwardExpirationDate>
    <AwardAmount>164998</AwardAmount>
    <AwardInstrument>
      <Value>Continuing grant</Value>
    </AwardInstrument>
    <Organization>
      <Code>03040200</Code>
      <Directorate>
        <LongName>Direct For Mathematical &amp; Physical Scien</LongName>
      </Directorate>
      <Division>
        <LongName>Division Of Mathematical Sciences</LongName>
      </Division>
    </Organization>
    <ProgramOfficer>
      <SignBlockName>Christopher W. Stark</SignBlockName>
    </ProgramOfficer>
    <AbstractNarration>Foreman's work is in two directions: ergodic theory and combinatorial set&lt;br/&gt;theory. In ergodic theory he seeks to characterise the complexity of&lt;br/&gt;various classes of ergodic measure preserving transformations, using the&lt;br/&gt;tools of descriptive set theory. In combinatorial set theory he is&lt;br/&gt;continuing a program of applying reflection principles and Shelah's PCF&lt;br/&gt;theory to study classical problems in infinite combinatorics.&lt;br/&gt;&lt;br/&gt;Foreman investigates the phenomenon of apparent randomness in physical&lt;br/&gt;systems that are deterministic in nature. A system can be deterministic in&lt;br/&gt;the sense that the behavior of any particular individual (particle) in&lt;br/&gt;that system is completely determined (perhaps by some differential&lt;br/&gt;equations), but on a macro level, any measurement made shows random&lt;br/&gt;behavior. Many systems in nature have this kind of paradoxical properties.&lt;br/&gt;Foreman's other line of research considers difficult combinatorial&lt;br/&gt;problems asked by people such as Erdos in the 1960's that remain major&lt;br/&gt;questions in the 21st century.</AbstractNarration>
    <MinAmdLetterDate>08/10/2001</MinAmdLetterDate>
    <MaxAmdLetterDate>05/30/2003</MaxAmdLetterDate>
    <ARRAAmount/>
    <AwardID>0101155</AwardID>
    <Investigator>
      <FirstName>Matthew</FirstName>
      <LastName>Foreman</LastName>
      <EmailAddress>mforeman@math.uci.edu</EmailAddress>
      <StartDate>08/10/2001</StartDate>
      <EndDate/>
      <RoleCode>Principal Investigator</RoleCode>
    </Investigator>
    <Institution>
      <Name>University of California-Irvine</Name>
      <CityName>Irvine</CityName>
      <ZipCode>926173213</ZipCode>
      <PhoneNumber>9498247295</PhoneNumber>
      <StreetAddress>141 Innovation Drive, Ste 250</StreetAddress>
      <CountryName>United States</CountryName>
      <StateName>California</StateName>
      <StateCode>CA</StateCode>
    </Institution>
    <FoaInformation>
      <Code>0000099</Code>
      <Name>Other Applications NEC</Name>
    </FoaInformation>
    <ProgramElement>
      <Code>1268</Code>
      <Text>FOUNDATIONS</Text>
    </ProgramElement>
    <ProgramReference>
      <Code>0000</Code>
      <Text>UNASSIGNED</Text>
    </ProgramReference>
    <ProgramReference>
      <Code>OTHR</Code>
      <Text>OTHER RESEARCH OR EDUCATION</Text>
    </ProgramReference>
  </Award>
</rootTag>
