<?xml version="1.0" encoding="UTF-8"?>

<rootTag>
  <Award>
    <AwardTitle>WORKSHOP: Human-Computer Interaction Doctoral Research Consortium</AwardTitle>
    <AwardEffectiveDate>01/01/2001</AwardEffectiveDate>
    <AwardExpirationDate>12/31/2002</AwardExpirationDate>
    <AwardAmount>30000</AwardAmount>
    <AwardInstrument>
      <Value>Standard Grant</Value>
    </AwardInstrument>
    <Organization>
      <Code>05020000</Code>
      <Directorate>
        <LongName>Direct For Computer &amp; Info Scie &amp; Enginr</LongName>
      </Directorate>
      <Division>
        <LongName>Div Of Information &amp; Intelligent Systems</LongName>
      </Division>
    </Organization>
    <ProgramOfficer>
      <SignBlockName>Mary P. Harper</SignBlockName>
    </ProgramOfficer>
    <AbstractNarration>This is funding in support of a doctoral research consortium (workshop) of promising graduate students and distinguished research faculty. The consortium will be held in conjunction with the ACM 2001 Conference on Human Factors in Computing Systems (CHI 2001), sponsored by the Association for Computing Machinery's Special Interest Group on Human Computer Interaction (SIGCHI). The goals of the workshop include building a cohort group of new researchers who will then have a network of colleagues spread out across the world, guiding the work of new researchers by having experts in the research field give them advice, and making it possible for promising new entrants to the field to attend their research conference. Student participants will make formal presentations of their work during the workshop, and will receive feedback from the faculty panel. The feedback is geared to helping students understand and articulate how their work is positioned relative to other human-computer interaction research, whether their topics are adequately focused for thesis research projects, whether their methods are correctly chosen and applied, and whether their results are appropriately analyzed and presented. Student participants will also present their work during the technical program of the CHI 2001 conference. Extended abstracts of the students' work will be disseminated via publication in the CHI 2001 Extended Abstracts, which has wide print and electronic distribution. Evaluation of the consortium will be conducted by ACM SIGCHI's conference management committee, and results of the evaluation will be available to the organizers of future consortia.</AbstractNarration>
    <MinAmdLetterDate>12/13/2000</MinAmdLetterDate>
    <MaxAmdLetterDate>12/13/2000</MaxAmdLetterDate>
    <ARRAAmount/>
    <AwardID>0101295</AwardID>
    <Investigator>
      <FirstName>Marian</FirstName>
      <LastName>Williams</LastName>
      <EmailAddress>Marian_Williams@uml.edu</EmailAddress>
      <StartDate>12/13/2000</StartDate>
      <EndDate/>
      <RoleCode>Principal Investigator</RoleCode>
    </Investigator>
    <Investigator>
      <FirstName>Julie</FirstName>
      <LastName>Jacko</LastName>
      <EmailAddress>jacko@umn.edu</EmailAddress>
      <StartDate>12/13/2000</StartDate>
      <EndDate/>
      <RoleCode>Co-Principal Investigator</RoleCode>
    </Investigator>
    <Investigator>
      <FirstName>Andrew</FirstName>
      <LastName>Sears</LastName>
      <EmailAddress>andrew.sears@psu.edu</EmailAddress>
      <StartDate>12/13/2000</StartDate>
      <EndDate/>
      <RoleCode>Co-Principal Investigator</RoleCode>
    </Investigator>
    <Institution>
      <Name>University of Massachusetts Lowell</Name>
      <CityName>Lowell</CityName>
      <ZipCode>018543643</ZipCode>
      <PhoneNumber>9789344170</PhoneNumber>
      <StreetAddress>600 Suffolk Street</StreetAddress>
      <CountryName>United States</CountryName>
      <StateName>Massachusetts</StateName>
      <StateCode>MA</StateCode>
    </Institution>
    <FoaInformation>
      <Code>0104000</Code>
      <Name>Information Systems</Name>
    </FoaInformation>
    <ProgramElement>
      <Code>6845</Code>
      <Text>HUMAN COMPUTER INTER PROGRAM</Text>
    </ProgramElement>
    <ProgramReference>
      <Code>9216</Code>
      <Text>ADVANCED SOFTWARE TECH &amp; ALGOR</Text>
    </ProgramReference>
    <ProgramReference>
      <Code>HPCC</Code>
      <Text>HIGH PERFORMANCE COMPUTING &amp; COMM</Text>
    </ProgramReference>
  </Award>
</rootTag>
