<?xml version="1.0" encoding="UTF-8"?>

<rootTag>
  <Award>
    <AwardTitle>Energetics of Microporous Materials</AwardTitle>
    <AwardEffectiveDate>04/15/2001</AwardEffectiveDate>
    <AwardExpirationDate>03/31/2006</AwardExpirationDate>
    <AwardAmount>897894</AwardAmount>
    <AwardInstrument>
      <Value>Continuing grant</Value>
    </AwardInstrument>
    <Organization>
      <Code>03070007</Code>
      <Directorate>
        <LongName>Direct For Mathematical &amp; Physical Scien</LongName>
      </Directorate>
      <Division>
        <LongName>Division Of Materials Research</LongName>
      </Division>
    </Organization>
    <ProgramOfficer>
      <SignBlockName>David Nelson</SignBlockName>
    </ProgramOfficer>
    <AbstractNarration>0101391&lt;br/&gt;Navrotsky&lt;br/&gt;&lt;br/&gt;Zeolites and other nanoporous materials are of major importance in catalysis, ion exchange, gas separation, and other technologies. They consist of a wealth of open framework structures with varying compositions and degrees of hydration. As Part of an ongoing study of the energetic driving forces which govern zeolite synthesis and reactivity, this work uses unique calorimetric capabilities in the UC Davis Thermochemistry Facility to determine energetics of formation, ion exchange, and hydration in selected aluminosilicate zeolites and their gallium and germanium analogues. This work is completed by molecular modeling. In situ calorimetric studies of zeolite synthesis form another focus of research. Such synthesis is controlled by both inorganic and organic structure directing agents, and their energetic role in both zeolites and mesoporous materials will be investigated by calorimetry. The overall goal of this research is an understanding, at the molecular level, of the factors which cause specific structures to form. The Thermochemistry Facility and its diverse activities (including participation in an NSF IGERT) provide vigorous, rigorous, and supportive education for a large number of students and postdocs from many cultural, ethnic, and economic backgrounds.</AbstractNarration>
    <MinAmdLetterDate>04/19/2001</MinAmdLetterDate>
    <MaxAmdLetterDate>01/15/2005</MaxAmdLetterDate>
    <ARRAAmount/>
    <AwardID>0101391</AwardID>
    <Investigator>
      <FirstName>Alexandra</FirstName>
      <LastName>Navrotsky</LastName>
      <EmailAddress>anavrotsky@ucdavis.edu</EmailAddress>
      <StartDate>04/19/2001</StartDate>
      <EndDate/>
      <RoleCode>Principal Investigator</RoleCode>
    </Investigator>
    <Institution>
      <Name>University of California-Davis</Name>
      <CityName>Davis</CityName>
      <ZipCode>956186134</ZipCode>
      <PhoneNumber>5307547700</PhoneNumber>
      <StreetAddress>OR/Sponsored Programs</StreetAddress>
      <CountryName>United States</CountryName>
      <StateName>California</StateName>
      <StateCode>CA</StateCode>
    </Institution>
    <FoaInformation>
      <Code>0106000</Code>
      <Name>Materials Research</Name>
    </FoaInformation>
    <ProgramElement>
      <Code>1762</Code>
      <Text>SOLID STATE &amp; MATERIALS CHEMIS</Text>
    </ProgramElement>
    <ProgramReference>
      <Code>9161</Code>
      <Text>SINGLE DIVISION/UNIVERSITY</Text>
    </ProgramReference>
    <ProgramReference>
      <Code>AMPP</Code>
      <Text>ADVANCED MATERIALS &amp; PROCESSING PROGRAM</Text>
    </ProgramReference>
  </Award>
</rootTag>
