<?xml version="1.0" encoding="UTF-8"?>

<rootTag>
  <Award>
    <AwardTitle>Cross-Training Technicians and Engineers for Semiconductor Manufacturing</AwardTitle>
    <AwardEffectiveDate>07/15/2001</AwardEffectiveDate>
    <AwardExpirationDate>06/30/2004</AwardExpirationDate>
    <AwardAmount>520000</AwardAmount>
    <AwardInstrument>
      <Value>Continuing grant</Value>
    </AwardInstrument>
    <Organization>
      <Code>11040100</Code>
      <Directorate>
        <LongName>Direct For Education and Human Resources</LongName>
      </Directorate>
      <Division>
        <LongName>Division Of Undergraduate Education</LongName>
      </Division>
    </Organization>
    <ProgramOfficer>
      <SignBlockName>R. Corby Hovis</SignBlockName>
    </ProgramOfficer>
    <AbstractNarration>The project extends work begun under Award No. 9850310.&lt;br/&gt;&lt;br/&gt;A consortium consisting of three universities (University of New Mexico, Arizona State University, and University of Texas at Austin) and three community college systems (Albuquerque Technical Vocational Institute, Maricopa County Community College District, and Austin Community College) in three contiguous states, each of which has semiconductor manufacturing as an economic backdrop, is implementing "cross-training" of technicians and engineers.&lt;br/&gt;&lt;br/&gt;Supported by a previous NSF grant, the consortium developed a suite of six computer-based training (CBT) modules designed to be integrated into factory-like labs and related courses for co-training of technicians and engineers. The first six modules covered lithography, metalization, design of experiments, etch, chemical vapor deposition, and statistical process control. In the current project, the consortium is (1) developing three more modules covering oxidation and diffusion, doping and annealing, and factory dynamics; (2) deploying the modules in side-by-side training of engineering and technician students at the partnering universities and community colleges; and (3) completing the evaluation of the full suite of nine modules.&lt;br/&gt;&lt;br/&gt;The project is built around the premise that "cross-training" technicians and engineers, such that each group better understands the roles and skill sets of the other, will enhance their effectiveness as team members in real factory settings. The project's CBT modules cover basic semiconductor unit processes (lithography, metalization, etch) and their facility demands, design of experiments, and factory-level dynamics from both the technician's and the engineer's perspectives. The modules include interactive, schematic-based simulator panels for selected manufacturing machines, to support a need-based, top-down learning paradigm. In addition, the modules have structured exercises that require interactive roles between technicians and engineers. The "side-by-side" presentation of text, graphics, animations, videos, simulations, and exercises give technicians enhanced exposure to mathematics and science and give engineers enhanced exposure to machine (tool) operation issues. The multimedia modules are designed to operate stand-alone or coupled to a multi-level manufacturing simulator package. They can serve training needs in real, mock, or virtual factory-like labs.</AbstractNarration>
    <MinAmdLetterDate>08/03/2001</MinAmdLetterDate>
    <MaxAmdLetterDate>06/20/2002</MaxAmdLetterDate>
    <ARRAAmount/>
    <AwardID>0101311</AwardID>
    <Investigator>
      <FirstName>Bassam</FirstName>
      <LastName>Matar</LastName>
      <EmailAddress>b.matar@cgcmail.maricopa.edu</EmailAddress>
      <StartDate>08/03/2001</StartDate>
      <EndDate/>
      <RoleCode>Co-Principal Investigator</RoleCode>
    </Investigator>
    <Investigator>
      <FirstName>John</FirstName>
      <LastName>Wood</LastName>
      <EmailAddress>jw@unm.edu</EmailAddress>
      <StartDate>08/03/2001</StartDate>
      <EndDate/>
      <RoleCode>Principal Investigator</RoleCode>
    </Investigator>
    <Investigator>
      <FirstName>Fabian</FirstName>
      <LastName>Lopez</LastName>
      <EmailAddress>fabian@tvi.cc.nm.us</EmailAddress>
      <StartDate>08/03/2001</StartDate>
      <EndDate/>
      <RoleCode>Co-Principal Investigator</RoleCode>
    </Investigator>
    <Investigator>
      <FirstName>Michael</FirstName>
      <LastName>Midgley</LastName>
      <EmailAddress>midgley@austincc.edu</EmailAddress>
      <StartDate>08/03/2001</StartDate>
      <EndDate/>
      <RoleCode>Co-Principal Investigator</RoleCode>
    </Investigator>
    <Institution>
      <Name>University of New Mexico</Name>
      <CityName>Albuquerque</CityName>
      <ZipCode>871310001</ZipCode>
      <PhoneNumber>5052774186</PhoneNumber>
      <StreetAddress>1700 Lomas Blvd. NE, Suite 2200</StreetAddress>
      <CountryName>United States</CountryName>
      <StateName>New Mexico</StateName>
      <StateCode>NM</StateCode>
    </Institution>
    <FoaInformation>
      <Code>0000099</Code>
      <Name>Other Applications NEC</Name>
    </FoaInformation>
    <ProgramElement>
      <Code>7412</Code>
      <Text>ADVANCED TECH EDUCATION PROG</Text>
    </ProgramElement>
    <ProgramReference>
      <Code>1032</Code>
      <Text>ADVANCED TECHNOLOGY EDUCATION</Text>
    </ProgramReference>
    <ProgramReference>
      <Code>9178</Code>
      <Text>UNDERGRADUATE EDUCATION</Text>
    </ProgramReference>
    <ProgramReference>
      <Code>SMET</Code>
      <Text>SCIENCE, MATH, ENG &amp; TECH EDUCATION</Text>
    </ProgramReference>
  </Award>
</rootTag>
