<?xml version="1.0" encoding="UTF-8"?>

<rootTag>
  <Award>
    <AwardTitle>GEM: Self-Consistent Model for Regions of Downward Auroral Current</AwardTitle>
    <AwardEffectiveDate>09/01/2001</AwardEffectiveDate>
    <AwardExpirationDate>08/31/2002</AwardExpirationDate>
    <AwardAmount>88000</AwardAmount>
    <AwardInstrument>
      <Value>Continuing grant</Value>
    </AwardInstrument>
    <Organization>
      <Code>06020202</Code>
      <Directorate>
        <LongName>Directorate For Geosciences</LongName>
      </Directorate>
      <Division>
        <LongName>Div Atmospheric &amp; Geospace Sciences</LongName>
      </Division>
    </Organization>
    <ProgramOfficer>
      <SignBlockName>kile baker</SignBlockName>
    </ProgramOfficer>
    <AbstractNarration>The primary coupling between the magnetosphere and the ionosphere is accomplished via electric currents flowing along the Earth's magnetic field. Upward current regions generally result from downward flowing electrons which have been observed with many satellites. In contrast, downward current regions generally involve upward flowing electrons that have been more difficult to observe. Thus our outstanding of the downward current regions has lagged behind our understanding of the upward current regions. This study will develop a self-consistent picture of the plasma and field properties of downward auroral current regions. The results will lead to a better understanding of such features as ion conic particle distributions, downward pointing electric fields and ELF/VLF turbulence. The theoretical underpinning of the study will be to break the problem into two separate but coupled problems with vastly different time scales. ELF/VLF turbulence operates on times scales of milliseconds, while the evolution of the large-scale auroral current structures takes place on time scales of minutes to hours. Thus a self-consistent high frequency spectrum can be determined in the context of a slowly evolving background distribution.</AbstractNarration>
    <MinAmdLetterDate>09/19/2001</MinAmdLetterDate>
    <MaxAmdLetterDate>01/14/2002</MaxAmdLetterDate>
    <ARRAAmount/>
    <AwardID>0101089</AwardID>
    <Investigator>
      <FirstName>Chio</FirstName>
      <LastName>Cheng</LastName>
      <EmailAddress>fcheng@pppl.gov</EmailAddress>
      <StartDate>09/19/2001</StartDate>
      <EndDate/>
      <RoleCode>Co-Principal Investigator</RoleCode>
    </Investigator>
    <Investigator>
      <FirstName>Jay</FirstName>
      <LastName>Johnson</LastName>
      <EmailAddress>jrj@andrews.edu</EmailAddress>
      <StartDate>09/19/2001</StartDate>
      <EndDate/>
      <RoleCode>Principal Investigator</RoleCode>
    </Investigator>
    <Institution>
      <Name>Princeton University</Name>
      <CityName>Princeton</CityName>
      <ZipCode>085442020</ZipCode>
      <PhoneNumber>6092583090</PhoneNumber>
      <StreetAddress>Off. of Research &amp; Proj. Admin.</StreetAddress>
      <CountryName>United States</CountryName>
      <StateName>New Jersey</StateName>
      <StateCode>NJ</StateCode>
    </Institution>
    <FoaInformation>
      <Code>0205000</Code>
      <Name>Space</Name>
    </FoaInformation>
    <ProgramElement>
      <Code>5750</Code>
      <Text>MAGNETOSPHERIC PHYSICS</Text>
    </ProgramElement>
    <ProgramReference>
      <Code>1323</Code>
      <Text>SOLAR INFLUENCES</Text>
    </ProgramReference>
    <ProgramReference>
      <Code>EGCH</Code>
      <Text>ENVIRONMENT AND GLOBAL CHANGE</Text>
    </ProgramReference>
  </Award>
</rootTag>
