<?xml version="1.0" encoding="UTF-8"?>

<rootTag>
  <Award>
    <AwardTitle>Planning Grant for a Regional Manufacturing Education Center</AwardTitle>
    <AwardEffectiveDate>07/15/2001</AwardEffectiveDate>
    <AwardExpirationDate>12/31/2004</AwardExpirationDate>
    <AwardAmount>49995</AwardAmount>
    <AwardInstrument>
      <Value>Standard Grant</Value>
    </AwardInstrument>
    <Organization>
      <Code>11040100</Code>
      <Directorate>
        <LongName>Direct For Education and Human Resources</LongName>
      </Directorate>
      <Division>
        <LongName>Division Of Undergraduate Education</LongName>
      </Division>
    </Organization>
    <ProgramOfficer>
      <SignBlockName>Kenneth Lee Gentili</SignBlockName>
    </ProgramOfficer>
    <AbstractNarration>California manufacturers cannot fill their demand for qualified, trained technicians in electronics, welding, machining and other manufacturing related fields. Allan Hancock and Cuesta Colleges along with select industrial partners and faculty are joining California Polytechnic State University at San Luis Obispo to address this shortage by developing a Regional Center for Manufacturing Education. This project constitutes the planning phase for the development of this center. The planning phase is helping the participating members to create the strong linkages needed for the success of such a comprehensive undertaking. Planning activities are focused on organizing meetings with industrial partners to identify industry needs, offering a pilot workshop to community college and high school faculty, and reviewing all relevant data to meet industry needs for manufacturing while maintaining educational integrity. Once developed, this center will provide industry driven skill training for high tech jobs, will offer a series of activities to attract students into manufacturing programs, and will give those who wish to pursue a baccalaureate degree a seamless path to a four-year institution.</AbstractNarration>
    <MinAmdLetterDate>07/09/2001</MinAmdLetterDate>
    <MaxAmdLetterDate>07/09/2001</MaxAmdLetterDate>
    <ARRAAmount/>
    <AwardID>0101681</AwardID>
    <Investigator>
      <FirstName>Sema</FirstName>
      <LastName>Alptekin</LastName>
      <EmailAddress>salpteki@calpoly.edu</EmailAddress>
      <StartDate>07/09/2001</StartDate>
      <EndDate/>
      <RoleCode>Principal Investigator</RoleCode>
    </Investigator>
    <Investigator>
      <FirstName>Eric</FirstName>
      <LastName>Melsheimer</LastName>
      <EmailAddress>emelsheimer@melfredborzall.com</EmailAddress>
      <StartDate>07/09/2001</StartDate>
      <EndDate/>
      <RoleCode>Co-Principal Investigator</RoleCode>
    </Investigator>
    <Investigator>
      <FirstName>Tim</FirstName>
      <LastName>Hallett</LastName>
      <EmailAddress>thallett@luciamar.k12.ca.us</EmailAddress>
      <StartDate>07/09/2001</StartDate>
      <EndDate/>
      <RoleCode>Co-Principal Investigator</RoleCode>
    </Investigator>
    <Investigator>
      <FirstName>Dwight</FirstName>
      <LastName>Panter</LastName>
      <EmailAddress>dpanter@bass.cuesta.cc.ca.us</EmailAddress>
      <StartDate>07/09/2001</StartDate>
      <EndDate/>
      <RoleCode>Co-Principal Investigator</RoleCode>
    </Investigator>
    <Investigator>
      <FirstName>Rayvell</FirstName>
      <LastName>Snowden</LastName>
      <EmailAddress>rsnowden@sbceo.org</EmailAddress>
      <StartDate>07/09/2001</StartDate>
      <EndDate/>
      <RoleCode>Co-Principal Investigator</RoleCode>
    </Investigator>
    <Institution>
      <Name>California Polytechnic State University Foundation</Name>
      <CityName>San Luis Obispo</CityName>
      <ZipCode>934070830</ZipCode>
      <PhoneNumber>8057562982</PhoneNumber>
      <StreetAddress>One Grand Ave</StreetAddress>
      <CountryName>United States</CountryName>
      <StateName>California</StateName>
      <StateCode>CA</StateCode>
    </Institution>
    <FoaInformation>
      <Code>0000099</Code>
      <Name>Other Applications NEC</Name>
    </FoaInformation>
  </Award>
</rootTag>
