<?xml version="1.0" encoding="UTF-8"?>

<rootTag>
  <Award>
    <AwardTitle>CISE Research Infrastructure: CISE Pervasive Computing: Applications and Systems</AwardTitle>
    <AwardEffectiveDate>09/15/2001</AwardEffectiveDate>
    <AwardExpirationDate>08/31/2007</AwardExpirationDate>
    <AwardAmount>1710288</AwardAmount>
    <AwardInstrument>
      <Value>Continuing grant</Value>
    </AwardInstrument>
    <Organization>
      <Code>05050000</Code>
      <Directorate>
        <LongName>Direct For Computer &amp; Info Scie &amp; Enginr</LongName>
      </Directorate>
      <Division>
        <LongName>Division Of Computer and Network Systems</LongName>
      </Division>
    </Organization>
    <ProgramOfficer>
      <SignBlockName>Joseph Urban</SignBlockName>
    </ProgramOfficer>
    <AbstractNarration>EIA-0101247&lt;br/&gt;David P. Dobkin&lt;br/&gt;Princeton University&lt;br/&gt;&lt;br/&gt;CISE Research Infrastructure: CISE Pervasive Computing: Applications and Systems&lt;br/&gt;&lt;br/&gt;We are entering a new era in computing, the era of ubiquitous computing. In this world, our classrooms, labs, offices, and homes will be filled with a diverse collection of sensor, display and computing devices. Ubiquitous and pervasive displays will revolutionize the way we use computers.&lt;br/&gt;&lt;br/&gt;In such an environment, the conventional view of the network as providing bit-pipes between clients and servers will no longer be appropriate. Many of the devices available in the environment will have limited computational capabilities and be connected by limited-capacity networks. So, we need an intelligent network that will be implemented by a collection of servers and programmable routers that overlay the physical network substrate.&lt;br/&gt;&lt;br/&gt;The award is to build a research infrastructure consisting of three components. At the "edge" of the system, will be a variety of display technologies and sensors. At the "core'' of the system, will be an intelligent network using commodity PCs and emerging network processors. Underlying everything will be commodity wired and wireless&lt;br/&gt;networks to provide connectivity among the edge devices and nodes in the intelligent network. This network will augment the CS Department's current network, which already includes both wired and wireless components.</AbstractNarration>
    <MinAmdLetterDate>09/17/2001</MinAmdLetterDate>
    <MaxAmdLetterDate>05/29/2005</MaxAmdLetterDate>
    <ARRAAmount/>
    <AwardID>0101247</AwardID>
    <Investigator>
      <FirstName>David</FirstName>
      <LastName>Dobkin</LastName>
      <EmailAddress>dpd@cs.princeton.edu</EmailAddress>
      <StartDate>09/17/2001</StartDate>
      <EndDate/>
      <RoleCode>Co-Principal Investigator</RoleCode>
    </Investigator>
    <Investigator>
      <FirstName>Larry</FirstName>
      <LastName>Peterson</LastName>
      <EmailAddress>pete.larry@gmail.com</EmailAddress>
      <StartDate>09/17/2001</StartDate>
      <EndDate/>
      <RoleCode>Principal Investigator</RoleCode>
    </Investigator>
    <Investigator>
      <FirstName>Kai</FirstName>
      <LastName>Li</LastName>
      <EmailAddress>li@cs.princeton.edu</EmailAddress>
      <StartDate>09/17/2001</StartDate>
      <EndDate/>
      <RoleCode>Co-Principal Investigator</RoleCode>
    </Investigator>
    <Investigator>
      <FirstName>Edward</FirstName>
      <LastName>Felten</LastName>
      <EmailAddress>felten@cs.princeton.edu</EmailAddress>
      <StartDate>09/17/2001</StartDate>
      <EndDate/>
      <RoleCode>Co-Principal Investigator</RoleCode>
    </Investigator>
    <Investigator>
      <FirstName>Margaret</FirstName>
      <LastName>Martonosi</LastName>
      <EmailAddress>martonosi@princeton.edu</EmailAddress>
      <StartDate>09/17/2001</StartDate>
      <EndDate/>
      <RoleCode>Co-Principal Investigator</RoleCode>
    </Investigator>
    <Institution>
      <Name>Princeton University</Name>
      <CityName>Princeton</CityName>
      <ZipCode>085442020</ZipCode>
      <PhoneNumber>6092583090</PhoneNumber>
      <StreetAddress>Off. of Research &amp; Proj. Admin.</StreetAddress>
      <CountryName>United States</CountryName>
      <StateName>New Jersey</StateName>
      <StateCode>NJ</StateCode>
    </Institution>
    <FoaInformation>
      <Code>0000099</Code>
      <Name>Other Applications NEC</Name>
    </FoaInformation>
    <ProgramElement>
      <Code>2885</Code>
      <Text>CISE RESEARCH INFRASTRUCTURE</Text>
    </ProgramElement>
    <ProgramReference>
      <Code>1088</Code>
      <Text>CISE RESEARCH INFRASTRUCTURE</Text>
    </ProgramReference>
    <ProgramReference>
      <Code>9218</Code>
      <Text>BASIC RESEARCH &amp; HUMAN RESORCS</Text>
    </ProgramReference>
    <ProgramReference>
      <Code>HPCC</Code>
      <Text>HIGH PERFORMANCE COMPUTING &amp; COMM</Text>
    </ProgramReference>
  </Award>
</rootTag>
