<?xml version="1.0" encoding="UTF-8"?>

<rootTag>
  <Award>
    <AwardTitle>Workshop on Mathematical Aspects of Orbifold String Theory</AwardTitle>
    <AwardEffectiveDate>04/01/2001</AwardEffectiveDate>
    <AwardExpirationDate>03/31/2002</AwardExpirationDate>
    <AwardAmount>10000</AwardAmount>
    <AwardInstrument>
      <Value>Standard Grant</Value>
    </AwardInstrument>
    <Organization>
      <Code>03040200</Code>
      <Directorate>
        <LongName>Direct For Mathematical &amp; Physical Scien</LongName>
      </Directorate>
      <Division>
        <LongName>Division Of Mathematical Sciences</LongName>
      </Division>
    </Organization>
    <ProgramOfficer>
      <SignBlockName>Benjamin M. Mann</SignBlockName>
    </ProgramOfficer>
    <AbstractNarration>DMS-0101066&lt;br/&gt;Alejandro Adem&lt;br/&gt;&lt;br/&gt;&lt;br/&gt;This award provides partial support for participants to attend &lt;br/&gt;a Workshop on Mathematical Aspects of Orbifold String Theory &lt;br/&gt;to be held at the University of Wisconsin-Madison, &lt;br/&gt;May 4 through May 7, 2001. The workshop will bring together &lt;br/&gt;groups of mathematicians and physicists to identify and outline &lt;br/&gt;emerging problems associated with diverse mathematical developments &lt;br/&gt;arising in orbifold string theory. In particular this event will foster interdisciplinary research involving mathematical physics, algebraic geometry, differential geometry, algebraic topology and representation theory. Recent Ph.D.'s and graduate students are especially encouraged to attend and apply for support. Further information, including invited speakers, schedule of talks, housing information and a registration form is available at &lt;br/&gt;http://www.math.wisc.edu/~conklin/ost</AbstractNarration>
    <MinAmdLetterDate>02/26/2001</MinAmdLetterDate>
    <MaxAmdLetterDate>02/26/2001</MaxAmdLetterDate>
    <ARRAAmount/>
    <AwardID>0101066</AwardID>
    <Investigator>
      <FirstName>Alejandro</FirstName>
      <LastName>Adem</LastName>
      <EmailAddress>adem@math.wisc.edu</EmailAddress>
      <StartDate>02/26/2001</StartDate>
      <EndDate/>
      <RoleCode>Principal Investigator</RoleCode>
    </Investigator>
    <Institution>
      <Name>University of Wisconsin-Madison</Name>
      <CityName>MADISON</CityName>
      <ZipCode>537151218</ZipCode>
      <PhoneNumber>6082623822</PhoneNumber>
      <StreetAddress>21 North Park Street</StreetAddress>
      <CountryName>United States</CountryName>
      <StateName>Wisconsin</StateName>
      <StateCode>WI</StateCode>
    </Institution>
    <FoaInformation>
      <Code>0000099</Code>
      <Name>Other Applications NEC</Name>
    </FoaInformation>
  </Award>
</rootTag>
