<?xml version="1.0" encoding="UTF-8"?>

<rootTag>
  <Award>
    <AwardTitle>Discrete Groups, Expanding Graphs and Pro-P Methods</AwardTitle>
    <AwardEffectiveDate>07/01/2001</AwardEffectiveDate>
    <AwardExpirationDate>06/30/2004</AwardExpirationDate>
    <AwardAmount>90000</AwardAmount>
    <AwardInstrument>
      <Value>Continuing grant</Value>
    </AwardInstrument>
    <Organization>
      <Code>03040200</Code>
      <Directorate>
        <LongName>Direct For Mathematical &amp; Physical Scien</LongName>
      </Directorate>
      <Division>
        <LongName>Division Of Mathematical Sciences</LongName>
      </Division>
    </Organization>
    <ProgramOfficer>
      <SignBlockName>Andrew D. Pollington</SignBlockName>
    </ProgramOfficer>
    <AbstractNarration>The project looks at several seemingly unrelated problems from a &lt;br/&gt;unified perspective. It deals with questions of expansion of Cayley &lt;br/&gt;graphs of finite groups, eigenvalues of Riemannian manifolds and &lt;br/&gt;pro-p groups. Somewhat unexpectedly, methods and results from one &lt;br/&gt;field shed a new light on the other areas.&lt;br/&gt;&lt;br/&gt; The work is promising to be very interdisciplinary and should &lt;br/&gt;have, if successful, a serious impact on several mathematical fields, &lt;br/&gt;pure and applied. On the pure side, it is expected to have a &lt;br/&gt;completely new approach toward the Thurston conjecture on three-&lt;br/&gt;dimensional manifolds. On the applied side, it will bring a better &lt;br/&gt;understanding of expanding graphs, graphs which serve as basic &lt;br/&gt;building blocks for various communication networks.</AbstractNarration>
    <MinAmdLetterDate>07/10/2001</MinAmdLetterDate>
    <MaxAmdLetterDate>07/30/2003</MaxAmdLetterDate>
    <ARRAAmount/>
    <AwardID>0101174</AwardID>
    <Investigator>
      <FirstName>Efim</FirstName>
      <LastName>Zelmanov</LastName>
      <EmailAddress>ezelmano@math.ucsd.edu</EmailAddress>
      <StartDate>07/10/2001</StartDate>
      <EndDate>07/30/2003</EndDate>
      <RoleCode>Former Principal Investigator</RoleCode>
    </Investigator>
    <Investigator>
      <FirstName>Alexander</FirstName>
      <LastName>Lubotzky</LastName>
      <EmailAddress>alexander.lubotzky@yale.edu</EmailAddress>
      <StartDate>07/10/2001</StartDate>
      <EndDate/>
      <RoleCode>Principal Investigator</RoleCode>
    </Investigator>
    <Institution>
      <Name>Yale University</Name>
      <CityName>New Haven</CityName>
      <ZipCode>065208327</ZipCode>
      <PhoneNumber>2037854689</PhoneNumber>
      <StreetAddress>Office of Sponsored Projects</StreetAddress>
      <CountryName>United States</CountryName>
      <StateName>Connecticut</StateName>
      <StateCode>CT</StateCode>
    </Institution>
    <FoaInformation>
      <Code>0000099</Code>
      <Name>Other Applications NEC</Name>
    </FoaInformation>
  </Award>
</rootTag>
