<?xml version="1.0" encoding="UTF-8"?>

<rootTag>
  <Award>
    <AwardTitle>Planning Project for Regional Manufacturing Education Center</AwardTitle>
    <AwardEffectiveDate>04/15/2001</AwardEffectiveDate>
    <AwardExpirationDate>03/31/2002</AwardExpirationDate>
    <AwardAmount>49436</AwardAmount>
    <AwardInstrument>
      <Value>Standard Grant</Value>
    </AwardInstrument>
    <Organization>
      <Code>11040100</Code>
      <Directorate>
        <LongName>Direct For Education and Human Resources</LongName>
      </Directorate>
      <Division>
        <LongName>Division Of Undergraduate Education</LongName>
      </Division>
    </Organization>
    <ProgramOfficer>
      <SignBlockName>Elizabeth Teles</SignBlockName>
    </ProgramOfficer>
    <AbstractNarration>CAMP Inc., in partnership with the College of Education and the Advanced Manufacturing Center at Cleveland State University, Cuyahoga Community College, Lorain Community College, and Lakeland Community College is developing a plan for establishing a Regional Center for Manufacturing Education. Building on the strengths of existing programs and relationships, the project is conducting a series of activities aimed at developing new training and education programs and curricula that incorporate the use of information technology&lt;br/&gt;in modern manufacturing processes. &lt;br/&gt;&lt;br/&gt;As information technology (IT) has become critical to the quality and means of production, there is a growing demand for manufacturing workers with a thorough knowledge of IT .The introduction onto the factory floor of networked computers has dramatically changed the world of manufacturing. IT is a major factor in production control systems that may be monitored from remote stations; IT is at the heart of product tracking, monitoring quality control, ergonomic feedback systems, and in getting the final product to the customer on time. The proliferation of computers and the impact of IT in the factory demands rethinking the preparation of SMET educators and future technicians. &lt;br/&gt;&lt;br/&gt;In the planning process, the partners are:&lt;br/&gt;1. Evaluating existing IT curriculum and manufacturing technology curriculum to determine where linkages need to be created;&lt;br/&gt;2. Identifying courses that would be ideal for delivery in an on-line or distance learning environment; and&lt;br/&gt;3. Brainstorming teacher and faculty projects to test and evaluate new curricula.</AbstractNarration>
    <MinAmdLetterDate>03/19/2001</MinAmdLetterDate>
    <MaxAmdLetterDate>03/19/2001</MaxAmdLetterDate>
    <ARRAAmount/>
    <AwardID>0101660</AwardID>
    <Investigator>
      <FirstName>Ronald</FirstName>
      <LastName>Abate</LastName>
      <EmailAddress>r.abate@csuohio.edu</EmailAddress>
      <StartDate>03/19/2001</StartDate>
      <EndDate/>
      <RoleCode>Co-Principal Investigator</RoleCode>
    </Investigator>
    <Investigator>
      <FirstName>Phillip</FirstName>
      <LastName>Sanger</LastName>
      <EmailAddress>sanger@email.wcu.edu</EmailAddress>
      <StartDate>03/19/2001</StartDate>
      <EndDate/>
      <RoleCode>Co-Principal Investigator</RoleCode>
    </Investigator>
    <Investigator>
      <FirstName>Fatima</FirstName>
      <LastName>Weathers</LastName>
      <EmailAddress>fatima.weathers@camp.org</EmailAddress>
      <StartDate>03/19/2001</StartDate>
      <EndDate/>
      <RoleCode>Principal Investigator</RoleCode>
    </Investigator>
    <Investigator>
      <FirstName>Henry</FirstName>
      <LastName>Lewandowski</LastName>
      <EmailAddress>hlewando@lorainccc.edu</EmailAddress>
      <StartDate>03/19/2001</StartDate>
      <EndDate/>
      <RoleCode>Co-Principal Investigator</RoleCode>
    </Investigator>
    <Institution>
      <Name>Cleveland Advanced Manufacturing Program</Name>
      <CityName>Cleveland</CityName>
      <ZipCode>441034314</ZipCode>
      <PhoneNumber>2165318359</PhoneNumber>
      <StreetAddress>4600 Prospect Avenue</StreetAddress>
      <CountryName>United States</CountryName>
      <StateName>Ohio</StateName>
      <StateCode>OH</StateCode>
    </Institution>
    <FoaInformation>
      <Code>0000099</Code>
      <Name>Other Applications NEC</Name>
    </FoaInformation>
    <ProgramElement>
      <Code>7412</Code>
      <Text>ADVANCED TECH EDUCATION PROG</Text>
    </ProgramElement>
    <ProgramReference>
      <Code>1032</Code>
      <Text>ADVANCED TECHNOLOGY EDUCATION</Text>
    </ProgramReference>
    <ProgramReference>
      <Code>9178</Code>
      <Text>UNDERGRADUATE EDUCATION</Text>
    </ProgramReference>
    <ProgramReference>
      <Code>SMET</Code>
      <Text>SCIENCE, MATH, ENG &amp; TECH EDUCATION</Text>
    </ProgramReference>
  </Award>
</rootTag>
