<?xml version="1.0" encoding="UTF-8"?>

<rootTag>
  <Award>
    <AwardTitle>Cavity-Enhanced Superradiant Phenomena in Optically Trapped Atomic Ytterbium</AwardTitle>
    <AwardEffectiveDate>08/01/2001</AwardEffectiveDate>
    <AwardExpirationDate>07/31/2003</AwardExpirationDate>
    <AwardAmount>144061</AwardAmount>
    <AwardInstrument>
      <Value>Continuing grant</Value>
    </AwardInstrument>
    <Organization>
      <Code>03010100</Code>
      <Directorate>
        <LongName>Direct For Mathematical &amp; Physical Scien</LongName>
      </Directorate>
      <Division>
        <LongName>Division Of Physics</LongName>
      </Division>
    </Organization>
    <ProgramOfficer>
      <SignBlockName>Charles W. S. Conover</SignBlockName>
    </ProgramOfficer>
    <AbstractNarration>This project focuses on a study of strong optical superradiance that utilizes cold ytterbium atoms contained within a magneto-optical trap and a short-memory-time optical cavity. Strong superradiance comprises the regime of radiative decay where correlations within a material sample lead to radiative energy damping on time scales substantially different from the natural lifetime of the constituent quantum systems. The use of the short-memory-time cavity accelerates the time scale on which superradiance occurs within a specific atomic sample while leaving the system dynamics otherwise unchanged. As a result, strong superradiance can be observed in optically thin atomic samples and therefore in the absence of intra-sample field propagation effects. The use of cavity acceleration and essentially non-dephasing atomic ytterbium provides the first experimental opportunity to demonstrate and investigate strong superradiance under conditions similar to those assumed in original descriptions.</AbstractNarration>
    <MinAmdLetterDate>08/13/2001</MinAmdLetterDate>
    <MaxAmdLetterDate>09/26/2002</MaxAmdLetterDate>
    <ARRAAmount/>
    <AwardID>0101216</AwardID>
    <Investigator>
      <FirstName>Thomas</FirstName>
      <LastName>Mossberg</LastName>
      <EmailAddress>twmoss@lightsmyth.com</EmailAddress>
      <StartDate>08/13/2001</StartDate>
      <EndDate/>
      <RoleCode>Principal Investigator</RoleCode>
    </Investigator>
    <Institution>
      <Name>University of Oregon Eugene</Name>
      <CityName>Eugene</CityName>
      <ZipCode>974035219</ZipCode>
      <PhoneNumber>5413465131</PhoneNumber>
      <StreetAddress>5219 UNIVERSITY OF OREGON</StreetAddress>
      <CountryName>United States</CountryName>
      <StateName>Oregon</StateName>
      <StateCode>OR</StateCode>
    </Institution>
    <FoaInformation>
      <Code>0000099</Code>
      <Name>Other Applications NEC</Name>
    </FoaInformation>
    <ProgramElement>
      <Code>1290</Code>
      <Text>OPTICAL PHYSICS</Text>
    </ProgramElement>
    <ProgramReference>
      <Code>0000</Code>
      <Text>UNASSIGNED</Text>
    </ProgramReference>
    <ProgramReference>
      <Code>OTHR</Code>
      <Text>OTHER RESEARCH OR EDUCATION</Text>
    </ProgramReference>
  </Award>
</rootTag>
