<?xml version="1.0" encoding="UTF-8"?>

<rootTag>
  <Award>
    <AwardTitle>LaGuardia New Media Technologies Curriculum and Professional Development Adaptation and Implementation Project</AwardTitle>
    <AwardEffectiveDate>09/01/2001</AwardEffectiveDate>
    <AwardExpirationDate>06/30/2006</AwardExpirationDate>
    <AwardAmount>599805</AwardAmount>
    <AwardInstrument>
      <Value>Continuing grant</Value>
    </AwardInstrument>
    <Organization>
      <Code>11040100</Code>
      <Directorate>
        <LongName>Direct For Education and Human Resources</LongName>
      </Directorate>
      <Division>
        <LongName>Division Of Undergraduate Education</LongName>
      </Division>
    </Organization>
    <ProgramOfficer>
      <SignBlockName>Michael Haney</SignBlockName>
    </ProgramOfficer>
    <AbstractNarration>LaGuardia Community College is establishing the Institute for New Media and Applied Technologies in collaboration with new media industries, colleges, high schools, and community leaders. The goals are to bring IT education and skills training to the unique and underserved multi-ethnic residents and business population of Brooklyn and Queens. The project creates a comprehensive, interdisciplinary curriculum that emphasizes experimental learning and industry internships for students and faculty and leads to an A.A.S. degree in New Media. A total of 200 students will be enrolled and no less than 15 faculty members will be trained and participate in externships. The project will also establish skill standards, based on those developed by ACM and the Northwest Center for Emerging Technologies. The project will collaborate with the New York New Media Association, Consolidated Edison of New York, Queens County Overall Economic Development Corporation, and other area businesses and community organizations to form an advisory board and set benchmarks. The Northwest Center for Emerging Technologies also serves as the project evaluator.</AbstractNarration>
    <MinAmdLetterDate>04/13/2001</MinAmdLetterDate>
    <MaxAmdLetterDate>06/27/2003</MaxAmdLetterDate>
    <ARRAAmount/>
    <AwardID>0101707</AwardID>
    <Investigator>
      <FirstName>Lawrence</FirstName>
      <LastName>Muller</LastName>
      <EmailAddress>LMuller@lagcc.cuny.edu</EmailAddress>
      <StartDate>04/13/2001</StartDate>
      <EndDate/>
      <RoleCode>Principal Investigator</RoleCode>
    </Investigator>
    <Institution>
      <Name>CUNY Laguardia Community College</Name>
      <CityName>Long Island City</CityName>
      <ZipCode>111013071</ZipCode>
      <PhoneNumber>7184825074</PhoneNumber>
      <StreetAddress>31-10 Thomson Avenue</StreetAddress>
      <CountryName>United States</CountryName>
      <StateName>New York</StateName>
      <StateCode>NY</StateCode>
    </Institution>
    <FoaInformation>
      <Code>0000099</Code>
      <Name>Other Applications NEC</Name>
    </FoaInformation>
    <ProgramElement>
      <Code>7412</Code>
      <Text>ADVANCED TECH EDUCATION PROG</Text>
    </ProgramElement>
    <ProgramReference>
      <Code>1032</Code>
      <Text>ADVANCED TECHNOLOGY EDUCATION</Text>
    </ProgramReference>
    <ProgramReference>
      <Code>9178</Code>
      <Text>UNDERGRADUATE EDUCATION</Text>
    </ProgramReference>
    <ProgramReference>
      <Code>SMET</Code>
      <Text>SCIENCE, MATH, ENG &amp; TECH EDUCATION</Text>
    </ProgramReference>
  </Award>
</rootTag>
