<?xml version="1.0" encoding="UTF-8"?>

<rootTag>
  <Award>
    <AwardTitle>Engineering Technology at a Distance: Information Systems Technology Articulation</AwardTitle>
    <AwardEffectiveDate>07/01/2001</AwardEffectiveDate>
    <AwardExpirationDate>06/30/2004</AwardExpirationDate>
    <AwardAmount>150000</AwardAmount>
    <AwardInstrument>
      <Value>Standard Grant</Value>
    </AwardInstrument>
    <Organization>
      <Code>11040100</Code>
      <Directorate>
        <LongName>Direct For Education and Human Resources</LongName>
      </Directorate>
      <Division>
        <LongName>Division Of Undergraduate Education</LongName>
      </Division>
    </Organization>
    <ProgramOfficer>
      <SignBlockName>Elizabeth Teles</SignBlockName>
    </ProgramOfficer>
    <AbstractNarration>This project is delivering a baccalaureate degree in Information Systems Technology (IST) to associate degree graduates at a distance within the state of Florida. This involves the collaboration of a university, community colleges, and industry. This partnership is developing, implementing, and evaluating a model distance education program that enables students to make a successful transition from an associate degree program to the IST degree Bachelor of Science. The IST option is becoming an integral part of the Engineering Technology at a Distance (ETD) program currently offered. Students from the community colleges may complete these degree programs without having to come to the University of Central Florida (UCF) campus. The initial target group of associate degree students is comprised of graduates of the Southeast Center for Networking and Information Technology Education at Daytona Beach Community College (DBCC) and Seminole Community College (SCC). Also included are Valencia Community College (VCC) students participating in their ATE funded Information Technology System and students at the College University Center at St. Petersburg Junior College. The Information Systems Technology Articulation project is giving these students the final plus 2 years for their bachelor's degree.&lt;br/&gt;&lt;br/&gt;The objectives of the project include developing Information Systems Technology courses for delivery at a distance and beginning to offer these courses in the 2001-2002 academic year to partners; ensuring that support services for distance learning are in place; and marketing the degree to community colleges and industries within Florida.</AbstractNarration>
    <MinAmdLetterDate>05/02/2001</MinAmdLetterDate>
    <MaxAmdLetterDate>05/02/2001</MaxAmdLetterDate>
    <ARRAAmount/>
    <AwardID>0101699</AwardID>
    <Investigator>
      <FirstName>Lucy</FirstName>
      <LastName>Morse</LastName>
      <EmailAddress>morse@mail.ucf.edu</EmailAddress>
      <StartDate>05/02/2001</StartDate>
      <EndDate/>
      <RoleCode>Principal Investigator</RoleCode>
    </Investigator>
    <Investigator>
      <FirstName>John</FirstName>
      <LastName>Selter</LastName>
      <EmailAddress>jselter@mail.ucf.edu</EmailAddress>
      <StartDate>05/02/2001</StartDate>
      <EndDate/>
      <RoleCode>Co-Principal Investigator</RoleCode>
    </Investigator>
    <Investigator>
      <FirstName>Bettye</FirstName>
      <LastName>Parham</LastName>
      <EmailAddress>parhamb@daytonastate.edu</EmailAddress>
      <StartDate>05/02/2001</StartDate>
      <EndDate/>
      <RoleCode>Co-Principal Investigator</RoleCode>
    </Investigator>
    <Investigator>
      <FirstName>Craig</FirstName>
      <LastName>Tidwell</LastName>
      <EmailAddress>tidwellc@mail.seminole.cc.fl.us</EmailAddress>
      <StartDate>05/02/2001</StartDate>
      <EndDate/>
      <RoleCode>Co-Principal Investigator</RoleCode>
    </Investigator>
    <Investigator>
      <FirstName>Bahman</FirstName>
      <LastName>Motlagh</LastName>
      <EmailAddress>bmotlagh@mail.ucf.edu</EmailAddress>
      <StartDate>05/02/2001</StartDate>
      <EndDate/>
      <RoleCode>Co-Principal Investigator</RoleCode>
    </Investigator>
    <Institution>
      <Name>University of Central Florida</Name>
      <CityName>ORLANDO</CityName>
      <ZipCode>328168005</ZipCode>
      <PhoneNumber>4078821168</PhoneNumber>
      <StreetAddress>4000 CNTRL FLORIDA BLVD</StreetAddress>
      <CountryName>United States</CountryName>
      <StateName>Florida</StateName>
      <StateCode>FL</StateCode>
    </Institution>
    <FoaInformation>
      <Code>0000099</Code>
      <Name>Other Applications NEC</Name>
    </FoaInformation>
    <ProgramElement>
      <Code>7412</Code>
      <Text>ADVANCED TECH EDUCATION PROG</Text>
    </ProgramElement>
    <ProgramReference>
      <Code>1032</Code>
      <Text>ADVANCED TECHNOLOGY EDUCATION</Text>
    </ProgramReference>
    <ProgramReference>
      <Code>9178</Code>
      <Text>UNDERGRADUATE EDUCATION</Text>
    </ProgramReference>
    <ProgramReference>
      <Code>SMET</Code>
      <Text>SCIENCE, MATH, ENG &amp; TECH EDUCATION</Text>
    </ProgramReference>
  </Award>
</rootTag>
