<?xml version="1.0" encoding="UTF-8"?>

<rootTag>
  <Award>
    <AwardTitle>Mixing State of Aerosols and Its Impact on Global/Urban Climate and Urban Ozone</AwardTitle>
    <AwardEffectiveDate>08/01/2001</AwardEffectiveDate>
    <AwardExpirationDate>07/31/2004</AwardExpirationDate>
    <AwardAmount>300000</AwardAmount>
    <AwardInstrument>
      <Value>Continuing grant</Value>
    </AwardInstrument>
    <Organization>
      <Code>06020104</Code>
      <Directorate>
        <LongName>Directorate For Geosciences</LongName>
      </Directorate>
      <Division>
        <LongName>Div Atmospheric &amp; Geospace Sciences</LongName>
      </Division>
    </Organization>
    <ProgramOfficer>
      <SignBlockName>Anne-Marie Schmoltner</SignBlockName>
    </ProgramOfficer>
    <AbstractNarration>The goal of this project will be to analyze the effect of the mixing state of aerosols on global and regional direct forcing and temperatures. This effort involves the development of global-scale baseline aerosol model simulations and comparison with actual observations and climatologies. The project will investigate the global- and regional-scale mixing state of aerosol-particles and the resulting direct radiative forcing and feedbacks of aerosol-particles to climate. Aerosols to be investigated include (a) fossil-fuel soot and organic matter, (b) biomass burning gases and particles, (c) sulfur dioxide and resulting sulfate.</AbstractNarration>
    <MinAmdLetterDate>08/28/2001</MinAmdLetterDate>
    <MaxAmdLetterDate>04/21/2003</MaxAmdLetterDate>
    <ARRAAmount/>
    <AwardID>0101596</AwardID>
    <Investigator>
      <FirstName>Mark</FirstName>
      <LastName>Jacobson</LastName>
      <EmailAddress>jacobson@stanford.edu</EmailAddress>
      <StartDate>08/28/2001</StartDate>
      <EndDate/>
      <RoleCode>Principal Investigator</RoleCode>
    </Investigator>
    <Institution>
      <Name>Stanford University</Name>
      <CityName>Palo Alto</CityName>
      <ZipCode>943041212</ZipCode>
      <PhoneNumber>6507232300</PhoneNumber>
      <StreetAddress>3160 Porter Drive</StreetAddress>
      <CountryName>United States</CountryName>
      <StateName>California</StateName>
      <StateCode>CA</StateCode>
    </Institution>
    <FoaInformation>
      <Code>0000099</Code>
      <Name>Other Applications NEC</Name>
    </FoaInformation>
  </Award>
</rootTag>
