<?xml version="1.0" encoding="UTF-8"?>

<rootTag>
  <Award>
    <AwardTitle>Research designs on underpinnings of systemic changes in regions serving impoverished, rural populations</AwardTitle>
    <AwardEffectiveDate>05/01/2001</AwardEffectiveDate>
    <AwardExpirationDate>07/31/2002</AwardExpirationDate>
    <AwardAmount>25000</AwardAmount>
    <AwardInstrument>
      <Value>Standard Grant</Value>
    </AwardInstrument>
    <Organization>
      <Code>11090000</Code>
      <Directorate>
        <LongName>Direct For Education and Human Resources</LongName>
      </Directorate>
      <Division>
        <LongName>Division Of Research On Learning</LongName>
      </Division>
    </Organization>
    <ProgramOfficer>
      <SignBlockName>James S. Dietz</SignBlockName>
    </ProgramOfficer>
    <AbstractNarration>The purpose of the proposed grant is to design and lay the necessary groundwork for major education research projects related to K-12 science and mathematics in the Delta resgion of Mississippi, Louisiana, and Arkansas. This project provides the advantage of working within the framework of an established major systemic reform initiative, The Delta Rural Systemic Inititiative. We will bring together an interdisciplinary cadre of national and regional researchers, resouce personnel and practitioners, all working in close collaborat8ion, to develop partnerships and research designs which will lead to major research initiatives focused on the underpinnings of systemic changes in regions serving impoverished, rural populations.</AbstractNarration>
    <MinAmdLetterDate>04/19/2001</MinAmdLetterDate>
    <MaxAmdLetterDate>04/19/2001</MaxAmdLetterDate>
    <ARRAAmount/>
    <AwardID>0101058</AwardID>
    <Investigator>
      <FirstName>Charles</FirstName>
      <LastName>Alexander</LastName>
      <EmailAddress>ccalex@sunset.backbone.olemiss.edu</EmailAddress>
      <StartDate>04/19/2001</StartDate>
      <EndDate/>
      <RoleCode>Principal Investigator</RoleCode>
    </Investigator>
    <Institution>
      <Name>University of Mississippi</Name>
      <CityName>UNIVERSITY</CityName>
      <ZipCode>386771848</ZipCode>
      <PhoneNumber>6629157482</PhoneNumber>
      <StreetAddress>100 BARR HALL</StreetAddress>
      <CountryName>United States</CountryName>
      <StateName>Mississippi</StateName>
      <StateCode>MS</StateCode>
    </Institution>
    <ProgramElement>
      <Code>1666</Code>
      <Text>RESEARCH ON LEARNING &amp; EDUCATI</Text>
    </ProgramElement>
    <ProgramReference>
      <Code>9177</Code>
      <Text>ELEMENTARY/SECONDARY EDUCATION</Text>
    </ProgramReference>
    <ProgramReference>
      <Code>9237</Code>
      <Text>SMALL GRANTS-EXPLORATORY RSRCH</Text>
    </ProgramReference>
    <ProgramReference>
      <Code>SMET</Code>
      <Text>SCIENCE, MATH, ENG &amp; TECH EDUCATION</Text>
    </ProgramReference>
  </Award>
</rootTag>
