<?xml version="1.0" encoding="UTF-8"?>

<rootTag>
  <Award>
    <AwardTitle>Planning Grant for a Regional Center for Information Technology Education</AwardTitle>
    <AwardEffectiveDate>04/15/2001</AwardEffectiveDate>
    <AwardExpirationDate>03/31/2002</AwardExpirationDate>
    <AwardAmount>47498</AwardAmount>
    <AwardInstrument>
      <Value>Standard Grant</Value>
    </AwardInstrument>
    <Organization>
      <Code>11040100</Code>
      <Directorate>
        <LongName>Direct For Education and Human Resources</LongName>
      </Directorate>
      <Division>
        <LongName>Division Of Undergraduate Education</LongName>
      </Division>
    </Organization>
    <ProgramOfficer>
      <SignBlockName>Ibrahim Halil Nisanci</SignBlockName>
    </ProgramOfficer>
    <AbstractNarration>This project brings together a planning team composed of stakeholders of the Tennessee Valley Region to develop a comprehensive and systematic plan for a regional center for information technology education. The center addresses the need to increase the region's capacity to produce and sustain an information technology workforce. Particular emphasis is placed on developing human resources capacity to enable further automation and sustain the region's major industries of manufacturing, finance, and health care. The planning process focuses on three areas: development of plans and processes to build a community of those with an interest in information technology education, development of a detailed plan for academic program reform and faculty development in information technology education in the region, and creation of a program that engages a large population of potential information technology workers. The planning team that manages the process has representatives from the major stakeholders in the region including community colleges, universities, a large metropolitan school system, and industry partners.</AbstractNarration>
    <MinAmdLetterDate>04/13/2001</MinAmdLetterDate>
    <MaxAmdLetterDate>04/13/2001</MaxAmdLetterDate>
    <ARRAAmount/>
    <AwardID>0101509</AwardID>
    <Investigator>
      <FirstName>Christopher</FirstName>
      <LastName>Beck</LastName>
      <EmailAddress>chris.beck@eds.com</EmailAddress>
      <StartDate>04/13/2001</StartDate>
      <EndDate/>
      <RoleCode>Co-Principal Investigator</RoleCode>
    </Investigator>
    <Investigator>
      <FirstName>Carol</FirstName>
      <LastName>McDaniel</LastName>
      <EmailAddress>cmcdaniel@transcender.com</EmailAddress>
      <StartDate>04/13/2001</StartDate>
      <EndDate/>
      <RoleCode>Co-Principal Investigator</RoleCode>
    </Investigator>
    <Investigator>
      <FirstName>Jeanette</FirstName>
      <LastName>Armstrong</LastName>
      <EmailAddress>jarmstrong@mnps.org</EmailAddress>
      <StartDate>04/13/2001</StartDate>
      <EndDate/>
      <RoleCode>Co-Principal Investigator</RoleCode>
    </Investigator>
    <Investigator>
      <FirstName>Cynthia</FirstName>
      <LastName>McLane</LastName>
      <EmailAddress>mclane_c@nsti.tec.tn.us</EmailAddress>
      <StartDate>04/13/2001</StartDate>
      <EndDate/>
      <RoleCode>Principal Investigator</RoleCode>
    </Investigator>
    <Investigator>
      <FirstName>Ted</FirstName>
      <LastName>Washington</LastName>
      <EmailAddress>ted.washington@nscc.edu</EmailAddress>
      <StartDate>04/13/2001</StartDate>
      <EndDate/>
      <RoleCode>Co-Principal Investigator</RoleCode>
    </Investigator>
    <Institution>
      <Name>Nashville State Community College</Name>
      <CityName>Nashville</CityName>
      <ZipCode>372094515</ZipCode>
      <PhoneNumber>6153533236</PhoneNumber>
      <StreetAddress>120 White Bridge Rd</StreetAddress>
      <CountryName>United States</CountryName>
      <StateName>Tennessee</StateName>
      <StateCode>TN</StateCode>
    </Institution>
    <FoaInformation>
      <Code>0000099</Code>
      <Name>Other Applications NEC</Name>
    </FoaInformation>
    <ProgramElement>
      <Code>7412</Code>
      <Text>ADVANCED TECH EDUCATION PROG</Text>
    </ProgramElement>
    <ProgramReference>
      <Code>1032</Code>
      <Text>ADVANCED TECHNOLOGY EDUCATION</Text>
    </ProgramReference>
    <ProgramReference>
      <Code>9178</Code>
      <Text>UNDERGRADUATE EDUCATION</Text>
    </ProgramReference>
    <ProgramReference>
      <Code>SMET</Code>
      <Text>SCIENCE, MATH, ENG &amp; TECH EDUCATION</Text>
    </ProgramReference>
  </Award>
</rootTag>
