<?xml version="1.0" encoding="UTF-8"?>

<rootTag>
  <Award>
    <AwardTitle>An Adaptive Model for Integrated Technical Education</AwardTitle>
    <AwardEffectiveDate>07/01/2001</AwardEffectiveDate>
    <AwardExpirationDate>06/30/2005</AwardExpirationDate>
    <AwardAmount>249995</AwardAmount>
    <AwardInstrument>
      <Value>Standard Grant</Value>
    </AwardInstrument>
    <Organization>
      <Code>11040100</Code>
      <Directorate>
        <LongName>Direct For Education and Human Resources</LongName>
      </Directorate>
      <Division>
        <LongName>Division Of Undergraduate Education</LongName>
      </Division>
    </Organization>
    <ProgramOfficer>
      <SignBlockName>Karen F. Zuga</SignBlockName>
    </ProgramOfficer>
    <AbstractNarration>This is a three-year project to adapt an integrated curriculum model, developed by the NSF-funded "Mecomtronics" program at the New Jersey Center for Advanced Technological Education (NJCATE), to develop an engineering technician curriculum. The four components of the project are Curriculum Development, Faculty Development, Student Outreach and Development, and Dissemination. The faculty development team at the College of Dupage has received mentoring in mecomtronics from the NJCATE. A Virtual Education Network is expected to facilitate rapid modification of modules and projects according to changing industry needs. Outreach includes workshops for 70 high school teachers, seminars for 60 college/university educators, and a high school summer camp for 20 students.</AbstractNarration>
    <MinAmdLetterDate>04/05/2001</MinAmdLetterDate>
    <MaxAmdLetterDate>09/20/2004</MaxAmdLetterDate>
    <ARRAAmount/>
    <AwardID>0101613</AwardID>
    <Investigator>
      <FirstName>Branislav</FirstName>
      <LastName>Rosul</LastName>
      <EmailAddress>rosulb@cod.edu</EmailAddress>
      <StartDate>04/05/2001</StartDate>
      <EndDate/>
      <RoleCode>Principal Investigator</RoleCode>
    </Investigator>
    <Institution>
      <Name>College of Du Page</Name>
      <CityName>Glen Ellyn</CityName>
      <ZipCode>601376708</ZipCode>
      <PhoneNumber>6309423020</PhoneNumber>
      <StreetAddress>425 Fawell Blvd.</StreetAddress>
      <CountryName>United States</CountryName>
      <StateName>Illinois</StateName>
      <StateCode>IL</StateCode>
    </Institution>
    <FoaInformation>
      <Code>0000099</Code>
      <Name>Other Applications NEC</Name>
    </FoaInformation>
    <ProgramElement>
      <Code>7412</Code>
      <Text>ADVANCED TECH EDUCATION PROG</Text>
    </ProgramElement>
    <ProgramReference>
      <Code>1032</Code>
      <Text>ADVANCED TECHNOLOGY EDUCATION</Text>
    </ProgramReference>
    <ProgramReference>
      <Code>9178</Code>
      <Text>UNDERGRADUATE EDUCATION</Text>
    </ProgramReference>
    <ProgramReference>
      <Code>SMET</Code>
      <Text>SCIENCE, MATH, ENG &amp; TECH EDUCATION</Text>
    </ProgramReference>
  </Award>
</rootTag>
