<?xml version="1.0" encoding="UTF-8"?>

<rootTag>
  <Award>
    <AwardTitle>The Context for Developing Leadership for Mathematics and Science Education</AwardTitle>
    <AwardEffectiveDate>02/01/2001</AwardEffectiveDate>
    <AwardExpirationDate>07/31/2003</AwardExpirationDate>
    <AwardAmount>546418</AwardAmount>
    <AwardInstrument>
      <Value>Standard Grant</Value>
    </AwardInstrument>
    <Organization>
      <Code>11090000</Code>
      <Directorate>
        <LongName>Direct For Education and Human Resources</LongName>
      </Directorate>
      <Division>
        <LongName>Division Of Research On Learning</LongName>
      </Division>
    </Organization>
    <ProgramOfficer>
      <SignBlockName>Janice M. Earle</SignBlockName>
    </ProgramOfficer>
    <AbstractNarration>This project proposes to conduct a study that investigates various aspects of leadership development in mathematics and science education while addressing four questions:&lt;br/&gt;&lt;br/&gt;1. What are the characteristics of current leaders in science and mathematics education in crucial arenas of educational activity?&lt;br/&gt;2. What educational and professional experiences led them to their leadership positions?&lt;br/&gt;3. What do these leaders see as the desired future directions for mathematics and science education?&lt;br/&gt;4. From where will the next generation of leaders come?&lt;br/&gt;&lt;br/&gt;In order to address these questions, the project will: 1) interview a systematic sample of mathematics and science education leaders in crucial areas; 2) review their curriculum vitae and products of their professional work; 3) analyze existing national databases that provide information about this leadership community; 4) review literature that expands understanding of leadership in the context of education; and 5) study program documents from leading programs of preparation of mathematics and science education leaders.</AbstractNarration>
    <MinAmdLetterDate>02/09/2001</MinAmdLetterDate>
    <MaxAmdLetterDate>11/09/2001</MaxAmdLetterDate>
    <ARRAAmount/>
    <AwardID>0101110</AwardID>
    <Investigator>
      <FirstName>James</FirstName>
      <LastName>Gallagher</LastName>
      <EmailAddress>Gallaghr@msu.edu</EmailAddress>
      <StartDate>02/09/2001</StartDate>
      <EndDate/>
      <RoleCode>Principal Investigator</RoleCode>
    </Investigator>
    <Investigator>
      <FirstName>Robert</FirstName>
      <LastName>Floden</LastName>
      <EmailAddress>floden@msu.edu</EmailAddress>
      <StartDate>02/09/2001</StartDate>
      <EndDate/>
      <RoleCode>Co-Principal Investigator</RoleCode>
    </Investigator>
    <Investigator>
      <FirstName>Joan</FirstName>
      <LastName>Ferrini-Mundy</LastName>
      <EmailAddress>jferrini@msu.edu</EmailAddress>
      <StartDate>02/09/2001</StartDate>
      <EndDate/>
      <RoleCode>Co-Principal Investigator</RoleCode>
    </Investigator>
    <Institution>
      <Name>Michigan State University</Name>
      <CityName>East Lansing</CityName>
      <ZipCode>488242600</ZipCode>
      <PhoneNumber>5173555040</PhoneNumber>
      <StreetAddress>Office of Sponsored Programs</StreetAddress>
      <CountryName>United States</CountryName>
      <StateName>Michigan</StateName>
      <StateCode>MI</StateCode>
    </Institution>
    <FoaInformation>
      <Code>0000099</Code>
      <Name>Other Applications NEC</Name>
    </FoaInformation>
    <ProgramElement>
      <Code>7181</Code>
      <Text>CENTERS FOR LEARNING &amp; TEACHIN</Text>
    </ProgramElement>
    <ProgramReference>
      <Code>9177</Code>
      <Text>ELEMENTARY/SECONDARY EDUCATION</Text>
    </ProgramReference>
    <ProgramReference>
      <Code>SMET</Code>
      <Text>SCIENCE, MATH, ENG &amp; TECH EDUCATION</Text>
    </ProgramReference>
  </Award>
</rootTag>
