<?xml version="1.0" encoding="UTF-8"?>

<rootTag>
  <Award>
    <AwardTitle>Project TEACH II -- Teacher Education Alliance of Colleges and High Schools to Instruct and Inspire</AwardTitle>
    <AwardEffectiveDate>04/01/2001</AwardEffectiveDate>
    <AwardExpirationDate>03/31/2005</AwardExpirationDate>
    <AwardAmount>306960</AwardAmount>
    <AwardInstrument>
      <Value>Standard Grant</Value>
    </AwardInstrument>
    <Organization>
      <Code>11040100</Code>
      <Directorate>
        <LongName>Direct For Education and Human Resources</LongName>
      </Directorate>
      <Division>
        <LongName>Division Of Undergraduate Education</LongName>
      </Division>
    </Organization>
    <ProgramOfficer>
      <SignBlockName>Joan T Prival</SignBlockName>
    </ProgramOfficer>
    <AbstractNarration>This is a project to build upon an earlier NSF funded program Project TEACH I that focused on pre-service education. It is a collaborative effort of the Green River Community College, Central Washington University, and six school districts in the Green River area. This project is expanding those efforts to include in-service training for current and future teachers, creating a communications center for coordinating teacher training efforts, and increasing the recruitment of talented future teachers. Project Teach II is strengthening the existing pre-service teacher training and recruitment programs by implementing research-proven activities that integrate pre-service and in-service training. It also strengthens the interplay of education and industry by providing a forum for local businesses to participate in teacher training.</AbstractNarration>
    <MinAmdLetterDate>03/14/2001</MinAmdLetterDate>
    <MaxAmdLetterDate>03/14/2001</MaxAmdLetterDate>
    <ARRAAmount/>
    <AwardID>0101489</AwardID>
    <Investigator>
      <FirstName>Bruce</FirstName>
      <LastName>Palmquist</LastName>
      <EmailAddress>palmquis@cwu.edu</EmailAddress>
      <StartDate>03/14/2001</StartDate>
      <EndDate/>
      <RoleCode>Co-Principal Investigator</RoleCode>
    </Investigator>
    <Investigator>
      <FirstName>Keith</FirstName>
      <LastName>Clay</LastName>
      <EmailAddress>kclay@grcc.ctc.edu</EmailAddress>
      <StartDate>03/14/2001</StartDate>
      <EndDate/>
      <RoleCode>Principal Investigator</RoleCode>
    </Investigator>
    <Investigator>
      <FirstName>Stephan</FirstName>
      <LastName>Kinholt</LastName>
      <EmailAddress>skinholt@greenriver.edu</EmailAddress>
      <StartDate>03/14/2001</StartDate>
      <EndDate/>
      <RoleCode>Co-Principal Investigator</RoleCode>
    </Investigator>
    <Investigator>
      <FirstName>Dennis</FirstName>
      <LastName>Kip Herren</LastName>
      <EmailAddress>kherren@mx.auburn.wednet.edu</EmailAddress>
      <StartDate>03/14/2001</StartDate>
      <EndDate/>
      <RoleCode>Co-Principal Investigator</RoleCode>
    </Investigator>
    <Investigator>
      <FirstName>SAM</FirstName>
      <LastName>BALL</LastName>
      <EmailAddress>sball@grcc.ctc.edu</EmailAddress>
      <StartDate>03/14/2001</StartDate>
      <EndDate/>
      <RoleCode>Co-Principal Investigator</RoleCode>
    </Investigator>
    <Institution>
      <Name>Green River Community College</Name>
      <CityName>Auburn</CityName>
      <ZipCode>980923622</ZipCode>
      <PhoneNumber>2538339111</PhoneNumber>
      <StreetAddress>12401 SE 320th St.</StreetAddress>
      <CountryName>United States</CountryName>
      <StateName>Washington</StateName>
      <StateCode>WA</StateCode>
    </Institution>
    <FoaInformation>
      <Code>0000099</Code>
      <Name>Other Applications NEC</Name>
    </FoaInformation>
    <ProgramElement>
      <Code>7412</Code>
      <Text>ADVANCED TECH EDUCATION PROG</Text>
    </ProgramElement>
    <ProgramReference>
      <Code>1032</Code>
      <Text>ADVANCED TECHNOLOGY EDUCATION</Text>
    </ProgramReference>
    <ProgramReference>
      <Code>9178</Code>
      <Text>UNDERGRADUATE EDUCATION</Text>
    </ProgramReference>
    <ProgramReference>
      <Code>SMET</Code>
      <Text>SCIENCE, MATH, ENG &amp; TECH EDUCATION</Text>
    </ProgramReference>
  </Award>
</rootTag>
