<?xml version="1.0" encoding="UTF-8"?>

<rootTag>
  <Award>
    <AwardTitle>An Inquiry-Based Marine Technology Project for Students Across Institutions</AwardTitle>
    <AwardEffectiveDate>05/15/2001</AwardEffectiveDate>
    <AwardExpirationDate>06/30/2003</AwardExpirationDate>
    <AwardAmount>70587</AwardAmount>
    <AwardInstrument>
      <Value>Standard Grant</Value>
    </AwardInstrument>
    <Organization>
      <Code>11040100</Code>
      <Directorate>
        <LongName>Direct For Education and Human Resources</LongName>
      </Directorate>
      <Division>
        <LongName>Division Of Undergraduate Education</LongName>
      </Division>
    </Organization>
    <ProgramOfficer>
      <SignBlockName>Jill K. Singer</SignBlockName>
    </ProgramOfficer>
    <AbstractNarration>This project is presenting a team of community college students, four-year college students, and technical high school students with a real marine engineering problem to be solved over the course of a one-semester elective laboratory engineering course. The four-year college students are acting at the project engineers; the community college students are acting as a commercial laboratory testing facility; and the high school students are the engineering technicians. The project being presented to the students involves the development of an underwater marking applicator which can be operated by the grappling arm of the submersible vessel ALVIN. When this vessel is on an undersea geophysics mission, there is a need for making markings or attaching tags to rocks of geophysical interest. Participation in a technical project of this nature is providing the students with experiences that enhance their technical knowledge and abilities. Institutions involved in this project are Upper Cape Cod Regional Technical High School, Bristol Community College, and the Massachusetts Maritime Academy in partnership with the Woods Hole Oceanographic Institution.</AbstractNarration>
    <MinAmdLetterDate>05/03/2001</MinAmdLetterDate>
    <MaxAmdLetterDate>11/22/2002</MaxAmdLetterDate>
    <ARRAAmount/>
    <AwardID>0101632</AwardID>
    <Investigator>
      <FirstName>Maurice</FirstName>
      <LastName>Tivey</LastName>
      <EmailAddress>mtivey@whoi.edu</EmailAddress>
      <StartDate>05/03/2001</StartDate>
      <EndDate/>
      <RoleCode>Principal Investigator</RoleCode>
    </Investigator>
    <Investigator>
      <FirstName>Enid</FirstName>
      <LastName>Sichel</LastName>
      <EmailAddress>esichel@cape.com</EmailAddress>
      <StartDate>05/03/2001</StartDate>
      <EndDate/>
      <RoleCode>Co-Principal Investigator</RoleCode>
    </Investigator>
    <Institution>
      <Name>Woods Hole Oceanographic Institution</Name>
      <CityName>WOODS HOLE</CityName>
      <ZipCode>025431041</ZipCode>
      <PhoneNumber>5082893542</PhoneNumber>
      <StreetAddress>183 OYSTER POND ROAD</StreetAddress>
      <CountryName>United States</CountryName>
      <StateName>Massachusetts</StateName>
      <StateCode>MA</StateCode>
    </Institution>
    <FoaInformation>
      <Code>0000099</Code>
      <Name>Other Applications NEC</Name>
    </FoaInformation>
    <ProgramElement>
      <Code>7412</Code>
      <Text>ADVANCED TECH EDUCATION PROG</Text>
    </ProgramElement>
    <ProgramReference>
      <Code>1032</Code>
      <Text>ADVANCED TECHNOLOGY EDUCATION</Text>
    </ProgramReference>
    <ProgramReference>
      <Code>9178</Code>
      <Text>UNDERGRADUATE EDUCATION</Text>
    </ProgramReference>
    <ProgramReference>
      <Code>SMET</Code>
      <Text>SCIENCE, MATH, ENG &amp; TECH EDUCATION</Text>
    </ProgramReference>
  </Award>
</rootTag>
