<?xml version="1.0" encoding="UTF-8"?>

<rootTag>
  <Award>
    <AwardTitle>Contractive Projections, Quantum Mechanics and Operator Spaces</AwardTitle>
    <AwardEffectiveDate>07/01/2001</AwardEffectiveDate>
    <AwardExpirationDate>06/30/2003</AwardExpirationDate>
    <AwardAmount>72431</AwardAmount>
    <AwardInstrument>
      <Value>Standard Grant</Value>
    </AwardInstrument>
    <Organization>
      <Code>03040000</Code>
      <Directorate>
        <LongName>Direct For Mathematical &amp; Physical Scien</LongName>
      </Directorate>
      <Division>
        <LongName>Division Of Mathematical Sciences</LongName>
      </Division>
    </Organization>
    <ProgramOfficer>
      <SignBlockName>Bruce P. Palka</SignBlockName>
    </ProgramOfficer>
    <AbstractNarration>This research plan consists of two themes. The first is concerned&lt;br/&gt;with investigations into the structure theory of injective-like objects in&lt;br/&gt;the category of operator spaces, and involves the theory of&lt;br/&gt;contractive projections on real or complex C*-algebras. The second is&lt;br/&gt;a study of linear and nonlinear representations of the Lorentz group with&lt;br/&gt;an eye towards finding physically meaningful models in mathematical&lt;br/&gt;physics. The link connecting these two objectives is described in the&lt;br/&gt;following paragraph.&lt;br/&gt;&lt;br/&gt;Since the pioneering work of Jordan, von Neumann and Wigner in the 1930s,&lt;br/&gt;Segal in the 1940s and 50s, and Alfsen-Shultz-Stormer in the 1970s, Jordan&lt;br/&gt;algebras, and more recently Jordan triples, have been used as a model for&lt;br/&gt;the study of the state spaces of quantum mechanics. On the other hand,&lt;br/&gt;contractive projections have played a key role in the structure theory of&lt;br/&gt;Banach Jordan triple systems, and those which are completely contractive&lt;br/&gt;give rise to injectives in the category of operator spaces (also known as&lt;br/&gt;quantized Banach spaces). The PIs plan to study the fine structure of&lt;br/&gt;contractive projections on operator spaces in order to gain a better&lt;br/&gt;understanding of their role in operator space theory, as well as their&lt;br/&gt;role, together with Jordan structures, in quantum mechanics and&lt;br/&gt;relativity.</AbstractNarration>
    <MinAmdLetterDate>04/17/2001</MinAmdLetterDate>
    <MaxAmdLetterDate>04/17/2001</MaxAmdLetterDate>
    <ARRAAmount/>
    <AwardID>0101153</AwardID>
    <Investigator>
      <FirstName>Bernard</FirstName>
      <LastName>Russo</LastName>
      <EmailAddress>brusso@math.uci.edu</EmailAddress>
      <StartDate>04/17/2001</StartDate>
      <EndDate/>
      <RoleCode>Principal Investigator</RoleCode>
    </Investigator>
    <Investigator>
      <FirstName>Matthew</FirstName>
      <LastName>Neal</LastName>
      <EmailAddress>nealm@denison.edu</EmailAddress>
      <StartDate>04/17/2001</StartDate>
      <EndDate/>
      <RoleCode>Co-Principal Investigator</RoleCode>
    </Investigator>
    <Institution>
      <Name>University of California-Irvine</Name>
      <CityName>Irvine</CityName>
      <ZipCode>926173213</ZipCode>
      <PhoneNumber>9498247295</PhoneNumber>
      <StreetAddress>141 Innovation Drive, Ste 250</StreetAddress>
      <CountryName>United States</CountryName>
      <StateName>California</StateName>
      <StateCode>CA</StateCode>
    </Institution>
    <FoaInformation>
      <Code>0000099</Code>
      <Name>Other Applications NEC</Name>
    </FoaInformation>
    <ProgramElement>
      <Code>1281</Code>
      <Text>ANALYSIS PROGRAM</Text>
    </ProgramElement>
    <ProgramReference>
      <Code>0000</Code>
      <Text>UNASSIGNED</Text>
    </ProgramReference>
    <ProgramReference>
      <Code>OTHR</Code>
      <Text>OTHER RESEARCH OR EDUCATION</Text>
    </ProgramReference>
  </Award>
</rootTag>
