<?xml version="1.0" encoding="UTF-8"?>

<rootTag>
  <Award>
    <AwardTitle>CISE Research Infrastructure: The Metaverse: A Laboratory for Digital Media Networks</AwardTitle>
    <AwardEffectiveDate>09/01/2001</AwardEffectiveDate>
    <AwardExpirationDate>08/31/2007</AwardExpirationDate>
    <AwardAmount>824621</AwardAmount>
    <AwardInstrument>
      <Value>Standard Grant</Value>
    </AwardInstrument>
    <Organization>
      <Code>05050000</Code>
      <Directorate>
        <LongName>Direct For Computer &amp; Info Scie &amp; Enginr</LongName>
      </Directorate>
      <Division>
        <LongName>Division Of Computer and Network Systems</LongName>
      </Division>
    </Organization>
    <ProgramOfficer>
      <SignBlockName>Joseph Urban</SignBlockName>
    </ProgramOfficer>
    <AbstractNarration>EIA-0101242&lt;br/&gt;James Griffioen&lt;br/&gt;University of Kentucky&lt;br/&gt;&lt;br/&gt;CISE Research Infrastructure: The Metaverse: A Laboratory for Digital Media Networks&lt;br/&gt;&lt;br/&gt;The primary goal of our research is to investigate and develop new techniques to support networked, collaborative, visually immersive environments and applications. The objective is to design visually compelling collaborative spaces (where people interact with computer simulations and each other) that are inexpensive, extensible, automatically configurable, adaptable, and scalable. The work involves an interdisciplinary team of researchers exploring system-level issues including visualization, network communication, and computer vision, with others studying application-level issues such as scientific (CFD) visualization, presentation of new-media/art, and the educational &lt;br/&gt;efficacy and impact of the technology.&lt;br/&gt;&lt;br/&gt;The requested infrastructure will be used to create three physically separate, networked visualization laboratories supported by two new technical staff. Each visualization environment will have a distinct configuration and objective. The CORE (COllaborative Rendering Environment) will explore compelling collaborative immersive spaces, while the VIDE (Visually Immersive Display Environment) investigates stereo visualization. Unlike the CORE and VIDE, where users are immersed in pixels, the DOME (Digital Object Media Environment) will be a head-tracked ``outside looking in'' configuration. The environments will demonstrate the versatility of the underlying base technology by using the same techniques to support multiple application domains. A fourth environment will be deployed at the University of Puerto Rico.</AbstractNarration>
    <MinAmdLetterDate>09/24/2001</MinAmdLetterDate>
    <MaxAmdLetterDate>12/22/2003</MaxAmdLetterDate>
    <ARRAAmount/>
    <AwardID>0101242</AwardID>
    <Investigator>
      <FirstName>James</FirstName>
      <LastName>Griffioen</LastName>
      <EmailAddress>griff@netlab.uky.edu</EmailAddress>
      <StartDate>09/24/2001</StartDate>
      <EndDate/>
      <RoleCode>Principal Investigator</RoleCode>
    </Investigator>
    <Investigator>
      <FirstName>Kenneth</FirstName>
      <LastName>Calvert</LastName>
      <EmailAddress>calvert@netlab.uky.edu</EmailAddress>
      <StartDate>09/24/2001</StartDate>
      <EndDate/>
      <RoleCode>Co-Principal Investigator</RoleCode>
    </Investigator>
    <Investigator>
      <FirstName>William</FirstName>
      <LastName>Seales</LastName>
      <EmailAddress>seales@uky.edu</EmailAddress>
      <StartDate>09/24/2001</StartDate>
      <EndDate/>
      <RoleCode>Co-Principal Investigator</RoleCode>
    </Investigator>
    <Investigator>
      <FirstName>Joan</FirstName>
      <LastName>Mazur</LastName>
      <EmailAddress>jmazur@uky.edu</EmailAddress>
      <StartDate>09/24/2001</StartDate>
      <EndDate/>
      <RoleCode>Co-Principal Investigator</RoleCode>
    </Investigator>
    <Investigator>
      <FirstName>Christopher</FirstName>
      <LastName>Jaynes</LastName>
      <EmailAddress>Jaynes@cs.uky.edu</EmailAddress>
      <StartDate>09/24/2001</StartDate>
      <EndDate/>
      <RoleCode>Co-Principal Investigator</RoleCode>
    </Investigator>
    <Institution>
      <Name>University of Kentucky Research Foundation</Name>
      <CityName>Lexington</CityName>
      <ZipCode>405260001</ZipCode>
      <PhoneNumber>8592579420</PhoneNumber>
      <StreetAddress>109 Kinkead Hall</StreetAddress>
      <CountryName>United States</CountryName>
      <StateName>Kentucky</StateName>
      <StateCode>KY</StateCode>
    </Institution>
    <ProgramElement>
      <Code>2885</Code>
      <Text>CISE RESEARCH INFRASTRUCTURE</Text>
    </ProgramElement>
    <ProgramReference>
      <Code>1088</Code>
      <Text>CISE RESEARCH INFRASTRUCTURE</Text>
    </ProgramReference>
    <ProgramReference>
      <Code>9218</Code>
      <Text>BASIC RESEARCH &amp; HUMAN RESORCS</Text>
    </ProgramReference>
    <ProgramReference>
      <Code>HPCC</Code>
      <Text>HIGH PERFORMANCE COMPUTING &amp; COMM</Text>
    </ProgramReference>
  </Award>
</rootTag>
