<?xml version="1.0" encoding="UTF-8"?>

<rootTag>
  <Award>
    <AwardTitle>Special Projects: Graduate Students in Computing Travel Support for Career Workshops</AwardTitle>
    <AwardEffectiveDate>02/15/2001</AwardEffectiveDate>
    <AwardExpirationDate>01/31/2006</AwardExpirationDate>
    <AwardAmount>57000</AwardAmount>
    <AwardInstrument>
      <Value>Standard Grant</Value>
    </AwardInstrument>
    <Organization>
      <Code>05050000</Code>
      <Directorate>
        <LongName>Direct For Computer &amp; Info Scie &amp; Enginr</LongName>
      </Directorate>
      <Division>
        <LongName>Division Of Computer and Network Systems</LongName>
      </Division>
    </Organization>
    <ProgramOfficer>
      <SignBlockName>Caroline E. Wardle</SignBlockName>
    </ProgramOfficer>
    <AbstractNarration>EIA-0101335&lt;br/&gt; Aspray,William&lt;br/&gt; Computing Research Association&lt;br/&gt;&lt;br/&gt;Special Projects: Graduate Students in Computing Travel Support for Career Workshops&lt;br/&gt;&lt;br/&gt;This award to the Computing Research Association (CRA) provides funds to support advanced graduate students to attend the CRA career workshops in 2001, 2002, and 2003. The workshops are held in Washington, DC and are open to all recent doctorates and advanced graduate students in computing disciplines. Topics incorporated in the workshops include development of effective teaching practices, research programs, and developing a successful academic career overall. Senior computer scientists and engineers conduct the workshops and program managers from NSF and DARPA discussing how their research funding programs are organized are also part of the workshops.</AbstractNarration>
    <MinAmdLetterDate>02/09/2001</MinAmdLetterDate>
    <MaxAmdLetterDate>04/04/2005</MaxAmdLetterDate>
    <ARRAAmount/>
    <AwardID>0101335</AwardID>
    <Investigator>
      <FirstName>William</FirstName>
      <LastName>Aspray</LastName>
      <EmailAddress>waspray@indiana.edu</EmailAddress>
      <StartDate>02/09/2001</StartDate>
      <EndDate>09/17/2003</EndDate>
      <RoleCode>Former Principal Investigator</RoleCode>
    </Investigator>
    <Investigator>
      <FirstName>Andrew</FirstName>
      <LastName>Bernat</LastName>
      <EmailAddress>abernat@cra.org</EmailAddress>
      <StartDate>09/17/2003</StartDate>
      <EndDate/>
      <RoleCode>Principal Investigator</RoleCode>
    </Investigator>
    <Institution>
      <Name>Computing Research Association</Name>
      <CityName>Washington</CityName>
      <ZipCode>200360000</ZipCode>
      <PhoneNumber>2022662949</PhoneNumber>
      <StreetAddress>1828 L St., NW</StreetAddress>
      <CountryName>United States</CountryName>
      <StateName>District of Columbia</StateName>
      <StateCode>DC</StateCode>
    </Institution>
    <FoaInformation>
      <Code>0000099</Code>
      <Name>Other Applications NEC</Name>
    </FoaInformation>
    <ProgramElement>
      <Code>2885</Code>
      <Text>CISE RESEARCH INFRASTRUCTURE</Text>
    </ProgramElement>
    <ProgramReference>
      <Code>2840</Code>
      <Text>SPECIAL PROJECTS (CDA FRONT OF</Text>
    </ProgramReference>
    <ProgramReference>
      <Code>9218</Code>
      <Text>BASIC RESEARCH &amp; HUMAN RESORCS</Text>
    </ProgramReference>
    <ProgramReference>
      <Code>HPCC</Code>
      <Text>HIGH PERFORMANCE COMPUTING &amp; COMM</Text>
    </ProgramReference>
  </Award>
</rootTag>
