<?xml version="1.0" encoding="UTF-8"?>

<rootTag>
  <Award>
    <AwardTitle>A Model Curriculum For Civil Engineering Technology</AwardTitle>
    <AwardEffectiveDate>06/01/2001</AwardEffectiveDate>
    <AwardExpirationDate>11/30/2003</AwardExpirationDate>
    <AwardAmount>119720</AwardAmount>
    <AwardInstrument>
      <Value>Standard Grant</Value>
    </AwardInstrument>
    <Organization>
      <Code>11040100</Code>
      <Directorate>
        <LongName>Direct For Education and Human Resources</LongName>
      </Directorate>
      <Division>
        <LongName>Division Of Undergraduate Education</LongName>
      </Division>
    </Organization>
    <ProgramOfficer>
      <SignBlockName>Wayne Sukow</SignBlockName>
    </ProgramOfficer>
    <AbstractNarration>This project is conducting planning activities for the development of a model curriculum based on an existing program at Evergreen Valley College. The envisioned curriculum will integrate new technologies such as GIS, GPS, CADD and computer-aided math into civil engineering technology. Design constraints envisioned include an expandable certificate program that includes all course descriptions, textbooks, assignments, lab activities, and fieldwork.</AbstractNarration>
    <MinAmdLetterDate>04/11/2001</MinAmdLetterDate>
    <MaxAmdLetterDate>07/31/2003</MaxAmdLetterDate>
    <ARRAAmount/>
    <AwardID>0101576</AwardID>
    <Investigator>
      <FirstName>Zhanjing</FirstName>
      <LastName>Yu</LastName>
      <EmailAddress>z.yu@evc.edu</EmailAddress>
      <StartDate>04/11/2001</StartDate>
      <EndDate/>
      <RoleCode>Principal Investigator</RoleCode>
    </Investigator>
    <Institution>
      <Name>Evergreen Valley College</Name>
      <CityName>San Jose</CityName>
      <ZipCode>951351513</ZipCode>
      <PhoneNumber>4082747900</PhoneNumber>
      <StreetAddress>3095 Yerba Buena Road</StreetAddress>
      <CountryName>United States</CountryName>
      <StateName>California</StateName>
      <StateCode>CA</StateCode>
    </Institution>
    <FoaInformation>
      <Code>0000099</Code>
      <Name>Other Applications NEC</Name>
    </FoaInformation>
  </Award>
</rootTag>
