<?xml version="1.0" encoding="UTF-8"?>

<rootTag>
  <Award>
    <AwardTitle>Delivery of Electronics Technology Curriculum and Experiences to Underserved Rural High School Students in Western South Dakota Using an Innovative Distance Learning Model</AwardTitle>
    <AwardEffectiveDate>06/01/2001</AwardEffectiveDate>
    <AwardExpirationDate>05/31/2006</AwardExpirationDate>
    <AwardAmount>751661</AwardAmount>
    <AwardInstrument>
      <Value>Continuing grant</Value>
    </AwardInstrument>
    <Organization>
      <Code>11040100</Code>
      <Directorate>
        <LongName>Direct For Education and Human Resources</LongName>
      </Directorate>
      <Division>
        <LongName>Division Of Undergraduate Education</LongName>
      </Division>
    </Organization>
    <ProgramOfficer>
      <SignBlockName>Russell L. Pimmel</SignBlockName>
    </ProgramOfficer>
    <AbstractNarration>Black Hills State University (BHSU) and Western Dakota Technical Institute (WDTI) have created a consortium including school districts and industrial partners to develop, deliver, refine and evaluate a network-based distance education model for the delivery of basic electronics curriculum. This project is designed to improve technology instruction, experiences and opportunities for juniors and seniors in six school districts. Key elements of the project include on-site teacher training course content and delivery; the implementation of distance education at participating high schools; professional and technical support for participants provided by faculty and industrial partners; technical experiences for students provided by industrial partners, evaluation of the program by all partners; dissemination about the project at the local, state and national levels; and/or credit at BHSU or WDTI for the proposed secondary course work.</AbstractNarration>
    <MinAmdLetterDate>04/03/2001</MinAmdLetterDate>
    <MaxAmdLetterDate>05/04/2005</MaxAmdLetterDate>
    <ARRAAmount/>
    <AwardID>0101698</AwardID>
    <Investigator>
      <FirstName>P</FirstName>
      <LastName>Gulliver</LastName>
      <EmailAddress>keving@nida.com</EmailAddress>
      <StartDate>04/03/2001</StartDate>
      <EndDate/>
      <RoleCode>Co-Principal Investigator</RoleCode>
    </Investigator>
    <Investigator>
      <FirstName>Jerry</FirstName>
      <LastName>Miller</LastName>
      <EmailAddress>jerrymiller@bhsu.edu</EmailAddress>
      <StartDate>04/03/2001</StartDate>
      <EndDate/>
      <RoleCode>Principal Investigator</RoleCode>
    </Investigator>
    <Investigator>
      <FirstName>Thomas</FirstName>
      <LastName>Termes</LastName>
      <EmailAddress>TomTermes@bhsu.edu</EmailAddress>
      <StartDate>04/03/2001</StartDate>
      <EndDate/>
      <RoleCode>Co-Principal Investigator</RoleCode>
    </Investigator>
    <Investigator>
      <FirstName>Jeffrey</FirstName>
      <LastName>Bailie</LastName>
      <EmailAddress>jbailie@wdti.tec.sd.us</EmailAddress>
      <StartDate>04/03/2001</StartDate>
      <EndDate/>
      <RoleCode>Co-Principal Investigator</RoleCode>
    </Investigator>
    <Investigator>
      <FirstName>Tracy</FirstName>
      <LastName>Downs</LastName>
      <EmailAddress>tdowns@wdti.tec.sd.us</EmailAddress>
      <StartDate>04/17/2003</StartDate>
      <EndDate/>
      <RoleCode>Co-Principal Investigator</RoleCode>
    </Investigator>
    <Investigator>
      <FirstName>Christopher</FirstName>
      <LastName>Budden</LastName>
      <EmailAddress>cwbudden@wdti.tec.sd.us</EmailAddress>
      <StartDate>09/02/2003</StartDate>
      <EndDate/>
      <RoleCode>Co-Principal Investigator</RoleCode>
    </Investigator>
    <Institution>
      <Name>Black Hills State University</Name>
      <CityName>Spearfish</CityName>
      <ZipCode>577990001</ZipCode>
      <PhoneNumber>6056426111</PhoneNumber>
      <StreetAddress>1200 University St</StreetAddress>
      <CountryName>United States</CountryName>
      <StateName>South Dakota</StateName>
      <StateCode>SD</StateCode>
    </Institution>
    <FoaInformation>
      <Code>0000099</Code>
      <Name>Other Applications NEC</Name>
    </FoaInformation>
  </Award>
</rootTag>
