<?xml version="1.0" encoding="UTF-8"?>

<rootTag>
  <Award>
    <AwardTitle>A National Focal Point for Education in Nondestructive Testing/Nondestructive Evaluation</AwardTitle>
    <AwardEffectiveDate>05/15/2001</AwardEffectiveDate>
    <AwardExpirationDate>04/30/2006</AwardExpirationDate>
    <AwardAmount>899990</AwardAmount>
    <AwardInstrument>
      <Value>Continuing grant</Value>
    </AwardInstrument>
    <Organization>
      <Code>11040100</Code>
      <Directorate>
        <LongName>Direct For Education and Human Resources</LongName>
      </Directorate>
      <Division>
        <LongName>Division Of Undergraduate Education</LongName>
      </Division>
    </Organization>
    <ProgramOfficer>
      <SignBlockName>Gerhard L. Salinger</SignBlockName>
    </ProgramOfficer>
    <AbstractNarration>The Center for Nondestructive Evaluation and six community colleges form a dissemination focal point to enhance the education of technical workers in the fields of nondestructive testing/nondestructive evaluation (NDT/NDE). The project builds upon previous projects that developed simulations in ultrasonic detection. Education for NDT/NDE is fragmented, taking place in various technological studies. The focal point provides a website that informs high school and community college faculty and students about the knowledge and skills required for jobs in NDT/NDE. This website brings standards, skills, curricula, materials and job information together materials in one place. The materials can be used in related technology programs such as manufacturing, welding, airframe, power plant and chemical processing. The project also provides opportunities for faculty development and student awareness.</AbstractNarration>
    <MinAmdLetterDate>05/09/2001</MinAmdLetterDate>
    <MaxAmdLetterDate>03/08/2005</MaxAmdLetterDate>
    <ARRAAmount/>
    <AwardID>0101709</AwardID>
    <Investigator>
      <FirstName>Lester</FirstName>
      <LastName>Schmerr</LastName>
      <EmailAddress>lschmerr@cnde.iastate.edu</EmailAddress>
      <StartDate>05/09/2001</StartDate>
      <EndDate/>
      <RoleCode>Principal Investigator</RoleCode>
    </Investigator>
    <Investigator>
      <FirstName>Bruce</FirstName>
      <LastName>Crouse</LastName>
      <EmailAddress>crouse@cowley.cc.ks.us</EmailAddress>
      <StartDate>05/09/2001</StartDate>
      <EndDate/>
      <RoleCode>Co-Principal Investigator</RoleCode>
    </Investigator>
    <Investigator>
      <FirstName>Randy</FirstName>
      <LastName>Walbridge</LastName>
      <EmailAddress/>
      <StartDate>05/09/2001</StartDate>
      <EndDate/>
      <RoleCode>Co-Principal Investigator</RoleCode>
    </Investigator>
    <Institution>
      <Name>Iowa State University</Name>
      <CityName>AMES</CityName>
      <ZipCode>500112207</ZipCode>
      <PhoneNumber>5152945225</PhoneNumber>
      <StreetAddress>1138 Pearson</StreetAddress>
      <CountryName>United States</CountryName>
      <StateName>Iowa</StateName>
      <StateCode>IA</StateCode>
    </Institution>
    <FoaInformation>
      <Code>0000099</Code>
      <Name>Other Applications NEC</Name>
    </FoaInformation>
  </Award>
</rootTag>
