<?xml version="1.0" encoding="UTF-8"?>

<rootTag>
  <Award>
    <AwardTitle>M-I Coupling: Theoretical Study of Magnetospherically Generated Electric Fields in the Auroral and Subauroral Ionosphere</AwardTitle>
    <AwardEffectiveDate>09/01/2001</AwardEffectiveDate>
    <AwardExpirationDate>08/31/2004</AwardExpirationDate>
    <AwardAmount>210003</AwardAmount>
    <AwardInstrument>
      <Value>Continuing grant</Value>
    </AwardInstrument>
    <Organization>
      <Code>06020201</Code>
      <Directorate>
        <LongName>Directorate For Geosciences</LongName>
      </Directorate>
      <Division>
        <LongName>Div Atmospheric &amp; Geospace Sciences</LongName>
      </Division>
    </Organization>
    <ProgramOfficer>
      <SignBlockName>Robert M. Robinson</SignBlockName>
    </ProgramOfficer>
    <AbstractNarration>The investigators propose to study the electrodynamics of the coupled magnetosphere-ionosphere (M-I) system in the vicinity of the region-2 shielding currents that link the inner plasma sheet and inner magnetosphere to the auroral and subauroral ionosphere. The project will focus on two outstanding physics questions: (1) the effects of field-aligned potential drops on global electric field and precipitation patterns, and (2) the physical mechanisms involved in the generation of Polarization Jet (PJ) events. The principal tool for carrying out the proposed investigation will be the Rice Convection Model (RCM), an established computer model that self-consistently follows the time evolution of electric fields, currents, and plasma flow velocities in the quasi-static approximation. Improvements in the numerical machinery and algorithms of the RCM will be implemented, as needed, to investigate these phenomena. Model results will be archived and visualization tools provided to facilitate comparisons with data from incoherent scatter radars and polar-orbiting spacecraft, and with empirically derived patterns of electric fields developed within the context of the NSF CEDAR initiative. Comparisons with observational data will be carried out in collaboration with Utah State University and as part of the GEM Magnetosphere-Ionosphere Coupling Campaign.</AbstractNarration>
    <MinAmdLetterDate>08/24/2001</MinAmdLetterDate>
    <MaxAmdLetterDate>07/08/2003</MaxAmdLetterDate>
    <ARRAAmount/>
    <AwardID>0101349</AwardID>
    <Investigator>
      <FirstName>Richard</FirstName>
      <LastName>Wolf</LastName>
      <EmailAddress>rawolf@rice.edu</EmailAddress>
      <StartDate>08/24/2001</StartDate>
      <EndDate/>
      <RoleCode>Principal Investigator</RoleCode>
    </Investigator>
    <Investigator>
      <FirstName>Robert</FirstName>
      <LastName>Spiro</LastName>
      <EmailAddress>spiro@rice.edu</EmailAddress>
      <StartDate>08/24/2001</StartDate>
      <EndDate/>
      <RoleCode>Co-Principal Investigator</RoleCode>
    </Investigator>
    <Investigator>
      <FirstName>Stanislav</FirstName>
      <LastName>Sazykin</LastName>
      <EmailAddress>sazykin@rice.edu</EmailAddress>
      <StartDate>08/24/2001</StartDate>
      <EndDate/>
      <RoleCode>Co-Principal Investigator</RoleCode>
    </Investigator>
    <Institution>
      <Name>William Marsh Rice University</Name>
      <CityName>Houston</CityName>
      <ZipCode>770051827</ZipCode>
      <PhoneNumber>7133484820</PhoneNumber>
      <StreetAddress>6100 MAIN ST</StreetAddress>
      <CountryName>United States</CountryName>
      <StateName>Texas</StateName>
      <StateCode>TX</StateCode>
    </Institution>
    <FoaInformation>
      <Code>0205000</Code>
      <Name>Space</Name>
    </FoaInformation>
    <ProgramElement>
      <Code>1521</Code>
      <Text>AERONOMY</Text>
    </ProgramElement>
    <ProgramReference>
      <Code>1323</Code>
      <Text>SOLAR INFLUENCES</Text>
    </ProgramReference>
    <ProgramReference>
      <Code>EGCH</Code>
      <Text>ENVIRONMENT AND GLOBAL CHANGE</Text>
    </ProgramReference>
  </Award>
</rootTag>
