<?xml version="1.0" encoding="UTF-8"?>

<rootTag>
  <Award>
    <AwardTitle>Large Scale Synthesis of High Quality Semiconductor Nanocrystals from Metal Oxides</AwardTitle>
    <AwardEffectiveDate>08/15/2001</AwardEffectiveDate>
    <AwardExpirationDate>07/31/2005</AwardExpirationDate>
    <AwardAmount>334000</AwardAmount>
    <AwardInstrument>
      <Value>Continuing grant</Value>
    </AwardInstrument>
    <Organization>
      <Code>03090007</Code>
      <Directorate>
        <LongName>Direct For Mathematical &amp; Physical Scien</LongName>
      </Directorate>
      <Division>
        <LongName>Division Of Chemistry</LongName>
      </Division>
    </Organization>
    <ProgramOfficer>
      <SignBlockName>Joseph L. Templeton</SignBlockName>
    </ProgramOfficer>
    <AbstractNarration>The Advanced Materials Program in the Chemistry Division supports this award to University of Arkansas to study the basic mechanism and method of nanoparticle crystal growth using size- and shape-dependent optical properties of these nano-particles. With this award, Professor Xiaogang Peng will develop green chemistry-based methods for the large scale synthesis of nano-sized cadmium selenide crystals from the less toxic precursor cadmium oxide, and these methods will be quite different from the presently used methods with precursor dimethyl cadmium, which is toxic, unstable and expensive. The award will help to develop new methods for the large-scale synthesis of semiconductor nanocrystals of uniform size and shape for applications in electrooptic devices. Both graduate and undergraduate students will greatly benefit from the training and research opportunities provided by this award in materials chemistry.&lt;br/&gt;&lt;br/&gt;With this award, nanoparticle crystal growth will be studied using size- and shape-dependent optical properties of these crystals. Nano-sized cadmium selenide crystal will be prepared in large scale using cadmium oxide as the precursor. This green chemistry-based method will be cost effective, and used less toxic and much more stable precursor. Both graduate and undergraduate students will greatly benefit from the training and research opportunities provided by this award in nano-crystal growth and characterization.</AbstractNarration>
    <MinAmdLetterDate>08/28/2001</MinAmdLetterDate>
    <MaxAmdLetterDate>06/19/2003</MaxAmdLetterDate>
    <ARRAAmount/>
    <AwardID>0101178</AwardID>
    <Investigator>
      <FirstName>Xiaogang</FirstName>
      <LastName>Peng</LastName>
      <EmailAddress>xpeng@uark.edu</EmailAddress>
      <StartDate>08/28/2001</StartDate>
      <EndDate/>
      <RoleCode>Principal Investigator</RoleCode>
    </Investigator>
    <Institution>
      <Name>University of Arkansas</Name>
      <CityName>FAYETTEVILLE</CityName>
      <ZipCode>727011201</ZipCode>
      <PhoneNumber>4795753845</PhoneNumber>
      <StreetAddress>210 Administration Building</StreetAddress>
      <CountryName>United States</CountryName>
      <StateName>Arkansas</StateName>
      <StateCode>AR</StateCode>
    </Institution>
    <FoaInformation>
      <Code>0106000</Code>
      <Name>Materials Research</Name>
    </FoaInformation>
    <ProgramElement>
      <Code>1984</Code>
      <Text>MATERIALS SYNTHESIS &amp; PROCESSN</Text>
    </ProgramElement>
    <ProgramReference>
      <Code>9150</Code>
      <Text>EXP PROG TO STIM COMP RES</Text>
    </ProgramReference>
    <ProgramReference>
      <Code>9161</Code>
      <Text>SINGLE DIVISION/UNIVERSITY</Text>
    </ProgramReference>
    <ProgramReference>
      <Code>AMPP</Code>
      <Text>ADVANCED MATERIALS &amp; PROCESSING PROGRAM</Text>
    </ProgramReference>
    <ProgramReference>
      <Code>SMET</Code>
      <Text>SCIENCE, MATH, ENG &amp; TECH EDUCATION</Text>
    </ProgramReference>
  </Award>
</rootTag>
