<?xml version="1.0" encoding="UTF-8"?>

<rootTag>
  <Award>
    <AwardTitle>Classification of Nuclear C*-algebras and (Noncommutative) Dynamical Systems</AwardTitle>
    <AwardEffectiveDate>08/01/2001</AwardEffectiveDate>
    <AwardExpirationDate>07/31/2005</AwardExpirationDate>
    <AwardAmount>77776</AwardAmount>
    <AwardInstrument>
      <Value>Standard Grant</Value>
    </AwardInstrument>
    <Organization>
      <Code>03040100</Code>
      <Directorate>
        <LongName>Direct For Mathematical &amp; Physical Scien</LongName>
      </Directorate>
      <Division>
        <LongName>Division Of Mathematical Sciences</LongName>
      </Division>
    </Organization>
    <ProgramOfficer>
      <SignBlockName>Joe W. Jenkins</SignBlockName>
    </ProgramOfficer>
    <AbstractNarration>Abstract&lt;br/&gt;Pasnicu&lt;br/&gt;&lt;br/&gt;The ASH algebras (respectively AH algebras) are C*-algebras arising as inductive limits of finite direct sums of subalgebras (respectively corner subalgebras) of matrix algebras over unital,commutative C*-algebras.A C*-algebra is said to have the ideal property if each ideal is generated by projections.The investigator proposes to classify a large class of nuclear ASH algebras with the ideal property and also to classify the AH algebras with the ideal property.He also proposes to work on a conjecture which states that "many" nuclear,separable C*-algebras with the ideal property which are the crossed product of a unital,commutative C*-algebra or of an AF algebra by the integers is an ASH algebra in the above class.This project is related to Elliott's program of the classification of the separable,nuclear C*-algebras and to a problem of Effros and could have an impact in operator algebras but also in ergodic theory,in the study of the (noncommutative) dynamical systems and in geometry.&lt;br/&gt;C*-algebras could be thought as collections of infinite matrices of numbers endowed with an interesting algebraic and topological structure. The C*-algebras have significant applications to other parts of mathematics (geometry,topology,ergodic theory),to parts of physics (quantum mechanics and statistical mechanics) or to other sciences (the structure of DNA and other molecules).A complete classification ("enumeration") of a special class of operator algebras,called amenable von Neumann algebras,was given by Connes in his Fields Medal winning work. This project has two main goals.One is to classify ("enumerate") large classes of amenable (nuclear) C*-algebras with the ideal property (an interesting technical condition) which are defined by a particular construction ("inductive limits").The other one is to show that many amenable C*-algebras with the ideal property arising from a completely different and natural construction ("crossed products") belong in fact to one of the above classes (of "inductive limits") that the investigator proposes to classify ("enumerate").This project could have an important impact in several mathematical fields including operator algebras, dynamical systems,geometry and also in some domains outside mathematics (e.g. in quantum physics).</AbstractNarration>
    <MinAmdLetterDate>07/23/2001</MinAmdLetterDate>
    <MaxAmdLetterDate>07/23/2001</MaxAmdLetterDate>
    <ARRAAmount/>
    <AwardID>0101060</AwardID>
    <Investigator>
      <FirstName>Cornel</FirstName>
      <LastName>Pasnicu</LastName>
      <EmailAddress>cpasnicu@gmail.com</EmailAddress>
      <StartDate>07/23/2001</StartDate>
      <EndDate/>
      <RoleCode>Principal Investigator</RoleCode>
    </Investigator>
    <Institution>
      <Name>University of Puerto Rico</Name>
      <CityName>San Juan</CityName>
      <ZipCode>009313334</ZipCode>
      <PhoneNumber>7877656696</PhoneNumber>
      <StreetAddress>Central Administration</StreetAddress>
      <CountryName>United States</CountryName>
      <StateName>Puerto Rico</StateName>
      <StateCode>PR</StateCode>
    </Institution>
    <FoaInformation>
      <Code>0000099</Code>
      <Name>Other Applications NEC</Name>
    </FoaInformation>
    <ProgramElement>
      <Code>1281</Code>
      <Text>ANALYSIS PROGRAM</Text>
    </ProgramElement>
    <ProgramReference>
      <Code>0000</Code>
      <Text>UNASSIGNED</Text>
    </ProgramReference>
    <ProgramReference>
      <Code>9150</Code>
      <Text>EXP PROG TO STIM COMP RES</Text>
    </ProgramReference>
    <ProgramReference>
      <Code>OTHR</Code>
      <Text>OTHER RESEARCH OR EDUCATION</Text>
    </ProgramReference>
  </Award>
</rootTag>
