<?xml version="1.0" encoding="UTF-8"?>

<rootTag>
  <Award>
    <AwardTitle>Distributed Energy Systems Curricula for the Development of Energy Technology Technicians</AwardTitle>
    <AwardEffectiveDate>04/01/2001</AwardEffectiveDate>
    <AwardExpirationDate>03/31/2004</AwardExpirationDate>
    <AwardAmount>361873</AwardAmount>
    <AwardInstrument>
      <Value>Standard Grant</Value>
    </AwardInstrument>
    <Organization>
      <Code>11040100</Code>
      <Directorate>
        <LongName>Direct For Education and Human Resources</LongName>
      </Directorate>
      <Division>
        <LongName>Division Of Undergraduate Education</LongName>
      </Division>
    </Organization>
    <ProgramOfficer>
      <SignBlockName>Elizabeth Teles</SignBlockName>
    </ProgramOfficer>
    <AbstractNarration>This three-year project is developing a curriculum on Distributed Energy Systems. The five industry-based course curriculums are becoming elective course options for community college degree and certificate programs, as well as being integrated into apprenticeship worker training. Accompanying the five industry-based course curriculums are supporting educational materials. Four, 2-member teams composed of Brevard Community College (BCC) and Florida Solar Energy Center (FSEC) faculty are developing the curriculum and other educational materials. The public and professional community now have opportunities to learn about the economic, environmental, and workforce benefits of distributed energy through seminars and printed materials.</AbstractNarration>
    <MinAmdLetterDate>03/14/2001</MinAmdLetterDate>
    <MaxAmdLetterDate>07/30/2003</MaxAmdLetterDate>
    <ARRAAmount/>
    <AwardID>0101580</AwardID>
    <Investigator>
      <FirstName>Donald</FirstName>
      <LastName>Astrab</LastName>
      <EmailAddress>astrabd@brevardcc.edu</EmailAddress>
      <StartDate>03/14/2001</StartDate>
      <EndDate/>
      <RoleCode>Principal Investigator</RoleCode>
    </Investigator>
    <Investigator>
      <FirstName>Gerard</FirstName>
      <LastName>Ventre</LastName>
      <EmailAddress>ventre@fsec.ucf.edu</EmailAddress>
      <StartDate>03/14/2001</StartDate>
      <EndDate/>
      <RoleCode>Co-Principal Investigator</RoleCode>
    </Investigator>
    <Investigator>
      <FirstName>Kevin</FirstName>
      <LastName>Lynn</LastName>
      <EmailAddress>klynn@fsec.ucf.edu</EmailAddress>
      <StartDate>03/14/2001</StartDate>
      <EndDate/>
      <RoleCode>Co-Principal Investigator</RoleCode>
    </Investigator>
    <Investigator>
      <FirstName>Stephanie</FirstName>
      <LastName>Mikulicz</LastName>
      <EmailAddress>mikuliczs@brevard.cc.fl.us</EmailAddress>
      <StartDate>03/14/2001</StartDate>
      <EndDate/>
      <RoleCode>Co-Principal Investigator</RoleCode>
    </Investigator>
    <Institution>
      <Name>Eastern Florida State College</Name>
      <CityName>Melbourne</CityName>
      <ZipCode>329352310</ZipCode>
      <PhoneNumber>3214337000</PhoneNumber>
      <StreetAddress>3865 North Wickham Road</StreetAddress>
      <CountryName>United States</CountryName>
      <StateName>Florida</StateName>
      <StateCode>FL</StateCode>
    </Institution>
    <FoaInformation>
      <Code>0000099</Code>
      <Name>Other Applications NEC</Name>
    </FoaInformation>
    <ProgramElement>
      <Code>7412</Code>
      <Text>ADVANCED TECH EDUCATION PROG</Text>
    </ProgramElement>
    <ProgramReference>
      <Code>1032</Code>
      <Text>ADVANCED TECHNOLOGY EDUCATION</Text>
    </ProgramReference>
    <ProgramReference>
      <Code>9178</Code>
      <Text>UNDERGRADUATE EDUCATION</Text>
    </ProgramReference>
    <ProgramReference>
      <Code>SMET</Code>
      <Text>SCIENCE, MATH, ENG &amp; TECH EDUCATION</Text>
    </ProgramReference>
  </Award>
</rootTag>
