<?xml version="1.0" encoding="UTF-8"?>

<rootTag>
  <Award>
    <AwardTitle>Proposal Processing and Data Entry Support for the Faculty Early Career Development (CAREER) Program</AwardTitle>
    <AwardEffectiveDate>10/13/2000</AwardEffectiveDate>
    <AwardExpirationDate>02/13/2001</AwardExpirationDate>
    <AwardAmount>12195</AwardAmount>
    <AwardInstrument>
      <Value>BOA/Task Order</Value>
    </AwardInstrument>
    <Organization>
      <Code>05020000</Code>
      <Directorate>
        <LongName>Direct For Computer &amp; Info Scie &amp; Enginr</LongName>
      </Directorate>
      <Division>
        <LongName>Div Of Information &amp; Intelligent Systems</LongName>
      </Division>
    </Organization>
    <ProgramOfficer>
      <SignBlockName>Ephraim P. Glinert</SignBlockName>
    </ProgramOfficer>
    <AbstractNarration>Proposal Processing and Data Entry Support for the Faculty Career Development (CAREER) Program</AbstractNarration>
    <MinAmdLetterDate>10/16/2000</MinAmdLetterDate>
    <MaxAmdLetterDate>11/19/2001</MaxAmdLetterDate>
    <ARRAAmount/>
    <AwardID>0101103</AwardID>
    <Investigator>
      <FirstName>Sidney</FirstName>
      <LastName>Quinn</LastName>
      <EmailAddress/>
      <StartDate>10/16/2000</StartDate>
      <EndDate/>
      <RoleCode>Principal Investigator</RoleCode>
    </Investigator>
    <Institution>
      <Name>ALLIED TECHNOLOGY GROUP INC</Name>
      <CityName>ROCKVILLE</CityName>
      <ZipCode>208503167</ZipCode>
      <PhoneNumber>3013091234</PhoneNumber>
      <StreetAddress>1803 RESEARCH BLVD</StreetAddress>
      <CountryName>United States</CountryName>
      <StateName>Maryland</StateName>
      <StateCode>MD</StateCode>
    </Institution>
    <FoaInformation>
      <Code>0104000</Code>
      <Name>Information Systems</Name>
    </FoaInformation>
    <ProgramElement>
      <Code>6856</Code>
      <Text>ARTIFICIAL INTELL &amp; COGNIT SCI</Text>
    </ProgramElement>
    <ProgramReference>
      <Code>1045</Code>
      <Text>CAREER: FACULTY EARLY CAR DEV</Text>
    </ProgramReference>
    <ProgramReference>
      <Code>9216</Code>
      <Text>ADVANCED SOFTWARE TECH &amp; ALGOR</Text>
    </ProgramReference>
    <ProgramReference>
      <Code>HPCC</Code>
      <Text>HIGH PERFORMANCE COMPUTING &amp; COMM</Text>
    </ProgramReference>
  </Award>
</rootTag>
