<?xml version="1.0" encoding="UTF-8"?>

<rootTag>
  <Award>
    <AwardTitle>RUI: New Catalytic Materials for Hydrodesulfurization Catalysis - Metal Borides and Phosphides</AwardTitle>
    <AwardEffectiveDate>04/15/2001</AwardEffectiveDate>
    <AwardExpirationDate>03/31/2005</AwardExpirationDate>
    <AwardAmount>212946</AwardAmount>
    <AwardInstrument>
      <Value>Continuing grant</Value>
    </AwardInstrument>
    <Organization>
      <Code>03090007</Code>
      <Directorate>
        <LongName>Direct For Mathematical &amp; Physical Scien</LongName>
      </Directorate>
      <Division>
        <LongName>Division Of Chemistry</LongName>
      </Division>
    </Organization>
    <ProgramOfficer>
      <SignBlockName>Joseph L. Templeton</SignBlockName>
    </ProgramOfficer>
    <AbstractNarration>This Research in Undergraduate Institution project at Western Washington University, a renewal of an earlier award, is to synthesize and characterize metal oxide-supported boride and phosphide catalysts to remove sulfur from organic sulfur compounds by hydrodesulfurization. This interdisciplinary project is jointly supported by the Advanced Materials and Processing Program in the Chemistry Division of the Mathematical and Physical Sciences Directorate and the Kinetics, Catalysis and Molecular Processes Program in the Division of Chemical Transport Systems of the Engineering Directorate. Professor Bussell and his students will prepare novel catalysts based on borides and phosphides of cobalt, nickel and molybdenum, and they will characterize them to optimize the catalyst synthesis and to determine the relationship between surface chemistries and catalytic properties. The research will introduce undergraduate and masters degree students to state of the art techniques in materials and surface chemistries, and will provide training to them in synthetic methods to prepare novel materials for heterogeneous catalysis. &lt;br/&gt;&lt;br/&gt;This award will provide fundamental information for the design, synthesis, characterization and application of novel bimetallic systems for hydrodesulfurization by heterogeneous catalysis. Metal oxide based borides and phosphides of nickel, cobalt and molybdenum will be prepared and evaluated for the removal of sulfur from organosulfur compound for potential application in the removal of sulfur from crude oil and coal. In addition, the research program will provide a rich multidisciplinary education and training opportunity to undergraduate and masters degree students in material and surface chemistries.</AbstractNarration>
    <MinAmdLetterDate>05/10/2001</MinAmdLetterDate>
    <MaxAmdLetterDate>05/21/2003</MaxAmdLetterDate>
    <ARRAAmount/>
    <AwardID>0101690</AwardID>
    <Investigator>
      <FirstName>Mark</FirstName>
      <LastName>Bussell</LastName>
      <EmailAddress>Mark.Bussell@wwu.edu</EmailAddress>
      <StartDate>05/10/2001</StartDate>
      <EndDate/>
      <RoleCode>Principal Investigator</RoleCode>
    </Investigator>
    <Institution>
      <Name>Western Washington University</Name>
      <CityName>Bellingham</CityName>
      <ZipCode>982259038</ZipCode>
      <PhoneNumber>3606502884</PhoneNumber>
      <StreetAddress>516 High Street</StreetAddress>
      <CountryName>United States</CountryName>
      <StateName>Washington</StateName>
      <StateCode>WA</StateCode>
    </Institution>
    <FoaInformation>
      <Code>0106000</Code>
      <Name>Materials Research</Name>
    </FoaInformation>
    <ProgramElement>
      <Code>1401</Code>
      <Text>CATALYSIS AND BIOCATALYSIS</Text>
    </ProgramElement>
    <ProgramElement>
      <Code>1984</Code>
      <Text>MATERIALS SYNTHESIS &amp; PROCESSN</Text>
    </ProgramElement>
    <ProgramReference>
      <Code>9162</Code>
      <Text>MULTI DIVISION/UNIVERSITY</Text>
    </ProgramReference>
    <ProgramReference>
      <Code>9178</Code>
      <Text>UNDERGRADUATE EDUCATION</Text>
    </ProgramReference>
    <ProgramReference>
      <Code>9229</Code>
      <Text>RES IN UNDERGRAD INST-RESEARCH</Text>
    </ProgramReference>
    <ProgramReference>
      <Code>AMPP</Code>
      <Text>ADVANCED MATERIALS &amp; PROCESSING PROGRAM</Text>
    </ProgramReference>
    <ProgramReference>
      <Code>SMET</Code>
      <Text>SCIENCE, MATH, ENG &amp; TECH EDUCATION</Text>
    </ProgramReference>
  </Award>
</rootTag>
