<?xml version="1.0" encoding="UTF-8"?>

<rootTag>
  <Award>
    <AwardTitle>Collaborative Project: Kentucky Information Technology Center</AwardTitle>
    <AwardEffectiveDate>07/15/2001</AwardEffectiveDate>
    <AwardExpirationDate>12/31/2005</AwardExpirationDate>
    <AwardAmount>2024636</AwardAmount>
    <AwardInstrument>
      <Value>Continuing grant</Value>
    </AwardInstrument>
    <Organization>
      <Code>11040100</Code>
      <Directorate>
        <LongName>Direct For Education and Human Resources</LongName>
      </Directorate>
      <Division>
        <LongName>Division Of Undergraduate Education</LongName>
      </Division>
    </Organization>
    <ProgramOfficer>
      <SignBlockName>Gerhard L. Salinger</SignBlockName>
    </ProgramOfficer>
    <AbstractNarration>The Kentucky Information Technology Center (KITCATE) is a regional information technology (IT) center. This consortium of the Kentucky Community and Technical College System and Lexington Community College enables two-year colleges to prepare skilled information technology (IT) workers needed by new and existing Kentucky companies. The goals of the Center are to increase the IT enrollment and completion rates of students in two-year colleges; to implement widely an industry driven IT curriculum; to provide professional development for high school and two-year college IT faculty; and to increase the support and participation of business, government and industry in Kentucky for IT education. To reach these goals the number of capable, qualified faculty to teach IT courses must be increased. A physical center provides the education for faculty and staff and for business, government and industry workers. A virtual center provides information on the IT curriculum, offers IT courses, and supports workshops. Mobile centers provide workshops for instructors and for workers in business, government and industry at their locations. The two year-colleges provide articulation for high school students with vendor certificates who enroll in appropriate degree programs. An IT industry advisory board provides guidance and support to the Center.</AbstractNarration>
    <MinAmdLetterDate>08/03/2001</MinAmdLetterDate>
    <MaxAmdLetterDate>06/04/2004</MaxAmdLetterDate>
    <ARRAAmount/>
    <AwardID>0101573</AwardID>
    <Investigator>
      <FirstName>Vincent</FirstName>
      <LastName>DiNoto</LastName>
      <EmailAddress>Vince.DiNoto@kctcs.edu</EmailAddress>
      <StartDate>08/03/2001</StartDate>
      <EndDate/>
      <RoleCode>Co-Principal Investigator</RoleCode>
    </Investigator>
    <Investigator>
      <FirstName>Darrell</FirstName>
      <LastName>Abney</LastName>
      <EmailAddress>darrellh.abney@kctcs.edu</EmailAddress>
      <StartDate>08/03/2001</StartDate>
      <EndDate/>
      <RoleCode>Principal Investigator</RoleCode>
    </Investigator>
    <Investigator>
      <FirstName>Keith</FirstName>
      <LastName>Bird</LastName>
      <EmailAddress>keith.bird@kctcs.edu</EmailAddress>
      <StartDate>08/03/2001</StartDate>
      <EndDate/>
      <RoleCode>Co-Principal Investigator</RoleCode>
    </Investigator>
    <Investigator>
      <FirstName>Terry</FirstName>
      <LastName>Pasley</LastName>
      <EmailAddress>terry.pasley@kctcs.edu</EmailAddress>
      <StartDate>08/03/2001</StartDate>
      <EndDate/>
      <RoleCode>Co-Principal Investigator</RoleCode>
    </Investigator>
    <Investigator>
      <FirstName>John</FirstName>
      <LastName>Vos</LastName>
      <EmailAddress>john.vos@kctcs.edu</EmailAddress>
      <StartDate>08/03/2001</StartDate>
      <EndDate/>
      <RoleCode>Co-Principal Investigator</RoleCode>
    </Investigator>
    <Institution>
      <Name>Kentucky Community &amp; Technical College System</Name>
      <CityName>Versailles</CityName>
      <ZipCode>403831245</ZipCode>
      <PhoneNumber>8592563100</PhoneNumber>
      <StreetAddress>300 North Main Street</StreetAddress>
      <CountryName>United States</CountryName>
      <StateName>Kentucky</StateName>
      <StateCode>KY</StateCode>
    </Institution>
    <FoaInformation>
      <Code>0000099</Code>
      <Name>Other Applications NEC</Name>
    </FoaInformation>
    <ProgramElement>
      <Code>7412</Code>
      <Text>ADVANCED TECH EDUCATION PROG</Text>
    </ProgramElement>
    <ProgramReference>
      <Code>1032</Code>
      <Text>ADVANCED TECHNOLOGY EDUCATION</Text>
    </ProgramReference>
    <ProgramReference>
      <Code>9178</Code>
      <Text>UNDERGRADUATE EDUCATION</Text>
    </ProgramReference>
    <ProgramReference>
      <Code>SMET</Code>
      <Text>SCIENCE, MATH, ENG &amp; TECH EDUCATION</Text>
    </ProgramReference>
  </Award>
</rootTag>
