<?xml version="1.0" encoding="UTF-8"?>

<rootTag>
  <Award>
    <AwardTitle>Computer Science 2000/ARIES Alliance</AwardTitle>
    <AwardEffectiveDate>07/15/2001</AwardEffectiveDate>
    <AwardExpirationDate>06/30/2005</AwardExpirationDate>
    <AwardAmount>574635</AwardAmount>
    <AwardInstrument>
      <Value>Standard Grant</Value>
    </AwardInstrument>
    <Organization>
      <Code>11040100</Code>
      <Directorate>
        <LongName>Direct For Education and Human Resources</LongName>
      </Directorate>
      <Division>
        <LongName>Division Of Undergraduate Education</LongName>
      </Division>
    </Organization>
    <ProgramOfficer>
      <SignBlockName>R. Corby Hovis</SignBlockName>
    </ProgramOfficer>
    <AbstractNarration>Technology companies in the Austin area face a shortage of qualified information technology (IT) workers. To help solve this problem, the Austin Regional Industry Education Systems (ARIES) Alliance is putting in place a competency-based system for IT education at the high school and community college levels. This effort includes (1) the development of IT skill standards for Texas, (2) alignment of existing IT curricula with the skill standards, (3) design and implementation of new curricula based on the skill standards, (4) professional development for teachers, and (5) portable, performance-based assessments and appropriate certifications.&lt;br/&gt;&lt;br/&gt;The project is tailoring for the state of Texas the industry-validated IT skill standards developed by the NorthWest Center for Emerging Technologies (an ATE Center of Excellence in Bellevue, WA). The project is also adapting and implementing the NorthWest Center's vendor-neutral "Introduction to IT" course and the center's curricula in eight career concentrations: programming/software engineering, network design and administration, enterprise systems analysis and integration, database development and administration, Web development and administration, digital media, technical support, and technical writing. A team of statewide community and technical college faculty are using the new Texas IT skill standards to align the IT curriculum in all Texas community and technical colleges. Articulation between the curricula at the high school and community college levels provides multiple entry and exit points for students.</AbstractNarration>
    <MinAmdLetterDate>06/19/2001</MinAmdLetterDate>
    <MaxAmdLetterDate>07/07/2003</MaxAmdLetterDate>
    <ARRAAmount/>
    <AwardID>0101726</AwardID>
    <Investigator>
      <FirstName>Mary</FirstName>
      <LastName>Sanna</LastName>
      <EmailAddress>mjsanna@austin.cc.tx.us</EmailAddress>
      <StartDate>06/19/2001</StartDate>
      <EndDate>07/07/2003</EndDate>
      <RoleCode>Former Principal Investigator</RoleCode>
    </Investigator>
    <Investigator>
      <FirstName>Thomas</FirstName>
      <LastName>Rasco</LastName>
      <EmailAddress>arasco@austin.cc.tx.us</EmailAddress>
      <StartDate>06/19/2001</StartDate>
      <EndDate>07/07/2003</EndDate>
      <RoleCode>Former Co-Principal Investigator</RoleCode>
    </Investigator>
    <Investigator>
      <FirstName>Dale</FirstName>
      <LastName>McCollough</LastName>
      <EmailAddress>dmccollo@austin.cc.tx.us</EmailAddress>
      <StartDate>06/19/2001</StartDate>
      <EndDate>07/07/2003</EndDate>
      <RoleCode>Former Co-Principal Investigator</RoleCode>
    </Investigator>
    <Investigator>
      <FirstName>Daniel</FirstName>
      <LastName>Navarro</LastName>
      <EmailAddress>danny.navarro@tivoli.com</EmailAddress>
      <StartDate>06/19/2001</StartDate>
      <EndDate/>
      <RoleCode>Co-Principal Investigator</RoleCode>
    </Investigator>
    <Investigator>
      <FirstName>Michael</FirstName>
      <LastName>Svoboda</LastName>
      <EmailAddress>msvoboda@austincc.edu</EmailAddress>
      <StartDate>07/07/2003</StartDate>
      <EndDate/>
      <RoleCode>Principal Investigator</RoleCode>
    </Investigator>
    <Investigator>
      <FirstName>John</FirstName>
      <LastName>Milburn</LastName>
      <EmailAddress>jmilburn@austincc.edu</EmailAddress>
      <StartDate>07/07/2003</StartDate>
      <EndDate/>
      <RoleCode>Co-Principal Investigator</RoleCode>
    </Investigator>
    <Investigator>
      <FirstName>Mary</FirstName>
      <LastName>Kohls</LastName>
      <EmailAddress>kohls@austincc.edu</EmailAddress>
      <StartDate>07/07/2003</StartDate>
      <EndDate/>
      <RoleCode>Co-Principal Investigator</RoleCode>
    </Investigator>
    <Investigator>
      <FirstName>Peter</FirstName>
      <LastName>Saflund</LastName>
      <EmailAddress>psaflund@bcc.ctc.edu</EmailAddress>
      <StartDate>06/19/2001</StartDate>
      <EndDate/>
      <RoleCode>Co-Principal Investigator</RoleCode>
    </Investigator>
    <Institution>
      <Name>Austin Community College</Name>
      <CityName>Austin</CityName>
      <ZipCode>787524341</ZipCode>
      <PhoneNumber>5122237000</PhoneNumber>
      <StreetAddress>5930 Middle Fiskville Road</StreetAddress>
      <CountryName>United States</CountryName>
      <StateName>Texas</StateName>
      <StateCode>TX</StateCode>
    </Institution>
    <FoaInformation>
      <Code>0000099</Code>
      <Name>Other Applications NEC</Name>
    </FoaInformation>
  </Award>
</rootTag>
