<?xml version="1.0" encoding="UTF-8"?>

<rootTag>
  <Award>
    <AwardTitle>GEM: Steady Magnetospheric Convection Events and Solar-Wind/Magnetosphere Coupling</AwardTitle>
    <AwardEffectiveDate>09/01/2001</AwardEffectiveDate>
    <AwardExpirationDate>08/31/2006</AwardExpirationDate>
    <AwardAmount>150030</AwardAmount>
    <AwardInstrument>
      <Value>Interagency Agreement</Value>
    </AwardInstrument>
    <Organization>
      <Code>06020202</Code>
      <Directorate>
        <LongName>Directorate For Geosciences</LongName>
      </Directorate>
      <Division>
        <LongName>Div Atmospheric &amp; Geospace Sciences</LongName>
      </Division>
    </Organization>
    <ProgramOfficer>
      <SignBlockName>kile baker</SignBlockName>
    </ProgramOfficer>
    <AbstractNarration>This project involves a data-analysis and theoretical investigation into the properties and causes of steady magnetospheric convection (SMC) events. SMCs are extended intervals of elevated geomagnetic activity without the occurrence of substorms. The objectives of this project are (1) to further our understanding of SMCs by statistically comparing their properties with the properties of non-SMC periods, (2) to further our understanding of solar-wind/magnetosphere coupling by using SMCs as a probe of the special solar wind conditions that drive SMCs, (3) to further our understanding of how bursty bulk flows (BBfs) transport magnetic flux, energy and momentum in comparison with substorm transport, and (4) to explore new ideas about why SMCs occur under certain solar wind conditions.</AbstractNarration>
    <MinAmdLetterDate>09/07/2001</MinAmdLetterDate>
    <MaxAmdLetterDate>02/27/2006</MaxAmdLetterDate>
    <ARRAAmount/>
    <AwardID>0101310</AwardID>
    <Investigator>
      <FirstName>Joseph</FirstName>
      <LastName>Borovsky</LastName>
      <EmailAddress>jborovsky@spacescience.org</EmailAddress>
      <StartDate>09/07/2001</StartDate>
      <EndDate/>
      <RoleCode>Principal Investigator</RoleCode>
    </Investigator>
    <Institution>
      <Name>Los Alamos National Laboratory</Name>
      <CityName>Los Alamos</CityName>
      <ZipCode>875450001</ZipCode>
      <PhoneNumber>5056671624</PhoneNumber>
      <StreetAddress>30 Bikini Rd</StreetAddress>
      <CountryName>United States</CountryName>
      <StateName>New Mexico</StateName>
      <StateCode>NM</StateCode>
    </Institution>
    <FoaInformation>
      <Code>0205000</Code>
      <Name>Space</Name>
    </FoaInformation>
    <ProgramElement>
      <Code>5750</Code>
      <Text>MAGNETOSPHERIC PHYSICS</Text>
    </ProgramElement>
    <ProgramReference>
      <Code>1323</Code>
      <Text>SOLAR INFLUENCES</Text>
    </ProgramReference>
    <ProgramReference>
      <Code>EGCH</Code>
      <Text>ENVIRONMENT AND GLOBAL CHANGE</Text>
    </ProgramReference>
    <ProgramReference>
      <Code>9150</Code>
      <Text>EXP PROG TO STIM COMP RES</Text>
    </ProgramReference>
  </Award>
</rootTag>
