<?xml version="1.0" encoding="UTF-8"?>

<rootTag>
  <Award>
    <AwardTitle>CISE Research Infrastructure: MultiStore: A Research Infrastructure for Management, Analysis and Visualization of Large-Scale Multidimensional Data Sets</AwardTitle>
    <AwardEffectiveDate>09/01/2001</AwardEffectiveDate>
    <AwardExpirationDate>02/29/2008</AwardExpirationDate>
    <AwardAmount>1003091</AwardAmount>
    <AwardInstrument>
      <Value>Continuing grant</Value>
    </AwardInstrument>
    <Organization>
      <Code>05050000</Code>
      <Directorate>
        <LongName>Direct For Computer &amp; Info Scie &amp; Enginr</LongName>
      </Directorate>
      <Division>
        <LongName>Division Of Computer and Network Systems</LongName>
      </Division>
    </Organization>
    <ProgramOfficer>
      <SignBlockName>Chitaranjan Das</SignBlockName>
    </ProgramOfficer>
    <AbstractNarration>EIA-0101244&lt;br/&gt;Aidong Zhang&lt;br/&gt;SUNY at Buffalo&lt;br/&gt;&lt;br/&gt;MultiStore: A Research Infrastructure for Management, Analysis and Visualization of Large-Scale Multi-dimensional Data Sets&lt;br/&gt;&lt;br/&gt;This project establishes a research infrastructure (MultiStore) for supporting integrated research in specific targeted areas of Computer Science, including Multimedia, visualization, Geographical Information Systems (GIS) and Bioinformatics. The research objective is to develop computational theories and algorithms for storing, managing, analyzing, querying and visualizing multi-dimensional data sets that are generated from the related fields. The research components include: (1) Data storage and management. We develop approaches to manage large-scale multi-dimensional data sets. Particular research issues include: multi-dimensional data storage, indexing, and clustering. (2) Data visualization. We develop effective graphics and visualization techniques that can help the user in information processing tasks. Particular research topics addressed include graph visualization and detecting clusters in a multidimensional data set through visualization. The visualization tools will be used in biomedical image understanding and analysis. (3) Data analysis and querying. We focus on geographical image understanding, analysis and querying. The particular research issues include geographical metadata/knowledge extraction, geographical metadata/knowledge representation and management, and geographical metadata/knowledge querying. (4) Data mining and bioinformatics. We develop data mining techniques for determination of protein structures and detection of gene expression patterns. Through these research activities, the fundamental understanding and novel techniques will be provided to support the management of various large-scale multi-dimensional data sets.</AbstractNarration>
    <MinAmdLetterDate>09/12/2001</MinAmdLetterDate>
    <MaxAmdLetterDate>09/13/2007</MaxAmdLetterDate>
    <ARRAAmount/>
    <AwardID>0101244</AwardID>
    <Investigator>
      <FirstName>Russ</FirstName>
      <LastName>Miller</LastName>
      <EmailAddress>miller@buffalo.edu</EmailAddress>
      <StartDate>09/12/2001</StartDate>
      <EndDate/>
      <RoleCode>Co-Principal Investigator</RoleCode>
    </Investigator>
    <Investigator>
      <FirstName>Raj</FirstName>
      <LastName>Acharya</LastName>
      <EmailAddress>acharya@cse.psu.edu</EmailAddress>
      <StartDate>09/12/2001</StartDate>
      <EndDate/>
      <RoleCode>Co-Principal Investigator</RoleCode>
    </Investigator>
    <Investigator>
      <FirstName>David</FirstName>
      <LastName>Mark</LastName>
      <EmailAddress>dmark@buffalo.edu</EmailAddress>
      <StartDate>09/12/2001</StartDate>
      <EndDate/>
      <RoleCode>Co-Principal Investigator</RoleCode>
    </Investigator>
    <Investigator>
      <FirstName>Aidong</FirstName>
      <LastName>Zhang</LastName>
      <EmailAddress>azhang@buffalo.edu</EmailAddress>
      <StartDate>09/12/2001</StartDate>
      <EndDate/>
      <RoleCode>Principal Investigator</RoleCode>
    </Investigator>
    <Investigator>
      <FirstName>Ashim</FirstName>
      <LastName>Garg</LastName>
      <EmailAddress>agarg@cse.buffalo.edu</EmailAddress>
      <StartDate>09/12/2001</StartDate>
      <EndDate/>
      <RoleCode>Co-Principal Investigator</RoleCode>
    </Investigator>
    <Institution>
      <Name>SUNY at Buffalo</Name>
      <CityName>Amherst</CityName>
      <ZipCode>142282567</ZipCode>
      <PhoneNumber>7166452634</PhoneNumber>
      <StreetAddress>520 Lee Entrance</StreetAddress>
      <CountryName>United States</CountryName>
      <StateName>New York</StateName>
      <StateCode>NY</StateCode>
    </Institution>
    <FoaInformation>
      <Code>0000099</Code>
      <Name>Other Applications NEC</Name>
    </FoaInformation>
    <ProgramElement>
      <Code>2885</Code>
      <Text>CISE RESEARCH INFRASTRUCTURE</Text>
    </ProgramElement>
    <ProgramReference>
      <Code>1088</Code>
      <Text>CISE RESEARCH INFRASTRUCTURE</Text>
    </ProgramReference>
    <ProgramReference>
      <Code>9218</Code>
      <Text>BASIC RESEARCH &amp; HUMAN RESORCS</Text>
    </ProgramReference>
    <ProgramReference>
      <Code>HPCC</Code>
      <Text>HIGH PERFORMANCE COMPUTING &amp; COMM</Text>
    </ProgramReference>
  </Award>
</rootTag>
