<?xml version="1.0" encoding="UTF-8"?>

<rootTag>
  <Award>
    <AwardTitle>Workshop and Symposium: GENOMICS: BEYOND THE SEQUENCE, Edinburgh, Scotland, March 26-27, 2001</AwardTitle>
    <AwardEffectiveDate>03/15/2001</AwardEffectiveDate>
    <AwardExpirationDate>02/28/2002</AwardExpirationDate>
    <AwardAmount>32680</AwardAmount>
    <AwardInstrument>
      <Value>Standard Grant</Value>
    </AwardInstrument>
    <Organization>
      <Code>08010207</Code>
      <Directorate>
        <LongName>Direct For Biological Sciences</LongName>
      </Directorate>
      <Division>
        <LongName>Division Of Environmental Biology</LongName>
      </Division>
    </Organization>
    <ProgramOfficer>
      <SignBlockName>Matthew Kane</SignBlockName>
    </ProgramOfficer>
    <AbstractNarration>DEB-0101610&lt;br/&gt;James T. Staley&lt;br/&gt;&lt;br/&gt;James T. Staley of the University of Washington has been awarded a grant to to support 8 U.S. PIs and 8 students/postdocs to attend a 2-day public symposium and 1-day workshop entitled "Genomics: Beyond the Sequence" in Edinburgh, Scotland, 26-27 March, 2001. The event is sponsored by the Systematic and Evolutionary Group of the Society of General Microbiology and the International Committee for Systematic Bacteriology. Participants at the symposium and workshop will discuss, digest and forecast the impact that genomics will have on our understanding of the evolution of prokaryotes and their inter-relationships. It is intended that speakers will draw heavily from data, tools, etc. derived from complete genome sequencing projects and develop a perspective of future developments at the interface of microbial systematics and genomics. Prokaryotic microbes are the oldest, most abundant and most diverse forms of life on earth. They are responsible for maintaining Earth's biogeochemical cycles, sustaining its ecosystems, and regenerating the air that we breathe, the water that we drink, and the soil in which we grow our food. Microorganisms are also at the foundation of the modern revolution in biotechnology. An understanding of the evolutionary patterns and processes of these organisms is essential to all microbiological research, and genomics offers the ultimate tool for resolving their phylogeny, taxonomy and classification. Half of the funds of this award will go to supporting training for students and postdoctoral participants in the symposium and workshop.</AbstractNarration>
    <MinAmdLetterDate>03/10/2001</MinAmdLetterDate>
    <MaxAmdLetterDate>03/10/2001</MaxAmdLetterDate>
    <ARRAAmount/>
    <AwardID>0101610</AwardID>
    <Investigator>
      <FirstName>James</FirstName>
      <LastName>Staley</LastName>
      <EmailAddress>jtstaley@u.washington.edu</EmailAddress>
      <StartDate>03/10/2001</StartDate>
      <EndDate/>
      <RoleCode>Principal Investigator</RoleCode>
    </Investigator>
    <Institution>
      <Name>University of Washington</Name>
      <CityName>Seattle</CityName>
      <ZipCode>981950001</ZipCode>
      <PhoneNumber>2065434043</PhoneNumber>
      <StreetAddress>4333 Brooklyn Ave NE</StreetAddress>
      <CountryName>United States</CountryName>
      <StateName>Washington</StateName>
      <StateCode>WA</StateCode>
    </Institution>
    <FoaInformation>
      <Code>0000099</Code>
      <Name>Other Applications NEC</Name>
    </FoaInformation>
    <ProgramElement>
      <Code>1089</Code>
      <Text>MICRO OBS &amp; MICRO INTER &amp; PRO</Text>
    </ProgramElement>
    <ProgramElement>
      <Code>1112</Code>
      <Text>Genetic Mechanisms</Text>
    </ProgramElement>
    <ProgramElement>
      <Code>1171</Code>
      <Text>PHYLOGENETIC SYSTEMATICS</Text>
    </ProgramElement>
    <ProgramElement>
      <Code>5980</Code>
      <Text>WESTERN EUROPE PROGRAM</Text>
    </ProgramElement>
    <ProgramReference>
      <Code>9169</Code>
      <Text>BIODIVERSITY AND ECOSYSTEM DYNAMICS</Text>
    </ProgramReference>
    <ProgramReference>
      <Code>9184</Code>
      <Text>BIOTECHNOLOGY - INFRASTRUCTURE</Text>
    </ProgramReference>
    <ProgramReference>
      <Code>EGCH</Code>
      <Text>ENVIRONMENT AND GLOBAL CHANGE</Text>
    </ProgramReference>
  </Award>
</rootTag>
