<?xml version="1.0" encoding="UTF-8"?>

<rootTag>
  <Award>
    <AwardTitle>Singularities of Nonlinear Heat Equations; and Related Problems in the Calculus of Variations</AwardTitle>
    <AwardEffectiveDate>05/15/1998</AwardEffectiveDate>
    <AwardExpirationDate>04/30/2001</AwardExpirationDate>
    <AwardAmount>76248</AwardAmount>
    <AwardInstrument>
      <Value>Standard Grant</Value>
    </AwardInstrument>
    <Organization>
      <Code>03040200</Code>
      <Directorate>
        <LongName>Direct For Mathematical &amp; Physical Scien</LongName>
      </Directorate>
      <Division>
        <LongName>Division Of Mathematical Sciences</LongName>
      </Division>
    </Organization>
    <ProgramOfficer>
      <SignBlockName>Peter Polyakov</SignBlockName>
    </ProgramOfficer>
    <AbstractNarration>Author: angenent@math.wisc.edu (Sigurd Angenent) at NOTE Date: 3/10/98 4:39 PM Priority: Normal TO: cberenst at nsf11 Subject: Re: DMS-9800894 ------------------------------- Message Contents ------------------------------- Here is the one page description of my research proposal which you requested. The PI intends to study nonlinear elliptic and diffusion equations by investigating the singularities their solutions may have. The particular equations to be studied include Curve Shortening (and variations thereof) Mean Curvature Flow, the Harmonic Map Flow, the Ricci Flow and the Porous Medium Equation. The proposed method is to find formal asymptotic expansions of solutions near their singularities, and then to devise analytical methods to decide whether or not solutions with the found singularity types can exist or not. A good understanding of nonlinear diffusion equations and the singularities of their solutions may lead to the resolutions of old problems in differential geometry, as it has done in the past. Apart from this purely mathematical interest, nonlinear diffusion equations appear in a wide range of science and engineering contexts. E.g. the Porous Medium Equation describes the flow of a viscous material (like oil) through a porous medium (sand). So- called "Curve Shortening " has been used both for enhancement and for automated analysis of video images, and in particular medical MRI images. A good understanding of nonlinear diffusion equations provides computer scientists and engineers with a new set of mathematical operations which they can use in image processing. --Sigurd Angenent</AbstractNarration>
    <MinAmdLetterDate>04/08/1998</MinAmdLetterDate>
    <MaxAmdLetterDate>04/08/1998</MaxAmdLetterDate>
    <ARRAAmount/>
    <AwardID>9800894</AwardID>
    <Investigator>
      <FirstName>Sigurd</FirstName>
      <LastName>Angenent</LastName>
      <EmailAddress>angenent@math.wisc.edu</EmailAddress>
      <StartDate>04/08/1998</StartDate>
      <EndDate/>
      <RoleCode>Principal Investigator</RoleCode>
    </Investigator>
    <Institution>
      <Name>University of Wisconsin-Madison</Name>
      <CityName>MADISON</CityName>
      <ZipCode>537151218</ZipCode>
      <PhoneNumber>6082623822</PhoneNumber>
      <StreetAddress>21 North Park Street</StreetAddress>
      <CountryName>United States</CountryName>
      <StateName>Wisconsin</StateName>
      <StateCode>WI</StateCode>
    </Institution>
  </Award>
</rootTag>
