<?xml version="1.0" encoding="UTF-8"?>

<rootTag>
  <Award>
    <AwardTitle>Effect of Finite Size Joints on Strength and Deformability of Rock Masses</AwardTitle>
    <AwardEffectiveDate>05/15/1998</AwardEffectiveDate>
    <AwardExpirationDate>04/30/2002</AwardExpirationDate>
    <AwardAmount>200000</AwardAmount>
    <AwardInstrument>
      <Value>Continuing grant</Value>
    </AwardInstrument>
    <Organization>
      <Code>07030000</Code>
      <Directorate>
        <LongName>Directorate For Engineering</LongName>
      </Directorate>
      <Division>
        <LongName>Div Of Civil, Mechanical, &amp; Manufact Inn</LongName>
      </Division>
    </Organization>
    <ProgramOfficer>
      <SignBlockName>Richard J. Fragaszy</SignBlockName>
    </ProgramOfficer>
    <AbstractNarration>9800407 Kulatilake "Effect of Finite Size Joints on Strength and Deformability of Rock Masses" Civil and mining engineers face design and construction tasks associated with geotechnical systems which are in or on discontinuous rock masses. Rock mass strength and deformability depend on a) the discontinuity (e.g., joints, fractures, faults) network, b) the geomechanical properties of the discontinuities, c) the geomechanical properties of the intact rock, d) the in situ stress system, and e) the loading/unloading stress path. Due to the complex nature of natural discontinuity patterns in rock, and uncertainties associated with estimating factors a) through e) above, the prediction of mass properties of rock at a large scale using the available stress analysis techniques and a limited field and laboratory investigation presents a great challenge for the rock engineering profession. This research focuses on the effect of joints on strength and deformability of rock masses. Primary objectives of this research are to establish the following relationships for jointed blocks made out of two model materials: a) the modulus of deformability in any direction as a function of the fracture tensor (a combined measure of joint geometry parameters component in that direction, deformational properties of the intact model material and joints, and the confining stress, and b) the strength in any direction as a function of the fracture tensor component in that direction, strength properties of the intact model material and joints, and the confining stress. Biaxial loading tests will be performed on jointed block samples having numerous joint geometry configurations. Model materials will be chosen to satisfy the similitude requirements compared to soft brittle rocks. Secondary objectives are to establish some guidelines to estimate equivalent continuum properties for jointed model material and rocks with respect to both strength and deformabilit y properties.. ***</AbstractNarration>
    <MinAmdLetterDate>05/22/1998</MinAmdLetterDate>
    <MaxAmdLetterDate>06/02/2000</MaxAmdLetterDate>
    <ARRAAmount/>
    <AwardID>9800407</AwardID>
    <Investigator>
      <FirstName>Pinnaduwa</FirstName>
      <LastName>Kulatilake</LastName>
      <EmailAddress>kulatila@u.arizona.edu</EmailAddress>
      <StartDate>05/22/1998</StartDate>
      <EndDate/>
      <RoleCode>Principal Investigator</RoleCode>
    </Investigator>
    <Institution>
      <Name>University of Arizona</Name>
      <CityName>Tucson</CityName>
      <ZipCode>857194824</ZipCode>
      <PhoneNumber>5206266000</PhoneNumber>
      <StreetAddress>888 N Euclid Ave</StreetAddress>
      <CountryName>United States</CountryName>
      <StateName>Arizona</StateName>
      <StateCode>AZ</StateCode>
    </Institution>
    <FoaInformation>
      <Code>0106000</Code>
      <Name>Materials Research</Name>
    </FoaInformation>
    <ProgramElement>
      <Code>1634</Code>
      <Text>GEOMECHANICS &amp; GEOMATERIALS</Text>
    </ProgramElement>
    <ProgramElement>
      <Code>1448</Code>
      <Text>GEOTECHNICAL I</Text>
    </ProgramElement>
    <ProgramReference>
      <Code>1057</Code>
      <Text>CIS BASE RESEARCH</Text>
    </ProgramReference>
    <ProgramReference>
      <Code>9251</Code>
      <Text>RES EXPER FOR UNDERGRAD-SUPPLT</Text>
    </ProgramReference>
    <ProgramReference>
      <Code>CVIS</Code>
      <Text>CIVIL INFRASTRUCTURE</Text>
    </ProgramReference>
  </Award>
</rootTag>
