<?xml version="1.0" encoding="UTF-8"?>

<rootTag>
  <Award>
    <AwardTitle>Acquisition of a Synchronous Laser Pullsing System for High Speed Camera Imaging</AwardTitle>
    <AwardEffectiveDate>09/01/1998</AwardEffectiveDate>
    <AwardExpirationDate>08/31/1999</AwardExpirationDate>
    <AwardAmount>25000</AwardAmount>
    <AwardInstrument>
      <Value>Standard Grant</Value>
    </AwardInstrument>
    <Organization>
      <Code>07030000</Code>
      <Directorate>
        <LongName>Directorate For Engineering</LongName>
      </Directorate>
      <Division>
        <LongName>Div Of Civil, Mechanical, &amp; Manufact Inn</LongName>
      </Division>
    </Organization>
    <ProgramOfficer>
      <SignBlockName>Ken Chong</SignBlockName>
    </ProgramOfficer>
    <AbstractNarration>A synchronizing unit for a high speed camera system and pulsed laser to work in conjunction with an existing rotating mirror type high speed camera are acquired. A continuous laser light source is also acquired along with a modified optical system employing magnifying optics. The combined apparatus is used to investigate dynamic fracture effects in composites and functionally gradient materials and to visualize dynamic fiber pull-out and push-out using the modified optics.&lt;br/&gt;***</AbstractNarration>
    <MinAmdLetterDate>08/13/1998</MinAmdLetterDate>
    <MaxAmdLetterDate>08/13/1998</MaxAmdLetterDate>
    <ARRAAmount/>
    <AwardID>9800263</AwardID>
    <Investigator>
      <FirstName>Michael</FirstName>
      <LastName>Santare</LastName>
      <EmailAddress>santare@udel.edu</EmailAddress>
      <StartDate>08/13/1998</StartDate>
      <EndDate/>
      <RoleCode>Co-Principal Investigator</RoleCode>
    </Investigator>
    <Investigator>
      <FirstName>John</FirstName>
      <LastName>Lambros</LastName>
      <EmailAddress>lambros@illinois.edu</EmailAddress>
      <StartDate>08/13/1998</StartDate>
      <EndDate/>
      <RoleCode>Principal Investigator</RoleCode>
    </Investigator>
    <Institution>
      <Name>University of Delaware</Name>
      <CityName>Newark</CityName>
      <ZipCode>197162553</ZipCode>
      <PhoneNumber>3028312136</PhoneNumber>
      <StreetAddress>210 Hullihen Hall</StreetAddress>
      <CountryName>United States</CountryName>
      <StateName>Delaware</StateName>
      <StateCode>DE</StateCode>
    </Institution>
  </Award>
</rootTag>
