<?xml version="1.0" encoding="UTF-8"?>

<rootTag>
  <Award>
    <AwardTitle>Collaborative Research: Three-Dimensional Quantitative Modeling of Progradational Systems; Application to the Neocomian Barrow Delta, Northwest Australia</AwardTitle>
    <AwardEffectiveDate>11/15/1997</AwardEffectiveDate>
    <AwardExpirationDate>04/30/1999</AwardExpirationDate>
    <AwardAmount>32366</AwardAmount>
    <AwardInstrument>
      <Value>Standard Grant</Value>
    </AwardInstrument>
    <Organization>
      <Code>06040200</Code>
      <Directorate>
        <LongName>Directorate For Geosciences</LongName>
      </Directorate>
      <Division>
        <LongName>Division Of Ocean Sciences</LongName>
      </Division>
    </Organization>
    <ProgramOfficer>
      <SignBlockName>Bilal U. Haq</SignBlockName>
    </ProgramOfficer>
    <AbstractNarration>Two-dimensional stratigraphic models are limited since they assume that all sediment is transported across the margin and fail to capture the inherent 3D variability of most geological systems. 2-D models therefore cannot simulate alongshore transport of sediments and formation of an onlap surface that defines the lowstand systems tract. Across and along margin transport and deposition is also controlled by advection and diffusion processes. Funds are provided for a small grant for exploratory research so that the Is can verify the viability of the Australian biostratigraphy as a high resolution correlation tool in the Barrow Delta system and to attempt to model a clinoform package within the Barrow with model predictions based on seismic reflection and litho- and biostratigraphic data.</AbstractNarration>
    <MinAmdLetterDate>11/18/1997</MinAmdLetterDate>
    <MaxAmdLetterDate>11/18/1997</MaxAmdLetterDate>
    <ARRAAmount/>
    <AwardID>9800047</AwardID>
    <Investigator>
      <FirstName>Garry</FirstName>
      <LastName>Karner</LastName>
      <EmailAddress>garry@ldeo.columbia.edu</EmailAddress>
      <StartDate>11/18/1997</StartDate>
      <EndDate/>
      <RoleCode>Principal Investigator</RoleCode>
    </Investigator>
    <Institution>
      <Name>Columbia University</Name>
      <CityName>NEW YORK</CityName>
      <ZipCode>100276902</ZipCode>
      <PhoneNumber>2128546851</PhoneNumber>
      <StreetAddress>2960 Broadway</StreetAddress>
      <CountryName>United States</CountryName>
      <StateName>New York</StateName>
      <StateCode>NY</StateCode>
    </Institution>
  </Award>
</rootTag>
