<?xml version="1.0" encoding="UTF-8"?>

<rootTag>
  <Award>
    <AwardTitle>Adaptive Man-Machine Interfaces</AwardTitle>
    <AwardEffectiveDate>09/15/1998</AwardEffectiveDate>
    <AwardExpirationDate>08/31/2002</AwardExpirationDate>
    <AwardAmount>450000</AwardAmount>
    <AwardInstrument>
      <Value>Continuing grant</Value>
    </AwardInstrument>
    <Organization>
      <Code>05020000</Code>
      <Directorate>
        <LongName>Direct For Computer &amp; Info Scie &amp; Enginr</LongName>
      </Directorate>
      <Division>
        <LongName>Div Of Information &amp; Intelligent Systems</LongName>
      </Division>
    </Organization>
    <ProgramOfficer>
      <SignBlockName>William Bainbridge</SignBlockName>
    </ProgramOfficer>
    <AbstractNarration>This work will exploit learning techniques recently developed to work towards computers that learn to detect and recognize people, estimate user's gestures and communicate visually with them via a photorealistic computer-generated human face. In particular, the plan is to use tow main theoretical and algorithmic approaches to learning: Support Vector Machines and Hidden Markov Models. With these tools, two key aspects of a trainable man-machine interface will be developed: An analysis module that can be trained to estimate in real time facial expressions of the user and associated physical parameters and a synthesis module that can be trained to generate image sequences of a real human face synchronized to a text-to-speech system. The significance of the work is three-fold: (1) The project will contribute to the development of a new generation of computer interfaces more user-friendly and human-centered than today's interfaces. Such interfaces will be of direct use in education and as components of prostheses for the disadvantaged; (2) The project will integrate recently developed learning techniques to real time vision and graphics applications; and (3) The project will explore the boundaries of what is possible to achieve using 2D representations of faces rather than the more common, physically-based, 3D-based models.</AbstractNarration>
    <MinAmdLetterDate>09/09/1998</MinAmdLetterDate>
    <MaxAmdLetterDate>06/20/2000</MaxAmdLetterDate>
    <ARRAAmount/>
    <AwardID>9800032</AwardID>
    <Investigator>
      <FirstName>Tomaso</FirstName>
      <LastName>Poggio</LastName>
      <EmailAddress>tp@ai.mit.edu</EmailAddress>
      <StartDate>09/09/1998</StartDate>
      <EndDate/>
      <RoleCode>Principal Investigator</RoleCode>
    </Investigator>
    <Investigator>
      <FirstName>Robert</FirstName>
      <LastName>Berwick</LastName>
      <EmailAddress>berwick@ai.mit.edu</EmailAddress>
      <StartDate>09/09/1998</StartDate>
      <EndDate/>
      <RoleCode>Co-Principal Investigator</RoleCode>
    </Investigator>
    <Investigator>
      <FirstName>Michael</FirstName>
      <LastName>Jordan</LastName>
      <EmailAddress>jordan@cs.berkeley.edu</EmailAddress>
      <StartDate>09/09/1998</StartDate>
      <EndDate/>
      <RoleCode>Co-Principal Investigator</RoleCode>
    </Investigator>
    <Investigator>
      <FirstName>Federico</FirstName>
      <LastName>Girosi</LastName>
      <EmailAddress>girosi@ai.mit.edu</EmailAddress>
      <StartDate>09/09/1998</StartDate>
      <EndDate/>
      <RoleCode>Co-Principal Investigator</RoleCode>
    </Investigator>
    <Institution>
      <Name>Massachusetts Institute of Technology</Name>
      <CityName>Cambridge</CityName>
      <ZipCode>021394301</ZipCode>
      <PhoneNumber>6172531000</PhoneNumber>
      <StreetAddress>77 MASSACHUSETTS AVE</StreetAddress>
      <CountryName>United States</CountryName>
      <StateName>Massachusetts</StateName>
      <StateCode>MA</StateCode>
    </Institution>
    <FoaInformation>
      <Code>0104000</Code>
      <Name>Information Systems</Name>
    </FoaInformation>
    <ProgramElement>
      <Code>6840</Code>
      <Text>ROBOTICS</Text>
    </ProgramElement>
    <ProgramElement>
      <Code>6845</Code>
      <Text>HUMAN COMPUTER INTER PROGRAM</Text>
    </ProgramElement>
    <ProgramElement>
      <Code>6856</Code>
      <Text>ARTIFICIAL INTELL &amp; COGNIT SCI</Text>
    </ProgramElement>
    <ProgramReference>
      <Code>9218</Code>
      <Text>BASIC RESEARCH &amp; HUMAN RESORCS</Text>
    </ProgramReference>
    <ProgramReference>
      <Code>HPCC</Code>
      <Text>HIGH PERFORMANCE COMPUTING &amp; COMM</Text>
    </ProgramReference>
  </Award>
</rootTag>
