<?xml version="1.0" encoding="UTF-8"?>

<rootTag>
  <Award>
    <AwardTitle>Advanced Contract Types for Automated Negotiation</AwardTitle>
    <AwardEffectiveDate>09/15/1998</AwardEffectiveDate>
    <AwardExpirationDate>07/31/2001</AwardExpirationDate>
    <AwardAmount>120000</AwardAmount>
    <AwardInstrument>
      <Value>Standard Grant</Value>
    </AwardInstrument>
    <Organization>
      <Code>05020000</Code>
      <Directorate>
        <LongName>Direct For Computer &amp; Info Scie &amp; Enginr</LongName>
      </Directorate>
      <Division>
        <LongName>Div Of Information &amp; Intelligent Systems</LongName>
      </Division>
    </Organization>
    <ProgramOfficer>
      <SignBlockName>C. Suzanne Iacono</SignBlockName>
    </ProgramOfficer>
    <AbstractNarration>A growing standardized communications infrastucture, over which, agents belonging to different organizations can interact, is expected to raise the importance of automated negotiation among self-interested automated agents. This project investigates normative negotiation stratagies for agents, specifically: a) extending work on single contracts by investigating decommitments, penalties, etc. and their relationships to optimality; b) designing barganing protocals that lead to optimal contracts, and c) studying sequences of contracts among multiple agents, including the affects of changing the pace of decommitments, contingancy contracts, and more powerful contract types that reduce needs for backtracking. The results of these studies will be used to design a normative hybrid multi-agent search algorithm that repesents the best chice in a space of protocals where each dimension corresponds to a methodilogical tradeoff. Among other things, this work is expected to impact electronic commerce, including such aspects as the formation of dynamic alliances of small agile enterprises through dynamic automated contracting. http://www.cs.wustl.edu/~sandholm</AbstractNarration>
    <MinAmdLetterDate>09/11/1998</MinAmdLetterDate>
    <MaxAmdLetterDate>09/11/1998</MaxAmdLetterDate>
    <ARRAAmount/>
    <AwardID>9800994</AwardID>
    <Investigator>
      <FirstName>Tuomas</FirstName>
      <LastName>Sandholm</LastName>
      <EmailAddress>sandholm@cs.cmu.edu</EmailAddress>
      <StartDate>09/11/1998</StartDate>
      <EndDate/>
      <RoleCode>Principal Investigator</RoleCode>
    </Investigator>
    <Institution>
      <Name>Washington University</Name>
      <CityName>Saint Louis</CityName>
      <ZipCode>631304862</ZipCode>
      <PhoneNumber>3147474134</PhoneNumber>
      <StreetAddress>CAMPUS BOX 1054</StreetAddress>
      <CountryName>United States</CountryName>
      <StateName>Missouri</StateName>
      <StateCode>MO</StateCode>
    </Institution>
    <FoaInformation>
      <Code>0104000</Code>
      <Name>Information Systems</Name>
    </FoaInformation>
    <ProgramElement>
      <Code>6850</Code>
      <Text>DIGITAL SOCIETY&amp;TECHNOLOGIES</Text>
    </ProgramElement>
    <ProgramReference>
      <Code>9216</Code>
      <Text>ADVANCED SOFTWARE TECH &amp; ALGOR</Text>
    </ProgramReference>
    <ProgramReference>
      <Code>HPCC</Code>
      <Text>HIGH PERFORMANCE COMPUTING &amp; COMM</Text>
    </ProgramReference>
  </Award>
</rootTag>
