<?xml version="1.0" encoding="UTF-8"?>

<rootTag>
  <Award>
    <AwardTitle>PPD/IEP: Information Access - Education, Opportunities, and Technology</AwardTitle>
    <AwardEffectiveDate>09/01/1998</AwardEffectiveDate>
    <AwardExpirationDate>08/31/2002</AwardExpirationDate>
    <AwardAmount>893967</AwardAmount>
    <AwardInstrument>
      <Value>Continuing grant</Value>
    </AwardInstrument>
    <Organization>
      <Code>11060400</Code>
      <Directorate>
        <LongName>Direct For Education and Human Resources</LongName>
      </Directorate>
      <Division>
        <LongName>Division Of Human Resource Development</LongName>
      </Division>
    </Organization>
    <ProgramOfficer>
      <SignBlockName>Arthur Karshmer</SignBlockName>
    </ProgramOfficer>
    <AbstractNarration>The University of Delaware has completed three years of NSF- supported research focused on increasing the number of students with disabilities in scientific academic programs and professions. This effort has focused on increasing the access to information by students with disabilities necessary for success in education and careers in science, engineering, and mathematics. The project has also emphasized hands-on opportunities for students with disabilities studying these disciplines and providing the technological tools that provide the students full participation in these fields. Specifically, research and development efforts have centered on three critical areas: . Model outreach projects for high school and university students. This component includes an Internet-based mentoring program, technology based workshops and summer programs, internships, campus organizations and support groups, and a campus lecture series focused on disability, education, and employment topics. . Educational and professional development programs for parents and educators. These programs are designed to allow greater advocacy by parents and increase the knowledge base of educators. Components include workshops and lecture series open to all parents and educators covering topics related to disability, education, employment, and assistive technology. Additionally, both pre-service and in-service education of pre-college science and mathematics teachers is provided at the university by project staff. . Research and development of information access tools. Information access tools are being developed to allow individuals with disabilities use of laboratory instruments and access to classroom and scientific information. Research will continue to focus on engineering solutions to information access problems including tactile rendering of information, haptic and sonification r epresentations of data, classroom access and communication tools for the deaf and hard-of- hearing, as well as alternative output and remote access laboratory instruments. To ensure a widespread and lasting impact, many of the program components were established and operated in partnership with other institutions, organizations, and projects. Several of these components have started the process of institutionalization through their independent continuation or through institutional support. This process of institutionalization will be continued during the next three years building on the successes achieved during the previous award.</AbstractNarration>
    <MinAmdLetterDate>02/02/1998</MinAmdLetterDate>
    <MaxAmdLetterDate>08/14/2000</MaxAmdLetterDate>
    <ARRAAmount/>
    <AwardID>9800175</AwardID>
    <Investigator>
      <FirstName>Kenneth</FirstName>
      <LastName>Barner</LastName>
      <EmailAddress>barner@eecis.udel.edu</EmailAddress>
      <StartDate>02/02/1998</StartDate>
      <EndDate/>
      <RoleCode>Principal Investigator</RoleCode>
    </Investigator>
    <Investigator>
      <FirstName>Richard</FirstName>
      <LastName>Foulds</LastName>
      <EmailAddress>foulds@njit.edu</EmailAddress>
      <StartDate>02/02/1998</StartDate>
      <EndDate/>
      <RoleCode>Co-Principal Investigator</RoleCode>
    </Investigator>
    <Institution>
      <Name>University of Delaware</Name>
      <CityName>Newark</CityName>
      <ZipCode>197162553</ZipCode>
      <PhoneNumber>3028312136</PhoneNumber>
      <StreetAddress>210 Hullihen Hall</StreetAddress>
      <CountryName>United States</CountryName>
      <StateName>Delaware</StateName>
      <StateCode>DE</StateCode>
    </Institution>
    <FoaInformation>
      <Code>0000099</Code>
      <Name>Other Applications NEC</Name>
    </FoaInformation>
  </Award>
</rootTag>
