<?xml version="1.0" encoding="UTF-8"?>

<rootTag>
  <Award>
    <AwardTitle>Design and Operation of Reverse Production Systems</AwardTitle>
    <AwardEffectiveDate>10/01/1998</AwardEffectiveDate>
    <AwardExpirationDate>09/30/2002</AwardExpirationDate>
    <AwardAmount>349302</AwardAmount>
    <AwardInstrument>
      <Value>Continuing grant</Value>
    </AwardInstrument>
    <Organization>
      <Code>07030000</Code>
      <Directorate>
        <LongName>Directorate For Engineering</LongName>
      </Directorate>
      <Division>
        <LongName>Div Of Civil, Mechanical, &amp; Manufact Inn</LongName>
      </Division>
    </Organization>
    <ProgramOfficer>
      <SignBlockName>Janet M. Twomey</SignBlockName>
    </ProgramOfficer>
    <AbstractNarration>9800198&lt;br/&gt;Realff&lt;br/&gt; The research funded by this grant concerns the development of an approach for making strategic decisions about production and logistics systems for recovering and reprocessing used products. The method considers recycling tasks, collection, sortation and separation of materials and remanufacturing tasks such as material compounding and depolymerization. Each task may have several different implementations and can be located at different sites connected by various modes of transportation. This results in a superstructure of recycling networks from which the one with lowest overall annualized cost will be found using an optimization method. The approach will be based on mixed integer linear programming methodology and will include an interface implemented on the World Wide Web to allow potential users of the tool to access and modify models to run case studies and examine solutions.&lt;br/&gt; If successful, the results of this research will provide a way to design cost effective reverse production systems and improve the understanding of the similarities and differences in systems for recovering a range of products. The optimal solution will consist of which sites to open, what tasks to allocate to the sites and how much material should be shipped by what mode. The formulation has a multi-period structure so that the network can be expanded in an optimal fashion over time. The method will be tested using several products starting with carpet for which a small scale network exists. Other products will include paper machine webs and electronic consumer goods. The tool will provide the capability of simulating a wide range of recycling and reprocessing strategies and technologies. This will quantify the effects of uncertainty in collection volumes and technologies on the structure of the network for those trying to make investments in recycling infrastructure.</AbstractNarration>
    <MinAmdLetterDate>07/13/1998</MinAmdLetterDate>
    <MaxAmdLetterDate>05/18/2000</MaxAmdLetterDate>
    <ARRAAmount/>
    <AwardID>9800198</AwardID>
    <Investigator>
      <FirstName>Jane</FirstName>
      <LastName>Ammons</LastName>
      <EmailAddress>jane.ammons@coe.gatech.edu</EmailAddress>
      <StartDate>07/13/1998</StartDate>
      <EndDate/>
      <RoleCode>Co-Principal Investigator</RoleCode>
    </Investigator>
    <Investigator>
      <FirstName>Matthew</FirstName>
      <LastName>Realff</LastName>
      <EmailAddress>matthew.realff@chbe.gatech.edu</EmailAddress>
      <StartDate>07/13/1998</StartDate>
      <EndDate/>
      <RoleCode>Principal Investigator</RoleCode>
    </Investigator>
    <Institution>
      <Name>Georgia Tech Research Corporation</Name>
      <CityName>Atlanta</CityName>
      <ZipCode>303320420</ZipCode>
      <PhoneNumber>4048944819</PhoneNumber>
      <StreetAddress>Office of Sponsored Programs</StreetAddress>
      <CountryName>United States</CountryName>
      <StateName>Georgia</StateName>
      <StateCode>GA</StateCode>
    </Institution>
  </Award>
</rootTag>
