<?xml version="1.0" encoding="UTF-8"?>

<rootTag>
  <Award>
    <AwardTitle>High Damping Hierarchical Composites</AwardTitle>
    <AwardEffectiveDate>05/01/1998</AwardEffectiveDate>
    <AwardExpirationDate>04/30/2001</AwardExpirationDate>
    <AwardAmount>225595</AwardAmount>
    <AwardInstrument>
      <Value>Standard Grant</Value>
    </AwardInstrument>
    <Organization>
      <Code>07030000</Code>
      <Directorate>
        <LongName>Directorate For Engineering</LongName>
      </Directorate>
      <Division>
        <LongName>Div Of Civil, Mechanical, &amp; Manufact Inn</LongName>
      </Division>
    </Organization>
    <ProgramOfficer>
      <SignBlockName>Sunil Saigal</SignBlockName>
    </ProgramOfficer>
    <AbstractNarration>CMS 9800548 PI: R.S. Lakes U of Iowa ABSTRACT Composite materials of high stiffness and high mechanical damping are developed to enable damping of vibrations in structures such as those in aircraft and automobiles over a wide range of temperatures. The concept of hierarchical solids that contain structural elements that themselves have structure is used. Lessons learned from natural hierarchical high performance materials such as human bone are incorporated into materials development. Results of analytical study are used as starting points for topology optimization.</AbstractNarration>
    <MinAmdLetterDate>04/24/1998</MinAmdLetterDate>
    <MaxAmdLetterDate>04/24/1998</MaxAmdLetterDate>
    <ARRAAmount/>
    <AwardID>9800548</AwardID>
    <Investigator>
      <FirstName>Roderic</FirstName>
      <LastName>Lakes</LastName>
      <EmailAddress>lakes@engr.wisc.edu</EmailAddress>
      <StartDate>04/24/1998</StartDate>
      <EndDate/>
      <RoleCode>Principal Investigator</RoleCode>
    </Investigator>
    <Investigator>
      <FirstName>Colby</FirstName>
      <LastName>Swan</LastName>
      <EmailAddress>colby-swan@uiowa.edu</EmailAddress>
      <StartDate>04/24/1998</StartDate>
      <EndDate/>
      <RoleCode>Co-Principal Investigator</RoleCode>
    </Investigator>
    <Institution>
      <Name>University of Iowa</Name>
      <CityName>IOWA CITY</CityName>
      <ZipCode>522421320</ZipCode>
      <PhoneNumber>3193352123</PhoneNumber>
      <StreetAddress>2 GILMORE HALL</StreetAddress>
      <CountryName>United States</CountryName>
      <StateName>Iowa</StateName>
      <StateCode>IA</StateCode>
    </Institution>
    <FoaInformation>
      <Code>0106000</Code>
      <Name>Materials Research</Name>
    </FoaInformation>
    <FoaInformation>
      <Code>0308000</Code>
      <Name>Industrial Technology</Name>
    </FoaInformation>
    <ProgramElement>
      <Code>1441</Code>
      <Text>MECHANICS</Text>
    </ProgramElement>
    <ProgramReference>
      <Code>9161</Code>
      <Text>SINGLE DIVISION/UNIVERSITY</Text>
    </ProgramReference>
    <ProgramReference>
      <Code>AMPP</Code>
      <Text>ADVANCED MATERIALS &amp; PROCESSING PROGRAM</Text>
    </ProgramReference>
  </Award>
</rootTag>
