<?xml version="1.0" encoding="UTF-8"?>

<rootTag>
  <Award>
    <AwardTitle>LIGO Data Analysis and Gravitational Wave Astronomy</AwardTitle>
    <AwardEffectiveDate>08/15/1998</AwardEffectiveDate>
    <AwardExpirationDate>01/31/2002</AwardExpirationDate>
    <AwardAmount>403290</AwardAmount>
    <AwardInstrument>
      <Value>Continuing grant</Value>
    </AwardInstrument>
    <Organization>
      <Code>03010700</Code>
      <Directorate>
        <LongName>Direct For Mathematical &amp; Physical Scien</LongName>
      </Directorate>
      <Division>
        <LongName>Division Of Physics</LongName>
      </Division>
    </Organization>
    <ProgramOfficer>
      <SignBlockName>Richard Isaacson</SignBlockName>
    </ProgramOfficer>
    <AbstractNarration>***&lt;br/&gt;9800111&lt;br/&gt;Finn&lt;br/&gt;&lt;br/&gt;This program addresses research in gravitational wave astronomy--the interpretation of gravitational wave observations that are anticipated to begin in the next several years--in addition to data analysis questions of direct relevance to the LIGO experimental gravitational wave detection effort. It is anticipated that the latter research efforts will be carried out in the context of the LIGO Science Collaboration. This research if of direct relevance to include development of:&lt;br/&gt;&lt;br/&gt; "science benchmarks" for the uniform assessment of alternative detector designs in terms of target science;&lt;br/&gt;&lt;br/&gt; techniques for generating extensible pseudo-random sequences with Gaussian statistics and a prescribed power spectral density that may include arbitrarily sharp spectral features (for simulating the Gaussian-stationary noise component of the LIGO receiver);&lt;br/&gt;&lt;br/&gt; diagnostics techniques for identifying and characterizing the statistical properties of non-Gaussian stationary and non-stationary instrumental noise,&lt;br/&gt;&lt;br/&gt; data analysis algorithms that exploit fully the information present in the correlated output of a network of independent gravitational wave detectors,&lt;br/&gt;&lt;br/&gt; data analysis algorithms for the identification of stochastic signals using maximum likelihood tests,&lt;br/&gt;&lt;br/&gt; data analysis algorithms capable of identifying burst sources or unknown origin, and&lt;br/&gt;&lt;br/&gt; Bayesian data analysis algorithms as alternatives to the Frequentist algorithms that have already been explored in the literature.&lt;br/&gt;&lt;br/&gt;Gravitational wave astronomy research problems addressed here focus on&lt;br/&gt;&lt;br/&gt; source calculations for stochastic signals arising from non-exotic sources;&lt;br/&gt;&lt;br/&gt; interpretation of observations of generic burst sources in terms of astrophysical sources;&lt;br/&gt;&lt;br/&gt; the use of binary inspiral observations as a census of the distribution of component masses in compact binaries and as a yardstick by which the Hubble constant and other cosmological parameters may be measured; and&lt;br/&gt;&lt;br/&gt; the use of gravitational wave observations in LIGO to test predictions of alternative theories of gravity regarding the "spin" of the graviton.&lt;br/&gt;***</AbstractNarration>
    <MinAmdLetterDate>08/07/1998</MinAmdLetterDate>
    <MaxAmdLetterDate>06/08/2000</MaxAmdLetterDate>
    <ARRAAmount/>
    <AwardID>9800111</AwardID>
    <Investigator>
      <FirstName>Lee</FirstName>
      <LastName>Finn</LastName>
      <EmailAddress>LSF5@PSU.Edu</EmailAddress>
      <StartDate>08/07/1998</StartDate>
      <EndDate/>
      <RoleCode>Principal Investigator</RoleCode>
    </Investigator>
    <Institution>
      <Name>Pennsylvania State Univ University Park</Name>
      <CityName>UNIVERSITY PARK</CityName>
      <ZipCode>168027000</ZipCode>
      <PhoneNumber>8148651372</PhoneNumber>
      <StreetAddress>110 Technology Center Building</StreetAddress>
      <CountryName>United States</CountryName>
      <StateName>Pennsylvania</StateName>
      <StateCode>PA</StateCode>
    </Institution>
    <FoaInformation>
      <Code>0000099</Code>
      <Name>Other Applications NEC</Name>
    </FoaInformation>
    <ProgramElement>
      <Code>1252</Code>
      <Text>LIGO RESEARCH SUPPORT</Text>
    </ProgramElement>
    <ProgramReference>
      <Code>0000</Code>
      <Text>UNASSIGNED</Text>
    </ProgramReference>
    <ProgramReference>
      <Code>1339</Code>
      <Text>KDI/NCC</Text>
    </ProgramReference>
    <ProgramReference>
      <Code>9178</Code>
      <Text>UNDERGRADUATE EDUCATION</Text>
    </ProgramReference>
    <ProgramReference>
      <Code>9251</Code>
      <Text>RES EXPER FOR UNDERGRAD-SUPPLT</Text>
    </ProgramReference>
    <ProgramReference>
      <Code>OTHR</Code>
      <Text>OTHER RESEARCH OR EDUCATION</Text>
    </ProgramReference>
  </Award>
</rootTag>
