<?xml version="1.0" encoding="UTF-8"?>

<rootTag>
  <Award>
    <AwardTitle>Dissertation Research: Molecular Phylogeography of Neotoma fuscipes</AwardTitle>
    <AwardEffectiveDate>06/01/1998</AwardEffectiveDate>
    <AwardExpirationDate>05/31/2000</AwardExpirationDate>
    <AwardAmount>7000</AwardAmount>
    <AwardInstrument>
      <Value>Standard Grant</Value>
    </AwardInstrument>
    <Organization>
      <Code>08010207</Code>
      <Directorate>
        <LongName>Direct For Biological Sciences</LongName>
      </Directorate>
      <Division>
        <LongName>Division Of Environmental Biology</LongName>
      </Division>
    </Organization>
    <ProgramOfficer>
      <SignBlockName>Mark Courtney</SignBlockName>
    </ProgramOfficer>
    <AbstractNarration>9800944 Patton Using molecular genetic techniques and field studies, the investigators will examine how historic and current ecological and demographic factors have influenced the evolutionary diversification of Neotoma fuscipes, the dusky-footed woodrat. In two ecologically distinct regions, aspects of life history that affect the distribution of genetic variation within and among local populations will be studied. The distribution of genetic diversity throughout the entire species range will also be investigated. Studying both local and broad scale patterns of genetic variation will give unique insight into the diversification of this species and will add to understanding of the evolution of Californian biodiversity. Data from this study will also help guide the management of several subspecies of N. fuscipes that have special conservation status.</AbstractNarration>
    <MinAmdLetterDate>05/01/1998</MinAmdLetterDate>
    <MaxAmdLetterDate>05/01/1998</MaxAmdLetterDate>
    <ARRAAmount/>
    <AwardID>9800944</AwardID>
    <Investigator>
      <FirstName>James</FirstName>
      <LastName>Patton</LastName>
      <EmailAddress>patton@uclink4.berkeley.edu</EmailAddress>
      <StartDate>05/01/1998</StartDate>
      <EndDate/>
      <RoleCode>Principal Investigator</RoleCode>
    </Investigator>
    <Institution>
      <Name>University of California-Berkeley</Name>
      <CityName>BERKELEY</CityName>
      <ZipCode>947045940</ZipCode>
      <PhoneNumber>5106428109</PhoneNumber>
      <StreetAddress>Sponsored Projects Office</StreetAddress>
      <CountryName>United States</CountryName>
      <StateName>California</StateName>
      <StateCode>CA</StateCode>
    </Institution>
    <FoaInformation>
      <Code>0312000</Code>
      <Name>Population</Name>
    </FoaInformation>
  </Award>
</rootTag>
