<?xml version="1.0" encoding="UTF-8"?>

<rootTag>
  <Award>
    <AwardTitle>U.S.-Germany Cooperative Research: Short-Time Dynamics of Miscible Polymer Blends</AwardTitle>
    <AwardEffectiveDate>08/15/1998</AwardEffectiveDate>
    <AwardExpirationDate>07/31/2001</AwardExpirationDate>
    <AwardAmount>31800</AwardAmount>
    <AwardInstrument>
      <Value>Standard Grant</Value>
    </AwardInstrument>
    <Organization>
      <Code>01090000</Code>
      <Directorate>
        <LongName>Office Of The Director</LongName>
      </Directorate>
      <Division>
        <LongName>Office Of Internatl Science &amp;Engineering</LongName>
      </Division>
    </Organization>
    <ProgramOfficer>
      <SignBlockName>Mark A. Suskin</SignBlockName>
    </ProgramOfficer>
    <AbstractNarration>9800092&lt;br/&gt;Kumar&lt;br/&gt;The award on this proposal ("Short-Time Dynamics of Miscible Polymer Blends") supports a collaboration between the PI, co-PI Robert Colby, and graduate students from Penn State, and Dieter Richter of the Institute for Solid State Research at the National Research Center in J³lich, Germany, and George Fytas of the Institute of Electronic Structure and Laser at the Foundation for Research and Technology-Hellas in Heraklion, Greece. The research will focus on the long-time dynamics of polymer blends which control the motion of entire chains effecting their viscosity and diffusion coefficients. The ability to predict these features is critical to polymer processing, and is of significant interest to the community. In order to achieve the goals of the proposed research it is necessary to develop collaborations to measure motions at length scales smaller than the whole polymer chain. Both the German group, which is a world leader in quasielastic neutron scattering techniques, and the Greek group, which uses a complementary diagnostic tool, bring unique facilities and expertise to the collaboration.</AbstractNarration>
    <MinAmdLetterDate>08/17/1998</MinAmdLetterDate>
    <MaxAmdLetterDate>08/17/1998</MaxAmdLetterDate>
    <ARRAAmount/>
    <AwardID>9800092</AwardID>
    <Investigator>
      <FirstName>Sanat</FirstName>
      <LastName>Kumar</LastName>
      <EmailAddress>sk2794@columbia.edu</EmailAddress>
      <StartDate>08/17/1998</StartDate>
      <EndDate/>
      <RoleCode>Principal Investigator</RoleCode>
    </Investigator>
    <Investigator>
      <FirstName>Ralph</FirstName>
      <LastName>Colby</LastName>
      <EmailAddress>rhc@plmsc.psu.edu</EmailAddress>
      <StartDate>08/17/1998</StartDate>
      <EndDate/>
      <RoleCode>Co-Principal Investigator</RoleCode>
    </Investigator>
    <Institution>
      <Name>Pennsylvania State Univ University Park</Name>
      <CityName>UNIVERSITY PARK</CityName>
      <ZipCode>168027000</ZipCode>
      <PhoneNumber>8148651372</PhoneNumber>
      <StreetAddress>110 Technology Center Building</StreetAddress>
      <CountryName>United States</CountryName>
      <StateName>Pennsylvania</StateName>
      <StateCode>PA</StateCode>
    </Institution>
    <FoaInformation>
      <Code>0000099</Code>
      <Name>Other Applications NEC</Name>
    </FoaInformation>
  </Award>
</rootTag>
