<?xml version="1.0" encoding="UTF-8"?>

<rootTag>
  <Award>
    <AwardTitle>Various Topics in Theoretical Physics</AwardTitle>
    <AwardEffectiveDate>08/15/1998</AwardEffectiveDate>
    <AwardExpirationDate>07/31/2001</AwardExpirationDate>
    <AwardAmount>95000</AwardAmount>
    <AwardInstrument>
      <Value>Continuing grant</Value>
    </AwardInstrument>
    <Organization>
      <Code>03010500</Code>
      <Directorate>
        <LongName>Direct For Mathematical &amp; Physical Scien</LongName>
      </Directorate>
      <Division>
        <LongName>Division Of Physics</LongName>
      </Division>
    </Organization>
    <ProgramOfficer>
      <SignBlockName>Sidney A. Coon</SignBlockName>
    </ProgramOfficer>
    <AbstractNarration>We propose to continue our work on the theory of low energy nucleon-antinucleon annihilation. A theory of annihilation must begin with a theory of the nucleon with its conserved quantum number, lead through the annihilation process and end with an account of the many final states with the corresponding many channels of mesons. The theory must have its roots in the fundamental theory of the strong interactions, Quantum Chromodynamics (QCD). The low energy domain of annihilation is a particularly challenging one for QCD and before our work there was no scheme that could even begin to give a full account of annihilation. We have previously provided a remarkably good account of the final states of annihilation, including all the many channels, beginning with the classical (that is non-quantum) limit of QCD represented by the Skyrme model. More recently we have shown that the nucleon-antinucleon interaction can be described using that same Skyrme model. We now propose to put these initial state and final state pictures of annihilation together and create a theory of annihilation from start to finish. We propose a number of routes to this goal. Our success thus far suggest that these approaches will succeed, leading not just to a theory of annihilation based in QCD but also to new insight into this complex but fundamental process.</AbstractNarration>
    <MinAmdLetterDate>08/25/1998</MinAmdLetterDate>
    <MaxAmdLetterDate>08/10/1999</MaxAmdLetterDate>
    <ARRAAmount/>
    <AwardID>9800098</AwardID>
    <Investigator>
      <FirstName>Ralph</FirstName>
      <LastName>Amado</LastName>
      <EmailAddress/>
      <StartDate>08/25/1998</StartDate>
      <EndDate/>
      <RoleCode>Principal Investigator</RoleCode>
    </Investigator>
    <Institution>
      <Name>University of Pennsylvania</Name>
      <CityName>Philadelphia</CityName>
      <ZipCode>191046205</ZipCode>
      <PhoneNumber>2158987293</PhoneNumber>
      <StreetAddress>Research Services</StreetAddress>
      <CountryName>United States</CountryName>
      <StateName>Pennsylvania</StateName>
      <StateCode>PA</StateCode>
    </Institution>
  </Award>
</rootTag>
