<?xml version="1.0" encoding="UTF-8"?>

<rootTag>
  <Award>
    <AwardTitle>Reset Control for High-Performance Electro-Mechanical Devices</AwardTitle>
    <AwardEffectiveDate>04/01/1998</AwardEffectiveDate>
    <AwardExpirationDate>03/31/2002</AwardExpirationDate>
    <AwardAmount>219733</AwardAmount>
    <AwardInstrument>
      <Value>Standard Grant</Value>
    </AwardInstrument>
    <Organization>
      <Code>07030000</Code>
      <Directorate>
        <LongName>Directorate For Engineering</LongName>
      </Directorate>
      <Division>
        <LongName>Div Of Civil, Mechanical, &amp; Manufact Inn</LongName>
      </Division>
    </Organization>
    <ProgramOfficer>
      <SignBlockName>Alison Flatau</SignBlockName>
    </ProgramOfficer>
    <AbstractNarration>The goal of this research project is to develop a new design technique that incorporates a class of reset controllers of which the Clegg integrator is a prime example. This is accomplished by exploiting the specific reset nature of this unique nonlinearity. Initial research has yielded tight stability conditions for low-order reset systems and provides insight to pose an important stability conjecture. Besides studying this conjecture, performance and stability issues using integral quadratic constraints (IQCs) will be addressed and new reset rules within the framework of multi-modal switched systems will be developed. Several industrial implementations of such reset controllers, where extensive simulations and experiments were used to verify stable operations, already exist. The impact of the proposed research will help to alleviate the need for such testing which is the main factor for the limited use of reset controllers in industry. Successful development and demonstration of reset controllers in high performance digital servo systems is likely to find great commercial interest, especially in data-storage peripherals.</AbstractNarration>
    <MinAmdLetterDate>03/23/1998</MinAmdLetterDate>
    <MaxAmdLetterDate>05/06/1999</MaxAmdLetterDate>
    <ARRAAmount/>
    <AwardID>9800612</AwardID>
    <Investigator>
      <FirstName>Yossi</FirstName>
      <LastName>Chait</LastName>
      <EmailAddress>chait@ecs.umass.edu</EmailAddress>
      <StartDate>03/23/1998</StartDate>
      <EndDate/>
      <RoleCode>Principal Investigator</RoleCode>
    </Investigator>
    <Investigator>
      <FirstName>Christopher</FirstName>
      <LastName>Hollot</LastName>
      <EmailAddress>hollot@ecs.umass.edu</EmailAddress>
      <StartDate>03/23/1998</StartDate>
      <EndDate/>
      <RoleCode>Co-Principal Investigator</RoleCode>
    </Investigator>
    <Institution>
      <Name>University of Massachusetts Amherst</Name>
      <CityName>Hadley</CityName>
      <ZipCode>010359450</ZipCode>
      <PhoneNumber>4135450698</PhoneNumber>
      <StreetAddress>Research Administration Building</StreetAddress>
      <CountryName>United States</CountryName>
      <StateName>Massachusetts</StateName>
      <StateCode>MA</StateCode>
    </Institution>
    <FoaInformation>
      <Code>0308000</Code>
      <Name>Industrial Technology</Name>
    </FoaInformation>
    <ProgramElement>
      <Code>1445</Code>
      <Text>DYNAMICS &amp; CONTROL</Text>
    </ProgramElement>
    <ProgramReference>
      <Code>9146</Code>
      <Text>MANUFACTURING BASE RESEARCH</Text>
    </ProgramReference>
    <ProgramReference>
      <Code>MANU</Code>
      <Text>MANUFACTURING</Text>
    </ProgramReference>
    <ProgramReference>
      <Code>9231</Code>
      <Text>SUPPL FOR UNDERGRAD RES ASSIST</Text>
    </ProgramReference>
  </Award>
</rootTag>
