<?xml version="1.0" encoding="UTF-8"?>

<rootTag>
  <Award>
    <AwardTitle>Optimal Mechanical Design by Juxtaposing Rigidity and Compliance</AwardTitle>
    <AwardEffectiveDate>08/01/1998</AwardEffectiveDate>
    <AwardExpirationDate>12/31/2002</AwardExpirationDate>
    <AwardAmount>206409</AwardAmount>
    <AwardInstrument>
      <Value>Standard Grant</Value>
    </AwardInstrument>
    <Organization>
      <Code>07030000</Code>
      <Directorate>
        <LongName>Directorate For Engineering</LongName>
      </Directorate>
      <Division>
        <LongName>Div Of Civil, Mechanical, &amp; Manufact Inn</LongName>
      </Division>
    </Organization>
    <ProgramOfficer>
      <SignBlockName>Delcie R. Durham</SignBlockName>
    </ProgramOfficer>
    <AbstractNarration>This grant provides funding for the development of a novel design methodology by juxtaposing rigidity and compliance. A prudent combination of rigidity (stiffness) and compliance (flexibility) of structural elements is necessary for efficient mechanical design. The objective of this research is to seek a rational approach to determination of how much rigidity/compliance is optimal in a mechanical device or a system, and where. By combining the methods of structural design and compliant mechanism synthesis, a unified theory will be developed for design of mechanical devices with multiple rigid and/or compliant segments connected together with rigid and/or compliant joints. Based on the kinetostatic synthesis solution, possible regions for joints (kinematic or compliant or fixed, hitherto undetermined) and individual components are identified for the topology optimization. A topology optimization problem that accounts for joint locations and the nonlinearity incurred due to large deformations, is then solved. Four types of constraints will be considered: desired path with an acceptable error envelope, volume constraints, constraint on the number of connections, and stress constraints. The successful completion of this research will lead to a method that will enable designers to systematically determine the optimal level of compliance for a given specification. In this method, the designer doesn't have to specify which segments or joints ought to be rigid or compliant, rather the optimization itself will assist the designer to make this decision. The solution of the topology optimization identifies the layout of individual components as well as the type of connections (kinematic, compliant, or fixed) among them. Following this step, the designer can do an interactive parametric study and a virtual tryout to refine the design in a virtual environment. This work will also contribute to the development of efficient numerical methods to compute the design sensitivities of structures undergoing nonlinear deformations.</AbstractNarration>
    <MinAmdLetterDate>07/30/1998</MinAmdLetterDate>
    <MaxAmdLetterDate>08/30/2002</MaxAmdLetterDate>
    <ARRAAmount/>
    <AwardID>9800417</AwardID>
    <Investigator>
      <FirstName>Suresh G.</FirstName>
      <LastName>Ananthasuresh</LastName>
      <EmailAddress>gksuresh@seas.upenn.edu</EmailAddress>
      <StartDate>07/30/1998</StartDate>
      <EndDate/>
      <RoleCode>Principal Investigator</RoleCode>
    </Investigator>
    <Institution>
      <Name>University of Pennsylvania</Name>
      <CityName>Philadelphia</CityName>
      <ZipCode>191046205</ZipCode>
      <PhoneNumber>2158987293</PhoneNumber>
      <StreetAddress>Research Services</StreetAddress>
      <CountryName>United States</CountryName>
      <StateName>Pennsylvania</StateName>
      <StateCode>PA</StateCode>
    </Institution>
    <FoaInformation>
      <Code>0308000</Code>
      <Name>Industrial Technology</Name>
    </FoaInformation>
  </Award>
</rootTag>
