<?xml version="1.0" encoding="UTF-8"?>

<rootTag>
  <Award>
    <AwardTitle>Interband Cascade Laser for Remote Chemical Sensing Applications</AwardTitle>
    <AwardEffectiveDate>07/15/1998</AwardEffectiveDate>
    <AwardExpirationDate>06/30/2001</AwardExpirationDate>
    <AwardAmount>220000</AwardAmount>
    <AwardInstrument>
      <Value>Standard Grant</Value>
    </AwardInstrument>
    <Organization>
      <Code>07010000</Code>
      <Directorate>
        <LongName>Directorate For Engineering</LongName>
      </Directorate>
      <Division>
        <LongName>Div Of Electrical, Commun &amp; Cyber Sys</LongName>
      </Division>
    </Organization>
    <ProgramOfficer>
      <SignBlockName>Lawrence S. Goldberg</SignBlockName>
    </ProgramOfficer>
    <AbstractNarration>Proposal Number: ECS-9800792 Principal Investigator: Shin-Shem Pei Title: Interband cascade laser for remote chemical sensing applications Abstract The proposed research is to develop a new type of mid-IR lasers in the 3-5 micron wavelength region. The laser is based on the type-II interband quantum well laser design that has shown superior performance than other mid-IR lasers in lower threshold current and higher operating temperatures due to the reduced phonon-induced recombination and Auger recombination.</AbstractNarration>
    <MinAmdLetterDate>07/08/1998</MinAmdLetterDate>
    <MaxAmdLetterDate>07/08/1998</MaxAmdLetterDate>
    <ARRAAmount/>
    <AwardID>9800792</AwardID>
    <Investigator>
      <FirstName>ShinShem Steven</FirstName>
      <LastName>Pei</LastName>
      <EmailAddress>spei@uh.edu</EmailAddress>
      <StartDate>07/08/1998</StartDate>
      <EndDate/>
      <RoleCode>Principal Investigator</RoleCode>
    </Investigator>
    <Institution>
      <Name>University of Houston</Name>
      <CityName>Houston</CityName>
      <ZipCode>772042015</ZipCode>
      <PhoneNumber>7137435773</PhoneNumber>
      <StreetAddress>4800 Calhoun Boulevard</StreetAddress>
      <CountryName>United States</CountryName>
      <StateName>Texas</StateName>
      <StateCode>TX</StateCode>
    </Institution>
    <FoaInformation>
      <Code>0206000</Code>
      <Name>Telecommunications</Name>
    </FoaInformation>
    <ProgramElement>
      <Code>1519</Code>
      <Text>INTEGRATIVE SYSTEMS</Text>
    </ProgramElement>
    <ProgramReference>
      <Code>0000</Code>
      <Text>UNASSIGNED</Text>
    </ProgramReference>
    <ProgramReference>
      <Code>OTHR</Code>
      <Text>OTHER RESEARCH OR EDUCATION</Text>
    </ProgramReference>
  </Award>
</rootTag>
