<?xml version="1.0" encoding="UTF-8"?>

<rootTag>
  <Award>
    <AwardTitle>The Distribution of Interstellar Neutrals and Pickup Ions in Interplanetary Space</AwardTitle>
    <AwardEffectiveDate>03/15/1998</AwardEffectiveDate>
    <AwardExpirationDate>02/28/2002</AwardExpirationDate>
    <AwardAmount>32721</AwardAmount>
    <AwardInstrument>
      <Value>Continuing grant</Value>
    </AwardInstrument>
    <Organization>
      <Code>06020203</Code>
      <Directorate>
        <LongName>Directorate For Geosciences</LongName>
      </Directorate>
      <Division>
        <LongName>Div Atmospheric &amp; Geospace Sciences</LongName>
      </Division>
    </Organization>
    <ProgramOfficer>
      <SignBlockName>Thomas J. Bogdan</SignBlockName>
    </ProgramOfficer>
    <AbstractNarration>With results from Ulysses, Wind and SOHO satellite missions, investigators have obtained a wealth of in-situ heliosphere and interstellar medium data. This data leads to significant accuracy on determining: (1) the heliosphere's size and shape, (2) the very local interstellar medium parameters, (3) physical processes in the interface region between the interstellar medium and heliosphere, and (4) the fractional acceleration of the interstellar ion population to high energies, creating the anomalous cosmic ray component. Continuing to use this data, investigators are deriving a baseline parameter set for interstellar helium by using new data and more accurate models. They are determining the fractional ionization of the local interstellar medium, the fraction of interstellar gas passing thorough the interface layer at the heliospheric boundary, and the input composition for pickup ions accelerated to higher energies, forming the anomalous component of cosmic rays.</AbstractNarration>
    <MinAmdLetterDate>03/24/1998</MinAmdLetterDate>
    <MaxAmdLetterDate>05/02/2000</MaxAmdLetterDate>
    <ARRAAmount/>
    <AwardID>9800781</AwardID>
    <Investigator>
      <FirstName>Martin</FirstName>
      <LastName>Lee</LastName>
      <EmailAddress>marty.lee@unh.edu</EmailAddress>
      <StartDate>03/24/1998</StartDate>
      <EndDate/>
      <RoleCode>Co-Principal Investigator</RoleCode>
    </Investigator>
    <Investigator>
      <FirstName>Eberhard</FirstName>
      <LastName>Moebius</LastName>
      <EmailAddress>Eberhard.Moebius@unh.edu</EmailAddress>
      <StartDate>03/24/1998</StartDate>
      <EndDate/>
      <RoleCode>Principal Investigator</RoleCode>
    </Investigator>
    <Investigator>
      <FirstName>Philip</FirstName>
      <LastName>Isenberg</LastName>
      <EmailAddress>phil.isenberg@unh.edu</EmailAddress>
      <StartDate>03/24/1998</StartDate>
      <EndDate/>
      <RoleCode>Co-Principal Investigator</RoleCode>
    </Investigator>
    <Institution>
      <Name>University of New Hampshire</Name>
      <CityName>Durham</CityName>
      <ZipCode>038243585</ZipCode>
      <PhoneNumber>6038622172</PhoneNumber>
      <StreetAddress>51 COLLEGE RD SERVICE BLDG 107</StreetAddress>
      <CountryName>United States</CountryName>
      <StateName>New Hampshire</StateName>
      <StateCode>NH</StateCode>
    </Institution>
    <FoaInformation>
      <Code>0205000</Code>
      <Name>Space</Name>
    </FoaInformation>
    <ProgramElement>
      <Code>1523</Code>
      <Text>SOLAR-TERRESTRIAL</Text>
    </ProgramElement>
    <ProgramReference>
      <Code>0000</Code>
      <Text>UNASSIGNED</Text>
    </ProgramReference>
    <ProgramReference>
      <Code>OTHR</Code>
      <Text>OTHER RESEARCH OR EDUCATION</Text>
    </ProgramReference>
  </Award>
</rootTag>
