<?xml version="1.0" encoding="UTF-8"?>

<rootTag>
  <Award>
    <AwardTitle>Approaches to Improved Synthesis Design: Mechanistic and Synthetic Studies on New Annelation Methods</AwardTitle>
    <AwardEffectiveDate>06/01/1998</AwardEffectiveDate>
    <AwardExpirationDate>05/31/2001</AwardExpirationDate>
    <AwardAmount>561810</AwardAmount>
    <AwardInstrument>
      <Value>Continuing grant</Value>
    </AwardInstrument>
    <Organization>
      <Code>03090003</Code>
      <Directorate>
        <LongName>Direct For Mathematical &amp; Physical Scien</LongName>
      </Directorate>
      <Division>
        <LongName>Division Of Chemistry</LongName>
      </Division>
    </Organization>
    <ProgramOfficer>
      <SignBlockName>Kenneth M. Doxsee</SignBlockName>
    </ProgramOfficer>
    <AbstractNarration>The research proposed involved continuing studies of photochemical and transition metal catalyzed cyclization reactions, including alkyne-vinylcyclopropane, alkene-vinylcyclopropane, allene-vinylcyclopropane, dienylcyclopropane (5+2) cycloadditions and alkene-vinylcyclobutanone (6+2) cycloadditions. Emphasis will be placed on developing a fundamental understanding of the metal catalyzed reactions, including scope, selectivities, rates, and mechanisms. With this renewal award, the Organic and Macromolecular Chemistry Program provides continuing support for the research of Dr. Paul A. Wender of the Department of Chemistry at Stanford University. The research involves the development of synthetic methods for preparing organic compounds containing rings and asymmetric carbon centers, with potential uses in medicine and biology. The work will provide valuable training to graduate students and post-doctoral fellows in organic synthesis, structure, and mechanism.</AbstractNarration>
    <MinAmdLetterDate>05/15/1998</MinAmdLetterDate>
    <MaxAmdLetterDate>06/03/2000</MaxAmdLetterDate>
    <ARRAAmount/>
    <AwardID>9800445</AwardID>
    <Investigator>
      <FirstName>Paul</FirstName>
      <LastName>Wender</LastName>
      <EmailAddress>wenderp@stanford.edu</EmailAddress>
      <StartDate>05/15/1998</StartDate>
      <EndDate/>
      <RoleCode>Principal Investigator</RoleCode>
    </Investigator>
    <Institution>
      <Name>Stanford University</Name>
      <CityName>Palo Alto</CityName>
      <ZipCode>943041212</ZipCode>
      <PhoneNumber>6507232300</PhoneNumber>
      <StreetAddress>3160 Porter Drive</StreetAddress>
      <CountryName>United States</CountryName>
      <StateName>California</StateName>
      <StateCode>CA</StateCode>
    </Institution>
    <FoaInformation>
      <Code>0000099</Code>
      <Name>Other Applications NEC</Name>
    </FoaInformation>
  </Award>
</rootTag>
