<?xml version="1.0" encoding="UTF-8"?>

<rootTag>
  <Award>
    <AwardTitle>Problems in Gravitation</AwardTitle>
    <AwardEffectiveDate>06/01/1998</AwardEffectiveDate>
    <AwardExpirationDate>12/31/2002</AwardExpirationDate>
    <AwardAmount>384408</AwardAmount>
    <AwardInstrument>
      <Value>Continuing grant</Value>
    </AwardInstrument>
    <Organization>
      <Code>03010700</Code>
      <Directorate>
        <LongName>Direct For Mathematical &amp; Physical Scien</LongName>
      </Directorate>
      <Division>
        <LongName>Division Of Physics</LongName>
      </Division>
    </Organization>
    <ProgramOfficer>
      <SignBlockName>Beverly K. Berger</SignBlockName>
    </ProgramOfficer>
    <AbstractNarration>***&lt;br/&gt;9800725&lt;br/&gt;Matzner&lt;br/&gt;This proposal is to support the work of PI Prof. Richard Matzner, for a range of problems in classical gravity, including cosmology, black hole physics, and gravitational wave physics. The work will be done utilizing a variety of analytical, approximate, and computational methods. They will continue investigation of black hole interactions and the gravitational radiation produced in these interactions. These interactions will be modeled using existing computer codes, and these codes will also be extended to describe the formation of black holes in cosmological settings. &lt;br/&gt;&lt;br/&gt;These black hole investigations are important cosmologically because it seems from astronomical observations that most or all galaxies contain a black hole within them. Further, cosmological evidence shows that many or most galaxies have undergone merger, suggesting that their black holes may have merged. There are planned experiments to detect gravitational radiation from spaceborne detectors, which would be sensitive to such mergers. The same computational description will also apply to stellar-mass black hole systems, which may be the strongest signals first detected in the (ground based) LIGO detector, which is currently under construction. Accurate prediction of expected gravitational waves allows a more precise search and, therefore, greater sensitivity in the observation of such signals. Further, the understanding of these signals will have a direct connection to understanding the phenomena that caused them and will shed new light on the behavior of strong field gravity.&lt;br/&gt;***</AbstractNarration>
    <MinAmdLetterDate>05/28/1998</MinAmdLetterDate>
    <MaxAmdLetterDate>03/05/2002</MaxAmdLetterDate>
    <ARRAAmount/>
    <AwardID>9800725</AwardID>
    <Investigator>
      <FirstName>Richard</FirstName>
      <LastName>Matzner</LastName>
      <EmailAddress>matzner2@physics.utexas.edu</EmailAddress>
      <StartDate>05/28/1998</StartDate>
      <EndDate/>
      <RoleCode>Principal Investigator</RoleCode>
    </Investigator>
    <Institution>
      <Name>University of Texas at Austin</Name>
      <CityName>Austin</CityName>
      <ZipCode>787121532</ZipCode>
      <PhoneNumber>5124716424</PhoneNumber>
      <StreetAddress>101 E. 27th Street, Suite 5.300</StreetAddress>
      <CountryName>United States</CountryName>
      <StateName>Texas</StateName>
      <StateCode>TX</StateCode>
    </Institution>
    <FoaInformation>
      <Code>0000099</Code>
      <Name>Other Applications NEC</Name>
    </FoaInformation>
  </Award>
</rootTag>
