<?xml version="1.0" encoding="UTF-8"?>

<rootTag>
  <Award>
    <AwardTitle>Designing Quiet Structures Using Optimally Tuned Absorbers</AwardTitle>
    <AwardEffectiveDate>07/01/1998</AwardEffectiveDate>
    <AwardExpirationDate>06/30/2002</AwardExpirationDate>
    <AwardAmount>397645</AwardAmount>
    <AwardInstrument>
      <Value>Standard Grant</Value>
    </AwardInstrument>
    <Organization>
      <Code>07030000</Code>
      <Directorate>
        <LongName>Directorate For Engineering</LongName>
      </Directorate>
      <Division>
        <LongName>Div Of Civil, Mechanical, &amp; Manufact Inn</LongName>
      </Division>
    </Organization>
    <ProgramOfficer>
      <SignBlockName>George A. Hazelrigg</SignBlockName>
    </ProgramOfficer>
    <AbstractNarration>This grant provides funding for research toward a design methodology to quiet noisy machines. The methodology will apply to machines with both thick, such as castings, and thin, such as stampings, casings. The strategy adopted for thick casings will be to enclose the thick casing with a thin-shell enclosure incorporating tuned vibration absorbers to reduce radiated noise. Composite and metal enclosures will be studied. The strategy for thin casings will include the addition of tuned absorbers directly attached to the structure to allow passive noise control over a wide frequency band. Numerical techniques will be employed, including finite element analysis, acoustics and optimization. Research will also focus on the development of efficient dynamic analysis with tuned absorbers and on optimization for dynamic systems with absorber locations and parameters as variables. Consideration will be given to manufacturability. If successful, this research will lead to techniques for the design of more quiet appliances, automobiles and machines, including power transformers, factory floor machines, and a wide variety of household appliances. Noise reduction is a factor in product competition, and greater emphasis is being placed on noise emission from such devices.</AbstractNarration>
    <MinAmdLetterDate>06/11/1998</MinAmdLetterDate>
    <MaxAmdLetterDate>05/05/2000</MaxAmdLetterDate>
    <ARRAAmount/>
    <AwardID>9800050</AwardID>
    <Investigator>
      <FirstName>Gary</FirstName>
      <LastName>Koopmann</LastName>
      <EmailAddress>ghk1@psu.edu</EmailAddress>
      <StartDate>06/11/1998</StartDate>
      <EndDate/>
      <RoleCode>Co-Principal Investigator</RoleCode>
    </Investigator>
    <Investigator>
      <FirstName>Ashok</FirstName>
      <LastName>Belegundu</LastName>
      <EmailAddress>adb3@psu.edu</EmailAddress>
      <StartDate>06/11/1998</StartDate>
      <EndDate/>
      <RoleCode>Principal Investigator</RoleCode>
    </Investigator>
    <Institution>
      <Name>Pennsylvania State Univ University Park</Name>
      <CityName>UNIVERSITY PARK</CityName>
      <ZipCode>168027000</ZipCode>
      <PhoneNumber>8148651372</PhoneNumber>
      <StreetAddress>110 Technology Center Building</StreetAddress>
      <CountryName>United States</CountryName>
      <StateName>Pennsylvania</StateName>
      <StateCode>PA</StateCode>
    </Institution>
    <FoaInformation>
      <Code>0308000</Code>
      <Name>Industrial Technology</Name>
    </FoaInformation>
    <ProgramElement>
      <Code>1464</Code>
      <Text>ENGINEERING DESIGN AND INNOVAT</Text>
    </ProgramElement>
    <ProgramReference>
      <Code>9148</Code>
      <Text>TOOLS &amp; TECHNOL FOR MANUFACTURING DESIGN</Text>
    </ProgramReference>
    <ProgramReference>
      <Code>MANU</Code>
      <Text>MANUFACTURING</Text>
    </ProgramReference>
  </Award>
</rootTag>
