<?xml version="1.0" encoding="UTF-8"?>

<rootTag>
  <Award>
    <AwardTitle>Dynamics of First-Order Phase Transitions</AwardTitle>
    <AwardEffectiveDate>04/01/1998</AwardEffectiveDate>
    <AwardExpirationDate>03/31/2003</AwardExpirationDate>
    <AwardAmount>734600</AwardAmount>
    <AwardInstrument>
      <Value>Continuing grant</Value>
    </AwardInstrument>
    <Organization>
      <Code>03090004</Code>
      <Directorate>
        <LongName>Direct For Mathematical &amp; Physical Scien</LongName>
      </Directorate>
      <Division>
        <LongName>Division Of Chemistry</LongName>
      </Division>
    </Organization>
    <ProgramOfficer>
      <SignBlockName>Celeste M. Rohlfing</SignBlockName>
    </ProgramOfficer>
    <AbstractNarration>David Oxtoby is supported by a grant from the Theoretical and Computational Chemistry Program to continue his work on nucleation theory. He will use statistical mechanical techniques, primarily density functional approaches, to investigate the dynamics of first-order phase transitions. Such transitions are of central importance in many areas of science and technology. The objective of the current research program is to develop new theoretical approaches to be able to predict nucleation rates for gas-liquid and liquid-solid phase transitions. The density functional approach used by Oxtoby incorporates atomic-level interactions to an extent not possible in traditional classical theories of nucleation. Specific targets of the research program for the next three years include: 1) a better understanding of the effects of dipolar interactions on nucleation; 2) a microscopic and predictive approach to the phase diagrams of three-component water-oil-surfactant systems that produce microemulsions; 3) an improved theory of crystal nucleation in metal alloys; 4) a new approach to protein crystallization and its relation to coagulation; and 5) a careful study of the effects of solid substrates and electric fields on crystal nucleation. Nucleation is important in a number of areas of science and technology including: 1) the condensation and freezing of water vapor in clouds; 2) the casting of solid metals and metal alloys from the melt; and 3) the growth of protein crystals from solution in order to determine their structure. On a molecular level, the mechanism of these changes of state are not well understood, and perhaps the least-understood aspect is the rate at which the first clusters of the new phase appear. This step, defined as nucleation, is often rate-determining for the formation of the new phase, and it is the step which Oxtoby's research will attempt to elucidate.</AbstractNarration>
    <MinAmdLetterDate>03/19/1998</MinAmdLetterDate>
    <MaxAmdLetterDate>01/10/2002</MaxAmdLetterDate>
    <ARRAAmount/>
    <AwardID>9800074</AwardID>
    <Investigator>
      <FirstName>David</FirstName>
      <LastName>Oxtoby</LastName>
      <EmailAddress>David.Oxtoby@pomona.edu</EmailAddress>
      <StartDate>03/19/1998</StartDate>
      <EndDate/>
      <RoleCode>Principal Investigator</RoleCode>
    </Investigator>
    <Institution>
      <Name>University of Chicago</Name>
      <CityName>Chicago</CityName>
      <ZipCode>606375418</ZipCode>
      <PhoneNumber>7737028669</PhoneNumber>
      <StreetAddress>5801 South Ellis Avenue</StreetAddress>
      <CountryName>United States</CountryName>
      <StateName>Illinois</StateName>
      <StateCode>IL</StateCode>
    </Institution>
    <FoaInformation>
      <Code>0202000</Code>
      <Name>Atmospheric Science-ICAS</Name>
    </FoaInformation>
    <ProgramElement>
      <Code>1956</Code>
      <Text>STATISTICAL AND SIMULATIONS</Text>
    </ProgramElement>
    <ProgramReference>
      <Code>0000</Code>
      <Text>UNASSIGNED</Text>
    </ProgramReference>
    <ProgramReference>
      <Code>9161</Code>
      <Text>SINGLE DIVISION/UNIVERSITY</Text>
    </ProgramReference>
    <ProgramReference>
      <Code>AMPP</Code>
      <Text>ADVANCED MATERIALS &amp; PROCESSING PROGRAM</Text>
    </ProgramReference>
    <ProgramReference>
      <Code>OTHR</Code>
      <Text>OTHER RESEARCH OR EDUCATION</Text>
    </ProgramReference>
  </Award>
</rootTag>
