<?xml version="1.0" encoding="UTF-8"?>

<rootTag>
  <Award>
    <AwardTitle>Backreaction Effects in Classical and Semiclassical Gravity</AwardTitle>
    <AwardEffectiveDate>08/15/1998</AwardEffectiveDate>
    <AwardExpirationDate>03/31/2001</AwardExpirationDate>
    <AwardAmount>45750</AwardAmount>
    <AwardInstrument>
      <Value>Continuing grant</Value>
    </AwardInstrument>
    <Organization>
      <Code>03010700</Code>
      <Directorate>
        <LongName>Direct For Mathematical &amp; Physical Scien</LongName>
      </Directorate>
      <Division>
        <LongName>Division Of Physics</LongName>
      </Division>
    </Organization>
    <ProgramOfficer>
      <SignBlockName>Richard Isaacson</SignBlockName>
    </ProgramOfficer>
    <AbstractNarration>***&lt;br/&gt;9800971&lt;br/&gt;Anderson&lt;br/&gt;&lt;br/&gt;Professor Paul Anderson will carry out several projects relating to backreaction effects in semiclassical gravity. Three projects relate to the study of quantum effects in black hole spacetimes. They include a search for solutions to the semiclassical backreaction equations that could correspond to black hole remnants, an investigation of the effects which quantized fields have on the interior of a black hole, and a study of how quantum effects influence critical phenomena that have been found in gravitational collapse. Another project involves the study of the effects of particle production on the expansion of the universe.&lt;br/&gt;The research on black holes will address several important issues relating to the study of black holes. The search for solutions to the semiclassical backreaction equations that could correspond to black hole remnants will address questions regarding the end point of the black hole evaporation process and what happens to the information about how a black hole formed. The study of quantum effects inside of black holes will address the questions of whether quantum effects can remove the singularity at the center of a black hole, dissipate anisotropy in the interior of a black hole, or alter the causal structure inside of a charged black hole. Critical phenomena have been found in classical gravitational collapse. It is expected that the investigation of critical phenomena during gravitational collapse will show that quantum effects have a significant influence on this process. The flatness problem is related to the question of why the universe is expanding the way it is today. Unless it is spatially flat, a generic solution of Einstein's equations would predict that today the universe would be either contracting or expanding in a very different manner than it is. Previous work has shown that if engough particle production occurs in the early universe then this problem can be solved in a natural way. Various sources of particle production in the early universe will be examined to see if enough particle production could have taken place to solve the flatness problem. Particle production in oscillating models of the universe will also be studied. It is expected that in these models particle production can definitely be used to solve the flatness problem.&lt;br/&gt;***</AbstractNarration>
    <MinAmdLetterDate>07/30/1998</MinAmdLetterDate>
    <MaxAmdLetterDate>03/25/1999</MaxAmdLetterDate>
    <ARRAAmount/>
    <AwardID>9800971</AwardID>
    <Investigator>
      <FirstName>Paul</FirstName>
      <LastName>Anderson</LastName>
      <EmailAddress>anderson@wfu.edu</EmailAddress>
      <StartDate>07/30/1998</StartDate>
      <EndDate/>
      <RoleCode>Principal Investigator</RoleCode>
    </Investigator>
    <Institution>
      <Name>Wake Forest University</Name>
      <CityName>Winston Salem</CityName>
      <ZipCode>271098758</ZipCode>
      <PhoneNumber>3367585888</PhoneNumber>
      <StreetAddress>1834 Wake Forest Road</StreetAddress>
      <CountryName>United States</CountryName>
      <StateName>North Carolina</StateName>
      <StateCode>NC</StateCode>
    </Institution>
  </Award>
</rootTag>
