<?xml version="1.0" encoding="UTF-8"?>

<rootTag>
  <Award>
    <AwardTitle>An Intelligent CSCW Workbench: Analysis, Visualization, and Agents</AwardTitle>
    <AwardEffectiveDate>08/15/1998</AwardEffectiveDate>
    <AwardExpirationDate>07/31/2002</AwardExpirationDate>
    <AwardAmount>274164</AwardAmount>
    <AwardInstrument>
      <Value>Continuing grant</Value>
    </AwardInstrument>
    <Organization>
      <Code>05020000</Code>
      <Directorate>
        <LongName>Direct For Computer &amp; Info Scie &amp; Enginr</LongName>
      </Directorate>
      <Division>
        <LongName>Div Of Information &amp; Intelligent Systems</LongName>
      </Division>
    </Organization>
    <ProgramOfficer>
      <SignBlockName>C. Suzanne Iacono</SignBlockName>
    </ProgramOfficer>
    <AbstractNarration>The goal of this research is to develop an intelligent workbench for Computer Supported Cooperative Work (CSCW), that will be used to explore research issues related to coordinated work. Promising information analysis and information visualization techniques are used to address such CSCW problem as: idea convergence difficulty, information overload, vocabulary difference, increased cognitive demand, and interface/display problems. Evaluation of the feasibility and effectiveness of these technological mixes is carefully performed in lab experiments. The results of this research will provide insights to designs for human-computer interaction and collaboration, with possible applications in groupware, digital libraries, and Internet searches. http://ai.bpa.arizona.edu</AbstractNarration>
    <MinAmdLetterDate>08/18/1998</MinAmdLetterDate>
    <MaxAmdLetterDate>09/18/2001</MaxAmdLetterDate>
    <ARRAAmount/>
    <AwardID>9800696</AwardID>
    <Investigator>
      <FirstName>Hsinchun</FirstName>
      <LastName>Chen</LastName>
      <EmailAddress>hchen@eller.arizona.edu</EmailAddress>
      <StartDate>08/18/1998</StartDate>
      <EndDate/>
      <RoleCode>Principal Investigator</RoleCode>
    </Investigator>
    <Investigator>
      <FirstName>David</FirstName>
      <LastName>Meader</LastName>
      <EmailAddress/>
      <StartDate>08/18/1998</StartDate>
      <EndDate/>
      <RoleCode>Co-Principal Investigator</RoleCode>
    </Investigator>
    <Institution>
      <Name>University of Arizona</Name>
      <CityName>Tucson</CityName>
      <ZipCode>857194824</ZipCode>
      <PhoneNumber>5206266000</PhoneNumber>
      <StreetAddress>888 N Euclid Ave</StreetAddress>
      <CountryName>United States</CountryName>
      <StateName>Arizona</StateName>
      <StateCode>AZ</StateCode>
    </Institution>
    <FoaInformation>
      <Code>0104000</Code>
      <Name>Information Systems</Name>
    </FoaInformation>
    <ProgramElement>
      <Code>6850</Code>
      <Text>DIGITAL SOCIETY&amp;TECHNOLOGIES</Text>
    </ProgramElement>
    <ProgramElement>
      <Code>6855</Code>
      <Text>INFORMATION &amp; KNOWLEDGE MANAGE</Text>
    </ProgramElement>
    <ProgramReference>
      <Code>9139</Code>
      <Text>INFORMATION INFRASTRUCTURE &amp; TECH APPL</Text>
    </ProgramReference>
    <ProgramReference>
      <Code>HPCC</Code>
      <Text>HIGH PERFORMANCE COMPUTING &amp; COMM</Text>
    </ProgramReference>
  </Award>
</rootTag>
