<?xml version="1.0" encoding="UTF-8"?>

<rootTag>
  <Award>
    <AwardTitle>Process Optimization of Solid Freeform Fabrication Using Experimentation, Simulation, and Adaptive Statistical Models</AwardTitle>
    <AwardEffectiveDate>03/01/1998</AwardEffectiveDate>
    <AwardExpirationDate>02/28/2002</AwardExpirationDate>
    <AwardAmount>569057</AwardAmount>
    <AwardInstrument>
      <Value>Standard Grant</Value>
    </AwardInstrument>
    <Organization>
      <Code>07030000</Code>
      <Directorate>
        <LongName>Directorate For Engineering</LongName>
      </Directorate>
      <Division>
        <LongName>Div Of Civil, Mechanical, &amp; Manufact Inn</LongName>
      </Division>
    </Organization>
    <ProgramOfficer>
      <SignBlockName>George A. Hazelrigg</SignBlockName>
    </ProgramOfficer>
    <AbstractNarration>The objective of this research is to create a methodology for optimizing manufacturing processes using statistical models. These models will be created from knowledge acquired from different sources, including heuristics, expert knowledge, physical experimentation, first principle relationships and large-scale computer simulations of physical models. Optimizing a manufacturing process requires an understanding of the influence and interactions of design and process variables on the final quality of the manufactured artifact - Variables are properties of the material (or combinations of materials) selected, of the physics of the process, of the geometry of the part, of the equipment settings, and of the manufacturing environmental conditions. The process modeling framework must be flexible and adaptable, so that models for subprocesses can be updated and adapted as processes evolve and new knowledge is acquired. This research focuses on a new class of manufacturing processes called Solid Freeform Fabrication (SFF) or layered manufacturing, which are changing traditional approaches to design and manufacture of mechanical parts. Better process models of SFF manufacturing processes will lead to faster development of rapid manufacturing processes and will accelerate their use and acceptance by industry. Good models will also allow better identification of design possibilities so that manufacturing considerations can be brought into the early phases of the design cycle. A methodology for creating and optimizing process models with differing levels of detail for different phases of the design cycle will remove impediments to the integration of design and manufacturing concerns. This work will also contribute to statistical model building by enabling users to incorporate the active and critical constraints on design variables, to handle high-dimensional and irregular parameter spaces efficiently, and to assess model reliability, predictive capability and parameter sensitivity.</AbstractNarration>
    <MinAmdLetterDate>02/18/1998</MinAmdLetterDate>
    <MaxAmdLetterDate>02/18/1998</MaxAmdLetterDate>
    <ARRAAmount/>
    <AwardID>9800565</AwardID>
    <Investigator>
      <FirstName>Lee</FirstName>
      <LastName>Weiss</LastName>
      <EmailAddress>lew@cs.cmu.edu</EmailAddress>
      <StartDate>02/18/1998</StartDate>
      <EndDate/>
      <RoleCode>Co-Principal Investigator</RoleCode>
    </Investigator>
    <Investigator>
      <FirstName>Isabella</FirstName>
      <LastName>Verdinelli</LastName>
      <EmailAddress>isabella@stat.cmu.edu</EmailAddress>
      <StartDate>02/18/1998</StartDate>
      <EndDate/>
      <RoleCode>Co-Principal Investigator</RoleCode>
    </Investigator>
    <Investigator>
      <FirstName>Cristina</FirstName>
      <LastName>Amon</LastName>
      <EmailAddress>camon@cmu.edu</EmailAddress>
      <StartDate>02/18/1998</StartDate>
      <EndDate/>
      <RoleCode>Principal Investigator</RoleCode>
    </Investigator>
    <Investigator>
      <FirstName>Susan</FirstName>
      <LastName>Finger</LastName>
      <EmailAddress>susan.finger@cmu.edu</EmailAddress>
      <StartDate>02/18/1998</StartDate>
      <EndDate/>
      <RoleCode>Co-Principal Investigator</RoleCode>
    </Investigator>
    <Institution>
      <Name>Carnegie-Mellon University</Name>
      <CityName>PITTSBURGH</CityName>
      <ZipCode>152133815</ZipCode>
      <PhoneNumber>4122689527</PhoneNumber>
      <StreetAddress>5000 Forbes Avenue</StreetAddress>
      <CountryName>United States</CountryName>
      <StateName>Pennsylvania</StateName>
      <StateCode>PA</StateCode>
    </Institution>
    <FoaInformation>
      <Code>0308000</Code>
      <Name>Industrial Technology</Name>
    </FoaInformation>
    <ProgramElement>
      <Code>1463</Code>
      <Text>INTEGRATION ENGINEERING</Text>
    </ProgramElement>
    <ProgramReference>
      <Code>1338</Code>
      <Text>KDI/LIS</Text>
    </ProgramReference>
    <ProgramReference>
      <Code>9102</Code>
      <Text>WOMEN, MINORITY, DISABLED, NEC</Text>
    </ProgramReference>
    <ProgramReference>
      <Code>9148</Code>
      <Text>TOOLS &amp; TECHNOL FOR MANUFACTURING DESIGN</Text>
    </ProgramReference>
    <ProgramReference>
      <Code>MANU</Code>
      <Text>MANUFACTURING</Text>
    </ProgramReference>
  </Award>
</rootTag>
