<?xml version="1.0" encoding="UTF-8"?>

<rootTag>
  <Award>
    <AwardTitle>U.S.-France (INRIA) Cooperative Research: Mapping of Regular Algorithms onto Different Architectures</AwardTitle>
    <AwardEffectiveDate>08/15/1998</AwardEffectiveDate>
    <AwardExpirationDate>07/31/2002</AwardExpirationDate>
    <AwardAmount>19000</AwardAmount>
    <AwardInstrument>
      <Value>Standard Grant</Value>
    </AwardInstrument>
    <Organization>
      <Code>01090000</Code>
      <Directorate>
        <LongName>Office Of The Director</LongName>
      </Directorate>
      <Division>
        <LongName>Office Of Internatl Science &amp;Engineering</LongName>
      </Division>
    </Organization>
    <ProgramOfficer>
      <SignBlockName>Rose Gombay</SignBlockName>
    </ProgramOfficer>
    <AbstractNarration>9800117&lt;br/&gt;Wilde&lt;br/&gt;&lt;br/&gt;This three-year award supports U.S.-France cooperative research on functional programming languages for sequential and parallel computing machines. It involves Doran Wilde at the Brigham Young University and graduate students and Sanjay Rajopadhye at IRISA/INRIA (French National Institute for Research in Informatics and Applied Mathematics) in Rennes, France. The investigators will explore new methods and develop new tools for co-designing (or compiling) an algorithm to execute concurrently in reconfigurable hardware and in software.&lt;br/&gt;&lt;br/&gt;The US investigator brings to this collaboration expertise in VLSI design, programming languages and compilers, and computer arithmetic. This is complemented by the French researcher's expertise in regular algorithms, systems of recurrence equations, parallel processing systems and formal parallelization methods. The project will advance understanding in the area of adaptive computing.</AbstractNarration>
    <MinAmdLetterDate>08/14/1998</MinAmdLetterDate>
    <MaxAmdLetterDate>08/14/1998</MaxAmdLetterDate>
    <ARRAAmount/>
    <AwardID>9800117</AwardID>
    <Investigator>
      <FirstName>Doran</FirstName>
      <LastName>Wilde</LastName>
      <EmailAddress>doran_wilde@byu.edu</EmailAddress>
      <StartDate>08/14/1998</StartDate>
      <EndDate/>
      <RoleCode>Principal Investigator</RoleCode>
    </Investigator>
    <Institution>
      <Name>Brigham Young University</Name>
      <CityName>Provo</CityName>
      <ZipCode>846021231</ZipCode>
      <PhoneNumber>8014226177</PhoneNumber>
      <StreetAddress>A-285 ASB</StreetAddress>
      <CountryName>United States</CountryName>
      <StateName>Utah</StateName>
      <StateCode>UT</StateCode>
    </Institution>
    <FoaInformation>
      <Code>0104000</Code>
      <Name>Information Systems</Name>
    </FoaInformation>
  </Award>
</rootTag>
