<?xml version="1.0" encoding="UTF-8"?>

<rootTag>
  <Award>
    <AwardTitle>U.S.-UK Cooperative Research: Generating Nominal Expressions -- Insights from Human-Human Collaborative Conversations and Their Computational Models</AwardTitle>
    <AwardEffectiveDate>06/01/1998</AwardEffectiveDate>
    <AwardExpirationDate>03/01/1999</AwardExpirationDate>
    <AwardAmount>15000</AwardAmount>
    <AwardInstrument>
      <Value>Standard Grant</Value>
    </AwardInstrument>
    <Organization>
      <Code>01090000</Code>
      <Directorate>
        <LongName>Office Of The Director</LongName>
      </Directorate>
      <Division>
        <LongName>Office Of Internatl Science &amp;Engineering</LongName>
      </Division>
    </Organization>
    <ProgramOfficer>
      <SignBlockName>Rose Gombay</SignBlockName>
    </ProgramOfficer>
    <AbstractNarration>This two-year award supports US-UK cooperative research on algorithms for generating nominal expressions, on the basis of corpus analysis and computational modeling in different applications. The collaboration involves Barbara DiEugenio and graduate students at the Learning Research and Development Center at the University of Pittsburgh and Dr. Massimo Poesio of the Human Communication Research Centre at the University of Edinburgh. Major issues, such as discourse and dialogue modeling, which are involved in generating nominals, will be investigated. The US investigators bring to this collaboration expertise on human-human computer- mediated collaborative and tutorial dialogues and intelligent tutoring systems. This is complemented by expertise of the Edinburgh research group on implementation of algorithms and the development of single speaker applications, such as the generation of object descriptions linked to web traversal. The Edinburgh group will implement the algorithms, which will be tested and modified by the Pittsburgh Center.</AbstractNarration>
    <MinAmdLetterDate>05/20/1998</MinAmdLetterDate>
    <MaxAmdLetterDate>05/20/1998</MaxAmdLetterDate>
    <ARRAAmount/>
    <AwardID>9800095</AwardID>
    <Investigator>
      <FirstName>Barbara</FirstName>
      <LastName>DiEugenio</LastName>
      <EmailAddress>bdieugen@uic.edu</EmailAddress>
      <StartDate>05/20/1998</StartDate>
      <EndDate/>
      <RoleCode>Principal Investigator</RoleCode>
    </Investigator>
    <Institution>
      <Name>University of Pittsburgh</Name>
      <CityName>Pittsburgh</CityName>
      <ZipCode>152132303</ZipCode>
      <PhoneNumber>4126247400</PhoneNumber>
      <StreetAddress>University Club</StreetAddress>
      <CountryName>United States</CountryName>
      <StateName>Pennsylvania</StateName>
      <StateCode>PA</StateCode>
    </Institution>
    <FoaInformation>
      <Code>0104000</Code>
      <Name>Information Systems</Name>
    </FoaInformation>
    <ProgramElement>
      <Code>5980</Code>
      <Text>WESTERN EUROPE PROGRAM</Text>
    </ProgramElement>
    <ProgramElement>
      <Code>8888</Code>
      <Text>LEARNING &amp; INTELLIGENT SYSTEMS</Text>
    </ProgramElement>
    <ProgramReference>
      <Code>5946</Code>
      <Text>UNITED KINGDOM</Text>
    </ProgramReference>
    <ProgramReference>
      <Code>8888</Code>
      <Text>LEARNING &amp; INTELLIGENT SYSTEMS</Text>
    </ProgramReference>
    <ProgramReference>
      <Code>9139</Code>
      <Text>INFORMATION INFRASTRUCTURE &amp; TECH APPL</Text>
    </ProgramReference>
    <ProgramReference>
      <Code>HPCC</Code>
      <Text>HIGH PERFORMANCE COMPUTING &amp; COMM</Text>
    </ProgramReference>
  </Award>
</rootTag>
