<?xml version="1.0" encoding="UTF-8"?>

<rootTag>
  <Award>
    <AwardTitle>Gravitation and Quantum Fields</AwardTitle>
    <AwardEffectiveDate>04/01/1998</AwardEffectiveDate>
    <AwardExpirationDate>03/31/2004</AwardExpirationDate>
    <AwardAmount>1112806</AwardAmount>
    <AwardInstrument>
      <Value>Continuing grant</Value>
    </AwardInstrument>
    <Organization>
      <Code>03010700</Code>
      <Directorate>
        <LongName>Direct For Mathematical &amp; Physical Scien</LongName>
      </Directorate>
      <Division>
        <LongName>Division Of Physics</LongName>
      </Division>
    </Organization>
    <ProgramOfficer>
      <SignBlockName>Beverly K. Berger</SignBlockName>
    </ProgramOfficer>
    <AbstractNarration>Profs. Hu and Jacobson are carrying out a broad program of research in theoretical gravitation. They will apply techniques from field theory to problems in cosmology, black holes, relativistic thermodynamics, and quantum gravity. Results of their work may lead to important insights, not only in the areas mentioned above, but also in probing the deeper structures of physical laws under extreme conditions and understanding their manifestations in the origin and dynamics of the universe.</AbstractNarration>
    <MinAmdLetterDate>03/03/1998</MinAmdLetterDate>
    <MaxAmdLetterDate>06/03/2003</MaxAmdLetterDate>
    <ARRAAmount/>
    <AwardID>9800967</AwardID>
    <Investigator>
      <FirstName>Theodore</FirstName>
      <LastName>Jacobson</LastName>
      <EmailAddress>jacobson@umd.edu</EmailAddress>
      <StartDate>03/03/1998</StartDate>
      <EndDate/>
      <RoleCode>Co-Principal Investigator</RoleCode>
    </Investigator>
    <Investigator>
      <FirstName>Bei-Lok</FirstName>
      <LastName>Hu</LastName>
      <EmailAddress>blhu@umd.edu</EmailAddress>
      <StartDate>03/03/1998</StartDate>
      <EndDate/>
      <RoleCode>Principal Investigator</RoleCode>
    </Investigator>
    <Institution>
      <Name>University of Maryland College Park</Name>
      <CityName>COLLEGE PARK</CityName>
      <ZipCode>207425141</ZipCode>
      <PhoneNumber>3014056269</PhoneNumber>
      <StreetAddress>3112 LEE BLDG 7809 Regents Drive</StreetAddress>
      <CountryName>United States</CountryName>
      <StateName>Maryland</StateName>
      <StateCode>MD</StateCode>
    </Institution>
  </Award>
</rootTag>
