<?xml version="1.0" encoding="UTF-8"?>

<rootTag>
  <Award>
    <AwardTitle>Dissertation Research: Evolution and Endocrinology of Accelerated Metamorphosis</AwardTitle>
    <AwardEffectiveDate>06/15/1998</AwardEffectiveDate>
    <AwardExpirationDate>05/31/2000</AwardExpirationDate>
    <AwardAmount>10400</AwardAmount>
    <AwardInstrument>
      <Value>Standard Grant</Value>
    </AwardInstrument>
    <Organization>
      <Code>08090300</Code>
      <Directorate>
        <LongName>Direct For Biological Sciences</LongName>
      </Directorate>
      <Division>
        <LongName>Division Of Integrative Organismal Sys</LongName>
      </Division>
    </Organization>
    <ProgramOfficer>
      <SignBlockName>Zoe Eppley</SignBlockName>
    </ProgramOfficer>
    <AbstractNarration>PI: HAYES 9800886 The PIs study examines the evolution of rapid metamorphosis and its hormonal control in desert-adapted amphibians. New World spadefoot toads live in American deserts and breed in ephemeral pools where their extremely rapid metamorphosis in less than two weeks is important to avoid desiccation. The closest relatives to the New World spadefoot toads are the Old World spadefoot toads and parsley frogs of Europe, Asia, and North Africa, and are not known to have rapid metamorphosis. The PIs will determine the evolutionary origin of rapid metamorphosis in spadefoot toads and elucidate the hormonal mechanism that allowed for its evolution. This research is the first to examine the physiology of a key-adaptation for amphibian desert survival -- rapid metamorphosis. The PIs are integrating natural history, phylogenetic analysis, and experimental physiology into an evolutionary perspective.</AbstractNarration>
    <MinAmdLetterDate>06/04/1998</MinAmdLetterDate>
    <MaxAmdLetterDate>06/04/1998</MaxAmdLetterDate>
    <ARRAAmount/>
    <AwardID>9800886</AwardID>
    <Investigator>
      <FirstName>Tyrone</FirstName>
      <LastName>Hayes</LastName>
      <EmailAddress>tyrone@berkeley.edu</EmailAddress>
      <StartDate>06/04/1998</StartDate>
      <EndDate/>
      <RoleCode>Principal Investigator</RoleCode>
    </Investigator>
    <Institution>
      <Name>University of California-Berkeley</Name>
      <CityName>BERKELEY</CityName>
      <ZipCode>947045940</ZipCode>
      <PhoneNumber>5106428109</PhoneNumber>
      <StreetAddress>Sponsored Projects Office</StreetAddress>
      <CountryName>United States</CountryName>
      <StateName>California</StateName>
      <StateCode>CA</StateCode>
    </Institution>
  </Award>
</rootTag>
