<?xml version="1.0" encoding="UTF-8"?>

<rootTag>
  <Award>
    <AwardTitle>Theoretical Advanced Study Institute in Particle Physics</AwardTitle>
    <AwardEffectiveDate>05/15/1998</AwardEffectiveDate>
    <AwardExpirationDate>04/30/2004</AwardExpirationDate>
    <AwardAmount>234000</AwardAmount>
    <AwardInstrument>
      <Value>Continuing grant</Value>
    </AwardInstrument>
    <Organization>
      <Code>03010500</Code>
      <Directorate>
        <LongName>Direct For Mathematical &amp; Physical Scien</LongName>
      </Directorate>
      <Division>
        <LongName>Division Of Physics</LongName>
      </Division>
    </Organization>
    <ProgramOfficer>
      <SignBlockName>Frederick Cooper</SignBlockName>
    </ProgramOfficer>
    <AbstractNarration>The Theoretical Advanced Study Institute for high energy physics graduate study will be held for four weeks each year in June/July at the University of Colorado, Boulder during the period 1998-2002. The Institute will focus on one or two broad topics of theoretical elementary particle physics every summer, the topics chosen being timely both from the experimental and theoretical point of view. (The title for the 1998 TASI is `Neutrinos in Physics and Astrophysics: from 10-33 to 10+17 cm`. The topics covered will include aspects of neutrino properties in particle and astroparticle physics.) The annual program consists of eight to ten lecture series, and several seminars on topics of current interest. Each lecture series consists of five to six lectures, each of 75 minutes, all allowing for questions from students. Each lecture series starts with introductory material and ends with the current status. This summer program of graduate study is extremely important to the education of our future elementary particle physicists. It complements in a very constructive way what graduate students learn on their home campuses.</AbstractNarration>
    <MinAmdLetterDate>05/07/1998</MinAmdLetterDate>
    <MaxAmdLetterDate>01/09/2002</MaxAmdLetterDate>
    <ARRAAmount/>
    <AwardID>9800746</AwardID>
    <Investigator>
      <FirstName>K</FirstName>
      <LastName>Mahanthappa</LastName>
      <EmailAddress>ktm@pizero.colorado.edu</EmailAddress>
      <StartDate>05/07/1998</StartDate>
      <EndDate/>
      <RoleCode>Principal Investigator</RoleCode>
    </Investigator>
    <Institution>
      <Name>University of Colorado at Boulder</Name>
      <CityName>Boulder</CityName>
      <ZipCode>803031058</ZipCode>
      <PhoneNumber>3034926221</PhoneNumber>
      <StreetAddress>3100 Marine Street, Room 481</StreetAddress>
      <CountryName>United States</CountryName>
      <StateName>Colorado</StateName>
      <StateCode>CO</StateCode>
    </Institution>
    <FoaInformation>
      <Code>0000099</Code>
      <Name>Other Applications NEC</Name>
    </FoaInformation>
    <ProgramElement>
      <Code>1286</Code>
      <Text>Elem. Particle Physics/Theory</Text>
    </ProgramElement>
    <ProgramReference>
      <Code>0000</Code>
      <Text>UNASSIGNED</Text>
    </ProgramReference>
    <ProgramReference>
      <Code>OTHR</Code>
      <Text>OTHER RESEARCH OR EDUCATION</Text>
    </ProgramReference>
  </Award>
</rootTag>
