<?xml version="1.0" encoding="UTF-8"?>

<rootTag>
  <Award>
    <AwardTitle>The MACHO Project: Searching For Dark Matter With Microlensing</AwardTitle>
    <AwardEffectiveDate>09/01/1998</AwardEffectiveDate>
    <AwardExpirationDate>08/31/2002</AwardExpirationDate>
    <AwardAmount>240000</AwardAmount>
    <AwardInstrument>
      <Value>Standard Grant</Value>
    </AwardInstrument>
    <Organization>
      <Code>03020416</Code>
      <Directorate>
        <LongName>Direct For Mathematical &amp; Physical Scien</LongName>
      </Directorate>
      <Division>
        <LongName>Division Of Astronomical Sciences</LongName>
      </Division>
    </Organization>
    <ProgramOfficer>
      <SignBlockName>Vernon Pankonin</SignBlockName>
    </ProgramOfficer>
    <AbstractNarration>9800028 Stubbs The MACHO project uses the principle of gravitational microlensing to search for compact objects in the halo, disk, and bulge of our Galaxy. The experiment has been acquiring data since 1992, at the Mt. Stromlo Observatory in Australia. The main objective of the project is to detect and/or constrain the existence of compact objects (MACHOS) in the dark matter halo of our Galaxy. The search to date has been very successful and has made important progress toward determining the nature of the Galaxy's dark matter halo. Dr. Christopher Stubbs at the University of Washington and his colleagues will continue this project for another three year period.</AbstractNarration>
    <MinAmdLetterDate>08/26/1998</MinAmdLetterDate>
    <MaxAmdLetterDate>08/26/1998</MaxAmdLetterDate>
    <ARRAAmount/>
    <AwardID>9800028</AwardID>
    <Investigator>
      <FirstName>Christopher</FirstName>
      <LastName>Stubbs</LastName>
      <EmailAddress>cstubbs@fas.harvard.edu</EmailAddress>
      <StartDate>08/26/1998</StartDate>
      <EndDate/>
      <RoleCode>Principal Investigator</RoleCode>
    </Investigator>
    <Institution>
      <Name>University of Washington</Name>
      <CityName>Seattle</CityName>
      <ZipCode>981950001</ZipCode>
      <PhoneNumber>2065434043</PhoneNumber>
      <StreetAddress>4333 Brooklyn Ave NE</StreetAddress>
      <CountryName>United States</CountryName>
      <StateName>Washington</StateName>
      <StateCode>WA</StateCode>
    </Institution>
    <FoaInformation>
      <Code>0000099</Code>
      <Name>Other Applications NEC</Name>
    </FoaInformation>
    <ProgramElement>
      <Code>1214</Code>
      <Text>PLANETARY ASTRONOMY</Text>
    </ProgramElement>
    <ProgramElement>
      <Code>1216</Code>
      <Text>GALACTIC ASTRONOMY PROGRAM</Text>
    </ProgramElement>
    <ProgramReference>
      <Code>0000</Code>
      <Text>UNASSIGNED</Text>
    </ProgramReference>
    <ProgramReference>
      <Code>1204</Code>
      <Text>PARTICLE ASTROPHYSICS</Text>
    </ProgramReference>
    <ProgramReference>
      <Code>1207</Code>
      <Text>OBSERVATIONAL ASTRONOMY</Text>
    </ProgramReference>
    <ProgramReference>
      <Code>OTHR</Code>
      <Text>OTHER RESEARCH OR EDUCATION</Text>
    </ProgramReference>
  </Award>
</rootTag>
