<?xml version="1.0" encoding="UTF-8"?>

<rootTag>
  <Award>
    <AwardTitle>Research on Quantum Fluctuations and Gravitation</AwardTitle>
    <AwardEffectiveDate>07/01/1998</AwardEffectiveDate>
    <AwardExpirationDate>06/30/2003</AwardExpirationDate>
    <AwardAmount>156899</AwardAmount>
    <AwardInstrument>
      <Value>Continuing grant</Value>
    </AwardInstrument>
    <Organization>
      <Code>03010700</Code>
      <Directorate>
        <LongName>Direct For Mathematical &amp; Physical Scien</LongName>
      </Directorate>
      <Division>
        <LongName>Division Of Physics</LongName>
      </Division>
    </Organization>
    <ProgramOfficer>
      <SignBlockName>Beverly K. Berger</SignBlockName>
    </ProgramOfficer>
    <AbstractNarration>***&lt;br/&gt;9800965&lt;br/&gt;Ford&lt;br/&gt;This project will involve theoretical research on various aspects of quantum field theory and its relationship to gravitational theory and cosmology. Its central focus will be physical phenomena associated with quantum fluctuations. Several specific topics have been selected for detailed study, some of which involve the gravitational field, and others of which involve nongravitational systems. These topics include constraints on negative energy densities which derive from quantum field theory. Such constraints impose severe restrictions on the use of negative energy to create exotic gravitational fields. A second topic will be fluctuations of the stress tensor of quantized matter fields. This is of interest both in the context of quantum fluctuations of the gravitational field and of the theory of van der Waals forces between solid bodies. The quantum fluctuations of boundaries, including horizons, will also be subject to investigation. Finally, some topics related to vacuum fluctuations of the electromagnetic field in flat spacetime will be examined. These include the effects of such fluctuations on electron interference patterns, and the possibility of amplifying vacuum fluctuations in the context of van der Waals forces.&lt;br/&gt;&lt;br/&gt;This research aims to understand more deeply some of the effects of quantum fluctuations in a variety of situations, and in particular, to understand aspects of the quantum nature of the gravitational field.&lt;br/&gt;***</AbstractNarration>
    <MinAmdLetterDate>07/02/1998</MinAmdLetterDate>
    <MaxAmdLetterDate>06/25/2002</MaxAmdLetterDate>
    <ARRAAmount/>
    <AwardID>9800965</AwardID>
    <Investigator>
      <FirstName>Lawrence</FirstName>
      <LastName>Ford</LastName>
      <EmailAddress>ford@cosmos.phy.tufts.edu</EmailAddress>
      <StartDate>07/02/1998</StartDate>
      <EndDate/>
      <RoleCode>Principal Investigator</RoleCode>
    </Investigator>
    <Institution>
      <Name>Tufts University</Name>
      <CityName>Medford</CityName>
      <ZipCode>021555807</ZipCode>
      <PhoneNumber>6176273417</PhoneNumber>
      <StreetAddress>20 Professors Row</StreetAddress>
      <CountryName>United States</CountryName>
      <StateName>Massachusetts</StateName>
      <StateCode>MA</StateCode>
    </Institution>
    <FoaInformation>
      <Code>0000099</Code>
      <Name>Other Applications NEC</Name>
    </FoaInformation>
  </Award>
</rootTag>
