<?xml version="1.0" encoding="UTF-8"?>

<rootTag>
  <Award>
    <AwardTitle>Constitutive and Numerical Modeling for Analysis of Permanent Deformations of Soil Structures</AwardTitle>
    <AwardEffectiveDate>02/01/2000</AwardEffectiveDate>
    <AwardExpirationDate>01/31/2003</AwardExpirationDate>
    <AwardAmount>123037</AwardAmount>
    <AwardInstrument>
      <Value>Standard Grant</Value>
    </AwardInstrument>
    <Organization>
      <Code>07030000</Code>
      <Directorate>
        <LongName>Directorate For Engineering</LongName>
      </Directorate>
      <Division>
        <LongName>Div Of Civil, Mechanical, &amp; Manufact Inn</LongName>
      </Division>
    </Organization>
    <ProgramOfficer>
      <SignBlockName>Clifford J. Astill</SignBlockName>
    </ProgramOfficer>
    <AbstractNarration>The objective of this research program is to develop a computationally efficient mathematical model for analyzing the permanent deformation of saturated soil structures during and following an earthquake. This is a group research project involving principal investigators at the University of California-Davis and George Washington University.&lt;br/&gt;&lt;br/&gt;The model is based on a finite deformation two-phase mixture theory. It involves the improvement and implementation of an already-validated plasticity constitutive model into an existing finite element code. The goal is to enhance the capability of this code to accurately predict the behavior of saturated soils prior to and during liquefaction. The constitutive model is being extended to represent the behavior of granular soils, both at moderately high and at very low effective stresses, making it possible to simulate the behavior of soil prior to and during liquefaction. This is achieved by considering the change of soil fabric as the soil approaches very low effective stresses. The resulting finite-element model is used to study the mechanism of liquefaction-related large ground displacements, including the lateral spreading and settlement of saturated soil deposits.&lt;br/&gt;&lt;br/&gt;Advancing the ability to predict the lateral spreading of soil foundations following strong ground shaking will be a significant contribution to mitigating the effects of earthquakes.</AbstractNarration>
    <MinAmdLetterDate>09/27/1999</MinAmdLetterDate>
    <MaxAmdLetterDate>04/22/2002</MaxAmdLetterDate>
    <ARRAAmount/>
    <AwardID>9800330</AwardID>
    <Investigator>
      <FirstName>Yannis</FirstName>
      <LastName>Dafalias</LastName>
      <EmailAddress>dafalias@ucdavis.edu</EmailAddress>
      <StartDate>09/27/1999</StartDate>
      <EndDate/>
      <RoleCode>Principal Investigator</RoleCode>
    </Investigator>
    <Institution>
      <Name>University of California-Davis</Name>
      <CityName>Davis</CityName>
      <ZipCode>956186134</ZipCode>
      <PhoneNumber>5307547700</PhoneNumber>
      <StreetAddress>OR/Sponsored Programs</StreetAddress>
      <CountryName>United States</CountryName>
      <StateName>California</StateName>
      <StateCode>CA</StateCode>
    </Institution>
    <FoaInformation>
      <Code>0304000</Code>
      <Name>Disaster &amp; Natural Hazard</Name>
    </FoaInformation>
    <FoaInformation>
      <Code>0304010</Code>
      <Name>Earthquake</Name>
    </FoaInformation>
    <ProgramElement>
      <Code>1496</Code>
      <Text>GEOTECHNICAL II</Text>
    </ProgramElement>
    <ProgramReference>
      <Code>1039</Code>
      <Text>RENEWAL ENGINEERING</Text>
    </ProgramReference>
    <ProgramReference>
      <Code>1576</Code>
      <Text>NATIONL EARTHQK HZRD REDCT PRG</Text>
    </ProgramReference>
    <ProgramReference>
      <Code>CVIS</Code>
      <Text>CIVIL INFRASTRUCTURE</Text>
    </ProgramReference>
  </Award>
</rootTag>
