<?xml version="1.0" encoding="UTF-8"?>

<rootTag>
  <Award>
    <AwardTitle>National Forum on the Consequences of Global Change for the Nation, Washington, November 1997</AwardTitle>
    <AwardEffectiveDate>11/01/1997</AwardEffectiveDate>
    <AwardExpirationDate>06/30/2000</AwardExpirationDate>
    <AwardAmount>120545</AwardAmount>
    <AwardInstrument>
      <Value>Standard Grant</Value>
    </AwardInstrument>
    <Organization>
      <Code>06040100</Code>
      <Directorate>
        <LongName>Directorate For Geosciences</LongName>
      </Directorate>
      <Division>
        <LongName>Division Of Ocean Sciences</LongName>
      </Division>
    </Organization>
    <ProgramOfficer>
      <SignBlockName>H. Lawrence Clark</SignBlockName>
    </ProgramOfficer>
    <AbstractNarration>As increased knowledge has been obtained about dynamics interactions among physical systems that are associated with climate variability and climate change, increased attention has focused on the need to increase understanding about the consequences of change on people and ecosystems. To enhance that process, the agencies participating in the U.S. Global Change Research Program (USGCRP) have initiated a process that will result in a national assessment of the consequences of climate variability and change. Seven workshops focusing on regional impacts were held earlier in 1997. On November 12-14, 1997, a National Forum on the consequences of climate variability and change will be convened at the National Academy of Sciences. This award provides support to the National Academy of Sciences/National Research Council, which is helping to conduct the National Forum. More than 600 individuals are expected to participate in the National Forum. The funding for this award has been provided by the U.S. Department of Energy on behalf of all USGCRP agencies. The National Forum is a critical step in the process of conducting a national assessment of the consequences of climate variability and change by the end of 1999. The forum will continue a process that began with a series of regional workshops earlier in 1997, and it will accelerate the process of bringing scientists together with business leaders, government officials, and members of the general public, thereby enhancing the utility of scientific knowledge in service to society.</AbstractNarration>
    <MinAmdLetterDate>10/21/1997</MinAmdLetterDate>
    <MaxAmdLetterDate>05/10/1999</MaxAmdLetterDate>
    <ARRAAmount/>
    <AwardID>9800841</AwardID>
    <Investigator>
      <FirstName>Sherburne</FirstName>
      <LastName>Abbott</LastName>
      <EmailAddress>sabbott@aaas.org</EmailAddress>
      <StartDate>10/21/1997</StartDate>
      <EndDate/>
      <RoleCode>Principal Investigator</RoleCode>
    </Investigator>
    <Institution>
      <Name>National Academy of Sciences</Name>
      <CityName>Washington</CityName>
      <ZipCode>200012721</ZipCode>
      <PhoneNumber>2023342254</PhoneNumber>
      <StreetAddress>500 FIFTH STREET NW</StreetAddress>
      <CountryName>United States</CountryName>
      <StateName>District of Columbia</StateName>
      <StateCode>DC</StateCode>
    </Institution>
    <FoaInformation>
      <Code>0319000</Code>
      <Name>Climate Related Activities</Name>
    </FoaInformation>
    <ProgramElement>
      <Code>5418</Code>
      <Text>OCE SPECIAL PROGRAMS</Text>
    </ProgramElement>
    <ProgramReference>
      <Code>1314</Code>
      <Text>INSTITUTES FOR GLOBAL CHANGE</Text>
    </ProgramReference>
    <ProgramReference>
      <Code>EGCH</Code>
      <Text>ENVIRONMENT AND GLOBAL CHANGE</Text>
    </ProgramReference>
  </Award>
</rootTag>
