<?xml version="1.0" encoding="UTF-8"?>

<rootTag>
  <Award>
    <AwardTitle>Solid Freeform (SFF) Based Fabrication of Porous Structures and Flow Characterization</AwardTitle>
    <AwardEffectiveDate>08/01/1998</AwardEffectiveDate>
    <AwardExpirationDate>07/31/2000</AwardExpirationDate>
    <AwardAmount>99999</AwardAmount>
    <AwardInstrument>
      <Value>Standard Grant</Value>
    </AwardInstrument>
    <Organization>
      <Code>07030000</Code>
      <Directorate>
        <LongName>Directorate For Engineering</LongName>
      </Directorate>
      <Division>
        <LongName>Div Of Civil, Mechanical, &amp; Manufact Inn</LongName>
      </Division>
    </Organization>
    <ProgramOfficer>
      <SignBlockName>George A. Hazelrigg</SignBlockName>
    </ProgramOfficer>
    <AbstractNarration>DMI-9800493 GUCERI Rapid prototyping technology allows us to generate complex architectures-ordered and random, isotropic and anisotropic, homogeneously or nonhomogeneously distributed-with a variety and accuracy never encountered before. An interdisciplinary and multi-institutional research effort is proposed to take advantage of the advances in rapid prototyping to fabricate controlled porous domains and to conduct fundamental studies for investigation and development of physical models for transport issues that are relevant to fluid flow and impregnation-based manufacturing technologies. The research has two concurrent and highly interrelated activities. The first will be the development of fabrication techniques to generate a variety of porous structures that are representative and have strong relevance to a range of impregnation-based manufacturing applications. This effort will explore discrete manufacturing capabilities of solid freeform (SFF) rapid prototyping techniques to fabricate porous structures with controlled pore architectures by developing novel SFF hardware interfaces to generate/edit tool-paths. Next, various mesh generation algorithms with grid control will be employed to achieve desired three-dimensional pore architectures. The second phase of the study will focus on porosity and flow characterization. Porosity will be evaluated by determining the pore architectures and percent porosity extremes that can be achieved using the SFF technology. Flow characterization for this exploratory research will be limited to determination of wet and dry permeabilities using the pressure gradient approach as well as optical methods. All studies will be conducted under isothermal conditions. The outcome of the proposed study will be the development of a new enabling technology for conducting fundamental studies in three-dimensional flow fields. Most importantly, it will enable researchers to design and evaluate complex three-dimensional preforms for impregnation-based manufacturi ng with engineered pore architectures. If the exploratory tasks are completed successfully, fabrication of preforms from ceramic and metallic materials for advanced composites applications will follow the current fused deposition research in prototyping/rapid fabrication with ceramics and metals.</AbstractNarration>
    <MinAmdLetterDate>07/29/1998</MinAmdLetterDate>
    <MaxAmdLetterDate>07/29/1998</MaxAmdLetterDate>
    <ARRAAmount/>
    <AwardID>9800493</AwardID>
    <Investigator>
      <FirstName>Selcuk</FirstName>
      <LastName>Guceri</LastName>
      <EmailAddress>guceri@drexel.edu</EmailAddress>
      <StartDate>07/29/1998</StartDate>
      <EndDate/>
      <RoleCode>Principal Investigator</RoleCode>
    </Investigator>
    <Investigator>
      <FirstName>Merve</FirstName>
      <LastName>Erdal</LastName>
      <EmailAddress>merdal@me.umn.edu</EmailAddress>
      <StartDate>07/29/1998</StartDate>
      <EndDate/>
      <RoleCode>Co-Principal Investigator</RoleCode>
    </Investigator>
    <Institution>
      <Name>University of Illinois at Chicago</Name>
      <CityName>Chicago</CityName>
      <ZipCode>606124305</ZipCode>
      <PhoneNumber>3129962862</PhoneNumber>
      <StreetAddress>809 S MARSHFIELD</StreetAddress>
      <CountryName>United States</CountryName>
      <StateName>Illinois</StateName>
      <StateCode>IL</StateCode>
    </Institution>
    <FoaInformation>
      <Code>0308000</Code>
      <Name>Industrial Technology</Name>
    </FoaInformation>
    <ProgramElement>
      <Code>1467</Code>
      <Text>MATERIALS PROCESSING AND MANFG</Text>
    </ProgramElement>
    <ProgramReference>
      <Code>9146</Code>
      <Text>MANUFACTURING BASE RESEARCH</Text>
    </ProgramReference>
    <ProgramReference>
      <Code>MANU</Code>
      <Text>MANUFACTURING</Text>
    </ProgramReference>
  </Award>
</rootTag>
