<?xml version="1.0" encoding="UTF-8"?>

<rootTag>
  <Award>
    <AwardTitle>Japan STA Program: Magmatic-Hydrothermal Fluids in the Ore Deposits and Active Geothermal Systems</AwardTitle>
    <AwardEffectiveDate>07/01/1998</AwardEffectiveDate>
    <AwardExpirationDate>06/30/2000</AwardExpirationDate>
    <AwardAmount>13000</AwardAmount>
    <AwardInstrument>
      <Value>Fellowship</Value>
    </AwardInstrument>
    <Organization>
      <Code>01090000</Code>
      <Directorate>
        <LongName>Office Of The Director</LongName>
      </Directorate>
      <Division>
        <LongName>Office Of Internatl Science &amp;Engineering</LongName>
      </Division>
    </Organization>
    <ProgramOfficer>
      <SignBlockName>Larry H. Weber</SignBlockName>
    </ProgramOfficer>
    <AbstractNarration>Muntean 9800963 This award supports a 24 month Science and Technology Agency of Japan (STA) Postdoctoral Fellowship for Dr. John Muntean at the Geological Survey of Japan in Tsukuba, Japan. Dr. Muntean will work with Dr. Jeffrey Hedenquist, Senior Scientist, Mineral and Fuel Resources Department, on a research project entitled "Magmatic-Hydrothermal Fluids in the Ore Deposits and Active Geothermal Systems." The proposed research project will focus on the continuum model for magmatic-hydrothremal fluids, both for active volcanic-hydrothermal systems and or deposits, which will be tested from a variety of directions with a variety of approaches--active versus extinct systems, exposures from the surface through shallow to great depth, and using field- based geological study plus laboratory-based geochemical work. Magmatic-hydrothermal processes reflect the physical and chemical interactions between magma bodies, the surrounding rocks, and Earth's hydrosphere. Significant progress has been made in the last dozen years on identifying and understanding magmatic-hydrothermal processes in volcanoes, geothermal systems, and ore deposits. The recent progress points to a continuum of magnatic-hydrothermal fluids ranging from magmatic aqueous fluids with little external input through to fluids of mixed heritage that results from complex interactions between magmatic aqueous fluids, rocks , and aqueous fluids of surficial origin. These magmatic-hydrothermal fluids play a major role in cycling of the earth's elements in the upper crust. Increased understanding of magmatic-hydrothermal fluids and processes has profound implications in assessment of volcanic hazards, development of geothermal energy, and the exploration and development of hydrothermal metallic ore deposits. ***</AbstractNarration>
    <MinAmdLetterDate>08/21/1998</MinAmdLetterDate>
    <MaxAmdLetterDate>03/01/1999</MaxAmdLetterDate>
    <ARRAAmount/>
    <AwardID>9800963</AwardID>
    <Investigator>
      <FirstName>John</FirstName>
      <LastName>Muntean</LastName>
      <EmailAddress>munteanj@unr.edu</EmailAddress>
      <StartDate>08/21/1998</StartDate>
      <EndDate/>
      <RoleCode>Principal Investigator</RoleCode>
    </Investigator>
    <Institution>
      <Name>Fellowships</Name>
      <CityName>Arlington</CityName>
      <ZipCode>22230</ZipCode>
      <PhoneNumber/>
      <StreetAddress/>
      <CountryName>United States</CountryName>
      <StateName>Virginia</StateName>
      <StateCode>VA</StateCode>
    </Institution>
    <FoaInformation>
      <Code>0304000</Code>
      <Name>Disaster &amp; Natural Hazard</Name>
    </FoaInformation>
  </Award>
</rootTag>
