<?xml version="1.0" encoding="UTF-8"?>

<rootTag>
  <Award>
    <AwardTitle>Marine Technicians</AwardTitle>
    <AwardEffectiveDate>03/15/1998</AwardEffectiveDate>
    <AwardExpirationDate>02/29/2000</AwardExpirationDate>
    <AwardAmount>407992</AwardAmount>
    <AwardInstrument>
      <Value>Continuing grant</Value>
    </AwardInstrument>
    <Organization>
      <Code>06040100</Code>
      <Directorate>
        <LongName>Directorate For Geosciences</LongName>
      </Directorate>
      <Division>
        <LongName>Division Of Ocean Sciences</LongName>
      </Division>
    </Organization>
    <ProgramOfficer>
      <SignBlockName>Donald F. Heinrichs</SignBlockName>
    </ProgramOfficer>
    <AbstractNarration>9800650 Smith This award to the University of Alaska at Fairbanks will provide technical support to NSF-supported researchers on the ship R/V Alpha Helix for field programs in the Gulf of Alaska and Bering Sea regions in 1998 and 1999. Alpha Helix is operated by the University of Alaska as part of the University-National Oceanographic Laboratory System fleet.</AbstractNarration>
    <MinAmdLetterDate>04/02/1998</MinAmdLetterDate>
    <MaxAmdLetterDate>04/07/1999</MaxAmdLetterDate>
    <ARRAAmount/>
    <AwardID>9800650</AwardID>
    <Investigator>
      <FirstName>Thomas</FirstName>
      <LastName>Smith</LastName>
      <EmailAddress>fnts@uaf.edu</EmailAddress>
      <StartDate>04/02/1998</StartDate>
      <EndDate/>
      <RoleCode>Principal Investigator</RoleCode>
    </Investigator>
    <Institution>
      <Name>University of Alaska Fairbanks Campus</Name>
      <CityName>Fairbanks</CityName>
      <ZipCode>997757880</ZipCode>
      <PhoneNumber>9074747301</PhoneNumber>
      <StreetAddress>West Ridge Research Bldg 008</StreetAddress>
      <CountryName>United States</CountryName>
      <StateName>Alaska</StateName>
      <StateCode>AK</StateCode>
    </Institution>
    <FoaInformation>
      <Code>0204000</Code>
      <Name>Oceanography</Name>
    </FoaInformation>
    <ProgramElement>
      <Code>5415</Code>
      <Text>OCEANOGRAPHIC TECHNICAL SERVCE</Text>
    </ProgramElement>
    <ProgramReference>
      <Code>0000</Code>
      <Text>UNASSIGNED</Text>
    </ProgramReference>
    <ProgramReference>
      <Code>OTHR</Code>
      <Text>OTHER RESEARCH OR EDUCATION</Text>
    </ProgramReference>
  </Award>
</rootTag>
