<?xml version="1.0" encoding="UTF-8"?>

<rootTag>
  <Award>
    <AwardTitle>Society for Conservation Biology Request for Graduate Student Travel for an annual meeting in Sydney, Australia, July 13-16, 1998.</AwardTitle>
    <AwardEffectiveDate>02/01/1998</AwardEffectiveDate>
    <AwardExpirationDate>01/31/1999</AwardExpirationDate>
    <AwardAmount>15000</AwardAmount>
    <AwardInstrument>
      <Value>Standard Grant</Value>
    </AwardInstrument>
    <Organization>
      <Code>08010208</Code>
      <Directorate>
        <LongName>Direct For Biological Sciences</LongName>
      </Directorate>
      <Division>
        <LongName>Division Of Environmental Biology</LongName>
      </Division>
    </Organization>
    <ProgramOfficer>
      <SignBlockName>Scott L. Collins</SignBlockName>
    </ProgramOfficer>
    <AbstractNarration>9800172 Boersma This award provides funds to support the travel of 15 graduate students and postdoctoral fellows to attend the Society for Conservation Biology annual meetings in Sydney Australia. Travel funds will be awarded based on need, quality and significance of research to conservation biology, and other selection criteria. Participating in the annual meeting is considered to be an important aspect of academic training. This award will facilitate the interaction of 15 young scientists from the US with an international community of conservation biologists.</AbstractNarration>
    <MinAmdLetterDate>01/29/1998</MinAmdLetterDate>
    <MaxAmdLetterDate>01/29/1998</MaxAmdLetterDate>
    <ARRAAmount/>
    <AwardID>9800172</AwardID>
    <Investigator>
      <FirstName>P. Dee</FirstName>
      <LastName>Boersma</LastName>
      <EmailAddress>boersma@u.washington.edu</EmailAddress>
      <StartDate>01/29/1998</StartDate>
      <EndDate/>
      <RoleCode>Principal Investigator</RoleCode>
    </Investigator>
    <Institution>
      <Name>University of Washington</Name>
      <CityName>Seattle</CityName>
      <ZipCode>981950001</ZipCode>
      <PhoneNumber>2065434043</PhoneNumber>
      <StreetAddress>4333 Brooklyn Ave NE</StreetAddress>
      <CountryName>United States</CountryName>
      <StateName>Washington</StateName>
      <StateCode>WA</StateCode>
    </Institution>
    <FoaInformation>
      <Code>0312000</Code>
      <Name>Population</Name>
    </FoaInformation>
    <ProgramElement>
      <Code>1174</Code>
      <Text>POPULATION DYNAMICS</Text>
    </ProgramElement>
    <ProgramElement>
      <Code>1182</Code>
      <Text>POP &amp; COMMUNITY ECOL PROG</Text>
    </ProgramElement>
    <ProgramReference>
      <Code>9198</Code>
      <Text>OTHER ENVIRONMENT</Text>
    </ProgramReference>
    <ProgramReference>
      <Code>9285</Code>
      <Text>CONSRV &amp; RESTOR BIOL SPEC COMP</Text>
    </ProgramReference>
    <ProgramReference>
      <Code>EGCH</Code>
      <Text>ENVIRONMENT AND GLOBAL CHANGE</Text>
    </ProgramReference>
  </Award>
</rootTag>
