<?xml version="1.0" encoding="UTF-8"?>

<rootTag>
  <Award>
    <AwardTitle>WORKSHOP: ACM 1998 Workshop on Java for High Performance Network Computing being held in Palo Alto, CA, February 28- March 1, 1998</AwardTitle>
    <AwardEffectiveDate>02/01/1998</AwardEffectiveDate>
    <AwardExpirationDate>07/31/1998</AwardExpirationDate>
    <AwardAmount>20000</AwardAmount>
    <AwardInstrument>
      <Value>Standard Grant</Value>
    </AwardInstrument>
    <Organization>
      <Code>05090000</Code>
      <Directorate>
        <LongName>Direct For Computer &amp; Info Scie &amp; Enginr</LongName>
      </Directorate>
      <Division>
        <LongName>Div Of Advanced Cyberinfrastructure</LongName>
      </Division>
    </Organization>
    <ProgramOfficer>
      <SignBlockName>Charles H. Koelbel</SignBlockName>
    </ProgramOfficer>
    <AbstractNarration>Java and Web technology have become very important for the development of new distributed applications and emerging electronic commerce systems. Likewise, Java is expected to play an increasingly important role in the broad area of high-performance computing; including engineering and scientific computing, simulations, parallel and distributed computing, data-intensive applications, and other applications that combine communication and computing. This workshop will focus on high-performance network computing. The workshop is aimed at getting a broad perspective of community interests and views, as well as more technical discussions. The goal is to provide feedback to users and language developers on what is required to successfully deploy Java in scientific and high-performance computing environments.</AbstractNarration>
    <MinAmdLetterDate>01/28/1998</MinAmdLetterDate>
    <MaxAmdLetterDate>01/28/1998</MaxAmdLetterDate>
    <ARRAAmount/>
    <AwardID>9800171</AwardID>
    <Investigator>
      <FirstName>Klaus</FirstName>
      <LastName>Schauser</LastName>
      <EmailAddress>schauser@cs.ucsb.edu</EmailAddress>
      <StartDate>01/28/1998</StartDate>
      <EndDate/>
      <RoleCode>Principal Investigator</RoleCode>
    </Investigator>
    <Institution>
      <Name>University of California-Santa Barbara</Name>
      <CityName>Santa Barbara</CityName>
      <ZipCode>931062050</ZipCode>
      <PhoneNumber>8058934188</PhoneNumber>
      <StreetAddress>Office of Research</StreetAddress>
      <CountryName>United States</CountryName>
      <StateName>California</StateName>
      <StateCode>CA</StateCode>
    </Institution>
    <FoaInformation>
      <Code>0000099</Code>
      <Name>Other Applications NEC</Name>
    </FoaInformation>
    <ProgramElement>
      <Code>4080</Code>
      <Text>ADVANCED COMP RESEARCH PROGRAM</Text>
    </ProgramElement>
    <ProgramReference>
      <Code>9216</Code>
      <Text>ADVANCED SOFTWARE TECH &amp; ALGOR</Text>
    </ProgramReference>
    <ProgramReference>
      <Code>HPCC</Code>
      <Text>HIGH PERFORMANCE COMPUTING &amp; COMM</Text>
    </ProgramReference>
  </Award>
</rootTag>
