<?xml version="1.0" encoding="UTF-8"?>

<rootTag>
  <Award>
    <AwardTitle>Application of Riemann-Hilbert Techniques To Problems Involving Stationary Axisymmetric Perfect Fluid Sources</AwardTitle>
    <AwardEffectiveDate>08/01/1998</AwardEffectiveDate>
    <AwardExpirationDate>07/31/2000</AwardExpirationDate>
    <AwardAmount>69000</AwardAmount>
    <AwardInstrument>
      <Value>Continuing grant</Value>
    </AwardInstrument>
    <Organization>
      <Code>03010700</Code>
      <Directorate>
        <LongName>Direct For Mathematical &amp; Physical Scien</LongName>
      </Directorate>
      <Division>
        <LongName>Division Of Physics</LongName>
      </Division>
    </Organization>
    <ProgramOfficer>
      <SignBlockName>Richard Isaacson</SignBlockName>
    </ProgramOfficer>
    <AbstractNarration>***&lt;br/&gt;9800091&lt;br/&gt;Ernst&lt;br/&gt;The recent discovery by Neugebauer and Meinel of an exact global solution of the stationary axisymmetric Einstein field equations corresponding to a rigidly rotating disk of dust has created renewed interest in solving problems related to spinning perfect fluid bodies. Dr. Ernst and Dr. Hauser will apply their homogeneous Hilbert problem (HHP) technology to the matching problem to which consideration of stationary axisymmetric spinning sources gives rise.&lt;br/&gt;&lt;br/&gt;With the objective of identifying some useful relativistic analog of the rotating homogeneous Maclaurin ellipsoids of Newtonian theory, Dr. Ernst and Dr. Hauser will investigate the variation of the fluid solutions with certain constraints [e.g., maintaining a certain equation of state]. In particular, they will investigate those variations that preserve the existence of an exterior solution that is asymptotically flat and singularity-free.&lt;br/&gt;***</AbstractNarration>
    <MinAmdLetterDate>07/23/1998</MinAmdLetterDate>
    <MaxAmdLetterDate>04/05/1999</MaxAmdLetterDate>
    <ARRAAmount/>
    <AwardID>9800091</AwardID>
    <Investigator>
      <FirstName>Frederick</FirstName>
      <LastName>Ernst</LastName>
      <EmailAddress/>
      <StartDate>07/23/1998</StartDate>
      <EndDate/>
      <RoleCode>Principal Investigator</RoleCode>
    </Investigator>
    <Institution>
      <Name>FJE Enterprises</Name>
      <CityName>Potsdam</CityName>
      <ZipCode>136769735</ZipCode>
      <PhoneNumber>3152653508</PhoneNumber>
      <StreetAddress>511 County Route 59</StreetAddress>
      <CountryName>United States</CountryName>
      <StateName>New York</StateName>
      <StateCode>NY</StateCode>
    </Institution>
  </Award>
</rootTag>
