<?xml version="1.0" encoding="UTF-8"?>

<rootTag>
  <Award>
    <AwardTitle>SBIR PHASE II: An In Situ Process Control Device for Asphalt Pavements</AwardTitle>
    <AwardEffectiveDate>07/15/1998</AwardEffectiveDate>
    <AwardExpirationDate>12/31/2000</AwardExpirationDate>
    <AwardAmount>386162</AwardAmount>
    <AwardInstrument>
      <Value>Standard Grant</Value>
    </AwardInstrument>
    <Organization>
      <Code>07070000</Code>
      <Directorate>
        <LongName>Directorate For Engineering</LongName>
      </Directorate>
      <Division>
        <LongName>Div Of Industrial Innovation &amp; Partnersh</LongName>
      </Division>
    </Organization>
    <ProgramOfficer>
      <SignBlockName>G. Patrick Johnson</SignBlockName>
    </ProgramOfficer>
    <AbstractNarration>*** 9800895 Pearson This Small Business Innovation Research Phase II project will develop and test nuclear magnetic resonance (nmr) based process control devices for asphalt-aggregate mixes. The Phase I research demonstrated how hardware improvements, including a shim system for a Halbach dipole magnet, makes laboratory and on-line instrumentation possible. The laboratory unit will be able to measure asphalt physical properties in neat asphalt in mixes over a wide range of temperatures. The on-line unit will lead to asphalt process control in a hot mix plant and at paving sites. An in situ device will be designed and tested on in-place pavement. Previous work by the firm demonstrated how asphalt physical properties change when mixed with aggregate and how these changes can be measured with nmr to determine what is defined as "free asphalt" in a mix. This free asphalt probably has an important impact on pavement physical and use properties. This could eventually lead to the development of instrumentation that can measure the amount and physical properties of asphalt in pavements without removing a sample from the pavement. Commercial applications for this technology exist in asphalt laboratories, hot mix plants and in-place pavements. Applications also exist in food processing. ***</AbstractNarration>
    <MinAmdLetterDate>07/17/1998</MinAmdLetterDate>
    <MaxAmdLetterDate>08/16/2000</MaxAmdLetterDate>
    <ARRAAmount/>
    <AwardID>9800895</AwardID>
    <Investigator>
      <FirstName>Robert</FirstName>
      <LastName>Pearson</LastName>
      <EmailAddress>rpearson@charter.net</EmailAddress>
      <StartDate>07/17/1998</StartDate>
      <EndDate/>
      <RoleCode>Principal Investigator</RoleCode>
    </Investigator>
    <Institution>
      <Name>Tri-Valley Research</Name>
      <CityName>Medford</CityName>
      <ZipCode>975049639</ZipCode>
      <PhoneNumber>5416087497</PhoneNumber>
      <StreetAddress>3466 Blueblossom Drive</StreetAddress>
      <CountryName>United States</CountryName>
      <StateName>Oregon</StateName>
      <StateCode>OR</StateCode>
    </Institution>
  </Award>
</rootTag>
