<?xml version="1.0" encoding="UTF-8"?>

<rootTag>
  <Award>
    <AwardTitle>Trees and Group Actions</AwardTitle>
    <AwardEffectiveDate>07/01/1998</AwardEffectiveDate>
    <AwardExpirationDate>06/30/2001</AwardExpirationDate>
    <AwardAmount>84768</AwardAmount>
    <AwardInstrument>
      <Value>Standard Grant</Value>
    </AwardInstrument>
    <Organization>
      <Code>03040300</Code>
      <Directorate>
        <LongName>Direct For Mathematical &amp; Physical Scien</LongName>
      </Directorate>
      <Division>
        <LongName>Division Of Mathematical Sciences</LongName>
      </Division>
    </Organization>
    <ProgramOfficer>
      <SignBlockName>Joseph P. Brennan</SignBlockName>
    </ProgramOfficer>
    <AbstractNarration>CARBONE, DMS 98-00604&lt;br/&gt;&lt;br/&gt;&lt;br/&gt;The proposer is studying automorphism groups of locally finite trees, which are locally compact groups, and their discrete subgroups of finite covolume, which are called tree lattices. The proposer has recently discovered how to construct non-uniform tree lattices (and their quotients); these were conjectured by Hyman Bass and Alex Lubotzky to exist. Of particular interest is the case where the tree is homogeneous of two possible degrees,each a power of a prime plus one. For certain degrees of bi-homogeneity, the tree is then the Bruhat-Tits building of a rank 1 simple Lie group over anon-archimedean local field. Broadly speaking, we are interested in constructingnon-uniform lattices contained within such rank 1 Lie groups, comparing them with general tree lattices, further questions of existence of non-uniform lattices, their covolumes and questions of arithmeticity. The proposer is also studying the edge-indexed quotient graphs of non-uniform tree lattices, which give new examples of infinite expanding diagrams.&lt;br/&gt;&lt;br/&gt;This is a study of infinite 'trees', which are connected graphs in which there are no closed circuits, and the algebraic structure of their symmetries. The proposer has recently discovered that there exist certain symmetries of trees which are locally finite, called 'non-uniform tree lattices', that allow us to collapse the infinite tree into an infinite 'quotient graph' that has finite volume in an appropriate sense. The symmetries of locally finite trees that give finite quotient graphs have been understood for some time, and it is also known that these give rise to infinite families of finite expander graphs, which are fundamental building blocks for certain communication networks in computer science. The construction of non-uniform tree lattices and their quotient graphs, as well as being natural from many mathematical points of view, is desirable in order that there may be new practical applications in the construction of communication networks.</AbstractNarration>
    <MinAmdLetterDate>05/01/1998</MinAmdLetterDate>
    <MaxAmdLetterDate>05/01/1998</MaxAmdLetterDate>
    <ARRAAmount/>
    <AwardID>9800604</AwardID>
    <Investigator>
      <FirstName>Lisa</FirstName>
      <LastName>Carbone</LastName>
      <EmailAddress>carbonel@math.rutgers.edu</EmailAddress>
      <StartDate>05/01/1998</StartDate>
      <EndDate/>
      <RoleCode>Principal Investigator</RoleCode>
    </Investigator>
    <Institution>
      <Name>Harvard University</Name>
      <CityName>Cambridge</CityName>
      <ZipCode>021385366</ZipCode>
      <PhoneNumber>6174955501</PhoneNumber>
      <StreetAddress>1033 MASSACHUSETTS AVE</StreetAddress>
      <CountryName>United States</CountryName>
      <StateName>Massachusetts</StateName>
      <StateCode>MA</StateCode>
    </Institution>
    <FoaInformation>
      <Code>0000099</Code>
      <Name>Other Applications NEC</Name>
    </FoaInformation>
  </Award>
</rootTag>
