<?xml version="1.0" encoding="UTF-8"?>

<rootTag>
  <Award>
    <AwardTitle>Parallel Multilevel PDE Solvers on Unstructured Meshes</AwardTitle>
    <AwardEffectiveDate>07/15/1998</AwardEffectiveDate>
    <AwardExpirationDate>06/30/2001</AwardExpirationDate>
    <AwardAmount>90000</AwardAmount>
    <AwardInstrument>
      <Value>Standard Grant</Value>
    </AwardInstrument>
    <Organization>
      <Code>05090000</Code>
      <Directorate>
        <LongName>Direct For Computer &amp; Info Scie &amp; Enginr</LongName>
      </Directorate>
      <Division>
        <LongName>Div Of Advanced Cyberinfrastructure</LongName>
      </Division>
    </Organization>
    <ProgramOfficer>
      <SignBlockName>Xiaodong Zhang</SignBlockName>
    </ProgramOfficer>
    <AbstractNarration>This project will investigate efficient multigrid (MG) and domain decomposition (DD) algorithms for elliptic and non-elliptic problems on arbitrary unstructured meshes, which are suitable for distributed and shared memory parallel computing architectures. Three aspects of DD and MG will be emphasized in this work: (1) Performance of various DD and MG algorithms on parallel computers with particular attention paid to communication and cache memory latency. (2) Design of optimized DD and MG "gray box" libraries for elliptic and advection dominated problems, which exploit optional information supplied by the user. (3) Theoretical analysis and practical design of DD and MG algorithm appropriate for advection dominated problems. Particular emphasis will be placed on DD and MG algorithms for solving the discretization matrices arising from a variety of large scale scientific computing problems, such as computational fluid dynamics (CFD) for advection dominated problems, image processing, photolithography, and the modeling of microchip performance and fabrication. The non-elliptic behavior of these practical problems renders the known multigrid and decomposition theory inadequate and serves to motivate a balanced effort consisting of algorithmic development, theoretical analysis, and practical application.</AbstractNarration>
    <MinAmdLetterDate>07/16/1998</MinAmdLetterDate>
    <MaxAmdLetterDate>07/16/1998</MaxAmdLetterDate>
    <ARRAAmount/>
    <AwardID>9800244</AwardID>
    <Investigator>
      <FirstName>Jinchao</FirstName>
      <LastName>Xu</LastName>
      <EmailAddress>xu@math.psu.edu</EmailAddress>
      <StartDate>07/16/1998</StartDate>
      <EndDate/>
      <RoleCode>Principal Investigator</RoleCode>
    </Investigator>
    <Institution>
      <Name>Pennsylvania State Univ University Park</Name>
      <CityName>UNIVERSITY PARK</CityName>
      <ZipCode>168027000</ZipCode>
      <PhoneNumber>8148651372</PhoneNumber>
      <StreetAddress>110 Technology Center Building</StreetAddress>
      <CountryName>United States</CountryName>
      <StateName>Pennsylvania</StateName>
      <StateCode>PA</StateCode>
    </Institution>
    <FoaInformation>
      <Code>0000099</Code>
      <Name>Other Applications NEC</Name>
    </FoaInformation>
    <ProgramElement>
      <Code>4080</Code>
      <Text>ADVANCED COMP RESEARCH PROGRAM</Text>
    </ProgramElement>
    <ProgramReference>
      <Code>9216</Code>
      <Text>ADVANCED SOFTWARE TECH &amp; ALGOR</Text>
    </ProgramReference>
    <ProgramReference>
      <Code>HPCC</Code>
      <Text>HIGH PERFORMANCE COMPUTING &amp; COMM</Text>
    </ProgramReference>
  </Award>
</rootTag>
