<?xml version="1.0" encoding="UTF-8"?>

<rootTag>
  <Award>
    <AwardTitle>Dry Barriers for Waste Containment</AwardTitle>
    <AwardEffectiveDate>06/15/1998</AwardEffectiveDate>
    <AwardExpirationDate>12/31/2002</AwardExpirationDate>
    <AwardAmount>290000</AwardAmount>
    <AwardInstrument>
      <Value>Continuing grant</Value>
    </AwardInstrument>
    <Organization>
      <Code>07030000</Code>
      <Directorate>
        <LongName>Directorate For Engineering</LongName>
      </Directorate>
      <Division>
        <LongName>Div Of Civil, Mechanical, &amp; Manufact Inn</LongName>
      </Division>
    </Organization>
    <ProgramOfficer>
      <SignBlockName>Clifford J. Astill</SignBlockName>
    </ProgramOfficer>
    <AbstractNarration>9800255 Craig Composite caps consisting of a geomembrane and compacted clay layer are often used for closure of landfills and for isolation of contaminated soil and waste because they are very effective at minimizing percolation. However, composite caps are expensive. As a result, interest has developed in less costly and equally effective alternative caps constructed almost entirely with earthen materials. The objective of the proposed study is to investigate fundamental factors affecting the behavior of a new alternative earthen cap called a "dry barrier," a special type of earthen cover where airflow is used to remove intruding water. This design permits the use of thinner layers while still preventing percolation, even during the most stressful periods, such as snowmelt and heavy winter rainfalls. As a result, thinner layers are required and the cost of the cap is lower. Designing dry barriers requires an understanding of the "in situ evaporation" process and flow of air laden with water vapor in porous media. Moreover, models need to be developed for use in design. This study addresses these issues through experimental work and development of computer models. Experiments will be conducted to characterize the "in situ evaporation process" as a function of soil type, water content, air stream velocity, and humidity of the air stream. Models will be developed based on the experimental work and verified using large-scale laboratory tests and a field experiment. Results of this study will demonstrate the benefits of using dry barriers and provide analytical tools and data for their design. ***</AbstractNarration>
    <MinAmdLetterDate>05/30/1998</MinAmdLetterDate>
    <MaxAmdLetterDate>04/30/2002</MaxAmdLetterDate>
    <ARRAAmount/>
    <AwardID>9800255</AwardID>
    <Investigator>
      <FirstName>King-Jau</FirstName>
      <LastName>Kung</LastName>
      <EmailAddress>kskung@wisc.edu</EmailAddress>
      <StartDate>05/30/1998</StartDate>
      <EndDate/>
      <RoleCode>Co-Principal Investigator</RoleCode>
    </Investigator>
    <Investigator>
      <FirstName>Craig</FirstName>
      <LastName>Benson</LastName>
      <EmailAddress>chbenson@virginia.edu</EmailAddress>
      <StartDate>05/30/1998</StartDate>
      <EndDate/>
      <RoleCode>Principal Investigator</RoleCode>
    </Investigator>
    <Institution>
      <Name>University of Wisconsin-Madison</Name>
      <CityName>MADISON</CityName>
      <ZipCode>537151218</ZipCode>
      <PhoneNumber>6082623822</PhoneNumber>
      <StreetAddress>21 North Park Street</StreetAddress>
      <CountryName>United States</CountryName>
      <StateName>Wisconsin</StateName>
      <StateCode>WI</StateCode>
    </Institution>
    <FoaInformation>
      <Code>0304000</Code>
      <Name>Disaster &amp; Natural Hazard</Name>
    </FoaInformation>
    <FoaInformation>
      <Code>0106000</Code>
      <Name>Materials Research</Name>
    </FoaInformation>
    <FoaInformation>
      <Code>0308000</Code>
      <Name>Industrial Technology</Name>
    </FoaInformation>
    <ProgramElement>
      <Code>1448</Code>
      <Text>GEOTECHNICAL I</Text>
    </ProgramElement>
    <ProgramElement>
      <Code>1636</Code>
      <Text>Geotechnical Engineering and M</Text>
    </ProgramElement>
    <ProgramReference>
      <Code>1039</Code>
      <Text>RENEWAL ENGINEERING</Text>
    </ProgramReference>
    <ProgramReference>
      <Code>1057</Code>
      <Text>CIS BASE RESEARCH</Text>
    </ProgramReference>
    <ProgramReference>
      <Code>9231</Code>
      <Text>SUPPL FOR UNDERGRAD RES ASSIST</Text>
    </ProgramReference>
    <ProgramReference>
      <Code>9251</Code>
      <Text>RES EXPER FOR UNDERGRAD-SUPPLT</Text>
    </ProgramReference>
    <ProgramReference>
      <Code>CVIS</Code>
      <Text>CIVIL INFRASTRUCTURE</Text>
    </ProgramReference>
  </Award>
</rootTag>
