<?xml version="1.0" encoding="UTF-8"?>

<rootTag>
  <Award>
    <AwardTitle>Performance Optimization of VLSI Interconnect</AwardTitle>
    <AwardEffectiveDate>09/01/1998</AwardEffectiveDate>
    <AwardExpirationDate>08/31/2002</AwardExpirationDate>
    <AwardAmount>250000</AwardAmount>
    <AwardInstrument>
      <Value>Continuing grant</Value>
    </AwardInstrument>
    <Organization>
      <Code>05010600</Code>
      <Directorate>
        <LongName>Direct For Computer &amp; Info Scie &amp; Enginr</LongName>
      </Directorate>
      <Division>
        <LongName>Division of Computing and Communication Foundations</LongName>
      </Division>
    </Organization>
    <ProgramOfficer>
      <SignBlockName>John Staudhammer</SignBlockName>
    </ProgramOfficer>
    <AbstractNarration>Interconnect is rapidly becoming one of the most important factors in influencing the behavior of integrated circuits. This project addresses the problem of developing next- generation computer-aided design tools to handle these problems. The objective of this work is to apply recent advances in fast simulation of interconnect to solve optimization problems in interconnect design. Specifically, problems related to the design of supply busses, clock networks and signal nets are being investigated. In case of supply nets, structured mesh topologies that provide a good tradeoff between performance and ease of analysis are being considered. In case of signal nets, the problem of building optimal rectilinear Seiner trees under an environment of resistive, capacitive and inductive effects are being studied, with consideration to the interactions with detailed routing. In addition to delay, the work incorporates considerations of signal integrity and manufacturability during the optimization.</AbstractNarration>
    <MinAmdLetterDate>08/04/1998</MinAmdLetterDate>
    <MaxAmdLetterDate>04/03/2000</MaxAmdLetterDate>
    <ARRAAmount/>
    <AwardID>9800992</AwardID>
    <Investigator>
      <FirstName>Sachin</FirstName>
      <LastName>Sapatnekar</LastName>
      <EmailAddress>sachin@umn.edu</EmailAddress>
      <StartDate>08/04/1998</StartDate>
      <EndDate/>
      <RoleCode>Principal Investigator</RoleCode>
    </Investigator>
    <Institution>
      <Name>University of Minnesota-Twin Cities</Name>
      <CityName>Minneapolis</CityName>
      <ZipCode>554552070</ZipCode>
      <PhoneNumber>6126245599</PhoneNumber>
      <StreetAddress>200 OAK ST SE</StreetAddress>
      <CountryName>United States</CountryName>
      <StateName>Minnesota</StateName>
      <StateCode>MN</StateCode>
    </Institution>
    <FoaInformation>
      <Code>0206000</Code>
      <Name>Telecommunications</Name>
    </FoaInformation>
    <FoaInformation>
      <Code>0510403</Code>
      <Name>Engineering &amp; Computer Science</Name>
    </FoaInformation>
    <ProgramElement>
      <Code>4710</Code>
      <Text>DES AUTO FOR MICRO &amp; NANO SYS</Text>
    </ProgramElement>
    <ProgramReference>
      <Code>9215</Code>
      <Text>HIGH PERFORMANCE COMPUTING SYSTEMS</Text>
    </ProgramReference>
    <ProgramReference>
      <Code>HPCC</Code>
      <Text>HIGH PERFORMANCE COMPUTING &amp; COMM</Text>
    </ProgramReference>
  </Award>
</rootTag>
