<?xml version="1.0" encoding="UTF-8"?>

<rootTag>
  <Award>
    <AwardTitle>Dissertation Research: Influence of Population Dynamics and Community Interactions on Mutualistic Outcomes in an Obligate Pollination Mutualism</AwardTitle>
    <AwardEffectiveDate>05/01/1998</AwardEffectiveDate>
    <AwardExpirationDate>04/30/2000</AwardExpirationDate>
    <AwardAmount>6782</AwardAmount>
    <AwardInstrument>
      <Value>Standard Grant</Value>
    </AwardInstrument>
    <Organization>
      <Code>08010208</Code>
      <Directorate>
        <LongName>Direct For Biological Sciences</LongName>
      </Directorate>
      <Division>
        <LongName>Division Of Environmental Biology</LongName>
      </Division>
    </Organization>
    <ProgramOfficer>
      <SignBlockName>Scott L. Collins</SignBlockName>
    </ProgramOfficer>
    <AbstractNarration>9800885 Strauss Plant traits that affect herbivory are usually studies without considering effects on pollination, or vice versa. This may result in an incomplete understanding of selection on these traits. Two species of Castilleja hemiparasites, which can obtain alkaloids from Lupinus host plants, will be used to test whether chemical defense against herbivores also deters pollinators. Castilleja species will be grown with either low-alkaloid or high-alkaloid varieties of conspecific lupines to test the consequences of alkaloid uptake on herbivory and pollination. Preliminary data support the hypothesis that these is an ecological tradeoff between herbivore defense and pollinator attraction. If such a tradeoff exists, it suggests new possibilities for constraints on the development of chemical defenses. The proposed research integrates chemical ecology at the whole plant level, advances basic knowledge of the ecology of parasitic plants, and develops a new methods to assess consequences of novel defensive chemicals in vivo. The concept that plant-animal interactions may be constrained by multiple selection pressures has broad applications in both natural and agricultural systems.</AbstractNarration>
    <MinAmdLetterDate>04/16/1998</MinAmdLetterDate>
    <MaxAmdLetterDate>04/16/1998</MaxAmdLetterDate>
    <ARRAAmount/>
    <AwardID>9800775</AwardID>
    <Investigator>
      <FirstName>Theodore</FirstName>
      <LastName>Fleming</LastName>
      <EmailAddress>tfleming@fig.cox.miami.edu</EmailAddress>
      <StartDate>04/16/1998</StartDate>
      <EndDate/>
      <RoleCode>Principal Investigator</RoleCode>
    </Investigator>
    <Institution>
      <Name>University of Miami</Name>
      <CityName>CORAL GABLES</CityName>
      <ZipCode>331462926</ZipCode>
      <PhoneNumber>3052843924</PhoneNumber>
      <StreetAddress>1320 S. Dixie Highway Suite 650</StreetAddress>
      <CountryName>United States</CountryName>
      <StateName>Florida</StateName>
      <StateCode>FL</StateCode>
    </Institution>
    <FoaInformation>
      <Code>0510301</Code>
      <Name>Structure &amp; Function</Name>
    </FoaInformation>
  </Award>
</rootTag>
