<?xml version="1.0" encoding="UTF-8"?>

<rootTag>
  <Award>
    <AwardTitle>General-Purpose Modeling Environments for Discrete Optimization</AwardTitle>
    <AwardEffectiveDate>07/15/1998</AwardEffectiveDate>
    <AwardExpirationDate>06/30/2002</AwardExpirationDate>
    <AwardAmount>339248</AwardAmount>
    <AwardInstrument>
      <Value>Standard Grant</Value>
    </AwardInstrument>
    <Organization>
      <Code>07030000</Code>
      <Directorate>
        <LongName>Directorate For Engineering</LongName>
      </Directorate>
      <Division>
        <LongName>Div Of Civil, Mechanical, &amp; Manufact Inn</LongName>
      </Division>
    </Organization>
    <ProgramOfficer>
      <SignBlockName>Ronald L. Rardin</SignBlockName>
    </ProgramOfficer>
    <AbstractNarration>9800077&lt;br/&gt;Coullard&lt;br/&gt; This projects provides funding for two complementary projects on broadly applicable methods and interfaces in combinatorial optimization. One project will investigate general-purpose combinatorial extensions to the concept of an algebraic modeling language. New forms of discrete variables and constraint operators will be designed through a study of optimization models in production control, location, routing, cutting, and other highly combinatorial applications; a general solver that can deal with these new forms will be constructed with the help of recent advances in software for constraint logic programming. Extensions to partly combinatorial problems will be studied, and possibilities for algebraic directives that assist in the solution of very large or hard problems will be considered. Another project will investigate general-purpose graphical modeling environments for network optimization problems, based on the idea of an algorithmic toolkit. New developments in object-oriented system design will be applied to promote the toolkit's portability and extendability. Additional features will be studied and developed to facilitate prototyping in new applications, by allowing new optimization approaches to be defined in a high-level pseudocode or to be built from combinations of existing tools.&lt;br/&gt; Results of this research are expected to lead to more productive use of combinatorial optimization techniques in manufacturing and service operations. The primary goal of the projects is to bring such techniques to a greater range of users, by creating more accessible general-purpose facilities for development of new combinatorial optimization applications. By reducing the time and cost associated with prototyping new models and methods, the projects will also help to extend the variety of applications for which a discrete optimization approach is a practical alternative to heuristic search. The results are expected to be of greatest benefit for problems that are highly combinatorial by nature, such as scheduling, sequencing, assignment, and network design, or that have significant combinatorial aspects due to such factors as fixed costs and capital spending alternatives.</AbstractNarration>
    <MinAmdLetterDate>07/08/1998</MinAmdLetterDate>
    <MaxAmdLetterDate>07/08/1998</MaxAmdLetterDate>
    <ARRAAmount/>
    <AwardID>9800077</AwardID>
    <Investigator>
      <FirstName>Robert</FirstName>
      <LastName>Fourer</LastName>
      <EmailAddress>4er@iems.northwestern.edu</EmailAddress>
      <StartDate>07/08/1998</StartDate>
      <EndDate/>
      <RoleCode>Co-Principal Investigator</RoleCode>
    </Investigator>
    <Investigator>
      <FirstName>Collette</FirstName>
      <LastName>Coullard</LastName>
      <EmailAddress>coullard@iems.nwu.edu</EmailAddress>
      <StartDate>07/08/1998</StartDate>
      <EndDate/>
      <RoleCode>Principal Investigator</RoleCode>
    </Investigator>
    <Institution>
      <Name>Northwestern University</Name>
      <CityName>Evanston</CityName>
      <ZipCode>602013149</ZipCode>
      <PhoneNumber>8474913003</PhoneNumber>
      <StreetAddress>1801 Maple Ave.</StreetAddress>
      <CountryName>United States</CountryName>
      <StateName>Illinois</StateName>
      <StateCode>IL</StateCode>
    </Institution>
    <FoaInformation>
      <Code>0107000</Code>
      <Name>Operations Research</Name>
    </FoaInformation>
  </Award>
</rootTag>
