<?xml version="1.0" encoding="UTF-8"?>

<rootTag>
  <Award>
    <AwardTitle>Web Personalization and Mining Using Robust Fuzzy Clustering Methods</AwardTitle>
    <AwardEffectiveDate>09/01/1998</AwardEffectiveDate>
    <AwardExpirationDate>08/31/2002</AwardExpirationDate>
    <AwardAmount>136036</AwardAmount>
    <AwardInstrument>
      <Value>Continuing grant</Value>
    </AwardInstrument>
    <Organization>
      <Code>05020000</Code>
      <Directorate>
        <LongName>Direct For Computer &amp; Info Scie &amp; Enginr</LongName>
      </Directorate>
      <Division>
        <LongName>Div Of Information &amp; Intelligent Systems</LongName>
      </Division>
    </Organization>
    <ProgramOfficer>
      <SignBlockName>Maria Zemankova</SignBlockName>
    </ProgramOfficer>
    <AbstractNarration>This is an inter-institutional collaborative project carried out by Anupam Joshi at the University of Maryland, Baltimore County and Raghu Krishnapuram at the Colorado School of Mines. The goal of this research is to develop scalable robust techniques to model noisy data sets containing an unknown number of overlapping categories, and apply them to create a software tool for web personalization and mining. Personalization has two components: (1) tailoring the content delivered to the user from a web site; and (2) exploring the available web pages and categorizing them. The approach consists of developing new practical clustering algorithms by combining fuzzy methods, robust statistics, with Monte Carlo/bootstrapping techniques to model an unknown number of overlapping sets in the presence outliers. Since many web objects such as URLs, IP addresses, and web pages cannot be represented by numerical features, new techniques to handle web objects with linguistic and textual features, as well as to categorize or cluster them by using suitable similarity measures between such objects, are being explored. A software tool for web personalization and mining, which incorporates the algorithms developed into a software architecture, is being created and validated. The results of this project will generate new theoretical results and efficient algorithms for simultaneously estimating the parameters of an unknown number of overlapping categories from noisy data sets, as well as a web personalization and mining tool that will be made available on the web. Thus, this project is expected to have a significant impact on the way documents are searched for and delivered. It will directly influence the usefulness and spread of the Internet and WWW, and in general, will contribute to the digital library technology. http://www.cecs.missouri.edu/~joshi/web-mine/</AbstractNarration>
    <MinAmdLetterDate>08/25/1998</MinAmdLetterDate>
    <MaxAmdLetterDate>08/15/2002</MaxAmdLetterDate>
    <ARRAAmount/>
    <AwardID>9800899</AwardID>
    <Investigator>
      <FirstName>Raghu</FirstName>
      <LastName>Krishnapuram</LastName>
      <EmailAddress>rkrishna@mines.edu</EmailAddress>
      <StartDate>08/25/1998</StartDate>
      <EndDate>08/15/2002</EndDate>
      <RoleCode>Former Principal Investigator</RoleCode>
    </Investigator>
    <Investigator>
      <FirstName>Anupam</FirstName>
      <LastName>Joshi</LastName>
      <EmailAddress>joshi@umbc.edu</EmailAddress>
      <StartDate>08/15/2002</StartDate>
      <EndDate/>
      <RoleCode>Principal Investigator</RoleCode>
    </Investigator>
    <Institution>
      <Name>Colorado School of Mines</Name>
      <CityName>Golden</CityName>
      <ZipCode>804011887</ZipCode>
      <PhoneNumber>3032733000</PhoneNumber>
      <StreetAddress>1500 Illinois</StreetAddress>
      <CountryName>United States</CountryName>
      <StateName>Colorado</StateName>
      <StateCode>CO</StateCode>
    </Institution>
    <FoaInformation>
      <Code>0104000</Code>
      <Name>Information Systems</Name>
    </FoaInformation>
    <ProgramElement>
      <Code>6855</Code>
      <Text>INFORMATION &amp; KNOWLEDGE MANAGE</Text>
    </ProgramElement>
    <ProgramReference>
      <Code>9139</Code>
      <Text>INFORMATION INFRASTRUCTURE &amp; TECH APPL</Text>
    </ProgramReference>
    <ProgramReference>
      <Code>HPCC</Code>
      <Text>HIGH PERFORMANCE COMPUTING &amp; COMM</Text>
    </ProgramReference>
  </Award>
</rootTag>
