<?xml version="1.0" encoding="UTF-8"?>

<rootTag>
  <Award>
    <AwardTitle>Rapidly Tunable Integrated Vertical Cavity Filters and Attenuators For Dynamically Reconfigurable Packet-Switched WDM Optical Networks</AwardTitle>
    <AwardEffectiveDate>07/01/1998</AwardEffectiveDate>
    <AwardExpirationDate>06/30/2002</AwardExpirationDate>
    <AwardAmount>240000</AwardAmount>
    <AwardInstrument>
      <Value>Continuing grant</Value>
    </AwardInstrument>
    <Organization>
      <Code>07010000</Code>
      <Directorate>
        <LongName>Directorate For Engineering</LongName>
      </Directorate>
      <Division>
        <LongName>Div Of Electrical, Commun &amp; Cyber Sys</LongName>
      </Division>
    </Organization>
    <ProgramOfficer>
      <SignBlockName>Filbert J. Bartoli</SignBlockName>
    </ProgramOfficer>
    <AbstractNarration>Proposal Number: ECS-9800341 Principal Investigator: Constance J. Chang-Hasnain Title: Rapidly tunable integrated vertical cavity filters and attenuators for dynamically reconfigurable packet-switched WDM optical networks Abstract This proposal was submitted jointly with Willner of the University of Southern California. The proposed research is to develop two key technologies to enable fast next generation all-optical packet-switched WDM optical networks. The technologies are fast tuning optical filters and attenuators based on the new GaInNAs material system lattice matched to GaAs in the 1.3 micron to 1.5 micron wavelength region.</AbstractNarration>
    <MinAmdLetterDate>07/17/1998</MinAmdLetterDate>
    <MaxAmdLetterDate>07/12/2000</MaxAmdLetterDate>
    <ARRAAmount/>
    <AwardID>9800341</AwardID>
    <Investigator>
      <FirstName>Constance</FirstName>
      <LastName>Chang-Hasnain</LastName>
      <EmailAddress>cch@berkeley.edu</EmailAddress>
      <StartDate>07/17/1998</StartDate>
      <EndDate/>
      <RoleCode>Principal Investigator</RoleCode>
    </Investigator>
    <Institution>
      <Name>University of California-Berkeley</Name>
      <CityName>BERKELEY</CityName>
      <ZipCode>947045940</ZipCode>
      <PhoneNumber>5106428109</PhoneNumber>
      <StreetAddress>Sponsored Projects Office</StreetAddress>
      <CountryName>United States</CountryName>
      <StateName>California</StateName>
      <StateCode>CA</StateCode>
    </Institution>
  </Award>
</rootTag>
