<?xml version="1.0" encoding="UTF-8"?>

<rootTag>
  <Award>
    <AwardTitle>Computational and Proof Complexity Bounds</AwardTitle>
    <AwardEffectiveDate>08/01/1998</AwardEffectiveDate>
    <AwardExpirationDate>10/31/2001</AwardExpirationDate>
    <AwardAmount>213000</AwardAmount>
    <AwardInstrument>
      <Value>Standard Grant</Value>
    </AwardInstrument>
    <Organization>
      <Code>05010100</Code>
      <Directorate>
        <LongName>Direct For Computer &amp; Info Scie &amp; Enginr</LongName>
      </Directorate>
      <Division>
        <LongName>Division of Computing and Communication Foundations</LongName>
      </Division>
    </Organization>
    <ProgramOfficer>
      <SignBlockName>Robert Sloan</SignBlockName>
    </ProgramOfficer>
    <AbstractNarration>This research addresses problems in a variety of computational settings, In each case, a significant goal of the research is to obtain new lower bounds on the problems' complexity. The prime computational setting of interest is that of the complexity of proofs in propositional tautologies is fundmental in that it is equivalent to the NP versus co-NP question. Analysis of the complexity of specific methods of proof is important in its own right as well as for practical questions of automated theorem- proving and may yield insight into the NP versus co-NP question. The research in this area is concerned with extending the range of proof systems in which complexity bounds are currently known, with particular emphasis on the study of randomly chosen k-CNF formulas. Based on past experience, methods from the study of circuit complexity are expected to be useful in this analysis. The second setting of interest is the complexity of computations on random access machines able to operate on word-level quantities at unit cost. Surprisingly efficient algorithms for a number of problems, such as sorting, have been shown in this model. The goal of the research in this area is to understand the limits of the algorithmic improvements possible in this model. The final setting is that of the complexity of representing Boolean functions so that they are easy to manipulate and compare, important properties for symbolic model checking algorithms. The major question to investigate in this area is whether representations which are easy to manipulate and compare can efficiently represent non-linear as well as linear functions.</AbstractNarration>
    <MinAmdLetterDate>07/13/1998</MinAmdLetterDate>
    <MaxAmdLetterDate>07/13/1998</MaxAmdLetterDate>
    <ARRAAmount/>
    <AwardID>9800124</AwardID>
    <Investigator>
      <FirstName>Paul</FirstName>
      <LastName>Beame</LastName>
      <EmailAddress>beame@cs.washington.edu</EmailAddress>
      <StartDate>07/13/1998</StartDate>
      <EndDate/>
      <RoleCode>Principal Investigator</RoleCode>
    </Investigator>
    <Institution>
      <Name>University of Washington</Name>
      <CityName>Seattle</CityName>
      <ZipCode>981950001</ZipCode>
      <PhoneNumber>2065434043</PhoneNumber>
      <StreetAddress>4333 Brooklyn Ave NE</StreetAddress>
      <CountryName>United States</CountryName>
      <StateName>Washington</StateName>
      <StateCode>WA</StateCode>
    </Institution>
    <FoaInformation>
      <Code>0000099</Code>
      <Name>Other Applications NEC</Name>
    </FoaInformation>
    <ProgramElement>
      <Code>2860</Code>
      <Text>THEORY OF COMPUTING</Text>
    </ProgramElement>
    <ProgramReference>
      <Code>9216</Code>
      <Text>ADVANCED SOFTWARE TECH &amp; ALGOR</Text>
    </ProgramReference>
    <ProgramReference>
      <Code>HPCC</Code>
      <Text>HIGH PERFORMANCE COMPUTING &amp; COMM</Text>
    </ProgramReference>
  </Award>
</rootTag>
