<?xml version="1.0" encoding="UTF-8"?>

<rootTag>
  <Award>
    <AwardTitle>The Role of Proteoglycans in Retroviral Mediated Gene Transfer</AwardTitle>
    <AwardEffectiveDate>11/15/1997</AwardEffectiveDate>
    <AwardExpirationDate>10/31/1999</AwardExpirationDate>
    <AwardAmount>99860</AwardAmount>
    <AwardInstrument>
      <Value>Standard Grant</Value>
    </AwardInstrument>
    <Organization>
      <Code>07020000</Code>
      <Directorate>
        <LongName>Directorate For Engineering</LongName>
      </Directorate>
      <Division>
        <LongName>Div Of Chem, Bioeng, Env, &amp; Transp Sys</LongName>
      </Division>
    </Organization>
    <ProgramOfficer>
      <SignBlockName>George B. Vermont</SignBlockName>
    </ProgramOfficer>
    <AbstractNarration>9800617 Yarmush This SGER proposal deals with increasing the effectiveness often transfer to mammalian cells using recombinant retroviruses. In previous efforts, the PIs have found that glycoproteins produced by virus producer cells inhibit retroviral-mediated gene transfer. Enzymes that degrade these proteoglycans enhance the productivity of the gene transfer to mammalian cells. Since the size of the proteoglycans and the viral particles are similar, physicals separations seem unlikely. The overall goal of this proposal is to better understand the role of the proteoglycans in the inhibition process. This will be accomplished by: Isolating and purifying the proteoglycans and studying their impact, and the impact of their protein and glycan fragments on the transfer process Measuring the binding of these inhibitors to both the target cells and the retrovirus. Identify the inhibitor fragment and the cell receptor responsible for the inhibition. Develop a model of the inhibition process A better understanding of the inhibition mechanism and its scope should facilitate discovery of routes to remedy the problem. One such route already considered involves incorporation of genes for proteoglycan destruction. ***</AbstractNarration>
    <MinAmdLetterDate>11/28/1997</MinAmdLetterDate>
    <MaxAmdLetterDate>11/28/1997</MaxAmdLetterDate>
    <ARRAAmount/>
    <AwardID>9800617</AwardID>
    <Investigator>
      <FirstName>Martin</FirstName>
      <LastName>Yarmush</LastName>
      <EmailAddress>yarmush@rci.rutgers.edu</EmailAddress>
      <StartDate>11/28/1997</StartDate>
      <EndDate/>
      <RoleCode>Principal Investigator</RoleCode>
    </Investigator>
    <Investigator>
      <FirstName>Jeffrey</FirstName>
      <LastName>Morgan</LastName>
      <EmailAddress>jeffrey_morgan@brown.edu</EmailAddress>
      <StartDate>11/28/1997</StartDate>
      <EndDate/>
      <RoleCode>Co-Principal Investigator</RoleCode>
    </Investigator>
    <Institution>
      <Name>Massachusetts General Hospital</Name>
      <CityName>Somerville</CityName>
      <ZipCode>021451446</ZipCode>
      <PhoneNumber>8572821670</PhoneNumber>
      <StreetAddress>Research Management</StreetAddress>
      <CountryName>United States</CountryName>
      <StateName>Massachusetts</StateName>
      <StateCode>MA</StateCode>
    </Institution>
    <FoaInformation>
      <Code>0308000</Code>
      <Name>Industrial Technology</Name>
    </FoaInformation>
    <ProgramElement>
      <Code>1402</Code>
      <Text>BIOCHEMICAL &amp; BIOMASS ENG</Text>
    </ProgramElement>
    <ProgramReference>
      <Code>9181</Code>
      <Text>BIOPROCESSING/BIOMOLECULAR MATERIALS</Text>
    </ProgramReference>
    <ProgramReference>
      <Code>9237</Code>
      <Text>SMALL GRANTS-EXPLORATORY RSRCH</Text>
    </ProgramReference>
    <ProgramReference>
      <Code>BIOT</Code>
      <Text>BIOTECHNOLOGY</Text>
    </ProgramReference>
  </Award>
</rootTag>
