<?xml version="1.0" encoding="UTF-8"?>

<rootTag>
  <Award>
    <AwardTitle>Dimension and Dynamics</AwardTitle>
    <AwardEffectiveDate>07/01/1998</AwardEffectiveDate>
    <AwardExpirationDate>12/31/2001</AwardExpirationDate>
    <AwardAmount>76898</AwardAmount>
    <AwardInstrument>
      <Value>Standard Grant</Value>
    </AwardInstrument>
    <Organization>
      <Code>03040100</Code>
      <Directorate>
        <LongName>Direct For Mathematical &amp; Physical Scien</LongName>
      </Directorate>
      <Division>
        <LongName>Division Of Mathematical Sciences</LongName>
      </Division>
    </Organization>
    <ProgramOfficer>
      <SignBlockName>Joe W. Jenkins</SignBlockName>
    </ProgramOfficer>
    <AbstractNarration>ABSTRACT&lt;br/&gt;Solomyak&lt;br/&gt;&lt;br/&gt;The goal of this project is to investigate self-similar measures &lt;br/&gt;and sets, self-affine sets, and attractors of non-linear iterated &lt;br/&gt;function systems. The main emphasis is on the "overlapping" case &lt;br/&gt;when the symbolic coding is non-unique, and the closely related &lt;br/&gt;higher-dimensional non-conformal case. Hyperbolic and parabolic &lt;br/&gt;systems will be considered. The topics include&lt;br/&gt;dimension computation, the study of topological properties of &lt;br/&gt;attractors, and smoothness properties of natural measures on them. &lt;br/&gt;The methods of symbolic dynamics and ergodic theory, number theory &lt;br/&gt;and geometric measure theory, harmonic and complex analysis will &lt;br/&gt;be used.&lt;br/&gt;&lt;br/&gt;Dynamical systems describe a wide range of phenomena,&lt;br/&gt;such as the motion of planets and asteroids, the rise and fall of &lt;br/&gt;populations, the weather, and the stock market. Many of these &lt;br/&gt;systems exhibit "chaotic" behavior and have "attractors" of &lt;br/&gt;intricate shapes and structure. This structure can often be &lt;br/&gt;explained by an underlying "self-similarity" which means that&lt;br/&gt;the object looks similar at all scales. The "fractal dimension" &lt;br/&gt;of the attractor is one of the basic characteristics which can &lt;br/&gt;be used to distinguish systems of different nature.&lt;br/&gt;Topological properties, such as connectedness and presence of &lt;br/&gt;the interior are also very important. We are still very&lt;br/&gt;far from complete understanding of these complex objects, and this &lt;br/&gt;study aims to investigate them in a number of model cases. &lt;br/&gt;Moreover, the theory developed for this is relevant in&lt;br/&gt;other areas, such as computer image recognition.</AbstractNarration>
    <MinAmdLetterDate>06/15/1998</MinAmdLetterDate>
    <MaxAmdLetterDate>06/15/1998</MaxAmdLetterDate>
    <ARRAAmount/>
    <AwardID>9800786</AwardID>
    <Investigator>
      <FirstName>Boris</FirstName>
      <LastName>Solomyak</LastName>
      <EmailAddress>solomyak@math.washington.edu</EmailAddress>
      <StartDate>06/15/1998</StartDate>
      <EndDate/>
      <RoleCode>Principal Investigator</RoleCode>
    </Investigator>
    <Institution>
      <Name>University of Washington</Name>
      <CityName>Seattle</CityName>
      <ZipCode>981950001</ZipCode>
      <PhoneNumber>2065434043</PhoneNumber>
      <StreetAddress>4333 Brooklyn Ave NE</StreetAddress>
      <CountryName>United States</CountryName>
      <StateName>Washington</StateName>
      <StateCode>WA</StateCode>
    </Institution>
    <FoaInformation>
      <Code>0000099</Code>
      <Name>Other Applications NEC</Name>
    </FoaInformation>
    <ProgramElement>
      <Code>1281</Code>
      <Text>ANALYSIS PROGRAM</Text>
    </ProgramElement>
    <ProgramReference>
      <Code>0000</Code>
      <Text>UNASSIGNED</Text>
    </ProgramReference>
    <ProgramReference>
      <Code>OTHR</Code>
      <Text>OTHER RESEARCH OR EDUCATION</Text>
    </ProgramReference>
  </Award>
</rootTag>
