<?xml version="1.0" encoding="UTF-8"?>

<rootTag>
  <Award>
    <AwardTitle>Capillary Electrophoresis System Engineering Teaching and Research</AwardTitle>
    <AwardEffectiveDate>09/15/1999</AwardEffectiveDate>
    <AwardExpirationDate>08/31/2000</AwardExpirationDate>
    <AwardAmount>48000</AwardAmount>
    <AwardInstrument>
      <Value>Standard Grant</Value>
    </AwardInstrument>
    <Organization>
      <Code>07020000</Code>
      <Directorate>
        <LongName>Directorate For Engineering</LongName>
      </Directorate>
      <Division>
        <LongName>Div Of Chem, Bioeng, Env, &amp; Transp Sys</LongName>
      </Division>
    </Organization>
    <ProgramOfficer>
      <SignBlockName>A. Frederick Thompson</SignBlockName>
    </ProgramOfficer>
    <AbstractNarration>This grant supports the acquisition of a capillary electrophoresis system to be dedicated to environmental engineering research by the Environmental and Water Resources Program. The capillary electrophoresis research package will compliment existing analytical techniques, such as liquid and gas chromatography, by providing a technique for the qualitative and quantitative study of biomolecules and charged organic compounds. Compounds with this characteristic include, but are not limited to, enzymes, proteins, carbohydrates, fatty acids, humic and fulvic acids and surfactants. These compound classes play key roles in the fate and treatment processes of hazardous chemicals. Many of the research projects that are underway in the program involve these same processes. This includes research on soil systems and microbial systems. In order to understand the chemistry of these processes, one must be able to track the behavior of charged organic and biological compounds. The addition of this research package will open the door to the analysis of these compounds, thereby uncovering the mechanisms that control the fate of a hazardous compound in these complexed systems.</AbstractNarration>
    <MinAmdLetterDate>09/14/1999</MinAmdLetterDate>
    <MaxAmdLetterDate>09/14/1999</MaxAmdLetterDate>
    <ARRAAmount/>
    <AwardID>9800253</AwardID>
    <Investigator>
      <FirstName>Walter</FirstName>
      <LastName>Weber</LastName>
      <EmailAddress>wjwjr@engin.umich.edu</EmailAddress>
      <StartDate>09/14/1999</StartDate>
      <EndDate/>
      <RoleCode>Principal Investigator</RoleCode>
    </Investigator>
    <Investigator>
      <FirstName>Kim</FirstName>
      <LastName>Hayes</LastName>
      <EmailAddress>ford@engin.umich.edu</EmailAddress>
      <StartDate>09/14/1999</StartDate>
      <EndDate/>
      <RoleCode>Co-Principal Investigator</RoleCode>
    </Investigator>
    <Investigator>
      <FirstName>Peter</FirstName>
      <LastName>Adriaens</LastName>
      <EmailAddress>adriaens@engin.umich.edu</EmailAddress>
      <StartDate>09/14/1999</StartDate>
      <EndDate/>
      <RoleCode>Co-Principal Investigator</RoleCode>
    </Investigator>
    <Investigator>
      <FirstName>Thomas</FirstName>
      <LastName>Yavaraski</LastName>
      <EmailAddress/>
      <StartDate>09/14/1999</StartDate>
      <EndDate/>
      <RoleCode>Co-Principal Investigator</RoleCode>
    </Investigator>
    <Investigator>
      <FirstName>Jeremy</FirstName>
      <LastName>Semrau</LastName>
      <EmailAddress>jsemrau@umich.edu</EmailAddress>
      <StartDate>09/14/1999</StartDate>
      <EndDate/>
      <RoleCode>Co-Principal Investigator</RoleCode>
    </Investigator>
    <Institution>
      <Name>University of Michigan Ann Arbor</Name>
      <CityName>Ann Arbor</CityName>
      <ZipCode>481091274</ZipCode>
      <PhoneNumber>7347636438</PhoneNumber>
      <StreetAddress>3003 South State St. Room 1062</StreetAddress>
      <CountryName>United States</CountryName>
      <StateName>Michigan</StateName>
      <StateCode>MI</StateCode>
    </Institution>
    <FoaInformation>
      <Code>0118000</Code>
      <Name>Pollution Control</Name>
    </FoaInformation>
    <ProgramElement>
      <Code>1179</Code>
      <Text>Enviro Health &amp; Safety of Nano</Text>
    </ProgramElement>
    <ProgramReference>
      <Code>9197</Code>
      <Text>ENVIRONMENTAL TECHNOLOGY</Text>
    </ProgramReference>
    <ProgramReference>
      <Code>EGCH</Code>
      <Text>ENVIRONMENT AND GLOBAL CHANGE</Text>
    </ProgramReference>
  </Award>
</rootTag>
