<?xml version="1.0" encoding="UTF-8"?>

<rootTag>
  <Award>
    <AwardTitle>Arithematic Manifolds: Geodesics, Spectra and L-Functions</AwardTitle>
    <AwardEffectiveDate>07/01/1998</AwardEffectiveDate>
    <AwardExpirationDate>06/30/2002</AwardExpirationDate>
    <AwardAmount>82158</AwardAmount>
    <AwardInstrument>
      <Value>Standard Grant</Value>
    </AwardInstrument>
    <Organization>
      <Code>03040200</Code>
      <Directorate>
        <LongName>Direct For Mathematical &amp; Physical Scien</LongName>
      </Directorate>
      <Division>
        <LongName>Division Of Mathematical Sciences</LongName>
      </Division>
    </Organization>
    <ProgramOfficer>
      <SignBlockName>Tomek Bartoszynski</SignBlockName>
    </ProgramOfficer>
    <AbstractNarration>Professor Wolpert will investigate questions about negatively curved space, especially shortest paths and high-energy oscillations. The goal is to make new applications to problems in analytic number theory. Geodesics on hyperbolic manifolds have special properties. Professor Wolpert will continue his work with A. Basmajian on describing geodesics in hyperbolic surfaces and three-manifolds. The spectrum of the modular group serves as a model case for the study of automorphic forms and even questions in Quantum Chaos. The spectrum is a major subject of study in modern analytic number theory. Several open questions including "uniqueness of quantum limits," "the spectral decomposition of nonarithmetic groups," and the Ramanujan-Peterson conjecture' are actually questions about the magnitude of certain expansion coefficients. Professor will use discoveries made under a previous grant to establish new and better estimates of these coefficients.&lt;br/&gt;&lt;br/&gt;This is research in the general area of number theory. The historical roots of number theory are in the study of the whole numbers, considering questions of divisibility of one whole number by another. Number theory is one of the oldest fields in mathematics and has at times guided the direction of the development of the entire field. In current times it has served as an indispensable tool in computer science, communications, and electronic security.</AbstractNarration>
    <MinAmdLetterDate>06/25/1998</MinAmdLetterDate>
    <MaxAmdLetterDate>06/25/1998</MaxAmdLetterDate>
    <ARRAAmount/>
    <AwardID>9800701</AwardID>
    <Investigator>
      <FirstName>Scott</FirstName>
      <LastName>Wolpert</LastName>
      <EmailAddress>saw@math.umd.edu</EmailAddress>
      <StartDate>06/25/1998</StartDate>
      <EndDate/>
      <RoleCode>Principal Investigator</RoleCode>
    </Investigator>
    <Institution>
      <Name>University of Maryland College Park</Name>
      <CityName>COLLEGE PARK</CityName>
      <ZipCode>207425141</ZipCode>
      <PhoneNumber>3014056269</PhoneNumber>
      <StreetAddress>3112 LEE BLDG 7809 Regents Drive</StreetAddress>
      <CountryName>United States</CountryName>
      <StateName>Maryland</StateName>
      <StateCode>MD</StateCode>
    </Institution>
  </Award>
</rootTag>
