<?xml version="1.0" encoding="UTF-8"?>

<rootTag>
  <Award>
    <AwardTitle>A Search for Supermetal-Poor Stars</AwardTitle>
    <AwardEffectiveDate>07/01/1998</AwardEffectiveDate>
    <AwardExpirationDate>06/30/2002</AwardExpirationDate>
    <AwardAmount>123697</AwardAmount>
    <AwardInstrument>
      <Value>Standard Grant</Value>
    </AwardInstrument>
    <Organization>
      <Code>03020416</Code>
      <Directorate>
        <LongName>Direct For Mathematical &amp; Physical Scien</LongName>
      </Directorate>
      <Division>
        <LongName>Division Of Astronomical Sciences</LongName>
      </Division>
    </Organization>
    <ProgramOfficer>
      <SignBlockName>Nigel Sharp</SignBlockName>
    </ProgramOfficer>
    <AbstractNarration>Ian B.Thompson George W. Preston Stephen A. Shectman Carnegie Observatories FY 98: $123,697 For 36 months. A Search for Supermetal-poor Stars. Drs. Thompson, Preston, and Shectman at the Carnegie Observatories will carry out a photometric search for supermetal-poor stars in an area of the inner halo of our Galaxy. The survey will be conducted at the Las Campanas Observatory 2.5-m telescope. Supermetal-poor stars, likely produced from debris of first generation supernovae, provide the foundation for subsequent investigations by high resolution spectroscopy at the new large telescope that are being constructed in the southern hemisphere. Abundance analysis of a large sample of such stars is crucial for further exploration of the range and variety of metal yields evidently produced by supernovae in early Galactic times.</AbstractNarration>
    <MinAmdLetterDate>04/10/1998</MinAmdLetterDate>
    <MaxAmdLetterDate>04/10/1998</MaxAmdLetterDate>
    <ARRAAmount/>
    <AwardID>9800442</AwardID>
    <Investigator>
      <FirstName>George</FirstName>
      <LastName>Preston</LastName>
      <EmailAddress>gwp@ociw.edu</EmailAddress>
      <StartDate>04/10/1998</StartDate>
      <EndDate/>
      <RoleCode>Co-Principal Investigator</RoleCode>
    </Investigator>
    <Investigator>
      <FirstName>Ian</FirstName>
      <LastName>Thompson</LastName>
      <EmailAddress>ian@obs.carnegiescience.edu</EmailAddress>
      <StartDate>04/10/1998</StartDate>
      <EndDate/>
      <RoleCode>Principal Investigator</RoleCode>
    </Investigator>
    <Investigator>
      <FirstName>Stephen</FirstName>
      <LastName>Shectman</LastName>
      <EmailAddress>shec@obs.carnegiescience.edu</EmailAddress>
      <StartDate>04/10/1998</StartDate>
      <EndDate/>
      <RoleCode>Co-Principal Investigator</RoleCode>
    </Investigator>
    <Institution>
      <Name>Carnegie Institution of Washington</Name>
      <CityName>WASHINGTON</CityName>
      <ZipCode>200051910</ZipCode>
      <PhoneNumber>2023876400</PhoneNumber>
      <StreetAddress>1530 P ST NW</StreetAddress>
      <CountryName>United States</CountryName>
      <StateName>District of Columbia</StateName>
      <StateCode>DC</StateCode>
    </Institution>
    <FoaInformation>
      <Code>0000099</Code>
      <Name>Other Applications NEC</Name>
    </FoaInformation>
    <ProgramElement>
      <Code>1216</Code>
      <Text>GALACTIC ASTRONOMY PROGRAM</Text>
    </ProgramElement>
    <ProgramReference>
      <Code>0000</Code>
      <Text>UNASSIGNED</Text>
    </ProgramReference>
    <ProgramReference>
      <Code>1207</Code>
      <Text>OBSERVATIONAL ASTRONOMY</Text>
    </ProgramReference>
    <ProgramReference>
      <Code>OTHR</Code>
      <Text>OTHER RESEARCH OR EDUCATION</Text>
    </ProgramReference>
  </Award>
</rootTag>
