<?xml version="1.0" encoding="UTF-8"?>

<rootTag>
  <Award>
    <AwardTitle>Dynamical Traingulations and Quantum Gravity</AwardTitle>
    <AwardEffectiveDate>08/15/1998</AwardEffectiveDate>
    <AwardExpirationDate>07/31/2001</AwardExpirationDate>
    <AwardAmount>0</AwardAmount>
    <AwardInstrument>
      <Value>Standard Grant</Value>
    </AwardInstrument>
    <Organization>
      <Code>03010700</Code>
      <Directorate>
        <LongName>Direct For Mathematical &amp; Physical Scien</LongName>
      </Directorate>
      <Division>
        <LongName>Division Of Physics</LongName>
      </Division>
    </Organization>
    <ProgramOfficer>
      <SignBlockName>Richard Isaacson</SignBlockName>
    </ProgramOfficer>
    <AbstractNarration>***&lt;br/&gt;9800104&lt;br/&gt;Renken&lt;br/&gt;&lt;br/&gt;Classical trajectories are those that minimize an action. Quantization involves considering all possible paths, even those that do not minimize the action, and summing over them with weights determined by the action. Einstein's theory of gravity can be described in terms of an action which is minimized by the classical solution for the spacetime metric. If gravitation is quantized in a manner analogous to all other fields, then it is necessary to consider all possible metrics and to sum over them with appropriate weights. Defining the set of all possible metrics and performing this sum are the basic issues addressed here.&lt;br/&gt;&lt;br/&gt;Professor Renken will try to construct a quantum theory of gravitation by constructing a computer-based version of the theory. This work is of fundamental importance to physics, and addresses the major outstanding problem in theoretical physics research.&lt;br/&gt;***</AbstractNarration>
    <MinAmdLetterDate>08/05/1998</MinAmdLetterDate>
    <MaxAmdLetterDate>08/02/2001</MaxAmdLetterDate>
    <ARRAAmount/>
    <AwardID>9800104</AwardID>
    <Investigator>
      <FirstName>Ray</FirstName>
      <LastName>Renken</LastName>
      <EmailAddress>rlr@physics.ucf.edu</EmailAddress>
      <StartDate>08/05/1998</StartDate>
      <EndDate/>
      <RoleCode>Principal Investigator</RoleCode>
    </Investigator>
    <Institution>
      <Name>University of Central Florida</Name>
      <CityName>ORLANDO</CityName>
      <ZipCode>328168005</ZipCode>
      <PhoneNumber>4078821168</PhoneNumber>
      <StreetAddress>4000 CNTRL FLORIDA BLVD</StreetAddress>
      <CountryName>United States</CountryName>
      <StateName>Florida</StateName>
      <StateCode>FL</StateCode>
    </Institution>
    <FoaInformation>
      <Code>0000099</Code>
      <Name>Other Applications NEC</Name>
    </FoaInformation>
    <ProgramElement>
      <Code>1244</Code>
      <Text>GRAVITATIONAL THEORY</Text>
    </ProgramElement>
    <ProgramReference>
      <Code>9218</Code>
      <Text>BASIC RESEARCH &amp; HUMAN RESORCS</Text>
    </ProgramReference>
    <ProgramReference>
      <Code>HPCC</Code>
      <Text>HIGH PERFORMANCE COMPUTING &amp; COMM</Text>
    </ProgramReference>
  </Award>
</rootTag>
