<?xml version="1.0" encoding="UTF-8"?>

<rootTag>
  <Award>
    <AwardTitle>Polylogarithms, Mixed Motives and Special Values of L-Functions</AwardTitle>
    <AwardEffectiveDate>07/01/1998</AwardEffectiveDate>
    <AwardExpirationDate>06/30/2001</AwardExpirationDate>
    <AwardAmount>143331</AwardAmount>
    <AwardInstrument>
      <Value>Standard Grant</Value>
    </AwardInstrument>
    <Organization>
      <Code>03040300</Code>
      <Directorate>
        <LongName>Direct For Mathematical &amp; Physical Scien</LongName>
      </Directorate>
      <Division>
        <LongName>Division Of Mathematical Sciences</LongName>
      </Division>
    </Organization>
    <ProgramOfficer>
      <SignBlockName>Lynne Walling</SignBlockName>
    </ProgramOfficer>
    <AbstractNarration>ABSTRACT Alexander Goncharov Brown University 98 00998 Professor Goncharov will continue his work on classical polylogarithms, and their generalizations, special values of L-functions of algebraic varieties, algebraic K-theory, and motivic Galois groups. In particular the investigator will consider the Hodge theoretic analogs of polylogarithms, as well as classical and Grassmannian polylogarithms. He will study analogs of a conjecture of Zagier to help investigate the Galois group of the category of mixed motives generated by an elliptic curve. Further Professor Goncharov will try to establish the basic properties of higher Arakelov Chow groups This project involves mathematics on the borderlines of Algebra, Number Theory and Geometry in an area known as algebraic K-theory. K-theory represents a powerful method in the modern approach to many mathematical studies. Mathematicians have know for quite a long time that the key to understanding a mathematical construction is in understanding its symmetries. In some sense, K-theory formalizes the study of the algebraic symmetries of mathematical objects. Polylogarithms have been around for centuries in one form or another, but only recently has their whole theory become available. They have deep connections with both number theory and modern mathematical physics. This project should shed light on these connections.</AbstractNarration>
    <MinAmdLetterDate>03/27/1998</MinAmdLetterDate>
    <MaxAmdLetterDate>03/27/1998</MaxAmdLetterDate>
    <ARRAAmount/>
    <AwardID>9800998</AwardID>
    <Investigator>
      <FirstName>Alexander</FirstName>
      <LastName>Goncharov</LastName>
      <EmailAddress>sasha.goncharov@gmail.com</EmailAddress>
      <StartDate>03/27/1998</StartDate>
      <EndDate/>
      <RoleCode>Principal Investigator</RoleCode>
    </Investigator>
    <Institution>
      <Name>Brown University</Name>
      <CityName>Providence</CityName>
      <ZipCode>029129002</ZipCode>
      <PhoneNumber>4018632777</PhoneNumber>
      <StreetAddress>BOX 1929</StreetAddress>
      <CountryName>United States</CountryName>
      <StateName>Rhode Island</StateName>
      <StateCode>RI</StateCode>
    </Institution>
    <FoaInformation>
      <Code>0000099</Code>
      <Name>Other Applications NEC</Name>
    </FoaInformation>
    <ProgramElement>
      <Code>1264</Code>
      <Text>ALGEBRA,NUMBER THEORY,AND COM</Text>
    </ProgramElement>
    <ProgramReference>
      <Code>0000</Code>
      <Text>UNASSIGNED</Text>
    </ProgramReference>
    <ProgramReference>
      <Code>OTHR</Code>
      <Text>OTHER RESEARCH OR EDUCATION</Text>
    </ProgramReference>
  </Award>
</rootTag>
