<?xml version="1.0" encoding="UTF-8"?>

<rootTag>
  <Award>
    <AwardTitle>SBIR Phase II: Portable NO2 Monitor Based on Photoacoustic Detection</AwardTitle>
    <AwardEffectiveDate>07/01/1998</AwardEffectiveDate>
    <AwardExpirationDate>06/30/2000</AwardExpirationDate>
    <AwardAmount>399868</AwardAmount>
    <AwardInstrument>
      <Value>Standard Grant</Value>
    </AwardInstrument>
    <Organization>
      <Code>07070000</Code>
      <Directorate>
        <LongName>Directorate for Engineering</LongName>
      </Directorate>
      <Division>
        <LongName>Division of Industrial Innovation and Partnerships</LongName>
      </Division>
    </Organization>
    <ProgramOfficer>
      <SignBlockName>Ritchie B. Coryell</SignBlockName>
    </ProgramOfficer>
    <AbstractNarration>*** 9800954 Micheels This Small Business Innovation Research (SBIR) Phase II project will develop a field portable prototype nitrogen dioxide gas monitor based on photoacoustic detection. Phase I produced a photoacoustic gas monitor design that will be refined and optimized in a prototype nitrogen dioxide analyzer with improved detection sensitivity and calibration stability integrated into a field portable package. The portable nitrogen dioxide monitor will have a detection range of 25 ppb - 50 ppm with a response time under 30 seconds. The instrument is expected to have cost and portability advantages relative to chemiluminescence-based monitors, greater detection sensitivity relative to the electrochemical monitors, and greater selectivity relative to both of these analyzer technologies. The portable photoacoustic nitrogen dioxide monitor is expected to find commercial applications in several areas including industrial hygiene monitoring in leaks and emissions from chemical plants and fossil fuel combustion in confined spaces; air quality monitoring in urban areas; and contamination monitoring in nitrogen oxide inhaled for medical treatments. ***</AbstractNarration>
    <MinAmdLetterDate>06/23/1998</MinAmdLetterDate>
    <MaxAmdLetterDate>06/23/1998</MaxAmdLetterDate>
    <ARRAAmount/>
    <AwardID>9800954</AwardID>
    <Investigator>
      <FirstName>Ronald</FirstName>
      <LastName>Micheels</LastName>
      <EmailAddress>ron@polestartech.com</EmailAddress>
      <StartDate>06/23/1998</StartDate>
      <EndDate/>
      <RoleCode>Principal Investigator</RoleCode>
    </Investigator>
    <Institution>
      <Name>Polestar Technologies Incorporated</Name>
      <CityName>Needham Heights</CityName>
      <ZipCode>021949133</ZipCode>
      <PhoneNumber>6174492284</PhoneNumber>
      <StreetAddress>220 Reservoir Street</StreetAddress>
      <CountryName>United States</CountryName>
      <StateName>Massachusetts</StateName>
      <StateCode>MA</StateCode>
    </Institution>
    <FoaInformation>
      <Code>0118000</Code>
      <Name>Pollution Control</Name>
    </FoaInformation>
  </Award>
</rootTag>
