<?xml version="1.0" encoding="UTF-8"?>

<rootTag>
  <Award>
    <AwardTitle>Importance of Sorption of Organic Pollutants, and Especially PAHs, to Soot in the Environment</AwardTitle>
    <AwardEffectiveDate>09/15/1998</AwardEffectiveDate>
    <AwardExpirationDate>08/31/2002</AwardExpirationDate>
    <AwardAmount>375671</AwardAmount>
    <AwardInstrument>
      <Value>Continuing grant</Value>
    </AwardInstrument>
    <Organization>
      <Code>07020000</Code>
      <Directorate>
        <LongName>Directorate For Engineering</LongName>
      </Directorate>
      <Division>
        <LongName>Div Of Chem, Bioeng, Env, &amp; Transp Sys</LongName>
      </Division>
    </Organization>
    <ProgramOfficer>
      <SignBlockName>Nicholas Clesceri</SignBlockName>
    </ProgramOfficer>
    <AbstractNarration>9800485 Gschwend The objective of this project is to determine the significance of soot, much of which is produced during combustion processes, in sorption of organic contaminants from sediments and soil. Sorption of contaminants by soot limits the mobility of contaminants in soil and sediments and controls their availability for being degraded biologically. In this project, soot carbon will be isolated from contaminated sediments at two sites with contrasting histories of pollutant inputs. One has received contaminants from adjacent land by direct atmospheric fallout, overland flow during storms and release to groundwater from exfiltration. The other site is a coastal harbor location, sediments at which have been heavily contaminated by polycyclic aromatic hydrocarbons and polychlorinated biphenyls. The soot carbons from these sources will be characterized for their physical properties, their adsorbed pollutants removed and then used for experimental determination of their sorption properties. The polycyclic aromatic hydrocarbon sorbates planned for use include naphthalene, phenanthrene and pyrene, exhibiting a range of hydrophobicities. A mix of planar and nonplanar polychlorinated biphenyls will also be evaluated to determine the behavior of compounds that come in contact with the soot carbon only after both have been separately introduced into the environment.&lt;br/&gt;&lt;br/&gt;Results of this project are expected to enable assessment of the role that soot carbons play in influencing the engineering design of processes and systems for decontamination of sediments and soils contaminated by polycyclic aromatic hydrocarbons and other contaminants that are sorbed to this type of carbon. Knowledge of the capacity that soot carbon has for restraining release and migration of those contaminants is likely to play an important role in determining the need for engaging in decontamination procedures, and when found to be needed, the extent to which decontamination must be practiced to reach the level at which contaminants are bound to soot carbon and no longer pose an environmental threat.</AbstractNarration>
    <MinAmdLetterDate>08/27/1998</MinAmdLetterDate>
    <MaxAmdLetterDate>07/28/2000</MaxAmdLetterDate>
    <ARRAAmount/>
    <AwardID>9800485</AwardID>
    <Investigator>
      <FirstName>Philip</FirstName>
      <LastName>Gschwend</LastName>
      <EmailAddress>pmgschwe@mit.edu</EmailAddress>
      <StartDate>08/27/1998</StartDate>
      <EndDate/>
      <RoleCode>Principal Investigator</RoleCode>
    </Investigator>
    <Institution>
      <Name>Massachusetts Institute of Technology</Name>
      <CityName>Cambridge</CityName>
      <ZipCode>021394301</ZipCode>
      <PhoneNumber>6172531000</PhoneNumber>
      <StreetAddress>77 MASSACHUSETTS AVE</StreetAddress>
      <CountryName>United States</CountryName>
      <StateName>Massachusetts</StateName>
      <StateCode>MA</StateCode>
    </Institution>
    <FoaInformation>
      <Code>0118000</Code>
      <Name>Pollution Control</Name>
    </FoaInformation>
    <ProgramElement>
      <Code>1440</Code>
      <Text>ENVIRONMENTAL ENGINEERING</Text>
    </ProgramElement>
    <ProgramElement>
      <Code>1472</Code>
      <Text>OCEAN ENGINEERING SYSTEMS</Text>
    </ProgramElement>
    <ProgramReference>
      <Code>1440</Code>
      <Text>ENVIRONMENTAL ENGINEERING</Text>
    </ProgramReference>
    <ProgramReference>
      <Code>1472</Code>
      <Text>OCEAN ENGINEERING SYSTEMS</Text>
    </ProgramReference>
    <ProgramReference>
      <Code>9187</Code>
      <Text>TOXIC SUBSTANCES/SOLID &amp; HAZARDOUS WASTE</Text>
    </ProgramReference>
    <ProgramReference>
      <Code>EGCH</Code>
      <Text>ENVIRONMENT AND GLOBAL CHANGE</Text>
    </ProgramReference>
  </Award>
</rootTag>
