<?xml version="1.0" encoding="UTF-8"?>

<rootTag>
  <Award>
    <AwardTitle>Resonant Tunnelling into Quantized Exciton-Polariton State in A OD Microcavity</AwardTitle>
    <AwardEffectiveDate>06/15/1998</AwardEffectiveDate>
    <AwardExpirationDate>05/31/2002</AwardExpirationDate>
    <AwardAmount>243944</AwardAmount>
    <AwardInstrument>
      <Value>Continuing grant</Value>
    </AwardInstrument>
    <Organization>
      <Code>07010000</Code>
      <Directorate>
        <LongName>Directorate For Engineering</LongName>
      </Directorate>
      <Division>
        <LongName>Div Of Electrical, Commun &amp; Cyber Sys</LongName>
      </Division>
    </Organization>
    <ProgramOfficer>
      <SignBlockName>Filbert J. Bartoli</SignBlockName>
    </ProgramOfficer>
    <AbstractNarration>Proposal Number: ECS-9800068 Principal Investigator: Hui Cao Title: Resonant tunneling into quantized exciton-polariton state in a 0D microcavity Abstract The proposed research is aimed at realizing a new type of light emitter which promises low threshold currents with high efficiencies. The device utilizes a high-Q zero-dimensional (0D) microcavity and the hole-assisted electron resonant tunneling process to create the exciton-polariton states in the 0D microcavity. If successful, it may have great impact in creating a new class of low threshold light emitters that will enable future nano structures for optoelectronic devices and integrated circuits.</AbstractNarration>
    <MinAmdLetterDate>06/10/1998</MinAmdLetterDate>
    <MaxAmdLetterDate>03/27/2000</MaxAmdLetterDate>
    <ARRAAmount/>
    <AwardID>9800068</AwardID>
    <Investigator>
      <FirstName>Hui</FirstName>
      <LastName>Cao</LastName>
      <EmailAddress>hui.cao@yale.edu</EmailAddress>
      <StartDate>06/10/1998</StartDate>
      <EndDate/>
      <RoleCode>Principal Investigator</RoleCode>
    </Investigator>
    <Institution>
      <Name>Northwestern University</Name>
      <CityName>Evanston</CityName>
      <ZipCode>602013149</ZipCode>
      <PhoneNumber>8474913003</PhoneNumber>
      <StreetAddress>1801 Maple Ave.</StreetAddress>
      <CountryName>United States</CountryName>
      <StateName>Illinois</StateName>
      <StateCode>IL</StateCode>
    </Institution>
    <FoaInformation>
      <Code>0206000</Code>
      <Name>Telecommunications</Name>
    </FoaInformation>
    <ProgramElement>
      <Code>1517</Code>
      <Text>ELECT, PHOTONICS, &amp; MAG DEVICE</Text>
    </ProgramElement>
    <ProgramElement>
      <Code>5978</Code>
      <Text>EAST ASIA AND PACIFIC PROGRAM</Text>
    </ProgramElement>
    <ProgramReference>
      <Code>0000</Code>
      <Text>UNASSIGNED</Text>
    </ProgramReference>
    <ProgramReference>
      <Code>OTHR</Code>
      <Text>OTHER RESEARCH OR EDUCATION</Text>
    </ProgramReference>
  </Award>
</rootTag>
