<?xml version="1.0" encoding="UTF-8"?>

<rootTag>
  <Award>
    <AwardTitle>Binary Black Holes and Gravitational Radiation</AwardTitle>
    <AwardEffectiveDate>09/01/1998</AwardEffectiveDate>
    <AwardExpirationDate>08/31/2002</AwardExpirationDate>
    <AwardAmount>203246</AwardAmount>
    <AwardInstrument>
      <Value>Continuing grant</Value>
    </AwardInstrument>
    <Organization>
      <Code>03010700</Code>
      <Directorate>
        <LongName>Direct For Mathematical &amp; Physical Scien</LongName>
      </Directorate>
      <Division>
        <LongName>Division Of Physics</LongName>
      </Division>
    </Organization>
    <ProgramOfficer>
      <SignBlockName>Beverly K. Berger</SignBlockName>
    </ProgramOfficer>
    <AbstractNarration>***&lt;br/&gt;9800731&lt;br/&gt;Winicour&lt;br/&gt;&lt;br/&gt;The goal of this project is to provide stable, accurate boundary conditions for the Cauchy evolution of black holes, while at the same time determining the radiation waveform. The approach uses a fully tested 3-dimensional characteristic-evolution code for general relativity. The code was developed by this group as part of the Binary Black Hole Grand Challenge Alliance. The strategy for the boundary algorithm is Cauchy-characteristic matching, which carries out a global evolution using an interior Cauchy algorithm and an exterior characteristic algorithm, matched across a world-tube interface. While neither of the two methods alone would cover the entire physical region of interest, they complement each other because they are applied where they are most appropriate - the Cauchy method near the sources and the characteristic method in the radiation zone.&lt;br/&gt;&lt;br/&gt;General relativity, Einstein's reformulation of Newton's gravitational theory, predicts that accelerated masses produce gravitational waves analogous to the way charges produce electromagnetic waves or objects moving in a pond produce water waves. The existence of gravitational waves has already been inferred from observations of the orbits of binary pulsars. The LIGO observatories now under construction will be sensitive enough to detect directly gravitational waves from distant galaxies. The goal of this project is to develop a method for calculating the properties of waves emitted when two black holes in a binary system inspiral and coalesce. This is important for the success of LIGO. Binary black holes are one of the prime sources of the waves, which LIGO is designed to detect. The calculation is based upon a new computational approach to general relativity.&lt;br/&gt;***</AbstractNarration>
    <MinAmdLetterDate>07/30/1998</MinAmdLetterDate>
    <MaxAmdLetterDate>06/15/2000</MaxAmdLetterDate>
    <ARRAAmount/>
    <AwardID>9800731</AwardID>
    <Investigator>
      <FirstName>Jeffrey</FirstName>
      <LastName>Winicour</LastName>
      <EmailAddress>winicour@pitt.edu</EmailAddress>
      <StartDate>07/30/1998</StartDate>
      <EndDate/>
      <RoleCode>Principal Investigator</RoleCode>
    </Investigator>
    <Investigator>
      <FirstName>Roberto</FirstName>
      <LastName>Gomez</LastName>
      <EmailAddress/>
      <StartDate>07/30/1998</StartDate>
      <EndDate/>
      <RoleCode>Co-Principal Investigator</RoleCode>
    </Investigator>
    <Institution>
      <Name>University of Pittsburgh</Name>
      <CityName>Pittsburgh</CityName>
      <ZipCode>152132303</ZipCode>
      <PhoneNumber>4126247400</PhoneNumber>
      <StreetAddress>University Club</StreetAddress>
      <CountryName>United States</CountryName>
      <StateName>Pennsylvania</StateName>
      <StateCode>PA</StateCode>
    </Institution>
    <FoaInformation>
      <Code>0000099</Code>
      <Name>Other Applications NEC</Name>
    </FoaInformation>
  </Award>
</rootTag>
