<?xml version="1.0" encoding="UTF-8"?>

<rootTag>
  <Award>
    <AwardTitle>Contact Damage and Tribological Response of Functionally Graded Coatings</AwardTitle>
    <AwardEffectiveDate>05/01/1998</AwardEffectiveDate>
    <AwardExpirationDate>07/31/2002</AwardExpirationDate>
    <AwardAmount>239947</AwardAmount>
    <AwardInstrument>
      <Value>Standard Grant</Value>
    </AwardInstrument>
    <Organization>
      <Code>07030000</Code>
      <Directorate>
        <LongName>Directorate For Engineering</LongName>
      </Directorate>
      <Division>
        <LongName>Div Of Civil, Mechanical, &amp; Manufact Inn</LongName>
      </Division>
    </Organization>
    <ProgramOfficer>
      <SignBlockName>Jorn Larsen-Basse</SignBlockName>
    </ProgramOfficer>
    <AbstractNarration>A GOALI award supports studies of the microstructure, mechanical properties, and tribological behavior of thermal spray functionally graded coatings. The university team will study the fundamental behavior of the coatings and coordinate with the two industrial partners who will prepare the coatings and test them under bench and field conditions. Two families of coatings will be studied - hard wear resistant WC-Co coatings produced by Caterpillar, and abradable MCrAlY coatings for high temperature sealing applications produced by Solar Turbines.</AbstractNarration>
    <MinAmdLetterDate>04/03/1998</MinAmdLetterDate>
    <MaxAmdLetterDate>04/22/2002</MaxAmdLetterDate>
    <ARRAAmount/>
    <AwardID>9800301</AwardID>
    <Investigator>
      <FirstName>Toshio</FirstName>
      <LastName>Nakamura</LastName>
      <EmailAddress>toshio.nakamura@stonybrook.edu</EmailAddress>
      <StartDate>04/03/1998</StartDate>
      <EndDate/>
      <RoleCode>Co-Principal Investigator</RoleCode>
    </Investigator>
    <Investigator>
      <FirstName>Sanjay</FirstName>
      <LastName>Sampath</LastName>
      <EmailAddress>sanjay.sampath@sunysb.edu</EmailAddress>
      <StartDate>04/03/1998</StartDate>
      <EndDate/>
      <RoleCode>Principal Investigator</RoleCode>
    </Investigator>
    <Institution>
      <Name>SUNY at Stony Brook</Name>
      <CityName>Stony Brook</CityName>
      <ZipCode>117940001</ZipCode>
      <PhoneNumber>6316329949</PhoneNumber>
      <StreetAddress>WEST 5510 FRK MEL LIB</StreetAddress>
      <CountryName>United States</CountryName>
      <StateName>New York</StateName>
      <StateCode>NY</StateCode>
    </Institution>
    <FoaInformation>
      <Code>0308000</Code>
      <Name>Industrial Technology</Name>
    </FoaInformation>
    <ProgramElement>
      <Code>1444</Code>
      <Text>SURFACE ENGINEERING</Text>
    </ProgramElement>
    <ProgramElement>
      <Code>1504</Code>
      <Text>GRANT OPP FOR ACAD LIA W/INDUS</Text>
    </ProgramElement>
    <ProgramReference>
      <Code>9146</Code>
      <Text>MANUFACTURING BASE RESEARCH</Text>
    </ProgramReference>
    <ProgramReference>
      <Code>MANU</Code>
      <Text>MANUFACTURING</Text>
    </ProgramReference>
  </Award>
</rootTag>
