<?xml version="1.0" encoding="UTF-8"?>

<rootTag>
  <Award>
    <AwardTitle>Logic-Based Approaches to Learning and Knowledge Discovery</AwardTitle>
    <AwardEffectiveDate>08/15/1998</AwardEffectiveDate>
    <AwardExpirationDate>07/31/2002</AwardExpirationDate>
    <AwardAmount>253001</AwardAmount>
    <AwardInstrument>
      <Value>Standard Grant</Value>
    </AwardInstrument>
    <Organization>
      <Code>05010100</Code>
      <Directorate>
        <LongName>Direct For Computer &amp; Info Scie &amp; Enginr</LongName>
      </Directorate>
      <Division>
        <LongName>Division of Computing and Communication Foundations</LongName>
      </Division>
    </Organization>
    <ProgramOfficer>
      <SignBlockName>Robert Sloan</SignBlockName>
    </ProgramOfficer>
    <AbstractNarration>Logic forms a basic framework for artificial intelligence, including machine learning and knowledge discovery in databases. Predicate logic, which is used by several machine learning systems, poses both open problems of learning complexity and questions that do not arise in other approaches to learning. There are algorithmic approaches to knowledge discovery in databases that suggest several open problems for propositional and predicate logic, and complexity theory. Some of the learnability issues specific to predicate logic that will be studied are the role of background knowledge, the efficiency of the algorithmic techniques of logic learning, such as least general generalizations, the complexity of learning multiple predicates, and types of noise that either are specific to predicate logic, or appear to behave differently for predicate logic. The first two issues will be studied using the producthomomorphism method. This technique, introduced by one of the PI's and developed further by both PI's, enables the use of combinatorial tools in constructing learning algorithms. One extension to be studied is learning certain broader classes of logic programs, which are useful for practical applications. The complexity of the general product-homomorphism problem will also be investigated. In the area of noise-tolerance, one topic to be studied is the complexity of learning Boolean conjunctions in noise models that are more difficult for the learner than random classification noise. This could lead to extensions of previous work of the PI's on learning noisy logic programs. Expanding the scope of learning problems studied in learning theory, the project will construct algorithms for relations definable in a finite model by restricted classes of formulas, such as formulas with a bounded number of variables. This continues the model theoretic approach to learning, studied earlier by one of the PI's. Another, related family of problems involves classes of atomic f ormulas satisfying first-order constraints. In knowledge discovery in databases, a logic- based approach is to find the theory of the database, which means identifying all interesting statements that hold in the database, using an appropriate notion of interesting statement. Algorithmically, this requires polynomial-delay listing algorithms for different classes of objects, such as the maximal frequent sets of a 0-1 matrix. The project will study the possibilities of gaining efficiency by taking into account the structure of the database. This leads to questions about restricted classes of threshold circuits, and generalized versions of the minimal hitting set listing problem. The methods to be used are primarily combinatorial, such as products and homomorphisms of graphs, and model- theoretic games. This project will contribute to the understanding of the limits of efficient learnability in predicate logic. It will also develop new algorithms that may be useful for practical machinelearning systems, and contribute to the methodology for tolerating noisy data. The overall goal of this work is to gain a better understanding of the computational complexity aspects of learning using logic.</AbstractNarration>
    <MinAmdLetterDate>08/04/1998</MinAmdLetterDate>
    <MaxAmdLetterDate>08/04/1998</MaxAmdLetterDate>
    <ARRAAmount/>
    <AwardID>9800070</AwardID>
    <Investigator>
      <FirstName>Robert</FirstName>
      <LastName>Sloan</LastName>
      <EmailAddress>sloan@uic.edu</EmailAddress>
      <StartDate>08/04/1998</StartDate>
      <EndDate/>
      <RoleCode>Co-Principal Investigator</RoleCode>
    </Investigator>
    <Investigator>
      <FirstName>Gyorgy</FirstName>
      <LastName>Turan</LastName>
      <EmailAddress>gyt@uic.edu</EmailAddress>
      <StartDate>08/04/1998</StartDate>
      <EndDate/>
      <RoleCode>Principal Investigator</RoleCode>
    </Investigator>
    <Institution>
      <Name>University of Illinois at Chicago</Name>
      <CityName>Chicago</CityName>
      <ZipCode>606124305</ZipCode>
      <PhoneNumber>3129962862</PhoneNumber>
      <StreetAddress>809 S MARSHFIELD</StreetAddress>
      <CountryName>United States</CountryName>
      <StateName>Illinois</StateName>
      <StateCode>IL</StateCode>
    </Institution>
    <FoaInformation>
      <Code>0000099</Code>
      <Name>Other Applications NEC</Name>
    </FoaInformation>
    <ProgramElement>
      <Code>2860</Code>
      <Text>THEORY OF COMPUTING</Text>
    </ProgramElement>
    <ProgramReference>
      <Code>9216</Code>
      <Text>ADVANCED SOFTWARE TECH &amp; ALGOR</Text>
    </ProgramReference>
    <ProgramReference>
      <Code>HPCC</Code>
      <Text>HIGH PERFORMANCE COMPUTING &amp; COMM</Text>
    </ProgramReference>
  </Award>
</rootTag>
