<?xml version="1.0" encoding="UTF-8"?>

<rootTag>
  <Award>
    <AwardTitle>Student Exposure to Frontline Issues in Materials Research: A Multimedia Package</AwardTitle>
    <AwardEffectiveDate>05/01/1998</AwardEffectiveDate>
    <AwardExpirationDate>01/31/2002</AwardExpirationDate>
    <AwardAmount>180000</AwardAmount>
    <AwardInstrument>
      <Value>Standard Grant</Value>
    </AwardInstrument>
    <Organization>
      <Code>07030000</Code>
      <Directorate>
        <LongName>Directorate For Engineering</LongName>
      </Directorate>
      <Division>
        <LongName>Div Of Civil, Mechanical, &amp; Manufact Inn</LongName>
      </Division>
    </Organization>
    <ProgramOfficer>
      <SignBlockName>Jorn Larsen-Basse</SignBlockName>
    </ProgramOfficer>
    <AbstractNarration>A multimedia software package that exposes undergraduate students to frontline issues in materials research is developed. The presentation is interactive and build on fundamental concepts to form a logical sequence of steps that lead to the development of a hypothesis or the discovery of new materials. Several `games` and learning activities are included to stimulate the student's interest and curiosity. The materials issues addressed are those that are the subject of significant recent research activity and that illustrate the interdisciplinary nature of modern materials science. ??/% /??%??/¥??&gt;¢ ?&gt;?%???&gt;À Â??Á? ¢??&gt;&gt;?&gt;À Â?%_ ?%???&gt;À /&gt;? _?%??&gt;À /&gt;? Á?¥??¢??&gt; ????Á¢¢Á¢</AbstractNarration>
    <MinAmdLetterDate>05/20/1998</MinAmdLetterDate>
    <MaxAmdLetterDate>05/20/1998</MaxAmdLetterDate>
    <ARRAAmount/>
    <AwardID>9800252</AwardID>
    <Investigator>
      <FirstName>Sujata</FirstName>
      <LastName>Jagota</LastName>
      <EmailAddress>sujagota@aol.com</EmailAddress>
      <StartDate>05/20/1998</StartDate>
      <EndDate/>
      <RoleCode>Principal Investigator</RoleCode>
    </Investigator>
    <Investigator>
      <FirstName>Kalpana</FirstName>
      <LastName>Krishnaswami</LastName>
      <EmailAddress>kalpana@mindspring.com</EmailAddress>
      <StartDate>05/20/1998</StartDate>
      <EndDate/>
      <RoleCode>Co-Principal Investigator</RoleCode>
    </Investigator>
    <Institution>
      <Name>Jigyasa Inc</Name>
      <CityName>Wilmington</CityName>
      <ZipCode>198091149</ZipCode>
      <PhoneNumber>3027930321</PhoneNumber>
      <StreetAddress>2221-D Prior Rd</StreetAddress>
      <CountryName>United States</CountryName>
      <StateName>Delaware</StateName>
      <StateCode>DE</StateCode>
    </Institution>
    <FoaInformation>
      <Code>0106000</Code>
      <Name>Materials Research</Name>
    </FoaInformation>
    <FoaInformation>
      <Code>0308000</Code>
      <Name>Industrial Technology</Name>
    </FoaInformation>
    <ProgramElement>
      <Code>1446</Code>
      <Text>MATERIALS</Text>
    </ProgramElement>
    <ProgramReference>
      <Code>9161</Code>
      <Text>SINGLE DIVISION/UNIVERSITY</Text>
    </ProgramReference>
    <ProgramReference>
      <Code>AMPP</Code>
      <Text>ADVANCED MATERIALS &amp; PROCESSING PROGRAM</Text>
    </ProgramReference>
  </Award>
</rootTag>
