<?xml version="1.0" encoding="UTF-8"?>

<rootTag>
  <Award>
    <AwardTitle>Mechanistic Organic Chemistry of Relevance to the Insterstellar Medium</AwardTitle>
    <AwardEffectiveDate>05/01/1998</AwardEffectiveDate>
    <AwardExpirationDate>04/30/2002</AwardExpirationDate>
    <AwardAmount>334000</AwardAmount>
    <AwardInstrument>
      <Value>Continuing grant</Value>
    </AwardInstrument>
    <Organization>
      <Code>03090003</Code>
      <Directorate>
        <LongName>Direct For Mathematical &amp; Physical Scien</LongName>
      </Directorate>
      <Division>
        <LongName>Division Of Chemistry</LongName>
      </Division>
    </Organization>
    <ProgramOfficer>
      <SignBlockName>Tyrone D. Mitchell</SignBlockName>
    </ProgramOfficer>
    <AbstractNarration>This research focuses on identifying, characterizing and examining the reactivity of organic molecules that occur in interstellar space. Species known, or likely to exist in interstellar space will be generated in low temperature matrices in the laboratory and characterized by a variety of spectroscopy techniques. Laboratory results will be correlated with radioastronomical searches to identify new species in interstellar clouds, and the carriers of diffuse interstellar bands. The research will introduce graduate and postdoctoral students to low-temperature matrix-isolation techniques, spectroscopic characterization of the isolated species, and a unique interdisciplinary application of these techniques. With this Renewal award, the Organic and Macromolecular Chemistry Program supports the research of Professor Robert McMahon of the Department of Chemistry at the University of Wisconsin. Professor McMahon's research will address questions regarding the nature and chemistry of the reactive, organic fragments known, or postulated to exist in interstellar space. Intermediates thought to be present in interstellar space will be prepared in the laboratory, spectroscopically fingerprinted, and the spectral data compared with radioastronomical data to establish their presence in interstellar clouds and diffuse interstellar bands, and to identify other species present. Professor McMahon's educational activities will include the training of graduate and postdoctoral students.</AbstractNarration>
    <MinAmdLetterDate>05/07/1998</MinAmdLetterDate>
    <MaxAmdLetterDate>02/03/2000</MaxAmdLetterDate>
    <ARRAAmount/>
    <AwardID>9800716</AwardID>
    <Investigator>
      <FirstName>Robert</FirstName>
      <LastName>McMahon</LastName>
      <EmailAddress>mcmahon@chem.wisc.edu</EmailAddress>
      <StartDate>05/07/1998</StartDate>
      <EndDate/>
      <RoleCode>Principal Investigator</RoleCode>
    </Investigator>
    <Institution>
      <Name>University of Wisconsin-Madison</Name>
      <CityName>MADISON</CityName>
      <ZipCode>537151218</ZipCode>
      <PhoneNumber>6082623822</PhoneNumber>
      <StreetAddress>21 North Park Street</StreetAddress>
      <CountryName>United States</CountryName>
      <StateName>Wisconsin</StateName>
      <StateCode>WI</StateCode>
    </Institution>
    <FoaInformation>
      <Code>0000099</Code>
      <Name>Other Applications NEC</Name>
    </FoaInformation>
    <ProgramElement>
      <Code>1942</Code>
      <Text>UNIMOLECULAR PROCESSES</Text>
    </ProgramElement>
    <ProgramReference>
      <Code>1318</Code>
      <Text>POLAR OZONE-UV RADIATION EFFECTS</Text>
    </ProgramReference>
    <ProgramReference>
      <Code>EGCH</Code>
      <Text>ENVIRONMENT AND GLOBAL CHANGE</Text>
    </ProgramReference>
  </Award>
</rootTag>
