<?xml version="1.0" encoding="UTF-8"?>

<rootTag>
  <Award>
    <AwardTitle>Neutrino Physics at Low Energies</AwardTitle>
    <AwardEffectiveDate>08/15/1998</AwardEffectiveDate>
    <AwardExpirationDate>12/31/1999</AwardExpirationDate>
    <AwardAmount>2930</AwardAmount>
    <AwardInstrument>
      <Value>Standard Grant</Value>
    </AwardInstrument>
    <Organization>
      <Code>03010500</Code>
      <Directorate>
        <LongName>Direct For Mathematical &amp; Physical Scien</LongName>
      </Directorate>
      <Division>
        <LongName>Division Of Physics</LongName>
      </Division>
    </Organization>
    <ProgramOfficer>
      <SignBlockName>Winston Roberts</SignBlockName>
    </ProgramOfficer>
    <AbstractNarration>This proposal focusses on neutrino mass, one of the most elusive quantities in nature. Neutrinos are most visible at high energies while mass is best determined at low energies. Currently, indirect high energy studies are providing evidence that the mass is not zero. Tritium beta decay is known to be an ideal candidate for the direct measurement of neutrino mass, but, to date, has yielded results which appear to be unphysical. There is a good possibility that these results can be explained as interference with very weak interactions which are not included in the Standard Model description of particle physics. Such new interactions have been anticipated but cannot be predicted. To avoid conflict with other existing low energy data, it is necessary for us to include all three light neutrinos required by accelerator data, and to consider the possibility that the new interactions couple electrons to different combinations of those neutrinos than that coupled by the usual weak interaction. To learn whether this interpretation is viable or not, it must be tested against a large number of other precise low energy measurements.</AbstractNarration>
    <MinAmdLetterDate>09/08/1998</MinAmdLetterDate>
    <MaxAmdLetterDate>09/08/1998</MaxAmdLetterDate>
    <ARRAAmount/>
    <AwardID>9800739</AwardID>
    <Investigator>
      <FirstName>Gerard</FirstName>
      <LastName>Stephenson</LastName>
      <EmailAddress>gjs@baryon.phys.unm.edu</EmailAddress>
      <StartDate>09/08/1998</StartDate>
      <EndDate/>
      <RoleCode>Principal Investigator</RoleCode>
    </Investigator>
    <Institution>
      <Name>University of New Mexico</Name>
      <CityName>Albuquerque</CityName>
      <ZipCode>871310001</ZipCode>
      <PhoneNumber>5052774186</PhoneNumber>
      <StreetAddress>1700 Lomas Blvd. NE, Suite 2200</StreetAddress>
      <CountryName>United States</CountryName>
      <StateName>New Mexico</StateName>
      <StateCode>NM</StateCode>
    </Institution>
    <FoaInformation>
      <Code>0000099</Code>
      <Name>Other Applications NEC</Name>
    </FoaInformation>
    <ProgramElement>
      <Code>1285</Code>
      <Text>NUCLEAR THEORY</Text>
    </ProgramElement>
    <ProgramReference>
      <Code>0000</Code>
      <Text>UNASSIGNED</Text>
    </ProgramReference>
    <ProgramReference>
      <Code>OTHR</Code>
      <Text>OTHER RESEARCH OR EDUCATION</Text>
    </ProgramReference>
  </Award>
</rootTag>
