<?xml version="1.0" encoding="UTF-8"?>

<rootTag>
  <Award>
    <AwardTitle>Structure and Evolution of Magnetic Fields in Molecular Clouds</AwardTitle>
    <AwardEffectiveDate>08/01/1998</AwardEffectiveDate>
    <AwardExpirationDate>07/31/2002</AwardExpirationDate>
    <AwardAmount>225000</AwardAmount>
    <AwardInstrument>
      <Value>Standard Grant</Value>
    </AwardInstrument>
    <Organization>
      <Code>03020416</Code>
      <Directorate>
        <LongName>Direct For Mathematical &amp; Physical Scien</LongName>
      </Directorate>
      <Division>
        <LongName>Division Of Astronomical Sciences</LongName>
      </Division>
    </Organization>
    <ProgramOfficer>
      <SignBlockName>Vernon Pankonin</SignBlockName>
    </ProgramOfficer>
    <AbstractNarration>Ellen Zweibel University of Colorado FY 98: $225,000 For 36 months. Structure and Evolution of Magnetic Fields in Molecular Clouds. Dr. Zweibel will conduct a program of theoretical research on magnetic fields in interstellar clouds. She and her colleagues will concentrate on reevaluating the theoretical evidence for weak magnetic fields and for examining several processes which could lead to loss of magnetic flux from molecular clouds. The research methods involve analytical techniques coupled to state of the art numerical computations, and comparison, where possible, with observations. ***</AbstractNarration>
    <MinAmdLetterDate>04/10/1998</MinAmdLetterDate>
    <MaxAmdLetterDate>04/10/1998</MaxAmdLetterDate>
    <ARRAAmount/>
    <AwardID>9800616</AwardID>
    <Investigator>
      <FirstName>Ellen</FirstName>
      <LastName>Zweibel</LastName>
      <EmailAddress>zweibel@astro.wisc.edu</EmailAddress>
      <StartDate>04/10/1998</StartDate>
      <EndDate/>
      <RoleCode>Principal Investigator</RoleCode>
    </Investigator>
    <Institution>
      <Name>University of Colorado at Boulder</Name>
      <CityName>Boulder</CityName>
      <ZipCode>803031058</ZipCode>
      <PhoneNumber>3034926221</PhoneNumber>
      <StreetAddress>3100 Marine Street, Room 481</StreetAddress>
      <CountryName>United States</CountryName>
      <StateName>Colorado</StateName>
      <StateCode>CO</StateCode>
    </Institution>
    <FoaInformation>
      <Code>0000099</Code>
      <Name>Other Applications NEC</Name>
    </FoaInformation>
    <ProgramElement>
      <Code>1216</Code>
      <Text>GALACTIC ASTRONOMY PROGRAM</Text>
    </ProgramElement>
    <ProgramReference>
      <Code>0000</Code>
      <Text>UNASSIGNED</Text>
    </ProgramReference>
    <ProgramReference>
      <Code>1206</Code>
      <Text>THEORETICAL &amp; COMPUTATIONAL ASTROPHYSICS</Text>
    </ProgramReference>
    <ProgramReference>
      <Code>OTHR</Code>
      <Text>OTHER RESEARCH OR EDUCATION</Text>
    </ProgramReference>
  </Award>
</rootTag>
