<?xml version="1.0" encoding="UTF-8"?>

<rootTag>
  <Award>
    <AwardTitle>Dissertation Research: Extensions of Landmark-Based Morphometric Methods to Articulated Structures: An Example Using Plethodon</AwardTitle>
    <AwardEffectiveDate>05/15/1998</AwardEffectiveDate>
    <AwardExpirationDate>04/30/2000</AwardExpirationDate>
    <AwardAmount>7547</AwardAmount>
    <AwardInstrument>
      <Value>Standard Grant</Value>
    </AwardInstrument>
    <Organization>
      <Code>08090300</Code>
      <Directorate>
        <LongName>Direct For Biological Sciences</LongName>
      </Directorate>
      <Division>
        <LongName>Division Of Integrative Organismal Systems</LongName>
      </Division>
    </Organization>
    <ProgramOfficer>
      <SignBlockName>Zoe Eppley</SignBlockName>
    </ProgramOfficer>
    <AbstractNarration>ROHLF 9800636 Landmark-based geometric morphometrics is an approach to the study of shape of organisms in which one analyzes the Cartesian coordinates of homologous landmarks. They can be applied to two- and three-dimensional coordinates, and allow both a description of within- and between-group variability, and a visualization of the variation in a manner that allows a more meaningful biological interpretation. The proposed research has two main goals. The first is to develop and statistically evaluate methods to analyze landmark data from articulated structures. Three new methods will be developed, and tests based on each will be statistically evaluated through computer simulation studies designed to quantify their type I error rates and relative powers. These simulations will be performed using a variety of artificial data sets with various covariance structures in an attempt to determine whether one method is superior for expected data types, or which method is best suited for particular types of data. The second goal is to apply these techniques to a data set containing landmarks from skulls and mandibles of two species of plethodontid salamanders from sympatric and allopatric localities, to gain understanding of the relationship between trophic ecology and morphological variation in these species.</AbstractNarration>
    <MinAmdLetterDate>05/14/1998</MinAmdLetterDate>
    <MaxAmdLetterDate>05/14/1998</MaxAmdLetterDate>
    <ARRAAmount/>
    <AwardID>9800636</AwardID>
    <Investigator>
      <FirstName>F. James</FirstName>
      <LastName>Rohlf</LastName>
      <EmailAddress>rohlf@life.bio.sunysb.edu</EmailAddress>
      <StartDate>05/14/1998</StartDate>
      <EndDate/>
      <RoleCode>Principal Investigator</RoleCode>
    </Investigator>
    <Institution>
      <Name>SUNY at Stony Brook</Name>
      <CityName>Stony Brook</CityName>
      <ZipCode>117940001</ZipCode>
      <PhoneNumber>6316329949</PhoneNumber>
      <StreetAddress>WEST 5510 FRK MEL LIB</StreetAddress>
      <CountryName>United States</CountryName>
      <StateName>New York</StateName>
      <StateCode>NY</StateCode>
    </Institution>
    <ProgramElement>
      <Code>1148</Code>
      <Text>ECOLOGICAL &amp; EVOLUTIONARY PHYS</Text>
    </ProgramElement>
    <ProgramReference>
      <Code>0000</Code>
      <Text>UNASSIGNED</Text>
    </ProgramReference>
    <ProgramReference>
      <Code>OTHR</Code>
      <Text>OTHER RESEARCH OR EDUCATION</Text>
    </ProgramReference>
  </Award>
</rootTag>
