<?xml version="1.0" encoding="UTF-8"?>

<rootTag>
  <Award>
    <AwardTitle>Maintainability Modeling and Evaluation</AwardTitle>
    <AwardEffectiveDate>05/01/1998</AwardEffectiveDate>
    <AwardExpirationDate>04/30/2002</AwardExpirationDate>
    <AwardAmount>163848</AwardAmount>
    <AwardInstrument>
      <Value>Standard Grant</Value>
    </AwardInstrument>
    <Organization>
      <Code>07030000</Code>
      <Directorate>
        <LongName>Directorate For Engineering</LongName>
      </Directorate>
      <Division>
        <LongName>Div Of Civil, Mechanical, &amp; Manufact Inn</LongName>
      </Division>
    </Organization>
    <ProgramOfficer>
      <SignBlockName>George A. Hazelrigg</SignBlockName>
    </ProgramOfficer>
    <AbstractNarration>This grant provides funding for the development, validation and refinement of a methodology for electromechanical system diagnosability modeling and evaluation. The work focuses on two objectives: 1) the development of analytical modeling methods and metrics for the prediction, during conceptual and embodiment design, of life cycle costs associated with the isolation of faults; and 2) the development of methods to decrease, for existing systems, the costs associated with fault isolation through optimized maintenance procedures. The utility of these methods as design tools will be validated and refined by application, concurrent with the design process, to a selected complex electromechanical system. If successful, the results of this research will be methods for the prediction of life cycle costs associated with fault isolation and for the generation of optimum maintenance procedures. Validation on a complex commercial product during the actual design process will assure the industrial relevancy, applicability and accuracy of the methodology. Although validated on a specific system, the methodology will be applicable to most electromechanical systems, with the greatest potential benefit for systems with higher degrees of complexity. For complex systems, fault isolation costs can be a significant part of total life cycle costs, and the application of the results of this research could significantly reduce these costs through increased system maintainability.</AbstractNarration>
    <MinAmdLetterDate>04/16/1998</MinAmdLetterDate>
    <MaxAmdLetterDate>04/16/1998</MaxAmdLetterDate>
    <ARRAAmount/>
    <AwardID>9800189</AwardID>
    <Investigator>
      <FirstName>Robert</FirstName>
      <LastName>Paasch</LastName>
      <EmailAddress>paasch@engr.orst.edu</EmailAddress>
      <StartDate>04/16/1998</StartDate>
      <EndDate/>
      <RoleCode>Principal Investigator</RoleCode>
    </Investigator>
    <Institution>
      <Name>Oregon State University</Name>
      <CityName>Corvallis</CityName>
      <ZipCode>973318507</ZipCode>
      <PhoneNumber>5417374933</PhoneNumber>
      <StreetAddress>OREGON STATE UNIVERSITY</StreetAddress>
      <CountryName>United States</CountryName>
      <StateName>Oregon</StateName>
      <StateCode>OR</StateCode>
    </Institution>
    <FoaInformation>
      <Code>0308000</Code>
      <Name>Industrial Technology</Name>
    </FoaInformation>
    <ProgramElement>
      <Code>1464</Code>
      <Text>ENGINEERING DESIGN AND INNOVAT</Text>
    </ProgramElement>
    <ProgramReference>
      <Code>9148</Code>
      <Text>TOOLS &amp; TECHNOL FOR MANUFACTURING DESIGN</Text>
    </ProgramReference>
    <ProgramReference>
      <Code>MANU</Code>
      <Text>MANUFACTURING</Text>
    </ProgramReference>
  </Award>
</rootTag>
