<?xml version="1.0" encoding="UTF-8"?>

<rootTag>
  <Award>
    <AwardTitle>Sixth International Symposium on Particles, Strings and Cosmology (PASCOS-98); Boston, Massachusetts; March 22-27, 1998</AwardTitle>
    <AwardEffectiveDate>03/15/1998</AwardEffectiveDate>
    <AwardExpirationDate>02/28/1999</AwardExpirationDate>
    <AwardAmount>5000</AwardAmount>
    <AwardInstrument>
      <Value>Standard Grant</Value>
    </AwardInstrument>
    <Organization>
      <Code>03010500</Code>
      <Directorate>
        <LongName>Direct For Mathematical &amp; Physical Scien</LongName>
      </Directorate>
      <Division>
        <LongName>Division Of Physics</LongName>
      </Division>
    </Organization>
    <ProgramOfficer>
      <SignBlockName>Boris J. Kayser</SignBlockName>
    </ProgramOfficer>
    <AbstractNarration>The sixth International Symposium on Particles, Strings and Cosmology (PASCOS-98) will be held at Northeastern University during the period March 22-28, 1998. The symposium is interdisciplinary in nature and will cover a wide range of topics in particle physics, string theory and cosmology and their interconnections. There will be both theoretical and experimental talks at the symposium. Topics to be covered include: neutrino masses, the dark matter and large-scale structure of the universe, possible future elementary particle accelerators, matter-antimatter asymmetry, the possible new symmetry known as supersymmetry, and string theory. The Symposium will facilitate a very important exchange of ideas among leaders of several fields.</AbstractNarration>
    <MinAmdLetterDate>03/05/1998</MinAmdLetterDate>
    <MaxAmdLetterDate>03/05/1998</MaxAmdLetterDate>
    <ARRAAmount/>
    <AwardID>9800986</AwardID>
    <Investigator>
      <FirstName>Pran</FirstName>
      <LastName>Nath</LastName>
      <EmailAddress>nath@neu.edu</EmailAddress>
      <StartDate>03/05/1998</StartDate>
      <EndDate/>
      <RoleCode>Principal Investigator</RoleCode>
    </Investigator>
    <Institution>
      <Name>Northeastern University</Name>
      <CityName>BOSTON</CityName>
      <ZipCode>021155005</ZipCode>
      <PhoneNumber>6173732508</PhoneNumber>
      <StreetAddress>360 HUNTINGTON AVE</StreetAddress>
      <CountryName>United States</CountryName>
      <StateName>Massachusetts</StateName>
      <StateCode>MA</StateCode>
    </Institution>
    <FoaInformation>
      <Code>0000099</Code>
      <Name>Other Applications NEC</Name>
    </FoaInformation>
  </Award>
</rootTag>
