<?xml version="1.0" encoding="UTF-8"?>

<rootTag>
  <Award>
    <AwardTitle>Suspensions and Suspension Noise for LIGO Test Masses</AwardTitle>
    <AwardEffectiveDate>08/15/1998</AwardEffectiveDate>
    <AwardExpirationDate>07/31/2001</AwardExpirationDate>
    <AwardAmount>345618</AwardAmount>
    <AwardInstrument>
      <Value>Continuing grant</Value>
    </AwardInstrument>
    <Organization>
      <Code>03010700</Code>
      <Directorate>
        <LongName>Direct For Mathematical &amp; Physical Scien</LongName>
      </Directorate>
      <Division>
        <LongName>Division Of Physics</LongName>
      </Division>
    </Organization>
    <ProgramOfficer>
      <SignBlockName>Victor Cook</SignBlockName>
    </ProgramOfficer>
    <AbstractNarration>***&lt;br/&gt;9800097&lt;br/&gt;Whitcomb&lt;br/&gt;&lt;br/&gt;Through Caltech Professor Vladimir Braginsky and his group of the Moscow State University (MSU) will conduct a program of research in support of the Laser Interferometer Gravitational-Wave Observatory Project (LIGO). The research will focus on the development of techniques for future LIGO interferometers that will operate in the LIGO facilities after the first interferometers have completed their studies.&lt;br/&gt;&lt;br/&gt;One of the key problems in the LIGO interferometers is the reduction of noise in the suspensions of the test-masses. This noise reduction can be achieved by developing the highest possible quality factors for the suspensions' pendulum and violin modes and by suppressing excess (non-thermal, non-Gaussian) noise of various sorts. The members of the MSU group have made substantial progress in this direction over the last five years. Their past studies revealed a number of new aspects of suspension noise and fabrication that will be important for future LIGO interferometers. Following up on the previous results, they have chosen the principal goals of the research to be done under this grant to be:&lt;br/&gt;&lt;br/&gt; I. To realize further improvements of the quality-factors of the pendulum and violin modes of the suspensions (Q-factors greater than about 100 million are expected). These will be achieved by the identification and reduction of a variety of dissipation mechanisms, including losses caused by electric and magnetic fields that actuators apply to the test masses, and surface losses in the suspension fibers.&lt;br/&gt;&lt;br/&gt; II. To carry out experimental and theoretical investigations of excess noise in suspension fibers at a level which is much less than thermal equilibrium energies.&lt;br/&gt;&lt;br/&gt;The MSU group has also worked in the past on "quantum non-demolition" techniques for precision measurements. In collaboration with Professor Thorne of Caltech they will pursue a third goal:&lt;br/&gt;&lt;br/&gt; III. To devise and to analyze theoretically schemes for gravitational-wave antennae in LIGO, and readout systems which can overcome the "standard quantum limit" while using light power that is low enough to be practical.&lt;br/&gt;&lt;br/&gt;The grant provides for travel funds so the Moscow group can transfer to the LIGO team the techniques, and technology that they develop for high-Q fused silica suspension systems, and for the reduction of various kinds of dissipation and excess noise in the test masses and their suspensions. The Moscow group will also provide advice to the LIGO team about various aspects of the LIGO interferometer R&amp;D program, including R&amp;D for enhancements of the first LIGO interferometers.&lt;br/&gt;***</AbstractNarration>
    <MinAmdLetterDate>08/26/1998</MinAmdLetterDate>
    <MaxAmdLetterDate>06/08/2000</MaxAmdLetterDate>
    <ARRAAmount/>
    <AwardID>9800097</AwardID>
    <Investigator>
      <FirstName>Stanley</FirstName>
      <LastName>Whitcomb</LastName>
      <EmailAddress>whitcomb_s@ligo.caltech.edu</EmailAddress>
      <StartDate>08/26/1998</StartDate>
      <EndDate/>
      <RoleCode>Principal Investigator</RoleCode>
    </Investigator>
    <Institution>
      <Name>California Institute of Technology</Name>
      <CityName>PASADENA</CityName>
      <ZipCode>911250600</ZipCode>
      <PhoneNumber>6263956219</PhoneNumber>
      <StreetAddress>1200 E California Blvd</StreetAddress>
      <CountryName>United States</CountryName>
      <StateName>California</StateName>
      <StateCode>CA</StateCode>
    </Institution>
    <FoaInformation>
      <Code>0000099</Code>
      <Name>Other Applications NEC</Name>
    </FoaInformation>
  </Award>
</rootTag>
