<?xml version="1.0" encoding="UTF-8"?>

<rootTag>
  <Award>
    <AwardTitle>Uniqueness of Gibbs Measures and Rapidly Mixing Dynamics</AwardTitle>
    <AwardEffectiveDate>07/01/1998</AwardEffectiveDate>
    <AwardExpirationDate>06/30/2001</AwardExpirationDate>
    <AwardAmount>75000</AwardAmount>
    <AwardInstrument>
      <Value>Standard Grant</Value>
    </AwardInstrument>
    <Organization>
      <Code>03040300</Code>
      <Directorate>
        <LongName>Direct For Mathematical &amp; Physical Scien</LongName>
      </Directorate>
      <Division>
        <LongName>Division Of Mathematical Sciences</LongName>
      </Division>
    </Organization>
    <ProgramOfficer>
      <SignBlockName>K Crank</SignBlockName>
    </ProgramOfficer>
    <AbstractNarration>9800351&lt;br/&gt;Tetali&lt;br/&gt;&lt;br/&gt;This research concerns the hard-core lattice gas model on the integer lattice, with special emphasis on the square lattice. The project includes the following problems:&lt;br/&gt;(i) To establish a rigorous, quantitative connection between the rate of approach to equilibrium of certain discrete dynamics and the uniqueness of (infinite--volume) Gibbs measure for the hard-core model on general graphs&lt;br/&gt;(ii) To analyze the rate of mixing of certain dynamics with the intention of improving the existing bounds on the critical activity of the hard-core model on the square lattice.&lt;br/&gt;(iii) To investigate the role of percolation and other techniques in this context. In graph-theoretic terms, one of the objectives is to generate independent sets of a large n by n grid with probabilities favoring the bigger independent sets, in particular, with hard-core distribution with activity &gt; 1. The proposal also includes a student project on estimating the mixing rates of Markov chains on combinatorial structures, whose counting function is the nth Catalan number.&lt;br/&gt;&lt;br/&gt;The lattice gas model is of independent interest and significance to researchers in statistical physics, theory of computing, probabilistic combinatorics, and communication networks. The easiest-to-describe motivation is that of a telephone (loss) network with Poisson arrival rates and independent holding times for calls. The hard constraint demands that a call be accepted/active only if all the neighboring cells (neighborhood according to an arbitrary topology) are inactive. The PI hopes to contribute to the understanding of the connections between spatial correlations (i.e. the effect of the presence of a call in one location on calls at reasonably far locations) and the convergence of the dynamics (i.e. the rate at which the network approaches, if it eventually does, a unique stable configuration of active calls).</AbstractNarration>
    <MinAmdLetterDate>06/26/1998</MinAmdLetterDate>
    <MaxAmdLetterDate>06/26/1998</MaxAmdLetterDate>
    <ARRAAmount/>
    <AwardID>9800351</AwardID>
    <Investigator>
      <FirstName>Prasad</FirstName>
      <LastName>Tetali</LastName>
      <EmailAddress>tetali@math.gatech.edu</EmailAddress>
      <StartDate>06/26/1998</StartDate>
      <EndDate/>
      <RoleCode>Principal Investigator</RoleCode>
    </Investigator>
    <Institution>
      <Name>Georgia Tech Research Corporation</Name>
      <CityName>Atlanta</CityName>
      <ZipCode>303320420</ZipCode>
      <PhoneNumber>4048944819</PhoneNumber>
      <StreetAddress>Office of Sponsored Programs</StreetAddress>
      <CountryName>United States</CountryName>
      <StateName>Georgia</StateName>
      <StateCode>GA</StateCode>
    </Institution>
    <FoaInformation>
      <Code>0000099</Code>
      <Name>Other Applications NEC</Name>
    </FoaInformation>
    <ProgramElement>
      <Code>1263</Code>
      <Text>PROBABILITY</Text>
    </ProgramElement>
    <ProgramElement>
      <Code>2860</Code>
      <Text>THEORY OF COMPUTING</Text>
    </ProgramElement>
    <ProgramReference>
      <Code>0000</Code>
      <Text>UNASSIGNED</Text>
    </ProgramReference>
    <ProgramReference>
      <Code>OTHR</Code>
      <Text>OTHER RESEARCH OR EDUCATION</Text>
    </ProgramReference>
  </Award>
</rootTag>
