<?xml version="1.0" encoding="UTF-8"?>

<rootTag>
  <Award>
    <AwardTitle>Nonlinear Optical Telecommunications Switch Technology</AwardTitle>
    <AwardEffectiveDate>08/15/1998</AwardEffectiveDate>
    <AwardExpirationDate>07/31/2001</AwardExpirationDate>
    <AwardAmount>185746</AwardAmount>
    <AwardInstrument>
      <Value>Continuing grant</Value>
    </AwardInstrument>
    <Organization>
      <Code>07010000</Code>
      <Directorate>
        <LongName>Directorate For Engineering</LongName>
      </Directorate>
      <Division>
        <LongName>Div Of Electrical, Commun &amp; Cyber Sys</LongName>
      </Division>
    </Organization>
    <ProgramOfficer>
      <SignBlockName>Filbert J. Bartoli</SignBlockName>
    </ProgramOfficer>
    <AbstractNarration>9800592&lt;br/&gt;Andersen&lt;br/&gt;The rapid increase in demand for telecommunications services has not been followed by a commensurate increase in the technology capable of providing these services. Demand for higher-bandwidth switches is stronger now than it has ever been. Current electronic routing technologies are stretched nearly to their theoretical limits and in order to make the required leap in bandwidth capabilities, a move to nonlinear optical switch-based technologies is clearly required.&lt;br/&gt;&lt;br/&gt;In this proposal, we put forth a research plan aimed at providing a deep understanding of the technologies underlying a nonlinear optical crossbar switch based on the four-wave mixing soliton dynamics that occur in third-order nonlinear integrated optical waveguides. The proposal makes use of new results demonstrating the existence of multi-color four-wave mixing solitons where the phasematching between frequency components in a dispersive medium is accomplished by both cross-phase modulation and four-wave mixing. These new results suggest that it should be possible to switch data using a nonlinear optical crossbar switch based on the four-wave mixing solitons. Several additional advantages will also be realized by using this technology. The most important of these is the intrinsic parametric amplification of the data beam that can take place as it passes through the switch, thus counteracting coupling losses that naturally occur as light is coupled from the long-haul fiber into and out of the switch. In addition, the switch will be fabricated from nonlinear optical slab dielectric waveguides grown from the well-characterized AlGaAs/GaAs material system, and so there far fewer fabrication difficulties to overcome.&lt;br/&gt;&lt;br/&gt;Our research plan uses analytical, numerical, and experimental methods to understand the four-wave mixing soliton properties that underly the construction of such a switch. The work proposed here utilizes the unique expertise of the PI, coupled with a novel new approach to the problem of high data rate switching, to solve an extraordinarily important problem facing the telecommunications industry.&lt;br/&gt;***</AbstractNarration>
    <MinAmdLetterDate>08/18/1998</MinAmdLetterDate>
    <MaxAmdLetterDate>08/07/2000</MaxAmdLetterDate>
    <ARRAAmount/>
    <AwardID>9800592</AwardID>
    <Investigator>
      <FirstName>David</FirstName>
      <LastName>Andersen</LastName>
      <EmailAddress>k0rx@uiowa.edu</EmailAddress>
      <StartDate>08/18/1998</StartDate>
      <EndDate/>
      <RoleCode>Principal Investigator</RoleCode>
    </Investigator>
    <Institution>
      <Name>University of Iowa</Name>
      <CityName>IOWA CITY</CityName>
      <ZipCode>522421320</ZipCode>
      <PhoneNumber>3193352123</PhoneNumber>
      <StreetAddress>2 GILMORE HALL</StreetAddress>
      <CountryName>United States</CountryName>
      <StateName>Iowa</StateName>
      <StateCode>IA</StateCode>
    </Institution>
    <FoaInformation>
      <Code>0206000</Code>
      <Name>Telecommunications</Name>
    </FoaInformation>
  </Award>
</rootTag>
