<?xml version="1.0" encoding="UTF-8"?>

<rootTag>
  <Award>
    <AwardTitle>Dynamics of the Statistical Mechanics Models</AwardTitle>
    <AwardEffectiveDate>07/01/1998</AwardEffectiveDate>
    <AwardExpirationDate>06/30/2001</AwardExpirationDate>
    <AwardAmount>68819</AwardAmount>
    <AwardInstrument>
      <Value>Standard Grant</Value>
    </AwardInstrument>
    <Organization>
      <Code>03040200</Code>
      <Directorate>
        <LongName>Direct For Mathematical &amp; Physical Scien</LongName>
      </Directorate>
      <Division>
        <LongName>Division Of Mathematical Sciences</LongName>
      </Division>
    </Organization>
    <ProgramOfficer>
      <SignBlockName>Dmitry Khavinson</SignBlockName>
    </ProgramOfficer>
    <AbstractNarration>Proposal: DMS-9800860 Principal Investigator: Senya Shlosman Abstract: Shlosman will study the behavior of a system subject to stochastic dynamics in the situation where the initial state of the system is far from equilibrium. The typical example is the Glauber dynamics of the model of statistical mechanics, which model is taken with parameters close to (but different from) those of the phase transition region. For a long time the system behaves as if it were in the "wrong" equilibrium, until it finally undergoes the transition to the "true" (and unique) one. The (non-equilibrium!) states of the model before transition are what should be considered the metastable states of the system. Shlosman shows that such family of states is a smooth continuation of the curve of equilibrium phases through the critical point. The transition happens because of the creation and growth of "droplets" of the equilibrium phase inside the non-equilibrium phase. The PI will study the lifetime of these metastable states. It is possible to write an explicit expression describing it. The formula is quite interesting and contains, in particular, a term corresponding to the surface energy of the Wulff droplet. The explanation is that the shape of the critical droplet is given by the Wulff construction. This settles a controversy on the subject that has existed in the literature. The subject of this research project is the rigorous study of the phenomenon of metastability. A good example of the metastable state of matter is supercooled water (i.e., water cooled below its freezing temperature, yet remaining liquid). This state of water can indeed be observed in nature. The characteristic feature of supercooled water is that it cannot stay liquid for a very long time: after a while, it suddenly freezes. The concept of metastable state is well known in physics, where it plays an important role. What has hitherto been lacking is the rigorous understanding of this phenomenon on the level of microscopic statistical mechan ics. As one famous scientist put it, "The concepts of the metastable state and of fractional dimension are useful, provided they are not taken too seriously." Shlosman's research is aimed precisely at providing the tools to understand metastability one hundred percent "seriously." To this end, the concept of a "critical droplet" (which is a microscopic piece of ice in the case of water) is developed. Shlosman will study the process through which such a droplet is created and examine the process of growth of this droplet, until it eventually absorbs the whole sample (by coalescing with other growing droplets). The overall theory looks quite complete and satisfactory.</AbstractNarration>
    <MinAmdLetterDate>05/07/1998</MinAmdLetterDate>
    <MaxAmdLetterDate>06/28/2000</MaxAmdLetterDate>
    <ARRAAmount/>
    <AwardID>9800860</AwardID>
    <Investigator>
      <FirstName>Senya</FirstName>
      <LastName>Shlosman</LastName>
      <EmailAddress>shlosman@math.uci.edu</EmailAddress>
      <StartDate>05/07/1998</StartDate>
      <EndDate>06/28/2000</EndDate>
      <RoleCode>Former Principal Investigator</RoleCode>
    </Investigator>
    <Investigator>
      <FirstName>Abel</FirstName>
      <LastName>Klein</LastName>
      <EmailAddress>aklein@math.uci.edu</EmailAddress>
      <StartDate>06/28/2000</StartDate>
      <EndDate/>
      <RoleCode>Principal Investigator</RoleCode>
    </Investigator>
    <Investigator>
      <FirstName>Svetlana</FirstName>
      <LastName>Jitomirskaya</LastName>
      <EmailAddress>szhitomi@math.uci.edu</EmailAddress>
      <StartDate>06/28/2000</StartDate>
      <EndDate/>
      <RoleCode>Co-Principal Investigator</RoleCode>
    </Investigator>
    <Institution>
      <Name>University of California-Irvine</Name>
      <CityName>Irvine</CityName>
      <ZipCode>926173213</ZipCode>
      <PhoneNumber>9498247295</PhoneNumber>
      <StreetAddress>141 Innovation Drive, Ste 250</StreetAddress>
      <CountryName>United States</CountryName>
      <StateName>California</StateName>
      <StateCode>CA</StateCode>
    </Institution>
    <FoaInformation>
      <Code>0000099</Code>
      <Name>Other Applications NEC</Name>
    </FoaInformation>
    <ProgramElement>
      <Code>1281</Code>
      <Text>ANALYSIS PROGRAM</Text>
    </ProgramElement>
    <ProgramReference>
      <Code>0000</Code>
      <Text>UNASSIGNED</Text>
    </ProgramReference>
    <ProgramReference>
      <Code>OTHR</Code>
      <Text>OTHER RESEARCH OR EDUCATION</Text>
    </ProgramReference>
  </Award>
</rootTag>
