<?xml version="1.0" encoding="UTF-8"?>

<rootTag>
  <Award>
    <AwardTitle>Research Proposal on Arithmetic Geometry</AwardTitle>
    <AwardEffectiveDate>07/15/1998</AwardEffectiveDate>
    <AwardExpirationDate>06/30/2002</AwardExpirationDate>
    <AwardAmount>76303</AwardAmount>
    <AwardInstrument>
      <Value>Standard Grant</Value>
    </AwardInstrument>
    <Organization>
      <Code>03040200</Code>
      <Directorate>
        <LongName>Direct For Mathematical &amp; Physical Scien</LongName>
      </Directorate>
      <Division>
        <LongName>Division Of Mathematical Sciences</LongName>
      </Division>
    </Organization>
    <ProgramOfficer>
      <SignBlockName>Lynne Walling</SignBlockName>
    </ProgramOfficer>
    <AbstractNarration>Ching-Li Chai&lt;br/&gt;9800609&lt;br/&gt;&lt;br/&gt;&lt;br/&gt;Professor Chai will continue his study of the properties of linear subvarieties in the moduli space of principally polarized abelian varieties. He will also consider the fine structure of the reduction of the Shimura varieties of PEL-type,. This is a natural extension of his recent results on the density of ordinary Hecke orbits of Shimura varieties of PEL-type. In a new direction of investigation, Professor Chai will try to apply the technique of l-adic cohomology to particular exponential sums that have arisen in recent work in graph theory.&lt;br/&gt;&lt;br/&gt;This work in a modern area of Number Theory known as arithmetic algebraic geometry. Number Theory is the study of the counting numbers, 1, 2, 3, etc. and is the oldest branch of mathematics. Just as the complicated name suggests, arithmetic algebraic geometry is a synthesis of three different areas of mathematics. In the last fifty years, mathematicians have found that familiar objects from geometry, like the curves that appear as the graph of a polynomial equation, can be much better understood by viewing them as abstract algebraic constructions. This powerful idea revolutionized geometry. In time number theorists realized that many of their most difficult problems could be posed and then solved in terms of these abstract algebraic descriptions of geometric objects. As often happens in mathematics, this ever increasing level of abstraction has actually produced many very concrete and practical results.</AbstractNarration>
    <MinAmdLetterDate>07/06/1998</MinAmdLetterDate>
    <MaxAmdLetterDate>07/06/1998</MaxAmdLetterDate>
    <ARRAAmount/>
    <AwardID>9800609</AwardID>
    <Investigator>
      <FirstName>Ching-Li</FirstName>
      <LastName>Chai</LastName>
      <EmailAddress>chai@math.upenn.edu</EmailAddress>
      <StartDate>07/06/1998</StartDate>
      <EndDate/>
      <RoleCode>Principal Investigator</RoleCode>
    </Investigator>
    <Institution>
      <Name>University of Pennsylvania</Name>
      <CityName>Philadelphia</CityName>
      <ZipCode>191046205</ZipCode>
      <PhoneNumber>2158987293</PhoneNumber>
      <StreetAddress>Research Services</StreetAddress>
      <CountryName>United States</CountryName>
      <StateName>Pennsylvania</StateName>
      <StateCode>PA</StateCode>
    </Institution>
  </Award>
</rootTag>
