<?xml version="1.0" encoding="UTF-8"?>

<rootTag>
  <Award>
    <AwardTitle>1996 Presidential Awardee</AwardTitle>
    <AwardEffectiveDate>03/01/1998</AwardEffectiveDate>
    <AwardExpirationDate>02/28/2001</AwardExpirationDate>
    <AwardAmount>7500</AwardAmount>
    <AwardInstrument>
      <Value>Standard Grant</Value>
    </AwardInstrument>
    <Organization>
      <Code>11040300</Code>
      <Directorate>
        <LongName>Direct For Education and Human Resources</LongName>
      </Directorate>
      <Division>
        <LongName>Division Of Undergraduate Education</LongName>
      </Division>
    </Organization>
    <ProgramOfficer>
      <SignBlockName>Janice M. Earle</SignBlockName>
    </ProgramOfficer>
    <AbstractNarration/>
    <MinAmdLetterDate>03/06/1998</MinAmdLetterDate>
    <MaxAmdLetterDate>03/06/1998</MaxAmdLetterDate>
    <ARRAAmount/>
    <AwardID>9800578</AwardID>
    <Investigator>
      <FirstName>Mary</FirstName>
      <LastName>Abele-Austin</LastName>
      <EmailAddress/>
      <StartDate>03/06/1998</StartDate>
      <EndDate/>
      <RoleCode>Principal Investigator</RoleCode>
    </Investigator>
    <Institution>
      <Name>Thatcher Brook Primary School</Name>
      <CityName>Waterbury</CityName>
      <ZipCode>056761416</ZipCode>
      <PhoneNumber>8022447195</PhoneNumber>
      <StreetAddress>47 Stowe Street</StreetAddress>
      <CountryName>United States</CountryName>
      <StateName>Vermont</StateName>
      <StateCode>VT</StateCode>
    </Institution>
    <FoaInformation>
      <Code>0000099</Code>
      <Name>Other Applications NEC</Name>
    </FoaInformation>
  </Award>
</rootTag>
