<?xml version="1.0" encoding="UTF-8"?>

<rootTag>
  <Award>
    <AwardTitle>SBIR Phase II: Unique Biomaterial for Extended Culture, Expansion and Transduction of Hematopoietic Stem Cells in Vitro</AwardTitle>
    <AwardEffectiveDate>07/01/1998</AwardEffectiveDate>
    <AwardExpirationDate>06/30/2001</AwardExpirationDate>
    <AwardAmount>598534</AwardAmount>
    <AwardInstrument>
      <Value>Standard Grant</Value>
    </AwardInstrument>
    <Organization>
      <Code>07070000</Code>
      <Directorate>
        <LongName>Directorate For Engineering</LongName>
      </Directorate>
      <Division>
        <LongName>Div Of Industrial Innovation &amp; Partnersh</LongName>
      </Division>
    </Organization>
    <ProgramOfficer>
      <SignBlockName>Om P. Sahai</SignBlockName>
    </ProgramOfficer>
    <AbstractNarration>*** 9800926 Pykett This Small Business Innovation Research Phase II project will extend the development of Cellfoam hematopoietic stem cell (HSC) culture systems for long-term maintenance aimed at advancing bone marrow transplantation and HSC gene therapy procedures. Phase I research demonstrated the ability of Cellfoam to maintain and expand primitive, multipotent HSCs for extended periods in an environment in which no supplemented cytokines are required. Building on the proof of principle established in Phase I research, Phase II will develop advanced Cellfoam applications by addressing the following specific aims: Pre-clinical optimization of large scale Cellfoam-HSC culture systems; Evaluation of the in vivo engraftment capabilities of HSCs cultured in large scale Cellfoam systems using a SCID mouse animal model; Examination of transduction rates and in vivo engraftment capabilities of HSCs transduced in large scale Cellfoam systems. This work will demonstrate the ability of Cellfoam to promote, on a clinically relevant scale, the extended survival, expansion and transduction of multipotent HSCs in a cytokine-free system for enhanced bone marrow transplantation and gene therapy, goals which are currently not possible with existing technologies and which would markedly enhance the ability to treat individuals with various hematopoietic disorders. Commercial applications are aimed at clinical markets for bone marrow transplantation and gene therapy of hematopoietic disorders. The annual US market for bone marrow transplantation stands at $4.5 billion; markets for HSC gene therapy are just emerging. ***</AbstractNarration>
    <MinAmdLetterDate>06/29/1998</MinAmdLetterDate>
    <MaxAmdLetterDate>06/01/2000</MaxAmdLetterDate>
    <ARRAAmount/>
    <AwardID>9800926</AwardID>
    <Investigator>
      <FirstName>Mark</FirstName>
      <LastName>Pykett</LastName>
      <EmailAddress>mpykett@cytomatrix.com</EmailAddress>
      <StartDate>06/29/1998</StartDate>
      <EndDate/>
      <RoleCode>Principal Investigator</RoleCode>
    </Investigator>
    <Institution>
      <Name>CYTOMATRIX LLC</Name>
      <CityName>WOBURN</CityName>
      <ZipCode>018016346</ZipCode>
      <PhoneNumber>7819390995</PhoneNumber>
      <StreetAddress>212 W CUMMINGS PK</StreetAddress>
      <CountryName>United States</CountryName>
      <StateName>Massachusetts</StateName>
      <StateCode>MA</StateCode>
    </Institution>
  </Award>
</rootTag>
