<?xml version="1.0" encoding="UTF-8"?>

<rootTag>
  <Award>
    <AwardTitle>Studies in Numerical Cosmology</AwardTitle>
    <AwardEffectiveDate>07/01/1998</AwardEffectiveDate>
    <AwardExpirationDate>09/30/2001</AwardExpirationDate>
    <AwardAmount>121120</AwardAmount>
    <AwardInstrument>
      <Value>Standard Grant</Value>
    </AwardInstrument>
    <Organization>
      <Code>03010700</Code>
      <Directorate>
        <LongName>Direct For Mathematical &amp; Physical Scien</LongName>
      </Directorate>
      <Division>
        <LongName>Division Of Physics</LongName>
      </Division>
    </Organization>
    <ProgramOfficer>
      <SignBlockName>Richard Isaacson</SignBlockName>
    </ProgramOfficer>
    <AbstractNarration>***&lt;br/&gt;9800103&lt;br/&gt;Berger&lt;br/&gt;The spatially homogeneous, isotropic Standard Cosmological Model appears to describe our Universe reasonably well. However, Einstein's equations allow a much larger class of cosmological solutions. Theorems originally due to Penrose and Hawking predict that all such models (assuming reasonable matter properties) will have an initial singularity. The nature of this singularity in generic cosmologies remains a major open question in general relativity. Spatially homogeneous but possibly anisotropic cosmologies have two types of singularities: (1) velocity dominated--(reversing the time direction) the universe evolves to the singularity with fixed anisotropic collapse rates; (2) Mixmaster--the anisotropic collapse rates change in a deterministically chaotic way. Much less is known about spatially inhomogeneous universes.&lt;br/&gt;&lt;br/&gt;Belinskii, Khalatnikov, and Lifshitz (BKL) claimed long ago that a generic universe would evolve toward the singularity as a different Mixmaster universe at each spatial point. This long-term research program will test the BKL conjecture numerically.&lt;br/&gt;***</AbstractNarration>
    <MinAmdLetterDate>06/23/1998</MinAmdLetterDate>
    <MaxAmdLetterDate>02/26/1999</MaxAmdLetterDate>
    <ARRAAmount/>
    <AwardID>9800103</AwardID>
    <Investigator>
      <FirstName>Beverly</FirstName>
      <LastName>Berger</LastName>
      <EmailAddress>berger@oakland.edu</EmailAddress>
      <StartDate>06/23/1998</StartDate>
      <EndDate/>
      <RoleCode>Principal Investigator</RoleCode>
    </Investigator>
    <Institution>
      <Name>Oakland University</Name>
      <CityName>Rochester</CityName>
      <ZipCode>483094401</ZipCode>
      <PhoneNumber>2483704116</PhoneNumber>
      <StreetAddress>530 Wilson Hall</StreetAddress>
      <CountryName>United States</CountryName>
      <StateName>Michigan</StateName>
      <StateCode>MI</StateCode>
    </Institution>
    <FoaInformation>
      <Code>0000099</Code>
      <Name>Other Applications NEC</Name>
    </FoaInformation>
    <ProgramElement>
      <Code>1244</Code>
      <Text>GRAVITATIONAL THEORY</Text>
    </ProgramElement>
    <ProgramReference>
      <Code>9178</Code>
      <Text>UNDERGRADUATE EDUCATION</Text>
    </ProgramReference>
    <ProgramReference>
      <Code>9218</Code>
      <Text>BASIC RESEARCH &amp; HUMAN RESORCS</Text>
    </ProgramReference>
    <ProgramReference>
      <Code>HPCC</Code>
      <Text>HIGH PERFORMANCE COMPUTING &amp; COMM</Text>
    </ProgramReference>
  </Award>
</rootTag>
