<?xml version="1.0" encoding="UTF-8"?>

<rootTag>
  <Award>
    <AwardTitle>SGER: Resource Allocation in Spiders: Possible Gene X Environment Effects?</AwardTitle>
    <AwardEffectiveDate>03/01/1998</AwardEffectiveDate>
    <AwardExpirationDate>06/30/1999</AwardExpirationDate>
    <AwardAmount>4832</AwardAmount>
    <AwardInstrument>
      <Value>Standard Grant</Value>
    </AwardInstrument>
    <Organization>
      <Code>08090300</Code>
      <Directorate>
        <LongName>Direct For Biological Sciences</LongName>
      </Directorate>
      <Division>
        <LongName>Division Of Integrative Organismal Sys</LongName>
      </Division>
    </Organization>
    <ProgramOfficer>
      <SignBlockName>Zoe Eppley</SignBlockName>
    </ProgramOfficer>
    <AbstractNarration>Rankin 9800767 Previous research into how environment influences resource allocation to foraging rely on the ability of the researcher to correctly classify an organism's behavior. These studies also rely on the assumption that rough measures of resources provided by caloric output and time allocation are accurate measures of allocation of limiting nutrients. By utilizing a trap-synthesizing organism, the PI can unambiguously classify the investment into foraging. Furthermore, based upon recent advances in my understanding of the nutritional ecology of the web, the PI now knows that some components of the web are limiting essential nutrients requiring budgeting by the individual organism in response to its environment. It is tantilizing that preliminary results indicate that such a vital function as allocation of a limiting resource might vary among the offpring of different individual females from a single population. Only by a more extensive test, using the offspring of many more females, can the possibility of a family x treatment interaction be proven or disproven.</AbstractNarration>
    <MinAmdLetterDate>02/06/1998</MinAmdLetterDate>
    <MaxAmdLetterDate>05/24/1999</MaxAmdLetterDate>
    <ARRAAmount/>
    <AwardID>9800767</AwardID>
    <Investigator>
      <FirstName>Mary Ann</FirstName>
      <LastName>Rankin</LastName>
      <EmailAddress>rankin@mail.utexas.edu</EmailAddress>
      <StartDate>02/06/1998</StartDate>
      <EndDate/>
      <RoleCode>Co-Principal Investigator</RoleCode>
    </Investigator>
    <Investigator>
      <FirstName>Linden</FirstName>
      <LastName>Higgins</LastName>
      <EmailAddress>Linden.Higgins@uvm.edu</EmailAddress>
      <StartDate>02/06/1998</StartDate>
      <EndDate/>
      <RoleCode>Principal Investigator</RoleCode>
    </Investigator>
    <Institution>
      <Name>University of Texas at Austin</Name>
      <CityName>Austin</CityName>
      <ZipCode>787121532</ZipCode>
      <PhoneNumber>5124716424</PhoneNumber>
      <StreetAddress>101 E. 27th Street, Suite 5.300</StreetAddress>
      <CountryName>United States</CountryName>
      <StateName>Texas</StateName>
      <StateCode>TX</StateCode>
    </Institution>
    <ProgramElement>
      <Code>1148</Code>
      <Text>ECOLOGICAL &amp; EVOLUTIONARY PHYS</Text>
    </ProgramElement>
    <ProgramReference>
      <Code>0000</Code>
      <Text>UNASSIGNED</Text>
    </ProgramReference>
    <ProgramReference>
      <Code>9237</Code>
      <Text>SMALL GRANTS-EXPLORATORY RSRCH</Text>
    </ProgramReference>
    <ProgramReference>
      <Code>OTHR</Code>
      <Text>OTHER RESEARCH OR EDUCATION</Text>
    </ProgramReference>
  </Award>
</rootTag>
