<?xml version="1.0" encoding="UTF-8"?>

<rootTag>
  <Award>
    <AwardTitle>Partial Funding for the Fifth International Conference on Integral Methods in Science and Engineering (IMSE98)</AwardTitle>
    <AwardEffectiveDate>10/01/1998</AwardEffectiveDate>
    <AwardExpirationDate>12/31/2000</AwardExpirationDate>
    <AwardAmount>10240</AwardAmount>
    <AwardInstrument>
      <Value>Standard Grant</Value>
    </AwardInstrument>
    <Organization>
      <Code>03040300</Code>
      <Directorate>
        <LongName>Direct For Mathematical &amp; Physical Scien</LongName>
      </Directorate>
      <Division>
        <LongName>Division Of Mathematical Sciences</LongName>
      </Division>
    </Organization>
    <ProgramOfficer>
      <SignBlockName>Jong-Shi Pang</SignBlockName>
    </ProgramOfficer>
    <AbstractNarration>9800673&lt;br/&gt;Bertram&lt;br/&gt;&lt;br/&gt;This project supports graduate student and junior researcher participation in the Fifth International Conference on Integral Methods in Science and Engineering (IMSE98) which will be held August 10-13, 1998 at Michigan Technological University, Houghton, Michigan. &lt;br/&gt;&lt;br/&gt;The invited speakers:&lt;br/&gt;&lt;br/&gt;Gregory Beylkin (University of Colorado, Boulder, Colorado), Archie G. Gibson (University of New Mexico, Albuquerque, New Mexico), Glenn R. Ierley (Scripps Institute, San Diego, California), Sangtae Kim (University of Wisconsin, Madison, Wisconsin), M. Zuhair Nashed (University of Delaware, Newark, Delaware), Jean Claude Nedelec (Centre de Mathematiques Appliquees, Palaiseau, France), Brian Sleeman (University of Leeds, Leeds, United Kingdom),&lt;br/&gt;&lt;br/&gt;Will discuss numerous rapidly evolving areas of Integral Methodology. Since such techniques embrace a wide variety of scientific disciplines, conference participants will have many opportunities to broaden established research programs, as well as obtain an introduction to a wide range of fields employing integral methodologies. Since this is truly an interdisciplinary meeting, there will be many opportunities for technology transfer of state of the art integral methods to and between the different applied sciences and engineering. In addition, this conference will provide the opportunity for young scientists to meet, listen to, converse with, and learn from more seasoned researchers.</AbstractNarration>
    <MinAmdLetterDate>09/25/1998</MinAmdLetterDate>
    <MaxAmdLetterDate>07/14/2000</MaxAmdLetterDate>
    <ARRAAmount/>
    <AwardID>9800673</AwardID>
    <Investigator>
      <FirstName>David</FirstName>
      <LastName>Sikarskie</LastName>
      <EmailAddress>sikarsk@mtu.edu</EmailAddress>
      <StartDate>09/25/1998</StartDate>
      <EndDate/>
      <RoleCode>Co-Principal Investigator</RoleCode>
    </Investigator>
    <Investigator>
      <FirstName>Amitabh</FirstName>
      <LastName>Narain</LastName>
      <EmailAddress>narain@mtu.edu</EmailAddress>
      <StartDate>09/25/1998</StartDate>
      <EndDate/>
      <RoleCode>Co-Principal Investigator</RoleCode>
    </Investigator>
    <Investigator>
      <FirstName>Madhukar</FirstName>
      <LastName>Vable</LastName>
      <EmailAddress>mavable@mtu.edu</EmailAddress>
      <StartDate>09/25/1998</StartDate>
      <EndDate/>
      <RoleCode>Co-Principal Investigator</RoleCode>
    </Investigator>
    <Investigator>
      <FirstName>Barbara</FirstName>
      <LastName>Bertram</LastName>
      <EmailAddress>bertram@mtu.edu</EmailAddress>
      <StartDate>09/25/1998</StartDate>
      <EndDate/>
      <RoleCode>Principal Investigator</RoleCode>
    </Investigator>
    <Investigator>
      <FirstName>Allan</FirstName>
      <LastName>Struthers</LastName>
      <EmailAddress>struther@mtu.edu</EmailAddress>
      <StartDate>09/25/1998</StartDate>
      <EndDate/>
      <RoleCode>Co-Principal Investigator</RoleCode>
    </Investigator>
    <Institution>
      <Name>Michigan Technological University</Name>
      <CityName>Houghton</CityName>
      <ZipCode>499311295</ZipCode>
      <PhoneNumber>9064871885</PhoneNumber>
      <StreetAddress>1400 Townsend Drive</StreetAddress>
      <CountryName>United States</CountryName>
      <StateName>Michigan</StateName>
      <StateCode>MI</StateCode>
    </Institution>
    <FoaInformation>
      <Code>0000099</Code>
      <Name>Other Applications NEC</Name>
    </FoaInformation>
  </Award>
</rootTag>
