<?xml version="1.0" encoding="UTF-8"?>

<rootTag>
  <Award>
    <AwardTitle>Mechanosensitivity of Tactile Receptors</AwardTitle>
    <AwardEffectiveDate>09/15/1998</AwardEffectiveDate>
    <AwardExpirationDate>08/31/2002</AwardExpirationDate>
    <AwardAmount>208572</AwardAmount>
    <AwardInstrument>
      <Value>Continuing grant</Value>
    </AwardInstrument>
    <Organization>
      <Code>08090200</Code>
      <Directorate>
        <LongName>Direct For Biological Sciences</LongName>
      </Directorate>
      <Division>
        <LongName>Division Of Integrative Organismal Sys</LongName>
      </Division>
    </Organization>
    <ProgramOfficer>
      <SignBlockName>Cole Gilbert</SignBlockName>
    </ProgramOfficer>
    <AbstractNarration>The sensory system of touch is highly sensitive to skin deformations during applied constant pressure or vibrational stimuli. It is not yet clear just how the activity of nerve cells encode these micromechanical forces. This project utilizes a bioengineering approach with a novel preparation of an isolated patch of skin, to precisely control the stiffness of the material used for underlying support, the skin temperature, and variables such as skin indentation, load, and frequency of a vibrotactile point stimulus, while physiologically recording activity from single nerve fibers. The tensile measurements are important because skin in soft areas may respond quite differently from skin over stiff areas, and result in quite different sensory perceptions to exactly the same external stimulus. These experiments directly test the relative role of the physical components of compressive and tensile stresses and strains, and how these may be encoded in the neuronal activity. Results will be important not only to the physiology of tactile responses, but to understanding the perception of tactile stimuli, and so will have impact on studies of neuronal coding in general, on bioengineering studies of micromechanics of complex biological tissues, and may have potential application in areas such as tactile reading aids.</AbstractNarration>
    <MinAmdLetterDate>09/09/1998</MinAmdLetterDate>
    <MaxAmdLetterDate>08/04/2000</MaxAmdLetterDate>
    <ARRAAmount/>
    <AwardID>9800116</AwardID>
    <Investigator>
      <FirstName>Fred</FirstName>
      <LastName>Looft</LastName>
      <EmailAddress>fjlooft@ee.wpi.edu</EmailAddress>
      <StartDate>09/09/1998</StartDate>
      <EndDate/>
      <RoleCode>Principal Investigator</RoleCode>
    </Investigator>
    <Institution>
      <Name>Worcester Polytechnic Institute</Name>
      <CityName>WORCESTER</CityName>
      <ZipCode>016092247</ZipCode>
      <PhoneNumber>5088315000</PhoneNumber>
      <StreetAddress>100 INSTITUTE RD</StreetAddress>
      <CountryName>United States</CountryName>
      <StateName>Massachusetts</StateName>
      <StateCode>MA</StateCode>
    </Institution>
    <FoaInformation>
      <Code>0000099</Code>
      <Name>Other Applications NEC</Name>
    </FoaInformation>
  </Award>
</rootTag>
