<?xml version="1.0" encoding="UTF-8"?>

<rootTag>
  <Award>
    <AwardTitle>Semiclassical Mechanics, Chaos, and Phase Space Localization</AwardTitle>
    <AwardEffectiveDate>07/01/1998</AwardEffectiveDate>
    <AwardExpirationDate>06/30/2001</AwardExpirationDate>
    <AwardAmount>208559</AwardAmount>
    <AwardInstrument>
      <Value>Continuing grant</Value>
    </AwardInstrument>
    <Organization>
      <Code>03010500</Code>
      <Directorate>
        <LongName>Direct For Mathematical &amp; Physical Scien</LongName>
      </Directorate>
      <Division>
        <LongName>Division Of Physics</LongName>
      </Division>
    </Organization>
    <ProgramOfficer>
      <SignBlockName>Sidney A. Coon</SignBlockName>
    </ProgramOfficer>
    <AbstractNarration>In this project, the author will investigate the correspondence between the quantum and classical mechanics of chaotic dynamical systems. He will apply semiclassical approximations and statistical analyses, such as random matrix theories, in order to relate various quantum wave phenomena with the properties of the classical trajectories. He will consider a number of systems and how they respond to being perturbed as a way of extracting new information about the system itself. In addition, he will address fundamental issues concerning how to extend the approximations and analyses to relativistic systems which are governed by the Dirac, Klein-Gordon, and/or Pauli equations. The proposed activity is highly multidisciplinary and lies in an emerging scientific enterprise of nonlinear dynamics. The training of students in the combined fields of wave mechanics and nonlinear dynamics prepares them for a wide variety of future endeavors.</AbstractNarration>
    <MinAmdLetterDate>06/19/1998</MinAmdLetterDate>
    <MaxAmdLetterDate>06/29/2000</MaxAmdLetterDate>
    <ARRAAmount/>
    <AwardID>9800106</AwardID>
    <Investigator>
      <FirstName>Steven</FirstName>
      <LastName>Tomsovic</LastName>
      <EmailAddress>tomsovic@wsu.edu</EmailAddress>
      <StartDate>06/19/1998</StartDate>
      <EndDate/>
      <RoleCode>Principal Investigator</RoleCode>
    </Investigator>
    <Institution>
      <Name>Washington State University</Name>
      <CityName>PULLMAN</CityName>
      <ZipCode>991641060</ZipCode>
      <PhoneNumber>5093359661</PhoneNumber>
      <StreetAddress>280 Lighty</StreetAddress>
      <CountryName>United States</CountryName>
      <StateName>Washington</StateName>
      <StateCode>WA</StateCode>
    </Institution>
    <FoaInformation>
      <Code>0000099</Code>
      <Name>Other Applications NEC</Name>
    </FoaInformation>
    <ProgramElement>
      <Code>1287</Code>
      <Text>MATHEMATICAL PHYSICS</Text>
    </ProgramElement>
    <ProgramReference>
      <Code>0000</Code>
      <Text>UNASSIGNED</Text>
    </ProgramReference>
    <ProgramReference>
      <Code>OTHR</Code>
      <Text>OTHER RESEARCH OR EDUCATION</Text>
    </ProgramReference>
  </Award>
</rootTag>
