<?xml version="1.0" encoding="UTF-8"?>

<rootTag>
  <Award>
    <AwardTitle>Constructing Diagnostic Explanations Using Schema-Structured Bayesian Networks</AwardTitle>
    <AwardEffectiveDate>10/01/1998</AwardEffectiveDate>
    <AwardExpirationDate>09/30/2002</AwardExpirationDate>
    <AwardAmount>288560</AwardAmount>
    <AwardInstrument>
      <Value>Continuing grant</Value>
    </AwardInstrument>
    <Organization>
      <Code>05020000</Code>
      <Directorate>
        <LongName>Direct For Computer &amp; Info Scie &amp; Enginr</LongName>
      </Directorate>
      <Division>
        <LongName>Div Of Information &amp; Intelligent Systems</LongName>
      </Division>
    </Organization>
    <ProgramOfficer>
      <SignBlockName>William Bainbridge</SignBlockName>
    </ProgramOfficer>
    <AbstractNarration>The goal of this research is to develop a representation and algorithms that characterize diagnostic reasoning. Human experts in a problem domain frequently interpret data in that domain in the context of a particular causal hypothesis. This type reasoning contrasts with deductive inference where from a set of general rules and facts further information is deduced by sound inference rules. Diagnostic reasoning, often called abductive inference, however, moves from a set of facts to the "best explanation" for the existence of these facts. This process often requires the expert to make a hypothetical conjecture that would explain the facts and then search for specific new information that can confirm that conjecture. Thus the human expert searches through a space of possible explanations for the observed information. This research uses Bayesian Belief Networks to build causal models of a domain. This approach represents in a precise way the interrelationship of causal patterns and their use in moving towards an explanation. The research supports handling of conflicting and ambiguous evidence, as well as a clear method for rating plausible inferences and the possibility of learning relative strengths of conditional probabilities from available statistical data. Although the research domain is built on data from investigation of failures of discrete component semiconductors as well as the analysis of failure mechanisms in complex real time control, diagnostic reasoning is a general research area. Results could be important in modeling medical decision-making, integrated circuit fault analysis, as well as used in real time process monitoring and control. http://www.cs.unm.edu/CS_Dept/faculty/homepage/luge r/</AbstractNarration>
    <MinAmdLetterDate>09/25/1998</MinAmdLetterDate>
    <MaxAmdLetterDate>12/04/2000</MaxAmdLetterDate>
    <ARRAAmount/>
    <AwardID>9800929</AwardID>
    <Investigator>
      <FirstName>George</FirstName>
      <LastName>Luger</LastName>
      <EmailAddress>luger@cs.unm.edu</EmailAddress>
      <StartDate>09/25/1998</StartDate>
      <EndDate/>
      <RoleCode>Principal Investigator</RoleCode>
    </Investigator>
    <Institution>
      <Name>University of New Mexico</Name>
      <CityName>Albuquerque</CityName>
      <ZipCode>871310001</ZipCode>
      <PhoneNumber>5052774186</PhoneNumber>
      <StreetAddress>1700 Lomas Blvd. NE, Suite 2200</StreetAddress>
      <CountryName>United States</CountryName>
      <StateName>New Mexico</StateName>
      <StateCode>NM</StateCode>
    </Institution>
    <FoaInformation>
      <Code>0104000</Code>
      <Name>Information Systems</Name>
    </FoaInformation>
    <ProgramElement>
      <Code>6856</Code>
      <Text>ARTIFICIAL INTELL &amp; COGNIT SCI</Text>
    </ProgramElement>
    <ProgramReference>
      <Code>9216</Code>
      <Text>ADVANCED SOFTWARE TECH &amp; ALGOR</Text>
    </ProgramReference>
    <ProgramReference>
      <Code>HPCC</Code>
      <Text>HIGH PERFORMANCE COMPUTING &amp; COMM</Text>
    </ProgramReference>
  </Award>
</rootTag>
