<?xml version="1.0" encoding="UTF-8"?>

<rootTag>
  <Award>
    <AwardTitle>A New Experimental Approach Toward a Unified Theory of Time-Dependent Consolidation</AwardTitle>
    <AwardEffectiveDate>06/01/1998</AwardEffectiveDate>
    <AwardExpirationDate>05/31/2001</AwardExpirationDate>
    <AwardAmount>85929</AwardAmount>
    <AwardInstrument>
      <Value>Continuing grant</Value>
    </AwardInstrument>
    <Organization>
      <Code>07030000</Code>
      <Directorate>
        <LongName>Directorate For Engineering</LongName>
      </Directorate>
      <Division>
        <LongName>Div Of Civil, Mechanical, &amp; Manufact Inn</LongName>
      </Division>
    </Organization>
    <ProgramOfficer>
      <SignBlockName>Clifford J. Astill</SignBlockName>
    </ProgramOfficer>
    <AbstractNarration>9800318 Sheahan "A New Experimental Approach Toward a Unified Theory of Time- Dependent Consolidation" This research involves an innovative experimental approach to help resolve a fundamental issue in geotechnical engineering: the role of time-dependent creep deformations during consolidation. The original consolidation theory for fine-grained soils cannot predict the influence of creep deformations that occur under constant effective stress levels. This has led to significant practical problems, including difficulty in predicting field consolidation settlements based on laboratory tests. It has also led to research and debate on the nature of creep during consolidation. One hypothesis predicts no influence of creep deformations until after all loading-induced pore water pressures are dissipated; the other hypothesis includes creep throughout the consolidation process. There are substantial data and prominent researchers supporting each of the two theories, but little agreement between them. This research will investigate the validity of a consolidation model that can potentially unify the two hypotheses and explain both sets of apparently conflicting data. This research is not aimed at proving one of the hypotheses, but toward measuring the contribution of each consolidation component (due to pore pressure dissipation and due to creep) to the overall behavior. The research will be executed through a partnership between Northeastern University and the University of Massachusetts- Amherst. The UMASS- Amherst partner will obtain high quality block samples of four natural soils, each with its own particular structure, and will perform short- and long- term conventional, incrementally loaded tests to evaluate creep behavior and conventional consolidation parameters. At Northeastern, a computer-automated, specially inst rumented consolidation cell was developed under a prior NSF award. This device will be used to perform controlled gradient tests with feedback provided by mid-specimen pore pressure probes. ***</AbstractNarration>
    <MinAmdLetterDate>05/01/1998</MinAmdLetterDate>
    <MaxAmdLetterDate>08/07/2000</MaxAmdLetterDate>
    <ARRAAmount/>
    <AwardID>9800318</AwardID>
    <Investigator>
      <FirstName>Thomas</FirstName>
      <LastName>Sheahan</LastName>
      <EmailAddress>tsheahan@coe.neu.edu</EmailAddress>
      <StartDate>05/01/1998</StartDate>
      <EndDate/>
      <RoleCode>Principal Investigator</RoleCode>
    </Investigator>
    <Institution>
      <Name>Northeastern University</Name>
      <CityName>BOSTON</CityName>
      <ZipCode>021155005</ZipCode>
      <PhoneNumber>6173732508</PhoneNumber>
      <StreetAddress>360 HUNTINGTON AVE</StreetAddress>
      <CountryName>United States</CountryName>
      <StateName>Massachusetts</StateName>
      <StateCode>MA</StateCode>
    </Institution>
  </Award>
</rootTag>
