<?xml version="1.0" encoding="UTF-8"?>

<rootTag>
  <Award>
    <AwardTitle>PPD/R&amp;D: Design of Physical Models in Biology and Chemistry for Blind University Students</AwardTitle>
    <AwardEffectiveDate>06/01/1998</AwardEffectiveDate>
    <AwardExpirationDate>05/31/2003</AwardExpirationDate>
    <AwardAmount>388698</AwardAmount>
    <AwardInstrument>
      <Value>Continuing grant</Value>
    </AwardInstrument>
    <Organization>
      <Code>11060400</Code>
      <Directorate>
        <LongName>Direct For Education and Human Resources</LongName>
      </Directorate>
      <Division>
        <LongName>Division Of Human Resource Development</LongName>
      </Division>
    </Organization>
    <ProgramOfficer>
      <SignBlockName>Arthur Karshmer</SignBlockName>
    </ProgramOfficer>
    <AbstractNarration>The primary objective of this project is to design and fabricate three-dimensional models that illustrate key structures and relations in biology and chemistry for use by visually-impaired students and scientists. The principal subject areas of focus are cellular physiological properties and biochemical/molecular processes of the cell. Ten stand-alone physical models representing key processes will be created and evaluated during the course of the project. An eleventh model that combines the periodic table of the elements and the chart of the nuclides into a three-dimensional tactile array will introduce students to fundamental principles in chemistry and physics and thus give a context for understanding more complex biological processes. The models created will be used as central study aids for visually-impaired students in beginning and intermediate level courses in general biology, cell biology, biochemistry, molecular biology, genetics, biophysics, and chemistry. Model design and fabrication will be carried out by a team of individuals from the scientific disciplines and specialists from the Department of Design and Industry. Audio tape descriptions and a research guide for each model will be developed to introduce the student both to the model and to its broader scientific implications. In addition, a speech recognition program that runs on a PC will be used to access and retrieve spoken information about individual model components. Prototype models will be fabricated, and a strategy will be developed to reproduce them inexpensively to enable blind students and scientists to acquire these models without significant financial hardship.</AbstractNarration>
    <MinAmdLetterDate>06/16/1998</MinAmdLetterDate>
    <MaxAmdLetterDate>05/28/2002</MaxAmdLetterDate>
    <ARRAAmount/>
    <AwardID>9800281</AwardID>
    <Investigator>
      <FirstName>Dennis</FirstName>
      <LastName>Fantin</LastName>
      <EmailAddress>dfantin@nature.berkeley.edu</EmailAddress>
      <StartDate>06/16/1998</StartDate>
      <EndDate/>
      <RoleCode>Principal Investigator</RoleCode>
    </Investigator>
    <Investigator>
      <FirstName>Paul</FirstName>
      <LastName>Fonteyn</LastName>
      <EmailAddress>paul.fonteyn@umb.edu</EmailAddress>
      <StartDate>06/16/1998</StartDate>
      <EndDate/>
      <RoleCode>Co-Principal Investigator</RoleCode>
    </Investigator>
    <Institution>
      <Name>San Francisco State University</Name>
      <CityName>San Francisco</CityName>
      <ZipCode>941321722</ZipCode>
      <PhoneNumber>4153387090</PhoneNumber>
      <StreetAddress>1600 Holloway Ave</StreetAddress>
      <CountryName>United States</CountryName>
      <StateName>California</StateName>
      <StateCode>CA</StateCode>
    </Institution>
    <FoaInformation>
      <Code>0000099</Code>
      <Name>Other Applications NEC</Name>
    </FoaInformation>
    <ProgramElement>
      <Code>1545</Code>
      <Text>RES IN DISABILITIES ED</Text>
    </ProgramElement>
    <ProgramReference>
      <Code>9177</Code>
      <Text>ELEMENTARY/SECONDARY EDUCATION</Text>
    </ProgramReference>
    <ProgramReference>
      <Code>SMET</Code>
      <Text>SCIENCE, MATH, ENG &amp; TECH EDUCATION</Text>
    </ProgramReference>
  </Award>
</rootTag>
