<?xml version="1.0" encoding="UTF-8"?>

<rootTag>
  <Award>
    <AwardTitle>Computer-Aided Manufacturing of Laminated Engineering Materials: Machine Design and Process Control</AwardTitle>
    <AwardEffectiveDate>06/15/1998</AwardEffectiveDate>
    <AwardExpirationDate>05/31/2001</AwardExpirationDate>
    <AwardAmount>185000</AwardAmount>
    <AwardInstrument>
      <Value>Standard Grant</Value>
    </AwardInstrument>
    <Organization>
      <Code>07030000</Code>
      <Directorate>
        <LongName>Directorate For Engineering</LongName>
      </Directorate>
      <Division>
        <LongName>Div Of Civil, Mechanical, &amp; Manufact Inn</LongName>
      </Division>
    </Organization>
    <ProgramOfficer>
      <SignBlockName>KAMLAKAR P RAJURKAR</SignBlockName>
    </ProgramOfficer>
    <AbstractNarration>DMI-9800187 Newman CAM-LEM (Computer-Aided Manufacturing of Laminated Engineering Materials) is a new manufacturing process constituting a next-generation advance in the field of Rapid Prototyping. The CAM-LEM process steps are: analyze a CAD model in terms of contours of slice planes and in terms of surface tangents; feed and laser-cut sheet tape-cast materials per the computed edge tangents; robotically extract the desired slice regions and stack them to assemble 3-D parts, interleaved with complementary shapes of fugitive material for temporary supports; and post-process to achieve lamination, binder burn-out, fugitive burn-out and sintering to full density. The objective of this investigation is to determine whether CAM-LEM can achieve the performance necessary to become a viable manufacturing process. The investigation will identify and analyze the fundamental limits to CAM-LEM technology in terms of ultimate build speed, parts accuracy, maximum and minimum dimensions and aspect ratios achievable, and materials extensibility. Design studies and simulations will lead to the construction of a fast, accurate and reliable machine for the realization of automated CAM-LEM. If successful, this research will yield the enabling technology for the creation of a new, faster and more flexible manufacturing machine and process for direct fabrication of functional parts based on electronic descriptions.</AbstractNarration>
    <MinAmdLetterDate>06/09/1998</MinAmdLetterDate>
    <MaxAmdLetterDate>06/09/1998</MaxAmdLetterDate>
    <ARRAAmount/>
    <AwardID>9800187</AwardID>
    <Investigator>
      <FirstName>Wyatt</FirstName>
      <LastName>Newman</LastName>
      <EmailAddress>wsn@case.edu</EmailAddress>
      <StartDate>06/09/1998</StartDate>
      <EndDate/>
      <RoleCode>Principal Investigator</RoleCode>
    </Investigator>
    <Investigator>
      <FirstName>James</FirstName>
      <LastName>McGuffin-Cawley</LastName>
      <EmailAddress>cawley@case.edu</EmailAddress>
      <StartDate>06/09/1998</StartDate>
      <EndDate/>
      <RoleCode>Co-Principal Investigator</RoleCode>
    </Investigator>
    <Institution>
      <Name>Case Western Reserve University</Name>
      <CityName>CLEVELAND</CityName>
      <ZipCode>441064901</ZipCode>
      <PhoneNumber>2163684510</PhoneNumber>
      <StreetAddress>Nord Hall, Suite 615</StreetAddress>
      <CountryName>United States</CountryName>
      <StateName>Ohio</StateName>
      <StateCode>OH</StateCode>
    </Institution>
    <FoaInformation>
      <Code>0308000</Code>
      <Name>Industrial Technology</Name>
    </FoaInformation>
    <ProgramElement>
      <Code>1468</Code>
      <Text>Manufacturing Machines &amp; Equip</Text>
    </ProgramElement>
    <ProgramReference>
      <Code>9146</Code>
      <Text>MANUFACTURING BASE RESEARCH</Text>
    </ProgramReference>
    <ProgramReference>
      <Code>MANU</Code>
      <Text>MANUFACTURING</Text>
    </ProgramReference>
  </Award>
</rootTag>
