<?xml version="1.0" encoding="UTF-8"?>

<rootTag>
  <Award>
    <AwardTitle>GOALI/IUCP: Evaluation of Dynamic Performance of Hexapod Machine Tools</AwardTitle>
    <AwardEffectiveDate>08/01/1998</AwardEffectiveDate>
    <AwardExpirationDate>07/31/2003</AwardExpirationDate>
    <AwardAmount>317808</AwardAmount>
    <AwardInstrument>
      <Value>Standard Grant</Value>
    </AwardInstrument>
    <Organization>
      <Code>07030000</Code>
      <Directorate>
        <LongName>Directorate For Engineering</LongName>
      </Directorate>
      <Division>
        <LongName>Div Of Civil, Mechanical, &amp; Manufact Inn</LongName>
      </Division>
    </Organization>
    <ProgramOfficer>
      <SignBlockName>George A. Hazelrigg</SignBlockName>
    </ProgramOfficer>
    <AbstractNarration>DMI-9800806 Wiens The objectives of this GOALI project are to identify and characterize the dynamic performance of hexapod machine tools by establishing a method for modeling and system parameter identification. The method incorporates a coordinated three-pronged approach of experiments, analysis, and reconciliation/validation. Finite element modeling will be used to guide the experimentation and validate the structural dynamic model. Both finite element modeling and rigid body/lumped parameter modeling facilitate the identification of critical system parameters, platform configurations, slewing trajectories, sensor locations, and type of excitation. Component mode synthesis techniques will be used to combine the structural dynamics and rigid body/lumped parameter models into an overall model of the hexapod machine tool dynamics. Augmentation and reconciliation of the hexapod machine tool models will be performed using parameter estimation techniques. The research work plan involves theoretical modeling and simulation, and a series of experiments conducted at Sandia National Laboratories followed by full implementation of the method on both of hexapod machine tools at Sandia. Input from the project's industrial advisory committee will facilitate testing, standardization, and benchmarking. The research will provide a systematic method for generating a validated dynamic model of hexapod machine tools. This forms a basis for possible widespread adoption of hexapod machine tools as a new machining paradigm in industry.</AbstractNarration>
    <MinAmdLetterDate>04/21/1998</MinAmdLetterDate>
    <MaxAmdLetterDate>03/01/2004</MaxAmdLetterDate>
    <ARRAAmount/>
    <AwardID>9800806</AwardID>
    <Investigator>
      <FirstName>Gloria</FirstName>
      <LastName>Wiens</LastName>
      <EmailAddress>gwiens@ufl.edu</EmailAddress>
      <StartDate>04/21/1998</StartDate>
      <EndDate/>
      <RoleCode>Principal Investigator</RoleCode>
    </Investigator>
    <Investigator>
      <FirstName>Lothar</FirstName>
      <LastName>Bieg</LastName>
      <EmailAddress>lfbieg@sandia.gov</EmailAddress>
      <StartDate>04/21/1998</StartDate>
      <EndDate/>
      <RoleCode>Co-Principal Investigator</RoleCode>
    </Investigator>
    <Investigator>
      <FirstName>Donald</FirstName>
      <LastName>Plymale</LastName>
      <EmailAddress>dlplyma@sandia.gov</EmailAddress>
      <StartDate>04/21/1998</StartDate>
      <EndDate/>
      <RoleCode>Co-Principal Investigator</RoleCode>
    </Investigator>
    <Institution>
      <Name>University of Florida</Name>
      <CityName>GAINESVILLE</CityName>
      <ZipCode>326112002</ZipCode>
      <PhoneNumber>3523923516</PhoneNumber>
      <StreetAddress>1 UNIVERSITY OF FLORIDA</StreetAddress>
      <CountryName>United States</CountryName>
      <StateName>Florida</StateName>
      <StateCode>FL</StateCode>
    </Institution>
    <FoaInformation>
      <Code>0308000</Code>
      <Name>Industrial Technology</Name>
    </FoaInformation>
    <ProgramElement>
      <Code>1468</Code>
      <Text>Manufacturing Machines &amp; Equip</Text>
    </ProgramElement>
    <ProgramElement>
      <Code>1504</Code>
      <Text>GRANT OPP FOR ACAD LIA W/INDUS</Text>
    </ProgramElement>
    <ProgramReference>
      <Code>1049</Code>
      <Text>INDUSTRY-UNIV COOPERATIVE RSCH PROJECTS</Text>
    </ProgramReference>
    <ProgramReference>
      <Code>1504</Code>
      <Text>GRANT OPP FOR ACAD LIA W/INDUS</Text>
    </ProgramReference>
    <ProgramReference>
      <Code>9102</Code>
      <Text>WOMEN, MINORITY, DISABLED, NEC</Text>
    </ProgramReference>
    <ProgramReference>
      <Code>9146</Code>
      <Text>MANUFACTURING BASE RESEARCH</Text>
    </ProgramReference>
    <ProgramReference>
      <Code>9178</Code>
      <Text>UNDERGRADUATE EDUCATION</Text>
    </ProgramReference>
    <ProgramReference>
      <Code>9251</Code>
      <Text>RES EXPER FOR UNDERGRAD-SUPPLT</Text>
    </ProgramReference>
    <ProgramReference>
      <Code>MANU</Code>
      <Text>MANUFACTURING</Text>
    </ProgramReference>
  </Award>
</rootTag>
