<?xml version="1.0" encoding="UTF-8"?>

<rootTag>
  <Award>
    <AwardTitle>Optoelectronic Node for Novel WDM/TDM Optical Interconnection Network</AwardTitle>
    <AwardEffectiveDate>06/01/1998</AwardEffectiveDate>
    <AwardExpirationDate>05/31/2002</AwardExpirationDate>
    <AwardAmount>244500</AwardAmount>
    <AwardInstrument>
      <Value>Standard Grant</Value>
    </AwardInstrument>
    <Organization>
      <Code>07010000</Code>
      <Directorate>
        <LongName>Directorate For Engineering</LongName>
      </Directorate>
      <Division>
        <LongName>Div Of Electrical, Commun &amp; Cyber Sys</LongName>
      </Division>
    </Organization>
    <ProgramOfficer>
      <SignBlockName>Filbert J. Bartoli</SignBlockName>
    </ProgramOfficer>
    <AbstractNarration>Proposal Number: ECS-9800401 Principal Investigator: Keren Bergman Title: Optoelectronic node for novel WDM/TDM optical interconnection network Abstract This proposal was an attempt to effectively utilize the immense bandwidth of optical fiber interconnects and minimize the high cost of E/O and O/E conversion by design a network for optical implementation that employs multiple node levels with a routing topology that has minimum logic at the node. The network based on the Data Vortex architecture has the property that all self-routing decisions of the data packets are based on a single logic operation (AND) at each node. The PI claims that it can scale to interconnect an ultra-high performance computing system in a massively parallel form while maintaining low access latencies. The proposed work is to construct such network node in a testbed environment using high speed WDM/TDM payload and lower speed header. The data remain all optical throughout the network, only being converted to electronic format via fast PIN diodes at the receiver end.</AbstractNarration>
    <MinAmdLetterDate>05/19/1998</MinAmdLetterDate>
    <MaxAmdLetterDate>05/19/1998</MaxAmdLetterDate>
    <ARRAAmount/>
    <AwardID>9800401</AwardID>
    <Investigator>
      <FirstName>Keren</FirstName>
      <LastName>Bergman</LastName>
      <EmailAddress>bergman@ee.columbia.edu</EmailAddress>
      <StartDate>05/19/1998</StartDate>
      <EndDate/>
      <RoleCode>Principal Investigator</RoleCode>
    </Investigator>
    <Institution>
      <Name>Princeton University</Name>
      <CityName>Princeton</CityName>
      <ZipCode>085442020</ZipCode>
      <PhoneNumber>6092583090</PhoneNumber>
      <StreetAddress>Off. of Research &amp; Proj. Admin.</StreetAddress>
      <CountryName>United States</CountryName>
      <StateName>New Jersey</StateName>
      <StateCode>NJ</StateCode>
    </Institution>
    <FoaInformation>
      <Code>0206000</Code>
      <Name>Telecommunications</Name>
    </FoaInformation>
  </Award>
</rootTag>
