<?xml version="1.0" encoding="UTF-8"?>

<rootTag>
  <Award>
    <AwardTitle>Dissertation Research: Phylogeny of 'Tenrecoid' Insectivorans (Lipotyphla: Mammalia)</AwardTitle>
    <AwardEffectiveDate>06/01/1998</AwardEffectiveDate>
    <AwardExpirationDate>05/31/2000</AwardExpirationDate>
    <AwardAmount>7804</AwardAmount>
    <AwardInstrument>
      <Value>Standard Grant</Value>
    </AwardInstrument>
    <Organization>
      <Code>08010207</Code>
      <Directorate>
        <LongName>Direct For Biological Sciences</LongName>
      </Directorate>
      <Division>
        <LongName>Division Of Environmental Biology</LongName>
      </Division>
    </Organization>
    <ProgramOfficer>
      <SignBlockName>Mary C. McKitrick</SignBlockName>
    </ProgramOfficer>
    <AbstractNarration>9800908 Ross Insectivores, collectively, are among the oldest and most diverse groups of mammals. Living mammals in the insectivore family Tenrecidae, which are found in Madagascar and eastern Africa,is a particularly diverse group. The historical (phylogenetic) relationships of this group to other insectivores are not well known. Moreover, it is not clear whether fossil and recent tenrec-like mammals found in continental North America, the Caribbean, and Asia belong to the Tenrecidae, and if so it is not clear what factors were involved in determining past and present distributions of these animals. A well-sampled phylogeny of tenrecids and other recent and extinct insectivorans promises to shed light not only on questions of the taxonomic and biogeography of the Tenrecidae, but also on larger issues of mammalian phylogeny, including the historical relationships among insectivorous mammals and the origin and diversification of endemic African mammals. In this doctoral dissertation research, Callum Ross, Ross D. MacPhee and student Robert J. Asher will collect morphological data on osteology of living and extinct insectivorans, as well as previously unknown aspects of soft-tissue morphology among Tenricidae and related mammals. These data will be analyzed in tandem with molecular sequence data using parsimony-based computer programs. Explicit assumption sets for phylogenetic analysis will be created that vary the use of character weighting, ordering, the choice of outgroups, and the treatment of characters with missing data. Conclusions regarding tenrecid phylogeny will be based partly on consistencies across trees generated by these assumption sets.</AbstractNarration>
    <MinAmdLetterDate>05/18/1998</MinAmdLetterDate>
    <MaxAmdLetterDate>05/18/1998</MaxAmdLetterDate>
    <ARRAAmount/>
    <AwardID>9800908</AwardID>
    <Investigator>
      <FirstName>Callum</FirstName>
      <LastName>Ross</LastName>
      <EmailAddress>rossc@uchicago.edu</EmailAddress>
      <StartDate>05/18/1998</StartDate>
      <EndDate/>
      <RoleCode>Principal Investigator</RoleCode>
    </Investigator>
    <Investigator>
      <FirstName>Ross</FirstName>
      <LastName>MacPhee</LastName>
      <EmailAddress>macphee@amnh.org</EmailAddress>
      <StartDate>05/18/1998</StartDate>
      <EndDate/>
      <RoleCode>Co-Principal Investigator</RoleCode>
    </Investigator>
    <Institution>
      <Name>SUNY at Stony Brook</Name>
      <CityName>Stony Brook</CityName>
      <ZipCode>117940001</ZipCode>
      <PhoneNumber>6316329949</PhoneNumber>
      <StreetAddress>WEST 5510 FRK MEL LIB</StreetAddress>
      <CountryName>United States</CountryName>
      <StateName>New York</StateName>
      <StateCode>NY</StateCode>
    </Institution>
    <FoaInformation>
      <Code>0000099</Code>
      <Name>Other Applications NEC</Name>
    </FoaInformation>
    <ProgramElement>
      <Code>1171</Code>
      <Text>PHYLOGENETIC SYSTEMATICS</Text>
    </ProgramElement>
    <ProgramReference>
      <Code>9169</Code>
      <Text>BIODIVERSITY AND ECOSYSTEM DYNAMICS</Text>
    </ProgramReference>
    <ProgramReference>
      <Code>9179</Code>
      <Text>GRADUATE INVOLVEMENT</Text>
    </ProgramReference>
    <ProgramReference>
      <Code>SMET</Code>
      <Text>SCIENCE, MATH, ENG &amp; TECH EDUCATION</Text>
    </ProgramReference>
  </Award>
</rootTag>
