<?xml version="1.0" encoding="UTF-8"?>

<rootTag>
  <Award>
    <AwardTitle>Theoretical Studies of Noise-Induced Escape in the Absence of Detailed Balance</AwardTitle>
    <AwardEffectiveDate>08/15/1998</AwardEffectiveDate>
    <AwardExpirationDate>07/31/2002</AwardExpirationDate>
    <AwardAmount>181500</AwardAmount>
    <AwardInstrument>
      <Value>Continuing grant</Value>
    </AwardInstrument>
    <Organization>
      <Code>03010500</Code>
      <Directorate>
        <LongName>Direct For Mathematical &amp; Physical Scien</LongName>
      </Directorate>
      <Division>
        <LongName>Division Of Physics</LongName>
      </Division>
    </Organization>
    <ProgramOfficer>
      <SignBlockName>Sidney A. Coon</SignBlockName>
    </ProgramOfficer>
    <AbstractNarration>This project will study stochastically modelled physical systems in which escape from a metastable state is induced by weak random perturbations, or noise. The stochastic models will, in general, lack the property of detailed balance. Such models arise naturally in many physical contexts, including the study of glasses and the study of rate processes in chemical physics, where the random perturbations are due to thermal fluctuations. Problems to be investigated include widespread but little- analysed phenomena such as escape from a stable or over an unstable limit cycle, escape over an unstable fixed point, and critical behavior due to an incipient bifurcation of the most probable noise-induced escape path. The mathematical challenges presented by these sorts of problem have impeded progress, so that understanding trails far behind the systematic understanding of the older (Kramers) problem of stochastic escape, in stochastic models exhibiting detailed balance. To study models without detailed balance, both numerical and analytical techniques will be applied. The latter include matched asymptotic expansions and Hamilton- Jacobi theory.</AbstractNarration>
    <MinAmdLetterDate>09/08/1998</MinAmdLetterDate>
    <MaxAmdLetterDate>07/21/2000</MaxAmdLetterDate>
    <ARRAAmount/>
    <AwardID>9800979</AwardID>
    <Investigator>
      <FirstName>Daniel</FirstName>
      <LastName>Stein</LastName>
      <EmailAddress>daniel.stein@nyu.edu</EmailAddress>
      <StartDate>09/08/1998</StartDate>
      <EndDate/>
      <RoleCode>Co-Principal Investigator</RoleCode>
    </Investigator>
    <Investigator>
      <FirstName>Robert</FirstName>
      <LastName>Maier</LastName>
      <EmailAddress>rsm@math.arizona.edu</EmailAddress>
      <StartDate>09/08/1998</StartDate>
      <EndDate/>
      <RoleCode>Principal Investigator</RoleCode>
    </Investigator>
    <Institution>
      <Name>University of Arizona</Name>
      <CityName>Tucson</CityName>
      <ZipCode>857194824</ZipCode>
      <PhoneNumber>5206266000</PhoneNumber>
      <StreetAddress>888 N Euclid Ave</StreetAddress>
      <CountryName>United States</CountryName>
      <StateName>Arizona</StateName>
      <StateCode>AZ</StateCode>
    </Institution>
    <FoaInformation>
      <Code>0000099</Code>
      <Name>Other Applications NEC</Name>
    </FoaInformation>
    <ProgramElement>
      <Code>1287</Code>
      <Text>MATHEMATICAL PHYSICS</Text>
    </ProgramElement>
    <ProgramReference>
      <Code>0000</Code>
      <Text>UNASSIGNED</Text>
    </ProgramReference>
    <ProgramReference>
      <Code>OTHR</Code>
      <Text>OTHER RESEARCH OR EDUCATION</Text>
    </ProgramReference>
  </Award>
</rootTag>
