<?xml version="1.0" encoding="UTF-8"?>

<rootTag>
  <Award>
    <AwardTitle>A Utility-friendly Battery Charging Infrastructure for Powering EV's and Wireless Communication</AwardTitle>
    <AwardEffectiveDate>09/15/1998</AwardEffectiveDate>
    <AwardExpirationDate>08/31/2001</AwardExpirationDate>
    <AwardAmount>140614</AwardAmount>
    <AwardInstrument>
      <Value>Standard Grant</Value>
    </AwardInstrument>
    <Organization>
      <Code>07010000</Code>
      <Directorate>
        <LongName>Directorate For Engineering</LongName>
      </Directorate>
      <Division>
        <LongName>Div Of Electrical, Commun &amp; Cyber Sys</LongName>
      </Division>
    </Organization>
    <ProgramOfficer>
      <SignBlockName>Gwendolyn C. Owens</SignBlockName>
    </ProgramOfficer>
    <AbstractNarration>ECS-9800130 Mohan The objective of the proposed research is to develop battery charging methods which take into account the needs of the utility: unity power factor of operation, low electromagnetic interference (EMI), and high energy efficiency. There should be electrical isolation between the utility source and the battery bank. In addition, the usual requirements of high reliability, low cost and small size should also be met. In view of the above requirements, two novel converter topologies are proposed as the basis for research. Both of them make use of high-frequency transformers for isolation. The first topology uses a single-stage rectifier to convert three-phase ac into regulated (controllable) de output. The second topology is more general, for conversion from one dc voltage level to another.</AbstractNarration>
    <MinAmdLetterDate>08/25/1998</MinAmdLetterDate>
    <MaxAmdLetterDate>08/25/1998</MaxAmdLetterDate>
    <ARRAAmount/>
    <AwardID>9800130</AwardID>
    <Investigator>
      <FirstName>Ned</FirstName>
      <LastName>Mohan</LastName>
      <EmailAddress>mohan@umn.edu</EmailAddress>
      <StartDate>08/25/1998</StartDate>
      <EndDate/>
      <RoleCode>Principal Investigator</RoleCode>
    </Investigator>
    <Institution>
      <Name>University of Minnesota-Twin Cities</Name>
      <CityName>Minneapolis</CityName>
      <ZipCode>554552070</ZipCode>
      <PhoneNumber>6126245599</PhoneNumber>
      <StreetAddress>200 OAK ST SE</StreetAddress>
      <CountryName>United States</CountryName>
      <StateName>Minnesota</StateName>
      <StateCode>MN</StateCode>
    </Institution>
    <FoaInformation>
      <Code>0306000</Code>
      <Name>Energy Research &amp; Resources</Name>
    </FoaInformation>
    <ProgramElement>
      <Code>1518</Code>
      <Text>CONTROL, NETWORKS, &amp; COMP INTE</Text>
    </ProgramElement>
    <ProgramReference>
      <Code>0000</Code>
      <Text>UNASSIGNED</Text>
    </ProgramReference>
    <ProgramReference>
      <Code>OTHR</Code>
      <Text>OTHER RESEARCH OR EDUCATION</Text>
    </ProgramReference>
  </Award>
</rootTag>
