<?xml version="1.0" encoding="UTF-8"?>

<rootTag>
  <Award>
    <AwardTitle>Laser Micromachining of Silicon: A New Technology for Fabricating Tera Hertz Imaging Arrays</AwardTitle>
    <AwardEffectiveDate>06/01/1998</AwardEffectiveDate>
    <AwardExpirationDate>05/31/2001</AwardExpirationDate>
    <AwardAmount>285000</AwardAmount>
    <AwardInstrument>
      <Value>Continuing grant</Value>
    </AwardInstrument>
    <Organization>
      <Code>07010000</Code>
      <Directorate>
        <LongName>Directorate For Engineering</LongName>
      </Directorate>
      <Division>
        <LongName>Div Of Electrical, Commun &amp; Cyber Sys</LongName>
      </Division>
    </Organization>
    <ProgramOfficer>
      <SignBlockName>Filbert J. Bartoli</SignBlockName>
    </ProgramOfficer>
    <AbstractNarration>9800260&lt;br/&gt;Walker&lt;br/&gt;One of the main obstacles encountered in designing low noise, high efficiency, heterodyne receivers and local oscillator sources at submillimeter wavelengths is the quality and cost of waveguide structures. At wavelengths shorter than 400 micrometers, rectangular waveguide structures, feedhorns, and backshorts become extremely difficult to fabricate using standard machining techniques. We have used a new laser milling technique to fabricate high quality, THz waveguide components and feedhorns. Once metallized, the structures have the properties of standard waveguide components. Unlike waveguide components made using silicon wet-etching techniques, laser-etched components can have almost any cross section, from rectangular to circular. Under computer control, the entire waveguide structure (including the corrugated feedhorn!) of a submillimeter-wave mixer or multiplier can be fabricated to micrometer tolerances in a few hours. Laser etching permits the direct scaling of successful waveguide multiplier and mixer designs to THz frequencies. Since the entire process is computer controlled, the cost of fabricating submillimeter waveguide components is significantly reduced. With this new laser etching process, the construction of high performance waveguide array receivers at THz frequencies becomes tractable. We request funds to construct a laser micromachining system at the University of Arizona. The system will be used to continue our research into the application of this process to the fabrication of submillimeter-wave imaging systems.&lt;br/&gt;***</AbstractNarration>
    <MinAmdLetterDate>05/18/1998</MinAmdLetterDate>
    <MaxAmdLetterDate>08/03/2000</MaxAmdLetterDate>
    <ARRAAmount/>
    <AwardID>9800260</AwardID>
    <Investigator>
      <FirstName>Christopher</FirstName>
      <LastName>Walker</LastName>
      <EmailAddress>cwalker@as.arizona.edu</EmailAddress>
      <StartDate>05/18/1998</StartDate>
      <EndDate/>
      <RoleCode>Principal Investigator</RoleCode>
    </Investigator>
    <Institution>
      <Name>University of Arizona</Name>
      <CityName>Tucson</CityName>
      <ZipCode>857194824</ZipCode>
      <PhoneNumber>5206266000</PhoneNumber>
      <StreetAddress>888 N Euclid Ave</StreetAddress>
      <CountryName>United States</CountryName>
      <StateName>Arizona</StateName>
      <StateCode>AZ</StateCode>
    </Institution>
    <FoaInformation>
      <Code>0206000</Code>
      <Name>Telecommunications</Name>
    </FoaInformation>
    <ProgramElement>
      <Code>1517</Code>
      <Text>ELECT, PHOTONICS, &amp; MAG DEVICE</Text>
    </ProgramElement>
    <ProgramReference>
      <Code>0000</Code>
      <Text>UNASSIGNED</Text>
    </ProgramReference>
    <ProgramReference>
      <Code>9251</Code>
      <Text>RES EXPER FOR UNDERGRAD-SUPPLT</Text>
    </ProgramReference>
    <ProgramReference>
      <Code>OTHR</Code>
      <Text>OTHER RESEARCH OR EDUCATION</Text>
    </ProgramReference>
  </Award>
</rootTag>
