<?xml version="1.0" encoding="UTF-8"?>

<rootTag>
  <Award>
    <AwardTitle>Theoretical Astrophysics and Gravitational Physics</AwardTitle>
    <AwardEffectiveDate>07/15/1998</AwardEffectiveDate>
    <AwardExpirationDate>08/31/2001</AwardExpirationDate>
    <AwardAmount>70211</AwardAmount>
    <AwardInstrument>
      <Value>Continuing grant</Value>
    </AwardInstrument>
    <Organization>
      <Code>03010700</Code>
      <Directorate>
        <LongName>Direct For Mathematical &amp; Physical Scien</LongName>
      </Directorate>
      <Division>
        <LongName>Division Of Physics</LongName>
      </Division>
    </Organization>
    <ProgramOfficer>
      <SignBlockName>Richard Isaacson</SignBlockName>
    </ProgramOfficer>
    <AbstractNarration>***&lt;br/&gt;9800977&lt;br/&gt;Ipser&lt;br/&gt;Diverse aspects of black hole physics will be studied by Whiting. These include thermodynamics, the results of quantum effects, and the interaction of black holes with matter, which give rise to the most exotic disturbances induced on spacetime. Principally, analytic means will be employed, and particular emphasis will be placed on what can be learnt about spacetimes involving gravitational collapse. This investigation will build on previous work and will include a focus on the impact of Hawking evaporation on the global structure of black holes which form during collapse.&lt;br/&gt;&lt;br/&gt;Astrophysical sources contain matter in extreme states which are not normally reproducible for direct study here on earth. In this project, Ipser will investigate the physical properties of matter in very compact objects (stars), including in the limit where the objects become unstable. The state of rapid rotation, and the presence of accretion disks affect the observable characteristics of these objects. A variety of recently developed techniques, both analytic and numerical, will be used to interpret observations of the astrophysical systems under study, especially their associated emissions in the x-ray part of the spectrum and including their gravitational radiation. The work on black holes and quantum effects will contribute to our fundamental understanding of nature, with emphasis on the connection between the areas of quantum physics and gravitational physics. The work on stellar models will provide insight into the connection between the observed features of such configurations and the behavior of extreme states of (nuclear) matter; and also into the likelihood of using modern detectors to observe the gravity-wave emissions from these configurations. The work on accretion disks will lead to an understanding the time behavior of the luminous and x-ray emissions from compact objects such as accreting black holes. As well as having a direct impact through the venue of international scientific meetings, this combined work will enrich the education and advanced training of students through access in lectures, seminars and colloquia.&lt;br/&gt;***</AbstractNarration>
    <MinAmdLetterDate>07/18/1998</MinAmdLetterDate>
    <MaxAmdLetterDate>06/27/2001</MaxAmdLetterDate>
    <ARRAAmount/>
    <AwardID>9800977</AwardID>
    <Investigator>
      <FirstName>James</FirstName>
      <LastName>Ipser</LastName>
      <EmailAddress/>
      <StartDate>07/18/1998</StartDate>
      <EndDate/>
      <RoleCode>Principal Investigator</RoleCode>
    </Investigator>
    <Investigator>
      <FirstName>Bernard</FirstName>
      <LastName>Whiting</LastName>
      <EmailAddress>bernard@phys.ufl.edu</EmailAddress>
      <StartDate>07/18/1998</StartDate>
      <EndDate/>
      <RoleCode>Co-Principal Investigator</RoleCode>
    </Investigator>
    <Institution>
      <Name>University of Florida</Name>
      <CityName>GAINESVILLE</CityName>
      <ZipCode>326112002</ZipCode>
      <PhoneNumber>3523923516</PhoneNumber>
      <StreetAddress>1 UNIVERSITY OF FLORIDA</StreetAddress>
      <CountryName>United States</CountryName>
      <StateName>Florida</StateName>
      <StateCode>FL</StateCode>
    </Institution>
  </Award>
</rootTag>
