<?xml version="1.0" encoding="UTF-8"?>

<rootTag>
  <Award>
    <AwardTitle>A Study on the Theory and Practice of Nonlinear Process Control Using Functional Expansion (FEx) Models</AwardTitle>
    <AwardEffectiveDate>05/01/1998</AwardEffectiveDate>
    <AwardExpirationDate>04/30/2002</AwardExpirationDate>
    <AwardAmount>210595</AwardAmount>
    <AwardInstrument>
      <Value>Standard Grant</Value>
    </AwardInstrument>
    <Organization>
      <Code>07020000</Code>
      <Directorate>
        <LongName>Directorate For Engineering</LongName>
      </Directorate>
      <Division>
        <LongName>Div Of Chem, Bioeng, Env, &amp; Transp Sys</LongName>
      </Division>
    </Organization>
    <ProgramOfficer>
      <SignBlockName>Maria Burka</SignBlockName>
    </ProgramOfficer>
    <AbstractNarration>Abstract - Palazoglu - 9800073 Understanding the dynamics of nonlinear systems is important for the design, operation and control of many chemical processes. The lack of information regarding the behavior of nonlinear processes causes the chemical engineer to limit the region of safe operation, to overdesign in an attempt to soften nonlinearities, or to design conservative control systems such that an acceptable operation is maintained. Such engineering solutions may yield suboptimal plant operations, and more economically favorable regimes may be unnecessarily deemed unsafe or unreliable. The goal of this research is to establish a rigorous setting within which nonlinear process control problems can be analyzed, and controllers can be designed and implemented on actual processes. This setting will be built upon a new paradigm that exploits functional expansion (FEx) models to develop novel control system design and analysis tools. Such a setting is not only expected to broaden one's understanding of nonlinear process control problems, but will also promote the application of these new concepts to real process systems. The methods make use of analogous linear analysis and control concepts, thereby providing an intuitive setting for engineers. The work to be done includes: (1) Functional expansions will be used to quantify the "nonlinearity" of a process, and the approximate FEx model structure will be exploited for model identification using process data. (2) The control design effort will be based upon FEx models in the spirit of model predictive control. This will generate new viewpoints about the representation and manipulation of nonlinear discrete-time models for control. (3) A set of criteria will be developed to help assess the stability and robustness of FEx model based control systems. (4) The methods will be tested by real-time applications using a laboratory-scale process as well as pilot-scale processes that are run by commercial Distributed Control Systems(DC S). This last area will take advantage of a long-time collaboration with Prof. Romagnoly of the University of Sydney.</AbstractNarration>
    <MinAmdLetterDate>04/30/1998</MinAmdLetterDate>
    <MaxAmdLetterDate>04/30/1998</MaxAmdLetterDate>
    <ARRAAmount/>
    <AwardID>9800073</AwardID>
    <Investigator>
      <FirstName>Ahmet</FirstName>
      <LastName>Palazoglu</LastName>
      <EmailAddress>anpalazoglu@ucdavis.edu</EmailAddress>
      <StartDate>04/30/1998</StartDate>
      <EndDate/>
      <RoleCode>Principal Investigator</RoleCode>
    </Investigator>
    <Institution>
      <Name>University of California-Davis</Name>
      <CityName>Davis</CityName>
      <ZipCode>956186134</ZipCode>
      <PhoneNumber>5307547700</PhoneNumber>
      <StreetAddress>OR/Sponsored Programs</StreetAddress>
      <CountryName>United States</CountryName>
      <StateName>California</StateName>
      <StateCode>CA</StateCode>
    </Institution>
    <FoaInformation>
      <Code>0308000</Code>
      <Name>Industrial Technology</Name>
    </FoaInformation>
    <ProgramElement>
      <Code>1403</Code>
      <Text>PROCESS &amp; REACTION ENGINEERING</Text>
    </ProgramElement>
    <ProgramReference>
      <Code>0000</Code>
      <Text>UNASSIGNED</Text>
    </ProgramReference>
    <ProgramReference>
      <Code>OTHR</Code>
      <Text>OTHER RESEARCH OR EDUCATION</Text>
    </ProgramReference>
  </Award>
</rootTag>
