<?xml version="1.0" encoding="UTF-8"?>

<rootTag>
  <Award>
    <AwardTitle>Creep Fracture of Graphite/Polymer Composites: Experiments and Modeling to Predict Lifetime (with RPI)</AwardTitle>
    <AwardEffectiveDate>05/01/1998</AwardEffectiveDate>
    <AwardExpirationDate>04/30/2001</AwardExpirationDate>
    <AwardAmount>180000</AwardAmount>
    <AwardInstrument>
      <Value>Standard Grant</Value>
    </AwardInstrument>
    <Organization>
      <Code>07030000</Code>
      <Directorate>
        <LongName>Directorate For Engineering</LongName>
      </Directorate>
      <Division>
        <LongName>Div Of Civil, Mechanical, &amp; Manufact Inn</LongName>
      </Division>
    </Organization>
    <ProgramOfficer>
      <SignBlockName>Jorn Larsen-Basse</SignBlockName>
    </ProgramOfficer>
    <AbstractNarration>CMS 9800413 PI: S.L. Phoenix Cornell University ABSTRACT A combined experimental and theoretical study of the creep fracture in unidirectional, graphite fiber/polymer-matrix composite materials in tension is conducted. Creep fracture is important in various applications such as filament wound pressure vessels, pultruded rods and beams, offshore platform stabilizing cables and pipes, all of which sustain high loads for long times. The model incorporates micromechanical and statistical failure processes in the composite, and yields probability distributions for strength and long-term lifetime. Micro-Raman Spectroscopy (MRS) is used to study matrix creep and time-dependent interfacial debond and slip phenomena at length scales closer to fiber diameter. Fast comutational micromechanics model for the composite is developed that provides stress and displacement fields for large random arrays of fiber breaks and break clusters for use in large Monte Carlo simulations. The MRS experiments and computational model are interactively used to interpret experimental stress profiles as they change over time. ***</AbstractNarration>
    <MinAmdLetterDate>04/10/1998</MinAmdLetterDate>
    <MaxAmdLetterDate>04/10/1998</MaxAmdLetterDate>
    <ARRAAmount/>
    <AwardID>9800413</AwardID>
    <Investigator>
      <FirstName>Stuart</FirstName>
      <LastName>Phoenix</LastName>
      <EmailAddress>slp6@cornell.edu</EmailAddress>
      <StartDate>04/10/1998</StartDate>
      <EndDate/>
      <RoleCode>Principal Investigator</RoleCode>
    </Investigator>
    <Institution>
      <Name>Cornell University</Name>
      <CityName>Ithaca</CityName>
      <ZipCode>148502820</ZipCode>
      <PhoneNumber>6072555014</PhoneNumber>
      <StreetAddress>373 Pine Tree Road</StreetAddress>
      <CountryName>United States</CountryName>
      <StateName>New York</StateName>
      <StateCode>NY</StateCode>
    </Institution>
    <FoaInformation>
      <Code>0106000</Code>
      <Name>Materials Research</Name>
    </FoaInformation>
    <FoaInformation>
      <Code>0308000</Code>
      <Name>Industrial Technology</Name>
    </FoaInformation>
    <ProgramElement>
      <Code>1441</Code>
      <Text>MECHANICS</Text>
    </ProgramElement>
    <ProgramReference>
      <Code>9161</Code>
      <Text>SINGLE DIVISION/UNIVERSITY</Text>
    </ProgramReference>
    <ProgramReference>
      <Code>AMPP</Code>
      <Text>ADVANCED MATERIALS &amp; PROCESSING PROGRAM</Text>
    </ProgramReference>
  </Award>
</rootTag>
