<?xml version="1.0" encoding="UTF-8"?>

<rootTag>
  <Award>
    <AwardTitle>RUI: Learnability: Framework, Concepts, Algorithms</AwardTitle>
    <AwardEffectiveDate>08/01/1998</AwardEffectiveDate>
    <AwardExpirationDate>07/31/1999</AwardExpirationDate>
    <AwardAmount>56829</AwardAmount>
    <AwardInstrument>
      <Value>Standard Grant</Value>
    </AwardInstrument>
    <Organization>
      <Code>05010100</Code>
      <Directorate>
        <LongName>Direct For Computer &amp; Info Scie &amp; Enginr</LongName>
      </Directorate>
      <Division>
        <LongName>Division of Computing and Communication Foundations</LongName>
      </Division>
    </Organization>
    <ProgramOfficer>
      <SignBlockName>Yechezkel Zalcstein</SignBlockName>
    </ProgramOfficer>
    <AbstractNarration>This project encompasses three lines of research, all related to computational learning theory. (1) The well-known ``probably approximately correct'' (PAC) model of learning---and other models---have provided a robust framework within which various notions of learning have been formally analyzed. However, learning is a broad concept, and some senses of learning have not been captured well by existing models. This project develops a framework for analyzing one such type of learning, that of learning search-control rules within the context of task planning. In addition to developing this framework, lower and upper bounds on learnability within the framework will be sought. Based on preliminary work, graph-theoretic approaches appear to be particularly promising in producing such bounds. (2) Several fundamental questions within existing learning models still remain open. Some of the best answers to related questions have been obtained using Fourier analysis of function classes along with associated Fourier-based algorithms. Thus, Fourier and other techniques will be applied to several of these remaining questions. (3) Fourier-based algorithms that have been produced thus far, while efficient in the sense of running in polynomial time, are not used in practice in part because of somewhat large exponents in the running time. This project seeks to produce algorithms with noticeably better running times.</AbstractNarration>
    <MinAmdLetterDate>07/30/1998</MinAmdLetterDate>
    <MaxAmdLetterDate>07/30/1998</MaxAmdLetterDate>
    <ARRAAmount/>
    <AwardID>9800029</AwardID>
    <Investigator>
      <FirstName>Jeffrey</FirstName>
      <LastName>Jackson</LastName>
      <EmailAddress>jacksonj@duq.edu</EmailAddress>
      <StartDate>07/30/1998</StartDate>
      <EndDate/>
      <RoleCode>Principal Investigator</RoleCode>
    </Investigator>
    <Institution>
      <Name>Duquesne University</Name>
      <CityName>Pittsburgh</CityName>
      <ZipCode>152820001</ZipCode>
      <PhoneNumber>4123961537</PhoneNumber>
      <StreetAddress>Room 310 Administration Building</StreetAddress>
      <CountryName>United States</CountryName>
      <StateName>Pennsylvania</StateName>
      <StateCode>PA</StateCode>
    </Institution>
    <FoaInformation>
      <Code>0000099</Code>
      <Name>Other Applications NEC</Name>
    </FoaInformation>
    <ProgramElement>
      <Code>2860</Code>
      <Text>THEORY OF COMPUTING</Text>
    </ProgramElement>
    <ProgramReference>
      <Code>9216</Code>
      <Text>ADVANCED SOFTWARE TECH &amp; ALGOR</Text>
    </ProgramReference>
    <ProgramReference>
      <Code>9229</Code>
      <Text>RES IN UNDERGRAD INST-RESEARCH</Text>
    </ProgramReference>
    <ProgramReference>
      <Code>HPCC</Code>
      <Text>HIGH PERFORMANCE COMPUTING &amp; COMM</Text>
    </ProgramReference>
  </Award>
</rootTag>
