<?xml version="1.0" encoding="UTF-8"?>

<rootTag>
  <Award>
    <AwardTitle>Dissertation Research: Molecular Systematics of Crassulaceae and Adaptive Radiation in Aeonium</AwardTitle>
    <AwardEffectiveDate>09/01/1998</AwardEffectiveDate>
    <AwardExpirationDate>08/31/2000</AwardExpirationDate>
    <AwardAmount>10000</AwardAmount>
    <AwardInstrument>
      <Value>Standard Grant</Value>
    </AwardInstrument>
    <Organization>
      <Code>08010207</Code>
      <Directorate>
        <LongName>Direct For Biological Sciences</LongName>
      </Directorate>
      <Division>
        <LongName>Division Of Environmental Biology</LongName>
      </Division>
    </Organization>
    <ProgramOfficer>
      <SignBlockName>Douglas Siegel-Causey</SignBlockName>
    </ProgramOfficer>
    <AbstractNarration>9800887 SOLTIS The flowering plant family Crassulaceae (the stonecrops) is large and diverse. Many species are used as ornamentals. Others are used as experimental organisms, especially in photosynthesis research. Despite this interest, little is certain about the historical (phylogenetic) relationships among members of the Crassulaceae. The challenge of obtaining robust reconstructions of these relationships tests the ability of scientists to resolve complex problems in plant biology. Robust reconstructions should (for example) assist investigators who seek a biological context for the appearance of, and changes in, significant traits among these plants. In this doctoral dissertation research, Douglas E. Soltis and student Mark E. Mort will reconstruct the phylogenetic relationships among members of the Crassulaceae. The reconstructions will be based primarily on data from molecular sequences, but will also use information from the morphology, anatomy, and physiology of the plants. They will work intensively on the Crassulaceae of Macaronesia (Canary Islands), and especially on the Macaronesian genus Aeonium. Aeonium is chosen to test the idea that a single founding species on an island can rapidly give rise to many species, each differing profoundly from the parent and from each other in morphology, anatomy, physiology and ecology. The research will evaluate the challenges to phylogeny reconstruction presented by this type of history in plants. Principles learned from the Macaronesian work will be applied to efforts to reconstruct the phylogenetic relationships among the genera of Crassulaceae worldwide.</AbstractNarration>
    <MinAmdLetterDate>09/11/1998</MinAmdLetterDate>
    <MaxAmdLetterDate>01/25/1999</MaxAmdLetterDate>
    <ARRAAmount/>
    <AwardID>9800887</AwardID>
    <Investigator>
      <FirstName>Douglas</FirstName>
      <LastName>Soltis</LastName>
      <EmailAddress>dsoltis@botany.ufl.edu</EmailAddress>
      <StartDate>09/11/1998</StartDate>
      <EndDate/>
      <RoleCode>Principal Investigator</RoleCode>
    </Investigator>
    <Institution>
      <Name>Washington State University</Name>
      <CityName>PULLMAN</CityName>
      <ZipCode>991641060</ZipCode>
      <PhoneNumber>5093359661</PhoneNumber>
      <StreetAddress>280 Lighty</StreetAddress>
      <CountryName>United States</CountryName>
      <StateName>Washington</StateName>
      <StateCode>WA</StateCode>
    </Institution>
    <FoaInformation>
      <Code>0000099</Code>
      <Name>Other Applications NEC</Name>
    </FoaInformation>
    <ProgramElement>
      <Code>1171</Code>
      <Text>PHYLOGENETIC SYSTEMATICS</Text>
    </ProgramElement>
    <ProgramReference>
      <Code>9169</Code>
      <Text>BIODIVERSITY AND ECOSYSTEM DYNAMICS</Text>
    </ProgramReference>
    <ProgramReference>
      <Code>9179</Code>
      <Text>GRADUATE INVOLVEMENT</Text>
    </ProgramReference>
    <ProgramReference>
      <Code>SMET</Code>
      <Text>SCIENCE, MATH, ENG &amp; TECH EDUCATION</Text>
    </ProgramReference>
  </Award>
</rootTag>
