<?xml version="1.0" encoding="UTF-8"?>

<rootTag>
  <Award>
    <AwardTitle>U.S.-Mexico Workshop on Plant Biochemistry and Molecular Biology; Guanajuato, Mexico, March 15-18, 1998</AwardTitle>
    <AwardEffectiveDate>03/01/1998</AwardEffectiveDate>
    <AwardExpirationDate>08/31/1998</AwardExpirationDate>
    <AwardAmount>10000</AwardAmount>
    <AwardInstrument>
      <Value>Standard Grant</Value>
    </AwardInstrument>
    <Organization>
      <Code>01090000</Code>
      <Directorate>
        <LongName>Office Of The Director</LongName>
      </Directorate>
      <Division>
        <LongName>Office Of Internatl Science &amp;Engineering</LongName>
      </Division>
    </Organization>
    <ProgramOfficer>
      <SignBlockName>Harold Stolberg</SignBlockName>
    </ProgramOfficer>
    <AbstractNarration>9800102 Chappell This U. S.-Mexico award will support a symposium on plant biochemistry and molecular biology, to be held March 15-18, 1998 in Guanajuato, Mexico. The support will fund travel and related expenses for a group of US scientists, postdoctoral scholars, and graduate students to discuss research topics and technologies of mutual interest to US and Mexican plant scientists. Organizers are Dr. Joseph Chappell, University of Kentucky, Dr. Ann Hirsch, UCLA and Dr. Clarence Ryan, Washington State University in collaboration with Dr. Alfredo Herrera, National Polytechnic Institute (IPN), Mexico. The objectives are to bring together U.S. and Mexican scientists to discuss multidisciplinary efforts in plant physiology, biochemistry and molecular biology, that may lead to biotechnological applications in agriculture.Topics to be discussed in the conference include plant development and signal transduction, plant-environment interactions, metabolic processes in plants, plant cell biology and novel strategies for crop improvement. These topics are significant, not only for their scientific importance, but also for their potential to promote longlasting interactions between U.S. and Mexican scientists. ***</AbstractNarration>
    <MinAmdLetterDate>03/03/1998</MinAmdLetterDate>
    <MaxAmdLetterDate>03/03/1998</MaxAmdLetterDate>
    <ARRAAmount/>
    <AwardID>9800102</AwardID>
    <Investigator>
      <FirstName>Joseph</FirstName>
      <LastName>Chappell</LastName>
      <EmailAddress>chappell@uky.edu</EmailAddress>
      <StartDate>03/03/1998</StartDate>
      <EndDate/>
      <RoleCode>Principal Investigator</RoleCode>
    </Investigator>
    <Institution>
      <Name>University of Kentucky Research Foundation</Name>
      <CityName>Lexington</CityName>
      <ZipCode>405260001</ZipCode>
      <PhoneNumber>8592579420</PhoneNumber>
      <StreetAddress>109 Kinkead Hall</StreetAddress>
      <CountryName>United States</CountryName>
      <StateName>Kentucky</StateName>
      <StateCode>KY</StateCode>
    </Institution>
    <FoaInformation>
      <Code>0201000</Code>
      <Name>Agriculture</Name>
    </FoaInformation>
  </Award>
</rootTag>
