<?xml version="1.0" encoding="UTF-8"?>

<rootTag>
  <Award>
    <AwardTitle>Euler Systems</AwardTitle>
    <AwardEffectiveDate>06/01/1998</AwardEffectiveDate>
    <AwardExpirationDate>05/31/2002</AwardExpirationDate>
    <AwardAmount>178068</AwardAmount>
    <AwardInstrument>
      <Value>Continuing grant</Value>
    </AwardInstrument>
    <Organization>
      <Code>03040200</Code>
      <Directorate>
        <LongName>Direct For Mathematical &amp; Physical Scien</LongName>
      </Directorate>
      <Division>
        <LongName>Division Of Mathematical Sciences</LongName>
      </Division>
    </Organization>
    <ProgramOfficer>
      <SignBlockName>B. Brent Gordon</SignBlockName>
    </ProgramOfficer>
    <AbstractNarration>************************************************************************************ ABSTRACT Karl Rubin Stanford 98 00881 This project involves the study of the arithmetic properties of elliptic curves. Elliptic curves play a central role in many parts of mathematics including its most applied areas. The investigator is interested in how certain points appear on this curve, in particular those points that can be pinpointed using simple fractions. Fractions involve the integer arithmetic we all learn in school, so these points embody the arithmetic aspect of the curve. To get at this arithmetic, Professor Rubin will use all the geometric and analytic information about elliptic curves available. In one view, elliptic curves are shaped like the surface of a donut. In this view, simpler curves are like the surface of a sphere, a donut without a hole, and more complicated curves are like the surface of a donut with several holes. The arithmetical properties of the simple curves have been extensively studied since ancient times. The more complicated curves have such a restrictive arithmetic structure that simply counting the points on one is a difficult research problem. The one hole donuts are, however, just right. They have a rich and mysterious structure which this project will explore. The insight gained from this project will guide mathematicians for a long time to come.</AbstractNarration>
    <MinAmdLetterDate>04/15/1998</MinAmdLetterDate>
    <MaxAmdLetterDate>03/28/2000</MaxAmdLetterDate>
    <ARRAAmount/>
    <AwardID>9800881</AwardID>
    <Investigator>
      <FirstName>Karl</FirstName>
      <LastName>Rubin</LastName>
      <EmailAddress>krubin@math.uci.edu</EmailAddress>
      <StartDate>04/15/1998</StartDate>
      <EndDate/>
      <RoleCode>Principal Investigator</RoleCode>
    </Investigator>
    <Institution>
      <Name>Stanford University</Name>
      <CityName>Palo Alto</CityName>
      <ZipCode>943041212</ZipCode>
      <PhoneNumber>6507232300</PhoneNumber>
      <StreetAddress>3160 Porter Drive</StreetAddress>
      <CountryName>United States</CountryName>
      <StateName>California</StateName>
      <StateCode>CA</StateCode>
    </Institution>
    <FoaInformation>
      <Code>0000099</Code>
      <Name>Other Applications NEC</Name>
    </FoaInformation>
    <ProgramElement>
      <Code>1264</Code>
      <Text>ALGEBRA,NUMBER THEORY,AND COM</Text>
    </ProgramElement>
    <ProgramReference>
      <Code>0000</Code>
      <Text>UNASSIGNED</Text>
    </ProgramReference>
    <ProgramReference>
      <Code>OTHR</Code>
      <Text>OTHER RESEARCH OR EDUCATION</Text>
    </ProgramReference>
  </Award>
</rootTag>
