<?xml version="1.0" encoding="UTF-8"?>

<rootTag>
  <Award>
    <AwardTitle>PPD/DP: An Ocean of Potentiality: Inclusion of Persons with Disabilities in Science, Engineering, and Mathematics</AwardTitle>
    <AwardEffectiveDate>05/15/1998</AwardEffectiveDate>
    <AwardExpirationDate>04/30/2002</AwardExpirationDate>
    <AwardAmount>513842</AwardAmount>
    <AwardInstrument>
      <Value>Continuing grant</Value>
    </AwardInstrument>
    <Organization>
      <Code>11060400</Code>
      <Directorate>
        <LongName>Direct For Education and Human Resources</LongName>
      </Directorate>
      <Division>
        <LongName>Division Of Human Resource Development</LongName>
      </Division>
    </Organization>
    <ProgramOfficer>
      <SignBlockName>Arthur Karshmer</SignBlockName>
    </ProgramOfficer>
    <AbstractNarration>The Ocean of Potentiality Project, in cooperation with scientific, multiple nonprofit and state education organizations, will build and support a Hawaii-wide experiential and accessible guidance-instruction network to facilitate individuals who are disabled to attain interest, education and careers in science, mathematics, engineering and technology (SMET). The project will be organized and conducted by the University of Hawaii in cooperation with multiple scientific and nonprofit and state education organizations. The project calls for use of a three-tiered approach for the change of attitudes and for provision of educational opportunities on a student, educator/family, and state policy level. We propose to create a program that involves a core of students, families, scientists, educators, and university-level science teacher trainers who will affect the larger population of students by affecting science education curriculum, and educational practices and policy in the state. The project proposes to identify, conduct, evaluate, and disseminate hands-on, field-based science. Emphasis will be placed on activities appropriate for students with and without disabilities to promote collaborative work in heterogeneous teams to actively experience science while learning about the human ecology of Hawaii. Role models and mentors, many with disabilities themselves, will interact with the student teams to advance access and inclusion of all students in the SMET fields. Assistive technology will be used in concert with Internet display arenas to insure that students will be fully included and empowered in SMET activities. Electronic technology (including the Internet) will be used to encourage networking and information dissemination among student teams, educational organizations, administrators, and members of the community. The project will be carefully documented for public television and Internet venues. All publications produced by the project wil l be available through fully accessible electronic media.</AbstractNarration>
    <MinAmdLetterDate>05/18/1998</MinAmdLetterDate>
    <MaxAmdLetterDate>09/05/2000</MaxAmdLetterDate>
    <ARRAAmount/>
    <AwardID>9800692</AwardID>
    <Investigator>
      <FirstName>Richard</FirstName>
      <LastName>Radtke</LastName>
      <EmailAddress>rradtke@seaofdreams.org</EmailAddress>
      <StartDate>05/18/1998</StartDate>
      <EndDate/>
      <RoleCode>Principal Investigator</RoleCode>
    </Investigator>
    <Investigator>
      <FirstName>Jim</FirstName>
      <LastName>Skouge</LastName>
      <EmailAddress>jskouge@hawaii.edu</EmailAddress>
      <StartDate>05/18/1998</StartDate>
      <EndDate/>
      <RoleCode>Co-Principal Investigator</RoleCode>
    </Investigator>
    <Institution>
      <Name>University of Hawaii</Name>
      <CityName>HONOLULU</CityName>
      <ZipCode>968222234</ZipCode>
      <PhoneNumber>8089567800</PhoneNumber>
      <StreetAddress>2440 Campus Road, Box 368</StreetAddress>
      <CountryName>United States</CountryName>
      <StateName>Hawaii</StateName>
      <StateCode>HI</StateCode>
    </Institution>
    <FoaInformation>
      <Code>0000099</Code>
      <Name>Other Applications NEC</Name>
    </FoaInformation>
    <ProgramElement>
      <Code>1545</Code>
      <Text>RES IN DISABILITIES ED</Text>
    </ProgramElement>
    <ProgramReference>
      <Code>1545</Code>
      <Text>RES IN DISABILITIES ED</Text>
    </ProgramReference>
    <ProgramReference>
      <Code>9177</Code>
      <Text>ELEMENTARY/SECONDARY EDUCATION</Text>
    </ProgramReference>
    <ProgramReference>
      <Code>SMET</Code>
      <Text>SCIENCE, MATH, ENG &amp; TECH EDUCATION</Text>
    </ProgramReference>
  </Award>
</rootTag>
