<?xml version="1.0" encoding="UTF-8"?>

<rootTag>
  <Award>
    <AwardTitle>Ultrasonic Evaluation of Delimination Defects at FRP/Concrete Interface</AwardTitle>
    <AwardEffectiveDate>07/01/1998</AwardEffectiveDate>
    <AwardExpirationDate>12/31/2002</AwardExpirationDate>
    <AwardAmount>159986</AwardAmount>
    <AwardInstrument>
      <Value>Continuing grant</Value>
    </AwardInstrument>
    <Organization>
      <Code>07030000</Code>
      <Directorate>
        <LongName>Directorate For Engineering</LongName>
      </Directorate>
      <Division>
        <LongName>Div Of Civil, Mechanical, &amp; Manufact Inn</LongName>
      </Division>
    </Organization>
    <ProgramOfficer>
      <SignBlockName>Vijaya Gopu</SignBlockName>
    </ProgramOfficer>
    <AbstractNarration>9800345 Ehsani Fiber Reinforced Composites (FRP) are fast becoming a viable new construction material. Perhaps the most suitable area of application for these materials is in the field of strengthening and rehabilitation of existing civil structures. Numerous field applications have demonstrated that FRPs can result in some 30% cost savings compared to conventional rehabilitation techniques. The success of the technique depends to great extend on the quality of the construction, and in particular, the epoxy joint which had to transfer the stresses from the FRP plate to the substrate. Consequently, there is a great need for development of Non-Destructive Evaluation (NDE) techniques which could detect any flaws or delaminations in the epoxy bond line. Such a system could not only be used to ensure quality of construction, but could also help with detection of any damage that may form during the life of the structure by environmental effects such as ultraviolet rays, moisture penetration, etc. The quality of rehabilitation will be monitored nondestructively by ultrasonic inspection of internal defects, voids and delaminations, when the specimen is not homogeneous, such as a composite layer that is to be used, evaluation of interfaces between two different materials or layers is a much harder job. It is specially difficult if the two interfaces are debonded or weakly bonded but are in close contact with each other forming what is called "kissing" or "slip" bonds. Hence for this applicaiton the Lamb wave scanning technique appears to be the superior technique. ***</AbstractNarration>
    <MinAmdLetterDate>05/11/1998</MinAmdLetterDate>
    <MaxAmdLetterDate>08/01/2000</MaxAmdLetterDate>
    <ARRAAmount/>
    <AwardID>9800345</AwardID>
    <Investigator>
      <FirstName>Tribikram</FirstName>
      <LastName>Kundu</LastName>
      <EmailAddress>tkundu@email.arizona.edu</EmailAddress>
      <StartDate>05/11/1998</StartDate>
      <EndDate/>
      <RoleCode>Co-Principal Investigator</RoleCode>
    </Investigator>
    <Investigator>
      <FirstName>Mohammad</FirstName>
      <LastName>Ehsani</LastName>
      <EmailAddress>ehsani@u.arizona.edu</EmailAddress>
      <StartDate>05/11/1998</StartDate>
      <EndDate/>
      <RoleCode>Principal Investigator</RoleCode>
    </Investigator>
    <Institution>
      <Name>University of Arizona</Name>
      <CityName>Tucson</CityName>
      <ZipCode>857194824</ZipCode>
      <PhoneNumber>5206266000</PhoneNumber>
      <StreetAddress>888 N Euclid Ave</StreetAddress>
      <CountryName>United States</CountryName>
      <StateName>Arizona</StateName>
      <StateCode>AZ</StateCode>
    </Institution>
    <FoaInformation>
      <Code>0109000</Code>
      <Name>Structural Technology</Name>
    </FoaInformation>
    <ProgramElement>
      <Code>1473</Code>
      <Text>STRUCTURES I</Text>
    </ProgramElement>
    <ProgramElement>
      <Code>1635</Code>
      <Text>STRUCTURAL MATERIALS AND MECH</Text>
    </ProgramElement>
    <ProgramReference>
      <Code>1039</Code>
      <Text>RENEWAL ENGINEERING</Text>
    </ProgramReference>
    <ProgramReference>
      <Code>9231</Code>
      <Text>SUPPL FOR UNDERGRAD RES ASSIST</Text>
    </ProgramReference>
    <ProgramReference>
      <Code>9251</Code>
      <Text>RES EXPER FOR UNDERGRAD-SUPPLT</Text>
    </ProgramReference>
    <ProgramReference>
      <Code>CVIS</Code>
      <Text>CIVIL INFRASTRUCTURE</Text>
    </ProgramReference>
  </Award>
</rootTag>
