<?xml version="1.0" encoding="UTF-8"?>

<rootTag>
  <Award>
    <AwardTitle>A High-Resolution, High Sensitivity H-alpha and {Sll} Surveyof the Northern Galaxy</AwardTitle>
    <AwardEffectiveDate>06/01/1998</AwardEffectiveDate>
    <AwardExpirationDate>05/31/2002</AwardExpirationDate>
    <AwardAmount>158992</AwardAmount>
    <AwardInstrument>
      <Value>Continuing grant</Value>
    </AwardInstrument>
    <Organization>
      <Code>03020416</Code>
      <Directorate>
        <LongName>Direct For Mathematical &amp; Physical Scien</LongName>
      </Directorate>
      <Division>
        <LongName>Division Of Astronomical Sciences</LongName>
      </Division>
    </Organization>
    <ProgramOfficer>
      <SignBlockName>Vernon Pankonin</SignBlockName>
    </ProgramOfficer>
    <AbstractNarration>9800476 Simonetti A High-Resolution, High-Sensitivity H-alpha and SII Survey of the Northern Galaxy. The objective of this project is the production of two major imaging surveys of interstellar line emission from that part of the Galaxy visible from the northern hemisphere. The first survey will consist of images of the faint hydrogen Balmer-alpha emission from the warm ionized interstellar medium over the northern celestial hemisphere. The second survey will comprise images of the interstellar forbidden line emission of ionized sulfur, and will cover the northern Galaxy between latitudes of plus/minus 20 degrees. The results of the surveys will be digital atlases available to the astronomical community.</AbstractNarration>
    <MinAmdLetterDate>06/15/1998</MinAmdLetterDate>
    <MaxAmdLetterDate>06/01/2000</MaxAmdLetterDate>
    <ARRAAmount/>
    <AwardID>9800476</AwardID>
    <Investigator>
      <FirstName>Brian</FirstName>
      <LastName>Dennison</LastName>
      <EmailAddress>dennison@unca.edu</EmailAddress>
      <StartDate>06/15/1998</StartDate>
      <EndDate/>
      <RoleCode>Co-Principal Investigator</RoleCode>
    </Investigator>
    <Investigator>
      <FirstName>John</FirstName>
      <LastName>Simonetti</LastName>
      <EmailAddress>jhs@vt.edu</EmailAddress>
      <StartDate>06/15/1998</StartDate>
      <EndDate/>
      <RoleCode>Principal Investigator</RoleCode>
    </Investigator>
    <Institution>
      <Name>Virginia Polytechnic Institute and State University</Name>
      <CityName>BLACKSBURG</CityName>
      <ZipCode>240610001</ZipCode>
      <PhoneNumber>5402315281</PhoneNumber>
      <StreetAddress>Sponsored Programs 0170</StreetAddress>
      <CountryName>United States</CountryName>
      <StateName>Virginia</StateName>
      <StateCode>VA</StateCode>
    </Institution>
    <FoaInformation>
      <Code>0000099</Code>
      <Name>Other Applications NEC</Name>
    </FoaInformation>
    <ProgramElement>
      <Code>1216</Code>
      <Text>GALACTIC ASTRONOMY PROGRAM</Text>
    </ProgramElement>
    <ProgramReference>
      <Code>0000</Code>
      <Text>UNASSIGNED</Text>
    </ProgramReference>
    <ProgramReference>
      <Code>1207</Code>
      <Text>OBSERVATIONAL ASTRONOMY</Text>
    </ProgramReference>
    <ProgramReference>
      <Code>OTHR</Code>
      <Text>OTHER RESEARCH OR EDUCATION</Text>
    </ProgramReference>
  </Award>
</rootTag>
