<?xml version="1.0" encoding="UTF-8"?>

<rootTag>
  <Award>
    <AwardTitle>SBIR Phase II: A New Active Vibration Control Method for Precision Machines</AwardTitle>
    <AwardEffectiveDate>07/01/1998</AwardEffectiveDate>
    <AwardExpirationDate>06/30/2000</AwardExpirationDate>
    <AwardAmount>399991</AwardAmount>
    <AwardInstrument>
      <Value>Standard Grant</Value>
    </AwardInstrument>
    <Organization>
      <Code>07070000</Code>
      <Directorate>
        <LongName>Directorate For Engineering</LongName>
      </Directorate>
      <Division>
        <LongName>Div Of Industrial Innovation &amp; Partnersh</LongName>
      </Division>
    </Organization>
    <ProgramOfficer>
      <SignBlockName>Ritchie B. Coryell</SignBlockName>
    </ProgramOfficer>
    <AbstractNarration>*** 9800937 Rosenthal This Small Business Innovation Research (SBIR) Phase II project will develop a new prototype multichannel controller for a six degree-of-freedom (DOF) vibration isolation table. The new table will mitigate vibration in advanced submicron line-width semiconductor production and metrology machinery. The controller will apply a new method for multi-channel active control to the active control of vibration. Available vibration control tables, while adequate for vibration control in today's semiconductor production and measuring equipment, will be inadequate for emerging semiconductor technology, in which six-DOF table vibration must be controlled to much lower levels of vibration. Existing six-DOF systems control each channel of motion independently on the unlikely assumption that, unless collocated, actuators and error sensors are decoupled from each other. As a result, existing tables tend to become unstable and to have limited vibration control performance. A new algorithm avoids these difficulties by permitting unified control of several channels of reference sensors and table motions. The new controller will extend signal separation technology that is now opertional in a multi-channel noise canceller. Commercial applications are expected in industries requiring a high degree of vibration isolation in sensitive electronics fabrication operations. In particular, operations in deep ultraviolet and X-ray lithography, semiconductor critical dimension and defect metrology, and atomic force and electron microscopy are targeted for this new vibration isolation technology. ***</AbstractNarration>
    <MinAmdLetterDate>06/18/1998</MinAmdLetterDate>
    <MaxAmdLetterDate>06/18/1998</MaxAmdLetterDate>
    <ARRAAmount/>
    <AwardID>9800937</AwardID>
    <Investigator>
      <FirstName>Felix</FirstName>
      <LastName>Rosenthal</LastName>
      <EmailAddress>sigsep@ix.netcom.com</EmailAddress>
      <StartDate>06/18/1998</StartDate>
      <EndDate/>
      <RoleCode>Principal Investigator</RoleCode>
    </Investigator>
    <Institution>
      <Name>Signal Separation Technologies Inc</Name>
      <CityName>Annandale</CityName>
      <ZipCode>22003</ZipCode>
      <PhoneNumber>7039784976</PhoneNumber>
      <StreetAddress>4020 Iva Lane</StreetAddress>
      <CountryName>United States</CountryName>
      <StateName>Virginia</StateName>
      <StateCode>VA</StateCode>
    </Institution>
    <FoaInformation>
      <Code>0510403</Code>
      <Name>Engineering &amp; Computer Science</Name>
    </FoaInformation>
  </Award>
</rootTag>
