<?xml version="1.0" encoding="UTF-8"?>

<rootTag>
  <Award>
    <AwardTitle>Dissertation Research: Mechanisms Maintaining Variation for Disease Resistance at Rpm1 in Arabidopsis thaliana</AwardTitle>
    <AwardEffectiveDate>06/01/1998</AwardEffectiveDate>
    <AwardExpirationDate>12/31/1999</AwardExpirationDate>
    <AwardAmount>7575</AwardAmount>
    <AwardInstrument>
      <Value>Standard Grant</Value>
    </AwardInstrument>
    <Organization>
      <Code>08010207</Code>
      <Directorate>
        <LongName>Direct For Biological Sciences</LongName>
      </Directorate>
      <Division>
        <LongName>Division Of Environmental Biology</LongName>
      </Division>
    </Organization>
    <ProgramOfficer>
      <SignBlockName>Elizabeth Lyons</SignBlockName>
    </ProgramOfficer>
    <AbstractNarration>Kreitman 9800957 Plant species generally exhibit variation for resistance to disease. This striking observation implies that a balance of opposing forces acts to maintain variation for disease resistance. Since the cost imposed by disease would drive populations toward increased resistance, a trade-off should oppose increased resistance to account for the observed variation. In the model plant species Arabidopsis thaliana, a balance of opposing forces maintains molecular variation at disease resistance gene Rpm1. The proposed research will investigate the origin and determinants of variation for disease resistance within populations. High through-put methods will allow genotyping of hundreds of A. thaliana individuals from local populations in Indiana and Michigan. Analyses will measure associations between Rpm1 and nearby genetic markers. Little association would support a balance within populations, while greater association would support a balance due to migration among populations where different forces dominate. Arabidopsis disease resistance has come under intense study recently, and the ecological and evolutionary work proposed here will complement molecular genetic work on this system. Plant disease resistance must be understood to facilitate the management of disease in crops, for assessing planting strategies and predicting the impact of disease in natural plant populations and weeds. Furthermore, plant disease resistance can be compared with the animal immunity for a more general understanding of the pressures pathogens place on host species. This project continues in the vein of Kreitman's work on the fruit fly Drosophila, at the interface between population genetic theory and empirical data. Arabidopsis Rpm1 is a strong example of balancing selection maintaining molecular variation. Continuing study of Rpm1 will help elucidate the patterns and processes shaping genetic variation and change. Finally, the proposed work continues to develop Arabidopsis as an important new model organism for population genetics. Arguably, no other model organism affords as much potential for interplay with ecology and genetics, both well-established fields in Arabidopsis biology.</AbstractNarration>
    <MinAmdLetterDate>05/18/1998</MinAmdLetterDate>
    <MaxAmdLetterDate>05/18/1998</MaxAmdLetterDate>
    <ARRAAmount/>
    <AwardID>9800957</AwardID>
    <Investigator>
      <FirstName>Martin</FirstName>
      <LastName>Kreitman</LastName>
      <EmailAddress>mkre@midway.uchicago.edu</EmailAddress>
      <StartDate>05/18/1998</StartDate>
      <EndDate/>
      <RoleCode>Principal Investigator</RoleCode>
    </Investigator>
    <Investigator>
      <FirstName>Joy</FirstName>
      <LastName>Bergelson</LastName>
      <EmailAddress>jbergels@uchicago.edu</EmailAddress>
      <StartDate>05/18/1998</StartDate>
      <EndDate/>
      <RoleCode>Co-Principal Investigator</RoleCode>
    </Investigator>
    <Institution>
      <Name>University of Chicago</Name>
      <CityName>Chicago</CityName>
      <ZipCode>606375418</ZipCode>
      <PhoneNumber>7737028669</PhoneNumber>
      <StreetAddress>5801 South Ellis Avenue</StreetAddress>
      <CountryName>United States</CountryName>
      <StateName>Illinois</StateName>
      <StateCode>IL</StateCode>
    </Institution>
    <FoaInformation>
      <Code>0312000</Code>
      <Name>Population</Name>
    </FoaInformation>
  </Award>
</rootTag>
