<?xml version="1.0" encoding="UTF-8"?>

<rootTag>
  <Award>
    <AwardTitle>Creep Fracture of Graphite/Polymer Composites: Experiments and Modeling to Predict Lifetime</AwardTitle>
    <AwardEffectiveDate>05/01/1998</AwardEffectiveDate>
    <AwardExpirationDate>04/30/2002</AwardExpirationDate>
    <AwardAmount>157000</AwardAmount>
    <AwardInstrument>
      <Value>Standard Grant</Value>
    </AwardInstrument>
    <Organization>
      <Code>07030000</Code>
      <Directorate>
        <LongName>Directorate For Engineering</LongName>
      </Directorate>
      <Division>
        <LongName>Div Of Civil, Mechanical, &amp; Manufact Inn</LongName>
      </Division>
    </Organization>
    <ProgramOfficer>
      <SignBlockName>Ken Chong</SignBlockName>
    </ProgramOfficer>
    <AbstractNarration>CMS 9800128 PI: L.S. Schadler RPI ABSTRACT A combined experimental and theoretical study of the creep fracture in unidirectional, graphite fiber/polymer-matrix composite materials in tension is conducted. Creep fracture is important in various applications such as filament wound pressure vessels, pultruded rods and beams, offshore platform stabilizing cables and pipes, all of which sustain high loads for long times. The model incorporates micromechanical and statistical failure processes in the composite, and yields probability distributions for strength and long-term lifetime. Micro-Raman Spectroscopy (MRS) is used to study matrix creep and time-dependent interfacial debond and slip phenomena at length scales closer to fiber diameter. Fast comutational micromechanics model for the composite is developed that provides stress and displacement fields for large random arrays of fiber breaks and break clusters for use in large Monte Carlo simulations. The MRS experiments and computational model are interactively used to interpret experimental stress profiles as they change over time. ***</AbstractNarration>
    <MinAmdLetterDate>06/11/1998</MinAmdLetterDate>
    <MaxAmdLetterDate>06/11/1998</MaxAmdLetterDate>
    <ARRAAmount/>
    <AwardID>9800128</AwardID>
    <Investigator>
      <FirstName>Linda</FirstName>
      <LastName>Schadler</LastName>
      <EmailAddress>schadl@rpi.edu</EmailAddress>
      <StartDate>06/11/1998</StartDate>
      <EndDate/>
      <RoleCode>Principal Investigator</RoleCode>
    </Investigator>
    <Institution>
      <Name>Rensselaer Polytechnic Institute</Name>
      <CityName>Troy</CityName>
      <ZipCode>121803522</ZipCode>
      <PhoneNumber>5182766000</PhoneNumber>
      <StreetAddress>110 8TH ST</StreetAddress>
      <CountryName>United States</CountryName>
      <StateName>New York</StateName>
      <StateCode>NY</StateCode>
    </Institution>
    <FoaInformation>
      <Code>0106000</Code>
      <Name>Materials Research</Name>
    </FoaInformation>
  </Award>
</rootTag>
