<?xml version="1.0" encoding="UTF-8"?>

<rootTag>
  <Award>
    <AwardTitle>Asymptotic Problems in Representation Theory</AwardTitle>
    <AwardEffectiveDate>08/01/1998</AwardEffectiveDate>
    <AwardExpirationDate>07/31/2000</AwardExpirationDate>
    <AwardAmount>61776</AwardAmount>
    <AwardInstrument>
      <Value>Standard Grant</Value>
    </AwardInstrument>
    <Organization>
      <Code>03040200</Code>
      <Directorate>
        <LongName>Direct For Mathematical &amp; Physical Scien</LongName>
      </Directorate>
      <Division>
        <LongName>Division Of Mathematical Sciences</LongName>
      </Division>
    </Organization>
    <ProgramOfficer>
      <SignBlockName>Joe W. Jenkins</SignBlockName>
    </ProgramOfficer>
    <AbstractNarration>Abstract Okounkov The aim of this project is to investigate a number of interrelated asymptotic problems arising in representation theory and mathematical physics. The two main parts of the project are the study of admissible representations of Gelfand pairs associated to infinite-dimensional symmetric spaces and the investigation of the thermodynamic limit of certain quantum many-body systems. The methods to be used are the various asymptotic methods developed recently by G. Olshanski and the PI. They include, in particular, the use of certain interpolation analogs of the multivariate Jacobi polynomials and binomial-type expansions of the multivariate Jacobi polynomials. In mathematics, many problems of interest are just too complicated to attack them directly. There are two fundamental principles which help gain some insight into complicated phenomena: the symmetry, which helps understand the structure of the problem, and the law of large numbers, which forces systems of a very large size behave, in a sense, in a simplified and predictable fashion. The interaction of these principles plays the key role in the project. For example, we study a certain quantum mechanical system of particles and use its rich symmetries to obtain information about the behavior of this system as the number of particles becomes very, very large. This sort of information is of great interest because most physical objects consist of a huge number of very small components.</AbstractNarration>
    <MinAmdLetterDate>07/30/1998</MinAmdLetterDate>
    <MaxAmdLetterDate>08/10/1998</MaxAmdLetterDate>
    <ARRAAmount/>
    <AwardID>9801466</AwardID>
    <Investigator>
      <FirstName>Andrei</FirstName>
      <LastName>Okounkov</LastName>
      <EmailAddress>ao2295@columbia.edu</EmailAddress>
      <StartDate>07/30/1998</StartDate>
      <EndDate/>
      <RoleCode>Principal Investigator</RoleCode>
    </Investigator>
    <Institution>
      <Name>University of Chicago</Name>
      <CityName>Chicago</CityName>
      <ZipCode>606375418</ZipCode>
      <PhoneNumber>7737028669</PhoneNumber>
      <StreetAddress>5801 South Ellis Avenue</StreetAddress>
      <CountryName>United States</CountryName>
      <StateName>Illinois</StateName>
      <StateCode>IL</StateCode>
    </Institution>
    <FoaInformation>
      <Code>0000099</Code>
      <Name>Other Applications NEC</Name>
    </FoaInformation>
    <ProgramElement>
      <Code>1281</Code>
      <Text>ANALYSIS PROGRAM</Text>
    </ProgramElement>
    <ProgramReference>
      <Code>0000</Code>
      <Text>UNASSIGNED</Text>
    </ProgramReference>
    <ProgramReference>
      <Code>OTHR</Code>
      <Text>OTHER RESEARCH OR EDUCATION</Text>
    </ProgramReference>
  </Award>
</rootTag>
