<?xml version="1.0" encoding="UTF-8"?>

<rootTag>
  <Award>
    <AwardTitle>Asai L-Functions, Forms on GL(4), and Applications</AwardTitle>
    <AwardEffectiveDate>07/01/1998</AwardEffectiveDate>
    <AwardExpirationDate>06/30/2002</AwardExpirationDate>
    <AwardAmount>160038</AwardAmount>
    <AwardInstrument>
      <Value>Continuing grant</Value>
    </AwardInstrument>
    <Organization>
      <Code>03040200</Code>
      <Directorate>
        <LongName>Direct For Mathematical &amp; Physical Scien</LongName>
      </Directorate>
      <Division>
        <LongName>Division Of Mathematical Sciences</LongName>
      </Division>
    </Organization>
    <ProgramOfficer>
      <SignBlockName>William M. Snyder, Jr.</SignBlockName>
    </ProgramOfficer>
    <AbstractNarration>ABSTRACT Dinakar Ramakrishnan Cal Tech DMS 98-01328 In this project, Professor Dinakar Ramakrishnan will study three technical problems central to the Langlands program in Number Theory. One problem involves the principle of functoriality involving the Asai L-functions and automorphic forms on the general linear group of degree 4. The second involves a conjecture of the famous mathematician from the early part of the century, Ramanujan. The final project is to understand a class of cusp forms over complex multiplication fields with regular infinity type. One of the most important mathematical ideas of the second half of the century, is that analytic formula often encodes discrete information. For example, one might want to count the number of solutions of a particular equation, but discover that the solutions are very hard to find. Mathematicians call these kind of problems 'discrete' because you are counting separated things. The functions that appear in calculus, and for which calculus works so well, are not 'discrete', but 'analytic' because they deal with all the real numbers no matter how close together. Amazingly, the right kind of analytic function can contain the answer a discrete examples. Actually the first examples of this were discovered a couple hundred years ago, but in the past thirty years, these examples have been systematized into a branch of number theory called the Langlands program.</AbstractNarration>
    <MinAmdLetterDate>07/06/1998</MinAmdLetterDate>
    <MaxAmdLetterDate>08/20/2001</MaxAmdLetterDate>
    <ARRAAmount/>
    <AwardID>9801328</AwardID>
    <Investigator>
      <FirstName>Dinakar</FirstName>
      <LastName>Ramakrishnan</LastName>
      <EmailAddress>dinakar@its.caltech.edu</EmailAddress>
      <StartDate>07/06/1998</StartDate>
      <EndDate/>
      <RoleCode>Principal Investigator</RoleCode>
    </Investigator>
    <Institution>
      <Name>California Institute of Technology</Name>
      <CityName>PASADENA</CityName>
      <ZipCode>911250600</ZipCode>
      <PhoneNumber>6263956219</PhoneNumber>
      <StreetAddress>1200 E California Blvd</StreetAddress>
      <CountryName>United States</CountryName>
      <StateName>California</StateName>
      <StateCode>CA</StateCode>
    </Institution>
  </Award>
</rootTag>
