<?xml version="1.0" encoding="UTF-8"?>

<rootTag>
  <Award>
    <AwardTitle>SGER: Botanical Collecting and Ecological Observations in Coastal South American Deserts during the 1997/98 ENSO Event</AwardTitle>
    <AwardEffectiveDate>12/01/1997</AwardEffectiveDate>
    <AwardExpirationDate>06/30/1999</AwardExpirationDate>
    <AwardAmount>49836</AwardAmount>
    <AwardInstrument>
      <Value>Standard Grant</Value>
    </AwardInstrument>
    <Organization>
      <Code>08010207</Code>
      <Directorate>
        <LongName>Direct For Biological Sciences</LongName>
      </Directorate>
      <Division>
        <LongName>Division Of Environmental Biology</LongName>
      </Division>
    </Organization>
    <ProgramOfficer>
      <SignBlockName>James E. Rodman</SignBlockName>
    </ProgramOfficer>
    <AbstractNarration>9801297 Dillon Predictions of major climatic impacts in the Americas from developing El Nino conditions include greatly increased rainfall in deserts of northern South America. Past El Nino conditions, in 1982 and again in 1987, led to dramatic increases in the appearance of flowering plants in the very dry deserts of coastal Chile and Peru, especially in zones subject to regular fogs and known as "lomas" communities. For many years the botanist Dr. Michael Dillon of the Field Museum of Natural History and his ecologist colleague Dr. Philip Rundel, working with Chilean and Peruvian colleagues, have been studying the flora and vegetation of these hyper arid regions. They have amassed specimens and associated observational data documenting the occurrence of 1175 species of flowering plants, placed in 418 genera in 97 families, in various lomas formations in the two countries. Many of these are rare or ephemeral in occurrence, and for most little is known about seed longevity in the soil and germination requirements, or about growth and development to reproduction. Long term monitoring of basic ecological information, like vegetation cover, composition, and turnover, has been possible at just a few field sites, in collaboration with host-country colleagues. Expedited funding through this Small Grant for Exploratory Research program makes it possible to respond promptly to the opportunity for floristic and ecological monitoring of desert regions in northern Chile and southern Peru, during the impending ENSO event. Species changes will be integrated with existing databases know accessible through the Web, and authenticated by specimen collections at the Field Museum and elsewhere. Ecological monitoring will lay the basis for more sophisticated studies on drought tolerance in relation to photosynthetic pathways and water relations. Field work this coming year will make possible direct comparison with floristic and vegetational conditions documented from previous El Nino years.</AbstractNarration>
    <MinAmdLetterDate>12/22/1997</MinAmdLetterDate>
    <MaxAmdLetterDate>12/22/1997</MaxAmdLetterDate>
    <ARRAAmount/>
    <AwardID>9801297</AwardID>
    <Investigator>
      <FirstName>Philip</FirstName>
      <LastName>Rundel</LastName>
      <EmailAddress>rundel@biology.ucla.edu</EmailAddress>
      <StartDate>12/22/1997</StartDate>
      <EndDate/>
      <RoleCode>Co-Principal Investigator</RoleCode>
    </Investigator>
    <Investigator>
      <FirstName>Michael</FirstName>
      <LastName>Dillon</LastName>
      <EmailAddress>dillon@fieldmuseum.org</EmailAddress>
      <StartDate>12/22/1997</StartDate>
      <EndDate/>
      <RoleCode>Principal Investigator</RoleCode>
    </Investigator>
    <Institution>
      <Name>Field Museum of Natural History</Name>
      <CityName>CHICAGO</CityName>
      <ZipCode>606052827</ZipCode>
      <PhoneNumber>3126657240</PhoneNumber>
      <StreetAddress>1400 S LAKE SHORE DR</StreetAddress>
      <CountryName>United States</CountryName>
      <StateName>Illinois</StateName>
      <StateCode>IL</StateCode>
    </Institution>
    <FoaInformation>
      <Code>0000099</Code>
      <Name>Other Applications NEC</Name>
    </FoaInformation>
  </Award>
</rootTag>
