<?xml version="1.0" encoding="UTF-8"?>

<rootTag>
  <Award>
    <AwardTitle>SBIR Phase II: Design of a New and Improved Print Reading Machine for the Blind</AwardTitle>
    <AwardEffectiveDate>08/15/1998</AwardEffectiveDate>
    <AwardExpirationDate>12/31/2001</AwardExpirationDate>
    <AwardAmount>400000</AwardAmount>
    <AwardInstrument>
      <Value>Standard Grant</Value>
    </AwardInstrument>
    <Organization>
      <Code>07070000</Code>
      <Directorate>
        <LongName>Directorate For Engineering</LongName>
      </Directorate>
      <Division>
        <LongName>Div Of Industrial Innovation &amp; Partnersh</LongName>
      </Division>
    </Organization>
    <ProgramOfficer>
      <SignBlockName>Sara B. Nerlove</SignBlockName>
    </ProgramOfficer>
    <AbstractNarration>*** 9801554 Blazie This Small Business Innovation Research Phase II project from Blazie Engineering, Inc. will conduct research leading to the development of three working prototypes of a new print reading machine for the blind. As of early 1996, the only existing device in the world that can produce a tactile image of print from a small hand held camera, the Optacon, is no longer being produced by its manufacturer. In Phase I, the researchers demonstrated the feasibility of incorporating new technology in a new print reading machine which make it easier to use, quicker to learn, less expensive, and attractive to a larger market. A new tactile screen was designed which should significantly reduce costs and provide a clearer tactile image. A new camera design coupled with built in synthetic speech would make the device easier to learn and use and, with the proper accessories, the device would appeal to a larger market. The Phase II effort includes the following: detailed design, construction and user testing of the new tactile array; research and design of a new camera to produce a better tactile image; built-in speech synthesis and capability for training programs; development of software to allow tactile imaging of a PC screen; and design of hardware that allows for future expansion (including multi-purpose interface for additional cameras/scanners, hardware features to allow built in training features, and communications ports and universal serial bus for future expansion to market). The Optacon print reader enables blind individuals to have access to the study of mathematics and science. If this research is successful an improved, lower-cost commercial product incorporating new technology will result which make such access not only possible but also more attractive to a wider population. This new print reader for the blind will increase their employment opportunities and self-sufficiency to perform household management tasks as well as their ability to interface with print material s. ***</AbstractNarration>
    <MinAmdLetterDate>07/30/1998</MinAmdLetterDate>
    <MaxAmdLetterDate>03/08/2001</MaxAmdLetterDate>
    <ARRAAmount/>
    <AwardID>9801554</AwardID>
    <Investigator>
      <FirstName>Deane</FirstName>
      <LastName>Blazie</LastName>
      <EmailAddress>deane@blazie.com</EmailAddress>
      <StartDate>07/30/1998</StartDate>
      <EndDate>11/13/2001</EndDate>
      <RoleCode>Former Principal Investigator</RoleCode>
    </Investigator>
    <Investigator>
      <FirstName>Oleg</FirstName>
      <LastName>Tretiakoff</LastName>
      <EmailAddress>oleg.tretiakoff@gmail.com</EmailAddress>
      <StartDate>11/13/2001</StartDate>
      <EndDate/>
      <RoleCode>Principal Investigator</RoleCode>
    </Investigator>
    <Institution>
      <Name>Blazie Engineering, Incorporated</Name>
      <CityName>Forest Hill</CityName>
      <ZipCode>210501611</ZipCode>
      <PhoneNumber>4108939333</PhoneNumber>
      <StreetAddress>105 East Jarrettsville Road</StreetAddress>
      <CountryName>United States</CountryName>
      <StateName>Maryland</StateName>
      <StateCode>MD</StateCode>
    </Institution>
    <FoaInformation>
      <Code>0510403</Code>
      <Name>Engineering &amp; Computer Science</Name>
    </FoaInformation>
    <ProgramElement>
      <Code>5373</Code>
      <Text>SMALL BUSINESS PHASE II</Text>
    </ProgramElement>
    <ProgramReference>
      <Code>9178</Code>
      <Text>UNDERGRADUATE EDUCATION</Text>
    </ProgramReference>
    <ProgramReference>
      <Code>SMET</Code>
      <Text>SCIENCE, MATH, ENG &amp; TECH EDUCATION</Text>
    </ProgramReference>
  </Award>
</rootTag>
