<?xml version="1.0" encoding="UTF-8"?>

<rootTag>
  <Award>
    <AwardTitle>Dissertation Research: Evolution in a Recently Arisen Species Complex: Phylogeography and Genetic Diversity in Manihot esculenta Crantz (Euphorbiaceae)</AwardTitle>
    <AwardEffectiveDate>06/01/1998</AwardEffectiveDate>
    <AwardExpirationDate>05/31/2000</AwardExpirationDate>
    <AwardAmount>10000</AwardAmount>
    <AwardInstrument>
      <Value>Standard Grant</Value>
    </AwardInstrument>
    <Organization>
      <Code>08010207</Code>
      <Directorate>
        <LongName>Direct For Biological Sciences</LongName>
      </Directorate>
      <Division>
        <LongName>Division Of Environmental Biology</LongName>
      </Division>
    </Organization>
    <ProgramOfficer>
      <SignBlockName>Elizabeth Lyons</SignBlockName>
    </ProgramOfficer>
    <AbstractNarration>Schaal 9801213 The process by which populations within a species diverge over time to form new species is poorly understood. Schaal and Olsen propose to study this process of genetic divergence, using two species in the plant genus Manihot as a study system. They will examine patterns of genetic differentiation within and among the three subspecies of M. esculenta, as well as between M. esculenta and the closely related species M. pruinosa. Using a combination of DNA sequence data and other molecular genetic markers, they will study how present-day population genetic structure reflects historical relationships among populations in the study system. Their analysis is specifically designed to discriminate between the effects of gene flow (migration) between populations and the random sorting of genetic variation (lineage sorting). Understanding the process of genetic divergence at the boundary between populations and species is crucial to understanding speciation and evolutionary diversification. This issue is thus of fundamental importance in understanding the process of evolution. The study proposed by Schaal and Olsen offers several advantages for studying this speciation process. Because their study system involves populations within a species as well as between species, their analysis explicitly encompasses the population-species interface. Moreover, because interspecific hybridization has been proposed to occur between the two species of Manihot in the wild, the potential influence of gene flow is relevant at both above and below the species boundary. In addition, one of the three subspecies of M. esculenta is the cultivated crop cassava, which is the fourth most important starch crop in the world and a staple food for over 500 million people. The proposed study will help to shed light on the evolutionary and geographical origins of cassava, and will therefore have important implications for approaches to conserv ing genetic diversity in this crop.</AbstractNarration>
    <MinAmdLetterDate>05/01/1998</MinAmdLetterDate>
    <MaxAmdLetterDate>05/01/1998</MaxAmdLetterDate>
    <ARRAAmount/>
    <AwardID>9801213</AwardID>
    <Investigator>
      <FirstName>Barbara</FirstName>
      <LastName>Schaal</LastName>
      <EmailAddress>schaal@biology.wustl.edu</EmailAddress>
      <StartDate>05/01/1998</StartDate>
      <EndDate/>
      <RoleCode>Principal Investigator</RoleCode>
    </Investigator>
    <Institution>
      <Name>Washington University</Name>
      <CityName>Saint Louis</CityName>
      <ZipCode>631304862</ZipCode>
      <PhoneNumber>3147474134</PhoneNumber>
      <StreetAddress>CAMPUS BOX 1054</StreetAddress>
      <CountryName>United States</CountryName>
      <StateName>Missouri</StateName>
      <StateCode>MO</StateCode>
    </Institution>
    <FoaInformation>
      <Code>0201000</Code>
      <Name>Agriculture</Name>
    </FoaInformation>
    <FoaInformation>
      <Code>0312000</Code>
      <Name>Population</Name>
    </FoaInformation>
    <ProgramElement>
      <Code>1174</Code>
      <Text>POPULATION DYNAMICS</Text>
    </ProgramElement>
    <ProgramReference>
      <Code>9169</Code>
      <Text>BIODIVERSITY AND ECOSYSTEM DYNAMICS</Text>
    </ProgramReference>
    <ProgramReference>
      <Code>EGCH</Code>
      <Text>ENVIRONMENT AND GLOBAL CHANGE</Text>
    </ProgramReference>
  </Award>
</rootTag>
