<?xml version="1.0" encoding="UTF-8"?>

<rootTag>
  <Award>
    <AwardTitle>Solutions and Spectrum of Schrodinger Operators</AwardTitle>
    <AwardEffectiveDate>07/01/1998</AwardEffectiveDate>
    <AwardExpirationDate>06/30/2001</AwardExpirationDate>
    <AwardAmount>67438</AwardAmount>
    <AwardInstrument>
      <Value>Standard Grant</Value>
    </AwardInstrument>
    <Organization>
      <Code>03040200</Code>
      <Directorate>
        <LongName>Direct For Mathematical &amp; Physical Scien</LongName>
      </Directorate>
      <Division>
        <LongName>Division Of Mathematical Sciences</LongName>
      </Division>
    </Organization>
    <ProgramOfficer>
      <SignBlockName>Juan J. Manfredi</SignBlockName>
    </ProgramOfficer>
    <AbstractNarration>Proposal: DMS-9801530 Principal Investigator: Alexander Kiselev Abstract: The research will focus mainly on two objectives. The first is to study the general relationships between the behavior of solutions of the generalized eigenfunction equation, spectral properties and quantum dynamics of Schroedinger (and more generally elliptic) operators on infinite domains in any dimension. The second objective is the investigation of spectral and dynamical properties of concrete quantum mechanical systems. The goal is the development of a new spectral analysis technique for studying fine structure in the essential spectra of Schroedinger operators (that is, the decomposition of the essential spectrum into absolutely continuous, singular continuous and pure point components). In addition to spectral information, the new methods may yield valuable results about quantum dynamics of various systems via new relations between the behavior of solutions of generalized eigenfunction equation, spectral measures, and quantum dynamics. This technique may have potential applications to and will provide further insight into many important problems, in particular such as models of quasicrystals, the Anderson model and other models involving random or ergodic potentials, and Schroedinger operators with slowly decaying potentials. The spectral and dynamical theory of Schroedinger operators is the cornerstone of Quantum Mechanics. This theory describes the laws which govern the behavior of quantum particles, such as electrons, atoms and molecules. Much of the fundamental scientific knowledge about many important physical processes (such as, for example, chemical reactions or conduction properties of various materials) comes from the theory of Schroedinger operators. This proposal focuses on the development of the new methods in spectral and dynamical theory of Schroedinger operators which may allow a new approach to some long-standing problems in Quantum Mechanics. These problems concern, in particular, the cond uctance properties of materials with impurities and of quasicrystals, and have direct applications to modern engineering devices, wave guides and transistors to name two.</AbstractNarration>
    <MinAmdLetterDate>03/17/1998</MinAmdLetterDate>
    <MaxAmdLetterDate>03/17/1998</MaxAmdLetterDate>
    <ARRAAmount/>
    <AwardID>9801530</AwardID>
    <Investigator>
      <FirstName>Alexander</FirstName>
      <LastName>Kiselev</LastName>
      <EmailAddress>sasha243022@gmail.com</EmailAddress>
      <StartDate>03/17/1998</StartDate>
      <EndDate/>
      <RoleCode>Principal Investigator</RoleCode>
    </Investigator>
    <Institution>
      <Name>University of Chicago</Name>
      <CityName>Chicago</CityName>
      <ZipCode>606375418</ZipCode>
      <PhoneNumber>7737028669</PhoneNumber>
      <StreetAddress>5801 South Ellis Avenue</StreetAddress>
      <CountryName>United States</CountryName>
      <StateName>Illinois</StateName>
      <StateCode>IL</StateCode>
    </Institution>
    <FoaInformation>
      <Code>0000099</Code>
      <Name>Other Applications NEC</Name>
    </FoaInformation>
  </Award>
</rootTag>
