<?xml version="1.0" encoding="UTF-8"?>

<rootTag>
  <Award>
    <AwardTitle>SBIR Phase II: Numerical Simulation of Cavitating Flows Using an Innovative Probability Density Function Model for Phase Change</AwardTitle>
    <AwardEffectiveDate>09/01/1998</AwardEffectiveDate>
    <AwardExpirationDate>08/31/2000</AwardExpirationDate>
    <AwardAmount>399849</AwardAmount>
    <AwardInstrument>
      <Value>Standard Grant</Value>
    </AwardInstrument>
    <Organization>
      <Code>07070000</Code>
      <Directorate>
        <LongName>Directorate For Engineering</LongName>
      </Directorate>
      <Division>
        <LongName>Div Of Industrial Innovation &amp; Partnersh</LongName>
      </Division>
    </Organization>
    <ProgramOfficer>
      <SignBlockName>Cheryl F. Albus</SignBlockName>
    </ProgramOfficer>
    <AbstractNarration>*** 9801239 Singhal This Small Business Innovation Research(SBIR)Phase II project will further develop, validate and demonstrate the Probability Density Function (PDF) cavitation model for multi-dimensional steady and transient simulations of cavitating flows. Phase I has shown the feasibility and benefits of including the effects of turbulent pressure fluctuations on phase change rate, by using a PDF approach. While this effect has, as postulated, improved both the accuracy and numerical stability of solutions, further study is needed to account for additional physical phenomena such as bubble dynamics and presence of non-condensable gases. The Phase II effort will focus on a) developing appropriate functions for phase change rates by making use of the Rayleigh-Plesset equation and partial pressure concepts, and b) improving robustness and efficiency of the iterative solution process. Each modification will be systematically assessed by comparing numerical solutions against selected benchmark data, covering wide range of problems and flow conditions. The final model will be applied to three classes of problems from aerospace, naval/marine, and automotive industry The developed cavitation model will enable improved designs of engineering equipment using pumps, propellers, orifices, hydrofoils, and hydrostatic bearings and biomedical devices such as mechanical heart valves. The cavitation model will be useable with cooercial programs. ***</AbstractNarration>
    <MinAmdLetterDate>09/01/1998</MinAmdLetterDate>
    <MaxAmdLetterDate>09/01/1998</MaxAmdLetterDate>
    <ARRAAmount/>
    <AwardID>9801239</AwardID>
    <Investigator>
      <FirstName>Ashok</FirstName>
      <LastName>Singhal</LastName>
      <EmailAddress>aks@cfdrc.com</EmailAddress>
      <StartDate>09/01/1998</StartDate>
      <EndDate/>
      <RoleCode>Principal Investigator</RoleCode>
    </Investigator>
    <Institution>
      <Name>CFD RESEARCH CORPORATION</Name>
      <CityName>HUNTSVILLE</CityName>
      <ZipCode>358062923</ZipCode>
      <PhoneNumber>2567264800</PhoneNumber>
      <StreetAddress>701 McMillian Way NW, Suite D</StreetAddress>
      <CountryName>United States</CountryName>
      <StateName>Alabama</StateName>
      <StateCode>AL</StateCode>
    </Institution>
    <FoaInformation>
      <Code>0108000</Code>
      <Name>Software Development</Name>
    </FoaInformation>
    <FoaInformation>
      <Code>0308000</Code>
      <Name>Industrial Technology</Name>
    </FoaInformation>
    <FoaInformation>
      <Code>0510403</Code>
      <Name>Engineering &amp; Computer Science</Name>
    </FoaInformation>
    <ProgramElement>
      <Code>5373</Code>
      <Text>SMALL BUSINESS PHASE II</Text>
    </ProgramElement>
    <ProgramReference>
      <Code>1266</Code>
      <Text>APPLIED MATHEMATICS</Text>
    </ProgramReference>
    <ProgramReference>
      <Code>9148</Code>
      <Text>TOOLS &amp; TECHNOL FOR MANUFACTURING DESIGN</Text>
    </ProgramReference>
    <ProgramReference>
      <Code>MANU</Code>
      <Text>MANUFACTURING</Text>
    </ProgramReference>
  </Award>
</rootTag>
