<?xml version="1.0" encoding="UTF-8"?>

<rootTag>
  <Award>
    <AwardTitle>SBIR Phase II: Ozone Sensor for Environmental Monitoring</AwardTitle>
    <AwardEffectiveDate>11/01/1998</AwardEffectiveDate>
    <AwardExpirationDate>10/31/2001</AwardExpirationDate>
    <AwardAmount>397423</AwardAmount>
    <AwardInstrument>
      <Value>Standard Grant</Value>
    </AwardInstrument>
    <Organization>
      <Code>07070000</Code>
      <Directorate>
        <LongName>Directorate For Engineering</LongName>
      </Directorate>
      <Division>
        <LongName>Div Of Industrial Innovation &amp; Partnersh</LongName>
      </Division>
    </Organization>
    <ProgramOfficer>
      <SignBlockName>TIMOTHY J. RUDD</SignBlockName>
    </ProgramOfficer>
    <AbstractNarration>9801485&lt;br/&gt;GINER&lt;br/&gt;This Small Business Innovation Research (SBIR) Phase II proposal is directed at the development of high-resolution, low-cost, low-weight, low-energy-consuming, stable sensors w;th parts per billion (ppb)&lt;br/&gt;resolution for environmental monitoring of ozone. Calibration curves show that the device will operate in a linear mode over the required range, and that concentration changes of less than 5 ppb 03 can be measured reliably. Short-term stability, temperature and humidity influences, the ozone concentration sensitivity as well as interfering gas signals were investigated in Phase I with encouraging results. In Phase ll, sensor and monitor prototype development to control producibility, sensitivity life, and sensor integration to multi-parameter devices will be expanded with a commercially viable miniaturized device that can be produced with a Phase lll partner, targeted. Initially targeted environmental monitoring and industrial safety markets are expected to be in the multi-million dollar range. Significant interest in ozone monitoring in offices and homes could generate markets far exceeding the volume of the initial markets. Cost-benefit estimations strongly support the proposed ozone sensor development. In addition sensor miniaturization will open up new product applications.</AbstractNarration>
    <MinAmdLetterDate>11/13/1998</MinAmdLetterDate>
    <MaxAmdLetterDate>10/30/2000</MaxAmdLetterDate>
    <ARRAAmount/>
    <AwardID>9801485</AwardID>
    <Investigator>
      <FirstName>John</FirstName>
      <LastName>Kosek</LastName>
      <EmailAddress>jkosek@ginerinc.com</EmailAddress>
      <StartDate>11/13/1998</StartDate>
      <EndDate/>
      <RoleCode>Principal Investigator</RoleCode>
    </Investigator>
    <Institution>
      <Name>GINER, INC.</Name>
      <CityName>Auburndale</CityName>
      <ZipCode>024666131</ZipCode>
      <PhoneNumber>7815290500</PhoneNumber>
      <StreetAddress>89 RUMFORD AVE</StreetAddress>
      <CountryName>United States</CountryName>
      <StateName>Massachusetts</StateName>
      <StateCode>MA</StateCode>
    </Institution>
  </Award>
</rootTag>
