<?xml version="1.0" encoding="UTF-8"?>

<rootTag>
  <Award>
    <AwardTitle>Applications of the Bruhat - Tits Building to Representation Theory</AwardTitle>
    <AwardEffectiveDate>07/15/1998</AwardEffectiveDate>
    <AwardExpirationDate>06/30/2002</AwardExpirationDate>
    <AwardAmount>93274</AwardAmount>
    <AwardInstrument>
      <Value>Continuing grant</Value>
    </AwardInstrument>
    <Organization>
      <Code>03040100</Code>
      <Directorate>
        <LongName>Direct For Mathematical &amp; Physical Scien</LongName>
      </Directorate>
      <Division>
        <LongName>Division Of Mathematical Sciences</LongName>
      </Division>
    </Organization>
    <ProgramOfficer>
      <SignBlockName>Joe W. Jenkins</SignBlockName>
    </ProgramOfficer>
    <AbstractNarration>Allen Moy&lt;br/&gt;98 01264&lt;br/&gt;&lt;br/&gt;A reductive p-adic group is the special collection of symmetries of an arithmetic or geometric object. This study is expected to unravel intricate and fundamental properties of the objects and patterns which are of interest in arithmetic and geometry through the study of these symmetries. One way to understand a group of symmetries is through a representation of its elements as matrices. Representation theory does this in a systematic way. Ultimately the goal is to we are able to construct and classify all representations of the reductive p-adic groups, and from this settle important questions about the underlying geometric object. This is important because so many interesting arithmetic and geometric objects have interesting symmetries that form a reductive&lt;br/&gt;p-adic group. &lt;br/&gt;&lt;br/&gt;This research comes under the umbrella of harmonic analysis on topological groups. Group theory and harmonic analysis are a part of the fundamental underpinnings of certain applications of mathematics to technology in such fields as error correcting codes for efficient and reliable communication and computer imaging, eg. medical imaging, geological imaging or planetary imaging.</AbstractNarration>
    <MinAmdLetterDate>07/10/1998</MinAmdLetterDate>
    <MaxAmdLetterDate>07/19/2000</MaxAmdLetterDate>
    <ARRAAmount/>
    <AwardID>9801264</AwardID>
    <Investigator>
      <FirstName>Allen</FirstName>
      <LastName>Moy</LastName>
      <EmailAddress>moy@umich.edu</EmailAddress>
      <StartDate>07/10/1998</StartDate>
      <EndDate/>
      <RoleCode>Principal Investigator</RoleCode>
    </Investigator>
    <Institution>
      <Name>University of Michigan Ann Arbor</Name>
      <CityName>Ann Arbor</CityName>
      <ZipCode>481091274</ZipCode>
      <PhoneNumber>7347636438</PhoneNumber>
      <StreetAddress>3003 South State St. Room 1062</StreetAddress>
      <CountryName>United States</CountryName>
      <StateName>Michigan</StateName>
      <StateCode>MI</StateCode>
    </Institution>
  </Award>
</rootTag>
