<?xml version="1.0" encoding="UTF-8"?>

<rootTag>
  <Award>
    <AwardTitle>Dissertation Research: Agmatoploid Chromosome Number Change and Speciation: Molecular Phylogenetic and Cytogenetic Studies in Carex Section Acrocystis</AwardTitle>
    <AwardEffectiveDate>06/15/1998</AwardEffectiveDate>
    <AwardExpirationDate>05/31/2000</AwardExpirationDate>
    <AwardAmount>9996</AwardAmount>
    <AwardInstrument>
      <Value>Standard Grant</Value>
    </AwardInstrument>
    <Organization>
      <Code>08010207</Code>
      <Directorate>
        <LongName>Direct For Biological Sciences</LongName>
      </Directorate>
      <Division>
        <LongName>Division Of Environmental Biology</LongName>
      </Division>
    </Organization>
    <ProgramOfficer>
      <SignBlockName>Mary C. McKitrick</SignBlockName>
    </ProgramOfficer>
    <AbstractNarration>9801495 Columbus The importance of chromosomal change in speciation and its role in producing reproductive barriers has long been recognized as a factor that can lead to morphological diversification. An ideal system with which to study processes of chromosome change is Carex L. (Cyperaceae) one of the largest genera in the world with approximately 2,000 species recognized, which has an extremely wide range of chromosome numbers from n=6 to 68. Three questions will be investigated in this study: 1) What role does change in chromosome number play in speciation in Carex. 2) What mechanisms are involved in cytogenetic change among species within Carex section Acrocystis. 3) What are the relationships among lineages within section Acrocystis and between Acrocystis and other sections of Carex? Molecular phylogenetic analyses of two nuclear and one chloroplast DNA region will be used to create a framework for studying the patterns of chromosomal change measured using chromosome counts, flow cytometric measurements of genome size, fertility among species with different chromosome numbers, and position of repetitive DNA elements such as telomeres on the chromosomes. These four different data sets, together with phylogenetic hypotheses, will be used to indicate both the kinds of chromosomal change and the direction that change has occurred.</AbstractNarration>
    <MinAmdLetterDate>06/08/1998</MinAmdLetterDate>
    <MaxAmdLetterDate>06/08/1998</MaxAmdLetterDate>
    <ARRAAmount/>
    <AwardID>9801495</AwardID>
    <Investigator>
      <FirstName>Elizabeth</FirstName>
      <LastName>Friar</LastName>
      <EmailAddress>Elizabeth.Friar@cgu.edu</EmailAddress>
      <StartDate>06/08/1998</StartDate>
      <EndDate/>
      <RoleCode>Co-Principal Investigator</RoleCode>
    </Investigator>
    <Investigator>
      <FirstName>J. Travis</FirstName>
      <LastName>Columbus</LastName>
      <EmailAddress>J.Travis.Columbus@cgu.edu</EmailAddress>
      <StartDate>06/08/1998</StartDate>
      <EndDate/>
      <RoleCode>Principal Investigator</RoleCode>
    </Investigator>
    <Institution>
      <Name>Rancho Santa Ana Botanic Garden</Name>
      <CityName>Claremont</CityName>
      <ZipCode>917113157</ZipCode>
      <PhoneNumber>9096258767</PhoneNumber>
      <StreetAddress>1500 North College Avenue</StreetAddress>
      <CountryName>United States</CountryName>
      <StateName>California</StateName>
      <StateCode>CA</StateCode>
    </Institution>
  </Award>
</rootTag>
