<?xml version="1.0" encoding="UTF-8"?>

<rootTag>
  <Award>
    <AwardTitle>Dissertation Research: A Cladistic Analysis of the Actiniarian Family Edwardsiidae and its Relationship to the Zoantharia</AwardTitle>
    <AwardEffectiveDate>07/15/1998</AwardEffectiveDate>
    <AwardExpirationDate>06/30/2000</AwardExpirationDate>
    <AwardAmount>9056</AwardAmount>
    <AwardInstrument>
      <Value>Standard Grant</Value>
    </AwardInstrument>
    <Organization>
      <Code>08010207</Code>
      <Directorate>
        <LongName>Direct For Biological Sciences</LongName>
      </Directorate>
      <Division>
        <LongName>Division Of Environmental Biology</LongName>
      </Division>
    </Organization>
    <ProgramOfficer>
      <SignBlockName>Douglas Siegel-Causey</SignBlockName>
    </ProgramOfficer>
    <AbstractNarration>9801370 Lipscomb The Zoantharia (which includes the Actiniaria sea anemones , Scleractinia stony corals , and Corallimorpharia coral-like polyps lacking a stony skeleton ) is characterized by the presence of an eight-rayed, bilaterally symmetric larval form, called the edwardsia larva. In most actiniarians, this larva is a transient stage that develops into an adult with twelve mesenteries and a distinctive basal disc. One family, the Edwardsiidae, gives its name to the larval stage because its adults retain eight mesenteries and lack a basal disc. The similarity between the larval form of other zoantharians and adult edwardsiids has given rise to various hypotheses including the hypothesis that the Edwardsiidae are the basal group or the derived crown group of the Zoantharia. The goals of this research are: (1) to evaluate hypotheses concerning the evolutionary placement of the Edwardsiidae in the Zoantharia using phylogenetic methods. Data for this will come from gross anatomical and histological investigation of adults, studies of developmental morphogenesis, scanning electron microscopy of nematocysts, and transmission electron microscopy of sperm. (2) Because the Edwardsiidae are apparently disappearing from many habitats, it is important for us to develop accurate species and generic characterizations and identification guides. Therefore we will initiate of a revision of the species and genera of Edwardsiidae that will include an analysis of morphological variation within species collected from the same area, lists of synonomy, distribution information, and indentification keys. The Dissertation Improvement Award will allow us to travel to collect specimens and to examine specimens in museum collections in Europe.</AbstractNarration>
    <MinAmdLetterDate>07/10/1998</MinAmdLetterDate>
    <MaxAmdLetterDate>07/10/1998</MaxAmdLetterDate>
    <ARRAAmount/>
    <AwardID>9801370</AwardID>
    <Investigator>
      <FirstName>Diana</FirstName>
      <LastName>Lipscomb</LastName>
      <EmailAddress>biodl@gwu.edu</EmailAddress>
      <StartDate>07/10/1998</StartDate>
      <EndDate/>
      <RoleCode>Principal Investigator</RoleCode>
    </Investigator>
    <Institution>
      <Name>George Washington University</Name>
      <CityName>Washington</CityName>
      <ZipCode>200522000</ZipCode>
      <PhoneNumber>2029946255</PhoneNumber>
      <StreetAddress>2121 Eye Street NW</StreetAddress>
      <CountryName>United States</CountryName>
      <StateName>District of Columbia</StateName>
      <StateCode>DC</StateCode>
    </Institution>
  </Award>
</rootTag>
