<?xml version="1.0" encoding="UTF-8"?>

<rootTag>
  <Award>
    <AwardTitle>SBIR Phase II: Biological Instrumentation and Resources</AwardTitle>
    <AwardEffectiveDate>07/01/1998</AwardEffectiveDate>
    <AwardExpirationDate>06/30/2002</AwardExpirationDate>
    <AwardAmount>600000</AwardAmount>
    <AwardInstrument>
      <Value>Standard Grant</Value>
    </AwardInstrument>
    <Organization>
      <Code>07070000</Code>
      <Directorate>
        <LongName>Directorate For Engineering</LongName>
      </Directorate>
      <Division>
        <LongName>Div Of Industrial Innovation &amp; Partnersh</LongName>
      </Division>
    </Organization>
    <ProgramOfficer>
      <SignBlockName>F.C. Thomas Allnutt</SignBlockName>
    </ProgramOfficer>
    <AbstractNarration>*** 9801247 Squillante Macromolecular crystallography is a very important technique for determining structures of complex biological systems such as proteins, nucleic acids, and viruses. Due to such research on the atomic level, the understanding of important biological processes such as enzyme catalysis, viral infection, immune response, hereditary information encoding, and photosynthesis has increased considerably. Currently, detectors used in crystallography include films, CCDS, and storage phosphors. All of these detectors have serious drawbacks in terms of convenience, performance, size, stability or cost. Hence there is a real need for better imaging detectors in macromolecular research. In particular, large area detectors, with good sensitivity, high spatial resolution and low cost are needed to facilitate rapid progress in biological crystallography under typical laboratory conditions. To address this situation, we propose to develop a solid state, large area, high resolution imaging detector by combining semiconductor film (lead iodide) technology being developed at RMD with the large format amorphous silicon readout technology which has been developed by our collaborator, Dr. Street, at Xerox PARC. Dr. Westbrook at Argonne National Laboratory will also collaborate in the proposed effort and his group will be involved in developing low noise electronics for the detector as well as in conducting macromolecular diffraction studies. X-Ray Diffraction, Nondestructive Testing, Mammography, Radiology, X-Ray Astronomy, Environmental Studies. ***</AbstractNarration>
    <MinAmdLetterDate>06/10/1998</MinAmdLetterDate>
    <MaxAmdLetterDate>07/30/2001</MaxAmdLetterDate>
    <ARRAAmount/>
    <AwardID>9801247</AwardID>
    <Investigator>
      <FirstName>Michael</FirstName>
      <LastName>Squillante</LastName>
      <EmailAddress>MSquillante@RMDInc.com</EmailAddress>
      <StartDate>06/10/1998</StartDate>
      <EndDate/>
      <RoleCode>Principal Investigator</RoleCode>
    </Investigator>
    <Institution>
      <Name>Radiation Monitoring Devices Inc</Name>
      <CityName>Watertown</CityName>
      <ZipCode>024724699</ZipCode>
      <PhoneNumber>6176686801</PhoneNumber>
      <StreetAddress>44 Hunt Street</StreetAddress>
      <CountryName>United States</CountryName>
      <StateName>Massachusetts</StateName>
      <StateCode>MA</StateCode>
    </Institution>
  </Award>
</rootTag>
