<?xml version="1.0" encoding="UTF-8"?>

<rootTag>
  <Award>
    <AwardTitle>Dissertation Research: Evolution of Inbreeding in Tomato: A Development and Genetic Study</AwardTitle>
    <AwardEffectiveDate>05/01/1998</AwardEffectiveDate>
    <AwardExpirationDate>04/30/2000</AwardExpirationDate>
    <AwardAmount>6720</AwardAmount>
    <AwardInstrument>
      <Value>Standard Grant</Value>
    </AwardInstrument>
    <Organization>
      <Code>08090300</Code>
      <Directorate>
        <LongName>Direct For Biological Sciences</LongName>
      </Directorate>
      <Division>
        <LongName>Division Of Integrative Organismal Sys</LongName>
      </Division>
    </Organization>
    <ProgramOfficer>
      <SignBlockName>Zoe Eppley</SignBlockName>
    </ProgramOfficer>
    <AbstractNarration>Lord 9801157 The change from cross- to self-pollination is a common trend in flowering plant evolution and domestication. A common syndrome of characters is associated with this change, including specific changes in flower form. Relatively little is known about the developmental and genetic basis of these changes in flower form. The proposed study will examine the developmental basis for differences in mature flowers, in closely related lines of wild tomatoes. Quantitative trait locus (QTL) mapping will then be used to estimate the minimal number of loci responsible for the morphological changes, and to find their general location within the genome. This study will be significant in several respects. It will utilize relatively new molecular and statistical techniques to address the long-standing question of quantitative trait evolution, using both developmental and genetic approaches. It will examine what is considered to be the single most common trend in the evolution of angiosperm reproduction: the shift from outcrossing to inbreeding. It will utilize a subject plant, tomato, which is economically important, and which is becoming a major focus of both pure and applied research. It will also advance our knowledge of the genetic control of flower form and development.</AbstractNarration>
    <MinAmdLetterDate>04/14/1998</MinAmdLetterDate>
    <MaxAmdLetterDate>04/14/1998</MaxAmdLetterDate>
    <ARRAAmount/>
    <AwardID>9801157</AwardID>
    <Investigator>
      <FirstName>Elizabeth</FirstName>
      <LastName>Lord</LastName>
      <EmailAddress>lord@citrus.ucr.edu</EmailAddress>
      <StartDate>04/14/1998</StartDate>
      <EndDate/>
      <RoleCode>Principal Investigator</RoleCode>
    </Investigator>
    <Investigator>
      <FirstName>Michael</FirstName>
      <LastName>Georgiady</LastName>
      <EmailAddress/>
      <StartDate>04/14/1998</StartDate>
      <EndDate/>
      <RoleCode>Co-Principal Investigator</RoleCode>
    </Investigator>
    <Institution>
      <Name>University of California-Riverside</Name>
      <CityName>RIVERSIDE</CityName>
      <ZipCode>925211000</ZipCode>
      <PhoneNumber>9518275535</PhoneNumber>
      <StreetAddress>Office of Research</StreetAddress>
      <CountryName>United States</CountryName>
      <StateName>California</StateName>
      <StateCode>CA</StateCode>
    </Institution>
  </Award>
</rootTag>
