<?xml version="1.0" encoding="UTF-8"?>

<rootTag>
  <Award>
    <AwardTitle>Studies on Foundations of Statistics</AwardTitle>
    <AwardEffectiveDate>08/15/1998</AwardEffectiveDate>
    <AwardExpirationDate>01/31/2002</AwardExpirationDate>
    <AwardAmount>288586</AwardAmount>
    <AwardInstrument>
      <Value>Continuing grant</Value>
    </AwardInstrument>
    <Organization>
      <Code>03040200</Code>
      <Directorate>
        <LongName>Direct For Mathematical &amp; Physical Scien</LongName>
      </Directorate>
      <Division>
        <LongName>Division Of Mathematical Sciences</LongName>
      </Division>
    </Organization>
    <ProgramOfficer>
      <SignBlockName>John Stufken</SignBlockName>
    </ProgramOfficer>
    <AbstractNarration>9801401&lt;br/&gt;Joseph Kadane&lt;br/&gt;&lt;br/&gt;The investigators work on three aspects of the foundations of Bayesian&lt;br/&gt;statistics and decision theory: (i) They develop measures of incoherence which permit them to quantify the extent to which non-Bayesian procedures violate principles of subjective expected utility. (ii) They implement algorithms for assessing partially ordered preferences, according to their representation in terms of sets of agreeing probability/utility pairs. These are relevant for modeling Pareto consensus of a group of coherent (Bayesian) expert decision makers. (iii) They explore connections between merely finitely additive probability and valid computations with "improper" priors, in the context of so-called "Marginalization" paradoxes.&lt;br/&gt;&lt;br/&gt;Bayesian statistics aims to put statistics on a sound theoretical footing by modeling a rational statistical decision maker as if he or she were a bookie, announcing probabilities which act as prices at which risky bets can be bought or sold. An important general result is that a bookie either behaves as a Bayesian, or would accept a series of bets that would make the bookie a sure loser. The investigators explore extensions of this theory to account for non-Bayesian behavior, groups of bookies, and more general interpretations of probability.</AbstractNarration>
    <MinAmdLetterDate>08/06/1998</MinAmdLetterDate>
    <MaxAmdLetterDate>08/25/2000</MaxAmdLetterDate>
    <ARRAAmount/>
    <AwardID>9801401</AwardID>
    <Investigator>
      <FirstName>Joseph</FirstName>
      <LastName>Kadane</LastName>
      <EmailAddress>kadane@stat.cmu.edu</EmailAddress>
      <StartDate>08/06/1998</StartDate>
      <EndDate/>
      <RoleCode>Principal Investigator</RoleCode>
    </Investigator>
    <Investigator>
      <FirstName>Mark</FirstName>
      <LastName>Schervish</LastName>
      <EmailAddress>mark@stat.cmu.edu</EmailAddress>
      <StartDate>08/06/1998</StartDate>
      <EndDate/>
      <RoleCode>Co-Principal Investigator</RoleCode>
    </Investigator>
    <Investigator>
      <FirstName>Teddy</FirstName>
      <LastName>Seidenfeld</LastName>
      <EmailAddress>teddy@stat.cmu.edu</EmailAddress>
      <StartDate>08/06/1998</StartDate>
      <EndDate/>
      <RoleCode>Co-Principal Investigator</RoleCode>
    </Investigator>
    <Institution>
      <Name>Carnegie-Mellon University</Name>
      <CityName>PITTSBURGH</CityName>
      <ZipCode>152133815</ZipCode>
      <PhoneNumber>4122689527</PhoneNumber>
      <StreetAddress>5000 Forbes Avenue</StreetAddress>
      <CountryName>United States</CountryName>
      <StateName>Pennsylvania</StateName>
      <StateCode>PA</StateCode>
    </Institution>
    <FoaInformation>
      <Code>0000099</Code>
      <Name>Other Applications NEC</Name>
    </FoaInformation>
    <ProgramElement>
      <Code>1269</Code>
      <Text>STATISTICS</Text>
    </ProgramElement>
    <ProgramReference>
      <Code>0000</Code>
      <Text>UNASSIGNED</Text>
    </ProgramReference>
    <ProgramReference>
      <Code>OTHR</Code>
      <Text>OTHER RESEARCH OR EDUCATION</Text>
    </ProgramReference>
  </Award>
</rootTag>
