<?xml version="1.0" encoding="UTF-8"?>

<rootTag>
  <Award>
    <AwardTitle>SBIR Phase II: A Low Cost Process for Toughening Ceramics</AwardTitle>
    <AwardEffectiveDate>07/01/1998</AwardEffectiveDate>
    <AwardExpirationDate>06/30/2001</AwardExpirationDate>
    <AwardAmount>393088</AwardAmount>
    <AwardInstrument>
      <Value>Standard Grant</Value>
    </AwardInstrument>
    <Organization>
      <Code>07070000</Code>
      <Directorate>
        <LongName>Directorate For Engineering</LongName>
      </Directorate>
      <Division>
        <LongName>Div Of Industrial Innovation &amp; Partnersh</LongName>
      </Division>
    </Organization>
    <ProgramOfficer>
      <SignBlockName>Ritchie B. Coryell</SignBlockName>
    </ProgramOfficer>
    <AbstractNarration>*** 9801402 Sibold This Small Business Innovation Research (SBIR) Phase II project will develop a low cost process for toughening alumina ceramics. These materials are widely used in anti-wear, anti-corrosion, and electrical insulation applications in many industries. However, markets remain limited because of the brittleness of these ceramics. While tough ceramics are available, they are six to 50 times more costly than alumina. Phase I developed a simple water-based infiltration process that increased the fracture toughness of a commercial alumina ceramic by as much as 25% with only 50% increase in material cost. The process was performed on simple fracture toughness testing specimens. Phase II will develop an optimized process and material with the microstructure and fracture toughness that can be made easily and inexpensively by a commercial ceramics manufacturer. The primary objective is a production process for tough, damage tolerant ceramics, which can be used in place of normally brittle ceramics. The anticipated increase in toughness of low cost alumina ceramics will significantly expand the commercial applications for technical ceramics. ***</AbstractNarration>
    <MinAmdLetterDate>07/06/1998</MinAmdLetterDate>
    <MaxAmdLetterDate>08/07/2000</MaxAmdLetterDate>
    <ARRAAmount/>
    <AwardID>9801402</AwardID>
    <Investigator>
      <FirstName>Jack</FirstName>
      <LastName>Sibold</LastName>
      <EmailAddress>siboldj@tda.com</EmailAddress>
      <StartDate>07/06/1998</StartDate>
      <EndDate/>
      <RoleCode>Principal Investigator</RoleCode>
    </Investigator>
    <Institution>
      <Name>TDA Research, Inc</Name>
      <CityName>WHEAT RIDGE</CityName>
      <ZipCode>800333191</ZipCode>
      <PhoneNumber>3039402301</PhoneNumber>
      <StreetAddress>12345 W 52ND AVE</StreetAddress>
      <CountryName>United States</CountryName>
      <StateName>Colorado</StateName>
      <StateCode>CO</StateCode>
    </Institution>
  </Award>
</rootTag>
