<?xml version="1.0" encoding="UTF-8"?>

<rootTag>
  <Award>
    <AwardTitle>Algorithmic Number Theory Symposium III</AwardTitle>
    <AwardEffectiveDate>05/01/1998</AwardEffectiveDate>
    <AwardExpirationDate>04/30/1999</AwardExpirationDate>
    <AwardAmount>15000</AwardAmount>
    <AwardInstrument>
      <Value>Standard Grant</Value>
    </AwardInstrument>
    <Organization>
      <Code>03040300</Code>
      <Directorate>
        <LongName>Direct For Mathematical &amp; Physical Scien</LongName>
      </Directorate>
      <Division>
        <LongName>Division Of Mathematical Sciences</LongName>
      </Division>
    </Organization>
    <ProgramOfficer>
      <SignBlockName>Robert Perlis</SignBlockName>
    </ProgramOfficer>
    <AbstractNarration>9801395 Buhler This award supports a five-day international conference on algorithmic number theory to be held at Reed College in June 1998. This is the third conference in the Algorithmic Number Theory Symposia (ANTS) series. The ANTS conferences were organized to encourage not only the usual kind of number-crunching associated with number theory, but also some of the newer aspects, including algebraic number theory and geometry, applications to other fields such as cryptography, and theoretical investigations of computational complexity. Twenty years ago many of these ideas would have seemed very foreign to number theorists, but their increasing importance has led to a widely perceived need for a conference devoted entirely to algorithmic concerns, both practical and theoretical. This conference falls into the general mathematical field of number theory. Number theory has its historical roots in the study of the whole numbers, addressing such questions as those dealing with the divisibility of one whole number by another. It is among the oldest branches of mathematics and was pursued for many centuries for purely aesthetic reasons. However, within the last half century it has become an indispensable tool in diverse applications in areas such as data transmission and processing, cryptography, and communication systems.</AbstractNarration>
    <MinAmdLetterDate>04/21/1998</MinAmdLetterDate>
    <MaxAmdLetterDate>04/21/1998</MaxAmdLetterDate>
    <ARRAAmount/>
    <AwardID>9801395</AwardID>
    <Investigator>
      <FirstName>Joe</FirstName>
      <LastName>Buhler</LastName>
      <EmailAddress>jpb@reed.edu</EmailAddress>
      <StartDate>04/21/1998</StartDate>
      <EndDate/>
      <RoleCode>Principal Investigator</RoleCode>
    </Investigator>
    <Institution>
      <Name>Reed College</Name>
      <CityName>Portland</CityName>
      <ZipCode>972028138</ZipCode>
      <PhoneNumber>5037711112</PhoneNumber>
      <StreetAddress>3203 S E Woodstock Blvd</StreetAddress>
      <CountryName>United States</CountryName>
      <StateName>Oregon</StateName>
      <StateCode>OR</StateCode>
    </Institution>
  </Award>
</rootTag>
