<?xml version="1.0" encoding="UTF-8"?>

<rootTag>
  <Award>
    <AwardTitle>Dissertation Research: The Ecological Basis of Delayed Dispersal and Sensitivity to Landscape Structure</AwardTitle>
    <AwardEffectiveDate>06/15/1998</AwardEffectiveDate>
    <AwardExpirationDate>05/31/2000</AwardExpirationDate>
    <AwardAmount>7000</AwardAmount>
    <AwardInstrument>
      <Value>Standard Grant</Value>
    </AwardInstrument>
    <Organization>
      <Code>08010207</Code>
      <Directorate>
        <LongName>Direct For Biological Sciences</LongName>
      </Directorate>
      <Division>
        <LongName>Division Of Environmental Biology</LongName>
      </Division>
    </Organization>
    <ProgramOfficer>
      <SignBlockName>Mark Courtney</SignBlockName>
    </ProgramOfficer>
    <AbstractNarration>Walters&lt;br/&gt;9801083&lt;br/&gt;&lt;br/&gt;Biologists have been intrigued by cooperative breeding systems of birds and mammals because of the apparent altruism of helpers, non-breeding adults who seemingly give up their own reproduction in order to assist others, much like worker bees and ants. Explanations of the behavior of helpers based on future benefits resulting from their actions, particularly inheritance of the breeding position on the territory on which they help, have enjoyed considerable success when applied to North American species. In this study we test this theory on an Australian bird species. Cooperative breeding is far more common in Australia than anywhere else, so any theory of its origin must apply there to be at all general. We also compare the biology of the species in fragmented habitat where it is declining to that in intact habitat where it continues to thrive in order to discover the basis of its sensitivity to habitat fragmentation. Loss of species to habitat fragmentation is a universal problem, whose solution requires a better understanding of the biological basis of sensitivity to fragmentation.</AbstractNarration>
    <MinAmdLetterDate>06/09/1998</MinAmdLetterDate>
    <MaxAmdLetterDate>06/09/1998</MaxAmdLetterDate>
    <ARRAAmount/>
    <AwardID>9801083</AwardID>
    <Investigator>
      <FirstName>Jeffrey</FirstName>
      <LastName>Walters</LastName>
      <EmailAddress>jrwalt@vt.edu</EmailAddress>
      <StartDate>06/09/1998</StartDate>
      <EndDate/>
      <RoleCode>Principal Investigator</RoleCode>
    </Investigator>
    <Institution>
      <Name>Virginia Polytechnic Institute and State University</Name>
      <CityName>BLACKSBURG</CityName>
      <ZipCode>240610001</ZipCode>
      <PhoneNumber>5402315281</PhoneNumber>
      <StreetAddress>Sponsored Programs 0170</StreetAddress>
      <CountryName>United States</CountryName>
      <StateName>Virginia</StateName>
      <StateCode>VA</StateCode>
    </Institution>
    <FoaInformation>
      <Code>0312000</Code>
      <Name>Population</Name>
    </FoaInformation>
    <ProgramElement>
      <Code>1174</Code>
      <Text>POPULATION DYNAMICS</Text>
    </ProgramElement>
    <ProgramReference>
      <Code>9169</Code>
      <Text>BIODIVERSITY AND ECOSYSTEM DYNAMICS</Text>
    </ProgramReference>
    <ProgramReference>
      <Code>9179</Code>
      <Text>GRADUATE INVOLVEMENT</Text>
    </ProgramReference>
    <ProgramReference>
      <Code>SMET</Code>
      <Text>SCIENCE, MATH, ENG &amp; TECH EDUCATION</Text>
    </ProgramReference>
  </Award>
</rootTag>
