<?xml version="1.0" encoding="UTF-8"?>

<rootTag>
  <Award>
    <AwardTitle>SBIR Phase II: Process Control Instrument for Multi-Chamber Platforms</AwardTitle>
    <AwardEffectiveDate>07/01/1998</AwardEffectiveDate>
    <AwardExpirationDate>06/30/2000</AwardExpirationDate>
    <AwardAmount>382202</AwardAmount>
    <AwardInstrument>
      <Value>Standard Grant</Value>
    </AwardInstrument>
    <Organization>
      <Code>07070000</Code>
      <Directorate>
        <LongName>Directorate For Engineering</LongName>
      </Directorate>
      <Division>
        <LongName>Div Of Industrial Innovation &amp; Partnersh</LongName>
      </Division>
    </Organization>
    <ProgramOfficer>
      <SignBlockName>Errol Arkilic</SignBlockName>
    </ProgramOfficer>
    <AbstractNarration>Active Impulse Systems, Inc. will develop two next-generation metrology tools that monitor semiconductor manufacturing processing tools in situ. These in situ monitors are based upon an Impulse Stimulated Thermal Scattering technique developed in the MIT Department of Chemistry and Electronic Packaging under NSF support. These monitors will allow in situ characterization of metal film thickness, and the concentration, depth and energy of ions implanted in semiconductor materials. Active Impulse Systems will work with SEMs, as well as SEMATECH and I300I in the development of these tools, which are expected to result in a more efficient semiconductor manufacturing capability.</AbstractNarration>
    <MinAmdLetterDate>06/30/1998</MinAmdLetterDate>
    <MaxAmdLetterDate>06/30/1998</MaxAmdLetterDate>
    <ARRAAmount/>
    <AwardID>9801040</AwardID>
    <Investigator>
      <FirstName>Matthew</FirstName>
      <LastName>Banet</LastName>
      <EmailAddress>mbanet@activeimpulse.com</EmailAddress>
      <StartDate>06/30/1998</StartDate>
      <EndDate/>
      <RoleCode>Principal Investigator</RoleCode>
    </Investigator>
    <Institution>
      <Name>Active Impulse Systems, Incorporated (AIS)</Name>
      <CityName>Natick</CityName>
      <ZipCode>017601316</ZipCode>
      <PhoneNumber>5086551615</PhoneNumber>
      <StreetAddress>12 Michigan Drive</StreetAddress>
      <CountryName>United States</CountryName>
      <StateName>Massachusetts</StateName>
      <StateCode>MA</StateCode>
    </Institution>
  </Award>
</rootTag>
