<?xml version="1.0" encoding="UTF-8"?>

<rootTag>
  <Award>
    <AwardTitle>SBIR Phase II: Tunable Tailored Filters for High-Sensitivity Chemical Detection</AwardTitle>
    <AwardEffectiveDate>07/01/1998</AwardEffectiveDate>
    <AwardExpirationDate>06/30/2001</AwardExpirationDate>
    <AwardAmount>598595</AwardAmount>
    <AwardInstrument>
      <Value>Standard Grant</Value>
    </AwardInstrument>
    <Organization>
      <Code>07070000</Code>
      <Directorate>
        <LongName>Directorate For Engineering</LongName>
      </Directorate>
      <Division>
        <LongName>Div Of Industrial Innovation &amp; Partnersh</LongName>
      </Division>
    </Organization>
    <ProgramOfficer>
      <SignBlockName>Cheryl F. Albus</SignBlockName>
    </ProgramOfficer>
    <AbstractNarration>*** 9801531 Lieberman This Small Business Innovation Research (SBIR) Phase II project will use a new approach to correlation spectroscopy to develop a rugged, cost-effective, highly sensitive, chemical detection system. Using a novel tunable filter demonstrated during Phase I to replace the unwieldy "reference cell" found in current systems, a compact sensor package will be fabricated that allows this powerful technique to be used in a wide variety of field applications. The heart of the system is an optical structure whose transmission spectrum has been radically altered to match the target compound by incorporating a series of light-scattering elements; the filter is modulated to tune its spectrum into and out of coincidence with that of the target, providing highly compound-specific detection. The Phase II project will: (1) Mathematically model the new sensor, (2) Optimize the filter and modulation system, (3) Optimize the semiconductor light source used in the system, (4) Increase spectral modulation frequencies, (5) Integrate all components into a complete correlation spectroscopy system and demonstrate response suitable for commercial methane sensing, and (6) Initiate plans and strategic relations that will lead to Phase III commercialization of sensors based on this new technology. The Phase II system will lead directly to a practical methane sensor that can be used in mine monitoring, and potentially even in home safety applications. By simply replacing the tunable tailored filter element, the same basic optoelectronic unit can be used to sense other hydrocarbon gases, different greenhouse gases, or other compounds. Spin-off applications for tunable tailored filters also abound in other branches of photonics. ***</AbstractNarration>
    <MinAmdLetterDate>06/23/1998</MinAmdLetterDate>
    <MaxAmdLetterDate>06/22/2000</MaxAmdLetterDate>
    <ARRAAmount/>
    <AwardID>9801531</AwardID>
    <Investigator>
      <FirstName>Robert</FirstName>
      <LastName>Lieberman</LastName>
      <EmailAddress>sbirproposals@intopsys.com</EmailAddress>
      <StartDate>06/23/1998</StartDate>
      <EndDate/>
      <RoleCode>Principal Investigator</RoleCode>
    </Investigator>
    <Institution>
      <Name>Physical Optics Corporation (Corporate Headquarters)</Name>
      <CityName>TORRANCE</CityName>
      <ZipCode>905011182</ZipCode>
      <PhoneNumber>3103203088</PhoneNumber>
      <StreetAddress>20600 GRAMERCY PL STE 103</StreetAddress>
      <CountryName>United States</CountryName>
      <StateName>California</StateName>
      <StateCode>CA</StateCode>
    </Institution>
    <FoaInformation>
      <Code>0512200</Code>
      <Name>Advanced Measurement Investment</Name>
    </FoaInformation>
  </Award>
</rootTag>
