<?xml version="1.0" encoding="UTF-8"?>

<rootTag>
  <Award>
    <AwardTitle>Dissertation Research: Mechanisms of Community Facilitation and Metapopulation Dynamics of New England Cobble Beach Plants</AwardTitle>
    <AwardEffectiveDate>06/01/1998</AwardEffectiveDate>
    <AwardExpirationDate>05/31/2000</AwardExpirationDate>
    <AwardAmount>4500</AwardAmount>
    <AwardInstrument>
      <Value>Standard Grant</Value>
    </AwardInstrument>
    <Organization>
      <Code>08010208</Code>
      <Directorate>
        <LongName>Direct For Biological Sciences</LongName>
      </Directorate>
      <Division>
        <LongName>Division Of Environmental Biology</LongName>
      </Division>
    </Organization>
    <ProgramOfficer>
      <SignBlockName>William Michener</SignBlockName>
    </ProgramOfficer>
    <AbstractNarration>9801521 Bertness and Rand This research will examine how multiple ecological factors work together to structure a community of halophytic forbs known as the New England cobble beach community. This unique estuarine habitat is found along moderately protected coastlines from Long Island Sound to northern Maine. It comprises a dense assemblage of forbs restricted to sites behind beds of the grass Spartina alterniflora. One goal of the study is to elucidate the relative roles of seed supply and post-dispersal environment in setting patterns of plant distribution and abundance across marsh zones. Another goal is to examine the relative effects of post-dispersal factors, biotic interactions and physiological stress, on these patterns, with particular attention given to their potential interactions. Results from this study will provide an unusually complete understanding of this unique plant community and further our understanding of populations of sparsely distributed plants.</AbstractNarration>
    <MinAmdLetterDate>04/23/1998</MinAmdLetterDate>
    <MaxAmdLetterDate>04/23/1998</MaxAmdLetterDate>
    <ARRAAmount/>
    <AwardID>9801422</AwardID>
    <Investigator>
      <FirstName>Mark</FirstName>
      <LastName>Bertness</LastName>
      <EmailAddress>Mark_Bertness@brown.edu</EmailAddress>
      <StartDate>04/23/1998</StartDate>
      <EndDate/>
      <RoleCode>Principal Investigator</RoleCode>
    </Investigator>
    <Institution>
      <Name>Brown University</Name>
      <CityName>Providence</CityName>
      <ZipCode>029129002</ZipCode>
      <PhoneNumber>4018632777</PhoneNumber>
      <StreetAddress>BOX 1929</StreetAddress>
      <CountryName>United States</CountryName>
      <StateName>Rhode Island</StateName>
      <StateCode>RI</StateCode>
    </Institution>
    <FoaInformation>
      <Code>0510301</Code>
      <Name>Structure &amp; Function</Name>
    </FoaInformation>
    <ProgramElement>
      <Code>1182</Code>
      <Text>POP &amp; COMMUNITY ECOL PROG</Text>
    </ProgramElement>
    <ProgramReference>
      <Code>9179</Code>
      <Text>GRADUATE INVOLVEMENT</Text>
    </ProgramReference>
    <ProgramReference>
      <Code>SMET</Code>
      <Text>SCIENCE, MATH, ENG &amp; TECH EDUCATION</Text>
    </ProgramReference>
  </Award>
</rootTag>
