<?xml version="1.0" encoding="UTF-8"?>

<rootTag>
  <Award>
    <AwardTitle>Inverse Problems, Layer Stripping and the Riesz Transform</AwardTitle>
    <AwardEffectiveDate>07/01/1998</AwardEffectiveDate>
    <AwardExpirationDate>12/31/2001</AwardExpirationDate>
    <AwardAmount>82014</AwardAmount>
    <AwardInstrument>
      <Value>Standard Grant</Value>
    </AwardInstrument>
    <Organization>
      <Code>03040100</Code>
      <Directorate>
        <LongName>Direct For Mathematical &amp; Physical Scien</LongName>
      </Directorate>
      <Division>
        <LongName>Division Of Mathematical Sciences</LongName>
      </Division>
    </Organization>
    <ProgramOfficer>
      <SignBlockName>Peter Polyakov</SignBlockName>
    </ProgramOfficer>
    <AbstractNarration>The principal investigator and collaborators have developed a &lt;br/&gt;mathematically rigorous and highly stable inverse scattering algorithm for &lt;br/&gt;a lossless stratified medium (1-D Helmholtz Equation), which has &lt;br/&gt;successfully treated experimental remote sensing data with high noise &lt;br/&gt;levels. The method is a layer stripping method, based on a nonlinear Riesz &lt;br/&gt;transform, rather than a trace formula. It features a nonlinear Plancherel &lt;br/&gt;equality and some nonlinear Payley-Weiner theorems. Together with the Riesz &lt;br/&gt;transform, these allow us to develop a rather complete Fourier analysis, &lt;br/&gt;even in the presence of strong multiple reflections. In this project, we &lt;br/&gt;plan to investigate the extensions of these methods to more complicated &lt;br/&gt;(e.g. lossy and non-stratified) media. For a more detailed overview, see &lt;br/&gt;"www.math.washington.edu/~sylvest/".&lt;br/&gt;&lt;br/&gt;&lt;br/&gt;&lt;br/&gt;The fundamental task of science is to probe the world around us. The most &lt;br/&gt;powerful method for accomplishing this goal is to direct energy, in the &lt;br/&gt;form of waves, at an object and to observe the waves after they have &lt;br/&gt;interacted with that object. For example, a conventional photograph is &lt;br/&gt;produced by directing light waves from the flash bulb to the object under &lt;br/&gt;study and recording the image formed by the reflected waves on film.&lt;br/&gt;&lt;br/&gt;While the results of such an experiment can be readily understood by the &lt;br/&gt;human scientist (we can just look at the picture), results of analogous &lt;br/&gt;experiments using waves which penetrate more deeply into the medium under &lt;br/&gt;study (e.g. microwaves, X-rays, and some sound waves) are less directly &lt;br/&gt;meaningful.&lt;br/&gt;&lt;br/&gt;A wave which penetrates deeply into a medium gives us the opportunity &lt;br/&gt;to see below the surface. However, the picture we obtain is a stack of &lt;br/&gt;images of the top surface and the various layers below it, all &lt;br/&gt;superimposed on the same "photograph". In addition, there are even more &lt;br/&gt;superimposed images, formed from internal reflections between layers &lt;br/&gt;(multiple reflections).&lt;br/&gt;&lt;br/&gt;This project continues development of a mathematical method for turning a &lt;br/&gt;"microwave photograph", made up of a stack of superimposed images, into a &lt;br/&gt;stack of individual photographs, each containing the image of a single &lt;br/&gt;layer of the medium. From these individual photographs, we see the true &lt;br/&gt;structure of the underlying medium.</AbstractNarration>
    <MinAmdLetterDate>04/21/1998</MinAmdLetterDate>
    <MaxAmdLetterDate>04/21/1998</MaxAmdLetterDate>
    <ARRAAmount/>
    <AwardID>9801068</AwardID>
    <Investigator>
      <FirstName>John</FirstName>
      <LastName>Sylvester</LastName>
      <EmailAddress>sylvest@uw.edu</EmailAddress>
      <StartDate>04/21/1998</StartDate>
      <EndDate/>
      <RoleCode>Principal Investigator</RoleCode>
    </Investigator>
    <Institution>
      <Name>University of Washington</Name>
      <CityName>Seattle</CityName>
      <ZipCode>981950001</ZipCode>
      <PhoneNumber>2065434043</PhoneNumber>
      <StreetAddress>4333 Brooklyn Ave NE</StreetAddress>
      <CountryName>United States</CountryName>
      <StateName>Washington</StateName>
      <StateCode>WA</StateCode>
    </Institution>
    <FoaInformation>
      <Code>0000099</Code>
      <Name>Other Applications NEC</Name>
    </FoaInformation>
    <ProgramElement>
      <Code>1266</Code>
      <Text>APPLIED MATHEMATICS</Text>
    </ProgramElement>
    <ProgramElement>
      <Code>1281</Code>
      <Text>ANALYSIS PROGRAM</Text>
    </ProgramElement>
    <ProgramReference>
      <Code>0000</Code>
      <Text>UNASSIGNED</Text>
    </ProgramReference>
    <ProgramReference>
      <Code>OTHR</Code>
      <Text>OTHER RESEARCH OR EDUCATION</Text>
    </ProgramReference>
  </Award>
</rootTag>
