<?xml version="1.0" encoding="UTF-8"?>

<rootTag>
  <Award>
    <AwardTitle>Nonlinear Wave Progatation</AwardTitle>
    <AwardEffectiveDate>06/01/1998</AwardEffectiveDate>
    <AwardExpirationDate>05/31/2002</AwardExpirationDate>
    <AwardAmount>70401</AwardAmount>
    <AwardInstrument>
      <Value>Standard Grant</Value>
    </AwardInstrument>
    <Organization>
      <Code>03040100</Code>
      <Directorate>
        <LongName>Direct For Mathematical &amp; Physical Scien</LongName>
      </Directorate>
      <Division>
        <LongName>Division Of Mathematical Sciences</LongName>
      </Division>
    </Organization>
    <ProgramOfficer>
      <SignBlockName>Peter Polyakov</SignBlockName>
    </ProgramOfficer>
    <AbstractNarration>proposal 9801558 NONLINEAR WAVE PROPAGATION PROJECT SUMMARY Markus Keel A difficulty common to many interesting nonlinear evolution equations is so-called L-p ill-posedness. That is, the corresponding linear time evolutions cannot be effectively compared at each fixed time to the initial data using a single L-p space (Lebesgue space with exponent p) when p is not equal to 2. (When p = 2, there is often a conservation of energy which provides just such an estimate.) This obstacle is present in equations ranging from classical field theory to the higher dimensional analogues of hyperbolic systems dealt with in 1 space dimension by Glimm's method. We propose to study two analytical methods developed to deal with L-p ill-posedness in the context of nonlinear wave equations and nonlinear Schrodinger equations. The first is space-time estimates for the corresponding linear problems. We propose to study in collaboration with T. Tao the endpoint Strichartz estimates for the Schrodinger and wave equation in space dimensions 2 and 3, respectively. This would be an extension of previous work by Tao and the author. We propose second to study generalized Sobolev estimates and the method of conformal compactification. We will be looking, in collaboration with C. Sogge and H. Smith, at the specific problem of global in time existence for a system of quasilinear wave equations with small initial data in the exterior of an obstacle. Finally, we would like to bring these techniques to the question of how the choice of gauge affects regularity of the solution in the context of the hyperbolic Yang-Mills equations. The physics behind many interesting systems currently being investigated (for example, fluid flow or the LIGO gravitational wave detectors) leads scientists to a number of very difficult questions in nonlinear mathematics. When we consider the nonlinear partial differential equations arising in fluid mechanics and general relativity, some natural questions are "how big is a solution at long times" or even "does a solution exist for all times". We have only very incomplete answers to these questions. The present proposal aims to further understand promising techniques in nonlinear hyperbolic pde which might eventually be brought to physical systems. For example, the question above regarding endpoint Strichartz estimates may shed light on the decay properties of waves. The obstacle problem mentioned above is a toy model for the stability of the Schwarzschild space in general relativity.</AbstractNarration>
    <MinAmdLetterDate>05/14/1998</MinAmdLetterDate>
    <MaxAmdLetterDate>05/14/1998</MaxAmdLetterDate>
    <ARRAAmount/>
    <AwardID>9801558</AwardID>
    <Investigator>
      <FirstName>Markus</FirstName>
      <LastName>Keel</LastName>
      <EmailAddress>keel@math.umn.edu</EmailAddress>
      <StartDate>05/14/1998</StartDate>
      <EndDate/>
      <RoleCode>Co-Principal Investigator</RoleCode>
    </Investigator>
    <Investigator>
      <FirstName>Alice</FirstName>
      <LastName>Chang</LastName>
      <EmailAddress>chang@math.princeton.edu</EmailAddress>
      <StartDate>05/14/1998</StartDate>
      <EndDate/>
      <RoleCode>Principal Investigator</RoleCode>
    </Investigator>
    <Institution>
      <Name>University of California-Los Angeles</Name>
      <CityName>LOS ANGELES</CityName>
      <ZipCode>900951406</ZipCode>
      <PhoneNumber>3107940102</PhoneNumber>
      <StreetAddress>10889 Wilshire Boulevard</StreetAddress>
      <CountryName>United States</CountryName>
      <StateName>California</StateName>
      <StateCode>CA</StateCode>
    </Institution>
    <FoaInformation>
      <Code>0000099</Code>
      <Name>Other Applications NEC</Name>
    </FoaInformation>
    <ProgramElement>
      <Code>1281</Code>
      <Text>ANALYSIS PROGRAM</Text>
    </ProgramElement>
    <ProgramReference>
      <Code>0000</Code>
      <Text>UNASSIGNED</Text>
    </ProgramReference>
    <ProgramReference>
      <Code>9179</Code>
      <Text>GRADUATE INVOLVEMENT</Text>
    </ProgramReference>
    <ProgramReference>
      <Code>OTHR</Code>
      <Text>OTHER RESEARCH OR EDUCATION</Text>
    </ProgramReference>
  </Award>
</rootTag>
