<?xml version="1.0" encoding="UTF-8"?>

<rootTag>
  <Award>
    <AwardTitle>SBIR Phase II: Boundary Scan and Built-In Self Test (BIST) Insertion into VHDL Designs with Commercial Off-the-Shelf (COTS) Components or Embedded Cores</AwardTitle>
    <AwardEffectiveDate>06/01/1998</AwardEffectiveDate>
    <AwardExpirationDate>05/31/2000</AwardExpirationDate>
    <AwardAmount>400000</AwardAmount>
    <AwardInstrument>
      <Value>Standard Grant</Value>
    </AwardInstrument>
    <Organization>
      <Code>07070000</Code>
      <Directorate>
        <LongName>Directorate For Engineering</LongName>
      </Directorate>
      <Division>
        <LongName>Div Of Industrial Innovation &amp; Partnersh</LongName>
      </Division>
    </Organization>
    <ProgramOfficer>
      <SignBlockName>Sara B. Nerlove</SignBlockName>
    </ProgramOfficer>
    <AbstractNarration>*** 9801308 Stoel This Small Business Innovation Research Phase 11 project provides a solution to deal with the negative impact that commercial off-the-shelf (COTS) components have on testability. The ever shrinking time-to-market, in the electronics industry, has created an increasing need for COTS components to slash development time. At the chip level, where Intellectual Property (IP) cores are being used, the main problem is controllability of the primary inputs and observability of the primary outputs of the embedded cores. ASC has developed a solution based on the boundary scan standard being applied to all cores. To avoid high circuitry overhead and long test times, ASC developed an optimization methodology during Phase I, which provides: Direct access to each embedded core, short test times, low hardware overhead, and flexibility in test configuration. During Phase II, ASC will enhance its existing VBIT(R) tool to allow designers to automatically insert optimized boundary scan in their chip designs with embedded cores. This new VBIT-MC (Multi-Core) tool will be integrated into existing EDA design flows, be capable of using existing test data, and have a graphical front-end. With a rapidly growing market for test tools and without competitors on the horizon, the commercial prospects for VBIT-MC are excellent. ***</AbstractNarration>
    <MinAmdLetterDate>06/01/1998</MinAmdLetterDate>
    <MaxAmdLetterDate>06/29/1998</MaxAmdLetterDate>
    <ARRAAmount/>
    <AwardID>9801308</AwardID>
    <Investigator>
      <FirstName>Casper</FirstName>
      <LastName>Stoel</LastName>
      <EmailAddress>cbs@ascinc.com</EmailAddress>
      <StartDate>06/01/1998</StartDate>
      <EndDate>06/29/1998</EndDate>
      <RoleCode>Former Principal Investigator</RoleCode>
    </Investigator>
    <Investigator>
      <FirstName>Alexandru N.</FirstName>
      <LastName>Zamfirescu</LastName>
      <EmailAddress>alexz@ascinc.com</EmailAddress>
      <StartDate>06/29/1998</StartDate>
      <EndDate/>
      <RoleCode>Principal Investigator</RoleCode>
    </Investigator>
    <Institution>
      <Name>ALTERNATIVE SYSTEM CONCEPTS, INC.</Name>
      <CityName>WINDHAM</CityName>
      <ZipCode>030870128</ZipCode>
      <PhoneNumber>6034372234</PhoneNumber>
      <StreetAddress>22 HAVERHILL ROAD</StreetAddress>
      <CountryName>United States</CountryName>
      <StateName>New Hampshire</StateName>
      <StateCode>NH</StateCode>
    </Institution>
    <FoaInformation>
      <Code>0000912</Code>
      <Name>Computer Science</Name>
    </FoaInformation>
  </Award>
</rootTag>
