<?xml version="1.0" encoding="UTF-8"?>

<rootTag>
  <Award>
    <AwardTitle>Quantum Dynamics and Spectral Theory</AwardTitle>
    <AwardEffectiveDate>07/01/1998</AwardEffectiveDate>
    <AwardExpirationDate>06/30/2001</AwardExpirationDate>
    <AwardAmount>113634</AwardAmount>
    <AwardInstrument>
      <Value>Continuing grant</Value>
    </AwardInstrument>
    <Organization>
      <Code>03040000</Code>
      <Directorate>
        <LongName>Direct For Mathematical &amp; Physical Scien</LongName>
      </Directorate>
      <Division>
        <LongName>Division Of Mathematical Sciences</LongName>
      </Division>
    </Organization>
    <ProgramOfficer>
      <SignBlockName>Bruce P. Palka</SignBlockName>
    </ProgramOfficer>
    <AbstractNarration>Proposal: DMS-9801474 Principal Investigator: Yoram Last Abstract: The main aim of this project is the study of fundamental relations between dynamical properties of quantum mechanical systems, spectral properties of the corresponding operators, spatial properties of their eigenfunctions, and various other spectral related and transport related properties. The key model problem to be considered is that of a d-dimensional (time independent) Schroedinger operator and its associated free time evolution. The operators of interest here are mainly those with long-range potentials that do not converge to infinity, such that rich spectral phenomena and dynamical behaviors may arise. The study is expected to be applicable to a more general context of problems involving unitary time evolution. Moreover, the project is expected to provide effective tools for spectral analysis of unitary and self adjoint (in particular, Schroedinger) operators, as well as for the study of dynamical properties of the corresponding quantum systems. The project aims at some fundamental questions of quantum mechanics that are expected to be important to modern physics. The core mathematical questions are also of interest in more general contexts, such as problems arising in classical chaos theory. The project would seek relations between various fundamental quantities that are associated with the systems under consideration. This is expected to provide improved and coherent understanding of such systems as a whole, as well as to provide effective analytical tools for the study of the properties themselves. The need to develop such general understanding arises in connection with various rich mathematical phenomena which until recently where mainly considered as theoretical curiosities. Recent studies show, however, that such phenomena occur in many natural models for physical systems that are now within experimental reach.</AbstractNarration>
    <MinAmdLetterDate>04/13/1998</MinAmdLetterDate>
    <MaxAmdLetterDate>07/11/2000</MaxAmdLetterDate>
    <ARRAAmount/>
    <AwardID>9801474</AwardID>
    <Investigator>
      <FirstName>Yoram</FirstName>
      <LastName>Last</LastName>
      <EmailAddress>ylast@cco.caltech.edu</EmailAddress>
      <StartDate>04/13/1998</StartDate>
      <EndDate/>
      <RoleCode>Principal Investigator</RoleCode>
    </Investigator>
    <Institution>
      <Name>California Institute of Technology</Name>
      <CityName>PASADENA</CityName>
      <ZipCode>911250600</ZipCode>
      <PhoneNumber>6263956219</PhoneNumber>
      <StreetAddress>1200 E California Blvd</StreetAddress>
      <CountryName>United States</CountryName>
      <StateName>California</StateName>
      <StateCode>CA</StateCode>
    </Institution>
    <FoaInformation>
      <Code>0000099</Code>
      <Name>Other Applications NEC</Name>
    </FoaInformation>
  </Award>
</rootTag>
