<?xml version="1.0" encoding="UTF-8"?>

<rootTag>
  <Award>
    <AwardTitle>SBIR Phase II: Ballistics Matching Using Three Dimensional Images of Bullets and Cartridge Cases</AwardTitle>
    <AwardEffectiveDate>07/01/1998</AwardEffectiveDate>
    <AwardExpirationDate>06/30/2001</AwardExpirationDate>
    <AwardAmount>464607</AwardAmount>
    <AwardInstrument>
      <Value>Standard Grant</Value>
    </AwardInstrument>
    <Organization>
      <Code>07070000</Code>
      <Directorate>
        <LongName>Directorate For Engineering</LongName>
      </Directorate>
      <Division>
        <LongName>Div Of Industrial Innovation &amp; Partnersh</LongName>
      </Division>
    </Organization>
    <ProgramOfficer>
      <SignBlockName>Winslow L. Sargeant</SignBlockName>
    </ProgramOfficer>
    <AbstractNarration>*** 9861361 Haynes This Small Business Innovation Research (SBIR) Phase II project will develop a system for depth measurement of striations on bullets and cartridge cases and for using these data in computerized ballistics matching analysis. When a gun is fired, the scratches made on a bullet create a unique signature which can be matched with other bullets fired from the same gun. The current striation-matching technology is the proprietary "RotoScan" machine, which uses two-dimensional luminance data from bullet images. Its poor false match rate arises from the fact that bullets fired from even the same gun will often match only over a small portion of a bullet's surface. Phase I established the feasibility of three-dimensional measurement and the utility of depth data for ballistics matching. Phase II will implement the integration of striation depth data in automated ballistics matching operations and format these data for use in regional or nationwide ballistics databases. Commercial applications are expected in the measurement hardware and analytical software for an efffective new law enforcement tool. Users would include Firearms Examiners in forensics laboratories at all levels of government. ***</AbstractNarration>
    <MinAmdLetterDate>07/06/1998</MinAmdLetterDate>
    <MaxAmdLetterDate>06/01/2000</MaxAmdLetterDate>
    <ARRAAmount/>
    <AwardID>9801361</AwardID>
    <Investigator>
      <FirstName>Leonard</FirstName>
      <LastName>Haynes</LastName>
      <EmailAddress>lhaynes@i-a-i.com</EmailAddress>
      <StartDate>07/06/1998</StartDate>
      <EndDate>06/01/2000</EndDate>
      <RoleCode>Former Principal Investigator</RoleCode>
    </Investigator>
    <Investigator>
      <FirstName>Benjamin</FirstName>
      <LastName>Bachrach</LastName>
      <EmailAddress>bach@i-a-i.com</EmailAddress>
      <StartDate>06/01/2000</StartDate>
      <EndDate/>
      <RoleCode>Principal Investigator</RoleCode>
    </Investigator>
    <Institution>
      <Name>Intelligent Automation, Inc</Name>
      <CityName>ROCKVILLE</CityName>
      <ZipCode>208552737</ZipCode>
      <PhoneNumber>3012945221</PhoneNumber>
      <StreetAddress>15400 CALHOUN DR 190</StreetAddress>
      <CountryName>United States</CountryName>
      <StateName>Maryland</StateName>
      <StateCode>MD</StateCode>
    </Institution>
    <FoaInformation>
      <Code>0510604</Code>
      <Name>Analytic Tools</Name>
    </FoaInformation>
  </Award>
</rootTag>
