<?xml version="1.0" encoding="UTF-8"?>

<rootTag>
  <Award>
    <AwardTitle>SBIR Phase II: Development of a Cell Controller for Epitaxial Silicon Fabrication</AwardTitle>
    <AwardEffectiveDate>09/01/1998</AwardEffectiveDate>
    <AwardExpirationDate>02/28/2001</AwardExpirationDate>
    <AwardAmount>395521</AwardAmount>
    <AwardInstrument>
      <Value>Standard Grant</Value>
    </AwardInstrument>
    <Organization>
      <Code>07070000</Code>
      <Directorate>
        <LongName>Directorate For Engineering</LongName>
      </Directorate>
      <Division>
        <LongName>Div Of Industrial Innovation &amp; Partnersh</LongName>
      </Division>
    </Organization>
    <ProgramOfficer>
      <SignBlockName>Michael F. Crowley</SignBlockName>
    </ProgramOfficer>
    <AbstractNarration>On-Line Technologies, Inc. will develop technology enabling wafer-by-wafer closed loop control of semiconductor process equipment. A closed-loop cell control system providing robust, operator-free, automated, closed-loop control will be developed, which can improve yield, reduce the need for test wafers, decrease operating and testing manpower, shorten development cycles and reduce downtime in the semiconductor industry. These improvements could increase the capacity of a fabrication line by up to 30%.</AbstractNarration>
    <MinAmdLetterDate>09/01/1998</MinAmdLetterDate>
    <MaxAmdLetterDate>07/17/2000</MaxAmdLetterDate>
    <ARRAAmount/>
    <AwardID>9801190</AwardID>
    <Investigator>
      <FirstName>Peter</FirstName>
      <LastName>Rosenthal</LastName>
      <EmailAddress>prosenth@online-ftir.com</EmailAddress>
      <StartDate>09/01/1998</StartDate>
      <EndDate/>
      <RoleCode>Principal Investigator</RoleCode>
    </Investigator>
    <Institution>
      <Name>On-Line Technologies Incorporated</Name>
      <CityName>East Hartford</CityName>
      <ZipCode>061083720</ZipCode>
      <PhoneNumber>8602910719</PhoneNumber>
      <StreetAddress>87 Church Street</StreetAddress>
      <CountryName>United States</CountryName>
      <StateName>Connecticut</StateName>
      <StateCode>CT</StateCode>
    </Institution>
    <FoaInformation>
      <Code>0510403</Code>
      <Name>Engineering &amp; Computer Science</Name>
    </FoaInformation>
  </Award>
</rootTag>
