<?xml version="1.0" encoding="UTF-8"?>

<rootTag>
  <Award>
    <AwardTitle>SBIR Phase II: Handheld Geometer's Sketchpad</AwardTitle>
    <AwardEffectiveDate>07/01/1998</AwardEffectiveDate>
    <AwardExpirationDate>01/15/1999</AwardExpirationDate>
    <AwardAmount>297648</AwardAmount>
    <AwardInstrument>
      <Value>Standard Grant</Value>
    </AwardInstrument>
    <Organization>
      <Code>07070000</Code>
      <Directorate>
        <LongName>Directorate For Engineering</LongName>
      </Directorate>
      <Division>
        <LongName>Div Of Industrial Innovation &amp; Partnersh</LongName>
      </Division>
    </Organization>
    <ProgramOfficer>
      <SignBlockName>Sara B. Nerlove</SignBlockName>
    </ProgramOfficer>
    <AbstractNarration>*** 9801206 Jackiw This Small Business Innovation Research Phase II project from Key Curriculum Press, Inc. will leverage recent understanding of Dynamic Geometry software to an emerging new category of classroom technology--handheld computers--that will greatly lower barriers to the financial, physical, and intellectual accessibility of technology across the 6-12 mathematics curriculum. The starting point for the project is The Geometer's Sketchpad (Trademark), one of the most highly regarded and commercially successful software systems presently available for math education. Reinventing Dynamic Geometry for handheld platforms will dramatically change the shape of student interactions with technology, moving these interactions away from isolated moments of technocentric computer activities conducted in a computer lab and toward a deeply-integrated learning process, wherein technology supplements and extends student learning in routine practice both inside and outside the classroom. These new contexts for technology-assisted learning in turn place new requirements upon-and create new opportunities for-educational software design. The proposed combination of an innovative hardware/software device with classroom curriculum and professional development materials to support its use will fundamentally change how teachers and students learn and do mathematics. The commercial success of The Geometer's Sketchpad development materials provide another proven avenue of commercial sustainability for the eventual products of the proposed research. demonstrates the commercial potential of Handheld Geometer's Sketchpad. The new device will have even more utility for the geometry classroom than the current incarnation of The Geometer's Sketchpad; and, if the research is successful, it will have ready application throughout the 6-12 mathematics curriculum. The enthusiastic response of teachers, students, and researchers to prototypes of software and curriculum produced during Phase I indicates that the re will be high level of teacher support. Curriculum and professional development materials provide another important avenue of commercial sustainability for the eventual products of the proposed research. ***</AbstractNarration>
    <MinAmdLetterDate>06/23/1998</MinAmdLetterDate>
    <MaxAmdLetterDate>06/23/1998</MaxAmdLetterDate>
    <ARRAAmount/>
    <AwardID>9801206</AwardID>
    <Investigator>
      <FirstName>Nicholas</FirstName>
      <LastName>Jackiw</LastName>
      <EmailAddress>nicholasjackiw@gmail.com</EmailAddress>
      <StartDate>06/23/1998</StartDate>
      <EndDate/>
      <RoleCode>Principal Investigator</RoleCode>
    </Investigator>
    <Institution>
      <Name>Key Curriculum Press</Name>
      <CityName>Oakland</CityName>
      <ZipCode>946081109</ZipCode>
      <PhoneNumber>5105957000</PhoneNumber>
      <StreetAddress>1150 65th Street</StreetAddress>
      <CountryName>United States</CountryName>
      <StateName>California</StateName>
      <StateCode>CA</StateCode>
    </Institution>
    <FoaInformation>
      <Code>0000099</Code>
      <Name>Other Applications NEC</Name>
    </FoaInformation>
    <ProgramElement>
      <Code>7355</Code>
      <Text>INSTRUCTIONAL MATERIALS DEVELP</Text>
    </ProgramElement>
    <ProgramReference>
      <Code>5373</Code>
      <Text>SMALL BUSINESS PHASE II</Text>
    </ProgramReference>
    <ProgramReference>
      <Code>9145</Code>
      <Text>SPECIAL PROGRAMS-RESERVE</Text>
    </ProgramReference>
    <ProgramReference>
      <Code>9177</Code>
      <Text>ELEMENTARY/SECONDARY EDUCATION</Text>
    </ProgramReference>
    <ProgramReference>
      <Code>SMET</Code>
      <Text>SCIENCE, MATH, ENG &amp; TECH EDUCATION</Text>
    </ProgramReference>
  </Award>
</rootTag>
