<?xml version="1.0" encoding="UTF-8"?>

<rootTag>
  <Award>
    <AwardTitle>Dissertation Research: An Analysis of Maternal Effects in the American Coot: Consequences for Offspring Growth and Survival</AwardTitle>
    <AwardEffectiveDate>06/15/1998</AwardEffectiveDate>
    <AwardExpirationDate>05/31/2000</AwardExpirationDate>
    <AwardAmount>6530</AwardAmount>
    <AwardInstrument>
      <Value>Standard Grant</Value>
    </AwardInstrument>
    <Organization>
      <Code>08090300</Code>
      <Directorate>
        <LongName>Direct For Biological Sciences</LongName>
      </Directorate>
      <Division>
        <LongName>Division Of Integrative Organismal Sys</LongName>
      </Division>
    </Organization>
    <ProgramOfficer>
      <SignBlockName>Zoe Eppley</SignBlockName>
    </ProgramOfficer>
    <AbstractNarration>Vleck 9801503 Maternal effects describe the non-genetic component of the interaction between mother and offspring characteristics. Eggs are an ideal system in which to study maternal effects because investments made prior to hatching can be measured directly and correlated with subsequent offspring performance. In a population of wild birds studied in 1997, the egg size from which an individual hatched explained a significant amount of the variation in mortality among genetically related individuals during the first two weeks after hatch. The amount of yolk remaining at hatch and yolk testosterone are two maternal effects which may provide a mechanistic understanding of the differences in survival between large and small offspring. In project one the investigator will manipulate the amount of yolk remaining at hatch and explore the effects of these yolk reserves on hatchling growth, development and survival. In project two the investigator will characterize yolk testosterone in eggs and correlate this with chick performance after hatch using a fostering protocol. This fostering design allows for the distinction between pre-hatching and post-hatching maternal effects. Both projects provides for a powerful analysis of variation in maternal effects and the subsequent consequences to offspring performance.</AbstractNarration>
    <MinAmdLetterDate>06/03/1998</MinAmdLetterDate>
    <MaxAmdLetterDate>06/03/1998</MaxAmdLetterDate>
    <ARRAAmount/>
    <AwardID>9801503</AwardID>
    <Investigator>
      <FirstName>Carol</FirstName>
      <LastName>Vleck</LastName>
      <EmailAddress>cvleck@iastate.edu</EmailAddress>
      <StartDate>06/03/1998</StartDate>
      <EndDate/>
      <RoleCode>Principal Investigator</RoleCode>
    </Investigator>
    <Investigator>
      <FirstName>Wendy</FirstName>
      <LastName>Reed</LastName>
      <EmailAddress>Wendy.Reed@ndsu.edu</EmailAddress>
      <StartDate>06/03/1998</StartDate>
      <EndDate/>
      <RoleCode>Co-Principal Investigator</RoleCode>
    </Investigator>
    <Institution>
      <Name>Iowa State University</Name>
      <CityName>AMES</CityName>
      <ZipCode>500112207</ZipCode>
      <PhoneNumber>5152945225</PhoneNumber>
      <StreetAddress>1138 Pearson</StreetAddress>
      <CountryName>United States</CountryName>
      <StateName>Iowa</StateName>
      <StateCode>IA</StateCode>
    </Institution>
  </Award>
</rootTag>
