<?xml version="1.0" encoding="UTF-8"?>

<rootTag>
  <Award>
    <AwardTitle>Dissertation Research: Phylogenetic Systematics and Evolutionary Ecology of Dioecious Figs and their Pollinators</AwardTitle>
    <AwardEffectiveDate>06/15/1998</AwardEffectiveDate>
    <AwardExpirationDate>05/31/2000</AwardExpirationDate>
    <AwardAmount>9775</AwardAmount>
    <AwardInstrument>
      <Value>Standard Grant</Value>
    </AwardInstrument>
    <Organization>
      <Code>08010207</Code>
      <Directorate>
        <LongName>Direct For Biological Sciences</LongName>
      </Directorate>
      <Division>
        <LongName>Division Of Environmental Biology</LongName>
      </Division>
    </Organization>
    <ProgramOfficer>
      <SignBlockName>Mary C. McKitrick</SignBlockName>
    </ProgramOfficer>
    <AbstractNarration>9801259 Donoghue Phylogenetic and comparative analyses will be used to examine the evolution of interactions between dioecious figs (Moraceae: Ficus subg. Ficus) and their pollinating fig wasps (Hymenoptera: Agaoninae). Paired collections of dioecious figs and fig wasps from the field were made by Weiblen during 1995-1997. Morphological and molecular data from these collections will be used in parallel phylogenetic analyses. The internal transcribed spacer (ITS) region of nuclear ribosomal DNA from selected fig species and the 3' end of mitochondrial cytochrome oxidase I (COI) from fig wasps will be sequenced. The extensive fig wasp collections at the Rijksmuseum van Natuurlijke Historie, Leiden, The Netherlands, will be used to confirm the identities of selected pollinator species and to explore morphological characters. Scanning electron microscopy will document fig and fig wasp morphological characters used in phylogenetic and comparative analyses. Comparative studies are designed to evaluate coevolutionary hypotheses in a phylogenetic context, including parallel diversification and cases of reciprocal adaptations between interacting lineages.</AbstractNarration>
    <MinAmdLetterDate>06/16/1998</MinAmdLetterDate>
    <MaxAmdLetterDate>06/16/1998</MaxAmdLetterDate>
    <ARRAAmount/>
    <AwardID>9801259</AwardID>
    <Investigator>
      <FirstName>Michael</FirstName>
      <LastName>Donoghue</LastName>
      <EmailAddress>michael.donoghue@yale.edu</EmailAddress>
      <StartDate>06/16/1998</StartDate>
      <EndDate/>
      <RoleCode>Principal Investigator</RoleCode>
    </Investigator>
    <Institution>
      <Name>Harvard University</Name>
      <CityName>Cambridge</CityName>
      <ZipCode>021385366</ZipCode>
      <PhoneNumber>6174955501</PhoneNumber>
      <StreetAddress>1033 MASSACHUSETTS AVE</StreetAddress>
      <CountryName>United States</CountryName>
      <StateName>Massachusetts</StateName>
      <StateCode>MA</StateCode>
    </Institution>
  </Award>
</rootTag>
