<?xml version="1.0" encoding="UTF-8"?>

<rootTag>
  <Award>
    <AwardTitle>Dissertation Research: Competition Between Invasive Social Bees and Native Solitary Bees</AwardTitle>
    <AwardEffectiveDate>06/15/1998</AwardEffectiveDate>
    <AwardExpirationDate>12/31/2000</AwardExpirationDate>
    <AwardAmount>7179</AwardAmount>
    <AwardInstrument>
      <Value>Standard Grant</Value>
    </AwardInstrument>
    <Organization>
      <Code>08010208</Code>
      <Directorate>
        <LongName>Direct For Biological Sciences</LongName>
      </Directorate>
      <Division>
        <LongName>Division Of Environmental Biology</LongName>
      </Division>
    </Organization>
    <ProgramOfficer>
      <SignBlockName>Scott L. Collins</SignBlockName>
    </ProgramOfficer>
    <AbstractNarration>9801274 Thomson This research will assess the effect of the European honey bee, Apis mellifera, on the native solitary bee, Osmia pumila. Previous studies investigating the effects of invasive social insects concentrated on native social species. This study focuses on native solitary species, which may be more vulnerable to competition with social species. The importance of competitive effects relative to other factors influencing O. pumila fitness will be determined with field and enclosure studies. Field experiments will provide measures of reproductive success of O. pumila at different densities of honey bees. The mechanism of interaction will be investigated by examining possible shifts in resource use of O. pumila associated with increased honey bee density. Enclosure experiments will test for indirect effects of competition on O. pumila fitness mediated through increased parasitism rates. Data from both approaches will allow some predictions of O. pumila population dynamics under different competitive regimes. These experiments will yield timely information on a ubiquitous and prolific introduced species whose beneficial and detrimental impacts are being debated currently in ecological and agricultural arenas. This system's unique features allow a robust experimental design, but the results are broadly applicable to work on biological invasions, particularly those involving social insects.</AbstractNarration>
    <MinAmdLetterDate>06/16/1998</MinAmdLetterDate>
    <MaxAmdLetterDate>06/21/2000</MaxAmdLetterDate>
    <ARRAAmount/>
    <AwardID>9801274</AwardID>
    <Investigator>
      <FirstName>James</FirstName>
      <LastName>Thomson</LastName>
      <EmailAddress>jt@life.bio.sunysb.edu</EmailAddress>
      <StartDate>06/16/1998</StartDate>
      <EndDate/>
      <RoleCode>Principal Investigator</RoleCode>
    </Investigator>
    <Institution>
      <Name>SUNY at Stony Brook</Name>
      <CityName>Stony Brook</CityName>
      <ZipCode>117940001</ZipCode>
      <PhoneNumber>6316329949</PhoneNumber>
      <StreetAddress>WEST 5510 FRK MEL LIB</StreetAddress>
      <CountryName>United States</CountryName>
      <StateName>New York</StateName>
      <StateCode>NY</StateCode>
    </Institution>
    <FoaInformation>
      <Code>0510102</Code>
      <Name>Role-Terrestrial Ecosystem</Name>
    </FoaInformation>
    <ProgramElement>
      <Code>1182</Code>
      <Text>POP &amp; COMMUNITY ECOL PROG</Text>
    </ProgramElement>
    <ProgramReference>
      <Code>9179</Code>
      <Text>GRADUATE INVOLVEMENT</Text>
    </ProgramReference>
    <ProgramReference>
      <Code>SMET</Code>
      <Text>SCIENCE, MATH, ENG &amp; TECH EDUCATION</Text>
    </ProgramReference>
  </Award>
</rootTag>
