<?xml version="1.0" encoding="UTF-8"?>

<rootTag>
  <Award>
    <AwardTitle>Nonlinear Degenerate Parabolic Problems and Related Topics</AwardTitle>
    <AwardEffectiveDate>07/01/1998</AwardEffectiveDate>
    <AwardExpirationDate>06/30/2001</AwardExpirationDate>
    <AwardAmount>88968</AwardAmount>
    <AwardInstrument>
      <Value>Standard Grant</Value>
    </AwardInstrument>
    <Organization>
      <Code>03040200</Code>
      <Directorate>
        <LongName>Direct For Mathematical &amp; Physical Scien</LongName>
      </Directorate>
      <Division>
        <LongName>Division Of Mathematical Sciences</LongName>
      </Division>
    </Organization>
    <ProgramOfficer>
      <SignBlockName>Peter Polyakov</SignBlockName>
    </ProgramOfficer>
    <AbstractNarration>DMS-9801304 P. Daskalopoulos The abstact follows : The major objectives of this proposal are concerned with the study of certain quasilinear or fully-nonlinear degenerate parabolic equations in connection with more complexproblems of differential geometry, including the Ricci flow and the Gauss curvature flow. These problems find physical applications in such areas as population dynamics, diffusion in porous media, and thin liquid film dynamics. One specific area which will be investigated is the regularity question in free-boundary problems arising from the degeneracy of certain non-linear parabolic equations, including the porous medium equation, the evolution p-laplacian equation and Gauss Curvature flow with flat sides. Another specific area of the main objectives concerns the study of ultra-fast diffusion parabolic equations, which have received large attention because of their relationship to differential geometry topics, such as the Ricci flow and the Yamabe flow. The solvability of the Cauchy problem for these equations, the study of the blow up profile of solutions, the nonradial structure solutions, and the uniqueness of solutions, are among the problems which will be investigated in this specific area. The still open question of the uniqueness of sign-solutions of the porous medium equation, in connection with the continuity question for a class of linear singular parabolic equations falls under the proposed major goals to be studied. The non-linear equations to be studied under this proposal form the basic concepts of many applications which deem to be important to technology and the society at large. The purification of materials, from chemicals to petroleum and even water, is often achieved by diffusion through filters. The purification filters are the porous media described in the proposal. Thin film dynamics and the Van der Waals forces operating between thin layers are described by singular quasilinear equations of ultra-fast d iffusion. The dynamics of population growth, polymer chain growth, including cross linking and high rate growth of biomolecules, are also non-linear phenomena amiable to our basic studies. The interesting problem of the expanding universe and other cosmological phenomena seem to be goverened by nonlinear dynamics, which in certain cases are applications of the more complex problems described here.</AbstractNarration>
    <MinAmdLetterDate>04/24/1998</MinAmdLetterDate>
    <MaxAmdLetterDate>04/24/1998</MaxAmdLetterDate>
    <ARRAAmount/>
    <AwardID>9801304</AwardID>
    <Investigator>
      <FirstName>Panagiota</FirstName>
      <LastName>Daskalopoulos</LastName>
      <EmailAddress>pdaskalo@math.columbia.edu</EmailAddress>
      <StartDate>04/24/1998</StartDate>
      <EndDate/>
      <RoleCode>Principal Investigator</RoleCode>
    </Investigator>
    <Institution>
      <Name>University of California-Irvine</Name>
      <CityName>Irvine</CityName>
      <ZipCode>926173213</ZipCode>
      <PhoneNumber>9498247295</PhoneNumber>
      <StreetAddress>141 Innovation Drive, Ste 250</StreetAddress>
      <CountryName>United States</CountryName>
      <StateName>California</StateName>
      <StateCode>CA</StateCode>
    </Institution>
    <FoaInformation>
      <Code>0000099</Code>
      <Name>Other Applications NEC</Name>
    </FoaInformation>
    <ProgramElement>
      <Code>1281</Code>
      <Text>ANALYSIS PROGRAM</Text>
    </ProgramElement>
    <ProgramReference>
      <Code>0000</Code>
      <Text>UNASSIGNED</Text>
    </ProgramReference>
    <ProgramReference>
      <Code>OTHR</Code>
      <Text>OTHER RESEARCH OR EDUCATION</Text>
    </ProgramReference>
  </Award>
</rootTag>
