<?xml version="1.0" encoding="UTF-8"?>

<rootTag>
  <Award>
    <AwardTitle>Studies in Classical and Quantum Mechanics</AwardTitle>
    <AwardEffectiveDate>06/01/1998</AwardEffectiveDate>
    <AwardExpirationDate>08/31/2002</AwardExpirationDate>
    <AwardAmount>4530</AwardAmount>
    <AwardInstrument>
      <Value>Standard Grant</Value>
    </AwardInstrument>
    <Organization>
      <Code>03040100</Code>
      <Directorate>
        <LongName>Direct For Mathematical &amp; Physical Scien</LongName>
      </Directorate>
      <Division>
        <LongName>Division Of Mathematical Sciences</LongName>
      </Division>
    </Organization>
    <ProgramOfficer>
      <SignBlockName>Juan J. Manfredi</SignBlockName>
    </ProgramOfficer>
    <AbstractNarration>Proposal: DMS-9801329 Principal Investigator: Lawrence Thomas Abstract: Three areas of mathematical physics will be investigated: the semi-classical and high-energy limits for Schroedinger operators, the polaron model for an electron interacting with a quantized field and other simple non-relativistic quantum field theories, and the classical Heisenberg model and related time-dependent problems. (1) For many Shroedinger operators, the corresponding classical problem, even though not integrable, is almost integrable in a measure-theoretic sense at high energy. It is then possible, via KAM theory, to develop asymptotic expansions for Schroedinger operator eigenfunctions and eigenvalues with large quantum numbers. These results will be extended to Schroedinger operators on spheres and to perturbations of the hydrogen problem, where the corresponding classical integrability is more problematic. (2) For the polaron model, rigorous bounds for the effective mass will be sought by methods including those used in joint work with E. Lieb to obtain a sharp lower bound for the ground state energy with large coupling constant. (3) The ground state of the classical Heisenberg spin model satisfies a finite difference equation analogous to a partial differential equation for a harmonic map. The solutions to the difference equation exhibit regularity and partial regularity properties analogous to those for harmonic maps uniform in the lattice spacing. The Dirichlet problem for the difference equation, convergence of the solutions as the lattice spacing goes to zero, and the scattering theory for a related time-dependent problem will be studied. Mathematical physics is a discipline in which new mathematics is developed to provide decisive resolution to important questions in modern theoretical physics and for which physics generates and provides insight into important problems in mathematics. Much of the work here concerns the following general problem: Beginning with a microscopic picture of matter -- p articles, atoms or molecules interacting with each other, systems with either a few or many degrees of freedom -- determine mathematically measurable macroscopic (observable) quantities -- energy levels, effective masses, net magnetism, etc. (1) The goal of the work on the semi-classical limit is to elucidate the transition from the arena of microscopic quantum physics to macroscopic classical physics. This work bears on foundational questions in the interpretation of quantum mechanics and provides useful schemes for computing certain energy levels using methods of classical mechanics. (2) The polaron is a simple model from condensed matter physics for a particle moving through a quantized field of lattice vibrations. As the particle moves, it carries along a "cloud" of excitations in the field immediately surrounding it. This composite is what one observes in the laboratory. What is the effective mass of this composite? The problem of computing such masses is ubiquitous throughout condensed matter, particle, and nuclear physics, and insight into how to perform these calculations would be of considerable general value. (3) The Heisenberg spin model provides a model to explain magnetism. It consists of a regular (infinite) array of "magnetic spins," each of which can point in any direction but tends to align with its immediate neighbors. If the spins align just right collectively, one "sees" a net large-scale magnetism. It is the questions of alignment and smoothness of the alignment which will be examined both in static and time-development settings.</AbstractNarration>
    <MinAmdLetterDate>03/17/1998</MinAmdLetterDate>
    <MaxAmdLetterDate>05/18/2001</MaxAmdLetterDate>
    <ARRAAmount/>
    <AwardID>9801329</AwardID>
    <Investigator>
      <FirstName>Lawrence</FirstName>
      <LastName>Thomas</LastName>
      <EmailAddress>let@virginia.edu</EmailAddress>
      <StartDate>03/17/1998</StartDate>
      <EndDate/>
      <RoleCode>Principal Investigator</RoleCode>
    </Investigator>
    <Institution>
      <Name>University of Virginia Main Campus</Name>
      <CityName>CHARLOTTESVILLE</CityName>
      <ZipCode>229044195</ZipCode>
      <PhoneNumber>4349244270</PhoneNumber>
      <StreetAddress>P.O. BOX 400195</StreetAddress>
      <CountryName>United States</CountryName>
      <StateName>Virginia</StateName>
      <StateCode>VA</StateCode>
    </Institution>
    <FoaInformation>
      <Code>0000099</Code>
      <Name>Other Applications NEC</Name>
    </FoaInformation>
    <ProgramElement>
      <Code>1281</Code>
      <Text>ANALYSIS PROGRAM</Text>
    </ProgramElement>
    <ProgramReference>
      <Code>0000</Code>
      <Text>UNASSIGNED</Text>
    </ProgramReference>
    <ProgramReference>
      <Code>OTHR</Code>
      <Text>OTHER RESEARCH OR EDUCATION</Text>
    </ProgramReference>
  </Award>
</rootTag>
