<?xml version="1.0" encoding="UTF-8"?>

<rootTag>
  <Award>
    <AwardTitle>SBIR Phase II: Computer Interactive Plant Biotechnology Education</AwardTitle>
    <AwardEffectiveDate>07/01/1998</AwardEffectiveDate>
    <AwardExpirationDate>06/30/2000</AwardExpirationDate>
    <AwardAmount>388274</AwardAmount>
    <AwardInstrument>
      <Value>Standard Grant</Value>
    </AwardInstrument>
    <Organization>
      <Code>07070000</Code>
      <Directorate>
        <LongName>Directorate For Engineering</LongName>
      </Directorate>
      <Division>
        <LongName>Div Of Industrial Innovation &amp; Partnersh</LongName>
      </Division>
    </Organization>
    <ProgramOfficer>
      <SignBlockName>Sara B. Nerlove</SignBlockName>
    </ProgramOfficer>
    <AbstractNarration>*** 9801034 Graf The Small Business Innovation Research Phase II project from EDVOTEK, Inc. builds on studies completed in Phase I for the development of classroom plant-based science experiments, software and resources. These plant science resources will be designed for integration in high school and college science courses; computer-based tools will complement these resources. A major objective is to develop 'hands-on' and 'minds-on' experiments that build upon students' prior knowledge. The project will entail qualifying Arabidopsis strains for establishing an educational seed center. It will also involve selecting for development experiments that are currently presented in textbooks but not in manuals, as well as plant science biotechnology experiments. Research and development for computer software (GenScope) and CD-ROM plant images will also be continued. Two faculty workshops will be organized and conducted to field test and evaluate prototype experiments and software. Participating faculty will be provided with take-home materials to incorporate in their classrooms, and they will provide the appropriate feedback. Evaluation and assessment of prototype products will be initiated at the workshop using assessment tools that will be developed for determining teaching and learning objectives. Information obtained will be incorporated in product development and final product for commercialization. This project proffers new plant science laboratory activities which are an essential part of biology education, and it also fills the need for a biotech education seed center. Knowledge of plants is not only essential to food production but also to the development new products that are useful in ecology, energy, and medicine. ***</AbstractNarration>
    <MinAmdLetterDate>06/29/1998</MinAmdLetterDate>
    <MaxAmdLetterDate>06/29/1998</MaxAmdLetterDate>
    <ARRAAmount/>
    <AwardID>9801034</AwardID>
    <Investigator>
      <FirstName>Karen</FirstName>
      <LastName>Graf</LastName>
      <EmailAddress>kareng@edvotek.com</EmailAddress>
      <StartDate>06/29/1998</StartDate>
      <EndDate/>
      <RoleCode>Principal Investigator</RoleCode>
    </Investigator>
    <Institution>
      <Name>EDVOTEK Inc</Name>
      <CityName>Washington</CityName>
      <ZipCode>200013605</ZipCode>
      <PhoneNumber>2023701500</PhoneNumber>
      <StreetAddress>1121 5th St. NW</StreetAddress>
      <CountryName>United States</CountryName>
      <StateName>District of Columbia</StateName>
      <StateCode>DC</StateCode>
    </Institution>
  </Award>
</rootTag>
