<?xml version="1.0" encoding="UTF-8"?>

<rootTag>
  <Award>
    <AwardTitle>Geometry and Representation Theory from Coxeter Groups</AwardTitle>
    <AwardEffectiveDate>07/01/1998</AwardEffectiveDate>
    <AwardExpirationDate>06/30/2002</AwardExpirationDate>
    <AwardAmount>76000</AwardAmount>
    <AwardInstrument>
      <Value>Standard Grant</Value>
    </AwardInstrument>
    <Organization>
      <Code>03040200</Code>
      <Directorate>
        <LongName>Direct For Mathematical &amp; Physical Scien</LongName>
      </Directorate>
      <Division>
        <LongName>Division Of Mathematical Sciences</LongName>
      </Division>
    </Organization>
    <ProgramOfficer>
      <SignBlockName>B. Brent Gordon</SignBlockName>
    </ProgramOfficer>
    <AbstractNarration>9801045&lt;br/&gt;Dyer&lt;br/&gt;&lt;br/&gt;This award supports a broad program to establish some of the basic properties of representation theories naturally associated to Coxeter groups and polyhedral cones, and to eventually bring them to bear on some important questions in Lie representation theory, geometry, and combinatorics. The two main series of conjectures which together would give a proof of the Kazhdan-Lusztig conjecture in general, have been formulated and applied to prove by elementary means the non-trivial Kazhdan-Lusztig conjecture for homogenizations of simplicial polytopes. These conjectures are the PSM conjectures and the IC conjectures. The PSM conjectures describe analogues of principal series modules from Lie theory in terms of data related to shellings of the weight poset. The IC conjectures assert that certain spaces arising naturally in the representation theory have properties closely analogous to those of the intersection cohomology spaces of complex projective varieties. The main object of this research is to prove the PSM and IC conjectures in general.&lt;br/&gt;&lt;br/&gt;Representation theory of Lie algebras and Lie groups, initially developed at the turn of the century, studies the structure of symmetries and their realizations. This theory encompasses many areas in mathematics and has fundamental applications to theoretical physics. In the past twenty years, the study of representation theory of a special class of affine Lie algebras and Lie groups led to many new unexpected discoveries in mathematics and theoretical physics, as well as to a synthesis of many established areas in both disciplines. In particular, it yielded a pure mathematical description of a simplest quantum field theory -- a prototype theory of fundamental interactions. It is expected that representation theory of new classes of infinite-dimensional Lie algebras and groups might substantially deepen our understanding of mathematics and theoretical physics during the next decade.</AbstractNarration>
    <MinAmdLetterDate>06/11/1998</MinAmdLetterDate>
    <MaxAmdLetterDate>06/11/1998</MaxAmdLetterDate>
    <ARRAAmount/>
    <AwardID>9801045</AwardID>
    <Investigator>
      <FirstName>Matthew</FirstName>
      <LastName>Dyer</LastName>
      <EmailAddress/>
      <StartDate>06/11/1998</StartDate>
      <EndDate/>
      <RoleCode>Principal Investigator</RoleCode>
    </Investigator>
    <Institution>
      <Name>University of Notre Dame</Name>
      <CityName>NOTRE DAME</CityName>
      <ZipCode>465565708</ZipCode>
      <PhoneNumber>5746317432</PhoneNumber>
      <StreetAddress>940 Grace Hall</StreetAddress>
      <CountryName>United States</CountryName>
      <StateName>Indiana</StateName>
      <StateCode>IN</StateCode>
    </Institution>
    <FoaInformation>
      <Code>0000099</Code>
      <Name>Other Applications NEC</Name>
    </FoaInformation>
  </Award>
</rootTag>
