<?xml version="1.0" encoding="UTF-8"?>

<rootTag>
  <Award>
    <AwardTitle>Types and Hecke Algebras</AwardTitle>
    <AwardEffectiveDate>06/01/1998</AwardEffectiveDate>
    <AwardExpirationDate>05/31/2000</AwardExpirationDate>
    <AwardAmount>46212</AwardAmount>
    <AwardInstrument>
      <Value>Standard Grant</Value>
    </AwardInstrument>
    <Organization>
      <Code>03040300</Code>
      <Directorate>
        <LongName>Direct For Mathematical &amp; Physical Scien</LongName>
      </Directorate>
      <Division>
        <LongName>Division Of Mathematical Sciences</LongName>
      </Division>
    </Organization>
    <ProgramOfficer>
      <SignBlockName>Andrew Pollington</SignBlockName>
    </ProgramOfficer>
    <AbstractNarration>ABSTRACT Alan Roche Purdue University DMS-98 01131 Professor Roche will study the complex representation theory of a reductive p-adic group by restricting to compact open subgroups. Building on an idea due to Bushnell and Kutzko known as the method of types, the investigator expects to be able to connect precisely components of the Bernstein decomposition of a reductive p-adic group with data from the open compact parts of the group. Professor Roche also more fully understand associated Hecke algebras using theses new methods. One of the most important mathematical ideas of the second half of the century, is that analytic formula often encodes discrete information. For example, one might want to count the number of solutions of a particular equation, but discover that the solutions are very hard to find. On the other hand, you might want to count the number of solutions to a sequence of equations and consider the answers as a sequence. Mathematicians call these kind of problems 'discrete'. The functions that appear in calculus, and for which calculus works so well, are not 'discrete', but 'analytic.' Amazingly, the right kind of analytic function can contain the answer or answers to the discrete examples above. Actually the first examples of this were discovered a couple hundred years ago, but in the past thirty years, these examples have been systematized into a branch of number theory called the Langlands program. This project is an important part of the Langlands program.</AbstractNarration>
    <MinAmdLetterDate>06/03/1998</MinAmdLetterDate>
    <MaxAmdLetterDate>06/03/1998</MaxAmdLetterDate>
    <ARRAAmount/>
    <AwardID>9801131</AwardID>
    <Investigator>
      <FirstName>Alan</FirstName>
      <LastName>Roche</LastName>
      <EmailAddress>rocalan@math.okstate.edu</EmailAddress>
      <StartDate>06/03/1998</StartDate>
      <EndDate/>
      <RoleCode>Principal Investigator</RoleCode>
    </Investigator>
    <Institution>
      <Name>Purdue Research Foundation</Name>
      <CityName>West Lafayette</CityName>
      <ZipCode>47907</ZipCode>
      <PhoneNumber>3174946200</PhoneNumber>
      <StreetAddress/>
      <CountryName>United States</CountryName>
      <StateName>Indiana</StateName>
      <StateCode>IN</StateCode>
    </Institution>
    <FoaInformation>
      <Code>0000099</Code>
      <Name>Other Applications NEC</Name>
    </FoaInformation>
  </Award>
</rootTag>
