<?xml version="1.0" encoding="UTF-8"?>

<rootTag>
  <Award>
    <AwardTitle>SBIR Phase II: Plasma Deposition of Organic Antireflective Coatings</AwardTitle>
    <AwardEffectiveDate>07/01/1998</AwardEffectiveDate>
    <AwardExpirationDate>06/30/2000</AwardExpirationDate>
    <AwardAmount>400000</AwardAmount>
    <AwardInstrument>
      <Value>Standard Grant</Value>
    </AwardInstrument>
    <Organization>
      <Code>07070000</Code>
      <Directorate>
        <LongName>Directorate For Engineering</LongName>
      </Directorate>
      <Division>
        <LongName>Div Of Industrial Innovation &amp; Partnersh</LongName>
      </Division>
    </Organization>
    <ProgramOfficer>
      <SignBlockName>Michael F. Crowley</SignBlockName>
    </ProgramOfficer>
    <AbstractNarration>*** 9801381 Dobson This Small Business Innovation Research Phase II project will investigate highly reflective substrates that require anti-reflective coatings to minimize standing waves and maintain dimensional control. As device dimensions are reduced, this becomes more critical. Polymer anti-reflective coatings are applied by spin coating. Spin coating tends to planarize non-uniform surfaces, resulting in varying thicknesses of material over the device topography. When the coating is etched away, this can result in erosion of sidewalls, changing device dimensions. A new process is required for applying polymeric anti-reflective coatings that can produce thin, low defectivity, conformal coatings on large-area wafers substrates. This will enable the continued implementation of deep UV processes by U.S. and foreign manufacturers. Plasma CVD can be used to deposit defect-free, conformal polymer films with good anti-reflective properties. The Phase I effort successfully demonstrated the use of plasma CVD in depositing a 193 nm anti-reflective coating. In Phase II the proposer will develop chemical feedstocks for ultra-thin polymer anti-reflective coatings with high optical density at key ultraviolet wavelengths, high conformability, low amount of defects, and good resist compatibility. The proposer will identify robust plasma CVD coating deposition processes and lay the groundwork for developing a commercial plasma CVD tool in Phase III. ***</AbstractNarration>
    <MinAmdLetterDate>06/26/1998</MinAmdLetterDate>
    <MaxAmdLetterDate>06/26/1998</MaxAmdLetterDate>
    <ARRAAmount/>
    <AwardID>9801381</AwardID>
    <Investigator>
      <FirstName>Norman</FirstName>
      <LastName>Dobson</LastName>
      <EmailAddress>ndobson@brewerscience.com</EmailAddress>
      <StartDate>06/26/1998</StartDate>
      <EndDate/>
      <RoleCode>Principal Investigator</RoleCode>
    </Investigator>
    <Institution>
      <Name>Brewer Science Incorporated</Name>
      <CityName>ROLLA</CityName>
      <ZipCode>654017003</ZipCode>
      <PhoneNumber>5733640300</PhoneNumber>
      <StreetAddress>2401 BREWER DR</StreetAddress>
      <CountryName>United States</CountryName>
      <StateName>Missouri</StateName>
      <StateCode>MO</StateCode>
    </Institution>
    <FoaInformation>
      <Code>0106000</Code>
      <Name>Materials Research</Name>
    </FoaInformation>
  </Award>
</rootTag>
