<?xml version="1.0" encoding="UTF-8"?>

<rootTag>
  <Award>
    <AwardTitle>Stark--type Conjectures "over Z" and their Refined Versions</AwardTitle>
    <AwardEffectiveDate>06/01/1998</AwardEffectiveDate>
    <AwardExpirationDate>07/31/2001</AwardExpirationDate>
    <AwardAmount>67138</AwardAmount>
    <AwardInstrument>
      <Value>Standard Grant</Value>
    </AwardInstrument>
    <Organization>
      <Code>03040300</Code>
      <Directorate>
        <LongName>Direct For Mathematical &amp; Physical Scien</LongName>
      </Directorate>
      <Division>
        <LongName>Division Of Mathematical Sciences</LongName>
      </Division>
    </Organization>
    <ProgramOfficer>
      <SignBlockName>Lynne Walling</SignBlockName>
    </ProgramOfficer>
    <AbstractNarration>ABSTRACT Cristian Popescu University of Texas at Austin 98 01267 Professor Popescu will study connections between Stark's conjecture for L-functions and the construction of Euler systems. The investigator will study the functorial behavior of the conjectures concerning higher order of vanishing, looking for refined versions of these conjectures, and consider their connections with Euler systems. One of the most important mathematical ideas of the second half of the century, is that analytic formula often encodes discrete information. For example, one might want to count the number of solutions of a particular equation, but discover that the solutions are very hard to find. On the other hand, you might want to count the number of solutions to a sequence of equations and have the answers as a sequence. Mathematicians call these kind of problems 'discrete'. The functions that appear in calculus, and for which calculus works so well, are not 'discrete', but 'analytic.' Amazingly, the right kind of analytic function can contain the answer or answers to the discrete examples about. This project involves L-functions which were among the first examples of this kind of analytic function. In the past thirty years, a number of people including H. Stark have found new ways L-functions encode discrete information. Because many of these connections are still only conjecture, L-functions are very important in current mathematics.</AbstractNarration>
    <MinAmdLetterDate>04/08/1998</MinAmdLetterDate>
    <MaxAmdLetterDate>04/08/1998</MaxAmdLetterDate>
    <ARRAAmount/>
    <AwardID>9801267</AwardID>
    <Investigator>
      <FirstName>Cristian</FirstName>
      <LastName>Popescu</LastName>
      <EmailAddress>cpopescu@math.ucsd.edu</EmailAddress>
      <StartDate>04/08/1998</StartDate>
      <EndDate/>
      <RoleCode>Principal Investigator</RoleCode>
    </Investigator>
    <Institution>
      <Name>University of Texas at Austin</Name>
      <CityName>Austin</CityName>
      <ZipCode>787121532</ZipCode>
      <PhoneNumber>5124716424</PhoneNumber>
      <StreetAddress>101 E. 27th Street, Suite 5.300</StreetAddress>
      <CountryName>United States</CountryName>
      <StateName>Texas</StateName>
      <StateCode>TX</StateCode>
    </Institution>
    <FoaInformation>
      <Code>0000099</Code>
      <Name>Other Applications NEC</Name>
    </FoaInformation>
    <ProgramElement>
      <Code>1264</Code>
      <Text>ALGEBRA,NUMBER THEORY,AND COM</Text>
    </ProgramElement>
    <ProgramReference>
      <Code>0000</Code>
      <Text>UNASSIGNED</Text>
    </ProgramReference>
    <ProgramReference>
      <Code>OTHR</Code>
      <Text>OTHER RESEARCH OR EDUCATION</Text>
    </ProgramReference>
  </Award>
</rootTag>
