<?xml version="1.0" encoding="UTF-8"?>

<rootTag>
  <Award>
    <AwardTitle>Dissertation Research: Evolution of Offspring Size in the Trinidadian Guppy Poecilia reticulata</AwardTitle>
    <AwardEffectiveDate>06/01/1998</AwardEffectiveDate>
    <AwardExpirationDate>05/31/2000</AwardExpirationDate>
    <AwardAmount>10000</AwardAmount>
    <AwardInstrument>
      <Value>Standard Grant</Value>
    </AwardInstrument>
    <Organization>
      <Code>08010207</Code>
      <Directorate>
        <LongName>Direct For Biological Sciences</LongName>
      </Directorate>
      <Division>
        <LongName>Division Of Environmental Biology</LongName>
      </Division>
    </Organization>
    <ProgramOfficer>
      <SignBlockName>Mark Courtney</SignBlockName>
    </ProgramOfficer>
    <AbstractNarration>Reznick &lt;br/&gt;9801492&lt;br/&gt;&lt;br/&gt;Many features of an organism that are genetically based are also subject to environmental influences. In humans, for example, taller parents tend to have taller children; yet if a child of tall parents is raised with poor nutrition, it will not grow to its full potential. Why some traits can be altered by environmental conditions (i.e. are plastic) while others are invariant is a central problem in evolutionary biology. One hypothesis is that plasticity is adaptive because the expression of the trait shifts to appropriately match the environmental conditions. However, this adaptive plasticity is only expected if a population has evolved under a range of environmental conditions. Alternatively, if a population has evolved under a particular environmental condition, it is not expected that it will respond adaptively to range of environments it has never experienced. Guppies (Poecilia reticulata) give birth to live young. The size of these offspring at birth shifts plastically in response to the environmental conditions faced by the mother. In addition, offspring size differs genetically across populations that experience different environmental conditions. Using a series of laboratory and field experiments, we will test whether these genetic and plastic shifts in guppy offspring size are adaptive. By examining the effect of offspring size on predation risk, growth rate and offsprings reproductive rate, we will determine to what extent offspring size variation is suited to a particular environment or range of environments. By furthering our understanding of how both the plastic and fixed (genetic) features of a trait evolve, this study will enhance our ability to predict how organisms will respond to both short- and long-term environmental changes.</AbstractNarration>
    <MinAmdLetterDate>05/18/1998</MinAmdLetterDate>
    <MaxAmdLetterDate>05/18/1998</MaxAmdLetterDate>
    <ARRAAmount/>
    <AwardID>9801492</AwardID>
    <Investigator>
      <FirstName>David</FirstName>
      <LastName>Reznick</LastName>
      <EmailAddress>gupy@ucrac1.ucr.edu</EmailAddress>
      <StartDate>05/18/1998</StartDate>
      <EndDate/>
      <RoleCode>Principal Investigator</RoleCode>
    </Investigator>
    <Institution>
      <Name>University of California-Riverside</Name>
      <CityName>RIVERSIDE</CityName>
      <ZipCode>925211000</ZipCode>
      <PhoneNumber>9518275535</PhoneNumber>
      <StreetAddress>Office of Research</StreetAddress>
      <CountryName>United States</CountryName>
      <StateName>California</StateName>
      <StateCode>CA</StateCode>
    </Institution>
    <FoaInformation>
      <Code>0312000</Code>
      <Name>Population</Name>
    </FoaInformation>
  </Award>
</rootTag>
