<?xml version="1.0" encoding="UTF-8"?>

<rootTag>
  <Award>
    <AwardTitle>Moufang Polygons</AwardTitle>
    <AwardEffectiveDate>08/01/1998</AwardEffectiveDate>
    <AwardExpirationDate>07/31/2001</AwardExpirationDate>
    <AwardAmount>42864</AwardAmount>
    <AwardInstrument>
      <Value>Standard Grant</Value>
    </AwardInstrument>
    <Organization>
      <Code>03040300</Code>
      <Directorate>
        <LongName>Direct For Mathematical &amp; Physical Scien</LongName>
      </Directorate>
      <Division>
        <LongName>Division Of Mathematical Sciences</LongName>
      </Division>
    </Organization>
    <ProgramOfficer>
      <SignBlockName>Joseph P. Brennan</SignBlockName>
    </ProgramOfficer>
    <AbstractNarration>9801194 Weiss In 1974, Jacques Tits Classified buildings of spherical type which are of rank at least three. Generalized polygons are spherical buildings of rank two. The generalized polygons which are spherical buildings of classical and algebraic simple groups of Lie rank two all satisfy the Moufang property. Tits and the principal investigator have recently classified Moufang polygons. The principal investigator will investigate various questions which arise out of this work. The most important of these concern the existence and structure of the exceptional quadrangles. The research in this project involves the interplay between finite geometry and the actions of groups of transformations on these geometries. This work has implications for the structure of finite groups, for algebraic coding theory, and for finite geometry.</AbstractNarration>
    <MinAmdLetterDate>07/23/1998</MinAmdLetterDate>
    <MaxAmdLetterDate>07/23/1998</MaxAmdLetterDate>
    <ARRAAmount/>
    <AwardID>9801194</AwardID>
    <Investigator>
      <FirstName>Richard</FirstName>
      <LastName>Weiss</LastName>
      <EmailAddress>richard.weiss@tufts.edu</EmailAddress>
      <StartDate>07/23/1998</StartDate>
      <EndDate/>
      <RoleCode>Principal Investigator</RoleCode>
    </Investigator>
    <Institution>
      <Name>Tufts University</Name>
      <CityName>Medford</CityName>
      <ZipCode>021555807</ZipCode>
      <PhoneNumber>6176273417</PhoneNumber>
      <StreetAddress>20 Professors Row</StreetAddress>
      <CountryName>United States</CountryName>
      <StateName>Massachusetts</StateName>
      <StateCode>MA</StateCode>
    </Institution>
  </Award>
</rootTag>
