<?xml version="1.0" encoding="UTF-8"?>

<rootTag>
  <Award>
    <AwardTitle>Dissertation Research: Integrative Study of the Evolution of Squamate Limb Reduction</AwardTitle>
    <AwardEffectiveDate>06/01/1998</AwardEffectiveDate>
    <AwardExpirationDate>05/31/2000</AwardExpirationDate>
    <AwardAmount>10000</AwardAmount>
    <AwardInstrument>
      <Value>Standard Grant</Value>
    </AwardInstrument>
    <Organization>
      <Code>08090300</Code>
      <Directorate>
        <LongName>Direct For Biological Sciences</LongName>
      </Directorate>
      <Division>
        <LongName>Division Of Integrative Organismal Sys</LongName>
      </Division>
    </Organization>
    <ProgramOfficer>
      <SignBlockName>Irwin Forseth</SignBlockName>
    </ProgramOfficer>
    <AbstractNarration>PI: Crompton 9801134 Limb reduction in terrestrial vertebrates (tetrapods) is a common phenomenon. Some lineages reduce the total size of their limbs or lose them altogether, while others simply reduce the total number of bones (amphibians have only four fingers and birds have only three). Despite the common occurrence of limb reduction in tetrapods, the evolutionary and developmental mechanisms underlying this phenomenon are poorly understood. This study will take an integrative approach to understanding the morphological, molecular, and functional aspects of limb reduction through the Australian lizard Hemiergis. Hemiergis is an ideal model organism for limb reduction studies because it features a gradient of digit configurations (from 5 fingers and toes to 2 fingers and toes) within a genus of several closely related species. This investigation endeavors to compare patterns of skeletal development in different species of Hemiergis, trace changes in the expression of limb patterning genes, and document the functional changes that accompany limb reduction. Limb reduction typically involves a common order of digit loss, and studies of Hemiergis development will provide insight into cases of limb reduction in other tetrapod groups. This project will also elucidate the evolutionary role of specific genes in patterrdng the embryonic limb.</AbstractNarration>
    <MinAmdLetterDate>06/02/1998</MinAmdLetterDate>
    <MaxAmdLetterDate>06/02/1998</MaxAmdLetterDate>
    <ARRAAmount/>
    <AwardID>9801134</AwardID>
    <Investigator>
      <FirstName>Alfred</FirstName>
      <LastName>Crompton</LastName>
      <EmailAddress>acrompto@oeb.harvard.edu</EmailAddress>
      <StartDate>06/02/1998</StartDate>
      <EndDate/>
      <RoleCode>Principal Investigator</RoleCode>
    </Investigator>
    <Institution>
      <Name>Harvard University</Name>
      <CityName>Cambridge</CityName>
      <ZipCode>021385366</ZipCode>
      <PhoneNumber>6174955501</PhoneNumber>
      <StreetAddress>1033 MASSACHUSETTS AVE</StreetAddress>
      <CountryName>United States</CountryName>
      <StateName>Massachusetts</StateName>
      <StateCode>MA</StateCode>
    </Institution>
  </Award>
</rootTag>
