<?xml version="1.0" encoding="UTF-8"?>

<rootTag>
  <Award>
    <AwardTitle>Dissertation Research: Microbial Population Dynamics and the Alpine Nitrogen Cycle</AwardTitle>
    <AwardEffectiveDate>04/15/1998</AwardEffectiveDate>
    <AwardExpirationDate>03/31/2000</AwardExpirationDate>
    <AwardAmount>9018</AwardAmount>
    <AwardInstrument>
      <Value>Standard Grant</Value>
    </AwardInstrument>
    <Organization>
      <Code>08010208</Code>
      <Directorate>
        <LongName>Direct For Biological Sciences</LongName>
      </Directorate>
      <Division>
        <LongName>Division Of Environmental Biology</LongName>
      </Division>
    </Organization>
    <ProgramOfficer>
      <SignBlockName>Edward T. Elliott</SignBlockName>
    </ProgramOfficer>
    <AbstractNarration>9801408 Monson The mechanisms responsible for the observed microbial population dynamics in the Colorado alpine tundra will be investigated by performing experiments on bacteria and fungi isolated from the soil. The culture collection will be screened for those isolates that are abundant at some part of the year using dot blot hybridization techniques, which measure the quantity of isolate-specific DNA that is present in a sample of DNA extracted from the soil. This process will identify the most ecologically relevant isolates for use in later experiments. These organisms will be classified using fatty acid analysis and 16S rRNA sequencing. The environmental limits (temperature range, substrate-utilization patterns, and resistance to freezing and osmotic stress) will be characterized for the selected isolates, and this data will be used to test hypotheses about the cause of the observed community shift. The seasonal community shift is central to the alpine N cycle because during the transitional period between the two community types, the winter microbial biomass releases a large pulse of N to plants shortly after snowmelt. By linking observed patterns of whole-soil processes to physiological properties of the dominant microorganisms, the work will provide the first truly mechanistic description of a terrestrial N cycle.</AbstractNarration>
    <MinAmdLetterDate>04/16/1998</MinAmdLetterDate>
    <MaxAmdLetterDate>04/16/1998</MaxAmdLetterDate>
    <ARRAAmount/>
    <AwardID>9801408</AwardID>
    <Investigator>
      <FirstName>Russell</FirstName>
      <LastName>Monson</LastName>
      <EmailAddress>russmonson@email.arizona.edu</EmailAddress>
      <StartDate>04/16/1998</StartDate>
      <EndDate/>
      <RoleCode>Principal Investigator</RoleCode>
    </Investigator>
    <Institution>
      <Name>University of Colorado at Boulder</Name>
      <CityName>Boulder</CityName>
      <ZipCode>803031058</ZipCode>
      <PhoneNumber>3034926221</PhoneNumber>
      <StreetAddress>3100 Marine Street, Room 481</StreetAddress>
      <CountryName>United States</CountryName>
      <StateName>Colorado</StateName>
      <StateCode>CO</StateCode>
    </Institution>
    <FoaInformation>
      <Code>0510602</Code>
      <Name>Ecosystem Dynamics</Name>
    </FoaInformation>
    <ProgramElement>
      <Code>1181</Code>
      <Text>ECOSYSTEM STUDIES</Text>
    </ProgramElement>
    <ProgramReference>
      <Code>9179</Code>
      <Text>GRADUATE INVOLVEMENT</Text>
    </ProgramReference>
    <ProgramReference>
      <Code>SMET</Code>
      <Text>SCIENCE, MATH, ENG &amp; TECH EDUCATION</Text>
    </ProgramReference>
  </Award>
</rootTag>
