<?xml version="1.0" encoding="UTF-8"?>

<rootTag>
  <Award>
    <AwardTitle>Depth Properties of Modules Over Local Rings</AwardTitle>
    <AwardEffectiveDate>07/01/1998</AwardEffectiveDate>
    <AwardExpirationDate>06/30/2001</AwardExpirationDate>
    <AwardAmount>59084</AwardAmount>
    <AwardInstrument>
      <Value>Standard Grant</Value>
    </AwardInstrument>
    <Organization>
      <Code>03040300</Code>
      <Directorate>
        <LongName>Direct For Mathematical &amp; Physical Scien</LongName>
      </Directorate>
      <Division>
        <LongName>Division Of Mathematical Sciences</LongName>
      </Division>
    </Organization>
    <ProgramOfficer>
      <SignBlockName>Joseph P. Brennan</SignBlockName>
    </ProgramOfficer>
    <AbstractNarration>WIEGAND&lt;br/&gt;98-01309&lt;br/&gt;&lt;br/&gt;This award supports research in homological and commutative algebra. Three related topics will be investigated: homological theory of local rings, representation theory of modules over local tings and Picard groups of algebraic varieties over field that are not algebraically closed.&lt;br/&gt;&lt;br/&gt;Commutative algebra, among other things, studies the solutions of polynomial or power series equations by forming an algebraic object, called a ring, which consists of the 'generic' solutions. The algebraic properties of these generic solutions then give insight into the geometric and algebraic nature of the equations. The field combines techniques from a number of other areas including combinatorics, topology, and analysis.</AbstractNarration>
    <MinAmdLetterDate>06/11/1998</MinAmdLetterDate>
    <MaxAmdLetterDate>12/03/1999</MaxAmdLetterDate>
    <ARRAAmount/>
    <AwardID>9801309</AwardID>
    <Investigator>
      <FirstName>Roger</FirstName>
      <LastName>Wiegand</LastName>
      <EmailAddress>rwiegand@math.unl.edu</EmailAddress>
      <StartDate>06/11/1998</StartDate>
      <EndDate/>
      <RoleCode>Principal Investigator</RoleCode>
    </Investigator>
    <Institution>
      <Name>University of Nebraska-Lincoln</Name>
      <CityName>Lincoln</CityName>
      <ZipCode>685031435</ZipCode>
      <PhoneNumber>4024723171</PhoneNumber>
      <StreetAddress>151 Prem S. Paul Research Center</StreetAddress>
      <CountryName>United States</CountryName>
      <StateName>Nebraska</StateName>
      <StateCode>NE</StateCode>
    </Institution>
    <FoaInformation>
      <Code>0000099</Code>
      <Name>Other Applications NEC</Name>
    </FoaInformation>
    <ProgramElement>
      <Code>1264</Code>
      <Text>ALGEBRA,NUMBER THEORY,AND COM</Text>
    </ProgramElement>
    <ProgramReference>
      <Code>0000</Code>
      <Text>UNASSIGNED</Text>
    </ProgramReference>
    <ProgramReference>
      <Code>9178</Code>
      <Text>UNDERGRADUATE EDUCATION</Text>
    </ProgramReference>
    <ProgramReference>
      <Code>9251</Code>
      <Text>RES EXPER FOR UNDERGRAD-SUPPLT</Text>
    </ProgramReference>
    <ProgramReference>
      <Code>OTHR</Code>
      <Text>OTHER RESEARCH OR EDUCATION</Text>
    </ProgramReference>
    <ProgramReference>
      <Code>SMET</Code>
      <Text>SCIENCE, MATH, ENG &amp; TECH EDUCATION</Text>
    </ProgramReference>
  </Award>
</rootTag>
