<?xml version="1.0" encoding="UTF-8"?>

<rootTag>
  <Award>
    <AwardTitle>SBIR Phase II: Recycling Painted Automotive Thermoplastics</AwardTitle>
    <AwardEffectiveDate>07/15/1998</AwardEffectiveDate>
    <AwardExpirationDate>06/30/2000</AwardExpirationDate>
    <AwardAmount>396999</AwardAmount>
    <AwardInstrument>
      <Value>Standard Grant</Value>
    </AwardInstrument>
    <Organization>
      <Code>07070000</Code>
      <Directorate>
        <LongName>Directorate For Engineering</LongName>
      </Directorate>
      <Division>
        <LongName>Div Of Industrial Innovation &amp; Partnersh</LongName>
      </Division>
    </Organization>
    <ProgramOfficer>
      <SignBlockName>Ritchie B. Coryell</SignBlockName>
    </ProgramOfficer>
    <AbstractNarration>*** 9801511 Wisner This Small Business Innovation Research (SBIR) Phase II project will develop a new process for recycling painted automotive thermoplastics. The use of thermoplastics to produce automotive bumpers, fascias, etc. began in the mid 1980's and currently consumes approximately 350 million pounds per year. With the average life of an automobile of 10-12 years, hundreds of millions of pounds of valuable plastic are beginning to accumulate at the automotive dismantlers. Most of this ends up in automotive shredder residue and subsequently in landfills. The basic problem in recycling these thermoplastics is residual paint particles. Phase I research discovered a process to remove the paint using partial hydrolysis and mechanical attrition to remove the paint. Phase II will design, build, and operate a fully commercial prototype process. The quality of thermoplastics in bumpers' end-of-life vehicles will be assessed from different climates of the U.S., and functionalized additives, designed to react with partially hydrolyzed paint, creating an "in situ" compatabilizer, will be explored. The commercial goal is to deliver recycled plastic from both dismantlers (post consumer) and industry scrap (post industrial) with virgin plastic properties and reuse it in bumper manufacture. This technology is expected to increase the recycling of a major material resource, and commercial recycling of 100 million pounds per year is thought to be achievable. ***</AbstractNarration>
    <MinAmdLetterDate>07/14/1998</MinAmdLetterDate>
    <MaxAmdLetterDate>07/14/1998</MaxAmdLetterDate>
    <ARRAAmount/>
    <AwardID>9801511</AwardID>
    <Investigator>
      <FirstName>Ralph</FirstName>
      <LastName>Wisner</LastName>
      <EmailAddress>plasticsdr@aciplastics.com</EmailAddress>
      <StartDate>07/14/1998</StartDate>
      <EndDate/>
      <RoleCode>Principal Investigator</RoleCode>
    </Investigator>
    <Institution>
      <Name>American Commodities, Inc (ACI)</Name>
      <CityName>Flint</CityName>
      <ZipCode>485063928</ZipCode>
      <PhoneNumber>5178329763</PhoneNumber>
      <StreetAddress>2945 Davison Road</StreetAddress>
      <CountryName>United States</CountryName>
      <StateName>Michigan</StateName>
      <StateCode>MI</StateCode>
    </Institution>
    <FoaInformation>
      <Code>0308000</Code>
      <Name>Industrial Technology</Name>
    </FoaInformation>
  </Award>
</rootTag>
