<?xml version="1.0" encoding="UTF-8"?>

<rootTag>
  <Award>
    <AwardTitle>Discrete Subgroups of Lie Groups</AwardTitle>
    <AwardEffectiveDate>06/15/1998</AwardEffectiveDate>
    <AwardExpirationDate>05/31/2001</AwardExpirationDate>
    <AwardAmount>86815</AwardAmount>
    <AwardInstrument>
      <Value>Standard Grant</Value>
    </AwardInstrument>
    <Organization>
      <Code>03040200</Code>
      <Directorate>
        <LongName>Direct For Mathematical &amp; Physical Scien</LongName>
      </Directorate>
      <Division>
        <LongName>Division Of Mathematical Sciences</LongName>
      </Division>
    </Organization>
    <ProgramOfficer>
      <SignBlockName>Joe W. Jenkins</SignBlockName>
    </ProgramOfficer>
    <AbstractNarration>ABSTRACT&lt;br/&gt;Witte&lt;br/&gt;&lt;br/&gt;One focus of this project is the study of tessellations of homogeneous &lt;br/&gt;spaces. Namely, if G/H is a non-compact, simply connected homogeneous space &lt;br/&gt;of a connected Lie group G, the question is whether there is a properly &lt;br/&gt;discontinuous subgroup D of G such that the orbit space D\G/H is compact. &lt;br/&gt;Some special cases have been studied by L. Auslander, Y. Benoist, G. A. &lt;br/&gt;Margulis, R. J. Zimmer, H. Oh, and others. If there is a compact subset C of G with CHC = G, then we say that H is a Cartan-decomposition subgroup, and it is easy to see that G/H does not have a tessellation. The project will use Cartan-decomposition subgroups as a starting point in a study of tessellations of homogeneous spaces of semisimple groups of real rank two. The other main focus of this project is generalizing the PI's theorem that arithmetic groups of Q-rank at least two have no interesting continuous actions on connected one-manifolds. (In algebraic terms, the theorem asserts that no central extension of any such arithmetic group is right orderable.) The PI conjectured that the &lt;br/&gt;assumption on Q-rank can be replaced by the same assumption on the real &lt;br/&gt;rank, and this leads to interesting questions about the algebraic structure &lt;br/&gt;of arithmetic groups.&lt;br/&gt;&lt;br/&gt;Many important materials are crystals. The atomic structure of such a &lt;br/&gt;material is very symmetric, and a first step toward understanding the &lt;br/&gt;physical properties of the material is to study the group formed by all the &lt;br/&gt;symmetries of the structure. This project investigates the symmetry groups &lt;br/&gt;that arise from crystals in mathematical spaces other than the &lt;br/&gt;3-dimensional universe we live in. A basic problem addressed by this &lt;br/&gt;project is to understand which spaces do contain crystals. Also, this &lt;br/&gt;project will study the structure of the symmetry group of the crystals that &lt;br/&gt;do exist. For example, the PI and others have shown, in many cases, that &lt;br/&gt;crystals in two different spaces cannot have the same group of symmetries. &lt;br/&gt;However, it is often still not known whether the group of symmetries can be &lt;br/&gt;the same as the symmetries of a one-dimensional non-rigid (and, hence, &lt;br/&gt;non-crystalline) structure.</AbstractNarration>
    <MinAmdLetterDate>05/30/1998</MinAmdLetterDate>
    <MaxAmdLetterDate>04/21/2000</MaxAmdLetterDate>
    <ARRAAmount/>
    <AwardID>9801136</AwardID>
    <Investigator>
      <FirstName>Leticia</FirstName>
      <LastName>Barchini</LastName>
      <EmailAddress>leticia@math.okstate.edu</EmailAddress>
      <StartDate>04/21/2000</StartDate>
      <EndDate/>
      <RoleCode>Principal Investigator</RoleCode>
    </Investigator>
    <Investigator>
      <FirstName>Dave</FirstName>
      <LastName>Witte</LastName>
      <EmailAddress>dwitte@math.okstate.edu</EmailAddress>
      <StartDate>05/30/1998</StartDate>
      <EndDate>04/21/2000</EndDate>
      <RoleCode>Former Principal Investigator</RoleCode>
    </Investigator>
    <Institution>
      <Name>Oklahoma State University</Name>
      <CityName>Stillwater</CityName>
      <ZipCode>740781011</ZipCode>
      <PhoneNumber>4057449995</PhoneNumber>
      <StreetAddress>101 WHITEHURST HALL</StreetAddress>
      <CountryName>United States</CountryName>
      <StateName>Oklahoma</StateName>
      <StateCode>OK</StateCode>
    </Institution>
    <FoaInformation>
      <Code>0000099</Code>
      <Name>Other Applications NEC</Name>
    </FoaInformation>
    <ProgramElement>
      <Code>1281</Code>
      <Text>ANALYSIS PROGRAM</Text>
    </ProgramElement>
    <ProgramReference>
      <Code>0000</Code>
      <Text>UNASSIGNED</Text>
    </ProgramReference>
    <ProgramReference>
      <Code>OTHR</Code>
      <Text>OTHER RESEARCH OR EDUCATION</Text>
    </ProgramReference>
  </Award>
</rootTag>
