<?xml version="1.0" encoding="UTF-8"?>

<rootTag>
  <Award>
    <AwardTitle>SBIR Phase II: Handwriting Based Interface for Mathematical Notation</AwardTitle>
    <AwardEffectiveDate>08/15/1998</AwardEffectiveDate>
    <AwardExpirationDate>03/31/2002</AwardExpirationDate>
    <AwardAmount>398707</AwardAmount>
    <AwardInstrument>
      <Value>Standard Grant</Value>
    </AwardInstrument>
    <Organization>
      <Code>07070000</Code>
      <Directorate>
        <LongName>Directorate For Engineering</LongName>
      </Directorate>
      <Division>
        <LongName>Div Of Industrial Innovation &amp; Partnersh</LongName>
      </Division>
    </Organization>
    <ProgramOfficer>
      <SignBlockName>Sara B. Nerlove</SignBlockName>
    </ProgramOfficer>
    <AbstractNarration>9801069 Garst This Small Business Innovation Research Phase II project will develop a prototype handwriting based input system for mathematical notation which demonstrates the ease of use, recognition accuracy and editing power required to make computer input of mathematical equations easier than writing them on a pad of paper. This will solve the persistent problem of tedious and difficult input methods for text formatters, technical assistants and other systems which require input of mathematical notation. The proposed work includes collection of handwritten mathematical data, investigation of a usable interface and editing system, and research into a fast and accurate recognizer for handwritten notation. The market for natural and efficient input of mathematical notation is potentially very large, spread across a range of innovative products for students and professionals in many technical, business and educational fields. Potential applications include easy electronic communication of mathematical notation; far more productive word processors for technical notation; handheld calculators which accept symbolic problems as easily as numeric ones; and others. CIC is in a strong position to pursue commercialization. Its licensees include IBM, NEC, Nortel and many others.</AbstractNarration>
    <MinAmdLetterDate>08/05/1998</MinAmdLetterDate>
    <MaxAmdLetterDate>07/14/2000</MaxAmdLetterDate>
    <ARRAAmount/>
    <AwardID>9801069</AwardID>
    <Investigator>
      <FirstName>Peter</FirstName>
      <LastName>Garst</LastName>
      <EmailAddress>pgarst@mathsoft.com</EmailAddress>
      <StartDate>08/05/1998</StartDate>
      <EndDate/>
      <RoleCode>Principal Investigator</RoleCode>
    </Investigator>
    <Institution>
      <Name>Communication Intelligence Corporation</Name>
      <CityName>Redwood Shores</CityName>
      <ZipCode>94065</ZipCode>
      <PhoneNumber>4158027888</PhoneNumber>
      <StreetAddress>275 Shoreline Drive, #520</StreetAddress>
      <CountryName>United States</CountryName>
      <StateName>California</StateName>
      <StateCode>CA</StateCode>
    </Institution>
  </Award>
</rootTag>
