<?xml version="1.0" encoding="UTF-8"?>

<rootTag>
  <Award>
    <AwardTitle>Dissertation Research: Courtship Pheromones, Female Receptivity, and Sexual Isolation in Plethodontid Salamanders</AwardTitle>
    <AwardEffectiveDate>06/01/1998</AwardEffectiveDate>
    <AwardExpirationDate>05/31/2000</AwardExpirationDate>
    <AwardAmount>10000</AwardAmount>
    <AwardInstrument>
      <Value>Standard Grant</Value>
    </AwardInstrument>
    <Organization>
      <Code>08090300</Code>
      <Directorate>
        <LongName>Direct For Biological Sciences</LongName>
      </Directorate>
      <Division>
        <LongName>Division Of Integrative Organismal Sys</LongName>
      </Division>
    </Organization>
    <ProgramOfficer>
      <SignBlockName>John A. Byers</SignBlockName>
    </ProgramOfficer>
    <AbstractNarration>Nontechnical Abstract Proposal # 9801210 Kreitman, M. / Rollmann, S. In terrestrial plethodontid salamanders, a male delivers chemicals substances (pheromones) to the female during courtship. These pheromones lead to an increase in female receptivity, thereby reducing the time a pair spends in courtship. These pheromones may also be used by females to determine whether or not the courting male is a member of her species. This possibility will be tested by observing the behavioral responses of females to male pheromones from different subpopulations within the same species and from males from different species. The behavioral experiments will be accompanied by chemical analyses of the pheromone components that influence female behavior. Many vertebrates rely on chemical signals, such as pheromones, for communication between potential mates. Chemical variation in these pheromones could lead to discrimination against individuals from different subpopulations and perhaps lead to complete reproductive isolation of the subpopulations thereby contributing to the formation of new species. The hypothesis that divergence in pheromones functions to reduce mating has not been tested in a vertebrate species and few vertebrate pheromones have been isolated and identified. Finally, until now, little research has focused on the chemical variability in pheromones or on the relationship between chemical differences and behavioral effects. This research breaks new ground by using the unique opportunity offered in plethodontid salamanders to investigate these issues.</AbstractNarration>
    <MinAmdLetterDate>04/28/1998</MinAmdLetterDate>
    <MaxAmdLetterDate>04/28/1998</MaxAmdLetterDate>
    <ARRAAmount/>
    <AwardID>9801210</AwardID>
    <Investigator>
      <FirstName>Martin</FirstName>
      <LastName>Kreitman</LastName>
      <EmailAddress>mkre@midway.uchicago.edu</EmailAddress>
      <StartDate>04/28/1998</StartDate>
      <EndDate/>
      <RoleCode>Principal Investigator</RoleCode>
    </Investigator>
    <Institution>
      <Name>University of Chicago</Name>
      <CityName>Chicago</CityName>
      <ZipCode>606375418</ZipCode>
      <PhoneNumber>7737028669</PhoneNumber>
      <StreetAddress>5801 South Ellis Avenue</StreetAddress>
      <CountryName>United States</CountryName>
      <StateName>Illinois</StateName>
      <StateCode>IL</StateCode>
    </Institution>
  </Award>
</rootTag>
