<?xml version="1.0" encoding="UTF-8"?>

<rootTag>
  <Award>
    <AwardTitle>Support for Workshop on Future Directions in Molecular Modeling and Simulation: Fundamentals and Applications, to be held in Arlington, VA, November 1997</AwardTitle>
    <AwardEffectiveDate>11/01/1997</AwardEffectiveDate>
    <AwardExpirationDate>02/28/2001</AwardExpirationDate>
    <AwardAmount>61850</AwardAmount>
    <AwardInstrument>
      <Value>Standard Grant</Value>
    </AwardInstrument>
    <Organization>
      <Code>07020000</Code>
      <Directorate>
        <LongName>Directorate For Engineering</LongName>
      </Directorate>
      <Division>
        <LongName>Div Of Chem, Bioeng, Env, &amp; Transp Sys</LongName>
      </Division>
    </Organization>
    <ProgramOfficer>
      <SignBlockName>Robert M. Wellek</SignBlockName>
    </ProgramOfficer>
    <AbstractNarration>ABSTRACT CTS-9801293 Peter T. Cummings/U. of Tenn This proposal seeks funds to support a National Science foundation workshop, entitled: "Workshop on Future directions in Molecular Modeling and Simulation: Fundamentals and Applications," to be held at the National Science foundation, November 3-4, 1997. A broad spectrum of approximately 20 experts from academia, industry and government laboratories have been invited, and agreed, to make presentations in the workshop. An additional 20 researchers will participate in the workshop's discussions and breakout sessions. The workshop will deliver a report to the National Science Foundation by December 1, 1997. The goals of the workshop are: 1. To survey the current state of the art in academic research and industrial practice in the areas of computational chemistry and molecular simulation; 2. To identify major impediments to further progress in the field and the adoption of these methods by industry; and 3. To determine highly promising new directions for methodological developments and application areas. The report of this workshop will provide a working document for National Science foundation staff to provide guidance to the academic research community as to important opportunities and needs for research in Molecular Modeling and Simulation.</AbstractNarration>
    <MinAmdLetterDate>10/29/1997</MinAmdLetterDate>
    <MaxAmdLetterDate>06/10/1999</MaxAmdLetterDate>
    <ARRAAmount/>
    <AwardID>9801293</AwardID>
    <Investigator>
      <FirstName>Peter</FirstName>
      <LastName>Cummings</LastName>
      <EmailAddress>peter.cummings@vanderbilt.edu</EmailAddress>
      <StartDate>10/29/1997</StartDate>
      <EndDate/>
      <RoleCode>Principal Investigator</RoleCode>
    </Investigator>
    <Institution>
      <Name>University of Tennessee Knoxville</Name>
      <CityName>KNOXVILLE</CityName>
      <ZipCode>379960003</ZipCode>
      <PhoneNumber>8659743466</PhoneNumber>
      <StreetAddress>1 CIRCLE PARK</StreetAddress>
      <CountryName>United States</CountryName>
      <StateName>Tennessee</StateName>
      <StateCode>TN</StateCode>
    </Institution>
    <FoaInformation>
      <Code>0308000</Code>
      <Name>Industrial Technology</Name>
    </FoaInformation>
  </Award>
</rootTag>
