<?xml version="1.0" encoding="UTF-8"?>

<rootTag>
  <Award>
    <AwardTitle>Dissertation Research: Effects of Dissolved Organic Carbon on Nitrification Rates in Aquatic Ecosystems</AwardTitle>
    <AwardEffectiveDate>05/01/1998</AwardEffectiveDate>
    <AwardExpirationDate>04/30/2000</AwardExpirationDate>
    <AwardAmount>9985</AwardAmount>
    <AwardInstrument>
      <Value>Standard Grant</Value>
    </AwardInstrument>
    <Organization>
      <Code>08010208</Code>
      <Directorate>
        <LongName>Direct For Biological Sciences</LongName>
      </Directorate>
      <Division>
        <LongName>Division Of Environmental Biology</LongName>
      </Division>
    </Organization>
    <ProgramOfficer>
      <SignBlockName>Penelope L. Firth</SignBlockName>
    </ProgramOfficer>
    <AbstractNarration>98-01090 Lamberti/Strauss DDIG: Effects of dissolved organic carbon on nitrification rates in aquatic ecosystems Nitrogen can be present in many forms in aquatic ecosystems and the health of these ecosystems is dependent, in part, on natural transformations between the different forms. One transformation, termed nitrification, is a bacterial process in which ammonium is converted to nitrate. Nitrification is important because the end product, nitrate, can cause nutrient pollution in lakes and streams leading to excessive growth of aquatic plants. High concentrations of nitrate in drinking water also have been linked to several human health problems. Our preliminary experiments suggest that the quantity of organic carbon dissolved in water may control nitrification rates. We will conduct several experiments using stream and lake sediments, the site of most nitrification, to investigate the influence of organic carbon on nitrification rates. Our basic hypothesis is that increasing quantity and quality of organic carbon will reduce nitrification because other bacteria will outcompete nitrifying bacteria for ammonium.</AbstractNarration>
    <MinAmdLetterDate>04/16/1998</MinAmdLetterDate>
    <MaxAmdLetterDate>04/16/1998</MaxAmdLetterDate>
    <ARRAAmount/>
    <AwardID>9801090</AwardID>
    <Investigator>
      <FirstName>Gary</FirstName>
      <LastName>Lamberti</LastName>
      <EmailAddress>glambert@nd.edu</EmailAddress>
      <StartDate>04/16/1998</StartDate>
      <EndDate/>
      <RoleCode>Principal Investigator</RoleCode>
    </Investigator>
    <Institution>
      <Name>University of Notre Dame</Name>
      <CityName>NOTRE DAME</CityName>
      <ZipCode>465565708</ZipCode>
      <PhoneNumber>5746317432</PhoneNumber>
      <StreetAddress>940 Grace Hall</StreetAddress>
      <CountryName>United States</CountryName>
      <StateName>Indiana</StateName>
      <StateCode>IN</StateCode>
    </Institution>
  </Award>
</rootTag>
