<?xml version="1.0" encoding="UTF-8"?>

<rootTag>
  <Award>
    <AwardTitle>Branching Rules and Tensor Product Decompositions in Algebraic Lie Theory</AwardTitle>
    <AwardEffectiveDate>06/15/1998</AwardEffectiveDate>
    <AwardExpirationDate>05/31/2001</AwardExpirationDate>
    <AwardAmount>66450</AwardAmount>
    <AwardInstrument>
      <Value>Standard Grant</Value>
    </AwardInstrument>
    <Organization>
      <Code>03040300</Code>
      <Directorate>
        <LongName>Direct For Mathematical &amp; Physical Scien</LongName>
      </Directorate>
      <Division>
        <LongName>Division Of Mathematical Sciences</LongName>
      </Division>
    </Organization>
    <ProgramOfficer>
      <SignBlockName>Alvin I. Thaler</SignBlockName>
    </ProgramOfficer>
    <AbstractNarration>9801442 Brundan This award supports research on the study and computation of various branching rules for modular representations of general linear groups and symmetric groups. In particular, the principal investigator is interested in determining to what extent such classical branching coefficients are equal to the analogous coefficients in the quantum versions of these problems. He hopes both to extend existing techniques based on lowering operators, and to exploit newly understood connections between branching rules and decompositions of tensor products. A parallel project is to generalize existing results on completely splittable representations for general linear groups to orthogonal and symplectic groups. The research supported concerns the representation theory of various algebraic objects including general linear groups and symmetric groups. Representation theory is an important method for determining the structure of these objects. This work has implications for a number of areas of mathematics including ring theory, group theory, topology and the study of Lie algebras.</AbstractNarration>
    <MinAmdLetterDate>04/23/1998</MinAmdLetterDate>
    <MaxAmdLetterDate>04/23/1998</MaxAmdLetterDate>
    <ARRAAmount/>
    <AwardID>9801442</AwardID>
    <Investigator>
      <FirstName>Jonathan</FirstName>
      <LastName>Brundan</LastName>
      <EmailAddress>brundan@uoregon.edu</EmailAddress>
      <StartDate>04/23/1998</StartDate>
      <EndDate/>
      <RoleCode>Principal Investigator</RoleCode>
    </Investigator>
    <Institution>
      <Name>University of Oregon Eugene</Name>
      <CityName>Eugene</CityName>
      <ZipCode>974035219</ZipCode>
      <PhoneNumber>5413465131</PhoneNumber>
      <StreetAddress>5219 UNIVERSITY OF OREGON</StreetAddress>
      <CountryName>United States</CountryName>
      <StateName>Oregon</StateName>
      <StateCode>OR</StateCode>
    </Institution>
    <FoaInformation>
      <Code>0000099</Code>
      <Name>Other Applications NEC</Name>
    </FoaInformation>
    <ProgramElement>
      <Code>1264</Code>
      <Text>ALGEBRA,NUMBER THEORY,AND COM</Text>
    </ProgramElement>
    <ProgramReference>
      <Code>0000</Code>
      <Text>UNASSIGNED</Text>
    </ProgramReference>
    <ProgramReference>
      <Code>OTHR</Code>
      <Text>OTHER RESEARCH OR EDUCATION</Text>
    </ProgramReference>
  </Award>
</rootTag>
