<?xml version="1.0" encoding="UTF-8"?>

<rootTag>
  <Award>
    <AwardTitle>Dissertation Research: Population Structure and Genetic Variation of the Yellow Fever Mosquito (Aedes aegypti) in Southeast Arizona</AwardTitle>
    <AwardEffectiveDate>07/15/1998</AwardEffectiveDate>
    <AwardExpirationDate>12/31/1999</AwardExpirationDate>
    <AwardAmount>6995</AwardAmount>
    <AwardInstrument>
      <Value>Standard Grant</Value>
    </AwardInstrument>
    <Organization>
      <Code>08010207</Code>
      <Directorate>
        <LongName>Direct For Biological Sciences</LongName>
      </Directorate>
      <Division>
        <LongName>Division Of Environmental Biology</LongName>
      </Division>
    </Organization>
    <ProgramOfficer>
      <SignBlockName>Mark Courtney</SignBlockName>
    </ProgramOfficer>
    <AbstractNarration>9801453&lt;br/&gt;Kidwell&lt;br/&gt;&lt;br/&gt;&lt;br/&gt;Aedes aegypti, the yellow fever mosquito that also vectors dengue hemorrhagic fever, has reemerged in southeastern Arizona after fifty years of putative eradication. The proposed study will use molecular markers to examine the genetic structure of this population of mosquitoes, and that of neighboring populations, in order to determine the genetic and/or historical factors that define this invasion. It is not clear if A. aegypti has recently recolonized the Tucson area, or if it has been present all along at very low frequencies with recent conditions being ripe for a population expansion. If the former is the case, the resulting genetic data will have value to the field of invasion biology. In the latter case, empirical results regarding the recovery of a population from a small number of individuals will be useful to conservation biologists. Also, information about the origin and migration patterns of an insect disease vector should greatly benefit future eradication programs.</AbstractNarration>
    <MinAmdLetterDate>06/08/1998</MinAmdLetterDate>
    <MaxAmdLetterDate>06/08/1998</MaxAmdLetterDate>
    <ARRAAmount/>
    <AwardID>9801453</AwardID>
    <Investigator>
      <FirstName>Margaret</FirstName>
      <LastName>Kidwell</LastName>
      <EmailAddress>kidwell@azstarnet.com</EmailAddress>
      <StartDate>06/08/1998</StartDate>
      <EndDate/>
      <RoleCode>Principal Investigator</RoleCode>
    </Investigator>
    <Institution>
      <Name>University of Arizona</Name>
      <CityName>Tucson</CityName>
      <ZipCode>857194824</ZipCode>
      <PhoneNumber>5206266000</PhoneNumber>
      <StreetAddress>888 N Euclid Ave</StreetAddress>
      <CountryName>United States</CountryName>
      <StateName>Arizona</StateName>
      <StateCode>AZ</StateCode>
    </Institution>
    <FoaInformation>
      <Code>0302000</Code>
      <Name>Biological Pest Control</Name>
    </FoaInformation>
    <FoaInformation>
      <Code>0312000</Code>
      <Name>Population</Name>
    </FoaInformation>
    <ProgramElement>
      <Code>1174</Code>
      <Text>POPULATION DYNAMICS</Text>
    </ProgramElement>
    <ProgramReference>
      <Code>9169</Code>
      <Text>BIODIVERSITY AND ECOSYSTEM DYNAMICS</Text>
    </ProgramReference>
    <ProgramReference>
      <Code>9179</Code>
      <Text>GRADUATE INVOLVEMENT</Text>
    </ProgramReference>
    <ProgramReference>
      <Code>EGCH</Code>
      <Text>ENVIRONMENT AND GLOBAL CHANGE</Text>
    </ProgramReference>
    <ProgramReference>
      <Code>SMET</Code>
      <Text>SCIENCE, MATH, ENG &amp; TECH EDUCATION</Text>
    </ProgramReference>
  </Award>
</rootTag>
