<?xml version="1.0" encoding="UTF-8"?>

<rootTag>
  <Award>
    <AwardTitle>Topics in Arithmetic Geometry and K-Theory</AwardTitle>
    <AwardEffectiveDate>06/15/1998</AwardEffectiveDate>
    <AwardExpirationDate>05/31/2003</AwardExpirationDate>
    <AwardAmount>231675</AwardAmount>
    <AwardInstrument>
      <Value>Continuing grant</Value>
    </AwardInstrument>
    <Organization>
      <Code>03040200</Code>
      <Directorate>
        <LongName>Direct For Mathematical &amp; Physical Scien</LongName>
      </Directorate>
      <Division>
        <LongName>Division Of Mathematical Sciences</LongName>
      </Division>
    </Organization>
    <ProgramOfficer>
      <SignBlockName>Andrew D. Pollington</SignBlockName>
    </ProgramOfficer>
    <AbstractNarration>Henri Gillet&lt;br/&gt;DMS-98 01219&lt;br/&gt;&lt;br/&gt;Professor Gillet will work on problems involving the interaction between K-theory and arithmetic geometry. He will study algebraic analogs to Arakelov theory for varieties over discretely valued fields. He hopes to establish an arithmetic Riemann-Roch theorem. It is hoped that these researches will lead to improved insights into the structure of sets of rational points on arithmetic varieties. In addition to these algebraic problems, Professor Gillet will study intersections of analytic cycles from a purely analytic perspective.&lt;br/&gt;&lt;br/&gt;Analysis, geometry and algebra are three of the major attacks used to investigate modern mathematical problems. All three have been used repeatedly on the ancient problem of solving equations using fractions alone. Geometrically this problem amounts to finding rational points (points described by fractions) on curves (equations viewed as graphs.) Giving such solutions a geometric interpretation makes them more concrete. But having done this, the modern approach to geometry constructs abstract algebraic objects that behave like familiar geometric objects. At the same time analytic techniques that use Calculus can help understand the same geometric objects in a different way. In this project Professor Gillet will study certain collections of rational solutions of equations, varieties, using geometry, algebra, and analysis in tandem. The combination of several modern ideas will lead to new insights into the structure of the rational solutions of rational equations.</AbstractNarration>
    <MinAmdLetterDate>06/16/1998</MinAmdLetterDate>
    <MaxAmdLetterDate>04/30/2002</MaxAmdLetterDate>
    <ARRAAmount/>
    <AwardID>9801219</AwardID>
    <Investigator>
      <FirstName>Henri</FirstName>
      <LastName>Gillet</LastName>
      <EmailAddress>henri@math.uic.edu</EmailAddress>
      <StartDate>06/16/1998</StartDate>
      <EndDate/>
      <RoleCode>Principal Investigator</RoleCode>
    </Investigator>
    <Institution>
      <Name>University of Illinois at Chicago</Name>
      <CityName>Chicago</CityName>
      <ZipCode>606124305</ZipCode>
      <PhoneNumber>3129962862</PhoneNumber>
      <StreetAddress>809 S MARSHFIELD</StreetAddress>
      <CountryName>United States</CountryName>
      <StateName>Illinois</StateName>
      <StateCode>IL</StateCode>
    </Institution>
    <FoaInformation>
      <Code>0000099</Code>
      <Name>Other Applications NEC</Name>
    </FoaInformation>
    <ProgramElement>
      <Code>1264</Code>
      <Text>ALGEBRA,NUMBER THEORY,AND COM</Text>
    </ProgramElement>
    <ProgramReference>
      <Code>0000</Code>
      <Text>UNASSIGNED</Text>
    </ProgramReference>
    <ProgramReference>
      <Code>OTHR</Code>
      <Text>OTHER RESEARCH OR EDUCATION</Text>
    </ProgramReference>
  </Award>
</rootTag>
