<?xml version="1.0" encoding="UTF-8"?>

<rootTag>
  <Award>
    <AwardTitle>Infinite-Dimensional Banach and Operator Spaces</AwardTitle>
    <AwardEffectiveDate>07/01/1998</AwardEffectiveDate>
    <AwardExpirationDate>12/31/2001</AwardExpirationDate>
    <AwardAmount>72840</AwardAmount>
    <AwardInstrument>
      <Value>Standard Grant</Value>
    </AwardInstrument>
    <Organization>
      <Code>03040100</Code>
      <Directorate>
        <LongName>Direct For Mathematical &amp; Physical Scien</LongName>
      </Directorate>
      <Division>
        <LongName>Division Of Mathematical Sciences</LongName>
      </Division>
    </Organization>
    <ProgramOfficer>
      <SignBlockName>Joe W. Jenkins</SignBlockName>
    </ProgramOfficer>
    <AbstractNarration>ABSTRACT&lt;br/&gt;Odell&lt;br/&gt;&lt;br/&gt;&lt;br/&gt;This project involves several open problems in geometric functional analysis. 1) Does there exist a distortable Banach space of bounded distortion? 2) If all spreading models of any block basis of a given basis for X are 1-equivalent to some l_p space does X contain l_p? 3) Must every Banach space admit a "nice" spreading model? 4) The study of the ordinal l_1(+) index of a Banach space.&lt;br/&gt;&lt;br/&gt;&lt;br/&gt;In the usual geometry of space one can measure the distance between two &lt;br/&gt;points by means of a carpenter's tape measure (distance is measured "as &lt;br/&gt;the crow flies"). There are however other natural distances which a &lt;br/&gt;mathematician encounters. For example the "taxicab distance" between &lt;br/&gt;two points on this surface would be the distance between the points as &lt;br/&gt;measured by a taxi that could only travel horizontally or vertically &lt;br/&gt;(imagine all roads run N-S or E-W). Mathematicians must study the &lt;br/&gt;geometry of these different notions of distance in order to solve those &lt;br/&gt;problems from whence the geometry arose. Furthermore many mathematical &lt;br/&gt;problems require one to work in spaces of higher than three dimensions, &lt;br/&gt;even infinite dimensional space (for example in quantum mechanics &lt;br/&gt;differential equations,...). This project concerns such problems. &lt;br/&gt;For example the author and Th. Schlumprecht proved that ordinary &lt;br/&gt;(tape measure) infinite dimensional space could have its geometry &lt;br/&gt;altered ("distorted") so as to be that one could not recapture the &lt;br/&gt;original geometry up to any given multiple in any infinite dimensional &lt;br/&gt;"slice". This is false for the taxicab geometry. But it remains a famous &lt;br/&gt;open problem as to whether or not there exists a geometry which can be &lt;br/&gt;altered but not too badly. Other problems of this project involve &lt;br/&gt;determining infinite dimensional substructures of a geometry given limited &lt;br/&gt;"asymptotical" (less than infinite dimensional but more than finite &lt;br/&gt;dimensional) information.</AbstractNarration>
    <MinAmdLetterDate>06/26/1998</MinAmdLetterDate>
    <MaxAmdLetterDate>06/26/1998</MaxAmdLetterDate>
    <ARRAAmount/>
    <AwardID>9801153</AwardID>
    <Investigator>
      <FirstName>Edward</FirstName>
      <LastName>Odell</LastName>
      <EmailAddress>odell@math.utexas.edu</EmailAddress>
      <StartDate>06/26/1998</StartDate>
      <EndDate/>
      <RoleCode>Principal Investigator</RoleCode>
    </Investigator>
    <Institution>
      <Name>University of Texas at Austin</Name>
      <CityName>Austin</CityName>
      <ZipCode>787121532</ZipCode>
      <PhoneNumber>5124716424</PhoneNumber>
      <StreetAddress>101 E. 27th Street, Suite 5.300</StreetAddress>
      <CountryName>United States</CountryName>
      <StateName>Texas</StateName>
      <StateCode>TX</StateCode>
    </Institution>
  </Award>
</rootTag>
