<?xml version="1.0" encoding="UTF-8"?>

<rootTag>
  <Award>
    <AwardTitle>P-adic Periods and Algebraic K-theory</AwardTitle>
    <AwardEffectiveDate>07/01/1998</AwardEffectiveDate>
    <AwardExpirationDate>06/30/2002</AwardExpirationDate>
    <AwardAmount>86073</AwardAmount>
    <AwardInstrument>
      <Value>Standard Grant</Value>
    </AwardInstrument>
    <Organization>
      <Code>03040200</Code>
      <Directorate>
        <LongName>Direct For Mathematical &amp; Physical Scien</LongName>
      </Directorate>
      <Division>
        <LongName>Division Of Mathematical Sciences</LongName>
      </Division>
    </Organization>
    <ProgramOfficer>
      <SignBlockName>B. Brent Gordon</SignBlockName>
    </ProgramOfficer>
    <AbstractNarration>Niziol 9801211 This project will explore a conceptually very simple K-theoretical approach to the theory of p-adic periods. For a scheme over a local field of mixed characteristic the theory of p-adic periods attempts to relate the p-adic geometric etale cohomology with the de Rham cohomology. This relation is supposed to be attained by so called period morphisms and the key theorems in the field (comparison theorems) deal with constructing this morphisms and showing that they are isomorphisms. This project proposes to use K-theory to construct the p-adic period maps. This should give new proofs of the known comparison theorems as well as show that they are true in some cases which were not known before. This project falls into the general area of arithmetic geometry - a subject that blends two of the oldest areas of mathematics: number theory and geometry. This combination has proved extraordinarily fruitful - having recently solved problems that withstood generations. Among its many consequences are new error correcting codes. Such codes are essential for both modern computers (hard disks) and compact disks.</AbstractNarration>
    <MinAmdLetterDate>06/16/1998</MinAmdLetterDate>
    <MaxAmdLetterDate>06/16/1998</MaxAmdLetterDate>
    <ARRAAmount/>
    <AwardID>9801211</AwardID>
    <Investigator>
      <FirstName>Wieslawa</FirstName>
      <LastName>Niziol</LastName>
      <EmailAddress>niziol@math.utah.edu</EmailAddress>
      <StartDate>06/16/1998</StartDate>
      <EndDate/>
      <RoleCode>Principal Investigator</RoleCode>
    </Investigator>
    <Institution>
      <Name>University of Utah</Name>
      <CityName>SALT LAKE CITY</CityName>
      <ZipCode>841128930</ZipCode>
      <PhoneNumber>8015816903</PhoneNumber>
      <StreetAddress>75 S 2000 E</StreetAddress>
      <CountryName>United States</CountryName>
      <StateName>Utah</StateName>
      <StateCode>UT</StateCode>
    </Institution>
  </Award>
</rootTag>
