<?xml version="1.0" encoding="UTF-8"?>

<rootTag>
  <Award>
    <AwardTitle>Topics in Local Algebra</AwardTitle>
    <AwardEffectiveDate>07/15/1998</AwardEffectiveDate>
    <AwardExpirationDate>06/30/2002</AwardExpirationDate>
    <AwardAmount>60000</AwardAmount>
    <AwardInstrument>
      <Value>Standard Grant</Value>
    </AwardInstrument>
    <Organization>
      <Code>03040200</Code>
      <Directorate>
        <LongName>Direct For Mathematical &amp; Physical Scien</LongName>
      </Directorate>
      <Division>
        <LongName>Division Of Mathematical Sciences</LongName>
      </Division>
    </Organization>
    <ProgramOfficer>
      <SignBlockName>William M. Snyder, Jr.</SignBlockName>
    </ProgramOfficer>
    <AbstractNarration>ROTTHAUS&lt;br/&gt;98-01222&lt;br/&gt;&lt;br/&gt;The proposal consists of two parts. The first section involves a construction technique for local noetherian rings of finite transcendence degree over a field. This technique has been very powerful in the past; many(famous) counterexamples in commutative algebrahave been produced involving this technique. The proposer will investigate if the construction provides a way of describing all local Noetherian domains which contain a coefficient field k and are of finite transcendence degree over k.. The proposer is also interested in applications of this construction to local uniformization and to Artin's conjecture on regular morphism. The second part of the proposal is concerned with questions about local cohomology.&lt;br/&gt;&lt;br/&gt;Local Noetherian domains that are of finite transcendence degree over a field occur as major building blocks in commutative algebra and algebraic geometry; they are ultimately involved in the description of the solution sets of algebraic equations. Local cohomology was developed in algebraic geometry as a tool for the description of solution sets of algebraic equations.</AbstractNarration>
    <MinAmdLetterDate>06/26/1998</MinAmdLetterDate>
    <MaxAmdLetterDate>08/29/2001</MaxAmdLetterDate>
    <ARRAAmount/>
    <AwardID>9801222</AwardID>
    <Investigator>
      <FirstName>Christel</FirstName>
      <LastName>Rotthaus</LastName>
      <EmailAddress>rotthaus@math.msu.edu</EmailAddress>
      <StartDate>06/26/1998</StartDate>
      <EndDate/>
      <RoleCode>Principal Investigator</RoleCode>
    </Investigator>
    <Institution>
      <Name>Michigan State University</Name>
      <CityName>East Lansing</CityName>
      <ZipCode>488242600</ZipCode>
      <PhoneNumber>5173555040</PhoneNumber>
      <StreetAddress>Office of Sponsored Programs</StreetAddress>
      <CountryName>United States</CountryName>
      <StateName>Michigan</StateName>
      <StateCode>MI</StateCode>
    </Institution>
    <FoaInformation>
      <Code>0000099</Code>
      <Name>Other Applications NEC</Name>
    </FoaInformation>
  </Award>
</rootTag>
