<?xml version="1.0" encoding="UTF-8"?>

<rootTag>
  <Award>
    <AwardTitle>Dissertation Research: Asexuality and Parasitism by Mutualist Arbuscular Mycorrhizal Fungi</AwardTitle>
    <AwardEffectiveDate>06/15/1998</AwardEffectiveDate>
    <AwardExpirationDate>05/31/2000</AwardExpirationDate>
    <AwardAmount>10367</AwardAmount>
    <AwardInstrument>
      <Value>Standard Grant</Value>
    </AwardInstrument>
    <Organization>
      <Code>08010208</Code>
      <Directorate>
        <LongName>Direct For Biological Sciences</LongName>
      </Directorate>
      <Division>
        <LongName>Division Of Environmental Biology</LongName>
      </Division>
    </Organization>
    <ProgramOfficer>
      <SignBlockName>Margaret Palmer</SignBlockName>
    </ProgramOfficer>
    <AbstractNarration>9801551 Antonovics and Pringle Models on reproductive ecology of mutualisms have not been well developed or tested. Considering sexual vs. asexual reproduction, it has been hypothesized that mutualistic species that live inside other species, for example arbuscular mycorrhizal fungi that inhabit plant roots, should be asexual which would allow the perpetuation of well adapted genotypes. Sexual reproduction, in contrast, would create novel genotypes that might be less adapted to a host. Information on the reproductive biology of mutualists is necessary to test this notion. I plan to describe the genetic system of arbuscular mycorrhizal fungi as a first step in evaluating the asexual-predominance hypothesis for mutualisms. I also plan to test the benefits to plants of associations with arbuscular mycorrhizal fungi. This is necessary since a non-mutual relationship between fungi and plants due to environmental conditions or differing interactions with specific plants would provide situations that are inappropriate for testing the hypothesis.</AbstractNarration>
    <MinAmdLetterDate>06/09/1998</MinAmdLetterDate>
    <MaxAmdLetterDate>06/09/1998</MaxAmdLetterDate>
    <ARRAAmount/>
    <AwardID>9801551</AwardID>
    <Investigator>
      <FirstName>Janis</FirstName>
      <LastName>Antonovics</LastName>
      <EmailAddress>ja8n@virginia.edu</EmailAddress>
      <StartDate>06/09/1998</StartDate>
      <EndDate/>
      <RoleCode>Principal Investigator</RoleCode>
    </Investigator>
    <Institution>
      <Name>Duke University</Name>
      <CityName>Durham</CityName>
      <ZipCode>277054010</ZipCode>
      <PhoneNumber>9196843030</PhoneNumber>
      <StreetAddress>2200 W. Main St, Suite 710</StreetAddress>
      <CountryName>United States</CountryName>
      <StateName>North Carolina</StateName>
      <StateCode>NC</StateCode>
    </Institution>
  </Award>
</rootTag>
