<?xml version="1.0" encoding="UTF-8"?>

<rootTag>
  <Award>
    <AwardTitle>SBIR Phase II: Flexible Polymer Photodiode Arrays for Image Scanning and Digital Camera Applications</AwardTitle>
    <AwardEffectiveDate>07/15/1998</AwardEffectiveDate>
    <AwardExpirationDate>06/30/2000</AwardExpirationDate>
    <AwardAmount>399830</AwardAmount>
    <AwardInstrument>
      <Value>Standard Grant</Value>
    </AwardInstrument>
    <Organization>
      <Code>07070000</Code>
      <Directorate>
        <LongName>Directorate For Engineering</LongName>
      </Directorate>
      <Division>
        <LongName>Div Of Industrial Innovation &amp; Partnersh</LongName>
      </Division>
    </Organization>
    <ProgramOfficer>
      <SignBlockName>Michael F. Crowley</SignBlockName>
    </ProgramOfficer>
    <AbstractNarration>Uniax Corp. will develop large size, linear photodiode arrays and 2D photodiode matrices fabricated from semiconducting polymers and polymer blends. The proposed innovation will have impact in the digital camera market by enabling a much lower cost sensor head. It is also expected to have impact in digital scanner heads and a variety of sensor heads for scientific and commercial applications.</AbstractNarration>
    <MinAmdLetterDate>07/17/1998</MinAmdLetterDate>
    <MaxAmdLetterDate>07/17/1998</MaxAmdLetterDate>
    <ARRAAmount/>
    <AwardID>9801432</AwardID>
    <Investigator>
      <FirstName>Gang</FirstName>
      <LastName>Yu</LastName>
      <EmailAddress>gangyu@uniax.com</EmailAddress>
      <StartDate>07/17/1998</StartDate>
      <EndDate/>
      <RoleCode>Principal Investigator</RoleCode>
    </Investigator>
    <Institution>
      <Name>UNIAX Corporation</Name>
      <CityName>Santa Barbara</CityName>
      <ZipCode>931173022</ZipCode>
      <PhoneNumber>8055629293</PhoneNumber>
      <StreetAddress>6780 Cortona Drive</StreetAddress>
      <CountryName>United States</CountryName>
      <StateName>California</StateName>
      <StateCode>CA</StateCode>
    </Institution>
    <FoaInformation>
      <Code>0206000</Code>
      <Name>Telecommunications</Name>
    </FoaInformation>
  </Award>
</rootTag>
