<?xml version="1.0" encoding="UTF-8"?>

<rootTag>
  <Award>
    <AwardTitle>Representation Theory of Reductive P-Adic Groups</AwardTitle>
    <AwardEffectiveDate>06/15/1998</AwardEffectiveDate>
    <AwardExpirationDate>05/31/2001</AwardExpirationDate>
    <AwardAmount>86604</AwardAmount>
    <AwardInstrument>
      <Value>Standard Grant</Value>
    </AwardInstrument>
    <Organization>
      <Code>03040300</Code>
      <Directorate>
        <LongName>Direct For Mathematical &amp; Physical Scien</LongName>
      </Directorate>
      <Division>
        <LongName>Division Of Mathematical Sciences</LongName>
      </Division>
    </Organization>
    <ProgramOfficer>
      <SignBlockName>Lynne Walling</SignBlockName>
    </ProgramOfficer>
    <AbstractNarration>ABSTRACT Gopal Prasad Michigan 98 01262 Gopal Prasad will continue his work on the classification of admissible representations of reductive p-adic groups in terms of their restrictions to compact-open subgroups. He hopes to be able to refine the theory of ("unrefined")minimal K-types developed by him and A. Moy, and also find a suitable extension of the Kirillov theory for this purpose. In another direction, he proposes to find a proof of the centrality of the congruence subgroup kernel for simply connected anisotropic groups of type A-n and determine the normal subgroups of the group of rational points of these groups. A reductive p-adic group is the special collection of symmetries of an arithmetic or geometric object. This study is expected to unravel intricate and fundamental properties of the objects and patterns which are of interest in arithmetic and geometry through the study of these symmetries. One way to understand a group of symmetries is through a representation of its elements as matrices. Representation theory does this in a systematic way. Ultimately the goal is to be able to construct and classify all representations of the reductive p-adic groups, and from this settle important questions about the underlying geometric object. This is important because so many interesting arithmetic and geometric objects have interesting symmetries that form a reductive p-adic group.</AbstractNarration>
    <MinAmdLetterDate>06/18/1998</MinAmdLetterDate>
    <MaxAmdLetterDate>06/18/1998</MaxAmdLetterDate>
    <ARRAAmount/>
    <AwardID>9801262</AwardID>
    <Investigator>
      <FirstName>Gopal</FirstName>
      <LastName>Prasad</LastName>
      <EmailAddress>gprasad@umich.edu</EmailAddress>
      <StartDate>06/18/1998</StartDate>
      <EndDate/>
      <RoleCode>Principal Investigator</RoleCode>
    </Investigator>
    <Institution>
      <Name>University of Michigan Ann Arbor</Name>
      <CityName>Ann Arbor</CityName>
      <ZipCode>481091274</ZipCode>
      <PhoneNumber>7347636438</PhoneNumber>
      <StreetAddress>3003 South State St. Room 1062</StreetAddress>
      <CountryName>United States</CountryName>
      <StateName>Michigan</StateName>
      <StateCode>MI</StateCode>
    </Institution>
    <FoaInformation>
      <Code>0000099</Code>
      <Name>Other Applications NEC</Name>
    </FoaInformation>
  </Award>
</rootTag>
