<?xml version="1.0" encoding="UTF-8"?>

<rootTag>
  <Award>
    <AwardTitle>Burnside Groups and Related Topics</AwardTitle>
    <AwardEffectiveDate>05/15/1998</AwardEffectiveDate>
    <AwardExpirationDate>04/30/2001</AwardExpirationDate>
    <AwardAmount>112469</AwardAmount>
    <AwardInstrument>
      <Value>Continuing grant</Value>
    </AwardInstrument>
    <Organization>
      <Code>03040300</Code>
      <Directorate>
        <LongName>Direct For Mathematical &amp; Physical Scien</LongName>
      </Directorate>
      <Division>
        <LongName>Division Of Mathematical Sciences</LongName>
      </Division>
    </Organization>
    <ProgramOfficer>
      <SignBlockName>Joseph P. Brennan</SignBlockName>
    </ProgramOfficer>
    <AbstractNarration>IVANOV, 98-01500 The proposer will work on further development and applications of a geometric machinery of graded diagrams which was recently created to solve the famous Burnside problem on periodic groups for all sufficiently large exponents and has already been successfully applied to prove Gromov's conjecture on periodic quotients of hyperbolic groups of bounded exponent. In particular, the proposer will carry out this machinery to free products of groups, investigate finitely presented groups given by periodic relations and subgroups of free Burnside groups of large even exponent, and apply this machinery to nonhyperbolic groups with classical small cancellation conditions. The field of group theory is the mathematical theory of symmetry and interacts with many other disciplines, for example physics and chemistry outside of mathematics, coding theory, number theory and geometry inside mathematics. This research is in combinatorial group theory which studies groups defined by means of generators and defining relations and is the intersection of group theory, low dimensional topology, geometry, and the theory of computability.</AbstractNarration>
    <MinAmdLetterDate>03/20/1998</MinAmdLetterDate>
    <MaxAmdLetterDate>07/24/2000</MaxAmdLetterDate>
    <ARRAAmount/>
    <AwardID>9801500</AwardID>
    <Investigator>
      <FirstName>Sergei</FirstName>
      <LastName>Ivanov</LastName>
      <EmailAddress>ivanov@illinois.edu</EmailAddress>
      <StartDate>03/20/1998</StartDate>
      <EndDate/>
      <RoleCode>Principal Investigator</RoleCode>
    </Investigator>
    <Institution>
      <Name>University of Illinois at Urbana-Champaign</Name>
      <CityName>CHAMPAIGN</CityName>
      <ZipCode>618207473</ZipCode>
      <PhoneNumber>2173332187</PhoneNumber>
      <StreetAddress>SUITE A</StreetAddress>
      <CountryName>United States</CountryName>
      <StateName>Illinois</StateName>
      <StateCode>IL</StateCode>
    </Institution>
    <FoaInformation>
      <Code>0000099</Code>
      <Name>Other Applications NEC</Name>
    </FoaInformation>
    <ProgramElement>
      <Code>1264</Code>
      <Text>ALGEBRA,NUMBER THEORY,AND COM</Text>
    </ProgramElement>
    <ProgramReference>
      <Code>0000</Code>
      <Text>UNASSIGNED</Text>
    </ProgramReference>
    <ProgramReference>
      <Code>OTHR</Code>
      <Text>OTHER RESEARCH OR EDUCATION</Text>
    </ProgramReference>
  </Award>
</rootTag>
