<?xml version="1.0" encoding="UTF-8"?>

<rootTag>
  <Award>
    <AwardTitle>SGER: The Hypothalamic-Pituitary-Adrenal System: Links with Emerging Effortful Control and Self-Regulation</AwardTitle>
    <AwardEffectiveDate>04/15/1998</AwardEffectiveDate>
    <AwardExpirationDate>03/31/2000</AwardExpirationDate>
    <AwardAmount>19407</AwardAmount>
    <AwardInstrument>
      <Value>Standard Grant</Value>
    </AwardInstrument>
    <Organization>
      <Code>04040500</Code>
      <Directorate>
        <LongName>Direct For Social, Behav &amp; Economic Scie</LongName>
      </Directorate>
      <Division>
        <LongName>Division Of Behavioral and Cognitive Sci</LongName>
      </Division>
    </Organization>
    <ProgramOfficer>
      <SignBlockName>Steven Breckler</SignBlockName>
    </ProgramOfficer>
    <AbstractNarration>This award was made as a Small Grant for Exploratory Research. The project investigates a possible link between cortisol and inhibitory or effortful control in young children. The PI (G. Kochanska) studies effortful control, self-regulation, affectivity, and temperament in young children. The co-PI (M. Gunnar) studies the role of cortisol in behavioral adaptation and its impact on the central nervous system and behavior. The two investigators will link their programs of research to study whether dysregulation of the daily rhythm in cortisol, and/or elevated cortisol responses to stressors might be related to poor inhibitory control in preschool children. Repeated assessments of cortisol levels (derived from samples of saliva) will be related to childrens' inhibitory/effortful control, also measured repeatedly over time. Preliminary data indicate that children who score consistently low on inhibitory control competencies over the preschool years show a marked suppression of the first morning cortisol values compared to other children. As a result, the daily rhythm in cortisol production is dampened in these children. It is not known whether the childrens' poor inhibitory control abilities preceded or followed the alteration in their daily cortisol rhythm. This project is designed to gain further insight into this relationship between glucocorticoids and attention regulation and inhibitory control.</AbstractNarration>
    <MinAmdLetterDate>04/06/1998</MinAmdLetterDate>
    <MaxAmdLetterDate>04/06/1998</MaxAmdLetterDate>
    <ARRAAmount/>
    <AwardID>9801292</AwardID>
    <Investigator>
      <FirstName>Grazyna</FirstName>
      <LastName>Kochanska</LastName>
      <EmailAddress>grazyna-kochanska@uiowa.edu</EmailAddress>
      <StartDate>04/06/1998</StartDate>
      <EndDate/>
      <RoleCode>Principal Investigator</RoleCode>
    </Investigator>
    <Institution>
      <Name>University of Iowa</Name>
      <CityName>IOWA CITY</CityName>
      <ZipCode>522421320</ZipCode>
      <PhoneNumber>3193352123</PhoneNumber>
      <StreetAddress>2 GILMORE HALL</StreetAddress>
      <CountryName>United States</CountryName>
      <StateName>Iowa</StateName>
      <StateCode>IA</StateCode>
    </Institution>
    <FoaInformation>
      <Code>0116000</Code>
      <Name>Human Subjects</Name>
    </FoaInformation>
    <ProgramElement>
      <Code>1332</Code>
      <Text>SOCIAL PSYCHOLOGY</Text>
    </ProgramElement>
    <ProgramReference>
      <Code>0000</Code>
      <Text>UNASSIGNED</Text>
    </ProgramReference>
    <ProgramReference>
      <Code>1092</Code>
      <Text>SBER HUMAN CAPITAL INITIATIVE</Text>
    </ProgramReference>
    <ProgramReference>
      <Code>9237</Code>
      <Text>SMALL GRANTS-EXPLORATORY RSRCH</Text>
    </ProgramReference>
    <ProgramReference>
      <Code>OTHR</Code>
      <Text>OTHER RESEARCH OR EDUCATION</Text>
    </ProgramReference>
  </Award>
</rootTag>
