<?xml version="1.0" encoding="UTF-8"?>

<rootTag>
  <Award>
    <AwardTitle>SBIR Phase II: A Meshless Topology Optimization Design and Analysis Tool</AwardTitle>
    <AwardEffectiveDate>08/15/1998</AwardEffectiveDate>
    <AwardExpirationDate>07/31/2000</AwardExpirationDate>
    <AwardAmount>400000</AwardAmount>
    <AwardInstrument>
      <Value>Standard Grant</Value>
    </AwardInstrument>
    <Organization>
      <Code>07070000</Code>
      <Directorate>
        <LongName>Directorate For Engineering</LongName>
      </Directorate>
      <Division>
        <LongName>Div Of Industrial Innovation &amp; Partnersh</LongName>
      </Division>
    </Organization>
    <ProgramOfficer>
      <SignBlockName>Ritchie B. Coryell</SignBlockName>
    </ProgramOfficer>
    <AbstractNarration>*** 9801059 Liszka This Small Business Innovation Research (SBIR) Phase II project will develop and test an innovative software tool which will merge the tasks of design and structural analysis into a single task. The research will combine the technologies of topology optimization with emerging hp-adaptive meshless and finite element methods of structural analysis. For a given package space and boundary conditions, this method will compute structures which are optimum in terms of topology as well as size and shape. Error prediction features of the hp-adaptive method will hold the modeling errors within user prescribed bounds, thus significantly reducing design iterations, the most costly and time consuming portions of the design process. Phase II will develop a three-dimensional (3D) prototype software package. Phase I findings will be extended to 3D linear elasticity with error estimation to control solution quality. The research will also explore improved convergence, stability, manufacturability, and overall performance of the computational algorithms. This technology has a potential for dramatically reducing the iterative design process by concurrent running of design, analysis, and size/shape optimization algorithms in a single CAE step. The anticipated ease of use will enable non-expert designers, as well as CAE experts, in applying this technology. Particular use is expected in the automotive and aerospace industries, where one-half of all mechanical software applications are found and significant pressures to reduce product cycle times are experienced. ***</AbstractNarration>
    <MinAmdLetterDate>08/06/1998</MinAmdLetterDate>
    <MaxAmdLetterDate>08/06/1998</MaxAmdLetterDate>
    <ARRAAmount/>
    <AwardID>9801059</AwardID>
    <Investigator>
      <FirstName>Tadeusz</FirstName>
      <LastName>Liszka</LastName>
      <EmailAddress>tad@comco.com</EmailAddress>
      <StartDate>08/06/1998</StartDate>
      <EndDate/>
      <RoleCode>Principal Investigator</RoleCode>
    </Investigator>
    <Institution>
      <Name>Altair Computing, Incorporated</Name>
      <CityName>Troy</CityName>
      <ZipCode>480844004</ZipCode>
      <PhoneNumber>8106142400</PhoneNumber>
      <StreetAddress>1757 Maplelawn Drive</StreetAddress>
      <CountryName>United States</CountryName>
      <StateName>Michigan</StateName>
      <StateCode>MI</StateCode>
    </Institution>
    <FoaInformation>
      <Code>0306000</Code>
      <Name>Energy Research &amp; Resources</Name>
    </FoaInformation>
  </Award>
</rootTag>
