<?xml version="1.0" encoding="UTF-8"?>

<rootTag>
  <Award>
    <AwardTitle>SBIR Phase II: Real Time Spectrogram Inversion for Ultrashort Laser Pulse Measurement</AwardTitle>
    <AwardEffectiveDate>07/01/1998</AwardEffectiveDate>
    <AwardExpirationDate>06/30/2001</AwardExpirationDate>
    <AwardAmount>400000</AwardAmount>
    <AwardInstrument>
      <Value>Standard Grant</Value>
    </AwardInstrument>
    <Organization>
      <Code>07070000</Code>
      <Directorate>
        <LongName>Directorate For Engineering</LongName>
      </Directorate>
      <Division>
        <LongName>Div Of Industrial Innovation &amp; Partnersh</LongName>
      </Division>
    </Organization>
    <ProgramOfficer>
      <SignBlockName>Michael F. Crowley</SignBlockName>
    </ProgramOfficer>
    <AbstractNarration>Southwest Sciences Inc. will develop a Femtosecond (10-15 s) Oscilloscope which will be particularly valuable in the ultrafast laser science and engineering community. The oscilloscope under development will continuously measure the intensity and phase of ultrashort laser pulses at a rate of 10 Hz, and the dynamic range of the instrument will exceed 50 dB. This characterization tool will be invaluable in science and engineering research activities such as in the exploration of : kinetics in proteins; carrier relaxation in semiconductor materials; imaging through turbid media; and coherently controlled chemical reactions.</AbstractNarration>
    <MinAmdLetterDate>06/23/1998</MinAmdLetterDate>
    <MaxAmdLetterDate>06/23/1998</MaxAmdLetterDate>
    <ARRAAmount/>
    <AwardID>9801116</AwardID>
    <Investigator>
      <FirstName>Daniel</FirstName>
      <LastName>Kane</LastName>
      <EmailAddress>djkane@swsciences.com</EmailAddress>
      <StartDate>06/23/1998</StartDate>
      <EndDate/>
      <RoleCode>Principal Investigator</RoleCode>
    </Investigator>
    <Institution>
      <Name>Southwest Sciences Inc</Name>
      <CityName>Santa Fe</CityName>
      <ZipCode>875053937</ZipCode>
      <PhoneNumber>5059841322</PhoneNumber>
      <StreetAddress>1570 PACHECO ST STE E11</StreetAddress>
      <CountryName>United States</CountryName>
      <StateName>New Mexico</StateName>
      <StateCode>NM</StateCode>
    </Institution>
  </Award>
</rootTag>
