<?xml version="1.0" encoding="UTF-8"?>

<rootTag>
  <Award>
    <AwardTitle>SBIR PHASE II: An Accurate and Efficient Reconstruction Algorithm for Fast Volumetric X-Ray Computed Tomography (CT)Scanner</AwardTitle>
    <AwardEffectiveDate>12/01/1998</AwardEffectiveDate>
    <AwardExpirationDate>11/30/2000</AwardExpirationDate>
    <AwardAmount>389900</AwardAmount>
    <AwardInstrument>
      <Value>Standard Grant</Value>
    </AwardInstrument>
    <Organization>
      <Code>07070000</Code>
      <Directorate>
        <LongName>Directorate For Engineering</LongName>
      </Directorate>
      <Division>
        <LongName>Div Of Industrial Innovation &amp; Partnersh</LongName>
      </Division>
    </Organization>
    <ProgramOfficer>
      <SignBlockName>Jean C. Bonney</SignBlockName>
    </ProgramOfficer>
    <AbstractNarration>*** 9801384 Hu This Small Business Innovation Research Phase II project will provide a new solution to the problem of constructing the interior information of a three-dimensional object from its projection measurements acquired with a large area detector and cone-shaped x-ray beams. This study is fundamental to the volumetric CT scanner development. In Phase I, it has been demonstrated that a new approach, developed by the Principal Investigator using circle-and-line scan path for data collection and a "hybrid-type" of reconstruction algorithm for data processing, combines the strengths and eliminates the weakness of two most popular (widely-used) classes of approaches. In the Phase II research, this new approach will be further refined and developed for final commercialization. Its performance advantages in terms of improving information fidelity, operating speed, applicability, reliability, and cost-effectiveness of the volumetric CT scanner will be further demonstrated using x-ray data from potential customers -- CT manufacturers and other research groups. A software package of this new approach will be developed for use with the general-purpose computers. Commercial applications of this technology will be identified. The successful development of this new approach will accelerate the commercialization and the acceptance of the volumetric CT scanner, which in turn, will generate fundamental impacts in manufacturing industries, medicine, security and safety inspection, as well as in material science and engineering. Successful applications in these areas can enhance national competitiveness and improve the well being of the public. ***</AbstractNarration>
    <MinAmdLetterDate>09/03/1998</MinAmdLetterDate>
    <MaxAmdLetterDate>09/03/1998</MaxAmdLetterDate>
    <ARRAAmount/>
    <AwardID>9801384</AwardID>
    <Investigator>
      <FirstName>Hui</FirstName>
      <LastName>Hu</LastName>
      <EmailAddress>hui.hu@imagingtechinc.com</EmailAddress>
      <StartDate>09/03/1998</StartDate>
      <EndDate/>
      <RoleCode>Principal Investigator</RoleCode>
    </Investigator>
    <Institution>
      <Name>ImagingTech, Incorporated</Name>
      <CityName>Waukesha</CityName>
      <ZipCode>531861417</ZipCode>
      <PhoneNumber>4145212991</PhoneNumber>
      <StreetAddress>1030 Ridge Road</StreetAddress>
      <CountryName>United States</CountryName>
      <StateName>Wisconsin</StateName>
      <StateCode>WI</StateCode>
    </Institution>
    <FoaInformation>
      <Code>0308000</Code>
      <Name>Industrial Technology</Name>
    </FoaInformation>
  </Award>
</rootTag>
