<?xml version="1.0" encoding="UTF-8"?>

<rootTag>
  <Award>
    <AwardTitle>Non-fogging Glass Surfaces</AwardTitle>
    <AwardEffectiveDate>04/01/1998</AwardEffectiveDate>
    <AwardExpirationDate>03/31/2003</AwardExpirationDate>
    <AwardAmount>363295</AwardAmount>
    <AwardInstrument>
      <Value>Continuing grant</Value>
    </AwardInstrument>
    <Organization>
      <Code>03070007</Code>
      <Directorate>
        <LongName>Direct For Mathematical &amp; Physical Scien</LongName>
      </Directorate>
      <Division>
        <LongName>Division Of Materials Research</LongName>
      </Division>
    </Organization>
    <ProgramOfficer>
      <SignBlockName>David Nelson</SignBlockName>
    </ProgramOfficer>
    <AbstractNarration>9801070 Heller This project involves the study of mechanisms describing wettable surfaces of glasses that are composed of photoactive oxide semiconductors. Hypotheses describing the chemical origin of the non-fogging properties of titanium dioxide coated glass surfaces, such as by light induced creation of a photoelectret within a semiconductor layer, will be investigated and experimentally verified. %%% The resolution of the fundamental mechanisms for the creation of non-fogging and self-cleaning surfaces and coatings could have a very significant economic impact in that it will result in new approaches to the design and engineering of advanced new materials for a broad range of consumer, automotive, and construction products. ***</AbstractNarration>
    <MinAmdLetterDate>04/01/1998</MinAmdLetterDate>
    <MaxAmdLetterDate>04/11/2001</MaxAmdLetterDate>
    <ARRAAmount/>
    <AwardID>9801070</AwardID>
    <Investigator>
      <FirstName>Robert</FirstName>
      <LastName>Schechter</LastName>
      <EmailAddress>schechter@che.utexas.edu</EmailAddress>
      <StartDate>04/01/1998</StartDate>
      <EndDate/>
      <RoleCode>Co-Principal Investigator</RoleCode>
    </Investigator>
    <Investigator>
      <FirstName>Adam</FirstName>
      <LastName>Heller</LastName>
      <EmailAddress>heller@che.utexas.edu</EmailAddress>
      <StartDate>04/01/1998</StartDate>
      <EndDate/>
      <RoleCode>Principal Investigator</RoleCode>
    </Investigator>
    <Institution>
      <Name>University of Texas at Austin</Name>
      <CityName>Austin</CityName>
      <ZipCode>787121532</ZipCode>
      <PhoneNumber>5124716424</PhoneNumber>
      <StreetAddress>101 E. 27th Street, Suite 5.300</StreetAddress>
      <CountryName>United States</CountryName>
      <StateName>Texas</StateName>
      <StateCode>TX</StateCode>
    </Institution>
    <FoaInformation>
      <Code>0106000</Code>
      <Name>Materials Research</Name>
    </FoaInformation>
  </Award>
</rootTag>
