<?xml version="1.0" encoding="UTF-8"?>

<rootTag>
  <Award>
    <AwardTitle>Dissertation Research: Paternity Assessment in a Population of Humpback Whales (Megaptera Novaeangliae)</AwardTitle>
    <AwardEffectiveDate>07/15/1998</AwardEffectiveDate>
    <AwardExpirationDate>06/30/2001</AwardExpirationDate>
    <AwardAmount>10000</AwardAmount>
    <AwardInstrument>
      <Value>Standard Grant</Value>
    </AwardInstrument>
    <Organization>
      <Code>08090300</Code>
      <Directorate>
        <LongName>Direct For Biological Sciences</LongName>
      </Directorate>
      <Division>
        <LongName>Division Of Integrative Organismal Sys</LongName>
      </Division>
    </Organization>
    <ProgramOfficer>
      <SignBlockName>Stephen Vessey</SignBlockName>
    </ProgramOfficer>
    <AbstractNarration>Proposal No. IBN-9801452 Dissertation Research: "Paternity Assessments in a Population of Humpback Whales (Megaptera Novaeangliae)" Although whale mating behavior is difficult to observe, their mating systems can be assessed by genetic techniques. This study will determine the mating system from the parentage in a natural breeding population of humpback whales. Skin samples will be obtained by approaching whales in a small boat and harpooning biopsy samples from adult males (individually recognized by their flukes), and from adult females and their calves; this does not harm the whales. Molecular genetics lab work then will match the DNA of each calf with the DNA of its mother and its possible father. By comparing the variation in reproductive success from the genetic fingerprints among the large representative local sample of males, the mating system of the population can be assessed. The results may explain the elaboration of the complex male songs and behavior traditions in humpback whales, and they will further the understanding of sexual selection in mammalian mating systems. The study is the first assessment of male reproductive success in a mysticete whale. This method may prove to be especially important in studies to determine the mating systems of whales and other marine mammals where mating is difficult to observe. scientific model may apply in determining the mating systems in marine The results may be of general significance to conservation of whale populations.</AbstractNarration>
    <MinAmdLetterDate>08/06/1998</MinAmdLetterDate>
    <MaxAmdLetterDate>07/18/2000</MaxAmdLetterDate>
    <ARRAAmount/>
    <AwardID>9801452</AwardID>
    <Investigator>
      <FirstName>Robert</FirstName>
      <LastName>Payne</LastName>
      <EmailAddress>rbpayne@umich.edu</EmailAddress>
      <StartDate>08/06/1998</StartDate>
      <EndDate/>
      <RoleCode>Principal Investigator</RoleCode>
    </Investigator>
    <Institution>
      <Name>University of Michigan Ann Arbor</Name>
      <CityName>Ann Arbor</CityName>
      <ZipCode>481091274</ZipCode>
      <PhoneNumber>7347636438</PhoneNumber>
      <StreetAddress>3003 South State St. Room 1062</StreetAddress>
      <CountryName>United States</CountryName>
      <StateName>Michigan</StateName>
      <StateCode>MI</StateCode>
    </Institution>
  </Award>
</rootTag>
