<?xml version="1.0" encoding="UTF-8"?>

<rootTag>
  <Award>
    <AwardTitle>The Structure of Nuclear C*-Algebras</AwardTitle>
    <AwardEffectiveDate>06/01/1998</AwardEffectiveDate>
    <AwardExpirationDate>05/31/2001</AwardExpirationDate>
    <AwardAmount>67473</AwardAmount>
    <AwardInstrument>
      <Value>Standard Grant</Value>
    </AwardInstrument>
    <Organization>
      <Code>03040200</Code>
      <Directorate>
        <LongName>Direct For Mathematical &amp; Physical Scien</LongName>
      </Directorate>
      <Division>
        <LongName>Division Of Mathematical Sciences</LongName>
      </Division>
    </Organization>
    <ProgramOfficer>
      <SignBlockName>Joe W. Jenkins</SignBlockName>
    </ProgramOfficer>
    <AbstractNarration>Abstract Lin The project is to study nuclear C*-algebras by studying their homomorphisms, isomorphic types and their invariants, and by studying extensions of C*-algebras. Continuous maps between topological spaces are of fundamental importance in topology. As their noncommutative counterparts, homomorphisms are of fundamental importance in the theory of C*-algebras. One part of the project is to determine when two homomorphisms from one unital separable nuclear C*-algebra to another C*-algebra are (stably) approximately unitarily equivalent. It is always in the center of the theory of C*-algebras to determine when two C*-algebras are isomorphic and to describe their invariants. Another part of the project is to classify (simple) nuclear separable C*-algebras via their K-theory. These two parts are closely related and both involve the general theory of C*-algebras, KK-theory, the theory of automorphisms, the C*-algebra extension theory, the group representations as well as algebraic topology. Many important and significant problems in engineering, the physical sciences, and social sciences require the knowledge of linear algebras (or matrix algebras) to solve them. Many problems in linear algebras, in particular asymptotic and approximation problems in linear algebras are best described in infinite dimensional linear algebras. The study of C*-algebras is the study of infinite dimensional linear algebras. However the applications of C*-algebras range from linear algebras, operator theory, group representations, dynamic systems, to model quantum field theory and quantum statistical mechanics. For the development of the theory of C*-algebras as well as for the purpose of applications to other areas, it is primarily important to have a better understanding of the structure of C*-algebras. It is the ambitious goal of this project to determine the structure of C*-algebras with fewest possible data.</AbstractNarration>
    <MinAmdLetterDate>02/13/1998</MinAmdLetterDate>
    <MaxAmdLetterDate>02/13/1998</MaxAmdLetterDate>
    <ARRAAmount/>
    <AwardID>9801482</AwardID>
    <Investigator>
      <FirstName>Huaxin</FirstName>
      <LastName>Lin</LastName>
      <EmailAddress>hlin@uoregon.edu</EmailAddress>
      <StartDate>02/13/1998</StartDate>
      <EndDate/>
      <RoleCode>Principal Investigator</RoleCode>
    </Investigator>
    <Institution>
      <Name>University of Oregon Eugene</Name>
      <CityName>Eugene</CityName>
      <ZipCode>974035219</ZipCode>
      <PhoneNumber>5413465131</PhoneNumber>
      <StreetAddress>5219 UNIVERSITY OF OREGON</StreetAddress>
      <CountryName>United States</CountryName>
      <StateName>Oregon</StateName>
      <StateCode>OR</StateCode>
    </Institution>
    <FoaInformation>
      <Code>0000099</Code>
      <Name>Other Applications NEC</Name>
    </FoaInformation>
    <ProgramElement>
      <Code>1281</Code>
      <Text>ANALYSIS PROGRAM</Text>
    </ProgramElement>
    <ProgramReference>
      <Code>0000</Code>
      <Text>UNASSIGNED</Text>
    </ProgramReference>
    <ProgramReference>
      <Code>OTHR</Code>
      <Text>OTHER RESEARCH OR EDUCATION</Text>
    </ProgramReference>
  </Award>
</rootTag>
