<?xml version="1.0" encoding="UTF-8"?>

<rootTag>
  <Award>
    <AwardTitle>Dissertation Research: Abiotic and Biotic Control of Tree Regeneration: An Experimental Comparison of Sites Around Gatun Lake, Panama</AwardTitle>
    <AwardEffectiveDate>05/01/1998</AwardEffectiveDate>
    <AwardExpirationDate>04/30/2000</AwardExpirationDate>
    <AwardAmount>3019</AwardAmount>
    <AwardInstrument>
      <Value>Standard Grant</Value>
    </AwardInstrument>
    <Organization>
      <Code>08010208</Code>
      <Directorate>
        <LongName>Direct For Biological Sciences</LongName>
      </Directorate>
      <Division>
        <LongName>Division Of Environmental Biology</LongName>
      </Division>
    </Organization>
    <ProgramOfficer>
      <SignBlockName>William Michener</SignBlockName>
    </ProgramOfficer>
    <AbstractNarration>9801320 Terborgh and Asquith This work focuses on the question of why tropical forests support an extraordinary level of species diversity and the factors that reduce diversity following disturbance. The approach is to combine both monitoring and manipulations in forest fragments in Panama that have been isolated for over 85 years. These forest patches were created in 1912 as a byproduct of the construction of the Panama Canal. Such forest fragments have been shown to have suffered forest tree species loss. Comparison of species diversity in forest fragments with nearby intact forests will provide an indication of the extent of tree species loss during this period of time and manipulative experiments will provide evidence for mechanisms driving this loss of diversity. Specifically, rates of germination, seed predation, seedling herbivory and survivorship will be measured in forests with different mammal communities and other experiments will focus on effects of soil moisture on seedling survival. These experiments will provide insights into the mechanisms that drive loss of biodiversity in disturbed tropical forests.</AbstractNarration>
    <MinAmdLetterDate>04/22/1998</MinAmdLetterDate>
    <MaxAmdLetterDate>04/22/1998</MaxAmdLetterDate>
    <ARRAAmount/>
    <AwardID>9801320</AwardID>
    <Investigator>
      <FirstName>John</FirstName>
      <LastName>Terborgh</LastName>
      <EmailAddress>manu@duke.edu</EmailAddress>
      <StartDate>04/22/1998</StartDate>
      <EndDate/>
      <RoleCode>Principal Investigator</RoleCode>
    </Investigator>
    <Institution>
      <Name>Duke University</Name>
      <CityName>Durham</CityName>
      <ZipCode>277054010</ZipCode>
      <PhoneNumber>9196843030</PhoneNumber>
      <StreetAddress>2200 W. Main St, Suite 710</StreetAddress>
      <CountryName>United States</CountryName>
      <StateName>North Carolina</StateName>
      <StateCode>NC</StateCode>
    </Institution>
  </Award>
</rootTag>
