<?xml version="1.0" encoding="UTF-8"?>

<rootTag>
  <Award>
    <AwardTitle>SBIR Phase II: Enhancement of the Electric Power Research Institute Operator Training Simulator (EPRI-OTS) for the Restructured Electric Utility</AwardTitle>
    <AwardEffectiveDate>07/01/1998</AwardEffectiveDate>
    <AwardExpirationDate>06/30/2000</AwardExpirationDate>
    <AwardAmount>389775</AwardAmount>
    <AwardInstrument>
      <Value>Standard Grant</Value>
    </AwardInstrument>
    <Organization>
      <Code>07070000</Code>
      <Directorate>
        <LongName>Directorate For Engineering</LongName>
      </Directorate>
      <Division>
        <LongName>Div Of Industrial Innovation &amp; Partnersh</LongName>
      </Division>
    </Organization>
    <ProgramOfficer>
      <SignBlockName>Michael F. Crowley</SignBlockName>
    </ProgramOfficer>
    <AbstractNarration>Decision Systems International will enhance an Operator Training Simulator for the electric utility industry. Research and development activities entail the development of a PC-based simulator (as opposed to the presently available work station-based simulator) which permits multi-area optimization under classical and competitive conditions, and software enhancements which allow for inter-operability, usability, expandability and ease of maintenance in a control center environment or on a stand-alone basis. The increased availability of these simulators is expected to directly impact the national power grid's security and reliability, while improving economic performance.</AbstractNarration>
    <MinAmdLetterDate>06/24/1998</MinAmdLetterDate>
    <MaxAmdLetterDate>06/24/1998</MaxAmdLetterDate>
    <ARRAAmount/>
    <AwardID>9801061</AwardID>
    <Investigator>
      <FirstName>Atif</FirstName>
      <LastName>Debs</LastName>
      <EmailAddress>adebs@dsipower.com</EmailAddress>
      <StartDate>06/24/1998</StartDate>
      <EndDate/>
      <RoleCode>Principal Investigator</RoleCode>
    </Investigator>
    <Institution>
      <Name>Decision Systems International</Name>
      <CityName>Atlanta</CityName>
      <ZipCode>303052241</ZipCode>
      <PhoneNumber>4045043654</PhoneNumber>
      <StreetAddress>3060 Peachtree Road, Suite 1462</StreetAddress>
      <CountryName>United States</CountryName>
      <StateName>Georgia</StateName>
      <StateCode>GA</StateCode>
    </Institution>
    <FoaInformation>
      <Code>0306000</Code>
      <Name>Energy Research &amp; Resources</Name>
    </FoaInformation>
  </Award>
</rootTag>
