<?xml version="1.0" encoding="UTF-8"?>

<rootTag>
  <Award>
    <AwardTitle>Statistical Methods in Discrete Mathematics</AwardTitle>
    <AwardEffectiveDate>06/15/1998</AwardEffectiveDate>
    <AwardExpirationDate>05/31/2001</AwardExpirationDate>
    <AwardAmount>183549</AwardAmount>
    <AwardInstrument>
      <Value>Continuing grant</Value>
    </AwardInstrument>
    <Organization>
      <Code>03040300</Code>
      <Directorate>
        <LongName>Direct For Mathematical &amp; Physical Scien</LongName>
      </Directorate>
      <Division>
        <LongName>Division Of Mathematical Sciences</LongName>
      </Division>
    </Organization>
    <ProgramOfficer>
      <SignBlockName>B. Brent Gordon</SignBlockName>
    </ProgramOfficer>
    <AbstractNarration>Komlos 9801396 This award supports joint research of Komlos and Szemeredi in the theory of random structures. The theory of random structures is well developed. The interesting interface of randomness with discrete mathematics, however, is the use of random or quasi-random methods to deterministic problems. The PI's have developed a number of statistical methods, including the Regularity Lemma, the Blow-up Lemma, and certain relaxations of Turan's theorem. They are all based on some kind of approximation of deterministic structures with random-looking ones. The present project goes beyond these tools and extends the methods to sparse graphs and hypergraphs. These methods are strong enough to help attack several hard classical problems in graph and hypergraph theory. This research is in the area of combinatorics. One of the goals of combinatorics is to find efficient methods for manipulating and enumerating discrete collections of objects. The behavior of discrete systems is extremely important to modern communications. For example, the design of large networks, such as those occurring in telephone systems, and the design of algorithms in computer science deal with discrete sets of objects, and this makes use of combinatorial research.</AbstractNarration>
    <MinAmdLetterDate>06/16/1998</MinAmdLetterDate>
    <MaxAmdLetterDate>03/29/2000</MaxAmdLetterDate>
    <ARRAAmount/>
    <AwardID>9801396</AwardID>
    <Investigator>
      <FirstName>Janos</FirstName>
      <LastName>Komlos</LastName>
      <EmailAddress>komlos@math.rutgers.edu</EmailAddress>
      <StartDate>06/16/1998</StartDate>
      <EndDate/>
      <RoleCode>Principal Investigator</RoleCode>
    </Investigator>
    <Investigator>
      <FirstName>Endre</FirstName>
      <LastName>Szemeredi</LastName>
      <EmailAddress>szemeredi@cs.rutgers.edu</EmailAddress>
      <StartDate>06/16/1998</StartDate>
      <EndDate/>
      <RoleCode>Co-Principal Investigator</RoleCode>
    </Investigator>
    <Institution>
      <Name>Rutgers University New Brunswick</Name>
      <CityName>Piscataway</CityName>
      <ZipCode>088543925</ZipCode>
      <PhoneNumber>8489320150</PhoneNumber>
      <StreetAddress>33 Knightsbridge Road</StreetAddress>
      <CountryName>United States</CountryName>
      <StateName>New Jersey</StateName>
      <StateCode>NJ</StateCode>
    </Institution>
    <FoaInformation>
      <Code>0000099</Code>
      <Name>Other Applications NEC</Name>
    </FoaInformation>
    <ProgramElement>
      <Code>1264</Code>
      <Text>ALGEBRA,NUMBER THEORY,AND COM</Text>
    </ProgramElement>
    <ProgramReference>
      <Code>0000</Code>
      <Text>UNASSIGNED</Text>
    </ProgramReference>
    <ProgramReference>
      <Code>OTHR</Code>
      <Text>OTHER RESEARCH OR EDUCATION</Text>
    </ProgramReference>
  </Award>
</rootTag>
