<?xml version="1.0" encoding="UTF-8"?>

<rootTag>
  <Award>
    <AwardTitle>SBIR Phase II: Real-Time Spectroscopic Ellipsometer for Thin-Film Process Control</AwardTitle>
    <AwardEffectiveDate>07/01/1998</AwardEffectiveDate>
    <AwardExpirationDate>06/30/2000</AwardExpirationDate>
    <AwardAmount>405000</AwardAmount>
    <AwardInstrument>
      <Value>Standard Grant</Value>
    </AwardInstrument>
    <Organization>
      <Code>07070000</Code>
      <Directorate>
        <LongName>Directorate For Engineering</LongName>
      </Directorate>
      <Division>
        <LongName>Div Of Industrial Innovation &amp; Partnersh</LongName>
      </Division>
    </Organization>
    <ProgramOfficer>
      <SignBlockName>Michael F. Crowley</SignBlockName>
    </ProgramOfficer>
    <AbstractNarration>*** Krishnan This Small Business Innovation Research Phase II project is aimed at the development of a real-time spectroscopic ellipsometer system for thin-film process control. The key technical challenge to realizing time-resolved ellipsometry is the development of a polarization measurement sensor that operates over a wide spectral range with high spectral resolution and no moving parts. This sensor, the Grating Division-of-Amplitude Photopolarimeter (G-DOAP) uses a diffraction grating to spectrally and polarimetrically disperse light into several orders which are detected simultaneously by linear array detectors. In the Phase I research, we demonstrated, for the first time, that it was feasible to operate the G-DOAP in the 400-1000 nm wavelength range. The Phase I research also identified design ideas relating to the geometric, spectral and polarimetric optical designs including the use of vertically-multiplexed arrays, order blocking filters, use of the zero order beam for alignment, minimization of polarizer sheets and high speed electronics. The Phase II program is aimed at: (i) complete mechanical, optical, electronics, and polarimetric design of a G-DOAP system, (ii) assemble, test and characterize the G-DOAP system, and (iii) apply the Phase II G-DOAP for characterizing coatings and materials in both in-situ and ex-situ applications. If successful, rapid commercialization of the G-DOAP will be achieved through collaborative and licensing arrangements with our commercial partners from whom we have a Phase III follow-on funding commitments. The proposed G-DOAP based SE would be a low-cost, high speed system for real-time control of thin film deposition in the semiconductor industry in CVD, MOCVD, MBE, and PVD processes. Applications for the G-DOAP sensor also exist in pharmaceutical, astronomy and research markets. ***</AbstractNarration>
    <MinAmdLetterDate>06/16/1998</MinAmdLetterDate>
    <MaxAmdLetterDate>11/16/1998</MaxAmdLetterDate>
    <ARRAAmount/>
    <AwardID>9801032</AwardID>
    <Investigator>
      <FirstName>Shankar</FirstName>
      <LastName>Krishnan</LastName>
      <EmailAddress>shanky@containerless.com</EmailAddress>
      <StartDate>06/16/1998</StartDate>
      <EndDate/>
      <RoleCode>Principal Investigator</RoleCode>
    </Investigator>
    <Institution>
      <Name>Containerless Research, Inc.</Name>
      <CityName>EVANSTON</CityName>
      <ZipCode>602013149</ZipCode>
      <PhoneNumber>8474672678</PhoneNumber>
      <StreetAddress>906 UNIVERSITY PLACE</StreetAddress>
      <CountryName>United States</CountryName>
      <StateName>Illinois</StateName>
      <StateCode>IL</StateCode>
    </Institution>
    <FoaInformation>
      <Code>0106000</Code>
      <Name>Materials Research</Name>
    </FoaInformation>
  </Award>
</rootTag>
