<?xml version="1.0" encoding="UTF-8"?>

<rootTag>
  <Award>
    <AwardTitle>Collaborative Research: Integrated Optics Using Quantum State Control in Alkali Atoms</AwardTitle>
    <AwardEffectiveDate>04/15/2005</AwardEffectiveDate>
    <AwardExpirationDate>03/31/2009</AwardExpirationDate>
    <AwardAmount>128837</AwardAmount>
    <AwardInstrument>
      <Value>Standard Grant</Value>
    </AwardInstrument>
    <Organization>
      <Code>07010000</Code>
      <Directorate>
        <LongName>Directorate For Engineering</LongName>
      </Directorate>
      <Division>
        <LongName>Div Of Electrical, Commun &amp; Cyber Sys</LongName>
      </Division>
    </Organization>
    <ProgramOfficer>
      <SignBlockName>Eric G Johnson</SignBlockName>
    </ProgramOfficer>
    <AbstractNarration>0500670&lt;br/&gt;Hawkins&lt;br/&gt;&lt;br/&gt;&lt;br/&gt;Recent work in quantum interference in alkali vapors has shown some spectacular and well-publicized results. This type of atomic quantum state control can be used to reduce the speed of light down to a few meters per second, temporarily store the quantum state of a photon in an atomic medium, render an opaque medium transparent, and realize phase modulation and optical switching with few or single photons. &lt;br/&gt;&lt;br/&gt;Intellectual Merit: In order to move quantum interference from fundamental physics towards practical device applications, alkali vapors need to be integrated into optical waveguides on a semiconductor chip. To do so, an optical waveguide is required where light is guided in the low-index vapor. This has never been realized in atomic vapor, but can be achieved in antiresonant reflecting optical (ARROW) waveguides.&lt;br/&gt;&lt;br/&gt;Here, optical quantum interference is combined with design and fabrication of ARROW waveguides to develop an integrated platform for the use of quantum interference in alkali atoms for integrated optical devices in linear and nonlinear optics.&lt;br/&gt;&lt;br/&gt;The research is based on an existing strong collaboration between researchers at UC Santa Cruz and Brigham Young University and covers the following areas: Fabrication of alkali vapor containing hollow-core ARROW waveguides on a silicon chip, evaluation of the coherence as a function of waveguide dimensions, demonstration of linear and nonlinear quantum interference effects, and integrated optical devices relying on quantum state control on a chip. In particular, proof-of principle demonstration of a nonlinear optical switch operating at the few-photon level will be pursued. &lt;br/&gt;&lt;br/&gt;Broader Impact: In addition to contributing to the fields of integrated optics and quantum optics, the work contains a strong educational component taking advantage of the collaboration between UC Santa Cruz and Brigham Young University. Graduate student training in integrated optics, quantum optics, and device fabrication will be enhanced by extended visits to the partner university to receive training in the complementary research areas. At UC Santa Cruz, two undergraduate students from underrepresented and underprivileged groups will participate in the project for one year under the UC LEADS program. These students will also spend time at BYU to learn semiconductor fabrication techniques. At BYU, several undergraduates will be involved in the fabrication aspects of the projects under the BYU Microfabrication Mentoring Environment program. In addition, outreach visits to community and regional colleges such as Utah Valley State College will be arranged to help encourage students to pursue further education.</AbstractNarration>
    <MinAmdLetterDate>04/06/2005</MinAmdLetterDate>
    <MaxAmdLetterDate>03/26/2007</MaxAmdLetterDate>
    <ARRAAmount/>
    <AwardID>0500670</AwardID>
    <Investigator>
      <FirstName>Aaron</FirstName>
      <LastName>Hawkins</LastName>
      <EmailAddress>hawkins@ee.byu.edu</EmailAddress>
      <StartDate>04/06/2005</StartDate>
      <EndDate/>
      <RoleCode>Principal Investigator</RoleCode>
    </Investigator>
    <Institution>
      <Name>Brigham Young University</Name>
      <CityName>Provo</CityName>
      <ZipCode>846021231</ZipCode>
      <PhoneNumber>8014226177</PhoneNumber>
      <StreetAddress>A-285 ASB</StreetAddress>
      <CountryName>United States</CountryName>
      <StateName>Utah</StateName>
      <StateCode>UT</StateCode>
    </Institution>
    <FoaInformation>
      <Code>0206000</Code>
      <Name>Telecommunications</Name>
    </FoaInformation>
  </Award>
</rootTag>
