<?xml version="1.0" encoding="UTF-8"?>

<rootTag>
  <Award>
    <AwardTitle>Biodiversity Synthesis Laboratory: A Multi-User Resource Lab at the University of Nebraska State Museum</AwardTitle>
    <AwardEffectiveDate>09/01/2005</AwardEffectiveDate>
    <AwardExpirationDate>08/31/2008</AwardExpirationDate>
    <AwardAmount>61988</AwardAmount>
    <AwardInstrument>
      <Value>Standard Grant</Value>
    </AwardInstrument>
    <Organization>
      <Code>08080101</Code>
      <Directorate>
        <LongName>Direct For Biological Sciences</LongName>
      </Directorate>
      <Division>
        <LongName>Div Of Biological Infrastructure</LongName>
      </Division>
    </Organization>
    <ProgramOfficer>
      <SignBlockName>Nily R. Dan</SignBlockName>
    </ProgramOfficer>
    <AbstractNarration>This award provides partial support for the acquisition of Auto-Montage digital imaging instrumentation, DNA extraction and amplification equipment, and equipment associated with multiple vouchering of specimens for biological analyses at a multi-user resource lab at the University of Nebraska State Museum. The instrumentation will be used by a number of investigators for diverse research projects including: (1) phylogenetics, (2) population genetics, (3) phylogeographic analyses, (4) three-dimensional morphometric analyses, and (5) bioinformatics and digital imaging. The equipment will provide leading edge technology and methodology that will allow for complete vouchering of specimens, including digital images, frozen tissues, dried tissues, and DNA sequences. Rigorous vouchering standards for specimens that are associated with molecular analyses are essential so that vouchers can be easily tracked, retrieved, and their identification verified. Voucher specimens form the basis for repeatability, a cornerstone of the scientific method. Whole specimen vouchering will create a virtual collaboration where data are synthesized, assimilated, disseminated, and retrieved electronically, thus expediting the manner in which biological research is conducted.&lt;br/&gt;&lt;br/&gt;Specimen images and on-line resources that are produced with this equipment will enhance research and education. Remote on-line access to virtual collections, databases, and knowledge will: (1) facilitate multi-investigator and national/international collaborations, (2) empower scientists and the general public in developing nations, (3) accelerate species discovery and biodiversity research, (4) positively impact students and the general public by providing identifications and information necessary for biodiversity management, and (5) allow more efficient utilization of natural resources. Broad and conceptually sound training within the laboratory will allow students to be proficient in biology, bioinformatics, and technology. &lt;br/&gt;&lt;br/&gt;Systematics (the study of biodiversity) is a source of discoveries and new ideas in biology. This Biodiversity Synthesis Laboratory will advance biodiversity research, contribute to the infrastructure of the natural history museum by enhancing its role in DNA banking and genomics, and create predictive frameworks for managing biological resources. Resulting analyses will create the foundation for predicting potential invasive species and biocontrol species and for addressing evolution and adaptive radiation.</AbstractNarration>
    <MinAmdLetterDate>08/23/2005</MinAmdLetterDate>
    <MaxAmdLetterDate>08/20/2007</MaxAmdLetterDate>
    <ARRAAmount/>
    <AwardID>0500767</AwardID>
    <Investigator>
      <FirstName>Francisco</FirstName>
      <LastName>Jimenez-Ruiz</LastName>
      <EmailAddress>agustinjz@zoology.siu.edu</EmailAddress>
      <StartDate>08/20/2007</StartDate>
      <EndDate/>
      <RoleCode>Co-Principal Investigator</RoleCode>
    </Investigator>
    <Investigator>
      <FirstName>Mary</FirstName>
      <LastName>Jameson</LastName>
      <EmailAddress>maryliz.jameson@gmail.com</EmailAddress>
      <StartDate>08/23/2005</StartDate>
      <EndDate/>
      <RoleCode>Principal Investigator</RoleCode>
    </Investigator>
    <Investigator>
      <FirstName>Federico</FirstName>
      <LastName>Ocampo</LastName>
      <EmailAddress>focampo@unlserve.unl.edu</EmailAddress>
      <StartDate>08/23/2005</StartDate>
      <EndDate>08/20/2007</EndDate>
      <RoleCode>Former Co-Principal Investigator</RoleCode>
    </Investigator>
    <Institution>
      <Name>University of Nebraska-Lincoln</Name>
      <CityName>Lincoln</CityName>
      <ZipCode>685031435</ZipCode>
      <PhoneNumber>4024723171</PhoneNumber>
      <StreetAddress>151 Prem S. Paul Research Center</StreetAddress>
      <CountryName>United States</CountryName>
      <StateName>Nebraska</StateName>
      <StateCode>NE</StateCode>
    </Institution>
    <ProgramElement>
      <Code>1108</Code>
      <Text>INSTRUMENTAT &amp; INSTRUMENT DEVP</Text>
    </ProgramElement>
    <ProgramReference>
      <Code>7467</Code>
      <Text>MULTI-USER EQUIPMENT (MUE)</Text>
    </ProgramReference>
    <ProgramReference>
      <Code>9184</Code>
      <Text>BIOTECHNOLOGY - INFRASTRUCTURE</Text>
    </ProgramReference>
    <ProgramReference>
      <Code>BIOT</Code>
      <Text>BIOTECHNOLOGY</Text>
    </ProgramReference>
  </Award>
</rootTag>
