<?xml version="1.0" encoding="UTF-8"?>

<rootTag>
  <Award>
    <AwardTitle>Problems in Complex Analysis and CR Geometry</AwardTitle>
    <AwardEffectiveDate>05/15/2005</AwardEffectiveDate>
    <AwardExpirationDate>04/30/2009</AwardExpirationDate>
    <AwardAmount>121621</AwardAmount>
    <AwardInstrument>
      <Value>Standard Grant</Value>
    </AwardInstrument>
    <Organization>
      <Code>03040100</Code>
      <Directorate>
        <LongName>Direct For Mathematical &amp; Physical Scien</LongName>
      </Directorate>
      <Division>
        <LongName>Division Of Mathematical Sciences</LongName>
      </Division>
    </Organization>
    <ProgramOfficer>
      <SignBlockName>Joe W. Jenkins</SignBlockName>
    </ProgramOfficer>
    <AbstractNarration>D'Angelo's proposal concerns research in three related parts of complex analysis: positivity conditions in complex geometry, CR mappings, and algebraic aspects of subelliptic multiplier theory. One of D'Angelo's primary contributions to complex analysis in recent years has been a systematic study of positivity conditions for Hermitian symmetric functions on complex manifolds. This work has merged diverse issues such as a complex variables analogue of Hilbert's 17th problem, &lt;br/&gt;proper holomorphic mappings between balls, isometric imbedding for holomorphic bundles, and globalizable metrics into a coherent subject. The work on proper mappings led to a surprising result about primality; invariant CR mappings provide large classes of polynomials with integer coefficients exhibiting the same remarkable congruence properties satisfied by the p-th power of x plus y. Proper mappings also led to results in the complexity theory of mappings between balls. The work on subelliptic multiplier theory is related to the complexity and effectiveness of Kohn's algorithm, and thus fits into the same general area.&lt;br/&gt;&lt;br/&gt;Complex variable theory in one and several variables is a striking part of mathematics; it provides a beautiful example of pure mathematics, which has provided applications throughout engineering and the physical sciences. D'Angelo's work in CR geometry (a geometric part of complex analysis) has clarified one of the most basic issues, the roles of Hermitian symmetry and positivity conditions. His work on proper mappings between balls has led to new sorts of complexity questions, and even to a new primality test. D'Angelo has published two research level books in several complex variables, one undergraduate textbook (with D. West) with exciting problem sets, and has played an active role in mathematics education. He will be guiding a research experience for graduate students at MSRI in summer 2005 that will initiate students from many departments into CR geometry and the workdescribed in this proposal. Progress on these problems should impact complex variable theory, CR geometry, and possibly number theory.</AbstractNarration>
    <MinAmdLetterDate>04/13/2005</MinAmdLetterDate>
    <MaxAmdLetterDate>04/13/2005</MaxAmdLetterDate>
    <ARRAAmount/>
    <AwardID>0500765</AwardID>
    <Investigator>
      <FirstName>John</FirstName>
      <LastName>D'Angelo</LastName>
      <EmailAddress>jpda@math.uiuc.edu</EmailAddress>
      <StartDate>04/13/2005</StartDate>
      <EndDate/>
      <RoleCode>Principal Investigator</RoleCode>
    </Investigator>
    <Institution>
      <Name>University of Illinois at Urbana-Champaign</Name>
      <CityName>CHAMPAIGN</CityName>
      <ZipCode>618207473</ZipCode>
      <PhoneNumber>2173332187</PhoneNumber>
      <StreetAddress>SUITE A</StreetAddress>
      <CountryName>United States</CountryName>
      <StateName>Illinois</StateName>
      <StateCode>IL</StateCode>
    </Institution>
    <FoaInformation>
      <Code>0000099</Code>
      <Name>Other Applications NEC</Name>
    </FoaInformation>
    <ProgramElement>
      <Code>1281</Code>
      <Text>ANALYSIS PROGRAM</Text>
    </ProgramElement>
    <ProgramReference>
      <Code>0000</Code>
      <Text>UNASSIGNED</Text>
    </ProgramReference>
    <ProgramReference>
      <Code>OTHR</Code>
      <Text>OTHER RESEARCH OR EDUCATION</Text>
    </ProgramReference>
  </Award>
</rootTag>
