<?xml version="1.0" encoding="UTF-8"?>

<rootTag>
  <Award>
    <AwardTitle>Galois Groups and Fundamental Groups</AwardTitle>
    <AwardEffectiveDate>07/01/2005</AwardEffectiveDate>
    <AwardExpirationDate>06/30/2009</AwardExpirationDate>
    <AwardAmount>105000</AwardAmount>
    <AwardInstrument>
      <Value>Standard Grant</Value>
    </AwardInstrument>
    <Organization>
      <Code>03040200</Code>
      <Directorate>
        <LongName>Direct For Mathematical &amp; Physical Scien</LongName>
      </Directorate>
      <Division>
        <LongName>Division Of Mathematical Sciences</LongName>
      </Division>
    </Organization>
    <ProgramOfficer>
      <SignBlockName>Tie Luo</SignBlockName>
    </ProgramOfficer>
    <AbstractNarration>The Principal Investigator studies Galois groups and fundamental groups &lt;br/&gt;in algebraic and arithmetic geometry. In particular, he studies &lt;br/&gt;generalizations of the conjectures of Shafarevich and Abhyankar on &lt;br/&gt;Galois groups over varieties; lifting problems for covers, from finite &lt;br/&gt;to mixed characteristic; and Galois extensions of the one-variable &lt;br/&gt;function field over the field of rational numbers. Goals include the &lt;br/&gt;development of Galois theory in higher dimensions, understanding good &lt;br/&gt;reduction of covers, and computing fields of moduli of covers. &lt;br/&gt;Achieving these goals would increase the understanding of the geometry &lt;br/&gt;of surfaces and the link between number theory and topology. Methods &lt;br/&gt;include formal patching, embedding problems, cohomology, birational &lt;br/&gt;transformations, and group theory.&lt;br/&gt;&lt;br/&gt;This project relates aspects of algebra and geometry in a way that makes &lt;br/&gt;it possible to achieve research results that could not be obtained using &lt;br/&gt;either of these two fields alone. The geometric spaces being studied &lt;br/&gt;can be defined algebraically using equations, and the project makes use &lt;br/&gt;of both the algebraic and geometric aspects of these spaces. A &lt;br/&gt;particular focus of the project concerns the symmetries of these spaces, &lt;br/&gt;which in turn correspond to symmetries involving the algebraic functions &lt;br/&gt;on these spaces. The project studies what types of symmetries can &lt;br/&gt;occur, which types of extensions of symmetry are possible, and what &lt;br/&gt;types of algebraic numbers are needed in order to obtain a space with a &lt;br/&gt;given type of symmetry.</AbstractNarration>
    <MinAmdLetterDate>06/22/2005</MinAmdLetterDate>
    <MaxAmdLetterDate>06/22/2005</MaxAmdLetterDate>
    <ARRAAmount/>
    <AwardID>0500118</AwardID>
    <Investigator>
      <FirstName>David</FirstName>
      <LastName>Harbater</LastName>
      <EmailAddress>harbater@math.upenn.edu</EmailAddress>
      <StartDate>06/22/2005</StartDate>
      <EndDate/>
      <RoleCode>Principal Investigator</RoleCode>
    </Investigator>
    <Institution>
      <Name>University of Pennsylvania</Name>
      <CityName>Philadelphia</CityName>
      <ZipCode>191046205</ZipCode>
      <PhoneNumber>2158987293</PhoneNumber>
      <StreetAddress>Research Services</StreetAddress>
      <CountryName>United States</CountryName>
      <StateName>Pennsylvania</StateName>
      <StateCode>PA</StateCode>
    </Institution>
    <FoaInformation>
      <Code>0000099</Code>
      <Name>Other Applications NEC</Name>
    </FoaInformation>
  </Award>
</rootTag>
