<?xml version="1.0" encoding="UTF-8"?>

<rootTag>
  <Award>
    <AwardTitle>Workshop on P-Adic Dynamics</AwardTitle>
    <AwardEffectiveDate>04/15/2005</AwardEffectiveDate>
    <AwardExpirationDate>03/31/2006</AwardExpirationDate>
    <AwardAmount>6000</AwardAmount>
    <AwardInstrument>
      <Value>Standard Grant</Value>
    </AwardInstrument>
    <Organization>
      <Code>03040200</Code>
      <Directorate>
        <LongName>Direct For Mathematical &amp; Physical Scien</LongName>
      </Directorate>
      <Division>
        <LongName>Division Of Mathematical Sciences</LongName>
      </Division>
    </Organization>
    <ProgramOfficer>
      <SignBlockName>Tie Luo</SignBlockName>
    </ProgramOfficer>
    <AbstractNarration>The emerging field of p-adic dynamics has received a sizable amount of&lt;br/&gt;attention from around the world, including a course at the College de&lt;br/&gt;France given by J.-C. Yoccoz in 2000. The subject promises new&lt;br/&gt;developments in the near future for research in number theory,&lt;br/&gt;topological dynamics, and ergodic theory. In this three-day workshop&lt;br/&gt;scheduled for May, 2005, participants with strengths in these three&lt;br/&gt;fields of mathematics will exchange ideas via lectures and discussions&lt;br/&gt;concerning the work which has appeared up to now, helping to generate&lt;br/&gt;ideas for future research in this subject. Even in the relatively few&lt;br/&gt;years of its existence as a research area, p-adic dynamics has&lt;br/&gt;attracted interest from a number of dynamicists and ergodic theorists&lt;br/&gt;for its parallels and contrasts with complex dynamics, as well as from&lt;br/&gt;number theorists for its applications to the study of iteration of&lt;br/&gt;functions over global fields. A number of fundamental theorems and&lt;br/&gt;surprising pathological examples have already been discovered, while&lt;br/&gt;at the same time several conjectures have emerged as key open&lt;br/&gt;questions in the subject.&lt;br/&gt;&lt;br/&gt;Ergodic theory and dynamical systems are relatively young subjects&lt;br/&gt;which evolved to study the chaotic and seemingly random behavior of&lt;br/&gt;nonlinear systems. Their descriptions of chaotic behavior have led to&lt;br/&gt;myriad applications in physics and engineering. On the other hand,&lt;br/&gt;number theory is a subject which has been studied since ancient times,&lt;br/&gt;but whose beauty and intricacy has kept it alive and strong into the&lt;br/&gt;present day, where it has even found applications in cryptography and&lt;br/&gt;coding theory. Now, p-adic dynamics provides an opportunity for&lt;br/&gt;these vibrant subjects to interact in a way that ultimately has&lt;br/&gt;the potential to provide further understanding of all these&lt;br/&gt;applications.</AbstractNarration>
    <MinAmdLetterDate>12/22/2004</MinAmdLetterDate>
    <MaxAmdLetterDate>12/22/2004</MaxAmdLetterDate>
    <ARRAAmount/>
    <AwardID>0500587</AwardID>
    <Investigator>
      <FirstName>Cesar</FirstName>
      <LastName>Silva</LastName>
      <EmailAddress>csilva@williams.edu</EmailAddress>
      <StartDate>12/22/2004</StartDate>
      <EndDate/>
      <RoleCode>Co-Principal Investigator</RoleCode>
    </Investigator>
    <Investigator>
      <FirstName>Robert</FirstName>
      <LastName>Benedetto</LastName>
      <EmailAddress>rlbenedetto@amherst.edu</EmailAddress>
      <StartDate>12/22/2004</StartDate>
      <EndDate/>
      <RoleCode>Principal Investigator</RoleCode>
    </Investigator>
    <Institution>
      <Name>Amherst College</Name>
      <CityName>Amherst</CityName>
      <ZipCode>010025000</ZipCode>
      <PhoneNumber>4135422804</PhoneNumber>
      <StreetAddress>Controller's Office</StreetAddress>
      <CountryName>United States</CountryName>
      <StateName>Massachusetts</StateName>
      <StateCode>MA</StateCode>
    </Institution>
    <FoaInformation>
      <Code>0000099</Code>
      <Name>Other Applications NEC</Name>
    </FoaInformation>
  </Award>
</rootTag>
