<?xml version="1.0" encoding="UTF-8"?>

<rootTag>
  <Award>
    <AwardTitle>SGER: Seismic Performance of Suspended Piping Systems -- From the Field to the Laboratory</AwardTitle>
    <AwardEffectiveDate>08/01/2005</AwardEffectiveDate>
    <AwardExpirationDate>01/31/2007</AwardExpirationDate>
    <AwardAmount>30000</AwardAmount>
    <AwardInstrument>
      <Value>Standard Grant</Value>
    </AwardInstrument>
    <Organization>
      <Code>07030000</Code>
      <Directorate>
        <LongName>Directorate For Engineering</LongName>
      </Directorate>
      <Division>
        <LongName>Div Of Civil, Mechanical, &amp; Manufact Inn</LongName>
      </Division>
    </Organization>
    <ProgramOfficer>
      <SignBlockName>Douglas A. Foutch</SignBlockName>
    </ProgramOfficer>
    <AbstractNarration>Abstract for: &lt;br/&gt;SGER: Seismic Performance of Suspended Piping Systems - from the Field to the Laboratory, CMS proposal 0500225 &lt;br/&gt;&lt;br/&gt;PI: Tara C. Hutchinson, UC-Irvine&lt;br/&gt;&lt;br/&gt;This small grant for exploratory research (SGER) is requested as a small extension to an existing field experiment project conducted on a full-scale building structure in the Los Angeles area. In the field project, the dynamic response of a number of nonstructural elements within the building of interest were measured during simulated seismic and other transient loading cases. Loading for these experiments was provided by mass eccentric and linear shakers mounted on the roof of the building. Of particular interest during the experiments was the in-place dynamic characterization of suspended piping systems. Limitations in the shaker systems prohibited larger than approximately 0.3g input motions into the structure. Subsequent to field testing, a number of suspended piping systems were removed from the building and collected for future characterization tests in the laboratory. To broaden the parameter space of suspended piping system dynamic response data, a small laboratory shake table testing program is proposed herein to capitalize on this available piping hardware, instrumentation from the previous field experiments, and all associated mounting hardware. In addition, a suitable diaphragm structure from previous nonstructural experiments conducted at UC Irvine is available for these experiments, with minimal modifications required.&lt;br/&gt;&lt;br/&gt;The proposed laboratory program will allow the study of suspended piping systems at full-scale, and considering large amplitude seismic loading. Four aspects will be investigated, that could not be studied in the field, in a systematic fashion: (i) varying piping layouts (straight, 45_bends, and 90_bends), (ii) liquid filled (and not), (iii) differential (versus not) input motions and (iv) type of suspension system (hung, braced, and ductility enhanced). The later parameter investigation will involve the exploratory development of a simple ductility enhancement device, placed at the suspension/brace hanger, to incorporate additional seismic energy dissipation capacity. This is envisioned to result in decreased acceleration demands along the pipe and particularly at its joints, where large demands observed in the past have resulted in fracture at bends. The explored solution will be of a practical, cost-effective nature, such as a simple yielding steel&lt;br/&gt;member.</AbstractNarration>
    <MinAmdLetterDate>07/28/2005</MinAmdLetterDate>
    <MaxAmdLetterDate>06/28/2006</MaxAmdLetterDate>
    <ARRAAmount/>
    <AwardID>0500225</AwardID>
    <Investigator>
      <FirstName>Tara</FirstName>
      <LastName>Hutchinson</LastName>
      <EmailAddress>tara@ucsd.edu</EmailAddress>
      <StartDate>07/28/2005</StartDate>
      <EndDate/>
      <RoleCode>Principal Investigator</RoleCode>
    </Investigator>
    <Institution>
      <Name>University of California-Irvine</Name>
      <CityName>Irvine</CityName>
      <ZipCode>926173213</ZipCode>
      <PhoneNumber>9498247295</PhoneNumber>
      <StreetAddress>141 Innovation Drive, Ste 250</StreetAddress>
      <CountryName>United States</CountryName>
      <StateName>California</StateName>
      <StateCode>CA</StateCode>
    </Institution>
    <ProgramElement>
      <Code>1637</Code>
      <Text>Structural and Architectural E</Text>
    </ProgramElement>
    <ProgramReference>
      <Code>1057</Code>
      <Text>CIS BASE RESEARCH</Text>
    </ProgramReference>
    <ProgramReference>
      <Code>1576</Code>
      <Text>NATIONL EARTHQK HZRD REDCT PRG</Text>
    </ProgramReference>
    <ProgramReference>
      <Code>9102</Code>
      <Text>WOMEN, MINORITY, DISABLED, NEC</Text>
    </ProgramReference>
    <ProgramReference>
      <Code>9237</Code>
      <Text>SMALL GRANTS-EXPLORATORY RSRCH</Text>
    </ProgramReference>
    <ProgramReference>
      <Code>CVIS</Code>
      <Text>CIVIL INFRASTRUCTURE</Text>
    </ProgramReference>
  </Award>
</rootTag>
