<?xml version="1.0" encoding="UTF-8"?>

<rootTag>
  <Award>
    <AwardTitle>GOALI: Correlated atomic scale STEM and X-ray synchrotron methods for understanding structure-property relationships of supported nanocluster catalysts</AwardTitle>
    <AwardEffectiveDate>04/01/2006</AwardEffectiveDate>
    <AwardExpirationDate>03/31/2010</AwardExpirationDate>
    <AwardAmount>339999</AwardAmount>
    <AwardInstrument>
      <Value>Continuing grant</Value>
    </AwardInstrument>
    <Organization>
      <Code>07020000</Code>
      <Directorate>
        <LongName>Directorate For Engineering</LongName>
      </Directorate>
      <Division>
        <LongName>Div Of Chem, Bioeng, Env, &amp; Transp Sys</LongName>
      </Division>
    </Organization>
    <ProgramOfficer>
      <SignBlockName>George J. Antos</SignBlockName>
    </ProgramOfficer>
    <AbstractNarration>Abstract&lt;br/&gt;&lt;br/&gt;Proposal Title: GOALI: Correlated atomic scale STEM and X-ray synchrotron methods for understanding structure-property relationships of supported nanocluster catalysts &lt;br/&gt;&lt;br/&gt;Proposal Number: CTS-0500511&lt;br/&gt;&lt;br/&gt;Principal Investigator: Nigel Browning&lt;br/&gt;&lt;br/&gt;Institution: University of California-Davis&lt;br/&gt;&lt;br/&gt;Analysis (rationale for decision):&lt;br/&gt;&lt;br/&gt;Although catalysis is the longest standing application of nanotechnology, the complex mechanisms controlling many reactions are still not fully understood. The development of models to engineer catalysts on the nanoscale holds great promise for the use of catalysts in manufacturing, energy conversion, and environmental quality. As the important reaction sites for many catalysts are related to metal clusters that range in size from single atoms up to a few nanometers, the key first step in the development of an understanding of catalysis requires the ability to characterize the metal clusters on the atomic scale. This GOALI project will use advanced techniques in both electron microscopy and with synchrotron radiation to determine the shape, size distribution, composition, chemical valence state, and metal-support interactions in a variety of precisely synthesized catalyst systems. The microscopy aspect of this research will make use of newly developed instruments that are particularly suited to the analysis of small metal clusters. These instruments feature an aberration corrector that will take spatial resolution down below 0.1 nm, a monochromator that will take the spectral resolution down below 0.2 eV, and an in-situ stage that will permit samples to be analyzed in 3-D while maintained under a gaseous environment. &lt;br/&gt;&lt;br/&gt;To ensure that this research has broad applicability to the catalysis community, it will be performed with two industrial partners, ExxonMobil and Monsanto. These collaborators will supply samples, provide guidance on the requirements for industrial-scale catalysts, and play an active role in co-advising the graduate students. This interaction with students on this program will be further enhanced through internships and collaborative meetings, thereby helping to educate the next generation of scientists in the application of advanced characterization techniques to the study of heterogeneous catalysis. These broader impacts are part of a larger interdisciplinary program at UC Davis: Nanomaterials in the Environment, Agriculture, and Technology (NEAT), which provides a focus for education and outreach programs in all aspects of the nanosciences.</AbstractNarration>
    <MinAmdLetterDate>04/13/2006</MinAmdLetterDate>
    <MaxAmdLetterDate>01/28/2008</MaxAmdLetterDate>
    <ARRAAmount/>
    <AwardID>0500511</AwardID>
    <Investigator>
      <FirstName>Nigel</FirstName>
      <LastName>Browning</LastName>
      <EmailAddress>nbrowning@ucdavis.edu</EmailAddress>
      <StartDate>04/13/2006</StartDate>
      <EndDate/>
      <RoleCode>Principal Investigator</RoleCode>
    </Investigator>
    <Investigator>
      <FirstName>Bruce</FirstName>
      <LastName>Gates</LastName>
      <EmailAddress>bcgates@ucdavis.edu</EmailAddress>
      <StartDate>04/13/2006</StartDate>
      <EndDate/>
      <RoleCode>Co-Principal Investigator</RoleCode>
    </Investigator>
    <Investigator>
      <FirstName>Jingyue</FirstName>
      <LastName>Liu</LastName>
      <EmailAddress>jingyue.liu@monsanto.com</EmailAddress>
      <StartDate>04/13/2006</StartDate>
      <EndDate/>
      <RoleCode>Co-Principal Investigator</RoleCode>
    </Investigator>
    <Investigator>
      <FirstName>Mark</FirstName>
      <LastName>Disko</LastName>
      <EmailAddress>mark.m.disko@exxonmobil.com</EmailAddress>
      <StartDate>04/13/2006</StartDate>
      <EndDate/>
      <RoleCode>Co-Principal Investigator</RoleCode>
    </Investigator>
    <Institution>
      <Name>University of California-Davis</Name>
      <CityName>Davis</CityName>
      <ZipCode>956186134</ZipCode>
      <PhoneNumber>5307547700</PhoneNumber>
      <StreetAddress>OR/Sponsored Programs</StreetAddress>
      <CountryName>United States</CountryName>
      <StateName>California</StateName>
      <StateCode>CA</StateCode>
    </Institution>
    <FoaInformation>
      <Code>0308000</Code>
      <Name>Industrial Technology</Name>
    </FoaInformation>
    <ProgramElement>
      <Code>1401</Code>
      <Text>CATALYSIS AND BIOCATALYSIS</Text>
    </ProgramElement>
    <ProgramElement>
      <Code>1504</Code>
      <Text>GRANT OPP FOR ACAD LIA W/INDUS</Text>
    </ProgramElement>
    <ProgramReference>
      <Code>0000</Code>
      <Text>UNASSIGNED</Text>
    </ProgramReference>
    <ProgramReference>
      <Code>044E</Code>
      <Text>CATALYSIS</Text>
    </ProgramReference>
    <ProgramReference>
      <Code>OTHR</Code>
      <Text>OTHER RESEARCH OR EDUCATION</Text>
    </ProgramReference>
  </Award>
</rootTag>
