<?xml version="1.0" encoding="UTF-8"?>

<rootTag>
  <Award>
    <AwardTitle>Hecke Algebras and Complex Reflection Groups</AwardTitle>
    <AwardEffectiveDate>08/15/2005</AwardEffectiveDate>
    <AwardExpirationDate>07/31/2009</AwardExpirationDate>
    <AwardAmount>98874</AwardAmount>
    <AwardInstrument>
      <Value>Standard Grant</Value>
    </AwardInstrument>
    <Organization>
      <Code>03040200</Code>
      <Directorate>
        <LongName>Direct For Mathematical &amp; Physical Scien</LongName>
      </Directorate>
      <Division>
        <LongName>Division Of Mathematical Sciences</LongName>
      </Division>
    </Organization>
    <ProgramOfficer>
      <SignBlockName>Tie Luo</SignBlockName>
    </ProgramOfficer>
    <AbstractNarration>A complex reflection group is a finite group of transformations of a&lt;br/&gt;complex vector space that is generated by reflections (i.e.,&lt;br/&gt;finite-order transformations that fix some hyperplane pointwise).&lt;br/&gt;Recent work by a number of people has revealed surprising parallels&lt;br/&gt;between these groups and real reflection groups, or even Weyl groups:&lt;br/&gt;specifically, they give rise to a number of representation theoretic&lt;br/&gt;objects, such as Hecke algebras and generic degrees, even though there&lt;br/&gt;is no algebraic group in the background whose representation theory is&lt;br/&gt;being described. Broue and others have conjectured the existence of&lt;br/&gt;mysterious, unknown objects called "spetses" as the source of these&lt;br/&gt;phenomena. The aim of this project is to extend this view: one&lt;br/&gt;specific goal is to construct an analogue of the Springer&lt;br/&gt;correspondence for complex reflection groups. Our techniques ought to&lt;br/&gt;yield uniform accounts of certain structures coming from Hecke&lt;br/&gt;algebras of complex reflection groups, and perhaps point the way to&lt;br/&gt;developing a general framework in which to study these groups, in the&lt;br/&gt;spirit of Coxeter theory.&lt;br/&gt;&lt;br/&gt;&lt;br/&gt;A square matrix is called a reflection matrix if (a) some power of it&lt;br/&gt;is the identity matrix, and (b) all but one of its eigenvalues is 1.&lt;br/&gt;A reflection group is a finite group of matrices in which every&lt;br/&gt;element can be written as a product of reflection matrices that are&lt;br/&gt;also in the group. Reflection groups of real-valued matrices, first&lt;br/&gt;studied in depth by Coxeter in the 1930's, have long played a vital&lt;br/&gt;role in many areas of mathematics: perhaps most importantly, the&lt;br/&gt;structure and representations of a large class of Lie groups are&lt;br/&gt;closely governed by certain real reflection groups (the so-called Weyl&lt;br/&gt;groups). Reflection groups of complex-valued matrices, in contrast,&lt;br/&gt;are much less well-studied, but recent work by a number of people has&lt;br/&gt;shown that they exhibit a number of disparate and surprising parallels&lt;br/&gt;with real reflection groups, or even with Weyl groups. In this&lt;br/&gt;project, we propose to further develop the analogy with real&lt;br/&gt;reflection groups, specifically by studying the structure of certain&lt;br/&gt;related objects called Hecke algebras. In the process, we hope the&lt;br/&gt;point the way to a uniform explanation for these phenomena, and&lt;br/&gt;perhaps to a structure theory for the complex reflection groups&lt;br/&gt;themselves.</AbstractNarration>
    <MinAmdLetterDate>08/09/2005</MinAmdLetterDate>
    <MaxAmdLetterDate>08/09/2005</MaxAmdLetterDate>
    <ARRAAmount/>
    <AwardID>0500873</AwardID>
    <Investigator>
      <FirstName>Pramod</FirstName>
      <LastName>Achar</LastName>
      <EmailAddress>pramod@math.lsu.edu</EmailAddress>
      <StartDate>08/09/2005</StartDate>
      <EndDate/>
      <RoleCode>Principal Investigator</RoleCode>
    </Investigator>
    <Institution>
      <Name>Louisiana State University &amp; Agricultural and Mechanical College</Name>
      <CityName>Baton Rouge</CityName>
      <ZipCode>708032701</ZipCode>
      <PhoneNumber>2255782760</PhoneNumber>
      <StreetAddress>202 Himes Hall</StreetAddress>
      <CountryName>United States</CountryName>
      <StateName>Louisiana</StateName>
      <StateCode>LA</StateCode>
    </Institution>
    <FoaInformation>
      <Code>0000099</Code>
      <Name>Other Applications NEC</Name>
    </FoaInformation>
    <ProgramElement>
      <Code>1264</Code>
      <Text>ALGEBRA,NUMBER THEORY,AND COM</Text>
    </ProgramElement>
    <ProgramReference>
      <Code>0000</Code>
      <Text>UNASSIGNED</Text>
    </ProgramReference>
    <ProgramReference>
      <Code>9150</Code>
      <Text>EXP PROG TO STIM COMP RES</Text>
    </ProgramReference>
    <ProgramReference>
      <Code>OTHR</Code>
      <Text>OTHER RESEARCH OR EDUCATION</Text>
    </ProgramReference>
  </Award>
</rootTag>
