<?xml version="1.0" encoding="UTF-8"?>

<rootTag>
  <Award>
    <AwardTitle>Gromov-Witten theory, Donaldson-Thomas theory, and the moduli space of curves</AwardTitle>
    <AwardEffectiveDate>07/01/2005</AwardEffectiveDate>
    <AwardExpirationDate>07/31/2012</AwardExpirationDate>
    <AwardAmount>554708</AwardAmount>
    <AwardInstrument>
      <Value>Continuing grant</Value>
    </AwardInstrument>
    <Organization>
      <Code>03040000</Code>
      <Directorate>
        <LongName>Direct For Mathematical &amp; Physical Scien</LongName>
      </Directorate>
      <Division>
        <LongName>Division Of Mathematical Sciences</LongName>
      </Division>
    </Organization>
    <ProgramOfficer>
      <SignBlockName>Tie Luo</SignBlockName>
    </ProgramOfficer>
    <AbstractNarration>Gromov-Witten theory is a rapidly expanding field with basic connections &lt;br/&gt;to many central areas of current research in mathematics and physics. &lt;br/&gt;The project proposed here is a wide ranging study of Gromov-Witten theory &lt;br/&gt;based on the techniques and discoveries of the last few years. The main &lt;br/&gt;topics covered are: the exact evaluations of integrals on the moduli space &lt;br/&gt;of curves, the proof of the universal Virasoro constraints, the &lt;br/&gt;establishment of the Gromov-Witten/Donaldson-Thomas correspondence, &lt;br/&gt;and the study of the tautological classes. These topics point in several &lt;br/&gt;different directions: topological string theory, integrable hierarchies, &lt;br/&gt;and classical algebraic geometry. Each topic is central to progress in the &lt;br/&gt;field, and each will be addressed with a new point of view.&lt;br/&gt;New methods such as localization constraints, Frobenius structures, &lt;br/&gt;equivariant vertex measures, and Hurwitz relations will be used.&lt;br/&gt;&lt;br/&gt;&lt;br/&gt;Algebraic varieties, defined by the zeros of polynomial equations, are &lt;br/&gt;basic objects in both classical and modern mathematics. Algebraic geometry &lt;br/&gt;is the study of algebraic varieties. Ideas from symplectic geometry and &lt;br/&gt;string theoretic physics have recently opened a new field in algebraic &lt;br/&gt;geometry: the study of algebraic varieties via the Gromov-Witten theory &lt;br/&gt;of their spaces of curves. The main objects in Gromov-Witten theory &lt;br/&gt;are the moduli spaces of maps from curves to algebraic varieties and their &lt;br/&gt;associated path integrals. The theory has been found to have remarkable &lt;br/&gt;structures (some proven, but most conjectural) and deep connections in &lt;br/&gt;many directions from quantum gravity to representation theory.</AbstractNarration>
    <MinAmdLetterDate>04/18/2005</MinAmdLetterDate>
    <MaxAmdLetterDate>04/21/2009</MaxAmdLetterDate>
    <ARRAAmount/>
    <AwardID>0500187</AwardID>
    <Investigator>
      <FirstName>Rahul</FirstName>
      <LastName>Pandharipande</LastName>
      <EmailAddress>rahulp@Math.Princeton.EDU</EmailAddress>
      <StartDate>04/18/2005</StartDate>
      <EndDate/>
      <RoleCode>Principal Investigator</RoleCode>
    </Investigator>
    <Institution>
      <Name>Princeton University</Name>
      <CityName>Princeton</CityName>
      <ZipCode>085442020</ZipCode>
      <PhoneNumber>6092583090</PhoneNumber>
      <StreetAddress>Off. of Research &amp; Proj. Admin.</StreetAddress>
      <CountryName>United States</CountryName>
      <StateName>New Jersey</StateName>
      <StateCode>NJ</StateCode>
    </Institution>
    <FoaInformation>
      <Code>0000099</Code>
      <Name>Other Applications NEC</Name>
    </FoaInformation>
  </Award>
</rootTag>
