<?xml version="1.0" encoding="UTF-8"?>

<rootTag>
  <Award>
    <AwardTitle>Algebraic Geometry of Integrable Systems and Singular Varieties</AwardTitle>
    <AwardEffectiveDate>06/01/2005</AwardEffectiveDate>
    <AwardExpirationDate>05/31/2009</AwardExpirationDate>
    <AwardAmount>110712</AwardAmount>
    <AwardInstrument>
      <Value>Continuing grant</Value>
    </AwardInstrument>
    <Organization>
      <Code>03040200</Code>
      <Directorate>
        <LongName>Direct For Mathematical &amp; Physical Scien</LongName>
      </Directorate>
      <Division>
        <LongName>Division Of Mathematical Sciences</LongName>
      </Division>
    </Organization>
    <ProgramOfficer>
      <SignBlockName>Tie Luo</SignBlockName>
    </ProgramOfficer>
    <AbstractNarration>Nevins will carry out two clusters of projects combining ideas, methods,&lt;br/&gt;and problems of algebraic geometry with those of representation theory and&lt;br/&gt;mathematical physics. The first collection of problems introduces two new&lt;br/&gt;algebro-geometric methods into the study of integrable systems and&lt;br/&gt;proposes to solve a collection of established problems in that area; these&lt;br/&gt;methods are also expected to illuminate the geometry of certain algebraic&lt;br/&gt;varieties and provide a new tool in representation theory. The second&lt;br/&gt;collection of problems focuses on deepening and generalizing the technique&lt;br/&gt;of "motivic integration" from algebraic geometry to unify, extend, and&lt;br/&gt;explain several facets of the geometry of singular algebraic varieties.&lt;br/&gt;&lt;br/&gt;Polynomial equations are among the simplest kinds of mathematical&lt;br/&gt;equations, yet an understanding of the sets of solutions of such equations&lt;br/&gt;has remarkable utility in a wide variety of practical problems. Nevins&lt;br/&gt;will apply techniques from the geometric study of polynomial equations, a&lt;br/&gt;field known as ``algebraic geometry,'' to explore and explain the behavior&lt;br/&gt;of both particle systems and wave motion in mathematical physics. In the&lt;br/&gt;opposite direction, he will expand on methods inspired by very recent&lt;br/&gt;developments in string theory and will apply these methods to elucidate&lt;br/&gt;the fundamental structure of the solution sets of polynomial equations.</AbstractNarration>
    <MinAmdLetterDate>06/08/2005</MinAmdLetterDate>
    <MaxAmdLetterDate>03/07/2007</MaxAmdLetterDate>
    <ARRAAmount/>
    <AwardID>0500221</AwardID>
    <Investigator>
      <FirstName>Thomas</FirstName>
      <LastName>Nevins</LastName>
      <EmailAddress>nevins@illinois.edu</EmailAddress>
      <StartDate>06/08/2005</StartDate>
      <EndDate/>
      <RoleCode>Principal Investigator</RoleCode>
    </Investigator>
    <Institution>
      <Name>University of Illinois at Urbana-Champaign</Name>
      <CityName>CHAMPAIGN</CityName>
      <ZipCode>618207473</ZipCode>
      <PhoneNumber>2173332187</PhoneNumber>
      <StreetAddress>SUITE A</StreetAddress>
      <CountryName>United States</CountryName>
      <StateName>Illinois</StateName>
      <StateCode>IL</StateCode>
    </Institution>
    <FoaInformation>
      <Code>0000099</Code>
      <Name>Other Applications NEC</Name>
    </FoaInformation>
    <ProgramElement>
      <Code>1264</Code>
      <Text>ALGEBRA,NUMBER THEORY,AND COM</Text>
    </ProgramElement>
    <ProgramReference>
      <Code>0000</Code>
      <Text>UNASSIGNED</Text>
    </ProgramReference>
    <ProgramReference>
      <Code>OTHR</Code>
      <Text>OTHER RESEARCH OR EDUCATION</Text>
    </ProgramReference>
  </Award>
</rootTag>
