<?xml version="1.0" encoding="UTF-8"?>

<rootTag>
  <Award>
    <AwardTitle>SGER: Collaborative Research: Lagrangian Bio-acoustic Drifters: A New Approach to Remote-Sensing of Zooplankton in the Global Ocean: Proof of Concept</AwardTitle>
    <AwardEffectiveDate>01/15/2005</AwardEffectiveDate>
    <AwardExpirationDate>06/30/2006</AwardExpirationDate>
    <AwardAmount>150109</AwardAmount>
    <AwardInstrument>
      <Value>Standard Grant</Value>
    </AwardInstrument>
    <Organization>
      <Code>06040104</Code>
      <Directorate>
        <LongName>Directorate For Geosciences</LongName>
      </Directorate>
      <Division>
        <LongName>Division Of Ocean Sciences</LongName>
      </Division>
    </Organization>
    <ProgramOfficer>
      <SignBlockName>Alexandra Isern</SignBlockName>
    </ProgramOfficer>
    <AbstractNarration>The PIs propose to develop a Lagrangian Bio-acoustic Drifter system to remotely sense zooplankton in the upper ocean (100 m) and to provide real-time data via satellite telemetry. The PIs hope to integrate this technology into the Global Drifter Program - a global array of approximately 1000 drifters now operated jointly by NOAA and Scripps Institution of Oceanography. This system represents the novel convergence of three mature technologies: high-frequency bioacoustics; Lagrangian drifters; and wireless telemetry together comprise a cost-effective instrument for zooplankton remote sensing. The advance in technology proposed is a wide-band probe that sequentially samples multiple frequencies. Such a probe has been successfully developed for very high frequencies, but is costly and has limited range (&lt;5m). The probe proposed here uses precisely the same acoustic principles, has a much greater range (100 m), and lower cost. Funding of this SGER proposal will provide the proof-of-concept demonstration needed before integrating them into the drifter package. &lt;br/&gt;&lt;br/&gt;Broader Impacts&lt;br/&gt;&lt;br/&gt;This project will collaborate with the Hawaii Kumu Ola: Source of Knowledge Program at UH, an NSF-funded project (J Vergun, PI) aimed at increasing the number of underrepresented undergraduates (e.g. Native Hawaiians, Pacific Islanders) who earn degrees in science, technology, engineering and mathematics. This project will provide one internship to a qualified student who will participate fully in all aspects of the project. On a national and international level, the collaboration with the Global Drifter Center establishes a clear path for integrating new data products into an existing network and facility that serves oceanographic research on a global scale.</AbstractNarration>
    <MinAmdLetterDate>01/26/2005</MinAmdLetterDate>
    <MaxAmdLetterDate>11/03/2005</MaxAmdLetterDate>
    <ARRAAmount/>
    <AwardID>0500705</AwardID>
    <Investigator>
      <FirstName>Mark</FirstName>
      <LastName>Huntley</LastName>
      <EmailAddress>mhuntley@hawaii.edu</EmailAddress>
      <StartDate>01/26/2005</StartDate>
      <EndDate/>
      <RoleCode>Principal Investigator</RoleCode>
    </Investigator>
    <Institution>
      <Name>University of Hawaii</Name>
      <CityName>HONOLULU</CityName>
      <ZipCode>968222234</ZipCode>
      <PhoneNumber>8089567800</PhoneNumber>
      <StreetAddress>2440 Campus Road, Box 368</StreetAddress>
      <CountryName>United States</CountryName>
      <StateName>Hawaii</StateName>
      <StateCode>HI</StateCode>
    </Institution>
    <FoaInformation>
      <Code>0204000</Code>
      <Name>Oceanography</Name>
    </FoaInformation>
    <ProgramElement>
      <Code>1680</Code>
      <Text>OCEAN TECH &amp; INTERDISC COORDIN</Text>
    </ProgramElement>
    <ProgramReference>
      <Code>0000</Code>
      <Text>UNASSIGNED</Text>
    </ProgramReference>
    <ProgramReference>
      <Code>9237</Code>
      <Text>SMALL GRANTS-EXPLORATORY RSRCH</Text>
    </ProgramReference>
    <ProgramReference>
      <Code>OTHR</Code>
      <Text>OTHER RESEARCH OR EDUCATION</Text>
    </ProgramReference>
  </Award>
</rootTag>
