<?xml version="1.0" encoding="UTF-8"?>

<rootTag>
  <Award>
    <AwardTitle>Spatial Scaling of Microbial Diversity in the Environment: Biostatistical Challenges</AwardTitle>
    <AwardEffectiveDate>07/01/2005</AwardEffectiveDate>
    <AwardExpirationDate>06/30/2008</AwardExpirationDate>
    <AwardAmount>49425</AwardAmount>
    <AwardInstrument>
      <Value>Standard Grant</Value>
    </AwardInstrument>
    <Organization>
      <Code>08070000</Code>
      <Directorate>
        <LongName>Direct For Biological Sciences</LongName>
      </Directorate>
      <Division>
        <LongName>Div Of Molecular and Cellular Bioscience</LongName>
      </Division>
    </Organization>
    <ProgramOfficer>
      <SignBlockName>Matthew Kane</SignBlockName>
    </ProgramOfficer>
    <AbstractNarration>Patterns in the spatial distribution of organisms provide important information about mechanisms that regulate the diversity of life and the complexity of ecosystems. Although microorganisms may comprise much of Earths biodiversity and play critical roles in biogeochemistry and ecosystem functioning, little is known about their spatial diversification. It is widely believed that the observed diversity in a microbial sample represents only a small portion of the true diversity. The problem of estimating the true number of shared microbial taxa by two sites based on sample data presents a difficult but important challenge. To more accurately quantify the similarity between two microbial communities, and thus make more reliable comparisons of micro- and macro-organism spatial biodiversity patterns, novel biostatistical techniques are&lt;br/&gt;needed. The proposed bioinformatics study will draw upon mark-release-recapture statistics to develop new methods for estimating the true number of shared taxa in environmental microbial samples. Using probability theory and simulation modeling, how the underlying taxa-abundance distribution in microbial communities influences the number of observed and estimated shared taxa will be quantified. These newly developed approaches will be applied to explore spatial patterns of microbial diversity in Californian vernal pool habitats.</AbstractNarration>
    <MinAmdLetterDate>06/29/2005</MinAmdLetterDate>
    <MaxAmdLetterDate>06/14/2007</MaxAmdLetterDate>
    <ARRAAmount/>
    <AwardID>0500124</AwardID>
    <Investigator>
      <FirstName>Lara</FirstName>
      <LastName>Kueppers</LastName>
      <EmailAddress>lkueppers@ucmerced.edu</EmailAddress>
      <StartDate>06/14/2007</StartDate>
      <EndDate/>
      <RoleCode>Principal Investigator</RoleCode>
    </Investigator>
    <Investigator>
      <FirstName>Jessica</FirstName>
      <LastName>Green</LastName>
      <EmailAddress>jlgreen@uoregon.edu</EmailAddress>
      <StartDate>06/29/2005</StartDate>
      <EndDate>06/14/2007</EndDate>
      <RoleCode>Former Principal Investigator</RoleCode>
    </Investigator>
    <Institution>
      <Name>University of California - Merced</Name>
      <CityName>Merced</CityName>
      <ZipCode>953435001</ZipCode>
      <PhoneNumber>2097566405</PhoneNumber>
      <StreetAddress>5200 North Lake Road</StreetAddress>
      <CountryName>United States</CountryName>
      <StateName>California</StateName>
      <StateCode>CA</StateCode>
    </Institution>
    <ProgramElement>
      <Code>1182</Code>
      <Text>POP &amp; COMMUNITY ECOL PROG</Text>
    </ProgramElement>
    <ProgramElement>
      <Code>1089</Code>
      <Text>MICRO OBS &amp; MICRO INTER &amp; PRO</Text>
    </ProgramElement>
    <ProgramReference>
      <Code>1089</Code>
      <Text>MICRO OBS &amp; MICRO INTER &amp; PRO</Text>
    </ProgramReference>
    <ProgramReference>
      <Code>9104</Code>
      <Text>ENVIRONMENTAL BIOTECHNOLOGY</Text>
    </ProgramReference>
    <ProgramReference>
      <Code>9169</Code>
      <Text>BIODIVERSITY AND ECOSYSTEM DYNAMICS</Text>
    </ProgramReference>
    <ProgramReference>
      <Code>BIOT</Code>
      <Text>BIOTECHNOLOGY</Text>
    </ProgramReference>
    <ProgramReference>
      <Code>1128</Code>
      <Text>POP &amp; COMMUNITY ECOL CLUSTER</Text>
    </ProgramReference>
  </Award>
</rootTag>
