<?xml version="1.0" encoding="UTF-8"?>

<rootTag>
  <Award>
    <AwardTitle>The New Microscopy: Novel Characters and the Importance of Morphology in Phylogenetic Analysis, January 4-8, 2005, San Diego, California</AwardTitle>
    <AwardEffectiveDate>12/15/2004</AwardEffectiveDate>
    <AwardExpirationDate>11/30/2005</AwardExpirationDate>
    <AwardAmount>20082</AwardAmount>
    <AwardInstrument>
      <Value>Standard Grant</Value>
    </AwardInstrument>
    <Organization>
      <Code>08010206</Code>
      <Directorate>
        <LongName>Direct For Biological Sciences</LongName>
      </Directorate>
      <Division>
        <LongName>Division Of Environmental Biology</LongName>
      </Division>
    </Organization>
    <ProgramOfficer>
      <SignBlockName>Juan Carlos Morales</SignBlockName>
    </ProgramOfficer>
    <AbstractNarration>We are requesting funding to conduct a symposium on "The New Microscopy: New Characters&lt;br/&gt;and the Importance of Morphology in Phylogenetic Analysis," at the annual meeting of the&lt;br/&gt;Society of Integrative and Comparative Biology (SICB) and American Microscopical Society&lt;br/&gt;(AMS) in San Diego, California, January 4-8, 2005. Recently, microscopy, especially&lt;br/&gt;confocal laser scanning microscopy, has been used with immunofluorescent - targeted&lt;br/&gt;tissues and cells to visualize the internal morphology of whole organisms. These&lt;br/&gt;techniques have dramatically increased the amount of relevant data for studying new&lt;br/&gt;characters for metazoan phylogeny. Many of these characters have come to light because of&lt;br/&gt;a productive marriage of classical morphology and modern molecular biology in&lt;br/&gt;immunocytochemical studies of the nervous system, musculature, and tracing of cell&lt;br/&gt;lineages during embryological development. Because research centered on the phenotype of&lt;br/&gt;metazoans is still relevant in the age of molecular sequencing the symposium will&lt;br/&gt;emphasize the importance of morphological data in phylogenetic analysis and will present&lt;br/&gt;recent examples of studies showing how morphological evidence is playing a key role in the&lt;br/&gt;reconstruction of metazoan history.</AbstractNarration>
    <MinAmdLetterDate>12/21/2004</MinAmdLetterDate>
    <MaxAmdLetterDate>12/21/2004</MaxAmdLetterDate>
    <ARRAAmount/>
    <AwardID>0500318</AwardID>
    <Investigator>
      <FirstName>Jon</FirstName>
      <LastName>Norenburg</LastName>
      <EmailAddress>norenburgj@si.edu</EmailAddress>
      <StartDate>12/21/2004</StartDate>
      <EndDate/>
      <RoleCode>Co-Principal Investigator</RoleCode>
    </Investigator>
    <Investigator>
      <FirstName>Kathryn</FirstName>
      <LastName>Coates</LastName>
      <EmailAddress>kcoates@bbsr.edu</EmailAddress>
      <StartDate>12/21/2004</StartDate>
      <EndDate/>
      <RoleCode>Co-Principal Investigator</RoleCode>
    </Investigator>
    <Investigator>
      <FirstName>Ruth Ann</FirstName>
      <LastName>Dewel</LastName>
      <EmailAddress>dewelra@appstate.edu</EmailAddress>
      <StartDate>12/21/2004</StartDate>
      <EndDate/>
      <RoleCode>Principal Investigator</RoleCode>
    </Investigator>
    <Institution>
      <Name>Society for Integrative and Comparative Biology</Name>
      <CityName>McLean</CityName>
      <ZipCode>221013926</ZipCode>
      <PhoneNumber>7037901745</PhoneNumber>
      <StreetAddress>1313 Dolley Madison Blvd</StreetAddress>
      <CountryName>United States</CountryName>
      <StateName>Virginia</StateName>
      <StateCode>VA</StateCode>
    </Institution>
  </Award>
</rootTag>
