<?xml version="1.0" encoding="UTF-8"?>

<rootTag>
  <Award>
    <AwardTitle>Research in Representation Theory &amp; Automorphic Forms</AwardTitle>
    <AwardEffectiveDate>08/01/2005</AwardEffectiveDate>
    <AwardExpirationDate>07/31/2009</AwardExpirationDate>
    <AwardAmount>339571</AwardAmount>
    <AwardInstrument>
      <Value>Standard Grant</Value>
    </AwardInstrument>
    <Organization>
      <Code>03040100</Code>
      <Directorate>
        <LongName>Direct For Mathematical &amp; Physical Scien</LongName>
      </Directorate>
      <Division>
        <LongName>Division Of Mathematical Sciences</LongName>
      </Division>
    </Organization>
    <ProgramOfficer>
      <SignBlockName>Joe W. Jenkins</SignBlockName>
    </ProgramOfficer>
    <AbstractNarration>Abstract&lt;br/&gt;Wallach&lt;br/&gt;&lt;br/&gt;This project involves three seemingly unrelated parts of mathematics: the representation&lt;br/&gt;theory of real reductive groups, the Fourier coefficients of automorphic forms and the&lt;br/&gt;mathematics of entanglement in quantum computing. The threads that hold these subjects&lt;br/&gt;together involve the invariant theory, finite dimensional representation theory, combinatorics and the algebraic geometry of group actions. The first two subjects have played an important role in the great triumphs of mathematics in the twentieth century. The latter subject is in preparation for computing in the second half of this century. The representation theory to be studied involves finding new ways of constructing the most elusive unitary representations which we call small in this proposal. The analysis of Fourier coefficients involves the search for the "most general" multiplicity one theorem for generalized Whittaker modules. The work on entanglement involves finding useful measures of entanglement that can be used by experimental physicists in their attempt to build quantum computers.&lt;br/&gt;&lt;br/&gt;Representation theory has its roots in nineteenth century invariant theory, early twentieth century quantum mechanics and mid-twentieth century number theory. In this first decade of the twenty first century the theory has returned to its roots. The nineteenth century invariant theory emphasized concrete questions on binary forms with algorithmic solutions. These problems have reemerged and are now being generalized to apply to quantum computation. Early quantum mechanics studied puzzling and weird measurements involving photons, electrons etc. These phenomena led to the Hilbert space approach to quantum mechanics. The philosophical debates of the early quantum mechanics have reemerged as quantum information technology. The Hilbert space approach also gave birth to representation theory, which has as one of its main applications in number theory. The Langlands program has established a goal for the twenty first century to establish a non-commutative class field theory (Wile's proof of Fermat's Last Theorem is actually proof of a special case of the Tanayama-Shimura conjecture which is a special case of the Langlands program). This project is in the interface of all of these exciting directions.</AbstractNarration>
    <MinAmdLetterDate>05/11/2005</MinAmdLetterDate>
    <MaxAmdLetterDate>09/17/2008</MaxAmdLetterDate>
    <ARRAAmount/>
    <AwardID>0500495</AwardID>
    <Investigator>
      <FirstName>Nolan</FirstName>
      <LastName>Wallach</LastName>
      <EmailAddress>nwallach@ucsd.edu</EmailAddress>
      <StartDate>05/11/2005</StartDate>
      <EndDate/>
      <RoleCode>Principal Investigator</RoleCode>
    </Investigator>
    <Institution>
      <Name>University of California-San Diego</Name>
      <CityName>La Jolla</CityName>
      <ZipCode>920930934</ZipCode>
      <PhoneNumber>8585344896</PhoneNumber>
      <StreetAddress>Office of Contract &amp; Grant Admin</StreetAddress>
      <CountryName>United States</CountryName>
      <StateName>California</StateName>
      <StateCode>CA</StateCode>
    </Institution>
    <FoaInformation>
      <Code>0000099</Code>
      <Name>Other Applications NEC</Name>
    </FoaInformation>
    <ProgramElement>
      <Code>1281</Code>
      <Text>ANALYSIS PROGRAM</Text>
    </ProgramElement>
    <ProgramReference>
      <Code>0000</Code>
      <Text>UNASSIGNED</Text>
    </ProgramReference>
    <ProgramReference>
      <Code>OTHR</Code>
      <Text>OTHER RESEARCH OR EDUCATION</Text>
    </ProgramReference>
  </Award>
</rootTag>
