<?xml version="1.0" encoding="UTF-8"?>

<rootTag>
  <Award>
    <AwardTitle>Hyaluronan-based Materials and Size-dependent Mechanisms of Wound Healing</AwardTitle>
    <AwardEffectiveDate>07/01/2005</AwardEffectiveDate>
    <AwardExpirationDate>06/30/2008</AwardExpirationDate>
    <AwardAmount>300000</AwardAmount>
    <AwardInstrument>
      <Value>Continuing grant</Value>
    </AwardInstrument>
    <Organization>
      <Code>07020000</Code>
      <Directorate>
        <LongName>Directorate For Engineering</LongName>
      </Directorate>
      <Division>
        <LongName>Div Of Chem, Bioeng, Env, &amp; Transp Sys</LongName>
      </Division>
    </Organization>
    <ProgramOfficer>
      <SignBlockName>Semahat S. Demir</SignBlockName>
    </ProgramOfficer>
    <AbstractNarration>Schmidt&lt;br/&gt;0500969&lt;br/&gt;The research project will contribute to the understanding of how natural-based biomaterials such as hyaluronan interface and communicate with cells involved in wound repair. This understanding will be significant to ultimately develop improved therapies to promote healing of injured tissues. The project will also emphasize education by training graduate students, by working with the NSF-IGERT program in biomedical imaging and optics at the PI's university and by participating in K12 outreach.</AbstractNarration>
    <MinAmdLetterDate>06/22/2005</MinAmdLetterDate>
    <MaxAmdLetterDate>05/18/2007</MaxAmdLetterDate>
    <ARRAAmount/>
    <AwardID>0500969</AwardID>
    <Investigator>
      <FirstName>Christine</FirstName>
      <LastName>Schmidt</LastName>
      <EmailAddress>schmidt@bme.ufl.edu</EmailAddress>
      <StartDate>06/22/2005</StartDate>
      <EndDate/>
      <RoleCode>Principal Investigator</RoleCode>
    </Investigator>
    <Institution>
      <Name>University of Texas at Austin</Name>
      <CityName>Austin</CityName>
      <ZipCode>787121532</ZipCode>
      <PhoneNumber>5124716424</PhoneNumber>
      <StreetAddress>101 E. 27th Street, Suite 5.300</StreetAddress>
      <CountryName>United States</CountryName>
      <StateName>Texas</StateName>
      <StateCode>TX</StateCode>
    </Institution>
    <FoaInformation>
      <Code>0000099</Code>
      <Name>Other Applications NEC</Name>
    </FoaInformation>
  </Award>
</rootTag>
