<?xml version="1.0" encoding="UTF-8"?>

<rootTag>
  <Award>
    <AwardTitle>Inspection Strategies in Airport Security Systems</AwardTitle>
    <AwardEffectiveDate>07/01/2005</AwardEffectiveDate>
    <AwardExpirationDate>06/30/2009</AwardExpirationDate>
    <AwardAmount>327000</AwardAmount>
    <AwardInstrument>
      <Value>Standard Grant</Value>
    </AwardInstrument>
    <Organization>
      <Code>07030000</Code>
      <Directorate>
        <LongName>Directorate For Engineering</LongName>
      </Directorate>
      <Division>
        <LongName>Div Of Civil, Mechanical, &amp; Manufact Inn</LongName>
      </Division>
    </Organization>
    <ProgramOfficer>
      <SignBlockName>Cerry M. Klein</SignBlockName>
    </ProgramOfficer>
    <AbstractNarration>This grant provides funding for the conceptualization and development of a scientific platform for the design of airport security systems. In the first part, we consider the selection of passengers into groups in a purely random manner (without knowledge of their individual attributes). We first consider a static model in which the temporal aspect of passenger arrivals is ignored. We then take this basic model and enhance it by incorporating the temporal effects of arriving passengers. Two cases are analyzed. We investigate a queuing model, which considers each check station as an independent M/M/c queue operating in steady state and models passenger arrivals using a time-homogeneous Poisson stream. We also investigate a simulation model that captures the non-steady state behavior of the system and allows for a general representation of the passenger arrival process. The second part of our work will investigate: (i) the potential improvement in the efficiency of the security system by using passenger attributes in assigning groups; and (ii) the analysis of the case where several check stations can work in unison to detect a threat item. &lt;br/&gt;&lt;br/&gt;If successful, the results of this research will be useful to several federal agencies, including the TSA, FAA and the Department of Homeland Security division of the federal government. The proposed work will lead to a better understanding as to how security procedures should be changed in response to changes in the overall threat probability. Finally, it would provide a quantitative framework to understand (i) the potential efficiency improvements that are likely to arise due to the use of individual attributes in passenger assignments to groups, and (ii) consideration of joint response of equipment to the presence of a potential threat item.</AbstractNarration>
    <MinAmdLetterDate>06/22/2005</MinAmdLetterDate>
    <MaxAmdLetterDate>09/15/2006</MaxAmdLetterDate>
    <ARRAAmount/>
    <AwardID>0500241</AwardID>
    <Investigator>
      <FirstName>Colin</FirstName>
      <LastName>Drury</LastName>
      <EmailAddress>drury@buffalo.edu</EmailAddress>
      <StartDate>06/22/2005</StartDate>
      <EndDate/>
      <RoleCode>Co-Principal Investigator</RoleCode>
    </Investigator>
    <Investigator>
      <FirstName>Li</FirstName>
      <LastName>Lin</LastName>
      <EmailAddress>indlin@buffalo.edu</EmailAddress>
      <StartDate>06/22/2005</StartDate>
      <EndDate/>
      <RoleCode>Co-Principal Investigator</RoleCode>
    </Investigator>
    <Investigator>
      <FirstName>Rajan</FirstName>
      <LastName>Batta</LastName>
      <EmailAddress>batta@buffalo.edu</EmailAddress>
      <StartDate>06/22/2005</StartDate>
      <EndDate/>
      <RoleCode>Principal Investigator</RoleCode>
    </Investigator>
    <Institution>
      <Name>SUNY at Buffalo</Name>
      <CityName>Amherst</CityName>
      <ZipCode>142282567</ZipCode>
      <PhoneNumber>7166452634</PhoneNumber>
      <StreetAddress>520 Lee Entrance</StreetAddress>
      <CountryName>United States</CountryName>
      <StateName>New York</StateName>
      <StateCode>NY</StateCode>
    </Institution>
    <FoaInformation>
      <Code>0308000</Code>
      <Name>Industrial Technology</Name>
    </FoaInformation>
    <ProgramElement>
      <Code>1787</Code>
      <Text>SERVICE ENTERPRISE SYSTEMS</Text>
    </ProgramElement>
    <ProgramElement>
      <Code>7298</Code>
      <Text>COLLABORATIVE RESEARCH</Text>
    </ProgramElement>
    <ProgramReference>
      <Code>116E</Code>
      <Text>RESEARCH EXP FOR UNDERGRADS</Text>
    </ProgramReference>
    <ProgramReference>
      <Code>5950</Code>
      <Text>SWITZERLAND</Text>
    </ProgramReference>
    <ProgramReference>
      <Code>5980</Code>
      <Text>WESTERN EUROPE PROGRAM</Text>
    </ProgramReference>
    <ProgramReference>
      <Code>9146</Code>
      <Text>MANUFACTURING BASE RESEARCH</Text>
    </ProgramReference>
    <ProgramReference>
      <Code>9178</Code>
      <Text>UNDERGRADUATE EDUCATION</Text>
    </ProgramReference>
    <ProgramReference>
      <Code>9231</Code>
      <Text>SUPPL FOR UNDERGRAD RES ASSIST</Text>
    </ProgramReference>
    <ProgramReference>
      <Code>9251</Code>
      <Text>RES EXPER FOR UNDERGRAD-SUPPLT</Text>
    </ProgramReference>
    <ProgramReference>
      <Code>MANU</Code>
      <Text>MANUFACTURING</Text>
    </ProgramReference>
  </Award>
</rootTag>
