<?xml version="1.0" encoding="UTF-8"?>

<rootTag>
  <Award>
    <AwardTitle>Special Values of L Functions and Functoriality</AwardTitle>
    <AwardEffectiveDate>07/01/2005</AwardEffectiveDate>
    <AwardExpirationDate>06/30/2010</AwardExpirationDate>
    <AwardAmount>140000</AwardAmount>
    <AwardInstrument>
      <Value>Standard Grant</Value>
    </AwardInstrument>
    <Organization>
      <Code>03040000</Code>
      <Directorate>
        <LongName>Direct For Mathematical &amp; Physical Scien</LongName>
      </Directorate>
      <Division>
        <LongName>Division Of Mathematical Sciences</LongName>
      </Division>
    </Organization>
    <ProgramOfficer>
      <SignBlockName>Tomek Bartoszynski</SignBlockName>
    </ProgramOfficer>
    <AbstractNarration>1.For Mathematicians&lt;br/&gt;&lt;br/&gt; Stephen Rallis's work presents two methods to determine functoriality from a &lt;br/&gt;classical group to Gl(n). This is done by applying the Converse Theorem coupled &lt;br/&gt;with an effective theory of good L functions. The second method is by use of the &lt;br/&gt;relative trace formula. The ideas are based on an earlier theory of automorphic &lt;br/&gt;descent. He develops with the descent formalism ways to construct&lt;br/&gt;Cap modules for classical groups. Also the aforementioned theory of L functions &lt;br/&gt;allows a procedure to relate nonvanishing of Bessel periods to the nonvanishing&lt;br/&gt;of tensor L functions on classical groups.&lt;br/&gt;&lt;br/&gt;2. For the general public&lt;br/&gt;&lt;br/&gt; Stephen Rallis's research uses systematically the basic principles of symmetry &lt;br/&gt;to investigate fundamental problems in number theory. Incredibly basic problems &lt;br/&gt;such as the celebrated Fermat Last Conjecture require such ideas. Stephen &lt;br/&gt;Rallis develops various types of symmetry (in a mathematical way) that make up &lt;br/&gt;this subject. The main emphasis is to find new ways to show the nonnegativity of &lt;br/&gt;self dual automorphic L functions for Gl(n) and other classical groups at the &lt;br/&gt;center of symmetry of the functional equation. Also he develops new period &lt;br/&gt;conditions to analyze these special values.This is important for the various &lt;br/&gt;arithmetic, analytic and geometric ideas tied to nonvanishing of L functions at &lt;br/&gt;specific points. This work trains graduate students in mathematical research.</AbstractNarration>
    <MinAmdLetterDate>04/08/2005</MinAmdLetterDate>
    <MaxAmdLetterDate>04/08/2005</MaxAmdLetterDate>
    <ARRAAmount/>
    <AwardID>0500392</AwardID>
    <Investigator>
      <FirstName>Stephen</FirstName>
      <LastName>Rallis</LastName>
      <EmailAddress>haar@math.ohio-state.edu</EmailAddress>
      <StartDate>04/08/2005</StartDate>
      <EndDate/>
      <RoleCode>Principal Investigator</RoleCode>
    </Investigator>
    <Institution>
      <Name>Ohio State University Research Foundation -DO NOT USE</Name>
      <CityName>Columbus</CityName>
      <ZipCode>432101016</ZipCode>
      <PhoneNumber>6142923732</PhoneNumber>
      <StreetAddress>1960 KENNY RD</StreetAddress>
      <CountryName>United States</CountryName>
      <StateName>Ohio</StateName>
      <StateCode>OH</StateCode>
    </Institution>
    <FoaInformation>
      <Code>0000099</Code>
      <Name>Other Applications NEC</Name>
    </FoaInformation>
  </Award>
</rootTag>
