<?xml version="1.0" encoding="UTF-8"?>

<rootTag>
  <Award>
    <AwardTitle>Group Travel Support for International Conference; Cambridge, UK; July 11-15, 2005</AwardTitle>
    <AwardEffectiveDate>05/01/2005</AwardEffectiveDate>
    <AwardExpirationDate>10/31/2005</AwardExpirationDate>
    <AwardAmount>30500</AwardAmount>
    <AwardInstrument>
      <Value>Standard Grant</Value>
    </AwardInstrument>
    <Organization>
      <Code>07020000</Code>
      <Directorate>
        <LongName>Directorate For Engineering</LongName>
      </Directorate>
      <Division>
        <LongName>Div Of Chem, Bioeng, Env, &amp; Transp Sys</LongName>
      </Division>
    </Organization>
    <ProgramOfficer>
      <SignBlockName>Alfonso Ortega</SignBlockName>
    </ProgramOfficer>
    <AbstractNarration>Abstract&lt;br/&gt;&lt;br/&gt;National Science Foundation&lt;br/&gt;&lt;br/&gt;Proposal Number: CTS-0500185&lt;br/&gt;Principal Investigator: Woodbury, Keith A.&lt;br/&gt;Affiliation: University of Alabama--Tuscaloosa&lt;br/&gt;Proposal Title: Group Travel Support for International Conference&lt;br/&gt;&lt;br/&gt;This proposal will provide financial support for ten (total) senior and emerging researchers to travel to the Fifth International Conference on Inverse Problems in Engineering (5ICIPE) in Cambridge, UK. About 60% of the researchers will be senior, and 40% more junior emerging scientists. Each invitee will be expected to participate fully in the Symposium by submitting and presenting a paper either in oral or poster form. The invited participants will receive support that will cover the major portion of the estimated Symposium travel expense, including airfare, and conference fees, including housing and meals, for the five day event. The remainder will be provided either from the participant's own funds or the participant's institution. The funded researchers will be selected by submitting mini-proposals to the organizing committee. The Conference is the only major interdisciplinary conference on Inverse Problems. Inverse problems arise in all branches of engineering in which the system is represented by a set of mathematical equations with parameters. The inverse problem refers to either the input problem, in which the output and parameters are known and the input is sought, or the parameter estimation problem, in which inputs and outputs are given and the parameters are sought. The conference is expected to draw applied mathematicians, engineers, and scientists working in all branches of engineering including acoustics, elasticity, electromagnetism, solid mechanics, and heat transfer. Inverse problems in heat transfer are quite prevalent and are of special relevance in many problems in thermal engineering design, as they are in many other design areas. Since 40% or more of the funded participants will be emerging scientists, their participation in this meeting will have a significant impact in the training of the next generation of engineers, scientists, and mathematics working in the area of Inverse Problems. Because the participation will be interdisciplinary in nature, the impact of researchers from different disciplines convening in this venue will be significant.</AbstractNarration>
    <MinAmdLetterDate>04/18/2005</MinAmdLetterDate>
    <MaxAmdLetterDate>04/18/2005</MaxAmdLetterDate>
    <ARRAAmount/>
    <AwardID>0500185</AwardID>
    <Investigator>
      <FirstName>Keith</FirstName>
      <LastName>Woodbury</LastName>
      <EmailAddress>keith.woodbury@ua.edu</EmailAddress>
      <StartDate>04/18/2005</StartDate>
      <EndDate/>
      <RoleCode>Principal Investigator</RoleCode>
    </Investigator>
    <Institution>
      <Name>University of Alabama Tuscaloosa</Name>
      <CityName>Tuscaloosa</CityName>
      <ZipCode>354870005</ZipCode>
      <PhoneNumber>2053485152</PhoneNumber>
      <StreetAddress>801 University Blvd.</StreetAddress>
      <CountryName>United States</CountryName>
      <StateName>Alabama</StateName>
      <StateCode>AL</StateCode>
    </Institution>
    <FoaInformation>
      <Code>0308000</Code>
      <Name>Industrial Technology</Name>
    </FoaInformation>
    <ProgramElement>
      <Code>1406</Code>
      <Text>THERMAL TRANSPORT PROCESSES</Text>
    </ProgramElement>
    <ProgramElement>
      <Code>7446</Code>
      <Text>MATH PRIORITY SOLICITATION</Text>
    </ProgramElement>
    <ProgramElement>
      <Code>7454</Code>
      <Text>MSPA-INTERDISCIPLINARY</Text>
    </ProgramElement>
    <ProgramReference>
      <Code>0000</Code>
      <Text>UNASSIGNED</Text>
    </ProgramReference>
    <ProgramReference>
      <Code>7303</Code>
      <Text>MATH SCI PRIORITY AREA: INTERDISCIPLINAR</Text>
    </ProgramReference>
    <ProgramReference>
      <Code>9150</Code>
      <Text>EXP PROG TO STIM COMP RES</Text>
    </ProgramReference>
    <ProgramReference>
      <Code>OTHR</Code>
      <Text>OTHER RESEARCH OR EDUCATION</Text>
    </ProgramReference>
  </Award>
</rootTag>
