<?xml version="1.0" encoding="UTF-8"?>

<rootTag>
  <Award>
    <AwardTitle>Collaborative Research: Multivariable Moments and Factorization and Other Problems in Analysis</AwardTitle>
    <AwardEffectiveDate>09/01/2005</AwardEffectiveDate>
    <AwardExpirationDate>08/31/2009</AwardExpirationDate>
    <AwardAmount>89950</AwardAmount>
    <AwardInstrument>
      <Value>Standard Grant</Value>
    </AwardInstrument>
    <Organization>
      <Code>03040100</Code>
      <Directorate>
        <LongName>Direct For Mathematical &amp; Physical Scien</LongName>
      </Directorate>
      <Division>
        <LongName>Division Of Mathematical Sciences</LongName>
      </Division>
    </Organization>
    <ProgramOfficer>
      <SignBlockName>Joe W. Jenkins</SignBlockName>
    </ProgramOfficer>
    <AbstractNarration>ABSTRACT&lt;br/&gt;&lt;br/&gt;PIs Geronimo and Woerdeman will continue their investigations into&lt;br/&gt;factorization and extension problems. In particular we hope to&lt;br/&gt;develop a constructive proof of the celebrated Ferguson-Lacey&lt;br/&gt;extension theorem and build on it using the results we have&lt;br/&gt;recently obtained on the spectral factorization of positive two&lt;br/&gt;variable trigonometric polynomials. We plan to investigate in more&lt;br/&gt;detail fast algorithms for computing the structured matrices that&lt;br/&gt;arise from the two variable trigonometric moment problem as well as &lt;br/&gt;study the orthogonal polynomials that arise in this case. The PIs&lt;br/&gt;also plan to continue their individual investigation into the&lt;br/&gt;important problems arising from quantum computing and the&lt;br/&gt;asymptotics of solutions to 2nd order difference equations.&lt;br/&gt;&lt;br/&gt;The types of structured matrices under study here arise in many&lt;br/&gt;problems of practical interest such as two variable&lt;br/&gt;auto-regressive models and two variable filtering. The PIs will&lt;br/&gt;try to recruit more undergraduate and graduate students to help in&lt;br/&gt;these problems as well as give courses and lectures at conferences&lt;br/&gt;to increase the impact of their efforts. In order to make the&lt;br/&gt;intellectual merit of the proposal apparent the PIs will continue&lt;br/&gt;to publish their results in well respected journals, and also&lt;br/&gt;disseminate them via the PIs' homepages, preprint servers such as&lt;br/&gt;arXiv, software sharing websites, etc.</AbstractNarration>
    <MinAmdLetterDate>08/18/2005</MinAmdLetterDate>
    <MaxAmdLetterDate>12/05/2005</MaxAmdLetterDate>
    <ARRAAmount/>
    <AwardID>0500678</AwardID>
    <Investigator>
      <FirstName>Hugo</FirstName>
      <LastName>Woerdeman</LastName>
      <EmailAddress>hugo@math.drexel.edu</EmailAddress>
      <StartDate>08/18/2005</StartDate>
      <EndDate/>
      <RoleCode>Principal Investigator</RoleCode>
    </Investigator>
    <Institution>
      <Name>Drexel University</Name>
      <CityName>Philadelphia</CityName>
      <ZipCode>191021119</ZipCode>
      <PhoneNumber>2158955849</PhoneNumber>
      <StreetAddress>1505 Race St, 8th Floor</StreetAddress>
      <CountryName>United States</CountryName>
      <StateName>Pennsylvania</StateName>
      <StateCode>PA</StateCode>
    </Institution>
    <FoaInformation>
      <Code>0000099</Code>
      <Name>Other Applications NEC</Name>
    </FoaInformation>
    <ProgramElement>
      <Code>1281</Code>
      <Text>ANALYSIS PROGRAM</Text>
    </ProgramElement>
    <ProgramReference>
      <Code>0000</Code>
      <Text>UNASSIGNED</Text>
    </ProgramReference>
    <ProgramReference>
      <Code>OTHR</Code>
      <Text>OTHER RESEARCH OR EDUCATION</Text>
    </ProgramReference>
  </Award>
</rootTag>
