<?xml version="1.0" encoding="UTF-8"?>

<rootTag>
  <Award>
    <AwardTitle>Analysis of some Orthogonal Systems and Operators: One-Dimensional and Multidimensional Problems</AwardTitle>
    <AwardEffectiveDate>06/01/2005</AwardEffectiveDate>
    <AwardExpirationDate>05/31/2009</AwardExpirationDate>
    <AwardAmount>96001</AwardAmount>
    <AwardInstrument>
      <Value>Standard Grant</Value>
    </AwardInstrument>
    <Organization>
      <Code>03040100</Code>
      <Directorate>
        <LongName>Direct For Mathematical &amp; Physical Scien</LongName>
      </Directorate>
      <Division>
        <LongName>Division Of Mathematical Sciences</LongName>
      </Division>
    </Organization>
    <ProgramOfficer>
      <SignBlockName>Joe W. Jenkins</SignBlockName>
    </ProgramOfficer>
    <AbstractNarration>Analysis of some orthogonal systems and operators: one-dimensional and multidimensional systems.&lt;br/&gt;&lt;br/&gt;Abstract of proposed research&lt;br/&gt;Serguei Denissov&lt;br/&gt;&lt;br/&gt;&lt;br/&gt;The goal of this project is to study a broad spectrum of orthogonal systems and the corresponding operators. There are essentially two different cases: one-dimensional systems and multidimensional systems. In the one-dimensional case, the orthogonal systems with discrete index (orthogonal polynomials on the unit circle and on the real line) and continuous index (Krein systems) will be studied. The subtle problems of dependence of operator coefficients on the spectral measure (and vice versa) will be considered. The standard methods of approximation theory will be used together withextensive application of operator theory ideas. For Krein systems, even the basic theory is not developed. Thus, the systematic study of this case is warranted. The orthogonal systems are directly related to some important operators in mathematical physics - namely the Schroedinger and Dirac operators. Different questions in the spectral analysis of these operators will be studied. The deep analysis of orthogonal systems will be used to investigate possible new results for some completely integrable systems (Toda lattice, KdV, nonlinear Schroedinger equation).&lt;br/&gt;&lt;br/&gt;Considerable effort will be made to better understand the multidimensional case In particular, the Schroedinger and Dirac operators with slowly decaying or random decaying potentials will be studied. Approximation theory suggests that the Green function and its spatial asymptotics is the right object to analyze. The spectral parameter can be taken in the resolvent set, which often makes the problem treatable. Having this asymptotics, many difficult problems in scattering theory can be solved. This technique will also be tried to understand an interesting phenomenon in mathematical physics: the delocalization in Anderson model.</AbstractNarration>
    <MinAmdLetterDate>05/09/2005</MinAmdLetterDate>
    <MaxAmdLetterDate>05/09/2005</MaxAmdLetterDate>
    <ARRAAmount/>
    <AwardID>0500177</AwardID>
    <Investigator>
      <FirstName>Serguei</FirstName>
      <LastName>Denissov</LastName>
      <EmailAddress>denissov@math.wisc.edu</EmailAddress>
      <StartDate>05/09/2005</StartDate>
      <EndDate/>
      <RoleCode>Principal Investigator</RoleCode>
    </Investigator>
    <Institution>
      <Name>University of Wisconsin-Madison</Name>
      <CityName>MADISON</CityName>
      <ZipCode>537151218</ZipCode>
      <PhoneNumber>6082623822</PhoneNumber>
      <StreetAddress>21 North Park Street</StreetAddress>
      <CountryName>United States</CountryName>
      <StateName>Wisconsin</StateName>
      <StateCode>WI</StateCode>
    </Institution>
    <FoaInformation>
      <Code>0000099</Code>
      <Name>Other Applications NEC</Name>
    </FoaInformation>
  </Award>
</rootTag>
