<?xml version="1.0" encoding="UTF-8"?>

<rootTag>
  <Award>
    <AwardTitle>Differential Operators in Several Complex Variables</AwardTitle>
    <AwardEffectiveDate>06/01/2005</AwardEffectiveDate>
    <AwardExpirationDate>05/31/2010</AwardExpirationDate>
    <AwardAmount>94148</AwardAmount>
    <AwardInstrument>
      <Value>Standard Grant</Value>
    </AwardInstrument>
    <Organization>
      <Code>03040000</Code>
      <Directorate>
        <LongName>Direct For Mathematical &amp; Physical Scien</LongName>
      </Directorate>
      <Division>
        <LongName>Division Of Mathematical Sciences</LongName>
      </Division>
    </Organization>
    <ProgramOfficer>
      <SignBlockName>Bruce P. Palka</SignBlockName>
    </ProgramOfficer>
    <AbstractNarration>ABSTRACT&lt;br/&gt;&lt;br/&gt;This project studies the complex and Kohn Laplacians in several&lt;br/&gt;complex variables, the d-bar-problem on complex manifolds, as well&lt;br/&gt;as their applications to and interplays with problems in algebraic&lt;br/&gt;geometry and quantum physics. One of the main thrusts of the&lt;br/&gt;proposed research is systematical study of the d-bar-Neumann and&lt;br/&gt;Kohn Laplacians along the lines of the classical spectral theory&lt;br/&gt;for the Dirichlet and Neumann Laplacians. The investigator will&lt;br/&gt;continue his work on the interplays between spectral behavior of&lt;br/&gt;these Laplacians and the underline geometric structures. A problem&lt;br/&gt;of particular interest is to characterize geometric structures on&lt;br/&gt;which these Laplacians have purely discrete spectrum. The&lt;br/&gt;investigator will also study the spectral theory of related&lt;br/&gt;Schrodinger operators with magnetic fields.&lt;br/&gt;&lt;br/&gt;Complex analysis and differential equations arise naturally in&lt;br/&gt;physics, engineering, chemistry, economics, and other sciences.&lt;br/&gt;Spectral analysis of differential operators plays an important&lt;br/&gt;role in quantum mechanics. The proposed research will further&lt;br/&gt;explore the intimate connections between the seemingly unrelated&lt;br/&gt;problems in several complex variables and quantum mechanics. It&lt;br/&gt;could lead to new understanding and discoveries in both fields.&lt;br/&gt;Ideas, tools, and techniques developed in this project will also&lt;br/&gt;have repercussions in other fields. This project will have direct&lt;br/&gt;impact on the development of human resources; it will support&lt;br/&gt;development of new courses and texts that attract students into&lt;br/&gt;mathematics and sciences. It will facilitate interdisciplinary&lt;br/&gt;research activities with biologists and computer scientists.</AbstractNarration>
    <MinAmdLetterDate>03/22/2005</MinAmdLetterDate>
    <MaxAmdLetterDate>06/16/2009</MaxAmdLetterDate>
    <ARRAAmount/>
    <AwardID>0500909</AwardID>
    <Investigator>
      <FirstName>Siqi</FirstName>
      <LastName>Fu</LastName>
      <EmailAddress>sfu@camden.rutgers.edu</EmailAddress>
      <StartDate>03/22/2005</StartDate>
      <EndDate/>
      <RoleCode>Principal Investigator</RoleCode>
    </Investigator>
    <Institution>
      <Name>Rutgers University New Brunswick</Name>
      <CityName>Piscataway</CityName>
      <ZipCode>088543925</ZipCode>
      <PhoneNumber>8489320150</PhoneNumber>
      <StreetAddress>33 Knightsbridge Road</StreetAddress>
      <CountryName>United States</CountryName>
      <StateName>New Jersey</StateName>
      <StateCode>NJ</StateCode>
    </Institution>
    <FoaInformation>
      <Code>0000099</Code>
      <Name>Other Applications NEC</Name>
    </FoaInformation>
    <ProgramElement>
      <Code>1281</Code>
      <Text>ANALYSIS PROGRAM</Text>
    </ProgramElement>
    <ProgramReference>
      <Code>0000</Code>
      <Text>UNASSIGNED</Text>
    </ProgramReference>
    <ProgramReference>
      <Code>OTHR</Code>
      <Text>OTHER RESEARCH OR EDUCATION</Text>
    </ProgramReference>
  </Award>
</rootTag>
