<?xml version="1.0" encoding="UTF-8"?>

<rootTag>
  <Award>
    <AwardTitle>High-Temperature Terahertz Quantum Cascade Lasers</AwardTitle>
    <AwardEffectiveDate>05/01/2005</AwardEffectiveDate>
    <AwardExpirationDate>04/30/2008</AwardExpirationDate>
    <AwardAmount>240000</AwardAmount>
    <AwardInstrument>
      <Value>Continuing grant</Value>
    </AwardInstrument>
    <Organization>
      <Code>07010000</Code>
      <Directorate>
        <LongName>Directorate For Engineering</LongName>
      </Directorate>
      <Division>
        <LongName>Div Of Electrical, Commun &amp; Cyber Sys</LongName>
      </Division>
    </Organization>
    <ProgramOfficer>
      <SignBlockName>Eric G Johnson</SignBlockName>
    </ProgramOfficer>
    <AbstractNarration>0500925&lt;br/&gt;Hu &lt;br/&gt;&lt;br/&gt;The proposed research seeks to develop terahertz quantum-cascade lasers (THz QCLs) that operate at high temperatures. Specifically, by end of the proposed three-year period, the principal investigator envisions the development of THz QCLs that can operate at temperatures above 200 K, so that they can be conveniently cooled by thermoelectric coolers. Such a development will have a significant impact on the science and technologies in THz frequencies, where potential applications are promising in detection of chemical and biological agents, imaging for medical and security applications, astrophysics, plasma diagnostics, remote atmospheric sensing and monitoring, high-bandwidth free-space communications, and ultrahigh-speed signal processing. This project is highly challenging, since at 200 K, the thermal energy is greater than the photon energy, , at frequencies below 4.2 THz. Towards this goal, the PI has identified that maintaining population inversion at high temperatures is the key issue. Based on a thorough analysis, the PI has developed a strategy to systematically address this issue. &lt;br/&gt;&lt;br/&gt; Intellectual merit of the proposed activity: The project will involve a considerable amount of design effort, as the number of quantum wells will be large and their combination will likely be complicated. If an isolated quantum well can be viewed as a one-dimensional "artificial atom", then a multiple quantum-well (MQW) structure is an "artificial molecule". This project is nothing short of designing and making such artificial molecules that perform the desired function of THz lasers. The principal investigator has one of the best track records in the field and has access to all the necessary facilities to carry out the research activities.&lt;br/&gt;&lt;br/&gt; Broader impacts resulting from the proposed activity: Following the recent breakthrough, the principal investigator has been invited to give invited/plenary/keynote talks at many prestigious conferences. The work has also been reported in media for broad communities such as Technology Review and NPR Market Place. Through collaborations, the THz lasers developed in the PI's group have helped to enhance infrastructures at other institutions in THz-related activities by adding a crucial enabling component. The principal investigator has incorporated elements in the research project into a graduate course in solid-state physics and a undergraduate core course Signals and Systems. He plans to further this integration of teaching and research during the project. Furthermore, effort has been made and will be continuingly made to involve members from underrepresented groups and undergraduate students in the research activities.</AbstractNarration>
    <MinAmdLetterDate>04/21/2005</MinAmdLetterDate>
    <MaxAmdLetterDate>03/14/2007</MaxAmdLetterDate>
    <ARRAAmount/>
    <AwardID>0500925</AwardID>
    <Investigator>
      <FirstName>Qing</FirstName>
      <LastName>Hu</LastName>
      <EmailAddress>qhu@mit.edu</EmailAddress>
      <StartDate>04/21/2005</StartDate>
      <EndDate/>
      <RoleCode>Principal Investigator</RoleCode>
    </Investigator>
    <Institution>
      <Name>Massachusetts Institute of Technology</Name>
      <CityName>Cambridge</CityName>
      <ZipCode>021394301</ZipCode>
      <PhoneNumber>6172531000</PhoneNumber>
      <StreetAddress>77 MASSACHUSETTS AVE</StreetAddress>
      <CountryName>United States</CountryName>
      <StateName>Massachusetts</StateName>
      <StateCode>MA</StateCode>
    </Institution>
    <FoaInformation>
      <Code>0206000</Code>
      <Name>Telecommunications</Name>
    </FoaInformation>
    <ProgramElement>
      <Code>1517</Code>
      <Text>ELECT, PHOTONICS, &amp; MAG DEVICE</Text>
    </ProgramElement>
    <ProgramReference>
      <Code>0000</Code>
      <Text>UNASSIGNED</Text>
    </ProgramReference>
    <ProgramReference>
      <Code>7237</Code>
      <Text>NANO NON-SOLIC SCI &amp; ENG AWD</Text>
    </ProgramReference>
    <ProgramReference>
      <Code>OTHR</Code>
      <Text>OTHER RESEARCH OR EDUCATION</Text>
    </ProgramReference>
  </Award>
</rootTag>
