<?xml version="1.0" encoding="UTF-8"?>

<rootTag>
  <Award>
    <AwardTitle>A Study of Resonances and other Scattering Problems</AwardTitle>
    <AwardEffectiveDate>06/01/2005</AwardEffectiveDate>
    <AwardExpirationDate>05/31/2010</AwardExpirationDate>
    <AwardAmount>97441</AwardAmount>
    <AwardInstrument>
      <Value>Standard Grant</Value>
    </AwardInstrument>
    <Organization>
      <Code>03040000</Code>
      <Directorate>
        <LongName>Direct For Mathematical &amp; Physical Scien</LongName>
      </Directorate>
      <Division>
        <LongName>Division Of Mathematical Sciences</LongName>
      </Division>
    </Organization>
    <ProgramOfficer>
      <SignBlockName>Bruce P. Palka</SignBlockName>
    </ProgramOfficer>
    <AbstractNarration>This project will investigate a number of problems involving resonances and related phenomena in scattering theory. One problem is that of describing the distribution of resonances for potential scattering in Euclidean space and that of determining a radial potential from its associated resonances. Another problem is the study of potentials for which the associated Schroedinger operators are isoresonant. The PI will also investigate isoperimetric scattering problems and the relationship between sojourn times and the scattering matrix for a manifold with infinite cylindrical ends. &lt;br/&gt;&lt;br/&gt;These problems arise in quantum mechanics and are of importance for physics, chemistry and engineering. Resonances are complex numbers associated with the resolvent operator of a system. They identify decaying states with the real part being the frequency and the imaginary part the rate of decay. In chemistry these states are said to be metastable. Resonances also are of importance in inverse problems, target identification and quantum waveguides such as semiconductor quantum wires. Thus this research may have applications to a variety of important topics.</AbstractNarration>
    <MinAmdLetterDate>04/12/2005</MinAmdLetterDate>
    <MaxAmdLetterDate>04/12/2005</MaxAmdLetterDate>
    <ARRAAmount/>
    <AwardID>0500267</AwardID>
    <Investigator>
      <FirstName>Tanya</FirstName>
      <LastName>Christiansen</LastName>
      <EmailAddress>christiansent@missouri.edu</EmailAddress>
      <StartDate>04/12/2005</StartDate>
      <EndDate/>
      <RoleCode>Principal Investigator</RoleCode>
    </Investigator>
    <Institution>
      <Name>University of Missouri-Columbia</Name>
      <CityName>COLUMBIA</CityName>
      <ZipCode>652110001</ZipCode>
      <PhoneNumber>5738827560</PhoneNumber>
      <StreetAddress>115 Business Loop 70 W</StreetAddress>
      <CountryName>United States</CountryName>
      <StateName>Missouri</StateName>
      <StateCode>MO</StateCode>
    </Institution>
    <FoaInformation>
      <Code>0000099</Code>
      <Name>Other Applications NEC</Name>
    </FoaInformation>
  </Award>
</rootTag>
