<?xml version="1.0" encoding="UTF-8"?>

<rootTag>
  <Award>
    <AwardTitle>Singularities in Boundary Value Problems with Applications to Mathematical Physics</AwardTitle>
    <AwardEffectiveDate>07/15/2005</AwardEffectiveDate>
    <AwardExpirationDate>06/30/2008</AwardExpirationDate>
    <AwardAmount>93000</AwardAmount>
    <AwardInstrument>
      <Value>Standard Grant</Value>
    </AwardInstrument>
    <Organization>
      <Code>03040000</Code>
      <Directorate>
        <LongName>Direct For Mathematical &amp; Physical Scien</LongName>
      </Directorate>
      <Division>
        <LongName>Division Of Mathematical Sciences</LongName>
      </Division>
    </Organization>
    <ProgramOfficer>
      <SignBlockName>Bruce P. Palka</SignBlockName>
    </ProgramOfficer>
    <AbstractNarration>Singularities in Boundary Value Problems with Applications to Mathematical Physics&lt;br/&gt;&lt;br/&gt;Vladimir Maz'ya&lt;br/&gt;Ohio StateUniversity &lt;br/&gt;&lt;br/&gt;Abstract&lt;br/&gt;&lt;br/&gt;This project involves research in two areas of the analysis of partial differential equations. One is the spectral and asymptotic analyses of boundary value problems of mathematical physics in non-smooth and singularly perturbed domains as well as their boundary reductions (e.g. to the corresponding boundary integral equations). In particular, explicit asymptotic representations will be derived for solutions of linear and nonlinear boundary value problems under minimal assumptions on the coefficients.&lt;br/&gt;&lt;br/&gt;A second topic is the description and analysis of multilevel numerical methods for boundary value problems with singularities. New classes of non-analytic cubature formulas for integral operators with singularities will be derived based on a new approximation method for solving boundary value problems and associated integral equations.&lt;br/&gt;&lt;br/&gt;Many problems of elasticity, electromagnetic field theory, acoustics, aero- and hydrodynamics possess solutions with singularities caused by non-smooth coefficients and boundaries, fast oscillations and discontinuities of the data. The goal of this research project is to obtain results that describe the significant properties of the solutions of some problems in mathematical physics - especially their singularities. The techniques to be developed in this project involve issues in, and will contribute to, functional analysis, partial differential equations and numerical analysis. Many of the topics to be investigated should be of interest to students and it is intended to involve a number of students in the project.</AbstractNarration>
    <MinAmdLetterDate>07/25/2005</MinAmdLetterDate>
    <MaxAmdLetterDate>07/25/2005</MaxAmdLetterDate>
    <ARRAAmount/>
    <AwardID>0500029</AwardID>
    <Investigator>
      <FirstName>Vladimir</FirstName>
      <LastName>Mazya</LastName>
      <EmailAddress>vlmaz@mai.liu.se</EmailAddress>
      <StartDate>07/25/2005</StartDate>
      <EndDate/>
      <RoleCode>Principal Investigator</RoleCode>
    </Investigator>
    <Institution>
      <Name>Ohio State University Research Foundation -DO NOT USE</Name>
      <CityName>Columbus</CityName>
      <ZipCode>432101016</ZipCode>
      <PhoneNumber>6142923732</PhoneNumber>
      <StreetAddress>1960 KENNY RD</StreetAddress>
      <CountryName>United States</CountryName>
      <StateName>Ohio</StateName>
      <StateCode>OH</StateCode>
    </Institution>
    <FoaInformation>
      <Code>0000099</Code>
      <Name>Other Applications NEC</Name>
    </FoaInformation>
    <ProgramElement>
      <Code>1281</Code>
      <Text>ANALYSIS PROGRAM</Text>
    </ProgramElement>
    <ProgramReference>
      <Code>0000</Code>
      <Text>UNASSIGNED</Text>
    </ProgramReference>
    <ProgramReference>
      <Code>OTHR</Code>
      <Text>OTHER RESEARCH OR EDUCATION</Text>
    </ProgramReference>
  </Award>
</rootTag>
