<?xml version="1.0" encoding="UTF-8"?>

<rootTag>
  <Award>
    <AwardTitle>A Synthetic Approach to Active Site Deconvolution in Supported Cr Catalysts for Olefin Polymerization</AwardTitle>
    <AwardEffectiveDate>09/01/2005</AwardEffectiveDate>
    <AwardExpirationDate>02/28/2009</AwardExpirationDate>
    <AwardAmount>350290</AwardAmount>
    <AwardInstrument>
      <Value>Standard Grant</Value>
    </AwardInstrument>
    <Organization>
      <Code>07020000</Code>
      <Directorate>
        <LongName>Directorate For Engineering</LongName>
      </Directorate>
      <Division>
        <LongName>Div Of Chem, Bioeng, Env, &amp; Transp Sys</LongName>
      </Division>
    </Organization>
    <ProgramOfficer>
      <SignBlockName>George J. Antos</SignBlockName>
    </ProgramOfficer>
    <AbstractNarration>Abstract&lt;br/&gt;&lt;br/&gt;Proposal Title: A Synthetic Approach to Active Site Deconvolution in Support Cr Catalysts for Olefin Polymerization &lt;br/&gt;&lt;br/&gt;Proposal Number: CTS-0500489&lt;br/&gt;&lt;br/&gt;Principal Investigator: Susannah L. Scott&lt;br/&gt;&lt;br/&gt;Institution: University of California-Santa Barbara&lt;br/&gt;&lt;br/&gt;Analysis (rationale for decision):&lt;br/&gt;&lt;br/&gt;&lt;br/&gt;The goal of this project is to solve a longstanding and complex problem related to a class of catalysts based on chromium that have been extensively used for high-density polyethylene production. These catalysts have a remarkable ability to self-activate in the presence of olefin. Until the nature of the active sites is known, however, it is unlikely that it will be possible to determine how they are formed or why this catalyst is so effective at reviving deactivated sites. The proposed approach to this problem combines active site deconvolution for the heterogeneous catalyst using Flory analysis and kinetic modeling with synthesis of individual active site candidates using surface organometallic chemistry. Matching the activity profiles and polymer characteristics of the catalyst sites with those of well-defined organometallic sites will allow correlation of structure with reactivity. It may then be possible to reformulate the olefin polymerization catalysts by selecting combinations of sites that generate desired combinations of physical properties in the polyethylene. Furthermore, by shedding light on the activation mechanisms of the supported metal oxide catalysts, it will be possible to make the self-activation more efficient. The synthetic approach to active site investigation is complementary to combinatorial approaches to catalyst discovery. Once interesting catalyst formulations are identified and optimized by screening (parallel or otherwise), further improvements depend on the ability to manipulate active site structure. Identifying the structural features which control reactivity by synthesizing model compounds has been a promising strategy in homogeneous catalysis, and the approach is innovative and high risk for heterogeneous catalysis.&lt;br/&gt;&lt;br/&gt;The broader technological impacts of this project will be significant due to the widespread use of chromium-based polymerization catalysts by industry. The project will involve students in a very strong multidisciplinary environment that particularly emphasizes the key combination of chemical engineering and chemistry approaches that have been necessary for leading-edge catalysis research. The research program conducted by the principal investigator has a record of involving undergraduate students from underrepresented groups in research: 28 students including 18 women have been involved in projects during the past 10 years, and 13 of these students have pursued graduate studies.</AbstractNarration>
    <MinAmdLetterDate>09/01/2005</MinAmdLetterDate>
    <MaxAmdLetterDate>08/16/2007</MaxAmdLetterDate>
    <ARRAAmount/>
    <AwardID>0500489</AwardID>
    <Investigator>
      <FirstName>Susannah</FirstName>
      <LastName>Scott</LastName>
      <EmailAddress>sscott@engineering.ucsb.edu</EmailAddress>
      <StartDate>09/01/2005</StartDate>
      <EndDate/>
      <RoleCode>Principal Investigator</RoleCode>
    </Investigator>
    <Institution>
      <Name>University of California-Santa Barbara</Name>
      <CityName>Santa Barbara</CityName>
      <ZipCode>931062050</ZipCode>
      <PhoneNumber>8058934188</PhoneNumber>
      <StreetAddress>Office of Research</StreetAddress>
      <CountryName>United States</CountryName>
      <StateName>California</StateName>
      <StateCode>CA</StateCode>
    </Institution>
    <FoaInformation>
      <Code>0308000</Code>
      <Name>Industrial Technology</Name>
    </FoaInformation>
    <ProgramElement>
      <Code>1401</Code>
      <Text>CATALYSIS AND BIOCATALYSIS</Text>
    </ProgramElement>
    <ProgramElement>
      <Code>7298</Code>
      <Text>COLLABORATIVE RESEARCH</Text>
    </ProgramElement>
    <ProgramReference>
      <Code>0000</Code>
      <Text>UNASSIGNED</Text>
    </ProgramReference>
    <ProgramReference>
      <Code>044E</Code>
      <Text>CATALYSIS</Text>
    </ProgramReference>
    <ProgramReference>
      <Code>5920</Code>
      <Text>ITALY</Text>
    </ProgramReference>
    <ProgramReference>
      <Code>5950</Code>
      <Text>SWITZERLAND</Text>
    </ProgramReference>
    <ProgramReference>
      <Code>5979</Code>
      <Text>Europe and Eurasia</Text>
    </ProgramReference>
    <ProgramReference>
      <Code>5980</Code>
      <Text>WESTERN EUROPE PROGRAM</Text>
    </ProgramReference>
    <ProgramReference>
      <Code>OTHR</Code>
      <Text>OTHER RESEARCH OR EDUCATION</Text>
    </ProgramReference>
    <ProgramReference>
      <Code>5750</Code>
      <Text>MAGNETOSPHERIC PHYSICS</Text>
    </ProgramReference>
  </Award>
</rootTag>
