<?xml version="1.0" encoding="UTF-8"?>

<rootTag>
  <Award>
    <AwardTitle>Geometric aspects of representations and cohomology of finite dimensional algebras</AwardTitle>
    <AwardEffectiveDate>06/01/2005</AwardEffectiveDate>
    <AwardExpirationDate>04/30/2006</AwardExpirationDate>
    <AwardAmount>95100</AwardAmount>
    <AwardInstrument>
      <Value>Standard Grant</Value>
    </AwardInstrument>
    <Organization>
      <Code>03040200</Code>
      <Directorate>
        <LongName>Direct For Mathematical &amp; Physical Scien</LongName>
      </Directorate>
      <Division>
        <LongName>Division Of Mathematical Sciences</LongName>
      </Division>
    </Organization>
    <ProgramOfficer>
      <SignBlockName>Tie Luo</SignBlockName>
    </ProgramOfficer>
    <AbstractNarration>Pevtsova proposes to investigate aspects of the modular representation &lt;br/&gt;theory of various finite dimensional algebras over a field of positive characteristic, and of the representation theory of related algebras over fields of characteristic zero. Built upon earlier work of Pevtsova and others which employs local methods in modular representation theory, the proposed research aims to&lt;br/&gt;create new invariants and to achieve a better understanding of existing &lt;br/&gt;ones. For example, Pevtsova proposes in joint work with Friedlander to produce finer invariants than support varieties by considering restrictions of representations to subalgebras isomorphic to group algebras of a cyclic group. In another project, joint with Witherspoon, Pevtsova will seek a representation-theoretic description of&lt;br/&gt;support varieties for representations of a restricted quantum Lie &lt;br/&gt;algebra at roots of unity. In a baby sisterof this project, Pevtsova and Witherspoon propose to develop a new description of the rank variety for a class of local algebras over fields of characteristic zero, and define rank varieties for certain non-cocommutative Hopf algebras, identifying the new varieties with the existing geometric constructions which use Hochschild cohomology. In a third project, Pevtsova proposes to establish a geometric correspondence between certain triangulated module categories associated to reduced enveloping &lt;br/&gt;algebras of a Lie algebra.&lt;br/&gt;&lt;br/&gt;&lt;br/&gt;&lt;br/&gt;The proposed research begins with the philosophy of understanding a difficult, complicated algebraic structure by studying a family of simple structures embedded in the original. The simple objects are well understood so that the challenge is to combine this understanding to gain some information about the original, difficult structure. This idea is applied to the study of formal algebraic objects arising as symmetries of familiar structures. In the process, the interplay of two different mathematical fields, geometry and algebra, is used extensively, revealing beautiful connections and enabling applications to both areas. A second aspect of this proposal includes the mentoring of female undergraduate students, participation in a popular mathematical program for advanced high school students, and the editing of a special volume of amathematical journal.</AbstractNarration>
    <MinAmdLetterDate>04/18/2005</MinAmdLetterDate>
    <MaxAmdLetterDate>04/18/2005</MaxAmdLetterDate>
    <ARRAAmount/>
    <AwardID>0500946</AwardID>
    <Investigator>
      <FirstName>Julia</FirstName>
      <LastName>Pevtsova</LastName>
      <EmailAddress>julia@math.washington.edu</EmailAddress>
      <StartDate>04/18/2005</StartDate>
      <EndDate/>
      <RoleCode>Principal Investigator</RoleCode>
    </Investigator>
    <Institution>
      <Name>University of Oregon Eugene</Name>
      <CityName>Eugene</CityName>
      <ZipCode>974035219</ZipCode>
      <PhoneNumber>5413465131</PhoneNumber>
      <StreetAddress>5219 UNIVERSITY OF OREGON</StreetAddress>
      <CountryName>United States</CountryName>
      <StateName>Oregon</StateName>
      <StateCode>OR</StateCode>
    </Institution>
    <FoaInformation>
      <Code>0000099</Code>
      <Name>Other Applications NEC</Name>
    </FoaInformation>
    <ProgramElement>
      <Code>1264</Code>
      <Text>ALGEBRA,NUMBER THEORY,AND COM</Text>
    </ProgramElement>
    <ProgramReference>
      <Code>0000</Code>
      <Text>UNASSIGNED</Text>
    </ProgramReference>
    <ProgramReference>
      <Code>OTHR</Code>
      <Text>OTHER RESEARCH OR EDUCATION</Text>
    </ProgramReference>
  </Award>
</rootTag>
