<?xml version="1.0" encoding="UTF-8"?>

<rootTag>
  <Award>
    <AwardTitle>Motivic fundamental groups, multiple polylogarithms, and Diophantine geometry</AwardTitle>
    <AwardEffectiveDate>07/01/2005</AwardEffectiveDate>
    <AwardExpirationDate>09/30/2007</AwardExpirationDate>
    <AwardAmount>138424</AwardAmount>
    <AwardInstrument>
      <Value>Standard Grant</Value>
    </AwardInstrument>
    <Organization>
      <Code>03040200</Code>
      <Directorate>
        <LongName>Direct For Mathematical &amp; Physical Scien</LongName>
      </Directorate>
      <Division>
        <LongName>Division Of Mathematical Sciences</LongName>
      </Division>
    </Organization>
    <ProgramOfficer>
      <SignBlockName>Tie Luo</SignBlockName>
    </ProgramOfficer>
    <AbstractNarration>The theory of mixed motives provides one of the most fertile grounds for investigations in number theory via its connection to the theory of L-functions of algebraic varieties. Although the study of motives is essentially homological in nature, Deligne has defined a motivic fundamental group attached to varieties over number fields. Coordinate functions on such fundamental groups are related to special functions like multiple polylogarithms and, thereby, also to special values of L-functions. On the other hand, the proposer has discovered a direct connection between&lt;br/&gt;motivic fundamental groups and Diophantine geometry, somewhat along the lines suggested by Gronthendieck's `anabelian' philosophy. The technical tools involve p-adic integration, p-adic Hodge theory, and the global study of Galois cohomology. He proposes to continue research into this connection, aiming towards homotopy-theoretic proofs of well-known theorems, such as those of Faltings or Wiles, and eventually new higher-dimensional results in the line of the conjectures of Serge Lang on hyperbolic varieties.&lt;br/&gt;&lt;br/&gt;The deep relationship between geometry and arithmetic is a venerable topic of study going back at least to ruler and compass constructions of special numbers in ancient Greece. The modern manifestation of this tradition is the subject of arithmetic geometry, an area of mathematics that has yielded some of the most profound mathematical results of the previous century.&lt;br/&gt;This proposal describes several related ideas for obtaining new results in the theory of algebraic&lt;br/&gt;equations using ideas at the interface of linear and non-linear geometry.</AbstractNarration>
    <MinAmdLetterDate>03/28/2005</MinAmdLetterDate>
    <MaxAmdLetterDate>03/28/2005</MaxAmdLetterDate>
    <ARRAAmount/>
    <AwardID>0500504</AwardID>
    <Investigator>
      <FirstName>Minhyong</FirstName>
      <LastName>Kim</LastName>
      <EmailAddress>kim@math.arizona.edu</EmailAddress>
      <StartDate>03/28/2005</StartDate>
      <EndDate/>
      <RoleCode>Principal Investigator</RoleCode>
    </Investigator>
    <Institution>
      <Name>University of Arizona</Name>
      <CityName>Tucson</CityName>
      <ZipCode>857194824</ZipCode>
      <PhoneNumber>5206266000</PhoneNumber>
      <StreetAddress>888 N Euclid Ave</StreetAddress>
      <CountryName>United States</CountryName>
      <StateName>Arizona</StateName>
      <StateCode>AZ</StateCode>
    </Institution>
    <FoaInformation>
      <Code>0000099</Code>
      <Name>Other Applications NEC</Name>
    </FoaInformation>
    <ProgramElement>
      <Code>1264</Code>
      <Text>ALGEBRA,NUMBER THEORY,AND COM</Text>
    </ProgramElement>
    <ProgramReference>
      <Code>0000</Code>
      <Text>UNASSIGNED</Text>
    </ProgramReference>
    <ProgramReference>
      <Code>OTHR</Code>
      <Text>OTHER RESEARCH OR EDUCATION</Text>
    </ProgramReference>
  </Award>
</rootTag>
