<?xml version="1.0" encoding="UTF-8"?>

<rootTag>
  <Award>
    <AwardTitle>An Atomic Force Microscope for Biological Imaging, Lithography and Force Measurements</AwardTitle>
    <AwardEffectiveDate>09/01/2005</AwardEffectiveDate>
    <AwardExpirationDate>08/31/2008</AwardExpirationDate>
    <AwardAmount>173700</AwardAmount>
    <AwardInstrument>
      <Value>Standard Grant</Value>
    </AwardInstrument>
    <Organization>
      <Code>08080101</Code>
      <Directorate>
        <LongName>Direct For Biological Sciences</LongName>
      </Directorate>
      <Division>
        <LongName>Div Of Biological Infrastructure</LongName>
      </Division>
    </Organization>
    <ProgramOfficer>
      <SignBlockName>Nily R. Dan</SignBlockName>
    </ProgramOfficer>
    <AbstractNarration>This award will be used to acquire an atomic force microscope (AFM) with environmental control and dip-pen nanolithography capabilities to pursue research and education at the nano-to-micro length scale for complex biosystems. The instrumentation will be used for projects studying the basic science of cellular and subcellular mechanics and projects at the cutting edge of new nanoscale biomaterials and device design. This instrumentation will also be used to train the next generation of students in interdisciplinary nanobioscience by expanding their experimental capabilities, promoting an intellectual curiosity about the nanoscale, and motivating them to freely explore their own ideas to create and evaluate new nanostructures and devices. &lt;br/&gt;&lt;br/&gt;The educational and broader societal impact of this AFM will be (1) to develop new subject-specific laboratories and demonstrations for advanced undergraduate and graduate students; (2) to introduce K-12 inner city students to unique experiences in micro- and nanoscale fabrication, through an existing GK-12 urban program Project STAMP: Science, Technology and Math Partnerships; (3) to work directly with Roxbury Community College and Bridgewater State College to provide unique access to these nanolithography tools with the goal of giving students memorable, hands-on laboratory experiences.</AbstractNarration>
    <MinAmdLetterDate>08/23/2005</MinAmdLetterDate>
    <MaxAmdLetterDate>06/21/2006</MaxAmdLetterDate>
    <ARRAAmount/>
    <AwardID>0500744</AwardID>
    <Investigator>
      <FirstName>Bennett</FirstName>
      <LastName>Goldberg</LastName>
      <EmailAddress>bennett.goldberg@northwestern.edu</EmailAddress>
      <StartDate>08/23/2005</StartDate>
      <EndDate/>
      <RoleCode>Co-Principal Investigator</RoleCode>
    </Investigator>
    <Investigator>
      <FirstName>M. Selim</FirstName>
      <LastName>Unlu</LastName>
      <EmailAddress>selim@bu.edu</EmailAddress>
      <StartDate>08/23/2005</StartDate>
      <EndDate/>
      <RoleCode>Co-Principal Investigator</RoleCode>
    </Investigator>
    <Investigator>
      <FirstName>Tejal</FirstName>
      <LastName>Desai</LastName>
      <EmailAddress>tejal.desai@ucsf.edu</EmailAddress>
      <StartDate>08/23/2005</StartDate>
      <EndDate/>
      <RoleCode>Co-Principal Investigator</RoleCode>
    </Investigator>
    <Investigator>
      <FirstName>Catherine</FirstName>
      <LastName>Klapperich</LastName>
      <EmailAddress>catherin@bu.edu</EmailAddress>
      <StartDate>08/23/2005</StartDate>
      <EndDate/>
      <RoleCode>Principal Investigator</RoleCode>
    </Investigator>
    <Institution>
      <Name>Trustees of Boston University</Name>
      <CityName>BOSTON</CityName>
      <ZipCode>022151300</ZipCode>
      <PhoneNumber>6173534365</PhoneNumber>
      <StreetAddress>881 COMMONWEALTH AVE</StreetAddress>
      <CountryName>United States</CountryName>
      <StateName>Massachusetts</StateName>
      <StateCode>MA</StateCode>
    </Institution>
    <ProgramElement>
      <Code>1108</Code>
      <Text>INSTRUMENTAT &amp; INSTRUMENT DEVP</Text>
    </ProgramElement>
    <ProgramElement>
      <Code>7226</Code>
      <Text>HUMAN RESOURCES</Text>
    </ProgramElement>
    <ProgramReference>
      <Code>7467</Code>
      <Text>MULTI-USER EQUIPMENT (MUE)</Text>
    </ProgramReference>
    <ProgramReference>
      <Code>7468</Code>
      <Text>INSTR RES AND INSTR DEVEL FOR BIO RES</Text>
    </ProgramReference>
    <ProgramReference>
      <Code>9184</Code>
      <Text>BIOTECHNOLOGY - INFRASTRUCTURE</Text>
    </ProgramReference>
    <ProgramReference>
      <Code>9261</Code>
      <Text>RESRCH ASSIST-MINORITY H.S. ST</Text>
    </ProgramReference>
    <ProgramReference>
      <Code>BIOT</Code>
      <Text>BIOTECHNOLOGY</Text>
    </ProgramReference>
  </Award>
</rootTag>
