<?xml version="1.0" encoding="UTF-8"?>

<rootTag>
  <Award>
    <AwardTitle>Algebraic Geometry and Infinite-dimensional Spaces</AwardTitle>
    <AwardEffectiveDate>07/01/2005</AwardEffectiveDate>
    <AwardExpirationDate>06/30/2008</AwardExpirationDate>
    <AwardAmount>259645</AwardAmount>
    <AwardInstrument>
      <Value>Continuing grant</Value>
    </AwardInstrument>
    <Organization>
      <Code>03040200</Code>
      <Directorate>
        <LongName>Direct For Mathematical &amp; Physical Scien</LongName>
      </Directorate>
      <Division>
        <LongName>Division Of Mathematical Sciences</LongName>
      </Division>
    </Organization>
    <ProgramOfficer>
      <SignBlockName>Tie Luo</SignBlockName>
    </ProgramOfficer>
    <AbstractNarration>Kapranov proposes to study infinite-dimensional spaces such as spaces of paths&lt;br/&gt;by using algebro-geometric techniques. The traditional analytic approach to such&lt;br/&gt;spaces leads to many difficulties. The algebro-geometric approach has the&lt;br/&gt;advantage of bypassing these difficulties and at the same time preserving and&lt;br/&gt;in fact emphasizing the main conceptual results of the study. He proposes to&lt;br/&gt;develop an approach to Floer cohomology based on the algebro-geometric&lt;br/&gt; concept of an ind-scheme. In fact, the very definition of an ind-scheme (known for&lt;br/&gt;some time) is not far removed from Floer's ideas about cycles of ``semi-infinite"&lt;br/&gt;dimension. Kapranov proposes to apply this approach to various spaces of&lt;br/&gt;formal paths and loops in finite-dimensional varieties. Among other things, he&lt;br/&gt;proposes to understand the elliptic cohomology theory by using these spaces,&lt;br/&gt;in particular to relate the elliptic cohomology and the derived category of&lt;br/&gt;coherent sheaves, two objects of recent interest.&lt;br/&gt;By studying various "anomalies" on such infinite-dimensional spaces, Kapranov&lt;br/&gt;proposes to prove a new Riemann-Roch type theorem involving families of&lt;br/&gt;real, not complex varieties. &lt;br/&gt;&lt;br/&gt;The motivation for study of infinite-dimensional spaces comes from physics&lt;br/&gt;(string theory) where the fundamental object is not a punctual particle but &lt;br/&gt;a string propagating in the space-time. The number of degrees of freedom of&lt;br/&gt;such a string is clearly infinite. But working with infinite-dimensional spaces&lt;br/&gt;is difficult. The usual problems of convergence familiar from multivariable calculus become&lt;br/&gt;in many cases overwhelming when the number of variables becomes infinite. &lt;br/&gt;The algebraic approach proposed by Kapranov&lt;br/&gt;can capture the essense of many problems while maintaining the mathematical rigor and&lt;br/&gt;thus preventing one from making mistakes. One example of such a problem is the&lt;br/&gt;determinantal anomaly: determinants of infinite matrices do not behave as expected&lt;br/&gt;from the finite-dimensional case but obey different rules.&lt;br/&gt; This leads to a wealth of consequences for&lt;br/&gt;the topology and geometry of infinite-dimensional spaces. The algebraic approach&lt;br/&gt;allows one to arrive at and generalize these consequences while minimizing the&lt;br/&gt;considerable effort needed to even define the infinite determinants.</AbstractNarration>
    <MinAmdLetterDate>03/22/2005</MinAmdLetterDate>
    <MaxAmdLetterDate>04/16/2007</MaxAmdLetterDate>
    <ARRAAmount/>
    <AwardID>0500565</AwardID>
    <Investigator>
      <FirstName>Mikhail</FirstName>
      <LastName>Kapranov</LastName>
      <EmailAddress>mikhail.kapranov@yale.edu</EmailAddress>
      <StartDate>03/22/2005</StartDate>
      <EndDate/>
      <RoleCode>Principal Investigator</RoleCode>
    </Investigator>
    <Institution>
      <Name>Yale University</Name>
      <CityName>New Haven</CityName>
      <ZipCode>065208327</ZipCode>
      <PhoneNumber>2037854689</PhoneNumber>
      <StreetAddress>Office of Sponsored Projects</StreetAddress>
      <CountryName>United States</CountryName>
      <StateName>Connecticut</StateName>
      <StateCode>CT</StateCode>
    </Institution>
    <FoaInformation>
      <Code>0000099</Code>
      <Name>Other Applications NEC</Name>
    </FoaInformation>
  </Award>
</rootTag>
