<?xml version="1.0" encoding="UTF-8"?>

<rootTag>
  <Award>
    <AwardTitle>Collaborative Research: Constraint-based Compliant Mechanism Design using Virtual Reality as a Design Interface</AwardTitle>
    <AwardEffectiveDate>08/01/2005</AwardEffectiveDate>
    <AwardExpirationDate>07/31/2008</AwardExpirationDate>
    <AwardAmount>238000</AwardAmount>
    <AwardInstrument>
      <Value>Standard Grant</Value>
    </AwardInstrument>
    <Organization>
      <Code>07030000</Code>
      <Directorate>
        <LongName>Directorate For Engineering</LongName>
      </Directorate>
      <Division>
        <LongName>Div Of Civil, Mechanical, &amp; Manufact Inn</LongName>
      </Division>
    </Organization>
    <ProgramOfficer>
      <SignBlockName>Christina L. Bloebaum</SignBlockName>
    </ProgramOfficer>
    <AbstractNarration>This objective of this collaborative research project is so that researchers at Iowa State University and the Massachusetts Institute of Technology can look at ways to improve the design and manufacturing of compliant mechanisms through the use of virtual reality. Unlike the traditional rigid-link mechanisms, compliant mechanisms achieve motion guidance via the compliance and deformation of the mechanism's members. Design of compliant mechanisms currently occurs through the work of two distinctly different research communities: the mechanism design community, which bases designs on numerical simulation and optimization, e.g. topology synthesis, of basic design parameters, and the precision machine design community, where design engineers rely largely upon constraint-based methods that are heavily dependant upon the experience of the designer. Virtual reality will be used to provide a three-dimensional immersive design environment where compliant mechanism design can be achieved using mathematical rigor coupled with a designer's intuitive understanding of mechanism mechanics to design three-dimensional compliant mechanisms.&lt;br/&gt;&lt;br/&gt;This work will change the way students, scientists, and engineers think about, conceptualize, and engineer compliant mechanisms for precision instruments, MEMS, NEMS, compliant robotics and low-cost mechanisms for consumer products, by establishing an engineering framework for design of compliant mechanisms based on constraint-based compliant mechanism design theory and virtual reality. Virtual reality, combined with powerful and rational constraint-based design methods, will provide a natural three-dimensional design environment where engineers can rapidly explore the design space to generate constraint-based design concepts (topology), evaluate the concepts and perform detailed design. The resulting design framework will allow a broader group of engineers to design complex compliant mechanisms, giving them new options to draw upon when searching for design solutions to critical problems, resulting in novel mechanism solutions for manufacturing and product design.</AbstractNarration>
    <MinAmdLetterDate>08/16/2005</MinAmdLetterDate>
    <MaxAmdLetterDate>08/16/2005</MaxAmdLetterDate>
    <ARRAAmount/>
    <AwardID>0500272</AwardID>
    <Investigator>
      <FirstName>Martin</FirstName>
      <LastName>Culpepper</LastName>
      <EmailAddress>culpepper@mit.edu</EmailAddress>
      <StartDate>08/16/2005</StartDate>
      <EndDate/>
      <RoleCode>Principal Investigator</RoleCode>
    </Investigator>
    <Institution>
      <Name>Massachusetts Institute of Technology</Name>
      <CityName>Cambridge</CityName>
      <ZipCode>021394301</ZipCode>
      <PhoneNumber>6172531000</PhoneNumber>
      <StreetAddress>77 MASSACHUSETTS AVE</StreetAddress>
      <CountryName>United States</CountryName>
      <StateName>Massachusetts</StateName>
      <StateCode>MA</StateCode>
    </Institution>
    <FoaInformation>
      <Code>0308000</Code>
      <Name>Industrial Technology</Name>
    </FoaInformation>
    <ProgramElement>
      <Code>1464</Code>
      <Text>ENGINEERING DESIGN AND INNOVAT</Text>
    </ProgramElement>
    <ProgramReference>
      <Code>9102</Code>
      <Text>WOMEN, MINORITY, DISABLED, NEC</Text>
    </ProgramReference>
    <ProgramReference>
      <Code>9148</Code>
      <Text>TOOLS &amp; TECHNOL FOR MANUFACTURING DESIGN</Text>
    </ProgramReference>
    <ProgramReference>
      <Code>MANU</Code>
      <Text>MANUFACTURING</Text>
    </ProgramReference>
  </Award>
</rootTag>
