<?xml version="1.0" encoding="UTF-8"?>

<rootTag>
  <Award>
    <AwardTitle>Development of Wavelength Selective Emitters and Absorbers with Microfabricated Complex Gratings</AwardTitle>
    <AwardEffectiveDate>08/01/2005</AwardEffectiveDate>
    <AwardExpirationDate>01/31/2009</AwardExpirationDate>
    <AwardAmount>255000</AwardAmount>
    <AwardInstrument>
      <Value>Standard Grant</Value>
    </AwardInstrument>
    <Organization>
      <Code>07020000</Code>
      <Directorate>
        <LongName>Directorate For Engineering</LongName>
      </Directorate>
      <Division>
        <LongName>Div Of Chem, Bioeng, Env, &amp; Transp Sys</LongName>
      </Division>
    </Organization>
    <ProgramOfficer>
      <SignBlockName>Theodore L. Bergman</SignBlockName>
    </ProgramOfficer>
    <AbstractNarration>ABSTRACT&lt;br/&gt;&lt;br/&gt;National Science Foundation&lt;br/&gt;&lt;br/&gt;Proposal Number: CTS-0500113&lt;br/&gt;Principal Investigator: Zhang, Zhuomin&lt;br/&gt;Affiliation: Georgia Tech Research Corporation - GIT &lt;br/&gt;Proposal Title: Development of a Wavelength Selective Emitters and Absorbers with Microfabricated Complex Gratings &lt;br/&gt;&lt;br/&gt;This proposal was received as an unsolicited submission to the Chemical and Transport Systems Division and was funded by the Thermal Transport and Thermal Processing Program. The objective of this research is to study the thermal radiative properties of heavily doped silicon for the development of one-dimensional complex grating structures, which allow the control of the spectral and directional behavior of thermal emission and absorption. The approach is to combine the experimental investigation with theoretical modeling. A Fourier-transform infrared (FTIR) spectrometer and a spectral bidirectional reflectometer will be used for measuring the transmittance, reflectance, and emittance of doped silicon with various microstructures at wavelengths between 0.4 and 20 micrometers, from room temperature to 900 K. Complex grating structures will be developed using silicon microfabrication technology. Rigorous coupled-wave analysis will be employed to predict the radiative properties of microstructured surfaces for the design and optimization of structures for specific applications. Knowledge of the temperature dependence of radiative properties of heavily doped silicon will be obtained through this project. Development of engineered surfaces that allow the control of radiative properties has important applications in thermophotovoltaic devices for energy conversion and infrared detectors for remote sensing. The success of the proposed research will further benefit the society by providing opportunities for graduate and undergraduate students in micro/nanoscale thermal engineering. The PI plans to enhance the undergraduate Heat Transfer course by introducing the micro/nanoscale thermal phenomena and solution methods.</AbstractNarration>
    <MinAmdLetterDate>08/01/2005</MinAmdLetterDate>
    <MaxAmdLetterDate>08/01/2005</MaxAmdLetterDate>
    <ARRAAmount/>
    <AwardID>0500113</AwardID>
    <Investigator>
      <FirstName>Zhuomin</FirstName>
      <LastName>Zhang</LastName>
      <EmailAddress>zhuomin.zhang@me.gatech.edu</EmailAddress>
      <StartDate>08/01/2005</StartDate>
      <EndDate/>
      <RoleCode>Principal Investigator</RoleCode>
    </Investigator>
    <Institution>
      <Name>Georgia Tech Research Corporation</Name>
      <CityName>Atlanta</CityName>
      <ZipCode>303320420</ZipCode>
      <PhoneNumber>4048944819</PhoneNumber>
      <StreetAddress>Office of Sponsored Programs</StreetAddress>
      <CountryName>United States</CountryName>
      <StateName>Georgia</StateName>
      <StateCode>GA</StateCode>
    </Institution>
    <FoaInformation>
      <Code>0308000</Code>
      <Name>Industrial Technology</Name>
    </FoaInformation>
  </Award>
</rootTag>
