<?xml version="1.0" encoding="UTF-8"?>

<rootTag>
  <Award>
    <AwardTitle>Fully Nonlinear Equations</AwardTitle>
    <AwardEffectiveDate>07/01/2005</AwardEffectiveDate>
    <AwardExpirationDate>06/30/2008</AwardExpirationDate>
    <AwardAmount>95999</AwardAmount>
    <AwardInstrument>
      <Value>Standard Grant</Value>
    </AwardInstrument>
    <Organization>
      <Code>03040100</Code>
      <Directorate>
        <LongName>Direct For Mathematical &amp; Physical Scien</LongName>
      </Directorate>
      <Division>
        <LongName>Division Of Mathematical Sciences</LongName>
      </Division>
    </Organization>
    <ProgramOfficer>
      <SignBlockName>Joe W. Jenkins</SignBlockName>
    </ProgramOfficer>
    <AbstractNarration>Fully Nonlinear Equations&lt;br/&gt;Project Abstract&lt;br/&gt;&lt;br/&gt;Yu Yuan&lt;br/&gt;&lt;br/&gt;This project focuses on the regularity and solvability of fully nonlinear equations. The first topic is to investigate Bernstein/Liouville problems for various equations. Here the aim is to prove that the only solutions of certain problems are certain very simple or "trivial" solutions. Another topic is to prove regularity results for the solutions of fully nonlinear second order elliptic equations in 3d domains and also for the Isaacs' equation of control theory. The project will also look at deriving necessary conditions for the local isometric imbedding problem for 2-dimensional Riemannian manifolds. &lt;br/&gt;&lt;br/&gt;The partial differential equations in the project arise not only in geometry but also in science and engineering. Results on these problems should have applications to string&lt;br/&gt;theory in modern physics, for nonlinear elasticity in mechanics, and for stochastic optimal control theory in engineering and economics.</AbstractNarration>
    <MinAmdLetterDate>04/18/2005</MinAmdLetterDate>
    <MaxAmdLetterDate>04/18/2005</MaxAmdLetterDate>
    <ARRAAmount/>
    <AwardID>0500808</AwardID>
    <Investigator>
      <FirstName>Yu</FirstName>
      <LastName>Yuan</LastName>
      <EmailAddress>yuan@math.washington.edu</EmailAddress>
      <StartDate>04/18/2005</StartDate>
      <EndDate/>
      <RoleCode>Principal Investigator</RoleCode>
    </Investigator>
    <Institution>
      <Name>University of Washington</Name>
      <CityName>Seattle</CityName>
      <ZipCode>981950001</ZipCode>
      <PhoneNumber>2065434043</PhoneNumber>
      <StreetAddress>4333 Brooklyn Ave NE</StreetAddress>
      <CountryName>United States</CountryName>
      <StateName>Washington</StateName>
      <StateCode>WA</StateCode>
    </Institution>
    <FoaInformation>
      <Code>0000099</Code>
      <Name>Other Applications NEC</Name>
    </FoaInformation>
    <ProgramElement>
      <Code>1281</Code>
      <Text>ANALYSIS PROGRAM</Text>
    </ProgramElement>
    <ProgramReference>
      <Code>0000</Code>
      <Text>UNASSIGNED</Text>
    </ProgramReference>
    <ProgramReference>
      <Code>OTHR</Code>
      <Text>OTHER RESEARCH OR EDUCATION</Text>
    </ProgramReference>
  </Award>
</rootTag>
