<?xml version="1.0" encoding="UTF-8"?>

<rootTag>
  <Award>
    <AwardTitle>Geometric Theory of Sobolev Spaces</AwardTitle>
    <AwardEffectiveDate>07/01/2005</AwardEffectiveDate>
    <AwardExpirationDate>06/30/2009</AwardExpirationDate>
    <AwardAmount>91329</AwardAmount>
    <AwardInstrument>
      <Value>Standard Grant</Value>
    </AwardInstrument>
    <Organization>
      <Code>03040100</Code>
      <Directorate>
        <LongName>Direct For Mathematical &amp; Physical Scien</LongName>
      </Directorate>
      <Division>
        <LongName>Division Of Mathematical Sciences</LongName>
      </Division>
    </Organization>
    <ProgramOfficer>
      <SignBlockName>Joe W. Jenkins</SignBlockName>
    </ProgramOfficer>
    <AbstractNarration>The goal of the proposal is to investigate various&lt;br/&gt;problems in Geometric Analysis with the theory of Sobolev&lt;br/&gt;spaces as a main tool. As the theory of Sobolev spaces has&lt;br/&gt;an impressive range of applications, the proposal&lt;br/&gt;does not focus on a narrow problematics but rather, it&lt;br/&gt;addresses a number of problems from a broader range of areas in&lt;br/&gt;Geometric Analysis. That includes study of:&lt;br/&gt;(1) boundedness of maximal functions in Sobolev spaces;&lt;br/&gt;(2) Sobolev extension domains;&lt;br/&gt;(3) interplay between isoperimetric inequality, Sobolev inequality&lt;br/&gt;and the truncation method in the vectorial case related to Korn's&lt;br/&gt;inequality and the Sobolev inequality of Strauss;&lt;br/&gt;(4) geometric properties of Sobolev mappings between domains in the&lt;br/&gt;Euclidean space (this research is related to problems in nonlinear&lt;br/&gt;elasticity);&lt;br/&gt;(5) bi-Lipschitz embeddings of metric spaces;&lt;br/&gt;(6) Lipschitz approximation of Sobolev mappings between manifolds,&lt;br/&gt;polyhedra and metric spaces with connections to the topology of spaces.&lt;br/&gt;(7) degree theory of mappings in Orlicz-Sobolev spaces in the case&lt;br/&gt;in which the target space is a rational homology sphere;&lt;br/&gt;(8) the Hardy space regularity of Jacobians of mappings between manifolds&lt;br/&gt;with applications to the regularity questions in the calculus of&lt;br/&gt;variations.&lt;br/&gt;&lt;br/&gt;Theory of Sobolev spaces was one of the greatest discoveries in&lt;br/&gt;the XXth century mathematics. This theory is the most important single&lt;br/&gt;tool in studying nonlinear partial differential equations, both in its&lt;br/&gt;theoretical aspects and numerical implementation.&lt;br/&gt;Although the theory of Sobolev spaces has been created in the late&lt;br/&gt;thirties,in recent years, there have been major breakthroughs in the theory, by&lt;br/&gt;expanding the applications to new areas of pure mathematics&lt;br/&gt;like analysis on metric spaces, geometric group theory or algebraic&lt;br/&gt;topology as well as to areas in applied mathematics, like for example to non-convex&lt;br/&gt;calculus of variations. The aim of the proposal is to continue this&lt;br/&gt;investigation in its various aspects. The PI has intention to advise PhD&lt;br/&gt;students on problems closely related to the proposal.</AbstractNarration>
    <MinAmdLetterDate>05/18/2005</MinAmdLetterDate>
    <MaxAmdLetterDate>05/18/2005</MaxAmdLetterDate>
    <ARRAAmount/>
    <AwardID>0500966</AwardID>
    <Investigator>
      <FirstName>Piotr</FirstName>
      <LastName>Hajlasz</LastName>
      <EmailAddress>hajlasz@pitt.edu</EmailAddress>
      <StartDate>05/18/2005</StartDate>
      <EndDate/>
      <RoleCode>Principal Investigator</RoleCode>
    </Investigator>
    <Institution>
      <Name>University of Pittsburgh</Name>
      <CityName>Pittsburgh</CityName>
      <ZipCode>152132303</ZipCode>
      <PhoneNumber>4126247400</PhoneNumber>
      <StreetAddress>University Club</StreetAddress>
      <CountryName>United States</CountryName>
      <StateName>Pennsylvania</StateName>
      <StateCode>PA</StateCode>
    </Institution>
    <FoaInformation>
      <Code>0000099</Code>
      <Name>Other Applications NEC</Name>
    </FoaInformation>
  </Award>
</rootTag>
