<?xml version="1.0" encoding="UTF-8"?>

<rootTag>
  <Award>
    <AwardTitle>Nonlinear Subelliptic Analysis</AwardTitle>
    <AwardEffectiveDate>07/01/2005</AwardEffectiveDate>
    <AwardExpirationDate>06/30/2009</AwardExpirationDate>
    <AwardAmount>93333</AwardAmount>
    <AwardInstrument>
      <Value>Standard Grant</Value>
    </AwardInstrument>
    <Organization>
      <Code>03040100</Code>
      <Directorate>
        <LongName>Direct For Mathematical &amp; Physical Scien</LongName>
      </Directorate>
      <Division>
        <LongName>Division Of Mathematical Sciences</LongName>
      </Division>
    </Organization>
    <ProgramOfficer>
      <SignBlockName>Joe W. Jenkins</SignBlockName>
    </ProgramOfficer>
    <AbstractNarration>ABSTRACT&lt;br/&gt;&lt;br/&gt; A major part of the success in the linear and quasi-linear theory comes from interpreting&lt;br/&gt; derivatives in the generalized sense of distributions, allowing for a more powerful calculus. Distributions do not seem, in general well suited to non-linear problems because they cannot be&lt;br/&gt; multiplied. Jets are generalized (local) point-wise derivatives that allow for the interpretation and calculation of non-linear functions of derivatives. In this proposal, the PI presents a project to&lt;br/&gt;use jets to develop some basic Analysis tools in general state spaces. Typically, in these spaces higher derivatives with respect different parameters do not commute, as in the Euclidean case, but rather satisfy more complicated algebraic relations. Jets adapted to the geometry of a state space endowed with a family of vector fields satisfying a non-degeneracy condition are called sub-elliptic jets. Basic analysis topics like Taylor developments and maximum principles have to be adapted to conform to the new sub-elliptic geometry. Topics studied include: sub-elliptic extensions of the uniqueness theorem of R. Jensen for viscosity solutions, regularity for the sub-elliptic p-Laplacian, sub-elliptic convex functions, and Cordes sub-elliptic estimates.&lt;br/&gt;&lt;br/&gt;&lt;br/&gt; The derivative is a basic tool in mathematical analysis, used to measure the growth and decay of functions. Knowledge of the derivative of a function allows for its recovery by means of integration. When trying to model complex scientific phenomena it is often necessary to write down equations satisfied by derivatives, and derivatives of derivatives, of functions with respect to several parameters. These equations are called partial differential equations. In this proposal the PI proposes to develop tools to study partial differential equations written in terms of vector fields. These equations have applications to problems in Robotics, Control Theory and Mathematical Finance.</AbstractNarration>
    <MinAmdLetterDate>05/09/2005</MinAmdLetterDate>
    <MaxAmdLetterDate>07/03/2006</MaxAmdLetterDate>
    <ARRAAmount/>
    <AwardID>0500983</AwardID>
    <Investigator>
      <FirstName>Juan</FirstName>
      <LastName>Manfredi</LastName>
      <EmailAddress>manfredi@pitt.edu</EmailAddress>
      <StartDate>05/09/2005</StartDate>
      <EndDate/>
      <RoleCode>Principal Investigator</RoleCode>
    </Investigator>
    <Institution>
      <Name>University of Pittsburgh</Name>
      <CityName>Pittsburgh</CityName>
      <ZipCode>152132303</ZipCode>
      <PhoneNumber>4126247400</PhoneNumber>
      <StreetAddress>University Club</StreetAddress>
      <CountryName>United States</CountryName>
      <StateName>Pennsylvania</StateName>
      <StateCode>PA</StateCode>
    </Institution>
    <FoaInformation>
      <Code>0000099</Code>
      <Name>Other Applications NEC</Name>
    </FoaInformation>
  </Award>
</rootTag>
