<?xml version="1.0" encoding="UTF-8"?>

<rootTag>
  <Award>
    <AwardTitle>The R/V Alpha Helix Symbios Expedition, a Milestone in Coral Reef Research</AwardTitle>
    <AwardEffectiveDate>09/15/2004</AwardEffectiveDate>
    <AwardExpirationDate>06/30/2007</AwardExpirationDate>
    <AwardAmount>20936</AwardAmount>
    <AwardInstrument>
      <Value>Standard Grant</Value>
    </AwardInstrument>
    <Organization>
      <Code>06040104</Code>
      <Directorate>
        <LongName>Directorate For Geosciences</LongName>
      </Directorate>
      <Division>
        <LongName>Division Of Ocean Sciences</LongName>
      </Division>
    </Organization>
    <ProgramOfficer>
      <SignBlockName>Kandace S. Binkley</SignBlockName>
    </ProgramOfficer>
    <AbstractNarration>Over 30 years ago the NSF-supported Symbios Expedition to Enewetak Atoll, Marshall Islands, aboard the R/V Alpha Helix, gave science new insights into the metabolism and functioning of coral reefs. Yet, although scientists worldwide know this expedition from the many papers that resulted from it, few know what resources and planning it took to undertake this highly successful research project. The goal of this project is to provide better documentation of this expedition, and in the process, assess its high scientific productivity and the key factors that led to this productivity.</AbstractNarration>
    <MinAmdLetterDate>01/18/2005</MinAmdLetterDate>
    <MaxAmdLetterDate>09/14/2005</MaxAmdLetterDate>
    <ARRAAmount/>
    <AwardID>0500134</AwardID>
    <Investigator>
      <FirstName>Christopher</FirstName>
      <LastName>Delia</LastName>
      <EmailAddress>cdelia@lsu.edu</EmailAddress>
      <StartDate>01/18/2005</StartDate>
      <EndDate/>
      <RoleCode>Principal Investigator</RoleCode>
    </Investigator>
    <Institution>
      <Name>University of South Florida</Name>
      <CityName>Tampa</CityName>
      <ZipCode>336129446</ZipCode>
      <PhoneNumber>8139742897</PhoneNumber>
      <StreetAddress>3702 Spectrum Blvd.</StreetAddress>
      <CountryName>United States</CountryName>
      <StateName>Florida</StateName>
      <StateCode>FL</StateCode>
    </Institution>
    <FoaInformation>
      <Code>0204000</Code>
      <Name>Oceanography</Name>
    </FoaInformation>
    <ProgramElement>
      <Code>5418</Code>
      <Text>OCE SPECIAL PROGRAMS</Text>
    </ProgramElement>
    <ProgramReference>
      <Code>0000</Code>
      <Text>UNASSIGNED</Text>
    </ProgramReference>
    <ProgramReference>
      <Code>OTHR</Code>
      <Text>OTHER RESEARCH OR EDUCATION</Text>
    </ProgramReference>
  </Award>
</rootTag>
