<?xml version="1.0" encoding="UTF-8"?>

<rootTag>
  <Award>
    <AwardTitle>Workshop in Bioimaging for HBC Faculty and Undergraduates: to be held June, 2006 at Appalachian State University, Boone, NC</AwardTitle>
    <AwardEffectiveDate>09/01/2005</AwardEffectiveDate>
    <AwardExpirationDate>08/31/2009</AwardExpirationDate>
    <AwardAmount>30000</AwardAmount>
    <AwardInstrument>
      <Value>Standard Grant</Value>
    </AwardInstrument>
    <Organization>
      <Code>08080101</Code>
      <Directorate>
        <LongName>Direct For Biological Sciences</LongName>
      </Directorate>
      <Division>
        <LongName>Div Of Biological Infrastructure</LongName>
      </Division>
    </Organization>
    <ProgramOfficer>
      <SignBlockName>Nily R. Dan</SignBlockName>
    </ProgramOfficer>
    <AbstractNarration>This award provides support for a three week workshop offering hands-on in modern laser scanning confocal imaging to faculty and undergraduates from the PI's institution and from two nearby historically black universities. Participants will be expected to master new research skills, including the imaging of thin optical sections from within thick fluorescence-labeled specimens; the use of stacked optical sections in making quantitative three-dimensional measurements; the use of multifluorescence imaging and time-lapse recordings; the use of fluorescent indicators sensitive to local (intracellular) free ion concentration, membrane potential, enzymatic activity and/or other physiochemical parameters; and to quantitative colocalization analyses. These and other microscopic techniques are critical to modern cell biology research. The workshop is expected to strengthen links between faculty in the three universities and the staff of the Applacian State University Microscopy Center, which is directed by the PI, and to enrich the content of coursework offered by the participating faculty.</AbstractNarration>
    <MinAmdLetterDate>08/23/2005</MinAmdLetterDate>
    <MaxAmdLetterDate>08/30/2008</MaxAmdLetterDate>
    <ARRAAmount/>
    <AwardID>0500107</AwardID>
    <Investigator>
      <FirstName>Vicki</FirstName>
      <LastName>Martin</LastName>
      <EmailAddress>vjmartin@ncsu.edu</EmailAddress>
      <StartDate>08/23/2005</StartDate>
      <EndDate/>
      <RoleCode>Principal Investigator</RoleCode>
    </Investigator>
    <Institution>
      <Name>Appalachian State University</Name>
      <CityName>Boone</CityName>
      <ZipCode>286082174</ZipCode>
      <PhoneNumber>8282627459</PhoneNumber>
      <StreetAddress>P.O. Box 32174</StreetAddress>
      <CountryName>United States</CountryName>
      <StateName>North Carolina</StateName>
      <StateCode>NC</StateCode>
    </Institution>
    <ProgramElement>
      <Code>7226</Code>
      <Text>HUMAN RESOURCES</Text>
    </ProgramElement>
    <ProgramReference>
      <Code>9184</Code>
      <Text>BIOTECHNOLOGY - INFRASTRUCTURE</Text>
    </ProgramReference>
    <ProgramReference>
      <Code>BIOT</Code>
      <Text>BIOTECHNOLOGY</Text>
    </ProgramReference>
    <ProgramReference>
      <Code>7467</Code>
      <Text>MULTI-USER EQUIPMENT (MUE)</Text>
    </ProgramReference>
  </Award>
</rootTag>
