<?xml version="1.0" encoding="UTF-8"?>

<rootTag>
  <Award>
    <AwardTitle>New Techniques for the Control of Multi-Agent Systems in Uncertain Environments</AwardTitle>
    <AwardEffectiveDate>07/01/2005</AwardEffectiveDate>
    <AwardExpirationDate>06/30/2009</AwardExpirationDate>
    <AwardAmount>304583</AwardAmount>
    <AwardInstrument>
      <Value>Standard Grant</Value>
    </AwardInstrument>
    <Organization>
      <Code>05010000</Code>
      <Directorate>
        <LongName>Direct For Computer &amp; Info Scie &amp; Enginr</LongName>
      </Directorate>
      <Division>
        <LongName>Division of Computing and Communication Foundations</LongName>
      </Division>
    </Organization>
    <ProgramOfficer>
      <SignBlockName>William H Tranter</SignBlockName>
    </ProgramOfficer>
    <AbstractNarration>New techniques for the control of multi-agent systems in &lt;br/&gt;uncertain environments"&lt;br/&gt;&lt;br/&gt;ABSTRACT&lt;br/&gt;&lt;br/&gt;The research develops new techniques for the control of multi-agent systems in uncertain environments. The problem area is of critical national and scientific importance, since modern engineered systems deployed for many critical applications are comprised of multiple agents who need to coordinate their actions to achieve a control objective in an uncertain environment. Such systems are used for many applications, including surveillance, environmental monitoring, inventory control, and control in hazardous environments, among many others, in fields such as transportation, medical diagnostics, civil engineering, communications networks, and defense systems.&lt;br/&gt;&lt;br/&gt;The main scientific ideas being developed are (1) a new technique to tame the complexity of controlling multi-agent systems by a focus on aggregate behavior, i.e. not so much on which agent carries out a given action as on how many agents carry out a given action, and (2) a new technique to based on the use of common randomness between the agents to increase their ability to hedge against uncertainty in the environment.&lt;br/&gt;The aggregation techniques to tame complexity that are being developed rely on mean-field methods, which have proven well-suited to exposing phase transitions in physical systems, but have so far not been systematically used for control. The phenomenon of symmetry breaking, which occurs when different portions of a homogeneous system must use different control rules to obtain optimal system wide performance, is of particular interest. The techniques to hedge against uncertainty that are being developed rely on game-theoretic models, as well as methods to extract common randomness from ambient noise and the randomized choices of other agents.</AbstractNarration>
    <MinAmdLetterDate>07/01/2005</MinAmdLetterDate>
    <MaxAmdLetterDate>07/01/2005</MaxAmdLetterDate>
    <ARRAAmount/>
    <AwardID>0500234</AwardID>
    <Investigator>
      <FirstName>Venkatachalam</FirstName>
      <LastName>Anantharam</LastName>
      <EmailAddress>ananth@eecs.berkeley.edu</EmailAddress>
      <StartDate>07/01/2005</StartDate>
      <EndDate/>
      <RoleCode>Principal Investigator</RoleCode>
    </Investigator>
    <Institution>
      <Name>University of California-Berkeley</Name>
      <CityName>BERKELEY</CityName>
      <ZipCode>947045940</ZipCode>
      <PhoneNumber>5106428109</PhoneNumber>
      <StreetAddress>Sponsored Projects Office</StreetAddress>
      <CountryName>United States</CountryName>
      <StateName>California</StateName>
      <StateCode>CA</StateCode>
    </Institution>
    <FoaInformation>
      <Code>0000912</Code>
      <Name>Computer Science</Name>
    </FoaInformation>
  </Award>
</rootTag>
