<?xml version="1.0" encoding="UTF-8"?>

<rootTag>
  <Award>
    <AwardTitle>Stochastic Optimization with Model Uncertainty and Learning</AwardTitle>
    <AwardEffectiveDate>09/01/2005</AwardEffectiveDate>
    <AwardExpirationDate>08/31/2010</AwardExpirationDate>
    <AwardAmount>389941</AwardAmount>
    <AwardInstrument>
      <Value>Continuing grant</Value>
    </AwardInstrument>
    <Organization>
      <Code>07030000</Code>
      <Directorate>
        <LongName>Directorate For Engineering</LongName>
      </Directorate>
      <Division>
        <LongName>Div Of Civil, Mechanical, &amp; Manufact Inn</LongName>
      </Division>
    </Organization>
    <ProgramOfficer>
      <SignBlockName>Russell Barton</SignBlockName>
    </ProgramOfficer>
    <AbstractNarration>Theoretical foundation of operations research and management science for decision making under uncertainty rely on the development of a fully specified probability model. A probability model is formulated under some statistical assumptions. Optimal decision is then derived from this model. When implementing the optimal decision in practice, data is used to estimate the parameters to calibrate the probability model and the optimal decision purported by the probability model is then implemented. This approach totally ignores the effects of errors in the formulation of the probability model and the errors in the estimation of the parameters on the optimal decision. These errors can make the model ineffective in practice leading to a gap between theory and practice. This grant provides funding for developing modeling methodologies that accounts for these errors and for the development of solution approaches for identifying the optimal decisions when there are such modeling errors. Specifically, a systematic modeling methodology where a collection of models with learning will be developed. This collection will contain a probability model, though explicitly unknown, that accurately represents the real system. The solution approach will find an optimal decision such that the effect of not knowing the exact probability model is minimized. Hence the impact of modeling errors in the implementation of the decision prescribed by this approach in practice is minimal.&lt;br/&gt;&lt;br/&gt;If successful, the results of this research will reduce that gap between theory and practice in operations research and management science. A systematic modeling methodology that will be more reliable in practice will emerge out of this research. It will have the learning capability to make the decision prescribed by the model better and better over time. The solution approach will find an optimal decision such that the impact of modeling errors in the implementation of the decision prescribed by this approach in practice is minimal. New decision making practitioners and professors will be trained in this new approach.</AbstractNarration>
    <MinAmdLetterDate>08/24/2005</MinAmdLetterDate>
    <MaxAmdLetterDate>07/02/2007</MaxAmdLetterDate>
    <ARRAAmount/>
    <AwardID>0500503</AwardID>
    <Investigator>
      <FirstName>J. George</FirstName>
      <LastName>Shanthikumar</LastName>
      <EmailAddress>jgshant@ieor.berkeley.edu</EmailAddress>
      <StartDate>08/24/2005</StartDate>
      <EndDate/>
      <RoleCode>Co-Principal Investigator</RoleCode>
    </Investigator>
    <Investigator>
      <FirstName>Andrew</FirstName>
      <LastName>Lim</LastName>
      <EmailAddress>lim@ieor.berkeley.edu</EmailAddress>
      <StartDate>08/24/2005</StartDate>
      <EndDate/>
      <RoleCode>Principal Investigator</RoleCode>
    </Investigator>
    <Institution>
      <Name>University of California-Berkeley</Name>
      <CityName>BERKELEY</CityName>
      <ZipCode>947045940</ZipCode>
      <PhoneNumber>5106428109</PhoneNumber>
      <StreetAddress>Sponsored Projects Office</StreetAddress>
      <CountryName>United States</CountryName>
      <StateName>California</StateName>
      <StateCode>CA</StateCode>
    </Institution>
    <FoaInformation>
      <Code>0308000</Code>
      <Name>Industrial Technology</Name>
    </FoaInformation>
  </Award>
</rootTag>
