<?xml version="1.0" encoding="UTF-8"?>

<rootTag>
  <Award>
    <AwardTitle>Harmonic analysis and partial differential equations: Sharp geometric inequalities, fully nonlinear equations and applications</AwardTitle>
    <AwardEffectiveDate>07/01/2005</AwardEffectiveDate>
    <AwardExpirationDate>06/30/2010</AwardExpirationDate>
    <AwardAmount>174914</AwardAmount>
    <AwardInstrument>
      <Value>Continuing grant</Value>
    </AwardInstrument>
    <Organization>
      <Code>03040000</Code>
      <Directorate>
        <LongName>Direct For Mathematical &amp; Physical Scien</LongName>
      </Directorate>
      <Division>
        <LongName>Division Of Mathematical Sciences</LongName>
      </Division>
    </Organization>
    <ProgramOfficer>
      <SignBlockName>Bruce P. Palka</SignBlockName>
    </ProgramOfficer>
    <AbstractNarration>The proposed research projects involves topics that use harmonic analysis and partial differential equations. We will focus on finding the sharp constants and extremals for Moser-Trudinger-Onofri inequalities on the Heisenberg group, stratified groups, the complex sphere and more general CR manifolds&gt; Also to derive sharp Sobolev inequalities on the Heisenberg and more general stratified groups, and optimal geometric inequalities for high order differential operators. The project will use these to study applications in CR geometry, including the regularity of degenerate elliptic Monge-Ampere equations and also parabolic Monge-Ampere equations arising from the Gauss curvature flow and the regularity of fully nonlinear equations in the sub-elliptic setting. We shall also study the properties and applications of convex functions in such settings, some geometric embedding inequalities such as the Poincare and Sobolev inequalities associated with high order sub-elliptic derivatives and their applications to partial differential equations. The successful completion of the proposed projects in sub-elliptic structures requires substantially new techniques and innovative ideas which are not available in the classical cases.&lt;br/&gt;&lt;br/&gt;The proposed projects have applications to control theory, optimization, human vision and other topics in sciences and engineering.</AbstractNarration>
    <MinAmdLetterDate>06/22/2005</MinAmdLetterDate>
    <MaxAmdLetterDate>06/07/2007</MaxAmdLetterDate>
    <ARRAAmount/>
    <AwardID>0500853</AwardID>
    <Investigator>
      <FirstName>Guozhen</FirstName>
      <LastName>Lu</LastName>
      <EmailAddress>guozhen.lu@uconn.edu</EmailAddress>
      <StartDate>06/22/2005</StartDate>
      <EndDate/>
      <RoleCode>Principal Investigator</RoleCode>
    </Investigator>
    <Institution>
      <Name>Wayne State University</Name>
      <CityName>Detroit</CityName>
      <ZipCode>482023622</ZipCode>
      <PhoneNumber>3135772424</PhoneNumber>
      <StreetAddress>5057 Woodward</StreetAddress>
      <CountryName>United States</CountryName>
      <StateName>Michigan</StateName>
      <StateCode>MI</StateCode>
    </Institution>
    <FoaInformation>
      <Code>0000099</Code>
      <Name>Other Applications NEC</Name>
    </FoaInformation>
    <ProgramElement>
      <Code>1281</Code>
      <Text>ANALYSIS PROGRAM</Text>
    </ProgramElement>
    <ProgramReference>
      <Code>0000</Code>
      <Text>UNASSIGNED</Text>
    </ProgramReference>
    <ProgramReference>
      <Code>OTHR</Code>
      <Text>OTHER RESEARCH OR EDUCATION</Text>
    </ProgramReference>
  </Award>
</rootTag>
