<?xml version="1.0" encoding="UTF-8"?>

<rootTag>
  <Award>
    <AwardTitle>GOALI: Online Dynamic Control of Cooling in Continuous Casting of Thin Steel Slabs</AwardTitle>
    <AwardEffectiveDate>05/01/2005</AwardEffectiveDate>
    <AwardExpirationDate>04/30/2009</AwardExpirationDate>
    <AwardAmount>370000</AwardAmount>
    <AwardInstrument>
      <Value>Standard Grant</Value>
    </AwardInstrument>
    <Organization>
      <Code>07030000</Code>
      <Directorate>
        <LongName>Directorate For Engineering</LongName>
      </Directorate>
      <Division>
        <LongName>Div Of Civil, Mechanical, &amp; Manufact Inn</LongName>
      </Division>
    </Organization>
    <ProgramOfficer>
      <SignBlockName>Mary M. Toney</SignBlockName>
    </ProgramOfficer>
    <AbstractNarration>The objective of this research is to accurately predict and control temperature in real time during the continuous casting of large, semi-finished steel shapes. The approach is to create a fast, accurate transient computer model of heat transfer during the solidification process that serves as a "software sensor", calibrated in real time through online temperature measurements to provide feedback to a control system, based on algorithms which will be designed specifically for this class of problem. The new software system will continuously read in operating conditions and mold temperatures and continuously adjust the spray-water flow rates in the secondary cooling zone of the caster, in order to maintain the desired temperature profile throughout the steel. This profile will be set by steel plant engineers, in order to minimize the formation of cracks and other defects. The system will be calibrated using thermocouple and optical temperature sensors, tested and implemented at an operating U.S. thin slab caster. &lt;br/&gt;&lt;br/&gt;This project is important because 96% of the 100 million tons of steel produced in the U.S. each year is continuously cast, and the fraction produced by the new high-speed thin-slab casting process grows every year. This process experiences many defects caused by undesired temperature variations during spray cooling, which are unavoidable using current control systems. Conventional feedback control cannot be used because temperature sensors are too inaccurate and expensive. The model-based predictive control system proposed here must overcome many challenges, including the high speed of the process and increased relative importance of mold solidification. This project will directly benefit the steel industry, allowing it to become more competitive by increasing steel quality and lowering rejects. It will augment the research efforts of the Continuous Casting Consortium at the University of Illinois, which also helps to disseminate new knowledge to its member companies in this industry. In addition, improved understanding of the modeling and control issues will broadly benefit other manufacturing processes. The research will educate students who will take these new technologies into industry.</AbstractNarration>
    <MinAmdLetterDate>04/20/2005</MinAmdLetterDate>
    <MaxAmdLetterDate>04/20/2005</MaxAmdLetterDate>
    <ARRAAmount/>
    <AwardID>0500453</AwardID>
    <Investigator>
      <FirstName>Nick</FirstName>
      <LastName>Chater</LastName>
      <EmailAddress>n.chater@ucl.ac.uk</EmailAddress>
      <StartDate>04/20/2005</StartDate>
      <EndDate/>
      <RoleCode>Co-Principal Investigator</RoleCode>
    </Investigator>
    <Investigator>
      <FirstName>Brian</FirstName>
      <LastName>Thomas</LastName>
      <EmailAddress>bgthomas@uiuc.edu</EmailAddress>
      <StartDate>04/20/2005</StartDate>
      <EndDate/>
      <RoleCode>Principal Investigator</RoleCode>
    </Investigator>
    <Investigator>
      <FirstName>Joseph</FirstName>
      <LastName>Bentsman</LastName>
      <EmailAddress>jbentsma@illinois.edu</EmailAddress>
      <StartDate>04/20/2005</StartDate>
      <EndDate/>
      <RoleCode>Co-Principal Investigator</RoleCode>
    </Investigator>
    <Institution>
      <Name>University of Illinois at Urbana-Champaign</Name>
      <CityName>CHAMPAIGN</CityName>
      <ZipCode>618207473</ZipCode>
      <PhoneNumber>2173332187</PhoneNumber>
      <StreetAddress>SUITE A</StreetAddress>
      <CountryName>United States</CountryName>
      <StateName>Illinois</StateName>
      <StateCode>IL</StateCode>
    </Institution>
    <FoaInformation>
      <Code>0308000</Code>
      <Name>Industrial Technology</Name>
    </FoaInformation>
    <ProgramElement>
      <Code>1467</Code>
      <Text>MATERIALS PROCESSING AND MANFG</Text>
    </ProgramElement>
    <ProgramElement>
      <Code>1504</Code>
      <Text>GRANT OPP FOR ACAD LIA W/INDUS</Text>
    </ProgramElement>
    <ProgramReference>
      <Code>1504</Code>
      <Text>GRANT OPP FOR ACAD LIA W/INDUS</Text>
    </ProgramReference>
    <ProgramReference>
      <Code>9146</Code>
      <Text>MANUFACTURING BASE RESEARCH</Text>
    </ProgramReference>
    <ProgramReference>
      <Code>MANU</Code>
      <Text>MANUFACTURING</Text>
    </ProgramReference>
  </Award>
</rootTag>
