<?xml version="1.0" encoding="UTF-8"?>

<rootTag>
  <Award>
    <AwardTitle>Geometry of Linear Systems on Curves</AwardTitle>
    <AwardEffectiveDate>06/01/2005</AwardEffectiveDate>
    <AwardExpirationDate>05/31/2010</AwardExpirationDate>
    <AwardAmount>423600</AwardAmount>
    <AwardInstrument>
      <Value>Continuing grant</Value>
    </AwardInstrument>
    <Organization>
      <Code>03040000</Code>
      <Directorate>
        <LongName>Direct For Mathematical &amp; Physical Scien</LongName>
      </Directorate>
      <Division>
        <LongName>Division Of Mathematical Sciences</LongName>
      </Division>
    </Organization>
    <ProgramOfficer>
      <SignBlockName>Tie Luo</SignBlockName>
    </ProgramOfficer>
    <AbstractNarration>This proposal concerns the geometry of algebraic curves, both in the &lt;br/&gt;abstract and in projective space. Over the last few decades, we have &lt;br/&gt;learned a great deal about how abstract curves may be embedded in &lt;br/&gt;projective space; in particular, we know when a general curve of given &lt;br/&gt;genus can be embedded in projective space as a curve of given degree. &lt;br/&gt;But we still don't know as much about the geometry of the embedded &lt;br/&gt;curves: what sort of equations define them, and what degrees and genera &lt;br/&gt;occur. These questions are intriguing, and have many potential &lt;br/&gt;applications. For example, understanding the polynomials that define &lt;br/&gt;the embedded curves -- in particular, resolving the Maximal Rank &lt;br/&gt;Conjecture -- will have consequences in turn for the geometry of moduli &lt;br/&gt;spaces of abstract curves.&lt;br/&gt;&lt;br/&gt;Algebraic curves have been the object of study for more than 300 years. &lt;br/&gt;In some sense, the subject started when mathematicians first moved from &lt;br/&gt;studying polynomial equations in one variable -- which have just a &lt;br/&gt;finite number of solutions -- to equations in two variables, whose &lt;br/&gt;solutions form a curve. The study of these geometric objects has been &lt;br/&gt;the main source of our understanding of the algebra of polynomial &lt;br/&gt;equations. It has led to many advances in mathematics, both in &lt;br/&gt;algebraic geometry and many other areas of mathematics, such as &lt;br/&gt;topology, number theory, complex analysis and mathematical physics.</AbstractNarration>
    <MinAmdLetterDate>04/04/2005</MinAmdLetterDate>
    <MaxAmdLetterDate>06/03/2009</MaxAmdLetterDate>
    <ARRAAmount/>
    <AwardID>0500867</AwardID>
    <Investigator>
      <FirstName>Joseph</FirstName>
      <LastName>Harris</LastName>
      <EmailAddress>harris@math.harvard.edu</EmailAddress>
      <StartDate>04/04/2005</StartDate>
      <EndDate/>
      <RoleCode>Principal Investigator</RoleCode>
    </Investigator>
    <Institution>
      <Name>Harvard University</Name>
      <CityName>Cambridge</CityName>
      <ZipCode>021385366</ZipCode>
      <PhoneNumber>6174955501</PhoneNumber>
      <StreetAddress>1033 MASSACHUSETTS AVE</StreetAddress>
      <CountryName>United States</CountryName>
      <StateName>Massachusetts</StateName>
      <StateCode>MA</StateCode>
    </Institution>
    <FoaInformation>
      <Code>0000099</Code>
      <Name>Other Applications NEC</Name>
    </FoaInformation>
  </Award>
</rootTag>
