<?xml version="1.0" encoding="UTF-8"?>

<rootTag>
  <Award>
    <AwardTitle>LES Modeling for Engineering and Geophysical Flows with Rotation</AwardTitle>
    <AwardEffectiveDate>09/15/2005</AwardEffectiveDate>
    <AwardExpirationDate>08/31/2008</AwardExpirationDate>
    <AwardAmount>180000</AwardAmount>
    <AwardInstrument>
      <Value>Continuing grant</Value>
    </AwardInstrument>
    <Organization>
      <Code>07020000</Code>
      <Directorate>
        <LongName>Directorate For Engineering</LongName>
      </Directorate>
      <Division>
        <LongName>Div Of Chem, Bioeng, Env, &amp; Transp Sys</LongName>
      </Division>
    </Organization>
    <ProgramOfficer>
      <SignBlockName>William Wendell Schultz</SignBlockName>
    </ProgramOfficer>
    <AbstractNarration>PROPOSAL NO.: CTS-0500056&lt;br/&gt;PRINCIPAL INVESTIGATOR: C. RUTLAND&lt;br/&gt;INSTITUTION: UNIVERSITY OF WISCONSIN-MADISON&lt;br/&gt;&lt;br/&gt;Large eddy simulation (LES) in rotating flows has important applications in atmospheric modeling and rotating machinery. Traditional LES approaches are based on simple modeling concepts and often fail to capture important features of turbulence in rotating systems. System rotation adds dispersive-wave interactions that significantly alter the dynamics of the energy cascade, and can change the direction of energy transfer. The Dynamic Structure Model methodology to be employed offers several significant advantages over existing LES approaches including the fact that no turbulent viscosity is used so that energy transfer can occur in either direction according to the requirements of local conditions and an energy budget is enforced between the resolved scales and the subgrid scales. This grant supports an in-depth study of LES for homogeneous, rotating flows, both decaying and forced. The performance of the Dynamic Structure Model will be compared to that of alternate models based on the ideas of an eddy-viscosity, self-similarity and a forward energy cascade.&lt;br/&gt;This research program has potential broad impact on LES modeling for many applications with rotation, including swirling engine flows, geophysical and astrophysical flows, climate modeling, and rotating magneto-hydrodynamic flows (e.g., dynamos). Quantitatively accurate LES can be used to explore parameter ranges that are inaccessible to DNS, i.e. larger Reynolds numbers and smaller Rossby numbers. This work could therefore also lead to expanded and deeper understanding of the mechanisms for nonlinear two-dimensionalization and the formation of cyclones in rapidly rotating flows. One graduate student will be advised jointly by the PI's. The student will participate in the Delta Program in Teaching and Learning, run by the Center for the Integration of Research, Teaching and Learning (CIRTL) supported by NSF to develop teaching skills. A focused and coordinated program within the Engine Research Center (ERC) at UW-Madison exists to develop LES models for complex engineering flows, primarily internal combustion engines. This project will become part of this center's activities and benefit from its strong support</AbstractNarration>
    <MinAmdLetterDate>09/06/2005</MinAmdLetterDate>
    <MaxAmdLetterDate>06/21/2007</MaxAmdLetterDate>
    <ARRAAmount/>
    <AwardID>0500056</AwardID>
    <Investigator>
      <FirstName>Christopher</FirstName>
      <LastName>Rutland</LastName>
      <EmailAddress>rutland@engr.wisc.edu</EmailAddress>
      <StartDate>09/06/2005</StartDate>
      <EndDate/>
      <RoleCode>Principal Investigator</RoleCode>
    </Investigator>
    <Investigator>
      <FirstName>Leslie</FirstName>
      <LastName>Smith</LastName>
      <EmailAddress>lsmith@math.wisc.edu</EmailAddress>
      <StartDate>09/06/2005</StartDate>
      <EndDate/>
      <RoleCode>Co-Principal Investigator</RoleCode>
    </Investigator>
    <Institution>
      <Name>University of Wisconsin-Madison</Name>
      <CityName>MADISON</CityName>
      <ZipCode>537151218</ZipCode>
      <PhoneNumber>6082623822</PhoneNumber>
      <StreetAddress>21 North Park Street</StreetAddress>
      <CountryName>United States</CountryName>
      <StateName>Wisconsin</StateName>
      <StateCode>WI</StateCode>
    </Institution>
    <FoaInformation>
      <Code>0308000</Code>
      <Name>Industrial Technology</Name>
    </FoaInformation>
  </Award>
</rootTag>
