<?xml version="1.0" encoding="UTF-8"?>

<rootTag>
  <Award>
    <AwardTitle>Collaborative Research: Randomized Distributed Data Structures for Product Design</AwardTitle>
    <AwardEffectiveDate>05/15/2005</AwardEffectiveDate>
    <AwardExpirationDate>12/31/2009</AwardExpirationDate>
    <AwardAmount>200000</AwardAmount>
    <AwardInstrument>
      <Value>Standard Grant</Value>
    </AwardInstrument>
    <Organization>
      <Code>07030000</Code>
      <Directorate>
        <LongName>Directorate For Engineering</LongName>
      </Directorate>
      <Division>
        <LongName>Div Of Civil, Mechanical, &amp; Manufact Inn</LongName>
      </Division>
    </Organization>
    <ProgramOfficer>
      <SignBlockName>Christina L. Bloebaum</SignBlockName>
    </ProgramOfficer>
    <AbstractNarration>The objective of this collaborative project is to make product take-back and reuse economically and environmentally viable. It is important for engineering design because although component reuse and remanufacture can potentially decrease cost, decrease environmental impact, and increase customer satisfaction, computational issues have limited design analysis to a single set of static, industry-average model inputs. Real world implementation requires dynamic input from a variety of widely distributed data sources. Tasks to be completed include: development of a system for making decisions regarding component recycle, reuse, remanufacturing or disposal that utilizes data from widely distributed sources; rigorous specification of shared objects that have probabilistic behavior; development of efficient and fault-tolerant distributed algorithms to implement the shared objects; development of a design system that increases customer satisfaction by utilizing feedback from multiple sources throughout the product lifecycle.&lt;br/&gt;&lt;br/&gt;Broader impacts include recovering the economic value that is currently wasted in discarded products, decreasing both consumer costs and environmental impacts. Also, the scalability of our computing infrastructure will be expanded. This project will be integrated into an industrially sponsored senior design course, so technology transfer to students and industry will be broad and timely. The educational infrastructure will be enhanced by development of new interdisciplinary course materials for both undergraduate and graduate courses in two different departments (General Engineering and Computer Science). Underrepresented groups will benefit by the PI's presentations of this research, whose social relevance is known to motivate women and minority students to pursue engineering studies.</AbstractNarration>
    <MinAmdLetterDate>04/18/2005</MinAmdLetterDate>
    <MaxAmdLetterDate>04/18/2005</MaxAmdLetterDate>
    <ARRAAmount/>
    <AwardID>0500265</AwardID>
    <Investigator>
      <FirstName>Jennifer</FirstName>
      <LastName>Welch</LastName>
      <EmailAddress>welch@cse.tamu.edu</EmailAddress>
      <StartDate>04/18/2005</StartDate>
      <EndDate/>
      <RoleCode>Principal Investigator</RoleCode>
    </Investigator>
    <Institution>
      <Name>Texas A&amp;M Engineering Experiment Station</Name>
      <CityName>College Station</CityName>
      <ZipCode>778454645</ZipCode>
      <PhoneNumber>9798477635</PhoneNumber>
      <StreetAddress>TEES State Headquarters Bldg.</StreetAddress>
      <CountryName>United States</CountryName>
      <StateName>Texas</StateName>
      <StateCode>TX</StateCode>
    </Institution>
    <FoaInformation>
      <Code>0308000</Code>
      <Name>Industrial Technology</Name>
    </FoaInformation>
    <ProgramElement>
      <Code>1464</Code>
      <Text>ENGINEERING DESIGN AND INNOVAT</Text>
    </ProgramElement>
    <ProgramReference>
      <Code>9148</Code>
      <Text>TOOLS &amp; TECHNOL FOR MANUFACTURING DESIGN</Text>
    </ProgramReference>
    <ProgramReference>
      <Code>MANU</Code>
      <Text>MANUFACTURING</Text>
    </ProgramReference>
  </Award>
</rootTag>
