<?xml version="1.0" encoding="UTF-8"?>

<rootTag>
  <Award>
    <AwardTitle>Supercritical Fluid Assisted Processing of SWNT/Polymer Composites</AwardTitle>
    <AwardEffectiveDate>09/15/2005</AwardEffectiveDate>
    <AwardExpirationDate>08/31/2009</AwardExpirationDate>
    <AwardAmount>495540</AwardAmount>
    <AwardInstrument>
      <Value>Continuing grant</Value>
    </AwardInstrument>
    <Organization>
      <Code>07030000</Code>
      <Directorate>
        <LongName>Directorate For Engineering</LongName>
      </Directorate>
      <Division>
        <LongName>Div Of Civil, Mechanical, &amp; Manufact Inn</LongName>
      </Division>
    </Organization>
    <ProgramOfficer>
      <SignBlockName>Shaochen Chen</SignBlockName>
    </ProgramOfficer>
    <AbstractNarration>This grant provides funding for creating a scaleable and continuous processing method that leads to carbon single-walled nanotube (SWNT)/polymer composites with exfoliated nanotube bundles. Development of such a technique is important because in order to optimize the properties of SWNT/polymer composites, the SWNTs must be separated from the bundles. The approach to meeting this critical goal is to use supercritical CO2 assisted twin-screw extrusion to achieve separation and dispersion of SWNTs. In order to achieve wetting between the supercritical fluid and the SWNTs, the surface of the SWNT bundles will be chemically altered such that the supercritical fluid will preferentially migrate to the surface of the SWNT bundles. Upon exiting the extruder/pressure chamber, the supercritical fluid will expand, as it becomes gas.&lt;br/&gt;&lt;br/&gt;If successful, the processing method will promote the use of SWNTs and thus increase demand that is necessary to reduce the price. The process will allow the production of commercial scale quantities and broader scale testing of composite properties. In addition, this is a solvent free process that is environmentally friendly. This project will also contribute to the fundamental understanding of the thermodynamics of CO2 solubility in heterogeneous systems, as well as our understanding of the role of aspect ratio and surface area in controlling nanocomposite properties. Finally, the understanding gained through the analysis of surface modification (interface), miscibility and solubility, and processing conditions will increase our ability to control and create future materials. As we address the challenge of a commercial scale process that achieves excellent dispersion in a manner that is inexpensive and environmentally friendly, one of the broader societal impacts will be to improve the properties of potential products and enable the manufacture of new products containing SWNTs.</AbstractNarration>
    <MinAmdLetterDate>09/07/2005</MinAmdLetterDate>
    <MaxAmdLetterDate>04/09/2009</MaxAmdLetterDate>
    <ARRAAmount/>
    <AwardID>0500324</AwardID>
    <Investigator>
      <FirstName>Linda</FirstName>
      <LastName>Schadler</LastName>
      <EmailAddress>schadl@rpi.edu</EmailAddress>
      <StartDate>09/07/2005</StartDate>
      <EndDate/>
      <RoleCode>Co-Principal Investigator</RoleCode>
    </Investigator>
    <Investigator>
      <FirstName>Rahmi</FirstName>
      <LastName>Ozisik</LastName>
      <EmailAddress>ozisik@rpi.edu</EmailAddress>
      <StartDate>09/07/2005</StartDate>
      <EndDate/>
      <RoleCode>Principal Investigator</RoleCode>
    </Investigator>
    <Institution>
      <Name>Rensselaer Polytechnic Institute</Name>
      <CityName>Troy</CityName>
      <ZipCode>121803522</ZipCode>
      <PhoneNumber>5182766000</PhoneNumber>
      <StreetAddress>110 8TH ST</StreetAddress>
      <CountryName>United States</CountryName>
      <StateName>New York</StateName>
      <StateCode>NY</StateCode>
    </Institution>
    <FoaInformation>
      <Code>0308000</Code>
      <Name>Industrial Technology</Name>
    </FoaInformation>
  </Award>
</rootTag>
