<?xml version="1.0" encoding="UTF-8"?>

<rootTag>
  <Award>
    <AwardTitle>Partial Support of the Solid State Sciences Committee</AwardTitle>
    <AwardEffectiveDate>05/01/2005</AwardEffectiveDate>
    <AwardExpirationDate>04/30/2009</AwardExpirationDate>
    <AwardAmount>174000</AwardAmount>
    <AwardInstrument>
      <Value>Continuing grant</Value>
    </AwardInstrument>
    <Organization>
      <Code>03070003</Code>
      <Directorate>
        <LongName>Direct For Mathematical &amp; Physical Scien</LongName>
      </Directorate>
      <Division>
        <LongName>Division Of Materials Research</LongName>
      </Division>
    </Organization>
    <ProgramOfficer>
      <SignBlockName>Wendy W. Fuller-Mora</SignBlockName>
    </ProgramOfficer>
    <AbstractNarration>This award will help support the work of the Solid States Sciences Committee (SSSC). The Solid State Sciences Committee, a standing committee of the National Research Council, responds to requests from federal agencies for scientific assessments in the fields of condensed matter physics, solid-state chemistry, electronic materials, metallurgy, polymers, and the basic materials science aspects of ceramics. Ad hoc panels carry out these assessments. The results, published as NRC reports by the National Academies Press, identify areas of special scientific opportunity and treat various issues such as the role of scientific instrumentation, facilities, and other aspects of infrastructure. The reports are used by the federal agencies in making decisions about research programs and facilities that make experimental work in this field possible. &lt;br/&gt;&lt;br/&gt;&lt;br/&gt;As a non-profit organization chartered by the federal government, the National Academies provides advice to the nation on science, engineering, and medicine. These services are rendered primarily through the meetings of groups of scientific experts who volunteer their time and energy to analyze sets of issues and make recommendations about key decisions. Support from federal agencies enables the Academies to convene these groups. This award will help support the work of the Solid States Sciences Committee (SSSC). Within the National Academies, the SSSC serves as a standing steward for solid-state science. This field of science is important to the nation because of its two-fold role: it underpins modern technology such as computers, superconductors, and lasers, and it strives to address some of the most compelling questions about the nature of the world around us. The SSSC engages in several different activities to carry out is mission: it holds regular meetings to discuss challenges and opportunities facing the field; it convenes small workshops and symposia to highlight or explore new areas of science; and it oversees projects that address specific questions raised by government agencies.</AbstractNarration>
    <MinAmdLetterDate>04/11/2005</MinAmdLetterDate>
    <MaxAmdLetterDate>02/12/2007</MaxAmdLetterDate>
    <ARRAAmount/>
    <AwardID>0500017</AwardID>
    <Investigator>
      <FirstName>James</FirstName>
      <LastName>Lancaster</LastName>
      <EmailAddress>jlancaster@nas.edu</EmailAddress>
      <StartDate>04/11/2005</StartDate>
      <EndDate/>
      <RoleCode>Principal Investigator</RoleCode>
    </Investigator>
    <Institution>
      <Name>National Academy of Sciences</Name>
      <CityName>Washington</CityName>
      <ZipCode>200012721</ZipCode>
      <PhoneNumber>2023342254</PhoneNumber>
      <StreetAddress>500 FIFTH STREET NW</StreetAddress>
      <CountryName>United States</CountryName>
      <StateName>District of Columbia</StateName>
      <StateCode>DC</StateCode>
    </Institution>
    <FoaInformation>
      <Code>0106000</Code>
      <Name>Materials Research</Name>
    </FoaInformation>
    <ProgramElement>
      <Code>1710</Code>
      <Text>CONDENSED MATTER PHYSICS</Text>
    </ProgramElement>
    <ProgramReference>
      <Code>0000</Code>
      <Text>UNASSIGNED</Text>
    </ProgramReference>
    <ProgramReference>
      <Code>OTHR</Code>
      <Text>OTHER RESEARCH OR EDUCATION</Text>
    </ProgramReference>
  </Award>
</rootTag>
