<?xml version="1.0" encoding="UTF-8"?>

<rootTag>
  <Award>
    <AwardTitle>Functional Genomics of Plant Disease Defense Pathways</AwardTitle>
    <AwardEffectiveDate>06/01/2005</AwardEffectiveDate>
    <AwardExpirationDate>05/31/2010</AwardExpirationDate>
    <AwardAmount>2093192</AwardAmount>
    <AwardInstrument>
      <Value>Continuing grant</Value>
    </AwardInstrument>
    <Organization>
      <Code>08090000</Code>
      <Directorate>
        <LongName>Direct For Biological Sciences</LongName>
      </Directorate>
      <Division>
        <LongName>Division Of Integrative Organismal Systems</LongName>
      </Division>
    </Organization>
    <ProgramOfficer>
      <SignBlockName>Diane Jofuku Okamuro</SignBlockName>
    </ProgramOfficer>
    <AbstractNarration>Plant diseases are among the greatest deterrents to crop production worldwide. Hence, major efforts have been devoted to understanding the mechanisms of genetic resistance and incorporating them into breeding programs to offset yield loss caused by pathogens. This project will focus on the well-characterized, barley-powdery mildew pathosystem to address fundamental questions in host-plant resistance. In this model system, resistance to the obligate fungal pathogen, Blumeria graminis f. sp. hordei, is controlled by the specific combinations of barley resistance genes, designated Ml, and corresponding powdery mildew avirulence genes, designated AvrMl. &lt;br/&gt;&lt;br/&gt;The overall objective of this proposal is to utilize functional genomics tools and resources available to barley, rice, and the model dicot Arabidopsis thaliana, to accelerate comparative analysis of disease defense pathways important in agriculture. The team will exploit the detailed molecular genetics of Mla-specified, barley-powdery mildew interactions as a launching point to investigate defense gene function across wide taxonomic boundaries. In years 1 &amp; 2, the team will take advantage of the publicly available Barley1 GeneChip, a uniform RNA profiling platform that allows the investigation of 22,000 cereal genes in a single experiment. Near-isogenic barley lines that possess various Mla resistance alleles and associated mutants will be utilized to identify significant new genes in disease resistance networks. Project data will be integrated into BarleyBase (http://barleybase.org/) to facilitate the bioinformatic and statistical analysis of co-regulated genes. In years 2 to 4, high-throughput reverse genetic systems in barley and Arabidopsis will be used to functionally validate candidate genes in resistance pathways of both monocot and dicot plants. Phenotypic data from these studies will establish the contributions of individual genes to overall resistance responses. &lt;br/&gt;&lt;br/&gt;Broader impacts of the proposed project will be accomplished via active participation in the "Molecular Biotechnology and Genomics" NSF-REU Center, the Program for Women in Science and Engineering, and the NSF-NIH-BBSI summer institute in Bioinformatics at Iowa State University, where science-bound undergraduates who do not have the opportunity to participate in research at their home institutions will be involved. Outreach to secondary school students will be undertaken by hosting grade 7-12 biology teachers in participating laboratories for summer internships through the NSF-RET program (http://www.plantgenomeoutreach.eeob.iastate.edu/). This multi-disciplinary team will provide advanced training opportunities for graduate students and postdoctoral researchers that integrate genomics, plant-pathogen interactions, statistics, and bioinformatics. This will be enhanced by worldwide public access to all project data through the on-line relational database for cereal microarrays, BarleyBase, as well as ArrayExpress, and NCBI-GEO. Thus, these activities will promote research, education, and dissemination of our results to a broad audience, while developing a new generation of agricultural scientists.</AbstractNarration>
    <MinAmdLetterDate>05/16/2005</MinAmdLetterDate>
    <MaxAmdLetterDate>06/10/2008</MaxAmdLetterDate>
    <ARRAAmount/>
    <AwardID>0500461</AwardID>
    <Investigator>
      <FirstName>Julie</FirstName>
      <LastName>Dickerson</LastName>
      <EmailAddress>julied@iastate.edu</EmailAddress>
      <StartDate>05/16/2005</StartDate>
      <EndDate/>
      <RoleCode>Co-Principal Investigator</RoleCode>
    </Investigator>
    <Investigator>
      <FirstName>Steven</FirstName>
      <LastName>Whitham</LastName>
      <EmailAddress>swhitham@iastate.edu</EmailAddress>
      <StartDate>05/16/2005</StartDate>
      <EndDate/>
      <RoleCode>Co-Principal Investigator</RoleCode>
    </Investigator>
    <Investigator>
      <FirstName>Daniel</FirstName>
      <LastName>Nettleton</LastName>
      <EmailAddress>dnett@iastate.edu</EmailAddress>
      <StartDate>05/16/2005</StartDate>
      <EndDate/>
      <RoleCode>Co-Principal Investigator</RoleCode>
    </Investigator>
    <Investigator>
      <FirstName>Roger</FirstName>
      <LastName>Wise</LastName>
      <EmailAddress>rpwise@iastate.edu</EmailAddress>
      <StartDate>05/16/2005</StartDate>
      <EndDate/>
      <RoleCode>Principal Investigator</RoleCode>
    </Investigator>
    <Institution>
      <Name>Iowa State University</Name>
      <CityName>AMES</CityName>
      <ZipCode>500112207</ZipCode>
      <PhoneNumber>5152945225</PhoneNumber>
      <StreetAddress>1138 Pearson</StreetAddress>
      <CountryName>United States</CountryName>
      <StateName>Iowa</StateName>
      <StateCode>IA</StateCode>
    </Institution>
    <ProgramElement>
      <Code>1329</Code>
      <Text>PLANT GENOME RESEARCH PROJECT</Text>
    </ProgramElement>
    <ProgramReference>
      <Code>9109</Code>
      <Text>AGRICULTURAL BIOTECHNOLOGY</Text>
    </ProgramReference>
    <ProgramReference>
      <Code>BIOT</Code>
      <Text>BIOTECHNOLOGY</Text>
    </ProgramReference>
  </Award>
</rootTag>
