<?xml version="1.0" encoding="UTF-8"?>

<rootTag>
  <Award>
    <AwardTitle>Commutative Algebraic Aspects of Birational Algebraic Geometry</AwardTitle>
    <AwardEffectiveDate>07/01/2005</AwardEffectiveDate>
    <AwardExpirationDate>06/30/2011</AwardExpirationDate>
    <AwardAmount>219002</AwardAmount>
    <AwardInstrument>
      <Value>Continuing grant</Value>
    </AwardInstrument>
    <Organization>
      <Code>03040000</Code>
      <Directorate>
        <LongName>Direct For Mathematical &amp; Physical Scien</LongName>
      </Directorate>
      <Division>
        <LongName>Division Of Mathematical Sciences</LongName>
      </Division>
    </Organization>
    <ProgramOfficer>
      <SignBlockName>Tomek Bartoszynski</SignBlockName>
    </ProgramOfficer>
    <AbstractNarration>This project focus on problems at the interface of commutative algebra and&lt;br/&gt;algebraic geometry. Specifically, several commutatative algebraic&lt;br/&gt;approaches to problems in higher dimensional birational algebraic geometry&lt;br/&gt;are proposed. These include building on the PI's prior work on ideal cores&lt;br/&gt;to prove a conjecture of Kawamata's on the existence of a global section&lt;br/&gt;for any ample line bundle on a smooth projective variety which is adjoint&lt;br/&gt;to an ample bundle. It also includes the development of the theory of&lt;br/&gt;multiplier ideals in the singular setting, and a study of the commutative&lt;br/&gt;algebraic properties of jet schemes, especially for combinatorially rich&lt;br/&gt;cases such as monomial schemes.&lt;br/&gt;&lt;br/&gt;The work proposed here is part of the broader landscape of research in&lt;br/&gt;"pure" algebraic geometry and commutative algebra, the fields that study&lt;br/&gt;the geometric objects (called algebraic varieties) that can be described&lt;br/&gt;by polynomial equations. These fields provide the underpinnings of several&lt;br/&gt;important areas of applications of mathematics to problems in government&lt;br/&gt;and industry. Examples include error-correcting codes based on algebraic&lt;br/&gt;varieties, and computer-aided design (CAD) which "draws" geometric objects&lt;br/&gt;on the computer screen by plotting pieces of algebraic varieties. While&lt;br/&gt;this project does not address specific current problems in applications,&lt;br/&gt;it does contribute to the healthy thriving infrastructure of the subject&lt;br/&gt;necessary to support applications in the future. Furthermore, it is&lt;br/&gt;expected that several of trainees in this project will continue later with&lt;br/&gt;more applied aspects of the subject by moving to positions in industry and&lt;br/&gt;government (such as the National Security Agency).</AbstractNarration>
    <MinAmdLetterDate>07/05/2005</MinAmdLetterDate>
    <MaxAmdLetterDate>06/11/2009</MaxAmdLetterDate>
    <ARRAAmount/>
    <AwardID>0500823</AwardID>
    <Investigator>
      <FirstName>Karen</FirstName>
      <LastName>Smith</LastName>
      <EmailAddress>kesmith@umich.edu</EmailAddress>
      <StartDate>07/05/2005</StartDate>
      <EndDate/>
      <RoleCode>Principal Investigator</RoleCode>
    </Investigator>
    <Institution>
      <Name>University of Michigan Ann Arbor</Name>
      <CityName>Ann Arbor</CityName>
      <ZipCode>481091274</ZipCode>
      <PhoneNumber>7347636438</PhoneNumber>
      <StreetAddress>3003 South State St. Room 1062</StreetAddress>
      <CountryName>United States</CountryName>
      <StateName>Michigan</StateName>
      <StateCode>MI</StateCode>
    </Institution>
    <FoaInformation>
      <Code>0000099</Code>
      <Name>Other Applications NEC</Name>
    </FoaInformation>
    <ProgramElement>
      <Code>1264</Code>
      <Text>ALGEBRA,NUMBER THEORY,AND COM</Text>
    </ProgramElement>
    <ProgramReference>
      <Code>0000</Code>
      <Text>UNASSIGNED</Text>
    </ProgramReference>
    <ProgramReference>
      <Code>OTHR</Code>
      <Text>OTHER RESEARCH OR EDUCATION</Text>
    </ProgramReference>
  </Award>
</rootTag>
