<?xml version="1.0" encoding="UTF-8"?>

<rootTag>
  <Award>
    <AwardTitle>Density Functional Theory of Electronic Structure</AwardTitle>
    <AwardEffectiveDate>06/15/2005</AwardEffectiveDate>
    <AwardExpirationDate>05/31/2009</AwardExpirationDate>
    <AwardAmount>372000</AwardAmount>
    <AwardInstrument>
      <Value>Continuing grant</Value>
    </AwardInstrument>
    <Organization>
      <Code>03070005</Code>
      <Directorate>
        <LongName>Direct For Mathematical &amp; Physical Scien</LongName>
      </Directorate>
      <Division>
        <LongName>Division Of Materials Research</LongName>
      </Division>
    </Organization>
    <ProgramOfficer>
      <SignBlockName>Daryl W. Hess</SignBlockName>
    </ProgramOfficer>
    <AbstractNarration>TECHNICAL EXPLANATION The density functional theory of Kohn and Sham is now the most widely-used method of electronic structure calculation in both condensed matter physics and quantum chemistry. The many users of this theory make it the citation leader of all physics. To calculate the nuclear framework, ground state energy, and electron spin densities of an atom, molecule, bio-molecule, solid, surface, or nanostructure, it is only necessary to solve self-consistent quantum mechanical one-electron equations. The results would be exact if the exchange-correlation energy as a functional of the electron density were known exactly.&lt;br/&gt;&lt;br/&gt;A ladder of approximations to the exchange-correlation energy, on which higher rungs are more complex and more accurate, may lead up to the reliable computer design of new materials, chemicals, pharmaceuticals, devices, and processes. The first three rungs of this ladder have now been completed by first-principles or fully non-empirical constructions that satisfy known exact constraints on the density functional: the local spin density approximation (employing only the local spin densities as local ingredients), the generalized gradient approximation or GGA (employing also the density gradients), and the meta-GGA (which introduces the orbital kinetic energy density).&lt;br/&gt;&lt;br/&gt;This proposal addresses the fourth rung or hyper-GGA (which introduces the exact exchange energy density), and the fifth rung or generalized random phase approximation (which introduces the unoccupied Kohn-Sham orbitals). On the fourth rung, a local hybrid functional is proposed which preserves all the exact constraints satisfied by the fully non-empirical Tao-Perdew-Staroverov-&lt;br/&gt;Scuseria meta-GGA, while adding semi-empirical refinements that should further improve the description of molecules. The need for empiricism on the fourth rung is explained. On the fifth rung, a fully non-empirical RPAE+ functional is proposed, based on the random phase approximation with higher-order exchange plus a meta-GGA correction for short-range correlation. RPAE+&lt;br/&gt;satisfies essentially all known exact constraints. It includes full exact exchange, as well as the long-range van der Waals interaction which can be important for soft condensed matter and for bio-molecules. RPAE+ can also be used to construct realistic electron-ion pseudopotentials that speed up calculations.&lt;br/&gt;&lt;br/&gt;The first three or four rungs of the ladder fail to be exact for one-electron densities (and that is the root of many related errors). The self-interaction correction of Perdew and Zunger 1981 fixes this problem, but seems to overcorrect in many-electron regions of space. A damping factor, involving the orbital kinetic energy density, is proposed to prevent this overcorrection. (The revised self-interaction correction is a U.S./Hungary research collaboration.)&lt;br/&gt;&lt;br/&gt;A chemical reaction typically proceeds through or over an energy barrier at a "transition state". To predict the rate of the reaction, the barrier height must be calculated accurately. Barrier heights are seriously underestimated on the first three rungs of the ladder, but might be predicted usefully on the fourth rung or by application of the revised self-interaction correction. &lt;br/&gt;&lt;br/&gt;Some residual constructions and tests will be made on the first three rungs. The optimized effective or Kohn-Sham potential will be constructed on the third and higher rungs, for comparison with the potential on the first two rungs. An orbital-free density functional for the kinetic energy will be sought, to speed up calculations for large systems.&lt;br/&gt;&lt;br/&gt;This research involves the education of graduate and undergraduate students and the professional development of postdoctoral fellows. &lt;br/&gt;NON-TECHNICAL EXPLANATION&lt;br/&gt;This theoretical research will focus on further developing methods to calculate the electronic structure of atoms, molecules and solids. The research will have wide applications in a variety of fields including nanoscience. Collaborations will be carried out with researchers in Hungary. Students and postdoctoral associates will also be supported.</AbstractNarration>
    <MinAmdLetterDate>05/13/2005</MinAmdLetterDate>
    <MaxAmdLetterDate>05/26/2007</MaxAmdLetterDate>
    <ARRAAmount/>
    <AwardID>0501588</AwardID>
    <Investigator>
      <FirstName>John</FirstName>
      <LastName>Perdew</LastName>
      <EmailAddress>perdew@tulane.edu</EmailAddress>
      <StartDate>05/13/2005</StartDate>
      <EndDate/>
      <RoleCode>Principal Investigator</RoleCode>
    </Investigator>
    <Institution>
      <Name>Tulane University</Name>
      <CityName>NEW ORLEANS</CityName>
      <ZipCode>701185698</ZipCode>
      <PhoneNumber>5048654000</PhoneNumber>
      <StreetAddress>6823 ST CHARLES AVENUE</StreetAddress>
      <CountryName>United States</CountryName>
      <StateName>Louisiana</StateName>
      <StateCode>LA</StateCode>
    </Institution>
    <FoaInformation>
      <Code>0106000</Code>
      <Name>Materials Research</Name>
    </FoaInformation>
    <ProgramElement>
      <Code>1765</Code>
      <Text>CONDENSED MATTER &amp; MAT THEORY</Text>
    </ProgramElement>
    <ProgramReference>
      <Code>1753</Code>
      <Text>ITR-Materials (for DMR use only)</Text>
    </ProgramReference>
    <ProgramReference>
      <Code>7504</Code>
      <Text>NSF-INTERNAT COOP IN MATERIALS RES-OTHER</Text>
    </ProgramReference>
    <ProgramReference>
      <Code>9150</Code>
      <Text>EXP PROG TO STIM COMP RES</Text>
    </ProgramReference>
    <ProgramReference>
      <Code>9161</Code>
      <Text>SINGLE DIVISION/UNIVERSITY</Text>
    </ProgramReference>
    <ProgramReference>
      <Code>AMPP</Code>
      <Text>ADVANCED MATERIALS &amp; PROCESSING PROGRAM</Text>
    </ProgramReference>
  </Award>
</rootTag>
