<?xml version="1.0" encoding="UTF-8"?>

<rootTag>
  <Award>
    <AwardTitle>Neutrino Physics: Borexino &amp; LENS</AwardTitle>
    <AwardEffectiveDate>08/01/2005</AwardEffectiveDate>
    <AwardExpirationDate>07/31/2009</AwardExpirationDate>
    <AwardAmount>990000</AwardAmount>
    <AwardInstrument>
      <Value>Continuing grant</Value>
    </AwardInstrument>
    <Organization>
      <Code>03010000</Code>
      <Directorate>
        <LongName>Direct For Mathematical &amp; Physical Scien</LongName>
      </Directorate>
      <Division>
        <LongName>Division Of Physics</LongName>
      </Division>
    </Organization>
    <ProgramOfficer>
      <SignBlockName>James J. Whitmore</SignBlockName>
    </ProgramOfficer>
    <AbstractNarration>The Borexino experiment is designed to measure the Be-7&lt;br/&gt;neutrino flux from the Sun in real-time. The signal is generated&lt;br/&gt;by neutrino-electron scattering in a scintillator. Since the Be-7&lt;br/&gt;neutrino is mono-energetic, the signature in our resulting spectra will be&lt;br/&gt;a 'Compton-like' edge, with few other distinguishing characteristics.&lt;br/&gt;The detector has the ability to separate alpha- from beta-events, however, and&lt;br/&gt;there is also the potential to observe a solar 'signature' due to the&lt;br/&gt;annual variation of the neutrino rate arising from the changing&lt;br/&gt;Earth-Sun distance. Thus, energy, particle ID, and fiducial volume&lt;br/&gt;calibration are all of paramount importance.&lt;br/&gt;&lt;br/&gt; Measuring the Be-7 neutrino flux (to ~5%) is critical to&lt;br/&gt;establishing that the MSW mechanism is indeed the operating physics&lt;br/&gt;behind the solution of the 'solar neutrino problem' as implied by&lt;br/&gt;measurements at higher neutrino energies (such as SNO and SuperK).&lt;br/&gt;&lt;br/&gt; This grant will enable the calibration of the Borexino&lt;br/&gt;detector using internal (and external) radioactive sources which can be&lt;br/&gt;accurately located within the detector. It will also allow for&lt;br/&gt;an analysis effort at Virginia Tech to help extract meaningful&lt;br/&gt;results from a background dominated experiment (the purities in&lt;br/&gt;the scintillator required are extraordinary: in the range of&lt;br/&gt;10^-17 to 10^-15 g(U/Th)/g(scint).&lt;br/&gt;&lt;br/&gt; While the principle goal is to measure the Be-7 solar&lt;br/&gt;neutrino flux, if the purity is sufficient, there may be&lt;br/&gt;opportunity to detect the pep neutrinos as well. This would&lt;br/&gt;be equivalent to measuring the pp-neutrino flux from the Sun&lt;br/&gt;(and thus the Solar 'neutrino' luminosity). This would provide&lt;br/&gt;an excellent overall check of our neutrino and SSM knowledge.&lt;br/&gt;&lt;br/&gt; The group working under this grant is also pursuing other&lt;br/&gt;means of measuring the pp flux, and the expertise/techniques&lt;br/&gt;being developed to calibrate Borexino may eventually prove&lt;br/&gt;useful in this endeavor as well.&lt;br/&gt;&lt;br/&gt;&lt;br/&gt;-- &lt;br/&gt;&lt;br/&gt;R. Bruce Vogelaar http://www.phys.vt.edu/~vogelaar&lt;br/&gt;Physics Department (0435) mailto:vogelaar@vt.edu&lt;br/&gt;Virginia Tech&lt;br/&gt;Blacksburg, VA 24061&lt;br/&gt;(540) 231-8735 office&lt;br/&gt;(540) 231-7511 fax&lt;br/&gt;(540) 239-5963 cell&lt;br/&gt;(540) 951-4875 home</AbstractNarration>
    <MinAmdLetterDate>08/04/2005</MinAmdLetterDate>
    <MaxAmdLetterDate>07/17/2007</MaxAmdLetterDate>
    <ARRAAmount/>
    <AwardID>0501118</AwardID>
    <Investigator>
      <FirstName>Robert</FirstName>
      <LastName>Vogelaar</LastName>
      <EmailAddress>vogelaar@vt.edu</EmailAddress>
      <StartDate>08/04/2005</StartDate>
      <EndDate/>
      <RoleCode>Principal Investigator</RoleCode>
    </Investigator>
    <Investigator>
      <FirstName>Ramaswamy</FirstName>
      <LastName>Raghavan</LastName>
      <EmailAddress>raghavan@vt.edu</EmailAddress>
      <StartDate>08/04/2005</StartDate>
      <EndDate/>
      <RoleCode>Co-Principal Investigator</RoleCode>
    </Investigator>
    <Institution>
      <Name>Virginia Polytechnic Institute and State University</Name>
      <CityName>BLACKSBURG</CityName>
      <ZipCode>240610001</ZipCode>
      <PhoneNumber>5402315281</PhoneNumber>
      <StreetAddress>Sponsored Programs 0170</StreetAddress>
      <CountryName>United States</CountryName>
      <StateName>Virginia</StateName>
      <StateCode>VA</StateCode>
    </Institution>
    <FoaInformation>
      <Code>0000099</Code>
      <Name>Other Applications NEC</Name>
    </FoaInformation>
    <ProgramElement>
      <Code>7201</Code>
      <Text>NUCLEAR ASTROPHYSICS</Text>
    </ProgramElement>
    <ProgramReference>
      <Code>0000</Code>
      <Text>UNASSIGNED</Text>
    </ProgramReference>
    <ProgramReference>
      <Code>OTHR</Code>
      <Text>OTHER RESEARCH OR EDUCATION</Text>
    </ProgramReference>
  </Award>
</rootTag>
