<?xml version="1.0" encoding="UTF-8"?>

<rootTag>
  <Award>
    <AwardTitle>Collaborative Research: Modeling and Control of Fuel Cell Based Distributed Energy Systems</AwardTitle>
    <AwardEffectiveDate>05/01/2005</AwardEffectiveDate>
    <AwardExpirationDate>04/30/2009</AwardExpirationDate>
    <AwardAmount>125000</AwardAmount>
    <AwardInstrument>
      <Value>Standard Grant</Value>
    </AwardInstrument>
    <Organization>
      <Code>07010000</Code>
      <Directorate>
        <LongName>Directorate For Engineering</LongName>
      </Directorate>
      <Division>
        <LongName>Div Of Electrical, Commun &amp; Cyber Sys</LongName>
      </Division>
    </Organization>
    <ProgramOfficer>
      <SignBlockName>Dagmar Niebur</SignBlockName>
    </ProgramOfficer>
    <AbstractNarration>In this work, we will develop models for fuel cells and power converters for a parallel grid-connected operation, and study the stability of the system. Furthermore, we will develop control strategy for the parallel operation of distributed generation systems (DGS) in a standalone AC power supply, and control algorithms that will facilitate only low-bandwidth data communication signals between each generation system Furthermore a combined voltage control loop using Perfect Robust Servo-Mechanism and Discrete Time Sliding Mode current controller will be designed for each converter to ensure low THD output voltages. The voltage control loop will be designed to allow a harmonic control droop scheme that ensures proper sharing of harmonic components of load currents. Simulation studies using two parallel three-phase PWM inverters (600 kVA) will be developed to show the effectiveness of the proposed control. The control methods will be implemented at OSU 5 kva experimental test bed.</AbstractNarration>
    <MinAmdLetterDate>04/29/2005</MinAmdLetterDate>
    <MaxAmdLetterDate>04/29/2005</MaxAmdLetterDate>
    <ARRAAmount/>
    <AwardID>0501349</AwardID>
    <Investigator>
      <FirstName>Ali</FirstName>
      <LastName>Keyhani</LastName>
      <EmailAddress>keyhani@ece.osu.edu</EmailAddress>
      <StartDate>04/29/2005</StartDate>
      <EndDate/>
      <RoleCode>Principal Investigator</RoleCode>
    </Investigator>
    <Institution>
      <Name>Ohio State University Research Foundation -DO NOT USE</Name>
      <CityName>Columbus</CityName>
      <ZipCode>432101016</ZipCode>
      <PhoneNumber>6142923732</PhoneNumber>
      <StreetAddress>1960 KENNY RD</StreetAddress>
      <CountryName>United States</CountryName>
      <StateName>Ohio</StateName>
      <StateCode>OH</StateCode>
    </Institution>
    <FoaInformation>
      <Code>0306000</Code>
      <Name>Energy Research &amp; Resources</Name>
    </FoaInformation>
  </Award>
</rootTag>
