<?xml version="1.0" encoding="UTF-8"?>

<rootTag>
  <Award>
    <AwardTitle>SoyMap: an Integrated Soybean Genome Map</AwardTitle>
    <AwardEffectiveDate>07/01/2005</AwardEffectiveDate>
    <AwardExpirationDate>06/30/2010</AwardExpirationDate>
    <AwardAmount>4619563</AwardAmount>
    <AwardInstrument>
      <Value>Cooperative Agreement</Value>
    </AwardInstrument>
    <Organization>
      <Code>08070100</Code>
      <Directorate>
        <LongName>Direct For Biological Sciences</LongName>
      </Directorate>
      <Division>
        <LongName>Div Of Molecular and Cellular Bioscience</LongName>
      </Division>
    </Organization>
    <ProgramOfficer>
      <SignBlockName>Karen C. Cone</SignBlockName>
    </ProgramOfficer>
    <AbstractNarration>The long-term goals of this award are to use genomic tools in soybean to decipher the genetic/genomic effects of multiple rounds of polyploidization followed by diploidization, a poorly understood phenomenon, and develop a BAC-based, sequence ready map for the public. To begin to address the goals, the team will create a physical map integrated with the available genetic map. A physical map is the basic building block used to clone important agricultural genes and to sequence segments of genomes or entire genomes. In addition to development of an integrated genetic-physical map, DNA sequencing will be done to assess the microstructure of the soybean genome at several locations. The soybean genome is highly duplicated; that is, any particular region may be present multiple times, which complicates genome mapping and sequencing. The team will target and sequence the duplicated regions to ascertain the level of conservation between duplicated regions and to determine how to overcome the difficulty posed by duplications within the genome. Integrated into the project are opportunities for faculty and students from Primarily Undergraduate Institutions to participate each summer in the project at each of the involved institutions. &lt;br/&gt;&lt;br/&gt;Access to project outcomes&lt;br/&gt;All DNA sequences will be deposited in GenBank and trace files in the trace file repository as soon as the qualities are checked. Integrated physical and genetic map data will be made available through the Legume Information System (LIS: http://www.comparative-legumes.org/).</AbstractNarration>
    <MinAmdLetterDate>06/13/2005</MinAmdLetterDate>
    <MaxAmdLetterDate>06/19/2009</MaxAmdLetterDate>
    <ARRAAmount/>
    <AwardID>0501877</AwardID>
    <Investigator>
      <FirstName>Scott</FirstName>
      <LastName>Jackson</LastName>
      <EmailAddress>sjackson@uga.edu</EmailAddress>
      <StartDate>06/13/2005</StartDate>
      <EndDate/>
      <RoleCode>Principal Investigator</RoleCode>
    </Investigator>
    <Investigator>
      <FirstName>Randy</FirstName>
      <LastName>Shoemaker</LastName>
      <EmailAddress>rcsshoe@iastate.edu</EmailAddress>
      <StartDate>06/13/2005</StartDate>
      <EndDate/>
      <RoleCode>Co-Principal Investigator</RoleCode>
    </Investigator>
    <Investigator>
      <FirstName>William</FirstName>
      <LastName>Beavis</LastName>
      <EmailAddress>wdbeavis@agron.iastate.edu</EmailAddress>
      <StartDate>06/13/2005</StartDate>
      <EndDate>06/20/2006</EndDate>
      <RoleCode>Former Co-Principal Investigator</RoleCode>
    </Investigator>
    <Investigator>
      <FirstName>Gary</FirstName>
      <LastName>Stacey</LastName>
      <EmailAddress>staceyg@missouri.edu</EmailAddress>
      <StartDate>06/13/2005</StartDate>
      <EndDate/>
      <RoleCode>Co-Principal Investigator</RoleCode>
    </Investigator>
    <Investigator>
      <FirstName>Gregory</FirstName>
      <LastName>May</LastName>
      <EmailAddress>gdm@ncgr.org</EmailAddress>
      <StartDate>06/20/2006</StartDate>
      <EndDate/>
      <RoleCode>Co-Principal Investigator</RoleCode>
    </Investigator>
    <Investigator>
      <FirstName>Jeffrey</FirstName>
      <LastName>Doyle</LastName>
      <EmailAddress>jjd5@cornell.edu</EmailAddress>
      <StartDate>06/13/2005</StartDate>
      <EndDate/>
      <RoleCode>Co-Principal Investigator</RoleCode>
    </Investigator>
    <Institution>
      <Name>Purdue University</Name>
      <CityName>West Lafayette</CityName>
      <ZipCode>479072114</ZipCode>
      <PhoneNumber>7654941055</PhoneNumber>
      <StreetAddress>Young Hall</StreetAddress>
      <CountryName>United States</CountryName>
      <StateName>Indiana</StateName>
      <StateCode>IN</StateCode>
    </Institution>
    <ProgramElement>
      <Code>1329</Code>
      <Text>PLANT GENOME RESEARCH PROJECT</Text>
    </ProgramElement>
    <ProgramElement>
      <Code>7577</Code>
      <Text>PLANT GENOME RESEARCH RESOURCE</Text>
    </ProgramElement>
    <ProgramReference>
      <Code>1228</Code>
      <Text>MINORITY INVOLVEMENT -- BIO</Text>
    </ProgramReference>
    <ProgramReference>
      <Code>9109</Code>
      <Text>AGRICULTURAL BIOTECHNOLOGY</Text>
    </ProgramReference>
    <ProgramReference>
      <Code>9150</Code>
      <Text>EXP PROG TO STIM COMP RES</Text>
    </ProgramReference>
    <ProgramReference>
      <Code>BIOT</Code>
      <Text>BIOTECHNOLOGY</Text>
    </ProgramReference>
  </Award>
</rootTag>
