<?xml version="1.0" encoding="UTF-8"?>

<rootTag>
  <Award>
    <AwardTitle>Reducing Blackout Likelihood via Advances in Tripping, Reclosing, Load Shedding, and System Separation Strategies</AwardTitle>
    <AwardEffectiveDate>09/01/2005</AwardEffectiveDate>
    <AwardExpirationDate>02/28/2011</AwardExpirationDate>
    <AwardAmount>272196</AwardAmount>
    <AwardInstrument>
      <Value>Standard Grant</Value>
    </AwardInstrument>
    <Organization>
      <Code>07010000</Code>
      <Directorate>
        <LongName>Directorate For Engineering</LongName>
      </Directorate>
      <Division>
        <LongName>Div Of Electrical, Commun &amp; Cyber Sys</LongName>
      </Division>
    </Organization>
    <ProgramOfficer>
      <SignBlockName>George Maracas</SignBlockName>
    </ProgramOfficer>
    <AbstractNarration>The North American power grid is a critical infrastructure whose reliability, operational security, and integrity are vital to our national security. Grid operation tends to be thought mostly in steady-state terms. A new look is taken at the actual transient and stability behaviors, using the results to reduce blackout likelihood and maintain a secure system. The PIs emphasize improved security by enhancement of protection schemes.&lt;br/&gt;&lt;br/&gt;Intellectual Merits: Improved approaches will be developed with the goal of enhancing system security and avoiding serious critical situations from arising. Key issues to be addressed include: &lt;br/&gt;the limitations of 3-pole tripping and reclosing in a heavily-loaded system, increased use of single-pole tripping and reclosing, transient and stability effects of switching, tripping, and reclosing, strategies for more intelligent load shedding decisions, local and wide-area conditions and associated dynamic VAR issues, and controlled system islanding. Broader Impacts: There is a national need to better understand power system protection, system security and reliability, and attendant issues in order to better protect the national power grid. Recent blackouts have made the above issues very visible and have shown there is an urgent need for advances. The research results will be incorporated into the coursework in Electrical Engineering at Michigan Tech and involves undergraduate students. Industrial partners are also integral to the project.</AbstractNarration>
    <MinAmdLetterDate>08/25/2005</MinAmdLetterDate>
    <MaxAmdLetterDate>09/29/2010</MaxAmdLetterDate>
    <ARRAAmount/>
    <AwardID>0501419</AwardID>
    <Investigator>
      <FirstName>Leonard</FirstName>
      <LastName>Bohmann</LastName>
      <EmailAddress>ljbohman@mtu.edu</EmailAddress>
      <StartDate>08/25/2005</StartDate>
      <EndDate/>
      <RoleCode>Co-Principal Investigator</RoleCode>
    </Investigator>
    <Investigator>
      <FirstName>Bruce</FirstName>
      <LastName>Mork</LastName>
      <EmailAddress>bamork@mtu.edu</EmailAddress>
      <StartDate>08/25/2005</StartDate>
      <EndDate/>
      <RoleCode>Principal Investigator</RoleCode>
    </Investigator>
    <Investigator>
      <FirstName>Dmitry</FirstName>
      <LastName>Ishchenko</LastName>
      <EmailAddress>dishchen@mtu.edu</EmailAddress>
      <StartDate>08/25/2005</StartDate>
      <EndDate/>
      <RoleCode>Co-Principal Investigator</RoleCode>
    </Investigator>
    <Institution>
      <Name>Michigan Technological University</Name>
      <CityName>Houghton</CityName>
      <ZipCode>499311295</ZipCode>
      <PhoneNumber>9064871885</PhoneNumber>
      <StreetAddress>1400 Townsend Drive</StreetAddress>
      <CountryName>United States</CountryName>
      <StateName>Michigan</StateName>
      <StateCode>MI</StateCode>
    </Institution>
    <FoaInformation>
      <Code>0306000</Code>
      <Name>Energy Research &amp; Resources</Name>
    </FoaInformation>
  </Award>
</rootTag>
