<?xml version="1.0" encoding="UTF-8"?>

<rootTag>
  <Award>
    <AwardTitle>Aircraft Technician Education and Training</AwardTitle>
    <AwardEffectiveDate>08/01/2005</AwardEffectiveDate>
    <AwardExpirationDate>07/31/2008</AwardExpirationDate>
    <AwardAmount>499950</AwardAmount>
    <AwardInstrument>
      <Value>Standard Grant</Value>
    </AwardInstrument>
    <Organization>
      <Code>11040100</Code>
      <Directorate>
        <LongName>Direct For Education and Human Resources</LongName>
      </Directorate>
      <Division>
        <LongName>Division Of Undergraduate Education</LongName>
      </Division>
    </Organization>
    <ProgramOfficer>
      <SignBlockName>Elizabeth Teles</SignBlockName>
    </ProgramOfficer>
    <AbstractNarration>Aviation Technology (58) &lt;br/&gt;&lt;br/&gt;Tarrant County College and four partner institutions (Pennsylvania College of Technology, Embry-Riddle Aeronautical University, Weatherford College, and San Jose State University along with aviation industry leaders, organized labor, the federal government, [including the Federal Aviation Administration (FAA), the USAF Avionics Training Center, and the Community College of the Air Force]) are collaborating to provide specialized aircraft maintenance education and training programs that award graduates an industry recognized certification for each program successfully completed. Programs being developed fill the educational gap that exists between the FAA's minimum requirements for certification and licensure and the aviation industry's requirement for ongoing and advanced education. As the need to maintain the nation's vastly different aircraft continues to evolve, expand, and become more complex (including smart metals, advanced composites, advanced engine technologies, and anti-terrorist equipment), the aviation industry partners and the colleges involved are identifying and setting the standards for aviation maintenance technician education and certification programs. These programs are becoming the tools through which the individual aviation maintenance technician meets or upgrades his or her current and future education, training, and certification requirements.&lt;br/&gt;&lt;br/&gt;The intellectual merit for this project is the development of (1) world class, industry-driven, aircraft technician education programs that provide formal updating of curriculum, certification processes, and standards for aircraft maintenance technicians; and (2) partnerships between the FAA's Aviation Education Program, the Experimental Aircraft Association's Aeroscholars Program, and educational partners that establish K-12 articulation programs with postsecondary institutions; thus reforming aviation-grounded technology education in the United States, and fostering interest in associated science, mathematics, and technology fields. &lt;br/&gt;&lt;br/&gt;The broader impacts of this Center are through the following: &lt;br/&gt;(1) Partnering aviation colleges and other participating aviation academic institutions are provided a strategy for introduction, dissemination, and inclusion of a new educational core curriculum for aviation maintenance technicians. &lt;br/&gt;(2) Academic institutions have an opportunity to update programs and curriculum.&lt;br/&gt;(3) Partner institutions compete with best- in-class standards for aircraft technician education. &lt;br/&gt;(4) Students receive nationally recognized competencies and certification for employment. &lt;br/&gt;(5) Business and industry receive a better-educated work force with a curriculum that is adaptable for continued life-long learning. &lt;br/&gt;(6) The project serves as a national resource to strengthen our country's technical education base.&lt;br/&gt;(7) Thousands of current civilian electronics and avionics technicians receive certification for education previously accomplished in military and civilian education programs.&lt;br/&gt;(8) U.S. military electronics and avionics technicians certify their military education prior to separation from service.</AbstractNarration>
    <MinAmdLetterDate>04/22/2005</MinAmdLetterDate>
    <MaxAmdLetterDate>01/12/2006</MaxAmdLetterDate>
    <ARRAAmount/>
    <AwardID>0501158</AwardID>
    <Investigator>
      <FirstName>Floyd</FirstName>
      <LastName>Curtis</LastName>
      <EmailAddress>floyd.curtis@tccd.edu</EmailAddress>
      <StartDate>04/22/2005</StartDate>
      <EndDate/>
      <RoleCode>Principal Investigator</RoleCode>
    </Investigator>
    <Investigator>
      <FirstName>Samuel</FirstName>
      <LastName>Huang</LastName>
      <EmailAddress>huangss@email.sjsu.edu</EmailAddress>
      <StartDate>04/22/2005</StartDate>
      <EndDate/>
      <RoleCode>Co-Principal Investigator</RoleCode>
    </Investigator>
    <Investigator>
      <FirstName>Tom</FirstName>
      <LastName>Inman</LastName>
      <EmailAddress>tinman@pct.edu</EmailAddress>
      <StartDate>04/22/2005</StartDate>
      <EndDate/>
      <RoleCode>Co-Principal Investigator</RoleCode>
    </Investigator>
    <Investigator>
      <FirstName>Richard</FirstName>
      <LastName>Bowers</LastName>
      <EmailAddress>bowers@wc.edu</EmailAddress>
      <StartDate>04/22/2005</StartDate>
      <EndDate/>
      <RoleCode>Co-Principal Investigator</RoleCode>
    </Investigator>
    <Investigator>
      <FirstName>Thomas</FirstName>
      <LastName>Yanus</LastName>
      <EmailAddress>thomas.yanus@erau.edu</EmailAddress>
      <StartDate>04/22/2005</StartDate>
      <EndDate/>
      <RoleCode>Co-Principal Investigator</RoleCode>
    </Investigator>
    <Institution>
      <Name>Tarrant County College District</Name>
      <CityName>Fort Worth</CityName>
      <ZipCode>761026524</ZipCode>
      <PhoneNumber>8175155379</PhoneNumber>
      <StreetAddress>1500 Houston Street</StreetAddress>
      <CountryName>United States</CountryName>
      <StateName>Texas</StateName>
      <StateCode>TX</StateCode>
    </Institution>
    <FoaInformation>
      <Code>0000099</Code>
      <Name>Other Applications NEC</Name>
    </FoaInformation>
  </Award>
</rootTag>
