<?xml version="1.0" encoding="UTF-8"?>

<rootTag>
  <Award>
    <AwardTitle>MATEC - National Resource Center</AwardTitle>
    <AwardEffectiveDate>07/01/2005</AwardEffectiveDate>
    <AwardExpirationDate>06/30/2012</AwardExpirationDate>
    <AwardAmount>2151345</AwardAmount>
    <AwardInstrument>
      <Value>Continuing grant</Value>
    </AwardInstrument>
    <Organization>
      <Code>11040100</Code>
      <Directorate>
        <LongName>Direct For Education and Human Resources</LongName>
      </Directorate>
      <Division>
        <LongName>Division Of Undergraduate Education</LongName>
      </Division>
    </Organization>
    <ProgramOfficer>
      <SignBlockName>V. Celeste Carter</SignBlockName>
    </ProgramOfficer>
    <AbstractNarration>Semiconductor, Advanced Manufacturing, and Electronics Technology&lt;br/&gt;&lt;br/&gt;The Maricopa Advanced Technology Education Center National Resource Center (MATEC-NRC) provides resources and services that are directed at enhancing the technician workforce and its diversity and strengthening community college semiconductor, automated manufacturing, and electronics programs. The project links a comprehensive array of programs and services developed by MATEC, its partners and collaborating ATE Centers and projects. It creates unique programs that incorporate lessons learned into its juried clearinghouse. The center has an extensive dissemination and outreach effort, which is designed to insure the resources, are utilized to affect maximum student impact. &lt;br/&gt;&lt;br/&gt;The NRC creates a network of industry and educators to exchange knowledge, needs and trends. The resource center also develops a set of best-known tools and resources for program development. With key strategic linkages to other ATE projects and centers such as the National Center for Manufacturing Education and the National Engineering Technology Education Clearinghouse, the NRC is developing a comprehensive resource to support technician education across disciplinary fields. The MATEC-NRC focuses on the following goals: &lt;br/&gt; Goal 1: Expand involvement of the education community in contributing to national knowledge about technician preparation. &lt;br/&gt; Goal 2: Establish a unique model program for creating and broadly disseminating, reusable learning material for technician preparation. &lt;br/&gt; Goal 3: Equip schools and communities with the ability to create an awareness of career and education opportunities and learners with the ability make decisions about career and education options. &lt;br/&gt; Goal 4: Accelerate the ability of the national technician education community to adapt as technologies and learner needs change. &lt;br/&gt;&lt;br/&gt;Intellectual merit: The primary focus of this project is in the areas of semiconductor, automated manufacturing, and electronics with key linkages to manufacturing, MEMS and nanotechnology and engineering technologies. The resources offered ensure that current science, math, and technology are learned in the relative context of these disciplines. &lt;br/&gt;&lt;br/&gt;Broader Impact: This project involves collaboration between industry and education to leverage the impact of MATEC, its partners and collaborators. Together they focus on unifying efforts in program support and assembly of exemplary material and practices in the area. To ensure student impact the NRC provides not only material resources, but also guides to resource implementation for maximum student impact. Through strategic linkages with ATE projects and centers, the impact is being extended to new constituencies and ultimately results in learners with a broad skill set that promotes their skills and abilities in diverse industry sectors.</AbstractNarration>
    <MinAmdLetterDate>06/08/2005</MinAmdLetterDate>
    <MaxAmdLetterDate>03/11/2011</MaxAmdLetterDate>
    <ARRAAmount/>
    <AwardID>0501626</AwardID>
    <Investigator>
      <FirstName>Jack</FirstName>
      <LastName>Waintraub</LastName>
      <EmailAddress>jwaintraub@middlesexcc.edu</EmailAddress>
      <StartDate>06/08/2005</StartDate>
      <EndDate/>
      <RoleCode>Co-Principal Investigator</RoleCode>
    </Investigator>
    <Investigator>
      <FirstName>Michael</FirstName>
      <LastName>Lesiecki</LastName>
      <EmailAddress>michael.lesiecki@domail.maricopa.edu</EmailAddress>
      <StartDate>06/08/2005</StartDate>
      <EndDate>09/26/2007</EndDate>
      <RoleCode>Former Co-Principal Investigator</RoleCode>
    </Investigator>
    <Investigator>
      <FirstName>Michael</FirstName>
      <LastName>Lesiecki</LastName>
      <EmailAddress>michael.lesiecki@domail.maricopa.edu</EmailAddress>
      <StartDate>03/11/2011</StartDate>
      <EndDate/>
      <RoleCode>Principal Investigator</RoleCode>
    </Investigator>
    <Investigator>
      <FirstName>Steven</FirstName>
      <LastName>Wendel</LastName>
      <EmailAddress>steven.wendel@sinclair.edu</EmailAddress>
      <StartDate>05/09/2008</StartDate>
      <EndDate/>
      <RoleCode>Co-Principal Investigator</RoleCode>
    </Investigator>
    <Investigator>
      <FirstName>Monica</FirstName>
      <LastName>Pfarr</LastName>
      <EmailAddress>mpfarr@aws.org</EmailAddress>
      <StartDate>06/08/2005</StartDate>
      <EndDate>05/09/2008</EndDate>
      <RoleCode>Former Co-Principal Investigator</RoleCode>
    </Investigator>
    <Investigator>
      <FirstName>Kim</FirstName>
      <LastName>Grady</LastName>
      <EmailAddress>gradybush@freedompings.com</EmailAddress>
      <StartDate>06/08/2005</StartDate>
      <EndDate>09/26/2007</EndDate>
      <RoleCode>Former Principal Investigator</RoleCode>
    </Investigator>
    <Investigator>
      <FirstName>Kirt</FirstName>
      <LastName>Eberts</LastName>
      <EmailAddress>kirt.a.eberts@intel.com</EmailAddress>
      <StartDate>06/08/2005</StartDate>
      <EndDate/>
      <RoleCode>Co-Principal Investigator</RoleCode>
    </Investigator>
    <Institution>
      <Name>Maricopa County Community College District</Name>
      <CityName>Tempe</CityName>
      <ZipCode>852816941</ZipCode>
      <PhoneNumber>4807318031</PhoneNumber>
      <StreetAddress>2411 W 14th St</StreetAddress>
      <CountryName>United States</CountryName>
      <StateName>Arizona</StateName>
      <StateCode>AZ</StateCode>
    </Institution>
    <FoaInformation>
      <Code>0000099</Code>
      <Name>Other Applications NEC</Name>
    </FoaInformation>
    <ProgramElement>
      <Code>7412</Code>
      <Text>ADVANCED TECH EDUCATION PROG</Text>
    </ProgramElement>
    <ProgramReference>
      <Code>1032</Code>
      <Text>ADVANCED TECHNOLOGY EDUCATION</Text>
    </ProgramReference>
    <ProgramReference>
      <Code>9178</Code>
      <Text>UNDERGRADUATE EDUCATION</Text>
    </ProgramReference>
    <ProgramReference>
      <Code>SMET</Code>
      <Text>SCIENCE, MATH, ENG &amp; TECH EDUCATION</Text>
    </ProgramReference>
  </Award>
</rootTag>
