<?xml version="1.0" encoding="UTF-8"?>

<rootTag>
  <Award>
    <AwardTitle>Control Methodologies for Fuel Cell CHP Systems Integration and Optimization</AwardTitle>
    <AwardEffectiveDate>07/01/2005</AwardEffectiveDate>
    <AwardExpirationDate>06/30/2009</AwardExpirationDate>
    <AwardAmount>279999</AwardAmount>
    <AwardInstrument>
      <Value>Standard Grant</Value>
    </AwardInstrument>
    <Organization>
      <Code>07010000</Code>
      <Directorate>
        <LongName>Directorate For Engineering</LongName>
      </Directorate>
      <Division>
        <LongName>Div Of Electrical, Commun &amp; Cyber Sys</LongName>
      </Division>
    </Organization>
    <ProgramOfficer>
      <SignBlockName>Zygmunt J. Haas</SignBlockName>
    </ProgramOfficer>
    <AbstractNarration>"Control Methodologies for Fuel Cell CHP System Integration and Optimization", &lt;br/&gt;PI: Jing Sun, University of Michigan&lt;br/&gt;This proposal focuses on the development of enabling control methodologies for fuel cell based CHP (combined heat power) systems. CHP systems exploit the complementary features of different technologies to provide highly efficient and environmentally friendly power solutions for both stationary and mobile applications. They are characterized by synergetic interactions of heterogeneous subsystems; tight chemical, thermal, mechanical, and electrical couplings; and complex and challenging control tasks. To maintain high efficiency, these systems often operate on or close to their admissible boundary. In addition there are many operational constraints, such as continuous fuel cell reactant supply and heat plant temperature limits, that have to be strictly enforced during transient operations. &lt;br/&gt;The objectives of this combined theoretical and technological development project are (1) to develop control mechanisms that can maintain the control system modular architecture but are capable of dealing with constraints and uncertainties for nonlinear and interactive systems; (2) to explore the synergetic application of optimization and feedback to assure both constraint enforcement and overall system stability/optimality; (3) to address the computational feasibility issues of optimization-based control for real-time applications; and (4) to develop the enabling control technology for mobile applications of fuel cell based CHP systems through case studies.&lt;br/&gt;The proposed research will concentrate on developing transient capabilities of the fuel cell based CHP systems, targeting mobile platforms for both low (automotive) and high (marine) power applications. The proposed work will leverage the extensive knowledge and experience of the PI and co-PIs in the areas of automotive powertrain system integration, adaptive control, optimization, constrained control, and model predictive control. The direct involvement of industrial co-PIs facilitated by the GOALI program, combined with the PI's interactions with automotive and marine industries, will assure strong research relevance, smooth technology transfer, and a substantial impact for the proposed project.</AbstractNarration>
    <MinAmdLetterDate>06/30/2005</MinAmdLetterDate>
    <MaxAmdLetterDate>02/21/2006</MaxAmdLetterDate>
    <ARRAAmount/>
    <AwardID>0501284</AwardID>
    <Investigator>
      <FirstName>Jing</FirstName>
      <LastName>Sun</LastName>
      <EmailAddress>jingsun@umich.edu</EmailAddress>
      <StartDate>06/30/2005</StartDate>
      <EndDate/>
      <RoleCode>Principal Investigator</RoleCode>
    </Investigator>
    <Investigator>
      <FirstName>Jeffrey</FirstName>
      <LastName>Cook</LastName>
      <EmailAddress>jcook2@ford.com</EmailAddress>
      <StartDate>06/30/2005</StartDate>
      <EndDate/>
      <RoleCode>Co-Principal Investigator</RoleCode>
    </Investigator>
    <Investigator>
      <FirstName>Ilya V.</FirstName>
      <LastName>Kolmanovsky</LastName>
      <EmailAddress>ilya@umich.edu</EmailAddress>
      <StartDate>06/30/2005</StartDate>
      <EndDate/>
      <RoleCode>Co-Principal Investigator</RoleCode>
    </Investigator>
    <Institution>
      <Name>University of Michigan Ann Arbor</Name>
      <CityName>Ann Arbor</CityName>
      <ZipCode>481091274</ZipCode>
      <PhoneNumber>7347636438</PhoneNumber>
      <StreetAddress>3003 South State St. Room 1062</StreetAddress>
      <CountryName>United States</CountryName>
      <StateName>Michigan</StateName>
      <StateCode>MI</StateCode>
    </Institution>
    <FoaInformation>
      <Code>0510403</Code>
      <Name>Engineering &amp; Computer Science</Name>
    </FoaInformation>
  </Award>
</rootTag>
