<?xml version="1.0" encoding="UTF-8"?>

<rootTag>
  <Award>
    <AwardTitle>Quality Matters; Advancing the Biotechnology Program at Raritan Valley Community College</AwardTitle>
    <AwardEffectiveDate>07/01/2005</AwardEffectiveDate>
    <AwardExpirationDate>06/30/2009</AwardExpirationDate>
    <AwardAmount>371319</AwardAmount>
    <AwardInstrument>
      <Value>Standard Grant</Value>
    </AwardInstrument>
    <Organization>
      <Code>11040100</Code>
      <Directorate>
        <LongName>Direct For Education and Human Resources</LongName>
      </Directorate>
      <Division>
        <LongName>Division Of Undergraduate Education</LongName>
      </Division>
    </Organization>
    <ProgramOfficer>
      <SignBlockName>Linnea A. Fletcher</SignBlockName>
    </ProgramOfficer>
    <AbstractNarration>This project aims to develop a new biotechnology program for Central New Jersey into one that is recognized the region's world-class industry partners as a solid resource for producing future employees. The project consists of two primary components. The Curriculum and Infrastructure component includes activities to (1) strengthen the biotechnology curriculum by aligning skill sets and instruction with the needs of industry, and (2) develop faculty through industry internships and a Summer Biotechnology Institute for high school and college teachers. The second component is Student Outreach and Support, which includes (1) implementation of specific recruitment strategies directed toward high school students, (2) the development of a community of learners and support systems to promote retention of students, and (3) the building of a high school bridge including concurrent enrollment courses, the Summer Biotechnology Institute for high school teachers and the Life Sciences Career Awareness Day programs.&lt;br/&gt;&lt;br/&gt;The intellectual merit of this initiative is ensured by the institution's commitment to providing quality education through rigorous programs that draw upon the wealth of scientific talent from regional partners in industry and academia. The sharing of information nationally generates the broader impact of the program. All project deliverables (course syllabi, teaching modules and recruitment materials) are published in packets and made available through the College's website and through Bio-Link, the national web-based vehicle for curricular and programmatic sharing in biotechnology education. As many of the region's industry partners are worldwide companies, this program reaches the global business community as well.</AbstractNarration>
    <MinAmdLetterDate>06/28/2005</MinAmdLetterDate>
    <MaxAmdLetterDate>09/23/2009</MaxAmdLetterDate>
    <ARRAAmount/>
    <AwardID>0501912</AwardID>
    <Investigator>
      <FirstName>Patrick</FirstName>
      <LastName>Janssen</LastName>
      <EmailAddress>pjanssen@raritanval.edu</EmailAddress>
      <StartDate>06/28/2005</StartDate>
      <EndDate>03/31/2006</EndDate>
      <RoleCode>Former Co-Principal Investigator</RoleCode>
    </Investigator>
    <Investigator>
      <FirstName>Melanie</FirstName>
      <LastName>Lenahan</LastName>
      <EmailAddress>mlenahan@raritanval.edu</EmailAddress>
      <StartDate>06/28/2005</StartDate>
      <EndDate/>
      <RoleCode>Principal Investigator</RoleCode>
    </Investigator>
    <Investigator>
      <FirstName>Sarah</FirstName>
      <LastName>Tabacco</LastName>
      <EmailAddress>stabacco@raritanval.edu</EmailAddress>
      <StartDate>06/28/2005</StartDate>
      <EndDate/>
      <RoleCode>Co-Principal Investigator</RoleCode>
    </Investigator>
    <Investigator>
      <FirstName>Carla</FirstName>
      <LastName>Gable</LastName>
      <EmailAddress>Cgable@brrsd.k12.nj.us</EmailAddress>
      <StartDate>06/28/2005</StartDate>
      <EndDate>03/31/2006</EndDate>
      <RoleCode>Former Co-Principal Investigator</RoleCode>
    </Investigator>
    <Investigator>
      <FirstName>Edward</FirstName>
      <LastName>Carr</LastName>
      <EmailAddress>ecarr@raritanval.edu</EmailAddress>
      <StartDate>03/31/2006</StartDate>
      <EndDate/>
      <RoleCode>Co-Principal Investigator</RoleCode>
    </Investigator>
    <Investigator>
      <FirstName>Derek</FirstName>
      <LastName>Weber</LastName>
      <EmailAddress>dweber@raritanval.edu</EmailAddress>
      <StartDate>09/23/2009</StartDate>
      <EndDate/>
      <RoleCode>Co-Principal Investigator</RoleCode>
    </Investigator>
    <Institution>
      <Name>Raritan Valley Community College</Name>
      <CityName>Somerville</CityName>
      <ZipCode>088761265</ZipCode>
      <PhoneNumber>9085261200</PhoneNumber>
      <StreetAddress>P O BOX 3300</StreetAddress>
      <CountryName>United States</CountryName>
      <StateName>New Jersey</StateName>
      <StateCode>NJ</StateCode>
    </Institution>
    <FoaInformation>
      <Code>0000099</Code>
      <Name>Other Applications NEC</Name>
    </FoaInformation>
  </Award>
</rootTag>
