<?xml version="1.0" encoding="UTF-8"?>

<rootTag>
  <Award>
    <AwardTitle>Tennessee Board of Regents Teacher Preparation Partnership (Large Scale Teacher Preparation) (TBRTP)</AwardTitle>
    <AwardEffectiveDate>09/01/2005</AwardEffectiveDate>
    <AwardExpirationDate>08/31/2011</AwardExpirationDate>
    <AwardAmount>1251156</AwardAmount>
    <AwardInstrument>
      <Value>Continuing grant</Value>
    </AwardInstrument>
    <Organization>
      <Code>11040100</Code>
      <Directorate>
        <LongName>Direct For Education and Human Resources</LongName>
      </Directorate>
      <Division>
        <LongName>Division Of Undergraduate Education</LongName>
      </Division>
    </Organization>
    <ProgramOfficer>
      <SignBlockName>Joan T Prival</SignBlockName>
    </ProgramOfficer>
    <AbstractNarration>The primary goal of the Tennessee Board of Regents Teacher Preparation Partnership (TBRTP Partnership) is to improve the mathematics, science, and technology preparation of future elementary level teachers in Tennessee through a large-scale partnership and systemic change. Seven community colleges (Northeast State Technical Community College, Walters State Community College, Roane State Community College, Cleveland State Community College, Chattanooga State Technical Community College, Motlow State Community College, Pellissippi State Technical Community College) and two four-year universities (East Tennessee State University and Tennessee Technological University) within the Tennessee Board of Regents (TBR) system have joined together to develop a common core of courses for teachers consisting of an introduction to teaching and technology course and standards-based mathematics and science courses. The common core is providing seamless transfer from community college to university and among institutions. The project supports faculty members in developing research based content and pedagogy for the courses through summer faculty development institutes, communication via a collegial network, and travel to state and national conferences. Through the grant, each institution is developing a resource area to support student learning in the courses. Students are exposed to a number of technologies as they progress through the program. Students also receive encouragement to pursue teaching careers through strengthened future teacher organizations and Praxis I Success Workshops. A teaching and technology course includes early field experiences to help students determine their level of commitment to the teaching profession. In-service teachers participate in sections of some of the courses developed for pre-service teachers. The development of this core of standards-based courses for teachers directly addresses the research evidence that suggests that content knowledge must be the central focus in the preparation of teachers.</AbstractNarration>
    <MinAmdLetterDate>08/25/2005</MinAmdLetterDate>
    <MaxAmdLetterDate>12/14/2010</MaxAmdLetterDate>
    <ARRAAmount/>
    <AwardID>0501440</AwardID>
    <Investigator>
      <FirstName>Anant</FirstName>
      <LastName>Godbole</LastName>
      <EmailAddress>godbolea@etsu.edu</EmailAddress>
      <StartDate>08/25/2005</StartDate>
      <EndDate/>
      <RoleCode>Co-Principal Investigator</RoleCode>
    </Investigator>
    <Investigator>
      <FirstName>James</FirstName>
      <LastName>Kelley</LastName>
      <EmailAddress>jkelley@pstcc.edu</EmailAddress>
      <StartDate>08/25/2005</StartDate>
      <EndDate/>
      <RoleCode>Principal Investigator</RoleCode>
    </Investigator>
    <Investigator>
      <FirstName>Margaret</FirstName>
      <LastName>Phelps</LastName>
      <EmailAddress>mphelps@tntech.edu</EmailAddress>
      <StartDate>08/25/2005</StartDate>
      <EndDate/>
      <RoleCode>Co-Principal Investigator</RoleCode>
    </Investigator>
    <Investigator>
      <FirstName>Judith</FirstName>
      <LastName>Hector</LastName>
      <EmailAddress>jhector@utk.edu</EmailAddress>
      <StartDate>08/25/2005</StartDate>
      <EndDate/>
      <RoleCode>Co-Principal Investigator</RoleCode>
    </Investigator>
    <Institution>
      <Name>Pellissippi State Community College</Name>
      <CityName>Knoxville</CityName>
      <ZipCode>379321412</ZipCode>
      <PhoneNumber>8656946616</PhoneNumber>
      <StreetAddress>10915 Hardin Valley Road</StreetAddress>
      <CountryName>United States</CountryName>
      <StateName>Tennessee</StateName>
      <StateCode>TN</StateCode>
    </Institution>
    <FoaInformation>
      <Code>0000099</Code>
      <Name>Other Applications NEC</Name>
    </FoaInformation>
  </Award>
</rootTag>
