<?xml version="1.0" encoding="UTF-8"?>

<rootTag>
  <Award>
    <AwardTitle>Patterns in Nature and In the Laboratory</AwardTitle>
    <AwardEffectiveDate>07/01/2005</AwardEffectiveDate>
    <AwardExpirationDate>06/30/2009</AwardExpirationDate>
    <AwardAmount>140003</AwardAmount>
    <AwardInstrument>
      <Value>Standard Grant</Value>
    </AwardInstrument>
    <Organization>
      <Code>03040100</Code>
      <Directorate>
        <LongName>Direct For Mathematical &amp; Physical Scien</LongName>
      </Directorate>
      <Division>
        <LongName>Division Of Mathematical Sciences</LongName>
      </Division>
    </Organization>
    <ProgramOfficer>
      <SignBlockName>Henry A. Warchall</SignBlockName>
    </ProgramOfficer>
    <AbstractNarration>The striking similarities of pattern textures arising from&lt;br/&gt;diverse microscopic systems suggest that patterns are macroscopic&lt;br/&gt;objects whose behaviors depend mainly on certain overall large scale&lt;br/&gt;common symmetries rather than on microscopic details. The proposer has&lt;br/&gt;been associated with efforts to exploit the macroscopic character of&lt;br/&gt;patterns for over thirty years. The main ideas involve averaging over&lt;br/&gt;many pattern wavelengths and introducing macroscopic order parameters,&lt;br/&gt;such as the pattern wavevector which, unlike the microscopic variables&lt;br/&gt;such as velocity and temperature, vary slowly over distances of the&lt;br/&gt;pattern wavelength. Near onset, that is for values of a stress&lt;br/&gt;parameter (e.g., Rayleigh number, buckling load) close to the threshold&lt;br/&gt;value at which the uniform state is unstable, the order parameters are&lt;br/&gt;the slowly varying pattern amplitude and phase gradient and certain soft(Goldstone) modes which ay be present (e.g., mean drift in low to&lt;br/&gt;moderate Prandte number convecting fluids). They satisfy universal&lt;br/&gt;pde's (Newell-Whitehead-Segel, complex Gingburg-Landau). Far from&lt;br/&gt;onset, the amplitudes are slaved to the phase gradients and then the&lt;br/&gt;phase gradients and the soft modes also satisfy universal pde's&lt;br/&gt;(Cross-Newell). In certain cases, these pde's are gradient flows and&lt;br/&gt;the phase gradient fields to which the pattern relaxes are minimizers of functionals which belong to the harmonic map family. The first aim of the proposed research is to continue work on plant patterns and plant phyllotaxis. The second aim is to continue work on epidermal ridge formation. The third aim is to develop further insight into the role of soft (Goldstone) modes in elastic sheet buckling. The fourth aim is to continue our investigations into patterns far from onset and in particular those described by the regularized Cross-Newell (RCN)&lt;br/&gt;equation.&lt;br/&gt;&lt;br/&gt;&lt;br/&gt;Patterns are ubiquitous. One sees them in nature as sand&lt;br/&gt;ripples, as cloud structures, as fingerprints, as tiger stripes and&lt;br/&gt;leopard spots, in the morphology of plants, and in geological&lt;br/&gt;formations. In the laboratory they arise in experiments on heat&lt;br/&gt;transport by convection, or ferrimagnetic garnet films, on wide aperture ("fat") laser beams, and on flame fronts. They are all over literature. Open any journal these days in physics, chemistry, biology, ecology, engineering, the mathematical sciences and you will find several articles devoted to pattern formation. One of the reasons for this interest is a curiosity as to why complicated microscopic systems&lt;br/&gt;organize themselves into ordered structures. A second reason is that&lt;br/&gt;more powerful methods (experimental, numerical, theoretical) are&lt;br/&gt;becoming available to help us understand patterns. A third reason is&lt;br/&gt;that, in addition to scientific understanding, there may also be&lt;br/&gt;technological payoffs such as control of powerful laser arrays or&lt;br/&gt;information storage. But perhaps the purest reason is the simplest.&lt;br/&gt;Like all beautiful things, they are mysterious and intriguing and full&lt;br/&gt;of open challenges for the fertile imagination to enjoy and explore.</AbstractNarration>
    <MinAmdLetterDate>06/27/2005</MinAmdLetterDate>
    <MaxAmdLetterDate>06/27/2005</MaxAmdLetterDate>
    <ARRAAmount/>
    <AwardID>0501243</AwardID>
    <Investigator>
      <FirstName>Alan</FirstName>
      <LastName>Newell</LastName>
      <EmailAddress>anewell@math.arizona.edu</EmailAddress>
      <StartDate>06/27/2005</StartDate>
      <EndDate/>
      <RoleCode>Principal Investigator</RoleCode>
    </Investigator>
    <Institution>
      <Name>University of Arizona</Name>
      <CityName>Tucson</CityName>
      <ZipCode>857194824</ZipCode>
      <PhoneNumber>5206266000</PhoneNumber>
      <StreetAddress>888 N Euclid Ave</StreetAddress>
      <CountryName>United States</CountryName>
      <StateName>Arizona</StateName>
      <StateCode>AZ</StateCode>
    </Institution>
    <FoaInformation>
      <Code>0000099</Code>
      <Name>Other Applications NEC</Name>
    </FoaInformation>
    <ProgramElement>
      <Code>1266</Code>
      <Text>APPLIED MATHEMATICS</Text>
    </ProgramElement>
    <ProgramReference>
      <Code>0000</Code>
      <Text>UNASSIGNED</Text>
    </ProgramReference>
    <ProgramReference>
      <Code>OTHR</Code>
      <Text>OTHER RESEARCH OR EDUCATION</Text>
    </ProgramReference>
  </Award>
</rootTag>
