<?xml version="1.0" encoding="UTF-8"?>

<rootTag>
  <Award>
    <AwardTitle>Information Technology Security Curriculum and Education for Educators</AwardTitle>
    <AwardEffectiveDate>10/01/2005</AwardEffectiveDate>
    <AwardExpirationDate>06/30/2008</AwardExpirationDate>
    <AwardAmount>300358</AwardAmount>
    <AwardInstrument>
      <Value>Continuing grant</Value>
    </AwardInstrument>
    <Organization>
      <Code>11040100</Code>
      <Directorate>
        <LongName>Direct For Education and Human Resources</LongName>
      </Directorate>
      <Division>
        <LongName>Division Of Undergraduate Education</LongName>
      </Division>
    </Organization>
    <ProgramOfficer>
      <SignBlockName>R. Corby Hovis</SignBlockName>
    </ProgramOfficer>
    <AbstractNarration>This project is addressing a national need for well-trained professionals in information technology security by developing and disseminating three nationally relevant degree and certificate programs at the associate, advanced technical certificate, and baccalaureate levels. Specifically, the investigators at St. Petersburg College, Manatee Community College, and Seminole Community College, in conjunction with other collaborators from education and industry, are developing a three-tier model for postsecondary cybersecurity education, which incorporates educational materials and curricula that are directly linked to widely recognized cybersecurity skill standards and industry certifications. The skill standards are those developed by the Information Systems Security Certification Consortium, Inc. ((ISC)2), the National Workforce Center for Emerging Technologies (NWCET), CompTIA, and the National Security Telecommunications and Information Systems Security Committee (NSTISSC). The industry certifications are the Certified Information Systems Security Professional (CISSP), the Security+, and the Systems Security Certified Practitioner (SSCP).&lt;br/&gt;&lt;br/&gt;Through this project, valuable educational materials for the CISSP certification are being made available to colleges nationwide. The three-tiered educational program provides multiple entry and exit points for students with various academic backgrounds and work experience. The program is structured to enable students to advance from a credit certificate to an A.S. degree to an Advanced Technical Certificate to a Bachelor of Applied Science degree, and ultimately to a university master's degree, without loss of credit. The CompTIA Security+ and SSCP certifications are integrated at the A.S. degree level, and the CISSP certification is integrated at the Advanced Technical Certificate and bachelor's degree levels. This curriculum uniquely combines an industry certification with a college degree, resulting in much stronger qualifications for graduates than they would have with certification, a college certificate, or a college degree alone.</AbstractNarration>
    <MinAmdLetterDate>09/26/2005</MinAmdLetterDate>
    <MaxAmdLetterDate>09/11/2007</MaxAmdLetterDate>
    <ARRAAmount/>
    <AwardID>0501493</AwardID>
    <Investigator>
      <FirstName>Carol</FirstName>
      <LastName>Copenhaver</LastName>
      <EmailAddress>copenhaverc@spcollege.edu</EmailAddress>
      <StartDate>09/26/2005</StartDate>
      <EndDate/>
      <RoleCode>Co-Principal Investigator</RoleCode>
    </Investigator>
    <Investigator>
      <FirstName>Benjamin</FirstName>
      <LastName>Taylor</LastName>
      <EmailAddress>taylorb@scc-fl.edu</EmailAddress>
      <StartDate>09/26/2005</StartDate>
      <EndDate/>
      <RoleCode>Co-Principal Investigator</RoleCode>
    </Investigator>
    <Investigator>
      <FirstName>Shri</FirstName>
      <LastName>Goyal</LastName>
      <EmailAddress>goyals@spcollege.edu</EmailAddress>
      <StartDate>09/26/2005</StartDate>
      <EndDate/>
      <RoleCode>Principal Investigator</RoleCode>
    </Investigator>
    <Investigator>
      <FirstName>James</FirstName>
      <LastName>Carraway</LastName>
      <EmailAddress>carrawj@mccfl.edu</EmailAddress>
      <StartDate>09/26/2005</StartDate>
      <EndDate/>
      <RoleCode>Co-Principal Investigator</RoleCode>
    </Investigator>
    <Institution>
      <Name>St. Petersburg College</Name>
      <CityName>St. Petersburg</CityName>
      <ZipCode>337333489</ZipCode>
      <PhoneNumber>7273413241</PhoneNumber>
      <StreetAddress>P.O. Box 13489</StreetAddress>
      <CountryName>United States</CountryName>
      <StateName>Florida</StateName>
      <StateCode>FL</StateCode>
    </Institution>
    <FoaInformation>
      <Code>0000099</Code>
      <Name>Other Applications NEC</Name>
    </FoaInformation>
  </Award>
</rootTag>
