<?xml version="1.0" encoding="UTF-8"?>

<rootTag>
  <Award>
    <AwardTitle>Developing a Model for Agriculture, Information Technology, and Electronics Technician Education in Rural Communities</AwardTitle>
    <AwardEffectiveDate>09/01/2005</AwardEffectiveDate>
    <AwardExpirationDate>08/31/2009</AwardExpirationDate>
    <AwardAmount>750000</AwardAmount>
    <AwardInstrument>
      <Value>Continuing grant</Value>
    </AwardInstrument>
    <Organization>
      <Code>11040100</Code>
      <Directorate>
        <LongName>Direct For Education and Human Resources</LongName>
      </Directorate>
      <Division>
        <LongName>Division Of Undergraduate Education</LongName>
      </Division>
    </Organization>
    <ProgramOfficer>
      <SignBlockName>Victor P. Piotrowski</SignBlockName>
    </ProgramOfficer>
    <AbstractNarration>Northeast Community College (NECC) is partnering with five rural community school districts, Wayne State College, the University of Nebraska at Omaha's College of Information Science and Technology, and its local business community to develop and implement the Technology Academy of Northeast Nebraska (TANN Academy). The TANN Academy is working to increase the number and preparedness of electronics and information technology technicians by developing, implementing, evaluating, and disseminating a cost-effective model for educating highly skilled electronics and information technology specialists in sparsely populated, rural communities. &lt;br/&gt;&lt;br/&gt;Building on a successful partnership that has spanned the last three years, as well as NECC's involvement in the Midwest Center for Information Technology (MCIT), an ATE regional IT center of excellence, the TANN Academy is creating a replicable model technician education program that includes the following features: articulated, seamless education from high school to community college to four-year college; joint delivery of technical courses in the community college setting for dual enrollment; coordinated student outreach and recruitment focusing especially on underrepresented populations (females and students of color); expanded work-based learning opportunities; and, shared teacher/faculty development opportunities. Through NECC's active participation in the MCIT, the project deliverables have immediate access to an established regional distribution system. Dissemination of the model also occurs through presentations at state, regional, and national workshops and conferences, the development and implementation of a project website, and through publication in refereed journals.</AbstractNarration>
    <MinAmdLetterDate>09/06/2005</MinAmdLetterDate>
    <MaxAmdLetterDate>07/23/2008</MaxAmdLetterDate>
    <ARRAAmount/>
    <AwardID>0501876</AwardID>
    <Investigator>
      <FirstName>John</FirstName>
      <LastName>Blaylock</LastName>
      <EmailAddress>johnb@northeast.edu</EmailAddress>
      <StartDate>09/06/2005</StartDate>
      <EndDate/>
      <RoleCode>Principal Investigator</RoleCode>
    </Investigator>
    <Investigator>
      <FirstName>James</FirstName>
      <LastName>McKenzie</LastName>
      <EmailAddress>mckenzie@ci.norfolk.ne.us</EmailAddress>
      <StartDate>09/06/2005</StartDate>
      <EndDate/>
      <RoleCode>Co-Principal Investigator</RoleCode>
    </Investigator>
    <Investigator>
      <FirstName>Randy</FirstName>
      <LastName>Nelson</LastName>
      <EmailAddress>rnelson@npsne.org</EmailAddress>
      <StartDate>09/06/2005</StartDate>
      <EndDate>05/09/2008</EndDate>
      <RoleCode>Former Co-Principal Investigator</RoleCode>
    </Investigator>
    <Investigator>
      <FirstName>Timothy</FirstName>
      <LastName>Garvin</LastName>
      <EmailAddress>tigarvi1@wsc.edu</EmailAddress>
      <StartDate>09/06/2005</StartDate>
      <EndDate/>
      <RoleCode>Co-Principal Investigator</RoleCode>
    </Investigator>
    <Investigator>
      <FirstName>Robert</FirstName>
      <LastName>Ziegler</LastName>
      <EmailAddress>rziegler@esu8.org</EmailAddress>
      <StartDate>09/06/2005</StartDate>
      <EndDate/>
      <RoleCode>Co-Principal Investigator</RoleCode>
    </Investigator>
    <Investigator>
      <FirstName>Dan</FirstName>
      <LastName>Navrkal</LastName>
      <EmailAddress>dnavrkal@esu8.org</EmailAddress>
      <StartDate>05/09/2008</StartDate>
      <EndDate/>
      <RoleCode>Co-Principal Investigator</RoleCode>
    </Investigator>
    <Institution>
      <Name>Northeast Community College</Name>
      <CityName>Norfolk</CityName>
      <ZipCode>687020469</ZipCode>
      <PhoneNumber>4028447244</PhoneNumber>
      <StreetAddress>801 E Benjamin Ave</StreetAddress>
      <CountryName>United States</CountryName>
      <StateName>Nebraska</StateName>
      <StateCode>NE</StateCode>
    </Institution>
    <FoaInformation>
      <Code>0000099</Code>
      <Name>Other Applications NEC</Name>
    </FoaInformation>
    <ProgramElement>
      <Code>7412</Code>
      <Text>ADVANCED TECH EDUCATION PROG</Text>
    </ProgramElement>
    <ProgramReference>
      <Code>1032</Code>
      <Text>ADVANCED TECHNOLOGY EDUCATION</Text>
    </ProgramReference>
    <ProgramReference>
      <Code>9150</Code>
      <Text>EXP PROG TO STIM COMP RES</Text>
    </ProgramReference>
    <ProgramReference>
      <Code>9178</Code>
      <Text>UNDERGRADUATE EDUCATION</Text>
    </ProgramReference>
    <ProgramReference>
      <Code>SMET</Code>
      <Text>SCIENCE, MATH, ENG &amp; TECH EDUCATION</Text>
    </ProgramReference>
  </Award>
</rootTag>
