<?xml version="1.0" encoding="UTF-8"?>

<rootTag>
  <Award>
    <AwardTitle>Development of an Advanced Image Slicer Integral Field Unit for Diffraction-Limited 3-D Imaging, Spectroscopy and Polarimetry</AwardTitle>
    <AwardEffectiveDate>10/01/2004</AwardEffectiveDate>
    <AwardExpirationDate>06/30/2009</AwardExpirationDate>
    <AwardAmount>309171</AwardAmount>
    <AwardInstrument>
      <Value>Continuing grant</Value>
    </AwardInstrument>
    <Organization>
      <Code>03020518</Code>
      <Directorate>
        <LongName>Direct For Mathematical &amp; Physical Scien</LongName>
      </Directorate>
      <Division>
        <LongName>Division Of Astronomical Sciences</LongName>
      </Division>
    </Organization>
    <ProgramOfficer>
      <SignBlockName>Jeffrey R. Pier</SignBlockName>
    </ProgramOfficer>
    <AbstractNarration>AST-0352826/Ren, PSU&lt;br/&gt;&lt;br/&gt;The first Advanced Image Slicer Integral Field Unit for a solar telescope will be developed. The Integral Field Unit will be tested and used as a facility instrument at the McMath-Pierce Telescope at Kitt Peak. The future 4-meter aperture Advanced Technology Solar Telescope will also require such Integral Field Units for its suite of instruments. The Integral Field Unit will take full advantage of the Adaptive Optics-corrected image on the McMath-Pierce telescope, and will be optimized for infrared to address questions that cannot be studied at visible wavelengths.</AbstractNarration>
    <MinAmdLetterDate>11/19/2004</MinAmdLetterDate>
    <MaxAmdLetterDate>05/15/2008</MaxAmdLetterDate>
    <ARRAAmount/>
    <AwardID>0501743</AwardID>
    <Investigator>
      <FirstName>Deqing</FirstName>
      <LastName>Ren</LastName>
      <EmailAddress>ren.deqing@csun.edu</EmailAddress>
      <StartDate>11/19/2004</StartDate>
      <EndDate/>
      <RoleCode>Principal Investigator</RoleCode>
    </Investigator>
    <Institution>
      <Name>New Jersey Institute of Technology</Name>
      <CityName>Newark</CityName>
      <ZipCode>071021982</ZipCode>
      <PhoneNumber>9735965275</PhoneNumber>
      <StreetAddress>323 DOCTOR MARTIN LUTHER</StreetAddress>
      <CountryName>United States</CountryName>
      <StateName>New Jersey</StateName>
      <StateCode>NJ</StateCode>
    </Institution>
  </Award>
</rootTag>
