<?xml version="1.0" encoding="UTF-8"?>

<rootTag>
  <Award>
    <AwardTitle>Characterizing Sub-Cellular Compartments in Maize Using Fluorescent Protein Tagged Lines</AwardTitle>
    <AwardEffectiveDate>07/01/2005</AwardEffectiveDate>
    <AwardExpirationDate>06/30/2012</AwardExpirationDate>
    <AwardAmount>5028244</AwardAmount>
    <AwardInstrument>
      <Value>Continuing grant</Value>
    </AwardInstrument>
    <Organization>
      <Code>08090000</Code>
      <Directorate>
        <LongName>Direct For Biological Sciences</LongName>
      </Directorate>
      <Division>
        <LongName>Division Of Integrative Organismal Sys</LongName>
      </Division>
    </Organization>
    <ProgramOfficer>
      <SignBlockName>Diane Jofuku Okamuro</SignBlockName>
    </ProgramOfficer>
    <AbstractNarration>Maize cells consist of interconnected but discrete compartments that help to maintain cellular function and order. Identifying proteins that localize to these compartments is critical to understanding developmental and physiological processes in maize, which in turn provides guiding information for crop improvement. This project makes use of recent advances in genomics to identify proteins that localize to diverse cellular compartments. The project will generate reporter lines that express proteins tagged with a fluorescent marker. Using confocal microscopy, the lines will display visual information about when and where the tagged proteins are expressed and how specific proteins may be interacting and functioning. Genes for tagging will provide complete marker coverage of cellular compartments. Several resources will be used for gene selection, including known genes from the auxin/cytokinin hormone pathway and from the RAB-mediated vesicle trafficking pathways. Gene selections will also be guided by public gene models generated from maize genome sequencing projects and by specific requests from the maize research community. The outcomes of the project will include a set of stable tagged lines expressing fluorescent protein-derived tags for 100 proteins, which will represent full coverage of cellular compartments. The tagged gene constructs will be freely available from the Jackson lab, and seeds of transgenic lines will be available from the Maize Genetics Stock Center. &lt;br/&gt;&lt;br/&gt;Access to project outcomes:&lt;br/&gt;Data on characterization of the lines at the cellular level will be compiled in a localization catalog posted on a public website at http://maize.tigr.org/cellgenomics. Cell biology workshops will help train the scientific user community in analysis of the tagged lines using confocal microscopy. The project will also serve tribal community colleges in the Rocky Mountain West by enhancing education in cell and molecular biology. The project will therefore generate resources that bridge cell biology and functional genomics and will provide training across diverse scientific and learning communities. Training and outreach activities will be reported on the Plant Genome Research Outreach Portal at http://www.plantgdb.org/pgrop/pgrop.php.</AbstractNarration>
    <MinAmdLetterDate>05/10/2005</MinAmdLetterDate>
    <MaxAmdLetterDate>08/10/2010</MaxAmdLetterDate>
    <ARRAAmount/>
    <AwardID>0501862</AwardID>
    <Investigator>
      <FirstName>John</FirstName>
      <LastName>Quackenbush</LastName>
      <EmailAddress>johnq@jimmy.harvard.edu</EmailAddress>
      <StartDate>05/10/2005</StartDate>
      <EndDate>09/26/2005</EndDate>
      <RoleCode>Former Co-Principal Investigator</RoleCode>
    </Investigator>
    <Investigator>
      <FirstName>Christopher</FirstName>
      <LastName>Town</LastName>
      <EmailAddress>cdtown@jcvi.org</EmailAddress>
      <StartDate>05/05/2009</StartDate>
      <EndDate/>
      <RoleCode>Co-Principal Investigator</RoleCode>
    </Investigator>
    <Investigator>
      <FirstName>Pui Yee Agnes</FirstName>
      <LastName>Chan</LastName>
      <EmailAddress>achan@tigr.org</EmailAddress>
      <StartDate>09/26/2005</StartDate>
      <EndDate>05/05/2009</EndDate>
      <RoleCode>Former Co-Principal Investigator</RoleCode>
    </Investigator>
    <Investigator>
      <FirstName>David</FirstName>
      <LastName>Jackson</LastName>
      <EmailAddress>jacksond@cshl.edu</EmailAddress>
      <StartDate>05/10/2005</StartDate>
      <EndDate/>
      <RoleCode>Principal Investigator</RoleCode>
    </Investigator>
    <Investigator>
      <FirstName>Anne</FirstName>
      <LastName>Sylvester</LastName>
      <EmailAddress>annesyl@uwyo.edu</EmailAddress>
      <StartDate>05/10/2005</StartDate>
      <EndDate>07/14/2010</EndDate>
      <RoleCode>Former Co-Principal Investigator</RoleCode>
    </Investigator>
    <Investigator>
      <FirstName>Cynthia</FirstName>
      <LastName>Weinig</LastName>
      <EmailAddress>cweinig@uwyo.edu</EmailAddress>
      <StartDate>07/14/2010</StartDate>
      <EndDate/>
      <RoleCode>Co-Principal Investigator</RoleCode>
    </Investigator>
    <Institution>
      <Name>Cold Spring Harbor Laboratory</Name>
      <CityName>COLD SPRING HARBOR</CityName>
      <ZipCode>117244220</ZipCode>
      <PhoneNumber>5163678307</PhoneNumber>
      <StreetAddress>1 BUNGTOWN ROAD</StreetAddress>
      <CountryName>United States</CountryName>
      <StateName>New York</StateName>
      <StateCode>NY</StateCode>
    </Institution>
  </Award>
</rootTag>
