<?xml version="1.0" encoding="UTF-8"?>

<rootTag>
  <Award>
    <AwardTitle>Collaborative Research: Enabling Technology for MIMO Systems on Mobile Devices: Antennas, Switches, and Packaging</AwardTitle>
    <AwardEffectiveDate>04/15/2005</AwardEffectiveDate>
    <AwardExpirationDate>03/31/2009</AwardExpirationDate>
    <AwardAmount>190000</AwardAmount>
    <AwardInstrument>
      <Value>Standard Grant</Value>
    </AwardInstrument>
    <Organization>
      <Code>07010000</Code>
      <Directorate>
        <LongName>Directorate For Engineering</LongName>
      </Directorate>
      <Division>
        <LongName>Div Of Electrical, Commun &amp; Cyber Sys</LongName>
      </Division>
    </Organization>
    <ProgramOfficer>
      <SignBlockName>Pradeep P. Fulay</SignBlockName>
    </ProgramOfficer>
    <AbstractNarration>0501244&lt;br/&gt;Bernhard&lt;br/&gt;&lt;br/&gt;Multiple input-multiple output (MIMO) systems promise the ability to dramatically increase the capacity of current wireless connections. Future implementations of multiple input-multiple output (MIMO) systems on portable devices will require new approaches to antenna system design if they are to deliver promised capacity increases. In particular, integrating antennas into portable packages in a traditional way may severely constrain MIMO system performance. Since the antennas will share a package, induced chassis currents may result in higher or even unacceptable correlation between propagation channels unless the system is designed properly. Moreover, once fixed antennas are integrated into a chassis, their coverage area and coupling to other antennas is also fixed. The PIs work aims to develop and demonstrate integrated, low cost reconfigurable antenna systems that are designed specifically for MIMO systems to avoid these pitfalls. &lt;br/&gt;&lt;br/&gt;Intellectual Merit The PIs propose the development of low cost integrated reconfigurable antenna technology for portable MIMO systems, taking a holistic approach that keeps the goal -- independent, uncorrelated channels achieved with minimal expense -- in the foreground. To position the project to have the greatest impact on future wireless systems, They will concentrate their efforts in &lt;br/&gt;two frequency bands: 5-6 GHz ISM band and 60 GHz unlicensed band. The work will consist of three inter-related thrusts, which are summarized here. &lt;br/&gt;&lt;br/&gt;Thrust I: Pattern Reconfigurable Antennas for MIMO Systems: Individual pattern reconfigurable antennas equipped with RF micro-electromechanical system (MEMS) switches will be developed and designed to deliver specific radiation patterns in integrated scenarios by considering likely or intended MIMO wireless channels. &lt;br/&gt;&lt;br/&gt;Thrust II: RF MEMS Switches Designed for and Implemented in Reconfigurable Antennas: The switches developed here will use new, low cost organic liquid crystal polymer (LCP) substrates and will be designed specifically for these antennas to maximize their reconfigurability and minimize &lt;br/&gt;undesired behavior from packaging and bias effects, etc. Thrust III: Packaging, Integration, and Evaluation of Portable MIMO Antenna Systems: New techniques for packaging and integration of the RF MEMS-equipped antenna systems developed here specifically for MIMO operation will provide a rich experimental framework in which new ideas about the capabilities and limitations of practical MIMO systems can be measured and assessed. &lt;br/&gt;&lt;br/&gt;Impact on Future High Capacity Wireless Communication Systems &lt;br/&gt;The portable, reconfigurable wireless MIMO systems on low cost substrates developed here will have the potential to revolutionize how information is exchanged, how parallel computations are conducted, and how data is processed or mined. Additionally, the new reconfigurable antennas, RF MEMS switches, organic substrate processing, and packaging and integration techniques that will emerge from the project will lead to advances in other areas of wireless communication, sensor networks, and control. &lt;br/&gt;&lt;br/&gt;Broader Impact &lt;br/&gt;To expand the impact of this project, the investigators will take several coordinated steps to involve undergraduates and members of underrepresented groups in this research project. Specifically, they will conduct undergraduate researcher summer exchanges, recruit and mentor women and minority students in their research groups, and guide undergraduates in related senior design projects that may &lt;br/&gt;lead to graduate studies.</AbstractNarration>
    <MinAmdLetterDate>04/01/2005</MinAmdLetterDate>
    <MaxAmdLetterDate>04/01/2005</MaxAmdLetterDate>
    <ARRAAmount/>
    <AwardID>0501244</AwardID>
    <Investigator>
      <FirstName>Jennifer</FirstName>
      <LastName>Bernhard</LastName>
      <EmailAddress>jbernhar@illinois.edu</EmailAddress>
      <StartDate>04/01/2005</StartDate>
      <EndDate/>
      <RoleCode>Principal Investigator</RoleCode>
    </Investigator>
    <Institution>
      <Name>University of Illinois at Urbana-Champaign</Name>
      <CityName>CHAMPAIGN</CityName>
      <ZipCode>618207473</ZipCode>
      <PhoneNumber>2173332187</PhoneNumber>
      <StreetAddress>SUITE A</StreetAddress>
      <CountryName>United States</CountryName>
      <StateName>Illinois</StateName>
      <StateCode>IL</StateCode>
    </Institution>
    <FoaInformation>
      <Code>0206000</Code>
      <Name>Telecommunications</Name>
    </FoaInformation>
    <ProgramElement>
      <Code>1517</Code>
      <Text>ELECT, PHOTONICS, &amp; MAG DEVICE</Text>
    </ProgramElement>
    <ProgramReference>
      <Code>0000</Code>
      <Text>UNASSIGNED</Text>
    </ProgramReference>
    <ProgramReference>
      <Code>OTHR</Code>
      <Text>OTHER RESEARCH OR EDUCATION</Text>
    </ProgramReference>
  </Award>
</rootTag>
