<?xml version="1.0" encoding="UTF-8"?>

<rootTag>
  <Award>
    <AwardTitle>Alabama Regional Center for Automotive Manufacturing Technology</AwardTitle>
    <AwardEffectiveDate>09/01/2005</AwardEffectiveDate>
    <AwardExpirationDate>02/28/2011</AwardExpirationDate>
    <AwardAmount>2992261</AwardAmount>
    <AwardInstrument>
      <Value>Continuing grant</Value>
    </AwardInstrument>
    <Organization>
      <Code>11040100</Code>
      <Directorate>
        <LongName>Direct For Education and Human Resources</LongName>
      </Directorate>
      <Division>
        <LongName>Division Of Undergraduate Education</LongName>
      </Division>
    </Organization>
    <ProgramOfficer>
      <SignBlockName>Gerhard L. Salinger</SignBlockName>
    </ProgramOfficer>
    <AbstractNarration>(58) Engineering-Engineering Technology&lt;br/&gt;The Consortium for Alabama Regional Center for Automotive Manufacturing (CARCAM) consortium is a self-sustaining regional center consisting of five Alabama community colleges that is providing a skilled automotive workforce within Alabama to support the rapidly expanding automotive manufacturing factories for Mercedes-Benz/Daimler Chrysler, Honda, Hyundai and Toyota. &lt;br/&gt;&lt;br/&gt;Jefferson State Community College, Trenholm State Community College, Central Alabama Community College, Gadsden State Community College and Wallace Community College are partnering with industrial organizations, state workforce development agencies, high schools and universities to provide a comprehensive approach to satisfy employment demands by: 1) Developing and Implementing an Associate Degree in Automotive Manufacturing Technology that includes valid industry-recognized certification tests and credentials; 2) Adapting, developing, testing and implementing curricula materials that prepares students for employment in a "multi-craft" environment with a particular emphasis on automated systems; 3) Serving as a clearinghouse for industrial and relevant educational information; 4) Developing and facilitating faculty development workshops for secondary/postsecondary faculty members based on needs assessments; 5) Monitoring industrial trends and partnering with automotive manufacturing employers to provide updated skills for current workers using delivery anytime/anywhere learning systems, providing internships for students and implementing preferential hiring for program graduates; 6) Developing educational pathways and articulation agreements between high schools, community colleges, and universities for students within Appalachian and Black Belt regions of the state; and 7) Assisting school districts and colleges to effectively use new instructional technology. &lt;br/&gt;&lt;br/&gt;The Regional Center is disseminating curricula, best practices, and technical information through websites, publicity and news releases, and presentations at industry/education conferences, workshops and technical papers. CARCAM is serving as a model of how to expand education opportunities to minority, female and first generation college students who reside within economically distressed counties. The Regional Center will be sustained by various revenue sources that include tuition, consortium fees, customized training fees and course development services.</AbstractNarration>
    <MinAmdLetterDate>08/02/2005</MinAmdLetterDate>
    <MaxAmdLetterDate>01/28/2009</MaxAmdLetterDate>
    <ARRAAmount/>
    <AwardID>0501328</AwardID>
    <Investigator>
      <FirstName>Andy</FirstName>
      <LastName>Hatley</LastName>
      <EmailAddress>ahatley@jeffstateonline.com</EmailAddress>
      <StartDate>08/02/2005</StartDate>
      <EndDate>01/27/2006</EndDate>
      <RoleCode>Former Principal Investigator</RoleCode>
    </Investigator>
    <Investigator>
      <FirstName>Ronald</FirstName>
      <LastName>Cox</LastName>
      <EmailAddress>dcox@gadsdenstate.edu</EmailAddress>
      <StartDate>05/02/2006</StartDate>
      <EndDate>01/28/2009</EndDate>
      <RoleCode>Former Principal Investigator</RoleCode>
    </Investigator>
    <Investigator>
      <FirstName>David</FirstName>
      <LastName>Barnett</LastName>
      <EmailAddress>dbarnett@gadsdenstate.edu</EmailAddress>
      <StartDate>08/02/2005</StartDate>
      <EndDate/>
      <RoleCode>Co-Principal Investigator</RoleCode>
    </Investigator>
    <Investigator>
      <FirstName>William J</FirstName>
      <LastName>Hendrix</LastName>
      <EmailAddress>joe.hendrix@wallacestate.edu</EmailAddress>
      <StartDate>09/05/2006</StartDate>
      <EndDate/>
      <RoleCode>Co-Principal Investigator</RoleCode>
    </Investigator>
    <Investigator>
      <FirstName>Don</FirstName>
      <LastName>Greer</LastName>
      <EmailAddress>dgreer@trenholm.edu.cc.al.us</EmailAddress>
      <StartDate>08/02/2005</StartDate>
      <EndDate/>
      <RoleCode>Co-Principal Investigator</RoleCode>
    </Investigator>
    <Investigator>
      <FirstName>Kelley</FirstName>
      <LastName>Blackwood</LastName>
      <EmailAddress>kelley.blackwood@wallacestate.edu</EmailAddress>
      <StartDate>01/28/2006</StartDate>
      <EndDate>05/01/2006</EndDate>
      <RoleCode>Former Principal Investigator</RoleCode>
    </Investigator>
    <Investigator>
      <FirstName>Kelley</FirstName>
      <LastName>Blackwood</LastName>
      <EmailAddress>kelley.blackwood@wallacestate.edu</EmailAddress>
      <StartDate>05/01/2006</StartDate>
      <EndDate>09/05/2006</EndDate>
      <RoleCode>Former Co-Principal Investigator</RoleCode>
    </Investigator>
    <Investigator>
      <FirstName>Michael</FirstName>
      <LastName>Mann</LastName>
      <EmailAddress>mmann@cacc.edu</EmailAddress>
      <StartDate>08/02/2005</StartDate>
      <EndDate/>
      <RoleCode>Co-Principal Investigator</RoleCode>
    </Investigator>
    <Investigator>
      <FirstName>Beverly</FirstName>
      <LastName>Hilderbrand</LastName>
      <EmailAddress>bhilderbrand@gadsdenstate.edu</EmailAddress>
      <StartDate>01/28/2009</StartDate>
      <EndDate/>
      <RoleCode>Principal Investigator</RoleCode>
    </Investigator>
    <Institution>
      <Name>Gadsden State Community College</Name>
      <CityName>Gadsden</CityName>
      <ZipCode>359020227</ZipCode>
      <PhoneNumber>2565498228</PhoneNumber>
      <StreetAddress>1001 George Wallace Drive</StreetAddress>
      <CountryName>United States</CountryName>
      <StateName>Alabama</StateName>
      <StateCode>AL</StateCode>
    </Institution>
    <FoaInformation>
      <Code>0000099</Code>
      <Name>Other Applications NEC</Name>
    </FoaInformation>
  </Award>
</rootTag>
