<?xml version="1.0" encoding="UTF-8"?>

<rootTag>
  <Award>
    <AwardTitle>NSF-Europe: The Mechanisms of Grain Refinement in HCP Metals and Alloys with Severe Plastic Deformation Leading to Nanoscale Microstructures</AwardTitle>
    <AwardEffectiveDate>09/01/2005</AwardEffectiveDate>
    <AwardExpirationDate>02/29/2008</AwardExpirationDate>
    <AwardAmount>179999</AwardAmount>
    <AwardInstrument>
      <Value>Continuing grant</Value>
    </AwardInstrument>
    <Organization>
      <Code>03070010</Code>
      <Directorate>
        <LongName>Direct For Mathematical &amp; Physical Scien</LongName>
      </Directorate>
      <Division>
        <LongName>Division Of Materials Research</LongName>
      </Division>
    </Organization>
    <ProgramOfficer>
      <SignBlockName>Harsh Deep Chopra</SignBlockName>
    </ProgramOfficer>
    <AbstractNarration>This grant supports a collaborative research program between the University of Southern California (USC) and the Consejo Superior de Investigaciones Cientificas (CSIC) Centro Nacional de Investigaciones Metalurgicas (CENIM), on Madrid, Spain. CENIM has received a three-year grant from the Spanish Ministry of Science and Technology for "Optimization of the Mechanical Behavior of Light Al and Mg Based alloys for the Transportation Industry by Severe Plastic Deformation." The NSF grant provides funding for USC in a complementary area to the Spanish grant. The Spanish research explores severe plastic deformation using rolling of Ti and Zr alloys as a means to produce nanoscale grain-size alloys. Their objective is to create a new class of economical high-strength, light alloys. The US team looks at pure light metals that are a basis for the alloys studied at CENIM. Two essential aspects addressed by the study at USC are (a) the characterization of the evolution of microstructure of light HCP metals and Al single crystals during intense plastic deformation in tension, equal-channel angular pressing, and rolling leading to the formation of a nanocrystalline structure and (b) dynamic restoration mechanisms leading to the nanostructure. The former delineates a specific issue that has not been sufficiently addressed by the scientific community for HCP metals and for single crystals of any structure. The technical community has been empirical in its quest to produce very fine-grain alloys of commercial value. The basic USC effort underpins the adhesive roll-bonding technique centered in Madrid. Adhesive roll-bonding is a technique that may improve present capability to create submicron microstructures by increasing the fraction of subgrain boundary facets that become high angle boundaries and could result in reduced processing costs as compared to equal-channel angular pressing. &lt;br/&gt;&lt;br/&gt;A primary objective of the grant is student participation in this international program. The program will look for graduate students from underrepresented groups. Graduate students, postdoctoral scholars, and faculty will participate in exchanges on a long-term basis (three months to two years) between the institutions. The collaborative program is complementary in scope, synergistic and, due to a past record of collaboration, highly likely to succeed. Dr. Maria-Teresa Perez-Prado of CENIM and also a Research Assistant Professor at USC is a vital participant in this project. Undergraduates will participate in the program both in the summer and as part of a formal Senior Project. This research will be integrated into the USC Aerospace and Mechanical Engineering courses, AME 560, Fracture and Fatigue of Materials. An additional broad impact feature is the potential for developing an inexpensive and versatile metal-forming technique to produce high strength and high toughness nanoscale light alloys.</AbstractNarration>
    <MinAmdLetterDate>04/06/2005</MinAmdLetterDate>
    <MaxAmdLetterDate>06/23/2006</MaxAmdLetterDate>
    <ARRAAmount/>
    <AwardID>0501605</AwardID>
    <Investigator>
      <FirstName>Michael</FirstName>
      <LastName>Kassner</LastName>
      <EmailAddress>kassner@usc.edu</EmailAddress>
      <StartDate>04/06/2005</StartDate>
      <EndDate/>
      <RoleCode>Principal Investigator</RoleCode>
    </Investigator>
    <Investigator>
      <FirstName>Maria</FirstName>
      <LastName>Perez-Prado</LastName>
      <EmailAddress>perezpra@usc.edu</EmailAddress>
      <StartDate>04/06/2005</StartDate>
      <EndDate/>
      <RoleCode>Co-Principal Investigator</RoleCode>
    </Investigator>
    <Institution>
      <Name>University of Southern California</Name>
      <CityName>Los Angeles</CityName>
      <ZipCode>900890001</ZipCode>
      <PhoneNumber>2137407762</PhoneNumber>
      <StreetAddress>University Park</StreetAddress>
      <CountryName>United States</CountryName>
      <StateName>California</StateName>
      <StateCode>CA</StateCode>
    </Institution>
    <FoaInformation>
      <Code>0106000</Code>
      <Name>Materials Research</Name>
    </FoaInformation>
  </Award>
</rootTag>
