<?xml version="1.0" encoding="UTF-8"?>

<rootTag>
  <Award>
    <AwardTitle>Project CAPSTONE: Contextual Application of STEM Objectives in Interdisciplinary Education</AwardTitle>
    <AwardEffectiveDate>09/01/2005</AwardEffectiveDate>
    <AwardExpirationDate>08/31/2008</AwardExpirationDate>
    <AwardAmount>374998</AwardAmount>
    <AwardInstrument>
      <Value>Continuing grant</Value>
    </AwardInstrument>
    <Organization>
      <Code>11040100</Code>
      <Directorate>
        <LongName>Direct For Education and Human Resources</LongName>
      </Directorate>
      <Division>
        <LongName>Division Of Undergraduate Education</LongName>
      </Division>
    </Organization>
    <ProgramOfficer>
      <SignBlockName>Daniel P. Maki</SignBlockName>
    </ProgramOfficer>
    <AbstractNarration>A collaborative effort between Indian River Community College and the Martin County School District, Project CAPSTONE seeks to create and implement an interdisciplinary, project-based model to prepare high school students for technical careers. Based at the Clark Advanced Learning Center (CALC), a joint high school/college facility in South Florida, the CAPSTONE project can potentially serve as a model for providing exemplary technician-related curricular and practical experiences to high school students. Over the course of three years, 200 high school juniors and seniors are directly served by the project. Activities include the development of integrated math, science and technology curriculum; the creation of industry relevant technical experiences that develop career pathways; improvement and enhancement of high school programming that articulates to associate degrees; and provision of relevant professional development experiences for CALC teachers. By partnering with the South Florida Water Management District, the project utilizes a school-wide project focused on local restoration efforts to develop student learning in mathematics, science and technology. Career pathways are supported through e-mentoring with industry professionals as well as student internships with the Martin County business community.</AbstractNarration>
    <MinAmdLetterDate>08/26/2005</MinAmdLetterDate>
    <MaxAmdLetterDate>01/07/2008</MaxAmdLetterDate>
    <ARRAAmount/>
    <AwardID>0501399</AwardID>
    <Investigator>
      <FirstName>Diana</FirstName>
      <LastName>Rew</LastName>
      <EmailAddress>drew@ircc.edu</EmailAddress>
      <StartDate>08/26/2005</StartDate>
      <EndDate>03/22/2006</EndDate>
      <RoleCode>Former Principal Investigator</RoleCode>
    </Investigator>
    <Investigator>
      <FirstName>Benjamin</FirstName>
      <LastName>Herman</LastName>
      <EmailAddress>bherman@ircc.edu</EmailAddress>
      <StartDate>08/26/2005</StartDate>
      <EndDate>11/14/2005</EndDate>
      <RoleCode>Former Co-Principal Investigator</RoleCode>
    </Investigator>
    <Investigator>
      <FirstName>Patricia</FirstName>
      <LastName>Della Penta</LastName>
      <EmailAddress>pdellape@ircc.net</EmailAddress>
      <StartDate>11/14/2005</StartDate>
      <EndDate>01/07/2008</EndDate>
      <RoleCode>Former Co-Principal Investigator</RoleCode>
    </Investigator>
    <Investigator>
      <FirstName>Mark</FirstName>
      <LastName>Thompson</LastName>
      <EmailAddress>mrthomps@ircc.edu</EmailAddress>
      <StartDate>03/22/2006</StartDate>
      <EndDate>10/19/2006</EndDate>
      <RoleCode>Former Principal Investigator</RoleCode>
    </Investigator>
    <Investigator>
      <FirstName>Susan</FirstName>
      <LastName>Roark</LastName>
      <EmailAddress>sroark@irsc.edu</EmailAddress>
      <StartDate>10/19/2006</StartDate>
      <EndDate/>
      <RoleCode>Principal Investigator</RoleCode>
    </Investigator>
    <Investigator>
      <FirstName>Steve</FirstName>
      <LastName>Vergote</LastName>
      <EmailAddress>svergote@ircc.edu</EmailAddress>
      <StartDate>01/07/2008</StartDate>
      <EndDate/>
      <RoleCode>Co-Principal Investigator</RoleCode>
    </Investigator>
    <Institution>
      <Name>Indian River State College</Name>
      <CityName>Fort Pierce</CityName>
      <ZipCode>349815541</ZipCode>
      <PhoneNumber>7724624703</PhoneNumber>
      <StreetAddress>3209 Virginia Avenue</StreetAddress>
      <CountryName>United States</CountryName>
      <StateName>Florida</StateName>
      <StateCode>FL</StateCode>
    </Institution>
    <FoaInformation>
      <Code>0000099</Code>
      <Name>Other Applications NEC</Name>
    </FoaInformation>
  </Award>
</rootTag>
