<?xml version="1.0" encoding="UTF-8"?>

<rootTag>
  <Award>
    <AwardTitle>A Homologous Recombination System for Plants Based on Zinc Finger Nucleases</AwardTitle>
    <AwardEffectiveDate>06/01/2005</AwardEffectiveDate>
    <AwardExpirationDate>05/31/2010</AwardExpirationDate>
    <AwardAmount>1931010</AwardAmount>
    <AwardInstrument>
      <Value>Continuing grant</Value>
    </AwardInstrument>
    <Organization>
      <Code>08090000</Code>
      <Directorate>
        <LongName>Direct For Biological Sciences</LongName>
      </Directorate>
      <Division>
        <LongName>Division Of Integrative Organismal Systems</LongName>
      </Division>
    </Organization>
    <ProgramOfficer>
      <SignBlockName>Diane Jofuku Okamuro</SignBlockName>
    </ProgramOfficer>
    <AbstractNarration>Plants have remarkable biosynthetic capacities that can be harnessed to produce a vast array of complex molecules. The next generation of crops will synthesize specialty chemicals and proteins of value for food, medicine and industry. Fully harnessing the biosynthetic potential of plants, however, requires understanding the genetic basis by which plants control growth and development and respond to environmental signals and stresses. Once an understanding of plant gene function is attained, it will be possible to modify plant genomes to create crops that meet the burgeoning need for plant-derived products. Discerning plant gene function and re-orchestrating the plant genetic code require sophisticated tools to manipulate plant genomes. Specifically, it would be desirable to make a variety of alterations to the plant genetic code, including precise DNA insertions, deletions or substitutions. &lt;br/&gt; Gene targeting or homologous recombination is a method that allows specific DNA sequence changes to be introduced into plant chromosomes. Fundamentally, gene targeting is a DNA swapping reaction. A DNA fragment carrying a desired sequence is introduced into a plant cell, and it replaces the native copy of the gene. To enhance the efficiency of gene targeting, a chromosome break is created at the site of modification (the target). An enzyme called a zinc finger nuclease (ZFN) is used to generate the chromosome break. ZFNs have two components: a DNA recognition domain (a zinc finger array) and a nuclease that cleaves the chromosome. Zinc finger arrays can be designed to recognize any site in the plant genome, thereby making it possible modify any chromosomal sequence. Current research is directed at developing zinc finger nuclease-assisted gene targeting for widespread use, including establishing key parameters for high frequency gene targeting and robust methods for the design of zinc finger arrays. &lt;br/&gt; The outcome of this research project will be a highly facile gene targeting system that can be employed in a variety of plant species to study gene function. The gene targeting platform will also enable the engineering of crop plants with novel traits, including those that better withstand pests, have enhanced food value, and produce compounds of industrial importance. Because gene targeting introduces changes in plant genomes in a highly specific and controlled manner, crops generated through gene targeting may be met with greater public acceptance than traditional genetically modified crops. This may reduce barriers imposed on genetically modified crops and thereby increase the value of U.S. commodities in a global marketplace.</AbstractNarration>
    <MinAmdLetterDate>06/16/2005</MinAmdLetterDate>
    <MaxAmdLetterDate>06/10/2008</MaxAmdLetterDate>
    <ARRAAmount/>
    <AwardID>0501678</AwardID>
    <Investigator>
      <FirstName>Daniel</FirstName>
      <LastName>Voytas</LastName>
      <EmailAddress>voytas@umn.edu</EmailAddress>
      <StartDate>06/16/2005</StartDate>
      <EndDate/>
      <RoleCode>Principal Investigator</RoleCode>
    </Investigator>
    <Institution>
      <Name>Iowa State University</Name>
      <CityName>AMES</CityName>
      <ZipCode>500112207</ZipCode>
      <PhoneNumber>5152945225</PhoneNumber>
      <StreetAddress>1138 Pearson</StreetAddress>
      <CountryName>United States</CountryName>
      <StateName>Iowa</StateName>
      <StateCode>IA</StateCode>
    </Institution>
    <ProgramElement>
      <Code>1329</Code>
      <Text>PLANT GENOME RESEARCH PROJECT</Text>
    </ProgramElement>
    <ProgramElement>
      <Code>7577</Code>
      <Text>PLANT GENOME RESEARCH RESOURCE</Text>
    </ProgramElement>
    <ProgramReference>
      <Code>9109</Code>
      <Text>AGRICULTURAL BIOTECHNOLOGY</Text>
    </ProgramReference>
    <ProgramReference>
      <Code>BIOT</Code>
      <Text>BIOTECHNOLOGY</Text>
    </ProgramReference>
  </Award>
</rootTag>
