<?xml version="1.0" encoding="UTF-8"?>

<rootTag>
  <Award>
    <AwardTitle>Maximizing Learning and Retention in On-Line Courses for Electronics Students with Interactive Laboratory Experiences</AwardTitle>
    <AwardEffectiveDate>07/15/2005</AwardEffectiveDate>
    <AwardExpirationDate>06/30/2009</AwardExpirationDate>
    <AwardAmount>491216</AwardAmount>
    <AwardInstrument>
      <Value>Continuing grant</Value>
    </AwardInstrument>
    <Organization>
      <Code>11040100</Code>
      <Directorate>
        <LongName>Direct For Education and Human Resources</LongName>
      </Directorate>
      <Division>
        <LongName>Division Of Undergraduate Education</LongName>
      </Division>
    </Organization>
    <ProgramOfficer>
      <SignBlockName>Russell L. Pimmel</SignBlockName>
    </ProgramOfficer>
    <AbstractNarration>The project is developing and evaluating a model for online engineering technology education that includes hands-on, remote laboratory learning experiences. It combines the investigators' experience in distance learning with their background in developing and implementing instructional strategies for promoting student success in engineering technology career pathways. The investigators are developing a template and instructional guide format for online laboratories that maximizes student learning. Using this template and format, the project team is installing hardware and related software to allow virtual remote control of a set of expensive laboratory equipment. To make the experience more realistic, the investigators are developing an affordable package of laboratory equipment that students can purchase and use at home to support interaction with the centrally located equipment. They also are producing video instructions for the laboratory activities in 71 different on-line laboratory experiments and an on-line resource for dealing with frequently asked questions. The project will provide remote access to on-campus laboratory equipment for on-line courses for students that maximize the potential for success of students with varying learning styles and hands-on learning needs. The laboratory model for distance learners is being disseminated via the South Carolina ATE National Resource Center, through a faculty workshop, and through conference presentations. The evaluation effort is comparing course success rates, program graduation rates, student attitudes, and achieved competencies for students using the remote laboratory to those physically present in the laboratory.</AbstractNarration>
    <MinAmdLetterDate>07/18/2005</MinAmdLetterDate>
    <MaxAmdLetterDate>05/03/2007</MaxAmdLetterDate>
    <ARRAAmount/>
    <AwardID>0501698</AwardID>
    <Investigator>
      <FirstName>Bill</FirstName>
      <LastName>Ware</LastName>
      <EmailAddress>ware.b@ptc.edu</EmailAddress>
      <StartDate>07/18/2005</StartDate>
      <EndDate/>
      <RoleCode>Principal Investigator</RoleCode>
    </Investigator>
    <Investigator>
      <FirstName>Charles</FirstName>
      <LastName>Dixon</LastName>
      <EmailAddress>dixon.c@ptc.edu</EmailAddress>
      <StartDate>07/18/2005</StartDate>
      <EndDate/>
      <RoleCode>Co-Principal Investigator</RoleCode>
    </Investigator>
    <Investigator>
      <FirstName>Lynn</FirstName>
      <LastName>Mack</LastName>
      <EmailAddress>mack.l@ptc.edu</EmailAddress>
      <StartDate>07/18/2005</StartDate>
      <EndDate/>
      <RoleCode>Co-Principal Investigator</RoleCode>
    </Investigator>
    <Institution>
      <Name>Piedmont Technical College</Name>
      <CityName>Greenwood</CityName>
      <ZipCode>296481467</ZipCode>
      <PhoneNumber>8649418742</PhoneNumber>
      <StreetAddress>620 N. Emerald Road</StreetAddress>
      <CountryName>United States</CountryName>
      <StateName>South Carolina</StateName>
      <StateCode>SC</StateCode>
    </Institution>
    <FoaInformation>
      <Code>0000099</Code>
      <Name>Other Applications NEC</Name>
    </FoaInformation>
  </Award>
</rootTag>
