<?xml version="1.0" encoding="UTF-8"?>

<rootTag>
  <Award>
    <AwardTitle>NGS: Methods to Evaluate the Performance of Distributed Software</AwardTitle>
    <AwardEffectiveDate>02/05/2004</AwardEffectiveDate>
    <AwardExpirationDate>08/31/2007</AwardExpirationDate>
    <AwardAmount>278916</AwardAmount>
    <AwardInstrument>
      <Value>Continuing grant</Value>
    </AwardInstrument>
    <Organization>
      <Code>05050000</Code>
      <Directorate>
        <LongName>Direct For Computer &amp; Info Scie &amp; Enginr</LongName>
      </Directorate>
      <Division>
        <LongName>Division Of Computer and Network Systems</LongName>
      </Division>
    </Organization>
    <ProgramOfficer>
      <SignBlockName>Anita J. LaSalle</SignBlockName>
    </ProgramOfficer>
    <AbstractNarration>EIA-0203971 Gianfranco Ciardo College of William &amp; Mary Structured Methods to Evaluate the Performance of Distributed Software&lt;br/&gt;&lt;br/&gt;Our goal is a collaborative research effort aimed at removing the computational barriers to the widespread adoption of Markov chain modeling technology in the software performance engineering process. &lt;br/&gt;&lt;br/&gt;We will approach the problem from different and complementary points of view, and have the necessary means to solve many of the remaining computational issues. The results of the proposed research will open up the Markov modeling field to a surge of new, and probably unanticipated, research activity in very diverse areas of national and international importance, and provide a path towards the compositional performance assessment of systems built from off-the-shelf software modules.</AbstractNarration>
    <MinAmdLetterDate>12/22/2004</MinAmdLetterDate>
    <MaxAmdLetterDate>08/12/2005</MaxAmdLetterDate>
    <ARRAAmount/>
    <AwardID>0501747</AwardID>
    <Investigator>
      <FirstName>Gianfranco</FirstName>
      <LastName>Ciardo</LastName>
      <EmailAddress>ciardo@iastate.edu</EmailAddress>
      <StartDate>12/22/2004</StartDate>
      <EndDate/>
      <RoleCode>Principal Investigator</RoleCode>
    </Investigator>
    <Institution>
      <Name>University of California-Riverside</Name>
      <CityName>RIVERSIDE</CityName>
      <ZipCode>925211000</ZipCode>
      <PhoneNumber>9518275535</PhoneNumber>
      <StreetAddress>Office of Research</StreetAddress>
      <CountryName>United States</CountryName>
      <StateName>California</StateName>
      <StateCode>CA</StateCode>
    </Institution>
  </Award>
</rootTag>
