<?xml version="1.0" encoding="UTF-8"?>

<rootTag>
  <Award>
    <AwardTitle>GOALI: Wavelength-Parallel Compensation and Sensing of Polarization-Mode Dispersion</AwardTitle>
    <AwardEffectiveDate>06/15/2005</AwardEffectiveDate>
    <AwardExpirationDate>05/31/2008</AwardExpirationDate>
    <AwardAmount>240000</AwardAmount>
    <AwardInstrument>
      <Value>Standard Grant</Value>
    </AwardInstrument>
    <Organization>
      <Code>07010000</Code>
      <Directorate>
        <LongName>Directorate For Engineering</LongName>
      </Directorate>
      <Division>
        <LongName>Div Of Electrical, Commun &amp; Cyber Sys</LongName>
      </Division>
    </Organization>
    <ProgramOfficer>
      <SignBlockName>Eric G Johnson</SignBlockName>
    </ProgramOfficer>
    <AbstractNarration>High-speed fiber optics plays a key role enabling high bandwidth communications. In light of impressive commercial advances, new effects have become key limiting factors for continued growth in the bandwidth of lightwave systems. One such impairment, viewed as a key roadblock for future high-speed systems, is an effect called polarization-mode dispersion (PMD). PMD arises due to small random variations along the lengths of optical fibers, which lead to scrambling of polarization states and pulse spreading in the time domain. The latter effect can cause errors in digital communication systems. This problem is especially acute in the embedded fiber base where many fibers exhibit strong PMD. This proposal describes a university-industry collaborative project which aims to demonstrate a novel and advantageous method for compensation of PMD. The concept is to exploit and extend technology developed in the field of ultrafast optics for wavelength-parallel sensing and compensation of wide-band optical signals. This improves on current approaches that only allow compensation of so-called first order PMD for a single wavelength and which do not apply to situations with wide-band optical signals where the distortion caused by PMD varies substantially across the optical bandwidth. &lt;br/&gt;This research has the potential for broad societal impact by supporting advances in the high-speed communications infrastructure that has become pervasive to our economy. The participation of two industrial organizations as co-PIs in this proposal should catalyze rapid transfer of research results to practice. This research project should furnish excellent opportunities for broad student training in areas of cutting-edge technology, while providing teaming opportunities, including industrial research visits, that will enrich the students' educational experience.</AbstractNarration>
    <MinAmdLetterDate>06/03/2005</MinAmdLetterDate>
    <MaxAmdLetterDate>06/03/2005</MaxAmdLetterDate>
    <ARRAAmount/>
    <AwardID>0501366</AwardID>
    <Investigator>
      <FirstName>Andrew</FirstName>
      <LastName>Weiner</LastName>
      <EmailAddress>amw@ecn.purdue.edu</EmailAddress>
      <StartDate>06/03/2005</StartDate>
      <EndDate/>
      <RoleCode>Principal Investigator</RoleCode>
    </Investigator>
    <Investigator>
      <FirstName>Peter</FirstName>
      <LastName>Miller</LastName>
      <EmailAddress>pjmiller@world.std.com</EmailAddress>
      <StartDate>06/03/2005</StartDate>
      <EndDate/>
      <RoleCode>Co-Principal Investigator</RoleCode>
    </Investigator>
    <Investigator>
      <FirstName>Mikhail</FirstName>
      <LastName>Brodsky</LastName>
      <EmailAddress>brodsky@research.att.com</EmailAddress>
      <StartDate>06/03/2005</StartDate>
      <EndDate/>
      <RoleCode>Co-Principal Investigator</RoleCode>
    </Investigator>
    <Investigator>
      <FirstName>Misha</FirstName>
      <LastName>Boroditsky</LastName>
      <EmailAddress>boroditsky@research.att.com</EmailAddress>
      <StartDate>06/03/2005</StartDate>
      <EndDate/>
      <RoleCode>Co-Principal Investigator</RoleCode>
    </Investigator>
    <Institution>
      <Name>Purdue University</Name>
      <CityName>West Lafayette</CityName>
      <ZipCode>479072114</ZipCode>
      <PhoneNumber>7654941055</PhoneNumber>
      <StreetAddress>Young Hall</StreetAddress>
      <CountryName>United States</CountryName>
      <StateName>Indiana</StateName>
      <StateCode>IN</StateCode>
    </Institution>
    <FoaInformation>
      <Code>0206000</Code>
      <Name>Telecommunications</Name>
    </FoaInformation>
  </Award>
</rootTag>
