<?xml version="1.0" encoding="UTF-8"?>

<rootTag>
  <Award>
    <AwardTitle>A National Collaboration to Strengthen the Advanced Environmental Technology Education Programs at Native American Community Colleges</AwardTitle>
    <AwardEffectiveDate>09/01/2005</AwardEffectiveDate>
    <AwardExpirationDate>08/31/2007</AwardExpirationDate>
    <AwardAmount>74999</AwardAmount>
    <AwardInstrument>
      <Value>Standard Grant</Value>
    </AwardInstrument>
    <Organization>
      <Code>11040100</Code>
      <Directorate>
        <LongName>Direct For Education and Human Resources</LongName>
      </Directorate>
      <Division>
        <LongName>Division Of Undergraduate Education</LongName>
      </Division>
    </Organization>
    <ProgramOfficer>
      <SignBlockName>David B. Campbell</SignBlockName>
    </ProgramOfficer>
    <AbstractNarration>This planning grant provides the resources for representatives of the Native American community colleges and PETE/ATEEC to formalize an organizational structure and develop a concrete plan to strengthen environmental technology education at Native American community colleges. This plan is designed to strengthen STEM education at Tribal colleges while acknowledging there is a deep historical component to the study of environmental science by Native Americans. These Tribal colleges seek to promote and acknowledge that history in a manner that will motivate Native students to develop an interest in environmental science and to choose environmental careers. There is widespread acknowledgement and understanding of the need to strengthen environmental technology education at Native American community colleges. Many Tribal/Native American governments are striving to identify economic development and employment opportunities for their sovereign lands that are consistent with and supportive of their culture and heritage. The development of high quality, specialized environmental education and technical training programs has been recognized as one important avenue for economic development. Native American Community College leaders have identified the following needs regarding environmental science education: strengthening the curriculum, developing case studies specifically focused on environmental issues faced by Tribal communities, faculty training, networking with other environmental programs, strengthening 2+2 programs, and creating field experiences relative to Native American issues. This award enables an expert panel of educators, both Native American and non-Native American, to jointly design an efficient and effective plan to address the environmental education needs of Native American community colleges.</AbstractNarration>
    <MinAmdLetterDate>09/05/2005</MinAmdLetterDate>
    <MaxAmdLetterDate>09/05/2005</MaxAmdLetterDate>
    <ARRAAmount/>
    <AwardID>0501699</AwardID>
    <Investigator>
      <FirstName>Melonee</FirstName>
      <LastName>Docherty</LastName>
      <EmailAddress>mdocherty@eicc.edu</EmailAddress>
      <StartDate>09/05/2005</StartDate>
      <EndDate/>
      <RoleCode>Co-Principal Investigator</RoleCode>
    </Investigator>
    <Investigator>
      <FirstName>Kirk</FirstName>
      <LastName>Laflin</LastName>
      <EmailAddress>KLaflin@maine.rr.com</EmailAddress>
      <StartDate>09/05/2005</StartDate>
      <EndDate/>
      <RoleCode>Principal Investigator</RoleCode>
    </Investigator>
    <Investigator>
      <FirstName>Gale</FirstName>
      <LastName>Harms</LastName>
      <EmailAddress>harley@tm.edu</EmailAddress>
      <StartDate>09/05/2005</StartDate>
      <EndDate/>
      <RoleCode>Co-Principal Investigator</RoleCode>
    </Investigator>
    <Institution>
      <Name>Partnership for Environmental Technology Education</Name>
      <CityName>South Portland</CityName>
      <ZipCode>041065411</ZipCode>
      <PhoneNumber>2077719020</PhoneNumber>
      <StreetAddress>584 Main Street</StreetAddress>
      <CountryName>United States</CountryName>
      <StateName>Maine</StateName>
      <StateCode>ME</StateCode>
    </Institution>
    <FoaInformation>
      <Code>0000099</Code>
      <Name>Other Applications NEC</Name>
    </FoaInformation>
    <ProgramElement>
      <Code>7271</Code>
      <Text>TEACHER PROFESSIONAL CONTINUUM</Text>
    </ProgramElement>
    <ProgramElement>
      <Code>7304</Code>
      <Text>ERE General</Text>
    </ProgramElement>
    <ProgramElement>
      <Code>7412</Code>
      <Text>ADVANCED TECH EDUCATION PROG</Text>
    </ProgramElement>
    <ProgramReference>
      <Code>1032</Code>
      <Text>ADVANCED TECHNOLOGY EDUCATION</Text>
    </ProgramReference>
    <ProgramReference>
      <Code>9150</Code>
      <Text>EXP PROG TO STIM COMP RES</Text>
    </ProgramReference>
    <ProgramReference>
      <Code>9178</Code>
      <Text>UNDERGRADUATE EDUCATION</Text>
    </ProgramReference>
    <ProgramReference>
      <Code>SMET</Code>
      <Text>SCIENCE, MATH, ENG &amp; TECH EDUCATION</Text>
    </ProgramReference>
  </Award>
</rootTag>
