<?xml version="1.0" encoding="UTF-8"?>

<rootTag>
  <Award>
    <AwardTitle>Novel approaches for ultrashort pulse generation</AwardTitle>
    <AwardEffectiveDate>04/15/2005</AwardEffectiveDate>
    <AwardExpirationDate>03/31/2008</AwardExpirationDate>
    <AwardAmount>240000</AwardAmount>
    <AwardInstrument>
      <Value>Standard Grant</Value>
    </AwardInstrument>
    <Organization>
      <Code>07010000</Code>
      <Directorate>
        <LongName>Directorate For Engineering</LongName>
      </Directorate>
      <Division>
        <LongName>Div Of Electrical, Commun &amp; Cyber Sys</LongName>
      </Division>
    </Organization>
    <ProgramOfficer>
      <SignBlockName>Eric G Johnson</SignBlockName>
    </ProgramOfficer>
    <AbstractNarration>0501478&lt;br/&gt;Kaertner&lt;br/&gt;&lt;br/&gt;Femtosecond lasers, particularly Ti:sapphire lasers and fiber lasers, have dramatically advanced in performance in the past few years. These advances have provided powerful tools for the scientific community, in certain cases profoundly transforming existing fields, or enabling completely new ones, e.g., the birth of extreme nonlinear optics with phase-controlled few-cycle pulses, optical frequency metrology with ultra-broad bandwidth pulses, attosecond pulse generation, and femtosecond micromachining, to mention only a few examples. &lt;br/&gt;This program is a collaborative effort between principle investigator, Franz X. Kaertner and co-investigator, James G. Fujimoto from the Research Laboratory of Electronics and Department of Electrical Engineering and Computer Science at M.I.T.. The specific aims of this proposal are: 1. To develop new models of femtosecond pulse generation from solid-state lasers to enable the generation of few-cycle pulses with record pulse energies as well as dramatically improve the performance of compact femtosecond lasers. 2. To develop double chirped mirror (DCM) technology and new design methods which will yield dramatic improvements in femtosecond laser performance. 3. To develop and demonstrate a Ti:sapphire laser with self-similar pulse evolution to achieve record pulse energies approaching 1 uJ directly from the oscillator with 10 fs pulse durations.&lt;br/&gt;Intellectual Merit: The proposed research promises to make important contributions to the fundamental understanding of ultrafast laser dynamics as well as to demonstrate new methods for femtosecond pulse generation in the complementary limits of high pulse energy, few-cycle laser oscillators, as well as compact, low power, few-cycle lasers. Improved models for few-cycle laser dynamics and precision DCM design will be important advances in the field of ultrafast lasers, enabling the development of a wide range of new high performance laser systems, as well as many new applications. &lt;br/&gt;Broader Impact: The development of high energy laser oscillators would enable many applications in physics and materials science, ranging from nonlinear frequency generation, to nonlinear optical measurements, and micromachining. The development of compact, low cost femtosecond lasers would have widespread engineering applications such as optical sampling, optical signal processing, biomedical microscopy and imaging. This project will also provide an excellent teaching vehicle for graduate students, postdoctoral associates, and visiting scientists. Participants will learn aspects of photonics, quantum electronics, nonlinear dynamics and wave propagation, ultrashort pulse lasers, and precision measurement techniques. Our groups have extensive collaborations with other university research groups as well as with industry. Finally, development of advanced technology and training of advance personnel improves overall economic development.</AbstractNarration>
    <MinAmdLetterDate>04/06/2005</MinAmdLetterDate>
    <MaxAmdLetterDate>04/06/2005</MaxAmdLetterDate>
    <ARRAAmount/>
    <AwardID>0501478</AwardID>
    <Investigator>
      <FirstName>James</FirstName>
      <LastName>Fujimoto</LastName>
      <EmailAddress>jgfuji@mit.edu</EmailAddress>
      <StartDate>04/06/2005</StartDate>
      <EndDate/>
      <RoleCode>Co-Principal Investigator</RoleCode>
    </Investigator>
    <Investigator>
      <FirstName>Franz</FirstName>
      <LastName>Kaertner</LastName>
      <EmailAddress>kaertner@mit.edu</EmailAddress>
      <StartDate>04/06/2005</StartDate>
      <EndDate/>
      <RoleCode>Principal Investigator</RoleCode>
    </Investigator>
    <Institution>
      <Name>Massachusetts Institute of Technology</Name>
      <CityName>Cambridge</CityName>
      <ZipCode>021394301</ZipCode>
      <PhoneNumber>6172531000</PhoneNumber>
      <StreetAddress>77 MASSACHUSETTS AVE</StreetAddress>
      <CountryName>United States</CountryName>
      <StateName>Massachusetts</StateName>
      <StateCode>MA</StateCode>
    </Institution>
    <FoaInformation>
      <Code>0206000</Code>
      <Name>Telecommunications</Name>
    </FoaInformation>
    <ProgramElement>
      <Code>1517</Code>
      <Text>ELECT, PHOTONICS, &amp; MAG DEVICE</Text>
    </ProgramElement>
    <ProgramReference>
      <Code>0000</Code>
      <Text>UNASSIGNED</Text>
    </ProgramReference>
    <ProgramReference>
      <Code>7237</Code>
      <Text>NANO NON-SOLIC SCI &amp; ENG AWD</Text>
    </ProgramReference>
    <ProgramReference>
      <Code>OTHR</Code>
      <Text>OTHER RESEARCH OR EDUCATION</Text>
    </ProgramReference>
  </Award>
</rootTag>
