<?xml version="1.0" encoding="UTF-8"?>

<rootTag>
  <Award>
    <AwardTitle>Collaborative Research: Water Isotope Model-Data Comparison for Holocene Climate Variability</AwardTitle>
    <AwardEffectiveDate>05/15/2005</AwardEffectiveDate>
    <AwardExpirationDate>04/30/2008</AwardExpirationDate>
    <AwardAmount>156426</AwardAmount>
    <AwardInstrument>
      <Value>Continuing grant</Value>
    </AwardInstrument>
    <Organization>
      <Code>06020108</Code>
      <Directorate>
        <LongName>Directorate For Geosciences</LongName>
      </Directorate>
      <Division>
        <LongName>Div Atmospheric &amp; Geospace Sciences</LongName>
      </Division>
    </Organization>
    <ProgramOfficer>
      <SignBlockName>David J. Verardo</SignBlockName>
    </ProgramOfficer>
    <AbstractNarration>This project will use funds to develop a series of coupled isotope modeling experiments, data collection, and data model comparisons to provide new insights into Holocene climate change, with an emphasis on the hydrologic cycle. &lt;br/&gt;&lt;br/&gt;Science questions to be addressed include: 1) What was the response of the hydrologic cycle to insolation changes during the Holocene? 2) What was the isotopic signature in precipitation and ocean waters of these changes? 3) Did insolation-forced changes in the hydrological cycle influence deep or intermediate water production in the high latitudes? 4) Is the spatial signature of the climate response, including terrestrial water isotope and d18O of seawater (d18Osw) anomalies, associated with the 8.2 ka event consistent with input of freshwater into the Hudson Strait? 5) What are the combined effects of insolation changes and persistent, ENSO-like patterns on global climate, and are such changes observed in paleo-water isotope archives? and 6) What are the patterns associated with long-term intrinsic variations of the climate system (i.e. unforced decadal NAO or thermohaline variability)?&lt;br/&gt;&lt;br/&gt;To address these questions, coupled ocean-atmosphere global circulation model (AOGCM) simulations will be performed. These are to include appropriate insolation, residual land ice, and an 8,200-year experiment by adding freshwater as the base case for the control run. The effect of sustained El Nino-Southern Oscillation (ENSO) events and the cause of significant discrepancies between AOGCM and data will be explored with AGCM experiments. Transient behaviors of orbitally forced climate, including isotope records, are to be evaluated using one long coupled experiment employing accelerated orbital forcing.&lt;br/&gt;&lt;br/&gt;The work will also generate new data (Magnesium/Calcium-based sea surface temperature estimates and planktonic foraminifera oxygen isotopes) to be used in conjunction with water isotope records from ice cores, lakes, speleothems, and corals, and existing marine isotope seawater composition records to validate model output.&lt;br/&gt;&lt;br/&gt;Several graduate students at Columbia University and the Woods Hole Oceanographic Institute will be supported by this research and benefit by interacting with researchers at multiple institutions. All new data, data syntheses, and model simulations will be submitted to publicly funded web based data repositories.</AbstractNarration>
    <MinAmdLetterDate>06/15/2005</MinAmdLetterDate>
    <MaxAmdLetterDate>04/06/2007</MaxAmdLetterDate>
    <ARRAAmount/>
    <AwardID>0501241</AwardID>
    <Investigator>
      <FirstName>Gavin</FirstName>
      <LastName>Schmidt</LastName>
      <EmailAddress>gschmidt@giss.nasa.gov</EmailAddress>
      <StartDate>06/15/2005</StartDate>
      <EndDate/>
      <RoleCode>Principal Investigator</RoleCode>
    </Investigator>
    <Institution>
      <Name>Columbia University</Name>
      <CityName>NEW YORK</CityName>
      <ZipCode>100276902</ZipCode>
      <PhoneNumber>2128546851</PhoneNumber>
      <StreetAddress>2960 Broadway</StreetAddress>
      <CountryName>United States</CountryName>
      <StateName>New York</StateName>
      <StateCode>NY</StateCode>
    </Institution>
    <FoaInformation>
      <Code>0000099</Code>
      <Name>Other Applications NEC</Name>
    </FoaInformation>
  </Award>
</rootTag>
