<?xml version="1.0" encoding="UTF-8"?>

<rootTag>
  <Award>
    <AwardTitle>Functional Genomics of Woody Perennial Flowering</AwardTitle>
    <AwardEffectiveDate>09/01/2005</AwardEffectiveDate>
    <AwardExpirationDate>08/31/2009</AwardExpirationDate>
    <AwardAmount>1826534</AwardAmount>
    <AwardInstrument>
      <Value>Standard Grant</Value>
    </AwardInstrument>
    <Organization>
      <Code>08090000</Code>
      <Directorate>
        <LongName>Direct For Biological Sciences</LongName>
      </Directorate>
      <Division>
        <LongName>Division Of Integrative Organismal Sys</LongName>
      </Division>
    </Organization>
    <ProgramOfficer>
      <SignBlockName>Diane Jofuku Okamuro</SignBlockName>
    </ProgramOfficer>
    <AbstractNarration>The induction, initiation and completion of flower formation are critical events in the angiosperm life cycle. Without flowering there would be no seed formation for the propagation of subsequent generations. In food plants, timely and adequate seed yields are essential for human and animal nutrition. The process of flowering, which is so vital to humankind, has been extensively studied in herbaceous annual plants that germinate, grow, flower, produce seed and die within one year. Many of the genes that regulate the flowering process have been identified and studied in the small annual plant, Arabidopsis, which serves as a model for crops. However, little is known about the mechanisms regulating flowering in woody perennial plants such as trees. &lt;br/&gt;&lt;br/&gt;This project will study the flowering process in trees in the genus Populus, which contains cottonwoods, aspens and poplars. Unlike annual plants, trees undergo cycles of vegetative and floral growth each year that are affected by dramatic seasonal changes in temperature and light. The goals is to discover the important differences and similarities among the factors that regulate flowering in annual and perennial plants. A research project has been developed to determine if the molecular basis of floral bud induction/initiation in response to environmental and physiological factors differs between Arabidopsis and Populus. Project activities will include physiological and genetic manipulations of plants, evolutionary comparisons of gene sequences and examination of the expression patterns to accomplish these objectives. Populus has become the experimental model for tree research because the entire genome has been sequenced and the plant can be genetically transformed. Populus species are economically and ecologically important and the outcomes of this project will have many practical applications. These include manipulation of seed/fruit production, acceleration of breeding programs, increased production of woody biomass, and biological confinement of transgenes, among others. &lt;br/&gt;&lt;br/&gt;Outreach components of the project range from biotechnology workshops for teachers to recruitment of high school and college minority students for individual research projects in participating laboratories.&lt;br/&gt;&lt;br/&gt;Project outcomes will be available through the Populus Floral Genome Web Site (accessible through http://www.floralgenome.org/) and the Populus Genome Portal (http://bahama.jgi-psf.org/prod/bin/populus/home.populus.cgi).</AbstractNarration>
    <MinAmdLetterDate>09/06/2005</MinAmdLetterDate>
    <MaxAmdLetterDate>08/05/2008</MaxAmdLetterDate>
    <ARRAAmount/>
    <AwardID>0501890</AwardID>
    <Investigator>
      <FirstName>Grier</FirstName>
      <LastName>Page</LastName>
      <EmailAddress>gpage@rti.org</EmailAddress>
      <StartDate>09/06/2005</StartDate>
      <EndDate/>
      <RoleCode>Co-Principal Investigator</RoleCode>
    </Investigator>
    <Investigator>
      <FirstName>Mehmet</FirstName>
      <LastName>Yuceer</LastName>
      <EmailAddress>mcy1@msstate.edu</EmailAddress>
      <StartDate>09/06/2005</StartDate>
      <EndDate/>
      <RoleCode>Co-Principal Investigator</RoleCode>
    </Investigator>
    <Investigator>
      <FirstName>Dawn</FirstName>
      <LastName>Luthe</LastName>
      <EmailAddress>dsl14@psu.edu</EmailAddress>
      <StartDate>09/06/2005</StartDate>
      <EndDate/>
      <RoleCode>Principal Investigator</RoleCode>
    </Investigator>
    <Investigator>
      <FirstName>John</FirstName>
      <LastName>Carlson</LastName>
      <EmailAddress>jec16@psu.edu</EmailAddress>
      <StartDate>09/06/2005</StartDate>
      <EndDate/>
      <RoleCode>Co-Principal Investigator</RoleCode>
    </Investigator>
    <Investigator>
      <FirstName>Amy</FirstName>
      <LastName>Brunner</LastName>
      <EmailAddress>abrunner@vt.edu</EmailAddress>
      <StartDate>09/06/2005</StartDate>
      <EndDate/>
      <RoleCode>Co-Principal Investigator</RoleCode>
    </Investigator>
    <Institution>
      <Name>Mississippi State University</Name>
      <CityName>MISSISSIPPI STATE</CityName>
      <ZipCode>397629662</ZipCode>
      <PhoneNumber>6623257404</PhoneNumber>
      <StreetAddress>PO Box 6156</StreetAddress>
      <CountryName>United States</CountryName>
      <StateName>Mississippi</StateName>
      <StateCode>MS</StateCode>
    </Institution>
  </Award>
</rootTag>
