<?xml version="1.0" encoding="UTF-8"?>

<rootTag>
  <Award>
    <AwardTitle>PostDoctoral Research Fellowship</AwardTitle>
    <AwardEffectiveDate>09/01/2005</AwardEffectiveDate>
    <AwardExpirationDate>08/31/2009</AwardExpirationDate>
    <AwardAmount>108000</AwardAmount>
    <AwardInstrument>
      <Value>Fellowship</Value>
    </AwardInstrument>
    <Organization>
      <Code>03040000</Code>
      <Directorate>
        <LongName>Direct For Mathematical &amp; Physical Scien</LongName>
      </Directorate>
      <Division>
        <LongName>Division Of Mathematical Sciences</LongName>
      </Division>
    </Organization>
    <ProgramOfficer>
      <SignBlockName>Dean M. Evasius</SignBlockName>
    </ProgramOfficer>
    <AbstractNarration>2005 Postdoctoral Research Fellowship</AbstractNarration>
    <MinAmdLetterDate>06/10/2005</MinAmdLetterDate>
    <MaxAmdLetterDate>06/10/2005</MaxAmdLetterDate>
    <ARRAAmount/>
    <AwardID>0501208</AwardID>
    <Investigator>
      <FirstName>Thomas</FirstName>
      <LastName>Fiore</LastName>
      <EmailAddress/>
      <StartDate>06/10/2005</StartDate>
      <EndDate/>
      <RoleCode>Principal Investigator</RoleCode>
    </Investigator>
    <Institution>
      <Name>Fiore, Thomas M</Name>
      <CityName>Chicago</CityName>
      <ZipCode>60637</ZipCode>
      <PhoneNumber/>
      <StreetAddress/>
      <CountryName>United States</CountryName>
      <StateName>Illinois</StateName>
      <StateCode>IL</StateCode>
    </Institution>
    <FoaInformation>
      <Code>0000099</Code>
      <Name>Other Applications NEC</Name>
    </FoaInformation>
  </Award>
</rootTag>
