<?xml version="1.0" encoding="UTF-8"?>

<rootTag>
  <Award>
    <AwardTitle>A novel intelligent textile technology and its application to respiratory sound monitoring</AwardTitle>
    <AwardEffectiveDate>07/01/2005</AwardEffectiveDate>
    <AwardExpirationDate>06/30/2008</AwardExpirationDate>
    <AwardAmount>252000</AwardAmount>
    <AwardInstrument>
      <Value>Standard Grant</Value>
    </AwardInstrument>
    <Organization>
      <Code>07010000</Code>
      <Directorate>
        <LongName>Directorate For Engineering</LongName>
      </Directorate>
      <Division>
        <LongName>Div Of Electrical, Commun &amp; Cyber Sys</LongName>
      </Division>
    </Organization>
    <ProgramOfficer>
      <SignBlockName>Yogesh B. Gianchandani</SignBlockName>
    </ProgramOfficer>
    <AbstractNarration>This integrative systems proposal focuses on the development of a novel intelligent textile technology and its application for continuous respiratory sound monitoring. To overcome the conflict between the flexibility of the textiles and the rigidity of the sensing and computation components, a novel approach is proposed by integrating textiles with flexible transducers/circuits that are fabricated with a unique 'flexible-skin' technology. The uniqueness is that the flexible skins are fabricated based on silicon wafers. Various MEMS devices and circuits can be fabricated on silicon wafers first using existing technologies, then be made flexible, and finally be woven into textiles. Therefore, the existing mature technologies can be directly borrowed and significant R&amp;D efforts can be saved by avoiding re-invention. The proposed research will lead to intelligent textiles, which are as flexible and comfortable as the regular fabrics and able to perform a vast variety of functions, for the first time. The proposed intelligent textiles will serve as a generic platform for various integrative systems and open the door to numerous new applications. Simultaneously, the research will be effectively integrated with education through a new education program in intelligent textiles. Special programs will be developed for high school students and undergraduate students. As evidence of the broader impact of the proposed activities, efforts will be made to include the participation of underrepresented groups. The proposed research also has the potential to establish a new technology-intensive industry that helps to create new job opportunities inside the United States.</AbstractNarration>
    <MinAmdLetterDate>04/12/2005</MinAmdLetterDate>
    <MaxAmdLetterDate>12/06/2007</MaxAmdLetterDate>
    <ARRAAmount/>
    <AwardID>0501314</AwardID>
    <Investigator>
      <FirstName>Sheng</FirstName>
      <LastName>Liu</LastName>
      <EmailAddress>sliu@eng.wayne.edu</EmailAddress>
      <StartDate>04/12/2005</StartDate>
      <EndDate/>
      <RoleCode>Co-Principal Investigator</RoleCode>
    </Investigator>
    <Investigator>
      <FirstName>Yong</FirstName>
      <LastName>Xu</LastName>
      <EmailAddress>yxu@ece.eng.wayne.edu</EmailAddress>
      <StartDate>04/12/2005</StartDate>
      <EndDate/>
      <RoleCode>Principal Investigator</RoleCode>
    </Investigator>
    <Institution>
      <Name>Wayne State University</Name>
      <CityName>Detroit</CityName>
      <ZipCode>482023622</ZipCode>
      <PhoneNumber>3135772424</PhoneNumber>
      <StreetAddress>5057 Woodward</StreetAddress>
      <CountryName>United States</CountryName>
      <StateName>Michigan</StateName>
      <StateCode>MI</StateCode>
    </Institution>
    <FoaInformation>
      <Code>0510403</Code>
      <Name>Engineering &amp; Computer Science</Name>
    </FoaInformation>
  </Award>
</rootTag>
