<?xml version="1.0" encoding="UTF-8"?>

<rootTag>
  <Award>
    <AwardTitle>Geometric Function Theory and Loewner Evolutions</AwardTitle>
    <AwardEffectiveDate>07/01/2005</AwardEffectiveDate>
    <AwardExpirationDate>12/31/2008</AwardExpirationDate>
    <AwardAmount>114605</AwardAmount>
    <AwardInstrument>
      <Value>Standard Grant</Value>
    </AwardInstrument>
    <Organization>
      <Code>03040100</Code>
      <Directorate>
        <LongName>Direct For Mathematical &amp; Physical Scien</LongName>
      </Directorate>
      <Division>
        <LongName>Division Of Mathematical Sciences</LongName>
      </Division>
    </Organization>
    <ProgramOfficer>
      <SignBlockName>Joe W. Jenkins</SignBlockName>
    </ProgramOfficer>
    <AbstractNarration>Abstract&lt;br/&gt;&lt;br/&gt;&lt;br/&gt;Geometric function theory and Loewner evolutions&lt;br/&gt;&lt;br/&gt;&lt;br/&gt;Rohde will continue to investigate conformal mappings generated by the&lt;br/&gt;Loewner differential equation and related topics. The Loewner&lt;br/&gt;differential equation describes the flow associated with the conformal&lt;br/&gt;mappings onto a continuously increasing sequence of simply connected&lt;br/&gt;planar domains. It encodes such a sequence of domains into a real-valued function, the driving term of the equation. The recent discovery of the stochastic Loewner evolution SLE by Oded Schramm (the driving term is one-dimensional Brownian motion), together with results such as Smirnov's proof of convergence of critical percolation clusters to a SLE(6), has opened up a new area of investigations involving conformal mappings, probability theory and mathematical physics. The list of critical lattice processes from statistical physics that are conjectured to converge to SLE is constantly growing, and driving terms different from Brownian motion are under investigation.&lt;br/&gt;&lt;br/&gt;Self-similar sets (so called "fractals") such as the van Koch snowflake&lt;br/&gt;have played an important role in mathematics because they serve both as&lt;br/&gt;toy models for physical phenomena, and are ameanable to mathematical&lt;br/&gt;analysis (dynamics, ergodic theory, conformal mapppings). The more recent recurrent appearance of "random fractals" (sets that resemble fractals but are only statistically self-similar) in various branches of mathematics, probability and statistical physics necessitates a mathematical foundation allowing rigorous analysis. Schramm's SLE is one of the most exciting developments in this direction and has resulted in verifications of numerous predictions made earlier by physicists. The core of Rohde's research is to better understand random fractals and to answer several questions about them by means of conformal mappings.</AbstractNarration>
    <MinAmdLetterDate>04/13/2005</MinAmdLetterDate>
    <MaxAmdLetterDate>07/21/2008</MaxAmdLetterDate>
    <ARRAAmount/>
    <AwardID>0501726</AwardID>
    <Investigator>
      <FirstName>Steffen</FirstName>
      <LastName>Rohde</LastName>
      <EmailAddress>rohde@math.washington.edu</EmailAddress>
      <StartDate>04/13/2005</StartDate>
      <EndDate/>
      <RoleCode>Principal Investigator</RoleCode>
    </Investigator>
    <Institution>
      <Name>University of Washington</Name>
      <CityName>Seattle</CityName>
      <ZipCode>981950001</ZipCode>
      <PhoneNumber>2065434043</PhoneNumber>
      <StreetAddress>4333 Brooklyn Ave NE</StreetAddress>
      <CountryName>United States</CountryName>
      <StateName>Washington</StateName>
      <StateCode>WA</StateCode>
    </Institution>
    <FoaInformation>
      <Code>0000099</Code>
      <Name>Other Applications NEC</Name>
    </FoaInformation>
    <ProgramElement>
      <Code>1281</Code>
      <Text>ANALYSIS PROGRAM</Text>
    </ProgramElement>
    <ProgramReference>
      <Code>0000</Code>
      <Text>UNASSIGNED</Text>
    </ProgramReference>
    <ProgramReference>
      <Code>OTHR</Code>
      <Text>OTHER RESEARCH OR EDUCATION</Text>
    </ProgramReference>
  </Award>
</rootTag>
