<?xml version="1.0" encoding="UTF-8"?>

<rootTag>
  <Award>
    <AwardTitle>Investigative Sciences and Law Enforcement Technology (ISLET) Project</AwardTitle>
    <AwardEffectiveDate>09/01/2005</AwardEffectiveDate>
    <AwardExpirationDate>08/31/2009</AwardExpirationDate>
    <AwardAmount>586436</AwardAmount>
    <AwardInstrument>
      <Value>Continuing grant</Value>
    </AwardInstrument>
    <Organization>
      <Code>11040100</Code>
      <Directorate>
        <LongName>Direct For Education and Human Resources</LongName>
      </Directorate>
      <Division>
        <LongName>Division Of Undergraduate Education</LongName>
      </Division>
    </Organization>
    <ProgramOfficer>
      <SignBlockName>Victor P. Piotrowski</SignBlockName>
    </ProgramOfficer>
    <AbstractNarration>With ever more sophisticated terrorism a threat to our nation's security, Century College in Minnesota is directly countering the increasing risk by arming law enforcement students and currently licensed professionals with updated scientific, technical, and investigative education and skills. The project is educating law enforcement personnel in investigative sciences and technologies, and establishing a regional source for curriculum planning, course development and delivery, faculty training, and information dissemination. Curriculum supporting a new two-year degree (Associate in Science in Investigative Sciences), new certifications, new continuing education modules, as well as articulation agreements with four-year institutions are being developed. The curriculum for the new degree will focus on the following seven courses: Crime and Incident Mapping, Computer Forensics, Forensic Science, Homeland Defense, Visual Forensic Technologies, Investigative Technologies, and the Science of Hazardous Materials. Close collaboration with stakeholders, including the Peace Officers Standards &amp; Training (POST) board ensures new materials remain relevant and in compliance with new and existing licensing requirements.</AbstractNarration>
    <MinAmdLetterDate>08/25/2005</MinAmdLetterDate>
    <MaxAmdLetterDate>08/16/2008</MaxAmdLetterDate>
    <ARRAAmount/>
    <AwardID>0501722</AwardID>
    <Investigator>
      <FirstName>Ellen</FirstName>
      <LastName>Kabat Lensch</LastName>
      <EmailAddress>ekabatlensch@eicc.edu</EmailAddress>
      <StartDate>08/25/2005</StartDate>
      <EndDate/>
      <RoleCode>Co-Principal Investigator</RoleCode>
    </Investigator>
    <Investigator>
      <FirstName>Carol</FirstName>
      <LastName>Mathews</LastName>
      <EmailAddress>Carol.Mathews@century.edu</EmailAddress>
      <StartDate>08/25/2005</StartDate>
      <EndDate/>
      <RoleCode>Principal Investigator</RoleCode>
    </Investigator>
    <Investigator>
      <FirstName>Mary</FirstName>
      <LastName>McKee</LastName>
      <EmailAddress>m.mckee@century.edu</EmailAddress>
      <StartDate>08/25/2005</StartDate>
      <EndDate/>
      <RoleCode>Co-Principal Investigator</RoleCode>
    </Investigator>
    <Investigator>
      <FirstName>Darren</FirstName>
      <LastName>Castro</LastName>
      <EmailAddress>dtcastro@mmm.com</EmailAddress>
      <StartDate>08/25/2005</StartDate>
      <EndDate/>
      <RoleCode>Co-Principal Investigator</RoleCode>
    </Investigator>
    <Investigator>
      <FirstName>Dennis</FirstName>
      <LastName>Cusick</LastName>
      <EmailAddress>dcusick@umcpi.org</EmailAddress>
      <StartDate>08/25/2005</StartDate>
      <EndDate/>
      <RoleCode>Co-Principal Investigator</RoleCode>
    </Investigator>
    <Institution>
      <Name>Century Community and Technical College</Name>
      <CityName>White Bear Lake</CityName>
      <ZipCode>551101894</ZipCode>
      <PhoneNumber>6517482626</PhoneNumber>
      <StreetAddress>3300 Century Avenue North</StreetAddress>
      <CountryName>United States</CountryName>
      <StateName>Minnesota</StateName>
      <StateCode>MN</StateCode>
    </Institution>
    <FoaInformation>
      <Code>0000099</Code>
      <Name>Other Applications NEC</Name>
    </FoaInformation>
  </Award>
</rootTag>
