<?xml version="1.0" encoding="UTF-8"?>

<rootTag>
  <Award>
    <AwardTitle>The Computer Animation and Game Development Teacher Training Center</AwardTitle>
    <AwardEffectiveDate>08/15/2005</AwardEffectiveDate>
    <AwardExpirationDate>07/31/2009</AwardExpirationDate>
    <AwardAmount>474999</AwardAmount>
    <AwardInstrument>
      <Value>Standard Grant</Value>
    </AwardInstrument>
    <Organization>
      <Code>11040100</Code>
      <Directorate>
        <LongName>Direct For Education and Human Resources</LongName>
      </Directorate>
      <Division>
        <LongName>Division Of Undergraduate Education</LongName>
      </Division>
    </Organization>
    <ProgramOfficer>
      <SignBlockName>Suzanne Westbrook</SignBlockName>
    </ProgramOfficer>
    <AbstractNarration>De Anza College's Animation program is joining with the world's leading computer animation studios and video game companies (Industrial Light &amp; Magic, PDI/Dreamworks, Pixar, Electronic Arts) to create a regional Teacher Training Center and a replicable professional group mentorship model designed to increase the number of well-trained animators to join the game development industry. &lt;br/&gt;&lt;br/&gt;Intellectual Merit: Center activities include co-producing a comprehensive series of weekend master classes and summer workshops in curriculum design, animation technique, game development and related audio and photographic technologies, implementing project-based technical experiences mentored by industry professionals, developing and disseminating multidisciplinary prototype curricula for new Game Development certificate programs based on industry needs, and creating a web resource to assist colleges with designing degrees and certificates.&lt;br/&gt;&lt;br/&gt;Broader Impact: The activities of the Center are providing access to Bay Area animation and high technology resources to other geographic regions and to a broader range of schools, creating a prototype curricula and an industry mentorship model that can be implemented nationwide, and addressing dramatically changing workforce technical skills needs in a pivotal regional industry.</AbstractNarration>
    <MinAmdLetterDate>08/25/2005</MinAmdLetterDate>
    <MaxAmdLetterDate>08/17/2008</MaxAmdLetterDate>
    <ARRAAmount/>
    <AwardID>0501989</AwardID>
    <Investigator>
      <FirstName>Martin</FirstName>
      <LastName>McNamara</LastName>
      <EmailAddress>mmcnamara@deanza.edu</EmailAddress>
      <StartDate>08/25/2005</StartDate>
      <EndDate/>
      <RoleCode>Principal Investigator</RoleCode>
    </Investigator>
    <Institution>
      <Name>Foothill-De Anza Community College District</Name>
      <CityName>LOS ALTOS HILLS</CityName>
      <ZipCode>940224504</ZipCode>
      <PhoneNumber>6509496201</PhoneNumber>
      <StreetAddress>12345 El Monte Road</StreetAddress>
      <CountryName>United States</CountryName>
      <StateName>California</StateName>
      <StateCode>CA</StateCode>
    </Institution>
    <FoaInformation>
      <Code>0000099</Code>
      <Name>Other Applications NEC</Name>
    </FoaInformation>
    <ProgramElement>
      <Code>7412</Code>
      <Text>ADVANCED TECH EDUCATION PROG</Text>
    </ProgramElement>
    <ProgramReference>
      <Code>1032</Code>
      <Text>ADVANCED TECHNOLOGY EDUCATION</Text>
    </ProgramReference>
    <ProgramReference>
      <Code>9178</Code>
      <Text>UNDERGRADUATE EDUCATION</Text>
    </ProgramReference>
    <ProgramReference>
      <Code>SMET</Code>
      <Text>SCIENCE, MATH, ENG &amp; TECH EDUCATION</Text>
    </ProgramReference>
  </Award>
</rootTag>
