<?xml version="1.0" encoding="UTF-8"?>

<rootTag>
  <Award>
    <AwardTitle>Using the SRS Human Resource Data to Study the Science and Engineering Workforce, Washington DC-Fall 2005</AwardTitle>
    <AwardEffectiveDate>05/15/2005</AwardEffectiveDate>
    <AwardExpirationDate>04/30/2007</AwardExpirationDate>
    <AwardAmount>39276</AwardAmount>
    <AwardInstrument>
      <Value>Standard Grant</Value>
    </AwardInstrument>
    <Organization>
      <Code>04030007</Code>
      <Directorate>
        <LongName>Direct For Social, Behav &amp; Economic Scie</LongName>
      </Directorate>
      <Division>
        <LongName>National Center For S&amp;E Statistics</LongName>
      </Division>
    </Organization>
    <ProgramOfficer>
      <SignBlockName>Lawrence Rausch</SignBlockName>
    </ProgramOfficer>
    <AbstractNarration>The United States collects extraordinarily high-quality data on the S&amp;E workforce, both at the graduate and undergraduate level. The jewel in the crown is the SESTAT data collected by the National Science Foundation, which integrates three databases: The Survey of College Graduates, The Survey of Recent College Graduates, and the Survey of Doctoral Recipients. University researchers who have received licenses to work with the confidential data have done most of the analysis of these data. Because of limited knowledge in the research community concerning the databases and their availability, there have not been many data users. A 2000 National Research Council review recommended increased use of the data and the need for increased interaction between NSF staff and outside researchers. This project will be a one-day workshop - in the Fall of 2005 -- for users and potential users of the NSF data. The goals of the workshop are threefold: (1) Exchange information among users concerning creative uses of the data and research outcomes; (2) Broaden the base of users by familiarizing potential users with the data that is available and ways in which the data is currently being used as well as the potential for other kinds of use; (3) Provide feedback to SRS regarding the data and ways to enhance use.</AbstractNarration>
    <MinAmdLetterDate>05/24/2005</MinAmdLetterDate>
    <MaxAmdLetterDate>05/24/2005</MaxAmdLetterDate>
    <ARRAAmount/>
    <AwardID>0501809</AwardID>
    <Investigator>
      <FirstName>Paula</FirstName>
      <LastName>Stephan</LastName>
      <EmailAddress>pstephan@gsu.edu</EmailAddress>
      <StartDate>05/24/2005</StartDate>
      <EndDate/>
      <RoleCode>Principal Investigator</RoleCode>
    </Investigator>
    <Institution>
      <Name>Georgia State University Research Foundation, Inc.</Name>
      <CityName>Atlanta</CityName>
      <ZipCode>303023999</ZipCode>
      <PhoneNumber>4044133500</PhoneNumber>
      <StreetAddress>G76Dahlberg Hall 30 Courtland St</StreetAddress>
      <CountryName>United States</CountryName>
      <StateName>Georgia</StateName>
      <StateCode>GA</StateCode>
    </Institution>
    <FoaInformation>
      <Code>0000099</Code>
      <Name>Other Applications NEC</Name>
    </FoaInformation>
    <ProgramElement>
      <Code>8800</Code>
      <Text>SCIENCE RESOURCES STATISTICS</Text>
    </ProgramElement>
    <ProgramReference>
      <Code>0000</Code>
      <Text>UNASSIGNED</Text>
    </ProgramReference>
    <ProgramReference>
      <Code>OTHR</Code>
      <Text>OTHER RESEARCH OR EDUCATION</Text>
    </ProgramReference>
  </Award>
</rootTag>
