<?xml version="1.0" encoding="UTF-8"?>

<rootTag>
  <Award>
    <AwardTitle>New Polymerization Reactions</AwardTitle>
    <AwardEffectiveDate>08/01/2005</AwardEffectiveDate>
    <AwardExpirationDate>07/31/2009</AwardExpirationDate>
    <AwardAmount>435250</AwardAmount>
    <AwardInstrument>
      <Value>Continuing grant</Value>
    </AwardInstrument>
    <Organization>
      <Code>03090003</Code>
      <Directorate>
        <LongName>Direct For Mathematical &amp; Physical Scien</LongName>
      </Directorate>
      <Division>
        <LongName>Division Of Chemistry</LongName>
      </Division>
    </Organization>
    <ProgramOfficer>
      <SignBlockName>Tingyu Li</SignBlockName>
    </ProgramOfficer>
    <AbstractNarration>The focus of this research is to use the polymerization of ylides by trialkyl boranes for the controlled synthesis of linear and cyclic hydrocarbon polymers. The attributes of this methodology are the ability to control molecular weight, to prepare functionalized polymethylene derivatives and novel architectures and polymethylene copolymers. Because of the importance of the closely related polyethylene, these functional materials have potential value as compatibilizers, blending agents and surface modifiers.&lt;br/&gt;&lt;br/&gt;With this award, the Organic and Macromolecular Chemistry Program is supporting the research of Dr. Kenneth J. Shea of the Department of Chemistry at the University of California, Irvine. Professor Shea will focus his work on the development of new polymerization reactions for the preparation of substituted carbon backbone polymers. The development of new catalysts for these reactions will contribute to the mechanistic understanding of carbon-carbon forming reactions and can benefit both polymer and small molecule synthesis. The research is also an excellent arena for the training of graduate students.</AbstractNarration>
    <MinAmdLetterDate>07/29/2005</MinAmdLetterDate>
    <MaxAmdLetterDate>06/25/2007</MaxAmdLetterDate>
    <ARRAAmount/>
    <AwardID>0501369</AwardID>
    <Investigator>
      <FirstName>Kenneth</FirstName>
      <LastName>Shea</LastName>
      <EmailAddress>kjshea@uci.edu</EmailAddress>
      <StartDate>07/29/2005</StartDate>
      <EndDate/>
      <RoleCode>Principal Investigator</RoleCode>
    </Investigator>
    <Institution>
      <Name>University of California-Irvine</Name>
      <CityName>Irvine</CityName>
      <ZipCode>926173213</ZipCode>
      <PhoneNumber>9498247295</PhoneNumber>
      <StreetAddress>141 Innovation Drive, Ste 250</StreetAddress>
      <CountryName>United States</CountryName>
      <StateName>California</StateName>
      <StateCode>CA</StateCode>
    </Institution>
    <FoaInformation>
      <Code>0106000</Code>
      <Name>Materials Research</Name>
    </FoaInformation>
    <ProgramElement>
      <Code>1948</Code>
      <Text>SYNTHESIS</Text>
    </ProgramElement>
    <ProgramReference>
      <Code>9146</Code>
      <Text>MANUFACTURING BASE RESEARCH</Text>
    </ProgramReference>
    <ProgramReference>
      <Code>9239</Code>
      <Text>MATERIALS CHEMISTRY</Text>
    </ProgramReference>
    <ProgramReference>
      <Code>MANU</Code>
      <Text>MANUFACTURING</Text>
    </ProgramReference>
  </Award>
</rootTag>
