<?xml version="1.0" encoding="UTF-8"?>

<rootTag>
  <Award>
    <AwardTitle>Algebraic Geometry Inspired by Physics</AwardTitle>
    <AwardEffectiveDate>07/01/2005</AwardEffectiveDate>
    <AwardExpirationDate>06/30/2008</AwardExpirationDate>
    <AwardAmount>174885</AwardAmount>
    <AwardInstrument>
      <Value>Continuing grant</Value>
    </AwardInstrument>
    <Organization>
      <Code>03040200</Code>
      <Directorate>
        <LongName>Direct For Mathematical &amp; Physical Scien</LongName>
      </Directorate>
      <Division>
        <LongName>Division Of Mathematical Sciences</LongName>
      </Division>
    </Organization>
    <ProgramOfficer>
      <SignBlockName>Tie Luo</SignBlockName>
    </ProgramOfficer>
    <AbstractNarration>Three projects in the theory of moduli in algebraic geometry&lt;br/&gt;are addressed in this proposal. The recent considerable influence of&lt;br/&gt;string theory on algebraic geometry has led to the introduction of&lt;br/&gt;new moduli spaces to study, new techniques for studying them, and&lt;br/&gt;interesting ``quantum'' invariants defined in terms of them.&lt;br/&gt;This proposal is inspired by the physics, but remains firmly grounded&lt;br/&gt;in algebraic geometry.&lt;br/&gt;&lt;br/&gt;Moduli spaces are spaces that parametrize geometric objects.&lt;br/&gt;The first project deals with the spaces parametrizing&lt;br/&gt;holomorphic maps from the Riemann sphere to a complex projective&lt;br/&gt;manifold, and the ``Gromov-Witten'' invariants that can be&lt;br/&gt;computed as integrals on such spaces. The second deals with&lt;br/&gt;the spaces parametrizing holomorphic correspondences (i.e.&lt;br/&gt;Riemann surfaces lying over the Riemann sphere together with&lt;br/&gt;a holomorphic map to a complex projective manifold) as an&lt;br/&gt;alternative source of Gromov-Witten invariants for Riemann surfaces&lt;br/&gt;of positive genus. The last project is an investigation of&lt;br/&gt;moduli spaces generalizing the spaces of holomorphic&lt;br/&gt;vector bundles on an algebraic surface.</AbstractNarration>
    <MinAmdLetterDate>04/06/2005</MinAmdLetterDate>
    <MaxAmdLetterDate>05/02/2007</MaxAmdLetterDate>
    <ARRAAmount/>
    <AwardID>0501000</AwardID>
    <Investigator>
      <FirstName>Aaron</FirstName>
      <LastName>Bertram</LastName>
      <EmailAddress>bertram@math.utah.edu</EmailAddress>
      <StartDate>04/06/2005</StartDate>
      <EndDate/>
      <RoleCode>Principal Investigator</RoleCode>
    </Investigator>
    <Institution>
      <Name>University of Utah</Name>
      <CityName>SALT LAKE CITY</CityName>
      <ZipCode>841128930</ZipCode>
      <PhoneNumber>8015816903</PhoneNumber>
      <StreetAddress>75 S 2000 E</StreetAddress>
      <CountryName>United States</CountryName>
      <StateName>Utah</StateName>
      <StateCode>UT</StateCode>
    </Institution>
    <FoaInformation>
      <Code>0000099</Code>
      <Name>Other Applications NEC</Name>
    </FoaInformation>
  </Award>
</rootTag>
