<?xml version="1.0" encoding="UTF-8"?>

<rootTag>
  <Award>
    <AwardTitle>Free Probability Studies in von Neumann Algebras</AwardTitle>
    <AwardEffectiveDate>03/01/2005</AwardEffectiveDate>
    <AwardExpirationDate>02/28/2011</AwardExpirationDate>
    <AwardAmount>536022</AwardAmount>
    <AwardInstrument>
      <Value>Continuing grant</Value>
    </AwardInstrument>
    <Organization>
      <Code>03040000</Code>
      <Directorate>
        <LongName>Direct For Mathematical &amp; Physical Scien</LongName>
      </Directorate>
      <Division>
        <LongName>Division Of Mathematical Sciences</LongName>
      </Division>
    </Organization>
    <ProgramOfficer>
      <SignBlockName>Bruce P. Palka</SignBlockName>
    </ProgramOfficer>
    <AbstractNarration>The PI will work on free probability and use it to study von Neumann algebras. Motivated by problems arising from the free probability analogue of Shannon's differential entropy, analysis questions involving free difference quotient derivations,the natural derivations for noncommutative variables, will be studied. Extensions of the free probability parallel to classical probability, such as exploring free analogues of extreme value theory and of the Wasserstein distance will be continued. The focus on the operator algebra side will be on structural features of von Neumann algebras of free groups such as the automorphism group.&lt;br/&gt;&lt;br/&gt;Free probability is a probabilistic framework adapted to quantities with the highest degree of noncommutativity. This parallels a large area of classical probability from the Gauss law ( whose free probability counterpart is the semicircle law) to information theoretic entropy. The proposal is to develop new tools in free probability theory aiming at problems on operator algebras and random matrices. The applications of free probability to the asymptotics of large random matrices have also been of interest in connection with the random matrices in certain physics models and in models of multiuser telecommunication systems.</AbstractNarration>
    <MinAmdLetterDate>02/14/2005</MinAmdLetterDate>
    <MaxAmdLetterDate>12/15/2008</MaxAmdLetterDate>
    <ARRAAmount/>
    <AwardID>0501178</AwardID>
    <Investigator>
      <FirstName>Dan-Virgil</FirstName>
      <LastName>Voiculescu</LastName>
      <EmailAddress>dvv@math.berkeley.edu</EmailAddress>
      <StartDate>02/14/2005</StartDate>
      <EndDate/>
      <RoleCode>Principal Investigator</RoleCode>
    </Investigator>
    <Institution>
      <Name>University of California-Berkeley</Name>
      <CityName>BERKELEY</CityName>
      <ZipCode>947045940</ZipCode>
      <PhoneNumber>5106428109</PhoneNumber>
      <StreetAddress>Sponsored Projects Office</StreetAddress>
      <CountryName>United States</CountryName>
      <StateName>California</StateName>
      <StateCode>CA</StateCode>
    </Institution>
    <FoaInformation>
      <Code>0000099</Code>
      <Name>Other Applications NEC</Name>
    </FoaInformation>
  </Award>
</rootTag>
