<?xml version="1.0" encoding="UTF-8"?>

<rootTag>
  <Award>
    <AwardTitle>GOALI: Novel Nanocrystalline Silicon Solar Cells on Plastic Substrates</AwardTitle>
    <AwardEffectiveDate>07/01/2005</AwardEffectiveDate>
    <AwardExpirationDate>12/31/2008</AwardExpirationDate>
    <AwardAmount>222049</AwardAmount>
    <AwardInstrument>
      <Value>Continuing grant</Value>
    </AwardInstrument>
    <Organization>
      <Code>07010000</Code>
      <Directorate>
        <LongName>Directorate For Engineering</LongName>
      </Directorate>
      <Division>
        <LongName>Div Of Electrical, Commun &amp; Cyber Sys</LongName>
      </Division>
    </Organization>
    <ProgramOfficer>
      <SignBlockName>Usha Varshney</SignBlockName>
    </ProgramOfficer>
    <AbstractNarration>The objective of the research is to develop high efficiency, stable solar cells on plastic substrates using nanocrystalline Si and its alloy materials. The approach is to use a novel device design to increase the performance of solar cells. The nanocrystalline Si and its alloy materials will be deposited using a low ion energy plasma process with controlled hydrogen dilution which can result in films with larger grain size and better photovoltaic devices. The novel device design will allow for more light collection by combining amorphous and crystalline devices in one cell structure. Graded interfaces will be used to optimize device performance. A systematic study of material properties as a function of plasma parameters, grain size and hydrogen dilution will be undertaken so as to optimize device performance. Significant research interaction with a company, Iowa Thin Film Technologies, is planned so as to be able to utilize the expertise of the company in depositing solar cells on plastic substrates and in optical enhancement technology.&lt;br/&gt;&lt;br/&gt;The project will result in a significant enhancement of the technology for producing low cost solar cells on plastic substrates. Increasing the performance and stability of the solar cell will likely result in lowering the cost of solar energy conversion and in reducing global warming. The educational impact of the project is also significant, with a strong involvement of both undergraduate and graduate students in the project, including mentoring of minority students.</AbstractNarration>
    <MinAmdLetterDate>06/24/2005</MinAmdLetterDate>
    <MaxAmdLetterDate>07/31/2007</MaxAmdLetterDate>
    <ARRAAmount/>
    <AwardID>0501251</AwardID>
    <Investigator>
      <FirstName>Vikram</FirstName>
      <LastName>Dalal</LastName>
      <EmailAddress>vdalal@iastate.edu</EmailAddress>
      <StartDate>06/24/2005</StartDate>
      <EndDate/>
      <RoleCode>Principal Investigator</RoleCode>
    </Investigator>
    <Investigator>
      <FirstName>Frank</FirstName>
      <LastName>Jeffrey</LastName>
      <EmailAddress/>
      <StartDate>06/24/2005</StartDate>
      <EndDate/>
      <RoleCode>Co-Principal Investigator</RoleCode>
    </Investigator>
    <Institution>
      <Name>Iowa State University</Name>
      <CityName>AMES</CityName>
      <ZipCode>500112207</ZipCode>
      <PhoneNumber>5152945225</PhoneNumber>
      <StreetAddress>1138 Pearson</StreetAddress>
      <CountryName>United States</CountryName>
      <StateName>Iowa</StateName>
      <StateCode>IA</StateCode>
    </Institution>
    <FoaInformation>
      <Code>0206000</Code>
      <Name>Telecommunications</Name>
    </FoaInformation>
  </Award>
</rootTag>
