<?xml version="1.0" encoding="UTF-8"?>

<rootTag>
  <Award>
    <AwardTitle>Nonlinear Photonic Crystal Nanocavities and Waveguides</AwardTitle>
    <AwardEffectiveDate>05/01/2005</AwardEffectiveDate>
    <AwardExpirationDate>04/30/2009</AwardExpirationDate>
    <AwardAmount>240000</AwardAmount>
    <AwardInstrument>
      <Value>Standard Grant</Value>
    </AwardInstrument>
    <Organization>
      <Code>07010000</Code>
      <Directorate>
        <LongName>Directorate For Engineering</LongName>
      </Directorate>
      <Division>
        <LongName>Div Of Electrical, Commun &amp; Cyber Sys</LongName>
      </Division>
    </Organization>
    <ProgramOfficer>
      <SignBlockName>Dominique M. Dagenais</SignBlockName>
    </ProgramOfficer>
    <AbstractNarration>Science and Engineering Goals: The research will be based on the previous-grant breakthrough of strong coupling between a single quantum dot and a photonic crystal slab nanocavity. Strong-coupling nanocavities are the natural nanotechnological limit for the shrinking size of LED's and VCSEL's. Device improvement (larger splitting-to-linewidth ratio) will be sought by increasing Q (by reducing the quantum dot density which introduces background absorption) and decreasing the dipole dephasing rate g (by pumping the dot resonantly into its ground or excited state). Also quantum dots will be grown at shorter wavelengths (&lt;1000nm) where quantum detectors and Ti:Sa lasers make quantum research easier. For these new truly quantum nanodevices to find applications in quantum information processing, they need to be more accessible to control pulses. The nanocavities will be coupled to photonic crystal waveguides so light can be coupled in and out efficiently via end-fire coupling or grating couplers. Waveguide coupling will accelerate the study of nanocavity nonlinear optical switching and bistability in transmission geometry and eventually will interconnect nanocavities to form rudimentary integrated optical circuits. Collaborations with Professors Scherer (Caltech) and Moloney (Arizona) who have photonic crystal computational capabilities will help to determine the tradeoff between vertical access and waveguide access and to interpret our experimental measurements. The long term goal is to utilize the strong coupling dot-photon entanglement to construct a quantum phase gate and to transfer a quantum state enabling the sharing of entanglement among spatially distant quantum dots.&lt;br/&gt;&lt;br/&gt;Broader Impact: The two graduate students (one African American) participating in this research project will gain experience with manipulating and nanopositioning semiconductor samples, resolution-limited optics, cw and fs laser spectroscopy, weak signal detection, quantum physics, etc. They will share their research results at international meetings and publish them in refereed and broad-audience journals. The nanophotonics industry benefits from the education of undergraduate and graduate students in the basic physics and experimental skills of nanodevices. This project will further solidify the productive collaboration with Axel Scherer's renowned photonic crystal fabrication group at Caltech. This research will lead to advances in the fundamental understanding of quantum optical devices and to technological progress in semiconductor nanodevices. Making the cavity smaller and smaller, increasing the Q, and optimizing the coupling are as important for quantum-dot photonic-crystal lasers as for devices designed around strong coupling.</AbstractNarration>
    <MinAmdLetterDate>04/15/2005</MinAmdLetterDate>
    <MaxAmdLetterDate>04/15/2005</MaxAmdLetterDate>
    <ARRAAmount/>
    <AwardID>0501402</AwardID>
    <Investigator>
      <FirstName>Hyatt</FirstName>
      <LastName>Gibbs</LastName>
      <EmailAddress>hyattgibbs@att.net</EmailAddress>
      <StartDate>04/15/2005</StartDate>
      <EndDate/>
      <RoleCode>Principal Investigator</RoleCode>
    </Investigator>
    <Institution>
      <Name>University of Arizona</Name>
      <CityName>Tucson</CityName>
      <ZipCode>857194824</ZipCode>
      <PhoneNumber>5206266000</PhoneNumber>
      <StreetAddress>888 N Euclid Ave</StreetAddress>
      <CountryName>United States</CountryName>
      <StateName>Arizona</StateName>
      <StateCode>AZ</StateCode>
    </Institution>
    <FoaInformation>
      <Code>0206000</Code>
      <Name>Telecommunications</Name>
    </FoaInformation>
    <ProgramElement>
      <Code>1517</Code>
      <Text>ELECT, PHOTONICS, &amp; MAG DEVICE</Text>
    </ProgramElement>
    <ProgramReference>
      <Code>0000</Code>
      <Text>UNASSIGNED</Text>
    </ProgramReference>
    <ProgramReference>
      <Code>7237</Code>
      <Text>NANO NON-SOLIC SCI &amp; ENG AWD</Text>
    </ProgramReference>
    <ProgramReference>
      <Code>OTHR</Code>
      <Text>OTHER RESEARCH OR EDUCATION</Text>
    </ProgramReference>
  </Award>
</rootTag>
