<?xml version="1.0" encoding="UTF-8"?>

<rootTag>
  <Award>
    <AwardTitle>Representation theory of infinite-dimensional Lie superalgebras and related algebraic structures</AwardTitle>
    <AwardEffectiveDate>07/01/2005</AwardEffectiveDate>
    <AwardExpirationDate>06/30/2008</AwardExpirationDate>
    <AwardAmount>135399</AwardAmount>
    <AwardInstrument>
      <Value>Standard Grant</Value>
    </AwardInstrument>
    <Organization>
      <Code>03040200</Code>
      <Directorate>
        <LongName>Direct For Mathematical &amp; Physical Scien</LongName>
      </Directorate>
      <Division>
        <LongName>Division Of Mathematical Sciences</LongName>
      </Division>
    </Organization>
    <ProgramOfficer>
      <SignBlockName>Tomek Bartoszynski</SignBlockName>
    </ProgramOfficer>
    <AbstractNarration>The proposal is concentrated around six interrelated topics: &lt;br/&gt;&lt;br/&gt;(1) Quantum Hamiltonian reduction and representation theory &lt;br/&gt;of superconformal algebras. &lt;br/&gt;&lt;br/&gt;(2) Admissible representations of affine superalgebras &lt;br/&gt;and elliptic functions.&lt;br/&gt;&lt;br/&gt;(3) Non-linear Lie conformal superalgebras. &lt;br/&gt;&lt;br/&gt;(4) Representation theory of finite simple Lie conformal &lt;br/&gt;superalgebras and Lie pseudoalgebras.&lt;br/&gt;&lt;br/&gt;(5) Representation theory of linearly compact Lie &lt;br/&gt;superalgebras and the models of electroweak and strong &lt;br/&gt;interactions. &lt;br/&gt;&lt;br/&gt;(6) Classification of infinite-dimensional primitive Lie &lt;br/&gt;superalgebras. &lt;br/&gt;&lt;br/&gt;&lt;br/&gt;&lt;br/&gt;This research is motivated to a large degree by recent and &lt;br/&gt;not so recent developments in Theoretical Physics, such as &lt;br/&gt;the Standard Model and the Conformal field theory. It is &lt;br/&gt;concerned with several directions of the supersymmetry theory. &lt;br/&gt;Several longstanding open problems from Conformal field &lt;br/&gt;theory have been and are being solved using the quantization &lt;br/&gt;of the classical Hamiltonian reduction. The unifying notion &lt;br/&gt;is the new notions of linear and non-linear Lie conformal &lt;br/&gt;superalgebras, which are being under intensive investigation.</AbstractNarration>
    <MinAmdLetterDate>06/13/2005</MinAmdLetterDate>
    <MaxAmdLetterDate>06/13/2005</MaxAmdLetterDate>
    <ARRAAmount/>
    <AwardID>0501395</AwardID>
    <Investigator>
      <FirstName>Victor</FirstName>
      <LastName>Kac</LastName>
      <EmailAddress>kac@math.mit.edu</EmailAddress>
      <StartDate>06/13/2005</StartDate>
      <EndDate/>
      <RoleCode>Principal Investigator</RoleCode>
    </Investigator>
    <Institution>
      <Name>Massachusetts Institute of Technology</Name>
      <CityName>Cambridge</CityName>
      <ZipCode>021394301</ZipCode>
      <PhoneNumber>6172531000</PhoneNumber>
      <StreetAddress>77 MASSACHUSETTS AVE</StreetAddress>
      <CountryName>United States</CountryName>
      <StateName>Massachusetts</StateName>
      <StateCode>MA</StateCode>
    </Institution>
    <FoaInformation>
      <Code>0000099</Code>
      <Name>Other Applications NEC</Name>
    </FoaInformation>
    <ProgramElement>
      <Code>1264</Code>
      <Text>ALGEBRA,NUMBER THEORY,AND COM</Text>
    </ProgramElement>
    <ProgramReference>
      <Code>0000</Code>
      <Text>UNASSIGNED</Text>
    </ProgramReference>
    <ProgramReference>
      <Code>OTHR</Code>
      <Text>OTHER RESEARCH OR EDUCATION</Text>
    </ProgramReference>
  </Award>
</rootTag>
