<?xml version="1.0" encoding="UTF-8"?>

<rootTag>
  <Award>
    <AwardTitle>Orbit Equivalence Relations and Classification Problems</AwardTitle>
    <AwardEffectiveDate>06/15/2005</AwardEffectiveDate>
    <AwardExpirationDate>05/31/2009</AwardExpirationDate>
    <AwardAmount>91345</AwardAmount>
    <AwardInstrument>
      <Value>Standard Grant</Value>
    </AwardInstrument>
    <Organization>
      <Code>03040200</Code>
      <Directorate>
        <LongName>Direct For Mathematical &amp; Physical Scien</LongName>
      </Directorate>
      <Division>
        <LongName>Division Of Mathematical Sciences</LongName>
      </Division>
    </Organization>
    <ProgramOfficer>
      <SignBlockName>Tomek Bartoszynski</SignBlockName>
    </ProgramOfficer>
    <AbstractNarration>This project concerns two important aspects of the descriptive set theory of definable equivalence relations. On the theoretical side the PI proposes to study the structures of Polish groups and the dynamics of their actions. The scope of the groups ranges from countable nilpotent groups to the full unitary group. On the application side the PI proposes to study the major open problems concerning classification of mathematical structures arising in analysis, topology and geometry. The main focus, though, will be classification problems that are comparable to the orbit equivalence relations induced by actions of the unitary group. One example of such a problem is the classification of bounded linear operators on a separable complex Hilbert space.&lt;br/&gt;&lt;br/&gt;Many important open problems in various fields of mathematics ask for satisfactory classification of mathematical objects studied in the fields. These classification problems can often be formalized as definable equivalence relations, sometimes even orbit equivalence relations induced by Polish group actions. A striking theory of definable equivalence relations has been developed in the past 15 years or so and complete understanding of the complexity of many classification problems has thus been obtained. This project seeks further development of the descriptive set theory of definable equivalence relations. It is anticipated that mathematics of different fields be brought together in this foundational framework. For many of the old classification problems the descriptive set theoretic perspective is new and worth investigating.</AbstractNarration>
    <MinAmdLetterDate>06/15/2005</MinAmdLetterDate>
    <MaxAmdLetterDate>06/06/2008</MaxAmdLetterDate>
    <ARRAAmount/>
    <AwardID>0501039</AwardID>
    <Investigator>
      <FirstName>Su</FirstName>
      <LastName>Gao</LastName>
      <EmailAddress>sgao@unt.edu</EmailAddress>
      <StartDate>06/15/2005</StartDate>
      <EndDate/>
      <RoleCode>Principal Investigator</RoleCode>
    </Investigator>
    <Institution>
      <Name>University of North Texas</Name>
      <CityName>DENTON</CityName>
      <ZipCode>762035017</ZipCode>
      <PhoneNumber>9405653940</PhoneNumber>
      <StreetAddress>1155 Union Circle #305250</StreetAddress>
      <CountryName>United States</CountryName>
      <StateName>Texas</StateName>
      <StateCode>TX</StateCode>
    </Institution>
    <FoaInformation>
      <Code>0000099</Code>
      <Name>Other Applications NEC</Name>
    </FoaInformation>
  </Award>
</rootTag>
