<?xml version="1.0" encoding="UTF-8"?>

<rootTag>
  <Award>
    <AwardTitle>Algebraic Maps: Hodge Theory and Algebraic Cycles</AwardTitle>
    <AwardEffectiveDate>06/01/2005</AwardEffectiveDate>
    <AwardExpirationDate>05/31/2008</AwardExpirationDate>
    <AwardAmount>105000</AwardAmount>
    <AwardInstrument>
      <Value>Standard Grant</Value>
    </AwardInstrument>
    <Organization>
      <Code>03040200</Code>
      <Directorate>
        <LongName>Direct For Mathematical &amp; Physical Scien</LongName>
      </Directorate>
      <Division>
        <LongName>Division Of Mathematical Sciences</LongName>
      </Division>
    </Organization>
    <ProgramOfficer>
      <SignBlockName>Tie Luo</SignBlockName>
    </ProgramOfficer>
    <AbstractNarration>The investigator works on the topology of complex algebraic maps, &lt;br/&gt;with applications to algebraic cycles. The study of the relations between the topology of the domain and target of a map is &lt;br/&gt;interesting and has broad applications in the fields of geometry and topology. This project aims at&lt;br/&gt;1) Furthering the study and the understanding of the Hodge&lt;br/&gt;and Chow-theoretic properties of complex algebraic maps and at&lt;br/&gt;2) Explicitly studying these properties in significant cases.&lt;br/&gt;&lt;br/&gt;The term ``algebraic maps" above is a technical term for polynomial equations. Algebraic geometry is the discipline devoted to their study. It is an ancient subject rooted in the early achievements of humanity, like the wheel, the Egyptians' elliptical flowers arrangements and Archimedes' burning parabolic mirrors. Circles, ellipses and parabolas arise from the polynomial equations we study in high school. &lt;br/&gt;They are both beautiful and ubiquitous in nature as they describe many natural phenomena, from the motion of planets to the shape of leaves and flowers, to the behavior of microscopic particles. The funded project is strongly inclined towards pure research and proposes to study the deeper properties of the solutions to more complicated &lt;br/&gt;algebraic equations. As it has always been the case, pure and applied mathematics will influence each other and new abstract ideas will fuel the progress of applications.</AbstractNarration>
    <MinAmdLetterDate>06/09/2005</MinAmdLetterDate>
    <MaxAmdLetterDate>06/09/2005</MaxAmdLetterDate>
    <ARRAAmount/>
    <AwardID>0501020</AwardID>
    <Investigator>
      <FirstName>Mark Andrea</FirstName>
      <LastName>de Cataldo</LastName>
      <EmailAddress>mark.decataldo@stonybrook.edu</EmailAddress>
      <StartDate>06/09/2005</StartDate>
      <EndDate/>
      <RoleCode>Principal Investigator</RoleCode>
    </Investigator>
    <Institution>
      <Name>SUNY at Stony Brook</Name>
      <CityName>Stony Brook</CityName>
      <ZipCode>117940001</ZipCode>
      <PhoneNumber>6316329949</PhoneNumber>
      <StreetAddress>WEST 5510 FRK MEL LIB</StreetAddress>
      <CountryName>United States</CountryName>
      <StateName>New York</StateName>
      <StateCode>NY</StateCode>
    </Institution>
    <FoaInformation>
      <Code>0000099</Code>
      <Name>Other Applications NEC</Name>
    </FoaInformation>
    <ProgramElement>
      <Code>1264</Code>
      <Text>ALGEBRA,NUMBER THEORY,AND COM</Text>
    </ProgramElement>
    <ProgramReference>
      <Code>0000</Code>
      <Text>UNASSIGNED</Text>
    </ProgramReference>
    <ProgramReference>
      <Code>OTHR</Code>
      <Text>OTHER RESEARCH OR EDUCATION</Text>
    </ProgramReference>
  </Award>
</rootTag>
