<?xml version="1.0" encoding="UTF-8"?>

<rootTag>
  <Award>
    <AwardTitle>Planning Grant for a Resource Clearinghouse for Sustained Energy Technologies</AwardTitle>
    <AwardEffectiveDate>07/01/2005</AwardEffectiveDate>
    <AwardExpirationDate>12/31/2007</AwardExpirationDate>
    <AwardAmount>71000</AwardAmount>
    <AwardInstrument>
      <Value>Standard Grant</Value>
    </AwardInstrument>
    <Organization>
      <Code>11040100</Code>
      <Directorate>
        <LongName>Direct For Education and Human Resources</LongName>
      </Directorate>
      <Division>
        <LongName>Division Of Undergraduate Education</LongName>
      </Division>
    </Organization>
    <ProgramOfficer>
      <SignBlockName>David B. Campbell</SignBlockName>
    </ProgramOfficer>
    <AbstractNarration>This project is designed to plan for a Resource Clearinghouse for Sustainable Energy Technologies within the Advanced Technology Environment Education Center (ATEEC). The resource clearinghouse is intended to meet the needs of students, educators, and business and industry to supply the sustainable energy field with informed, qualified, and trained technicians through two-year colleges and other educational institutions. The resource clearinghouse includes professional development and support for educators, curriculum and educational materials for grades 10-14, and a collection and dissemination vehicle for sustainable energy resources including best program practices, articulated curricula for 2+2+2 programs, information from NSF ATE centers that develop sustainable energy curricula, and information about working with outside agencies and research institutions.&lt;br/&gt;&lt;br/&gt;Intellectual Merit: Evolving and improved instructional methodology and technical advances in the field of sustainable energy require a focused effort to assure that high impact educational practices are understood and utilized. Combining the leadership, knowledge, expertise, and resources of high schools, community colleges, ATE Centers, business and industry, government agencies, national laboratories, and four-year colleges and universities, the 28 partners are well-positioned to conduct the planning, development, and implementation of an NSF Resource Center for Sustainable Energy within the ATEEC Center. While providing for the curriculum and faculty training necessary to provide skilled workers and highly trained technicians, the resource center moves relevant research in workforce needs and advanced technology to the education setting. &lt;br/&gt;&lt;br/&gt;Broader Impacts: The field of sustainable energy technologies is evolving and requires the flow of information from education to industry and from industry to education. From hydrogen fuel cells to sustainable building, the field is dynamic. Because of ever-increasing demand for energy use and because energy use impacts the environment in irreversible ways, the field of energy efficiency/renewable energy and sustainable practices are a rapidly growing advanced technology environmental area that requires considerable knowledge of science, technology, engineering, and mathematics. It is one of 12 sectors that is projected to add a substantial number of jobs, have a significant impact on the economy, and impact the growth of other industries. It is being transformed by technology and innovation requiring new skill sets.</AbstractNarration>
    <MinAmdLetterDate>05/17/2005</MinAmdLetterDate>
    <MaxAmdLetterDate>08/03/2007</MaxAmdLetterDate>
    <ARRAAmount/>
    <AwardID>0501145</AwardID>
    <Investigator>
      <FirstName>Rudi</FirstName>
      <LastName>Luyendijk</LastName>
      <EmailAddress>rluyendijk@eicc.edu</EmailAddress>
      <StartDate>07/21/2006</StartDate>
      <EndDate>12/20/2006</EndDate>
      <RoleCode>Former Principal Investigator</RoleCode>
    </Investigator>
    <Investigator>
      <FirstName>Ellen</FirstName>
      <LastName>Kabat Lensch</LastName>
      <EmailAddress>ekabatlensch@eicc.edu</EmailAddress>
      <StartDate>12/20/2006</StartDate>
      <EndDate/>
      <RoleCode>Principal Investigator</RoleCode>
    </Investigator>
    <Institution>
      <Name>Eastern Iowa Community College</Name>
      <CityName>davenport</CityName>
      <ZipCode>528011221</ZipCode>
      <PhoneNumber>5633363300</PhoneNumber>
      <StreetAddress>306 West River Drive</StreetAddress>
      <CountryName>United States</CountryName>
      <StateName>Iowa</StateName>
      <StateCode>IA</StateCode>
    </Institution>
    <FoaInformation>
      <Code>0000099</Code>
      <Name>Other Applications NEC</Name>
    </FoaInformation>
    <ProgramElement>
      <Code>7271</Code>
      <Text>TEACHER PROFESSIONAL CONTINUUM</Text>
    </ProgramElement>
    <ProgramElement>
      <Code>7412</Code>
      <Text>ADVANCED TECH EDUCATION PROG</Text>
    </ProgramElement>
    <ProgramReference>
      <Code>1032</Code>
      <Text>ADVANCED TECHNOLOGY EDUCATION</Text>
    </ProgramReference>
    <ProgramReference>
      <Code>9178</Code>
      <Text>UNDERGRADUATE EDUCATION</Text>
    </ProgramReference>
    <ProgramReference>
      <Code>SMET</Code>
      <Text>SCIENCE, MATH, ENG &amp; TECH EDUCATION</Text>
    </ProgramReference>
  </Award>
</rootTag>
