<?xml version="1.0" encoding="UTF-8"?>

<rootTag>
  <Award>
    <AwardTitle>Ergodic Theory and Interacting Particle Systems</AwardTitle>
    <AwardEffectiveDate>07/01/2005</AwardEffectiveDate>
    <AwardExpirationDate>06/30/2009</AwardExpirationDate>
    <AwardAmount>96999</AwardAmount>
    <AwardInstrument>
      <Value>Continuing grant</Value>
    </AwardInstrument>
    <Organization>
      <Code>03040100</Code>
      <Directorate>
        <LongName>Direct For Mathematical &amp; Physical Scien</LongName>
      </Directorate>
      <Division>
        <LongName>Division Of Mathematical Sciences</LongName>
      </Division>
    </Organization>
    <ProgramOfficer>
      <SignBlockName>Joe W. Jenkins</SignBlockName>
    </ProgramOfficer>
    <AbstractNarration>Abstract&lt;br/&gt;&lt;br/&gt;There is a long and fruitful history of interaction between&lt;br/&gt;various branches of analysis and probability theory. This&lt;br/&gt;proposal focuses furthering these connections, both by applying&lt;br/&gt;recent results in probability to analyze dynamical systems, and&lt;br/&gt;using ergodic theory and other branches of analysis, to study&lt;br/&gt;questions in probability. Two probabilistic models which have&lt;br/&gt;seen large contributions from ergodic theory are first passage&lt;br/&gt;percolation and Richardson's growth model. The work in this&lt;br/&gt;proposal aims to apply techniques from ergodic theory to study&lt;br/&gt;questions of coexistence of multiple infections in Richardson's&lt;br/&gt;growth models and the existence of one sided geodesics in first&lt;br/&gt;passage percolation. One proposed application of probability&lt;br/&gt;results to study dynamical systems is the use of domino tilings&lt;br/&gt;the possible ergodic properties of two dimensional subshifts of&lt;br/&gt;finite type. Another is to use recent advances in necessary&lt;br/&gt;conditions for ergodicity of g measures to answer a longstanding&lt;br/&gt;open question about the necessary conditions modulus of continuity&lt;br/&gt;of an Anosov map on the torus which ensures ergodicity of the&lt;br/&gt;corresponding measure preserving system.&lt;br/&gt;&lt;br/&gt;&lt;br/&gt;&lt;br/&gt;&lt;br/&gt;Mathematicians have long used probabilistic models to gain&lt;br/&gt;understanding of complex physical, biological and social systems.&lt;br/&gt;Examples of these models include the Ising model to understand the&lt;br/&gt;process of magnetization, random graphs to study the spread of&lt;br/&gt;disease through sexual contact, and Richardson's growth model to&lt;br/&gt;understand the spread of infection. This proposal aims to&lt;br/&gt;contribute to this field by using new techniques in the&lt;br/&gt;mathematical field of dynamical systems to analyze probabilistic&lt;br/&gt;models inspired by physics and biology.</AbstractNarration>
    <MinAmdLetterDate>04/27/2005</MinAmdLetterDate>
    <MaxAmdLetterDate>03/09/2007</MaxAmdLetterDate>
    <ARRAAmount/>
    <AwardID>0501102</AwardID>
    <Investigator>
      <FirstName>Christopher</FirstName>
      <LastName>Hoffman</LastName>
      <EmailAddress>hoffman@math.washington.edu</EmailAddress>
      <StartDate>04/27/2005</StartDate>
      <EndDate/>
      <RoleCode>Principal Investigator</RoleCode>
    </Investigator>
    <Institution>
      <Name>University of Washington</Name>
      <CityName>Seattle</CityName>
      <ZipCode>981950001</ZipCode>
      <PhoneNumber>2065434043</PhoneNumber>
      <StreetAddress>4333 Brooklyn Ave NE</StreetAddress>
      <CountryName>United States</CountryName>
      <StateName>Washington</StateName>
      <StateCode>WA</StateCode>
    </Institution>
    <FoaInformation>
      <Code>0000099</Code>
      <Name>Other Applications NEC</Name>
    </FoaInformation>
    <ProgramElement>
      <Code>1281</Code>
      <Text>ANALYSIS PROGRAM</Text>
    </ProgramElement>
    <ProgramReference>
      <Code>0000</Code>
      <Text>UNASSIGNED</Text>
    </ProgramReference>
    <ProgramReference>
      <Code>OTHR</Code>
      <Text>OTHER RESEARCH OR EDUCATION</Text>
    </ProgramReference>
  </Award>
</rootTag>
