<?xml version="1.0" encoding="UTF-8"?>

<rootTag>
  <Award>
    <AwardTitle>Arithmetic Progressions and the Hypergraph Regularity Method</AwardTitle>
    <AwardEffectiveDate>06/15/2005</AwardEffectiveDate>
    <AwardExpirationDate>08/31/2006</AwardExpirationDate>
    <AwardAmount>68471</AwardAmount>
    <AwardInstrument>
      <Value>Standard Grant</Value>
    </AwardInstrument>
    <Organization>
      <Code>03040200</Code>
      <Directorate>
        <LongName>Direct For Mathematical &amp; Physical Scien</LongName>
      </Directorate>
      <Division>
        <LongName>Division Of Mathematical Sciences</LongName>
      </Division>
    </Organization>
    <ProgramOfficer>
      <SignBlockName>Tomek Bartoszynski</SignBlockName>
    </ProgramOfficer>
    <AbstractNarration>The proposed research focuses on an &lt;br/&gt;interplay between deterministic combinatorial structures and&lt;br/&gt;random combinatorial structures. &lt;br/&gt;Szemer\'edi's regularity lemma, a&lt;br/&gt;central component in this interaction, asserts&lt;br/&gt;that every graph &lt;br/&gt;can be decomposed into constantly many random-like subgraphs. From&lt;br/&gt;this random-like behavior provided by Szemer\'edi's lemma, &lt;br/&gt;one may find and enumerate subgraphs&lt;br/&gt;of a fixed isomorphism type, culminating in what is known as the regularity&lt;br/&gt;method for graphs. &lt;br/&gt;This method&lt;br/&gt;has proved useful in graph theory, combinatorial geometry, &lt;br/&gt;combinatorial number theory and theoretical computer science. &lt;br/&gt;Recent work of the PI and collaborators developed the so-called &lt;br/&gt;hypergraph regularity method which extends the regularity method&lt;br/&gt;for graphs to uniform hypergraphs, and in turn, provides alternative proofs to some well-known&lt;br/&gt;partition theorems originally due to Szemer\'edi, Furstenberg and Katznelson. &lt;br/&gt;The hypergraph regularity method should prove useful to many extremal combinatorial problems.&lt;br/&gt;The PI will investigate such applications. The PI also aims to develop structural and algorithmic&lt;br/&gt;extensions of the hypergraph regularity method. &lt;br/&gt;Such extensions would deepen our understanding of quasi-random hypergraph theory&lt;br/&gt;and further the reach of the current hypergraph regularity method&lt;br/&gt;as an applicable tool in combinatorial mathematics. &lt;br/&gt;&lt;br/&gt;&lt;br/&gt;Combinatorics provides a principle mathematical foundation for&lt;br/&gt;computer science, and in particular, theoretical computer science. &lt;br/&gt;Many difficult problems in computer science, in turn, seek efficient algorithms for solving or estimating solutions to combinatorially-based problems. &lt;br/&gt;The algorithmic version of Szemer\'edi's regularity lemma (developed more than 10 years after Szemer\'edi proved the original) transforms many existential results proved by the graph &lt;br/&gt;regularity method into constructive solutions to corresponding algorithmic questions.&lt;br/&gt;In particular, graph regularity methods have proved invaluable to the &lt;br/&gt;area of property testing, important in theoretical computer science. &lt;br/&gt;A fully algorithmic version of the hypergraph regularity method would&lt;br/&gt;provide an important tool for solving algorithmic questions&lt;br/&gt;concerning hypergraphs. The PI will investigate such an algorithmic extension and will&lt;br/&gt;consider some of its applications to problems in computer science.</AbstractNarration>
    <MinAmdLetterDate>04/11/2005</MinAmdLetterDate>
    <MaxAmdLetterDate>04/11/2005</MaxAmdLetterDate>
    <ARRAAmount/>
    <AwardID>0501090</AwardID>
    <Investigator>
      <FirstName>Brendan</FirstName>
      <LastName>Nagle</LastName>
      <EmailAddress>bnagle@usf.edu</EmailAddress>
      <StartDate>04/11/2005</StartDate>
      <EndDate/>
      <RoleCode>Principal Investigator</RoleCode>
    </Investigator>
    <Institution>
      <Name>Board of Regents, NSHE, obo University of Nevada, Reno</Name>
      <CityName>Reno</CityName>
      <ZipCode>895570001</ZipCode>
      <PhoneNumber>7757844040</PhoneNumber>
      <StreetAddress>1664 North Virginia Street</StreetAddress>
      <CountryName>United States</CountryName>
      <StateName>Nevada</StateName>
      <StateCode>NV</StateCode>
    </Institution>
    <FoaInformation>
      <Code>0000099</Code>
      <Name>Other Applications NEC</Name>
    </FoaInformation>
    <ProgramElement>
      <Code>1264</Code>
      <Text>ALGEBRA,NUMBER THEORY,AND COM</Text>
    </ProgramElement>
    <ProgramReference>
      <Code>0000</Code>
      <Text>UNASSIGNED</Text>
    </ProgramReference>
    <ProgramReference>
      <Code>9150</Code>
      <Text>EXP PROG TO STIM COMP RES</Text>
    </ProgramReference>
    <ProgramReference>
      <Code>OTHR</Code>
      <Text>OTHER RESEARCH OR EDUCATION</Text>
    </ProgramReference>
  </Award>
</rootTag>
