<?xml version="1.0" encoding="UTF-8"?>

<rootTag>
  <Award>
    <AwardTitle>Weil-etale cohomology of arithmetic schemes</AwardTitle>
    <AwardEffectiveDate>07/15/2005</AwardEffectiveDate>
    <AwardExpirationDate>06/30/2009</AwardExpirationDate>
    <AwardAmount>105350</AwardAmount>
    <AwardInstrument>
      <Value>Standard Grant</Value>
    </AwardInstrument>
    <Organization>
      <Code>03040200</Code>
      <Directorate>
        <LongName>Direct For Mathematical &amp; Physical Scien</LongName>
      </Directorate>
      <Division>
        <LongName>Division Of Mathematical Sciences</LongName>
      </Division>
    </Organization>
    <ProgramOfficer>
      <SignBlockName>Tomek Bartoszynski</SignBlockName>
    </ProgramOfficer>
    <AbstractNarration>The proposer has constructed a Grothendieck topology for varieties over finite fields &lt;br/&gt;such that, modulo standard conjectures, special values of zeta-functions can be &lt;br/&gt;computed as Euler characteristics (in a suitable sense) of certain motivic sheaves or &lt;br/&gt;complexes of sheaves. He now intends to work on the construction of a similar &lt;br/&gt;Grothendieck topology for schemes over number rings. &lt;br/&gt;&lt;br/&gt;The Riemann zeta-function (discovered by Riemann in the nineteenth century) and its &lt;br/&gt;generalizations express many deep relations between analysis and number theory. &lt;br/&gt;These relations should be consequences of a deep underlying topological structure. &lt;br/&gt;This project is an investigation into the properties which that structure would have to possess.</AbstractNarration>
    <MinAmdLetterDate>07/07/2005</MinAmdLetterDate>
    <MaxAmdLetterDate>07/07/2005</MaxAmdLetterDate>
    <ARRAAmount/>
    <AwardID>0501064</AwardID>
    <Investigator>
      <FirstName>Stephen</FirstName>
      <LastName>Lichtenbaum</LastName>
      <EmailAddress>Stephen_Lichtenbaum@Brown.edu</EmailAddress>
      <StartDate>07/07/2005</StartDate>
      <EndDate/>
      <RoleCode>Principal Investigator</RoleCode>
    </Investigator>
    <Institution>
      <Name>Brown University</Name>
      <CityName>Providence</CityName>
      <ZipCode>029129002</ZipCode>
      <PhoneNumber>4018632777</PhoneNumber>
      <StreetAddress>BOX 1929</StreetAddress>
      <CountryName>United States</CountryName>
      <StateName>Rhode Island</StateName>
      <StateCode>RI</StateCode>
    </Institution>
    <FoaInformation>
      <Code>0000099</Code>
      <Name>Other Applications NEC</Name>
    </FoaInformation>
    <ProgramElement>
      <Code>1264</Code>
      <Text>ALGEBRA,NUMBER THEORY,AND COM</Text>
    </ProgramElement>
    <ProgramReference>
      <Code>0000</Code>
      <Text>UNASSIGNED</Text>
    </ProgramReference>
    <ProgramReference>
      <Code>9150</Code>
      <Text>EXP PROG TO STIM COMP RES</Text>
    </ProgramReference>
    <ProgramReference>
      <Code>OTHR</Code>
      <Text>OTHER RESEARCH OR EDUCATION</Text>
    </ProgramReference>
  </Award>
</rootTag>
