<?xml version="1.0" encoding="UTF-8"?>

<rootTag>
  <Award>
    <AwardTitle>Collaborative Project: C-SPIRIT: Coastline - Seamless Articulation Program for Informatics Recruitment and Intersegmental Transfer</AwardTitle>
    <AwardEffectiveDate>09/15/2005</AwardEffectiveDate>
    <AwardExpirationDate>08/31/2009</AwardExpirationDate>
    <AwardAmount>133570</AwardAmount>
    <AwardInstrument>
      <Value>Standard Grant</Value>
    </AwardInstrument>
    <Organization>
      <Code>11040100</Code>
      <Directorate>
        <LongName>Direct For Education and Human Resources</LongName>
      </Directorate>
      <Division>
        <LongName>Division Of Undergraduate Education</LongName>
      </Division>
    </Organization>
    <ProgramOfficer>
      <SignBlockName>Lance C. Perez</SignBlockName>
    </ProgramOfficer>
    <AbstractNarration>(31) Computer Science and Engineering &lt;br/&gt;This collaborative Coastline-Seamless Articulation Program for Informatics Recruitment and Intersegmental Transfer (C-SPIRIT) project is creating a fully articulated Informatics program between Coastline Community College and the University of California, Irvine. Informatics is defined as a focus on computing in context. While software engineering is at the heart of informatics, it includes the study of the design, application, use and impact of information technology to real world problems. In addition to a considerable portion of the core of computer science, informatics incorporates significant aspects of other disciplines such as social science, cognitive science, computer-supported collaborative work, human-computer interaction, and organizational studies. &lt;br/&gt;&lt;br/&gt;Curriculum and courses that have been developed at UC Irvine for their new BS Degree in Informatics are being adapted for community college students to provide pathways to a BS degree or to enter the workforce after receiving an Informatics Certificate or Associates Degree. Areas of employment include computer support specialist, which is representative of the multitude of jobs available for informatics graduates within the local service area of Orange County. Faculty members at Coastline are being trained in informatics curriculum and methodology. Recruitment processes target women, minorities and first-generation college students. Students entering the program are being organized into cohorts and are supported by the Student Success Center at Coastline. The project is deploying learning strategies to develop students' problem solving and critical thinking skills. Dissemination is through a number of conferences including the Annual Convention of the American Association of Community Colleges, League for Innovation in Community Colleges and through the C-SPIRIT End-of-Project Informatics Conference at UC Irvine.</AbstractNarration>
    <MinAmdLetterDate>09/16/2005</MinAmdLetterDate>
    <MaxAmdLetterDate>09/16/2005</MaxAmdLetterDate>
    <ARRAAmount/>
    <AwardID>0501911</AwardID>
    <Investigator>
      <FirstName>Debra</FirstName>
      <LastName>Richardson</LastName>
      <EmailAddress>djr@uci.edu</EmailAddress>
      <StartDate>09/16/2005</StartDate>
      <EndDate/>
      <RoleCode>Co-Principal Investigator</RoleCode>
    </Investigator>
    <Investigator>
      <FirstName>Adriaan</FirstName>
      <LastName>van der Hoek</LastName>
      <EmailAddress>andre@ics.uci.edu</EmailAddress>
      <StartDate>09/16/2005</StartDate>
      <EndDate/>
      <RoleCode>Principal Investigator</RoleCode>
    </Investigator>
    <Institution>
      <Name>University of California-Irvine</Name>
      <CityName>Irvine</CityName>
      <ZipCode>926173213</ZipCode>
      <PhoneNumber>9498247295</PhoneNumber>
      <StreetAddress>141 Innovation Drive, Ste 250</StreetAddress>
      <CountryName>United States</CountryName>
      <StateName>California</StateName>
      <StateCode>CA</StateCode>
    </Institution>
    <FoaInformation>
      <Code>0000099</Code>
      <Name>Other Applications NEC</Name>
    </FoaInformation>
    <FoaInformation>
      <Code>0116000</Code>
      <Name>Human Subjects</Name>
    </FoaInformation>
    <ProgramElement>
      <Code>7412</Code>
      <Text>ADVANCED TECH EDUCATION PROG</Text>
    </ProgramElement>
    <ProgramReference>
      <Code>1032</Code>
      <Text>ADVANCED TECHNOLOGY EDUCATION</Text>
    </ProgramReference>
    <ProgramReference>
      <Code>9178</Code>
      <Text>UNDERGRADUATE EDUCATION</Text>
    </ProgramReference>
    <ProgramReference>
      <Code>SMET</Code>
      <Text>SCIENCE, MATH, ENG &amp; TECH EDUCATION</Text>
    </ProgramReference>
  </Award>
</rootTag>
