<?xml version="1.0" encoding="UTF-8"?>

<rootTag>
  <Award>
    <AwardTitle>EMSW21-RTG: Integrated Approach to GraduateTraining in Analysis and Geometry</AwardTitle>
    <AwardEffectiveDate>09/01/2005</AwardEffectiveDate>
    <AwardExpirationDate>08/31/2012</AwardExpirationDate>
    <AwardAmount>1494246</AwardAmount>
    <AwardInstrument>
      <Value>Continuing grant</Value>
    </AwardInstrument>
    <Organization>
      <Code>03040000</Code>
      <Directorate>
        <LongName>Direct For Mathematical &amp; Physical Scien</LongName>
      </Directorate>
      <Division>
        <LongName>Division Of Mathematical Sciences</LongName>
      </Division>
    </Organization>
    <ProgramOfficer>
      <SignBlockName>Bruce P. Palka</SignBlockName>
    </ProgramOfficer>
    <AbstractNarration>The proposal envisions measures to be taken in order to increase the number and quality of U.S. mathematics graduate students who specialize in the areas of Analysis and Geometry. Our immediate goal is to make Princeton a flagship department in training graduate students as well as advanced undergraduates, who will be prepared to do high level research on problems which require a large degree of interaction between various areas of Geometry and Analysis with relevance to Mathematical Physics and other applications. A more important long-term goal is to ensure that U.S. research in the areas mentioned above, and other related areas of science and engineering, remains second to none.</AbstractNarration>
    <MinAmdLetterDate>06/06/2005</MinAmdLetterDate>
    <MaxAmdLetterDate>07/21/2011</MaxAmdLetterDate>
    <ARRAAmount/>
    <AwardID>0502295</AwardID>
    <Investigator>
      <FirstName>Alice</FirstName>
      <LastName>Chang</LastName>
      <EmailAddress>chang@math.princeton.edu</EmailAddress>
      <StartDate>06/06/2005</StartDate>
      <EndDate/>
      <RoleCode>Co-Principal Investigator</RoleCode>
    </Investigator>
    <Investigator>
      <FirstName>Sergiu</FirstName>
      <LastName>Klainerman</LastName>
      <EmailAddress>seri@math.princeton.edu</EmailAddress>
      <StartDate>06/06/2005</StartDate>
      <EndDate/>
      <RoleCode>Principal Investigator</RoleCode>
    </Investigator>
    <Investigator>
      <FirstName>Elias</FirstName>
      <LastName>Stein</LastName>
      <EmailAddress>stein@math.princeton.edu</EmailAddress>
      <StartDate>06/06/2005</StartDate>
      <EndDate/>
      <RoleCode>Co-Principal Investigator</RoleCode>
    </Investigator>
    <Investigator>
      <FirstName>Igor</FirstName>
      <LastName>Rodnianski</LastName>
      <EmailAddress>irod@math.princeton.edu</EmailAddress>
      <StartDate>06/06/2005</StartDate>
      <EndDate/>
      <RoleCode>Co-Principal Investigator</RoleCode>
    </Investigator>
    <Investigator>
      <FirstName>Gang</FirstName>
      <LastName>Tian</LastName>
      <EmailAddress>tian@math.princeton.edu</EmailAddress>
      <StartDate>06/06/2005</StartDate>
      <EndDate/>
      <RoleCode>Co-Principal Investigator</RoleCode>
    </Investigator>
    <Institution>
      <Name>Princeton University</Name>
      <CityName>Princeton</CityName>
      <ZipCode>085442020</ZipCode>
      <PhoneNumber>6092583090</PhoneNumber>
      <StreetAddress>Off. of Research &amp; Proj. Admin.</StreetAddress>
      <CountryName>United States</CountryName>
      <StateName>New Jersey</StateName>
      <StateCode>NJ</StateCode>
    </Institution>
    <FoaInformation>
      <Code>0000099</Code>
      <Name>Other Applications NEC</Name>
    </FoaInformation>
  </Award>
</rootTag>
