<?xml version="1.0" encoding="UTF-8"?>

<rootTag>
  <Award>
    <AwardTitle>Collaborative Research: Full-Holocene Decadal-Scale Isotopic Paleoclimate Record from Speleothems, Oregon Coast Range</AwardTitle>
    <AwardEffectiveDate>06/15/2005</AwardEffectiveDate>
    <AwardExpirationDate>05/31/2009</AwardExpirationDate>
    <AwardAmount>105398</AwardAmount>
    <AwardInstrument>
      <Value>Continuing grant</Value>
    </AwardInstrument>
    <Organization>
      <Code>06020108</Code>
      <Directorate>
        <LongName>Directorate For Geosciences</LongName>
      </Directorate>
      <Division>
        <LongName>Div Atmospheric &amp; Geospace Sciences</LongName>
      </Division>
    </Organization>
    <ProgramOfficer>
      <SignBlockName>David J. Verardo</SignBlockName>
    </ProgramOfficer>
    <AbstractNarration>This project will use speleothems from southwestern Oregon, a region that is heavily influenced by maritime air masses emanating from the Pacific Ocean, to develop new and innovative high-resolution records in western North America. Available well-dated climate records from the Pacific Northwest show interannual-to-decadal variability but span only the last ~500 years and are thus unable to address whether high-frequency climate variability is a persistent feature over longer time intervals. The researchers will fill this science gap by obtain a decadal-scale records from speleothems. Their main scientific objective is to document how coupled atmosphere-ocean-terrestrial interactions have affected North America during the Holocene. &lt;br/&gt;&lt;br/&gt;The project will also explore linkages between Holocene climate variability in the latitude band of the northern hemisphere Westerlies where they enter North America, and other regions such as the North Atlantic, which appears to respond to quasi-periodic forcing by solar irradiance, and the equatorial Pacific, in which the frequency and intensity of El Nino-Southern Oscillation (ENSO) events are hypothesized to have changed in complex ways in response to gradual changes in Earth's orbit through the Holocene.&lt;br/&gt;&lt;br/&gt;The science resulting from this project will aid in the development of high-resolution (decadal) records of regional climate in the Pacific Northwest from a near-coastal site. These records are expected to improve understanding of past climate variability, and enhance projections of future climate change. Undergraduate and graduate students and postdoctoral scholars will be involved in this study thereby providing an excellent opportunity to participate and contribute to research in an emerging field of inquiry. The results of this research will be translated into educational products for visitors to Oregon Caves National Monument.</AbstractNarration>
    <MinAmdLetterDate>06/15/2005</MinAmdLetterDate>
    <MaxAmdLetterDate>05/01/2007</MaxAmdLetterDate>
    <ARRAAmount/>
    <AwardID>0502242</AwardID>
    <Investigator>
      <FirstName>R. Lawrence</FirstName>
      <LastName>Edwards</LastName>
      <EmailAddress>edwar001@umn.edu</EmailAddress>
      <StartDate>06/15/2005</StartDate>
      <EndDate/>
      <RoleCode>Principal Investigator</RoleCode>
    </Investigator>
    <Institution>
      <Name>University of Minnesota-Twin Cities</Name>
      <CityName>Minneapolis</CityName>
      <ZipCode>554552070</ZipCode>
      <PhoneNumber>6126245599</PhoneNumber>
      <StreetAddress>200 OAK ST SE</StreetAddress>
      <CountryName>United States</CountryName>
      <StateName>Minnesota</StateName>
      <StateCode>MN</StateCode>
    </Institution>
    <FoaInformation>
      <Code>0000099</Code>
      <Name>Other Applications NEC</Name>
    </FoaInformation>
  </Award>
</rootTag>
