<?xml version="1.0" encoding="UTF-8"?>

<rootTag>
  <Award>
    <AwardTitle>Reflector Problem, Equations of Monge-Ampere Type and Fully Nonlinear Equations</AwardTitle>
    <AwardEffectiveDate>07/01/2005</AwardEffectiveDate>
    <AwardExpirationDate>06/30/2009</AwardExpirationDate>
    <AwardAmount>77306</AwardAmount>
    <AwardInstrument>
      <Value>Standard Grant</Value>
    </AwardInstrument>
    <Organization>
      <Code>03040100</Code>
      <Directorate>
        <LongName>Direct For Mathematical &amp; Physical Scien</LongName>
      </Directorate>
      <Division>
        <LongName>Division Of Mathematical Sciences</LongName>
      </Division>
    </Organization>
    <ProgramOfficer>
      <SignBlockName>Joe W. Jenkins</SignBlockName>
    </ProgramOfficer>
    <AbstractNarration>Reflector Problem, Equations of Monge-Ampere Type and&lt;br/&gt;Fully Nonlinear Equations&lt;br/&gt;&lt;br/&gt;Abstract of Proposed Research&lt;br/&gt;&lt;br/&gt;Principal Investigator: Qingbo Huang&lt;br/&gt;&lt;br/&gt;&lt;br/&gt;&lt;br/&gt;This project is to study a number of topics involving fully nonlinear second order equations and equations of Monge-Ampere type. The first question is the analysis of the equation that governs the design of reflector antennae in optics and electrical engineering. Other questions include some about the regularity and qualitative properties of the degenerate Monge-Ampere equation, the linearized Monge-Ampere equation and the affine maximal surface equation. Much of the proposed research involves the derivation of various estimates on the solutions of these equations. These estimates will then be used to prove existence theorems in various function spaces. This will require the use of methods from geometry, functional and real analysis as well as those of partial differential equations and involves many challenging questions. &lt;br/&gt;&lt;br/&gt;It is expected that these results could help the development of better algorithms for antenna design and related problems in optics, acoustics and electromagnetic field theory.&lt;br/&gt;It should also promote further interaction between engineering and mathematics.</AbstractNarration>
    <MinAmdLetterDate>04/06/2005</MinAmdLetterDate>
    <MaxAmdLetterDate>04/06/2005</MaxAmdLetterDate>
    <ARRAAmount/>
    <AwardID>0502045</AwardID>
    <Investigator>
      <FirstName>Qingbo</FirstName>
      <LastName>Huang</LastName>
      <EmailAddress>qingbo.huang@wright.edu</EmailAddress>
      <StartDate>04/06/2005</StartDate>
      <EndDate/>
      <RoleCode>Principal Investigator</RoleCode>
    </Investigator>
    <Institution>
      <Name>Wright State University</Name>
      <CityName>Dayton</CityName>
      <ZipCode>454350001</ZipCode>
      <PhoneNumber>9377752425</PhoneNumber>
      <StreetAddress>3640 Colonel Glenn Highway</StreetAddress>
      <CountryName>United States</CountryName>
      <StateName>Ohio</StateName>
      <StateCode>OH</StateCode>
    </Institution>
    <FoaInformation>
      <Code>0000099</Code>
      <Name>Other Applications NEC</Name>
    </FoaInformation>
  </Award>
</rootTag>
