<?xml version="1.0" encoding="UTF-8"?>

<rootTag>
  <Award>
    <AwardTitle>Collaborative Research: Lake Peten-Itza Drilling Project, Guatemala: A Terrestrial Archive of Northern Neotropical Climate and Environmental Change for the Last Climate Cycle</AwardTitle>
    <AwardEffectiveDate>05/01/2005</AwardEffectiveDate>
    <AwardExpirationDate>04/30/2008</AwardExpirationDate>
    <AwardAmount>36642</AwardAmount>
    <AwardInstrument>
      <Value>Standard Grant</Value>
    </AwardInstrument>
    <Organization>
      <Code>06020108</Code>
      <Directorate>
        <LongName>Directorate For Geosciences</LongName>
      </Directorate>
      <Division>
        <LongName>Div Atmospheric &amp; Geospace Sciences</LongName>
      </Division>
    </Organization>
    <ProgramOfficer>
      <SignBlockName>David J. Verardo</SignBlockName>
    </ProgramOfficer>
    <AbstractNarration>The researchers in this collaborative project seek to use GLAD800 (the Global Lake Drilling 800) system to retrieve sediment cores from Lake Peten-Itza in northern Guatemala to study climate variability in lowland Central America during the late Pleistocene and Holocene on time scales ranging from decades to millennia. &lt;br/&gt;&lt;br/&gt;The researchers hypothesize that changes in the mean meridional position of the Atlantic inter-tropical convergence zone (ITCZ) are responsible for rainfall variations in the northern lowland Neotropics on interannual to multi-millennial time scales. The ITCZ is a region within 5 degrees of the equator where the trade winds converge to form low atmospheric pressure, enhancing precipitation and influencing global circulation. Coupled general circulation models indicate high sensitivity to climate and circulation changes in the high-latitude North Atlantic. &lt;br/&gt;&lt;br/&gt;Specifically, the researchers will establish marine-terrestrial linkages by correlating rainfall and runoff proxies in sediment cores from Lake Peten-Itza with those from the Cariaco Basin, northern Venezuela, to determine regional precipitation changes. In turn, the Peten-Itza and Cariaco records will be compared with proxy signals from the high latitudes of the North Atlantic to assess linkages with that region. It is believed that terrestrial-marine-ice correlations of paleoclimate archives at sub-millennial time scales can be used to decipher the history of the northern Neotropic hydrologic cycle, its relation to the Atlantic ITCZ, and linkages to climate in the high-latitude North Atlantic. To accomplish this, six primary drilling sites have been identified in Lake Peten-Itza on the basis of detailed seismic surveys. &lt;br/&gt;&lt;br/&gt;The Peten-Itza Scientific Drilling Project will have a strong education and outreach component through ongoing, close, and active collaboration with colleagues at Guatemalan universities (UVG and UNSC) in the research agenda. Both U.S. and Guatemalan undergraduate and graduate students will be directly and significantly involved in the research.</AbstractNarration>
    <MinAmdLetterDate>04/14/2005</MinAmdLetterDate>
    <MaxAmdLetterDate>04/14/2005</MaxAmdLetterDate>
    <ARRAAmount/>
    <AwardID>0502307</AwardID>
    <Investigator>
      <FirstName>Christina</FirstName>
      <LastName>Gallup</LastName>
      <EmailAddress>cgallup@d.umn.edu</EmailAddress>
      <StartDate>04/14/2005</StartDate>
      <EndDate/>
      <RoleCode>Principal Investigator</RoleCode>
    </Investigator>
    <Institution>
      <Name>University of Minnesota Duluth</Name>
      <CityName>Duluth</CityName>
      <ZipCode>558123011</ZipCode>
      <PhoneNumber>2187267582</PhoneNumber>
      <StreetAddress>1049 University Drive</StreetAddress>
      <CountryName>United States</CountryName>
      <StateName>Minnesota</StateName>
      <StateCode>MN</StateCode>
    </Institution>
    <FoaInformation>
      <Code>0000099</Code>
      <Name>Other Applications NEC</Name>
    </FoaInformation>
  </Award>
</rootTag>
