<?xml version="1.0" encoding="UTF-8"?>

<rootTag>
  <Award>
    <AwardTitle>SGER COLLABORATIVE: A Testbed for eRulemaking Data</AwardTitle>
    <AwardEffectiveDate>10/01/2004</AwardEffectiveDate>
    <AwardExpirationDate>12/31/2005</AwardExpirationDate>
    <AwardAmount>41266</AwardAmount>
    <AwardInstrument>
      <Value>Standard Grant</Value>
    </AwardInstrument>
    <Organization>
      <Code>05020000</Code>
      <Directorate>
        <LongName>Direct For Computer &amp; Info Scie &amp; Enginr</LongName>
      </Directorate>
      <Division>
        <LongName>Div Of Information &amp; Intelligent Systems</LongName>
      </Division>
    </Organization>
    <ProgramOfficer>
      <SignBlockName>Lawrence Brandt</SignBlockName>
    </ProgramOfficer>
    <AbstractNarration>SGER: A Testbed for eRulemaking Data&lt;br/&gt;&lt;br/&gt;This small grant will support a collaborative, multi-disciplinary planning project to explore the potential application of text retrieval, text clustering, text summarization and topic threading research tools in the area of Federal government rulemaking over the Internet. Rulemaking is the process of considering public opinion before issuing final detailed implementation rules in response to laws passed by Congress, Erulemaking is the collection of public comments in digital form, including email, phone, and fax. One issue that the work will begin to address is the problem of large scale (greater that 100,000) submitted comments.</AbstractNarration>
    <MinAmdLetterDate>07/28/2005</MinAmdLetterDate>
    <MaxAmdLetterDate>07/28/2005</MaxAmdLetterDate>
    <ARRAAmount/>
    <AwardID>0502121</AwardID>
    <Investigator>
      <FirstName>Stuart</FirstName>
      <LastName>Shulman</LastName>
      <EmailAddress>stu@polsci.umass.edu</EmailAddress>
      <StartDate>07/28/2005</StartDate>
      <EndDate/>
      <RoleCode>Principal Investigator</RoleCode>
    </Investigator>
    <Institution>
      <Name>University of Pittsburgh</Name>
      <CityName>Pittsburgh</CityName>
      <ZipCode>152132303</ZipCode>
      <PhoneNumber>4126247400</PhoneNumber>
      <StreetAddress>University Club</StreetAddress>
      <CountryName>United States</CountryName>
      <StateName>Pennsylvania</StateName>
      <StateCode>PA</StateCode>
    </Institution>
    <FoaInformation>
      <Code>0104000</Code>
      <Name>Information Systems</Name>
    </FoaInformation>
  </Award>
</rootTag>
