<?xml version="1.0" encoding="UTF-8"?>

<rootTag>
  <Award>
    <AwardTitle>Collaborative Research: Rapic Climate Change due to Sea Ice Dynamics in the North Atlantic and Arctic Oceans</AwardTitle>
    <AwardEffectiveDate>06/01/2005</AwardEffectiveDate>
    <AwardExpirationDate>05/31/2009</AwardExpirationDate>
    <AwardAmount>326999</AwardAmount>
    <AwardInstrument>
      <Value>Continuing grant</Value>
    </AwardInstrument>
    <Organization>
      <Code>06020108</Code>
      <Directorate>
        <LongName>Directorate For Geosciences</LongName>
      </Directorate>
      <Division>
        <LongName>Div Atmospheric &amp; Geospace Sciences</LongName>
      </Division>
    </Organization>
    <ProgramOfficer>
      <SignBlockName>David J. Verardo</SignBlockName>
    </ProgramOfficer>
    <AbstractNarration>The focus of this project is the study of rapid climate change driven by changes in sea ice extent in the North Atlantic and Arctic oceans, motivated by Dansgaard-Oeschger (D-O) events recorded in the Greenland ice cores. A recent modeling study suggests that a modest reduction in sea ice can account for the abrupt changes in temperature and snow accumulation recorded in the Greenland ice core. &lt;br/&gt;&lt;br/&gt;The science questions which this project will address are: 1) Why did the sea ice extent change suddenly; 2) Why did the new state persist for several centuries before gradually collapsing back to its original glacial state; and 3) How does this explain abrupt climate changes elsewhere? &lt;br/&gt;&lt;br/&gt;The investigators will be guided in their research by the hypothesis that abrupt reconfigurations in the coupled tropical climate system are long-lived and influence the climate outside of the tropics via teleconnections through the atmosphere or ocean circulation, requiring only a modest change in the thermohaline circulation to drive sea ice changes that cause the large rapid climate changes recorded in Greenland.&lt;br/&gt;&lt;br/&gt;Graduate and undergraduate students are to play major roles in this project, and the results will influence courses taught by the investigators in oceanography, climate and climate change, climate modeling, and applied math. The project also represents a collaboration between climate dynamicists, paleoclimate data experts, and climate modeling experts, providing a solid cross-disciplinary approach to address a fundamental paleoclimate issue. The synergy of climate modeling and proxy data is expected to prove useful in guiding future model development.</AbstractNarration>
    <MinAmdLetterDate>05/19/2005</MinAmdLetterDate>
    <MaxAmdLetterDate>05/11/2007</MaxAmdLetterDate>
    <ARRAAmount/>
    <AwardID>0502482</AwardID>
    <Investigator>
      <FirstName>Eli</FirstName>
      <LastName>Tziperman</LastName>
      <EmailAddress>eli@eps.harvard.edu</EmailAddress>
      <StartDate>05/19/2005</StartDate>
      <EndDate/>
      <RoleCode>Principal Investigator</RoleCode>
    </Investigator>
    <Institution>
      <Name>Harvard University</Name>
      <CityName>Cambridge</CityName>
      <ZipCode>021385366</ZipCode>
      <PhoneNumber>6174955501</PhoneNumber>
      <StreetAddress>1033 MASSACHUSETTS AVE</StreetAddress>
      <CountryName>United States</CountryName>
      <StateName>Massachusetts</StateName>
      <StateCode>MA</StateCode>
    </Institution>
    <FoaInformation>
      <Code>0000099</Code>
      <Name>Other Applications NEC</Name>
    </FoaInformation>
  </Award>
</rootTag>
