<?xml version="1.0" encoding="UTF-8"?>

<rootTag>
  <Award>
    <AwardTitle>Support to Interagency Arctic Research Policy Committee Staff</AwardTitle>
    <AwardEffectiveDate>01/01/2005</AwardEffectiveDate>
    <AwardExpirationDate>12/31/2005</AwardExpirationDate>
    <AwardAmount>75386</AwardAmount>
    <AwardInstrument>
      <Value>Interagency Agreement</Value>
    </AwardInstrument>
    <Organization>
      <Code>06090100</Code>
      <Directorate>
        <LongName>Directorate For Geosciences</LongName>
      </Directorate>
      <Division>
        <LongName>Division Of Polar Programs</LongName>
      </Division>
    </Organization>
    <ProgramOfficer>
      <SignBlockName>kate ruck</SignBlockName>
    </ProgramOfficer>
    <AbstractNarration>This Interagency Agreement supports activities of the Interagency Arctic Research Policy Committee (IARPC) for which NSF has lead agency role. These activities include editing and preparation of the camera copy of the Spring and Fall 2005 issues of the Journal, Arctic Research of the United States. The Journal serves an essential step in fulfilling the requirements of Public Law 98-373, the Arctic Research and Policy Act. It contains information on research activities of the Federal agencies involved in the Arctic and reports and minutes of meetings from the Arctic Research Commission and IARPC. Under this agreement, CRREL also provides editorial support services for the U.S. Arctic Research Plan and the IARPC.</AbstractNarration>
    <MinAmdLetterDate>12/13/2004</MinAmdLetterDate>
    <MaxAmdLetterDate>12/13/2004</MaxAmdLetterDate>
    <ARRAAmount/>
    <AwardID>0502104</AwardID>
    <Investigator>
      <FirstName>David</FirstName>
      <LastName>Cate</LastName>
      <EmailAddress>david.w.cate@erdc.usace.army.mil</EmailAddress>
      <StartDate>12/13/2004</StartDate>
      <EndDate/>
      <RoleCode>Principal Investigator</RoleCode>
    </Investigator>
    <Institution>
      <Name>DEPT OF THE ARMY</Name>
      <CityName>Washington</CityName>
      <ZipCode>20310</ZipCode>
      <PhoneNumber/>
      <StreetAddress>The Pentagon</StreetAddress>
      <CountryName>United States</CountryName>
      <StateName>District of Columbia</StateName>
      <StateCode>DC</StateCode>
    </Institution>
    <FoaInformation>
      <Code>0311000</Code>
      <Name>Polar Programs-Related</Name>
    </FoaInformation>
    <ProgramElement>
      <Code>5202</Code>
      <Text>ARCTIC RES &amp; POLICY SUPPORT PR</Text>
    </ProgramElement>
    <ProgramReference>
      <Code>0000</Code>
      <Text>UNASSIGNED</Text>
    </ProgramReference>
    <ProgramReference>
      <Code>1079</Code>
      <Text>ARCTIC RESEARCH</Text>
    </ProgramReference>
    <ProgramReference>
      <Code>9150</Code>
      <Text>EXP PROG TO STIM COMP RES</Text>
    </ProgramReference>
    <ProgramReference>
      <Code>OTHR</Code>
      <Text>OTHER RESEARCH OR EDUCATION</Text>
    </ProgramReference>
  </Award>
</rootTag>
