<?xml version="1.0" encoding="UTF-8"?>

<rootTag>
  <Award>
    <AwardTitle>Constraining the Timescale for the Dissipation of Circumstellar Disks and the Formation of Planetary Systems</AwardTitle>
    <AwardEffectiveDate>09/01/2005</AwardEffectiveDate>
    <AwardExpirationDate>06/30/2008</AwardExpirationDate>
    <AwardAmount>190585</AwardAmount>
    <AwardInstrument>
      <Value>Fellowship</Value>
    </AwardInstrument>
    <Organization>
      <Code>03020000</Code>
      <Directorate>
        <LongName>Direct For Mathematical &amp; Physical Scien</LongName>
      </Directorate>
      <Division>
        <LongName>Division Of Astronomical Sciences</LongName>
      </Division>
    </Organization>
    <ProgramOfficer>
      <SignBlockName>Dana Lehr</SignBlockName>
    </ProgramOfficer>
    <AbstractNarration>AST-0502381&lt;br/&gt;Dahm, Scott&lt;br/&gt;&lt;br/&gt;Dr. Dahm is awarded an NSF Astronomy and Astrophysics Postdoctoral Fellowship to carry out a program of research and education at the California Institute of Technology. He will conduct a research program that will seek to establish the timescale for the dissipation of circumstellar disks around low-mass stars analogous to the Sun. By constraining this parameter, insight will be gained into the formation mechanism of Jovian-like planets and the early history of the Sun and solar system. Dr. Dahm will combine millimeter observations with thermal infrared spectroscopy to provide a complete picture of disk structure and evolution from the co-rotation radius to the outermost disk regions.&lt;br/&gt;&lt;br/&gt;Dr. Dahm will also design and teach a seminar course for undergraduate and graduate students at Caltech to instruct students on the usage of telescopes and instrumentation at the Palomar and Mauna Kea Observatories. Dr. Dahm will additionally initiate an outreach program at Palomar Observatory to ensure public awareness of the significance of current astronomical research.</AbstractNarration>
    <MinAmdLetterDate>04/25/2005</MinAmdLetterDate>
    <MaxAmdLetterDate>06/17/2008</MaxAmdLetterDate>
    <ARRAAmount/>
    <AwardID>0502381</AwardID>
    <Investigator>
      <FirstName>Scott</FirstName>
      <LastName>Dahm</LastName>
      <EmailAddress/>
      <StartDate>04/25/2005</StartDate>
      <EndDate/>
      <RoleCode>Principal Investigator</RoleCode>
    </Investigator>
    <Institution>
      <Name>Dahm Scott E</Name>
      <CityName>Honolulu</CityName>
      <ZipCode>968220000</ZipCode>
      <PhoneNumber/>
      <StreetAddress/>
      <CountryName>United States</CountryName>
      <StateName>Hawaii</StateName>
      <StateCode>HI</StateCode>
    </Institution>
    <ProgramElement>
      <Code>1609</Code>
      <Text>NSF ASTRON &amp; ASTROPHY PSTDC FE</Text>
    </ProgramElement>
    <ProgramReference>
      <Code>0000</Code>
      <Text>UNASSIGNED</Text>
    </ProgramReference>
    <ProgramReference>
      <Code>1207</Code>
      <Text>OBSERVATIONAL ASTRONOMY</Text>
    </ProgramReference>
    <ProgramReference>
      <Code>OTHR</Code>
      <Text>OTHER RESEARCH OR EDUCATION</Text>
    </ProgramReference>
  </Award>
</rootTag>
