<?xml version="1.0" encoding="UTF-8"?>

<rootTag>
  <Award>
    <AwardTitle>VIGRE II at UCLA : An Outward Looking Approach to Mathematical Research Training (EMSW21-VIGRE)</AwardTitle>
    <AwardEffectiveDate>08/01/2005</AwardEffectiveDate>
    <AwardExpirationDate>07/31/2011</AwardExpirationDate>
    <AwardAmount>5000000</AwardAmount>
    <AwardInstrument>
      <Value>Continuing grant</Value>
    </AwardInstrument>
    <Organization>
      <Code>03040000</Code>
      <Directorate>
        <LongName>Direct For Mathematical &amp; Physical Scien</LongName>
      </Directorate>
      <Division>
        <LongName>Division Of Mathematical Sciences</LongName>
      </Division>
    </Organization>
    <ProgramOfficer>
      <SignBlockName>Bruce P. Palka</SignBlockName>
    </ProgramOfficer>
    <AbstractNarration>VIGRE II at UCLA (2005-2010) builds on our first five years as an NSF VIGRE department. This large-scale program enhances education at all levels of Mathematics training while increasing the interaction of education and research activities. &lt;br/&gt;&lt;br/&gt;The program has two related goals: (1) to introduce students as early and strongly as possible to research , and (2) to broaden the scope of activities to interactions between mathematics and other scientific and industrial fields. The specifics of the UCLA VIGRE program include: (a) a new summer interdisciplinary research internship program for graduate students, (b) new student research seminars coordinated with the NSF-sponsored Institute for Pure and Applied Mathematics at UCLA, (c) continuing summer research activities for undergraduate students (REUs), (d) a continuing post-doctoral program with special faculty mentoring of both teaching and research, and (e) a developing program to enhance the opportunities for teaching experience for graduate students. The VIGRE II program will support on average 22 graduate students, four VIGRE postdocs, seven summer graduate internships, and eight undergraduate REUs per year.</AbstractNarration>
    <MinAmdLetterDate>07/27/2005</MinAmdLetterDate>
    <MaxAmdLetterDate>09/10/2008</MaxAmdLetterDate>
    <ARRAAmount/>
    <AwardID>0502315</AwardID>
    <Investigator>
      <FirstName>Robert</FirstName>
      <LastName>Greene</LastName>
      <EmailAddress>greene@math.ucla.edu</EmailAddress>
      <StartDate>07/27/2005</StartDate>
      <EndDate/>
      <RoleCode>Principal Investigator</RoleCode>
    </Investigator>
    <Investigator>
      <FirstName>Christoph</FirstName>
      <LastName>Thiele</LastName>
      <EmailAddress>thiele@math.ucla.edu</EmailAddress>
      <StartDate>07/27/2005</StartDate>
      <EndDate/>
      <RoleCode>Co-Principal Investigator</RoleCode>
    </Investigator>
    <Investigator>
      <FirstName>Andrea</FirstName>
      <LastName>Bertozzi</LastName>
      <EmailAddress>bertozzi@math.ucla.edu</EmailAddress>
      <StartDate>07/27/2005</StartDate>
      <EndDate/>
      <RoleCode>Co-Principal Investigator</RoleCode>
    </Investigator>
    <Investigator>
      <FirstName>James</FirstName>
      <LastName>Ralston</LastName>
      <EmailAddress>ralston@math.ucla.edu</EmailAddress>
      <StartDate>07/27/2005</StartDate>
      <EndDate/>
      <RoleCode>Co-Principal Investigator</RoleCode>
    </Investigator>
    <Investigator>
      <FirstName>Lincoln</FirstName>
      <LastName>Chayes</LastName>
      <EmailAddress>lchayes@math.ucla.edu</EmailAddress>
      <StartDate>07/27/2005</StartDate>
      <EndDate/>
      <RoleCode>Co-Principal Investigator</RoleCode>
    </Investigator>
    <Institution>
      <Name>University of California-Los Angeles</Name>
      <CityName>LOS ANGELES</CityName>
      <ZipCode>900951406</ZipCode>
      <PhoneNumber>3107940102</PhoneNumber>
      <StreetAddress>10889 Wilshire Boulevard</StreetAddress>
      <CountryName>United States</CountryName>
      <StateName>California</StateName>
      <StateCode>CA</StateCode>
    </Institution>
    <FoaInformation>
      <Code>0000099</Code>
      <Name>Other Applications NEC</Name>
    </FoaInformation>
    <ProgramElement>
      <Code>7335</Code>
      <Text>WORKFORCE IN THE MATHEMAT SCI</Text>
    </ProgramElement>
    <ProgramReference>
      <Code>0000</Code>
      <Text>UNASSIGNED</Text>
    </ProgramReference>
    <ProgramReference>
      <Code>1618</Code>
      <Text>DMS VIGRE Program</Text>
    </ProgramReference>
    <ProgramReference>
      <Code>OTHR</Code>
      <Text>OTHER RESEARCH OR EDUCATION</Text>
    </ProgramReference>
  </Award>
</rootTag>
