<?xml version="1.0" encoding="UTF-8"?>

<rootTag>
  <Award>
    <AwardTitle>Geometry, Syzygies and Combinatorics of Algebraic Varieties</AwardTitle>
    <AwardEffectiveDate>07/01/2005</AwardEffectiveDate>
    <AwardExpirationDate>06/30/2007</AwardExpirationDate>
    <AwardAmount>81114</AwardAmount>
    <AwardInstrument>
      <Value>Continuing grant</Value>
    </AwardInstrument>
    <Organization>
      <Code>03040200</Code>
      <Directorate>
        <LongName>Direct For Mathematical &amp; Physical Scien</LongName>
      </Directorate>
      <Division>
        <LongName>Division Of Mathematical Sciences</LongName>
      </Division>
    </Organization>
    <ProgramOfficer>
      <SignBlockName>Tomek Bartoszynski</SignBlockName>
    </ProgramOfficer>
    <AbstractNarration>The principal investigator and his collaborators will address&lt;br/&gt;several groups of problems in areas of algebraic geometry,&lt;br/&gt;combinatorics, and computational algebraic geometry, with emphasis&lt;br/&gt;on syzygies and their relevance in geometry and combinatorics.&lt;br/&gt;Algebraic geometry at large deals with geometric objects&lt;br/&gt;described by systems of polynomial equations. The area is central to&lt;br/&gt;mathematics since such geometric objects include certain&lt;br/&gt;fundamental examples in the most diverse disciplines&lt;br/&gt;of mathematics.Its importance in the applications&lt;br/&gt;of mathematics comes from the fact that such algebro-geometric&lt;br/&gt;objects provide models often used when representing fundamental&lt;br/&gt;geometric forms via equations and also on a computer.&lt;br/&gt;The investigator will study the geometry and algebra&lt;br/&gt;of polynomial ideals in close relation to their complexity,&lt;br/&gt;will investigate several combinatorial aspects related to&lt;br/&gt;his proposed complexity bounds, and will extend the use of&lt;br/&gt;exterior algebra methods to projective geometry.&lt;br/&gt;The principal investigator's activity will also include the&lt;br/&gt;development of various fundamental algorithms in computational&lt;br/&gt;algebraic geometry and their implementation in the Macaulay2&lt;br/&gt;package written by Grayson and Stillman.</AbstractNarration>
    <MinAmdLetterDate>04/21/2005</MinAmdLetterDate>
    <MaxAmdLetterDate>04/07/2006</MaxAmdLetterDate>
    <ARRAAmount/>
    <AwardID>0502070</AwardID>
    <Investigator>
      <FirstName>Sorin</FirstName>
      <LastName>Popescu</LastName>
      <EmailAddress>sorin@math.sunysb.edu</EmailAddress>
      <StartDate>04/21/2005</StartDate>
      <EndDate/>
      <RoleCode>Principal Investigator</RoleCode>
    </Investigator>
    <Institution>
      <Name>SUNY at Stony Brook</Name>
      <CityName>Stony Brook</CityName>
      <ZipCode>117940001</ZipCode>
      <PhoneNumber>6316329949</PhoneNumber>
      <StreetAddress>WEST 5510 FRK MEL LIB</StreetAddress>
      <CountryName>United States</CountryName>
      <StateName>New York</StateName>
      <StateCode>NY</StateCode>
    </Institution>
    <FoaInformation>
      <Code>0000099</Code>
      <Name>Other Applications NEC</Name>
    </FoaInformation>
    <ProgramElement>
      <Code>1264</Code>
      <Text>ALGEBRA,NUMBER THEORY,AND COM</Text>
    </ProgramElement>
    <ProgramReference>
      <Code>0000</Code>
      <Text>UNASSIGNED</Text>
    </ProgramReference>
    <ProgramReference>
      <Code>OTHR</Code>
      <Text>OTHER RESEARCH OR EDUCATION</Text>
    </ProgramReference>
  </Award>
</rootTag>
