<?xml version="1.0" encoding="UTF-8"?>

<rootTag>
  <Award>
    <AwardTitle>Fabrication and Physics of Electron Systems in AlAs Quantum Wells</AwardTitle>
    <AwardEffectiveDate>05/01/2005</AwardEffectiveDate>
    <AwardExpirationDate>04/30/2009</AwardExpirationDate>
    <AwardAmount>560000</AwardAmount>
    <AwardInstrument>
      <Value>Continuing grant</Value>
    </AwardInstrument>
    <Organization>
      <Code>03070003</Code>
      <Directorate>
        <LongName>Direct For Mathematical &amp; Physical Scien</LongName>
      </Directorate>
      <Division>
        <LongName>Division Of Materials Research</LongName>
      </Division>
    </Organization>
    <ProgramOfficer>
      <SignBlockName>Wendy W. Fuller-Mora</SignBlockName>
    </ProgramOfficer>
    <AbstractNarration>An investigation of electron interaction physics in high-quality, quantum-confined semiconductor structures will be conducted. The program includes studies of both fabrication, via the molecular beam epitaxy technique, and of electronic transport properties at low temperatures and high magnetic fields where electron correlation phenomena dominate. The emphasis of the work is on novel, high-quality two-dimensional electron systems (2DESs) confined to selectively-doped AlAs quantum wells; these 2DESs have parameters that are very different from those of the standard 2DESs in GaAs. Several problems, including the influence of valley degeneracy on the integer and fractional quantum Hall states, and the role of the spin degree of freedom on transitions between the quantum Hall states will be studied. The project will be carried out by graduate and undergraduate students who will be trained in crucial areas of crystal growth, fabrication, and electrical measurements. The principal investigator and his group will take part in the K-12 teacher education programs at Princeton University and also present demonstrations at the Liberty Science Center. &lt;br/&gt;&lt;br/&gt;&lt;br/&gt;One of the most fascinating areas in solid state physics concerns new states of matter that come about primarily because of the interaction between the electrons. To explore such states, one needs specimens in which the imperfections, including impurities and crystal defects, are reduced to a minimum. This study involves the fabrication of such samples, and measurements of their novel electronic properties. The emphasis is on two-dimensional electron systems in aluminum-arsenide quantum wells. These have parameters that are very different from the commonly studied gallium-arsenide samples. An understanding of the states and phenomena observed in the new samples not only will advance our knowledge of fundamental physics, but can also lead to novel device concepts. A major component of this research is the training and education of graduate and undergraduate students in critical areas of crystal growth, semiconductor sample processing, and electrical measurements. Well-trained students in this field will be invaluable resources for the US as well as the rest of the world. The principal investigator and his group will take part in the K-12 teacher education programs at Princeton University and also present demonstrations at the Liberty Science Center.</AbstractNarration>
    <MinAmdLetterDate>04/25/2005</MinAmdLetterDate>
    <MaxAmdLetterDate>02/01/2008</MaxAmdLetterDate>
    <ARRAAmount/>
    <AwardID>0502477</AwardID>
    <Investigator>
      <FirstName>Mansour</FirstName>
      <LastName>Shayegan</LastName>
      <EmailAddress>shayegan@princeton.edu</EmailAddress>
      <StartDate>04/25/2005</StartDate>
      <EndDate/>
      <RoleCode>Principal Investigator</RoleCode>
    </Investigator>
    <Institution>
      <Name>Princeton University</Name>
      <CityName>Princeton</CityName>
      <ZipCode>085442020</ZipCode>
      <PhoneNumber>6092583090</PhoneNumber>
      <StreetAddress>Off. of Research &amp; Proj. Admin.</StreetAddress>
      <CountryName>United States</CountryName>
      <StateName>New Jersey</StateName>
      <StateCode>NJ</StateCode>
    </Institution>
    <FoaInformation>
      <Code>0106000</Code>
      <Name>Materials Research</Name>
    </FoaInformation>
  </Award>
</rootTag>
