<?xml version="1.0" encoding="UTF-8"?>

<rootTag>
  <Award>
    <AwardTitle>SGER: Does Manipulation of Top Predators Lead to Rapid Shifts in the Structure of Ecological Communities?</AwardTitle>
    <AwardEffectiveDate>12/15/2004</AwardEffectiveDate>
    <AwardExpirationDate>05/31/2007</AwardExpirationDate>
    <AwardAmount>43571</AwardAmount>
    <AwardInstrument>
      <Value>Standard Grant</Value>
    </AwardInstrument>
    <Organization>
      <Code>08010208</Code>
      <Directorate>
        <LongName>Direct For Biological Sciences</LongName>
      </Directorate>
      <Division>
        <LongName>Division Of Environmental Biology</LongName>
      </Division>
    </Organization>
    <ProgramOfficer>
      <SignBlockName>Alan James Tessier</SignBlockName>
    </ProgramOfficer>
    <AbstractNarration>This SGER project would capitalize upon the imminent reintroduction of foxes to San Miguel Island, part of the Channel Islands off the coast of southern California. The Island Fox (Urocyon littoralis) was removed from San Miguel Island in 1998. Following fox removal, the native rodent population (consisting of a single Peromyscus species) has shown dramatic increases, attaining densities of over 900 mice per hectare - thirty times greater than densities on nearby Santa Cruz Island where fox are present. There is some evidence that the removal of foxes on San Miguel and the dramatic increase in their rodent prey led to rapid changes in the plant community. This SGER would allow the real-time tracking of the small mammal prey community on San Miguel in response to reintroduced foxes, with the immediate and longer term effects that foxes have on the plant community a central focus. Contrasts will include San Miguel before and after fox reintroduction, with San Nicolas Island where foxes have been present for at least 2000 years, and Santa Barbara Island where foxes have never been present (at least recently). The approach would be to use exclosures to manipulate predator and rodent access in order to quantify top-down influences on plant communities across islands with different predator histories as well as different contemporary predator activity (i.e. the reintroduction on San Miguel). &lt;br/&gt;The broader applications of the project are potentially quite large, especially considering that the Islands have hundreds of species of rare and endangered plants. Because the Park Service is responsible for oversight of the Channel Islands, there is an opportunity for outreach with Park volunteers, and some fairly unusual outlets for any results. The research would support a female graduate student.</AbstractNarration>
    <MinAmdLetterDate>12/13/2004</MinAmdLetterDate>
    <MaxAmdLetterDate>03/30/2006</MaxAmdLetterDate>
    <ARRAAmount/>
    <AwardID>0502069</AwardID>
    <Investigator>
      <FirstName>John</FirstName>
      <LastName>Orrock</LastName>
      <EmailAddress>orrock@nceas.ucsb.edu</EmailAddress>
      <StartDate>12/13/2004</StartDate>
      <EndDate/>
      <RoleCode>Principal Investigator</RoleCode>
    </Investigator>
    <Investigator>
      <FirstName>Omer</FirstName>
      <LastName>Reichman</LastName>
      <EmailAddress>ojreichman@gmail.com</EmailAddress>
      <StartDate>12/13/2004</StartDate>
      <EndDate/>
      <RoleCode>Co-Principal Investigator</RoleCode>
    </Investigator>
    <Institution>
      <Name>University of California-Santa Barbara</Name>
      <CityName>Santa Barbara</CityName>
      <ZipCode>931062050</ZipCode>
      <PhoneNumber>8058934188</PhoneNumber>
      <StreetAddress>Office of Research</StreetAddress>
      <CountryName>United States</CountryName>
      <StateName>California</StateName>
      <StateCode>CA</StateCode>
    </Institution>
    <FoaInformation>
      <Code>0312000</Code>
      <Name>Population</Name>
    </FoaInformation>
    <ProgramElement>
      <Code>1182</Code>
      <Text>POP &amp; COMMUNITY ECOL PROG</Text>
    </ProgramElement>
    <ProgramReference>
      <Code>9169</Code>
      <Text>BIODIVERSITY AND ECOSYSTEM DYNAMICS</Text>
    </ProgramReference>
    <ProgramReference>
      <Code>9237</Code>
      <Text>SMALL GRANTS-EXPLORATORY RSRCH</Text>
    </ProgramReference>
    <ProgramReference>
      <Code>EGCH</Code>
      <Text>ENVIRONMENT AND GLOBAL CHANGE</Text>
    </ProgramReference>
  </Award>
</rootTag>
