<?xml version="1.0" encoding="UTF-8"?>

<rootTag>
  <Award>
    <AwardTitle>EMSW21-VIGRE: Vertical Integration of Mathematics, Statistics and Applied Mathematics.</AwardTitle>
    <AwardEffectiveDate>09/01/2005</AwardEffectiveDate>
    <AwardExpirationDate>08/31/2014</AwardExpirationDate>
    <AwardAmount>2735709</AwardAmount>
    <AwardInstrument>
      <Value>Continuing grant</Value>
    </AwardInstrument>
    <Organization>
      <Code>03040000</Code>
      <Directorate>
        <LongName>Direct For Mathematical &amp; Physical Scien</LongName>
      </Directorate>
      <Division>
        <LongName>Division Of Mathematical Sciences</LongName>
      </Division>
    </Organization>
    <ProgramOfficer>
      <SignBlockName>Bruce P. Palka</SignBlockName>
    </ProgramOfficer>
    <AbstractNarration>Stanford University proposes a novel approach to increasing the visibility of graduate studies in statistics, and for drawing U.S. nationals who are talented and interested in quantitative sciences into its graduate programs in statistics. This effort builds upon the existing strength of Stanford's Statistics department and its developed links with three cognate "target" fields -- Computational Biology, Mathematical Finance, and Information Science -- resulting in the attraction of U.S. nationals into the mathematical sciences.&lt;br/&gt;&lt;br/&gt;In each of the three target fields, the department will expand an existing successful research activity, which is a basis for classical Ph.D. training, in such a way as to attract the attention and participation of undergraduates, Masters' students, and beginning Ph.D. students in cognate fields. Such students are quantitatively able and will be "captured" into the orbit of the mathematical sciences by offering them a lively experience of intellectual discovery, and demonstrating how essential statistical methodology is to exciting scientific discoveries.&lt;br/&gt;&lt;br/&gt;Vertical integration of research and education is to be achieved in part by hosting postdoctoral fellows and undergraduates specializing in each of these cognate fields, and by organizing thematic activities that promote the interaction between undergraduate students, graduate students, postdoctoral fellows, and faculty.&lt;br/&gt;&lt;br/&gt;An outreach and mentoring effort will bring each year additional female participants and members of under-represented minority groups for summer research and education activities in the main themes of the project.&lt;br/&gt;&lt;br/&gt;Stanford Statistics has a superb reputation, with a top national rating, and an outstanding mix of faculty with extremely high visibility. The fields chosen as targets are central areas of national importance, the Stanford faculty have international reputations as leaders in these fields, and the VIGRE effort will supervise postdocs and students in cutting-edge research in these areas. The effort aims exactly to move students in cognate fields with strong practical skills and quantitative talent to engage more directly in intellectual discovery at the frontiers of human knowledge, under the direction of acknowledged international leaders. &lt;br/&gt;&lt;br/&gt;By expanding the Stanford Statistics department's reach into the cognate areas we expand the opportunities of all our students, both VIGRE participants and everyone else in the orbit of the department. By posing formal initiatives in Financial Mathematics, Computational Biology and Information Science, Stanford will bring new energy and focus into its statistics curriculum. As Stanford has a national leadership position in the field of Statistics, many other U.S. universities are expected to closely watch this effort and replicate its most successful initiatives.</AbstractNarration>
    <MinAmdLetterDate>08/18/2005</MinAmdLetterDate>
    <MaxAmdLetterDate>05/30/2013</MaxAmdLetterDate>
    <ARRAAmount/>
    <AwardID>0502385</AwardID>
    <Investigator>
      <FirstName>David</FirstName>
      <LastName>Donoho</LastName>
      <EmailAddress>donoho@stat.stanford.edu</EmailAddress>
      <StartDate>08/18/2005</StartDate>
      <EndDate/>
      <RoleCode>Co-Principal Investigator</RoleCode>
    </Investigator>
    <Investigator>
      <FirstName>Tze</FirstName>
      <LastName>Lai</LastName>
      <EmailAddress>lait@stat.stanford.edu</EmailAddress>
      <StartDate>08/18/2005</StartDate>
      <EndDate/>
      <RoleCode>Co-Principal Investigator</RoleCode>
    </Investigator>
    <Investigator>
      <FirstName>David</FirstName>
      <LastName>Siegmund</LastName>
      <EmailAddress>dos@stat.stanford.edu</EmailAddress>
      <StartDate>08/18/2005</StartDate>
      <EndDate/>
      <RoleCode>Co-Principal Investigator</RoleCode>
    </Investigator>
    <Investigator>
      <FirstName>Amir</FirstName>
      <LastName>Dembo</LastName>
      <EmailAddress>amir@stat.stanford.edu</EmailAddress>
      <StartDate>08/18/2005</StartDate>
      <EndDate/>
      <RoleCode>Co-Principal Investigator</RoleCode>
    </Investigator>
    <Investigator>
      <FirstName>Susan</FirstName>
      <LastName>Holmes</LastName>
      <EmailAddress>susan@stat.stanford.edu</EmailAddress>
      <StartDate>08/18/2005</StartDate>
      <EndDate/>
      <RoleCode>Principal Investigator</RoleCode>
    </Investigator>
    <Institution>
      <Name>Stanford University</Name>
      <CityName>Palo Alto</CityName>
      <ZipCode>943041212</ZipCode>
      <PhoneNumber>6507232300</PhoneNumber>
      <StreetAddress>3160 Porter Drive</StreetAddress>
      <CountryName>United States</CountryName>
      <StateName>California</StateName>
      <StateCode>CA</StateCode>
    </Institution>
    <FoaInformation>
      <Code>0000099</Code>
      <Name>Other Applications NEC</Name>
    </FoaInformation>
  </Award>
</rootTag>
