<?xml version="1.0" encoding="UTF-8"?>

<rootTag>
  <Award>
    <AwardTitle>EMSW21-MCTP: Penn State MASS Program</AwardTitle>
    <AwardEffectiveDate>07/01/2005</AwardEffectiveDate>
    <AwardExpirationDate>06/30/2011</AwardExpirationDate>
    <AwardAmount>1246603</AwardAmount>
    <AwardInstrument>
      <Value>Continuing grant</Value>
    </AwardInstrument>
    <Organization>
      <Code>03040000</Code>
      <Directorate>
        <LongName>Direct For Mathematical &amp; Physical Scien</LongName>
      </Directorate>
      <Division>
        <LongName>Division Of Mathematical Sciences</LongName>
      </Division>
    </Organization>
    <ProgramOfficer>
      <SignBlockName>Dean M. Evasius</SignBlockName>
    </ProgramOfficer>
    <AbstractNarration>Penn State's MASS program (Mathematics Advanced Study&lt;br/&gt;Semesters) is an intensive, semester-long activity for&lt;br/&gt;undergraduates recruited from around the country, which is&lt;br/&gt;integrated with a summer undergraduate research activity.&lt;br/&gt;MASS is designed to provide a unique and mutually&lt;br/&gt;reinforcing blend of learning and research activities for&lt;br/&gt;its participants. Its goal is to guarantee the successful&lt;br/&gt;transition of its participants from undergraduate to&lt;br/&gt;graduate study in mathematics.&lt;br/&gt;&lt;br/&gt;The main components of MASS are: three custom-designed core&lt;br/&gt;courses in topics chosen from algebra, analysis and&lt;br/&gt;geometry; individual student research projects; the MASS&lt;br/&gt;colloquium - a weekly lecture series by visiting&lt;br/&gt;mathematicians and occasionally distinguished Penn State&lt;br/&gt;faculty; and a weekly two-hour interdisciplinary seminar run&lt;br/&gt;by the director of the MASS program. MASS participants&lt;br/&gt;acquire the experience and confidence they need to succeed&lt;br/&gt;in graduate school. In this way MASS program will increase&lt;br/&gt;the number of students destined for careers in mathematics.&lt;br/&gt;&lt;br/&gt;The present project will support the operation of the MASS&lt;br/&gt;program for a five year period, and will incorporate the&lt;br/&gt;following new elements: the program's size will be expanded&lt;br/&gt;and the program will target talented students not previously&lt;br/&gt;committed to mathematics with attractive support packages.</AbstractNarration>
    <MinAmdLetterDate>06/17/2005</MinAmdLetterDate>
    <MaxAmdLetterDate>06/11/2009</MaxAmdLetterDate>
    <ARRAAmount/>
    <AwardID>0502205</AwardID>
    <Investigator>
      <FirstName>Anatole</FirstName>
      <LastName>Katok</LastName>
      <EmailAddress>katok_a@math.psu.edu</EmailAddress>
      <StartDate>06/11/2009</StartDate>
      <EndDate/>
      <RoleCode>Principal Investigator</RoleCode>
    </Investigator>
    <Investigator>
      <FirstName>Anatole</FirstName>
      <LastName>Katok</LastName>
      <EmailAddress>katok_a@math.psu.edu</EmailAddress>
      <StartDate>06/17/2005</StartDate>
      <EndDate>06/08/2007</EndDate>
      <RoleCode>Former Co-Principal Investigator</RoleCode>
    </Investigator>
    <Investigator>
      <FirstName>Nigel</FirstName>
      <LastName>Higson</LastName>
      <EmailAddress>higson@math.psu.edu</EmailAddress>
      <StartDate>06/17/2005</StartDate>
      <EndDate>06/08/2007</EndDate>
      <RoleCode>Former Principal Investigator</RoleCode>
    </Investigator>
    <Investigator>
      <FirstName>George</FirstName>
      <LastName>Andrews</LastName>
      <EmailAddress>andrews@math.psu.edu</EmailAddress>
      <StartDate>06/17/2005</StartDate>
      <EndDate/>
      <RoleCode>Co-Principal Investigator</RoleCode>
    </Investigator>
    <Investigator>
      <FirstName>Svetlana</FirstName>
      <LastName>Katok</LastName>
      <EmailAddress>katok_s@math.psu.edu</EmailAddress>
      <StartDate>06/17/2005</StartDate>
      <EndDate/>
      <RoleCode>Co-Principal Investigator</RoleCode>
    </Investigator>
    <Investigator>
      <FirstName>Serge</FirstName>
      <LastName>Tabachnikov</LastName>
      <EmailAddress>tabachni@math.psu.edu</EmailAddress>
      <StartDate>06/17/2005</StartDate>
      <EndDate/>
      <RoleCode>Co-Principal Investigator</RoleCode>
    </Investigator>
    <Institution>
      <Name>Pennsylvania State Univ University Park</Name>
      <CityName>UNIVERSITY PARK</CityName>
      <ZipCode>168027000</ZipCode>
      <PhoneNumber>8148651372</PhoneNumber>
      <StreetAddress>110 Technology Center Building</StreetAddress>
      <CountryName>United States</CountryName>
      <StateName>Pennsylvania</StateName>
      <StateCode>PA</StateCode>
    </Institution>
    <FoaInformation>
      <Code/>
      <Name/>
    </FoaInformation>
    <FoaInformation>
      <Code>0000099</Code>
      <Name>Other Applications NEC</Name>
    </FoaInformation>
  </Award>
</rootTag>
