<?xml version="1.0" encoding="UTF-8"?>

<rootTag>
  <Award>
    <AwardTitle>EMSW21-MCTP: Alliance for the Production of African American Ph.D.s in the Mathematical Sciences</AwardTitle>
    <AwardEffectiveDate>08/01/2005</AwardEffectiveDate>
    <AwardExpirationDate>07/31/2012</AwardExpirationDate>
    <AwardAmount>2246670</AwardAmount>
    <AwardInstrument>
      <Value>Continuing grant</Value>
    </AwardInstrument>
    <Organization>
      <Code>03040000</Code>
      <Directorate>
        <LongName>Direct For Mathematical &amp; Physical Scien</LongName>
      </Directorate>
      <Division>
        <LongName>Division Of Mathematical Sciences</LongName>
      </Division>
    </Organization>
    <ProgramOfficer>
      <SignBlockName>Jennifer Slimowitz Pearl</SignBlockName>
    </ProgramOfficer>
    <AbstractNarration>Member institutions of the Alliance for the Production of African American &lt;br/&gt;Ph.D.s in the Mathematical Sciences. (APAAPMS) will carry out several &lt;br/&gt;projects which will lead to an increase in the number of African Americans &lt;br/&gt;who enroll in doctoral programs in the mathematical sciences as well as an &lt;br/&gt;increase in the number of these students who obtain the Ph.D. The Alliance, &lt;br/&gt;which consists of mathematics departments at four Historically Black &lt;br/&gt;Colleges and Universities (HBCUs) together with departments in the &lt;br/&gt;mathematical sciences at the three Iowa Regents universities, will expand &lt;br/&gt;activities that they are presently undertaking in this area. The first of &lt;br/&gt;these projects, the Alliance Scholar's Program, identifies eight students at &lt;br/&gt;each participating Alliance HBCU and provides these students with close &lt;br/&gt;mentoring by teams consisting of HBCU and Iowa Regents mathematics faculty. &lt;br/&gt;A second project, the Alliance Summer Research Experience, provides an eight &lt;br/&gt;week intensive research experience for Alliance Scholars as well as for &lt;br/&gt;selected undergraduate mathematics majors from other institutions. A third &lt;br/&gt;project, the Alliance Curriculum Project, provides for a careful analysis of &lt;br/&gt;the similarities and differences of undergraduate mathematics courses taught &lt;br/&gt;at participating institutions with an eye toward building seamless &lt;br/&gt;transitions between undergraduate mathematics programs at Alliance HBCUs and &lt;br/&gt;doctoral programs at majority institutions. A fourth project, the Alliance &lt;br/&gt;High School Math Circle, involves Alliance Scholars in outreach activities &lt;br/&gt;in the communities in which their schools are located.&lt;br/&gt;&lt;br/&gt;&lt;br/&gt;&lt;br/&gt;Historically Black Colleges and Universities (HBCUs) enroll approximately &lt;br/&gt;20% of all African Americans who attend four year undergraduate &lt;br/&gt;institutions; they account for approximately 30% of all African Americans &lt;br/&gt;who graduate from these institutions. Yet, with the exception of three or &lt;br/&gt;four elite HBCUs with an established tradition of excellence, it is &lt;br/&gt;extremely rare for graduates of HBCUs to enroll in doctoral programs in the &lt;br/&gt;mathematical sciences or, indeed, in any doctoral program which leads to a &lt;br/&gt;position in the professoriate. The reason for this is not hard to &lt;br/&gt;ascertain: in fact, with few exceptions, African Americans were simply not &lt;br/&gt;welcome among the ranks of the professoriate until quite recently. As a &lt;br/&gt;result, HBCUs have tended to focus on producing professionals - doctors, &lt;br/&gt;lawyers, teachers and religious leaders who have historically provided &lt;br/&gt;critical infrastructure to a community at risk due to segregation and overt &lt;br/&gt;discrimination. Less than 2% of all Ph.D. in mathematics awarded at US &lt;br/&gt;universities each year are awarded to African Americans, a percentage that &lt;br/&gt;has remained more or less stable over the last twenty five years. It is the &lt;br/&gt;goal of this project to ease the transition to graduate programs in &lt;br/&gt;mathematics for students attending HBCUs with an eye toward improving these &lt;br/&gt;numbers.</AbstractNarration>
    <MinAmdLetterDate>07/19/2005</MinAmdLetterDate>
    <MaxAmdLetterDate>07/22/2010</MaxAmdLetterDate>
    <ARRAAmount/>
    <AwardID>0502354</AwardID>
    <Investigator>
      <FirstName>Roselyn</FirstName>
      <LastName>Williams</LastName>
      <EmailAddress>Roselyn.Williams@famu.edu</EmailAddress>
      <StartDate>07/19/2005</StartDate>
      <EndDate/>
      <RoleCode>Co-Principal Investigator</RoleCode>
    </Investigator>
    <Investigator>
      <FirstName>Philip</FirstName>
      <LastName>Kutzko</LastName>
      <EmailAddress>philip-kutzko@uiowa.edu</EmailAddress>
      <StartDate>07/19/2005</StartDate>
      <EndDate/>
      <RoleCode>Principal Investigator</RoleCode>
    </Investigator>
    <Institution>
      <Name>University of Iowa</Name>
      <CityName>IOWA CITY</CityName>
      <ZipCode>522421320</ZipCode>
      <PhoneNumber>3193352123</PhoneNumber>
      <StreetAddress>2 GILMORE HALL</StreetAddress>
      <CountryName>United States</CountryName>
      <StateName>Iowa</StateName>
      <StateCode>IA</StateCode>
    </Institution>
    <FoaInformation>
      <Code>0000099</Code>
      <Name>Other Applications NEC</Name>
    </FoaInformation>
  </Award>
</rootTag>
