<?xml version="1.0" encoding="UTF-8"?>

<rootTag>
  <Award>
    <AwardTitle>Winter Workshop on Longitudinal Data Analysis</AwardTitle>
    <AwardEffectiveDate>12/01/2004</AwardEffectiveDate>
    <AwardExpirationDate>11/30/2005</AwardExpirationDate>
    <AwardAmount>15000</AwardAmount>
    <AwardInstrument>
      <Value>Standard Grant</Value>
    </AwardInstrument>
    <Organization>
      <Code>03040200</Code>
      <Directorate>
        <LongName>Direct For Mathematical &amp; Physical Scien</LongName>
      </Directorate>
      <Division>
        <LongName>Division Of Mathematical Sciences</LongName>
      </Division>
    </Organization>
    <ProgramOfficer>
      <SignBlockName>Rong Chen</SignBlockName>
    </ProgramOfficer>
    <AbstractNarration>Longitudinal data are the result of taking repeated measurements on &lt;br/&gt;experimental units over time. Because scientific interest often lies in &lt;br/&gt;how a response changes over time, these data arise in both observational &lt;br/&gt;and experimental studies in a wide variety of fields. Creative &lt;br/&gt;solutions to difficult theoretical issues in longitudinal data analysis &lt;br/&gt;often rely on computationally intensive methods. A workshop on &lt;br/&gt;longitudinal methods appeals to a wide spectrum of researchers with &lt;br/&gt;diverse statistical interests ranging from clinical trials to social &lt;br/&gt;behavior to environmental assessment. The challenge of drawing &lt;br/&gt;inferences based on diverse datasets attracts those interested in &lt;br/&gt;theoretical and methodological statistics. Finally, the excitement of &lt;br/&gt;accepting the challenge of analyzing unorthodox data where existing &lt;br/&gt;statistical methodology is not satisfactory will undoubtedly fascinate &lt;br/&gt;researchers concerned with applications of statistics. This workshop &lt;br/&gt;will provide a forum for the positive interaction between theoretical &lt;br/&gt;developments and advances in practical applications of longitudinal &lt;br/&gt;methods. &lt;br/&gt;&lt;br/&gt;The specific objectives of the workshop on longitudinal data analysis, &lt;br/&gt;and consequently its potential broader impacts, are to generate interest &lt;br/&gt;in this topic among researchers nationwide (particularly young &lt;br/&gt;researchers) and among faculty and graduate students at the University &lt;br/&gt;of Florida and neighboring universities; to encourage future &lt;br/&gt;collaborations among researchers; and to promote advances in both the &lt;br/&gt;theory and application of longitudinal data.</AbstractNarration>
    <MinAmdLetterDate>11/12/2004</MinAmdLetterDate>
    <MaxAmdLetterDate>11/12/2004</MaxAmdLetterDate>
    <ARRAAmount/>
    <AwardID>0502454</AwardID>
    <Investigator>
      <FirstName>George</FirstName>
      <LastName>Casella</LastName>
      <EmailAddress>casella@stat.ufl.edu</EmailAddress>
      <StartDate>11/12/2004</StartDate>
      <EndDate/>
      <RoleCode>Co-Principal Investigator</RoleCode>
    </Investigator>
    <Investigator>
      <FirstName>Linda</FirstName>
      <LastName>Young</LastName>
      <EmailAddress>LJYoung@ufl.edu</EmailAddress>
      <StartDate>11/12/2004</StartDate>
      <EndDate/>
      <RoleCode>Principal Investigator</RoleCode>
    </Investigator>
    <Institution>
      <Name>University of Florida</Name>
      <CityName>GAINESVILLE</CityName>
      <ZipCode>326112002</ZipCode>
      <PhoneNumber>3523923516</PhoneNumber>
      <StreetAddress>1 UNIVERSITY OF FLORIDA</StreetAddress>
      <CountryName>United States</CountryName>
      <StateName>Florida</StateName>
      <StateCode>FL</StateCode>
    </Institution>
    <FoaInformation>
      <Code>0000099</Code>
      <Name>Other Applications NEC</Name>
    </FoaInformation>
  </Award>
</rootTag>
