<?xml version="1.0" encoding="UTF-8"?>

<rootTag>
  <Award>
    <AwardTitle>RET Site: Instructional modules for integrating biomedical and nanoscale sciences in school classrooms</AwardTitle>
    <AwardEffectiveDate>06/01/2005</AwardEffectiveDate>
    <AwardExpirationDate>09/30/2011</AwardExpirationDate>
    <AwardAmount>291054</AwardAmount>
    <AwardInstrument>
      <Value>Standard Grant</Value>
    </AwardInstrument>
    <Organization>
      <Code>07050000</Code>
      <Directorate>
        <LongName>Directorate For Engineering</LongName>
      </Directorate>
      <Division>
        <LongName>Div Of Engineering Education and Centers</LongName>
      </Division>
    </Organization>
    <ProgramOfficer>
      <SignBlockName>Mary Poats</SignBlockName>
    </ProgramOfficer>
    <AbstractNarration>This award provides funding for a three year standard award to support a Research Experiences for Teachers (RET) Site program at the University of Virginia (UVA), entitled, "RET Site: Instructional modules for integrating biomedical and nanoscale sciences in school classrooms", under the direction of Ms. Carolyn Vallas. This innovative, integrative research and training program includes faculty from four departments within the School of Engineering of UVA as well as the School of Architecture. A total of fifteen middle and high school teachers from the Albemarle, Charlottesville, and Richmond Public School systems will train and perform research during an eight week summer program and develop instructional modules in the biomedical and nanoscale sciences.</AbstractNarration>
    <MinAmdLetterDate>03/16/2005</MinAmdLetterDate>
    <MaxAmdLetterDate>06/24/2011</MaxAmdLetterDate>
    <ARRAAmount/>
    <AwardID>0502327</AwardID>
    <Investigator>
      <FirstName>Nathan</FirstName>
      <LastName>Swami</LastName>
      <EmailAddress>nathanswami@virginia.edu</EmailAddress>
      <StartDate>03/16/2005</StartDate>
      <EndDate/>
      <RoleCode>Co-Principal Investigator</RoleCode>
    </Investigator>
    <Investigator>
      <FirstName>Carolyn</FirstName>
      <LastName>Vallas</LastName>
      <EmailAddress>cv5d@virginia.edu</EmailAddress>
      <StartDate>03/16/2005</StartDate>
      <EndDate/>
      <RoleCode>Principal Investigator</RoleCode>
    </Investigator>
    <Institution>
      <Name>University of Virginia Main Campus</Name>
      <CityName>CHARLOTTESVILLE</CityName>
      <ZipCode>229044195</ZipCode>
      <PhoneNumber>4349244270</PhoneNumber>
      <StreetAddress>P.O. BOX 400195</StreetAddress>
      <CountryName>United States</CountryName>
      <StateName>Virginia</StateName>
      <StateCode>VA</StateCode>
    </Institution>
    <ProgramElement>
      <Code>1360</Code>
      <Text>HUMAN RESOURCES DEVELOPMENT</Text>
    </ProgramElement>
    <ProgramReference>
      <Code>1359</Code>
      <Text>RES EXP FOR TEACHERS(RET)-SITE</Text>
    </ProgramReference>
    <ProgramReference>
      <Code>9177</Code>
      <Text>ELEMENTARY/SECONDARY EDUCATION</Text>
    </ProgramReference>
    <ProgramReference>
      <Code>SMET</Code>
      <Text>SCIENCE, MATH, ENG &amp; TECH EDUCATION</Text>
    </ProgramReference>
  </Award>
</rootTag>
