<?xml version="1.0" encoding="UTF-8"?>

<rootTag>
  <Award>
    <AwardTitle>Determining Patterns of Abrupt Climate Change during the Last Glacial-Interglacial Transition (LGIT) in the Southern Hemisphere</AwardTitle>
    <AwardEffectiveDate>11/01/2005</AwardEffectiveDate>
    <AwardExpirationDate>10/31/2010</AwardExpirationDate>
    <AwardAmount>389671</AwardAmount>
    <AwardInstrument>
      <Value>Continuing grant</Value>
    </AwardInstrument>
    <Organization>
      <Code>06020108</Code>
      <Directorate>
        <LongName>Directorate For Geosciences</LongName>
      </Directorate>
      <Division>
        <LongName>Div Atmospheric &amp; Geospace Sciences</LongName>
      </Division>
    </Organization>
    <ProgramOfficer>
      <SignBlockName>David J. Verardo</SignBlockName>
    </ProgramOfficer>
    <AbstractNarration>This proposal will fund the development of a continuous, isotopically-dated paleochironomid and pollen record of deglacial climate fluctuations from lake sediments located in climatically sensitive sites along the Southern Alps, New Zealand. Detailed investigations will be carried out for the Last Glacial-Interglacial Transition (LGIT) at Boundary Stream Tarn, Quagmire Tarn, and Kettlehole Bog to establish the sequence of deglacial climate events and to facilitate comparisons with other well-dated northern and southern records. &lt;br/&gt;&lt;br/&gt;The primary scientific objectives of the project are to determine: 1) the pattern and magnitude of past climate change; 2) whether changes recorded show an in-phase or out-of-phase relationship with the Northern Hemisphere; and 3) whether the Antarctic signature extends into the southwest Pacific region. These results will facilitate differentiation among viable hypotheses concerning abrupt global climate change. Detailed chironomid analysis, interpreted by a newly developed chironomid-temperature transfer function, will be carried out on Quagmire Tarn and Kettlehole Bog LGIT-age sediment and pollen analysis will be conducted on Quagmire Tarn. &lt;br/&gt;&lt;br/&gt;This project will provide the opportunity for three undergraduate students to conduct independent research. The project will also enhance greater understanding in global paleoclimatology and provide opportunities for collaboration among researchers through the publication of a photographic key to fossil chironomids.</AbstractNarration>
    <MinAmdLetterDate>10/06/2005</MinAmdLetterDate>
    <MaxAmdLetterDate>11/05/2007</MaxAmdLetterDate>
    <ARRAAmount/>
    <AwardID>0502427</AwardID>
    <Investigator>
      <FirstName>A.</FirstName>
      <LastName>Dieffenbacher-Krall</LastName>
      <EmailAddress>ann.dieffenbacher@umit.maine.edu</EmailAddress>
      <StartDate>10/06/2005</StartDate>
      <EndDate/>
      <RoleCode>Co-Principal Investigator</RoleCode>
    </Investigator>
    <Investigator>
      <FirstName>Marcus</FirstName>
      <LastName>Vandergoes</LastName>
      <EmailAddress>vandergoes@maine.edu</EmailAddress>
      <StartDate>10/06/2005</StartDate>
      <EndDate/>
      <RoleCode>Principal Investigator</RoleCode>
    </Investigator>
    <Institution>
      <Name>University of Maine</Name>
      <CityName>ORONO</CityName>
      <ZipCode>044695717</ZipCode>
      <PhoneNumber>2075811484</PhoneNumber>
      <StreetAddress>5717 Corbett Hall</StreetAddress>
      <CountryName>United States</CountryName>
      <StateName>Maine</StateName>
      <StateCode>ME</StateCode>
    </Institution>
    <FoaInformation>
      <Code>0000099</Code>
      <Name>Other Applications NEC</Name>
    </FoaInformation>
  </Award>
</rootTag>
