<?xml version="1.0" encoding="UTF-8"?>

<rootTag>
  <Award>
    <AwardTitle>International Research Fellowship Program: Harvesting Photon-Induced Excitations in Nanoparticles for Biological and Environmental Applications</AwardTitle>
    <AwardEffectiveDate>09/01/2005</AwardEffectiveDate>
    <AwardExpirationDate>06/30/2007</AwardExpirationDate>
    <AwardAmount>130300</AwardAmount>
    <AwardInstrument>
      <Value>Fellowship</Value>
    </AwardInstrument>
    <Organization>
      <Code>01090000</Code>
      <Directorate>
        <LongName>Office Of The Director</LongName>
      </Directorate>
      <Division>
        <LongName>Office Of Internatl Science &amp;Engineering</LongName>
      </Division>
    </Organization>
    <ProgramOfficer>
      <SignBlockName>Cassandra M. Dudka</SignBlockName>
    </ProgramOfficer>
    <AbstractNarration>0502106&lt;br/&gt;Henry&lt;br/&gt;&lt;br/&gt;&lt;br/&gt;The International Research Fellowship Program enables U.S. scientists and engineers to conduct three to twenty-four months of research abroad. The program's awards provide opportunities for joint research, and the use of unique or complementary facilities, expertise and experimental conditions abroad.&lt;br/&gt;&lt;br/&gt;This award will support a twenty-two-month research fellowship by Dr. Joshua A. Henry to work with Dr. Bengt H. Kasemo at Chalmers Institute of Technology in Goteborg, Sweden.&lt;br/&gt;&lt;br/&gt;The PI's dissertation research focused on the effect of surface chemistry on the quality factor, or Q, of micromechanical resonators. The Q, which is essentially the number of cycles an oscillator completes before damping out, must be high for applications requiring great force sensitivity and narrow bandwidths (e.g. sensors and cell phones, respectively), however researchers have noted decreasing Q with decreasing resonator size. The PI's research has demonstrated that a surprising amount of this drop in Q, in silicon oscillators, is attributable to the chemical termination of the surface. They have characterized a number of surface chemistries and demonstrated that surface-induced losses in Q are particularly acute at the nanoscale. Surfaces are also important in optical phenomena at the nanoscale. The energy in light-induced excitations in metal nanoparticles, called surface plasmons, have the potential to carry out useful processes such as single molecule spectroscopy, photocatalytic cleaning of gas emissions and water, and improving solar energy conversion via photovoltaic cells or solar-driven decomposition of water to H2. At the same time these phenomena contain a number of challenging physics questions, related to the involved excitation and de-excitation mechanisms, including nanoparticle (surface) plasmons, their decay into electron-hole pairs and interaction of the latter with HOMO/LUMO orbitals of adsorbed molecules. In this study the dependence of these mechanisms on particle size, morphology and interparticle spacing will be probed using a combination of nanofabrication, chemistry, high-resolution microscopies and surface sensitive spectroscopies. &lt;br/&gt;&lt;br/&gt;Chalmers University has the facilities and expertise necessary to complete this study. Technologies that conserve or generate meaningful amounts of energy renewably still face significant innovation challenges. The scientific strengths of other countries must be leveraged to innovate the necessary technologies. Research in photovoltaic (solar) cells and related technologies in European countries is one of those strengths. Taking advantage of this strength to enable several potential biological and environmental applications is at the center of this proposal. The application aims of this project are executed in collaboration with some of the top group in the world in catalysis, photovaltaics and biosensing.</AbstractNarration>
    <MinAmdLetterDate>07/11/2005</MinAmdLetterDate>
    <MaxAmdLetterDate>07/11/2005</MaxAmdLetterDate>
    <ARRAAmount/>
    <AwardID>0502106</AwardID>
    <Investigator>
      <FirstName>Joshua</FirstName>
      <LastName>Henry</LastName>
      <EmailAddress/>
      <StartDate>07/11/2005</StartDate>
      <EndDate/>
      <RoleCode>Principal Investigator</RoleCode>
    </Investigator>
    <Institution>
      <Name>Henry Joshua A</Name>
      <CityName>Brooktondale</CityName>
      <ZipCode>148179733</ZipCode>
      <PhoneNumber/>
      <StreetAddress/>
      <CountryName>United States</CountryName>
      <StateName>New York</StateName>
      <StateCode>NY</StateCode>
    </Institution>
    <FoaInformation>
      <Code>0000099</Code>
      <Name>Other Applications NEC</Name>
    </FoaInformation>
    <ProgramElement>
      <Code>7316</Code>
      <Text>EAPSI</Text>
    </ProgramElement>
    <ProgramReference>
      <Code>0000</Code>
      <Text>UNASSIGNED</Text>
    </ProgramReference>
    <ProgramReference>
      <Code>5937</Code>
      <Text>SWEDEN</Text>
    </ProgramReference>
    <ProgramReference>
      <Code>5956</Code>
      <Text>IRFP</Text>
    </ProgramReference>
    <ProgramReference>
      <Code>5980</Code>
      <Text>WESTERN EUROPE PROGRAM</Text>
    </ProgramReference>
    <ProgramReference>
      <Code>OTHR</Code>
      <Text>OTHER RESEARCH OR EDUCATION</Text>
    </ProgramReference>
  </Award>
</rootTag>
