<?xml version="1.0" encoding="UTF-8"?>

<rootTag>
  <Award>
    <AwardTitle>SDSM &amp;T RET Site: Inspiring Educators in Rural America through Research</AwardTitle>
    <AwardEffectiveDate>05/15/2005</AwardEffectiveDate>
    <AwardExpirationDate>04/30/2009</AwardExpirationDate>
    <AwardAmount>465523</AwardAmount>
    <AwardInstrument>
      <Value>Standard Grant</Value>
    </AwardInstrument>
    <Organization>
      <Code>07050000</Code>
      <Directorate>
        <LongName>Directorate For Engineering</LongName>
      </Directorate>
      <Division>
        <LongName>Div Of Engineering Education and Centers</LongName>
      </Division>
    </Organization>
    <ProgramOfficer>
      <SignBlockName>Mary Poats</SignBlockName>
    </ProgramOfficer>
    <AbstractNarration>This award provides funding for a three year standard award to support a Research Experiences for Teachers (RET) Site program at South Dakota School of Mines and Technology (SDSM&amp;T) entitled, "SDSM&amp;T RET Site: Inspiring Educators in Rural America through Research," under the direction of Dr. Robb M. Winter. This program will provide ten sixth through twelfth grade teachers (RET Research Assistants) the opportunity to work side-by-side with undergraduate students, graduate students, and faculty mentors in the exciting enterprise of research in areas such as materials science and engineering, biology, and environmental science.</AbstractNarration>
    <MinAmdLetterDate>05/09/2005</MinAmdLetterDate>
    <MaxAmdLetterDate>04/09/2008</MaxAmdLetterDate>
    <ARRAAmount/>
    <AwardID>0502310</AwardID>
    <Investigator>
      <FirstName>Brant</FirstName>
      <LastName>Miller</LastName>
      <EmailAddress>mill3770@umn.edu</EmailAddress>
      <StartDate>05/09/2005</StartDate>
      <EndDate/>
      <RoleCode>Co-Principal Investigator</RoleCode>
    </Investigator>
    <Investigator>
      <FirstName>Robb</FirstName>
      <LastName>Winter</LastName>
      <EmailAddress>robb.winter@sdsmt.edu</EmailAddress>
      <StartDate>05/09/2005</StartDate>
      <EndDate>08/17/2006</EndDate>
      <RoleCode>Former Principal Investigator</RoleCode>
    </Investigator>
    <Investigator>
      <FirstName>Todd</FirstName>
      <LastName>Menkhaus</LastName>
      <EmailAddress>todd.menkhaus@sdsmt.edu</EmailAddress>
      <StartDate>08/17/2006</StartDate>
      <EndDate/>
      <RoleCode>Principal Investigator</RoleCode>
    </Investigator>
    <Institution>
      <Name>South Dakota School of Mines and Technology</Name>
      <CityName>Rapid City</CityName>
      <ZipCode>577013995</ZipCode>
      <PhoneNumber>6053941218</PhoneNumber>
      <StreetAddress>501 East Saint Joseph Street</StreetAddress>
      <CountryName>United States</CountryName>
      <StateName>South Dakota</StateName>
      <StateCode>SD</StateCode>
    </Institution>
  </Award>
</rootTag>
