<?xml version="1.0" encoding="UTF-8"?>

<rootTag>
  <Award>
    <AwardTitle>Atlantic Basin Tropical Cyclone Reconstructions for the Late Eighteenth and Early Nineteenth Centuries</AwardTitle>
    <AwardEffectiveDate>10/01/2005</AwardEffectiveDate>
    <AwardExpirationDate>09/30/2009</AwardExpirationDate>
    <AwardAmount>289485</AwardAmount>
    <AwardInstrument>
      <Value>Standard Grant</Value>
    </AwardInstrument>
    <Organization>
      <Code>06020108</Code>
      <Directorate>
        <LongName>Directorate For Geosciences</LongName>
      </Directorate>
      <Division>
        <LongName>Div Atmospheric &amp; Geospace Sciences</LongName>
      </Division>
    </Organization>
    <ProgramOfficer>
      <SignBlockName>David J. Verardo</SignBlockName>
    </ProgramOfficer>
    <AbstractNarration>This award provides funds to support the collection and evaluation of modern tropical cyclone records from the Atlantic Basin from the present to around 1851. Despite the current understanding of Atlantic hurricane variability based on the modern record, a longer temporal perspective would prove invaluable in order to improve hurricane prediction, assess land falling probabilities and periodicities of hurricanes, and relate tropical cyclone activity to different forcing mechanisms of climatic change. The characteristics of prominent interannual and decadal climatic forcing mechanisms likely differed through time. Vast amounts of high-resolution documentary data from different colonial archives extending back several centuries have not yet been seriously utilized for paleo-hurricane reconstruction. This high-resolution source consists of records such as early instrumental records, ship logs, diaries, and newspapers. &lt;br/&gt;&lt;br/&gt;The researchers will launch a comprehensive effort to reconstruct Atlantic Basin tropical cyclone activity, at daily to sub-daily resolution, from the eighteenth century to:&lt;br/&gt;&lt;br/&gt;1) reconstruct annual counts and tracks of Atlantic Basin tropical cyclones from early newspapers, ship logbooks, diaries, and early instrumental records, with an emphasis on the period 1800-1850. &lt;br/&gt;2) reconstruct continuous time series of land falling tropical cyclones for selected locations that possess rich documentary records back to the mid 1700s. These locations are North Carolina, Georgia, North East Florida, Southern Louisiana, the Florida Panhandle, eastern Massachusetts, the Bahamas, and Bermuda. &lt;br/&gt;3) reconstruct the synoptic-scale circulation patterns for selected extreme active land falling years in the Atlantic Basin by examining all available instrumental, documentary, and colonial ship logbook archives over eastern North America and the western Atlantic. &lt;br/&gt;4) examine the relationships between the reconstructed tropical cyclone activity with forcing factors of climatic change. The researchers will examine how El Nino-Southern Oscillation (ENSO), the North Atlantic Oscillation (NAO), and the thermohaline circulation affect tropical cyclone activity by integrating paleoclimatic reconstructions (e.g., from tree-rings, corals) with paleo-hurricane reconstructions. &lt;br/&gt;&lt;br/&gt;The results of the research will be relevant to the interests of coastal zone scientists and planners, habitat restoration groups, land managers businesses concerned with managing risk, and coastal property owners in providing long-term historical climate analyses. The project will also provide a unique learning and training opportunity for undergraduate and graduate students.</AbstractNarration>
    <MinAmdLetterDate>09/22/2005</MinAmdLetterDate>
    <MaxAmdLetterDate>09/22/2005</MaxAmdLetterDate>
    <ARRAAmount/>
    <AwardID>0502105</AwardID>
    <Investigator>
      <FirstName>Cary</FirstName>
      <LastName>Mock</LastName>
      <EmailAddress>mockcj@sc.edu</EmailAddress>
      <StartDate>09/22/2005</StartDate>
      <EndDate/>
      <RoleCode>Principal Investigator</RoleCode>
    </Investigator>
    <Institution>
      <Name>University South Carolina Research Foundation</Name>
      <CityName>COLUMBIA</CityName>
      <ZipCode>292080001</ZipCode>
      <PhoneNumber>8037777093</PhoneNumber>
      <StreetAddress>1600 Hampton Street</StreetAddress>
      <CountryName>United States</CountryName>
      <StateName>South Carolina</StateName>
      <StateCode>SC</StateCode>
    </Institution>
    <FoaInformation>
      <Code>0000099</Code>
      <Name>Other Applications NEC</Name>
    </FoaInformation>
    <ProgramElement>
      <Code>T251</Code>
      <Text/>
    </ProgramElement>
    <ProgramReference>
      <Code>1304</Code>
      <Text>EARTH SYSTEM HISTORY</Text>
    </ProgramReference>
    <ProgramReference>
      <Code>9150</Code>
      <Text>EXP PROG TO STIM COMP RES</Text>
    </ProgramReference>
    <ProgramReference>
      <Code>EGCH</Code>
      <Text>ENVIRONMENT AND GLOBAL CHANGE</Text>
    </ProgramReference>
  </Award>
</rootTag>
