<?xml version="1.0" encoding="UTF-8"?>

<rootTag>
  <Award>
    <AwardTitle>Workshop on Eco-Cultural Niche Modeling: Hominin Dispersal and Adaptation to High Latitudes</AwardTitle>
    <AwardEffectiveDate>07/15/2005</AwardEffectiveDate>
    <AwardExpirationDate>06/30/2006</AwardExpirationDate>
    <AwardAmount>37737</AwardAmount>
    <AwardInstrument>
      <Value>Standard Grant</Value>
    </AwardInstrument>
    <Organization>
      <Code>06090100</Code>
      <Directorate>
        <LongName>Directorate For Geosciences</LongName>
      </Directorate>
      <Division>
        <LongName>Division Of Polar Programs</LongName>
      </Division>
    </Organization>
    <ProgramOfficer>
      <SignBlockName>Anna Kerttula de Echave</SignBlockName>
    </ProgramOfficer>
    <AbstractNarration>ABSTRACT&lt;br/&gt;&lt;br/&gt;This workshop, which is co-funded by OISE and OPP is the internationalization of the workshop "Eco-cultural niche modeling: A new way of approaching the archaeological record," held at the University of Kansas, Lawrence, March 2004. The second workshop will be held in France in October 2005 with join support from the European Science Foundation and will include participation by the international science community with expertise in hominid evolution, paleoclimateology, niche modeling and informatics. In addition, the workshop will expand on the earlier eco-modeling proof of concept to focus on Pleistocene environments.</AbstractNarration>
    <MinAmdLetterDate>07/13/2005</MinAmdLetterDate>
    <MaxAmdLetterDate>07/13/2005</MaxAmdLetterDate>
    <ARRAAmount/>
    <AwardID>0502060</AwardID>
    <Investigator>
      <FirstName>Harold</FirstName>
      <LastName>Dibble</LastName>
      <EmailAddress>hdibble@sas.upenn.edu</EmailAddress>
      <StartDate>07/13/2005</StartDate>
      <EndDate/>
      <RoleCode>Co-Principal Investigator</RoleCode>
    </Investigator>
    <Investigator>
      <FirstName>Deborah</FirstName>
      <LastName>Olszewski</LastName>
      <EmailAddress>deboraho@sas.upenn.edu</EmailAddress>
      <StartDate>07/13/2005</StartDate>
      <EndDate/>
      <RoleCode>Principal Investigator</RoleCode>
    </Investigator>
    <Institution>
      <Name>University of Pennsylvania</Name>
      <CityName>Philadelphia</CityName>
      <ZipCode>191046205</ZipCode>
      <PhoneNumber>2158987293</PhoneNumber>
      <StreetAddress>Research Services</StreetAddress>
      <CountryName>United States</CountryName>
      <StateName>Pennsylvania</StateName>
      <StateCode>PA</StateCode>
    </Institution>
    <FoaInformation>
      <Code>0311000</Code>
      <Name>Polar Programs-Related</Name>
    </FoaInformation>
  </Award>
</rootTag>
