<?xml version="1.0" encoding="UTF-8"?>

<rootTag>
  <Award>
    <AwardTitle>EMSW21-RTG: Training Students in Geometry and Topology at Stanford University</AwardTitle>
    <AwardEffectiveDate>07/01/2005</AwardEffectiveDate>
    <AwardExpirationDate>06/30/2013</AwardExpirationDate>
    <AwardAmount>1923495</AwardAmount>
    <AwardInstrument>
      <Value>Continuing grant</Value>
    </AwardInstrument>
    <Organization>
      <Code>03040000</Code>
      <Directorate>
        <LongName>Direct For Mathematical &amp; Physical Scien</LongName>
      </Directorate>
      <Division>
        <LongName>Division Of Mathematical Sciences</LongName>
      </Division>
    </Organization>
    <ProgramOfficer>
      <SignBlockName>Christopher W. Stark</SignBlockName>
    </ProgramOfficer>
    <AbstractNarration>The goal of this project is to enhance the education of students &lt;br/&gt;in the areas of geometry and topology at Stanford by providing them with &lt;br/&gt;interactive forums in which to broaden their knowledge and by providing &lt;br/&gt;them with the time, through financial support, to participate in those &lt;br/&gt;forums. Stanford has a broad and active research group in geometry and &lt;br/&gt;topology with researchers in geometric analysis, differential geometry &lt;br/&gt;and minimal surfaces, symplectic geometry and topology, low-dimensional &lt;br/&gt;topology and hyperbolic geometry, geometric and algebraic topology, and &lt;br/&gt;algebraic geometry. Aside from the breadth of fields covered, the &lt;br/&gt;Stanford research group in geometry and topology is connected by a &lt;br/&gt;network of overlapping interests and activities. The purpose of this &lt;br/&gt;project is to attract students into this group and to allow them to more &lt;br/&gt;fully benefit from the broad expertise it represents.&lt;br/&gt;&lt;br/&gt;&lt;br/&gt;&lt;br/&gt;&lt;br/&gt; In order to facilitate the interaction between students and &lt;br/&gt;faculty representing these varied interests, specific seminars are &lt;br/&gt;planned. These will be run by senior faculty members and will involve &lt;br/&gt;graduate students, postdoctoral researchers, and, in some cases, advanced &lt;br/&gt;undergraduates, who are interested in these fields. Examples of such &lt;br/&gt;seminars include the following:&lt;br/&gt;1) Classics seminar: Students will present, under the supervision of a &lt;br/&gt;faculty member, various ``classical papers" that transformed their &lt;br/&gt;respective areas of mathematics.&lt;br/&gt;2) Progress seminar: More advanced graduate students and postdoctoral &lt;br/&gt;researchers will discuss their work in detail, as they are working on it.&lt;br/&gt;3) Physics for mathematicians seminar: Geometry/topology students will study &lt;br/&gt;a relevant area of Physics under the joint supervision of the Mathematics &lt;br/&gt;and Physics faculty.&lt;br/&gt;The proposal is designed to bring more US citizens/permanent &lt;br/&gt;residents to the Stanford graduate program in mathematics. Special &lt;br/&gt;attention will be given to attracting more women and minorities to the &lt;br/&gt;program. The activities proposed here should also increase the size and &lt;br/&gt;improve the quality of the pool of Stanford undergraduates who go to &lt;br/&gt;graduate programs at US universities; the majority of these students &lt;br/&gt;are US citizens or permanent residents.</AbstractNarration>
    <MinAmdLetterDate>07/15/2005</MinAmdLetterDate>
    <MaxAmdLetterDate>06/21/2012</MaxAmdLetterDate>
    <ARRAAmount/>
    <AwardID>0502401</AwardID>
    <Investigator>
      <FirstName>Gunnar</FirstName>
      <LastName>Carlsson</LastName>
      <EmailAddress>gunnar@math.stanford.edu</EmailAddress>
      <StartDate>07/15/2005</StartDate>
      <EndDate/>
      <RoleCode>Co-Principal Investigator</RoleCode>
    </Investigator>
    <Investigator>
      <FirstName>Steven</FirstName>
      <LastName>Kerckhoff</LastName>
      <EmailAddress>spk@math.stanford.edu</EmailAddress>
      <StartDate>07/15/2005</StartDate>
      <EndDate/>
      <RoleCode>Principal Investigator</RoleCode>
    </Investigator>
    <Investigator>
      <FirstName>Ralph</FirstName>
      <LastName>Cohen</LastName>
      <EmailAddress>ralph@math.stanford.edu</EmailAddress>
      <StartDate>07/15/2005</StartDate>
      <EndDate/>
      <RoleCode>Co-Principal Investigator</RoleCode>
    </Investigator>
    <Investigator>
      <FirstName>Richard</FirstName>
      <LastName>Schoen</LastName>
      <EmailAddress>schoen@math.stanford.edu</EmailAddress>
      <StartDate>07/15/2005</StartDate>
      <EndDate/>
      <RoleCode>Co-Principal Investigator</RoleCode>
    </Investigator>
    <Investigator>
      <FirstName>Yakov</FirstName>
      <LastName>Eliashberg</LastName>
      <EmailAddress>eliash@math.stanford.edu</EmailAddress>
      <StartDate>07/15/2005</StartDate>
      <EndDate/>
      <RoleCode>Co-Principal Investigator</RoleCode>
    </Investigator>
    <Institution>
      <Name>Stanford University</Name>
      <CityName>Palo Alto</CityName>
      <ZipCode>943041212</ZipCode>
      <PhoneNumber>6507232300</PhoneNumber>
      <StreetAddress>3160 Porter Drive</StreetAddress>
      <CountryName>United States</CountryName>
      <StateName>California</StateName>
      <StateCode>CA</StateCode>
    </Institution>
    <FoaInformation>
      <Code>0000099</Code>
      <Name>Other Applications NEC</Name>
    </FoaInformation>
    <ProgramElement>
      <Code>7335</Code>
      <Text>WORKFORCE IN THE MATHEMAT SCI</Text>
    </ProgramElement>
    <ProgramElement>
      <Code>1267</Code>
      <Text>TOPOLOGY</Text>
    </ProgramElement>
    <ProgramElement>
      <Code>1265</Code>
      <Text>GEOMETRIC ANALYSIS</Text>
    </ProgramElement>
    <ProgramReference>
      <Code>0000</Code>
      <Text>UNASSIGNED</Text>
    </ProgramReference>
    <ProgramReference>
      <Code>7301</Code>
      <Text>RES TRAINING GROUPS IN THE MATH SCIENCES</Text>
    </ProgramReference>
    <ProgramReference>
      <Code>OTHR</Code>
      <Text>OTHER RESEARCH OR EDUCATION</Text>
    </ProgramReference>
  </Award>
</rootTag>
