<?xml version="1.0" encoding="UTF-8"?>

<rootTag>
  <Award>
    <AwardTitle>Normal Subgroups of the Groups of Rational Points of Algebraic Groups, Congruence Subgroup Problem, and Related Topics</AwardTitle>
    <AwardEffectiveDate>06/01/2005</AwardEffectiveDate>
    <AwardExpirationDate>05/31/2011</AwardExpirationDate>
    <AwardAmount>210575</AwardAmount>
    <AwardInstrument>
      <Value>Continuing grant</Value>
    </AwardInstrument>
    <Organization>
      <Code>03040000</Code>
      <Directorate>
        <LongName>Direct For Mathematical &amp; Physical Scien</LongName>
      </Directorate>
      <Division>
        <LongName>Division Of Mathematical Sciences</LongName>
      </Division>
    </Organization>
    <ProgramOfficer>
      <SignBlockName>Tie Luo</SignBlockName>
    </ProgramOfficer>
    <AbstractNarration>The principle investigator is studying normal subgroups in the groups of &lt;br/&gt;rational points of algebraic groups and in their important subgroups &lt;br/&gt;(such as S-arithmetic subgroups). Questions of this nature are rooted in &lt;br/&gt;the works of the founders of modern algebra such as Galois, Jordan and &lt;br/&gt;Dixon, and have been an area of active research in various periods of the&lt;br/&gt;20th century (among important contributors one can mention Artin,&lt;br/&gt;Dieudonne, Tits). While these works dealt mainly with the isotropic case &lt;br/&gt;where one can use unipotent elements, the PI's research focuses on the &lt;br/&gt;anisotropic case where no unipotent elements are available, hence essentially &lt;br/&gt;new techniques are needed. Anisotropic groups are usually associated with&lt;br/&gt;noncommutative division algebras. Recently, in a joint work of the PI with &lt;br/&gt;Y.Segev and G.M.Seitz, new methods for analyzing normal subgroups of the &lt;br/&gt;multiplicative group of a finite dimensional division algebra were developed, &lt;br/&gt;and the current proposal describes a variety of problems where these &lt;br/&gt;methods or their suitable adaptations can (and will) be used. In particular, &lt;br/&gt;the PI intends to make a substantial progress in the investigation of&lt;br/&gt;unitary groups over global as well as general fields. Another&lt;br/&gt;central topic of the project is the congruence subgroup problem&lt;br/&gt;for S-arithmetic groups. The PI will continue the ongoing joint&lt;br/&gt;research with G.Prasad focused on proving centrality of the&lt;br/&gt;congruence kernel in new cases, and also the work on the book&lt;br/&gt;project devoted to the congruence subgroup problem. &lt;br/&gt;&lt;br/&gt;The investigator's research is on the structure of classical and &lt;br/&gt;algebraic groups and their arithmetic subgroups. Questions of this &lt;br/&gt;nature are rooted in the works of the founders of modern algebra &lt;br/&gt;such as Galois, Jordan and Dixon, and have been an area of active &lt;br/&gt;research in various periods of the 20th century. In particular, &lt;br/&gt;it should be noted that the congruence subgroup problem is &lt;br/&gt;connected with other fundamental problems in number theory, currently &lt;br/&gt;applied in data transmission, data processing and communication systems.</AbstractNarration>
    <MinAmdLetterDate>04/01/2005</MinAmdLetterDate>
    <MaxAmdLetterDate>02/19/2009</MaxAmdLetterDate>
    <ARRAAmount/>
    <AwardID>0502120</AwardID>
    <Investigator>
      <FirstName>Andrei</FirstName>
      <LastName>Rapinchuk</LastName>
      <EmailAddress>asr3x@virginia.edu</EmailAddress>
      <StartDate>04/01/2005</StartDate>
      <EndDate/>
      <RoleCode>Principal Investigator</RoleCode>
    </Investigator>
    <Institution>
      <Name>University of Virginia Main Campus</Name>
      <CityName>CHARLOTTESVILLE</CityName>
      <ZipCode>229044195</ZipCode>
      <PhoneNumber>4349244270</PhoneNumber>
      <StreetAddress>P.O. BOX 400195</StreetAddress>
      <CountryName>United States</CountryName>
      <StateName>Virginia</StateName>
      <StateCode>VA</StateCode>
    </Institution>
    <FoaInformation>
      <Code>0000099</Code>
      <Name>Other Applications NEC</Name>
    </FoaInformation>
    <ProgramElement>
      <Code>1264</Code>
      <Text>ALGEBRA,NUMBER THEORY,AND COM</Text>
    </ProgramElement>
    <ProgramReference>
      <Code>0000</Code>
      <Text>UNASSIGNED</Text>
    </ProgramReference>
    <ProgramReference>
      <Code>9178</Code>
      <Text>UNDERGRADUATE EDUCATION</Text>
    </ProgramReference>
    <ProgramReference>
      <Code>9251</Code>
      <Text>RES EXPER FOR UNDERGRAD-SUPPLT</Text>
    </ProgramReference>
    <ProgramReference>
      <Code>OTHR</Code>
      <Text>OTHER RESEARCH OR EDUCATION</Text>
    </ProgramReference>
    <ProgramReference>
      <Code>SMET</Code>
      <Text>SCIENCE, MATH, ENG &amp; TECH EDUCATION</Text>
    </ProgramReference>
  </Award>
</rootTag>
