<?xml version="1.0" encoding="UTF-8"?>

<rootTag>
  <Award>
    <AwardTitle>Bringing Innovative Design into Urban High Schools on a Sustainable Basis: University of Pittsburgh Design Team RET Site</AwardTitle>
    <AwardEffectiveDate>05/15/2005</AwardEffectiveDate>
    <AwardExpirationDate>04/30/2009</AwardExpirationDate>
    <AwardAmount>418627</AwardAmount>
    <AwardInstrument>
      <Value>Continuing grant</Value>
    </AwardInstrument>
    <Organization>
      <Code>07050000</Code>
      <Directorate>
        <LongName>Directorate For Engineering</LongName>
      </Directorate>
      <Division>
        <LongName>Div Of Engineering Education and Centers</LongName>
      </Division>
    </Organization>
    <ProgramOfficer>
      <SignBlockName>Mary Poats</SignBlockName>
    </ProgramOfficer>
    <AbstractNarration>This award provides funding for a 3 year continuing award to support a Research Experiences for Teachers (RET) Site program at the University of Pittsburgh entitled, "Bringing Innovative Design into Urban High Schools on a Sustainable Basis: University of Pittsburgh Design Team RET Site," under the direction of Dr. Michael R. Lovell. The mission of this RET site program is to implement several of the University of Pittsburgh's innovative design research activities at the high school level in an effort to foster creativity and promote interest in science, technology, and math (STEM) subjects, particularly for underrepresent pre-college students. Two well recognized units of the University of Pittsburgh are joining together to attain this mission-the Swanson Center for Product Innovation (SCPI) and the Learning Research and Development Center (LRDC). To gain an additional real-world industry perspective, Westinghouse Electric Corporation (WEC) will also significantly contribute to the propsed research program by providing leadership, projects and financial support for the RET activities.&lt;br/&gt;&lt;br/&gt;Co-funding is being provided by the NSF Partnerships for Innovation Program (PFI).</AbstractNarration>
    <MinAmdLetterDate>05/11/2005</MinAmdLetterDate>
    <MaxAmdLetterDate>02/26/2007</MaxAmdLetterDate>
    <ARRAAmount/>
    <AwardID>0502035</AwardID>
    <Investigator>
      <FirstName>Michael</FirstName>
      <LastName>Lovell</LastName>
      <EmailAddress>mlovell@uwm.edu</EmailAddress>
      <StartDate>05/11/2005</StartDate>
      <EndDate/>
      <RoleCode>Principal Investigator</RoleCode>
    </Investigator>
    <Investigator>
      <FirstName>Christian</FirstName>
      <LastName>Schunn</LastName>
      <EmailAddress>schunn@pitt.edu</EmailAddress>
      <StartDate>05/11/2005</StartDate>
      <EndDate/>
      <RoleCode>Co-Principal Investigator</RoleCode>
    </Investigator>
    <Institution>
      <Name>University of Pittsburgh</Name>
      <CityName>Pittsburgh</CityName>
      <ZipCode>152132303</ZipCode>
      <PhoneNumber>4126247400</PhoneNumber>
      <StreetAddress>University Club</StreetAddress>
      <CountryName>United States</CountryName>
      <StateName>Pennsylvania</StateName>
      <StateCode>PA</StateCode>
    </Institution>
  </Award>
</rootTag>
