<?xml version="1.0" encoding="UTF-8"?>

<rootTag>
  <Award>
    <AwardTitle>RUI: Nuclear Physics Research at Westmont College</AwardTitle>
    <AwardEffectiveDate>06/01/2005</AwardEffectiveDate>
    <AwardExpirationDate>05/31/2011</AwardExpirationDate>
    <AwardAmount>303125</AwardAmount>
    <AwardInstrument>
      <Value>Continuing grant</Value>
    </AwardInstrument>
    <Organization>
      <Code>03010600</Code>
      <Directorate>
        <LongName>Direct For Mathematical &amp; Physical Scien</LongName>
      </Directorate>
      <Division>
        <LongName>Division Of Physics</LongName>
      </Division>
    </Organization>
    <ProgramOfficer>
      <SignBlockName>Bradley D. Keister</SignBlockName>
    </ProgramOfficer>
    <AbstractNarration>This experimental nuclear physics research program, involving undergraduate student participation as a central component, will be carried out at Westmont College and at the National Superconducting Cyclotron Laboratory (NSCL) at Michigan State University. The structure of nuclei produced by fragmentation reactions is investigated using two different approaches. In the first, ground-state magnetic properties of short-lived nuclei that decay by beta-emission are measured using radiation-detected nuclear magnetic resonance (beta-NMR). After production they are implanted in a crystal host located at the center of a high-precision magnet, and their response to alternating magnetic fields is monitored via the directional distribution of their beta-particle emission. In the second approach, properties of ground and excited states of highly neutron-rich nuclei are measured via in-flight breakup reactions, using the Modular Neutron Array (MoNA), which Westmont students helped construct along with students from 9 other colleges and universities. The energies and trajectories of forward moving neutrons are measured in coincidence with the energies and trajectories of the charged fragments, which are deflected out of the main beam by a sweeper magnet. This research program will help advance knowledge of nuclear structure both near to and far from stability, and provide the type of cutting-edge undergraduate student research experiences that help recruit future generations of nuclear scientists.</AbstractNarration>
    <MinAmdLetterDate>04/15/2005</MinAmdLetterDate>
    <MaxAmdLetterDate>12/03/2010</MaxAmdLetterDate>
    <ARRAAmount/>
    <AwardID>0502010</AwardID>
    <Investigator>
      <FirstName>Warren</FirstName>
      <LastName>Rogers</LastName>
      <EmailAddress>rogers@westmont.edu</EmailAddress>
      <StartDate>04/15/2005</StartDate>
      <EndDate/>
      <RoleCode>Principal Investigator</RoleCode>
    </Investigator>
    <Institution>
      <Name>Westmont College</Name>
      <CityName>Santa Barbara</CityName>
      <ZipCode>931081023</ZipCode>
      <PhoneNumber>8055656092</PhoneNumber>
      <StreetAddress>955 La Paz Road</StreetAddress>
      <CountryName>United States</CountryName>
      <StateName>California</StateName>
      <StateCode>CA</StateCode>
    </Institution>
    <FoaInformation>
      <Code>0000099</Code>
      <Name>Other Applications NEC</Name>
    </FoaInformation>
    <ProgramElement>
      <Code>1233</Code>
      <Text>NUCLEAR STRUCTURE &amp; REACTIONS</Text>
    </ProgramElement>
    <ProgramReference>
      <Code>9178</Code>
      <Text>UNDERGRADUATE EDUCATION</Text>
    </ProgramReference>
    <ProgramReference>
      <Code>9229</Code>
      <Text>RES IN UNDERGRAD INST-RESEARCH</Text>
    </ProgramReference>
    <ProgramReference>
      <Code>SMET</Code>
      <Text>SCIENCE, MATH, ENG &amp; TECH EDUCATION</Text>
    </ProgramReference>
    <ProgramReference>
      <Code>9250</Code>
      <Text>RES EXPER FOR UNDERGRADS-SITE</Text>
    </ProgramReference>
    <ProgramReference>
      <Code>0000</Code>
      <Text>UNASSIGNED</Text>
    </ProgramReference>
    <ProgramReference>
      <Code>OTHR</Code>
      <Text>OTHER RESEARCH OR EDUCATION</Text>
    </ProgramReference>
    <ProgramReference>
      <Code>9251</Code>
      <Text>RES EXPER FOR UNDERGRAD-SUPPLT</Text>
    </ProgramReference>
  </Award>
</rootTag>
