<?xml version="1.0" encoding="UTF-8"?>

<rootTag>
  <Award>
    <AwardTitle>Partnership for advanced marine and environmental science training for Pacific Islanders</AwardTitle>
    <AwardEffectiveDate>09/01/2005</AwardEffectiveDate>
    <AwardExpirationDate>02/29/2008</AwardExpirationDate>
    <AwardAmount>288693</AwardAmount>
    <AwardInstrument>
      <Value>Standard Grant</Value>
    </AwardInstrument>
    <Organization>
      <Code>11040100</Code>
      <Directorate>
        <LongName>Direct For Education and Human Resources</LongName>
      </Directorate>
      <Division>
        <LongName>Division Of Undergraduate Education</LongName>
      </Division>
    </Organization>
    <ProgramOfficer>
      <SignBlockName>David B. Campbell</SignBlockName>
    </ProgramOfficer>
    <AbstractNarration>This program improves technological education at the undergraduate and secondary school levels through the community colleges of the Pacific Islands by supporting regionally relevant curriculum development, the professional development of community college faculty and secondary school teachers, internships and field experiences for faculty, teachers, and students, and by strengthening the scientific infrastructure of the participating institutions. The activities include workshops that provide both training and the necessary tools to perform relevant research, development of articulation agreements between marine and environmental sciences programs at regional two-year colleges and minority-serving universities, research experiences and collaborations, and secondary school teacher and student support. The project builds on existing programs (NSF-UMEB, DOI-MAREPAC, NOAA-Coral Reef Initiative) to address the scientific and technical needs of the U.S.-Affiliated Pacific Islands: American Samoa, the Commonwealth of the Northern Mariana Islands, the Federated States of Micronesia, the Republic of the Marshall Islands, and the Republic of Palau. The Pacific Islands contain highly diverse and unique coral reef and terrestrial ecosystems that are under elevated levels of stress and degradation due to development pressures, the effects of overfishing, and coastal pollution from sedimentation and the increased use of agrochemicals. The future of the Islands and their populations depends on the technical skills and knowledge available to local resource managers, policy makers and stakeholders. An effective means of providing critical access to accurate and adequate information, in a culturally appropriate manner, is to strengthen the capacity of the local institutions of higher education: American Samoa Community College, the College of Micronesia - FSM, the College of the Marshall Islands, Northern Marianas College, and Palau Community College.</AbstractNarration>
    <MinAmdLetterDate>08/03/2005</MinAmdLetterDate>
    <MaxAmdLetterDate>09/26/2007</MaxAmdLetterDate>
    <ARRAAmount/>
    <AwardID>0502001</AwardID>
    <Investigator>
      <FirstName>Robert</FirstName>
      <LastName>Richmond</LastName>
      <EmailAddress>richmond@hawaii.edu</EmailAddress>
      <StartDate>08/03/2005</StartDate>
      <EndDate/>
      <RoleCode>Principal Investigator</RoleCode>
    </Investigator>
    <Investigator>
      <FirstName>Patrick</FirstName>
      <LastName>Tellei</LastName>
      <EmailAddress>tellei@palau.edu</EmailAddress>
      <StartDate>08/03/2005</StartDate>
      <EndDate/>
      <RoleCode>Co-Principal Investigator</RoleCode>
    </Investigator>
    <Investigator>
      <FirstName>Barry</FirstName>
      <LastName>Smith</LastName>
      <EmailAddress>bdsmith@uguam.uog.edu</EmailAddress>
      <StartDate>08/03/2005</StartDate>
      <EndDate/>
      <RoleCode>Co-Principal Investigator</RoleCode>
    </Investigator>
    <Institution>
      <Name>University of Hawaii</Name>
      <CityName>HONOLULU</CityName>
      <ZipCode>968222234</ZipCode>
      <PhoneNumber>8089567800</PhoneNumber>
      <StreetAddress>2440 Campus Road, Box 368</StreetAddress>
      <CountryName>United States</CountryName>
      <StateName>Hawaii</StateName>
      <StateCode>HI</StateCode>
    </Institution>
    <FoaInformation>
      <Code>0000099</Code>
      <Name>Other Applications NEC</Name>
    </FoaInformation>
    <ProgramElement>
      <Code>7412</Code>
      <Text>ADVANCED TECH EDUCATION PROG</Text>
    </ProgramElement>
    <ProgramElement>
      <Code>9150</Code>
      <Text>EXP PROG TO STIM COMP RES</Text>
    </ProgramElement>
    <ProgramReference>
      <Code>1032</Code>
      <Text>ADVANCED TECHNOLOGY EDUCATION</Text>
    </ProgramReference>
    <ProgramReference>
      <Code>9150</Code>
      <Text>EXP PROG TO STIM COMP RES</Text>
    </ProgramReference>
    <ProgramReference>
      <Code>9178</Code>
      <Text>UNDERGRADUATE EDUCATION</Text>
    </ProgramReference>
    <ProgramReference>
      <Code>SMET</Code>
      <Text>SCIENCE, MATH, ENG &amp; TECH EDUCATION</Text>
    </ProgramReference>
  </Award>
</rootTag>
