<?xml version="1.0" encoding="UTF-8"?>

<rootTag>
  <Award>
    <AwardTitle>International Research Fellowship Program: Hydrolysis of Dinitrogen Pentoxide Studied via First-Principles Simulation</AwardTitle>
    <AwardEffectiveDate>07/01/2005</AwardEffectiveDate>
    <AwardExpirationDate>04/30/2007</AwardExpirationDate>
    <AwardAmount>129910</AwardAmount>
    <AwardInstrument>
      <Value>Fellowship</Value>
    </AwardInstrument>
    <Organization>
      <Code>01090000</Code>
      <Directorate>
        <LongName>Office Of The Director</LongName>
      </Directorate>
      <Division>
        <LongName>Office Of Internatl Science &amp;Engineering</LongName>
      </Division>
    </Organization>
    <ProgramOfficer>
      <SignBlockName>Francis J. Wodarczyk</SignBlockName>
    </ProgramOfficer>
    <AbstractNarration>0502240&lt;br/&gt;Mantz&lt;br/&gt;&lt;br/&gt;&lt;br/&gt;The International Research Fellowship Program enables U.S. scientists and engineers to conduct three to twenty-four months of research abroad. The program's awards provide opportunities for joint research, and the use of unique or complementary facilities, expertise and experimental conditions abroad.&lt;br/&gt;&lt;br/&gt;This award will support a twenty-two-month research fellowship by Dr. Yves A. Mantz to work with Dr. Michele Parrinello at the Eidgenossische Technische Hochschule Zurich (ETH) (Swiss Federal Institute of Technology Zurich) in Switzerland.&lt;br/&gt;&lt;br/&gt;The dissociative hydrolysis of dinitrogen pentoxide (N2O5) in both pure water and organic aerosol particles strongly impacts photochemical smog formation by controlling the ozone budget in the troposphere. However, its chemical mechanism is complex, potentially involving the breaking of several bonds, and is not well understood. This important process will be studied by performing atomistic simulation studies of N2O5, water, and malonic acid (HOOCCH2COOH) mixtures, motivated by a very recent experimental study. Several order parameters will be defined in order to distinguish between competing hydrolysis mechanisms,&lt;br/&gt;and Car-Parrinello ab initio molecular dynamics (CPAIMD) calculations will be performed in order to sample the configuration space, enabled by state-of-the-art, multidimensional, rare event sampling schemes recently developed by Parrinello and co-workers. The conclusions drawn from the free energy surface will be verified by transition-path sampling calculations and will be useful for subsequent studies of the hydrolysis reaction in interfacial regions.</AbstractNarration>
    <MinAmdLetterDate>07/13/2005</MinAmdLetterDate>
    <MaxAmdLetterDate>07/13/2005</MaxAmdLetterDate>
    <ARRAAmount/>
    <AwardID>0502240</AwardID>
    <Investigator>
      <FirstName>Yves</FirstName>
      <LastName>Mantz</LastName>
      <EmailAddress/>
      <StartDate>07/13/2005</StartDate>
      <EndDate/>
      <RoleCode>Principal Investigator</RoleCode>
    </Investigator>
    <Institution>
      <Name>Mantz Yves A</Name>
      <CityName>Yorktown Heights</CityName>
      <ZipCode>105980218</ZipCode>
      <PhoneNumber/>
      <StreetAddress/>
      <CountryName>United States</CountryName>
      <StateName>New York</StateName>
      <StateCode>NY</StateCode>
    </Institution>
    <FoaInformation>
      <Code>0000099</Code>
      <Name>Other Applications NEC</Name>
    </FoaInformation>
  </Award>
</rootTag>
