<?xml version="1.0" encoding="UTF-8"?>

<rootTag>
  <Award>
    <AwardTitle>International Research Fellowship Program: Ocean Variability &amp; Fish Population Response Beyond El Nino from Laminated Sediments of the Peruvian Margin Spanning the Last Millennium</AwardTitle>
    <AwardEffectiveDate>04/01/2006</AwardEffectiveDate>
    <AwardExpirationDate>01/31/2009</AwardExpirationDate>
    <AwardAmount>121014</AwardAmount>
    <AwardInstrument>
      <Value>Fellowship</Value>
    </AwardInstrument>
    <Organization>
      <Code>01090000</Code>
      <Directorate>
        <LongName>Office Of The Director</LongName>
      </Directorate>
      <Division>
        <LongName>Office Of Internatl Science &amp;Engineering</LongName>
      </Division>
    </Organization>
    <ProgramOfficer>
      <SignBlockName>Cassandra M. Dudka</SignBlockName>
    </ProgramOfficer>
    <AbstractNarration>0502387&lt;br/&gt;Field&lt;br/&gt;&lt;br/&gt;The International Research Fellowship Program enables U.S. scientists and engineers to conduct three to twenty-four months of research abroad. The program's awards provide opportunities for joint research, and the use of unique or complementary facilities, expertise and experimental conditions abroad.&lt;br/&gt;&lt;br/&gt;This award will support a twenty-two-month research fellowship by Dr. David B. Field to work with Dr. Dimitri Gutierrez at Instituto del Mar del Peru in Callao, Peru, and Dr. Christina Ravel at the University of California, Santa Cruz.&lt;br/&gt;&lt;br/&gt;&lt;br/&gt;The tropical Pacific is a key component in the global climate system and has far reaching societal impacts. Paleoclimate records are needed to examine ocean variability beyond the El Nino Southern Oscillation (ENSO) timescale. Since different modes of variability have unique horizontal and vertical patterns, determining the mechanisms of change is possible through reconstructing changes in the vertical structure of the water column with planktonic and benthic foraminifera, as well as through comparison of records between different locations. Laminated sediments from the Peruvian shelf region are ideally suited to test hypotheses concerning the role of the eastern tropical Pacific (ETP) and intermediate water circulation in decadal- to-centennial-scale variability, the ecosystem response to such ocean variability, and the effects of anthropogenic activity. This proposal outlines an international effort to develop paleoceanographic time series resolving decadal-scale changes over the last 1,000 years from laminated sediments off Peru. This effort will take place at IMARPE (Instituto del Mar del Peru) in Callao, Peru in direct collaboration with Dr. Dimitri Gutierrez and other scientists from Peru, Chile, France, and Mexico. In the period of time spent at the University of California, Santa Cruz, the PIs will investigate the sources of high frequency climate variability in the Eastern tropical Pacific. &lt;br/&gt;&lt;br/&gt;Characterizing the natural modes of climate variability is essential to understanding climate and ecosystem processes, detecting anthropogenic influences, and identifying and predicting future changes and risks. The time series of this research will serve as important constraints on the role of the ETP in modifying ENSO, decadal-to-centennial climate variability, and 20th century warming. Understanding the mechanisms of change has policy implications for assessing the potential environmental and ecological risks and uncertainties associated with future natural and/or anthropogenic change.</AbstractNarration>
    <MinAmdLetterDate>07/06/2005</MinAmdLetterDate>
    <MaxAmdLetterDate>06/17/2008</MaxAmdLetterDate>
    <ARRAAmount/>
    <AwardID>0502387</AwardID>
    <Investigator>
      <FirstName>David</FirstName>
      <LastName>Field</LastName>
      <EmailAddress/>
      <StartDate>07/06/2005</StartDate>
      <EndDate/>
      <RoleCode>Principal Investigator</RoleCode>
    </Investigator>
    <Institution>
      <Name>Field, David B</Name>
      <CityName>La Jolla</CityName>
      <ZipCode>92038</ZipCode>
      <PhoneNumber/>
      <StreetAddress/>
      <CountryName>United States</CountryName>
      <StateName>California</StateName>
      <StateCode>CA</StateCode>
    </Institution>
    <FoaInformation>
      <Code>0319000</Code>
      <Name>Climate Related Activities</Name>
    </FoaInformation>
    <ProgramElement>
      <Code>7316</Code>
      <Text>EAPSI</Text>
    </ProgramElement>
    <ProgramReference>
      <Code>0000</Code>
      <Text>UNASSIGNED</Text>
    </ProgramReference>
    <ProgramReference>
      <Code>5926</Code>
      <Text>LATIN AMERICA, SDC</Text>
    </ProgramReference>
    <ProgramReference>
      <Code>5956</Code>
      <Text>IRFP</Text>
    </ProgramReference>
    <ProgramReference>
      <Code>5977</Code>
      <Text>AMERICAS PROGRAM</Text>
    </ProgramReference>
    <ProgramReference>
      <Code>OTHR</Code>
      <Text>OTHER RESEARCH OR EDUCATION</Text>
    </ProgramReference>
  </Award>
</rootTag>
