<?xml version="1.0" encoding="UTF-8"?>

<rootTag>
  <Award>
    <AwardTitle>EMSW21-RTG: Enhancing the Research Workforce in Algebraic Geometry and its Boundaries in the Twenty-First Century</AwardTitle>
    <AwardEffectiveDate>08/01/2005</AwardEffectiveDate>
    <AwardExpirationDate>09/30/2011</AwardExpirationDate>
    <AwardAmount>2343299</AwardAmount>
    <AwardInstrument>
      <Value>Standard Grant</Value>
    </AwardInstrument>
    <Organization>
      <Code>03040000</Code>
      <Directorate>
        <LongName>Direct For Mathematical &amp; Physical Scien</LongName>
      </Directorate>
      <Division>
        <LongName>Division Of Mathematical Sciences</LongName>
      </Division>
    </Organization>
    <ProgramOfficer>
      <SignBlockName>Tie Luo</SignBlockName>
    </ProgramOfficer>
    <AbstractNarration>The project establishes a research training program in algebraic geometry&lt;br/&gt;and its boundary areas at the University of Michigan. Target trainees are&lt;br/&gt;recent PhDs and advanced graduate students. The project is run by five&lt;br/&gt;senior faculty members representing a wide swath of current research&lt;br/&gt;trends in algebraic geometry, in consultation with an additional 14 senior&lt;br/&gt;faculty at Michigan in related areas. Activities include innovations in&lt;br/&gt;seminar structure offering trainees broad exposure to a wide variety of&lt;br/&gt;basic and research level topics in algebraic geometry (broadly construed);&lt;br/&gt;an annual school (open also to young researchers outside Michigan)&lt;br/&gt;covering a research topic of current importance taught by a prominent&lt;br/&gt;researcher from outside Michigan; opportunities for post-doctoral&lt;br/&gt;researchers to design and lead REU projects under the mentorship of a&lt;br/&gt;senior faculty member; opportunities for advanced graduate students and&lt;br/&gt;post-docs to develop their technical lecturing and writing skills; and&lt;br/&gt;numerous opportunities for post-docs and advanced graduate students to&lt;br/&gt;receive mentoring on all aspects of a research career in mathematics.&lt;br/&gt;&lt;br/&gt;&lt;br/&gt;Algebraic geometry is one of the most central and active branches of&lt;br/&gt;mathematics today, with increasingly important connections to other&lt;br/&gt;branches of mathematics and science. Algebraic geometry also underlies&lt;br/&gt;many applications of mathematics to technology and government, including&lt;br/&gt;coding theory (bringing us, for example, the compact disc) and spline&lt;br/&gt;theory (bringing us computer aided design and the computer graphics&lt;br/&gt;essential to certain medical applications and Hollywood movies), as well&lt;br/&gt;as important issues of national security pioneered by the National&lt;br/&gt;Security Agency. The explosive growth of algebraic geometry at the end of&lt;br/&gt;the twentieth century has made this a very exciting time to begin research&lt;br/&gt;in the field, but it has also made it difficult for young researchers to&lt;br/&gt;get started. This project will increase the flow of broadly trained&lt;br/&gt;researchers in algebraic geometry and its boundary areas, therefore&lt;br/&gt;enhancing the training infrastructure and the research workforce in these&lt;br/&gt;vital areas of mathematics in the twenty-first century.</AbstractNarration>
    <MinAmdLetterDate>05/05/2005</MinAmdLetterDate>
    <MaxAmdLetterDate>05/05/2005</MaxAmdLetterDate>
    <ARRAAmount/>
    <AwardID>0502170</AwardID>
    <Investigator>
      <FirstName>Karen</FirstName>
      <LastName>Smith</LastName>
      <EmailAddress>kesmith@umich.edu</EmailAddress>
      <StartDate>05/05/2005</StartDate>
      <EndDate/>
      <RoleCode>Principal Investigator</RoleCode>
    </Investigator>
    <Investigator>
      <FirstName>Igor</FirstName>
      <LastName>Dolgachev</LastName>
      <EmailAddress>idolga@umich.edu</EmailAddress>
      <StartDate>05/05/2005</StartDate>
      <EndDate/>
      <RoleCode>Co-Principal Investigator</RoleCode>
    </Investigator>
    <Investigator>
      <FirstName>Mircea</FirstName>
      <LastName>Mustata</LastName>
      <EmailAddress>mmustata@umich.edu</EmailAddress>
      <StartDate>05/05/2005</StartDate>
      <EndDate/>
      <RoleCode>Co-Principal Investigator</RoleCode>
    </Investigator>
    <Investigator>
      <FirstName>William</FirstName>
      <LastName>Fulton</LastName>
      <EmailAddress>wfulton@umich.edu</EmailAddress>
      <StartDate>05/05/2005</StartDate>
      <EndDate/>
      <RoleCode>Co-Principal Investigator</RoleCode>
    </Investigator>
    <Investigator>
      <FirstName>Robert</FirstName>
      <LastName>Lazarsfeld</LastName>
      <EmailAddress>robert.lazarsfeld@stonybrook.edu</EmailAddress>
      <StartDate>05/05/2005</StartDate>
      <EndDate/>
      <RoleCode>Co-Principal Investigator</RoleCode>
    </Investigator>
    <Institution>
      <Name>University of Michigan Ann Arbor</Name>
      <CityName>Ann Arbor</CityName>
      <ZipCode>481091274</ZipCode>
      <PhoneNumber>7347636438</PhoneNumber>
      <StreetAddress>3003 South State St. Room 1062</StreetAddress>
      <CountryName>United States</CountryName>
      <StateName>Michigan</StateName>
      <StateCode>MI</StateCode>
    </Institution>
    <FoaInformation>
      <Code>0000099</Code>
      <Name>Other Applications NEC</Name>
    </FoaInformation>
    <ProgramElement>
      <Code>1264</Code>
      <Text>ALGEBRA,NUMBER THEORY,AND COM</Text>
    </ProgramElement>
    <ProgramElement>
      <Code>7335</Code>
      <Text>WORKFORCE IN THE MATHEMAT SCI</Text>
    </ProgramElement>
    <ProgramReference>
      <Code>0000</Code>
      <Text>UNASSIGNED</Text>
    </ProgramReference>
    <ProgramReference>
      <Code>7301</Code>
      <Text>RES TRAINING GROUPS IN THE MATH SCIENCES</Text>
    </ProgramReference>
    <ProgramReference>
      <Code>OTHR</Code>
      <Text>OTHER RESEARCH OR EDUCATION</Text>
    </ProgramReference>
  </Award>
</rootTag>
