<?xml version="1.0" encoding="UTF-8"?>

<rootTag>
  <Award>
    <AwardTitle>Collaborative Research: Aquatic Paleoclimate Proxy Records of Tropical Temperature Variability</AwardTitle>
    <AwardEffectiveDate>09/15/2005</AwardEffectiveDate>
    <AwardExpirationDate>12/31/2006</AwardExpirationDate>
    <AwardAmount>73225</AwardAmount>
    <AwardInstrument>
      <Value>Standard Grant</Value>
    </AwardInstrument>
    <Organization>
      <Code>06020108</Code>
      <Directorate>
        <LongName>Directorate For Geosciences</LongName>
      </Directorate>
      <Division>
        <LongName>Div Atmospheric &amp; Geospace Sciences</LongName>
      </Division>
    </Organization>
    <ProgramOfficer>
      <SignBlockName>David J. Verardo</SignBlockName>
    </ProgramOfficer>
    <AbstractNarration>The award supports research to examine the robustness of the archeal membrane lipid biomarker, TEX86, as a new paleoclimate proxy. Specifically, the researchers will examine: 1) what environmental factors could potentially mask the apparent temperature signal in the proxy; 2) at what depth do the Crenarchaeota bacteria live within the water column. If they live deep in the water column, how can they possibly reflect a surface water temperature; and 3) how these compounds get buried in marine and lacustrine sediments. If successful, this highly risky research will help create a new proxy measurement that could have broad impact when applied to the analysis of climate over time and varying natural environments.</AbstractNarration>
    <MinAmdLetterDate>09/16/2005</MinAmdLetterDate>
    <MaxAmdLetterDate>09/12/2006</MaxAmdLetterDate>
    <ARRAAmount/>
    <AwardID>0502456</AwardID>
    <Investigator>
      <FirstName>Josef</FirstName>
      <LastName>Werne</LastName>
      <EmailAddress>jwerne@pitt.edu</EmailAddress>
      <StartDate>09/16/2005</StartDate>
      <EndDate/>
      <RoleCode>Principal Investigator</RoleCode>
    </Investigator>
    <Institution>
      <Name>University of Minnesota Duluth</Name>
      <CityName>Duluth</CityName>
      <ZipCode>558123011</ZipCode>
      <PhoneNumber>2187267582</PhoneNumber>
      <StreetAddress>1049 University Drive</StreetAddress>
      <CountryName>United States</CountryName>
      <StateName>Minnesota</StateName>
      <StateCode>MN</StateCode>
    </Institution>
    <FoaInformation>
      <Code>0000099</Code>
      <Name>Other Applications NEC</Name>
    </FoaInformation>
  </Award>
</rootTag>
