<?xml version="1.0" encoding="UTF-8"?>

<rootTag>
  <Award>
    <AwardTitle>EMSW21-RTG Statistics for Physical and Engineering Sciences: A Plan for the Establishments of a Research Training Group</AwardTitle>
    <AwardEffectiveDate>08/15/2005</AwardEffectiveDate>
    <AwardExpirationDate>07/31/2009</AwardExpirationDate>
    <AwardAmount>1101547</AwardAmount>
    <AwardInstrument>
      <Value>Standard Grant</Value>
    </AwardInstrument>
    <Organization>
      <Code>03040100</Code>
      <Directorate>
        <LongName>Direct For Mathematical &amp; Physical Scien</LongName>
      </Directorate>
      <Division>
        <LongName>Division Of Mathematical Sciences</LongName>
      </Division>
    </Organization>
    <ProgramOfficer>
      <SignBlockName>Christopher W. Stark</SignBlockName>
    </ProgramOfficer>
    <AbstractNarration>NATIONAL SCIENCE FOUNDATION&lt;br/&gt;Arlington, Virginia 22230&lt;br/&gt;ABSTRACT&lt;br/&gt;Research Training Groups Program&lt;br/&gt;FY 2005&lt;br/&gt;&lt;br/&gt;Prop ID: DMS-0502347 &lt;br/&gt;PI: Carriquiri, Alicia L.&lt;br/&gt;NSF Program: WORKFORCE IN THE MATHEMATICAL SCIENCES &lt;br/&gt;Institution: Iowa State University &lt;br/&gt;Title: EMSW21-RTG statistics for Physical and engineering sciences: A plan for the establishment of a research training group&lt;br/&gt;Panel and ad-hoc Ratings: E, E, G, V, V, V.&lt;br/&gt;&lt;br/&gt;&lt;br/&gt;Statisticians are playing an increasingly important role in cross-disciplinary research addressing important, challenging scientific problems. The overall objective of this RTG program is to train young statisticians in Statistics for the Physical and Engineering Sciences in a cross-disciplinary, experiential (first-hand exposure) research environment, that brings together scientists from industry, government, and academia. This program aims to solve problems of national importance through collaboration with external partner scientists, and by educating and training undergraduates and graduate students, in cross-disciplinary research. Activities planned to achieve the objective include student internships providing an experiential research component and shorter-term visits between partner scientists and ISU faculty members to initiate and extend research collaboration. The activities will also include joint Ph.D. program expansion in the Iowa State Statistics Department, new course offerings, weekly RTG seminars, and two workshops on topics of research in the RTG. The five initial focus areas for the RTG are: reliability of critical systems, nano-metrology and high throughput technologies, calibration of computer models of complex physical systems, accelerated discovery of useful new chemical compounds and behavior of complicated systems such as large wireless networks. The creation and development of this experiential, cross-disciplinary research environment for educating and training the nation's next-generation statisticians will provide a national model for advancing scientific discovery while promoting education and learning. Expected results have the potential to be implemented widely and to provide solutions in important areas of application, such as complex physical and information networks, nano-technology, and high-performance material discovery. &lt;br/&gt;&lt;br/&gt;Statisticians are playing an increasingly important role in cross-disciplinary research addressing important, challenging scientific problems. The overall objective of this RTG program is to train young statisticians in Statistics for the Physical and Engineering Sciences in a cross-disciplinary, experiential (first-hand exposure) research environment, that brings together scientists from industry, government, and academia. This program aims to solve problems of national importance through collaboration with external partner scientists, and by educating and training undergraduates and graduate students, in cross-disciplinary research. Activities planned to achieve the objective include student internships providing an experiential research component and shorter-term visits between partner scientists and ISU faculty members to initiate and extend research collaboration. The activities will also include joint Ph.D. program expansion in the Iowa State Statistics Department, new course offerings, weekly RTG seminars, and two workshops on topics of research in the RTG. The five initial focus areas for the RTG are: reliability of critical systems, nano (very small-scale)-metrology and high throughput technologies, calibration of computer models of complex physical systems, accelerated discovery of useful new chemical compounds and behavior of complicated systems such as large wireless networks. The creation and development of this experiential, cross-disciplinary research environment for educating and training the nation's next-generation statisticians will provide a national model for advancing scientific discovery while promoting education and learning. Expected results have the potential to be implemented widely and to provide solutions in important areas of application, such as complex physical and information networks, nano (very small-scale)-technology, and high-performance material discovery</AbstractNarration>
    <MinAmdLetterDate>07/12/2005</MinAmdLetterDate>
    <MaxAmdLetterDate>07/12/2005</MaxAmdLetterDate>
    <ARRAAmount/>
    <AwardID>0502347</AwardID>
    <Investigator>
      <FirstName>Stephen</FirstName>
      <LastName>Vardeman</LastName>
      <EmailAddress>vardeman@iastate.edu</EmailAddress>
      <StartDate>07/12/2005</StartDate>
      <EndDate/>
      <RoleCode>Co-Principal Investigator</RoleCode>
    </Investigator>
    <Investigator>
      <FirstName>William</FirstName>
      <LastName>Meeker</LastName>
      <EmailAddress>wqmeeker@iastate.edu</EmailAddress>
      <StartDate>07/12/2005</StartDate>
      <EndDate/>
      <RoleCode>Co-Principal Investigator</RoleCode>
    </Investigator>
    <Investigator>
      <FirstName>Alicia</FirstName>
      <LastName>Carriquiry</LastName>
      <EmailAddress>alicia@iastate.edu</EmailAddress>
      <StartDate>07/12/2005</StartDate>
      <EndDate/>
      <RoleCode>Principal Investigator</RoleCode>
    </Investigator>
    <Investigator>
      <FirstName>Huaiqing</FirstName>
      <LastName>Wu</LastName>
      <EmailAddress>isuhwu@iastate.edu</EmailAddress>
      <StartDate>07/12/2005</StartDate>
      <EndDate/>
      <RoleCode>Co-Principal Investigator</RoleCode>
    </Investigator>
    <Investigator>
      <FirstName>Max</FirstName>
      <LastName>Morris</LastName>
      <EmailAddress>mmorris@iastate.edu</EmailAddress>
      <StartDate>07/12/2005</StartDate>
      <EndDate/>
      <RoleCode>Co-Principal Investigator</RoleCode>
    </Investigator>
    <Institution>
      <Name>Iowa State University</Name>
      <CityName>AMES</CityName>
      <ZipCode>500112207</ZipCode>
      <PhoneNumber>5152945225</PhoneNumber>
      <StreetAddress>1138 Pearson</StreetAddress>
      <CountryName>United States</CountryName>
      <StateName>Iowa</StateName>
      <StateCode>IA</StateCode>
    </Institution>
    <FoaInformation>
      <Code>0000099</Code>
      <Name>Other Applications NEC</Name>
    </FoaInformation>
  </Award>
</rootTag>
