<?xml version="1.0" encoding="UTF-8"?>

<rootTag>
  <Award>
    <AwardTitle>Collaborative Research: Geotechnical Extreme Events Reconnaissance (GEER) Association: Turning Disaster Into Knowledge</AwardTitle>
    <AwardEffectiveDate>08/01/2013</AwardEffectiveDate>
    <AwardExpirationDate>07/31/2018</AwardExpirationDate>
    <AwardAmount>37488</AwardAmount>
    <AwardInstrument>
      <Value>Continuing grant</Value>
    </AwardInstrument>
    <Organization>
      <Code>07030000</Code>
      <Directorate>
        <LongName>Directorate For Engineering</LongName>
      </Directorate>
      <Division>
        <LongName>Div Of Civil, Mechanical, &amp; Manufact Inn</LongName>
      </Division>
    </Organization>
    <ProgramOfficer>
      <SignBlockName>Richard J. Fragaszy</SignBlockName>
    </ProgramOfficer>
    <AbstractNarration>Documenting and learning from observations from "extreme events" are invaluable to advancing the state-of-art in multi-hazards engineering. Recorded observations serve as benchmarks to our understanding of the effects of these events, their underlying causative mechanisms, and for validation of design procedures. Capturing the key lessons learned from extreme events constitutes an important task for advancing research in geotechnical engineering, because many of the profession's design procedures are based on empirical methods that require re-evaluation as important case histories emerge. The NSF-sponsored Geotechnical Extreme Events Reconnaissance (GEER) Association organizes and supports reconnaissance efforts by geotechnical researchers and develops techniques to capture perishable data to learn from these events. The primary objectives of GEER include documenting geotechnical effects of important extreme events to advance research, employing innovative technologies for post-event reconnaissance, and advancing the capabilities of individuals performing research based on field observations. Much of the data generated by extreme events is perishable and therefore must be collected soon after the event. The challenge is to develop the most effective means for documenting the results of a full-scale experiment that has occurred without much warning, if any. Since 2006, GEER has successfully documented the geotechnical effects of 19 extreme events, including Hurricane Gustav in 2008, the 2011 Lower Mississippi River Floods, and the recent earthquakes in Haiti, Chile, New Zealand, and Japan. Many GEER reconnaissance efforts have led to funded research projects, demonstrating that GEER reconnaissance efforts are identifying important research issues that can lead to advancements in science and engineering. Many of the innovative techniques employed in recent reconnaissance efforts, such as the utilization of GoogleEarthTM, GPS devices, remote sensing, and LIDAR, were initiated by GEER members. GEER is well positioned to make similar further advancements with respect to the use of new technology and communication approaches in reconnaissance.&lt;br/&gt;&lt;br/&gt;This award provides funds for continuation of GEER activities to enable quick, responsive geotechnical investigations of natural and human-made disasters. It is expected that two to four investigations of moderate-sized events would be conducted each year. If a large event occurs, GEER would recommend funding of a RAPID to an identified GEER team to respond effectively to this larger event. Unfortunately, extreme events will happen. It would be even more unfortunate if the engineering profession did not capture the perishable data that enables it to understand which design procedures result in good seismic performance and which procedures still need improvement. GEER with its willing geo-professional participants will help turn disasters into knowledge.</AbstractNarration>
    <MinAmdLetterDate>02/11/2013</MinAmdLetterDate>
    <MaxAmdLetterDate>09/18/2015</MaxAmdLetterDate>
    <ARRAAmount/>
    <AwardID>1300744</AwardID>
    <Investigator>
      <FirstName>Ellen</FirstName>
      <LastName>Rathje</LastName>
      <EmailAddress>e.rathje@mail.utexas.edu</EmailAddress>
      <StartDate>02/11/2013</StartDate>
      <EndDate/>
      <RoleCode>Principal Investigator</RoleCode>
    </Investigator>
    <Institution>
      <Name>University of Texas at Austin</Name>
      <CityName>Austin</CityName>
      <ZipCode>787121532</ZipCode>
      <PhoneNumber>5124716424</PhoneNumber>
      <StreetAddress>101 E. 27th Street, Suite 5.300</StreetAddress>
      <CountryName>United States</CountryName>
      <StateName>Texas</StateName>
      <StateCode>TX</StateCode>
    </Institution>
    <ProgramElement>
      <Code>1636</Code>
      <Text>Geotechnical Engineering and M</Text>
    </ProgramElement>
    <ProgramReference>
      <Code>036E</Code>
      <Text>CIVIL INFRASTRUCTURE</Text>
    </ProgramReference>
    <ProgramReference>
      <Code>037E</Code>
      <Text>GEOTECHNICAL ENGINEERING</Text>
    </ProgramReference>
    <ProgramReference>
      <Code>038E</Code>
      <Text>FOUNDATION ENGINEERING</Text>
    </ProgramReference>
    <ProgramReference>
      <Code>042E</Code>
      <Text>HAZARD AND DISASTER RESPONSE</Text>
    </ProgramReference>
    <ProgramReference>
      <Code>043E</Code>
      <Text>EARTHQUAKE ENGINEERING</Text>
    </ProgramReference>
    <ProgramReference>
      <Code>1576</Code>
      <Text>NATIONL EARTHQK HZRD REDCT PRG</Text>
    </ProgramReference>
    <ProgramReference>
      <Code>9102</Code>
      <Text>WOMEN, MINORITY, DISABLED, NEC</Text>
    </ProgramReference>
  </Award>
</rootTag>
