<?xml version="1.0" encoding="UTF-8"?>

<rootTag>
  <Award>
    <AwardTitle>Exploring the Impact of Mechanical Force on Synaptic Functions Using Novel Approaches</AwardTitle>
    <AwardEffectiveDate>04/15/2013</AwardEffectiveDate>
    <AwardExpirationDate>03/31/2018</AwardExpirationDate>
    <AwardAmount>390000</AwardAmount>
    <AwardInstrument>
      <Value>Standard Grant</Value>
    </AwardInstrument>
    <Organization>
      <Code>07030000</Code>
      <Directorate>
        <LongName>Directorate For Engineering</LongName>
      </Directorate>
      <Division>
        <LongName>Div Of Civil, Mechanical, &amp; Manufact Inn</LongName>
      </Division>
    </Organization>
    <ProgramOfficer>
      <SignBlockName>David Fyhrie</SignBlockName>
    </ProgramOfficer>
    <AbstractNarration>The research objective of this award is to understand how neurons develop mechanical force (tension), and how this tension influences their functionality. It is known that memory, learning and locomotion in animals are mediated by neurotransmitters that are released from vesicles clustered at the synapse (junction between two neurons, or between a neuron and muscle). Recent experiments on the embryonic Drosophila (fruit fly) nervous system show that vesicle clustering at the neuromuscular synapse requires mechanical tension within the axons. Vesicle clustering vanishes upon severing the axon from the cell body, but is restored simply by applying mechanical tension on the severed axon. Using micro mechanical force sensors, it has been shown that embryonic axons that form neuromuscular junctions maintain a rest tension of about 1 nN. These results suggest that neuromuscular synapses employ mechanical tension as a signal to modulate vesicle accumulation. In this project, the mechanism of force generation in axons, as well as the mechanism by which tension modulates vesicle clustering, transport and release will be explored using a combination of nano scale force sensors, advanced imaging and mechanics models.&lt;br/&gt;&lt;br/&gt;Understanding the force paradigm of synaptic function may lead to new treatments for neurological diseases. The findings of this research will be disseminated to the broader audience through the web and journal publications. The instruments to be developed will be made available to others for mechanobiological studies. The knowledge gained through this project will be integrated with education through development of a new course on neuro-mechanics that incorporates neuroscience and engineering, as well as through student seminars, involvement of undergraduate students from minorities in research, and hands-on teaching modules at the local Children's Science Museum.</AbstractNarration>
    <MinAmdLetterDate>04/08/2013</MinAmdLetterDate>
    <MaxAmdLetterDate>04/08/2013</MaxAmdLetterDate>
    <ARRAAmount/>
    <AwardID>1300808</AwardID>
    <Investigator>
      <FirstName>T.</FirstName>
      <LastName>Saif</LastName>
      <EmailAddress>saif@illinois.edu</EmailAddress>
      <StartDate>04/08/2013</StartDate>
      <EndDate/>
      <RoleCode>Principal Investigator</RoleCode>
    </Investigator>
    <Investigator>
      <FirstName>Rhanor</FirstName>
      <LastName>Gillette</LastName>
      <EmailAddress>rhanor@uiuc.edu</EmailAddress>
      <StartDate>04/08/2013</StartDate>
      <EndDate/>
      <RoleCode>Co-Principal Investigator</RoleCode>
    </Investigator>
    <Institution>
      <Name>University of Illinois at Urbana-Champaign</Name>
      <CityName>CHAMPAIGN</CityName>
      <ZipCode>618207473</ZipCode>
      <PhoneNumber>2173332187</PhoneNumber>
      <StreetAddress>SUITE A</StreetAddress>
      <CountryName>United States</CountryName>
      <StateName>Illinois</StateName>
      <StateCode>IL</StateCode>
    </Institution>
    <ProgramElement>
      <Code>7479</Code>
      <Text>Biomechanics &amp; Mechanobiology</Text>
    </ProgramElement>
    <ProgramReference>
      <Code>024E</Code>
      <Text>MATERIALS DESIGN</Text>
    </ProgramReference>
    <ProgramReference>
      <Code>027E</Code>
      <Text>NANOMECHANICS</Text>
    </ProgramReference>
    <ProgramReference>
      <Code>028E</Code>
      <Text>BIOMECHANICS</Text>
    </ProgramReference>
    <ProgramReference>
      <Code>1057</Code>
      <Text>CIS BASE RESEARCH</Text>
    </ProgramReference>
    <ProgramReference>
      <Code>CVIS</Code>
      <Text>CIVIL INFRASTRUCTURE</Text>
    </ProgramReference>
  </Award>
</rootTag>
