<?xml version="1.0" encoding="UTF-8"?>

<rootTag>
  <Award>
    <AwardTitle>Protein-to-Tissue Model of Glomerular Mechanobiology</AwardTitle>
    <AwardEffectiveDate>08/01/2013</AwardEffectiveDate>
    <AwardExpirationDate>07/31/2017</AwardExpirationDate>
    <AwardAmount>423900</AwardAmount>
    <AwardInstrument>
      <Value>Standard Grant</Value>
    </AwardInstrument>
    <Organization>
      <Code>07030000</Code>
      <Directorate>
        <LongName>Directorate For Engineering</LongName>
      </Directorate>
      <Division>
        <LongName>Div Of Civil, Mechanical, &amp; Manufact Inn</LongName>
      </Division>
    </Organization>
    <ProgramOfficer>
      <SignBlockName>David Fyhrie</SignBlockName>
    </ProgramOfficer>
    <AbstractNarration>The research objective of this award is to use computational models at different length scales to develop an understanding of how changes to the proteins that form the glomerular basement membrane (GBM) of the kidney alter the mechanical properties of the basement membrane as a whole. The GBM is the major structural layer of the filtration apparatus of the kidney, so its ability to withstand high pressures and allow blood plasma to pass through it is necessary for proper kidney function. A series of models from the molecular to the tissue scale will be constructed and linked together. The stiffness and strength of the tissue will be estimated based on the protein properties, as will the permeability of the tissue (i.e., its tendency to permit filtration flow through it). Finally, changes in the properties of the tissue, coupled with the known demand for filtration, will be used to model dynamic changes in the GBM in response to changes in load or protein properties.&lt;br/&gt;If successful, these studies will help explain how the kidney, which filters 40-50 gallons of blood every day, performs in healthy conditions and suffers decreased performance in disease. The new understanding may help drive treatments for patients with genetic diseases that affect the kidney (e.g., Alport syndrome) and also for patients with kidney disease arising from other sources, such as diabetes. The project also involves training of a Ph.D. student in biomedical engineering and an outreach program for students interested in STEM at the College of the Menominee Nation, which will contribute to the strength and diversity of our high-tech workforce.</AbstractNarration>
    <MinAmdLetterDate>07/18/2013</MinAmdLetterDate>
    <MaxAmdLetterDate>06/09/2016</MaxAmdLetterDate>
    <ARRAAmount/>
    <AwardID>1300649</AwardID>
    <Investigator>
      <FirstName>Victor</FirstName>
      <LastName>Barocas</LastName>
      <EmailAddress>baroc001@umn.edu</EmailAddress>
      <StartDate>07/18/2013</StartDate>
      <EndDate/>
      <RoleCode>Principal Investigator</RoleCode>
    </Investigator>
    <Investigator>
      <FirstName>Kevin</FirstName>
      <LastName>Dorfman</LastName>
      <EmailAddress>dorfman@umn.edu</EmailAddress>
      <StartDate>07/18/2013</StartDate>
      <EndDate/>
      <RoleCode>Co-Principal Investigator</RoleCode>
    </Investigator>
    <Institution>
      <Name>University of Minnesota-Twin Cities</Name>
      <CityName>Minneapolis</CityName>
      <ZipCode>554552070</ZipCode>
      <PhoneNumber>6126245599</PhoneNumber>
      <StreetAddress>200 OAK ST SE</StreetAddress>
      <CountryName>United States</CountryName>
      <StateName>Minnesota</StateName>
      <StateCode>MN</StateCode>
    </Institution>
    <ProgramElement>
      <Code>7479</Code>
      <Text>Biomechanics &amp; Mechanobiology</Text>
    </ProgramElement>
    <ProgramReference>
      <Code>027E</Code>
      <Text>NANOMECHANICS</Text>
    </ProgramReference>
    <ProgramReference>
      <Code>028E</Code>
      <Text>BIOMECHANICS</Text>
    </ProgramReference>
    <ProgramReference>
      <Code>036E</Code>
      <Text>CIVIL INFRASTRUCTURE</Text>
    </ProgramReference>
    <ProgramReference>
      <Code>1057</Code>
      <Text>CIS BASE RESEARCH</Text>
    </ProgramReference>
    <ProgramReference>
      <Code>CVIS</Code>
      <Text>CIVIL INFRASTRUCTURE</Text>
    </ProgramReference>
    <ProgramReference>
      <Code>024E</Code>
      <Text>MATERIALS DESIGN</Text>
    </ProgramReference>
    <ProgramReference>
      <Code>9232</Code>
      <Text>RES OPPOR AWARDS(ROA) (SUPPLEM</Text>
    </ProgramReference>
    <ProgramReference>
      <Code>116E</Code>
      <Text>RESEARCH EXP FOR UNDERGRADS</Text>
    </ProgramReference>
    <ProgramReference>
      <Code>9178</Code>
      <Text>UNDERGRADUATE EDUCATION</Text>
    </ProgramReference>
    <ProgramReference>
      <Code>9231</Code>
      <Text>SUPPL FOR UNDERGRAD RES ASSIST</Text>
    </ProgramReference>
    <ProgramReference>
      <Code>9251</Code>
      <Text>RES EXPER FOR UNDERGRAD-SUPPLT</Text>
    </ProgramReference>
  </Award>
</rootTag>
