<?xml version="1.0" encoding="UTF-8"?>

<rootTag>
  <Award>
    <AwardTitle>Collaborative Research: Nexus of Simulation, Sensing and Actuation for Aerodynamic Vibration Reduction of Wind Turbine Blades</AwardTitle>
    <AwardEffectiveDate>05/01/2013</AwardEffectiveDate>
    <AwardExpirationDate>04/30/2017</AwardExpirationDate>
    <AwardAmount>298812</AwardAmount>
    <AwardInstrument>
      <Value>Standard Grant</Value>
    </AwardInstrument>
    <Organization>
      <Code>07030000</Code>
      <Directorate>
        <LongName>Directorate For Engineering</LongName>
      </Directorate>
      <Division>
        <LongName>Div Of Civil, Mechanical, &amp; Manufact Inn</LongName>
      </Division>
    </Organization>
    <ProgramOfficer>
      <SignBlockName>Y. Grace Hsuan</SignBlockName>
    </ProgramOfficer>
    <AbstractNarration>The objective of this collaborative research project is to advance the smart blade system through innovations in areas of advanced computational models of fluid-structure interactions, sensors and actuators. Wind energy, an important source of clean and renewable energy, is becoming a major component of the U.S. energy portfolio. The interest in large capacity wind turbines as an economical way to harvest wind energy has significantly increased in recent years. Wind turbine blades are over 100m in length and the trend of increasing the size of the blades continues. However, increases in the size of wind turbine blades means that aerodynamic vibrations need to be managed to prevent catastrophic failures. The collaborative project team takes an innovative perspective to advance the smart turbine blade technology. The hypothesis of this research is that aerodynamic vibrations in wind turbine blades can be effectively mitigated with bio-inspired strategies for flow sensing, surface morphological change and fluid-structure interactions. The specific goals of this research project are 1) to understand blade vibration dynamics with advanced modeling of fluid-structure interactions; 2) to study the mechanism of bio-sensing for flow turbulence determination and to implement a feasible sensor design strategy; and 3) to understand and emulate the functions of "smart fins" and "smart denticles" for aerodynamic vibration reductions. A systematic approach will be undertaken by combining modeling, sensing and actuation strategies. The smart blade system performance will also be validated via simulation-based virtual testing and reduced-scale model experiments. All of these aim to advance the state of art in the smart wind turbine blades.&lt;br/&gt;&lt;br/&gt;This project presents a great opportunity to advance smart blade technologies, which include intelligent components for blade vibration reduction. A unique bio-inspired strategy will be pursued to prevent catastrophic failures of wind turbine blades by effectively mitigating the aerodynamic vibrations. The strategy will also improve the operational efficiency of the wind energy system. All of these advances will have important impacts on the safe and efficient production of wind energy.</AbstractNarration>
    <MinAmdLetterDate>02/27/2013</MinAmdLetterDate>
    <MaxAmdLetterDate>05/13/2016</MaxAmdLetterDate>
    <ARRAAmount/>
    <AwardID>1300970</AwardID>
    <Investigator>
      <FirstName>Qingli</FirstName>
      <LastName>Dai</LastName>
      <EmailAddress>qingdai@mtu.edu</EmailAddress>
      <StartDate>02/27/2013</StartDate>
      <EndDate/>
      <RoleCode>Principal Investigator</RoleCode>
    </Investigator>
    <Investigator>
      <FirstName>Fernando</FirstName>
      <LastName>Ponta</LastName>
      <EmailAddress>flponta@mtu.edu</EmailAddress>
      <StartDate>02/27/2013</StartDate>
      <EndDate/>
      <RoleCode>Co-Principal Investigator</RoleCode>
    </Investigator>
    <Institution>
      <Name>Michigan Technological University</Name>
      <CityName>Houghton</CityName>
      <ZipCode>499311295</ZipCode>
      <PhoneNumber>9064871885</PhoneNumber>
      <StreetAddress>1400 Townsend Drive</StreetAddress>
      <CountryName>United States</CountryName>
      <StateName>Michigan</StateName>
      <StateCode>MI</StateCode>
    </Institution>
    <ProgramElement>
      <Code>1635</Code>
      <Text>STRUCTURAL MATERIALS AND MECH</Text>
    </ProgramElement>
    <ProgramElement>
      <Code>1637</Code>
      <Text>Structural and Architectural E</Text>
    </ProgramElement>
    <ProgramElement>
      <Code>1639</Code>
      <Text>SENSORS AND SENSING SYSTEMS</Text>
    </ProgramElement>
    <ProgramReference>
      <Code>025E</Code>
      <Text>INFRASTRUCTURE MATERIALS</Text>
    </ProgramReference>
    <ProgramReference>
      <Code>032E</Code>
      <Text>SENSORS AND ACTUATORS</Text>
    </ProgramReference>
    <ProgramReference>
      <Code>033E</Code>
      <Text>Smart and responsive structures</Text>
    </ProgramReference>
    <ProgramReference>
      <Code>036E</Code>
      <Text>CIVIL INFRASTRUCTURE</Text>
    </ProgramReference>
    <ProgramReference>
      <Code>039E</Code>
      <Text>STRUCTURAL SYSTEMS</Text>
    </ProgramReference>
    <ProgramReference>
      <Code>040E</Code>
      <Text>Haz mitigation of structural sys</Text>
    </ProgramReference>
    <ProgramReference>
      <Code>099E</Code>
      <Text>High voltage switching &amp; conversion</Text>
    </ProgramReference>
    <ProgramReference>
      <Code>116E</Code>
      <Text>RESEARCH EXP FOR UNDERGRADS</Text>
    </ProgramReference>
    <ProgramReference>
      <Code>8022</Code>
      <Text>Sustainable Infrastructure Materials</Text>
    </ProgramReference>
    <ProgramReference>
      <Code>9102</Code>
      <Text>WOMEN, MINORITY, DISABLED, NEC</Text>
    </ProgramReference>
    <ProgramReference>
      <Code>9178</Code>
      <Text>UNDERGRADUATE EDUCATION</Text>
    </ProgramReference>
    <ProgramReference>
      <Code>9231</Code>
      <Text>SUPPL FOR UNDERGRAD RES ASSIST</Text>
    </ProgramReference>
    <ProgramReference>
      <Code>9251</Code>
      <Text>RES EXPER FOR UNDERGRAD-SUPPLT</Text>
    </ProgramReference>
  </Award>
</rootTag>
