<?xml version="1.0" encoding="UTF-8"?>

<rootTag>
  <Award>
    <AwardTitle>Theory and simulation of dye-labeled protein molecules in optical fields</AwardTitle>
    <AwardEffectiveDate>08/15/2013</AwardEffectiveDate>
    <AwardExpirationDate>07/31/2017</AwardExpirationDate>
    <AwardAmount>420000</AwardAmount>
    <AwardInstrument>
      <Value>Continuing grant</Value>
    </AwardInstrument>
    <Organization>
      <Code>03090000</Code>
      <Directorate>
        <LongName>Direct For Mathematical &amp; Physical Scien</LongName>
      </Directorate>
      <Division>
        <LongName>Division Of Chemistry</LongName>
      </Division>
    </Organization>
    <ProgramOfficer>
      <SignBlockName>Evelyn M. Goldfield</SignBlockName>
    </ProgramOfficer>
    <AbstractNarration>Katharine Hunt and Robert Cukier of Michigan State University are supported by an award from the Chemical Theory, Models and Computational Methods program to develop computational tools for determining the forces acting on a fluorescently labeled protein molecule in an optical field and to examine the possibility of light-induced changes in the conformations of fluorescently labeled proteins. Attention focuses on single, labeled molecules in the size regime intermediate between the small-molecule limit, where dipole-gradient forces predominate, and the Mie scattering limit, where the forces due to changes in the momenta of photons scattered by the object are most important. The analysis includes variations in the polarizability within the labeled protein molecule and variations in the polarizability with time, as the fluorophore is electronically excited in response to the optical field. Changes in the forces acting on the nuclei in the protein molecule are to be incorporated into the molecular dynamics simulations using the Cukier group's CUKMODY code, to model a solvated, illuminated leucine zipper protein that is labeled with fluorescein and to model a modified zipper protein bZIP, which traps DNA.&lt;br/&gt;&lt;br/&gt;The theoretical work characterizes the forces acting on biomolecules in laser fields and the possibility of light-induced changes in the conformations of proteins labeled with dye molecules. This research is related to current developments in biomolecular photonics, single-molecule spectroscopy, and the analysis of biomolecules based on fluorescent labeling.</AbstractNarration>
    <MinAmdLetterDate>08/22/2013</MinAmdLetterDate>
    <MaxAmdLetterDate>06/22/2014</MaxAmdLetterDate>
    <ARRAAmount/>
    <AwardID>1300063</AwardID>
    <Investigator>
      <FirstName>Katharine</FirstName>
      <LastName>Hunt</LastName>
      <EmailAddress>huntk@msu.edu</EmailAddress>
      <StartDate>08/22/2013</StartDate>
      <EndDate/>
      <RoleCode>Principal Investigator</RoleCode>
    </Investigator>
    <Investigator>
      <FirstName>Robert</FirstName>
      <LastName>Cukier</LastName>
      <EmailAddress>cukier@chemistry.msu.edu</EmailAddress>
      <StartDate>08/22/2013</StartDate>
      <EndDate/>
      <RoleCode>Co-Principal Investigator</RoleCode>
    </Investigator>
    <Institution>
      <Name>Michigan State University</Name>
      <CityName>East Lansing</CityName>
      <ZipCode>488242600</ZipCode>
      <PhoneNumber>5173555040</PhoneNumber>
      <StreetAddress>Office of Sponsored Programs</StreetAddress>
      <CountryName>United States</CountryName>
      <StateName>Michigan</StateName>
      <StateCode>MI</StateCode>
    </Institution>
    <ProgramElement>
      <Code>6881</Code>
      <Text>Theory, Models, Comput. Method</Text>
    </ProgramElement>
    <ProgramReference>
      <Code>7433</Code>
      <Text>CyberInfra Frmwrk 21st (CIF21)</Text>
    </ProgramReference>
    <ProgramReference>
      <Code>9216</Code>
      <Text>ADVANCED SOFTWARE TECH &amp; ALGOR</Text>
    </ProgramReference>
    <ProgramReference>
      <Code>9263</Code>
      <Text>COMPUTATIONAL SCIENCE &amp; ENGING</Text>
    </ProgramReference>
  </Award>
</rootTag>
