<?xml version="1.0" encoding="UTF-8"?>

<rootTag>
  <Award>
    <AwardTitle>NCLSAMP Bridge to The Doctorate Fellowship Program</AwardTitle>
    <AwardEffectiveDate>06/15/2013</AwardEffectiveDate>
    <AwardExpirationDate>05/31/2017</AwardExpirationDate>
    <AwardAmount>987000</AwardAmount>
    <AwardInstrument>
      <Value>Standard Grant</Value>
    </AwardInstrument>
    <Organization>
      <Code>11060000</Code>
      <Directorate>
        <LongName>Direct For Education and Human Resources</LongName>
      </Directorate>
      <Division>
        <LongName>Division Of Human Resource Development</LongName>
      </Division>
    </Organization>
    <ProgramOfficer>
      <SignBlockName>Martha L. James</SignBlockName>
    </ProgramOfficer>
    <AbstractNarration>Graduate studies are often funded by university supported teaching assistantships, research assistantships, fellowships and federal student aid programs. Traditionally, funding for master?s level graduate education has been limited, and students often have to fund their own education; making a full-time commitment to academics and research cost prohibitive. North Carolina Agricultural and Technical State University (NCA&amp;T), a historically black college and land-grant university, is one of four Ph.D. granting institutions within the NCLSAMP Alliance, and leads the University of North Carolina (UNC) System in the production of STEM degrees (Evans, 2012). The overall goal of the BD Fellowship Program at NCA&amp;T is to increase the number of science and engineering majors who pursue PhDs in STEM fields. Specific objectives are to: 1) Recruit a cadre of STEM graduate students who have the potential for academic success, and the desire to pursue a STEM PhD.; 2) Provide academic development workshops, financial support, and experiences to promote the retention of participants; and 3) Assist students in their transition to graduate studies and ultimately the PhD. &lt;br/&gt;Utilizing strategic initiatives aligned with the North Carolina A&amp;T Strategic Plan, ?Preeminence 2020?, the Bridge to the Doctorate Fellowship Program at NCA&amp;T will produce 12 highly competitive graduate students who have experience in the interdisciplinary applications of science and mathematics in scholarship and research relevant to 21st century STEM workforce development.</AbstractNarration>
    <MinAmdLetterDate>06/17/2013</MinAmdLetterDate>
    <MaxAmdLetterDate>05/27/2014</MaxAmdLetterDate>
    <ARRAAmount/>
    <AwardID>1301971</AwardID>
    <Investigator>
      <FirstName>Goldie</FirstName>
      <LastName>Byrd</LastName>
      <EmailAddress>gsbyrd@ncat.edu</EmailAddress>
      <StartDate>06/17/2013</StartDate>
      <EndDate/>
      <RoleCode>Co-Principal Investigator</RoleCode>
    </Investigator>
    <Investigator>
      <FirstName>Sanjiv</FirstName>
      <LastName>Sarin</LastName>
      <EmailAddress>sarin@ncat.edu</EmailAddress>
      <StartDate>06/17/2013</StartDate>
      <EndDate/>
      <RoleCode>Co-Principal Investigator</RoleCode>
    </Investigator>
    <Investigator>
      <FirstName>Joe</FirstName>
      <LastName>Whitehead</LastName>
      <EmailAddress>jbwhiteh@ncat.edu</EmailAddress>
      <StartDate>05/27/2014</StartDate>
      <EndDate/>
      <RoleCode>Principal Investigator</RoleCode>
    </Investigator>
    <Investigator>
      <FirstName>Winser</FirstName>
      <LastName>Alexander</LastName>
      <EmailAddress>winser@ncsu.edu</EmailAddress>
      <StartDate>06/17/2013</StartDate>
      <EndDate>05/27/2014</EndDate>
      <RoleCode>Former Principal Investigator</RoleCode>
    </Investigator>
    <Institution>
      <Name>North Carolina Agricultural &amp; Technical State University</Name>
      <CityName>Greensboro</CityName>
      <ZipCode>274110001</ZipCode>
      <PhoneNumber>3363347995</PhoneNumber>
      <StreetAddress>1601 E. Market Street</StreetAddress>
      <CountryName>United States</CountryName>
      <StateName>North Carolina</StateName>
      <StateCode>NC</StateCode>
    </Institution>
    <ProgramElement>
      <Code>9133</Code>
      <Text>ALLIANCES-MINORITY PARTICIPAT.</Text>
    </ProgramElement>
    <ProgramReference>
      <Code>9179</Code>
      <Text>GRADUATE INVOLVEMENT</Text>
    </ProgramReference>
  </Award>
</rootTag>
