<?xml version="1.0" encoding="UTF-8"?>

<rootTag>
  <Award>
    <AwardTitle>EAGER: Coupling of Transcription and mRNA Decay in Mammalian Cells</AwardTitle>
    <AwardEffectiveDate>06/15/2013</AwardEffectiveDate>
    <AwardExpirationDate>05/31/2016</AwardExpirationDate>
    <AwardAmount>299999</AwardAmount>
    <AwardInstrument>
      <Value>Standard Grant</Value>
    </AwardInstrument>
    <Organization>
      <Code>08070100</Code>
      <Directorate>
        <LongName>Direct For Biological Sciences</LongName>
      </Directorate>
      <Division>
        <LongName>Div Of Molecular and Cellular Bioscience</LongName>
      </Division>
    </Organization>
    <ProgramOfficer>
      <SignBlockName>William B. Eggleston</SignBlockName>
    </ProgramOfficer>
    <AbstractNarration>Intellectual Merit: 'DNA codes for mRNA codes for Protein' is the well-established model of gene expression in cells. Recent evidence, however, suggests that the regulation of gene expression in our cells has many additional nuances that were not anticipated by this simple model. The amount of mRNA in the cytoplasm is known to be a product of both the rate of production of the mRNA (transcription) as well as the degradation rate of the mRNA. The underlying hypothesis for this research project is that there is a way for the status of the cytoplasmic mRNA to be communicated back to the nucleus and influence the rate of transcription. In other words, if the rate of degradation of a specific mRNA in the cytoplasm is increased, a signal can be sent back to the nucleus to increase the rate of synthesis (transcription), thus maintaining a steady-state level of the mRNA in the cytoplasm. Preliminary evidence has been obtained to suggest that this may well be the case and the goal of this research project is to formally test this hypothesis in proof of concept studies. The ability of an mRNA to send signals back to the nucleus to regulate its own synthesis is a novel idea that has fundamental bearing on how genetic information in cells is expressed. Thus a full understanding of this process has important implications in a variety of biological disciplines. &lt;br/&gt;&lt;br/&gt;Broader Impacts: The research project brings together an interdisciplinary team that will result in the cross-training of both graduate students and postdoctoral level researchers. Such interdisciplinary training will provide an important skillset to these trainees for future career success. The project will strive to recruit underrepresented populations into the research endeavors to enhance scientific diversity. Data from the project will be incorporated into an advanced undergraduate/graduate course to give a broad set of students exposure to cutting-edge research. Outreach activities including posting on internet sites and meeting with high school students at science fairs, will raise public scientific literacy. Finally, the data, technology and models that are developed will be deposited in easily accessible databases and disseminated widely to promote the interdisciplinary incorporation of the potentially transformative ideas of the project.</AbstractNarration>
    <MinAmdLetterDate>06/07/2013</MinAmdLetterDate>
    <MaxAmdLetterDate>06/07/2013</MaxAmdLetterDate>
    <ARRAAmount/>
    <AwardID>1301983</AwardID>
    <Investigator>
      <FirstName>Carol</FirstName>
      <LastName>Wilusz</LastName>
      <EmailAddress>carol.wilusz@colostate.edu</EmailAddress>
      <StartDate>06/07/2013</StartDate>
      <EndDate/>
      <RoleCode>Co-Principal Investigator</RoleCode>
    </Investigator>
    <Investigator>
      <FirstName>Jeffrey</FirstName>
      <LastName>Wilusz</LastName>
      <EmailAddress>jeffrey.wilusz@colostate.edu</EmailAddress>
      <StartDate>06/07/2013</StartDate>
      <EndDate/>
      <RoleCode>Principal Investigator</RoleCode>
    </Investigator>
    <Investigator>
      <FirstName>Bin</FirstName>
      <LastName>Tian</LastName>
      <EmailAddress>btian@umdnj.edu</EmailAddress>
      <StartDate>06/07/2013</StartDate>
      <EndDate/>
      <RoleCode>Co-Principal Investigator</RoleCode>
    </Investigator>
    <Institution>
      <Name>Colorado State University</Name>
      <CityName>Fort Collins</CityName>
      <ZipCode>805232002</ZipCode>
      <PhoneNumber>9704916355</PhoneNumber>
      <StreetAddress>601 S Howes St</StreetAddress>
      <CountryName>United States</CountryName>
      <StateName>Colorado</StateName>
      <StateCode>CO</StateCode>
    </Institution>
    <ProgramElement>
      <Code>1112</Code>
      <Text>Genetic Mechanisms</Text>
    </ProgramElement>
    <ProgramReference>
      <Code>1112</Code>
      <Text>GENES AND GENOME SYSTEMS</Text>
    </ProgramReference>
    <ProgramReference>
      <Code>7465</Code>
      <Text>NANOSCALE BIO CORE</Text>
    </ProgramReference>
    <ProgramReference>
      <Code>7916</Code>
      <Text>EAGER</Text>
    </ProgramReference>
    <ProgramReference>
      <Code>9179</Code>
      <Text>GRADUATE INVOLVEMENT</Text>
    </ProgramReference>
  </Award>
</rootTag>
