<?xml version="1.0" encoding="UTF-8"?>

<rootTag>
  <Award>
    <AwardTitle>GOALI: Aging Propagation and Model-Based Prognosis for Interconnected Systems</AwardTitle>
    <AwardEffectiveDate>09/01/2013</AwardEffectiveDate>
    <AwardExpirationDate>08/31/2016</AwardExpirationDate>
    <AwardAmount>250000</AwardAmount>
    <AwardInstrument>
      <Value>Standard Grant</Value>
    </AwardInstrument>
    <Organization>
      <Code>07030000</Code>
      <Directorate>
        <LongName>Directorate For Engineering</LongName>
      </Directorate>
      <Division>
        <LongName>Div Of Civil, Mechanical, &amp; Manufact Inn</LongName>
      </Division>
    </Organization>
    <ProgramOfficer>
      <SignBlockName>Jordan Berg</SignBlockName>
    </ProgramOfficer>
    <AbstractNarration>The research objectives of this Grant Opportunity for Academic Liaison with Industry (GOALI) award are to develop a methodology to understand the propagation of aging in engineered system consisting of many interconnects subsystem and components, and to demonstrate it by developing tools and methods to predict life and understand the state of health of battery pack systems in plug-in hybrid electric vehicles. The first goal of the research is to understand how knowledge of the aging behavior of individual components (e.g.: battery cells) translates into overall system aging. The second goal is to develop a systematic approach to assess the state of health of the system based on knowledge of its components states of health. The resulting approaches are then demonstrated using a plug-in hybrid electric vehicle battery pack as a case study, in collaboration with General Motors. Deliverables include: mathematical models and computer simulations of aging propagation in a battery pack; the experimental validation of the life prediction methods, in collaboration with General Motors; graduate course materials; and a short course designed for industrial audiences. &lt;br/&gt;&lt;br/&gt;&lt;br/&gt;The outcome of this work will have a broad impact on the theory, methodology and application of failure prognosis to engineered systems, beyond the specific application considered in this project. The participation of General Motors in this project is critical in that it provides an opportunity to validate and implement the methodology in a real-world setting that presents many important challenges such as cost constraints, the application to a large number of systems (potentially millions of vehicles), and the need to achieve a degree of robustness that is consistent with today's consumer expectations of warranty. If this research on aging propagation and prognosis for interconnected systems is successful, it will greatly help in making informed and timely life cycle management decisions, reducing warranty and maintenance costs while improving serviceability, availability and safety.</AbstractNarration>
    <MinAmdLetterDate>08/10/2013</MinAmdLetterDate>
    <MaxAmdLetterDate>09/11/2014</MaxAmdLetterDate>
    <ARRAAmount/>
    <AwardID>1301238</AwardID>
    <Investigator>
      <FirstName>Xinyu</FirstName>
      <LastName>Du</LastName>
      <EmailAddress>xinyu.du@gm.com</EmailAddress>
      <StartDate>09/11/2014</StartDate>
      <EndDate/>
      <RoleCode>Co-Principal Investigator</RoleCode>
    </Investigator>
    <Investigator>
      <FirstName>Yilu</FirstName>
      <LastName>Zhang</LastName>
      <EmailAddress>yilu.zhang@gm.com</EmailAddress>
      <StartDate>08/10/2013</StartDate>
      <EndDate/>
      <RoleCode>Co-Principal Investigator</RoleCode>
    </Investigator>
    <Investigator>
      <FirstName>Mutasim</FirstName>
      <LastName>Salman</LastName>
      <EmailAddress>mutasim.a.salman@gm.com</EmailAddress>
      <StartDate>08/10/2013</StartDate>
      <EndDate>09/11/2014</EndDate>
      <RoleCode>Former Co-Principal Investigator</RoleCode>
    </Investigator>
    <Investigator>
      <FirstName>Wei</FirstName>
      <LastName>Zhang</LastName>
      <EmailAddress>zhang.491@osu.edu</EmailAddress>
      <StartDate>01/31/2014</StartDate>
      <EndDate/>
      <RoleCode>Co-Principal Investigator</RoleCode>
    </Investigator>
    <Investigator>
      <FirstName>Giorgio</FirstName>
      <LastName>Rizzoni</LastName>
      <EmailAddress>rizzoni.1@osu.edu</EmailAddress>
      <StartDate>08/10/2013</StartDate>
      <EndDate/>
      <RoleCode>Principal Investigator</RoleCode>
    </Investigator>
    <Investigator>
      <FirstName>Simona</FirstName>
      <LastName>Onori</LastName>
      <EmailAddress>sonori@clemson.edu</EmailAddress>
      <StartDate>08/10/2013</StartDate>
      <EndDate>01/31/2014</EndDate>
      <RoleCode>Former Co-Principal Investigator</RoleCode>
    </Investigator>
    <Institution>
      <Name>Ohio State University</Name>
      <CityName>Columbus</CityName>
      <ZipCode>432101016</ZipCode>
      <PhoneNumber>6146888735</PhoneNumber>
      <StreetAddress>Office of Sponsored Programs</StreetAddress>
      <CountryName>United States</CountryName>
      <StateName>Ohio</StateName>
      <StateCode>OH</StateCode>
    </Institution>
    <ProgramElement>
      <Code>1504</Code>
      <Text>GRANT OPP FOR ACAD LIA W/INDUS</Text>
    </ProgramElement>
    <ProgramElement>
      <Code>1632</Code>
      <Text>CONTROL SYSTEMS</Text>
    </ProgramElement>
    <ProgramReference>
      <Code>030E</Code>
      <Text>CONTROL SYSTEMS</Text>
    </ProgramReference>
    <ProgramReference>
      <Code>031E</Code>
      <Text>MECHATRONICS</Text>
    </ProgramReference>
    <ProgramReference>
      <Code>034E</Code>
      <Text>Dynamical systems</Text>
    </ProgramReference>
    <ProgramReference>
      <Code>1504</Code>
      <Text>GRANT OPP FOR ACAD LIA W/INDUS</Text>
    </ProgramReference>
    <ProgramReference>
      <Code>1632</Code>
      <Text>CONTROL SYSTEMS</Text>
    </ProgramReference>
  </Award>
</rootTag>
