<?xml version="1.0" encoding="UTF-8"?>

<rootTag>
  <Award>
    <AwardTitle>Chain-Structured Strain and Fracture Sensor for Bridge Structural Health Monitoring</AwardTitle>
    <AwardEffectiveDate>07/01/2013</AwardEffectiveDate>
    <AwardExpirationDate>06/30/2016</AwardExpirationDate>
    <AwardAmount>333112</AwardAmount>
    <AwardInstrument>
      <Value>Standard Grant</Value>
    </AwardInstrument>
    <Organization>
      <Code>07030000</Code>
      <Directorate>
        <LongName>Directorate For Engineering</LongName>
      </Directorate>
      <Division>
        <LongName>Div Of Civil, Mechanical, &amp; Manufact Inn</LongName>
      </Division>
    </Organization>
    <ProgramOfficer>
      <SignBlockName>Atul G. Kelkar</SignBlockName>
    </ProgramOfficer>
    <AbstractNarration>The objective of this award is to investigate the motion of ferromagnetic particles in silicone prepolymer to form a chain-structure composite for strain and fracture sensing, which will be validated in bridge structural health monitoring. In the fabrication of the sensors, ferromagnetic particles are mixed in a liquid pre-polymer, which is then cured under a high magnetic field. To improve the measurability, carbon nanotubes or graphene nanoplatelets are added to increase the conductivity of the matrix. The equivalent inclusion method will be developed to model the particle motion in the magnetic field and to predict the change of electric resistance of the sensor while it deforms with the specimen. The sensitivity and applicability of novel sensors will be validated in bridge structural health monitoring and other applications. The research activities of this project will range from nano- to macro- scales, and from the theoretical to the experimental.&lt;br/&gt;&lt;br/&gt;The success of this project will immediately result in new research areas of nanocomposites and applications in structural health monitoring and, in the longer term, improve the sustainability and safety of our infrastructure. The algorithm and modeling approach can be applied to the design of other smart materials. This sensor will exhibit large strain measurement capacity, high gauge sensitivity, integrated strain and fracture measurability, simple and prompt installation, stable performance at large temperature range, and excellent applicability to different materials. The polymer used in the new sensor can also serve as a shield for the particles, therefore it will not be susceptible to unwanted noise and can, thus, be used in some environments for which traditional strain gauges are not suitable. The equivalent inclusion method will be implemented numerically and can be applied in simulation of general hetergeneous material systems.</AbstractNarration>
    <MinAmdLetterDate>04/09/2013</MinAmdLetterDate>
    <MaxAmdLetterDate>04/09/2013</MaxAmdLetterDate>
    <ARRAAmount/>
    <AwardID>1301288</AwardID>
    <Investigator>
      <FirstName>William</FirstName>
      <LastName>Bailey</LastName>
      <EmailAddress>web54@columbia.edu</EmailAddress>
      <StartDate>04/09/2013</StartDate>
      <EndDate/>
      <RoleCode>Co-Principal Investigator</RoleCode>
    </Investigator>
    <Investigator>
      <FirstName>Andrew</FirstName>
      <LastName>Smyth</LastName>
      <EmailAddress>smyth@civil.columbia.edu</EmailAddress>
      <StartDate>04/09/2013</StartDate>
      <EndDate/>
      <RoleCode>Co-Principal Investigator</RoleCode>
    </Investigator>
    <Investigator>
      <FirstName>Huiming</FirstName>
      <LastName>Yin</LastName>
      <EmailAddress>yin@civil.columbia.edu</EmailAddress>
      <StartDate>04/09/2013</StartDate>
      <EndDate/>
      <RoleCode>Principal Investigator</RoleCode>
    </Investigator>
    <Institution>
      <Name>Columbia University</Name>
      <CityName>NEW YORK</CityName>
      <ZipCode>100276902</ZipCode>
      <PhoneNumber>2128546851</PhoneNumber>
      <StreetAddress>2960 Broadway</StreetAddress>
      <CountryName>United States</CountryName>
      <StateName>New York</StateName>
      <StateCode>NY</StateCode>
    </Institution>
    <ProgramElement>
      <Code>1635</Code>
      <Text>STRUCTURAL MATERIALS AND MECH</Text>
    </ProgramElement>
    <ProgramElement>
      <Code>1637</Code>
      <Text>Structural and Architectural E</Text>
    </ProgramElement>
    <ProgramElement>
      <Code>1639</Code>
      <Text>SENSORS AND SENSING SYSTEMS</Text>
    </ProgramElement>
    <ProgramReference>
      <Code>032E</Code>
      <Text>SENSORS AND ACTUATORS</Text>
    </ProgramReference>
    <ProgramReference>
      <Code>036E</Code>
      <Text>CIVIL INFRASTRUCTURE</Text>
    </ProgramReference>
    <ProgramReference>
      <Code>1057</Code>
      <Text>CIS BASE RESEARCH</Text>
    </ProgramReference>
    <ProgramReference>
      <Code>1059</Code>
      <Text>SENSORS AND SENSOR SYSTEMS FOR CIS</Text>
    </ProgramReference>
    <ProgramReference>
      <Code>5942</Code>
      <Text>KOREA</Text>
    </ProgramReference>
    <ProgramReference>
      <Code>7234</Code>
      <Text>SENSORS NON-SOLICITATION RESEA</Text>
    </ProgramReference>
    <ProgramReference>
      <Code>CVIS</Code>
      <Text>CIVIL INFRASTRUCTURE</Text>
    </ProgramReference>
  </Award>
</rootTag>
