<?xml version="1.0" encoding="UTF-8"?>

<rootTag>
  <Award>
    <AwardTitle>Shimura Varieties and Galois representations</AwardTitle>
    <AwardEffectiveDate>07/01/2013</AwardEffectiveDate>
    <AwardExpirationDate>06/30/2017</AwardExpirationDate>
    <AwardAmount>305003</AwardAmount>
    <AwardInstrument>
      <Value>Continuing grant</Value>
    </AwardInstrument>
    <Organization>
      <Code>03040000</Code>
      <Directorate>
        <LongName>Direct For Mathematical &amp; Physical Scien</LongName>
      </Directorate>
      <Division>
        <LongName>Division Of Mathematical Sciences</LongName>
      </Division>
    </Organization>
    <ProgramOfficer>
      <SignBlockName>Matthew Douglass</SignBlockName>
    </ProgramOfficer>
    <AbstractNarration>The PI will continue his work on the arithmetic of Shimura varieties and applications. One goal is to apply the PI's recent results on the mod p points on these varieties to compute their zeta functions. Another aim is to extend some of these results to cases of bad reduction. One possible application is a result about the structure of de Rham-Tate cycles on abelian varieties.&lt;br/&gt;&lt;br/&gt;&lt;br/&gt;Shimura varieties are a class of geometric objects which have played a very important role in many advances in number theory during the past 50 years. They can be thought of as parameter (or moduli) spaces for abelian varieties. The project aims to study the number theoretic properties of Shimura varieties, and their applications to the arithmetic of abelian varieties.</AbstractNarration>
    <MinAmdLetterDate>05/13/2013</MinAmdLetterDate>
    <MaxAmdLetterDate>05/20/2015</MaxAmdLetterDate>
    <ARRAAmount/>
    <AwardID>1301921</AwardID>
    <Investigator>
      <FirstName>Mark</FirstName>
      <LastName>Kisin</LastName>
      <EmailAddress>kisin@math.harvard.edu</EmailAddress>
      <StartDate>05/13/2013</StartDate>
      <EndDate/>
      <RoleCode>Principal Investigator</RoleCode>
    </Investigator>
    <Institution>
      <Name>Harvard University</Name>
      <CityName>Cambridge</CityName>
      <ZipCode>021385366</ZipCode>
      <PhoneNumber>6174955501</PhoneNumber>
      <StreetAddress>1033 MASSACHUSETTS AVE</StreetAddress>
      <CountryName>United States</CountryName>
      <StateName>Massachusetts</StateName>
      <StateCode>MA</StateCode>
    </Institution>
    <ProgramElement>
      <Code>1264</Code>
      <Text>ALGEBRA,NUMBER THEORY,AND COM</Text>
    </ProgramElement>
  </Award>
</rootTag>
