<?xml version="1.0" encoding="UTF-8"?>

<rootTag>
  <Award>
    <AwardTitle>Maryland Dynamics Conference</AwardTitle>
    <AwardEffectiveDate>03/01/2013</AwardEffectiveDate>
    <AwardExpirationDate>02/29/2016</AwardExpirationDate>
    <AwardAmount>48000</AwardAmount>
    <AwardInstrument>
      <Value>Continuing grant</Value>
    </AwardInstrument>
    <Organization>
      <Code>03040000</Code>
      <Directorate>
        <LongName>Direct For Mathematical &amp; Physical Scien</LongName>
      </Directorate>
      <Division>
        <LongName>Division Of Mathematical Sciences</LongName>
      </Division>
    </Organization>
    <ProgramOfficer>
      <SignBlockName>Edward Taylor</SignBlockName>
    </ProgramOfficer>
    <AbstractNarration>This award will provide support for participants, especially women and mathematicians from other under-represented groups, graduate students, postdocs, and young faculty, to the Maryland Dynamics Conference. This is a long-standing series of conferences that are held each spring at the University of Maryland at College Park. The award will fund the 2013, 2014 and 2015 iterations of this conference.&lt;br/&gt;&lt;br/&gt;The semi-annual Maryland Dynamics Conference is a spring workshop/conference. This workshop first met at Penn State in 1991. It has hosted by Maryland each spring and by Penn State each fall since 1992. The workshop is devoted to recent progress in dynamical systems and related fields. It have been regularly attracting leading experts in the field. Such outstanding mathematicians as Fefferman, Furstenberg, Lindenstrauss. Margulis, Mather, Ornstein, Sinai, Yoccoz took part in the past conferences.</AbstractNarration>
    <MinAmdLetterDate>12/04/2012</MinAmdLetterDate>
    <MaxAmdLetterDate>03/16/2015</MaxAmdLetterDate>
    <ARRAAmount/>
    <AwardID>1301684</AwardID>
    <Investigator>
      <FirstName>Giovanni</FirstName>
      <LastName>Forni</LastName>
      <EmailAddress>gforni@math.umd.edu</EmailAddress>
      <StartDate>12/04/2012</StartDate>
      <EndDate/>
      <RoleCode>Co-Principal Investigator</RoleCode>
    </Investigator>
    <Investigator>
      <FirstName>Michael</FirstName>
      <LastName>Boyle</LastName>
      <EmailAddress>mmb@math.umd.edu</EmailAddress>
      <StartDate>12/04/2012</StartDate>
      <EndDate/>
      <RoleCode>Co-Principal Investigator</RoleCode>
    </Investigator>
    <Investigator>
      <FirstName>Vadim</FirstName>
      <LastName>Kaloshin</LastName>
      <EmailAddress>vadim.kaloshin@gmail.com</EmailAddress>
      <StartDate>12/04/2012</StartDate>
      <EndDate/>
      <RoleCode>Principal Investigator</RoleCode>
    </Investigator>
    <Investigator>
      <FirstName>Dmitry</FirstName>
      <LastName>Dolgopyat</LastName>
      <EmailAddress>dmitry@math.umd.edu</EmailAddress>
      <StartDate>12/04/2012</StartDate>
      <EndDate/>
      <RoleCode>Co-Principal Investigator</RoleCode>
    </Investigator>
    <Investigator>
      <FirstName>James</FirstName>
      <LastName>Yorke</LastName>
      <EmailAddress>yorke@ipst.umd.edu</EmailAddress>
      <StartDate>12/04/2012</StartDate>
      <EndDate/>
      <RoleCode>Co-Principal Investigator</RoleCode>
    </Investigator>
    <Institution>
      <Name>University of Maryland College Park</Name>
      <CityName>COLLEGE PARK</CityName>
      <ZipCode>207425141</ZipCode>
      <PhoneNumber>3014056269</PhoneNumber>
      <StreetAddress>3112 LEE BLDG 7809 Regents Drive</StreetAddress>
      <CountryName>United States</CountryName>
      <StateName>Maryland</StateName>
      <StateCode>MD</StateCode>
    </Institution>
    <ProgramElement>
      <Code>1281</Code>
      <Text>ANALYSIS PROGRAM</Text>
    </ProgramElement>
    <ProgramReference>
      <Code>7556</Code>
      <Text>CONFERENCE AND WORKSHOPS</Text>
    </ProgramReference>
  </Award>
</rootTag>
