<?xml version="1.0" encoding="UTF-8"?>

<rootTag>
  <Award>
    <AwardTitle>CGV: Medium: Collaborative Research: A Heterogeneous Inference Framework for 3D Modeling and Rendering of Sites</AwardTitle>
    <AwardEffectiveDate>07/01/2013</AwardEffectiveDate>
    <AwardExpirationDate>06/30/2017</AwardExpirationDate>
    <AwardAmount>600000</AwardAmount>
    <AwardInstrument>
      <Value>Standard Grant</Value>
    </AwardInstrument>
    <Organization>
      <Code>05020000</Code>
      <Directorate>
        <LongName>Direct For Computer &amp; Info Scie &amp; Enginr</LongName>
      </Directorate>
      <Division>
        <LongName>Div Of Information &amp; Intelligent Systems</LongName>
      </Division>
    </Organization>
    <ProgramOfficer>
      <SignBlockName>Ephraim P. Glinert</SignBlockName>
    </ProgramOfficer>
    <AbstractNarration>Organizing and using 3D data related to physical sites is important in many applications such as historical reconstruction, architectural design, and urban planning. However, no method has been developed that exploits the full range of data types available for such sites. Useful data often comes from historical sources, and requires substantial processing to be useful. Some of this processing can be automated, but some of it must be done by humans. An as-yet unsolved problem is how to coordinate human effort to efficiently carry out this process. In the current project the PIs will address quantitative and qualitative accuracy issues in reconstructing 3D sites so as to allow for input and participation by different populations in building data sets, and will demonstrate a variety of applications using a heterogeneous 3D site representation. Specifically, the work will make the following contributions: new techniques for annotating heterogeneous input will be developed, balancing automated and human input; new techniques for coordinating digital computation, human computation, and machine learning will be devised; new tools for architectural analysis and design, and for material weathering analysis, will be developed based on the new 3D representation; and new ideas for storytelling from 3D data will be demonstrated. Project outcomes will include a new organization of heterogeneous data for 3D sites, new insights into the relative contributions of automated techniques and human computation in the domain of 3D site data (which will be applicable to other challenging problems involving large complex data sets), new algorithms for reconstructing 3D models, and new techniques for conducting studies in architecture and in cultural heritage.&lt;br/&gt;&lt;br/&gt;Broader Impacts: This research will have a strong impact on architectural-design and cultural heritage documentation, interpretation and communication. The various phases of the project will involve students at both the graduate and undergraduate levels, and in diverse disciplines including computer science, architecture, and art history. The PIs will produce teaching modules based on this work targeted at computer science, architecture, and cultural heritage.</AbstractNarration>
    <MinAmdLetterDate>05/16/2013</MinAmdLetterDate>
    <MaxAmdLetterDate>05/16/2013</MaxAmdLetterDate>
    <ARRAAmount/>
    <AwardID>1302172</AwardID>
    <Investigator>
      <FirstName>Daniel</FirstName>
      <LastName>Aliaga</LastName>
      <EmailAddress>aliaga@cs.purdue.edu</EmailAddress>
      <StartDate>05/16/2013</StartDate>
      <EndDate/>
      <RoleCode>Principal Investigator</RoleCode>
    </Investigator>
    <Investigator>
      <FirstName>Jennifer</FirstName>
      <LastName>Neville</LastName>
      <EmailAddress>neville@cs.purdue.edu</EmailAddress>
      <StartDate>05/16/2013</StartDate>
      <EndDate/>
      <RoleCode>Co-Principal Investigator</RoleCode>
    </Investigator>
    <Institution>
      <Name>Purdue University</Name>
      <CityName>West Lafayette</CityName>
      <ZipCode>479072114</ZipCode>
      <PhoneNumber>7654941055</PhoneNumber>
      <StreetAddress>Young Hall</StreetAddress>
      <CountryName>United States</CountryName>
      <StateName>Indiana</StateName>
      <StateCode>IN</StateCode>
    </Institution>
    <ProgramElement>
      <Code>7453</Code>
      <Text>GRAPHICS &amp; VISUALIZATION</Text>
    </ProgramElement>
    <ProgramReference>
      <Code>7453</Code>
      <Text>GRAPHICS &amp; VISUALIZATION</Text>
    </ProgramReference>
    <ProgramReference>
      <Code>7924</Code>
      <Text>MEDIUM PROJECT</Text>
    </ProgramReference>
  </Award>
</rootTag>
