<?xml version="1.0" encoding="UTF-8"?>

<rootTag>
  <Award>
    <AwardTitle>Modeling and Observational Study of Decadal El Nino-Southern Oscillation (ENSO) Modulation and Tropical Pacific Decadal Variability</AwardTitle>
    <AwardEffectiveDate>05/01/2013</AwardEffectiveDate>
    <AwardExpirationDate>04/30/2017</AwardExpirationDate>
    <AwardAmount>482434</AwardAmount>
    <AwardInstrument>
      <Value>Standard Grant</Value>
    </AwardInstrument>
    <Organization>
      <Code>06020106</Code>
      <Directorate>
        <LongName>Directorate For Geosciences</LongName>
      </Directorate>
      <Division>
        <LongName>Div Atmospheric &amp; Geospace Sciences</LongName>
      </Division>
    </Organization>
    <ProgramOfficer>
      <SignBlockName>Ming Cai</SignBlockName>
    </ProgramOfficer>
    <AbstractNarration>The El Nino-Southern Oscillation (ENSO) phenomenon provides an important source of climate predictability on interannual time scales. The research aims for mechanistic understanding of the processes important to the decadal modulation of ENSO and tropical Pacific decadal variability through model experiments and observational analysis. It is hypothesized that the low frequency components of stochastic atmospheric variability in the North and South Pacific, namely, the North Pacific Oscillation (NPO) and Pacific-South American (PSA) variability, independently drive tropical Pacific decadal variability. Furthermore the tropical Pacific decadal variability driven by NPO interacts with ENSO and modulates its amplitude through meridional displacement of the mean intertropical convergence zone (ITCZ). The PSA variability, on the other hand, appears to drive ENSO-like decadal variability associated with the Pacific Decadal Oscillation (PDO), affecting precipitation in the South Pacific convergence zone (SPCZ). &lt;br/&gt;&lt;br/&gt;These hypotheses will be tested through detailed analysis of climate and atmospheric model experiments. The model results will also be validated with observational analysis of various instrumental data and paleoclimate proxy records for the past 100-200 years. The observational analysis will show if the ITCZ and SPCZ vary independently on decadal-interdecadal time scales and how their decadal variability is associated with the decadal ENSO modulation. The results obtained from the project will not only shed light on the nature of tropical Pacific climate variability but also provide guidance in understanding the uncertainty of future ENSO behavior and in interpreting paleoclimate proxy records of ENSO.</AbstractNarration>
    <MinAmdLetterDate>04/29/2013</MinAmdLetterDate>
    <MaxAmdLetterDate>04/29/2013</MaxAmdLetterDate>
    <ARRAAmount/>
    <AwardID>1302346</AwardID>
    <Investigator>
      <FirstName>Yuko</FirstName>
      <LastName>Okumura</LastName>
      <EmailAddress>yukoo@ig.utexas.edu</EmailAddress>
      <StartDate>04/29/2013</StartDate>
      <EndDate/>
      <RoleCode>Principal Investigator</RoleCode>
    </Investigator>
    <Institution>
      <Name>University of Texas at Austin</Name>
      <CityName>Austin</CityName>
      <ZipCode>787121532</ZipCode>
      <PhoneNumber>5124716424</PhoneNumber>
      <StreetAddress>101 E. 27th Street, Suite 5.300</StreetAddress>
      <CountryName>United States</CountryName>
      <StateName>Texas</StateName>
      <StateCode>TX</StateCode>
    </Institution>
    <ProgramElement>
      <Code>5740</Code>
      <Text>CLIMATE &amp; LARGE-SCALE DYNAMICS</Text>
    </ProgramElement>
    <ProgramElement>
      <Code>1530</Code>
      <Text>PALEOCLIMATE PROGRAM</Text>
    </ProgramElement>
    <ProgramReference>
      <Code>4444</Code>
      <Text>INTERDISCIPLINARY PROPOSALS</Text>
    </ProgramReference>
    <ProgramReference>
      <Code>OTHR</Code>
      <Text>OTHER RESEARCH OR EDUCATION</Text>
    </ProgramReference>
    <ProgramReference>
      <Code>1304</Code>
      <Text>EARTH SYSTEM HISTORY</Text>
    </ProgramReference>
  </Award>
</rootTag>
