<?xml version="1.0" encoding="UTF-8"?>

<rootTag>
  <Award>
    <AwardTitle>SHF:Medium: Energy Efficient and Stochastically Robust Resource Allocation for Heterogeneous Computing</AwardTitle>
    <AwardEffectiveDate>05/15/2013</AwardEffectiveDate>
    <AwardExpirationDate>12/31/2017</AwardExpirationDate>
    <AwardAmount>850000</AwardAmount>
    <AwardInstrument>
      <Value>Continuing grant</Value>
    </AwardInstrument>
    <Organization>
      <Code>05010000</Code>
      <Directorate>
        <LongName>Direct For Computer &amp; Info Scie &amp; Enginr</LongName>
      </Directorate>
      <Division>
        <LongName>Division of Computing and Communication Foundations</LongName>
      </Division>
    </Organization>
    <ProgramOfficer>
      <SignBlockName>Almadena Y. Chtchelkanova</SignBlockName>
    </ProgramOfficer>
    <AbstractNarration>Parallel and distributed computing systems are often a heterogeneous mix of machines. As these systems continue to expand rapidly in capability, their computational energy expenditure has skyrocketed, requiring elaborate cooling facilities, which themselves consume significant energy. The need for energy-efficient resource management is thus paramount. Moreover, these systems frequently experience degraded performance and high power consumption due to circumstances that change unpredictably, such as thermal hotspots caused by load imbalances or sudden machine failures. As the complexity of systems grows, so does the importance of making system operation robust against these uncertainties. The goal of this award is to study stochastic-based models, metrics, and algorithmic strategies for deriving resource allocations that are energy-efficient and robust. The research focus is on deriving stochastic robustness and energy models from real-world data from heterogeneous computing machines; applying stochastic models for resource management strategies that co-optimize performance, robustness, computation energy, and cooling energy; developing novel schemes for real-time thermal modeling; and driving and validating the research with feedback collected from real-world petascale systems (Yellowstone at National Center of Atmospheric Research and Jaguar at Oak Ridge National Lab) and terascale systems (Colorado State University's ISTeC cluster and clusters at Oak Ridge National Lab).&lt;br/&gt;&lt;br/&gt;The research is expected to realize resource management strategies that are resilient to various sources of uncertainty at run-time while also considering the dynamics of temperature variations and cooling capacity to meet performance guarantees with unprecedented gains in system energy-efficiency in high performance computing environments. By lowering the energy costs and impact of uncertainties associated with computing, this research will ultimately render high performance computing accessible to a wider population of researchers and scientific problems. In the long term, the theoretical foundations and tools that emerge from this research will play a vital role in achieving the grand promise of sustainable computing at extreme scales within realistic power budgets. The broader impacts of the research include: incorporate research results into all levels of teaching, including graduate, undergraduate, secondary, and even elementary education; increase participation by underrepresented groups; and foster close ties with industry and government labs to transfer the developed knowledge quickly into real-world deployments.</AbstractNarration>
    <MinAmdLetterDate>05/08/2013</MinAmdLetterDate>
    <MaxAmdLetterDate>04/30/2015</MaxAmdLetterDate>
    <ARRAAmount/>
    <AwardID>1302693</AwardID>
    <Investigator>
      <FirstName>Howard</FirstName>
      <LastName>Siegel</LastName>
      <EmailAddress>hj@colostate.edu</EmailAddress>
      <StartDate>05/08/2013</StartDate>
      <EndDate/>
      <RoleCode>Co-Principal Investigator</RoleCode>
    </Investigator>
    <Investigator>
      <FirstName>Patrick</FirstName>
      <LastName>Burns</LastName>
      <EmailAddress>pburns@colostate.edu</EmailAddress>
      <StartDate>05/08/2013</StartDate>
      <EndDate/>
      <RoleCode>Co-Principal Investigator</RoleCode>
    </Investigator>
    <Investigator>
      <FirstName>Anthony</FirstName>
      <LastName>Maciejewski</LastName>
      <EmailAddress>aam@colostate.edu</EmailAddress>
      <StartDate>05/08/2013</StartDate>
      <EndDate/>
      <RoleCode>Co-Principal Investigator</RoleCode>
    </Investigator>
    <Investigator>
      <FirstName>Sudeep</FirstName>
      <LastName>Pasricha</LastName>
      <EmailAddress>sudeep@colostate.edu</EmailAddress>
      <StartDate>05/08/2013</StartDate>
      <EndDate/>
      <RoleCode>Principal Investigator</RoleCode>
    </Investigator>
    <Institution>
      <Name>Colorado State University</Name>
      <CityName>Fort Collins</CityName>
      <ZipCode>805232002</ZipCode>
      <PhoneNumber>9704916355</PhoneNumber>
      <StreetAddress>601 S Howes St</StreetAddress>
      <CountryName>United States</CountryName>
      <StateName>Colorado</StateName>
      <StateCode>CO</StateCode>
    </Institution>
    <ProgramElement>
      <Code>7942</Code>
      <Text>HIGH-PERFORMANCE COMPUTING</Text>
    </ProgramElement>
    <ProgramElement>
      <Code>7798</Code>
      <Text>SOFTWARE &amp; HARDWARE FOUNDATION</Text>
    </ProgramElement>
    <ProgramReference>
      <Code>7924</Code>
      <Text>MEDIUM PROJECT</Text>
    </ProgramReference>
    <ProgramReference>
      <Code>7942</Code>
      <Text>HIGH-PERFORMANCE COMPUTING</Text>
    </ProgramReference>
  </Award>
</rootTag>
