<?xml version="1.0" encoding="UTF-8"?>

<rootTag>
  <Award>
    <AwardTitle>III: Medium: Collaborative Research: Citing Structured and Evolving Data</AwardTitle>
    <AwardEffectiveDate>08/01/2013</AwardEffectiveDate>
    <AwardExpirationDate>07/31/2017</AwardExpirationDate>
    <AwardAmount>856290</AwardAmount>
    <AwardInstrument>
      <Value>Standard Grant</Value>
    </AwardInstrument>
    <Organization>
      <Code>05020000</Code>
      <Directorate>
        <LongName>Direct For Computer &amp; Info Scie &amp; Enginr</LongName>
      </Directorate>
      <Division>
        <LongName>Div Of Information &amp; Intelligent Systems</LongName>
      </Division>
    </Organization>
    <ProgramOfficer>
      <SignBlockName>Sylvia J. Spengler</SignBlockName>
    </ProgramOfficer>
    <AbstractNarration>Citation is an essential part of scientific publishing and, more generally, of scholarship. It is used to gauge the trust placed in published information and, for better or for worse, is an important factor in judging academic reputation. Now that so much scientific publishing involves data and takes place through a database rather than conventional journals, how is some part of a database to be cited? More generally, how should data stored in a repository that has complex internal structure and that is subject to change be cited?&lt;br/&gt;&lt;br/&gt;The goal of this research is to develop a framework for data citation which takes into account the increasingly large number of possible citations; the need for citations to be both human and machine readable; and the need for citations to conform to various specifications and standards. A basic assumption is that citations must be generated, on the fly, from the database. The framework is validated by a prototype system in which citations conforming to pre-specified standards are automatically generated from the data, and tested on operational databases of pharmacological and Earth science data. The broader impact of this research is on scientists who publish their findings in organized data collections or databases; data centers that publish and preserve data; businesses and government agencies that provide on-line reference works; and on various organizations who formulate data citation principles. The research also tackles the issue of how to enrich linked data so that it can be properly cited.</AbstractNarration>
    <MinAmdLetterDate>07/24/2013</MinAmdLetterDate>
    <MaxAmdLetterDate>05/03/2016</MaxAmdLetterDate>
    <ARRAAmount/>
    <AwardID>1302212</AwardID>
    <Investigator>
      <FirstName>Susan</FirstName>
      <LastName>Davidson</LastName>
      <EmailAddress>susan@cis.upenn.edu</EmailAddress>
      <StartDate>05/03/2016</StartDate>
      <EndDate/>
      <RoleCode>Principal Investigator</RoleCode>
    </Investigator>
    <Investigator>
      <FirstName>Susan</FirstName>
      <LastName>Davidson</LastName>
      <EmailAddress>susan@cis.upenn.edu</EmailAddress>
      <StartDate>07/24/2013</StartDate>
      <EndDate>08/22/2013</EndDate>
      <RoleCode>Former Principal Investigator</RoleCode>
    </Investigator>
    <Investigator>
      <FirstName>Susan</FirstName>
      <LastName>Davidson</LastName>
      <EmailAddress>susan@cis.upenn.edu</EmailAddress>
      <StartDate>04/07/2016</StartDate>
      <EndDate>05/03/2016</EndDate>
      <RoleCode>Former Co-Principal Investigator</RoleCode>
    </Investigator>
    <Investigator>
      <FirstName>Val</FirstName>
      <LastName>Tannen</LastName>
      <EmailAddress>val@cis.upenn.edu</EmailAddress>
      <StartDate>05/03/2016</StartDate>
      <EndDate/>
      <RoleCode>Co-Principal Investigator</RoleCode>
    </Investigator>
    <Investigator>
      <FirstName>Val</FirstName>
      <LastName>Tannen</LastName>
      <EmailAddress>val@cis.upenn.edu</EmailAddress>
      <StartDate>04/07/2016</StartDate>
      <EndDate>05/03/2016</EndDate>
      <RoleCode>Former Principal Investigator</RoleCode>
    </Investigator>
    <Investigator>
      <FirstName>Val</FirstName>
      <LastName>Tannen</LastName>
      <EmailAddress>val@cis.upenn.edu</EmailAddress>
      <StartDate>07/24/2013</StartDate>
      <EndDate>08/22/2013</EndDate>
      <RoleCode>Former Co-Principal Investigator</RoleCode>
    </Investigator>
    <Investigator>
      <FirstName>O. Peter</FirstName>
      <LastName>Buneman</LastName>
      <EmailAddress>peter@cis.upenn.edu</EmailAddress>
      <StartDate>07/24/2013</StartDate>
      <EndDate/>
      <RoleCode>Co-Principal Investigator</RoleCode>
    </Investigator>
    <Institution>
      <Name>University of Pennsylvania</Name>
      <CityName>Philadelphia</CityName>
      <ZipCode>191046205</ZipCode>
      <PhoneNumber>2158987293</PhoneNumber>
      <StreetAddress>Research Services</StreetAddress>
      <CountryName>United States</CountryName>
      <StateName>Pennsylvania</StateName>
      <StateCode>PA</StateCode>
    </Institution>
    <ProgramElement>
      <Code>7364</Code>
      <Text>INFO INTEGRATION &amp; INFORMATICS</Text>
    </ProgramElement>
    <ProgramReference>
      <Code>7364</Code>
      <Text>INFO INTEGRATION &amp; INFORMATICS</Text>
    </ProgramReference>
    <ProgramReference>
      <Code>7924</Code>
      <Text>MEDIUM PROJECT</Text>
    </ProgramReference>
    <ProgramReference>
      <Code>9251</Code>
      <Text>RES EXPER FOR UNDERGRAD-SUPPLT</Text>
    </ProgramReference>
  </Award>
</rootTag>
