<?xml version="1.0" encoding="UTF-8"?>

<rootTag>
  <Award>
    <AwardTitle>Automorphic Forms on Higher Rank and Kac-Moody Groups</AwardTitle>
    <AwardEffectiveDate>09/01/2015</AwardEffectiveDate>
    <AwardExpirationDate>08/31/2018</AwardExpirationDate>
    <AwardAmount>75000</AwardAmount>
    <AwardInstrument>
      <Value>Standard Grant</Value>
    </AwardInstrument>
    <Organization>
      <Code>03040000</Code>
      <Directorate>
        <LongName>Direct For Mathematical &amp; Physical Scien</LongName>
      </Directorate>
      <Division>
        <LongName>Division Of Mathematical Sciences</LongName>
      </Division>
    </Organization>
    <ProgramOfficer>
      <SignBlockName>Matthew Douglass</SignBlockName>
    </ProgramOfficer>
    <AbstractNarration>Automorphic forms are a basic yet intricate structure in modern mathematics. Though historically they have been studied primarily by number theorists and representation theorists, they have connections to other branches of science. This research explores a number of questions connecting different areas of mathematics and physics. The project includes collaborative work with mathematical physicists that uses automorphic forms to describe corrections to general relativity that arise in string theory. &lt;br/&gt;&lt;br/&gt;Other projects include a detailed investigation of the square-integrability of certain Eisenstein residues (which has applications to the unitary dual problem), as well as a study of Eisenstein series on infinite-dimensional Kac-Moody group (in particular, the meromorphic continuation of their constant terms). Another project concerns applications of Voronoi-style summation formulas to number theory, such as to subconvexity problems for automorphic L-functions. Finally, the Miatello-Wallach conjecture (that the moderate growth condition in the theory of automorphic forms is in fact redundant on higher rank groups) will also be a focus of the research.</AbstractNarration>
    <MinAmdLetterDate>08/25/2015</MinAmdLetterDate>
    <MaxAmdLetterDate>08/25/2015</MaxAmdLetterDate>
    <ARRAAmount/>
    <AwardID>1500562</AwardID>
    <Investigator>
      <FirstName>Stephen</FirstName>
      <LastName>Miller</LastName>
      <EmailAddress>sdmiller@math.rutgers.edu</EmailAddress>
      <StartDate>08/25/2015</StartDate>
      <EndDate/>
      <RoleCode>Principal Investigator</RoleCode>
    </Investigator>
    <Institution>
      <Name>Rutgers University New Brunswick</Name>
      <CityName>Piscataway</CityName>
      <ZipCode>088543925</ZipCode>
      <PhoneNumber>8489320150</PhoneNumber>
      <StreetAddress>33 Knightsbridge Road</StreetAddress>
      <CountryName>United States</CountryName>
      <StateName>New Jersey</StateName>
      <StateCode>NJ</StateCode>
    </Institution>
    <ProgramElement>
      <Code>1264</Code>
      <Text>ALGEBRA,NUMBER THEORY,AND COM</Text>
    </ProgramElement>
  </Award>
</rootTag>
