<?xml version="1.0" encoding="UTF-8"?>

<rootTag>
  <Award>
    <AwardTitle>Analyzing Siriano and Desano to Determine Universal Principles of Language Change</AwardTitle>
    <AwardEffectiveDate>07/01/2015</AwardEffectiveDate>
    <AwardExpirationDate>12/31/2018</AwardExpirationDate>
    <AwardAmount>180883</AwardAmount>
    <AwardInstrument>
      <Value>Continuing grant</Value>
    </AwardInstrument>
    <Organization>
      <Code>04040000</Code>
      <Directorate>
        <LongName>Direct For Social, Behav &amp; Economic Scie</LongName>
      </Directorate>
      <Division>
        <LongName>Division Of Behavioral and Cognitive Sci</LongName>
      </Division>
    </Organization>
    <ProgramOfficer>
      <SignBlockName>Colleen Fitzgerald</SignBlockName>
    </ProgramOfficer>
    <AbstractNarration>A finely balanced linguistic ecology is needed to sustain the practice of linguistic exogamy which ensures that marriage occurs between speakers of different languages. These linguistic ecologies and the languages used to sustain them can begin to breakdown as speakers transition to larger world languages. Siriano and Desano, two languages of Northeastern Amazonia, have traditionally been maintained through linguistic exogamic practices which are now breaking down with the increasing influence of Brazilian Portuguese and Spanish. &lt;br/&gt;&lt;br/&gt;Wilson Silva of the Rochester Institute of Technology will undertake a three-year study of Siriano [sir] and Desano [des] before further influence of language contact makes this difficult. These languages exhibit a number of typologically noteworthy features of broad scholarly interest such nasal harmony (where nasality extends over several segments), tone (the use of pitch for meaningful contrasts), noun classifiers (classifying nouns grammatically in terms of universal semantic parameters), and evidentiality (indicating what kinds of evidence are available for a given statement). Research products will include a linguistically annotated database, a reference grammar for Desano, audio and video documentation and preliminary description of Siriano. Silva's research will be useful in reconstructing the genetic relationship among languages of the Vaupés Linguistic Area to which Desano and Siriano belong. Understanding the structures of these closely related languages of the Eastern Tukanoan branch of the Tukanoan family will shed light on the nature of language change through contact with other languages.&lt;br/&gt;&lt;br/&gt;This project has strong support from the communities and their leaders, and involves close collaboration between researchers and community members in Colombia and Brazil where these languages are spoken. The corpus of audiovisual and audio recordings collected as a result of this research will be archived at the Archive of the Indigenous Language of Latin America at the University of Texas at Austin and at the Museum of the Indian at National Foundation of the Indian (Museu do Índio at the Fundação Nacional do Índio), Brazil.</AbstractNarration>
    <MinAmdLetterDate>05/05/2015</MinAmdLetterDate>
    <MaxAmdLetterDate>04/12/2016</MaxAmdLetterDate>
    <ARRAAmount/>
    <AwardID>1500755</AwardID>
    <Investigator>
      <FirstName>Wilson</FirstName>
      <LastName>Silva</LastName>
      <EmailAddress>wdsgss@rit.edu</EmailAddress>
      <StartDate>05/05/2015</StartDate>
      <EndDate/>
      <RoleCode>Principal Investigator</RoleCode>
    </Investigator>
    <Institution>
      <Name>Rochester Institute of Tech</Name>
      <CityName>ROCHESTER</CityName>
      <ZipCode>146235603</ZipCode>
      <PhoneNumber>5854757987</PhoneNumber>
      <StreetAddress>1 LOMB MEMORIAL DR</StreetAddress>
      <CountryName>United States</CountryName>
      <StateName>New York</StateName>
      <StateCode>NY</StateCode>
    </Institution>
    <ProgramElement>
      <Code>7298</Code>
      <Text>COLLABORATIVE RESEARCH</Text>
    </ProgramElement>
    <ProgramElement>
      <Code>7719</Code>
      <Text>DEL</Text>
    </ProgramElement>
    <ProgramReference>
      <Code>1311</Code>
      <Text>LINGUISTICS</Text>
    </ProgramReference>
    <ProgramReference>
      <Code>7719</Code>
      <Text>DEL</Text>
    </ProgramReference>
    <ProgramReference>
      <Code>5913</Code>
      <Text>BRAZIL</Text>
    </ProgramReference>
    <ProgramReference>
      <Code>9178</Code>
      <Text>UNDERGRADUATE EDUCATION</Text>
    </ProgramReference>
    <ProgramReference>
      <Code>9251</Code>
      <Text>RES EXPER FOR UNDERGRAD-SUPPLT</Text>
    </ProgramReference>
    <ProgramReference>
      <Code>7298</Code>
      <Text>COLLABORATIVE RESEARCH</Text>
    </ProgramReference>
  </Award>
</rootTag>
