<?xml version="1.0" encoding="UTF-8"?>

<rootTag>
  <Award>
    <AwardTitle>PFI:AIR - TT: A Novel Vector Acoustic Communication Technology for High Speed Underwater Modems</AwardTitle>
    <AwardEffectiveDate>08/15/2015</AwardEffectiveDate>
    <AwardExpirationDate>01/31/2018</AwardExpirationDate>
    <AwardAmount>199985</AwardAmount>
    <AwardInstrument>
      <Value>Standard Grant</Value>
    </AwardInstrument>
    <Organization>
      <Code>07070000</Code>
      <Directorate>
        <LongName>Directorate For Engineering</LongName>
      </Directorate>
      <Division>
        <LongName>Div Of Industrial Innovation &amp; Partnersh</LongName>
      </Division>
    </Organization>
    <ProgramOfficer>
      <SignBlockName>Barbara H. Kenny</SignBlockName>
    </ProgramOfficer>
    <AbstractNarration>This PFI: AIR Technology Translation project focuses on translating novel vector acoustic underwater communication research findings to fill the need for high speed communication in oceans and other underwater environments. Three quarters of the earth surface is covered with water that overlays many resources upon which our lives depend. High speed wireless underwater data communication among underwater sensors, deepwater instruments and autonomous underwater vehicles is of high importance in many applications of national interest, such as environmental ocean monitoring to predict natural disasters such as hurricanes, and offshore oil and gas drilling. However, underwater channels are highly bandlimited and the data rates of existing modems are much smaller than what is needed for effective communication and management. The project will result in a prototype underwater modem that benefits from novel vector acoustic underwater communication concepts and methods. This underwater vector modem has the unique feature of utilizing acoustic particle velocity channels for data communication, in addition to the conventional acoustic pressure channel. This feature provides the following advantages: increased data rate, improved performance, and small size modems, when compared to the leading competing underwater modems in this market space.&lt;br/&gt;&lt;br/&gt;This project addresses a number of technology gaps as it translates from research discovery toward commercial application. In the new vector acoustic and particle velocity communication paradigm, the underwater modem designer is facing new communication channels and transducers that are fundamentally different from those used in the past. Therefore, proper designs for different parts of the modem, including transducers and analog and digital transceivers will be developed. Analog electronics are supposed to interface with multi-channel transducers, whereas digital signal processing units are required to generate and demodulate multiple data streams. The personnel involved in this project, graduate and undergraduate students, will receive innovation, entrepreneurship and technology translation experiences through working at the interface of multiple disciplines such as electro-acoustic transducers, underwater acoustics, communication and signal processing hardware/software, as well as participating in an intensive boot-camp on technology entrepreneurship.&lt;br/&gt;&lt;br/&gt;The project engages Teledyne-Benthos and Kongsberg, two leading companies whose underwater modems and autonomous underwater vehicles are sold worldwide, to assist in at-sea testing of the prototype modem developed in this technology translation effort from research discovery toward commercial reality. Development of the vector acoustic high speed modem prototype will eventually allow the growth of many underwater systems and businesses whose operations have been constrained by low wireless data rates or very expensive undersea cables.</AbstractNarration>
    <MinAmdLetterDate>08/11/2015</MinAmdLetterDate>
    <MaxAmdLetterDate>08/11/2015</MaxAmdLetterDate>
    <ARRAAmount/>
    <AwardID>1500123</AwardID>
    <Investigator>
      <FirstName>Ali</FirstName>
      <LastName>Abdi</LastName>
      <EmailAddress>ali.abdi@njit.edu</EmailAddress>
      <StartDate>08/11/2015</StartDate>
      <EndDate/>
      <RoleCode>Principal Investigator</RoleCode>
    </Investigator>
    <Investigator>
      <FirstName>Michael</FirstName>
      <LastName>Ehrlich</LastName>
      <EmailAddress>ehrlich@njit.edu</EmailAddress>
      <StartDate>08/11/2015</StartDate>
      <EndDate/>
      <RoleCode>Co-Principal Investigator</RoleCode>
    </Investigator>
    <Institution>
      <Name>New Jersey Institute of Technology</Name>
      <CityName>Newark</CityName>
      <ZipCode>071021982</ZipCode>
      <PhoneNumber>9735965275</PhoneNumber>
      <StreetAddress>323 DOCTOR MARTIN LUTHER</StreetAddress>
      <CountryName>United States</CountryName>
      <StateName>New Jersey</StateName>
      <StateCode>NJ</StateCode>
    </Institution>
    <ProgramElement>
      <Code>8019</Code>
      <Text>Accelerating Innovation Rsrch</Text>
    </ProgramElement>
    <ProgramReference>
      <Code>8019</Code>
      <Text>Accelerating Innovation Rsrch</Text>
    </ProgramReference>
  </Award>
</rootTag>
