<?xml version="1.0" encoding="UTF-8"?>

<rootTag>
  <Award>
    <AwardTitle>EAGER: Rapid, Efficient Implementation of Irregular Applications on SIMD Many-Core Platforms</AwardTitle>
    <AwardEffectiveDate>08/01/2015</AwardEffectiveDate>
    <AwardExpirationDate>07/31/2017</AwardExpirationDate>
    <AwardAmount>268316</AwardAmount>
    <AwardInstrument>
      <Value>Standard Grant</Value>
    </AwardInstrument>
    <Organization>
      <Code>05050000</Code>
      <Directorate>
        <LongName>Direct For Computer &amp; Info Scie &amp; Enginr</LongName>
      </Directorate>
      <Division>
        <LongName>Division Of Computer and Network Systems</LongName>
      </Division>
    </Organization>
    <ProgramOfficer>
      <SignBlockName>M. Mimi McClure</SignBlockName>
    </ProgramOfficer>
    <AbstractNarration>General-purpose computation with efficient Single Instruction, Multiple Data (SIMD) oriented many-core devices, such as graphical processing units (GPUs), can deliver high performance in a variety of application domains. Data-parallel applications that perform well on SIMD many-cores typically exhibit regularity in patterns of computation and data movement, acting identically on each of an ensemble of many equal-sized inputs. However, many important applications exhibit irregular behavior making them difficult to implement efficiently on these platforms. Thus, efficient SIMD implementation of applications with irregular behavior is an important ongoing research problem. &lt;br/&gt;&lt;br/&gt;This project's focus is the investigation and validation of novel interface designs, algorithmic techniques, and implementation strategies to address the problem of efficient SIMD implementation uniformly for applications from a variety of domains. The work includes generating alternate module designs to support efficient developer-driven searches over large design spaces to tune performance. Another key area of the research will validate these technologies on bio-sequence analysis applications resulting in innovative, efficient new GPU designs for computational tasks. &lt;br/&gt;&lt;br/&gt;More broadly and with a particular focus on new high-performance application designs for data-intensive computations critical to bioinformatics, the project will enable faster development of more efficient, more maintainable GPU software, even for applications with SIMD-unfriendly irregular behaviors.</AbstractNarration>
    <MinAmdLetterDate>07/28/2015</MinAmdLetterDate>
    <MaxAmdLetterDate>03/24/2016</MaxAmdLetterDate>
    <ARRAAmount/>
    <AwardID>1500173</AwardID>
    <Investigator>
      <FirstName>Jeremy</FirstName>
      <LastName>Buhler</LastName>
      <EmailAddress>jbuhler@wustl.edu</EmailAddress>
      <StartDate>07/28/2015</StartDate>
      <EndDate/>
      <RoleCode>Principal Investigator</RoleCode>
    </Investigator>
    <Investigator>
      <FirstName>Roger</FirstName>
      <LastName>Chamberlain</LastName>
      <EmailAddress>roger@wustl.edu</EmailAddress>
      <StartDate>07/28/2015</StartDate>
      <EndDate/>
      <RoleCode>Co-Principal Investigator</RoleCode>
    </Investigator>
    <Institution>
      <Name>Washington University</Name>
      <CityName>Saint Louis</CityName>
      <ZipCode>631304862</ZipCode>
      <PhoneNumber>3147474134</PhoneNumber>
      <StreetAddress>CAMPUS BOX 1054</StreetAddress>
      <CountryName>United States</CountryName>
      <StateName>Missouri</StateName>
      <StateCode>MO</StateCode>
    </Institution>
    <ProgramElement>
      <Code>1714</Code>
      <Text>SPECIAL PROJECTS - CISE</Text>
    </ProgramElement>
    <ProgramElement>
      <Code>7354</Code>
      <Text>COMPUTER SYSTEMS</Text>
    </ProgramElement>
    <ProgramReference>
      <Code>7916</Code>
      <Text>EAGER</Text>
    </ProgramReference>
    <ProgramReference>
      <Code>9150</Code>
      <Text>EXP PROG TO STIM COMP RES</Text>
    </ProgramReference>
    <ProgramReference>
      <Code>9251</Code>
      <Text>RES EXPER FOR UNDERGRAD-SUPPLT</Text>
    </ProgramReference>
  </Award>
</rootTag>
