<?xml version="1.0" encoding="UTF-8"?>

<rootTag>
  <Award>
    <AwardTitle>SaTC-EDU: EAGER: Transforming Usable Security and Privacy Education</AwardTitle>
    <AwardEffectiveDate>06/01/2015</AwardEffectiveDate>
    <AwardExpirationDate>05/31/2017</AwardExpirationDate>
    <AwardAmount>194439</AwardAmount>
    <AwardInstrument>
      <Value>Standard Grant</Value>
    </AwardInstrument>
    <Organization>
      <Code>11010001</Code>
      <Directorate>
        <LongName>Direct For Education and Human Resources</LongName>
      </Directorate>
      <Division>
        <LongName>Division Of Graduate Education</LongName>
      </Division>
    </Organization>
    <ProgramOfficer>
      <SignBlockName>Victor P. Piotrowski</SignBlockName>
    </ProgramOfficer>
    <AbstractNarration>Usability is widely recognized as important to the design of security and privacy systems. Despite this, very few of the lessons learned through usable security and privacy research are taught to students as part of a security or computing curriculum. There are few educational materials, no consensus as to the knowledge units and learning objectives, and little research on how to best integrate usable security concepts into security curricula. The current project will follow a systematic instructional design process to analyze, design, develop, and evaluate a body of knowledge for education in usable security and privacy. &lt;br/&gt;&lt;br/&gt;Investigators will lead a community of experts in determining and organizing instructional goals and knowledge units, along with the associated concepts, skills, and objectives. This body of knowledge will serve as a foundation for further curricular development throughout the usable security research and education communities. A subset of the body of knowledge will be evaluated through a set of online learning modules. Investigators will design and develop instructional strategies and novel learning materials for these modules, in order to evaluate them on students in various courses at multiple institutions. Evaluation of student use and learning with the modules will help examine how to actively engage students in usable security content in a variety of settings. The body of knowledge and online modules will be publicly available. Research results will enable further development of learning materials, courses, and research into novel instructional methods for usable security and privacy.</AbstractNarration>
    <MinAmdLetterDate>06/03/2015</MinAmdLetterDate>
    <MaxAmdLetterDate>06/03/2015</MaxAmdLetterDate>
    <ARRAAmount/>
    <AwardID>1500052</AwardID>
    <Investigator>
      <FirstName>Florence</FirstName>
      <LastName>Martin</LastName>
      <EmailAddress>fmartin3@uncc.edu</EmailAddress>
      <StartDate>06/03/2015</StartDate>
      <EndDate/>
      <RoleCode>Co-Principal Investigator</RoleCode>
    </Investigator>
    <Investigator>
      <FirstName>Heather</FirstName>
      <LastName>Richter Lipford</LastName>
      <EmailAddress>Heather.Lipford@uncc.edu</EmailAddress>
      <StartDate>06/03/2015</StartDate>
      <EndDate/>
      <RoleCode>Principal Investigator</RoleCode>
    </Investigator>
    <Institution>
      <Name>University of North Carolina at Charlotte</Name>
      <CityName>CHARLOTTE</CityName>
      <ZipCode>282230001</ZipCode>
      <PhoneNumber>7046871888</PhoneNumber>
      <StreetAddress>9201 University City Boulevard</StreetAddress>
      <CountryName>United States</CountryName>
      <StateName>North Carolina</StateName>
      <StateCode>NC</StateCode>
    </Institution>
    <ProgramElement>
      <Code>8060</Code>
      <Text>Secure &amp;Trustworthy Cyberspace</Text>
    </ProgramElement>
    <ProgramReference>
      <Code>7916</Code>
      <Text>EAGER</Text>
    </ProgramReference>
    <ProgramReference>
      <Code>9179</Code>
      <Text>GRADUATE INVOLVEMENT</Text>
    </ProgramReference>
    <ProgramReference>
      <Code>SMET</Code>
      <Text>SCIENCE, MATH, ENG &amp; TECH EDUCATION</Text>
    </ProgramReference>
    <ProgramReference>
      <Code>7434</Code>
      <Text>CNCI</Text>
    </ProgramReference>
    <ProgramReference>
      <Code>8225</Code>
      <Text>SaTC Special Projects</Text>
    </ProgramReference>
    <ProgramReference>
      <Code>9178</Code>
      <Text>UNDERGRADUATE EDUCATION</Text>
    </ProgramReference>
  </Award>
</rootTag>
