<?xml version="1.0" encoding="UTF-8"?>

<rootTag>
  <Award>
    <AwardTitle>Reduced Order Modeling for Gravitational Waves</AwardTitle>
    <AwardEffectiveDate>09/03/2014</AwardEffectiveDate>
    <AwardExpirationDate>08/31/2016</AwardExpirationDate>
    <AwardAmount>258942</AwardAmount>
    <AwardInstrument>
      <Value>Continuing grant</Value>
    </AwardInstrument>
    <Organization>
      <Code>03010000</Code>
      <Directorate>
        <LongName>Direct For Mathematical &amp; Physical Scien</LongName>
      </Directorate>
      <Division>
        <LongName>Division Of Physics</LongName>
      </Division>
    </Organization>
    <ProgramOfficer>
      <SignBlockName>Bogdan Mihaila</SignBlockName>
    </ProgramOfficer>
    <AbstractNarration>The structure of the eight-dimensional parameter space for gravitational waves produced by binary black hole mergers is largely unknown. For each parameter value, each solution is found from numerically solving Einstein's equations and involves time intensive large-scale simulations. Hence, it is prohibitively expensive to explore the parameter space with traditional methods, which ultimately limits progress in gravitational waves physics and presents an important scientific challenge for the experimental program at the Laser Interferometer Gravitational-Wave Observatory (LIGO). In this project, new reduced-order modeling techniques will be developed for accurately representing solutions of parameterized problems that are expensive to solve for numerically, specifically in the context of gravitational waves from black hole binary mergers. &lt;br/&gt;&lt;br/&gt;The results of this research project will enable the scientific community to make significant progress in the ability to map the continuum of gravitational waves from compact binary coalescence for gravitational wave detection purposes. It is expected the methods developed in this proposal will be useful for a broad range of other disciplines involving parameterized problems and expensive large-scale numerical solutions. The project involves significant contributions from two post-doctoral fellows, whose future careers will benefit from performing creative research at the forefront of an important scientific investigation.</AbstractNarration>
    <MinAmdLetterDate>10/24/2014</MinAmdLetterDate>
    <MaxAmdLetterDate>10/24/2014</MaxAmdLetterDate>
    <ARRAAmount/>
    <AwardID>1500818</AwardID>
    <Investigator>
      <FirstName>Manuel</FirstName>
      <LastName>Tiglio</LastName>
      <EmailAddress>tiglio@ucsd.edu</EmailAddress>
      <StartDate>10/24/2014</StartDate>
      <EndDate/>
      <RoleCode>Principal Investigator</RoleCode>
    </Investigator>
    <Institution>
      <Name>University of California-San Diego</Name>
      <CityName>La Jolla</CityName>
      <ZipCode>920930934</ZipCode>
      <PhoneNumber>8585344896</PhoneNumber>
      <StreetAddress>Office of Contract &amp; Grant Admin</StreetAddress>
      <CountryName>United States</CountryName>
      <StateName>California</StateName>
      <StateCode>CA</StateCode>
    </Institution>
    <ProgramElement>
      <Code>7553</Code>
      <Text>PHYSICS AT THE INFO FRONTIER</Text>
    </ProgramElement>
    <ProgramReference>
      <Code>7433</Code>
      <Text>CyberInfra Frmwrk 21st (CIF21)</Text>
    </ProgramReference>
    <ProgramReference>
      <Code>8084</Code>
      <Text>CDS&amp;E</Text>
    </ProgramReference>
  </Award>
</rootTag>
