<?xml version="1.0" encoding="UTF-8"?>

<rootTag>
  <Award>
    <AwardTitle>PostDoctoral Research Fellowship</AwardTitle>
    <AwardEffectiveDate>09/01/2015</AwardEffectiveDate>
    <AwardExpirationDate>08/31/2019</AwardExpirationDate>
    <AwardAmount>150000</AwardAmount>
    <AwardInstrument>
      <Value>Fellowship</Value>
    </AwardInstrument>
    <Organization>
      <Code>03040000</Code>
      <Directorate>
        <LongName>Direct For Mathematical &amp; Physical Scien</LongName>
      </Directorate>
      <Division>
        <LongName>Division Of Mathematical Sciences</LongName>
      </Division>
    </Organization>
    <ProgramOfficer>
      <SignBlockName>Victor Roytburd</SignBlockName>
    </ProgramOfficer>
    <AbstractNarration>This award is made as part of the FY 2015 Mathematical Sciences Postdoctoral Research Fellowships Program. Each of the fellowships supports a research and training project at a host institution in the mathematical sciences, including applications to other disciplines, under the mentorship of a sponsoring scientist. The title of the project for this fellowship to Connor Mooney is "Regularity Theory for Degenerate Elliptic and Parabolic Partial Differential Equations." The host institution for the fellowship is University of Texas-Austin and the sponsoring scientist is Dr. Alessio Figalli.</AbstractNarration>
    <MinAmdLetterDate>03/18/2015</MinAmdLetterDate>
    <MaxAmdLetterDate>03/18/2015</MaxAmdLetterDate>
    <ARRAAmount/>
    <AwardID>1501152</AwardID>
    <Investigator>
      <FirstName>Connor</FirstName>
      <LastName>Mooney</LastName>
      <EmailAddress/>
      <StartDate>03/18/2015</StartDate>
      <EndDate/>
      <RoleCode>Principal Investigator</RoleCode>
    </Investigator>
    <Institution>
      <Name>Mooney Connor R</Name>
      <CityName>New York</CityName>
      <ZipCode>100279998</ZipCode>
      <PhoneNumber></PhoneNumber>
      <StreetAddress></StreetAddress>
      <CountryName>United States</CountryName>
      <StateName>New York</StateName>
      <StateCode>NY</StateCode>
    </Institution>
  </Award>
</rootTag>
