<?xml version="1.0" encoding="UTF-8"?>

<rootTag>
  <Award>
    <AwardTitle>DISSERTATION RESEARCH: Bridging micro- and macroevolution in a top Neotropical predator</AwardTitle>
    <AwardEffectiveDate>06/01/2015</AwardEffectiveDate>
    <AwardExpirationDate>05/31/2017</AwardExpirationDate>
    <AwardAmount>17167</AwardAmount>
    <AwardInstrument>
      <Value>Standard Grant</Value>
    </AwardInstrument>
    <Organization>
      <Code>08010206</Code>
      <Directorate>
        <LongName>Direct For Biological Sciences</LongName>
      </Directorate>
      <Division>
        <LongName>Division Of Environmental Biology</LongName>
      </Division>
    </Organization>
    <ProgramOfficer>
      <SignBlockName>Simon Malcomber</SignBlockName>
    </ProgramOfficer>
    <AbstractNarration>The large-scale, macroevolutionary patterns observed in the fossil record span millions of years, and the processes behind these patterns are responsible for generating the diversity in biological organisms that exist today. On the microevolutionary scale, examples of natural selection are common - both in nature and in laboratory experiments - and often can be observed over a few generations. A large advantage of working on the microevolutionary scale is the ability to manipulate organisms to understand the underlying mechanisms and processes behind observed patterns. However, extending the knowledge of microevolutionary processes to deeper time scales will be crucial to understanding the generation of biodiversity. Elucidating the contexts in which microevolutionary processes extend beyond short time scales aids both in advancing the clarity of evolutionary theory as well as strengthening application to broader non-scientific aims. Furthermore, understanding how complex traits are inherited across time scales and genetic diversity can have important impacts on biomedical and agricultural applications.&lt;br/&gt;&lt;br/&gt;Neotropical army ants are keystone predators of leaf litter communities with broad geographic ranges and diverse physical forms shaped by dietary ecology. This project leverages existing genomic data demonstrating the macroevolutionary pattern for Neotropical army ants to determine whether changes in physical form at intermediate time scales occur due to heritable and non-heritable variation in existing lineages. The project explores whether change in physical form at the macroevolutionary scale can be reduced to one of the most basic Darwinian microevolutionary processes - natural selection by heritable variation. The data to address these questions will be generated by measuring variation in genetics and physical form, and using a range of quantitative genetic, genomic, and morphometric analytical methods. This work will take place at the Field Museum of Natural History, an ideal location for public science education, community outreach, and mentorship.</AbstractNarration>
    <MinAmdLetterDate>03/16/2015</MinAmdLetterDate>
    <MaxAmdLetterDate>03/16/2015</MaxAmdLetterDate>
    <ARRAAmount/>
    <AwardID>1501672</AwardID>
    <Investigator>
      <FirstName>Max</FirstName>
      <LastName>Winston</LastName>
      <EmailAddress>mewinsto@uchicago.edu</EmailAddress>
      <StartDate>03/16/2015</StartDate>
      <EndDate/>
      <RoleCode>Co-Principal Investigator</RoleCode>
    </Investigator>
    <Investigator>
      <FirstName>Corrie</FirstName>
      <LastName>Moreau</LastName>
      <EmailAddress>cmoreau@fieldmuseum.org</EmailAddress>
      <StartDate>03/16/2015</StartDate>
      <EndDate/>
      <RoleCode>Principal Investigator</RoleCode>
    </Investigator>
    <Institution>
      <Name>University of Chicago</Name>
      <CityName>Chicago</CityName>
      <ZipCode>606375418</ZipCode>
      <PhoneNumber>7737028669</PhoneNumber>
      <StreetAddress>5801 South Ellis Avenue</StreetAddress>
      <CountryName>United States</CountryName>
      <StateName>Illinois</StateName>
      <StateCode>IL</StateCode>
    </Institution>
    <ProgramElement>
      <Code>1171</Code>
      <Text>PHYLOGENETIC SYSTEMATICS</Text>
    </ProgramElement>
    <ProgramReference>
      <Code>9169</Code>
      <Text>BIODIVERSITY AND ECOSYSTEM DYNAMICS</Text>
    </ProgramReference>
    <ProgramReference>
      <Code>9179</Code>
      <Text>GRADUATE INVOLVEMENT</Text>
    </ProgramReference>
    <ProgramReference>
      <Code>EGCH</Code>
      <Text>ENVIRONMENT AND GLOBAL CHANGE</Text>
    </ProgramReference>
    <ProgramReference>
      <Code>SMET</Code>
      <Text>SCIENCE, MATH, ENG &amp; TECH EDUCATION</Text>
    </ProgramReference>
  </Award>
</rootTag>
