<?xml version="1.0" encoding="UTF-8"?>

<rootTag>
  <Award>
    <AwardTitle>Promoting Technology Apprenticeship Consortia</AwardTitle>
    <AwardEffectiveDate>09/01/2015</AwardEffectiveDate>
    <AwardExpirationDate>08/31/2017</AwardExpirationDate>
    <AwardAmount>197910</AwardAmount>
    <AwardInstrument>
      <Value>Standard Grant</Value>
    </AwardInstrument>
    <Organization>
      <Code>11040100</Code>
      <Directorate>
        <LongName>Direct For Education and Human Resources</LongName>
      </Directorate>
      <Division>
        <LongName>Division Of Undergraduate Education</LongName>
      </Division>
    </Organization>
    <ProgramOfficer>
      <SignBlockName>Elizabeth Teles</SignBlockName>
    </ProgramOfficer>
    <AbstractNarration>In recent years manufacturing and industry in the United States have changed remarkably. Low-skill, labor intensive jobs have moved overseas while processes have become highly technical and automated. Workers who lost jobs in manufacturing find they do not have the technical skills needed to qualify for new jobs in modern industry. High school graduates also will need additional technical education to compete for good jobs in the current economy. Apprenticeship, which was for centuries the primary method of technical training, is re-emerging in the United States as a means to meet the needs of modern industry. This project at Gaston College in North Carolina will build on a successful apprenticeship program created in partnership with a local industry and will provide a model for the creation and support of apprenticeship consortia in which industries partner with each other, the community college, the public school system, and local economic development agencies to provide highly skilled advanced technology workers. The knowledge obtained from the project will allow other colleges to adapt the model to the needs of their own local industries and will promote the creation of similar consortia. Through this program, students will work and receive specific on-the-job training while concurrently taking technical college courses related to their job. The company will pay the wages of the students and also pay for their tuition and books. Upon completion, students will receive an academic certificate from the college, will be certified as a Journeyworker in a U.S. Department of Labor recognized job title, and will have secure employment with the company. The company will have an employee whose education and training is tailored to their specific needs. &lt;br/&gt;&lt;br/&gt;The goal of this project is to promote the creation of local consortia of industries with similar needs. The primary advantage will be a pool of students that will allow the college to offer and schedule classes as well as purchase laboratory equipment that will meet the needs of employers. Each consortium will belong to the industry members; but the college will provides advice, support, and coordination for the academic portion of the program. This project will allow the college to create services and activities that will promote the formation and growth of apprenticeship consortia for Chemical Operators and Industrial Mechanics, the two college programs already in place. A Success Coach will provide assistance to apprentices in the academic portion of their program. A consultant will assist the companies with development and maintenance of apprenticeship programs and will facilitate communications between the companies and the college. Marketing materials will be created to promote advanced manufacturing and apprenticeships. Partners will include the industries in the consortia, Lincoln County and Gaston County Public Schools, the North Carolina Department of Commerce, which administers apprenticeship programs in the state, and Economic Development entities in both counties. A comprehensive evaluation will determine the components needed for these apprenticeship programs to succeed.</AbstractNarration>
    <MinAmdLetterDate>05/27/2015</MinAmdLetterDate>
    <MaxAmdLetterDate>01/27/2017</MaxAmdLetterDate>
    <ARRAAmount/>
    <AwardID>1501267</AwardID>
    <Investigator>
      <FirstName>George</FirstName>
      <LastName>Hendricks</LastName>
      <EmailAddress>hendricks.george@gaston.edu</EmailAddress>
      <StartDate>05/27/2015</StartDate>
      <EndDate/>
      <RoleCode>Principal Investigator</RoleCode>
    </Investigator>
    <Investigator>
      <FirstName>Diane</FirstName>
      <LastName>Metcalfe</LastName>
      <EmailAddress>metcalfe.diane@gaston.edu</EmailAddress>
      <StartDate>05/27/2015</StartDate>
      <EndDate>01/27/2017</EndDate>
      <RoleCode>Former Co-Principal Investigator</RoleCode>
    </Investigator>
    <Investigator>
      <FirstName>Dennis</FirstName>
      <LastName>McElhoe</LastName>
      <EmailAddress>McElhoe.Dennis@gaston.edu</EmailAddress>
      <StartDate>01/27/2017</StartDate>
      <EndDate/>
      <RoleCode>Co-Principal Investigator</RoleCode>
    </Investigator>
    <Institution>
      <Name>Gaston College</Name>
      <CityName>Dallas</CityName>
      <ZipCode>280349565</ZipCode>
      <PhoneNumber>7049226511</PhoneNumber>
      <StreetAddress>201 Highway 321 South</StreetAddress>
      <CountryName>United States</CountryName>
      <StateName>North Carolina</StateName>
      <StateCode>NC</StateCode>
    </Institution>
    <ProgramElement>
      <Code>1536</Code>
      <Text>S-STEM:SCHLR SCI TECH ENG&amp;MATH</Text>
    </ProgramElement>
    <ProgramElement>
      <Code>7412</Code>
      <Text>ADVANCED TECH EDUCATION PROG</Text>
    </ProgramElement>
    <ProgramReference>
      <Code>1032</Code>
      <Text>ADVANCED TECHNOLOGY EDUCATION</Text>
    </ProgramReference>
    <ProgramReference>
      <Code>9178</Code>
      <Text>UNDERGRADUATE EDUCATION</Text>
    </ProgramReference>
    <ProgramReference>
      <Code>SMET</Code>
      <Text>SCIENCE, MATH, ENG &amp; TECH EDUCATION</Text>
    </ProgramReference>
  </Award>
</rootTag>
