<?xml version="1.0" encoding="UTF-8"?>

<rootTag>
  <Award>
    <AwardTitle>Questions on Algebraic Operads and Related Structures</AwardTitle>
    <AwardEffectiveDate>08/01/2015</AwardEffectiveDate>
    <AwardExpirationDate>07/31/2018</AwardExpirationDate>
    <AwardAmount>160001</AwardAmount>
    <AwardInstrument>
      <Value>Standard Grant</Value>
    </AwardInstrument>
    <Organization>
      <Code>03040000</Code>
      <Directorate>
        <LongName>Direct For Mathematical &amp; Physical Scien</LongName>
      </Directorate>
      <Division>
        <LongName>Division Of Mathematical Sciences</LongName>
      </Division>
    </Organization>
    <ProgramOfficer>
      <SignBlockName>Matthew Douglass</SignBlockName>
    </ProgramOfficer>
    <AbstractNarration>Operads and their generalizations are used to describe a large class of algebraic structures. They play an important role in the study of various geometric objects, in tackling foundational questions of quantum mechanics, and in addressing certain questions in number theory. This research project aims to resolve important open questions in this area. In addition to pursuing the research project, the investigator will advise graduate student research projects and expects to supervise undergraduate research projects as well. Jointly with coauthors, the investigator is writing a graduate level textbook on deformation quantization of symplectic manifolds. &lt;br/&gt;&lt;br/&gt;The principal investigator is tackling the Deligne-Drinfeld conjecture on the Grothendieck-Teichmueller Lie algebra using the deformation complex of the operad governing Gerstenhaber algebras and Kontsevich's graph complex related to deformation quantization. The PI is working on a circle of problems related to the modular operad which is obtained by applying the Feynman transform to the operad governing commutative algebras. The PI also works on the problem of deformation quantization over a graded base and studies a higher categorical structure on homotopy algebras. The study of the Grothendieck-Teichmueller Lie algebra is motivated by its links to deformation quantization, the absolute Galois group of rational numbers and the theory of motives. Questions about the Feynman transform of the operad governing commutative algebras are motivated by the study of spaces of long knots.</AbstractNarration>
    <MinAmdLetterDate>06/10/2015</MinAmdLetterDate>
    <MaxAmdLetterDate>07/08/2015</MaxAmdLetterDate>
    <ARRAAmount/>
    <AwardID>1501001</AwardID>
    <Investigator>
      <FirstName>Irfan</FirstName>
      <LastName>Ahmed</LastName>
      <EmailAddress>iahmed4@uno.edu</EmailAddress>
      <StartDate>06/10/2015</StartDate>
      <EndDate>07/08/2015</EndDate>
      <RoleCode>Former Principal Investigator</RoleCode>
    </Investigator>
    <Investigator>
      <FirstName>Golden</FirstName>
      <LastName>Richard</LastName>
      <EmailAddress>golden@cct.lsu.edu</EmailAddress>
      <StartDate>06/10/2015</StartDate>
      <EndDate>07/08/2015</EndDate>
      <RoleCode>Former Co-Principal Investigator</RoleCode>
    </Investigator>
    <Investigator>
      <FirstName>Vassil</FirstName>
      <LastName>Roussev</LastName>
      <EmailAddress>vassil@cs.uno.edu</EmailAddress>
      <StartDate>06/10/2015</StartDate>
      <EndDate>07/08/2015</EndDate>
      <RoleCode>Former Co-Principal Investigator</RoleCode>
    </Investigator>
    <Investigator>
      <FirstName>Vasiliy</FirstName>
      <LastName>Dolgushev</LastName>
      <EmailAddress>vald@temple.edu</EmailAddress>
      <StartDate>07/08/2015</StartDate>
      <EndDate/>
      <RoleCode>Principal Investigator</RoleCode>
    </Investigator>
    <Institution>
      <Name>Temple University</Name>
      <CityName>PHILADELPHIA</CityName>
      <ZipCode>191405104</ZipCode>
      <PhoneNumber>2157077379</PhoneNumber>
      <StreetAddress>3340 N. Broad Street</StreetAddress>
      <CountryName>United States</CountryName>
      <StateName>Pennsylvania</StateName>
      <StateCode>PA</StateCode>
    </Institution>
    <ProgramElement>
      <Code>1264</Code>
      <Text>ALGEBRA,NUMBER THEORY,AND COM</Text>
    </ProgramElement>
  </Award>
</rootTag>
