<?xml version="1.0" encoding="UTF-8"?>

<rootTag>
  <Award>
    <AwardTitle>Applications and extensions of p-adic Hodge theory</AwardTitle>
    <AwardEffectiveDate>07/01/2015</AwardEffectiveDate>
    <AwardExpirationDate>06/30/2018</AwardExpirationDate>
    <AwardAmount>170000</AwardAmount>
    <AwardInstrument>
      <Value>Standard Grant</Value>
    </AwardInstrument>
    <Organization>
      <Code>03040000</Code>
      <Directorate>
        <LongName>Direct For Mathematical &amp; Physical Scien</LongName>
      </Directorate>
      <Division>
        <LongName>Division Of Mathematical Sciences</LongName>
      </Division>
    </Organization>
    <ProgramOfficer>
      <SignBlockName>Matthew Douglass</SignBlockName>
    </ProgramOfficer>
    <AbstractNarration>Number theory is one of the oldest of all branches of mathematics, with its first important results dating back more than two millennia. While whole numbers are in a sense discrete objects, in modern times they are often studied using techniques of continuous mathematics, such as calculus. The PI's work focuses in particular on the use of p-adic numbers, which were introduced early in the 20th century as a number system analogous to the real numbers, but recording information about divisibility of integers. In addition to theoretical results, the p-adic numbers give rise to computational techniques with some relevance in computer science, especially in modern cryptography.&lt;br/&gt;&lt;br/&gt;Building on recent breakthroughs in p-adic Hodge theory, we extend the field in several different directions. We extend the theory of p-adic representations to allow coefficients in larger rings, with an eye towards applications to the p-adic interpolation of automorphic forms. We also allow the replacement of p-adic Galois groups with etale fundamental groups; this is expected to shed new light on the p-adic Langlands correspondence. Finally, we consider ways to replace the p-adic numbers with the full ring of integers; this involves systematic use of Witt vectors over arbitrary rings.</AbstractNarration>
    <MinAmdLetterDate>06/23/2015</MinAmdLetterDate>
    <MaxAmdLetterDate>06/23/2015</MaxAmdLetterDate>
    <ARRAAmount/>
    <AwardID>1501214</AwardID>
    <Investigator>
      <FirstName>Kiran</FirstName>
      <LastName>Kedlaya</LastName>
      <EmailAddress>kedlaya@ucsd.edu</EmailAddress>
      <StartDate>06/23/2015</StartDate>
      <EndDate/>
      <RoleCode>Principal Investigator</RoleCode>
    </Investigator>
    <Institution>
      <Name>University of California-San Diego</Name>
      <CityName>La Jolla</CityName>
      <ZipCode>920930934</ZipCode>
      <PhoneNumber>8585344896</PhoneNumber>
      <StreetAddress>Office of Contract &amp; Grant Admin</StreetAddress>
      <CountryName>United States</CountryName>
      <StateName>California</StateName>
      <StateCode>CA</StateCode>
    </Institution>
    <ProgramElement>
      <Code>1264</Code>
      <Text>ALGEBRA,NUMBER THEORY,AND COM</Text>
    </ProgramElement>
  </Award>
</rootTag>
