<?xml version="1.0" encoding="UTF-8"?>

<rootTag>
  <Award>
    <AwardTitle>DISSERTATION RESEARCH: Intra-annual Dynamics in the Gut Microbiota of Migratory Shorebirds</AwardTitle>
    <AwardEffectiveDate>06/01/2015</AwardEffectiveDate>
    <AwardExpirationDate>05/31/2016</AwardExpirationDate>
    <AwardAmount>18030</AwardAmount>
    <AwardInstrument>
      <Value>Standard Grant</Value>
    </AwardInstrument>
    <Organization>
      <Code>08010208</Code>
      <Directorate>
        <LongName>Direct For Biological Sciences</LongName>
      </Directorate>
      <Division>
        <LongName>Division Of Environmental Biology</LongName>
      </Division>
    </Organization>
    <ProgramOfficer>
      <SignBlockName>Betsy Von Holle</SignBlockName>
    </ProgramOfficer>
    <AbstractNarration>Gut microbiota plays a vital role in organism health through facilitating nutrient uptake, detoxification and interactions with the immune system. Whereas the mammalian microbiota is predominantly shaped by underlying genetics, factors affecting the avian gut microbiota remain largely unknown. Migratory shorebirds are sensitive to environmental change as a result of their use of geographically wide-spread habitats throughout their annual cycle. The local environment thus has the potential to alter avian gut microbiota. This research will investigate environmental factors influencing gut microbiota of migratory shorebirds as their long-distance movement and intercontinental migration annually expose them to a wide range of microorganisms and potential pathogens. The overarching objective of this study is to evaluate the importance of the local environment in determining gut microbiota composition in migratory shorebirds, by assessing presence and causes of intra-annual variation in gut microbiota in relation to breeding, staging and wintering environments. Migratory shorebirds have the potential to act as disease vectors that spread pathogens over long distances, and investigation of gut microbiota diversity and function is an essential first step towards identifying current and future disease threats to both avian and human populations. &lt;br/&gt;&lt;br/&gt;The overall objective of this research will be addressed by testing three hypotheses related to different aspects of environment-gut microbiota interactions: site characteristics, duration of stay, and interactions among migratory populations. The researchers predict that the local environment largely determines gut microbial composition, and that within this environment the effect of latitude and flock composition on gut microbiota composition will be detectable. Shorebird gut microbial composition will be analyzed from fecal samples collected from key shorebird staging and wintering sites throughout the Western Hemisphere. Bacterial communities will be sequenced using genetic techniques and microbial communities will be analyzed by using advanced bioinformatics and a Bayesian statistical framework. This research combines the fields of migration ecology, microbiology and computational biology.</AbstractNarration>
    <MinAmdLetterDate>03/25/2015</MinAmdLetterDate>
    <MaxAmdLetterDate>03/25/2015</MaxAmdLetterDate>
    <ARRAAmount/>
    <AwardID>1501479</AwardID>
    <Investigator>
      <FirstName>Ari</FirstName>
      <LastName>Jumpponen</LastName>
      <EmailAddress>ari@ksu.edu</EmailAddress>
      <StartDate>03/25/2015</StartDate>
      <EndDate/>
      <RoleCode>Co-Principal Investigator</RoleCode>
    </Investigator>
    <Investigator>
      <FirstName>Kirsten</FirstName>
      <LastName>Grond</LastName>
      <EmailAddress>kgrond@ksu.edu</EmailAddress>
      <StartDate>03/25/2015</StartDate>
      <EndDate/>
      <RoleCode>Co-Principal Investigator</RoleCode>
    </Investigator>
    <Investigator>
      <FirstName>Brett</FirstName>
      <LastName>Sandercock</LastName>
      <EmailAddress>bsanderc@ksu.edu</EmailAddress>
      <StartDate>03/25/2015</StartDate>
      <EndDate/>
      <RoleCode>Principal Investigator</RoleCode>
    </Investigator>
    <Institution>
      <Name>Kansas State University</Name>
      <CityName>MANHATTAN</CityName>
      <ZipCode>665061103</ZipCode>
      <PhoneNumber>7855326804</PhoneNumber>
      <StreetAddress>2 FAIRCHILD HALL</StreetAddress>
      <CountryName>United States</CountryName>
      <StateName>Kansas</StateName>
      <StateCode>KS</StateCode>
    </Institution>
    <ProgramElement>
      <Code>1182</Code>
      <Text>POP &amp; COMMUNITY ECOL PROG</Text>
    </ProgramElement>
    <ProgramReference>
      <Code>9150</Code>
      <Text>EXP PROG TO STIM COMP RES</Text>
    </ProgramReference>
    <ProgramReference>
      <Code>9169</Code>
      <Text>BIODIVERSITY AND ECOSYSTEM DYNAMICS</Text>
    </ProgramReference>
    <ProgramReference>
      <Code>9179</Code>
      <Text>GRADUATE INVOLVEMENT</Text>
    </ProgramReference>
    <ProgramReference>
      <Code>EGCH</Code>
      <Text>ENVIRONMENT AND GLOBAL CHANGE</Text>
    </ProgramReference>
    <ProgramReference>
      <Code>SMET</Code>
      <Text>SCIENCE, MATH, ENG &amp; TECH EDUCATION</Text>
    </ProgramReference>
  </Award>
</rootTag>
