<?xml version="1.0" encoding="UTF-8"?>

<rootTag>
  <Award>
    <AwardTitle>Classification of C*-algebras, Flow Equivalence of Shift Spaces, and Graphs and Leavitt Path Algebras</AwardTitle>
    <AwardEffectiveDate>03/01/2015</AwardEffectiveDate>
    <AwardExpirationDate>02/29/2016</AwardExpirationDate>
    <AwardAmount>40610</AwardAmount>
    <AwardInstrument>
      <Value>Standard Grant</Value>
    </AwardInstrument>
    <Organization>
      <Code>03040000</Code>
      <Directorate>
        <LongName>Direct For Mathematical &amp; Physical Scien</LongName>
      </Directorate>
      <Division>
        <LongName>Division Of Mathematical Sciences</LongName>
      </Division>
    </Organization>
    <ProgramOfficer>
      <SignBlockName>Bruce P. Palka</SignBlockName>
    </ProgramOfficer>
    <AbstractNarration>This award provides funding to help defray the expenses of participants in the conference "Classification of C*-algebras, Flow Equivalence of Shift Spaces, and Graphs and Leavitt Path Algebras" that will be held from May 11-15, 2015, on the campus of the University of Louisiana at Lafayette.&lt;br/&gt;&lt;br/&gt;The purpose of this conference is to update the operator algebra community on recent advances in the Elliott classification program for C*-algebras and related topics. The feature activity in the event will be series of five lectures by Soren Eilers of the University of Copenhagen. These will be complemented by a small number of plenary lectures and a host of contributed talks. The conference program provides ample opportunity for graduate students, postdocs, and other young scientists to present their work.</AbstractNarration>
    <MinAmdLetterDate>02/06/2015</MinAmdLetterDate>
    <MaxAmdLetterDate>02/06/2015</MaxAmdLetterDate>
    <ARRAAmount/>
    <AwardID>1501104</AwardID>
    <Investigator>
      <FirstName>Ping Wong</FirstName>
      <LastName>Ng</LastName>
      <EmailAddress>png@louisiana.edu</EmailAddress>
      <StartDate>02/06/2015</StartDate>
      <EndDate/>
      <RoleCode>Principal Investigator</RoleCode>
    </Investigator>
    <Investigator>
      <FirstName>Leonel</FirstName>
      <LastName>Robert Gonzales</LastName>
      <EmailAddress>lxr7423@louisiana.edu</EmailAddress>
      <StartDate>02/06/2015</StartDate>
      <EndDate/>
      <RoleCode>Co-Principal Investigator</RoleCode>
    </Investigator>
    <Institution>
      <Name>University of Louisiana at Lafayette</Name>
      <CityName>Lafayette</CityName>
      <ZipCode>705032701</ZipCode>
      <PhoneNumber>3374826203</PhoneNumber>
      <StreetAddress>104 University Circle</StreetAddress>
      <CountryName>United States</CountryName>
      <StateName>Louisiana</StateName>
      <StateCode>LA</StateCode>
    </Institution>
    <ProgramElement>
      <Code>1281</Code>
      <Text>ANALYSIS PROGRAM</Text>
    </ProgramElement>
    <ProgramReference>
      <Code>7556</Code>
      <Text>CONFERENCE AND WORKSHOPS</Text>
    </ProgramReference>
    <ProgramReference>
      <Code>9150</Code>
      <Text>EXP PROG TO STIM COMP RES</Text>
    </ProgramReference>
  </Award>
</rootTag>
