<?xml version="1.0" encoding="UTF-8"?>

<rootTag>
  <Award>
    <AwardTitle>DISSERTATION RESEARCH: The molecular basis of convergent innovations: co-option or independent origin of regulatory modules?</AwardTitle>
    <AwardEffectiveDate>06/01/2015</AwardEffectiveDate>
    <AwardExpirationDate>05/31/2017</AwardExpirationDate>
    <AwardAmount>19337</AwardAmount>
    <AwardInstrument>
      <Value>Standard Grant</Value>
    </AwardInstrument>
    <Organization>
      <Code>08010207</Code>
      <Directorate>
        <LongName>Direct For Biological Sciences</LongName>
      </Directorate>
      <Division>
        <LongName>Division Of Environmental Biology</LongName>
      </Division>
    </Organization>
    <ProgramOfficer>
      <SignBlockName>George W. Gilchrist</SignBlockName>
    </ProgramOfficer>
    <AbstractNarration>Although the diversity of traits observed in nature can seem infinite, it still represents only a subset of possible traits. Furthermore, some traits have evolved repeatedly in distantly related species. Does repeated origin of certain traits reflect shared genetic constraints? The structure of gene networks that control development could favor the evolution of some traits while making the origin of other traits less likely. In order to determine the role of gene networks in shaping biological diversity, this study will identify and compare the molecular mechanisms that led to the independent origin of similar traits in two distantly related species. This research provides important insights into the translation of genotype to phenotype. The PIs propose novel mentoring in molecular techniques to high school and undergraduate students from underrepresented groups. &lt;br/&gt;&lt;br/&gt;The proposed study investigates distantly related groups of fruit fly species, which have independently gained similar male-specific morphological structures. Previous work has shown that the gene doublesex (dsx) is important in the formation of these traits in both groups, and that specific changes in the DNA sequence of dsx correlate with the origin of one of these structures. This research will test whether evolutionary changes in the same or different DNA sequences are associated with the origin of the convergent structure in the other group. Answering this question will help determine the role of the genetic network encompassing dsx in the independent origin of similar traits in these two groups of species.</AbstractNarration>
    <MinAmdLetterDate>03/31/2015</MinAmdLetterDate>
    <MaxAmdLetterDate>03/31/2015</MaxAmdLetterDate>
    <ARRAAmount/>
    <AwardID>1501148</AwardID>
    <Investigator>
      <FirstName>Gavin</FirstName>
      <LastName>Rice</LastName>
      <EmailAddress>grrice@ucdavis.edu</EmailAddress>
      <StartDate>03/31/2015</StartDate>
      <EndDate/>
      <RoleCode>Co-Principal Investigator</RoleCode>
    </Investigator>
    <Investigator>
      <FirstName>Artyom</FirstName>
      <LastName>Kopp</LastName>
      <EmailAddress>akopp@ucdavis.edu</EmailAddress>
      <StartDate>03/31/2015</StartDate>
      <EndDate/>
      <RoleCode>Principal Investigator</RoleCode>
    </Investigator>
    <Institution>
      <Name>University of California-Davis</Name>
      <CityName>Davis</CityName>
      <ZipCode>956186134</ZipCode>
      <PhoneNumber>5307547700</PhoneNumber>
      <StreetAddress>OR/Sponsored Programs</StreetAddress>
      <CountryName>United States</CountryName>
      <StateName>California</StateName>
      <StateCode>CA</StateCode>
    </Institution>
    <ProgramElement>
      <Code>7378</Code>
      <Text>EVOLUTIONARY GENETICS</Text>
    </ProgramElement>
    <ProgramReference>
      <Code>9169</Code>
      <Text>BIODIVERSITY AND ECOSYSTEM DYNAMICS</Text>
    </ProgramReference>
    <ProgramReference>
      <Code>9179</Code>
      <Text>GRADUATE INVOLVEMENT</Text>
    </ProgramReference>
    <ProgramReference>
      <Code>EGCH</Code>
      <Text>ENVIRONMENT AND GLOBAL CHANGE</Text>
    </ProgramReference>
    <ProgramReference>
      <Code>SMET</Code>
      <Text>SCIENCE, MATH, ENG &amp; TECH EDUCATION</Text>
    </ProgramReference>
  </Award>
</rootTag>
