<?xml version="1.0" encoding="UTF-8"?>

<rootTag>
  <Award>
    <AwardTitle>Complex Analysis, Potential Theory, Special Functions and Applications, November 6-9, 2014</AwardTitle>
    <AwardEffectiveDate>11/15/2014</AwardEffectiveDate>
    <AwardExpirationDate>10/31/2015</AwardExpirationDate>
    <AwardAmount>10447</AwardAmount>
    <AwardInstrument>
      <Value>Standard Grant</Value>
    </AwardInstrument>
    <Organization>
      <Code>03040000</Code>
      <Directorate>
        <LongName>Direct For Mathematical &amp; Physical Scien</LongName>
      </Directorate>
      <Division>
        <LongName>Division Of Mathematical Sciences</LongName>
      </Division>
    </Organization>
    <ProgramOfficer>
      <SignBlockName>Edward Taylor</SignBlockName>
    </ProgramOfficer>
    <AbstractNarration>This award provides funding to help cover the travel expenses of participants to the "2014 Red Raider Mini-Symposium" to be held November 6-9, 2014, at Texas Tech University in Lubbock, Texas.&lt;br/&gt;&lt;br/&gt;The symposium will feature five plenary talks on the topics of gravitational lensing, circle packing, hyperbolic metrics, and other topics in Geometric Function Theory and Mathematical Physics. There will be special talks of general interest from Professor M. Dorff on "Movies and Mathematics" and Professor C. Beneteau on "Women in Mathematics". Further, there will be a special reception during which undergraduate and graduate students may meet and discuss mathematics with the plenary speakers. Opportunities will be made available for eary career mathematicians to present and discuss their work to participants at this conference.</AbstractNarration>
    <MinAmdLetterDate>11/03/2014</MinAmdLetterDate>
    <MaxAmdLetterDate>11/03/2014</MaxAmdLetterDate>
    <ARRAAmount/>
    <AwardID>1501568</AwardID>
    <Investigator>
      <FirstName>Roger</FirstName>
      <LastName>Barnard</LastName>
      <EmailAddress>roger.w.barnard@ttu.edu</EmailAddress>
      <StartDate>11/03/2014</StartDate>
      <EndDate/>
      <RoleCode>Co-Principal Investigator</RoleCode>
    </Investigator>
    <Investigator>
      <FirstName>Kent</FirstName>
      <LastName>Pearce</LastName>
      <EmailAddress>kent.pearce@ttu.edu</EmailAddress>
      <StartDate>11/03/2014</StartDate>
      <EndDate/>
      <RoleCode>Co-Principal Investigator</RoleCode>
    </Investigator>
    <Investigator>
      <FirstName>Alexander</FirstName>
      <LastName>Solynin</LastName>
      <EmailAddress>alex.solynin@ttu.edu</EmailAddress>
      <StartDate>11/03/2014</StartDate>
      <EndDate/>
      <RoleCode>Principal Investigator</RoleCode>
    </Investigator>
    <Investigator>
      <FirstName>George</FirstName>
      <LastName>Williams</LastName>
      <EmailAddress>brock.williams@ttu.edu</EmailAddress>
      <StartDate>11/03/2014</StartDate>
      <EndDate/>
      <RoleCode>Co-Principal Investigator</RoleCode>
    </Investigator>
    <Institution>
      <Name>Texas Tech University</Name>
      <CityName>Lubbock</CityName>
      <ZipCode>794091035</ZipCode>
      <PhoneNumber>8067423884</PhoneNumber>
      <StreetAddress>349 Administration Bldg</StreetAddress>
      <CountryName>United States</CountryName>
      <StateName>Texas</StateName>
      <StateCode>TX</StateCode>
    </Institution>
    <ProgramElement>
      <Code>1281</Code>
      <Text>ANALYSIS PROGRAM</Text>
    </ProgramElement>
    <ProgramReference>
      <Code>7556</Code>
      <Text>CONFERENCE AND WORKSHOPS</Text>
    </ProgramReference>
  </Award>
</rootTag>
