<?xml version="1.0" encoding="UTF-8"?>

<rootTag>
  <Award>
    <AwardTitle>Summer Symposium in Real Analysis 39</AwardTitle>
    <AwardEffectiveDate>01/01/2015</AwardEffectiveDate>
    <AwardExpirationDate>12/31/2015</AwardExpirationDate>
    <AwardAmount>19390</AwardAmount>
    <AwardInstrument>
      <Value>Standard Grant</Value>
    </AwardInstrument>
    <Organization>
      <Code>03040000</Code>
      <Directorate>
        <LongName>Direct For Mathematical &amp; Physical Scien</LongName>
      </Directorate>
      <Division>
        <LongName>Division Of Mathematical Sciences</LongName>
      </Division>
    </Organization>
    <ProgramOfficer>
      <SignBlockName>Bruce P. Palka</SignBlockName>
    </ProgramOfficer>
    <AbstractNarration>This award provides funding to help defray the expenses of participants in the "Summer Symposium in Real Analysis 39" that will be held June 8-13, 2015, on the campus of St. Olaf College. This conference is the thirty-ninth in a series that has evolved into one of the major venues internationally for the presentation of research developments in real analysis and related areas. &lt;br/&gt;&lt;br/&gt;The scientific program for the 2015 Symposium covers a broad array of topics, ranging from regularity issues for partial differential equations to Morse-Sard-type results, from questions in geometric measure theory to topics in combinatorial and set theoretic analysis. The featured speakers are Marianna Csornyei (University of Chicago), Alexander Olevskii (University of Tel Aviv), and Miklos Laczkovich (Eotovos Lorand University). The conference program provides ample opportunity for graduate students, postdocs, and other young scientists to present their work. Proceedings of the Symposium will be made available on-line.&lt;br/&gt;&lt;br/&gt;Conference web site: http://www.stolaf.edu/analysis/</AbstractNarration>
    <MinAmdLetterDate>12/08/2014</MinAmdLetterDate>
    <MaxAmdLetterDate>12/08/2014</MaxAmdLetterDate>
    <ARRAAmount/>
    <AwardID>1501013</AwardID>
    <Investigator>
      <FirstName>Marianna</FirstName>
      <LastName>Csornyei</LastName>
      <EmailAddress>csornyei@math.uchicago.edu</EmailAddress>
      <StartDate>12/08/2014</StartDate>
      <EndDate/>
      <RoleCode>Co-Principal Investigator</RoleCode>
    </Investigator>
    <Investigator>
      <FirstName>Bruce</FirstName>
      <LastName>Hanson</LastName>
      <EmailAddress>hansonb@stolaf.edu</EmailAddress>
      <StartDate>12/08/2014</StartDate>
      <EndDate/>
      <RoleCode>Co-Principal Investigator</RoleCode>
    </Investigator>
    <Investigator>
      <FirstName>Paul</FirstName>
      <LastName>Humke</LastName>
      <EmailAddress>humke@stolaf.edu</EmailAddress>
      <StartDate>12/08/2014</StartDate>
      <EndDate/>
      <RoleCode>Principal Investigator</RoleCode>
    </Investigator>
    <Institution>
      <Name>Saint Olaf College</Name>
      <CityName>Northfield</CityName>
      <ZipCode>550571098</ZipCode>
      <PhoneNumber>5077863000</PhoneNumber>
      <StreetAddress>1520 St. Olaf Avenue</StreetAddress>
      <CountryName>United States</CountryName>
      <StateName>Minnesota</StateName>
      <StateCode>MN</StateCode>
    </Institution>
    <ProgramElement>
      <Code>1281</Code>
      <Text>ANALYSIS PROGRAM</Text>
    </ProgramElement>
    <ProgramReference>
      <Code>7556</Code>
      <Text>CONFERENCE AND WORKSHOPS</Text>
    </ProgramReference>
  </Award>
</rootTag>
