<?xml version="1.0" encoding="UTF-8"?>

<rootTag>
  <Award>
    <AwardTitle>Technician Education in Additive Manufacturing and Materials (TEAMM)</AwardTitle>
    <AwardEffectiveDate>07/01/2015</AwardEffectiveDate>
    <AwardExpirationDate>06/30/2019</AwardExpirationDate>
    <AwardAmount>799670</AwardAmount>
    <AwardInstrument>
      <Value>Standard Grant</Value>
    </AwardInstrument>
    <Organization>
      <Code>11040100</Code>
      <Directorate>
        <LongName>Direct For Education and Human Resources</LongName>
      </Directorate>
      <Division>
        <LongName>Division Of Undergraduate Education</LongName>
      </Division>
    </Organization>
    <ProgramOfficer>
      <SignBlockName>V. Celeste Carter</SignBlockName>
    </ProgramOfficer>
    <AbstractNarration>The manufacturing industry has progressed beyond traditional subtractive processes. Additive manufacturing (AM) technologies are emerging as key enabling practices for modern design and end product development and are revolutionizing the manufacturing process. The advancement of 3D printing or AM, in both consumer and commercial markets, is highly dependent upon innovations that improve printer capabilities, speed, and materials. As new materials are developed and 3D printers are increasingly capable of utilizing multiple materials, it is imperative that technicians understand these materials' properties both individually and as they are combined during the AM process. To address this gap in the convergence of additive manufacturing and materials, the Technician Education in Additive Manufacturing and Materials (TEAMM) project will forge a new collaborative network of public and private sector stakeholders to address the identification and adaption of skills standards to keep pace with advances in research and development.&lt;br/&gt;&lt;br/&gt;TEAMM will serve as a catalyst to engage an international network of stakeholders to ensure that technician education meets industry standards and needs. TEAMM will improve access to instructional tools and curriculum modules that keep pace with the rapid rate of innovation and industry adoption of new and existing materials in the additive manufacturing and materials processes. Through social networking, TEAMM will improve education and establish network communications, collaboration and dissemination in a sustainable manner. TEAMM will support the education and development of new subject matter experts through professional development and access to network collaborators. The network will enable subject matter experts to customize instructional tools and resources to directly respond to and support the advancement of regional economies, further advancing this technology through a skilled and educated technician workforce.</AbstractNarration>
    <MinAmdLetterDate>04/08/2015</MinAmdLetterDate>
    <MaxAmdLetterDate>04/08/2015</MaxAmdLetterDate>
    <ARRAAmount/>
    <AwardID>1501251</AwardID>
    <Investigator>
      <FirstName>Ken</FirstName>
      <LastName>Patton</LastName>
      <EmailAddress>kpatton@rapidtech.org</EmailAddress>
      <StartDate>04/08/2015</StartDate>
      <EndDate/>
      <RoleCode>Co-Principal Investigator</RoleCode>
    </Investigator>
    <Investigator>
      <FirstName>Imelda</FirstName>
      <LastName>Cossette</LastName>
      <EmailAddress>mel.cossette@edcc.edu</EmailAddress>
      <StartDate>04/08/2015</StartDate>
      <EndDate/>
      <RoleCode>Principal Investigator</RoleCode>
    </Investigator>
    <Investigator>
      <FirstName>Robin</FirstName>
      <LastName>Ballard</LastName>
      <EmailAddress>robin.ballard@email.edcc.edu</EmailAddress>
      <StartDate>04/08/2015</StartDate>
      <EndDate/>
      <RoleCode>Co-Principal Investigator</RoleCode>
    </Investigator>
    <Institution>
      <Name>Edmonds Community College</Name>
      <CityName>Lynnwood</CityName>
      <ZipCode>980365912</ZipCode>
      <PhoneNumber>4256401112</PhoneNumber>
      <StreetAddress>20000 68th Avenue West</StreetAddress>
      <CountryName>United States</CountryName>
      <StateName>Washington</StateName>
      <StateCode>WA</StateCode>
    </Institution>
    <ProgramElement>
      <Code>7412</Code>
      <Text>ADVANCED TECH EDUCATION PROG</Text>
    </ProgramElement>
    <ProgramElement>
      <Code>1536</Code>
      <Text>S-STEM:SCHLR SCI TECH ENG&amp;MATH</Text>
    </ProgramElement>
    <ProgramReference>
      <Code>1032</Code>
      <Text>ADVANCED TECHNOLOGY EDUCATION</Text>
    </ProgramReference>
    <ProgramReference>
      <Code>9178</Code>
      <Text>UNDERGRADUATE EDUCATION</Text>
    </ProgramReference>
    <ProgramReference>
      <Code>SMET</Code>
      <Text>SCIENCE, MATH, ENG &amp; TECH EDUCATION</Text>
    </ProgramReference>
  </Award>
</rootTag>
