<?xml version="1.0" encoding="UTF-8"?>

<rootTag>
  <Award>
    <AwardTitle>Ohio Region Cybersecurity Technician Training Pipeline</AwardTitle>
    <AwardEffectiveDate>09/01/2015</AwardEffectiveDate>
    <AwardExpirationDate>08/31/2018</AwardExpirationDate>
    <AwardAmount>599680</AwardAmount>
    <AwardInstrument>
      <Value>Standard Grant</Value>
    </AwardInstrument>
    <Organization>
      <Code>11040100</Code>
      <Directorate>
        <LongName>Direct For Education and Human Resources</LongName>
      </Directorate>
      <Division>
        <LongName>Division Of Undergraduate Education</LongName>
      </Division>
    </Organization>
    <ProgramOfficer>
      <SignBlockName>R. Corby Hovis</SignBlockName>
    </ProgramOfficer>
    <AbstractNarration>Keeping computers and information systems secure is a major challenge. Business, industry, and government need well-prepared technicians who can prevent, detect, and investigate cybersecurity breaches, and the growth of cyber-threats has created a need for many more workers who have appropriate, specific knowledge and skills. Many key companies in the Ohio region are finding it difficult to locate skilled cybersecurity technicians. In response to this need, Columbus State Community College, Franklin University, a consortium of technology-focused area high schools, and regional cybersecurity companies are collaborating to develop a comprehensive "2 + 2 + 2" Cybersecurity Technician Training Pipeline. This program will target high school graduates, college-aged students, adult learners, and incumbent workers and will include multiple entry and exit points for these students and stackable certificates that lead to entry-level, mid-level, and management-level cybersecurity careers.&lt;br/&gt;&lt;br/&gt;The goal of the project is to increase the supply of qualified cybersecurity professionals for industry and government. Major activities include:&lt;br/&gt;(1) Developing and implementing a 60 credit-hour Associate of Applied Science (AAS) degree and related academic certificates in cybersecurity at Columbus State Community College, which will prepare high school graduates and incumbent IT and non-IT workers to obtain the (ISC)2 Systems Security Certified Practitioner (SSCP) certification.&lt;br/&gt;(2) Conducting workshops for high school teachers and establishing a pre-college program for regional high schools, which will serve as the first link in a "2 + 2 + 2" educational pathway in cybersecurity.&lt;br/&gt;(3) Establishing a model articulation agreement with Franklin University, which will serve as the final link in the "2 + 2 + 2" pathway, allowing AAS graduates from Columbus State to transfer seamlessly into a BS degree program in cybersecurity.&lt;br/&gt;Many components of the new curriculum, as well as the professional development activities for faculty, will draw on resources offered by the National CyberWatch Center.</AbstractNarration>
    <MinAmdLetterDate>08/22/2015</MinAmdLetterDate>
    <MaxAmdLetterDate>12/13/2016</MaxAmdLetterDate>
    <ARRAAmount/>
    <AwardID>1501194</AwardID>
    <Investigator>
      <FirstName>Gary</FirstName>
      <LastName>Clark</LastName>
      <EmailAddress>gclark12@cscc.edu</EmailAddress>
      <StartDate>12/13/2016</StartDate>
      <EndDate/>
      <RoleCode>Principal Investigator</RoleCode>
    </Investigator>
    <Investigator>
      <FirstName>Gary</FirstName>
      <LastName>Clark</LastName>
      <EmailAddress>gclark12@cscc.edu</EmailAddress>
      <StartDate>08/22/2015</StartDate>
      <EndDate>06/30/2016</EndDate>
      <RoleCode>Former Co-Principal Investigator</RoleCode>
    </Investigator>
    <Investigator>
      <FirstName>Jeremy</FirstName>
      <LastName>Porter</LastName>
      <EmailAddress>jporte10@cscc.edu</EmailAddress>
      <StartDate>08/22/2015</StartDate>
      <EndDate>06/30/2016</EndDate>
      <RoleCode>Former Principal Investigator</RoleCode>
    </Investigator>
    <Investigator>
      <FirstName>Lawrence</FirstName>
      <LastName>McWherter</LastName>
      <EmailAddress>lmcwherter@cscc.edu</EmailAddress>
      <StartDate>12/13/2016</StartDate>
      <EndDate/>
      <RoleCode>Co-Principal Investigator</RoleCode>
    </Investigator>
    <Institution>
      <Name>Columbus State Community College</Name>
      <CityName>Columbus</CityName>
      <ZipCode>432151722</ZipCode>
      <PhoneNumber>6142872639</PhoneNumber>
      <StreetAddress>550 East Spring Street</StreetAddress>
      <CountryName>United States</CountryName>
      <StateName>Ohio</StateName>
      <StateCode>OH</StateCode>
    </Institution>
    <ProgramElement>
      <Code>7412</Code>
      <Text>ADVANCED TECH EDUCATION PROG</Text>
    </ProgramElement>
    <ProgramReference>
      <Code>1032</Code>
      <Text>ADVANCED TECHNOLOGY EDUCATION</Text>
    </ProgramReference>
    <ProgramReference>
      <Code>9178</Code>
      <Text>UNDERGRADUATE EDUCATION</Text>
    </ProgramReference>
    <ProgramReference>
      <Code>SMET</Code>
      <Text>SCIENCE, MATH, ENG &amp; TECH EDUCATION</Text>
    </ProgramReference>
  </Award>
</rootTag>
