<?xml version="1.0" encoding="UTF-8"?>

<rootTag>
  <Award>
    <AwardTitle>1996 Aspen Winter Gravitational Waves and Their Detection Conference; Aspen, Colorado</AwardTitle>
    <AwardEffectiveDate>01/01/1996</AwardEffectiveDate>
    <AwardExpirationDate>12/31/1996</AwardExpirationDate>
    <AwardAmount>5000</AwardAmount>
    <AwardInstrument>
      <Value>Standard Grant</Value>
    </AwardInstrument>
    <Organization>
      <Code>03010700</Code>
      <Directorate>
        <LongName>Direct For Mathematical &amp; Physical Scien</LongName>
      </Directorate>
      <Division>
        <LongName>Division Of Physics</LongName>
      </Division>
    </Organization>
    <ProgramOfficer>
      <SignBlockName>Richard Isaacson</SignBlockName>
    </ProgramOfficer>
    <AbstractNarration>This award will help support a conference on Gravitational Waves and Their Detection to be held as part of the Aspen Winter Elementary Particle Physics Conference, during January 14-20, 1996. The material to be discussed includes: -Interferometers and Bars -Space Based Detectors -Data Analysis -The LIGO Research Community</AbstractNarration>
    <MinAmdLetterDate>02/22/1996</MinAmdLetterDate>
    <MaxAmdLetterDate>02/22/1996</MaxAmdLetterDate>
    <ARRAAmount/>
    <AwardID>9600446</AwardID>
    <Investigator>
      <FirstName>Thomas</FirstName>
      <LastName>Appelquist</LastName>
      <EmailAddress>thomas.appelquist@yale.edu</EmailAddress>
      <StartDate>02/22/1996</StartDate>
      <EndDate/>
      <RoleCode>Principal Investigator</RoleCode>
    </Investigator>
    <Institution>
      <Name>Aspen Center For Physics</Name>
      <CityName>Aspen</CityName>
      <ZipCode>816111197</ZipCode>
      <PhoneNumber>9709252585</PhoneNumber>
      <StreetAddress>700 West Gillespie Street</StreetAddress>
      <CountryName>United States</CountryName>
      <StateName>Colorado</StateName>
      <StateCode>CO</StateCode>
    </Institution>
    <FoaInformation>
      <Code>0000099</Code>
      <Name>Other Applications NEC</Name>
    </FoaInformation>
  </Award>
</rootTag>
