<?xml version="1.0" encoding="UTF-8"?>

<rootTag>
  <Award>
    <AwardTitle>Electroweak Interactions at Very High Energies</AwardTitle>
    <AwardEffectiveDate>09/01/1996</AwardEffectiveDate>
    <AwardExpirationDate>08/31/1999</AwardExpirationDate>
    <AwardAmount>96750</AwardAmount>
    <AwardInstrument>
      <Value>Continuing grant</Value>
    </AwardInstrument>
    <Organization>
      <Code>03010500</Code>
      <Directorate>
        <LongName>Direct For Mathematical &amp; Physical Scien</LongName>
      </Directorate>
      <Division>
        <LongName>Division Of Physics</LongName>
      </Division>
    </Organization>
    <ProgramOfficer>
      <SignBlockName>Boris J. Kayser</SignBlockName>
    </ProgramOfficer>
    <AbstractNarration/>
    <MinAmdLetterDate>07/22/1996</MinAmdLetterDate>
    <MaxAmdLetterDate>06/08/1998</MaxAmdLetterDate>
    <ARRAAmount/>
    <AwardID>9600770</AwardID>
    <Investigator>
      <FirstName>Ulrich</FirstName>
      <LastName>Baur</LastName>
      <EmailAddress>baur@ubhep.physics.buffalo.edu</EmailAddress>
      <StartDate>07/22/1996</StartDate>
      <EndDate/>
      <RoleCode>Principal Investigator</RoleCode>
    </Investigator>
    <Institution>
      <Name>SUNY at Buffalo</Name>
      <CityName>Amherst</CityName>
      <ZipCode>142282567</ZipCode>
      <PhoneNumber>7166452634</PhoneNumber>
      <StreetAddress>520 Lee Entrance</StreetAddress>
      <CountryName>United States</CountryName>
      <StateName>New York</StateName>
      <StateCode>NY</StateCode>
    </Institution>
    <FoaInformation>
      <Code>0000099</Code>
      <Name>Other Applications NEC</Name>
    </FoaInformation>
    <FoaInformation>
      <Code>13</Code>
      <Name>Physics</Name>
    </FoaInformation>
    <ProgramElement>
      <Code>1245</Code>
      <Text>THEORETICAL PHYSICS</Text>
    </ProgramElement>
    <ProgramElement>
      <Code>1286</Code>
      <Text>Elem. Particle Physics/Theory</Text>
    </ProgramElement>
    <ProgramReference>
      <Code>0000</Code>
      <Text>UNASSIGNED</Text>
    </ProgramReference>
    <ProgramReference>
      <Code>OTHR</Code>
      <Text>OTHER RESEARCH OR EDUCATION</Text>
    </ProgramReference>
  </Award>
</rootTag>
