<?xml version="1.0" encoding="UTF-8"?>

<rootTag>
  <Award>
    <AwardTitle>Japan JSPS Program: Pressurized Gas Transport for Intravascular Oxgenation</AwardTitle>
    <AwardEffectiveDate>06/15/1996</AwardEffectiveDate>
    <AwardExpirationDate>05/31/1997</AwardExpirationDate>
    <AwardAmount>9956</AwardAmount>
    <AwardInstrument>
      <Value>Fellowship</Value>
    </AwardInstrument>
    <Organization>
      <Code>01090000</Code>
      <Directorate>
        <LongName>Office Of The Director</LongName>
      </Directorate>
      <Division>
        <LongName>Office Of Internatl Science &amp;Engineering</LongName>
      </Division>
    </Organization>
    <ProgramOfficer>
      <SignBlockName>Larry H. Weber</SignBlockName>
    </ProgramOfficer>
    <AbstractNarration>9600294 Moon This award supports a 12 month Japan Society for the Promotion of Science (JSPS) Postdoctoral Fellowship for Dr. Jon K. Moon to work at Kumamoto University Medical School, Kumamoto, Japan. Dr. Moon will collaborate with Dr. Hidenori Terasaki, Chairman of the Department of Anesthesiology, on a project entitled: "Pressurized Gas Transport for Intravascular Oxygenation'. The proposed research will consist of building an efficient intravascular oxygenator (artificial lung) to provide life support while allowing damaged lungs to heal and will focus on developing materials and techniques for the pressurized transport of oxygen into blood. Drs. Terasaki and Moon propose to exploit the high strength and nonlinear gas- transport behavior of recently developed microporous materials. Although these materials can withstand high internal pressures, they have been used only under negative pressure in earlier oxygenator designs. As positive pressure can substantially increase oxygen delivered to the blood, thermal-mass flow controllers, originally developed for the semiconductor industry, will be used to measure the pressure to flow relationship of microporous materials when immersed in water, albumin plus water, and blood. Data from the experiments will be developed into a mathematical model to predict the "bubble-point pressure" of an implanted oxygenator and, following this analysis, prototypes of extracorporeal and intravascular oxygenators will be constructed for tests in animals by the researchers in the laboratory. ***</AbstractNarration>
    <MinAmdLetterDate>06/03/1996</MinAmdLetterDate>
    <MaxAmdLetterDate>01/10/1997</MaxAmdLetterDate>
    <ARRAAmount/>
    <AwardID>9600294</AwardID>
    <Investigator>
      <FirstName>Jon</FirstName>
      <LastName>Moon</LastName>
      <EmailAddress>jmoon@bcm.tmc.edu</EmailAddress>
      <StartDate>06/03/1996</StartDate>
      <EndDate/>
      <RoleCode>Principal Investigator</RoleCode>
    </Investigator>
    <Institution>
      <Name>Fellowships</Name>
      <CityName>Arlington</CityName>
      <ZipCode>22230</ZipCode>
      <PhoneNumber/>
      <StreetAddress/>
      <CountryName>United States</CountryName>
      <StateName>Virginia</StateName>
      <StateCode>VA</StateCode>
    </Institution>
    <FoaInformation>
      <Code>0510301</Code>
      <Name>Structure &amp; Function</Name>
    </FoaInformation>
  </Award>
</rootTag>
