<?xml version="1.0" encoding="UTF-8"?>

<rootTag>
  <Award>
    <AwardTitle>Political and Social Attitudes in the 1995 Russian Election</AwardTitle>
    <AwardEffectiveDate>12/15/1995</AwardEffectiveDate>
    <AwardExpirationDate>11/30/1996</AwardExpirationDate>
    <AwardAmount>38000</AwardAmount>
    <AwardInstrument>
      <Value>Standard Grant</Value>
    </AwardInstrument>
    <Organization>
      <Code>04050200</Code>
      <Directorate>
        <LongName>Direct For Social, Behav &amp; Economic Scie</LongName>
      </Directorate>
      <Division>
        <LongName>Divn Of Social and Economic Sciences</LongName>
      </Division>
    </Organization>
    <ProgramOfficer>
      <SignBlockName>Patricia White</SignBlockName>
    </ProgramOfficer>
    <AbstractNarration>This is a project submitted under Small Grants for Exploratory Research (SGER). It is designed to obtain public opinion data prior to the 1995 Russian legislative election during a period of rapid social change in Russia and the potential emergence of new obstacles to democratization. The research will make significant substantive and theoretical contributions to our understanding of how major social changes, including the creation of new institutions, lead to social dislocations and rising tensions related to regional, urban/rural, and ethnic and religious cleavages. It is a follow-up of a survey conducted around the 1993 election, enabling the researchers to measure changing public perceptions and levels of discontent. Analysis is based on a national survey of 4,000 respondents. %%% This research will contribute to sociological understanding of the process of democratization and its effects on diverse population groups. An examination of public reactions to rapid social changes and to the opportunities for expressing political choices will demonstrate the ways in which the Russian situation is similar or different from that of other countries undergoing a transition to democracy. In addition to the scientific gains from this research, the project will encourage scientific ties with researchers in Russia.</AbstractNarration>
    <MinAmdLetterDate>12/07/1995</MinAmdLetterDate>
    <MaxAmdLetterDate>12/07/1995</MaxAmdLetterDate>
    <ARRAAmount/>
    <AwardID>9600413</AwardID>
    <Investigator>
      <FirstName>Evelyn</FirstName>
      <LastName>Davidheiser</LastName>
      <EmailAddress>edavidh@polisci.umn.edu</EmailAddress>
      <StartDate>12/07/1995</StartDate>
      <EndDate/>
      <RoleCode>Co-Principal Investigator</RoleCode>
    </Investigator>
    <Investigator>
      <FirstName>Jerry</FirstName>
      <LastName>Hough</LastName>
      <EmailAddress/>
      <StartDate>12/07/1995</StartDate>
      <EndDate/>
      <RoleCode>Principal Investigator</RoleCode>
    </Investigator>
    <Investigator>
      <FirstName>Susan</FirstName>
      <LastName>Lehmann</LastName>
      <EmailAddress>SGL3@columbia.edu</EmailAddress>
      <StartDate>12/07/1995</StartDate>
      <EndDate/>
      <RoleCode>Co-Principal Investigator</RoleCode>
    </Investigator>
    <Institution>
      <Name>Brookings Institution</Name>
      <CityName>Washington</CityName>
      <ZipCode>200362103</ZipCode>
      <PhoneNumber>2027976000</PhoneNumber>
      <StreetAddress>1775 Massachusetts Ave NW</StreetAddress>
      <CountryName>United States</CountryName>
      <StateName>District of Columbia</StateName>
      <StateCode>DC</StateCode>
    </Institution>
    <FoaInformation>
      <Code>0116000</Code>
      <Name>Human Subjects</Name>
    </FoaInformation>
    <FoaInformation>
      <Code>0000099</Code>
      <Name>Other Applications NEC</Name>
    </FoaInformation>
    <FoaInformation>
      <Code>86</Code>
      <Name>Sociology</Name>
    </FoaInformation>
  </Award>
</rootTag>
