<?xml version="1.0" encoding="UTF-8"?>

<rootTag>
  <Award>
    <AwardTitle>Mathematical Models of the Cell Division Cycle</AwardTitle>
    <AwardEffectiveDate>08/01/1996</AwardEffectiveDate>
    <AwardExpirationDate>01/31/1998</AwardExpirationDate>
    <AwardAmount>50482</AwardAmount>
    <AwardInstrument>
      <Value>Standard Grant</Value>
    </AwardInstrument>
    <Organization>
      <Code>08070600</Code>
      <Directorate>
        <LongName>Direct For Biological Sciences</LongName>
      </Directorate>
      <Division>
        <LongName>Div Of Molecular and Cellular Bioscience</LongName>
      </Division>
    </Organization>
    <ProgramOfficer>
      <SignBlockName>Barbara K. Zain</SignBlockName>
    </ProgramOfficer>
    <AbstractNarration>Abstract 9600536 Tyson The cell division cycle is the periodic repetition of a sequence of events, including DNA synthesis, mitosis and cytokinesis, that transform a single cell into two daughter cells. Control of the sequence and timing of these events is complex. The major events are triggered by cyclin-dependent kinases, a family of enzymes whose activity depends on binding to the cyclin proteins, phosphorylation and binding to inhibitory proteins. So far characterization of this regulatory system has been reductionistic; breaking the nnetwork into parts and examining how they interact. This project will develop mathematical methods by which the parts can be put back together into a model of an intact, functional regulatory system. By comparing the behavior of the model to experimental observations, the credibility of the model can be judged. The goal is to develop realistic models of cell cycle control in frog embryos, yeast cells and mammalian cells. The experimental tools to dissect this control system are well developed, but the theoretical tools necessary to put the pieces together are still largely untested and underappreciated by cell biologists. This projects aims at developing appropriate mathematical tools, applying them to current data, and communicating the power of modeling the to the experimental community. ***</AbstractNarration>
    <MinAmdLetterDate>07/22/1996</MinAmdLetterDate>
    <MaxAmdLetterDate>07/22/1996</MaxAmdLetterDate>
    <ARRAAmount/>
    <AwardID>9600536</AwardID>
    <Investigator>
      <FirstName>John</FirstName>
      <LastName>Tyson</LastName>
      <EmailAddress>tyson@vt.edu</EmailAddress>
      <StartDate>07/22/1996</StartDate>
      <EndDate/>
      <RoleCode>Principal Investigator</RoleCode>
    </Investigator>
    <Institution>
      <Name>Virginia Polytechnic Institute and State University</Name>
      <CityName>BLACKSBURG</CityName>
      <ZipCode>240610001</ZipCode>
      <PhoneNumber>5402315281</PhoneNumber>
      <StreetAddress>Sponsored Programs 0170</StreetAddress>
      <CountryName>United States</CountryName>
      <StateName>Virginia</StateName>
      <StateCode>VA</StateCode>
    </Institution>
    <FoaInformation>
      <Code>0000099</Code>
      <Name>Other Applications NEC</Name>
    </FoaInformation>
    <FoaInformation>
      <Code>61</Code>
      <Name>Life Science Biological</Name>
    </FoaInformation>
    <ProgramElement>
      <Code>1114</Code>
      <Text>Cellular Dynamics and Function</Text>
    </ProgramElement>
    <ProgramElement>
      <Code>1136</Code>
      <Text>SIGNAL TRANSDCTN/CELL REGULATN</Text>
    </ProgramElement>
    <ProgramElement>
      <Code>1266</Code>
      <Text>APPLIED MATHEMATICS</Text>
    </ProgramElement>
    <ProgramReference>
      <Code>0000</Code>
      <Text>UNASSIGNED</Text>
    </ProgramReference>
    <ProgramReference>
      <Code>OTHR</Code>
      <Text>OTHER RESEARCH OR EDUCATION</Text>
    </ProgramReference>
  </Award>
</rootTag>
