<?xml version="1.0" encoding="UTF-8"?>

<rootTag>
  <Award>
    <AwardTitle>U.S.-Mexico Cooperative Research: Structural and Spectral Studies of Biologically Significant Metal Complexes</AwardTitle>
    <AwardEffectiveDate>07/15/1996</AwardEffectiveDate>
    <AwardExpirationDate>12/31/1999</AwardExpirationDate>
    <AwardAmount>8600</AwardAmount>
    <AwardInstrument>
      <Value>Standard Grant</Value>
    </AwardInstrument>
    <Organization>
      <Code>01090000</Code>
      <Directorate>
        <LongName>Office Of The Director</LongName>
      </Directorate>
      <Division>
        <LongName>Office Of Internatl Science &amp;Engineering</LongName>
      </Division>
    </Organization>
    <ProgramOfficer>
      <SignBlockName>Harold Stolberg</SignBlockName>
    </ProgramOfficer>
    <AbstractNarration>9600349 West This Americas Program award will fund travel and related expenses for Dr. Douglas X. West and two students from Illinois State University, to travel to Mexico to collaborate on a research project with Dr. Jesus Valdes- Martinez, of the Universidad Nacional Autonoma de Mexico (UNAM). They will conduct studies to synthesize and characterize a series of macrocyclic and polynuclear metal complexes. The study of these complexes will present interesting chemical challenges as well as the possibility of biological activity. The project will allow for a strong complementary interaction between the two researchers and their students. The Mexican side will bring to the collaboration their expertise in crystal structures and solid state information, while the U.S. group will provide organic ligands, spectroscopy data, and interpretation of the Mexican compounds. ***</AbstractNarration>
    <MinAmdLetterDate>07/09/1996</MinAmdLetterDate>
    <MaxAmdLetterDate>07/09/1996</MaxAmdLetterDate>
    <ARRAAmount/>
    <AwardID>9600349</AwardID>
    <Investigator>
      <FirstName>Douglas</FirstName>
      <LastName>West</LastName>
      <EmailAddress/>
      <StartDate>07/09/1996</StartDate>
      <EndDate/>
      <RoleCode>Principal Investigator</RoleCode>
    </Investigator>
    <Institution>
      <Name>Illinois State University</Name>
      <CityName>Normal</CityName>
      <ZipCode>617901000</ZipCode>
      <PhoneNumber>3094382528</PhoneNumber>
      <StreetAddress>100 S Fell Ave</StreetAddress>
      <CountryName>United States</CountryName>
      <StateName>Illinois</StateName>
      <StateCode>IL</StateCode>
    </Institution>
    <FoaInformation>
      <Code>0203000</Code>
      <Name>Health</Name>
    </FoaInformation>
  </Award>
</rootTag>
