<?xml version="1.0" encoding="UTF-8"?>

<rootTag>
  <Award>
    <AwardTitle>The Preparation and Characterization of Compounds Containing Antimatter</AwardTitle>
    <AwardEffectiveDate>07/15/1996</AwardEffectiveDate>
    <AwardExpirationDate>06/30/2000</AwardExpirationDate>
    <AwardAmount>455000</AwardAmount>
    <AwardInstrument>
      <Value>Standard Grant</Value>
    </AwardInstrument>
    <Organization>
      <Code>03010100</Code>
      <Directorate>
        <LongName>Direct For Mathematical &amp; Physical Scien</LongName>
      </Directorate>
      <Division>
        <LongName>Division Of Physics</LongName>
      </Division>
    </Organization>
    <ProgramOfficer>
      <SignBlockName>Barry I. Schneider</SignBlockName>
    </ProgramOfficer>
    <AbstractNarration>The interaction of positrons with molecules is investigated using crossed beams. The energies and masses of the dissociation fragments are measured using mass spectrometric and kinetic energy spectrometry in order to study the chemical stability of molecules containing positronium. Applications to solid state physics, medical physics, polymer research and astrophysics are anticipated.</AbstractNarration>
    <MinAmdLetterDate>06/18/1996</MinAmdLetterDate>
    <MaxAmdLetterDate>12/20/1996</MaxAmdLetterDate>
    <ARRAAmount/>
    <AwardID>9600416</AwardID>
    <Investigator>
      <FirstName>Lester</FirstName>
      <LastName>Hulett</LastName>
      <EmailAddress/>
      <StartDate>06/18/1996</StartDate>
      <EndDate/>
      <RoleCode>Co-Principal Investigator</RoleCode>
    </Investigator>
    <Investigator>
      <FirstName>David</FirstName>
      <LastName>Schrader</LastName>
      <EmailAddress>david.schrader@marquette.edu</EmailAddress>
      <StartDate>06/18/1996</StartDate>
      <EndDate/>
      <RoleCode>Principal Investigator</RoleCode>
    </Investigator>
    <Institution>
      <Name>Marquette University</Name>
      <CityName>Milwaukee</CityName>
      <ZipCode>532011881</ZipCode>
      <PhoneNumber>4142887200</PhoneNumber>
      <StreetAddress>P.O. Box 1881</StreetAddress>
      <CountryName>United States</CountryName>
      <StateName>Wisconsin</StateName>
      <StateCode>WI</StateCode>
    </Institution>
    <FoaInformation>
      <Code>13</Code>
      <Name>Physics</Name>
    </FoaInformation>
  </Award>
</rootTag>
