<?xml version="1.0" encoding="UTF-8"?>

<rootTag>
  <Award>
    <AwardTitle>Collaborative Proposal: Lake Titicaca: Toward a Detailed Record of Late Quaternary Climate in Subtropical South America</AwardTitle>
    <AwardEffectiveDate>02/15/1996</AwardEffectiveDate>
    <AwardExpirationDate>01/31/1998</AwardExpirationDate>
    <AwardAmount>47126</AwardAmount>
    <AwardInstrument>
      <Value>Standard Grant</Value>
    </AwardInstrument>
    <Organization>
      <Code>06020108</Code>
      <Directorate>
        <LongName>Directorate For Geosciences</LongName>
      </Directorate>
      <Division>
        <LongName>Div Atmospheric &amp; Geospace Sciences</LongName>
      </Division>
    </Organization>
    <ProgramOfficer>
      <SignBlockName>Herman Zimmerman</SignBlockName>
    </ProgramOfficer>
    <AbstractNarration>Abstract ATM-9600051 Seltzer, Geoffrey Syracuse University Title: Lake Titicaca: Toward a Detailed Record of the Quaternary Climate in Subtropical South America This award supports a pilot study that has two operational objectives: (1.) to undertake a high-resolution survey of Lake Titicaca, Peru/Bolivia and (2.) to recover several short (3 meters) piston cores from the large, deep basin of the lake. These cores are expected to span the entire Holocene and latest Pleistocene. Analysis of the cores will be limited to a preliminary survey, including determination of accumulation rates using radiocarbon dating, sedimentology, bulk chemistry, stable isotopic geochemistry, and composition of diatoms and pollen. This study will determine the best sites for location of the long cores and begin to address the many important questions about the climatic record of subtropical South America during the Holocene and latest Pleistocene. Lake Titicaca is one of the most important climatic archives in South America. The recovery and preliminary analysis of the proposed cores will provide unique, well-calibrated paleoclimatic records of wide-spread significance.</AbstractNarration>
    <MinAmdLetterDate>02/15/1996</MinAmdLetterDate>
    <MaxAmdLetterDate>02/15/1996</MaxAmdLetterDate>
    <ARRAAmount/>
    <AwardID>9600051</AwardID>
    <Investigator>
      <FirstName>Geoffrey</FirstName>
      <LastName>Seltzer</LastName>
      <EmailAddress>goseltze@mailbox.syr.edu</EmailAddress>
      <StartDate>02/15/1996</StartDate>
      <EndDate/>
      <RoleCode>Principal Investigator</RoleCode>
    </Investigator>
    <Institution>
      <Name>Syracuse University</Name>
      <CityName>SYRACUSE</CityName>
      <ZipCode>132441200</ZipCode>
      <PhoneNumber>3154432807</PhoneNumber>
      <StreetAddress>OFFICE OF SPONSORED PROGRAMS</StreetAddress>
      <CountryName>United States</CountryName>
      <StateName>New York</StateName>
      <StateCode>NY</StateCode>
    </Institution>
    <FoaInformation>
      <Code>0319000</Code>
      <Name>Climate Related Activities</Name>
    </FoaInformation>
    <FoaInformation>
      <Code>41</Code>
      <Name>Atmospheric Sciences</Name>
    </FoaInformation>
    <ProgramElement>
      <Code>1530</Code>
      <Text>PALEOCLIMATE PROGRAM</Text>
    </ProgramElement>
    <ProgramReference>
      <Code>0000</Code>
      <Text>UNASSIGNED</Text>
    </ProgramReference>
    <ProgramReference>
      <Code>OTHR</Code>
      <Text>OTHER RESEARCH OR EDUCATION</Text>
    </ProgramReference>
  </Award>
</rootTag>
