<?xml version="1.0" encoding="UTF-8"?>

<rootTag>
  <Award>
    <AwardTitle>RUI: Characterization of Virescent Mutants in Arabidopsis thaliana</AwardTitle>
    <AwardEffectiveDate>09/01/1996</AwardEffectiveDate>
    <AwardExpirationDate>08/31/2000</AwardExpirationDate>
    <AwardAmount>218048</AwardAmount>
    <AwardInstrument>
      <Value>Continuing grant</Value>
    </AwardInstrument>
    <Organization>
      <Code>08090300</Code>
      <Directorate>
        <LongName>Direct For Biological Sciences</LongName>
      </Directorate>
      <Division>
        <LongName>Division Of Integrative Organismal Systems</LongName>
      </Division>
    </Organization>
    <ProgramOfficer>
      <SignBlockName>Judith A. Verbeke</SignBlockName>
    </ProgramOfficer>
    <AbstractNarration>9600532 Brusslan Undifferentiated cells of the plant meristem contain proplastids. When leaf development is initiated, proplastids develop into chloroplasts, the site of photosynthesis and carbon fixation. Although numerous mutations that alter the chloroplast have been isolated from a large number of plant species, none so far have led to a clear understanding of the molecular events involved in chloroplast development. Arabidopsis thaliana offers an opportunity to understand this process because genes identified by mutation can be cloned. Virescent mutants that display a delay in greening and hence a delay in chloroplast development, have been isolated in the model plant Arabidopsis thaliana. The goal of this research is to characterize these mutants biochemically and genetically in order to determine which mutants are likely to be defective in the signal transduction pathways that regulate chlorplast development. A second goal is to analyze the pigments and proteins of the light harvesting complexes (LHCs) of all mutants, regulatory or non-regulatory. The assembly of the LHCs has not been regorously investigated on a genetic level in higher plants. Chloroplasts are essential for life on earth because photosynthesis produces oxygen and consumes carbon dioxide. A clear understanding of the development of the organelle that performs this important function is important for agriculatural and global warming research.</AbstractNarration>
    <MinAmdLetterDate>07/24/1996</MinAmdLetterDate>
    <MaxAmdLetterDate>03/31/1998</MaxAmdLetterDate>
    <ARRAAmount/>
    <AwardID>9600532</AwardID>
    <Investigator>
      <FirstName>Judith</FirstName>
      <LastName>Brusslan</LastName>
      <EmailAddress>Judy.Brusslan@csulb.edu</EmailAddress>
      <StartDate>07/24/1996</StartDate>
      <EndDate/>
      <RoleCode>Principal Investigator</RoleCode>
    </Investigator>
    <Institution>
      <Name>California State University-Long Beach Foundation</Name>
      <CityName>Long Beach</CityName>
      <ZipCode>908154670</ZipCode>
      <PhoneNumber>5629858051</PhoneNumber>
      <StreetAddress>6300 State Univ. Dr.</StreetAddress>
      <CountryName>United States</CountryName>
      <StateName>California</StateName>
      <StateCode>CA</StateCode>
    </Institution>
    <FoaInformation>
      <Code>61</Code>
      <Name>Life Science Biological</Name>
    </FoaInformation>
    <FoaInformation>
      <Code>65</Code>
      <Name>Agricultural</Name>
    </FoaInformation>
    <ProgramElement>
      <Code>1145</Code>
      <Text>INTEGRATIVE PLANT BIOLOGY</Text>
    </ProgramElement>
    <ProgramReference>
      <Code>9109</Code>
      <Text>AGRICULTURAL BIOTECHNOLOGY</Text>
    </ProgramReference>
    <ProgramReference>
      <Code>9229</Code>
      <Text>RES IN UNDERGRAD INST-RESEARCH</Text>
    </ProgramReference>
    <ProgramReference>
      <Code>BIOT</Code>
      <Text>BIOTECHNOLOGY</Text>
    </ProgramReference>
  </Award>
</rootTag>
