<?xml version="1.0" encoding="UTF-8"?>

<rootTag>
  <Award>
    <AwardTitle>Dark Matter and Mass: From the Early Universe to the Laboratory</AwardTitle>
    <AwardEffectiveDate>07/01/1996</AwardEffectiveDate>
    <AwardExpirationDate>06/30/2001</AwardExpirationDate>
    <AwardAmount>210000</AwardAmount>
    <AwardInstrument>
      <Value>Continuing grant</Value>
    </AwardInstrument>
    <Organization>
      <Code>03010500</Code>
      <Directorate>
        <LongName>Direct For Mathematical &amp; Physical Scien</LongName>
      </Directorate>
      <Division>
        <LongName>Division Of Physics</LongName>
      </Division>
    </Organization>
    <ProgramOfficer>
      <SignBlockName>Boris J. Kayser</SignBlockName>
    </ProgramOfficer>
    <AbstractNarration>A program of both research and teaching in physics will be carried out. The research, theoretical in nature, will pursue in a variety of ways the possibility that the dark matter in the universe-matter which is known to exist because of its gravitational effects but which does not emit any light that would make it visible - is composed of elementary particles different from those already discovered in the laboratory. Extensions of existing theory that may point to such new particles will be pursued. Methods for detecting the new particles will be explored. Models of the universe which contain the new particles and/or other novel features will be studied. The teaching will entail a number of innovations. These include allowing students in an introductory physics course to hone their problem-solving skills by applying concepts they learn in class to mechanical systems which they analyze, design, and build. Also included is the creation of videotaped lectures for distribution to universities in third-world countries. The question of the nature of the dark matter is one of the central issues in astrophysics, so the research addressing this question will be very important. Creative innovations in the teaching of science to university students, both here and abroad are of great importance to the healthy future of science and society.</AbstractNarration>
    <MinAmdLetterDate>06/27/1996</MinAmdLetterDate>
    <MaxAmdLetterDate>07/10/2000</MaxAmdLetterDate>
    <ARRAAmount/>
    <AwardID>9600193</AwardID>
    <Investigator>
      <FirstName>Glenn</FirstName>
      <LastName>Starkman</LastName>
      <EmailAddress>gds6@po.cwru.edu</EmailAddress>
      <StartDate>06/27/1996</StartDate>
      <EndDate/>
      <RoleCode>Principal Investigator</RoleCode>
    </Investigator>
    <Institution>
      <Name>Case Western Reserve University</Name>
      <CityName>CLEVELAND</CityName>
      <ZipCode>441064901</ZipCode>
      <PhoneNumber>2163684510</PhoneNumber>
      <StreetAddress>Nord Hall, Suite 615</StreetAddress>
      <CountryName>United States</CountryName>
      <StateName>Ohio</StateName>
      <StateCode>OH</StateCode>
    </Institution>
    <FoaInformation>
      <Code>13</Code>
      <Name>Physics</Name>
    </FoaInformation>
  </Award>
</rootTag>
