<?xml version="1.0" encoding="UTF-8"?>

<rootTag>
  <Award>
    <AwardTitle>U.S.-Brazil Cooperative Project in Differential Geometry</AwardTitle>
    <AwardEffectiveDate>08/01/1996</AwardEffectiveDate>
    <AwardExpirationDate>07/31/1998</AwardExpirationDate>
    <AwardAmount>18400</AwardAmount>
    <AwardInstrument>
      <Value>Standard Grant</Value>
    </AwardInstrument>
    <Organization>
      <Code>01090000</Code>
      <Directorate>
        <LongName>Office Of The Director</LongName>
      </Directorate>
      <Division>
        <LongName>Office Of Internatl Science &amp;Engineering</LongName>
      </Division>
    </Organization>
    <ProgramOfficer>
      <SignBlockName>Susan Parris</SignBlockName>
    </ProgramOfficer>
    <AbstractNarration>9600220 Lawson This U.S.-Brazil workshop will bring together an array of leading American and Brazilian geometers. The workshop, to be held at IMPA in Rio de Janeiro from July 8 to 19 will provide an intensive working period with presentations of current results, problem sessions, and periods for informal discussions. Led by Blaine Lawson of SUNY Stony Brook and Manfred do Carmo of the Institute of Pure and Applied Mathematics (IMPA) in Rio de Janeiro, the workshop will include topics in minimal submanifolds and hypersurfaces of constant mean curvature, global theory of minimal surfaces in Euclidean space, Gauge field theory, and isometric immersions. IMPA has a world reputation as a center of mathematical research, and the invited Brazilian participants have all made significant contributions to the areas or research to be represented in the workshop. From the contacts in the workshop should issue new collaborations in the area of geometry which can significantly impact the field. ****</AbstractNarration>
    <MinAmdLetterDate>07/18/1996</MinAmdLetterDate>
    <MaxAmdLetterDate>07/18/1996</MaxAmdLetterDate>
    <ARRAAmount/>
    <AwardID>9600220</AwardID>
    <Investigator>
      <FirstName>H. Blaine</FirstName>
      <LastName>Lawson</LastName>
      <EmailAddress>blaine@math.sunysb.edu</EmailAddress>
      <StartDate>07/18/1996</StartDate>
      <EndDate/>
      <RoleCode>Principal Investigator</RoleCode>
    </Investigator>
    <Institution>
      <Name>SUNY at Stony Brook</Name>
      <CityName>Stony Brook</CityName>
      <ZipCode>117940001</ZipCode>
      <PhoneNumber>6316329949</PhoneNumber>
      <StreetAddress>WEST 5510 FRK MEL LIB</StreetAddress>
      <CountryName>United States</CountryName>
      <StateName>New York</StateName>
      <StateCode>NY</StateCode>
    </Institution>
    <FoaInformation>
      <Code>0000099</Code>
      <Name>Other Applications NEC</Name>
    </FoaInformation>
    <FoaInformation>
      <Code>20</Code>
      <Name>Mathematics</Name>
    </FoaInformation>
    <ProgramElement>
      <Code>5977</Code>
      <Text>AMERICAS PROGRAM</Text>
    </ProgramElement>
    <ProgramReference>
      <Code>0000</Code>
      <Text>UNASSIGNED</Text>
    </ProgramReference>
    <ProgramReference>
      <Code>5913</Code>
      <Text>BRAZIL</Text>
    </ProgramReference>
    <ProgramReference>
      <Code>OTHR</Code>
      <Text>OTHER RESEARCH OR EDUCATION</Text>
    </ProgramReference>
  </Award>
</rootTag>
