<?xml version="1.0" encoding="UTF-8"?>

<rootTag>
  <Award>
    <AwardTitle>Doctoral Dissertation Research: Global Finance and Offshore Financial Centers: A Case Study of the Isle of Man</AwardTitle>
    <AwardEffectiveDate>05/15/1996</AwardEffectiveDate>
    <AwardExpirationDate>12/31/1997</AwardExpirationDate>
    <AwardAmount>7330</AwardAmount>
    <AwardInstrument>
      <Value>Standard Grant</Value>
    </AwardInstrument>
    <Organization>
      <Code>04040400</Code>
      <Directorate>
        <LongName>Direct For Social, Behav &amp; Economic Scie</LongName>
      </Directorate>
      <Division>
        <LongName>Division Of Behavioral and Cognitive Sci</LongName>
      </Division>
    </Organization>
    <ProgramOfficer>
      <SignBlockName>Thomas R. Leinbach</SignBlockName>
    </ProgramOfficer>
    <AbstractNarration>Cobb, Sharon U. of Florida This proposal examines the matter of financial services within the context of one offshore financial center-the Isle of Man. Offshore markets are those for currencies, loans, bonds and other instruments which exist beyond the reach of regulation by the original national economies. The Manx economy is now dominated by the financial sector which comprises 35 percent of the island's GNP and 15 percent of its workforce. The research will attempt to explain the very rapid growth of the Isle of Man's financial sector over the last twenty years, identify what type of niche market may exist, and the role of the island's financial sector in the global financial network. Factors such as legislation, technology, networks, labor characteristics, location and political stability are thought to be important ingredients of success. The research methodology is based upon personal interviews/questionnaires with representatives of approximately 80 financial services firms on the island. The study will provide empirical evidence on the reasons for the growth and will also offer comparative insights with studies of other offshore financial centers. The results will strengthen the theory of financial services within the global context.</AbstractNarration>
    <MinAmdLetterDate>05/31/1996</MinAmdLetterDate>
    <MaxAmdLetterDate>05/31/1996</MaxAmdLetterDate>
    <ARRAAmount/>
    <AwardID>9600490</AwardID>
    <Investigator>
      <FirstName>Edward</FirstName>
      <LastName>Malecki</LastName>
      <EmailAddress>malecki.4@osu.edu</EmailAddress>
      <StartDate>05/31/1996</StartDate>
      <EndDate/>
      <RoleCode>Principal Investigator</RoleCode>
    </Investigator>
    <Institution>
      <Name>University of Florida</Name>
      <CityName>GAINESVILLE</CityName>
      <ZipCode>326112002</ZipCode>
      <PhoneNumber>3523923516</PhoneNumber>
      <StreetAddress>1 UNIVERSITY OF FLORIDA</StreetAddress>
      <CountryName>United States</CountryName>
      <StateName>Florida</StateName>
      <StateCode>FL</StateCode>
    </Institution>
    <FoaInformation>
      <Code>0116000</Code>
      <Name>Human Subjects</Name>
    </FoaInformation>
  </Award>
</rootTag>
