<?xml version="1.0" encoding="UTF-8"?>

<rootTag>
  <Award>
    <AwardTitle>Internet Access to the Evolution of Terrestial Ecosystems Database</AwardTitle>
    <AwardEffectiveDate>09/01/1996</AwardEffectiveDate>
    <AwardExpirationDate>08/31/1998</AwardExpirationDate>
    <AwardAmount>90000</AwardAmount>
    <AwardInstrument>
      <Value>Standard Grant</Value>
    </AwardInstrument>
    <Organization>
      <Code>08080205</Code>
      <Directorate>
        <LongName>Direct For Biological Sciences</LongName>
      </Directorate>
      <Division>
        <LongName>Div Of Biological Infrastructure</LongName>
      </Division>
    </Organization>
    <ProgramOfficer>
      <SignBlockName>Paul Gilna</SignBlockName>
    </ProgramOfficer>
    <AbstractNarration>This project will develop a World Wide Web interface for the Evolution of Terrestrial Ecosystems (ETE) Database. ETE is an international project, designed to allow broad-scale comparisons of the paleobiology and paleoecology of terrestrial ecosystems and their plant and animal communities. Currently the Database contains information on over 8,000 fossil localities and more than 5,000 plant and animal species. It is accessed through an X-Window graphical interface, which allows one to plot fossil localities on maps displayed on screen, to query the screen display, and to construct output data sets for other analysis programs. Currently, the user interface application (called "Explorer") runs only on the host that also runs the project's database management software (Ingres). This makes the Explorer an effective tool in the context of a local network, but a user at a remote site must operate the interface (maps, menus, etc.) from across the Internet and must transfer via FTP any analysis output files to use locally. Users outside of North America find international network access too slow to use the Explorer during certain peak hours. This project will port Explorer to the Java computer language (JavaSoft, Mountain View, CA). A Java object file can be executed on any computer that has a Java interpreter without recompiling. Java interpreters are available for all major PC and workstation platforms, and are built in to WWW browsers such as Netscape 2.0 and HotJava. From within a Web browser, a special form of a Java application (called an "applet") is downloaded to the user's computer (via a standard WWW link to a URL), where it is executed. The result is a level of interactivity and complex behavior previously unavailable on the WWW. The new version of the Explorer will thus take the form of a Java applet embedded within a standard WWW HTML document. The result will be a robust, Internet-based, interactive, interface providing the Explorer's GI S-style approach to data exploration. That architecture will greatly increase the accessibility of the database to paleobiologists world-wide and catalyze additional research community feedback and professional interaction on the project. A WWW client for ETE will also likely make the database a significant resource for formal and informal education in paleobiology.</AbstractNarration>
    <MinAmdLetterDate>08/29/1996</MinAmdLetterDate>
    <MaxAmdLetterDate>08/29/1996</MaxAmdLetterDate>
    <ARRAAmount/>
    <AwardID>9600253</AwardID>
    <Investigator>
      <FirstName>John</FirstName>
      <LastName>Damuth</LastName>
      <EmailAddress>damuth@lifesci.ucsb.edu</EmailAddress>
      <StartDate>08/29/1996</StartDate>
      <EndDate/>
      <RoleCode>Principal Investigator</RoleCode>
    </Investigator>
    <Institution>
      <Name>University of California-Santa Barbara</Name>
      <CityName>Santa Barbara</CityName>
      <ZipCode>931062050</ZipCode>
      <PhoneNumber>8058934188</PhoneNumber>
      <StreetAddress>Office of Research</StreetAddress>
      <CountryName>United States</CountryName>
      <StateName>California</StateName>
      <StateCode>CA</StateCode>
    </Institution>
    <FoaInformation>
      <Code>0102000</Code>
      <Name>Data Banks</Name>
    </FoaInformation>
    <FoaInformation>
      <Code>0108000</Code>
      <Name>Software Development</Name>
    </FoaInformation>
    <FoaInformation>
      <Code>61</Code>
      <Name>Life Science Biological</Name>
    </FoaInformation>
    <ProgramElement>
      <Code>1165</Code>
      <Text>ADVANCES IN BIO INFORMATICS</Text>
    </ProgramElement>
    <ProgramReference>
      <Code>9139</Code>
      <Text>INFORMATION INFRASTRUCTURE &amp; TECH APPL</Text>
    </ProgramReference>
    <ProgramReference>
      <Code>9184</Code>
      <Text>BIOTECHNOLOGY - INFRASTRUCTURE</Text>
    </ProgramReference>
    <ProgramReference>
      <Code>9198</Code>
      <Text>OTHER ENVIRONMENT</Text>
    </ProgramReference>
    <ProgramReference>
      <Code>HPCC</Code>
      <Text>HIGH PERFORMANCE COMPUTING &amp; COMM</Text>
    </ProgramReference>
  </Award>
</rootTag>
