<?xml version="1.0" encoding="UTF-8"?>

<rootTag>
  <Award>
    <AwardTitle>Japan JSPS Program: Use of Pyrolysis Gas Chromatography Mass Spectrometry for Assessing the State of Preservation of Proteinaceous Materials</AwardTitle>
    <AwardEffectiveDate>09/01/1996</AwardEffectiveDate>
    <AwardExpirationDate>08/31/1997</AwardExpirationDate>
    <AwardAmount>3000</AwardAmount>
    <AwardInstrument>
      <Value>Fellowship</Value>
    </AwardInstrument>
    <Organization>
      <Code>01090000</Code>
      <Directorate>
        <LongName>Office Of The Director</LongName>
      </Directorate>
      <Division>
        <LongName>Office Of Internatl Science &amp;Engineering</LongName>
      </Division>
    </Organization>
    <ProgramOfficer>
      <SignBlockName>Larry H. Weber</SignBlockName>
    </ProgramOfficer>
    <AbstractNarration>9600262 Becker This award supports a 12 month Japan Society for the Promotion of Science (JSPS) Postdoctoral Fellowship for Dr. Mary Becker at the Tokyo National Research Institute of Cultural Properties, Tokyo, Japan. Dr. Becker will work with Dr. Chie Sano, senior researcher in the Conservation Science Department ast the Institute, on a research project entitled, "The Use of Pyrolysis Gas Chromatography Mass Spectrometry for Assessing the State of the Preservation of Proteinaceous Materials". The proposed research will develop analytical techniques sensitive to chemical alterations prior to their manifestation as physical changes in museum objects. A gas chromatograph (GC) interfaced with a mass spectrometry (MS) and combined with an initial pyrolysis (Py) step will be used to reveal the concentrations and number of pyrolysis products of Nylon 6,6 change as a function of heat treatment. Since soluble fragments with a distribution of molecular weights are formed as silk deteriorates, it is anticipated that this technique (Py-GC-MS) will be useful in monitoring the chemical alterations as a function of aging. Ascertaining the complex nature of natural degradation and that which occurs during pyrolysis, the research will examine if changes in the fragmentation patterns of naturally degraded proteins in silk can indicate the state of preservation. A systematic study of aged silks could not only supply information on the state of preservation of silk but will also determine the usefulness of this technique as a strategy for routine analysis of proteinaceous materials found in cultural property objects. ***</AbstractNarration>
    <MinAmdLetterDate>06/04/1996</MinAmdLetterDate>
    <MaxAmdLetterDate>01/17/1997</MaxAmdLetterDate>
    <ARRAAmount/>
    <AwardID>9600262</AwardID>
    <Investigator>
      <FirstName>Mary</FirstName>
      <LastName>Becker</LastName>
      <EmailAddress>beckerm@eby polym.uakron.edu</EmailAddress>
      <StartDate>06/04/1996</StartDate>
      <EndDate/>
      <RoleCode>Principal Investigator</RoleCode>
    </Investigator>
    <Institution>
      <Name>Fellowships</Name>
      <CityName>Arlington</CityName>
      <ZipCode>22230</ZipCode>
      <PhoneNumber/>
      <StreetAddress/>
      <CountryName>United States</CountryName>
      <StateName>Virginia</StateName>
      <StateCode>VA</StateCode>
    </Institution>
    <FoaInformation>
      <Code>12</Code>
      <Name>Chemistry</Name>
    </FoaInformation>
  </Award>
</rootTag>
