<?xml version="1.0" encoding="UTF-8"?>

<rootTag>
  <Award>
    <AwardTitle>Mathematical Sciences: Fourier Analysis and Partial Difference Equations</AwardTitle>
    <AwardEffectiveDate>07/01/1996</AwardEffectiveDate>
    <AwardExpirationDate>06/30/1999</AwardExpirationDate>
    <AwardAmount>162351</AwardAmount>
    <AwardInstrument>
      <Value>Continuing grant</Value>
    </AwardInstrument>
    <Organization>
      <Code>03040200</Code>
      <Directorate>
        <LongName>Direct For Mathematical &amp; Physical Scien</LongName>
      </Directorate>
      <Division>
        <LongName>Division Of Mathematical Sciences</LongName>
      </Division>
    </Organization>
    <ProgramOfficer>
      <SignBlockName>Joe W. Jenkins</SignBlockName>
    </ProgramOfficer>
    <AbstractNarration>PI: Fefferman DMS-9540525 The PI will investigate analytic problems which arise in differential geometry. One project is concerned with semilinear elliptic equations on simply connected domains in Euclidean 4-space. The domain is viewed as the universal cover of a complete conformally flat manifold. The second project will be the study of coupled elliptic-parabolic equations. By coupling an elliptic equation to Hamilton's Ricci flow, one can impose control on the scalar curvature, so that if the scalar curvature is a negative to begin with, then it remains so at least for short time. Partial differential equations form a basis for mathematical modeling of the physical world. The role of mathematical analysis is not so much to create the equations as it is to provide qualitative and quantitative information about the solutions. This may include answers to questions about uniqueness, smoothness and growth. In addition, analysis often develops methods for approximation of solutions and estimates on the accuracy of these approximations.</AbstractNarration>
    <MinAmdLetterDate>03/20/1996</MinAmdLetterDate>
    <MaxAmdLetterDate>12/04/1997</MaxAmdLetterDate>
    <ARRAAmount/>
    <AwardID>9600072</AwardID>
    <Investigator>
      <FirstName>Robert</FirstName>
      <LastName>Fefferman</LastName>
      <EmailAddress>rfefferm@uchicago.edu</EmailAddress>
      <StartDate>03/20/1996</StartDate>
      <EndDate/>
      <RoleCode>Principal Investigator</RoleCode>
    </Investigator>
    <Institution>
      <Name>University of Chicago</Name>
      <CityName>Chicago</CityName>
      <ZipCode>606375418</ZipCode>
      <PhoneNumber>7737028669</PhoneNumber>
      <StreetAddress>5801 South Ellis Avenue</StreetAddress>
      <CountryName>United States</CountryName>
      <StateName>Illinois</StateName>
      <StateCode>IL</StateCode>
    </Institution>
    <FoaInformation>
      <Code>0000099</Code>
      <Name>Other Applications NEC</Name>
    </FoaInformation>
  </Award>
</rootTag>
