<?xml version="1.0" encoding="UTF-8"?>

<rootTag>
  <Award>
    <AwardTitle>Mathematical Sciences: Computational Analysis of Multiple Scales Problems in Wave Propagation</AwardTitle>
    <AwardEffectiveDate>07/01/1996</AwardEffectiveDate>
    <AwardExpirationDate>07/31/1999</AwardExpirationDate>
    <AwardAmount>60000</AwardAmount>
    <AwardInstrument>
      <Value>Standard Grant</Value>
    </AwardInstrument>
    <Organization>
      <Code>03040100</Code>
      <Directorate>
        <LongName>Direct For Mathematical &amp; Physical Scien</LongName>
      </Directorate>
      <Division>
        <LongName>Division Of Mathematical Sciences</LongName>
      </Division>
    </Organization>
    <ProgramOfficer>
      <SignBlockName>Deborah Lockhart</SignBlockName>
    </ProgramOfficer>
    <AbstractNarration>9600146 Hagstrom This project's primary focus is on the development, analysis and implementation of new and more efficient numerical methods for simulating wave propagation in the presence of multiple temporal and spatial scales. This includes the construction of efficient discretization methods and accurate radiation conditions for solving linear hyperbolic systems, the development of adaptive spectral methods for problems requiring highly accurate solutions, and the analysis of splitting schemes for the efficient integration of multiple time scales problems for partial differential equations. Specific physical applications to be considered include acoustic and electromagnetic wave propagation and the challenging problem of simulating dynamic combustion phenomena making use of detailed models of the physics. Basic analyses of the governing systems of nonlinear partial differential equations will also be undertaken. Multiple scales problems are difficult because the uniform resolution of the smallest scales present would lead to a prohibitively large computational problem, even for the fastest machines likely to be available in the coming decades. They are also a common feature of scientifically and technologically important phenomena in a number of distinct physical settings. They arise sometimes from the need to solve problems on large spatial domains or over long time periods, and other times from the appearance of very localized solution features, such as sharp wavefronts. In the latter case they are generally associated with singular perturbations of the governing equations. Singular perturbations may be thought of as small changes in the equations which can lead to large qualitative and quantitative changes in the solutions. Such problems can also often be analyzed by non- numerical asymptotic techniques and in this work asymptotic analysis is used in a number of ways to guide and complement numerical computations. The translation of theoretical advances into useful tools, and the consideration of more complicated and comprehensive mathematical models is emphasized so as to maximize the impact of the research on other science and engineering disciplines.</AbstractNarration>
    <MinAmdLetterDate>06/21/1996</MinAmdLetterDate>
    <MaxAmdLetterDate>06/21/1996</MaxAmdLetterDate>
    <ARRAAmount/>
    <AwardID>9600146</AwardID>
    <Investigator>
      <FirstName>Thomas</FirstName>
      <LastName>Hagstrom</LastName>
      <EmailAddress>thagstrom@smu.edu</EmailAddress>
      <StartDate>06/21/1996</StartDate>
      <EndDate/>
      <RoleCode>Principal Investigator</RoleCode>
    </Investigator>
    <Institution>
      <Name>University of New Mexico</Name>
      <CityName>Albuquerque</CityName>
      <ZipCode>871310001</ZipCode>
      <PhoneNumber>5052774186</PhoneNumber>
      <StreetAddress>1700 Lomas Blvd. NE, Suite 2200</StreetAddress>
      <CountryName>United States</CountryName>
      <StateName>New Mexico</StateName>
      <StateCode>NM</StateCode>
    </Institution>
    <FoaInformation>
      <Code>0000099</Code>
      <Name>Other Applications NEC</Name>
    </FoaInformation>
    <FoaInformation>
      <Code>21</Code>
      <Name>Mathematics</Name>
    </FoaInformation>
    <ProgramElement>
      <Code>1266</Code>
      <Text>APPLIED MATHEMATICS</Text>
    </ProgramElement>
    <ProgramElement>
      <Code>1271</Code>
      <Text>COMPUTATIONAL MATHEMATICS</Text>
    </ProgramElement>
    <ProgramReference>
      <Code>9216</Code>
      <Text>ADVANCED SOFTWARE TECH &amp; ALGOR</Text>
    </ProgramReference>
    <ProgramReference>
      <Code>9263</Code>
      <Text>COMPUTATIONAL SCIENCE &amp; ENGING</Text>
    </ProgramReference>
    <ProgramReference>
      <Code>HPCC</Code>
      <Text>HIGH PERFORMANCE COMPUTING &amp; COMM</Text>
    </ProgramReference>
  </Award>
</rootTag>
