<?xml version="1.0" encoding="UTF-8"?>

<rootTag>
  <Award>
    <AwardTitle>Nonperturbative Expansion in Quantum Chromodynamics: A Cooperative Research Proposal</AwardTitle>
    <AwardEffectiveDate>06/15/1996</AwardEffectiveDate>
    <AwardExpirationDate>05/31/2000</AwardExpirationDate>
    <AwardAmount>19937</AwardAmount>
    <AwardInstrument>
      <Value>Standard Grant</Value>
    </AwardInstrument>
    <Organization>
      <Code>03010500</Code>
      <Directorate>
        <LongName>Direct For Mathematical &amp; Physical Scien</LongName>
      </Directorate>
      <Division>
        <LongName>Division Of Physics</LongName>
      </Division>
    </Organization>
    <ProgramOfficer>
      <SignBlockName>Boris J. Kayser</SignBlockName>
    </ProgramOfficer>
    <AbstractNarration>A cooperative research program on the development of novel theoretical techniques (`nonperturbative expansions`) primarily applied to quantum chromodynamics, the theory of strong nuclear interactions, will be carried out. There will be collaboration between a researcher at the University of Oklahoma and one at the Bogoliubov Laboratory at Dubna, Russia. The investigators have been working individually on closely related work. Their collaboration will facilitate a better understanding of the theory of strong interactions.</AbstractNarration>
    <MinAmdLetterDate>05/16/1996</MinAmdLetterDate>
    <MaxAmdLetterDate>05/16/1996</MaxAmdLetterDate>
    <ARRAAmount/>
    <AwardID>9600421</AwardID>
    <Investigator>
      <FirstName>Kimball</FirstName>
      <LastName>Milton</LastName>
      <EmailAddress>milton@nhn.ou.edu</EmailAddress>
      <StartDate>05/16/1996</StartDate>
      <EndDate/>
      <RoleCode>Principal Investigator</RoleCode>
    </Investigator>
    <Institution>
      <Name>University of Oklahoma Norman Campus</Name>
      <CityName>NORMAN</CityName>
      <ZipCode>730199705</ZipCode>
      <PhoneNumber>4053254757</PhoneNumber>
      <StreetAddress>201 Stephenson Parkway</StreetAddress>
      <CountryName>United States</CountryName>
      <StateName>Oklahoma</StateName>
      <StateCode>OK</StateCode>
    </Institution>
    <FoaInformation>
      <Code>0000099</Code>
      <Name>Other Applications NEC</Name>
    </FoaInformation>
  </Award>
</rootTag>
