<?xml version="1.0" encoding="UTF-8"?>

<rootTag>
  <Award>
    <AwardTitle>Electric Polarization of Metal and Carbon Microclusters</AwardTitle>
    <AwardEffectiveDate>07/15/1996</AwardEffectiveDate>
    <AwardExpirationDate>12/31/2001</AwardExpirationDate>
    <AwardAmount>500000</AwardAmount>
    <AwardInstrument>
      <Value>Continuing grant</Value>
    </AwardInstrument>
    <Organization>
      <Code>03010100</Code>
      <Directorate>
        <LongName>Direct For Mathematical &amp; Physical Scien</LongName>
      </Directorate>
      <Division>
        <LongName>Division Of Physics</LongName>
      </Division>
    </Organization>
    <ProgramOfficer>
      <SignBlockName>C. Denise Caldwell</SignBlockName>
    </ProgramOfficer>
    <AbstractNarration>The goal of this research project is to study the response properties of free metal microclusters and carbon fullerenes in order to map out the progression from molecular to nanostructure to bulk characteristics. Specific attention will be paid to the determination of the electric polarizabilities of the clusters and the electron attachment via capture in the cluster polarization field. Measurements of this type for the alkali metals and mercury are important in sorting out the results of theoretical treatments of the changeover from the practical understanding of the behavior of delocalized electrons in clusters and nanostructures.</AbstractNarration>
    <MinAmdLetterDate>07/05/1996</MinAmdLetterDate>
    <MaxAmdLetterDate>04/17/2000</MaxAmdLetterDate>
    <ARRAAmount/>
    <AwardID>9600039</AwardID>
    <Investigator>
      <FirstName>Vitaly</FirstName>
      <LastName>Kresin</LastName>
      <EmailAddress>kresin@usc.edu</EmailAddress>
      <StartDate>07/05/1996</StartDate>
      <EndDate/>
      <RoleCode>Principal Investigator</RoleCode>
    </Investigator>
    <Institution>
      <Name>University of Southern California</Name>
      <CityName>Los Angeles</CityName>
      <ZipCode>900890001</ZipCode>
      <PhoneNumber>2137407762</PhoneNumber>
      <StreetAddress>University Park</StreetAddress>
      <CountryName>United States</CountryName>
      <StateName>California</StateName>
      <StateCode>CA</StateCode>
    </Institution>
    <FoaInformation>
      <Code>0000099</Code>
      <Name>Other Applications NEC</Name>
    </FoaInformation>
    <FoaInformation>
      <Code>13</Code>
      <Name>Physics</Name>
    </FoaInformation>
    <ProgramElement>
      <Code>1292</Code>
      <Text>ATOMIC &amp; MOLECULAR STRUCTURE</Text>
    </ProgramElement>
    <ProgramElement>
      <Code>9134</Code>
      <Text>Integrative Activities in Phys</Text>
    </ProgramElement>
    <ProgramReference>
      <Code>0000</Code>
      <Text>UNASSIGNED</Text>
    </ProgramReference>
    <ProgramReference>
      <Code>1045</Code>
      <Text>CAREER: FACULTY EARLY CAR DEV</Text>
    </ProgramReference>
    <ProgramReference>
      <Code>1241</Code>
      <Text>ATOMIC &amp; MOLECULAR PHYSICS</Text>
    </ProgramReference>
    <ProgramReference>
      <Code>OTHR</Code>
      <Text>OTHER RESEARCH OR EDUCATION</Text>
    </ProgramReference>
  </Award>
</rootTag>
