<?xml version="1.0" encoding="UTF-8"?>

<rootTag>
  <Award>
    <AwardTitle>U.S.-European Symposium on Numerical Algebra; June, 1996; Pontresina, Switzerland</AwardTitle>
    <AwardEffectiveDate>06/01/1996</AwardEffectiveDate>
    <AwardExpirationDate>11/30/1996</AwardExpirationDate>
    <AwardAmount>16800</AwardAmount>
    <AwardInstrument>
      <Value>Standard Grant</Value>
    </AwardInstrument>
    <Organization>
      <Code>01090000</Code>
      <Directorate>
        <LongName>Office Of The Director</LongName>
      </Directorate>
      <Division>
        <LongName>Office Of Internatl Science &amp;Engineering</LongName>
      </Division>
    </Organization>
    <ProgramOfficer>
      <SignBlockName>Mark A. Suskin</SignBlockName>
    </ProgramOfficer>
    <AbstractNarration>This award supports the participation of ten U.S. graduate students and recent PhD's in an Trans-Atlantic mathematics workshop to be held in Pontresina, Switzerland, in June 1996. The workshop is co-organized by Professor Diane O'Leary of the University of Maryland and local host organizers Walter Gander and Martin Gutknecht of the Swiss Federal Institute of Technology in Zurich, with the assistance of a program committee comprised of several other European, US and Canadian experts. The topic of the meeting is recent advances in numerical algebra, with particular attention to applications in signal processing and control, parallel computation, image processing and various industrial problems. The purpose of the meeting is to bring together some of the world's most active researchers in the theoretical as well as applied aspects of numerical algebra, together with promising newcomers, in order to foster close personal interaction and exchange of ideas at the leading edge of the field. Graduate students will be included among those invited to talk about their work. Meeting organizers emphasize the creation of an informal atmosphere in an isolated location in order to facilitate small group and personal discussions among the participants. Ensuring the participation of promising junior US researchers in this dynamic field through this NSF award will enable them to establish personal contact with leading minds in the field outside of the US, and gain international contacts that should prove to be professionally valuable in their careers.</AbstractNarration>
    <MinAmdLetterDate>05/23/1996</MinAmdLetterDate>
    <MaxAmdLetterDate>05/23/1996</MaxAmdLetterDate>
    <ARRAAmount/>
    <AwardID>9600471</AwardID>
    <Investigator>
      <FirstName>Dianne</FirstName>
      <LastName>O'Leary</LastName>
      <EmailAddress>oleary@cs.umd.edu</EmailAddress>
      <StartDate>05/23/1996</StartDate>
      <EndDate/>
      <RoleCode>Principal Investigator</RoleCode>
    </Investigator>
    <Institution>
      <Name>University of Maryland College Park</Name>
      <CityName>COLLEGE PARK</CityName>
      <ZipCode>207425141</ZipCode>
      <PhoneNumber>3014056269</PhoneNumber>
      <StreetAddress>3112 LEE BLDG 7809 Regents Drive</StreetAddress>
      <CountryName>United States</CountryName>
      <StateName>Maryland</StateName>
      <StateCode>MD</StateCode>
    </Institution>
    <FoaInformation>
      <Code>21</Code>
      <Name>Mathematics</Name>
    </FoaInformation>
    <FoaInformation>
      <Code>0000912</Code>
      <Name>Computer Science</Name>
    </FoaInformation>
  </Award>
</rootTag>
