<?xml version="1.0" encoding="UTF-8"?>

<rootTag>
  <Award>
    <AwardTitle>A Broad Research Program in the Sciences of Complexity</AwardTitle>
    <AwardEffectiveDate>08/01/1996</AwardEffectiveDate>
    <AwardExpirationDate>01/31/2000</AwardExpirationDate>
    <AwardAmount>1605240</AwardAmount>
    <AwardInstrument>
      <Value>Continuing grant</Value>
    </AwardInstrument>
    <Organization>
      <Code>03010000</Code>
      <Directorate>
        <LongName>Direct For Mathematical &amp; Physical Scien</LongName>
      </Directorate>
      <Division>
        <LongName>Division Of Physics</LongName>
      </Division>
    </Organization>
    <ProgramOfficer>
      <SignBlockName>Terrence W. Rettig</SignBlockName>
    </ProgramOfficer>
    <AbstractNarration>*** 9600400 Goldberg Support will continue for a broad-ranging research program at the Santa Fe Institute. The focus of the research is the study of complex adaptive systems in different areas of science, ranging over the biological, social, physical, mathematical, and computational sciences. Researcher from a number of institutions and areas of study will conduct collaborative research both at the Santa Fe Institute and at their home institutions. In addition, partial support will be provided for the annual Complex Systems Summer School. ***</AbstractNarration>
    <MinAmdLetterDate>08/23/1996</MinAmdLetterDate>
    <MaxAmdLetterDate>07/30/1999</MaxAmdLetterDate>
    <ARRAAmount/>
    <AwardID>9600400</AwardID>
    <Investigator>
      <FirstName>Lawrence</FirstName>
      <LastName>Blume</LastName>
      <EmailAddress>LB19@cornell.edu</EmailAddress>
      <StartDate>07/30/1999</StartDate>
      <EndDate/>
      <RoleCode>Co-Principal Investigator</RoleCode>
    </Investigator>
    <Investigator>
      <FirstName>Ellen</FirstName>
      <LastName>Goldberg</LastName>
      <EmailAddress>ellen@santafe.edu</EmailAddress>
      <StartDate>08/23/1996</StartDate>
      <EndDate/>
      <RoleCode>Principal Investigator</RoleCode>
    </Investigator>
    <Investigator>
      <FirstName>Erica</FirstName>
      <LastName>Jen</LastName>
      <EmailAddress>erica@santafe.edu</EmailAddress>
      <StartDate>08/13/1998</StartDate>
      <EndDate/>
      <RoleCode>Co-Principal Investigator</RoleCode>
    </Investigator>
    <Investigator>
      <FirstName>Leonard</FirstName>
      <LastName>Simmons</LastName>
      <EmailAddress>mike@santafe.edu</EmailAddress>
      <StartDate>08/23/1996</StartDate>
      <EndDate>08/13/1998</EndDate>
      <RoleCode>Former Co-Principal Investigator</RoleCode>
    </Investigator>
    <Institution>
      <Name>Santa Fe Institute</Name>
      <CityName>SANTA FE</CityName>
      <ZipCode>875018943</ZipCode>
      <PhoneNumber>5059462756</PhoneNumber>
      <StreetAddress>1399 HYDE PARK ROAD</StreetAddress>
      <CountryName>United States</CountryName>
      <StateName>New Mexico</StateName>
      <StateCode>NM</StateCode>
    </Institution>
    <FoaInformation>
      <Code>0000099</Code>
      <Name>Other Applications NEC</Name>
    </FoaInformation>
    <FoaInformation>
      <Code>13</Code>
      <Name>Physics</Name>
    </FoaInformation>
    <ProgramElement>
      <Code>1107</Code>
      <Text>COMPUTATIONAL BIOLOGY ACTIVITI</Text>
    </ProgramElement>
    <ProgramElement>
      <Code>1320</Code>
      <Text>ECONOMICS</Text>
    </ProgramElement>
    <ProgramElement>
      <Code>1333</Code>
      <Text>METHOD, MEASURE &amp; STATS</Text>
    </ProgramElement>
    <ProgramElement>
      <Code>2885</Code>
      <Text>CISE RESEARCH INFRASTRUCTURE</Text>
    </ProgramElement>
    <ProgramElement>
      <Code>6856</Code>
      <Text>ARTIFICIAL INTELL &amp; COGNIT SCI</Text>
    </ProgramElement>
    <ProgramElement>
      <Code>9134</Code>
      <Text>Integrative Activities in Phys</Text>
    </ProgramElement>
    <ProgramElement>
      <Code>9199</Code>
      <Text>UNDISTRIBUTED PANEL/IPA FUNDS</Text>
    </ProgramElement>
    <ProgramReference>
      <Code>0000</Code>
      <Text>UNASSIGNED</Text>
    </ProgramReference>
    <ProgramReference>
      <Code>1051</Code>
      <Text>BIOLOGICAL PHYSICS</Text>
    </ProgramReference>
    <ProgramReference>
      <Code>9134</Code>
      <Text>PHYSICS EDUC &amp; INTERDISCIP RES</Text>
    </ProgramReference>
    <ProgramReference>
      <Code>9183</Code>
      <Text>GENERAL FOUNDATIONS OF BIOTECHNOLOGY</Text>
    </ProgramReference>
    <ProgramReference>
      <Code>9218</Code>
      <Text>BASIC RESEARCH &amp; HUMAN RESORCS</Text>
    </ProgramReference>
    <ProgramReference>
      <Code>HPCC</Code>
      <Text>HIGH PERFORMANCE COMPUTING &amp; COMM</Text>
    </ProgramReference>
    <ProgramReference>
      <Code>OTHR</Code>
      <Text>OTHER RESEARCH OR EDUCATION</Text>
    </ProgramReference>
  </Award>
</rootTag>
