<?xml version="1.0" encoding="UTF-8"?>

<rootTag>
  <Award>
    <AwardTitle>RPG: Structural Studies of Yeast Spindle Pole Bodies by Electron Microscopy and Image Analysis</AwardTitle>
    <AwardEffectiveDate>07/15/1996</AwardEffectiveDate>
    <AwardExpirationDate>06/30/1997</AwardExpirationDate>
    <AwardAmount>18000</AwardAmount>
    <AwardInstrument>
      <Value>Standard Grant</Value>
    </AwardInstrument>
    <Organization>
      <Code>08070600</Code>
      <Directorate>
        <LongName>Direct For Biological Sciences</LongName>
      </Directorate>
      <Division>
        <LongName>Div Of Molecular and Cellular Bioscience</LongName>
      </Division>
    </Organization>
    <ProgramOfficer>
      <SignBlockName>Eve Ida Barak</SignBlockName>
    </ProgramOfficer>
    <AbstractNarration>9600812 Bullitt This is Research Planning Grant for Women Scientists and Engineers. The spindle pole body (SPB) is the microtubule organizing center of yeast. Nuclear and cytoplasmic microtubules originate at the SPB, and thus this complex structure plays a significant role in regulation of cell cycle. The power genetic tools available for yeast, and the reduced number of microtubules in the mitotic spindle (&lt;50, versus thousands in mammalian centrosomes) make the yeast an excellent system for studying the central question of how cells utilize microtubule organizing centers for all aspects of cell division. Transmission electron microscopy and image processing will be used to determine the three-dimensional structure of the core portion, and to assess any underlying symmetries. The SPB core is obtained by brief treatment of isolated SPBs with heaprin, which disassembles the microtubules and removes the outer and inner plaques of the SPB, leaving intact the central plaque and attached filamentous structures. The presence of symmetry will be assessed, and, if applicable, used in three-dimensional tomographic reconstructions from tilt series data. The research to be conducted during the planning grant period will provide the basis for more detailed structural studies of the yeast spindle pole body. The objective is an understanding of the relationship between structure and function of microtubule organizing centers. ***</AbstractNarration>
    <MinAmdLetterDate>07/10/1996</MinAmdLetterDate>
    <MaxAmdLetterDate>07/10/1996</MaxAmdLetterDate>
    <ARRAAmount/>
    <AwardID>9600812</AwardID>
    <Investigator>
      <FirstName>Esther</FirstName>
      <LastName>Bullitt</LastName>
      <EmailAddress>bullitt@bu.edu</EmailAddress>
      <StartDate>07/10/1996</StartDate>
      <EndDate/>
      <RoleCode>Principal Investigator</RoleCode>
    </Investigator>
    <Institution>
      <Name>Trustees of Boston University</Name>
      <CityName>BOSTON</CityName>
      <ZipCode>022151300</ZipCode>
      <PhoneNumber>6173534365</PhoneNumber>
      <StreetAddress>881 COMMONWEALTH AVE</StreetAddress>
      <CountryName>United States</CountryName>
      <StateName>Massachusetts</StateName>
      <StateCode>MA</StateCode>
    </Institution>
  </Award>
</rootTag>
