<?xml version="1.0" encoding="UTF-8"?>

<rootTag>
  <Award>
    <AwardTitle>U.S.-Brazil Cooperative Research on Inferential Aspects of Some Wavelet Based Stochastic Models</AwardTitle>
    <AwardEffectiveDate>08/01/1996</AwardEffectiveDate>
    <AwardExpirationDate>07/31/2001</AwardExpirationDate>
    <AwardAmount>28000</AwardAmount>
    <AwardInstrument>
      <Value>Standard Grant</Value>
    </AwardInstrument>
    <Organization>
      <Code>01090000</Code>
      <Directorate>
        <LongName>Office Of The Director</LongName>
      </Directorate>
      <Division>
        <LongName>Office Of Internatl Science &amp;Engineering</LongName>
      </Division>
    </Organization>
    <ProgramOfficer>
      <SignBlockName>Francis J. Wodarczyk</SignBlockName>
    </ProgramOfficer>
    <AbstractNarration>9600215 Brillinger This U.S.-Brazil collaborative research project between David Brillinger of the University of California Berkeley and Pedro Morretin of the University of Sao Paulo in Brazil will develop statistical aspects of wavelet techniques for different stochastic models with application to some new and practical situations using economic, biological, and physical data. Autoregressive processes, state space models, linear systems, seasonal effect schemes, Markov chains, point processes and generalized linear models will be studied. The proposed research will create a new collaborative link between statisticians in Berkeley and Sao Paulo, including the active participation of graduate students on both sides. The Brazilian side will be funded by CNPq, the Brazilian federal science funding organization. ***</AbstractNarration>
    <MinAmdLetterDate>07/31/1996</MinAmdLetterDate>
    <MaxAmdLetterDate>09/18/2000</MaxAmdLetterDate>
    <ARRAAmount/>
    <AwardID>9600251</AwardID>
    <Investigator>
      <FirstName>David</FirstName>
      <LastName>Brillinger</LastName>
      <EmailAddress>brill@stat.berkeley.edu</EmailAddress>
      <StartDate>07/31/1996</StartDate>
      <EndDate/>
      <RoleCode>Principal Investigator</RoleCode>
    </Investigator>
    <Institution>
      <Name>University of California-Berkeley</Name>
      <CityName>BERKELEY</CityName>
      <ZipCode>947045940</ZipCode>
      <PhoneNumber>5106428109</PhoneNumber>
      <StreetAddress>Sponsored Projects Office</StreetAddress>
      <CountryName>United States</CountryName>
      <StateName>California</StateName>
      <StateCode>CA</StateCode>
    </Institution>
  </Award>
</rootTag>
