<?xml version="1.0" encoding="UTF-8"?>

<rootTag>
  <Award>
    <AwardTitle>Cooperative Research: Novel Polymeric Materials Based on Natural Resources in Vietnam</AwardTitle>
    <AwardEffectiveDate>05/15/1996</AwardEffectiveDate>
    <AwardExpirationDate>04/30/2001</AwardExpirationDate>
    <AwardAmount>75417</AwardAmount>
    <AwardInstrument>
      <Value>Standard Grant</Value>
    </AwardInstrument>
    <Organization>
      <Code>01090000</Code>
      <Directorate>
        <LongName>Office Of The Director</LongName>
      </Directorate>
      <Division>
        <LongName>Office Of Internatl Science &amp;Engineering</LongName>
      </Division>
    </Organization>
    <ProgramOfficer>
      <SignBlockName>Alice C. Hogan</SignBlockName>
    </ProgramOfficer>
    <AbstractNarration>9600165 Mark This three year award supports collaboration on novel polymeric materials between James Mark, University of Cincinnati, and Pham Huu Ly, Institute of Chemistry, National Center for Natural Science and Technology, Hanoi, Vietnam. The proposed research will investigate the reinforcement of natural rubber, a common substance in Vietnam and therefore of great interest to researchers there. The proposed research is of fundamental and practical interest to the US as well. The primary general goal is to apply some of the latest processing technologies to natural rubber, and to other natural resources, to produce modern, high-performance materials. The potential for producing more environmentally benign materials is an important implication of this research. This mutually beneficial choice of research topics seems well-suited for the early stages of cooperation with Vietnam. The National Center for Natural Science and Technology in Vietnam is the premiere research arm of the government.. Because natural rubber is so important to Vietnam, there has been a relatively well-funded research effort in polymer science at the Institute of Chemistry. This proposal draws on experience gained by the PI in earlier interaction with Dr. Ly, on common research interests, and on complementary expertise. Plans call for training of a Vietnamese researcher at the University of Cincinnati, and for exchanges of research visits.</AbstractNarration>
    <MinAmdLetterDate>05/03/1996</MinAmdLetterDate>
    <MaxAmdLetterDate>03/10/2000</MaxAmdLetterDate>
    <ARRAAmount/>
    <AwardID>9600165</AwardID>
    <Investigator>
      <FirstName>James</FirstName>
      <LastName>Mark</LastName>
      <EmailAddress>james.mark@uc.edu</EmailAddress>
      <StartDate>05/03/1996</StartDate>
      <EndDate/>
      <RoleCode>Principal Investigator</RoleCode>
    </Investigator>
    <Institution>
      <Name>University of Cincinnati Main Campus</Name>
      <CityName>Cincinnati</CityName>
      <ZipCode>452210222</ZipCode>
      <PhoneNumber>5135564358</PhoneNumber>
      <StreetAddress>University Hall, Suite 530</StreetAddress>
      <CountryName>United States</CountryName>
      <StateName>Ohio</StateName>
      <StateCode>OH</StateCode>
    </Institution>
    <FoaInformation>
      <Code>0106000</Code>
      <Name>Materials Research</Name>
    </FoaInformation>
    <FoaInformation>
      <Code>19</Code>
      <Name>Physical Sciences NEC</Name>
    </FoaInformation>
    <ProgramElement>
      <Code>5978</Code>
      <Text>EAST ASIA AND PACIFIC PROGRAM</Text>
    </ProgramElement>
    <ProgramReference>
      <Code>1061</Code>
      <Text>VIETNAM</Text>
    </ProgramReference>
    <ProgramReference>
      <Code>9161</Code>
      <Text>SINGLE DIVISION/UNIVERSITY</Text>
    </ProgramReference>
    <ProgramReference>
      <Code>AMPP</Code>
      <Text>ADVANCED MATERIALS &amp; PROCESSING PROGRAM</Text>
    </ProgramReference>
  </Award>
</rootTag>
