<?xml version="1.0" encoding="UTF-8"?>

<rootTag>
  <Award>
    <AwardTitle>1996 FASEB Summer Research Conference on the Mechanisms of Maturation, Function and Decay in the Prokaryotic RNA World to be held at Copper Mountain, CO June 30 - July 5, 1996</AwardTitle>
    <AwardEffectiveDate>06/15/1996</AwardEffectiveDate>
    <AwardExpirationDate>05/31/1997</AwardExpirationDate>
    <AwardAmount>2000</AwardAmount>
    <AwardInstrument>
      <Value>Standard Grant</Value>
    </AwardInstrument>
    <Organization>
      <Code>08070800</Code>
      <Directorate>
        <LongName>Direct For Biological Sciences</LongName>
      </Directorate>
      <Division>
        <LongName>Div Of Molecular and Cellular Bioscience</LongName>
      </Division>
    </Organization>
    <ProgramOfficer>
      <SignBlockName>Shiladitya DasSarma</SignBlockName>
    </ProgramOfficer>
    <AbstractNarration>9600464 Mackie The 1996 FASEB Summer Research Conference on the Mechanisms of Maturation, Function and Decay in the Prokaryotic RNA World will be held at Copper Mountain, Colorado, June 30 - July 5, 1996. The principal aim of this conference is to encourage the participants who are investigating biological roles of RNAs in diverse prokaryotic organisms to address the key mechanistic and structure- function questions which will dominate the field in the coming years. The focus on mechanistic and structure-function problems is essential if the specific biological processes mediated by RNA-RNA and RNA protein interactions are to be thoroughly understood. %%% The meeting focus is timely in view of the immense diversity and current relevance of prokaryotic organisms as paradigms for translation, RNA processing, modification and decay, and their regulation. Moreover, recent advances in elucidating the structures of RNA and RNA-protein complexes by biophysical techniques are paralleling the rapid pace of purifying the enzymes and substrates involved in RNA maturation, translation and decay. Accordingly, presentations and discussions at the conference will focus on RNA-RNA and RNA- protein interactions, formulation of mechanistic questions, and the development of new experimental approaches to understanding the structural basis for the biological functions of these interactions. In turn, this conference will serve to spur future mechanism-centered experimentation on these diverse systems. Attendance at the conference will be limited to 155 participants. The speakers will be invited from among the most productive and innovative individuals in the field. Time has also been allotted to permit several selected outstanding younger scientists including junior faculty, postdoctoral fellows and senior graduate students to give oral presentations. The format at this conference has been chosen to allow a good balance between the two 3 hour oral sessions eac h day and free afternoon time for discussions and posters. Moreover, each participant is expected to attend the entire conference. The organizers are encouraging speakers to avoid presentations of previously published work but to focus on ongoing research, problem areas, and emerging models. It is the expectation of the organizers that this theme will encourage provocative presentations, lively discussion and will accordingly focus each participant's future research. ***</AbstractNarration>
    <MinAmdLetterDate>06/13/1996</MinAmdLetterDate>
    <MaxAmdLetterDate>06/13/1996</MaxAmdLetterDate>
    <ARRAAmount/>
    <AwardID>9600464</AwardID>
    <Investigator>
      <FirstName>George</FirstName>
      <LastName>Mackie</LastName>
      <EmailAddress>gamackie@unixg.ubc.ca</EmailAddress>
      <StartDate>06/13/1996</StartDate>
      <EndDate/>
      <RoleCode>Principal Investigator</RoleCode>
    </Investigator>
    <Institution>
      <Name>Federation of Amer Societies For Exper Biology</Name>
      <CityName>Bethesda</CityName>
      <ZipCode>208143998</ZipCode>
      <PhoneNumber>3016347013</PhoneNumber>
      <StreetAddress>9650 ROCKVILLE PIKE</StreetAddress>
      <CountryName>United States</CountryName>
      <StateName>Maryland</StateName>
      <StateCode>MD</StateCode>
    </Institution>
  </Award>
</rootTag>
