<?xml version="1.0" encoding="UTF-8"?>

<rootTag>
  <Award>
    <AwardTitle>NSF-CGP Fellowship: The Role of Myogenic Regulatory Factors in Controlling Skeletal Muscle Development in Avian Species</AwardTitle>
    <AwardEffectiveDate>10/01/1996</AwardEffectiveDate>
    <AwardExpirationDate>12/31/1997</AwardExpirationDate>
    <AwardAmount>42700</AwardAmount>
    <AwardInstrument>
      <Value>Interagency Agreement</Value>
    </AwardInstrument>
    <Organization>
      <Code>01090000</Code>
      <Directorate>
        <LongName>Office Of The Director</LongName>
      </Directorate>
      <Division>
        <LongName>Office Of Internatl Science &amp;Engineering</LongName>
      </Division>
    </Organization>
    <ProgramOfficer>
      <SignBlockName>Gerald Edwards</SignBlockName>
    </ProgramOfficer>
    <AbstractNarration>9600331 Maruyama This award supports the collaboration of Dr. Kimiaki Maruyama of the Gene Evaluation and Mapping Laboratory at Beltsville Agricultural Research Center and Dr. Mitsuru Naito of the Department of Animal Breeding and Genetics, National Institute of Animal Industry (NIAI). Project funding will enable Dr. Maruyama to spend one year in Japan, resident at NIAI, to determine cellular functions of myogenic regulatory factors (MRFs) in chicken embryonic cells and whole embryos. Dr. Maruyama has previously studied muscle protein gene expression and the expression of genes encoding MRFs which are implicated in directing embryonic cells to muscle cell lineage and activating muscle protein genes. Dr. Naito has successfully cultured chicken embryos in vitro to open an avenue to study gene functions in developing embryos. Dr. Maruyama will combine his expertise with that of Dr. Naito to pursue the research objectives. This proposal brings together research scientists from two countries working in the area of avian embryo development. The U.S. scientist will have the opportunity to become familiar with research techniques, equipment, and facilities at NIAI while contributing to the overall research effort. Therefore, this proposal fulfills the objectives of the Program in its exchange and transfer of scientific knowledge through international collaboration.</AbstractNarration>
    <MinAmdLetterDate>06/04/1996</MinAmdLetterDate>
    <MaxAmdLetterDate>06/04/1996</MaxAmdLetterDate>
    <ARRAAmount/>
    <AwardID>9600331</AwardID>
    <Investigator>
      <FirstName>Kimiaki</FirstName>
      <LastName>Maruyama</LastName>
      <EmailAddress>KMARU@GGPL.ARSUSDA.GOV</EmailAddress>
      <StartDate>06/04/1996</StartDate>
      <EndDate/>
      <RoleCode>Principal Investigator</RoleCode>
    </Investigator>
    <Institution>
      <Name>USDA ARS INHL</Name>
      <CityName>Beltsville</CityName>
      <ZipCode>207052350</ZipCode>
      <PhoneNumber/>
      <StreetAddress>BLDG 467 Room 6 BARC-EAST</StreetAddress>
      <CountryName>United States</CountryName>
      <StateName>Maryland</StateName>
      <StateCode>MD</StateCode>
    </Institution>
    <FoaInformation>
      <Code>0000099</Code>
      <Name>Other Applications NEC</Name>
    </FoaInformation>
    <FoaInformation>
      <Code>61</Code>
      <Name>Life Science Biological</Name>
    </FoaInformation>
  </Award>
</rootTag>
