<?xml version="1.0" encoding="UTF-8"?>

<rootTag>
  <Award>
    <AwardTitle>U.S.-Chile Cooperative Research: Inclusive Charge-Exchange Reactions</AwardTitle>
    <AwardEffectiveDate>05/01/1996</AwardEffectiveDate>
    <AwardExpirationDate>04/30/1999</AwardExpirationDate>
    <AwardAmount>0</AwardAmount>
    <AwardInstrument>
      <Value>Standard Grant</Value>
    </AwardInstrument>
    <Organization>
      <Code>01090000</Code>
      <Directorate>
        <LongName>Office Of The Director</LongName>
      </Directorate>
      <Division>
        <LongName>Office Of Internatl Science &amp;Engineering</LongName>
      </Division>
    </Organization>
    <ProgramOfficer>
      <SignBlockName>Jessica H. Robin</SignBlockName>
    </ProgramOfficer>
    <AbstractNarration>9600417 Rapaport This Americas Program award will support a collaborative research project between Dr. Jacobo Rapaport, Ohio University, and Dr. Francisco Brieva, Universidad de Chile. The researchers intend to address basic issues related to the understanding of the reaction and excitation mechanisms in nucleon induced inclusive reactions. The purpose of the planned experiments is to provide high quality data on spin transfer for subsequent theoretical interpretation and analysis. The objectives are to develop a theoretical framework to interpret the data in terms of couplings between reaction and excitation mechanisms and to study the dependence on the nucleon-nucleon interaction. The experiment might eventually lead to a much more fundamental understanding of nuclear phenomena in terms of a microscopic theory. The microscopic understanding of simple nuclear phenomena relating to the structure and reaction degrees of freedom has been greatly enhanced in the last few years both from the experimental and theoretical approaches. However, there still exist important and troubling questions about how a nucleus responds to certain classes of external stimuli. The proposed experiments, to take place at the Indiana University Cyclotron Facility, should provide a complete set of data to test more deeply the different theoretical models. The group of the University of Chile will develop new theoretical calculations to explain the data by working on the development of a microscopic theory for reactions. They will then construct the codes for calculating the corresponding observables. The results of this collaborative effort could be a major contribution to the field of charge exchange in nuclear reactions. ***</AbstractNarration>
    <MinAmdLetterDate>05/03/1996</MinAmdLetterDate>
    <MaxAmdLetterDate>03/23/1998</MaxAmdLetterDate>
    <ARRAAmount/>
    <AwardID>9600417</AwardID>
    <Investigator>
      <FirstName>Jacobo</FirstName>
      <LastName>Rapaport</LastName>
      <EmailAddress/>
      <StartDate>05/03/1996</StartDate>
      <EndDate/>
      <RoleCode>Principal Investigator</RoleCode>
    </Investigator>
    <Institution>
      <Name>Ohio University</Name>
      <CityName>ATHENS</CityName>
      <ZipCode>457012979</ZipCode>
      <PhoneNumber>7405932857</PhoneNumber>
      <StreetAddress>108 CUTLER HL</StreetAddress>
      <CountryName>United States</CountryName>
      <StateName>Ohio</StateName>
      <StateCode>OH</StateCode>
    </Institution>
  </Award>
</rootTag>
