<?xml version="1.0" encoding="UTF-8"?>

<rootTag>
  <Award>
    <AwardTitle>U.S.-France (INRIA) Cooperative Research: Numerial Solution of High Speed Network Models</AwardTitle>
    <AwardEffectiveDate>09/01/1996</AwardEffectiveDate>
    <AwardExpirationDate>08/31/1999</AwardExpirationDate>
    <AwardAmount>36000</AwardAmount>
    <AwardInstrument>
      <Value>Standard Grant</Value>
    </AwardInstrument>
    <Organization>
      <Code>01090000</Code>
      <Directorate>
        <LongName>Office Of The Director</LongName>
      </Directorate>
      <Division>
        <LongName>Office Of Internatl Science &amp;Engineering</LongName>
      </Division>
    </Organization>
    <ProgramOfficer>
      <SignBlockName>Rose Gombay</SignBlockName>
    </ProgramOfficer>
    <AbstractNarration>This three-year award supports U.S.-France cooperative research in numeric computation with the French National Institute for Research in Computer Science and Applied Mathematics (INRIA). The U.S. investigators are Ahmed Sameh and Yousef Saad from the University of Minnesota, Harry Perros and William J. Stewart from North Carolina State University; and the French investigators are Brigitte Plateau, INRIA (Rhone/Alpes), Bernard Philippe, INRIA (Rennes), and Denis Trystram, University of Grenoble. The objective of their research is to evaluate the performance of crucial aspects of high-speed communication networks. They propose to evaluate the effectiveness of Stochastic Automata Networks (SANs) as a modeling technology for the analysis of telecommunications systems and development and deployment of high-speed networks. They will apply the approach to one aspect of modeling high-speed networks, namely performance analysis of packet delay and loss in a high-speed multiplexer. This multiplexer has been developed to provide flexibility in integrating multi-media traffic. The U.S. investigators bring to this collaboration expertise in numerical modeling, networking, and parallel processing. This is completed by the French investigators' expertise in Stochastic Automata Networks. Over the last decade, they developed the theory underlying SANs. The project will advance our understanding of SANs and their effectiveness in modeling performance of high-speed communication networks.</AbstractNarration>
    <MinAmdLetterDate>08/20/1996</MinAmdLetterDate>
    <MaxAmdLetterDate>10/22/1996</MaxAmdLetterDate>
    <ARRAAmount/>
    <AwardID>9600422</AwardID>
    <Investigator>
      <FirstName>William</FirstName>
      <LastName>Stewart</LastName>
      <EmailAddress>billy@csc.ncsu.edu</EmailAddress>
      <StartDate>08/20/1996</StartDate>
      <EndDate/>
      <RoleCode>Co-Principal Investigator</RoleCode>
    </Investigator>
    <Investigator>
      <FirstName>Ahmed</FirstName>
      <LastName>Sameh</LastName>
      <EmailAddress>sameh@cs.purdue.edu</EmailAddress>
      <StartDate>08/20/1996</StartDate>
      <EndDate>10/22/1996</EndDate>
      <RoleCode>Former Principal Investigator</RoleCode>
    </Investigator>
    <Investigator>
      <FirstName>Harilaos</FirstName>
      <LastName>Perros</LastName>
      <EmailAddress>hp@csc.ncsu.edu</EmailAddress>
      <StartDate>08/20/1996</StartDate>
      <EndDate/>
      <RoleCode>Co-Principal Investigator</RoleCode>
    </Investigator>
    <Investigator>
      <FirstName>Yousef</FirstName>
      <LastName>Saad</LastName>
      <EmailAddress>saad@umn.edu</EmailAddress>
      <StartDate>08/20/1996</StartDate>
      <EndDate/>
      <RoleCode>Principal Investigator</RoleCode>
    </Investigator>
    <Institution>
      <Name>University of Minnesota-Twin Cities</Name>
      <CityName>Minneapolis</CityName>
      <ZipCode>554552070</ZipCode>
      <PhoneNumber>6126245599</PhoneNumber>
      <StreetAddress>200 OAK ST SE</StreetAddress>
      <CountryName>United States</CountryName>
      <StateName>Minnesota</StateName>
      <StateCode>MN</StateCode>
    </Institution>
    <FoaInformation>
      <Code>0206000</Code>
      <Name>Telecommunications</Name>
    </FoaInformation>
    <FoaInformation>
      <Code>21</Code>
      <Name>Mathematics</Name>
    </FoaInformation>
    <FoaInformation>
      <Code>31</Code>
      <Name>Computer Science &amp; Engineering</Name>
    </FoaInformation>
    <ProgramElement>
      <Code>5980</Code>
      <Text>WESTERN EUROPE PROGRAM</Text>
    </ProgramElement>
    <ProgramElement>
      <Code>2865</Code>
      <Text>NUMERIC, SYMBOLIC &amp; GEO COMPUT</Text>
    </ProgramElement>
    <ProgramReference>
      <Code>5918</Code>
      <Text>FRANCE</Text>
    </ProgramReference>
    <ProgramReference>
      <Code>9218</Code>
      <Text>BASIC RESEARCH &amp; HUMAN RESORCS</Text>
    </ProgramReference>
    <ProgramReference>
      <Code>HPCC</Code>
      <Text>HIGH PERFORMANCE COMPUTING &amp; COMM</Text>
    </ProgramReference>
  </Award>
</rootTag>
