<?xml version="1.0" encoding="UTF-8"?>

<rootTag>
  <Award>
    <AwardTitle>U.S.-Mexico Planning Visit to Participate in Project SAMPLE Jalisco: Jalisco, Mexico</AwardTitle>
    <AwardEffectiveDate>02/01/1996</AwardEffectiveDate>
    <AwardExpirationDate>07/31/1996</AwardExpirationDate>
    <AwardAmount>8880</AwardAmount>
    <AwardInstrument>
      <Value>Standard Grant</Value>
    </AwardInstrument>
    <Organization>
      <Code>01090000</Code>
      <Directorate>
        <LongName>Office Of The Director</LongName>
      </Directorate>
      <Division>
        <LongName>Office Of Internatl Science &amp;Engineering</LongName>
      </Division>
    </Organization>
    <ProgramOfficer>
      <SignBlockName>Susan Parris</SignBlockName>
    </ProgramOfficer>
    <AbstractNarration>96------ VanDecar This U.S.-Mexico Planning Visit will provide travel support to Drs. John C. VanDecar and Sean C. Solomon of Carnegie Institution of Washington so that they may participate in project SAMPLE Jalisco (Seismic Analysis of Micro-Plate Evolution, Jalisco, Mexico). This project will provide understanding of fundamental scientific questions which concern the evolution of the Jalisco area, as well as other plate boundaries. The Jalisco area at this particular time will act as a natural laboratory to study the forces that have shaped the west coast of North America in its transition from subduction to transform motion. The collaborator on the Mexican side, Dr. Gerardo Suarez at Universidad Nacional Autonoma de Mexico, is being supported by NSF's counterpart agency, CONACYT. Both sides will place seismometers in the field, return periodically to service the network, and finally, analyze the data. ***</AbstractNarration>
    <MinAmdLetterDate>01/24/1996</MinAmdLetterDate>
    <MaxAmdLetterDate>01/24/1996</MaxAmdLetterDate>
    <ARRAAmount/>
    <AwardID>9600501</AwardID>
    <Investigator>
      <FirstName>John Calloway</FirstName>
      <LastName>VanDecar</LastName>
      <EmailAddress/>
      <StartDate>01/24/1996</StartDate>
      <EndDate/>
      <RoleCode>Principal Investigator</RoleCode>
    </Investigator>
    <Investigator>
      <FirstName>Sean</FirstName>
      <LastName>Solomon</LastName>
      <EmailAddress>scs@dtm.ciw.edu</EmailAddress>
      <StartDate>01/24/1996</StartDate>
      <EndDate/>
      <RoleCode>Co-Principal Investigator</RoleCode>
    </Investigator>
    <Institution>
      <Name>Carnegie Institution of Washington</Name>
      <CityName>WASHINGTON</CityName>
      <ZipCode>200051910</ZipCode>
      <PhoneNumber>2023876400</PhoneNumber>
      <StreetAddress>1530 P ST NW</StreetAddress>
      <CountryName>United States</CountryName>
      <StateName>District of Columbia</StateName>
      <StateCode>DC</StateCode>
    </Institution>
    <FoaInformation>
      <Code>0510704</Code>
      <Name>Geophysical Monitoring</Name>
    </FoaInformation>
  </Award>
</rootTag>
