<?xml version="1.0" encoding="UTF-8"?>

<rootTag>
  <Award>
    <AwardTitle>Mathematical Sciences: Branching Rules for Symmetric Groups and Hecke Algebras via Algebraic and Quantum Groups</AwardTitle>
    <AwardEffectiveDate>06/15/1996</AwardEffectiveDate>
    <AwardExpirationDate>05/31/1999</AwardExpirationDate>
    <AwardAmount>66875</AwardAmount>
    <AwardInstrument>
      <Value>Standard Grant</Value>
    </AwardInstrument>
    <Organization>
      <Code>03040300</Code>
      <Directorate>
        <LongName>Direct For Mathematical &amp; Physical Scien</LongName>
      </Directorate>
      <Division>
        <LongName>Division Of Mathematical Sciences</LongName>
      </Division>
    </Organization>
    <ProgramOfficer>
      <SignBlockName>Gary Cornell</SignBlockName>
    </ProgramOfficer>
    <AbstractNarration>9600124 Kleshchev This grant supports the research of Professor A. Kleschev to work on problems in the modular representation of the finite groups. In particular he wants to find the mutiplicities of some composition factors of an irreducible representation of the symmetric group of order n. He also want to study branching rules for Hecke algebras via the theory of quantum groups and the study of irreducible representations of the alternating group and irreducible Specht modules. This is research in the field of group theory. Group theory can be thought of as the study of symmetry in the abstract. As such, this area has direct applications to many areas of physics and chemistry. Moreover, within the last 30 years, many connections to problems in data transmission have been solved using techniques from group theory. There are also direct connections to the error correcting codes that are vital for modern computing such as working with CD-ROM's.</AbstractNarration>
    <MinAmdLetterDate>06/06/1996</MinAmdLetterDate>
    <MaxAmdLetterDate>06/06/1996</MaxAmdLetterDate>
    <ARRAAmount/>
    <AwardID>9600124</AwardID>
    <Investigator>
      <FirstName>Alexander</FirstName>
      <LastName>Kleshchev</LastName>
      <EmailAddress>klesh@math.uoregon.edu</EmailAddress>
      <StartDate>06/06/1996</StartDate>
      <EndDate/>
      <RoleCode>Principal Investigator</RoleCode>
    </Investigator>
    <Institution>
      <Name>University of Oregon Eugene</Name>
      <CityName>Eugene</CityName>
      <ZipCode>974035219</ZipCode>
      <PhoneNumber>5413465131</PhoneNumber>
      <StreetAddress>5219 UNIVERSITY OF OREGON</StreetAddress>
      <CountryName>United States</CountryName>
      <StateName>Oregon</StateName>
      <StateCode>OR</StateCode>
    </Institution>
    <FoaInformation>
      <Code>0000099</Code>
      <Name>Other Applications NEC</Name>
    </FoaInformation>
    <FoaInformation>
      <Code>21</Code>
      <Name>Mathematics</Name>
    </FoaInformation>
    <ProgramElement>
      <Code>1264</Code>
      <Text>ALGEBRA,NUMBER THEORY,AND COM</Text>
    </ProgramElement>
    <ProgramReference>
      <Code>0000</Code>
      <Text>UNASSIGNED</Text>
    </ProgramReference>
    <ProgramReference>
      <Code>OTHR</Code>
      <Text>OTHER RESEARCH OR EDUCATION</Text>
    </ProgramReference>
  </Award>
</rootTag>
