<?xml version="1.0" encoding="UTF-8"?>

<rootTag>
  <Award>
    <AwardTitle>Maintenance and Expansion of the International Culture Collection of Arbuscular and Vesicular-arbuscular Mycorrhizal Fungi (INVAM)</AwardTitle>
    <AwardEffectiveDate>02/15/1997</AwardEffectiveDate>
    <AwardExpirationDate>01/31/2002</AwardExpirationDate>
    <AwardAmount>428363</AwardAmount>
    <AwardInstrument>
      <Value>Continuing grant</Value>
    </AwardInstrument>
    <Organization>
      <Code>08080204</Code>
      <Directorate>
        <LongName>Direct For Biological Sciences</LongName>
      </Directorate>
      <Division>
        <LongName>Div Of Biological Infrastructure</LongName>
      </Division>
    </Organization>
    <ProgramOfficer>
      <SignBlockName>Gerald Selzer</SignBlockName>
    </ProgramOfficer>
    <AbstractNarration>9600699 Morton This award renews support of the International Culture Collection of Vesicular Arbuscular Mycorrhyzal fungi (INVAM) at West Virginia University. The collected organisms are soil- borne organisms that grow in beneficial symbiosis with the roots of most higher plant species. 154 species of such fungi have been identified; 64 are represented in the collection, along with 44 as yet unidentified strains. Because of their intimate association with plants, such fungi are likely to play an important role in development of sustainable agriculture practices and, potentially, in bioremediation. The award provides partial support for the INVAM's efforts in maintaining and distributing over 1000 strains now in the collection as well as the continued accession of new species and geographic isolates. In 1995, over 1000 samples were distributed to users world-wide. The INVAM receives additional support from the University and from fees charged to users. ***</AbstractNarration>
    <MinAmdLetterDate>02/14/1997</MinAmdLetterDate>
    <MaxAmdLetterDate>09/12/2001</MaxAmdLetterDate>
    <ARRAAmount/>
    <AwardID>9600699</AwardID>
    <Investigator>
      <FirstName>Stephen</FirstName>
      <LastName>Bentivenga</LastName>
      <EmailAddress>bentiven@uwosh.edu</EmailAddress>
      <StartDate>02/14/1997</StartDate>
      <EndDate/>
      <RoleCode>Co-Principal Investigator</RoleCode>
    </Investigator>
    <Investigator>
      <FirstName>Joseph</FirstName>
      <LastName>Morton</LastName>
      <EmailAddress>jbmorton@mail.wvu.edu</EmailAddress>
      <StartDate>02/14/1997</StartDate>
      <EndDate/>
      <RoleCode>Principal Investigator</RoleCode>
    </Investigator>
    <Institution>
      <Name>West Virginia University Research Corporation</Name>
      <CityName>Morgantown</CityName>
      <ZipCode>265066845</ZipCode>
      <PhoneNumber>3042933998</PhoneNumber>
      <StreetAddress>P.O. Box 6845</StreetAddress>
      <CountryName>United States</CountryName>
      <StateName>West Virginia</StateName>
      <StateCode>WV</StateCode>
    </Institution>
    <FoaInformation>
      <Code>0000099</Code>
      <Name>Other Applications NEC</Name>
    </FoaInformation>
    <ProgramElement>
      <Code>1106</Code>
      <Text>LIVING STOCK COLLECTIONS</Text>
    </ProgramElement>
    <ProgramElement>
      <Code>X999</Code>
      <Text/>
    </ProgramElement>
    <ProgramReference>
      <Code>9169</Code>
      <Text>BIODIVERSITY AND ECOSYSTEM DYNAMICS</Text>
    </ProgramReference>
    <ProgramReference>
      <Code>9184</Code>
      <Text>BIOTECHNOLOGY - INFRASTRUCTURE</Text>
    </ProgramReference>
    <ProgramReference>
      <Code>BIOT</Code>
      <Text>BIOTECHNOLOGY</Text>
    </ProgramReference>
    <ProgramReference>
      <Code>EGCH</Code>
      <Text>ENVIRONMENT AND GLOBAL CHANGE</Text>
    </ProgramReference>
  </Award>
</rootTag>
