<?xml version="1.0" encoding="UTF-8"?>

<rootTag>
  <Award>
    <AwardTitle>International Research Fellow Awards Program: An Investigation of Secondary Vortex Structure in the Near Wake of a Circular Cylinder</AwardTitle>
    <AwardEffectiveDate>05/01/1996</AwardEffectiveDate>
    <AwardExpirationDate>05/31/1997</AwardExpirationDate>
    <AwardAmount>38770</AwardAmount>
    <AwardInstrument>
      <Value>Fellowship</Value>
    </AwardInstrument>
    <Organization>
      <Code>01090000</Code>
      <Directorate>
        <LongName>Office Of The Director</LongName>
      </Directorate>
      <Division>
        <LongName>Office Of Internatl Science &amp;Engineering</LongName>
      </Division>
    </Organization>
    <ProgramOfficer>
      <SignBlockName>Susan Parris</SignBlockName>
    </ProgramOfficer>
    <AbstractNarration>9600313 Borg The International Research Fellow Awards Program enables U.S. scientists and engineers to conduct three to twenty- four months of research abroad. The program's awards provide opportunities for joint research, and the use of unique or complementary facilities, expertise and experimental conditions abroad. This award will support a twelve-month postdoctoral research visit by Dr. John P. Borg to work with Dr. Mike Gaster at the University of Cambridge in the United Kingdom. This research will serve to extend non-obtrusive near wake control techniques over circular cylinders at or near critical Reynolds numbers (65&lt;Re&lt;1200). In so doing, this research will advance the fundamental understanding of transition, including location, causality and mechanisms. This research hopes to locate and identify the origin of a secondary vortex system, believed to be Tollmien-Schlichting waves, and the corresponding critical points, which are believed to form in the near wake and result in roll-up of the primary vortex. Pneumatic control ports in the shear layer and spanwise acoustic excitation are proposed to hinder the growth of the secondary system and extend critical Reynolds beyond current limits. In addition, a dynamical system is proposed to describe the interaction of both the primary and secodary vortex system. Such a system is to be used to develop an analytical model of transitional and turbulence. ***</AbstractNarration>
    <MinAmdLetterDate>05/01/1996</MinAmdLetterDate>
    <MaxAmdLetterDate>05/01/1996</MaxAmdLetterDate>
    <ARRAAmount/>
    <AwardID>9600313</AwardID>
    <Investigator>
      <FirstName>John</FirstName>
      <LastName>Borg</LastName>
      <EmailAddress>john.borg@marquette.edu</EmailAddress>
      <StartDate>05/01/1996</StartDate>
      <EndDate/>
      <RoleCode>Principal Investigator</RoleCode>
    </Investigator>
    <Institution>
      <Name>Individual Award</Name>
      <CityName>Baltimore</CityName>
      <ZipCode>21201</ZipCode>
      <PhoneNumber/>
      <StreetAddress/>
      <CountryName>United States</CountryName>
      <StateName>Maryland</StateName>
      <StateCode>MD</StateCode>
    </Institution>
    <FoaInformation>
      <Code>56</Code>
      <Name>Engineering-Mechanical</Name>
    </FoaInformation>
  </Award>
</rootTag>
