<?xml version="1.0" encoding="UTF-8"?>

<rootTag>
  <Award>
    <AwardTitle>Dynamics-Function Relationships of Glyoxalase I</AwardTitle>
    <AwardEffectiveDate>09/01/1996</AwardEffectiveDate>
    <AwardExpirationDate>08/31/2002</AwardExpirationDate>
    <AwardAmount>495000</AwardAmount>
    <AwardInstrument>
      <Value>Continuing grant</Value>
    </AwardInstrument>
    <Organization>
      <Code>08070400</Code>
      <Directorate>
        <LongName>Direct For Biological Sciences</LongName>
      </Directorate>
      <Division>
        <LongName>Div Of Molecular and Cellular Bioscience</LongName>
      </Division>
    </Organization>
    <ProgramOfficer>
      <SignBlockName>Kamal Shukla</SignBlockName>
    </ProgramOfficer>
    <AbstractNarration>9600968 Stone The goal of the research is investigate the functional relevance of active site dynamics in the enzyme glyoxalase I (Glx I). Heteronuclear NMR relaxation data will be used to calculate parameters describing the internal motions on fast (ps-ns) and slower (-ms) time scales. Comparison of the free enzyme with the enzyme bound to reaction product and to transition state analog inhibitors will indicate the changes in active site dynamics that occur along the reaction coordinate of the enzyme-calatyzed reaction. The role of enzyme dynamics in controlling and limiting functional kinetics will be investigated by correlating the rates of Glx I catalytic turnover and of ligand association and dissociation with the millisecond time scale dynamics. The proposed educational activities involve formal teaching responsibilities at Indiana University as well as: (1) undergraduate biochemistry curriculum development; (2) graduate level molecular modeling workshops; (3) graduate education in written comprehension and expression of scientific ideas; (4) a practical course in NMR relaxation and dynamics analysis for NMR professionals; and (5) mentorship of graduate, undergraduate and high school students. %%% Enzymes are protein molecules that catalyze (increase the rate of) chemical reactions. They are involved in many important biochemical and industrial processes. The proposed research will investigate the motions that occur in enzyme molecules and the relationship between these motions and the function of the enzyme. In the long term such studies may enable us to design new enzymes or to design molecules. The proposed educational activities involve formal teaching responsibilities at Indiana University as well as: (1) assessment and modification of the undergraduate biochemistry curriculum to improve the preparation of students for their target careers; (2) use of manual and computerized model building as graduate level educational aids; (3) developme nt of graduate courses in the critical reading of research articles and the clear, concise written presentation of scientific ideas; (4) composition of a practical course for scientists interested in studying motions in proteins; and (5) mentorship of graduate, undergraduate and high school students including a specific focus on minority students. ***</AbstractNarration>
    <MinAmdLetterDate>08/09/1996</MinAmdLetterDate>
    <MaxAmdLetterDate>06/15/2000</MaxAmdLetterDate>
    <ARRAAmount/>
    <AwardID>9600968</AwardID>
    <Investigator>
      <FirstName>Martin</FirstName>
      <LastName>Stone</LastName>
      <EmailAddress>martin.stone@med.monash.edu.au</EmailAddress>
      <StartDate>08/09/1996</StartDate>
      <EndDate/>
      <RoleCode>Principal Investigator</RoleCode>
    </Investigator>
    <Institution>
      <Name>Indiana University</Name>
      <CityName>Bloomington</CityName>
      <ZipCode>474013654</ZipCode>
      <PhoneNumber>8128550516</PhoneNumber>
      <StreetAddress>509 E 3RD ST</StreetAddress>
      <CountryName>United States</CountryName>
      <StateName>Indiana</StateName>
      <StateCode>IN</StateCode>
    </Institution>
    <FoaInformation>
      <Code>61</Code>
      <Name>Life Science Biological</Name>
    </FoaInformation>
    <ProgramElement>
      <Code>1164</Code>
      <Text>MOLECULAR BIOPHYSICS</Text>
    </ProgramElement>
    <ProgramReference>
      <Code>1045</Code>
      <Text>CAREER: FACULTY EARLY CAR DEV</Text>
    </ProgramReference>
    <ProgramReference>
      <Code>9183</Code>
      <Text>GENERAL FOUNDATIONS OF BIOTECHNOLOGY</Text>
    </ProgramReference>
    <ProgramReference>
      <Code>BIOT</Code>
      <Text>BIOTECHNOLOGY</Text>
    </ProgramReference>
  </Award>
</rootTag>
