<?xml version="1.0" encoding="UTF-8"?>

<rootTag>
  <Award>
    <AwardTitle>Japan JSPS Program: Internal Measurement of Magnetic Field on the FIX Experiment</AwardTitle>
    <AwardEffectiveDate>06/01/1996</AwardEffectiveDate>
    <AwardExpirationDate>06/30/1997</AwardExpirationDate>
    <AwardAmount>3000</AwardAmount>
    <AwardInstrument>
      <Value>Fellowship</Value>
    </AwardInstrument>
    <Organization>
      <Code>01090000</Code>
      <Directorate>
        <LongName>Office Of The Director</LongName>
      </Directorate>
      <Division>
        <LongName>Office Of Internatl Science &amp;Engineering</LongName>
      </Division>
    </Organization>
    <ProgramOfficer>
      <SignBlockName>Larry H. Weber</SignBlockName>
    </ProgramOfficer>
    <AbstractNarration>9600280 Martin This award supports a 24 month Japan Society for the Promotion of Science (JSPS) Postdoctoral Fellowship for Dr. Adam Martin at the Plasma Physics Laboratory, Osaka University, Osaka, Japan. Dr. Martin will work with Dr. Shigefume Okada, professor in the Faculty of Engineering, on a research project entitled, "Measurement of the Internal Magnetic Fields on the FIX Experiment." The proposed research will examine the various problems involved in the development of controlled fusion as an energy source. The central challenge is to use magnetic fields to confine a hot plasma long enough to produce a sustained thermo-nuclear reaction. One of the most promising avenues for accomplishing this is the Field Reversed Configuration, or FRC, a innovative device that makes the most efficient use of its magnetic field and is the simplest cold fusion mechanism to build and maintain. To better understand the FRC it is important to ascertain the internal structure of the magnetic field that confines the hot plasma. The research will measure this magnetic field in the FRC Injection Experiment (FIX) at Osaka University in Japan, using an innovative technique called Localized Faraday Rotation (LFR). The results of the analysis will provide insights into theoretical and applied research questions relating to controlled fusion as a practical, reliable, and clean energy source for the international community. ***</AbstractNarration>
    <MinAmdLetterDate>06/04/1996</MinAmdLetterDate>
    <MaxAmdLetterDate>06/04/1996</MaxAmdLetterDate>
    <ARRAAmount/>
    <AwardID>9600280</AwardID>
    <Investigator>
      <FirstName>Adam</FirstName>
      <LastName>Martin</LastName>
      <EmailAddress>adam@hit.aa.washington.edu</EmailAddress>
      <StartDate>06/04/1996</StartDate>
      <EndDate/>
      <RoleCode>Principal Investigator</RoleCode>
    </Investigator>
    <Institution>
      <Name>CA Fellowships</Name>
      <CityName>Arlington</CityName>
      <ZipCode>22230</ZipCode>
      <PhoneNumber/>
      <StreetAddress/>
      <CountryName>United States</CountryName>
      <StateName>California</StateName>
      <StateCode>CA</StateCode>
    </Institution>
    <FoaInformation>
      <Code>0510304</Code>
      <Name>Electron &amp; Energy Sources</Name>
    </FoaInformation>
    <FoaInformation>
      <Code>13</Code>
      <Name>Physics</Name>
    </FoaInformation>
  </Award>
</rootTag>
