<?xml version="1.0" encoding="UTF-8"?>

<rootTag>
  <Award>
    <AwardTitle>NSF-CGP Fellowship: Relationship between Structural Disorder Parameters and Conductivity in Semiconductor Fullerene Films</AwardTitle>
    <AwardEffectiveDate>10/01/1996</AwardEffectiveDate>
    <AwardExpirationDate>09/30/1997</AwardExpirationDate>
    <AwardAmount>15100</AwardAmount>
    <AwardInstrument>
      <Value>Standard Grant</Value>
    </AwardInstrument>
    <Organization>
      <Code>01090000</Code>
      <Directorate>
        <LongName>Office Of The Director</LongName>
      </Directorate>
      <Division>
        <LongName>Office Of Internatl Science &amp;Engineering</LongName>
      </Division>
    </Organization>
    <ProgramOfficer>
      <SignBlockName>Larry H. Weber</SignBlockName>
    </ProgramOfficer>
    <AbstractNarration>9600229 Han This proposal supports the collaboration of Dr. Daxing Han of Department of Physics and Astronomy at the University of North Carolina at Chapel Hill and Dr. Shoji Nitta at Faculty of Engineering of Gifu University. Project funding will enable Dr. Han to spend three months in Japan, resident at Gifu University, in order to study the structure disorder parameter in semiconductor fullerene films. Dr. Han has previously studied the structure disorder in non-crystalline semiconductors. Dr. Nitta has been investigating the optical absorption of semiconductor fullerene film. Dr. Han will combine her expertise with that of Dr. Nitta to study the correlation between structure disorder and conducting properties in semiconducting fullerence. This proposal brings together research scientists from two countries working in the area of fullerence. Fullerence and related materials have attracted great interest in recent years because of their unusual properties and potential applications. The U.S. scientist will have the opportunity to become familiar with fullerene film preparation, research techniques, and facilities at Gifu University while contributing to the overall research effort. Therefore, this proposal fulfills the objectives of the Program in its exchange and transfer of scientific knowledge through an international collaboration. ***</AbstractNarration>
    <MinAmdLetterDate>05/01/1996</MinAmdLetterDate>
    <MaxAmdLetterDate>12/04/1996</MaxAmdLetterDate>
    <ARRAAmount/>
    <AwardID>9600229</AwardID>
    <Investigator>
      <FirstName>Daxing</FirstName>
      <LastName>Han</LastName>
      <EmailAddress>daxing@physics.unc.edu</EmailAddress>
      <StartDate>05/01/1996</StartDate>
      <EndDate/>
      <RoleCode>Principal Investigator</RoleCode>
    </Investigator>
    <Institution>
      <Name>University of North Carolina at Chapel Hill</Name>
      <CityName>CHAPEL HILL</CityName>
      <ZipCode>275991350</ZipCode>
      <PhoneNumber>9199663411</PhoneNumber>
      <StreetAddress>104 AIRPORT DR STE 2200</StreetAddress>
      <CountryName>United States</CountryName>
      <StateName>North Carolina</StateName>
      <StateCode>NC</StateCode>
    </Institution>
    <FoaInformation>
      <Code>0106000</Code>
      <Name>Materials Research</Name>
    </FoaInformation>
    <FoaInformation>
      <Code>10</Code>
      <Name>Physical Sciences</Name>
    </FoaInformation>
  </Award>
</rootTag>
