<?xml version="1.0" encoding="UTF-8"?>

<rootTag>
  <Award>
    <AwardTitle>Editing of Homocysteine by Aminoacyl-tRNA Synthetases</AwardTitle>
    <AwardEffectiveDate>10/01/1996</AwardEffectiveDate>
    <AwardExpirationDate>12/31/1997</AwardExpirationDate>
    <AwardAmount>100000</AwardAmount>
    <AwardInstrument>
      <Value>Standard Grant</Value>
    </AwardInstrument>
    <Organization>
      <Code>08070400</Code>
      <Directorate>
        <LongName>Direct For Biological Sciences</LongName>
      </Directorate>
      <Division>
        <LongName>Div Of Molecular and Cellular Bioscience</LongName>
      </Division>
    </Organization>
    <ProgramOfficer>
      <SignBlockName>Marcia Steinberg</SignBlockName>
    </ProgramOfficer>
    <AbstractNarration>9600522 Jakubowski In many cases, differences in intrinsic binding energies of amino acids to aminoacyl-tRNA synthetases (AARSs) are inadequate to give the required accuracy of translation. This has necessitated the evolution of a second determinant of specificity, proofreading or editing mechanisms that involve the expenditure of energy to remove errors in amino acid selection. The non-protein amino acid homocysteine (Hcy), an obligatory precursor of methionine in all cells, poses an accuracy problem for the protein biosynthetic apparatus. Hcy is misactivated by methionyl- (MetRS), isoleucyl- (IleRS), and leucyl-tRNA synthetases (LeuRS) at a frequency exceeding the frequency of translational errors. Misincorporation of Hcy into tRNA and cellular protein is prevented by an editing mechanism of these synthetases which yields a cyclic thioester, Hcy thiolactone. In spite of considerable progress on the elucidation of structures of AARSs, knowledge of the structural basis of editing is limited. This application proposes to determine the molecular basis of an error-correcting mechanism of an AARS. Our preliminary molecular model of the synthetic/editing site of an AARS, derived from studies of E. coli MetRS, will be refined by further tests with MetRS and generalized by tests with structurally related IleRS and LeuRS. Mutant selection and site-directed mutagenesis of cloned MetRS, IleRS, and LeuRS genes will be used to obtain editing-defective enzymes. Affinity labeling of the active site of MetRS will be used to identify active site residues that are involved in synthetic or editing function. These approaches, combined with sensitive biochemical assays, will allow the study of structure-function relationships both in vitro and in vivo, as well as mapping of the editing subsite and determining its interplay with the synthetic subsite for each AARS. We will also study enzymatic reactions of AA-tRNA with thiols, predicted by our model of the synthetic/editing site and already demonstrated in prelim inary work. The data will be interpreted within the framework of the crystal structure of MetRS using molecular modeling. This project will elucidate a major aspect of the extraordinary accuracy in the flow of genetic information, i.e. the molecular basis of how an AARS prevents transfer of an incorrect amino acid to tRNA and how a correct amino acid is spared from editing. This work also has relevance for understanding some diseases: metabolic defects leading to elevated levels of Hcy, in many cases known to result in excessive editing, are implicated in several human genetic disorders. %%% Living organisms have evolved editing or proofreading mechanisms that assure accurate synthesis of their nucleic acids and proteins according to the genetic information contained in DNA. One such mechanism eliminates incorrect amino acids and assures that correct amino acids are incorporated at specific positions of protein chains which is important for proper functioning of these molecules. A paradigm of error correcting mechanisms in protein synthesis is editing of the nonprotein amino acid homocysteine which we are studying at molecular and cellular levels. Studies of molecular details of homocysteine editing, proposed in this application, are important for two reasons. First, this project will elucidate a major fundamental aspect of the extraordinary accuracy in the flow of genetic information, i. e., how homocysteine is prevented from being incorporated into protein. Second, this work is also relevant for understanding some diseases associated with elevated levels of homocysteine, in many cases known to result in excessive editing, such as vascular and heart disease, neural tube defects, spontaneous abortion, and possibly, cancer. ***</AbstractNarration>
    <MinAmdLetterDate>08/06/1996</MinAmdLetterDate>
    <MaxAmdLetterDate>08/06/1996</MaxAmdLetterDate>
    <ARRAAmount/>
    <AwardID>9600522</AwardID>
    <Investigator>
      <FirstName>Hieronim</FirstName>
      <LastName>Jakubowski</LastName>
      <EmailAddress>jakubows@umdnj.edu</EmailAddress>
      <StartDate>08/06/1996</StartDate>
      <EndDate/>
      <RoleCode>Principal Investigator</RoleCode>
    </Investigator>
    <Institution>
      <Name>Rutgers, The State University of New Jersey-RBHS-New Jersey Med</Name>
      <CityName>Newark</CityName>
      <ZipCode>071032403</ZipCode>
      <PhoneNumber>9739720281</PhoneNumber>
      <StreetAddress>New Jersey Medical School, MSB C</StreetAddress>
      <CountryName>United States</CountryName>
      <StateName>New Jersey</StateName>
      <StateCode>NJ</StateCode>
    </Institution>
    <FoaInformation>
      <Code>61</Code>
      <Name>Life Science Biological</Name>
    </FoaInformation>
    <ProgramElement>
      <Code>1166</Code>
      <Text>MOLECULAR BIOCHEMISTRY</Text>
    </ProgramElement>
    <ProgramReference>
      <Code>9183</Code>
      <Text>GENERAL FOUNDATIONS OF BIOTECHNOLOGY</Text>
    </ProgramReference>
    <ProgramReference>
      <Code>BIOT</Code>
      <Text>BIOTECHNOLOGY</Text>
    </ProgramReference>
  </Award>
</rootTag>
