<?xml version="1.0" encoding="UTF-8"?>

<rootTag>
  <Award>
    <AwardTitle>Protein Folding Studied by Pressure Perturbation</AwardTitle>
    <AwardEffectiveDate>01/01/1997</AwardEffectiveDate>
    <AwardExpirationDate>12/31/1998</AwardExpirationDate>
    <AwardAmount>178674</AwardAmount>
    <AwardInstrument>
      <Value>Continuing grant</Value>
    </AwardInstrument>
    <Organization>
      <Code>08070400</Code>
      <Directorate>
        <LongName>Direct For Biological Sciences</LongName>
      </Directorate>
      <Division>
        <LongName>Div Of Molecular and Cellular Bioscience</LongName>
      </Division>
    </Organization>
    <ProgramOfficer>
      <SignBlockName>Kamal Shukla</SignBlockName>
    </ProgramOfficer>
    <AbstractNarration>9600523 Royer The overall goal of the proposed research is to provide fundamental, new knowledge about the physical mechanisms by which small globular proteins of particular sequence adopt a particular three-dimensional structure characterized by a particular fold, stability and function. The proposed research will take advantage of the slow folding kinetics and depressed freezing point of water which are unique to the pressure perturbation approach. High hydrostatic pressure will be combined with a variety of physical chemical measurements (fluorescence, infrared spectroscopy and small angle x-ray scattering) on two model proteins, staphyloccocal nuclease and apomyoglobin, to address the following issues fundamental to protein folding. i.) The nature of the transition state in protein folding ii.) Molten globule intermediates of protein folding iii.) Characteristics of cold denaturation. %%% These high pressure studies using a combination of spectroscopic techniques will provide unique and fundamental information about protein folding unavailable from alternative perturbation approaches. This is because the effect of pressure is to slow down the folding and unfolding process by several orders of magnitude. Given such slow kinetics, measurements of structural properties can be made on the timescale of minutes rather than nano to microseconds, providing kinetic profiles using techniques which are extremely difficult to apply to the much shorter timescales that characterize folding at atmospheric pressure. This approach will yield structural information about the transition state and kinetic information about the multiple states in the folding pathway of apomyoglobin. A second unique advantage of high pressure stems from the unusual phase diagram of water, which remains liquid to -20 C at 2kbar of pressure, allowing for the direct observation of cold denaturation at high pressure using all of the above mentioned physical techniques. The phenomenon of co ld denaturation, the kinetics and characteristics of molten globule intermediates and the nature of the rate limiting step in folding remain among the least well characterized aspects of protein folding and stability. ***</AbstractNarration>
    <MinAmdLetterDate>08/06/1996</MinAmdLetterDate>
    <MaxAmdLetterDate>11/17/1997</MaxAmdLetterDate>
    <ARRAAmount/>
    <AwardID>9600523</AwardID>
    <Investigator>
      <FirstName>Dexter</FirstName>
      <LastName>Northrop</LastName>
      <EmailAddress>dbnorthrop@pharmacy.wisc.edu</EmailAddress>
      <StartDate>09/16/1996</StartDate>
      <EndDate/>
      <RoleCode>Principal Investigator</RoleCode>
    </Investigator>
    <Investigator>
      <FirstName>Catherine</FirstName>
      <LastName>Royer</LastName>
      <EmailAddress/>
      <StartDate>08/06/1996</StartDate>
      <EndDate>09/16/1996</EndDate>
      <RoleCode>Former Principal Investigator</RoleCode>
    </Investigator>
    <Institution>
      <Name>University of Wisconsin-Madison</Name>
      <CityName>MADISON</CityName>
      <ZipCode>537151218</ZipCode>
      <PhoneNumber>6082623822</PhoneNumber>
      <StreetAddress>21 North Park Street</StreetAddress>
      <CountryName>United States</CountryName>
      <StateName>Wisconsin</StateName>
      <StateCode>WI</StateCode>
    </Institution>
    <FoaInformation>
      <Code>61</Code>
      <Name>Life Science Biological</Name>
    </FoaInformation>
    <ProgramElement>
      <Code>1164</Code>
      <Text>MOLECULAR BIOPHYSICS</Text>
    </ProgramElement>
    <ProgramReference>
      <Code>9183</Code>
      <Text>GENERAL FOUNDATIONS OF BIOTECHNOLOGY</Text>
    </ProgramReference>
    <ProgramReference>
      <Code>BIOT</Code>
      <Text>BIOTECHNOLOGY</Text>
    </ProgramReference>
  </Award>
</rootTag>
