<?xml version="1.0" encoding="UTF-8"?>

<rootTag>
  <Award>
    <AwardTitle>The 1996 Gordon Conference Research on Dynamics of Simple Systems; Andover, New Hampshire, August 11-16, 1996</AwardTitle>
    <AwardEffectiveDate>05/01/1996</AwardEffectiveDate>
    <AwardExpirationDate>04/30/1997</AwardExpirationDate>
    <AwardAmount>5000</AwardAmount>
    <AwardInstrument>
      <Value>Standard Grant</Value>
    </AwardInstrument>
    <Organization>
      <Code>03010500</Code>
      <Directorate>
        <LongName>Direct For Mathematical &amp; Physical Scien</LongName>
      </Directorate>
      <Division>
        <LongName>Division Of Physics</LongName>
      </Division>
    </Organization>
    <ProgramOfficer>
      <SignBlockName>Boris J. Kayser</SignBlockName>
    </ProgramOfficer>
    <AbstractNarration>A Gordon Conference on the Dynamics of Simple Systems will be held in Andover, NH, August 11-16, 1996. This conference will bring together nuclear physicists, atomic physicists, chemists, and materials scientists to exchange ideas and insights concerning problems in which they have a common interest. These problems include effects of relativity in both nuclei and atoms, the physics of both nuclear and atomic three-body systems, phenomena associated with ultracold atoms, and the use of quanta of light to control the evolution of small molecules. Considerable progress is currently being made in these interesting areas, and the exchange of ideas among experts in the different subfields involved is important if we are to take advantage of the scientific opportunities being presented.</AbstractNarration>
    <MinAmdLetterDate>04/03/1996</MinAmdLetterDate>
    <MaxAmdLetterDate>04/03/1996</MaxAmdLetterDate>
    <ARRAAmount/>
    <AwardID>9600050</AwardID>
    <Investigator>
      <FirstName>Carlyle</FirstName>
      <LastName>Storm</LastName>
      <EmailAddress>grc@grc.org</EmailAddress>
      <StartDate>04/03/1996</StartDate>
      <EndDate/>
      <RoleCode>Principal Investigator</RoleCode>
    </Investigator>
    <Institution>
      <Name>Gordon Research Conferences</Name>
      <CityName>West Kingston</CityName>
      <ZipCode>028921502</ZipCode>
      <PhoneNumber>4017834011</PhoneNumber>
      <StreetAddress>512 Liberty Lane</StreetAddress>
      <CountryName>United States</CountryName>
      <StateName>Rhode Island</StateName>
      <StateCode>RI</StateCode>
    </Institution>
    <FoaInformation>
      <Code>13</Code>
      <Name>Physics</Name>
    </FoaInformation>
  </Award>
</rootTag>
