<?xml version="1.0" encoding="UTF-8"?>

<rootTag>
  <Award>
    <AwardTitle>International Research Fellow Awards Program: The Effect of State and Regional Relations on Local Institutions and Nature in Fiji</AwardTitle>
    <AwardEffectiveDate>09/01/1996</AwardEffectiveDate>
    <AwardExpirationDate>11/30/1999</AwardExpirationDate>
    <AwardAmount>65658</AwardAmount>
    <AwardInstrument>
      <Value>Fellowship</Value>
    </AwardInstrument>
    <Organization>
      <Code>01090000</Code>
      <Directorate>
        <LongName>Office Of The Director</LongName>
      </Directorate>
      <Division>
        <LongName>Office Of Internatl Science &amp;Engineering</LongName>
      </Division>
    </Organization>
    <ProgramOfficer>
      <SignBlockName>Susan Parris</SignBlockName>
    </ProgramOfficer>
    <AbstractNarration>9600266 Olson The International Research Fellow Awards Program enables U.S. scientists and engineers to conduct three to twenty- four months of research abroad. The program's awards provide opportunities for joint research, and the use of unique or complementary facilities, expertise and experimental conditions abroad. This award will support a twelve-month postdoctoral research visit by Dr. Martin D. Olson and Dr. Randy Thaman of the University of the South Pacific in Suva, Fiji. The purpose of this project is to investigate the differences between environmental policies and practices in various historical, geographic, ecological and political contexts within Fiji, focusing on governing institutions, their forms and the ways in which they are politically and socially constituted, the evolution of their policies and interrelations at various levels of local, state and regional authority, and their influence in shaping what people do in land and sea. ***</AbstractNarration>
    <MinAmdLetterDate>08/13/1996</MinAmdLetterDate>
    <MaxAmdLetterDate>03/05/1999</MaxAmdLetterDate>
    <ARRAAmount/>
    <AwardID>9600266</AwardID>
    <Investigator>
      <FirstName>Martin</FirstName>
      <LastName>Olson</LastName>
      <EmailAddress>modolson@nature.berkeley.edu</EmailAddress>
      <StartDate>08/13/1996</StartDate>
      <EndDate/>
      <RoleCode>Principal Investigator</RoleCode>
    </Investigator>
    <Institution>
      <Name>Fellowships</Name>
      <CityName>Arlington</CityName>
      <ZipCode>22230</ZipCode>
      <PhoneNumber></PhoneNumber>
      <StreetAddress></StreetAddress>
      <CountryName>United States</CountryName>
      <StateName>Virginia</StateName>
      <StateCode>VA</StateCode>
    </Institution>
  </Award>
</rootTag>
