<?xml version="1.0" encoding="UTF-8"?>

<rootTag>
  <Award>
    <AwardTitle>U.S.-Argentina Planning Visit on Hochschild and Cyclic Homology</AwardTitle>
    <AwardEffectiveDate>06/15/1996</AwardEffectiveDate>
    <AwardExpirationDate>09/30/1996</AwardExpirationDate>
    <AwardAmount>2600</AwardAmount>
    <AwardInstrument>
      <Value>Standard Grant</Value>
    </AwardInstrument>
    <Organization>
      <Code>01090000</Code>
      <Directorate>
        <LongName>Office Of The Director</LongName>
      </Directorate>
      <Division>
        <LongName>Office Of Internatl Science &amp;Engineering</LongName>
      </Division>
    </Organization>
    <ProgramOfficer>
      <SignBlockName>Susan Parris</SignBlockName>
    </ProgramOfficer>
    <AbstractNarration>9600366 Weibel The PI will conduct a planning visit to Buenos Aires and La Plata, Argentina to establish a collaboration with G. Cortinas of Universidad de La Plata and O. Villamayor of Universidad de Buenos Aires in the area of Hochschild and cyclic homology. The PI has already published with Cortinas and will seek new directions with Villamayor and his "BACH" group within their overlapping interests. One conjecture of interest to all three is whether the trace map from the algebraic K-theory of a Q-algebra to its Hochschild homology preserves the decomposition given by Adams operations; another, attributed to Berger, deals with the module of Kaehler differentials over a regular ring. The collaborators conduct active research programs in the proposed areas and the questions addressed are important ones to the field. The visit will provide the opportunity to establish a clear plan to take advantage of the combined efforts of the three researchers. ***</AbstractNarration>
    <MinAmdLetterDate>06/13/1996</MinAmdLetterDate>
    <MaxAmdLetterDate>06/13/1996</MaxAmdLetterDate>
    <ARRAAmount/>
    <AwardID>9600366</AwardID>
    <Investigator>
      <FirstName>Charles</FirstName>
      <LastName>Weibel</LastName>
      <EmailAddress>weibel@math.rutgers.edu</EmailAddress>
      <StartDate>06/13/1996</StartDate>
      <EndDate/>
      <RoleCode>Principal Investigator</RoleCode>
    </Investigator>
    <Institution>
      <Name>Rutgers University New Brunswick</Name>
      <CityName>Piscataway</CityName>
      <ZipCode>088543925</ZipCode>
      <PhoneNumber>8489320150</PhoneNumber>
      <StreetAddress>33 Knightsbridge Road</StreetAddress>
      <CountryName>United States</CountryName>
      <StateName>New Jersey</StateName>
      <StateCode>NJ</StateCode>
    </Institution>
    <FoaInformation>
      <Code>0000099</Code>
      <Name>Other Applications NEC</Name>
    </FoaInformation>
    <FoaInformation>
      <Code>20</Code>
      <Name>Mathematics</Name>
    </FoaInformation>
    <ProgramElement>
      <Code>5977</Code>
      <Text>AMERICAS PROGRAM</Text>
    </ProgramElement>
    <ProgramReference>
      <Code>0000</Code>
      <Text>UNASSIGNED</Text>
    </ProgramReference>
    <ProgramReference>
      <Code>5911</Code>
      <Text>ARGENTINA</Text>
    </ProgramReference>
    <ProgramReference>
      <Code>OTHR</Code>
      <Text>OTHER RESEARCH OR EDUCATION</Text>
    </ProgramReference>
  </Award>
</rootTag>
