<?xml version="1.0" encoding="UTF-8"?>

<rootTag>
  <Award>
    <AwardTitle>U.S.-U.K. Cooperative Research: Ultramicroanalysis of Cytoplasmic Na+ in Response to Salt Stress in Plants</AwardTitle>
    <AwardEffectiveDate>05/15/1996</AwardEffectiveDate>
    <AwardExpirationDate>04/30/1997</AwardExpirationDate>
    <AwardAmount>6330</AwardAmount>
    <AwardInstrument>
      <Value>Standard Grant</Value>
    </AwardInstrument>
    <Organization>
      <Code>01090000</Code>
      <Directorate>
        <LongName>Office Of The Director</LongName>
      </Directorate>
      <Division>
        <LongName>Office Of Internatl Science &amp;Engineering</LongName>
      </Division>
    </Organization>
    <ProgramOfficer>
      <SignBlockName>Rose Gombay</SignBlockName>
    </ProgramOfficer>
    <AbstractNarration>This one year award will support participation of a graduate student in a U.S.-U.K. cooperative research project between Mary A. Bisson of the State University of New York, Buffalo, and A. D. Tomas at the University of Wales. They will study salt tolerance and stress in plants using charophytes, a complex macrophytic algae closely related to the line which gave rise to higher plants. The objective of their research is to test toxicity due to the accumulation of sodium in the plant's cytoplasm. The U.S. investigator brings to this collaboration expertise in plant systems and homeostasis. This is complemented by the Welsh investigator's expertise in ultramicroanalysis, an important new technique for measuring sodium tolerance and stress. These studies will advance our knowledge about salinity in plants and how it determines natural plant distribution and limitations on plant productivity.</AbstractNarration>
    <MinAmdLetterDate>05/17/1996</MinAmdLetterDate>
    <MaxAmdLetterDate>05/17/1996</MaxAmdLetterDate>
    <ARRAAmount/>
    <AwardID>9600020</AwardID>
    <Investigator>
      <FirstName>Mary</FirstName>
      <LastName>Bisson</LastName>
      <EmailAddress>bisson@buffalo.edu</EmailAddress>
      <StartDate>05/17/1996</StartDate>
      <EndDate/>
      <RoleCode>Principal Investigator</RoleCode>
    </Investigator>
    <Institution>
      <Name>SUNY at Buffalo</Name>
      <CityName>Amherst</CityName>
      <ZipCode>142282567</ZipCode>
      <PhoneNumber>7166452634</PhoneNumber>
      <StreetAddress>520 Lee Entrance</StreetAddress>
      <CountryName>United States</CountryName>
      <StateName>New York</StateName>
      <StateCode>NY</StateCode>
    </Institution>
    <FoaInformation>
      <Code>0201000</Code>
      <Name>Agriculture</Name>
    </FoaInformation>
    <FoaInformation>
      <Code>61</Code>
      <Name>Life Science Biological</Name>
    </FoaInformation>
    <ProgramElement>
      <Code>5980</Code>
      <Text>WESTERN EUROPE PROGRAM</Text>
    </ProgramElement>
    <ProgramReference>
      <Code>0000</Code>
      <Text>UNASSIGNED</Text>
    </ProgramReference>
    <ProgramReference>
      <Code>5946</Code>
      <Text>UNITED KINGDOM</Text>
    </ProgramReference>
    <ProgramReference>
      <Code>OTHR</Code>
      <Text>OTHER RESEARCH OR EDUCATION</Text>
    </ProgramReference>
  </Award>
</rootTag>
