<?xml version="1.0" encoding="UTF-8"?>

<rootTag>
  <Award>
    <AwardTitle>1996 Gordon Research Conference on Photonuclear Reactions; July 28-August 2, 1996; Tilton, NH</AwardTitle>
    <AwardEffectiveDate>06/15/1996</AwardEffectiveDate>
    <AwardExpirationDate>05/31/1997</AwardExpirationDate>
    <AwardAmount>10000</AwardAmount>
    <AwardInstrument>
      <Value>Standard Grant</Value>
    </AwardInstrument>
    <Organization>
      <Code>03010600</Code>
      <Directorate>
        <LongName>Direct For Mathematical &amp; Physical Scien</LongName>
      </Directorate>
      <Division>
        <LongName>Division Of Physics</LongName>
      </Division>
    </Organization>
    <ProgramOfficer>
      <SignBlockName>Bradley D. Keister</SignBlockName>
    </ProgramOfficer>
    <AbstractNarration>A conference will be held on the subject of the latest developments in electron scattering and photonuclear reactions. This is a biennial meeting. The topics include: the spin and flavor structure of the nucleon, structure of the delta resonance, the short-range structure of the deuteron and few-body systems, tests of chiral perturbation theory and low energy predictions of QCD, and short-range correlations and nuclear medium effects. All of these topics are at the forefront of nuclear research, worldwide. The meeting will permit researchers to compare techniques and results which will in turn help them to plan their future activities and produce the most insightful results. The resources provided will allow very well qualified young people to attend the meeting - researchers who would not otherwise be able to attend.</AbstractNarration>
    <MinAmdLetterDate>06/11/1996</MinAmdLetterDate>
    <MaxAmdLetterDate>06/11/1996</MaxAmdLetterDate>
    <ARRAAmount/>
    <AwardID>9600726</AwardID>
    <Investigator>
      <FirstName>Alan</FirstName>
      <LastName>Nathan</LastName>
      <EmailAddress>a-nathan@uiuc.edu</EmailAddress>
      <StartDate>06/11/1996</StartDate>
      <EndDate/>
      <RoleCode>Principal Investigator</RoleCode>
    </Investigator>
    <Institution>
      <Name>Gordon Research Conferences</Name>
      <CityName>West Kingston</CityName>
      <ZipCode>028921502</ZipCode>
      <PhoneNumber>4017834011</PhoneNumber>
      <StreetAddress>512 Liberty Lane</StreetAddress>
      <CountryName>United States</CountryName>
      <StateName>Rhode Island</StateName>
      <StateCode>RI</StateCode>
    </Institution>
    <FoaInformation>
      <Code>13</Code>
      <Name>Physics</Name>
    </FoaInformation>
    <FoaInformation>
      <Code>0000099</Code>
      <Name>Other Applications NEC</Name>
    </FoaInformation>
  </Award>
</rootTag>
