<?xml version="1.0" encoding="UTF-8"?>

<rootTag>
  <Award>
    <AwardTitle>CAREER: Prosodic Phrasing and Feature Specification as Determinants of Phonetic Form</AwardTitle>
    <AwardEffectiveDate>02/15/1997</AwardEffectiveDate>
    <AwardExpirationDate>01/31/2002</AwardExpirationDate>
    <AwardAmount>203612</AwardAmount>
    <AwardInstrument>
      <Value>Continuing grant</Value>
    </AwardInstrument>
    <Organization>
      <Code>04040500</Code>
      <Directorate>
        <LongName>Direct For Social, Behav &amp; Economic Scie</LongName>
      </Directorate>
      <Division>
        <LongName>Division Of Behavioral and Cognitive Sci</LongName>
      </Division>
    </Organization>
    <ProgramOfficer>
      <SignBlockName>Cecile Mckee</SignBlockName>
    </ProgramOfficer>
    <AbstractNarration>The proposed project will integrate innovation in teaching with important basic research on vocal cord function in human speech. The research component of the project will examine the ways in which linguistic phrasing--position in a sentence, differences in sentence structure, etc.--affects the quality of sounds, particularly the way the vocal cords move, during speech. Many previous studies have not given adequate attention to the possible effects that differences in sentence structure could have on the timing of articulator movements for speech. As a result, important generalizations may have been missed about the way that variations in vocal cord function are used in the world s languages. This project will be one of the first large scale research studies which combines careful control of linguistic phrasing with carefully planned cross-language comparisons of vocal cord position and movement during speech production. The result of the research will be a clearer understanding of the similarities and differences between languages in speech production. The similarities between languages will further our understanding of the innate common linguistic abilities of all humans. The differences will make clearer some of the speech production skills which must be acquired by individuals learning a new language. The teaching portion of the project involves developing a new curriculum for basic education in phonetics, using the research results as the core of a laboratory-centered course. Students will develop basic skills in speech acoustics and physiology by collecting their own data on vocal cord function, its coordination with other speech articulators, its acoustic manifestations, etc., and comparing their data with that of the larger corpus generated in the research portion of the project. By participating in analysis of data pertinent to current research questions in the field, students will gain first hand knowledge of how scientific methods are applied t o the study of human language, and they will have a more active and collaborative educational experience.</AbstractNarration>
    <MinAmdLetterDate>02/11/1997</MinAmdLetterDate>
    <MaxAmdLetterDate>12/07/1999</MaxAmdLetterDate>
    <ARRAAmount/>
    <AwardID>9600930</AwardID>
    <Investigator>
      <FirstName>Marie</FirstName>
      <LastName>Huffman</LastName>
      <EmailAddress>Marie.Huffman@stonybrook.edu</EmailAddress>
      <StartDate>02/11/1997</StartDate>
      <EndDate/>
      <RoleCode>Principal Investigator</RoleCode>
    </Investigator>
    <Institution>
      <Name>SUNY at Stony Brook</Name>
      <CityName>Stony Brook</CityName>
      <ZipCode>117940001</ZipCode>
      <PhoneNumber>6316329949</PhoneNumber>
      <StreetAddress>WEST 5510 FRK MEL LIB</StreetAddress>
      <CountryName>United States</CountryName>
      <StateName>New York</StateName>
      <StateCode>NY</StateCode>
    </Institution>
    <FoaInformation>
      <Code>0116000</Code>
      <Name>Human Subjects</Name>
    </FoaInformation>
    <FoaInformation>
      <Code>84</Code>
      <Name>Linguistics</Name>
    </FoaInformation>
    <ProgramElement>
      <Code>1311</Code>
      <Text>LINGUISTICS</Text>
    </ProgramElement>
    <ProgramReference>
      <Code>0000</Code>
      <Text>UNASSIGNED</Text>
    </ProgramReference>
    <ProgramReference>
      <Code>1045</Code>
      <Text>CAREER: FACULTY EARLY CAR DEV</Text>
    </ProgramReference>
    <ProgramReference>
      <Code>9178</Code>
      <Text>UNDERGRADUATE EDUCATION</Text>
    </ProgramReference>
    <ProgramReference>
      <Code>OTHR</Code>
      <Text>OTHER RESEARCH OR EDUCATION</Text>
    </ProgramReference>
    <ProgramReference>
      <Code>SMET</Code>
      <Text>SCIENCE, MATH, ENG &amp; TECH EDUCATION</Text>
    </ProgramReference>
  </Award>
</rootTag>
