<?xml version="1.0" encoding="UTF-8"?>

<rootTag>
  <Award>
    <AwardTitle>U.S.-France Cooperative Research: Kinetic Studies of the Folding of Thioredoxin By Fragment Complementation</AwardTitle>
    <AwardEffectiveDate>06/01/1996</AwardEffectiveDate>
    <AwardExpirationDate>05/31/1999</AwardExpirationDate>
    <AwardAmount>18000</AwardAmount>
    <AwardInstrument>
      <Value>Standard Grant</Value>
    </AwardInstrument>
    <Organization>
      <Code>01090000</Code>
      <Directorate>
        <LongName>Office Of The Director</LongName>
      </Directorate>
      <Division>
        <LongName>Office Of Internatl Science &amp;Engineering</LongName>
      </Division>
    </Organization>
    <ProgramOfficer>
      <SignBlockName>Rose Gombay</SignBlockName>
    </ProgramOfficer>
    <AbstractNarration>This three-year award, which supports U.S.-France cooperative research in molecular biology, involves Maria Tasayco of the City University of New York's City College and Michel Godlberg and Alain Chaffotte of the Institut Pasteur in Paris, France. The objective of their research is to study the protein folding problem. Specifically, they will investigate pathways by which fragments of E. Coli thioredoxin reconstitute the original structure of macromolecules. Through the study of the function of thioredoxin, they propose to elucidate structure and the protein folding pathway. The U.S. investigator brings to this collaboration expertise in structural studies and approaches. This is complemented by the French investigators' expertise in kinetic studies of protein folding. The research will advance our understanding of the relationship between structure and function in biological macromolecules.</AbstractNarration>
    <MinAmdLetterDate>05/10/1996</MinAmdLetterDate>
    <MaxAmdLetterDate>05/10/1996</MaxAmdLetterDate>
    <ARRAAmount/>
    <AwardID>9600006</AwardID>
    <Investigator>
      <FirstName>Maria Luisa</FirstName>
      <LastName>Tasayco</LastName>
      <EmailAddress>mltj@figueirido.net</EmailAddress>
      <StartDate>05/10/1996</StartDate>
      <EndDate/>
      <RoleCode>Principal Investigator</RoleCode>
    </Investigator>
    <Institution>
      <Name>CUNY City College</Name>
      <CityName>New York</CityName>
      <ZipCode>100319101</ZipCode>
      <PhoneNumber>2126505418</PhoneNumber>
      <StreetAddress>Convent Ave at 138th St</StreetAddress>
      <CountryName>United States</CountryName>
      <StateName>New York</StateName>
      <StateCode>NY</StateCode>
    </Institution>
    <FoaInformation>
      <Code>61</Code>
      <Name>Life Science Biological</Name>
    </FoaInformation>
  </Award>
</rootTag>
