<?xml version="1.0" encoding="UTF-8"?>

<rootTag>
  <Award>
    <AwardTitle>Strongly Gravitating Systems and Waves in General Relativity</AwardTitle>
    <AwardEffectiveDate>08/15/1996</AwardEffectiveDate>
    <AwardExpirationDate>07/31/2001</AwardExpirationDate>
    <AwardAmount>240997</AwardAmount>
    <AwardInstrument>
      <Value>Continuing grant</Value>
    </AwardInstrument>
    <Organization>
      <Code>03010700</Code>
      <Directorate>
        <LongName>Direct For Mathematical &amp; Physical Scien</LongName>
      </Directorate>
      <Division>
        <LongName>Division Of Physics</LongName>
      </Division>
    </Organization>
    <ProgramOfficer>
      <SignBlockName>Beverly K. Berger</SignBlockName>
    </ProgramOfficer>
    <AbstractNarration>This research is on the numerical study of strongly gravitating systems with special emphasis on the properties of the gravitational waves they generated in dynamical evolutions. This uses supercomputers for fully numerical treatments, and semi-analytical methods closely coupled to the numerical treatments, to study highly non-linear and dynamical astrophysical events, like the inspiral coalescence of compact binary systems consisting of neutron stars and/or black holes. One of the focuses of the research is on the accurate numerical constructions and analyses of 3D black hole spacetimes. Instead of the traditional approach of using time slicings to avoid the singularities inherent in black hole spacetimes, Prof. Suen's group will develop an approach in full 3+1 numerical relativity which uses the apparent horizons as inner boundaries in dynamical evolutions. This apparent horizon boundary condition approach is expected to have major impact on the numerical study of black hole spacetimes. Apparent horizons and event horizons are important characteristic of black holes. The PI is developing routines to determine their existence and locations, as well as tools for analyzing their properties, in a numerically constructed 3+1 dimensional spacetime. These routines, to be available to the numerical relativity community soon, will have impact on the study of black holes.</AbstractNarration>
    <MinAmdLetterDate>08/08/1996</MinAmdLetterDate>
    <MaxAmdLetterDate>06/01/2004</MaxAmdLetterDate>
    <ARRAAmount/>
    <AwardID>9600507</AwardID>
    <Investigator>
      <FirstName>Wai-Mo</FirstName>
      <LastName>Suen</LastName>
      <EmailAddress>wms@wugrav.wustl.edu</EmailAddress>
      <StartDate>08/08/1996</StartDate>
      <EndDate/>
      <RoleCode>Principal Investigator</RoleCode>
    </Investigator>
    <Institution>
      <Name>Washington University</Name>
      <CityName>Saint Louis</CityName>
      <ZipCode>631304862</ZipCode>
      <PhoneNumber>3147474134</PhoneNumber>
      <StreetAddress>CAMPUS BOX 1054</StreetAddress>
      <CountryName>United States</CountryName>
      <StateName>Missouri</StateName>
      <StateCode>MO</StateCode>
    </Institution>
    <FoaInformation>
      <Code>0000099</Code>
      <Name>Other Applications NEC</Name>
    </FoaInformation>
    <FoaInformation>
      <Code>13</Code>
      <Name>Physics</Name>
    </FoaInformation>
    <ProgramElement>
      <Code>1244</Code>
      <Text>GRAVITATIONAL THEORY</Text>
    </ProgramElement>
    <ProgramReference>
      <Code>0000</Code>
      <Text>UNASSIGNED</Text>
    </ProgramReference>
    <ProgramReference>
      <Code>9218</Code>
      <Text>BASIC RESEARCH &amp; HUMAN RESORCS</Text>
    </ProgramReference>
    <ProgramReference>
      <Code>OTHR</Code>
      <Text>OTHER RESEARCH OR EDUCATION</Text>
    </ProgramReference>
    <ProgramReference>
      <Code>9178</Code>
      <Text>UNDERGRADUATE EDUCATION</Text>
    </ProgramReference>
    <ProgramReference>
      <Code>SMET</Code>
      <Text>SCIENCE, MATH, ENG &amp; TECH EDUCATION</Text>
    </ProgramReference>
    <ProgramReference>
      <Code>9251</Code>
      <Text>RES EXPER FOR UNDERGRAD-SUPPLT</Text>
    </ProgramReference>
    <ProgramReference>
      <Code>HPCC</Code>
      <Text>HIGH PERFORMANCE COMPUTING &amp; COMM</Text>
    </ProgramReference>
  </Award>
</rootTag>
