<?xml version="1.0" encoding="UTF-8"?>

<rootTag>
  <Award>
    <AwardTitle>International Research Fellow Awards Program: Nanostructured Chiral Metals for Heterogeneous Catalysis</AwardTitle>
    <AwardEffectiveDate>08/01/1996</AwardEffectiveDate>
    <AwardExpirationDate>04/30/1998</AwardExpirationDate>
    <AwardAmount>43300</AwardAmount>
    <AwardInstrument>
      <Value>Fellowship</Value>
    </AwardInstrument>
    <Organization>
      <Code>01090000</Code>
      <Directorate>
        <LongName>Office Of The Director</LongName>
      </Directorate>
      <Division>
        <LongName>Office Of Internatl Science &amp;Engineering</LongName>
      </Division>
    </Organization>
    <ProgramOfficer>
      <SignBlockName>Susan Parris</SignBlockName>
    </ProgramOfficer>
    <AbstractNarration>9600311 McFadden The International Research Fellow Awards Program enables U.S. scientists and engineers to conduct three to twentyfour months of research abroad. The program's awards provide opportunities for joint research, and the use of unique or complementary facilities, expertise and experimental conditions abroad. This award will support a twelve-month postdoctoral research visit for Dr. Christopher F. McFadden to work with Professor Nicholas D. Spencer at the Swiss Federal Institute of Technology in Zurich, Switzerland. This project will focus on investigating the ability of chiral adsorbed organic species to provoke the formation of screw dislocations in a metal overlayer. The objective is to characterize via various surface spectroscopies, the structure of metals deposited onto chiral organic substrates. The hope is to produce heterogeneous catalysis materials selective for the synthesis of chiral molecules. ***</AbstractNarration>
    <MinAmdLetterDate>05/28/1996</MinAmdLetterDate>
    <MaxAmdLetterDate>06/12/1997</MaxAmdLetterDate>
    <ARRAAmount/>
    <AwardID>9600311</AwardID>
    <Investigator>
      <FirstName>Christopher</FirstName>
      <LastName>McFadden</LastName>
      <EmailAddress>cm6f@andrew.cmu.edu</EmailAddress>
      <StartDate>05/28/1996</StartDate>
      <EndDate/>
      <RoleCode>Principal Investigator</RoleCode>
    </Investigator>
    <Institution>
      <Name>Fellowships</Name>
      <CityName>Arlington</CityName>
      <ZipCode>22230</ZipCode>
      <PhoneNumber/>
      <StreetAddress/>
      <CountryName>United States</CountryName>
      <StateName>Virginia</StateName>
      <StateCode>VA</StateCode>
    </Institution>
    <FoaInformation>
      <Code>0203000</Code>
      <Name>Health</Name>
    </FoaInformation>
    <FoaInformation>
      <Code>53</Code>
      <Name>Engineering-Chemical</Name>
    </FoaInformation>
  </Award>
</rootTag>
