<?xml version="1.0" encoding="UTF-8"?>

<rootTag>
  <Award>
    <AwardTitle>CONFERENCE: Protein Phosphatases: 1996 FASEB Conference to be held at Copper Mountain, Colorado, July 21-26, 1996</AwardTitle>
    <AwardEffectiveDate>07/15/1996</AwardEffectiveDate>
    <AwardExpirationDate>06/30/1997</AwardExpirationDate>
    <AwardAmount>3000</AwardAmount>
    <AwardInstrument>
      <Value>Standard Grant</Value>
    </AwardInstrument>
    <Organization>
      <Code>08070600</Code>
      <Directorate>
        <LongName>Direct For Biological Sciences</LongName>
      </Directorate>
      <Division>
        <LongName>Div Of Molecular and Cellular Bioscience</LongName>
      </Division>
    </Organization>
    <ProgramOfficer>
      <SignBlockName>Barbara K. Zain</SignBlockName>
    </ProgramOfficer>
    <AbstractNarration>9600460 Mumby This grant is for support for a FASEB summer conference on protein phosphatases. This conference includes sessions on phosphatase structure, phosphatases in signal transduction, genetic studies, and the role of phosphatases in cell adhesion. The addition and removal of phosphatases are important in many signaling pathways, but the research emphasis has been greater on the phosphorylation studies. This is one of the few meetings devoted to phosphatases, and the topics are current and address new interactions. The format of the meeting is conducive to interchange of ideas among participants. ***</AbstractNarration>
    <MinAmdLetterDate>07/03/1996</MinAmdLetterDate>
    <MaxAmdLetterDate>07/03/1996</MaxAmdLetterDate>
    <ARRAAmount/>
    <AwardID>9600460</AwardID>
    <Investigator>
      <FirstName>Nicholas</FirstName>
      <LastName>Tonks</LastName>
      <EmailAddress>tonks@cshl.org</EmailAddress>
      <StartDate>07/03/1996</StartDate>
      <EndDate/>
      <RoleCode>Co-Principal Investigator</RoleCode>
    </Investigator>
    <Investigator>
      <FirstName>Marc</FirstName>
      <LastName>Mumby</LastName>
      <EmailAddress>MMUMBY@MEDNET.SWMED.EDU</EmailAddress>
      <StartDate>07/03/1996</StartDate>
      <EndDate/>
      <RoleCode>Principal Investigator</RoleCode>
    </Investigator>
    <Institution>
      <Name>Federation of Amer Societies For Exper Biology</Name>
      <CityName>Bethesda</CityName>
      <ZipCode>208143998</ZipCode>
      <PhoneNumber>3016347013</PhoneNumber>
      <StreetAddress>9650 ROCKVILLE PIKE</StreetAddress>
      <CountryName>United States</CountryName>
      <StateName>Maryland</StateName>
      <StateCode>MD</StateCode>
    </Institution>
  </Award>
</rootTag>
