<?xml version="1.0" encoding="UTF-8"?>

<rootTag>
  <Award>
    <AwardTitle>RAS Proto-Oncogene Function in Corpus Luteum Activity</AwardTitle>
    <AwardEffectiveDate>08/15/1996</AwardEffectiveDate>
    <AwardExpirationDate>07/31/1999</AwardExpirationDate>
    <AwardAmount>213000</AwardAmount>
    <AwardInstrument>
      <Value>Continuing grant</Value>
    </AwardInstrument>
    <Organization>
      <Code>08090300</Code>
      <Directorate>
        <LongName>Direct For Biological Sciences</LongName>
      </Directorate>
      <Division>
        <LongName>Division Of Integrative Organismal Systems</LongName>
      </Division>
    </Organization>
    <ProgramOfficer>
      <SignBlockName>Michael L. Mishkind</SignBlockName>
    </ProgramOfficer>
    <AbstractNarration>9600915 Goldsmith The most important function of the individual in contributing to the maintenance of any biological species is reproduction. In fact, all organ systems of any vertebrate organism function to maintain life to enable reproduction to occur. In all mammalian species, reproductive success is critically dependent upon normal function of the ovary. Normal production and secretion of specific steroid and protein hormones. In the mammalian ovary, the oocyte is encased in several layers of cells which secrete the female sex steroid hormone estrogen. At ovulation, the oocyte is extruded from the ovary and the calls which previously surrounded the oocyte are changed into a structure called the corpus luteum The cells of the corpus luteum, the luteal cells, secrete the female sex steroid hormone, progesterone. The secretion of progesterone from the corpus luteum in the proper amounts for the proper time period is required for successful reproduction. If circulating progesterone levels are too low or if secretion of the proper amounts occurs for too short of a time period, implantation of the fertilized oocyte will not occur or if implantation does occur, the pregnancy will not be maintained. In the case of a nonpregnant cycle, if progesterone levels are too high, or secretion occurs for too long a time period, a subsequent ovulation will not occur. Thus, progesterone secretion from the corpus luteum is a critical determinant of reproductive success. The cells of the corpus luteum respond, through biochemical mechanisms, to blood born hormonal substances which control the normal secretion of progesterone. The specific biochemical mechanisms which allow the luteal cells to respond to those hormones which control progesterone secretion are at present unknown. It is, in fact, these mechanisms that are responsible for normal luteal function. The PI has recently discovered that, in the rat, the amounts of a particular protein, the K-ras p21 protein, contained in the ovary mirror the pattern of secretion of progesterone from the corpus luteum. Furthermore, when an antibody against this protein was incorporated into luteal cells in vitro, progesterone secretion from these cells was significantly decreased, thus demonstrating that this protein plays a role in the production/secretion of progesterone by the luteal cell. It is the objective of this proposal to determine the specific way in which the K-ras p21 protein affects luteal progesterone secretion and to determine whether this p21 protein plays a role in the secretion of other hormones from the corpus luteum. The K-ras p21 protein is present in all mammalian cells. Thus, the results of the proposed studies will have a significant impact upon the understanding of ovarian hormone secretory mechanisms as well as understanding of the ways in which all mammalian cells respond to hormones and growth factors.</AbstractNarration>
    <MinAmdLetterDate>08/14/1996</MinAmdLetterDate>
    <MaxAmdLetterDate>03/11/1998</MaxAmdLetterDate>
    <ARRAAmount/>
    <AwardID>9600915</AwardID>
    <Investigator>
      <FirstName>Laura</FirstName>
      <LastName>Goldsmith</LastName>
      <EmailAddress>goldsmit@umdnj.edu</EmailAddress>
      <StartDate>08/14/1996</StartDate>
      <EndDate/>
      <RoleCode>Principal Investigator</RoleCode>
    </Investigator>
    <Institution>
      <Name>Rutgers, The State University of New Jersey-RBHS-New Jersey Med</Name>
      <CityName>Newark</CityName>
      <ZipCode>071032403</ZipCode>
      <PhoneNumber>9739720281</PhoneNumber>
      <StreetAddress>New Jersey Medical School, MSB C</StreetAddress>
      <CountryName>United States</CountryName>
      <StateName>New Jersey</StateName>
      <StateCode>NJ</StateCode>
    </Institution>
    <FoaInformation>
      <Code>61</Code>
      <Name>Life Science Biological</Name>
    </FoaInformation>
    <ProgramElement>
      <Code>1155</Code>
      <Text>INTEGRATIVE ANIMAL BIOLOGY</Text>
    </ProgramElement>
    <ProgramReference>
      <Code>9183</Code>
      <Text>GENERAL FOUNDATIONS OF BIOTECHNOLOGY</Text>
    </ProgramReference>
    <ProgramReference>
      <Code>BIOT</Code>
      <Text>BIOTECHNOLOGY</Text>
    </ProgramReference>
  </Award>
</rootTag>
