<?xml version="1.0" encoding="UTF-8"?>

<rootTag>
  <Award>
    <AwardTitle>Elementary Particle Physics Using Electronic Detectors</AwardTitle>
    <AwardEffectiveDate>06/01/1996</AwardEffectiveDate>
    <AwardExpirationDate>11/30/1999</AwardExpirationDate>
    <AwardAmount>1140000</AwardAmount>
    <AwardInstrument>
      <Value>Continuing grant</Value>
    </AwardInstrument>
    <Organization>
      <Code>03010200</Code>
      <Directorate>
        <LongName>Direct For Mathematical &amp; Physical Scien</LongName>
      </Directorate>
      <Division>
        <LongName>Division Of Physics</LongName>
      </Division>
    </Organization>
    <ProgramOfficer>
      <SignBlockName>Alexander Firestone</SignBlockName>
    </ProgramOfficer>
    <AbstractNarration>9600411 Sculli This grant supports research in elementary-particle physics by three NYU faculty, 2 postdoctoral research associates and a graduate student. Two disparate research activities are supported. First is the continued study of collisions of antiprotons with protons at 2 TeV in the Tevatron collider at Fermilab as members of the DO collaboration. The group's analysis focuses on determination of the W boson mass; its contribution to the detector upgrade is to the new fiber-tracker front-end and trigger electronics. As members of the team constructing the MILAGRO cosmic gamma-ray detector at the Los Alamos National lab site, they are preparing to study cosmic-ray energy distributions and search for sources of photons in the high-energy interval from 1 to 100 TeV. ***</AbstractNarration>
    <MinAmdLetterDate>06/04/1996</MinAmdLetterDate>
    <MaxAmdLetterDate>03/31/1998</MaxAmdLetterDate>
    <ARRAAmount/>
    <AwardID>9600411</AwardID>
    <Investigator>
      <FirstName>Allen</FirstName>
      <LastName>Mincer</LastName>
      <EmailAddress>allen.mincer@nyu.edu</EmailAddress>
      <StartDate>06/04/1996</StartDate>
      <EndDate/>
      <RoleCode>Co-Principal Investigator</RoleCode>
    </Investigator>
    <Investigator>
      <FirstName>John</FirstName>
      <LastName>Sculli</LastName>
      <EmailAddress>sculli@physics.nyu.edu</EmailAddress>
      <StartDate>06/04/1996</StartDate>
      <EndDate/>
      <RoleCode>Principal Investigator</RoleCode>
    </Investigator>
    <Investigator>
      <FirstName>Peter</FirstName>
      <LastName>Nemethy</LastName>
      <EmailAddress>peter.nemethy@nyu.edu</EmailAddress>
      <StartDate>06/04/1996</StartDate>
      <EndDate/>
      <RoleCode>Co-Principal Investigator</RoleCode>
    </Investigator>
    <Institution>
      <Name>New York University</Name>
      <CityName>NEW YORK</CityName>
      <ZipCode>100121019</ZipCode>
      <PhoneNumber>2129982121</PhoneNumber>
      <StreetAddress>70 WASHINGTON SQUARE S</StreetAddress>
      <CountryName>United States</CountryName>
      <StateName>New York</StateName>
      <StateCode>NY</StateCode>
    </Institution>
    <FoaInformation>
      <Code>0000099</Code>
      <Name>Other Applications NEC</Name>
    </FoaInformation>
    <FoaInformation>
      <Code>13</Code>
      <Name>Physics</Name>
    </FoaInformation>
    <ProgramElement>
      <Code>1221</Code>
      <Text>ELEMENTARY PARTICLE ACCEL USER</Text>
    </ProgramElement>
    <ProgramReference>
      <Code>0000</Code>
      <Text>UNASSIGNED</Text>
    </ProgramReference>
    <ProgramReference>
      <Code>OTHR</Code>
      <Text>OTHER RESEARCH OR EDUCATION</Text>
    </ProgramReference>
  </Award>
</rootTag>
