<?xml version="1.0" encoding="UTF-8"?>

<rootTag>
  <Award>
    <AwardTitle>Relativistic Gravitation and Astrophysics</AwardTitle>
    <AwardEffectiveDate>04/15/1996</AwardEffectiveDate>
    <AwardExpirationDate>03/31/2002</AwardExpirationDate>
    <AwardAmount>520829</AwardAmount>
    <AwardInstrument>
      <Value>Continuing grant</Value>
    </AwardInstrument>
    <Organization>
      <Code>03010700</Code>
      <Directorate>
        <LongName>Direct For Mathematical &amp; Physical Scien</LongName>
      </Directorate>
      <Division>
        <LongName>Division Of Physics</LongName>
      </Division>
    </Organization>
    <ProgramOfficer>
      <SignBlockName>Beverly K. Berger</SignBlockName>
    </ProgramOfficer>
    <AbstractNarration>This research program will continue to extend post-Newtonian calculations of gravitational radiation to the highest practicable order, with the goal of developing more accurate and reliable theoretical templates for gravitational radiation observatories, as well as of achieving deeper understanding of Einstein's equations as applied to highly dynamical, strong-gravity situations. This effort will involve (i) formal theoretical work on the foundations of such approximation methods, (ii) specific calculation of higher-order effects in both the gravitational radiation and the equations of motion, and (iii) development of an interface between the post-Newtonian methods and those of numerical relativity, which must be used to analyze the late inspiral and merger of the two bodies. Inspiralling binary systems of neutron stars or black holes are promising sources of gravitational radiation detectable by kilometer-scale, laser-interferometric gravitational observatories, such as the US LIGO and Italian-French VIRGO projects, scheduled to be completed by the end of this decade. Detection and study of this radiation will open a new field of gravitational-wave astronomy, and provide important new tests of general relativity. In order to make maximum use of the output of these detectors, it is crucial to have on hand extremely accurate gravitational-waveform "templates": detailed theoretical predictions from general relativity of the shape and frequency evolution of the waves for ranges of source parameters. These templates will be used as "filters" to extract from the noisy output of the detectors useful information such as whether or not gravitational waves are detected, and the intrinsic characteristics of the source, such as its direction and distance, and the masses and spins of its components. For all but the final, strongly general relativistic coalescence of the two bodies, theoretical methods based on successive "post-Newtonian" approximations to general re lativity have proved to be extremely valuable in developing these templates.</AbstractNarration>
    <MinAmdLetterDate>04/03/1996</MinAmdLetterDate>
    <MaxAmdLetterDate>01/10/2000</MaxAmdLetterDate>
    <ARRAAmount/>
    <AwardID>9600049</AwardID>
    <Investigator>
      <FirstName>Clifford</FirstName>
      <LastName>Will</LastName>
      <EmailAddress>cmw@phys.ufl.edu</EmailAddress>
      <StartDate>04/03/1996</StartDate>
      <EndDate/>
      <RoleCode>Principal Investigator</RoleCode>
    </Investigator>
    <Institution>
      <Name>Washington University</Name>
      <CityName>Saint Louis</CityName>
      <ZipCode>631304862</ZipCode>
      <PhoneNumber>3147474134</PhoneNumber>
      <StreetAddress>CAMPUS BOX 1054</StreetAddress>
      <CountryName>United States</CountryName>
      <StateName>Missouri</StateName>
      <StateCode>MO</StateCode>
    </Institution>
    <FoaInformation>
      <Code>0000099</Code>
      <Name>Other Applications NEC</Name>
    </FoaInformation>
    <FoaInformation>
      <Code>13</Code>
      <Name>Physics</Name>
    </FoaInformation>
    <ProgramElement>
      <Code>1244</Code>
      <Text>GRAVITATIONAL THEORY</Text>
    </ProgramElement>
    <ProgramReference>
      <Code>0000</Code>
      <Text>UNASSIGNED</Text>
    </ProgramReference>
    <ProgramReference>
      <Code>OTHR</Code>
      <Text>OTHER RESEARCH OR EDUCATION</Text>
    </ProgramReference>
  </Award>
</rootTag>
