<?xml version="1.0" encoding="UTF-8"?>

<rootTag>
  <Award>
    <AwardTitle>Collaborative Research: Growth and Modification of the Tanzanian Lithosphere</AwardTitle>
    <AwardEffectiveDate>01/01/1996</AwardEffectiveDate>
    <AwardExpirationDate>12/31/1999</AwardExpirationDate>
    <AwardAmount>45800</AwardAmount>
    <AwardInstrument>
      <Value>Standard Grant</Value>
    </AwardInstrument>
    <Organization>
      <Code>06030107</Code>
      <Directorate>
        <LongName>Directorate For Geosciences</LongName>
      </Directorate>
      <Division>
        <LongName>Division Of Earth Sciences</LongName>
      </Division>
    </Organization>
    <ProgramOfficer>
      <SignBlockName>David Lambert</SignBlockName>
    </ProgramOfficer>
    <AbstractNarration>9600030 Chesley To investigate the influence of tectonic processes on cratonic lithosphere, a detailed examination of xenoliths both on and off the Tanzanian craton is planned. Investigation of the petrography, mineral chemistry, thermobarometry, major and trace element geochemistry and, most importantly, Os isotopic compositions on selected xenoliths will serve to characterize the composition of the Tanzanian lithospheric mantle and the vertical and lateral extent of cratonic mantle. Os isotopic measurements on whole rock and chromite mineral separates will constrain the minimum age of melt extraction in these rocks, hence timing of lithosphere formation. In addition, the effects of silicate and carbonatite metasomatism on the Re-Os systematics in peridotites will be evaluated by comparison of the chromite results (which should yield the initial Os isotopic composition) with whole rock data, which may record enhancement of the Re/Os ratio due to metasomatic re-introduction of Re. These petrologic and geochemical data will help constrain models of lithosphere structure derived from seismic and gravity surveys that are currently underway in Tanzania. Furthermore, integration of these new geophysical data with the petrological and geochemical studies outline here will allow delineation of the important processes involved in lithospheric mantle growth and modification.</AbstractNarration>
    <MinAmdLetterDate>12/01/1995</MinAmdLetterDate>
    <MaxAmdLetterDate>12/01/1995</MaxAmdLetterDate>
    <ARRAAmount/>
    <AwardID>9600030</AwardID>
    <Investigator>
      <FirstName>John</FirstName>
      <LastName>Chesley</LastName>
      <EmailAddress>jchesley@geo.arizona.edu</EmailAddress>
      <StartDate>12/01/1995</StartDate>
      <EndDate/>
      <RoleCode>Principal Investigator</RoleCode>
    </Investigator>
    <Institution>
      <Name>University of Arizona</Name>
      <CityName>Tucson</CityName>
      <ZipCode>857194824</ZipCode>
      <PhoneNumber>5206266000</PhoneNumber>
      <StreetAddress>888 N Euclid Ave</StreetAddress>
      <CountryName>United States</CountryName>
      <StateName>Arizona</StateName>
      <StateCode>AZ</StateCode>
    </Institution>
    <FoaInformation>
      <Code>0000099</Code>
      <Name>Other Applications NEC</Name>
    </FoaInformation>
    <FoaInformation>
      <Code>42</Code>
      <Name>Geological Sciences</Name>
    </FoaInformation>
    <ProgramElement>
      <Code>1573</Code>
      <Text>PETROLOGY AND GEOCHEMISTRY</Text>
    </ProgramElement>
    <ProgramReference>
      <Code>0000</Code>
      <Text>UNASSIGNED</Text>
    </ProgramReference>
    <ProgramReference>
      <Code>OTHR</Code>
      <Text>OTHER RESEARCH OR EDUCATION</Text>
    </ProgramReference>
  </Award>
</rootTag>
