<?xml version="1.0" encoding="UTF-8"?>

<rootTag>
  <Award>
    <AwardTitle>CAREER: Research and Educational Innovation on Making Sense of Biodiversity Loss</AwardTitle>
    <AwardEffectiveDate>08/01/1996</AwardEffectiveDate>
    <AwardExpirationDate>07/31/2001</AwardExpirationDate>
    <AwardAmount>203631</AwardAmount>
    <AwardInstrument>
      <Value>Continuing grant</Value>
    </AwardInstrument>
    <Organization>
      <Code>04050300</Code>
      <Directorate>
        <LongName>Direct For Social, Behav &amp; Economic Scie</LongName>
      </Directorate>
      <Division>
        <LongName>Divn Of Social and Economic Sciences</LongName>
      </Division>
    </Organization>
    <ProgramOfficer>
      <SignBlockName>Rachelle D. Hollander</SignBlockName>
    </ProgramOfficer>
    <AbstractNarration>This CAREER project investigates how people make descriptive, explanatory, and moral sense of biodiversity loss at local to global scales. The objective of the research component is to begin to clarify and compare conceptions of environmental change held by two major actors in contemporary biodiversity protection efforts: the scientists who play a key role in establishing conservation strategies and the people who live in communities where the strategies are being implemented. The research will examine the descriptions of environmental change, explanations of major human driving forces, and evaluations of moral significance. It will consider global, regional, and local scales: the empirical focus for the latter will be a UN. Biosphere Reserve located in the US. Pacific Northwest. The conceptual basis stems from contemporary cultural geography and human dimensions of global environmental change theory. Major methodological components, which will be evaluated as a part of the program, include visualization-based group interviews, narrative analysis of biodiversity literature and map representations, and a survey. The educational objective is to develop World Wide Web (WWW) based learning resources and opportunities for interaction beween students in college-level geography programs as well as for people living in sites where biodiversity conservation efforts are taking place. Components include development of collaborative WWW networks, information resources for the study site, an interactive module on cultural dimensions of biodiversity loss and conservation, and the conversion of existing human dimensions modules from the American Association of Geographers to WWW format.</AbstractNarration>
    <MinAmdLetterDate>07/30/1996</MinAmdLetterDate>
    <MaxAmdLetterDate>06/15/1999</MaxAmdLetterDate>
    <ARRAAmount/>
    <AwardID>9600985</AwardID>
    <Investigator>
      <FirstName>James</FirstName>
      <LastName>Proctor</LastName>
      <EmailAddress>jproctor@geog.ucsb.edu</EmailAddress>
      <StartDate>07/30/1996</StartDate>
      <EndDate/>
      <RoleCode>Principal Investigator</RoleCode>
    </Investigator>
    <Institution>
      <Name>University of California-Santa Barbara</Name>
      <CityName>Santa Barbara</CityName>
      <ZipCode>931062050</ZipCode>
      <PhoneNumber>8058934188</PhoneNumber>
      <StreetAddress>Office of Research</StreetAddress>
      <CountryName>United States</CountryName>
      <StateName>California</StateName>
      <StateCode>CA</StateCode>
    </Institution>
    <FoaInformation>
      <Code>0103000</Code>
      <Name>Ethical Considerations</Name>
    </FoaInformation>
    <FoaInformation>
      <Code>0116000</Code>
      <Name>Human Subjects</Name>
    </FoaInformation>
    <FoaInformation>
      <Code>91</Code>
      <Name>Science Technology Assess</Name>
    </FoaInformation>
    <ProgramElement>
      <Code>1352</Code>
      <Text>GEOGRAPHY AND SPATIAL SCIENCES</Text>
    </ProgramElement>
    <ProgramElement>
      <Code>7915</Code>
      <Text>Ethics &amp; Values of SET</Text>
    </ProgramElement>
    <ProgramReference>
      <Code>1045</Code>
      <Text>CAREER: FACULTY EARLY CAR DEV</Text>
    </ProgramReference>
    <ProgramReference>
      <Code>9278</Code>
      <Text>HUMAN DIMENSIONS OF GLOBAL CHANGE</Text>
    </ProgramReference>
    <ProgramReference>
      <Code>EGCH</Code>
      <Text>ENVIRONMENT AND GLOBAL CHANGE</Text>
    </ProgramReference>
  </Award>
</rootTag>
