<?xml version="1.0" encoding="UTF-8"?>

<rootTag>
  <Award>
    <AwardTitle>Dissertation Research: Variation in Diet and Functional Morphology Among Populations of Cyprinodon variegatus in the Everglades National Park</AwardTitle>
    <AwardEffectiveDate>08/15/1996</AwardEffectiveDate>
    <AwardExpirationDate>07/31/1999</AwardExpirationDate>
    <AwardAmount>12777</AwardAmount>
    <AwardInstrument>
      <Value>Standard Grant</Value>
    </AwardInstrument>
    <Organization>
      <Code>08010207</Code>
      <Directorate>
        <LongName>Direct For Biological Sciences</LongName>
      </Directorate>
      <Division>
        <LongName>Division Of Environmental Biology</LongName>
      </Division>
    </Organization>
    <ProgramOfficer>
      <SignBlockName>Mark Courtney</SignBlockName>
    </ProgramOfficer>
    <AbstractNarration>9600108. HAIRSTON Organisms have a wide range of adaptations to life in a changing environment. Among fish, jaw morphology is often related to diet, which varies between seasons and populations. Linking environmental variation with morphological variation can provide insights into the causes of character variation observed in nature. In research funded by this award, killifish (Cyprinodon variegatus) populations on mangrove islands in Florida Bay will be studied to assess the ways in which temporal and spatial variation in diet produce and maintain differences in jaw shape and size. Environmental variation in food resources and food utilization by populations of killifish inhabiting two distinct habitats (bay and island pools) will be documented. Variation in feeding morphology among these populations will then be assayed to elucidate the environmental and genetic contributions to morphological variation. In a related study, the developmental basis of diet-specific feeding efficiency will be assessed. The research will shed light on a longstanding issue in population biology, how morphological variation is produced and maintained in a changing environment. Because such variation provides the fuel for species to cope with environmental change, the research has implications for conservation biology and habitat management.</AbstractNarration>
    <MinAmdLetterDate>08/16/1996</MinAmdLetterDate>
    <MaxAmdLetterDate>08/16/1996</MaxAmdLetterDate>
    <ARRAAmount/>
    <AwardID>9600108</AwardID>
    <Investigator>
      <FirstName>Nelson</FirstName>
      <LastName>Hairston</LastName>
      <EmailAddress>ngh1@cornell.edu</EmailAddress>
      <StartDate>08/16/1996</StartDate>
      <EndDate/>
      <RoleCode>Principal Investigator</RoleCode>
    </Investigator>
    <Institution>
      <Name>Cornell University</Name>
      <CityName>Ithaca</CityName>
      <ZipCode>148502820</ZipCode>
      <PhoneNumber>6072555014</PhoneNumber>
      <StreetAddress>373 Pine Tree Road</StreetAddress>
      <CountryName>United States</CountryName>
      <StateName>New York</StateName>
      <StateCode>NY</StateCode>
    </Institution>
    <FoaInformation>
      <Code>64</Code>
      <Name>Environmental Biology</Name>
    </FoaInformation>
  </Award>
</rootTag>
