<?xml version="1.0" encoding="UTF-8"?>

<rootTag>
  <Award>
    <AwardTitle>Travel Grant for 6th International Society for Behavioral Ecology Meeting to be held in Canberra, Australia, September 29 to October 4, 1996</AwardTitle>
    <AwardEffectiveDate>07/01/1996</AwardEffectiveDate>
    <AwardExpirationDate>12/31/1996</AwardExpirationDate>
    <AwardAmount>7500</AwardAmount>
    <AwardInstrument>
      <Value>Standard Grant</Value>
    </AwardInstrument>
    <Organization>
      <Code>08090300</Code>
      <Directorate>
        <LongName>Direct For Biological Sciences</LongName>
      </Directorate>
      <Division>
        <LongName>Division Of Integrative Organismal Sys</LongName>
      </Division>
    </Organization>
    <ProgramOfficer>
      <SignBlockName>George W. Uetz</SignBlockName>
    </ProgramOfficer>
    <AbstractNarration>ABSTRACT PI: Koenig Proposal Number: 9600793 Support is requested for young American scientists who would like to attend the International Society for Behavioral Ecology (ISBE) meeting to be held in Canberra, Australia, 29 September-4 October 1996, hosted by Andrew Cockburn and the Australian National University. This biennial conference is open to all those interested in behavioral ecology. It is held in alternate years from the International Ethological Conference (IEC) and is the primary international gathering of scientists focusing on the ecological correlates of behavior in an evolutionary framework. The meeting brings together workers from a variety of countries and offers an unparalleled opportunity for young American behavioral ecologists to meet colleagues in the Australiasian region, share their work with an international audience, and become introduced to Australia's unique biota and its associated conservation problems.</AbstractNarration>
    <MinAmdLetterDate>06/28/1996</MinAmdLetterDate>
    <MaxAmdLetterDate>06/28/1996</MaxAmdLetterDate>
    <ARRAAmount/>
    <AwardID>9600793</AwardID>
    <Investigator>
      <FirstName>Walter</FirstName>
      <LastName>Koenig</LastName>
      <EmailAddress>wdk4@cornell.edu</EmailAddress>
      <StartDate>06/28/1996</StartDate>
      <EndDate/>
      <RoleCode>Principal Investigator</RoleCode>
    </Investigator>
    <Institution>
      <Name>University of California-Berkeley</Name>
      <CityName>BERKELEY</CityName>
      <ZipCode>947045940</ZipCode>
      <PhoneNumber>5106428109</PhoneNumber>
      <StreetAddress>Sponsored Projects Office</StreetAddress>
      <CountryName>United States</CountryName>
      <StateName>California</StateName>
      <StateCode>CA</StateCode>
    </Institution>
  </Award>
</rootTag>
