<?xml version="1.0" encoding="UTF-8"?>

<rootTag>
  <Award>
    <AwardTitle>Research in Statistical Physics</AwardTitle>
    <AwardEffectiveDate>08/15/1996</AwardEffectiveDate>
    <AwardExpirationDate>07/31/1999</AwardExpirationDate>
    <AwardAmount>150000</AwardAmount>
    <AwardInstrument>
      <Value>Continuing grant</Value>
    </AwardInstrument>
    <Organization>
      <Code>03010500</Code>
      <Directorate>
        <LongName>Direct For Mathematical &amp; Physical Scien</LongName>
      </Directorate>
      <Division>
        <LongName>Division Of Physics</LongName>
      </Division>
    </Organization>
    <ProgramOfficer>
      <SignBlockName>Virginia R. Brown</SignBlockName>
    </ProgramOfficer>
    <AbstractNarration>One of the most fundamental questions in the field of statistical mechanics is to explain the observed increase of a system's entropy in an irreversible process in terms of the underlying microscopic dynamics of the constituent particles. Recent work in dynamical systems theory (often called `chaos` theory) has allowed for considerable progress in this direction and for quantitative predictions to be made for both the quantities that describe the irreversible behavior of the system, such as transport coefficients, as well as the quantities that describe the system's chaotic behavior, such as Lyapunov exponents and dynamical `entropies`. The purpose of this research is to apply techniques of statistical mechanics to calculate both transport and dynamical quantities for systems of physical interest, and to relate them to each other and, in some cases, to the thermodynamic properties of the system. This will lead to a deeper understanding of the connections between the Second Law and microscopic dynamics. For quantum systems, this will also lead to further understanding of the behavior of some solid state devices of considerable current interest.</AbstractNarration>
    <MinAmdLetterDate>07/31/1996</MinAmdLetterDate>
    <MaxAmdLetterDate>06/30/1998</MaxAmdLetterDate>
    <ARRAAmount/>
    <AwardID>9600428</AwardID>
    <Investigator>
      <FirstName>J. Robert</FirstName>
      <LastName>Dorfman</LastName>
      <EmailAddress>jrd@glue.umd.edu</EmailAddress>
      <StartDate>07/31/1996</StartDate>
      <EndDate/>
      <RoleCode>Principal Investigator</RoleCode>
    </Investigator>
    <Institution>
      <Name>University of Maryland College Park</Name>
      <CityName>COLLEGE PARK</CityName>
      <ZipCode>207425141</ZipCode>
      <PhoneNumber>3014056269</PhoneNumber>
      <StreetAddress>3112 LEE BLDG 7809 Regents Drive</StreetAddress>
      <CountryName>United States</CountryName>
      <StateName>Maryland</StateName>
      <StateCode>MD</StateCode>
    </Institution>
    <FoaInformation>
      <Code>0000099</Code>
      <Name>Other Applications NEC</Name>
    </FoaInformation>
    <FoaInformation>
      <Code>13</Code>
      <Name>Physics</Name>
    </FoaInformation>
  </Award>
</rootTag>
