<?xml version="1.0" encoding="UTF-8"?>

<rootTag>
  <Award>
    <AwardTitle>Theoretical Studies of Nucleon Structure and Cosmic Dark Matter</AwardTitle>
    <AwardEffectiveDate>08/15/1996</AwardEffectiveDate>
    <AwardExpirationDate>07/31/1998</AwardExpirationDate>
    <AwardAmount>10885</AwardAmount>
    <AwardInstrument>
      <Value>Standard Grant</Value>
    </AwardInstrument>
    <Organization>
      <Code>03010500</Code>
      <Directorate>
        <LongName>Direct For Mathematical &amp; Physical Scien</LongName>
      </Directorate>
      <Division>
        <LongName>Division Of Physics</LongName>
      </Division>
    </Organization>
    <ProgramOfficer>
      <SignBlockName>Boris J. Kayser</SignBlockName>
    </ProgramOfficer>
    <AbstractNarration>Research will be carried out in theoretical physics to enhance our understanding of elementary particles and the cosmic dark matter problem. The hypothesis that the dark matter is a sea of ghostly elementary particles will be studied. Dark matter is the gravitationally dominant component of the universe, so it plays a key role in modern ideas about the origin of the structure we see in it. It appears quite plausible that this dark matter is a particle sea left over by the Big Bang, hence the importance for both particle physics and cosmology to further our understanding of the nature and the role of the dark matter.</AbstractNarration>
    <MinAmdLetterDate>07/25/1996</MinAmdLetterDate>
    <MaxAmdLetterDate>07/25/1996</MaxAmdLetterDate>
    <ARRAAmount/>
    <AwardID>9600239</AwardID>
    <Investigator>
      <FirstName>Ricardo</FirstName>
      <LastName>Flores</LastName>
      <EmailAddress>ricardo.flores@umsl.edu</EmailAddress>
      <StartDate>07/25/1996</StartDate>
      <EndDate/>
      <RoleCode>Principal Investigator</RoleCode>
    </Investigator>
    <Institution>
      <Name>University of Missouri-Saint Louis</Name>
      <CityName>SAINT LOUIS</CityName>
      <ZipCode>631214400</ZipCode>
      <PhoneNumber>3145165897</PhoneNumber>
      <StreetAddress>ONE UNIVERSITY BLVD</StreetAddress>
      <CountryName>United States</CountryName>
      <StateName>Missouri</StateName>
      <StateCode>MO</StateCode>
    </Institution>
    <FoaInformation>
      <Code>0000099</Code>
      <Name>Other Applications NEC</Name>
    </FoaInformation>
    <FoaInformation>
      <Code>13</Code>
      <Name>Physics</Name>
    </FoaInformation>
    <ProgramElement>
      <Code>1245</Code>
      <Text>THEORETICAL PHYSICS</Text>
    </ProgramElement>
    <ProgramReference>
      <Code>0000</Code>
      <Text>UNASSIGNED</Text>
    </ProgramReference>
    <ProgramReference>
      <Code>OTHR</Code>
      <Text>OTHER RESEARCH OR EDUCATION</Text>
    </ProgramReference>
  </Award>
</rootTag>
