<?xml version="1.0" encoding="UTF-8"?>

<rootTag>
  <Award>
    <AwardTitle>An Integrative Study of the Functional Interactions Between Primate Hip Joint Morphology and Loading Environment</AwardTitle>
    <AwardEffectiveDate>08/15/1996</AwardEffectiveDate>
    <AwardExpirationDate>07/31/2001</AwardExpirationDate>
    <AwardAmount>53227</AwardAmount>
    <AwardInstrument>
      <Value>Standard Grant</Value>
    </AwardInstrument>
    <Organization>
      <Code>04040400</Code>
      <Directorate>
        <LongName>Direct For Social, Behav &amp; Economic Scie</LongName>
      </Directorate>
      <Division>
        <LongName>Division Of Behavioral and Cognitive Sci</LongName>
      </Division>
    </Organization>
    <ProgramOfficer>
      <SignBlockName>Mark L. Weiss</SignBlockName>
    </ProgramOfficer>
    <AbstractNarration>This study proposes to apply advanced engineering methods to study primate hip function. The primate hip joint is a complex structure that serves a wide range of purposes. A better understanding of this structure will not only facilitate our knowledge of hip joint function but also provide important evidence about the evolutionary process of early human locomotion. This is because the hip joint underwent substantial reorganization in the transition to a bipedal form of locomotion. Despite extensive research efforts devoted to this structure in the last two centuries, hip functions remain poorly understood. Up until now, most work has been confined to the documentation of the shape of the hip skeleton and little effort has been invested to analyze the functional implications of observed morphological traits. This project will take a comprehensive approach that has only recently become possible. It will for the first time systematically incorporate external hip morphology, internal trabecular bone density patterns, and functional loads into global femoral and acetabular models. It will examine the relationship between form and function in the hip of humans as well as various other large bodied primates. The objectives of this study are: (1) To quantify bone density patterns in behaviorally diverse monkeys, apes, and humans. (2) To test predictions concerning the biomechanical significance of isolated joint features. (3) To integrate external morphological features, internal architecture and joint loads into a single global model so that the relative sensitivity of single variables and sets of variables to joint forces and muscle forces can be investigated. (4) To use those variables which are found to be sound indicators of loading to reconstruct positional behavior in fossil species. This project will make substantial contributions in the following fields: (1) Comparative Functional Morphology: This study will contribute new information to the field of comparative anatomy by integrating data on joint surface geometry, trabecular bone density and mechanical loading. (2) Paleoanthropology: This study will extend our current understanding of form/function relationships in the hip of living primates and provide paleontologists with new tools to reconstruct positional behavior in extinct species. (3) Methodological Contribution: The integration of modern bone remodeling theories with computer and bioengineering technologies is a new approach in biological anthropology and will help to establish new research frontiers.</AbstractNarration>
    <MinAmdLetterDate>08/16/1996</MinAmdLetterDate>
    <MaxAmdLetterDate>08/17/2000</MaxAmdLetterDate>
    <ARRAAmount/>
    <AwardID>9600889</AwardID>
    <Investigator>
      <FirstName>Laura</FirstName>
      <LastName>MacLatchy</LastName>
      <EmailAddress>maclatch@umich.edu</EmailAddress>
      <StartDate>08/16/1996</StartDate>
      <EndDate/>
      <RoleCode>Co-Principal Investigator</RoleCode>
    </Investigator>
    <Investigator>
      <FirstName>Xingbin</FirstName>
      <LastName>Chen</LastName>
      <EmailAddress>chenb@sunysuffolk.edu</EmailAddress>
      <StartDate>08/16/1996</StartDate>
      <EndDate/>
      <RoleCode>Principal Investigator</RoleCode>
    </Investigator>
    <Institution>
      <Name>SUNY at Stony Brook</Name>
      <CityName>Stony Brook</CityName>
      <ZipCode>117940001</ZipCode>
      <PhoneNumber>6316329949</PhoneNumber>
      <StreetAddress>WEST 5510 FRK MEL LIB</StreetAddress>
      <CountryName>United States</CountryName>
      <StateName>New York</StateName>
      <StateCode>NY</StateCode>
    </Institution>
    <FoaInformation>
      <Code>0000099</Code>
      <Name>Other Applications NEC</Name>
    </FoaInformation>
    <FoaInformation>
      <Code>81</Code>
      <Name>Anthropology</Name>
    </FoaInformation>
    <ProgramElement>
      <Code>1392</Code>
      <Text>Biological Anthropology</Text>
    </ProgramElement>
    <ProgramReference>
      <Code>0000</Code>
      <Text>UNASSIGNED</Text>
    </ProgramReference>
    <ProgramReference>
      <Code>OTHR</Code>
      <Text>OTHER RESEARCH OR EDUCATION</Text>
    </ProgramReference>
  </Award>
</rootTag>
