<?xml version="1.0" encoding="UTF-8"?>

<rootTag>
  <Award>
    <AwardTitle>Doctoral Dissertation Research: Stigma, Spread and Status: Assessing the Impact of Physical Disability on Social Interaction</AwardTitle>
    <AwardEffectiveDate>05/01/1996</AwardEffectiveDate>
    <AwardExpirationDate>10/31/1997</AwardExpirationDate>
    <AwardAmount>7288</AwardAmount>
    <AwardInstrument>
      <Value>Standard Grant</Value>
    </AwardInstrument>
    <Organization>
      <Code>04050200</Code>
      <Directorate>
        <LongName>Direct For Social, Behav &amp; Economic Scie</LongName>
      </Directorate>
      <Division>
        <LongName>Divn Of Social and Economic Sciences</LongName>
      </Division>
    </Organization>
    <ProgramOfficer>
      <SignBlockName>Patricia White</SignBlockName>
    </ProgramOfficer>
    <AbstractNarration>9600171 Persons coping with physical disability face certain "social handicaps" above and beyond their physical limitation. Often persons coping with physical disability are stigmatized, in that they are perceived to be incompetent in areas unaffected by their specific physical disability. Two theoretical explanations suggest that competing mechanisms account for the spread of stigma: (1) the presence of a stigma may overwhelm all other aspects of an individual's social identity and becomes the only status cue used to characterize the individual's social standing in a group or (2) physical disability may combine with other relevant status cues to form a composite assessment of an individual's competency. This Dissertation Improvement research investigates experimentally the presence of a physical disability along with other relevant status cues to determine which of these two interpretations best models the social effects of physical disability. Participants consist of freshmen females at a large university who sign up to participate in the experiments. Once in the laboratory, participants will be exposed to videos of "partners on a decision making project." These partners will be either portrayed as deaf or hearing and having high, equivalent or low status relative to the particpants. The results of the proposed study will (1) enhance our understanding of the social effects of physical disability; (2) combine relevant research in group processes and disability studies; and (3) suggest possible intervention strategies to alleviate the social handicaps encountered by persons coping with physical disability. ****</AbstractNarration>
    <MinAmdLetterDate>04/29/1996</MinAmdLetterDate>
    <MaxAmdLetterDate>04/29/1996</MaxAmdLetterDate>
    <ARRAAmount/>
    <AwardID>9600171</AwardID>
    <Investigator>
      <FirstName>Michael</FirstName>
      <LastName>Lovaglia</LastName>
      <EmailAddress>michael-lovaglia@uiowa.edu</EmailAddress>
      <StartDate>04/29/1996</StartDate>
      <EndDate/>
      <RoleCode>Principal Investigator</RoleCode>
    </Investigator>
    <Institution>
      <Name>University of Iowa</Name>
      <CityName>IOWA CITY</CityName>
      <ZipCode>522421320</ZipCode>
      <PhoneNumber>3193352123</PhoneNumber>
      <StreetAddress>2 GILMORE HALL</StreetAddress>
      <CountryName>United States</CountryName>
      <StateName>Iowa</StateName>
      <StateCode>IA</StateCode>
    </Institution>
    <FoaInformation>
      <Code>0116000</Code>
      <Name>Human Subjects</Name>
    </FoaInformation>
  </Award>
</rootTag>
