<?xml version="1.0" encoding="UTF-8"?>

<rootTag>
  <Award>
    <AwardTitle>U.S.-Brazil Cooperative Environmental Research Using Phytoremediation and New Flotation Techniques</AwardTitle>
    <AwardEffectiveDate>10/01/1996</AwardEffectiveDate>
    <AwardExpirationDate>09/30/2000</AwardExpirationDate>
    <AwardAmount>21434</AwardAmount>
    <AwardInstrument>
      <Value>Standard Grant</Value>
    </AwardInstrument>
    <Organization>
      <Code>01090000</Code>
      <Directorate>
        <LongName>Office Of The Director</LongName>
      </Directorate>
      <Division>
        <LongName>Office Of Internatl Science &amp;Engineering</LongName>
      </Division>
    </Organization>
    <ProgramOfficer>
      <SignBlockName>Francis J. Wodarczyk</SignBlockName>
    </ProgramOfficer>
    <AbstractNarration>9600181 Smith This U.S.-Brazil collaborative research project is led by Ross Smith and Manoranjan Mitra of the University of Nevada Reno in conjunction with Jorge Rubio Rojas of the Federal University of Rio Grande do Sul in Brazil. The two groups will unite their expertise to focus on the problems of contamination of waters and soils by heavy metals, including radio nuclides, oils, and other waste, making use of the experience in phytoremediation for heavy metals of the U.S. group and the use by the Brazilian group of hydrophobic aquatic plants for removal of oils. Mechanisms contributing to metal ion or oil uptake will be studied in detail. New floatation techniques centering around variants of tall column devices will also be expanded. The work takes advantage of overlapping areas of expertise in the two countries and will contribute significantly to the development of graduate students who will participate. The support for the Brazilian team is provided by CNPq as part of a bilateral U.S.-Brazil agreement. ***</AbstractNarration>
    <MinAmdLetterDate>09/16/1996</MinAmdLetterDate>
    <MaxAmdLetterDate>02/25/2000</MaxAmdLetterDate>
    <ARRAAmount/>
    <AwardID>9600181</AwardID>
    <Investigator>
      <FirstName>Ross</FirstName>
      <LastName>Smith</LastName>
      <EmailAddress>smithrw@scs.unr.edu</EmailAddress>
      <StartDate>09/16/1996</StartDate>
      <EndDate/>
      <RoleCode>Principal Investigator</RoleCode>
    </Investigator>
    <Investigator>
      <FirstName>Manoranjan</FirstName>
      <LastName>Misra</LastName>
      <EmailAddress>mano.misra@utah.edu</EmailAddress>
      <StartDate>09/16/1996</StartDate>
      <EndDate/>
      <RoleCode>Co-Principal Investigator</RoleCode>
    </Investigator>
    <Institution>
      <Name>Board of Regents, NSHE, obo University of Nevada, Reno</Name>
      <CityName>Reno</CityName>
      <ZipCode>895570001</ZipCode>
      <PhoneNumber>7757844040</PhoneNumber>
      <StreetAddress>1664 North Virginia Street</StreetAddress>
      <CountryName>United States</CountryName>
      <StateName>Nevada</StateName>
      <StateCode>NV</StateCode>
    </Institution>
    <FoaInformation>
      <Code>0118000</Code>
      <Name>Pollution Control</Name>
    </FoaInformation>
    <FoaInformation>
      <Code>0313040</Code>
      <Name>Water Pollution</Name>
    </FoaInformation>
    <FoaInformation>
      <Code>53</Code>
      <Name>Engineering-Chemical</Name>
    </FoaInformation>
  </Award>
</rootTag>
