<?xml version="1.0" encoding="UTF-8"?>

<rootTag>
  <Award>
    <AwardTitle>A Genetic Stock Center for Peromyscus</AwardTitle>
    <AwardEffectiveDate>02/15/1997</AwardEffectiveDate>
    <AwardExpirationDate>07/31/1999</AwardExpirationDate>
    <AwardAmount>347443</AwardAmount>
    <AwardInstrument>
      <Value>Continuing grant</Value>
    </AwardInstrument>
    <Organization>
      <Code>08080204</Code>
      <Directorate>
        <LongName>Direct For Biological Sciences</LongName>
      </Directorate>
      <Division>
        <LongName>Div Of Biological Infrastructure</LongName>
      </Division>
    </Organization>
    <ProgramOfficer>
      <SignBlockName>Gerald Selzer</SignBlockName>
    </ProgramOfficer>
    <AbstractNarration>9600960 Dawson This award renews support of a collection of deer mice (Peromyscus) used by government and academic researchers across the US. The collection includes 6 species and about 30 mutants and inbred lines. Peromyscus is important in a diverse set of areas of biological research, including ecology, animal behavior, and population biology. Because the deer mouse is the usual host for the hantavirus in nature, the collection has been of significant use for research into human transmission of the virus since the Four Corners outbreak in 1993. The virus has become common in wild populations of Peromyscus, and use of the collection has increased as this threat to human health posed by the use of wild-caught animals has become appreciated.</AbstractNarration>
    <MinAmdLetterDate>02/14/1997</MinAmdLetterDate>
    <MaxAmdLetterDate>02/24/1999</MaxAmdLetterDate>
    <ARRAAmount/>
    <AwardID>9600960</AwardID>
    <Investigator>
      <FirstName>Wallace</FirstName>
      <LastName>Dawson</LastName>
      <EmailAddress>dawson@biol.sc.edu</EmailAddress>
      <StartDate>02/14/1997</StartDate>
      <EndDate/>
      <RoleCode>Principal Investigator</RoleCode>
    </Investigator>
    <Institution>
      <Name>University of South Carolina at Columbia</Name>
      <CityName>COLUMBIA</CityName>
      <ZipCode>292080001</ZipCode>
      <PhoneNumber>8037777093</PhoneNumber>
      <StreetAddress>Sponsored Awards Management</StreetAddress>
      <CountryName>United States</CountryName>
      <StateName>South Carolina</StateName>
      <StateCode>SC</StateCode>
    </Institution>
    <FoaInformation>
      <Code>0000099</Code>
      <Name>Other Applications NEC</Name>
    </FoaInformation>
  </Award>
</rootTag>
