<?xml version="1.0" encoding="UTF-8"?>

<rootTag>
  <Award>
    <AwardTitle>Japan JSPS Program: Computational Studies of Novel Carbenes and Nitrines</AwardTitle>
    <AwardEffectiveDate>06/01/1996</AwardEffectiveDate>
    <AwardExpirationDate>05/31/1997</AwardExpirationDate>
    <AwardAmount>7436</AwardAmount>
    <AwardInstrument>
      <Value>Fellowship</Value>
    </AwardInstrument>
    <Organization>
      <Code>01090000</Code>
      <Directorate>
        <LongName>Office Of The Director</LongName>
      </Directorate>
      <Division>
        <LongName>Office Of Internatl Science &amp;Engineering</LongName>
      </Division>
    </Organization>
    <ProgramOfficer>
      <SignBlockName>Larry H. Weber</SignBlockName>
    </ProgramOfficer>
    <AbstractNarration>9600174 Nicolaides This award supports a 12 month Japan Society for the Promotion of Science (JSPS) Postdoctoral Fellowship for Dr. Athanassios Nicolaides at the Chemistry Department for Materials, Mie University, Mie, Japan. Dr. Nicolaides will work with Dr. Hideo Tomioka, Professor of Engineering, on a research project entitled, "Computational Studies of Novel Carbenes and Nitrenes." The proposed research focuses on an effort to design, synthesize, and characterize novel compounds containing carbenic and/or nitrenic centers linked by strong ferromagnetic coupling units. In contrast to normal organic compounds, carbenes and nitrenes interact strongly with magnetic fields, making them promising building blocks for the synthesis of organic materials with magnetic properties comparable to or even better than those of metals. The proposed research aims at understanding how the life-time of such reactive species can be extended, while both preserving their desirable magnetic properties and understanding how such properties can be improved. Although this is a relatively new topic of research, the compounds being tested are highly reactive and, as such, are of a high scientific and technological significance. ***</AbstractNarration>
    <MinAmdLetterDate>06/04/1996</MinAmdLetterDate>
    <MaxAmdLetterDate>06/04/1996</MaxAmdLetterDate>
    <ARRAAmount/>
    <AwardID>9600174</AwardID>
    <Investigator>
      <FirstName>Athanassios</FirstName>
      <LastName>Nicolaides</LastName>
      <EmailAddress>AN@RSCHP1.ANU.EDU.AU</EmailAddress>
      <StartDate>06/04/1996</StartDate>
      <EndDate/>
      <RoleCode>Principal Investigator</RoleCode>
    </Investigator>
    <Institution>
      <Name>TX Fellowships</Name>
      <CityName>Arlington</CityName>
      <ZipCode>22230</ZipCode>
      <PhoneNumber></PhoneNumber>
      <StreetAddress></StreetAddress>
      <CountryName>United States</CountryName>
      <StateName>Texas</StateName>
      <StateCode>TX</StateCode>
    </Institution>
  </Award>
</rootTag>
