<?xml version="1.0" encoding="UTF-8"?>

<rootTag>
  <Award>
    <AwardTitle>Japan JSPS Program: Global Magnetohydrodynamic Simulations of the Magnetosphere's Response to Variations in Upstream Interplanetary Conditions</AwardTitle>
    <AwardEffectiveDate>06/15/1996</AwardEffectiveDate>
    <AwardExpirationDate>08/31/1997</AwardExpirationDate>
    <AwardAmount>3000</AwardAmount>
    <AwardInstrument>
      <Value>Fellowship</Value>
    </AwardInstrument>
    <Organization>
      <Code>01090000</Code>
      <Directorate>
        <LongName>Office Of The Director</LongName>
      </Directorate>
      <Division>
        <LongName>Office Of Internatl Science &amp;Engineering</LongName>
      </Division>
    </Organization>
    <ProgramOfficer>
      <SignBlockName>Larry H. Weber</SignBlockName>
    </ProgramOfficer>
    <AbstractNarration>9600340 Bargatze The award supports for a 12-month Japan Society for the Promotion of Science (JSPS) Postdoctoral Fellowship for Dr. Lee F. Bargatze at the Solar-Terrestrial Environment Laboratory (STELAB), Toyokawa, Japan. Dr. Bargatze will work with Dr. Tatsuki Ogino, Researcher at STELAB and Associate Professmr at Nagoya University, on the research project entitled: "Global Magnetohydrodynamic Simulations of the Magneto-sphere's Response to Variations in Upstream Solar Wind Conditions." The proposed research entails the use of computer simulations to study the interactions between the solar wind and the Earth's magnetic field on a global scale. The simulations will be compared with empirical data to study the structure and dynamics of the Earth's magnetospheric system. In particular, the work will focus on the dynamical response of the magnetosphere to sudden changes in the upstream solar wind conditions such as interplanetary magnetic field rotations. The solar wind-magnetosphere interaction, which generates the aurorae and produces magnetic storms and substorms, is an area of common interest for Drs. Bargatze and Ogino. In collaboration with scientists from Japan, Dr. Bargatze will utilize the results of the proposed research to further the international understanding of the coupling between the solar wind and the terrestrial magnetosphere and to improve models describing the global system response to time variations of solar wind input parameters that define the upstream interplanetary conditions. ***</AbstractNarration>
    <MinAmdLetterDate>06/06/1996</MinAmdLetterDate>
    <MaxAmdLetterDate>06/06/1996</MaxAmdLetterDate>
    <ARRAAmount/>
    <AwardID>9600340</AwardID>
    <Investigator>
      <FirstName>Lee</FirstName>
      <LastName>Bargatze</LastName>
      <EmailAddress>lfb@igpp.ucla.edu</EmailAddress>
      <StartDate>06/06/1996</StartDate>
      <EndDate/>
      <RoleCode>Principal Investigator</RoleCode>
    </Investigator>
    <Institution>
      <Name>Fellowships</Name>
      <CityName>Arlington</CityName>
      <ZipCode>22230</ZipCode>
      <PhoneNumber></PhoneNumber>
      <StreetAddress></StreetAddress>
      <CountryName>United States</CountryName>
      <StateName>Virginia</StateName>
      <StateCode>VA</StateCode>
    </Institution>
  </Award>
</rootTag>
