<?xml version="1.0" encoding="UTF-8"?>

<rootTag>
  <Award>
    <AwardTitle>International Research Fellow Awards Program: Identifying Targets of the AP-1 Transcription Complex</AwardTitle>
    <AwardEffectiveDate>06/01/1996</AwardEffectiveDate>
    <AwardExpirationDate>05/31/1997</AwardExpirationDate>
    <AwardAmount>27705</AwardAmount>
    <AwardInstrument>
      <Value>Fellowship</Value>
    </AwardInstrument>
    <Organization>
      <Code>01090000</Code>
      <Directorate>
        <LongName>Office Of The Director</LongName>
      </Directorate>
      <Division>
        <LongName>Office Of Internatl Science &amp;Engineering</LongName>
      </Division>
    </Organization>
    <ProgramOfficer>
      <SignBlockName>Susan Parris</SignBlockName>
    </ProgramOfficer>
    <AbstractNarration>9600360 Blaumueller The International Research Fellow Awards Program enables U.S. scientists and engineers to conduct three to twentyfour months of research abroad. The program's awards provide opportunities for joint research, and the use of unique or complementary facilities, expertise and experimental conditions abroad. This award will support a twelve-month postdoctoral research visit which will support Dr. Christine M. Blaumueller to work with Dr. Marek Mlodzik at the European Molecular Biology Laboratory, in Heidelberg, Germany. Dr. Blaumueller's project is to identify targets of the AP-1 transciption complex by: 1) Performing a preliminary genetic screen for modifiers of a phenotype produced by the expression of a constitutively activated Jun mutant in Drosophilia photoreceptor recursors, 2) Characterizing mutant phenotypes/genetic interactions of these modifiers, 3) Genetically and molecularly mapping modifier genes, and molecularly cloning the most interesting of these genes, and 4) Characterizing any molecular/biochemical interactions between modifier genes and Jun. ***</AbstractNarration>
    <MinAmdLetterDate>05/28/1996</MinAmdLetterDate>
    <MaxAmdLetterDate>05/28/1996</MaxAmdLetterDate>
    <ARRAAmount/>
    <AwardID>9600360</AwardID>
    <Investigator>
      <FirstName>Christine</FirstName>
      <LastName>Blaumueller</LastName>
      <EmailAddress/>
      <StartDate>05/28/1996</StartDate>
      <EndDate/>
      <RoleCode>Principal Investigator</RoleCode>
    </Investigator>
    <Institution>
      <Name>Fellowships</Name>
      <CityName>Arlington</CityName>
      <ZipCode>22230</ZipCode>
      <PhoneNumber/>
      <StreetAddress/>
      <CountryName>United States</CountryName>
      <StateName>Virginia</StateName>
      <StateCode>VA</StateCode>
    </Institution>
    <FoaInformation>
      <Code>0203000</Code>
      <Name>Health</Name>
    </FoaInformation>
  </Award>
</rootTag>
