<?xml version="1.0" encoding="UTF-8"?>

<rootTag>
  <Award>
    <AwardTitle>U.S.-Brazil Cooperative Research: Magnetic Response of ThinMetallic Films and Multilayers</AwardTitle>
    <AwardEffectiveDate>04/01/1996</AwardEffectiveDate>
    <AwardExpirationDate>09/30/1999</AwardExpirationDate>
    <AwardAmount>19950</AwardAmount>
    <AwardInstrument>
      <Value>Standard Grant</Value>
    </AwardInstrument>
    <Organization>
      <Code>01090000</Code>
      <Directorate>
        <LongName>Office Of The Director</LongName>
      </Directorate>
      <Division>
        <LongName>Office Of Internatl Science &amp;Engineering</LongName>
      </Division>
    </Organization>
    <ProgramOfficer>
      <SignBlockName>Susan Parris</SignBlockName>
    </ProgramOfficer>
    <AbstractNarration>9600016 Ellis Donald Ellis and John Ketterson of Northwestern University will collaborate with workers at the Centro Brasileiro de Pesquisas Fisicas (CBPF), led by Elisa Baggio-Saitovitch. They will use state-of-the-art computational and experimental techniques at each institution to model and perform in situ experimental studies of the magnetic response of thin metallic films and multilayers. The exceptional characteristics of synchrotron radiation will be exploited to study the evolution of the overall magnetic response of thin magnetic layers and multilayers as a function of their local and global environment. As part of the investigation, the technique of synchrotron Moessbauer spectroscopy will be developed and applied, perfecting a new and speedy technique for materials science at large. This international collaboration builds on over 10 years of cooperative effort and research, moving through several phases of theoretical and experimental work. CBPF has in the last few years received funding to build a Magnetic Film Laboratory, now providing extensive capabilities for vapor deposition of ordered and amorphous films, x-ray characterization, and Moessbauer, NMR and perturbed angular correlation spectroscopy. ****</AbstractNarration>
    <MinAmdLetterDate>03/13/1996</MinAmdLetterDate>
    <MaxAmdLetterDate>03/13/1996</MaxAmdLetterDate>
    <ARRAAmount/>
    <AwardID>9600016</AwardID>
    <Investigator>
      <FirstName>Donald</FirstName>
      <LastName>Ellis</LastName>
      <EmailAddress>don-ellis@northwestern.edu</EmailAddress>
      <StartDate>03/13/1996</StartDate>
      <EndDate/>
      <RoleCode>Principal Investigator</RoleCode>
    </Investigator>
    <Investigator>
      <FirstName>John</FirstName>
      <LastName>Ketterson</LastName>
      <EmailAddress>j-ketterson@northwestern.edu</EmailAddress>
      <StartDate>03/13/1996</StartDate>
      <EndDate/>
      <RoleCode>Co-Principal Investigator</RoleCode>
    </Investigator>
    <Institution>
      <Name>Northwestern University</Name>
      <CityName>Evanston</CityName>
      <ZipCode>602013149</ZipCode>
      <PhoneNumber>8474913003</PhoneNumber>
      <StreetAddress>1801 Maple Ave.</StreetAddress>
      <CountryName>United States</CountryName>
      <StateName>Illinois</StateName>
      <StateCode>IL</StateCode>
    </Institution>
    <FoaInformation>
      <Code>14</Code>
      <Name>Condensed Matter Physics</Name>
    </FoaInformation>
  </Award>
</rootTag>
