<?xml version="1.0" encoding="UTF-8"?>

<rootTag>
  <Award>
    <AwardTitle>Tables, Graphs, and the Spirit of Systems</AwardTitle>
    <AwardEffectiveDate>09/15/1996</AwardEffectiveDate>
    <AwardExpirationDate>08/31/1998</AwardExpirationDate>
    <AwardAmount>70000</AwardAmount>
    <AwardInstrument>
      <Value>Standard Grant</Value>
    </AwardInstrument>
    <Organization>
      <Code>04050300</Code>
      <Directorate>
        <LongName>Direct For Social, Behav &amp; Economic Scie</LongName>
      </Directorate>
      <Division>
        <LongName>Divn Of Social and Economic Sciences</LongName>
      </Division>
    </Organization>
    <ProgramOfficer>
      <SignBlockName>Michael M. Sokal</SignBlockName>
    </ProgramOfficer>
    <AbstractNarration>The purpose of this research is to write a history of tables and graphs, then to use that historical insight to understand how such new representational techniques influenced scientific reasoning. More specifically, the focal concern is how new representational techniques influenced the transition from taxonomic logic (that arranges items by categories) to functional logic (that establishes continuous relationships between variables). The project will accomplish this by first surveying the use of tables and graphs in the published scientific literature since the Renaissance, then studying the context of such representations to understand how they were used by scientists to draw inferences about nature.</AbstractNarration>
    <MinAmdLetterDate>08/12/1996</MinAmdLetterDate>
    <MaxAmdLetterDate>08/12/1996</MaxAmdLetterDate>
    <ARRAAmount/>
    <AwardID>9600414</AwardID>
    <Investigator>
      <FirstName>Thomas</FirstName>
      <LastName>Hankins</LastName>
      <EmailAddress/>
      <StartDate>08/12/1996</StartDate>
      <EndDate/>
      <RoleCode>Principal Investigator</RoleCode>
    </Investigator>
    <Institution>
      <Name>University of Washington</Name>
      <CityName>Seattle</CityName>
      <ZipCode>981950001</ZipCode>
      <PhoneNumber>2065434043</PhoneNumber>
      <StreetAddress>4333 Brooklyn Ave NE</StreetAddress>
      <CountryName>United States</CountryName>
      <StateName>Washington</StateName>
      <StateCode>WA</StateCode>
    </Institution>
    <FoaInformation>
      <Code>0000099</Code>
      <Name>Other Applications NEC</Name>
    </FoaInformation>
    <FoaInformation>
      <Code>83</Code>
      <Name>History</Name>
    </FoaInformation>
    <ProgramElement>
      <Code>1353</Code>
      <Text>Hist &amp; Philosophy of SET</Text>
    </ProgramElement>
    <ProgramReference>
      <Code>0000</Code>
      <Text>UNASSIGNED</Text>
    </ProgramReference>
    <ProgramReference>
      <Code>OTHR</Code>
      <Text>OTHER RESEARCH OR EDUCATION</Text>
    </ProgramReference>
  </Award>
</rootTag>
