<?xml version="1.0" encoding="UTF-8"?>

<rootTag>
  <Award>
    <AwardTitle>Detector R&amp;D and Project Costs for CMS</AwardTitle>
    <AwardEffectiveDate>08/15/1996</AwardEffectiveDate>
    <AwardExpirationDate>12/31/1997</AwardExpirationDate>
    <AwardAmount>200000</AwardAmount>
    <AwardInstrument>
      <Value>Standard Grant</Value>
    </AwardInstrument>
    <Organization>
      <Code>03010200</Code>
      <Directorate>
        <LongName>Direct For Mathematical &amp; Physical Scien</LongName>
      </Directorate>
      <Division>
        <LongName>Division Of Physics</LongName>
      </Division>
    </Organization>
    <ProgramOfficer>
      <SignBlockName>MARVIN GOLDBERG</SignBlockName>
    </ProgramOfficer>
    <AbstractNarration>This proposal will provide necessary R&amp;D for a group of Universities participating in the CMS collaboration at the LHC. The University of California at San Diego group, will address design a trigger and data acquisition (DAQ) electronics; Johns Hopkins will be concerned with the silicon pixel and strip tracking devices and with computation and software design; the University of Illinois at Chicago will be concerned with the signal transmitting fibers of the scintillator-tile hadron calorimetry; Nebraska will participate in development of the luminosity monitor; Northeastern will be concerned with developing improved avalanche photo-detector (APD) devices to convert optical to electric pulses from the calorimeters, microstrip gas chamber trackers, and computing and software; Notre Dame will design devices to couple transmission optical fibers from the hadron calorimeters to their readout; Virginia Tech will participate in testing photodetectors. All groups will, as appropriate, will produce prototypes and engage in beam tests.</AbstractNarration>
    <MinAmdLetterDate>08/29/1996</MinAmdLetterDate>
    <MaxAmdLetterDate>08/29/1996</MaxAmdLetterDate>
    <ARRAAmount/>
    <AwardID>9600322</AwardID>
    <Investigator>
      <FirstName>Stephen</FirstName>
      <LastName>Reucroft</LastName>
      <EmailAddress>stephen.reucroft@cern.ch</EmailAddress>
      <StartDate>08/29/1996</StartDate>
      <EndDate/>
      <RoleCode>Principal Investigator</RoleCode>
    </Investigator>
    <Institution>
      <Name>Northeastern University</Name>
      <CityName>BOSTON</CityName>
      <ZipCode>021155005</ZipCode>
      <PhoneNumber>6173732508</PhoneNumber>
      <StreetAddress>360 HUNTINGTON AVE</StreetAddress>
      <CountryName>United States</CountryName>
      <StateName>Massachusetts</StateName>
      <StateCode>MA</StateCode>
    </Institution>
    <FoaInformation>
      <Code>13</Code>
      <Name>Physics</Name>
    </FoaInformation>
    <FoaInformation>
      <Code>0000099</Code>
      <Name>Other Applications NEC</Name>
    </FoaInformation>
  </Award>
</rootTag>
