<?xml version="1.0" encoding="UTF-8"?>

<rootTag>
  <Award>
    <AwardTitle>Theory of Atomic Collisions</AwardTitle>
    <AwardEffectiveDate>03/01/1996</AwardEffectiveDate>
    <AwardExpirationDate>02/29/2000</AwardExpirationDate>
    <AwardAmount>230999</AwardAmount>
    <AwardInstrument>
      <Value>Continuing grant</Value>
    </AwardInstrument>
    <Organization>
      <Code>03010500</Code>
      <Directorate>
        <LongName>Direct For Mathematical &amp; Physical Scien</LongName>
      </Directorate>
      <Division>
        <LongName>Division Of Physics</LongName>
      </Division>
    </Organization>
    <ProgramOfficer>
      <SignBlockName>Barry I. Schneider</SignBlockName>
    </ProgramOfficer>
    <AbstractNarration>9600017 Macek A number of projects involving the correlated motion of three particles of arbitrary mass and charge will be undertaken. The mode of attack is based on a recently developed integral expression which has been evaluated using complex variable theory. Emphasis is on the confrontation of theory and experiment to test the physical pictures of correlated motion which have arisen in diverse fields such as ion-atom interactions, electron impact and photon processes. ***</AbstractNarration>
    <MinAmdLetterDate>04/11/1996</MinAmdLetterDate>
    <MaxAmdLetterDate>12/16/1997</MaxAmdLetterDate>
    <ARRAAmount/>
    <AwardID>9600017</AwardID>
    <Investigator>
      <FirstName>Joseph</FirstName>
      <LastName>Macek</LastName>
      <EmailAddress>jmacek@utk.edu</EmailAddress>
      <StartDate>04/11/1996</StartDate>
      <EndDate/>
      <RoleCode>Principal Investigator</RoleCode>
    </Investigator>
    <Institution>
      <Name>University of Tennessee Knoxville</Name>
      <CityName>KNOXVILLE</CityName>
      <ZipCode>379960003</ZipCode>
      <PhoneNumber>8659743466</PhoneNumber>
      <StreetAddress>1 CIRCLE PARK</StreetAddress>
      <CountryName>United States</CountryName>
      <StateName>Tennessee</StateName>
      <StateCode>TN</StateCode>
    </Institution>
  </Award>
</rootTag>
