<?xml version="1.0" encoding="UTF-8"?>

<rootTag>
  <Award>
    <AwardTitle>NSF-CGP Fellowship: Studies on Single Crystal Molybdenum Carbide</AwardTitle>
    <AwardEffectiveDate>09/01/1996</AwardEffectiveDate>
    <AwardExpirationDate>11/30/1997</AwardExpirationDate>
    <AwardAmount>105319</AwardAmount>
    <AwardInstrument>
      <Value>Standard Grant</Value>
    </AwardInstrument>
    <Organization>
      <Code>01090000</Code>
      <Directorate>
        <LongName>Office Of The Director</LongName>
      </Directorate>
      <Division>
        <LongName>Office Of Internatl Science &amp;Engineering</LongName>
      </Division>
    </Organization>
    <ProgramOfficer>
      <SignBlockName>Randall Soderquist</SignBlockName>
    </ProgramOfficer>
    <AbstractNarration>9600323 Oyama This proposal supports the collaboration of Dr. Ted Oyama of the Department of Chemical Engineering at Virginia Polytechnic Institute and Dr. Yasuhiro Iwasawa of the Department of Chemistry at the University of Tokyo. Project funding will enable Dr. Oyama to spend one year in Japan, resident at the University of Tokyo, in order to study the structure and adsorption properties of single crystal molybdenum carbide. Dr. Oyama has previously studied the catalytic properties of molybdenum carbide in the form of supported and unsupported powders. The collaboration with Prof. Iwasawa will allow fundamental studies of the system using advanced physico-chemical tools available in Prof. Iwasawa's laboratory. These include ultra-high vacuum spectroscopies and scanning tunneling microscopy. This proposal brings toeether research scientists from two countries working in the area of new materials and catalysis. The U. S. scientist will have the opportunity to become familiar with research techniques, equipment, and facilities at the University of Tokyo while carrying out the research mission. This proposal thus fulfills the objectives of the Program in its exchange and transfer of scientific knowledge through an international collaboration. ***</AbstractNarration>
    <MinAmdLetterDate>05/03/1996</MinAmdLetterDate>
    <MaxAmdLetterDate>05/03/1996</MaxAmdLetterDate>
    <ARRAAmount/>
    <AwardID>9600323</AwardID>
    <Investigator>
      <FirstName>S. Ted</FirstName>
      <LastName>Oyama</LastName>
      <EmailAddress>OYAMA@VT.EDU</EmailAddress>
      <StartDate>05/03/1996</StartDate>
      <EndDate/>
      <RoleCode>Principal Investigator</RoleCode>
    </Investigator>
    <Institution>
      <Name>Virginia Polytechnic Institute and State University</Name>
      <CityName>BLACKSBURG</CityName>
      <ZipCode>240610001</ZipCode>
      <PhoneNumber>5402315281</PhoneNumber>
      <StreetAddress>Sponsored Programs 0170</StreetAddress>
      <CountryName>United States</CountryName>
      <StateName>Virginia</StateName>
      <StateCode>VA</StateCode>
    </Institution>
    <FoaInformation>
      <Code>0000099</Code>
      <Name>Other Applications NEC</Name>
    </FoaInformation>
    <FoaInformation>
      <Code>53</Code>
      <Name>Engineering-Chemical</Name>
    </FoaInformation>
    <ProgramElement>
      <Code>8270</Code>
      <Text>JAPAN-U.S. FELLOWSHIPS PROG-RE</Text>
    </ProgramElement>
    <ProgramReference>
      <Code>0000</Code>
      <Text>UNASSIGNED</Text>
    </ProgramReference>
    <ProgramReference>
      <Code>OTHR</Code>
      <Text>OTHER RESEARCH OR EDUCATION</Text>
    </ProgramReference>
  </Award>
</rootTag>
