<?xml version="1.0" encoding="UTF-8"?>

<rootTag>
  <Award>
    <AwardTitle>U.S.-U.K. Cooperative Research: Storage Management for Persistent Programming Languages</AwardTitle>
    <AwardEffectiveDate>07/01/1996</AwardEffectiveDate>
    <AwardExpirationDate>06/30/2001</AwardExpirationDate>
    <AwardAmount>18000</AwardAmount>
    <AwardInstrument>
      <Value>Standard Grant</Value>
    </AwardInstrument>
    <Organization>
      <Code>01090000</Code>
      <Directorate>
        <LongName>Office Of The Director</LongName>
      </Directorate>
      <Division>
        <LongName>Office Of Internatl Science &amp;Engineering</LongName>
      </Division>
    </Organization>
    <ProgramOfficer>
      <SignBlockName>Rose Gombay</SignBlockName>
    </ProgramOfficer>
    <AbstractNarration>This three-year award supports U.S.-United Kingdom cooperative research in software programming languages between J. Eliot Moss of the University of Massachusetts and Ron Morrison of the University of St. Andrews in Fife, United Kingdom. The objective of their research is to extend main object space algorithms for use in collecting persistent object databases. This so-called garbage collection scheme will locate, and organize for reuse, memory containing data which is no longer accessible in databases. The project brings together two compatible and complementary research groups in persistence research. The algorithm extensions will be designed jointly, and then implemented, evaluated and integrated into each team's existing database systems. The project will advance our understanding of the management of huge amounts of data in object databases.</AbstractNarration>
    <MinAmdLetterDate>05/01/1996</MinAmdLetterDate>
    <MaxAmdLetterDate>07/14/2000</MaxAmdLetterDate>
    <ARRAAmount/>
    <AwardID>9600216</AwardID>
    <Investigator>
      <FirstName>J. Eliot</FirstName>
      <LastName>Moss</LastName>
      <EmailAddress>moss@cs.umass.edu</EmailAddress>
      <StartDate>05/01/1996</StartDate>
      <EndDate/>
      <RoleCode>Principal Investigator</RoleCode>
    </Investigator>
    <Institution>
      <Name>University of Massachusetts Amherst</Name>
      <CityName>Hadley</CityName>
      <ZipCode>010359450</ZipCode>
      <PhoneNumber>4135450698</PhoneNumber>
      <StreetAddress>Research Administration Building</StreetAddress>
      <CountryName>United States</CountryName>
      <StateName>Massachusetts</StateName>
      <StateCode>MA</StateCode>
    </Institution>
    <FoaInformation>
      <Code>0108000</Code>
      <Name>Software Development</Name>
    </FoaInformation>
    <FoaInformation>
      <Code>31</Code>
      <Name>Computer Science &amp; Engineering</Name>
    </FoaInformation>
    <ProgramElement>
      <Code>5980</Code>
      <Text>WESTERN EUROPE PROGRAM</Text>
    </ProgramElement>
    <ProgramReference>
      <Code>5980</Code>
      <Text>WESTERN EUROPE PROGRAM</Text>
    </ProgramReference>
    <ProgramReference>
      <Code>9216</Code>
      <Text>ADVANCED SOFTWARE TECH &amp; ALGOR</Text>
    </ProgramReference>
    <ProgramReference>
      <Code>HPCC</Code>
      <Text>HIGH PERFORMANCE COMPUTING &amp; COMM</Text>
    </ProgramReference>
  </Award>
</rootTag>
