<?xml version="1.0" encoding="UTF-8"?>

<rootTag>
  <Award>
    <AwardTitle>International Research Fellows Awards Program: Production of a Microfabricated Chemical Analysis Platform for Field- Portable Environmental Monitoring</AwardTitle>
    <AwardEffectiveDate>08/01/1996</AwardEffectiveDate>
    <AwardExpirationDate>07/31/1997</AwardExpirationDate>
    <AwardAmount>41800</AwardAmount>
    <AwardInstrument>
      <Value>Fellowship</Value>
    </AwardInstrument>
    <Organization>
      <Code>01090000</Code>
      <Directorate>
        <LongName>Office Of The Director</LongName>
      </Directorate>
      <Division>
        <LongName>Office Of Internatl Science &amp;Engineering</LongName>
      </Division>
    </Organization>
    <ProgramOfficer>
      <SignBlockName>Susan Parris</SignBlockName>
    </ProgramOfficer>
    <AbstractNarration>9600236 Roberts The International Research Fellow Awards Program enables U.S. scientists and engineers to conduct three to twentyfour months of research abroad. The program's awards provide opportunities for joint research, and the use of unique or complementary facilities, expertise and experimental conditions abroad. This award will support a twelve-month postdoctoral research visit which will support Dr. Matthew A. Roberts to work with Dr. Hubert Girault at the Ecole Polytechnique Federal de Lausanne in Switzerland. The objective of this project is to 1) produce a microfabricated liquid handling device with an interdigitated array (IDA) electrochemical (EC) detection cell and 2) to utilize IDAs for EC detection of immunoassays within the proposed microfabricated liquid handling device. The production of this miniaturized chemical analysis system device will be able to monitor environmental pollutants in a truly field-portable fashion. Analysis times of less than five minutes are expected which could be used for the rapid analysis of priority pollutants and quick mapping of contaminant mobility at remediation sites. This technology will help reduce characterization and overall remediation costs at sites associated with national Superfund programs due to these advantages. ***</AbstractNarration>
    <MinAmdLetterDate>05/03/1996</MinAmdLetterDate>
    <MaxAmdLetterDate>05/03/1996</MaxAmdLetterDate>
    <ARRAAmount/>
    <AwardID>9600236</AwardID>
    <Investigator>
      <FirstName>Matthew</FirstName>
      <LastName>Roberts</LastName>
      <EmailAddress>mar3@cornell.edu</EmailAddress>
      <StartDate>05/03/1996</StartDate>
      <EndDate/>
      <RoleCode>Principal Investigator</RoleCode>
    </Investigator>
    <Institution>
      <Name>Fellowships</Name>
      <CityName>Arlington</CityName>
      <ZipCode>22230</ZipCode>
      <PhoneNumber/>
      <StreetAddress/>
      <CountryName>United States</CountryName>
      <StateName>Virginia</StateName>
      <StateCode>VA</StateCode>
    </Institution>
    <FoaInformation>
      <Code>40</Code>
      <Name>Environmental Sciences</Name>
    </FoaInformation>
    <FoaInformation>
      <Code>0118000</Code>
      <Name>Pollution Control</Name>
    </FoaInformation>
  </Award>
</rootTag>
