<?xml version="1.0" encoding="UTF-8"?>

<rootTag>
  <Award>
    <AwardTitle>NSF-CGP Fellowship: Issues in Heterogeneous High Performance Computing</AwardTitle>
    <AwardEffectiveDate>06/01/1996</AwardEffectiveDate>
    <AwardExpirationDate>05/31/1999</AwardExpirationDate>
    <AwardAmount>100517</AwardAmount>
    <AwardInstrument>
      <Value>Standard Grant</Value>
    </AwardInstrument>
    <Organization>
      <Code>01090000</Code>
      <Directorate>
        <LongName>Office Of The Director</LongName>
      </Directorate>
      <Division>
        <LongName>Office Of Internatl Science &amp;Engineering</LongName>
      </Division>
    </Organization>
    <ProgramOfficer>
      <SignBlockName>Gerald Edwards</SignBlockName>
    </ProgramOfficer>
    <AbstractNarration>9600328, PI-Schlichting: This award supports the collaboration of Dr. Richard D. Schlichtilg of the Department of Computer Science at the University or Arizona, and Dr. Sigeo Ihara of the Intelligent Systems Department at Hitachi Ltd.'s Central Research Laboratory (CRL). Funding from the project will allow Dr. Schlichting to spend one year in Japan in residence at CRL collaborating with Dr. Ihara on issues in heterogeneous high performance computing. Dr. Schlichting will contribute a computer science perspective to the project based on his long-standing research effort to develop software support for heterogeneous high performance applications. Dr. Ihara will contribute an application perspective, a demonstrated need for interconnecting heterogeneous scientific simulations, and a prototype middleware system for interconnecting such simulations. The combined expertise will facilitate improvement in the techniques and the underlying software support needed to allow computational scientists to deal with heterogeneity in high-performance computations. This proposal brings together research scientists working in the area of high-performance computing. The U.S. scientist will have the opportunity to become familiar with application requirements, research techniques, and high-performance computing equipment at CRL, while contributing to their efforts in heterogeneous computing. Therefore, this proposal fulfills the objectives of the Program in using international collaboration to facilitate the exchange of scientific knowledge.</AbstractNarration>
    <MinAmdLetterDate>05/15/1996</MinAmdLetterDate>
    <MaxAmdLetterDate>05/08/1998</MaxAmdLetterDate>
    <ARRAAmount/>
    <AwardID>9600328</AwardID>
    <Investigator>
      <FirstName>Richard</FirstName>
      <LastName>Schlichting</LastName>
      <EmailAddress>rick@cs.arizona.edu</EmailAddress>
      <StartDate>05/15/1996</StartDate>
      <EndDate/>
      <RoleCode>Principal Investigator</RoleCode>
    </Investigator>
    <Institution>
      <Name>University of Arizona</Name>
      <CityName>Tucson</CityName>
      <ZipCode>857194824</ZipCode>
      <PhoneNumber>5206266000</PhoneNumber>
      <StreetAddress>888 N Euclid Ave</StreetAddress>
      <CountryName>United States</CountryName>
      <StateName>Arizona</StateName>
      <StateCode>AZ</StateCode>
    </Institution>
    <FoaInformation>
      <Code>0000912</Code>
      <Name>Computer Science</Name>
    </FoaInformation>
    <FoaInformation>
      <Code>0108000</Code>
      <Name>Software Development</Name>
    </FoaInformation>
    <FoaInformation>
      <Code>30</Code>
      <Name>Computer Science &amp; Engineering</Name>
    </FoaInformation>
    <ProgramElement>
      <Code>2880</Code>
      <Text>SOFTWARE ENGINEERING AND LANGU</Text>
    </ProgramElement>
    <ProgramElement>
      <Code>8270</Code>
      <Text>JAPAN-U.S. FELLOWSHIPS PROG-RE</Text>
    </ProgramElement>
    <ProgramReference>
      <Code>5921</Code>
      <Text>JAPAN</Text>
    </ProgramReference>
    <ProgramReference>
      <Code>9215</Code>
      <Text>HIGH PERFORMANCE COMPUTING SYSTEMS</Text>
    </ProgramReference>
    <ProgramReference>
      <Code>9216</Code>
      <Text>ADVANCED SOFTWARE TECH &amp; ALGOR</Text>
    </ProgramReference>
    <ProgramReference>
      <Code>HPCC</Code>
      <Text>HIGH PERFORMANCE COMPUTING &amp; COMM</Text>
    </ProgramReference>
  </Award>
</rootTag>
