<?xml version="1.0" encoding="UTF-8"?>

<rootTag>
  <Award>
    <AwardTitle>1996 Cold Spring Harbor Conference on Learning &amp; Memory, October 2-6, 1996, Cold Spring Harbor, New York</AwardTitle>
    <AwardEffectiveDate>09/01/1996</AwardEffectiveDate>
    <AwardExpirationDate>08/31/1997</AwardExpirationDate>
    <AwardAmount>10189</AwardAmount>
    <AwardInstrument>
      <Value>Standard Grant</Value>
    </AwardInstrument>
    <Organization>
      <Code>08090200</Code>
      <Directorate>
        <LongName>Direct For Biological Sciences</LongName>
      </Directorate>
      <Division>
        <LongName>Division Of Integrative Organismal Sys</LongName>
      </Division>
    </Organization>
    <ProgramOfficer>
      <SignBlockName>Emmeline Edwards</SignBlockName>
    </ProgramOfficer>
    <AbstractNarration>9600892 Grodzicker Study of the biological bases of learning and memory is among the most exciting fields in neuroscience. Progress is currently very rapid, particularly at molecular, cellular, neural systems and computational levels. Commonalities of mechanisms appear to be emerging from studies of gene expression, synaptic plasticity (LTP and LTD) and processes of memory storage in invertebrate and vertebrate systems. This meeting is planned to bring together representatives from the major laboratories, along with a large number of younger scientists, including may women, in all areas of learning and memory research. To achieve this requires substantial funding.</AbstractNarration>
    <MinAmdLetterDate>08/13/1996</MinAmdLetterDate>
    <MaxAmdLetterDate>08/13/1996</MaxAmdLetterDate>
    <ARRAAmount/>
    <AwardID>9600892</AwardID>
    <Investigator>
      <FirstName>Terri</FirstName>
      <LastName>Grodzicker</LastName>
      <EmailAddress>grodzick@cshl.edu</EmailAddress>
      <StartDate>08/13/1996</StartDate>
      <EndDate/>
      <RoleCode>Principal Investigator</RoleCode>
    </Investigator>
    <Investigator>
      <FirstName>David</FirstName>
      <LastName>Stewart</LastName>
      <EmailAddress>stewart@cshl.edu</EmailAddress>
      <StartDate>08/13/1996</StartDate>
      <EndDate/>
      <RoleCode>Co-Principal Investigator</RoleCode>
    </Investigator>
    <Institution>
      <Name>Cold Spring Harbor Laboratory</Name>
      <CityName>COLD SPRING HARBOR</CityName>
      <ZipCode>117244220</ZipCode>
      <PhoneNumber>5163678307</PhoneNumber>
      <StreetAddress>1 BUNGTOWN ROAD</StreetAddress>
      <CountryName>United States</CountryName>
      <StateName>New York</StateName>
      <StateCode>NY</StateCode>
    </Institution>
    <FoaInformation>
      <Code>0000099</Code>
      <Name>Other Applications NEC</Name>
    </FoaInformation>
  </Award>
</rootTag>
