<?xml version="1.0" encoding="UTF-8"?>

<rootTag>
  <Award>
    <AwardTitle>U.S.-Brazil Cooperative Research: Electron Collision Studies of Atoms &amp; Molecules of Interest to Astrophysics and Industry</AwardTitle>
    <AwardEffectiveDate>09/01/1996</AwardEffectiveDate>
    <AwardExpirationDate>11/30/2000</AwardExpirationDate>
    <AwardAmount>11600</AwardAmount>
    <AwardInstrument>
      <Value>Standard Grant</Value>
    </AwardInstrument>
    <Organization>
      <Code>01090000</Code>
      <Directorate>
        <LongName>Office Of The Director</LongName>
      </Directorate>
      <Division>
        <LongName>Office Of Internatl Science &amp;Engineering</LongName>
      </Division>
    </Organization>
    <ProgramOfficer>
      <SignBlockName>Francis J. Wodarczyk</SignBlockName>
    </ProgramOfficer>
    <AbstractNarration>9600277 Srivastava This U.S.-Brazil cooperative research effort will be led by Santosh Srivastava at California Institute of Technology and the Jet Propulsion Laboratory (JPL) and Lee Mu-Tao of the Universidade Federal de Sao Carlos in Brazil. They will collaborate on studies related to electron collision properties of atoms and molecules of interest to planetary and astrophysical environments and to the semiconductor industry. Accurate knowledge of electron collision cross sections for more complex molecules than previously studied is necessary for understanding the plasmas found in outer space and those used in the semiconductor industry. The principals in this project are already funded in their respective countries for carrying out cross section measurements, and the laboratories involved have collaborated productively in the past. A new state-of-the art laboratory in Sao Carlos and several students will contribute significantly to the effectiveness of the team. Part of the funding for this project will be provided by the Atomic, Molecular, and Optical Program of the Physics Division at NSF. ****</AbstractNarration>
    <MinAmdLetterDate>08/26/1996</MinAmdLetterDate>
    <MaxAmdLetterDate>08/21/2000</MaxAmdLetterDate>
    <ARRAAmount/>
    <AwardID>9600277</AwardID>
    <Investigator>
      <FirstName>Santosh</FirstName>
      <LastName>Srivastava</LastName>
      <EmailAddress>santosh@contemporarydevices.com</EmailAddress>
      <StartDate>08/26/1996</StartDate>
      <EndDate/>
      <RoleCode>Principal Investigator</RoleCode>
    </Investigator>
    <Institution>
      <Name>California Institute of Technology</Name>
      <CityName>PASADENA</CityName>
      <ZipCode>911250600</ZipCode>
      <PhoneNumber>6263956219</PhoneNumber>
      <StreetAddress>1200 E California Blvd</StreetAddress>
      <CountryName>United States</CountryName>
      <StateName>California</StateName>
      <StateCode>CA</StateCode>
    </Institution>
  </Award>
</rootTag>
