<?xml version="1.0" encoding="UTF-8"?>

<rootTag>
  <Award>
    <AwardTitle>1996 Summer: Gordon Research Conferences</AwardTitle>
    <AwardEffectiveDate>05/01/1996</AwardEffectiveDate>
    <AwardExpirationDate>04/30/1997</AwardExpirationDate>
    <AwardAmount>112000</AwardAmount>
    <AwardInstrument>
      <Value>Standard Grant</Value>
    </AwardInstrument>
    <Organization>
      <Code>08070600</Code>
      <Directorate>
        <LongName>Direct For Biological Sciences</LongName>
      </Directorate>
      <Division>
        <LongName>Div Of Molecular and Cellular Bioscience</LongName>
      </Division>
    </Organization>
    <ProgramOfficer>
      <SignBlockName>Barbara K. Zain</SignBlockName>
    </ProgramOfficer>
    <AbstractNarration>Abstract 9600390 Storm The Gordon Research Conferences are held every summer to discuss recent findings and current thinking in various areas of science. Although participation is limited, the attendees usually consist of established scientists, young investigators who are making important contributions in these areas, and post doctoral fellows. They are usually held in small isolated New England towns away from other distractions and are conducive to the free exchange of ideas. These conferences have a recognized value for presenting the latest advances in research and also indicating the future trends which are likely to be most productive. ***</AbstractNarration>
    <MinAmdLetterDate>04/17/1996</MinAmdLetterDate>
    <MaxAmdLetterDate>04/17/1996</MaxAmdLetterDate>
    <ARRAAmount/>
    <AwardID>9600390</AwardID>
    <Investigator>
      <FirstName>Carlyle</FirstName>
      <LastName>Storm</LastName>
      <EmailAddress>grc@grc.org</EmailAddress>
      <StartDate>04/17/1996</StartDate>
      <EndDate/>
      <RoleCode>Principal Investigator</RoleCode>
    </Investigator>
    <Institution>
      <Name>Gordon Research Conferences</Name>
      <CityName>West Kingston</CityName>
      <ZipCode>028921502</ZipCode>
      <PhoneNumber>4017834011</PhoneNumber>
      <StreetAddress>512 Liberty Lane</StreetAddress>
      <CountryName>United States</CountryName>
      <StateName>Rhode Island</StateName>
      <StateCode>RI</StateCode>
    </Institution>
    <FoaInformation>
      <Code>61</Code>
      <Name>Life Science Biological</Name>
    </FoaInformation>
    <FoaInformation>
      <Code>0000099</Code>
      <Name>Other Applications NEC</Name>
    </FoaInformation>
  </Award>
</rootTag>
