<?xml version="1.0" encoding="UTF-8"?>

<rootTag>
  <Award>
    <AwardTitle>Conference: Calcium and Cell Function</AwardTitle>
    <AwardEffectiveDate>06/15/1996</AwardEffectiveDate>
    <AwardExpirationDate>05/31/1997</AwardExpirationDate>
    <AwardAmount>3000</AwardAmount>
    <AwardInstrument>
      <Value>Standard Grant</Value>
    </AwardInstrument>
    <Organization>
      <Code>08070600</Code>
      <Directorate>
        <LongName>Direct For Biological Sciences</LongName>
      </Directorate>
      <Division>
        <LongName>Div Of Molecular and Cellular Bioscience</LongName>
      </Division>
    </Organization>
    <ProgramOfficer>
      <SignBlockName>Barbara K. Zain</SignBlockName>
    </ProgramOfficer>
    <AbstractNarration>9600235 Ehrlich This proposal is a request for funds for a conference on "Calcium and Cell Function", to be held this summer. It will focus on the biochemistry, molecular biology, structure/function, and physiology of calcium as a molecule that affects all primary biological cellular activities. This meeting will bring together a diverse group of scientists working an all phases of calcium and its role in cell function. This is a long standing conference focusing entirely on calcium and covers the sprectrum of calcium research. The format and location of the meeting encourage discussion and interaction among the participants and the meeting will serve as a stimulus to future research. ***</AbstractNarration>
    <MinAmdLetterDate>06/14/1996</MinAmdLetterDate>
    <MaxAmdLetterDate>06/14/1996</MaxAmdLetterDate>
    <ARRAAmount/>
    <AwardID>9600235</AwardID>
    <Investigator>
      <FirstName>Roger</FirstName>
      <LastName>Tsien</LastName>
      <EmailAddress>rtsien@ucsd.edu</EmailAddress>
      <StartDate>06/14/1996</StartDate>
      <EndDate/>
      <RoleCode>Co-Principal Investigator</RoleCode>
    </Investigator>
    <Investigator>
      <FirstName>Barbara</FirstName>
      <LastName>Ehrlich</LastName>
      <EmailAddress>behrlich@neuron.uchc.edu</EmailAddress>
      <StartDate>06/14/1996</StartDate>
      <EndDate/>
      <RoleCode>Principal Investigator</RoleCode>
    </Investigator>
    <Institution>
      <Name>Federation of Amer Societies For Exper Biology</Name>
      <CityName>Bethesda</CityName>
      <ZipCode>208143998</ZipCode>
      <PhoneNumber>3016347013</PhoneNumber>
      <StreetAddress>9650 ROCKVILLE PIKE</StreetAddress>
      <CountryName>United States</CountryName>
      <StateName>Maryland</StateName>
      <StateCode>MD</StateCode>
    </Institution>
  </Award>
</rootTag>
