<?xml version="1.0" encoding="UTF-8"?>

<rootTag>
  <Award>
    <AwardTitle>Collaborative Research: Social Context of Fertility Decisions in Tanzania</AwardTitle>
    <AwardEffectiveDate>09/01/1996</AwardEffectiveDate>
    <AwardExpirationDate>08/31/2001</AwardExpirationDate>
    <AwardAmount>126864</AwardAmount>
    <AwardInstrument>
      <Value>Continuing grant</Value>
    </AwardInstrument>
    <Organization>
      <Code>04040400</Code>
      <Directorate>
        <LongName>Direct For Social, Behav &amp; Economic Scie</LongName>
      </Directorate>
      <Division>
        <LongName>Division Of Behavioral and Cognitive Sci</LongName>
      </Division>
    </Organization>
    <ProgramOfficer>
      <SignBlockName>Victoria S. Lockwood</SignBlockName>
    </ProgramOfficer>
    <AbstractNarration>This project is a collaborative study by an anthropologist from Brown University and a demographer from Harvard, studying the process of fertility transition in Tanzania in the context of global economic changes. The basic question is to explain why a transition from high fertility and no use of birth control to low fertility and the widespread use of birth control is happening in one ethnic group, in the context of changes in the regional ecology and economy. The basic economy is shifting away from hoe agriculture towards wage labor, which is impacting social relations and shifting the traditional patriarchal lineage authority towards more couple-centered relations. The major hypotheses of the study is that a shift towards a conjugal union where partners communicate about decisions and the interests of men and women converge is instrumental in facilitating the acceptance of fertility limitation. Using techniques of ethnography to establish the local manifestation of crucial social, kinship and family relations as they are instituted on the household level, local surveys to extend the micro-level ethnographic insights to a regional level, and intensive interviews with a sample of couples on their joint decision-making and communication styles, the project will show how these global changes are working out in this one region of Kilimanjaro, Tanzania. Two villages will be compared, a Muslim somewhat more traditional and a Lutheran somewhat less traditional community. This research is part of a broad attempt to understand the linkages between ecology, production activities and social relations which affect fertility transitions from high to low reproduction. It follows a new wave of research which links female autonomy and fertility to the social and economic context. As such the results will be significant and useful to population planners in other areas of the developing world which face similar situations.</AbstractNarration>
    <MinAmdLetterDate>08/16/1996</MinAmdLetterDate>
    <MaxAmdLetterDate>08/14/2000</MaxAmdLetterDate>
    <ARRAAmount/>
    <AwardID>9600648</AwardID>
    <Investigator>
      <FirstName>Ulla</FirstName>
      <LastName>Larsen</LastName>
      <EmailAddress>ularsen@socy.umd.edu</EmailAddress>
      <StartDate>08/16/1996</StartDate>
      <EndDate/>
      <RoleCode>Principal Investigator</RoleCode>
    </Investigator>
    <Institution>
      <Name>Harvard University</Name>
      <CityName>Cambridge</CityName>
      <ZipCode>021385366</ZipCode>
      <PhoneNumber>6174955501</PhoneNumber>
      <StreetAddress>1033 MASSACHUSETTS AVE</StreetAddress>
      <CountryName>United States</CountryName>
      <StateName>Massachusetts</StateName>
      <StateCode>MA</StateCode>
    </Institution>
    <FoaInformation>
      <Code>81</Code>
      <Name>Anthropology</Name>
    </FoaInformation>
  </Award>
</rootTag>
