<?xml version="1.0" encoding="UTF-8"?>

<rootTag>
  <Award>
    <AwardTitle>Survey of Scientists, Engineers, and Technicians (SETs) Employed in Manufacturing Industries</AwardTitle>
    <AwardEffectiveDate>10/15/1995</AwardEffectiveDate>
    <AwardExpirationDate>09/30/1996</AwardExpirationDate>
    <AwardAmount>381600</AwardAmount>
    <AwardInstrument>
      <Value>Contract Interagency Agreement</Value>
    </AwardInstrument>
    <Organization>
      <Code>04030006</Code>
      <Directorate>
        <LongName>Direct For Social, Behav &amp; Economic Scie</LongName>
      </Directorate>
      <Division>
        <LongName>National Center For S&amp;E Statistics</LongName>
      </Division>
    </Organization>
    <ProgramOfficer>
      <SignBlockName>Carlos E. Kruytbosch</SignBlockName>
    </ProgramOfficer>
    <AbstractNarration/>
    <MinAmdLetterDate>12/15/1995</MinAmdLetterDate>
    <MaxAmdLetterDate>12/15/1995</MaxAmdLetterDate>
    <ARRAAmount/>
    <AwardID>9600022</AwardID>
    <Investigator>
      <FirstName>Brian</FirstName>
      <LastName>MacDonald</LastName>
      <EmailAddress/>
      <StartDate>10/15/1995</StartDate>
      <EndDate/>
      <RoleCode>Principal Investigator</RoleCode>
    </Investigator>
    <Institution>
      <Name>Department of Labor Bureau of Labor Statistics</Name>
      <CityName>Washington</CityName>
      <ZipCode>20212</ZipCode>
      <PhoneNumber/>
      <StreetAddress/>
      <CountryName>United States</CountryName>
      <StateName>District of Columbia</StateName>
      <StateCode>DC</StateCode>
    </Institution>
    <FoaInformation>
      <Code>0111000</Code>
      <Name>Science Policy</Name>
    </FoaInformation>
  </Award>
</rootTag>
