<?xml version="1.0" encoding="UTF-8"?>

<rootTag>
  <Award>
    <AwardTitle>Study of the Nucleon, a System of Three Quarks</AwardTitle>
    <AwardEffectiveDate>06/15/1996</AwardEffectiveDate>
    <AwardExpirationDate>05/31/2000</AwardExpirationDate>
    <AwardAmount>100000</AwardAmount>
    <AwardInstrument>
      <Value>Continuing grant</Value>
    </AwardInstrument>
    <Organization>
      <Code>03010600</Code>
      <Directorate>
        <LongName>Direct For Mathematical &amp; Physical Scien</LongName>
      </Directorate>
      <Division>
        <LongName>Division Of Physics</LongName>
      </Division>
    </Organization>
    <ProgramOfficer>
      <SignBlockName>Bradley D. Keister</SignBlockName>
    </ProgramOfficer>
    <AbstractNarration>Dr. Giovanetti and his undergraduate students from James Madison University (JMU) are participating in the construction, and ultimately the usage, of the CEBAF Large Acceptance Spectrometer (CLAS) at the newly operating Continuous Electron Beam Accelerator Facility (CEBAF) in Newport News, VA. Presently the group is constructing and testing a system to monitor the gains of a major detector system for CLAS (&gt;1000 photomultiplier tubes). The CLAS detector should begin to operate next year, and the JMU group will participate in experiments to study the quark gluon structure of baryons. This program provides excellent opportunities for undergraduate students to participate in forefront research. The close proximity of JMU to CEBAF also provides the students rather extensive involvement in the research by permitting a number of visits to the lab in a cost effective manner.</AbstractNarration>
    <MinAmdLetterDate>06/17/1996</MinAmdLetterDate>
    <MaxAmdLetterDate>06/08/1999</MaxAmdLetterDate>
    <ARRAAmount/>
    <AwardID>9600454</AwardID>
    <Investigator>
      <FirstName>Kevin</FirstName>
      <LastName>Giovanetti</LastName>
      <EmailAddress>giovankl@jmu.edu</EmailAddress>
      <StartDate>06/17/1996</StartDate>
      <EndDate/>
      <RoleCode>Principal Investigator</RoleCode>
    </Investigator>
    <Institution>
      <Name>James Madison University</Name>
      <CityName>HARRISONBURG</CityName>
      <ZipCode>228077000</ZipCode>
      <PhoneNumber>5405686872</PhoneNumber>
      <StreetAddress>MSC 5728</StreetAddress>
      <CountryName>United States</CountryName>
      <StateName>Virginia</StateName>
      <StateCode>VA</StateCode>
    </Institution>
  </Award>
</rootTag>
