<?xml version="1.0" encoding="UTF-8"?>

<rootTag>
  <Award>
    <AwardTitle>Problems in the Spectral Theory of Automorphic Forms and Number Theory</AwardTitle>
    <AwardEffectiveDate>07/01/1996</AwardEffectiveDate>
    <AwardExpirationDate>06/30/1997</AwardExpirationDate>
    <AwardAmount>11139</AwardAmount>
    <AwardInstrument>
      <Value>Standard Grant</Value>
    </AwardInstrument>
    <Organization>
      <Code>03040300</Code>
      <Directorate>
        <LongName>Direct For Mathematical &amp; Physical Scien</LongName>
      </Directorate>
      <Division>
        <LongName>Division Of Mathematical Sciences</LongName>
      </Division>
    </Organization>
    <ProgramOfficer>
      <SignBlockName>Sidney W. Graham</SignBlockName>
    </ProgramOfficer>
    <AbstractNarration>Stopple The aim of this investigation is to study certain L-functions on their critical line and to study the finer structure of the spectrum of the Laplace operator on certain completely integrable systems. The L-functions are complex analytic functions, given by power series in a domain of the complex plane, but their most interesting behavior is on their critical line, which belongs to the region of analytic continuation. The study of L-functions of Rankin-Selberg type that arise from cusp forms of finite area hyperbolic surfaces is related to the general Ramanujan conjecture. The methods to be used belong to the spectral theory of automorphic forms. The problems in the finer structure of the spectrum have recently attracted attention among physicists working on Quantum Chaos. The central problem is the distribution of the spacings between the eigenvalues. The hope is to bring tools from analytic number theory to the study of the pair correlation function of completely integrable systems. This research falls into the general mathematical field of Number Theory. Number theory has its historical roots in the study of the whole numbers, addressing such questions as those dealing with the divisibility of one whole number by another. It is among the oldest branches of mathematics and was pursued for many centuries for purely aesthetic reasons. However, within the last half century it has become an indispensable tool in diverse applications in areas such as data transmission and processing, and communication systems.</AbstractNarration>
    <MinAmdLetterDate>07/11/1996</MinAmdLetterDate>
    <MaxAmdLetterDate>01/09/1997</MaxAmdLetterDate>
    <ARRAAmount/>
    <AwardID>9600111</AwardID>
    <Investigator>
      <FirstName>Daryl</FirstName>
      <LastName>Cooper</LastName>
      <EmailAddress>cooper@math.ucsb.edu</EmailAddress>
      <StartDate>01/09/1997</StartDate>
      <EndDate/>
      <RoleCode>Principal Investigator</RoleCode>
    </Investigator>
    <Investigator>
      <FirstName>Jeffrey</FirstName>
      <LastName>Stopple</LastName>
      <EmailAddress>stopple@math.ucsb.edu</EmailAddress>
      <StartDate>07/11/1996</StartDate>
      <EndDate>01/09/1997</EndDate>
      <RoleCode>Former Principal Investigator</RoleCode>
    </Investigator>
    <Investigator>
      <FirstName>Yiannis</FirstName>
      <LastName>Petridis</LastName>
      <EmailAddress>yiannis.petridis@lehman.cuny.edu</EmailAddress>
      <StartDate>07/11/1996</StartDate>
      <EndDate/>
      <RoleCode>Co-Principal Investigator</RoleCode>
    </Investigator>
    <Institution>
      <Name>University of California-Santa Barbara</Name>
      <CityName>Santa Barbara</CityName>
      <ZipCode>931062050</ZipCode>
      <PhoneNumber>8058934188</PhoneNumber>
      <StreetAddress>Office of Research</StreetAddress>
      <CountryName>United States</CountryName>
      <StateName>California</StateName>
      <StateCode>CA</StateCode>
    </Institution>
    <FoaInformation>
      <Code>0000099</Code>
      <Name>Other Applications NEC</Name>
    </FoaInformation>
    <FoaInformation>
      <Code>21</Code>
      <Name>Mathematics</Name>
    </FoaInformation>
    <ProgramElement>
      <Code>1264</Code>
      <Text>ALGEBRA,NUMBER THEORY,AND COM</Text>
    </ProgramElement>
    <ProgramReference>
      <Code>0000</Code>
      <Text>UNASSIGNED</Text>
    </ProgramReference>
    <ProgramReference>
      <Code>OTHR</Code>
      <Text>OTHER RESEARCH OR EDUCATION</Text>
    </ProgramReference>
  </Award>
</rootTag>
