<?xml version="1.0" encoding="UTF-8"?>

<rootTag>
  <Award>
    <AwardTitle>U.S.-Poland Cooperative Research on Problems in Set Theoretic Analysis</AwardTitle>
    <AwardEffectiveDate>06/01/1996</AwardEffectiveDate>
    <AwardExpirationDate>05/31/2000</AwardExpirationDate>
    <AwardAmount>15395</AwardAmount>
    <AwardInstrument>
      <Value>Standard Grant</Value>
    </AwardInstrument>
    <Organization>
      <Code>01090000</Code>
      <Directorate>
        <LongName>Office Of The Director</LongName>
      </Directorate>
      <Division>
        <LongName>Office Of Internatl Science &amp;Engineering</LongName>
      </Division>
    </Organization>
    <ProgramOfficer>
      <SignBlockName>Cassandra M. Dudka</SignBlockName>
    </ProgramOfficer>
    <AbstractNarration>INT-9600548 Ciesielski This U.S.-Polish Cooperative Researah award is to research "Problems in Set Theoretic Analysis." The principal researchers are Dr. Krzysztof Ciesielski and Dr. Jerzy Wojciechowski of West Virginia University and Dr. Tomasz Natkaniec and two other colleagues of the Pedagogical University in Bydgoszcz, Poland. The researchers work in the newly created area of Set Theoretic Analysis. This is a branch of Real Analysis, the theoretic foundation of Calculus, that is characterized by extensive use of modern set-theoretic techniques. The objectives of the project are to further understanding of the basic properties of such a fundamental concept in the whole of mathematics as the notion of a real function. New developments in Set Theory will provide the necessary tools to make the realization of this objective possible. In addition to the senior personnel, the project involves five graduate students (two of whom are women). Their involvement in an international activity, at this early stage of their careers, will be of great importance for them and will likely lead to broader international cooperation in the future. This research in mathematics fulfills the program objectives of bringing together leading experts in the U.S. and Poland to combine complementary efforts and capabilities in areas of strong mutual interest and competence on the basis of equality, reciprocity, and mutuality of benefit. *** ??</AbstractNarration>
    <MinAmdLetterDate>05/31/1996</MinAmdLetterDate>
    <MaxAmdLetterDate>05/31/1996</MaxAmdLetterDate>
    <ARRAAmount/>
    <AwardID>9600548</AwardID>
    <Investigator>
      <FirstName>Jerzy</FirstName>
      <LastName>Wojciechowski</LastName>
      <EmailAddress>jerzy@math.wvu.edu</EmailAddress>
      <StartDate>05/31/1996</StartDate>
      <EndDate/>
      <RoleCode>Co-Principal Investigator</RoleCode>
    </Investigator>
    <Investigator>
      <FirstName>Krzysztof</FirstName>
      <LastName>Ciesielski</LastName>
      <EmailAddress>KCies@math.wvu.edu</EmailAddress>
      <StartDate>05/31/1996</StartDate>
      <EndDate/>
      <RoleCode>Principal Investigator</RoleCode>
    </Investigator>
    <Institution>
      <Name>West Virginia University Research Corporation</Name>
      <CityName>Morgantown</CityName>
      <ZipCode>265066845</ZipCode>
      <PhoneNumber>3042933998</PhoneNumber>
      <StreetAddress>P.O. Box 6845</StreetAddress>
      <CountryName>United States</CountryName>
      <StateName>West Virginia</StateName>
      <StateCode>WV</StateCode>
    </Institution>
    <FoaInformation>
      <Code>0000099</Code>
      <Name>Other Applications NEC</Name>
    </FoaInformation>
    <FoaInformation>
      <Code>20</Code>
      <Name>Mathematics</Name>
    </FoaInformation>
    <ProgramElement>
      <Code>5979</Code>
      <Text>CENTRAL &amp; EASTERN EUROPE PROGR</Text>
    </ProgramElement>
    <ProgramReference>
      <Code>0000</Code>
      <Text>UNASSIGNED</Text>
    </ProgramReference>
    <ProgramReference>
      <Code>5953</Code>
      <Text>POLAND</Text>
    </ProgramReference>
    <ProgramReference>
      <Code>OTHR</Code>
      <Text>OTHER RESEARCH OR EDUCATION</Text>
    </ProgramReference>
  </Award>
</rootTag>
