<?xml version="1.0" encoding="UTF-8"?>

<rootTag>
  <Award>
    <AwardTitle>US-Poland Workshop on Concrete Structures</AwardTitle>
    <AwardEffectiveDate>05/01/1996</AwardEffectiveDate>
    <AwardExpirationDate>04/30/1997</AwardExpirationDate>
    <AwardAmount>13855</AwardAmount>
    <AwardInstrument>
      <Value>Standard Grant</Value>
    </AwardInstrument>
    <Organization>
      <Code>01090000</Code>
      <Directorate>
        <LongName>Office Of The Director</LongName>
      </Directorate>
      <Division>
        <LongName>Office Of Internatl Science &amp;Engineering</LongName>
      </Division>
    </Organization>
    <ProgramOfficer>
      <SignBlockName>Cassandra Turczak</SignBlockName>
    </ProgramOfficer>
    <AbstractNarration>9600611 Nowak This U.S.-Poland Workshop on Concrete Structures will be conducted by Dr. Andrzej Nowak of the University of Michigan and Professor Michal Knauff of the Politechnika Warszawska (Warsaw University of Technology). The objective of the workshop is to review the current analytical methods and technology in analysis, design, evaluation, repair and rehabilitation of concrete structures used in Poland and identify the most suitable topics for joint research projects. The major areas to be covered include: (1) development of load and resistance models for reinforced concrete and prestressed concrete structures; (2) advanced materials (high strength/high-performance concrete, composites, fiber-reinforced concrete); (3) diagnostic procedures (tests, performance monitors, nondestructive techniques, signal processing, integrated sensor systems, microwave, acoustic and optical techniques); and (4) materials and techniques for repair and rehabilitation of concrete structures (reinforced and prestressed concrete, new composite materials). Accordingly the workshop will attempt to review state of the art summary of main topics as viewed in each country, identify the research needs, in particular topics for cooperative projects; and derive some recommendations that reflect the needs in manpower, technology transfer and education for the near future. This workshop in civil engineering fulfills the program objectives of bringing together leading experts in the U.S. and Poland to combine complementary efforts and capabilities in areas of strong mutual interest and competence on the basis of equality, reciprocity, and mutuality of benefit. ***</AbstractNarration>
    <MinAmdLetterDate>03/13/1996</MinAmdLetterDate>
    <MaxAmdLetterDate>03/13/1996</MaxAmdLetterDate>
    <ARRAAmount/>
    <AwardID>9600611</AwardID>
    <Investigator>
      <FirstName>Andrzej</FirstName>
      <LastName>Nowak</LastName>
      <EmailAddress>nowak@auburn.edu</EmailAddress>
      <StartDate>03/13/1996</StartDate>
      <EndDate/>
      <RoleCode>Principal Investigator</RoleCode>
    </Investigator>
    <Institution>
      <Name>University of Michigan Ann Arbor</Name>
      <CityName>Ann Arbor</CityName>
      <ZipCode>481091274</ZipCode>
      <PhoneNumber>7347636438</PhoneNumber>
      <StreetAddress>3003 South State St. Room 1062</StreetAddress>
      <CountryName>United States</CountryName>
      <StateName>Michigan</StateName>
      <StateCode>MI</StateCode>
    </Institution>
    <FoaInformation>
      <Code>0109000</Code>
      <Name>Structural Technology</Name>
    </FoaInformation>
    <FoaInformation>
      <Code>0510301</Code>
      <Name>Structure &amp; Function</Name>
    </FoaInformation>
    <FoaInformation>
      <Code>54</Code>
      <Name>Engineering-Civil</Name>
    </FoaInformation>
  </Award>
</rootTag>
