<?xml version="1.0" encoding="UTF-8"?>

<rootTag>
  <Award>
    <AwardTitle>Nuclear Theory and Applications to Astrophysics and Particle Physics</AwardTitle>
    <AwardEffectiveDate>08/15/1996</AwardEffectiveDate>
    <AwardExpirationDate>07/31/2000</AwardExpirationDate>
    <AwardAmount>210000</AwardAmount>
    <AwardInstrument>
      <Value>Continuing grant</Value>
    </AwardInstrument>
    <Organization>
      <Code>03010500</Code>
      <Directorate>
        <LongName>Direct For Mathematical &amp; Physical Scien</LongName>
      </Directorate>
      <Division>
        <LongName>Division Of Physics</LongName>
      </Division>
    </Organization>
    <ProgramOfficer>
      <SignBlockName>Virginia R. Brown</SignBlockName>
    </ProgramOfficer>
    <AbstractNarration>This proposal centers around nuclear theory and its application to issues of importance in astrophysics and particle physics. Traditionally, the atomic nucleus is viewed as a system of neutrons and protons -- the nucleons. The interactions between nucleons lead to a variety of collective properties, involving neutrons and protons moving coherently. Projects to understand why many nuclei exhibit collective behavior typical of an enharmonic vibrator and to assess the role of proton-neutron collective pair correlations in nuclei near the proton drip line are proposed. Despite the enormous success of the traditional picture, there is now great interest in going one step deeper, to obtain a consistent picture of nuclei directly from the quark constituents of the nucleon. Baryon mappings have been suggested as a practical approach for realizing this goal. Several issues related to implementation of this method will be investigated, followed by detailed applications to real nuclear systems. Nuclear physics also plays an important role in efforts to extract information of fundamental importance in astrophysics. Two such applications will be considered -- a study of the response of a proposed iodine detector to solar neutrinos and a treatment of the beta decays associated with r- and p- process nucleosynthesis.</AbstractNarration>
    <MinAmdLetterDate>08/27/1996</MinAmdLetterDate>
    <MaxAmdLetterDate>06/30/1998</MaxAmdLetterDate>
    <ARRAAmount/>
    <AwardID>9600445</AwardID>
    <Investigator>
      <FirstName>Stuart</FirstName>
      <LastName>Pittel</LastName>
      <EmailAddress>pittel@bartol.udel.edu</EmailAddress>
      <StartDate>08/27/1996</StartDate>
      <EndDate/>
      <RoleCode>Principal Investigator</RoleCode>
    </Investigator>
    <Institution>
      <Name>Bartol Research Institute</Name>
      <CityName>Newark</CityName>
      <ZipCode>197160099</ZipCode>
      <PhoneNumber>3028312136</PhoneNumber>
      <StreetAddress>University of Delaware</StreetAddress>
      <CountryName>United States</CountryName>
      <StateName>Delaware</StateName>
      <StateCode>DE</StateCode>
    </Institution>
    <FoaInformation>
      <Code>13</Code>
      <Name>Physics</Name>
    </FoaInformation>
  </Award>
</rootTag>
