<?xml version="1.0" encoding="UTF-8"?>

<rootTag>
  <Award>
    <AwardTitle>1996 FASEB Conference on Yeast Chromosome Structure, Replication and Segregation June 15-20, 1996 Snowmass Village, Colorado</AwardTitle>
    <AwardEffectiveDate>06/15/1996</AwardEffectiveDate>
    <AwardExpirationDate>05/31/1997</AwardExpirationDate>
    <AwardAmount>6000</AwardAmount>
    <AwardInstrument>
      <Value>Standard Grant</Value>
    </AwardInstrument>
    <Organization>
      <Code>08070800</Code>
      <Directorate>
        <LongName>Direct For Biological Sciences</LongName>
      </Directorate>
      <Division>
        <LongName>Div Of Molecular and Cellular Bioscience</LongName>
      </Division>
    </Organization>
    <ProgramOfficer>
      <SignBlockName>karen kindle-hartsuyker</SignBlockName>
    </ProgramOfficer>
    <AbstractNarration>96004339 Snyder The program will consist of nine scientific platform sessions, one keynote address, one Methods and Technologies workshop and two poster sessions. The scientific sessions will cover nuclear architecture, DNA replication (origins and biochemistry), cell cycle control, telomeres and position effects, centromeres and their interacting proteins, components of the mitotic spindle apparatus, microtubule motors and meiotic chromosome segregation. Six or seven speakers will present talks in each session for a total of 65 talks. The workshop will cover recent technologies in yeast chromosome and genome research (e.g. use and analysis of GFP fusions, creating mutations and epitope tagging yeast genes by PCR, fine structure electron microscopic analysis of the mitotic spindle apparatus, accessing yeast genome information). The poster sessions will cover all areas of yeast chromosome research. Finally, ample time will be available in the afternoons and after the evening sessions to allow extensive discussion among researchers. ***</AbstractNarration>
    <MinAmdLetterDate>06/10/1996</MinAmdLetterDate>
    <MaxAmdLetterDate>06/10/1996</MaxAmdLetterDate>
    <ARRAAmount/>
    <AwardID>9600439</AwardID>
    <Investigator>
      <FirstName>Michael</FirstName>
      <LastName>Snyder</LastName>
      <EmailAddress>mpsnyder@stanford.edu</EmailAddress>
      <StartDate>06/10/1996</StartDate>
      <EndDate/>
      <RoleCode>Principal Investigator</RoleCode>
    </Investigator>
    <Investigator>
      <FirstName>Bik-Kwoon</FirstName>
      <LastName>Tye</LastName>
      <EmailAddress>bt16@cornell.edu</EmailAddress>
      <StartDate>06/10/1996</StartDate>
      <EndDate/>
      <RoleCode>Co-Principal Investigator</RoleCode>
    </Investigator>
    <Institution>
      <Name>Federation of Amer Societies For Exper Biology</Name>
      <CityName>Bethesda</CityName>
      <ZipCode>208143998</ZipCode>
      <PhoneNumber>3016347013</PhoneNumber>
      <StreetAddress>9650 ROCKVILLE PIKE</StreetAddress>
      <CountryName>United States</CountryName>
      <StateName>Maryland</StateName>
      <StateCode>MD</StateCode>
    </Institution>
    <FoaInformation>
      <Code>61</Code>
      <Name>Life Science Biological</Name>
    </FoaInformation>
  </Award>
</rootTag>
