<?xml version="1.0" encoding="UTF-8"?>

<rootTag>
  <Award>
    <AwardTitle>U.S. Czech Plant Research on Subcellular Compartmentation of Phytohormone Conjugation</AwardTitle>
    <AwardEffectiveDate>08/15/1996</AwardEffectiveDate>
    <AwardExpirationDate>01/31/2000</AwardExpirationDate>
    <AwardAmount>42490</AwardAmount>
    <AwardInstrument>
      <Value>Standard Grant</Value>
    </AwardInstrument>
    <Organization>
      <Code>01090000</Code>
      <Directorate>
        <LongName>Office Of The Director</LongName>
      </Directorate>
      <Division>
        <LongName>Office Of Internatl Science &amp;Engineering</LongName>
      </Division>
    </Organization>
    <ProgramOfficer>
      <SignBlockName>Bonnie Thompson</SignBlockName>
    </ProgramOfficer>
    <AbstractNarration>INT 9600462 Raikhel This U.S.-Czech research project between Dr. Natasha Raikhel of Michigan State University and Dr. Bretislav Brzobohaty of the Czech Institute of Biophysics, Brno, will examine plant hormones that mediate features of plant development. Specifically, the researchers intend to study the role played by subcellular compartmentation in regulation of phytohormone activity. This will be done by reversible conjugation, using a cloned maize cytokinin glucosidase (cDNA, Zm-p60.1). The extent of the cytokinin release will be determined in the process and the observed physiological responses caused by the released cytokinins will be analyzed. Initial findings will contribute to the research team's efforts to construct and molecularly characterize transgenic plants that express accumulations of Zm-p60.1 in various subcellular compartments. The research is expected to improve our fundamental understanding of the cytokinin role in the developmental switch in plants from the vegetative to the reproductive phase. New knowledge of various effects of released cytokinins on activities such as floral transition, root development, seed production, and photosynthetic capacity may lead to results that permit control of some agriculturally important traits in crops. This project in plant cellular science fulfills the program objective of advancing scientific knowledge by enabling leading experts in the United States and Eastern Europe to combine complementary talents and pool research resources in areas of mutual interests and competence. ??</AbstractNarration>
    <MinAmdLetterDate>08/08/1996</MinAmdLetterDate>
    <MaxAmdLetterDate>08/08/1996</MaxAmdLetterDate>
    <ARRAAmount/>
    <AwardID>9600462</AwardID>
    <Investigator>
      <FirstName>Natasha</FirstName>
      <LastName>Raikhel</LastName>
      <EmailAddress>nraikhel@citrus.ucr.edu</EmailAddress>
      <StartDate>08/08/1996</StartDate>
      <EndDate/>
      <RoleCode>Principal Investigator</RoleCode>
    </Investigator>
    <Institution>
      <Name>Michigan State University</Name>
      <CityName>East Lansing</CityName>
      <ZipCode>488242600</ZipCode>
      <PhoneNumber>5173555040</PhoneNumber>
      <StreetAddress>Office of Sponsored Programs</StreetAddress>
      <CountryName>United States</CountryName>
      <StateName>Michigan</StateName>
      <StateCode>MI</StateCode>
    </Institution>
    <FoaInformation>
      <Code>61</Code>
      <Name>Life Science Biological</Name>
    </FoaInformation>
    <FoaInformation>
      <Code>0510402</Code>
      <Name>Biomaterials-Short &amp; Long Terms</Name>
    </FoaInformation>
  </Award>
</rootTag>
