<?xml version="1.0" encoding="UTF-8"?>

<rootTag>
  <Award>
    <AwardTitle>U.S.-Czech Mathematics Research on Robust Statistical Inference Based on Second Order Asymptotic Relations</AwardTitle>
    <AwardEffectiveDate>09/15/1996</AwardEffectiveDate>
    <AwardExpirationDate>08/31/2000</AwardExpirationDate>
    <AwardAmount>23152</AwardAmount>
    <AwardInstrument>
      <Value>Standard Grant</Value>
    </AwardInstrument>
    <Organization>
      <Code>01090000</Code>
      <Directorate>
        <LongName>Office Of The Director</LongName>
      </Directorate>
      <Division>
        <LongName>Office Of Internatl Science &amp;Engineering</LongName>
      </Division>
    </Organization>
    <ProgramOfficer>
      <SignBlockName>Bonnie Thompson</SignBlockName>
    </ProgramOfficer>
    <AbstractNarration>INT 9600518 Sen This U.S-Czech mathematics project between Dr. Pranab Sen of the University of North Carolina, Chapel Hill, and Dr. Jana Jurechova of Charles University, Prague, will examine higher-order asymptotic properties of robust statistical procedures in the linear model and in more sophisticated contexts, such as models for longitudinal data. The researchers intend to build upon their experience in nonparametric methods and asymptotic theory to refine procedures for several related areas: 1) k-step M-estimation in linear models; 2) second order robust estimation of regression parameters; 3) relations between r-estimators and regression rank scores estimators; and 4)second order representations for statistical functionals. Results are expected to lead to choices of estimators based on computational complexities that will be useful in situations when samples are of moderate size. The researchers expect to apply their findings in the development of new statistical procedures with special emphasis on tests of hypotheses and on non-standard models that arise in biomedical and environmental applications. This project is statistics and probability fulfills the program objective of advancing scientific knowledge by enabling experts in the Unites States and Eastern Europe to combine complementary talents and share research resources in areas of strong mutual interest and competence. ??</AbstractNarration>
    <MinAmdLetterDate>09/03/1996</MinAmdLetterDate>
    <MaxAmdLetterDate>09/03/1996</MaxAmdLetterDate>
    <ARRAAmount/>
    <AwardID>9600518</AwardID>
    <Investigator>
      <FirstName>Pranab</FirstName>
      <LastName>Sen</LastName>
      <EmailAddress>pksen@bios.unc.edu</EmailAddress>
      <StartDate>09/03/1996</StartDate>
      <EndDate/>
      <RoleCode>Principal Investigator</RoleCode>
    </Investigator>
    <Institution>
      <Name>University of North Carolina at Chapel Hill</Name>
      <CityName>CHAPEL HILL</CityName>
      <ZipCode>275991350</ZipCode>
      <PhoneNumber>9199663411</PhoneNumber>
      <StreetAddress>104 AIRPORT DR STE 2200</StreetAddress>
      <CountryName>United States</CountryName>
      <StateName>North Carolina</StateName>
      <StateCode>NC</StateCode>
    </Institution>
    <FoaInformation>
      <Code>0522400</Code>
      <Name>Information Systems</Name>
    </FoaInformation>
    <FoaInformation>
      <Code>20</Code>
      <Name>Mathematics</Name>
    </FoaInformation>
    <FoaInformation>
      <Code>0313000</Code>
      <Name>Regional &amp; Environmental</Name>
    </FoaInformation>
  </Award>
</rootTag>
