<?xml version="1.0" encoding="UTF-8"?>

<rootTag>
  <Award>
    <AwardTitle>Metabolism and Growth in a Teleost Fish Model of Diabetes Mellitus: Insulin Regulation in an Ectothermic Vertebrate</AwardTitle>
    <AwardEffectiveDate>09/01/1996</AwardEffectiveDate>
    <AwardExpirationDate>08/31/1999</AwardExpirationDate>
    <AwardAmount>101000</AwardAmount>
    <AwardInstrument>
      <Value>Continuing grant</Value>
    </AwardInstrument>
    <Organization>
      <Code>08090300</Code>
      <Directorate>
        <LongName>Direct For Biological Sciences</LongName>
      </Directorate>
      <Division>
        <LongName>Division Of Integrative Organismal Systems</LongName>
      </Division>
    </Organization>
    <ProgramOfficer>
      <SignBlockName>Judith A. Verbeke</SignBlockName>
    </ProgramOfficer>
    <AbstractNarration>9600783 Kelley A unique model of diabetes mellitus has been developed in a marine fish, the goby Gillichthys mirabilis. In contrast to the anatomical arrangement in other animals in which pancreatic endocrine cells (i.e., those producing insulin and glucagon) are located in the same tissue as exocrine cells (i.e., digestive enzyme-producing cells), this goby possesses a single pancreatic endocrine organ, called the "islet", which contains purely hormone-producing cells. The goby thereby allows for a simple surgical "isletectomy", which removes completely the endocrine cells and produces the outright symptomatology of insulin-dependent diabetes mellitus (IDDM). In contrast to mammalian models, however, in which IDDM results from the singular loss of the insulin-producing cells ((-cells), isletectomy in the goby removes simultaneously (-cells as well as (-cells (the source of glucagon). In mammals, "counterregulatory" glucagon, acting unchallenged by insulin, is believed to be a primary factor in driving the hyperglycemia during the onset phase of IDDM. There have been no experimental models available, however, in which both (- and (-cells can be removed in order to test this hypothesis directly. The PI aims to characterize the diabetogenic role of glucagon during IDDM onset in the goby model, with special attention given to the metabolic mechanisms occurring in the liver and blood. The influence of adrenal glucocorticoid (cortisol), a diabetogenic hormone important post-onset in diabetic mammals, will also be investigated. In addition to metabolic perturbation, the Ix goby exhibits a strong diabetic growth inhibition, including reductions in insulin-like growth factor (IGF) bioactivity (an indicator of positive somatic) growth) and a significant increase in a low molecular weight IGF-binding problem that may be related to the metabolically-sensitive, IGF-inhibitory "IGFBP-1" of mammals. Taking advantage of this apparent metabolic regulation of the IGFBP-1-like protein in the Ix g oby, the PI aims to characterize this protein's endocrine/metabolic regulation and its growth-regulatory role, and to attempt the cloning of its gene using a PCR-based strategy. The PI is particularly interested in whether measurement of this protein may serve as a convenient indicator of health, growth status, and stress in natural and aquacultured fish populations. Owing to the prior lack of a model of insulin deficiency in lower vertebrates, studies on the biological role of insulin in ectotherms ("cold-blooded" animals) have been limited to hormone injection studies on intact animals. The Ix goby model will allow the PI to gain previously-unattainable insight on metabolic regulation "before" the evolution of endothermy ("warm-bloodedness"). It has been hypothesized that the development of the physiology of endothermy, as has occurred in mammalian and avian evolution, necessitated the development of a more efficient metabolic regulatory system with an increased dependence on the regulatory influence of insulin. In the Ix goby, the PI has found that insulin-regulatable glucose transport ion peripheral muscle tissues becomes insulin resistant, and that insulin treatment of Ix gobies renders the glucose transport system once again responsive to insulin action. These data suggest that insulin may exert a dual regulation on fish glucose transporters comparable to that in mammals, i.e., acute effects on transporter dynamics/activity, long-term effects on transporter gene expression. Importantly, the data also establish a regulatable experimental system amenable to another specific aim: to characterize the insulin regulation and cellular mechanisms of the glucose transport system in the goby, especially as it relates to that of the endothermic mammal; the PI then plans to use a PCR-based strategy to clone the goby counterpart of glut-4 (the primary insulin-regulated glucose transporter of mammals). In the proposed studies, interrelationships between metabolic and growth mechanisms will be e mphasized, in order to gain an integrated picture of this ectotherm's physiological system.</AbstractNarration>
    <MinAmdLetterDate>08/02/1996</MinAmdLetterDate>
    <MaxAmdLetterDate>01/07/1997</MaxAmdLetterDate>
    <ARRAAmount/>
    <AwardID>9600783</AwardID>
    <Investigator>
      <FirstName>Kevin</FirstName>
      <LastName>Kelley</LastName>
      <EmailAddress>kmkelley@csulb.edu</EmailAddress>
      <StartDate>08/02/1996</StartDate>
      <EndDate/>
      <RoleCode>Principal Investigator</RoleCode>
    </Investigator>
    <Institution>
      <Name>California State University-Long Beach Foundation</Name>
      <CityName>Long Beach</CityName>
      <ZipCode>908154670</ZipCode>
      <PhoneNumber>5629858051</PhoneNumber>
      <StreetAddress>6300 State Univ. Dr.</StreetAddress>
      <CountryName>United States</CountryName>
      <StateName>California</StateName>
      <StateCode>CA</StateCode>
    </Institution>
    <FoaInformation>
      <Code>61</Code>
      <Name>Life Science Biological</Name>
    </FoaInformation>
    <ProgramElement>
      <Code>1155</Code>
      <Text>INTEGRATIVE ANIMAL BIOLOGY</Text>
    </ProgramElement>
    <ProgramReference>
      <Code>1045</Code>
      <Text>CAREER: FACULTY EARLY CAR DEV</Text>
    </ProgramReference>
    <ProgramReference>
      <Code>9183</Code>
      <Text>GENERAL FOUNDATIONS OF BIOTECHNOLOGY</Text>
    </ProgramReference>
    <ProgramReference>
      <Code>BIOT</Code>
      <Text>BIOTECHNOLOGY</Text>
    </ProgramReference>
  </Award>
</rootTag>
