<?xml version="1.0" encoding="UTF-8"?>

<rootTag>
  <Award>
    <AwardTitle>U.S.-Philippines Cooperative Research: Explosive, Pyroclastic, Mafic Eruptions-Taal Caldera Scoria Flow Deposit, Philippines</AwardTitle>
    <AwardEffectiveDate>08/15/1996</AwardEffectiveDate>
    <AwardExpirationDate>07/31/1999</AwardExpirationDate>
    <AwardAmount>22075</AwardAmount>
    <AwardInstrument>
      <Value>Standard Grant</Value>
    </AwardInstrument>
    <Organization>
      <Code>01090000</Code>
      <Directorate>
        <LongName>Office Of The Director</LongName>
      </Directorate>
      <Division>
        <LongName>Office Of Internatl Science &amp;Engineering</LongName>
      </Division>
    </Organization>
    <ProgramOfficer>
      <SignBlockName>W. Y. B. Chang</SignBlockName>
    </ProgramOfficer>
    <AbstractNarration>9600957 Williams This is a 24 month award proposed by Dr. Stanley Williams, Arizona State University and Dr. Raymundo Punongbayan, the Philippine Institute of Volcanology and Seismology. This project is to understand the eruption that produced the extensive Scoria Flow (SFL) at Taal Volcano, the Philippines. It requests funds for travel for the P.I. and his graduate student, and the field cost to collect sediment samples from Taal Volcano, which is located in Batangas Province, southern Luzon Island, Philippines. This project will collect information on geological, petrologic and geochemical characteristics of Scoria flow. This is an important project involving at one of the world's more dangerous volcanoes. The data collected will lead to a better understanding of whether the eruption in this region is a gradual build up or a short, instantaneous one. Results are important for evaluating and assessing the extended natural hazards from future volcano eruptions in this region.</AbstractNarration>
    <MinAmdLetterDate>08/06/1996</MinAmdLetterDate>
    <MaxAmdLetterDate>08/06/1996</MaxAmdLetterDate>
    <ARRAAmount/>
    <AwardID>9600957</AwardID>
    <Investigator>
      <FirstName>Stanley</FirstName>
      <LastName>Williams</LastName>
      <EmailAddress>atsnw@asuvm.inre.asu.edu</EmailAddress>
      <StartDate>08/06/1996</StartDate>
      <EndDate/>
      <RoleCode>Principal Investigator</RoleCode>
    </Investigator>
    <Institution>
      <Name>Arizona State University</Name>
      <CityName>TEMPE</CityName>
      <ZipCode>852816011</ZipCode>
      <PhoneNumber>4809655479</PhoneNumber>
      <StreetAddress>ORSPA</StreetAddress>
      <CountryName>United States</CountryName>
      <StateName>Arizona</StateName>
      <StateCode>AZ</StateCode>
    </Institution>
    <FoaInformation>
      <Code>42</Code>
      <Name>Geological Sciences</Name>
    </FoaInformation>
  </Award>
</rootTag>
