<?xml version="1.0" encoding="UTF-8"?>

<rootTag>
  <Award>
    <AwardTitle>Cooperative Research in Asymptotic Analysis and Nonparametric Statistical Estimation</AwardTitle>
    <AwardEffectiveDate>06/01/1996</AwardEffectiveDate>
    <AwardExpirationDate>11/30/1999</AwardExpirationDate>
    <AwardAmount>32490</AwardAmount>
    <AwardInstrument>
      <Value>Standard Grant</Value>
    </AwardInstrument>
    <Organization>
      <Code>03040300</Code>
      <Directorate>
        <LongName>Direct For Mathematical &amp; Physical Scien</LongName>
      </Directorate>
      <Division>
        <LongName>Division Of Mathematical Sciences</LongName>
      </Division>
    </Organization>
    <ProgramOfficer>
      <SignBlockName>K Crank</SignBlockName>
    </ProgramOfficer>
    <AbstractNarration>Khasminskii and Yin This proposal presents a joint effort of researchers at Wayne State University and visiting scientists from Russia. The proposed research project encompasses two parts: the study of singularly perturbed stochastic systems, and nonparametric statistical analysis. Motivated by various problems in production planning of manufacturing systems, the PIs and their Russian colleagues will study singularly perturbed jump-diffusions, and related problems in homogenization. Problems to be investigated include ones where the diffusion component changes in a fast pace and the jump process vary slowly, and where the jump process is the dominating force and the diffusion changes relatively slowly. For the homogenization problem, the emphasis is on the evolution of the probability distribution of fast and slow components of the processes. Concerning the second part of the proposed project, the emphasis is on asymptotically minimax procedures. The problems to be investigated include: studying the asymptotic behavior of the minimax mean square risk for recovering an infinite dimensional vector from noisy data, deriving conditions on the Fisher information matrix under which an asymptotically exact lower bound can be derived for mean square risk for general estimation problems, obtaining lower bounds for density estimation problems, and uniform lower bounds for integrated mean square risk for recovering a smooth regression function from noisy data, finding asymptotically minimax estimators for interpolation problems, investigating filtering problems under non-Gaussian noise, and proving that a linear estimator is asymptotically minimax up to the second order in the Bayesian risk expansion. The proposed project presents an effort of cooperative research between researchers from Wayne State University and outstanding experts from Russia. The results of their research in singularly perturbed stochastic systems and nonparametric statistical estimation problems should be useful for many appl ications in manufacturing systems, data analysis, control and optimization of complex systems. This cooperative research project is expected to foster the establishment of a long-term collaboration among the researchers.</AbstractNarration>
    <MinAmdLetterDate>05/24/1996</MinAmdLetterDate>
    <MaxAmdLetterDate>05/24/1996</MaxAmdLetterDate>
    <ARRAAmount/>
    <AwardID>9600245</AwardID>
    <Investigator>
      <FirstName>Gang George</FirstName>
      <LastName>Yin</LastName>
      <EmailAddress>gyin@math.wayne.edu</EmailAddress>
      <StartDate>05/24/1996</StartDate>
      <EndDate/>
      <RoleCode>Co-Principal Investigator</RoleCode>
    </Investigator>
    <Investigator>
      <FirstName>Rafail</FirstName>
      <LastName>Khasminskii</LastName>
      <EmailAddress>rafail@math.wayne.edu</EmailAddress>
      <StartDate>05/24/1996</StartDate>
      <EndDate/>
      <RoleCode>Principal Investigator</RoleCode>
    </Investigator>
    <Institution>
      <Name>Wayne State University</Name>
      <CityName>Detroit</CityName>
      <ZipCode>482023622</ZipCode>
      <PhoneNumber>3135772424</PhoneNumber>
      <StreetAddress>5057 Woodward</StreetAddress>
      <CountryName>United States</CountryName>
      <StateName>Michigan</StateName>
      <StateCode>MI</StateCode>
    </Institution>
    <FoaInformation>
      <Code>0000099</Code>
      <Name>Other Applications NEC</Name>
    </FoaInformation>
    <FoaInformation>
      <Code>21</Code>
      <Name>Mathematics</Name>
    </FoaInformation>
    <ProgramElement>
      <Code>5979</Code>
      <Text>CENTRAL &amp; EASTERN EUROPE PROGR</Text>
    </ProgramElement>
    <ProgramReference>
      <Code>0000</Code>
      <Text>UNASSIGNED</Text>
    </ProgramReference>
    <ProgramReference>
      <Code>5939</Code>
      <Text>US/USSR ACTIVITIES</Text>
    </ProgramReference>
    <ProgramReference>
      <Code>OTHR</Code>
      <Text>OTHER RESEARCH OR EDUCATION</Text>
    </ProgramReference>
  </Award>
</rootTag>
