<?xml version="1.0" encoding="UTF-8"?>

<rootTag>
  <Award>
    <AwardTitle>Epidemiological and Biocultural Correlates of Pregnancy- Related Sickness in Rural Bangladesh</AwardTitle>
    <AwardEffectiveDate>07/15/1996</AwardEffectiveDate>
    <AwardExpirationDate>12/31/1998</AwardExpirationDate>
    <AwardAmount>38127</AwardAmount>
    <AwardInstrument>
      <Value>Standard Grant</Value>
    </AwardInstrument>
    <Organization>
      <Code>04040400</Code>
      <Directorate>
        <LongName>Direct For Social, Behav &amp; Economic Scie</LongName>
      </Directorate>
      <Division>
        <LongName>Division Of Behavioral and Cognitive Sci</LongName>
      </Division>
    </Organization>
    <ProgramOfficer>
      <SignBlockName>Stuart Plattner</SignBlockName>
    </ProgramOfficer>
    <AbstractNarration>This project investigates epidemiological, hormonal, demographic, and cultural variables pertaining to pregnancy-related sickness in rural Bangladeshi women. Data were collected from a prospective reproductive survey of 708 women in Bangladesh in 1993. Twice weekly interviews and urine specimens collected across gestation from 203 pregnant women will be used to 1) examine the prevalence, maternal age pattern, and gestational timing of pregnancy-related sickness: 2) determine the relationship between hormone profiles (estrogen, progesterone, and human chorionic gonadotropin) and the presence/absence and gestational timing of pregnancy-related sickness: and 3) determine the relationship of pregnancy outcome (live birth vs. miscarriage) with pregnancy-related sickness, while simultaneously controlling for the effects of maternal age, hormone profiles, and parity. Immunoassays will be used to quantify hormonal concentrations across gestation. Descriptive statistics and event history analysis will be used to examine the relationships among pregnancy-related sickness and the variables discussed above. This work will be used to evaluate hypotheses on the etiologic, ecological and evolutionary bases of pregnancy-related sickness.</AbstractNarration>
    <MinAmdLetterDate>07/08/1996</MinAmdLetterDate>
    <MaxAmdLetterDate>07/09/1996</MaxAmdLetterDate>
    <ARRAAmount/>
    <AwardID>9600690</AwardID>
    <Investigator>
      <FirstName>James</FirstName>
      <LastName>Wood</LastName>
      <EmailAddress>jww3@psu.edu</EmailAddress>
      <StartDate>07/08/1996</StartDate>
      <EndDate/>
      <RoleCode>Principal Investigator</RoleCode>
    </Investigator>
    <Investigator>
      <FirstName>Cheryl</FirstName>
      <LastName>Stroud</LastName>
      <EmailAddress/>
      <StartDate>07/08/1996</StartDate>
      <EndDate/>
      <RoleCode>Co-Principal Investigator</RoleCode>
    </Investigator>
    <Investigator>
      <FirstName>Darryl</FirstName>
      <LastName>Holman</LastName>
      <EmailAddress>djholman@u.washington.edu</EmailAddress>
      <StartDate>07/08/1996</StartDate>
      <EndDate/>
      <RoleCode>Co-Principal Investigator</RoleCode>
    </Investigator>
    <Investigator>
      <FirstName>Kathleen</FirstName>
      <LastName>O'Connor</LastName>
      <EmailAddress>oconnork@u.washington.edu</EmailAddress>
      <StartDate>07/08/1996</StartDate>
      <EndDate/>
      <RoleCode>Co-Principal Investigator</RoleCode>
    </Investigator>
    <Institution>
      <Name>Pennsylvania State Univ University Park</Name>
      <CityName>UNIVERSITY PARK</CityName>
      <ZipCode>168027000</ZipCode>
      <PhoneNumber>8148651372</PhoneNumber>
      <StreetAddress>110 Technology Center Building</StreetAddress>
      <CountryName>United States</CountryName>
      <StateName>Pennsylvania</StateName>
      <StateCode>PA</StateCode>
    </Institution>
    <FoaInformation>
      <Code>0000099</Code>
      <Name>Other Applications NEC</Name>
    </FoaInformation>
  </Award>
</rootTag>
