<?xml version="1.0" encoding="UTF-8"?>

<rootTag>
  <Award>
    <AwardTitle>Proposal for Partial Support for U.S. Scientists to Attend XXXI'st Recontres de Moriond; Les Arcs, Savoie, France</AwardTitle>
    <AwardEffectiveDate>04/15/1996</AwardEffectiveDate>
    <AwardExpirationDate>03/31/1997</AwardExpirationDate>
    <AwardAmount>4000</AwardAmount>
    <AwardInstrument>
      <Value>Standard Grant</Value>
    </AwardInstrument>
    <Organization>
      <Code>03010200</Code>
      <Directorate>
        <LongName>Direct For Mathematical &amp; Physical Scien</LongName>
      </Directorate>
      <Division>
        <LongName>Division Of Physics</LongName>
      </Division>
    </Organization>
    <ProgramOfficer>
      <SignBlockName>Patricia Rankin</SignBlockName>
    </ProgramOfficer>
    <AbstractNarration>9600719 McLerran This grant award covers expenses incidental to the participation of young scientists in the Moriond Conference no XXXI in Les Arcs, Savoie, France. The annual Moriond assemblies provide an opportunity for close interaction among physicists who share interests in different aspects of particle physics. The sessions are organized around presentations for one week in Electroweak Theory and Unified Theories one week in QCD and High Energy Hadronic Interactions. ***</AbstractNarration>
    <MinAmdLetterDate>04/04/1996</MinAmdLetterDate>
    <MaxAmdLetterDate>04/04/1996</MaxAmdLetterDate>
    <ARRAAmount/>
    <AwardID>9600719</AwardID>
    <Investigator>
      <FirstName>Larry</FirstName>
      <LastName>McLerran</LastName>
      <EmailAddress>mclerran@physics.spa.umn.edu</EmailAddress>
      <StartDate>04/04/1996</StartDate>
      <EndDate/>
      <RoleCode>Principal Investigator</RoleCode>
    </Investigator>
    <Institution>
      <Name>University of Minnesota-Twin Cities</Name>
      <CityName>Minneapolis</CityName>
      <ZipCode>554552070</ZipCode>
      <PhoneNumber>6126245599</PhoneNumber>
      <StreetAddress>200 OAK ST SE</StreetAddress>
      <CountryName>United States</CountryName>
      <StateName>Minnesota</StateName>
      <StateCode>MN</StateCode>
    </Institution>
    <FoaInformation>
      <Code>0000099</Code>
      <Name>Other Applications NEC</Name>
    </FoaInformation>
  </Award>
</rootTag>
