<?xml version="1.0" encoding="UTF-8"?>

<rootTag>
  <Award>
    <AwardTitle>Joint U.S./European Bridge Engineering Research Workshop</AwardTitle>
    <AwardEffectiveDate>03/01/1996</AwardEffectiveDate>
    <AwardExpirationDate>02/28/1997</AwardExpirationDate>
    <AwardAmount>50750</AwardAmount>
    <AwardInstrument>
      <Value>Standard Grant</Value>
    </AwardInstrument>
    <Organization>
      <Code>07030000</Code>
      <Directorate>
        <LongName>Directorate For Engineering</LongName>
      </Directorate>
      <Division>
        <LongName>Div Of Civil, Mechanical, &amp; Manufact Inn</LongName>
      </Division>
    </Organization>
    <ProgramOfficer>
      <SignBlockName>John Scalzi</SignBlockName>
    </ProgramOfficer>
    <AbstractNarration>9600571 Klaiber This project is a research coordination and planning workshop to determine areas for cooperation between Canada, the European nations and the United States, on topics of interest in the total field of highway bridge engineering. A report will be published for general distribution to the research and design community. ***</AbstractNarration>
    <MinAmdLetterDate>02/12/1996</MinAmdLetterDate>
    <MaxAmdLetterDate>02/12/1996</MaxAmdLetterDate>
    <ARRAAmount/>
    <AwardID>9600571</AwardID>
    <Investigator>
      <FirstName>F.</FirstName>
      <LastName>Klaiber</LastName>
      <EmailAddress>klaiber@iastate.edu</EmailAddress>
      <StartDate>02/12/1996</StartDate>
      <EndDate/>
      <RoleCode>Principal Investigator</RoleCode>
    </Investigator>
    <Investigator>
      <FirstName>W.</FirstName>
      <LastName>Sanders</LastName>
      <EmailAddress/>
      <StartDate>02/12/1996</StartDate>
      <EndDate/>
      <RoleCode>Co-Principal Investigator</RoleCode>
    </Investigator>
    <Institution>
      <Name>Iowa State University</Name>
      <CityName>AMES</CityName>
      <ZipCode>500112207</ZipCode>
      <PhoneNumber>5152945225</PhoneNumber>
      <StreetAddress>1138 Pearson</StreetAddress>
      <CountryName>United States</CountryName>
      <StateName>Iowa</StateName>
      <StateCode>IA</StateCode>
    </Institution>
  </Award>
</rootTag>
