<?xml version="1.0" encoding="UTF-8"?>

<rootTag>
  <Award>
    <AwardTitle>Dissertation Research: Organizational Structure and Training Strategies: The Effect of Organizational Characteristics on Employee Training</AwardTitle>
    <AwardEffectiveDate>08/15/1996</AwardEffectiveDate>
    <AwardExpirationDate>07/31/1997</AwardExpirationDate>
    <AwardAmount>7500</AwardAmount>
    <AwardInstrument>
      <Value>Standard Grant</Value>
    </AwardInstrument>
    <Organization>
      <Code>04050200</Code>
      <Directorate>
        <LongName>Direct For Social, Behav &amp; Economic Scie</LongName>
      </Directorate>
      <Division>
        <LongName>Divn Of Social and Economic Sciences</LongName>
      </Division>
    </Organization>
    <ProgramOfficer>
      <SignBlockName>Patricia White</SignBlockName>
    </ProgramOfficer>
    <AbstractNarration>9600187 Reskin This doctoral dissertation improvement proposal examines the effects of organizational and environmental factors on employers' investments in employee training. It is hypothesized that the amount of training hours and the number of training courses offered/ taken are positively related to affiliate size, environmental complexity, labor market competition, and profits. The investigator will study a large for-profit corporation, its affiliates, and 500 employees within these affiliates. The diverse and geographically dispersed affiliates of this organization will permit the investigator to explore how affiliate-specific organizational characteristics affect the process and outcomes of training. The three basic questions that will be investigated are: (1) What effect does an organization's environment and structure have on the amount of employee training the organization provides?, (2) How do these features influence the structure of the training department? and (3) What is the relationship between the organizational structure, environment, characteristics of individual employees and the amounts and type of training that employees with different characteristics receive? This research will inform theoretical and empirical debate in the sociology of organizations as well as orgnizational and governmental training policies. %%% Data will be collected through surveys of individual employees, in-depth interviews, archival sources, and participant observation. Organizational- and individual- level data will be analyzed using multi-level statistical techniques.</AbstractNarration>
    <MinAmdLetterDate>08/06/1996</MinAmdLetterDate>
    <MaxAmdLetterDate>08/06/1996</MaxAmdLetterDate>
    <ARRAAmount/>
    <AwardID>9600187</AwardID>
    <Investigator>
      <FirstName>Barbara</FirstName>
      <LastName>Reskin</LastName>
      <EmailAddress>reskin@washington.edu</EmailAddress>
      <StartDate>08/06/1996</StartDate>
      <EndDate/>
      <RoleCode>Principal Investigator</RoleCode>
    </Investigator>
    <Institution>
      <Name>Ohio State University Research Foundation -DO NOT USE</Name>
      <CityName>Columbus</CityName>
      <ZipCode>432101016</ZipCode>
      <PhoneNumber>6142923732</PhoneNumber>
      <StreetAddress>1960 KENNY RD</StreetAddress>
      <CountryName>United States</CountryName>
      <StateName>Ohio</StateName>
      <StateCode>OH</StateCode>
    </Institution>
    <FoaInformation>
      <Code>86</Code>
      <Name>Sociology</Name>
    </FoaInformation>
  </Award>
</rootTag>
