<?xml version="1.0" encoding="UTF-8"?>

<rootTag>
  <Award>
    <AwardTitle>Economics and Electorates: The Subjective Economy of British Party Support</AwardTitle>
    <AwardEffectiveDate>01/15/1996</AwardEffectiveDate>
    <AwardExpirationDate>08/31/1997</AwardExpirationDate>
    <AwardAmount>11700</AwardAmount>
    <AwardInstrument>
      <Value>Standard Grant</Value>
    </AwardInstrument>
    <Organization>
      <Code>04050200</Code>
      <Directorate>
        <LongName>Direct For Social, Behav &amp; Economic Scie</LongName>
      </Directorate>
      <Division>
        <LongName>Divn Of Social and Economic Sciences</LongName>
      </Division>
    </Organization>
    <ProgramOfficer>
      <SignBlockName>Frank P. Scioli Jr.</SignBlockName>
    </ProgramOfficer>
    <AbstractNarration>9600018 Stewart Research on the political economy of party support long has been characterized by conflicting theoretical perspectives and sharp empirical disagreements about the significance of various explanatory variables. In particular, two long-standing debates have focused on the roles played by egocentric as opposed to sociotropic, and retrospective versus prospective, evaluations in the formulation of party support decisions. Intertwined with these debates is a general disagreement over whether the evaluation which exerts the largest effect can be interpreted within a rational choice framework. Recognizing that comparative investigations can point in the direction of resolving these controversies, this research continues the administration of three Consumer Confidence questions in monthly British Gallup surveys (N=1,000). Since the series were to be terminated in August, 1995, this research gathers data for 20 consecutive months (until April, 1997). Also on a monthly basic, the data will be provided to the principal investigator and reported in the Gallup Political and Economic Index for the purposes of many other scholars interested in the development and testing of a variety of alternative models relevant to the subjective economy of party support. These data will be amenable to advanced, aggregate level econometric modeling procedures and sophisticated individual-level techniques. This is a data resource that will be widely used by the social science research community interested in the topic. ***</AbstractNarration>
    <MinAmdLetterDate>01/18/1996</MinAmdLetterDate>
    <MaxAmdLetterDate>01/18/1996</MaxAmdLetterDate>
    <ARRAAmount/>
    <AwardID>9600018</AwardID>
    <Investigator>
      <FirstName>Marianne</FirstName>
      <LastName>Stewart</LastName>
      <EmailAddress>mstewart@utdallas.edu</EmailAddress>
      <StartDate>01/18/1996</StartDate>
      <EndDate/>
      <RoleCode>Principal Investigator</RoleCode>
    </Investigator>
    <Institution>
      <Name>University of Texas at Dallas</Name>
      <CityName>Richardson</CityName>
      <ZipCode>750803021</ZipCode>
      <PhoneNumber>9728832313</PhoneNumber>
      <StreetAddress>800 W. Campbell Rd., AD15</StreetAddress>
      <CountryName>United States</CountryName>
      <StateName>Texas</StateName>
      <StateCode>TX</StateCode>
    </Institution>
    <FoaInformation>
      <Code>0000099</Code>
      <Name>Other Applications NEC</Name>
    </FoaInformation>
    <FoaInformation>
      <Code>0116000</Code>
      <Name>Human Subjects</Name>
    </FoaInformation>
    <FoaInformation>
      <Code>85</Code>
      <Name>Political Sciences</Name>
    </FoaInformation>
    <ProgramElement>
      <Code>1371</Code>
      <Text>POLITICAL SCIENCE</Text>
    </ProgramElement>
    <ProgramReference>
      <Code>0000</Code>
      <Text>UNASSIGNED</Text>
    </ProgramReference>
    <ProgramReference>
      <Code>OTHR</Code>
      <Text>OTHER RESEARCH OR EDUCATION</Text>
    </ProgramReference>
  </Award>
</rootTag>
