<?xml version="1.0" encoding="UTF-8"?>

<rootTag>
  <Award>
    <AwardTitle>Japan STA Program: Carbon Dioxide Reforming of Methane</AwardTitle>
    <AwardEffectiveDate>07/01/1996</AwardEffectiveDate>
    <AwardExpirationDate>09/30/1998</AwardExpirationDate>
    <AwardAmount>17300</AwardAmount>
    <AwardInstrument>
      <Value>Fellowship</Value>
    </AwardInstrument>
    <Organization>
      <Code>01090000</Code>
      <Directorate>
        <LongName>Office Of The Director</LongName>
      </Directorate>
      <Division>
        <LongName>Office Of Internatl Science &amp;Engineering</LongName>
      </Division>
    </Organization>
    <ProgramOfficer>
      <SignBlockName>Larry H. Weber</SignBlockName>
    </ProgramOfficer>
    <AbstractNarration>9600283 Schmitz This award supports a 24 month Science and Technology Agency of Japan (STA) Postdoctoral Fellowship for Dr. Andrew Schmitz at the Hokkaido National Research Institute, Sapporo, Japan. Dr. Schmitz will work with Dr. Tadashi Yoshida, Director of the Macromolecular Science Section, on a research project entitled "Carbon Dioxide Reforming of Methane". The proposed research will develop techniques used in carbon dioxide reforming of methane to produce synthesis gas (carbon monoxide and hydrogen). Synthesis gas is an important feedstock for production of higher-value chemicals such as methanol, acetic acid and hydrocarbons. Consequently, carbon dioxide reforming of methane is an important step in the conversion of two greenhouse gases into useful chemicals. This reforming reaction can also be used to store energy from a solar, nuclear or fossil fuel source as chemical energy. The energy can then be released on demand by reversing the chemical reaction or by synthesis gas combustion. Carbon dioxide reforming of methane requires high reaction temperatures (in excess of 500 =BAC) where catalyst deactivation is an important concern. To identify promising multimetallic catalysts for development, research will focus on the comparative performance of candidate multimetallic catalysts with that of known monometallic catalysts for carbon dioxide reforming of methane. Catalyst activity and deactivation rate in the reforming reaction will be evaluated using a quartz-tube flow reactor. Furthermore, a study of catalyst physicochemical properties will be used to identify deactivation mechanisms and to tailor multimetallic catalyst compositions to achieve high activity and high deactivation resistance. Parameters of focus are identification of which multimetallic systems show enhanced performance compared to monometallic systems, and what relative metal concentrations are required to optimize multimetallic catalyst performance. ***</AbstractNarration>
    <MinAmdLetterDate>06/04/1996</MinAmdLetterDate>
    <MaxAmdLetterDate>06/24/1998</MaxAmdLetterDate>
    <ARRAAmount/>
    <AwardID>9600283</AwardID>
    <Investigator>
      <FirstName>Andrew</FirstName>
      <LastName>Schmitz</LastName>
      <EmailAddress>Ads5@psu.edu</EmailAddress>
      <StartDate>06/04/1996</StartDate>
      <EndDate/>
      <RoleCode>Principal Investigator</RoleCode>
    </Investigator>
    <Institution>
      <Name>PA Fellowships</Name>
      <CityName>Arlington</CityName>
      <ZipCode>22230</ZipCode>
      <PhoneNumber></PhoneNumber>
      <StreetAddress></StreetAddress>
      <CountryName>United States</CountryName>
      <StateName>Pennsylvania</StateName>
      <StateCode>PA</StateCode>
    </Institution>
  </Award>
</rootTag>
