<?xml version="1.0" encoding="UTF-8"?>

<rootTag>
  <Award>
    <AwardTitle>International Research Fellow Awards Program: The Electrolytic and Catalytic Behavior of the Mixed Conducting Oxide Y203-Ti02-Zr02</AwardTitle>
    <AwardEffectiveDate>08/01/1996</AwardEffectiveDate>
    <AwardExpirationDate>02/28/1998</AwardExpirationDate>
    <AwardAmount>29150</AwardAmount>
    <AwardInstrument>
      <Value>Fellowship</Value>
    </AwardInstrument>
    <Organization>
      <Code>01090000</Code>
      <Directorate>
        <LongName>Office Of The Director</LongName>
      </Directorate>
      <Division>
        <LongName>Office Of Internatl Science &amp;Engineering</LongName>
      </Division>
    </Organization>
    <ProgramOfficer>
      <SignBlockName>Susan Parris</SignBlockName>
    </ProgramOfficer>
    <AbstractNarration>9600288 Beatrice The International Research Fellow Awards Program enables U.S. scientists and engineers to conduct three to twenty- four months of research abroad. The program's awards provide opportunities for joint research, and the use of unique or complementary facilities, expertise and experimental conditions abroad. This award will support a twelve-month postdoctoral research visit which will support Dr. Pamela Beatrice to work with Professor Costas G. Vayenas at the University of Patras in Greece for six months and then return to the United States to work with Professor Wayne L. Worrell at the University of Pennsylvania for six months. Solid oxide fuel cells (SOFCs) have potential for simultaneous operation as both a generator od electrical power and a chemical reactor for several industrially important catalytic oxidation processes. This project will evaluate the electrocatalyic and catalytic properties of the mixed electronically and ionically conducting yttria-titania- zirconia materials which show great promise as an anode material in SOFCs. The materials have been developed and evaluated for their ionic and electrical conducting properties at the University of Pennsylvania under Professor Worrell. The study consists of two parts: the first is the electrocatalytic and catalytic evaluation to be made at the University of Patras, with the help of Professor Vayenas, and the second is a microstructural characterization to be done at Penn with Professor Worrell. ***</AbstractNarration>
    <MinAmdLetterDate>05/03/1996</MinAmdLetterDate>
    <MaxAmdLetterDate>08/12/1997</MaxAmdLetterDate>
    <ARRAAmount/>
    <AwardID>9600288</AwardID>
    <Investigator>
      <FirstName>Pamela</FirstName>
      <LastName>Beatrice</LastName>
      <EmailAddress>beatricp@eniac.seas.upenn.edu</EmailAddress>
      <StartDate>05/03/1996</StartDate>
      <EndDate/>
      <RoleCode>Principal Investigator</RoleCode>
    </Investigator>
    <Institution>
      <Name>Fellowships</Name>
      <CityName>Arlington</CityName>
      <ZipCode>22230</ZipCode>
      <PhoneNumber></PhoneNumber>
      <StreetAddress></StreetAddress>
      <CountryName>United States</CountryName>
      <StateName>Virginia</StateName>
      <StateCode>VA</StateCode>
    </Institution>
  </Award>
</rootTag>
