<?xml version="1.0" encoding="UTF-8"?>

<rootTag>
  <Award>
    <AwardTitle>International Research Fellow Awards Program: Establishing the Complexity of p-partite Tournament Isomorphism</AwardTitle>
    <AwardEffectiveDate>09/01/1996</AwardEffectiveDate>
    <AwardExpirationDate>07/31/1997</AwardExpirationDate>
    <AwardAmount>41740</AwardAmount>
    <AwardInstrument>
      <Value>Standard Grant</Value>
    </AwardInstrument>
    <Organization>
      <Code>01090000</Code>
      <Directorate>
        <LongName>Office Of The Director</LongName>
      </Directorate>
      <Division>
        <LongName>Office Of Internatl Science &amp;Engineering</LongName>
      </Division>
    </Organization>
    <ProgramOfficer>
      <SignBlockName>Susan Parris</SignBlockName>
    </ProgramOfficer>
    <AbstractNarration>9600356 Wolf The International Research Fellow Awards Program enables U.S. scientists and engineers to conduct three to twentyfour months of research abroad. The program's awards provide opportunities for joint research, and the use of unique or complementary facilities, expertise and experimental conditions abroad. This award will support a seven-month postdoctoral research visit which will support Dr. Marty Wolf of Mankato State University to work with Dr. Brendan McKay at the Australian National University in Canberra, Australia. The topic of this research is to establish the complexity of p-partite tournament isomorphism. The primary goal is to determine a tighter analysis of the complexity of this open problem in graph theory. There is an interest in studying this complexity on a variety of combinatorial objects because it will help develop a deeper understanding of what makes the isomorphism problem difficult and the relative complexity of combinatorial objects. This project is also significant because some problems found in neural network algorithms result in networks where the underlying structure is a p-partite tournament, and Dr. Wolf and Dr. McKay will explore the application of convex subsets to try and overcome these problems. ***</AbstractNarration>
    <MinAmdLetterDate>04/08/1996</MinAmdLetterDate>
    <MaxAmdLetterDate>04/08/1996</MaxAmdLetterDate>
    <ARRAAmount/>
    <AwardID>9600356</AwardID>
    <Investigator>
      <FirstName>Marty</FirstName>
      <LastName>Wolf</LastName>
      <EmailAddress>mjwolf@bemidjistate.edu</EmailAddress>
      <StartDate>04/08/1996</StartDate>
      <EndDate/>
      <RoleCode>Principal Investigator</RoleCode>
    </Investigator>
    <Institution>
      <Name>Minnesota State University, Mankato</Name>
      <CityName>Mankato</CityName>
      <ZipCode>560016066</ZipCode>
      <PhoneNumber>5073895275</PhoneNumber>
      <StreetAddress>Research and Sponsored Programs</StreetAddress>
      <CountryName>United States</CountryName>
      <StateName>Minnesota</StateName>
      <StateCode>MN</StateCode>
    </Institution>
    <FoaInformation>
      <Code>30</Code>
      <Name>Computer Science &amp; Engineering</Name>
    </FoaInformation>
  </Award>
</rootTag>
