<?xml version="1.0" encoding="UTF-8"?>

<rootTag>
  <Award>
    <AwardTitle>CAREER: Biological and Molecular Studies of Trypanosomal Ribonucleases H</AwardTitle>
    <AwardEffectiveDate>03/15/1997</AwardEffectiveDate>
    <AwardExpirationDate>02/28/2002</AwardExpirationDate>
    <AwardAmount>369500</AwardAmount>
    <AwardInstrument>
      <Value>Standard Grant</Value>
    </AwardInstrument>
    <Organization>
      <Code>08070400</Code>
      <Directorate>
        <LongName>Direct For Biological Sciences</LongName>
      </Directorate>
      <Division>
        <LongName>Div Of Molecular and Cellular Bioscience</LongName>
      </Division>
    </Organization>
    <ProgramOfficer>
      <SignBlockName>Parag R. Chitnis</SignBlockName>
    </ProgramOfficer>
    <AbstractNarration>9600920 Campbell The research portion of this CAREER proposal concerns RNases H, widely distributed enzymes found in systems ranging from retroviruses to humans. They specifically degrade the RNA strands of RNA:DNA duplex hybrids, an important function in DNA replication. The distribution of RNases H further suggests that they are centrally positioned to regulate key decisions in DNA replication and nucleic acid metabolism in all biological systems. Dr. Campbell will initiate studies to establish the roles played by RNases H in eukaryotic DNA replication and cell growth using the protozoan Trypanosoma brucei. Expression patterns of the major RNase H, TbbRNHI, of T. Brucei will be established; activity patterns of the expressed and purified recombinant enzyme will be defined; and mutations that result in catalytically altered enzyme will be identified. The educational plan consists of adding innovative changes to a new course recently introduced into the Brown undergraduate curriculum and implementing a program to mentor and ignite under-represented minority student learning and scientific interest. RNase H is an enzyme that specifically degrades the RNA strand of DNA:RNA hybrids (H for hybrid). The RNase family is widely distributed, found in systems ranging from retroviruses to humans. They are function in controlling the replication of DNA, and thus are critical to the life cycles of retroviruses as well as eukaryotic organisms. In this project, the role of RNase H in a complex organism, the protozoan Trypanosoma brucei, will be studied in an effort to learn more about their function in cells. The education component adds innovative changes to a new course on fundamental concepts in modern biology, as well as a program to stimulate under-represented students to pursue academic careers. ***</AbstractNarration>
    <MinAmdLetterDate>03/07/1997</MinAmdLetterDate>
    <MaxAmdLetterDate>03/07/1997</MaxAmdLetterDate>
    <ARRAAmount/>
    <AwardID>9600920</AwardID>
    <Investigator>
      <FirstName>Andrew</FirstName>
      <LastName>Campbell</LastName>
      <EmailAddress>andrew_campbell@brown.edu</EmailAddress>
      <StartDate>03/07/1997</StartDate>
      <EndDate/>
      <RoleCode>Principal Investigator</RoleCode>
    </Investigator>
    <Institution>
      <Name>Brown University</Name>
      <CityName>Providence</CityName>
      <ZipCode>029129002</ZipCode>
      <PhoneNumber>4018632777</PhoneNumber>
      <StreetAddress>BOX 1929</StreetAddress>
      <CountryName>United States</CountryName>
      <StateName>Rhode Island</StateName>
      <StateCode>RI</StateCode>
    </Institution>
    <FoaInformation>
      <Code>0000099</Code>
      <Name>Other Applications NEC</Name>
    </FoaInformation>
    <FoaInformation>
      <Code>61</Code>
      <Name>Life Science Biological</Name>
    </FoaInformation>
    <ProgramElement>
      <Code>1144</Code>
      <Text>Molecular Biophysics</Text>
    </ProgramElement>
    <ProgramElement>
      <Code>1166</Code>
      <Text>MOLECULAR BIOCHEMISTRY</Text>
    </ProgramElement>
    <ProgramReference>
      <Code>1045</Code>
      <Text>CAREER: FACULTY EARLY CAR DEV</Text>
    </ProgramReference>
    <ProgramReference>
      <Code>9178</Code>
      <Text>UNDERGRADUATE EDUCATION</Text>
    </ProgramReference>
    <ProgramReference>
      <Code>9183</Code>
      <Text>GENERAL FOUNDATIONS OF BIOTECHNOLOGY</Text>
    </ProgramReference>
    <ProgramReference>
      <Code>9251</Code>
      <Text>RES EXPER FOR UNDERGRAD-SUPPLT</Text>
    </ProgramReference>
    <ProgramReference>
      <Code>BIOT</Code>
      <Text>BIOTECHNOLOGY</Text>
    </ProgramReference>
    <ProgramReference>
      <Code>SMET</Code>
      <Text>SCIENCE, MATH, ENG &amp; TECH EDUCATION</Text>
    </ProgramReference>
  </Award>
</rootTag>
