<?xml version="1.0" encoding="UTF-8"?>

<rootTag>
  <Award>
    <AwardTitle>U.S.-Chile Cooperative Research: Reproductive Energetics of a South American Caviomorph Rodent Population</AwardTitle>
    <AwardEffectiveDate>04/15/1996</AwardEffectiveDate>
    <AwardExpirationDate>06/30/2000</AwardExpirationDate>
    <AwardAmount>57526</AwardAmount>
    <AwardInstrument>
      <Value>Standard Grant</Value>
    </AwardInstrument>
    <Organization>
      <Code>01090000</Code>
      <Directorate>
        <LongName>Office Of The Director</LongName>
      </Directorate>
      <Division>
        <LongName>Office Of Internatl Science &amp;Engineering</LongName>
      </Division>
    </Organization>
    <ProgramOfficer>
      <SignBlockName>Beverly Diaz</SignBlockName>
    </ProgramOfficer>
    <AbstractNarration>9600578 Kenagy This Americas Program award will support a collaborative research project between Dr. George Kenagy, University of Washington, Seattle, and Dr. Francisco Bozinovic, Pontificia Universidad Catolica de Chile. The objective of the proposed project is to characterize the profile of energy expenditure for breeding in the degu, a rodent belonging to a South American group, the Caviomorpha. This group undertakes a lengthy gestation leading to birth of highly precocial young requiring only a brief period of suckling. The study will seek to identify the peak demand and expenditure of energy and to see how these correspond to the maximal performance capacities of the selected species. Stable isotope technology will be used to measure rates of energy expenditure. An initial assessment will be made of the link between energetics and the mode of life history that has evolved in caviomorph rodents. Life history theory has produced the idea that for iteroparous animals an increase in current reproductive output should have a negative impact on future reproductive potential and survival. Evidence from genetic correlations and individual variation in performance continues to lend support to the possibility that energy relations are indeed a link between organismal performance and fitness. This study will address the role of energy in shaping life histories by providing insights into the process of energy use in a natural mammalian population and its relation to maximum energetic capacities of females during gestation or lactation. This will include the mammalian maternal strategy of producing precocial young. ***</AbstractNarration>
    <MinAmdLetterDate>04/08/1996</MinAmdLetterDate>
    <MaxAmdLetterDate>12/23/1999</MaxAmdLetterDate>
    <ARRAAmount/>
    <AwardID>9600578</AwardID>
    <Investigator>
      <FirstName>George</FirstName>
      <LastName>Kenagy</LastName>
      <EmailAddress>kenagy@u.washington.edu</EmailAddress>
      <StartDate>04/08/1996</StartDate>
      <EndDate/>
      <RoleCode>Principal Investigator</RoleCode>
    </Investigator>
    <Institution>
      <Name>University of Washington</Name>
      <CityName>Seattle</CityName>
      <ZipCode>981950001</ZipCode>
      <PhoneNumber>2065434043</PhoneNumber>
      <StreetAddress>4333 Brooklyn Ave NE</StreetAddress>
      <CountryName>United States</CountryName>
      <StateName>Washington</StateName>
      <StateCode>WA</StateCode>
    </Institution>
    <FoaInformation>
      <Code>0000099</Code>
      <Name>Other Applications NEC</Name>
    </FoaInformation>
    <FoaInformation>
      <Code>61</Code>
      <Name>Life Science Biological</Name>
    </FoaInformation>
    <ProgramElement>
      <Code>1155</Code>
      <Text>INTEGRATIVE ANIMAL BIOLOGY</Text>
    </ProgramElement>
    <ProgramElement>
      <Code>5977</Code>
      <Text>AMERICAS PROGRAM</Text>
    </ProgramElement>
    <ProgramReference>
      <Code>0000</Code>
      <Text>UNASSIGNED</Text>
    </ProgramReference>
    <ProgramReference>
      <Code>5974</Code>
      <Text>CHILE</Text>
    </ProgramReference>
    <ProgramReference>
      <Code>OTHR</Code>
      <Text>OTHER RESEARCH OR EDUCATION</Text>
    </ProgramReference>
  </Award>
</rootTag>
