<?xml version="1.0" encoding="UTF-8"?>

<rootTag>
  <Award>
    <AwardTitle>Joint U.S.-Brazil Research in Interacting Particle Systems</AwardTitle>
    <AwardEffectiveDate>08/15/1996</AwardEffectiveDate>
    <AwardExpirationDate>07/31/2000</AwardExpirationDate>
    <AwardAmount>32000</AwardAmount>
    <AwardInstrument>
      <Value>Standard Grant</Value>
    </AwardInstrument>
    <Organization>
      <Code>01090000</Code>
      <Directorate>
        <LongName>Office Of The Director</LongName>
      </Directorate>
      <Division>
        <LongName>Office Of Internatl Science &amp;Engineering</LongName>
      </Division>
    </Organization>
    <ProgramOfficer>
      <SignBlockName>Francis J. Wodarczyk</SignBlockName>
    </ProgramOfficer>
    <AbstractNarration>9600698 Cox This U.S.-Brazil collaborative research project is led by Ted Cox of Syracuse University and Pablo Ferrari of Universidade de Sao Paulo, Brazil. The objective is to bring together many of the U.S. and Brazilian leaders in probability theory, and in particular the theory of interacting particle systems, to work together in small groups over a three-year period. Rather than workshops, the collaborations will be achieved through a series of trips by individuals of both countries: NSF will fund the U.S. scientists, while a counterpart grant from CNPq in Brazil will fund the Brazilian scientists. The main theme of investigation will be systems with many interacting components that evolve with time, including problems in biological and spin models, spatial point processes, metastability and quasi-stationary distributions, and hydrodynamic behavior of particle systems. The interactions promoted through this project will stimulate new directions in an important and active research field. They will also promote new links in the international community and provide opportunities for graduate students at the institutions involved. ***</AbstractNarration>
    <MinAmdLetterDate>08/02/1996</MinAmdLetterDate>
    <MaxAmdLetterDate>08/02/1996</MaxAmdLetterDate>
    <ARRAAmount/>
    <AwardID>9600698</AwardID>
    <Investigator>
      <FirstName>J. Theodore</FirstName>
      <LastName>Cox</LastName>
      <EmailAddress>jtcox@syr.edu</EmailAddress>
      <StartDate>08/02/1996</StartDate>
      <EndDate/>
      <RoleCode>Principal Investigator</RoleCode>
    </Investigator>
    <Institution>
      <Name>Syracuse University</Name>
      <CityName>SYRACUSE</CityName>
      <ZipCode>132441200</ZipCode>
      <PhoneNumber>3154432807</PhoneNumber>
      <StreetAddress>OFFICE OF SPONSORED PROGRAMS</StreetAddress>
      <CountryName>United States</CountryName>
      <StateName>New York</StateName>
      <StateCode>NY</StateCode>
    </Institution>
    <FoaInformation>
      <Code>0000099</Code>
      <Name>Other Applications NEC</Name>
    </FoaInformation>
    <FoaInformation>
      <Code>20</Code>
      <Name>Mathematics</Name>
    </FoaInformation>
    <ProgramElement>
      <Code>5977</Code>
      <Text>AMERICAS PROGRAM</Text>
    </ProgramElement>
    <ProgramReference>
      <Code>0000</Code>
      <Text>UNASSIGNED</Text>
    </ProgramReference>
    <ProgramReference>
      <Code>5913</Code>
      <Text>BRAZIL</Text>
    </ProgramReference>
    <ProgramReference>
      <Code>OTHR</Code>
      <Text>OTHER RESEARCH OR EDUCATION</Text>
    </ProgramReference>
  </Award>
</rootTag>
