<?xml version="1.0" encoding="UTF-8"?>

<rootTag>
  <Award>
    <AwardTitle>International Research Fellow Awards Program: Wavelet-Based Subband Coding for Video Using Adaptive Vector Quantization</AwardTitle>
    <AwardEffectiveDate>09/01/1996</AwardEffectiveDate>
    <AwardExpirationDate>12/31/1998</AwardExpirationDate>
    <AwardAmount>39380</AwardAmount>
    <AwardInstrument>
      <Value>Fellowship</Value>
    </AwardInstrument>
    <Organization>
      <Code>01090000</Code>
      <Directorate>
        <LongName>Office Of The Director</LongName>
      </Directorate>
      <Division>
        <LongName>Office Of Internatl Science &amp;Engineering</LongName>
      </Division>
    </Organization>
    <ProgramOfficer>
      <SignBlockName>Susan Parris</SignBlockName>
    </ProgramOfficer>
    <AbstractNarration>9600260 Fowler The International Research Fellow Awards Program enables U.S. scientists and engineers to conduct three to twentyfour months of research abroad. The program's awards provide opportunities for joint research, and the use of unique or complementary facilities, expertise and experimental conditions abroad. This award will support a twelve-month postdoctoral research visit by Dr. James E. Fowler to work with Professor Michel Barlaud at the University of Nice - Sophia Antipolis. Their project is entitled, "Wavelet-Based Subband Coding for Video Using Adaptive Vector Quantization." The use of digital computers in multimedia applications demands efficient coding techniques for storing and transmitting digital video. Dr. Fowler and Professor Barlaud plan to develop a new algorithm for video coding, based on an integration of two image coding techniques: adaptive vector quantification (AVQ) and wavelet based subband coding. They believe that this algorithm is better suited for packet based video than the established Motion Picture Experts Group (MPEG) standards. ***</AbstractNarration>
    <MinAmdLetterDate>05/02/1996</MinAmdLetterDate>
    <MaxAmdLetterDate>01/28/1998</MaxAmdLetterDate>
    <ARRAAmount/>
    <AwardID>9600260</AwardID>
    <Investigator>
      <FirstName>James</FirstName>
      <LastName>Fowler</LastName>
      <EmailAddress>fowler@ece.msstate.edu</EmailAddress>
      <StartDate>05/02/1996</StartDate>
      <EndDate/>
      <RoleCode>Principal Investigator</RoleCode>
    </Investigator>
    <Institution>
      <Name>Fellowships</Name>
      <CityName>Arlington</CityName>
      <ZipCode>22230</ZipCode>
      <PhoneNumber/>
      <StreetAddress/>
      <CountryName>United States</CountryName>
      <StateName>Virginia</StateName>
      <StateCode>VA</StateCode>
    </Institution>
    <FoaInformation>
      <Code>55</Code>
      <Name>Engineering-Electrical</Name>
    </FoaInformation>
  </Award>
</rootTag>
