<?xml version="1.0" encoding="UTF-8"?>

<rootTag>
  <Award>
    <AwardTitle>The Transformation of Property Rights in West Africa</AwardTitle>
    <AwardEffectiveDate>07/01/1996</AwardEffectiveDate>
    <AwardExpirationDate>06/30/2000</AwardExpirationDate>
    <AwardAmount>50819</AwardAmount>
    <AwardInstrument>
      <Value>Standard Grant</Value>
    </AwardInstrument>
    <Organization>
      <Code>04050200</Code>
      <Directorate>
        <LongName>Direct For Social, Behav &amp; Economic Scie</LongName>
      </Directorate>
      <Division>
        <LongName>Divn Of Social and Economic Sciences</LongName>
      </Division>
    </Organization>
    <ProgramOfficer>
      <SignBlockName>Brian D. Humes</SignBlockName>
    </ProgramOfficer>
    <AbstractNarration>9601136 Firman This research examines the transformation of property rights to land in Ghana, the Cote d'Ivoire and cameroon during the period of colonial rule, when Africa was integrated into the world economy. The project aims to achieve three theoretical goals. First, it explains the origins of insecure land tenure in Africa. Second, it describes the impact of British and French colonial institutions on the transformation of property rights - and thus begins to explain variation in the pattern of political and economic change witnessed across Africa. Third, the project improves our theoretical understanding of the political process by which property rights institutions change, and the conditions under which those rights are made more secure. The researcher uses a most similar systems research design. She examines the transformation of property rights among the Akan who straddled the Ghanaian-Ivoirian border; and among the Bamileke, who reside in the former British and French portions of Cameroon. By selecting border groups, the researcher holds constant variables such as ecological climate or proximity to urban center and isolates the effect of a single independent variable: colonial institutions. By choosing one hierarchically organized society (the Akan), and one decentralized society (the Bamileke), the investigator examines the power of rival hypotheses, which link the difference in the transformation of land tenure to the indigenous social structure. The investigator relies on qualitative data, specifically archival data and oral interviews. These data allow determination of the strategies landowners used to acquire land and defend that land from other claimants. ***</AbstractNarration>
    <MinAmdLetterDate>06/10/1996</MinAmdLetterDate>
    <MaxAmdLetterDate>06/18/1999</MaxAmdLetterDate>
    <ARRAAmount/>
    <AwardID>9601138</AwardID>
    <Investigator>
      <FirstName>Kathryn</FirstName>
      <LastName>Firmin-Sellers</LastName>
      <EmailAddress>kfirmin@indiana.edu</EmailAddress>
      <StartDate>06/10/1996</StartDate>
      <EndDate/>
      <RoleCode>Principal Investigator</RoleCode>
    </Investigator>
    <Institution>
      <Name>Indiana University</Name>
      <CityName>Bloomington</CityName>
      <ZipCode>474013654</ZipCode>
      <PhoneNumber>8128550516</PhoneNumber>
      <StreetAddress>509 E 3RD ST</StreetAddress>
      <CountryName>United States</CountryName>
      <StateName>Indiana</StateName>
      <StateCode>IN</StateCode>
    </Institution>
    <FoaInformation>
      <Code>0000099</Code>
      <Name>Other Applications NEC</Name>
    </FoaInformation>
    <FoaInformation>
      <Code>85</Code>
      <Name>Political Sciences</Name>
    </FoaInformation>
    <ProgramElement>
      <Code>1371</Code>
      <Text>POLITICAL SCIENCE</Text>
    </ProgramElement>
    <ProgramReference>
      <Code>0000</Code>
      <Text>UNASSIGNED</Text>
    </ProgramReference>
    <ProgramReference>
      <Code>OTHR</Code>
      <Text>OTHER RESEARCH OR EDUCATION</Text>
    </ProgramReference>
  </Award>
</rootTag>
