<?xml version="1.0" encoding="UTF-8"?>

<rootTag>
  <Award>
    <AwardTitle>Multidimensional Role of Vasopressin Receptors in Cerebral Cortex</AwardTitle>
    <AwardEffectiveDate>07/15/1996</AwardEffectiveDate>
    <AwardExpirationDate>06/30/1999</AwardExpirationDate>
    <AwardAmount>215847</AwardAmount>
    <AwardInstrument>
      <Value>Continuing grant</Value>
    </AwardInstrument>
    <Organization>
      <Code>08090200</Code>
      <Directorate>
        <LongName>Direct For Biological Sciences</LongName>
      </Directorate>
      <Division>
        <LongName>Division Of Integrative Organismal Sys</LongName>
      </Division>
    </Organization>
    <ProgramOfficer>
      <SignBlockName>Diane M. Witt</SignBlockName>
    </ProgramOfficer>
    <AbstractNarration>Brinton 9601248 One of the hallmark characteristics of the cerebral cortex is its integrative capacity. Information derived from the external environment, from systems that control bodily function and from internal conscious and unconscious events all converge onto the cerebral cortex for processing and storage. A critical, as yet, unanswered question concerns the mechanism(s) by which integration of information occurs in the cerebral cortex. To address this question, Dr. Brinton is investigating the role of the vasopressin receptor in this context. Vasopressin is a small protein molecule which enhances long-term memory, a function associated with the cerebral cortex. The experiments focus on the cellular, biochemical and genomic events triggered by activation of cortical vasopressin receptors essential for the integration of information. These investigations provide a greater understanding of the basic mechanisms for the brain to process information, and gives us a greater understanding of how learning and memory are generated.</AbstractNarration>
    <MinAmdLetterDate>07/11/1996</MinAmdLetterDate>
    <MaxAmdLetterDate>03/24/1998</MaxAmdLetterDate>
    <ARRAAmount/>
    <AwardID>9601248</AwardID>
    <Investigator>
      <FirstName>Roberta Diaz</FirstName>
      <LastName>Brinton</LastName>
      <EmailAddress>rbrinton@hsc.usc.edu</EmailAddress>
      <StartDate>07/11/1996</StartDate>
      <EndDate/>
      <RoleCode>Principal Investigator</RoleCode>
    </Investigator>
    <Institution>
      <Name>University of Southern California</Name>
      <CityName>Los Angeles</CityName>
      <ZipCode>900890001</ZipCode>
      <PhoneNumber>2137407762</PhoneNumber>
      <StreetAddress>University Park</StreetAddress>
      <CountryName>United States</CountryName>
      <StateName>California</StateName>
      <StateCode>CA</StateCode>
    </Institution>
    <FoaInformation>
      <Code>0000099</Code>
      <Name>Other Applications NEC</Name>
    </FoaInformation>
  </Award>
</rootTag>
