<?xml version="1.0" encoding="UTF-8"?>

<rootTag>
  <Award>
    <AwardTitle>RUI Collaboration: Quantitative Modeling of Bose- Condensed Atomic Systems</AwardTitle>
    <AwardEffectiveDate>08/15/1996</AwardEffectiveDate>
    <AwardExpirationDate>07/31/1998</AwardExpirationDate>
    <AwardAmount>40000</AwardAmount>
    <AwardInstrument>
      <Value>Continuing grant</Value>
    </AwardInstrument>
    <Organization>
      <Code>03010500</Code>
      <Directorate>
        <LongName>Direct For Mathematical &amp; Physical Scien</LongName>
      </Directorate>
      <Division>
        <LongName>Division Of Physics</LongName>
      </Division>
    </Organization>
    <ProgramOfficer>
      <SignBlockName>Barry I. Schneider</SignBlockName>
    </ProgramOfficer>
    <AbstractNarration>The research focuses on the quantitative modeling of Bose condensed, trapped atomic systems. Analytic and numerical techniques examine the effect of the geometry of the trap, the kinetics of condensate formation, the nature of the phase transition and the effect of particle correlations.</AbstractNarration>
    <MinAmdLetterDate>07/30/1996</MinAmdLetterDate>
    <MaxAmdLetterDate>02/24/1997</MaxAmdLetterDate>
    <ARRAAmount/>
    <AwardID>9601261</AwardID>
    <Investigator>
      <FirstName>Michael</FirstName>
      <LastName>Coplan</LastName>
      <EmailAddress>coplan@glue.umd.edu</EmailAddress>
      <StartDate>07/30/1996</StartDate>
      <EndDate/>
      <RoleCode>Principal Investigator</RoleCode>
    </Investigator>
    <Investigator>
      <FirstName>Charles</FirstName>
      <LastName>Clark</LastName>
      <EmailAddress>cwc@umd.edu</EmailAddress>
      <StartDate>07/30/1996</StartDate>
      <EndDate/>
      <RoleCode>Co-Principal Investigator</RoleCode>
    </Investigator>
    <Institution>
      <Name>University of Maryland College Park</Name>
      <CityName>COLLEGE PARK</CityName>
      <ZipCode>207425141</ZipCode>
      <PhoneNumber>3014056269</PhoneNumber>
      <StreetAddress>3112 LEE BLDG 7809 Regents Drive</StreetAddress>
      <CountryName>United States</CountryName>
      <StateName>Maryland</StateName>
      <StateCode>MD</StateCode>
    </Institution>
    <FoaInformation>
      <Code>13</Code>
      <Name>Physics</Name>
    </FoaInformation>
  </Award>
</rootTag>
