<?xml version="1.0" encoding="UTF-8"?>

<rootTag>
  <Award>
    <AwardTitle>Physiology, Phylogeny and Adaptation in Schiedea (Caryophyllaceae): An Endemic Hawaiian Plant Genus</AwardTitle>
    <AwardEffectiveDate>09/15/1996</AwardEffectiveDate>
    <AwardExpirationDate>08/05/1999</AwardExpirationDate>
    <AwardAmount>365000</AwardAmount>
    <AwardInstrument>
      <Value>Continuing grant</Value>
    </AwardInstrument>
    <Organization>
      <Code>08090300</Code>
      <Directorate>
        <LongName>Direct For Biological Sciences</LongName>
      </Directorate>
      <Division>
        <LongName>Division Of Integrative Organismal Sys</LongName>
      </Division>
    </Organization>
    <ProgramOfficer>
      <SignBlockName>Zoe Eppley</SignBlockName>
    </ProgramOfficer>
    <AbstractNarration>9601325 Dawson This research is an investigation of patterns of functional diversity with respect to their phylogenetic (evolutionary) relationships within Schiedea (Caryophyllaceae). A phylogeny (evolutionary tree) of the genera Schiedea and Alsinidendron shows that the two genera arose from the same ancestor and have radiated into diverse habitats in the Hawaiian Islands, and include rain forest vines, coastal and subalpine shrubs, and herbs. The comparative ecology and physiology of plants has rarely been conducted in a rigorous phylogenetic context, with knowledge of the evolutionary relationships of the species. As a result, it is difficult to know whether physiological, anatomical and morphological traits are adaptations to different environments because these traits have changed through evolutionary time in response to novel selection in new habitats or are historical artifacts of past selection. This research will study patterns of physiological specialization associated with shifts in breeding system and morphology that accompany shifts in habitat preference. Research objectives are: (1) to describe the patterns of physiological diversity (patterns of water use and water-use efficiency using measurements of carbon fixation and water loss rates, instantaneous water use efficiency, carbon isotope ratio, hydraulic properties, and their associated morphological changes) for 9 representative species; (2) analyze habitat characteristics and correlate them with the functional traits for these species; (3) interpret functional characteristics with respect to their evolutionary relationships to understand patterns of physiological and morphological character evolution; and (4) provide a detailed analysis of functional changes within species and by gender that have occurred as hermaphroditic species colonized drier habitats and different breeding systems evolved. Field studies will provide information about functional variation under natural conditions, and common garden studies will pr ovide information about functional variation among species and by gender under controlled conditions in the absence of environmental variation. In particular, plant hydraulic architecture (e.g., wood structure and water transport properties) is likely to have contributed to enhanced drought tolerance for Schiedea with evolution of woody features and colonization of drier habitats. This study is one of the first to merge plant physiological ecology with phylogenetic systematics, and permits an understanding of the nature and patterns of physiological and functional character evolution. Greater knowledge of how physiological and other functional characters change through evolutionary time with changes in environment is critical to understand how global climate changes will affect both native and agricultural plants.</AbstractNarration>
    <MinAmdLetterDate>07/22/1996</MinAmdLetterDate>
    <MaxAmdLetterDate>05/06/1998</MaxAmdLetterDate>
    <ARRAAmount/>
    <AwardID>9601325</AwardID>
    <Investigator>
      <FirstName>Todd</FirstName>
      <LastName>Dawson</LastName>
      <EmailAddress>tdawson@berkeley.edu</EmailAddress>
      <StartDate>03/27/1998</StartDate>
      <EndDate/>
      <RoleCode>Principal Investigator</RoleCode>
    </Investigator>
    <Investigator>
      <FirstName>Monica</FirstName>
      <LastName>Geber</LastName>
      <EmailAddress>mag9@cornell.edu</EmailAddress>
      <StartDate>05/08/1997</StartDate>
      <EndDate>03/27/1998</EndDate>
      <RoleCode>Former Principal Investigator</RoleCode>
    </Investigator>
    <Institution>
      <Name>Cornell University</Name>
      <CityName>Ithaca</CityName>
      <ZipCode>148502820</ZipCode>
      <PhoneNumber>6072555014</PhoneNumber>
      <StreetAddress>373 Pine Tree Road</StreetAddress>
      <CountryName>United States</CountryName>
      <StateName>New York</StateName>
      <StateCode>NY</StateCode>
    </Institution>
    <FoaInformation>
      <Code>64</Code>
      <Name>Environmental Biology</Name>
    </FoaInformation>
    <ProgramElement>
      <Code>1148</Code>
      <Text>ECOLOGICAL &amp; EVOLUTIONARY PHYS</Text>
    </ProgramElement>
    <ProgramReference>
      <Code>9169</Code>
      <Text>BIODIVERSITY AND ECOSYSTEM DYNAMICS</Text>
    </ProgramReference>
    <ProgramReference>
      <Code>EGCH</Code>
      <Text>ENVIRONMENT AND GLOBAL CHANGE</Text>
    </ProgramReference>
  </Award>
</rootTag>
