<?xml version="1.0" encoding="UTF-8"?>

<rootTag>
  <Award>
    <AwardTitle>Support for Symposium Entitled "Biochemical &amp; Metabolic Aspects of 3-Ketoacyl Synthases", at Palmas Del Mar Resort, Puerto Rico, on June 1 - 5, 1996</AwardTitle>
    <AwardEffectiveDate>06/01/1996</AwardEffectiveDate>
    <AwardExpirationDate>08/31/1996</AwardExpirationDate>
    <AwardAmount>2000</AwardAmount>
    <AwardInstrument>
      <Value>Standard Grant</Value>
    </AwardInstrument>
    <Organization>
      <Code>08070800</Code>
      <Directorate>
        <LongName>Direct For Biological Sciences</LongName>
      </Directorate>
      <Division>
        <LongName>Div Of Molecular and Cellular Bioscience</LongName>
      </Division>
    </Organization>
    <ProgramOfficer>
      <SignBlockName>Rona Hirschberg</SignBlockName>
    </ProgramOfficer>
    <AbstractNarration>9601037 Jaworski A meeting will be held to discuss the biochemical and metabolic aspects of 3-ketocyl synthases. These moieties are significant in several essential metabolic pathways in plants, animals, and bacteria. This is a unique opportunity for these researchers to get together and share their ideas. Participation of students and postdoctoral fellows will be emphasized. ***</AbstractNarration>
    <MinAmdLetterDate>05/31/1996</MinAmdLetterDate>
    <MaxAmdLetterDate>05/31/1996</MaxAmdLetterDate>
    <ARRAAmount/>
    <AwardID>9601037</AwardID>
    <Investigator>
      <FirstName>Martha</FirstName>
      <LastName>Post-Beittenmiller</LastName>
      <EmailAddress/>
      <StartDate>05/31/1996</StartDate>
      <EndDate/>
      <RoleCode>Co-Principal Investigator</RoleCode>
    </Investigator>
    <Investigator>
      <FirstName>Jan</FirstName>
      <LastName>Jaworski</LastName>
      <EmailAddress>jjaworski@danforthcenter.org</EmailAddress>
      <StartDate>05/31/1996</StartDate>
      <EndDate/>
      <RoleCode>Principal Investigator</RoleCode>
    </Investigator>
    <Institution>
      <Name>Miami University</Name>
      <CityName>Oxford</CityName>
      <ZipCode>450563653</ZipCode>
      <PhoneNumber>5135293600</PhoneNumber>
      <StreetAddress>500 E High Street</StreetAddress>
      <CountryName>United States</CountryName>
      <StateName>Ohio</StateName>
      <StateCode>OH</StateCode>
    </Institution>
    <FoaInformation>
      <Code>61</Code>
      <Name>Life Science Biological</Name>
    </FoaInformation>
    <ProgramElement>
      <Code>1168</Code>
      <Text/>
    </ProgramElement>
    <ProgramReference>
      <Code>9183</Code>
      <Text>GENERAL FOUNDATIONS OF BIOTECHNOLOGY</Text>
    </ProgramReference>
    <ProgramReference>
      <Code>BIOT</Code>
      <Text>BIOTECHNOLOGY</Text>
    </ProgramReference>
  </Award>
</rootTag>
