<?xml version="1.0" encoding="UTF-8"?>

<rootTag>
  <Award>
    <AwardTitle>Acquisition of Equipment for Noninvasive Measurements of Thin-Film Thermal Properties of Nanoelectronic Materials and Simultaneous Measurements of Temperature and Electrical...</AwardTitle>
    <AwardEffectiveDate>09/01/1996</AwardEffectiveDate>
    <AwardExpirationDate>02/28/1999</AwardExpirationDate>
    <AwardAmount>220227</AwardAmount>
    <AwardInstrument>
      <Value>Standard Grant</Value>
    </AwardInstrument>
    <Organization>
      <Code>07010000</Code>
      <Directorate>
        <LongName>Directorate For Engineering</LongName>
      </Directorate>
      <Division>
        <LongName>Div Of Electrical, Commun &amp; Cyber Sys</LongName>
      </Division>
    </Organization>
    <ProgramOfficer>
      <SignBlockName>Rajinder P. Khosla</SignBlockName>
    </ProgramOfficer>
    <AbstractNarration>9601570 Raad The goal of the effort is to enable electronic designers to simulate thermal effects concurrently with electrical effects in the rapidly developing field submicron electronics identifying potential problems, and resolving them early in the design cycle in order to reduce design cycle time and to ensure device reliability through smart design. The requested equipment will be used to create (1) a laboratory facility for the measurement of the measurement of the thermal properties of thin film materials used in high-power, high-density integrated circuits, and (2) a microwave performance evaluation facility to perform simultaneous measurements of electrical and thermal characteristics of microwave monolithic integrated circuits. ***</AbstractNarration>
    <MinAmdLetterDate>08/20/1996</MinAmdLetterDate>
    <MaxAmdLetterDate>08/20/1996</MaxAmdLetterDate>
    <ARRAAmount/>
    <AwardID>9601570</AwardID>
    <Investigator>
      <FirstName>Peter</FirstName>
      <LastName>Raad</LastName>
      <EmailAddress>praad@smu.edu</EmailAddress>
      <StartDate>08/20/1996</StartDate>
      <EndDate/>
      <RoleCode>Principal Investigator</RoleCode>
    </Investigator>
    <Institution>
      <Name>Southern Methodist University</Name>
      <CityName>Dallas</CityName>
      <ZipCode>752750302</ZipCode>
      <PhoneNumber>2147682030</PhoneNumber>
      <StreetAddress>6425 BOAZ</StreetAddress>
      <CountryName>United States</CountryName>
      <StateName>Texas</StateName>
      <StateCode>TX</StateCode>
    </Institution>
    <FoaInformation>
      <Code>0206000</Code>
      <Name>Telecommunications</Name>
    </FoaInformation>
    <FoaInformation>
      <Code>55</Code>
      <Name>Engineering-Electrical</Name>
    </FoaInformation>
    <ProgramElement>
      <Code>9155</Code>
      <Text>ACADEMIC RESEARCH INFRASTRUCTU</Text>
    </ProgramElement>
    <ProgramReference>
      <Code>0000</Code>
      <Text>UNASSIGNED</Text>
    </ProgramReference>
    <ProgramReference>
      <Code>9157</Code>
      <Text>ACADEMIC RESEARCH INSTRUMENTAT</Text>
    </ProgramReference>
    <ProgramReference>
      <Code>OTHR</Code>
      <Text>OTHER RESEARCH OR EDUCATION</Text>
    </ProgramReference>
  </Award>
</rootTag>
