<?xml version="1.0" encoding="UTF-8"?>

<rootTag>
  <Award>
    <AwardTitle>U.S.-European Workshop: Modelling in Crystal Growth, Durbuy, Belgium, October 1996</AwardTitle>
    <AwardEffectiveDate>08/01/1996</AwardEffectiveDate>
    <AwardExpirationDate>07/31/1997</AwardExpirationDate>
    <AwardAmount>21390</AwardAmount>
    <AwardInstrument>
      <Value>Standard Grant</Value>
    </AwardInstrument>
    <Organization>
      <Code>01090000</Code>
      <Directorate>
        <LongName>Office Of The Director</LongName>
      </Directorate>
      <Division>
        <LongName>Office Of Internatl Science &amp;Engineering</LongName>
      </Division>
    </Organization>
    <ProgramOfficer>
      <SignBlockName>Rose Gombay</SignBlockName>
    </ProgramOfficer>
    <AbstractNarration>This award supports the travel of 12 Americans from academe and industry, including four advanced graduate students and/or postdoctoral researchers, to a U.S.-European workshop on crystal growth modeling to be held in Durbuy, Belgium, October 1996. The co-organizers are Jeffrey J. Derby of the University of Minnesota and Francois Dupret of Catholic University of Louvain, Belgium. Other participants include university- and industry-based scientists from Europe as well as Japan. The objectives of the workshop are to identify common priorities, exchange new ideas and promote future collaborative work among the participants. Their focus is the development and application of mathematical modeling to crystal growth. The growth of crystalline materials ranges from the one-time creation of single-crystal protein pharmaceuticals to the annual production of metric tons of electronic-grade silicon for industrial use. Successful growth of a variety of crystals of exacting quality for broad applications may be addressed through mathematical modeling. This workshop will advance understanding of the use of mathematical modeling for the growth of a variety of crystals.</AbstractNarration>
    <MinAmdLetterDate>07/26/1996</MinAmdLetterDate>
    <MaxAmdLetterDate>07/26/1996</MaxAmdLetterDate>
    <ARRAAmount/>
    <AwardID>9601049</AwardID>
    <Investigator>
      <FirstName>Jeffrey</FirstName>
      <LastName>Derby</LastName>
      <EmailAddress>derby@umn.edu</EmailAddress>
      <StartDate>07/26/1996</StartDate>
      <EndDate/>
      <RoleCode>Principal Investigator</RoleCode>
    </Investigator>
    <Institution>
      <Name>University of Minnesota-Twin Cities</Name>
      <CityName>Minneapolis</CityName>
      <ZipCode>554552070</ZipCode>
      <PhoneNumber>6126245599</PhoneNumber>
      <StreetAddress>200 OAK ST SE</StreetAddress>
      <CountryName>United States</CountryName>
      <StateName>Minnesota</StateName>
      <StateCode>MN</StateCode>
    </Institution>
    <FoaInformation>
      <Code>0106000</Code>
      <Name>Materials Research</Name>
    </FoaInformation>
    <FoaInformation>
      <Code>53</Code>
      <Name>Engineering-Chemical</Name>
    </FoaInformation>
    <FoaInformation>
      <Code>57</Code>
      <Name>Engineering-Metallurgy &amp; Material</Name>
    </FoaInformation>
    <ProgramElement>
      <Code>5980</Code>
      <Text>WESTERN EUROPE PROGRAM</Text>
    </ProgramElement>
    <ProgramReference>
      <Code>5914</Code>
      <Text>WESTERN EUROPE, OTHER</Text>
    </ProgramReference>
    <ProgramReference>
      <Code>9161</Code>
      <Text>SINGLE DIVISION/UNIVERSITY</Text>
    </ProgramReference>
    <ProgramReference>
      <Code>AMPP</Code>
      <Text>ADVANCED MATERIALS &amp; PROCESSING PROGRAM</Text>
    </ProgramReference>
  </Award>
</rootTag>
