<?xml version="1.0" encoding="UTF-8"?>

<rootTag>
  <Award>
    <AwardTitle>U.S.-China Cooperative Research: Finite Volume and Runge- Kutta Discontinuous Galerkin Methods for Conservation Laws</AwardTitle>
    <AwardEffectiveDate>11/01/1996</AwardEffectiveDate>
    <AwardExpirationDate>10/31/2000</AwardExpirationDate>
    <AwardAmount>59000</AwardAmount>
    <AwardInstrument>
      <Value>Standard Grant</Value>
    </AwardInstrument>
    <Organization>
      <Code>01090000</Code>
      <Directorate>
        <LongName>Office Of The Director</LongName>
      </Directorate>
      <Division>
        <LongName>Office Of Internatl Science &amp;Engineering</LongName>
      </Division>
    </Organization>
    <ProgramOfficer>
      <SignBlockName>Alice C. Hogan</SignBlockName>
    </ProgramOfficer>
    <AbstractNarration>9601084 Shu This award supports collaboration in applied mathematics, specifically on finite volume method and Runge-Kutta discontinuous Galerkin method for hyperbolic conservation laws. Chi-Wang Shu, Brown University, Division of Applied Mathematics, and Li Yinfan, Department of Computational Mathematics, Chinese Academy of Sciences together with Lu Ruxun, Mathematics Department, University of Science and Technology, Hefei, propose to conduct research on various projects related to development of numerical algorithms with high order of accuracy. The cooperation will be carried on through exchange of visits and of students. Finite volume method and finite element method are two of the main classes of numerical methods frequently used to solve differential equations arising from fluid dynamics and other areas of computational physics and computational engineering, such as semiconductor device simulations. The US and Chinese researchers in this project will jointly study these two types of methods, compare their relative merit in different situations, and apply the method to computational fluid dynamics problems and other problems in computational physics. The US investigator's expertise in finite difference method, and in applications in various fields of computational physics is complemented by the Chinese expertise in algorithm development and analysis. The Chinese side also brings established research groups to the project, providing an additional pool of research support.</AbstractNarration>
    <MinAmdLetterDate>10/23/1996</MinAmdLetterDate>
    <MaxAmdLetterDate>10/23/1996</MaxAmdLetterDate>
    <ARRAAmount/>
    <AwardID>9601084</AwardID>
    <Investigator>
      <FirstName>Chi-Wang</FirstName>
      <LastName>Shu</LastName>
      <EmailAddress>shu@dam.brown.edu</EmailAddress>
      <StartDate>10/23/1996</StartDate>
      <EndDate/>
      <RoleCode>Principal Investigator</RoleCode>
    </Investigator>
    <Institution>
      <Name>Brown University</Name>
      <CityName>Providence</CityName>
      <ZipCode>029129002</ZipCode>
      <PhoneNumber>4018632777</PhoneNumber>
      <StreetAddress>BOX 1929</StreetAddress>
      <CountryName>United States</CountryName>
      <StateName>Rhode Island</StateName>
      <StateCode>RI</StateCode>
    </Institution>
    <FoaInformation>
      <Code>0000099</Code>
      <Name>Other Applications NEC</Name>
    </FoaInformation>
    <ProgramElement>
      <Code>5978</Code>
      <Text>EAST ASIA AND PACIFIC PROGRAM</Text>
    </ProgramElement>
    <ProgramReference>
      <Code>0000</Code>
      <Text>UNASSIGNED</Text>
    </ProgramReference>
    <ProgramReference>
      <Code>OTHR</Code>
      <Text>OTHER RESEARCH OR EDUCATION</Text>
    </ProgramReference>
  </Award>
</rootTag>
