<?xml version="1.0" encoding="UTF-8"?>

<rootTag>
  <Award>
    <AwardTitle>Synaptic and Non-Synaptic Interactions Between Mesopontine Cholinergic Neurons Controlling REM Sleep</AwardTitle>
    <AwardEffectiveDate>09/15/1996</AwardEffectiveDate>
    <AwardExpirationDate>08/31/1998</AwardExpirationDate>
    <AwardAmount>144873</AwardAmount>
    <AwardInstrument>
      <Value>Continuing grant</Value>
    </AwardInstrument>
    <Organization>
      <Code>08090200</Code>
      <Directorate>
        <LongName>Direct For Biological Sciences</LongName>
      </Directorate>
      <Division>
        <LongName>Division Of Integrative Organismal Systems</LongName>
      </Division>
    </Organization>
    <ProgramOfficer>
      <SignBlockName>Emmeline Edwards</SignBlockName>
    </ProgramOfficer>
    <AbstractNarration>9601165 Leonard Synaptic and non-synaptic interactions between mesopontine cholinergic neurons controlling REM sleep. An important step toward understanding how we sleep and dream has been the identification of specific groups of neurons in the brain that generate these states. An important next step will be to determine how these neurons interact. This proposed work is focused on how signals from neurons that trigger dreaming and waking are controlled. These cells, which use the chemical acetylcholine to communicate with their distant target-cells, may also release this chemical locally to regulate their own activity. Our experiments will test this possibility by stimulating these cells and determining if any released acetylcholine can influence the neurons in the immediate neighborhood of the stimulated cells. We will also use a novel method to visualize these neurons with the electron microscope to look for possible chemical release sites. This will allow us to determine if these release sites make direct contact with neighboring neurons that contain acetylcholine or are positioned at a distance from these neurons and their processes. The results will help determine if acetylcholine acts as a local feedback signal and whether this signal gets transmitted via classical rapid cell-to- cell contacts or via a slower and longer pathway through the extracellular space. Since these two signaling paths have different spatial and temporal properties, our results will make testable predictions about the role of acetylcholine in controlling the timing of sleep and wakefulness. Accordingly, these findings will advance our understanding of the neural mechanisms of sleeping and dreaming.</AbstractNarration>
    <MinAmdLetterDate>08/26/1996</MinAmdLetterDate>
    <MaxAmdLetterDate>07/29/1997</MaxAmdLetterDate>
    <ARRAAmount/>
    <AwardID>9601165</AwardID>
    <Investigator>
      <FirstName>Christopher</FirstName>
      <LastName>Leonard</LastName>
      <EmailAddress>chris_leonard@nymc.edu</EmailAddress>
      <StartDate>08/26/1996</StartDate>
      <EndDate/>
      <RoleCode>Principal Investigator</RoleCode>
    </Investigator>
    <Institution>
      <Name>New York University</Name>
      <CityName>NEW YORK</CityName>
      <ZipCode>100121019</ZipCode>
      <PhoneNumber>2129982121</PhoneNumber>
      <StreetAddress>70 WASHINGTON SQUARE S</StreetAddress>
      <CountryName>United States</CountryName>
      <StateName>New York</StateName>
      <StateCode>NY</StateCode>
    </Institution>
    <FoaInformation>
      <Code>0000099</Code>
      <Name>Other Applications NEC</Name>
    </FoaInformation>
    <FoaInformation>
      <Code>61</Code>
      <Name>Life Science Biological</Name>
    </FoaInformation>
    <ProgramElement>
      <Code>1191</Code>
      <Text>BEHAVIORAL NEUROSCIENCE</Text>
    </ProgramElement>
    <ProgramReference>
      <Code>1096</Code>
      <Text>NEURAL SYSTEMS</Text>
    </ProgramReference>
    <ProgramReference>
      <Code>9107</Code>
      <Text>BIOELECTRONICS AND BIONETWORKS</Text>
    </ProgramReference>
    <ProgramReference>
      <Code>BIOT</Code>
      <Text>BIOTECHNOLOGY</Text>
    </ProgramReference>
  </Award>
</rootTag>
