<?xml version="1.0" encoding="UTF-8"?>

<rootTag>
  <Award>
    <AwardTitle>Numerical Studies of Inhomogeneous Cosmological Space-Times</AwardTitle>
    <AwardEffectiveDate>09/01/1996</AwardEffectiveDate>
    <AwardExpirationDate>08/31/1999</AwardExpirationDate>
    <AwardAmount>55276</AwardAmount>
    <AwardInstrument>
      <Value>Standard Grant</Value>
    </AwardInstrument>
    <Organization>
      <Code>03010700</Code>
      <Directorate>
        <LongName>Direct For Mathematical &amp; Physical Scien</LongName>
      </Directorate>
      <Division>
        <LongName>Division Of Physics</LongName>
      </Division>
    </Organization>
    <ProgramOfficer>
      <SignBlockName>Richard Isaacson</SignBlockName>
    </ProgramOfficer>
    <AbstractNarration>This project in computational cosmology deals with studies of inhomogeneous cosmological space-times in regions where the standard linear theory of cosmological perturbations has its limitations, namely super-horizon scales or highly non- linear collapse of matter structures. Prof. Laguna's approach will utilize high performance computing to solve the full non-linear set of Einstein's equations governing cosmological dynamics. This will be followed up with investigations of the propagation of light in clumpy universes. Here, the emphasis will be on two topics: weak gravitational lensing and polarization of the cosmic microwave background (CMB) radiation. This research is timely and complementary to previous research in this area that makes little use of the full details of modern gravitation theory. CMB polarization experiments are now being undertaken by several different groups, and it will be important to understand the implications of their results.</AbstractNarration>
    <MinAmdLetterDate>07/22/1996</MinAmdLetterDate>
    <MaxAmdLetterDate>07/22/1996</MaxAmdLetterDate>
    <ARRAAmount/>
    <AwardID>9601413</AwardID>
    <Investigator>
      <FirstName>Pablo</FirstName>
      <LastName>Laguna</LastName>
      <EmailAddress>pablo.laguna@physics.gatech.edu</EmailAddress>
      <StartDate>07/22/1996</StartDate>
      <EndDate/>
      <RoleCode>Principal Investigator</RoleCode>
    </Investigator>
    <Institution>
      <Name>Pennsylvania State Univ University Park</Name>
      <CityName>UNIVERSITY PARK</CityName>
      <ZipCode>168027000</ZipCode>
      <PhoneNumber>8148651372</PhoneNumber>
      <StreetAddress>110 Technology Center Building</StreetAddress>
      <CountryName>United States</CountryName>
      <StateName>Pennsylvania</StateName>
      <StateCode>PA</StateCode>
    </Institution>
    <FoaInformation>
      <Code>13</Code>
      <Name>Physics</Name>
    </FoaInformation>
  </Award>
</rootTag>
