<?xml version="1.0" encoding="UTF-8"?>

<rootTag>
  <Award>
    <AwardTitle>Research on the Group Structure of the Einstein Equations Solution Manifold</AwardTitle>
    <AwardEffectiveDate>08/15/1996</AwardEffectiveDate>
    <AwardExpirationDate>07/31/1998</AwardExpirationDate>
    <AwardAmount>66000</AwardAmount>
    <AwardInstrument>
      <Value>Continuing grant</Value>
    </AwardInstrument>
    <Organization>
      <Code>03010700</Code>
      <Directorate>
        <LongName>Direct For Mathematical &amp; Physical Scien</LongName>
      </Directorate>
      <Division>
        <LongName>Division Of Physics</LongName>
      </Division>
    </Organization>
    <ProgramOfficer>
      <SignBlockName>Richard Isaacson</SignBlockName>
    </ProgramOfficer>
    <AbstractNarration>Because solutions of ever-greater complexity of the vacuum and electrovac Einstein equations, generated using procedures based upon general formalisms of Belinskii- Zakharov, Hoenselaers-Kinnersley-Xanthopoulos, Alekseev, Sibgatullin, and Hauser-Ernst, are rarely checked by direct substitution into the Einstein equations, it has become especially important to validate the theoretical basis for and to identify any limitations of such formalisms. Dr. Ernst and Dr. Hauser will clarify the logical foundations of solution-generating machinery by establishing the mathematical relationships among the various formalisms, and by attempting to provide, within an integrated framework, clear statements and bona-fide proofs of all the tacit or as yet unproven assumptions upon which the diverse formalisms must ultimately be based. This includes, but is not limited to, a careful specification of domains of functions and differentiability requirements, proofs of equivalence of various integral equations and associated Riemann-Hilbert problems, proofs of existence of solutions of these equations, and proofs that these solutions satisfy the Einstein equations.</AbstractNarration>
    <MinAmdLetterDate>08/06/1996</MinAmdLetterDate>
    <MaxAmdLetterDate>05/09/1997</MaxAmdLetterDate>
    <ARRAAmount/>
    <AwardID>9601043</AwardID>
    <Investigator>
      <FirstName>Frederick</FirstName>
      <LastName>Ernst</LastName>
      <EmailAddress/>
      <StartDate>08/06/1996</StartDate>
      <EndDate/>
      <RoleCode>Principal Investigator</RoleCode>
    </Investigator>
    <Institution>
      <Name>FJE Enterprises</Name>
      <CityName>Potsdam</CityName>
      <ZipCode>136769735</ZipCode>
      <PhoneNumber>3152653508</PhoneNumber>
      <StreetAddress>511 County Route 59</StreetAddress>
      <CountryName>United States</CountryName>
      <StateName>New York</StateName>
      <StateCode>NY</StateCode>
    </Institution>
  </Award>
</rootTag>
