<?xml version="1.0" encoding="UTF-8"?>

<rootTag>
  <Award>
    <AwardTitle>Native and Foreign Vocabulary in American Sign Language</AwardTitle>
    <AwardEffectiveDate>10/01/1996</AwardEffectiveDate>
    <AwardExpirationDate>09/30/1999</AwardExpirationDate>
    <AwardAmount>135000</AwardAmount>
    <AwardInstrument>
      <Value>Standard Grant</Value>
    </AwardInstrument>
    <Organization>
      <Code>04040500</Code>
      <Directorate>
        <LongName>Direct For Social, Behav &amp; Economic Scie</LongName>
      </Directorate>
      <Division>
        <LongName>Division Of Behavioral and Cognitive Sci</LongName>
      </Division>
    </Organization>
    <ProgramOfficer>
      <SignBlockName>Catherine N. Ball</SignBlockName>
    </ProgramOfficer>
    <AbstractNarration>A major goal of this project is the study of how deaf children who use American Sign Language (ASL) acquire competence in English, a language that differs from their first in modality. Toward this goal, the project seeks to explore whether and how putatively English forms in everyday use of ASL might be a source of reading development. These forms include fingerspelling, a system of manually representing print words in English, as well as other signed forms related to fingerspelling such as initialized signs, loan signs and hybrid sign-fingerspelled compounds. The latter forms are categorized Foreign vocabulary, to distinguish them from the larger Native vocabulary of ASL which derives from gestural sources. The project will undertake a linguistic description of a variety of Foreign forms through studies with native adult signers. In addition, the project will study use of these forms by young native and nonnative signers whose competence in English is emerging. This two-pronged approach will accomplish both a broader description of the ASL lexicon and a broader description of language competence in signing deaf children. There are at least three important outcomes to this project: ( 1 ) an expansion of our understanding of sign languages to include vocabulary deriving from representational systems such as fingerspelling which exist not only in ASL but in a great many other sign languages; (2) understanding the role of representational systems in signing deaf children's acquisition of a language; that does not share the modality of their first language and (3) a broader account of reading ability in deaf children.</AbstractNarration>
    <MinAmdLetterDate>07/30/1996</MinAmdLetterDate>
    <MaxAmdLetterDate>05/07/1997</MaxAmdLetterDate>
    <ARRAAmount/>
    <AwardID>9601542</AwardID>
    <Investigator>
      <FirstName>Carol</FirstName>
      <LastName>Padden</LastName>
      <EmailAddress>cpadden@ucsd.edu</EmailAddress>
      <StartDate>07/30/1996</StartDate>
      <EndDate/>
      <RoleCode>Principal Investigator</RoleCode>
    </Investigator>
    <Institution>
      <Name>University of California-San Diego</Name>
      <CityName>La Jolla</CityName>
      <ZipCode>920930934</ZipCode>
      <PhoneNumber>8585344896</PhoneNumber>
      <StreetAddress>Office of Contract &amp; Grant Admin</StreetAddress>
      <CountryName>United States</CountryName>
      <StateName>California</StateName>
      <StateCode>CA</StateCode>
    </Institution>
    <FoaInformation>
      <Code>0116000</Code>
      <Name>Human Subjects</Name>
    </FoaInformation>
    <FoaInformation>
      <Code>84</Code>
      <Name>Linguistics</Name>
    </FoaInformation>
    <FoaInformation>
      <Code>0000099</Code>
      <Name>Other Applications NEC</Name>
    </FoaInformation>
    <ProgramElement>
      <Code>1311</Code>
      <Text>LINGUISTICS</Text>
    </ProgramElement>
    <ProgramReference>
      <Code>0000</Code>
      <Text>UNASSIGNED</Text>
    </ProgramReference>
    <ProgramReference>
      <Code>1092</Code>
      <Text>SBER HUMAN CAPITAL INITIATIVE</Text>
    </ProgramReference>
    <ProgramReference>
      <Code>9178</Code>
      <Text>UNDERGRADUATE EDUCATION</Text>
    </ProgramReference>
    <ProgramReference>
      <Code>9251</Code>
      <Text>RES EXPER FOR UNDERGRAD-SUPPLT</Text>
    </ProgramReference>
    <ProgramReference>
      <Code>OTHR</Code>
      <Text>OTHER RESEARCH OR EDUCATION</Text>
    </ProgramReference>
    <ProgramReference>
      <Code>SMET</Code>
      <Text>SCIENCE, MATH, ENG &amp; TECH EDUCATION</Text>
    </ProgramReference>
  </Award>
</rootTag>
