<?xml version="1.0" encoding="UTF-8"?>

<rootTag>
  <Award>
    <AwardTitle>Calcium, pH and the Cytoskeleton in Pollen Tube Growth</AwardTitle>
    <AwardEffectiveDate>09/01/1996</AwardEffectiveDate>
    <AwardExpirationDate>08/31/2001</AwardExpirationDate>
    <AwardAmount>632943</AwardAmount>
    <AwardInstrument>
      <Value>Continuing grant</Value>
    </AwardInstrument>
    <Organization>
      <Code>08070600</Code>
      <Directorate>
        <LongName>Direct For Biological Sciences</LongName>
      </Directorate>
      <Division>
        <LongName>Div Of Molecular and Cellular Bioscience</LongName>
      </Division>
    </Organization>
    <ProgramOfficer>
      <SignBlockName>Michael L. Mishkind</SignBlockName>
    </ProgramOfficer>
    <AbstractNarration>9601087 Hepler Pollen tube growth is the process that delivers the male gametes to the egg apparatus and thus is essential for sexual reproduction in higher plants. Understanding the mechanisms addresses issues of both economic and fundamental importance. Recent work reveals that growing pollen tubes posses a steep, tip-focused gradient of intracellular free calcium (Ca), and a pronounced tip-directed influx of extracellular Ca, of which both are essential for growth. In addition the gradient fluctuates in magnitude, being correlated with changes in the growth rate. Ca thus appears to occupy a pivotal position in the control of pollen tube growth. Specifically, Ca may stimulate the occurrence and define the location of vesicle exocytosis required for cell wall formation and cell elongation. Ca might also control the formation of the cytoskeleton, which is responsible for transporting the vesicles to the apical region of the tube. We know much less about the role of hydrogen ions (H), but it is plausible that local gradients in pH exist and that they are essential for growth and development. It is a goal of the proposed work to elucidate the organization, activity and interaction of the Ca gradient, the putative H gradient, and cytoskeletal elements, and to understand how these factors contribute to the polarity and growth of the pollen tube. Particular emphasis will be given to events as they occur in living pollen tubes using intracellular microinjection as a means for introducing specific fluorescent analogs, probes and indicator dyes. Intracellular Ca, for example, will be analyzed by fluorescence ratiometric ion imaging on pollen tubes loaded with the indicator dye, fura-2 dextran, while H can be detected with BCECF-dextran or SNAFL-dextran. Through rapid, sequential image acquisition, Ca or H levels will be directly correlated with growth. Similarly, in cells injected with low amounts of fluorescent phalloidin, specific for F-actin, it will be possible to observe the relati onship between growth, cytoplasmic streaming and the organization of the microfilaments. The live cell studies will be augmented by those using immunofluorescence and immunogold to spatially localize key proteins, e.g., myosin, in an attempt to further elucidate function. The proposed studies address basic aspects of pollen tube growth, particularly within the context of the live cell. Whereas we know the existence of certain fundamental processes, e.g., tip-focused Ca entry, and structural complexes, e.g., the actin microfilaments, we understand much less about how these are integrated within the cell, and how they interact to produce the highly polarized and rapidly elongating pollen tube. The proposed work attempts to bridge this gap and thus to provide a new level of understanding that can apply not only to tip growing cells, but also to plant cells in general. ***</AbstractNarration>
    <MinAmdLetterDate>08/02/1996</MinAmdLetterDate>
    <MaxAmdLetterDate>04/15/1999</MaxAmdLetterDate>
    <ARRAAmount/>
    <AwardID>9601087</AwardID>
    <Investigator>
      <FirstName>Peter</FirstName>
      <LastName>Hepler</LastName>
      <EmailAddress>hepler@bio.umass.edu</EmailAddress>
      <StartDate>08/02/1996</StartDate>
      <EndDate/>
      <RoleCode>Principal Investigator</RoleCode>
    </Investigator>
    <Institution>
      <Name>University of Massachusetts Amherst</Name>
      <CityName>Hadley</CityName>
      <ZipCode>010359450</ZipCode>
      <PhoneNumber>4135450698</PhoneNumber>
      <StreetAddress>Research Administration Building</StreetAddress>
      <CountryName>United States</CountryName>
      <StateName>Massachusetts</StateName>
      <StateCode>MA</StateCode>
    </Institution>
    <FoaInformation>
      <Code>61</Code>
      <Name>Life Science Biological</Name>
    </FoaInformation>
    <FoaInformation>
      <Code>0000099</Code>
      <Name>Other Applications NEC</Name>
    </FoaInformation>
    <ProgramElement>
      <Code>1114</Code>
      <Text>Cellular Dynamics and Function</Text>
    </ProgramElement>
    <ProgramElement>
      <Code>1132</Code>
      <Text>CELLULAR ORGANIZATION</Text>
    </ProgramElement>
    <ProgramElement>
      <Code>1136</Code>
      <Text>SIGNAL TRANSDCTN/CELL REGULATN</Text>
    </ProgramElement>
    <ProgramReference>
      <Code>9109</Code>
      <Text>AGRICULTURAL BIOTECHNOLOGY</Text>
    </ProgramReference>
    <ProgramReference>
      <Code>BIOT</Code>
      <Text>BIOTECHNOLOGY</Text>
    </ProgramReference>
    <ProgramReference>
      <Code>1228</Code>
      <Text>MINORITY INVOLVEMENT -- BIO</Text>
    </ProgramReference>
    <ProgramReference>
      <Code>9179</Code>
      <Text>GRADUATE INVOLVEMENT</Text>
    </ProgramReference>
    <ProgramReference>
      <Code>SMET</Code>
      <Text>SCIENCE, MATH, ENG &amp; TECH EDUCATION</Text>
    </ProgramReference>
  </Award>
</rootTag>
