<?xml version="1.0" encoding="UTF-8"?>

<rootTag>
  <Award>
    <AwardTitle>Research in High Energy Theoretical Physics</AwardTitle>
    <AwardEffectiveDate>08/01/1996</AwardEffectiveDate>
    <AwardExpirationDate>07/31/2000</AwardExpirationDate>
    <AwardAmount>336000</AwardAmount>
    <AwardInstrument>
      <Value>Continuing grant</Value>
    </AwardInstrument>
    <Organization>
      <Code>03010500</Code>
      <Directorate>
        <LongName>Direct For Mathematical &amp; Physical Scien</LongName>
      </Directorate>
      <Division>
        <LongName>Division Of Physics</LongName>
      </Division>
    </Organization>
    <ProgramOfficer>
      <SignBlockName>Boris J. Kayser</SignBlockName>
    </ProgramOfficer>
    <AbstractNarration>Research will be carried out in two subfields of theoretical elementary particle physics. One project will deal with string theory, the most promising candidate for the unification of all the fundamental interactions in nature. Particular attention is paid to models that can be exactly solved to extract physical insights and to apply them to the real world. The strategy is to search for exact relations between apparently different models, which will be then used to solve more difficult and realistic models. This project will also investigate the theoretical basis of novel phenomena in materials physics, observed in interfaces at high magnetic field. The phenomena of interest are associated with a class or quantum statistic, extending ideas associated with researchers such as Bose, Einstein, Fermi and Dirac. Understanding the theoretical basis for the rich variety of complex phenomena in the behavior of materials strengthens our ability to develop new materials and applications. A second project will continue first principle studies of quantum chromodynamics (the theory of the strong nuclear interactions) through the use of high performance computer simulations. Emphasis is to be placed on testing and refining improved methods of computation that promise to extend dramatically the power of numerical simulation at a vastly reduced computational cost. The new methods will make it possible, starting from experimental results, to extract the most precise information to date about the fundamental interactions in nature. They will also be used to explore the high temperature phase transition between quarks and gluons confined in nuclear particles such as nucleons and the free quark-gluon plasma. Such a phase transition occurred in the evolution of the early universe and is thought to be achievable in the laboratory in collisions of heavy ions at the RHIC accelerator currently under construction at the Brookhaven National Laboratory. These studies are important for extending our understanding of the most fundamental basis of our physical world and of the origins of our universe. Ideas concerning new computational methods are likely to have applications in other computational fields.</AbstractNarration>
    <MinAmdLetterDate>07/03/1996</MinAmdLetterDate>
    <MaxAmdLetterDate>06/18/1998</MaxAmdLetterDate>
    <ARRAAmount/>
    <AwardID>9601277</AwardID>
    <Investigator>
      <FirstName>Carleton</FirstName>
      <LastName>DeTar</LastName>
      <EmailAddress>detar@physics.utah.edu</EmailAddress>
      <StartDate>07/03/1996</StartDate>
      <EndDate/>
      <RoleCode>Principal Investigator</RoleCode>
    </Investigator>
    <Investigator>
      <FirstName>Yong-Shi</FirstName>
      <LastName>Wu</LastName>
      <EmailAddress>wu@physics.utah.edu</EmailAddress>
      <StartDate>07/03/1996</StartDate>
      <EndDate/>
      <RoleCode>Co-Principal Investigator</RoleCode>
    </Investigator>
    <Institution>
      <Name>University of Utah</Name>
      <CityName>SALT LAKE CITY</CityName>
      <ZipCode>841128930</ZipCode>
      <PhoneNumber>8015816903</PhoneNumber>
      <StreetAddress>75 S 2000 E</StreetAddress>
      <CountryName>United States</CountryName>
      <StateName>Utah</StateName>
      <StateCode>UT</StateCode>
    </Institution>
    <FoaInformation>
      <Code>0000099</Code>
      <Name>Other Applications NEC</Name>
    </FoaInformation>
    <FoaInformation>
      <Code>13</Code>
      <Name>Physics</Name>
    </FoaInformation>
    <ProgramElement>
      <Code>1245</Code>
      <Text>THEORETICAL PHYSICS</Text>
    </ProgramElement>
    <ProgramElement>
      <Code>1286</Code>
      <Text>Elem. Particle Physics/Theory</Text>
    </ProgramElement>
    <ProgramReference>
      <Code>0000</Code>
      <Text>UNASSIGNED</Text>
    </ProgramReference>
    <ProgramReference>
      <Code>OTHR</Code>
      <Text>OTHER RESEARCH OR EDUCATION</Text>
    </ProgramReference>
  </Award>
</rootTag>
