<?xml version="1.0" encoding="UTF-8"?>

<rootTag>
  <Award>
    <AwardTitle>U.S.-Taiwan Cooperative Research: Tsunami Runup Heights Along Taiwan Coastline</AwardTitle>
    <AwardEffectiveDate>08/01/1996</AwardEffectiveDate>
    <AwardExpirationDate>07/31/1999</AwardExpirationDate>
    <AwardAmount>38358</AwardAmount>
    <AwardInstrument>
      <Value>Standard Grant</Value>
    </AwardInstrument>
    <Organization>
      <Code>01090000</Code>
      <Directorate>
        <LongName>Office Of The Director</LongName>
      </Directorate>
      <Division>
        <LongName>Office Of Internatl Science &amp;Engineering</LongName>
      </Division>
    </Organization>
    <ProgramOfficer>
      <SignBlockName>W. Y. B. Chang</SignBlockName>
    </ProgramOfficer>
    <AbstractNarration>9601241 Liu This is a 24 month award proposed by Dr. Philip Liu, Cornell University and Professor Ming-Kuang Hsu, Taiwan National Ocean University. It requests funds for participation by a graduate student and for travel to Taiwan. The primary objective of this project is to produce a tsunami inundation map for the entire Taiwan coastline. The tasks include validation of the numerical model and use of the numerical model to predict the effect of tsunami inundation along the Taiwan coastline. An educational videotape will be produced to illustrate the generation, propagation, and the coastal effect of tsunami. Tsunami are among the most disastrous natural calamities on the shore of the Pacific. Recent and older observations have demonstrated the suddenness of tsunami occurrence along the Taiwan coast. This is a very practical and important project, which not only can validate the P.I.'s tsunami inundation model, but also provide a tool for future land use planning and for reducing potential damage from these natural hazards. Furthermore, this project provides an excellent opportunity for a graduate student to have a hands-on experience to carry out a project in an environment significantly different from the U.S. The project is jointly supported by the Taiwan National Science Council and the NSF.</AbstractNarration>
    <MinAmdLetterDate>07/19/1996</MinAmdLetterDate>
    <MaxAmdLetterDate>07/19/1996</MaxAmdLetterDate>
    <ARRAAmount/>
    <AwardID>9601241</AwardID>
    <Investigator>
      <FirstName>Philip</FirstName>
      <LastName>Liu</LastName>
      <EmailAddress>pll3@cornell.edu</EmailAddress>
      <StartDate>07/19/1996</StartDate>
      <EndDate/>
      <RoleCode>Principal Investigator</RoleCode>
    </Investigator>
    <Institution>
      <Name>Cornell University</Name>
      <CityName>Ithaca</CityName>
      <ZipCode>148502820</ZipCode>
      <PhoneNumber>6072555014</PhoneNumber>
      <StreetAddress>373 Pine Tree Road</StreetAddress>
      <CountryName>United States</CountryName>
      <StateName>New York</StateName>
      <StateCode>NY</StateCode>
    </Institution>
    <FoaInformation>
      <Code>40</Code>
      <Name>Environmental Sciences</Name>
    </FoaInformation>
    <FoaInformation>
      <Code>0304000</Code>
      <Name>Disaster &amp; Natural Hazard</Name>
    </FoaInformation>
    <FoaInformation>
      <Code>56</Code>
      <Name>Engineering-Mechanical</Name>
    </FoaInformation>
  </Award>
</rootTag>
