<?xml version="1.0" encoding="UTF-8"?>

<rootTag>
  <Award>
    <AwardTitle>The First International Symposium on Molecular Dynamics of Biomembranes, University of North Carolina, Chapel Hill</AwardTitle>
    <AwardEffectiveDate>02/01/1997</AwardEffectiveDate>
    <AwardExpirationDate>01/31/1998</AwardExpirationDate>
    <AwardAmount>4000</AwardAmount>
    <AwardInstrument>
      <Value>Standard Grant</Value>
    </AwardInstrument>
    <Organization>
      <Code>08080205</Code>
      <Directorate>
        <LongName>Direct For Biological Sciences</LongName>
      </Directorate>
      <Division>
        <LongName>Div Of Biological Infrastructure</LongName>
      </Division>
    </Organization>
    <ProgramOfficer>
      <SignBlockName>Karl A. Koehler</SignBlockName>
    </ProgramOfficer>
    <AbstractNarration>We are submitting this proposal to conduct a two-and-one- half day "First International Symposium on Molecular Dynamics of Biomembranes". The University of North Carolina at chapel Hill and Duke University will host this meeting of experts in computer simulations, computational chemistry, structural biology, biomembrane structure, and high performance computing as the first in a planned series of "Triangle Biophysics Symposium". This symposium will bring together the ideas and expertise of leading researchers in these areas, and will be highlighted by a poster session (both traditional and electronic) to view and discuss the latest developments in the molecular dynamics of membrane systems.</AbstractNarration>
    <MinAmdLetterDate>01/28/1997</MinAmdLetterDate>
    <MaxAmdLetterDate>01/28/1997</MaxAmdLetterDate>
    <ARRAAmount/>
    <AwardID>9601448</AwardID>
    <Investigator>
      <FirstName>Jan</FirstName>
      <LastName>Hermans</LastName>
      <EmailAddress>hermans@med.unc.edu</EmailAddress>
      <StartDate>01/28/1997</StartDate>
      <EndDate/>
      <RoleCode>Co-Principal Investigator</RoleCode>
    </Investigator>
    <Investigator>
      <FirstName>Barry</FirstName>
      <LastName>Lentz</LastName>
      <EmailAddress>uncbrl@med.unc.edu</EmailAddress>
      <StartDate>01/28/1997</StartDate>
      <EndDate/>
      <RoleCode>Principal Investigator</RoleCode>
    </Investigator>
    <Institution>
      <Name>University of North Carolina at Chapel Hill</Name>
      <CityName>CHAPEL HILL</CityName>
      <ZipCode>275991350</ZipCode>
      <PhoneNumber>9199663411</PhoneNumber>
      <StreetAddress>104 AIRPORT DR STE 2200</StreetAddress>
      <CountryName>United States</CountryName>
      <StateName>North Carolina</StateName>
      <StateCode>NC</StateCode>
    </Institution>
  </Award>
</rootTag>
