<?xml version="1.0" encoding="UTF-8"?>

<rootTag>
  <Award>
    <AwardTitle>Historical Perspectives on American Women and Technological Change</AwardTitle>
    <AwardEffectiveDate>07/01/1997</AwardEffectiveDate>
    <AwardExpirationDate>06/30/1998</AwardExpirationDate>
    <AwardAmount>39826</AwardAmount>
    <AwardInstrument>
      <Value>Standard Grant</Value>
    </AwardInstrument>
    <Organization>
      <Code>04050300</Code>
      <Directorate>
        <LongName>Direct For Social, Behav &amp; Economic Scie</LongName>
      </Directorate>
      <Division>
        <LongName>Divn Of Social and Economic Sciences</LongName>
      </Division>
    </Organization>
    <ProgramOfficer>
      <SignBlockName>Michael M. Sokal</SignBlockName>
    </ProgramOfficer>
    <AbstractNarration>Among the central concerns of this project are such questions as: How is feminine technology distinctive? What do these distinctions tell us about technology and about women? How have Americans' cultural perceptions of gender differences shaped and been shaped by technological change? To explore such questions this project will examine seven `feminine` technologies, meaning technologies associated with women either by virtue of biological difference or by virtue of sex role prescription (especially through the division of labor). Unlike other studies of women and technology that focus on exceptional women using technologies that are predominantly masculine in character, this project will ask what sorts of technological knowledge common American women have historically possessed, how they have used that knowledge, and why women's technological knowledge has been largely undervalued.</AbstractNarration>
    <MinAmdLetterDate>02/18/1997</MinAmdLetterDate>
    <MaxAmdLetterDate>02/18/1997</MaxAmdLetterDate>
    <ARRAAmount/>
    <AwardID>9601401</AwardID>
    <Investigator>
      <FirstName>Judith</FirstName>
      <LastName>McGaw</LastName>
      <EmailAddress/>
      <StartDate>02/18/1997</StartDate>
      <EndDate/>
      <RoleCode>Principal Investigator</RoleCode>
    </Investigator>
    <Institution>
      <Name>University of Pennsylvania</Name>
      <CityName>Philadelphia</CityName>
      <ZipCode>191046205</ZipCode>
      <PhoneNumber>2158987293</PhoneNumber>
      <StreetAddress>Research Services</StreetAddress>
      <CountryName>United States</CountryName>
      <StateName>Pennsylvania</StateName>
      <StateCode>PA</StateCode>
    </Institution>
    <FoaInformation>
      <Code>0116000</Code>
      <Name>Human Subjects</Name>
    </FoaInformation>
  </Award>
</rootTag>
