<?xml version="1.0" encoding="UTF-8"?>

<rootTag>
  <Award>
    <AwardTitle>Dynamical Analysis of Brain-Spinal Cord Interaction in the Lamprey</AwardTitle>
    <AwardEffectiveDate>08/01/1996</AwardEffectiveDate>
    <AwardExpirationDate>07/31/2000</AwardExpirationDate>
    <AwardAmount>126234</AwardAmount>
    <AwardInstrument>
      <Value>Standard Grant</Value>
    </AwardInstrument>
    <Organization>
      <Code>08090200</Code>
      <Directorate>
        <LongName>Direct For Biological Sciences</LongName>
      </Directorate>
      <Division>
        <LongName>Division Of Integrative Organismal Sys</LongName>
      </Division>
    </Organization>
    <ProgramOfficer>
      <SignBlockName>Soo-Siang Lim</SignBlockName>
    </ProgramOfficer>
    <AbstractNarration>9601345 Jung Systems-level analyses of the neuronal control of rhythmic behavioral patterns in animals is not far advanced. Most of the earlier work on this problem is based on mapping of neuronal interactions. It has become evident that mathematical and computational techniques will be required to achieve a quantitative understanding of central nervous function. The long term goal of the research funded by this grant is to understand the interactions between the neural circuitry in the brain and spinal cord that underlie motor control. Specific experiments are to examine the nature of variability in the locomotor rhythms of primitive intact vertebrates and to examine the response of these animals to external perturbations. Analytical techniques include linear and non-linear signal analysis to find temporal correlations, variability, stability, and intersegmental coordination. In addition, techniques from dynamical systems theory, such as bifurcation analysis and perturbation analysis, will be used to analyze the behavior of neural network models of the central pattern generator. This research is expect to lead to an improved understanding of the coordinating mechanisms that are used by biological systems. Such improved understanding of biological control systems could also be the basis for the development of new, biologically-inspired methodologies to control of cyclic processes in engineering systems, for example, for robotic locomotion.</AbstractNarration>
    <MinAmdLetterDate>07/25/1996</MinAmdLetterDate>
    <MaxAmdLetterDate>11/23/1999</MaxAmdLetterDate>
    <ARRAAmount/>
    <AwardID>9601345</AwardID>
    <Investigator>
      <FirstName>Ranu</FirstName>
      <LastName>Jung</LastName>
      <EmailAddress>rjung@fiu.edu</EmailAddress>
      <StartDate>07/25/1996</StartDate>
      <EndDate/>
      <RoleCode>Principal Investigator</RoleCode>
    </Investigator>
    <Investigator>
      <FirstName>Eugene</FirstName>
      <LastName>Bruce</LastName>
      <EmailAddress>ebruce@pop.uky.edu</EmailAddress>
      <StartDate>07/25/1996</StartDate>
      <EndDate>11/23/1999</EndDate>
      <RoleCode>Former Co-Principal Investigator</RoleCode>
    </Investigator>
    <Institution>
      <Name>University of Kentucky Research Foundation</Name>
      <CityName>Lexington</CityName>
      <ZipCode>405260001</ZipCode>
      <PhoneNumber>8592579420</PhoneNumber>
      <StreetAddress>109 Kinkead Hall</StreetAddress>
      <CountryName>United States</CountryName>
      <StateName>Kentucky</StateName>
      <StateCode>KY</StateCode>
    </Institution>
    <FoaInformation>
      <Code>0000099</Code>
      <Name>Other Applications NEC</Name>
    </FoaInformation>
  </Award>
</rootTag>
