<?xml version="1.0" encoding="UTF-8"?>

<rootTag>
  <Award>
    <AwardTitle>HCI: Community, Neighborhood, and Family Influences on the Development of Inner-City Minority Youth</AwardTitle>
    <AwardEffectiveDate>09/01/1996</AwardEffectiveDate>
    <AwardExpirationDate>08/31/1998</AwardExpirationDate>
    <AwardAmount>60332</AwardAmount>
    <AwardInstrument>
      <Value>Continuing grant</Value>
    </AwardInstrument>
    <Organization>
      <Code>04040500</Code>
      <Directorate>
        <LongName>Direct For Social, Behav &amp; Economic Scie</LongName>
      </Directorate>
      <Division>
        <LongName>Division Of Behavioral and Cognitive Sci</LongName>
      </Division>
    </Organization>
    <ProgramOfficer>
      <SignBlockName>Steven Breckler</SignBlockName>
    </ProgramOfficer>
    <AbstractNarration>The purpose of the proposed study is to test a theory of the influence of community, neighborhood, and family functioning on the social development of African-American and Latino male adolescents living in inner-city and other urban poor communities. Research in child and adolescent development has long recognized the family as the most proximal and perhaps primary influence on child behavioral and emotional development. However, there is increasing recognition that families' ability to provide necessary functions for social development such as modeling of behavior, consistent care, and emotional support is constrained or enabled by characteristics of the neighborhood and community in which they live. Parental styles and beliefs do not merely reflect individual proclivities, but also are shaped by considerations outside the family, especially the social organization of the community. This study uses existing data from a four-year longitudinal study that has tracked multi-level indicators of adjustment and promising predictors for 300 inner-city male youth and their families to test the impact of community structure (e.g., mobility, poverty, heterogeneity) on neighborhood social organization (e.g., support, involvement, resource use) and family functioning and relate these influences to adequacy of social development as indicated by involvement in criminal behavior, educational attainment and employment of inner-city youth. The nature of the transaction between communities and families over time and variations in relations across ethnic groups are also examined. The hypotheses and related models to be tested can direct risk identification efforts (e.g., focus on community vs. neighborhood vs. specific families), prevention programs (identify which aspects of social context are necessary and sufficient program targets), and policy (the likely benefit and limitation investments in community economic and social resources to decrease youth risk). %%% The purpose of the proposed study is to test a theory of the influence of community, neighborhood, and family functioning on the social development of African-American and Latino male adolescents living in inner-city and other urban poor communities. Research in child and adolescent development has long recognized the family as perhaps the most important influence on child development. However, there is increasing recognition that families' ability to provide necessary functions for social development is strongly influenced by the neighborhood and community in which they live. Parental styles and beliefs do not merely reflect individual proclivities, but also are shaped by considerations outside the family, especially the social organization of the community. This study uses existing data from a four-year longitudinal study that has tracked 300 inner-city male youth and their families to test the impact of community structure (e.g., mobility and poverty) on neighborhood social organization (e.g., support, involvement, resource use) and family functioning. The study examines such outcomes as criminal behavior, educational attainment and employment. The model developed in this research holds promise in helping to identify problems for which inner-city youth are at particular risk, to develop prevention programs, and to inform policy on community economic and social resources.</AbstractNarration>
    <MinAmdLetterDate>08/29/1996</MinAmdLetterDate>
    <MaxAmdLetterDate>06/04/1997</MaxAmdLetterDate>
    <ARRAAmount/>
    <AwardID>9601157</AwardID>
    <Investigator>
      <FirstName>Deborah</FirstName>
      <LastName>Gorman-Smith</LastName>
      <EmailAddress>debgs@uic.edu</EmailAddress>
      <StartDate>08/29/1996</StartDate>
      <EndDate/>
      <RoleCode>Principal Investigator</RoleCode>
    </Investigator>
    <Investigator>
      <FirstName>Patrick</FirstName>
      <LastName>Tolan</LastName>
      <EmailAddress/>
      <StartDate>08/29/1996</StartDate>
      <EndDate/>
      <RoleCode>Co-Principal Investigator</RoleCode>
    </Investigator>
    <Investigator>
      <FirstName>David</FirstName>
      <LastName>Henry</LastName>
      <EmailAddress>dhenry@uic.edu</EmailAddress>
      <StartDate>08/29/1996</StartDate>
      <EndDate/>
      <RoleCode>Co-Principal Investigator</RoleCode>
    </Investigator>
    <Institution>
      <Name>University of Illinois at Chicago</Name>
      <CityName>Chicago</CityName>
      <ZipCode>606124305</ZipCode>
      <PhoneNumber>3129962862</PhoneNumber>
      <StreetAddress>809 S MARSHFIELD</StreetAddress>
      <CountryName>United States</CountryName>
      <StateName>Illinois</StateName>
      <StateCode>IL</StateCode>
    </Institution>
    <FoaInformation>
      <Code>0116000</Code>
      <Name>Human Subjects</Name>
    </FoaInformation>
    <FoaInformation>
      <Code>72</Code>
      <Name>Psychology Social Aspects</Name>
    </FoaInformation>
    <ProgramElement>
      <Code>1332</Code>
      <Text>SOCIAL PSYCHOLOGY</Text>
    </ProgramElement>
    <ProgramReference>
      <Code>0000</Code>
      <Text>UNASSIGNED</Text>
    </ProgramReference>
    <ProgramReference>
      <Code>1092</Code>
      <Text>SBER HUMAN CAPITAL INITIATIVE</Text>
    </ProgramReference>
    <ProgramReference>
      <Code>OTHR</Code>
      <Text>OTHER RESEARCH OR EDUCATION</Text>
    </ProgramReference>
  </Award>
</rootTag>
