<?xml version="1.0" encoding="UTF-8"?>

<rootTag>
  <Award>
    <AwardTitle>Electoral Bases of Support for Russia's Red - Brown Coalition</AwardTitle>
    <AwardEffectiveDate>08/15/1996</AwardEffectiveDate>
    <AwardExpirationDate>07/31/1997</AwardExpirationDate>
    <AwardAmount>41580</AwardAmount>
    <AwardInstrument>
      <Value>Standard Grant</Value>
    </AwardInstrument>
    <Organization>
      <Code>04050200</Code>
      <Directorate>
        <LongName>Direct For Social, Behav &amp; Economic Scie</LongName>
      </Directorate>
      <Division>
        <LongName>Divn Of Social and Economic Sciences</LongName>
      </Division>
    </Organization>
    <ProgramOfficer>
      <SignBlockName>Rosalind Wilson</SignBlockName>
    </ProgramOfficer>
    <AbstractNarration>The victory of the nationalists in the 1993 Russian parliamentary elections followed by the victory of the communists in the 1995 parliamentary elections raises questions about the nature of public support for apparently undemocratic political organizations during periods of democratic transition. This project seeks to understand the bases for support for communist and nationalist political parties in contemporary Russia. In order to do so, this project will continue a series of surveys gauging the state of the Russian democratic experiment by examining the attitudes and behaviors of the Russian electorate during the Presidential campaign in summer 1996. Examination of the current campaign and the nature of Presidential politics will facilitate understanding of the consolidation of democracy in Russia or identify its tenuous attraction to the Russian public. Face-to-face interviews will be conducted with 4000 respondents in a stratified national probability sample. The survey will be conducted by leading scholars at Moscow University and the Russian Academy of Sciences. Data from the 1993-1996 surveys will be archived to permit secondary analysis of these important data.</AbstractNarration>
    <MinAmdLetterDate>08/16/1996</MinAmdLetterDate>
    <MaxAmdLetterDate>08/16/1996</MaxAmdLetterDate>
    <ARRAAmount/>
    <AwardID>9601315</AwardID>
    <Investigator>
      <FirstName>Evelyn</FirstName>
      <LastName>Davidheiser</LastName>
      <EmailAddress>edavidh@polisci.umn.edu</EmailAddress>
      <StartDate>08/16/1996</StartDate>
      <EndDate/>
      <RoleCode>Principal Investigator</RoleCode>
    </Investigator>
    <Investigator>
      <FirstName>Jerry</FirstName>
      <LastName>Hough</LastName>
      <EmailAddress/>
      <StartDate>08/16/1996</StartDate>
      <EndDate/>
      <RoleCode>Co-Principal Investigator</RoleCode>
    </Investigator>
    <Investigator>
      <FirstName>Susan</FirstName>
      <LastName>Lehmann</LastName>
      <EmailAddress>SGL3@columbia.edu</EmailAddress>
      <StartDate>08/16/1996</StartDate>
      <EndDate/>
      <RoleCode>Co-Principal Investigator</RoleCode>
    </Investigator>
    <Institution>
      <Name>University of Minnesota-Twin Cities</Name>
      <CityName>Minneapolis</CityName>
      <ZipCode>554552070</ZipCode>
      <PhoneNumber>6126245599</PhoneNumber>
      <StreetAddress>200 OAK ST SE</StreetAddress>
      <CountryName>United States</CountryName>
      <StateName>Minnesota</StateName>
      <StateCode>MN</StateCode>
    </Institution>
    <FoaInformation>
      <Code>0000099</Code>
      <Name>Other Applications NEC</Name>
    </FoaInformation>
    <FoaInformation>
      <Code>0116000</Code>
      <Name>Human Subjects</Name>
    </FoaInformation>
    <FoaInformation>
      <Code>85</Code>
      <Name>Political Sciences</Name>
    </FoaInformation>
  </Award>
</rootTag>
