<?xml version="1.0" encoding="UTF-8"?>

<rootTag>
  <Award>
    <AwardTitle>Support for Interdisiplinary Research at the Center for Advanced Study in the Behavioral Sciences</AwardTitle>
    <AwardEffectiveDate>04/01/1997</AwardEffectiveDate>
    <AwardExpirationDate>12/31/2001</AwardExpirationDate>
    <AwardAmount>3110260</AwardAmount>
    <AwardInstrument>
      <Value>Continuing grant</Value>
    </AwardInstrument>
    <Organization>
      <Code>04040500</Code>
      <Directorate>
        <LongName>Direct For Social, Behav &amp; Economic Scie</LongName>
      </Directorate>
      <Division>
        <LongName>Division Of Behavioral and Cognitive Sci</LongName>
      </Division>
    </Organization>
    <ProgramOfficer>
      <SignBlockName>Steven Breckler</SignBlockName>
    </ProgramOfficer>
    <AbstractNarration>This award provides stipends and other supporting services for scholars in one-year residence as Fellows of the Center for Advanced Study in the Behavioral Sciences, Stanford, California. The objective of the project is to foster the advancement of knowledge generated by scholars conducting basic research in the behavioral sciences. The Center's structure and procedures provide an environment that is conducive to scholarly productivity as well as interdisciplinary exchange and collaboration. Fellows are chosen on the basis of their academic accomplishment and promise. The research they conduct at the Center is of their own choice and design. The Center organizes seminars, encourages the formation of informal groups, and plans common meals, all designed to promote intellectual interaction among Fellows. The Center's environment is designed to promote full-time research, and to minimize distractions from and interruptions to productive scientific work.</AbstractNarration>
    <MinAmdLetterDate>04/11/1997</MinAmdLetterDate>
    <MaxAmdLetterDate>08/10/2001</MaxAmdLetterDate>
    <ARRAAmount/>
    <AwardID>9601236</AwardID>
    <Investigator>
      <FirstName>Robert</FirstName>
      <LastName>Scott</LastName>
      <EmailAddress>bob@casbs.stanford.edu</EmailAddress>
      <StartDate>04/11/1997</StartDate>
      <EndDate/>
      <RoleCode>Co-Principal Investigator</RoleCode>
    </Investigator>
    <Investigator>
      <FirstName>Neil</FirstName>
      <LastName>Smelser</LastName>
      <EmailAddress>neil@casbs.stanford.edu</EmailAddress>
      <StartDate>04/11/1997</StartDate>
      <EndDate/>
      <RoleCode>Principal Investigator</RoleCode>
    </Investigator>
    <Institution>
      <Name>Center For Adv Study in the Behavioral Science</Name>
      <CityName>Stanford</CityName>
      <ZipCode>943058006</ZipCode>
      <PhoneNumber>6503212052</PhoneNumber>
      <StreetAddress>75 Alta Road</StreetAddress>
      <CountryName>United States</CountryName>
      <StateName>California</StateName>
      <StateCode>CA</StateCode>
    </Institution>
    <FoaInformation>
      <Code>0000099</Code>
      <Name>Other Applications NEC</Name>
    </FoaInformation>
    <ProgramElement>
      <Code>1332</Code>
      <Text>SOCIAL PSYCHOLOGY</Text>
    </ProgramElement>
    <ProgramElement>
      <Code>X306</Code>
      <Text/>
    </ProgramElement>
    <ProgramElement>
      <Code>X996</Code>
      <Text/>
    </ProgramElement>
    <ProgramReference>
      <Code>0000</Code>
      <Text>UNASSIGNED</Text>
    </ProgramReference>
    <ProgramReference>
      <Code>OTHR</Code>
      <Text>OTHER RESEARCH OR EDUCATION</Text>
    </ProgramReference>
  </Award>
</rootTag>
