<?xml version="1.0" encoding="UTF-8"?>

<rootTag>
  <Award>
    <AwardTitle>Genetic Variation in Melanesia</AwardTitle>
    <AwardEffectiveDate>09/15/1996</AwardEffectiveDate>
    <AwardExpirationDate>08/31/1998</AwardExpirationDate>
    <AwardAmount>100000</AwardAmount>
    <AwardInstrument>
      <Value>Standard Grant</Value>
    </AwardInstrument>
    <Organization>
      <Code>04040400</Code>
      <Directorate>
        <LongName>Direct For Social, Behav &amp; Economic Scie</LongName>
      </Directorate>
      <Division>
        <LongName>Division Of Behavioral and Cognitive Sci</LongName>
      </Division>
    </Organization>
    <ProgramOfficer>
      <SignBlockName>Dennis H. O'Rourke</SignBlockName>
    </ProgramOfficer>
    <AbstractNarration>This research project will fill an important gap in the description of human genetic variation - a comprehensive analysis of genetic materials from Island Melanesia, focusing on mitochondrial DNA and Y chromosome loci. As Sykes re- cently suggested, Island Melanesia is the key to understanding early population migrations in the Pacific region. It is well known for its linguistic and genetic diversity, but newer techniques have not been applied to genetic analyses on samples from this region in any significant way. The pattern of variation revealed by this study in mtDNA and Y chromosome DNA will be used to estimate the timing and nature of the initial and subsequent peoplings of Island Melane- sia, and Melanesia's relation to the surrounding Polynesian, Southeast Asian, and Australian poulations. The analyses will be performed on a total of 800 unrelated individuals from a chain of islands stretching from the coast of New Guinea out into the Pacific, including: New Britain, New Ireland, and Bougainville. There are also ramifications from this study for estimation of the time of first appearance of modern humans.</AbstractNarration>
    <MinAmdLetterDate>09/11/1996</MinAmdLetterDate>
    <MaxAmdLetterDate>09/11/1996</MaxAmdLetterDate>
    <ARRAAmount/>
    <AwardID>9601020</AwardID>
    <Investigator>
      <FirstName>Robert</FirstName>
      <LastName>Ferrell</LastName>
      <EmailAddress>rferrell@helix.hgen.pitt.edu</EmailAddress>
      <StartDate>09/11/1996</StartDate>
      <EndDate/>
      <RoleCode>Co-Principal Investigator</RoleCode>
    </Investigator>
    <Investigator>
      <FirstName>David</FirstName>
      <LastName>Merriwether</LastName>
      <EmailAddress>andym@binghamton.edu</EmailAddress>
      <StartDate>09/11/1996</StartDate>
      <EndDate/>
      <RoleCode>Principal Investigator</RoleCode>
    </Investigator>
    <Institution>
      <Name>University of Pittsburgh</Name>
      <CityName>Pittsburgh</CityName>
      <ZipCode>152132303</ZipCode>
      <PhoneNumber>4126247400</PhoneNumber>
      <StreetAddress>University Club</StreetAddress>
      <CountryName>United States</CountryName>
      <StateName>Pennsylvania</StateName>
      <StateCode>PA</StateCode>
    </Institution>
    <FoaInformation>
      <Code>0000099</Code>
      <Name>Other Applications NEC</Name>
    </FoaInformation>
    <FoaInformation>
      <Code>81</Code>
      <Name>Anthropology</Name>
    </FoaInformation>
    <ProgramElement>
      <Code>1392</Code>
      <Text>Biological Anthropology</Text>
    </ProgramElement>
    <ProgramReference>
      <Code>0000</Code>
      <Text>UNASSIGNED</Text>
    </ProgramReference>
    <ProgramReference>
      <Code>9123</Code>
      <Text>SOCIAL &amp; ECONOMIC DIMENSIONS OF BIOTCHNL</Text>
    </ProgramReference>
    <ProgramReference>
      <Code>OTHR</Code>
      <Text>OTHER RESEARCH OR EDUCATION</Text>
    </ProgramReference>
  </Award>
</rootTag>
