<?xml version="1.0" encoding="UTF-8"?>

<rootTag>
  <Award>
    <AwardTitle>The Political Economy of Innovation: Telecommunications in Western Society</AwardTitle>
    <AwardEffectiveDate>09/01/1996</AwardEffectiveDate>
    <AwardExpirationDate>10/30/1998</AwardExpirationDate>
    <AwardAmount>85000</AwardAmount>
    <AwardInstrument>
      <Value>Standard Grant</Value>
    </AwardInstrument>
    <Organization>
      <Code>04050300</Code>
      <Directorate>
        <LongName>Direct For Social, Behav &amp; Economic Scie</LongName>
      </Directorate>
      <Division>
        <LongName>Divn Of Social and Economic Sciences</LongName>
      </Division>
    </Organization>
    <ProgramOfficer>
      <SignBlockName>Michael M. Sokal</SignBlockName>
    </ProgramOfficer>
    <AbstractNarration>Over the past century the United States, Britain, and Germany have taken different approaches to the development of public telecommunications and have built different telecommunications systems and capabilities. To account for such differences in trajectory and outcome, this project will examine how material, economic, cultural and social conditions have shaped the meaning of telecommunications technologies. In contrast to purely cultural studies of technology, this work will look closely at the technological artifacts in their contexts, through comparative case studies of components. It will also analyze the strategies employed by innovators to incorporate different groups of users into public telecommunications networks and will compare such strategies across nations. Finally, by examining the history of telecommunications to the present the study will provide insight into the gains and losses society might expect from future changes.</AbstractNarration>
    <MinAmdLetterDate>08/20/1996</MinAmdLetterDate>
    <MaxAmdLetterDate>08/20/1996</MaxAmdLetterDate>
    <ARRAAmount/>
    <AwardID>9601539</AwardID>
    <Investigator>
      <FirstName>Kenneth</FirstName>
      <LastName>Lipartito</LastName>
      <EmailAddress>lipark@fiu.edu</EmailAddress>
      <StartDate>08/20/1996</StartDate>
      <EndDate/>
      <RoleCode>Principal Investigator</RoleCode>
    </Investigator>
    <Institution>
      <Name>University of Houston</Name>
      <CityName>Houston</CityName>
      <ZipCode>772042015</ZipCode>
      <PhoneNumber>7137435773</PhoneNumber>
      <StreetAddress>4800 Calhoun Boulevard</StreetAddress>
      <CountryName>United States</CountryName>
      <StateName>Texas</StateName>
      <StateCode>TX</StateCode>
    </Institution>
    <FoaInformation>
      <Code>0000099</Code>
      <Name>Other Applications NEC</Name>
    </FoaInformation>
    <FoaInformation>
      <Code>0116000</Code>
      <Name>Human Subjects</Name>
    </FoaInformation>
    <FoaInformation>
      <Code>83</Code>
      <Name>History</Name>
    </FoaInformation>
    <ProgramElement>
      <Code>1353</Code>
      <Text>Hist &amp; Philosophy of SET</Text>
    </ProgramElement>
    <ProgramElement>
      <Code>8815</Code>
      <Text>Studies of Policy Sci Eng Tech</Text>
    </ProgramElement>
    <ProgramReference>
      <Code>0000</Code>
      <Text>UNASSIGNED</Text>
    </ProgramReference>
    <ProgramReference>
      <Code>OTHR</Code>
      <Text>OTHER RESEARCH OR EDUCATION</Text>
    </ProgramReference>
  </Award>
</rootTag>
