<?xml version="1.0" encoding="UTF-8"?>

<rootTag>
  <Award>
    <AwardTitle>COLLABORATIVE RESEARCH: Understanding, Improving, and Combining Subjective Judgments</AwardTitle>
    <AwardEffectiveDate>08/15/1996</AwardEffectiveDate>
    <AwardExpirationDate>07/31/2000</AwardExpirationDate>
    <AwardAmount>226155</AwardAmount>
    <AwardInstrument>
      <Value>Continuing grant</Value>
    </AwardInstrument>
    <Organization>
      <Code>04040500</Code>
      <Directorate>
        <LongName>Direct For Social, Behav &amp; Economic Scie</LongName>
      </Directorate>
      <Division>
        <LongName>Division Of Behavioral and Cognitive Sci</LongName>
      </Division>
    </Organization>
    <ProgramOfficer>
      <SignBlockName>Rodney R. Cocking</SignBlockName>
    </ProgramOfficer>
    <AbstractNarration>9601281 WALLSTEN Many decisions under uncertainty depend on expert judgments, because suitable statistical information is lacking. Examples include military and international policy contexts, business forecasting, medical diagnosis, and earthquake prediction. Experts do not always agree with each other, nor do they always express themselves in ways that best reflect their underlying opinions. This research will develop new and improved procedures for eliciting and combining their judgments to yield the most accurate and diagnostic conclusions. The project will investigate factors that affect human judgment under conditions of incomplete knowledge. The research also will develop new analytic procedures for such judgments, which take into account the sources and nature of the random error components that are normally present. One line of the project will ask why, if people are generally truly overconfident, they appear systematically underconfident given specific procedures and methods of analysis. A second line will explore why, at least for some judgment tasks, the way in which people think about uncertain information depends on the type of response they are required to give. A third line will investigate how people learn to make probability estimates and how feedback affects those estimates. The goal of all three lines of research is to develop a cognitive model of human information processing under uncertainty that applies to a broad range of situations, and can be expressed mathematically. One application of the mathematical model to be developed is to serve as a basis for combining multiple subjective estimates. A fourth line of work will pursue this goal. This approach is novel, as no other approach to the issue of combining judgments has depended on a model of the individual judge. ***</AbstractNarration>
    <MinAmdLetterDate>08/16/1996</MinAmdLetterDate>
    <MaxAmdLetterDate>06/24/1998</MaxAmdLetterDate>
    <ARRAAmount/>
    <AwardID>9601281</AwardID>
    <Investigator>
      <FirstName>A. Adele</FirstName>
      <LastName>Diederich</LastName>
      <EmailAddress/>
      <StartDate>08/16/1996</StartDate>
      <EndDate/>
      <RoleCode>Co-Principal Investigator</RoleCode>
    </Investigator>
    <Investigator>
      <FirstName>Thomas</FirstName>
      <LastName>Wallsten</LastName>
      <EmailAddress>twallsten@psyc.umd.edu</EmailAddress>
      <StartDate>08/16/1996</StartDate>
      <EndDate/>
      <RoleCode>Principal Investigator</RoleCode>
    </Investigator>
    <Institution>
      <Name>University of North Carolina at Chapel Hill</Name>
      <CityName>CHAPEL HILL</CityName>
      <ZipCode>275991350</ZipCode>
      <PhoneNumber>9199663411</PhoneNumber>
      <StreetAddress>104 AIRPORT DR STE 2200</StreetAddress>
      <CountryName>United States</CountryName>
      <StateName>North Carolina</StateName>
      <StateCode>NC</StateCode>
    </Institution>
    <FoaInformation>
      <Code>0116000</Code>
      <Name>Human Subjects</Name>
    </FoaInformation>
  </Award>
</rootTag>
