<?xml version="1.0" encoding="UTF-8"?>

<rootTag>
  <Award>
    <AwardTitle>Attitude Change in Response to Advances in Genetic Technology</AwardTitle>
    <AwardEffectiveDate>08/01/1996</AwardEffectiveDate>
    <AwardExpirationDate>07/31/1998</AwardExpirationDate>
    <AwardAmount>19997</AwardAmount>
    <AwardInstrument>
      <Value>Standard Grant</Value>
    </AwardInstrument>
    <Organization>
      <Code>04050300</Code>
      <Directorate>
        <LongName>Direct For Social, Behav &amp; Economic Scie</LongName>
      </Directorate>
      <Division>
        <LongName>Divn Of Social and Economic Sciences</LongName>
      </Division>
    </Organization>
    <ProgramOfficer>
      <SignBlockName>Rachelle D. Hollander</SignBlockName>
    </ProgramOfficer>
    <AbstractNarration>In 1988, the Ethics and Values Studies Program funded a baseline study of public attitudes and values towards prenatal testing and genetic testing among adults. The long-range interest of the study was in change over time, but the initial support provided for undertaking only one baseline measurement and two ancillary studies: an analysis of media coverage and a survey of the positions taken by various organizations with interests in the new technologies. In the six years since this first measurement, further rapid advances in genetic technology have occurred. Media stories about discoveries of the locations of new genes and of possibilities for new genetic tests are proliferating. Given these rapid developments, and the choices they pose for individuals and society, the time seems ripe for replicating some of the attitudinal measures first obtained in 1990. Funds from other sources have made it possible to replicate the questions on the General Social Survey, fielded in Spring 1996. This award provides funds for the analysis of trends in responses to these questions. Several articles and plans for further research should result from this award.</AbstractNarration>
    <MinAmdLetterDate>07/22/1996</MinAmdLetterDate>
    <MaxAmdLetterDate>10/28/1996</MaxAmdLetterDate>
    <ARRAAmount/>
    <AwardID>9601367</AwardID>
    <Investigator>
      <FirstName>Eleanor</FirstName>
      <LastName>Singer</LastName>
      <EmailAddress>elsinger@umich.edu</EmailAddress>
      <StartDate>07/22/1996</StartDate>
      <EndDate/>
      <RoleCode>Principal Investigator</RoleCode>
    </Investigator>
    <Institution>
      <Name>University of Michigan Ann Arbor</Name>
      <CityName>Ann Arbor</CityName>
      <ZipCode>481091274</ZipCode>
      <PhoneNumber>7347636438</PhoneNumber>
      <StreetAddress>3003 South State St. Room 1062</StreetAddress>
      <CountryName>United States</CountryName>
      <StateName>Michigan</StateName>
      <StateCode>MI</StateCode>
    </Institution>
    <FoaInformation>
      <Code>91</Code>
      <Name>Science Technology Assess</Name>
    </FoaInformation>
  </Award>
</rootTag>
