<?xml version="1.0" encoding="UTF-8"?>

<rootTag>
  <Award>
    <AwardTitle>RUI: Level Statistics of Continuous Energy Spectra</AwardTitle>
    <AwardEffectiveDate>08/01/1996</AwardEffectiveDate>
    <AwardExpirationDate>07/31/1998</AwardExpirationDate>
    <AwardAmount>48000</AwardAmount>
    <AwardInstrument>
      <Value>Continuing grant</Value>
    </AwardInstrument>
    <Organization>
      <Code>03010500</Code>
      <Directorate>
        <LongName>Direct For Mathematical &amp; Physical Scien</LongName>
      </Directorate>
      <Division>
        <LongName>Division Of Physics</LongName>
      </Division>
    </Organization>
    <ProgramOfficer>
      <SignBlockName>Virginia R. Brown</SignBlockName>
    </ProgramOfficer>
    <AbstractNarration>Chaos is the generic term used to describe the irregular and unpredictable time evolution of physical systems. In classical mechanics, chaos may be defined in terms of the behavior of nearby particle trajectories. Since classical mechanics can be thought of as a special case of quantum mechanics, it is of interest to know how the irregularity of a classically chaotic system, influences the dynamics of the corresponding quantum system. One of the trade marks of quantum mechanics is the quantization of energy levels. It now seems apparent that chaos manifests itself in the distribution of the energy levels. A distribution of energy levels presupposes that the energy levels are discrete. However, if the electron is nearly stripped from its nucleus, the widths of the energy level spacings essentially go to zero and the energies become continuous. Continuous energies are also present in unbound quantum systems like the model studied in this project, the Hydrogen atom in an external magnetic field which is perpendicular to an electric field. This work will address how one looks for signatures of chaos in this model. We plan to check the validity of the meaning of the energy level distribution in an important energy range that has not been previously investigated.</AbstractNarration>
    <MinAmdLetterDate>07/08/1996</MinAmdLetterDate>
    <MaxAmdLetterDate>01/09/1998</MaxAmdLetterDate>
    <ARRAAmount/>
    <AwardID>9601296</AwardID>
    <Investigator>
      <FirstName>Calvin</FirstName>
      <LastName>Stubbins</LastName>
      <EmailAddress>calvin.stubbins@fandm.edu</EmailAddress>
      <StartDate>07/08/1996</StartDate>
      <EndDate/>
      <RoleCode>Principal Investigator</RoleCode>
    </Investigator>
    <Institution>
      <Name>Franklin and Marshall College</Name>
      <CityName>Lancaster</CityName>
      <ZipCode>176043003</ZipCode>
      <PhoneNumber>7173584517</PhoneNumber>
      <StreetAddress>Office of the Provost</StreetAddress>
      <CountryName>United States</CountryName>
      <StateName>Pennsylvania</StateName>
      <StateCode>PA</StateCode>
    </Institution>
    <FoaInformation>
      <Code>0000099</Code>
      <Name>Other Applications NEC</Name>
    </FoaInformation>
    <FoaInformation>
      <Code>13</Code>
      <Name>Physics</Name>
    </FoaInformation>
    <ProgramElement>
      <Code>1245</Code>
      <Text>THEORETICAL PHYSICS</Text>
    </ProgramElement>
    <ProgramElement>
      <Code>1285</Code>
      <Text>NUCLEAR THEORY</Text>
    </ProgramElement>
    <ProgramElement>
      <Code>9134</Code>
      <Text>Integrative Activities in Phys</Text>
    </ProgramElement>
    <ProgramReference>
      <Code>0000</Code>
      <Text>UNASSIGNED</Text>
    </ProgramReference>
    <ProgramReference>
      <Code>9178</Code>
      <Text>UNDERGRADUATE EDUCATION</Text>
    </ProgramReference>
    <ProgramReference>
      <Code>9229</Code>
      <Text>RES IN UNDERGRAD INST-RESEARCH</Text>
    </ProgramReference>
    <ProgramReference>
      <Code>OTHR</Code>
      <Text>OTHER RESEARCH OR EDUCATION</Text>
    </ProgramReference>
    <ProgramReference>
      <Code>SMET</Code>
      <Text>SCIENCE, MATH, ENG &amp; TECH EDUCATION</Text>
    </ProgramReference>
  </Award>
</rootTag>
