<?xml version="1.0" encoding="UTF-8"?>

<rootTag>
  <Award>
    <AwardTitle>Dissertation: The Effects of War and Violence on Moral Development in El Salvador</AwardTitle>
    <AwardEffectiveDate>08/01/1996</AwardEffectiveDate>
    <AwardExpirationDate>01/31/1999</AwardExpirationDate>
    <AwardAmount>10883</AwardAmount>
    <AwardInstrument>
      <Value>Standard Grant</Value>
    </AwardInstrument>
    <Organization>
      <Code>04040400</Code>
      <Directorate>
        <LongName>Direct For Social, Behav &amp; Economic Scie</LongName>
      </Directorate>
      <Division>
        <LongName>Division Of Behavioral and Cognitive Sci</LongName>
      </Division>
    </Organization>
    <ProgramOfficer>
      <SignBlockName>Stuart Plattner</SignBlockName>
    </ProgramOfficer>
    <AbstractNarration>This project supports the dissertation research of a cultural anthropologist from UCLA, studying the effects of political violence on the moral development of children. The project will ask how and when moral proscriptions against violence are universally binding or context-specific, and whether children's moral rules are more similar to those of children from other cultures or those within their own culture, holding socio-economic class constant. Thirty male and female children from 3 age ranges (5-7, 8-10, 11-13) in 3 subsamples (urban upper class, urban middle class, rural poor) will be interviewed as well as 30 male and female adults in El Salvador, as well as a US sample of children and adults in . In each case a questionnaire consisting of 36 behavioral cases of `wrong` behavior will presented and the persons asked to comment on its morality in diverse contexts. This project is important because it will advance our understanding of how children learn moral rules. Testing the proposition that the development of such rule is culture-specific as opposed to cross-culturally stable will contribute valuable information to bear on this question. At a time when many in US society bemoan the lack of values among the youth, a project such as this will provide valuable information on the source of and variation in moral values in children.</AbstractNarration>
    <MinAmdLetterDate>07/22/1996</MinAmdLetterDate>
    <MaxAmdLetterDate>07/22/1996</MaxAmdLetterDate>
    <ARRAAmount/>
    <AwardID>9601393</AwardID>
    <Investigator>
      <FirstName>Robert</FirstName>
      <LastName>Edgerton</LastName>
      <EmailAddress>roberte@npih.medsch.ucla.edu</EmailAddress>
      <StartDate>07/22/1996</StartDate>
      <EndDate/>
      <RoleCode>Principal Investigator</RoleCode>
    </Investigator>
    <Institution>
      <Name>University of California-Los Angeles</Name>
      <CityName>LOS ANGELES</CityName>
      <ZipCode>900951406</ZipCode>
      <PhoneNumber>3107940102</PhoneNumber>
      <StreetAddress>10889 Wilshire Boulevard</StreetAddress>
      <CountryName>United States</CountryName>
      <StateName>California</StateName>
      <StateCode>CA</StateCode>
    </Institution>
    <FoaInformation>
      <Code>0000099</Code>
      <Name>Other Applications NEC</Name>
    </FoaInformation>
    <FoaInformation>
      <Code>0116000</Code>
      <Name>Human Subjects</Name>
    </FoaInformation>
    <FoaInformation>
      <Code>81</Code>
      <Name>Anthropology</Name>
    </FoaInformation>
    <ProgramElement>
      <Code>1390</Code>
      <Text>CULTURAL ANTHROPOLOGY</Text>
    </ProgramElement>
    <ProgramReference>
      <Code>0000</Code>
      <Text>UNASSIGNED</Text>
    </ProgramReference>
    <ProgramReference>
      <Code>OTHR</Code>
      <Text>OTHER RESEARCH OR EDUCATION</Text>
    </ProgramReference>
  </Award>
</rootTag>
