<?xml version="1.0" encoding="UTF-8"?>

<rootTag>
  <Award>
    <AwardTitle>Diffusion Control and Solvent Transfer During Proteolytic Reactions on Biological Membranes</AwardTitle>
    <AwardEffectiveDate>09/01/1996</AwardEffectiveDate>
    <AwardExpirationDate>08/31/2000</AwardExpirationDate>
    <AwardAmount>300000</AwardAmount>
    <AwardInstrument>
      <Value>Continuing grant</Value>
    </AwardInstrument>
    <Organization>
      <Code>08070400</Code>
      <Directorate>
        <LongName>Direct For Biological Sciences</LongName>
      </Directorate>
      <Division>
        <LongName>Div Of Molecular and Cellular Bioscience</LongName>
      </Division>
    </Organization>
    <ProgramOfficer>
      <SignBlockName>Kamal Shukla</SignBlockName>
    </ProgramOfficer>
    <AbstractNarration>9601411 McGee Mechanisms regulating enzymatic reactions on membranes will be studied using membrane-dependent proteases as experimental model systems. The kinetics of these systems will be analyzed under biologically relevant conditions by tracer dilution techniques in continuously perfused cultures of intact cells. Effects of hydration and electrostatic forces will be investigated under controlled osmotic stress, ionic strength and temperature. Available theoretical treatments of reaction kinetics will be selected and combined on the basis of experimental data, to arrive at a general model equation. This equation will incorporate easily identifiable parameters and will have immediate practical uses in membrane research. %%% The proposed studies will provide new and fundamental information on the catalytic function of biological membranes. This information will serve to predict the role of diffusion and the consequences of colloidosmotic fluctuations on membrane-reactions in vivo. The predictive models, developed on the basis of this research, will be applicable to a large group of physiologically important protease pathways and will fill major gaps in the general understanding of mechanisms controlling reactions on surfaces. ***</AbstractNarration>
    <MinAmdLetterDate>08/05/1996</MinAmdLetterDate>
    <MaxAmdLetterDate>03/25/1998</MaxAmdLetterDate>
    <ARRAAmount/>
    <AwardID>9601411</AwardID>
    <Investigator>
      <FirstName>Maria</FirstName>
      <LastName>McGee</LastName>
      <EmailAddress>mmcgee@wfubmc.edu</EmailAddress>
      <StartDate>08/05/1996</StartDate>
      <EndDate/>
      <RoleCode>Principal Investigator</RoleCode>
    </Investigator>
    <Institution>
      <Name>Wake Forest University School of Medicine</Name>
      <CityName>Winston-Salem</CityName>
      <ZipCode>271571023</ZipCode>
      <PhoneNumber>3367164548</PhoneNumber>
      <StreetAddress>Medical Center Blvd</StreetAddress>
      <CountryName>United States</CountryName>
      <StateName>North Carolina</StateName>
      <StateCode>NC</StateCode>
    </Institution>
    <FoaInformation>
      <Code>61</Code>
      <Name>Life Science Biological</Name>
    </FoaInformation>
    <ProgramElement>
      <Code>1164</Code>
      <Text>MOLECULAR BIOPHYSICS</Text>
    </ProgramElement>
    <ProgramReference>
      <Code>9183</Code>
      <Text>GENERAL FOUNDATIONS OF BIOTECHNOLOGY</Text>
    </ProgramReference>
    <ProgramReference>
      <Code>BIOT</Code>
      <Text>BIOTECHNOLOGY</Text>
    </ProgramReference>
  </Award>
</rootTag>
