<?xml version="1.0" encoding="UTF-8"?>

<rootTag>
  <Award>
    <AwardTitle>RUI: Interpersonal Underpinnings of Language Use</AwardTitle>
    <AwardEffectiveDate>08/15/1996</AwardEffectiveDate>
    <AwardExpirationDate>07/31/1999</AwardExpirationDate>
    <AwardAmount>88931</AwardAmount>
    <AwardInstrument>
      <Value>Standard Grant</Value>
    </AwardInstrument>
    <Organization>
      <Code>04040500</Code>
      <Directorate>
        <LongName>Direct For Social, Behav &amp; Economic Scie</LongName>
      </Directorate>
      <Division>
        <LongName>Division Of Behavioral and Cognitive Sci</LongName>
      </Division>
    </Organization>
    <ProgramOfficer>
      <SignBlockName>Steven Breckler</SignBlockName>
    </ProgramOfficer>
    <AbstractNarration>The goal of the proposed research is to increase understanding of the social psychological underpinnings of language production and comprehension. A major focus of this research will be on conversational indirectness. People frequently convey their meaning indirectly, and the phenomenon has important implications for both cognitive psychology and social psychology. Most previous research on indirectness has examined requests, a relatively unique type of remark. The present proposal will extend this research by examining the production and comprehension of utterances that function as replies. Several experiments will be conducted to examine six general issues. First, how can speakers respond indirectly to questions and requests? Second, how are indirect replies interpreted, and what role does the interpersonal context play in this process? Third, does the comprehension of indirect replies involve an inference process, or are these remarks recognized in a relatively automatic fashion? Fourth, what is the role played by paralinguistic cues such as response hesitation in the comprehension of indirect replies? Fifth, do hearers make any other inferences as a function of a speaker's remarks, and if so how do they do so? Sixth, do people differ in terms of how they comprehend the meaning of others' remarks? The research will shed new light on interpersonal relationships, and the unique role of language in how people understand and interact with one another.</AbstractNarration>
    <MinAmdLetterDate>08/13/1996</MinAmdLetterDate>
    <MaxAmdLetterDate>07/16/1999</MaxAmdLetterDate>
    <ARRAAmount/>
    <AwardID>9601311</AwardID>
    <Investigator>
      <FirstName>Thomas</FirstName>
      <LastName>Holtgraves</LastName>
      <EmailAddress>00t0holtgrav@bsu.edu</EmailAddress>
      <StartDate>08/13/1996</StartDate>
      <EndDate/>
      <RoleCode>Principal Investigator</RoleCode>
    </Investigator>
    <Institution>
      <Name>Ball State University</Name>
      <CityName>Muncie</CityName>
      <ZipCode>473061022</ZipCode>
      <PhoneNumber>7652851600</PhoneNumber>
      <StreetAddress>2000 University Ave</StreetAddress>
      <CountryName>United States</CountryName>
      <StateName>Indiana</StateName>
      <StateCode>IN</StateCode>
    </Institution>
    <FoaInformation>
      <Code>0116000</Code>
      <Name>Human Subjects</Name>
    </FoaInformation>
    <FoaInformation>
      <Code>72</Code>
      <Name>Psychology Social Aspects</Name>
    </FoaInformation>
    <ProgramElement>
      <Code>1332</Code>
      <Text>SOCIAL PSYCHOLOGY</Text>
    </ProgramElement>
    <ProgramReference>
      <Code>0000</Code>
      <Text>UNASSIGNED</Text>
    </ProgramReference>
    <ProgramReference>
      <Code>9229</Code>
      <Text>RES IN UNDERGRAD INST-RESEARCH</Text>
    </ProgramReference>
    <ProgramReference>
      <Code>OTHR</Code>
      <Text>OTHER RESEARCH OR EDUCATION</Text>
    </ProgramReference>
  </Award>
</rootTag>
