<?xml version="1.0" encoding="UTF-8"?>

<rootTag>
  <Award>
    <AwardTitle>The Magnetic and Carbon Isotope Record of Climate as Derivedfrom Loess Deposits of the Central Great Plains</AwardTitle>
    <AwardEffectiveDate>08/01/1996</AwardEffectiveDate>
    <AwardExpirationDate>07/31/1999</AwardExpirationDate>
    <AwardAmount>131027</AwardAmount>
    <AwardInstrument>
      <Value>Standard Grant</Value>
    </AwardInstrument>
    <Organization>
      <Code>04040400</Code>
      <Directorate>
        <LongName>Direct For Social, Behav &amp; Economic Scie</LongName>
      </Directorate>
      <Division>
        <LongName>Division Of Behavioral and Cognitive Sci</LongName>
      </Division>
    </Organization>
    <ProgramOfficer>
      <SignBlockName>Thomas J. Baerwald</SignBlockName>
    </ProgramOfficer>
    <AbstractNarration>SBR-96001170 This award supports a detailed study to evaluate the climatic signal contained within the magnetic data from loess deposits of the central Great Plains, and to use these data in conjunction with nonmagnetic data to establish, to the extent possible, a quantitative link with climate. There are four specific objectives: to assess the mechanisms by which the loessal sediments attain the climatic signal in their magnetic record; to demonstrate how magnetic parameters and delta-13 C (a nonmagnetic, climate-sensitive parameter) vary stratigraphically and regionally; to extract temporal and regional climatic information; and to develop a time-stratigraphic framework for comparing the regional and global climate records. Temporally, the study includes three paleosols and modern soils, covering the Last Interglacial, Last Glacial Maximum of the Wisconsinian, and the Holocene climatic episodes. Spatially, the study includes sites located along two transects: the north-south transect yields a temperature gradient and the east-west transect yields a moisture gradient. Sites at the four end points of the transects will be studied intensively, with close-interval measurements of all parameters. Then, less-intensive data collection along the transects will serve to monitor change along them. Loess deposits are proving to be one of the best sources of detailed Quaternary climatic records on the continents. This project should improve the regional record of climate history and should provide theoretical, methodological, and technical improvements in loess studies in other settings.</AbstractNarration>
    <MinAmdLetterDate>08/22/1996</MinAmdLetterDate>
    <MaxAmdLetterDate>04/13/1999</MaxAmdLetterDate>
    <ARRAAmount/>
    <AwardID>9601170</AwardID>
    <Investigator>
      <FirstName>William</FirstName>
      <LastName>Johnson</LastName>
      <EmailAddress>wcj@ku.edu</EmailAddress>
      <StartDate>08/22/1996</StartDate>
      <EndDate/>
      <RoleCode>Principal Investigator</RoleCode>
    </Investigator>
    <Investigator>
      <FirstName>Mark</FirstName>
      <LastName>Farr</LastName>
      <EmailAddress/>
      <StartDate>08/22/1996</StartDate>
      <EndDate/>
      <RoleCode>Co-Principal Investigator</RoleCode>
    </Investigator>
    <Institution>
      <Name>University of Kansas Main Campus</Name>
      <CityName>Lawrence</CityName>
      <ZipCode>660457563</ZipCode>
      <PhoneNumber>7858643441</PhoneNumber>
      <StreetAddress>2385 Irving Hill Road</StreetAddress>
      <CountryName>United States</CountryName>
      <StateName>Kansas</StateName>
      <StateCode>KS</StateCode>
    </Institution>
    <FoaInformation>
      <Code>0313000</Code>
      <Name>Regional &amp; Environmental</Name>
    </FoaInformation>
    <FoaInformation>
      <Code>88</Code>
      <Name>Geography</Name>
    </FoaInformation>
  </Award>
</rootTag>
