<?xml version="1.0" encoding="UTF-8"?>

<rootTag>
  <Award>
    <AwardTitle>Doctoral Dissertation Research: Analytical Perspectives of Stakeholders in Air Quality &amp; Transportation Planning</AwardTitle>
    <AwardEffectiveDate>12/01/1996</AwardEffectiveDate>
    <AwardExpirationDate>11/30/1997</AwardExpirationDate>
    <AwardAmount>4960</AwardAmount>
    <AwardInstrument>
      <Value>Standard Grant</Value>
    </AwardInstrument>
    <Organization>
      <Code>04050100</Code>
      <Directorate>
        <LongName>Direct For Social, Behav &amp; Economic Scie</LongName>
      </Directorate>
      <Division>
        <LongName>Divn Of Social and Economic Sciences</LongName>
      </Division>
    </Organization>
    <ProgramOfficer>
      <SignBlockName>Jonathan W. Leland</SignBlockName>
    </ProgramOfficer>
    <AbstractNarration>Doctoral Dissertation Research: Analytical Perspectives of Stakeholders in Air Quality and Transportation Planning Different individuals or groups of individuals confronted with a variety of environmental policy options may disagree over the most desirably one because the options impact them differently or because the individuals or groups evaluate the options using different mental models of the physical and social systems affected by the policies. In this doctoral dissertation proposal, the researcher plans to compare the perspectives of different stakeholders involved with the issue of controlling motor vehicle related pollution in an attempt to ascertain how much of the different in opinion among stakeholders is a consequence of differences in their mental models of the situation.</AbstractNarration>
    <MinAmdLetterDate>11/26/1996</MinAmdLetterDate>
    <MaxAmdLetterDate>11/26/1996</MaxAmdLetterDate>
    <ARRAAmount/>
    <AwardID>9601221</AwardID>
    <Investigator>
      <FirstName>Harvey</FirstName>
      <LastName>Jeffries</LastName>
      <EmailAddress>harvey@unc.edu</EmailAddress>
      <StartDate>11/26/1996</StartDate>
      <EndDate/>
      <RoleCode>Principal Investigator</RoleCode>
    </Investigator>
    <Institution>
      <Name>University of North Carolina at Chapel Hill</Name>
      <CityName>CHAPEL HILL</CityName>
      <ZipCode>275991350</ZipCode>
      <PhoneNumber>9199663411</PhoneNumber>
      <StreetAddress>104 AIRPORT DR STE 2200</StreetAddress>
      <CountryName>United States</CountryName>
      <StateName>North Carolina</StateName>
      <StateCode>NC</StateCode>
    </Institution>
    <FoaInformation>
      <Code>0303000</Code>
      <Name>Conflict Resolution</Name>
    </FoaInformation>
  </Award>
</rootTag>
