<?xml version="1.0" encoding="UTF-8"?>

<rootTag>
  <Award>
    <AwardTitle>U.S.-Hungary Research on Density Functional Theory</AwardTitle>
    <AwardEffectiveDate>08/01/1996</AwardEffectiveDate>
    <AwardExpirationDate>01/31/2002</AwardExpirationDate>
    <AwardAmount>10100</AwardAmount>
    <AwardInstrument>
      <Value>Standard Grant</Value>
    </AwardInstrument>
    <Organization>
      <Code>01090000</Code>
      <Directorate>
        <LongName>Office Of The Director</LongName>
      </Directorate>
      <Division>
        <LongName>Office Of Internatl Science &amp;Engineering</LongName>
      </Division>
    </Organization>
    <ProgramOfficer>
      <SignBlockName>Bonnie Thompson</SignBlockName>
    </ProgramOfficer>
    <AbstractNarration>INT 9601389 Parr This U.S.-Hungary project between Dr. Robert Parr of the University of North Carolina, Chapel Hill, and Dr. Agnes Nagy of Lajos Kossuth University, Debrecen, will address density functional theory. The researchers intend to extend current understanding of kinetic, exchange, and correlation density functionals as well as explore the use, within the theory, of the concept of local temperature. To do so, the researchers will focus their collaborative work on defining the following: 1) new exact relations for electron density and energy density functionals that provide criteria to be fulfilled by approximate methods; 2) methods to determine exchange, correlation and Pauli potentials in electron density; 3) extensions of density functional theory to excited states; and 4) thermodynamic interpretations of the theory. Results are expected to be useful in basic research related to molecular electronic structure. This project in theoretical and computational chemistry fulfills the program objective of advancing scientific knowledge by enabling leading experts in the United States and Eastern Europe to combine complementary talents and pool research resources in areas of mutual interest and competence. ??</AbstractNarration>
    <MinAmdLetterDate>07/11/1996</MinAmdLetterDate>
    <MaxAmdLetterDate>03/15/2001</MaxAmdLetterDate>
    <ARRAAmount/>
    <AwardID>9601389</AwardID>
    <Investigator>
      <FirstName>Robert</FirstName>
      <LastName>Parr</LastName>
      <EmailAddress/>
      <StartDate>07/11/1996</StartDate>
      <EndDate/>
      <RoleCode>Principal Investigator</RoleCode>
    </Investigator>
    <Institution>
      <Name>University of North Carolina at Chapel Hill</Name>
      <CityName>CHAPEL HILL</CityName>
      <ZipCode>275991350</ZipCode>
      <PhoneNumber>9199663411</PhoneNumber>
      <StreetAddress>104 AIRPORT DR STE 2200</StreetAddress>
      <CountryName>United States</CountryName>
      <StateName>North Carolina</StateName>
      <StateCode>NC</StateCode>
    </Institution>
    <FoaInformation>
      <Code>0510303</Code>
      <Name>Kinetics</Name>
    </FoaInformation>
    <FoaInformation>
      <Code>13</Code>
      <Name>Physics</Name>
    </FoaInformation>
    <FoaInformation>
      <Code>20</Code>
      <Name>Mathematics</Name>
    </FoaInformation>
    <FoaInformation>
      <Code>12</Code>
      <Name>Chemistry</Name>
    </FoaInformation>
  </Award>
</rootTag>
