<?xml version="1.0" encoding="UTF-8"?>

<rootTag>
  <Award>
    <AwardTitle>Dissertation Research: An Application of 3D-CT Reconstruction Techniques and Finite Element Scaling to Fetal Cranio-facial Growth in Pigtailed Macaques</AwardTitle>
    <AwardEffectiveDate>09/15/1996</AwardEffectiveDate>
    <AwardExpirationDate>08/31/1997</AwardExpirationDate>
    <AwardAmount>12000</AwardAmount>
    <AwardInstrument>
      <Value>Standard Grant</Value>
    </AwardInstrument>
    <Organization>
      <Code>04040400</Code>
      <Directorate>
        <LongName>Direct For Social, Behav &amp; Economic Scie</LongName>
      </Directorate>
      <Division>
        <LongName>Division Of Behavioral and Cognitive Sci</LongName>
      </Division>
    </Organization>
    <ProgramOfficer>
      <SignBlockName>Dennis H. O'Rourke</SignBlockName>
    </ProgramOfficer>
    <AbstractNarration>Physical anthropologists study the growth and development of our primate relatives because they offer insights into the evolution of our species. There have been many studies which investigate postnatal craniofacial growth of the pigtailed macaque. However, there is a paucity of data that describes the growth and development of the fetal craniofacial complex in this species. The purpose of this research is to construct a three dimensional model of the fetal craniofacial complex in the pigtailed macaque and describe its growth in three dimensions. Landmark data will be collected from three dimensional reconstructed computed tomographic images. Finite Element Scaling Analysis will be used to generate a three dimensional model and to describe the patterns of size and shape changes in the craniofacial complex through time. This research will provide the first three dimensional model of the fetal craniofacial complex in this species. Furthermore, it will provide baseline data for the discussion of evolutionary size and shape transformations during the fetal period throughout primates. Finally, a non-destructive method of data acquisition (3D-CT reconstructions) is introduced that can be used to study rare museum specimens.</AbstractNarration>
    <MinAmdLetterDate>09/11/1996</MinAmdLetterDate>
    <MaxAmdLetterDate>09/11/1996</MaxAmdLetterDate>
    <ARRAAmount/>
    <AwardID>9601027</AwardID>
    <Investigator>
      <FirstName>Joyce</FirstName>
      <LastName>Sirianni</LastName>
      <EmailAddress>jsiriann@buffalo.edu</EmailAddress>
      <StartDate>09/11/1996</StartDate>
      <EndDate/>
      <RoleCode>Principal Investigator</RoleCode>
    </Investigator>
    <Institution>
      <Name>SUNY at Buffalo</Name>
      <CityName>Amherst</CityName>
      <ZipCode>142282567</ZipCode>
      <PhoneNumber>7166452634</PhoneNumber>
      <StreetAddress>520 Lee Entrance</StreetAddress>
      <CountryName>United States</CountryName>
      <StateName>New York</StateName>
      <StateCode>NY</StateCode>
    </Institution>
    <FoaInformation>
      <Code>0000099</Code>
      <Name>Other Applications NEC</Name>
    </FoaInformation>
    <FoaInformation>
      <Code>81</Code>
      <Name>Anthropology</Name>
    </FoaInformation>
    <ProgramElement>
      <Code>1392</Code>
      <Text>Biological Anthropology</Text>
    </ProgramElement>
    <ProgramReference>
      <Code>9179</Code>
      <Text>GRADUATE INVOLVEMENT</Text>
    </ProgramReference>
    <ProgramReference>
      <Code>SMET</Code>
      <Text>SCIENCE, MATH, ENG &amp; TECH EDUCATION</Text>
    </ProgramReference>
  </Award>
</rootTag>
