<?xml version="1.0" encoding="UTF-8"?>

<rootTag>
  <Award>
    <AwardTitle>U.S.-Uruguay Cooperative Research: Comparative Studies in Two Boundary Layer Wind Tunnels</AwardTitle>
    <AwardEffectiveDate>08/01/1996</AwardEffectiveDate>
    <AwardExpirationDate>12/31/1998</AwardExpirationDate>
    <AwardAmount>18018</AwardAmount>
    <AwardInstrument>
      <Value>Standard Grant</Value>
    </AwardInstrument>
    <Organization>
      <Code>01090000</Code>
      <Directorate>
        <LongName>Office Of The Director</LongName>
      </Directorate>
      <Division>
        <LongName>Office Of Internatl Science &amp;Engineering</LongName>
      </Division>
    </Organization>
    <ProgramOfficer>
      <SignBlockName>Francis J. Wodarczyk</SignBlockName>
    </ProgramOfficer>
    <AbstractNarration>9601420 Farell This Americas Program award will support a collaborative research project between Dr. Cesar Farell, University of Minnesota, and Dr. Rafael Guarga, Instituto de Mecanica de los Fluidos e Ingenieria Ambiental, Universidad de la Republica, Montevideo, Uruguay (IMFIA). The objective is to carry out comparative studies of the performance of two boundary layer wind tunnels, one in Montevideo, under the direction of IMFIA and the other at the St. Anthony Falls Laboratory (SAFL), Minnesota. The proposed program will provide prototype performance data for several of the tunnel components. Simulations of atmospheric boundary layers in both tunnels would be compared, with attention to the effects of turbulence and its scales on the mean and fluctuating pressures on building models. Considerable advances have been made in ongoing research to investigate critical issues in the modeling of atmospheric boundary layers, but there are many aspects of the techniques that still require investigation. Results of this research, which complements earlier NSF funded work related to the design and evaluation of the SAFL tunnel, would make a contribution toward a better understanding of the flow dynamics and the identification of essential modeling requirements. The benefit to the U.S. research effort will be in added manpower, and broadened scope of work to include different component geometries and scales, and the opportunity to advance the international exchange of scientific knowledge. ***</AbstractNarration>
    <MinAmdLetterDate>07/19/1996</MinAmdLetterDate>
    <MaxAmdLetterDate>07/19/1996</MaxAmdLetterDate>
    <ARRAAmount/>
    <AwardID>9601420</AwardID>
    <Investigator>
      <FirstName>Cesar</FirstName>
      <LastName>Farell</LastName>
      <EmailAddress>fare1001@tc.umn.edu</EmailAddress>
      <StartDate>07/19/1996</StartDate>
      <EndDate/>
      <RoleCode>Principal Investigator</RoleCode>
    </Investigator>
    <Institution>
      <Name>University of Minnesota-Twin Cities</Name>
      <CityName>Minneapolis</CityName>
      <ZipCode>554552070</ZipCode>
      <PhoneNumber>6126245599</PhoneNumber>
      <StreetAddress>200 OAK ST SE</StreetAddress>
      <CountryName>United States</CountryName>
      <StateName>Minnesota</StateName>
      <StateCode>MN</StateCode>
    </Institution>
    <FoaInformation>
      <Code>54</Code>
      <Name>Engineering-Civil</Name>
    </FoaInformation>
    <FoaInformation>
      <Code>0304000</Code>
      <Name>Disaster &amp; Natural Hazard</Name>
    </FoaInformation>
  </Award>
</rootTag>
