<?xml version="1.0" encoding="UTF-8"?>

<rootTag>
  <Award>
    <AwardTitle>Physiological and Molecular Studies of Phototropism in Arabidopsis thaliana</AwardTitle>
    <AwardEffectiveDate>07/01/1996</AwardEffectiveDate>
    <AwardExpirationDate>06/30/2001</AwardExpirationDate>
    <AwardAmount>690000</AwardAmount>
    <AwardInstrument>
      <Value>Continuing grant</Value>
    </AwardInstrument>
    <Organization>
      <Code>08090300</Code>
      <Directorate>
        <LongName>Direct For Biological Sciences</LongName>
      </Directorate>
      <Division>
        <LongName>Division Of Integrative Organismal Sys</LongName>
      </Division>
    </Organization>
    <ProgramOfficer>
      <SignBlockName>Sharman D. O'Neill</SignBlockName>
    </ProgramOfficer>
    <AbstractNarration>9601164 Briggs As sessile organisms, plants have evolved the capacity to respond to a wide range of environmental signals, one of the most important of which is light. Indeed, virtually every phase of a plant's development is regulated by its light environment. These collective responses are encompassed by the term photomorphogenesis. Since Koornneef et al. first described the hy (long hypocotyl) mutants of Arabidopsis, mutants have been central to photomorphogenesis research. The present award to study signal transduction in a blue light-activated system, phototropism, also relies heavily on the use of mutants. Dr. Brigg's laboratory has recently isolated a number of severe phototropism mutants in Arabidopsis thaliana designated nph for non-phototropic hypocotyl. They fall into four complementation groups, nph1-4. All five alleles of the first group, nph1, are deficient in or lack the phosphoprotein but show normal gravitropism, and it is the NPH1 gene that is focal point for this proposal. The working hypothesis is that NPH1 is the gene that encodes the phosphoprotein. As the weakest allele(nph1-2) shows altered spectral sensitivity for phototropism, NPH1 may itself be the photoreceptor. This research will contribute to extending our knowledge about the many ways in which light plays a role in plant growth and development.</AbstractNarration>
    <MinAmdLetterDate>06/05/1996</MinAmdLetterDate>
    <MaxAmdLetterDate>05/09/2000</MaxAmdLetterDate>
    <ARRAAmount/>
    <AwardID>9601164</AwardID>
    <Investigator>
      <FirstName>Winslow</FirstName>
      <LastName>Briggs</LastName>
      <EmailAddress>briggs@stanford.edu</EmailAddress>
      <StartDate>06/05/1996</StartDate>
      <EndDate/>
      <RoleCode>Principal Investigator</RoleCode>
    </Investigator>
    <Institution>
      <Name>Carnegie Institution of Washington</Name>
      <CityName>WASHINGTON</CityName>
      <ZipCode>200051910</ZipCode>
      <PhoneNumber>2023876400</PhoneNumber>
      <StreetAddress>1530 P ST NW</StreetAddress>
      <CountryName>United States</CountryName>
      <StateName>District of Columbia</StateName>
      <StateCode>DC</StateCode>
    </Institution>
    <FoaInformation>
      <Code>65</Code>
      <Name>Agricultural</Name>
    </FoaInformation>
  </Award>
</rootTag>
