<?xml version="1.0" encoding="UTF-8"?>

<rootTag>
  <Award>
    <AwardTitle>Social Conflict about Risk &amp; Variability in Framing Decision Problems</AwardTitle>
    <AwardEffectiveDate>09/01/1996</AwardEffectiveDate>
    <AwardExpirationDate>08/31/2000</AwardExpirationDate>
    <AwardAmount>301221</AwardAmount>
    <AwardInstrument>
      <Value>Standard Grant</Value>
    </AwardInstrument>
    <Organization>
      <Code>04050100</Code>
      <Directorate>
        <LongName>Direct For Social, Behav &amp; Economic Scie</LongName>
      </Directorate>
      <Division>
        <LongName>Divn Of Social and Economic Sciences</LongName>
      </Division>
    </Organization>
    <ProgramOfficer>
      <SignBlockName>Sandra L. Schneider</SignBlockName>
    </ProgramOfficer>
    <AbstractNarration>Disputes about environmental risks often reflect fundamental disagreements about the definition and scope of the policy problem. Identifying how individuals frame or conceptually define complex issues about environmental risk may be a prerequisite for understanding the basis of many societal conflicts, and individual differences in responding. The framework imposed upon information affects the boundaries of discourse during a dispute, and frames-of reference influence what values are salient for a given issue. This set of `operating` values focuses individuals on specific aspects of the problem while guiding policy choices. How conceptual frames organize information and experiences regarding environmental risks, affect judgments and vary with the sociocultural context of exposure are the guiding questions of this research. The project consists of two studies examining in detail the process and consequences of decision framing. Study #1 explores and measures in several lay populations the different conceptual frames that may be evoked to structure environmental risk problems, with a systematic look at the content of and variability in decision frames across different ethnic and socioeconomic groups. The project then considers how alternative framings of environmental risk issues, including an equity or justice perspective, may affect the subjective value of decision options, and whether effects are stable across different communities. The goal of an additional pilot study is to complete preliminary work for the construction of a scale measuring decision frames in diverse populations. These studies target a variety of individuals for participation, including residents of lower-income urban communities. Objectives are explored through multiple methods including experimental, interview and multidimensional scaling procedures, and provide information about the validity and reliability of certain scientific procedures across diverse samples. From a policy perspective, results may have implications for the resolution of conflict about technology or environmental hazards, and the process of communicating about risk situations across a wide range of communities.</AbstractNarration>
    <MinAmdLetterDate>08/21/1996</MinAmdLetterDate>
    <MaxAmdLetterDate>03/14/1997</MaxAmdLetterDate>
    <ARRAAmount/>
    <AwardID>9601415</AwardID>
    <Investigator>
      <FirstName>Elaine</FirstName>
      <LastName>Vaughan</LastName>
      <EmailAddress>evaughan@uci.edu</EmailAddress>
      <StartDate>08/21/1996</StartDate>
      <EndDate/>
      <RoleCode>Principal Investigator</RoleCode>
    </Investigator>
    <Institution>
      <Name>University of California-Irvine</Name>
      <CityName>Irvine</CityName>
      <ZipCode>926173213</ZipCode>
      <PhoneNumber>9498247295</PhoneNumber>
      <StreetAddress>141 Innovation Drive, Ste 250</StreetAddress>
      <CountryName>United States</CountryName>
      <StateName>California</StateName>
      <StateCode>CA</StateCode>
    </Institution>
    <FoaInformation>
      <Code>0116000</Code>
      <Name>Human Subjects</Name>
    </FoaInformation>
    <FoaInformation>
      <Code>0510201</Code>
      <Name>Domestic Economic Modeling</Name>
    </FoaInformation>
    <FoaInformation>
      <Code>72</Code>
      <Name>Psychology Social Aspects</Name>
    </FoaInformation>
    <FoaInformation>
      <Code>0000099</Code>
      <Name>Other Applications NEC</Name>
    </FoaInformation>
    <ProgramElement>
      <Code>1321</Code>
      <Text>DECISION RISK &amp; MANAGEMENT SCI</Text>
    </ProgramElement>
    <ProgramReference>
      <Code>1094</Code>
      <Text>POLICY SCIENCES</Text>
    </ProgramReference>
    <ProgramReference>
      <Code>9178</Code>
      <Text>UNDERGRADUATE EDUCATION</Text>
    </ProgramReference>
    <ProgramReference>
      <Code>9251</Code>
      <Text>RES EXPER FOR UNDERGRAD-SUPPLT</Text>
    </ProgramReference>
    <ProgramReference>
      <Code>9278</Code>
      <Text>HUMAN DIMENSIONS OF GLOBAL CHANGE</Text>
    </ProgramReference>
    <ProgramReference>
      <Code>EGCH</Code>
      <Text>ENVIRONMENT AND GLOBAL CHANGE</Text>
    </ProgramReference>
    <ProgramReference>
      <Code>SMET</Code>
      <Text>SCIENCE, MATH, ENG &amp; TECH EDUCATION</Text>
    </ProgramReference>
  </Award>
</rootTag>
