<?xml version="1.0" encoding="UTF-8"?>

<rootTag>
  <Award>
    <AwardTitle>Women and Science: The Clash of Cultures</AwardTitle>
    <AwardEffectiveDate>08/15/1996</AwardEffectiveDate>
    <AwardExpirationDate>10/31/1997</AwardExpirationDate>
    <AwardAmount>30000</AwardAmount>
    <AwardInstrument>
      <Value>Standard Grant</Value>
    </AwardInstrument>
    <Organization>
      <Code>04050300</Code>
      <Directorate>
        <LongName>Direct For Social, Behav &amp; Economic Scie</LongName>
      </Directorate>
      <Division>
        <LongName>Divn Of Social and Economic Sciences</LongName>
      </Division>
    </Organization>
    <ProgramOfficer>
      <SignBlockName>Edward J. Hackett</SignBlockName>
    </ProgramOfficer>
    <AbstractNarration>Efforts to increase the number of women in science have met unexpected difficulties, despite great efforts and good intentions. Why this failure? A varied array of literatures has offered tentative answers to this question, but conceptual and institutional rifts between approaches have made it difficult to assemble ideas and findings into a consistent explanation. For example, historical studies have examined the lives of women scientists within the contexts of institutions that have held them at arm's length; sociological studies have uncovered women's limited access to the means of scientific production; research in the life sciences has shown how science has studied women; feminist theories of science have examined how gender shapes science and science education; and natural scientists themselves have shown how gender analysis has yielded new research insights. To date these rich and suggestive fields of study have not been drawn together into dialog with one another. The central purpose of this project is to develop such a dialog, within the framework of a book, and to illustrate how foundational questions from the areas of study interact with one another.</AbstractNarration>
    <MinAmdLetterDate>08/16/1996</MinAmdLetterDate>
    <MaxAmdLetterDate>08/16/1996</MaxAmdLetterDate>
    <ARRAAmount/>
    <AwardID>9601348</AwardID>
    <Investigator>
      <FirstName>Londa</FirstName>
      <LastName>Schiebinger</LastName>
      <EmailAddress>schiebinger@stanford.edu</EmailAddress>
      <StartDate>08/16/1996</StartDate>
      <EndDate/>
      <RoleCode>Principal Investigator</RoleCode>
    </Investigator>
    <Institution>
      <Name>Pennsylvania State Univ University Park</Name>
      <CityName>UNIVERSITY PARK</CityName>
      <ZipCode>168027000</ZipCode>
      <PhoneNumber>8148651372</PhoneNumber>
      <StreetAddress>110 Technology Center Building</StreetAddress>
      <CountryName>United States</CountryName>
      <StateName>Pennsylvania</StateName>
      <StateCode>PA</StateCode>
    </Institution>
    <FoaInformation>
      <Code>83</Code>
      <Name>History</Name>
    </FoaInformation>
  </Award>
</rootTag>
