<?xml version="1.0" encoding="UTF-8"?>

<rootTag>
  <Award>
    <AwardTitle>A Proposal for Construction of a Decay Channel for the NuTeV at Fermilab</AwardTitle>
    <AwardEffectiveDate>08/15/1996</AwardEffectiveDate>
    <AwardExpirationDate>07/31/1997</AwardExpirationDate>
    <AwardAmount>49860</AwardAmount>
    <AwardInstrument>
      <Value>Standard Grant</Value>
    </AwardInstrument>
    <Organization>
      <Code>03010200</Code>
      <Directorate>
        <LongName>Direct For Mathematical &amp; Physical Scien</LongName>
      </Directorate>
      <Division>
        <LongName>Division Of Physics</LongName>
      </Division>
    </Organization>
    <ProgramOfficer>
      <SignBlockName>MARVIN GOLDBERG</SignBlockName>
    </ProgramOfficer>
    <AbstractNarration>9601125 Conrad This Career Advancement Award proposal would add a decay channel to the existing NuTeV detector at Fermilab, which would make the upgraded detector sensitive to the decays of postulated neutral heavy leptons. Support is requested for equipment only. ***</AbstractNarration>
    <MinAmdLetterDate>07/18/1996</MinAmdLetterDate>
    <MaxAmdLetterDate>07/18/1996</MaxAmdLetterDate>
    <ARRAAmount/>
    <AwardID>9601125</AwardID>
    <Investigator>
      <FirstName>Janet</FirstName>
      <LastName>Conrad</LastName>
      <EmailAddress>conrad@mit.edu</EmailAddress>
      <StartDate>07/18/1996</StartDate>
      <EndDate/>
      <RoleCode>Principal Investigator</RoleCode>
    </Investigator>
    <Institution>
      <Name>Columbia University</Name>
      <CityName>NEW YORK</CityName>
      <ZipCode>100276902</ZipCode>
      <PhoneNumber>2128546851</PhoneNumber>
      <StreetAddress>2960 Broadway</StreetAddress>
      <CountryName>United States</CountryName>
      <StateName>New York</StateName>
      <StateCode>NY</StateCode>
    </Institution>
    <FoaInformation>
      <Code>0000099</Code>
      <Name>Other Applications NEC</Name>
    </FoaInformation>
  </Award>
</rootTag>
