<?xml version="1.0" encoding="UTF-8"?>

<rootTag>
  <Award>
    <AwardTitle>Collaborative Research: Modeling Speed-Accuracy Tradeoffs of Aimed Movements</AwardTitle>
    <AwardEffectiveDate>09/01/1996</AwardEffectiveDate>
    <AwardExpirationDate>08/31/1999</AwardExpirationDate>
    <AwardAmount>127925</AwardAmount>
    <AwardInstrument>
      <Value>Standard Grant</Value>
    </AwardInstrument>
    <Organization>
      <Code>04040500</Code>
      <Directorate>
        <LongName>Direct For Social, Behav &amp; Economic Scie</LongName>
      </Directorate>
      <Division>
        <LongName>Division Of Behavioral and Cognitive Sci</LongName>
      </Division>
    </Organization>
    <ProgramOfficer>
      <SignBlockName>Rodney R. Cocking</SignBlockName>
    </ProgramOfficer>
    <AbstractNarration>WRIGHT 9601140 Aimed movements are a ubiquitous part of everyday life. Of particular importance is their central role in situations involving the transfer of information between people and machines (e.g., mouse movements by computer users, control stick movements by pilots and heavy machine operators, etc.). A fundamental constraint on the control of aimed movements is described by speed-accuracy tradeoffs (SATs), i.e., faster movements are less accurate. Using the stochastic optimized-submovement model (SOSM) proposed by David Meyer and his associates as a starting point, this research will investigate the control of aimed movements in four areas: (a) the generality of SATs for multi-joint movements, (b) transfer of practice effects across the SATs, (c) the existence of corrective submovements during aimed movement, and (d) what is learned as SATs improve. The SOSM provides only one of several theoretical frameworks within which the results of this research can be interpreted. The research is, therefore, intended to (a) probe the empirical limits of these existing theories, (b) resolve fundamental disputes among these theories concerning the nature of the control of aimed movements, and (c) gather the database required either to elaborate one of the existing models or to propose a new theoretical framework, depending upon the nature of the results. Through a better understanding of aimed movements, this research should provide insights into how to structure control tasks. In addition, because the research includes both studies of how individuals differ in the nature and their use of submovements and studies of how performance improves when individuals practice aimed movements, it will shed light on issues such as personnel selection and how to organize training for jobs involving person- machine interaction through aimed movements. ***</AbstractNarration>
    <MinAmdLetterDate>08/16/1996</MinAmdLetterDate>
    <MaxAmdLetterDate>08/16/1996</MaxAmdLetterDate>
    <ARRAAmount/>
    <AwardID>9601140</AwardID>
    <Investigator>
      <FirstName>Charles</FirstName>
      <LastName>Wright</LastName>
      <EmailAddress>cewright@uci.edu</EmailAddress>
      <StartDate>08/16/1996</StartDate>
      <EndDate/>
      <RoleCode>Principal Investigator</RoleCode>
    </Investigator>
    <Institution>
      <Name>University of California-Irvine</Name>
      <CityName>Irvine</CityName>
      <ZipCode>926173213</ZipCode>
      <PhoneNumber>9498247295</PhoneNumber>
      <StreetAddress>141 Innovation Drive, Ste 250</StreetAddress>
      <CountryName>United States</CountryName>
      <StateName>California</StateName>
      <StateCode>CA</StateCode>
    </Institution>
    <FoaInformation>
      <Code>0116000</Code>
      <Name>Human Subjects</Name>
    </FoaInformation>
    <FoaInformation>
      <Code>70</Code>
      <Name>Psychology</Name>
    </FoaInformation>
    <ProgramElement>
      <Code>1180</Code>
      <Text>HUMAN COGNITION &amp; PERCEPTION</Text>
    </ProgramElement>
    <ProgramReference>
      <Code>0000</Code>
      <Text>UNASSIGNED</Text>
    </ProgramReference>
    <ProgramReference>
      <Code>OTHR</Code>
      <Text>OTHER RESEARCH OR EDUCATION</Text>
    </ProgramReference>
  </Award>
</rootTag>
