<?xml version="1.0" encoding="UTF-8"?>

<rootTag>
  <Award>
    <AwardTitle>Toward a History of Igneous Geology: The Intellectual Foundations of Bowen's Theory of Fractional Crystallization</AwardTitle>
    <AwardEffectiveDate>06/01/1997</AwardEffectiveDate>
    <AwardExpirationDate>05/31/1998</AwardExpirationDate>
    <AwardAmount>58649</AwardAmount>
    <AwardInstrument>
      <Value>Standard Grant</Value>
    </AwardInstrument>
    <Organization>
      <Code>04050300</Code>
      <Directorate>
        <LongName>Direct For Social, Behav &amp; Economic Scie</LongName>
      </Directorate>
      <Division>
        <LongName>Divn Of Social and Economic Sciences</LongName>
      </Division>
    </Organization>
    <ProgramOfficer>
      <SignBlockName>Michael M. Sokal</SignBlockName>
    </ProgramOfficer>
    <AbstractNarration>The history of geology is little developed, and within that history knowledge about igneous geology is especially scant. As part of a comprehensive survey of the history of igneous geography, this project will examine Norman L. Bowen's theory of fractional crystallization. Of particular concern in this case is how Bowen constructed his theory from the ruins of older ideas, using such diverse materials as field geology, petrography, solution theory, and experimental petrology. To accomplish this a variety of materials will be examined, including primary geologic literature on petrogenetic theory, field geology, physical chemistry, and petrography; secondary literature on the same topics; and biographical material.</AbstractNarration>
    <MinAmdLetterDate>08/12/1996</MinAmdLetterDate>
    <MaxAmdLetterDate>08/12/1996</MaxAmdLetterDate>
    <ARRAAmount/>
    <AwardID>9601203</AwardID>
    <Investigator>
      <FirstName>Davis</FirstName>
      <LastName>Young</LastName>
      <EmailAddress/>
      <StartDate>08/12/1996</StartDate>
      <EndDate/>
      <RoleCode>Principal Investigator</RoleCode>
    </Investigator>
    <Institution>
      <Name>Calvin College</Name>
      <CityName>GRAND RAPIDS</CityName>
      <ZipCode>495464301</ZipCode>
      <PhoneNumber>6165266000</PhoneNumber>
      <StreetAddress>3201 BURTON ST SE</StreetAddress>
      <CountryName>United States</CountryName>
      <StateName>Michigan</StateName>
      <StateCode>MI</StateCode>
    </Institution>
    <FoaInformation>
      <Code>0000099</Code>
      <Name>Other Applications NEC</Name>
    </FoaInformation>
    <FoaInformation>
      <Code>83</Code>
      <Name>History</Name>
    </FoaInformation>
  </Award>
</rootTag>
