<?xml version="1.0" encoding="UTF-8"?>

<rootTag>
  <Award>
    <AwardTitle>Conference on Emerging Model Legume Systems, to be held July 12-14, 1996 in Knoxville, Tennessee</AwardTitle>
    <AwardEffectiveDate>07/01/1996</AwardEffectiveDate>
    <AwardExpirationDate>06/30/1997</AwardExpirationDate>
    <AwardAmount>5000</AwardAmount>
    <AwardInstrument>
      <Value>Standard Grant</Value>
    </AwardInstrument>
    <Organization>
      <Code>08090300</Code>
      <Directorate>
        <LongName>Direct For Biological Sciences</LongName>
      </Directorate>
      <Division>
        <LongName>Division Of Integrative Organismal Sys</LongName>
      </Division>
    </Organization>
    <ProgramOfficer>
      <SignBlockName>Erik T. Nilsen</SignBlockName>
    </ProgramOfficer>
    <AbstractNarration>9601016 VandenBosch This award provides partial support for a Conference on Emerging Model Legum Systems - Tools and Advances. The meeting will take place July 12 - 14, 1996 in Knoxville, Tennessee, immediately prior to the 8th International Congress on Molecular-Plant Microbe Interactions. The meeting has two objectives: (A) to present a discussion of tools for genetic and molecular analysis, plus selected advances which have applied these approaches, and (B) to foster communication and interactions among researchers working on diploid annual legumes as model systems. The format for the gathering will include invited and contributed talks and discussion sections. Several means are planned to communicate the proceedings of the conference, including a meeting review article in The Plant Cell and the establishment of a home page for model legumes The last five years have seen an increased interest in model systems to facilitate genetic and molecular genetic analysis of development in legumes. This meeting will bring together researchers from all over the world to discuss how to coordinate activities of all interested parties.</AbstractNarration>
    <MinAmdLetterDate>06/25/1996</MinAmdLetterDate>
    <MaxAmdLetterDate>07/16/1996</MaxAmdLetterDate>
    <ARRAAmount/>
    <AwardID>9601016</AwardID>
    <Investigator>
      <FirstName>Douglas</FirstName>
      <LastName>Cook</LastName>
      <EmailAddress>drcook@ucdavis.edu</EmailAddress>
      <StartDate>06/25/1996</StartDate>
      <EndDate/>
      <RoleCode>Co-Principal Investigator</RoleCode>
    </Investigator>
    <Investigator>
      <FirstName>Kathryn</FirstName>
      <LastName>VandenBosch</LastName>
      <EmailAddress>vande102@umn.edu</EmailAddress>
      <StartDate>06/25/1996</StartDate>
      <EndDate/>
      <RoleCode>Principal Investigator</RoleCode>
    </Investigator>
    <Institution>
      <Name>Texas A&amp;M Research Foundation</Name>
      <CityName>College Station</CityName>
      <ZipCode>778454321</ZipCode>
      <PhoneNumber>9798458600</PhoneNumber>
      <StreetAddress>400 Harvey Mitchell Parkway, S</StreetAddress>
      <CountryName>United States</CountryName>
      <StateName>Texas</StateName>
      <StateCode>TX</StateCode>
    </Institution>
    <FoaInformation>
      <Code>65</Code>
      <Name>Agricultural</Name>
    </FoaInformation>
  </Award>
</rootTag>
