<?xml version="1.0" encoding="UTF-8"?>

<rootTag>
  <Award>
    <AwardTitle>Bi-modal Chemical and Mechanical Signal Detection: Filter Properties of Chemo- and Mechanoreceptor Cells</AwardTitle>
    <AwardEffectiveDate>09/01/1996</AwardEffectiveDate>
    <AwardExpirationDate>08/31/1997</AwardExpirationDate>
    <AwardAmount>84998</AwardAmount>
    <AwardInstrument>
      <Value>Standard Grant</Value>
    </AwardInstrument>
    <Organization>
      <Code>08090200</Code>
      <Directorate>
        <LongName>Direct For Biological Sciences</LongName>
      </Directorate>
      <Division>
        <LongName>Division Of Integrative Organismal Sys</LongName>
      </Division>
    </Organization>
    <ProgramOfficer>
      <SignBlockName>Christopher Platt</SignBlockName>
    </ProgramOfficer>
    <AbstractNarration>Selection of food often involves mechanosensory information about texture along with chemosensory information about flavor. Aquatic crustaceans such as crayfish and lobster have antennae, antennules and mouthparts with many sensory hairlike structures called sensilla, which often are receptors for chemosensory as well as mechanical stimuli. These animals provide an excellent model system for study because the few nerve cells in each sensilla are very easily accessible for recording nerve activity, to determine how they respond to different stimuli. This project uses anatomical and electrophysiological techniques to explore how these sensory structures are innervated and to help understand how responses to mechanical hydrodynamic flow around the receptors interact with responses to chemosensory stimuli. Results will clarify how multi-modal signals about the environment are normally integrated by the nervous system to produce appropriate behavior. This work will have an impact not only on chemosensory and mechanosensory science, but on understanding information coding in general in the nervous system with potential relevance to robotic sensors, on understanding sensory evolution and how organisms adapt to their environment, and may lead to applied advances in animal stock management in the fisheries industry.</AbstractNarration>
    <MinAmdLetterDate>08/05/1996</MinAmdLetterDate>
    <MaxAmdLetterDate>06/12/1997</MaxAmdLetterDate>
    <ARRAAmount/>
    <AwardID>9601260</AwardID>
    <Investigator>
      <FirstName>Jelle</FirstName>
      <LastName>Atema</LastName>
      <EmailAddress>atema@bu.edu</EmailAddress>
      <StartDate>08/05/1996</StartDate>
      <EndDate/>
      <RoleCode>Principal Investigator</RoleCode>
    </Investigator>
    <Investigator>
      <FirstName>Ranier</FirstName>
      <LastName>Voigt</LastName>
      <EmailAddress>voigt@bu.edu</EmailAddress>
      <StartDate>08/05/1996</StartDate>
      <EndDate/>
      <RoleCode>Co-Principal Investigator</RoleCode>
    </Investigator>
    <Institution>
      <Name>Trustees of Boston University</Name>
      <CityName>BOSTON</CityName>
      <ZipCode>022151300</ZipCode>
      <PhoneNumber>6173534365</PhoneNumber>
      <StreetAddress>881 COMMONWEALTH AVE</StreetAddress>
      <CountryName>United States</CountryName>
      <StateName>Massachusetts</StateName>
      <StateCode>MA</StateCode>
    </Institution>
    <FoaInformation>
      <Code>61</Code>
      <Name>Life Science Biological</Name>
    </FoaInformation>
    <FoaInformation>
      <Code>0000099</Code>
      <Name>Other Applications NEC</Name>
    </FoaInformation>
  </Award>
</rootTag>
