<?xml version="1.0" encoding="UTF-8"?>

<rootTag>
  <Award>
    <AwardTitle>U.S.-Australia Cooperative Research: Chromophore-Quencher Complexes for Studies in Photochemical Redox Splitting</AwardTitle>
    <AwardEffectiveDate>09/01/1996</AwardEffectiveDate>
    <AwardExpirationDate>08/31/2000</AwardExpirationDate>
    <AwardAmount>32750</AwardAmount>
    <AwardInstrument>
      <Value>Standard Grant</Value>
    </AwardInstrument>
    <Organization>
      <Code>01090000</Code>
      <Directorate>
        <LongName>Office Of The Director</LongName>
      </Directorate>
      <Division>
        <LongName>Office Of Internatl Science &amp;Engineering</LongName>
      </Division>
    </Organization>
    <ProgramOfficer>
      <SignBlockName>W. Y. B. Chang</SignBlockName>
    </ProgramOfficer>
    <AbstractNarration>9601048 Meyer This award, for a duration of three years, partially supports a cooperative research activity between Dr. Thomas J. Meyer of the Department of Chemistry at the University of North Carolina and Dr. F. Richard Keene of the Department of Molecular Sciences at James Cook University of North Queensland. The funds will primarily be used to support the travel expenses yearly for two graduate students from the University of North Carolina to spend two months in Dr. Keene's laboratory. The project focus is the design, preparation and exploitation of molecular systems which take advantage of new techniques developed at James Cook University. The new synthetic methodology allows the preparation of ruthenium complexes incorporating three different bidentate ligands. Using separate and overlapping electronic transitions involving each of the three ligands, molecules will be developed which absorb light from the UV through the visible and into the near-infrared. The collaborative development of novel chromatographic protocols will allow the preparation of molecular assemblies incorporating these antenna chromophores and energy transfer quenchers in a spatially defined manner, with an eye toward practicality in light to chemical energy conversion. The collaboration builds upon the expertise of Dr. Keene's laboratory which has developed synthetic techniques utilized in the manipulation of isomeric octahedral complexes and the North Carolina group under Dr. Meyer with expertise in molecular design and photophysical characterization. The combination of the two group's strengths should contribute to advances in understanding the conversion of light to chemical energy. The work in Australia is supported through the Department of Industry, Science and Tourism (DIST).</AbstractNarration>
    <MinAmdLetterDate>06/07/1996</MinAmdLetterDate>
    <MaxAmdLetterDate>06/07/1996</MaxAmdLetterDate>
    <ARRAAmount/>
    <AwardID>9601048</AwardID>
    <Investigator>
      <FirstName>Thomas</FirstName>
      <LastName>Meyer</LastName>
      <EmailAddress>tjmeyer@unc.edu</EmailAddress>
      <StartDate>06/07/1996</StartDate>
      <EndDate/>
      <RoleCode>Principal Investigator</RoleCode>
    </Investigator>
    <Institution>
      <Name>University of North Carolina at Chapel Hill</Name>
      <CityName>CHAPEL HILL</CityName>
      <ZipCode>275991350</ZipCode>
      <PhoneNumber>9199663411</PhoneNumber>
      <StreetAddress>104 AIRPORT DR STE 2200</StreetAddress>
      <CountryName>United States</CountryName>
      <StateName>North Carolina</StateName>
      <StateCode>NC</StateCode>
    </Institution>
    <FoaInformation>
      <Code>12</Code>
      <Name>Chemistry</Name>
    </FoaInformation>
    <FoaInformation>
      <Code>0510305</Code>
      <Name>Photocatalysis</Name>
    </FoaInformation>
  </Award>
</rootTag>
