<?xml version="1.0" encoding="UTF-8"?>

<rootTag>
  <Award>
    <AwardTitle>Fourth International Symposium on Nuclei in the Cosmos</AwardTitle>
    <AwardEffectiveDate>05/01/1996</AwardEffectiveDate>
    <AwardExpirationDate>10/31/1996</AwardExpirationDate>
    <AwardAmount>4000</AwardAmount>
    <AwardInstrument>
      <Value>Standard Grant</Value>
    </AwardInstrument>
    <Organization>
      <Code>03010600</Code>
      <Directorate>
        <LongName>Direct For Mathematical &amp; Physical Scien</LongName>
      </Directorate>
      <Division>
        <LongName>Division Of Physics</LongName>
      </Division>
    </Organization>
    <ProgramOfficer>
      <SignBlockName>JOHN FOX</SignBlockName>
    </ProgramOfficer>
    <AbstractNarration>9601426 Wiescher This proposal requests NSF support, to partially cover costs for student support for the fourth international symposium on "Nuclei in the Cosmos" to be held at the University of Notre Dame on June 20-27, 1996. This symposium continues the tradition of the meetings held previously at Baden bei Wien, Austria (1990), Karlsruhe, Germany (1992), and Assergi at the Gran Sasso, Italy (1994). The 1996 meeting will be the first in the United States. This symposium is widely recognized as the main forum for experimentalists, theorists, and observers to evaluate the current status as well as the future directions in the field of Nuclear Astrophysics. ***</AbstractNarration>
    <MinAmdLetterDate>05/07/1996</MinAmdLetterDate>
    <MaxAmdLetterDate>05/07/1996</MaxAmdLetterDate>
    <ARRAAmount/>
    <AwardID>9601426</AwardID>
    <Investigator>
      <FirstName>Michael</FirstName>
      <LastName>Wiescher</LastName>
      <EmailAddress>wiescher.1@nd.edu</EmailAddress>
      <StartDate>05/07/1996</StartDate>
      <EndDate/>
      <RoleCode>Principal Investigator</RoleCode>
    </Investigator>
    <Institution>
      <Name>University of Notre Dame</Name>
      <CityName>NOTRE DAME</CityName>
      <ZipCode>465565708</ZipCode>
      <PhoneNumber>5746317432</PhoneNumber>
      <StreetAddress>940 Grace Hall</StreetAddress>
      <CountryName>United States</CountryName>
      <StateName>Indiana</StateName>
      <StateCode>IN</StateCode>
    </Institution>
    <FoaInformation>
      <Code>13</Code>
      <Name>Physics</Name>
    </FoaInformation>
    <FoaInformation>
      <Code>0000099</Code>
      <Name>Other Applications NEC</Name>
    </FoaInformation>
  </Award>
</rootTag>
