<?xml version="1.0" encoding="UTF-8"?>

<rootTag>
  <Award>
    <AwardTitle>U.S.-Zimbabwe Dissertation Research: Constructing a Mentor Role in Science Education</AwardTitle>
    <AwardEffectiveDate>11/01/1996</AwardEffectiveDate>
    <AwardExpirationDate>04/30/1998</AwardExpirationDate>
    <AwardAmount>20000</AwardAmount>
    <AwardInstrument>
      <Value>Standard Grant</Value>
    </AwardInstrument>
    <Organization>
      <Code>01090000</Code>
      <Directorate>
        <LongName>Office Of The Director</LongName>
      </Directorate>
      <Division>
        <LongName>Office Of Internatl Science &amp;Engineering</LongName>
      </Division>
    </Organization>
    <ProgramOfficer>
      <SignBlockName>Patricia Jones Tsuchitani</SignBlockName>
    </ProgramOfficer>
    <AbstractNarration>This dissertation enhancement grant provides partial support for a U.S. graduate student, Scott Johnston, working under the guidance of Dr. John Schwille, Assistant Dean of International Studies at Michigan State University, to perform a study on the construction of mentor roles in science education teachers in Zimbabwe. Mr. Johnston will examine A-level science teachers in Zimbabwe participating in the Science Education In-Service Teacher Training project (SEITT) to determine how these teachers incorporate the pedagogy and concepts that they learn through SEITT into their own teaching styles and mentoring relationships. The results of this project will provide important feedback on the effectiveness of SEITT which will allow the project leaders to revise the program while it is still in an early stage. Staff members of the Science and Mathematics Education Department at the University of Zimbabwe will collaborate with Mr. Johnston on this project. This study will make an important contribution to the understanding of the development and usefulness of mentoring roles for science education teachers. The grant will also provide support to enable a promising student to establish a strong independent research career.</AbstractNarration>
    <MinAmdLetterDate>08/16/1996</MinAmdLetterDate>
    <MaxAmdLetterDate>12/12/1996</MaxAmdLetterDate>
    <ARRAAmount/>
    <AwardID>9601407</AwardID>
    <Investigator>
      <FirstName>John</FirstName>
      <LastName>Schwille</LastName>
      <EmailAddress>jschwill@msu.edu</EmailAddress>
      <StartDate>08/16/1996</StartDate>
      <EndDate/>
      <RoleCode>Principal Investigator</RoleCode>
    </Investigator>
    <Institution>
      <Name>Michigan State University</Name>
      <CityName>East Lansing</CityName>
      <ZipCode>488242600</ZipCode>
      <PhoneNumber>5173555040</PhoneNumber>
      <StreetAddress>Office of Sponsored Programs</StreetAddress>
      <CountryName>United States</CountryName>
      <StateName>Michigan</StateName>
      <StateCode>MI</StateCode>
    </Institution>
    <FoaInformation>
      <Code>0000099</Code>
      <Name>Other Applications NEC</Name>
    </FoaInformation>
    <FoaInformation>
      <Code>0105000</Code>
      <Name>Manpower &amp; Training</Name>
    </FoaInformation>
    <FoaInformation>
      <Code>99</Code>
      <Name>Other Sciences NEC</Name>
    </FoaInformation>
    <ProgramElement>
      <Code>5976</Code>
      <Text>AFRICA, NEAR EAST, &amp; SO ASIA</Text>
    </ProgramElement>
    <ProgramReference>
      <Code>5928</Code>
      <Text>AFRICA AND ASIA,OTHER</Text>
    </ProgramReference>
    <ProgramReference>
      <Code>9179</Code>
      <Text>GRADUATE INVOLVEMENT</Text>
    </ProgramReference>
    <ProgramReference>
      <Code>SMET</Code>
      <Text>SCIENCE, MATH, ENG &amp; TECH EDUCATION</Text>
    </ProgramReference>
  </Award>
</rootTag>
