<?xml version="1.0" encoding="UTF-8"?>

<rootTag>
  <Award>
    <AwardTitle>Constructing the Zoo: Science, Society, and Animal Nature at the Paris Menagerie, 1794-1848</AwardTitle>
    <AwardEffectiveDate>01/01/1997</AwardEffectiveDate>
    <AwardExpirationDate>12/31/1997</AwardExpirationDate>
    <AwardAmount>47766</AwardAmount>
    <AwardInstrument>
      <Value>Standard Grant</Value>
    </AwardInstrument>
    <Organization>
      <Code>04050300</Code>
      <Directorate>
        <LongName>Direct For Social, Behav &amp; Economic Scie</LongName>
      </Directorate>
      <Division>
        <LongName>Divn Of Social and Economic Sciences</LongName>
      </Division>
    </Organization>
    <ProgramOfficer>
      <SignBlockName>Edward J. Hackett</SignBlockName>
    </ProgramOfficer>
    <AbstractNarration>Founded at the height of the French Revolution, situated at the world's premier institution for the study of natural history, the menagerie of the Museum D'Histoire Naturelle in Paris was conceived to have not only great scientific potential but also significant social, political and moral potential. This history of the first fifty years of the menagerie's existence aims to illuminate several related topics: (1) the functions originally conceived for the menagerie, and how these functions were realized, revised or reformulated; (2) the animals included in the menagerie and how they influenced scientific and popular understanding of animal nature; (3) the problematic role living animals played in French zoology and in the life of the Museum; (4) the character of scientific research practice as displayed in the studies of animal behavior conducted at the menagerie by Cuvier.</AbstractNarration>
    <MinAmdLetterDate>08/06/1996</MinAmdLetterDate>
    <MaxAmdLetterDate>08/06/1996</MaxAmdLetterDate>
    <ARRAAmount/>
    <AwardID>9601390</AwardID>
    <Investigator>
      <FirstName>Richard</FirstName>
      <LastName>Burkhardt</LastName>
      <EmailAddress>burkhard@uiuc.edu</EmailAddress>
      <StartDate>08/06/1996</StartDate>
      <EndDate/>
      <RoleCode>Principal Investigator</RoleCode>
    </Investigator>
    <Institution>
      <Name>University of Illinois at Urbana-Champaign</Name>
      <CityName>CHAMPAIGN</CityName>
      <ZipCode>618207473</ZipCode>
      <PhoneNumber>2173332187</PhoneNumber>
      <StreetAddress>SUITE A</StreetAddress>
      <CountryName>United States</CountryName>
      <StateName>Illinois</StateName>
      <StateCode>IL</StateCode>
    </Institution>
    <FoaInformation>
      <Code>0000099</Code>
      <Name>Other Applications NEC</Name>
    </FoaInformation>
    <FoaInformation>
      <Code>83</Code>
      <Name>History</Name>
    </FoaInformation>
    <ProgramElement>
      <Code>1353</Code>
      <Text>Hist &amp; Philosophy of SET</Text>
    </ProgramElement>
    <ProgramReference>
      <Code>0000</Code>
      <Text>UNASSIGNED</Text>
    </ProgramReference>
    <ProgramReference>
      <Code>OTHR</Code>
      <Text>OTHER RESEARCH OR EDUCATION</Text>
    </ProgramReference>
  </Award>
</rootTag>
