<?xml version="1.0" encoding="UTF-8"?>

<rootTag>
  <Award>
    <AwardTitle>Acquisition of High Speed Flow Visualization and High Resolution Droplet Imaging Systems</AwardTitle>
    <AwardEffectiveDate>09/01/1996</AwardEffectiveDate>
    <AwardExpirationDate>08/31/1997</AwardExpirationDate>
    <AwardAmount>96500</AwardAmount>
    <AwardInstrument>
      <Value>Standard Grant</Value>
    </AwardInstrument>
    <Organization>
      <Code>07020000</Code>
      <Directorate>
        <LongName>Directorate For Engineering</LongName>
      </Directorate>
      <Division>
        <LongName>Div Of Chem, Bioeng, Env, &amp; Transp Sys</LongName>
      </Division>
    </Organization>
    <ProgramOfficer>
      <SignBlockName>M. C. Roco</SignBlockName>
    </ProgramOfficer>
    <AbstractNarration>Tsai 9601530 A high speed flow visualization and high resolution droplet imaging systems which will be purchased to support research and research training of both graduate and undergraduate students in engineering. Major components of the systems are: an Oxford copper vapor laser strobe Model LS10-50 with pulse repetition frequency from single shot to 50,000 flashes per second, a CCD video camera, light sheet optics, an optical bench, Particle Image Velocimetry software, and a 100 MHz Pentium computer with an HP laser jet printer 5P. The system will be used for research projects on atomization of slurry jets. The requested instrumentation will be used to improve research and research training of both graduate and undergraduate students. The Department started its graduate program four years ago and graduated five Master degree students last year; and it is among the top 15-20% in production of B.S. in Chemical Engineering in the Western United States. ***</AbstractNarration>
    <MinAmdLetterDate>08/12/1996</MinAmdLetterDate>
    <MaxAmdLetterDate>08/12/1996</MaxAmdLetterDate>
    <ARRAAmount/>
    <AwardID>9601530</AwardID>
    <Investigator>
      <FirstName>Shirley</FirstName>
      <LastName>Tsai</LastName>
      <EmailAddress>sctsai@csulb.edu</EmailAddress>
      <StartDate>08/12/1996</StartDate>
      <EndDate/>
      <RoleCode>Principal Investigator</RoleCode>
    </Investigator>
    <Institution>
      <Name>California State University-Long Beach</Name>
      <CityName>Long Beach</CityName>
      <ZipCode>908404509</ZipCode>
      <PhoneNumber>5629855314</PhoneNumber>
      <StreetAddress>1250 Bellflower Blvd</StreetAddress>
      <CountryName>United States</CountryName>
      <StateName>California</StateName>
      <StateCode>CA</StateCode>
    </Institution>
    <FoaInformation>
      <Code>0308000</Code>
      <Name>Industrial Technology</Name>
    </FoaInformation>
    <FoaInformation>
      <Code>53</Code>
      <Name>Engineering-Chemical</Name>
    </FoaInformation>
    <FoaInformation>
      <Code>56</Code>
      <Name>Engineering-Mechanical</Name>
    </FoaInformation>
    <ProgramElement>
      <Code>1415</Code>
      <Text>PARTICULATE &amp;MULTIPHASE PROCES</Text>
    </ProgramElement>
    <ProgramElement>
      <Code>9155</Code>
      <Text>ACADEMIC RESEARCH INFRASTRUCTU</Text>
    </ProgramElement>
    <ProgramReference>
      <Code>9146</Code>
      <Text>MANUFACTURING BASE RESEARCH</Text>
    </ProgramReference>
    <ProgramReference>
      <Code>9157</Code>
      <Text>ACADEMIC RESEARCH INSTRUMENTAT</Text>
    </ProgramReference>
    <ProgramReference>
      <Code>MANU</Code>
      <Text>MANUFACTURING</Text>
    </ProgramReference>
  </Award>
</rootTag>
