<?xml version="1.0" encoding="UTF-8"?>

<rootTag>
  <Award>
    <AwardTitle>Unusual Narial Structures in Dinosaurs and other VertebratesA Case Study in the Functional Interpretation of Anatomical Novelty in the Fossil Record</AwardTitle>
    <AwardEffectiveDate>08/01/1996</AwardEffectiveDate>
    <AwardExpirationDate>07/31/2000</AwardExpirationDate>
    <AwardAmount>180000</AwardAmount>
    <AwardInstrument>
      <Value>Continuing grant</Value>
    </AwardInstrument>
    <Organization>
      <Code>08090300</Code>
      <Directorate>
        <LongName>Direct For Biological Sciences</LongName>
      </Directorate>
      <Division>
        <LongName>Division Of Integrative Organismal Sys</LongName>
      </Division>
    </Organization>
    <ProgramOfficer>
      <SignBlockName>Zoe Eppley</SignBlockName>
    </ProgramOfficer>
    <AbstractNarration>9601174 Witmer Several groups of dinosaurs exhibit unusual morphology in the narial (nostril) regions of their skulls. The most divergent narial anatomy is found in the duck-bill dinosaurs (Hadrosaurinae), horned dinosaurs (Ceratopsidae), and the brontosaurs (Sauropoda). The function of these enlarged narial regions remains enigmatic, preventing a comprehensive understanding of skull evolution in Dinosauria. Ideas range from inflatable sacs and trunks to brain-cooling devices. Thus, the investigators will test functional hypotheses on these unusual narial specializations. Furthermore, the investigators will probe the vexing issue of anatomical novelty in the fossil record. The noses of the modern relatives of dinosaurs (birds and crocodilians) will be studied to provide baseline anatomical data. Additionally, a number of modern groups with narial novelties similar to those proposed for dinosaurs will serve as analogues or "models" for the dinosaurs. The fossil taxa will be studied in museums worldwide, and important specimens will be CT scanned for the first time. This research will provide clear advances for the anatomical, functional, and behavioral interpretation of dinosaurs. Furthermore, new, general data on the functional anatomy of vertebrate noses will be of use for researchers working on modern animals, including humans. Finally, the perspectives and methods used in this research will make it a model study for the functional interpretation of the enigmatic novelties of other extinct organisms.</AbstractNarration>
    <MinAmdLetterDate>07/10/1996</MinAmdLetterDate>
    <MaxAmdLetterDate>03/11/1998</MaxAmdLetterDate>
    <ARRAAmount/>
    <AwardID>9601174</AwardID>
    <Investigator>
      <FirstName>Lawrence</FirstName>
      <LastName>Witmer</LastName>
      <EmailAddress>witmerL@ohio.edu</EmailAddress>
      <StartDate>07/10/1996</StartDate>
      <EndDate/>
      <RoleCode>Principal Investigator</RoleCode>
    </Investigator>
    <Institution>
      <Name>Ohio University</Name>
      <CityName>ATHENS</CityName>
      <ZipCode>457012979</ZipCode>
      <PhoneNumber>7405932857</PhoneNumber>
      <StreetAddress>108 CUTLER HL</StreetAddress>
      <CountryName>United States</CountryName>
      <StateName>Ohio</StateName>
      <StateCode>OH</StateCode>
    </Institution>
    <FoaInformation>
      <Code>61</Code>
      <Name>Life Science Biological</Name>
    </FoaInformation>
  </Award>
</rootTag>
