<?xml version="1.0" encoding="UTF-8"?>

<rootTag>
  <Award>
    <AwardTitle>Shape Determinants of Protein Structure and Function: A New Approach Based on Ray-Representation Methodology</AwardTitle>
    <AwardEffectiveDate>09/01/1996</AwardEffectiveDate>
    <AwardExpirationDate>03/15/1999</AwardExpirationDate>
    <AwardAmount>331847</AwardAmount>
    <AwardInstrument>
      <Value>Continuing grant</Value>
    </AwardInstrument>
    <Organization>
      <Code>08080205</Code>
      <Directorate>
        <LongName>Direct For Biological Sciences</LongName>
      </Directorate>
      <Division>
        <LongName>Div Of Biological Infrastructure</LongName>
      </Division>
    </Organization>
    <ProgramOfficer>
      <SignBlockName>Paul Gilna</SignBlockName>
    </ProgramOfficer>
    <AbstractNarration>Questions of chemical reactivity can often be cast as questions of molecular geometry. In particular, space filling models are often invoked to rationalize the chemical behavior of proteins. Some of the physio-chemical properties which have been treated by geometric methods include: packing density, folding energetics, and molecular recognition. New methods are presented - based on the idea of the ray representation - for manipulating molecular shapes and computing their geometric properties. The ray representation formalism provides a unified means of dealing with geometric issues in molecular modeling. Computation of ray-representations for use in molecular analysis were initially accomplished on special purpose computers in the Principal Investigator's laboratory. However it has been recently shown that molecular ray-reps can be computed with high speed on general purpose single and multi-processor work-stations. The proposed work will further develop ray-representation techniques for the study of proteins structure and function. Three separate areas of research will be pursued. First, algorithmic enhancements to rayrepresentation calculations will be studied. There will be particular focus on improvements in accuracy and speed. General purpose tools based on ray-casting algorithms will be developed for use in molecular modeling. Second, working with ray-representations, the details of building space-filling models for predictive analysis of protein physio-chemical properties will be studied. In particular, models will be calibrated with respect to prediction of water bearing cavities and surface solvation potentials. A survey of protein packing properties based on high resolution data will be undertaken. Third, simulations will consider the role of cavity dynamics in protein ligand uptake.</AbstractNarration>
    <MinAmdLetterDate>08/13/1996</MinAmdLetterDate>
    <MaxAmdLetterDate>05/18/1998</MaxAmdLetterDate>
    <ARRAAmount/>
    <AwardID>9601399</AwardID>
    <Investigator>
      <FirstName>Michael</FirstName>
      <LastName>Prisant</LastName>
      <EmailAddress>prisant@chem.duke.edu</EmailAddress>
      <StartDate>08/13/1996</StartDate>
      <EndDate/>
      <RoleCode>Principal Investigator</RoleCode>
    </Investigator>
    <Institution>
      <Name>Duke University</Name>
      <CityName>Durham</CityName>
      <ZipCode>277054010</ZipCode>
      <PhoneNumber>9196843030</PhoneNumber>
      <StreetAddress>2200 W. Main St, Suite 710</StreetAddress>
      <CountryName>United States</CountryName>
      <StateName>North Carolina</StateName>
      <StateCode>NC</StateCode>
    </Institution>
    <FoaInformation>
      <Code>0108000</Code>
      <Name>Software Development</Name>
    </FoaInformation>
    <FoaInformation>
      <Code>0203000</Code>
      <Name>Health</Name>
    </FoaInformation>
    <FoaInformation>
      <Code>61</Code>
      <Name>Life Science Biological</Name>
    </FoaInformation>
    <ProgramElement>
      <Code>1107</Code>
      <Text>COMPUTATIONAL BIOLOGY ACTIVITI</Text>
    </ProgramElement>
    <ProgramReference>
      <Code>9183</Code>
      <Text>GENERAL FOUNDATIONS OF BIOTECHNOLOGY</Text>
    </ProgramReference>
    <ProgramReference>
      <Code>9216</Code>
      <Text>ADVANCED SOFTWARE TECH &amp; ALGOR</Text>
    </ProgramReference>
    <ProgramReference>
      <Code>BIOT</Code>
      <Text>BIOTECHNOLOGY</Text>
    </ProgramReference>
    <ProgramReference>
      <Code>HPCC</Code>
      <Text>HIGH PERFORMANCE COMPUTING &amp; COMM</Text>
    </ProgramReference>
  </Award>
</rootTag>
