<?xml version="1.0" encoding="UTF-8"?>

<rootTag>
  <Award>
    <AwardTitle>Constitutional Law and the Modernization of Political Institutions in the Islamic Middle East</AwardTitle>
    <AwardEffectiveDate>08/15/1996</AwardEffectiveDate>
    <AwardExpirationDate>07/31/2000</AwardExpirationDate>
    <AwardAmount>248594</AwardAmount>
    <AwardInstrument>
      <Value>Continuing grant</Value>
    </AwardInstrument>
    <Organization>
      <Code>04050200</Code>
      <Directorate>
        <LongName>Direct For Social, Behav &amp; Economic Scie</LongName>
      </Directorate>
      <Division>
        <LongName>Divn Of Social and Economic Sciences</LongName>
      </Division>
    </Organization>
    <ProgramOfficer>
      <SignBlockName>Patricia White</SignBlockName>
    </ProgramOfficer>
    <AbstractNarration>9601357 Arjomand This project investigates the long-term processes of sociolegal change set in motion by the meeting of the Western and the Islamic legal and political regimes. It offers analytical descriptions and a typological classification of the forms of law and political organization in the Islamic Middle East before the impact of modern constitutionalism. It then focuses on the legal consequences of modernizing change and the undermining of constitutionalism in the legal and political traditions of the Islamic Middle East that resulted from these changes. Public and constitutional law will be considered the critical link between political organization and the legal system. The modernizers' attempts at rational political reconstruction and legal reform invoked support, resistance and counter-proposals among different social forces and vested institutional interests which engaged in a political struggle that determined constitutional change at decisive turning points. The method for this study is comparative, and uses a historically circumscribed typology to account for the variations, in time and across countries, of the constitutional outcomes and political regimes in the Islamic Middle East.</AbstractNarration>
    <MinAmdLetterDate>08/05/1996</MinAmdLetterDate>
    <MaxAmdLetterDate>07/09/1998</MaxAmdLetterDate>
    <ARRAAmount/>
    <AwardID>9601357</AwardID>
    <Investigator>
      <FirstName>Said</FirstName>
      <LastName>Arjomand</LastName>
      <EmailAddress>said.arjomand@stonybrook.edu</EmailAddress>
      <StartDate>08/05/1996</StartDate>
      <EndDate/>
      <RoleCode>Principal Investigator</RoleCode>
    </Investigator>
    <Institution>
      <Name>SUNY at Stony Brook</Name>
      <CityName>Stony Brook</CityName>
      <ZipCode>117940001</ZipCode>
      <PhoneNumber>6316329949</PhoneNumber>
      <StreetAddress>WEST 5510 FRK MEL LIB</StreetAddress>
      <CountryName>United States</CountryName>
      <StateName>New York</StateName>
      <StateCode>NY</StateCode>
    </Institution>
    <FoaInformation>
      <Code>0000099</Code>
      <Name>Other Applications NEC</Name>
    </FoaInformation>
    <FoaInformation>
      <Code>0116000</Code>
      <Name>Human Subjects</Name>
    </FoaInformation>
    <FoaInformation>
      <Code>87</Code>
      <Name>Law</Name>
    </FoaInformation>
    <ProgramElement>
      <Code>1372</Code>
      <Text>LAW AND SOCIAL SCIENCES</Text>
    </ProgramElement>
    <ProgramElement>
      <Code>Z841</Code>
      <Text/>
    </ProgramElement>
    <ProgramReference>
      <Code>0000</Code>
      <Text>UNASSIGNED</Text>
    </ProgramReference>
    <ProgramReference>
      <Code>OTHR</Code>
      <Text>OTHER RESEARCH OR EDUCATION</Text>
    </ProgramReference>
  </Award>
</rootTag>
