<?xml version="1.0" encoding="UTF-8"?>

<rootTag>
  <Award>
    <AwardTitle>Collaborative Research on the Dynamics of Socio-Political Orientations: The Fourth Wave of the Political Socialization Project</AwardTitle>
    <AwardEffectiveDate>09/15/1996</AwardEffectiveDate>
    <AwardExpirationDate>02/29/2000</AwardExpirationDate>
    <AwardAmount>519237</AwardAmount>
    <AwardInstrument>
      <Value>Continuing grant</Value>
    </AwardInstrument>
    <Organization>
      <Code>04050300</Code>
      <Directorate>
        <LongName>Direct For Social, Behav &amp; Economic Scie</LongName>
      </Directorate>
      <Division>
        <LongName>Divn Of Social and Economic Sciences</LongName>
      </Division>
    </Organization>
    <ProgramOfficer>
      <SignBlockName>Bonney Sheahan</SignBlockName>
    </ProgramOfficer>
    <AbstractNarration>This project will extend the Youth/Parent Political Socialization Study, a national survey of high school seniors and their parents that began in 1965 and was successfully repeated in 1973 and 1982. The fourth wave will focus on the original youth sample, now nearing age 50. Interviews will also be conducted with parents and offspring ultimately yielding a three generational data set measuring political attitudes and behaviors of Americans. The fourth wave will gauge long-term levels of persistence and change in political orientations. With the respondents having undergone important life course transitions -- marital instability, parenthood, aging children and aging parents, occupational changes and career advancement -- the study offers a unique opportunity to evaluate the implications of these transitions for political continuity and change. It also offers the opportunity to examine the short and long run attitudinal and behavioral consequences of major socio-political events bracketed by 1965 and 1997 and to investigate the individual level dynamics of major trends in political attitudes and behaviors over this period. A second major aim of the study is to use the parent-child pairs, the respondent-spouse pairs and other family combinations that are imbedded in the design to trace the dynamics of socialization and interaction within the family.</AbstractNarration>
    <MinAmdLetterDate>09/05/1996</MinAmdLetterDate>
    <MaxAmdLetterDate>08/27/1998</MaxAmdLetterDate>
    <ARRAAmount/>
    <AwardID>9601295</AwardID>
    <Investigator>
      <FirstName>M. Kent</FirstName>
      <LastName>Jennings</LastName>
      <EmailAddress>jennings@alishaw.ucsb.edu</EmailAddress>
      <StartDate>09/05/1996</StartDate>
      <EndDate/>
      <RoleCode>Principal Investigator</RoleCode>
    </Investigator>
    <Institution>
      <Name>University of California-Santa Barbara</Name>
      <CityName>Santa Barbara</CityName>
      <ZipCode>931062050</ZipCode>
      <PhoneNumber>8058934188</PhoneNumber>
      <StreetAddress>Office of Research</StreetAddress>
      <CountryName>United States</CountryName>
      <StateName>California</StateName>
      <StateCode>CA</StateCode>
    </Institution>
    <FoaInformation>
      <Code>0000099</Code>
      <Name>Other Applications NEC</Name>
    </FoaInformation>
    <FoaInformation>
      <Code>0116000</Code>
      <Name>Human Subjects</Name>
    </FoaInformation>
    <FoaInformation>
      <Code>85</Code>
      <Name>Political Sciences</Name>
    </FoaInformation>
    <ProgramElement>
      <Code>1371</Code>
      <Text>POLITICAL SCIENCE</Text>
    </ProgramElement>
    <ProgramElement>
      <Code>1592</Code>
      <Text>PROF OPPOR FOR WOMEN IN RSCH</Text>
    </ProgramElement>
    <ProgramReference>
      <Code>0000</Code>
      <Text>UNASSIGNED</Text>
    </ProgramReference>
    <ProgramReference>
      <Code>1371</Code>
      <Text>POLITICAL SCIENCE</Text>
    </ProgramReference>
    <ProgramReference>
      <Code>1592</Code>
      <Text>PROF OPPOR FOR WOMEN IN RSCH</Text>
    </ProgramReference>
    <ProgramReference>
      <Code>OTHR</Code>
      <Text>OTHER RESEARCH OR EDUCATION</Text>
    </ProgramReference>
  </Award>
</rootTag>
