<?xml version="1.0" encoding="UTF-8"?>

<rootTag>
  <Award>
    <AwardTitle>Archaeology &amp; Paleoenvironments of the Kapthurin Formation, Baringo District, Kenya</AwardTitle>
    <AwardEffectiveDate>09/15/1996</AwardEffectiveDate>
    <AwardExpirationDate>08/31/2000</AwardExpirationDate>
    <AwardAmount>222801</AwardAmount>
    <AwardInstrument>
      <Value>Continuing grant</Value>
    </AwardInstrument>
    <Organization>
      <Code>04040400</Code>
      <Directorate>
        <LongName>Direct For Social, Behav &amp; Economic Scie</LongName>
      </Directorate>
      <Division>
        <LongName>Division Of Behavioral and Cognitive Sci</LongName>
      </Division>
    </Organization>
    <ProgramOfficer>
      <SignBlockName>John E. Yellen</SignBlockName>
    </ProgramOfficer>
    <AbstractNarration>With support from the National Science Foundation Dr. Sally McBrearty will continue archaeological research in the Baringo Basin region of Kenya. In particular she will focus on the Kapthurin Formation in the Tugen Hills. Previous archaeological research in the area has yielded a stratified sequence of archaeological sites as well as a small amount of hominid (human) skeletal material. Research will include analysis of existing museum collections, new archaeological site excavations and investigation of ancient landsurfaces. Geochemical analysis and argon dating of tuff units will refine the Kapthurin chronology. Dr. McBrearty will use stone artifacts and archaeological fauna in an attempt to reconstruct human behavior. A number of techniques will be employed to understand the fluxuating environment to which these hominids adapted. While a number of lines of evidence archaeological, paleontological and genetic suggest that anatomically modern humans first appeared in sub Saharan Africa just when and where this occurred is unknown. What interests paleoanthropologists most however is the process which lead to this emergence and here also little evidence is available. Dr. McBrearty's research will address this issue. Information to date suggests that the transition took place during the Middle Pleistocene and the Kapthurin Formation encompasses this time period. Prior work indicates that it contains archaeological materials and fauna as well as human remains. Dr. McBrearty's work will increase this data base and bring a wide range of modern scientific techniques to bear in order to make interpretations. This research is important for several reasons. It will increase our understanding of Africa's past. It will provide data of interest to a large number of paleoanthropologists and shed new light on the emergence of modern humans.</AbstractNarration>
    <MinAmdLetterDate>09/09/1996</MinAmdLetterDate>
    <MaxAmdLetterDate>06/15/1998</MaxAmdLetterDate>
    <ARRAAmount/>
    <AwardID>9601419</AwardID>
    <Investigator>
      <FirstName>Sally</FirstName>
      <LastName>McBrearty</LastName>
      <EmailAddress>mcbrearty@uconn.edu</EmailAddress>
      <StartDate>09/09/1996</StartDate>
      <EndDate/>
      <RoleCode>Principal Investigator</RoleCode>
    </Investigator>
    <Institution>
      <Name>University of Connecticut</Name>
      <CityName>Storrs</CityName>
      <ZipCode>062691133</ZipCode>
      <PhoneNumber>8604863622</PhoneNumber>
      <StreetAddress>438 Whitney Road Ext.</StreetAddress>
      <CountryName>United States</CountryName>
      <StateName>Connecticut</StateName>
      <StateCode>CT</StateCode>
    </Institution>
    <FoaInformation>
      <Code>0000099</Code>
      <Name>Other Applications NEC</Name>
    </FoaInformation>
  </Award>
</rootTag>
