<?xml version="1.0" encoding="UTF-8"?>

<rootTag>
  <Award>
    <AwardTitle>Fourth International Workshop on TAU Lepton Physics (TAU 96) Estes Park, Colorado, September 16-19, 1996</AwardTitle>
    <AwardEffectiveDate>06/01/1996</AwardEffectiveDate>
    <AwardExpirationDate>05/31/1997</AwardExpirationDate>
    <AwardAmount>2000</AwardAmount>
    <AwardInstrument>
      <Value>Standard Grant</Value>
    </AwardInstrument>
    <Organization>
      <Code>03010200</Code>
      <Directorate>
        <LongName>Direct For Mathematical &amp; Physical Scien</LongName>
      </Directorate>
      <Division>
        <LongName>Division Of Physics</LongName>
      </Division>
    </Organization>
    <ProgramOfficer>
      <SignBlockName>MARVIN GOLDBERG</SignBlockName>
    </ProgramOfficer>
    <AbstractNarration>9601257 Smith This grant provides partial support of an international Workshop on Tau Lepton Physics (TAU96), the fourth in a series on that subject. Previous conferences were held in France in 1990, US in 1992 and Switzerland in 1994. About 100 particle physicists attend. Results are presented from recent experiments at LEP at CERN, SLD at SLAC, BEPC in Beijing, and especially to be noted, at CESR, the facility at Cornell University supported by NSF. ***</AbstractNarration>
    <MinAmdLetterDate>06/10/1996</MinAmdLetterDate>
    <MaxAmdLetterDate>06/10/1996</MaxAmdLetterDate>
    <ARRAAmount/>
    <AwardID>9601257</AwardID>
    <Investigator>
      <FirstName>William</FirstName>
      <LastName>Ford</LastName>
      <EmailAddress/>
      <StartDate>06/10/1996</StartDate>
      <EndDate/>
      <RoleCode>Co-Principal Investigator</RoleCode>
    </Investigator>
    <Investigator>
      <FirstName>James</FirstName>
      <LastName>Smith</LastName>
      <EmailAddress>jgsmith@pizero.colorado.edu</EmailAddress>
      <StartDate>06/10/1996</StartDate>
      <EndDate/>
      <RoleCode>Principal Investigator</RoleCode>
    </Investigator>
    <Institution>
      <Name>University of Colorado at Boulder</Name>
      <CityName>Boulder</CityName>
      <ZipCode>803031058</ZipCode>
      <PhoneNumber>3034926221</PhoneNumber>
      <StreetAddress>3100 Marine Street, Room 481</StreetAddress>
      <CountryName>United States</CountryName>
      <StateName>Colorado</StateName>
      <StateCode>CO</StateCode>
    </Institution>
    <FoaInformation>
      <Code>0000099</Code>
      <Name>Other Applications NEC</Name>
    </FoaInformation>
    <FoaInformation>
      <Code>13</Code>
      <Name>Physics</Name>
    </FoaInformation>
    <ProgramElement>
      <Code>1221</Code>
      <Text>ELEMENTARY PARTICLE ACCEL USER</Text>
    </ProgramElement>
    <ProgramElement>
      <Code>1245</Code>
      <Text>THEORETICAL PHYSICS</Text>
    </ProgramElement>
    <ProgramReference>
      <Code>0000</Code>
      <Text>UNASSIGNED</Text>
    </ProgramReference>
    <ProgramReference>
      <Code>OTHR</Code>
      <Text>OTHER RESEARCH OR EDUCATION</Text>
    </ProgramReference>
  </Award>
</rootTag>
