<?xml version="1.0" encoding="UTF-8"?>

<rootTag>
  <Award>
    <AwardTitle>Quantum Coherence</AwardTitle>
    <AwardEffectiveDate>08/15/1996</AwardEffectiveDate>
    <AwardExpirationDate>07/31/1999</AwardExpirationDate>
    <AwardAmount>199332</AwardAmount>
    <AwardInstrument>
      <Value>Continuing grant</Value>
    </AwardInstrument>
    <Organization>
      <Code>03010500</Code>
      <Directorate>
        <LongName>Direct For Mathematical &amp; Physical Scien</LongName>
      </Directorate>
      <Division>
        <LongName>Division Of Physics</LongName>
      </Division>
    </Organization>
    <ProgramOfficer>
      <SignBlockName>Virginia R. Brown</SignBlockName>
    </ProgramOfficer>
    <AbstractNarration>We shall continue and expand our investigations of the fundamental aspects of quantum theory and gravitation, with a view towards experimental applications on the one hand and obtaining theoretical insights on the other hand. We shall try to (1) obtain new quantum effects, possibly involving gravity, with experimental consequences, (2) resolve paradoxes arising from effects we have previously discovered, which may lead to new effects, (3) obtain greater insight into the quantum measurement problem and its possible relation to quantum gravity, and (4) investigate quantum geometry, in particular its relation to supersymmetry.</AbstractNarration>
    <MinAmdLetterDate>08/08/1996</MinAmdLetterDate>
    <MaxAmdLetterDate>05/15/1998</MaxAmdLetterDate>
    <ARRAAmount/>
    <AwardID>9601280</AwardID>
    <Investigator>
      <FirstName>Yakir</FirstName>
      <LastName>Aharonov</LastName>
      <EmailAddress>aharonov@chapman.edu</EmailAddress>
      <StartDate>08/08/1996</StartDate>
      <EndDate/>
      <RoleCode>Principal Investigator</RoleCode>
    </Investigator>
    <Investigator>
      <FirstName>Jeeva</FirstName>
      <LastName>Anandan</LastName>
      <EmailAddress>jeeva@sc.edu</EmailAddress>
      <StartDate>08/08/1996</StartDate>
      <EndDate/>
      <RoleCode>Co-Principal Investigator</RoleCode>
    </Investigator>
    <Investigator>
      <FirstName>Pawel</FirstName>
      <LastName>Mazur</LastName>
      <EmailAddress>MAZUR@MAIL.PSC.SC.EDU</EmailAddress>
      <StartDate>08/08/1996</StartDate>
      <EndDate/>
      <RoleCode>Co-Principal Investigator</RoleCode>
    </Investigator>
    <Institution>
      <Name>University of South Carolina at Columbia</Name>
      <CityName>COLUMBIA</CityName>
      <ZipCode>292080001</ZipCode>
      <PhoneNumber>8037777093</PhoneNumber>
      <StreetAddress>Sponsored Awards Management</StreetAddress>
      <CountryName>United States</CountryName>
      <StateName>South Carolina</StateName>
      <StateCode>SC</StateCode>
    </Institution>
    <FoaInformation>
      <Code>0000099</Code>
      <Name>Other Applications NEC</Name>
    </FoaInformation>
  </Award>
</rootTag>
