<?xml version="1.0" encoding="UTF-8"?>

<rootTag>
  <Award>
    <AwardTitle>Luminescence Dating of Middle Stone Age Sites in South Africa</AwardTitle>
    <AwardEffectiveDate>08/15/1996</AwardEffectiveDate>
    <AwardExpirationDate>07/31/1999</AwardExpirationDate>
    <AwardAmount>184301</AwardAmount>
    <AwardInstrument>
      <Value>Standard Grant</Value>
    </AwardInstrument>
    <Organization>
      <Code>04040400</Code>
      <Directorate>
        <LongName>Direct For Social, Behav &amp; Economic Scie</LongName>
      </Directorate>
      <Division>
        <LongName>Division Of Behavioral and Cognitive Sci</LongName>
      </Division>
    </Organization>
    <ProgramOfficer>
      <SignBlockName>John E. Yellen</SignBlockName>
    </ProgramOfficer>
    <AbstractNarration>This award provides funds for Dr. James Feathers to purchase equipment for the thermolumenescence laboratory at the University of Washington and to analyze a series of samples of archaeological significance. In early 1996 Dr. Feathers conducted geological fieldwork in South Africa and collected sediment samples from a series of sites which contain Howieson's Poort and Middle Stone Age industries. Because these materials lie beyond the range of radiocarbon dating and rest in sediments not amenable to other potassium-argon dating, their age is very poorly known. Dr. Feathers will utilize thermolumenescence dating to address this problem. Anthropologists want to know when, and in what conditions, anatomically and behaviorally modern humans first appeared and recent fossil and genetic evidence points to sub-Saharan Africa. However relevant hominid remains are extremely scarce and the question remains unsettled. Dr. Feathers and other archaeologists have noted an extremely unusual stone industry which appears for a relatively brief interval of time and which may be coincident with the first evidence of anatomically modern humans in the paleontological record. Known as the Howieson's Poort it contains types of tools which did not occur outside of South Africa and which reappear only much later in the archaeological record. In this latter period they are clearly associated with anatomically modern humans. The Howieson's Poort and the Middle Stone Age industry which both proceeds and follows it are very poorly dated. Dr. Feather's work should change this situation. The thermolumenescence (TL) technique is of great potential significance to archaeologists because it can date types of materials and time periods which lie beyond the scope of radiocarbon. However the approach is not developed enough to apply on a mechanistic basis and no laboratory in the United States has a focus on TL dating of archaeological significant materials. Dr. Feathers research is important not only for the archaeological question it addresses but also for its methodological and infrastructural contributions.</AbstractNarration>
    <MinAmdLetterDate>08/16/1996</MinAmdLetterDate>
    <MaxAmdLetterDate>11/04/1997</MaxAmdLetterDate>
    <ARRAAmount/>
    <AwardID>9601302</AwardID>
    <Investigator>
      <FirstName>James</FirstName>
      <LastName>Feathers</LastName>
      <EmailAddress>jimf@u.washington.edu</EmailAddress>
      <StartDate>08/16/1996</StartDate>
      <EndDate/>
      <RoleCode>Principal Investigator</RoleCode>
    </Investigator>
    <Institution>
      <Name>University of Washington</Name>
      <CityName>Seattle</CityName>
      <ZipCode>981950001</ZipCode>
      <PhoneNumber>2065434043</PhoneNumber>
      <StreetAddress>4333 Brooklyn Ave NE</StreetAddress>
      <CountryName>United States</CountryName>
      <StateName>Washington</StateName>
      <StateCode>WA</StateCode>
    </Institution>
    <FoaInformation>
      <Code>0000099</Code>
      <Name>Other Applications NEC</Name>
    </FoaInformation>
    <FoaInformation>
      <Code>81</Code>
      <Name>Anthropology</Name>
    </FoaInformation>
    <ProgramElement>
      <Code>1391</Code>
      <Text>ARCHAEOLOGY</Text>
    </ProgramElement>
    <ProgramElement>
      <Code>1393</Code>
      <Text>ARCHAEOMETRY</Text>
    </ProgramElement>
    <ProgramReference>
      <Code>0000</Code>
      <Text>UNASSIGNED</Text>
    </ProgramReference>
    <ProgramReference>
      <Code>OTHR</Code>
      <Text>OTHER RESEARCH OR EDUCATION</Text>
    </ProgramReference>
  </Award>
</rootTag>
