<?xml version="1.0" encoding="UTF-8"?>

<rootTag>
  <Award>
    <AwardTitle>Income Distribution, Aggregate Efficiency and the Social Contract</AwardTitle>
    <AwardEffectiveDate>08/01/1996</AwardEffectiveDate>
    <AwardExpirationDate>07/31/2000</AwardExpirationDate>
    <AwardAmount>194419</AwardAmount>
    <AwardInstrument>
      <Value>Continuing grant</Value>
    </AwardInstrument>
    <Organization>
      <Code>04050100</Code>
      <Directorate>
        <LongName>Direct For Social, Behav &amp; Economic Scie</LongName>
      </Directorate>
      <Division>
        <LongName>Divn Of Social and Economic Sciences</LongName>
      </Division>
    </Organization>
    <ProgramOfficer>
      <SignBlockName>Daniel H. Newlon</SignBlockName>
    </ProgramOfficer>
    <AbstractNarration>Roland J. Benabou New York University SBR-9601319 This research seeks to explain the following set of facts with one economic model: 1) countries vary widely in their redistributive policies, 2) higher levels of income inequality are associated with lower subsequent growth rates, 3) there is no relationship between inequality and the share of transfers in GDP and 4) transfers appear to be positively associated with subsequent growth. The emphasis of the research will be primarily theoretical, as opposed to empirical. It will seek to explain the above set of facts without making overly restrictive assumptions about individuals' behavior. The principal investigator will also look at technology adoption as a response to heterogeneity in workers' skills, the hypothesis being that heterogeneity in workers' skills leads to heterogeneity in technologies and increased wage inequality.</AbstractNarration>
    <MinAmdLetterDate>07/30/1996</MinAmdLetterDate>
    <MaxAmdLetterDate>10/13/1999</MaxAmdLetterDate>
    <ARRAAmount/>
    <AwardID>9601319</AwardID>
    <Investigator>
      <FirstName>Roland</FirstName>
      <LastName>Benabou</LastName>
      <EmailAddress>rbenabou@princeton.edu</EmailAddress>
      <StartDate>07/30/1996</StartDate>
      <EndDate/>
      <RoleCode>Principal Investigator</RoleCode>
    </Investigator>
    <Institution>
      <Name>New York University</Name>
      <CityName>NEW YORK</CityName>
      <ZipCode>100121019</ZipCode>
      <PhoneNumber>2129982121</PhoneNumber>
      <StreetAddress>70 WASHINGTON SQUARE S</StreetAddress>
      <CountryName>United States</CountryName>
      <StateName>New York</StateName>
      <StateCode>NY</StateCode>
    </Institution>
    <FoaInformation>
      <Code>0000099</Code>
      <Name>Other Applications NEC</Name>
    </FoaInformation>
    <FoaInformation>
      <Code>82</Code>
      <Name>Economics</Name>
    </FoaInformation>
    <ProgramElement>
      <Code>1320</Code>
      <Text>ECONOMICS</Text>
    </ProgramElement>
    <ProgramReference>
      <Code>0000</Code>
      <Text>UNASSIGNED</Text>
    </ProgramReference>
    <ProgramReference>
      <Code>1092</Code>
      <Text>SBER HUMAN CAPITAL INITIATIVE</Text>
    </ProgramReference>
    <ProgramReference>
      <Code>OTHR</Code>
      <Text>OTHER RESEARCH OR EDUCATION</Text>
    </ProgramReference>
  </Award>
</rootTag>
