<?xml version="1.0" encoding="UTF-8"?>

<rootTag>
  <Award>
    <AwardTitle>Cognitive Consequences of Emotion</AwardTitle>
    <AwardEffectiveDate>06/01/1997</AwardEffectiveDate>
    <AwardExpirationDate>05/31/2001</AwardExpirationDate>
    <AwardAmount>252058</AwardAmount>
    <AwardInstrument>
      <Value>Standard Grant</Value>
    </AwardInstrument>
    <Organization>
      <Code>04040500</Code>
      <Directorate>
        <LongName>Direct For Social, Behav &amp; Economic Scie</LongName>
      </Directorate>
      <Division>
        <LongName>Division Of Behavioral and Cognitive Sci</LongName>
      </Division>
    </Organization>
    <ProgramOfficer>
      <SignBlockName>Steven Breckler</SignBlockName>
    </ProgramOfficer>
    <AbstractNarration>Technical Summary. This research examines the consequences of positive and negative affective states on judgment and information processing. Positive and negative moods frequently influence the process of evaluative judgment. In addition, experiencing positive affect also appears to lead individuals to assimilate incoming information to their existing conception of a situation (top down processing), whereas negative affect leads them to accommodate their conception to the incoming information (bottom-up processing). These effects will be examined by manipulating positive and negative moods (e.g., by describing emotional events or watching emotional films) and then observing judgment (e.g., risk estimates, liking judgments) and performance in diverse cognitive tasks (e.g., gambling, impression formation, recognition memory). Experiments will be guided by a framework integrating the explanatory hypotheses of multiple theorists. The research has four specific goals: (1) to resolve issues about how objective and subjective information combine in judgment, (2) to determine under what conditions different theories make accurate predictions about the cognitive consequences of mood, (3) to examine individual differences in attention to emotion to test predictions about the mediating role of subjective experience in these phenomena, and (4) to determine the extent to which positive affect results in active rather than passive assimilation of information. %%% Project Justification. This research examines the influence of emotional feelings on both the content and process of thought. Prior research shows that a person's mood can readily affect one's evaluations and judgments. More recent research also suggests that mood affects how people think. Positive feelings stimulate people to rely on their own knowledge, beliefs, and intuitions, whereas mildly negative feelings lead people to attend outwardly to the situation, to be analytical, and to engage in new learning. These phenomena will be examined by inducing positive and negative moods (by asking participants to describe emotional events they have experienced or to watch emotional films). Of interest is the influence of the emotions on judgment (e.g., risk estimates, liking judgments) and on performance on various tasks (e.g., gambling, forming impressions of others, memory for previously seen material). Different explanations for the findings will be tested, focusing on four specific goals: (1) to learn how people combine information from emotions with information from the real world, (2) to determine when the different theories make accurate predictions about emotional influences, (3) to examine differences among people in how much they pay attention to their emotions and how that plays a role in these phenomena, and (4) to determine the extent to which people are active rather than passive thinkers when experiencing positive emotion.</AbstractNarration>
    <MinAmdLetterDate>05/19/1997</MinAmdLetterDate>
    <MaxAmdLetterDate>09/05/2000</MaxAmdLetterDate>
    <ARRAAmount/>
    <AwardID>9601298</AwardID>
    <Investigator>
      <FirstName>Michael</FirstName>
      <LastName>Robinson</LastName>
      <EmailAddress>michael.d.robinson@ndsu.edu</EmailAddress>
      <StartDate>09/05/2000</StartDate>
      <EndDate/>
      <RoleCode>Principal Investigator</RoleCode>
    </Investigator>
    <Investigator>
      <FirstName>Gerald</FirstName>
      <LastName>Clore</LastName>
      <EmailAddress>gclore@virginia.edu</EmailAddress>
      <StartDate>05/19/1997</StartDate>
      <EndDate>09/05/2000</EndDate>
      <RoleCode>Former Principal Investigator</RoleCode>
    </Investigator>
    <Institution>
      <Name>University of Illinois at Urbana-Champaign</Name>
      <CityName>CHAMPAIGN</CityName>
      <ZipCode>618207473</ZipCode>
      <PhoneNumber>2173332187</PhoneNumber>
      <StreetAddress>SUITE A</StreetAddress>
      <CountryName>United States</CountryName>
      <StateName>Illinois</StateName>
      <StateCode>IL</StateCode>
    </Institution>
    <FoaInformation>
      <Code>0116000</Code>
      <Name>Human Subjects</Name>
    </FoaInformation>
    <ProgramElement>
      <Code>1332</Code>
      <Text>SOCIAL PSYCHOLOGY</Text>
    </ProgramElement>
    <ProgramReference>
      <Code>0000</Code>
      <Text>UNASSIGNED</Text>
    </ProgramReference>
    <ProgramReference>
      <Code>OTHR</Code>
      <Text>OTHER RESEARCH OR EDUCATION</Text>
    </ProgramReference>
  </Award>
</rootTag>
