<?xml version="1.0" encoding="UTF-8"?>

<rootTag>
  <Award>
    <AwardTitle>Economic Survey Response Behavior: Experiments Using A Virtual Laboratory</AwardTitle>
    <AwardEffectiveDate>09/15/1996</AwardEffectiveDate>
    <AwardExpirationDate>02/28/2003</AwardExpirationDate>
    <AwardAmount>45183</AwardAmount>
    <AwardInstrument>
      <Value>Standard Grant</Value>
    </AwardInstrument>
    <Organization>
      <Code>04050100</Code>
      <Directorate>
        <LongName>Direct For Social, Behav &amp; Economic Scie</LongName>
      </Directorate>
      <Division>
        <LongName>Divn Of Social and Economic Sciences</LongName>
      </Division>
    </Organization>
    <ProgramOfficer>
      <SignBlockName>Daniel H. Newlon</SignBlockName>
    </ProgramOfficer>
    <AbstractNarration>Daniel L. McFadden University of California - Berkeley SBR-9601149 Economic and other surveys are plagued by the continuing problem of trying to elicit information about respondents' true behavior. Survey questions must be carefully framed to accomplish the aim of eliciting accurate information. Among the specific problems arising in survey design to be investigated are anchoring and focal points. Anchoring refers to a widely observed and well- documented family effects in which presumably irrelevant cues or settings provided by questions influence responses. For example, subjects asked to judge whether an uncertain quantity, such as the length of the Amazon, exceeds a certain value (the anchor) and then asked for an estimate, will typically give a response that is pulled toward the anchor. Focal point refers to a rounded off, conventional response. For example, subjects asked for the time it takes them to get to work will frequently give answers such as 5, 10, 15, 30, 60 minutes, rather than intermediate values, so that one observes spikes of responses at these focal values even though the true values have a continuous distribution. The research will use econometric methods to infer the extent of these biases and how they might be adjusted for based on experiments with questionnaire design using the internet (world-wide web) as a virtual laboratory.</AbstractNarration>
    <MinAmdLetterDate>08/22/1996</MinAmdLetterDate>
    <MaxAmdLetterDate>03/01/2002</MaxAmdLetterDate>
    <ARRAAmount/>
    <AwardID>9601149</AwardID>
    <Investigator>
      <FirstName>Daniel</FirstName>
      <LastName>McFadden</LastName>
      <EmailAddress>mcfadden@econ.berkeley.edu</EmailAddress>
      <StartDate>08/22/1996</StartDate>
      <EndDate/>
      <RoleCode>Principal Investigator</RoleCode>
    </Investigator>
    <Institution>
      <Name>University of California-Berkeley</Name>
      <CityName>BERKELEY</CityName>
      <ZipCode>947045940</ZipCode>
      <PhoneNumber>5106428109</PhoneNumber>
      <StreetAddress>Sponsored Projects Office</StreetAddress>
      <CountryName>United States</CountryName>
      <StateName>California</StateName>
      <StateCode>CA</StateCode>
    </Institution>
    <FoaInformation>
      <Code>0000099</Code>
      <Name>Other Applications NEC</Name>
    </FoaInformation>
    <FoaInformation>
      <Code>82</Code>
      <Name>Economics</Name>
    </FoaInformation>
  </Award>
</rootTag>
