<?xml version="1.0" encoding="UTF-8"?>

<rootTag>
  <Award>
    <AwardTitle>RAPID: Tsunami Reconnaissance of the 29 September 2009 American Samoa and Samoa Islands Earthquake</AwardTitle>
    <AwardEffectiveDate>12/15/2009</AwardEffectiveDate>
    <AwardExpirationDate>11/30/2010</AwardExpirationDate>
    <AwardAmount>60570</AwardAmount>
    <AwardInstrument>
      <Value>Standard Grant</Value>
    </AwardInstrument>
    <Organization>
      <Code>06040200</Code>
      <Directorate>
        <LongName>Directorate For Geosciences</LongName>
      </Directorate>
      <Division>
        <LongName>Division Of Ocean Sciences</LongName>
      </Division>
    </Organization>
    <ProgramOfficer>
      <SignBlockName>Barbara L. Ransom</SignBlockName>
    </ProgramOfficer>
    <AbstractNarration>This is RAPID response award to study the immediate and transient effects of the large September 29, 2009 earthquake and resulting tsunami in American Samoa. A team of ten experts from eight institutions traveled to the islands to measure and examine impacts of the earthquake and tsunami on built infrastructure, erosion and deposition of sediments, extent and duration of flooding and innundation, and the effectiveness of local warnings and previous outreach and education about the tsunamis and their danger. Broader impacts of the work include inter-institutional collaboration and training of graduate students in rapid response field work. The work will also benefit our understanding of tsunami impacts to engineered structures, to humans, and the natural environment. It will also provide insights into how and how fast populations respond to tsunami warnings, as well as which stimuli and/or types of education elicit the best response.</AbstractNarration>
    <MinAmdLetterDate>12/15/2009</MinAmdLetterDate>
    <MaxAmdLetterDate>12/15/2009</MaxAmdLetterDate>
    <ARRAAmount/>
    <AwardID>1000694</AwardID>
    <Investigator>
      <FirstName>Costas</FirstName>
      <LastName>Synolakis</LastName>
      <EmailAddress>costas@usc.edu</EmailAddress>
      <StartDate>12/15/2009</StartDate>
      <EndDate/>
      <RoleCode>Co-Principal Investigator</RoleCode>
    </Investigator>
    <Investigator>
      <FirstName>Hermann</FirstName>
      <LastName>Fritz</LastName>
      <EmailAddress>fritz@gatech.edu</EmailAddress>
      <StartDate>12/15/2009</StartDate>
      <EndDate/>
      <RoleCode>Principal Investigator</RoleCode>
    </Investigator>
    <Institution>
      <Name>Georgia Tech Research Corporation</Name>
      <CityName>Atlanta</CityName>
      <ZipCode>303320420</ZipCode>
      <PhoneNumber>4048944819</PhoneNumber>
      <StreetAddress>Office of Sponsored Programs</StreetAddress>
      <CountryName>United States</CountryName>
      <StateName>Georgia</StateName>
      <StateCode>GA</StateCode>
    </Institution>
    <FoaInformation>
      <Code>0204000</Code>
      <Name>Oceanography</Name>
    </FoaInformation>
  </Award>
</rootTag>
