<?xml version="1.0" encoding="UTF-8"?>

<rootTag>
  <Award>
    <AwardTitle>Hybrid Dry Cutting - Finish Burnishing of Novel Biodegradable Magnesium-Calcium Implants for Superior Corrosion Performance</AwardTitle>
    <AwardEffectiveDate>08/01/2010</AwardEffectiveDate>
    <AwardExpirationDate>07/31/2014</AwardExpirationDate>
    <AwardAmount>334472</AwardAmount>
    <AwardInstrument>
      <Value>Standard Grant</Value>
    </AwardInstrument>
    <Organization>
      <Code>07030000</Code>
      <Directorate>
        <LongName>Directorate For Engineering</LongName>
      </Directorate>
      <Division>
        <LongName>Div Of Civil, Mechanical, &amp; Manufact Inn</LongName>
      </Division>
    </Organization>
    <ProgramOfficer>
      <SignBlockName>Zhijian Pei</SignBlockName>
    </ProgramOfficer>
    <AbstractNarration>The research objective of this award is to test the hypothesis that superior surface integrity enables a significant increase of corrosion resistance of novel biodegradable orthopedic magnesium-calcium implants. The research approach is to adjust surface integrity of magnesium-calcium implants by a new hybrid dry cutting-finish burnishing process. The specific methodology includes: (1) fabrication of biodegradable, biocompatible, and lightweight magnesium calcium alloys via calcium alloying and characterization of dynamic mechanical behaviors and microstructures, (2) creation of desired surface integrity of implants through the novel hybrid dry cutting-finish burnishing process with acoustic emission process monitoring, (3) development of a microscale finite element analysis model to provide a fundamental understanding on the process mechanics and surface integrity, and (4) characterization of process-induced surface integrity and its effect on biodegradation performance in simulated body fluids.&lt;br/&gt;&lt;br/&gt;The research results will enable progress in biodegradable orthopedic implants via solving the pressing issues of stress shielding and surgical interventions associated with commercial permanent metallic implants. It will provide an insight into the basic relationships between process parameters, surface integrity, and biodegradation performance of orthopedic implants. The benefits to society include the improved life quality and reduced financial burden of the affected individuals. The socioeconomic benefits of biodegradable magnesium-calcium implants will also help boost the competitiveness of the booming medical device manufacturing industry.</AbstractNarration>
    <MinAmdLetterDate>07/20/2010</MinAmdLetterDate>
    <MaxAmdLetterDate>07/20/2010</MaxAmdLetterDate>
    <ARRAAmount/>
    <AwardID>1000706</AwardID>
    <Investigator>
      <FirstName>Yuebin</FirstName>
      <LastName>Guo</LastName>
      <EmailAddress>yguo@eng.ua.edu</EmailAddress>
      <StartDate>07/20/2010</StartDate>
      <EndDate/>
      <RoleCode>Principal Investigator</RoleCode>
    </Investigator>
    <Institution>
      <Name>University of Alabama Tuscaloosa</Name>
      <CityName>Tuscaloosa</CityName>
      <ZipCode>354870005</ZipCode>
      <PhoneNumber>2053485152</PhoneNumber>
      <StreetAddress>801 University Blvd.</StreetAddress>
      <CountryName>United States</CountryName>
      <StateName>Alabama</StateName>
      <StateCode>AL</StateCode>
    </Institution>
    <FoaInformation>
      <Code>0308000</Code>
      <Name>Industrial Technology</Name>
    </FoaInformation>
    <ProgramElement>
      <Code>1468</Code>
      <Text>Manufacturing Machines &amp; Equip</Text>
    </ProgramElement>
    <ProgramReference>
      <Code>082E</Code>
      <Text>MFG MACHINES &amp; METROLOGY</Text>
    </ProgramReference>
    <ProgramReference>
      <Code>083E</Code>
      <Text>MATERIAL TRANSFORMATION PROC</Text>
    </ProgramReference>
    <ProgramReference>
      <Code>9146</Code>
      <Text>MANUFACTURING BASE RESEARCH</Text>
    </ProgramReference>
    <ProgramReference>
      <Code>9150</Code>
      <Text>EXP PROG TO STIM COMP RES</Text>
    </ProgramReference>
    <ProgramReference>
      <Code>MANU</Code>
      <Text>MANUFACTURING</Text>
    </ProgramReference>
  </Award>
</rootTag>
