<?xml version="1.0" encoding="UTF-8"?>

<rootTag>
  <Award>
    <AwardTitle>Constrained Lagrangian and Hamiltonian Mechanics in Fluid-Body Interactions: Analytical Modeling and Computational Methods</AwardTitle>
    <AwardEffectiveDate>09/15/2010</AwardEffectiveDate>
    <AwardExpirationDate>11/30/2015</AwardExpirationDate>
    <AwardAmount>200000</AwardAmount>
    <AwardInstrument>
      <Value>Standard Grant</Value>
    </AwardInstrument>
    <Organization>
      <Code>07030000</Code>
      <Directorate>
        <LongName>Directorate For Engineering</LongName>
      </Directorate>
      <Division>
        <LongName>Div Of Civil, Mechanical, &amp; Manufact Inn</LongName>
      </Division>
    </Organization>
    <ProgramOfficer>
      <SignBlockName>Jordan Berg</SignBlockName>
    </ProgramOfficer>
    <AbstractNarration>This project advances a novel perspective on the theoretical and computational modeling of interactions among solid bodies and vortical fluids, illuminating the fundamental presence of integrable and nonintegrable constraints in Lagrangian and Hamiltonian descriptions of such interactions. The project focuses on four distinct topics: (1) the formal equivalence of gyroscopic lift forces to nonholonomic forces of constraint, (2) the mathematical treatment of conditions of flow attachment or stagnation as holonomic or nonholonomic constraints, (3) the resolution of the Hamiltonian structure underpinning interactions of free bodies with discrete vortex distributions into constrained and unconstrained components, and (4) the realization of variational integration methods which preserve balance principles between vortex shedding from solid surfaces and the corresponding development of surface forces.&lt;br/&gt;&lt;br/&gt;Problems involving the dynamic interaction of fluids with solid structures abound in the natural and engineered worlds. A deeper understanding of such interactions promises to improve the design of systems ranging from robotic vehicles to energy-harvesting devices, but the subtle physics underpinning such interactions presents challenges to traditional mathematical modeling methods. This project will explore fundamental parallels between the modeling of fluid-structure interactions and the modeling of other mechanical phenomena, with the goal of illuminating pervasive physical principles and novel analytical techniques.</AbstractNarration>
    <MinAmdLetterDate>09/07/2010</MinAmdLetterDate>
    <MaxAmdLetterDate>08/25/2015</MaxAmdLetterDate>
    <ARRAAmount/>
    <AwardID>1000652</AwardID>
    <Investigator>
      <FirstName>Scott</FirstName>
      <LastName>Kelly</LastName>
      <EmailAddress>scott.kelly@uncc.edu</EmailAddress>
      <StartDate>09/07/2010</StartDate>
      <EndDate/>
      <RoleCode>Principal Investigator</RoleCode>
    </Investigator>
    <Institution>
      <Name>University of North Carolina at Charlotte</Name>
      <CityName>CHARLOTTE</CityName>
      <ZipCode>282230001</ZipCode>
      <PhoneNumber>7046871888</PhoneNumber>
      <StreetAddress>9201 University City Boulevard</StreetAddress>
      <CountryName>United States</CountryName>
      <StateName>North Carolina</StateName>
      <StateCode>NC</StateCode>
    </Institution>
    <ProgramElement>
      <Code>7478</Code>
      <Text>DYNAMICAL SYSTEMS</Text>
    </ProgramElement>
    <ProgramReference>
      <Code>034E</Code>
      <Text>Dynamical systems</Text>
    </ProgramReference>
    <ProgramReference>
      <Code>036E</Code>
      <Text>CIVIL INFRASTRUCTURE</Text>
    </ProgramReference>
    <ProgramReference>
      <Code>1057</Code>
      <Text>CIS BASE RESEARCH</Text>
    </ProgramReference>
    <ProgramReference>
      <Code>CVIS</Code>
      <Text>CIVIL INFRASTRUCTURE</Text>
    </ProgramReference>
  </Award>
</rootTag>
