<?xml version="1.0" encoding="UTF-8"?>

<rootTag>
  <Award>
    <AwardTitle>Molecular Engineering of Biomimetic Hydrogel-Based Lubricious Films</AwardTitle>
    <AwardEffectiveDate>05/01/2010</AwardEffectiveDate>
    <AwardExpirationDate>04/30/2014</AwardExpirationDate>
    <AwardAmount>284518</AwardAmount>
    <AwardInstrument>
      <Value>Standard Grant</Value>
    </AwardInstrument>
    <Organization>
      <Code>07030000</Code>
      <Directorate>
        <LongName>Directorate For Engineering</LongName>
      </Directorate>
      <Division>
        <LongName>Div Of Civil, Mechanical, &amp; Manufact Inn</LongName>
      </Division>
    </Organization>
    <ProgramOfficer>
      <SignBlockName>Alexis Lewis</SignBlockName>
    </ProgramOfficer>
    <AbstractNarration>The research objective of this award is to examine biomimetic "smart" artificial lubricants and determine the role of interfacial interactions on the tribological properties of confined polymeric thin films at a microscopic level. The intelligent lubricious films will be constructed by molecular engineering of stimuli-responsive poly (N-isopropylacrylamide) (PNIPAM) hydrogel thin films added with hyaluronic acid (HA) to simulate the lubricin-HA complexes in natural synovial fluids. The interfacial materials properties of these colloidal lubricants can be actively tuned and optimized by external stimuli, such as temperature and biopolymer additives, to mimic the super-lubricity of synovial fluids. Concurrent single-particle imaging and interfacial force experiments will be conducted to examine how the polymeric microstructures and dynamics endow specific viscoelasticity of confined PNIPAM-HA thin films of varied film thickness.&lt;br/&gt;&lt;br/&gt;If successful, the results of this research will elucidate the biolubrication mechanism and advance the understanding of arthritis and dry-eye symptoms as well as the engineering of intelligent thin films with optimal lubrication properties. The microstructure-viscoelasticity relationship of confined lubricious thin films, deciphered at a single-particle level, will give insight to the fundamentals in atomic and nano scale lubrication phenomena. The knowledge gained from this endeavor can be transformed to rationally design intelligent biomimetic polymeric assemblies or coatings relevant to artificial biolubricants and lubricious biomedical devices. Graduate and undergraduate student participants, as well as underrepresented minorities such as female students in engineering majors, will be trained with new and advanced materials characterization techniques through classroom instruction and laboratory research. This project also seeks to establish a strong coalition with lubrication and automotive industries as well as Indiana?s local orthopedic industry to help students, scientists, and engineers work well together.</AbstractNarration>
    <MinAmdLetterDate>04/21/2010</MinAmdLetterDate>
    <MaxAmdLetterDate>08/10/2013</MaxAmdLetterDate>
    <ARRAAmount/>
    <AwardID>1000429</AwardID>
    <Investigator>
      <FirstName>Yingxi (Elaine)</FirstName>
      <LastName>Zhu</LastName>
      <EmailAddress>fr5348@wayne.edu</EmailAddress>
      <StartDate>04/21/2010</StartDate>
      <EndDate/>
      <RoleCode>Principal Investigator</RoleCode>
    </Investigator>
    <Institution>
      <Name>University of Notre Dame</Name>
      <CityName>NOTRE DAME</CityName>
      <ZipCode>465565708</ZipCode>
      <PhoneNumber>5746317432</PhoneNumber>
      <StreetAddress>940 Grace Hall</StreetAddress>
      <CountryName>United States</CountryName>
      <StateName>Indiana</StateName>
      <StateCode>IN</StateCode>
    </Institution>
    <ProgramElement>
      <Code>1633</Code>
      <Text>MATERIALS AND SURFACE ENG</Text>
    </ProgramElement>
    <ProgramReference>
      <Code>022E</Code>
      <Text>SOLID MECHANICS</Text>
    </ProgramReference>
    <ProgramReference>
      <Code>024E</Code>
      <Text>MATERIALS DESIGN</Text>
    </ProgramReference>
    <ProgramReference>
      <Code>116E</Code>
      <Text>RESEARCH EXP FOR UNDERGRADS</Text>
    </ProgramReference>
    <ProgramReference>
      <Code>1444</Code>
      <Text>SURFACE ENGINEERING</Text>
    </ProgramReference>
    <ProgramReference>
      <Code>8021</Code>
      <Text>Materials Engineering</Text>
    </ProgramReference>
    <ProgramReference>
      <Code>8086</Code>
      <Text>Natl Robotics Initiative (NRI)</Text>
    </ProgramReference>
    <ProgramReference>
      <Code>9102</Code>
      <Text>WOMEN, MINORITY, DISABLED, NEC</Text>
    </ProgramReference>
    <ProgramReference>
      <Code>9161</Code>
      <Text>SINGLE DIVISION/UNIVERSITY</Text>
    </ProgramReference>
    <ProgramReference>
      <Code>9178</Code>
      <Text>UNDERGRADUATE EDUCATION</Text>
    </ProgramReference>
    <ProgramReference>
      <Code>9231</Code>
      <Text>SUPPL FOR UNDERGRAD RES ASSIST</Text>
    </ProgramReference>
    <ProgramReference>
      <Code>9251</Code>
      <Text>RES EXPER FOR UNDERGRAD-SUPPLT</Text>
    </ProgramReference>
    <ProgramReference>
      <Code>AMPP</Code>
      <Text>ADVANCED MATERIALS &amp; PROCESSING PROGRAM</Text>
    </ProgramReference>
  </Award>
</rootTag>
