<?xml version="1.0" encoding="UTF-8"?>

<rootTag>
  <Award>
    <AwardTitle>Uncertainty Quantification for the Kinematic Approach to Compliant Mechanism Design</AwardTitle>
    <AwardEffectiveDate>05/01/2010</AwardEffectiveDate>
    <AwardExpirationDate>04/30/2015</AwardExpirationDate>
    <AwardAmount>369572</AwardAmount>
    <AwardInstrument>
      <Value>Standard Grant</Value>
    </AwardInstrument>
    <Organization>
      <Code>07030000</Code>
      <Directorate>
        <LongName>Directorate For Engineering</LongName>
      </Directorate>
      <Division>
        <LongName>Div Of Civil, Mechanical, &amp; Manufact Inn</LongName>
      </Division>
    </Organization>
    <ProgramOfficer>
      <SignBlockName>Massimo Ruzzene</SignBlockName>
    </ProgramOfficer>
    <AbstractNarration>The research objective of this award is to create and test modeling methods for the design and analysis of compliant mechanisms with quantifiable accuracy. This objective will be accomplished through four research tasks: 1) the implementation of a novel kinematic approach for modeling components of compliant mechanism (flexures), 2) a computational investigation of how these components are mathematically sensitive to variations in geometry and materials properties, 3) determination of synergistic effects on motion and stiffness when the components are combined into planar and spatial mechanisms, and 4) the design, fabrication, and testing of planar and spatial Micro-electromechanical Systems (MEMS) that demonstrate the modeling approach. &lt;br/&gt;&lt;br/&gt;In terms of the broader impact on society this research will generate fundamental advances in compliant mechanism design and MEMS applications. The modeling approach provides designers with mathematical and visualization tools for understanding compliant mechanisms. The modeling approach will enable breakthroughs in the design of spatial compliant mechanisms. The spatial compliant mechanisms enabled by this research will find applications in medicine, optics and tactile displays. In particular, future work utilizing compliant mechanisms is planned in laparoscopy, spinal fixation and repair. Graduate and undergraduate students will benefit from classroom instruction, participation in design projects, and the use of design and analysis tools at a professional level. This project contributes to the NSF goal of training and educating students in the nano and MEMS new research areas.</AbstractNarration>
    <MinAmdLetterDate>03/29/2010</MinAmdLetterDate>
    <MaxAmdLetterDate>03/29/2010</MaxAmdLetterDate>
    <ARRAAmount/>
    <AwardID>1000138</AwardID>
    <Investigator>
      <FirstName>Alex</FirstName>
      <LastName>Volinsky</LastName>
      <EmailAddress>volinsky@usf.edu</EmailAddress>
      <StartDate>03/29/2010</StartDate>
      <EndDate/>
      <RoleCode>Co-Principal Investigator</RoleCode>
    </Investigator>
    <Investigator>
      <FirstName>Craig</FirstName>
      <LastName>Lusk</LastName>
      <EmailAddress>clusk2@eng.usf.edu</EmailAddress>
      <StartDate>03/29/2010</StartDate>
      <EndDate/>
      <RoleCode>Principal Investigator</RoleCode>
    </Investigator>
    <Institution>
      <Name>University of South Florida</Name>
      <CityName>Tampa</CityName>
      <ZipCode>336129446</ZipCode>
      <PhoneNumber>8139742897</PhoneNumber>
      <StreetAddress>3702 Spectrum Blvd.</StreetAddress>
      <CountryName>United States</CountryName>
      <StateName>Florida</StateName>
      <StateCode>FL</StateCode>
    </Institution>
    <ProgramElement>
      <Code>1464</Code>
      <Text>ENGINEERING DESIGN AND INNOVAT</Text>
    </ProgramElement>
    <ProgramReference>
      <Code>067E</Code>
      <Text>DESIGN TOOLS</Text>
    </ProgramReference>
    <ProgramReference>
      <Code>068E</Code>
      <Text>DESIGN THEORY</Text>
    </ProgramReference>
    <ProgramReference>
      <Code>9146</Code>
      <Text>MANUFACTURING BASE RESEARCH</Text>
    </ProgramReference>
    <ProgramReference>
      <Code>9148</Code>
      <Text>TOOLS &amp; TECHNOL FOR MANUFACTURING DESIGN</Text>
    </ProgramReference>
    <ProgramReference>
      <Code>MANU</Code>
      <Text>MANUFACTURING</Text>
    </ProgramReference>
  </Award>
</rootTag>
