<?xml version="1.0" encoding="UTF-8"?>

<rootTag>
  <Award>
    <AwardTitle>Collaborative Research: Application-adaptive I/O Stack for Data-intensive Scientific Computing</AwardTitle>
    <AwardEffectiveDate>07/01/2009</AwardEffectiveDate>
    <AwardExpirationDate>08/31/2010</AwardExpirationDate>
    <AwardAmount>64843</AwardAmount>
    <AwardInstrument>
      <Value>Standard Grant</Value>
    </AwardInstrument>
    <Organization>
      <Code>05010000</Code>
      <Directorate>
        <LongName>Direct For Computer &amp; Info Scie &amp; Enginr</LongName>
      </Directorate>
      <Division>
        <LongName>Division of Computing and Communication Foundations</LongName>
      </Division>
    </Organization>
    <ProgramOfficer>
      <SignBlockName>Almadena Y. Chtchelkanova</SignBlockName>
    </ProgramOfficer>
    <AbstractNarration>Advances in computational sciences have been greatly accelerated by the rapid growth of high-end computing (HEC) facilities. However, the continuous speedup of end-to-end scientific discovery cycles relies on the ability to store, share, and analyze the terabytes and petabytes of data generated by today's supercomputers. With the growing performance gap between I/O systems and processor/memory units, data storage and accesses are inevitably becoming more bottleneck-prone. &lt;br/&gt;&lt;br/&gt;In this proposal, we address the I/O stack performance problem with adaptive optimizations at multiple layers of the HEC I/O stack (from high-level scientific data libraries to secondary storage devices and archiving systems), and propose effective communication schemes to integrate such optimizations across layers. In particular, our proposed PATIO (Parallel AdapTive I/O) framework explores multi-layer caching/prefetching that coordinates storage resources ranging from processors to tape archiving systems. This novel approach will bridge existing disjoint optimization efforts at each individual layer and responds to the critical call of improving the overall I/O system performance with increasingly deep HEC I/O stacks.</AbstractNarration>
    <MinAmdLetterDate>10/21/2009</MinAmdLetterDate>
    <MaxAmdLetterDate>10/21/2009</MaxAmdLetterDate>
    <ARRAAmount/>
    <AwardID>1001160</AwardID>
    <Investigator>
      <FirstName>Yuanyuan</FirstName>
      <LastName>Zhou</LastName>
      <EmailAddress>yyzhou@cs.ucsd.edu</EmailAddress>
      <StartDate>10/21/2009</StartDate>
      <EndDate/>
      <RoleCode>Principal Investigator</RoleCode>
    </Investigator>
    <Institution>
      <Name>University of California-San Diego</Name>
      <CityName>La Jolla</CityName>
      <ZipCode>920930934</ZipCode>
      <PhoneNumber>8585344896</PhoneNumber>
      <StreetAddress>Office of Contract &amp; Grant Admin</StreetAddress>
      <CountryName>United States</CountryName>
      <StateName>California</StateName>
      <StateCode>CA</StateCode>
    </Institution>
    <FoaInformation>
      <Code>0000912</Code>
      <Name>Computer Science</Name>
    </FoaInformation>
    <ProgramElement>
      <Code>7352</Code>
      <Text>COMPUTING PROCESSES &amp; ARTIFACT</Text>
    </ProgramElement>
    <ProgramElement>
      <Code>7583</Code>
      <Text>ITR-HECURA</Text>
    </ProgramElement>
    <ProgramReference>
      <Code>9218</Code>
      <Text>BASIC RESEARCH &amp; HUMAN RESORCS</Text>
    </ProgramReference>
    <ProgramReference>
      <Code>HPCC</Code>
      <Text>HIGH PERFORMANCE COMPUTING &amp; COMM</Text>
    </ProgramReference>
  </Award>
</rootTag>
