<?xml version="1.0" encoding="UTF-8"?>

<rootTag>
  <Award>
    <AwardTitle>Improving Power Quality and Safety Operation of Multiple Grid-Connected Residential Photovoltaic (PV) Systems with Distributed Storage, Control and Power Conditioning Systems</AwardTitle>
    <AwardEffectiveDate>07/01/2010</AwardEffectiveDate>
    <AwardExpirationDate>09/30/2014</AwardExpirationDate>
    <AwardAmount>349545</AwardAmount>
    <AwardInstrument>
      <Value>Continuing grant</Value>
    </AwardInstrument>
    <Organization>
      <Code>07010000</Code>
      <Directorate>
        <LongName>Directorate For Engineering</LongName>
      </Directorate>
      <Division>
        <LongName>Div Of Electrical, Commun &amp; Cyber Sys</LongName>
      </Division>
    </Organization>
    <ProgramOfficer>
      <SignBlockName>Radhakisan S. Baheti</SignBlockName>
    </ProgramOfficer>
    <AbstractNarration>Improving Power Quality and Safety Operation of Multiple Grid-Connected Residential Photovoltaic (PV) Systems with Distributed Storage, Control and Power Conditioning Systems&lt;br/&gt;&lt;br/&gt;&lt;br/&gt;Abstract&lt;br/&gt;&lt;br/&gt;The objective of this research is to develop advanced technologies to solve the widely-recognized but yet unsolved technical issues for multiple residential photovoltaic (PV) systems when they are connected to the grid. The approach is to integrate a local energy storage device to a PV system by using a cascaded multi-level circuit configuration, design control strategy to achieve both dispatching power and enhanced voltage regulation capability, develop the effective model of energy storage device to enhance the power management and increase lifetime, and build a power hardware-in-the-loop test bed so the developed converter hardware can be evaluated under a system environment emulated using software.&lt;br/&gt;&lt;br/&gt;Intellectual Merits: This project brings together two investigators from different areas in a well integrated project. By combining the complementary expertise of each investigator in power electronics and energy storage areas, the advantages of storage integrated PV systems can be fully exploited to enhance the power quality of the grid as well as the safety operation, which are essential for higher penetration of residential PV systems.&lt;br/&gt;&lt;br/&gt;Broad Impact: The developed technology will help to boost a large installation of PV systems in the residential sector; This research will also help to reduce the peak power demand of the grid and smart self-management of local energy, thus assisting in the development of future smart grids; The research will provide useful guidelines for the increased integration of other distributed energy sources into the electrical grid, therefore help promote a greater and more reliable renewable energy market penetration; The education plan will help to educate a new workforce in the renewable energy field, especially in support of local green businesses, and expose the research results to K-12 students.</AbstractNarration>
    <MinAmdLetterDate>06/14/2010</MinAmdLetterDate>
    <MaxAmdLetterDate>03/22/2012</MaxAmdLetterDate>
    <ARRAAmount/>
    <AwardID>1001415</AwardID>
    <Investigator>
      <FirstName>Hui</FirstName>
      <LastName>Li</LastName>
      <EmailAddress>li@eng.fsu.edu</EmailAddress>
      <StartDate>06/14/2010</StartDate>
      <EndDate/>
      <RoleCode>Principal Investigator</RoleCode>
    </Investigator>
    <Investigator>
      <FirstName>Jim</FirstName>
      <LastName>Zheng</LastName>
      <EmailAddress>zheng@eng.fsu.edu</EmailAddress>
      <StartDate>06/14/2010</StartDate>
      <EndDate/>
      <RoleCode>Co-Principal Investigator</RoleCode>
    </Investigator>
    <Institution>
      <Name>Florida State University</Name>
      <CityName>TALLAHASSEE</CityName>
      <ZipCode>323064166</ZipCode>
      <PhoneNumber>8506445260</PhoneNumber>
      <StreetAddress>874 Traditions Way, 3rd Floor</StreetAddress>
      <CountryName>United States</CountryName>
      <StateName>Florida</StateName>
      <StateCode>FL</StateCode>
    </Institution>
  </Award>
</rootTag>
