<?xml version="1.0" encoding="UTF-8"?>

<rootTag>
  <Award>
    <AwardTitle>Moduli spaces of objects in derived categories</AwardTitle>
    <AwardEffectiveDate>07/15/2010</AwardEffectiveDate>
    <AwardExpirationDate>10/31/2011</AwardExpirationDate>
    <AwardAmount>120674</AwardAmount>
    <AwardInstrument>
      <Value>Standard Grant</Value>
    </AwardInstrument>
    <Organization>
      <Code>03040000</Code>
      <Directorate>
        <LongName>Direct For Mathematical &amp; Physical Scien</LongName>
      </Directorate>
      <Division>
        <LongName>Division Of Mathematical Sciences</LongName>
      </Division>
    </Organization>
    <ProgramOfficer>
      <SignBlockName>Tie Luo</SignBlockName>
    </ProgramOfficer>
    <AbstractNarration>The aim of this project is to investigate some instances of the theory of derived categories of coherent sheaves.&lt;br/&gt;In particular, the P.I. has three main objectives:&lt;br/&gt;(1) To study the geometry of moduli spaces of complexes for the projective plane, K3 surfaces and cubic 4-folds.&lt;br/&gt;(2) To realize ``classical'' questions and conjectures in enumerative geometry as wall-crossing phenomena in derived category, the starting example being the total space of the canonical bundle over the projective plane.&lt;br/&gt;(3) To give a complete description of equivalences between the derived categories of K3 surfaces and of their deformations.&lt;br/&gt;&lt;br/&gt;The broader context of this project is the area of algebraic geometry.&lt;br/&gt;Starting as a pure mathematical subject, in the recent years algebraic geometry has seen many interactions with other areas of science.&lt;br/&gt;The present project is motivated and inspired precisely by connections, envisioned by the Fields Medal winner M. Kontsevich almost twenty years ago, with theoretical physics and string theory.&lt;br/&gt;In particular, by bringing intuition and techniques from physics to tackle classical problems in pure mathematics and, vice versa, to provide mathematical rigorous foundations to physics constructions.</AbstractNarration>
    <MinAmdLetterDate>07/02/2010</MinAmdLetterDate>
    <MaxAmdLetterDate>07/02/2010</MaxAmdLetterDate>
    <ARRAAmount/>
    <AwardID>1001482</AwardID>
    <Investigator>
      <FirstName>Emanuele</FirstName>
      <LastName>Macri</LastName>
      <EmailAddress>e.macri@neu.edu</EmailAddress>
      <StartDate>07/02/2010</StartDate>
      <EndDate/>
      <RoleCode>Principal Investigator</RoleCode>
    </Investigator>
    <Institution>
      <Name>University of Utah</Name>
      <CityName>SALT LAKE CITY</CityName>
      <ZipCode>841128930</ZipCode>
      <PhoneNumber>8015816903</PhoneNumber>
      <StreetAddress>75 S 2000 E</StreetAddress>
      <CountryName>United States</CountryName>
      <StateName>Utah</StateName>
      <StateCode>UT</StateCode>
    </Institution>
    <ProgramElement>
      <Code>1264</Code>
      <Text>ALGEBRA,NUMBER THEORY,AND COM</Text>
    </ProgramElement>
    <ProgramElement>
      <Code>9150</Code>
      <Text>EXP PROG TO STIM COMP RES</Text>
    </ProgramElement>
    <ProgramReference>
      <Code>9150</Code>
      <Text>EXP PROG TO STIM COMP RES</Text>
    </ProgramReference>
  </Award>
</rootTag>
