<?xml version="1.0" encoding="UTF-8"?>

<rootTag>
  <Award>
    <AwardTitle>SENCER-ISE: A Conference to Create Partnerships betweeen Formal and Informal Science Educators to Advance STEM Learning through Civic Engagement</AwardTitle>
    <AwardEffectiveDate>08/01/2010</AwardEffectiveDate>
    <AwardExpirationDate>07/31/2012</AwardExpirationDate>
    <AwardAmount>239260</AwardAmount>
    <AwardInstrument>
      <Value>Standard Grant</Value>
    </AwardInstrument>
    <Organization>
      <Code>11090000</Code>
      <Directorate>
        <LongName>Direct For Education and Human Resources</LongName>
      </Directorate>
      <Division>
        <LongName>Division Of Research On Learning</LongName>
      </Division>
    </Organization>
    <ProgramOfficer>
      <SignBlockName>Alphonse T. DeSena</SignBlockName>
    </ProgramOfficer>
    <AbstractNarration>This conference proposal, organized by the National Center for Science and Civic Engagement, is convening professionals both in higher education and in informal science education, all of whom have done work or are seriously interested in the interface of science, society and civic engagement. The purpose of the conference is to build bridges between and explore new connections among these communities around their mutual interests in emerging educational practices that promote self-directed learning in STEM through connections with matters of civic consequence.</AbstractNarration>
    <MinAmdLetterDate>08/06/2010</MinAmdLetterDate>
    <MaxAmdLetterDate>08/06/2010</MaxAmdLetterDate>
    <ARRAAmount/>
    <AwardID>1001795</AwardID>
    <Investigator>
      <FirstName>William David</FirstName>
      <LastName>Burns</LastName>
      <EmailAddress>david.burns@sencer.net</EmailAddress>
      <StartDate>08/06/2010</StartDate>
      <EndDate/>
      <RoleCode>Principal Investigator</RoleCode>
    </Investigator>
    <Institution>
      <Name>HARRISBURG UNIVERSITY OF SCIENCE AND TECHNOLOGY, THE</Name>
      <CityName>Harrisburg</CityName>
      <ZipCode>171012116</ZipCode>
      <PhoneNumber>7179015120</PhoneNumber>
      <StreetAddress>326 Market Street 14th Fl</StreetAddress>
      <CountryName>United States</CountryName>
      <StateName>Pennsylvania</StateName>
      <StateCode>PA</StateCode>
    </Institution>
    <ProgramElement>
      <Code>7259</Code>
      <Text>AISL</Text>
    </ProgramElement>
    <ProgramElement>
      <Code>7492</Code>
      <Text>CCLI-Type 2 (Expansion)</Text>
    </ProgramElement>
  </Award>
</rootTag>
