<?xml version="1.0" encoding="UTF-8"?>

<rootTag>
  <Award>
    <AwardTitle>Wall-Crossing for Moduli Spaces of Bridgeland-Stable Objects, Birational Geometry and Gromov-Witten Theory</AwardTitle>
    <AwardEffectiveDate>05/01/2009</AwardEffectiveDate>
    <AwardExpirationDate>06/30/2013</AwardExpirationDate>
    <AwardAmount>76405</AwardAmount>
    <AwardInstrument>
      <Value>Standard Grant</Value>
    </AwardInstrument>
    <Organization>
      <Code>03040000</Code>
      <Directorate>
        <LongName>Direct For Mathematical &amp; Physical Scien</LongName>
      </Directorate>
      <Division>
        <LongName>Division Of Mathematical Sciences</LongName>
      </Division>
    </Organization>
    <ProgramOfficer>
      <SignBlockName>Matthew Douglass</SignBlockName>
    </ProgramOfficer>
    <AbstractNarration>In this project, the PI will study stability conditions on the derived categories of coherent sheaves on algebraic varieties. More specifically, it will consider the behavior of moduli spaces of stable objects under a change of the stability conditions (``wall-crossing''). The PI will study the significance of wall-crossing to birational geometry, and to enumerative questions related to Donaldson-Thomas and Gromov-Witten invariants. &lt;br/&gt;&lt;br/&gt;&lt;br/&gt;The study of moduli spaces has been one of the driving forces of algebraic geometry in the last 50 years. It can give answers to fundamental questions about how ``objects''---such as vector bundles, curves, maps---behave in ``families''. On the other hand, the topic of derived categories has seen a remarkable development in the last 15 years with input from string theory, symplectic geometry and algebraic geometry. The projects of this proposal combine these two guiding principles. Since wall-crossing is a phenomenon of general interest to each of the above-mentioned disciplines, the investigator hopes to contribute to the existing fruitful interdisciplinary collaboration.</AbstractNarration>
    <MinAmdLetterDate>01/14/2010</MinAmdLetterDate>
    <MaxAmdLetterDate>11/08/2012</MaxAmdLetterDate>
    <ARRAAmount/>
    <AwardID>1001056</AwardID>
    <Investigator>
      <FirstName>Arend</FirstName>
      <LastName>Bayer</LastName>
      <EmailAddress>arend.bayer@ed.ac.uk</EmailAddress>
      <StartDate>01/14/2010</StartDate>
      <EndDate/>
      <RoleCode>Principal Investigator</RoleCode>
    </Investigator>
    <Institution>
      <Name>University of Connecticut</Name>
      <CityName>Storrs</CityName>
      <ZipCode>062691133</ZipCode>
      <PhoneNumber>8604863622</PhoneNumber>
      <StreetAddress>438 Whitney Road Ext.</StreetAddress>
      <CountryName>United States</CountryName>
      <StateName>Connecticut</StateName>
      <StateCode>CT</StateCode>
    </Institution>
    <FoaInformation>
      <Code>0000099</Code>
      <Name>Other Applications NEC</Name>
    </FoaInformation>
    <ProgramElement>
      <Code>1264</Code>
      <Text>ALGEBRA,NUMBER THEORY,AND COM</Text>
    </ProgramElement>
    <ProgramReference>
      <Code>0000</Code>
      <Text>UNASSIGNED</Text>
    </ProgramReference>
    <ProgramReference>
      <Code>OTHR</Code>
      <Text>OTHER RESEARCH OR EDUCATION</Text>
    </ProgramReference>
  </Award>
</rootTag>
