<?xml version="1.0" encoding="UTF-8"?>

<rootTag>
  <Award>
    <AwardTitle>Conjugated Polymer Tunneling Devices for Plastic Electronic Memory</AwardTitle>
    <AwardEffectiveDate>06/15/2010</AwardEffectiveDate>
    <AwardExpirationDate>11/30/2015</AwardExpirationDate>
    <AwardAmount>354000</AwardAmount>
    <AwardInstrument>
      <Value>Continuing grant</Value>
    </AwardInstrument>
    <Organization>
      <Code>07010000</Code>
      <Directorate>
        <LongName>Directorate For Engineering</LongName>
      </Directorate>
      <Division>
        <LongName>Div Of Electrical, Commun &amp; Cyber Sys</LongName>
      </Division>
    </Organization>
    <ProgramOfficer>
      <SignBlockName>Nadia El-Masry</SignBlockName>
    </ProgramOfficer>
    <AbstractNarration>The objective of this research is to advance polymer tunnel diodes and circuits for ultra-low power self-powered computing. Advances by this team for the first conjugated polymer based tunnel diode circuitry using room temperature negative differential resistance (NDR) enable new opportunities for low-power consumption circuitry (logic, memory and mixed-signal). NDR circuitry can provide (i) component count reduction (more computational power per unit area), (ii) lower power consumption (fewer devices per logic function). This extends beyond the functionality and on-board intelligence of organic RFIDs while operating autonomously powered. The approach will use a systematic exploration and development of polymer tunnel diodes in three vertically integrated research thrusts: (i) novel materials, (ii) device technology, and (iii) system applications and impact.&lt;br/&gt;&lt;br/&gt;The proposed project will establish a world-class program in polymer tunnel diodes that will advance low-power autonomous powered electronics, low-temperature processing of high-k dielectrics, understanding of role of defects in tunneling through ultra-thin high-k dielectrics, biosensors and polymer solar cells. &lt;br/&gt;&lt;br/&gt;The integrated research, education and technology transfer will advance SmartCard technology (credit cards and identification cards) with greater on-board intelligence, permitting enhanced data manipulation, distributed computing, radio frequency (RF) input/output (I/O) datalinks, and possibly even hardwired encryption algorithms to protect personal data better than traditional magnetic strips. The proposed research project will create a unique and focused program that incorporates a wide-range of external collaborations with industry, government labs and academia.</AbstractNarration>
    <MinAmdLetterDate>06/16/2010</MinAmdLetterDate>
    <MaxAmdLetterDate>04/21/2015</MaxAmdLetterDate>
    <ARRAAmount/>
    <AwardID>1002240</AwardID>
    <Investigator>
      <FirstName>Paul</FirstName>
      <LastName>Berger</LastName>
      <EmailAddress>pberger@ieee.org</EmailAddress>
      <StartDate>06/16/2010</StartDate>
      <EndDate/>
      <RoleCode>Principal Investigator</RoleCode>
    </Investigator>
    <Institution>
      <Name>Ohio State University</Name>
      <CityName>Columbus</CityName>
      <ZipCode>432101016</ZipCode>
      <PhoneNumber>6146888735</PhoneNumber>
      <StreetAddress>Office of Sponsored Programs</StreetAddress>
      <CountryName>United States</CountryName>
      <StateName>Ohio</StateName>
      <StateCode>OH</StateCode>
    </Institution>
    <ProgramElement>
      <Code>1517</Code>
      <Text>ELECT, PHOTONICS, &amp; MAG DEVICE</Text>
    </ProgramElement>
    <ProgramElement>
      <Code>7298</Code>
      <Text>COLLABORATIVE RESEARCH</Text>
    </ProgramElement>
    <ProgramReference>
      <Code>9251</Code>
      <Text>RES EXPER FOR UNDERGRAD-SUPPLT</Text>
    </ProgramReference>
    <ProgramReference>
      <Code>101E</Code>
      <Text>Printed and flexible electronics</Text>
    </ProgramReference>
    <ProgramReference>
      <Code>5935</Code>
      <Text>FINLAND</Text>
    </ProgramReference>
    <ProgramReference>
      <Code>5917</Code>
      <Text>ROMANIA</Text>
    </ProgramReference>
    <ProgramReference>
      <Code>5979</Code>
      <Text>Europe and Eurasia</Text>
    </ProgramReference>
  </Award>
</rootTag>
