<?xml version="1.0" encoding="UTF-8"?>

<rootTag>
  <Award>
    <AwardTitle>Nonlinear Model Updating Using Ambient Responses For Damage Diagnosis In Concrete Structures</AwardTitle>
    <AwardEffectiveDate>09/15/2009</AwardEffectiveDate>
    <AwardExpirationDate>08/31/2011</AwardExpirationDate>
    <AwardAmount>40031</AwardAmount>
    <AwardInstrument>
      <Value>Standard Grant</Value>
    </AwardInstrument>
    <Organization>
      <Code>07030000</Code>
      <Directorate>
        <LongName>Directorate For Engineering</LongName>
      </Directorate>
      <Division>
        <LongName>Div Of Civil, Mechanical, &amp; Manufact Inn</LongName>
      </Division>
    </Organization>
    <ProgramOfficer>
      <SignBlockName>Kishor Mehta</SignBlockName>
    </ProgramOfficer>
    <AbstractNarration>Abstract: &lt;br/&gt;&lt;br/&gt;The focus of the research is on the development of a reliable method to update nonlinear finite element models of concrete structures to represent the damaged state of the structure. Ambient responses, combined with an understanding of the structure?s fundamental hysteretic behavior, will be used to generate the updated nonlinear finite element model. Such updated models are essential for determining the remaining lifetime of these structures and identifying repair/replacement priorities. Current global, vibration-based techniques have the ability to accurately identify linear elastic stiffness parameters for an appropriately defined identification model through ambient testing. However, existing damage diagnosis techniques are primarily limited to linear models in which the stiffness of some of the elements is reduced to represent damage by relating it to the change in the modal characteristics of the structure. The primary goals of the research efforts include: gaining an understanding of the fundamental behaviors of this class of structures; developing experimentally-verified, improved nonlinear constitutive models for civil engineering structures that can capture the salient features of the hysteretic response; developing a method for the assessment of the condition of a damaged structure when the elastic stiffness has deteriorated; validating the proposed methodology to relate structural damage to changes in elastic stiffness, resulting in a model that will be able to predict the capacity. Degradation in the elastic stiffness of the structure will be related to a reduced set of damage parameters that identify the state of the constitutive models in the nonlinear finite element model. Parametric identification models will be constructed appropriately to relate the damage parameters to the reduced initial stiffness values based on ambient response measurements. Currently available modal identification and parameter identification techniques based on ambient vibration responses will be employed and improved for determination of elastic stiffness parameters.</AbstractNarration>
    <MinAmdLetterDate>10/19/2009</MinAmdLetterDate>
    <MaxAmdLetterDate>10/19/2009</MaxAmdLetterDate>
    <ARRAAmount/>
    <AwardID>1002641</AwardID>
    <Investigator>
      <FirstName>Shirley</FirstName>
      <LastName>Dyke</LastName>
      <EmailAddress>sdyke@purdue.edu</EmailAddress>
      <StartDate>10/19/2009</StartDate>
      <EndDate/>
      <RoleCode>Principal Investigator</RoleCode>
    </Investigator>
    <Institution>
      <Name>Purdue University</Name>
      <CityName>West Lafayette</CityName>
      <ZipCode>479072114</ZipCode>
      <PhoneNumber>7654941055</PhoneNumber>
      <StreetAddress>Young Hall</StreetAddress>
      <CountryName>United States</CountryName>
      <StateName>Indiana</StateName>
      <StateCode>IN</StateCode>
    </Institution>
    <ProgramElement>
      <Code>1637</Code>
      <Text>Structural and Architectural E</Text>
    </ProgramElement>
    <ProgramElement>
      <Code>7316</Code>
      <Text>EAPSI</Text>
    </ProgramElement>
    <ProgramElement>
      <Code>7641</Code>
      <Text>INT'L RES &amp; EDU IN ENGINEERING</Text>
    </ProgramElement>
    <ProgramReference>
      <Code>039E</Code>
      <Text>STRUCTURAL SYSTEMS</Text>
    </ProgramReference>
    <ProgramReference>
      <Code>040E</Code>
      <Text>Haz mitigation of structural sys</Text>
    </ProgramReference>
    <ProgramReference>
      <Code>1057</Code>
      <Text>CIS BASE RESEARCH</Text>
    </ProgramReference>
    <ProgramReference>
      <Code>1576</Code>
      <Text>NATIONL EARTHQK HZRD REDCT PRG</Text>
    </ProgramReference>
    <ProgramReference>
      <Code>9102</Code>
      <Text>WOMEN, MINORITY, DISABLED, NEC</Text>
    </ProgramReference>
    <ProgramReference>
      <Code>9200</Code>
      <Text>US CHINA COOP IN BASIC SCIENCE</Text>
    </ProgramReference>
    <ProgramReference>
      <Code>CVIS</Code>
      <Text>CIVIL INFRASTRUCTURE</Text>
    </ProgramReference>
    <ProgramReference>
      <Code>036E</Code>
      <Text>CIVIL INFRASTRUCTURE</Text>
    </ProgramReference>
  </Award>
</rootTag>
