<?xml version="1.0" encoding="UTF-8"?>

<rootTag>
  <Award>
    <AwardTitle>PostDoctoral Research Fellowship: Travel Grant</AwardTitle>
    <AwardEffectiveDate>11/15/2009</AwardEffectiveDate>
    <AwardExpirationDate>10/31/2010</AwardExpirationDate>
    <AwardAmount>1480</AwardAmount>
    <AwardInstrument>
      <Value>Standard Grant</Value>
    </AwardInstrument>
    <Organization>
      <Code>06090100</Code>
      <Directorate>
        <LongName>Directorate For Geosciences</LongName>
      </Directorate>
      <Division>
        <LongName>Division Of Polar Programs</LongName>
      </Division>
    </Organization>
    <ProgramOfficer>
      <SignBlockName>Henrietta N. Edmonds</SignBlockName>
    </ProgramOfficer>
    <AbstractNarration>Alberto Reyes, a doctoral candidate at the University of Alberta, will travel to Northern Arizona University for 4 days in November 2009. The purpose of the trip is to meet with Dr. Darrell Kaufmann, view his laboratory facilities, give a departmental seminar, and work on a fellowship proposal for the Polar Programs Postdoctoral Fellowships deadline (December 28, 2009). He will also meet with the department chair in order to discuss other mentoring and teaching opportunities at NAU.</AbstractNarration>
    <MinAmdLetterDate>11/06/2009</MinAmdLetterDate>
    <MaxAmdLetterDate>11/06/2009</MaxAmdLetterDate>
    <ARRAAmount/>
    <AwardID>1002587</AwardID>
    <Investigator>
      <FirstName>Alberto</FirstName>
      <LastName>Reyes</LastName>
      <EmailAddress/>
      <StartDate>11/06/2009</StartDate>
      <EndDate/>
      <RoleCode>Principal Investigator</RoleCode>
    </Investigator>
    <Institution>
      <Name>Reyes Alberto V</Name>
      <CityName>Edmonton</CityName>
      <ZipCode/>
      <PhoneNumber/>
      <StreetAddress/>
      <CountryName>Canada</CountryName>
      <StateName/>
      <StateCode/>
    </Institution>
    <FoaInformation>
      <Code>0311000</Code>
      <Name>Polar Programs-Related</Name>
    </FoaInformation>
    <ProgramElement>
      <Code>5247</Code>
      <Text>POST DOC/TRAVEL</Text>
    </ProgramElement>
    <ProgramReference>
      <Code>0000</Code>
      <Text>UNASSIGNED</Text>
    </ProgramReference>
    <ProgramReference>
      <Code>1079</Code>
      <Text>ARCTIC RESEARCH</Text>
    </ProgramReference>
    <ProgramReference>
      <Code>OTHR</Code>
      <Text>OTHER RESEARCH OR EDUCATION</Text>
    </ProgramReference>
  </Award>
</rootTag>
