<?xml version="1.0" encoding="UTF-8"?>

<rootTag>
  <Award>
    <AwardTitle>REU Site: Innovations in Nanotechnology at the University of Houston</AwardTitle>
    <AwardEffectiveDate>05/15/2010</AwardEffectiveDate>
    <AwardExpirationDate>04/30/2014</AwardExpirationDate>
    <AwardAmount>331590</AwardAmount>
    <AwardInstrument>
      <Value>Continuing grant</Value>
    </AwardInstrument>
    <Organization>
      <Code>07050000</Code>
      <Directorate>
        <LongName>Directorate For Engineering</LongName>
      </Directorate>
      <Division>
        <LongName>Div Of Engineering Education and Centers</LongName>
      </Division>
    </Organization>
    <ProgramOfficer>
      <SignBlockName>Esther Bolding</SignBlockName>
    </ProgramOfficer>
    <AbstractNarration>This three year REU Site program at the University of Houston will engage 10 undergraduates for 10 summer weeks each year in hands-on research in the field of nanotechnology. Faculty mentors from the Cullen College of Engineering and one graduate student mentor per participant will work with the undergraduate students to develop his or her research skills. In addition to cultivating participants' laboratory research expertise, the program will emphasize the development of additional skills necessary for success in research, such as written and oral communication, navigating scientific literature, laboratory documentation, resume development, research ethics, and engineering professionalism. This REU Site program will create well-rounded future researches through weekly professional development seminars and strong mentoring in the laboratory. In order to foster a sense of community and camaraderie among participants the program will also include weekend social activities. &lt;br/&gt;&lt;br/&gt;&lt;br/&gt;What are the broader impacts of the proposed activity?&lt;br/&gt;The PI will recruit REU students from underrepresented groups and from non-research institutions. The participants will publish a journal article or conference paper to disseminate their research results. The students who participant in this REU program will be encouraged to pursue graduate education to further their interests in research.</AbstractNarration>
    <MinAmdLetterDate>04/12/2010</MinAmdLetterDate>
    <MaxAmdLetterDate>11/22/2011</MaxAmdLetterDate>
    <ARRAAmount/>
    <AwardID>1002509</AwardID>
    <Investigator>
      <FirstName>Frank</FirstName>
      <LastName>Claydon</LastName>
      <EmailAddress>fclaydon@uh.edu</EmailAddress>
      <StartDate>04/12/2010</StartDate>
      <EndDate/>
      <RoleCode>Principal Investigator</RoleCode>
    </Investigator>
    <Investigator>
      <FirstName>Gila</FirstName>
      <LastName>Stein</LastName>
      <EmailAddress>gestein@uh.edu</EmailAddress>
      <StartDate>04/12/2010</StartDate>
      <EndDate/>
      <RoleCode>Co-Principal Investigator</RoleCode>
    </Investigator>
    <Institution>
      <Name>University of Houston</Name>
      <CityName>Houston</CityName>
      <ZipCode>772042015</ZipCode>
      <PhoneNumber>7137435773</PhoneNumber>
      <StreetAddress>4800 Calhoun Boulevard</StreetAddress>
      <CountryName>United States</CountryName>
      <StateName>Texas</StateName>
      <StateCode>TX</StateCode>
    </Institution>
  </Award>
</rootTag>
