<?xml version="1.0" encoding="UTF-8"?>

<rootTag>
  <Award>
    <AwardTitle>Active Singularity Approach to Control of Nonsmooth Mechanical and Electromechanical Systems Using Wavelet-based and Impulsive Contol Methods</AwardTitle>
    <AwardEffectiveDate>09/15/2000</AwardEffectiveDate>
    <AwardExpirationDate>08/31/2005</AwardExpirationDate>
    <AwardAmount>224999</AwardAmount>
    <AwardInstrument>
      <Value>Standard Grant</Value>
    </AwardInstrument>
    <Organization>
      <Code>07030000</Code>
      <Directorate>
        <LongName>Directorate For Engineering</LongName>
      </Directorate>
      <Division>
        <LongName>Div Of Civil, Mechanical, &amp; Manufact Inn</LongName>
      </Division>
    </Organization>
    <ProgramOfficer>
      <SignBlockName>Mario A. Rotea</SignBlockName>
    </ProgramOfficer>
    <AbstractNarration>Active Singularity Approach to Control of Nonsmooth Mechanical &amp; Electromechanical Systems Using Wavelet-Based &amp; Impulsive Control Methods&lt;br/&gt;&lt;br/&gt;Abstract&lt;br/&gt;&lt;br/&gt;The common feature in the behavior of systems with impacts and impulsive control actions is the presence of singularities which manifest themselves in discontinuities and nonsmoothness in system motion, jumps in system dimension, lack of continuous dependence on the initial conditions and other irregularities. This proposal focuses on the introduction of a control action into the system during the singularity phase rather than the traditional approach of control during the nonsingular phase of the system motion.&lt;br/&gt;&lt;br/&gt;The goal of the research are to a) develop a mathematical framework for representing control actions, system motions, and system dynamics during the singularity phase of system motion and combining them with the regular motion phase, b) develop the ultra-high-speed time-localized state estimation and system identification procedures, which utilize signals containing both smooth and impulsive measurement data, c) develop procedures for the design of open-loop and feedback control laws to satisfy specific control objectives with control actions applied during the singularity phase as well as during the regular system motion, and d) apply the procedures developed to the high speed fault clearing in the boiler-turbine units with fast valving, modeling and control of impact-based motions in MEMS, and control of the robotic systems for cutting and welding with impulsive endpoint return motion.</AbstractNarration>
    <MinAmdLetterDate>09/08/2000</MinAmdLetterDate>
    <MaxAmdLetterDate>11/09/2001</MaxAmdLetterDate>
    <ARRAAmount/>
    <AwardID>0000458</AwardID>
    <Investigator>
      <FirstName>Joseph</FirstName>
      <LastName>Bentsman</LastName>
      <EmailAddress>jbentsma@illinois.edu</EmailAddress>
      <StartDate>09/08/2000</StartDate>
      <EndDate/>
      <RoleCode>Principal Investigator</RoleCode>
    </Investigator>
    <Institution>
      <Name>University of Illinois at Urbana-Champaign</Name>
      <CityName>CHAMPAIGN</CityName>
      <ZipCode>618207473</ZipCode>
      <PhoneNumber>2173332187</PhoneNumber>
      <StreetAddress>SUITE A</StreetAddress>
      <CountryName>United States</CountryName>
      <StateName>Illinois</StateName>
      <StateCode>IL</StateCode>
    </Institution>
    <FoaInformation>
      <Code>0308000</Code>
      <Name>Industrial Technology</Name>
    </FoaInformation>
    <ProgramElement>
      <Code>1632</Code>
      <Text>CONTROL SYSTEMS</Text>
    </ProgramElement>
    <ProgramElement>
      <Code>5979</Code>
      <Text>CENTRAL &amp; EASTERN EUROPE PROGR</Text>
    </ProgramElement>
    <ProgramReference>
      <Code>1039</Code>
      <Text>RENEWAL ENGINEERING</Text>
    </ProgramReference>
    <ProgramReference>
      <Code>1057</Code>
      <Text>CIS BASE RESEARCH</Text>
    </ProgramReference>
    <ProgramReference>
      <Code>5973</Code>
      <Text>FSU SUPPLEMENTS</Text>
    </ProgramReference>
    <ProgramReference>
      <Code>CVIS</Code>
      <Text>CIVIL INFRASTRUCTURE</Text>
    </ProgramReference>
  </Award>
</rootTag>
