<?xml version="1.0" encoding="UTF-8"?>

<rootTag>
  <Award>
    <AwardTitle>RUI: Energies of Mineral and Rock Processes</AwardTitle>
    <AwardEffectiveDate>06/01/2000</AwardEffectiveDate>
    <AwardExpirationDate>01/31/2005</AwardExpirationDate>
    <AwardAmount>157029</AwardAmount>
    <AwardInstrument>
      <Value>Standard Grant</Value>
    </AwardInstrument>
    <Organization>
      <Code>06030107</Code>
      <Directorate>
        <LongName>Directorate For Geosciences</LongName>
      </Directorate>
      <Division>
        <LongName>Division Of Earth Sciences</LongName>
      </Division>
    </Organization>
    <ProgramOfficer>
      <SignBlockName>Sonia Esperanca</SignBlockName>
    </ProgramOfficer>
    <AbstractNarration>Hovis&lt;br/&gt;EAR-0000523&lt;br/&gt;&lt;br/&gt;The Solution Calorimetry Laboratory at Lafayette College engages in the investigation of the thermodynamic properties and behavior of geologically significant materials. During the grant period the energetics of glasses/liquids will be investigated in simple systems in order to relate established immiscibility to enthalpies of mixing and to develop configurational entropy models that will test the validity of Adams-Gibbs models developed from viscosity data. Zeolites will be the first amorphized silicates to be investigated calorimetrically, the primary objects of the study being to understand fundamental nature of these materials, their differences from thermally amorphized analogs, and the behavior of "water" in amorphous materials. An ongoing study of felsic water-bearing magmatic systems will be brought to conclusion, yielding information on the thermal budgets of hydrous magmas and quantifying the energetics of speciation in the context of spectroscopic data. Mixing energies will be measured for K-Rb and other feldspar systems in the hope of developing generalized mixing models. Measurement of enthalpies associated with alkali-water-vacancy coupled substitution will be concluded for the analcime - pollucite and analcime - Rb-leucite systems. The critical temperature of high-Si nepheline - kalsilite will be determined in an effort to connect K-Na mixing properties to phase behavior. A quantitative study of energies associated with microstructures in halide minerals will be initiated. A number of these projects will involve collaborative efforts with scientists in the United States, the United Kingdom, France, and Germany. Several projects, including one on the thermal expansion of nepheline - kalsilite minerals, have been developed specifically for undergraduate participation. These projects will teach students about the methods, philosophy, and importance of scientific research.</AbstractNarration>
    <MinAmdLetterDate>06/15/2000</MinAmdLetterDate>
    <MaxAmdLetterDate>06/15/2000</MaxAmdLetterDate>
    <ARRAAmount/>
    <AwardID>0000523</AwardID>
    <Investigator>
      <FirstName>Guy</FirstName>
      <LastName>Hovis</LastName>
      <EmailAddress>hovisguy@lafayette.edu</EmailAddress>
      <StartDate>06/15/2000</StartDate>
      <EndDate/>
      <RoleCode>Principal Investigator</RoleCode>
    </Investigator>
    <Institution>
      <Name>Lafayette College</Name>
      <CityName>Easton</CityName>
      <ZipCode>180421768</ZipCode>
      <PhoneNumber>6103305029</PhoneNumber>
      <StreetAddress>High Street</StreetAddress>
      <CountryName>United States</CountryName>
      <StateName>Pennsylvania</StateName>
      <StateCode>PA</StateCode>
    </Institution>
    <FoaInformation>
      <Code>0000099</Code>
      <Name>Other Applications NEC</Name>
    </FoaInformation>
    <ProgramElement>
      <Code>1573</Code>
      <Text>PETROLOGY AND GEOCHEMISTRY</Text>
    </ProgramElement>
    <ProgramReference>
      <Code>9178</Code>
      <Text>UNDERGRADUATE EDUCATION</Text>
    </ProgramReference>
    <ProgramReference>
      <Code>9229</Code>
      <Text>RES IN UNDERGRAD INST-RESEARCH</Text>
    </ProgramReference>
    <ProgramReference>
      <Code>SMET</Code>
      <Text>SCIENCE, MATH, ENG &amp; TECH EDUCATION</Text>
    </ProgramReference>
  </Award>
</rootTag>
