<?xml version="1.0" encoding="UTF-8"?>

<rootTag>
  <Award>
    <AwardTitle>U.S.-Hungary Mathematics Research on the Effects of Tracer Inertia in Active Chaotic Flows</AwardTitle>
    <AwardEffectiveDate>08/01/2000</AwardEffectiveDate>
    <AwardExpirationDate>07/31/2003</AwardExpirationDate>
    <AwardAmount>49470</AwardAmount>
    <AwardInstrument>
      <Value>Standard Grant</Value>
    </AwardInstrument>
    <Organization>
      <Code>01090000</Code>
      <Directorate>
        <LongName>Office Of The Director</LongName>
      </Directorate>
      <Division>
        <LongName>Office Of Internatl Science &amp;Engineering</LongName>
      </Division>
    </Organization>
    <ProgramOfficer>
      <SignBlockName>Bonnie Thompson</SignBlockName>
    </ProgramOfficer>
    <AbstractNarration>INT 0000526&lt;br/&gt;Grebogi&lt;br/&gt;&lt;br/&gt;This U.S.-Hungary mathematical research project between Celso Grebogi of the University of Maryland, College Park, and Tamas Tel of Eotvos University in Budapest features motion of small, chemically or biologically active particles in non-zero inertia, advected by hydrodynamical flows. The researchers expect the motion of the advected particles to be typically chaotic and will examine the reaction kinetics and population dynamics of the advected chemical components and biological species.&lt;br/&gt;&lt;br/&gt;Grebogi and Tel intend to define the conditions under which this chaos in phase space can possess a component observable in the physical space of coordinates. Mathematically, when this happens, the dynamics of the material lines present an exponential growth leading to the enhancement of chemical/biological activity in the flow. Particles that are lighter or heavier than the fluid are expected to obey different reaction equations because their interaction with the centers of vorticity in the fluid differs. The model flows to be considered are flow past a cylinder, a convective cellular flow, and a velocity field induced by point vortices. Results should contribute to new numerical algorithms for finding and visualizing invariant chaotic sets and for chaos control. If successful, such results have potential for interdisciplinary applications to a variety of phenomena, including chemical and biological activity in the atmosphere or an aquatic medium, with implications for fields such as oceanography, chemical engineering, and ecology.&lt;br/&gt;&lt;br/&gt;This project in applied mathematics fulfills the program objectives of advancing science by enabling leading experts in the U.S. and Central Europe to combine complementary talents and pool research resources in areas of strong mutual interest and competence.</AbstractNarration>
    <MinAmdLetterDate>07/06/2000</MinAmdLetterDate>
    <MaxAmdLetterDate>07/06/2000</MaxAmdLetterDate>
    <ARRAAmount/>
    <AwardID>0000526</AwardID>
    <Investigator>
      <FirstName>Celso</FirstName>
      <LastName>Grebogi</LastName>
      <EmailAddress>grebogi@chaos.umd.edu</EmailAddress>
      <StartDate>07/06/2000</StartDate>
      <EndDate/>
      <RoleCode>Principal Investigator</RoleCode>
    </Investigator>
    <Investigator>
      <FirstName>Zoltan</FirstName>
      <LastName>Toroczkai</LastName>
      <EmailAddress>toro@physics.umd.edu</EmailAddress>
      <StartDate>07/06/2000</StartDate>
      <EndDate/>
      <RoleCode>Co-Principal Investigator</RoleCode>
    </Investigator>
    <Institution>
      <Name>University of Maryland College Park</Name>
      <CityName>COLLEGE PARK</CityName>
      <ZipCode>207425141</ZipCode>
      <PhoneNumber>3014056269</PhoneNumber>
      <StreetAddress>3112 LEE BLDG 7809 Regents Drive</StreetAddress>
      <CountryName>United States</CountryName>
      <StateName>Maryland</StateName>
      <StateCode>MD</StateCode>
    </Institution>
    <FoaInformation>
      <Code>0202000</Code>
      <Name>Atmospheric Science-ICAS</Name>
    </FoaInformation>
    <FoaInformation>
      <Code>0204000</Code>
      <Name>Oceanography</Name>
    </FoaInformation>
    <FoaInformation>
      <Code>0510701</Code>
      <Name>Chemical Reaction Systems</Name>
    </FoaInformation>
    <FoaInformation>
      <Code>0512201</Code>
      <Name>Improved Transient Measure</Name>
    </FoaInformation>
  </Award>
</rootTag>
