<?xml version="1.0" encoding="UTF-8"?>

<rootTag>
  <Award>
    <AwardTitle>US-Egypt Workshop: Information Technology Research Trends in Network Based Environment, Cairo, Egypt</AwardTitle>
    <AwardEffectiveDate>03/01/2000</AwardEffectiveDate>
    <AwardExpirationDate>02/28/2002</AwardExpirationDate>
    <AwardAmount>36500</AwardAmount>
    <AwardInstrument>
      <Value>Standard Grant</Value>
    </AwardInstrument>
    <Organization>
      <Code>01090000</Code>
      <Directorate>
        <LongName>Office Of The Director</LongName>
      </Directorate>
      <Division>
        <LongName>Office Of Internatl Science &amp;Engineering</LongName>
      </Division>
    </Organization>
    <ProgramOfficer>
      <SignBlockName>Osman Shinaishin</SignBlockName>
    </ProgramOfficer>
    <AbstractNarration>0000713&lt;br/&gt;Ammar&lt;br/&gt;Description: This award is for support of a US-Egypt Workshop on Information Technology to&lt;br/&gt;be held in Cairo, Egypt, March 12-14, 2000. The Egyptian co-organizer is Dr. Ayman El-Dessouki, President of the Electronics Research Institute in Cairo. The purpose of the workshop is to address some of the main topics that affect the changes taking place in the area of information technology (IT), which in turn are affecting life in most countries, including the United States and Egypt. The focus in this workshop will be on five areas: 1. Software development. 2. Evolution and trends in e-business. 3. Tele-computing for education and medicine. 4. Internet and information networking. and 5. Mobile/satellite communications. The workshop participants will contribute to the proceedings, which will highlight areas of research where collaboration would be mutually beneficial.&lt;br/&gt;&lt;br/&gt;Scope: This award will support a US-Egypt workshop in an area that is taking on increasing importance in most developing countries. It has assumed a central place in the developmental efforts in Egypt. The area is also in the middle of phenomenal expansion in the United States. There are associated issues such as: the global market for the information sector, the pervasive impact on the society in all sectors of activity, the effect on balance of trade for mature economies and for developing countries, and the effect on employment patterns. The US organizer is a well-known computer scientist with impressive credentials who is also quite familiar with the working scientific community in this field in Egypt. The Egyptian organizer is the president of the main governmental research organization dealing with this area. Participants are selected on the US side and on the Egyptian side to represent academia, governmental laboratories and private sector researchers. This proposal meets the INT objective of supporting US-foreign scientific collaboration in areas of mutual benefit. Funding for this project is provided by the Division of International Programs through the US-Egypt Joint Fund program, and by the Division of Electrical and Communications Systems, the Division of Computer-Communication Research, the Division of Experimental and Integrative Activities, and the Division of Information and Intelligent Systems.</AbstractNarration>
    <MinAmdLetterDate>02/22/2000</MinAmdLetterDate>
    <MaxAmdLetterDate>02/22/2000</MaxAmdLetterDate>
    <ARRAAmount/>
    <AwardID>0000713</AwardID>
    <Investigator>
      <FirstName>Reda</FirstName>
      <LastName>Ammar</LastName>
      <EmailAddress>reda@engr.uconn.edu</EmailAddress>
      <StartDate>02/22/2000</StartDate>
      <EndDate/>
      <RoleCode>Principal Investigator</RoleCode>
    </Investigator>
    <Institution>
      <Name>University of Connecticut</Name>
      <CityName>Storrs</CityName>
      <ZipCode>062691133</ZipCode>
      <PhoneNumber>8604863622</PhoneNumber>
      <StreetAddress>438 Whitney Road Ext.</StreetAddress>
      <CountryName>United States</CountryName>
      <StateName>Connecticut</StateName>
      <StateCode>CT</StateCode>
    </Institution>
    <FoaInformation>
      <Code>0000099</Code>
      <Name>Other Applications NEC</Name>
    </FoaInformation>
    <ProgramElement>
      <Code>1518</Code>
      <Text>CONTROL, NETWORKS, &amp; COMP INTE</Text>
    </ProgramElement>
    <ProgramElement>
      <Code>2880</Code>
      <Text>SOFTWARE ENGINEERING AND LANGU</Text>
    </ProgramElement>
    <ProgramElement>
      <Code>2885</Code>
      <Text>CISE RESEARCH INFRASTRUCTURE</Text>
    </ProgramElement>
    <ProgramElement>
      <Code>6850</Code>
      <Text>DIGITAL SOCIETY&amp;TECHNOLOGIES</Text>
    </ProgramElement>
    <ProgramElement>
      <Code>X376</Code>
      <Text/>
    </ProgramElement>
    <ProgramReference>
      <Code>9139</Code>
      <Text>INFORMATION INFRASTRUCTURE &amp; TECH APPL</Text>
    </ProgramReference>
    <ProgramReference>
      <Code>HPCC</Code>
      <Text>HIGH PERFORMANCE COMPUTING &amp; COMM</Text>
    </ProgramReference>
  </Award>
</rootTag>
