<?xml version="1.0" encoding="UTF-8"?>

<rootTag>
  <Award>
    <AwardTitle>U.S.-Argentina Dissertation Enhancement: Effects of Grazing on Shrub-Steppe Ecosystems of North and South America</AwardTitle>
    <AwardEffectiveDate>08/01/2000</AwardEffectiveDate>
    <AwardExpirationDate>07/31/2003</AwardExpirationDate>
    <AwardAmount>18670</AwardAmount>
    <AwardInstrument>
      <Value>Standard Grant</Value>
    </AwardInstrument>
    <Organization>
      <Code>01090000</Code>
      <Directorate>
        <LongName>Office Of The Director</LongName>
      </Directorate>
      <Division>
        <LongName>Office Of Internatl Science &amp;Engineering</LongName>
      </Division>
    </Organization>
    <ProgramOfficer>
      <SignBlockName>Francis J. Wodarczyk</SignBlockName>
    </ProgramOfficer>
    <AbstractNarration>In this US-Argentina dissertation enhancement research award, Mr. Peter B. Adler, Colorado State University, under the sponsorship of Dr. William K. Lauenroth, will work with Dr. Osvaldo E. Sala at the Universidad de Buenos Aires in Argentina. The project is entitled "Effects of Grazing on Shrub-Steppe Ecosystems of North and South America." This project will involve the comparison of the effects of livestock grazing on vegetation in the uniquely paired shrub-steppe ecosystems of North and South America, specifically the Great Basin and the Patagonian steppe of southern Argentina. Field studies in each region, complemented by a greenhouse experiment will focus on vegetation and soil responses across gradients of grazing intensity and precipitation. The PIs will evaluate the effect of grazing on above ground net primary production, community species composition, small-scale spatial heterogeneity, and soil carbon. &lt;br/&gt;&lt;br/&gt;The sagebrush-steppe of the Great Basin and the Patagonian steppe of southern Argentina have very similar climates and vegetation growth forms. The results of these studies will test current theory in community ecology, providing useful information to natural resource managers in both regions.</AbstractNarration>
    <MinAmdLetterDate>06/28/2000</MinAmdLetterDate>
    <MaxAmdLetterDate>05/21/2002</MaxAmdLetterDate>
    <ARRAAmount/>
    <AwardID>0000730</AwardID>
    <Investigator>
      <FirstName>Peter</FirstName>
      <LastName>Adler</LastName>
      <EmailAddress>peter.adler@usu.edu</EmailAddress>
      <StartDate>06/28/2000</StartDate>
      <EndDate/>
      <RoleCode>Co-Principal Investigator</RoleCode>
    </Investigator>
    <Investigator>
      <FirstName>William</FirstName>
      <LastName>Lauenroth</LastName>
      <EmailAddress>wlauenro@uwyo.edu</EmailAddress>
      <StartDate>06/28/2000</StartDate>
      <EndDate/>
      <RoleCode>Principal Investigator</RoleCode>
    </Investigator>
    <Institution>
      <Name>Colorado State University</Name>
      <CityName>Fort Collins</CityName>
      <ZipCode>805232002</ZipCode>
      <PhoneNumber>9704916355</PhoneNumber>
      <StreetAddress>601 S Howes St</StreetAddress>
      <CountryName>United States</CountryName>
      <StateName>Colorado</StateName>
      <StateCode>CO</StateCode>
    </Institution>
    <FoaInformation>
      <Code>0510602</Code>
      <Name>Ecosystem Dynamics</Name>
    </FoaInformation>
  </Award>
</rootTag>
