<?xml version="1.0" encoding="UTF-8"?>

<rootTag>
  <Award>
    <AwardTitle>Oceanographic Instrumentation R/V CAPE HATTERAS</AwardTitle>
    <AwardEffectiveDate>07/01/2000</AwardEffectiveDate>
    <AwardExpirationDate>06/30/2002</AwardExpirationDate>
    <AwardAmount>32400</AwardAmount>
    <AwardInstrument>
      <Value>Standard Grant</Value>
    </AwardInstrument>
    <Organization>
      <Code>06040100</Code>
      <Directorate>
        <LongName>Directorate For Geosciences</LongName>
      </Directorate>
      <Division>
        <LongName>Division Of Ocean Sciences</LongName>
      </Division>
    </Organization>
    <ProgramOfficer>
      <SignBlockName>Alexander Shor</SignBlockName>
    </ProgramOfficer>
    <AbstractNarration>0000203&lt;br/&gt;Ustach&lt;br/&gt;This award to Duke University will provide instrumentation for oceanographic research for use on R/V Cape Hatteras, a research vessel operated by the Duke/UNC Oceanographic Consortium as part of the University-National Oceanographic Laboratory System research fleet. Specific instrumentation to be acquired includes a replacement deck unit for the CTD, a new carousel unit for water sampling, and two oxygen sensors and related shipboard instruments to allow continuous measurement of dissolved oxygen during CTD lowerings. The shared-use instrumentation supported here will assist marine scientists conduct studies, particularly in the western North Atlantic Ocean, during 2000 and future years.&lt;br/&gt;***</AbstractNarration>
    <MinAmdLetterDate>06/20/2000</MinAmdLetterDate>
    <MaxAmdLetterDate>06/20/2000</MaxAmdLetterDate>
    <ARRAAmount/>
    <AwardID>0000203</AwardID>
    <Investigator>
      <FirstName>Joseph</FirstName>
      <LastName>Ustach</LastName>
      <EmailAddress>joeu@duke.edu</EmailAddress>
      <StartDate>06/20/2000</StartDate>
      <EndDate/>
      <RoleCode>Principal Investigator</RoleCode>
    </Investigator>
    <Institution>
      <Name>Duke University</Name>
      <CityName>Durham</CityName>
      <ZipCode>277054010</ZipCode>
      <PhoneNumber>9196843030</PhoneNumber>
      <StreetAddress>2200 W. Main St, Suite 710</StreetAddress>
      <CountryName>United States</CountryName>
      <StateName>North Carolina</StateName>
      <StateCode>NC</StateCode>
    </Institution>
    <FoaInformation>
      <Code>0204000</Code>
      <Name>Oceanography</Name>
    </FoaInformation>
  </Award>
</rootTag>
