<?xml version="1.0" encoding="UTF-8"?>

<rootTag>
  <Award>
    <AwardTitle>Travelers and Hitchhikers: Links from Land to Sea</AwardTitle>
    <AwardEffectiveDate>07/15/2000</AwardEffectiveDate>
    <AwardExpirationDate>06/30/2003</AwardExpirationDate>
    <AwardAmount>1428327</AwardAmount>
    <AwardInstrument>
      <Value>Continuing grant</Value>
    </AwardInstrument>
    <Organization>
      <Code>11090000</Code>
      <Directorate>
        <LongName>Direct For Education and Human Resources</LongName>
      </Directorate>
      <Division>
        <LongName>Division Of Research On Learning</LongName>
      </Division>
    </Organization>
    <ProgramOfficer>
      <SignBlockName>Arlene M. de Strulle</SignBlockName>
    </ProgramOfficer>
    <AbstractNarration>0000603&lt;br/&gt;SHUMWAY&lt;br/&gt;&lt;br/&gt;"Travelers and Hitchhikers: Links from Land to Sea" is a 5,000 sq. ft. exhibit which will be housed at the New England Aquarium, with two additional 1,200-4,800 sq. ft. modules produced for exhibition at participating consortium and partnering venues. The exhibit will invite visitors to "travel" with sea turtles, frogs, and fish as they tell their stories of journeys through an interconnected mosaic of terrestrial, freshwater, and marine habitats. A fourth module will use aliens, or introduced exotic species, to illustrate the disruption caused when humans make inappropriate connections across habitats. The underlying theme and message for the visitor is the connection between aquatic biodiversity and their own everyday lives.&lt;br/&gt;&lt;br/&gt;The animals and the four (4) modules have been chosen to emphasize a different aspect of these interconnections among rivers, land, and sea. The traveling version can either stand alone as one (1) module telling one story or be installed with all four (4) in combination. Sea turtles will emphasize land to sea, the frogs from water to land, and the immersive environment of the fish will allow the visitor to experience the physical connections from stream to sea. Finally, the introduced species module will illustrate how ecosystems can become fragile and broken due to human action.&lt;br/&gt;&lt;br/&gt;It is expected that over 2,000,000 visitors will be informed of aquatic biodiversity through this exhibit. In addition, activity carts and educator resource kits will be produced to further enhance the message of biodiversity conservation to all audiences.</AbstractNarration>
    <MinAmdLetterDate>08/03/2000</MinAmdLetterDate>
    <MaxAmdLetterDate>04/19/2002</MaxAmdLetterDate>
    <ARRAAmount/>
    <AwardID>0000603</AwardID>
    <Investigator>
      <FirstName>William</FirstName>
      <LastName>Spitzer</LastName>
      <EmailAddress>bspitzer@neaq.org</EmailAddress>
      <StartDate>08/03/2000</StartDate>
      <EndDate/>
      <RoleCode>Co-Principal Investigator</RoleCode>
    </Investigator>
    <Investigator>
      <FirstName>Caroly</FirstName>
      <LastName>Shumway</LastName>
      <EmailAddress>cshumway@neaq.org</EmailAddress>
      <StartDate>08/03/2000</StartDate>
      <EndDate/>
      <RoleCode>Principal Investigator</RoleCode>
    </Investigator>
    <Institution>
      <Name>New England Aquarium Corporation</Name>
      <CityName>Boston</CityName>
      <ZipCode>021103399</ZipCode>
      <PhoneNumber>6172262268</PhoneNumber>
      <StreetAddress>Central Wharf</StreetAddress>
      <CountryName>United States</CountryName>
      <StateName>Massachusetts</StateName>
      <StateCode>MA</StateCode>
    </Institution>
    <FoaInformation>
      <Code>0000099</Code>
      <Name>Other Applications NEC</Name>
    </FoaInformation>
  </Award>
</rootTag>
