<?xml version="1.0" encoding="UTF-8"?>

<rootTag>
  <Award>
    <AwardTitle>Wind and Wave Patterns in the Earth's Ionosphere</AwardTitle>
    <AwardEffectiveDate>06/01/2000</AwardEffectiveDate>
    <AwardExpirationDate>11/30/2006</AwardExpirationDate>
    <AwardAmount>682565</AwardAmount>
    <AwardInstrument>
      <Value>Continuing grant</Value>
    </AwardInstrument>
    <Organization>
      <Code>06020201</Code>
      <Directorate>
        <LongName>Directorate For Geosciences</LongName>
      </Directorate>
      <Division>
        <LongName>Div Atmospheric &amp; Geospace Sciences</LongName>
      </Division>
    </Organization>
    <ProgramOfficer>
      <SignBlockName>Cassandra G. Fesen</SignBlockName>
    </ProgramOfficer>
    <AbstractNarration>ATM-0000196&lt;br/&gt;Kelley, Michael&lt;br/&gt;&lt;br/&gt;&lt;br/&gt;The Principal Investigator and his graduate students have developed valuable hardware and software tools for the study of the mid-latitude ionosphere. The hardware tools include a cooled CCD Imager capable of making sequential exposures of five different filtered emissions. The system can be remotely operated via the Internet and has already provided new insights into the structure of the region, during both quiet and active times, through analysis and interpretation of the airglow data. Additional software tools facilitate the analysis of GPS data, including validation of methods for determining the absolute TEC from the data stream, as well as data processing and display software, which make comparisons with other data sets much more straightforward.&lt;br/&gt;&lt;br/&gt;The purpose of this renewal proposal is to build on this developed expertise by planning and excuting simultaneous observation campaigns with the Arecibo Radar and with other groups interested in the Caribbean sector for scientific studies, as well as validation of TEC methods, spacecraft instrument calibration and tomographic work. In addition to the imager and GPS aspects, the PI will assure that Arecibo Radar time is available for the campaigns by writing observing proposals on a timely basis and coordinating the various groups. In addition, he will take a leadership role in interpreting and publishing the data sets on a timely basis. During the tenure of this proposal, he will also explore opportunities for short campaigns in other locations for the purpose of solving specific problems or extending the spatial coverage of a particular phenonmenon.</AbstractNarration>
    <MinAmdLetterDate>06/23/2000</MinAmdLetterDate>
    <MaxAmdLetterDate>07/17/2006</MaxAmdLetterDate>
    <ARRAAmount/>
    <AwardID>0000196</AwardID>
    <Investigator>
      <FirstName>Michael</FirstName>
      <LastName>Kelley</LastName>
      <EmailAddress>mikek@ece.cornell.edu</EmailAddress>
      <StartDate>06/23/2000</StartDate>
      <EndDate/>
      <RoleCode>Principal Investigator</RoleCode>
    </Investigator>
    <Institution>
      <Name>Cornell University</Name>
      <CityName>Ithaca</CityName>
      <ZipCode>148502820</ZipCode>
      <PhoneNumber>6072555014</PhoneNumber>
      <StreetAddress>373 Pine Tree Road</StreetAddress>
      <CountryName>United States</CountryName>
      <StateName>New York</StateName>
      <StateCode>NY</StateCode>
    </Institution>
    <FoaInformation>
      <Code>0205000</Code>
      <Name>Space</Name>
    </FoaInformation>
  </Award>
</rootTag>
