<?xml version="1.0" encoding="UTF-8"?>

<rootTag>
  <Award>
    <AwardTitle>SGER: Calibration of FeTi-Oxide Thermobarometer at 700-900 Degrees Celsius and High Oxygen Fugacity</AwardTitle>
    <AwardEffectiveDate>05/01/2000</AwardEffectiveDate>
    <AwardExpirationDate>04/30/2002</AwardExpirationDate>
    <AwardAmount>19885</AwardAmount>
    <AwardInstrument>
      <Value>Standard Grant</Value>
    </AwardInstrument>
    <Organization>
      <Code>06030107</Code>
      <Directorate>
        <LongName>Directorate For Geosciences</LongName>
      </Directorate>
      <Division>
        <LongName>Division Of Earth Sciences</LongName>
      </Division>
    </Organization>
    <ProgramOfficer>
      <SignBlockName>Sonia Esperanca</SignBlockName>
    </ProgramOfficer>
    <AbstractNarration>Evans&lt;br/&gt;0000904&lt;br/&gt;&lt;br/&gt;This project has as a major goal, to recalibrate the Fe-Ti-oxide thermometer for realistic conditions of eruption of intermediate to silicic compositions. The experimental work proposed will be conducted in the CNRS laboratory in Orleans, France, by hydrothermally equilibrating a synthetic rhyolite composition doped with substantial but variable amounts of FeO, TiO2 and MgO at controlled T (700-900 degrees C), P, and O2 (NNO+1 to NNO+3) conditions. These experiments will establish the composition dependence of coexisting ferrian ilmenite and Ti-magnetite, with and without Mg, on T and O2 in the range in question. Solution parameters that correctly accomodate the solution of geikielite into the rhombohedral Fe-Ti oxide will be required to fit these experiments. The results of this experimental work should help increase the applicability of this popular geothermometer to rocks that were previously outside the appropriate compositional range.</AbstractNarration>
    <MinAmdLetterDate>05/04/2000</MinAmdLetterDate>
    <MaxAmdLetterDate>05/04/2000</MaxAmdLetterDate>
    <ARRAAmount/>
    <AwardID>0000904</AwardID>
    <Investigator>
      <FirstName>Bernard</FirstName>
      <LastName>Evans</LastName>
      <EmailAddress/>
      <StartDate>05/04/2000</StartDate>
      <EndDate/>
      <RoleCode>Principal Investigator</RoleCode>
    </Investigator>
    <Institution>
      <Name>University of Washington</Name>
      <CityName>Seattle</CityName>
      <ZipCode>981950001</ZipCode>
      <PhoneNumber>2065434043</PhoneNumber>
      <StreetAddress>4333 Brooklyn Ave NE</StreetAddress>
      <CountryName>United States</CountryName>
      <StateName>Washington</StateName>
      <StateCode>WA</StateCode>
    </Institution>
    <FoaInformation>
      <Code>0000099</Code>
      <Name>Other Applications NEC</Name>
    </FoaInformation>
    <ProgramElement>
      <Code>1573</Code>
      <Text>PETROLOGY AND GEOCHEMISTRY</Text>
    </ProgramElement>
    <ProgramReference>
      <Code>0000</Code>
      <Text>UNASSIGNED</Text>
    </ProgramReference>
    <ProgramReference>
      <Code>9237</Code>
      <Text>SMALL GRANTS-EXPLORATORY RSRCH</Text>
    </ProgramReference>
    <ProgramReference>
      <Code>OTHR</Code>
      <Text>OTHER RESEARCH OR EDUCATION</Text>
    </ProgramReference>
  </Award>
</rootTag>
