<?xml version="1.0" encoding="UTF-8"?>

<rootTag>
  <Award>
    <AwardTitle>Michigan Rural Systemic Initiative (MiRSI) Comprehensive Regional Plan for Systemic Reform in Mathematics, Science and Technology</AwardTitle>
    <AwardEffectiveDate>09/01/2000</AwardEffectiveDate>
    <AwardExpirationDate>10/31/2003</AwardExpirationDate>
    <AwardAmount>1885328</AwardAmount>
    <AwardInstrument>
      <Value>Cooperative Agreement</Value>
    </AwardInstrument>
    <Organization>
      <Code>11090000</Code>
      <Directorate>
        <LongName>Direct For Education and Human Resources</LongName>
      </Directorate>
      <Division>
        <LongName>Division Of Research On Learning</LongName>
      </Division>
    </Organization>
    <ProgramOfficer>
      <SignBlockName>Lura J. Chase</SignBlockName>
    </ProgramOfficer>
    <AbstractNarration>Michigan Rural Systemic Initiative&lt;br/&gt;&lt;br/&gt;&lt;br/&gt;Abstract&lt;br/&gt;&lt;br/&gt;The Michigan Rural Systemic Initiative (MIRSI) to Improve Science, Mathematics and Technical Education seeks to organize a consortium of seventeen school districts and two Native American academies in isolated rural school districts in northern Michigan. &lt;br/&gt;&lt;br/&gt;The Michigan RSI is working collaboratively with universities, community colleges, Tribal Colleges and other agencies to promote local capacity for systemic reform. The initiative will promote standards-base MST by enhancing teacher knowledge of content and technology processes to increase student achievement. Regional coordinators located in the school districts will make available technical assistance, professional development activities and a web-based technology venue to increase access to information and innovations in mathematics, science, and technology education. Web-based technologies will allow rural educators, students, parents, and stakeholders to participate in learning communities for investigations, communications, collaborations, and publications. The RSI will assist districts in the re-alignment and leveraging of resources and to institute the policy changes necessary for true systemic change.&lt;br/&gt;&lt;br/&gt;The goals of the proposal are to: &lt;br/&gt;&lt;br/&gt;(1) improve support for the development of a reform agenda for rural schools by forming new regional and statewide collaborations among the rural districts, Michigan State University, North Central Regional Education Laboratory, and other institutions or agencies; &lt;br/&gt;&lt;br/&gt;(2) to increase community and business involvement in the schools to support the rural agenda in mathematics, science and technology; &lt;br/&gt;&lt;br/&gt;(3) enhance the understanding of the rural communities and cultures by gathering base-line data from self-studies that examine the contextual variables within the communities and that support the reform agenda; &lt;br/&gt;&lt;br/&gt;(4) to generate a comprehensive and sustainable implementation plan for systemic reform in mathematics, science, and technology education that transcends levels, and addresses a local and regional vision, seeks a commitment to policy, fiscal and instructional reform, a comparison of programmatic strengths and weaknesses, a secure level of resources to promote change and an expedited reform through state and local policy changes. This proposal aligns with the Michigan School Improvement Plan.</AbstractNarration>
    <MinAmdLetterDate>08/28/2000</MinAmdLetterDate>
    <MaxAmdLetterDate>09/15/2003</MaxAmdLetterDate>
    <ARRAAmount/>
    <AwardID>0000352</AwardID>
    <Investigator>
      <FirstName>Claudia</FirstName>
      <LastName>Douglass</LastName>
      <EmailAddress>Claudia.B.Douglass@cmich.edu</EmailAddress>
      <StartDate>03/17/2003</StartDate>
      <EndDate/>
      <RoleCode>Principal Investigator</RoleCode>
    </Investigator>
    <Investigator>
      <FirstName>Stanley</FirstName>
      <LastName>Delidow</LastName>
      <EmailAddress>delidows@svr1.pace.k12.mi.us</EmailAddress>
      <StartDate>08/28/2000</StartDate>
      <EndDate>03/17/2003</EndDate>
      <RoleCode>Former Principal Investigator</RoleCode>
    </Investigator>
    <Investigator>
      <FirstName>Aaron</FirstName>
      <LastName>Payment</LastName>
      <EmailAddress>apayment@northernway.net</EmailAddress>
      <StartDate>08/28/2000</StartDate>
      <EndDate/>
      <RoleCode>Co-Principal Investigator</RoleCode>
    </Investigator>
    <Investigator>
      <FirstName>Arnold</FirstName>
      <LastName>Parish</LastName>
      <EmailAddress>parishar@pilot.msu.edu</EmailAddress>
      <StartDate>08/28/2000</StartDate>
      <EndDate/>
      <RoleCode>Co-Principal Investigator</RoleCode>
    </Investigator>
    <Investigator>
      <FirstName>Barbara</FirstName>
      <LastName>Markle</LastName>
      <EmailAddress>markle@pilot.msu.edu</EmailAddress>
      <StartDate>08/28/2000</StartDate>
      <EndDate/>
      <RoleCode>Co-Principal Investigator</RoleCode>
    </Investigator>
    <Investigator>
      <FirstName>Michelle</FirstName>
      <LastName>Johnston</LastName>
      <EmailAddress>michelle_Johnston@ferris.edu</EmailAddress>
      <StartDate>08/28/2000</StartDate>
      <EndDate/>
      <RoleCode>Co-Principal Investigator</RoleCode>
    </Investigator>
    <Institution>
      <Name>Cheboygan Otsego Presque Isle Intermediate School District</Name>
      <CityName>Indian River</CityName>
      <ZipCode>497499357</ZipCode>
      <PhoneNumber>6162399394</PhoneNumber>
      <StreetAddress>6065 Learning Lane</StreetAddress>
      <CountryName>United States</CountryName>
      <StateName>Michigan</StateName>
      <StateCode>MI</StateCode>
    </Institution>
    <FoaInformation>
      <Code>0000099</Code>
      <Name>Other Applications NEC</Name>
    </FoaInformation>
    <ProgramElement>
      <Code>1538</Code>
      <Text>SYSTEMIC REFORM</Text>
    </ProgramElement>
    <ProgramElement>
      <Code>7366</Code>
      <Text>RURAL SYSTEMIC INITIATIVE PROG</Text>
    </ProgramElement>
    <ProgramReference>
      <Code>9177</Code>
      <Text>ELEMENTARY/SECONDARY EDUCATION</Text>
    </ProgramReference>
    <ProgramReference>
      <Code>SMET</Code>
      <Text>SCIENCE, MATH, ENG &amp; TECH EDUCATION</Text>
    </ProgramReference>
  </Award>
</rootTag>
