<?xml version="1.0" encoding="UTF-8"?>

<rootTag>
  <Award>
    <AwardTitle>Technology for All Americans -- Phase III</AwardTitle>
    <AwardEffectiveDate>09/01/2000</AwardEffectiveDate>
    <AwardExpirationDate>08/31/2005</AwardExpirationDate>
    <AwardAmount>1428618</AwardAmount>
    <AwardInstrument>
      <Value>Continuing grant</Value>
    </AwardInstrument>
    <Organization>
      <Code>11090000</Code>
      <Directorate>
        <LongName>Direct For Education and Human Resources</LongName>
      </Directorate>
      <Division>
        <LongName>Division Of Research On Learning</LongName>
      </Division>
    </Organization>
    <ProgramOfficer>
      <SignBlockName>Gerhard L. Salinger</SignBlockName>
    </ProgramOfficer>
    <AbstractNarration>0000897&lt;br/&gt;DUGGER&lt;br/&gt;&lt;br/&gt;The Standards for Technological Literacy: Content Standards for the Study of Technology describe what students in the K-12 school system should understand about technology and how they should learn it. &lt;br/&gt;Phase III is to develop standards for professional development of teachers, both inservice and preservice, standards for assessment and program standards. The project builds upon similar standards in othe disciplines.</AbstractNarration>
    <MinAmdLetterDate>09/27/2000</MinAmdLetterDate>
    <MaxAmdLetterDate>07/17/2002</MaxAmdLetterDate>
    <ARRAAmount/>
    <AwardID>0000897</AwardID>
    <Investigator>
      <FirstName>William</FirstName>
      <LastName>Dugger</LastName>
      <EmailAddress>wdugger@iteaconnect.org</EmailAddress>
      <StartDate>09/27/2000</StartDate>
      <EndDate/>
      <RoleCode>Principal Investigator</RoleCode>
    </Investigator>
    <Institution>
      <Name>International Technology and Engineering Educators Association</Name>
      <CityName>Reston</CityName>
      <ZipCode>201911539</ZipCode>
      <PhoneNumber>7038602100</PhoneNumber>
      <StreetAddress>1914 ASSOCIATION DR STE 201</StreetAddress>
      <CountryName>United States</CountryName>
      <StateName>Virginia</StateName>
      <StateCode>VA</StateCode>
    </Institution>
    <FoaInformation>
      <Code>0000099</Code>
      <Name>Other Applications NEC</Name>
    </FoaInformation>
    <ProgramElement>
      <Code>7300</Code>
      <Text>TEACHER ENHANCEMENT PROGRAM</Text>
    </ProgramElement>
    <ProgramElement>
      <Code>7355</Code>
      <Text>INSTRUCTIONAL MATERIALS DEVELP</Text>
    </ProgramElement>
    <ProgramElement>
      <Code>7412</Code>
      <Text>ADVANCED TECH EDUCATION PROG</Text>
    </ProgramElement>
    <ProgramReference>
      <Code>9177</Code>
      <Text>ELEMENTARY/SECONDARY EDUCATION</Text>
    </ProgramReference>
    <ProgramReference>
      <Code>SMET</Code>
      <Text>SCIENCE, MATH, ENG &amp; TECH EDUCATION</Text>
    </ProgramReference>
  </Award>
</rootTag>
