<?xml version="1.0" encoding="UTF-8"?>

<rootTag>
  <Award>
    <AwardTitle>Determining the Cause of a Magnetic Mineral-Paleorainfall Correlation in Recent Lake Sediments</AwardTitle>
    <AwardEffectiveDate>06/01/2000</AwardEffectiveDate>
    <AwardExpirationDate>05/31/2004</AwardExpirationDate>
    <AwardAmount>133831</AwardAmount>
    <AwardInstrument>
      <Value>Continuing grant</Value>
    </AwardInstrument>
    <Organization>
      <Code>06020108</Code>
      <Directorate>
        <LongName>Directorate For Geosciences</LongName>
      </Directorate>
      <Division>
        <LongName>Div Atmospheric &amp; Geospace Sciences</LongName>
      </Division>
    </Organization>
    <ProgramOfficer>
      <SignBlockName>David J. Verardo</SignBlockName>
    </ProgramOfficer>
    <AbstractNarration>This is a proposal to investigate the mechanism causing a correlation observed between magnetic mineral concentration and paleorainfall variations in recent lake sediments from northeastern Pennsylvania. We propose to study the recent sediments from two different small glacial lakes, one dominated by sediment from allochthonous sources (Lake Waynewood) and one dominated by authigenic sources (Lake Ely), so a general model of the relationship between rainfall and mineral magnetism can be developed. Freeze cores will be collected at several locations in each lake. Mineral magnetic parameters (c, SIRM, ARM, ARM/SIRM, SIRM/c, HIRM) will be measured to magnetically characterize the lake sediments. Elemental analyses will be conducted to determine the importance of erosion (Na, Mg, K) or the possibility of reduction diagenesis (S, Mn, Fe). Electron microscopic (SEM, TEM) examination of magnetic extracts will look for magnetosotnes and evidence of dissolution due to reduction diagenesis. EDS will be used to determine if authigenic, ferromagnetic iron sulfides have been created. High resolution (1 mm) magnetic scanning of the cores with an FIT scanning magnetometer will allow a more detailed look at the SIRM variations and extension of the record into the low sedimentation rate, pre-settlement horizons.</AbstractNarration>
    <MinAmdLetterDate>06/03/2000</MinAmdLetterDate>
    <MaxAmdLetterDate>04/04/2003</MaxAmdLetterDate>
    <ARRAAmount/>
    <AwardID>0000948</AwardID>
    <Investigator>
      <FirstName>Robert</FirstName>
      <LastName>Moeller</LastName>
      <EmailAddress>moellere@muohio.edu</EmailAddress>
      <StartDate>06/03/2000</StartDate>
      <EndDate/>
      <RoleCode>Co-Principal Investigator</RoleCode>
    </Investigator>
    <Investigator>
      <FirstName>Kenneth</FirstName>
      <LastName>Kodama</LastName>
      <EmailAddress>kpk0@lehigh.edu</EmailAddress>
      <StartDate>06/03/2000</StartDate>
      <EndDate/>
      <RoleCode>Principal Investigator</RoleCode>
    </Investigator>
    <Institution>
      <Name>Lehigh University</Name>
      <CityName>Bethlehem</CityName>
      <ZipCode>180153005</ZipCode>
      <PhoneNumber>6107583021</PhoneNumber>
      <StreetAddress>Alumni Building 27</StreetAddress>
      <CountryName>United States</CountryName>
      <StateName>Pennsylvania</StateName>
      <StateCode>PA</StateCode>
    </Institution>
    <FoaInformation>
      <Code>0319000</Code>
      <Name>Climate Related Activities</Name>
    </FoaInformation>
    <ProgramElement>
      <Code>1530</Code>
      <Text>PALEOCLIMATE PROGRAM</Text>
    </ProgramElement>
    <ProgramReference>
      <Code>1304</Code>
      <Text>EARTH SYSTEM HISTORY</Text>
    </ProgramReference>
    <ProgramReference>
      <Code>EGCH</Code>
      <Text>ENVIRONMENT AND GLOBAL CHANGE</Text>
    </ProgramReference>
  </Award>
</rootTag>
