<?xml version="1.0" encoding="UTF-8"?>

<rootTag>
  <Award>
    <AwardTitle>Science, Operations, and Maintenance Support for the United States Antarctic Program (USAP)</AwardTitle>
    <AwardEffectiveDate>11/01/1999</AwardEffectiveDate>
    <AwardExpirationDate>03/31/2012</AwardExpirationDate>
    <AwardAmount>1826832571</AwardAmount>
    <AwardInstrument>
      <Value>Contract</Value>
    </AwardInstrument>
    <Organization>
      <Code>06090200</Code>
      <Directorate>
        <LongName>Directorate For Geosciences</LongName>
      </Directorate>
      <Division>
        <LongName>Office of Polar Programs (OPP)</LongName>
      </Division>
    </Organization>
    <ProgramOfficer>
      <SignBlockName>Paul Sheppard</SignBlockName>
    </ProgramOfficer>
    <AbstractNarration>OPP- 0000373&lt;br/&gt;This contract is for specified support of the United States of America Antarctic Program (USAP). The support provided includes administrative functions at the Denver, Colorado Headquarters and at field offices in Port Hueneme, California; Christchurch, New Zealand; and at two or more locations in Antarctica. In Antarctica, the contractor is responsible for the operations of McMurdo, South Pole and Palmer Stations and the seasonal air support facilities (Williams Field, Annual Sea-ice Runway, and Pegasus Runway) near McMurdo Station. The contractor is also responsible for the management of a biological laboratory and field support facilities at McMurdo Station, the lease operation and maintenance of an ice-strengthened research ship (LAURENCE M. GOULD), and the lease of a research vessel with ice-breaking capability (NATHANIEL B. PALMER). Additionally, all major construction at U.S. facilities in Antarctica is the responsibility of the civilian contractor.&lt;br/&gt;&lt;br/&gt;While the contract was awarded on October 18, 1999, the effective date for assuming the USAP support mission is April 1, 2000. Therefore, this award of $10,000,000 will fund the transition period, from contract award until April 1 (approximately $1.2M), and the first month of the third quarter of Fiscal Year 2000.</AbstractNarration>
    <MinAmdLetterDate>12/20/1999</MinAmdLetterDate>
    <MaxAmdLetterDate>03/10/2016</MaxAmdLetterDate>
    <ARRAAmount>18541667</ARRAAmount>
    <AwardID>0000373</AwardID>
    <Institution>
      <Name>RAYTHEON TECHNICAL SERVICES COMPANY LLC</Name>
      <CityName>Reston</CityName>
      <ZipCode>201913407</ZipCode>
      <PhoneNumber/>
      <StreetAddress>12160 SUNRISE VALLEY DR</StreetAddress>
      <CountryName>United States</CountryName>
      <StateName>Virginia</StateName>
      <StateCode>VA</StateCode>
    </Institution>
    <FoaInformation>
      <Code>0311000</Code>
      <Name>Polar Programs-Related</Name>
    </FoaInformation>
    <ProgramElement>
      <Code>005F</Code>
      <Text>ICECUBE - CONSTRUCTION</Text>
    </ProgramElement>
    <ProgramElement>
      <Code>0236</Code>
      <Text/>
    </ProgramElement>
    <ProgramElement>
      <Code>0459</Code>
      <Text/>
    </ProgramElement>
    <ProgramElement>
      <Code>0835</Code>
      <Text/>
    </ProgramElement>
    <ProgramElement>
      <Code>1283</Code>
      <Text>SOUTH POLE SAFETY PROJECT</Text>
    </ProgramElement>
    <ProgramElement>
      <Code>1296</Code>
      <Text>SOUTH POLE STATION MODERNIZATI</Text>
    </ProgramElement>
    <ProgramElement>
      <Code>1580</Code>
      <Text>INSTRUMENTATION &amp; FACILITIES</Text>
    </ProgramElement>
    <ProgramElement>
      <Code>1629</Code>
      <Text>BE: NON-ANNOUNCEMENT RESEARCH</Text>
    </ProgramElement>
    <ProgramElement>
      <Code>1647</Code>
      <Text>ANTARCTIC INSTRUM &amp; SUPPORT</Text>
    </ProgramElement>
    <ProgramElement>
      <Code>1694</Code>
      <Text>BE: INSTRUM DEVELOP FOR ENV AC</Text>
    </ProgramElement>
    <ProgramElement>
      <Code>1789</Code>
      <Text>COMPREHENSIVE TEST BAN TREATY</Text>
    </ProgramElement>
    <ProgramElement>
      <Code>1922</Code>
      <Text>CONNECTIONS</Text>
    </ProgramElement>
    <ProgramElement>
      <Code>5111</Code>
      <Text>ANTARCTIC ORGANISMS &amp; ECOSYST</Text>
    </ProgramElement>
    <ProgramElement>
      <Code>5112</Code>
      <Text>ANTARCTIC EARTH SCIENCES</Text>
    </ProgramElement>
    <ProgramElement>
      <Code>5113</Code>
      <Text>ANTARCTIC OCEAN &amp; ATMOSPH SCI</Text>
    </ProgramElement>
    <ProgramElement>
      <Code>5115</Code>
      <Text>Antarctic Astrophys&amp;Geosp Sci</Text>
    </ProgramElement>
    <ProgramElement>
      <Code>5116</Code>
      <Text>ANTARCTIC GLACIOLOGY</Text>
    </ProgramElement>
    <ProgramElement>
      <Code>5130</Code>
      <Text>ANTARCTIC COORDINATION &amp; INFOR</Text>
    </ProgramElement>
    <ProgramElement>
      <Code>5140</Code>
      <Text>OPERATIONS SUPPORT PROGRAM</Text>
    </ProgramElement>
    <ProgramElement>
      <Code>5146</Code>
      <Text>ANTARCTIC LOGISTICS SUPPORT</Text>
    </ProgramElement>
    <ProgramElement>
      <Code>5187</Code>
      <Text>ENVIRONMENT</Text>
    </ProgramElement>
    <ProgramElement>
      <Code>5188</Code>
      <Text>SAFETY</Text>
    </ProgramElement>
    <ProgramElement>
      <Code>5189</Code>
      <Text>HEALTH</Text>
    </ProgramElement>
    <ProgramElement>
      <Code>5205</Code>
      <Text>ARCTIC RESRCH SUPPRT &amp; LOGISTI</Text>
    </ProgramElement>
    <ProgramElement>
      <Code>5247</Code>
      <Text>POST DOC/TRAVEL</Text>
    </ProgramElement>
    <ProgramElement>
      <Code>5280</Code>
      <Text>ARCTIC NATURAL SCIENCES</Text>
    </ProgramElement>
    <ProgramElement>
      <Code>5281</Code>
      <Text>INNOV THRU INSTITUTNL INTEGRTN</Text>
    </ProgramElement>
    <ProgramElement>
      <Code>5284</Code>
      <Text>GK-12</Text>
    </ProgramElement>
    <ProgramElement>
      <Code>5292</Code>
      <Text>ANTARCTIC INTEGRATED SYS SCI</Text>
    </ProgramElement>
    <ProgramElement>
      <Code>5294</Code>
      <Text>Antarctic Education</Text>
    </ProgramElement>
    <ProgramElement>
      <Code>6109</Code>
      <Text/>
    </ProgramElement>
    <ProgramElement>
      <Code>7179</Code>
      <Text>GRAD TEACHING FELLOWS IN K-12</Text>
    </ProgramElement>
    <ProgramElement>
      <Code>7555</Code>
      <Text>STC CLASS OF 2005</Text>
    </ProgramElement>
    <ProgramElement>
      <Code>9170</Code>
      <Text>NSF PLANNING &amp; EVALUATION</Text>
    </ProgramElement>
    <ProgramElement>
      <Code>9199</Code>
      <Text>UNDISTRIBUTED PANEL/IPA FUNDS</Text>
    </ProgramElement>
    <ProgramElement>
      <Code>H113</Code>
      <Text/>
    </ProgramElement>
    <ProgramElement>
      <Code>H114</Code>
      <Text/>
    </ProgramElement>
    <ProgramElement>
      <Code>H282</Code>
      <Text/>
    </ProgramElement>
    <ProgramElement>
      <Code>H413</Code>
      <Text/>
    </ProgramElement>
    <ProgramElement>
      <Code>H445</Code>
      <Text/>
    </ProgramElement>
    <ProgramElement>
      <Code>H476</Code>
      <Text/>
    </ProgramElement>
    <ProgramElement>
      <Code>H477</Code>
      <Text/>
    </ProgramElement>
    <ProgramElement>
      <Code>I103</Code>
      <Text/>
    </ProgramElement>
    <ProgramElement>
      <Code>I108</Code>
      <Text/>
    </ProgramElement>
    <ProgramElement>
      <Code>I118</Code>
      <Text/>
    </ProgramElement>
    <ProgramElement>
      <Code>I444</Code>
      <Text/>
    </ProgramElement>
    <ProgramElement>
      <Code>J188</Code>
      <Text/>
    </ProgramElement>
    <ProgramElement>
      <Code>J274</Code>
      <Text/>
    </ProgramElement>
    <ProgramElement>
      <Code>J293</Code>
      <Text/>
    </ProgramElement>
    <ProgramElement>
      <Code>J296</Code>
      <Text/>
    </ProgramElement>
    <ProgramElement>
      <Code>J408</Code>
      <Text/>
    </ProgramElement>
    <ProgramElement>
      <Code>K501</Code>
      <Text/>
    </ProgramElement>
    <ProgramElement>
      <Code>K567</Code>
      <Text/>
    </ProgramElement>
    <ProgramElement>
      <Code>K597</Code>
      <Text/>
    </ProgramElement>
    <ProgramElement>
      <Code>S025</Code>
      <Text/>
    </ProgramElement>
    <ProgramElement>
      <Code>T218</Code>
      <Text/>
    </ProgramElement>
    <ProgramElement>
      <Code>T305</Code>
      <Text/>
    </ProgramElement>
    <ProgramElement>
      <Code>T441</Code>
      <Text/>
    </ProgramElement>
    <ProgramElement>
      <Code>T659</Code>
      <Text/>
    </ProgramElement>
    <ProgramElement>
      <Code>T702</Code>
      <Text/>
    </ProgramElement>
    <ProgramElement>
      <Code>T713</Code>
      <Text/>
    </ProgramElement>
    <ProgramElement>
      <Code>T723</Code>
      <Text/>
    </ProgramElement>
    <ProgramElement>
      <Code>T857</Code>
      <Text/>
    </ProgramElement>
    <ProgramElement>
      <Code>T999</Code>
      <Text/>
    </ProgramElement>
    <ProgramElement>
      <Code>V120</Code>
      <Text/>
    </ProgramElement>
    <ProgramElement>
      <Code>V598</Code>
      <Text/>
    </ProgramElement>
    <ProgramElement>
      <Code>V610</Code>
      <Text/>
    </ProgramElement>
    <ProgramElement>
      <Code>V749</Code>
      <Text/>
    </ProgramElement>
    <ProgramElement>
      <Code>V761</Code>
      <Text/>
    </ProgramElement>
    <ProgramElement>
      <Code>V859</Code>
      <Text/>
    </ProgramElement>
    <ProgramElement>
      <Code>W176</Code>
      <Text/>
    </ProgramElement>
    <ProgramElement>
      <Code>W177</Code>
      <Text/>
    </ProgramElement>
    <ProgramElement>
      <Code>W178</Code>
      <Text/>
    </ProgramElement>
    <ProgramElement>
      <Code>W594</Code>
      <Text/>
    </ProgramElement>
    <ProgramElement>
      <Code>W597</Code>
      <Text/>
    </ProgramElement>
    <ProgramElement>
      <Code>X787</Code>
      <Text/>
    </ProgramElement>
    <ProgramReference>
      <Code>0000</Code>
      <Text>UNASSIGNED</Text>
    </ProgramReference>
    <ProgramReference>
      <Code>OTHR</Code>
      <Text>OTHER RESEARCH OR EDUCATION</Text>
    </ProgramReference>
    <ProgramReference>
      <Code>1693</Code>
      <Text>ENVIRONMENTAL GENOMICS</Text>
    </ProgramReference>
    <ProgramReference>
      <Code>5295</Code>
      <Text>IPY (GENERAL)</Text>
    </ProgramReference>
    <ProgramReference>
      <Code>6890</Code>
      <Text>RECOVERY ACT ACTION</Text>
    </ProgramReference>
    <ProgramReference>
      <Code>1079</Code>
      <Text>ARCTIC RESEARCH</Text>
    </ProgramReference>
  </Award>
</rootTag>
