<?xml version="1.0" encoding="UTF-8"?>

<rootTag>
  <Award>
    <AwardTitle>U.S. - Europe International Workshop: Study of Genes, Brain, and Behavior with Honey Bees; Bellagio, Italy</AwardTitle>
    <AwardEffectiveDate>09/01/2000</AwardEffectiveDate>
    <AwardExpirationDate>02/28/2002</AwardExpirationDate>
    <AwardAmount>10000</AwardAmount>
    <AwardInstrument>
      <Value>Standard Grant</Value>
    </AwardInstrument>
    <Organization>
      <Code>01090000</Code>
      <Directorate>
        <LongName>Office Of The Director</LongName>
      </Directorate>
      <Division>
        <LongName>Office Of Internatl Science &amp;Engineering</LongName>
      </Division>
    </Organization>
    <ProgramOfficer>
      <SignBlockName>Jeanne E. Hudson</SignBlockName>
    </ProgramOfficer>
    <AbstractNarration>0000262&lt;br/&gt;Robinson&lt;br/&gt;&lt;br/&gt;This one-year award will support US participation in an international workshop, New Approaches to the Study of Genes, Brain, and Behavior with Honey Bees, to take place in Bellagio, Italy, on June 26-30, 2000. Gene Robinson of the University of Illinois, and Alison Mercer, University of Otago, New Zealand, will organize the workshop. The workshop involves US researchers' participation in a forum for a multidisciplinary group of researchers from the US, Europe, and Asia to develop opportunities for future collaboration on emerging technologies in neuroscience and genomics, enhancing the value of the honey bee as a model for integrated studies of behavior, neurobiology, and genetics. The focus of the meeting will be on studies of behavior that demonstrate, at the molecular level, the influences of genes, the environment, and their interaction. The goal of these studies is to explain the function and evolution of behavioral mechanisms that integrate the activity of individuals in a society, neural and neuroendocrine mechanisms that regulate behavior within the brain of the individual, and the genes that encode these brain mechanisms and thereby influence social behavior.</AbstractNarration>
    <MinAmdLetterDate>08/25/2000</MinAmdLetterDate>
    <MaxAmdLetterDate>08/25/2000</MaxAmdLetterDate>
    <ARRAAmount/>
    <AwardID>0000262</AwardID>
    <Investigator>
      <FirstName>Gene</FirstName>
      <LastName>Robinson</LastName>
      <EmailAddress>generobi@illinois.edu</EmailAddress>
      <StartDate>08/25/2000</StartDate>
      <EndDate/>
      <RoleCode>Principal Investigator</RoleCode>
    </Investigator>
    <Institution>
      <Name>University of Illinois at Urbana-Champaign</Name>
      <CityName>CHAMPAIGN</CityName>
      <ZipCode>618207473</ZipCode>
      <PhoneNumber>2173332187</PhoneNumber>
      <StreetAddress>SUITE A</StreetAddress>
      <CountryName>United States</CountryName>
      <StateName>Illinois</StateName>
      <StateCode>IL</StateCode>
    </Institution>
    <FoaInformation>
      <Code>0000099</Code>
      <Name>Other Applications NEC</Name>
    </FoaInformation>
    <ProgramElement>
      <Code>5980</Code>
      <Text>WESTERN EUROPE PROGRAM</Text>
    </ProgramElement>
    <ProgramReference>
      <Code>0000</Code>
      <Text>UNASSIGNED</Text>
    </ProgramReference>
    <ProgramReference>
      <Code>5920</Code>
      <Text>ITALY</Text>
    </ProgramReference>
    <ProgramReference>
      <Code>OTHR</Code>
      <Text>OTHER RESEARCH OR EDUCATION</Text>
    </ProgramReference>
  </Award>
</rootTag>
