<?xml version="1.0" encoding="UTF-8"?>

<rootTag>
  <Award>
    <AwardTitle>The Nature and Reactivity of Soot</AwardTitle>
    <AwardEffectiveDate>08/15/2000</AwardEffectiveDate>
    <AwardExpirationDate>01/31/2003</AwardExpirationDate>
    <AwardAmount>119900</AwardAmount>
    <AwardInstrument>
      <Value>Standard Grant</Value>
    </AwardInstrument>
    <Organization>
      <Code>06020104</Code>
      <Directorate>
        <LongName>Directorate For Geosciences</LongName>
      </Directorate>
      <Division>
        <LongName>Div Atmospheric &amp; Geospace Sciences</LongName>
      </Division>
    </Organization>
    <ProgramOfficer>
      <SignBlockName>Anne-Marie Schmoltner</SignBlockName>
    </ProgramOfficer>
    <AbstractNarration>This project is a continuation of laboratory investigations of the nature and reactivity of carbonaceous aerosols. Soot reactivity will be studied using long path FTIR spectroscopy and microgravity techniques. The reactions to be studied include those of soot with nitrogen dioxide, sulfur dioxide, and ozone. An effort will be made to correlate chemical reactivity with physical and chemical characteristics of soot particles, such as particle size, surface area, porosity, PAH content, surface functionalities, and unpaired electron density, fuel type and combusion conditions.</AbstractNarration>
    <MinAmdLetterDate>08/23/2000</MinAmdLetterDate>
    <MaxAmdLetterDate>03/28/2002</MaxAmdLetterDate>
    <ARRAAmount/>
    <AwardID>0000911</AwardID>
    <Investigator>
      <FirstName>Dwight</FirstName>
      <LastName>Smith</LastName>
      <EmailAddress>dwismith@du.edu</EmailAddress>
      <StartDate>08/23/2000</StartDate>
      <EndDate/>
      <RoleCode>Principal Investigator</RoleCode>
    </Investigator>
    <Institution>
      <Name>University of Denver</Name>
      <CityName>Denver</CityName>
      <ZipCode>802104711</ZipCode>
      <PhoneNumber>3038712000</PhoneNumber>
      <StreetAddress>2199 S. University Blvd.</StreetAddress>
      <CountryName>United States</CountryName>
      <StateName>Colorado</StateName>
      <StateCode>CO</StateCode>
    </Institution>
    <FoaInformation>
      <Code>0000099</Code>
      <Name>Other Applications NEC</Name>
    </FoaInformation>
  </Award>
</rootTag>
