<?xml version="1.0" encoding="UTF-8"?>

<rootTag>
  <Award>
    <AwardTitle>U.S.- U.K. Cooperative Research: The Chemistry of Larger Membrane Clusters</AwardTitle>
    <AwardEffectiveDate>05/01/2000</AwardEffectiveDate>
    <AwardExpirationDate>10/31/2004</AwardExpirationDate>
    <AwardAmount>12000</AwardAmount>
    <AwardInstrument>
      <Value>Standard Grant</Value>
    </AwardInstrument>
    <Organization>
      <Code>01090000</Code>
      <Directorate>
        <LongName>Office Of The Director</LongName>
      </Directorate>
      <Division>
        <LongName>Office Of Internatl Science &amp;Engineering</LongName>
      </Division>
    </Organization>
    <ProgramOfficer>
      <SignBlockName>Rose Gombay</SignBlockName>
    </ProgramOfficer>
    <AbstractNarration>0000427&lt;br/&gt;Barton&lt;br/&gt;&lt;br/&gt;This three-year award supports U.S.-U.K. collaborative research on reactions of small molecules with metallaboranes and studies of macropolyhedral boranes. The project involves Lawrence Barton and a graduate student from the University of Missouri and John D. Kennedy and a graduate student from the University of Leeds. The research addresses synthetic, structural, behavioral and spectroscopic studies of the reactions of small molecules with metallaboranes and the formation of macropolyhedral clusters, i.e. species larger than the typically accepted limit of 12-vertix icosahedron.&lt;br/&gt;&lt;br/&gt;The U.S. investigator brings to this collaboration expertise in polyborane and metallapolyborane chemistry and x-ray diffraction measurements. This is complemented by the U.K. investigator's expertise in the field of polyborane clusters and in NMR spectroscopy. Much of the NMR joint work will take place in the Leeds laboratory. The project will advance understanding of metallaborane clusters and may result in compounds with very novel properties.</AbstractNarration>
    <MinAmdLetterDate>04/25/2000</MinAmdLetterDate>
    <MaxAmdLetterDate>05/13/2004</MaxAmdLetterDate>
    <ARRAAmount/>
    <AwardID>0000427</AwardID>
    <Investigator>
      <FirstName>Lawrence</FirstName>
      <LastName>Barton</LastName>
      <EmailAddress>lbarton@umsl.edu</EmailAddress>
      <StartDate>04/25/2000</StartDate>
      <EndDate/>
      <RoleCode>Principal Investigator</RoleCode>
    </Investigator>
    <Institution>
      <Name>University of Missouri-Saint Louis</Name>
      <CityName>SAINT LOUIS</CityName>
      <ZipCode>631214400</ZipCode>
      <PhoneNumber>3145165897</PhoneNumber>
      <StreetAddress>ONE UNIVERSITY BLVD</StreetAddress>
      <CountryName>United States</CountryName>
      <StateName>Missouri</StateName>
      <StateCode>MO</StateCode>
    </Institution>
    <FoaInformation>
      <Code>0000099</Code>
      <Name>Other Applications NEC</Name>
    </FoaInformation>
    <ProgramElement>
      <Code>5980</Code>
      <Text>WESTERN EUROPE PROGRAM</Text>
    </ProgramElement>
    <ProgramReference>
      <Code>0000</Code>
      <Text>UNASSIGNED</Text>
    </ProgramReference>
    <ProgramReference>
      <Code>5946</Code>
      <Text>UNITED KINGDOM</Text>
    </ProgramReference>
    <ProgramReference>
      <Code>OTHR</Code>
      <Text>OTHER RESEARCH OR EDUCATION</Text>
    </ProgramReference>
  </Award>
</rootTag>
