<?xml version="1.0" encoding="UTF-8"?>

<rootTag>
  <Award>
    <AwardTitle>An Empirical Test of the Theory of Urban Systemic Reform</AwardTitle>
    <AwardEffectiveDate>09/01/2000</AwardEffectiveDate>
    <AwardExpirationDate>08/31/2003</AwardExpirationDate>
    <AwardAmount>631078</AwardAmount>
    <AwardInstrument>
      <Value>Continuing grant</Value>
    </AwardInstrument>
    <Organization>
      <Code>11090000</Code>
      <Directorate>
        <LongName>Direct For Education and Human Resources</LongName>
      </Directorate>
      <Division>
        <LongName>Division Of Research On Learning</LongName>
      </Division>
    </Organization>
    <ProgramOfficer>
      <SignBlockName>Bernice T. Anderson</SignBlockName>
    </ProgramOfficer>
    <AbstractNarration>The goal of this proposed study is to test the theory of educational improvement in urban settings based upon systemic reform as delineated by NSF's process and outcome drivers by:&lt;br/&gt;1. estimating the quantitative relationship between individual elements of NSF's process drivers and the change in student achievement (i.e., the outcome drivers);&lt;br/&gt;2. measuring the synergistic effects of the drivers upon each other; and&lt;br/&gt;3. attempting to estimate a quantitative relationship between the drivers and student achievement. &lt;br/&gt;Additionally, the proposed study will collect data at the middle and high school levels. The proposed study is designed to examine the evidence supporting the theory of systemic reform, not to evaluate the success of the CPMSAs.</AbstractNarration>
    <MinAmdLetterDate>08/22/2000</MinAmdLetterDate>
    <MaxAmdLetterDate>09/26/2003</MaxAmdLetterDate>
    <ARRAAmount/>
    <AwardID>0000164</AwardID>
    <Investigator>
      <FirstName>Floretta</FirstName>
      <LastName>McKenzie</LastName>
      <EmailAddress>dkilpatrick@air.org</EmailAddress>
      <StartDate>08/22/2000</StartDate>
      <EndDate/>
      <RoleCode>Co-Principal Investigator</RoleCode>
    </Investigator>
    <Investigator>
      <FirstName>Joseph</FirstName>
      <LastName>Harris</LastName>
      <EmailAddress>harris@mckgrp.com</EmailAddress>
      <StartDate>08/22/2000</StartDate>
      <EndDate/>
      <RoleCode>Co-Principal Investigator</RoleCode>
    </Investigator>
    <Investigator>
      <FirstName>William</FirstName>
      <LastName>Rutherford</LastName>
      <EmailAddress>billr@mail.utexas.edu</EmailAddress>
      <StartDate>08/22/2000</StartDate>
      <EndDate/>
      <RoleCode>Co-Principal Investigator</RoleCode>
    </Investigator>
    <Investigator>
      <FirstName>Linda</FirstName>
      <LastName>Cavalluzzo</LastName>
      <EmailAddress>cavallul@cna.org</EmailAddress>
      <StartDate>08/22/2000</StartDate>
      <EndDate/>
      <RoleCode>Principal Investigator</RoleCode>
    </Investigator>
    <Institution>
      <Name>The CNA Corporation</Name>
      <CityName>Alexandria</CityName>
      <ZipCode>223111850</ZipCode>
      <PhoneNumber>7038242226</PhoneNumber>
      <StreetAddress>4825 Mark Center Drive</StreetAddress>
      <CountryName>United States</CountryName>
      <StateName>Virginia</StateName>
      <StateCode>VA</StateCode>
    </Institution>
    <FoaInformation>
      <Code>0116000</Code>
      <Name>Human Subjects</Name>
    </FoaInformation>
  </Award>
</rootTag>
