<?xml version="1.0" encoding="UTF-8"?>

<rootTag>
  <Award>
    <AwardTitle>U.S.-Ecuador Planning Visit: Geodynamics, Active Tectonics, and Geological Hazards in the Northern Andes, Ecuador</AwardTitle>
    <AwardEffectiveDate>01/15/2000</AwardEffectiveDate>
    <AwardExpirationDate>12/31/2001</AwardExpirationDate>
    <AwardAmount>7000</AwardAmount>
    <AwardInstrument>
      <Value>Standard Grant</Value>
    </AwardInstrument>
    <Organization>
      <Code>01090000</Code>
      <Directorate>
        <LongName>Office Of The Director</LongName>
      </Directorate>
      <Division>
        <LongName>Office Of Internatl Science &amp;Engineering</LongName>
      </Division>
    </Organization>
    <ProgramOfficer>
      <SignBlockName>Beverly Diaz</SignBlockName>
    </ProgramOfficer>
    <AbstractNarration>0000406&lt;br/&gt;Zeitler&lt;br/&gt;&lt;br/&gt;This Americas Program award will support a planning visit to Ecuador by Drs. Peter Zeitler, David J. Anastasio, Anne S. Meltzer, and Frank J. Pazzaglia, all from Lehigh University, Bethlehem, Pa., to meet with Dr. Minard Hall and other colleagues from the Instituto Geofisico Nacional, associated with the Escuela Politecnica Nacional of Quito. &lt;br/&gt;&lt;br/&gt;The purpose of the visit is to carry out join research planning with scientists of the Instituto, to investigate field logistics, and examining key field sites, with the goal of developing two joint research projects, as well as a joint training program for advanced students of active tectonics and geologic hazards. The projects include a study of the geodynamic mass balance in the northern Andes between volcanic eruptions and erosion; study of neotectonic deformation and catastrophic sedimentation in the Interandean Valley; and a program that will involve research experience in these areas for advanced students.&lt;br/&gt;&lt;br/&gt;***</AbstractNarration>
    <MinAmdLetterDate>01/27/2000</MinAmdLetterDate>
    <MaxAmdLetterDate>01/27/2000</MaxAmdLetterDate>
    <ARRAAmount/>
    <AwardID>0000406</AwardID>
    <Investigator>
      <FirstName>Peter</FirstName>
      <LastName>Zeitler</LastName>
      <EmailAddress>pkz0@lehigh.edu</EmailAddress>
      <StartDate>01/27/2000</StartDate>
      <EndDate/>
      <RoleCode>Principal Investigator</RoleCode>
    </Investigator>
    <Institution>
      <Name>Lehigh University</Name>
      <CityName>Bethlehem</CityName>
      <ZipCode>180153005</ZipCode>
      <PhoneNumber>6107583021</PhoneNumber>
      <StreetAddress>Alumni Building 27</StreetAddress>
      <CountryName>United States</CountryName>
      <StateName>Pennsylvania</StateName>
      <StateCode>PA</StateCode>
    </Institution>
    <FoaInformation>
      <Code>0304000</Code>
      <Name>Disaster &amp; Natural Hazard</Name>
    </FoaInformation>
    <ProgramElement>
      <Code>5977</Code>
      <Text>AMERICAS PROGRAM</Text>
    </ProgramElement>
    <ProgramReference>
      <Code>0000</Code>
      <Text>UNASSIGNED</Text>
    </ProgramReference>
    <ProgramReference>
      <Code>5926</Code>
      <Text>LATIN AMERICA, SDC</Text>
    </ProgramReference>
    <ProgramReference>
      <Code>OTHR</Code>
      <Text>OTHER RESEARCH OR EDUCATION</Text>
    </ProgramReference>
  </Award>
</rootTag>
