<?xml version="1.0" encoding="UTF-8"?>

<rootTag>
  <Award>
    <AwardTitle>Biotransformations Near and Above 100 Degrees Celsius</AwardTitle>
    <AwardEffectiveDate>09/15/2000</AwardEffectiveDate>
    <AwardExpirationDate>08/31/2005</AwardExpirationDate>
    <AwardAmount>297642</AwardAmount>
    <AwardInstrument>
      <Value>Continuing grant</Value>
    </AwardInstrument>
    <Organization>
      <Code>07020000</Code>
      <Directorate>
        <LongName>Directorate For Engineering</LongName>
      </Directorate>
      <Division>
        <LongName>Div Of Chem, Bioeng, Env, &amp; Transp Sys</LongName>
      </Division>
    </Organization>
    <ProgramOfficer>
      <SignBlockName>Fred G. Heineken</SignBlockName>
    </ProgramOfficer>
    <AbstractNarration>The objective of this project is to focus on enzymes of technical importance from two key organisms, Pyrococcus furiosus and Thermotoga maritima. Both of these have been well characterized by the Principal Investigators and are suitable models for this project. Basic and applied objectives are to be pursued. The &lt;br/&gt;project is divided into five main areas. Areas one to four focus on answering specific biochemical questions on four enzymes: chitinases, glycosyl transferases, prolidases, and aminoacylases. The fifth area addresses the optimization of the hyperthermophile gene expression in E. coli.</AbstractNarration>
    <MinAmdLetterDate>09/12/2000</MinAmdLetterDate>
    <MaxAmdLetterDate>05/27/2004</MaxAmdLetterDate>
    <ARRAAmount/>
    <AwardID>0000487</AwardID>
    <Investigator>
      <FirstName>Robert</FirstName>
      <LastName>Kelly</LastName>
      <EmailAddress>rmkelly@ncsu.edu</EmailAddress>
      <StartDate>09/12/2000</StartDate>
      <EndDate/>
      <RoleCode>Principal Investigator</RoleCode>
    </Investigator>
    <Institution>
      <Name>North Carolina State University</Name>
      <CityName>RALEIGH</CityName>
      <ZipCode>276957514</ZipCode>
      <PhoneNumber>9195152444</PhoneNumber>
      <StreetAddress>CAMPUS BOX 7514</StreetAddress>
      <CountryName>United States</CountryName>
      <StateName>North Carolina</StateName>
      <StateCode>NC</StateCode>
    </Institution>
    <FoaInformation>
      <Code>0308000</Code>
      <Name>Industrial Technology</Name>
    </FoaInformation>
    <ProgramElement>
      <Code>1491</Code>
      <Text>BIOTECH, BIOCHEM &amp; BIOMASS ENG</Text>
    </ProgramElement>
    <ProgramReference>
      <Code>9181</Code>
      <Text>BIOPROCESSING/BIOMOLECULAR MATERIALS</Text>
    </ProgramReference>
    <ProgramReference>
      <Code>9251</Code>
      <Text>RES EXPER FOR UNDERGRAD-SUPPLT</Text>
    </ProgramReference>
    <ProgramReference>
      <Code>BIOT</Code>
      <Text>BIOTECHNOLOGY</Text>
    </ProgramReference>
  </Award>
</rootTag>
