<?xml version="1.0" encoding="UTF-8"?>

<rootTag>
  <Award>
    <AwardTitle>Nanoscale Microstructural Design of Hydrazide Sol-Gel Derived Titanium Nitride Particles</AwardTitle>
    <AwardEffectiveDate>09/01/2000</AwardEffectiveDate>
    <AwardExpirationDate>08/31/2004</AwardExpirationDate>
    <AwardAmount>285000</AwardAmount>
    <AwardInstrument>
      <Value>Continuing grant</Value>
    </AwardInstrument>
    <Organization>
      <Code>07020000</Code>
      <Directorate>
        <LongName>Directorate For Engineering</LongName>
      </Directorate>
      <Division>
        <LongName>Div Of Chem, Bioeng, Env, &amp; Transp Sys</LongName>
      </Division>
    </Organization>
    <ProgramOfficer>
      <SignBlockName>Triantafillos Mountziaris</SignBlockName>
    </ProgramOfficer>
    <AbstractNarration>Abstract&lt;br/&gt;CTS- 0000563&lt;br/&gt;P.N. Kumta, Carnegie-Mellon University&lt;br/&gt;&lt;br/&gt;The objectives is to develop a new alkoxy hydrazine sol-gel (HSG) process in order to obtain nanocrystalline TiN with controlled structure, identify the mechanisms that govern the transformation of the amorphous precursors forming nanocrystalline nitrides, understand the nucleation and growth processes contributing to the high surface area of the microstructure, and explore the potential application to "supercapacitors". The work includes a series of spectroscopic and structural investigations, synthesis protocols, and reaction pathways. Understanding the mechanisms contributing to the high surface area and the role of particle size, shape and orientation on the electrical capacity characteristics will be a main outcome. The research project will be carried out in collaboration with research groups at the Jet Propulsion Laboratories and Entek International. &lt;br/&gt;If successful, the project will have impact on understanding synthesis and operation of "supercapacitors", microstructural evolution of a group of nanocrystalline materials, chemical routes to advanced materials, and electrochemistry.</AbstractNarration>
    <MinAmdLetterDate>08/23/2000</MinAmdLetterDate>
    <MaxAmdLetterDate>07/29/2002</MaxAmdLetterDate>
    <ARRAAmount/>
    <AwardID>0000563</AwardID>
    <Investigator>
      <FirstName>Prashant</FirstName>
      <LastName>Kumta</LastName>
      <EmailAddress>pkumta@engr.pitt.edu</EmailAddress>
      <StartDate>08/23/2000</StartDate>
      <EndDate/>
      <RoleCode>Principal Investigator</RoleCode>
    </Investigator>
    <Institution>
      <Name>Carnegie-Mellon University</Name>
      <CityName>PITTSBURGH</CityName>
      <ZipCode>152133815</ZipCode>
      <PhoneNumber>4122689527</PhoneNumber>
      <StreetAddress>5000 Forbes Avenue</StreetAddress>
      <CountryName>United States</CountryName>
      <StateName>Pennsylvania</StateName>
      <StateCode>PA</StateCode>
    </Institution>
    <FoaInformation>
      <Code>0308000</Code>
      <Name>Industrial Technology</Name>
    </FoaInformation>
    <ProgramElement>
      <Code>1415</Code>
      <Text>PARTICULATE &amp;MULTIPHASE PROCES</Text>
    </ProgramElement>
    <ProgramReference>
      <Code>0000</Code>
      <Text>UNASSIGNED</Text>
    </ProgramReference>
    <ProgramReference>
      <Code>OTHR</Code>
      <Text>OTHER RESEARCH OR EDUCATION</Text>
    </ProgramReference>
  </Award>
</rootTag>
