<?xml version="1.0" encoding="UTF-8"?>

<rootTag>
  <Award>
    <AwardTitle>Rigidity and Flexibility of Social Systems-Further Research</AwardTitle>
    <AwardEffectiveDate>09/01/2000</AwardEffectiveDate>
    <AwardExpirationDate>08/31/2001</AwardExpirationDate>
    <AwardAmount>28659</AwardAmount>
    <AwardInstrument>
      <Value>Standard Grant</Value>
    </AwardInstrument>
    <Organization>
      <Code>04050100</Code>
      <Directorate>
        <LongName>Direct For Social, Behav &amp; Economic Scie</LongName>
      </Directorate>
      <Division>
        <LongName>Divn Of Social and Economic Sciences</LongName>
      </Division>
    </Organization>
    <ProgramOfficer>
      <SignBlockName>Daniel H. Newlon</SignBlockName>
    </ProgramOfficer>
    <AbstractNarration>How do hierarchical systems, such as governments and corporations, respond to change? Is there a tendency for such systems to become unresponsive to their envi-ronment? What are the factors determining the rigidity of such systems? To address these questions, this project represents a social system as a set of ordered levels. At each level is a population of agents and associated with an agent is a behavioral rule. In each period, agents observe the realization of a stochastic environment and choose an ac-tion according to their rule. Two dynamics determine the rules deployed by agents in the system. First, a selection (or promotion) dynamic determines which agents advance to higher levels in the hierarchy and thus affects the population mix of rules at high levels. Second, a social learning dynamic determines the rules that agents adopt when they enter the system. New agents seek to imitate high-ranking (that is, successful) agents by trying to infer the rule they used from their historical record. These two dynamics describe a feedback system defined on the space of behavioral rules: the history of high-ranking agents determines the rules adopted by new agents, selection then operates on this cohort to generate a new set of high-ranking agents who influences the next generation of new agents. Analysis conducted under NSF grant 9708910 characterized the set of dynamically stable outcomes and explored their dependence on features of the internal structure (for example, the number of levels in the hierarchy) and the external structure (for example, the volatility of the environment). Initially, the space of behavioral rules over which evolution took place included rules that differed in their responsiveness to the environment. In the current project, the space is redefined to allow rules to differ in what they are responsive to. One rule - the individual learning rule - has an agent choose that action which is best based upon their own (noisy) signal of the environment. A second rule - the social learning rule - has an agent choose that action that most agents chose in the previous period. Organizational inertia might then emerge when most agents use a social learning rule.&lt;br/&gt;&lt;br/&gt;A second modification of previous work is to endogenize what it means to "perform well." In the context of a corporation, agents do not advance based on some fixed and exogenous notion of performance (such as profit) but rather on the subjective evaluation of higher-ranking agents. If, depending on their traits, different agents interpret performance in different ways then performance is itself endogenous as the traits of higher-level agents are the product of past selection. This research embodies this feature of the selection process to provide a richer description of dynamics within a hierarchical society.</AbstractNarration>
    <MinAmdLetterDate>08/22/2000</MinAmdLetterDate>
    <MaxAmdLetterDate>08/22/2000</MaxAmdLetterDate>
    <ARRAAmount/>
    <AwardID>0000649</AwardID>
    <Investigator>
      <FirstName>Joseph</FirstName>
      <LastName>Harrington</LastName>
      <EmailAddress>harrij@wharton.upenn.edu</EmailAddress>
      <StartDate>08/22/2000</StartDate>
      <EndDate/>
      <RoleCode>Principal Investigator</RoleCode>
    </Investigator>
    <Institution>
      <Name>Johns Hopkins University</Name>
      <CityName>Baltimore</CityName>
      <ZipCode>212182608</ZipCode>
      <PhoneNumber>4105168668</PhoneNumber>
      <StreetAddress>3400 N CHARLES ST</StreetAddress>
      <CountryName>United States</CountryName>
      <StateName>Maryland</StateName>
      <StateCode>MD</StateCode>
    </Institution>
  </Award>
</rootTag>
