<?xml version="1.0" encoding="UTF-8"?>

<rootTag>
  <Award>
    <AwardTitle>Testing Evolution Models for Garnet Peridotite in the Mantle and Crust during Orogenic Cycles</AwardTitle>
    <AwardEffectiveDate>07/01/2000</AwardEffectiveDate>
    <AwardExpirationDate>09/30/2005</AwardExpirationDate>
    <AwardAmount>89954</AwardAmount>
    <AwardInstrument>
      <Value>Standard Grant</Value>
    </AwardInstrument>
    <Organization>
      <Code>06030103</Code>
      <Directorate>
        <LongName>Directorate For Geosciences</LongName>
      </Directorate>
      <Division>
        <LongName>Division Of Earth Sciences</LongName>
      </Division>
    </Organization>
    <ProgramOfficer>
      <SignBlockName>David Fountain</SignBlockName>
    </ProgramOfficer>
    <AbstractNarration>0000937&lt;br/&gt;Langmuir&lt;br/&gt;The presence in many orogens of presumably mantle-derived garnet peridotite in &lt;br/&gt;high-grade crustal material has remained difficult to understand, as continental crust was thought to be too buoyant to be subducted into the mantle, and correspondingly, mantle peridotite too dense to be intruded upward into continental crust. This project will utilize two occurrences of garnet peridotite in continental orogenic rocks in the Caledonian Orogen of Norway. Extensive isotopic data will be employed to test several possible models for these occurrences. Results should help explain the common but apparently anomalous occurrence of those rocks not only in the Norway examples, but in other similar orogens.</AbstractNarration>
    <MinAmdLetterDate>06/26/2000</MinAmdLetterDate>
    <MaxAmdLetterDate>05/13/2005</MaxAmdLetterDate>
    <ARRAAmount/>
    <AwardID>0000937</AwardID>
    <Investigator>
      <FirstName>Hannes</FirstName>
      <LastName>Brueckner</LastName>
      <EmailAddress>hannes@ldeo.columbia.edu</EmailAddress>
      <StartDate>06/26/2000</StartDate>
      <EndDate/>
      <RoleCode>Co-Principal Investigator</RoleCode>
    </Investigator>
    <Investigator>
      <FirstName>Enrico</FirstName>
      <LastName>Bonatti</LastName>
      <EmailAddress>bonatti@ldeo.columbia.edu</EmailAddress>
      <StartDate>04/10/2003</StartDate>
      <EndDate/>
      <RoleCode>Principal Investigator</RoleCode>
    </Investigator>
    <Investigator>
      <FirstName>Charles</FirstName>
      <LastName>Langmuir</LastName>
      <EmailAddress>langmuir@eps.harvard.edu</EmailAddress>
      <StartDate>06/26/2000</StartDate>
      <EndDate>04/10/2003</EndDate>
      <RoleCode>Former Principal Investigator</RoleCode>
    </Investigator>
    <Institution>
      <Name>Columbia University</Name>
      <CityName>NEW YORK</CityName>
      <ZipCode>100276902</ZipCode>
      <PhoneNumber>2128546851</PhoneNumber>
      <StreetAddress>2960 Broadway</StreetAddress>
      <CountryName>United States</CountryName>
      <StateName>New York</StateName>
      <StateCode>NY</StateCode>
    </Institution>
    <FoaInformation>
      <Code>0000099</Code>
      <Name>Other Applications NEC</Name>
    </FoaInformation>
    <ProgramElement>
      <Code>1572</Code>
      <Text>TECTONICS</Text>
    </ProgramElement>
    <ProgramReference>
      <Code>0000</Code>
      <Text>UNASSIGNED</Text>
    </ProgramReference>
    <ProgramReference>
      <Code>OTHR</Code>
      <Text>OTHER RESEARCH OR EDUCATION</Text>
    </ProgramReference>
  </Award>
</rootTag>
