<?xml version="1.0" encoding="UTF-8"?>

<rootTag>
  <Award>
    <AwardTitle>tse of NIH Division of Computer Research and Technology (DCRT) Facilities</AwardTitle>
    <AwardEffectiveDate>10/01/1999</AwardEffectiveDate>
    <AwardExpirationDate>12/31/2003</AwardExpirationDate>
    <AwardAmount>66000</AwardAmount>
    <AwardInstrument>
      <Value>Interagency Agreement</Value>
    </AwardInstrument>
    <Organization>
      <Code>04030004</Code>
      <Directorate>
        <LongName>Directorate for Social, Behavioral &amp; Economic Sciences</LongName>
      </Directorate>
      <Division>
        <LongName>National Center for Science and Engineering Statistics.</LongName>
      </Division>
    </Organization>
    <ProgramOfficer>
      <SignBlockName>Nancy L. Leach</SignBlockName>
    </ProgramOfficer>
    <AbstractNarration/>
    <MinAmdLetterDate>11/15/1999</MinAmdLetterDate>
    <MaxAmdLetterDate>09/30/2003</MaxAmdLetterDate>
    <ARRAAmount/>
    <AwardID>0000204</AwardID>
    <Investigator>
      <FirstName>Joanne</FirstName>
      <LastName>Higgins</LastName>
      <EmailAddress/>
      <StartDate>11/15/1999</StartDate>
      <EndDate/>
      <RoleCode>Principal Investigator</RoleCode>
    </Investigator>
    <Institution>
      <Name>National Institutes of Health</Name>
      <CityName>Washington</CityName>
      <ZipCode>20014</ZipCode>
      <PhoneNumber/>
      <StreetAddress/>
      <CountryName>United States</CountryName>
      <StateName>District of Columbia</StateName>
      <StateCode>DC</StateCode>
    </Institution>
    <FoaInformation>
      <Code>0000099</Code>
      <Name>Other Applications NEC</Name>
    </FoaInformation>
  </Award>
</rootTag>
