<?xml version="1.0" encoding="UTF-8"?>

<rootTag>
  <Award>
    <AwardTitle>The All Nations Louis Stokes Alliance for Minority Participation</AwardTitle>
    <AwardEffectiveDate>11/01/2000</AwardEffectiveDate>
    <AwardExpirationDate>04/30/2007</AwardExpirationDate>
    <AwardAmount>5000000</AwardAmount>
    <AwardInstrument>
      <Value>Cooperative Agreement</Value>
    </AwardInstrument>
    <Organization>
      <Code>11060300</Code>
      <Directorate>
        <LongName>Direct For Education and Human Resources</LongName>
      </Directorate>
      <Division>
        <LongName>Division Of Human Resource Development</LongName>
      </Division>
    </Organization>
    <ProgramOfficer>
      <SignBlockName>Martha L. James</SignBlockName>
    </ProgramOfficer>
    <AbstractNarration>The All Nations Louis Stokes Alliance for Minority Participation program (ANLSAMP) is a national Native American initiative that aims to build upon the successes and "lessons learned" from the previous Phase 1 five-year program. The overall goal of this Phase II program is to establish a comprehensive ANLSAMP interactive network designed to increase substantially the quality and quantity of American Indians receiving baccalaureate degrees and graduate degrees in science, mathematics, engineering, and technology (SMET) by:&lt;br/&gt;&lt;br/&gt;1) Increasing the number of B.S. degree programs offered in SMET fields at Tribal Colleges from to 2 to 10;&lt;br/&gt;2) Increasing the number of B.S. programs in different SMET disciplines from one to four; and&lt;br/&gt;3) Increasing the graduation rate of Native students with B.S. degrees in SMET fields from 112 to 224.&lt;br/&gt;&lt;br/&gt;Through this proposal, the following partnerships will be funded to meet the goals above:&lt;br/&gt;1) TCUs who want to develop an associate degrees in SMET fields;&lt;br/&gt;2) TCUs who want to have associate to bachelor of science degrees in SMET fields; and&lt;br/&gt;3) The development of regional SMET education networks.&lt;br/&gt;&lt;br/&gt;Specific goals and objectives will accomplished through four major activities: Management, Networking, Research and Project.&lt;br/&gt;&lt;br/&gt; With the inclusion of all Tribal Colleges in this proposal, ANLSAMP will strengthen an already cohesive Tribal College network for SMET education, support the purpose of the Executive Order and enable the management team to leverage other resources more effectively.</AbstractNarration>
    <MinAmdLetterDate>09/12/2000</MinAmdLetterDate>
    <MaxAmdLetterDate>02/06/2007</MaxAmdLetterDate>
    <ARRAAmount/>
    <AwardID>0000305</AwardID>
    <Investigator>
      <FirstName>Joseph</FirstName>
      <LastName>McDonald</LastName>
      <EmailAddress>joe_mcdonald@skc.edu</EmailAddress>
      <StartDate>10/02/2003</StartDate>
      <EndDate/>
      <RoleCode>Principal Investigator</RoleCode>
    </Investigator>
    <Investigator>
      <FirstName>Judy</FirstName>
      <LastName>Gobert</LastName>
      <EmailAddress>zetra_wheeler@skc.edu</EmailAddress>
      <StartDate>09/12/2000</StartDate>
      <EndDate>10/02/2003</EndDate>
      <RoleCode>Former Principal Investigator</RoleCode>
    </Investigator>
    <Investigator>
      <FirstName>Zetra</FirstName>
      <LastName>Wheeler</LastName>
      <EmailAddress>zetra_wheeler@skc.edu</EmailAddress>
      <StartDate>05/27/2004</StartDate>
      <EndDate/>
      <RoleCode>Co-Principal Investigator</RoleCode>
    </Investigator>
    <Institution>
      <Name>Salish Kootenai College</Name>
      <CityName>pablo</CityName>
      <ZipCode>598550070</ZipCode>
      <PhoneNumber>4062754800</PhoneNumber>
      <StreetAddress>P O BOX 70</StreetAddress>
      <CountryName>United States</CountryName>
      <StateName>Montana</StateName>
      <StateCode>MT</StateCode>
    </Institution>
    <ProgramElement>
      <Code>9133</Code>
      <Text>ALLIANCES-MINORITY PARTICIPAT.</Text>
    </ProgramElement>
    <ProgramReference>
      <Code>9133</Code>
      <Text>ALLIANCES-MINORITY PARTICIPAT.</Text>
    </ProgramReference>
    <ProgramReference>
      <Code>9178</Code>
      <Text>UNDERGRADUATE EDUCATION</Text>
    </ProgramReference>
    <ProgramReference>
      <Code>SMET</Code>
      <Text>SCIENCE, MATH, ENG &amp; TECH EDUCATION</Text>
    </ProgramReference>
  </Award>
</rootTag>
