<?xml version="1.0" encoding="UTF-8"?>

<rootTag>
  <Award>
    <AwardTitle>International Fellow Awards: Microsystem 2 Dimensional Electrophoresis - Towards Rapid Separations for Proteomics and Diagnostics</AwardTitle>
    <AwardEffectiveDate>08/01/2000</AwardEffectiveDate>
    <AwardExpirationDate>08/31/2002</AwardExpirationDate>
    <AwardAmount>119000</AwardAmount>
    <AwardInstrument>
      <Value>Fellowship</Value>
    </AwardInstrument>
    <Organization>
      <Code>01090000</Code>
      <Directorate>
        <LongName>Office Of The Director</LongName>
      </Directorate>
      <Division>
        <LongName>Office Of Internatl Science &amp;Engineering</LongName>
      </Division>
    </Organization>
    <ProgramOfficer>
      <SignBlockName>John Tsapogas</SignBlockName>
    </ProgramOfficer>
    <AbstractNarration>0000462&lt;br/&gt;Reyes&lt;br/&gt;&lt;br/&gt;The International Research Fellow Awards Program enables U.S. scientists and engineers to conduct three to twenty-four months of research abroad. The program's awards provide opportunities for joint research, and the use of unique or complementary facilities, expertise and experimental conditions abroad.&lt;br/&gt;&lt;br/&gt;This award will provide Dr. Darwin R. Reyes with support for twenty-four months to work with Dr. Andreas Manz at Imperial College of Science in London, England.&lt;br/&gt;This project is co-funded by NSF's Directorate for Mathematical and Physical Sciences' Office of Multidisciplinary Activities.&lt;br/&gt;&lt;br/&gt;&lt;br/&gt;The goal of this research is to develop a separation system capable of multiplex protein analysis - `proteomic array analysis' - to analyze the levels of proteins in samples of genomic complexity. It will involve the use of microfabricated channels (pseudo-gels) on polymers or quartz substrates for electrophoretic separations of proteins, first by isoelectric focusing and then &lt;br/&gt;by sodium dodecyl sulfate (SDS) gel electrophoresis. Ultimately, the device will be employed to separate complex multiprotein biological samples.&lt;br/&gt;&lt;br/&gt;Dr. Manz is one of the pioneers in microchip technology used for chemical applications. He was involved in the development of high-speed analyzers based on capillary electrophoresis, liquid chromatography and flow injection analysis.&lt;br/&gt;&lt;br/&gt;&lt;br/&gt;***</AbstractNarration>
    <MinAmdLetterDate>06/14/2000</MinAmdLetterDate>
    <MaxAmdLetterDate>06/24/2002</MaxAmdLetterDate>
    <ARRAAmount/>
    <AwardID>0000462</AwardID>
    <Investigator>
      <FirstName>Darwin</FirstName>
      <LastName>Reyes</LastName>
      <EmailAddress/>
      <StartDate>06/14/2000</StartDate>
      <EndDate/>
      <RoleCode>Principal Investigator</RoleCode>
    </Investigator>
    <Institution>
      <Name>Reyes, Darwin R</Name>
      <CityName>San Juan</CityName>
      <ZipCode>00901</ZipCode>
      <PhoneNumber/>
      <StreetAddress/>
      <CountryName>United States</CountryName>
      <StateName>Puerto Rico</StateName>
      <StateCode>PR</StateCode>
    </Institution>
    <FoaInformation>
      <Code>0510604</Code>
      <Name>Analytic Tools</Name>
    </FoaInformation>
  </Award>
</rootTag>
