<?xml version="1.0" encoding="UTF-8"?>

<rootTag>
  <Award>
    <AwardTitle>Parallel Algebraic Recursive Multilevel Solvers: Advances in Scalable and Robust High Performance Linear System Solution Methods</AwardTitle>
    <AwardEffectiveDate>06/15/2000</AwardEffectiveDate>
    <AwardExpirationDate>05/31/2004</AwardExpirationDate>
    <AwardAmount>469838</AwardAmount>
    <AwardInstrument>
      <Value>Continuing grant</Value>
    </AwardInstrument>
    <Organization>
      <Code>05010000</Code>
      <Directorate>
        <LongName>Direct For Computer &amp; Info Scie &amp; Enginr</LongName>
      </Directorate>
      <Division>
        <LongName>Division of Computing and Communication Foundations</LongName>
      </Division>
    </Organization>
    <ProgramOfficer>
      <SignBlockName>Xiaodong Zhang</SignBlockName>
    </ProgramOfficer>
    <AbstractNarration>Parallel iterative methods are leading candidates for solving large-scale engineering and scientific problems, which usually appear as sparse linear systems. However, their robustness and overall efficiency remain mixed and problem-specific. These characteristics are closely tied to the preconditioners used as inputs to these methods. Preconditioners for general sparse linear systems remain by far the biggest stumbling block to obtaining good performance for iterative solution methods on high-performance computers in engineering and scientific applications. Accordingly, the main thrust of this project is to develop a class of preconditioning techniques based on the researchers' Algebraic Recursive Multilevel Solver (ARMS) framework. The researchers will develop the new methods and test them on realistic problems arising from the researchers' collaborations.&lt;br/&gt;&lt;br/&gt;The project will develop a class of parallel multi-level ILU-type preconditioning techniques using ARMS methods. Recursive multi-level ILU methods allow the unification of many standard iterative solvers into a single generic code. Their multi-level nature allows them to bridge the gap between the excellent problem-specifc performance of multigrid methods and the general-purpose nature of preconditioned Krylov solvers. The project will examine performance and scalability for classes of existing and new procedures thus obtained, including Schwartz procedures, Schur complement methods, direct solvers, and multilevel techniques. It will also conduct extensive realistic tests. In summary, this work promises advances in three important components of developing parallel solution methods: effective and scalable algorithms, use of effective computer science tools and data structures, and testing and validation.</AbstractNarration>
    <MinAmdLetterDate>06/08/2000</MinAmdLetterDate>
    <MaxAmdLetterDate>04/30/2002</MaxAmdLetterDate>
    <ARRAAmount/>
    <AwardID>0000443</AwardID>
    <Investigator>
      <FirstName>Yousef</FirstName>
      <LastName>Saad</LastName>
      <EmailAddress>saad@umn.edu</EmailAddress>
      <StartDate>06/08/2000</StartDate>
      <EndDate/>
      <RoleCode>Principal Investigator</RoleCode>
    </Investigator>
    <Investigator>
      <FirstName>Masha</FirstName>
      <LastName>Sosonkina</LastName>
      <EmailAddress>msosonki@odu.edu</EmailAddress>
      <StartDate>06/08/2000</StartDate>
      <EndDate/>
      <RoleCode>Co-Principal Investigator</RoleCode>
    </Investigator>
    <Institution>
      <Name>University of Minnesota-Twin Cities</Name>
      <CityName>Minneapolis</CityName>
      <ZipCode>554552070</ZipCode>
      <PhoneNumber>6126245599</PhoneNumber>
      <StreetAddress>200 OAK ST SE</StreetAddress>
      <CountryName>United States</CountryName>
      <StateName>Minnesota</StateName>
      <StateCode>MN</StateCode>
    </Institution>
    <FoaInformation>
      <Code>0000099</Code>
      <Name>Other Applications NEC</Name>
    </FoaInformation>
    <ProgramElement>
      <Code>4080</Code>
      <Text>ADVANCED COMP RESEARCH PROGRAM</Text>
    </ProgramElement>
    <ProgramReference>
      <Code>9216</Code>
      <Text>ADVANCED SOFTWARE TECH &amp; ALGOR</Text>
    </ProgramReference>
    <ProgramReference>
      <Code>HPCC</Code>
      <Text>HIGH PERFORMANCE COMPUTING &amp; COMM</Text>
    </ProgramReference>
  </Award>
</rootTag>
