<?xml version="1.0" encoding="UTF-8"?>

<rootTag>
  <Award>
    <AwardTitle>Directed Evolution of A Single-Chain Catalytic Antibody With Chorismate Mustase Activity to Increase Its Ability and Catalytic Efficiency, Using RNA-Protein Fusions</AwardTitle>
    <AwardEffectiveDate>05/15/2000</AwardEffectiveDate>
    <AwardExpirationDate>07/31/2001</AwardExpirationDate>
    <AwardAmount>47240</AwardAmount>
    <AwardInstrument>
      <Value>Fellowship</Value>
    </AwardInstrument>
    <Organization>
      <Code>01090000</Code>
      <Directorate>
        <LongName>Office Of The Director</LongName>
      </Directorate>
      <Division>
        <LongName>Office Of Internatl Science &amp;Engineering</LongName>
      </Division>
    </Organization>
    <ProgramOfficer>
      <SignBlockName>John Tsapogas</SignBlockName>
    </ProgramOfficer>
    <AbstractNarration>0000473&lt;br/&gt;Goldberg&lt;br/&gt;The International Research Fellow Awards Program enables U.S. scientists and engineers to conduct three to twentyfour months of research abroad. The program's awards provide opportunities for joint research, and the use of unique or complementary facilities, expertise and experimental conditions abroad.&lt;br/&gt;This award will provide Dr.Joel Goldberg with support for 12 months to work with Professor Donald Hilvert at the Swiss Federal Institute of Technology (ETH) in Zurich, Switzerland on the directed molecular evolution of a single-chain catalytic antibody with increased stability and catalytic efficiency. This project is co-funded by NSF's Directorate for Mathematical and Physical Sciences' Office of Multidisciplinary Activities.&lt;br/&gt;This project will prepare a library of RNS-protein fusions for the directed evolution of proteins in order to generate mutant antibodies with increased stabilities and altered catalytic properties. The PI and host will start with a catalytic antibody which efficiently converts chorismate to prephenate. This project will provide insights into the mechanisms used by proteins to maintain active, folded conformations and promote chemical reactions.&lt;br/&gt;Professor Hilvert is an expert on protein and catalytic antibodies. The entire infrastructure for the Laboratorium fur Organische Chemie and the Department of Chemistry at the ETH are available for this project.</AbstractNarration>
    <MinAmdLetterDate>06/13/2000</MinAmdLetterDate>
    <MaxAmdLetterDate>06/13/2000</MaxAmdLetterDate>
    <ARRAAmount/>
    <AwardID>0000473</AwardID>
    <Investigator>
      <FirstName>Joel</FirstName>
      <LastName>Goldberg</LastName>
      <EmailAddress/>
      <StartDate>06/13/2000</StartDate>
      <EndDate/>
      <RoleCode>Principal Investigator</RoleCode>
    </Investigator>
    <Institution>
      <Name>Goldberg, Joel</Name>
      <CityName>Ithaca</CityName>
      <ZipCode>148532801</ZipCode>
      <PhoneNumber/>
      <StreetAddress/>
      <CountryName>United States</CountryName>
      <StateName>New York</StateName>
      <StateCode>NY</StateCode>
    </Institution>
    <FoaInformation>
      <Code>0000099</Code>
      <Name>Other Applications NEC</Name>
    </FoaInformation>
  </Award>
</rootTag>
