<?xml version="1.0" encoding="UTF-8"?>

<rootTag>
  <Award>
    <AwardTitle>Proposal Processing and Data Entry Support forthe Faculty Early Career Development (CAREER) Program</AwardTitle>
    <AwardEffectiveDate>10/14/1999</AwardEffectiveDate>
    <AwardExpirationDate>04/30/2000</AwardExpirationDate>
    <AwardAmount>20761</AwardAmount>
    <AwardInstrument>
      <Value>BOA/Task Order</Value>
    </AwardInstrument>
    <Organization>
      <Code>05020000</Code>
      <Directorate>
        <LongName>Direct For Computer &amp; Info Scie &amp; Enginr</LongName>
      </Directorate>
      <Division>
        <LongName>Div Of Information &amp; Intelligent Systems</LongName>
      </Division>
    </Organization>
    <ProgramOfficer>
      <SignBlockName>Ephraim P. Glinert</SignBlockName>
    </ProgramOfficer>
    <AbstractNarration>Proposal processing and data entry support for the CAREER Program</AbstractNarration>
    <MinAmdLetterDate>10/14/1999</MinAmdLetterDate>
    <MaxAmdLetterDate>06/08/2000</MaxAmdLetterDate>
    <ARRAAmount/>
    <AwardID>0000227</AwardID>
    <Investigator>
      <FirstName>Claire</FirstName>
      <LastName>Razaq-Hines</LastName>
      <EmailAddress>razaqc@lan.alliedtech.com</EmailAddress>
      <StartDate>03/22/2000</StartDate>
      <EndDate/>
      <RoleCode>Principal Investigator</RoleCode>
    </Investigator>
    <Institution>
      <Name>ALLIED TECHNOLOGY GROUP INC</Name>
      <CityName>ROCKVILLE</CityName>
      <ZipCode>208503167</ZipCode>
      <PhoneNumber>3013091234</PhoneNumber>
      <StreetAddress>1803 RESEARCH BLVD</StreetAddress>
      <CountryName>United States</CountryName>
      <StateName>Maryland</StateName>
      <StateCode>MD</StateCode>
    </Institution>
    <ProgramElement>
      <Code>6856</Code>
      <Text>ARTIFICIAL INTELL &amp; COGNIT SCI</Text>
    </ProgramElement>
    <ProgramReference>
      <Code>1045</Code>
      <Text>CAREER: FACULTY EARLY CAR DEV</Text>
    </ProgramReference>
    <ProgramReference>
      <Code>9216</Code>
      <Text>ADVANCED SOFTWARE TECH &amp; ALGOR</Text>
    </ProgramReference>
    <ProgramReference>
      <Code>HPCC</Code>
      <Text>HIGH PERFORMANCE COMPUTING &amp; COMM</Text>
    </ProgramReference>
  </Award>
</rootTag>
