<?xml version="1.0" encoding="UTF-8"?>

<rootTag>
  <Award>
    <AwardTitle>Cenozoic Paleoclimatic Record from Paleosols of Eastern Oregon and Washington</AwardTitle>
    <AwardEffectiveDate>06/15/2000</AwardEffectiveDate>
    <AwardExpirationDate>05/31/2003</AwardExpirationDate>
    <AwardAmount>140938</AwardAmount>
    <AwardInstrument>
      <Value>Standard Grant</Value>
    </AwardInstrument>
    <Organization>
      <Code>06030101</Code>
      <Directorate>
        <LongName>Directorate For Geosciences</LongName>
      </Directorate>
      <Division>
        <LongName>Division Of Earth Sciences</LongName>
      </Division>
    </Organization>
    <ProgramOfficer>
      <SignBlockName>Enriqueta Barrera</SignBlockName>
    </ProgramOfficer>
    <AbstractNarration>0000953&lt;br/&gt;Retallack&lt;br/&gt;&lt;br/&gt;Long records of climate change well back into geological time are important for understanding the nature and direction of global change. To date one of the most important records has come from the oxygen isotopic composition of foraminifera from deep sea cores. The three-year project proposed here is to obtain a comparably complete and long-term record of paleoclimate on land. This record comes from a long sequence of fossil soils (paleosols) ranging in age from modern back to 45 million years old in the high desert of northeastern Oregon and southeastern Washington states. The methods used to determine paleoclimate, and particularly ancient rainfall regimen, include depth tyo horizon of calcareous nodules in the paleosols and also the chemical composition of well-weathered parts of the paleosols. Several parts of the record have already been studied successfully as pilot studies for the project, and the rate of progress is encouraging for completion of a 45 million year record complete to a resolution of gaps of no more than 200,000 years. Such a long-term paleoclimatic record will be relevant to wider questions of global paleoclimatic change, and will be important for reassessing computer models of climate and ideas about plant-animal coevolution. The proposed record will also be an important new record of paleoclimatic data for land that can be compared with existing long records from the sea.</AbstractNarration>
    <MinAmdLetterDate>06/26/2000</MinAmdLetterDate>
    <MaxAmdLetterDate>06/26/2000</MaxAmdLetterDate>
    <ARRAAmount/>
    <AwardID>0000953</AwardID>
    <Investigator>
      <FirstName>Gregory</FirstName>
      <LastName>Retallack</LastName>
      <EmailAddress>gregr@darkwing.uoregon.edu</EmailAddress>
      <StartDate>06/26/2000</StartDate>
      <EndDate/>
      <RoleCode>Principal Investigator</RoleCode>
    </Investigator>
    <Institution>
      <Name>University of Oregon Eugene</Name>
      <CityName>Eugene</CityName>
      <ZipCode>974035219</ZipCode>
      <PhoneNumber>5413465131</PhoneNumber>
      <StreetAddress>5219 UNIVERSITY OF OREGON</StreetAddress>
      <CountryName>United States</CountryName>
      <StateName>Oregon</StateName>
      <StateCode>OR</StateCode>
    </Institution>
    <FoaInformation>
      <Code>0000099</Code>
      <Name>Other Applications NEC</Name>
    </FoaInformation>
    <ProgramElement>
      <Code>1571</Code>
      <Text>SCEC</Text>
    </ProgramElement>
    <ProgramReference>
      <Code>0000</Code>
      <Text>UNASSIGNED</Text>
    </ProgramReference>
    <ProgramReference>
      <Code>OTHR</Code>
      <Text>OTHER RESEARCH OR EDUCATION</Text>
    </ProgramReference>
  </Award>
</rootTag>
