<?xml version="1.0" encoding="UTF-8"?>

<rootTag>
  <Award>
    <AwardTitle>Subgrid-Scale Models Based on the Estimation of Unresolved Scales of Turbulence</AwardTitle>
    <AwardEffectiveDate>09/01/2000</AwardEffectiveDate>
    <AwardExpirationDate>08/31/2004</AwardExpirationDate>
    <AwardAmount>210000</AwardAmount>
    <AwardInstrument>
      <Value>Standard Grant</Value>
    </AwardInstrument>
    <Organization>
      <Code>07020000</Code>
      <Directorate>
        <LongName>Directorate For Engineering</LongName>
      </Directorate>
      <Division>
        <LongName>Div Of Chem, Bioeng, Env, &amp; Transp Sys</LongName>
      </Division>
    </Organization>
    <ProgramOfficer>
      <SignBlockName>Michael W. Plesniak</SignBlockName>
    </ProgramOfficer>
    <AbstractNarration>Abstract&lt;br/&gt;CTS-0000572&lt;br/&gt;J. Domaradzki, University of Southern California&lt;br/&gt;&lt;br/&gt;&lt;br/&gt;Large Eddy Simulations (LES) provide an important base of support for the computational engineering descriptions of turbulent flows. That is, they provide a means to incorporate more physical reality into the engineering computations than are offered by other (eg. RANS) methods.&lt;br/&gt;&lt;br/&gt;The PI is recognized as one who has made original and creative contributions to the essential aspect of LES computations: the sub-grid scale model. He has named this model: Sub Grid Scale Estimation (SSE). He will, with this award, extend the identified types of flows for which his SSE model is applicable and, in the process, refine it to better undergrid these technologically important computations.</AbstractNarration>
    <MinAmdLetterDate>04/28/2000</MinAmdLetterDate>
    <MaxAmdLetterDate>04/28/2000</MaxAmdLetterDate>
    <ARRAAmount/>
    <AwardID>0000572</AwardID>
    <Investigator>
      <FirstName>Julian</FirstName>
      <LastName>Domaradzki</LastName>
      <EmailAddress>jad@usc.edu</EmailAddress>
      <StartDate>04/28/2000</StartDate>
      <EndDate/>
      <RoleCode>Principal Investigator</RoleCode>
    </Investigator>
    <Institution>
      <Name>University of Southern California</Name>
      <CityName>Los Angeles</CityName>
      <ZipCode>900890001</ZipCode>
      <PhoneNumber>2137407762</PhoneNumber>
      <StreetAddress>University Park</StreetAddress>
      <CountryName>United States</CountryName>
      <StateName>California</StateName>
      <StateCode>CA</StateCode>
    </Institution>
    <FoaInformation>
      <Code>0308000</Code>
      <Name>Industrial Technology</Name>
    </FoaInformation>
  </Award>
</rootTag>
