<?xml version="1.0" encoding="UTF-8"?>

<rootTag>
  <Award>
    <AwardTitle>Regulation of Sn-Glycerol-3-Phosphate Metabolism in Escherichia Coli by the GLPR - Encoded Repressor</AwardTitle>
    <AwardEffectiveDate>07/01/1986</AwardEffectiveDate>
    <AwardExpirationDate>07/01/1986</AwardExpirationDate>
    <AwardAmount>0</AwardAmount>
    <AwardInstrument>
      <Value>Continuing grant</Value>
    </AwardInstrument>
    <Organization>
      <Code>08070100</Code>
      <Directorate>
        <LongName>Direct For Biological Sciences</LongName>
      </Directorate>
      <Division>
        <LongName>Div Of Molecular and Cellular Bioscience</LongName>
      </Division>
    </Organization>
    <ProgramOfficer>
      <SignBlockName>name not available</SignBlockName>
    </ProgramOfficer>
    <AbstractNarration/>
    <MinAmdLetterDate/>
    <MaxAmdLetterDate/>
    <ARRAAmount/>
    <AwardID>0000000</AwardID>
    <Investigator>
      <FirstName>Timothy</FirstName>
      <LastName>Larson</LastName>
      <EmailAddress>tilarson@vt.edu</EmailAddress>
      <StartDate>07/01/1986</StartDate>
      <EndDate/>
      <RoleCode>Principal Investigator</RoleCode>
    </Investigator>
    <Institution>
      <Name>Virginia Polytechnic Institute and State University</Name>
      <CityName>BLACKSBURG</CityName>
      <ZipCode>240610001</ZipCode>
      <PhoneNumber>5402315281</PhoneNumber>
      <StreetAddress>Sponsored Programs 0170</StreetAddress>
      <CountryName>United States</CountryName>
      <StateName>Virginia</StateName>
      <StateCode>VA</StateCode>
    </Institution>
  </Award>
</rootTag>
