<?xml version="1.0" encoding="UTF-8"?>

<rootTag>
  <Award>
    <AwardTitle>Studies of Magnetosphere-Ionosphere Coupling and Space Weather using the Magnetometer Array for Cusp and Clust Studies (MACCS-west)</AwardTitle>
    <AwardEffectiveDate>07/01/2000</AwardEffectiveDate>
    <AwardExpirationDate>06/30/2004</AwardExpirationDate>
    <AwardAmount>276002</AwardAmount>
    <AwardInstrument>
      <Value>Continuing grant</Value>
    </AwardInstrument>
    <Organization>
      <Code>06020202</Code>
      <Directorate>
        <LongName>Directorate For Geosciences</LongName>
      </Directorate>
      <Division>
        <LongName>Div Atmospheric &amp; Geospace Sciences</LongName>
      </Division>
    </Organization>
    <ProgramOfficer>
      <SignBlockName>Kile B. Baker</SignBlockName>
    </ProgramOfficer>
    <AbstractNarration>The investigators will continue the operation of, and analysis of data from, the western half of the Magnetometer Array for Cusp and Cleft Studies (MACCS) located in Arctic Canada. For the past eight years, the MACCS array of twelve magnetometers has provided critical information in support of studies of Earth's space environment. Because of the interaction of the solar wind with Earth's magnetic field, magnetic field lines at the boundary between interplanetary space and the magnetosphere map to the polar cusps, small regions near 75 degrees magnetic latitude at local noon in the northern and southern hemispheres. These cusp regions are the focus of much ground-based research because of their potential to provide diagnostics of plasma interactions along this remote and invisible boundary. Future scientific efforts using MACCS data will emphasize long-period ULF waves, dayside-nightside coupling, and transients such as sudden commencements, sudden impulses, traveling convection vortices, and magnetic impulse events, all of which appear to be driven by the solar wind and interplanetary magnetic field. The data reduction and analysis efforts associated with this project are highly suitable for undergraduate research participation, and it will build on currently strong programs of faculty and undergraduate student research. The study will benefit through collaboration with visiting scientists from Russia.</AbstractNarration>
    <MinAmdLetterDate>07/10/2000</MinAmdLetterDate>
    <MaxAmdLetterDate>06/18/2002</MaxAmdLetterDate>
    <ARRAAmount/>
    <AwardID>0000339</AwardID>
    <Investigator>
      <FirstName>Mark</FirstName>
      <LastName>Engebretson</LastName>
      <EmailAddress>engebret@augsburg.edu</EmailAddress>
      <StartDate>07/10/2000</StartDate>
      <EndDate/>
      <RoleCode>Principal Investigator</RoleCode>
    </Investigator>
    <Institution>
      <Name>Augsburg College</Name>
      <CityName>Minneapolis</CityName>
      <ZipCode>554541338</ZipCode>
      <PhoneNumber>6123301184</PhoneNumber>
      <StreetAddress>2211 Riverside Avenue</StreetAddress>
      <CountryName>United States</CountryName>
      <StateName>Minnesota</StateName>
      <StateCode>MN</StateCode>
    </Institution>
    <FoaInformation>
      <Code>0205000</Code>
      <Name>Space</Name>
    </FoaInformation>
  </Award>
</rootTag>
