<?xml version="1.0" encoding="UTF-8"?>

<rootTag>
  <Award>
    <AwardTitle>Computational Tool for Generating Mechanisms of Complex Reactions --Bridging the Gap Between Chemistry and Chemical Engineering</AwardTitle>
    <AwardEffectiveDate>09/01/2000</AwardEffectiveDate>
    <AwardExpirationDate>08/31/2002</AwardExpirationDate>
    <AwardAmount>42600</AwardAmount>
    <AwardInstrument>
      <Value>Fellowship</Value>
    </AwardInstrument>
    <Organization>
      <Code>11010102</Code>
      <Directorate>
        <LongName>Direct For Education and Human Resources</LongName>
      </Directorate>
      <Division>
        <LongName>Division Of Graduate Education</LongName>
      </Division>
    </Organization>
    <ProgramOfficer>
      <SignBlockName>Sonia Ortega</SignBlockName>
    </ProgramOfficer>
    <AbstractNarration/>
    <MinAmdLetterDate>06/05/2000</MinAmdLetterDate>
    <MaxAmdLetterDate>07/13/2001</MaxAmdLetterDate>
    <ARRAAmount/>
    <AwardID>0000798</AwardID>
    <Investigator>
      <FirstName>Thanh</FirstName>
      <LastName>Truong</LastName>
      <EmailAddress>Truong@chemistry.utah.edu</EmailAddress>
      <StartDate>06/05/2000</StartDate>
      <EndDate/>
      <RoleCode>Principal Investigator</RoleCode>
    </Investigator>
    <Institution>
      <Name>University of Utah</Name>
      <CityName>SALT LAKE CITY</CityName>
      <ZipCode>841128930</ZipCode>
      <PhoneNumber>8015816903</PhoneNumber>
      <StreetAddress>75 S 2000 E</StreetAddress>
      <CountryName>United States</CountryName>
      <StateName>Utah</StateName>
      <StateCode>UT</StateCode>
    </Institution>
    <FoaInformation>
      <Code>0105000</Code>
      <Name>Manpower &amp; Training</Name>
    </FoaInformation>
  </Award>
</rootTag>
