<?xml version="1.0" encoding="UTF-8"?>

<rootTag>
  <Award>
    <AwardTitle>Displacement Rates and Paleoseismicity of the Eastern Kunlun Fault: Implications for the Dynamical Role of Strike-slip Faults During Intracontinental Deformation</AwardTitle>
    <AwardEffectiveDate>01/15/2001</AwardEffectiveDate>
    <AwardExpirationDate>12/31/2004</AwardExpirationDate>
    <AwardAmount>72000</AwardAmount>
    <AwardInstrument>
      <Value>Standard Grant</Value>
    </AwardInstrument>
    <Organization>
      <Code>06030203</Code>
      <Directorate>
        <LongName>Directorate For Geosciences</LongName>
      </Directorate>
      <Division>
        <LongName>Division Of Earth Sciences</LongName>
      </Division>
    </Organization>
    <ProgramOfficer>
      <SignBlockName>Lina C. Patino</SignBlockName>
    </ProgramOfficer>
    <AbstractNarration>0000503&lt;br/&gt;Kirby&lt;br/&gt;&lt;br/&gt;This project will investigate the active displacement field surrounding the eastern termination of the Kunlun Fault, in western Sichuan and Gansu Provinces, China. The study is aimed at furthering understanding of the role that large (&gt;1000 km) strike-slip faults play in active intracontinental deformation in Asia. Unresolved issues addressed here include: 1) whether these faults control the extrusion of coherent, rigid blocks of crust or whether they are simply passive features developed in a continuously deforming medium, 2) whether these faults are confined to the crust or penetrate through the lithosphere, and 3) how displacement is accommodated at the terminations of such large structures. Results from this study will also have important implications for the utility of "mass budget" approaches to balancing Indo-Eurasian convergence velocities. In addition to broadening the PI's experience with paleoseismic techniques, this study is unique in that it focuses on the spatial variability of displace near the termination of one of these structures.</AbstractNarration>
    <MinAmdLetterDate>02/08/2001</MinAmdLetterDate>
    <MaxAmdLetterDate>02/08/2001</MaxAmdLetterDate>
    <ARRAAmount/>
    <AwardID>0000503</AwardID>
    <Investigator>
      <FirstName>Eric</FirstName>
      <LastName>Kirby</LastName>
      <EmailAddress/>
      <StartDate>02/08/2001</StartDate>
      <EndDate/>
      <RoleCode>Principal Investigator</RoleCode>
    </Investigator>
    <Institution>
      <Name>Kirby, Eric</Name>
      <CityName>Boston</CityName>
      <ZipCode>02144</ZipCode>
      <PhoneNumber/>
      <StreetAddress/>
      <CountryName>United States</CountryName>
      <StateName>Massachusetts</StateName>
      <StateCode>MA</StateCode>
    </Institution>
    <FoaInformation>
      <Code>0000099</Code>
      <Name>Other Applications NEC</Name>
    </FoaInformation>
  </Award>
</rootTag>
