<?xml version="1.0" encoding="UTF-8"?>

<rootTag>
  <Award>
    <AwardTitle>Support for a Workshop Entitled: Materials Science of Concrete - Whither Now?</AwardTitle>
    <AwardEffectiveDate>02/01/2000</AwardEffectiveDate>
    <AwardExpirationDate>10/31/2000</AwardExpirationDate>
    <AwardAmount>10000</AwardAmount>
    <AwardInstrument>
      <Value>Standard Grant</Value>
    </AwardInstrument>
    <Organization>
      <Code>07030000</Code>
      <Directorate>
        <LongName>Directorate For Engineering</LongName>
      </Directorate>
      <Division>
        <LongName>Div Of Civil, Mechanical, &amp; Manufact Inn</LongName>
      </Division>
    </Organization>
    <ProgramOfficer>
      <SignBlockName>Ken Chong</SignBlockName>
    </ProgramOfficer>
    <AbstractNarration>A Workshop is being planned for April 2000 on materials science of concrete to define opportunities for future on concrete using the principles and tools of materials science. The proposal requests $10,000 from NSF to support this workshop. The workshop will contribute much to the scientific, engineering, and educational activities intake area of concrete materials. It will help the research community define its research program regarding this important class of materials. It will keep concrete research directly linked to materials science. And it will open for discussion current topics in materials acting that may have application in concrete research. The overall focus of the workshop will be applications of current developments in materials science to future research in cementitious materials. Specific topics will include: surface chemistry, microscopy, imaging, computational, chemistry, spectroscopic techniques, and transport.</AbstractNarration>
    <MinAmdLetterDate>02/16/2000</MinAmdLetterDate>
    <MaxAmdLetterDate>02/16/2000</MaxAmdLetterDate>
    <ARRAAmount/>
    <AwardID>0000721</AwardID>
    <Investigator>
      <FirstName>Leslie</FirstName>
      <LastName>Struble</LastName>
      <EmailAddress>lstruble@illinois.edu</EmailAddress>
      <StartDate>02/16/2000</StartDate>
      <EndDate/>
      <RoleCode>Principal Investigator</RoleCode>
    </Investigator>
    <Institution>
      <Name>University of Illinois at Urbana-Champaign</Name>
      <CityName>CHAMPAIGN</CityName>
      <ZipCode>618207473</ZipCode>
      <PhoneNumber>2173332187</PhoneNumber>
      <StreetAddress>SUITE A</StreetAddress>
      <CountryName>United States</CountryName>
      <StateName>Illinois</StateName>
      <StateCode>IL</StateCode>
    </Institution>
    <FoaInformation>
      <Code>0106000</Code>
      <Name>Materials Research</Name>
    </FoaInformation>
    <FoaInformation>
      <Code>0308000</Code>
      <Name>Industrial Technology</Name>
    </FoaInformation>
    <ProgramElement>
      <Code>1630</Code>
      <Text>Mechanics of Materials and Str</Text>
    </ProgramElement>
    <ProgramReference>
      <Code>9161</Code>
      <Text>SINGLE DIVISION/UNIVERSITY</Text>
    </ProgramReference>
    <ProgramReference>
      <Code>AMPP</Code>
      <Text>ADVANCED MATERIALS &amp; PROCESSING PROGRAM</Text>
    </ProgramReference>
  </Award>
</rootTag>
