<?xml version="1.0" encoding="UTF-8"?>

<rootTag>
  <Award>
    <AwardTitle>Biotic and Abiotic Controls on Arsenic Concentration and Speciation in Groundwater</AwardTitle>
    <AwardEffectiveDate>03/01/2001</AwardEffectiveDate>
    <AwardExpirationDate>02/28/2005</AwardExpirationDate>
    <AwardAmount>72000</AwardAmount>
    <AwardInstrument>
      <Value>Fellowship</Value>
    </AwardInstrument>
    <Organization>
      <Code>06030203</Code>
      <Directorate>
        <LongName>Directorate For Geosciences</LongName>
      </Directorate>
      <Division>
        <LongName>Division Of Earth Sciences</LongName>
      </Division>
    </Organization>
    <ProgramOfficer>
      <SignBlockName>Lina C. Patino</SignBlockName>
    </ProgramOfficer>
    <AbstractNarration>0000530&lt;br/&gt;Peters&lt;br/&gt;&lt;br/&gt;The main goal of this study is to characterize the degree to which biotic and abiotic mechanisms control the concentration and speciation of arsenic in groundwater. One explanation for observed variations is that sulfide minerals are inorganically dissolving under varying redox conditions. Another possible cause may be spatially variable catalysis of dissolution processes by microbial communities. Either of these two mechanisms or some combination may explain the observed heterogeneity of arsenic concentration and speciation measurements in groundwater wells. This work will provide information that will aid in making more informed decisions with respect to the management and remediation of arsenic-affected regions. For example, if bacterial activity can be shown to catalyze the reaction of a more harmful species of arsenic into a less harmful one, then one effective remediation plan might involve encouraging such activity. Similarly, if it is discovered that the inorganic process of pyrite dissolution limited by oxygen diffusion primarily controls arsenic concentration, then corrective action might involve drilling deeper wells to obtain unoxygenated water.</AbstractNarration>
    <MinAmdLetterDate>03/26/2001</MinAmdLetterDate>
    <MaxAmdLetterDate>03/26/2001</MaxAmdLetterDate>
    <ARRAAmount/>
    <AwardID>0000530</AwardID>
    <Investigator>
      <FirstName>Stephen</FirstName>
      <LastName>Peters</LastName>
      <EmailAddress/>
      <StartDate>03/26/2001</StartDate>
      <EndDate/>
      <RoleCode>Principal Investigator</RoleCode>
    </Investigator>
    <Institution>
      <Name>Peters, Stephen C</Name>
      <CityName>Ann Arbor</CityName>
      <ZipCode>481091063</ZipCode>
      <PhoneNumber/>
      <StreetAddress/>
      <CountryName>United States</CountryName>
      <StateName>Michigan</StateName>
      <StateCode>MI</StateCode>
    </Institution>
    <FoaInformation>
      <Code>0000099</Code>
      <Name>Other Applications NEC</Name>
    </FoaInformation>
  </Award>
</rootTag>
