<?xml version="1.0" encoding="UTF-8"?>

<rootTag>
  <Award>
    <AwardTitle>Group Travel for US Participants in the XXVII International Congress of Psychology, July 23-28, 2000, Stockholm, SWEDEN</AwardTitle>
    <AwardEffectiveDate>06/15/2000</AwardEffectiveDate>
    <AwardExpirationDate>05/31/2001</AwardExpirationDate>
    <AwardAmount>34200</AwardAmount>
    <AwardInstrument>
      <Value>Standard Grant</Value>
    </AwardInstrument>
    <Organization>
      <Code>04040500</Code>
      <Directorate>
        <LongName>Direct For Social, Behav &amp; Economic Scie</LongName>
      </Directorate>
      <Division>
        <LongName>Division Of Behavioral and Cognitive Sci</LongName>
      </Division>
    </Organization>
    <ProgramOfficer>
      <SignBlockName>Jasmine V. Young</SignBlockName>
    </ProgramOfficer>
    <AbstractNarration>The American Psychological Association (APA) hopes by the application to obtain a $25,OOO National Science Foundation (NSF) block grant to support international travel for approximately 50 US psychologists participating in the scientific program of the XXVII International Congress of Psychology, taking place July 23-28, 2000 in Stockholm Sweden. The majority of the project grantees will be young scholars, either students or individuals who received their degrees within the last eight years. The Swedish Psychological Association, under the patronage of His Majesty King Carl XVI Gustav of Sweden, is organizing the Congress, which is the quadrennial meeting of the prestigious International Union of Psychological Science (IUPsyS). APA is joined in this effort by the National Academy of Sciences, which houses the US National Committee (USNC) of the IUPsyS. This request has precedent in grants received in 1996 ($12,000 for the XXVI Congress in Montreal, Canada), in 1992 ($18,000 for the XXV Congress in Brussels, Belgium) and in 1988 ($25,000 for the XXIV Congress in Sydney, Australia).</AbstractNarration>
    <MinAmdLetterDate>06/27/2000</MinAmdLetterDate>
    <MaxAmdLetterDate>09/05/2000</MaxAmdLetterDate>
    <ARRAAmount/>
    <AwardID>0000183</AwardID>
    <Investigator>
      <FirstName>Raymond</FirstName>
      <LastName>Fowler</LastName>
      <EmailAddress>rdf.apa.@email.apa.org</EmailAddress>
      <StartDate>06/27/2000</StartDate>
      <EndDate/>
      <RoleCode>Principal Investigator</RoleCode>
    </Investigator>
    <Institution>
      <Name>American Psychological Assoc</Name>
      <CityName>WASHINGTON</CityName>
      <ZipCode>200024242</ZipCode>
      <PhoneNumber>2023126494</PhoneNumber>
      <StreetAddress>750 FIRST ST. NE</StreetAddress>
      <CountryName>United States</CountryName>
      <StateName>District of Columbia</StateName>
      <StateCode>DC</StateCode>
    </Institution>
  </Award>
</rootTag>
