<?xml version="1.0" encoding="UTF-8"?>

<rootTag>
  <Award>
    <AwardTitle>Federal Interagency Support of Global Geosciences Scientific Planning</AwardTitle>
    <AwardEffectiveDate>12/01/1999</AwardEffectiveDate>
    <AwardExpirationDate>12/31/2001</AwardExpirationDate>
    <AwardAmount>152608</AwardAmount>
    <AwardInstrument>
      <Value>Standard Grant</Value>
    </AwardInstrument>
    <Organization>
      <Code>06040100</Code>
      <Directorate>
        <LongName>Directorate For Geosciences</LongName>
      </Directorate>
      <Division>
        <LongName>Division Of Ocean Sciences</LongName>
      </Division>
    </Organization>
    <ProgramOfficer>
      <SignBlockName>H. Lawrence Clark</SignBlockName>
    </ProgramOfficer>
    <AbstractNarration>0000320&lt;br/&gt;Winokur&lt;br/&gt;&lt;br/&gt;&lt;br/&gt;Cost sharing is provided to continue supporting interagency activities to encourage and facilitate productivity in the areas of marine science research and education. This funding supports a science assistant to the Research Vessel Clearance Officer at State Dept. The research vessel clearance office provides guidance to embassy personnel, heads of research institutions and government agencies, and other individuals, regarding the implementation of international and U.S. marine policy. The office manages the procedure for arranging international access for U.S. marine scientific research. With the support provided by the science assistant position, the research community obtains an additional point of contact at the State Department through which necessary clearances can be arranged in a timely fashion. Owing to the ever increasing reporting and compliance requirements invoked by foreign counties for granting clearances to conduct ocean research projects in their exclusive economic zones, and the past effectiveness of the science assistant, this remains an important support activity for effectively conducting global ocean science research.</AbstractNarration>
    <MinAmdLetterDate>11/01/1999</MinAmdLetterDate>
    <MaxAmdLetterDate>07/23/2001</MaxAmdLetterDate>
    <ARRAAmount/>
    <AwardID>0000320</AwardID>
    <Investigator>
      <FirstName>James</FirstName>
      <LastName>Watkins</LastName>
      <EmailAddress>jwatkins@brook.edu</EmailAddress>
      <StartDate>11/01/1999</StartDate>
      <EndDate/>
      <RoleCode>Co-Principal Investigator</RoleCode>
    </Investigator>
    <Investigator>
      <FirstName>Robert</FirstName>
      <LastName>Winokur</LastName>
      <EmailAddress>rwinokur@brook.edu</EmailAddress>
      <StartDate>11/01/1999</StartDate>
      <EndDate>07/23/2001</EndDate>
      <RoleCode>Former Principal Investigator</RoleCode>
    </Investigator>
    <Investigator>
      <FirstName>penelope</FirstName>
      <LastName>dalton</LastName>
      <EmailAddress>pdalton@coreocean.org</EmailAddress>
      <StartDate>07/23/2001</StartDate>
      <EndDate/>
      <RoleCode>Principal Investigator</RoleCode>
    </Investigator>
    <Institution>
      <Name>Consortium for Ocean Leadership, Inc</Name>
      <CityName>Washington</CityName>
      <ZipCode>200056108</ZipCode>
      <PhoneNumber>2024481236</PhoneNumber>
      <StreetAddress>1201 New York Avenue, N W.</StreetAddress>
      <CountryName>United States</CountryName>
      <StateName>District of Columbia</StateName>
      <StateCode>DC</StateCode>
    </Institution>
    <FoaInformation>
      <Code>0204000</Code>
      <Name>Oceanography</Name>
    </FoaInformation>
    <ProgramElement>
      <Code>5418</Code>
      <Text>OCE SPECIAL PROGRAMS</Text>
    </ProgramElement>
    <ProgramElement>
      <Code>5419</Code>
      <Text>INTERNATIONAL SUPPORT</Text>
    </ProgramElement>
    <ProgramReference>
      <Code>0000</Code>
      <Text>UNASSIGNED</Text>
    </ProgramReference>
    <ProgramReference>
      <Code>OTHR</Code>
      <Text>OTHER RESEARCH OR EDUCATION</Text>
    </ProgramReference>
  </Award>
</rootTag>
