<?xml version="1.0" encoding="UTF-8"?>

<rootTag>
  <Award>
    <AwardTitle>Special Starter Grant for Tenure-Track Position</AwardTitle>
    <AwardEffectiveDate>03/15/2000</AwardEffectiveDate>
    <AwardExpirationDate>12/31/2002</AwardExpirationDate>
    <AwardAmount>35000</AwardAmount>
    <AwardInstrument>
      <Value>Standard Grant</Value>
    </AwardInstrument>
    <Organization>
      <Code>08010208</Code>
      <Directorate>
        <LongName>Direct For Biological Sciences</LongName>
      </Directorate>
      <Division>
        <LongName>Division Of Environmental Biology</LongName>
      </Division>
    </Organization>
    <ProgramOfficer>
      <SignBlockName>Scott L. Collins</SignBlockName>
    </ProgramOfficer>
    <AbstractNarration>Schulz&lt;br/&gt;00-00617&lt;br/&gt;&lt;br/&gt;&lt;br/&gt;This project will examine the potential of plant elemental nutrient content, specifically the ratios of Carbon to Nitrogen to Phosphorus (C:N:P) to cause ecological bottlenecks for susceptible life stages of herbivores. This study is designed to examine a predicted life history constraint posed by the C:N:P content of phytoplankton on aquatic herbivores. Specifically, the study will address the questions: (1) Do the differing nutritional contents of various copepod life stages result in different C:N:P requirements during the life spans of these organisms, and are stages requiring high phosphorus content food a potential bottleneck in the development of copepod populations?; and (2) Can selective feeding by copepods, superior to that of other planktonic taxa, allow these organisms to consume high quality food particles and mitigate nutrient imbalances? Results will be broadly applicable in a biogeographic sense (copepods are very cosmopolitan, inhabiting arctic, temperate, and tropical lakes, as well as oceans) and in a life history comparison with other organisms, such as insects, for which food quality has been incorporated into optimal foraging models.</AbstractNarration>
    <MinAmdLetterDate>04/24/2000</MinAmdLetterDate>
    <MaxAmdLetterDate>05/01/2002</MaxAmdLetterDate>
    <ARRAAmount/>
    <AwardID>0000617</AwardID>
    <Investigator>
      <FirstName>Kimberly</FirstName>
      <LastName>Schulz</LastName>
      <EmailAddress>kschulz@syr.edu</EmailAddress>
      <StartDate>04/24/2000</StartDate>
      <EndDate/>
      <RoleCode>Principal Investigator</RoleCode>
    </Investigator>
    <Institution>
      <Name>SUNY College of Environmental Science and Forestry</Name>
      <CityName>Albany</CityName>
      <ZipCode>122010009</ZipCode>
      <PhoneNumber>3154706606</PhoneNumber>
      <StreetAddress>PO Box 9</StreetAddress>
      <CountryName>United States</CountryName>
      <StateName>New York</StateName>
      <StateCode>NY</StateCode>
    </Institution>
    <FoaInformation>
      <Code>0000099</Code>
      <Name>Other Applications NEC</Name>
    </FoaInformation>
  </Award>
</rootTag>
