<?xml version="1.0" encoding="UTF-8"?>

<rootTag>
  <Award>
    <AwardTitle>Vascular Plants of the Paramos</AwardTitle>
    <AwardEffectiveDate>10/01/2000</AwardEffectiveDate>
    <AwardExpirationDate>09/30/2001</AwardExpirationDate>
    <AwardAmount>42600</AwardAmount>
    <AwardInstrument>
      <Value>Fellowship</Value>
    </AwardInstrument>
    <Organization>
      <Code>11010102</Code>
      <Directorate>
        <LongName>Direct For Education and Human Resources</LongName>
      </Directorate>
      <Division>
        <LongName>Division Of Graduate Education</LongName>
      </Division>
    </Organization>
    <ProgramOfficer>
      <SignBlockName>Sonia Ortega</SignBlockName>
    </ProgramOfficer>
    <AbstractNarration/>
    <MinAmdLetterDate>06/05/2000</MinAmdLetterDate>
    <MaxAmdLetterDate>06/05/2000</MaxAmdLetterDate>
    <ARRAAmount/>
    <AwardID>0000799</AwardID>
    <Investigator>
      <FirstName>James</FirstName>
      <LastName>Luteyn</LastName>
      <EmailAddress>jluteyn@nybg.org</EmailAddress>
      <StartDate>06/05/2000</StartDate>
      <EndDate/>
      <RoleCode>Principal Investigator</RoleCode>
    </Investigator>
    <Institution>
      <Name>New York Botanical Garden</Name>
      <CityName>Bronx</CityName>
      <ZipCode>104585126</ZipCode>
      <PhoneNumber>7188178840</PhoneNumber>
      <StreetAddress>2900 Southern Blvd</StreetAddress>
      <CountryName>United States</CountryName>
      <StateName>New York</StateName>
      <StateCode>NY</StateCode>
    </Institution>
    <FoaInformation>
      <Code>0105000</Code>
      <Name>Manpower &amp; Training</Name>
    </FoaInformation>
  </Award>
</rootTag>
