<?xml version="1.0" encoding="UTF-8"?>

<rootTag>
  <Award>
    <AwardTitle>TEAMS Traveling Exhibit Collaborative</AwardTitle>
    <AwardEffectiveDate>10/01/2000</AwardEffectiveDate>
    <AwardExpirationDate>09/30/2005</AwardExpirationDate>
    <AwardAmount>2074689</AwardAmount>
    <AwardInstrument>
      <Value>Continuing grant</Value>
    </AwardInstrument>
    <Organization>
      <Code>11090000</Code>
      <Directorate>
        <LongName>Direct For Education and Human Resources</LongName>
      </Directorate>
      <Division>
        <LongName>Division Of Research On Learning</LongName>
      </Division>
    </Organization>
    <ProgramOfficer>
      <SignBlockName>Alphonse T. DeSena</SignBlockName>
    </ProgramOfficer>
    <AbstractNarration>0000589&lt;br/&gt;GOUDY&lt;br/&gt;&lt;br/&gt;The Montshire Museum of Science, on behalf of the TEAMS Collaborative, will develop "TEAMS Traveling Exhibit Collaborative." Four charter members of the TEAMS collaborative, a partnership that includes the Monthshire Museum of Science, Norwich, VT; the Catawba Science Center, Hickory, NC; the ScienCenter, Ithaca, NY; and the Discovery Center Museum, Rockford, IL, request funding to expand the collaborative by incorporating three new museum partners. They will develop, evaluate, and produce two copies each of four 1500-square foot traveling exhibitions. Each TEAMS exhibition will be accompanied by maintenance manuals, teacher's guides, and program materials for community science events. Three charter museums will mentor the three new museum members, which include the Health Adventure in Asheville, NC; the Rochester Museum and Science Center in Rochester, NY; and the Family Museum of Arts and Science in Bettendorf, IA. The four new exhibit topics being proposed by the collaborative are Sound Slices, The Body as a Machine, The Physics of Motion, and The Science of Sports.</AbstractNarration>
    <MinAmdLetterDate>09/25/2000</MinAmdLetterDate>
    <MaxAmdLetterDate>05/25/2005</MaxAmdLetterDate>
    <ARRAAmount/>
    <AwardID>0000589</AwardID>
    <Investigator>
      <FirstName>Sarah</FirstName>
      <LastName>Wolf</LastName>
      <EmailAddress>sarahw@discoverycentermuseum.org</EmailAddress>
      <StartDate>09/25/2000</StartDate>
      <EndDate/>
      <RoleCode>Co-Principal Investigator</RoleCode>
    </Investigator>
    <Investigator>
      <FirstName>Mark</FirstName>
      <LastName>Sinclair</LastName>
      <EmailAddress>msinclair@catawbascience.org</EmailAddress>
      <StartDate>09/25/2000</StartDate>
      <EndDate/>
      <RoleCode>Co-Principal Investigator</RoleCode>
    </Investigator>
    <Investigator>
      <FirstName>Charles</FirstName>
      <LastName>Trautmann</LastName>
      <EmailAddress>ctrautmann@sciencenter.org</EmailAddress>
      <StartDate>09/25/2000</StartDate>
      <EndDate/>
      <RoleCode>Co-Principal Investigator</RoleCode>
    </Investigator>
    <Investigator>
      <FirstName>David</FirstName>
      <LastName>Goudy</LastName>
      <EmailAddress>david.goudy@montshire.org</EmailAddress>
      <StartDate>09/25/2000</StartDate>
      <EndDate/>
      <RoleCode>Principal Investigator</RoleCode>
    </Investigator>
    <Institution>
      <Name>Montshire Museum of Science</Name>
      <CityName>Norwich</CityName>
      <ZipCode>050559334</ZipCode>
      <PhoneNumber>8026492200</PhoneNumber>
      <StreetAddress>One Montshire Road</StreetAddress>
      <CountryName>United States</CountryName>
      <StateName>Vermont</StateName>
      <StateCode>VT</StateCode>
    </Institution>
    <FoaInformation>
      <Code>0000099</Code>
      <Name>Other Applications NEC</Name>
    </FoaInformation>
  </Award>
</rootTag>
