<?xml version="1.0" encoding="UTF-8"?>

<rootTag>
  <Award>
    <AwardTitle>The Weather Notebook Expansion Project</AwardTitle>
    <AwardEffectiveDate>07/15/2000</AwardEffectiveDate>
    <AwardExpirationDate>12/31/2004</AwardExpirationDate>
    <AwardAmount>704500</AwardAmount>
    <AwardInstrument>
      <Value>Standard Grant</Value>
    </AwardInstrument>
    <Organization>
      <Code>11090000</Code>
      <Directorate>
        <LongName>Direct For Education and Human Resources</LongName>
      </Directorate>
      <Division>
        <LongName>Division Of Research On Learning</LongName>
      </Division>
    </Organization>
    <ProgramOfficer>
      <SignBlockName>Sandra H. Welch</SignBlockName>
    </ProgramOfficer>
    <AbstractNarration>0000624&lt;br/&gt;CRANE&lt;br/&gt;&lt;br/&gt;The Mount Washington Observatory is expanding the daily, nationally broadcast radio program, "The Weather Notebook." The two-minute programs inform an estimated 2.5 million weekly listeners about the science underlying weather. During this three-year phase of the project, the project will broaden the range of science content by deepening the connections of weather and climate with other scientific disciplines, especially earth systems science. The project also hopes to double the size of the listening audience by increasing the number of stations carrying the series. In addition, they will produce Spanish-language versions of the programs and distribute them through the Hispanic Radio Network. In response to listeners' requests for longer programs, the project will produce 20 to 30 approximately five-minute modules that will be broadcast in existing radio series such as "Marketplace" and "The Cultivated Gardener." Ancillary educational materials will be provided for students, teachers, families and others interested in further learning about topics included in the broadcast programs.</AbstractNarration>
    <MinAmdLetterDate>08/02/2000</MinAmdLetterDate>
    <MaxAmdLetterDate>09/02/2004</MaxAmdLetterDate>
    <ARRAAmount/>
    <AwardID>0000624</AwardID>
    <Investigator>
      <FirstName>Peter</FirstName>
      <LastName>Crane</LastName>
      <EmailAddress>pcrane@mountwashington.org</EmailAddress>
      <StartDate>08/02/2000</StartDate>
      <EndDate/>
      <RoleCode>Principal Investigator</RoleCode>
    </Investigator>
    <Institution>
      <Name>Mount Washington Observatory Inc</Name>
      <CityName>North Conway</CityName>
      <ZipCode>038602310</ZipCode>
      <PhoneNumber>6033562137</PhoneNumber>
      <StreetAddress>P.O. Box 2310</StreetAddress>
      <CountryName>United States</CountryName>
      <StateName>New Hampshire</StateName>
      <StateCode>NH</StateCode>
    </Institution>
    <FoaInformation>
      <Code>0000099</Code>
      <Name>Other Applications NEC</Name>
    </FoaInformation>
    <ProgramElement>
      <Code>7259</Code>
      <Text>AISL</Text>
    </ProgramElement>
    <ProgramReference>
      <Code>9177</Code>
      <Text>ELEMENTARY/SECONDARY EDUCATION</Text>
    </ProgramReference>
    <ProgramReference>
      <Code>SMET</Code>
      <Text>SCIENCE, MATH, ENG &amp; TECH EDUCATION</Text>
    </ProgramReference>
  </Award>
</rootTag>
