<?xml version="1.0" encoding="UTF-8"?>

<rootTag>
  <Award>
    <AwardTitle>Doctoral Dissertation Reseach in Sociology: Ethic among Second-Generation Korean Immigrants in New York City</AwardTitle>
    <AwardEffectiveDate>07/15/2000</AwardEffectiveDate>
    <AwardExpirationDate>03/31/2002</AwardExpirationDate>
    <AwardAmount>7480</AwardAmount>
    <AwardInstrument>
      <Value>Standard Grant</Value>
    </AwardInstrument>
    <Organization>
      <Code>04050200</Code>
      <Directorate>
        <LongName>Direct For Social, Behav &amp; Economic Scie</LongName>
      </Directorate>
      <Division>
        <LongName>Divn Of Social and Economic Sciences</LongName>
      </Division>
    </Organization>
    <ProgramOfficer>
      <SignBlockName>Reeve D. Vanneman</SignBlockName>
    </ProgramOfficer>
    <AbstractNarration>Abstract&lt;br/&gt;&lt;br/&gt;SES 0000267&lt;br/&gt;PI: Herbert J Gans, Sara S Lee&lt;br/&gt;&lt;br/&gt;&lt;br/&gt;This project will interview a sample of 100 second generation Korean-Americans to study determinants and effects of their ethnic identity. While most studies of immigrants focus on the first generation, this one will extend knowledge of ways in which culture is transmitted across generations, and how various cultural influences are assimilated in the respondents' self-concept. Other sociological variables whose impact will be studied are social class, mobility (many of the target group have been upwardly mobile), and gender. The results will enhance understanding of immigrant experiences and effects of migration across widely different cultures and geographical locations.</AbstractNarration>
    <MinAmdLetterDate>08/10/2000</MinAmdLetterDate>
    <MaxAmdLetterDate>12/12/2001</MaxAmdLetterDate>
    <ARRAAmount/>
    <AwardID>0000267</AwardID>
    <Investigator>
      <FirstName>Herbert</FirstName>
      <LastName>Gans</LastName>
      <EmailAddress>hjgl@columbia.edu</EmailAddress>
      <StartDate>08/10/2000</StartDate>
      <EndDate/>
      <RoleCode>Principal Investigator</RoleCode>
    </Investigator>
    <Institution>
      <Name>Columbia University</Name>
      <CityName>NEW YORK</CityName>
      <ZipCode>100276902</ZipCode>
      <PhoneNumber>2128546851</PhoneNumber>
      <StreetAddress>2960 Broadway</StreetAddress>
      <CountryName>United States</CountryName>
      <StateName>New York</StateName>
      <StateCode>NY</StateCode>
    </Institution>
    <FoaInformation>
      <Code>0116000</Code>
      <Name>Human Subjects</Name>
    </FoaInformation>
  </Award>
</rootTag>
