<?xml version="1.0" encoding="UTF-8"?>

<rootTag>
  <Award>
    <AwardTitle>The Effects of Stochastic Rainfall Clustering on Radar Measurements</AwardTitle>
    <AwardEffectiveDate>07/15/2000</AwardEffectiveDate>
    <AwardExpirationDate>12/31/2002</AwardExpirationDate>
    <AwardAmount>223777</AwardAmount>
    <AwardInstrument>
      <Value>Continuing grant</Value>
    </AwardInstrument>
    <Organization>
      <Code>06020105</Code>
      <Directorate>
        <LongName>Directorate For Geosciences</LongName>
      </Directorate>
      <Division>
        <LongName>Div Atmospheric &amp; Geospace Sciences</LongName>
      </Division>
    </Organization>
    <ProgramOfficer>
      <SignBlockName>Andrew G. Detwiler</SignBlockName>
    </ProgramOfficer>
    <AbstractNarration>The concentrations of raindrops and cloud droplets in the atmosphere may be regarded as random variables that fluctuate with time and location. Recent work by Jameson and Kostinski has shown that these concentrations have probability distributions that deviate from the theoretical Poisson law that applies to purely random distributions. The deviations are caused by the tendency of drops to concentrate in clumps or patches. This clustering of drops has implications for precipitation development and for the propagation of radiation through clouds and precipitation. The objectives of this research are (1) to continue studies on quantitative characterization of clustering; (2) to evaluate the effects of clustering on the scattering of radar waves by raindrops; (3) to determine the significance of these effects on the estimation of rainfall rate from radar measurements. The work will also attempt to determine whether clustering can account for significant Bragg-type scattering by clouds and precipitation in addition to the well-understood Mie or Rayleigh scattering. The approach is a combination of (1) analysis of data from various instruments that measure drop sizes and concentrations and (2) theoretical investigations building on the earlier work on the characterization of clustering.</AbstractNarration>
    <MinAmdLetterDate>07/13/2000</MinAmdLetterDate>
    <MaxAmdLetterDate>04/24/2001</MaxAmdLetterDate>
    <ARRAAmount/>
    <AwardID>0000291</AwardID>
    <Investigator>
      <FirstName>Arthur</FirstName>
      <LastName>Jameson</LastName>
      <EmailAddress>arjameson@verizon.net</EmailAddress>
      <StartDate>07/13/2000</StartDate>
      <EndDate/>
      <RoleCode>Principal Investigator</RoleCode>
    </Investigator>
    <Institution>
      <Name>RJH Scientific Incorporated</Name>
      <CityName>El Cajon</CityName>
      <ZipCode>920208227</ZipCode>
      <PhoneNumber>6194421407</PhoneNumber>
      <StreetAddress>1594 Hilltop Drive</StreetAddress>
      <CountryName>United States</CountryName>
      <StateName>California</StateName>
      <StateCode>CA</StateCode>
    </Institution>
    <FoaInformation>
      <Code>0000099</Code>
      <Name>Other Applications NEC</Name>
    </FoaInformation>
    <ProgramElement>
      <Code>1522</Code>
      <Text>PHYSICAL METEOROLOGY</Text>
    </ProgramElement>
    <ProgramReference>
      <Code>0000</Code>
      <Text>UNASSIGNED</Text>
    </ProgramReference>
    <ProgramReference>
      <Code>OTHR</Code>
      <Text>OTHER RESEARCH OR EDUCATION</Text>
    </ProgramReference>
  </Award>
</rootTag>
