<?xml version="1.0" encoding="UTF-8"?>

<rootTag>
  <Award>
    <AwardTitle>Metabolic Engineering, Optimization and Control of Ethanol Production in Escherichia coli</AwardTitle>
    <AwardEffectiveDate>10/01/2000</AwardEffectiveDate>
    <AwardExpirationDate>09/30/2004</AwardExpirationDate>
    <AwardAmount>504978</AwardAmount>
    <AwardInstrument>
      <Value>Continuing grant</Value>
    </AwardInstrument>
    <Organization>
      <Code>07020000</Code>
      <Directorate>
        <LongName>Directorate For Engineering</LongName>
      </Directorate>
      <Division>
        <LongName>Div Of Chem, Bioeng, Env, &amp; Transp Sys</LongName>
      </Division>
    </Organization>
    <ProgramOfficer>
      <SignBlockName>Fred G. Heineken</SignBlockName>
    </ProgramOfficer>
    <AbstractNarration>The objective of this project is to investigate a cybernetic model-based approach to metabolic engineering. This approach would address various ways in which the metabolic engineering goal may be compromised by regulatory phenomena in the overall pathway and to provide for the optimal design of genetic changes. The &lt;br/&gt;formulation of the cybernetic model, based on experimental data with both wild type cells and selected genetic strains derived therefrom, is viewed to capture the regulatory features in the entire pathway. Such a model forms the basis of examining the consequences of all possible genetic changes in the pathway. Also, the resulting model is suited for model-based optimal control of the bioreactor for maximizing product formation. The model system is an E. coli strain that produces ethanol. This collaborative GOALI project involves Purdue University, the University of Delaware, and the DuPont Chemical Company.</AbstractNarration>
    <MinAmdLetterDate>09/25/2000</MinAmdLetterDate>
    <MaxAmdLetterDate>12/24/2003</MaxAmdLetterDate>
    <ARRAAmount/>
    <AwardID>0000961</AwardID>
    <Investigator>
      <FirstName>David</FirstName>
      <LastName>Kraynie</LastName>
      <EmailAddress>David.F.Kraynie@usa.dupont.com</EmailAddress>
      <StartDate>09/25/2000</StartDate>
      <EndDate/>
      <RoleCode>Co-Principal Investigator</RoleCode>
    </Investigator>
    <Investigator>
      <FirstName>Allan</FirstName>
      <LastName>Konopka</LastName>
      <EmailAddress>akonopka@bilbo.bio.purdue.edu</EmailAddress>
      <StartDate>09/25/2000</StartDate>
      <EndDate/>
      <RoleCode>Co-Principal Investigator</RoleCode>
    </Investigator>
    <Investigator>
      <FirstName>Doraiswami</FirstName>
      <LastName>Ramkrishna</LastName>
      <EmailAddress>ramkrish@ecn.purdue.edu</EmailAddress>
      <StartDate>09/25/2000</StartDate>
      <EndDate/>
      <RoleCode>Principal Investigator</RoleCode>
    </Investigator>
    <Investigator>
      <FirstName>Cindy</FirstName>
      <LastName>Nakatsu</LastName>
      <EmailAddress>cnakatsu@purdue.edu</EmailAddress>
      <StartDate>09/25/2000</StartDate>
      <EndDate/>
      <RoleCode>Co-Principal Investigator</RoleCode>
    </Investigator>
    <Institution>
      <Name>Purdue Research Foundation</Name>
      <CityName>West Lafayette</CityName>
      <ZipCode>47907</ZipCode>
      <PhoneNumber>3174946200</PhoneNumber>
      <StreetAddress/>
      <CountryName>United States</CountryName>
      <StateName>Indiana</StateName>
      <StateCode>IN</StateCode>
    </Institution>
    <FoaInformation>
      <Code>0308000</Code>
      <Name>Industrial Technology</Name>
    </FoaInformation>
  </Award>
</rootTag>
