<?xml version="1.0" encoding="UTF-8"?>

<rootTag>
  <Award>
    <AwardTitle>The Study of Highly Asymmetric Electrolytes</AwardTitle>
    <AwardEffectiveDate>08/01/2000</AwardEffectiveDate>
    <AwardExpirationDate>07/31/2001</AwardExpirationDate>
    <AwardAmount>37200</AwardAmount>
    <AwardInstrument>
      <Value>Fellowship</Value>
    </AwardInstrument>
    <Organization>
      <Code>11010102</Code>
      <Directorate>
        <LongName>Direct For Education and Human Resources</LongName>
      </Directorate>
      <Division>
        <LongName>Division Of Graduate Education</LongName>
      </Division>
    </Organization>
    <ProgramOfficer>
      <SignBlockName>Sonia Ortega</SignBlockName>
    </ProgramOfficer>
    <AbstractNarration/>
    <MinAmdLetterDate>06/05/2000</MinAmdLetterDate>
    <MaxAmdLetterDate>06/05/2000</MaxAmdLetterDate>
    <ARRAAmount/>
    <AwardID>0000796</AwardID>
    <Investigator>
      <FirstName>Ken</FirstName>
      <LastName>Dill</LastName>
      <EmailAddress>dill@maxwell.ucsf.edu</EmailAddress>
      <StartDate>06/05/2000</StartDate>
      <EndDate/>
      <RoleCode>Principal Investigator</RoleCode>
    </Investigator>
    <Institution>
      <Name>University of California-San Francisco</Name>
      <CityName>San Francisco</CityName>
      <ZipCode>941034249</ZipCode>
      <PhoneNumber>4154762977</PhoneNumber>
      <StreetAddress>1855 Folsom St Ste 425</StreetAddress>
      <CountryName>United States</CountryName>
      <StateName>California</StateName>
      <StateCode>CA</StateCode>
    </Institution>
    <FoaInformation>
      <Code>0105000</Code>
      <Name>Manpower &amp; Training</Name>
    </FoaInformation>
  </Award>
</rootTag>
