<?xml version="1.0" encoding="UTF-8"?>

<rootTag>
  <Award>
    <AwardTitle>Towards Friction-Free Work: A Multi-Method Study of the Use of Information Technology in the Real Estate Industry</AwardTitle>
    <AwardEffectiveDate>07/01/2000</AwardEffectiveDate>
    <AwardExpirationDate>08/31/2003</AwardExpirationDate>
    <AwardAmount>289377</AwardAmount>
    <AwardInstrument>
      <Value>Continuing grant</Value>
    </AwardInstrument>
    <Organization>
      <Code>05020000</Code>
      <Directorate>
        <LongName>Direct For Computer &amp; Info Scie &amp; Enginr</LongName>
      </Directorate>
      <Division>
        <LongName>Div Of Information &amp; Intelligent Systems</LongName>
      </Division>
    </Organization>
    <ProgramOfficer>
      <SignBlockName>Ephraim P. Glinert</SignBlockName>
    </ProgramOfficer>
    <AbstractNarration>Information and communication technologies (ICT) are used pervasively in the real estate industry. This study examines how people and organizations in this industry work and how this work adapts and is affected by the use of ICT. Since real estate agents act as transactional intermediaries, this industry is affected by a shift to electronic transactions and the potential disintermediation this implies. Since many industries are shifting towards more information/knowledge-based structures, understanding how ICT use is changing this industry will provide empirical evidence about potential changes that might be expected in other industries. The study has three objectives: 1. Describe how the use of ICT changes the ways individual knowledge workers conduct their work; 2. Describe organizational and industrial changes related to the use of ICT; 3. Describe how changes in individual work relate to changes in organizational and industrial structures and processes. At the individual level, the researchers focus on changes in work design and social capital. At the organization and industry levels, ideas from transaction cost and coordination theory are applied.</AbstractNarration>
    <MinAmdLetterDate>07/17/2000</MinAmdLetterDate>
    <MaxAmdLetterDate>09/25/2002</MaxAmdLetterDate>
    <ARRAAmount/>
    <AwardID>0000178</AwardID>
    <Investigator>
      <FirstName>Rolf</FirstName>
      <LastName>Wigand</LastName>
      <EmailAddress>rtwigand@ualr.edu</EmailAddress>
      <StartDate>07/17/2000</StartDate>
      <EndDate/>
      <RoleCode>Co-Principal Investigator</RoleCode>
    </Investigator>
    <Investigator>
      <FirstName>Kevin</FirstName>
      <LastName>Crowston</LastName>
      <EmailAddress>crowston@syr.edu</EmailAddress>
      <StartDate>07/17/2000</StartDate>
      <EndDate/>
      <RoleCode>Principal Investigator</RoleCode>
    </Investigator>
    <Institution>
      <Name>Syracuse University</Name>
      <CityName>SYRACUSE</CityName>
      <ZipCode>132441200</ZipCode>
      <PhoneNumber>3154432807</PhoneNumber>
      <StreetAddress>OFFICE OF SPONSORED PROGRAMS</StreetAddress>
      <CountryName>United States</CountryName>
      <StateName>New York</StateName>
      <StateCode>NY</StateCode>
    </Institution>
    <FoaInformation>
      <Code>0104000</Code>
      <Name>Information Systems</Name>
    </FoaInformation>
    <ProgramElement>
      <Code>6850</Code>
      <Text>DIGITAL SOCIETY&amp;TECHNOLOGIES</Text>
    </ProgramElement>
    <ProgramReference>
      <Code>9139</Code>
      <Text>INFORMATION INFRASTRUCTURE &amp; TECH APPL</Text>
    </ProgramReference>
    <ProgramReference>
      <Code>HPCC</Code>
      <Text>HIGH PERFORMANCE COMPUTING &amp; COMM</Text>
    </ProgramReference>
    <ProgramReference>
      <Code>9216</Code>
      <Text>ADVANCED SOFTWARE TECH &amp; ALGOR</Text>
    </ProgramReference>
  </Award>
</rootTag>
