<?xml version="1.0" encoding="UTF-8"?>

<rootTag>
  <Award>
    <AwardTitle>Doctoral Dissertation Research: Mobilization in the American Pro-Life Movement</AwardTitle>
    <AwardEffectiveDate>08/01/2000</AwardEffectiveDate>
    <AwardExpirationDate>07/31/2001</AwardExpirationDate>
    <AwardAmount>7500</AwardAmount>
    <AwardInstrument>
      <Value>Standard Grant</Value>
    </AwardInstrument>
    <Organization>
      <Code>04050200</Code>
      <Directorate>
        <LongName>Direct For Social, Behav &amp; Economic Scie</LongName>
      </Directorate>
      <Division>
        <LongName>Divn Of Social and Economic Sciences</LongName>
      </Division>
    </Organization>
    <ProgramOfficer>
      <SignBlockName>Murray A. Webster, Jr.</SignBlockName>
    </ProgramOfficer>
    <AbstractNarration>SES 0000353&lt;br/&gt;PI: Theda Skocpol, Ziad Munson&lt;br/&gt;&lt;br/&gt;&lt;br/&gt;This project studies how individuals are recruited into, and mobilized to activity within, pro-life movements. The design draws on ideas from social movements, religion, and political sociology; it emphasizes the role of ideas in this social movement. The research uses documents produced by pro-life groups, and interviews with both activists and non-activists. Four sites that represent different religious composition, demographic characteristics, and levels of interest in the pro-life movement have been chosen: Boston, Minneapolis, Oklahoma City, and Charleston. Outcomes of this project should include a fuller understanding of the role(s) of religion in social activism, and conditions and processes of mobilization of social movements in contemporary U.S. society.</AbstractNarration>
    <MinAmdLetterDate>07/25/2000</MinAmdLetterDate>
    <MaxAmdLetterDate>07/25/2000</MaxAmdLetterDate>
    <ARRAAmount/>
    <AwardID>0000353</AwardID>
    <Investigator>
      <FirstName>Theda</FirstName>
      <LastName>Skocpol</LastName>
      <EmailAddress>skocpol@fas.harvard.edu</EmailAddress>
      <StartDate>07/25/2000</StartDate>
      <EndDate/>
      <RoleCode>Principal Investigator</RoleCode>
    </Investigator>
    <Institution>
      <Name>Harvard University</Name>
      <CityName>Cambridge</CityName>
      <ZipCode>021385366</ZipCode>
      <PhoneNumber>6174955501</PhoneNumber>
      <StreetAddress>1033 MASSACHUSETTS AVE</StreetAddress>
      <CountryName>United States</CountryName>
      <StateName>Massachusetts</StateName>
      <StateCode>MA</StateCode>
    </Institution>
    <FoaInformation>
      <Code>0116000</Code>
      <Name>Human Subjects</Name>
    </FoaInformation>
  </Award>
</rootTag>
