<?xml version="1.0" encoding="UTF-8"?>

<rootTag>
  <Award>
    <AwardTitle>GEM: Development and Decay of Storm-time Ring Current</AwardTitle>
    <AwardEffectiveDate>08/01/2000</AwardEffectiveDate>
    <AwardExpirationDate>07/31/2004</AwardExpirationDate>
    <AwardAmount>180000</AwardAmount>
    <AwardInstrument>
      <Value>Continuing grant</Value>
    </AwardInstrument>
    <Organization>
      <Code>06020202</Code>
      <Directorate>
        <LongName>Directorate For Geosciences</LongName>
      </Directorate>
      <Division>
        <LongName>Div Atmospheric &amp; Geospace Sciences</LongName>
      </Division>
    </Organization>
    <ProgramOfficer>
      <SignBlockName>kile baker</SignBlockName>
    </ProgramOfficer>
    <AbstractNarration>The investigators will study geomagnetic storm processes in the ring current using ground-based magnetometer measurements and data from satellites such as GOES, AMPTE, and Geotail. The study will focus on the transport and energization of oxygen ions and the excitation of ultra-low frequency waves and their role in ring current decay. The data will be used to determine if there is a one-to-one correspondence between the onset of the storm recovery phase and substorm onset, and to what extent the tail current contributes to mid-latitude geomagnetic indices. Ultra low frequency waves may be related to the decay of ring current ions. The study will contribute to our understanding of Space Weather effects associated with large magnetic storms</AbstractNarration>
    <MinAmdLetterDate>08/11/2000</MinAmdLetterDate>
    <MaxAmdLetterDate>07/16/2002</MaxAmdLetterDate>
    <ARRAAmount/>
    <AwardID>0000255</AwardID>
    <Investigator>
      <FirstName>Kazue</FirstName>
      <LastName>Takahashi</LastName>
      <EmailAddress>kazue.takahashi@jhuapl.edu</EmailAddress>
      <StartDate>08/11/2000</StartDate>
      <EndDate/>
      <RoleCode>Principal Investigator</RoleCode>
    </Investigator>
    <Investigator>
      <FirstName>Shin-ichi</FirstName>
      <LastName>Ohtani</LastName>
      <EmailAddress>ohtani@jhuapl.edu</EmailAddress>
      <StartDate>08/11/2000</StartDate>
      <EndDate/>
      <RoleCode>Co-Principal Investigator</RoleCode>
    </Investigator>
    <Investigator>
      <FirstName>Masahito</FirstName>
      <LastName>Nose</LastName>
      <EmailAddress/>
      <StartDate>08/11/2000</StartDate>
      <EndDate>04/25/2001</EndDate>
      <RoleCode>Former Principal Investigator</RoleCode>
    </Investigator>
    <Institution>
      <Name>Johns Hopkins University</Name>
      <CityName>Baltimore</CityName>
      <ZipCode>212182608</ZipCode>
      <PhoneNumber>4105168668</PhoneNumber>
      <StreetAddress>3400 N CHARLES ST</StreetAddress>
      <CountryName>United States</CountryName>
      <StateName>Maryland</StateName>
      <StateCode>MD</StateCode>
    </Institution>
    <FoaInformation>
      <Code>0205000</Code>
      <Name>Space</Name>
    </FoaInformation>
    <ProgramElement>
      <Code>5750</Code>
      <Text>MAGNETOSPHERIC PHYSICS</Text>
    </ProgramElement>
    <ProgramReference>
      <Code>9196</Code>
      <Text>NATURAL DISASTERS</Text>
    </ProgramReference>
    <ProgramReference>
      <Code>EGCH</Code>
      <Text>ENVIRONMENT AND GLOBAL CHANGE</Text>
    </ProgramReference>
  </Award>
</rootTag>
