<?xml version="1.0" encoding="UTF-8"?>

<rootTag>
  <Award>
    <AwardTitle>Third Israeli Conference for Handling of Particulate Solids to be held at the Grand Nirvana, Israel, May 29 - June 2, 2000</AwardTitle>
    <AwardEffectiveDate>05/15/2000</AwardEffectiveDate>
    <AwardExpirationDate>04/30/2001</AwardExpirationDate>
    <AwardAmount>11000</AwardAmount>
    <AwardInstrument>
      <Value>Standard Grant</Value>
    </AwardInstrument>
    <Organization>
      <Code>07020000</Code>
      <Directorate>
        <LongName>Directorate For Engineering</LongName>
      </Directorate>
      <Division>
        <LongName>Div Of Chem, Bioeng, Env, &amp; Transp Sys</LongName>
      </Division>
    </Organization>
    <ProgramOfficer>
      <SignBlockName>M. C. Roco</SignBlockName>
    </ProgramOfficer>
    <AbstractNarration>Abstract&lt;br/&gt;CTS-0000269&lt;br/&gt;G.I. Tardos, CUNY&lt;br/&gt;&lt;br/&gt;Partial travel support is requested for the participants at the Conference for Handling of Particulate Solids (Israel) to be held in conjunction with the Particle Technology Forum of the AIChE (US), Society of Powder Technology (Japan), European Particle Technology Party, Particle Technology Group of IChemE (UK) and International Freight Pipeline Society (US) meetings, at the Grand Nirvana, Israel, May 29 to June 2, 2000. This is an international meeting on particle science and technology, with focus on particle generation, processing and transport in gases or liquids. The research has relevance to chemical, mechanical and civil engineers, materials scientists, physics, and metallurgy. The Proceedings will be made available to the scientific community and industry. The Conference will creates opportunities to develop interdisciplinary interactions with academic communities from other countries and with industry, as well as to evaluate recent research results in particle science and technology.</AbstractNarration>
    <MinAmdLetterDate>05/05/2000</MinAmdLetterDate>
    <MaxAmdLetterDate>05/05/2000</MaxAmdLetterDate>
    <ARRAAmount/>
    <AwardID>0000269</AwardID>
    <Investigator>
      <FirstName>Gabriel</FirstName>
      <LastName>Tardos</LastName>
      <EmailAddress>Tardos@ccny.cuny.edu</EmailAddress>
      <StartDate>05/05/2000</StartDate>
      <EndDate/>
      <RoleCode>Principal Investigator</RoleCode>
    </Investigator>
    <Institution>
      <Name>CUNY City College</Name>
      <CityName>New York</CityName>
      <ZipCode>100319101</ZipCode>
      <PhoneNumber>2126505418</PhoneNumber>
      <StreetAddress>Convent Ave at 138th St</StreetAddress>
      <CountryName>United States</CountryName>
      <StateName>New York</StateName>
      <StateCode>NY</StateCode>
    </Institution>
    <FoaInformation>
      <Code>0308000</Code>
      <Name>Industrial Technology</Name>
    </FoaInformation>
  </Award>
</rootTag>
