<?xml version="1.0" encoding="UTF-8"?>

<rootTag>
  <Award>
    <AwardTitle>Post-Doctoral Training in Mobile Information Access</AwardTitle>
    <AwardEffectiveDate>09/15/2000</AwardEffectiveDate>
    <AwardExpirationDate>08/31/2002</AwardExpirationDate>
    <AwardAmount>66000</AwardAmount>
    <AwardInstrument>
      <Value>Standard Grant</Value>
    </AwardInstrument>
    <Organization>
      <Code>05060100</Code>
      <Directorate>
        <LongName>Direct For Computer &amp; Info Scie &amp; Enginr</LongName>
      </Directorate>
      <Division>
        <LongName>DIVISION OF EXPERIMENTAL &amp; INTEG ACTIVIT</LongName>
      </Division>
    </Organization>
    <ProgramOfficer>
      <SignBlockName>Kenneth C. Whang</SignBlockName>
    </ProgramOfficer>
    <AbstractNarration>EIA-0000484&lt;br/&gt;Satyanarayanan, Mahadev&lt;br/&gt;Carnegie Mellon University&lt;br/&gt;&lt;br/&gt;Post-doctoral Training in Mobile Information Access&lt;br/&gt;&lt;br/&gt;CISE Postdoctoral Associates in Experimental Computer Science: Postdoctoral&lt;br/&gt;Training in Mobile Information Access&lt;br/&gt;&lt;br/&gt;Postdoctoral training in the broad area of mobile information access will&lt;br/&gt;be offered that has four research thrusts:&lt;br/&gt;&lt;br/&gt;1) Systematic and thorough evaluation of the performance characteristics of&lt;br/&gt;the Odyssey mobile computing platform and the Coda File System, including&lt;br/&gt;identification of appropriate performance metrics, design of synthetic&lt;br/&gt;workloads and benchmarks, instrumentation to collect usage data, and&lt;br/&gt;analysis of results.&lt;br/&gt;&lt;br/&gt;2) Exploring the scalability of Odyssey and Coda involving the design of&lt;br/&gt;carefully controlled experiments that stress the limits of these systems.&lt;br/&gt;&lt;br/&gt;3) Designing and implementing mechanisms in Odyssey and Coda that&lt;br/&gt;opportunistically exploit compute servers and intermediate caches in the&lt;br/&gt;infrastructure close to a mobile computer.&lt;br/&gt;&lt;br/&gt;4) Developing a methodology and a set of techniques and tools for&lt;br/&gt;generating system configurations that are well-fitted to the unique&lt;br/&gt;characteristics of mobile computing hardware.&lt;br/&gt;&lt;br/&gt;In addition, opportunities will be offered to participate in the mentoring&lt;br/&gt;of graduate and undergraduate students and guest lecture in courses.</AbstractNarration>
    <MinAmdLetterDate>09/21/2000</MinAmdLetterDate>
    <MaxAmdLetterDate>09/21/2000</MaxAmdLetterDate>
    <ARRAAmount/>
    <AwardID>0000484</AwardID>
    <Investigator>
      <FirstName>Mahadev</FirstName>
      <LastName>Satyanarayanan</LastName>
      <EmailAddress>satya@cs.cmu.edu</EmailAddress>
      <StartDate>09/21/2000</StartDate>
      <EndDate/>
      <RoleCode>Principal Investigator</RoleCode>
    </Investigator>
    <Institution>
      <Name>Carnegie-Mellon University</Name>
      <CityName>PITTSBURGH</CityName>
      <ZipCode>152133815</ZipCode>
      <PhoneNumber>4122689527</PhoneNumber>
      <StreetAddress>5000 Forbes Avenue</StreetAddress>
      <CountryName>United States</CountryName>
      <StateName>Pennsylvania</StateName>
      <StateCode>PA</StateCode>
    </Institution>
    <FoaInformation>
      <Code>0000099</Code>
      <Name>Other Applications NEC</Name>
    </FoaInformation>
    <ProgramElement>
      <Code>2885</Code>
      <Text>CISE RESEARCH INFRASTRUCTURE</Text>
    </ProgramElement>
    <ProgramReference>
      <Code>9192</Code>
      <Text>EXPER COMPUTER SCIENCE POSTDOC</Text>
    </ProgramReference>
    <ProgramReference>
      <Code>9218</Code>
      <Text>BASIC RESEARCH &amp; HUMAN RESORCS</Text>
    </ProgramReference>
    <ProgramReference>
      <Code>HPCC</Code>
      <Text>HIGH PERFORMANCE COMPUTING &amp; COMM</Text>
    </ProgramReference>
  </Award>
</rootTag>
