<?xml version="1.0" encoding="UTF-8"?>

<rootTag>
  <Award>
    <AwardTitle>Pulse of the Planet Project</AwardTitle>
    <AwardEffectiveDate>06/01/2000</AwardEffectiveDate>
    <AwardExpirationDate>01/31/2004</AwardExpirationDate>
    <AwardAmount>349950</AwardAmount>
    <AwardInstrument>
      <Value>Continuing grant</Value>
    </AwardInstrument>
    <Organization>
      <Code>11090000</Code>
      <Directorate>
        <LongName>Direct For Education and Human Resources</LongName>
      </Directorate>
      <Division>
        <LongName>Division Of Research On Learning</LongName>
      </Division>
    </Organization>
    <ProgramOfficer>
      <SignBlockName>Sandra H. Welch</SignBlockName>
    </ProgramOfficer>
    <AbstractNarration>0000594&lt;br/&gt;METZNER&lt;br/&gt;&lt;br/&gt;Jim Metzner Productions is developing a means to broaden and deepen the reach and impact of the "Pulse of the Planet," the short-format science and nature radio series that is currently carried on approximately 300 stations. The plans are to develop and broadcast a Spanish-language version of the series and to continue production and increase the carriage of the short-format programs. In addition to broadcast radio, the series also will be available in RealAudio on the National Geographic Web site, and the project has its own Web site.</AbstractNarration>
    <MinAmdLetterDate>06/29/2000</MinAmdLetterDate>
    <MaxAmdLetterDate>01/11/2002</MaxAmdLetterDate>
    <ARRAAmount/>
    <AwardID>0000594</AwardID>
    <Investigator>
      <FirstName>Jim</FirstName>
      <LastName>Metzner</LastName>
      <EmailAddress>pulse@igc.org</EmailAddress>
      <StartDate>06/29/2000</StartDate>
      <EndDate/>
      <RoleCode>Principal Investigator</RoleCode>
    </Investigator>
    <Institution>
      <Name>Jim Metzner Productions Inc</Name>
      <CityName>Kingston</CityName>
      <ZipCode>124017877</ZipCode>
      <PhoneNumber>9142202289</PhoneNumber>
      <StreetAddress>7 Lansing Lane</StreetAddress>
      <CountryName>United States</CountryName>
      <StateName>New York</StateName>
      <StateCode>NY</StateCode>
    </Institution>
    <FoaInformation>
      <Code>0000099</Code>
      <Name>Other Applications NEC</Name>
    </FoaInformation>
  </Award>
</rootTag>
