<?xml version="1.0" encoding="UTF-8"?>

<rootTag>
  <Award>
    <AwardTitle>U.S.-U.K. Cooperative Research: Experimental Study of Lava-Flow Interactions with Snow and Ice</AwardTitle>
    <AwardEffectiveDate>05/15/2000</AwardEffectiveDate>
    <AwardExpirationDate>04/30/2002</AwardExpirationDate>
    <AwardAmount>15418</AwardAmount>
    <AwardInstrument>
      <Value>Standard Grant</Value>
    </AwardInstrument>
    <Organization>
      <Code>01090000</Code>
      <Directorate>
        <LongName>Office Of The Director</LongName>
      </Directorate>
      <Division>
        <LongName>Office Of Internatl Science &amp;Engineering</LongName>
      </Division>
    </Organization>
    <ProgramOfficer>
      <SignBlockName>Rose Gombay</SignBlockName>
    </ProgramOfficer>
    <AbstractNarration>0000237&lt;br/&gt;Walder&lt;br/&gt;&lt;br/&gt;This two-year award for U.S.-U.K. collaboration on lava-flow interactions with snow and ice involves Joseph Walder of Portland State University and the Cascades Volcano Observatory of the U.S. Geological Survey in Vancouver, Washington, and R. Stephen J. Sparks of the Centre for Environmental Geophysical Flows, University of Bristol. The research collaboration is aimed at understanding flood generation and debris flows caused by the movement of lava over snow and glacier ice. Several distinct sets of experiments are proposed. Simulated lava flows will be released over ice and artificial snow, and the rate of meltwater production will be determined as a function of lava temperature, viscosity, discharge rate and ice-surface slope. Simulated lava flows will also be released over ice blocks containing features that emulate glacial crevasses and a glacial meltwater drainage system. Experimental results will be compared to theoretical models that then can be scaled to make predictions about real-world phenomena.&lt;br/&gt;&lt;br/&gt;The U.S. investigator brings to this collaboration expertise in glaciology and the interaction of hot volcanic grain flows with snow. This is complemented by the U.K. investigator's expertise in physical volcanology. The Bristol Centre is the best facility in the world for experimental work on ice-lava interactions and has specialized equipment for simulating lava flows over ice. The project will advance understanding of how flooding occurs and may be used to predict flooding caused by eruptive volcanic activity.</AbstractNarration>
    <MinAmdLetterDate>04/25/2000</MinAmdLetterDate>
    <MaxAmdLetterDate>04/25/2000</MaxAmdLetterDate>
    <ARRAAmount/>
    <AwardID>0000237</AwardID>
    <Investigator>
      <FirstName>Joseph</FirstName>
      <LastName>Walder</LastName>
      <EmailAddress>jswalder@usgs.gov</EmailAddress>
      <StartDate>04/25/2000</StartDate>
      <EndDate/>
      <RoleCode>Principal Investigator</RoleCode>
    </Investigator>
    <Institution>
      <Name>Portland State University</Name>
      <CityName>Portland</CityName>
      <ZipCode>972070751</ZipCode>
      <PhoneNumber>5037259900</PhoneNumber>
      <StreetAddress>1600 SW 4th Ave</StreetAddress>
      <CountryName>United States</CountryName>
      <StateName>Oregon</StateName>
      <StateCode>OR</StateCode>
    </Institution>
    <FoaInformation>
      <Code>0304000</Code>
      <Name>Disaster &amp; Natural Hazard</Name>
    </FoaInformation>
  </Award>
</rootTag>
