<?xml version="1.0" encoding="UTF-8"?>

<rootTag>
  <Award>
    <AwardTitle>US-Tanzania Planning Visit: Telemetered Traffic Monitoring Sites for Intelligent Transportation Systems Applications</AwardTitle>
    <AwardEffectiveDate>07/01/2000</AwardEffectiveDate>
    <AwardExpirationDate>12/31/2000</AwardExpirationDate>
    <AwardAmount>6000</AwardAmount>
    <AwardInstrument>
      <Value>Standard Grant</Value>
    </AwardInstrument>
    <Organization>
      <Code>01090000</Code>
      <Directorate>
        <LongName>Office Of The Director</LongName>
      </Directorate>
      <Division>
        <LongName>Office Of Internatl Science &amp;Engineering</LongName>
      </Division>
    </Organization>
    <ProgramOfficer>
      <SignBlockName>Alice W. Leeds</SignBlockName>
    </ProgramOfficer>
    <AbstractNarration>0000952&lt;br/&gt;Mussa&lt;br/&gt;&lt;br/&gt;This is a planning visit grant for Professor Renatus Mussa, of the Department of Civil Engineering at Florida Agricultural and Mechanical University, to meet with Professor David Mfinanga, of the Department of Civil Engineering at the University of Dar es Salaam in Tanzania, for the purpose of finalizing a collaborative research fellowship project on Telemetered Traffic Monitoring Sites (TTMS) for Intelligent Transportation Systems (ITS) applications. The completed project will be submitted to the International Research Fellowship Program.&lt;br/&gt;&lt;br/&gt;The need to make highways as safe and productive as possible is as important to developing countries as it is to the United States. At the same time, the transportation community is shifting away from building new roads to the use of smart systems for the operation and management of transportation systems. The Florida Agricultural and Mechanical University is creating a Wireless Communications in Transportation (WCT) Laboratory which will remotely collect traffic and roadway data through TTMS sites in foreign countries. The University of Dar es Salaam has a viable transportation-engineering program, and the program's faculty members are engaged in teaching and research. During this planning visit, Professor Mussa and Dr. Mfinanga will jointly choose installation sites and finalize arrangements for the installation, operation and maintenance of the TTMS. This project is being jointly funded by the Division of International Programs and the Division of Civil and Mechanical Systems.</AbstractNarration>
    <MinAmdLetterDate>06/26/2000</MinAmdLetterDate>
    <MaxAmdLetterDate>06/26/2000</MaxAmdLetterDate>
    <ARRAAmount/>
    <AwardID>0000952</AwardID>
    <Investigator>
      <FirstName>Renatus</FirstName>
      <LastName>Mussa</LastName>
      <EmailAddress>mussa@eng.fsu.edu</EmailAddress>
      <StartDate>06/26/2000</StartDate>
      <EndDate/>
      <RoleCode>Principal Investigator</RoleCode>
    </Investigator>
    <Institution>
      <Name>Florida Agricultural and Mechanical University</Name>
      <CityName>Tallahassee</CityName>
      <ZipCode>323073200</ZipCode>
      <PhoneNumber>8505993531</PhoneNumber>
      <StreetAddress>1700 Lee Hall Drive</StreetAddress>
      <CountryName>United States</CountryName>
      <StateName>Florida</StateName>
      <StateCode>FL</StateCode>
    </Institution>
    <FoaInformation>
      <Code>0000099</Code>
      <Name>Other Applications NEC</Name>
    </FoaInformation>
    <FoaInformation>
      <Code>0510403</Code>
      <Name>Engineering &amp; Computer Science</Name>
    </FoaInformation>
    <ProgramElement>
      <Code>1631</Code>
      <Text>CIVIL INFRASTRUCTURE SYSTEMS</Text>
    </ProgramElement>
    <ProgramElement>
      <Code>5976</Code>
      <Text>AFRICA, NEAR EAST, &amp; SO ASIA</Text>
    </ProgramElement>
    <ProgramReference>
      <Code>1041</Code>
      <Text>INST EFFECTIVENESS AND PRODUCTIVITY</Text>
    </ProgramReference>
    <ProgramReference>
      <Code>5928</Code>
      <Text>AFRICA AND ASIA,OTHER</Text>
    </ProgramReference>
    <ProgramReference>
      <Code>CVIS</Code>
      <Text>CIVIL INFRASTRUCTURE</Text>
    </ProgramReference>
  </Award>
</rootTag>
