<?xml version="1.0" encoding="UTF-8"?>

<rootTag>
  <Award>
    <AwardTitle>Science Workshop on Scientific Drilling in Lakes Malawi and Tanganyika, East Africa</AwardTitle>
    <AwardEffectiveDate>01/01/2000</AwardEffectiveDate>
    <AwardExpirationDate>12/31/2000</AwardExpirationDate>
    <AwardAmount>35000</AwardAmount>
    <AwardInstrument>
      <Value>Standard Grant</Value>
    </AwardInstrument>
    <Organization>
      <Code>06020108</Code>
      <Directorate>
        <LongName>Directorate For Geosciences</LongName>
      </Directorate>
      <Division>
        <LongName>Div Atmospheric &amp; Geospace Sciences</LongName>
      </Division>
    </Organization>
    <ProgramOfficer>
      <SignBlockName>David J. Verardo</SignBlockName>
    </ProgramOfficer>
    <AbstractNarration>This proposal is a request for partial support for an international workshop entitled "Scientific Drilling on Lakes Malawi and Tanganyika." The meeting is co-sponsored by the International Continental Drilling Program (ICDP) and the International Decade of East African Lakes (IDEAL) Project. The conference will (1) refine the scientific goals for drilling in these lakes, (2) develop linkages for add-on science, and (3) advertize prospects for scientific drilling on these lakes to the earth science community both inside and outside of Africa. Logistical and engineering aspects of drilling will also be examined and discussed.</AbstractNarration>
    <MinAmdLetterDate>01/04/2000</MinAmdLetterDate>
    <MaxAmdLetterDate>01/04/2000</MaxAmdLetterDate>
    <ARRAAmount/>
    <AwardID>0000411</AwardID>
    <Investigator>
      <FirstName>Christopher</FirstName>
      <LastName>Scholz</LastName>
      <EmailAddress>cascholz@syr.edu</EmailAddress>
      <StartDate>01/04/2000</StartDate>
      <EndDate/>
      <RoleCode>Principal Investigator</RoleCode>
    </Investigator>
    <Institution>
      <Name>Syracuse University</Name>
      <CityName>SYRACUSE</CityName>
      <ZipCode>132441200</ZipCode>
      <PhoneNumber>3154432807</PhoneNumber>
      <StreetAddress>OFFICE OF SPONSORED PROGRAMS</StreetAddress>
      <CountryName>United States</CountryName>
      <StateName>New York</StateName>
      <StateCode>NY</StateCode>
    </Institution>
    <FoaInformation>
      <Code>0319000</Code>
      <Name>Climate Related Activities</Name>
    </FoaInformation>
    <ProgramElement>
      <Code>1530</Code>
      <Text>PALEOCLIMATE PROGRAM</Text>
    </ProgramElement>
    <ProgramElement>
      <Code>1571</Code>
      <Text>SCEC</Text>
    </ProgramElement>
    <ProgramElement>
      <Code>1581</Code>
      <Text>CONTINENTAL DYNAMICS PROGRAM</Text>
    </ProgramElement>
    <ProgramElement>
      <Code>5976</Code>
      <Text>AFRICA, NEAR EAST, &amp; SO ASIA</Text>
    </ProgramElement>
    <ProgramReference>
      <Code>1304</Code>
      <Text>EARTH SYSTEM HISTORY</Text>
    </ProgramReference>
    <ProgramReference>
      <Code>EGCH</Code>
      <Text>ENVIRONMENT AND GLOBAL CHANGE</Text>
    </ProgramReference>
  </Award>
</rootTag>
