<?xml version="1.0" encoding="UTF-8"?>

<rootTag>
  <Award>
    <AwardTitle>Doctoral Dissertation Research: Disturbance Interactions in a Rocky Mountain Subalpine Forest</AwardTitle>
    <AwardEffectiveDate>06/01/2000</AwardEffectiveDate>
    <AwardExpirationDate>11/30/2001</AwardExpirationDate>
    <AwardAmount>10000</AwardAmount>
    <AwardInstrument>
      <Value>Standard Grant</Value>
    </AwardInstrument>
    <Organization>
      <Code>04040400</Code>
      <Directorate>
        <LongName>Direct For Social, Behav &amp; Economic Scie</LongName>
      </Directorate>
      <Division>
        <LongName>Division Of Behavioral and Cognitive Sci</LongName>
      </Division>
    </Organization>
    <ProgramOfficer>
      <SignBlockName>Thomas J. Baerwald</SignBlockName>
    </ProgramOfficer>
    <AbstractNarration>Recent research has highlighted the importance of natural disturbances in the development of many forest ecosystems. Colorado forests are characterized by large-scale disturbances with historical return intervals often shorter than the life span of dominant tree species. Disturbances therefore are an important factor in the development of these forests. Fire and high winds are very important forms of disturbance that repeatedly have affected the structure and function of Colorado forests. In 1997 a major windstorm blew down over 10,000 hectares of forest in and around the Mount Zirkel Wilderness in northwestern Colorado, providing a rare research opportunity. The objectives of this study are to investigate the effect of four main factors on susceptibility for forest stands to wind disturbance: (1) a stand's fire history; (2) a stand's species composition; (3) a stand's wind disturbance history and; (4) a stand's topographic characteristics. This study will combine traditional dendrochronological techniques with analyses employing a geographic information system (GIS) to study the interactions between fire and wind disturbance regimes in this Colorado subalpine forest. Data will be collected in the field and entered into the GIS for descriptive analysis. These data will be analyzed using multivariate regression and other multivariate statistics to relate stand susceptibility to wind damage to these four categories of environmental factors. This study will quantify the roles of fire and large-scale blowdowns in subalpine forests and lend insight into how interactions among different disturbances determine forest structure, composition, and health. These insights will allow management of forests to be within the limits that result from natural disturbances. The effects of large-scale blowdowns on forest ecosystems may be especially important to understand since global climate change may increase the frequency and intensity of catastrophic winds. This research therefore will guide management decisions of these forests by not only yielding important spatial information about disturbances in subalpine forests but also by addressing the largely unanswered question of how a site's previous disturbance history affects its response to future disturbances. Geographic information systems provide new opportunities for the spatial analysis of ecosystem processes. This research will combine GIS-based analyses with well-established dendrochronological procedures that have been used for temporal analysis of forest dynamics. As a Doctoral Dissertation Research Improvement award, this award also will provide support to enable a promising student to establish a strong independent research career.</AbstractNarration>
    <MinAmdLetterDate>04/05/2000</MinAmdLetterDate>
    <MaxAmdLetterDate>04/05/2000</MaxAmdLetterDate>
    <ARRAAmount/>
    <AwardID>0000231</AwardID>
    <Investigator>
      <FirstName>Thomas</FirstName>
      <LastName>Veblen</LastName>
      <EmailAddress>Thomas.Veblen@Colorado.EDU</EmailAddress>
      <StartDate>04/05/2000</StartDate>
      <EndDate/>
      <RoleCode>Principal Investigator</RoleCode>
    </Investigator>
    <Institution>
      <Name>University of Colorado at Boulder</Name>
      <CityName>Boulder</CityName>
      <ZipCode>803031058</ZipCode>
      <PhoneNumber>3034926221</PhoneNumber>
      <StreetAddress>3100 Marine Street, Room 481</StreetAddress>
      <CountryName>United States</CountryName>
      <StateName>Colorado</StateName>
      <StateCode>CO</StateCode>
    </Institution>
    <ProgramElement>
      <Code>1352</Code>
      <Text>GEOGRAPHY AND SPATIAL SCIENCES</Text>
    </ProgramElement>
    <ProgramReference>
      <Code>9169</Code>
      <Text>BIODIVERSITY AND ECOSYSTEM DYNAMICS</Text>
    </ProgramReference>
    <ProgramReference>
      <Code>9179</Code>
      <Text>GRADUATE INVOLVEMENT</Text>
    </ProgramReference>
    <ProgramReference>
      <Code>SMET</Code>
      <Text>SCIENCE, MATH, ENG &amp; TECH EDUCATION</Text>
    </ProgramReference>
  </Award>
</rootTag>
