<?xml version="1.0" encoding="UTF-8"?>

<rootTag>
  <Award>
    <AwardTitle>Noise Tolerant DSP for the Deep Submicron Era</AwardTitle>
    <AwardEffectiveDate>10/01/1999</AwardEffectiveDate>
    <AwardExpirationDate>09/30/2003</AwardExpirationDate>
    <AwardAmount>313966</AwardAmount>
    <AwardInstrument>
      <Value>Continuing grant</Value>
    </AwardInstrument>
    <Organization>
      <Code>05010600</Code>
      <Directorate>
        <LongName>Direct For Computer &amp; Info Scie &amp; Enginr</LongName>
      </Directorate>
      <Division>
        <LongName>Division of Computing and Communication Foundations</LongName>
      </Division>
    </Organization>
    <ProgramOfficer>
      <SignBlockName>Sankar Basu</SignBlockName>
    </ProgramOfficer>
    <AbstractNarration>Advances in multimedia digital signal processing (DSP), wireless communication systems, integrated circuit technology and portability requirements have fuelled research into the design of energy-efficient deep submicron (DSM) systems. Noise has emerged as a problem of significance for design in the DSM regime. This research addresses the dual challenge of designing reliable and energy-efficient DSP systems in the presence of DSM noise. Three coupled approaches are being explored: 1) algorithmic noise-tolerance (ANT) that employs stochastic signal processing techniques to combat DSM noise, 2) noise-tolerant dynamic circuit design techniques that provide noise-immunity with minimal energy penalty and 3) a CAD methodology that optimally folds the results of 1) and 2) in order to achieve a specified degree of system reliability and energy-efficiency.</AbstractNarration>
    <MinAmdLetterDate>12/17/1999</MinAmdLetterDate>
    <MaxAmdLetterDate>03/15/2002</MaxAmdLetterDate>
    <ARRAAmount/>
    <AwardID>0000987</AwardID>
    <Investigator>
      <FirstName>Naresh</FirstName>
      <LastName>Shanbhag</LastName>
      <EmailAddress>shanbhag@illinois.edu</EmailAddress>
      <StartDate>12/17/1999</StartDate>
      <EndDate/>
      <RoleCode>Principal Investigator</RoleCode>
    </Investigator>
    <Institution>
      <Name>University of Illinois at Urbana-Champaign</Name>
      <CityName>CHAMPAIGN</CityName>
      <ZipCode>618207473</ZipCode>
      <PhoneNumber>2173332187</PhoneNumber>
      <StreetAddress>SUITE A</StreetAddress>
      <CountryName>United States</CountryName>
      <StateName>Illinois</StateName>
      <StateCode>IL</StateCode>
    </Institution>
    <ProgramElement>
      <Code>4710</Code>
      <Text>DES AUTO FOR MICRO &amp; NANO SYS</Text>
    </ProgramElement>
    <ProgramElement>
      <Code>4720</Code>
      <Text>SIGNAL PROCESSING SYS PROGRAM</Text>
    </ProgramElement>
    <ProgramReference>
      <Code>9215</Code>
      <Text>HIGH PERFORMANCE COMPUTING SYSTEMS</Text>
    </ProgramReference>
    <ProgramReference>
      <Code>HPCC</Code>
      <Text>HIGH PERFORMANCE COMPUTING &amp; COMM</Text>
    </ProgramReference>
  </Award>
</rootTag>
