<?xml version="1.0" encoding="UTF-8"?>

<rootTag>
  <Award>
    <AwardTitle>Workshop on Cognitive Studies of Science and Technology</AwardTitle>
    <AwardEffectiveDate>06/01/2000</AwardEffectiveDate>
    <AwardExpirationDate>11/30/2001</AwardExpirationDate>
    <AwardAmount>20000</AwardAmount>
    <AwardInstrument>
      <Value>Standard Grant</Value>
    </AwardInstrument>
    <Organization>
      <Code>04050300</Code>
      <Directorate>
        <LongName>Direct For Social, Behav &amp; Economic Scie</LongName>
      </Directorate>
      <Division>
        <LongName>Divn Of Social and Economic Sciences</LongName>
      </Division>
    </Organization>
    <ProgramOfficer>
      <SignBlockName>Bruce E. Seely</SignBlockName>
    </ProgramOfficer>
    <AbstractNarration>SES 00-00573 - Michael E. Gorman (University of Virginia)&lt;br/&gt;"Workshop on Cognitive Studies of Science &amp; Technology"&lt;br/&gt;&lt;br/&gt;A small but growing community of scholars is conducting detailed cognitive studies of discoverers and inventors. The purpose of this award is to bring a core group of these practitioners together -- along with students and younger scholars who are showing interest in this area - to survey the "state of the art" and to begin to sketch an agenda for future research.&lt;br/&gt;&lt;br/&gt;The scholars who will participate in this Workshop identify themselves with a wide variety of disciplines, and individually belong to a wide range of formal societies; these include the Society for Social Studies of Science, the Cognitive Science Society, the History of Science Society, the Society for History of Technology, and the Philosophy of Science Association. No one belongs to all of these groups, and none attends all of the relevant society meetings. As a result, only a small portion of those interested in fine-grained cognitive studies of science and technology will meet and interact any one of these meetings. In addition, this disciplinary diversity, although intellectually exciting, places an especially heavy burden on students and young scholars. The Workshop is designed to prove especially beneficial to this precise group.&lt;br/&gt;&lt;br/&gt;No previous Conference or Workshop has addressed "Cognitive Studies of Science and Techmology" in precisely the manner that this Workshop will. For example, a 1990 NSF-funded workshop at the University of Minnesota on cognitive models of science focused almost entirely on theoretical explanations of scientific cognition. The Workshop supported by this award will build on the success of this early Workshop but will focus more on scientific discovery than hypothesis testing and will include the invention of new technologies as a major focus. The Workshop will emphasize the need to apply existing findings to detailed case studies of actual cognition. While the earlier Workshop focused on implications for philosophy, one goal of this Workshop is to contribute to developing a multidisciplinary agenda, consistent with the NSF's emphasis on crosscutting programs.</AbstractNarration>
    <MinAmdLetterDate>05/23/2000</MinAmdLetterDate>
    <MaxAmdLetterDate>05/23/2000</MaxAmdLetterDate>
    <ARRAAmount/>
    <AwardID>0000573</AwardID>
    <Investigator>
      <FirstName>Michael</FirstName>
      <LastName>Gorman</LastName>
      <EmailAddress>meg3c@virginia.edu</EmailAddress>
      <StartDate>05/23/2000</StartDate>
      <EndDate/>
      <RoleCode>Principal Investigator</RoleCode>
    </Investigator>
    <Institution>
      <Name>University of Virginia Main Campus</Name>
      <CityName>CHARLOTTESVILLE</CityName>
      <ZipCode>229044195</ZipCode>
      <PhoneNumber>4349244270</PhoneNumber>
      <StreetAddress>P.O. BOX 400195</StreetAddress>
      <CountryName>United States</CountryName>
      <StateName>Virginia</StateName>
      <StateCode>VA</StateCode>
    </Institution>
    <ProgramElement>
      <Code>1353</Code>
      <Text>Hist &amp; Philosophy of SET</Text>
    </ProgramElement>
    <ProgramReference>
      <Code>0000</Code>
      <Text>UNASSIGNED</Text>
    </ProgramReference>
    <ProgramReference>
      <Code>OTHR</Code>
      <Text>OTHER RESEARCH OR EDUCATION</Text>
    </ProgramReference>
  </Award>
</rootTag>
