<?xml version="1.0" encoding="UTF-8"?>

<rootTag>
  <Award>
    <AwardTitle>Cold Cycle Dilution and Superfluid Joule-Thomson Refrigerator</AwardTitle>
    <AwardEffectiveDate>09/01/2000</AwardEffectiveDate>
    <AwardExpirationDate>08/31/2003</AwardExpirationDate>
    <AwardAmount>128123</AwardAmount>
    <AwardInstrument>
      <Value>Continuing grant</Value>
    </AwardInstrument>
    <Organization>
      <Code>07020000</Code>
      <Directorate>
        <LongName>Directorate For Engineering</LongName>
      </Directorate>
      <Division>
        <LongName>Div Of Chem, Bioeng, Env, &amp; Transp Sys</LongName>
      </Division>
    </Organization>
    <ProgramOfficer>
      <SignBlockName>Richard N. Smith</SignBlockName>
    </ProgramOfficer>
    <AbstractNarration>A new ultra low temperature refrigerator, the superfluid Joule-Thomson refrigerator (SJTR), will be developed. The SJTR is a single-phase refrigerator that can be used in zero gravity as well as terrestrial environments. It is projected to provide cooling to temperatures of 0.5 Kelvin (K). &lt;br/&gt;&lt;br/&gt;The SJTR uses a cold (~1 K) superleak-bypassed piston compressor to compress the 3He component of a 3He-4He liquid mixture . In the SJTR cycle, the compressed 3He is discharged by the compressor and passed through counterflow heat exchangers to a superleak bypassed throttle. The 3He component of the mixture cools as it passes through the throttle and the fluid is used to absorb heat from a thermal load. The 3He component is warmed back up to the compressor temperature by passing back through the counterflow heat exchanger. The 3He is then recompressed in the compressor where it continues back through the cycle. &lt;br/&gt;&lt;br/&gt;The project will include the development of the cold compressor and a demonstration of the superfluid Joule- Thomson concept.</AbstractNarration>
    <MinAmdLetterDate>09/18/2000</MinAmdLetterDate>
    <MaxAmdLetterDate>04/10/2001</MaxAmdLetterDate>
    <ARRAAmount/>
    <AwardID>0000718</AwardID>
    <Investigator>
      <FirstName>John</FirstName>
      <LastName>Brisson</LastName>
      <EmailAddress>brisson@mit.edu</EmailAddress>
      <StartDate>09/18/2000</StartDate>
      <EndDate/>
      <RoleCode>Principal Investigator</RoleCode>
    </Investigator>
    <Institution>
      <Name>Massachusetts Institute of Technology</Name>
      <CityName>Cambridge</CityName>
      <ZipCode>021394301</ZipCode>
      <PhoneNumber>6172531000</PhoneNumber>
      <StreetAddress>77 MASSACHUSETTS AVE</StreetAddress>
      <CountryName>United States</CountryName>
      <StateName>Massachusetts</StateName>
      <StateCode>MA</StateCode>
    </Institution>
    <FoaInformation>
      <Code>0308000</Code>
      <Name>Industrial Technology</Name>
    </FoaInformation>
    <ProgramElement>
      <Code>1406</Code>
      <Text>THERMAL TRANSPORT PROCESSES</Text>
    </ProgramElement>
    <ProgramReference>
      <Code>0000</Code>
      <Text>UNASSIGNED</Text>
    </ProgramReference>
    <ProgramReference>
      <Code>OTHR</Code>
      <Text>OTHER RESEARCH OR EDUCATION</Text>
    </ProgramReference>
  </Award>
</rootTag>
