<?xml version="1.0" encoding="UTF-8"?>

<rootTag>
  <Award>
    <AwardTitle>Conference in Dusty Plasmas; Seattle, Washington</AwardTitle>
    <AwardEffectiveDate>04/01/2000</AwardEffectiveDate>
    <AwardExpirationDate>03/31/2001</AwardExpirationDate>
    <AwardAmount>3500</AwardAmount>
    <AwardInstrument>
      <Value>Standard Grant</Value>
    </AwardInstrument>
    <Organization>
      <Code>06020201</Code>
      <Directorate>
        <LongName>Directorate For Geosciences</LongName>
      </Directorate>
      <Division>
        <LongName>Div Atmospheric &amp; Geospace Sciences</LongName>
      </Division>
    </Organization>
    <ProgramOfficer>
      <SignBlockName>Sunanda Basu</SignBlockName>
    </ProgramOfficer>
    <AbstractNarration>This award is for participants to attend and deliver lectures at the "Dusty Plasma Mini Conference" to be held in conjunction with the American Physical Society (APS), Division of Plasma Physics Annual Meeting in Seattle, Washington, 14-19 November 1999. Dusty Plasmas play an important role in the aeronomy of the lower ionosphere. For example, the formation of noctilucent clouds and its role in determining the dynamics of the D region is an outstanding problem of significant interest. There are a number of other important applications of dusty plasmas as well. It is a rapidly growing interdisciplinary science with a promising future. The American Physical Society will provide funding to key invited speakers, who would otherwise be unable to attend the meeting due to lack of funds. The participation of these speakers is necessary to maintain a high quality of scientific content for this conference.</AbstractNarration>
    <MinAmdLetterDate>04/28/2000</MinAmdLetterDate>
    <MaxAmdLetterDate>04/28/2000</MaxAmdLetterDate>
    <ARRAAmount/>
    <AwardID>0000407</AwardID>
    <Investigator>
      <FirstName>James</FirstName>
      <LastName>Drake</LastName>
      <EmailAddress>drake@plasma.umd.edu</EmailAddress>
      <StartDate>04/28/2000</StartDate>
      <EndDate/>
      <RoleCode>Principal Investigator</RoleCode>
    </Investigator>
    <Institution>
      <Name>American Physical Society</Name>
      <CityName>College Park</CityName>
      <ZipCode>207403841</ZipCode>
      <PhoneNumber>3012093220</PhoneNumber>
      <StreetAddress>One Physics Ellipse</StreetAddress>
      <CountryName>United States</CountryName>
      <StateName>Maryland</StateName>
      <StateCode>MD</StateCode>
    </Institution>
    <FoaInformation>
      <Code>0205000</Code>
      <Name>Space</Name>
    </FoaInformation>
    <ProgramElement>
      <Code>1521</Code>
      <Text>AERONOMY</Text>
    </ProgramElement>
    <ProgramReference>
      <Code>0000</Code>
      <Text>UNASSIGNED</Text>
    </ProgramReference>
    <ProgramReference>
      <Code>OTHR</Code>
      <Text>OTHER RESEARCH OR EDUCATION</Text>
    </ProgramReference>
  </Award>
</rootTag>
