<?xml version="1.0" encoding="UTF-8"?>

<rootTag>
  <Award>
    <AwardTitle>Flight Patterns: The Politics of Residential Segregation in the United States</AwardTitle>
    <AwardEffectiveDate>06/01/2000</AwardEffectiveDate>
    <AwardExpirationDate>05/31/2002</AwardExpirationDate>
    <AwardAmount>7435</AwardAmount>
    <AwardInstrument>
      <Value>Standard Grant</Value>
    </AwardInstrument>
    <Organization>
      <Code>04050200</Code>
      <Directorate>
        <LongName>Direct For Social, Behav &amp; Economic Scie</LongName>
      </Directorate>
      <Division>
        <LongName>Divn Of Social and Economic Sciences</LongName>
      </Division>
    </Organization>
    <ProgramOfficer>
      <SignBlockName>Reeve D. Vanneman</SignBlockName>
    </ProgramOfficer>
    <AbstractNarration>Abstract&lt;br/&gt;&lt;br/&gt;SES 0000257&lt;br/&gt;PI: Edwin Amenta, Chris Bonastia &lt;br/&gt;&lt;br/&gt;&lt;br/&gt; This project analyzes archival and other historical records to explore differences in U.S. and British policies regarding racial segregation of residence. The goal is to understand why British policies officially promoted integration before U.S. policies did. Answers will be sought in analyses of political institutions and cultural understandings. It focuses on an "institutional home" theme, that the location of relevant institutions in different governmental and non-government agencies influences their policies and how those policies get implemented. Basically, promoting residential integration did not find a single government institution to promote it, while in Britain an institutional support was found. The work is significant for adding to understanding of how cultural climates and larger institutional structures affect the policies and operation of agencies.</AbstractNarration>
    <MinAmdLetterDate>06/09/2000</MinAmdLetterDate>
    <MaxAmdLetterDate>06/09/2000</MaxAmdLetterDate>
    <ARRAAmount/>
    <AwardID>0000257</AwardID>
    <Investigator>
      <FirstName>Edwin</FirstName>
      <LastName>Amenta</LastName>
      <EmailAddress>ea3@uci.edu</EmailAddress>
      <StartDate>06/09/2000</StartDate>
      <EndDate/>
      <RoleCode>Principal Investigator</RoleCode>
    </Investigator>
    <Institution>
      <Name>New York University</Name>
      <CityName>NEW YORK</CityName>
      <ZipCode>100121019</ZipCode>
      <PhoneNumber>2129982121</PhoneNumber>
      <StreetAddress>70 WASHINGTON SQUARE S</StreetAddress>
      <CountryName>United States</CountryName>
      <StateName>New York</StateName>
      <StateCode>NY</StateCode>
    </Institution>
    <ProgramElement>
      <Code>1331</Code>
      <Text>SOCIOLOGY</Text>
    </ProgramElement>
    <ProgramReference>
      <Code>9179</Code>
      <Text>GRADUATE INVOLVEMENT</Text>
    </ProgramReference>
    <ProgramReference>
      <Code>SMET</Code>
      <Text>SCIENCE, MATH, ENG &amp; TECH EDUCATION</Text>
    </ProgramReference>
  </Award>
</rootTag>
