<?xml version="1.0" encoding="UTF-8"?>

<rootTag>
  <Award>
    <AwardTitle>Collaborative Research: Influences of Atmospheric Deposition, Organic Complexation and Photochemical Processes on the Redox Cycle of Iron in Surface Waters</AwardTitle>
    <AwardEffectiveDate>04/01/2000</AwardEffectiveDate>
    <AwardExpirationDate>03/31/2004</AwardExpirationDate>
    <AwardAmount>241975</AwardAmount>
    <AwardInstrument>
      <Value>Standard Grant</Value>
    </AwardInstrument>
    <Organization>
      <Code>06040302</Code>
      <Directorate>
        <LongName>Directorate For Geosciences</LongName>
      </Directorate>
      <Division>
        <LongName>Division Of Ocean Sciences</LongName>
      </Division>
    </Organization>
    <ProgramOfficer>
      <SignBlockName>Donald L. Rice</SignBlockName>
    </ProgramOfficer>
    <AbstractNarration>ABSTRACT&lt;br/&gt;&lt;br/&gt;OCE-9911339&lt;br/&gt;OCE-0000351&lt;br/&gt;&lt;br/&gt;&lt;br/&gt;Phytoplankton productivity in high nutrient, low chlorophyll areas is limited by the bioavailability of iron. Iron uptake by marine microorganisms appears to be strongly influenced by the redox and solution speciation of dissolved Fe, yet very little is known about the physical-chemical processes such as photochemical reduction, colloid formation, and organic complexation that affect Fe chemistry and bioavailability in the oceans. For this reason, the principal investigators propose to undertake a set of process-oriented studies to investigate (1) the diel photochemical and thermochemical redox cycling of Fe in the upper 100 meters of the Gulf of Mexico (GOM); (2) the redox speciation of dissolved Fe supplied by wet (rainfall) and dry (aerosol) deposition, and the physical-chemical transformations that occur within the first few hours following deposition; and (3) the complexation and potential reduction of Fe(III) by colloidal and low molecular weight dissolved organic ligands in the open oligotrophic GOM, and including ligands from natural diatom blooms, harmful algae (dinoflagellate) blooms, and from riverine input of terrestrial aquatic organic ligands. It is expected that results from this study will further our understanding of the abiotic, inorganic processes regulating the distribution and speciation of Fe, as well as provide data required to model oceanic Fe cycling.</AbstractNarration>
    <MinAmdLetterDate>03/23/2000</MinAmdLetterDate>
    <MaxAmdLetterDate>03/23/2000</MaxAmdLetterDate>
    <ARRAAmount/>
    <AwardID>0000351</AwardID>
    <Investigator>
      <FirstName>Rodney</FirstName>
      <LastName>Powell</LastName>
      <EmailAddress>rpowell@lumcon.edu</EmailAddress>
      <StartDate>03/23/2000</StartDate>
      <EndDate/>
      <RoleCode>Principal Investigator</RoleCode>
    </Investigator>
    <Institution>
      <Name>Louisiana Universities Marine Corsortium</Name>
      <CityName>Chauvin</CityName>
      <ZipCode>703442110</ZipCode>
      <PhoneNumber>5048512800</PhoneNumber>
      <StreetAddress>8124 Hwy 56</StreetAddress>
      <CountryName>United States</CountryName>
      <StateName>Louisiana</StateName>
      <StateCode>LA</StateCode>
    </Institution>
    <FoaInformation>
      <Code>0204000</Code>
      <Name>Oceanography</Name>
    </FoaInformation>
    <ProgramElement>
      <Code>1670</Code>
      <Text>CHEMICAL OCEANOGRAPHY</Text>
    </ProgramElement>
    <ProgramReference>
      <Code>0000</Code>
      <Text>UNASSIGNED</Text>
    </ProgramReference>
    <ProgramReference>
      <Code>OTHR</Code>
      <Text>OTHER RESEARCH OR EDUCATION</Text>
    </ProgramReference>
  </Award>
</rootTag>
