<?xml version="1.0" encoding="UTF-8"?>

<rootTag>
  <Award>
    <AwardTitle>U.S.- U.K. Cooperative Research: Lithiated Heterocycles</AwardTitle>
    <AwardEffectiveDate>05/01/2000</AwardEffectiveDate>
    <AwardExpirationDate>05/31/2003</AwardExpirationDate>
    <AwardAmount>22800</AwardAmount>
    <AwardInstrument>
      <Value>Standard Grant</Value>
    </AwardInstrument>
    <Organization>
      <Code>01090000</Code>
      <Directorate>
        <LongName>Office Of The Director</LongName>
      </Directorate>
      <Division>
        <LongName>Office Of Internatl Science &amp;Engineering</LongName>
      </Division>
    </Organization>
    <ProgramOfficer>
      <SignBlockName>Rose Gombay</SignBlockName>
    </ProgramOfficer>
    <AbstractNarration>0000096&lt;br/&gt;Gawley&lt;br/&gt;&lt;br/&gt;This two-year award for U.S.-U.K. collaboration in organic synthetic chemistry involves Robert E. Gawley and a postdoctoral researcher from the University of Miami and Iain Coldham of the University of Exeter. The objective of the collaboration is to develop new methods for the synthesis of complex heterocyclic compounds. The investigators will extend their work on the configurational stability of aminoorganolithiums. Both groups have studied reactivity patterns in these generally unstable compounds and propose to identify structural characteristics using complementary sets of related, yet different compounds. &lt;br/&gt;&lt;br/&gt;The U.S. investigator brings to this collaboration a unique approach to the study and development of unstabilized alpha-lithio amines. This is complemented by the U.K. investigator's expertise on the structure and preparation of the compounds. His laboratory prepared a compound that demonstrated configurational stability even at room temperature. The project will advance understanding of new methods for synthesizing complex nitrogen heterocycles and of the science of organic synthesis. Heterocyclic compounds are important to pharmacology because the vast majority of pharmaceutical drugs contain the cyclical arrangement of molecules that are typically found in this system.</AbstractNarration>
    <MinAmdLetterDate>04/25/2000</MinAmdLetterDate>
    <MaxAmdLetterDate>12/20/2002</MaxAmdLetterDate>
    <ARRAAmount/>
    <AwardID>0000096</AwardID>
    <Investigator>
      <FirstName>Robert</FirstName>
      <LastName>Gawley</LastName>
      <EmailAddress>bgawley@uark.edu</EmailAddress>
      <StartDate>04/25/2000</StartDate>
      <EndDate/>
      <RoleCode>Principal Investigator</RoleCode>
    </Investigator>
    <Institution>
      <Name>University of Miami</Name>
      <CityName>CORAL GABLES</CityName>
      <ZipCode>331462926</ZipCode>
      <PhoneNumber>3052843924</PhoneNumber>
      <StreetAddress>1320 S. Dixie Highway Suite 650</StreetAddress>
      <CountryName>United States</CountryName>
      <StateName>Florida</StateName>
      <StateCode>FL</StateCode>
    </Institution>
    <FoaInformation>
      <Code>0203000</Code>
      <Name>Health</Name>
    </FoaInformation>
    <ProgramElement>
      <Code>5980</Code>
      <Text>WESTERN EUROPE PROGRAM</Text>
    </ProgramElement>
    <ProgramReference>
      <Code>0000</Code>
      <Text>UNASSIGNED</Text>
    </ProgramReference>
    <ProgramReference>
      <Code>5946</Code>
      <Text>UNITED KINGDOM</Text>
    </ProgramReference>
    <ProgramReference>
      <Code>OTHR</Code>
      <Text>OTHER RESEARCH OR EDUCATION</Text>
    </ProgramReference>
  </Award>
</rootTag>
