<?xml version="1.0" encoding="UTF-8"?>

<rootTag>
  <Award>
    <AwardTitle>GEM: Source and Dynamics of the Radiation Belts Using Multisatellite Phase Space Density Synthesis</AwardTitle>
    <AwardEffectiveDate>08/01/2000</AwardEffectiveDate>
    <AwardExpirationDate>07/31/2003</AwardExpirationDate>
    <AwardAmount>30000</AwardAmount>
    <AwardInstrument>
      <Value>Interagency Agreement</Value>
    </AwardInstrument>
    <Organization>
      <Code>06020202</Code>
      <Directorate>
        <LongName>Directorate For Geosciences</LongName>
      </Directorate>
      <Division>
        <LongName>Div Atmospheric &amp; Geospace Sciences</LongName>
      </Division>
    </Organization>
    <ProgramOfficer>
      <SignBlockName>Kile B. Baker</SignBlockName>
    </ProgramOfficer>
    <AbstractNarration>The GEM meetings involve well defined campaigns that are coordinated by one or two scientists. The PI for this project is one of the coordinators for the GEM Inner Magnetosphere Radiation Belts campaign. This project will provide for the dissemination of information and planning activities for that campaign as well as providing travel money for the PI to attend the GEM meetings.</AbstractNarration>
    <MinAmdLetterDate>07/27/2000</MinAmdLetterDate>
    <MaxAmdLetterDate>07/27/2000</MaxAmdLetterDate>
    <ARRAAmount/>
    <AwardID>0000355</AwardID>
    <Investigator>
      <FirstName>Geoffrey</FirstName>
      <LastName>Reeves</LastName>
      <EmailAddress>reeves@lanl.gov</EmailAddress>
      <StartDate>07/27/2000</StartDate>
      <EndDate/>
      <RoleCode>Principal Investigator</RoleCode>
    </Investigator>
    <Institution>
      <Name>Department of Energy Albuquerque Operations Office</Name>
      <CityName>Albuquerque</CityName>
      <ZipCode>871150000</ZipCode>
      <PhoneNumber/>
      <StreetAddress>PENNSYLVANIA &amp; H ST SE</StreetAddress>
      <CountryName>United States</CountryName>
      <StateName>New Mexico</StateName>
      <StateCode>NM</StateCode>
    </Institution>
    <FoaInformation>
      <Code>0205000</Code>
      <Name>Space</Name>
    </FoaInformation>
  </Award>
</rootTag>
