<?xml version="1.0" encoding="UTF-8"?>

<rootTag>
  <Award>
    <AwardTitle>CEDAR: Collaborative All-Sky Measurement for CEDAR-TIMED Investigations of Small-Scale Gravity Wave Dynamics in the MLT Region</AwardTitle>
    <AwardEffectiveDate>07/01/2000</AwardEffectiveDate>
    <AwardExpirationDate>06/30/2005</AwardExpirationDate>
    <AwardAmount>250443</AwardAmount>
    <AwardInstrument>
      <Value>Continuing grant</Value>
    </AwardInstrument>
    <Organization>
      <Code>06020201</Code>
      <Directorate>
        <LongName>Directorate For Geosciences</LongName>
      </Directorate>
      <Division>
        <LongName>Div Atmospheric &amp; Geospace Sciences</LongName>
      </Division>
    </Organization>
    <ProgramOfficer>
      <SignBlockName>Robert B. Kerr</SignBlockName>
    </ProgramOfficer>
    <AbstractNarration>The primary goal of this program is to make measurements of small-scale gravity waves, their characteristics and seasonal variability with a view to ascertaining the momentum and energy transported into the MLT and associated chemical heating rates. This will be achieved by operating a "Latitudinal Chain" of stations consisting of three all-sky CCD imagers with overlapping fields of view each capable of quantitative measurements of nightglow wave structure. Located at three strategic mid-latitude sites in the Rocky Mountain area: Bear Lake Observatory (BLO), UT, Grand Junction, CO and Starfire Optical Range, NM, the PIs will be able to make composite field measurements of small-scale waves over a large geographic area (&gt;1,000,000km2) sufficient to permit frequent and meaningful comparisons with the TIMED limb viewing instruments. Measurements will be performed on a "continuous" basis (15 nights/month centered on the new moon) for the 2 year duration of the TIMED mission. During TIMED overflights TIDI will measure the mesospheric wind field above the latitudinal chain while SABER will observe the MLT temperatures and will sample the distribution of radiating species. In this manner the PIs will obtain coordinated measurements of small-scale waves for repeated TIMED overflights covering several seasons and local times. This chain will also "link" together proposed cluster measurements at Ft. Collins, BLO and Starfire thereby further enhancing the potential of coordinated measurements over this important source region.</AbstractNarration>
    <MinAmdLetterDate>07/13/2000</MinAmdLetterDate>
    <MaxAmdLetterDate>07/09/2004</MaxAmdLetterDate>
    <ARRAAmount/>
    <AwardID>0000959</AwardID>
    <Investigator>
      <FirstName>William</FirstName>
      <LastName>Pendleton</LastName>
      <EmailAddress/>
      <StartDate>07/13/2000</StartDate>
      <EndDate/>
      <RoleCode>Co-Principal Investigator</RoleCode>
    </Investigator>
    <Investigator>
      <FirstName>Michael</FirstName>
      <LastName>Taylor</LastName>
      <EmailAddress>mike.taylor@usu.edu</EmailAddress>
      <StartDate>07/13/2000</StartDate>
      <EndDate/>
      <RoleCode>Principal Investigator</RoleCode>
    </Investigator>
    <Institution>
      <Name>Utah State University Research Foundation</Name>
      <CityName>Logan</CityName>
      <ZipCode>843411947</ZipCode>
      <PhoneNumber>4357133060</PhoneNumber>
      <StreetAddress>1695 North Research Park Way</StreetAddress>
      <CountryName>United States</CountryName>
      <StateName>Utah</StateName>
      <StateCode>UT</StateCode>
    </Institution>
    <FoaInformation>
      <Code>0205000</Code>
      <Name>Space</Name>
    </FoaInformation>
  </Award>
</rootTag>
