<?xml version="1.0" encoding="UTF-8"?>

<rootTag>
  <Award>
    <AwardTitle>Theoretical Study of Heterogeneous Chemistry on Stratospheric and Tropospheric Sulfate Aerosols</AwardTitle>
    <AwardEffectiveDate>09/01/2000</AwardEffectiveDate>
    <AwardExpirationDate>07/31/2005</AwardExpirationDate>
    <AwardAmount>359999</AwardAmount>
    <AwardInstrument>
      <Value>Standard Grant</Value>
    </AwardInstrument>
    <Organization>
      <Code>06020104</Code>
      <Directorate>
        <LongName>Directorate For Geosciences</LongName>
      </Directorate>
      <Division>
        <LongName>Div Atmospheric &amp; Geospace Sciences</LongName>
      </Division>
    </Organization>
    <ProgramOfficer>
      <SignBlockName>Anne-Marie Schmoltner</SignBlockName>
    </ProgramOfficer>
    <AbstractNarration>This project will use theoretical chemistry methodology to investigate heterogeneous reactions on supercooled sulfuric acid atmospheric aerosols. Specifically, quantum chemical electronic structure calculations and molecular dynamics simulations in model systems designed to realistically mimic atmospheric environments will be used. The reactions to be studied will be those involving halogen and nitrate compounds that play a crucial role in stratospheric ozone depletion. Specifically, these include the hydrolysis of bromine nitrate (BrONO2) and N2O5 in the atmospherically relevant acidity range, the reactions of HOCl with HBr and HCl, and XONO2 + HY, with X, Y = Cl, Br.</AbstractNarration>
    <MinAmdLetterDate>09/01/2000</MinAmdLetterDate>
    <MaxAmdLetterDate>01/13/2005</MaxAmdLetterDate>
    <ARRAAmount/>
    <AwardID>0000542</AwardID>
    <Investigator>
      <FirstName>Roberto</FirstName>
      <LastName>Bianco</LastName>
      <EmailAddress>bianco@squire6.colorado.edu</EmailAddress>
      <StartDate>09/01/2000</StartDate>
      <EndDate/>
      <RoleCode>Co-Principal Investigator</RoleCode>
    </Investigator>
    <Investigator>
      <FirstName>James</FirstName>
      <LastName>Hynes</LastName>
      <EmailAddress>James.Hynes@colorado.edu</EmailAddress>
      <StartDate>09/01/2000</StartDate>
      <EndDate/>
      <RoleCode>Principal Investigator</RoleCode>
    </Investigator>
    <Institution>
      <Name>University of Colorado at Boulder</Name>
      <CityName>Boulder</CityName>
      <ZipCode>803031058</ZipCode>
      <PhoneNumber>3034926221</PhoneNumber>
      <StreetAddress>3100 Marine Street, Room 481</StreetAddress>
      <CountryName>United States</CountryName>
      <StateName>Colorado</StateName>
      <StateCode>CO</StateCode>
    </Institution>
    <FoaInformation>
      <Code>0000099</Code>
      <Name>Other Applications NEC</Name>
    </FoaInformation>
    <ProgramElement>
      <Code>1524</Code>
      <Text>ATMOSPHERIC CHEMISTRY</Text>
    </ProgramElement>
    <ProgramReference>
      <Code>0000</Code>
      <Text>UNASSIGNED</Text>
    </ProgramReference>
    <ProgramReference>
      <Code>OTHR</Code>
      <Text>OTHER RESEARCH OR EDUCATION</Text>
    </ProgramReference>
  </Award>
</rootTag>
