<?xml version="1.0" encoding="UTF-8"?>

<rootTag>
  <Award>
    <AwardTitle>SGER: Sequence Stratigraphic Architecture of a Middle Orodovician Carbon Isotope Excursion</AwardTitle>
    <AwardEffectiveDate>05/15/2000</AwardEffectiveDate>
    <AwardExpirationDate>04/30/2002</AwardExpirationDate>
    <AwardAmount>30469</AwardAmount>
    <AwardInstrument>
      <Value>Standard Grant</Value>
    </AwardInstrument>
    <Organization>
      <Code>06030101</Code>
      <Directorate>
        <LongName>Directorate For Geosciences</LongName>
      </Directorate>
      <Division>
        <LongName>Division Of Earth Sciences</LongName>
      </Division>
    </Organization>
    <ProgramOfficer>
      <SignBlockName>John A. Philpotts</SignBlockName>
    </ProgramOfficer>
    <AbstractNarration>Sequence Stratigraphic Architecture of a Middle Ordovician Carbon Isotope Excursion&lt;br/&gt;&lt;br/&gt;Gregory Ludvigson&lt;br/&gt;&lt;br/&gt;EAR- 0000741&lt;br/&gt;&lt;br/&gt;A late Middle Ordovician (453 million year-old) shift in the stable carbon isotopic ratios (13C/12C) of sedimentary carbonate rock strata in the mid-continent United States has now been identified in time-equivalent rocks in Pennsylvania and Estonia. Recent research results suggest that expression of this geochemical event was global in extent, and recorded a short-term decrease in the concentration of atmospheric CO2. This event is related to an increase in the rate of burial of marine organic matter that resulted from short-term paleoceanographic changes. Published depositional interpretations of the rock strata in which the carbon isotope shift was originally discovered in Iowa suggest that this time interval was characterized by non-deposition in more offshore settings over much of the eastern United States. However, this idea has never actually been tested regionally with carbon isotope profiles of rock stratigraphic sections. New studies of time-equivalent nearshore green calcareous shales in northwest Iowa show that the carbon isotope shift is also present in these rock strata, and suggest that this geochemical event might have applications for tracing this particular interval of geologic time across geographic boundaries separating major sedimentary rock types.&lt;br/&gt;The aims of this project are to: 1) develop stratigraphic profiles of the 13C/12C ratios of the mineral calcite (CaCO3) in the Decorah Formation and overlying/underlying rock strata from six drillcores along a transect perpendicular to the ancient Ordovician shoreline, extending from southeast Minnesota through eastern Iowa into central Illinois; 2) develop matching stratigraphic profiles measuring the amount of organic carbon contained in these rocks; and 3) develop profiles of the 13C/12C ratios of organic matter in a selected subset of those drillcores. The larger scientific goals of the project are to test the idea that the carbon isotope excursion interval was characterized by non-deposition in much of the eastern United States, and to further test ideas on the causes of the excursion event.&lt;br/&gt;&lt;br/&gt;&lt;br/&gt;The aims of this project are to: 1) develop stratigraphic profiles of the 13C/12C ratios of the mineral calcite (CaCO3) in the Decorah Formation and overlying/underlying rock strata from six drillcores along a transect perpendicular to the ancient Ordovician shoreline, extending from southeast Minnesota through eastern Iowa into central Illinois; 2) develop matching stratigraphic profiles measuring the amount of organic carbon contained in these rocks; and 3) develop profiles of the 13C/12C ratios of organic matter in a selected subset of those drillcores. The larger scientific goals of the project are to test the idea that the carbon isotope excursion interval was characterized by non-deposition in much of the eastern United States, and to further test ideas on the causes of the excursion event.</AbstractNarration>
    <MinAmdLetterDate>06/06/2000</MinAmdLetterDate>
    <MaxAmdLetterDate>06/06/2000</MaxAmdLetterDate>
    <ARRAAmount/>
    <AwardID>0000741</AwardID>
    <Investigator>
      <FirstName>Luis</FirstName>
      <LastName>Gonzalez</LastName>
      <EmailAddress>lgonzlez@ku.edu</EmailAddress>
      <StartDate>06/06/2000</StartDate>
      <EndDate/>
      <RoleCode>Co-Principal Investigator</RoleCode>
    </Investigator>
    <Investigator>
      <FirstName>Scott</FirstName>
      <LastName>Carpenter</LastName>
      <EmailAddress>scott-j-carpenter@uiowa.edu</EmailAddress>
      <StartDate>06/06/2000</StartDate>
      <EndDate/>
      <RoleCode>Co-Principal Investigator</RoleCode>
    </Investigator>
    <Investigator>
      <FirstName>Brian</FirstName>
      <LastName>Witzke</LastName>
      <EmailAddress>bwitzke@gsbth-po.igsb.uiowa.edu</EmailAddress>
      <StartDate>06/06/2000</StartDate>
      <EndDate/>
      <RoleCode>Co-Principal Investigator</RoleCode>
    </Investigator>
    <Investigator>
      <FirstName>Greg</FirstName>
      <LastName>Ludvigson</LastName>
      <EmailAddress>gludvigson@kgs.ku.edu</EmailAddress>
      <StartDate>06/06/2000</StartDate>
      <EndDate/>
      <RoleCode>Principal Investigator</RoleCode>
    </Investigator>
    <Institution>
      <Name>University of Iowa</Name>
      <CityName>IOWA CITY</CityName>
      <ZipCode>522421320</ZipCode>
      <PhoneNumber>3193352123</PhoneNumber>
      <StreetAddress>2 GILMORE HALL</StreetAddress>
      <CountryName>United States</CountryName>
      <StateName>Iowa</StateName>
      <StateCode>IA</StateCode>
    </Institution>
    <FoaInformation>
      <Code>0000099</Code>
      <Name>Other Applications NEC</Name>
    </FoaInformation>
  </Award>
</rootTag>
