<?xml version="1.0" encoding="UTF-8"?>

<rootTag>
  <Award>
    <AwardTitle>Spaceship Earth: Probing the Solar Wind with Cosmic Rays</AwardTitle>
    <AwardEffectiveDate>09/15/2000</AwardEffectiveDate>
    <AwardExpirationDate>08/31/2006</AwardExpirationDate>
    <AwardAmount>2739140</AwardAmount>
    <AwardInstrument>
      <Value>Continuing grant</Value>
    </AwardInstrument>
    <Organization>
      <Code>06020203</Code>
      <Directorate>
        <LongName>Directorate For Geosciences</LongName>
      </Directorate>
      <Division>
        <LongName>Div Atmospheric &amp; Geospace Sciences</LongName>
      </Division>
    </Organization>
    <ProgramOfficer>
      <SignBlockName>Paul Bellaire</SignBlockName>
    </ProgramOfficer>
    <AbstractNarration>ATM0000315abs&lt;br/&gt;&lt;br/&gt;The investigators will continue operation of a neutron monitor network comprising nine stationary monitors and two transportable ship-borne monitors. A neutron monitor is an instrument that measures the number of high energy particles impacting Earth from space. These particles, mostly protons and helium nuclei, are called cosmic rays. Data from the neutron monitors will be employed together with data from spacecraft and other ground-based instruments in a broad range of investigations of cosmic rays in relation to the sun and solar wind. Specific science objectives include the study of acceleration and transport of solar energetic particles, the scattering of cosmic rays in the solar wind, and the use of cosmic rya observations for space weather forecasting. The project includes education and public outreach through the development of a web site and scientific collaboration with the U. S. Air Force Academy and Russian scientists. The distribution of stations around the globe, particularly in the polar regions, are essential for determining the distribution of cosmic rays in space. The use of this network to study cosmic rays inspires the name of the project: Spaceship Earth.</AbstractNarration>
    <MinAmdLetterDate>09/25/2000</MinAmdLetterDate>
    <MaxAmdLetterDate>09/08/2005</MaxAmdLetterDate>
    <ARRAAmount/>
    <AwardID>0000315</AwardID>
    <Investigator>
      <FirstName>Evelyn</FirstName>
      <LastName>Patterson</LastName>
      <EmailAddress>evelyn.patterson@usafa.af.mil</EmailAddress>
      <StartDate>09/25/2000</StartDate>
      <EndDate/>
      <RoleCode>Co-Principal Investigator</RoleCode>
    </Investigator>
    <Investigator>
      <FirstName>William</FirstName>
      <LastName>Matthaeus</LastName>
      <EmailAddress>whm@udel.edu</EmailAddress>
      <StartDate>09/25/2000</StartDate>
      <EndDate/>
      <RoleCode>Co-Principal Investigator</RoleCode>
    </Investigator>
    <Investigator>
      <FirstName>John</FirstName>
      <LastName>Bieber</LastName>
      <EmailAddress>jwbieber@bartol.udel.edu</EmailAddress>
      <StartDate>09/25/2000</StartDate>
      <EndDate/>
      <RoleCode>Principal Investigator</RoleCode>
    </Investigator>
    <Investigator>
      <FirstName>Roger</FirstName>
      <LastName>Pyle</LastName>
      <EmailAddress>pyle@bartol.udel.edu</EmailAddress>
      <StartDate>09/25/2000</StartDate>
      <EndDate/>
      <RoleCode>Co-Principal Investigator</RoleCode>
    </Investigator>
    <Institution>
      <Name>University of Delaware</Name>
      <CityName>Newark</CityName>
      <ZipCode>197162553</ZipCode>
      <PhoneNumber>3028312136</PhoneNumber>
      <StreetAddress>210 Hullihen Hall</StreetAddress>
      <CountryName>United States</CountryName>
      <StateName>Delaware</StateName>
      <StateCode>DE</StateCode>
    </Institution>
    <FoaInformation>
      <Code>0205000</Code>
      <Name>Space</Name>
    </FoaInformation>
  </Award>
</rootTag>
