<?xml version="1.0" encoding="UTF-8"?>

<rootTag>
  <Award>
    <AwardTitle>Parameterized Computation and Applications</AwardTitle>
    <AwardEffectiveDate>09/01/2000</AwardEffectiveDate>
    <AwardExpirationDate>08/31/2004</AwardExpirationDate>
    <AwardAmount>167849</AwardAmount>
    <AwardInstrument>
      <Value>Standard Grant</Value>
    </AwardInstrument>
    <Organization>
      <Code>05010100</Code>
      <Directorate>
        <LongName>Direct For Computer &amp; Info Scie &amp; Enginr</LongName>
      </Directorate>
      <Division>
        <LongName>Division of Computing and Communication Foundations</LongName>
      </Division>
    </Organization>
    <ProgramOfficer>
      <SignBlockName>David Du</SignBlockName>
    </ProgramOfficer>
    <AbstractNarration>The definitions of P and NP are based on polynomial time computations. It has been a long-time concern whether one should call a problem with computational complexity Q (n100) 'tractable". A commonly accepted explanation is that in practice most problems in P in fact can be solved in time O(n3) or better. However, recent research has shown that some very important practical problems seem to require algorithms whose complexity is bounded only by very high degree polynomials. &lt;br/&gt;&lt;br/&gt;On the other hand, there are many NP-hard problems, described in a parameterized version, for which it is desired to construct the precise solutions deterministically, while a wide range of applications is only interested in solving these problems with a small or moderate value for the parameters. The point is how to take advantage of this fact and develop most efficient algorithms for these intractable problems in practice.&lt;br/&gt;&lt;br/&gt;The research studies the refinement of the classification of tractability and intractability, based on the recently developed theory of parameterized complexity, with the aim of identifying "impractical" polynomial time algorithms and "efficient" exponential time algorithms for practical problems. The following specific issues in algorithm theory are investigated:&lt;br/&gt;&lt;br/&gt;developing efficient parameterized algorithms for intractable problems. This includes two steps: identifying fixed-parameter tractable problems, and development of most efficient parameterized algorithms for the problems.&lt;br/&gt;&lt;br/&gt;identifying "hard" polynomial time solvable problems, based on the framework of the W[1]-hardness. Problems from other practice will also be studied based on this framework.&lt;br/&gt;&lt;br/&gt;investigating the relationship between parameterized complexity and approximability. Parameterized complexity suggests new techniques for proving non-approximability for certain optimization problems that may otherwise be not easy or even impossible based on classical complexity theory.</AbstractNarration>
    <MinAmdLetterDate>09/08/2000</MinAmdLetterDate>
    <MaxAmdLetterDate>09/08/2000</MaxAmdLetterDate>
    <ARRAAmount/>
    <AwardID>0000206</AwardID>
    <Investigator>
      <FirstName>Jianer</FirstName>
      <LastName>Chen</LastName>
      <EmailAddress>chen@cs.tamu.edu</EmailAddress>
      <StartDate>09/08/2000</StartDate>
      <EndDate/>
      <RoleCode>Principal Investigator</RoleCode>
    </Investigator>
    <Institution>
      <Name>Texas A&amp;M Engineering Experiment Station</Name>
      <CityName>College Station</CityName>
      <ZipCode>778454645</ZipCode>
      <PhoneNumber>9798477635</PhoneNumber>
      <StreetAddress>TEES State Headquarters Bldg.</StreetAddress>
      <CountryName>United States</CountryName>
      <StateName>Texas</StateName>
      <StateCode>TX</StateCode>
    </Institution>
    <ProgramElement>
      <Code>2860</Code>
      <Text>THEORY OF COMPUTING</Text>
    </ProgramElement>
    <ProgramReference>
      <Code>9216</Code>
      <Text>ADVANCED SOFTWARE TECH &amp; ALGOR</Text>
    </ProgramReference>
    <ProgramReference>
      <Code>HPCC</Code>
      <Text>HIGH PERFORMANCE COMPUTING &amp; COMM</Text>
    </ProgramReference>
  </Award>
</rootTag>
