<?xml version="1.0" encoding="UTF-8"?>

<rootTag>
  <Award>
    <AwardTitle>NEP GLOBEC: Mesoscale Euphausiid and Hake Distribution in the CCS and Their Relationship to Environmental Conditioning</AwardTitle>
    <AwardEffectiveDate>04/01/2000</AwardEffectiveDate>
    <AwardExpirationDate>09/30/2006</AwardExpirationDate>
    <AwardAmount>520740</AwardAmount>
    <AwardInstrument>
      <Value>Standard Grant</Value>
    </AwardInstrument>
    <Organization>
      <Code>06040301</Code>
      <Directorate>
        <LongName>Directorate For Geosciences</LongName>
      </Directorate>
      <Division>
        <LongName>Division Of Ocean Sciences</LongName>
      </Division>
    </Organization>
    <ProgramOfficer>
      <SignBlockName>Phillip R. Taylor</SignBlockName>
    </ProgramOfficer>
    <AbstractNarration>This project addresses the Retrospective aspect of the U.S. GLOBEC Announcement of Opportunity. The researchers will analyze acoustic and supporting hydrological and topographic data collected in summer 1995 and 1998 by the National Marine Fisheries Service with an eye to examining the spatial distribution of euphausiid patches and fish shoals as they relate to bottom topography, upwelling, current velocity, stratification and phytoplankton biomass. Additionally, the researchers will participate in and analyze data collected in 2001 in the same area (Monterey, CA, to Queen Charlotte Islands, B.C., Canada). &lt;br/&gt;&lt;br/&gt;The researchers will examine a series of hypotheses concerning the possible association of large euphausiid patches near the shelf break north of Cape Blanco, Oregon, with minimum alongshore and onshore-offshore currents, large phytoplankton biomass and upwelling-driven currents directed towards the shelf break. The scientists will also test hypotheses about the proximity of euphausiids with a major predator fish, Pacific whiting, and how it changes south to north of Cape Blanco, the possible enhancement of euphausiid density along the edges of submarine canyons, and the effect of El Nino on both euphausiid and whiting distribution and abundance. The analyzed data will form a baseline data set for use by ongoing and proposed GLOBEC monitoring and process studies.</AbstractNarration>
    <MinAmdLetterDate>03/29/2000</MinAmdLetterDate>
    <MaxAmdLetterDate>02/02/2006</MaxAmdLetterDate>
    <ARRAAmount/>
    <AwardID>0000735</AwardID>
    <Investigator>
      <FirstName>Barbara</FirstName>
      <LastName>Hickey</LastName>
      <EmailAddress>bhickey@u.washington.edu</EmailAddress>
      <StartDate>02/02/2006</StartDate>
      <EndDate/>
      <RoleCode>Principal Investigator</RoleCode>
    </Investigator>
    <Investigator>
      <FirstName>Gordon</FirstName>
      <LastName>Swartzman</LastName>
      <EmailAddress>gordie@apl.washington.edu</EmailAddress>
      <StartDate>03/29/2000</StartDate>
      <EndDate>04/25/2005</EndDate>
      <RoleCode>Former Principal Investigator</RoleCode>
    </Investigator>
    <Investigator>
      <FirstName>Barbara</FirstName>
      <LastName>Hickey</LastName>
      <EmailAddress>bhickey@u.washington.edu</EmailAddress>
      <StartDate>03/29/2000</StartDate>
      <EndDate>04/25/2005</EndDate>
      <RoleCode>Former Co-Principal Investigator</RoleCode>
    </Investigator>
    <Institution>
      <Name>University of Washington</Name>
      <CityName>Seattle</CityName>
      <ZipCode>981950001</ZipCode>
      <PhoneNumber>2065434043</PhoneNumber>
      <StreetAddress>4333 Brooklyn Ave NE</StreetAddress>
      <CountryName>United States</CountryName>
      <StateName>Washington</StateName>
      <StateCode>WA</StateCode>
    </Institution>
    <FoaInformation>
      <Code>0204000</Code>
      <Name>Oceanography</Name>
    </FoaInformation>
    <ProgramElement>
      <Code>1650</Code>
      <Text>BIOLOGICAL OCEANOGRAPHY</Text>
    </ProgramElement>
    <ProgramElement>
      <Code>5977</Code>
      <Text>AMERICAS PROGRAM</Text>
    </ProgramElement>
    <ProgramReference>
      <Code>1308</Code>
      <Text>GLOBAL OCEAN ECOSYSTEMS DYNAMICS</Text>
    </ProgramReference>
    <ProgramReference>
      <Code>4444</Code>
      <Text>INTERDISCIPLINARY PROPOSALS</Text>
    </ProgramReference>
    <ProgramReference>
      <Code>5926</Code>
      <Text>LATIN AMERICA, SDC</Text>
    </ProgramReference>
    <ProgramReference>
      <Code>EGCH</Code>
      <Text>ENVIRONMENT AND GLOBAL CHANGE</Text>
    </ProgramReference>
  </Award>
</rootTag>
