<?xml version="1.0" encoding="UTF-8"?>

<rootTag>
  <Award>
    <AwardTitle>U.S.- European Workshop: Three-Dimensional Modeling of Seismic Waves</AwardTitle>
    <AwardEffectiveDate>08/01/2000</AwardEffectiveDate>
    <AwardExpirationDate>07/31/2001</AwardExpirationDate>
    <AwardAmount>18000</AwardAmount>
    <AwardInstrument>
      <Value>Standard Grant</Value>
    </AwardInstrument>
    <Organization>
      <Code>01090000</Code>
      <Directorate>
        <LongName>Office Of The Director</LongName>
      </Directorate>
      <Division>
        <LongName>Office Of Internatl Science &amp;Engineering</LongName>
      </Division>
    </Organization>
    <ProgramOfficer>
      <SignBlockName>Jeanne E. Hudson</SignBlockName>
    </ProgramOfficer>
    <AbstractNarration>0000932&lt;br/&gt;Wu&lt;br/&gt;&lt;br/&gt;This one-year award will support US student participation in an international workshop, Three-Dimensional Modeling of Seismic Waves Generation, Propagation and Their Inversion, to take place at the International Centre for Theoretical Physics in Trieste, Italy, September 25 - October 6, 2000. The workshops will be sponsored by UNESCO, the Italian Ministry of Foreign Affairs, the Central European Initiative-Earth Sciences Committee, and the Kuwait Foundation for the Advancement of Sciences (KFAS). Leading seismologists will map the Earth's interior through tomography. The workshop provides a venue for students-lecturers interactions and for student interactions with students from developing countries and Eastern and Western Europe. Half of the lecturers are from European universities allowing American students to stay abreast of the development of 3-D imaging in Europe and to develop future professional contacts.</AbstractNarration>
    <MinAmdLetterDate>08/02/2000</MinAmdLetterDate>
    <MaxAmdLetterDate>08/02/2000</MaxAmdLetterDate>
    <ARRAAmount/>
    <AwardID>0000932</AwardID>
    <Investigator>
      <FirstName>Francis</FirstName>
      <LastName>Wu</LastName>
      <EmailAddress>wu@binghamton.edu</EmailAddress>
      <StartDate>08/02/2000</StartDate>
      <EndDate/>
      <RoleCode>Principal Investigator</RoleCode>
    </Investigator>
    <Institution>
      <Name>SUNY at Binghamton</Name>
      <CityName>BINGHAMTON</CityName>
      <ZipCode>139026000</ZipCode>
      <PhoneNumber>6077776136</PhoneNumber>
      <StreetAddress>4400 VESTAL PKWY E</StreetAddress>
      <CountryName>United States</CountryName>
      <StateName>New York</StateName>
      <StateCode>NY</StateCode>
    </Institution>
    <FoaInformation>
      <Code>0000099</Code>
      <Name>Other Applications NEC</Name>
    </FoaInformation>
  </Award>
</rootTag>
