<?xml version="1.0" encoding="UTF-8"?>

<rootTag>
  <Award>
    <AwardTitle>Shipboard Scientific Support Equipment 2000</AwardTitle>
    <AwardEffectiveDate>07/15/2000</AwardEffectiveDate>
    <AwardExpirationDate>06/30/2002</AwardExpirationDate>
    <AwardAmount>82496</AwardAmount>
    <AwardInstrument>
      <Value>Standard Grant</Value>
    </AwardInstrument>
    <Organization>
      <Code>06040100</Code>
      <Directorate>
        <LongName>Directorate For Geosciences</LongName>
      </Directorate>
      <Division>
        <LongName>Division Of Ocean Sciences</LongName>
      </Division>
    </Organization>
    <ProgramOfficer>
      <SignBlockName>Emma R. Dieter</SignBlockName>
    </ProgramOfficer>
    <AbstractNarration>0000990 &lt;br/&gt;McDuff, Russell E.&lt;br/&gt;&lt;br/&gt;This project will supply shipboard scientific support equipment for the research vessels Thomas G. Thompson and the Clifford A. Barnes operated by the University of Washington and dedicated to use in support of ocean science research. The Shipboard Scientific Support Equipment Program provides funds for ship equipment deemed essential to the proper and safe conduct of ocean science research. This Program provides support for such items as deck equipment including winch systems for the deployment and retrieval of scientific instruments, navigational equipment such as radars, gyroscopes and earth satellite receivers to pin point the location of research sites, communication equipment including radio transceivers and satellite transceivers for voice and scientific data communications and other equipment such as motorized workboats for transporting scientists to and from data retrieval sites. The Project Director, Russell E. McDuff is fully qualified to direct this project having had considerable experience in overseeing the acquisition and installation of shipboard equipment. This project will allow the institution to acquire Fume Hood/Chemisty Isotope Van, Overhaul Hiab Crane, Remotely Operated Underwater Pelican Hook, Slip Rings, Shipboard Computers, and Deep Water Echo System. &lt;br/&gt;***</AbstractNarration>
    <MinAmdLetterDate>06/26/2000</MinAmdLetterDate>
    <MaxAmdLetterDate>06/26/2000</MaxAmdLetterDate>
    <ARRAAmount/>
    <AwardID>0000990</AwardID>
    <Investigator>
      <FirstName>Russell</FirstName>
      <LastName>McDuff</LastName>
      <EmailAddress>mcduff@ocean.washington.edu</EmailAddress>
      <StartDate>06/26/2000</StartDate>
      <EndDate/>
      <RoleCode>Principal Investigator</RoleCode>
    </Investigator>
    <Investigator>
      <FirstName>Daniel</FirstName>
      <LastName>Schwartz</LastName>
      <EmailAddress>schwartz@ocean.washington.edu</EmailAddress>
      <StartDate>06/26/2000</StartDate>
      <EndDate/>
      <RoleCode>Co-Principal Investigator</RoleCode>
    </Investigator>
    <Institution>
      <Name>University of Washington</Name>
      <CityName>Seattle</CityName>
      <ZipCode>981950001</ZipCode>
      <PhoneNumber>2065434043</PhoneNumber>
      <StreetAddress>4333 Brooklyn Ave NE</StreetAddress>
      <CountryName>United States</CountryName>
      <StateName>Washington</StateName>
      <StateCode>WA</StateCode>
    </Institution>
    <FoaInformation>
      <Code>0204000</Code>
      <Name>Oceanography</Name>
    </FoaInformation>
    <ProgramElement>
      <Code>5416</Code>
      <Text>SHIPBOARD SCIENTIFIC SUPP EQUI</Text>
    </ProgramElement>
    <ProgramReference>
      <Code>0000</Code>
      <Text>UNASSIGNED</Text>
    </ProgramReference>
    <ProgramReference>
      <Code>OTHR</Code>
      <Text>OTHER RESEARCH OR EDUCATION</Text>
    </ProgramReference>
  </Award>
</rootTag>
