<?xml version="1.0" encoding="UTF-8"?>

<rootTag>
  <Award>
    <AwardTitle>International Research Fellow Award: Structural and Electrochemical Properties of Layered Lithium Manganese Derivatives Having the O2 Type Oxygen Stacking</AwardTitle>
    <AwardEffectiveDate>06/01/2000</AwardEffectiveDate>
    <AwardExpirationDate>08/31/2002</AwardExpirationDate>
    <AwardAmount>64244</AwardAmount>
    <AwardInstrument>
      <Value>Fellowship</Value>
    </AwardInstrument>
    <Organization>
      <Code>01090000</Code>
      <Directorate>
        <LongName>Office Of The Director</LongName>
      </Directorate>
      <Division>
        <LongName>Office Of Internatl Science &amp;Engineering</LongName>
      </Division>
    </Organization>
    <ProgramOfficer>
      <SignBlockName>Susan Parris</SignBlockName>
    </ProgramOfficer>
    <AbstractNarration>0000429&lt;br/&gt;Shao-Horn&lt;br/&gt;The International Research Fellow Awards Program enables U.S. scientists and engineers to conduct three to twenty-four months of research abroad. The program's awards provide opportunities for joint research, and the use of unique or complementary facilities, expertise and experimental conditions abroad.&lt;br/&gt;This award will provide Dr. Yang Shao-Horn with 24 months support to work with Dr. Claude Delmas, Head of the Solid State Ionics Group at the Institute of Condensed Matter Chemistry (ICMCB) in Bordeaux, France. This project is co-funded by NSF's Directorate for Mathematical and Physical Sciences' Office of Multidisciplinary Activities.&lt;br/&gt;This project will study structural and electrochemical properties of layered lithium manganese derivatives having the O2 type oxygen stacking. The aim is to determine and improve the electrochemical behavior of novel layered lithium manganese derivatives with the O2 type structure as the positive electrode in lithium rechargeable cells.&lt;br/&gt;Dr. Delmas has extensive knowledge in intercalation chemistry of layered compounds. ICMCB is one of the largest public research labs in the world involved in solid state chemistry and materials science. It is supported by approximately 200 researchers and supporting staff, with state of the art facilities in solid state chemistry and materials science.</AbstractNarration>
    <MinAmdLetterDate>06/16/2000</MinAmdLetterDate>
    <MaxAmdLetterDate>06/16/2000</MaxAmdLetterDate>
    <ARRAAmount/>
    <AwardID>0000429</AwardID>
    <Investigator>
      <FirstName>Yang</FirstName>
      <LastName>Shao-Horn</LastName>
      <EmailAddress/>
      <StartDate>06/16/2000</StartDate>
      <EndDate/>
      <RoleCode>Principal Investigator</RoleCode>
    </Investigator>
    <Institution>
      <Name>Shao-Horn, Yang</Name>
      <CityName>Arlington</CityName>
      <ZipCode>22230</ZipCode>
      <PhoneNumber/>
      <StreetAddress/>
      <CountryName>United States</CountryName>
      <StateName>Virginia</StateName>
      <StateCode>VA</StateCode>
    </Institution>
    <FoaInformation>
      <Code>0106000</Code>
      <Name>Materials Research</Name>
    </FoaInformation>
    <FoaInformation>
      <Code>0510304</Code>
      <Name>Electron &amp; Energy Sources</Name>
    </FoaInformation>
  </Award>
</rootTag>
