<?xml version="1.0" encoding="UTF-8"?>

<rootTag>
  <Award>
    <AwardTitle>Washington Baltimore Hampton Roads Alliance for Minority Participation (WBHR-AMP)</AwardTitle>
    <AwardEffectiveDate>11/01/2000</AwardEffectiveDate>
    <AwardExpirationDate>10/31/2006</AwardExpirationDate>
    <AwardAmount>5024724</AwardAmount>
    <AwardInstrument>
      <Value>Cooperative Agreement</Value>
    </AwardInstrument>
    <Organization>
      <Code>11060300</Code>
      <Directorate>
        <LongName>Direct For Education and Human Resources</LongName>
      </Directorate>
      <Division>
        <LongName>Division Of Human Resource Development</LongName>
      </Division>
    </Organization>
    <ProgramOfficer>
      <SignBlockName>Dr. A. James Hicks</SignBlockName>
    </ProgramOfficer>
    <AbstractNarration>The expanded Washington Baltimore Hampton Roads Alliance for Minority Participation (WBHR-AMP) includes Howard University as the lead institution with Hampton University, Morgan State University, the University of the District of Columbia, Bowie State University, Norfolk State university and Virginia Sate University as partners. For Phase II, the administration has been completely restructured to ensure the involvement at the highest academic levels at all of the partner institutions. In addition, we intend to implement strategies that will emphasize retention, recruitment and tutoring throughout the undergraduate SEM programs rather than just at the initial year.&lt;br/&gt;&lt;br/&gt; The goals and objectives established for the expanded WBHR-AMP in Phase II are:&lt;br/&gt;&lt;br/&gt;To work closely with staff of existing programs such as EXCEL, HBCU initiatives, TRAGG, ONR, McNair Scholarship Program and institution-wide counseling and tutorial programs for freshmen/sophomore students in SEM areas to ensure that students are receiving good introductory course work and individualized counseling to successfully complete majors in SMET fields;&lt;br/&gt;&lt;br/&gt;To provide junior/senior level students at all of the participating institutions an opportunity to integrate research into their SEM curriculum by providing academic credit for their underrate research and ensure that they have an opportunity to work in a research environment through a semester/summer exchange during the academic semester at a level one research university, in industry and/or at national or governmental laboratories;&lt;br/&gt;&lt;br/&gt;To facilitate the transfer of SMET students from community colleges that have articulation agreements with institutions within the WBHR Alliance for summer/transfer enrichment programs, and ensure their successful completion of B.S. degrees in an SMET field;&lt;br/&gt;&lt;br/&gt;To provide mentoring workshops to SEM faculty and introduce all members to new pedagogy for teaching and mentoring students in SEM field by working closely with existing program sand implementing new initiatives; and&lt;br/&gt;&lt;br/&gt;To prepare prospective SEM graduates for graduate training in SEM fields by providing assistance and tutorials for Graduate Record Examinations, senior comprehensive examinations and seminars in research methodologies and instrumentation.&lt;br/&gt;&lt;br/&gt; The expected impact on SEM students is to graduate approximately 1600 B.S. level students per year in the next five years; actively recruit and retain at least 200 community college transfer students in undergraduate degree programs in SEM fields; and enroll approximately 300 SEM students per year in doctoral degree programs in SEM fields.</AbstractNarration>
    <MinAmdLetterDate>09/14/2000</MinAmdLetterDate>
    <MaxAmdLetterDate>04/24/2006</MaxAmdLetterDate>
    <ARRAAmount/>
    <AwardID>0000273</AwardID>
    <Investigator>
      <FirstName>Richard</FirstName>
      <LastName>English</LastName>
      <EmailAddress>renglish@howard.edu</EmailAddress>
      <StartDate>02/12/2004</StartDate>
      <EndDate/>
      <RoleCode>Principal Investigator</RoleCode>
    </Investigator>
    <Investigator>
      <FirstName>Don</FirstName>
      <LastName>Coleman</LastName>
      <EmailAddress>DMC@SCS.Howard.edu</EmailAddress>
      <StartDate>09/14/2000</StartDate>
      <EndDate>04/11/2002</EndDate>
      <RoleCode>Former Principal Investigator</RoleCode>
    </Investigator>
    <Investigator>
      <FirstName>Toy</FirstName>
      <LastName>Caldwell-Colbert</LastName>
      <EmailAddress>tcaldwell-colbert@centralstate.edu</EmailAddress>
      <StartDate>04/11/2002</StartDate>
      <EndDate>02/12/2004</EndDate>
      <RoleCode>Former Principal Investigator</RoleCode>
    </Investigator>
    <Institution>
      <Name>Howard University</Name>
      <CityName>Washington</CityName>
      <ZipCode>200599000</ZipCode>
      <PhoneNumber>2028064759</PhoneNumber>
      <StreetAddress>2400 Sixth Street N W</StreetAddress>
      <CountryName>United States</CountryName>
      <StateName>District of Columbia</StateName>
      <StateCode>DC</StateCode>
    </Institution>
    <ProgramElement>
      <Code>9133</Code>
      <Text>ALLIANCES-MINORITY PARTICIPAT.</Text>
    </ProgramElement>
    <ProgramReference>
      <Code>7204</Code>
      <Text>DoE-NSF LABORATORY FELLOWSHIPS</Text>
    </ProgramReference>
    <ProgramReference>
      <Code>9133</Code>
      <Text>ALLIANCES-MINORITY PARTICIPAT.</Text>
    </ProgramReference>
    <ProgramReference>
      <Code>9178</Code>
      <Text>UNDERGRADUATE EDUCATION</Text>
    </ProgramReference>
    <ProgramReference>
      <Code>SMET</Code>
      <Text>SCIENCE, MATH, ENG &amp; TECH EDUCATION</Text>
    </ProgramReference>
  </Award>
</rootTag>
