<?xml version="1.0" encoding="UTF-8"?>

<rootTag>
  <Award>
    <AwardTitle>Quantifying the Uncertainty in Times of Appearance and Disappearance in the Fossil Record: A Bayesian Approach</AwardTitle>
    <AwardEffectiveDate>01/01/2000</AwardEffectiveDate>
    <AwardExpirationDate>12/31/2004</AwardExpirationDate>
    <AwardAmount>218921</AwardAmount>
    <AwardInstrument>
      <Value>Continuing grant</Value>
    </AwardInstrument>
    <Organization>
      <Code>06030101</Code>
      <Directorate>
        <LongName>Directorate For Geosciences</LongName>
      </Directorate>
      <Division>
        <LongName>Division Of Earth Sciences</LongName>
      </Division>
    </Organization>
    <ProgramOfficer>
      <SignBlockName>H. Richard Lane</SignBlockName>
    </ProgramOfficer>
    <AbstractNarration>0000385&lt;br/&gt;Marshall&lt;br/&gt;&lt;br/&gt;The most powerful methods for quantifying the incompleteness of the fossil record in local sections are based on Strauss and Sadler's (1989) confidence interval approach. This family of methods (including the distribution-free and generalized methods of Marshall [1994, 1997]) assume that the section has been continuously sampled, and that fossils may be found essentially anywhere in the section. However, in most sections these assumptions are violated, either because only parts of the section have been (e.g., for core data), or can be, sampled, or because fossils are restricted to specific bedding planes, or narrow stratigraphic intervals. As an alternative, Weiss and Marshall (1999) developed a Bayesian approach for estimating the uncertainty in stratigraphic end points of taxa in local sections that have been sampled discretely. However, the method is based on some overly simple assumptions: that collecting intensity is equal at all sampled horizons; that species remain at the same relative abundance at all times; and, that the beds sampled have no vertical thickness. Further, our approach (like all others) does not make use of abundance data in the fossil record.&lt;br/&gt;&lt;br/&gt;Here we propose to develop the method presented in Weiss and Marshall (1999) into a series of more sophisticated methods that can accommodate the inhomogeneities typically seen in the fossil record, as well as take advantage of abundance data when it is recorded. Our ultimate goal is to provide a statistical "tool-kit" that can be broadly applied to a wide range of problems.</AbstractNarration>
    <MinAmdLetterDate>01/05/2000</MinAmdLetterDate>
    <MaxAmdLetterDate>04/24/2002</MaxAmdLetterDate>
    <ARRAAmount/>
    <AwardID>0000385</AwardID>
    <Investigator>
      <FirstName>Charles</FirstName>
      <LastName>Marshall</LastName>
      <EmailAddress>crmarshall@berkeley.edu</EmailAddress>
      <StartDate>01/05/2000</StartDate>
      <EndDate/>
      <RoleCode>Principal Investigator</RoleCode>
    </Investigator>
    <Institution>
      <Name>Harvard University</Name>
      <CityName>Cambridge</CityName>
      <ZipCode>021385366</ZipCode>
      <PhoneNumber>6174955501</PhoneNumber>
      <StreetAddress>1033 MASSACHUSETTS AVE</StreetAddress>
      <CountryName>United States</CountryName>
      <StateName>Massachusetts</StateName>
      <StateCode>MA</StateCode>
    </Institution>
    <FoaInformation>
      <Code>0000099</Code>
      <Name>Other Applications NEC</Name>
    </FoaInformation>
  </Award>
</rootTag>
