<?xml version="1.0" encoding="UTF-8"?>

<rootTag>
  <Award>
    <AwardTitle>Geospace Environment Modeling (GEM): Simulation Studies of Substorm Triggering Processes</AwardTitle>
    <AwardEffectiveDate>07/01/2000</AwardEffectiveDate>
    <AwardExpirationDate>06/30/2003</AwardExpirationDate>
    <AwardAmount>180000</AwardAmount>
    <AwardInstrument>
      <Value>Continuing grant</Value>
    </AwardInstrument>
    <Organization>
      <Code>06020202</Code>
      <Directorate>
        <LongName>Directorate For Geosciences</LongName>
      </Directorate>
      <Division>
        <LongName>Div Atmospheric &amp; Geospace Sciences</LongName>
      </Division>
    </Organization>
    <ProgramOfficer>
      <SignBlockName>Kile B. Baker</SignBlockName>
    </ProgramOfficer>
    <AbstractNarration>The investigators use magnetohydrodynamic (MHD) modeling to study the triggering of magnetic substorms and the response of the magnetosphere to changes in the interplanetary magnetic field (IMF). Specific areas of study include: the propagation of solar wind induced transients in the magnetosphere and their ionospheric signatures; magnetotail and plasma sheet configuration during substorm growth phase; the effects of solar wind transients on plasma sheet thinning; and the dynamics of the near Earth plasmasheet and magnetotail during changes in the IMF. The study will initially involve only model simulations. Later, the investigators will use solar wind inputs from actual substorm events. The studies are aimed at improving our understanding of geomagnetic substorms leading to an improved predictive capability.</AbstractNarration>
    <MinAmdLetterDate>06/21/2000</MinAmdLetterDate>
    <MaxAmdLetterDate>07/17/2002</MaxAmdLetterDate>
    <ARRAAmount/>
    <AwardID>0000251</AwardID>
    <Investigator>
      <FirstName>Joel</FirstName>
      <LastName>Fedder</LastName>
      <EmailAddress>fedder@ppdmail.nrl.navy.mil</EmailAddress>
      <StartDate>06/21/2000</StartDate>
      <EndDate/>
      <RoleCode>Principal Investigator</RoleCode>
    </Investigator>
    <Institution>
      <Name>George Mason University</Name>
      <CityName>FAIRFAX</CityName>
      <ZipCode>220304422</ZipCode>
      <PhoneNumber>7039932295</PhoneNumber>
      <StreetAddress>4400 UNIVERSITY DR</StreetAddress>
      <CountryName>United States</CountryName>
      <StateName>Virginia</StateName>
      <StateCode>VA</StateCode>
    </Institution>
    <FoaInformation>
      <Code>0205000</Code>
      <Name>Space</Name>
    </FoaInformation>
  </Award>
</rootTag>
