<?xml version="1.0" encoding="UTF-8"?>

<rootTag>
  <Award>
    <AwardTitle>On Deadlock-Avoidance, Livelock-Avoidance and Performance Improvements in Discrete Event Systems: A Collection of Open Problems</AwardTitle>
    <AwardEffectiveDate>09/01/2000</AwardEffectiveDate>
    <AwardExpirationDate>08/31/2005</AwardExpirationDate>
    <AwardAmount>183574</AwardAmount>
    <AwardInstrument>
      <Value>Standard Grant</Value>
    </AwardInstrument>
    <Organization>
      <Code>07010000</Code>
      <Directorate>
        <LongName>Directorate For Engineering</LongName>
      </Directorate>
      <Division>
        <LongName>Div Of Electrical, Commun &amp; Cyber Sys</LongName>
      </Division>
    </Organization>
    <ProgramOfficer>
      <SignBlockName>Radhakisan S. Baheti</SignBlockName>
    </ProgramOfficer>
    <AbstractNarration>In this proposal we consider a large class of discrete-state systems such as traffic networks, manufacturing systems, computer networks, distributed/parallel computing. A livelock in such systems is a situation when some process is unable to finish because its clients perpetually create more work for it to do after they have been serviced. This phenomenon is different from that of a deadlock where there is essentially no activity as each process is perpetually in a state of waiting, anticipating the release of resources that are held by other processes. The issue of deadlock- and livelock-avoidance is particularly important to the synthesis of protocols, routing, cache/memory management, computer operating systems, manufacturing systems, traffic management, operations management of large organizations, etc. In this proposal, we present a collection of open-problems in the synthesis of supervisory control policies that guarantee liveness (i.e. absence of deadlock and livelock) in Petri net (PN) models of the discrete-state systems described above. We also present some open-issues in the performance improvement of PN models that are deadlock- and livelock-free under supervision.</AbstractNarration>
    <MinAmdLetterDate>08/31/2000</MinAmdLetterDate>
    <MaxAmdLetterDate>08/31/2000</MaxAmdLetterDate>
    <ARRAAmount/>
    <AwardID>0000938</AwardID>
    <Investigator>
      <FirstName>Ramavarapu</FirstName>
      <LastName>Sreenivas</LastName>
      <EmailAddress>rsree@illinois.edu</EmailAddress>
      <StartDate>08/31/2000</StartDate>
      <EndDate/>
      <RoleCode>Principal Investigator</RoleCode>
    </Investigator>
    <Institution>
      <Name>University of Illinois at Urbana-Champaign</Name>
      <CityName>CHAMPAIGN</CityName>
      <ZipCode>618207473</ZipCode>
      <PhoneNumber>2173332187</PhoneNumber>
      <StreetAddress>SUITE A</StreetAddress>
      <CountryName>United States</CountryName>
      <StateName>Illinois</StateName>
      <StateCode>IL</StateCode>
    </Institution>
    <FoaInformation>
      <Code>0206000</Code>
      <Name>Telecommunications</Name>
    </FoaInformation>
    <ProgramElement>
      <Code>1518</Code>
      <Text>CONTROL, NETWORKS, &amp; COMP INTE</Text>
    </ProgramElement>
    <ProgramReference>
      <Code>0000</Code>
      <Text>UNASSIGNED</Text>
    </ProgramReference>
    <ProgramReference>
      <Code>OTHR</Code>
      <Text>OTHER RESEARCH OR EDUCATION</Text>
    </ProgramReference>
  </Award>
</rootTag>
