<?xml version="1.0" encoding="UTF-8"?>

<rootTag>
  <Award>
    <AwardTitle>Modeling of High Speed Machining of Difficult-to-Machine Materials</AwardTitle>
    <AwardEffectiveDate>06/15/2000</AwardEffectiveDate>
    <AwardExpirationDate>05/31/2005</AwardExpirationDate>
    <AwardAmount>262000</AwardAmount>
    <AwardInstrument>
      <Value>Continuing grant</Value>
    </AwardInstrument>
    <Organization>
      <Code>07030000</Code>
      <Directorate>
        <LongName>Directorate For Engineering</LongName>
      </Directorate>
      <Division>
        <LongName>Div Of Civil, Mechanical, &amp; Manufact Inn</LongName>
      </Division>
    </Organization>
    <ProgramOfficer>
      <SignBlockName>George A. Hazelrigg</SignBlockName>
    </ProgramOfficer>
    <AbstractNarration>This grant provides funding for the development of an analytical model and experimental verification of high-speed machining (HSM) of different workmaterials. In specific, thermal modeling of shear localization in HSM will be conducted using different difficult-to-machine materials, such as titanium alloys, nickel-based superalloys, and hardened steels taking into account various heat sources (primary, preheating, and image) using the classical Jeager's stationary and moving heat source models. The onset of shear localization will be predicted based on thermo-mechanical shear instability of different workmaterials. Depending on the thermo-mechanical properties of the workmaterial and the cutting conditions, the cutting speed for the onset of shear instability will be determined. In addition to the conventional machine tools, such as a precision lathe and an NC milling machine, a high-speed spindle (Bryant) (50,000 rpm, 50 hp) will be used for conducting the high-speed machining tests. Attempts will be made to measure the temperature generated in machining under shear localized conditions using either advanced thermally sensitive paints and optical infrared techniques.&lt;br/&gt;&lt;br/&gt;Some of the difficult-to-machine materials including titanium alloys, nickel-base superalloys, and hardened steels are challenging materials in the aerospace and aircraft industries. New tool materials and tool geometries are being specifically developed to dramatically increase the productivity in machining. Fundamental knowledge on the nature of chip formation process, forces, energy consumed, tool wear can provide the basis for the implementation of this technology in industry. The PIs would interact with tool manufacturers as well as aircraft and automobile industries on this technology Development of infrastructure and training of qualified graduate and undergraduate students (including the U.S. - born , women, and minorities) can provide the human resources necessary for advancing manufactuirng technologies in the U.S. industry.</AbstractNarration>
    <MinAmdLetterDate>06/09/2000</MinAmdLetterDate>
    <MaxAmdLetterDate>03/29/2002</MaxAmdLetterDate>
    <ARRAAmount/>
    <AwardID>0000079</AwardID>
    <Investigator>
      <FirstName>Ranga</FirstName>
      <LastName>Komanduri</LastName>
      <EmailAddress/>
      <StartDate>06/09/2000</StartDate>
      <EndDate/>
      <RoleCode>Principal Investigator</RoleCode>
    </Investigator>
    <Investigator>
      <FirstName>Zhen Bing</FirstName>
      <LastName>Hou</LastName>
      <EmailAddress>hou@master.ceat.okstate.edu</EmailAddress>
      <StartDate>06/09/2000</StartDate>
      <EndDate/>
      <RoleCode>Co-Principal Investigator</RoleCode>
    </Investigator>
    <Institution>
      <Name>Oklahoma State University</Name>
      <CityName>Stillwater</CityName>
      <ZipCode>740781011</ZipCode>
      <PhoneNumber>4057449995</PhoneNumber>
      <StreetAddress>101 WHITEHURST HALL</StreetAddress>
      <CountryName>United States</CountryName>
      <StateName>Oklahoma</StateName>
      <StateCode>OK</StateCode>
    </Institution>
    <FoaInformation>
      <Code>0308000</Code>
      <Name>Industrial Technology</Name>
    </FoaInformation>
    <ProgramElement>
      <Code>1468</Code>
      <Text>Manufacturing Machines &amp; Equip</Text>
    </ProgramElement>
    <ProgramReference>
      <Code>9146</Code>
      <Text>MANUFACTURING BASE RESEARCH</Text>
    </ProgramReference>
    <ProgramReference>
      <Code>9178</Code>
      <Text>UNDERGRADUATE EDUCATION</Text>
    </ProgramReference>
    <ProgramReference>
      <Code>9251</Code>
      <Text>RES EXPER FOR UNDERGRAD-SUPPLT</Text>
    </ProgramReference>
    <ProgramReference>
      <Code>MANU</Code>
      <Text>MANUFACTURING</Text>
    </ProgramReference>
  </Award>
</rootTag>
