<?xml version="1.0" encoding="UTF-8"?>

<rootTag>
  <Award>
    <AwardTitle>Testing the J1 Cusp and Supposed Association with Normal Polarity Massive Flood Basalts in the Hartford Basin</AwardTitle>
    <AwardEffectiveDate>07/01/2000</AwardEffectiveDate>
    <AwardExpirationDate>06/30/2002</AwardExpirationDate>
    <AwardAmount>105365</AwardAmount>
    <AwardInstrument>
      <Value>Standard Grant</Value>
    </AwardInstrument>
    <Organization>
      <Code>06030103</Code>
      <Directorate>
        <LongName>Directorate For Geosciences</LongName>
      </Directorate>
      <Division>
        <LongName>Division Of Earth Sciences</LongName>
      </Division>
    </Organization>
    <ProgramOfficer>
      <SignBlockName>Arthur G. Goldstein</SignBlockName>
    </ProgramOfficer>
    <AbstractNarration>0000922&lt;br/&gt;Kent&lt;br/&gt;The record of paleopole positions assembled from paleomagnetic data indicate an abrupt change in directions of plate motion near the Triassic/Jurassic boundary. This is a renewal of a project to more accurately document the early Jurassic pole position in the Hartford Basin and attempt to locate the J1 cusp. Results have significance to understanding plate geometry, plate interactions and Jurassic flood basalt eruptions coeval with the J1 cusp.</AbstractNarration>
    <MinAmdLetterDate>06/07/2000</MinAmdLetterDate>
    <MaxAmdLetterDate>06/07/2000</MaxAmdLetterDate>
    <ARRAAmount/>
    <AwardID>0000922</AwardID>
    <Investigator>
      <FirstName>Dennis</FirstName>
      <LastName>Kent</LastName>
      <EmailAddress>dvk@ldeo.columbia.edu</EmailAddress>
      <StartDate>06/07/2000</StartDate>
      <EndDate/>
      <RoleCode>Principal Investigator</RoleCode>
    </Investigator>
    <Investigator>
      <FirstName>Paul</FirstName>
      <LastName>Olsen</LastName>
      <EmailAddress>polsen@ldeo.columbia.edu</EmailAddress>
      <StartDate>06/07/2000</StartDate>
      <EndDate/>
      <RoleCode>Co-Principal Investigator</RoleCode>
    </Investigator>
    <Institution>
      <Name>Columbia University</Name>
      <CityName>NEW YORK</CityName>
      <ZipCode>100276902</ZipCode>
      <PhoneNumber>2128546851</PhoneNumber>
      <StreetAddress>2960 Broadway</StreetAddress>
      <CountryName>United States</CountryName>
      <StateName>New York</StateName>
      <StateCode>NY</StateCode>
    </Institution>
    <FoaInformation>
      <Code>0000099</Code>
      <Name>Other Applications NEC</Name>
    </FoaInformation>
    <ProgramElement>
      <Code>1572</Code>
      <Text>TECTONICS</Text>
    </ProgramElement>
    <ProgramReference>
      <Code>0000</Code>
      <Text>UNASSIGNED</Text>
    </ProgramReference>
    <ProgramReference>
      <Code>OTHR</Code>
      <Text>OTHER RESEARCH OR EDUCATION</Text>
    </ProgramReference>
  </Award>
</rootTag>
