<?xml version="1.0" encoding="UTF-8"?>

<rootTag>
  <Award>
    <AwardTitle>Promoting Applications of R&amp;D to Improve State-level Decision-making for Systemic Reform, Teacher Improvement and Uses of Advanced Technologies.</AwardTitle>
    <AwardEffectiveDate>01/15/2000</AwardEffectiveDate>
    <AwardExpirationDate>08/31/2000</AwardExpirationDate>
    <AwardAmount>76360</AwardAmount>
    <AwardInstrument>
      <Value>Standard Grant</Value>
    </AwardInstrument>
    <Organization>
      <Code>11090000</Code>
      <Directorate>
        <LongName>Direct For Education and Human Resources</LongName>
      </Directorate>
      <Division>
        <LongName>Division Of Research On Learning</LongName>
      </Division>
    </Organization>
    <ProgramOfficer>
      <SignBlockName>Nora Sabelli</SignBlockName>
    </ProgramOfficer>
    <AbstractNarration>The State Leadership Center (SLC) is proposing a collaborative venture with the National Science Foundation (NSF) in an effort to foster the use of research and to support state policies and programs aiming to advance systemic educational reform and improvement. Working with a team of state educational technology directors and a team of highly-qualified researchers, the SLC will prepare five commissioned papers on various aspects on what is known about preparing teachers to use modern telecommunications technologies for achieving standards-based educational reform. The authors of these papers will have the opportunity to discuss their findings in panel discussions during the State Educational Technology Leadership Conference in Washington, DC in January. Following the conference, the papers will be published along with an overview and distributed widely to state educational policymakers and program administrators. &lt;br/&gt;&lt;br/&gt;The SLC presently works will all states involved in the processes of changing and upgrading performance standards for teachers. Recent reports from states indicate that virtually all states are attempting to broaden and deepen the disciplinary and pedagogical knowledge of teachers, improving their ability to deliver more challenging and difficult courses of instruction, particularly, courses in science, mathematics, and technology that are available to all students. Recent reviews of the states' five-year plans [developed in response to the Goals 2000 and Technology Literacy Challenge Fund requirements] attest to the fact that states recognize the integration of technology as a critical element for achieving higher performance standards. However, state officials need better and research-based information on what is being learned about effective statewide practices and investment strategies. State policymakers want to know what legislative mandates, regulatory requirements and administrative directives are most likely to stimulate institutional reform and renewal. As advanced telecommunications infrastructures emerge and as virtually all schools and classrooms are "wired," state officials increasingly are directing their attention to human resource issues. &lt;br/&gt;&lt;br/&gt;By concentrating on policies and programs relating to teachers, the SLC is responding to one of the most pressing concerns of states: ensuring the quality of the next generation of classroom teachers. This initiative will help state officials to learn and share information on how a state, region or school system can develop collaborative and constructive relationships with institutions of higher education or other partners to ensure that teachers will operate effectively in new and different learning environments. The researchers involved in this project are expected to analyze, review and report on the information needs of state education policymakers and administrators, thereby, helping the SLC in providing states with technical assistance. The researchers are also expected to provide NSF and other agencies supporting education-related with recommendations for expanding the application of research for advancing and sustaining statewide systemic educational reforms. &lt;br/&gt;&lt;br/&gt;The proposed research papers will be reviewed and discussed during the national conference of state officials in January 1999 and subsequent in a forum arranged by NSF and SLC. The purposes of the two meetings are: to help states in aligning new teacher technology standards with new content and performance standards for students; to help NSF and the SLC in determining the information needs of state education officials and the means to assure that states benefit from the body of research developed by NSF and other agencies supporting education-related R&amp;D.</AbstractNarration>
    <MinAmdLetterDate>01/21/2000</MinAmdLetterDate>
    <MaxAmdLetterDate>01/21/2000</MaxAmdLetterDate>
    <ARRAAmount/>
    <AwardID>0000509</AwardID>
    <Investigator>
      <FirstName>Arthur</FirstName>
      <LastName>Sheekey</LastName>
      <EmailAddress>arthurs@ccsso.org</EmailAddress>
      <StartDate>01/21/2000</StartDate>
      <EndDate/>
      <RoleCode>Principal Investigator</RoleCode>
    </Investigator>
    <Investigator>
      <FirstName>John</FirstName>
      <LastName>MacDonald</LastName>
      <EmailAddress>jackm@ccsso.org</EmailAddress>
      <StartDate>01/21/2000</StartDate>
      <EndDate/>
      <RoleCode>Co-Principal Investigator</RoleCode>
    </Investigator>
    <Institution>
      <Name>Council of Chief State School Officers</Name>
      <CityName>WASHINGTON</CityName>
      <ZipCode>200011431</ZipCode>
      <PhoneNumber>2023367000</PhoneNumber>
      <StreetAddress>1 MASSACHUSETTS AVE NW</StreetAddress>
      <CountryName>United States</CountryName>
      <StateName>District of Columbia</StateName>
      <StateCode>DC</StateCode>
    </Institution>
    <ProgramElement>
      <Code>7256</Code>
      <Text/>
    </ProgramElement>
    <ProgramElement>
      <Code>7300</Code>
      <Text>TEACHER ENHANCEMENT PROGRAM</Text>
    </ProgramElement>
    <ProgramReference>
      <Code>9177</Code>
      <Text>ELEMENTARY/SECONDARY EDUCATION</Text>
    </ProgramReference>
    <ProgramReference>
      <Code>9237</Code>
      <Text>SMALL GRANTS-EXPLORATORY RSRCH</Text>
    </ProgramReference>
    <ProgramReference>
      <Code>SMET</Code>
      <Text>SCIENCE, MATH, ENG &amp; TECH EDUCATION</Text>
    </ProgramReference>
  </Award>
</rootTag>
