<?xml version="1.0" encoding="UTF-8"?>

<rootTag>
  <Award>
    <AwardTitle>Collaborative Research: Developing an Improved Chronology of the Southern Margin of the Scandinavian Ice Sheet</AwardTitle>
    <AwardEffectiveDate>01/15/2000</AwardEffectiveDate>
    <AwardExpirationDate>12/31/2003</AwardExpirationDate>
    <AwardAmount>74295</AwardAmount>
    <AwardInstrument>
      <Value>Continuing grant</Value>
    </AwardInstrument>
    <Organization>
      <Code>06020108</Code>
      <Directorate>
        <LongName>Directorate For Geosciences</LongName>
      </Directorate>
      <Division>
        <LongName>Div Atmospheric &amp; Geospace Sciences</LongName>
      </Division>
    </Organization>
    <ProgramOfficer>
      <SignBlockName>David J. Verardo</SignBlockName>
    </ProgramOfficer>
    <AbstractNarration>This is a collaborative project whose principal objective is to develop an improved chronology of the southern (terrestrial) margin of the Scandinavian Ice Sheet (SIS) during the last glaciation in order to compare the history of this margin with that of the western margin of the SIS, with other ice sheets, and with other records of climate change in order to further evaluate the relationship between ice-margin fluctuations and climate change. The project will construct a chronology by dating (1) key organic-bearing units by AMS radiocarbon and (2) erratic boulders on moraine surfaces using cosmogenic nuclides (10Be and 26Al). Prominent recessional moraines delimit five to six retreat phases following the late Weichselian maximum at about 18,000 yr B.P., clearly suggesting a strong millennial-scale signal (five to six moraine building events between 18,000 and 10,000 yr B.P). However, dating control constraining the age of retreat phases along the southern SIS margin is all but lacking. The project will investigate (i) the age of the nonglacial interval before advance of the southern SIS margin to its last glacial maximum position, (ii) the age that the southern margin reached its last glacial maximum, and (iii) the area(s) of recessional phases of the southern margin that are prominently recorded by recessional moraines. The project will focus on deposits and landforms of the SIS in Poland, Latvia, Estonia, Lithuania, Belarus, and Russia.</AbstractNarration>
    <MinAmdLetterDate>01/05/2000</MinAmdLetterDate>
    <MaxAmdLetterDate>11/13/2001</MaxAmdLetterDate>
    <ARRAAmount/>
    <AwardID>0000652</AwardID>
    <Investigator>
      <FirstName>Edward</FirstName>
      <LastName>Brook</LastName>
      <EmailAddress>brooke@geo.oregonstate.edu</EmailAddress>
      <StartDate>01/05/2000</StartDate>
      <EndDate/>
      <RoleCode>Principal Investigator</RoleCode>
    </Investigator>
    <Institution>
      <Name>Washington State University</Name>
      <CityName>PULLMAN</CityName>
      <ZipCode>991641060</ZipCode>
      <PhoneNumber>5093359661</PhoneNumber>
      <StreetAddress>280 Lighty</StreetAddress>
      <CountryName>United States</CountryName>
      <StateName>Washington</StateName>
      <StateCode>WA</StateCode>
    </Institution>
    <FoaInformation>
      <Code>0319000</Code>
      <Name>Climate Related Activities</Name>
    </FoaInformation>
    <ProgramElement>
      <Code>1530</Code>
      <Text>PALEOCLIMATE PROGRAM</Text>
    </ProgramElement>
    <ProgramReference>
      <Code>1304</Code>
      <Text>EARTH SYSTEM HISTORY</Text>
    </ProgramReference>
    <ProgramReference>
      <Code>EGCH</Code>
      <Text>ENVIRONMENT AND GLOBAL CHANGE</Text>
    </ProgramReference>
  </Award>
</rootTag>
