<?xml version="1.0" encoding="UTF-8"?>

<rootTag>
  <Award>
    <AwardTitle>Collaborative Research: Southern Ocean Iron Experiments (SOFeX)</AwardTitle>
    <AwardEffectiveDate>09/01/2000</AwardEffectiveDate>
    <AwardExpirationDate>08/31/2003</AwardExpirationDate>
    <AwardAmount>298997</AwardAmount>
    <AwardInstrument>
      <Value>Standard Grant</Value>
    </AwardInstrument>
    <Organization>
      <Code>06040302</Code>
      <Directorate>
        <LongName>Directorate For Geosciences</LongName>
      </Directorate>
      <Division>
        <LongName>Division Of Ocean Sciences</LongName>
      </Division>
    </Organization>
    <ProgramOfficer>
      <SignBlockName>Donald L. Rice</SignBlockName>
    </ProgramOfficer>
    <AbstractNarration>ABSTRACT&lt;br/&gt;&lt;br/&gt;OCE-9911481, OCE-0000364, OCE-0000365, OCE-0000363, OCE-0000362, OCE-0000361&lt;br/&gt;&lt;br/&gt;&lt;br/&gt;In recent years, studies of dissolved iron in the ocean and the results of open-ocean iron enrichments experiments have demonstrated that the growth and biomass of phytoplankton are limited by low concentrations of available iron in waters characterized by high concentrations of dissolved nitrate and low standing stocks of chlorophyll ("HNLC waters"). The seminal open-water iron fertilization experiments were done in the early 1990's in the eastern equatorial Pacific Ocean. Since that time, abundant new evidence has come to light that an even more extensive, and globally significant, HNLS region exists in the broad eastwardly flowing Southern Ocean surrounding Antarctica.&lt;br/&gt;&lt;br/&gt;In this project, researchers at the Moss Landing Marine Laboratory, Rutgers University, Oregon State University, University of Miami, and Lamont-Dougherty Earth Observatory will perform an open-water iron fertilization experiment in the Southern Ocean in regions just north of and just south of the Antarctic Polar Frontal Zone (APFZ) along 170'W, an area characterized by high major nutrients and extremely low dissolved iron concentrations. The team will investigate (1) the role of iron on the biological pump in silicate-rich versus silicate-poor HNLC waters, (2) iron mediation of differential drawdown of major nutrients, (3) iron limitation of carbon fixation and export from surface waters, (4) the biophysical response to added iron, and (5) the potential effect of iron-induced carbon export on midwater remineralization and denitrification. The underlying hypothesis driving this field study is that the rate of phytoplankton production and the quantity of plant biomass in the Southern Ocean are differentially limited across the APFZ by iton and silicate availability during the major growth season and are responsible for the persistence of the HNLC condition. The results of this work are expected to contribute significantly to our understanding of important biogeochemical processes in the Southern Ocean. Factors that control the rate of new production bear directly on the global carbon cycle, atmospheric carbon dioxide concentration, and climate control.&lt;br/&gt;&lt;br/&gt;This Southern Ocean Iron Experiment (SOFeX), north and south of the APFZ, will be carried out in a single field expedition in the austral summer of 2001-2002.</AbstractNarration>
    <MinAmdLetterDate>09/15/2000</MinAmdLetterDate>
    <MaxAmdLetterDate>09/15/2000</MaxAmdLetterDate>
    <ARRAAmount/>
    <AwardID>0000362</AwardID>
    <Investigator>
      <FirstName>John</FirstName>
      <LastName>Barth</LastName>
      <EmailAddress>barth@coas.oregonstate.edu</EmailAddress>
      <StartDate>09/15/2000</StartDate>
      <EndDate/>
      <RoleCode>Co-Principal Investigator</RoleCode>
    </Investigator>
    <Investigator>
      <FirstName>Burke</FirstName>
      <LastName>Hales</LastName>
      <EmailAddress>bhales@coas.oregonstate.edu</EmailAddress>
      <StartDate>09/15/2000</StartDate>
      <EndDate/>
      <RoleCode>Principal Investigator</RoleCode>
    </Investigator>
    <Institution>
      <Name>Oregon State University</Name>
      <CityName>Corvallis</CityName>
      <ZipCode>973318507</ZipCode>
      <PhoneNumber>5417374933</PhoneNumber>
      <StreetAddress>OREGON STATE UNIVERSITY</StreetAddress>
      <CountryName>United States</CountryName>
      <StateName>Oregon</StateName>
      <StateCode>OR</StateCode>
    </Institution>
    <FoaInformation>
      <Code>0204000</Code>
      <Name>Oceanography</Name>
    </FoaInformation>
  </Award>
</rootTag>
