<?xml version="1.0" encoding="UTF-8"?>

<rootTag>
  <Award>
    <AwardTitle>Human-Assisted Rapid Environmental Modeling for Construction Equipment Operations</AwardTitle>
    <AwardEffectiveDate>07/01/2000</AwardEffectiveDate>
    <AwardExpirationDate>06/30/2004</AwardExpirationDate>
    <AwardAmount>274759</AwardAmount>
    <AwardInstrument>
      <Value>Continuing grant</Value>
    </AwardInstrument>
    <Organization>
      <Code>07030000</Code>
      <Directorate>
        <LongName>Directorate For Engineering</LongName>
      </Directorate>
      <Division>
        <LongName>Div Of Civil, Mechanical, &amp; Manufact Inn</LongName>
      </Division>
    </Organization>
    <ProgramOfficer>
      <SignBlockName>Dennis Wenger</SignBlockName>
    </ProgramOfficer>
    <AbstractNarration>0000137&lt;br/&gt;Haas&lt;br/&gt;Construction is increasingly dependent on expensive and automated equipment. Safe and efficient operation of this equipment requires that the location and orientation of each piece of equipment with respect to the objects in its immediate work environment must be established and maintained during operation. The main objective of this research therefore is to develop new methods for rapid local area sensing and 3D modeling for planning and control of construction operations involving automated equipment. It is a premise of this research that such modeling can be made feasible by deploying sensors efficiently and adding manual guidance.</AbstractNarration>
    <MinAmdLetterDate>07/17/2000</MinAmdLetterDate>
    <MaxAmdLetterDate>07/08/2002</MaxAmdLetterDate>
    <ARRAAmount/>
    <AwardID>0000137</AwardID>
    <Investigator>
      <FirstName>Carl</FirstName>
      <LastName>Haas</LastName>
      <EmailAddress>haas@mail.utexas.edu</EmailAddress>
      <StartDate>07/17/2000</StartDate>
      <EndDate/>
      <RoleCode>Principal Investigator</RoleCode>
    </Investigator>
    <Investigator>
      <FirstName>S.</FirstName>
      <LastName>Sreenivasan</LastName>
      <EmailAddress>sv.sreeni@mail.utexas.edu</EmailAddress>
      <StartDate>07/17/2000</StartDate>
      <EndDate/>
      <RoleCode>Co-Principal Investigator</RoleCode>
    </Investigator>
    <Investigator>
      <FirstName>Katherine</FirstName>
      <LastName>Liapi</LastName>
      <EmailAddress>kliapi@mail.utexas.edu</EmailAddress>
      <StartDate>07/17/2000</StartDate>
      <EndDate/>
      <RoleCode>Co-Principal Investigator</RoleCode>
    </Investigator>
    <Institution>
      <Name>University of Texas at Austin</Name>
      <CityName>Austin</CityName>
      <ZipCode>787121532</ZipCode>
      <PhoneNumber>5124716424</PhoneNumber>
      <StreetAddress>101 E. 27th Street, Suite 5.300</StreetAddress>
      <CountryName>United States</CountryName>
      <StateName>Texas</StateName>
      <StateCode>TX</StateCode>
    </Institution>
    <FoaInformation>
      <Code>0106000</Code>
      <Name>Materials Research</Name>
    </FoaInformation>
  </Award>
</rootTag>
