<?xml version="1.0" encoding="UTF-8"?>

<rootTag>
  <Award>
    <AwardTitle>Metabolic Engineering Through Manipulation of Cofactors: Effects on Production of Succinate</AwardTitle>
    <AwardEffectiveDate>09/01/2000</AwardEffectiveDate>
    <AwardExpirationDate>08/31/2004</AwardExpirationDate>
    <AwardAmount>492768</AwardAmount>
    <AwardInstrument>
      <Value>Continuing grant</Value>
    </AwardInstrument>
    <Organization>
      <Code>07020000</Code>
      <Directorate>
        <LongName>Directorate For Engineering</LongName>
      </Directorate>
      <Division>
        <LongName>Div Of Chem, Bioeng, Env, &amp; Transp Sys</LongName>
      </Division>
    </Organization>
    <ProgramOfficer>
      <SignBlockName>Fred G. Heineken</SignBlockName>
    </ProgramOfficer>
    <AbstractNarration>The objective of this project is to systematically investigate the cellular responses of Escherichia coli in regulating its metabolic activities upon precise genetic perturbations. The synthesis of succinic acid will be used as a model system. The role of two key cofactors, NADH/NAD+ and CoA, will be investigated. In addition, &lt;br/&gt;the effect of enzyme properties on the redistribution of metabolic fluxes and on succinic acid productivity will also be investigated. The specific objectives are to test the following hypotheses to increase flux through the succinic acid synthesis pathway: (1) reducing the effect of feedback inhibition of an enzyme which is involved in a key step of the product synthesis pathway; (2) if the product synthesis pathway requires the cofactor NADH, the overall flux through that particular pathway will be enhanced by manipulating the NADH/NAD+ pool; and (3) in situations where a cofactor has multiple roles, fine tuning of the co-factor level may be required for optimal product formation.</AbstractNarration>
    <MinAmdLetterDate>09/06/2000</MinAmdLetterDate>
    <MaxAmdLetterDate>06/03/2002</MaxAmdLetterDate>
    <ARRAAmount/>
    <AwardID>0000303</AwardID>
    <Investigator>
      <FirstName>Ka-yiu</FirstName>
      <LastName>San</LastName>
      <EmailAddress>ksan@rice.edu</EmailAddress>
      <StartDate>09/06/2000</StartDate>
      <EndDate/>
      <RoleCode>Principal Investigator</RoleCode>
    </Investigator>
    <Investigator>
      <FirstName>George</FirstName>
      <LastName>Bennett</LastName>
      <EmailAddress>gbennett@bioc.rice.edu</EmailAddress>
      <StartDate>09/06/2000</StartDate>
      <EndDate/>
      <RoleCode>Co-Principal Investigator</RoleCode>
    </Investigator>
    <Institution>
      <Name>William Marsh Rice University</Name>
      <CityName>Houston</CityName>
      <ZipCode>770051827</ZipCode>
      <PhoneNumber>7133484820</PhoneNumber>
      <StreetAddress>6100 MAIN ST</StreetAddress>
      <CountryName>United States</CountryName>
      <StateName>Texas</StateName>
      <StateCode>TX</StateCode>
    </Institution>
    <FoaInformation>
      <Code>0308000</Code>
      <Name>Industrial Technology</Name>
    </FoaInformation>
    <ProgramElement>
      <Code>1491</Code>
      <Text>BIOTECH, BIOCHEM &amp; BIOMASS ENG</Text>
    </ProgramElement>
    <ProgramReference>
      <Code>1063</Code>
      <Text>METABOLIC ENGINEERING INITIATIVE</Text>
    </ProgramReference>
    <ProgramReference>
      <Code>9181</Code>
      <Text>BIOPROCESSING/BIOMOLECULAR MATERIALS</Text>
    </ProgramReference>
    <ProgramReference>
      <Code>BIOT</Code>
      <Text>BIOTECHNOLOGY</Text>
    </ProgramReference>
  </Award>
</rootTag>
