<?xml version="1.0" encoding="UTF-8"?>

<rootTag>
  <Award>
    <AwardTitle>Workshop: Spin Electronics for the 21st Century</AwardTitle>
    <AwardEffectiveDate>01/01/2000</AwardEffectiveDate>
    <AwardExpirationDate>03/31/2001</AwardExpirationDate>
    <AwardAmount>50000</AwardAmount>
    <AwardInstrument>
      <Value>Standard Grant</Value>
    </AwardInstrument>
    <Organization>
      <Code>07010000</Code>
      <Directorate>
        <LongName>Directorate For Engineering</LongName>
      </Directorate>
      <Division>
        <LongName>Div Of Electrical, Commun &amp; Cyber Sys</LongName>
      </Division>
    </Organization>
    <ProgramOfficer>
      <SignBlockName>Filbert J. Bartoli</SignBlockName>
    </ProgramOfficer>
    <AbstractNarration>0000579&lt;br/&gt;Indeck&lt;br/&gt;&lt;br/&gt;It is predicted that spin electronics has the potential to fill many of the electronics needs for the 2lst century. Spin electronics is viewed as one of the next strategic industries and may be able to meet much of the storage demands for information technology. The advantages of magnetic devices would be increased data processing speed and decreased electric power consumption compared to semiconductor devices. The market is large (over $50 billion annually) and breakthroughs are needed to create such magnetic devices.&lt;br/&gt;&lt;br/&gt;To examine the area this workshop is organized to engage researchers and technologists from industry, academia, and national labs in a two-day, invited workshop to present results, discuss issues associated with the underpinnings of the current technology, their limits and challenges, and examine solutions. The focus of the discussions will be on spin electronics as a solution for information storage. The participants will be assessing technology to identify future directions of research, advance the rate of research, provide greater visibility, identify future application trends, establish short term needs and project long term goals, integrate research and education, and promote university/industry/government partnerships in this area of technology.&lt;br/&gt;&lt;br/&gt;The workshop will identify technological challenges and opportunities and provide the NSF and the scientific community with a set of recommendations for future efforts and a vision of the future for spin electronics. This document will be available to all participants, their organizations, the NSF, and other industry and government scientists and policymakers.&lt;br/&gt;***</AbstractNarration>
    <MinAmdLetterDate>01/13/2000</MinAmdLetterDate>
    <MaxAmdLetterDate>12/06/2000</MaxAmdLetterDate>
    <ARRAAmount/>
    <AwardID>0000579</AwardID>
    <Investigator>
      <FirstName>Ronald</FirstName>
      <LastName>Indeck</LastName>
      <EmailAddress>rsi@ee.wustl.edu</EmailAddress>
      <StartDate>01/13/2000</StartDate>
      <EndDate/>
      <RoleCode>Principal Investigator</RoleCode>
    </Investigator>
    <Institution>
      <Name>Washington University</Name>
      <CityName>Saint Louis</CityName>
      <ZipCode>631304862</ZipCode>
      <PhoneNumber>3147474134</PhoneNumber>
      <StreetAddress>CAMPUS BOX 1054</StreetAddress>
      <CountryName>United States</CountryName>
      <StateName>Missouri</StateName>
      <StateCode>MO</StateCode>
    </Institution>
    <FoaInformation>
      <Code>0206000</Code>
      <Name>Telecommunications</Name>
    </FoaInformation>
    <ProgramElement>
      <Code>1415</Code>
      <Text>PARTICULATE &amp;MULTIPHASE PROCES</Text>
    </ProgramElement>
    <ProgramElement>
      <Code>1517</Code>
      <Text>ELECT, PHOTONICS, &amp; MAG DEVICE</Text>
    </ProgramElement>
    <ProgramElement>
      <Code>1712</Code>
      <Text>DMR SHORT TERM SUPPORT</Text>
    </ProgramElement>
    <ProgramElement>
      <Code>5370</Code>
      <Text>SMALL BUSINESS INNOVATION PROG</Text>
    </ProgramElement>
    <ProgramElement>
      <Code>5978</Code>
      <Text>EAST ASIA AND PACIFIC PROGRAM</Text>
    </ProgramElement>
    <ProgramReference>
      <Code>0000</Code>
      <Text>UNASSIGNED</Text>
    </ProgramReference>
    <ProgramReference>
      <Code>OTHR</Code>
      <Text>OTHER RESEARCH OR EDUCATION</Text>
    </ProgramReference>
    <ProgramReference>
      <Code>9200</Code>
      <Text>US CHINA COOP IN BASIC SCIENCE</Text>
    </ProgramReference>
  </Award>
</rootTag>
