<?xml version="1.0" encoding="UTF-8"?>

<rootTag>
  <Award>
    <AwardTitle>AAAS/NSF Science and Engineering Fellowship Program</AwardTitle>
    <AwardEffectiveDate>12/01/1999</AwardEffectiveDate>
    <AwardExpirationDate>08/31/2001</AwardExpirationDate>
    <AwardAmount>340262</AwardAmount>
    <AwardInstrument>
      <Value>Standard Grant</Value>
    </AwardInstrument>
    <Organization>
      <Code>01060000</Code>
      <Directorate>
        <LongName>Office Of The Director</LongName>
      </Directorate>
      <Division>
        <LongName>Office of Integrative Activities</LongName>
      </Division>
    </Organization>
    <ProgramOfficer>
      <SignBlockName>Albert L. Bridgewater</SignBlockName>
    </ProgramOfficer>
    <AbstractNarration>OIA-0000736&lt;br/&gt;&lt;br/&gt;The American Association for the Advancement of Science (AAAS) and the National Science Foundation (NSF) will establish a AAAS/NSF Fellowship Program patterned after seven other AAAS science and engineering fellowship programs. The program will recruit postdoctoral to mid-career scientists and engineers. Up to three Fellows for NSF will be selected. Fellows will learn how NSF funds science, while providing scientific, engineering and educational input on issues relating to NSF's mission support fundamental science and engineering research and education. Individuals will be selected in a widely announced, highly competitive process, for one-year fellowships. The fellowships potentially are renewable for a second year.&lt;br/&gt;&lt;br/&gt;AAAS/NSF Fellows will be placed in offices throughout NSF, working on projects of mutual interest to the Fellows and the host directorate or office. Fellows will work with staff involved in planning, development and oversight of agency programs in all fields of fundamental research.&lt;br/&gt;&lt;br/&gt;Assignments may involve significant interagency, congressional or international activity, as well as involvement with the National Science Board, NSF's policy-setting body. The program includes an orientation on executive branch and congressional operations, as well as a yearlong seminar program on issues involving science, technology and public policy.</AbstractNarration>
    <MinAmdLetterDate>05/17/2000</MinAmdLetterDate>
    <MaxAmdLetterDate>05/17/2000</MaxAmdLetterDate>
    <ARRAAmount/>
    <AwardID>0000736</AwardID>
    <Investigator>
      <FirstName>Albert</FirstName>
      <LastName>Teich</LastName>
      <EmailAddress>ateich@gwu.edu</EmailAddress>
      <StartDate>05/17/2000</StartDate>
      <EndDate/>
      <RoleCode>Principal Investigator</RoleCode>
    </Investigator>
    <Institution>
      <Name>American Association For Advancement Science</Name>
      <CityName>WASHINGTON</CityName>
      <ZipCode>200053928</ZipCode>
      <PhoneNumber>2023266400</PhoneNumber>
      <StreetAddress>1200 NEW YORK AVENUE, N.W.</StreetAddress>
      <CountryName>United States</CountryName>
      <StateName>District of Columbia</StateName>
      <StateCode>DC</StateCode>
    </Institution>
  </Award>
</rootTag>
