<?xml version="1.0" encoding="UTF-8"?>

<rootTag>
  <Award>
    <AwardTitle>Doctoral Dissertation Research: A Multi-Level, Integrated Theory of Values: Measuring Values with the Factorial Survey Method</AwardTitle>
    <AwardEffectiveDate>07/15/2000</AwardEffectiveDate>
    <AwardExpirationDate>12/31/2002</AwardExpirationDate>
    <AwardAmount>7500</AwardAmount>
    <AwardInstrument>
      <Value>Standard Grant</Value>
    </AwardInstrument>
    <Organization>
      <Code>04050200</Code>
      <Directorate>
        <LongName>Direct For Social, Behav &amp; Economic Scie</LongName>
      </Directorate>
      <Division>
        <LongName>Divn Of Social and Economic Sciences</LongName>
      </Division>
    </Organization>
    <ProgramOfficer>
      <SignBlockName>Patricia White</SignBlockName>
    </ProgramOfficer>
    <AbstractNarration>Abstract&lt;br/&gt;&lt;br/&gt;SES 0000296&lt;br/&gt;PI: Lynn Smith-Lovin, Mark Konty&lt;br/&gt;&lt;br/&gt;&lt;br/&gt; This project attempts to measure cultural values using the Rossi-Jasso factorial vignette method. If successful, this will constitute one of the first methodologically sound measures of values. The second stage of the project uses the values ascertained in the first stage to predict behavior in a situation of potential helping of a stranger. This stage will be useful in assessing the importance of value measurement: do values actually predict anything about action? This project has the potential to contribute to empirical methods, as well as providing some tests of theoretical links between values and behavior.</AbstractNarration>
    <MinAmdLetterDate>07/25/2000</MinAmdLetterDate>
    <MaxAmdLetterDate>07/03/2002</MaxAmdLetterDate>
    <ARRAAmount/>
    <AwardID>0000296</AwardID>
    <Investigator>
      <FirstName>Lynn</FirstName>
      <LastName>Smith-Lovin</LastName>
      <EmailAddress>smithlov@soc.duke.edu</EmailAddress>
      <StartDate>07/25/2000</StartDate>
      <EndDate/>
      <RoleCode>Principal Investigator</RoleCode>
    </Investigator>
    <Institution>
      <Name>University of Arizona</Name>
      <CityName>Tucson</CityName>
      <ZipCode>857194824</ZipCode>
      <PhoneNumber>5206266000</PhoneNumber>
      <StreetAddress>888 N Euclid Ave</StreetAddress>
      <CountryName>United States</CountryName>
      <StateName>Arizona</StateName>
      <StateCode>AZ</StateCode>
    </Institution>
    <FoaInformation>
      <Code>0116000</Code>
      <Name>Human Subjects</Name>
    </FoaInformation>
    <ProgramElement>
      <Code>1331</Code>
      <Text>SOCIOLOGY</Text>
    </ProgramElement>
    <ProgramReference>
      <Code>9179</Code>
      <Text>GRADUATE INVOLVEMENT</Text>
    </ProgramReference>
    <ProgramReference>
      <Code>SMET</Code>
      <Text>SCIENCE, MATH, ENG &amp; TECH EDUCATION</Text>
    </ProgramReference>
  </Award>
</rootTag>
