<?xml version="1.0" encoding="UTF-8"?>

<rootTag>
  <Award>
    <AwardTitle>GLOBEC: Applying Molecular Organic Tracers to Determine Age Structure, Nutritional Status and Possible Trophic Transfer in Euphausiids Euphausia Pacifica and Thysanoessa Spinifer</AwardTitle>
    <AwardEffectiveDate>04/15/2000</AwardEffectiveDate>
    <AwardExpirationDate>03/31/2005</AwardExpirationDate>
    <AwardAmount>408926</AwardAmount>
    <AwardInstrument>
      <Value>Standard Grant</Value>
    </AwardInstrument>
    <Organization>
      <Code>06040300</Code>
      <Directorate>
        <LongName>Directorate For Geosciences</LongName>
      </Directorate>
      <Division>
        <LongName>Division Of Ocean Sciences</LongName>
      </Division>
    </Organization>
    <ProgramOfficer>
      <SignBlockName>Phillip R. Taylor</SignBlockName>
    </ProgramOfficer>
    <AbstractNarration>This research project addresses the population age structure and nutritional status of the two primary target organisms for GLOBEC, the euphausiids Euphausii diapacifica and Thysanoessa spinifera. Using recent advances in quantifying biochemical markers of metabolism (lipofuscins), the researchers will determine the population age structure of both zooplankton in the California current system with particular emphasis on populations separated by physical zonation off the central Oregon. Lipid analysis in subsets of the same populations will provide a measure of nutritional status and feeding history. Sampling in conjunction with the current GLOBEC long term monitoring program (L-TOP) will provide information on physical structuring of each population together with measures of nutritional status over seasonal and interannual time scales to better predict their production, recruitment and thus importance in salmonid growth and survival. The research objectives include:&lt;br/&gt;&lt;br/&gt;1. Application of recent advances in biochemical methods to determine the age structure in populations of the two major euphausiid species Euphausia pacifica and Thysanoessa spinifera and the effects of mesoscale dynamics on maintenance or disruption of cohort populations seasonally and interannually.&lt;br/&gt;&lt;br/&gt;2. Examine the effects of physical zonation in shelf waters on the nutritional status and thus reproductive potential in juvenile and adults euphausiids (and eggs) using lipid classes; seasonal and interannual measures will be used provide information on the potential effects of changing nutritional status on subsequent recruitment and variations in abundance.&lt;br/&gt;&lt;br/&gt;3. To combine age structure information with lipid analysis in sets of the same individuals to understand the impact of nutritional status on age structure in field populations of E. pacifica and T. spinifera over seasonal and interannual time scales.&lt;br/&gt;&lt;br/&gt;4. To investigate individual lipids in euphausiids and other zooplankton as molecular markers of diet and their potential as markers of trophic transfer to their predators.</AbstractNarration>
    <MinAmdLetterDate>04/18/2000</MinAmdLetterDate>
    <MaxAmdLetterDate>04/18/2000</MaxAmdLetterDate>
    <ARRAAmount/>
    <AwardID>0000732</AwardID>
    <Investigator>
      <FirstName>H. Rodger</FirstName>
      <LastName>Harvey</LastName>
      <EmailAddress>rharvey@odu.edu</EmailAddress>
      <StartDate>04/18/2000</StartDate>
      <EndDate/>
      <RoleCode>Principal Investigator</RoleCode>
    </Investigator>
    <Institution>
      <Name>University of Maryland Center for Environmental Sciences</Name>
      <CityName>Cambridge</CityName>
      <ZipCode>216130775</ZipCode>
      <PhoneNumber>4102212014</PhoneNumber>
      <StreetAddress>BOX 775</StreetAddress>
      <CountryName>United States</CountryName>
      <StateName>Maryland</StateName>
      <StateCode>MD</StateCode>
    </Institution>
    <FoaInformation>
      <Code>0204000</Code>
      <Name>Oceanography</Name>
    </FoaInformation>
    <ProgramElement>
      <Code>1650</Code>
      <Text>BIOLOGICAL OCEANOGRAPHY</Text>
    </ProgramElement>
    <ProgramReference>
      <Code>1308</Code>
      <Text>GLOBAL OCEAN ECOSYSTEMS DYNAMICS</Text>
    </ProgramReference>
    <ProgramReference>
      <Code>4444</Code>
      <Text>INTERDISCIPLINARY PROPOSALS</Text>
    </ProgramReference>
    <ProgramReference>
      <Code>EGCH</Code>
      <Text>ENVIRONMENT AND GLOBAL CHANGE</Text>
    </ProgramReference>
  </Award>
</rootTag>
