<?xml version="1.0" encoding="UTF-8"?>

<rootTag>
  <Award>
    <AwardTitle>Coordinated Analysis of the Zonal Mean Circulation and Semidiurnal Tide in the Mesosphere and Lower-Thermosphere Using Ground Based Radar and TIMED Observations</AwardTitle>
    <AwardEffectiveDate>04/01/2000</AwardEffectiveDate>
    <AwardExpirationDate>06/30/2004</AwardExpirationDate>
    <AwardAmount>59712</AwardAmount>
    <AwardInstrument>
      <Value>Continuing grant</Value>
    </AwardInstrument>
    <Organization>
      <Code>06020201</Code>
      <Directorate>
        <LongName>Directorate For Geosciences</LongName>
      </Directorate>
      <Division>
        <LongName>Div Atmospheric &amp; Geospace Sciences</LongName>
      </Division>
    </Organization>
    <ProgramOfficer>
      <SignBlockName>Robert B. Kerr</SignBlockName>
    </ProgramOfficer>
    <AbstractNarration>Palo, Scott E&lt;br/&gt;ATM-0000956&lt;br/&gt;&lt;br/&gt;As part of this proposal both ground-based and TIDI observations from the TIMED satellite of the horizontal wind field will be used to estimate the spatial structure (latitude, longitude, and height) and temporal evolution of the semidiurnal tide, both migrating and non-migrating, on a monthly basis. The impetus for this effort is twofold. First, the semidiurnal tide has a significant influence on the structure of the MLT. However, little is understood about the underlying variability of the tide and the possible sources of this variability. One possible source of longitudinal variability is due to the non-migrating tidal components, which may result from zonally asymmetric heating in the lower-atmosphere, non-linear wave-wave interactions, or from in-situ sources in the MLT. To attack the problem of variability the longitudinal variability that results from the non-migrating tidal components must be separated from the source and propagation effects, such as the quasi-biennial oscillation, which can modify the structure of the migrating semidiurnal tide. &lt;br/&gt;&lt;br/&gt;To accomplish these research goals this proposal will utilize data from 21 ground-based meteor and MF radar systems. These data will be collected and analyzed in conjunction with the TIMED TIDI measurements. As a result of this proposal ground-based mean and tidal (24, 12, and 8 hour) estimates will be provided every 4 days from each station. These tidal estimates will be analyzed in conjunction with the TIDI measurements to provide an estimate of the zonal mean circulation, the migrating and non-migrating semidiurnal tides in the MLT on a monthly basis. An effort will be made to integrate ground-based measurements from stations not included herein but which are also funded as part of the TIMED/CEDAR program to extend these results to other latitudes.</AbstractNarration>
    <MinAmdLetterDate>05/02/2000</MinAmdLetterDate>
    <MaxAmdLetterDate>04/07/2004</MaxAmdLetterDate>
    <ARRAAmount/>
    <AwardID>0000956</AwardID>
    <Investigator>
      <FirstName>Scott</FirstName>
      <LastName>Palo</LastName>
      <EmailAddress>scott.palo@colorado.edu</EmailAddress>
      <StartDate>05/02/2000</StartDate>
      <EndDate/>
      <RoleCode>Principal Investigator</RoleCode>
    </Investigator>
    <Institution>
      <Name>University of Colorado at Boulder</Name>
      <CityName>Boulder</CityName>
      <ZipCode>803031058</ZipCode>
      <PhoneNumber>3034926221</PhoneNumber>
      <StreetAddress>3100 Marine Street, Room 481</StreetAddress>
      <CountryName>United States</CountryName>
      <StateName>Colorado</StateName>
      <StateCode>CO</StateCode>
    </Institution>
    <FoaInformation>
      <Code>0205000</Code>
      <Name>Space</Name>
    </FoaInformation>
    <ProgramElement>
      <Code>1521</Code>
      <Text>AERONOMY</Text>
    </ProgramElement>
    <ProgramReference>
      <Code>1323</Code>
      <Text>SOLAR INFLUENCES</Text>
    </ProgramReference>
    <ProgramReference>
      <Code>EGCH</Code>
      <Text>ENVIRONMENT AND GLOBAL CHANGE</Text>
    </ProgramReference>
  </Award>
</rootTag>
