<?xml version="1.0" encoding="UTF-8"?>

<rootTag>
  <Award>
    <AwardTitle>Experimental Partnership - Meridian: An Integrated Toolkit for Developing Interactive Distributed Applications</AwardTitle>
    <AwardEffectiveDate>09/15/2000</AwardEffectiveDate>
    <AwardExpirationDate>03/31/2007</AwardExpirationDate>
    <AwardAmount>1934076</AwardAmount>
    <AwardInstrument>
      <Value>Continuing grant</Value>
    </AwardInstrument>
    <Organization>
      <Code>05050000</Code>
      <Directorate>
        <LongName>Direct For Computer &amp; Info Scie &amp; Enginr</LongName>
      </Directorate>
      <Division>
        <LongName>Division Of Computer and Network Systems</LongName>
      </Division>
    </Organization>
    <ProgramOfficer>
      <SignBlockName>Sol J. Greenspan</SignBlockName>
    </ProgramOfficer>
    <AbstractNarration>EIA-0000433&lt;br/&gt;Betty H. Cheng&lt;br/&gt;Michigan State University&lt;br/&gt;&lt;br/&gt;TITLE: Meridian: An Integrated Toolkit for Developing Interactive Distributed Applications&lt;br/&gt;&lt;br/&gt;The proposed project involves the integration and validation of MERIDIAN, a collection of tools designed to help automate the development of IDAs. Collectively, these tools will support diagram-based modeling, rigorous correctness analysis, software reuse, automated code generation, and software visualization. Moreover, they will interact with one another through explicit design representations with formally defined semantics, enabling requirements to be traced from high-level models to low-level code.&lt;br/&gt;&lt;br/&gt;Interactive distributed applications (IDAs) are those that involve direct interaction with users and whose processing and data components are distributed across a network. Examples of IDAs include distributed data management systems, on-board driver/pilot navigation assistance systems, computer-supported cooperative work environments, distance education tools, and a variety of public safety systems. The increasing interest in IDAs is fueled by several factors, including the advent of the World-Wide Web, the development of new middleware technologies, the introduction of scripting languages for graphical user interfaces, and the availability of new network services and protocols.</AbstractNarration>
    <MinAmdLetterDate>09/26/2000</MinAmdLetterDate>
    <MaxAmdLetterDate>08/06/2005</MaxAmdLetterDate>
    <ARRAAmount/>
    <AwardID>0000433</AwardID>
    <Investigator>
      <FirstName>Laura</FirstName>
      <LastName>Dillon</LastName>
      <EmailAddress>ldillon@cse.msu.edu</EmailAddress>
      <StartDate>09/26/2000</StartDate>
      <EndDate/>
      <RoleCode>Co-Principal Investigator</RoleCode>
    </Investigator>
    <Investigator>
      <FirstName>Kurt</FirstName>
      <LastName>Stirewalt</LastName>
      <EmailAddress>stire@cse.msu.edu</EmailAddress>
      <StartDate>08/09/2002</StartDate>
      <EndDate/>
      <RoleCode>Co-Principal Investigator</RoleCode>
    </Investigator>
    <Investigator>
      <FirstName>Betty</FirstName>
      <LastName>Cheng</LastName>
      <EmailAddress>chengb@cse.msu.edu</EmailAddress>
      <StartDate>09/26/2000</StartDate>
      <EndDate/>
      <RoleCode>Principal Investigator</RoleCode>
    </Investigator>
    <Investigator>
      <FirstName>Philip</FirstName>
      <LastName>McKinley</LastName>
      <EmailAddress>mckinley@cse.msu.edu</EmailAddress>
      <StartDate>08/09/2002</StartDate>
      <EndDate/>
      <RoleCode>Co-Principal Investigator</RoleCode>
    </Investigator>
    <Institution>
      <Name>Michigan State University</Name>
      <CityName>East Lansing</CityName>
      <ZipCode>488242600</ZipCode>
      <PhoneNumber>5173555040</PhoneNumber>
      <StreetAddress>Office of Sponsored Programs</StreetAddress>
      <CountryName>United States</CountryName>
      <StateName>Michigan</StateName>
      <StateCode>MI</StateCode>
    </Institution>
    <FoaInformation>
      <Code>0000099</Code>
      <Name>Other Applications NEC</Name>
    </FoaInformation>
    <ProgramElement>
      <Code>1640</Code>
      <Text>INFORMATION TECHNOLOGY RESEARC</Text>
    </ProgramElement>
    <ProgramElement>
      <Code>2880</Code>
      <Text>SOFTWARE ENGINEERING AND LANGU</Text>
    </ProgramElement>
    <ProgramElement>
      <Code>4725</Code>
      <Text>EXPERIMENTAL SYSTEMS/CADRE</Text>
    </ProgramElement>
    <ProgramReference>
      <Code>1658</Code>
      <Text>SOFTWARE</Text>
    </ProgramReference>
    <ProgramReference>
      <Code>1661</Code>
      <Text>ITR COMPETITION FOR OVER $500K</Text>
    </ProgramReference>
    <ProgramReference>
      <Code>4725</Code>
      <Text>EXPERIMENTAL SYSTEMS/CADRE</Text>
    </ProgramReference>
    <ProgramReference>
      <Code>9218</Code>
      <Text>BASIC RESEARCH &amp; HUMAN RESORCS</Text>
    </ProgramReference>
    <ProgramReference>
      <Code>HPCC</Code>
      <Text>HIGH PERFORMANCE COMPUTING &amp; COMM</Text>
    </ProgramReference>
  </Award>
</rootTag>
