<?xml version="1.0" encoding="UTF-8"?>

<rootTag>
  <Award>
    <AwardTitle>Doctoral Dissertation Research: The Social Organization of Altruism and the Procurement of Human Organs</AwardTitle>
    <AwardEffectiveDate>07/15/2000</AwardEffectiveDate>
    <AwardExpirationDate>06/30/2002</AwardExpirationDate>
    <AwardAmount>7220</AwardAmount>
    <AwardInstrument>
      <Value>Standard Grant</Value>
    </AwardInstrument>
    <Organization>
      <Code>04050200</Code>
      <Directorate>
        <LongName>Direct For Social, Behav &amp; Economic Scie</LongName>
      </Directorate>
      <Division>
        <LongName>Divn Of Social and Economic Sciences</LongName>
      </Division>
    </Organization>
    <ProgramOfficer>
      <SignBlockName>Reeve D. Vanneman</SignBlockName>
    </ProgramOfficer>
    <AbstractNarration>This project studies variations in organ dontion rates and links them to differences in organizational structures and cultural climates surrounding the donor banks. A variety of quantitative data will be analyzed using time-series and other techniques, supplemented by qualitative historical data on advertising and news accounts of organ donations. The research is important to sociological understanding of organizations, for donor banks constitute an unusual combination of professional and volunteer employees, and non-profit and emotional foci in their structures. The work may have policy implications as well, for it may identify structural characteristics and cultural forms associated with more successful appeal for donors.</AbstractNarration>
    <MinAmdLetterDate>07/17/2000</MinAmdLetterDate>
    <MaxAmdLetterDate>07/17/2000</MaxAmdLetterDate>
    <ARRAAmount/>
    <AwardID>0000250</AwardID>
    <Investigator>
      <FirstName>Paul</FirstName>
      <LastName>DiMaggio</LastName>
      <EmailAddress>dimaggio@princeton.edu</EmailAddress>
      <StartDate>07/17/2000</StartDate>
      <EndDate/>
      <RoleCode>Principal Investigator</RoleCode>
    </Investigator>
    <Institution>
      <Name>Princeton University</Name>
      <CityName>Princeton</CityName>
      <ZipCode>085442020</ZipCode>
      <PhoneNumber>6092583090</PhoneNumber>
      <StreetAddress>Off. of Research &amp; Proj. Admin.</StreetAddress>
      <CountryName>United States</CountryName>
      <StateName>New Jersey</StateName>
      <StateCode>NJ</StateCode>
    </Institution>
    <FoaInformation>
      <Code>0116000</Code>
      <Name>Human Subjects</Name>
    </FoaInformation>
  </Award>
</rootTag>
