<?xml version="1.0" encoding="UTF-8"?>

<rootTag>
  <Award>
    <AwardTitle>Measuring Trace Element Partition Coefficients Between Minerals and Basaltic Melts</AwardTitle>
    <AwardEffectiveDate>07/01/2000</AwardEffectiveDate>
    <AwardExpirationDate>06/30/2003</AwardExpirationDate>
    <AwardAmount>113947</AwardAmount>
    <AwardInstrument>
      <Value>Continuing grant</Value>
    </AwardInstrument>
    <Organization>
      <Code>06030107</Code>
      <Directorate>
        <LongName>Directorate For Geosciences</LongName>
      </Directorate>
      <Division>
        <LongName>Division Of Earth Sciences</LongName>
      </Division>
    </Organization>
    <ProgramOfficer>
      <SignBlockName>Sonia Esperanca</SignBlockName>
    </ProgramOfficer>
    <AbstractNarration>Lundstrom&lt;br/&gt;EAR-0000924&lt;br/&gt;&lt;br/&gt;Igneous petrology has experienced an exponential increase in the number of observational geochemical data over the past 20 years, leading to fundamental changes in our view of the physics of magmatic processes. Interpreting these data requires a better understanding of how trace elements distribute themselves between mantle minerals and melts. This project will provide relevant trace element partitioning data for a wide range of elements (rare earth elements, high field strength elements, and large ion lithophile elements) between clinopyroxene or plagioclase and potential mantle melts. Specifically it will provide constraint on the partition coefficients between clinopyroxene and melt relevant to the upper portions of a mantle-melting column by focussing on depleted clinopyroxene compositions in equilibrium with depleted basaltic melts. Particular attention will be paid to the effects of variations in both melt and crystal composition. In addition, the project will constrain the partition coefficients for a variety of trace elements between plagioclase and melt. Melts examined in this case will range from basaltic to andesitic. The experiments will be performed in either a piston cylinder apparatus or a 1-atmosphere furnace using both natural and synthetic starting materials. Experiments will be analyzed by electron and ion microprobe. Results will be parameterized with the goal of predicting trace element partitioning behavior as a function of depth in mantle melting column. These experiments will provide needed partition coefficient data for interpreting trace element and uranium-series disequilibria data from a variety of tectonic regimes on the planet. The resulting data will be incorporated into geochemical models of two-phase flow in order to gain further constraint on the physics of magmatic processes in the mantle.</AbstractNarration>
    <MinAmdLetterDate>07/12/2000</MinAmdLetterDate>
    <MaxAmdLetterDate>05/17/2001</MaxAmdLetterDate>
    <ARRAAmount/>
    <AwardID>0000924</AwardID>
    <Investigator>
      <FirstName>Craig</FirstName>
      <LastName>Lundstrom</LastName>
      <EmailAddress>lundstro@uiuc.edu</EmailAddress>
      <StartDate>07/12/2000</StartDate>
      <EndDate/>
      <RoleCode>Principal Investigator</RoleCode>
    </Investigator>
    <Institution>
      <Name>University of Illinois at Urbana-Champaign</Name>
      <CityName>CHAMPAIGN</CityName>
      <ZipCode>618207473</ZipCode>
      <PhoneNumber>2173332187</PhoneNumber>
      <StreetAddress>SUITE A</StreetAddress>
      <CountryName>United States</CountryName>
      <StateName>Illinois</StateName>
      <StateCode>IL</StateCode>
    </Institution>
    <FoaInformation>
      <Code>0000099</Code>
      <Name>Other Applications NEC</Name>
    </FoaInformation>
    <ProgramElement>
      <Code>1573</Code>
      <Text>PETROLOGY AND GEOCHEMISTRY</Text>
    </ProgramElement>
    <ProgramElement>
      <Code>1580</Code>
      <Text>INSTRUMENTATION &amp; FACILITIES</Text>
    </ProgramElement>
    <ProgramReference>
      <Code>0000</Code>
      <Text>UNASSIGNED</Text>
    </ProgramReference>
    <ProgramReference>
      <Code>OTHR</Code>
      <Text>OTHER RESEARCH OR EDUCATION</Text>
    </ProgramReference>
  </Award>
</rootTag>
