<?xml version="1.0" encoding="UTF-8"?>

<rootTag>
  <Award>
    <AwardTitle>U.S.-Hungary Theoretical Physics Research: Perturbative Quantum Chromodynamics (pQCD) Background in Relativistic Heavy-Ion Collisions</AwardTitle>
    <AwardEffectiveDate>08/01/2000</AwardEffectiveDate>
    <AwardExpirationDate>07/31/2003</AwardExpirationDate>
    <AwardAmount>28440</AwardAmount>
    <AwardInstrument>
      <Value>Standard Grant</Value>
    </AwardInstrument>
    <Organization>
      <Code>01090000</Code>
      <Directorate>
        <LongName>Office Of The Director</LongName>
      </Directorate>
      <Division>
        <LongName>Office Of Internatl Science &amp;Engineering</LongName>
      </Division>
    </Organization>
    <ProgramOfficer>
      <SignBlockName>Bonnie Thompson</SignBlockName>
    </ProgramOfficer>
    <AbstractNarration>INT 0000211&lt;br/&gt;Fai&lt;br/&gt;&lt;br/&gt;This U.S.-Hungary research project between George Fai of Kent State University and partners Peter Levai of the Institute for Particle and Nuclear Physics and Gabor Papp of Eotvos University, Budapest, will examine perturbative quantum chromodynamics (pQCD). The objective is to expand our understanding of large transverse-momentum particle production data from hadronic and nuclear collisions in a wide energy range. This project examines particle production in nuclear collisions at the Relativistic Heavy Ion Collider (RHIC) with the intent of ascertaining the presence of nontrivial collective phenomena such as the quark-gluon plasma (QGP). &lt;br/&gt;&lt;br/&gt;Researcher efforts will feature theoretical description of observables in such relativistic heavy-ion collisions. The U.S.-Hungary team will attempt to identify a kinematical window, where the measured photon, lepton and hadron data reveal either QGP formation or the appearance of some other exotic state of strongly interacting matter. Plans include the development of a phenomenological model based on pQCD to describe the experimental data and to determine whether genuine collective effects, e.g. QGP formation, are necessary to reproduce the data. If successful, genuine collective effects revealed by the data will further our understanding of strong-interaction physics. Such new knowledge is critical for the progress of high-energy nuclear physics and should contribute to astrophysics and cosmology as well.&lt;br/&gt;&lt;br/&gt;This project in nuclear and particle physics fulfills the program objective of advancing scientific knowledge by enabling experts in the United States and Central Europe to combine complementary talents and share research resources in areas of strong mutual interest and competence.</AbstractNarration>
    <MinAmdLetterDate>07/24/2000</MinAmdLetterDate>
    <MaxAmdLetterDate>07/24/2000</MaxAmdLetterDate>
    <ARRAAmount/>
    <AwardID>0000211</AwardID>
    <Investigator>
      <FirstName>George</FirstName>
      <LastName>Fai</LastName>
      <EmailAddress>gfai@kent.edu</EmailAddress>
      <StartDate>07/24/2000</StartDate>
      <EndDate/>
      <RoleCode>Principal Investigator</RoleCode>
    </Investigator>
    <Institution>
      <Name>Kent State University</Name>
      <CityName>KENT</CityName>
      <ZipCode>442420001</ZipCode>
      <PhoneNumber>3306722070</PhoneNumber>
      <StreetAddress>OFFICE OF THE COMPTROLLER</StreetAddress>
      <CountryName>United States</CountryName>
      <StateName>Ohio</StateName>
      <StateCode>OH</StateCode>
    </Institution>
    <FoaInformation>
      <Code>0000099</Code>
      <Name>Other Applications NEC</Name>
    </FoaInformation>
  </Award>
</rootTag>
