<?xml version="1.0" encoding="UTF-8"?>

<rootTag>
  <Award>
    <AwardTitle>Experimental Partnership - Real-Time Computer Vision Based Spatial Mapping and Referencing for Minimally Invasive Surgery</AwardTitle>
    <AwardEffectiveDate>10/01/2000</AwardEffectiveDate>
    <AwardExpirationDate>12/31/2006</AwardExpirationDate>
    <AwardAmount>1315000</AwardAmount>
    <AwardInstrument>
      <Value>Continuing grant</Value>
    </AwardInstrument>
    <Organization>
      <Code>05050000</Code>
      <Directorate>
        <LongName>Direct For Computer &amp; Info Scie &amp; Enginr</LongName>
      </Directorate>
      <Division>
        <LongName>Division Of Computer and Network Systems</LongName>
      </Division>
    </Organization>
    <ProgramOfficer>
      <SignBlockName>Stephen Mahaney</SignBlockName>
    </ProgramOfficer>
    <AbstractNarration>EIA-0000417&lt;br/&gt;Badrinath Roysam&lt;br/&gt;Rensselaer Polytechnic Institute&lt;br/&gt;&lt;br/&gt;Experimental Partnership-Real Time Computer Vision Based Spatial Mapping and Referencing for Minimally Invasive Surgery&lt;br/&gt;&lt;br/&gt;The goal is to develop core computer vision technology for a new generation of highly capable instruments for minimally invasive surgery. The specific applications are in opthamology. Developing the technology requires facing and overcoming several fundamental barriers that have plague computer vision systems. These include poor quality image data during surgery, difficult to model biological tissues, large scale and unpredictable motions of the eye, a need for extreme accuracy over long duration, a need for predictable response in a real-time implementation, and a need for transparency of the system as a whole.&lt;br/&gt;&lt;br/&gt;The computer vision technology will distinguish these instruments by making them "spatially-aware". This means they include capabilities for spatially mapping and spatial referencing. Spatial mapping is the problem of building and maintaining a seamless, wide-area map (mosaic) of the three-dimensional region of surgical interest and its surrounding. This map will be constructed from images acquired during diagnostic exploration and forms the basis for absolute and hence verifiable spatial referencing.&lt;br/&gt;&lt;br/&gt;Novel aspects of the work in mapping include: (1) a fast, recursive technique for tracing elongated structures and then detecting their branching and cross-over points, (2) a feature-based image-to-image matching algorithm that used a high-order transformation model and a hierarchy of robust estimation techniques, (3) a joint optimization of all image-to-mosaic transformations simultaneously, and (4) a 3-D reconstruction of the retinal surface despite an inherent inability to calibrate the imaging system. These techniques are each useful in other domains besides ophthalmology.</AbstractNarration>
    <MinAmdLetterDate>09/22/2000</MinAmdLetterDate>
    <MaxAmdLetterDate>10/06/2005</MaxAmdLetterDate>
    <ARRAAmount/>
    <AwardID>0000417</AwardID>
    <Investigator>
      <FirstName>Charles</FirstName>
      <LastName>Stewart</LastName>
      <EmailAddress>stewart@cs.rpi.edu</EmailAddress>
      <StartDate>09/22/2000</StartDate>
      <EndDate/>
      <RoleCode>Co-Principal Investigator</RoleCode>
    </Investigator>
    <Investigator>
      <FirstName>Badrinath</FirstName>
      <LastName>Roysam</LastName>
      <EmailAddress>roysam@ecse.rpi.edu</EmailAddress>
      <StartDate>09/22/2000</StartDate>
      <EndDate/>
      <RoleCode>Principal Investigator</RoleCode>
    </Investigator>
    <Investigator>
      <FirstName>Christopher</FirstName>
      <LastName>Carothers</LastName>
      <EmailAddress>chrisc@cs.rpi.edu</EmailAddress>
      <StartDate>09/22/2000</StartDate>
      <EndDate/>
      <RoleCode>Co-Principal Investigator</RoleCode>
    </Investigator>
    <Institution>
      <Name>Rensselaer Polytechnic Institute</Name>
      <CityName>Troy</CityName>
      <ZipCode>121803522</ZipCode>
      <PhoneNumber>5182766000</PhoneNumber>
      <StreetAddress>110 8TH ST</StreetAddress>
      <CountryName>United States</CountryName>
      <StateName>New York</StateName>
      <StateCode>NY</StateCode>
    </Institution>
    <FoaInformation>
      <Code>0000099</Code>
      <Name>Other Applications NEC</Name>
    </FoaInformation>
  </Award>
</rootTag>
