<?xml version="1.0" encoding="UTF-8"?>

<rootTag>
  <Award>
    <AwardTitle>Undergraduate Research Experiences in Physics and Astronomy at Ball State University</AwardTitle>
    <AwardEffectiveDate>05/01/2000</AwardEffectiveDate>
    <AwardExpirationDate>04/30/2003</AwardExpirationDate>
    <AwardAmount>190148</AwardAmount>
    <AwardInstrument>
      <Value>Continuing grant</Value>
    </AwardInstrument>
    <Organization>
      <Code>03010000</Code>
      <Directorate>
        <LongName>Direct For Mathematical &amp; Physical Scien</LongName>
      </Directorate>
      <Division>
        <LongName>Division Of Physics</LongName>
      </Division>
    </Organization>
    <ProgramOfficer>
      <SignBlockName>LAWRENCE S. BROWN</SignBlockName>
    </ProgramOfficer>
    <AbstractNarration>Balll State University will provide ten-week summer research experiences during this three-year project to a total of eighteen undergraduates from primarily small universities and colleges. Research opportunities are offered in theoretical condensed matter physics (quantum wires and superlattices), experimental high energy physics (charmed baryons) , nuclear physics (nuclear reactions in astrophysics) and observational astronomy (binary stars and galactic structure). The primary goal is to promote and intensify undergraduate interest in training and careers in physics and astronomy, especially for students who have limited research opportunities at their home schools. A multiplier effect is sought by including teaching majors in physics in a balanced mix of participants. The personal interactions, guidance, tutorials, and supporting activities assist participants to become progressively more independent as they learn about the nature of research and the research process.</AbstractNarration>
    <MinAmdLetterDate>05/05/2000</MinAmdLetterDate>
    <MaxAmdLetterDate>03/07/2002</MaxAmdLetterDate>
    <ARRAAmount/>
    <AwardID>0000177</AwardID>
    <Investigator>
      <FirstName>Ronald</FirstName>
      <LastName>Cosby</LastName>
      <EmailAddress>rcosby@bsu.edu</EmailAddress>
      <StartDate>05/05/2000</StartDate>
      <EndDate/>
      <RoleCode>Principal Investigator</RoleCode>
    </Investigator>
    <Institution>
      <Name>Ball State University</Name>
      <CityName>Muncie</CityName>
      <ZipCode>473061022</ZipCode>
      <PhoneNumber>7652851600</PhoneNumber>
      <StreetAddress>2000 University Ave</StreetAddress>
      <CountryName>United States</CountryName>
      <StateName>Indiana</StateName>
      <StateCode>IN</StateCode>
    </Institution>
    <FoaInformation>
      <Code>0000099</Code>
      <Name>Other Applications NEC</Name>
    </FoaInformation>
    <ProgramElement>
      <Code>1253</Code>
      <Text>OFFICE OF MULTIDISCIPLINARY AC</Text>
    </ProgramElement>
    <ProgramElement>
      <Code>9134</Code>
      <Text>Integrative Activities in Phys</Text>
    </ProgramElement>
    <ProgramReference>
      <Code>1359</Code>
      <Text>RES EXP FOR TEACHERS(RET)-SITE</Text>
    </ProgramReference>
    <ProgramReference>
      <Code>9178</Code>
      <Text>UNDERGRADUATE EDUCATION</Text>
    </ProgramReference>
    <ProgramReference>
      <Code>9250</Code>
      <Text>RES EXPER FOR UNDERGRADS-SITE</Text>
    </ProgramReference>
    <ProgramReference>
      <Code>SMET</Code>
      <Text>SCIENCE, MATH, ENG &amp; TECH EDUCATION</Text>
    </ProgramReference>
  </Award>
</rootTag>
