<?xml version="1.0" encoding="UTF-8"?>

<rootTag>
  <Award>
    <AwardTitle>Distributed Numerical Integration Algorithms and Application</AwardTitle>
    <AwardEffectiveDate>05/01/2000</AwardEffectiveDate>
    <AwardExpirationDate>04/30/2003</AwardExpirationDate>
    <AwardAmount>316343</AwardAmount>
    <AwardInstrument>
      <Value>Standard Grant</Value>
    </AwardInstrument>
    <Organization>
      <Code>05010000</Code>
      <Directorate>
        <LongName>Direct For Computer &amp; Info Scie &amp; Enginr</LongName>
      </Directorate>
      <Division>
        <LongName>Division of Computing and Communication Foundations</LongName>
      </Division>
    </Organization>
    <ProgramOfficer>
      <SignBlockName>Xiaodong Zhang</SignBlockName>
    </ProgramOfficer>
    <AbstractNarration>Computing the values of integrals is one of the fundamental problems of calculus and its applications; numerical integration solves this problem for complex functions that cannot be handled analytically. This project will significantly extend the ParInt 1.0 system for performing numerical integration developed under previous NSF support. It will add techniques that enable the system to handle integration problems with a variety of difficult characteristics (e.g. singularities, high dimensions, etc.). This includes the development of a hierarchical process structure for the computation of large collections of integrals (e.g. finite element problems), extrapolation techniques for singular problems, and Quasi-Monte Carlo techniques for solving problems of high dimensions (e.g. computational finance). Corresponding additions to the package's graphical interface will allow for easy use across research disciplines. In particular, visualization tools to help the user see why a problem is difficult (and suggest alternative formulations) and a server allowing users to submit integration problems remotely will be incorporated.</AbstractNarration>
    <MinAmdLetterDate>05/04/2000</MinAmdLetterDate>
    <MaxAmdLetterDate>05/04/2000</MaxAmdLetterDate>
    <ARRAAmount/>
    <AwardID>0000442</AwardID>
    <Investigator>
      <FirstName>Ajay</FirstName>
      <LastName>Gupta</LastName>
      <EmailAddress>ajay.gupta@wmich.edu</EmailAddress>
      <StartDate>05/04/2000</StartDate>
      <EndDate/>
      <RoleCode>Co-Principal Investigator</RoleCode>
    </Investigator>
    <Investigator>
      <FirstName>Elise</FirstName>
      <LastName>deDoncker</LastName>
      <EmailAddress>elise.dedoncker@wmich.edu</EmailAddress>
      <StartDate>05/04/2000</StartDate>
      <EndDate/>
      <RoleCode>Principal Investigator</RoleCode>
    </Investigator>
    <Investigator>
      <FirstName>Alan</FirstName>
      <LastName>Genz</LastName>
      <EmailAddress>alangenz@wsu.edu</EmailAddress>
      <StartDate>05/04/2000</StartDate>
      <EndDate/>
      <RoleCode>Co-Principal Investigator</RoleCode>
    </Investigator>
    <Institution>
      <Name>Western Michigan University</Name>
      <CityName>Kalamazoo</CityName>
      <ZipCode>490085200</ZipCode>
      <PhoneNumber>2693878298</PhoneNumber>
      <StreetAddress>1903 West Michigan Avenue</StreetAddress>
      <CountryName>United States</CountryName>
      <StateName>Michigan</StateName>
      <StateCode>MI</StateCode>
    </Institution>
    <FoaInformation>
      <Code>0000099</Code>
      <Name>Other Applications NEC</Name>
    </FoaInformation>
  </Award>
</rootTag>
