<?xml version="1.0" encoding="UTF-8"?>

<rootTag>
  <Award>
    <AwardTitle>Proposal Processing Support Services for CSEMS Program for Contract DAS-9816737 with Allied Technology Group, Inc.</AwardTitle>
    <AwardEffectiveDate>10/13/1999</AwardEffectiveDate>
    <AwardExpirationDate>04/30/2000</AwardExpirationDate>
    <AwardAmount>74065</AwardAmount>
    <AwardInstrument>
      <Value>BOA/Task Order</Value>
    </AwardInstrument>
    <Organization>
      <Code>11040000</Code>
      <Directorate>
        <LongName>Direct For Education and Human Resources</LongName>
      </Directorate>
      <Division>
        <LongName>Division Of Undergraduate Education</LongName>
      </Division>
    </Organization>
    <ProgramOfficer>
      <SignBlockName>William C. Beston</SignBlockName>
    </ProgramOfficer>
    <AbstractNarration/>
    <MinAmdLetterDate>10/14/1999</MinAmdLetterDate>
    <MaxAmdLetterDate>06/05/2000</MaxAmdLetterDate>
    <ARRAAmount/>
    <AwardID>0000193</AwardID>
    <Investigator>
      <FirstName>Peter</FirstName>
      <LastName>Damon</LastName>
      <EmailAddress/>
      <StartDate>10/13/1999</StartDate>
      <EndDate/>
      <RoleCode>Principal Investigator</RoleCode>
    </Investigator>
    <Institution>
      <Name>ALLIED TECHNOLOGY GROUP INC</Name>
      <CityName>ROCKVILLE</CityName>
      <ZipCode>208503167</ZipCode>
      <PhoneNumber>3013091234</PhoneNumber>
      <StreetAddress>1803 RESEARCH BLVD</StreetAddress>
      <CountryName>United States</CountryName>
      <StateName>Maryland</StateName>
      <StateCode>MD</StateCode>
    </Institution>
    <FoaInformation>
      <Code>0000099</Code>
      <Name>Other Applications NEC</Name>
    </FoaInformation>
  </Award>
</rootTag>
