<?xml version="1.0" encoding="UTF-8"?>

<rootTag>
  <Award>
    <AwardTitle>Collaborative Research: Mantle Melting and Crustal Genesis at the Slowest Spreading Rate: A Petrological Investigation of Gakkel Ridge, Arctic Ocean</AwardTitle>
    <AwardEffectiveDate>09/01/2000</AwardEffectiveDate>
    <AwardExpirationDate>08/31/2004</AwardExpirationDate>
    <AwardAmount>349308</AwardAmount>
    <AwardInstrument>
      <Value>Continuing grant</Value>
    </AwardInstrument>
    <Organization>
      <Code>06090100</Code>
      <Directorate>
        <LongName>Directorate For Geosciences</LongName>
      </Directorate>
      <Division>
        <LongName>Division Of Polar Programs</LongName>
      </Division>
    </Organization>
    <ProgramOfficer>
      <SignBlockName>Jane V. Dionne</SignBlockName>
    </ProgramOfficer>
    <AbstractNarration>Abstract&lt;br/&gt;OPP-99-11795&lt;br/&gt;Michael&lt;br/&gt;OPP-99-12162&lt;br/&gt;Dick&lt;br/&gt;OPP-99-12156&lt;br/&gt;Graham&lt;br/&gt;OPP-00-00389&lt;br/&gt;Langmuir&lt;br/&gt;&lt;br/&gt;The Gakkel Ridge occupies a unique and important place within the global system of ocean ridges because it is: 1) the slowest spreading ridge; 2) the deepest ocean ridge; 3) the sole region where polar mantle compositions can be sampled directly; and 4) in a unique tectonic setting surrounded by continental lithosphere in close proximity. The Ridge's strike is perpendicular to spreading direction which results in very few transform offsets and it appears to be the ridge above the coldest upper mantle. This combination of characteristics permits a large number of hypotheses of ocean crust formation to be tested. &lt;br/&gt;&lt;br/&gt;The Gakkel Ridge has been unsampled petrologically, largely due the permanent ice cover of the Arctic Ocean that makes geophysical data difficult to obtain. This perennial ice cover over the Ridge will require two icebreakers working in tandem to mount a safe and effective expedition. Recent developments make a sampling expedition possible. The U.S. SCICEX bathymetry, sidescan and gravity data collected from a submarine provide the necessary background data to plan a good sampling program. German colleagues, in response to InterRIDGE planning efforts, have in place ice breaker, Polarstem, for a two-ship, 50-day international expedition dedicated to study of the Gakkel Ridge. The United States will also provide an icebreaker, the new USCG Healy. The Principal Investigators will sample basalts, peridotites, and related rocks along 600 km of the Gakkel Ridge. Detailed geochemical study of these rocks along with geophysical estimates of crustal and lithospheric thickness can be combined to generate quantitative models of oceanic crust formation under ultra-slow spreading conditions. Concurrently, with the basement sampling, a reconnaissance will be carried out as a hydrothermal survey using MAPR devices attached to the dredging (or coring) wire and rosettes. The survey would be designed to lay the groundwork for future hydrothermal and related biological studies along Gakkel Ridge. Finally, sampling along Gakkel Ridge and interpretation of the data will provide a basic understanding of the makeup of Arctic Ocean crust, and its influence on Arctic Ocean chemistry.</AbstractNarration>
    <MinAmdLetterDate>09/06/2000</MinAmdLetterDate>
    <MaxAmdLetterDate>06/12/2002</MaxAmdLetterDate>
    <ARRAAmount/>
    <AwardID>0000389</AwardID>
    <Investigator>
      <FirstName>Charles</FirstName>
      <LastName>Langmuir</LastName>
      <EmailAddress>langmuir@eps.harvard.edu</EmailAddress>
      <StartDate>09/06/2000</StartDate>
      <EndDate/>
      <RoleCode>Principal Investigator</RoleCode>
    </Investigator>
    <Investigator>
      <FirstName>Steven</FirstName>
      <LastName>Goldstein</LastName>
      <EmailAddress>steveg@ldeo.columbia.edu</EmailAddress>
      <StartDate>09/06/2000</StartDate>
      <EndDate/>
      <RoleCode>Co-Principal Investigator</RoleCode>
    </Investigator>
    <Institution>
      <Name>Columbia University</Name>
      <CityName>NEW YORK</CityName>
      <ZipCode>100276902</ZipCode>
      <PhoneNumber>2128546851</PhoneNumber>
      <StreetAddress>2960 Broadway</StreetAddress>
      <CountryName>United States</CountryName>
      <StateName>New York</StateName>
      <StateCode>NY</StateCode>
    </Institution>
  </Award>
</rootTag>
