<?xml version="1.0" encoding="UTF-8"?>

<rootTag>
  <Award>
    <AwardTitle>U.S.-Brazil/Canada Dissertation Enhancement: Mating System Evolution in Muscovy Ducks</AwardTitle>
    <AwardEffectiveDate>08/01/2000</AwardEffectiveDate>
    <AwardExpirationDate>12/31/2002</AwardExpirationDate>
    <AwardAmount>10539</AwardAmount>
    <AwardInstrument>
      <Value>Standard Grant</Value>
    </AwardInstrument>
    <Organization>
      <Code>01090000</Code>
      <Directorate>
        <LongName>Office Of The Director</LongName>
      </Directorate>
      <Division>
        <LongName>Office Of Internatl Science &amp;Engineering</LongName>
      </Division>
    </Organization>
    <ProgramOfficer>
      <SignBlockName>Francis J. Wodarczyk</SignBlockName>
    </ProgramOfficer>
    <AbstractNarration>Under this US-Brazil-Canada dissertation enhancement research award, Sarah M. Stai, under the sponsorship of William A. Searcy of the University of Miami, will work with Regina H. F. Macedo of the University of Brasilia in Brazil and Frank Rohwer at the Delta Waterfowl and Wetlands Research Station in Portage la Prairie in Canada. They will study the promiscuity and sperm competition in Muscovy ducks. This project has three objectives: 1) to characterize male-female associative patterns through behavioral observations and to estimate the number of mates through DNA analysis; 2) to explore why this species is an exception to the rule of monogamy in waterfowl through cost-benefit analysis, a comparative approach, and hypothesis testing; and 3) to test the passive sperm loss model, a proposed mechanism for sperm competition. &lt;br/&gt;&lt;br/&gt;The elucidation of the adaptive significance of promiscuity and an ability to predict the outcome of sperm competition will lead to a better understanding of Muscovy duck reproductive strategies and of mating system evolution in waterfowl. The field research will be done in Brazil and the captive research will be done in Canada. This project will provide benefits to research, teaching, and wildlife management and conservation.</AbstractNarration>
    <MinAmdLetterDate>07/28/2000</MinAmdLetterDate>
    <MaxAmdLetterDate>07/28/2000</MaxAmdLetterDate>
    <ARRAAmount/>
    <AwardID>0000654</AwardID>
    <Investigator>
      <FirstName>William</FirstName>
      <LastName>Searcy</LastName>
      <EmailAddress>wsearcy@miami.edu</EmailAddress>
      <StartDate>07/28/2000</StartDate>
      <EndDate/>
      <RoleCode>Principal Investigator</RoleCode>
    </Investigator>
    <Investigator>
      <FirstName>Sarah</FirstName>
      <LastName>Stai</LastName>
      <EmailAddress>sstai@fig.cox.miami.edu</EmailAddress>
      <StartDate>07/28/2000</StartDate>
      <EndDate/>
      <RoleCode>Co-Principal Investigator</RoleCode>
    </Investigator>
    <Institution>
      <Name>University of Miami</Name>
      <CityName>CORAL GABLES</CityName>
      <ZipCode>331462926</ZipCode>
      <PhoneNumber>3052843924</PhoneNumber>
      <StreetAddress>1320 S. Dixie Highway Suite 650</StreetAddress>
      <CountryName>United States</CountryName>
      <StateName>Florida</StateName>
      <StateCode>FL</StateCode>
    </Institution>
    <FoaInformation>
      <Code>0510602</Code>
      <Name>Ecosystem Dynamics</Name>
    </FoaInformation>
  </Award>
</rootTag>
