<?xml version="1.0" encoding="UTF-8"?>

<rootTag>
  <Award>
    <AwardTitle>Dynamics of the Base Lithosphere</AwardTitle>
    <AwardEffectiveDate>07/01/2000</AwardEffectiveDate>
    <AwardExpirationDate>12/31/2003</AwardExpirationDate>
    <AwardAmount>80000</AwardAmount>
    <AwardInstrument>
      <Value>Standard Grant</Value>
    </AwardInstrument>
    <Organization>
      <Code>06030204</Code>
      <Directorate>
        <LongName>Directorate For Geosciences</LongName>
      </Directorate>
      <Division>
        <LongName>Division Of Earth Sciences</LongName>
      </Division>
    </Organization>
    <ProgramOfficer>
      <SignBlockName>Eva E. Zanzerkia</SignBlockName>
    </ProgramOfficer>
    <AbstractNarration>Sleep &lt;br/&gt;&lt;br/&gt;0000743 &lt;br/&gt;&lt;br/&gt;&lt;br/&gt;&lt;br/&gt;Old cratons are a prominent feature of the Earth. The lithosphere is typically 200-250 km deep beneath the older cratonic regions of continents and much thinner beneath ocean basins. Data from rocks entrained in volcanic lavas indicate that this thickness as been stable for over 2 billion years in some locations. The PI seeks to investigate the physics of why the lithosphere is this thick and has remained so over time. A supply of heat from below is needed to offset the heat lost upward by conduction to the surface. He will consider two linked processes that act to maintain this thickness: (1) small-scale free convection that occurs within the thermal boundary layer at the base of the lithosphere, and (2) the transfer of heat by stirring that is caused by horizontal movement of the tectonic plates. Ponding of hot buoyant mantle plume material at the base of the lithosphere is a third process that supplies heat and will be investigated. The stirring process is most efficient if the viscosity of the Earth's interior increases rapidly with depth near the base of the lithosphere. It is also possible that the thick lithosphere beneath continents is stable because it is more buoyant than its surroundings. The PI will investigate how this situation can arise and persist. He will also investigate processes including partial melting which are associated with the lateral flow. The PI proposes to obtain the conditions that self-consistently lead to the present state of cratons and their thickness histories. Potentially observable features including the thickness of the anisotropic layer from shear at the base of plates, changes in the vigor of convection associated with changes in plate speed, and displacement of the thermal boundary layer of cratons by shear form plate motions will be examined.</AbstractNarration>
    <MinAmdLetterDate>06/26/2000</MinAmdLetterDate>
    <MaxAmdLetterDate>06/26/2000</MaxAmdLetterDate>
    <ARRAAmount/>
    <AwardID>0000743</AwardID>
    <Investigator>
      <FirstName>Norman</FirstName>
      <LastName>Sleep</LastName>
      <EmailAddress>norm@stanford.edu</EmailAddress>
      <StartDate>06/26/2000</StartDate>
      <EndDate/>
      <RoleCode>Principal Investigator</RoleCode>
    </Investigator>
    <Institution>
      <Name>Stanford University</Name>
      <CityName>Palo Alto</CityName>
      <ZipCode>943041212</ZipCode>
      <PhoneNumber>6507232300</PhoneNumber>
      <StreetAddress>3160 Porter Drive</StreetAddress>
      <CountryName>United States</CountryName>
      <StateName>California</StateName>
      <StateCode>CA</StateCode>
    </Institution>
    <FoaInformation>
      <Code>0000099</Code>
      <Name>Other Applications NEC</Name>
    </FoaInformation>
  </Award>
</rootTag>
