<?xml version="1.0" encoding="UTF-8"?>

<rootTag>
  <Award>
    <AwardTitle>Collaborative Research: Modeling and Data Analysis of the Tropospheric Ozone Production about the Spring Equinox (TOPSE) Experiment</AwardTitle>
    <AwardEffectiveDate>05/01/2000</AwardEffectiveDate>
    <AwardExpirationDate>12/31/2002</AwardExpirationDate>
    <AwardAmount>102233</AwardAmount>
    <AwardInstrument>
      <Value>Continuing grant</Value>
    </AwardInstrument>
    <Organization>
      <Code>06020104</Code>
      <Directorate>
        <LongName>Directorate For Geosciences</LongName>
      </Directorate>
      <Division>
        <LongName>Div Atmospheric &amp; Geospace Sciences</LongName>
      </Division>
    </Organization>
    <ProgramOfficer>
      <SignBlockName>Anne-Marie Schmoltner</SignBlockName>
    </ProgramOfficer>
    <AbstractNarration>This award is one of two made to provide support for a collaborative research project. The companion award is to Yongqiang Liu, Georgia Institute of Technology, ATM-0000338.&lt;br/&gt;&lt;br/&gt; This project is a modeling study of processes that control the concentrations of oxidants at northern mid and high latitudes over North America. A suite of 1-D, regional 3-D, and global 3-D models will be used to analyze airborne observations collected during the Tropospheric Ozone Production about the Spring Equinox Experiment (TOPSE). Major scientific issues to be examined include: (1) the altitude and latitude distributions of the springtime O3 maximum and factors contributing to the variation in the spatial distributions; (2) the correlations among O3, NOx, NOy, CO, and hydrocarbons by time and latitude and their implications on the origin of the springtime O3 maximum and sources of HOx and NOx; (3) the impact of halogen radicals on chemistry in the Arctic and vicinity in spring. These studies will involve assessing the relative roles of transport and chemistry in the tropospheric chemistry of this region.</AbstractNarration>
    <MinAmdLetterDate>05/22/2000</MinAmdLetterDate>
    <MaxAmdLetterDate>02/16/2001</MaxAmdLetterDate>
    <ARRAAmount/>
    <AwardID>0000337</AwardID>
    <Investigator>
      <FirstName>Yuhang</FirstName>
      <LastName>Wang</LastName>
      <EmailAddress>ywang@eas.gatech.edu</EmailAddress>
      <StartDate>05/22/2000</StartDate>
      <EndDate/>
      <RoleCode>Principal Investigator</RoleCode>
    </Investigator>
    <Institution>
      <Name>Rutgers University New Brunswick</Name>
      <CityName>Piscataway</CityName>
      <ZipCode>088543925</ZipCode>
      <PhoneNumber>8489320150</PhoneNumber>
      <StreetAddress>33 Knightsbridge Road</StreetAddress>
      <CountryName>United States</CountryName>
      <StateName>New Jersey</StateName>
      <StateCode>NJ</StateCode>
    </Institution>
    <FoaInformation>
      <Code>0000099</Code>
      <Name>Other Applications NEC</Name>
    </FoaInformation>
    <ProgramElement>
      <Code>1524</Code>
      <Text>ATMOSPHERIC CHEMISTRY</Text>
    </ProgramElement>
    <ProgramReference>
      <Code>1309</Code>
      <Text>GLOBAL TROPOSPHERIC CHEMISTRY</Text>
    </ProgramReference>
    <ProgramReference>
      <Code>EGCH</Code>
      <Text>ENVIRONMENT AND GLOBAL CHANGE</Text>
    </ProgramReference>
  </Award>
</rootTag>
