<?xml version="1.0" encoding="UTF-8"?>

<rootTag>
  <Award>
    <AwardTitle>Tree-Ring Data from Subantarctic Forest: Indices of Southern Hemisphere Atmosphere-Ocean Climate Variability</AwardTitle>
    <AwardEffectiveDate>03/15/2000</AwardEffectiveDate>
    <AwardExpirationDate>02/28/2001</AwardExpirationDate>
    <AwardAmount>50722</AwardAmount>
    <AwardInstrument>
      <Value>Standard Grant</Value>
    </AwardInstrument>
    <Organization>
      <Code>06020108</Code>
      <Directorate>
        <LongName>Directorate For Geosciences</LongName>
      </Directorate>
      <Division>
        <LongName>Div Atmospheric &amp; Geospace Sciences</LongName>
      </Division>
    </Organization>
    <ProgramOfficer>
      <SignBlockName>David J. Verardo</SignBlockName>
    </ProgramOfficer>
    <AbstractNarration>This proposed research involves the generation of high-resolution, precisely-dated tree-ring chronologies from data-sparse subantarctic regions, including Tasmania, New Zealand and southern South America. Such records are essential for developing a network of Southern Hemisphere paleoclimatic data comparable to that which already exists for the Northern Hemisphere. The proponents are utilizing the subantarctic chronologies in modeling and reconstruction of indices of temperature and atmosphere-ocean circulation for the Southern Hemisphere extratropical latitudes. Specific objectives include: (1) to develop additional ring-width and maximum latewood density chronologies to improve our existing network for subantarctic forest sites; (2) to extend selected tree-ring records and reconstructions further back in time using living and subfossil wood material; (3) to continue to model and reconstruct temperature, precipitation and circulation indices for subantarctic latitudes; and (4) to produce chronologies from several additional tree species.</AbstractNarration>
    <MinAmdLetterDate>04/10/2000</MinAmdLetterDate>
    <MaxAmdLetterDate>04/10/2000</MaxAmdLetterDate>
    <ARRAAmount/>
    <AwardID>0000298</AwardID>
    <Investigator>
      <FirstName>Edward</FirstName>
      <LastName>Cook</LastName>
      <EmailAddress>drdendro@ldeo.columbia.edu</EmailAddress>
      <StartDate>04/10/2000</StartDate>
      <EndDate/>
      <RoleCode>Co-Principal Investigator</RoleCode>
    </Investigator>
    <Investigator>
      <FirstName>Brendan</FirstName>
      <LastName>Buckley</LastName>
      <EmailAddress>bmb@ldeo.columbia.edu</EmailAddress>
      <StartDate>06/01/2000</StartDate>
      <EndDate/>
      <RoleCode>Co-Principal Investigator</RoleCode>
    </Investigator>
    <Investigator>
      <FirstName>Rosanne</FirstName>
      <LastName>D'Arrigo</LastName>
      <EmailAddress>rdd@ldeo.columbia.edu</EmailAddress>
      <StartDate>04/10/2000</StartDate>
      <EndDate/>
      <RoleCode>Principal Investigator</RoleCode>
    </Investigator>
    <Institution>
      <Name>Columbia University</Name>
      <CityName>NEW YORK</CityName>
      <ZipCode>100276902</ZipCode>
      <PhoneNumber>2128546851</PhoneNumber>
      <StreetAddress>2960 Broadway</StreetAddress>
      <CountryName>United States</CountryName>
      <StateName>New York</StateName>
      <StateCode>NY</StateCode>
    </Institution>
    <FoaInformation>
      <Code>0319000</Code>
      <Name>Climate Related Activities</Name>
    </FoaInformation>
    <ProgramElement>
      <Code>1530</Code>
      <Text>PALEOCLIMATE PROGRAM</Text>
    </ProgramElement>
    <ProgramReference>
      <Code>1304</Code>
      <Text>EARTH SYSTEM HISTORY</Text>
    </ProgramReference>
    <ProgramReference>
      <Code>EGCH</Code>
      <Text>ENVIRONMENT AND GLOBAL CHANGE</Text>
    </ProgramReference>
  </Award>
</rootTag>
