<?xml version="1.0" encoding="UTF-8"?>

<rootTag>
  <Award>
    <AwardTitle>Workshop on Value-Sensitive Design: Cultivating Research and Community</AwardTitle>
    <AwardEffectiveDate>05/15/2000</AwardEffectiveDate>
    <AwardExpirationDate>04/30/2001</AwardExpirationDate>
    <AwardAmount>35000</AwardAmount>
    <AwardInstrument>
      <Value>Standard Grant</Value>
    </AwardInstrument>
    <Organization>
      <Code>05020000</Code>
      <Directorate>
        <LongName>Direct For Computer &amp; Info Scie &amp; Enginr</LongName>
      </Directorate>
      <Division>
        <LongName>Div Of Information &amp; Intelligent Systems</LongName>
      </Division>
    </Organization>
    <ProgramOfficer>
      <SignBlockName>Ephraim P. Glinert</SignBlockName>
    </ProgramOfficer>
    <AbstractNarration>In recent years, there has been a growing national awareness that the fast-paced development and deployment of information technology can transform society in paradoxical and/or unintended ways. There is general agreement that more research is needed to identify, understand, anticipate, and address the scope and trajectory of these changes. One new and promising approach is to better understand how the design of information technologies can be linked to social outcomes. Instead of assuming that the design of information technologies is a simple engineering feat whereby value-neutral systems specifications are produced and then - given sufficient time, money and skilled labor - achieved in a particular artifact, the design process is better understood as one where various stakeholders can have conflicting goals and priorities and where trade-offs are constantly balanced. In addition, designers often have implicit (and sometimes incorrect) assumptions about users and how they will use a particular artifact. As a consequence, a variety of social values can come to be embodied in artifacts, resulting in both intended and unintended consequences. To begin to understand how this works in practice and how designers of IT can become more sensitive to their role in fostering certain outcomes, more interest in doing this kind of research needs to be generated. This proposed workshop on Value-Sensitive Design intends to: 1) further develop and refine a research agenda; and 2) stimulate research by cultivating a broad community of researchers. To insure that multiple perspectives and communities are represented, multi-disciplinary research "teams" (often faculty and graduate students) will be identified by the organizers and its steering committee and invited. Each of four broad knowledge areas will be included - designers, humanists, social scientists and technologists.</AbstractNarration>
    <MinAmdLetterDate>05/18/2000</MinAmdLetterDate>
    <MaxAmdLetterDate>05/18/2000</MaxAmdLetterDate>
    <ARRAAmount/>
    <AwardID>0000567</AwardID>
    <Investigator>
      <FirstName>Alan</FirstName>
      <LastName>Borning</LastName>
      <EmailAddress>borning@cs.washington.edu</EmailAddress>
      <StartDate>05/18/2000</StartDate>
      <EndDate/>
      <RoleCode>Co-Principal Investigator</RoleCode>
    </Investigator>
    <Investigator>
      <FirstName>Batya</FirstName>
      <LastName>Friedman</LastName>
      <EmailAddress>batya@uw.edu</EmailAddress>
      <StartDate>05/18/2000</StartDate>
      <EndDate/>
      <RoleCode>Principal Investigator</RoleCode>
    </Investigator>
    <Institution>
      <Name>University of Washington</Name>
      <CityName>Seattle</CityName>
      <ZipCode>981950001</ZipCode>
      <PhoneNumber>2065434043</PhoneNumber>
      <StreetAddress>4333 Brooklyn Ave NE</StreetAddress>
      <CountryName>United States</CountryName>
      <StateName>Washington</StateName>
      <StateCode>WA</StateCode>
    </Institution>
    <FoaInformation>
      <Code>0104000</Code>
      <Name>Information Systems</Name>
    </FoaInformation>
    <ProgramElement>
      <Code>6850</Code>
      <Text>DIGITAL SOCIETY&amp;TECHNOLOGIES</Text>
    </ProgramElement>
    <ProgramReference>
      <Code>9139</Code>
      <Text>INFORMATION INFRASTRUCTURE &amp; TECH APPL</Text>
    </ProgramReference>
    <ProgramReference>
      <Code>HPCC</Code>
      <Text>HIGH PERFORMANCE COMPUTING &amp; COMM</Text>
    </ProgramReference>
  </Award>
</rootTag>
