<?xml version="1.0" encoding="UTF-8"?>

<rootTag>
  <Award>
    <AwardTitle>Volcanoes of the Abyss -- Deep Water Test Shoot</AwardTitle>
    <AwardEffectiveDate>11/15/1999</AwardEffectiveDate>
    <AwardExpirationDate>12/31/2000</AwardExpirationDate>
    <AwardAmount>100000</AwardAmount>
    <AwardInstrument>
      <Value>Standard Grant</Value>
    </AwardInstrument>
    <Organization>
      <Code>11090000</Code>
      <Directorate>
        <LongName>Directorate for Education &amp; Human Resources</LongName>
      </Directorate>
      <Division>
        <LongName>Division of Research on Learning in Formal and Informal Settings (DRL)</LongName>
      </Division>
    </Organization>
    <ProgramOfficer>
      <SignBlockName>Hyman H. Field</SignBlockName>
    </ProgramOfficer>
    <AbstractNarration>0000180&lt;br/&gt;LOW&lt;br/&gt;&lt;br/&gt;Stephen Low Productions, Inc., is testing the viability of shooting large format film of volcanic vents on the deep ocean floor. The tests will be carried out during the course of the currently scheduled November,1999, dives involving the deep sea submersible, Alvin, at the 9 Degree North site on the East Pacific Rise. The expedition plans to shoot approximately 20,000 feet of 15 perforation, 70 mm film resulting in approximately 10 to 20 minutes of footage. The objectives of this research are to confirm the feasibility of lighting and filming the deep sea volcanic vents in the large film format from Alvin, and to develop and optimize the deep water, large-format filming capabilities of Alvin.&lt;br/&gt;&lt;br/&gt;The research effort is proposed on behalf of a consortium of US based organizations now forming for the production of a 40-minute, large format film, Volcanoes of the Abyss.&lt;br/&gt;&lt;br/&gt;Key production personnel involved in this research will be: Stephen Low, Director/Producer; Pietro L. Serapiglia, Producer; William W. Reeve, Camera Specialist; and Alexander Low, Project Manager. Scientists working with the production crew in this phase are: Richard A. Lutz, biologist from Rutgers University; Fred Grassle, Director, Institute of Marine &amp; Coastal Sciences, Rutgers University; Dave Gallo, Director, Special Projects, Woods Hole Oceanographic Institution; and Emory Kristof, Deep Sea Imaging Specialist, National Geographic Society.</AbstractNarration>
    <MinAmdLetterDate>11/24/1999</MinAmdLetterDate>
    <MaxAmdLetterDate>12/21/1999</MaxAmdLetterDate>
    <ARRAAmount/>
    <AwardID>0000180</AwardID>
    <Investigator>
      <FirstName>Alexander</FirstName>
      <LastName>Low</LastName>
      <EmailAddress>alow@stephenlow.com</EmailAddress>
      <StartDate>11/24/1999</StartDate>
      <EndDate/>
      <RoleCode>Principal Investigator</RoleCode>
    </Investigator>
    <Institution>
      <Name>Volcanic Ocean Films, Inc.</Name>
      <CityName>Dorval, Quebec H9S 1L7</CityName>
      <ZipCode/>
      <PhoneNumber>5146300783</PhoneNumber>
      <StreetAddress>795 Carson, Suite 6</StreetAddress>
      <CountryName>Canada</CountryName>
      <StateName/>
      <StateCode/>
    </Institution>
    <FoaInformation>
      <Code>0000099</Code>
      <Name>Other Applications NEC</Name>
    </FoaInformation>
  </Award>
</rootTag>
