<?xml version="1.0" encoding="UTF-8"?>

<rootTag>
  <Award>
    <AwardTitle>CISE Postdoctoral Research Associateships in Experimental Computer Science - An Architecture for Mining of Semi-Structured Data on the WEB</AwardTitle>
    <AwardEffectiveDate>09/01/2000</AwardEffectiveDate>
    <AwardExpirationDate>08/31/2003</AwardExpirationDate>
    <AwardAmount>66000</AwardAmount>
    <AwardInstrument>
      <Value>Standard Grant</Value>
    </AwardInstrument>
    <Organization>
      <Code>05020000</Code>
      <Directorate>
        <LongName>Direct For Computer &amp; Info Scie &amp; Enginr</LongName>
      </Directorate>
      <Division>
        <LongName>Div Of Information &amp; Intelligent Systems</LongName>
      </Division>
    </Organization>
    <ProgramOfficer>
      <SignBlockName>Lawrence Brandt</SignBlockName>
    </ProgramOfficer>
    <AbstractNarration>EIA-0000536&lt;br/&gt;Scheuermann, Peter&lt;br/&gt;Northwestern University&lt;br/&gt;&lt;br/&gt;CISE Postdoctoral Associates in Experimental Computer Science: An&lt;br/&gt;Architecture for Mining of Semi-Structured Data on the Web&lt;br/&gt;&lt;br/&gt;With the explosion of the Web and the advent of digital libraries, the&lt;br/&gt;demand for knowledge discovery techniques for semi-structured data has&lt;br/&gt;increased greatly. Semi-structured HTML documents are characterized by a&lt;br/&gt;rich data model, i.e., they contain both structured values and unstructured&lt;br/&gt;concepts. Exploring the semantic knowledge about the relationships among&lt;br/&gt;these unstructured concepts is important but costly as an on-line process.&lt;br/&gt;&lt;br/&gt;The postdoctoral associate will assist in developing a prototype Web mining&lt;br/&gt;system that will allow its users to specify a set of constraints, either&lt;br/&gt;data values or concepts, and obtain a set of rules that contain the given&lt;br/&gt;constraints and other items related to the constraint set. In order to&lt;br/&gt;derive these rules, the system makes use of a concept library that&lt;br/&gt;differentiates between general concepts and concepts associated with&lt;br/&gt;specialized domains. Specifically, the associate will 1) develop new&lt;br/&gt;methods for generating partially constrained association rules and&lt;br/&gt;classifications rules that make use of the extended concept hierarchies&lt;br/&gt;kept in the library, 2) investigate the various lexical tools available and&lt;br/&gt;see how to integrate them into Wordnet (which forms the basis of the&lt;br/&gt;concept library), 3) explore various heuristic methods for deciding when a&lt;br/&gt;given concept belongs to a specialized concept library or to the general&lt;br/&gt;concept library, and 4) explore the use of sampling techniques in reducing&lt;br/&gt;the search space of rule generation.</AbstractNarration>
    <MinAmdLetterDate>09/19/2000</MinAmdLetterDate>
    <MaxAmdLetterDate>09/19/2000</MaxAmdLetterDate>
    <ARRAAmount/>
    <AwardID>0000536</AwardID>
    <Investigator>
      <FirstName>Peter</FirstName>
      <LastName>Scheuermann</LastName>
      <EmailAddress>peters@ece.northwestern.edu</EmailAddress>
      <StartDate>09/19/2000</StartDate>
      <EndDate/>
      <RoleCode>Principal Investigator</RoleCode>
    </Investigator>
    <Institution>
      <Name>Northwestern University</Name>
      <CityName>Evanston</CityName>
      <ZipCode>602013149</ZipCode>
      <PhoneNumber>8474913003</PhoneNumber>
      <StreetAddress>1801 Maple Ave.</StreetAddress>
      <CountryName>United States</CountryName>
      <StateName>Illinois</StateName>
      <StateCode>IL</StateCode>
    </Institution>
    <FoaInformation>
      <Code>0000099</Code>
      <Name>Other Applications NEC</Name>
    </FoaInformation>
    <ProgramElement>
      <Code>2876</Code>
      <Text>DISTRIBUTED SYSTEMS</Text>
    </ProgramElement>
    <ProgramElement>
      <Code>2885</Code>
      <Text>CISE RESEARCH INFRASTRUCTURE</Text>
    </ProgramElement>
    <ProgramReference>
      <Code>9192</Code>
      <Text>EXPER COMPUTER SCIENCE POSTDOC</Text>
    </ProgramReference>
    <ProgramReference>
      <Code>9215</Code>
      <Text>HIGH PERFORMANCE COMPUTING SYSTEMS</Text>
    </ProgramReference>
    <ProgramReference>
      <Code>9218</Code>
      <Text>BASIC RESEARCH &amp; HUMAN RESORCS</Text>
    </ProgramReference>
    <ProgramReference>
      <Code>HPCC</Code>
      <Text>HIGH PERFORMANCE COMPUTING &amp; COMM</Text>
    </ProgramReference>
  </Award>
</rootTag>
