<?xml version="1.0" encoding="UTF-8"?>

<rootTag>
  <Award>
    <AwardTitle>Collaborative Research: Historical Climatic Reconstructions for the Southeastern United States</AwardTitle>
    <AwardEffectiveDate>02/15/2000</AwardEffectiveDate>
    <AwardExpirationDate>01/31/2004</AwardExpirationDate>
    <AwardAmount>58568</AwardAmount>
    <AwardInstrument>
      <Value>Continuing grant</Value>
    </AwardInstrument>
    <Organization>
      <Code>06020108</Code>
      <Directorate>
        <LongName>Directorate For Geosciences</LongName>
      </Directorate>
      <Division>
        <LongName>Div Atmospheric &amp; Geospace Sciences</LongName>
      </Division>
    </Organization>
    <ProgramOfficer>
      <SignBlockName>David J. Verardo</SignBlockName>
    </ProgramOfficer>
    <AbstractNarration>This proposal seeks support for a study to develop high-resolution paleoclimatic records for the southeastern United States from instrumental and historical data extending back to the latter stages of the Little Ice Age (ca. 1750-1870). The rich documentary evidence will be used to improve our understanding of climate variability by: 1) reconstructing interannual to decadal variability of Southeast climate and integrating the results with dendroclimatological reconstructions of growing season conditions; 2) describing climatic responses as they relate to teleconnections of phenomena such and ENSO and NAO; 3) assessing decadal climatic variability that results from regional changes over the North Atlantic and larger areas; and 4) reconstructing landfall hurricane frequencies and relating temporal variations to climatic change.</AbstractNarration>
    <MinAmdLetterDate>03/02/2000</MinAmdLetterDate>
    <MaxAmdLetterDate>12/12/2001</MaxAmdLetterDate>
    <ARRAAmount/>
    <AwardID>0000881</AwardID>
    <Investigator>
      <FirstName>Dennis</FirstName>
      <LastName>Blanton</LastName>
      <EmailAddress>dennis.blanton@fernbank.edu</EmailAddress>
      <StartDate>03/02/2000</StartDate>
      <EndDate/>
      <RoleCode>Principal Investigator</RoleCode>
    </Investigator>
    <Institution>
      <Name>College of William and Mary</Name>
      <CityName>Williamsburg</CityName>
      <ZipCode>231878795</ZipCode>
      <PhoneNumber>7572213966</PhoneNumber>
      <StreetAddress>Office of Sponsored Programs</StreetAddress>
      <CountryName>United States</CountryName>
      <StateName>Virginia</StateName>
      <StateCode>VA</StateCode>
    </Institution>
    <FoaInformation>
      <Code>0319000</Code>
      <Name>Climate Related Activities</Name>
    </FoaInformation>
  </Award>
</rootTag>
