<?xml version="1.0" encoding="UTF-8"?>

<rootTag>
  <Award>
    <AwardTitle>Sperm-egg Interactions in Caenorhabditis Elegans</AwardTitle>
    <AwardEffectiveDate>06/01/2000</AwardEffectiveDate>
    <AwardExpirationDate>05/31/2001</AwardExpirationDate>
    <AwardAmount>35000</AwardAmount>
    <AwardInstrument>
      <Value>Standard Grant</Value>
    </AwardInstrument>
    <Organization>
      <Code>08090100</Code>
      <Directorate>
        <LongName>Direct For Biological Sciences</LongName>
      </Directorate>
      <Division>
        <LongName>Division Of Integrative Organismal Sys</LongName>
      </Division>
    </Organization>
    <ProgramOfficer>
      <SignBlockName>Judith Plesset</SignBlockName>
    </ProgramOfficer>
    <AbstractNarration>Singson&lt;br/&gt;0000182&lt;br/&gt;&lt;br/&gt; The reproductive biology of the nematode worm Caenorhabditis elegans facilitates the identification of mutations that affect sperm and no other cells. This provides a unique opportunity to define sperm components required for sperm-egg interactions. Worms with mutations in the spe-9 gene produce spermatozoa with wild type morphology and motility that cannot fertilize oocytes even after contact between gametes. Therefore, disruption of spe-9 function affects either gamete recognition, adhesion, signaling and/or fusion. The spe-9 gene encodes a sperm transmembrane protein with an extracellular domain that contains ten epidermal growth factor (EGF)-like repeats. A common feature of proteins that include EGF-like motifs is their involvement in extracellular functions such as adhesive and ligand-receptor interactions. Additionally, the overall structure of the predicted SPE-9 protein is similar to that of ligands for the Notch/LIN-12/GLP-1 family of transmembrane receptors. These results suggest that SPE-9 functions in the specialized cell-cell interactions required for fertilization. In order to gain a better understanding of the role of SPE-9 during fertilization we will follow several lines of investigation. Immunofluorescence will be used to localize the SPE-9 protein in sperm and reveal the cellular region important for gamete interactions. Mutation analysis experiments will be conducted in order to determine important functional domains of the SPE-9 protein. Finally, extragenic suppressors of spe-9 will be isolated in order to identify additional genes involved in worm sperm-egg interactions. This work will provide new insights into conception and complement studies of fertilization in other organisms.</AbstractNarration>
    <MinAmdLetterDate>05/24/2000</MinAmdLetterDate>
    <MaxAmdLetterDate>05/24/2000</MaxAmdLetterDate>
    <ARRAAmount/>
    <AwardID>0000182</AwardID>
    <Investigator>
      <FirstName>Andrew</FirstName>
      <LastName>Singson</LastName>
      <EmailAddress>singson@waksman.rutgers.edu</EmailAddress>
      <StartDate>05/24/2000</StartDate>
      <EndDate/>
      <RoleCode>Principal Investigator</RoleCode>
    </Investigator>
    <Institution>
      <Name>Rutgers University New Brunswick</Name>
      <CityName>Piscataway</CityName>
      <ZipCode>088543925</ZipCode>
      <PhoneNumber>8489320150</PhoneNumber>
      <StreetAddress>33 Knightsbridge Road</StreetAddress>
      <CountryName>United States</CountryName>
      <StateName>New Jersey</StateName>
      <StateCode>NJ</StateCode>
    </Institution>
    <FoaInformation>
      <Code>0000099</Code>
      <Name>Other Applications NEC</Name>
    </FoaInformation>
    <ProgramElement>
      <Code>1119</Code>
      <Text>ANIMAL DEVELOPMENTAL MECHANSMS</Text>
    </ProgramElement>
    <ProgramReference>
      <Code>1227</Code>
      <Text>BIO MINORITY STARTER GRANT</Text>
    </ProgramReference>
    <ProgramReference>
      <Code>1228</Code>
      <Text>MINORITY INVOLVEMENT -- BIO</Text>
    </ProgramReference>
    <ProgramReference>
      <Code>9183</Code>
      <Text>GENERAL FOUNDATIONS OF BIOTECHNOLOGY</Text>
    </ProgramReference>
    <ProgramReference>
      <Code>BIOT</Code>
      <Text>BIOTECHNOLOGY</Text>
    </ProgramReference>
  </Award>
</rootTag>
