<?xml version="1.0" encoding="UTF-8"?>

<rootTag>
  <Award>
    <AwardTitle>Collaborative Research: GLOBEC: Mapping the Evolution of Mesoscale Jets and Eddies in the Upwelling Ecosystem off Cape Blanco, OR Using Long Range, High Frequency Radar</AwardTitle>
    <AwardEffectiveDate>02/01/2000</AwardEffectiveDate>
    <AwardExpirationDate>01/31/2006</AwardExpirationDate>
    <AwardAmount>326914</AwardAmount>
    <AwardInstrument>
      <Value>Interagency Agreement</Value>
    </AwardInstrument>
    <Organization>
      <Code>06040301</Code>
      <Directorate>
        <LongName>Directorate For Geosciences</LongName>
      </Directorate>
      <Division>
        <LongName>Division Of Ocean Sciences</LongName>
      </Division>
    </Organization>
    <ProgramOfficer>
      <SignBlockName>David L. Garrison</SignBlockName>
    </ProgramOfficer>
    <AbstractNarration>GLOBEC Mapping the Evolution of Mesoscale Jets and Eddies in the Upwelling&lt;br/&gt;Ecosystem off Cape Blanco, Oregon, using Long-Range High-Frequency Radar&lt;br/&gt;&lt;br/&gt;The PIs will exploit a new capability in ocean observing systems that will enable the space and time mapping of surface currents over an entire coastal upwelling system, including associated jets and eddies. The capability involves the use of High Frequency (BY) radar instruments deployed along the shoreline. The new aspect of these measurements is that it will use systems tuned to the low-frequency end of the B17 band, around 5 MHz, rather than the now commonly used systems that operate between 12 MHz and 25 MHz. The difference in range capability is dramatic. The standard systems typically measure 30 Ian to 50 km from shore with range resolution on the order of 2 km. New data presented here shows that these same instruments operating at 5 MHz are capable of measuring 200 km from shore with range resolution on the order of 6 Ian. This range has been proven by combining the very efficient transmitter technology contained in the commercially available CODAR/SeaSonde with a tuned transmit antenna produced for the University of Michigan!s Multifrequency Coastal Radar (MCR).&lt;br/&gt;&lt;br/&gt;We propose to use a three-site array of these radars to obtain a three-year time-series of daily maps of mesoscale surface currents over an area approximately 350 km x 180 km in extent, centered on Cape Blanco, Oregon. This region is the planned focus of intense in-situ biophysical sampling over a range of space and time scales during the GLOBEC Northeast Pacific (NEP) program. Recent studies show that Cape Blanco is often a separation point in physical regimes during the upwelling season, where a shelf-trapped alongshore current jet to the north separates from the coast and flows offshore, leaving an eddy-rich regime further south (Smith, 1995; Barth and Smith, 1998). A core hypothesis of GLOBEC NEP is that spatial and temporal variability in mesoscale circulation dominates the physical forcing on zooplankton production, distribution, retention and loss in coastal regions. The radar-derived maps will be used to study the properties of the eddies and jets, and the pathways of particles in the surface layer. The PIs will examine the instances of eddy generation, to determine their frequency of formation, whether they occur preferentially at particular locations, in response to particular wind-forcing events, in winter as well as summer. The propagation characteristics and time-space variations in intensity and scale will be examined. Eddy-jet and eddy-eddy interactions are expected to be well captured by the radar, which can make observations through periods of cloudy skies. Statistics of jet core location and speed will be determined through the seasons, and the relationship between separation events and wind forcing will be examined. Time-series maps of mesoscale currents will provide test cases for modelers. They will also complement satellite remote sensing of surface temperature, ocean color, and surface height.</AbstractNarration>
    <MinAmdLetterDate>01/14/2000</MinAmdLetterDate>
    <MaxAmdLetterDate>05/27/2005</MaxAmdLetterDate>
    <ARRAAmount/>
    <AwardID>0000898</AwardID>
    <Investigator>
      <FirstName>Jeffrey</FirstName>
      <LastName>Paduan</LastName>
      <EmailAddress>paduan@nps.edu</EmailAddress>
      <StartDate>01/14/2000</StartDate>
      <EndDate/>
      <RoleCode>Principal Investigator</RoleCode>
    </Investigator>
    <Institution>
      <Name>Naval Postgraduate School</Name>
      <CityName>Monterey</CityName>
      <ZipCode>939435000</ZipCode>
      <PhoneNumber>8316562271</PhoneNumber>
      <StreetAddress>1 University Circle</StreetAddress>
      <CountryName>United States</CountryName>
      <StateName>California</StateName>
      <StateCode>CA</StateCode>
    </Institution>
    <FoaInformation>
      <Code>0204000</Code>
      <Name>Oceanography</Name>
    </FoaInformation>
  </Award>
</rootTag>
