<?xml version="1.0" encoding="UTF-8"?>

<rootTag>
  <Award>
    <AwardTitle>U.S.-Taiwan Cooperative Research: Integrated Computer Models for River Flow and Application to Tan Sui River</AwardTitle>
    <AwardEffectiveDate>04/01/2000</AwardEffectiveDate>
    <AwardExpirationDate>03/31/2004</AwardExpirationDate>
    <AwardAmount>44786</AwardAmount>
    <AwardInstrument>
      <Value>Standard Grant</Value>
    </AwardInstrument>
    <Organization>
      <Code>01090000</Code>
      <Directorate>
        <LongName>Office Of The Director</LongName>
      </Directorate>
      <Division>
        <LongName>Office Of Internatl Science &amp;Engineering</LongName>
      </Division>
    </Organization>
    <ProgramOfficer>
      <SignBlockName>W. Y. B. Chang</SignBlockName>
    </ProgramOfficer>
    <AbstractNarration>0000213&lt;br/&gt;Patel&lt;br/&gt;&lt;br/&gt;This is a three year joint research project proposed by Dr. Virendra Patel, the Iowa Institute of Hydraulic Research (IIHR), University of Iowa, Dr. W-F Tsai of the National Science Council's National Center for High-Performance Computing, and Dr. C. L. Yen of the National Taiwan University. This project seeks to develop 3-D models to forecast river floods by integrating state-of-the-art prediction methods for typhoons, rainfall, watershed run-off and river flows and using advanced computer and communication technology. Both U.S. and Taiwan groups are complimentary in resources and know-how. The U.S. team (IIHR) has a powerful computer model and the know-how to make it work in real-world applications. The NCHC has the computing resources in both hardware and manpower. Developing a flood forecast system for a river system such as the Tan Sui River is important since this river is characteristic of subtropical rivers on island environments. Flash floods are a major issue and are difficult to forecast. This project could help us to understand the nature of the river-flooding in subtropical areas and how to mitigate it. This project is jointly supported by the NSF and the National Science Council of Taiwan.</AbstractNarration>
    <MinAmdLetterDate>03/30/2000</MinAmdLetterDate>
    <MaxAmdLetterDate>03/30/2000</MaxAmdLetterDate>
    <ARRAAmount/>
    <AwardID>0000213</AwardID>
    <Investigator>
      <FirstName>Yong-Gen</FirstName>
      <LastName>Lai</LastName>
      <EmailAddress>yong-Gen-lai@uiowa.edu</EmailAddress>
      <StartDate>06/01/2000</StartDate>
      <EndDate/>
      <RoleCode>Co-Principal Investigator</RoleCode>
    </Investigator>
    <Investigator>
      <FirstName>Virendra</FirstName>
      <LastName>Patel</LastName>
      <EmailAddress>v-c-patel@uiowa.edu</EmailAddress>
      <StartDate>03/30/2000</StartDate>
      <EndDate/>
      <RoleCode>Principal Investigator</RoleCode>
    </Investigator>
    <Investigator>
      <FirstName>Forrest</FirstName>
      <LastName>Holly</LastName>
      <EmailAddress>fmholly@icaen.uiowa.edu</EmailAddress>
      <StartDate>03/30/2000</StartDate>
      <EndDate/>
      <RoleCode>Co-Principal Investigator</RoleCode>
    </Investigator>
    <Investigator>
      <FirstName>Mark</FirstName>
      <LastName>Wilson</LastName>
      <EmailAddress>mark-wilson@uiowa.edu</EmailAddress>
      <StartDate>06/01/2000</StartDate>
      <EndDate/>
      <RoleCode>Co-Principal Investigator</RoleCode>
    </Investigator>
    <Institution>
      <Name>University of Iowa</Name>
      <CityName>IOWA CITY</CityName>
      <ZipCode>522421320</ZipCode>
      <PhoneNumber>3193352123</PhoneNumber>
      <StreetAddress>2 GILMORE HALL</StreetAddress>
      <CountryName>United States</CountryName>
      <StateName>Iowa</StateName>
      <StateCode>IA</StateCode>
    </Institution>
    <FoaInformation>
      <Code>0304030</Code>
      <Name>Flood</Name>
    </FoaInformation>
  </Award>
</rootTag>
