<?xml version="1.0" encoding="UTF-8"?>

<rootTag>
  <Award>
    <AwardTitle>The Gendered Selection of Activities and the Reproduction of Gender Segregation in the Labor Force</AwardTitle>
    <AwardEffectiveDate>06/01/2000</AwardEffectiveDate>
    <AwardExpirationDate>05/31/2001</AwardExpirationDate>
    <AwardAmount>7131</AwardAmount>
    <AwardInstrument>
      <Value>Standard Grant</Value>
    </AwardInstrument>
    <Organization>
      <Code>04050200</Code>
      <Directorate>
        <LongName>Direct For Social, Behav &amp; Economic Scie</LongName>
      </Directorate>
      <Division>
        <LongName>Divn Of Social and Economic Sciences</LongName>
      </Division>
    </Organization>
    <ProgramOfficer>
      <SignBlockName>Murray A. Webster, Jr.</SignBlockName>
    </ProgramOfficer>
    <AbstractNarration>Abstract&lt;br/&gt;&lt;br/&gt;SES 0000201&lt;br/&gt;PI: Cecilia L Ridgeway, Shelley J Correll&lt;br/&gt;&lt;br/&gt;&lt;br/&gt; This project combines experimental and survey methods to assess a new analysis of how women and men come to occupy different occupational positions. The theoretical foundation uses ideas from status characteristics theory to explain women's and men's different conceptions of their competence (under specified conditions), and subsequent occupational aspiration. Predictions from this theory will be tested in a small groups laboratory. The second part of the study examines survey data from the National Educational Longitudinal Study of high school students for evidence of the same processes as the experimental research finds. Results will be important for extending an established theory in micro-sociology, as well as for showing some real-world applications of the theoretical principles developed.</AbstractNarration>
    <MinAmdLetterDate>06/09/2000</MinAmdLetterDate>
    <MaxAmdLetterDate>06/09/2000</MaxAmdLetterDate>
    <ARRAAmount/>
    <AwardID>0000201</AwardID>
    <Investigator>
      <FirstName>Cecilia</FirstName>
      <LastName>Ridgeway</LastName>
      <EmailAddress>ridgeway@stanford.edu</EmailAddress>
      <StartDate>06/09/2000</StartDate>
      <EndDate/>
      <RoleCode>Principal Investigator</RoleCode>
    </Investigator>
    <Institution>
      <Name>Stanford University</Name>
      <CityName>Palo Alto</CityName>
      <ZipCode>943041212</ZipCode>
      <PhoneNumber>6507232300</PhoneNumber>
      <StreetAddress>3160 Porter Drive</StreetAddress>
      <CountryName>United States</CountryName>
      <StateName>California</StateName>
      <StateCode>CA</StateCode>
    </Institution>
    <FoaInformation>
      <Code>0116000</Code>
      <Name>Human Subjects</Name>
    </FoaInformation>
  </Award>
</rootTag>
