<?xml version="1.0" encoding="UTF-8"?>

<rootTag>
  <Award>
    <AwardTitle>Kinetic City After School</AwardTitle>
    <AwardEffectiveDate>07/01/2000</AwardEffectiveDate>
    <AwardExpirationDate>12/31/2001</AwardExpirationDate>
    <AwardAmount>320138</AwardAmount>
    <AwardInstrument>
      <Value>Standard Grant</Value>
    </AwardInstrument>
    <Organization>
      <Code>11090000</Code>
      <Directorate>
        <LongName>Direct For Education and Human Resources</LongName>
      </Directorate>
      <Division>
        <LongName>Division Of Research On Learning</LongName>
      </Division>
    </Organization>
    <ProgramOfficer>
      <SignBlockName>Sylvia M. James</SignBlockName>
    </ProgramOfficer>
    <AbstractNarration>0000607&lt;br/&gt;HIRSHON&lt;br/&gt;&lt;br/&gt;The American Association for the Advancement of Science (AAAS) is developing, producing and testing a pilot phase for an after school program designed to engage children 9-12 years old in recreational science education. The materials will provide a structured yet flexible daily experience aligned with age-appropriate learning goals. Individuals and teams of children engage in the program by registering on-line, following the developing story line, and performing science activities on and off line. The activities will remain available on the Internet for continued use by after school programs, home schools, small teams of children and individuals working independently.</AbstractNarration>
    <MinAmdLetterDate>07/24/2000</MinAmdLetterDate>
    <MaxAmdLetterDate>07/24/2000</MaxAmdLetterDate>
    <ARRAAmount/>
    <AwardID>0000607</AwardID>
    <Investigator>
      <FirstName>Robert</FirstName>
      <LastName>Hirshon</LastName>
      <EmailAddress>bhirshon@aaas.org</EmailAddress>
      <StartDate>07/24/2000</StartDate>
      <EndDate/>
      <RoleCode>Principal Investigator</RoleCode>
    </Investigator>
    <Institution>
      <Name>American Association For Advancement Science</Name>
      <CityName>WASHINGTON</CityName>
      <ZipCode>200053928</ZipCode>
      <PhoneNumber>2023266400</PhoneNumber>
      <StreetAddress>1200 NEW YORK AVENUE, N.W.</StreetAddress>
      <CountryName>United States</CountryName>
      <StateName>District of Columbia</StateName>
      <StateCode>DC</StateCode>
    </Institution>
    <FoaInformation>
      <Code>0000099</Code>
      <Name>Other Applications NEC</Name>
    </FoaInformation>
  </Award>
</rootTag>
