<?xml version="1.0" encoding="UTF-8"?>

<rootTag>
  <Award>
    <AwardTitle>Workshop on the Social Aspects of Distributed Work</AwardTitle>
    <AwardEffectiveDate>01/01/2000</AwardEffectiveDate>
    <AwardExpirationDate>12/31/2001</AwardExpirationDate>
    <AwardAmount>50000</AwardAmount>
    <AwardInstrument>
      <Value>Standard Grant</Value>
    </AwardInstrument>
    <Organization>
      <Code>05020000</Code>
      <Directorate>
        <LongName>Direct For Computer &amp; Info Scie &amp; Enginr</LongName>
      </Directorate>
      <Division>
        <LongName>Div Of Information &amp; Intelligent Systems</LongName>
      </Division>
    </Organization>
    <ProgramOfficer>
      <SignBlockName>C. Suzanne Iacono</SignBlockName>
    </ProgramOfficer>
    <AbstractNarration>This award supports a workshop that focuses on the social and organizational aspects of geographically and functionally distributed work. There is a perception among leading researchers that technological and economic change during the past five years has lead to substantial change in the way that Americans work and that we have little overall understanding of the long-term implications of these changes. Workers are increasingly mobile, use a variety of technologies to connect with their colleagues and have to contend with a variety of complex work arrangements that might include: long-distance commuting; working on teams where members are distributed geographically; extensive travel; and multi-organizational work (e.g., due to joint ventures, mergers, consulting, outsourcing, etc.) With more advanced computing and telecommunications technologies, such as Internet 2, on the horizon, even more significant changes are envisioned. Much new research is being conducted by a variety of researchers from psychology, sociology, anthropology, information science, computer science, industrial engineering and history. &lt;br/&gt;&lt;br/&gt;Due to the diverse backgrounds, venues for publication and academic peer groups, there have been few opportunities for these researchers to meet and share their research studies and perspectives. This workshop will bring the key researchers from these various disciplines together and will result in a web site and book where the research will be collected. Overall, the workshop will contribute to the establishment of a research agenda for this important line of work.</AbstractNarration>
    <MinAmdLetterDate>02/01/2000</MinAmdLetterDate>
    <MaxAmdLetterDate>07/20/2001</MaxAmdLetterDate>
    <ARRAAmount/>
    <AwardID>0000566</AwardID>
    <Investigator>
      <FirstName>Sara</FirstName>
      <LastName>Kiesler</LastName>
      <EmailAddress>kiesler@cs.cmu.edu</EmailAddress>
      <StartDate>02/01/2000</StartDate>
      <EndDate/>
      <RoleCode>Principal Investigator</RoleCode>
    </Investigator>
    <Institution>
      <Name>Carnegie-Mellon University</Name>
      <CityName>PITTSBURGH</CityName>
      <ZipCode>152133815</ZipCode>
      <PhoneNumber>4122689527</PhoneNumber>
      <StreetAddress>5000 Forbes Avenue</StreetAddress>
      <CountryName>United States</CountryName>
      <StateName>Pennsylvania</StateName>
      <StateCode>PA</StateCode>
    </Institution>
    <FoaInformation>
      <Code>0104000</Code>
      <Name>Information Systems</Name>
    </FoaInformation>
    <ProgramElement>
      <Code>6850</Code>
      <Text>DIGITAL SOCIETY&amp;TECHNOLOGIES</Text>
    </ProgramElement>
    <ProgramReference>
      <Code>9139</Code>
      <Text>INFORMATION INFRASTRUCTURE &amp; TECH APPL</Text>
    </ProgramReference>
    <ProgramReference>
      <Code>HPCC</Code>
      <Text>HIGH PERFORMANCE COMPUTING &amp; COMM</Text>
    </ProgramReference>
  </Award>
</rootTag>
