<?xml version="1.0" encoding="UTF-8"?>

<rootTag>
  <Award>
    <AwardTitle>ESH: Collaborative Research: Test of the Synchronicity of Alpine Glacier Responses to Regional High Amplitude Climate Reversals: Southern Andes</AwardTitle>
    <AwardEffectiveDate>02/15/2000</AwardEffectiveDate>
    <AwardExpirationDate>01/31/2004</AwardExpirationDate>
    <AwardAmount>177336</AwardAmount>
    <AwardInstrument>
      <Value>Continuing grant</Value>
    </AwardInstrument>
    <Organization>
      <Code>06030101</Code>
      <Directorate>
        <LongName>Directorate For Geosciences</LongName>
      </Directorate>
      <Division>
        <LongName>Division Of Earth Sciences</LongName>
      </Division>
    </Organization>
    <ProgramOfficer>
      <SignBlockName>David J. Verardo</SignBlockName>
    </ProgramOfficer>
    <AbstractNarration>This collaborative proposal seeks support for a study to examine the timing of ice-margin retreat from the last glacial maximum positions of multiple lobes at three carefully selected sites in southern South America. Date from the three widely spaced, well mapped moraine sequences from outlet lobes of the Tierra del Fuego ice cap will help evaluate the synchroneity of outlet lobe responses to climatic changes. A combination of cosmogenic 3He, 10Be, and 26 A1 methods will be used to date glacial retreat from each of the moraine sequences.</AbstractNarration>
    <MinAmdLetterDate>02/29/2000</MinAmdLetterDate>
    <MaxAmdLetterDate>02/28/2002</MaxAmdLetterDate>
    <ARRAAmount/>
    <AwardID>0001337</AwardID>
    <Investigator>
      <FirstName>Thure</FirstName>
      <LastName>Cerling</LastName>
      <EmailAddress>thure.cerling@utah.edu</EmailAddress>
      <StartDate>02/29/2000</StartDate>
      <EndDate/>
      <RoleCode>Principal Investigator</RoleCode>
    </Investigator>
    <Institution>
      <Name>University of Utah</Name>
      <CityName>SALT LAKE CITY</CityName>
      <ZipCode>841128930</ZipCode>
      <PhoneNumber>8015816903</PhoneNumber>
      <StreetAddress>75 S 2000 E</StreetAddress>
      <CountryName>United States</CountryName>
      <StateName>Utah</StateName>
      <StateCode>UT</StateCode>
    </Institution>
    <FoaInformation>
      <Code>0000099</Code>
      <Name>Other Applications NEC</Name>
    </FoaInformation>
  </Award>
</rootTag>
