<?xml version="1.0" encoding="UTF-8"?>

<rootTag>
  <Award>
    <AwardTitle>Collaborative Research: Self-Consistent Kinematics and Dynamics of the U.S.</AwardTitle>
    <AwardEffectiveDate>08/15/2000</AwardEffectiveDate>
    <AwardExpirationDate>07/31/2003</AwardExpirationDate>
    <AwardAmount>88905</AwardAmount>
    <AwardInstrument>
      <Value>Standard Grant</Value>
    </AwardInstrument>
    <Organization>
      <Code>06030204</Code>
      <Directorate>
        <LongName>Directorate For Geosciences</LongName>
      </Directorate>
      <Division>
        <LongName>Division Of Earth Sciences</LongName>
      </Division>
    </Organization>
    <ProgramOfficer>
      <SignBlockName>Robin Reichlin</SignBlockName>
    </ProgramOfficer>
    <AbstractNarration>EAR-0001160&lt;br/&gt;Holt, William E.&lt;br/&gt;&lt;br/&gt;&lt;br/&gt;&lt;br/&gt;The investigators propose to use recent GPS/VLBI/SLR observations, Quaternary fault slip rates, the geoid, crustal thickness variations, and topography data to quantify both the strain rate tensor field and the vertically averaged deviatoric stress tensor field within western North America. Results to date indicate that gravitational potential energy (GPE) differences control the large fault-normal compression observed along the California coast as well as the extension at the Wasatch Range. Deformation in the Basin and Range is driven, in part, by gravitational potential energy differences but the extension directions there are strongly modified by plate interaction stresses. The analysis will be extended to investigate the state of stress north to Alaska, and south to include the Rivera Triple Junction. The area of analysis will include the effects of GPE differences out to the Mid-Atlantic Ridge. A coupled analysis will investigate the self-consistent kinematics using observations from GPS, VLBI, SLR, and Quaternary fault slip rates. The proposed joint kinematic and dynamic modeling is important because it provides a comprehensive understanding of the relationship between geodetic observations (GPS, VLBI, SLR), lithospheric strain rates, and lithospheric stress. Refined models of the dynamics will be investigated using forward modeling methods with velocity boundary conditions determined from the kinematic modeling. They will also investigate the possible role of basal tractions in affecting the dynamics. This work should provide important input to enhance the planning and implementation of the proposed Plate Boundary Observatory and USArray initiatives.</AbstractNarration>
    <MinAmdLetterDate>08/30/2000</MinAmdLetterDate>
    <MaxAmdLetterDate>08/30/2000</MaxAmdLetterDate>
    <ARRAAmount/>
    <AwardID>0001160</AwardID>
    <Investigator>
      <FirstName>William</FirstName>
      <LastName>Holt</LastName>
      <EmailAddress>william.holt@stonybrook.edu</EmailAddress>
      <StartDate>08/30/2000</StartDate>
      <EndDate/>
      <RoleCode>Principal Investigator</RoleCode>
    </Investigator>
    <Institution>
      <Name>SUNY at Stony Brook</Name>
      <CityName>Stony Brook</CityName>
      <ZipCode>117940001</ZipCode>
      <PhoneNumber>6316329949</PhoneNumber>
      <StreetAddress>WEST 5510 FRK MEL LIB</StreetAddress>
      <CountryName>United States</CountryName>
      <StateName>New York</StateName>
      <StateCode>NY</StateCode>
    </Institution>
    <FoaInformation>
      <Code>0000099</Code>
      <Name>Other Applications NEC</Name>
    </FoaInformation>
    <ProgramElement>
      <Code>1574</Code>
      <Text>GEOPHYSICS</Text>
    </ProgramElement>
    <ProgramReference>
      <Code>0000</Code>
      <Text>UNASSIGNED</Text>
    </ProgramReference>
    <ProgramReference>
      <Code>OTHR</Code>
      <Text>OTHER RESEARCH OR EDUCATION</Text>
    </ProgramReference>
  </Award>
</rootTag>
