<?xml version="1.0" encoding="UTF-8"?>

<rootTag>
  <Award>
    <AwardTitle>Continuing Studies of in Situ Cosmogenic 14C in Terrestrial Materials</AwardTitle>
    <AwardEffectiveDate>08/01/2000</AwardEffectiveDate>
    <AwardExpirationDate>07/31/2004</AwardExpirationDate>
    <AwardAmount>430990</AwardAmount>
    <AwardInstrument>
      <Value>Continuing grant</Value>
    </AwardInstrument>
    <Organization>
      <Code>06030101</Code>
      <Directorate>
        <LongName>Directorate For Geosciences</LongName>
      </Directorate>
      <Division>
        <LongName>Division Of Earth Sciences</LongName>
      </Division>
    </Organization>
    <ProgramOfficer>
      <SignBlockName>Enriqueta Barrera</SignBlockName>
    </ProgramOfficer>
    <AbstractNarration>he in situ cosmogenic 14C (in situ 14C) research group at the University of Arizona, after a number of years developing reliable extraction techniques and equipment, is now prepared to bring in situ 14C into the mainstream of cosmogenic nuclide surficial process studies, alongside 10Be, 26Al, 36Cl, 3He, and 21Ne. Current extraction equipment and procedures reduce blank levels to (2.4 0.1) x 105 14C atoms, and allow reliable in situ 14C extraction at lower temperatures (&lt; 1200C) and in less time than the previous method. Experiments have shown that this new procedure can effectively isolate the in situ 14C fraction with replicate analytical precision approaching 2% (n = 5), while maintaining consistency with earlier results. This is a level of precision and accuracy comparable to or exceeding those currently obtainable with in situ cosmogenic 10Be, 26Al, 3He, 21Ne, and 36Cl. The precision on current measurements will allow measurement of in situ 14C in a 5 g quartz sample after about 400 years of exposure (sea level, high latitude).&lt;br/&gt;Having achieved a viable extraction technique with NSF funding, this proposal focuses study of in situ 14C on key applications to which it is uniquely well suited. The proposed investigation, incorporating an extensive field and laboratory analytical program, will build on advances in in situ 14C research by (1) constraining the relative magnitudes of in situ 14C production mechanisms at sea level and high latitude by high-energy neutron spallation (spallogenic 14C) and slow, negative muon capture (muogenic 14C), (2) independently estimating shallow subsurface (&lt; 20 m depth) and atmospheric attenuation lengths for spallogenic and muogenic in situ 14C production, and (3) empirically testing theoretical models of spallogenic and muogenic production rate variation with altitude and latitude. Such production rate variations can be measured with in situ 14C to a much greater extent than is possible with other currently used cosmogenic nuclides, by taking advantage of its rapid (~20 kyr) attainment of secular equilibrium and insensitivity to low and moderate (&lt; 1 cm/kyr) erosion rates. These advances will allow other researchers to use in situ 14C routinely to determine production rates for a range of cosmogenic nuclides on a site-by-site basis, potentially making the use of scaling models unnecessary. Samples used in this study will come from altitude and latitude transects in the western U.S., Chile, Australia, and Antarctica. Finally, results of this research will be fully published to enable widespread application of in situ 14C to surficial process studies.</AbstractNarration>
    <MinAmdLetterDate>08/04/2000</MinAmdLetterDate>
    <MaxAmdLetterDate>05/14/2004</MaxAmdLetterDate>
    <ARRAAmount/>
    <AwardID>0001069</AwardID>
    <Investigator>
      <FirstName>A. J. Timothy</FirstName>
      <LastName>Jull</LastName>
      <EmailAddress>jull@u.arizona.edu</EmailAddress>
      <StartDate>08/04/2000</StartDate>
      <EndDate/>
      <RoleCode>Principal Investigator</RoleCode>
    </Investigator>
    <Investigator>
      <FirstName>Nathaniel</FirstName>
      <LastName>Lifton</LastName>
      <EmailAddress>nlifton@purdue.edu</EmailAddress>
      <StartDate>08/04/2000</StartDate>
      <EndDate/>
      <RoleCode>Co-Principal Investigator</RoleCode>
    </Investigator>
    <Investigator>
      <FirstName>Jay</FirstName>
      <LastName>Quade</LastName>
      <EmailAddress>quadej@email.arizona.edu</EmailAddress>
      <StartDate>08/04/2000</StartDate>
      <EndDate/>
      <RoleCode>Co-Principal Investigator</RoleCode>
    </Investigator>
    <Institution>
      <Name>University of Arizona</Name>
      <CityName>Tucson</CityName>
      <ZipCode>857194824</ZipCode>
      <PhoneNumber>5206266000</PhoneNumber>
      <StreetAddress>888 N Euclid Ave</StreetAddress>
      <CountryName>United States</CountryName>
      <StateName>Arizona</StateName>
      <StateCode>AZ</StateCode>
    </Institution>
    <FoaInformation>
      <Code>0000099</Code>
      <Name>Other Applications NEC</Name>
    </FoaInformation>
    <ProgramElement>
      <Code>1571</Code>
      <Text>SCEC</Text>
    </ProgramElement>
    <ProgramElement>
      <Code>1580</Code>
      <Text>INSTRUMENTATION &amp; FACILITIES</Text>
    </ProgramElement>
    <ProgramElement>
      <Code>1584</Code>
      <Text>ENVIRO GEOCHEM AND BIOGEOCHEM</Text>
    </ProgramElement>
    <ProgramElement>
      <Code>7295</Code>
      <Text>GEOBIOLOGY &amp; LOW TEMP GEOCHEM</Text>
    </ProgramElement>
    <ProgramReference>
      <Code>0000</Code>
      <Text>UNASSIGNED</Text>
    </ProgramReference>
    <ProgramReference>
      <Code>OTHR</Code>
      <Text>OTHER RESEARCH OR EDUCATION</Text>
    </ProgramReference>
  </Award>
</rootTag>
