<?xml version="1.0" encoding="UTF-8"?>

<rootTag>
  <Award>
    <AwardTitle>Inverse and Forward Modeling of the Utah System of Colorado Plateau Basement-Cored Uplifts</AwardTitle>
    <AwardEffectiveDate>07/01/2000</AwardEffectiveDate>
    <AwardExpirationDate>06/30/2003</AwardExpirationDate>
    <AwardAmount>161055</AwardAmount>
    <AwardInstrument>
      <Value>Standard Grant</Value>
    </AwardInstrument>
    <Organization>
      <Code>06030103</Code>
      <Directorate>
        <LongName>Directorate For Geosciences</LongName>
      </Directorate>
      <Division>
        <LongName>Division Of Earth Sciences</LongName>
      </Division>
    </Organization>
    <ProgramOfficer>
      <SignBlockName>Arthur G. Goldstein</SignBlockName>
    </ProgramOfficer>
    <AbstractNarration>Davis&lt;br/&gt;0001222&lt;br/&gt;In large-scale systems of thin-skinned folding and thrusting a more or less uniform regional stress field is assumed and there is generally a distinct parallelism of folds and thrusts observed oriented approximately perpendicular to the direction of tectonic shortening. However, where the structures are not parallel, it does not follow that the stress field was not regionally uniform; basement inherited features can control structural orientations resulting from a homogeneous stress field. This project will use extensive spatial kinematic data from basement-cored uplifts in the Colorado Plateau that have diverse orientations and model the stress field that was responsible. It is expected that this work will illuminate the regional variations in the Laramide stresses acting on the Colorado Plateau and the effect various pre-existing basement features may have had on the final orientations of various structures. Results should help develop an integrated overview of the structural response of the Colorado Plateau to Laramide tectonics.</AbstractNarration>
    <MinAmdLetterDate>05/24/2000</MinAmdLetterDate>
    <MaxAmdLetterDate>05/24/2000</MaxAmdLetterDate>
    <ARRAAmount/>
    <AwardID>0001222</AwardID>
    <Investigator>
      <FirstName>George</FirstName>
      <LastName>Davis</LastName>
      <EmailAddress>gdavis@u.arizona.edu</EmailAddress>
      <StartDate>05/24/2000</StartDate>
      <EndDate/>
      <RoleCode>Principal Investigator</RoleCode>
    </Investigator>
    <Institution>
      <Name>University of Arizona</Name>
      <CityName>Tucson</CityName>
      <ZipCode>857194824</ZipCode>
      <PhoneNumber>5206266000</PhoneNumber>
      <StreetAddress>888 N Euclid Ave</StreetAddress>
      <CountryName>United States</CountryName>
      <StateName>Arizona</StateName>
      <StateCode>AZ</StateCode>
    </Institution>
    <FoaInformation>
      <Code>0000099</Code>
      <Name>Other Applications NEC</Name>
    </FoaInformation>
    <ProgramElement>
      <Code>1572</Code>
      <Text>TECTONICS</Text>
    </ProgramElement>
    <ProgramReference>
      <Code>0000</Code>
      <Text>UNASSIGNED</Text>
    </ProgramReference>
    <ProgramReference>
      <Code>OTHR</Code>
      <Text>OTHER RESEARCH OR EDUCATION</Text>
    </ProgramReference>
  </Award>
</rootTag>
