<?xml version="1.0" encoding="UTF-8"?>

<rootTag>
  <Award>
    <AwardTitle>Race in the Histories of Science and Medicine: A Review Essay and a Research Agenda</AwardTitle>
    <AwardEffectiveDate>06/01/2000</AwardEffectiveDate>
    <AwardExpirationDate>11/30/2001</AwardExpirationDate>
    <AwardAmount>31716</AwardAmount>
    <AwardInstrument>
      <Value>Standard Grant</Value>
    </AwardInstrument>
    <Organization>
      <Code>04050300</Code>
      <Directorate>
        <LongName>Direct For Social, Behav &amp; Economic Scie</LongName>
      </Directorate>
      <Division>
        <LongName>Divn Of Social and Economic Sciences</LongName>
      </Division>
    </Organization>
    <ProgramOfficer>
      <SignBlockName>Michael M. Sokal</SignBlockName>
    </ProgramOfficer>
    <AbstractNarration>SES 00-01402 - Evelynn M. Hammonds (MIT) -- "Race" in the Histories of Science and Medicine: A Review Essay and a Research Agenda"&lt;br/&gt;&lt;br/&gt; This grant provides summer support that will allow the Principal Investigator to complete an essay on the historiography of the concept of race in the histories of science and medicine in the United States from 1800 to the present. The essay will be in three parts. The first part will examine the historiography of race in the histories of biology and anthropology. The second part of the essay will examine the historiography of race in the history of medicine. The final section of the essay will raise questions that have not been addressed about the history of the race concept in the existing secondary literature in these fields. This essay will be similar in form to Daniel Kevles, "Genetics in the United States and Great Britain, 1890-1930: A Review With Speculations," Isis, 1980, 71 (No.258):441-455. In this essay Kevles reviewed the literature on the history of genetics in the US and Great Britain, summarized the existing scholarship, pointed out the limitations in historical interpretation and raised the important questions that needed to be addressed in future work.&lt;br/&gt;&lt;br/&gt;The essay will be submitted for publication to Isis and to the Bulletin of the History of Medicine. The editors of both these journals have expressed interest in publishing an essay on this topic.</AbstractNarration>
    <MinAmdLetterDate>05/02/2000</MinAmdLetterDate>
    <MaxAmdLetterDate>06/28/2001</MaxAmdLetterDate>
    <ARRAAmount/>
    <AwardID>0001402</AwardID>
    <Investigator>
      <FirstName>Evelynn</FirstName>
      <LastName>Hammonds</LastName>
      <EmailAddress>hammonds@fas.harvard.edu</EmailAddress>
      <StartDate>05/02/2000</StartDate>
      <EndDate/>
      <RoleCode>Principal Investigator</RoleCode>
    </Investigator>
    <Institution>
      <Name>Massachusetts Institute of Technology</Name>
      <CityName>Cambridge</CityName>
      <ZipCode>021394301</ZipCode>
      <PhoneNumber>6172531000</PhoneNumber>
      <StreetAddress>77 MASSACHUSETTS AVE</StreetAddress>
      <CountryName>United States</CountryName>
      <StateName>Massachusetts</StateName>
      <StateCode>MA</StateCode>
    </Institution>
    <ProgramElement>
      <Code>1353</Code>
      <Text>Hist &amp; Philosophy of SET</Text>
    </ProgramElement>
    <ProgramReference>
      <Code>0000</Code>
      <Text>UNASSIGNED</Text>
    </ProgramReference>
    <ProgramReference>
      <Code>OTHR</Code>
      <Text>OTHER RESEARCH OR EDUCATION</Text>
    </ProgramReference>
  </Award>
</rootTag>
