<?xml version="1.0" encoding="UTF-8"?>

<rootTag>
  <Award>
    <AwardTitle>Collaborative Research: Structural and Geochronologic Study of 1.4 Ga Deformation and Magmatism in Southern Wyoming: Implications for the Regional Tectonic Setting of ...........</AwardTitle>
    <AwardEffectiveDate>07/01/2000</AwardEffectiveDate>
    <AwardExpirationDate>06/30/2004</AwardExpirationDate>
    <AwardAmount>148428</AwardAmount>
    <AwardInstrument>
      <Value>Continuing grant</Value>
    </AwardInstrument>
    <Organization>
      <Code>06030200</Code>
      <Directorate>
        <LongName>Directorate For Geosciences</LongName>
      </Directorate>
      <Division>
        <LongName>Division Of Earth Sciences</LongName>
      </Division>
    </Organization>
    <ProgramOfficer>
      <SignBlockName>Stephen S. Harlan</SignBlockName>
    </ProgramOfficer>
    <AbstractNarration>0001144 Chamberlain, Kevin R.&lt;br/&gt;0001241 Duebendorfer, Ernest M.&lt;br/&gt;&lt;br/&gt;A mesoproterozoic magmatic belt extends from California to Labrador, yet its tectonic significance is controversial, largely because of the absence of regionally extensive structures of pervasive fabrics that can be used to deduce tectonic setting. This project addresses this problem by an integrated program of mapping, structural analysis and U-Pb geochronology on synkinematic minerals from 1.4 Ga shear zones in Southern Wyoming. Results are expected to help resolve various compressional or extensional models for this tectonic episode.</AbstractNarration>
    <MinAmdLetterDate>07/12/2000</MinAmdLetterDate>
    <MaxAmdLetterDate>05/23/2002</MaxAmdLetterDate>
    <ARRAAmount/>
    <AwardID>0001144</AwardID>
    <Investigator>
      <FirstName>Kevin</FirstName>
      <LastName>Chamberlain</LastName>
      <EmailAddress>kchamber@uwyo.edu</EmailAddress>
      <StartDate>07/12/2000</StartDate>
      <EndDate/>
      <RoleCode>Principal Investigator</RoleCode>
    </Investigator>
    <Institution>
      <Name>University of Wyoming</Name>
      <CityName>Laramie</CityName>
      <ZipCode>820712000</ZipCode>
      <PhoneNumber>3077665320</PhoneNumber>
      <StreetAddress>1000 E. University Avenue</StreetAddress>
      <CountryName>United States</CountryName>
      <StateName>Wyoming</StateName>
      <StateCode>WY</StateCode>
    </Institution>
    <FoaInformation>
      <Code>0000099</Code>
      <Name>Other Applications NEC</Name>
    </FoaInformation>
  </Award>
</rootTag>
