<?xml version="1.0" encoding="UTF-8"?>

<rootTag>
  <Award>
    <AwardTitle>Interaction Between Magma &amp; Altered Crust on a Mature Oceanic Island: An Isotope &amp; Trace Element Study of the Diego Hernandez Fmtn, Las Canadas Caldera, Tenerife, Canary Islands</AwardTitle>
    <AwardEffectiveDate>07/01/2000</AwardEffectiveDate>
    <AwardExpirationDate>06/30/2002</AwardExpirationDate>
    <AwardAmount>183839</AwardAmount>
    <AwardInstrument>
      <Value>Standard Grant</Value>
    </AwardInstrument>
    <Organization>
      <Code>06030107</Code>
      <Directorate>
        <LongName>Directorate For Geosciences</LongName>
      </Directorate>
      <Division>
        <LongName>Division Of Earth Sciences</LongName>
      </Division>
    </Organization>
    <ProgramOfficer>
      <SignBlockName>Glen S. Mattioli</SignBlockName>
    </ProgramOfficer>
    <AbstractNarration>EAR-0001013&lt;br/&gt;Wolff/Larson&lt;br/&gt;&lt;br/&gt;Much of our understanding of how Earth's mantle works comes from measurements of trace element abundances and isotope ratios in ocean island basalts. Both act as conservative "flight recorders" of the mantle sources and transport histories of magma up to the point of eruption and freezing upon Earth's surface. Application of basalt geochemistry to the mantle depends on the assumption that basaltic magmas are not significantly affected by their passage through the crust en route to the surface. While most scientists would admit the possibility of some degree of host-rock assimilation by rising magma, a powerful argument in favor of ocean island basalts as faithful recorders of source chemistry is that crustal host-rocks - dominantly earlier erupted basalts - exert no chemical leverage on the magma that they may be incorporated into. We shall test this assertion, and place limits on the maximum extent of assimilation that may reasonably be expected in an ocean island setting, by studying an extreme case. In contrast to many islands, Tenerife has an extensive development of fusible felsic rocks both on the surface and within the island structure. Also, in the formation we propose to study, there is abundant evidence for intimate mingling of mantle-derived basaltic magmas with felsic magma, some of which is derived from melting of subsurface rock. The preservation of mingling textures in rapidly-quenched ignimbrites will allow us to study basaltic-felsic interactions in detail, while the compositional leverage provided by the felsic rocks will allow us to constrain the extent to which the mantle isotopic and, especially, trace-element characteristics of ocean-island basalts are compromised by crustal interactions.</AbstractNarration>
    <MinAmdLetterDate>06/21/2000</MinAmdLetterDate>
    <MaxAmdLetterDate>06/21/2000</MaxAmdLetterDate>
    <ARRAAmount/>
    <AwardID>0001013</AwardID>
    <Investigator>
      <FirstName>John</FirstName>
      <LastName>Wolff</LastName>
      <EmailAddress>jawolff@mail.wsu.edu</EmailAddress>
      <StartDate>06/21/2000</StartDate>
      <EndDate/>
      <RoleCode>Principal Investigator</RoleCode>
    </Investigator>
    <Investigator>
      <FirstName>Peter</FirstName>
      <LastName>Larson</LastName>
      <EmailAddress>plarson@wsu.edu</EmailAddress>
      <StartDate>06/21/2000</StartDate>
      <EndDate/>
      <RoleCode>Co-Principal Investigator</RoleCode>
    </Investigator>
    <Institution>
      <Name>Washington State University</Name>
      <CityName>PULLMAN</CityName>
      <ZipCode>991641060</ZipCode>
      <PhoneNumber>5093359661</PhoneNumber>
      <StreetAddress>280 Lighty</StreetAddress>
      <CountryName>United States</CountryName>
      <StateName>Washington</StateName>
      <StateCode>WA</StateCode>
    </Institution>
    <FoaInformation>
      <Code>0000099</Code>
      <Name>Other Applications NEC</Name>
    </FoaInformation>
    <ProgramElement>
      <Code>1573</Code>
      <Text>PETROLOGY AND GEOCHEMISTRY</Text>
    </ProgramElement>
    <ProgramReference>
      <Code>0000</Code>
      <Text>UNASSIGNED</Text>
    </ProgramReference>
    <ProgramReference>
      <Code>OTHR</Code>
      <Text>OTHER RESEARCH OR EDUCATION</Text>
    </ProgramReference>
  </Award>
</rootTag>
