<?xml version="1.0" encoding="UTF-8"?>

<rootTag>
  <Award>
    <AwardTitle>Reduced Models for Compressible Turbulence in the High-Lundquist-Number Solar Wind</AwardTitle>
    <AwardEffectiveDate>08/15/2000</AwardEffectiveDate>
    <AwardExpirationDate>08/31/2003</AwardExpirationDate>
    <AwardAmount>172880</AwardAmount>
    <AwardInstrument>
      <Value>Continuing grant</Value>
    </AwardInstrument>
    <Organization>
      <Code>06020203</Code>
      <Directorate>
        <LongName>Directorate For Geosciences</LongName>
      </Directorate>
      <Division>
        <LongName>Div Atmospheric &amp; Geospace Sciences</LongName>
      </Division>
    </Organization>
    <ProgramOfficer>
      <SignBlockName>Thomas J. Bogdan</SignBlockName>
    </ProgramOfficer>
    <AbstractNarration>ABSTRACT: ATM 00-001317&lt;br/&gt;&lt;br/&gt;Proposal Title: Reduced Models for Compressible Turbulence in the High Lundquist Number Solar Wind&lt;br/&gt;&lt;br/&gt;Principal Investigator: Amitava Bhattacharjee, University of Iowa &lt;br/&gt;&lt;br/&gt;The investigators will study the anisotropy and spatial inhomogeneity of the energy spectrum of turbulence in the solar wind, with explicit treatment of the solar wind plasma as a compressible fluid. The main effort is to use a reduced set of magnetohydrodynamic (MHD) tailored to the plasma regimes relevant to the solar winds to describe mutual, simultaneous interactions of three and four propagating waves. Over the past few years the investigators have developed the so-called four-field system of equations that has shown much promise in describing turbulence in plasmas at modest (~ 1) beta. Numerical solutions of these equations have been compared, and found to be in good agreement, with results from compressible MHD simulations. The proposed work builds on this recent success. In addition, Hall-MHD simulations will be used to examine wave-wave interaction processes occurring at shorter wavelengths. Eventually, the four-field approximation will be extended to include this shorter scale physics with the addition of a generalized Ohm's law in the formulation.</AbstractNarration>
    <MinAmdLetterDate>08/22/2000</MinAmdLetterDate>
    <MaxAmdLetterDate>06/13/2001</MaxAmdLetterDate>
    <ARRAAmount/>
    <AwardID>0001317</AwardID>
    <Investigator>
      <FirstName>Chung-Sang</FirstName>
      <LastName>Ng</LastName>
      <EmailAddress>cng2@alaska.edu</EmailAddress>
      <StartDate>08/22/2000</StartDate>
      <EndDate/>
      <RoleCode>Co-Principal Investigator</RoleCode>
    </Investigator>
    <Investigator>
      <FirstName>Amitava</FirstName>
      <LastName>Bhattacharjee</LastName>
      <EmailAddress>amitava@princeton.edu</EmailAddress>
      <StartDate>08/22/2000</StartDate>
      <EndDate/>
      <RoleCode>Principal Investigator</RoleCode>
    </Investigator>
    <Institution>
      <Name>University of Iowa</Name>
      <CityName>IOWA CITY</CityName>
      <ZipCode>522421320</ZipCode>
      <PhoneNumber>3193352123</PhoneNumber>
      <StreetAddress>2 GILMORE HALL</StreetAddress>
      <CountryName>United States</CountryName>
      <StateName>Iowa</StateName>
      <StateCode>IA</StateCode>
    </Institution>
    <FoaInformation>
      <Code>0205000</Code>
      <Name>Space</Name>
    </FoaInformation>
    <ProgramElement>
      <Code>1523</Code>
      <Text>SOLAR-TERRESTRIAL</Text>
    </ProgramElement>
    <ProgramReference>
      <Code>0000</Code>
      <Text>UNASSIGNED</Text>
    </ProgramReference>
    <ProgramReference>
      <Code>1062</Code>
      <Text>BASIC PLASMA SCIENCE &amp; ENGINEERING</Text>
    </ProgramReference>
    <ProgramReference>
      <Code>OTHR</Code>
      <Text>OTHER RESEARCH OR EDUCATION</Text>
    </ProgramReference>
  </Award>
</rootTag>
