<?xml version="1.0" encoding="UTF-8"?>

<rootTag>
  <Award>
    <AwardTitle>Collaborative Research: Origins of Phenocrysts and Xenocrysts in the Bishop Tuff Rhyolitic Magma</AwardTitle>
    <AwardEffectiveDate>07/01/2000</AwardEffectiveDate>
    <AwardExpirationDate>06/30/2003</AwardExpirationDate>
    <AwardAmount>108730</AwardAmount>
    <AwardInstrument>
      <Value>Standard Grant</Value>
    </AwardInstrument>
    <Organization>
      <Code>06030107</Code>
      <Directorate>
        <LongName>Directorate For Geosciences</LongName>
      </Directorate>
      <Division>
        <LongName>Division Of Earth Sciences</LongName>
      </Division>
    </Organization>
    <ProgramOfficer>
      <SignBlockName>Glen S. Mattioli</SignBlockName>
    </ProgramOfficer>
    <AbstractNarration>Anderson/Wallace&lt;br/&gt;EAR-0001154&lt;br/&gt;EAR-0001182&lt;br/&gt;&lt;br/&gt;The objectives of this study are to document the sources of crystals in the Bishop Tuff, a large volume, fragmental deposit of silicic volcanic rock that formed as a result of a huge explosive eruption, about 500 times larger than the 1980 Mt. St. Helens eruption. The crystals are important because they contain a record of processes related to how the magma formed and how and why it erupted. The traditional interpretation for the origins of such crystals is that they grow from the melt in which they erupt (such crystals are termed 'phenocrysts'). Recently, this traditional view has been challenged by those working with radiometric isotopic systems capable of providing independent measures of time. New interpretations are that most of the crystals formed a long time before eruption and were recycled from older, previously crystallized magma bodies (such crystals are termed 'xenocrysts'). Reheating of these older, largely crystalline bodies is hypothesized to have liberated crystals that became entrained in the erupting magma. In this interpretation, crystals contain little or no information about either how the magma formed or what made it erupt. Large bodies of silicic magma are an important part of planetary differentiation, and it is vital to test concepts that are related to their origin. A record of apparent formation of phenocrysts is contained in successively grown zones on crystals and in melt inclusions (now glass) that were trapped during crystal growth. We will use this record to test ideas regarding the sources of crystals in the Bishop Tuff magma. This study involves field relations of volcanic deposits, textural information, and geochemistry, and will provide an opportunity for students to learn and appreciate the need for field tests of hypothetical ideas.</AbstractNarration>
    <MinAmdLetterDate>06/19/2000</MinAmdLetterDate>
    <MaxAmdLetterDate>04/27/2001</MaxAmdLetterDate>
    <ARRAAmount/>
    <AwardID>0001154</AwardID>
    <Investigator>
      <FirstName>Andrew</FirstName>
      <LastName>Davis</LastName>
      <EmailAddress>a-davis@uchicago.edu</EmailAddress>
      <StartDate>06/19/2000</StartDate>
      <EndDate/>
      <RoleCode>Co-Principal Investigator</RoleCode>
    </Investigator>
    <Investigator>
      <FirstName>Ian</FirstName>
      <LastName>Steele</LastName>
      <EmailAddress>steele@geosci.uchicago.edu</EmailAddress>
      <StartDate>06/19/2000</StartDate>
      <EndDate/>
      <RoleCode>Co-Principal Investigator</RoleCode>
    </Investigator>
    <Investigator>
      <FirstName>Alfred</FirstName>
      <LastName>Anderson</LastName>
      <EmailAddress>canderso@uchicago.edu</EmailAddress>
      <StartDate>06/19/2000</StartDate>
      <EndDate/>
      <RoleCode>Principal Investigator</RoleCode>
    </Investigator>
    <Institution>
      <Name>University of Chicago</Name>
      <CityName>Chicago</CityName>
      <ZipCode>606375418</ZipCode>
      <PhoneNumber>7737028669</PhoneNumber>
      <StreetAddress>5801 South Ellis Avenue</StreetAddress>
      <CountryName>United States</CountryName>
      <StateName>Illinois</StateName>
      <StateCode>IL</StateCode>
    </Institution>
    <FoaInformation>
      <Code>0000099</Code>
      <Name>Other Applications NEC</Name>
    </FoaInformation>
    <ProgramElement>
      <Code>1573</Code>
      <Text>PETROLOGY AND GEOCHEMISTRY</Text>
    </ProgramElement>
    <ProgramElement>
      <Code>1580</Code>
      <Text>INSTRUMENTATION &amp; FACILITIES</Text>
    </ProgramElement>
    <ProgramReference>
      <Code>0000</Code>
      <Text>UNASSIGNED</Text>
    </ProgramReference>
    <ProgramReference>
      <Code>OTHR</Code>
      <Text>OTHER RESEARCH OR EDUCATION</Text>
    </ProgramReference>
  </Award>
</rootTag>
