<?xml version="1.0" encoding="UTF-8"?>

<rootTag>
  <Award>
    <AwardTitle>Collaborative Research: 4-D Assessment of the Earliest Magmatism in a Continental Margin Arc</AwardTitle>
    <AwardEffectiveDate>07/15/2000</AwardEffectiveDate>
    <AwardExpirationDate>06/30/2005</AwardExpirationDate>
    <AwardAmount>106997</AwardAmount>
    <AwardInstrument>
      <Value>Continuing grant</Value>
    </AwardInstrument>
    <Organization>
      <Code>06030103</Code>
      <Directorate>
        <LongName>Directorate For Geosciences</LongName>
      </Directorate>
      <Division>
        <LongName>Division Of Earth Sciences</LongName>
      </Division>
    </Organization>
    <ProgramOfficer>
      <SignBlockName>David Fountain</SignBlockName>
    </ProgramOfficer>
    <AbstractNarration>0000719 Beard&lt;br/&gt;0001004 Crawford&lt;br/&gt;0001102 Sinha&lt;br/&gt;As exotic material accretes to a continental margin by convergent tectonics, a number of important changes in conditions occurs, some of which lead to production of magma that subsequently becomes involved in the ongoing structural development of the accretion. As tonalitic plutons are commonly generated as continental margin arcs accrete, their composition provides information about the P-T-X H2O conditions of the source region, and combined with fabric and structural data, provide constraints for the transport and emplacement processes that might lead to chemical modification of magmas as they traverse and are emplaced in the crust. The project will utilize a suite of tonalitic plutons on Revillagigedo Island in southeastern Alaska that record early stages of continental arc magmatism. Results are expected to detail and track the origin, modification and tectonic interactions of these magmas in this convergent setting.</AbstractNarration>
    <MinAmdLetterDate>06/28/2000</MinAmdLetterDate>
    <MaxAmdLetterDate>05/30/2002</MaxAmdLetterDate>
    <ARRAAmount/>
    <AwardID>0001004</AwardID>
    <Investigator>
      <FirstName>Maria</FirstName>
      <LastName>Crawford</LastName>
      <EmailAddress>mcrawfor@brynmawr.edu</EmailAddress>
      <StartDate>06/28/2000</StartDate>
      <EndDate/>
      <RoleCode>Principal Investigator</RoleCode>
    </Investigator>
    <Institution>
      <Name>Bryn Mawr College</Name>
      <CityName>Bryn Mawr</CityName>
      <ZipCode>190102899</ZipCode>
      <PhoneNumber>6105265298</PhoneNumber>
      <StreetAddress>101 N. Merion Avenue</StreetAddress>
      <CountryName>United States</CountryName>
      <StateName>Pennsylvania</StateName>
      <StateCode>PA</StateCode>
    </Institution>
    <FoaInformation>
      <Code>0000099</Code>
      <Name>Other Applications NEC</Name>
    </FoaInformation>
  </Award>
</rootTag>
