<?xml version="1.0" encoding="UTF-8"?>

<rootTag>
  <Award>
    <AwardTitle>Structure and Composition of the Australian Continental Mantle</AwardTitle>
    <AwardEffectiveDate>07/15/2000</AwardEffectiveDate>
    <AwardExpirationDate>06/30/2003</AwardExpirationDate>
    <AwardAmount>180000</AwardAmount>
    <AwardInstrument>
      <Value>Continuing grant</Value>
    </AwardInstrument>
    <Organization>
      <Code>06030204</Code>
      <Directorate>
        <LongName>Directorate For Geosciences</LongName>
      </Directorate>
      <Division>
        <LongName>Division Of Earth Sciences</LongName>
      </Division>
    </Organization>
    <ProgramOfficer>
      <SignBlockName>Kaye Shedlock</SignBlockName>
    </ProgramOfficer>
    <AbstractNarration>van der Hilst&lt;br/&gt;EAR-0001136&lt;br/&gt;&lt;br/&gt;&lt;br/&gt;This project will continue geophysical investigation of the Australian continent, and will provide new constraints on the short (seismic) and long term (flexural) strength of the Australian lithosphere and a better understanding of the origin of the wavespeed variations (composition, temperature, anisotropy) and the dynamic stability of the continent. The work project will expand the previously conducted seismic imaging (with emphasis on anisotropy and uncertainty assessment), develop and apply geodynamical tools to constrain the rheology of the continental upper mantle, and synthesize the results of geophysical probing and the available geological data. Specific objectives are: 1) produce high resolution models for P and S wavespeed and their ratio by joint inversion of P and S travel time residuals and fundamental and higher mode Rayleigh wave dispersion; 2) quantify azimuthal and radial seismic anisotropy by joint interpretation of Rayleigh wave dispersion and body wave birefringence and of the Love-Rayleigh discrepancy; 3) assess model uncertainty by application of different inversion techniques and by using a Spectral Element Method to calculate synthetic seismograms for the 3D anisotropic models; 4) further constrain lithospheric thickness with radial changes in the character of azimuthal and radial anisotropy; 5) determine the (anisotropic) effective elastic thickness of the continental plate and its relationship with seismic lid thickness and anisotropy and with intra-plate deformation; 6) use geodyanmical calculations and seismological constraints to model sub-lithospheric anisotropy and mantle flow around continental keels; 7) combine gravity/geoid anomalies, heat flow, and the 3D wavespeed models to constrain 3D variations of compositional bouyancy in the continental mantle.</AbstractNarration>
    <MinAmdLetterDate>07/27/2000</MinAmdLetterDate>
    <MaxAmdLetterDate>07/19/2002</MaxAmdLetterDate>
    <ARRAAmount/>
    <AwardID>0001136</AwardID>
    <Institution>
      <Name>Massachusetts Institute of Technology</Name>
      <CityName>Cambridge</CityName>
      <ZipCode>021394301</ZipCode>
      <PhoneNumber>6172531000</PhoneNumber>
      <StreetAddress>77 MASSACHUSETTS AVE</StreetAddress>
      <CountryName>United States</CountryName>
      <StateName>Massachusetts</StateName>
      <StateCode>MA</StateCode>
    </Institution>
    <FoaInformation>
      <Code>0000099</Code>
      <Name>Other Applications NEC</Name>
    </FoaInformation>
    <ProgramElement>
      <Code>1574</Code>
      <Text>GEOPHYSICS</Text>
    </ProgramElement>
    <ProgramReference>
      <Code>0000</Code>
      <Text>UNASSIGNED</Text>
    </ProgramReference>
    <ProgramReference>
      <Code>OTHR</Code>
      <Text>OTHER RESEARCH OR EDUCATION</Text>
    </ProgramReference>
  </Award>
</rootTag>
