<?xml version="1.0" encoding="UTF-8"?>

<rootTag>
  <Award>
    <AwardTitle>Collaborative Research: A Diagnostic and Modeling Study of Stratosphere-Troposphere Coupling in the Arctic Oscillation</AwardTitle>
    <AwardEffectiveDate>06/01/2000</AwardEffectiveDate>
    <AwardExpirationDate>05/31/2004</AwardExpirationDate>
    <AwardAmount>267306</AwardAmount>
    <AwardInstrument>
      <Value>Continuing grant</Value>
    </AwardInstrument>
    <Organization>
      <Code>06020106</Code>
      <Directorate>
        <LongName>Directorate For Geosciences</LongName>
      </Directorate>
      <Division>
        <LongName>Div Atmospheric &amp; Geospace Sciences</LongName>
      </Division>
    </Organization>
    <ProgramOfficer>
      <SignBlockName>Jay S. Fein</SignBlockName>
    </ProgramOfficer>
    <AbstractNarration>ABSTRACT&lt;br/&gt;ATM-0001325 &amp; ATM-0001346&lt;br/&gt;Robinson, Walter &amp; Black, Robert&lt;br/&gt;University of Illinois &amp; Georgia Institute of Technology&lt;br/&gt;&lt;br/&gt;The collaborative research will examine coupling between the troposphere and stratosphere. &lt;br/&gt;Until recently, the dynamical coupling has been regarded as uni-directional with tropospheric planetary waves propagating upwards, and inducing changes in stratospheric dynamical fields. Recent evidence indicates variations in the stratospheric polar vortex can also directly induce significant circulation anomalies in the troposphere. The PIs propose to study the coupling between stratosphere and troposphere during intraseasonal AO events, by applying potential vorticity (PV) and diagnostic modeling approaches, to both observational analyses and mechanistic numerical modeling experiment. The work is important because it will increase our knowledge and understanding of high latitude climate variability due to the Arctic Oscillation</AbstractNarration>
    <MinAmdLetterDate>06/03/2000</MinAmdLetterDate>
    <MaxAmdLetterDate>04/16/2002</MaxAmdLetterDate>
    <ARRAAmount/>
    <AwardID>0001346</AwardID>
    <Investigator>
      <FirstName>Robert</FirstName>
      <LastName>Black</LastName>
      <EmailAddress>rob.black@eas.gatech.edu</EmailAddress>
      <StartDate>06/03/2000</StartDate>
      <EndDate/>
      <RoleCode>Principal Investigator</RoleCode>
    </Investigator>
    <Institution>
      <Name>Georgia Tech Research Corporation</Name>
      <CityName>Atlanta</CityName>
      <ZipCode>303320420</ZipCode>
      <PhoneNumber>4048944819</PhoneNumber>
      <StreetAddress>Office of Sponsored Programs</StreetAddress>
      <CountryName>United States</CountryName>
      <StateName>Georgia</StateName>
      <StateCode>GA</StateCode>
    </Institution>
    <FoaInformation>
      <Code>0319000</Code>
      <Name>Climate Related Activities</Name>
    </FoaInformation>
  </Award>
</rootTag>
