<?xml version="1.0" encoding="UTF-8"?>

<rootTag>
  <Award>
    <AwardTitle>Experimental Petrology of Garnet Lherzolite Melting</AwardTitle>
    <AwardEffectiveDate>07/01/2000</AwardEffectiveDate>
    <AwardExpirationDate>06/30/2003</AwardExpirationDate>
    <AwardAmount>161867</AwardAmount>
    <AwardInstrument>
      <Value>Standard Grant</Value>
    </AwardInstrument>
    <Organization>
      <Code>06030107</Code>
      <Directorate>
        <LongName>Directorate For Geosciences</LongName>
      </Directorate>
      <Division>
        <LongName>Division Of Earth Sciences</LongName>
      </Division>
    </Organization>
    <ProgramOfficer>
      <SignBlockName>Sonia Esperanca</SignBlockName>
    </ProgramOfficer>
    <AbstractNarration>Lesher&lt;br/&gt;EAR-0001245&lt;br/&gt;&lt;br/&gt;&lt;br/&gt;This program investigates melting of nominally anhydrous garnet peridotite between 3 and 5.5 GPa using the octahedral multianvil apparatus. The goals of the experiments are determination of 1) high pressure solidii in P-T space, 2) the compositions of near-solidus melts and crystals, 3) the specifics of the melting reaction, and 4) the functional relationships between temperature and melt fraction required to determine melt productivity. We are performing experiments on a range of garnet lherzolite compositions that differ in the proportion of clinopyroxene. These compositions extend the observational basis for peridotite melting of typical MORB mantle to possible analogs for plume mantle. The experiemts employ micro-exchange techniques to characterize the compositions of melt fractions below 0.1, and more classical approaches at higher melt fractions. Exhaustive P-T calibration work in our laboratory above 3 GPa ensures a level of reproducibility and control of sample environment in the multianvil apparatus similar to that routinely achieved in the piston-cylinder apparatus at lower pressures. The fundamental phase equilibrium data at high pressures obtained in this study will contribution to the very limited experimental database for garnet peridotite melting. Such data are essential for quantitative modeling of melting of peridotite by mantle upwelling beneath ocean spreading ridges, oceanic lithosphere, and continents.</AbstractNarration>
    <MinAmdLetterDate>06/13/2000</MinAmdLetterDate>
    <MaxAmdLetterDate>04/13/2001</MaxAmdLetterDate>
    <ARRAAmount/>
    <AwardID>0001245</AwardID>
    <Investigator>
      <FirstName>Charles</FirstName>
      <LastName>Lesher</LastName>
      <EmailAddress>celesher@ucdavis.edu</EmailAddress>
      <StartDate>06/13/2000</StartDate>
      <EndDate/>
      <RoleCode>Principal Investigator</RoleCode>
    </Investigator>
    <Institution>
      <Name>University of California-Davis</Name>
      <CityName>Davis</CityName>
      <ZipCode>956186134</ZipCode>
      <PhoneNumber>5307547700</PhoneNumber>
      <StreetAddress>OR/Sponsored Programs</StreetAddress>
      <CountryName>United States</CountryName>
      <StateName>California</StateName>
      <StateCode>CA</StateCode>
    </Institution>
    <FoaInformation>
      <Code>0000099</Code>
      <Name>Other Applications NEC</Name>
    </FoaInformation>
    <ProgramElement>
      <Code>1573</Code>
      <Text>PETROLOGY AND GEOCHEMISTRY</Text>
    </ProgramElement>
    <ProgramReference>
      <Code>0000</Code>
      <Text>UNASSIGNED</Text>
    </ProgramReference>
    <ProgramReference>
      <Code>9178</Code>
      <Text>UNDERGRADUATE EDUCATION</Text>
    </ProgramReference>
    <ProgramReference>
      <Code>9251</Code>
      <Text>RES EXPER FOR UNDERGRAD-SUPPLT</Text>
    </ProgramReference>
    <ProgramReference>
      <Code>OTHR</Code>
      <Text>OTHER RESEARCH OR EDUCATION</Text>
    </ProgramReference>
    <ProgramReference>
      <Code>SMET</Code>
      <Text>SCIENCE, MATH, ENG &amp; TECH EDUCATION</Text>
    </ProgramReference>
  </Award>
</rootTag>
