<?xml version="1.0" encoding="UTF-8"?>

<rootTag>
  <Award>
    <AwardTitle>Equations of State, Elasticity, and Rheology of Earth Materials at High Pressures and Temperatures</AwardTitle>
    <AwardEffectiveDate>08/01/2000</AwardEffectiveDate>
    <AwardExpirationDate>07/31/2004</AwardExpirationDate>
    <AwardAmount>467336</AwardAmount>
    <AwardInstrument>
      <Value>Continuing grant</Value>
    </AwardInstrument>
    <Organization>
      <Code>06030204</Code>
      <Directorate>
        <LongName>Directorate For Geosciences</LongName>
      </Directorate>
      <Division>
        <LongName>Division Of Earth Sciences</LongName>
      </Division>
    </Organization>
    <ProgramOfficer>
      <SignBlockName>Robin Reichlin</SignBlockName>
    </ProgramOfficer>
    <AbstractNarration>Mao &lt;br/&gt;&lt;br/&gt;0001173 &lt;br/&gt;&lt;br/&gt;&lt;br/&gt;&lt;br/&gt;A series of high-pressure experimental studies of the elasticity and equations of state of mantle and core materials needed to address major problems concerning the structure, dynamics, and evolution of the Earth's deep interior is proposed. The project takes advantage of numerous recent developments in diamond-anvil cell techniques, including cell design, high-temperature methods, synchrotron single-crystal and polycrystalline x-ray diffraction, synchrotron x-ray spectroscopy, and Brillouin scattering spectroscopy. The following experiments will be performed. (1) P-V-T equations of state of iron, iron alloys, and iron compounds will be studied to core pressures using polycrystalline x-ray diffraction with monochromatic x-radiation, hydrostatic pressure media, and an improved pressure calibration. (2) The shear modulus and elasticity tensor of core materials (initially e-Fe) will be determined up to 50 GPa and temperatures up to 1500 K using radial x-ray diffraction methods with monochromatic synchrotron radiation. (3) The technique will be further applied to study the rheological properties of these materials (including Fe, Fe-Ni, FeO, and FeS2) with accurate measurements of the intensities of reflections as a function of temperature and time. (4) The phonon densities of states of iron-bearing materials will be determined to core pressures using nuclear resonant inelastic x-ray scattering, as recently done for Fe to 153 GPa. Combined with theoretical calculations, the technique will be extended in later stages of the project to simultaneous high pressures and temperatures. (5) The P-V-T equations of state of principal deep mantle oxide and silicate phases will be determined using polycrystalline x-ray diffraction in hydrostatic media over the entire geotherm of the lower mantle. (6) This will be complemented by single-crystal x-ray diffraction of select phases for complete structure refinements to &gt;100 GPa using a new combined energy dispersive/angle dispersive technique. (7) Brillouin scattering measurements of deep mantle phases [initially stishovite and (Mg,Fe)SiO3 perovskite] will be carried out to pressures above 50 GPa, and in the later stages of the project their temperature derivatives will be determined with resistive heating techniques. These results will provide an essential baseline for interpreting seismic velocity distributions and anisotropy of the lower mantle. (8) Finally, the calibration of pressure will be extended to high pressures and temperatures (&gt;800 K and &gt;50 GPa) using the integrated Brillouin/x-ray diffraction approach recently applied to MgO at room temperature.</AbstractNarration>
    <MinAmdLetterDate>07/27/2000</MinAmdLetterDate>
    <MaxAmdLetterDate>07/22/2003</MaxAmdLetterDate>
    <ARRAAmount/>
    <AwardID>0001173</AwardID>
    <Investigator>
      <FirstName>Ho-kwang</FirstName>
      <LastName>Mao</LastName>
      <EmailAddress>mao@gl.ciw.edu</EmailAddress>
      <StartDate>07/27/2000</StartDate>
      <EndDate/>
      <RoleCode>Principal Investigator</RoleCode>
    </Investigator>
    <Investigator>
      <FirstName>Russell</FirstName>
      <LastName>Hemley</LastName>
      <EmailAddress>rhemley@ciw.edu</EmailAddress>
      <StartDate>07/27/2000</StartDate>
      <EndDate/>
      <RoleCode>Co-Principal Investigator</RoleCode>
    </Investigator>
    <Institution>
      <Name>Carnegie Institution of Washington</Name>
      <CityName>WASHINGTON</CityName>
      <ZipCode>200051910</ZipCode>
      <PhoneNumber>2023876400</PhoneNumber>
      <StreetAddress>1530 P ST NW</StreetAddress>
      <CountryName>United States</CountryName>
      <StateName>District of Columbia</StateName>
      <StateCode>DC</StateCode>
    </Institution>
    <FoaInformation>
      <Code>0000099</Code>
      <Name>Other Applications NEC</Name>
    </FoaInformation>
    <ProgramElement>
      <Code>1574</Code>
      <Text>GEOPHYSICS</Text>
    </ProgramElement>
    <ProgramElement>
      <Code>1580</Code>
      <Text>INSTRUMENTATION &amp; FACILITIES</Text>
    </ProgramElement>
    <ProgramElement>
      <Code>5979</Code>
      <Text>CENTRAL &amp; EASTERN EUROPE PROGR</Text>
    </ProgramElement>
    <ProgramReference>
      <Code>0000</Code>
      <Text>UNASSIGNED</Text>
    </ProgramReference>
    <ProgramReference>
      <Code>1031</Code>
      <Text>STUDIES OF THE EARTH'S DEEP INTERIOR</Text>
    </ProgramReference>
    <ProgramReference>
      <Code>5973</Code>
      <Text>FSU SUPPLEMENTS</Text>
    </ProgramReference>
    <ProgramReference>
      <Code>OTHR</Code>
      <Text>OTHER RESEARCH OR EDUCATION</Text>
    </ProgramReference>
  </Award>
</rootTag>
