<?xml version="1.0" encoding="UTF-8"?>

<rootTag>
  <Award>
    <AwardTitle>Post-Seismic Deformation for the 1999 IZMIT/DUZCE Turkey Earthquake Sequence</AwardTitle>
    <AwardEffectiveDate>08/15/2000</AwardEffectiveDate>
    <AwardExpirationDate>07/31/2003</AwardExpirationDate>
    <AwardAmount>65970</AwardAmount>
    <AwardInstrument>
      <Value>Standard Grant</Value>
    </AwardInstrument>
    <Organization>
      <Code>06030204</Code>
      <Directorate>
        <LongName>Directorate For Geosciences</LongName>
      </Directorate>
      <Division>
        <LongName>Division Of Earth Sciences</LongName>
      </Division>
    </Organization>
    <ProgramOfficer>
      <SignBlockName>Robin Reichlin</SignBlockName>
    </ProgramOfficer>
    <AbstractNarration>Robert E. Reilinger&lt;br/&gt;EAR-0001095&lt;br/&gt;&lt;br/&gt;The Investigators propose to monitor and analyze postseismic deformation for the 17 August 1999, Izmit (M=7.4) and the 12 November 1999, Duzce (M=7.1), Turkey earthquakes. Together, these earthquakes resulted in a continuous surface break along a 150-km segment of the western North Anatolian fault, with right-lateral surface offsets reaching 5 m. The tight constraints on secular strain and co-seismic fault slip for these events and the detailed monitoring of the early phase of post-seismic motions, provide an important opportunity to develop the observations needed to constrain models of after-slip and viscoelastic relaxation. Distinguishing the possible contributions of these mechanisms has implications for the rheology of the continental lithoshere and localized rheology in the fault zone - rheological properties that are currently poorly constrained by observations and that are critically important for modeling dynamic processes associated with plate interactions. In addition, it is anticipated that the results of this study will enhance our understanding of the mechanics of the earthquake cycle in this and similar tectonic regions (such as the San Andreas fault). While this work is not meant to be a comprehensive study of earthquake hazards in this area, the results will be directly relevant to estimating the partitioning of slip on the various branches of the NAF in the Marmara region. Furthermore, the co-seismic and post-seismic fault parameters resulting from the proposed research are needed to constrain models for stress transfer to adjacent fault segments, providing an improved physical basis for estimating earthquake hazards.</AbstractNarration>
    <MinAmdLetterDate>08/21/2000</MinAmdLetterDate>
    <MaxAmdLetterDate>08/21/2000</MaxAmdLetterDate>
    <ARRAAmount/>
    <AwardID>0001095</AwardID>
    <Investigator>
      <FirstName>Robert</FirstName>
      <LastName>King</LastName>
      <EmailAddress>rwk@chandler.mit.edu</EmailAddress>
      <StartDate>08/21/2000</StartDate>
      <EndDate/>
      <RoleCode>Co-Principal Investigator</RoleCode>
    </Investigator>
    <Investigator>
      <FirstName>Robert</FirstName>
      <LastName>Reilinger</LastName>
      <EmailAddress>reilinge@erl.mit.edu</EmailAddress>
      <StartDate>08/21/2000</StartDate>
      <EndDate/>
      <RoleCode>Principal Investigator</RoleCode>
    </Investigator>
    <Institution>
      <Name>Massachusetts Institute of Technology</Name>
      <CityName>Cambridge</CityName>
      <ZipCode>021394301</ZipCode>
      <PhoneNumber>6172531000</PhoneNumber>
      <StreetAddress>77 MASSACHUSETTS AVE</StreetAddress>
      <CountryName>United States</CountryName>
      <StateName>Massachusetts</StateName>
      <StateCode>MA</StateCode>
    </Institution>
    <FoaInformation>
      <Code>0000099</Code>
      <Name>Other Applications NEC</Name>
    </FoaInformation>
    <ProgramElement>
      <Code>1574</Code>
      <Text>GEOPHYSICS</Text>
    </ProgramElement>
    <ProgramReference>
      <Code>0000</Code>
      <Text>UNASSIGNED</Text>
    </ProgramReference>
    <ProgramReference>
      <Code>1576</Code>
      <Text>NATIONL EARTHQK HZRD REDCT PRG</Text>
    </ProgramReference>
    <ProgramReference>
      <Code>OTHR</Code>
      <Text>OTHER RESEARCH OR EDUCATION</Text>
    </ProgramReference>
    <ProgramReference>
      <Code>5976</Code>
      <Text>AFRICA, NEAR EAST, &amp; SO ASIA</Text>
    </ProgramReference>
  </Award>
</rootTag>
