<?xml version="1.0" encoding="UTF-8"?>

<rootTag>
  <Award>
    <AwardTitle>Investigations of Spatial and Temporal Variations in Strain Accumulation at the Sumatra Subduction Zone from Continuous GPS Measurements</AwardTitle>
    <AwardEffectiveDate>08/01/2000</AwardEffectiveDate>
    <AwardExpirationDate>07/31/2001</AwardExpirationDate>
    <AwardAmount>56106</AwardAmount>
    <AwardInstrument>
      <Value>Standard Grant</Value>
    </AwardInstrument>
    <Organization>
      <Code>06030204</Code>
      <Directorate>
        <LongName>Directorate For Geosciences</LongName>
      </Directorate>
      <Division>
        <LongName>Division Of Earth Sciences</LongName>
      </Division>
    </Organization>
    <ProgramOfficer>
      <SignBlockName>Robin Reichlin</SignBlockName>
    </ProgramOfficer>
    <AbstractNarration>Bock &lt;br/&gt;&lt;br/&gt;0001090 &lt;br/&gt;&lt;br/&gt;&lt;br/&gt;&lt;br/&gt;The west coast of Sumatra and the Mentawai Islands offer a unique opportunity to study the process of strain accumulation and release along the Sumatran fault and subduction zone. Two giant historical earthquakes (1833 and 1861) suggest that infrequent very-large earthquakes dominate strain relief at the Sumatra subduction zone. The Sumatran fault has also been known to produce several Mw&gt;7 earthquakes. GPS measurements collected from 1989 to 1993 revealed the spatial distribution of surface deformation, suggesting that the subduction interface is completely locked along the source region of the 1833 giant earthquake, but is only partially locked along the source region of the 1861 event. The data have also resulted in slip rate estimates for several segments of the Sumatran fault. &lt;br/&gt;&lt;br/&gt;&lt;br/&gt;&lt;br/&gt;The investigators plan to conduct campaign-style surveys at approximately fifty of their established GPS monuments on Sumatra and the Mentawai islands. The new measurements from these sites will be analyzed in conjunction with their earlier data to obtain an updated, time-averaged velocity field for the Sumatra forearc and one segment of the Sumatran fault. With this analysis they hope to resolve two important questions about the Sumatran fault and subduction zone. First, they hope to determine whether the strain segmentation of the Sumatran subduction zone observed by the 1989-1994 measurements is a long-term signal, or if it was a transient effect caused by, for example, an aseismic slip event. The second question they hope to resolve is the slip rate for the Sumatran fault segment located about 1 S. Their current estimate of the slip rate there is 235 mm/yr, considerably larger than the 11 mm/yr estimated from stream offsets. &lt;br/&gt;&lt;br/&gt;&lt;br/&gt;&lt;br/&gt;This is a collaborative proposal between UCSD's Scripps Institution of Oceanography (SIO) and the Indonesian National Coordination Agency for Surveying and Mapping (BAKOSURTANAL).</AbstractNarration>
    <MinAmdLetterDate>07/31/2000</MinAmdLetterDate>
    <MaxAmdLetterDate>07/31/2000</MaxAmdLetterDate>
    <ARRAAmount/>
    <AwardID>0001090</AwardID>
    <Investigator>
      <FirstName>Yehuda</FirstName>
      <LastName>Bock</LastName>
      <EmailAddress>ybock@ucsd.edu</EmailAddress>
      <StartDate>07/31/2000</StartDate>
      <EndDate/>
      <RoleCode>Principal Investigator</RoleCode>
    </Investigator>
    <Institution>
      <Name>University of California-San Diego Scripps Inst of Oceanography</Name>
      <CityName>LA JOLLA</CityName>
      <ZipCode>920930210</ZipCode>
      <PhoneNumber>8585341293</PhoneNumber>
      <StreetAddress>8602 La Jolla Shores Dr</StreetAddress>
      <CountryName>United States</CountryName>
      <StateName>California</StateName>
      <StateCode>CA</StateCode>
    </Institution>
    <FoaInformation>
      <Code>0000099</Code>
      <Name>Other Applications NEC</Name>
    </FoaInformation>
  </Award>
</rootTag>
