<?xml version="1.0" encoding="UTF-8"?>

<rootTag>
  <Award>
    <AwardTitle>Insights Into the Source of Relative Depletion and Enrichment of HFSE in Arc Lavas From High-Nb Basalts From the Sulu Arc (southern Philippines)</AwardTitle>
    <AwardEffectiveDate>07/01/2000</AwardEffectiveDate>
    <AwardExpirationDate>06/30/2003</AwardExpirationDate>
    <AwardAmount>139323</AwardAmount>
    <AwardInstrument>
      <Value>Standard Grant</Value>
    </AwardInstrument>
    <Organization>
      <Code>06030107</Code>
      <Directorate>
        <LongName>Directorate For Geosciences</LongName>
      </Directorate>
      <Division>
        <LongName>Division Of Earth Sciences</LongName>
      </Division>
    </Organization>
    <ProgramOfficer>
      <SignBlockName>Glen S. Mattioli</SignBlockName>
    </ProgramOfficer>
    <AbstractNarration>EAR-0001212&lt;br/&gt;Castillo&lt;br/&gt;One of the hallmark geochemical features of volcanic arc lavas is the depletion of their concentrations of high field strength elements (HFSE such as Nb, Ta, and Zr) relative to those of other trace elements. The main objective of this study is to test in the Sulu Arc models that have been proposed to explain this geochemical feature such as melting or dehydration of the subducted basaltic crust plus overlying sediments and presence of ocean island basalt source component in the mantle wedge beneath the arc. The Sulu Arc system offers a unique opportunity to constrain the origin of HFSE depletion in arc lavas because it contains basalts with variable Nb and other HFSE concentrations (i.e., from typical Nb-depleted arc basalts to rare high-Nb basalts) and the oceanic crust subducting beneath the arc system has been sampled by the Ocean Drilling Program. The investigation will employ various geochemical and isotopic tracers (e.g., REE, Nb/Ta, Ba/La, Pb/Ce, 87Sr/86Sr, 143Nd/144Nd, 206Pb/204Pb, 18O/16O) in order to fingerprint the behavior of many trace elements, particularly the HFSE, during the generation of arc lavas. Results of the study will also be useful for a general understanding of the source materials of lavas in the global arc system.</AbstractNarration>
    <MinAmdLetterDate>06/19/2000</MinAmdLetterDate>
    <MaxAmdLetterDate>06/19/2000</MaxAmdLetterDate>
    <ARRAAmount/>
    <AwardID>0001212</AwardID>
    <Investigator>
      <FirstName>Paterno</FirstName>
      <LastName>Castillo</LastName>
      <EmailAddress>pcastillo@ucsd.edu</EmailAddress>
      <StartDate>06/19/2000</StartDate>
      <EndDate/>
      <RoleCode>Principal Investigator</RoleCode>
    </Investigator>
    <Institution>
      <Name>University of California-San Diego Scripps Inst of Oceanography</Name>
      <CityName>LA JOLLA</CityName>
      <ZipCode>920930210</ZipCode>
      <PhoneNumber>8585341293</PhoneNumber>
      <StreetAddress>8602 La Jolla Shores Dr</StreetAddress>
      <CountryName>United States</CountryName>
      <StateName>California</StateName>
      <StateCode>CA</StateCode>
    </Institution>
    <FoaInformation>
      <Code>0000099</Code>
      <Name>Other Applications NEC</Name>
    </FoaInformation>
  </Award>
</rootTag>
