<?xml version="1.0" encoding="UTF-8"?>

<rootTag>
  <Award>
    <AwardTitle>Testing Transient Triggering of Earthquakes with Aftershock Spatial Distributions</AwardTitle>
    <AwardEffectiveDate>07/15/2000</AwardEffectiveDate>
    <AwardExpirationDate>06/30/2002</AwardExpirationDate>
    <AwardAmount>35422</AwardAmount>
    <AwardInstrument>
      <Value>Standard Grant</Value>
    </AwardInstrument>
    <Organization>
      <Code>06030204</Code>
      <Directorate>
        <LongName>Directorate For Geosciences</LongName>
      </Directorate>
      <Division>
        <LongName>Division Of Earth Sciences</LongName>
      </Division>
    </Organization>
    <ProgramOfficer>
      <SignBlockName>Robin Reichlin</SignBlockName>
    </ProgramOfficer>
    <AbstractNarration>The objective of this proposal is to illuminate the relative importance of the transient and permanent components of stress perturbations in triggering earthquake aftershocks. The PI proposes to undertake a study of the global scale that uses existing data. The simple notion that underlies the proposed work follows previous research on triggering of aftershocks by the Landers earthquake. For earthquakes that feature unilateral rupture propagation, permanent (static) stress changes are spatially symmetric while peak transient (dynamic) stresses are asymmetric. This difference provides a means to study the relative roles of each of these components of stress perturbations. The proposed work will seek to determine whether a systematic relationship exists between the spatial symmetries of aftershock distributions and the propagation characteristics (rupture directivity) of the mainshock. The research will: 1) survey databases and the literature to determine which earthquakes have both reliable estimates of directivity effects (or their absence), and statistically reliable aftershock (and before mainshock) catalogs, and 2) devise and apply metrics that compare the spatial distribution of stress fields with aftershock occurrence patterns, focussing on spatial symmetry or asymmetry. Additional research steps will also be included, such as waveform modeling of at least some earthquakes to constrain models of dynamic stresses at seismogenic depths and numerical elastic modeling to estimate the static stress field changes.</AbstractNarration>
    <MinAmdLetterDate>06/23/2000</MinAmdLetterDate>
    <MaxAmdLetterDate>01/24/2002</MaxAmdLetterDate>
    <ARRAAmount/>
    <AwardID>0001118</AwardID>
    <Investigator>
      <FirstName>Paul</FirstName>
      <LastName>Bodin</LastName>
      <EmailAddress>bodin@u.washington.edu</EmailAddress>
      <StartDate>06/23/2000</StartDate>
      <EndDate/>
      <RoleCode>Principal Investigator</RoleCode>
    </Investigator>
    <Institution>
      <Name>University of Memphis</Name>
      <CityName>Memphis</CityName>
      <ZipCode>381523370</ZipCode>
      <PhoneNumber>9016782533</PhoneNumber>
      <StreetAddress>Administration 315</StreetAddress>
      <CountryName>United States</CountryName>
      <StateName>Tennessee</StateName>
      <StateCode>TN</StateCode>
    </Institution>
    <FoaInformation>
      <Code>0000099</Code>
      <Name>Other Applications NEC</Name>
    </FoaInformation>
  </Award>
</rootTag>
