<?xml version="1.0" encoding="UTF-8"?>

<rootTag>
  <Award>
    <AwardTitle>Ship Operations</AwardTitle>
    <AwardEffectiveDate>01/01/2000</AwardEffectiveDate>
    <AwardExpirationDate>07/31/2003</AwardExpirationDate>
    <AwardAmount>2070508</AwardAmount>
    <AwardInstrument>
      <Value>Cooperative Agreement</Value>
    </AwardInstrument>
    <Organization>
      <Code>06040100</Code>
      <Directorate>
        <LongName>Directorate For Geosciences</LongName>
      </Directorate>
      <Division>
        <LongName>Division Of Ocean Sciences</LongName>
      </Division>
    </Organization>
    <ProgramOfficer>
      <SignBlockName>Linda Goad</SignBlockName>
    </ProgramOfficer>
    <AbstractNarration>OCE 0001285&lt;br/&gt;Barber&lt;br/&gt;&lt;br/&gt;Duke University will operate the R/V Cape Hatteras during 2000 as a general oceanographic research vessel in support of NSF-supported research projects. The Cape Hatteras is a 135 ft. vessel, constructed in 1981, and is owned by NSFand operated by Duke University. The vessel is scheduled for a total of 190 operational days during 2000, of which 84 days are in support of NSF-supported investigators. The remaining cruises will support Navy, NOAA, and State projects. The projects scheduled on the Cape Hatteras represent several oceanographic disciplines, including marine geology and geophysics and will fully utilize the capabilities of the vessel. Operations in 2000 will mainly take place in the North Atlantic ranging from Boothbay, ME to Florida. The vessel will be in the shipyard for most of January. Plans for a mid-life refit are underway, with a target date of actual shipyard time taking place in September-December 2001. The refit includes plans for a 24 ft midbody addition to the vessel.&lt;br/&gt;&lt;br/&gt;The Cape Hatteras is part of a fleet of ships used by the National Science Foundation in support of marine science research. Most oceanographic projects require highly specialized equipment to be permanently installed on the vessel, thus the necessity for specialized ships. These vessels do not operate in the same mode as general cargo/fishing vessels. As a result, NSF supports the operation of a variety of ships specifically dedicated to oceanographic research that are operated by universities and institutions around the country.&lt;br/&gt;***</AbstractNarration>
    <MinAmdLetterDate>04/06/2000</MinAmdLetterDate>
    <MaxAmdLetterDate>04/10/2003</MaxAmdLetterDate>
    <ARRAAmount/>
    <AwardID>0001285</AwardID>
    <Investigator>
      <FirstName>Quentin</FirstName>
      <LastName>Lewis</LastName>
      <EmailAddress>quentin.lewis@bios.edu</EmailAddress>
      <StartDate>04/06/2000</StartDate>
      <EndDate/>
      <RoleCode>Co-Principal Investigator</RoleCode>
    </Investigator>
    <Investigator>
      <FirstName>Richard</FirstName>
      <LastName>Barber</LastName>
      <EmailAddress>rbarber@duke.edu</EmailAddress>
      <StartDate>04/06/2000</StartDate>
      <EndDate>08/14/2001</EndDate>
      <RoleCode>Former Principal Investigator</RoleCode>
    </Investigator>
    <Investigator>
      <FirstName>Bruce</FirstName>
      <LastName>Corliss</LastName>
      <EmailAddress>bcorliss@mai.uri.edu</EmailAddress>
      <StartDate>08/14/2001</StartDate>
      <EndDate/>
      <RoleCode>Principal Investigator</RoleCode>
    </Investigator>
    <Institution>
      <Name>Duke University</Name>
      <CityName>Durham</CityName>
      <ZipCode>277054010</ZipCode>
      <PhoneNumber>9196843030</PhoneNumber>
      <StreetAddress>2200 W. Main St, Suite 710</StreetAddress>
      <CountryName>United States</CountryName>
      <StateName>North Carolina</StateName>
      <StateCode>NC</StateCode>
    </Institution>
    <FoaInformation>
      <Code>0204000</Code>
      <Name>Oceanography</Name>
    </FoaInformation>
    <ProgramElement>
      <Code>5411</Code>
      <Text>SHIP OPERATIONS</Text>
    </ProgramElement>
    <ProgramElement>
      <Code>X557</Code>
      <Text/>
    </ProgramElement>
    <ProgramElement>
      <Code>X581</Code>
      <Text/>
    </ProgramElement>
    <ProgramElement>
      <Code>X970</Code>
      <Text/>
    </ProgramElement>
    <ProgramReference>
      <Code>0000</Code>
      <Text>UNASSIGNED</Text>
    </ProgramReference>
    <ProgramReference>
      <Code>1308</Code>
      <Text>GLOBAL OCEAN ECOSYSTEMS DYNAMICS</Text>
    </ProgramReference>
    <ProgramReference>
      <Code>EGCH</Code>
      <Text>ENVIRONMENT AND GLOBAL CHANGE</Text>
    </ProgramReference>
    <ProgramReference>
      <Code>OTHR</Code>
      <Text>OTHER RESEARCH OR EDUCATION</Text>
    </ProgramReference>
  </Award>
</rootTag>
