<?xml version="1.0" encoding="UTF-8"?>

<rootTag>
  <Award>
    <AwardTitle>Collaborative Research: Air-Sea Fluxes at High Wind Speeds with Application to Tropical Cyclone Intensity Prediction</AwardTitle>
    <AwardEffectiveDate>02/01/2000</AwardEffectiveDate>
    <AwardExpirationDate>01/31/2003</AwardExpirationDate>
    <AwardAmount>255000</AwardAmount>
    <AwardInstrument>
      <Value>Continuing grant</Value>
    </AwardInstrument>
    <Organization>
      <Code>06020105</Code>
      <Directorate>
        <LongName>Directorate For Geosciences</LongName>
      </Directorate>
      <Division>
        <LongName>Div Atmospheric &amp; Geospace Sciences</LongName>
      </Division>
    </Organization>
    <ProgramOfficer>
      <SignBlockName>Stephan P. Nelson</SignBlockName>
    </ProgramOfficer>
    <AbstractNarration>Theory and numerical experiments demonstrate that the intensity achieved by tropical cyclones is sensitive to the relative importance of surface fluxes of momentum and enthalpy in the storm core, yet very little is known about such fluxes in extremely high wind speeds. Extrapolation to high winds of the functional form of surface exchange coefficients deduced from observations at moderate wind speeds leads to the prediction that storms of greater than nominal tropical storm strength should never be observed. It is hypothesized that this paradox can be resolved by a proper account of the physical processes affecting surface fluxes at high wind speeds. &lt;br/&gt;&lt;br/&gt;Attacking this problem requires a multi-disciplinary program of theoretical, numerical and laboratory work in order to address several crucial physical processes that are neglected or poorly handled in present tropical cyclone models. Accordingly, Principal Investigators from four institutions (Woods Hole Oceanographic Institution, University of Rhode Island, Massachusetts Institute of Technology and the Cold Regions Research and Engineering Laboratory) have formed a research team to perform this research. &lt;br/&gt;&lt;br/&gt;Specifically, the Principal Investigators will: &lt;br/&gt;&lt;br/&gt;1. Investigate the effect of re-entrant sea spray on air-sea enthalpy exchange through theoretical analysis and laboratory experiments:&lt;br/&gt;&lt;br/&gt;2. Conduct a program of theoretical and experimental research designed to yield quantitative estimates of air-sea heat exchange by bubbles; and&lt;br/&gt;&lt;br/&gt;3. Produce better estimates of the effect of waves on air-sea momentum exchange.&lt;br/&gt;&lt;br/&gt;This research should lead to better formulations of surface fluxes in very high wind speeds. These formulations will be implemented in numerical weather prediction models to improve the accuracy of tropical cyclone intensity prediction.</AbstractNarration>
    <MinAmdLetterDate>02/03/2000</MinAmdLetterDate>
    <MaxAmdLetterDate>12/17/2001</MaxAmdLetterDate>
    <ARRAAmount/>
    <AwardID>0001039</AwardID>
    <Investigator>
      <FirstName>Kerry</FirstName>
      <LastName>Emanuel</LastName>
      <EmailAddress>emanuel@mit.edu</EmailAddress>
      <StartDate>02/03/2000</StartDate>
      <EndDate/>
      <RoleCode>Principal Investigator</RoleCode>
    </Investigator>
    <Institution>
      <Name>Massachusetts Institute of Technology</Name>
      <CityName>Cambridge</CityName>
      <ZipCode>021394301</ZipCode>
      <PhoneNumber>6172531000</PhoneNumber>
      <StreetAddress>77 MASSACHUSETTS AVE</StreetAddress>
      <CountryName>United States</CountryName>
      <StateName>Massachusetts</StateName>
      <StateCode>MA</StateCode>
    </Institution>
    <FoaInformation>
      <Code>0000099</Code>
      <Name>Other Applications NEC</Name>
    </FoaInformation>
    <ProgramElement>
      <Code>1525</Code>
      <Text>PHYSICAL &amp; DYNAMIC METEOROLOGY</Text>
    </ProgramElement>
    <ProgramReference>
      <Code>9196</Code>
      <Text>NATURAL DISASTERS</Text>
    </ProgramReference>
    <ProgramReference>
      <Code>EGCH</Code>
      <Text>ENVIRONMENT AND GLOBAL CHANGE</Text>
    </ProgramReference>
  </Award>
</rootTag>
