<?xml version="1.0" encoding="UTF-8"?>

<rootTag>
  <Award>
    <AwardTitle>Collaborative Research: Genetic Analysis and Metabolic Engineering of Solventogenic Clostridia</AwardTitle>
    <AwardEffectiveDate>04/01/2000</AwardEffectiveDate>
    <AwardExpirationDate>03/31/2005</AwardExpirationDate>
    <AwardAmount>695067</AwardAmount>
    <AwardInstrument>
      <Value>Continuing grant</Value>
    </AwardInstrument>
    <Organization>
      <Code>07020000</Code>
      <Directorate>
        <LongName>Directorate For Engineering</LongName>
      </Directorate>
      <Division>
        <LongName>Div Of Chem, Bioeng, Env, &amp; Transp Sys</LongName>
      </Division>
    </Organization>
    <ProgramOfficer>
      <SignBlockName>Fred G. Heineken</SignBlockName>
    </ProgramOfficer>
    <AbstractNarration>The objective of the project is to investigate the metabolic engineering of solventogenic Clostridia using modern molecular biology and genetic techniques. The primary goal of this interdisciplinary proposal is to genetically alter the metabolism of Clostridium acetobutylicum. The proposal describes four areas &lt;br/&gt;of activity; (1) a detailed examination of the regulation of the sol locus genes through a putative repressor, SolR; (2) a molecular analysis of the function of sporOA and of ORF (orfY) gene products, both of which are likely to be important in the expression of the sol locus genes; (3) an analysis of patterns of gene expression using cDNA arrays; and (4) the further development of antisense RNA as a metabolic engineering tool.</AbstractNarration>
    <MinAmdLetterDate>03/30/2000</MinAmdLetterDate>
    <MaxAmdLetterDate>02/04/2003</MaxAmdLetterDate>
    <ARRAAmount/>
    <AwardID>0001288</AwardID>
    <Investigator>
      <FirstName>George</FirstName>
      <LastName>Bennett</LastName>
      <EmailAddress>gbennett@bioc.rice.edu</EmailAddress>
      <StartDate>03/30/2000</StartDate>
      <EndDate/>
      <RoleCode>Principal Investigator</RoleCode>
    </Investigator>
    <Investigator>
      <FirstName>Frederick</FirstName>
      <LastName>Rudolph</LastName>
      <EmailAddress>fbr@bioc.rice.edu</EmailAddress>
      <StartDate>03/30/2000</StartDate>
      <EndDate/>
      <RoleCode>Co-Principal Investigator</RoleCode>
    </Investigator>
    <Institution>
      <Name>William Marsh Rice University</Name>
      <CityName>Houston</CityName>
      <ZipCode>770051827</ZipCode>
      <PhoneNumber>7133484820</PhoneNumber>
      <StreetAddress>6100 MAIN ST</StreetAddress>
      <CountryName>United States</CountryName>
      <StateName>Texas</StateName>
      <StateCode>TX</StateCode>
    </Institution>
    <FoaInformation>
      <Code>0308000</Code>
      <Name>Industrial Technology</Name>
    </FoaInformation>
    <ProgramElement>
      <Code>1491</Code>
      <Text>BIOTECH, BIOCHEM &amp; BIOMASS ENG</Text>
    </ProgramElement>
    <ProgramReference>
      <Code>9181</Code>
      <Text>BIOPROCESSING/BIOMOLECULAR MATERIALS</Text>
    </ProgramReference>
    <ProgramReference>
      <Code>BIOT</Code>
      <Text>BIOTECHNOLOGY</Text>
    </ProgramReference>
  </Award>
</rootTag>
