<?xml version="1.0" encoding="UTF-8"?>

<rootTag>
  <Award>
    <AwardTitle>Collaborative Research: Isotope Stage 3 Climate Change in the Western North Atlantic</AwardTitle>
    <AwardEffectiveDate>06/01/2000</AwardEffectiveDate>
    <AwardExpirationDate>05/31/2005</AwardExpirationDate>
    <AwardAmount>330351</AwardAmount>
    <AwardInstrument>
      <Value>Continuing grant</Value>
    </AwardInstrument>
    <Organization>
      <Code>06020108</Code>
      <Directorate>
        <LongName>Directorate For Geosciences</LongName>
      </Directorate>
      <Division>
        <LongName>Div Atmospheric &amp; Geospace Sciences</LongName>
      </Division>
    </Organization>
    <ProgramOfficer>
      <SignBlockName>David J. Verardo</SignBlockName>
    </ProgramOfficer>
    <AbstractNarration>This proposal seeks support for a study of millennial scale climate events during marine isotope Stage 3 (~25 to 65 ka) from data in a depth transect of cores from the Blake-Bahama Outer Ridges. The project has two main objectives: (1) to test models of paleohydrographic change for Stage 3 events by making depth profiles in a limited geographic area, and (2) to investigate evidence for decade to century scale climate change in a Stage 3 time series from the Bermuda Rise. The first objective will test the model that massive discharges of icebergs, known as Heinrich events reduced production of both shallow and deep components of North Atlantic Deep Water, whereas more typical stadial events suppressed only the deep component. The second objective will investigate evidence for high-frequency oxygen isotopic oscillations in planktonic foraminifer from the Bermuda Rise. To put these results in a climatic context, we will develop the best possible age model for Stage 3 in the open ocean, and compare our new data to both existing alkenone-based temperature series and geochemical proxies for deep ocean ventilation changes.</AbstractNarration>
    <MinAmdLetterDate>06/06/2000</MinAmdLetterDate>
    <MaxAmdLetterDate>04/03/2002</MaxAmdLetterDate>
    <ARRAAmount/>
    <AwardID>0001294</AwardID>
    <Investigator>
      <FirstName>Lloyd</FirstName>
      <LastName>Keigwin</LastName>
      <EmailAddress>lkeigwin@whoi.edu</EmailAddress>
      <StartDate>06/06/2000</StartDate>
      <EndDate/>
      <RoleCode>Principal Investigator</RoleCode>
    </Investigator>
    <Institution>
      <Name>Woods Hole Oceanographic Institution</Name>
      <CityName>WOODS HOLE</CityName>
      <ZipCode>025431041</ZipCode>
      <PhoneNumber>5082893542</PhoneNumber>
      <StreetAddress>183 OYSTER POND ROAD</StreetAddress>
      <CountryName>United States</CountryName>
      <StateName>Massachusetts</StateName>
      <StateCode>MA</StateCode>
    </Institution>
    <FoaInformation>
      <Code>0319000</Code>
      <Name>Climate Related Activities</Name>
    </FoaInformation>
  </Award>
</rootTag>
