<?xml version="1.0" encoding="UTF-8"?>

<rootTag>
  <Award>
    <AwardTitle>Collaborative Research: Holocene Seismicity of the Cascadia Subduction Zone Based on Precise Dating of the Turbidite Event Record</AwardTitle>
    <AwardEffectiveDate>07/15/2000</AwardEffectiveDate>
    <AwardExpirationDate>06/30/2003</AwardExpirationDate>
    <AwardAmount>84208</AwardAmount>
    <AwardInstrument>
      <Value>Standard Grant</Value>
    </AwardInstrument>
    <Organization>
      <Code>06030000</Code>
      <Directorate>
        <LongName>Directorate For Geosciences</LongName>
      </Directorate>
      <Division>
        <LongName>Division Of Earth Sciences</LongName>
      </Division>
    </Organization>
    <ProgramOfficer>
      <SignBlockName>David Fountain</SignBlockName>
    </ProgramOfficer>
    <AbstractNarration>0001023 Goldfinger&lt;br/&gt;0001074 Nelson &lt;br/&gt;Several models of earthquake characteristics such as the seismic gap hypothesis, repetition rate, clustering and other slip-predictable or time-predictable models remain poorly tested because of the lack of a long enough historical earthquake record. This research continues work on the turbidite history along the Cascadia convergent margin where submarine channels along the margin have recorded Holocene history of regional submarine slides probably triggered solely by great earthquakes. Cores will be dated and correlated across the area to test the hypothesis that these are recording the history of large subduction-related earthquakes. If verified, the turbidite event-based paleoseismicity record is expected to provide a long enough record so that current seismic hypotheses can be more adequately tested.</AbstractNarration>
    <MinAmdLetterDate>07/24/2000</MinAmdLetterDate>
    <MaxAmdLetterDate>07/24/2000</MaxAmdLetterDate>
    <ARRAAmount/>
    <AwardID>0001023</AwardID>
    <Investigator>
      <FirstName>Chris</FirstName>
      <LastName>Goldfinger</LastName>
      <EmailAddress>gold@coas.oregonstate.edu</EmailAddress>
      <StartDate>07/24/2000</StartDate>
      <EndDate/>
      <RoleCode>Principal Investigator</RoleCode>
    </Investigator>
    <Institution>
      <Name>Oregon State University</Name>
      <CityName>Corvallis</CityName>
      <ZipCode>973318507</ZipCode>
      <PhoneNumber>5417374933</PhoneNumber>
      <StreetAddress>OREGON STATE UNIVERSITY</StreetAddress>
      <CountryName>United States</CountryName>
      <StateName>Oregon</StateName>
      <StateCode>OR</StateCode>
    </Institution>
    <FoaInformation>
      <Code>0000099</Code>
      <Name>Other Applications NEC</Name>
    </FoaInformation>
  </Award>
</rootTag>
