<?xml version="1.0" encoding="UTF-8"?>

<rootTag>
  <Award>
    <AwardTitle>Collaborative Research: Deep Crustal Processes and the Growth, Stabilization, and Exhumation of the Western Canadian Shield</AwardTitle>
    <AwardEffectiveDate>08/01/2000</AwardEffectiveDate>
    <AwardExpirationDate>01/31/2003</AwardExpirationDate>
    <AwardAmount>149969</AwardAmount>
    <AwardInstrument>
      <Value>Continuing grant</Value>
    </AwardInstrument>
    <Organization>
      <Code>06030103</Code>
      <Directorate>
        <LongName>Directorate For Geosciences</LongName>
      </Directorate>
      <Division>
        <LongName>Division Of Earth Sciences</LongName>
      </Division>
    </Organization>
    <ProgramOfficer>
      <SignBlockName>Arthur G. Goldstein</SignBlockName>
    </ProgramOfficer>
    <AbstractNarration>0001152 Williams&lt;br/&gt;0001131 Bowring &lt;br/&gt;The presence of high-pressure rocks at the surface implies considerable crustal-scale tectonism, however the processes by which this occurs during the evolution of a continental shield is not well understood. This project will examine the Snowbird tectonic zone of the western Canadian Shield to test two models for the age and tectonic scenario responsible. The work also involves application and refinement of a new electron microproble age mapping and dating technique that may prove to be widely applicable to studies of lower crustal rocks and metamorphosed rocks in general.</AbstractNarration>
    <MinAmdLetterDate>08/01/2000</MinAmdLetterDate>
    <MaxAmdLetterDate>08/28/2002</MaxAmdLetterDate>
    <ARRAAmount/>
    <AwardID>0001131</AwardID>
    <Investigator>
      <FirstName>Samuel</FirstName>
      <LastName>Bowring</LastName>
      <EmailAddress>sbowring@mit.edu</EmailAddress>
      <StartDate>08/01/2000</StartDate>
      <EndDate/>
      <RoleCode>Principal Investigator</RoleCode>
    </Investigator>
    <Institution>
      <Name>Massachusetts Institute of Technology</Name>
      <CityName>Cambridge</CityName>
      <ZipCode>021394301</ZipCode>
      <PhoneNumber>6172531000</PhoneNumber>
      <StreetAddress>77 MASSACHUSETTS AVE</StreetAddress>
      <CountryName>United States</CountryName>
      <StateName>Massachusetts</StateName>
      <StateCode>MA</StateCode>
    </Institution>
    <FoaInformation>
      <Code>0000099</Code>
      <Name>Other Applications NEC</Name>
    </FoaInformation>
    <ProgramElement>
      <Code>1572</Code>
      <Text>TECTONICS</Text>
    </ProgramElement>
    <ProgramReference>
      <Code>0000</Code>
      <Text>UNASSIGNED</Text>
    </ProgramReference>
    <ProgramReference>
      <Code>OTHR</Code>
      <Text>OTHER RESEARCH OR EDUCATION</Text>
    </ProgramReference>
  </Award>
</rootTag>
