<?xml version="1.0" encoding="UTF-8"?>

<rootTag>
  <Award>
    <AwardTitle>U.S.-Greece Cooperative Research: Photonic Crystals</AwardTitle>
    <AwardEffectiveDate>02/01/2001</AwardEffectiveDate>
    <AwardExpirationDate>01/31/2004</AwardExpirationDate>
    <AwardAmount>23000</AwardAmount>
    <AwardInstrument>
      <Value>Standard Grant</Value>
    </AwardInstrument>
    <Organization>
      <Code>01090000</Code>
      <Directorate>
        <LongName>Office Of The Director</LongName>
      </Directorate>
      <Division>
        <LongName>Office Of Internatl Science &amp;Engineering</LongName>
      </Division>
    </Organization>
    <ProgramOfficer>
      <SignBlockName>Jeanne E. Hudson</SignBlockName>
    </ProgramOfficer>
    <AbstractNarration>00001236&lt;br/&gt;Soukoulis&lt;br/&gt;&lt;br/&gt;This two-year award, which supports U.S.-Greece cooperative research on photonic band gap materials, involves Costas Soukoulis of Iowa State University and G. Kiriakidis of the University of Crete and the Research Center of Crete. The objective of their research is to develop new experimental and theoretical tools to understand the characteristics of photonic crystals, referencing Sub-THz and THz crystals, defects, novel materials, and fabrication at infrared wave scales. &lt;br/&gt;&lt;br/&gt;The U. S. investigator brings to this collaboration expertise in a new dielectric structure that has full three-dimensional PBG that facilitates fabricating crystals with higher photonic band gap frequencies. This is complemented by the Greek investigator's strengths in fabricating photonic crystals using deep x-ray lithography. Each side provides complementary equipment for the proposed research. The research is expected to lead to understanding of how to design and build photonic crystals, which may be used in such applications as millimeter-wave antennas and thresholdless semiconductor lasers.</AbstractNarration>
    <MinAmdLetterDate>02/05/2001</MinAmdLetterDate>
    <MaxAmdLetterDate>06/04/2003</MaxAmdLetterDate>
    <ARRAAmount/>
    <AwardID>0001236</AwardID>
    <Investigator>
      <FirstName>Costas</FirstName>
      <LastName>Soukoulis</LastName>
      <EmailAddress>soukoulis@ameslab.gov</EmailAddress>
      <StartDate>02/05/2001</StartDate>
      <EndDate/>
      <RoleCode>Principal Investigator</RoleCode>
    </Investigator>
    <Investigator>
      <FirstName>Mihail</FirstName>
      <LastName>Sigalas</LastName>
      <EmailAddress>sigalas@iastate.edu</EmailAddress>
      <StartDate>02/05/2001</StartDate>
      <EndDate/>
      <RoleCode>Co-Principal Investigator</RoleCode>
    </Investigator>
    <Institution>
      <Name>Iowa State University</Name>
      <CityName>AMES</CityName>
      <ZipCode>500112207</ZipCode>
      <PhoneNumber>5152945225</PhoneNumber>
      <StreetAddress>1138 Pearson</StreetAddress>
      <CountryName>United States</CountryName>
      <StateName>Iowa</StateName>
      <StateCode>IA</StateCode>
    </Institution>
    <FoaInformation>
      <Code>0000099</Code>
      <Name>Other Applications NEC</Name>
    </FoaInformation>
  </Award>
</rootTag>
