<?xml version="1.0" encoding="UTF-8"?>

<rootTag>
  <Award>
    <AwardTitle>Melt Inclusions in Zircon (and other accessory minerals)</AwardTitle>
    <AwardEffectiveDate>07/01/2000</AwardEffectiveDate>
    <AwardExpirationDate>06/30/2004</AwardExpirationDate>
    <AwardAmount>240059</AwardAmount>
    <AwardInstrument>
      <Value>Standard Grant</Value>
    </AwardInstrument>
    <Organization>
      <Code>06030107</Code>
      <Directorate>
        <LongName>Directorate For Geosciences</LongName>
      </Directorate>
      <Division>
        <LongName>Division Of Earth Sciences</LongName>
      </Division>
    </Organization>
    <ProgramOfficer>
      <SignBlockName>Sonia Esperanca</SignBlockName>
    </ProgramOfficer>
    <AbstractNarration>EAR-0001168&lt;br/&gt;Bodnar/Sinha&lt;br/&gt;Zircon (ZrSiO4) is a common accessory mineral present in most granitoid rocks. Zircon crystals from granitoid rocks often contain crystallized melt inclusions trapped during crystal growth from a magma. The zircons typically range from 30 to 250 um and the melt inclusions range from &lt;20 to 120 um. Preliminary major and trace element analyses suggest that the melt inclusions preserve magma chemistries and provide information not easily attainable by traditional bulk rock analyses. The chemistry of the melt inclusions will be used to assess chemical evolution of magmas from melting of source rocks (to produce parental magmas) to final crystallization of magmas. This information, in turn, will be used to infer magma histories and the chemical changes that a melt undergoes during crystallization in the earth's crust. During melting and crystallization, some elements have an affinity for the crystalline minerals that form, whereas other elements have an affinity for the melt phase. We will use the melt inclusion and co-existing zircon chemistries to provide new partitioning data for various trace elements which are commonly used to infer petrogenesis of grantitoid rocks. Preliminary results indicate that partitioning data obtained from melt inclusions in refractory minerals, acting as miniature natural autoclaves, may be superior to data obtained in during short-duration laboratory experiments. Preliminary major and trace element data suggests that melt inclusions in zircon preserve original melt compositions. However, these compositions often disagree with magma compositions inferred from bulk rock analyses. Reconciliation of this discrepancy will be a main focus of the proposed research.</AbstractNarration>
    <MinAmdLetterDate>07/12/2000</MinAmdLetterDate>
    <MaxAmdLetterDate>07/12/2000</MaxAmdLetterDate>
    <ARRAAmount/>
    <AwardID>0001168</AwardID>
    <Investigator>
      <FirstName>Akhaury</FirstName>
      <LastName>Sinha</LastName>
      <EmailAddress>pitlab@vt.edu</EmailAddress>
      <StartDate>07/12/2000</StartDate>
      <EndDate/>
      <RoleCode>Co-Principal Investigator</RoleCode>
    </Investigator>
    <Investigator>
      <FirstName>Robert</FirstName>
      <LastName>Bodnar</LastName>
      <EmailAddress>rjb@vt.edu</EmailAddress>
      <StartDate>07/12/2000</StartDate>
      <EndDate/>
      <RoleCode>Principal Investigator</RoleCode>
    </Investigator>
    <Institution>
      <Name>Virginia Polytechnic Institute and State University</Name>
      <CityName>BLACKSBURG</CityName>
      <ZipCode>240610001</ZipCode>
      <PhoneNumber>5402315281</PhoneNumber>
      <StreetAddress>Sponsored Programs 0170</StreetAddress>
      <CountryName>United States</CountryName>
      <StateName>Virginia</StateName>
      <StateCode>VA</StateCode>
    </Institution>
    <FoaInformation>
      <Code>0000099</Code>
      <Name>Other Applications NEC</Name>
    </FoaInformation>
    <ProgramElement>
      <Code>1573</Code>
      <Text>PETROLOGY AND GEOCHEMISTRY</Text>
    </ProgramElement>
    <ProgramReference>
      <Code>0000</Code>
      <Text>UNASSIGNED</Text>
    </ProgramReference>
    <ProgramReference>
      <Code>OTHR</Code>
      <Text>OTHER RESEARCH OR EDUCATION</Text>
    </ProgramReference>
  </Award>
</rootTag>
