<?xml version="1.0" encoding="UTF-8"?>

<rootTag>
  <Award>
    <AwardTitle>Cosmogenic Dating of Old, High Pluvial Shorelines in the Western Great Basin</AwardTitle>
    <AwardEffectiveDate>07/15/2000</AwardEffectiveDate>
    <AwardExpirationDate>12/31/2002</AwardExpirationDate>
    <AwardAmount>149960</AwardAmount>
    <AwardInstrument>
      <Value>Continuing grant</Value>
    </AwardInstrument>
    <Organization>
      <Code>06030101</Code>
      <Directorate>
        <LongName>Directorate For Geosciences</LongName>
      </Directorate>
      <Division>
        <LongName>Division Of Earth Sciences</LongName>
      </Division>
    </Organization>
    <ProgramOfficer>
      <SignBlockName>Enriqueta Barrera</SignBlockName>
    </ProgramOfficer>
    <AbstractNarration>0001063&lt;br/&gt;Phillips&lt;br/&gt; The late Pleistocene history of Lake Lahontan has been intensively studied for over 100 years. It is well known that the late Pleistocene Labontan lake cycle is only the most recent of several lake cycles since the mid Pleistocene, but very little is known about the timing of extent of these lakes, in large part because these cycles have been evidenced only by poorly exposed lacustrine sediments that yielded limited information on lacustrine extent. A new avenue of research as recently been opened by the discovery of sequences of shorelines above the Lahontan maximum level and above the shore elevations of other late Pleistocene pluvial lakes in Nevada. Chronological constraints on these shorelines are presently minimal. We propose to date these shoreline features using the accumulation of cosmogenic 36C1 and 10Be. Establishing a chronology of these lake cycles will enable a long-term comparison of paleoclimate in the Great Basin with that of global glacial-interglacial cycles, will aid in understanding the origin of the apparent long-term decrease in maximum lake extent, will help to reconstruct the geomorphic integration of the Humboldt River system, and will contribute to explaining the geographical distribution of aquatic biota in the (presently) closed drainages of the western and central Great Basin.</AbstractNarration>
    <MinAmdLetterDate>07/31/2000</MinAmdLetterDate>
    <MaxAmdLetterDate>06/13/2001</MaxAmdLetterDate>
    <ARRAAmount/>
    <AwardID>0001063</AwardID>
    <Investigator>
      <FirstName>Eric</FirstName>
      <LastName>Small</LastName>
      <EmailAddress>eric.small@colorado.edu</EmailAddress>
      <StartDate>07/31/2000</StartDate>
      <EndDate/>
      <RoleCode>Co-Principal Investigator</RoleCode>
    </Investigator>
    <Investigator>
      <FirstName>Fred</FirstName>
      <LastName>Phillips</LastName>
      <EmailAddress>phillips@nmt.edu</EmailAddress>
      <StartDate>07/31/2000</StartDate>
      <EndDate/>
      <RoleCode>Principal Investigator</RoleCode>
    </Investigator>
    <Institution>
      <Name>New Mexico Institute of Mining and Technology</Name>
      <CityName>Socorro</CityName>
      <ZipCode>878014681</ZipCode>
      <PhoneNumber>5758355915</PhoneNumber>
      <StreetAddress>801 Leroy Place</StreetAddress>
      <CountryName>United States</CountryName>
      <StateName>New Mexico</StateName>
      <StateCode>NM</StateCode>
    </Institution>
    <FoaInformation>
      <Code>0000099</Code>
      <Name>Other Applications NEC</Name>
    </FoaInformation>
    <ProgramElement>
      <Code>1571</Code>
      <Text>SCEC</Text>
    </ProgramElement>
    <ProgramElement>
      <Code>1577</Code>
      <Text>GLOBAL CHANGE</Text>
    </ProgramElement>
    <ProgramReference>
      <Code>1304</Code>
      <Text>EARTH SYSTEM HISTORY</Text>
    </ProgramReference>
    <ProgramReference>
      <Code>EGCH</Code>
      <Text>ENVIRONMENT AND GLOBAL CHANGE</Text>
    </ProgramReference>
  </Award>
</rootTag>
