<?xml version="1.0" encoding="UTF-8"?>

<rootTag>
  <Award>
    <AwardTitle>Waveform Tomography from an Executed Big Footprint Experiment: The Chi-Chi (Taiwan) Earthquake</AwardTitle>
    <AwardEffectiveDate>08/01/2000</AwardEffectiveDate>
    <AwardExpirationDate>12/31/2002</AwardExpirationDate>
    <AwardAmount>130000</AwardAmount>
    <AwardInstrument>
      <Value>Continuing grant</Value>
    </AwardInstrument>
    <Organization>
      <Code>06030204</Code>
      <Directorate>
        <LongName>Directorate For Geosciences</LongName>
      </Directorate>
      <Division>
        <LongName>Division Of Earth Sciences</LongName>
      </Division>
    </Organization>
    <ProgramOfficer>
      <SignBlockName>Kaye Shedlock</SignBlockName>
    </ProgramOfficer>
    <AbstractNarration>EAR-0001016&lt;br/&gt;Teng, Ta-liang&lt;br/&gt;&lt;br/&gt;&lt;br/&gt;This project will carry out a 3D crustal structure study making use of the excellent data set recovered from the 1999 Chi-Chi (Taiwan) mainshock and several of its large aftershocks, plus three year worth of seismic background strong-motion recordings of several hundreds smaller (M ~4 - 5) events. These events are recorded by (1) a complement of 700 freefield digital strong-motion stations, (2) 75 3-componeent short-period network stations and (3) 12 broadband stations. The investigators will use the above data set to study a large sedimentation basin in southwestern Taiwan, with the objective to deduce a 3D crustal structure of resolution up to 3 s period. The upper crustal structure will be determined by a standard array processing technique using 1D surface-wave phase velocity inversion analysis for the period range 3 - 15 s. Lower crustal structure can be determined by dispersion data of long-period (10 s - 100 s) surface waves recorded at an array of broadband stations. A group of adjacent 1D crustal models will be pieced together to obtain a 3D crustal structure.</AbstractNarration>
    <MinAmdLetterDate>08/01/2000</MinAmdLetterDate>
    <MaxAmdLetterDate>11/20/2001</MaxAmdLetterDate>
    <ARRAAmount/>
    <AwardID>0001016</AwardID>
    <Investigator>
      <FirstName>Ta-liang</FirstName>
      <LastName>Teng</LastName>
      <EmailAddress>lteng@terra.usc.edu</EmailAddress>
      <StartDate>08/01/2000</StartDate>
      <EndDate/>
      <RoleCode>Principal Investigator</RoleCode>
    </Investigator>
    <Investigator>
      <FirstName>William H.</FirstName>
      <LastName>Lee</LastName>
      <EmailAddress>whklee@it.netcom.com</EmailAddress>
      <StartDate>08/01/2000</StartDate>
      <EndDate/>
      <RoleCode>Co-Principal Investigator</RoleCode>
    </Investigator>
    <Investigator>
      <FirstName>Lupei</FirstName>
      <LastName>Zhu</LastName>
      <EmailAddress>zhul@slu.edu</EmailAddress>
      <StartDate>08/01/2000</StartDate>
      <EndDate/>
      <RoleCode>Co-Principal Investigator</RoleCode>
    </Investigator>
    <Institution>
      <Name>University of Southern California</Name>
      <CityName>Los Angeles</CityName>
      <ZipCode>900890001</ZipCode>
      <PhoneNumber>2137407762</PhoneNumber>
      <StreetAddress>University Park</StreetAddress>
      <CountryName>United States</CountryName>
      <StateName>California</StateName>
      <StateCode>CA</StateCode>
    </Institution>
    <FoaInformation>
      <Code>0000099</Code>
      <Name>Other Applications NEC</Name>
    </FoaInformation>
  </Award>
</rootTag>
