<?xml version="1.0" encoding="UTF-8"?>

<rootTag>
  <Award>
    <AwardTitle>Collaborative Research: Evolution and Exhumation of the Deep Crust along the Snowbird Tectonic Zone: Implications for Reactivation of Archean Cratons</AwardTitle>
    <AwardEffectiveDate>08/01/2000</AwardEffectiveDate>
    <AwardExpirationDate>07/31/2003</AwardExpirationDate>
    <AwardAmount>153492</AwardAmount>
    <AwardInstrument>
      <Value>Continuing grant</Value>
    </AwardInstrument>
    <Organization>
      <Code>06030103</Code>
      <Directorate>
        <LongName>Directorate For Geosciences</LongName>
      </Directorate>
      <Division>
        <LongName>Division Of Earth Sciences</LongName>
      </Division>
    </Organization>
    <ProgramOfficer>
      <SignBlockName>David Fountain</SignBlockName>
    </ProgramOfficer>
    <AbstractNarration>0001152 Williams&lt;br/&gt;0001131 Bowring &lt;br/&gt;The presence of high-pressure rocks at the surface implies considerable crustal-scale tectonism, however the processes by which this occurs during the evolution of a continental shield is not well understood. This project will examine the Snowbird tectonic zone of the western Canadian Shield to test two models for the age and tectonic scenario responsible. The work also involves application and refinement of a new electron microproble age mapping and dating technique that may prove to be widely applicable to studies of lower crustal rocks and metamorphosed rocks in general.</AbstractNarration>
    <MinAmdLetterDate>08/02/2000</MinAmdLetterDate>
    <MaxAmdLetterDate>05/23/2002</MaxAmdLetterDate>
    <ARRAAmount/>
    <AwardID>0001152</AwardID>
    <Investigator>
      <FirstName>Michael</FirstName>
      <LastName>Williams</LastName>
      <EmailAddress>mlw@geo.umass.edu</EmailAddress>
      <StartDate>08/02/2000</StartDate>
      <EndDate/>
      <RoleCode>Principal Investigator</RoleCode>
    </Investigator>
    <Institution>
      <Name>University of Massachusetts Amherst</Name>
      <CityName>Hadley</CityName>
      <ZipCode>010359450</ZipCode>
      <PhoneNumber>4135450698</PhoneNumber>
      <StreetAddress>Research Administration Building</StreetAddress>
      <CountryName>United States</CountryName>
      <StateName>Massachusetts</StateName>
      <StateCode>MA</StateCode>
    </Institution>
    <FoaInformation>
      <Code>0000099</Code>
      <Name>Other Applications NEC</Name>
    </FoaInformation>
    <ProgramElement>
      <Code>1572</Code>
      <Text>TECTONICS</Text>
    </ProgramElement>
    <ProgramReference>
      <Code>0000</Code>
      <Text>UNASSIGNED</Text>
    </ProgramReference>
    <ProgramReference>
      <Code>OTHR</Code>
      <Text>OTHER RESEARCH OR EDUCATION</Text>
    </ProgramReference>
    <ProgramReference>
      <Code>9178</Code>
      <Text>UNDERGRADUATE EDUCATION</Text>
    </ProgramReference>
    <ProgramReference>
      <Code>9251</Code>
      <Text>RES EXPER FOR UNDERGRAD-SUPPLT</Text>
    </ProgramReference>
    <ProgramReference>
      <Code>SMET</Code>
      <Text>SCIENCE, MATH, ENG &amp; TECH EDUCATION</Text>
    </ProgramReference>
  </Award>
</rootTag>
