<?xml version="1.0" encoding="UTF-8"?>

<rootTag>
  <Award>
    <AwardTitle>Collaborative Research: Role of Glaciers in the Exhumation and Topographic Development of the Active Chugach/St. Elias Orogen, Alaska</AwardTitle>
    <AwardEffectiveDate>07/01/2000</AwardEffectiveDate>
    <AwardExpirationDate>06/30/2003</AwardExpirationDate>
    <AwardAmount>149683</AwardAmount>
    <AwardInstrument>
      <Value>Standard Grant</Value>
    </AwardInstrument>
    <Organization>
      <Code>06030103</Code>
      <Directorate>
        <LongName>Directorate For Geosciences</LongName>
      </Directorate>
      <Division>
        <LongName>Division Of Earth Sciences</LongName>
      </Division>
    </Organization>
    <ProgramOfficer>
      <SignBlockName>David Fountain</SignBlockName>
    </ProgramOfficer>
    <AbstractNarration>0001192 Meigs&lt;br/&gt;0001239 Spotila&lt;br/&gt;That feedbacks potentially exist between climate change, erosion, and crustal deformation has focused attention on the topography of active orogenic systems. Studies of linkages between deformation, denudation and topographic development are complex, and have primarily utilized fluvial rather than glacial systems. Glaciated regions have a characteristic topographic form that is distinct from that of fluvial terrains, however basic relationships such as how mean topography relates with patterns of rock uplift are essentially unknown for landscapes dominated by glacial erosion. This project will investigate the long-term consequences of glacial erosion for topography, exhumation and deformation by study of the Chugach/St. Elias Range, Alaska, an actively deforming glaciated orogenic belt. Results will enable testes of how deformation and glaciation have influenced orogenic topography over the last few million years. A better understanding of the role of glaciers in mountain system will provide a more complete context for the analysis of ancient collisional belts in the rock record.</AbstractNarration>
    <MinAmdLetterDate>06/02/2000</MinAmdLetterDate>
    <MaxAmdLetterDate>06/02/2000</MaxAmdLetterDate>
    <ARRAAmount/>
    <AwardID>0001239</AwardID>
    <Investigator>
      <FirstName>James</FirstName>
      <LastName>Spotila</LastName>
      <EmailAddress>spotila@vt.edu</EmailAddress>
      <StartDate>06/02/2000</StartDate>
      <EndDate/>
      <RoleCode>Principal Investigator</RoleCode>
    </Investigator>
    <Institution>
      <Name>Virginia Polytechnic Institute and State University</Name>
      <CityName>BLACKSBURG</CityName>
      <ZipCode>240610001</ZipCode>
      <PhoneNumber>5402315281</PhoneNumber>
      <StreetAddress>Sponsored Programs 0170</StreetAddress>
      <CountryName>United States</CountryName>
      <StateName>Virginia</StateName>
      <StateCode>VA</StateCode>
    </Institution>
    <FoaInformation>
      <Code>0000099</Code>
      <Name>Other Applications NEC</Name>
    </FoaInformation>
    <ProgramElement>
      <Code>1572</Code>
      <Text>TECTONICS</Text>
    </ProgramElement>
    <ProgramReference>
      <Code>0000</Code>
      <Text>UNASSIGNED</Text>
    </ProgramReference>
    <ProgramReference>
      <Code>OTHR</Code>
      <Text>OTHER RESEARCH OR EDUCATION</Text>
    </ProgramReference>
  </Award>
</rootTag>
