<?xml version="1.0" encoding="UTF-8"?>

<rootTag>
  <Award>
    <AwardTitle>Collaborative Reseach: Fullerenes and the Extraterrestrial Flux of Helium to the Surface of the Earth over Geologic Time</AwardTitle>
    <AwardEffectiveDate>05/01/2000</AwardEffectiveDate>
    <AwardExpirationDate>04/30/2002</AwardExpirationDate>
    <AwardAmount>86208</AwardAmount>
    <AwardInstrument>
      <Value>Continuing grant</Value>
    </AwardInstrument>
    <Organization>
      <Code>06040200</Code>
      <Directorate>
        <LongName>Directorate For Geosciences</LongName>
      </Directorate>
      <Division>
        <LongName>Division Of Ocean Sciences</LongName>
      </Division>
    </Organization>
    <ProgramOfficer>
      <SignBlockName>Bilal U. Haq</SignBlockName>
    </ProgramOfficer>
    <AbstractNarration>This project will analyze Cenozoic deep sea sediments for their content of 3 He in fullereness and in mineral phases in order to partition the 3 He budget among terrestrial and extraterrestrial phases, and to assess the variation in extraterrestrial flux of noble gases to the planet.</AbstractNarration>
    <MinAmdLetterDate>06/20/2000</MinAmdLetterDate>
    <MaxAmdLetterDate>08/02/2001</MaxAmdLetterDate>
    <ARRAAmount/>
    <AwardID>0001270</AwardID>
    <Investigator>
      <FirstName>Robert</FirstName>
      <LastName>Poreda</LastName>
      <EmailAddress>poreda@earth.rochester.edu</EmailAddress>
      <StartDate>06/20/2000</StartDate>
      <EndDate/>
      <RoleCode>Principal Investigator</RoleCode>
    </Investigator>
    <Institution>
      <Name>University of Rochester</Name>
      <CityName>Rochester</CityName>
      <ZipCode>146270140</ZipCode>
      <PhoneNumber>5852754031</PhoneNumber>
      <StreetAddress>518 HYLAN, RC BOX 270140</StreetAddress>
      <CountryName>United States</CountryName>
      <StateName>New York</StateName>
      <StateCode>NY</StateCode>
    </Institution>
    <FoaInformation>
      <Code>0204000</Code>
      <Name>Oceanography</Name>
    </FoaInformation>
    <ProgramElement>
      <Code>1620</Code>
      <Text>MARINE GEOLOGY AND GEOPHYSICS</Text>
    </ProgramElement>
    <ProgramReference>
      <Code>0000</Code>
      <Text>UNASSIGNED</Text>
    </ProgramReference>
    <ProgramReference>
      <Code>OTHR</Code>
      <Text>OTHER RESEARCH OR EDUCATION</Text>
    </ProgramReference>
  </Award>
</rootTag>
