<?xml version="1.0" encoding="UTF-8"?>

<rootTag>
  <Award>
    <AwardTitle>High Pressure Melting of the Earth's Core Material</AwardTitle>
    <AwardEffectiveDate>07/01/2000</AwardEffectiveDate>
    <AwardExpirationDate>06/30/2002</AwardExpirationDate>
    <AwardAmount>175203</AwardAmount>
    <AwardInstrument>
      <Value>Continuing grant</Value>
    </AwardInstrument>
    <Organization>
      <Code>06030204</Code>
      <Directorate>
        <LongName>Directorate For Geosciences</LongName>
      </Directorate>
      <Division>
        <LongName>Division Of Earth Sciences</LongName>
      </Division>
    </Organization>
    <ProgramOfficer>
      <SignBlockName>Robin Reichlin</SignBlockName>
    </ProgramOfficer>
    <AbstractNarration>Shen &lt;br/&gt;&lt;br/&gt;0001149 &lt;br/&gt;&lt;br/&gt;&lt;br/&gt;&lt;br/&gt;This proposal is to begin a series of high pressure melting experiments using the laser heated diamond anvil cell coupled with the third generation synchrotron x-ray micro-beam. This work will provide melting data on major components of the Earth's core (Fe, FeO, FeS, and Fe-Ni-O-S system) to pressures equivalent to those present in the Earth's core. The results of this study will have important implications for the Earth's thermal state and dynamic processes. Experiments will be performed at GeoSoilEnviroCARS (GSECARS) at the Advanced Photon Source (APS), Chicago. A newly developed laser heated diamond anvil cell (DAC) system will be used for generating a sample volume (~20 mm in dimension) at pressures to 250 GPa and sufficiently high temperatures for melting (&gt;4000 K). In situ x-ray diffraction with micro x-ray beams (~5 mm) will be used as a probe for melting determination. This proposal brings together expertise in the high pressure DAC technique and the new third generation synchrotron radiation (APS) which is ideally suited to study the long-standing problem of high pressure melting.</AbstractNarration>
    <MinAmdLetterDate>06/21/2000</MinAmdLetterDate>
    <MaxAmdLetterDate>09/05/2001</MaxAmdLetterDate>
    <ARRAAmount/>
    <AwardID>0001149</AwardID>
    <Investigator>
      <FirstName>Stephen</FirstName>
      <LastName>Sutton</LastName>
      <EmailAddress>sutton@cars.uchicago.edu</EmailAddress>
      <StartDate>06/21/2000</StartDate>
      <EndDate/>
      <RoleCode>Co-Principal Investigator</RoleCode>
    </Investigator>
    <Investigator>
      <FirstName>Mark</FirstName>
      <LastName>Rivers</LastName>
      <EmailAddress>rivers@cars.uchicago.edu</EmailAddress>
      <StartDate>06/21/2000</StartDate>
      <EndDate/>
      <RoleCode>Co-Principal Investigator</RoleCode>
    </Investigator>
    <Investigator>
      <FirstName>Guoyin</FirstName>
      <LastName>Shen</LastName>
      <EmailAddress>gshen@ciw.edu</EmailAddress>
      <StartDate>06/21/2000</StartDate>
      <EndDate/>
      <RoleCode>Principal Investigator</RoleCode>
    </Investigator>
    <Institution>
      <Name>University of Chicago</Name>
      <CityName>Chicago</CityName>
      <ZipCode>606375418</ZipCode>
      <PhoneNumber>7737028669</PhoneNumber>
      <StreetAddress>5801 South Ellis Avenue</StreetAddress>
      <CountryName>United States</CountryName>
      <StateName>Illinois</StateName>
      <StateCode>IL</StateCode>
    </Institution>
    <FoaInformation>
      <Code>0000099</Code>
      <Name>Other Applications NEC</Name>
    </FoaInformation>
    <ProgramElement>
      <Code>1574</Code>
      <Text>GEOPHYSICS</Text>
    </ProgramElement>
    <ProgramElement>
      <Code>1580</Code>
      <Text>INSTRUMENTATION &amp; FACILITIES</Text>
    </ProgramElement>
    <ProgramReference>
      <Code>0000</Code>
      <Text>UNASSIGNED</Text>
    </ProgramReference>
    <ProgramReference>
      <Code>OTHR</Code>
      <Text>OTHER RESEARCH OR EDUCATION</Text>
    </ProgramReference>
  </Award>
</rootTag>
