<?xml version="1.0" encoding="UTF-8"?>

<rootTag>
  <Award>
    <AwardTitle>Space Weather: Prediction of Coronal Mass Ejection from Vector Magnetograms</AwardTitle>
    <AwardEffectiveDate>08/01/2000</AwardEffectiveDate>
    <AwardExpirationDate>01/31/2004</AwardExpirationDate>
    <AwardAmount>71911</AwardAmount>
    <AwardInstrument>
      <Value>Continuing grant</Value>
    </AwardInstrument>
    <Organization>
      <Code>06020203</Code>
      <Directorate>
        <LongName>Directorate For Geosciences</LongName>
      </Directorate>
      <Division>
        <LongName>Div Atmospheric &amp; Geospace Sciences</LongName>
      </Division>
    </Organization>
    <ProgramOfficer>
      <SignBlockName>Paul Bellaire</SignBlockName>
    </ProgramOfficer>
    <AbstractNarration>Abstract: ATM 00-01266&lt;br/&gt;&lt;br/&gt;Proposal Title: Prediction of Coronal Mass Ejections from Vector Magnetograms&lt;br/&gt;&lt;br/&gt;Principal Investigator: David Falconer, University of Alabama in Huntsville &lt;br/&gt;&lt;br/&gt;The investigator will develop quantitative measures of the global non-potentiality of solar active regions in order to predict generation of flare-associated coronal mass ejections (CMS) by these active regions. The main effort is to expand the results of a promising pilot study of four active regions to a statistical meaningful sample of 30-40 active regions. In the pilot study, two new measures of non-potentiality were developed (global net current flow and length of the main neutral line) and found to be correlated with each other and with the overall non-potentiality of the active regions. In addition, two cases in which these parameters were unusually large produced CME. The expanded study will: (1) Test the tentative conclusions of the pilot study. (2) Search for other correlations. (3) Investigate the relationship of the new measures to the previously observed sigmoidal structures. (4) Develop techniques to apply the new measures to operational forecasting.</AbstractNarration>
    <MinAmdLetterDate>07/25/2000</MinAmdLetterDate>
    <MaxAmdLetterDate>06/28/2002</MaxAmdLetterDate>
    <ARRAAmount/>
    <AwardID>0001266</AwardID>
    <Investigator>
      <FirstName>David</FirstName>
      <LastName>Falconer</LastName>
      <EmailAddress>David.a.Falconer@nasa.gov</EmailAddress>
      <StartDate>07/25/2000</StartDate>
      <EndDate/>
      <RoleCode>Principal Investigator</RoleCode>
    </Investigator>
    <Institution>
      <Name>University of Alabama in Huntsville</Name>
      <CityName>Huntsville</CityName>
      <ZipCode>358051911</ZipCode>
      <PhoneNumber>2568246120</PhoneNumber>
      <StreetAddress>301 Sparkman Drive</StreetAddress>
      <CountryName>United States</CountryName>
      <StateName>Alabama</StateName>
      <StateCode>AL</StateCode>
    </Institution>
    <FoaInformation>
      <Code>0205000</Code>
      <Name>Space</Name>
    </FoaInformation>
  </Award>
</rootTag>
