<?xml version="1.0" encoding="UTF-8"?>

<rootTag>
  <Award>
    <AwardTitle>Tonga and Fiji Seismic Arrays for Investigating Slab Processes and Upper Mantle Phase Transformations</AwardTitle>
    <AwardEffectiveDate>04/01/2001</AwardEffectiveDate>
    <AwardExpirationDate>03/31/2005</AwardExpirationDate>
    <AwardAmount>384395</AwardAmount>
    <AwardInstrument>
      <Value>Continuing grant</Value>
    </AwardInstrument>
    <Organization>
      <Code>06030204</Code>
      <Directorate>
        <LongName>Directorate For Geosciences</LongName>
      </Directorate>
      <Division>
        <LongName>Division Of Earth Sciences</LongName>
      </Division>
    </Organization>
    <ProgramOfficer>
      <SignBlockName>Eva E. Zanzerkia</SignBlockName>
    </ProgramOfficer>
    <AbstractNarration>Abstract for proposal EAR0001158 (PH #51x; Spring 2000 Panel)&lt;br/&gt;&lt;br/&gt;Title: Tonga and Fiji Seismic Arrays for Investigating Slab Processes and Upper Mantle Phase Transformations&lt;br/&gt;&lt;br/&gt;PI's: Douglas A. Wiens and Gideon Smith, Washington University&lt;br/&gt;&lt;br/&gt;The detailed structure of the Tonga subduction zone is being studied with seismic data from two dense seismic arrays. The arrays are to be deployed for about a year, one within the active island arc (Tonga), the other in the backarc environment (Fiji). Data from the arrays is used to characterize and model seismic wave propagation effects within the subducting oceanic plate and the adjacent mantle. These wave propagation effects result from interactions with seismic velocity discontinuities in and near the subducting plate. The depths, velocity contrasts, and sharpness of the velocity discontinuities will be used to help better understand the temperature, mineralogy and presence of water in the subducting slab and the surrounding mantle at greater spatial detail than is possible from data recorded teleseismically. Dense array data also allows higher precision studies of the mechanics of deep earthquakes.</AbstractNarration>
    <MinAmdLetterDate>03/20/2001</MinAmdLetterDate>
    <MaxAmdLetterDate>05/20/2003</MaxAmdLetterDate>
    <ARRAAmount/>
    <AwardID>0001158</AwardID>
    <Investigator>
      <FirstName>Douglas</FirstName>
      <LastName>Wiens</LastName>
      <EmailAddress>doug@wustl.edu</EmailAddress>
      <StartDate>03/20/2001</StartDate>
      <EndDate/>
      <RoleCode>Principal Investigator</RoleCode>
    </Investigator>
    <Investigator>
      <FirstName>Gideon</FirstName>
      <LastName>Smith</LastName>
      <EmailAddress>gideon@izu.wustl.edu</EmailAddress>
      <StartDate>03/20/2001</StartDate>
      <EndDate/>
      <RoleCode>Co-Principal Investigator</RoleCode>
    </Investigator>
    <Institution>
      <Name>Washington University</Name>
      <CityName>Saint Louis</CityName>
      <ZipCode>631304862</ZipCode>
      <PhoneNumber>3147474134</PhoneNumber>
      <StreetAddress>CAMPUS BOX 1054</StreetAddress>
      <CountryName>United States</CountryName>
      <StateName>Missouri</StateName>
      <StateCode>MO</StateCode>
    </Institution>
    <FoaInformation>
      <Code>0000099</Code>
      <Name>Other Applications NEC</Name>
    </FoaInformation>
    <ProgramElement>
      <Code>1574</Code>
      <Text>GEOPHYSICS</Text>
    </ProgramElement>
    <ProgramReference>
      <Code>0000</Code>
      <Text>UNASSIGNED</Text>
    </ProgramReference>
    <ProgramReference>
      <Code>OTHR</Code>
      <Text>OTHER RESEARCH OR EDUCATION</Text>
    </ProgramReference>
  </Award>
</rootTag>
