<?xml version="1.0" encoding="UTF-8"?>

<rootTag>
  <Award>
    <AwardTitle>COLLABORATIVE RESEARCH: An Integrated High-Resolution Study of the Effects of Shifting Climate on Late Paleocene-Early Eocene Continential Ecosystems</AwardTitle>
    <AwardEffectiveDate>02/15/2001</AwardEffectiveDate>
    <AwardExpirationDate>01/31/2004</AwardExpirationDate>
    <AwardAmount>94729</AwardAmount>
    <AwardInstrument>
      <Value>Standard Grant</Value>
    </AwardInstrument>
    <Organization>
      <Code>06030101</Code>
      <Directorate>
        <LongName>Directorate For Geosciences</LongName>
      </Directorate>
      <Division>
        <LongName>Division Of Earth Sciences</LongName>
      </Division>
    </Organization>
    <ProgramOfficer>
      <SignBlockName>Enriqueta Barrera</SignBlockName>
    </ProgramOfficer>
    <AbstractNarration>Abstract&lt;br/&gt;&lt;br/&gt;Previous research in the Bighorn Basin has provided tantalizing evidence suggesting a relationship between biotic change and shifts in climate at the time of the Paleocene/Eocene boundary and two early Eocene time periods, but poor resolution of critical parts of the record renders the correlation inconclusive. Using a combination of approaches -magnetostratigraphy, physical stratigraphy, paleosols, and mammalian faunas- this project will developed a high- resolution chonostratigraphy and provide the framework for correlating upper Paleocene- lower Eocene sections across the basin, and for establishing whether regional event can be correlated with the marine record. The Bighorn Basin is possibly the best localities globally where sediments recording coeval changes in climate, mammalian faunas, and floras at the Paleocene/Eocene boundary and two early Eocene intervals have been preserved. The proposed work is essential for future research seeking to establish the relationship between biotic and climate changes globally during the early Tertiary interval of Greenhouse conditions.</AbstractNarration>
    <MinAmdLetterDate>02/16/2001</MinAmdLetterDate>
    <MaxAmdLetterDate>02/16/2001</MaxAmdLetterDate>
    <ARRAAmount/>
    <AwardID>0001379</AwardID>
    <Investigator>
      <FirstName>William</FirstName>
      <LastName>Clyde</LastName>
      <EmailAddress>will.clyde@unh.edu</EmailAddress>
      <StartDate>02/16/2001</StartDate>
      <EndDate/>
      <RoleCode>Principal Investigator</RoleCode>
    </Investigator>
    <Institution>
      <Name>University of New Hampshire</Name>
      <CityName>Durham</CityName>
      <ZipCode>038243585</ZipCode>
      <PhoneNumber>6038622172</PhoneNumber>
      <StreetAddress>51 COLLEGE RD SERVICE BLDG 107</StreetAddress>
      <CountryName>United States</CountryName>
      <StateName>New Hampshire</StateName>
      <StateCode>NH</StateCode>
    </Institution>
    <FoaInformation>
      <Code>0000099</Code>
      <Name>Other Applications NEC</Name>
    </FoaInformation>
  </Award>
</rootTag>
