<?xml version="1.0" encoding="UTF-8"?>

<rootTag>
  <Award>
    <AwardTitle>Collaborative Research: Cenozoic Exhumation and Tilting in the Southern Coast Mountains</AwardTitle>
    <AwardEffectiveDate>06/01/2000</AwardEffectiveDate>
    <AwardExpirationDate>05/31/2003</AwardExpirationDate>
    <AwardAmount>100274</AwardAmount>
    <AwardInstrument>
      <Value>Standard Grant</Value>
    </AwardInstrument>
    <Organization>
      <Code>06030103</Code>
      <Directorate>
        <LongName>Directorate For Geosciences</LongName>
      </Directorate>
      <Division>
        <LongName>Division Of Earth Sciences</LongName>
      </Division>
    </Organization>
    <ProgramOfficer>
      <SignBlockName>Arthur G. Goldstein</SignBlockName>
    </ProgramOfficer>
    <AbstractNarration>0001223 Farley&lt;br/&gt;0001147 Rusmore&lt;br/&gt;The relationships between topography, tectonics, exhumation and climate are complex, and identifying and separating the factors is difficult. The Coast Mountains of British Columbia are a single physiographic range bordered by a transform margin in the north and a convergent margin in the south, yet preliminary data indicates that the Cenozoic exhumation history along the length of the range was uniform. This circumstance provides an opportunity to evaluate the dominant mechanism controlling the formation and evolution of this mountain range. The work involves an integrated low-temperature geochronologic, paleomagnetic and structural study across the southern part of the orogen and comparison to similar recent work to the north. Results are expected to shed light on the factors controlling topography in this orogen, which should help understand the formation of mountain ranges in general.</AbstractNarration>
    <MinAmdLetterDate>05/17/2000</MinAmdLetterDate>
    <MaxAmdLetterDate>05/17/2000</MaxAmdLetterDate>
    <ARRAAmount/>
    <AwardID>0001223</AwardID>
    <Investigator>
      <FirstName>Kenneth</FirstName>
      <LastName>Farley</LastName>
      <EmailAddress>farley@gps.caltech.edu</EmailAddress>
      <StartDate>05/17/2000</StartDate>
      <EndDate/>
      <RoleCode>Principal Investigator</RoleCode>
    </Investigator>
    <Institution>
      <Name>California Institute of Technology</Name>
      <CityName>PASADENA</CityName>
      <ZipCode>911250600</ZipCode>
      <PhoneNumber>6263956219</PhoneNumber>
      <StreetAddress>1200 E California Blvd</StreetAddress>
      <CountryName>United States</CountryName>
      <StateName>California</StateName>
      <StateCode>CA</StateCode>
    </Institution>
    <FoaInformation>
      <Code>0000099</Code>
      <Name>Other Applications NEC</Name>
    </FoaInformation>
  </Award>
</rootTag>
