<?xml version="1.0" encoding="UTF-8"?>

<rootTag>
  <Award>
    <AwardTitle>Experimental Study of Water at Deep Mantle Conditions</AwardTitle>
    <AwardEffectiveDate>06/15/2000</AwardEffectiveDate>
    <AwardExpirationDate>05/31/2003</AwardExpirationDate>
    <AwardAmount>179835</AwardAmount>
    <AwardInstrument>
      <Value>Continuing grant</Value>
    </AwardInstrument>
    <Organization>
      <Code>06030204</Code>
      <Directorate>
        <LongName>Directorate For Geosciences</LongName>
      </Directorate>
      <Division>
        <LongName>Division Of Earth Sciences</LongName>
      </Division>
    </Organization>
    <ProgramOfficer>
      <SignBlockName>Kaye Shedlock</SignBlockName>
    </ProgramOfficer>
    <AbstractNarration>Jeanloz &lt;br/&gt;&lt;br/&gt;0001087 &lt;br/&gt;&lt;br/&gt;&lt;br/&gt;&lt;br/&gt;Understanding the properties of H2O deep inside the Earth has major implications for deciphering the geochemical cycling of water and the possible initiation of melting inside the planet, as well as the geophysically observed properties of the mantle. Thermodynamic analysis even suggests that ice may be present at depth, subducted within cold rapidly-sinking slabs. The proposal requests support for a 2-year experimental effort intended to document 1) the crystal-structural identity, 2) thermal equation of state and 3) melting temperature of crystalline H2O (Ice VII, and potentially other polymorphs) at high pressures and temperatures, providing fundamental constraints on the stability and the geophysically relevant properties (elasticity, density) of H2O phases at lower-mantle pressures, ~20-80 GPa.</AbstractNarration>
    <MinAmdLetterDate>06/22/2000</MinAmdLetterDate>
    <MaxAmdLetterDate>07/02/2002</MaxAmdLetterDate>
    <ARRAAmount/>
    <AwardID>0001087</AwardID>
    <Investigator>
      <FirstName>Raymond</FirstName>
      <LastName>Jeanloz</LastName>
      <EmailAddress>jeanloz@berkeley.edu</EmailAddress>
      <StartDate>06/22/2000</StartDate>
      <EndDate/>
      <RoleCode>Principal Investigator</RoleCode>
    </Investigator>
    <Institution>
      <Name>University of California-Berkeley</Name>
      <CityName>BERKELEY</CityName>
      <ZipCode>947045940</ZipCode>
      <PhoneNumber>5106428109</PhoneNumber>
      <StreetAddress>Sponsored Projects Office</StreetAddress>
      <CountryName>United States</CountryName>
      <StateName>California</StateName>
      <StateCode>CA</StateCode>
    </Institution>
    <FoaInformation>
      <Code>0000099</Code>
      <Name>Other Applications NEC</Name>
    </FoaInformation>
  </Award>
</rootTag>
