<?xml version="1.0" encoding="UTF-8"?>

<rootTag>
  <Award>
    <AwardTitle>Collaborative Research: Testing Three-Dimensional Kinematic Analysis of Mid-Crustal Ductile Shear Zones: Deformation within the Western Idaho Shear Zone, Idaho</AwardTitle>
    <AwardEffectiveDate>07/01/2000</AwardEffectiveDate>
    <AwardExpirationDate>01/31/2003</AwardExpirationDate>
    <AwardAmount>95404</AwardAmount>
    <AwardInstrument>
      <Value>Continuing grant</Value>
    </AwardInstrument>
    <Organization>
      <Code>06030103</Code>
      <Directorate>
        <LongName>Directorate For Geosciences</LongName>
      </Directorate>
      <Division>
        <LongName>Division Of Earth Sciences</LongName>
      </Division>
    </Organization>
    <ProgramOfficer>
      <SignBlockName>Arthur G. Goldstein</SignBlockName>
    </ProgramOfficer>
    <AbstractNarration>0001092 Tikoff&lt;br/&gt;0003007 McClelland&lt;br/&gt;Tectonic models for orogenic belts rely on various kinematic indicators to determine such things as maximum and minimum stress directions, "stretching directions" and sense of shear. One fundamental assumption has been that tectonic transport directions parallel mineral or extension lineation directions, however three-dimensional numeric modeling of shear zones indicates that this is not always a valid assumption. This project will address this issue using the western Idaho shear zone that marks the accretion of allochthonous terranes to the west to the north American plate during the Late Cretaceous. The kinematic and geologic data have resulted in several, disparate models for this accretion. This study is an integrated structural, microstructural and U/Pb geochronologic project designed to determine the kinematic history of the late Cretaceous western Idaho shear zone that will employ three-dimensional techniques to test the validity of the assumption that tectonic transport is parallel to lineation. Results should help clarify the kinematics of this suture and evaluate one of the important kinematic assumptions used in interpretations of many orogens elsewhere.</AbstractNarration>
    <MinAmdLetterDate>06/28/2000</MinAmdLetterDate>
    <MaxAmdLetterDate>09/24/2001</MaxAmdLetterDate>
    <ARRAAmount/>
    <AwardID>0001092</AwardID>
    <Investigator>
      <FirstName>Basil</FirstName>
      <LastName>Tikoff</LastName>
      <EmailAddress>basil@geology.wisc.edu</EmailAddress>
      <StartDate>06/28/2000</StartDate>
      <EndDate/>
      <RoleCode>Principal Investigator</RoleCode>
    </Investigator>
    <Institution>
      <Name>University of Wisconsin-Madison</Name>
      <CityName>MADISON</CityName>
      <ZipCode>537151218</ZipCode>
      <PhoneNumber>6082623822</PhoneNumber>
      <StreetAddress>21 North Park Street</StreetAddress>
      <CountryName>United States</CountryName>
      <StateName>Wisconsin</StateName>
      <StateCode>WI</StateCode>
    </Institution>
    <FoaInformation>
      <Code>0000099</Code>
      <Name>Other Applications NEC</Name>
    </FoaInformation>
    <ProgramElement>
      <Code>1572</Code>
      <Text>TECTONICS</Text>
    </ProgramElement>
    <ProgramReference>
      <Code>0000</Code>
      <Text>UNASSIGNED</Text>
    </ProgramReference>
    <ProgramReference>
      <Code>9232</Code>
      <Text>RES OPPOR AWARDS(ROA) (SUPPLEM</Text>
    </ProgramReference>
    <ProgramReference>
      <Code>OTHR</Code>
      <Text>OTHER RESEARCH OR EDUCATION</Text>
    </ProgramReference>
  </Award>
</rootTag>
