<?xml version="1.0" encoding="UTF-8"?>

<rootTag>
  <Award>
    <AwardTitle>Mantle and Crustal Causes of Compositional Variation in Kilauea Historical Lavas</AwardTitle>
    <AwardEffectiveDate>07/01/2000</AwardEffectiveDate>
    <AwardExpirationDate>06/30/2004</AwardExpirationDate>
    <AwardAmount>230820</AwardAmount>
    <AwardInstrument>
      <Value>Standard Grant</Value>
    </AwardInstrument>
    <Organization>
      <Code>06030200</Code>
      <Directorate>
        <LongName>Directorate For Geosciences</LongName>
      </Directorate>
      <Division>
        <LongName>Division Of Earth Sciences</LongName>
      </Division>
    </Organization>
    <ProgramOfficer>
      <SignBlockName>Sonia Esperanca</SignBlockName>
    </ProgramOfficer>
    <AbstractNarration>EAR-0001123&lt;br/&gt;Garcia&lt;br/&gt;&lt;br/&gt;Lavas provide essential clues to the crustal and mantle processes associated with volcanoes. Kilauea Volcano is an ideal natural laboratory for evaluating how physical processes within volcanoes cause observable changes in lava composition and it is the best-studied volcano in the world. Thus, we can address fundamental problems from a well-constrained perspective. This project involves making precise trace element and isotope analyses for quantitative modeling of mantle melting processes, assessing source heterogeneity and evaluating crustal contamination effects on the composition of Kilauea historical lavas. We will make a comprehensive petrologic and geochemical characterization of historical Kilauea lavas, including lavas from the ongoing Puu Oo eruption. We have documented long-term, systematic isotopic and compositional variations within its historical summit lavas (~200 year period) and short-term geochemical variations during the ongoing (17+ years) Puu Oo rift zone eruption. The magma for the Puu Oo and other major rift zone eruptions is thought to have bypassed the summit reservoir and to give us a clearer picture of mantle melting processes and source heterogeneity. The cause for the lower oxygen isotope ratios in oceanic island basalts compared to mid-ocean ridge basalts remains controversial. Some studies have been related the differences to distinct mantle sources, while other studies have invoked crustal contamination. We documented evidence for extensive crustal contamination in some Kilauea historical lavas, including those from the Puu Oo eruption but have not determined the oxygen isotope value for Kilauea's source. New techniques will be use to determine oxygen isotopes for well characterized samples from the ongoing eruption, other historical lavas and hydrothermally altered rocks from a 3 km deep geothermal well to better understand mantle source heterogeneity and crustal contamination processes for Kilauea. The results of this project will allow us to: 1. evaluate the relative importance of mantle source heterogeneity and changes in extent of partial melting in controlling geochemical variation of historical Kilauea lavas; 2. determine the amount of crustal contamination in Kilauea lavas and better understand the oxygen isotope heterogeneity in its source; and 3. decipher the mantle melting processing associated with the ongoing Puu Oo eruption.</AbstractNarration>
    <MinAmdLetterDate>06/21/2000</MinAmdLetterDate>
    <MaxAmdLetterDate>06/10/2003</MaxAmdLetterDate>
    <ARRAAmount/>
    <AwardID>0001123</AwardID>
    <Investigator>
      <FirstName>Michael</FirstName>
      <LastName>Garcia</LastName>
      <EmailAddress>mogarcia@hawaii.edu</EmailAddress>
      <StartDate>06/21/2000</StartDate>
      <EndDate/>
      <RoleCode>Principal Investigator</RoleCode>
    </Investigator>
    <Institution>
      <Name>University of Hawaii</Name>
      <CityName>HONOLULU</CityName>
      <ZipCode>968222234</ZipCode>
      <PhoneNumber>8089567800</PhoneNumber>
      <StreetAddress>2440 Campus Road, Box 368</StreetAddress>
      <CountryName>United States</CountryName>
      <StateName>Hawaii</StateName>
      <StateCode>HI</StateCode>
    </Institution>
    <FoaInformation>
      <Code>0000099</Code>
      <Name>Other Applications NEC</Name>
    </FoaInformation>
    <ProgramElement>
      <Code>1573</Code>
      <Text>PETROLOGY AND GEOCHEMISTRY</Text>
    </ProgramElement>
    <ProgramReference>
      <Code>0000</Code>
      <Text>UNASSIGNED</Text>
    </ProgramReference>
    <ProgramReference>
      <Code>OTHR</Code>
      <Text>OTHER RESEARCH OR EDUCATION</Text>
    </ProgramReference>
  </Award>
</rootTag>
