<?xml version="1.0" encoding="UTF-8"?>

<rootTag>
  <Award>
    <AwardTitle>Inner-core Fine Structure and Rotation from Array Studies</AwardTitle>
    <AwardEffectiveDate>10/01/2000</AwardEffectiveDate>
    <AwardExpirationDate>09/30/2005</AwardExpirationDate>
    <AwardAmount>171000</AwardAmount>
    <AwardInstrument>
      <Value>Continuing grant</Value>
    </AwardInstrument>
    <Organization>
      <Code>06030204</Code>
      <Directorate>
        <LongName>Directorate For Geosciences</LongName>
      </Directorate>
      <Division>
        <LongName>Division Of Earth Sciences</LongName>
      </Division>
    </Organization>
    <ProgramOfficer>
      <SignBlockName>Eva E. Zanzerkia</SignBlockName>
    </ProgramOfficer>
    <AbstractNarration>0001126&lt;br/&gt;Vidale&lt;br/&gt;&lt;br/&gt;This project proposes to measure the fine-scale structure of the Earth's inner-core and estimate its rotation using newly discovered inner-core-scattered waves (ICS). The PIs recently showed an extended ( 200 s) scattered wavetrain following the inner-core-boundary reflection (PkiKP), which can be explained by short-wavelength (3.5 km) small amplitude ( 3%) stiffness variations distributed across the outer half of the inner-core. These initial results indicate the inner core is one of the more heterogeneous places in our planet. This project would amass a database of array ICS waves from different epicentral ranges, the research will be able to place constraints on the amplitude variation of distinct physical properties. Analysis of ICS waves provides a simple test for inner-core motion. Scattered waves generated by two Novaya Zemlya nuclear tests separated by less than a kilometer occurring in 1971 and 1974 recorded at LASA show small but coherent changes in the ICS waves. Energy scattered in the inner core to the west of the great-circle path is up to 0.1 s earlier in 1974 than 1971. The opposite trend appears for scattering from the east. This pattern suggests an inner-core rotation rate of 0.15 degrees per year. Investigation of additional events is needed to confirm the initial result, test for the temporal stability on the inner-core-rotation rate, and determine the inner-core super-rotation pole.</AbstractNarration>
    <MinAmdLetterDate>08/31/2000</MinAmdLetterDate>
    <MaxAmdLetterDate>07/02/2004</MaxAmdLetterDate>
    <ARRAAmount/>
    <AwardID>0001126</AwardID>
    <Investigator>
      <FirstName>Paul</FirstName>
      <LastName>Earle</LastName>
      <EmailAddress>pearle@ucla.edu</EmailAddress>
      <StartDate>08/31/2000</StartDate>
      <EndDate>11/03/2000</EndDate>
      <RoleCode>Former Co-Principal Investigator</RoleCode>
    </Investigator>
    <Investigator>
      <FirstName>John</FirstName>
      <LastName>Vidale</LastName>
      <EmailAddress>vidale@uw.edu</EmailAddress>
      <StartDate>08/31/2000</StartDate>
      <EndDate/>
      <RoleCode>Principal Investigator</RoleCode>
    </Investigator>
    <Institution>
      <Name>University of California-Los Angeles</Name>
      <CityName>LOS ANGELES</CityName>
      <ZipCode>900951406</ZipCode>
      <PhoneNumber>3107940102</PhoneNumber>
      <StreetAddress>10889 Wilshire Boulevard</StreetAddress>
      <CountryName>United States</CountryName>
      <StateName>California</StateName>
      <StateCode>CA</StateCode>
    </Institution>
    <FoaInformation>
      <Code>0000099</Code>
      <Name>Other Applications NEC</Name>
    </FoaInformation>
    <ProgramElement>
      <Code>1574</Code>
      <Text>GEOPHYSICS</Text>
    </ProgramElement>
    <ProgramReference>
      <Code>0000</Code>
      <Text>UNASSIGNED</Text>
    </ProgramReference>
    <ProgramReference>
      <Code>1031</Code>
      <Text>STUDIES OF THE EARTH'S DEEP INTERIOR</Text>
    </ProgramReference>
    <ProgramReference>
      <Code>OTHR</Code>
      <Text>OTHER RESEARCH OR EDUCATION</Text>
    </ProgramReference>
  </Award>
</rootTag>
