<?xml version="1.0" encoding="UTF-8"?>

<rootTag>
  <Award>
    <AwardTitle>Facies Architecture and Paleobiology of a Terminal Proterozoic Carbonate Ramp, Kuibus Subgroup, Namibia</AwardTitle>
    <AwardEffectiveDate>08/01/2000</AwardEffectiveDate>
    <AwardExpirationDate>07/31/2003</AwardExpirationDate>
    <AwardAmount>244010</AwardAmount>
    <AwardInstrument>
      <Value>Standard Grant</Value>
    </AwardInstrument>
    <Organization>
      <Code>06030101</Code>
      <Directorate>
        <LongName>Directorate For Geosciences</LongName>
      </Directorate>
      <Division>
        <LongName>Division Of Earth Sciences</LongName>
      </Division>
    </Organization>
    <ProgramOfficer>
      <SignBlockName>H. Richard Lane</SignBlockName>
    </ProgramOfficer>
    <AbstractNarration>ABSTRACT&lt;br/&gt;&lt;br/&gt;Facies Architecture and Paleobiology of a Terminal Proterozoic Carbonate Ramp, Kuibus Subgroup, Namibia&lt;br/&gt;&lt;br/&gt;John P. Grotzinger&lt;br/&gt;EAR-0001018&lt;br/&gt;&lt;br/&gt; This project will attempt to improve our understanding of the first-order, long-term evolution of carbonate platforms by investigating the three-dimensional stratigraphic architecture and paleobiology of the terminal Proterozoic Kuibis carbonate platform of southern Namibia. The Kuibis platform has ramp geometry, marked by relatively gentle gradients in facies from intraclast-ooid grainstone shoals into deeper-water heterolithic assemblages of thin-bedded lime mudstones, thrombolitic/stromatolitic laminites, and shales. Sediment transport was dominated by wave- and storm-produced currents, as shown by interspersed beds of hummocky cross-stratified and quasiplanar stratified calcarenites, in addition to finer-grained graded beds probably deposited from dilute turbidity flows. The ramp also contains numerous reefal facies, formed of thrombolites, stromatolites and diverse fossils of what may be one of the oldest assemblages of calcified metazoans. Reefs have variable geometry, forming sheet-like biostromes or distinct patch reefs in updip positions, or large pinnacle reefs in deeper-water, more downdip positions.&lt;br/&gt; The objectives of this research are to: 1) document the detailed paleoenvironments of the Kuibis platform by mapping it in three dimensions, 2) quantify the spatial arrangement of facies between parasequence boundaries, 3) test various hypotheses for the origin of thrombolite textures, 4) quantify the taxonomic diversity of calcified fossils using new digital 3D reconstruction techniques. The proposed research will provide important information that will be useful in understanding facies development within the earliest calcified metazoan and microbial ecosystems, the quantitative distribution of facies within parasequences, and the morphology and taxonomic diversity of the oldest calcified metazoans.</AbstractNarration>
    <MinAmdLetterDate>08/22/2000</MinAmdLetterDate>
    <MaxAmdLetterDate>08/22/2000</MaxAmdLetterDate>
    <ARRAAmount/>
    <AwardID>0001018</AwardID>
    <Investigator>
      <FirstName>John</FirstName>
      <LastName>Grotzinger</LastName>
      <EmailAddress/>
      <StartDate>08/22/2000</StartDate>
      <EndDate/>
      <RoleCode>Principal Investigator</RoleCode>
    </Investigator>
    <Institution>
      <Name>Massachusetts Institute of Technology</Name>
      <CityName>Cambridge</CityName>
      <ZipCode>021394301</ZipCode>
      <PhoneNumber>6172531000</PhoneNumber>
      <StreetAddress>77 MASSACHUSETTS AVE</StreetAddress>
      <CountryName>United States</CountryName>
      <StateName>Massachusetts</StateName>
      <StateCode>MA</StateCode>
    </Institution>
    <FoaInformation>
      <Code>0000099</Code>
      <Name>Other Applications NEC</Name>
    </FoaInformation>
    <ProgramElement>
      <Code>1571</Code>
      <Text>SCEC</Text>
    </ProgramElement>
    <ProgramElement>
      <Code>5976</Code>
      <Text>AFRICA, NEAR EAST, &amp; SO ASIA</Text>
    </ProgramElement>
    <ProgramReference>
      <Code>0000</Code>
      <Text>UNASSIGNED</Text>
    </ProgramReference>
    <ProgramReference>
      <Code>OTHR</Code>
      <Text>OTHER RESEARCH OR EDUCATION</Text>
    </ProgramReference>
  </Award>
</rootTag>
