<?xml version="1.0" encoding="UTF-8"?>

<rootTag>
  <Award>
    <AwardTitle>Engineering Foundation Conference on "Processing and Catalytic/Chemical Properties of Nanostructured Materials" to be held in Maui, Hawaii from January 16 - 21, 2000</AwardTitle>
    <AwardEffectiveDate>01/01/2000</AwardEffectiveDate>
    <AwardExpirationDate>12/31/2000</AwardExpirationDate>
    <AwardAmount>12400</AwardAmount>
    <AwardInstrument>
      <Value>Standard Grant</Value>
    </AwardInstrument>
    <Organization>
      <Code>07020000</Code>
      <Directorate>
        <LongName>Directorate For Engineering</LongName>
      </Directorate>
      <Division>
        <LongName>Div Of Chem, Bioeng, Env, &amp; Transp Sys</LongName>
      </Division>
    </Organization>
    <ProgramOfficer>
      <SignBlockName>M. C. Roco</SignBlockName>
    </ProgramOfficer>
    <AbstractNarration>This award is for partial support for the cost of an Engineering Foundation Conference entitled "Processing and Catalytic/Chemical Properties of Nanostructured Materials" to be held in Maui, Hawaii from January 16 to 21, 2000. The grant will provide partial travel support, registration, and accommodation expenses for invited speakers, young researchers, and students to attend the conference. There is significant technological potential for the emerging of area of nanostructured materials in chemical processing, especially in relation to catalytic applications. Because of recent developments in new chemical synthesis methods and improved characterization techniques, there are now possibilities for designing features for reactive materials on the nanometer scale. Research advances in the past few years have clearly shown that nanostructure design can substantially improve the surface characteristics of materials as well as offering new insights into the structure sensitivity of chemical reactions. In view of the great interest in nanostructured materials and the importance of catalytic materials to industrial processes, it is timely to have a conference that will bring together international researchers from academia and industry to present advances in the fields of chemical processing and catalytic properties of nanostructured materials and to discuss future research directions.</AbstractNarration>
    <MinAmdLetterDate>01/06/2000</MinAmdLetterDate>
    <MaxAmdLetterDate>01/06/2000</MaxAmdLetterDate>
    <ARRAAmount/>
    <AwardID>0001335</AwardID>
    <Investigator>
      <FirstName>Jackie</FirstName>
      <LastName>Ying</LastName>
      <EmailAddress>jyying@mit.edu</EmailAddress>
      <StartDate>01/06/2000</StartDate>
      <EndDate/>
      <RoleCode>Principal Investigator</RoleCode>
    </Investigator>
    <Institution>
      <Name>Massachusetts Institute of Technology</Name>
      <CityName>Cambridge</CityName>
      <ZipCode>021394301</ZipCode>
      <PhoneNumber>6172531000</PhoneNumber>
      <StreetAddress>77 MASSACHUSETTS AVE</StreetAddress>
      <CountryName>United States</CountryName>
      <StateName>Massachusetts</StateName>
      <StateCode>MA</StateCode>
    </Institution>
    <FoaInformation>
      <Code>0308000</Code>
      <Name>Industrial Technology</Name>
    </FoaInformation>
    <ProgramElement>
      <Code>1401</Code>
      <Text>CATALYSIS AND BIOCATALYSIS</Text>
    </ProgramElement>
    <ProgramElement>
      <Code>1415</Code>
      <Text>PARTICULATE &amp;MULTIPHASE PROCES</Text>
    </ProgramElement>
    <ProgramReference>
      <Code>0000</Code>
      <Text>UNASSIGNED</Text>
    </ProgramReference>
    <ProgramReference>
      <Code>OTHR</Code>
      <Text>OTHER RESEARCH OR EDUCATION</Text>
    </ProgramReference>
  </Award>
</rootTag>
