<?xml version="1.0" encoding="UTF-8"?>

<rootTag>
  <Award>
    <AwardTitle>Celebration 2000: A Seismic Investigation of Lithospheric Structure in the Trans-European Suture/Carpathian Mountains Region</AwardTitle>
    <AwardEffectiveDate>06/01/2000</AwardEffectiveDate>
    <AwardExpirationDate>05/31/2004</AwardExpirationDate>
    <AwardAmount>105660</AwardAmount>
    <AwardInstrument>
      <Value>Standard Grant</Value>
    </AwardInstrument>
    <Organization>
      <Code>01090000</Code>
      <Directorate>
        <LongName>Office Of The Director</LongName>
      </Directorate>
      <Division>
        <LongName>Office Of Internatl Science &amp;Engineering</LongName>
      </Division>
    </Organization>
    <ProgramOfficer>
      <SignBlockName>Cassandra M. Dudka</SignBlockName>
    </ProgramOfficer>
    <AbstractNarration>INT 0001356&lt;br/&gt;Keller&lt;br/&gt;&lt;br/&gt;This cooperative research project, "CELEBRATION 2000: A Seismic Investigation of Lithospheric Structure in the Trans-European Suture/Carpathian Mountains Region" is an ambitious regional project involving researchers from the geophysical and geological communities in the US, Poland, the Slovak Republic, Hungary and the Czech Republic. Researchers from Denmark, Finland and Sweden will also contribute to this project. The principal investigators are Dr. G. Randy Keller from the University of Texas at El Paso and colleagues from the Institute of Geophysics of the Polish Academy of Sciences, the University of Warsaw, Eotvos Lorand Geophysical Institute in Budapest, the Slovak Geological Survey, the Institute of Geophysics in Bratislava (Slovakia) and the Geophysical Institute in Prague (Czech Republic).&lt;br/&gt;&lt;br/&gt;Eastern Europe contains a variety of interesting and important tectonic features. Three of these features are the Trans-European Suture Zone (TESZ), the Carpathian Mountains, and the Pannonian basin. In 1997, the PI and his colleagues joined researchers from Poland in a very large seismic experiment (POLONAISE '97) that targeted the northern portion of the TESZ region. This project was very successful and has yielded a series of scientific papers in major journals. The PI now proposes to expand this collaboration to neighboring countries in the region in order to undertake another experiment (CELEBRATION 2000 - Central Europe Lithospheric Experiment Based on Refraction) that targets the southern portion of the TESZ as well as the Carpathian Mountains and Pannonian basin. This research will augment two of the PI's ongoing research efforts in the US. One deals with the tectonic history of the southern margin of the North American craton. The other involves a study of the structure and evolution of the souther Rockies. The joint study of the Carpathian Mountains and Rocky Mountains is expected to provide additional insight into the processes involved in mountain building.&lt;br/&gt;&lt;br/&gt;This project in earth sciences research fulfills the program objectives of bringing together leading experts in the U.S. and Central/Eastern Europe to combine complementary efforts and capabilities in areas of strong mutual interest and competence on the basis of equality, reciprocity, and mutuality of benefit.</AbstractNarration>
    <MinAmdLetterDate>05/24/2000</MinAmdLetterDate>
    <MaxAmdLetterDate>07/11/2001</MaxAmdLetterDate>
    <ARRAAmount/>
    <AwardID>0001356</AwardID>
    <Investigator>
      <FirstName>George</FirstName>
      <LastName>Keller</LastName>
      <EmailAddress>grkeller@ou.edu</EmailAddress>
      <StartDate>05/24/2000</StartDate>
      <EndDate/>
      <RoleCode>Principal Investigator</RoleCode>
    </Investigator>
    <Investigator>
      <FirstName>Kate</FirstName>
      <LastName>Miller</LastName>
      <EmailAddress>kate.miller@uwyo.edu</EmailAddress>
      <StartDate>05/24/2000</StartDate>
      <EndDate/>
      <RoleCode>Co-Principal Investigator</RoleCode>
    </Investigator>
    <Institution>
      <Name>University of Texas at El Paso</Name>
      <CityName>El Paso</CityName>
      <ZipCode>799680001</ZipCode>
      <PhoneNumber>9157475680</PhoneNumber>
      <StreetAddress>ADMIN BLDG RM 209</StreetAddress>
      <CountryName>United States</CountryName>
      <StateName>Texas</StateName>
      <StateCode>TX</StateCode>
    </Institution>
    <FoaInformation>
      <Code>0000099</Code>
      <Name>Other Applications NEC</Name>
    </FoaInformation>
    <ProgramElement>
      <Code>5979</Code>
      <Text>CENTRAL &amp; EASTERN EUROPE PROGR</Text>
    </ProgramElement>
    <ProgramReference>
      <Code>0000</Code>
      <Text>UNASSIGNED</Text>
    </ProgramReference>
    <ProgramReference>
      <Code>5915</Code>
      <Text>EASTERN EUROPE, OTHER</Text>
    </ProgramReference>
    <ProgramReference>
      <Code>5930</Code>
      <Text>U.S.-CZECHOSLOVAKIA PROGRAM</Text>
    </ProgramReference>
    <ProgramReference>
      <Code>5953</Code>
      <Text>POLAND</Text>
    </ProgramReference>
    <ProgramReference>
      <Code>5994</Code>
      <Text>SLOVAK REPUBLIC</Text>
    </ProgramReference>
    <ProgramReference>
      <Code>OTHR</Code>
      <Text>OTHER RESEARCH OR EDUCATION</Text>
    </ProgramReference>
  </Award>
</rootTag>
