<?xml version="1.0" encoding="UTF-8"?>

<rootTag>
  <Award>
    <AwardTitle>Development of Chromium Stable Isotopes for Chromium Transport Studies and Other Geoscience Applications</AwardTitle>
    <AwardEffectiveDate>07/15/2000</AwardEffectiveDate>
    <AwardExpirationDate>04/30/2002</AwardExpirationDate>
    <AwardAmount>58563</AwardAmount>
    <AwardInstrument>
      <Value>Standard Grant</Value>
    </AwardInstrument>
    <Organization>
      <Code>06030109</Code>
      <Directorate>
        <LongName>Directorate For Geosciences</LongName>
      </Directorate>
      <Division>
        <LongName>Division Of Earth Sciences</LongName>
      </Division>
    </Organization>
    <ProgramOfficer>
      <SignBlockName>L. Douglas James</SignBlockName>
    </ProgramOfficer>
    <AbstractNarration>0001153&lt;br/&gt;Johnson&lt;br/&gt;&lt;br/&gt;This project is a one-year exploratory study needed to examine the feasibility of Cr isotope measurements as indicators of Cr(VI) reduction and Cr contamination sources. Cr is a common groundwater contaminant because of its use in electroplating and other industrial processes. The complex redox chemistry of Cr determines its mobility and bioavailability, and in most Cr-contaminanted sites, Cr(VI) reduction is an important natural attenuation mechanism. Cr is also of interest in oceanographic and sedimentological studies, as both Cr(VI) and Cr(III) are present in ocean and estuarine water, and Cr concentration and speciation data hold information about redox conditions.&lt;br/&gt;&lt;br/&gt;Stable isotope ratios of nitrogen and sulfur have proven useful in tracking reduction of nitrate and sulfate to lower oxidation states, and in identifying sources of nitrate and sulfate in groundwater. This project is an initial step toward developing a similar capability for Cr isotopes. For nitrogen and sulfur, lighter isotopes are reduced preferentially, and thus isotope ratio shifts in nature provide evidence that reduction reactions are occurring, and indicate the degree of reduction. It is likely that in chromate reduction, 52Cr will be reduced preferentially relative to 53Cr, and observed shifts in 53Cr/52Cr ratio of the Cr in groundwater would indicate Cr(VI) reduction. Cr isotopes are thus promising as a new geochemical toll, but the isotopic fractionations must be observed in controlled experiments before extensive research can be undertaken.&lt;br/&gt;&lt;br/&gt;The proposed study will measure the size of this kinetic isotope effect and assess the potential for Cr isotope applications. Three experiments are planned, in which Cr(VI) reduction will occur in simple solutions, on mineral surfaces, and in sediment slurries. Also, Cr isotope ratio variations in groundwater from one field site will be examined in order to observe this kinetic isotope effect in nature and establish the practical measurement precision.&lt;br/&gt;&lt;br/&gt;This research has potential impacts in gaining an understanding of Cr isotope systematic that may then be used in further studies applied to groundwater, surface water, oceanographic, and sedimentological studies. Cr isotopes may ultimately be a practical tool for the use in understanding Cr sources and transport at contaminanted sites. This project is designed to be part of a Ph.D. dissertation for a graduate student, to be combined with similar work on Se isotopes that is in progress.</AbstractNarration>
    <MinAmdLetterDate>07/12/2000</MinAmdLetterDate>
    <MaxAmdLetterDate>07/12/2000</MaxAmdLetterDate>
    <ARRAAmount/>
    <AwardID>0001153</AwardID>
    <Investigator>
      <FirstName>Thomas</FirstName>
      <LastName>Johnson</LastName>
      <EmailAddress>tmjohnsn@illinois.edu</EmailAddress>
      <StartDate>07/12/2000</StartDate>
      <EndDate/>
      <RoleCode>Principal Investigator</RoleCode>
    </Investigator>
    <Institution>
      <Name>University of Illinois at Urbana-Champaign</Name>
      <CityName>CHAMPAIGN</CityName>
      <ZipCode>618207473</ZipCode>
      <PhoneNumber>2173332187</PhoneNumber>
      <StreetAddress>SUITE A</StreetAddress>
      <CountryName>United States</CountryName>
      <StateName>Illinois</StateName>
      <StateCode>IL</StateCode>
    </Institution>
    <FoaInformation>
      <Code>0000099</Code>
      <Name>Other Applications NEC</Name>
    </FoaInformation>
    <ProgramElement>
      <Code>1573</Code>
      <Text>PETROLOGY AND GEOCHEMISTRY</Text>
    </ProgramElement>
    <ProgramElement>
      <Code>1579</Code>
      <Text>HYDROLOGIC SCIENCES</Text>
    </ProgramElement>
    <ProgramElement>
      <Code>1584</Code>
      <Text>ENVIRO GEOCHEM AND BIOGEOCHEM</Text>
    </ProgramElement>
    <ProgramReference>
      <Code>1043</Code>
      <Text>ENVIRONMENTAL GEOCHEMISTRY</Text>
    </ProgramReference>
    <ProgramReference>
      <Code>9189</Code>
      <Text>WATER RESOURCES/COASTAL &amp; MARINE ENVIRON</Text>
    </ProgramReference>
    <ProgramReference>
      <Code>9198</Code>
      <Text>OTHER ENVIRONMENT</Text>
    </ProgramReference>
    <ProgramReference>
      <Code>EGCH</Code>
      <Text>ENVIRONMENT AND GLOBAL CHANGE</Text>
    </ProgramReference>
  </Award>
</rootTag>
