<?xml version="1.0" encoding="UTF-8"?>

<rootTag>
  <Award>
    <AwardTitle>Communicating Values Across Generations of Haitian Immigrants</AwardTitle>
    <AwardEffectiveDate>09/01/2000</AwardEffectiveDate>
    <AwardExpirationDate>08/31/2002</AwardExpirationDate>
    <AwardAmount>100000</AwardAmount>
    <AwardInstrument>
      <Value>Fellowship</Value>
    </AwardInstrument>
    <Organization>
      <Code>04050300</Code>
      <Directorate>
        <LongName>Direct For Social, Behav &amp; Economic Scie</LongName>
      </Directorate>
      <Division>
        <LongName>Divn Of Social and Economic Sciences</LongName>
      </Division>
    </Organization>
    <ProgramOfficer>
      <SignBlockName>Bonney Sheahan</SignBlockName>
    </ProgramOfficer>
    <AbstractNarration>This Postdoctoral research fellowship research project investigates two aspects of Haitian immigrant experience: (1) ways in which values about education and educational achievement are communicated across generations of Haitian immigrants; (2) how the acculturation of children and older family members (i.e., parents, grandparents) to American society influence this process. Two groups of Haitian immigrants will be studied, one whose adolescent children are first-generation immigrants (Haiti-born) and another whose adolescent children are second-generation immigrants (U.S.-born). The first-generation immigrants will be recruited from current participants in the Harvard Immigration Project. The second-generation immigrants will be recruited from the Haitian community in the greater Boston area. Data will be collected using primary assessment tools from the Harvard immigration project: observations, interviews, focus groups, and academic records.</AbstractNarration>
    <MinAmdLetterDate>08/08/2000</MinAmdLetterDate>
    <MaxAmdLetterDate>08/08/2000</MaxAmdLetterDate>
    <ARRAAmount/>
    <AwardID>0001331</AwardID>
    <Investigator>
      <FirstName>Fabienne</FirstName>
      <LastName>Doucet</LastName>
      <EmailAddress/>
      <StartDate>08/08/2000</StartDate>
      <EndDate/>
      <RoleCode>Principal Investigator</RoleCode>
    </Investigator>
    <Institution>
      <Name>Doucet, Fabienne</Name>
      <CityName>Dorchester</CityName>
      <ZipCode>021243805</ZipCode>
      <PhoneNumber/>
      <StreetAddress/>
      <CountryName>United States</CountryName>
      <StateName>Massachusetts</StateName>
      <StateCode>MA</StateCode>
    </Institution>
    <FoaInformation>
      <Code>0116000</Code>
      <Name>Human Subjects</Name>
    </FoaInformation>
    <ProgramElement>
      <Code>1397</Code>
      <Text>CROSS-DIRECTORATE ACTIV PROGR</Text>
    </ProgramElement>
    <ProgramReference>
      <Code>9179</Code>
      <Text>GRADUATE INVOLVEMENT</Text>
    </ProgramReference>
    <ProgramReference>
      <Code>9283</Code>
      <Text>MINORITY POSTDOCT. FELLOWSHIPS</Text>
    </ProgramReference>
    <ProgramReference>
      <Code>SMET</Code>
      <Text>SCIENCE, MATH, ENG &amp; TECH EDUCATION</Text>
    </ProgramReference>
  </Award>
</rootTag>
