<?xml version="1.0" encoding="UTF-8"?>

<rootTag>
  <Award>
    <AwardTitle>Power Engineering Load / Component Modeling Using Advanced Concepts Of Dynamic Systems and Data Mining for Risk Management</AwardTitle>
    <AwardEffectiveDate>07/15/2001</AwardEffectiveDate>
    <AwardExpirationDate>06/30/2003</AwardExpirationDate>
    <AwardAmount>70998</AwardAmount>
    <AwardInstrument>
      <Value>Continuing grant</Value>
    </AwardInstrument>
    <Organization>
      <Code>07010000</Code>
      <Directorate>
        <LongName>Directorate For Engineering</LongName>
      </Directorate>
      <Division>
        <LongName>Div Of Electrical, Commun &amp; Cyber Sys</LongName>
      </Division>
    </Organization>
    <ProgramOfficer>
      <SignBlockName>James Momoh</SignBlockName>
    </ProgramOfficer>
    <AbstractNarration>0001343&lt;br/&gt;Heydt&lt;br/&gt;&lt;br/&gt;This is a proposed project in electric power engineering. The main thrust is the application of advanced mathematical tools in the area of power system component and load modeling. The project spans five researchers at three universities; two universities are in Mexico and one in the United States. The emphasis is on the condensation and processing of time series recorded electrical system measurements for power system load and component models. A goal of the work is the enhancement of model accuracy. The use of these models in a deregulated environment is proposed to manage power system operating risk while maximizing operating revenues. Of course, accurate models are also needed in the mainstream operation of power systems, regulated or deregulated, for such tasks as stability studies, reliability analysis, system loading, and control of power flow. The main methods to be studied are: symbolic analysis, blended models, data mining, and risk management. Because the level of mathematical models is complex, part of the project is to prepare these methods in a form suitable for visualization by power system operators.&lt;br/&gt;&lt;br/&gt;The project contains an educational component which includes a research experience for undergraduates, development of a web site on electrical load and component modeling, and a workshop/meeting for researchers and students from both Mexico and the USA. The intent of the website is to acquaint students and practicing engineers alike on the capabilities of advanced modeling techniques. In the case of power engineering students, the goal is to attract highly qualified persons to the field. In the case of practicing engineers, the PI would like to provide to them tools so that they can utilize the data at their disposal.</AbstractNarration>
    <MinAmdLetterDate>08/16/2001</MinAmdLetterDate>
    <MaxAmdLetterDate>05/16/2002</MaxAmdLetterDate>
    <ARRAAmount/>
    <AwardID>0001343</AwardID>
    <Investigator>
      <FirstName>Gerald</FirstName>
      <LastName>Heydt</LastName>
      <EmailAddress>heydt@asu.edu</EmailAddress>
      <StartDate>08/16/2001</StartDate>
      <EndDate/>
      <RoleCode>Principal Investigator</RoleCode>
    </Investigator>
    <Institution>
      <Name>Arizona State University</Name>
      <CityName>TEMPE</CityName>
      <ZipCode>852816011</ZipCode>
      <PhoneNumber>4809655479</PhoneNumber>
      <StreetAddress>ORSPA</StreetAddress>
      <CountryName>United States</CountryName>
      <StateName>Arizona</StateName>
      <StateCode>AZ</StateCode>
    </Institution>
    <FoaInformation>
      <Code>0306000</Code>
      <Name>Energy Research &amp; Resources</Name>
    </FoaInformation>
  </Award>
</rootTag>
