<?xml version="1.0" encoding="UTF-8"?>

<rootTag>
  <Award>
    <AwardTitle>Folding by Large Scale Cataclastic Flow at Shallow Crustal Levels in the Internal Portions of the Sevier Orogenic Belt, West-Central Utah</AwardTitle>
    <AwardEffectiveDate>07/01/2000</AwardEffectiveDate>
    <AwardExpirationDate>06/30/2003</AwardExpirationDate>
    <AwardAmount>107525</AwardAmount>
    <AwardInstrument>
      <Value>Standard Grant</Value>
    </AwardInstrument>
    <Organization>
      <Code>06030103</Code>
      <Directorate>
        <LongName>Directorate For Geosciences</LongName>
      </Directorate>
      <Division>
        <LongName>Division Of Earth Sciences</LongName>
      </Division>
    </Organization>
    <ProgramOfficer>
      <SignBlockName>David Fountain</SignBlockName>
    </ProgramOfficer>
    <AbstractNarration>0001030&lt;br/&gt;Mitra&lt;br/&gt;Deformation in accretionary wedges commonly involve thrust faults and folds, and as material is progressively brought closer to the surface by uplift and erosion, it enters the brittle field. Yet large-scale folds occur, which may indicate fold tightening by cataclastic flow, a mechanism that has not been studied in detail. This project will study a first-order fold developed in quartzite in the internal portion of the Sevier fold and thrust belt, and will gather data on fractures, fracture networks and strain in order to test models for cataclastic flow. Results should aid understanding the process of large-scale cataclastic flow and place constraints on its role in folds in an orogenic wedge.</AbstractNarration>
    <MinAmdLetterDate>06/26/2000</MinAmdLetterDate>
    <MaxAmdLetterDate>06/26/2000</MaxAmdLetterDate>
    <ARRAAmount/>
    <AwardID>0001030</AwardID>
    <Investigator>
      <FirstName>Gautam</FirstName>
      <LastName>Mitra</LastName>
      <EmailAddress>gautam.mitra@rochester.edu</EmailAddress>
      <StartDate>06/26/2000</StartDate>
      <EndDate/>
      <RoleCode>Principal Investigator</RoleCode>
    </Investigator>
    <Institution>
      <Name>University of Rochester</Name>
      <CityName>Rochester</CityName>
      <ZipCode>146270140</ZipCode>
      <PhoneNumber>5852754031</PhoneNumber>
      <StreetAddress>518 HYLAN, RC BOX 270140</StreetAddress>
      <CountryName>United States</CountryName>
      <StateName>New York</StateName>
      <StateCode>NY</StateCode>
    </Institution>
    <FoaInformation>
      <Code>0000099</Code>
      <Name>Other Applications NEC</Name>
    </FoaInformation>
    <ProgramElement>
      <Code>1572</Code>
      <Text>TECTONICS</Text>
    </ProgramElement>
    <ProgramReference>
      <Code>0000</Code>
      <Text>UNASSIGNED</Text>
    </ProgramReference>
    <ProgramReference>
      <Code>OTHR</Code>
      <Text>OTHER RESEARCH OR EDUCATION</Text>
    </ProgramReference>
  </Award>
</rootTag>
