<?xml version="1.0" encoding="UTF-8"?>

<rootTag>
  <Award>
    <AwardTitle>Measuring Chemical Air Emissions Using Environmental CAT Scanning</AwardTitle>
    <AwardEffectiveDate>10/01/2000</AwardEffectiveDate>
    <AwardExpirationDate>09/30/2004</AwardExpirationDate>
    <AwardAmount>282704</AwardAmount>
    <AwardInstrument>
      <Value>Standard Grant</Value>
    </AwardInstrument>
    <Organization>
      <Code>07020000</Code>
      <Directorate>
        <LongName>Directorate For Engineering</LongName>
      </Directorate>
      <Division>
        <LongName>Div Of Chem, Bioeng, Env, &amp; Transp Sys</LongName>
      </Division>
    </Organization>
    <ProgramOfficer>
      <SignBlockName>Patrick L. Brezonik</SignBlockName>
    </ProgramOfficer>
    <AbstractNarration>0001385 Todd The goals of this research are the development and field-testing of an innovative real-time method for measuring, visualizing and quantifying chemical air emissions and emission rates. With the proposed method, two-dimensional pollutant concentration maps of large areas are generated using an environmental CAT (computer assisted tomography) scanning system that couples the chemical detection technology of open-path Fourier transform infrared (OP-FTIR) spectroscopy with the mapping capabilities of computer assisted tomography. In the proposed system, several OP-FTIR spectrometers transmit beams of infrared light along open beam paths (up to one kilometer, approximately) to simultaneously measure and identify a wide range of multiple contaminants directly in the atmosphere, typically at part per billion or part per million detection levels. The tomographic system uses a mathematical image reconstruction algorithm to process the multiple data into two-dimensional chemical maps. If successful, this method will allow concentrations to be spatially resolved in real-time over large areas with fewer measurements than would be required with conventional point samplers to obtain the same level of detail. ***</AbstractNarration>
    <MinAmdLetterDate>09/18/2000</MinAmdLetterDate>
    <MaxAmdLetterDate>09/18/2000</MaxAmdLetterDate>
    <ARRAAmount/>
    <AwardID>0001385</AwardID>
    <Investigator>
      <FirstName>Lori</FirstName>
      <LastName>Todd</LastName>
      <EmailAddress>todd@cs.unc.edu</EmailAddress>
      <StartDate>09/18/2000</StartDate>
      <EndDate/>
      <RoleCode>Principal Investigator</RoleCode>
    </Investigator>
    <Institution>
      <Name>University of North Carolina at Chapel Hill</Name>
      <CityName>CHAPEL HILL</CityName>
      <ZipCode>275991350</ZipCode>
      <PhoneNumber>9199663411</PhoneNumber>
      <StreetAddress>104 AIRPORT DR STE 2200</StreetAddress>
      <CountryName>United States</CountryName>
      <StateName>North Carolina</StateName>
      <StateCode>NC</StateCode>
    </Institution>
    <FoaInformation>
      <Code>0118000</Code>
      <Name>Pollution Control</Name>
    </FoaInformation>
  </Award>
</rootTag>
