<?xml version="1.0" encoding="UTF-8"?>

<rootTag>
  <Award>
    <AwardTitle>US-Argentina-Brazil 2000 Workshop on Programming Methodology</AwardTitle>
    <AwardEffectiveDate>07/15/2000</AwardEffectiveDate>
    <AwardExpirationDate>12/31/2000</AwardExpirationDate>
    <AwardAmount>23240</AwardAmount>
    <AwardInstrument>
      <Value>Standard Grant</Value>
    </AwardInstrument>
    <Organization>
      <Code>01090000</Code>
      <Directorate>
        <LongName>Office Of The Director</LongName>
      </Directorate>
      <Division>
        <LongName>Office Of Internatl Science &amp;Engineering</LongName>
      </Division>
    </Organization>
    <ProgramOfficer>
      <SignBlockName>Francis J. Wodarczyk</SignBlockName>
    </ProgramOfficer>
    <AbstractNarration>\0001334&lt;br/&gt;Shankar&lt;br/&gt;&lt;br/&gt;This U.S.-Argentina proposal will give support to Dr. Natarajan Shankar of SRI International for the organization of a workshop on Programming Methodology, to be held in conjunction with the 29th Argentine Meeting on Computer Science and Operational Research, to be held in Argentina. The co-organizers are Professor Armando Haeberer of Pontifical Catholic University of Brazil, Professor Gabriel Baum of the University of La Plata, Argentina and Professor Rafael Lins of the Federal University of Recife, Brazil.&lt;br/&gt;Following the two-day workshop, there will be an eight-day school directed at young researchers in Argentina and Brazil. The Argentine Society for Informatics and Operations Research is sponsoring these events. The subject of the workshop and school is Program Design Using Logic. It will cover the spectrum of programming methodology including a basic background in calculational logic, requirements modeling, refinement calculi, and logics for imperative programs. Correct computer programming is critical to ensure that computer software is reliable. This impacts every aspect of daily life, including commerce, communications, power and transportation.&lt;br/&gt;&lt;br/&gt;A strong U.S. presence at this workshop will help create strong ties and promote lasting collaborations with researchers in South America.</AbstractNarration>
    <MinAmdLetterDate>07/10/2000</MinAmdLetterDate>
    <MaxAmdLetterDate>07/10/2000</MaxAmdLetterDate>
    <ARRAAmount/>
    <AwardID>0001334</AwardID>
    <Investigator>
      <FirstName>Natarajan</FirstName>
      <LastName>Shankar</LastName>
      <EmailAddress>shankar@csl.sri.com</EmailAddress>
      <StartDate>07/10/2000</StartDate>
      <EndDate/>
      <RoleCode>Principal Investigator</RoleCode>
    </Investigator>
    <Institution>
      <Name>SRI International</Name>
      <CityName>Menlo Park</CityName>
      <ZipCode>940253493</ZipCode>
      <PhoneNumber>6508592651</PhoneNumber>
      <StreetAddress>333 RAVENSWOOD AVE</StreetAddress>
      <CountryName>United States</CountryName>
      <StateName>California</StateName>
      <StateCode>CA</StateCode>
    </Institution>
    <FoaInformation>
      <Code>0000912</Code>
      <Name>Computer Science</Name>
    </FoaInformation>
  </Award>
</rootTag>
