<?xml version="1.0" encoding="UTF-8"?>

<rootTag>
  <Award>
    <AwardTitle>High Pressure Synchrotron Radiology and Microtomography Studies of Mechanisms and Kinetics of Liquid Iron -Silicate Segregation: Implications for Formation of the Earth's Core</AwardTitle>
    <AwardEffectiveDate>07/15/2000</AwardEffectiveDate>
    <AwardExpirationDate>06/30/2004</AwardExpirationDate>
    <AwardAmount>280000</AwardAmount>
    <AwardInstrument>
      <Value>Standard Grant</Value>
    </AwardInstrument>
    <Organization>
      <Code>06030200</Code>
      <Directorate>
        <LongName>Directorate For Geosciences</LongName>
      </Directorate>
      <Division>
        <LongName>Division Of Earth Sciences</LongName>
      </Division>
    </Organization>
    <ProgramOfficer>
      <SignBlockName>Robin Reichlin</SignBlockName>
    </ProgramOfficer>
    <AbstractNarration>Wang &lt;br/&gt;0001088 &lt;br/&gt;&lt;br/&gt;All core formation models depend on knowledge of mechanisms of the liquid iron-silicate separation. The investigators propose to study the iron-silicate separation process by in-situ synchrotron X-ray radiography in the large-volume press at GSECARS and the Advanced Photon Source. Their pilot experiments have demonstrated that droplets of Fe-rich melt from a mechanical mixture of silicates and Fe (with controlled amounts of light elements) can be observed by in situ radiography during the separation process. Computed microtomography has been applied to the recovered samples to generate three-dimensional reconstructions of the size and spatial distribution of the melt droplets as a function of pressure, temperature, composition, and time. In the proposed study, the investigators will examine systems containing selected light elements, such as C, S, H, O, and Si, with various metal/silicate volume ratios at pressures up to 15 GPa and 2000K. They will start with simple compositions by selecting pure constituents but as understanding increases will work on more realistic compositions such as iron meteorite and carbonaceous meteorite. Currently a white beam is used for the radiography experiments but monochromatic radiation will be used in future experiments to enhance image resolution and contrast. In addition, the team plans to develop an X-ray transparent Drickamer-type high-pressure cell for in-situ microtomography, which will greatly enhance resolution power to the micron level. Samples will be examined at various stages of the experiment by microtomography to reconstruct the evolution of the size and spatial distribution of the Fe-rich droplets as a function of light element, pressure, temperature, and time. Recovered samples will be sectioned and examined by scanning and transmission electron microscopy to resolve metal-silicate interaction to sub-micron level. Composition analyses will be performed and element partitioning will be studied using electron microprobe and X-ray fluorescence microprobe. These experiments will provide first-hand laboratory observations on iron-silicate separation and improve our understanding of possible core formation mechanisms and dynamics of the core-mantle boundary. The results will be used to constrain existing models regarding physical and chemical processes of the formation of the core.</AbstractNarration>
    <MinAmdLetterDate>06/28/2000</MinAmdLetterDate>
    <MaxAmdLetterDate>06/28/2000</MaxAmdLetterDate>
    <ARRAAmount/>
    <AwardID>0001088</AwardID>
    <Investigator>
      <FirstName>Stephen</FirstName>
      <LastName>Sutton</LastName>
      <EmailAddress>sutton@cars.uchicago.edu</EmailAddress>
      <StartDate>06/28/2000</StartDate>
      <EndDate/>
      <RoleCode>Co-Principal Investigator</RoleCode>
    </Investigator>
    <Investigator>
      <FirstName>Mark</FirstName>
      <LastName>Rivers</LastName>
      <EmailAddress>rivers@cars.uchicago.edu</EmailAddress>
      <StartDate>06/28/2000</StartDate>
      <EndDate/>
      <RoleCode>Co-Principal Investigator</RoleCode>
    </Investigator>
    <Investigator>
      <FirstName>Yanbin</FirstName>
      <LastName>Wang</LastName>
      <EmailAddress>wang@cars.uchicago.edu</EmailAddress>
      <StartDate>06/28/2000</StartDate>
      <EndDate/>
      <RoleCode>Principal Investigator</RoleCode>
    </Investigator>
    <Institution>
      <Name>University of Chicago</Name>
      <CityName>Chicago</CityName>
      <ZipCode>606375418</ZipCode>
      <PhoneNumber>7737028669</PhoneNumber>
      <StreetAddress>5801 South Ellis Avenue</StreetAddress>
      <CountryName>United States</CountryName>
      <StateName>Illinois</StateName>
      <StateCode>IL</StateCode>
    </Institution>
    <FoaInformation>
      <Code>0000099</Code>
      <Name>Other Applications NEC</Name>
    </FoaInformation>
    <ProgramElement>
      <Code>1574</Code>
      <Text>GEOPHYSICS</Text>
    </ProgramElement>
    <ProgramElement>
      <Code>1580</Code>
      <Text>INSTRUMENTATION &amp; FACILITIES</Text>
    </ProgramElement>
    <ProgramReference>
      <Code>0000</Code>
      <Text>UNASSIGNED</Text>
    </ProgramReference>
    <ProgramReference>
      <Code>1031</Code>
      <Text>STUDIES OF THE EARTH'S DEEP INTERIOR</Text>
    </ProgramReference>
    <ProgramReference>
      <Code>OTHR</Code>
      <Text>OTHER RESEARCH OR EDUCATION</Text>
    </ProgramReference>
  </Award>
</rootTag>
