<?xml version="1.0" encoding="UTF-8"?>

<rootTag>
  <Award>
    <AwardTitle>JGOFS/SMP: Modeling Microbial Processes and Dissolved Organic Matter: A Case Study of the U.S. JGOFS Time Series Station ALOHA</AwardTitle>
    <AwardEffectiveDate>04/15/2000</AwardEffectiveDate>
    <AwardExpirationDate>03/31/2003</AwardExpirationDate>
    <AwardAmount>45809</AwardAmount>
    <AwardInstrument>
      <Value>Standard Grant</Value>
    </AwardInstrument>
    <Organization>
      <Code>06040301</Code>
      <Directorate>
        <LongName>Directorate For Geosciences</LongName>
      </Directorate>
      <Division>
        <LongName>Division Of Ocean Sciences</LongName>
      </Division>
    </Organization>
    <ProgramOfficer>
      <SignBlockName>Phillip R. Taylor</SignBlockName>
    </ProgramOfficer>
    <AbstractNarration>Modeling microbial processes and dissolved organic matter: a case study at the US-JGOFS time series Station ALOHA&lt;br/&gt;&lt;br/&gt;The development of coupled physical-biological models of ocean biogeochemistry is hampered by several critical knowledge gaps. Plankton models have attempted to incorporate the "microbial loop" and dissolved organic substances, but have done so using formulations that are highly uncertain, do not take into consideration a great deal of new information that has emerged over the past decade, and have not been shown to have greater predictive power than simple empirical formulations used in e.g. the Ocean Carbon Cycle Model Intercomparison Project protocols. As these processes play a significant role in biogeochemical cycling in the oceans, the development of more realistic models of this component of the community is critical to the development of global models that have a mechanistic basis for predicting elemental budgets.&lt;br/&gt;&lt;br/&gt;Of the JGOFS time-series study sites, the Hawaii Ocean Time-Series (HOT) has received the least attention from modelers. Observations at HOT deviate strongly from established paradigms of plankton ecology (seasonal convection, nitrate-based production, metazoan zooplankton as primary consumers) that are to some extent assumed in plankton models. The HOT data base provides an unprecedented opportunity to validate a more realistic model, as observations of dissolved organic substances have been made routinely throughout the HOT project, and significant interannual variability in these has been observed. Although there are significant uncertainties associated with one dimensional (depth-time) simulation, the high computational cost of three dimensional simulations makes extensive validation experiments with biological submodels impractical in such a context. In addition, the HOT data base is itself Eulerian, and significant interannual variability in ocean biogeochemistry has already been observed. To provide a meaningful simulation of such variability requires a mechanistic model not only of plankton population biology, but of the interface between biology and chemistry that is found in the decomposer loop. The PIs will use the HOT database to develop and test such a model.</AbstractNarration>
    <MinAmdLetterDate>04/14/2000</MinAmdLetterDate>
    <MaxAmdLetterDate>04/14/2000</MaxAmdLetterDate>
    <ARRAAmount/>
    <AwardID>0001407</AwardID>
    <Investigator>
      <FirstName>Ricardo</FirstName>
      <LastName>Letelier</LastName>
      <EmailAddress>letelier@coas.oregonstate.edu</EmailAddress>
      <StartDate>04/14/2000</StartDate>
      <EndDate/>
      <RoleCode>Principal Investigator</RoleCode>
    </Investigator>
    <Institution>
      <Name>Oregon State University</Name>
      <CityName>Corvallis</CityName>
      <ZipCode>973318507</ZipCode>
      <PhoneNumber>5417374933</PhoneNumber>
      <StreetAddress>OREGON STATE UNIVERSITY</StreetAddress>
      <CountryName>United States</CountryName>
      <StateName>Oregon</StateName>
      <StateCode>OR</StateCode>
    </Institution>
    <FoaInformation>
      <Code>0204000</Code>
      <Name>Oceanography</Name>
    </FoaInformation>
  </Award>
</rootTag>
