<?xml version="1.0" encoding="UTF-8"?>

<rootTag>
  <Award>
    <AwardTitle>High-Risk Exploratory Research: Phreatic-Zone Excavation and Integrated Site Analysis in Southwestern Madagascar.</AwardTitle>
    <AwardEffectiveDate>05/15/2000</AwardEffectiveDate>
    <AwardExpirationDate>04/30/2001</AwardExpirationDate>
    <AwardAmount>17960</AwardAmount>
    <AwardInstrument>
      <Value>Standard Grant</Value>
    </AwardInstrument>
    <Organization>
      <Code>04040400</Code>
      <Directorate>
        <LongName>Direct For Social, Behav &amp; Economic Scie</LongName>
      </Directorate>
      <Division>
        <LongName>Division Of Behavioral and Cognitive Sci</LongName>
      </Division>
    </Organization>
    <ProgramOfficer>
      <SignBlockName>Mark L. Weiss</SignBlockName>
    </ProgramOfficer>
    <AbstractNarration>This project will use a newly-developed approach for excavating fossils from bogs and other flooded sites. The investigators have found that by placing a large-diameter well in the corner of an excavation pit and pumping groundwater to a different part of the same aquifer with lightweight, high-pressure water pumps, it is possible to extract fossils from sites previously out of reach under the water table. Such sites are especially favorable to fossil preservation, and this method will allow the extraction of bones, soft tissue, ancient DNA, plant microfossils and macrofossils, and many other types of information with a maximum amount of control over the depth and context. There is no impact on the area's water resources, because the water is returned to the aquifer. &lt;br/&gt;&lt;br/&gt;If this approach works in the ancient lake-beds of southwestern Madagascar, it will permit the scientists to investigate the circumstances surrounding the apparently rapid extinction of the giant lemurs, elephant birds, and other large and unusual animals of prehistoric Madagascar, and to reconstruct the conditions under which they lived. Work of this type will allow the testing of five competing hypotheses for the cause of these extinctions, which many scientists believe were caused in some way by prehistoric humans. Perfecting this technique will open new avenues for research on prehistoric landscapes and facilitate the direct application of paleoecology to the goals of ecological restoration.</AbstractNarration>
    <MinAmdLetterDate>06/05/2000</MinAmdLetterDate>
    <MaxAmdLetterDate>06/05/2000</MaxAmdLetterDate>
    <ARRAAmount/>
    <AwardID>0001420</AwardID>
    <Investigator>
      <FirstName>David</FirstName>
      <LastName>Burney</LastName>
      <EmailAddress>dburney@ntbg.org</EmailAddress>
      <StartDate>06/05/2000</StartDate>
      <EndDate/>
      <RoleCode>Principal Investigator</RoleCode>
    </Investigator>
    <Investigator>
      <FirstName>William</FirstName>
      <LastName>Jungers</LastName>
      <EmailAddress>William.Jungers@stonybrook.edu</EmailAddress>
      <StartDate>06/05/2000</StartDate>
      <EndDate/>
      <RoleCode>Co-Principal Investigator</RoleCode>
    </Investigator>
    <Institution>
      <Name>Fordham University</Name>
      <CityName>Bronx</CityName>
      <ZipCode>104585149</ZipCode>
      <PhoneNumber>7188174651</PhoneNumber>
      <StreetAddress>441 E.Fordham Road</StreetAddress>
      <CountryName>United States</CountryName>
      <StateName>New York</StateName>
      <StateCode>NY</StateCode>
    </Institution>
  </Award>
</rootTag>
