<?xml version="1.0" encoding="UTF-8"?>

<rootTag>
  <Award>
    <AwardTitle>GLOBEC: Collaborative Research: Mesoscale and Finescale Mapping of Physical and Biological Fields in the Northern California Current System</AwardTitle>
    <AwardEffectiveDate>01/15/2000</AwardEffectiveDate>
    <AwardExpirationDate>12/31/2005</AwardExpirationDate>
    <AwardAmount>1721264</AwardAmount>
    <AwardInstrument>
      <Value>Continuing grant</Value>
    </AwardInstrument>
    <Organization>
      <Code>06040300</Code>
      <Directorate>
        <LongName>Directorate For Geosciences</LongName>
      </Directorate>
      <Division>
        <LongName>Division Of Ocean Sciences</LongName>
      </Division>
    </Organization>
    <ProgramOfficer>
      <SignBlockName>Phillip R. Taylor</SignBlockName>
    </ProgramOfficer>
    <AbstractNarration>GLOBEC Collaborative Research: Mesoscale and Finescale Mapping of Physical and Biological Fields in the Northern California Current system&lt;br/&gt;&lt;br/&gt;&lt;br/&gt;This project will address the mesoscale physical and biological oceanographic distributions and processes that influence juvenile salmonid habitat along the Oregon/California coast. The PIs will characterize, across a range of spatial scales, the circulation patterns associated with upwelling fronts and coastal jets, particularly in response to coastal promontories such as Cape Blanco. These patterns will be evaluated in the context of the retention and/or loss of phytoplankton and zooplankton biomass and species within the coastal system in both spring and late summer. An instrumented, towed, undulating vehicle (a SeaSoar) will be used to map physical and biological distributions over spatial scales of 5-30 km. The SeaSoar will be equipped with appropriate sensors/instrumentation to measure physical fields (conductivity, temperature, depth), phytoplankton and bio-optical parameters (multiwavelength fluorometers and multi-wavelength absorption meters), copepod and small euphausiid mesozooplankton (Optical Plankton Counter), and large euphausiids and fish (HTI Acoustics system) for the mesoscale region extending from Newport, OR to Eureka, CA. In addition, there will be continuous underway surface sampling and along-track Acoustic Doppler Current Profiling (ADCP) of water transport. Immediately following each mesoscale survey will be a sequence of interconnected finescale mapping surveys of a region ca. 50 km offshore by 80 km along-shore, followed by process-oriented field studies. The different sampling regions are expected to display contrasting juvenile salmonid habitat properties due to the offshore transition of the main jet of the California Current at Cape Blanco which results in distinctly different physical and biological regimes north and south of the Cape.</AbstractNarration>
    <MinAmdLetterDate>01/10/2000</MinAmdLetterDate>
    <MaxAmdLetterDate>01/10/2005</MaxAmdLetterDate>
    <ARRAAmount/>
    <AwardID>0001035</AwardID>
    <Investigator>
      <FirstName>Timothy</FirstName>
      <LastName>Cowles</LastName>
      <EmailAddress>tjc@coas.oregonstate.edu</EmailAddress>
      <StartDate>01/10/2000</StartDate>
      <EndDate/>
      <RoleCode>Principal Investigator</RoleCode>
    </Investigator>
    <Investigator>
      <FirstName>John</FirstName>
      <LastName>Barth</LastName>
      <EmailAddress>barth@coas.oregonstate.edu</EmailAddress>
      <StartDate>01/10/2000</StartDate>
      <EndDate/>
      <RoleCode>Co-Principal Investigator</RoleCode>
    </Investigator>
    <Investigator>
      <FirstName>Stephen</FirstName>
      <LastName>Pierce</LastName>
      <EmailAddress>spierce@oce.orst.edu</EmailAddress>
      <StartDate>01/10/2000</StartDate>
      <EndDate/>
      <RoleCode>Co-Principal Investigator</RoleCode>
    </Investigator>
    <Institution>
      <Name>Oregon State University</Name>
      <CityName>Corvallis</CityName>
      <ZipCode>973318507</ZipCode>
      <PhoneNumber>5417374933</PhoneNumber>
      <StreetAddress>OREGON STATE UNIVERSITY</StreetAddress>
      <CountryName>United States</CountryName>
      <StateName>Oregon</StateName>
      <StateCode>OR</StateCode>
    </Institution>
    <FoaInformation>
      <Code>0204000</Code>
      <Name>Oceanography</Name>
    </FoaInformation>
  </Award>
</rootTag>
