<?xml version="1.0" encoding="UTF-8"?>

<rootTag>
  <Award>
    <AwardTitle>CONFERENCE GRANT: Image and Meaning: Communicating Science and Technology (I &amp; M), June 14-16, 2001, at the Massachusetts Institute of Technology</AwardTitle>
    <AwardEffectiveDate>03/01/2000</AwardEffectiveDate>
    <AwardExpirationDate>08/31/2002</AwardExpirationDate>
    <AwardAmount>136500</AwardAmount>
    <AwardInstrument>
      <Value>Standard Grant</Value>
    </AwardInstrument>
    <Organization>
      <Code>11090000</Code>
      <Directorate>
        <LongName>Direct For Education and Human Resources</LongName>
      </Directorate>
      <Division>
        <LongName>Division Of Research On Learning</LongName>
      </Division>
    </Organization>
    <ProgramOfficer>
      <SignBlockName>Hyman H. Field</SignBlockName>
    </ProgramOfficer>
    <AbstractNarration>0001042&lt;br/&gt;RENSBERGER&lt;br/&gt;&lt;br/&gt;The Massachusetts Institute of Technology is conducting a three-day symposium to consider how to use images to communicate science and technology most effectively. Participants will include scientists, imaging technologists, computer scientists, photographers, science writers, illustrators, computer modelers, mathematicians, and others involved with communicating the basic science and findings from research. The focus of the conference will be on communication -- both from the scientific community to the general public, and within the scientific community. The 300 conference attendees will hear presentations from professionals working in the area. However, they will spend the majority of the time working collaboratively on solutions to model problems such as how to represent the interaction of a receptor with a ligand, how to make visually explicit the passage of time at all scales, and how to explain visually a sequence of events. Those who have committed to attend the conference will participate for several months in a conference web site prior to and after the meeting. The web site will enable participants to "critique" and make modification to various images and text used to communicate science. It also will be used to enable participants to collaborate in working groups on the model problems.&lt;br/&gt;&lt;br/&gt;The PI's for the project are Boyce Rensberger and Felice Frankel. Rensberger is director of the Knight Science Journalism Fellowships program at MIT. He is a science writer and editor and has worked in these capacities for both the New York Times and The Washington Post. Frankel is Artist-in-Resident and research scientist in the Department of Electrical Engineering and Computer Science at MIT. She photographs and digitally images research data in science and engineering. She has collaborated with George Whitesides to publish "On the Surface of Things: Images of the Extraordinary in Science."</AbstractNarration>
    <MinAmdLetterDate>04/11/2000</MinAmdLetterDate>
    <MaxAmdLetterDate>09/10/2001</MaxAmdLetterDate>
    <ARRAAmount/>
    <AwardID>0001042</AwardID>
    <Investigator>
      <FirstName>Boyce</FirstName>
      <LastName>Rensberger</LastName>
      <EmailAddress>boyce@mit.edu</EmailAddress>
      <StartDate>04/11/2000</StartDate>
      <EndDate/>
      <RoleCode>Principal Investigator</RoleCode>
    </Investigator>
    <Investigator>
      <FirstName>Felice</FirstName>
      <LastName>Frankel</LastName>
      <EmailAddress>felice_frankel@harvard.edu</EmailAddress>
      <StartDate>04/11/2000</StartDate>
      <EndDate/>
      <RoleCode>Co-Principal Investigator</RoleCode>
    </Investigator>
    <Institution>
      <Name>Massachusetts Institute of Technology</Name>
      <CityName>Cambridge</CityName>
      <ZipCode>021394301</ZipCode>
      <PhoneNumber>6172531000</PhoneNumber>
      <StreetAddress>77 MASSACHUSETTS AVE</StreetAddress>
      <CountryName>United States</CountryName>
      <StateName>Massachusetts</StateName>
      <StateCode>MA</StateCode>
    </Institution>
    <FoaInformation>
      <Code>0000099</Code>
      <Name>Other Applications NEC</Name>
    </FoaInformation>
    <ProgramElement>
      <Code>7259</Code>
      <Text>AISL</Text>
    </ProgramElement>
    <ProgramReference>
      <Code>9177</Code>
      <Text>ELEMENTARY/SECONDARY EDUCATION</Text>
    </ProgramReference>
    <ProgramReference>
      <Code>9180</Code>
      <Text>PUBLIC SCIENCE LITERACY EDUCATION</Text>
    </ProgramReference>
    <ProgramReference>
      <Code>SMET</Code>
      <Text>SCIENCE, MATH, ENG &amp; TECH EDUCATION</Text>
    </ProgramReference>
  </Award>
</rootTag>
