<?xml version="1.0" encoding="UTF-8"?>

<rootTag>
  <Award>
    <AwardTitle>In Situ Measurements of the Mechanical Properties of Active Fault Zones</AwardTitle>
    <AwardEffectiveDate>06/15/2000</AwardEffectiveDate>
    <AwardExpirationDate>05/31/2002</AwardExpirationDate>
    <AwardAmount>22142</AwardAmount>
    <AwardInstrument>
      <Value>Standard Grant</Value>
    </AwardInstrument>
    <Organization>
      <Code>06030204</Code>
      <Directorate>
        <LongName>Directorate For Geosciences</LongName>
      </Directorate>
      <Division>
        <LongName>Division Of Earth Sciences</LongName>
      </Division>
    </Organization>
    <ProgramOfficer>
      <SignBlockName>David Fountain</SignBlockName>
    </ProgramOfficer>
    <AbstractNarration>Agnew, Duncan Carr&lt;br/&gt;EAR-0001116&lt;br/&gt;&lt;br/&gt;This proposal requests funds to support the continued operation of a portable laser strainmeter adjacent to the southern San Andreas fault and co-located with a fully anchored laser strainmeter. The investigator had planned to pull out the portable instrument in the fall of 1999, but is requesting funds to continue to operate the instrument because over the last six months a number of unusual strain events have been observed. First, there has been observed several aseismic but rapid strain changes which are unlike the previous behavior of the strain record since 1994. Second, there has been observed the postseismic response to the Mw 7.1 Hector Mine earthquake of 17 October 1999. This earthquake triggered a swarm of earthquakes adjacent to the southern termination of the San Andreas fault, near the strainmeters, leading to genuine concern over the possibility of accelerating deformation in the area. Given the current level of activity, it is very likely that continued operation of this instrument will detect further such events. Understanding better where, and perhaps how, these events occur should provide important information on fault mechanics in general and about the behavior of the San Andreas fault at its southern end: one end of that segment of the San Andreas which has the longest elapsed time since the last large earthquake.</AbstractNarration>
    <MinAmdLetterDate>06/21/2000</MinAmdLetterDate>
    <MaxAmdLetterDate>06/21/2000</MaxAmdLetterDate>
    <ARRAAmount/>
    <AwardID>0001116</AwardID>
    <Investigator>
      <FirstName>Duncan Carr</FirstName>
      <LastName>Agnew</LastName>
      <EmailAddress>dagnew@ucsd.edu</EmailAddress>
      <StartDate>06/21/2000</StartDate>
      <EndDate/>
      <RoleCode>Principal Investigator</RoleCode>
    </Investigator>
    <Institution>
      <Name>University of California-San Diego Scripps Inst of Oceanography</Name>
      <CityName>LA JOLLA</CityName>
      <ZipCode>920930210</ZipCode>
      <PhoneNumber>8585341293</PhoneNumber>
      <StreetAddress>8602 La Jolla Shores Dr</StreetAddress>
      <CountryName>United States</CountryName>
      <StateName>California</StateName>
      <StateCode>CA</StateCode>
    </Institution>
    <FoaInformation>
      <Code>0000099</Code>
      <Name>Other Applications NEC</Name>
    </FoaInformation>
  </Award>
</rootTag>
