<?xml version="1.0" encoding="UTF-8"?>

<rootTag>
  <Award>
    <AwardTitle>Collaborative Research: The African Mantle: A Case Study of Seismic Structure, Composition and Dynamics</AwardTitle>
    <AwardEffectiveDate>10/01/2000</AwardEffectiveDate>
    <AwardExpirationDate>09/30/2003</AwardExpirationDate>
    <AwardAmount>130703</AwardAmount>
    <AwardInstrument>
      <Value>Standard Grant</Value>
    </AwardInstrument>
    <Organization>
      <Code>06030204</Code>
      <Directorate>
        <LongName>Directorate For Geosciences</LongName>
      </Directorate>
      <Division>
        <LongName>Division Of Earth Sciences</LongName>
      </Division>
    </Organization>
    <ProgramOfficer>
      <SignBlockName>Robin Reichlin</SignBlockName>
    </ProgramOfficer>
    <AbstractNarration>EAR-0001232&lt;br/&gt;Wen, Lianxing&lt;br/&gt;&lt;br/&gt;This project will conduct a joint study of seismic structure, composition and dynamics of the mantle, with a strategic focus on Africa. Combining seismic forward waveform modeling and travel time inversion, we will attempt to map the geometry, magnitude and sharpness of seismic anomalies throughtout the mantle beneath Africa. With improved seismic models of the lower and upper mantle, we will also study the geodynamical and compositional aspects of mantle anomalies using other geophysical contraints, including geoid, topography at the Earth's surface and core-mantle boundary, intra-plate stress, plate motion, and experimental results from mineral physics.</AbstractNarration>
    <MinAmdLetterDate>08/30/2000</MinAmdLetterDate>
    <MaxAmdLetterDate>08/30/2000</MaxAmdLetterDate>
    <ARRAAmount/>
    <AwardID>0001232</AwardID>
    <Investigator>
      <FirstName>Lianxing</FirstName>
      <LastName>Wen</LastName>
      <EmailAddress>Lianxing.Wen@sunysb.edu</EmailAddress>
      <StartDate>08/30/2000</StartDate>
      <EndDate/>
      <RoleCode>Principal Investigator</RoleCode>
    </Investigator>
    <Institution>
      <Name>SUNY at Stony Brook</Name>
      <CityName>Stony Brook</CityName>
      <ZipCode>117940001</ZipCode>
      <PhoneNumber>6316329949</PhoneNumber>
      <StreetAddress>WEST 5510 FRK MEL LIB</StreetAddress>
      <CountryName>United States</CountryName>
      <StateName>New York</StateName>
      <StateCode>NY</StateCode>
    </Institution>
    <FoaInformation>
      <Code>0000099</Code>
      <Name>Other Applications NEC</Name>
    </FoaInformation>
    <ProgramElement>
      <Code>1574</Code>
      <Text>GEOPHYSICS</Text>
    </ProgramElement>
    <ProgramReference>
      <Code>0000</Code>
      <Text>UNASSIGNED</Text>
    </ProgramReference>
    <ProgramReference>
      <Code>OTHR</Code>
      <Text>OTHER RESEARCH OR EDUCATION</Text>
    </ProgramReference>
  </Award>
</rootTag>
