<?xml version="1.0" encoding="UTF-8"?>

<rootTag>
  <Award>
    <AwardTitle>Collaborative Research: Arsenic Contaminated Groundwater in Bangladesh: Characterizing the Source, Mobilization and Transport</AwardTitle>
    <AwardEffectiveDate>08/01/2000</AwardEffectiveDate>
    <AwardExpirationDate>07/31/2004</AwardExpirationDate>
    <AwardAmount>361673</AwardAmount>
    <AwardInstrument>
      <Value>Standard Grant</Value>
    </AwardInstrument>
    <Organization>
      <Code>06030109</Code>
      <Directorate>
        <LongName>Directorate For Geosciences</LongName>
      </Directorate>
      <Division>
        <LongName>Division Of Earth Sciences</LongName>
      </Division>
    </Organization>
    <ProgramOfficer>
      <SignBlockName>L. Douglas James</SignBlockName>
    </ProgramOfficer>
    <AbstractNarration>0001098&lt;br/&gt;Harvey&lt;br/&gt; The drinking water of Bangladesh is severely contaminated with arsenic. Over one-half of the approximately four million wells that constitute the country's drinking water supply have levels of naturally occurring arsenic above the World Health Organization's standard of 0.01 mg/L, exposing as many as 50 million people to dangerous levels of arsenic in their drinking water. Concentrations as high as 0.5 mg/L are common. It has been suggested in the popular media [New York Times, November 10, 1998] that this may be the largest mass poisoning in history.&lt;br/&gt;&lt;br/&gt; Our primary research question is: What causes high levels of arsenic in the groundwater of Bangladesh? If the source, fate and transport of arsenic in the environment are not understood, future water management schemes run the risk of compounding the problem. We will test a set of working hypotheses for the cause(s) of arsenic contamination that include : (A) Depositional explanations for the distribution of solid and dissolved arsenic; (B) Geochemical/hydrologic reasons for high dissolved arsenic concentrations; and (C ) Anthropogenic causes of arsenic mobilization. From this understanding of the cause of high levels of dissolved arsenic, we will consider how arsenic concentrations may change in time and how arsenic is distributed throughout the country. Specific issues include: (A) Are arsenic concentrations correlated with particular sedimentary characteristics or surface hydrologic characteristics? (B) Can we develop better methods to site wells by interpolating arsenic concentrations from sampled locations? (C ) Do arsenic levels rise due to pumping or infiltration of fertilizers? (D) Can deep wells provide a long-term solution? The installation of deep wells has already begun on an ad hoc basis.&lt;br/&gt;&lt;br/&gt; We will conduct field and laboratory experiments, coordinated with modeling exercises, focusing on a cluster of 15 wells that range in depth between 3 m and 200 m installed in the Munshiganj district. We have also extracted a 200-meter core of solid aquifer material isolated from the atmosphere to maintain the redox state, perhaps the key control on arsenic activity. We will study the mechanisms that bind arsenic by analyzing the sediments and pore water with methods including X-ray adsorption spectroscopy (XAS), micro-probe analysis and growth of bacterial cultures, as well as sequential extraction of the preserved sediment samples. We will then study the effect of geochemical perturbations on arsenic mobilization in situ by injection-withdrawal tests from our installed wells using water that has been chemically altered to test hypothesized arsenic binding mechanisms.&lt;br/&gt;&lt;br/&gt; An understanding of arsenic binding mechanisms will support predictions regarding arsenic mobility and transport. Reactive-transport modeling will be used to consider mobilization due to pumping and redistribution by seasonal groundwater fluxes. Regional maps of arsenic concentration will be estimated by geostatistical methods constrained by knowledge of variations in sedimentary characteristics.&lt;br/&gt;&lt;br/&gt;&lt;br/&gt; Students and faculty will actively participate in the field, laboratory, and modeling work. To gain a sound scientific basis for long-term water management, we will convey our research to decision-makers to help provide safe drinking water for Bangladesh. This is a collaborative project with MIT, the University of Cincinnati, and Bangladesh University of Engineering and Technology.</AbstractNarration>
    <MinAmdLetterDate>08/22/2000</MinAmdLetterDate>
    <MaxAmdLetterDate>08/23/2003</MaxAmdLetterDate>
    <ARRAAmount/>
    <AwardID>0001098</AwardID>
    <Investigator>
      <FirstName>Harold</FirstName>
      <LastName>Hemond</LastName>
      <EmailAddress>hfhemond@mit.edu</EmailAddress>
      <StartDate>08/22/2000</StartDate>
      <EndDate/>
      <RoleCode>Co-Principal Investigator</RoleCode>
    </Investigator>
    <Investigator>
      <FirstName>Charles</FirstName>
      <LastName>Harvey</LastName>
      <EmailAddress>charvey@mit.edu</EmailAddress>
      <StartDate>08/22/2000</StartDate>
      <EndDate/>
      <RoleCode>Principal Investigator</RoleCode>
    </Investigator>
    <Institution>
      <Name>Massachusetts Institute of Technology</Name>
      <CityName>Cambridge</CityName>
      <ZipCode>021394301</ZipCode>
      <PhoneNumber>6172531000</PhoneNumber>
      <StreetAddress>77 MASSACHUSETTS AVE</StreetAddress>
      <CountryName>United States</CountryName>
      <StateName>Massachusetts</StateName>
      <StateCode>MA</StateCode>
    </Institution>
    <FoaInformation>
      <Code>0000099</Code>
      <Name>Other Applications NEC</Name>
    </FoaInformation>
    <ProgramElement>
      <Code>1179</Code>
      <Text>Enviro Health &amp; Safety of Nano</Text>
    </ProgramElement>
    <ProgramElement>
      <Code>1577</Code>
      <Text>GLOBAL CHANGE</Text>
    </ProgramElement>
    <ProgramElement>
      <Code>1579</Code>
      <Text>HYDROLOGIC SCIENCES</Text>
    </ProgramElement>
    <ProgramElement>
      <Code>1584</Code>
      <Text>ENVIRO GEOCHEM AND BIOGEOCHEM</Text>
    </ProgramElement>
    <ProgramElement>
      <Code>5976</Code>
      <Text>AFRICA, NEAR EAST, &amp; SO ASIA</Text>
    </ProgramElement>
    <ProgramReference>
      <Code>0000</Code>
      <Text>UNASSIGNED</Text>
    </ProgramReference>
    <ProgramReference>
      <Code>1317</Code>
      <Text>METHODS FOR INTEGRATED ASSESSMENTS</Text>
    </ProgramReference>
    <ProgramReference>
      <Code>1325</Code>
      <Text>WATER &amp; ENERGY: ATMO, VEG, EARTH</Text>
    </ProgramReference>
    <ProgramReference>
      <Code>5928</Code>
      <Text>AFRICA AND ASIA,OTHER</Text>
    </ProgramReference>
    <ProgramReference>
      <Code>9189</Code>
      <Text>WATER RESOURCES/COASTAL &amp; MARINE ENVIRON</Text>
    </ProgramReference>
    <ProgramReference>
      <Code>9197</Code>
      <Text>ENVIRONMENTAL TECHNOLOGY</Text>
    </ProgramReference>
    <ProgramReference>
      <Code>9198</Code>
      <Text>OTHER ENVIRONMENT</Text>
    </ProgramReference>
    <ProgramReference>
      <Code>EGCH</Code>
      <Text>ENVIRONMENT AND GLOBAL CHANGE</Text>
    </ProgramReference>
    <ProgramReference>
      <Code>OTHR</Code>
      <Text>OTHER RESEARCH OR EDUCATION</Text>
    </ProgramReference>
  </Award>
</rootTag>
