<?xml version="1.0" encoding="UTF-8"?>

<rootTag>
  <Award>
    <AwardTitle>Theoretical Studies on Silicates and Aluminosilicates</AwardTitle>
    <AwardEffectiveDate>07/01/2000</AwardEffectiveDate>
    <AwardExpirationDate>12/31/2004</AwardExpirationDate>
    <AwardAmount>266586</AwardAmount>
    <AwardInstrument>
      <Value>Continuing grant</Value>
    </AwardInstrument>
    <Organization>
      <Code>06030107</Code>
      <Directorate>
        <LongName>Directorate For Geosciences</LongName>
      </Directorate>
      <Division>
        <LongName>Division Of Earth Sciences</LongName>
      </Division>
    </Organization>
    <ProgramOfficer>
      <SignBlockName>Sonia Esperanca</SignBlockName>
    </ProgramOfficer>
    <AbstractNarration>EAR-0001031 &lt;br/&gt;J. A. Tossell&lt;br/&gt;&lt;br/&gt;To fully understand important geochemical and mineralogical processes such as variations in the properties of aluminosilicate melts, the dissolution and deposition of aluminosilicate minerals, and the acidity and other types of reactivities of mineral surfaces it is necessary to know on an atomistic basis the chemical species which are present and their properties. While useful information is available from experimental studies, it is now possible to calculate identities, energies and other properties for reasonable candidate chemical species entirely from quantum mechanical first principles using large scale computation. We will directly compute, using well-established methods, the properties of silicate and aluminosilicate species existing in melts, in hydrous melts equilibrated with water, and in aqueous solutions both near room temperature and pressure and under high P,T supercritical aqueous conditions.</AbstractNarration>
    <MinAmdLetterDate>06/26/2000</MinAmdLetterDate>
    <MaxAmdLetterDate>06/13/2002</MaxAmdLetterDate>
    <ARRAAmount/>
    <AwardID>0001031</AwardID>
    <Investigator>
      <FirstName>John</FirstName>
      <LastName>Tossell</LastName>
      <EmailAddress>tossell@umd.edu</EmailAddress>
      <StartDate>06/26/2000</StartDate>
      <EndDate/>
      <RoleCode>Principal Investigator</RoleCode>
    </Investigator>
    <Institution>
      <Name>University of Maryland College Park</Name>
      <CityName>COLLEGE PARK</CityName>
      <ZipCode>207425141</ZipCode>
      <PhoneNumber>3014056269</PhoneNumber>
      <StreetAddress>3112 LEE BLDG 7809 Regents Drive</StreetAddress>
      <CountryName>United States</CountryName>
      <StateName>Maryland</StateName>
      <StateCode>MD</StateCode>
    </Institution>
    <FoaInformation>
      <Code>0000099</Code>
      <Name>Other Applications NEC</Name>
    </FoaInformation>
  </Award>
</rootTag>
