<?xml version="1.0" encoding="UTF-8"?>

<rootTag>
  <Award>
    <AwardTitle>Combinatorial problems arising in finite group theory, 3-manifold topology and other areas</AwardTitle>
    <AwardEffectiveDate>07/01/2003</AwardEffectiveDate>
    <AwardExpirationDate>06/30/2007</AwardExpirationDate>
    <AwardAmount>126053</AwardAmount>
    <AwardInstrument>
      <Value>Standard Grant</Value>
    </AwardInstrument>
    <Organization>
      <Code>03040200</Code>
      <Directorate>
        <LongName>Direct For Mathematical &amp; Physical Scien</LongName>
      </Directorate>
      <Division>
        <LongName>Division Of Mathematical Sciences</LongName>
      </Division>
    </Organization>
    <ProgramOfficer>
      <SignBlockName>Tie Luo</SignBlockName>
    </ProgramOfficer>
    <AbstractNarration>DMS-0300483&lt;br/&gt;Shareshian, John&lt;br/&gt;&lt;br/&gt;Abstract&lt;br/&gt;&lt;br/&gt;&lt;br/&gt;Title: Combinatorial problems arising in finite group theory, 3-manifold&lt;br/&gt;Topology and other areas.&lt;br/&gt;&lt;br/&gt;&lt;br/&gt;Shareshian works on combinatorial problems with applications&lt;br/&gt;in other fields. His joint work with R. Roberts and M. Stein&lt;br/&gt;involves using the theory of group actions on tree-like objects&lt;br/&gt;to investigate foliations of 3-manifolds. His joint work with&lt;br/&gt;R. Guralnick on actions of symmetric and alternating groups on&lt;br/&gt;k-sets is used to investigate monodromy groups of branched&lt;br/&gt;coverings of the Riemann sphere. His joint work with M. Wachs&lt;br/&gt;and others on graph and hypergraph complexes has applications&lt;br/&gt;in commutative algebra, finite group theory and knot theory.&lt;br/&gt;His work on topology of order complexes of intervals in subgroup&lt;br/&gt;lattices is intended to provide a new approach to a longstanding&lt;br/&gt;problem in universal algebra.&lt;br/&gt;&lt;br/&gt;The principal investigator works on various problems in&lt;br/&gt;combinatorics. Roughly, combinatorics is the study of discrete&lt;br/&gt;(often finite) mathematical objects which admit fairly elementary&lt;br/&gt;descriptions but whose structure can be quite complicated. It is&lt;br/&gt;often the case that problems in other disciplines (such as computer&lt;br/&gt;science, electrical engineering and biology) and other more&lt;br/&gt;technical and abstract areas of mathematics can be reduced to&lt;br/&gt;combinatorial problems.</AbstractNarration>
    <MinAmdLetterDate>06/12/2003</MinAmdLetterDate>
    <MaxAmdLetterDate>07/28/2006</MaxAmdLetterDate>
    <ARRAAmount/>
    <AwardID>0300483</AwardID>
    <Investigator>
      <FirstName>John</FirstName>
      <LastName>Shareshian</LastName>
      <EmailAddress>shareshi@math.wustl.edu</EmailAddress>
      <StartDate>06/12/2003</StartDate>
      <EndDate/>
      <RoleCode>Principal Investigator</RoleCode>
    </Investigator>
    <Institution>
      <Name>Washington University</Name>
      <CityName>Saint Louis</CityName>
      <ZipCode>631304862</ZipCode>
      <PhoneNumber>3147474134</PhoneNumber>
      <StreetAddress>CAMPUS BOX 1054</StreetAddress>
      <CountryName>United States</CountryName>
      <StateName>Missouri</StateName>
      <StateCode>MO</StateCode>
    </Institution>
    <FoaInformation>
      <Code>0000099</Code>
      <Name>Other Applications NEC</Name>
    </FoaInformation>
    <ProgramElement>
      <Code>1264</Code>
      <Text>ALGEBRA,NUMBER THEORY,AND COM</Text>
    </ProgramElement>
    <ProgramElement>
      <Code>1267</Code>
      <Text>TOPOLOGY</Text>
    </ProgramElement>
    <ProgramReference>
      <Code>0000</Code>
      <Text>UNASSIGNED</Text>
    </ProgramReference>
    <ProgramReference>
      <Code>OTHR</Code>
      <Text>OTHER RESEARCH OR EDUCATION</Text>
    </ProgramReference>
  </Award>
</rootTag>
