<?xml version="1.0" encoding="UTF-8"?>

<rootTag>
  <Award>
    <AwardTitle>Intelligent Industrial Transport System using Ultrasonic Flexural Vibration</AwardTitle>
    <AwardEffectiveDate>06/01/2003</AwardEffectiveDate>
    <AwardExpirationDate>08/31/2007</AwardExpirationDate>
    <AwardAmount>230234</AwardAmount>
    <AwardInstrument>
      <Value>Standard Grant</Value>
    </AwardInstrument>
    <Organization>
      <Code>07030000</Code>
      <Directorate>
        <LongName>Directorate For Engineering</LongName>
      </Directorate>
      <Division>
        <LongName>Div Of Civil, Mechanical, &amp; Manufact Inn</LongName>
      </Division>
    </Organization>
    <ProgramOfficer>
      <SignBlockName>George A. Hazelrigg</SignBlockName>
    </ProgramOfficer>
    <AbstractNarration>The research goal of this award is to investigate a non-contact, acoustic levitation technique for transporting relatively light and flat objects. The objectives are to formulate a comprehensive analytical expression that predicts acoustic levitation in terms of actuation frequency, vibration amplitude, object size and mass and to design and build an industrial size, multiple-beam prototype that will be used to test closed-loop control of object stop-go motion, change of direction, and object carry-over between two beams which are mechanically free of each other. Specific approaches to achieving the research objectives will involve mathematical modeling of acoustic transport dynamics that takes into account the physical parameters of actuators and object, numerical analysis of air streaming patterns and the nature of shear forces that propel objects into motion, and empirical testing of the performance and controllability of the transport process using an industrial size prototype.&lt;br/&gt;&lt;br/&gt;If successful, the results of this research will enable an intelligent transfer of compact disks, silicon wafers, and other high surface-quality products in a non-contact, dust-free, and noise-free environment. A broader impact can also be found in other technology areas such as nanoscale part transport, drug delivery, and ground transportation.</AbstractNarration>
    <MinAmdLetterDate>03/12/2003</MinAmdLetterDate>
    <MaxAmdLetterDate>06/07/2007</MaxAmdLetterDate>
    <ARRAAmount/>
    <AwardID>0300051</AwardID>
    <Investigator>
      <FirstName>Paul</FirstName>
      <LastName>Ro</LastName>
      <EmailAddress>ro@ncsu.edu</EmailAddress>
      <StartDate>03/12/2003</StartDate>
      <EndDate/>
      <RoleCode>Principal Investigator</RoleCode>
    </Investigator>
    <Institution>
      <Name>North Carolina State University</Name>
      <CityName>RALEIGH</CityName>
      <ZipCode>276957514</ZipCode>
      <PhoneNumber>9195152444</PhoneNumber>
      <StreetAddress>CAMPUS BOX 7514</StreetAddress>
      <CountryName>United States</CountryName>
      <StateName>North Carolina</StateName>
      <StateCode>NC</StateCode>
    </Institution>
    <FoaInformation>
      <Code>0308000</Code>
      <Name>Industrial Technology</Name>
    </FoaInformation>
    <ProgramElement>
      <Code>1468</Code>
      <Text>Manufacturing Machines &amp; Equip</Text>
    </ProgramElement>
    <ProgramReference>
      <Code>9146</Code>
      <Text>MANUFACTURING BASE RESEARCH</Text>
    </ProgramReference>
    <ProgramReference>
      <Code>MANU</Code>
      <Text>MANUFACTURING</Text>
    </ProgramReference>
  </Award>
</rootTag>
