<?xml version="1.0" encoding="UTF-8"?>

<rootTag>
  <Award>
    <AwardTitle>Riemann-Hilbert problem and integrable systems</AwardTitle>
    <AwardEffectiveDate>07/01/2003</AwardEffectiveDate>
    <AwardExpirationDate>06/30/2007</AwardExpirationDate>
    <AwardAmount>126001</AwardAmount>
    <AwardInstrument>
      <Value>Standard Grant</Value>
    </AwardInstrument>
    <Organization>
      <Code>03040100</Code>
      <Directorate>
        <LongName>Direct For Mathematical &amp; Physical Scien</LongName>
      </Directorate>
      <Division>
        <LongName>Division Of Mathematical Sciences</LongName>
      </Division>
    </Organization>
    <ProgramOfficer>
      <SignBlockName>Joe W. Jenkins</SignBlockName>
    </ProgramOfficer>
    <AbstractNarration>PI: Xin Zhou, Duke University&lt;br/&gt;DMS-0300844&lt;br/&gt;&lt;br/&gt;Abstract&lt;br/&gt;&lt;br/&gt;This project is to study various applications of the Riemann-Hilbert problem method. These applications include the perturbation theory of nonlinear Schroedinger equations and several&lt;br/&gt;newly developed areas in connection with the theory of random matrices. A book project on Riemann-Hilbert problems is also included.&lt;br/&gt;&lt;br/&gt;Riemann-Hilbert problems have been found in several important areas in mathematics in recent years. Some afore mentioned applications also have interdisciplinary impact. For example, the&lt;br/&gt;main application of the theory of random matrices is in physics and the study of certain perturbed differential equations enhances the understanding of signal transmissions in fibre optics.</AbstractNarration>
    <MinAmdLetterDate>04/18/2003</MinAmdLetterDate>
    <MaxAmdLetterDate>04/18/2003</MaxAmdLetterDate>
    <ARRAAmount/>
    <AwardID>0300844</AwardID>
    <Investigator>
      <FirstName>Xin</FirstName>
      <LastName>Zhou</LastName>
      <EmailAddress>zhou@math.duke.edu</EmailAddress>
      <StartDate>04/18/2003</StartDate>
      <EndDate/>
      <RoleCode>Principal Investigator</RoleCode>
    </Investigator>
    <Institution>
      <Name>Duke University</Name>
      <CityName>Durham</CityName>
      <ZipCode>277054010</ZipCode>
      <PhoneNumber>9196843030</PhoneNumber>
      <StreetAddress>2200 W. Main St, Suite 710</StreetAddress>
      <CountryName>United States</CountryName>
      <StateName>North Carolina</StateName>
      <StateCode>NC</StateCode>
    </Institution>
    <FoaInformation>
      <Code>0000099</Code>
      <Name>Other Applications NEC</Name>
    </FoaInformation>
  </Award>
</rootTag>
