<?xml version="1.0" encoding="UTF-8"?>

<rootTag>
  <Award>
    <AwardTitle>A Proposal to Study the Strategy for Obtaining Higher Angular Resolution in Studies of Quasars and AGN's</AwardTitle>
    <AwardEffectiveDate>04/01/2004</AwardEffectiveDate>
    <AwardExpirationDate>03/31/2007</AwardExpirationDate>
    <AwardAmount>45796</AwardAmount>
    <AwardInstrument>
      <Value>Continuing grant</Value>
    </AwardInstrument>
    <Organization>
      <Code>03020518</Code>
      <Directorate>
        <LongName>Direct For Mathematical &amp; Physical Scien</LongName>
      </Directorate>
      <Division>
        <LongName>Division Of Astronomical Sciences</LongName>
      </Division>
    </Organization>
    <ProgramOfficer>
      <SignBlockName>Andrew Clegg</SignBlockName>
    </ProgramOfficer>
    <AbstractNarration>AST-0300096&lt;br/&gt;Burke, Bernard&lt;br/&gt;&lt;br/&gt;The research will support the optimization of very long baseline radio interferometric (VLBI) systems in space through international collaborations with Russia and Japan. Ultimately, space VLBI will be used to probe high-energy phenomena in the cores of quasars and active galactic nuclei, leading to a better understanding of the physical processes that occur in the vicinity of black holes. Mission planning will include graduate and undergraduate students. Mission requirements will spur the development of lower-noise circuitry and high-data-rate transmissions from space.&lt;br/&gt;***</AbstractNarration>
    <MinAmdLetterDate>03/18/2004</MinAmdLetterDate>
    <MaxAmdLetterDate>05/01/2006</MaxAmdLetterDate>
    <ARRAAmount/>
    <AwardID>0300096</AwardID>
    <Investigator>
      <FirstName>Bernard</FirstName>
      <LastName>Burke</LastName>
      <EmailAddress>bfburke@space.mit.edu</EmailAddress>
      <StartDate>03/18/2004</StartDate>
      <EndDate/>
      <RoleCode>Principal Investigator</RoleCode>
    </Investigator>
    <Institution>
      <Name>Massachusetts Institute of Technology</Name>
      <CityName>Cambridge</CityName>
      <ZipCode>021394301</ZipCode>
      <PhoneNumber>6172531000</PhoneNumber>
      <StreetAddress>77 MASSACHUSETTS AVE</StreetAddress>
      <CountryName>United States</CountryName>
      <StateName>Massachusetts</StateName>
      <StateCode>MA</StateCode>
    </Institution>
    <ProgramElement>
      <Code>1218</Code>
      <Text>ADVANCED TECHNOLOGIES &amp; INSTRM</Text>
    </ProgramElement>
    <ProgramReference>
      <Code>0000</Code>
      <Text>UNASSIGNED</Text>
    </ProgramReference>
    <ProgramReference>
      <Code>1207</Code>
      <Text>OBSERVATIONAL ASTRONOMY</Text>
    </ProgramReference>
    <ProgramReference>
      <Code>9237</Code>
      <Text>SMALL GRANTS-EXPLORATORY RSRCH</Text>
    </ProgramReference>
    <ProgramReference>
      <Code>OTHR</Code>
      <Text>OTHER RESEARCH OR EDUCATION</Text>
    </ProgramReference>
  </Award>
</rootTag>
