<?xml version="1.0" encoding="UTF-8"?>

<rootTag>
  <Award>
    <AwardTitle>Support for MCT'03, an International Conference on Mathematical Control Theory at LSU</AwardTitle>
    <AwardEffectiveDate>04/01/2003</AwardEffectiveDate>
    <AwardExpirationDate>03/31/2004</AwardExpirationDate>
    <AwardAmount>10500</AwardAmount>
    <AwardInstrument>
      <Value>Standard Grant</Value>
    </AwardInstrument>
    <Organization>
      <Code>03040100</Code>
      <Directorate>
        <LongName>Direct For Mathematical &amp; Physical Scien</LongName>
      </Directorate>
      <Division>
        <LongName>Division Of Mathematical Sciences</LongName>
      </Division>
    </Organization>
    <ProgramOfficer>
      <SignBlockName>Henry A. Warchall</SignBlockName>
    </ProgramOfficer>
    <AbstractNarration>NSF Award Abstract - DMS-0300959&lt;br/&gt;Mathematical Sciences: Support for MCT'03, an International Conference on Mathematical Control Theory at LSU&lt;br/&gt;&lt;br/&gt;Abstract&lt;br/&gt;&lt;br/&gt;0300959 Wolenski&lt;br/&gt;&lt;br/&gt;&lt;br/&gt;This award supports travel for participants in the Louisiana Conference on Mathematical Control Theory, held at Louisiana State University in Baton Rouge in April 2003. This interdisciplinary conference includes talks by over thirty leading researchers in control engineering and mathematical control theory. Topics include nonsmooth analysis, Hamilton-Jacobi equations, computational methods in control, stabilization, and industrial applications. The conference promotes interdisciplinary contact between engineering and mathematical control researchers, and provides opportunities for young researchers and graduate students interested in applied controls and optimization to meet and interact with the established control community. This award supports attendance at the conference by young researchers and participants without other means of travel support.&lt;br/&gt;&lt;br/&gt;This conference fosters advances in mathematical control theory and increased interaction between the engineering and applied mathematics communities. The meeting includes five plenary talks, shorter lectures by over thirty prominent researchers, and sessions on open problems in control engineering. The conference includes speakers from at least eight countries, including students and young faculty, furthering collaboration among different parts of the world. Broad dissemination of the conference papers will be achieved through the publication of conference proceedings.</AbstractNarration>
    <MinAmdLetterDate>03/04/2003</MinAmdLetterDate>
    <MaxAmdLetterDate>03/04/2003</MaxAmdLetterDate>
    <ARRAAmount/>
    <AwardID>0300959</AwardID>
    <Investigator>
      <FirstName>Peter</FirstName>
      <LastName>Wolenski</LastName>
      <EmailAddress>wolenski@math.lsu.edu</EmailAddress>
      <StartDate>03/04/2003</StartDate>
      <EndDate/>
      <RoleCode>Principal Investigator</RoleCode>
    </Investigator>
    <Investigator>
      <FirstName>Michael</FirstName>
      <LastName>Malisoff</LastName>
      <EmailAddress>malisoff@lsu.edu</EmailAddress>
      <StartDate>03/04/2003</StartDate>
      <EndDate/>
      <RoleCode>Co-Principal Investigator</RoleCode>
    </Investigator>
    <Institution>
      <Name>Louisiana State University &amp; Agricultural and Mechanical College</Name>
      <CityName>Baton Rouge</CityName>
      <ZipCode>708032701</ZipCode>
      <PhoneNumber>2255782760</PhoneNumber>
      <StreetAddress>202 Himes Hall</StreetAddress>
      <CountryName>United States</CountryName>
      <StateName>Louisiana</StateName>
      <StateCode>LA</StateCode>
    </Institution>
    <FoaInformation>
      <Code>0000099</Code>
      <Name>Other Applications NEC</Name>
    </FoaInformation>
    <ProgramElement>
      <Code>1266</Code>
      <Text>APPLIED MATHEMATICS</Text>
    </ProgramElement>
    <ProgramReference>
      <Code>0000</Code>
      <Text>UNASSIGNED</Text>
    </ProgramReference>
    <ProgramReference>
      <Code>9150</Code>
      <Text>EXP PROG TO STIM COMP RES</Text>
    </ProgramReference>
    <ProgramReference>
      <Code>OTHR</Code>
      <Text>OTHER RESEARCH OR EDUCATION</Text>
    </ProgramReference>
  </Award>
</rootTag>
