<?xml version="1.0" encoding="UTF-8"?>

<rootTag>
  <Award>
    <AwardTitle>DRIFT II- Continued Dark Matter Search with NITPC</AwardTitle>
    <AwardEffectiveDate>07/15/2003</AwardEffectiveDate>
    <AwardExpirationDate>01/31/2007</AwardExpirationDate>
    <AwardAmount>340000</AwardAmount>
    <AwardInstrument>
      <Value>Continuing grant</Value>
    </AwardInstrument>
    <Organization>
      <Code>03010000</Code>
      <Directorate>
        <LongName>Direct For Mathematical &amp; Physical Scien</LongName>
      </Directorate>
      <Division>
        <LongName>Division Of Physics</LongName>
      </Division>
    </Organization>
    <ProgramOfficer>
      <SignBlockName>James J. Whitmore</SignBlockName>
    </ProgramOfficer>
    <AbstractNarration>This proposal is from the Temple University, Wayne State University and Lincoln University groups and requests funding to investigate one of the most important questions of the 21st century: What is Dark Matter? A natural explanation is a population of relic Weakly Interacting Massive Particles (WIMPs) left over from the Big Bang. To directly detect WIMPs by their interaction inside a detector yielding a ~keV/amu recoil nucleus, the PIs have invented the Negative Ion Time Projection Chamber (NITPC) and have built a first generation device, the Directional Recoil Identification From Tracks detector (DRIFT-I) with an active volume of 1 m3 and an active mass of 167 g. DRIFT-I is currently taking data at the Boulby mine in Northeast England. The plan now is to build a scaled-up, much improved NITPC called DRIFT-II as a fully modular detector which could be scaled-up to ~100 kg active mass. The technique uses a low pressure, electronegative gas (CS2) target and is direction sensitive to neutron recoils.&lt;br/&gt;&lt;br/&gt;In the education/outreach area, the DRIFT detector technology has promising applications to Homeland Security and for tracking at the Next Linear Collider. The project has already brought people from underrepresented groups into cutting edge research. The tradition is enhanced by collaboration with Lincoln University, an HBC.</AbstractNarration>
    <MinAmdLetterDate>07/11/2003</MinAmdLetterDate>
    <MaxAmdLetterDate>09/07/2005</MaxAmdLetterDate>
    <ARRAAmount/>
    <AwardID>0300766</AwardID>
    <Investigator>
      <FirstName>Giovanni</FirstName>
      <LastName>Bonvicini</LastName>
      <EmailAddress>giovanni@physics.wayne.edu</EmailAddress>
      <StartDate>07/11/2003</StartDate>
      <EndDate/>
      <RoleCode>Co-Principal Investigator</RoleCode>
    </Investigator>
    <Investigator>
      <FirstName>Misganaw</FirstName>
      <LastName>Getaneh</LastName>
      <EmailAddress>mgetaneh@lu.lincoln.edu</EmailAddress>
      <StartDate>07/11/2003</StartDate>
      <EndDate/>
      <RoleCode>Co-Principal Investigator</RoleCode>
    </Investigator>
    <Investigator>
      <FirstName>C. J.</FirstName>
      <LastName>Martoff</LastName>
      <EmailAddress>jeff.martoff@temple.edu</EmailAddress>
      <StartDate>07/11/2003</StartDate>
      <EndDate/>
      <RoleCode>Principal Investigator</RoleCode>
    </Investigator>
    <Institution>
      <Name>Temple University</Name>
      <CityName>PHILADELPHIA</CityName>
      <ZipCode>191405104</ZipCode>
      <PhoneNumber>2157077379</PhoneNumber>
      <StreetAddress>3340 N. Broad Street</StreetAddress>
      <CountryName>United States</CountryName>
      <StateName>Pennsylvania</StateName>
      <StateCode>PA</StateCode>
    </Institution>
    <FoaInformation>
      <Code>0000099</Code>
      <Name>Other Applications NEC</Name>
    </FoaInformation>
  </Award>
</rootTag>
