<?xml version="1.0" encoding="UTF-8"?>

<rootTag>
  <Award>
    <AwardTitle>A Novel Laser Micro-machining Technique using Synthesized Femtosecond Pulse Bursts</AwardTitle>
    <AwardEffectiveDate>05/01/2003</AwardEffectiveDate>
    <AwardExpirationDate>04/30/2007</AwardExpirationDate>
    <AwardAmount>356075</AwardAmount>
    <AwardInstrument>
      <Value>Standard Grant</Value>
    </AwardInstrument>
    <Organization>
      <Code>07030000</Code>
      <Directorate>
        <LongName>Directorate For Engineering</LongName>
      </Directorate>
      <Division>
        <LongName>Div Of Civil, Mechanical, &amp; Manufact Inn</LongName>
      </Division>
    </Organization>
    <ProgramOfficer>
      <SignBlockName>George A. Hazelrigg</SignBlockName>
    </ProgramOfficer>
    <AbstractNarration>The objective of this research is to investigate novel femtosecond laser machining techniques for manufacturing a variety of microstructures and components. The approach is to optimize all laser operation parameters; in particular, the temporal shape of laser pulses by synthesizing femtosecond pulse bursts (1 femtosecond = 1/1,000,000,000,000,000 second), which are not available in commercial laser machining systems. In these femtosecond pulse bursts, the energy of each laser pulse will be individually controlled, and the pulse-to-pulse separation time will be adjusted from femtoseconds to nanoseconds. This will allow high quality microstructures to be machined in almost any materials. Fundamental physical phenomena during femtosecond laser-matter interaction will be investigated to assist the design of the pulse bursts. &lt;br/&gt;&lt;br/&gt;This work, if successful, will greatly advance the laser machining technology. Despite many advantages of using femtosecond pulse lasers for micro-machining, clean and desirable structures are often not obtained due to melt ejection by laser irradiation and re-deposition of melt droplets. This work is aimed at solving common problems associated with laser micro-machining to achieve cleaner and higher precision machining results. The success of this work will impact many industries, including aerospace, automobile, microelectronics, and biotechnology where laser micro-machining is already widely used. The project will also contribute to education of the next generation high tech workforce. It will provide the students involved with cross-disciplinary trainings. The results of this research will be integrated into undergraduate and graduate curricula and disseminated to both academic and industrial laser processing communities.</AbstractNarration>
    <MinAmdLetterDate>03/12/2003</MinAmdLetterDate>
    <MaxAmdLetterDate>03/12/2003</MaxAmdLetterDate>
    <ARRAAmount/>
    <AwardID>0300488</AwardID>
    <Investigator>
      <FirstName>Xianfan</FirstName>
      <LastName>Xu</LastName>
      <EmailAddress>xxu@ecn.purdue.edu</EmailAddress>
      <StartDate>03/12/2003</StartDate>
      <EndDate/>
      <RoleCode>Principal Investigator</RoleCode>
    </Investigator>
    <Investigator>
      <FirstName>Andrew</FirstName>
      <LastName>Weiner</LastName>
      <EmailAddress>amw@ecn.purdue.edu</EmailAddress>
      <StartDate>03/12/2003</StartDate>
      <EndDate/>
      <RoleCode>Co-Principal Investigator</RoleCode>
    </Investigator>
    <Institution>
      <Name>Purdue University</Name>
      <CityName>West Lafayette</CityName>
      <ZipCode>479072114</ZipCode>
      <PhoneNumber>7654941055</PhoneNumber>
      <StreetAddress>Young Hall</StreetAddress>
      <CountryName>United States</CountryName>
      <StateName>Indiana</StateName>
      <StateCode>IN</StateCode>
    </Institution>
    <FoaInformation>
      <Code>0308000</Code>
      <Name>Industrial Technology</Name>
    </FoaInformation>
    <ProgramElement>
      <Code>1468</Code>
      <Text>Manufacturing Machines &amp; Equip</Text>
    </ProgramElement>
    <ProgramReference>
      <Code>9146</Code>
      <Text>MANUFACTURING BASE RESEARCH</Text>
    </ProgramReference>
    <ProgramReference>
      <Code>MANU</Code>
      <Text>MANUFACTURING</Text>
    </ProgramReference>
  </Award>
</rootTag>
