<?xml version="1.0" encoding="UTF-8"?>

<rootTag>
  <Award>
    <AwardTitle>Highly Streamlined Computing Platforms for Sensory Plane Processing in Portable Chemical Analysis Instruments</AwardTitle>
    <AwardEffectiveDate>04/15/2003</AwardEffectiveDate>
    <AwardExpirationDate>03/31/2007</AwardExpirationDate>
    <AwardAmount>366001</AwardAmount>
    <AwardInstrument>
      <Value>Standard Grant</Value>
    </AwardInstrument>
    <Organization>
      <Code>07010000</Code>
      <Directorate>
        <LongName>Directorate For Engineering</LongName>
      </Directorate>
      <Division>
        <LongName>Div Of Electrical, Commun &amp; Cyber Sys</LongName>
      </Division>
    </Organization>
    <ProgramOfficer>
      <SignBlockName>Scott F. Midkiff</SignBlockName>
    </ProgramOfficer>
    <AbstractNarration>This research is conducted in three phases. Phase 1 focuses on the development and demonstration of the three components of the proposed research (SPR sensor development, architecture optimization, optical computation) as separate entities. Phase 2 advances and revises these three components but also merges architecture optimization and optical computation developed during Phase 1 with modular but non-selective SPR probes, whose structure has been optimized for reliable detection in the targeted applications. Phase 3 adds multiple, highly selective SPR probes with optimized surface chemistry for demonstrating system operation in the representative applications of detecting myoglobin for bedside heart health monitoring and PAHs (polycyclic aromatic hydrocarbons) for environmental monitoring.&lt;br/&gt;&lt;br/&gt;This project presents educational opportunities in a multidisciplinary collaborative environment for both graduate and undergraduate students in Engineering and Chemistry. The sensors designed in this project will be employed in undergraduate laboratory classes taught by Wilson in Electrical Engineering and by Booksh in Analytical and Environmental Chemistry. Both Wilson and Booksh have a documented track record of mentoring and supporting female and minority students. Both PIs expect to continue the trend with this project. Successful completion of this reject will open doors for future collaborations between Wilson and Booksh; the integrated data collection and processing architecture developed here can conceivable be applied to other sensor geometries with health or national defense implications.</AbstractNarration>
    <MinAmdLetterDate>04/04/2003</MinAmdLetterDate>
    <MaxAmdLetterDate>04/12/2006</MaxAmdLetterDate>
    <ARRAAmount/>
    <AwardID>0300537</AwardID>
    <Investigator>
      <FirstName>Denise</FirstName>
      <LastName>Wilson</LastName>
      <EmailAddress>wilson@ee.washington.edu</EmailAddress>
      <StartDate>04/04/2003</StartDate>
      <EndDate/>
      <RoleCode>Principal Investigator</RoleCode>
    </Investigator>
    <Institution>
      <Name>University of Washington</Name>
      <CityName>Seattle</CityName>
      <ZipCode>981950001</ZipCode>
      <PhoneNumber>2065434043</PhoneNumber>
      <StreetAddress>4333 Brooklyn Ave NE</StreetAddress>
      <CountryName>United States</CountryName>
      <StateName>Washington</StateName>
      <StateCode>WA</StateCode>
    </Institution>
    <FoaInformation>
      <Code>0206000</Code>
      <Name>Telecommunications</Name>
    </FoaInformation>
    <FoaInformation>
      <Code>0510403</Code>
      <Name>Engineering &amp; Computer Science</Name>
    </FoaInformation>
    <ProgramElement>
      <Code>1518</Code>
      <Text>CONTROL, NETWORKS, &amp; COMP INTE</Text>
    </ProgramElement>
    <ProgramReference>
      <Code>0000</Code>
      <Text>UNASSIGNED</Text>
    </ProgramReference>
    <ProgramReference>
      <Code>7234</Code>
      <Text>SENSORS NON-SOLICITATION RESEA</Text>
    </ProgramReference>
    <ProgramReference>
      <Code>9102</Code>
      <Text>WOMEN, MINORITY, DISABLED, NEC</Text>
    </ProgramReference>
    <ProgramReference>
      <Code>9251</Code>
      <Text>RES EXPER FOR UNDERGRAD-SUPPLT</Text>
    </ProgramReference>
    <ProgramReference>
      <Code>OTHR</Code>
      <Text>OTHER RESEARCH OR EDUCATION</Text>
    </ProgramReference>
  </Award>
</rootTag>
