<?xml version="1.0" encoding="UTF-8"?>

<rootTag>
  <Award>
    <AwardTitle>Planning and Optimizing 5-Axis High Speed Machining with Feed Scheduling for Sculptured Surface Machining</AwardTitle>
    <AwardEffectiveDate>06/01/2003</AwardEffectiveDate>
    <AwardExpirationDate>05/31/2007</AwardExpirationDate>
    <AwardAmount>338964</AwardAmount>
    <AwardInstrument>
      <Value>Standard Grant</Value>
    </AwardInstrument>
    <Organization>
      <Code>07030000</Code>
      <Directorate>
        <LongName>Directorate For Engineering</LongName>
      </Directorate>
      <Division>
        <LongName>Div Of Civil, Mechanical, &amp; Manufact Inn</LongName>
      </Division>
    </Organization>
    <ProgramOfficer>
      <SignBlockName>George A. Hazelrigg</SignBlockName>
    </ProgramOfficer>
    <AbstractNarration>The objective of this research is to investigate strategies and techniques for optimizing five-axis tool paths required in high-speed machining of complex products. To generate optimal feed schedules for high-speed machining, both the geometric error analysis and the physical mechanistic errors that are relevant to five-axis machining of complex parts are considered. A robust modulated performance control system combined with a machining potential-field analysis will be developed to improve the computational efficiency of contour-curve interpolation for optimization of five-axis high-speed machining. &lt;br/&gt;&lt;br/&gt;Successful completion of this research project would open up a number of possibilities for high-speed machining of complex products. The application of high-speed machining has been recognized as an economically viable manufacturing technology for increased productivity and throughput. The results of this research will provide techniques that are critical for future development of high-performance, five-axis machining with feed scheduling. This research could also extend the capability of computational geometric and mechanistic modeling of high-performance machining to provide both the speed and accuracy required for state-of-the-art manufacturing operations. The developed techniques will enable more adaptive and agile machining processes for next-generation manufacturing.</AbstractNarration>
    <MinAmdLetterDate>03/12/2003</MinAmdLetterDate>
    <MaxAmdLetterDate>03/12/2003</MaxAmdLetterDate>
    <ARRAAmount/>
    <AwardID>0300297</AwardID>
    <Investigator>
      <FirstName>Yuan-Shin</FirstName>
      <LastName>Lee</LastName>
      <EmailAddress>yslee@ncsu.edu</EmailAddress>
      <StartDate>03/12/2003</StartDate>
      <EndDate/>
      <RoleCode>Principal Investigator</RoleCode>
    </Investigator>
    <Institution>
      <Name>North Carolina State University</Name>
      <CityName>RALEIGH</CityName>
      <ZipCode>276957514</ZipCode>
      <PhoneNumber>9195152444</PhoneNumber>
      <StreetAddress>CAMPUS BOX 7514</StreetAddress>
      <CountryName>United States</CountryName>
      <StateName>North Carolina</StateName>
      <StateCode>NC</StateCode>
    </Institution>
    <FoaInformation>
      <Code>0308000</Code>
      <Name>Industrial Technology</Name>
    </FoaInformation>
    <ProgramElement>
      <Code>1468</Code>
      <Text>Manufacturing Machines &amp; Equip</Text>
    </ProgramElement>
    <ProgramReference>
      <Code>9146</Code>
      <Text>MANUFACTURING BASE RESEARCH</Text>
    </ProgramReference>
    <ProgramReference>
      <Code>MANU</Code>
      <Text>MANUFACTURING</Text>
    </ProgramReference>
  </Award>
</rootTag>
