<?xml version="1.0" encoding="UTF-8"?>

<rootTag>
  <Award>
    <AwardTitle>Collaborative Research: Enhancing the Understanding of the Fundamental Mechanisms of Thermostamping Woven Composites to Develop a Comprehensive Design Tool</AwardTitle>
    <AwardEffectiveDate>06/01/2003</AwardEffectiveDate>
    <AwardExpirationDate>05/31/2008</AwardExpirationDate>
    <AwardAmount>228521</AwardAmount>
    <AwardInstrument>
      <Value>Standard Grant</Value>
    </AwardInstrument>
    <Organization>
      <Code>07030000</Code>
      <Directorate>
        <LongName>Directorate For Engineering</LongName>
      </Directorate>
      <Division>
        <LongName>Div Of Civil, Mechanical, &amp; Manufact Inn</LongName>
      </Division>
    </Organization>
    <ProgramOfficer>
      <SignBlockName>Clark V. Cooper</SignBlockName>
    </ProgramOfficer>
    <AbstractNarration>This objective of this collaborative research project will be to design test apparatus to examine yarn slippage during thermostamping, to formulate material constitutive and interface models to capture macroscale behavior while considering the microscopic constituents; to propose failure criteria linking to the formability of this material (woven architecture and matrix constituents). The overall objective is to create design rules to best utilize the material potential. These challenging and fundamental issues will be addressed in collaboration between Northwestern, U Mass-Lowell, industry, and international researchers. &lt;br/&gt;&lt;br/&gt;The broader impacts of this research are numerous. The environmental concern for reduced emissions and fuel consumption has created enormous opportunities for introducing woven-fabric reinforced composites into high-volume consumer products as they possess outstanding structural (car bodies, floor pans, truck beds) and energy-management (for crash situations) properties. Thermostamping has demonstrated its potential as the means to reduce manufacturing costs for mass-production applications. The PI will coordinate an international benchmarking program on material tests, thermostamping tests and modeling methods among researchers in the U.S., Europe and Asia.</AbstractNarration>
    <MinAmdLetterDate>05/19/2003</MinAmdLetterDate>
    <MaxAmdLetterDate>05/29/2007</MaxAmdLetterDate>
    <ARRAAmount/>
    <AwardID>0300168</AwardID>
    <Investigator>
      <FirstName>Jian</FirstName>
      <LastName>Cao</LastName>
      <EmailAddress>jcao@northwestern.edu</EmailAddress>
      <StartDate>10/27/2005</StartDate>
      <EndDate/>
      <RoleCode>Principal Investigator</RoleCode>
    </Investigator>
    <Investigator>
      <FirstName>Kornel</FirstName>
      <LastName>Ehmann</LastName>
      <EmailAddress>k-ehmann@northwestern.edu</EmailAddress>
      <StartDate>08/21/2003</StartDate>
      <EndDate>10/27/2005</EndDate>
      <RoleCode>Former Principal Investigator</RoleCode>
    </Investigator>
    <Investigator>
      <FirstName>Kornel</FirstName>
      <LastName>Ehmann</LastName>
      <EmailAddress>k-ehmann@northwestern.edu</EmailAddress>
      <StartDate>05/29/2007</StartDate>
      <EndDate>05/29/2007</EndDate>
      <RoleCode>Former Co-Principal Investigator</RoleCode>
    </Investigator>
    <Investigator>
      <FirstName>James</FirstName>
      <LastName>Sherwood</LastName>
      <EmailAddress>James_Sherwood@uml.edu</EmailAddress>
      <StartDate>05/19/2003</StartDate>
      <EndDate/>
      <RoleCode>Co-Principal Investigator</RoleCode>
    </Investigator>
    <Institution>
      <Name>Northwestern University</Name>
      <CityName>Evanston</CityName>
      <ZipCode>602013149</ZipCode>
      <PhoneNumber>8474913003</PhoneNumber>
      <StreetAddress>1801 Maple Ave.</StreetAddress>
      <CountryName>United States</CountryName>
      <StateName>Illinois</StateName>
      <StateCode>IL</StateCode>
    </Institution>
    <FoaInformation>
      <Code>0308000</Code>
      <Name>Industrial Technology</Name>
    </FoaInformation>
    <ProgramElement>
      <Code>1467</Code>
      <Text>MATERIALS PROCESSING AND MANFG</Text>
    </ProgramElement>
    <ProgramElement>
      <Code>1504</Code>
      <Text>GRANT OPP FOR ACAD LIA W/INDUS</Text>
    </ProgramElement>
    <ProgramElement>
      <Code>7298</Code>
      <Text>COLLABORATIVE RESEARCH</Text>
    </ProgramElement>
    <ProgramElement>
      <Code>7641</Code>
      <Text>INT'L RES &amp; EDU IN ENGINEERING</Text>
    </ProgramElement>
    <ProgramReference>
      <Code>1467</Code>
      <Text>MATERIALS PROCESSING AND MANFG</Text>
    </ProgramReference>
    <ProgramReference>
      <Code>5918</Code>
      <Text>FRANCE</Text>
    </ProgramReference>
    <ProgramReference>
      <Code>5980</Code>
      <Text>WESTERN EUROPE PROGRAM</Text>
    </ProgramReference>
    <ProgramReference>
      <Code>9102</Code>
      <Text>WOMEN, MINORITY, DISABLED, NEC</Text>
    </ProgramReference>
    <ProgramReference>
      <Code>9146</Code>
      <Text>MANUFACTURING BASE RESEARCH</Text>
    </ProgramReference>
    <ProgramReference>
      <Code>9178</Code>
      <Text>UNDERGRADUATE EDUCATION</Text>
    </ProgramReference>
    <ProgramReference>
      <Code>9251</Code>
      <Text>RES EXPER FOR UNDERGRAD-SUPPLT</Text>
    </ProgramReference>
    <ProgramReference>
      <Code>MANU</Code>
      <Text>MANUFACTURING</Text>
    </ProgramReference>
    <ProgramReference>
      <Code>083E</Code>
      <Text>MATERIAL TRANSFORMATION PROC</Text>
    </ProgramReference>
  </Award>
</rootTag>
