<?xml version="1.0" encoding="UTF-8"?>

<rootTag>
  <Award>
    <AwardTitle>US-Finland Cooperative Research: Growth and Development of Entrepreneurial Firms in University-Based Parks: Comparison of Finnish and American Experience</AwardTitle>
    <AwardEffectiveDate>06/01/2003</AwardEffectiveDate>
    <AwardExpirationDate>05/31/2006</AwardExpirationDate>
    <AwardAmount>16500</AwardAmount>
    <AwardInstrument>
      <Value>Standard Grant</Value>
    </AwardInstrument>
    <Organization>
      <Code>01090000</Code>
      <Directorate>
        <LongName>Office Of The Director</LongName>
      </Directorate>
      <Division>
        <LongName>Office Of Internatl Science &amp;Engineering</LongName>
      </Division>
    </Organization>
    <ProgramOfficer>
      <SignBlockName>Mark A. Suskin</SignBlockName>
    </ProgramOfficer>
    <AbstractNarration>0300592&lt;br/&gt;Chakrabarti&lt;br/&gt;&lt;br/&gt;This award supports the PI and graduate students from Stanford University in a collaboration with Eila Jarvenpaa of the Department of Industrial Engineering and Management at the Helsinki University of Technology in Finland. The combined efforts of the German and US groups will focus on how different external and internal forces are changing the role of the universities in developing new entrepreneurial firms. Implications for this dynamic relationship are to be found in many aspects of business development and entrepreneurship in Finland as well as the US. The study will investigate companies that are in the start-up phase as well as in the later stages of development. Scrutiny will be directed to the role of the universities in developing and nurturing these firms and thus contributing to regional development. The collaboration will also examine the creation of social capital conducive to entrepreneurship in Finland and the US.&lt;br/&gt;&lt;br/&gt;The project also has an educational objective. The project will allow the graduate students involved to benefit from performing research in another country. They will develop a heightened appreciation of the world around them while also learning important new technical skills.</AbstractNarration>
    <MinAmdLetterDate>05/19/2003</MinAmdLetterDate>
    <MaxAmdLetterDate>05/19/2003</MaxAmdLetterDate>
    <ARRAAmount/>
    <AwardID>0300592</AwardID>
    <Investigator>
      <FirstName>Alok</FirstName>
      <LastName>Chakrabarti</LastName>
      <EmailAddress>chakrabarti@njit.edu</EmailAddress>
      <StartDate>05/19/2003</StartDate>
      <EndDate/>
      <RoleCode>Principal Investigator</RoleCode>
    </Investigator>
    <Institution>
      <Name>New Jersey Institute of Technology</Name>
      <CityName>Newark</CityName>
      <ZipCode>071021982</ZipCode>
      <PhoneNumber>9735965275</PhoneNumber>
      <StreetAddress>323 DOCTOR MARTIN LUTHER</StreetAddress>
      <CountryName>United States</CountryName>
      <StateName>New Jersey</StateName>
      <StateCode>NJ</StateCode>
    </Institution>
    <FoaInformation>
      <Code>0000099</Code>
      <Name>Other Applications NEC</Name>
    </FoaInformation>
  </Award>
</rootTag>
