<?xml version="1.0" encoding="UTF-8"?>

<rootTag>
  <Award>
    <AwardTitle>Aldehyde Photolysis Reactions in the Gas Phase and on Ice Film</AwardTitle>
    <AwardEffectiveDate>06/01/2003</AwardEffectiveDate>
    <AwardExpirationDate>05/31/2008</AwardExpirationDate>
    <AwardAmount>451633</AwardAmount>
    <AwardInstrument>
      <Value>Standard Grant</Value>
    </AwardInstrument>
    <Organization>
      <Code>06020104</Code>
      <Directorate>
        <LongName>Directorate For Geosciences</LongName>
      </Directorate>
      <Division>
        <LongName>Div Atmospheric &amp; Geospace Sciences</LongName>
      </Division>
    </Organization>
    <ProgramOfficer>
      <SignBlockName>Anne-Marie Schmoltner</SignBlockName>
    </ProgramOfficer>
    <AbstractNarration>This project entails laboratory research on the formation of radicals from the photolysis of aldehydes, both in the gas phase and adsorbed on ice surfaces. Aldehydes are known to be important sources for free radicals, especially "odd hydrogen" (HOx) species that play essential roles in the oxidative capacity of the troposphere and lower stratosphere. Experimental techniques include laser photolysis followed by formyl radical detection using Cavity Ring-Down Spectroscopy (CRDS) and detection of other products by step scan Fourier Transform InfraRed spectroscopy (FTIR). The study addresses two separate, but related, reaction series: the photolysis of aliphatic and unsaturated dialdehydes in the gas phase, and the photolysis of formaldehyde and acetaldehyde on ice surfaces (as a surrogate for snow). Broader community impacts are addressed as follows. This work involves a contribution to interdisciplinary (surface chemical morphology and gas phase kinetics) science, will advance fundamental understanding of homogeneous and heterogeneous photolysis of aldehydes and could potentially bring quantitative insight to the current discussion of snow pack photochemical processes, considered to be of high relevance to climate change. The staffing plan includes a postdoctoral researcher and graduate student, and the principal investigator will include technical methodology and research findings into her university teaching coursework.</AbstractNarration>
    <MinAmdLetterDate>04/23/2003</MinAmdLetterDate>
    <MaxAmdLetterDate>04/19/2007</MaxAmdLetterDate>
    <ARRAAmount/>
    <AwardID>0300294</AwardID>
    <Investigator>
      <FirstName>Lei</FirstName>
      <LastName>Zhu</LastName>
      <EmailAddress>zhul@wadsworth.org</EmailAddress>
      <StartDate>04/23/2003</StartDate>
      <EndDate/>
      <RoleCode>Principal Investigator</RoleCode>
    </Investigator>
    <Institution>
      <Name>Health Research Incorporated/New York State Department of Health</Name>
      <CityName>Menands</CityName>
      <ZipCode>122042719</ZipCode>
      <PhoneNumber>5184311200</PhoneNumber>
      <StreetAddress>150 Broadway, Suite 560</StreetAddress>
      <CountryName>United States</CountryName>
      <StateName>New York</StateName>
      <StateCode>NY</StateCode>
    </Institution>
    <FoaInformation>
      <Code>0000099</Code>
      <Name>Other Applications NEC</Name>
    </FoaInformation>
    <ProgramElement>
      <Code>1524</Code>
      <Text>ATMOSPHERIC CHEMISTRY</Text>
    </ProgramElement>
    <ProgramReference>
      <Code>0000</Code>
      <Text>UNASSIGNED</Text>
    </ProgramReference>
    <ProgramReference>
      <Code>OTHR</Code>
      <Text>OTHER RESEARCH OR EDUCATION</Text>
    </ProgramReference>
  </Award>
</rootTag>
