<?xml version="1.0" encoding="UTF-8"?>

<rootTag>
  <Award>
    <AwardTitle>Converse Theorems and L-Functions of Automorphic Forms</AwardTitle>
    <AwardEffectiveDate>07/01/2003</AwardEffectiveDate>
    <AwardExpirationDate>06/30/2007</AwardExpirationDate>
    <AwardAmount>118692</AwardAmount>
    <AwardInstrument>
      <Value>Continuing grant</Value>
    </AwardInstrument>
    <Organization>
      <Code>03040200</Code>
      <Directorate>
        <LongName>Direct For Mathematical &amp; Physical Scien</LongName>
      </Directorate>
      <Division>
        <LongName>Division Of Mathematical Sciences</LongName>
      </Division>
    </Organization>
    <ProgramOfficer>
      <SignBlockName>Tomek Bartoszynski</SignBlockName>
    </ProgramOfficer>
    <AbstractNarration>It is proposed to investigate L-functions of automorphic &lt;br/&gt;representations and their applications in the following &lt;br/&gt;contexts:&lt;br/&gt;lifitng from Classical Groups to GL(n);&lt;br/&gt;Converse Theorems for GL(n);&lt;br/&gt;L-funcitons for GL(n);&lt;br/&gt;sub-convexity results for L-functions.&lt;br/&gt;These are all ongoing projects. In addition there is&lt;br/&gt;a return to previous work on non-symmetric complex&lt;br/&gt;homogeneous domains.&lt;br/&gt;&lt;br/&gt;The proposal is devoted to the study of Langlans' philosopy,&lt;br/&gt;which is the main part of the modern number theory.&lt;br/&gt;We obtained, by using Converse Theorem, important results&lt;br/&gt;relating the problem of lifting of generic automorphic &lt;br/&gt;representations of the classical groups to GL(n).&lt;br/&gt;Our basic achivement will be the proof of the local and &lt;br/&gt;global Langlands' conjectures.</AbstractNarration>
    <MinAmdLetterDate>04/11/2003</MinAmdLetterDate>
    <MaxAmdLetterDate>03/29/2005</MaxAmdLetterDate>
    <ARRAAmount/>
    <AwardID>0300364</AwardID>
    <Investigator>
      <FirstName>I.</FirstName>
      <LastName>Piatetski-Shapiro</LastName>
      <EmailAddress>ilya@math.yale.edu</EmailAddress>
      <StartDate>04/11/2003</StartDate>
      <EndDate/>
      <RoleCode>Principal Investigator</RoleCode>
    </Investigator>
    <Institution>
      <Name>Yale University</Name>
      <CityName>New Haven</CityName>
      <ZipCode>065208327</ZipCode>
      <PhoneNumber>2037854689</PhoneNumber>
      <StreetAddress>Office of Sponsored Projects</StreetAddress>
      <CountryName>United States</CountryName>
      <StateName>Connecticut</StateName>
      <StateCode>CT</StateCode>
    </Institution>
    <FoaInformation>
      <Code>0000099</Code>
      <Name>Other Applications NEC</Name>
    </FoaInformation>
  </Award>
</rootTag>
