<?xml version="1.0" encoding="UTF-8"?>

<rootTag>
  <Award>
    <AwardTitle>RUI: An HPLC-MS for Conducting Studies of Responses to Environmental Stresses in Marine Organisms</AwardTitle>
    <AwardEffectiveDate>05/01/2003</AwardEffectiveDate>
    <AwardExpirationDate>04/30/2006</AwardExpirationDate>
    <AwardAmount>164673</AwardAmount>
    <AwardInstrument>
      <Value>Standard Grant</Value>
    </AwardInstrument>
    <Organization>
      <Code>08080200</Code>
      <Directorate>
        <LongName>Direct For Biological Sciences</LongName>
      </Directorate>
      <Division>
        <LongName>Div Of Biological Infrastructure</LongName>
      </Division>
    </Organization>
    <ProgramOfficer>
      <SignBlockName>Helen G. Hansma</SignBlockName>
    </ProgramOfficer>
    <AbstractNarration>This award provides support for purchase of a high performance liquid chromatography - mass spectrometer (HPLC-MS) for the Shannon Point Marine Center (SPMC) of Western Washington University. Because of the Center's location, SPMC scientists have been actively involved in research on the local marine flora and fauna and in training students in marine research. In recent years, faculty research at the Center has become more focused on the physiology and biochemistry of marine organisms. Many of these studies involve the measurement of physiological and biochemical responses of organisms to changing environmental conditions. The use of HPLC is an important tool for such research because it allows researchers to identify, separate, and measure individual metabolites as their amounts change in response to a variety of environmental conditions. The scope of the studies that can be conducted at SMPC has been limited by a lack of appropriate mass spectroscopy capabilities throughout the entire Western Washington campus. The combination of HPLC and MS allows researchers to confirm identifications of known compounds and aid structural determination of newly discovered natural products. The instrument to be purchased, which has both analytical and preparative-scale capabilities, will be located in a new common-use analytical laboratory at the Center where it can be accessed by researchers at the Center and those from the main campus in Bellingham as well. Shannon Point has a strong record in supporting graduate and undergraduate research and education programs. The instrument will be available to students at all levels, including undergraduates participating in two NSF-supported training activities: the Minorities in Marine Science Undergraduate Program (MIMSUP) and the Research Experience for Undergraduates (REU) Site program.</AbstractNarration>
    <MinAmdLetterDate>04/22/2003</MinAmdLetterDate>
    <MaxAmdLetterDate>04/22/2003</MaxAmdLetterDate>
    <ARRAAmount/>
    <AwardID>0300970</AwardID>
    <Investigator>
      <FirstName>Brian</FirstName>
      <LastName>Bingham</LastName>
      <EmailAddress>Brian.Bingham@wwu.edu</EmailAddress>
      <StartDate>04/22/2003</StartDate>
      <EndDate/>
      <RoleCode>Co-Principal Investigator</RoleCode>
    </Investigator>
    <Investigator>
      <FirstName>Suzanne</FirstName>
      <LastName>Strom</LastName>
      <EmailAddress>Suzanne.Strom@wwu.edu</EmailAddress>
      <StartDate>04/22/2003</StartDate>
      <EndDate/>
      <RoleCode>Co-Principal Investigator</RoleCode>
    </Investigator>
    <Investigator>
      <FirstName>Kathryn</FirstName>
      <LastName>Van Alstyne</LastName>
      <EmailAddress>kathy.vanalstyne@wwu.edu</EmailAddress>
      <StartDate>04/22/2003</StartDate>
      <EndDate/>
      <RoleCode>Principal Investigator</RoleCode>
    </Investigator>
    <Institution>
      <Name>Western Washington University</Name>
      <CityName>Bellingham</CityName>
      <ZipCode>982259038</ZipCode>
      <PhoneNumber>3606502884</PhoneNumber>
      <StreetAddress>516 High Street</StreetAddress>
      <CountryName>United States</CountryName>
      <StateName>Washington</StateName>
      <StateCode>WA</StateCode>
    </Institution>
    <ProgramElement>
      <Code>1108</Code>
      <Text>INSTRUMENTAT &amp; INSTRUMENT DEVP</Text>
    </ProgramElement>
    <ProgramReference>
      <Code>9184</Code>
      <Text>BIOTECHNOLOGY - INFRASTRUCTURE</Text>
    </ProgramReference>
    <ProgramReference>
      <Code>9229</Code>
      <Text>RES IN UNDERGRAD INST-RESEARCH</Text>
    </ProgramReference>
    <ProgramReference>
      <Code>BIOT</Code>
      <Text>BIOTECHNOLOGY</Text>
    </ProgramReference>
  </Award>
</rootTag>
