<?xml version="1.0" encoding="UTF-8"?>

<rootTag>
  <Award>
    <AwardTitle>Studies with Ultracold Hydrogen</AwardTitle>
    <AwardEffectiveDate>08/15/2003</AwardEffectiveDate>
    <AwardExpirationDate>09/30/2008</AwardExpirationDate>
    <AwardAmount>755000</AwardAmount>
    <AwardInstrument>
      <Value>Continuing grant</Value>
    </AwardInstrument>
    <Organization>
      <Code>03010100</Code>
      <Directorate>
        <LongName>Direct For Mathematical &amp; Physical Scien</LongName>
      </Directorate>
      <Division>
        <LongName>Division Of Physics</LongName>
      </Division>
    </Organization>
    <ProgramOfficer>
      <SignBlockName>Robert Dunford</SignBlockName>
    </ProgramOfficer>
    <AbstractNarration>The creation of Bose-Einstein condensates of hydrogen and the development of new techniques for the spectroscopy of ultracold hydrogen have opened new opportunities for basic studies in atomic physics. A new determination of the Lamb Shift in hydrogen and Rydberg Constant of hydrogen will be carried out, based on two-photon Doppler-free spectroscopy of the transition 2S-10n, where n is in the range of 10-12. Such a measurement, combined with new studies to determine the proton radius, could help resolve questions about possible limitations to QED. Related studies include determinations of scattering lengths for excited and ground state cold collisions in hydrogen, and photoassociation spectroscopy. On the broader impact, the ultra-precise optical frequency measurements proposed for hydrogen are loosely associated with the group's investigations of hydrogen for a new type of optical frequency standard, which has the potential of providing several orders of magnitude improvement in the performance of atomic clocks.</AbstractNarration>
    <MinAmdLetterDate>08/08/2003</MinAmdLetterDate>
    <MaxAmdLetterDate>04/01/2008</MaxAmdLetterDate>
    <ARRAAmount/>
    <AwardID>0300285</AwardID>
    <Investigator>
      <FirstName>Daniel</FirstName>
      <LastName>Kleppner</LastName>
      <EmailAddress>kleppner@mit.edu</EmailAddress>
      <StartDate>08/08/2003</StartDate>
      <EndDate/>
      <RoleCode>Principal Investigator</RoleCode>
    </Investigator>
    <Investigator>
      <FirstName>Thomas</FirstName>
      <LastName>Greytak</LastName>
      <EmailAddress>greytak@mit.edu</EmailAddress>
      <StartDate>08/08/2003</StartDate>
      <EndDate/>
      <RoleCode>Co-Principal Investigator</RoleCode>
    </Investigator>
    <Institution>
      <Name>Massachusetts Institute of Technology</Name>
      <CityName>Cambridge</CityName>
      <ZipCode>021394301</ZipCode>
      <PhoneNumber>6172531000</PhoneNumber>
      <StreetAddress>77 MASSACHUSETTS AVE</StreetAddress>
      <CountryName>United States</CountryName>
      <StateName>Massachusetts</StateName>
      <StateCode>MA</StateCode>
    </Institution>
    <FoaInformation>
      <Code>0000099</Code>
      <Name>Other Applications NEC</Name>
    </FoaInformation>
    <ProgramElement>
      <Code>1289</Code>
      <Text>PRECISION MEASUREMENTS</Text>
    </ProgramElement>
    <ProgramReference>
      <Code>0000</Code>
      <Text>UNASSIGNED</Text>
    </ProgramReference>
    <ProgramReference>
      <Code>OTHR</Code>
      <Text>OTHER RESEARCH OR EDUCATION</Text>
    </ProgramReference>
  </Award>
</rootTag>
