<?xml version="1.0" encoding="UTF-8"?>

<rootTag>
  <Award>
    <AwardTitle>A Theory of Learning Based on Pairwise Interactions</AwardTitle>
    <AwardEffectiveDate>07/01/2003</AwardEffectiveDate>
    <AwardExpirationDate>06/30/2006</AwardExpirationDate>
    <AwardAmount>285629</AwardAmount>
    <AwardInstrument>
      <Value>Continuing grant</Value>
    </AwardInstrument>
    <Organization>
      <Code>07010000</Code>
      <Directorate>
        <LongName>Directorate For Engineering</LongName>
      </Directorate>
      <Division>
        <LongName>Div Of Electrical, Commun &amp; Cyber Sys</LongName>
      </Division>
    </Organization>
    <ProgramOfficer>
      <SignBlockName>Paul Werbos</SignBlockName>
    </ProgramOfficer>
    <AbstractNarration>This project will investigate a novel approach to model and design learning algorithms in the small sample case using entropy. It will seek a deeper mathematical understanding of the new method and its relations to the mean square error, still today the workhorse of learning. The PI will investigate the properties of the information field created by the information particles, and how to use it to improve generalization and construct bounds on system errors. He will depart from the static fields provided by statistics and incorporate time in the information forces to mimic the interactions in diffusion fields and oscillating fields. This will open the door to adapt systems in space-time. He will also study the robustness of entropy for parameter estimation and compare performance with SVMs. But the large appeal of the novel pair wise interaction model for learning is that it opens drastically new opportunities to understand, apply and implement adaptive systems. He will be studying the following applications of the pair wise interaction model:&lt;br/&gt;&lt;br/&gt;1- Model the information processing in the dendritic tree as an spatio-temporal interaction field that estimates entropy. Seek on-line algorithms and hopefully show their relation to Hebbian. Our preliminary results are very encouraging. Dr. Henry Markram, a world expert in dynamic synapses will help establish the biological plausibility of the model.&lt;br/&gt;&lt;br/&gt;2- Formulate state space models of linear and nonlinear systems with our entropy estimator. This work will extend the field of minimum entropy control for non-Gaussian processes and will pro-vide a new approach to implement robust control.&lt;br/&gt;&lt;br/&gt;3- Apply the entropy estimator to blind deconvolution of wireless channels as well as multiuser detection. The PI will extend his current work on blind source separation for convolutive mixtures, the more realistic (but also harder) case. In particular he will target the cocktail party effect in teleconferencing.</AbstractNarration>
    <MinAmdLetterDate>04/26/2003</MinAmdLetterDate>
    <MaxAmdLetterDate>06/17/2005</MaxAmdLetterDate>
    <ARRAAmount/>
    <AwardID>0300340</AwardID>
    <Investigator>
      <FirstName>Jose</FirstName>
      <LastName>Principe</LastName>
      <EmailAddress>principe@cnel.ufl.edu</EmailAddress>
      <StartDate>04/26/2003</StartDate>
      <EndDate/>
      <RoleCode>Principal Investigator</RoleCode>
    </Investigator>
    <Institution>
      <Name>University of Florida</Name>
      <CityName>GAINESVILLE</CityName>
      <ZipCode>326112002</ZipCode>
      <PhoneNumber>3523923516</PhoneNumber>
      <StreetAddress>1 UNIVERSITY OF FLORIDA</StreetAddress>
      <CountryName>United States</CountryName>
      <StateName>Florida</StateName>
      <StateCode>FL</StateCode>
    </Institution>
    <FoaInformation>
      <Code>0510403</Code>
      <Name>Engineering &amp; Computer Science</Name>
    </FoaInformation>
  </Award>
</rootTag>
