<?xml version="1.0" encoding="UTF-8"?>

<rootTag>
  <Award>
    <AwardTitle>A Further Development of the Theory of Bellman Functions and Applications to Estimates for Singular Integral Operators</AwardTitle>
    <AwardEffectiveDate>07/01/2003</AwardEffectiveDate>
    <AwardExpirationDate>06/30/2006</AwardExpirationDate>
    <AwardAmount>90402</AwardAmount>
    <AwardInstrument>
      <Value>Standard Grant</Value>
    </AwardInstrument>
    <Organization>
      <Code>03040100</Code>
      <Directorate>
        <LongName>Direct For Mathematical &amp; Physical Scien</LongName>
      </Directorate>
      <Division>
        <LongName>Division Of Mathematical Sciences</LongName>
      </Division>
    </Organization>
    <ProgramOfficer>
      <SignBlockName>Joe W. Jenkins</SignBlockName>
    </ProgramOfficer>
    <AbstractNarration>The method of Bellman functions originated in the theory of optimal control. In recent years it has been applied to a surprising variety of problems in harmonic analysis. The PI plans to further develop the applicability of the method of Bellman functions to a broader range of problems and study its connection with other common tools that appear in harmonic analysis.&lt;br/&gt;This method plays a crucial role in the PI's work concerning singular integral operators in weighted and unweighted spaces. The problems include sharp numerical bounds for the Beurling operator in Lebesgue spaces (the famous p-1 problem) as well as suitable sharp norm estimates for Riesz transforms in n dimensional weighted Lebesgue spaces, preferrably independent of the dimension. A related direction the PI is interested in is concerned with boundedness of a particular singular integral operator such as the Hilbert transform if the source and the target space have a different weight. &lt;br/&gt;&lt;br/&gt;This project lies in harmonic analysis, which has been a &lt;br/&gt;central area of mathematics for a long time. Many questions in other fields reduce to questions best posed and solved in the framework of analysis. Such questions include the existence of &lt;br/&gt;special building blocks of functions (wavelets) that are particularly well-suited for applications in signal processing. Other questions include the boundedness property of so-called singular integral operators, which are of extreme importance in problems in partial &lt;br/&gt;differential equations, and physics. The PI's work consists of studying the continuity properties of such operators in detail.&lt;br/&gt;&lt;br/&gt;We often study singular integral operators through their actions on the building blocks, using a technique inherited and modified from stochastic optimal control. This method, called method of Bellman functions, provides a simpler yet often more powerful alternative to very involved tools in harmonic analysis. In addition, through its relative simplicity still being accessible to those with less specialized background knowledge, for example scientists in other fields. As such it serves both as link to other scientific fields, furthering interdisciplinary communication and provides a possibility of early involvement of undergraduates or beginning graduate students into research.</AbstractNarration>
    <MinAmdLetterDate>05/08/2003</MinAmdLetterDate>
    <MaxAmdLetterDate>05/08/2003</MaxAmdLetterDate>
    <ARRAAmount/>
    <AwardID>0300255</AwardID>
    <Investigator>
      <FirstName>Stefanie</FirstName>
      <LastName>Petermichl</LastName>
      <EmailAddress>stefanie@math.utexas.edu</EmailAddress>
      <StartDate>05/08/2003</StartDate>
      <EndDate/>
      <RoleCode>Principal Investigator</RoleCode>
    </Investigator>
    <Institution>
      <Name>Brown University</Name>
      <CityName>Providence</CityName>
      <ZipCode>029129002</ZipCode>
      <PhoneNumber>4018632777</PhoneNumber>
      <StreetAddress>BOX 1929</StreetAddress>
      <CountryName>United States</CountryName>
      <StateName>Rhode Island</StateName>
      <StateCode>RI</StateCode>
    </Institution>
    <FoaInformation>
      <Code>0000099</Code>
      <Name>Other Applications NEC</Name>
    </FoaInformation>
    <ProgramElement>
      <Code>1281</Code>
      <Text>ANALYSIS PROGRAM</Text>
    </ProgramElement>
    <ProgramReference>
      <Code>0000</Code>
      <Text>UNASSIGNED</Text>
    </ProgramReference>
    <ProgramReference>
      <Code>OTHR</Code>
      <Text>OTHER RESEARCH OR EDUCATION</Text>
    </ProgramReference>
  </Award>
</rootTag>
