<?xml version="1.0" encoding="UTF-8"?>

<rootTag>
  <Award>
    <AwardTitle>Bridging Homogeneous and Heterogeneous Catalysis: In-Situ Characterization and Theory of Supported Metal Complexes</AwardTitle>
    <AwardEffectiveDate>08/01/2003</AwardEffectiveDate>
    <AwardExpirationDate>07/31/2007</AwardExpirationDate>
    <AwardAmount>244777</AwardAmount>
    <AwardInstrument>
      <Value>Continuing grant</Value>
    </AwardInstrument>
    <Organization>
      <Code>07020000</Code>
      <Directorate>
        <LongName>Directorate For Engineering</LongName>
      </Directorate>
      <Division>
        <LongName>Div Of Chem, Bioeng, Env, &amp; Transp Sys</LongName>
      </Division>
    </Organization>
    <ProgramOfficer>
      <SignBlockName>John R Regalbuto</SignBlockName>
    </ProgramOfficer>
    <AbstractNarration>Catalysis plays a central role in chemical manufacturing, energy conversion, and environmental protection. A central challenge is to bridge homogeneous and heterogeneous catalysts: metal complexes on supports illustrate some of the best connections between them. However, there is a striking lack of their characterization with in situ techniques, which allow the structures of these catalysts to be investigated in their working state. The goal of this research is to develop and demonstrate methods of in situ spectroscopy and flow reactor techniques for investigation of oxide-supported transition metal complex catalysts in the presence of gas-phase reactants, such as paraffins, and olefins. The techniques include in situ IR, X-ray absorption near edge structure, and extended X-ray absorption fine structure spectroscopies. Theoretical approaches will utilize density functional theory. The catalysts will include oxide-supported Ta, Cr, and Zr complexes and a new zeolite-supported Pt complex. The combined characterization data and theory will permit determination of how the atomic-scale catalyst structure and the rates of the catalytic reactions depend on the structure and composition of the adsorbate and the support, as well as the reaction conditions. There is an excellent opportunity to identify reactive intermediates and establish reaction mechanisms. The grand challenge will be to predict catalytic activities. &lt;br/&gt;&lt;br/&gt;The research will have strong broader impacts through a mentorship program that involves students from underrepresented groups in research projects. An interdisciplinary IGERT program is in place that focuses on nanoscience and technology.</AbstractNarration>
    <MinAmdLetterDate>07/27/2003</MinAmdLetterDate>
    <MaxAmdLetterDate>08/12/2005</MaxAmdLetterDate>
    <ARRAAmount/>
    <AwardID>0300982</AwardID>
    <Investigator>
      <FirstName>Bruce</FirstName>
      <LastName>Gates</LastName>
      <EmailAddress>bcgates@ucdavis.edu</EmailAddress>
      <StartDate>07/27/2003</StartDate>
      <EndDate/>
      <RoleCode>Principal Investigator</RoleCode>
    </Investigator>
    <Institution>
      <Name>University of California-Davis</Name>
      <CityName>Davis</CityName>
      <ZipCode>956186134</ZipCode>
      <PhoneNumber>5307547700</PhoneNumber>
      <StreetAddress>OR/Sponsored Programs</StreetAddress>
      <CountryName>United States</CountryName>
      <StateName>California</StateName>
      <StateCode>CA</StateCode>
    </Institution>
    <FoaInformation>
      <Code>0308000</Code>
      <Name>Industrial Technology</Name>
    </FoaInformation>
    <ProgramElement>
      <Code>1401</Code>
      <Text>CATALYSIS AND BIOCATALYSIS</Text>
    </ProgramElement>
    <ProgramReference>
      <Code>0000</Code>
      <Text>UNASSIGNED</Text>
    </ProgramReference>
    <ProgramReference>
      <Code>OTHR</Code>
      <Text>OTHER RESEARCH OR EDUCATION</Text>
    </ProgramReference>
  </Award>
</rootTag>
