<?xml version="1.0" encoding="UTF-8"?>

<rootTag>
  <Award>
    <AwardTitle>A Model Analysis of Newly Released Galileo Electron Density Data</AwardTitle>
    <AwardEffectiveDate>06/01/2002</AwardEffectiveDate>
    <AwardExpirationDate>12/31/2003</AwardExpirationDate>
    <AwardAmount>81260</AwardAmount>
    <AwardInstrument>
      <Value>Standard Grant</Value>
    </AwardInstrument>
    <Organization>
      <Code>03020414</Code>
      <Directorate>
        <LongName>Direct For Mathematical &amp; Physical Scien</LongName>
      </Directorate>
      <Division>
        <LongName>Division Of Astronomical Sciences</LongName>
      </Division>
    </Organization>
    <ProgramOfficer>
      <SignBlockName>Vernon Pankonin</SignBlockName>
    </ProgramOfficer>
    <AbstractNarration>AST 0098717&lt;br/&gt;Majeed&lt;br/&gt;&lt;br/&gt;Dr. Tariq Majeed, at the Southwest Research Institute, will analyze the newly released electron density data from Jupiter taken by the Galileo spacecraft. Dr. Majeed will modify existing models to allow more realistic calculations of the density distribution of each of the 14 vibrationally excited levels of molecular hydrogen in their ground electronic state. The model will use the neutral temperature structure and composition measurements from the Galileo ASI probe. Dr. Majeed will also study the effects of the vertical drift of plasma, induced either by electric fields or neutral winds, on the distribution of the measured ionospheric electron densities. Such dynamic effects can influence the ionospheric structure by moving the location of the electron density peak. The modified version of the model will be used to interpret the newly released Galileo data. &lt;br/&gt;***</AbstractNarration>
    <MinAmdLetterDate>03/26/2003</MinAmdLetterDate>
    <MaxAmdLetterDate>03/26/2003</MaxAmdLetterDate>
    <ARRAAmount/>
    <AwardID>0300005</AwardID>
    <Investigator>
      <FirstName>Tariq</FirstName>
      <LastName>Majeed</LastName>
      <EmailAddress>tariqm@umich.edu</EmailAddress>
      <StartDate>03/26/2003</StartDate>
      <EndDate/>
      <RoleCode>Principal Investigator</RoleCode>
    </Investigator>
    <Institution>
      <Name>University of Michigan Ann Arbor</Name>
      <CityName>Ann Arbor</CityName>
      <ZipCode>481091274</ZipCode>
      <PhoneNumber>7347636438</PhoneNumber>
      <StreetAddress>3003 South State St. Room 1062</StreetAddress>
      <CountryName>United States</CountryName>
      <StateName>Michigan</StateName>
      <StateCode>MI</StateCode>
    </Institution>
  </Award>
</rootTag>
