<?xml version="1.0" encoding="UTF-8"?>

<rootTag>
  <Award>
    <AwardTitle>GOALI: Interconnect Processing Enhancement by Measurement of Nanoscale Dielectric Constant Degradation and Development of Experimentally Verified Models of Nanoscale Deformation</AwardTitle>
    <AwardEffectiveDate>07/01/2003</AwardEffectiveDate>
    <AwardExpirationDate>06/30/2007</AwardExpirationDate>
    <AwardAmount>399465</AwardAmount>
    <AwardInstrument>
      <Value>Standard Grant</Value>
    </AwardInstrument>
    <Organization>
      <Code>07030000</Code>
      <Directorate>
        <LongName>Directorate For Engineering</LongName>
      </Directorate>
      <Division>
        <LongName>Div Of Civil, Mechanical, &amp; Manufact Inn</LongName>
      </Division>
    </Organization>
    <ProgramOfficer>
      <SignBlockName>George A. Hazelrigg</SignBlockName>
    </ProgramOfficer>
    <AbstractNarration>This research combines experimental and modeling activities that are integrated by the use of scanning force microscopy to measure the effects of different processing parameters on dielectric properties and deformation in Cu-damascene interconnect structures with nanoscale resolution. We utilize electrostatic force microscopy to detect undesirable dielectric constant gradients that are caused by plasma processing during dielectric deposition, reactive ion etching of the circuit pattern, oxidizing plasma removal of photoresist, and adhesion enhancement with inert gas plasmas. This will help optimize plasma processing parameters to minimize or eliminate dielectric degradation during manufacturing. In our study of nanoscale deformation, scanning force microscopy (SFM) is used to measure the out-of-plane deformation resulting from thermal cycling with nanometer scale resolution. In parallel, finite element strategies to model interfacial sliding and diffusive deformation are being developed and used to predict deformation in interconnect structures. These predictions are validated using our SFM method so the models can be used as reliable design tools to predict deformation during thermal processing. &lt;br/&gt;&lt;br/&gt;The broader technological impacts of this work include a significant collaboration between UNH and two major semiconductor manufacturers, IBM and Intel, technology transfer of a new dielectric imaging technique to industry and a development of an experimentally verified model of nanoscale deformation that will be useful to the interconnect industry and other nanomanufacturing areas such as MEMS and NEMS. The broader educational impacts include graduate education in a technologically important area, incorporation of a real world project in undergraduate engineering courses, and enhanced participation of women in science by the support of a female graduate student in an interdisciplinary setting.</AbstractNarration>
    <MinAmdLetterDate>06/19/2003</MinAmdLetterDate>
    <MaxAmdLetterDate>06/19/2003</MaxAmdLetterDate>
    <ARRAAmount/>
    <AwardID>0300216</AwardID>
    <Investigator>
      <FirstName>Igor</FirstName>
      <LastName>Tsukrov</LastName>
      <EmailAddress>igor.tsukrov@unh.edu</EmailAddress>
      <StartDate>06/19/2003</StartDate>
      <EndDate/>
      <RoleCode>Co-Principal Investigator</RoleCode>
    </Investigator>
    <Investigator>
      <FirstName>Todd</FirstName>
      <LastName>Gross</LastName>
      <EmailAddress>todd.gross@unh.edu</EmailAddress>
      <StartDate>06/19/2003</StartDate>
      <EndDate/>
      <RoleCode>Principal Investigator</RoleCode>
    </Investigator>
    <Institution>
      <Name>University of New Hampshire</Name>
      <CityName>Durham</CityName>
      <ZipCode>038243585</ZipCode>
      <PhoneNumber>6038622172</PhoneNumber>
      <StreetAddress>51 COLLEGE RD SERVICE BLDG 107</StreetAddress>
      <CountryName>United States</CountryName>
      <StateName>New Hampshire</StateName>
      <StateCode>NH</StateCode>
    </Institution>
    <FoaInformation>
      <Code>0308000</Code>
      <Name>Industrial Technology</Name>
    </FoaInformation>
    <ProgramElement>
      <Code>1504</Code>
      <Text>GRANT OPP FOR ACAD LIA W/INDUS</Text>
    </ProgramElement>
    <ProgramElement>
      <Code>1788</Code>
      <Text>NANOMANUFACTURING</Text>
    </ProgramElement>
    <ProgramReference>
      <Code>1049</Code>
      <Text>INDUSTRY-UNIV COOPERATIVE RSCH PROJECTS</Text>
    </ProgramReference>
    <ProgramReference>
      <Code>9146</Code>
      <Text>MANUFACTURING BASE RESEARCH</Text>
    </ProgramReference>
    <ProgramReference>
      <Code>MANU</Code>
      <Text>MANUFACTURING</Text>
    </ProgramReference>
    <ProgramReference>
      <Code>1504</Code>
      <Text>GRANT OPP FOR ACAD LIA W/INDUS</Text>
    </ProgramReference>
  </Award>
</rootTag>
