<?xml version="1.0" encoding="UTF-8"?>

<rootTag>
  <Award>
    <AwardTitle>SGER: Collaborative Research: Analysis of Landfill Temperatures and Gas Levels</AwardTitle>
    <AwardEffectiveDate>03/15/2003</AwardEffectiveDate>
    <AwardExpirationDate>02/28/2006</AwardExpirationDate>
    <AwardAmount>72941</AwardAmount>
    <AwardInstrument>
      <Value>Standard Grant</Value>
    </AwardInstrument>
    <Organization>
      <Code>07030000</Code>
      <Directorate>
        <LongName>Directorate For Engineering</LongName>
      </Directorate>
      <Division>
        <LongName>Div Of Civil, Mechanical, &amp; Manufact Inn</LongName>
      </Division>
    </Organization>
    <ProgramOfficer>
      <SignBlockName>Richard J. Fragaszy</SignBlockName>
    </ProgramOfficer>
    <AbstractNarration>The objective of this research is to determine thermal and gas regimes of landfills and to establish correlations between the measured parameters and operational and environmental conditions at landfills. It involves collaboration between Wayne State University and Lawrence Technological University, and various industrial partners. Three landfills, located in Michigan, New Mexico, and Alaska, have previously been instrumented and plans include instrumenting an additional site located in British Columbia, Canada.&lt;br/&gt;&lt;br/&gt;The project has three components: monitoring existing sensors, installing additional sensors, and analyzing data. Temperature and gas data are collected in the waste mass, liner systems, and the surrounding soils. This data will be used to generate an extensive database for use by researchers and practitioners. Comprehensive correlations between landfill byproducts (heat, gas, and leachate generation) and operational and environmental conditions will be developed. These correlations will provide tools for improving the state-of-the-art and state-of-the-practice of waste disposal and containment in landfills</AbstractNarration>
    <MinAmdLetterDate>03/04/2003</MinAmdLetterDate>
    <MaxAmdLetterDate>02/23/2005</MaxAmdLetterDate>
    <ARRAAmount/>
    <AwardID>0300695</AwardID>
    <Investigator>
      <FirstName>Nazli</FirstName>
      <LastName>Yesiller</LastName>
      <EmailAddress>nyesiller@gmail.com</EmailAddress>
      <StartDate>03/04/2003</StartDate>
      <EndDate/>
      <RoleCode>Principal Investigator</RoleCode>
    </Investigator>
    <Institution>
      <Name>Wayne State University</Name>
      <CityName>Detroit</CityName>
      <ZipCode>482023622</ZipCode>
      <PhoneNumber>3135772424</PhoneNumber>
      <StreetAddress>5057 Woodward</StreetAddress>
      <CountryName>United States</CountryName>
      <StateName>Michigan</StateName>
      <StateCode>MI</StateCode>
    </Institution>
    <FoaInformation>
      <Code>0304000</Code>
      <Name>Disaster &amp; Natural Hazard</Name>
    </FoaInformation>
    <ProgramElement>
      <Code>1636</Code>
      <Text>Geotechnical Engineering and M</Text>
    </ProgramElement>
    <ProgramReference>
      <Code>1057</Code>
      <Text>CIS BASE RESEARCH</Text>
    </ProgramReference>
    <ProgramReference>
      <Code>9102</Code>
      <Text>WOMEN, MINORITY, DISABLED, NEC</Text>
    </ProgramReference>
    <ProgramReference>
      <Code>9237</Code>
      <Text>SMALL GRANTS-EXPLORATORY RSRCH</Text>
    </ProgramReference>
    <ProgramReference>
      <Code>CVIS</Code>
      <Text>CIVIL INFRASTRUCTURE</Text>
    </ProgramReference>
  </Award>
</rootTag>
