<?xml version="1.0" encoding="UTF-8"?>

<rootTag>
  <Award>
    <AwardTitle>Scalable, Cellular Architectures, for Improving Solutions With Experience, in Combinatorially Complex Optimization Problems</AwardTitle>
    <AwardEffectiveDate>05/01/2003</AwardEffectiveDate>
    <AwardExpirationDate>04/30/2006</AwardExpirationDate>
    <AwardAmount>210000</AwardAmount>
    <AwardInstrument>
      <Value>Standard Grant</Value>
    </AwardInstrument>
    <Organization>
      <Code>07010000</Code>
      <Directorate>
        <LongName>Directorate For Engineering</LongName>
      </Directorate>
      <Division>
        <LongName>Div Of Electrical, Commun &amp; Cyber Sys</LongName>
      </Division>
    </Organization>
    <ProgramOfficer>
      <SignBlockName>Paul Werbos</SignBlockName>
    </ProgramOfficer>
    <AbstractNarration>Scalable Cellular Architectures for Improving Solutions with Experience in&lt;br/&gt;Combinatorially Complex Optimization Problems&lt;br/&gt;&lt;br/&gt;This project will address the general task of solving optimization problems where the criterion to be optimized is a very complicated, nonconvex function of the choices available to the user. As a testbed example, it will focus on the classic Traveling Salesman Problem (TSP) for which many practical applications and benchmarks are available. General-purpose learning systems have never been able to perform as well as ad hoc, problem-specific methods here; however, by using new learning approaches, this PI has already achieved results much better than previous efforts of that type. In this project, he plans to go further, by using more sophisticated neural network designs motivated by recent work in intelligent control and reinforcement learning. Better tools for learning-based optimization will be important in the long-term as part of learning-based brain-like systems to make decisions over time and to manage&lt;br/&gt;complex network systems.&lt;br/&gt;&lt;br/&gt;The project will also include collaboration with K-12 and EPSCOR institutions, and will generate capstone engineering projects for undergraduate students.</AbstractNarration>
    <MinAmdLetterDate>04/17/2003</MinAmdLetterDate>
    <MaxAmdLetterDate>04/17/2003</MaxAmdLetterDate>
    <ARRAAmount/>
    <AwardID>0300526</AwardID>
    <Investigator>
      <FirstName>Donald</FirstName>
      <LastName>Wunsch</LastName>
      <EmailAddress>wunsch@ieee.org</EmailAddress>
      <StartDate>04/17/2003</StartDate>
      <EndDate/>
      <RoleCode>Principal Investigator</RoleCode>
    </Investigator>
    <Institution>
      <Name>Missouri University of Science and Technology</Name>
      <CityName>Rolla</CityName>
      <ZipCode>654096506</ZipCode>
      <PhoneNumber>5733414134</PhoneNumber>
      <StreetAddress>300 W 12th Street</StreetAddress>
      <CountryName>United States</CountryName>
      <StateName>Missouri</StateName>
      <StateCode>MO</StateCode>
    </Institution>
    <FoaInformation>
      <Code>0510403</Code>
      <Name>Engineering &amp; Computer Science</Name>
    </FoaInformation>
  </Award>
</rootTag>
