<?xml version="1.0" encoding="UTF-8"?>

<rootTag>
  <Award>
    <AwardTitle>Reliability Assessment of the Serviceability Performance of Geotechnical Structures Using Neural Networks</AwardTitle>
    <AwardEffectiveDate>08/01/2003</AwardEffectiveDate>
    <AwardExpirationDate>01/31/2008</AwardExpirationDate>
    <AwardAmount>309310</AwardAmount>
    <AwardInstrument>
      <Value>Standard Grant</Value>
    </AwardInstrument>
    <Organization>
      <Code>07030000</Code>
      <Directorate>
        <LongName>Directorate For Engineering</LongName>
      </Directorate>
      <Division>
        <LongName>Div Of Civil, Mechanical, &amp; Manufact Inn</LongName>
      </Division>
    </Organization>
    <ProgramOfficer>
      <SignBlockName>Richard J. Fragaszy</SignBlockName>
    </ProgramOfficer>
    <AbstractNarration>In this research project the feasibility of integrating finite element method and neural network technologies in a reliability-based framework for assessing serviceability reliability of geotechnical structures such as braced excavation systems is explored. A deep braced excavation in an urban area is a complex construction operation that often causes unacceptable ground movement and damage to adjacent buildings. Reliability assessment of potential ground displacement and damage to adjacent buildings aids in the safe design and construction of such geotechnical structures. The framework and procedures for conducting reliability assessment are established based on the results of reliability analyses. Provisions for reliability updating using field monitoring/measurement data are also established. &lt;br/&gt;&lt;br/&gt;Intellectually, this research may lead to a significantly improved method for design and construction of deep braced excavations that is both sound and safe for the environment. The developed methodology, which integrates the finite element method, neural networks, and the observational method into a reliability-based framework, is considered innovative. This methodology, if successfully developed, represents a significant breakthrough in assessing reliability of complex geotechnical structures. &lt;br/&gt;&lt;br/&gt;The broader impacts of the proposed research are also significant. First, this research is likely to result in an improved method for design and construction of deep braced excavation that is both sound and safe for the environment. The results of the research may be adopted by the engineering community, and thus, contribute in a significant way to protecting the public and their properties. Second, the results of the research will be disseminated broadly through a number of ways. Technology transfer, which is emphasized in this project, is an important element in the overall objective of integrating research and education. Third, the proposed research will enhance the infrastructure for research at Clemson University through its strong national and international collaboration. Fourth, the proposed research will broaden participation of underrepresented groups in a significant way, by participation of a female engineering faculty from an undergraduate institution through a subcontract and a female postdoctoral research assistant at Clemson University, and by recruiting and mentoring graduate and undergraduate assistants from underrepresented groups. Fifth and lastly, but equally important, the proposed research will advance the state of knowledge while promoting teaching, training, and learning by incorporating various activities that contribute to the overall objective of research and education integration.</AbstractNarration>
    <MinAmdLetterDate>08/05/2003</MinAmdLetterDate>
    <MaxAmdLetterDate>03/29/2006</MaxAmdLetterDate>
    <ARRAAmount/>
    <AwardID>0300198</AwardID>
    <Investigator>
      <FirstName>Charng</FirstName>
      <LastName>Juang</LastName>
      <EmailAddress>hsein@clemson.edu</EmailAddress>
      <StartDate>08/05/2003</StartDate>
      <EndDate/>
      <RoleCode>Principal Investigator</RoleCode>
    </Investigator>
    <Institution>
      <Name>Clemson University</Name>
      <CityName>CLEMSON</CityName>
      <ZipCode>296340001</ZipCode>
      <PhoneNumber>8646562424</PhoneNumber>
      <StreetAddress>230 Kappa Street</StreetAddress>
      <CountryName>United States</CountryName>
      <StateName>South Carolina</StateName>
      <StateCode>SC</StateCode>
    </Institution>
    <FoaInformation>
      <Code>0308000</Code>
      <Name>Industrial Technology</Name>
    </FoaInformation>
    <FoaInformation>
      <Code>0106000</Code>
      <Name>Materials Research</Name>
    </FoaInformation>
    <ProgramElement>
      <Code>1634</Code>
      <Text>GEOMECHANICS &amp; GEOMATERIALS</Text>
    </ProgramElement>
    <ProgramReference>
      <Code>1039</Code>
      <Text>RENEWAL ENGINEERING</Text>
    </ProgramReference>
    <ProgramReference>
      <Code>1057</Code>
      <Text>CIS BASE RESEARCH</Text>
    </ProgramReference>
    <ProgramReference>
      <Code>9150</Code>
      <Text>EXP PROG TO STIM COMP RES</Text>
    </ProgramReference>
    <ProgramReference>
      <Code>CVIS</Code>
      <Text>CIVIL INFRASTRUCTURE</Text>
    </ProgramReference>
    <ProgramReference>
      <Code>9251</Code>
      <Text>RES EXPER FOR UNDERGRAD-SUPPLT</Text>
    </ProgramReference>
    <ProgramReference>
      <Code>038E</Code>
      <Text>FOUNDATION ENGINEERING</Text>
    </ProgramReference>
  </Award>
</rootTag>
