<?xml version="1.0" encoding="UTF-8"?>

<rootTag>
  <Award>
    <AwardTitle>Optimization of Jump Stochastic Systems</AwardTitle>
    <AwardEffectiveDate>07/01/2003</AwardEffectiveDate>
    <AwardExpirationDate>06/30/2008</AwardExpirationDate>
    <AwardAmount>306675</AwardAmount>
    <AwardInstrument>
      <Value>Continuing grant</Value>
    </AwardInstrument>
    <Organization>
      <Code>07030000</Code>
      <Directorate>
        <LongName>Directorate For Engineering</LongName>
      </Directorate>
      <Division>
        <LongName>Div Of Civil, Mechanical, &amp; Manufact Inn</LongName>
      </Division>
    </Organization>
    <ProgramOfficer>
      <SignBlockName>Robert L. Smith</SignBlockName>
    </ProgramOfficer>
    <AbstractNarration>This research project investigates dynamic optimization of continuous time jump stochastic systems with single and multiple performance characteristics. The goals of this project are: (i) to develop new theoretical results that describe the structure of optimal strategies for problems that are applicable to large classes of engineering systems and provide efficient algorithms for computation of optimal policies, and (ii) to apply these results to solve particular optimization problems for production, service, information, and other man-made systems. This project consists of two major parts. The first part develops new methods for the analysis of jump stochastic systems based on: (a) developing new approximations of objective criteria for undiscounted continuous-time jump processes, (b) developing a theory of such processes that describes the structure of optimal policies and provides algorithms for their computation, (c) studying multiple-objective problems and the corresponding infinite-dimensional linear programs. The utilization of these techniques will lead to the development of new results for the optimization of continuous time jump stochastic systems with multiple objectives and constraints. These results will include the description of the structure of optimal strategies for undiscounted problems with unbounded cost functions and the algorithms for their computation. The second part of this project deals with the applications of the results of the first part to the analysis and optimization of particular engineering and operations management models. The results of the first part of this project will be applied to production, service, and inventory systems with stochastic demand, to replacement and preventive maintenance problems, to energy management, and to other engineering problems.&lt;br/&gt;&lt;br/&gt;The intellectual impact of this research is that it will develop new methods for optimization of broad classes of jump stochastic systems. It will contribute to a better understanding of the structure of optimal policies and develop algorithms for their computation. It will improve our ability to manage production, service, information, energy, and other man-made systems. The broader impact of this project is that it will contribute to the development of human resources in science and engineering, to technological progress, and to mutually beneficial interactions between industry and academia.</AbstractNarration>
    <MinAmdLetterDate>03/17/2003</MinAmdLetterDate>
    <MaxAmdLetterDate>04/09/2007</MaxAmdLetterDate>
    <ARRAAmount/>
    <AwardID>0300121</AwardID>
    <Investigator>
      <FirstName>Eugene</FirstName>
      <LastName>Feinberg</LastName>
      <EmailAddress>eugene.feinberg@sunysb.edu</EmailAddress>
      <StartDate>03/17/2003</StartDate>
      <EndDate/>
      <RoleCode>Principal Investigator</RoleCode>
    </Investigator>
    <Institution>
      <Name>SUNY at Stony Brook</Name>
      <CityName>Stony Brook</CityName>
      <ZipCode>117940001</ZipCode>
      <PhoneNumber>6316329949</PhoneNumber>
      <StreetAddress>WEST 5510 FRK MEL LIB</StreetAddress>
      <CountryName>United States</CountryName>
      <StateName>New York</StateName>
      <StateCode>NY</StateCode>
    </Institution>
    <FoaInformation>
      <Code>0107000</Code>
      <Name>Operations Research</Name>
    </FoaInformation>
    <ProgramElement>
      <Code>1263</Code>
      <Text>PROBABILITY</Text>
    </ProgramElement>
    <ProgramElement>
      <Code>5514</Code>
      <Text>OPERATIONS RESEARCH</Text>
    </ProgramElement>
    <ProgramElement>
      <Code>7298</Code>
      <Text>COLLABORATIVE RESEARCH</Text>
    </ProgramElement>
    <ProgramReference>
      <Code>5979</Code>
      <Text>Europe and Eurasia</Text>
    </ProgramReference>
    <ProgramReference>
      <Code>9147</Code>
      <Text>GENERIC TECHNOL FOR MANUFACTURING CELLS</Text>
    </ProgramReference>
    <ProgramReference>
      <Code>MANU</Code>
      <Text>MANUFACTURING</Text>
    </ProgramReference>
  </Award>
</rootTag>
