<?xml version="1.0" encoding="UTF-8"?>

<rootTag>
  <Award>
    <AwardTitle>RUI: DRIFT-II - Next Generation Dark Matter Search Using a Negative Ion TPC</AwardTitle>
    <AwardEffectiveDate>07/01/2003</AwardEffectiveDate>
    <AwardExpirationDate>06/30/2007</AwardExpirationDate>
    <AwardAmount>405000</AwardAmount>
    <AwardInstrument>
      <Value>Continuing grant</Value>
    </AwardInstrument>
    <Organization>
      <Code>03010000</Code>
      <Directorate>
        <LongName>Direct For Mathematical &amp; Physical Scien</LongName>
      </Directorate>
      <Division>
        <LongName>Division Of Physics</LongName>
      </Division>
    </Organization>
    <ProgramOfficer>
      <SignBlockName>James J. Whitmore</SignBlockName>
    </ProgramOfficer>
    <AbstractNarration>This proposal is from a group at Occidental College and requests funding to investigate one of the most important questions of the 21st century: What is the Dark Matter? A natural explanation is a population of relic Weakly Interacting Massive Particles (WIMPs) left over from the Big Bang. To directly detect WIMPs by their interaction inside a detector yielding a ~keV/amu recoil nucleus, the PIs have invented the Negative Ion Time Projection Chamber (NITPC) and have built a first generation device, the Directional Recoil Identification From Tracks detector (DRIFT-I) with an active volume of 1 m3 and an active mass of 167 g. DRIFT-I is currently taking data at the Boulby mine in Northeast England. The plan now is to build a scaled-up, much improved NITPC, called DRIFT-II, as a fully modular detector which could be scaled-up to ~100 kg active mass. The technique uses a low pressure, electronegative gas (CS2) target and is sensitive to the direction of neutron recoils.&lt;br/&gt;&lt;br/&gt;In the education/outreach area, the DRIFT detector technology has promising applications to Homeland Security and for tracking at the Next Linear Collider. The project has already brought people from underrepresented groups into cutting edge research.</AbstractNarration>
    <MinAmdLetterDate>07/02/2003</MinAmdLetterDate>
    <MaxAmdLetterDate>06/11/2007</MaxAmdLetterDate>
    <ARRAAmount/>
    <AwardID>0300973</AwardID>
    <Investigator>
      <FirstName>Daniel</FirstName>
      <LastName>Snowden-Ifft</LastName>
      <EmailAddress>ifft@oxy.edu</EmailAddress>
      <StartDate>07/02/2003</StartDate>
      <EndDate/>
      <RoleCode>Principal Investigator</RoleCode>
    </Investigator>
    <Institution>
      <Name>Occidental College</Name>
      <CityName>Los Angeles</CityName>
      <ZipCode>900413314</ZipCode>
      <PhoneNumber>3232591414</PhoneNumber>
      <StreetAddress>1600 Campus Road</StreetAddress>
      <CountryName>United States</CountryName>
      <StateName>California</StateName>
      <StateCode>CA</StateCode>
    </Institution>
    <FoaInformation>
      <Code>0000099</Code>
      <Name>Other Applications NEC</Name>
    </FoaInformation>
  </Award>
</rootTag>
