<?xml version="1.0" encoding="UTF-8"?>

<rootTag>
  <Award>
    <AwardTitle>An Implantable Integrated System to Restore Vision in the Blind</AwardTitle>
    <AwardEffectiveDate>05/15/2003</AwardEffectiveDate>
    <AwardExpirationDate>04/30/2008</AwardExpirationDate>
    <AwardAmount>186959</AwardAmount>
    <AwardInstrument>
      <Value>Standard Grant</Value>
    </AwardInstrument>
    <Organization>
      <Code>07010000</Code>
      <Directorate>
        <LongName>Directorate For Engineering</LongName>
      </Directorate>
      <Division>
        <LongName>Div Of Electrical, Commun &amp; Cyber Sys</LongName>
      </Division>
    </Organization>
    <ProgramOfficer>
      <SignBlockName>Yogesh B. Gianchandani</SignBlockName>
    </ProgramOfficer>
    <AbstractNarration>This proposal by a group of researchers with a proven record of steady and continuous progress toward the realization of a retinal prosthesis for the totally blind will bring about fundamental advances in electronics, telemetry, bioelectromagnetics, and material processing that will enable the realization of a device with over 1,000 electrodes.&lt;br/&gt;&lt;br/&gt;Intellectual merit: The proposed project will bring about fundamental advances toward the development of an integrated system compatible with the stringent design specification required for implantation in the human eye. Research will consider novel solutions for wireless bi-directional and high frequency transcutaneous telemetry systems, low power VLSI electronics, stimulating electrode arrays, heterogeneous computational system modeling for performance prediction, and system-on-a-chip fabrication.&lt;br/&gt;&lt;br/&gt;Broader impacts: The proposed research effort combines several disciplines toward an effective engineering solution to the problem of blindness. Over 10,000,000 visually impaired worldwide will benefit from this research activity. Further, the team envisions that the proposed research will significantly contribute to a wide range of future wireless implantable biomedical devices. This project will offer a unique research environment with strong interdisciplinary collaborations that will provide graduate and undergraduate students a diversified exposure to innovative biomedical technologies for the 21st century.</AbstractNarration>
    <MinAmdLetterDate>05/15/2003</MinAmdLetterDate>
    <MaxAmdLetterDate>01/04/2007</MaxAmdLetterDate>
    <ARRAAmount/>
    <AwardID>0300181</AwardID>
    <Investigator>
      <FirstName>Wentai</FirstName>
      <LastName>Liu</LastName>
      <EmailAddress>wentai@ucla.edu</EmailAddress>
      <StartDate>05/15/2003</StartDate>
      <EndDate/>
      <RoleCode>Principal Investigator</RoleCode>
    </Investigator>
    <Institution>
      <Name>University of California-Santa Cruz</Name>
      <CityName>Santa Cruz</CityName>
      <ZipCode>950641077</ZipCode>
      <PhoneNumber>8314595278</PhoneNumber>
      <StreetAddress>1156 High Street</StreetAddress>
      <CountryName>United States</CountryName>
      <StateName>California</StateName>
      <StateCode>CA</StateCode>
    </Institution>
    <FoaInformation>
      <Code>0206000</Code>
      <Name>Telecommunications</Name>
    </FoaInformation>
  </Award>
</rootTag>
