<?xml version="1.0" encoding="UTF-8"?>

<rootTag>
  <Award>
    <AwardTitle>Banach Spaces and Operators on them</AwardTitle>
    <AwardEffectiveDate>07/15/2003</AwardEffectiveDate>
    <AwardExpirationDate>06/30/2007</AwardExpirationDate>
    <AwardAmount>120000</AwardAmount>
    <AwardInstrument>
      <Value>Continuing grant</Value>
    </AwardInstrument>
    <Organization>
      <Code>03040100</Code>
      <Directorate>
        <LongName>Direct For Mathematical &amp; Physical Scien</LongName>
      </Directorate>
      <Division>
        <LongName>Division Of Mathematical Sciences</LongName>
      </Division>
    </Organization>
    <ProgramOfficer>
      <SignBlockName>Joe W. Jenkins</SignBlockName>
    </ProgramOfficer>
    <AbstractNarration>Abstract&lt;br/&gt;Schlumprecht&lt;br/&gt;&lt;br/&gt;The author will work on several open problems in Geometrical Functional Analysis. The first problem asks whether or not every infinite dimensional Banach space admits a non-trivial operator, i.e. an operator that is not a compact perturbation of a multiple of the identity. The principal investigator proposes to explore several interesting variations on this theme, each with a distinctly structure-theoretical flavor. A counter example to aforementioned question would present the first example of an infinite dimensional Banach space for which it is known that every operator on it has an invariant subspace. Secondly, he presents an approach to the most general formulation of the invariant subspace problem, namely: does every adjoint operator have a nontrivial invariant subspace? The third part of the proposal deals with quasi-greedy bases, one of the mathematical ideas that help provide a theoretical groundwork for image compression and reconstruction and asks for the existence of quasi-greedy bases in each Banach space.&lt;br/&gt;Banach spaces, their geometric and topological structure, as well as operators on them, provide a natural framework for studying dynamical systems, differential equations, physics and multiresolution analysis. For example, it is pointed out in the proposal how Banach space theoretical ideas relate to the theory of image compression and reconstruction.</AbstractNarration>
    <MinAmdLetterDate>06/18/2003</MinAmdLetterDate>
    <MaxAmdLetterDate>11/10/2004</MaxAmdLetterDate>
    <ARRAAmount/>
    <AwardID>0300058</AwardID>
    <Investigator>
      <FirstName>Thomas</FirstName>
      <LastName>Schlumprecht</LastName>
      <EmailAddress>schlump@math.tamu.edu</EmailAddress>
      <StartDate>06/18/2003</StartDate>
      <EndDate/>
      <RoleCode>Principal Investigator</RoleCode>
    </Investigator>
    <Institution>
      <Name>Texas A&amp;M Research Foundation</Name>
      <CityName>College Station</CityName>
      <ZipCode>778454321</ZipCode>
      <PhoneNumber>9798458600</PhoneNumber>
      <StreetAddress>400 Harvey Mitchell Parkway, S</StreetAddress>
      <CountryName>United States</CountryName>
      <StateName>Texas</StateName>
      <StateCode>TX</StateCode>
    </Institution>
    <FoaInformation>
      <Code>0000099</Code>
      <Name>Other Applications NEC</Name>
    </FoaInformation>
  </Award>
</rootTag>
