<?xml version="1.0" encoding="UTF-8"?>

<rootTag>
  <Award>
    <AwardTitle>Modeling of Size-Effect in Micro-Cutting Process Using Strain Gradient Plasticity</AwardTitle>
    <AwardEffectiveDate>04/01/2003</AwardEffectiveDate>
    <AwardExpirationDate>03/31/2007</AwardExpirationDate>
    <AwardAmount>237964</AwardAmount>
    <AwardInstrument>
      <Value>Standard Grant</Value>
    </AwardInstrument>
    <Organization>
      <Code>07030000</Code>
      <Directorate>
        <LongName>Directorate For Engineering</LongName>
      </Directorate>
      <Division>
        <LongName>Div Of Civil, Mechanical, &amp; Manufact Inn</LongName>
      </Division>
    </Organization>
    <ProgramOfficer>
      <SignBlockName>George A. Hazelrigg</SignBlockName>
    </ProgramOfficer>
    <AbstractNarration>The primary purpose of this research grant is to develop a fundamental understanding of the mechanics of micro-cutting processes with a focus on the size-effect phenomenon. A secondary objective of the grant is to develop an understanding of chip formation and surface integrity in micro-cutting of important engineering materials such as ferrous and titanium alloys. The research approach for achieving these objectives involves the following tasks: 1) Development of analytical models based on strain gradient plasticity for the size-effect arising from the primary, secondary and tertiary deformation zones in orthogonal micro-cutting, 2) Verification of the size-effect models through orthogonal micro-cutting experiments on ferrous or titanium alloys, and 3) Experimental study of the effects of cutting conditions on chip formation and surface integrity in orthogonal micro-cutting process for ferrous or titanium alloys.&lt;br/&gt;&lt;br/&gt;If successful, the benefits of this project include advancement of fundamental understanding of chip formation, mechanics, and surface integrity in micro-cutting processes. This understanding will in turn benefit micro-cutting tool design, micro-lathe/mill design, and micro-cutting process optimization. Broader impact of the research will be realized through development of international partnerships with researchers at the National university of Singapore, international educational experience for the graduate students working on the project, and through the participation of middle/high school science and math teachers in some aspect of the project.</AbstractNarration>
    <MinAmdLetterDate>03/25/2003</MinAmdLetterDate>
    <MaxAmdLetterDate>04/04/2003</MaxAmdLetterDate>
    <ARRAAmount/>
    <AwardID>0300457</AwardID>
    <Investigator>
      <FirstName>Shreyes</FirstName>
      <LastName>Melkote</LastName>
      <EmailAddress>shreyes.melkote@me.gatech.edu</EmailAddress>
      <StartDate>03/25/2003</StartDate>
      <EndDate/>
      <RoleCode>Principal Investigator</RoleCode>
    </Investigator>
    <Institution>
      <Name>Georgia Tech Research Corporation</Name>
      <CityName>Atlanta</CityName>
      <ZipCode>303320420</ZipCode>
      <PhoneNumber>4048944819</PhoneNumber>
      <StreetAddress>Office of Sponsored Programs</StreetAddress>
      <CountryName>United States</CountryName>
      <StateName>Georgia</StateName>
      <StateCode>GA</StateCode>
    </Institution>
    <FoaInformation>
      <Code>0308000</Code>
      <Name>Industrial Technology</Name>
    </FoaInformation>
    <ProgramElement>
      <Code>1468</Code>
      <Text>Manufacturing Machines &amp; Equip</Text>
    </ProgramElement>
    <ProgramReference>
      <Code>9146</Code>
      <Text>MANUFACTURING BASE RESEARCH</Text>
    </ProgramReference>
    <ProgramReference>
      <Code>9178</Code>
      <Text>UNDERGRADUATE EDUCATION</Text>
    </ProgramReference>
    <ProgramReference>
      <Code>9251</Code>
      <Text>RES EXPER FOR UNDERGRAD-SUPPLT</Text>
    </ProgramReference>
    <ProgramReference>
      <Code>MANU</Code>
      <Text>MANUFACTURING</Text>
    </ProgramReference>
  </Award>
</rootTag>
