<?xml version="1.0" encoding="UTF-8"?>

<rootTag>
  <Award>
    <AwardTitle>Generic Properties of Smooth Dynamical Systems</AwardTitle>
    <AwardEffectiveDate>05/01/2003</AwardEffectiveDate>
    <AwardExpirationDate>04/30/2006</AwardExpirationDate>
    <AwardAmount>134296</AwardAmount>
    <AwardInstrument>
      <Value>Standard Grant</Value>
    </AwardInstrument>
    <Organization>
      <Code>03040100</Code>
      <Directorate>
        <LongName>Direct For Mathematical &amp; Physical Scien</LongName>
      </Directorate>
      <Division>
        <LongName>Division Of Mathematical Sciences</LongName>
      </Division>
    </Organization>
    <ProgramOfficer>
      <SignBlockName>Joe W. Jenkins</SignBlockName>
    </ProgramOfficer>
    <AbstractNarration>PI: Vadim Kaloshin, CAL Tech&lt;br/&gt;DMS-0300229&lt;br/&gt;&lt;br/&gt;The proposed project consists of two main parts. The first part is investigation generic properties of discrete dynamical systems (diffeomorphisms) on a compact manifold. We apply Newton Interpolation technique to investigate bifurcations of homoclinic tangency for 2-dimensional diffeomorphisms and, in particular, Newhouse phenomenon of infinitely many coexisting sinks. Homoclinic tangency has proved to be the most interesting feature of dynamics in dimension 2. The second is investigation of instabilities of generic of Hamiltonian systems, primarily using Mather theory.&lt;br/&gt;&lt;br/&gt;Enormous number of systems in the nature and technological processes are described by ordinary differential equations. Therefore, it is extremely important to understand long time behavior and stability of trajectories of in some sense generic ordinary differential equations. The first part of proposed project is an attempt to contribute to understanding of complicated behavior of chaotic low dimensional systems. Motion of plans, comets, and celestial dynamics in general are described by Hamiltonian equations. The second part of the project is devoted to investigation of such dynamics using primarily variational methods developed by many people and J. Mather in particular.</AbstractNarration>
    <MinAmdLetterDate>04/18/2003</MinAmdLetterDate>
    <MaxAmdLetterDate>04/18/2003</MaxAmdLetterDate>
    <ARRAAmount/>
    <AwardID>0300229</AwardID>
    <Investigator>
      <FirstName>Vadim</FirstName>
      <LastName>Kaloshin</LastName>
      <EmailAddress>vadim.kaloshin@gmail.com</EmailAddress>
      <StartDate>04/18/2003</StartDate>
      <EndDate/>
      <RoleCode>Principal Investigator</RoleCode>
    </Investigator>
    <Institution>
      <Name>California Institute of Technology</Name>
      <CityName>PASADENA</CityName>
      <ZipCode>911250600</ZipCode>
      <PhoneNumber>6263956219</PhoneNumber>
      <StreetAddress>1200 E California Blvd</StreetAddress>
      <CountryName>United States</CountryName>
      <StateName>California</StateName>
      <StateCode>CA</StateCode>
    </Institution>
    <FoaInformation>
      <Code>0000099</Code>
      <Name>Other Applications NEC</Name>
    </FoaInformation>
  </Award>
</rootTag>
