<?xml version="1.0" encoding="UTF-8"?>

<rootTag>
  <Award>
    <AwardTitle>Semi-variational methods in Hamiltonian dynamics</AwardTitle>
    <AwardEffectiveDate>05/15/2003</AwardEffectiveDate>
    <AwardExpirationDate>09/30/2007</AwardExpirationDate>
    <AwardAmount>117045</AwardAmount>
    <AwardInstrument>
      <Value>Standard Grant</Value>
    </AwardInstrument>
    <Organization>
      <Code>03040100</Code>
      <Directorate>
        <LongName>Direct For Mathematical &amp; Physical Scien</LongName>
      </Directorate>
      <Division>
        <LongName>Division Of Mathematical Sciences</LongName>
      </Division>
    </Organization>
    <ProgramOfficer>
      <SignBlockName>Joe W. Jenkins</SignBlockName>
    </ProgramOfficer>
    <AbstractNarration>PI: Sergey Bolotin, University of Wisconsin, Madison&lt;br/&gt;DMS-0300319&lt;br/&gt;&lt;br/&gt;ABSTRACT:&lt;br/&gt;&lt;br/&gt;We plan to use a combination of methods of dynamical systems, going back to Shilnikov, and methods of the calculus of variations to construct shadowing orbits of Hamiltonian systems and&lt;br/&gt;symplectic maps. Among the problems we plan to pursue are estimates for the escape time in Mather's problem on the unbounded growth of energy for a time periodic perturbation of a geodesic flow, constructing of almost collision chaotic solutions in celestial mechanics, generalization of Mather's barrier method to autonomous Lagrangian systems, investigation of secondary homoclinic orbits for perturbations of integrable symplectic maps and applications to billiard problems, variational methods in the study of multidimensional separatrix maps.&lt;br/&gt;&lt;br/&gt;The ultimate goal of the research is to advance in understanding of the problem of Arnold's diffusion, i.e. slow drift of action variables in Hamiltonian systems that are close to integrable ones. Mather made recently important advances in this problem. This problem is closely related to many astronomical and physical phenomena. The results of the project will be used in the graduate courses on calculus of variations and dynamical systems at the University of Wisconsin-Madison.</AbstractNarration>
    <MinAmdLetterDate>04/18/2003</MinAmdLetterDate>
    <MaxAmdLetterDate>05/10/2007</MaxAmdLetterDate>
    <ARRAAmount/>
    <AwardID>0300319</AwardID>
    <Investigator>
      <FirstName>Sergey</FirstName>
      <LastName>Bolotin</LastName>
      <EmailAddress>bolotin@math.wisc.edu</EmailAddress>
      <StartDate>04/18/2003</StartDate>
      <EndDate/>
      <RoleCode>Principal Investigator</RoleCode>
    </Investigator>
    <Institution>
      <Name>University of Wisconsin-Madison</Name>
      <CityName>MADISON</CityName>
      <ZipCode>537151218</ZipCode>
      <PhoneNumber>6082623822</PhoneNumber>
      <StreetAddress>21 North Park Street</StreetAddress>
      <CountryName>United States</CountryName>
      <StateName>Wisconsin</StateName>
      <StateCode>WI</StateCode>
    </Institution>
    <FoaInformation>
      <Code>0000099</Code>
      <Name>Other Applications NEC</Name>
    </FoaInformation>
  </Award>
</rootTag>
