<?xml version="1.0" encoding="UTF-8"?>

<rootTag>
  <Award>
    <AwardTitle>Studies in Interacting Particle Systems and Statistical Mechanics</AwardTitle>
    <AwardEffectiveDate>08/01/2003</AwardEffectiveDate>
    <AwardExpirationDate>07/31/2009</AwardExpirationDate>
    <AwardAmount>519487</AwardAmount>
    <AwardInstrument>
      <Value>Continuing grant</Value>
    </AwardInstrument>
    <Organization>
      <Code>03040200</Code>
      <Directorate>
        <LongName>Direct For Mathematical &amp; Physical Scien</LongName>
      </Directorate>
      <Division>
        <LongName>Division Of Mathematical Sciences</LongName>
      </Division>
    </Organization>
    <ProgramOfficer>
      <SignBlockName>Tomek Bartoszynski</SignBlockName>
    </ProgramOfficer>
    <AbstractNarration>0300672&lt;br/&gt;Schonmann&lt;br/&gt; Schonmann will work on various projects in the areas of interacting particle systems, statistical mechanics, percolation, and other related subjects in probability theory. The main targets in this research are the ergodic behavior and the relaxation patterns of several interacting particle systems, including Ising models, contact processes and other lattice spin systems. Percolation theory is also a major component of this research, because of its close relations to the processes indicated above and its simplicity, which makes it a paradigm in the study of probabilistic models with many components. Part of the research addresses the study of the above mentioned processes on arbitrary graphs -- an important current trend in the area. Several of the problems have their motivation in phenomena observed in nature as, for example, phase transitions, critical behavior, metastable behavior of systems in the vicinity of phase transition regions and domain formation and growth.&lt;br/&gt; On an informal and broad level one can see the objects of interest in this research in the following fashion. A system contains a large number of similar components and each component interacts in a simple way with a few other ones, which are near to it in some sense. For instance one can think of the atoms in a crystal interacting when they are close enough, or individuals in a large population which may suffer or not from some infection with contamination occurring between neighbors. The local interaction may involve a substantial amount of randomness, but since the system as a whole is large, one expects and indeed observes a much more predictable behavior at the global level. A great deal of interest in such systems stems from the fact that the qualitative behavior of the whole system may depend in non-trivial ways on parameters which are built into the local interactions, but which only affect those in a smooth way (e.g., the rate of infection between neighboring individuals in our second example above). The general issues of interest are then the understanding of which sort of equilibria can be reached by such types of stochastic dynamics, how an equilibrium state is reached, and how the parameters which affect the local rules may affect the answers to these questions.</AbstractNarration>
    <MinAmdLetterDate>04/09/2003</MinAmdLetterDate>
    <MaxAmdLetterDate>04/17/2007</MaxAmdLetterDate>
    <ARRAAmount/>
    <AwardID>0300672</AwardID>
    <Investigator>
      <FirstName>Roberto</FirstName>
      <LastName>Schonmann</LastName>
      <EmailAddress>rhs@math.ucla.edu</EmailAddress>
      <StartDate>04/09/2003</StartDate>
      <EndDate/>
      <RoleCode>Principal Investigator</RoleCode>
    </Investigator>
    <Institution>
      <Name>University of California-Los Angeles</Name>
      <CityName>LOS ANGELES</CityName>
      <ZipCode>900951406</ZipCode>
      <PhoneNumber>3107940102</PhoneNumber>
      <StreetAddress>10889 Wilshire Boulevard</StreetAddress>
      <CountryName>United States</CountryName>
      <StateName>California</StateName>
      <StateCode>CA</StateCode>
    </Institution>
    <FoaInformation>
      <Code>0000099</Code>
      <Name>Other Applications NEC</Name>
    </FoaInformation>
    <ProgramElement>
      <Code>1263</Code>
      <Text>PROBABILITY</Text>
    </ProgramElement>
    <ProgramElement>
      <Code>1287</Code>
      <Text>MATHEMATICAL PHYSICS</Text>
    </ProgramElement>
    <ProgramReference>
      <Code>0000</Code>
      <Text>UNASSIGNED</Text>
    </ProgramReference>
    <ProgramReference>
      <Code>OTHR</Code>
      <Text>OTHER RESEARCH OR EDUCATION</Text>
    </ProgramReference>
  </Award>
</rootTag>
