<?xml version="1.0" encoding="UTF-8"?>

<rootTag>
  <Award>
    <AwardTitle>Development of a Novel Inorganic Dielectric Barrier Layer for Magneto-Resistive Junctions</AwardTitle>
    <AwardEffectiveDate>06/01/2003</AwardEffectiveDate>
    <AwardExpirationDate>05/31/2007</AwardExpirationDate>
    <AwardAmount>400000</AwardAmount>
    <AwardInstrument>
      <Value>Standard Grant</Value>
    </AwardInstrument>
    <Organization>
      <Code>07010000</Code>
      <Directorate>
        <LongName>Directorate For Engineering</LongName>
      </Directorate>
      <Division>
        <LongName>Div Of Electrical, Commun &amp; Cyber Sys</LongName>
      </Division>
    </Organization>
    <ProgramOfficer>
      <SignBlockName>Olufemi Olowolafe</SignBlockName>
    </ProgramOfficer>
    <AbstractNarration>Intellectual Merit: This research involves making and investigating high-resistivity B5C boron carbide as a major, new candidate for the dielectric barrier material in tunnel magnetoresistive devices. Based on their unique experience of making and using B5C in a variety of semiconductor applications, with chosen bandgaps from 0.9 to 2.7 eV, the investigators will use this material to help understand the fundamental properties of magnet/barrier interfaces that are highly important in magnetoelectronics and, specifically, spin electronics (spintronics) - one of the most promising future paths in electronics.&lt;br/&gt;&lt;br/&gt;The research team will use their abilities in spin-resolved photoemission to provide information on the surface electronic states and, since the dielectric film comprises such light atoms, to gain access to the important buried magnet/boron carbide interface. High-resolution electron microscopy and spectroscopy techniques will provide structural, dielectric, and bonding information on the B5C polytypes. Investigations of photoconductivity under applied magnetic fields will be used to gain better understanding of the influence of local impurity states in the barrier on magnetoresistance properties. Control of the orientation and polarization of the incident light will help identify these states and provide initial data for correlation with photoemission. Magnetic impurity atoms will be incorporated during dielectric growth in order to provide additional control of barrier states and so of magnetoresistance. Since initial results on chromium oxide junctions showed it is possible to modify the magnetic state of an island in the junctions by changing the polarity of the applied electric current, magnetic inclusions will also be incorporated in the barrier in order to test new ideas of spin transfer in non-oxide magnetic junctions.&lt;br/&gt;&lt;br/&gt;Broad Impacts: This project will train graduate and undergraduate students, particularly from underrepresented groups, in sophisticated experimental techniques and provide them with opportunities to communicate their results to peers, scientists and engineers in top journals and at major professional and industrial meetings. The research will allow the team to improve its capabilities for making boron carbide-based materials and devices, which have many applications, including neutron detection as two of the team recently demonstrated. Making magnetic sensors, or particle detectors, has become increasingly important for ensuring the security of our nation, and will continue to motivate the students on the team, and their peers. Opportunities will be sought to encourage understanding of the results, and their societal benefits, by people in business and industry, including through technology transfer, and by the general public, legislators and school students.&lt;br/&gt;&lt;br/&gt;The research will provide access to fundamental understanding of the physics of magnet/barrier interfaces and to practical technology for applying this understanding to spintronics. The additional device properties accessible by incorporating metallic inclusions in the barrier are expected to spur new magnetic memory applications.&lt;br/&gt;&lt;br/&gt;Most importantly, the research on boron carbide dielectric barriers is expected to provide a means of avoiding the serious reduction in the ferromagnet surface states caused by oxide dielectric barriers and therefore of avoiding a major problem for the development of spintronics. The research may therefore provide the basis for a key enabling technology for spintronics.</AbstractNarration>
    <MinAmdLetterDate>05/08/2003</MinAmdLetterDate>
    <MaxAmdLetterDate>06/19/2006</MaxAmdLetterDate>
    <ARRAAmount/>
    <AwardID>0300018</AwardID>
    <Investigator>
      <FirstName>Peter</FirstName>
      <LastName>Dowben</LastName>
      <EmailAddress>pdowben@unl.edu</EmailAddress>
      <StartDate>05/08/2003</StartDate>
      <EndDate/>
      <RoleCode>Co-Principal Investigator</RoleCode>
    </Investigator>
    <Investigator>
      <FirstName>Bernard</FirstName>
      <LastName>Doudin</LastName>
      <EmailAddress>bdoudin1@unl.edu</EmailAddress>
      <StartDate>05/08/2003</StartDate>
      <EndDate/>
      <RoleCode>Co-Principal Investigator</RoleCode>
    </Investigator>
    <Investigator>
      <FirstName>Brian</FirstName>
      <LastName>Robertson</LastName>
      <EmailAddress>brobertson@unl.edu</EmailAddress>
      <StartDate>05/08/2003</StartDate>
      <EndDate/>
      <RoleCode>Principal Investigator</RoleCode>
    </Investigator>
    <Institution>
      <Name>University of Nebraska-Lincoln</Name>
      <CityName>Lincoln</CityName>
      <ZipCode>685031435</ZipCode>
      <PhoneNumber>4024723171</PhoneNumber>
      <StreetAddress>151 Prem S. Paul Research Center</StreetAddress>
      <CountryName>United States</CountryName>
      <StateName>Nebraska</StateName>
      <StateCode>NE</StateCode>
    </Institution>
    <FoaInformation>
      <Code>0206000</Code>
      <Name>Telecommunications</Name>
    </FoaInformation>
    <ProgramElement>
      <Code>1517</Code>
      <Text>ELECT, PHOTONICS, &amp; MAG DEVICE</Text>
    </ProgramElement>
    <ProgramElement>
      <Code>9150</Code>
      <Text>EXP PROG TO STIM COMP RES</Text>
    </ProgramElement>
    <ProgramReference>
      <Code>0000</Code>
      <Text>UNASSIGNED</Text>
    </ProgramReference>
    <ProgramReference>
      <Code>9145</Code>
      <Text>SPECIAL PROGRAMS-RESERVE</Text>
    </ProgramReference>
    <ProgramReference>
      <Code>9150</Code>
      <Text>EXP PROG TO STIM COMP RES</Text>
    </ProgramReference>
    <ProgramReference>
      <Code>OTHR</Code>
      <Text>OTHER RESEARCH OR EDUCATION</Text>
    </ProgramReference>
  </Award>
</rootTag>
