<?xml version="1.0" encoding="UTF-8"?>

<rootTag>
  <Award>
    <AwardTitle>Development of a Common Modeling Framework for The Sensitivity Analysis, Optimal Dispatch, and Control Design of Multiple FACTS Devices</AwardTitle>
    <AwardEffectiveDate>04/15/2003</AwardEffectiveDate>
    <AwardExpirationDate>03/31/2007</AwardExpirationDate>
    <AwardAmount>216000</AwardAmount>
    <AwardInstrument>
      <Value>Continuing grant</Value>
    </AwardInstrument>
    <Organization>
      <Code>07010000</Code>
      <Directorate>
        <LongName>Directorate For Engineering</LongName>
      </Directorate>
      <Division>
        <LongName>Div Of Electrical, Commun &amp; Cyber Sys</LongName>
      </Division>
    </Organization>
    <ProgramOfficer>
      <SignBlockName>Dagmar Niebur</SignBlockName>
    </ProgramOfficer>
    <AbstractNarration>Flexible AC Transmission System (FACTS) Controllers are useful in improving power system reliability and relieving congestions in power systems, which are particularly important in deregulated electricity markets using locational marginal prices and thus are of national interest. The proposal addresses the development of a common modeling framework suitable for implementing both thyristor-controlled and voltage-sourced converter (VSC) based FACTS Controllers. This common power system model will have the ability to include injected series voltage sources, which can circulate active power with other injected voltage sources, thus expanding the capability of power system models. In this framework, network sensitivities can be readily computed and be used to evaluate the effectiveness of FACTS Controllers for steady-state power transfer and voltage support, and transient power and voltage swings. The proposed research will develop the FACTS Controller models and the sensitivity computation tools. The models and tools will be used in determining the optimal FACTS Controller dispatch for a given power transfer condition, as well as evaluating the maximum transfer capability over a congested transfer path. In interarea-mode damping control design, they will be used in computing the controllability of a FACTS Controller; the observabilities of potential input signals for the controller, and the inner-loop gain limitations of the individual input signals. In addition, the use of the common FACTS Controller model in state estimation will be investigated.</AbstractNarration>
    <MinAmdLetterDate>04/09/2003</MinAmdLetterDate>
    <MaxAmdLetterDate>03/31/2005</MaxAmdLetterDate>
    <ARRAAmount/>
    <AwardID>0300025</AwardID>
    <Investigator>
      <FirstName>Joe</FirstName>
      <LastName>Chow</LastName>
      <EmailAddress>chowj@rpi.edu</EmailAddress>
      <StartDate>04/09/2003</StartDate>
      <EndDate/>
      <RoleCode>Principal Investigator</RoleCode>
    </Investigator>
    <Institution>
      <Name>Rensselaer Polytechnic Institute</Name>
      <CityName>Troy</CityName>
      <ZipCode>121803522</ZipCode>
      <PhoneNumber>5182766000</PhoneNumber>
      <StreetAddress>110 8TH ST</StreetAddress>
      <CountryName>United States</CountryName>
      <StateName>New York</StateName>
      <StateCode>NY</StateCode>
    </Institution>
    <FoaInformation>
      <Code>0306000</Code>
      <Name>Energy Research &amp; Resources</Name>
    </FoaInformation>
  </Award>
</rootTag>
