<?xml version="1.0" encoding="UTF-8"?>

<rootTag>
  <Award>
    <AwardTitle>A Statistical Learning Framework for Investigating Scalability and Performance of Measurement-based Network Monitoring</AwardTitle>
    <AwardEffectiveDate>05/01/2003</AwardEffectiveDate>
    <AwardExpirationDate>04/30/2006</AwardExpirationDate>
    <AwardAmount>270000</AwardAmount>
    <AwardInstrument>
      <Value>Continuing grant</Value>
    </AwardInstrument>
    <Organization>
      <Code>07010000</Code>
      <Directorate>
        <LongName>Directorate For Engineering</LongName>
      </Directorate>
      <Division>
        <LongName>Div Of Electrical, Commun &amp; Cyber Sys</LongName>
      </Division>
    </Organization>
    <ProgramOfficer>
      <SignBlockName>Paul Werbos</SignBlockName>
    </ProgramOfficer>
    <AbstractNarration>Measurement-based network monitoring and surveillance is an important area for providing reliability and security to IP network infrastructure. A challenge is how to develop scalable monitoring approaches.&lt;br/&gt;&lt;br/&gt;This Project will investigate the scalability and performance of measurement-based network monitoring. At the high level scalability relates to the growth rate of monitoring resource with respect to the size of a network. The performance characterizes the accuracy of network monitoring. The scalability and performance together impact the feasibility of such approaches to large networks.&lt;br/&gt;&lt;br/&gt;The PI will use a statistical learning framework to investigate the issues of scalability and performance. She will formally define and analyze scalability, and provide understanding on when and why scalability may be achieved. She will then investigate the trade-off between scalability and performance, and provide guidelines for developing good measurement-based approaches for large networks.&lt;br/&gt;&lt;br/&gt;Although there have been many efforts to develop measurement-based methods for network monitoring, the scalability and performance issues have been investigated little. Meanwhile, though statistical learning theory has been applied to many areas, it has not been widely used in measurement-based network monitoring. The proposed investigation hopes to benefit measurement-based network monitoring, and to enrich the statistical learning theory also. This research will be done in Collaboration with Anwar Elwalid at Bell-Labs Lucent Technologies.</AbstractNarration>
    <MinAmdLetterDate>04/29/2003</MinAmdLetterDate>
    <MaxAmdLetterDate>05/09/2005</MaxAmdLetterDate>
    <ARRAAmount/>
    <AwardID>0300605</AwardID>
    <Investigator>
      <FirstName>Chuanyi</FirstName>
      <LastName>Ji</LastName>
      <EmailAddress>jichuanyi@gatech.edu</EmailAddress>
      <StartDate>04/29/2003</StartDate>
      <EndDate/>
      <RoleCode>Principal Investigator</RoleCode>
    </Investigator>
    <Institution>
      <Name>Georgia Tech Research Corporation</Name>
      <CityName>Atlanta</CityName>
      <ZipCode>303320420</ZipCode>
      <PhoneNumber>4048944819</PhoneNumber>
      <StreetAddress>Office of Sponsored Programs</StreetAddress>
      <CountryName>United States</CountryName>
      <StateName>Georgia</StateName>
      <StateCode>GA</StateCode>
    </Institution>
    <FoaInformation>
      <Code>0510403</Code>
      <Name>Engineering &amp; Computer Science</Name>
    </FoaInformation>
  </Award>
</rootTag>
