<?xml version="1.0" encoding="UTF-8"?>

<rootTag>
  <Award>
    <AwardTitle>Investigation of the Deformation, Fatigue and Fracture Properties of Amorphous Diamond-like Carbon Films</AwardTitle>
    <AwardEffectiveDate>05/01/2003</AwardEffectiveDate>
    <AwardExpirationDate>04/30/2005</AwardExpirationDate>
    <AwardAmount>270487</AwardAmount>
    <AwardInstrument>
      <Value>Standard Grant</Value>
    </AwardInstrument>
    <Organization>
      <Code>07030000</Code>
      <Directorate>
        <LongName>Directorate For Engineering</LongName>
      </Directorate>
      <Division>
        <LongName>Div Of Civil, Mechanical, &amp; Manufact Inn</LongName>
      </Division>
    </Organization>
    <ProgramOfficer>
      <SignBlockName>Yip-Wah Chung</SignBlockName>
    </ProgramOfficer>
    <AbstractNarration>Investigation of the Deformation, Fatigue, and Fracture Properties of Tetrahedral Amorphous Diamond-Like Carbon (ta-C) Films&lt;br/&gt;&lt;br/&gt;Ioannis Chasiotis&lt;br/&gt;University of Virginia&lt;br/&gt;&lt;br/&gt;ABSTRACT&lt;br/&gt;Tetrahedral amorphous diamond-like carbon (ta-C) films are characterized by extreme strength, modulus, durability, inertness to chemical agents, and low friction. These special properties may enable the fabrication of durable and reliable MEMS and NEMS devices. This award will help to establish the connection between microfabrication, material nanostructure, and mechanical properties of freestanding thin (ta-C) films. The focus of this research is on the effects of fabrication parameters, post fabrication treatment, and sp3/sp2 carbon bonding ratio on the mechanical properties of freestanding ta-C films. The research will be conducted in close collaboration with Sandia National Laboratories who are developing a unique process for the fabrication of robust ta-C MEMS. Measurements will be conducted via electrostatically actuated microdevices as well as externally actuated test structures, currently under development at the PI's laboratory. The local deformations/strains will be predominately measured via Atomic Force Microscopy based methodologies. The investigation is expected to support our understanding of the sub-micron fatigue and fracture phenomena in ta-C films, provide quantitative evidence for the development of composition-based predictive models for material mechanical behavior, and contribute to the optimization of Sandia's current microfabrication process for robust at-C MEMS and NEMS devices. The multidimensional character of this research program will provide interdisciplinary education and training to graduate as well as undergraduate students who will conduct their degree theses in the fields of MEMS, nanomechanical materials characterization, and scanning probe microscopy, and attend the special interdisciplinary courses offered by the PI at the University of Virginia.</AbstractNarration>
    <MinAmdLetterDate>04/11/2003</MinAmdLetterDate>
    <MaxAmdLetterDate>05/26/2004</MaxAmdLetterDate>
    <ARRAAmount/>
    <AwardID>0301584</AwardID>
    <Investigator>
      <FirstName>Ioannis</FirstName>
      <LastName>Chasiotis</LastName>
      <EmailAddress>chasioti@uiuc.edu</EmailAddress>
      <StartDate>04/11/2003</StartDate>
      <EndDate/>
      <RoleCode>Principal Investigator</RoleCode>
    </Investigator>
    <Institution>
      <Name>University of Virginia Main Campus</Name>
      <CityName>CHARLOTTESVILLE</CityName>
      <ZipCode>229044195</ZipCode>
      <PhoneNumber>4349244270</PhoneNumber>
      <StreetAddress>P.O. BOX 400195</StreetAddress>
      <CountryName>United States</CountryName>
      <StateName>Virginia</StateName>
      <StateCode>VA</StateCode>
    </Institution>
    <FoaInformation>
      <Code>0106000</Code>
      <Name>Materials Research</Name>
    </FoaInformation>
    <ProgramElement>
      <Code>1633</Code>
      <Text>MATERIALS AND SURFACE ENG</Text>
    </ProgramElement>
    <ProgramReference>
      <Code>7237</Code>
      <Text>NANO NON-SOLIC SCI &amp; ENG AWD</Text>
    </ProgramReference>
    <ProgramReference>
      <Code>9161</Code>
      <Text>SINGLE DIVISION/UNIVERSITY</Text>
    </ProgramReference>
    <ProgramReference>
      <Code>9251</Code>
      <Text>RES EXPER FOR UNDERGRAD-SUPPLT</Text>
    </ProgramReference>
    <ProgramReference>
      <Code>AMPP</Code>
      <Text>ADVANCED MATERIALS &amp; PROCESSING PROGRAM</Text>
    </ProgramReference>
  </Award>
</rootTag>
