<?xml version="1.0" encoding="UTF-8"?>

<rootTag>
  <Award>
    <AwardTitle>Collaborative Research: Resource and Data Management for Virtualized End-resources in Computational Grids</AwardTitle>
    <AwardEffectiveDate>07/01/2002</AwardEffectiveDate>
    <AwardExpirationDate>08/31/2007</AwardExpirationDate>
    <AwardAmount>523716</AwardAmount>
    <AwardInstrument>
      <Value>Standard Grant</Value>
    </AwardInstrument>
    <Organization>
      <Code>05050000</Code>
      <Directorate>
        <LongName>Direct For Computer &amp; Info Scie &amp; Enginr</LongName>
      </Directorate>
      <Division>
        <LongName>Division Of Computer and Network Systems</LongName>
      </Division>
    </Organization>
    <ProgramOfficer>
      <SignBlockName>Jie Wu</SignBlockName>
    </ProgramOfficer>
    <AbstractNarration>This is a Collaborative Proposal between Northwestern University and University of Florida which addresses the key research challenges associated with management of dynamic Virtual Machines (VM) and interfacing these mechanisms with existing grid middleware techniques. The project will develop novel solutions that will address&lt;br/&gt;- resource management for distributed virtualized end-resources that can be created dynamically,&lt;br/&gt;- image management for the on-demand transfer of data representing the entire state to create a dynamic VM instance, and&lt;br/&gt;- data management for the on-demand transfer of user and application data between decoupled compute and data servers on the grid.&lt;br/&gt;The proposed approach will lead to middleware solutions that will form an information processing foundation for grid computing. The software generated in this project will be sued to implement the next generation of network computing hubs currently being used to support simulation needs in nanotechnology, electronics CAD, computer architecture and parallel programming.&lt;br/&gt;&lt;br/&gt;The project addresses key research challenges to allow the management of dynamic instances of virtual machine middleware and will lead to solutions that will form an information processing foundation for grid computing on virtualized end-resources. In particular, the software generated in this project will be used to implement the next generation of network computing hubs currently being used to support simulation needs in nanotechnology, electronics CAD, computer architecture and parallel programming.</AbstractNarration>
    <MinAmdLetterDate>12/13/2002</MinAmdLetterDate>
    <MaxAmdLetterDate>09/13/2006</MaxAmdLetterDate>
    <ARRAAmount/>
    <AwardID>0301108</AwardID>
    <Investigator>
      <FirstName>Renato</FirstName>
      <LastName>Figueiredo</LastName>
      <EmailAddress>renato@acis.ufl.edu</EmailAddress>
      <StartDate>12/13/2002</StartDate>
      <EndDate/>
      <RoleCode>Principal Investigator</RoleCode>
    </Investigator>
    <Institution>
      <Name>University of Florida</Name>
      <CityName>GAINESVILLE</CityName>
      <ZipCode>326112002</ZipCode>
      <PhoneNumber>3523923516</PhoneNumber>
      <StreetAddress>1 UNIVERSITY OF FLORIDA</StreetAddress>
      <CountryName>United States</CountryName>
      <StateName>Florida</StateName>
      <StateCode>FL</StateCode>
    </Institution>
  </Award>
</rootTag>
