<?xml version="1.0" encoding="UTF-8"?>

<rootTag>
  <Award>
    <AwardTitle>Postdoctoral Research Fellowship in Microbial Biology for FY 2003</AwardTitle>
    <AwardEffectiveDate>09/01/2003</AwardEffectiveDate>
    <AwardExpirationDate>08/31/2006</AwardExpirationDate>
    <AwardAmount>150000</AwardAmount>
    <AwardInstrument>
      <Value>Fellowship</Value>
    </AwardInstrument>
    <Organization>
      <Code>08080308</Code>
      <Directorate>
        <LongName>Direct For Biological Sciences</LongName>
      </Directorate>
      <Division>
        <LongName>Div Of Biological Infrastructure</LongName>
      </Division>
    </Organization>
    <ProgramOfficer>
      <SignBlockName>Carter Kimsey</SignBlockName>
    </ProgramOfficer>
    <AbstractNarration>This action funds an NSF Postdoctoral Fellowship in Microbial Biology for FY2003. The fellowship supports training and research on the basic biology of protozoan, microalgal, fungal, archaeal, bacterial and viral species that are not generally considered to be model organisms. Further, it provides opportunities for recent doctoral recipients to obtain additional training in microbial biology, to gain research experience under the sponsorship of established scientists, and to broaden his/her scientific horizons beyond the research experiences during the undergraduate and graduate training. These fellowships are further designed to assist new scientists to direct their research efforts across traditional disciplinary lines and to avail themselves of unique research resources, sites, and facilities, including foreign locations. &lt;br/&gt;&lt;br/&gt;The research and training plan is entitled "The role of secreted proteins in the virulence of an apoplast-colonizing plant pathogenic fungus." Septoria lycopersici is a pathogenic fungus of tomato that relies on the secretion of molecules into the space between plant cells (the apoplast) to cause disease. The secreted proteins of S. lycopersici are being identified and characterized with the goal of determining their role in pathogenesis.</AbstractNarration>
    <MinAmdLetterDate>06/10/2003</MinAmdLetterDate>
    <MaxAmdLetterDate>06/10/2003</MaxAmdLetterDate>
    <ARRAAmount/>
    <AwardID>0301333</AwardID>
    <Investigator>
      <FirstName>Julie</FirstName>
      <LastName>Zwiesler-Vollick</LastName>
      <EmailAddress/>
      <StartDate>06/10/2003</StartDate>
      <EndDate/>
      <RoleCode>Principal Investigator</RoleCode>
    </Investigator>
    <Institution>
      <Name>Zwiesler-Vollick Julie L</Name>
      <CityName>East Lansing</CityName>
      <ZipCode>488241312</ZipCode>
      <PhoneNumber></PhoneNumber>
      <StreetAddress></StreetAddress>
      <CountryName>United States</CountryName>
      <StateName>Michigan</StateName>
      <StateCode>MI</StateCode>
    </Institution>
  </Award>
</rootTag>
