<?xml version="1.0" encoding="UTF-8"?>

<rootTag>
  <Award>
    <AwardTitle>NER: Exploring a Nanoscale Amorphous Silicon Thin Film Transistor</AwardTitle>
    <AwardEffectiveDate>08/01/2003</AwardEffectiveDate>
    <AwardExpirationDate>07/31/2004</AwardExpirationDate>
    <AwardAmount>80000</AwardAmount>
    <AwardInstrument>
      <Value>Standard Grant</Value>
    </AwardInstrument>
    <Organization>
      <Code>07010000</Code>
      <Directorate>
        <LongName>Directorate For Engineering</LongName>
      </Directorate>
      <Division>
        <LongName>Div Of Electrical, Commun &amp; Cyber Sys</LongName>
      </Division>
    </Organization>
    <ProgramOfficer>
      <SignBlockName>Rajinder P. Khosla</SignBlockName>
    </ProgramOfficer>
    <AbstractNarration>The goal of this proposal is to explore a nanoscale amorphous silicon (a-Si:H) thin film transistor (TFT) prepared at a temperature of 250C or below. The success of this kind of device is critical to many future electronic, optoelectronic, biomedical devices, and circuits. We propose to investigate the feasibility of constructing such a functional TFT and to study its device characteristics.&lt;br/&gt;&lt;br/&gt;Currently, an a-Si:H TFT is mainly used for low-speed applications, such as in displays, imagers, and sensors, because of its low field-effect mobility. However, the cut off frequency of the transistor is inversely proportional to the square of the channel length. Therefore, the operation frequency of a nanoscale a-Si:H TFT, e.g., channel length less than 0.2 micrometer, can easily be higher than 1 MHz, which opens many new and advanced applications. We will investigate the feasibility of fabricating the nanoscale a-Si:H TFT. The TFT will have a self-aligned n + structure that is formed by the selective deposition or plasma doping method. The complete TFT will be characterized with respect to variations of the a-Si:H layer thickness and deposition processes. All experiments and electrical characterizations will be done in the principal investigators (PIs) Thin Film Microelectronics Research Laboratory, which is equipped with state-of-the-art instruments and facility.&lt;br/&gt;&lt;br/&gt;This is a multi-disciplinary research project. Graduate and undergraduate students of under-represented groups will be actively recruited to participate in the project. Students will obtain working knowledge and experience of nanoscale transistor fabrication, device characterization, and nano thickness thin film materials and analysis.</AbstractNarration>
    <MinAmdLetterDate>08/13/2003</MinAmdLetterDate>
    <MaxAmdLetterDate>08/13/2003</MaxAmdLetterDate>
    <ARRAAmount/>
    <AwardID>0301960</AwardID>
    <Investigator>
      <FirstName>Yue</FirstName>
      <LastName>Kuo</LastName>
      <EmailAddress>yuekuo@tamu.edu</EmailAddress>
      <StartDate>08/13/2003</StartDate>
      <EndDate/>
      <RoleCode>Principal Investigator</RoleCode>
    </Investigator>
    <Institution>
      <Name>Texas A&amp;M Engineering Experiment Station</Name>
      <CityName>College Station</CityName>
      <ZipCode>778454645</ZipCode>
      <PhoneNumber>9798477635</PhoneNumber>
      <StreetAddress>TEES State Headquarters Bldg.</StreetAddress>
      <CountryName>United States</CountryName>
      <StateName>Texas</StateName>
      <StateCode>TX</StateCode>
    </Institution>
    <FoaInformation>
      <Code>0206000</Code>
      <Name>Telecommunications</Name>
    </FoaInformation>
    <ProgramElement>
      <Code>1517</Code>
      <Text>ELECT, PHOTONICS, &amp; MAG DEVICE</Text>
    </ProgramElement>
    <ProgramReference>
      <Code>0000</Code>
      <Text>UNASSIGNED</Text>
    </ProgramReference>
    <ProgramReference>
      <Code>1676</Code>
      <Text>NANOSCALE: EXPLORATORY RSRCH</Text>
    </ProgramReference>
    <ProgramReference>
      <Code>OTHR</Code>
      <Text>OTHER RESEARCH OR EDUCATION</Text>
    </ProgramReference>
  </Award>
</rootTag>
