<?xml version="1.0" encoding="UTF-8"?>

<rootTag>
  <Award>
    <AwardTitle>International Research Fellowship Program: Defining Functional Groups Among French Guianan Rain Forest Trees Using Phylogenetically-independent Contrasts</AwardTitle>
    <AwardEffectiveDate>06/01/2003</AwardEffectiveDate>
    <AwardExpirationDate>08/31/2006</AwardExpirationDate>
    <AwardAmount>104700</AwardAmount>
    <AwardInstrument>
      <Value>Fellowship</Value>
    </AwardInstrument>
    <Organization>
      <Code>01090000</Code>
      <Directorate>
        <LongName>Office Of The Director</LongName>
      </Directorate>
      <Division>
        <LongName>Office Of Internatl Science &amp;Engineering</LongName>
      </Division>
    </Organization>
    <ProgramOfficer>
      <SignBlockName>Francis J. Wodarczyk</SignBlockName>
    </ProgramOfficer>
    <AbstractNarration>0301937&lt;br/&gt;Baraloto&lt;br/&gt;&lt;br/&gt;The International Research Fellowship Program enables U.S. scientists and engineers to conduct three to twenty-four months of research abroad. The program's awards provide opportunities for joint research, and the use of unique or complementary facilities, expertise and experimental conditions abroad.&lt;br/&gt;&lt;br/&gt;This award will support a twenty-four month research fellowship by Dr. Christopher Baraloto to work with Dr. Damien Bonal at the Institut National de la Recherche Agronomique in Kourou, French Guiana.&lt;br/&gt;&lt;br/&gt;This project will join a community ecologist (the PI) with an experienced tropical forest ecophysiologist in French Guiana (the host) to examine seedling functional morphology within and among five genera of tropical rain forest trees. The project involves two components: a trait screening manipulation to examine associations between seedling ecological and ecophysiological traits; and a demographic survey of the local taxa to examine associations between functional morphology and seedling recruitment. The project represents two major contributions to the study of tropical forests. First, it is one of the first approaches to incorporate phylogenetic relationships into the study of tropical tree functional ecology. Second, the project is one of the first to link data from controlled experiments of ecophysiological parameters with performance under field conditions. These strengths represent the potential for a major advancement in tropical forest ecology.&lt;br/&gt;&lt;br/&gt;Dr. Bonal has been conducting similar trait screening in French Guiana for more than five years, and this project will build on this research.</AbstractNarration>
    <MinAmdLetterDate>05/30/2003</MinAmdLetterDate>
    <MaxAmdLetterDate>06/15/2005</MaxAmdLetterDate>
    <ARRAAmount/>
    <AwardID>0301937</AwardID>
    <Investigator>
      <FirstName>Christopher</FirstName>
      <LastName>Baraloto</LastName>
      <EmailAddress/>
      <StartDate>05/30/2003</StartDate>
      <EndDate/>
      <RoleCode>Principal Investigator</RoleCode>
    </Investigator>
    <Institution>
      <Name>Baraloto Christopher J</Name>
      <CityName>Berlin</CityName>
      <ZipCode>218113407</ZipCode>
      <PhoneNumber/>
      <StreetAddress/>
      <CountryName>United States</CountryName>
      <StateName>Maryland</StateName>
      <StateCode>MD</StateCode>
    </Institution>
    <FoaInformation>
      <Code>0510602</Code>
      <Name>Ecosystem Dynamics</Name>
    </FoaInformation>
  </Award>
</rootTag>
