<?xml version="1.0" encoding="UTF-8"?>

<rootTag>
  <Award>
    <AwardTitle>Switched-Angle NMR of Oriented Membrane Proteins</AwardTitle>
    <AwardEffectiveDate>07/01/2003</AwardEffectiveDate>
    <AwardExpirationDate>06/30/2005</AwardExpirationDate>
    <AwardAmount>134576</AwardAmount>
    <AwardInstrument>
      <Value>Fellowship</Value>
    </AwardInstrument>
    <Organization>
      <Code>03090007</Code>
      <Directorate>
        <LongName>Direct For Mathematical &amp; Physical Scien</LongName>
      </Directorate>
      <Division>
        <LongName>Division Of Chemistry</LongName>
      </Division>
    </Organization>
    <ProgramOfficer>
      <SignBlockName>Charles D. Pibel</SignBlockName>
    </ProgramOfficer>
    <AbstractNarration>The MPS Distinguished International Postdoctoral Fellowship Program (MPS-DRF) enables U.S. scientists to conduct research abroad. This allows the awardees the opportunity for collaborative research benefiting from expertise, facilities and interactions in a non-U.S. institution.&lt;br/&gt;&lt;br/&gt;This award will support a 24-month research fellowship for Dr. Megan M. Spence to work with Prof. Dr. Beat H. Meier and his group at the Laboratorium fur Physikalische Chemie, Eidgenossische Technische Hochschule Zurich (Swiss Federal Institute of Technology Zurich).&lt;br/&gt;&lt;br/&gt;The proposed study will investigate the structure of membrane associated proteins using solid-state nuclear magnetic resonance spectroscopy (NMR). Switched-angle spinning, a solid-state NMR technique, will be employed to determine the structure of a prototype bicelle-associated polypeptide as a proof of principle experiment.&lt;br/&gt;&lt;br/&gt;Prof. Dr. Beat Meyer is a leading authority in the field of solid-state NMR. His laboratory has developed procedures to use bicelles under spinning techniques. This will assist Dr. Spencer to effectively carry out the proposed work.</AbstractNarration>
    <MinAmdLetterDate>07/02/2003</MinAmdLetterDate>
    <MaxAmdLetterDate>07/02/2003</MaxAmdLetterDate>
    <ARRAAmount/>
    <AwardID>0301447</AwardID>
    <Investigator>
      <FirstName>Megan</FirstName>
      <LastName>Spence</LastName>
      <EmailAddress/>
      <StartDate>07/02/2003</StartDate>
      <EndDate/>
      <RoleCode>Principal Investigator</RoleCode>
    </Investigator>
    <Institution>
      <Name>Spence, Megan M</Name>
      <CityName>8093 Zuerich</CityName>
      <ZipCode></ZipCode>
      <PhoneNumber></PhoneNumber>
      <StreetAddress></StreetAddress>
      <CountryName>Switzerland</CountryName>
      <StateName/>
      <StateCode></StateCode>
    </Institution>
  </Award>
</rootTag>
