<?xml version="1.0" encoding="UTF-8"?>

<rootTag>
  <Award>
    <AwardTitle>A Workshop Exploring the Role of the Mathematical and Physical Sciences in Support of Basic Research Needs of the U.S. Intelligence Community</AwardTitle>
    <AwardEffectiveDate>12/01/2002</AwardEffectiveDate>
    <AwardExpirationDate>11/30/2003</AwardExpirationDate>
    <AwardAmount>62289</AwardAmount>
    <AwardInstrument>
      <Value>Standard Grant</Value>
    </AwardInstrument>
    <Organization>
      <Code>03000000</Code>
      <Directorate>
        <LongName>Direct For Mathematical &amp; Physical Scien</LongName>
      </Directorate>
      <Division>
        <LongName>Direct For Mathematical &amp; Physical Scien</LongName>
      </Division>
    </Organization>
    <ProgramOfficer>
      <SignBlockName>Henry N. Blount, III</SignBlockName>
    </ProgramOfficer>
    <AbstractNarration>This award supports, in part, a workshop jointly sponsored by the Mathematical and Physical Sciences Directorate of the National Science Foundation and the U.S. Intelligence Community that is designed to identify basic scientific opportunities that will significantly impact key technologies required for the U.S. to deal effectively with future terrorist threats. This workshop will involve mathematical and physical scientists from academia, industry, and government laboratories, and will be held over a two and one-half day period. Participants are being identified according to expertise in the five research focus areas of (1) energy sources, (2) sensors and detectors, (3) image reconstruction and analysis, (4) optical spectroscopies, and (5) mathematical techniques. The outcome of this workshop is expected to be a report detailing the opportunities for scientific research that can positively impact on intelligence technology capabilities necessary for the detection and deterrence of future threats to national security both at home and abroad, along with a suggested timeline for their development. &lt;br/&gt;&lt;br/&gt;The broader impacts of the proposed activity are twofold. Firstly, a list of key opportunities for scientific research and technology development to enhance the capabilities of the U.S. Intelligence Community will result, and secondly, a cadre of mathematical and physical scientists well informed in the current challenges and needs of the U.S Intelligence Community will be developed. Both impacts are critical for the U.S. Intelligence Community to maintain the technological capability required for ensuring the nation's security.</AbstractNarration>
    <MinAmdLetterDate>12/06/2002</MinAmdLetterDate>
    <MaxAmdLetterDate>12/06/2002</MaxAmdLetterDate>
    <ARRAAmount/>
    <AwardID>0301254</AwardID>
    <Investigator>
      <FirstName>Jeanne</FirstName>
      <LastName>Pemberton</LastName>
      <EmailAddress>pembertn@u.arizona.edu</EmailAddress>
      <StartDate>12/06/2002</StartDate>
      <EndDate/>
      <RoleCode>Principal Investigator</RoleCode>
    </Investigator>
    <Institution>
      <Name>University of Arizona</Name>
      <CityName>Tucson</CityName>
      <ZipCode>857194824</ZipCode>
      <PhoneNumber>5206266000</PhoneNumber>
      <StreetAddress>888 N Euclid Ave</StreetAddress>
      <CountryName>United States</CountryName>
      <StateName>Arizona</StateName>
      <StateCode>AZ</StateCode>
    </Institution>
    <ProgramElement>
      <Code>1253</Code>
      <Text>OFFICE OF MULTIDISCIPLINARY AC</Text>
    </ProgramElement>
    <ProgramReference>
      <Code>0000</Code>
      <Text>UNASSIGNED</Text>
    </ProgramReference>
    <ProgramReference>
      <Code>OTHR</Code>
      <Text>OTHER RESEARCH OR EDUCATION</Text>
    </ProgramReference>
  </Award>
</rootTag>
