<?xml version="1.0" encoding="UTF-8"?>

<rootTag>
  <Award>
    <AwardTitle>Support for the Third Joint Meeting of the US Sections of the Combustion Institute</AwardTitle>
    <AwardEffectiveDate>02/01/2003</AwardEffectiveDate>
    <AwardExpirationDate>06/30/2004</AwardExpirationDate>
    <AwardAmount>24050</AwardAmount>
    <AwardInstrument>
      <Value>Standard Grant</Value>
    </AwardInstrument>
    <Organization>
      <Code>07020000</Code>
      <Directorate>
        <LongName>Directorate For Engineering</LongName>
      </Directorate>
      <Division>
        <LongName>Div Of Chem, Bioeng, Env, &amp; Transp Sys</LongName>
      </Division>
    </Organization>
    <ProgramOfficer>
      <SignBlockName>Phillip R. Westmoreland</SignBlockName>
    </ProgramOfficer>
    <AbstractNarration>Broader Impacts&lt;br/&gt;&lt;br/&gt;Partial support is provided for the Third Joint Meeting of the U.S. Sections of the Combustion Institute to be held in Chicago, IL on March 16-19, 2003. Funds will subsidize the attendance of graduate students and young researchers, provide for distribution of the proceedings on compact disc, and for rental of audio-visual equipment.</AbstractNarration>
    <MinAmdLetterDate>01/21/2003</MinAmdLetterDate>
    <MaxAmdLetterDate>01/21/2003</MaxAmdLetterDate>
    <ARRAAmount/>
    <AwardID>0301924</AwardID>
    <Investigator>
      <FirstName>Suresh</FirstName>
      <LastName>Aggarwal</LastName>
      <EmailAddress>ska@uic.edu</EmailAddress>
      <StartDate>01/21/2003</StartDate>
      <EndDate/>
      <RoleCode>Principal Investigator</RoleCode>
    </Investigator>
    <Institution>
      <Name>University of Illinois at Chicago</Name>
      <CityName>Chicago</CityName>
      <ZipCode>606124305</ZipCode>
      <PhoneNumber>3129962862</PhoneNumber>
      <StreetAddress>809 S MARSHFIELD</StreetAddress>
      <CountryName>United States</CountryName>
      <StateName>Illinois</StateName>
      <StateCode>IL</StateCode>
    </Institution>
    <FoaInformation>
      <Code>0308000</Code>
      <Name>Industrial Technology</Name>
    </FoaInformation>
    <ProgramElement>
      <Code>1407</Code>
      <Text>COMBUSTION, FIRE, &amp; PLASMA SYS</Text>
    </ProgramElement>
    <ProgramReference>
      <Code>9179</Code>
      <Text>GRADUATE INVOLVEMENT</Text>
    </ProgramReference>
    <ProgramReference>
      <Code>SMET</Code>
      <Text>SCIENCE, MATH, ENG &amp; TECH EDUCATION</Text>
    </ProgramReference>
  </Award>
</rootTag>
