<?xml version="1.0" encoding="UTF-8"?>

<rootTag>
  <Award>
    <AwardTitle>International Research Fellowship Program: Diverse Roles of NMDA Receptor Subunits in Synaptic Function</AwardTitle>
    <AwardEffectiveDate>09/01/2003</AwardEffectiveDate>
    <AwardExpirationDate>08/31/2005</AwardExpirationDate>
    <AwardAmount>121100</AwardAmount>
    <AwardInstrument>
      <Value>Fellowship</Value>
    </AwardInstrument>
    <Organization>
      <Code>01090000</Code>
      <Directorate>
        <LongName>Office Of The Director</LongName>
      </Directorate>
      <Division>
        <LongName>Office Of Internatl Science &amp;Engineering</LongName>
      </Division>
    </Organization>
    <ProgramOfficer>
      <SignBlockName>John Tsapogas</SignBlockName>
    </ProgramOfficer>
    <AbstractNarration>0301047&lt;br/&gt;Leszkiewicz&lt;br/&gt;&lt;br/&gt;The International Research Fellowship Program enables U.S. scientists and engineers to conduct three to twenty-four months of research abroad. The program's awards provide opportunities for joint research, and the use of unique or complementary facilities, expertise and experimental conditions abroad.&lt;br/&gt;&lt;br/&gt;This award will support a twenty-four month research fellowship by Dr. Daniel N. Leszkiewicz to work with Dr. Stuart Cull-Candy at University College London in the United Kingdom.&lt;br/&gt;&lt;br/&gt;The NMDA receptor is a subtype of glutamate receptor which is an ion channel closely involved in synaptic processes associated with learning and memory. The goal of this project is to study the role of NMDA receptors in synaptic transmission by examining the subunit composition of these receptors and how they shape synaptic responses in the cerebellum. Specifically, NR1 and NR2 subunits will be characterized with regard to their biophysical and modulatory influences on synaptic transmission. A successful outcome of these experiment will fill gaps in our knowledge of NR2 subunit heterogeneity, distribution, kinetic properties, and how these factors play a role in determining NMDA excitatory postsynaptic current (EPSC).</AbstractNarration>
    <MinAmdLetterDate>05/23/2003</MinAmdLetterDate>
    <MaxAmdLetterDate>05/23/2003</MaxAmdLetterDate>
    <ARRAAmount/>
    <AwardID>0301047</AwardID>
    <Investigator>
      <FirstName>Daniel</FirstName>
      <LastName>Leszkiewicz</LastName>
      <EmailAddress/>
      <StartDate>05/23/2003</StartDate>
      <EndDate/>
      <RoleCode>Principal Investigator</RoleCode>
    </Investigator>
    <Institution>
      <Name>Leszkiewicz Daniel N</Name>
      <CityName>Pittsburgh</CityName>
      <ZipCode>152610001</ZipCode>
      <PhoneNumber/>
      <StreetAddress/>
      <CountryName>United States</CountryName>
      <StateName>Pennsylvania</StateName>
      <StateCode>PA</StateCode>
    </Institution>
    <FoaInformation>
      <Code>0203000</Code>
      <Name>Health</Name>
    </FoaInformation>
  </Award>
</rootTag>
