<?xml version="1.0" encoding="UTF-8"?>

<rootTag>
  <Award>
    <AwardTitle>Studies in Labor Economics</AwardTitle>
    <AwardEffectiveDate>09/01/2002</AwardEffectiveDate>
    <AwardExpirationDate>07/31/2006</AwardExpirationDate>
    <AwardAmount>145424</AwardAmount>
    <AwardInstrument>
      <Value>Continuing grant</Value>
    </AwardInstrument>
    <Organization>
      <Code>04050100</Code>
      <Directorate>
        <LongName>Direct For Social, Behav &amp; Economic Scie</LongName>
      </Directorate>
      <Division>
        <LongName>Divn Of Social and Economic Sciences</LongName>
      </Division>
    </Organization>
    <ProgramOfficer>
      <SignBlockName>Daniel H. Newlon</SignBlockName>
    </ProgramOfficer>
    <AbstractNarration>The project examines two important topics in labor economics. The first concerns how annual hours of work are determined, with a special emphasis on the largely unresearched issue of paid and unpaid leave. One objective of the study is to provide a comprehensive empirical analysis of work leave. The Panel Study of Income Dynamics, the Health and Retirement Survey, and other sources are used to provide a basic set of facts about how paid weeks of leave and total weeks of leave vary with wage rates, indicators of hours constraints, weekly work hours, labor market experience, job seniority, union status, supervisory status, firm size, race, gender, and occupation and industry characteristics. The study measures what happens to paid leave when workers change jobs and determines the degree to which leave is a rigid function of firm wide policy or is something that individual employees can bargain over. The broader goal of the project is to improve understanding of the extent to which people can choose between higher compensation and shorter hours and the terms of the tradeoff between them. The analysis will inform policy discussions concerning how the labor market can be modified to better accommodate men and women who are seeking to balance career goals with family obligations. &lt;br/&gt;The second part of the project examines the implications of downward nominal wage rigidity for a broad set of questions in labor economics. There is considerable evidence suggesting that firms are very reluctant to cut nominal wage rates, but there is little research on how barriers to wage cuts influence the personnel decisions of firms. The heart of the study is the development and estimation of a model of the hiring, wage setting, and layoff behavior of a rational, forward looking firm when nominal wages cuts for incumbent workers are too costly to impose. When choosing a wage to fill a vacancy and when setting subsequent wages, such a firm must take account of the fact that the nominal wage chosen today sets a floor on a worker's future wages. In the presence of uncertainty about current and future productivity, paying higher wages to increase hiring rates and retention increases the risk of having to either overpay the worker in a subsequent period or incur the cost of a layoff. The model is estimated and used to revisit a number of important subjects in labor economics where the consequences of nominal wage rigidity have been ignored in previous research. These include studies of the degree to which earnings rise with labor market experience and job seniority, studies of wage dynamics within jobs and across jobs, recent research on employer learning and wage dynamics, studies of statistical discrimination on the basis of race, ethnicity, or sex, and research on the effects of inflation on the distribution of earnings. The study uses data from the Panel Study of Income Dynamics.</AbstractNarration>
    <MinAmdLetterDate>11/12/2002</MinAmdLetterDate>
    <MaxAmdLetterDate>07/03/2003</MaxAmdLetterDate>
    <ARRAAmount/>
    <AwardID>0301142</AwardID>
    <Investigator>
      <FirstName>Joseph</FirstName>
      <LastName>Altonji</LastName>
      <EmailAddress>joseph.altonji@yale.edu</EmailAddress>
      <StartDate>11/12/2002</StartDate>
      <EndDate/>
      <RoleCode>Principal Investigator</RoleCode>
    </Investigator>
    <Institution>
      <Name>Yale University</Name>
      <CityName>New Haven</CityName>
      <ZipCode>065208327</ZipCode>
      <PhoneNumber>2037854689</PhoneNumber>
      <StreetAddress>Office of Sponsored Projects</StreetAddress>
      <CountryName>United States</CountryName>
      <StateName>Connecticut</StateName>
      <StateCode>CT</StateCode>
    </Institution>
  </Award>
</rootTag>
