<?xml version="1.0" encoding="UTF-8"?>

<rootTag>
  <Award>
    <AwardTitle>Switchable, Patternable Biochips Using a Photoactive Polyelectrolyte</AwardTitle>
    <AwardEffectiveDate>05/01/2003</AwardEffectiveDate>
    <AwardExpirationDate>04/30/2005</AwardExpirationDate>
    <AwardAmount>123856</AwardAmount>
    <AwardInstrument>
      <Value>Fellowship</Value>
    </AwardInstrument>
    <Organization>
      <Code>03070007</Code>
      <Directorate>
        <LongName>Direct For Mathematical &amp; Physical Scien</LongName>
      </Directorate>
      <Division>
        <LongName>Division Of Materials Research</LongName>
      </Division>
    </Organization>
    <ProgramOfficer>
      <SignBlockName>Andrew J. Lovinger</SignBlockName>
    </ProgramOfficer>
    <AbstractNarration>This Distinguished Research Fellowship is funded by the Office of Multidisciplinary Activities of the Directorate of Mathematical and Physical Sciences. It will involve research in the laboratories of Professor B. Kasemo of Chalmers University of Technology in Sweden.&lt;br/&gt;&lt;br/&gt;The proposal focuses on a polymer molecule that is designed to change its solubility in water upon the application of a light stimulus. This switchability is used to promote reversible adsorption to a hydrophobic surface layer. The fact that the stimulus is light allows the process to be patterned by lithographic or holographic techniques. To demonstrate the intellectual merit of this project, this proposal outlines a biosensor which can be switched on and off through the use of this molecule. The biosensor will consist of detector molecules that are anchored by the polymer to a lipid bilayer that is supported upon a quartz substrate.</AbstractNarration>
    <MinAmdLetterDate>04/04/2003</MinAmdLetterDate>
    <MaxAmdLetterDate>04/04/2003</MaxAmdLetterDate>
    <ARRAAmount/>
    <AwardID>0301195</AwardID>
    <Investigator>
      <FirstName>Jason</FirstName>
      <LastName>Benkoski</LastName>
      <EmailAddress/>
      <StartDate>04/04/2003</StartDate>
      <EndDate/>
      <RoleCode>Principal Investigator</RoleCode>
    </Investigator>
    <Institution>
      <Name>Benkoski Jason J</Name>
      <CityName>Goleta</CityName>
      <ZipCode>931174908</ZipCode>
      <PhoneNumber/>
      <StreetAddress/>
      <CountryName>United States</CountryName>
      <StateName>California</StateName>
      <StateCode>CA</StateCode>
    </Institution>
    <FoaInformation>
      <Code>0106000</Code>
      <Name>Materials Research</Name>
    </FoaInformation>
  </Award>
</rootTag>
