<?xml version="1.0" encoding="UTF-8"?>

<rootTag>
  <Award>
    <AwardTitle>High-Throughput Gene Expression and Proteomics Instrumentation for Functional Genomics</AwardTitle>
    <AwardEffectiveDate>05/01/2003</AwardEffectiveDate>
    <AwardExpirationDate>12/31/2006</AwardExpirationDate>
    <AwardAmount>319200</AwardAmount>
    <AwardInstrument>
      <Value>Standard Grant</Value>
    </AwardInstrument>
    <Organization>
      <Code>08080200</Code>
      <Directorate>
        <LongName>Direct For Biological Sciences</LongName>
      </Directorate>
      <Division>
        <LongName>Div Of Biological Infrastructure</LongName>
      </Division>
    </Organization>
    <ProgramOfficer>
      <SignBlockName>Helen G. Hansma</SignBlockName>
    </ProgramOfficer>
    <AbstractNarration>This award supports the purchase of three instruments to be used together for functional genomics studies, a new area of biological research focused on discovery and characterization of genes, gene products, and their associated functions. Such studies, which are now well underway for many microbes, plants, and animals, typically require access to high-throughput instrumentation for detailed analysis of DNA, RNA and protein. The instruments to be purchased will be used for high-throughput real-time polymerase chain reaction (PCR) analyses of gene expression, measurement of nucleic acids and proteins using state of the art lab-on-a-chip technology, and identification of new and known proteins through coupled liquid chromatography - mass spectrometry. Research programs expected to take advantage of the equipment include studies of plant-microbe interactions in several plants, epigenetic regulation of gene expression in maize, gene regulation in oats, evolutionary genomics of plant development, and effect of sugars on plant metabolic pathways. The instruments will be located in a central facility that insures instrument access for over 100 research groups, including faculty and students.</AbstractNarration>
    <MinAmdLetterDate>04/30/2003</MinAmdLetterDate>
    <MaxAmdLetterDate>08/17/2006</MaxAmdLetterDate>
    <ARRAAmount/>
    <AwardID>0301761</AwardID>
    <Investigator>
      <FirstName>Ronald</FirstName>
      <LastName>Phillips</LastName>
      <EmailAddress>phill005@umn.edu</EmailAddress>
      <StartDate>04/30/2003</StartDate>
      <EndDate/>
      <RoleCode>Co-Principal Investigator</RoleCode>
    </Investigator>
    <Investigator>
      <FirstName>Kathryn</FirstName>
      <LastName>VandenBosch</LastName>
      <EmailAddress>vande102@umn.edu</EmailAddress>
      <StartDate>04/30/2003</StartDate>
      <EndDate/>
      <RoleCode>Co-Principal Investigator</RoleCode>
    </Investigator>
    <Investigator>
      <FirstName>John</FirstName>
      <LastName>Ward</LastName>
      <EmailAddress>jward@umn.edu</EmailAddress>
      <StartDate>04/30/2003</StartDate>
      <EndDate/>
      <RoleCode>Co-Principal Investigator</RoleCode>
    </Investigator>
    <Investigator>
      <FirstName>Deborah</FirstName>
      <LastName>Samac</LastName>
      <EmailAddress>dasamac@umn.edu</EmailAddress>
      <StartDate>04/30/2003</StartDate>
      <EndDate/>
      <RoleCode>Co-Principal Investigator</RoleCode>
    </Investigator>
    <Investigator>
      <FirstName>Vivek</FirstName>
      <LastName>Kapur</LastName>
      <EmailAddress>vkapur@tc.umn.edu</EmailAddress>
      <StartDate>04/30/2003</StartDate>
      <EndDate/>
      <RoleCode>Principal Investigator</RoleCode>
    </Investigator>
    <Institution>
      <Name>University of Minnesota-Twin Cities</Name>
      <CityName>Minneapolis</CityName>
      <ZipCode>554552070</ZipCode>
      <PhoneNumber>6126245599</PhoneNumber>
      <StreetAddress>200 OAK ST SE</StreetAddress>
      <CountryName>United States</CountryName>
      <StateName>Minnesota</StateName>
      <StateCode>MN</StateCode>
    </Institution>
  </Award>
</rootTag>
