<?xml version="1.0" encoding="UTF-8"?>

<rootTag>
  <Award>
    <AwardTitle>International Research Fellowship Program: Revision of the European Thereva</AwardTitle>
    <AwardEffectiveDate>06/15/2003</AwardEffectiveDate>
    <AwardExpirationDate>05/31/2005</AwardExpirationDate>
    <AwardAmount>136576</AwardAmount>
    <AwardInstrument>
      <Value>Fellowship</Value>
    </AwardInstrument>
    <Organization>
      <Code>01090000</Code>
      <Directorate>
        <LongName>Office Of The Director</LongName>
      </Directorate>
      <Division>
        <LongName>Office Of Internatl Science &amp;Engineering</LongName>
      </Division>
    </Organization>
    <ProgramOfficer>
      <SignBlockName>John Tsapogas</SignBlockName>
    </ProgramOfficer>
    <AbstractNarration>0301853&lt;br/&gt;Holston&lt;br/&gt;&lt;br/&gt;The International Research Fellowship Program enables U.S. scientists and engineers to conduct three to twenty-four months of research abroad. The program's awards provide opportunities for joint research, and the use of unique or complementary facilities, expertise and experimental conditions abroad.&lt;br/&gt;&lt;br/&gt;This award will support a twenty-four month research fellowship by Dr. Kevin C. Holston to work with Dr. Thomas Pape at the Natural History Museum in Stockholm, Sweden on a revision of the European Thereva (Insecta: Diptera: Therevidae), a regional study of stiletto flies.&lt;br/&gt;&lt;br/&gt;This project will build on results from worldwide phylogenetic work on Thereva Latreille (Insecta: Diptera: Therevidae) and the revision of the Neartic Thereva species, a revision of the approximately 70 European Thereva species. The goal of the first year is to compile and organize specimen-level data that is fundamental to taxonomic revision of Thereva, whose results will be relevant to interdisciplinary research programs involving the genus. Taxonomic data will be acquired as specimen label data from museum collections and field collections in southern Spain and Greece, with the organization of these data in a relational database that has been in use for research on Thereva since 1966. The goal of the second year is to provide the international science community with the results of this research using printed and electronic methods of dissemination. The results of this fellowship will be reported to broaden our understanding of the European fauna and strengthen the foundation of research programs with an emphasis on the North American and European fauna. In addition, the lack of species-level taxonomic data for Diptera, and many other insect groups, provided via the internet will make the web-based information source for Thereva species a test case project for developing and producing viable internet taxonomic resources for Diptera.&lt;br/&gt;&lt;br/&gt;The Swedish Museum of Natural History has a long-standing commitment to support taxonomic research on flies and recent initiatives to develop and promote advances in studies of local and global diversity. Dr. Pape is the Head of Entomology.</AbstractNarration>
    <MinAmdLetterDate>06/20/2003</MinAmdLetterDate>
    <MaxAmdLetterDate>06/20/2003</MaxAmdLetterDate>
    <ARRAAmount/>
    <AwardID>0301853</AwardID>
    <Investigator>
      <FirstName>Kevin</FirstName>
      <LastName>Holston</LastName>
      <EmailAddress/>
      <StartDate>06/20/2003</StartDate>
      <EndDate/>
      <RoleCode>Principal Investigator</RoleCode>
    </Investigator>
    <Institution>
      <Name>Holston Kevin C</Name>
      <CityName>Urbana</CityName>
      <ZipCode>618014723</ZipCode>
      <PhoneNumber/>
      <StreetAddress/>
      <CountryName>United States</CountryName>
      <StateName>Illinois</StateName>
      <StateCode>IL</StateCode>
    </Institution>
    <FoaInformation>
      <Code>0510602</Code>
      <Name>Ecosystem Dynamics</Name>
    </FoaInformation>
  </Award>
</rootTag>
