<?xml version="1.0" encoding="UTF-8"?>

<rootTag>
  <Award>
    <AwardTitle>Multiphoton Confocal Microscope for Plant Cell Biology</AwardTitle>
    <AwardEffectiveDate>09/01/2003</AwardEffectiveDate>
    <AwardExpirationDate>08/31/2006</AwardExpirationDate>
    <AwardAmount>337930</AwardAmount>
    <AwardInstrument>
      <Value>Standard Grant</Value>
    </AwardInstrument>
    <Organization>
      <Code>08080200</Code>
      <Directorate>
        <LongName>Direct For Biological Sciences</LongName>
      </Directorate>
      <Division>
        <LongName>Div Of Biological Infrastructure</LongName>
      </Division>
    </Organization>
    <ProgramOfficer>
      <SignBlockName>Helen G. Hansma</SignBlockName>
    </ProgramOfficer>
    <AbstractNarration>A grant has been awarded to Pennsylvania State University under the direction of Dr. Simon Gilroy for the acquisition of multi-photon confocal microscope to be housed in a multi-user microscopy imaging facility. The spectral resolving detector and multi-photon capabilities of the microscope will provide new imaging possibilities currently unavailable on the Penn State campus. The microscope will be used and managed by 5 principal groups. Research projects that will directly benefit from the use of these new imaging approaches fall into the broad categories of: (1) investigating signal perception by plants and (2) understanding the cellular basis of morphogenesis. Examples of specific projects that will be possible due to access to the proposed microscope include: (1) Hormonal-regulation of subnuclear dynamics in guard cells, (2) Detection of G-protein activation in living plant cells, (3) Regulation of cytoskeletal dynamics, (4) Control of mitotic progression by cytoskeletal motors, (5) Signal transduction in plant gravity and touch perception, (6) Regulation of pollen tube tip growth by phospholipase C, (7) Control of meiosis and flower development, and (8) Regulation of cell morphogenesis by cell wall properties.&lt;br/&gt;&lt;br/&gt;The provision of a permanent imaging facility at Penn State will greatly enhance the research infrastructure for biological sciences at the University. In addition, the microscope will directly impact on our efforts to provide collaborative and training opportunities for undergraduate, graduate, postdoctoral and faculty researchers in advanced fluorescence microscopy. Thus, the microscope will be used to train a range of undergraduate researchers and all our incoming plant biology program graduate students. We will also maintain our commitment to providing research opportunities for scientists from around the world to both learn confocal, and now multi-photon, microscopy and to pursue their research using these tools through collaborations.</AbstractNarration>
    <MinAmdLetterDate>09/06/2003</MinAmdLetterDate>
    <MaxAmdLetterDate>09/06/2003</MaxAmdLetterDate>
    <ARRAAmount/>
    <AwardID>0301460</AwardID>
    <Investigator>
      <FirstName>Richard</FirstName>
      <LastName>Cyr</LastName>
      <EmailAddress>RJC8@psu.edu</EmailAddress>
      <StartDate>09/06/2003</StartDate>
      <EndDate/>
      <RoleCode>Co-Principal Investigator</RoleCode>
    </Investigator>
    <Investigator>
      <FirstName>Sarah</FirstName>
      <LastName>Assmann</LastName>
      <EmailAddress>sma3@psu.edu</EmailAddress>
      <StartDate>09/06/2003</StartDate>
      <EndDate/>
      <RoleCode>Co-Principal Investigator</RoleCode>
    </Investigator>
    <Investigator>
      <FirstName>Hong</FirstName>
      <LastName>Ma</LastName>
      <EmailAddress>hxm16@psu.edu</EmailAddress>
      <StartDate>09/06/2003</StartDate>
      <EndDate/>
      <RoleCode>Co-Principal Investigator</RoleCode>
    </Investigator>
    <Investigator>
      <FirstName>Daniel</FirstName>
      <LastName>Cosgrove</LastName>
      <EmailAddress>fsl@psu.edu</EmailAddress>
      <StartDate>09/06/2003</StartDate>
      <EndDate/>
      <RoleCode>Co-Principal Investigator</RoleCode>
    </Investigator>
    <Investigator>
      <FirstName>Simon</FirstName>
      <LastName>Gilroy</LastName>
      <EmailAddress>Sgilroy@wisc.edu</EmailAddress>
      <StartDate>09/06/2003</StartDate>
      <EndDate/>
      <RoleCode>Principal Investigator</RoleCode>
    </Investigator>
    <Institution>
      <Name>Pennsylvania State Univ University Park</Name>
      <CityName>UNIVERSITY PARK</CityName>
      <ZipCode>168027000</ZipCode>
      <PhoneNumber>8148651372</PhoneNumber>
      <StreetAddress>110 Technology Center Building</StreetAddress>
      <CountryName>United States</CountryName>
      <StateName>Pennsylvania</StateName>
      <StateCode>PA</StateCode>
    </Institution>
    <ProgramElement>
      <Code>1108</Code>
      <Text>INSTRUMENTAT &amp; INSTRUMENT DEVP</Text>
    </ProgramElement>
    <ProgramReference>
      <Code>9184</Code>
      <Text>BIOTECHNOLOGY - INFRASTRUCTURE</Text>
    </ProgramReference>
    <ProgramReference>
      <Code>BIOT</Code>
      <Text>BIOTECHNOLOGY</Text>
    </ProgramReference>
  </Award>
</rootTag>
