<?xml version="1.0" encoding="UTF-8"?>

<rootTag>
  <Award>
    <AwardTitle>Minimization of the Stresses Generated by ICE Formation in Concrete</AwardTitle>
    <AwardEffectiveDate>07/01/2003</AwardEffectiveDate>
    <AwardExpirationDate>06/30/2007</AwardExpirationDate>
    <AwardAmount>355601</AwardAmount>
    <AwardInstrument>
      <Value>Standard Grant</Value>
    </AwardInstrument>
    <Organization>
      <Code>07030000</Code>
      <Directorate>
        <LongName>Directorate For Engineering</LongName>
      </Directorate>
      <Division>
        <LongName>Div Of Civil, Mechanical, &amp; Manufact Inn</LongName>
      </Division>
    </Organization>
    <ProgramOfficer>
      <SignBlockName>Ken Chong</SignBlockName>
    </ProgramOfficer>
    <AbstractNarration>Ice formation in concrete is the cause of millions of dollars in damage to concrete structures in cold regions every. This proposal takes advantage of new sophisticated characterization techniques to develop a holistic program. At a microscopic level, neutron diffraction will be used to determine the content of freezable water in the cementitious matrix, and to determine the in-situ stress and strain field in the matrix as it freezes. At a meso level, high resolution low-temperature scanning electron microscopy will be employed to study the air-void morphology as affected by the type of chemical admixtures and to characterize the nucleation sites of ice crystallization. . At the macro level, large concrete samples will be used to validate the observations learned at the micro and meso level.</AbstractNarration>
    <MinAmdLetterDate>03/12/2003</MinAmdLetterDate>
    <MaxAmdLetterDate>03/12/2003</MaxAmdLetterDate>
    <ARRAAmount/>
    <AwardID>0301288</AwardID>
    <Investigator>
      <FirstName>Paulo Jose</FirstName>
      <LastName>Monteiro</LastName>
      <EmailAddress>monteiro@ce.berkeley.edu</EmailAddress>
      <StartDate>03/12/2003</StartDate>
      <EndDate/>
      <RoleCode>Principal Investigator</RoleCode>
    </Investigator>
    <Investigator>
      <FirstName>Hans-Rudolf</FirstName>
      <LastName>Wenk</LastName>
      <EmailAddress>wenk@berkeley.edu</EmailAddress>
      <StartDate>03/12/2003</StartDate>
      <EndDate/>
      <RoleCode>Co-Principal Investigator</RoleCode>
    </Investigator>
    <Institution>
      <Name>University of California-Berkeley</Name>
      <CityName>BERKELEY</CityName>
      <ZipCode>947045940</ZipCode>
      <PhoneNumber>5106428109</PhoneNumber>
      <StreetAddress>Sponsored Projects Office</StreetAddress>
      <CountryName>United States</CountryName>
      <StateName>California</StateName>
      <StateCode>CA</StateCode>
    </Institution>
    <FoaInformation>
      <Code>0308000</Code>
      <Name>Industrial Technology</Name>
    </FoaInformation>
  </Award>
</rootTag>
