<?xml version="1.0" encoding="UTF-8"?>

<rootTag>
  <Award>
    <AwardTitle>SGER: Developing High Sensitivity Epitope Detection Reagents for Field Effect Devices</AwardTitle>
    <AwardEffectiveDate>01/01/2003</AwardEffectiveDate>
    <AwardExpirationDate>12/31/2003</AwardExpirationDate>
    <AwardAmount>95001</AwardAmount>
    <AwardInstrument>
      <Value>Standard Grant</Value>
    </AwardInstrument>
    <Organization>
      <Code>05010000</Code>
      <Directorate>
        <LongName>Direct For Computer &amp; Info Scie &amp; Enginr</LongName>
      </Directorate>
      <Division>
        <LongName>Division of Computing and Communication Foundations</LongName>
      </Division>
    </Organization>
    <ProgramOfficer>
      <SignBlockName>Pinaki Mazumder</SignBlockName>
    </ProgramOfficer>
    <AbstractNarration>0301027 Roger Brent Molecular Sciences Institute Developing high sensitivity epitope detection reagents for field effect devices&lt;br/&gt;&lt;br/&gt; First a selection of "modern" antibody-based and peptide aptamer molecular reagents to recognize determinants (epitopes) expressed on toxins and organisms that simulate biological weapons is made. Next a selection of molecules that bind to an inert component of Bacillus anthracis toxin, the so-called "Protective antigen" and that bind to the surface of spores of the gram-positive organism Bacillus subtilis, which simulate spores of Bacillus anthracis is made. These recognition molecules and simulated biological agents to fabrication group, the Manalis group at the MIT Media Lab, which has recently devised and fabricated field effect devices that can detect surface effects such as binding, by changes in device capacitance. Collaboration with the Manalis group is ongoing to couple these novel molecules to their devices and to learn to use the resulting detectors to detect simulated biological warfare agents.</AbstractNarration>
    <MinAmdLetterDate>12/26/2002</MinAmdLetterDate>
    <MaxAmdLetterDate>12/26/2002</MaxAmdLetterDate>
    <ARRAAmount/>
    <AwardID>0301027</AwardID>
    <Investigator>
      <FirstName>Roger</FirstName>
      <LastName>Brent</LastName>
      <EmailAddress>brent@molsci.org</EmailAddress>
      <StartDate>12/26/2002</StartDate>
      <EndDate/>
      <RoleCode>Principal Investigator</RoleCode>
    </Investigator>
    <Investigator>
      <FirstName>Ian</FirstName>
      <LastName>Burbulis</LastName>
      <EmailAddress>harley@molsci.org</EmailAddress>
      <StartDate>12/26/2002</StartDate>
      <EndDate/>
      <RoleCode>Co-Principal Investigator</RoleCode>
    </Investigator>
    <Institution>
      <Name>Molecular Sciences Institute</Name>
      <CityName>Berkeley</CityName>
      <ZipCode>947041321</ZipCode>
      <PhoneNumber>5106470690</PhoneNumber>
      <StreetAddress>2168 Shattuck Avenue</StreetAddress>
      <CountryName>United States</CountryName>
      <StateName>California</StateName>
      <StateCode>CA</StateCode>
    </Institution>
    <FoaInformation>
      <Code>0000099</Code>
      <Name>Other Applications NEC</Name>
    </FoaInformation>
  </Award>
</rootTag>
