<?xml version="1.0" encoding="UTF-8"?>

<rootTag>
  <Award>
    <AwardTitle>IDEAS Approach to Process Network Synthesis</AwardTitle>
    <AwardEffectiveDate>07/15/2003</AwardEffectiveDate>
    <AwardExpirationDate>10/31/2006</AwardExpirationDate>
    <AwardAmount>301134</AwardAmount>
    <AwardInstrument>
      <Value>Standard Grant</Value>
    </AwardInstrument>
    <Organization>
      <Code>07020000</Code>
      <Directorate>
        <LongName>Directorate For Engineering</LongName>
      </Directorate>
      <Division>
        <LongName>Div Of Chem, Bioeng, Env, &amp; Transp Sys</LongName>
      </Division>
    </Organization>
    <ProgramOfficer>
      <SignBlockName>Maria Burka</SignBlockName>
    </ProgramOfficer>
    <AbstractNarration>Intellectual Merit:&lt;br/&gt;&lt;br/&gt;The goal of this project is to develop a globally optimum design methodology for the synthesis of process networks. The task will be pursued within the "Infinite DimEnsionAl State space" (IDEAS) framework that the PI has been working on in recent years. The main advantage of the IDEAS approach is that it yields optimization formulations with convex (linear) feasible regions.&lt;br/&gt;&lt;br/&gt;Within the IDEAS framework, the synthesis of the overall network is decomposed into the synthesis of an operator network (OP), where process technologies (unit operations) and/or their aggregate effects are represented, and a distribution network (DN), where mixing, splitting, recycling, and bypassing occur. The key development behind IDEAS is the use of a process operator whose domain and range lie in infinite (rather than finite) dimensional space. This process representation allows both consideration of all possible process networks for an a priori given set of technologies, and gives rise to a convex (linear) feasible region. Consequently, when the objective function is convex, all locally optimal solutions of the resulting process network synthesis problems are guaranteed to be globally optimal. Large classes of commonly employed objectives (such as utility cost, volume, area, yield, selectivity, etc.) give rise to linear objective functions and thus infinite linear program IDEAS formulations.&lt;br/&gt;&lt;br/&gt;In particular, research is planned in the following areas:&lt;br/&gt;&lt;br/&gt;IDEAS approach to synthesis of process networks with MTAC properties&lt;br/&gt;Parallel computing implementation of the IDEAS framework&lt;br/&gt;IDEAS approach to reactor network synthesis&lt;br/&gt;IDEAS approach to reactor/separator network synthesis.&lt;br/&gt;&lt;br/&gt;Broad Impact&lt;br/&gt;&lt;br/&gt;The IDEAS framework is not limited to chemical engineering processes. Applications from other engineering disciplines are well suited for the IDEAS framework. Examples of such disciplines include, but are not limited to, water resource engineering, pollution prevention and structural engineering. Additionally, mathematical developments in numerical approximation of infinite dimensional linear programs and parallelized solution of large-scale linear programs will be beneficial to operations research.&lt;br/&gt;&lt;br/&gt;The knowledge accrued from the project will also be disseminated to and help train undergraduate students, since it will generate software and concepts that will be used in capstone undergraduate design courses. The PI will pursue the development and introduction of an IDEAS based software package for the systematic construction of attainable regions to an undergraduate and graduate course in pollution prevention. The software package will also be made available to other undergraduate and graduate courses.</AbstractNarration>
    <MinAmdLetterDate>05/15/2003</MinAmdLetterDate>
    <MaxAmdLetterDate>05/15/2003</MaxAmdLetterDate>
    <ARRAAmount/>
    <AwardID>0301931</AwardID>
    <Investigator>
      <FirstName>Vasilios</FirstName>
      <LastName>Manousiouthakis</LastName>
      <EmailAddress>vasilios@ucla.edu</EmailAddress>
      <StartDate>05/15/2003</StartDate>
      <EndDate/>
      <RoleCode>Principal Investigator</RoleCode>
    </Investigator>
    <Institution>
      <Name>University of California-Los Angeles</Name>
      <CityName>LOS ANGELES</CityName>
      <ZipCode>900951406</ZipCode>
      <PhoneNumber>3107940102</PhoneNumber>
      <StreetAddress>10889 Wilshire Boulevard</StreetAddress>
      <CountryName>United States</CountryName>
      <StateName>California</StateName>
      <StateCode>CA</StateCode>
    </Institution>
    <FoaInformation>
      <Code>0308000</Code>
      <Name>Industrial Technology</Name>
    </FoaInformation>
    <ProgramElement>
      <Code>1403</Code>
      <Text>PROCESS &amp; REACTION ENGINEERING</Text>
    </ProgramElement>
    <ProgramReference>
      <Code>0000</Code>
      <Text>UNASSIGNED</Text>
    </ProgramReference>
    <ProgramReference>
      <Code>7238</Code>
      <Text>ENG ITR CORE ACTIVITIES</Text>
    </ProgramReference>
    <ProgramReference>
      <Code>OTHR</Code>
      <Text>OTHER RESEARCH OR EDUCATION</Text>
    </ProgramReference>
  </Award>
</rootTag>
