<?xml version="1.0" encoding="UTF-8"?>

<rootTag>
  <Award>
    <AwardTitle>MODELING OF CONSOLIDATION OF NANO-SIZE POWDERS</AwardTitle>
    <AwardEffectiveDate>05/01/2003</AwardEffectiveDate>
    <AwardExpirationDate>04/30/2008</AwardExpirationDate>
    <AwardAmount>452567</AwardAmount>
    <AwardInstrument>
      <Value>Standard Grant</Value>
    </AwardInstrument>
    <Organization>
      <Code>07030000</Code>
      <Directorate>
        <LongName>Directorate For Engineering</LongName>
      </Directorate>
      <Division>
        <LongName>Div Of Civil, Mechanical, &amp; Manufact Inn</LongName>
      </Division>
    </Organization>
    <ProgramOfficer>
      <SignBlockName>Clark V. Cooper</SignBlockName>
    </ProgramOfficer>
    <AbstractNarration>MODELING OF CONSOLIDATION OF NANO-SIZE POWDERS&lt;br/&gt;PI: Eugene A. Olevsky, San Diego State University&lt;br/&gt;&lt;br/&gt;The research program is aimed at the development of a generalized theory of consolidation of nano-powders. This model approach takes into consideration the agglomeration phenomena, possible in-situ damage development and instability of the grain growth typical for final stages of the nano-powders sintering. Both deterministic (continuum mechanics) and stochastic approaches are used for the analysis of the material behavior. The experimental input is reduced to a minimal number of free sintering and sinter-forging tests necessary to determine the constitutive properties of nano-powders. The developed theoretical concepts will be verified by the experiments conducted with three different types of nano-powder materials: metals, ceramics and metal-ceramic composites. The developed computer codes will enable the prediction and optimization of macroscopic shape distortions, density, agglomerate characteristics, grain size and grain morphology spatial distributions. &lt;br/&gt;The proposed effort includes the basis of an on-line process (consolidation) control for a wide range of nano-powder component designs, which are used in nano-materials related industries. Realization of the project will provide an important insight on in-processing nano-structures evolution and, from the practical point of view, will render a chance to lower still high production costs due to the optimization of consolidation.&lt;br/&gt;The proposed program is expected to contribute to the advancement of the Materials Engineering area of the general Mechanical Engineering curriculum of the San Diego State University. A new graduate course on Mechanics of Powder Processing will be developed. Both undergraduate and graduate students will participate in the theoretical and experimental investigations. Students will be involved in internships by local industries collaborating with PI on optimization of nano-powder consolidation. The project will contribute to the enhancement of the Joint Doctoral Program with University of California, San Diego.</AbstractNarration>
    <MinAmdLetterDate>05/08/2003</MinAmdLetterDate>
    <MaxAmdLetterDate>04/23/2007</MaxAmdLetterDate>
    <ARRAAmount/>
    <AwardID>0301115</AwardID>
    <Investigator>
      <FirstName>Eugene</FirstName>
      <LastName>Olevsky</LastName>
      <EmailAddress>eolevsky@mail.sdsu.edu</EmailAddress>
      <StartDate>05/08/2003</StartDate>
      <EndDate/>
      <RoleCode>Principal Investigator</RoleCode>
    </Investigator>
    <Institution>
      <Name>San Diego State University Foundation</Name>
      <CityName>San Diego</CityName>
      <ZipCode>921822190</ZipCode>
      <PhoneNumber>6195945731</PhoneNumber>
      <StreetAddress>5250 Campanile Drive</StreetAddress>
      <CountryName>United States</CountryName>
      <StateName>California</StateName>
      <StateCode>CA</StateCode>
    </Institution>
    <FoaInformation>
      <Code>0308000</Code>
      <Name>Industrial Technology</Name>
    </FoaInformation>
    <ProgramElement>
      <Code>1385</Code>
      <Text>SPECIAL STUDIES AND ANALYSES</Text>
    </ProgramElement>
    <ProgramElement>
      <Code>1633</Code>
      <Text>MATERIALS AND SURFACE ENG</Text>
    </ProgramElement>
    <ProgramReference>
      <Code>7237</Code>
      <Text>NANO NON-SOLIC SCI &amp; ENG AWD</Text>
    </ProgramReference>
    <ProgramReference>
      <Code>9161</Code>
      <Text>SINGLE DIVISION/UNIVERSITY</Text>
    </ProgramReference>
    <ProgramReference>
      <Code>AMPP</Code>
      <Text>ADVANCED MATERIALS &amp; PROCESSING PROGRAM</Text>
    </ProgramReference>
    <ProgramReference>
      <Code>9251</Code>
      <Text>RES EXPER FOR UNDERGRAD-SUPPLT</Text>
    </ProgramReference>
    <ProgramReference>
      <Code>022E</Code>
      <Text>SOLID MECHANICS</Text>
    </ProgramReference>
    <ProgramReference>
      <Code>7234</Code>
      <Text>SENSORS NON-SOLICITATION RESEA</Text>
    </ProgramReference>
  </Award>
</rootTag>
