<?xml version="1.0" encoding="UTF-8"?>

<rootTag>
  <Award>
    <AwardTitle>Postdoctoral Research Fellowship in Microbial Biology for FY 2003</AwardTitle>
    <AwardEffectiveDate>09/01/2003</AwardEffectiveDate>
    <AwardExpirationDate>08/31/2005</AwardExpirationDate>
    <AwardAmount>100000</AwardAmount>
    <AwardInstrument>
      <Value>Fellowship</Value>
    </AwardInstrument>
    <Organization>
      <Code>08080308</Code>
      <Directorate>
        <LongName>Direct For Biological Sciences</LongName>
      </Directorate>
      <Division>
        <LongName>Div Of Biological Infrastructure</LongName>
      </Division>
    </Organization>
    <ProgramOfficer>
      <SignBlockName>Carter Kimsey</SignBlockName>
    </ProgramOfficer>
    <AbstractNarration>This action funds an NSF Postdoctoral Fellowship in Microbial Biology for FY2003. The fellowship supports training and research on the basic biology of protozoan, microalgal, fungal, archaeal, bacterial and viral species that are not generally considered to be model organisms. Further, it provides opportunities for recent doctoral recipients to obtain additional training in microbial biology, to gain research experience under the sponsorship of established scientists, and to broaden their scientific horizons beyond the research experiences during the undergraduate and graduate training. These fellowships are further designed to assist new scientists to direct their research efforts across traditional disciplinary lines and to avail themselves of unique research resources, sites, and facilities, including foreign locations.&lt;br/&gt;&lt;br/&gt;The research and training plan is entitled "Evolution of genome processing in Ciliates, eukaryotic microorganisms with dimorphic nuclei." Ciliates are eukaryotic microorganisms that possess two types of nuclei, a germline micronucleus and a somatic macronucleus. Development of the macronucleus involves processing of the genome, including chromosome fragmentation, sequence excision, and amplification. This study examines diverse lineages of ciliates, which vary in extent of processing, in order to elucidate the evolution of genome processing.</AbstractNarration>
    <MinAmdLetterDate>07/31/2003</MinAmdLetterDate>
    <MaxAmdLetterDate>07/31/2003</MaxAmdLetterDate>
    <ARRAAmount/>
    <AwardID>0301610</AwardID>
    <Investigator>
      <FirstName>Rebecca</FirstName>
      <LastName>Zufall</LastName>
      <EmailAddress/>
      <StartDate>07/31/2003</StartDate>
      <EndDate/>
      <RoleCode>Principal Investigator</RoleCode>
    </Investigator>
    <Institution>
      <Name>Zufall, Rebecca A</Name>
      <CityName>Northampton</CityName>
      <ZipCode>010636301</ZipCode>
      <PhoneNumber></PhoneNumber>
      <StreetAddress></StreetAddress>
      <CountryName>United States</CountryName>
      <StateName>Massachusetts</StateName>
      <StateCode>MA</StateCode>
    </Institution>
  </Award>
</rootTag>
