<?xml version="1.0" encoding="UTF-8"?>

<rootTag>
  <Award>
    <AwardTitle>Similitude Modeling of Structural Damage by Fire</AwardTitle>
    <AwardEffectiveDate>05/01/2003</AwardEffectiveDate>
    <AwardExpirationDate>04/30/2006</AwardExpirationDate>
    <AwardAmount>363105</AwardAmount>
    <AwardInstrument>
      <Value>Standard Grant</Value>
    </AwardInstrument>
    <Organization>
      <Code>07030000</Code>
      <Directorate>
        <LongName>Directorate For Engineering</LongName>
      </Directorate>
      <Division>
        <LongName>Div Of Civil, Mechanical, &amp; Manufact Inn</LongName>
      </Division>
    </Organization>
    <ProgramOfficer>
      <SignBlockName>Joy Pauschke</SignBlockName>
    </ProgramOfficer>
    <AbstractNarration>Similitude Modeling of Structural Damage by Fire&lt;br/&gt; 0301643&lt;br/&gt;&lt;br/&gt;PI: James Quintiere, University of Maryland &lt;br/&gt;&lt;br/&gt;Dimensionless modeling parameters are presented in order to develop physical scale models to &lt;br/&gt;emulate and predict the behavior of full-scale structures in fire with respect to their fire &lt;br/&gt;characteristics and the effect of fire on the structure. Experiments will be conducted at three scales to validate and assess the accuracy of the scaling. Fire and structural collapse will be studied for a frame steel construction of a compartment subject to a fully involved fire. The motivation of the study is the collapse of the World Trade Center towers due to fire and aircraft damage. Given appropriate accuracy of the scale model approach, the WTC collapse can be demonstrated to be a valid modeling strategy. The scaling approach has value in design and investigation as the WTC. &lt;br/&gt;&lt;br/&gt;This is an interdisciplinary proposal between fire and structural engineering. These two &lt;br/&gt;disciplines do not normally converse. Yet the fire resistance of buildings has been based on input &lt;br/&gt;from both practices. Admittedly, the WTC buildings were constructed with no direct &lt;br/&gt;consideration of the actual fire effect other than the requirement in the regulation. No design for &lt;br/&gt;fire was explicit. How can this better be done? Scale modeling offers a viable, and perhaps a &lt;br/&gt;more accurate approach than computer simulations. Scale modeling is a scientific approach, but &lt;br/&gt;it should be validated. Even with no complete success, the results can aid in validating &lt;br/&gt;computational modeling. The fire scaling can be an input to computational structural modeling, &lt;br/&gt;and can serve to validate computational fire models. This proposal is the first time a complete &lt;br/&gt;combination of the fire and structural failure scaled experiment is considered. If successful such &lt;br/&gt;scaling will aid in the understanding of structural behavior in fire. Society will benefit from having safer and more reliable buildings.</AbstractNarration>
    <MinAmdLetterDate>04/21/2003</MinAmdLetterDate>
    <MaxAmdLetterDate>04/21/2003</MaxAmdLetterDate>
    <ARRAAmount/>
    <AwardID>0301643</AwardID>
    <Investigator>
      <FirstName>Peter</FirstName>
      <LastName>Chang</LastName>
      <EmailAddress>pchang@eng.umd.edu</EmailAddress>
      <StartDate>04/21/2003</StartDate>
      <EndDate/>
      <RoleCode>Co-Principal Investigator</RoleCode>
    </Investigator>
    <Investigator>
      <FirstName>James</FirstName>
      <LastName>Quintiere</LastName>
      <EmailAddress>jimq@eng.umd.edu</EmailAddress>
      <StartDate>04/21/2003</StartDate>
      <EndDate/>
      <RoleCode>Principal Investigator</RoleCode>
    </Investigator>
    <Institution>
      <Name>University of Maryland College Park</Name>
      <CityName>COLLEGE PARK</CityName>
      <ZipCode>207425141</ZipCode>
      <PhoneNumber>3014056269</PhoneNumber>
      <StreetAddress>3112 LEE BLDG 7809 Regents Drive</StreetAddress>
      <CountryName>United States</CountryName>
      <StateName>Maryland</StateName>
      <StateCode>MD</StateCode>
    </Institution>
    <ProgramElement>
      <Code>1637</Code>
      <Text>Structural and Architectural E</Text>
    </ProgramElement>
    <ProgramReference>
      <Code>1057</Code>
      <Text>CIS BASE RESEARCH</Text>
    </ProgramReference>
    <ProgramReference>
      <Code>CVIS</Code>
      <Text>CIVIL INFRASTRUCTURE</Text>
    </ProgramReference>
    <ProgramReference>
      <Code>1637</Code>
      <Text>HAZARD MIT &amp; STRUCTURAL ENG</Text>
    </ProgramReference>
  </Award>
</rootTag>
