<?xml version="1.0" encoding="UTF-8"?>

<rootTag>
  <Award>
    <AwardTitle>A Capillary DNA Sequencer and Denaturing HPLC for Molecular Genetics, Ecogenomics, and Experimental Bioinformatics</AwardTitle>
    <AwardEffectiveDate>09/01/2003</AwardEffectiveDate>
    <AwardExpirationDate>02/29/2008</AwardExpirationDate>
    <AwardAmount>357162</AwardAmount>
    <AwardInstrument>
      <Value>Standard Grant</Value>
    </AwardInstrument>
    <Organization>
      <Code>08080200</Code>
      <Directorate>
        <LongName>Direct For Biological Sciences</LongName>
      </Directorate>
      <Division>
        <LongName>Div Of Biological Infrastructure</LongName>
      </Division>
    </Organization>
    <ProgramOfficer>
      <SignBlockName>William Carl Taylor</SignBlockName>
    </ProgramOfficer>
    <AbstractNarration>A grant has been awarded to Arizona State University under the direction of Dr. Thomas Dowling for the acquisition of a 48-capillary DNA sequencer/genetic analyzer, and an HPLC genotyping and DNA fragment purification system. This instrumentation is essential for efficient completion of the diversity of projects being conducted at ASU, including molecular, evolutionary, ecological, genomic, and bioinformatic studies. Acquisition of this equipment is necessary to handle both increasing demands (number of samples) by existing and new faculty, and will permit investigators to address questions not currently approachable with the existing systems. Research areas that will utilize the instrumentation include: (1) molecular genetics and the evolution of photosynthesis, (2) molecular systematics and evolution of a diversity of organisms (e.g., bacteria, fungi, plants, animals), (3) genetics and management of endangered species, (4) introgressive hybridization and evolutionary genomics, and (5) population biology. The equipment will become part of the DNA sequencing facility at the university. This facility provides support to several educational programs, such as the NSF REU and UMEB programs, which introduce students of diverse backgrounds to careers in science. Central to training these students is exposure to the newest techniques that allow us to obtain previously unobtainable answers. Therefore, addition of this equipment will allow us to better serve the undergraduates and graduates working in our laboratories by exposing them to state of the art technology and techniques.</AbstractNarration>
    <MinAmdLetterDate>08/21/2003</MinAmdLetterDate>
    <MaxAmdLetterDate>09/07/2007</MaxAmdLetterDate>
    <ARRAAmount/>
    <AwardID>0301435</AwardID>
    <Investigator>
      <FirstName>James</FirstName>
      <LastName>Collins</LastName>
      <EmailAddress>jcollins@asu.edu</EmailAddress>
      <StartDate>08/21/2003</StartDate>
      <EndDate>09/29/2005</EndDate>
      <RoleCode>Former Co-Principal Investigator</RoleCode>
    </Investigator>
    <Investigator>
      <FirstName>Bertram</FirstName>
      <LastName>Jacobs</LastName>
      <EmailAddress>bjacobs@asu.edu</EmailAddress>
      <StartDate>08/21/2003</StartDate>
      <EndDate/>
      <RoleCode>Co-Principal Investigator</RoleCode>
    </Investigator>
    <Investigator>
      <FirstName>Thomas</FirstName>
      <LastName>Dowling</LastName>
      <EmailAddress>thomas.dowling@asu.edu</EmailAddress>
      <StartDate>08/21/2003</StartDate>
      <EndDate/>
      <RoleCode>Principal Investigator</RoleCode>
    </Investigator>
    <Investigator>
      <FirstName>Scott</FirstName>
      <LastName>Bingham</LastName>
      <EmailAddress>scottbingham@asu.edu</EmailAddress>
      <StartDate>08/21/2003</StartDate>
      <EndDate/>
      <RoleCode>Co-Principal Investigator</RoleCode>
    </Investigator>
    <Investigator>
      <FirstName>Robert</FirstName>
      <LastName>Blankenship</LastName>
      <EmailAddress>Blankenship@wustl.edu</EmailAddress>
      <StartDate>08/21/2003</StartDate>
      <EndDate/>
      <RoleCode>Co-Principal Investigator</RoleCode>
    </Investigator>
    <Institution>
      <Name>Arizona State University</Name>
      <CityName>TEMPE</CityName>
      <ZipCode>852816011</ZipCode>
      <PhoneNumber>4809655479</PhoneNumber>
      <StreetAddress>ORSPA</StreetAddress>
      <CountryName>United States</CountryName>
      <StateName>Arizona</StateName>
      <StateCode>AZ</StateCode>
    </Institution>
  </Award>
</rootTag>
