<?xml version="1.0" encoding="UTF-8"?>

<rootTag>
  <Award>
    <AwardTitle>International Research Fellowship Program: The Oedipus Screen: The Identification of Novel Sporophytic Maternal Effect Mutations in Arabidopsis</AwardTitle>
    <AwardEffectiveDate>06/01/2003</AwardEffectiveDate>
    <AwardExpirationDate>06/30/2008</AwardExpirationDate>
    <AwardAmount>141506</AwardAmount>
    <AwardInstrument>
      <Value>Fellowship</Value>
    </AwardInstrument>
    <Organization>
      <Code>01090000</Code>
      <Directorate>
        <LongName>Office Of The Director</LongName>
      </Directorate>
      <Division>
        <LongName>Office Of Internatl Science &amp;Engineering</LongName>
      </Division>
    </Organization>
    <ProgramOfficer>
      <SignBlockName>Susan Parris</SignBlockName>
    </ProgramOfficer>
    <AbstractNarration>0301399&lt;br/&gt;Schauer&lt;br/&gt;&lt;br/&gt;The International Research Fellowship Program enables U.S. scientists and engineers to conduct three to twenty-four months of research abroad. The program's awards provide opportunities for joint research, and the use of unique or complementary facilities, expertise and experimental conditions abroad.&lt;br/&gt;&lt;br/&gt;This award will support a twenty-four month research fellowship by Dr. Stephen E. Schauer to work with Dr. Ueli Grossniklaus at the University of Zurich in Switzerland on a study of the "Oedipus Screen": the identification of novel sporophytic maternal effect mutations in Arabidopsis.&lt;br/&gt;&lt;br/&gt;Isolation of maternal specific mutants is an important goal towards complete understanding of seed development. This project will isolate mutants that have a maternal specific phenotype. This will likely isolate mutants that are involved in maternal functions such as nourishment and other as yet unidentified functions. Understanding how the mother plant can send development signals and transports nutrients to the developing embryo is critical for improving agricultural production in order to feed the growing population.</AbstractNarration>
    <MinAmdLetterDate>06/05/2003</MinAmdLetterDate>
    <MaxAmdLetterDate>05/31/2007</MaxAmdLetterDate>
    <ARRAAmount/>
    <AwardID>0301399</AwardID>
    <Investigator>
      <FirstName>Stephen</FirstName>
      <LastName>Schauer</LastName>
      <EmailAddress/>
      <StartDate>06/05/2003</StartDate>
      <EndDate/>
      <RoleCode>Principal Investigator</RoleCode>
    </Investigator>
    <Institution>
      <Name>Schauer Stephen E</Name>
      <CityName>Rochecter</CityName>
      <ZipCode>146272945</ZipCode>
      <PhoneNumber/>
      <StreetAddress/>
      <CountryName>United States</CountryName>
      <StateName>New York</StateName>
      <StateCode>NY</StateCode>
    </Institution>
    <FoaInformation>
      <Code>0510602</Code>
      <Name>Ecosystem Dynamics</Name>
    </FoaInformation>
  </Award>
</rootTag>
