<?xml version="1.0" encoding="UTF-8"?>

<rootTag>
  <Award>
    <AwardTitle>International Research Fellowship Program: Genetic Analysis of Arabidopsis Seed Endosperm Development</AwardTitle>
    <AwardEffectiveDate>08/01/2003</AwardEffectiveDate>
    <AwardExpirationDate>10/31/2007</AwardExpirationDate>
    <AwardAmount>98173</AwardAmount>
    <AwardInstrument>
      <Value>Fellowship</Value>
    </AwardInstrument>
    <Organization>
      <Code>01090000</Code>
      <Directorate>
        <LongName>Office Of The Director</LongName>
      </Directorate>
      <Division>
        <LongName>Office Of Internatl Science &amp;Engineering</LongName>
      </Division>
    </Organization>
    <ProgramOfficer>
      <SignBlockName>Susan Parris</SignBlockName>
    </ProgramOfficer>
    <AbstractNarration>0301886&lt;br/&gt;FitzGerald&lt;br/&gt;&lt;br/&gt;The International Research Fellowship Program enables U.S. scientists and engineers to conduct three to twenty-four months of research abroad. The program's awards provide opportunities for joint research, and the use of unique or complementary facilities, expertise and experimental conditions abroad.&lt;br/&gt;&lt;br/&gt;This award will support a twenty-four month research fellowship by Dr. Jonathan N. FitzGerald to work with Dr. Frederic Berger at Ecole Normale Superieure de Lyon in Lyon, France.&lt;br/&gt;&lt;br/&gt;In animals, the pattern of the developing embryo is established by the activity of the Polycomb group (PcG) and Trithorax group (TxG) chromatin remodeling complexes. In Arabidopsis thaliana, the high resolution time-lapse 3D confocal microscopy techniques developed in the host lab enable visualization of PcG action in the developing seed. With this powerful experimental system the host lab is poised for studying gene regulation and patterning by this important class of DNA modifying complexes. The PI plans to isolate and genetically characterize a novel Arabidopsis TxG-like activity, KRONOS, that has been identified in the host lab. Proposed functional studies of KRONOS will further our mechanistic understanding of chromatin regulation during development.</AbstractNarration>
    <MinAmdLetterDate>07/08/2003</MinAmdLetterDate>
    <MaxAmdLetterDate>06/01/2007</MaxAmdLetterDate>
    <ARRAAmount/>
    <AwardID>0301886</AwardID>
    <Investigator>
      <FirstName>Jonathan</FirstName>
      <LastName>FitzGerald</LastName>
      <EmailAddress/>
      <StartDate>07/08/2003</StartDate>
      <EndDate/>
      <RoleCode>Principal Investigator</RoleCode>
    </Investigator>
    <Institution>
      <Name>FitzGerald Jonathan N</Name>
      <CityName>Chicago</CityName>
      <ZipCode>606371455</ZipCode>
      <PhoneNumber/>
      <StreetAddress/>
      <CountryName>United States</CountryName>
      <StateName>Illinois</StateName>
      <StateCode>IL</StateCode>
    </Institution>
    <FoaInformation>
      <Code>0510602</Code>
      <Name>Ecosystem Dynamics</Name>
    </FoaInformation>
  </Award>
</rootTag>
