<?xml version="1.0" encoding="UTF-8"?>

<rootTag>
  <Award>
    <AwardTitle>CAREER: Distributed Space Systems Control via Graph-Driven Hybrid Systems and Matrix Inequalities</AwardTitle>
    <AwardEffectiveDate>09/01/2002</AwardEffectiveDate>
    <AwardExpirationDate>09/30/2007</AwardExpirationDate>
    <AwardAmount>306826</AwardAmount>
    <AwardInstrument>
      <Value>Standard Grant</Value>
    </AwardInstrument>
    <Organization>
      <Code>07030000</Code>
      <Directorate>
        <LongName>Directorate For Engineering</LongName>
      </Directorate>
      <Division>
        <LongName>Div Of Civil, Mechanical, &amp; Manufact Inn</LongName>
      </Division>
    </Organization>
    <ProgramOfficer>
      <SignBlockName>Suhada Jayasuriya</SignBlockName>
    </ProgramOfficer>
    <AbstractNarration>A distributed space system is a collection of &lt;br/&gt;physically separated, multiple space vehicles whose&lt;br/&gt;states are coordinated to achieve a local or global objective.&lt;br/&gt;The distributed spacecraft paradigm shifts the complexity of &lt;br/&gt;the space system design, traditionally associated with the &lt;br/&gt;control of large flexible structures,to problems in planning, &lt;br/&gt;coordination, inter-spacecraft communication and sensing, and control.&lt;br/&gt;The objectives of this project are to &lt;br/&gt;(1) develop a hybrid control design methodology which captures&lt;br/&gt;the interaction between inter-spacecraft communication and sensing&lt;br/&gt;on the one hand and the admissible distributed spacecraft&lt;br/&gt;control strategies on the other, and &lt;br/&gt;(2) develop autonomous maneuver planning and &lt;br/&gt;control for distributed space systems.&lt;br/&gt;This research leads to novel analysis&lt;br/&gt;and synthesis techniques for a class of &lt;br/&gt;hybrid dynamic systems that is tailored to capture&lt;br/&gt;the interdependence of communication, sensing, and control&lt;br/&gt;of a distributed system.It also examines a paradigm and a new &lt;br/&gt;set of techniques in the matrix inequality approach to path&lt;br/&gt;planning and control. &lt;br/&gt;&lt;br/&gt;The education plan is implemented through &lt;br/&gt;course and curriculum development, &lt;br/&gt;undergraduate and graduate mentoring, and an outreach effort.&lt;br/&gt;The undergraduate course focuses on control theory and its applications in &lt;br/&gt;the design of space systems,and emphasizes its interdependence on &lt;br/&gt;communication and computing technologies. &lt;br/&gt;Two graduate courses, Hybrid Systems and Optimization in Systems Sciences,&lt;br/&gt;emphasize the recent advances in the modeling,&lt;br/&gt;analysis, and design techniques for a specific class of &lt;br/&gt;dynamic systems, and lays out a rigorous framework,&lt;br/&gt;based on optimization theory and computational techniques, &lt;br/&gt;for general dynamic system analysis and synthesis.&lt;br/&gt;The outreach effort focuses on an interactive Internet website and&lt;br/&gt;two teachers' workshops, through which concepts of control and &lt;br/&gt;space system engineering are communicated to the high school students and &lt;br/&gt;grades 9--12 teachers.</AbstractNarration>
    <MinAmdLetterDate>03/17/2003</MinAmdLetterDate>
    <MaxAmdLetterDate>11/03/2006</MaxAmdLetterDate>
    <ARRAAmount/>
    <AwardID>0301753</AwardID>
    <Investigator>
      <FirstName>Mehran</FirstName>
      <LastName>Mesbahi</LastName>
      <EmailAddress>mesbahi@aa.washington.edu</EmailAddress>
      <StartDate>03/17/2003</StartDate>
      <EndDate/>
      <RoleCode>Principal Investigator</RoleCode>
    </Investigator>
    <Institution>
      <Name>University of Washington</Name>
      <CityName>Seattle</CityName>
      <ZipCode>981950001</ZipCode>
      <PhoneNumber>2065434043</PhoneNumber>
      <StreetAddress>4333 Brooklyn Ave NE</StreetAddress>
      <CountryName>United States</CountryName>
      <StateName>Washington</StateName>
      <StateCode>WA</StateCode>
    </Institution>
    <FoaInformation>
      <Code>0308000</Code>
      <Name>Industrial Technology</Name>
    </FoaInformation>
    <ProgramElement>
      <Code>1632</Code>
      <Text>CONTROL SYSTEMS</Text>
    </ProgramElement>
    <ProgramReference>
      <Code>1039</Code>
      <Text>RENEWAL ENGINEERING</Text>
    </ProgramReference>
    <ProgramReference>
      <Code>1045</Code>
      <Text>CAREER: FACULTY EARLY CAR DEV</Text>
    </ProgramReference>
    <ProgramReference>
      <Code>1057</Code>
      <Text>CIS BASE RESEARCH</Text>
    </ProgramReference>
    <ProgramReference>
      <Code>1187</Code>
      <Text>PECASE- eligible</Text>
    </ProgramReference>
    <ProgramReference>
      <Code>9251</Code>
      <Text>RES EXPER FOR UNDERGRAD-SUPPLT</Text>
    </ProgramReference>
    <ProgramReference>
      <Code>CVIS</Code>
      <Text>CIVIL INFRASTRUCTURE</Text>
    </ProgramReference>
  </Award>
</rootTag>
