<?xml version="1.0" encoding="UTF-8"?>

<rootTag>
  <Award>
    <AwardTitle>International Research Fellowship Program: Effects of Host Heterogeneity on the Ecology and Evolution of Parasites</AwardTitle>
    <AwardEffectiveDate>01/01/2004</AwardEffectiveDate>
    <AwardExpirationDate>01/31/2007</AwardExpirationDate>
    <AwardAmount>88360</AwardAmount>
    <AwardInstrument>
      <Value>Fellowship</Value>
    </AwardInstrument>
    <Organization>
      <Code>01090000</Code>
      <Directorate>
        <LongName>Office Of The Director</LongName>
      </Directorate>
      <Division>
        <LongName>Office Of Internatl Science &amp;Engineering</LongName>
      </Division>
    </Organization>
    <ProgramOfficer>
      <SignBlockName>Susan Parris</SignBlockName>
    </ProgramOfficer>
    <AbstractNarration>0301934&lt;br/&gt;Ganz&lt;br/&gt;&lt;br/&gt;The International Research Fellowship Program enables U.S. scientists and engineers to conduct three to twenty-four months of research abroad. The program's awards provide opportunities for joint research, and the use of unique or complementary facilities, expertise and experimental conditions abroad.&lt;br/&gt;&lt;br/&gt;This award will support a twelve month research fellowship by Dr. Holly H. Ganz to work with Dr. Dieter Ebert at the University of Fribourg in Switzerland.&lt;br/&gt;&lt;br/&gt;This research proposes to address the importance of host heterogeneity on the ecology and evolution of parasite populations. Daphnia are an excellent model system with which to address general questions regarding the evolutionary ecology of infectious disease. This project consists of a set of experiments that will test how genetic diversity influences not only the transmission of one particular parasite, but also how interspecific interactions among parasites will influence the dynamics of each parasite population.</AbstractNarration>
    <MinAmdLetterDate>05/23/2003</MinAmdLetterDate>
    <MaxAmdLetterDate>02/03/2006</MaxAmdLetterDate>
    <ARRAAmount/>
    <AwardID>0301934</AwardID>
    <Investigator>
      <FirstName>Holly</FirstName>
      <LastName>Ganz</LastName>
      <EmailAddress/>
      <StartDate>05/23/2003</StartDate>
      <EndDate/>
      <RoleCode>Principal Investigator</RoleCode>
    </Investigator>
    <Institution>
      <Name>Ganz, Holly H</Name>
      <CityName>Oakland</CityName>
      <ZipCode>946092154</ZipCode>
      <PhoneNumber/>
      <StreetAddress/>
      <CountryName>United States</CountryName>
      <StateName>California</StateName>
      <StateCode>CA</StateCode>
    </Institution>
    <FoaInformation>
      <Code>0510602</Code>
      <Name>Ecosystem Dynamics</Name>
    </FoaInformation>
  </Award>
</rootTag>
