<?xml version="1.0" encoding="UTF-8"?>

<rootTag>
  <Award>
    <AwardTitle>Postdoctoral Research Fellowship in Microbial Biology for FY 2003</AwardTitle>
    <AwardEffectiveDate>07/01/2003</AwardEffectiveDate>
    <AwardExpirationDate>06/30/2005</AwardExpirationDate>
    <AwardAmount>100000</AwardAmount>
    <AwardInstrument>
      <Value>Fellowship</Value>
    </AwardInstrument>
    <Organization>
      <Code>08080308</Code>
      <Directorate>
        <LongName>Direct For Biological Sciences</LongName>
      </Directorate>
      <Division>
        <LongName>Div Of Biological Infrastructure</LongName>
      </Division>
    </Organization>
    <ProgramOfficer>
      <SignBlockName>Carter Kimsey</SignBlockName>
    </ProgramOfficer>
    <AbstractNarration>This action funds an NSF Postdoctoral Fellowship in Microbial biology for FY2003. The fellowship supports training and research on the basic biology of protozoan, microalgal, fungal, archaeal, bacterial and viral species that are not generally considered to be model organisms. Further, it provides opportunities for recent doctoral recipients to obtain additional training in microbial biology, to gain research experience under the sponsorship of established scientists, and to broaden their scientific horizons beyond the research experiences during the undergraduate and graduate training. These fellowships are further designed to assist new scientists to direct their research efforts across traditional disciplinary lines and to avail themselves of unique research resources, sites, and facilities, including foreign locations.&lt;br/&gt;&lt;br/&gt;The research and training plan is entitled "Role of a bacterial outer membrane protein in symbiotic competence." The relationship between the bacterium Vibrio fischeri and the squid Euprymna scolopes provides a system for the study of bacterial/animal symbioses. V. fischeri mutants lacking the outer membrane protein OmpU have defects in host colonization which suggest that OmpU acts as a recognition determinant. This study examines the role of OmpU in the initiation of symbiotic colonization, survival within the host, and induction of host development.</AbstractNarration>
    <MinAmdLetterDate>06/11/2003</MinAmdLetterDate>
    <MaxAmdLetterDate>06/11/2003</MaxAmdLetterDate>
    <ARRAAmount/>
    <AwardID>0301196</AwardID>
    <Investigator>
      <FirstName>Joseph</FirstName>
      <LastName>Graber</LastName>
      <EmailAddress/>
      <StartDate>06/11/2003</StartDate>
      <EndDate/>
      <RoleCode>Principal Investigator</RoleCode>
    </Investigator>
    <Institution>
      <Name>Graber, Joseph R</Name>
      <CityName>Honolulu</CityName>
      <ZipCode>968135511</ZipCode>
      <PhoneNumber></PhoneNumber>
      <StreetAddress></StreetAddress>
      <CountryName>United States</CountryName>
      <StateName>Hawaii</StateName>
      <StateCode>HI</StateCode>
    </Institution>
  </Award>
</rootTag>
