<?xml version="1.0" encoding="UTF-8"?>

<rootTag>
  <Award>
    <AwardTitle>From Atoms to Continuum: A Multi-scale Multi-Phenomena Theory</AwardTitle>
    <AwardEffectiveDate>08/01/2003</AwardEffectiveDate>
    <AwardExpirationDate>07/31/2006</AwardExpirationDate>
    <AwardAmount>242420</AwardAmount>
    <AwardInstrument>
      <Value>Standard Grant</Value>
    </AwardInstrument>
    <Organization>
      <Code>07030000</Code>
      <Directorate>
        <LongName>Directorate For Engineering</LongName>
      </Directorate>
      <Division>
        <LongName>Div Of Civil, Mechanical, &amp; Manufact Inn</LongName>
      </Division>
    </Organization>
    <ProgramOfficer>
      <SignBlockName>Ken Chong</SignBlockName>
    </ProgramOfficer>
    <AbstractNarration>From Atoms to Continuum: A Multi-Scale Multi-Phenomena Theory&lt;br/&gt;&lt;br/&gt;James D. Lee and Youping Chen&lt;br/&gt;School of Engineering and Applied Science&lt;br/&gt;The George Washington University&lt;br/&gt;&lt;br/&gt;Abstract&lt;br/&gt;&lt;br/&gt;In ABO3 ferroelectrics, the displacements of ions at sub-nanometer scale account for the piezoelectricity and the polarization reorientation. Grain and grain boundary structures, from nano- to micro-scale, of a macroscopic ceramics remarkably influence the electromechanical response. The physics of ferroelectrics is multi-scale in nature. The objective of this research is to enhance the scientific understanding of multi-scale multi-physics phenomena. We will start from atomistic lattice dynamics, through statistical mechanics, molecular dynamics simulations and microcontinuum modeling, to link atomic model to micromorphic electromechanical theory, and to investigate the fully coupled thermo-electro-mechanical response of ferroelectric ceramics. This research is expected to be an important step forward for microcontinuum theories by finding the material parameters from atomistic models. It will be applicable to problems in a wide range of length and time scales from nano- to macroscopic. If successful, it will have immediate engineering applications, including sensors, actuators, capacitors and memory devices, etc.</AbstractNarration>
    <MinAmdLetterDate>06/06/2003</MinAmdLetterDate>
    <MaxAmdLetterDate>06/06/2003</MaxAmdLetterDate>
    <ARRAAmount/>
    <AwardID>0301539</AwardID>
    <Investigator>
      <FirstName>James</FirstName>
      <LastName>Lee</LastName>
      <EmailAddress>jdlee@gwu.edu</EmailAddress>
      <StartDate>06/06/2003</StartDate>
      <EndDate/>
      <RoleCode>Principal Investigator</RoleCode>
    </Investigator>
    <Investigator>
      <FirstName>Youping</FirstName>
      <LastName>Chen</LastName>
      <EmailAddress>ypchen2@ufl.edu</EmailAddress>
      <StartDate>06/06/2003</StartDate>
      <EndDate/>
      <RoleCode>Co-Principal Investigator</RoleCode>
    </Investigator>
    <Institution>
      <Name>George Washington University</Name>
      <CityName>Washington</CityName>
      <ZipCode>200522000</ZipCode>
      <PhoneNumber>2029946255</PhoneNumber>
      <StreetAddress>2121 Eye Street NW</StreetAddress>
      <CountryName>United States</CountryName>
      <StateName>District of Columbia</StateName>
      <StateCode>DC</StateCode>
    </Institution>
    <FoaInformation>
      <Code>0106000</Code>
      <Name>Materials Research</Name>
    </FoaInformation>
  </Award>
</rootTag>
