<?xml version="1.0" encoding="UTF-8"?>

<rootTag>
  <Award>
    <AwardTitle>Postdoctoral Research Fellowship in Microbial Biology for FY 2003</AwardTitle>
    <AwardEffectiveDate>01/01/2004</AwardEffectiveDate>
    <AwardExpirationDate>12/31/2005</AwardExpirationDate>
    <AwardAmount>100000</AwardAmount>
    <AwardInstrument>
      <Value>Fellowship</Value>
    </AwardInstrument>
    <Organization>
      <Code>08080308</Code>
      <Directorate>
        <LongName>Direct For Biological Sciences</LongName>
      </Directorate>
      <Division>
        <LongName>Div Of Biological Infrastructure</LongName>
      </Division>
    </Organization>
    <ProgramOfficer>
      <SignBlockName>Carter Kimsey</SignBlockName>
    </ProgramOfficer>
    <AbstractNarration>This action funds an NSF Postdoctoral Fellowship in Microbial Biology for FY2003. The fellowship supports training and research on the basic biology of protozoan, microalgal, fungal, archaeal, bacterial and viral species that are not generally considered to be model organisms. Further, it provides opportunities for recent doctoral recipients to obtain additional training in microbial biology, to gain research experience under the sponsorship of established scientists, and to broaden their scientific horizons beyond the research experiences during the undergraduate and graduate training. These fellowships are further designed to assist new scientists to direct their research efforts across traditional disciplinary lines and to avail themselves of unique research resources, sites, and facilities, including foreign locations.&lt;br/&gt;&lt;br/&gt;The research and training plan is entitled "Exploring new marine microbes involved in anaerobic ammonium oxidation." The discovery of anaerobic ammonium oxidation (anammox) has provided new insights into the physiological diversity of microbes. The environmental significance and consequences of anammox are yet to be elucidated. The research is identifying and characterizing the microbes involved in anammox in marine systems. The population dynamics and activities of these microbes are being examined using advanced molecular and stable isotope techniques.</AbstractNarration>
    <MinAmdLetterDate>07/26/2003</MinAmdLetterDate>
    <MaxAmdLetterDate>07/26/2003</MaxAmdLetterDate>
    <ARRAAmount/>
    <AwardID>0301308</AwardID>
    <Investigator>
      <FirstName>Jeremy</FirstName>
      <LastName>Rich</LastName>
      <EmailAddress/>
      <StartDate>07/26/2003</StartDate>
      <EndDate/>
      <RoleCode>Principal Investigator</RoleCode>
    </Investigator>
    <Institution>
      <Name>Rich, Jeremy J</Name>
      <CityName>Princeton</CityName>
      <ZipCode>085441003</ZipCode>
      <PhoneNumber></PhoneNumber>
      <StreetAddress></StreetAddress>
      <CountryName>United States</CountryName>
      <StateName>New Jersey</StateName>
      <StateCode>NJ</StateCode>
    </Institution>
  </Award>
</rootTag>
