<?xml version="1.0" encoding="UTF-8"?>

<rootTag>
  <Award>
    <AwardTitle>International Research Fellowship Program: Children's Understanding of Religious Rituals</AwardTitle>
    <AwardEffectiveDate>07/15/2003</AwardEffectiveDate>
    <AwardExpirationDate>08/31/2005</AwardExpirationDate>
    <AwardAmount>124394</AwardAmount>
    <AwardInstrument>
      <Value>Fellowship</Value>
    </AwardInstrument>
    <Organization>
      <Code>01090000</Code>
      <Directorate>
        <LongName>Office Of The Director</LongName>
      </Directorate>
      <Division>
        <LongName>Office Of Internatl Science &amp;Engineering</LongName>
      </Division>
    </Organization>
    <ProgramOfficer>
      <SignBlockName>Susan Parris</SignBlockName>
    </ProgramOfficer>
    <AbstractNarration>0301330&lt;br/&gt;Richert&lt;br/&gt;&lt;br/&gt;The International Research Fellowship Program enables U.S. scientists and engineers to conduct three to twenty-four months of research abroad. The program's awards provide opportunities for joint research, and the use of unique or complementary facilities, expertise and experimental conditions abroad.&lt;br/&gt;&lt;br/&gt;This award will support a twenty-four month research fellowship by Dr. Rebekah A. Richert to work with Dr. Harvey Whitehouse at Queens University in Belfast, Northern Ireland and Dr. Paul Harris at Harvard University, Cambridge, Massachusetts.&lt;br/&gt;&lt;br/&gt;The goal of this project is to gain experience in cross-disciplinary research methods studying the cognitive science of religion. The PI will explore the development of religious concepts, which can be divided into religious rituals and religious teachings. The first phase of the project will explore the meanings children create for different ritual types as defined by Dr. Whitehouse's theory on 'modes of religiosity.' The second phase will explore how children understand specific underlying features of rituals and how ritual participation interacts with verbal testimony to result in belief in religious entities. Dr. Harris has recently begun research on the role that verbal testimony plays in children's knowledge of religious entities and will provide training in experimental methods in the study of childhood cognition and religious beliefs. The hypothesis is that when children are not provided with an explicit interpretation of a ritual, they will rely on processes of analogical reasoning for interpretation of its meaning.</AbstractNarration>
    <MinAmdLetterDate>05/12/2003</MinAmdLetterDate>
    <MaxAmdLetterDate>08/04/2005</MaxAmdLetterDate>
    <ARRAAmount/>
    <AwardID>0301330</AwardID>
    <Investigator>
      <FirstName>Rebekah</FirstName>
      <LastName>Richert</LastName>
      <EmailAddress/>
      <StartDate>05/12/2003</StartDate>
      <EndDate/>
      <RoleCode>Principal Investigator</RoleCode>
    </Investigator>
    <Institution>
      <Name>Richert Rebekah A</Name>
      <CityName>Charlottesville</CityName>
      <ZipCode>229011689</ZipCode>
      <PhoneNumber/>
      <StreetAddress/>
      <CountryName>United States</CountryName>
      <StateName>Virginia</StateName>
      <StateCode>VA</StateCode>
    </Institution>
    <FoaInformation>
      <Code>0116000</Code>
      <Name>Human Subjects</Name>
    </FoaInformation>
  </Award>
</rootTag>
