<?xml version="1.0" encoding="UTF-8"?>

<rootTag>
  <Award>
    <AwardTitle>Mechanical Properties of Living Cells: Atomic Force Microscopy Studies, Modeling, and Education</AwardTitle>
    <AwardEffectiveDate>08/15/2003</AwardEffectiveDate>
    <AwardExpirationDate>02/28/2006</AwardExpirationDate>
    <AwardAmount>274922</AwardAmount>
    <AwardInstrument>
      <Value>Continuing grant</Value>
    </AwardInstrument>
    <Organization>
      <Code>07030000</Code>
      <Directorate>
        <LongName>Directorate For Engineering</LongName>
      </Directorate>
      <Division>
        <LongName>Div Of Civil, Mechanical, &amp; Manufact Inn</LongName>
      </Division>
    </Organization>
    <ProgramOfficer>
      <SignBlockName>Ken Chong</SignBlockName>
    </ProgramOfficer>
    <AbstractNarration>MECHANICAL PROPERTIES OF LIVING CELLS: ATOMIC FORCE MICROSCOPY STUDIES, MODELING, AND EDUCATION&lt;br/&gt;&lt;br/&gt;E. J. BERGER*, K. S. VEMAGANTI*, AND H. YOU&lt;br/&gt;UNIVERSITY OF CINCINNATI, CINCINNATI OH, 45221&lt;br/&gt;&lt;br/&gt;PROPOSAL CMS-0301463&lt;br/&gt;&lt;br/&gt;Abstract&lt;br/&gt;&lt;br/&gt;This three-year NSF award supports fundamental research in mechanical property determination of living cells. Researchers from the Colleges of Engineering and Medicine at the University of Cincinnati (UC) have assembled an interdisciplinary team to examine indentation of living cells via atomic force microscopy (AFM) for the purpose of determining cell mechanical properties. This program directly addresses many of the limitations of current analysis approaches for cell mechanical property determination through a combination of detailed AFM experiments and comprehensive analytical and numerical modeling. The intellectual merit of this work is that it will advance the ability to extract mechanical properties of living cells from AFM indentation data. This information will allow pursuit of the long-term research goal of understanding the link between cell mechanical deformations and cell behavior. Broader impact is achieved by integrating these improved modeling approaches and the AFM experiments into a dual-level, interdisciplinary Cellular Mechanics course.</AbstractNarration>
    <MinAmdLetterDate>07/17/2003</MinAmdLetterDate>
    <MaxAmdLetterDate>08/16/2005</MaxAmdLetterDate>
    <ARRAAmount/>
    <AwardID>0301463</AwardID>
    <Investigator>
      <FirstName>Edward</FirstName>
      <LastName>Berger</LastName>
      <EmailAddress>bergere@purdue.edu</EmailAddress>
      <StartDate>07/17/2003</StartDate>
      <EndDate/>
      <RoleCode>Principal Investigator</RoleCode>
    </Investigator>
    <Investigator>
      <FirstName>Kumar</FirstName>
      <LastName>Vemaganti</LastName>
      <EmailAddress>Kumar.Vemaganti@uc.edu</EmailAddress>
      <StartDate>07/17/2003</StartDate>
      <EndDate/>
      <RoleCode>Co-Principal Investigator</RoleCode>
    </Investigator>
    <Investigator>
      <FirstName>Hong</FirstName>
      <LastName>You</LastName>
      <EmailAddress>hong.you@uc.edu</EmailAddress>
      <StartDate>07/17/2003</StartDate>
      <EndDate/>
      <RoleCode>Co-Principal Investigator</RoleCode>
    </Investigator>
    <Institution>
      <Name>University of Cincinnati Main Campus</Name>
      <CityName>Cincinnati</CityName>
      <ZipCode>452210222</ZipCode>
      <PhoneNumber>5135564358</PhoneNumber>
      <StreetAddress>University Hall, Suite 530</StreetAddress>
      <CountryName>United States</CountryName>
      <StateName>Ohio</StateName>
      <StateCode>OH</StateCode>
    </Institution>
    <FoaInformation>
      <Code>0308000</Code>
      <Name>Industrial Technology</Name>
    </FoaInformation>
    <ProgramElement>
      <Code>1630</Code>
      <Text>Mechanics of Materials and Str</Text>
    </ProgramElement>
    <ProgramElement>
      <Code>1674</Code>
      <Text>NANOSCALE: INTRDISCPL RESRCH T</Text>
    </ProgramElement>
    <ProgramReference>
      <Code>1674</Code>
      <Text>NANOSCALE: INTRDISCPL RESRCH T</Text>
    </ProgramReference>
    <ProgramReference>
      <Code>9161</Code>
      <Text>SINGLE DIVISION/UNIVERSITY</Text>
    </ProgramReference>
    <ProgramReference>
      <Code>AMPP</Code>
      <Text>ADVANCED MATERIALS &amp; PROCESSING PROGRAM</Text>
    </ProgramReference>
  </Award>
</rootTag>
