<?xml version="1.0" encoding="UTF-8"?>

<rootTag>
  <Award>
    <AwardTitle>Input-Output Risk Model of Critical Infrastructure Systems</AwardTitle>
    <AwardEffectiveDate>05/01/2003</AwardEffectiveDate>
    <AwardExpirationDate>10/31/2007</AwardExpirationDate>
    <AwardAmount>485750</AwardAmount>
    <AwardInstrument>
      <Value>Continuing grant</Value>
    </AwardInstrument>
    <Organization>
      <Code>07030000</Code>
      <Directorate>
        <LongName>Directorate For Engineering</LongName>
      </Directorate>
      <Division>
        <LongName>Div Of Civil, Mechanical, &amp; Manufact Inn</LongName>
      </Division>
    </Organization>
    <ProgramOfficer>
      <SignBlockName>Dennis Wenger</SignBlockName>
    </ProgramOfficer>
    <AbstractNarration>Abstract - Toward Improved Understanding of Warnings for Short-Fuse Weather Events&lt;br/&gt;&lt;br/&gt;The meteorological and hydrological sciences have shown dramatic improvements in offering increased lead-times, better long-term models and integrated real-time monitoring for short fuse weather events. At the same time the social science research necessary to translate the new knowledge into improved responses to short-fuse weather events is missing.&lt;br/&gt;&lt;br/&gt;This project challenges the current state of public perceptions of warnings for flash floods and tornadoes. A team of geographers and psychologists will work closely with forecasters and emergency managers in the two case study cities of Austin, TX and Denver, CO: cities with high growth rates, great diversity, and significant disaster potential. We have five objectives: 1) to develop an enhanced understanding of warnings by studying public and private sources of warning information; 2) to see how changing demography of the US influences public responses to warnings; 3) to evaluate the use and potential of new technologies for warning perceptions and responses; 4) to assess the construct of "false alarms" for short-fuse weather events; and, 5) to evaluate the applicability of social cognitive theory as a framework to understand the differences between how people respond to warnings. &lt;br/&gt;&lt;br/&gt;Results from this research will have broad implications for future warning procedures providing new directions for local and state emergency managers and for the federal agencies involved in warnings including the National Weather Service, the Bureau of Reclamation, FEMA, and the US Army Corps of Engineers.</AbstractNarration>
    <MinAmdLetterDate>03/21/2003</MinAmdLetterDate>
    <MaxAmdLetterDate>03/30/2007</MaxAmdLetterDate>
    <ARRAAmount/>
    <AwardID>0301553</AwardID>
    <Investigator>
      <FirstName>James</FirstName>
      <LastName>Lambert</LastName>
      <EmailAddress>lambert@virginia.edu</EmailAddress>
      <StartDate>03/21/2003</StartDate>
      <EndDate/>
      <RoleCode>Co-Principal Investigator</RoleCode>
    </Investigator>
    <Investigator>
      <FirstName>Yacov</FirstName>
      <LastName>Haimes</LastName>
      <EmailAddress>yyh4f@virginia.edu</EmailAddress>
      <StartDate>03/21/2003</StartDate>
      <EndDate/>
      <RoleCode>Principal Investigator</RoleCode>
    </Investigator>
    <Investigator>
      <FirstName>Barry</FirstName>
      <LastName>Horowitz</LastName>
      <EmailAddress>bh8e@virginia.edu</EmailAddress>
      <StartDate>03/21/2003</StartDate>
      <EndDate/>
      <RoleCode>Co-Principal Investigator</RoleCode>
    </Investigator>
    <Investigator>
      <FirstName>Wei</FirstName>
      <LastName>Li</LastName>
      <EmailAddress>liw@virginia.edu</EmailAddress>
      <StartDate>03/21/2003</StartDate>
      <EndDate/>
      <RoleCode>Co-Principal Investigator</RoleCode>
    </Investigator>
    <Institution>
      <Name>University of Virginia Main Campus</Name>
      <CityName>CHARLOTTESVILLE</CityName>
      <ZipCode>229044195</ZipCode>
      <PhoneNumber>4349244270</PhoneNumber>
      <StreetAddress>P.O. BOX 400195</StreetAddress>
      <CountryName>United States</CountryName>
      <StateName>Virginia</StateName>
      <StateCode>VA</StateCode>
    </Institution>
    <FoaInformation>
      <Code>0308000</Code>
      <Name>Industrial Technology</Name>
    </FoaInformation>
    <ProgramElement>
      <Code>1638</Code>
      <Text>INFRAST MGMT &amp; EXTREME EVENTS</Text>
    </ProgramElement>
    <ProgramReference>
      <Code>042E</Code>
      <Text>HAZARD AND DISASTER RESPONSE</Text>
    </ProgramReference>
    <ProgramReference>
      <Code>1039</Code>
      <Text>RENEWAL ENGINEERING</Text>
    </ProgramReference>
    <ProgramReference>
      <Code>1057</Code>
      <Text>CIS BASE RESEARCH</Text>
    </ProgramReference>
    <ProgramReference>
      <Code>1576</Code>
      <Text>NATIONL EARTHQK HZRD REDCT PRG</Text>
    </ProgramReference>
    <ProgramReference>
      <Code>9251</Code>
      <Text>RES EXPER FOR UNDERGRAD-SUPPLT</Text>
    </ProgramReference>
    <ProgramReference>
      <Code>CVIS</Code>
      <Text>CIVIL INFRASTRUCTURE</Text>
    </ProgramReference>
  </Award>
</rootTag>
