<?xml version="1.0" encoding="UTF-8"?>

<rootTag>
  <Award>
    <AwardTitle>Understanding What Makes Nacre Strong and Tough --Development of New Bioinspired Nanocomposites</AwardTitle>
    <AwardEffectiveDate>05/01/2003</AwardEffectiveDate>
    <AwardExpirationDate>04/30/2007</AwardExpirationDate>
    <AwardAmount>306012</AwardAmount>
    <AwardInstrument>
      <Value>Standard Grant</Value>
    </AwardInstrument>
    <Organization>
      <Code>07030000</Code>
      <Directorate>
        <LongName>Directorate For Engineering</LongName>
      </Directorate>
      <Division>
        <LongName>Div Of Civil, Mechanical, &amp; Manufact Inn</LongName>
      </Division>
    </Organization>
    <ProgramOfficer>
      <SignBlockName>Ken Chong</SignBlockName>
    </ProgramOfficer>
    <AbstractNarration>UNDERSTANDING WHAT MAKES NACRE STRONG AND TOUGH -- Design Rules for Manufacturing Synthetic Nanocomposites Mimicking Seashells&lt;br/&gt;&lt;br/&gt;&lt;br/&gt;Abstract&lt;br/&gt;&lt;br/&gt;&lt;br/&gt;Nacre from seashells is a natural composite with such a well-designed microstructure that its strength and toughness are 20 to 30 times those of its constituents. What controls its remarkable mechanical behavior is poorly understood and there is no design guideline to develop new synthetic composites mimicking nacre. A first effort in this direction will be a throughout investigation of how the microstructure controls the deformation and failure mechanisms of nacre at multiple scales. State of the art experimental techniques and intense modeling are employed at this stage. In a second effort, novel nanocomposites mimicking nacre will be developed. Their design will be based on the morphological and mechanical features that where identified to be key to the strength and toughness of nacre. A combination of ceramic platelets bonded with a softer metallic phase would provide a hard and damage tolerant material ideal for aerospace and MEMS/NEMS applications.</AbstractNarration>
    <MinAmdLetterDate>03/17/2003</MinAmdLetterDate>
    <MaxAmdLetterDate>10/30/2006</MaxAmdLetterDate>
    <ARRAAmount/>
    <AwardID>0301416</AwardID>
    <Investigator>
      <FirstName>Horacio</FirstName>
      <LastName>Espinosa</LastName>
      <EmailAddress>espinosa@northwestern.edu</EmailAddress>
      <StartDate>03/17/2003</StartDate>
      <EndDate/>
      <RoleCode>Principal Investigator</RoleCode>
    </Investigator>
    <Institution>
      <Name>Northwestern University</Name>
      <CityName>Evanston</CityName>
      <ZipCode>602013149</ZipCode>
      <PhoneNumber>8474913003</PhoneNumber>
      <StreetAddress>1801 Maple Ave.</StreetAddress>
      <CountryName>United States</CountryName>
      <StateName>Illinois</StateName>
      <StateCode>IL</StateCode>
    </Institution>
    <FoaInformation>
      <Code>0106000</Code>
      <Name>Materials Research</Name>
    </FoaInformation>
  </Award>
</rootTag>
