<?xml version="1.0" encoding="UTF-8"?>

<rootTag>
  <Award>
    <AwardTitle>RUI: Acquisition of DNA Microarray Technology for Biological Research</AwardTitle>
    <AwardEffectiveDate>09/01/2003</AwardEffectiveDate>
    <AwardExpirationDate>08/31/2005</AwardExpirationDate>
    <AwardAmount>66725</AwardAmount>
    <AwardInstrument>
      <Value>Standard Grant</Value>
    </AwardInstrument>
    <Organization>
      <Code>08080200</Code>
      <Directorate>
        <LongName>Direct For Biological Sciences</LongName>
      </Directorate>
      <Division>
        <LongName>Div Of Biological Infrastructure</LongName>
      </Division>
    </Organization>
    <ProgramOfficer>
      <SignBlockName>Gerald Selzer</SignBlockName>
    </ProgramOfficer>
    <AbstractNarration>A grant has been awarded to the University of the Pacific (UOP) under the direction of Dr. Craig Vierra for the acquisition of a DNA microarray spotter, and a microarray scanner with software for data collection and analysis. Projects that will utilize this instrumentation include studies of genes regulated by basic helix-loop-helix proteins; identification of genes involved in peroxisome biogenesis in the methylotrophic yeast Pichia pastoris; identification of protein factors involved in the Ah receptor signaling pathway; identification of novel silk genes in spiders; identification of genes involved in DNA repair in Drosophila melanogaster; and the involvement of transcription factors in Caenorhabditis elegans development. The acquisition of DNA microarray technology for biological research will provide state-of-the-art research technology at UOP and support a program dedicated to training undergraduates at the highest level. The acquisition of this equipment will substantially impact faculty research for many members located in the Biology and Chemistry Departments and School of Pharmacy, as well as provide invaluable training and experience for science graduate students and undergraduates at UOP and California State University, Stanislaus. The equipment will help create a pedagogical environment to enhance learning for undergraduates seeking advanced science degrees and vocations in biotechnology.</AbstractNarration>
    <MinAmdLetterDate>09/06/2003</MinAmdLetterDate>
    <MaxAmdLetterDate>09/06/2003</MaxAmdLetterDate>
    <ARRAAmount/>
    <AwardID>0301634</AwardID>
    <Investigator>
      <FirstName>Anne</FirstName>
      <LastName>Moore</LastName>
      <EmailAddress>amoore@uop.edu</EmailAddress>
      <StartDate>09/06/2003</StartDate>
      <EndDate/>
      <RoleCode>Co-Principal Investigator</RoleCode>
    </Investigator>
    <Investigator>
      <FirstName>Craig</FirstName>
      <LastName>Vierra</LastName>
      <EmailAddress>cvierra@uop.edu</EmailAddress>
      <StartDate>09/06/2003</StartDate>
      <EndDate/>
      <RoleCode>Principal Investigator</RoleCode>
    </Investigator>
    <Investigator>
      <FirstName>William</FirstName>
      <LastName>Chan</LastName>
      <EmailAddress>wchan2@uop.edu</EmailAddress>
      <StartDate>09/06/2003</StartDate>
      <EndDate/>
      <RoleCode>Co-Principal Investigator</RoleCode>
    </Investigator>
    <Investigator>
      <FirstName>Gregg</FirstName>
      <LastName>Jongeward</LastName>
      <EmailAddress>gjongewa@uop.edu</EmailAddress>
      <StartDate>09/06/2003</StartDate>
      <EndDate/>
      <RoleCode>Co-Principal Investigator</RoleCode>
    </Investigator>
    <Investigator>
      <FirstName>Geoff</FirstName>
      <LastName>Lin-Cereghino</LastName>
      <EmailAddress>glincere@pacific.edu</EmailAddress>
      <StartDate>09/06/2003</StartDate>
      <EndDate/>
      <RoleCode>Co-Principal Investigator</RoleCode>
    </Investigator>
    <Institution>
      <Name>University of the Pacific</Name>
      <CityName>Stockton</CityName>
      <ZipCode>952110110</ZipCode>
      <PhoneNumber>2099467706</PhoneNumber>
      <StreetAddress>3601 Pacific Avenue</StreetAddress>
      <CountryName>United States</CountryName>
      <StateName>California</StateName>
      <StateCode>CA</StateCode>
    </Institution>
  </Award>
</rootTag>
