<?xml version="1.0" encoding="UTF-8"?>

<rootTag>
  <Award>
    <AwardTitle>International Research Fellowship Program: Differences Between Individuals and Populations of Threespined Stickleback in Boldness and Agressiveness</AwardTitle>
    <AwardEffectiveDate>09/01/2003</AwardEffectiveDate>
    <AwardExpirationDate>08/31/2005</AwardExpirationDate>
    <AwardAmount>163606</AwardAmount>
    <AwardInstrument>
      <Value>Fellowship</Value>
    </AwardInstrument>
    <Organization>
      <Code>01090000</Code>
      <Directorate>
        <LongName>Office Of The Director</LongName>
      </Directorate>
      <Division>
        <LongName>Office Of Internatl Science &amp;Engineering</LongName>
      </Division>
    </Organization>
    <ProgramOfficer>
      <SignBlockName>Susan Parris</SignBlockName>
    </ProgramOfficer>
    <AbstractNarration>0301899&lt;br/&gt;Bell&lt;br/&gt;&lt;br/&gt;The International Research Fellowship Program enables U.S. scientists and engineers to conduct three to twenty-four months of research abroad. The program's awards provide opportunities for joint research, and the use of unique or complementary facilities, expertise and experimental conditions abroad.&lt;br/&gt;&lt;br/&gt;This award will support a twenty-four month research fellowship by Dr. Alison M. Bell to work with Dr. Felicity A. Huntingford at the University of Glasgow in Glasgow, United Kingdom.&lt;br/&gt;&lt;br/&gt;This project is a study of a behavioral syndrome in threespined stickleback, a widely-distributed freshwater fish well-suited for testing evolutionary hypotheses. The PI will study differences between individuals and populations for boldness and aggressiveness in three ways. First she will ascertain whether boldness and aggressiveness are similarly correlated in a number of populations which differ in predation risk. Second, she will investigate a physiological mechanism underlying both behaviors in order to infer how the two traits might be related proximally. Third she will examine the evolution of the 'boldness-aggressiveness' syndrome across the populations with a phylogenetic perspective to ask why the traits are correlated in some populations but not others.</AbstractNarration>
    <MinAmdLetterDate>07/07/2003</MinAmdLetterDate>
    <MaxAmdLetterDate>07/07/2003</MaxAmdLetterDate>
    <ARRAAmount/>
    <AwardID>0301899</AwardID>
    <Investigator>
      <FirstName>Alison</FirstName>
      <LastName>Bell</LastName>
      <EmailAddress/>
      <StartDate>07/07/2003</StartDate>
      <EndDate/>
      <RoleCode>Principal Investigator</RoleCode>
    </Investigator>
    <Institution>
      <Name>Bell Alison M</Name>
      <CityName>Davis</CityName>
      <ZipCode>956165312</ZipCode>
      <PhoneNumber/>
      <StreetAddress/>
      <CountryName>United States</CountryName>
      <StateName>California</StateName>
      <StateCode>CA</StateCode>
    </Institution>
    <FoaInformation>
      <Code>0510602</Code>
      <Name>Ecosystem Dynamics</Name>
    </FoaInformation>
  </Award>
</rootTag>
