<?xml version="1.0" encoding="UTF-8"?>

<rootTag>
  <Award>
    <AwardTitle>International Research Fellowship Program: Evolution, Diversification and Biogeography of Tribe Gnaphalieae</AwardTitle>
    <AwardEffectiveDate>09/01/2003</AwardEffectiveDate>
    <AwardExpirationDate>11/30/2006</AwardExpirationDate>
    <AwardAmount>81816</AwardAmount>
    <AwardInstrument>
      <Value>Fellowship</Value>
    </AwardInstrument>
    <Organization>
      <Code>01090000</Code>
      <Directorate>
        <LongName>Office Of The Director</LongName>
      </Directorate>
      <Division>
        <LongName>Office Of Internatl Science &amp;Engineering</LongName>
      </Division>
    </Organization>
    <ProgramOfficer>
      <SignBlockName>Cassandra M. Dudka</SignBlockName>
    </ProgramOfficer>
    <AbstractNarration>0301824&lt;br/&gt;Unwin&lt;br/&gt;&lt;br/&gt;The International Research Fellowship Program enables U.S. scientists and engineers to conduct three to twenty-four months of research abroad. The program's awards provide opportunities for joint research, and the use of unique or complementary facilities, expertise and experimental conditions abroad.&lt;br/&gt;&lt;br/&gt;This award will support a twenty-four month research fellowship by Dr. Matthew M. Unwin to work with Dr. Randall J. Bayer at the Commonwealth Scientific and Industrial Research Organization (CSIRO), Plant Industry, in Canberra, Australia.&lt;br/&gt;&lt;br/&gt;This project will use molecular data to resolve evolutionary relationships of the Gnaphalieae (paper daisies or everlastings), a tribe of sunflowers (Asteraceae) with great diversity in South America, southern Africa and Australia. In the PI's dissertation research he focused on the evolutionary relationships of the Eriocaulaceae, a primarily South American plant family. Many similarities exist between the Eriocaulaceae and the Asteraceae, principally in that small flowers are aggregated into individual heads that mimic solitary flowers to pollinators. This feature, in part, has made it difficult to resolve evolutionary relationships in both families. Understanding the evolution and diversification of two distantly related plant families that share convergent patterns in their floral displays may reveal interesting trends when compared. This project will provide an excellent example of the application of molecular information to a major taxonomic group and contrasting it with inconsistent results from morphology and other approaches. The geographic distribution and time of divergence of the tribe will also make this study of broader importance as many taxonomists are dealing with such issues. The Asteraceae is one of the families that are intensively studied in the U.S.</AbstractNarration>
    <MinAmdLetterDate>07/07/2003</MinAmdLetterDate>
    <MaxAmdLetterDate>09/01/2006</MaxAmdLetterDate>
    <ARRAAmount/>
    <AwardID>0301824</AwardID>
    <Investigator>
      <FirstName>Matthew</FirstName>
      <LastName>Unwin</LastName>
      <EmailAddress/>
      <StartDate>07/07/2003</StartDate>
      <EndDate/>
      <RoleCode>Principal Investigator</RoleCode>
    </Investigator>
    <Institution>
      <Name>Unwin Matthew M</Name>
      <CityName>Oxford</CityName>
      <ZipCode>450562372</ZipCode>
      <PhoneNumber/>
      <StreetAddress/>
      <CountryName>United States</CountryName>
      <StateName>Ohio</StateName>
      <StateCode>OH</StateCode>
    </Institution>
    <FoaInformation>
      <Code>0510602</Code>
      <Name>Ecosystem Dynamics</Name>
    </FoaInformation>
    <ProgramElement>
      <Code>5956</Code>
      <Text>IRFP</Text>
    </ProgramElement>
    <ProgramReference>
      <Code>0000</Code>
      <Text>UNASSIGNED</Text>
    </ProgramReference>
    <ProgramReference>
      <Code>5912</Code>
      <Text>AUSTRALIA</Text>
    </ProgramReference>
    <ProgramReference>
      <Code>OTHR</Code>
      <Text>OTHER RESEARCH OR EDUCATION</Text>
    </ProgramReference>
  </Award>
</rootTag>
