<?xml version="1.0" encoding="UTF-8"?>

<rootTag>
  <Award>
    <AwardTitle>Modeling the Thermo-Mechanical Response of Shape Memory Polymers</AwardTitle>
    <AwardEffectiveDate>07/15/2003</AwardEffectiveDate>
    <AwardExpirationDate>06/30/2006</AwardExpirationDate>
    <AwardAmount>109999</AwardAmount>
    <AwardInstrument>
      <Value>Standard Grant</Value>
    </AwardInstrument>
    <Organization>
      <Code>07030000</Code>
      <Directorate>
        <LongName>Directorate For Engineering</LongName>
      </Directorate>
      <Division>
        <LongName>Div Of Civil, Mechanical, &amp; Manufact Inn</LongName>
      </Division>
    </Organization>
    <ProgramOfficer>
      <SignBlockName>Ken Chong</SignBlockName>
    </ProgramOfficer>
    <AbstractNarration>MODELING THE THERMO-MECHANICAL RESPONSE OF SHAPE MEMORY POLYMERS&lt;br/&gt;&lt;br/&gt;Abstract&lt;br/&gt; Shape memory polymers are novel materials that can be easily formed into complex shapes, retaining memory of their original shape even after undergoing large deformations. These new materials are finding increasing use in a number of cutting edge applications ranging from actuators, MEMS devices, biomedical devices to space technology. In spite of their technological significance and in marked contrast to the situation in shape memory alloys, there is a dearth of constitutive models that are able to predict the thermomechanical behavior of shape memory polymers undergoing complex thermal and mechanical loadings. The availability of models that will aid in predicting their behavior under a wide range of conditions and are essential for designing applications using these polymers. The aim of the research proposed here is to formulate a properly invariant three-dimensional constitutive theory within a thermodynamic setting that is capable of predicting the thermal and mechanical behavior of crystallizable shape memory polymers under a variety of conditions. The models developed will then be implemented into a finite element program to study the response of shape memory polymers in realistic geometries and conditions. The models and the computational algorithms that are developed will help in understanding the behavior of shape memory polymers and hasten the use such materials in novel technological applications.</AbstractNarration>
    <MinAmdLetterDate>07/08/2003</MinAmdLetterDate>
    <MaxAmdLetterDate>07/08/2003</MaxAmdLetterDate>
    <ARRAAmount/>
    <AwardID>0301343</AwardID>
    <Investigator>
      <FirstName>I. Joga</FirstName>
      <LastName>Rao</LastName>
      <EmailAddress>RAOI@njit.edu</EmailAddress>
      <StartDate>07/08/2003</StartDate>
      <EndDate/>
      <RoleCode>Principal Investigator</RoleCode>
    </Investigator>
    <Investigator>
      <FirstName>K.</FirstName>
      <LastName>Rajagopal</LastName>
      <EmailAddress>krajagopal@tamu.edu</EmailAddress>
      <StartDate>07/08/2003</StartDate>
      <EndDate/>
      <RoleCode>Co-Principal Investigator</RoleCode>
    </Investigator>
    <Institution>
      <Name>New Jersey Institute of Technology</Name>
      <CityName>Newark</CityName>
      <ZipCode>071021982</ZipCode>
      <PhoneNumber>9735965275</PhoneNumber>
      <StreetAddress>323 DOCTOR MARTIN LUTHER</StreetAddress>
      <CountryName>United States</CountryName>
      <StateName>New Jersey</StateName>
      <StateCode>NJ</StateCode>
    </Institution>
    <FoaInformation>
      <Code>0308000</Code>
      <Name>Industrial Technology</Name>
    </FoaInformation>
  </Award>
</rootTag>
