<?xml version="1.0" encoding="UTF-8"?>

<rootTag>
  <Award>
    <AwardTitle>Intelligent Sensor Motes for Vertical Seismic Arrays</AwardTitle>
    <AwardEffectiveDate>06/15/2003</AwardEffectiveDate>
    <AwardExpirationDate>05/31/2007</AwardExpirationDate>
    <AwardAmount>379809</AwardAmount>
    <AwardInstrument>
      <Value>Continuing grant</Value>
    </AwardInstrument>
    <Organization>
      <Code>07030000</Code>
      <Directorate>
        <LongName>Directorate For Engineering</LongName>
      </Directorate>
      <Division>
        <LongName>Div Of Civil, Mechanical, &amp; Manufact Inn</LongName>
      </Division>
    </Organization>
    <ProgramOfficer>
      <SignBlockName>Richard J. Fragaszy</SignBlockName>
    </ProgramOfficer>
    <AbstractNarration>This action is to support the installation of a vertical seismic array on the UC Berkeley campus. Two instrumented boreholes will be installed on either side of the Hayward Fault. Each borehole will consist of 3-component accelerometer units, a rate gyroscope, magnetometer, and pore pressure sensor. The sensors will be an array of MEMS-based devices, including an all-digital 24-bit accelerometer. The sensors will be incorporated into an intelligent networked sensor Mote. An event driven TinyOS is used to multiplex the concurrent flows of information across this single controller, which is connected to a transceiver, a secondary storage device, a sensor oriented I/O system, and a power management subsystem. The noise floor of the array is expected to be approximately 30 ng/root(Hz), and the cost about 2 magnitudes less than current vertical arrays.&lt;br/&gt;&lt;br/&gt;In recent years, vertical arrays have come on-line in several sites in California, Taiwan, and Japan. They are changing the understanding of seismic ground motion by allowing for the 3-D evaluation of seismic wave propagation. Downhole recordings of ground motion provide a glimpse of how waves are propagating near the surface of the earth. By comparing multiple downhole recordings and a related surface recording, it is possible to observe how the waves change as they progress through the ground and are affected by materials in the soil profile. The arrays allow the estimation of experimental Greens functions for a site, with the estimation made using the rich field of system identification.&lt;br/&gt;Perhaps most importantly, the project will also introduce civil engineering students to new developments in sensor, communications, and information technologies, and to help them to become familiar with multi-disciplinary tools, and to become aware of the implications of advances in other fields of engineering, and how these technologies might help them solve civil engineering problems.</AbstractNarration>
    <MinAmdLetterDate>06/06/2003</MinAmdLetterDate>
    <MaxAmdLetterDate>08/30/2006</MaxAmdLetterDate>
    <ARRAAmount/>
    <AwardID>0301797</AwardID>
    <Investigator>
      <FirstName>Steven</FirstName>
      <LastName>Glaser</LastName>
      <EmailAddress>glaser@ce.berkeley.edu</EmailAddress>
      <StartDate>06/06/2003</StartDate>
      <EndDate/>
      <RoleCode>Principal Investigator</RoleCode>
    </Investigator>
    <Institution>
      <Name>University of California-Berkeley</Name>
      <CityName>BERKELEY</CityName>
      <ZipCode>947045940</ZipCode>
      <PhoneNumber>5106428109</PhoneNumber>
      <StreetAddress>Sponsored Projects Office</StreetAddress>
      <CountryName>United States</CountryName>
      <StateName>California</StateName>
      <StateCode>CA</StateCode>
    </Institution>
    <FoaInformation>
      <Code>0308000</Code>
      <Name>Industrial Technology</Name>
    </FoaInformation>
    <ProgramElement>
      <Code>1636</Code>
      <Text>Geotechnical Engineering and M</Text>
    </ProgramElement>
    <ProgramElement>
      <Code>1634</Code>
      <Text>GEOMECHANICS &amp; GEOMATERIALS</Text>
    </ProgramElement>
    <ProgramReference>
      <Code>1039</Code>
      <Text>RENEWAL ENGINEERING</Text>
    </ProgramReference>
    <ProgramReference>
      <Code>1057</Code>
      <Text>CIS BASE RESEARCH</Text>
    </ProgramReference>
    <ProgramReference>
      <Code>1576</Code>
      <Text>NATIONL EARTHQK HZRD REDCT PRG</Text>
    </ProgramReference>
    <ProgramReference>
      <Code>7237</Code>
      <Text>NANO NON-SOLIC SCI &amp; ENG AWD</Text>
    </ProgramReference>
    <ProgramReference>
      <Code>CVIS</Code>
      <Text>CIVIL INFRASTRUCTURE</Text>
    </ProgramReference>
    <ProgramReference>
      <Code>043E</Code>
      <Text>EARTHQUAKE ENGINEERING</Text>
    </ProgramReference>
    <ProgramReference>
      <Code>7234</Code>
      <Text>SENSORS NON-SOLICITATION RESEA</Text>
    </ProgramReference>
  </Award>
</rootTag>
