<?xml version="1.0" encoding="UTF-8"?>

<rootTag>
  <Award>
    <AwardTitle>Operation of the National Center for Atmospheric Research and Support of Other Scientific Activities</AwardTitle>
    <AwardEffectiveDate>10/01/2003</AwardEffectiveDate>
    <AwardExpirationDate>09/30/2011</AwardExpirationDate>
    <AwardAmount>0</AwardAmount>
    <AwardInstrument>
      <Value>Cooperative Agreement</Value>
    </AwardInstrument>
    <Organization>
      <Code>06020300</Code>
      <Directorate>
        <LongName>Directorate For Geosciences</LongName>
      </Directorate>
      <Division>
        <LongName>Div Atmospheric &amp; Geospace Sciences</LongName>
      </Division>
    </Organization>
    <ProgramOfficer>
      <SignBlockName>Sarah L. Ruth</SignBlockName>
    </ProgramOfficer>
    <AbstractNarration>This award to the University Corporation for Atmospheric Research (UCAR) defines the manner in which UCAR will manage the National Center for Atmospheric Sciences, a Federally Funded Research &amp; Development Center (FFRDC) of NSF, in order to conduct and support research in atmospheric sciences and related fields.&lt;br/&gt;&lt;br/&gt;Intellectual merit:&lt;br/&gt;&lt;br/&gt;The NCAR mission is to support, enhance and extend the capabilities of the university community, nationally and internationally; to understand the behavior of the atmospheric sciences and related systems and the global environment; and to foster the transfer of knowledge and technology for the betterment of life on Earth. To fulfill this mission NCAR will: a) Build, operate and maintain broadly accessible, shared observational facilities, computational infrastructure and databases; b) Ensure quality data stewardship and curation; c) Enhance the ability of the community to collectively explore, develop and extend its ideas; d) Facilitate the definition, construction and use of community models; e) Enable the education and development of diverse human capital for the nation's science and engineering needs; f) Attract, support and advance a quality, diverse scientific and technical staff and provide for their continued training and career advancement as befits a national center; g) Foster interdisciplinary and multidisciplinary research; h) Address challenging scientific problems that require long term focus and integration across global, regional and local scales; i) Ensure the application of the best scientific understanding to recognized and emerging problems of interest to society; j) Integrate research and education in an increasingly interdisciplinary and cross disciplinary arena; k) Transfer developed technology to the U.S. Government and the private sector as appropriate; l) Conduct other activities as the awardee and NSF mutually agree upon.&lt;br/&gt;&lt;br/&gt;Broader impacts:&lt;br/&gt;&lt;br/&gt;As manager of the operation of NSF's strategic partnership with NCAR, UCAR will include the nation's university researchers in the full range of NCAR's scientific activities, support the education of graduate students in the atmospheric and related disciplines, and enhance the research endeavors of participating university faculty. Kindergarten to postgraduate educational activities will provide source materials and training opportunities for the integration of research and education at all ages and levels. Outreach programs specifically targeting underrepresented groups will assist them in pursuing careers in the sciences. Research and educational infrastructure needs of interest to the atmospheric and related sciences such as supercomputers, research radars, satellites, instrumented aircraft, and educational networks will be developed and deployed in support of university and government research programs. The results of NCAR research will be broadly disseminated in the scientific literature and presented in scientific meetings, and contribute to the nation's understanding of environmental issues, their societal impacts and enable informed policy and decision making.</AbstractNarration>
    <MinAmdLetterDate>10/06/2003</MinAmdLetterDate>
    <MaxAmdLetterDate>09/29/2010</MaxAmdLetterDate>
    <ARRAAmount/>
    <AwardID>0301213</AwardID>
    <Investigator>
      <FirstName>Richard</FirstName>
      <LastName>Anthes</LastName>
      <EmailAddress>anthes@ucar.edu</EmailAddress>
      <StartDate>10/06/2003</StartDate>
      <EndDate/>
      <RoleCode>Principal Investigator</RoleCode>
    </Investigator>
    <Institution>
      <Name>University Corporation For Atmospheric Res</Name>
      <CityName>Boulder</CityName>
      <ZipCode>803012252</ZipCode>
      <PhoneNumber>3034971000</PhoneNumber>
      <StreetAddress>3090 Center Green Drive</StreetAddress>
      <CountryName>United States</CountryName>
      <StateName>Colorado</StateName>
      <StateCode>CO</StateCode>
    </Institution>
    <FoaInformation>
      <Code>0000099</Code>
      <Name>Other Applications NEC</Name>
    </FoaInformation>
    <ProgramElement>
      <Code>4200</Code>
      <Text>NAT CENTER FOR ATMOSPHERIC RES</Text>
    </ProgramElement>
    <ProgramReference>
      <Code>0000</Code>
      <Text>UNASSIGNED</Text>
    </ProgramReference>
    <ProgramReference>
      <Code>OTHR</Code>
      <Text>OTHER RESEARCH OR EDUCATION</Text>
    </ProgramReference>
  </Award>
</rootTag>
