<?xml version="1.0" encoding="UTF-8"?>

<rootTag>
  <Award>
    <AwardTitle>Workshop On Model Validation And Benchmarking For Tsunami Generation By Submarine Mass Failure; May 30-31-2003; Honolulu, HI</AwardTitle>
    <AwardEffectiveDate>01/01/2003</AwardEffectiveDate>
    <AwardExpirationDate>12/31/2004</AwardExpirationDate>
    <AwardAmount>37000</AwardAmount>
    <AwardInstrument>
      <Value>Standard Grant</Value>
    </AwardInstrument>
    <Organization>
      <Code>07030000</Code>
      <Directorate>
        <LongName>Directorate For Engineering</LongName>
      </Directorate>
      <Division>
        <LongName>Div Of Civil, Mechanical, &amp; Manufact Inn</LongName>
      </Division>
    </Organization>
    <ProgramOfficer>
      <SignBlockName>Richard J. Fragaszy</SignBlockName>
    </ProgramOfficer>
    <AbstractNarration>This action provides support for a workshop on Model Validation and Benchmarking for Tsunami Generation by Submarine Mass Failure. The workshop will be held in Honolulu, Hawaii, May 30-31, 2003, following the ISOPE 2003 conference (International Society for Offshore and Polar Engineers). The latter conference will have a special session on modeling of long wave propagation and runup, which will complement the workshop.&lt;br/&gt;&lt;br/&gt;The aim of the workshop is to define relevant benchmark problems to validate submarine mass failure tsunami numerical models through a number of objectives:&lt;br/&gt;Present existing numerical models of submarine mass failure tsunami generation.&lt;br/&gt;Discuss the range of validity of each model as a function of their basic assumptions.&lt;br/&gt;Identify geological/geotechnical data needed to run each model.&lt;br/&gt;Present existing experimental and field studies of submarine mass failure tsunamis.&lt;br/&gt;Define new experimental benchmark problems needed for model validation.&lt;br/&gt;Identify future landslide tsunami research opportunities.&lt;br/&gt;Publish workshop results in a special journal issue.&lt;br/&gt;&lt;br/&gt;Comparison of submarine mass failure tsunami generation models with experimental data for idealized benchmark problems is used to evaluate and criticize the state of the art. Validating the numerical models against a rigorous set of benchmark problems provides these models with a predictive capability, in the sense that they can be applied to similar problems with some degree of confidence.</AbstractNarration>
    <MinAmdLetterDate>10/29/2002</MinAmdLetterDate>
    <MaxAmdLetterDate>10/29/2002</MaxAmdLetterDate>
    <ARRAAmount/>
    <AwardID>0301862</AwardID>
    <Investigator>
      <FirstName>Stephan</FirstName>
      <LastName>Grilli</LastName>
      <EmailAddress>grilli@oce.uri.edu</EmailAddress>
      <StartDate>10/29/2002</StartDate>
      <EndDate/>
      <RoleCode>Principal Investigator</RoleCode>
    </Investigator>
    <Institution>
      <Name>University of Rhode Island</Name>
      <CityName>KINGSTON</CityName>
      <ZipCode>028811967</ZipCode>
      <PhoneNumber>4018742635</PhoneNumber>
      <StreetAddress>RESEARCH OFFICE</StreetAddress>
      <CountryName>United States</CountryName>
      <StateName>Rhode Island</StateName>
      <StateCode>RI</StateCode>
    </Institution>
    <FoaInformation>
      <Code>0308000</Code>
      <Name>Industrial Technology</Name>
    </FoaInformation>
    <ProgramElement>
      <Code>1636</Code>
      <Text>Geotechnical Engineering and M</Text>
    </ProgramElement>
    <ProgramReference>
      <Code>1039</Code>
      <Text>RENEWAL ENGINEERING</Text>
    </ProgramReference>
    <ProgramReference>
      <Code>1057</Code>
      <Text>CIS BASE RESEARCH</Text>
    </ProgramReference>
    <ProgramReference>
      <Code>1576</Code>
      <Text>NATIONL EARTHQK HZRD REDCT PRG</Text>
    </ProgramReference>
    <ProgramReference>
      <Code>CVIS</Code>
      <Text>CIVIL INFRASTRUCTURE</Text>
    </ProgramReference>
  </Award>
</rootTag>
