<?xml version="1.0" encoding="UTF-8"?>

<rootTag>
  <Award>
    <AwardTitle>Interacting Particle Systems</AwardTitle>
    <AwardEffectiveDate>07/01/2003</AwardEffectiveDate>
    <AwardExpirationDate>06/30/2009</AwardExpirationDate>
    <AwardAmount>578461</AwardAmount>
    <AwardInstrument>
      <Value>Continuing grant</Value>
    </AwardInstrument>
    <Organization>
      <Code>03040200</Code>
      <Directorate>
        <LongName>Direct For Mathematical &amp; Physical Scien</LongName>
      </Directorate>
      <Division>
        <LongName>Division Of Mathematical Sciences</LongName>
      </Division>
    </Organization>
    <ProgramOfficer>
      <SignBlockName>Tomek Bartoszynski</SignBlockName>
    </ProgramOfficer>
    <AbstractNarration>0301795&lt;br/&gt;Liggett&lt;br/&gt; The project addresses several problems in interacting particle systems and related areas of probability theory. One collection of problems involves the stationary distributions for exclusion processes with drift in both one and higher dimensions. Recent work of the investigator showed the existence of stationary blocking measures in one dimension under weak assumptions. The next set of problems concerns the existence of nonblocking stationary profile measures in one dimension and of nonreversible stationary blocking measures in higher dimensions -- in neither case are there any known examples. Other problems involve (a) connections between the symmetric exclusion process and negative dependence, (b) the extent to which the known theory of the symmetric exclusion process extends to processes with a few asymmetries, (c) the analysis of some infinite systems motivated by the investigator's recent work on a class of models in sociology, and (d) the computation of the critical values for a family of reversible growth models on homogeneous trees. &lt;br/&gt; Many problems in the natural and social sciences involve the behavior of large numbers of individuals (people, molecules, cars, viruses, etc.) that interact in unpredictable ways. This lack of predictability is modeled by randomness. One of the fundamental contributions of probability theory in the past century is the realization that large populations display a significant amount of predictability and order in spite of the lack of predictability of the actions of the individuals in the population. This project is aimed at gaining a better understanding of several models of this general type. Among them are: (a) the exclusion process, which models particle motion, traffic flow, and the behavior of ribosomes in biology, (b) certain growth models that are partly motivated by tumor growth and conflicts between competing populations, and (c) models from sociology, in which relationships among individuals are altered by the exchange of gifts or rewards. In each case, the objective is to determine the long time behavior of the system.</AbstractNarration>
    <MinAmdLetterDate>04/09/2003</MinAmdLetterDate>
    <MaxAmdLetterDate>05/03/2007</MaxAmdLetterDate>
    <ARRAAmount/>
    <AwardID>0301795</AwardID>
    <Investigator>
      <FirstName>Thomas</FirstName>
      <LastName>Liggett</LastName>
      <EmailAddress>tml@math.ucla.edu</EmailAddress>
      <StartDate>04/09/2003</StartDate>
      <EndDate/>
      <RoleCode>Principal Investigator</RoleCode>
    </Investigator>
    <Institution>
      <Name>University of California-Los Angeles</Name>
      <CityName>LOS ANGELES</CityName>
      <ZipCode>900951406</ZipCode>
      <PhoneNumber>3107940102</PhoneNumber>
      <StreetAddress>10889 Wilshire Boulevard</StreetAddress>
      <CountryName>United States</CountryName>
      <StateName>California</StateName>
      <StateCode>CA</StateCode>
    </Institution>
    <FoaInformation>
      <Code>0000099</Code>
      <Name>Other Applications NEC</Name>
    </FoaInformation>
    <ProgramElement>
      <Code>1263</Code>
      <Text>PROBABILITY</Text>
    </ProgramElement>
    <ProgramReference>
      <Code>0000</Code>
      <Text>UNASSIGNED</Text>
    </ProgramReference>
    <ProgramReference>
      <Code>OTHR</Code>
      <Text>OTHER RESEARCH OR EDUCATION</Text>
    </ProgramReference>
  </Award>
</rootTag>
