<?xml version="1.0" encoding="UTF-8"?>

<rootTag>
  <Award>
    <AwardTitle>RUI: Formulation for Coupled Composition-Thermoelectromechanics in Polycrystalline Thin Film Structures</AwardTitle>
    <AwardEffectiveDate>05/01/2003</AwardEffectiveDate>
    <AwardExpirationDate>04/30/2006</AwardExpirationDate>
    <AwardAmount>146414</AwardAmount>
    <AwardInstrument>
      <Value>Standard Grant</Value>
    </AwardInstrument>
    <Organization>
      <Code>07030000</Code>
      <Directorate>
        <LongName>Directorate For Engineering</LongName>
      </Directorate>
      <Division>
        <LongName>Div Of Civil, Mechanical, &amp; Manufact Inn</LongName>
      </Division>
    </Organization>
    <ProgramOfficer>
      <SignBlockName>Clark V. Cooper</SignBlockName>
    </ProgramOfficer>
    <AbstractNarration>RUI: Formulation for Coupled Composition-Thermoelectromechanics in&lt;br/&gt;Polycrystalline Thin Film Structures&lt;br/&gt;Lori C. Bassman&lt;br/&gt;&lt;br/&gt;The thin film metal lines that comprise microelectronic interconnects&lt;br/&gt;experience large variations in thermal conditions. During&lt;br/&gt;fabrication, processing steps at different temperatures result in&lt;br/&gt;significant thermal stresses, and under operating conditions the heat&lt;br/&gt;generated through Joule heating subjects the lines to elevated&lt;br/&gt;temperatures. The focus of this project is to incorporate the effects&lt;br/&gt;of spatially varying temperature, along with electrical conduction,&lt;br/&gt;into a lattice-level model for the coupled composition and mechanics&lt;br/&gt;of thin film polycrystalline materials. The ability to solve coupled&lt;br/&gt;composition, mechanics, electrical, and thermal problems on a general&lt;br/&gt;polycrystalline domain will provide opportunities for greater&lt;br/&gt;understanding of the physical phenomena occurring in ever-smaller&lt;br/&gt;interconnect structures. It also will enhance general capability to&lt;br/&gt;study these phenomena in a variety of crystalline materials relevant&lt;br/&gt;to the microelectronics industry. All facets of this project,&lt;br/&gt;including expansion of the formulation, implementation in a finite&lt;br/&gt;element code using specialized numerical methods, and validation of&lt;br/&gt;the model with experimental studies from the literature, are to be&lt;br/&gt;completed with substantial participation of undergraduate students at&lt;br/&gt;Harvey Mudd College.</AbstractNarration>
    <MinAmdLetterDate>03/11/2003</MinAmdLetterDate>
    <MaxAmdLetterDate>03/11/2003</MaxAmdLetterDate>
    <ARRAAmount/>
    <AwardID>0301779</AwardID>
    <Investigator>
      <FirstName>Lori</FirstName>
      <LastName>Bassman</LastName>
      <EmailAddress>Lori_Bassman@hmc.edu</EmailAddress>
      <StartDate>03/11/2003</StartDate>
      <EndDate/>
      <RoleCode>Principal Investigator</RoleCode>
    </Investigator>
    <Institution>
      <Name>Harvey Mudd College</Name>
      <CityName>CLAREMONT</CityName>
      <ZipCode>917115901</ZipCode>
      <PhoneNumber>9096218121</PhoneNumber>
      <StreetAddress>301 Platt Boulevard</StreetAddress>
      <CountryName>United States</CountryName>
      <StateName>California</StateName>
      <StateCode>CA</StateCode>
    </Institution>
    <FoaInformation>
      <Code>0308000</Code>
      <Name>Industrial Technology</Name>
    </FoaInformation>
  </Award>
</rootTag>
