<?xml version="1.0" encoding="UTF-8"?>

<rootTag>
  <Award>
    <AwardTitle>RUI: Theoretical Investigation of CP Violation in Non-Standard Models</AwardTitle>
    <AwardEffectiveDate>07/01/2003</AwardEffectiveDate>
    <AwardExpirationDate>06/30/2006</AwardExpirationDate>
    <AwardAmount>76491</AwardAmount>
    <AwardInstrument>
      <Value>Continuing grant</Value>
    </AwardInstrument>
    <Organization>
      <Code>03010500</Code>
      <Directorate>
        <LongName>Direct For Mathematical &amp; Physical Scien</LongName>
      </Directorate>
      <Division>
        <LongName>Division Of Physics</LongName>
      </Division>
    </Organization>
    <ProgramOfficer>
      <SignBlockName>Frederick Cooper</SignBlockName>
    </ProgramOfficer>
    <AbstractNarration>A very important issue in particle physics today is searching for signals of physics beyond the standard model. The B meson system is especially important in that decays of this particle are very sensate to possible novel sources of CP violation that occur in non-standard models. This research will focus on two classes of models which are extensions of the standard model, namely left-right models and multi-Higgs models.&lt;br/&gt;One aspect of the proposal will be to formulate new observables or techniques that might be used to help discriminate low energy signals of new physics. CP asymmetries that will be examined include possible decays of the b quark into a strange quark and photon or dilepton pair, as well as decays of the B into J/psi and phi mesons.</AbstractNarration>
    <MinAmdLetterDate>07/01/2003</MinAmdLetterDate>
    <MaxAmdLetterDate>03/28/2005</MaxAmdLetterDate>
    <ARRAAmount/>
    <AwardID>0301964</AwardID>
    <Investigator>
      <FirstName>Ken</FirstName>
      <LastName>Kiers</LastName>
      <EmailAddress>knkiers@taylor.edu</EmailAddress>
      <StartDate>07/01/2003</StartDate>
      <EndDate/>
      <RoleCode>Principal Investigator</RoleCode>
    </Investigator>
    <Institution>
      <Name>Taylor University</Name>
      <CityName>Upland</CityName>
      <ZipCode>469891001</ZipCode>
      <PhoneNumber>7659985119</PhoneNumber>
      <StreetAddress>236 West Reade Avenue</StreetAddress>
      <CountryName>United States</CountryName>
      <StateName>Indiana</StateName>
      <StateCode>IN</StateCode>
    </Institution>
    <FoaInformation>
      <Code>0000099</Code>
      <Name>Other Applications NEC</Name>
    </FoaInformation>
  </Award>
</rootTag>
