<?xml version="1.0" encoding="UTF-8"?>

<rootTag>
  <Award>
    <AwardTitle>Postdoctoral Research Fellowship in Microbial Biology for FY 2003</AwardTitle>
    <AwardEffectiveDate>08/01/2003</AwardEffectiveDate>
    <AwardExpirationDate>07/31/2006</AwardExpirationDate>
    <AwardAmount>150000</AwardAmount>
    <AwardInstrument>
      <Value>Fellowship</Value>
    </AwardInstrument>
    <Organization>
      <Code>08080308</Code>
      <Directorate>
        <LongName>Direct For Biological Sciences</LongName>
      </Directorate>
      <Division>
        <LongName>Div Of Biological Infrastructure</LongName>
      </Division>
    </Organization>
    <ProgramOfficer>
      <SignBlockName>Carter Kimsey</SignBlockName>
    </ProgramOfficer>
    <AbstractNarration>This action funds an NSF Postdoctoral Fellowship in Microbial Biology for FY2003. The fellowship supports training and research on the basic biology of protozoan, microalgal, fungal, archaeal, bacterial and viral species that are not generally considered to be model organisms. Further, it provides opportunities for recent doctoral recipients to obtain additional training in microbial biology, to gain research experience under the sponsorship of established scientists, and to broaden his/her scientific horizons beyond the research experiences during the undergraduate and graduate training. These fellowships are further designed to assist new scientists to direct their research efforts across traditional disciplinary lines and to avail themselves of unique research resources, sites, and facilities, including foreign locations. &lt;br/&gt;&lt;br/&gt;The research and training plan is entitled "Linking genetic regulatory circuits to ecophysiological function in fungi that process carbon and nitrogen in forest ecosystems." This research integrates DNA gene expression profiles and compound specific isotope analyses to understand the link between genetic regulatory circuits and ecophysiological function in fungi. The symbiosis between fungi and plants is selected for study since it represents a microbial system with coordinated physiologies that encompasses multi-trophic relationships and plays a dominant role in nutrient cycling.</AbstractNarration>
    <MinAmdLetterDate>06/10/2003</MinAmdLetterDate>
    <MaxAmdLetterDate>06/10/2003</MaxAmdLetterDate>
    <ARRAAmount/>
    <AwardID>0301548</AwardID>
    <Investigator>
      <FirstName>Matthew</FirstName>
      <LastName>Henn</LastName>
      <EmailAddress/>
      <StartDate>06/10/2003</StartDate>
      <EndDate/>
      <RoleCode>Principal Investigator</RoleCode>
    </Investigator>
    <Institution>
      <Name>Henn, Matthew R</Name>
      <CityName>Durham</CityName>
      <ZipCode>277080340</ZipCode>
      <PhoneNumber></PhoneNumber>
      <StreetAddress></StreetAddress>
      <CountryName>United States</CountryName>
      <StateName>North Carolina</StateName>
      <StateCode>NC</StateCode>
    </Institution>
  </Award>
</rootTag>
