<?xml version="1.0" encoding="UTF-8"?>

<rootTag>
  <Award>
    <AwardTitle>Peptide Based Macrocycles as Chemosensors for Metal Ions</AwardTitle>
    <AwardEffectiveDate>06/15/2002</AwardEffectiveDate>
    <AwardExpirationDate>06/30/2005</AwardExpirationDate>
    <AwardAmount>99756</AwardAmount>
    <AwardInstrument>
      <Value>Continuing grant</Value>
    </AwardInstrument>
    <Organization>
      <Code>03090003</Code>
      <Directorate>
        <LongName>Direct For Mathematical &amp; Physical Scien</LongName>
      </Directorate>
      <Division>
        <LongName>Division Of Chemistry</LongName>
      </Division>
    </Organization>
    <ProgramOfficer>
      <SignBlockName>Tyrone D. Mitchell</SignBlockName>
    </ProgramOfficer>
    <AbstractNarration>This project has as its long-term goal the development of chemosensing molecules that bind metal ions and signal specific metal ion binding. The specific aims of this study are to design and synthesize peptide derived macrocyclic ligands with an intrinsic fluorescent signal to indicate metal ion binding. The strategy is to employ peptide based macrocycles incorporating intrinsic signalling molecules that display a fluorescence response. The ion binding selectivities will be comparatively studied by NMR, CD, potentiometry and fluorescence techniques. Ground state properties of these macrocycles, in the solid state as well as in solution, will be investigated by X-ray diffraction methods, NMR and conformational analysis.&lt;br/&gt;&lt;br/&gt;With this Award, the Organic and Macromolecular Chemistry Program's Organic Dynamics Program supports the research of Professor Maria Ngu-Schwemlein of Southern University. Professor Ngu-Schwemlein proposes to study the interactions between metal ions and small molecules that are modeled on proteins. With a detectable interaction between these molecules and specific ions, applications toward ion selective sensors, ion chromatography, and metal ion detoxification will be possible.</AbstractNarration>
    <MinAmdLetterDate>12/06/2002</MinAmdLetterDate>
    <MaxAmdLetterDate>12/06/2002</MaxAmdLetterDate>
    <ARRAAmount/>
    <AwardID>0301097</AwardID>
    <Investigator>
      <FirstName>Maria</FirstName>
      <LastName>Ngu-Schwemlein</LastName>
      <EmailAddress>schwemleinmn@wssu.edu</EmailAddress>
      <StartDate>12/06/2002</StartDate>
      <EndDate/>
      <RoleCode>Principal Investigator</RoleCode>
    </Investigator>
    <Institution>
      <Name>University of South Alabama</Name>
      <CityName>Mobile</CityName>
      <ZipCode>366880002</ZipCode>
      <PhoneNumber>2514606333</PhoneNumber>
      <StreetAddress>307 University Boulevard</StreetAddress>
      <CountryName>United States</CountryName>
      <StateName>Alabama</StateName>
      <StateCode>AL</StateCode>
    </Institution>
    <FoaInformation>
      <Code>0000099</Code>
      <Name>Other Applications NEC</Name>
    </FoaInformation>
  </Award>
</rootTag>
