<?xml version="1.0" encoding="UTF-8"?>

<rootTag>
  <Award>
    <AwardTitle>An Isothermal Titration Calorimeter to Study Thermodynamics of Molecular Recognition and Function</AwardTitle>
    <AwardEffectiveDate>05/01/2003</AwardEffectiveDate>
    <AwardExpirationDate>04/30/2005</AwardExpirationDate>
    <AwardAmount>55650</AwardAmount>
    <AwardInstrument>
      <Value>Standard Grant</Value>
    </AwardInstrument>
    <Organization>
      <Code>08080200</Code>
      <Directorate>
        <LongName>Direct For Biological Sciences</LongName>
      </Directorate>
      <Division>
        <LongName>Div Of Biological Infrastructure</LongName>
      </Division>
    </Organization>
    <ProgramOfficer>
      <SignBlockName>Gerald Selzer</SignBlockName>
    </ProgramOfficer>
    <AbstractNarration>This award supports the purchase of an Isothermal Titration Calorimeter (ITC) to be used for experimental thermodynamic analyses of biomolecular recognition and function. Calorimetric studies permit characterization of enzymatic reactions and, as well, study of non-covalent interactions between proteins and various other molecules, both large and small. The instrument will be placed in the University's core facility for protein studies where it will be available to faculty from throughout the institution. Initially, five investigators and thirty to fifty trainees in their laboratories are expected to be the major users. Planned studies that will use the instrument include the experimental identification of substrates of nitrilase-related enzymes; analysis of dual specificity tRNA synthetases; characterization of protein/DNA and protein/protein interactions important for avidity; measurement of the binding of small cyclic peptides and their cellular targets; and evaluation of the thermodynamics interaction of T-cell receptors and their natural signaling ligands. In addition to its use in research, the instrument will be used to support a curriculum change in the University's graduate biophysics course that will provide a new emphasis on calorimetric approaches to the study of molecular interactions.</AbstractNarration>
    <MinAmdLetterDate>04/29/2003</MinAmdLetterDate>
    <MaxAmdLetterDate>04/29/2003</MaxAmdLetterDate>
    <ARRAAmount/>
    <AwardID>0301673</AwardID>
    <Investigator>
      <FirstName>James</FirstName>
      <LastName>Jaynes</LastName>
      <EmailAddress>james.jaynes@jefferson.edu</EmailAddress>
      <StartDate>04/29/2003</StartDate>
      <EndDate/>
      <RoleCode>Co-Principal Investigator</RoleCode>
    </Investigator>
    <Investigator>
      <FirstName>Ya-Ming</FirstName>
      <LastName>Hou</LastName>
      <EmailAddress>Ya-Ming.Hou@jefferson.edu</EmailAddress>
      <StartDate>04/29/2003</StartDate>
      <EndDate/>
      <RoleCode>Co-Principal Investigator</RoleCode>
    </Investigator>
    <Investigator>
      <FirstName>Charles</FirstName>
      <LastName>Brenner</LastName>
      <EmailAddress/>
      <StartDate>04/29/2003</StartDate>
      <EndDate/>
      <RoleCode>Co-Principal Investigator</RoleCode>
    </Investigator>
    <Investigator>
      <FirstName>Charles</FirstName>
      <LastName>Scott</LastName>
      <EmailAddress>Charles.Scott@mail.tju.edu</EmailAddress>
      <StartDate>04/29/2003</StartDate>
      <EndDate/>
      <RoleCode>Co-Principal Investigator</RoleCode>
    </Investigator>
    <Investigator>
      <FirstName>Yuri</FirstName>
      <LastName>Sykulev</LastName>
      <EmailAddress>ysykulev@mail.jci.tju.edu</EmailAddress>
      <StartDate>04/29/2003</StartDate>
      <EndDate/>
      <RoleCode>Principal Investigator</RoleCode>
    </Investigator>
    <Institution>
      <Name>Thomas Jefferson University</Name>
      <CityName>PHILADELPHIA</CityName>
      <ZipCode>191075587</ZipCode>
      <PhoneNumber>2155036976</PhoneNumber>
      <StreetAddress>1020 WALNUT ST</StreetAddress>
      <CountryName>United States</CountryName>
      <StateName>Pennsylvania</StateName>
      <StateCode>PA</StateCode>
    </Institution>
  </Award>
</rootTag>
