<?xml version="1.0" encoding="UTF-8"?>

<rootTag>
  <Award>
    <AwardTitle>Forced Vibration Tests of the Foundation and Surrounding Soil at the NEES Large High Performance Shake Table</AwardTitle>
    <AwardEffectiveDate>06/01/2003</AwardEffectiveDate>
    <AwardExpirationDate>02/29/2008</AwardExpirationDate>
    <AwardAmount>300000</AwardAmount>
    <AwardInstrument>
      <Value>Continuing grant</Value>
    </AwardInstrument>
    <Organization>
      <Code>07030000</Code>
      <Directorate>
        <LongName>Directorate For Engineering</LongName>
      </Directorate>
      <Division>
        <LongName>Div Of Civil, Mechanical, &amp; Manufact Inn</LongName>
      </Division>
    </Organization>
    <ProgramOfficer>
      <SignBlockName>Richard J. Fragaszy</SignBlockName>
    </ProgramOfficer>
    <AbstractNarration>This action is to support forced vibration tests of the reinforced concrete foundation block and of the soils in the vicinity of the National Earthquake Engineering Simulation (NEES) Large High-Performance Shake Table at Camp Elliott, University of California-San Diego. The objective is to obtain fundamental information on the concept of using soil stiffness and radiation damping to reduce the necessity for extremely massive and deeply embedded foundations to resist dynamic and static loading.&lt;br/&gt;&lt;br/&gt;The tests will be conducted upon completion of the excavation for the foundation and the adjacent soil pits, and again, after completion of the reinforced concrete foundation block. This will be done in collaboration with researchers associated with the NEES Field Testing Facility at UCLA and with the Centro de Investigacion Cientifica y de Educacion Superior de Ensenada (CICESE), Ensenada, Mexico. In the initial tests, eccentric mass shakers will be placed at the bottom of the excavations for the foundation block of the shake table and for the foundation of the adjacent equipment building. Measurements will be made of the dynamic response at dense arrays on the cavities for the foundations, on the adjacent soil pit and on the ground surface up to a distance of 200 meters. The tests will be repeated after the foundation block for the shake table and the foundation for the equipment building have been completed.&lt;br/&gt;&lt;br/&gt;The first objective of the project is to take advantage of limited time-windows to obtain dynamic ground motion data and, by inference, geotechnical data to be used in the development of a virtual model of the complete NEES Large High-Performance Shake Table facility at Camp Elliott. The second objective is to validate a new design approach for foundations subjected to impact loads that use soil stiffness and radiation damping to substitute for part of the foundation block, leading to a more economical installation. If fully validated, this approach, which takes advantage of advances in analysis of dynamic soil-foundation interaction, will result in significant savings.&lt;br/&gt;&lt;br/&gt;The project will play an important role in efforts to model the seismic and vibration response of structures in dense urban environments. The project will provide a unique training opportunity for undergraduate and graduate. students, will be useful in integrating the results of research into undergraduate and graduate courses on geotechnical and earthquake engineering, and will test the tele-observation capabilities from the UCSD NEES site at Camp Elliott.</AbstractNarration>
    <MinAmdLetterDate>04/29/2003</MinAmdLetterDate>
    <MaxAmdLetterDate>06/11/2007</MaxAmdLetterDate>
    <ARRAAmount/>
    <AwardID>0301785</AwardID>
    <Investigator>
      <FirstName>Joel</FirstName>
      <LastName>Conte</LastName>
      <EmailAddress>jpconte@ucsd.edu</EmailAddress>
      <StartDate>04/29/2003</StartDate>
      <EndDate/>
      <RoleCode>Co-Principal Investigator</RoleCode>
    </Investigator>
    <Investigator>
      <FirstName>J</FirstName>
      <LastName>Luco</LastName>
      <EmailAddress>jeluco@ucsd.edu</EmailAddress>
      <StartDate>04/29/2003</StartDate>
      <EndDate/>
      <RoleCode>Principal Investigator</RoleCode>
    </Investigator>
    <Institution>
      <Name>University of California-San Diego</Name>
      <CityName>La Jolla</CityName>
      <ZipCode>920930934</ZipCode>
      <PhoneNumber>8585344896</PhoneNumber>
      <StreetAddress>Office of Contract &amp; Grant Admin</StreetAddress>
      <CountryName>United States</CountryName>
      <StateName>California</StateName>
      <StateCode>CA</StateCode>
    </Institution>
    <FoaInformation>
      <Code>0308000</Code>
      <Name>Industrial Technology</Name>
    </FoaInformation>
    <ProgramElement>
      <Code>1636</Code>
      <Text>Geotechnical Engineering and M</Text>
    </ProgramElement>
    <ProgramReference>
      <Code>1039</Code>
      <Text>RENEWAL ENGINEERING</Text>
    </ProgramReference>
    <ProgramReference>
      <Code>1057</Code>
      <Text>CIS BASE RESEARCH</Text>
    </ProgramReference>
    <ProgramReference>
      <Code>1576</Code>
      <Text>NATIONL EARTHQK HZRD REDCT PRG</Text>
    </ProgramReference>
    <ProgramReference>
      <Code>CVIS</Code>
      <Text>CIVIL INFRASTRUCTURE</Text>
    </ProgramReference>
  </Award>
</rootTag>
