<?xml version="1.0" encoding="UTF-8"?>

<rootTag>
  <Award>
    <AwardTitle>Integrated System for the Detection of Differential Sonic Energy Reflection by Soft Tissues</AwardTitle>
    <AwardEffectiveDate>02/01/2003</AwardEffectiveDate>
    <AwardExpirationDate>07/31/2006</AwardExpirationDate>
    <AwardAmount>93300</AwardAmount>
    <AwardInstrument>
      <Value>Standard Grant</Value>
    </AwardInstrument>
    <Organization>
      <Code>05010800</Code>
      <Directorate>
        <LongName>Direct For Computer &amp; Info Scie &amp; Enginr</LongName>
      </Directorate>
      <Division>
        <LongName>Division of Computing and Communication Foundations</LongName>
      </Division>
    </Organization>
    <ProgramOfficer>
      <SignBlockName>John Cozzens</SignBlockName>
    </ProgramOfficer>
    <AbstractNarration>ABSTRACT&lt;br/&gt;0301666&lt;br/&gt;JOHN J. WILD&lt;br/&gt;ELLEN L. WILD &lt;br/&gt;&lt;br/&gt;It is proposed to finalize development, construction, testing and evaluation of the tentative prototype of a novel system for mapping from the surface ectopic foci within pleomorphic soft tissues. The research will produce an entirely distinctive approach to scanning, detecting, and characterizing the presence of abnormal foci in soft tissues. The proposed system is expected to provide far more accurate, numerical, objective characterization of soft cellular tissues as compared to that of extant leading technologies.</AbstractNarration>
    <MinAmdLetterDate>02/06/2003</MinAmdLetterDate>
    <MaxAmdLetterDate>06/28/2005</MaxAmdLetterDate>
    <ARRAAmount/>
    <AwardID>0301666</AwardID>
    <Investigator>
      <FirstName>John</FirstName>
      <LastName>Wild</LastName>
      <EmailAddress/>
      <StartDate>02/06/2003</StartDate>
      <EndDate/>
      <RoleCode>Principal Investigator</RoleCode>
    </Investigator>
    <Institution>
      <Name>Wild Ellen L</Name>
      <CityName>New Haven</CityName>
      <ZipCode>065113837</ZipCode>
      <PhoneNumber></PhoneNumber>
      <StreetAddress></StreetAddress>
      <CountryName>United States</CountryName>
      <StateName>Connecticut</StateName>
      <StateCode>CT</StateCode>
    </Institution>
  </Award>
</rootTag>
