<?xml version="1.0" encoding="UTF-8"?>

<rootTag>
  <Award>
    <AwardTitle>Postdoctoral Research Fellowship in Microbial Biology for FY 2003</AwardTitle>
    <AwardEffectiveDate>07/01/2003</AwardEffectiveDate>
    <AwardExpirationDate>06/30/2005</AwardExpirationDate>
    <AwardAmount>100000</AwardAmount>
    <AwardInstrument>
      <Value>Fellowship</Value>
    </AwardInstrument>
    <Organization>
      <Code>08080308</Code>
      <Directorate>
        <LongName>Direct For Biological Sciences</LongName>
      </Directorate>
      <Division>
        <LongName>Div Of Biological Infrastructure</LongName>
      </Division>
    </Organization>
    <ProgramOfficer>
      <SignBlockName>Carter Kimsey</SignBlockName>
    </ProgramOfficer>
    <AbstractNarration>This action funds an NSF Postdoctoral Fellowship in Microbial biology for FY2003. The fellowship supports training and research on the basic biology of protozoan, microalgal, fungal, archaeal, bacterial and viral species that are not generally considered to be model organisms. Further, it provides opportunities for recent doctoral recipients to obtain additional training in microbial biology, to gain research experience under the sponsorship of established scientists, and to broaden their scientific horizons beyond the research experiences during the undergraduate and graduate training. These fellowships are further designed to assist new scientists to direct their research efforts across traditional disciplinary lines and to avail themselves of unique research resources, sites, and facilities, including foreign locations.&lt;br/&gt;&lt;br/&gt;The research and training plan is entitled "Placing soil microorganisms into an ecosystem context: the dynamics of microbial communities in soils of the southwestern U.S." The proposed research addresses two fundamental and important questions: (1) how are soil microbial communities influenced by changes in vegetation and climate? and (2) how do microbial community dynamics influence soil carbon cycling processes? This work promises to improve our understanding of how climate change and the widespread conversion of grasslands to shrublands in the southwestern U.S. affects soil carbon storage.</AbstractNarration>
    <MinAmdLetterDate>06/11/2003</MinAmdLetterDate>
    <MaxAmdLetterDate>06/11/2003</MaxAmdLetterDate>
    <ARRAAmount/>
    <AwardID>0301773</AwardID>
    <Investigator>
      <FirstName>Noah</FirstName>
      <LastName>Fierer</LastName>
      <EmailAddress/>
      <StartDate>06/11/2003</StartDate>
      <EndDate/>
      <RoleCode>Principal Investigator</RoleCode>
    </Investigator>
    <Institution>
      <Name>Fierer, Noah G</Name>
      <CityName>Durham</CityName>
      <ZipCode>27708</ZipCode>
      <PhoneNumber></PhoneNumber>
      <StreetAddress></StreetAddress>
      <CountryName>United States</CountryName>
      <StateName>North Carolina</StateName>
      <StateCode>NC</StateCode>
    </Institution>
  </Award>
</rootTag>
