<?xml version="1.0" encoding="UTF-8"?>

<rootTag>
  <Award>
    <AwardTitle>US-Support for the Global Biodiversity Information Facility</AwardTitle>
    <AwardEffectiveDate>05/15/2003</AwardEffectiveDate>
    <AwardExpirationDate>04/30/2008</AwardExpirationDate>
    <AwardAmount>3385000</AwardAmount>
    <AwardInstrument>
      <Value>Continuing grant</Value>
    </AwardInstrument>
    <Organization>
      <Code>01090000</Code>
      <Directorate>
        <LongName>Office Of The Director</LongName>
      </Directorate>
      <Division>
        <LongName>Office Of Internatl Science &amp;Engineering</LongName>
      </Division>
    </Organization>
    <ProgramOfficer>
      <SignBlockName>Edward Murdy</SignBlockName>
    </ProgramOfficer>
    <AbstractNarration>0301149 &lt;br/&gt;Lane&lt;br/&gt;&lt;br/&gt;This award provides five years of U.S. support for the Global Biological Information Facility (GBIF), a multilateral organization headquartered in Copenhagen, Denmark. GBIF is a coordinated international scientific effort to enable users throughout the world to discover and put to use vast quantities of global biodiversity data. GBIF will develop an interoperable network of biodiversity databases and related information technology tools. Near term GBIF developments will focus on species- and specimen-level data. Mid-term development will concentrate on expansion of content, additional improvements of search engines and tools to combine data from different sources. In the long term, GBIF will provide a portal that enables simultaneous queries against biodiversity, molecular, genetic, ecological and ecosystem level databases, which will facilitate and enable "data mining" of unprecedented utility and scientific merit.</AbstractNarration>
    <MinAmdLetterDate>07/10/2003</MinAmdLetterDate>
    <MaxAmdLetterDate>11/02/2006</MaxAmdLetterDate>
    <ARRAAmount/>
    <AwardID>0301149</AwardID>
    <Investigator>
      <FirstName>Christoph</FirstName>
      <LastName>Haeuser</LastName>
      <EmailAddress>chaeuser@gmx.de</EmailAddress>
      <StartDate>07/10/2003</StartDate>
      <EndDate/>
      <RoleCode>Co-Principal Investigator</RoleCode>
    </Investigator>
    <Investigator>
      <FirstName>Meredith</FirstName>
      <LastName>Lane</LastName>
      <EmailAddress>mlane@nas.edu</EmailAddress>
      <StartDate>07/10/2003</StartDate>
      <EndDate/>
      <RoleCode>Principal Investigator</RoleCode>
    </Investigator>
    <Institution>
      <Name>Global Biodiversity Information Facility Secretariat</Name>
      <CityName>Copenhagen</CityName>
      <ZipCode>2100</ZipCode>
      <PhoneNumber>4535321470</PhoneNumber>
      <StreetAddress>Universitetsparken 15</StreetAddress>
      <CountryName>Denmark</CountryName>
      <StateName/>
      <StateCode/>
    </Institution>
    <FoaInformation>
      <Code>0114000</Code>
      <Name>Endangered Species</Name>
    </FoaInformation>
    <FoaInformation>
      <Code>0510204</Code>
      <Name>Data Banks &amp; Software Design</Name>
    </FoaInformation>
    <FoaInformation>
      <Code>0510602</Code>
      <Name>Ecosystem Dynamics</Name>
    </FoaInformation>
  </Award>
</rootTag>
