<?xml version="1.0" encoding="UTF-8"?>

<rootTag>
  <Award>
    <AwardTitle>Doctoral Dissertation Research: Contemporary Catholic Identities</AwardTitle>
    <AwardEffectiveDate>05/01/2003</AwardEffectiveDate>
    <AwardExpirationDate>04/30/2005</AwardExpirationDate>
    <AwardAmount>6010</AwardAmount>
    <AwardInstrument>
      <Value>Standard Grant</Value>
    </AwardInstrument>
    <Organization>
      <Code>04050200</Code>
      <Directorate>
        <LongName>Direct For Social, Behav &amp; Economic Scie</LongName>
      </Directorate>
      <Division>
        <LongName>Divn Of Social and Economic Sciences</LongName>
      </Division>
    </Organization>
    <ProgramOfficer>
      <SignBlockName>Beth Rubin</SignBlockName>
    </ProgramOfficer>
    <AbstractNarration>This is a study of the divisions within US Catholicism. The study of Catholicism provides a unique opportunity to examine how competing religious identities and movements can develop and remain in opposition within a single overarching institution. Whereas conflicting Protestant identities and movements have often brought about denominational splits, competing identities and movements within Catholicism have not. The tension between the forces dividing Catholics on religious and social issues and those unifying them as one people is the subject of this dissertation. Two methods will be used to analyze differences between traditional, moderate, and liberal Catholics: (1) in-depth interviews with 60 members of three Midwestern parishes and (2) national survey data from the General Social Surveys of 1998 and 2000. Four basic research questions will be addressed: (1) Are the labels "traditional," "moderate," and "liberal." meaningful to ordinary Catholics? (2) Are these identities connected to theological differences, intra-church conflicts, and religious movements? (3) How do Catholics create and negotiate separate spaces for traditional, moderates, and liberals within a single Church? (4) What are the key social and economic issues separating traditional, moderates, and liberals? The contribution of this research to social science is centered in contributions to be made to the study of religious identities and institutions. At a time when religious identities are increasingly politicized throughout the world, it is important to understand how these identities develop and are maintained. Investigating how these identities interact within a unified institutional setting will also allow us to more fully understand the religious forces that divide us from each other and those that unify us.</AbstractNarration>
    <MinAmdLetterDate>04/23/2003</MinAmdLetterDate>
    <MaxAmdLetterDate>04/23/2003</MaxAmdLetterDate>
    <ARRAAmount/>
    <AwardID>0302616</AwardID>
    <Investigator>
      <FirstName>Robert</FirstName>
      <LastName>Robinson</LastName>
      <EmailAddress>robinsor@indiana.edu</EmailAddress>
      <StartDate>04/23/2003</StartDate>
      <EndDate/>
      <RoleCode>Principal Investigator</RoleCode>
    </Investigator>
    <Institution>
      <Name>Indiana University</Name>
      <CityName>Bloomington</CityName>
      <ZipCode>474013654</ZipCode>
      <PhoneNumber>8128550516</PhoneNumber>
      <StreetAddress>509 E 3RD ST</StreetAddress>
      <CountryName>United States</CountryName>
      <StateName>Indiana</StateName>
      <StateCode>IN</StateCode>
    </Institution>
    <FoaInformation>
      <Code>0116000</Code>
      <Name>Human Subjects</Name>
    </FoaInformation>
    <ProgramElement>
      <Code>1331</Code>
      <Text>SOCIOLOGY</Text>
    </ProgramElement>
    <ProgramReference>
      <Code>9179</Code>
      <Text>GRADUATE INVOLVEMENT</Text>
    </ProgramReference>
    <ProgramReference>
      <Code>SMET</Code>
      <Text>SCIENCE, MATH, ENG &amp; TECH EDUCATION</Text>
    </ProgramReference>
  </Award>
</rootTag>
