<?xml version="1.0" encoding="UTF-8"?>

<rootTag>
  <Award>
    <AwardTitle>Correlated Quantum and Classical Systems; Dense Light Elements and Their Combinations</AwardTitle>
    <AwardEffectiveDate>06/01/2003</AwardEffectiveDate>
    <AwardExpirationDate>08/31/2006</AwardExpirationDate>
    <AwardAmount>459000</AwardAmount>
    <AwardInstrument>
      <Value>Continuing grant</Value>
    </AwardInstrument>
    <Organization>
      <Code>03070005</Code>
      <Directorate>
        <LongName>Direct For Mathematical &amp; Physical Scien</LongName>
      </Directorate>
      <Division>
        <LongName>Division Of Materials Research</LongName>
      </Division>
    </Organization>
    <ProgramOfficer>
      <SignBlockName>Daryl W. Hess</SignBlockName>
    </ProgramOfficer>
    <AbstractNarration>This grant supports theoretical studies of the light elements, including hydrogen and also the light elements in combination, but placed under conditions of high pressure and also of elevated temperature. The research also includes studies of correlated quantum and classical systems under similar conditions, but with particular emphasis on possible novel states of order. One topic of growing prominence in such systems is the fundamental and increasingly pragmatic area of superconductivity, impelled by the recent and quite dramatic discovery of superconductivity occurring in compressed lithium with a transition temperature of about 20K at 48Gpa, which if substantiated would be the highest of any element. Previous studies had shown that these so-called simple elements could adopt structures of considerable complexity at similar conditions. Further, these elements were observed to take up structures exhibiting incommensurabilities. And it is surely remarkable that the light elements in the straightforward combination MgB2 have such a dramatic effect on the field of superconductivity.&lt;br/&gt;%%%&lt;br/&gt;These theoretical studies will investigate the electronic properties of the light elements, e.g., hydrogen, lithium, etc., under high pressure and high temperatures. These so-called simple elements yield unexpected rich structures including superconductivity. While the research is very basic, the results will be very beneficial in understanding superconductivity which has many potential applications. The project will support graduate students.&lt;br/&gt;***</AbstractNarration>
    <MinAmdLetterDate>04/30/2003</MinAmdLetterDate>
    <MaxAmdLetterDate>03/01/2005</MaxAmdLetterDate>
    <ARRAAmount/>
    <AwardID>0302347</AwardID>
    <Investigator>
      <FirstName>Neil</FirstName>
      <LastName>Ashcroft</LastName>
      <EmailAddress>nwa@ccmr.cornell.edu</EmailAddress>
      <StartDate>04/30/2003</StartDate>
      <EndDate/>
      <RoleCode>Principal Investigator</RoleCode>
    </Investigator>
    <Institution>
      <Name>Cornell University</Name>
      <CityName>Ithaca</CityName>
      <ZipCode>148502820</ZipCode>
      <PhoneNumber>6072555014</PhoneNumber>
      <StreetAddress>373 Pine Tree Road</StreetAddress>
      <CountryName>United States</CountryName>
      <StateName>New York</StateName>
      <StateCode>NY</StateCode>
    </Institution>
    <FoaInformation>
      <Code>0106000</Code>
      <Name>Materials Research</Name>
    </FoaInformation>
  </Award>
</rootTag>
