<?xml version="1.0" encoding="UTF-8"?>

<rootTag>
  <Award>
    <AwardTitle>ITR/SY(CISE): Putting Multi Stage Annotations to Work</AwardTitle>
    <AwardEffectiveDate>09/01/2002</AwardEffectiveDate>
    <AwardExpirationDate>06/30/2006</AwardExpirationDate>
    <AwardAmount>211598</AwardAmount>
    <AwardInstrument>
      <Value>Standard Grant</Value>
    </AwardInstrument>
    <Organization>
      <Code>05010000</Code>
      <Directorate>
        <LongName>Direct For Computer &amp; Info Scie &amp; Enginr</LongName>
      </Directorate>
      <Division>
        <LongName>Division of Computing and Communication Foundations</LongName>
      </Division>
    </Organization>
    <ProgramOfficer>
      <SignBlockName>Sol J. Greenspan</SignBlockName>
    </ProgramOfficer>
    <AbstractNarration>Techniques such as program generation, partial evaluation, just-in-time compilation, and run-time code generation respond to the need for general purpose programs which do not pay unnecessary&lt;br/&gt;run-time overheads. The thesis of this project is that a uniform, principled, high-level, and practical view of these diverse techniques is possible through multi-stage programming, a novel paradigm for the development of maintainable, high-performance software. The key idea in multi-stage programming is the use of simple, high-level annotations to allow the programmer to break down the cost of a computation into distinct stages.&lt;br/&gt;&lt;br/&gt;The goal of this proposal is to demonstrate that the theoretical machinery that has been developed for multi-stage programming can be put to work. This project will involve the development of compilers&lt;br/&gt;of multi-stage programming languages, addressing both practical and theoretical problems that arise in the development of such systems, and using these compilers in interesting applications ranging from dynamic programming algorithms and rewriting systems to implementations of domain specific programming languages.</AbstractNarration>
    <MinAmdLetterDate>04/18/2003</MinAmdLetterDate>
    <MaxAmdLetterDate>04/08/2005</MaxAmdLetterDate>
    <ARRAAmount/>
    <AwardID>0302421</AwardID>
    <Investigator>
      <FirstName>Walid</FirstName>
      <LastName>Taha</LastName>
      <EmailAddress>wtaha@uh.edu</EmailAddress>
      <StartDate>04/18/2003</StartDate>
      <EndDate/>
      <RoleCode>Principal Investigator</RoleCode>
    </Investigator>
    <Institution>
      <Name>William Marsh Rice University</Name>
      <CityName>Houston</CityName>
      <ZipCode>770051827</ZipCode>
      <PhoneNumber>7133484820</PhoneNumber>
      <StreetAddress>6100 MAIN ST</StreetAddress>
      <CountryName>United States</CountryName>
      <StateName>Texas</StateName>
      <StateCode>TX</StateCode>
    </Institution>
    <FoaInformation>
      <Code>0000912</Code>
      <Name>Computer Science</Name>
    </FoaInformation>
    <ProgramElement>
      <Code>1686</Code>
      <Text>ITR SMALL GRANTS</Text>
    </ProgramElement>
    <ProgramElement>
      <Code>7316</Code>
      <Text>EAPSI</Text>
    </ProgramElement>
    <ProgramElement>
      <Code>2880</Code>
      <Text>SOFTWARE ENGINEERING AND LANGU</Text>
    </ProgramElement>
    <ProgramElement>
      <Code>7299</Code>
      <Text>Catalyzing New Intl Collab</Text>
    </ProgramElement>
    <ProgramElement>
      <Code>9199</Code>
      <Text>UNDISTRIBUTED PANEL/IPA FUNDS</Text>
    </ProgramElement>
    <ProgramReference>
      <Code>1658</Code>
      <Text>SOFTWARE</Text>
    </ProgramReference>
    <ProgramReference>
      <Code>9215</Code>
      <Text>HIGH PERFORMANCE COMPUTING SYSTEMS</Text>
    </ProgramReference>
    <ProgramReference>
      <Code>HPCC</Code>
      <Text>HIGH PERFORMANCE COMPUTING &amp; COMM</Text>
    </ProgramReference>
    <ProgramReference>
      <Code>9216</Code>
      <Text>ADVANCED SOFTWARE TECH &amp; ALGOR</Text>
    </ProgramReference>
    <ProgramReference>
      <Code>5915</Code>
      <Text>EASTERN EUROPE, OTHER</Text>
    </ProgramReference>
    <ProgramReference>
      <Code>9218</Code>
      <Text>BASIC RESEARCH &amp; HUMAN RESORCS</Text>
    </ProgramReference>
    <ProgramReference>
      <Code>7299</Code>
      <Text>INTERNATIONAL PLAN &amp; WORKSHOPS</Text>
    </ProgramReference>
    <ProgramReference>
      <Code>5977</Code>
      <Text>AMERICAS PROGRAM</Text>
    </ProgramReference>
    <ProgramReference>
      <Code>9251</Code>
      <Text>RES EXPER FOR UNDERGRAD-SUPPLT</Text>
    </ProgramReference>
    <ProgramReference>
      <Code>5979</Code>
      <Text>Europe and Eurasia</Text>
    </ProgramReference>
  </Award>
</rootTag>
