<?xml version="1.0" encoding="UTF-8"?>

<rootTag>
  <Award>
    <AwardTitle>Planet Embryos in Vortex Wombs: Protoplanetary Disks and the Formation of Planetesimals</AwardTitle>
    <AwardEffectiveDate>09/01/2003</AwardEffectiveDate>
    <AwardExpirationDate>08/31/2007</AwardExpirationDate>
    <AwardAmount>194000</AwardAmount>
    <AwardInstrument>
      <Value>Fellowship</Value>
    </AwardInstrument>
    <Organization>
      <Code>03020000</Code>
      <Directorate>
        <LongName>Direct For Mathematical &amp; Physical Scien</LongName>
      </Directorate>
      <Division>
        <LongName>Division Of Astronomical Sciences</LongName>
      </Division>
    </Organization>
    <ProgramOfficer>
      <SignBlockName>Edward Ajhar</SignBlockName>
    </ProgramOfficer>
    <AbstractNarration>AST-0302146&lt;br/&gt;Barranco, Joseph&lt;br/&gt;&lt;br/&gt;Dr. Barranco is awarded an NSF Astronomy and Astrophysics Postdoctoral Fellowship to carry out a program of research and education at the Kavli Institute for Theoretical Physics at the University of California, Santa Barbara, and then at the Harvard-Smithsonian Center for Astrophysics. He will pursue an integrated theoretical, computational, observational, and experimental program to study the dynamics of protoplanetary disks and the process of planet formation within them. High-resolution radio (millimeter and submillimeter) observations of dust emission can be used to construct detailed maps of non-axisymmetric features such as vortices, clumps, ring arcs and warps. Dr. Barranco will use three-dimensional, two-fluid simulations to model the gas and dust dynamics of the observed non-axisymmetric phenomena. The goal is to determine whether coherent structures in the gas flow can generate coherent structures in the particle concentration, and to elucidate what role this plays in the formation of the first generation of planetesimals. &lt;br/&gt;&lt;br/&gt;In addition to his research, Dr. Barranco will collaborate with the Algebra Project, a national mathematics literacy program. The Algebra Project focuses on helping low-income students and students of color (particularly African-American and Latino students) master algebra in middle school/junior high school, far earlier than the expectations of most urban/rural school districts. He will develop an algebra-based physics and astronomy curriculum that complements the goals of their program, namely math literacy, yet at the same time develops interest, intuition, appreciation, and perhaps passion, for the physical sciences. &lt;br/&gt;***</AbstractNarration>
    <MinAmdLetterDate>04/14/2003</MinAmdLetterDate>
    <MaxAmdLetterDate>07/06/2006</MaxAmdLetterDate>
    <ARRAAmount/>
    <AwardID>0302146</AwardID>
    <Investigator>
      <FirstName>Joseph</FirstName>
      <LastName>Barranco</LastName>
      <EmailAddress/>
      <StartDate>04/14/2003</StartDate>
      <EndDate/>
      <RoleCode>Principal Investigator</RoleCode>
    </Investigator>
    <Institution>
      <Name>Barranco Joseph A</Name>
      <CityName>Cambridge</CityName>
      <ZipCode>021381516</ZipCode>
      <PhoneNumber/>
      <StreetAddress/>
      <CountryName>United States</CountryName>
      <StateName>Massachusetts</StateName>
      <StateCode>MA</StateCode>
    </Institution>
    <ProgramElement>
      <Code>1609</Code>
      <Text>NSF ASTRON &amp; ASTROPHY PSTDC FE</Text>
    </ProgramElement>
    <ProgramReference>
      <Code>0000</Code>
      <Text>UNASSIGNED</Text>
    </ProgramReference>
    <ProgramReference>
      <Code>1206</Code>
      <Text>THEORETICAL &amp; COMPUTATIONAL ASTROPHYSICS</Text>
    </ProgramReference>
    <ProgramReference>
      <Code>OTHR</Code>
      <Text>OTHER RESEARCH OR EDUCATION</Text>
    </ProgramReference>
  </Award>
</rootTag>
