<?xml version="1.0" encoding="UTF-8"?>

<rootTag>
  <Award>
    <AwardTitle>NUE: Creating Baccalaureate Level Nanotechnology Minors with Pathways From Existing Associate Degree Programs in Nanofabrication</AwardTitle>
    <AwardEffectiveDate>06/01/2003</AwardEffectiveDate>
    <AwardExpirationDate>09/30/2004</AwardExpirationDate>
    <AwardAmount>100000</AwardAmount>
    <AwardInstrument>
      <Value>Standard Grant</Value>
    </AwardInstrument>
    <Organization>
      <Code>07050000</Code>
      <Directorate>
        <LongName>Directorate For Engineering</LongName>
      </Directorate>
      <Division>
        <LongName>Div Of Engineering Education and Centers</LongName>
      </Division>
    </Organization>
    <ProgramOfficer>
      <SignBlockName>Mary Poats</SignBlockName>
    </ProgramOfficer>
    <AbstractNarration>This Nanotechnology Undergraduate Education (NUE) program entitled, "Creating Baccalaureate Level Nanotechnology Minors with Pathways From Existing Associate Degree Programs in Nanofabrication," at Pennsylvania State University, under the direction of Dr. Stephen J. Fonash, is jointly funded by the Directorate for Engineering (ENG), Division of Electrical and Communications Systems (ECS) and Division of Engineering Education and Centers (EEC) and the Directorate for Education and Human Resources (EHR), Division of Undergraduate Education (DUE). The project will build upon the Pennsylvania Nanofabrication Manufacturing Technology (NMT) Partnership initiated in 1998 by the state of Pennsylvania. The objective of this program is create baccalaureate degree pathways for students holding community college associate degrees in nanofabrication and to give PSU undergraduate students the opportunity to fashion nanotechnology minors or concentrations in their last two years. An integrated effort is proposed to develop laboratory-intensive, upper division undergraduate courses to support options, minors, or concentrations in nanotechnology within existing baccalaureate degree programs at PSU and other baccalaureate degree granting institutions participating in the NMT Partnership. This effort will be achieved by engaging faculty members and administrators within PSU and other institutions in a process for joint development of upper division NUE courses; jointly design upper level undergraduate nanotechnolgoy courses with significant hands-on laboratory components to be offered within PSU and by other participating institutions; and create a "two-plus-three" bacalaureate degree program through which qualified gradutes of community college associated degree programs in nanofabrication can complete a Penn State B.S. in engineering with a minor in nanotechnology in three years.</AbstractNarration>
    <MinAmdLetterDate>06/03/2003</MinAmdLetterDate>
    <MaxAmdLetterDate>06/03/2003</MaxAmdLetterDate>
    <ARRAAmount/>
    <AwardID>0302163</AwardID>
    <Investigator>
      <FirstName>Paul</FirstName>
      <LastName>Hallacher</LastName>
      <EmailAddress>pmh105@psu.edu</EmailAddress>
      <StartDate>06/03/2003</StartDate>
      <EndDate/>
      <RoleCode>Co-Principal Investigator</RoleCode>
    </Investigator>
    <Investigator>
      <FirstName>Stephen</FirstName>
      <LastName>Fonash</LastName>
      <EmailAddress>sjf2@psu.edu</EmailAddress>
      <StartDate>06/03/2003</StartDate>
      <EndDate/>
      <RoleCode>Principal Investigator</RoleCode>
    </Investigator>
    <Investigator>
      <FirstName>Osama</FirstName>
      <LastName>Awadelkarim</LastName>
      <EmailAddress>ooa1@psu.edu</EmailAddress>
      <StartDate>06/03/2003</StartDate>
      <EndDate/>
      <RoleCode>Co-Principal Investigator</RoleCode>
    </Investigator>
    <Investigator>
      <FirstName>Evangelos</FirstName>
      <LastName>Manias</LastName>
      <EmailAddress>manias@psu.edu</EmailAddress>
      <StartDate>06/03/2003</StartDate>
      <EndDate/>
      <RoleCode>Co-Principal Investigator</RoleCode>
    </Investigator>
    <Investigator>
      <FirstName>Barbara</FirstName>
      <LastName>Grabowski</LastName>
      <EmailAddress>bgrabowski@psu.edu</EmailAddress>
      <StartDate>06/03/2003</StartDate>
      <EndDate/>
      <RoleCode>Co-Principal Investigator</RoleCode>
    </Investigator>
    <Institution>
      <Name>Pennsylvania State Univ University Park</Name>
      <CityName>UNIVERSITY PARK</CityName>
      <ZipCode>168027000</ZipCode>
      <PhoneNumber>8148651372</PhoneNumber>
      <StreetAddress>110 Technology Center Building</StreetAddress>
      <CountryName>United States</CountryName>
      <StateName>Pennsylvania</StateName>
      <StateCode>PA</StateCode>
    </Institution>
    <ProgramElement>
      <Code>1340</Code>
      <Text>ENGINEERING EDUCATION</Text>
    </ProgramElement>
    <ProgramElement>
      <Code>1517</Code>
      <Text>ELECT, PHOTONICS, &amp; MAG DEVICE</Text>
    </ProgramElement>
    <ProgramElement>
      <Code>7412</Code>
      <Text>ADVANCED TECH EDUCATION PROG</Text>
    </ProgramElement>
    <ProgramReference>
      <Code>0000</Code>
      <Text>UNASSIGNED</Text>
    </ProgramReference>
    <ProgramReference>
      <Code>1032</Code>
      <Text>ADVANCED TECHNOLOGY EDUCATION</Text>
    </ProgramReference>
    <ProgramReference>
      <Code>7219</Code>
      <Text>NANOTECHNOLOGY UNDERGRAD EDUCA</Text>
    </ProgramReference>
    <ProgramReference>
      <Code>OTHR</Code>
      <Text>OTHER RESEARCH OR EDUCATION</Text>
    </ProgramReference>
  </Award>
</rootTag>
