<?xml version="1.0" encoding="UTF-8"?>

<rootTag>
  <Award>
    <AwardTitle>Advances in Graph and Matroid Structure Theory</AwardTitle>
    <AwardEffectiveDate>07/01/2003</AwardEffectiveDate>
    <AwardExpirationDate>06/30/2004</AwardExpirationDate>
    <AwardAmount>15000</AwardAmount>
    <AwardInstrument>
      <Value>Standard Grant</Value>
    </AwardInstrument>
    <Organization>
      <Code>03040200</Code>
      <Directorate>
        <LongName>Direct For Mathematical &amp; Physical Scien</LongName>
      </Directorate>
      <Division>
        <LongName>Division Of Mathematical Sciences</LongName>
      </Division>
    </Organization>
    <ProgramOfficer>
      <SignBlockName>Tomek Bartoszynski</SignBlockName>
    </ProgramOfficer>
    <AbstractNarration>Principal Investigator: Dijen K Ray-Chaudhuri&lt;br/&gt;Proposal Number: DMS- 0302221&lt;br/&gt;Institution: Ohio State University &lt;br/&gt;Title: Advances in Graph and Matroid Structure Theory&lt;br/&gt;&lt;br/&gt;Abstract &lt;br/&gt;&lt;br/&gt; This conference is intended to foster the mathematical issues that are important to present day graph theory, along the lines pioneered by Prof. W. T. Tutte and continued by G. Neil Robertson and his coworkers. As such, fundamental topics in graph theory like connectivity, surface and spatial embeddings, well-quasi-ordering, chromatic theory, infinite excluded minors, and directed graphs find common links through their structural features. Moreover, within the conference framework the organizers intend to include close subjects such as matroid theory and ties through polynomial-time graph algorithms to combinatorial optimization and computational complexity.&lt;br/&gt;&lt;br/&gt;Large-scale practical computational problems such as job scheduling, transportation networks, and data encryption for the purpose of secured secret communication can often be formulated as problems in the branch of mathematics called graph theory. Graph coloring problems are of particular practical interest. The structure theory of graphs developed by Robertson and Seymour has solved important problems with practical applications in these areas. This conference will bring together experts to foster interaction and advances in research of problems of graph theory and a related theory called matroid theory</AbstractNarration>
    <MinAmdLetterDate>03/27/2003</MinAmdLetterDate>
    <MaxAmdLetterDate>03/27/2003</MaxAmdLetterDate>
    <ARRAAmount/>
    <AwardID>0302221</AwardID>
    <Investigator>
      <FirstName>Paul</FirstName>
      <LastName>Seymour</LastName>
      <EmailAddress>pds@math.princeton.edu</EmailAddress>
      <StartDate>03/27/2003</StartDate>
      <EndDate/>
      <RoleCode>Co-Principal Investigator</RoleCode>
    </Investigator>
    <Investigator>
      <FirstName>Dijen</FirstName>
      <LastName>Ray-Chaudhuri</LastName>
      <EmailAddress>dijen@math.ohio-state.edu</EmailAddress>
      <StartDate>03/27/2003</StartDate>
      <EndDate/>
      <RoleCode>Principal Investigator</RoleCode>
    </Investigator>
    <Institution>
      <Name>Ohio State University Research Foundation -DO NOT USE</Name>
      <CityName>Columbus</CityName>
      <ZipCode>432101016</ZipCode>
      <PhoneNumber>6142923732</PhoneNumber>
      <StreetAddress>1960 KENNY RD</StreetAddress>
      <CountryName>United States</CountryName>
      <StateName>Ohio</StateName>
      <StateCode>OH</StateCode>
    </Institution>
    <FoaInformation>
      <Code>0000099</Code>
      <Name>Other Applications NEC</Name>
    </FoaInformation>
  </Award>
</rootTag>
