<?xml version="1.0" encoding="UTF-8"?>

<rootTag>
  <Award>
    <AwardTitle>Combinatorics with Applications</AwardTitle>
    <AwardEffectiveDate>07/15/2003</AwardEffectiveDate>
    <AwardExpirationDate>06/30/2007</AwardExpirationDate>
    <AwardAmount>210601</AwardAmount>
    <AwardInstrument>
      <Value>Standard Grant</Value>
    </AwardInstrument>
    <Organization>
      <Code>03040200</Code>
      <Directorate>
        <LongName>Direct For Mathematical &amp; Physical Scien</LongName>
      </Directorate>
      <Division>
        <LongName>Division Of Mathematical Sciences</LongName>
      </Division>
    </Organization>
    <ProgramOfficer>
      <SignBlockName>Tie Luo</SignBlockName>
    </ProgramOfficer>
    <AbstractNarration>The investigators are continuing their core research programs, attacking&lt;br/&gt;important classic problems of combinatorics, including (1) The theory&lt;br/&gt;of crossing numbers of graphs with connections to discrete geometry; and&lt;br/&gt;(2) Searching for new insights on antichains and intersecting families&lt;br/&gt;of subsets, and for connections between chain decompositions of the subsets&lt;br/&gt;of a set and symmetric Venn diagrams. Research by the investigators with a&lt;br/&gt;broader impact includes their contributions to (3) Computational&lt;br/&gt;biology: phylogenetic tree reconstruction, clustering biomolecular sequences,&lt;br/&gt;(4) Theoretical computer science: graph drawing, security of statistical&lt;br/&gt;databases; and (5) Communications: New models of real-number vertex labellings with distance conditions to find optimal or near-optimal channel assignments for large networks of transmitters.&lt;br/&gt;Research in combinatorics is carried out on problems that lie at the very core of our understanding of how discrete structures work and how to use them optimally. The investigators also apply combinatorial theory to interdisciplinary areas (including computational biology, theoretical computer science, and communications), where progress often requires using or inventing deeper combinatorial results which exhibit structures that are key to applications, or which provide bounds on what can be achieved by any algorithm. Progress in these areas contributes to important real-life problems, including the development of more efficient research tools in bioinformatics; the design of better visualisation tools for computer screens; increased computer and database security; and more efficient cell phone communication. The investigators are adding to their impressive record of recruiting and training graduate students and involving them in their research. They are expanding their efforts to attract more minority and women students into Ph.D. programs in mathematics. They are continuing their extensive activities in managing research journals, organizing conferences, guiding the Canada-USA Mathcamp for high school students, and contributing to the international Mathematical Competition in Modeling for undergraduates.</AbstractNarration>
    <MinAmdLetterDate>07/08/2003</MinAmdLetterDate>
    <MaxAmdLetterDate>07/08/2003</MaxAmdLetterDate>
    <ARRAAmount/>
    <AwardID>0302307</AwardID>
    <Investigator>
      <FirstName>Jerrold</FirstName>
      <LastName>Griggs</LastName>
      <EmailAddress>griggs@math.sc.edu</EmailAddress>
      <StartDate>07/08/2003</StartDate>
      <EndDate/>
      <RoleCode>Principal Investigator</RoleCode>
    </Investigator>
    <Investigator>
      <FirstName>Laszlo</FirstName>
      <LastName>Szekely</LastName>
      <EmailAddress>laszlo@math.sc.edu</EmailAddress>
      <StartDate>07/08/2003</StartDate>
      <EndDate/>
      <RoleCode>Co-Principal Investigator</RoleCode>
    </Investigator>
    <Institution>
      <Name>University South Carolina Research Foundation</Name>
      <CityName>COLUMBIA</CityName>
      <ZipCode>292080001</ZipCode>
      <PhoneNumber>8037777093</PhoneNumber>
      <StreetAddress>1600 Hampton Street</StreetAddress>
      <CountryName>United States</CountryName>
      <StateName>South Carolina</StateName>
      <StateCode>SC</StateCode>
    </Institution>
    <FoaInformation>
      <Code>0000099</Code>
      <Name>Other Applications NEC</Name>
    </FoaInformation>
    <ProgramElement>
      <Code>1165</Code>
      <Text>ADVANCES IN BIO INFORMATICS</Text>
    </ProgramElement>
    <ProgramElement>
      <Code>1264</Code>
      <Text>ALGEBRA,NUMBER THEORY,AND COM</Text>
    </ProgramElement>
    <ProgramElement>
      <Code>1266</Code>
      <Text>APPLIED MATHEMATICS</Text>
    </ProgramElement>
    <ProgramElement>
      <Code>1271</Code>
      <Text>COMPUTATIONAL MATHEMATICS</Text>
    </ProgramElement>
    <ProgramReference>
      <Code>0000</Code>
      <Text>UNASSIGNED</Text>
    </ProgramReference>
    <ProgramReference>
      <Code>9263</Code>
      <Text>COMPUTATIONAL SCIENCE &amp; ENGING</Text>
    </ProgramReference>
    <ProgramReference>
      <Code>OTHR</Code>
      <Text>OTHER RESEARCH OR EDUCATION</Text>
    </ProgramReference>
    <ProgramReference>
      <Code>9150</Code>
      <Text>EXP PROG TO STIM COMP RES</Text>
    </ProgramReference>
  </Award>
</rootTag>
