<?xml version="1.0" encoding="UTF-8"?>

<rootTag>
  <Award>
    <AwardTitle>Alabama Alliance for Graduate Education and the Professoriate II</AwardTitle>
    <AwardEffectiveDate>10/01/2003</AwardEffectiveDate>
    <AwardExpirationDate>09/30/2010</AwardExpirationDate>
    <AwardAmount>2764400</AwardAmount>
    <AwardInstrument>
      <Value>Cooperative Agreement</Value>
    </AwardInstrument>
    <Organization>
      <Code>11060000</Code>
      <Directorate>
        <LongName>Direct For Education and Human Resources</LongName>
      </Directorate>
      <Division>
        <LongName>Division Of Human Resource Development</LongName>
      </Division>
    </Organization>
    <ProgramOfficer>
      <SignBlockName>William R. Eckberg</SignBlockName>
    </ProgramOfficer>
    <AbstractNarration>The Alabama Alliance for Graduate Education and the Professoriate (AGEP) II is being funded to increase significantly the number of underrepresented minority students receiving doctoral degrees in the science, technology, engineering, and mathematics (STEM) fields and entering the professoriate. &lt;br/&gt;&lt;br/&gt;The Alabama AGEP II is a partnership between The University of Alabama at Birmingham, the University of Alabama, the University of Alabama in Huntsville, Auburn University, seven Historically Black Colleges and Universities (HBCU) in Alabama; Alabama A&amp;M University, Alabama State University, Miles College, Oakwood College, Stillman College, Talladega College and Tuskegee University, and one HBCU in Mississippi; Tougaloo College. The members of the Alliance are members of the Alabama Louis Stokes Alliance for Minority Participation (LSAMP) and have a track record of working together successfully to implement minority student programs. &lt;br/&gt;&lt;br/&gt;The HBCU undergraduate partners will serve as feeder schools for the graduate university partners. The Alabama AGEP program has developed and will implement an innovative model for recruiting, mentoring, and retaining minority students in STEM doctoral programs using the following strategies: 1. Graduate School Awareness and Preparation Activities, 2. Recruitment and Admission Initiatives, 3. Graduate Bridge Programs, 4. Mentoring and Advising, 5. Creation of a Supportive Environment / Retention and Support Network, and 6. Degree Completion and Job Placement. &lt;br/&gt;&lt;br/&gt;Intellectual Merit: The implementation of the proposed activities will advance the knowledge and understanding of innovative methods to attract underrepresented minority undergraduate students to graduate school and eventually to careers in the professoriate. A well qualified and diverse team of experienced mathematicians and scientists serving as PIs at participating universities and colleges will explore and implement creative activities designed to increase the number of minority students earning Ph.D. degrees in STEM disciplines and entering the professoriate.&lt;br/&gt;&lt;br/&gt;Broader Impacts: The proposed activities will broaden participation of underrepresented minorities and benefit society by providing an increase in the number of citizens prepared to assume high-level positions in the nation's scientific and educational workforce. In addition, project activities will advance discovery and understanding through the integration of research and education by providing research experiences for undergraduate students at participating institutions.</AbstractNarration>
    <MinAmdLetterDate>05/15/2003</MinAmdLetterDate>
    <MaxAmdLetterDate>06/04/2009</MaxAmdLetterDate>
    <ARRAAmount/>
    <AwardID>0302524</AwardID>
    <Investigator>
      <FirstName>Mary</FirstName>
      <LastName>Braswell</LastName>
      <EmailAddress>cbraswell@uab.edu</EmailAddress>
      <StartDate>05/15/2003</StartDate>
      <EndDate/>
      <RoleCode>Co-Principal Investigator</RoleCode>
    </Investigator>
    <Investigator>
      <FirstName>Louis</FirstName>
      <LastName>Dale</LastName>
      <EmailAddress>ldale@uab.edu</EmailAddress>
      <StartDate>05/15/2003</StartDate>
      <EndDate/>
      <RoleCode>Principal Investigator</RoleCode>
    </Investigator>
    <Institution>
      <Name>University of Alabama at Birmingham</Name>
      <CityName>Birmingham</CityName>
      <ZipCode>352940001</ZipCode>
      <PhoneNumber>2059345266</PhoneNumber>
      <StreetAddress>AB 1170</StreetAddress>
      <CountryName>United States</CountryName>
      <StateName>Alabama</StateName>
      <StateCode>AL</StateCode>
    </Institution>
    <ProgramElement>
      <Code>1515</Code>
      <Text>AGEP</Text>
    </ProgramElement>
    <ProgramElement>
      <Code>7347</Code>
      <Text>URBAN SYSTEMIC PROGRAM</Text>
    </ProgramElement>
    <ProgramElement>
      <Code>9133</Code>
      <Text>ALLIANCES-MINORITY PARTICIPAT.</Text>
    </ProgramElement>
    <ProgramReference>
      <Code>9150</Code>
      <Text>EXP PROG TO STIM COMP RES</Text>
    </ProgramReference>
    <ProgramReference>
      <Code>9179</Code>
      <Text>GRADUATE INVOLVEMENT</Text>
    </ProgramReference>
    <ProgramReference>
      <Code>SMET</Code>
      <Text>SCIENCE, MATH, ENG &amp; TECH EDUCATION</Text>
    </ProgramReference>
    <ProgramReference>
      <Code>7204</Code>
      <Text>DoE-NSF LABORATORY FELLOWSHIPS</Text>
    </ProgramReference>
    <ProgramReference>
      <Code>9178</Code>
      <Text>UNDERGRADUATE EDUCATION</Text>
    </ProgramReference>
  </Award>
</rootTag>
