<?xml version="1.0" encoding="UTF-8"?>

<rootTag>
  <Award>
    <AwardTitle>Fluctuations and Phase Transitions in Superconductors</AwardTitle>
    <AwardEffectiveDate>08/01/2003</AwardEffectiveDate>
    <AwardExpirationDate>07/31/2006</AwardExpirationDate>
    <AwardAmount>300000</AwardAmount>
    <AwardInstrument>
      <Value>Continuing grant</Value>
    </AwardInstrument>
    <Organization>
      <Code>03070003</Code>
      <Directorate>
        <LongName>Direct For Mathematical &amp; Physical Scien</LongName>
      </Directorate>
      <Division>
        <LongName>Division Of Materials Research</LongName>
      </Division>
    </Organization>
    <ProgramOfficer>
      <SignBlockName>Wendy W. Fuller-Mora</SignBlockName>
    </ProgramOfficer>
    <AbstractNarration>This award will support an experimental study of the temperature vs. magnetic field phase diagram of type-II superconductors. The project's goal is to determine if there is a transition in non-zero field, and to determine the critical exponents of that transition if it exists, as well as the exponents of the zero-field transition. (The exponents reported in the literature vary widely for both transitions.) The methods used will be DC I-V and high-frequency (45 MHz to 45 GHz) conductivity measurements on the same samples, providing independent experiments. It is expected that this project will lead to a much-improved understanding of phase transitions in superconductors and in other systems. More broadly, the project will reaffirm that questioning and testing widely-accepted results is an essential part of the scientific process. An important part of this project is the support for training of graduate and undergraduate students. The PIs will continue their strong efforts to involve women and minorities in research, and to collaborate with scientists from Latin America and Eastern Europe. Finally, both PIs will continue their extensive efforts to encourage broader education in science, including work with predominantly minority public-school students. &lt;br/&gt;&lt;br/&gt;A superconductor, by definition, is a material that has no resistance to the flow of electricity, a property with great potential technological importance. Prior work showed that the consensus concerning the limits of superconductivity, in particular, whether materials are superconducting in a magnetic field, may have been incorrect. This award will support research that will more generally explore under what conditions superconductivity can exist. The project will reaffirm that questioning and testing widely-accepted results is an essential part of the scientific process. An important part of this project is the support for training of graduate and undergraduate students. Both PIs will continue their strong efforts to involve women and minorities in research, and to collaborate with scientists from Latin America and Eastern Europe. Finally, both PIs will continue their extensive efforts to encourage broader education in science, including work with predominantly minority public-school students.</AbstractNarration>
    <MinAmdLetterDate>03/06/2003</MinAmdLetterDate>
    <MaxAmdLetterDate>05/25/2005</MaxAmdLetterDate>
    <ARRAAmount/>
    <AwardID>0302596</AwardID>
    <Investigator>
      <FirstName>Steven</FirstName>
      <LastName>Anlage</LastName>
      <EmailAddress>anlage@squid.umd.edu</EmailAddress>
      <StartDate>03/06/2003</StartDate>
      <EndDate/>
      <RoleCode>Co-Principal Investigator</RoleCode>
    </Investigator>
    <Investigator>
      <FirstName>Christopher</FirstName>
      <LastName>Lobb</LastName>
      <EmailAddress>lobb@squid.umd.edu</EmailAddress>
      <StartDate>03/06/2003</StartDate>
      <EndDate/>
      <RoleCode>Principal Investigator</RoleCode>
    </Investigator>
    <Institution>
      <Name>University of Maryland College Park</Name>
      <CityName>COLLEGE PARK</CityName>
      <ZipCode>207425141</ZipCode>
      <PhoneNumber>3014056269</PhoneNumber>
      <StreetAddress>3112 LEE BLDG 7809 Regents Drive</StreetAddress>
      <CountryName>United States</CountryName>
      <StateName>Maryland</StateName>
      <StateCode>MD</StateCode>
    </Institution>
    <FoaInformation>
      <Code>0106000</Code>
      <Name>Materials Research</Name>
    </FoaInformation>
    <ProgramElement>
      <Code>1710</Code>
      <Text>CONDENSED MATTER PHYSICS</Text>
    </ProgramElement>
    <ProgramReference>
      <Code/>
      <Text/>
    </ProgramReference>
    <ProgramReference>
      <Code>9161</Code>
      <Text>SINGLE DIVISION/UNIVERSITY</Text>
    </ProgramReference>
    <ProgramReference>
      <Code>AMPP</Code>
      <Text>ADVANCED MATERIALS &amp; PROCESSING PROGRAM</Text>
    </ProgramReference>
  </Award>
</rootTag>
