<?xml version="1.0" encoding="UTF-8"?>

<rootTag>
  <Award>
    <AwardTitle>Dissertation Research: The Influence of Immigration on Local Community Structure: Experimental Tests of Theory in Two Beetle Communities</AwardTitle>
    <AwardEffectiveDate>08/15/2002</AwardEffectiveDate>
    <AwardExpirationDate>08/31/2004</AwardExpirationDate>
    <AwardAmount>6000</AwardAmount>
    <AwardInstrument>
      <Value>Standard Grant</Value>
    </AwardInstrument>
    <Organization>
      <Code>08010208</Code>
      <Directorate>
        <LongName>Direct For Biological Sciences</LongName>
      </Directorate>
      <Division>
        <LongName>Division Of Environmental Biology</LongName>
      </Division>
    </Organization>
    <ProgramOfficer>
      <SignBlockName>Alan James Tessier</SignBlockName>
    </ProgramOfficer>
    <AbstractNarration>Identifying the mechanisms that structure local communities is a fundamental goal of community&lt;br/&gt;ecology. Historically, ecologists invoked local processes to explain community structure, but&lt;br/&gt;equivocal evidence has broadened debate to include the potential importance of regional&lt;br/&gt;processes in structuring communities. Though experimentation has proven critical in resolving&lt;br/&gt;issues in ecology, theoretical and observational studies have, thus far, been the primary tools used&lt;br/&gt;to examine the effects of regional processes. I propose a series of novel experiments to test&lt;br/&gt;theories that span the range between local and regional control of diversity. Local process,&lt;br/&gt;metapopulation competition, and neutral community theories make predictions about the effects&lt;br/&gt;of immigration that are qualitatively different, mutually exclusive, and testable in the same&lt;br/&gt;immigration experiments. Using a laboratory system of Tribolium flour beetles and a field system&lt;br/&gt;of Cecropia petiole beetles, I will experimentally test these theories by simultaneously&lt;br/&gt;manipulating immigration regime and interaction strength (lab), and exposure to immigration and&lt;br/&gt;distance from colonization source (field). Though recently developed theory suggests regional&lt;br/&gt;processes can have a dominant effect on community structure, the theory must first be confirmed&lt;br/&gt;empirically if community ecology is to gain insight from the regional process perspective.</AbstractNarration>
    <MinAmdLetterDate>10/25/2002</MinAmdLetterDate>
    <MaxAmdLetterDate>10/25/2002</MaxAmdLetterDate>
    <ARRAAmount/>
    <AwardID>0302013</AwardID>
    <Investigator>
      <FirstName>William</FirstName>
      <LastName>Fagan</LastName>
      <EmailAddress>bfagan@umd.edu</EmailAddress>
      <StartDate>10/25/2002</StartDate>
      <EndDate/>
      <RoleCode>Principal Investigator</RoleCode>
    </Investigator>
    <Institution>
      <Name>University of Maryland College Park</Name>
      <CityName>COLLEGE PARK</CityName>
      <ZipCode>207425141</ZipCode>
      <PhoneNumber>3014056269</PhoneNumber>
      <StreetAddress>3112 LEE BLDG 7809 Regents Drive</StreetAddress>
      <CountryName>United States</CountryName>
      <StateName>Maryland</StateName>
      <StateCode>MD</StateCode>
    </Institution>
  </Award>
</rootTag>
