<?xml version="1.0" encoding="UTF-8"?>

<rootTag>
  <Award>
    <AwardTitle>Greater Boston Logic Conference</AwardTitle>
    <AwardEffectiveDate>05/01/2003</AwardEffectiveDate>
    <AwardExpirationDate>04/30/2004</AwardExpirationDate>
    <AwardAmount>25840</AwardAmount>
    <AwardInstrument>
      <Value>Standard Grant</Value>
    </AwardInstrument>
    <Organization>
      <Code>03040200</Code>
      <Directorate>
        <LongName>Direct For Mathematical &amp; Physical Scien</LongName>
      </Directorate>
      <Division>
        <LongName>Division Of Mathematical Sciences</LongName>
      </Division>
    </Organization>
    <ProgramOfficer>
      <SignBlockName>Christopher W. Stark</SignBlockName>
    </ProgramOfficer>
    <AbstractNarration>Abstract&lt;br/&gt;&lt;br/&gt;Award: DMS-0302174&lt;br/&gt;Principal Investigator: Gerald E. Sacks&lt;br/&gt;&lt;br/&gt;The Boston Logic Conference is scheduled for May 16-18 2003 at&lt;br/&gt;the Massachusetts Institute of Technology. Nine invited talks and&lt;br/&gt;numerous contributed short talks will be given on recent&lt;br/&gt;developments in all areas of mathematical logic. Among the topics&lt;br/&gt;are stability, minimaility, simplicity, finite axiomatization,&lt;br/&gt;degrees, recursive enumerability, forcing, large cardinals,&lt;br/&gt;determinacy and fine structure.&lt;br/&gt;&lt;br/&gt;The purpose of the conference is to give young people of all&lt;br/&gt;backgrounds a chance to present, discuss and hear about current&lt;br/&gt;work on all aspects of mathematical logic. By "young" is meant&lt;br/&gt;students, post-doctoral fellows and junior faculty members.&lt;br/&gt;Travel support is available and will favor the young and the&lt;br/&gt;under-represented. Mathematical logic has wide applications not&lt;br/&gt;only to pure mathematics but also to computer development,&lt;br/&gt;financial services, and strategic planning. The hope is that the&lt;br/&gt;conference will help to establish working connections among the&lt;br/&gt;young people in mathematical logic.</AbstractNarration>
    <MinAmdLetterDate>04/11/2003</MinAmdLetterDate>
    <MaxAmdLetterDate>04/11/2003</MaxAmdLetterDate>
    <ARRAAmount/>
    <AwardID>0302174</AwardID>
    <Investigator>
      <FirstName>Gerald</FirstName>
      <LastName>Sacks</LastName>
      <EmailAddress>sacks@math.mit.edu</EmailAddress>
      <StartDate>04/11/2003</StartDate>
      <EndDate/>
      <RoleCode>Principal Investigator</RoleCode>
    </Investigator>
    <Institution>
      <Name>Massachusetts Institute of Technology</Name>
      <CityName>Cambridge</CityName>
      <ZipCode>021394301</ZipCode>
      <PhoneNumber>6172531000</PhoneNumber>
      <StreetAddress>77 MASSACHUSETTS AVE</StreetAddress>
      <CountryName>United States</CountryName>
      <StateName>Massachusetts</StateName>
      <StateCode>MA</StateCode>
    </Institution>
    <FoaInformation>
      <Code>0000099</Code>
      <Name>Other Applications NEC</Name>
    </FoaInformation>
    <ProgramElement>
      <Code>1268</Code>
      <Text>FOUNDATIONS</Text>
    </ProgramElement>
    <ProgramReference>
      <Code>0000</Code>
      <Text>UNASSIGNED</Text>
    </ProgramReference>
    <ProgramReference>
      <Code>OTHR</Code>
      <Text>OTHER RESEARCH OR EDUCATION</Text>
    </ProgramReference>
  </Award>
</rootTag>
