<?xml version="1.0" encoding="UTF-8"?>

<rootTag>
  <Award>
    <AwardTitle>Transforming Science and Mathematics Teacher Preparation</AwardTitle>
    <AwardEffectiveDate>05/15/2003</AwardEffectiveDate>
    <AwardExpirationDate>04/30/2007</AwardExpirationDate>
    <AwardAmount>932846</AwardAmount>
    <AwardInstrument>
      <Value>Continuing grant</Value>
    </AwardInstrument>
    <Organization>
      <Code>11040100</Code>
      <Directorate>
        <LongName>Direct For Education and Human Resources</LongName>
      </Directorate>
      <Division>
        <LongName>Division Of Undergraduate Education</LongName>
      </Division>
    </Organization>
    <ProgramOfficer>
      <SignBlockName>Joan T Prival</SignBlockName>
    </ProgramOfficer>
    <AbstractNarration>The University of Colorado at Boulder is attracting highly qualified students into careers in K-12 math and science education through strategies that integrate the transformation of undergraduate science and mathematics courses with the recruitment and training of prospective teachers. Undergraduates who have an interest in K-12 mathematics and science teaching are offered a Teaching Fellowship program rich with incentives, including financial support, intensive contact with faculty, opportunities for undergraduate research in science and education, employment as learning assistants as part of an undergraduate course transformation initiative, and K-12 teaching experience. The project pays special attention to recruiting and retaining minority students. To optimize the learning opportunities for these students, faculty participants in the project are developing and evaluating transformed sections of introductory courses in selected fields of science and mathematics in order to incorporate best practices in inquiry-based and collaborative learning. Project participants develop, employ, and assess information technology tools to enhance inquiry-based and collaborative learning both at the undergraduate and K-12 levels. These tools include web-based software for content delivery and communication among students and faculty, simulations of mathematical, physical, and biological phenomena, and database management tools embedded in the course structure for formative and summative assessment of student learning and attitudes. The Teaching Fellows participate in workshops for inservice teachers, serve as learning assistants in transformed undergraduate courses, help introduce IT-enhanced instructional modules into grade 6 -12 classrooms, and assess the effectiveness of the tools. Introductory physics, astronomy, calculus, and biology courses are targeted for revision to incorporate student-centered, conceptual learning environments, the use of the learning assistants as leaders of student learning teams, and the use of technology. The work is being carried out through a close partnership between faculty of the School of Education and the College of Arts and Sciences, school districts, and Sun Microsystems. The goals of the project are to transform introductory undergraduate mathematics and science classes, to develop an infrastructure to recruit and support a substantial flow of students who will become leaders in K-12 mathematics and science education, and to provide a network of support for in-service teachers. The project expects to graduate 25 to 40 secondary mathematics and science teachers per year.</AbstractNarration>
    <MinAmdLetterDate>05/19/2003</MinAmdLetterDate>
    <MaxAmdLetterDate>06/29/2005</MaxAmdLetterDate>
    <ARRAAmount/>
    <AwardID>0302134</AwardID>
    <Investigator>
      <FirstName>Valerie</FirstName>
      <LastName>Otero</LastName>
      <EmailAddress>Valerie.Otero@colorado.edu</EmailAddress>
      <StartDate>05/19/2003</StartDate>
      <EndDate/>
      <RoleCode>Co-Principal Investigator</RoleCode>
    </Investigator>
    <Investigator>
      <FirstName>William</FirstName>
      <LastName>Wood</LastName>
      <EmailAddress>wood@colorado.edu</EmailAddress>
      <StartDate>05/19/2003</StartDate>
      <EndDate/>
      <RoleCode>Co-Principal Investigator</RoleCode>
    </Investigator>
    <Investigator>
      <FirstName>Carl</FirstName>
      <LastName>Wieman</LastName>
      <EmailAddress>cwieman@jila.colorado.edu</EmailAddress>
      <StartDate>05/19/2003</StartDate>
      <EndDate/>
      <RoleCode>Co-Principal Investigator</RoleCode>
    </Investigator>
    <Investigator>
      <FirstName>James</FirstName>
      <LastName>Curry</LastName>
      <EmailAddress>curry@colorado.edu</EmailAddress>
      <StartDate>05/19/2003</StartDate>
      <EndDate/>
      <RoleCode>Co-Principal Investigator</RoleCode>
    </Investigator>
    <Investigator>
      <FirstName>Richard</FirstName>
      <LastName>McCray</LastName>
      <EmailAddress>dick@jila.colorado.edu</EmailAddress>
      <StartDate>05/19/2003</StartDate>
      <EndDate/>
      <RoleCode>Principal Investigator</RoleCode>
    </Investigator>
    <Institution>
      <Name>University of Colorado at Boulder</Name>
      <CityName>Boulder</CityName>
      <ZipCode>803031058</ZipCode>
      <PhoneNumber>3034926221</PhoneNumber>
      <StreetAddress>3100 Marine Street, Room 481</StreetAddress>
      <CountryName>United States</CountryName>
      <StateName>Colorado</StateName>
      <StateCode>CO</StateCode>
    </Institution>
    <FoaInformation>
      <Code>0000099</Code>
      <Name>Other Applications NEC</Name>
    </FoaInformation>
    <ProgramElement>
      <Code>7271</Code>
      <Text>TEACHER PROFESSIONAL CONTINUUM</Text>
    </ProgramElement>
    <ProgramElement>
      <Code>7428</Code>
      <Text>CCLI-ADAPTATION AND IMPLEMENTA</Text>
    </ProgramElement>
    <ProgramElement>
      <Code>7688</Code>
      <Text>SCIENCE,TECH,ENG&amp;MATH TEACHER</Text>
    </ProgramElement>
    <ProgramReference>
      <Code>7688</Code>
      <Text>SCIENCE,TECH,ENG&amp;MATH TEACHER</Text>
    </ProgramReference>
    <ProgramReference>
      <Code>9178</Code>
      <Text>UNDERGRADUATE EDUCATION</Text>
    </ProgramReference>
    <ProgramReference>
      <Code>SMET</Code>
      <Text>SCIENCE, MATH, ENG &amp; TECH EDUCATION</Text>
    </ProgramReference>
  </Award>
</rootTag>
