<?xml version="1.0" encoding="UTF-8"?>

<rootTag>
  <Award>
    <AwardTitle>Planning for a National Center for Aircraft Technician Education</AwardTitle>
    <AwardEffectiveDate>09/01/2003</AwardEffectiveDate>
    <AwardExpirationDate>12/31/2003</AwardExpirationDate>
    <AwardAmount>70000</AwardAmount>
    <AwardInstrument>
      <Value>Standard Grant</Value>
    </AwardInstrument>
    <Organization>
      <Code>11040100</Code>
      <Directorate>
        <LongName>Direct For Education and Human Resources</LongName>
      </Directorate>
      <Division>
        <LongName>Division Of Undergraduate Education</LongName>
      </Division>
    </Organization>
    <ProgramOfficer>
      <SignBlockName>Duncan E. McBride</SignBlockName>
    </ProgramOfficer>
    <AbstractNarration>Intellectual Merit &lt;br/&gt;This planning grant project for a National Center builds on a local project that&lt;br/&gt;-Developed competencies for aircraft electronics specialty fields with over 100 employers. &lt;br/&gt;-Developed curriculum for three of ten courses in the Avionics field. &lt;br/&gt;-Developed select simulations of aircraft electrical systems, offering low-cost access to instructional technology. &lt;br/&gt;-Field-tested curriculum and instructional materials with incumbent technicians and traditional students in Florida, Texas and Minnesota. &lt;br/&gt;-Hosted a National Conference involving 100 educators, employers and government to examine efforts to improve standards and curriculum and to build commitment to a national learning agenda to be carried out by a National Center of Excellence. &lt;br/&gt;-Established an online collegial network of technician educators nationwide. &lt;br/&gt;-Established contracts to place interns at numerous corporate flight departments. &lt;br/&gt;&lt;br/&gt;During the planning grant the consortium is: &lt;br/&gt;-Formalizing a partnership to leverage the expertise, experience and products of the Canadian Aviation Maintenance Council (CAMC), a Center of Excellence in Canada. &lt;br/&gt;-Establishing procedures to refine CAMC's national standards, curriculum, certification and accreditation procedures for U.S. Avionics Technicians. &lt;br/&gt;-Designing a training program to elevate faculty members' skills to the national standard. &lt;br/&gt;-Securing donations of electronic simulations of instructional technologies to make delivery of the training program financially feasible. &lt;br/&gt;Developing a strategy to use and expand the Technician Educators' Collegial Network. &lt;br/&gt;&lt;br/&gt;Broader Impacts &lt;br/&gt;The Federal Aviation Administration has regulated the education and certification of U.S. Airframe and Powerplant (A&amp;P) Technicians for decades. However, as aircraft have become increasingly electronics driven, a career path has evolved for technicians specializing in troubleshooting, maintenance and repair of aircraft electrical and integrated flight systems. National standards, curricula and regulatory oversight presently do not exist for Avionics Technicians. While the FAA recognizes this gap, it has not filled it. Industry, labor and education have come together, with participation and support from the FAA, to fill this void in an effort to meet the workforce development needs of aircraft manufacturers, component manufacturers, airlines, and repair stations throughout the United States.</AbstractNarration>
    <MinAmdLetterDate>08/29/2003</MinAmdLetterDate>
    <MaxAmdLetterDate>08/29/2003</MaxAmdLetterDate>
    <ARRAAmount/>
    <AwardID>0302439</AwardID>
    <Investigator>
      <FirstName>Floyd</FirstName>
      <LastName>Curtis</LastName>
      <EmailAddress>floyd.curtis@tccd.edu</EmailAddress>
      <StartDate>08/29/2003</StartDate>
      <EndDate/>
      <RoleCode>Principal Investigator</RoleCode>
    </Investigator>
    <Investigator>
      <FirstName>Glen</FirstName>
      <LastName>Travis</LastName>
      <EmailAddress>travisg@erau.edu</EmailAddress>
      <StartDate>08/29/2003</StartDate>
      <EndDate/>
      <RoleCode>Co-Principal Investigator</RoleCode>
    </Investigator>
    <Institution>
      <Name>Minneapolis Community and Technical College</Name>
      <CityName>Minneapolis</CityName>
      <ZipCode>554031779</ZipCode>
      <PhoneNumber>6126596105</PhoneNumber>
      <StreetAddress>1501 Hennepin Avenue</StreetAddress>
      <CountryName>United States</CountryName>
      <StateName>Minnesota</StateName>
      <StateCode>MN</StateCode>
    </Institution>
    <FoaInformation>
      <Code>0000099</Code>
      <Name>Other Applications NEC</Name>
    </FoaInformation>
    <ProgramElement>
      <Code>7412</Code>
      <Text>ADVANCED TECH EDUCATION PROG</Text>
    </ProgramElement>
    <ProgramReference>
      <Code>1032</Code>
      <Text>ADVANCED TECHNOLOGY EDUCATION</Text>
    </ProgramReference>
    <ProgramReference>
      <Code>9178</Code>
      <Text>UNDERGRADUATE EDUCATION</Text>
    </ProgramReference>
    <ProgramReference>
      <Code>SMET</Code>
      <Text>SCIENCE, MATH, ENG &amp; TECH EDUCATION</Text>
    </ProgramReference>
  </Award>
</rootTag>
