<?xml version="1.0" encoding="UTF-8"?>

<rootTag>
  <Award>
    <AwardTitle>International Workshop on Seismic Stability of Tailings Dams</AwardTitle>
    <AwardEffectiveDate>01/01/2003</AwardEffectiveDate>
    <AwardExpirationDate>12/31/2004</AwardExpirationDate>
    <AwardAmount>70310</AwardAmount>
    <AwardInstrument>
      <Value>Standard Grant</Value>
    </AwardInstrument>
    <Organization>
      <Code>07030000</Code>
      <Directorate>
        <LongName>Directorate For Engineering</LongName>
      </Directorate>
      <Division>
        <LongName>Div Of Civil, Mechanical, &amp; Manufact Inn</LongName>
      </Division>
    </Organization>
    <ProgramOfficer>
      <SignBlockName>Richard J. Fragaszy</SignBlockName>
    </ProgramOfficer>
    <AbstractNarration>This action is to provide partial support for an International Workshop on Seismic &lt;br/&gt;Stability of Tailings Dams, being jointly organized and sponsored by the National &lt;br/&gt;Science Foundation, the Office of Surface Mining (a bureau of the U.S. Department of &lt;br/&gt;the Interior), and the Mine Safety and Health Administration (an agency within the &lt;br/&gt;Department of Labor). Tailings dams are the residue of the milling process used to &lt;br/&gt;extract materials of interest from mined ores. They are characterized by hydraulically &lt;br/&gt;placed fills held in place by an embankment. Failure of tailings dams due to earthquakes &lt;br/&gt;has occurred many times in the past in several Pacific Rim earthquake-prone countries, &lt;br/&gt;causing significant loss of property and human lives, as well as severe environmental &lt;br/&gt;problems. &lt;br/&gt;According to the most current data supplied to the National Inventory of Dams, there are &lt;br/&gt;860 coal-mining related dams in the United States. Of these, 232 are considered to have &lt;br/&gt;a high hazard-potential by FEMA's hazard rating system, indicating that failure would be &lt;br/&gt;reasonably likely to result in loss of life and significant property damage. The vast &lt;br/&gt;majority of these high-hazard-potential dams are coal refuse tailings dams located in the &lt;br/&gt;Appalachian Coal Field. A few are over 200 m (600 feet) high. Failure of such a &lt;br/&gt;structure due to earthquake loading would be catastrophic. Even though considerable &lt;br/&gt;progress has been made in seismic design and analysis of earth dams, little research has &lt;br/&gt;been conducted on the seismic stability of tailings dams. Past research has shown that &lt;br/&gt;coal waste materials have mechanical properties quite different from that of most soils. &lt;br/&gt;The structure and construction method of tailings dams are very different from &lt;br/&gt;conventional earth dams. Therefore, there is an urgent need for research to investigate &lt;br/&gt;the stability of tailings dams under earthquake loading, and to develop seismic design &lt;br/&gt;procedures suitable for this unique type of structure. &lt;br/&gt;This workshop will bring together US and international experts to discuss the critical &lt;br/&gt;issues involved. The objectives are: 1) to summarize the current state-of-the-art, and the &lt;br/&gt;state-of-the-practice in the design and seismic analyses of tailings dams; 2) to identify &lt;br/&gt;research needs; 3) to facilitate communication and collaboration between researchers, &lt;br/&gt;government regulatory agencies, and practicing engineers. &lt;br/&gt;Within the limits of the required expertise, the organizers will include underrepresented &lt;br/&gt;minorities. The workshop will be hosted by the Department of Civil Engineering, Case &lt;br/&gt;Western Reserve University in Cleveland, Ohio on 22-23 May 2003. The workshop &lt;br/&gt;proceedings will be posted online on the workshop web site and the web sites of the &lt;br/&gt;government regulatory agencies.</AbstractNarration>
    <MinAmdLetterDate>01/09/2003</MinAmdLetterDate>
    <MaxAmdLetterDate>01/09/2003</MaxAmdLetterDate>
    <ARRAAmount/>
    <AwardID>0302358</AwardID>
    <Investigator>
      <FirstName>Xiangwu</FirstName>
      <LastName>Zeng</LastName>
      <EmailAddress>xxz16@case.edu</EmailAddress>
      <StartDate>01/09/2003</StartDate>
      <EndDate/>
      <RoleCode>Principal Investigator</RoleCode>
    </Investigator>
    <Institution>
      <Name>Case Western Reserve University</Name>
      <CityName>CLEVELAND</CityName>
      <ZipCode>441064901</ZipCode>
      <PhoneNumber>2163684510</PhoneNumber>
      <StreetAddress>Nord Hall, Suite 615</StreetAddress>
      <CountryName>United States</CountryName>
      <StateName>Ohio</StateName>
      <StateCode>OH</StateCode>
    </Institution>
    <FoaInformation>
      <Code>0308000</Code>
      <Name>Industrial Technology</Name>
    </FoaInformation>
    <ProgramElement>
      <Code>1636</Code>
      <Text>Geotechnical Engineering and M</Text>
    </ProgramElement>
    <ProgramReference>
      <Code>1039</Code>
      <Text>RENEWAL ENGINEERING</Text>
    </ProgramReference>
    <ProgramReference>
      <Code>1057</Code>
      <Text>CIS BASE RESEARCH</Text>
    </ProgramReference>
    <ProgramReference>
      <Code>1576</Code>
      <Text>NATIONL EARTHQK HZRD REDCT PRG</Text>
    </ProgramReference>
    <ProgramReference>
      <Code>CVIS</Code>
      <Text>CIVIL INFRASTRUCTURE</Text>
    </ProgramReference>
  </Award>
</rootTag>
