<?xml version="1.0" encoding="UTF-8"?>

<rootTag>
  <Award>
    <AwardTitle>U.S.-Czech Physics Research on Asymptotic Normalization Coefficients in Nuclear Astrophysics</AwardTitle>
    <AwardEffectiveDate>09/01/2003</AwardEffectiveDate>
    <AwardExpirationDate>08/31/2007</AwardExpirationDate>
    <AwardAmount>7016</AwardAmount>
    <AwardInstrument>
      <Value>Standard Grant</Value>
    </AwardInstrument>
    <Organization>
      <Code>01090000</Code>
      <Directorate>
        <LongName>Office Of The Director</LongName>
      </Directorate>
      <Division>
        <LongName>Office Of Internatl Science &amp;Engineering</LongName>
      </Division>
    </Organization>
    <ProgramOfficer>
      <SignBlockName>Bonnie Thompson</SignBlockName>
    </ProgramOfficer>
    <AbstractNarration>This US-Czech research project between Robert E. Tribble of Texas A&amp;M's Cyclotron Institute with partner Vaclav Kroha at the Czech Nuclear Physics Institute, Rez, will apply techniques they developed to determine the direct capture contribution for a number of reactions that are important in the hydrogen-burning phase of stellar evolution. We know that stars evolve by burning their nuclear fuel through a sequence of reaction cycles and decays. The US-Czech team uses a novel indirect method to determine astrophysical capture reaction rates at stellar energies. Now published, that new approach, called the Asymptotic Normalization Coefficients (ANCs) method, is widely used by experimental groups.&lt;br/&gt;&lt;br/&gt;This phase of the collaboration involves further use of the ANCs method to study important stellar capture reactions in the hot CNO cycle, with the goal of understanding the evolution of supermassive stars. Both groups have core support from non-NSF sources. The NSF award supports the participation of graduate and undergraduate students from Texas A&amp;M who will travel to the Nuclear Physics Institute for joint research and to learn about setup and operation of a gas cell at the Rez facility. The knowledge gained will enable them to carry out precision studies of ANCs with gas targets on the Texas MDM magnetic spectrometer and to perform data analysis. At the undergraduate level, the experience will contribute to work needed for completing an honors thesis.&lt;br/&gt;&lt;br/&gt;Much new information is now available from astronomical observations that require modeling of nuclear processes to understand. The synergy between observation, stellar modeling and nuclear physics that the US-Czech team brings to bear is expected to advance our understanding of stellar evolution. This nuclear astrophysics project thereby fulfills the program objective of advancing scientific knowledge by enabling experts in the United States and Central Europe to combine complementary talents and share research resources in areas of strong mutual interest and competence.</AbstractNarration>
    <MinAmdLetterDate>04/17/2003</MinAmdLetterDate>
    <MaxAmdLetterDate>04/17/2003</MaxAmdLetterDate>
    <ARRAAmount/>
    <AwardID>0302441</AwardID>
    <Investigator>
      <FirstName>Robert</FirstName>
      <LastName>Tribble</LastName>
      <EmailAddress>tribble@comp.tamu.edu</EmailAddress>
      <StartDate>04/17/2003</StartDate>
      <EndDate/>
      <RoleCode>Principal Investigator</RoleCode>
    </Investigator>
    <Investigator>
      <FirstName>Carl</FirstName>
      <LastName>Gagliardi</LastName>
      <EmailAddress>cggroup@comp.tamu.edu</EmailAddress>
      <StartDate>04/17/2003</StartDate>
      <EndDate/>
      <RoleCode>Co-Principal Investigator</RoleCode>
    </Investigator>
    <Institution>
      <Name>Texas A&amp;M Research Foundation</Name>
      <CityName>College Station</CityName>
      <ZipCode>778454321</ZipCode>
      <PhoneNumber>9798458600</PhoneNumber>
      <StreetAddress>400 Harvey Mitchell Parkway, S</StreetAddress>
      <CountryName>United States</CountryName>
      <StateName>Texas</StateName>
      <StateCode>TX</StateCode>
    </Institution>
    <FoaInformation>
      <Code>0000099</Code>
      <Name>Other Applications NEC</Name>
    </FoaInformation>
  </Award>
</rootTag>
