<?xml version="1.0" encoding="UTF-8"?>

<rootTag>
  <Award>
    <AwardTitle>GEM: A Study of Relativistic Electron Precipitation with Data from the MAXIS (MeV Auroral X-ray Imaging and Spectroscopy) 2000 Long Duration Balloon Flight</AwardTitle>
    <AwardEffectiveDate>06/15/2003</AwardEffectiveDate>
    <AwardExpirationDate>05/31/2006</AwardExpirationDate>
    <AwardAmount>120000</AwardAmount>
    <AwardInstrument>
      <Value>Standard Grant</Value>
    </AwardInstrument>
    <Organization>
      <Code>06020202</Code>
      <Directorate>
        <LongName>Directorate For Geosciences</LongName>
      </Directorate>
      <Division>
        <LongName>Div Atmospheric &amp; Geospace Sciences</LongName>
      </Division>
    </Organization>
    <ProgramOfficer>
      <SignBlockName>kile baker</SignBlockName>
    </ProgramOfficer>
    <AbstractNarration>This project will analyze data taken from the MeV Auroral X-ray Imaging and Spectroscopy (MAXIS) 2000 long-duration balloon campaign. The balloon was launched from McMurdo, Antarctica. It detected two types of high-energy (relativistic) particle precipitation, (1) MeV precipitation events and (2) microbursts. The analysis will examine the sources and particle energization mechanisms responsible for these two different types of events. The observational data will be put into context by comparing the observations with different models of the processes by which particles are energized and then scattered into the loss-cone so that they are observed as precipitating particles. In addition to the purely scientific aspects of the research, the project will enhance education by including undergraduates in the research program and the Dartmouth College Women in Science Project (WISP) will help enhance diversity in space science.</AbstractNarration>
    <MinAmdLetterDate>04/14/2003</MinAmdLetterDate>
    <MaxAmdLetterDate>04/14/2003</MaxAmdLetterDate>
    <ARRAAmount/>
    <AwardID>0302582</AwardID>
    <Investigator>
      <FirstName>Robyn</FirstName>
      <LastName>Millan</LastName>
      <EmailAddress>Robyn.Millan@dartmouth.edu</EmailAddress>
      <StartDate>04/14/2003</StartDate>
      <EndDate/>
      <RoleCode>Principal Investigator</RoleCode>
    </Investigator>
    <Institution>
      <Name>Dartmouth College</Name>
      <CityName>HANOVER</CityName>
      <ZipCode>037551404</ZipCode>
      <PhoneNumber>6036463007</PhoneNumber>
      <StreetAddress>OFFICE OF SPONSORED PROJECTS</StreetAddress>
      <CountryName>United States</CountryName>
      <StateName>New Hampshire</StateName>
      <StateCode>NH</StateCode>
    </Institution>
    <FoaInformation>
      <Code>0205000</Code>
      <Name>Space</Name>
    </FoaInformation>
    <ProgramElement>
      <Code>5750</Code>
      <Text>MAGNETOSPHERIC PHYSICS</Text>
    </ProgramElement>
    <ProgramReference>
      <Code>1323</Code>
      <Text>SOLAR INFLUENCES</Text>
    </ProgramReference>
    <ProgramReference>
      <Code>EGCH</Code>
      <Text>ENVIRONMENT AND GLOBAL CHANGE</Text>
    </ProgramReference>
  </Award>
</rootTag>
