<?xml version="1.0" encoding="UTF-8"?>

<rootTag>
  <Award>
    <AwardTitle>Supporting the Conference Series: NSF/CBMS Regional Research Conferences in Mathematics</AwardTitle>
    <AwardEffectiveDate>04/01/2003</AwardEffectiveDate>
    <AwardExpirationDate>09/30/2006</AwardExpirationDate>
    <AwardAmount>213601</AwardAmount>
    <AwardInstrument>
      <Value>Continuing grant</Value>
    </AwardInstrument>
    <Organization>
      <Code>03040100</Code>
      <Directorate>
        <LongName>Direct For Mathematical &amp; Physical Scien</LongName>
      </Directorate>
      <Division>
        <LongName>Division Of Mathematical Sciences</LongName>
      </Division>
    </Organization>
    <ProgramOfficer>
      <SignBlockName>Lloyd E. Douglas</SignBlockName>
    </ProgramOfficer>
    <AbstractNarration>The Conference Board of the Mathematical Sciences (CBMS) promotes, administers, and provides support services for the conference series known as the NSF/CBMS Regional Research Conferences in Mathematics. Each year approximately six conferences will be held. These conferences are intended to stimulate interest and activity in mathematical research. Each five day conference features a distinguished lecturer who delivers ten lectures on a topic of important current research in one sharply focused area of the mathematical sciences. Support for about 30 participants is provided and the conference organizer invites both established researchers and interested newcomers, including postdoctoral fellows and graduate students, to attend. The lecturer subsequently prepares an expository monograph based upon the lectures and this is published as a part of a regional conference series. Depending upon the conference topic, the monograph is published by the American Mathematical Society, the Society for Industrial and Applied Mathematics, or jointly by the American Statistical Association and the Institute of Mathematical Statistics. These conferences have been an ongoing cooperative project administered by CBMS and supported by NSF for the last 34 years. A complete listing of all past conferences and their resulting monographs is given on the CBMS website www.cbmsweb.org.</AbstractNarration>
    <MinAmdLetterDate>02/13/2003</MinAmdLetterDate>
    <MaxAmdLetterDate>03/28/2006</MaxAmdLetterDate>
    <ARRAAmount/>
    <AwardID>0302236</AwardID>
    <Investigator>
      <FirstName>Ronald</FirstName>
      <LastName>Rosier</LastName>
      <EmailAddress>rosier@georgetown.edu</EmailAddress>
      <StartDate>02/13/2003</StartDate>
      <EndDate/>
      <RoleCode>Principal Investigator</RoleCode>
    </Investigator>
    <Institution>
      <Name>Conference Board Math Sciences</Name>
      <CityName>Washington</CityName>
      <ZipCode>200361358</ZipCode>
      <PhoneNumber>2022931170</PhoneNumber>
      <StreetAddress>1529 Eighteenth Street NW</StreetAddress>
      <CountryName>United States</CountryName>
      <StateName>District of Columbia</StateName>
      <StateCode>DC</StateCode>
    </Institution>
    <FoaInformation>
      <Code>0000099</Code>
      <Name>Other Applications NEC</Name>
    </FoaInformation>
  </Award>
</rootTag>
