<?xml version="1.0" encoding="UTF-8"?>

<rootTag>
  <Award>
    <AwardTitle>CAREER: Broadcast and the Bits: Enhancing Educational Television with Digital Justification</AwardTitle>
    <AwardEffectiveDate>10/01/2002</AwardEffectiveDate>
    <AwardExpirationDate>08/31/2006</AwardExpirationDate>
    <AwardAmount>284763</AwardAmount>
    <AwardInstrument>
      <Value>Continuing grant</Value>
    </AwardInstrument>
    <Organization>
      <Code>11090000</Code>
      <Directorate>
        <LongName>Direct For Education and Human Resources</LongName>
      </Directorate>
      <Division>
        <LongName>Division Of Research On Learning</LongName>
      </Division>
    </Organization>
    <ProgramOfficer>
      <SignBlockName>Elizabeth VanderPutten</SignBlockName>
    </ProgramOfficer>
    <AbstractNarration>This research focuses on children's television and how it can be enhanced with digital technologies. We envision the convergence between television and computing leading to new types of learning interactions between children and parents around television content. In particular, we may be able to borrow features from educational reform movements to develop novel, informal learning around television. For instance, if we can model question-asking and inquiry strategies to parents and children, they may be able to adopt and use them to structure learning conversations in the home.&lt;br/&gt;&lt;br/&gt;We add a new layer of digital information to the analog television experience, justification structures that explain how and why a television program is intended to facilitate learning. By providing additional meta-information about the educational intentions of a program, we hope to engage parents and children in critical reflection and inquiry around television content. The justification structures are digitial design rationales, capturing elements of the production process that would otherwise be hidden from viewers (e.g., historical justifications for the inclusion of content, alternative viewpoints and additional questions that were omitted from the final program).&lt;br/&gt;&lt;br/&gt;To develop the justification structures, we will examine how television producers currently design and develop their programming. As we understand their practices and conceptions of learning, we will define justification structures that make explicit the tacit assumptions underlying their programming decisions. We will then design and deploy digital television technologies to families in low-income housing projects with the goals of:&lt;br/&gt;&lt;br/&gt;o Developing a theory of justification that describes the content and rationale behind children's television programming&lt;br/&gt;&lt;br/&gt;o Assessing the impact of justification structures on parent-child interactions and learning&lt;br/&gt;&lt;br/&gt;o Rethinking the content of educational television in light of these justification structures</AbstractNarration>
    <MinAmdLetterDate>02/25/2003</MinAmdLetterDate>
    <MaxAmdLetterDate>07/03/2003</MaxAmdLetterDate>
    <ARRAAmount/>
    <AwardID>0302169</AwardID>
    <Investigator>
      <FirstName>Brian</FirstName>
      <LastName>Smith</LastName>
      <EmailAddress>bsmith@drexel.edu</EmailAddress>
      <StartDate>02/25/2003</StartDate>
      <EndDate/>
      <RoleCode>Principal Investigator</RoleCode>
    </Investigator>
    <Institution>
      <Name>Pennsylvania State Univ University Park</Name>
      <CityName>UNIVERSITY PARK</CityName>
      <ZipCode>168027000</ZipCode>
      <PhoneNumber>8148651372</PhoneNumber>
      <StreetAddress>110 Technology Center Building</StreetAddress>
      <CountryName>United States</CountryName>
      <StateName>Pennsylvania</StateName>
      <StateCode>PA</StateCode>
    </Institution>
    <ProgramElement>
      <Code>7256</Code>
      <Text/>
    </ProgramElement>
    <ProgramReference>
      <Code>1045</Code>
      <Text>CAREER: FACULTY EARLY CAR DEV</Text>
    </ProgramReference>
    <ProgramReference>
      <Code>9177</Code>
      <Text>ELEMENTARY/SECONDARY EDUCATION</Text>
    </ProgramReference>
    <ProgramReference>
      <Code>SMET</Code>
      <Text>SCIENCE, MATH, ENG &amp; TECH EDUCATION</Text>
    </ProgramReference>
  </Award>
</rootTag>
