<?xml version="1.0" encoding="UTF-8"?>

<rootTag>
  <Award>
    <AwardTitle>International - Optimal Impact Protection for Disabled Persons in Vehicles</AwardTitle>
    <AwardEffectiveDate>08/01/2003</AwardEffectiveDate>
    <AwardExpirationDate>07/31/2007</AwardExpirationDate>
    <AwardAmount>184249</AwardAmount>
    <AwardInstrument>
      <Value>Standard Grant</Value>
    </AwardInstrument>
    <Organization>
      <Code>07020000</Code>
      <Directorate>
        <LongName>Directorate For Engineering</LongName>
      </Directorate>
      <Division>
        <LongName>Div Of Chem, Bioeng, Env, &amp; Transp Sys</LongName>
      </Division>
    </Organization>
    <ProgramOfficer>
      <SignBlockName>Leon Esterowitz</SignBlockName>
    </ProgramOfficer>
    <AbstractNarration>0302337&lt;br/&gt;Pilkey&lt;br/&gt;This is a proposal to provide support for two distinguished Russian scientists to work with a US counterpart. The Russian-US team has worked together previously and has written a book, Optimal Protection from Impact, Shock, and Vibration (Gordon and Breach, 2001), on optimal protection, primarily of military hardware. The team wishes to initiate joint work in a new area, namely that of injury control under impact conditions. The interest in wheelchair occupant injury protection stems from the US participant having served earlier as the director of the University of Virginia (UVA) transportation research center for persons with disabilities. He was also the founder and director of the UVA Automobile Safety Laboratory (ASL), where extensive high speed sled testing of wheelchair tiedown systems has been performed. Much of the sled testing for the development of the ANSI/RESNA (American National Standards Institute/Rehabilitation Engineering and Assistive Technology Society of North America) crashworthy wheelchair standard was conducted at the ASL. The goal of the proposed research is to develop the technology for characterizing the best possible (theoretically optimal) protection from impact for disabled persons during their transportation in assorted types of vehicles. The "theoretically optimal" is referred to as the limiting performance in this proposal. The limiting performance involves a protection system in which the structural configuration of the system is replaced by a generic force. Of particular interest in this project will be an investigation of the advantages of a pre-acting isolation unit.</AbstractNarration>
    <MinAmdLetterDate>07/29/2003</MinAmdLetterDate>
    <MaxAmdLetterDate>07/05/2007</MaxAmdLetterDate>
    <ARRAAmount/>
    <AwardID>0302337</AwardID>
    <Investigator>
      <FirstName>Walter</FirstName>
      <LastName>Pilkey</LastName>
      <EmailAddress>wdp@virginia.edu</EmailAddress>
      <StartDate>07/29/2003</StartDate>
      <EndDate/>
      <RoleCode>Principal Investigator</RoleCode>
    </Investigator>
    <Institution>
      <Name>University of Virginia Main Campus</Name>
      <CityName>CHARLOTTESVILLE</CityName>
      <ZipCode>229044195</ZipCode>
      <PhoneNumber>4349244270</PhoneNumber>
      <StreetAddress>P.O. BOX 400195</StreetAddress>
      <CountryName>United States</CountryName>
      <StateName>Virginia</StateName>
      <StateCode>VA</StateCode>
    </Institution>
    <FoaInformation>
      <Code>0203000</Code>
      <Name>Health</Name>
    </FoaInformation>
    <ProgramElement>
      <Code>5342</Code>
      <Text>Gen &amp; Age Rel Disabilities Eng</Text>
    </ProgramElement>
    <ProgramElement>
      <Code>5979</Code>
      <Text>CENTRAL &amp; EASTERN EUROPE PROGR</Text>
    </ProgramElement>
    <ProgramReference>
      <Code>0000</Code>
      <Text>UNASSIGNED</Text>
    </ProgramReference>
    <ProgramReference>
      <Code>010E</Code>
      <Text>DISABILITY RES &amp; HOMECARE TECH</Text>
    </ProgramReference>
    <ProgramReference>
      <Code>5939</Code>
      <Text>US/USSR ACTIVITIES</Text>
    </ProgramReference>
    <ProgramReference>
      <Code>9178</Code>
      <Text>UNDERGRADUATE EDUCATION</Text>
    </ProgramReference>
    <ProgramReference>
      <Code>9251</Code>
      <Text>RES EXPER FOR UNDERGRAD-SUPPLT</Text>
    </ProgramReference>
    <ProgramReference>
      <Code>OTHR</Code>
      <Text>OTHER RESEARCH OR EDUCATION</Text>
    </ProgramReference>
    <ProgramReference>
      <Code>SMET</Code>
      <Text>SCIENCE, MATH, ENG &amp; TECH EDUCATION</Text>
    </ProgramReference>
  </Award>
</rootTag>
