<?xml version="1.0" encoding="UTF-8"?>

<rootTag>
  <Award>
    <AwardTitle>Plastics Resources Educators Program (PREP)</AwardTitle>
    <AwardEffectiveDate>07/15/2003</AwardEffectiveDate>
    <AwardExpirationDate>06/30/2007</AwardExpirationDate>
    <AwardAmount>492091</AwardAmount>
    <AwardInstrument>
      <Value>Standard Grant</Value>
    </AwardInstrument>
    <Organization>
      <Code>11040100</Code>
      <Directorate>
        <LongName>Direct For Education and Human Resources</LongName>
      </Directorate>
      <Division>
        <LongName>Division Of Undergraduate Education</LongName>
      </Division>
    </Organization>
    <ProgramOfficer>
      <SignBlockName>Gerhard L. Salinger</SignBlockName>
    </ProgramOfficer>
    <AbstractNarration>The Plastics Resources for Educators Program (PREP) has developed a broad range of multimedia instructional reassures on synthesis, structure, properties, applications and processing of plastics. The interactive programs and virtual instruments create an exploratory learning environment that allows students to explore complex multivariable problems. This project is to develop a sustainable dissemination effort that includes workshops for faculty and the construction of workbooks and CDROMs that customize the use of various modules to address educational needs of different audiences. Dissemination is done through a commercial publisher, but marketing is done through faculty contacts, industrial partners, a special interest group associated with the Society of Plastics Engineers and presentations at professional meetings. A PREP website is a communications and distribution hub. Formative and summative evaluation of all components is done by a third party evaluator. The interactive electronic materials provide faculty with new ways of teaching.</AbstractNarration>
    <MinAmdLetterDate>07/11/2003</MinAmdLetterDate>
    <MaxAmdLetterDate>07/11/2003</MaxAmdLetterDate>
    <ARRAAmount/>
    <AwardID>0302527</AwardID>
    <Investigator>
      <FirstName>Paul</FirstName>
      <LastName>Painter</LastName>
      <EmailAddress>pcp1@psu.edu</EmailAddress>
      <StartDate>07/11/2003</StartDate>
      <EndDate/>
      <RoleCode>Co-Principal Investigator</RoleCode>
    </Investigator>
    <Investigator>
      <FirstName>Ian</FirstName>
      <LastName>Harrison</LastName>
      <EmailAddress>irh1@psu.edu</EmailAddress>
      <StartDate>07/11/2003</StartDate>
      <EndDate/>
      <RoleCode>Co-Principal Investigator</RoleCode>
    </Investigator>
    <Investigator>
      <FirstName>Timothy</FirstName>
      <LastName>Weston</LastName>
      <EmailAddress>tweston@pct.edu</EmailAddress>
      <StartDate>07/11/2003</StartDate>
      <EndDate/>
      <RoleCode>Principal Investigator</RoleCode>
    </Investigator>
    <Institution>
      <Name>Pennsylvania College of Technology</Name>
      <CityName>Williamsport</CityName>
      <ZipCode>177015799</ZipCode>
      <PhoneNumber>5703263761</PhoneNumber>
      <StreetAddress>One College Avenue</StreetAddress>
      <CountryName>United States</CountryName>
      <StateName>Pennsylvania</StateName>
      <StateCode>PA</StateCode>
    </Institution>
    <FoaInformation>
      <Code>0000099</Code>
      <Name>Other Applications NEC</Name>
    </FoaInformation>
    <ProgramElement>
      <Code>7412</Code>
      <Text>ADVANCED TECH EDUCATION PROG</Text>
    </ProgramElement>
    <ProgramReference>
      <Code>1032</Code>
      <Text>ADVANCED TECHNOLOGY EDUCATION</Text>
    </ProgramReference>
    <ProgramReference>
      <Code>9178</Code>
      <Text>UNDERGRADUATE EDUCATION</Text>
    </ProgramReference>
    <ProgramReference>
      <Code>SMET</Code>
      <Text>SCIENCE, MATH, ENG &amp; TECH EDUCATION</Text>
    </ProgramReference>
  </Award>
</rootTag>
