<?xml version="1.0" encoding="UTF-8"?>

<rootTag>
  <Award>
    <AwardTitle>Dynamics Conference Support: Convergence Problems in Analysis and Ergodic Theory</AwardTitle>
    <AwardEffectiveDate>09/01/2003</AwardEffectiveDate>
    <AwardExpirationDate>08/31/2006</AwardExpirationDate>
    <AwardAmount>24000</AwardAmount>
    <AwardInstrument>
      <Value>Standard Grant</Value>
    </AwardInstrument>
    <Organization>
      <Code>03040100</Code>
      <Directorate>
        <LongName>Direct For Mathematical &amp; Physical Scien</LongName>
      </Directorate>
      <Division>
        <LongName>Division Of Mathematical Sciences</LongName>
      </Division>
    </Organization>
    <ProgramOfficer>
      <SignBlockName>Joe W. Jenkins</SignBlockName>
    </ProgramOfficer>
    <AbstractNarration>The dynamics group in the Department of Mathematics at the University of Maryland, College Park, seeks support for a dynamics conference in spring of the years 2004, 2005 and 2006. This represents our half of the Semi-annual Workshop in Dynamical Systems and Related Topics, cosponsored for the last 12 years by the dynamics groups of Maryland and Penn State. The organizers will rotate among the dynamics group, including K. Berg, M. Boyle, M. Brin, D. Dolgopyat, B. Hunt, M. Jakobson, D. Rudolph, and J. Yorke. Each year 2 or 3 of us will organize the meeting.&lt;br/&gt;&lt;br/&gt;The goals of this conference are to promote the communication of mathematical results; to facilitate interaction and progress in dynamical systems and related fields; to nurture the sense of community and common mission in these fields; and to contribute to the training of graduate students and recent Ph.D. recipients and to their integration into the dynamics community.</AbstractNarration>
    <MinAmdLetterDate>03/20/2003</MinAmdLetterDate>
    <MaxAmdLetterDate>03/20/2003</MaxAmdLetterDate>
    <ARRAAmount/>
    <AwardID>0302265</AwardID>
    <Investigator>
      <FirstName>Daniel</FirstName>
      <LastName>Rudolph</LastName>
      <EmailAddress>rudolphd@math.colostate.edu</EmailAddress>
      <StartDate>03/20/2003</StartDate>
      <EndDate/>
      <RoleCode>Principal Investigator</RoleCode>
    </Investigator>
    <Investigator>
      <FirstName>Michael</FirstName>
      <LastName>Boyle</LastName>
      <EmailAddress>mmb@math.umd.edu</EmailAddress>
      <StartDate>03/20/2003</StartDate>
      <EndDate/>
      <RoleCode>Co-Principal Investigator</RoleCode>
    </Investigator>
    <Investigator>
      <FirstName>Michael</FirstName>
      <LastName>Jakobson</LastName>
      <EmailAddress>mvy@math.umd.edu</EmailAddress>
      <StartDate>03/20/2003</StartDate>
      <EndDate/>
      <RoleCode>Co-Principal Investigator</RoleCode>
    </Investigator>
    <Investigator>
      <FirstName>Brian</FirstName>
      <LastName>Hunt</LastName>
      <EmailAddress>bhunt@ipst.umd.edu</EmailAddress>
      <StartDate>03/20/2003</StartDate>
      <EndDate/>
      <RoleCode>Co-Principal Investigator</RoleCode>
    </Investigator>
    <Investigator>
      <FirstName>Dmitry</FirstName>
      <LastName>Dolgopyat</LastName>
      <EmailAddress>dmitry@math.umd.edu</EmailAddress>
      <StartDate>03/20/2003</StartDate>
      <EndDate/>
      <RoleCode>Co-Principal Investigator</RoleCode>
    </Investigator>
    <Institution>
      <Name>University of Maryland College Park</Name>
      <CityName>COLLEGE PARK</CityName>
      <ZipCode>207425141</ZipCode>
      <PhoneNumber>3014056269</PhoneNumber>
      <StreetAddress>3112 LEE BLDG 7809 Regents Drive</StreetAddress>
      <CountryName>United States</CountryName>
      <StateName>Maryland</StateName>
      <StateCode>MD</StateCode>
    </Institution>
    <FoaInformation>
      <Code>0000099</Code>
      <Name>Other Applications NEC</Name>
    </FoaInformation>
  </Award>
</rootTag>
