<?xml version="1.0" encoding="UTF-8"?>

<rootTag>
  <Award>
    <AwardTitle>MET Summit II - Conference on the Mathematical Education of Teachers: Meeting the Demand for High Quality Education in America</AwardTitle>
    <AwardEffectiveDate>05/15/2003</AwardEffectiveDate>
    <AwardExpirationDate>04/30/2005</AwardExpirationDate>
    <AwardAmount>229865</AwardAmount>
    <AwardInstrument>
      <Value>Standard Grant</Value>
    </AwardInstrument>
    <Organization>
      <Code>11040100</Code>
      <Directorate>
        <LongName>Direct For Education and Human Resources</LongName>
      </Directorate>
      <Division>
        <LongName>Division Of Undergraduate Education</LongName>
      </Division>
    </Organization>
    <ProgramOfficer>
      <SignBlockName>Joan T Prival</SignBlockName>
    </ProgramOfficer>
    <AbstractNarration>The Benjamin Banneker Association, Inc. (BBA) and the National Association of Mathematicians (NAM) with the support of the other fourteen member societies of CBMS is conducting a Second National Summit -MET Summit II - on the Mathematical Education of Teachers with emphasis on participation by HBCU's and other institutions that produce minority teachers or teachers that work in areas with high concentrations of minority students. The Mathematical Education of Teachers (MET), is the mathematics community's agenda for improving the mathematical preparation of future teachers. The Conference Board of the Mathematical Sciences (CBMS), launched MET with a breakfast Policy Briefing, and a National Summit on the Mathematical Education of Teachers. This Second National Summit engages college and university mathematics faculty in the hard work of implementing the vision of the mathematical education of teachers presented in MET. Since HBCU's train a significant number of teachers of mathematics, MET Summit II uses the format of the first national summit (MET I) which was a working conference to introduce mathematics faculty and department chairs to the report, to give them vivid and concrete examples of successful implementations of the recommendations in the report, and to engage them in beginning widespread local efforts to implement and spread the vision of the report. Invited teams include a faculty member from the mathematics department, a faculty member from mathematics education, a college or university administrator with responsibility for teacher preparation programs, a teacher from a K-12 school system involved in teacher preparation and/or in-service activities associated with the college or university and a community college mathematics faculty member. The working sessions engage the participants in thinking about how to address the challenges in carrying out the recommendations of the report at their institution and surrounding community. Discussions in the working sessions aid the participants in analyzing the implications for designing courses in their own institutions and cooperative programs with other institutions and state agencies. In addition to these sessions focus on what must be done to change the content of teacher education.</AbstractNarration>
    <MinAmdLetterDate>05/02/2003</MinAmdLetterDate>
    <MaxAmdLetterDate>05/02/2003</MaxAmdLetterDate>
    <ARRAAmount/>
    <AwardID>0302288</AwardID>
    <Investigator>
      <FirstName>Irvin</FirstName>
      <LastName>Vance</LastName>
      <EmailAddress>vance@math.msu.edu</EmailAddress>
      <StartDate>05/02/2003</StartDate>
      <EndDate/>
      <RoleCode>Principal Investigator</RoleCode>
    </Investigator>
    <Institution>
      <Name>Michigan State University</Name>
      <CityName>East Lansing</CityName>
      <ZipCode>488242600</ZipCode>
      <PhoneNumber>5173555040</PhoneNumber>
      <StreetAddress>Office of Sponsored Programs</StreetAddress>
      <CountryName>United States</CountryName>
      <StateName>Michigan</StateName>
      <StateCode>MI</StateCode>
    </Institution>
    <FoaInformation>
      <Code>0000099</Code>
      <Name>Other Applications NEC</Name>
    </FoaInformation>
  </Award>
</rootTag>
