<?xml version="1.0" encoding="UTF-8"?>

<rootTag>
  <Award>
    <AwardTitle>Induction and Mentoring in a Middle Grades Science and Mathematics Accelerated Teacher Preparation Program</AwardTitle>
    <AwardEffectiveDate>06/01/2003</AwardEffectiveDate>
    <AwardExpirationDate>08/31/2008</AwardExpirationDate>
    <AwardAmount>900000</AwardAmount>
    <AwardInstrument>
      <Value>Continuing grant</Value>
    </AwardInstrument>
    <Organization>
      <Code>11040100</Code>
      <Directorate>
        <LongName>Direct For Education and Human Resources</LongName>
      </Directorate>
      <Division>
        <LongName>Division Of Undergraduate Education</LongName>
      </Division>
    </Organization>
    <ProgramOfficer>
      <SignBlockName>Joan T Prival</SignBlockName>
    </ProgramOfficer>
    <AbstractNarration>This project addresses the induction and mentoring components of an alternative teacher certification program and examines the effectiveness of these practices on teacher retention in urban schools. The Middle Grades Science (MGS) and Mathematics (MGM) program is a existing collaboration between the University of Illinois-Chicago (UIC) and the Chicago Public Schools (CPS) that involves the recruitment of individuals with strong science and mathematics backgrounds from underrepresented populations to teach in struggling urban schools. To retain these talented teacher interns, the induction and mentoring components are being redesigned to extend from one to three years, and a comprehensive professional development program is being added for both interns and their mentors. The professional development component is a joint effort of scientists, mathematicians, and education faculty. These individuals teach seminars and workshops that have been designed to deepen the understanding of content, demonstrate the integration of content and pedagogy, and educate interns on how to best address the varied instructional needs of a diverse student population. Significant program enhancements include: action-research projects, culturally relevant pedagogical practice, joint professional development for intern-mentor cohorts, creation of an on-line community, teaching and learning seminars led by scientists and mathematicians, and access by interns and mentors to advanced study in mathematics and science education. &lt;br/&gt;&lt;br/&gt;The research component examines the identities that beginning teachers in an alternative certification program construct in relation to teaching middle grades science or mathematics in an urban context, and explores the role that mentoring practices play in supporting the construction of reform-minded teaching practices among science and mathematics teachers in an alternative certification program during this induction phase. The study participants include the MGS/MGM interns during their first three years of teaching in CPS, focusing on particular cohorts and interns at targeted stages within this extended induction phase.&lt;br/&gt;&lt;br/&gt;By hearing firsthand from these beginning teachers, it is possible to learn how urban teacher identities are constructed at the intersections of personal experience, school culture, and broader educational policies that inform teacher preparation. The study has important implications for understanding how teachers prepared in an alternative certification program attempt to counteract the 50% attrition rate of new science teachers in urban schools through establishing communities of practice that sustain them as professionals and nurture their instruction and adds to the understanding of how best to service the science and mathematics instructional needs of middle grade students in urban schools.</AbstractNarration>
    <MinAmdLetterDate>05/21/2003</MinAmdLetterDate>
    <MaxAmdLetterDate>11/17/2006</MaxAmdLetterDate>
    <ARRAAmount/>
    <AwardID>0302119</AwardID>
    <Investigator>
      <FirstName>John</FirstName>
      <LastName>Baldwin</LastName>
      <EmailAddress>jbaldwin@uic.edu</EmailAddress>
      <StartDate>05/21/2003</StartDate>
      <EndDate/>
      <RoleCode>Co-Principal Investigator</RoleCode>
    </Investigator>
    <Investigator>
      <FirstName>Lena</FirstName>
      <LastName>Khisty</LastName>
      <EmailAddress>Llkhisty@uic.edu</EmailAddress>
      <StartDate>05/21/2003</StartDate>
      <EndDate/>
      <RoleCode>Co-Principal Investigator</RoleCode>
    </Investigator>
    <Investigator>
      <FirstName>Carole</FirstName>
      <LastName>Mitchener</LastName>
      <EmailAddress>Cmitchen@uic.edu</EmailAddress>
      <StartDate>05/21/2003</StartDate>
      <EndDate/>
      <RoleCode>Principal Investigator</RoleCode>
    </Investigator>
    <Investigator>
      <FirstName>Eric</FirstName>
      <LastName>Gutstein</LastName>
      <EmailAddress>gutstein@uic.edu</EmailAddress>
      <StartDate>05/21/2003</StartDate>
      <EndDate/>
      <RoleCode>Co-Principal Investigator</RoleCode>
    </Investigator>
    <Institution>
      <Name>University of Illinois at Chicago</Name>
      <CityName>Chicago</CityName>
      <ZipCode>606124305</ZipCode>
      <PhoneNumber>3129962862</PhoneNumber>
      <StreetAddress>809 S MARSHFIELD</StreetAddress>
      <CountryName>United States</CountryName>
      <StateName>Illinois</StateName>
      <StateCode>IL</StateCode>
    </Institution>
    <FoaInformation>
      <Code>0000099</Code>
      <Name>Other Applications NEC</Name>
    </FoaInformation>
    <FoaInformation>
      <Code>0116000</Code>
      <Name>Human Subjects</Name>
    </FoaInformation>
    <ProgramElement>
      <Code>1795</Code>
      <Text>ROBERT NOYCE SCHOLARSHIP PGM</Text>
    </ProgramElement>
    <ProgramElement>
      <Code>7271</Code>
      <Text>TEACHER PROFESSIONAL CONTINUUM</Text>
    </ProgramElement>
    <ProgramElement>
      <Code>7688</Code>
      <Text>SCIENCE,TECH,ENG&amp;MATH TEACHER</Text>
    </ProgramElement>
    <ProgramReference>
      <Code>7688</Code>
      <Text>SCIENCE,TECH,ENG&amp;MATH TEACHER</Text>
    </ProgramReference>
    <ProgramReference>
      <Code>9178</Code>
      <Text>UNDERGRADUATE EDUCATION</Text>
    </ProgramReference>
    <ProgramReference>
      <Code>SMET</Code>
      <Text>SCIENCE, MATH, ENG &amp; TECH EDUCATION</Text>
    </ProgramReference>
  </Award>
</rootTag>
