<?xml version="1.0" encoding="UTF-8"?>

<rootTag>
  <Award>
    <AwardTitle>National Center for Telecommunications Technologies</AwardTitle>
    <AwardEffectiveDate>09/01/2003</AwardEffectiveDate>
    <AwardExpirationDate>08/31/2009</AwardExpirationDate>
    <AwardAmount>1793678</AwardAmount>
    <AwardInstrument>
      <Value>Continuing grant</Value>
    </AwardInstrument>
    <Organization>
      <Code>11040100</Code>
      <Directorate>
        <LongName>Direct For Education and Human Resources</LongName>
      </Directorate>
      <Division>
        <LongName>Division Of Undergraduate Education</LongName>
      </Division>
    </Organization>
    <ProgramOfficer>
      <SignBlockName>Gerhard L. Salinger</SignBlockName>
    </ProgramOfficer>
    <AbstractNarration>The National Center for Telecommunications Technologies (NCTT) continues as a Resource Center to expand the model of partner schools developed in the Northeast to ten regional partners for telecommunications technologies throughout the United States. NCTT activities are designed to support the deployment of rapidly changing telecommunications applications from industry-development to classroom and laboratory delivery in schools and colleges. The Center has forged partnerships with international telecommunications industry leaders and academic institutions. Goals for the next four years include developing the national consortium; creation of additional texts in the telecommunications technologies series, including accompanying hands-on laboratory manuals; dissemination of content through faculty workshops and corporate training programs; a national conference on telecommunications; and the continued development of telecommunications skill standards. The Center focuses on new methods to manage and educate workers in light wave and wireless telecommunications and in networking, keeping up with the needs of the industry as it emerges from the present underemployment. The Center evaluation documents these goals.</AbstractNarration>
    <MinAmdLetterDate>06/03/2003</MinAmdLetterDate>
    <MaxAmdLetterDate>12/02/2008</MaxAmdLetterDate>
    <ARRAAmount/>
    <AwardID>0302548</AwardID>
    <Investigator>
      <FirstName>James</FirstName>
      <LastName>Downing</LastName>
      <EmailAddress>jdowning@stcc.edu</EmailAddress>
      <StartDate>06/03/2003</StartDate>
      <EndDate/>
      <RoleCode>Co-Principal Investigator</RoleCode>
    </Investigator>
    <Investigator>
      <FirstName>Gary</FirstName>
      <LastName>Mullett</LastName>
      <EmailAddress>gmullett@stcc.mass.edu</EmailAddress>
      <StartDate>06/03/2003</StartDate>
      <EndDate>12/08/2004</EndDate>
      <RoleCode>Former Co-Principal Investigator</RoleCode>
    </Investigator>
    <Investigator>
      <FirstName>Mohammad</FirstName>
      <LastName>Shanehsaz</LastName>
      <EmailAddress>mshanehsaz@brookdalecc.edu</EmailAddress>
      <StartDate>08/10/2007</StartDate>
      <EndDate/>
      <RoleCode>Co-Principal Investigator</RoleCode>
    </Investigator>
    <Investigator>
      <FirstName>Michael</FirstName>
      <LastName>Qaissaunee</LastName>
      <EmailAddress>mqaissaunee@brookdale.cc.nj.us</EmailAddress>
      <StartDate>12/08/2004</StartDate>
      <EndDate/>
      <RoleCode>Co-Principal Investigator</RoleCode>
    </Investigator>
    <Investigator>
      <FirstName>Gordon</FirstName>
      <LastName>Snyder</LastName>
      <EmailAddress>gordonfsnyder@gmail.com</EmailAddress>
      <StartDate>06/03/2003</StartDate>
      <EndDate/>
      <RoleCode>Principal Investigator</RoleCode>
    </Investigator>
    <Investigator>
      <FirstName>Ann</FirstName>
      <LastName>Beheler</LastName>
      <EmailAddress>abeheler@collin.edu</EmailAddress>
      <StartDate>08/10/2007</StartDate>
      <EndDate/>
      <RoleCode>Co-Principal Investigator</RoleCode>
    </Investigator>
    <Institution>
      <Name>Springfield Technical Community College</Name>
      <CityName>Springfield</CityName>
      <ZipCode>011029000</ZipCode>
      <PhoneNumber>4137817822</PhoneNumber>
      <StreetAddress>One Armory Square, STE 1</StreetAddress>
      <CountryName>United States</CountryName>
      <StateName>Massachusetts</StateName>
      <StateCode>MA</StateCode>
    </Institution>
    <FoaInformation>
      <Code>0000099</Code>
      <Name>Other Applications NEC</Name>
    </FoaInformation>
    <ProgramElement>
      <Code>1536</Code>
      <Text>S-STEM:SCHLR SCI TECH ENG&amp;MATH</Text>
    </ProgramElement>
    <ProgramElement>
      <Code>7412</Code>
      <Text>ADVANCED TECH EDUCATION PROG</Text>
    </ProgramElement>
    <ProgramReference>
      <Code>1032</Code>
      <Text>ADVANCED TECHNOLOGY EDUCATION</Text>
    </ProgramReference>
    <ProgramReference>
      <Code>9178</Code>
      <Text>UNDERGRADUATE EDUCATION</Text>
    </ProgramReference>
    <ProgramReference>
      <Code>SMET</Code>
      <Text>SCIENCE, MATH, ENG &amp; TECH EDUCATION</Text>
    </ProgramReference>
  </Award>
</rootTag>
