<?xml version="1.0" encoding="UTF-8"?>

<rootTag>
  <Award>
    <AwardTitle>Application and Ar-Ar Calibration of Uranium-Series Dating at Olorgesailie</AwardTitle>
    <AwardEffectiveDate>04/01/2003</AwardEffectiveDate>
    <AwardExpirationDate>03/31/2005</AwardExpirationDate>
    <AwardAmount>74990</AwardAmount>
    <AwardInstrument>
      <Value>Standard Grant</Value>
    </AwardInstrument>
    <Organization>
      <Code>04040400</Code>
      <Directorate>
        <LongName>Direct For Social, Behav &amp; Economic Scie</LongName>
      </Directorate>
      <Division>
        <LongName>Division Of Behavioral and Cognitive Sci</LongName>
      </Division>
    </Organization>
    <ProgramOfficer>
      <SignBlockName>Mark L. Weiss</SignBlockName>
    </ProgramOfficer>
    <AbstractNarration>With support from the National Science Foundation, Drs. Kenneth Ludwig, Alan Deino, and Warren Sharp will collect and analyze samples for Argon-Argon dating, and analyze existing samples for uranium-series dating, from the classic Olorgesailie archeological area in southern Kenya. Olorgesailie, with its extremely rich accumulation of early human artefacts and continuous record of human occupation, has been studied for over 50 years, most recently by the ongoing studies or Richard Potts and colleagues at the Smithsonian Institution. The pre-600,000 year record at Olorgesailie is now well-dated, as the result of previous Argon-Argon dating by Deino. However, the younger part of the record, which contains one of the very few records of the transition from Acheulean technology (a relatively crude stone industry characteristic of relatively small-brained Homo Erectus) to Middle Stone Age technology (related to anatomically near-modern humans) of is only now being studied in detail. Few dates of any kind are available for this part of the Olorgesailie stratigraphy, however, and none of high precision. It is just this gap which we will fill with the research of this proposal, in part by applying a relatively new but well-validated and extremely high-precision method - uranium-series by thermal ionization mass spectrometry - to new types of samples that have been shown to be common at Olorgesailie. These new types of samples - of which the most promising is root-casts which have been replaced by the opal form of silica - have not been used before for Uranium-series dating, so their reliability and accuracy are unvalidated. Fortunately (and very unusually), such validation can be carried out at Olorgesailie because of the common co-occurrence of samples for uranium-series dating with samples of volcanic ash for Argon-Argon dating, the latter being the acknowledged "gold standard" for archaeological dating in the time-range of 50,000 years to millions of years. If validated, the uranium-series dates can then be used to provide age control on those parts of the younger Olorgesailie beds that lack ash beds suitable for Argon-Argon dating. With the anticipated age control provided by this research, the detailed studies by Smithsonian Institute scientists (who recently obtained a 5-year National Science Foundation grant to continue their research at Olorgesailie) on the evolution of human culture and behavior in East Africa will gain an invaluable and precise dimension of age control at a level that is unprecedented in a single-site study of long-term human evolution over the past 500,000 years. This project will thus by highly synergistic with other federally-funded research (especially given the significant degree of cost sharing of this project), as well as providing valuable experience to a work-study student in applied high-technology methods in archeology and geology.</AbstractNarration>
    <MinAmdLetterDate>04/04/2003</MinAmdLetterDate>
    <MaxAmdLetterDate>04/04/2003</MaxAmdLetterDate>
    <ARRAAmount/>
    <AwardID>0302157</AwardID>
    <Investigator>
      <FirstName>Alan</FirstName>
      <LastName>Deino</LastName>
      <EmailAddress>adeino@bgc.org</EmailAddress>
      <StartDate>04/04/2003</StartDate>
      <EndDate/>
      <RoleCode>Co-Principal Investigator</RoleCode>
    </Investigator>
    <Investigator>
      <FirstName>Warren</FirstName>
      <LastName>Sharp</LastName>
      <EmailAddress>wsharp@bgc.org</EmailAddress>
      <StartDate>04/04/2003</StartDate>
      <EndDate/>
      <RoleCode>Co-Principal Investigator</RoleCode>
    </Investigator>
    <Investigator>
      <FirstName>Kenneth</FirstName>
      <LastName>Ludwig</LastName>
      <EmailAddress>kludwig@bgc.org</EmailAddress>
      <StartDate>04/04/2003</StartDate>
      <EndDate/>
      <RoleCode>Principal Investigator</RoleCode>
    </Investigator>
    <Institution>
      <Name>Berkeley Geochronology Center</Name>
      <CityName>Berkeley</CityName>
      <ZipCode>947091211</ZipCode>
      <PhoneNumber>5106449200</PhoneNumber>
      <StreetAddress>2455 Ridge Road</StreetAddress>
      <CountryName>United States</CountryName>
      <StateName>California</StateName>
      <StateCode>CA</StateCode>
    </Institution>
    <ProgramElement>
      <Code>1393</Code>
      <Text>ARCHAEOMETRY</Text>
    </ProgramElement>
    <ProgramReference>
      <Code>0000</Code>
      <Text>UNASSIGNED</Text>
    </ProgramReference>
    <ProgramReference>
      <Code>OTHR</Code>
      <Text>OTHER RESEARCH OR EDUCATION</Text>
    </ProgramReference>
  </Award>
</rootTag>
