<?xml version="1.0" encoding="UTF-8"?>

<rootTag>
  <Award>
    <AwardTitle>Collaborative Research: SNEWS: The SuperNova Neutrino Early Warning System</AwardTitle>
    <AwardEffectiveDate>06/01/2003</AwardEffectiveDate>
    <AwardExpirationDate>05/31/2007</AwardExpirationDate>
    <AwardAmount>43797</AwardAmount>
    <AwardInstrument>
      <Value>Continuing grant</Value>
    </AwardInstrument>
    <Organization>
      <Code>03010000</Code>
      <Directorate>
        <LongName>Direct For Mathematical &amp; Physical Scien</LongName>
      </Directorate>
      <Division>
        <LongName>Division Of Physics</LongName>
      </Division>
    </Organization>
    <ProgramOfficer>
      <SignBlockName>James J. Whitmore</SignBlockName>
    </ProgramOfficer>
    <AbstractNarration>The Supernova Neutrino Early Warning System (SNEWS) project involves an international collaboration of researchers representing supernova neutrino detectors (currently Super-K, SNO, LVD, AMANDA, KamLAND, Borexino and MiniBooNE). The SNEWS system will be able to provide a completely automated early warning of a supernova's occurrence to the globe-wide astronomical community by exploiting the prompt neutrino signals that arrive several hours before the shock breakout that produces the first optical signs of the explosion. The warning will be based on a coincidence of neutrino signals from detectors around the world. It may also be able to provide a trigger for other detectors, such as LIGO. &lt;br/&gt;&lt;br/&gt;This collaborative proposal is from the MIT and University of Minnesota-Duluth groups and requests funding for a program to build on the existing SNEWS inter-experiment network, to enhance its robustness and to increase the confidence of the astronomical community in this project. In particular, the groups wish to employ personnel to upgrade the network system, to increase the redundancy of the network by adding servers and to provide on-call physicists with communication devices.&lt;br/&gt;&lt;br/&gt;In the education/outreach area, SNEWS already involves both graduate and undergraduate students. However, this proposal is devoted to developing the amateur astronomer community as an integral part of the early warning system, since it is very likely that the location of a new supernova will be pinpointed first by an amateur. Specifically, the groups plan to recruit members of the general public, including both experts and novices in astronomy.</AbstractNarration>
    <MinAmdLetterDate>04/08/2003</MinAmdLetterDate>
    <MaxAmdLetterDate>06/21/2005</MaxAmdLetterDate>
    <ARRAAmount/>
    <AwardID>0302166</AwardID>
    <Investigator>
      <FirstName>Alec</FirstName>
      <LastName>Habig</LastName>
      <EmailAddress>ahabig@d.umn.edu</EmailAddress>
      <StartDate>04/08/2003</StartDate>
      <EndDate/>
      <RoleCode>Principal Investigator</RoleCode>
    </Investigator>
    <Institution>
      <Name>University of Minnesota-Twin Cities</Name>
      <CityName>Minneapolis</CityName>
      <ZipCode>554552070</ZipCode>
      <PhoneNumber>6126245599</PhoneNumber>
      <StreetAddress>200 OAK ST SE</StreetAddress>
      <CountryName>United States</CountryName>
      <StateName>Minnesota</StateName>
      <StateCode>MN</StateCode>
    </Institution>
    <FoaInformation>
      <Code>0000099</Code>
      <Name>Other Applications NEC</Name>
    </FoaInformation>
  </Award>
</rootTag>
