<?xml version="1.0" encoding="UTF-8"?>

<rootTag>
  <Award>
    <AwardTitle>Giant Magnetoelectric Effects in Ferromagnetic-Ferroelectric Heterostructures</AwardTitle>
    <AwardEffectiveDate>07/01/2003</AwardEffectiveDate>
    <AwardExpirationDate>06/30/2007</AwardExpirationDate>
    <AwardAmount>240733</AwardAmount>
    <AwardInstrument>
      <Value>Standard Grant</Value>
    </AwardInstrument>
    <Organization>
      <Code>03070003</Code>
      <Directorate>
        <LongName>Direct For Mathematical &amp; Physical Scien</LongName>
      </Directorate>
      <Division>
        <LongName>Division Of Materials Research</LongName>
      </Division>
    </Organization>
    <ProgramOfficer>
      <SignBlockName>Wendy W. Fuller-Mora</SignBlockName>
    </ProgramOfficer>
    <AbstractNarration>This individual investigator award will support a project directed toward fabrication and analysis of novel bulk and multilayer magnetoelectric (ME) composites consisting of ferrites and lead zirconate titanate. The electromagnetic coupling in the composites is mediated by mechanical stress. The focus of the research will be on the origin of giant ME interactions. The research will involve the following tasks. (i) Synthesis of bulk, bilayers and multilayers by traditional sintering, hot pressing and microwave sintering. The objective is to obtain composites with wide variations in of structural and mechanical parameters at the interface. (ii) Measurements of low frequency giant ME effects, theoretical analysis, and estimation of interface coupling. (iii) Studies on microwave ME effects, at ferromagnetic resonance (9-10 GHz) for ferrites. The planned studies are of fundamental and technological importance. Anticipated impacts include research experience for graduate, undergraduate, and high school students and collaboration with European scientists and industry (Delphi Corporation). The layered materials are potential candidates for use as magnetoelectric memory devices, smart sensors and actuators. There are also possibilities for a new class of electrically controlled microwave magnetic signal processing devices and magnetically controlled piezoelectric devices.&lt;br/&gt;&lt;br/&gt;This individual investigator award supports a research project involving the preparation and analysis of materials that are capable of converting magnetic fields to electric fields. Materials of interest are composites consisting of ferrites that respond to magnetic fields and lead zirconate titanate that respond to electric fields. The ferrite deforms in a magnetic field and the deformation in turn produces electricity in the titanate. Both bulk and layered samples will be prepared. A variety of processing techniques, including microwave heating, will be used to prepare samples with the best field conversion efficiency. Sample properties will be studied over a wide frequency range. Anticipated impacts of the research include the following. (i) Hands-on research experience for graduate, undergraduate and high school students. (ii) Collaboration with European scientists on theoretical aspects of the research. (iii) New materials for use as multifunctional smart sensors and transducers in communication and defense related systems. (iv) Collaboration with Delphi Automotive Systems on the use of the composites for applications in automotive industry.</AbstractNarration>
    <MinAmdLetterDate>04/18/2003</MinAmdLetterDate>
    <MaxAmdLetterDate>05/02/2005</MaxAmdLetterDate>
    <ARRAAmount/>
    <AwardID>0302254</AwardID>
    <Investigator>
      <FirstName>Gopalan</FirstName>
      <LastName>Srinivasan</LastName>
      <EmailAddress>srinivas@oakland.edu</EmailAddress>
      <StartDate>04/18/2003</StartDate>
      <EndDate/>
      <RoleCode>Principal Investigator</RoleCode>
    </Investigator>
    <Institution>
      <Name>Oakland University</Name>
      <CityName>Rochester</CityName>
      <ZipCode>483094401</ZipCode>
      <PhoneNumber>2483704116</PhoneNumber>
      <StreetAddress>530 Wilson Hall</StreetAddress>
      <CountryName>United States</CountryName>
      <StateName>Michigan</StateName>
      <StateCode>MI</StateCode>
    </Institution>
    <FoaInformation>
      <Code>0106000</Code>
      <Name>Materials Research</Name>
    </FoaInformation>
    <ProgramElement>
      <Code>1710</Code>
      <Text>CONDENSED MATTER PHYSICS</Text>
    </ProgramElement>
    <ProgramElement>
      <Code>7298</Code>
      <Text>COLLABORATIVE RESEARCH</Text>
    </ProgramElement>
    <ProgramReference>
      <Code>1711</Code>
      <Text>MATERIALS EDUCATION AND RESEARCH</Text>
    </ProgramReference>
    <ProgramReference>
      <Code>5939</Code>
      <Text>US/USSR ACTIVITIES</Text>
    </ProgramReference>
    <ProgramReference>
      <Code>5979</Code>
      <Text>Europe and Eurasia</Text>
    </ProgramReference>
    <ProgramReference>
      <Code>7504</Code>
      <Text>NSF-INTERNAT COOP IN MATERIALS RES-OTHER</Text>
    </ProgramReference>
    <ProgramReference>
      <Code>9161</Code>
      <Text>SINGLE DIVISION/UNIVERSITY</Text>
    </ProgramReference>
    <ProgramReference>
      <Code>9162</Code>
      <Text>MULTI DIVISION/UNIVERSITY</Text>
    </ProgramReference>
    <ProgramReference>
      <Code>9177</Code>
      <Text>ELEMENTARY/SECONDARY EDUCATION</Text>
    </ProgramReference>
    <ProgramReference>
      <Code>AMPP</Code>
      <Text>ADVANCED MATERIALS &amp; PROCESSING PROGRAM</Text>
    </ProgramReference>
    <ProgramReference>
      <Code>SMET</Code>
      <Text>SCIENCE, MATH, ENG &amp; TECH EDUCATION</Text>
    </ProgramReference>
    <ProgramReference>
      <Code/>
      <Text/>
    </ProgramReference>
  </Award>
</rootTag>
