<?xml version="1.0" encoding="UTF-8"?>

<rootTag>
  <Award>
    <AwardTitle>PHOTON II: Web-based Collaborative Learning for Teachers</AwardTitle>
    <AwardEffectiveDate>09/01/2003</AwardEffectiveDate>
    <AwardExpirationDate>08/31/2007</AwardExpirationDate>
    <AwardAmount>1126273</AwardAmount>
    <AwardInstrument>
      <Value>Continuing grant</Value>
    </AwardInstrument>
    <Organization>
      <Code>11040100</Code>
      <Directorate>
        <LongName>Direct For Education and Human Resources</LongName>
      </Directorate>
      <Division>
        <LongName>Division Of Undergraduate Education</LongName>
      </Division>
    </Organization>
    <ProgramOfficer>
      <SignBlockName>Karen F. Zuga</SignBlockName>
    </ProgramOfficer>
    <AbstractNarration>PHOTON II: Web-based Collaborative Learning for Teachers is an adaptation and implementation project built on Project PHOTON (DUE/ATE #0053284), a program of the New England Board of Higher Education. This project is: 1) adapting the successful PHOTON instructional materials, laboratory equipment kit and "alliance" model to a web-based distance-learning environment, 2) disseminating PHOTON instructional materials, laboratory equipment kit and "alliance" model, (the inclusion of teachers/faculty and career counselors from consortia of secondary and postsecondary institutions) to a national audience, and 3) evaluating the effectiveness of a web-based distance-learning program that methodically applies adult collaborative learning principles for future replication.&lt;br/&gt;Intellectual merit&lt;br/&gt;PHOTON II is utilizing 21st century web-based technology to deliver a one- semester web-based professional development course "Introduction to Photonics Technology", the content of which has been implemented and field tested by teachers and faculty in middle, secondary and postsecondary institutions in New England. In spite of a slowdown in the technology sector, the applications of photonics technology are growing rapidly in fields as diverse as national security, medicine, manufacturing, aerospace, the environment, transportation and more. Demand for these technicians continues to grow. Distance learning has proven to be a very useful tool in bringing education to more learners in a time-efficient manner. Research has shown that although there are many positive aspects to distance learning, there are challenging pedagogical aspects to achieving successful learning experience. PHOTON II addresses these challenges by applying collaborative and adult learning principles in the design and development of the new web-course.&lt;br/&gt;Collaborations established with photonics companies and industry associations (OSA and&lt;br/&gt;SPIE) in Project PHOTON are being continued and expanded from a New England to a national focus. Outreach is being initiated with other NSF photonics programs and a number of colleges and high schools are committed to participate in the project.&lt;br/&gt;Broader impact&lt;br/&gt;The growing demand for photonics technicians requires that new ways be tested to train technicians nationwide. This project is not only adapting the tested technician-level "Introduction to Photonics Technology" instructional materials, it is testing a pedagogically designed distance learning model. Evaluation strategies are designed throughout the project and results are informing what support components are the most critical in achieving effective transfer of knowledge and program implementation. The field-tested PHOTON II distance learning course can be offered as a regularly repeating course, and field-test findings can inform other technological fields.</AbstractNarration>
    <MinAmdLetterDate>09/22/2003</MinAmdLetterDate>
    <MaxAmdLetterDate>05/08/2007</MaxAmdLetterDate>
    <ARRAAmount/>
    <AwardID>0302528</AwardID>
    <Investigator>
      <FirstName>Nicholas</FirstName>
      <LastName>Massa</LastName>
      <EmailAddress>massa@stcc.edu</EmailAddress>
      <StartDate>09/22/2003</StartDate>
      <EndDate/>
      <RoleCode>Co-Principal Investigator</RoleCode>
    </Investigator>
    <Investigator>
      <FirstName>Fenna</FirstName>
      <LastName>Hanes</LastName>
      <EmailAddress>fhanes@nebhe.org</EmailAddress>
      <StartDate>09/22/2003</StartDate>
      <EndDate/>
      <RoleCode>Principal Investigator</RoleCode>
    </Investigator>
    <Investigator>
      <FirstName>Judith</FirstName>
      <LastName>Donnelly</LastName>
      <EmailAddress>jdonnelly@trcc.commnet.edu</EmailAddress>
      <StartDate>09/22/2003</StartDate>
      <EndDate/>
      <RoleCode>Co-Principal Investigator</RoleCode>
    </Investigator>
    <Investigator>
      <FirstName>Barbara</FirstName>
      <LastName>Washburn</LastName>
      <EmailAddress>washburn@stcc.mass.edu</EmailAddress>
      <StartDate>09/22/2003</StartDate>
      <EndDate>01/11/2005</EndDate>
      <RoleCode>Former Co-Principal Investigator</RoleCode>
    </Investigator>
    <Investigator>
      <FirstName>Marijke</FirstName>
      <LastName>Kehrhahn</LastName>
      <EmailAddress>kehrhahn@uconnvm.uconn.edu</EmailAddress>
      <StartDate>09/22/2003</StartDate>
      <EndDate/>
      <RoleCode>Co-Principal Investigator</RoleCode>
    </Investigator>
    <Institution>
      <Name>New England Board of Higher Education</Name>
      <CityName>Boston</CityName>
      <ZipCode>021111305</ZipCode>
      <PhoneNumber>6173579620</PhoneNumber>
      <StreetAddress>45 Temple Place</StreetAddress>
      <CountryName>United States</CountryName>
      <StateName>Massachusetts</StateName>
      <StateCode>MA</StateCode>
    </Institution>
    <FoaInformation>
      <Code>0000099</Code>
      <Name>Other Applications NEC</Name>
    </FoaInformation>
    <ProgramElement>
      <Code>7412</Code>
      <Text>ADVANCED TECH EDUCATION PROG</Text>
    </ProgramElement>
    <ProgramReference>
      <Code>1032</Code>
      <Text>ADVANCED TECHNOLOGY EDUCATION</Text>
    </ProgramReference>
    <ProgramReference>
      <Code>9178</Code>
      <Text>UNDERGRADUATE EDUCATION</Text>
    </ProgramReference>
    <ProgramReference>
      <Code>SMET</Code>
      <Text>SCIENCE, MATH, ENG &amp; TECH EDUCATION</Text>
    </ProgramReference>
  </Award>
</rootTag>
