<?xml version="1.0" encoding="UTF-8"?>

<rootTag>
  <Award>
    <AwardTitle>SGER: Comparative Analysis of Genetic Regulatory Networks</AwardTitle>
    <AwardEffectiveDate>12/01/2002</AwardEffectiveDate>
    <AwardExpirationDate>11/30/2004</AwardExpirationDate>
    <AwardAmount>99474</AwardAmount>
    <AwardInstrument>
      <Value>Standard Grant</Value>
    </AwardInstrument>
    <Organization>
      <Code>08080205</Code>
      <Directorate>
        <LongName>Direct For Biological Sciences</LongName>
      </Directorate>
      <Division>
        <LongName>Div Of Biological Infrastructure</LongName>
      </Division>
    </Organization>
    <ProgramOfficer>
      <SignBlockName>Manfred D. Zorn</SignBlockName>
    </ProgramOfficer>
    <AbstractNarration>A Bayesian framework will be used to compare interspecies gene expression data in order to reconstruct gene regulatory networks for the species considered. Considering multiple species simultaneously should lead to more accurate, complete network models and facilitate the understanding of evolutionary relationships between components sharing common function across species. The knowledge of yeast networks will be used to generate hypotheses for networks that model human networks. Global gene expression data in response to DNA damaging agents will be compared as a first instance of the analysis tools. Impact: The ability to compare expression data across species will contribute to our understanding of systems biology and can also be applied to the comparison of different cell and tissue types as well as species. This may have applications in development and health sciences.</AbstractNarration>
    <MinAmdLetterDate>12/04/2002</MinAmdLetterDate>
    <MaxAmdLetterDate>12/04/2002</MaxAmdLetterDate>
    <ARRAAmount/>
    <AwardID>0302344</AwardID>
    <Investigator>
      <FirstName>Paul</FirstName>
      <LastName>Helman</LastName>
      <EmailAddress>helman@cs.unm.edu</EmailAddress>
      <StartDate>12/04/2002</StartDate>
      <EndDate/>
      <RoleCode>Principal Investigator</RoleCode>
    </Investigator>
    <Investigator>
      <FirstName>Robert</FirstName>
      <LastName>Veroff</LastName>
      <EmailAddress>veroff@cs.unm.edu</EmailAddress>
      <StartDate>12/04/2002</StartDate>
      <EndDate/>
      <RoleCode>Co-Principal Investigator</RoleCode>
    </Investigator>
    <Investigator>
      <FirstName>Stephanie</FirstName>
      <LastName>Ruby</LastName>
      <EmailAddress>sruby@unm.edu</EmailAddress>
      <StartDate>12/04/2002</StartDate>
      <EndDate/>
      <RoleCode>Co-Principal Investigator</RoleCode>
    </Investigator>
    <Investigator>
      <FirstName>Susan</FirstName>
      <LastName>Atlas</LastName>
      <EmailAddress>susie@sapphire.phys.unm.edu</EmailAddress>
      <StartDate>12/04/2002</StartDate>
      <EndDate/>
      <RoleCode>Co-Principal Investigator</RoleCode>
    </Investigator>
    <Institution>
      <Name>University of New Mexico</Name>
      <CityName>Albuquerque</CityName>
      <ZipCode>871310001</ZipCode>
      <PhoneNumber>5052774186</PhoneNumber>
      <StreetAddress>1700 Lomas Blvd. NE, Suite 2200</StreetAddress>
      <CountryName>United States</CountryName>
      <StateName>New Mexico</StateName>
      <StateCode>NM</StateCode>
    </Institution>
    <ProgramElement>
      <Code>1165</Code>
      <Text>ADVANCES IN BIO INFORMATICS</Text>
    </ProgramElement>
    <ProgramReference>
      <Code>9150</Code>
      <Text>EXP PROG TO STIM COMP RES</Text>
    </ProgramReference>
    <ProgramReference>
      <Code>9184</Code>
      <Text>BIOTECHNOLOGY - INFRASTRUCTURE</Text>
    </ProgramReference>
    <ProgramReference>
      <Code>9237</Code>
      <Text>SMALL GRANTS-EXPLORATORY RSRCH</Text>
    </ProgramReference>
    <ProgramReference>
      <Code>BIOT</Code>
      <Text>BIOTECHNOLOGY</Text>
    </ProgramReference>
  </Award>
</rootTag>
