<?xml version="1.0" encoding="UTF-8"?>

<rootTag>
  <Award>
    <AwardTitle>GEM: Characterizing the Global Plasma Pressure During Storms and It's Response to Substorms</AwardTitle>
    <AwardEffectiveDate>06/01/2003</AwardEffectiveDate>
    <AwardExpirationDate>05/31/2007</AwardExpirationDate>
    <AwardAmount>195194</AwardAmount>
    <AwardInstrument>
      <Value>Continuing grant</Value>
    </AwardInstrument>
    <Organization>
      <Code>06020202</Code>
      <Directorate>
        <LongName>Directorate For Geosciences</LongName>
      </Directorate>
      <Division>
        <LongName>Div Atmospheric &amp; Geospace Sciences</LongName>
      </Division>
    </Organization>
    <ProgramOfficer>
      <SignBlockName>Kile B. Baker</SignBlockName>
    </ProgramOfficer>
    <AbstractNarration>This project will make use of the energetic neutral atom (ENA) images from the NASA IMAGE spacecraft to investigate the global plasma pressure distributions (both H+ and O+) in the magnetosphere during geomagnetic storms. Additional data from the AMPTE/CCE spacecraft will be used to validate the pressure and specify the pressure anisotropies. Other data sources that will be utilized include the Cluster spacecraft, GOES magnetometer data, LANL, Geotail and Polar particle data. The project will utilize the data to investigate how storm-time substorm injections effect the storm-time ring current. A magnetic index equivalent to the commonly used Dst index will be computed from the ENA data and this will be used to determine the importance of substorm injections to the energy balance in the ring current during magnetic storms. The ion pressure distributions computed for the different storms studied will be made available to the general space physics community and can be used to compare observations with model results.</AbstractNarration>
    <MinAmdLetterDate>06/11/2003</MinAmdLetterDate>
    <MaxAmdLetterDate>05/12/2005</MaxAmdLetterDate>
    <ARRAAmount/>
    <AwardID>0302529</AwardID>
    <Investigator>
      <FirstName>Pontus</FirstName>
      <LastName>Brandt</LastName>
      <EmailAddress>pontus.brandt@jhuapl.edu</EmailAddress>
      <StartDate>06/11/2003</StartDate>
      <EndDate/>
      <RoleCode>Principal Investigator</RoleCode>
    </Investigator>
    <Institution>
      <Name>Johns Hopkins University</Name>
      <CityName>Baltimore</CityName>
      <ZipCode>212182608</ZipCode>
      <PhoneNumber>4105168668</PhoneNumber>
      <StreetAddress>3400 N CHARLES ST</StreetAddress>
      <CountryName>United States</CountryName>
      <StateName>Maryland</StateName>
      <StateCode>MD</StateCode>
    </Institution>
    <FoaInformation>
      <Code>0205000</Code>
      <Name>Space</Name>
    </FoaInformation>
  </Award>
</rootTag>
