<?xml version="1.0" encoding="UTF-8"?>

<rootTag>
  <Award>
    <AwardTitle>NSF Sponsorship of Faculty Awards for Advanced Vehicle Technology Competitions in 2003, 2004, and 2005</AwardTitle>
    <AwardEffectiveDate>05/01/2003</AwardEffectiveDate>
    <AwardExpirationDate>04/30/2006</AwardExpirationDate>
    <AwardAmount>160000</AwardAmount>
    <AwardInstrument>
      <Value>Standard Grant</Value>
    </AwardInstrument>
    <Organization>
      <Code>07030000</Code>
      <Directorate>
        <LongName>Directorate For Engineering</LongName>
      </Directorate>
      <Division>
        <LongName>Div Of Civil, Mechanical, &amp; Manufact Inn</LongName>
      </Division>
    </Organization>
    <ProgramOfficer>
      <SignBlockName>Judy M. Vance</SignBlockName>
    </ProgramOfficer>
    <AbstractNarration>This grant provides support for the FutureTruck Challenge. This competition is jointly sponsored by the NSF, the Department of Energy, Natural Resources Canada, the automotive industry including Ford and General Motors and suppliers such as Cisco Systems, ArvinMeritor, Delphi, and National Instruments. This is a continuation of a highly successful educational experience for undergraduate students at US and Canadian universities. The broader impacts are significant with teams competing in the application of environmentally benign design and manufacturing principles to reduce the energy and environmental impacts in the product life cycle of trucks and sport utility vehicles (SUVs). It has the goal of designing and competing commercially producible vehicles that are simultaneously comfortable, safe, road-reliable, commercially viable, and highly fuel efficient. &lt;br/&gt;&lt;br/&gt;Under this competition, a number of universities compete annually in this event. The award provides funding to support the competition and to offset costs for expenses such as team prizes, communication and safety equipment rentals and other competition expenses.</AbstractNarration>
    <MinAmdLetterDate>04/29/2003</MinAmdLetterDate>
    <MaxAmdLetterDate>07/01/2005</MaxAmdLetterDate>
    <ARRAAmount/>
    <AwardID>0302380</AwardID>
    <Investigator>
      <FirstName>Frank</FirstName>
      <LastName>Huband</LastName>
      <EmailAddress>f.huband@asee.org</EmailAddress>
      <StartDate>04/29/2003</StartDate>
      <EndDate/>
      <RoleCode>Principal Investigator</RoleCode>
    </Investigator>
    <Institution>
      <Name>American Society For Engineering Education</Name>
      <CityName>WASHINGTON</CityName>
      <ZipCode>200362476</ZipCode>
      <PhoneNumber>2023313500</PhoneNumber>
      <StreetAddress>1818 N ST NW STE 600</StreetAddress>
      <CountryName>United States</CountryName>
      <StateName>District of Columbia</StateName>
      <StateCode>DC</StateCode>
    </Institution>
    <FoaInformation>
      <Code>0308000</Code>
      <Name>Industrial Technology</Name>
    </FoaInformation>
    <ProgramElement>
      <Code>1464</Code>
      <Text>ENGINEERING DESIGN AND INNOVAT</Text>
    </ProgramElement>
    <ProgramElement>
      <Code>1468</Code>
      <Text>Manufacturing Machines &amp; Equip</Text>
    </ProgramElement>
    <ProgramElement>
      <Code>1786</Code>
      <Text>MANFG ENTERPRISE SYSTEMS</Text>
    </ProgramElement>
    <ProgramElement>
      <Code>1467</Code>
      <Text>MATERIALS PROCESSING AND MANFG</Text>
    </ProgramElement>
    <ProgramElement>
      <Code>1504</Code>
      <Text>GRANT OPP FOR ACAD LIA W/INDUS</Text>
    </ProgramElement>
    <ProgramReference>
      <Code>1464</Code>
      <Text>ENGINEERING DESIGN AND INNOVAT</Text>
    </ProgramReference>
    <ProgramReference>
      <Code>1467</Code>
      <Text>MATERIALS PROCESSING AND MANFG</Text>
    </ProgramReference>
    <ProgramReference>
      <Code>1468</Code>
      <Text>MANUFACTURING &amp; CONST MACH EQP</Text>
    </ProgramReference>
    <ProgramReference>
      <Code>1786</Code>
      <Text>MANFG ENTERPRISE SYSTEMS</Text>
    </ProgramReference>
    <ProgramReference>
      <Code>9146</Code>
      <Text>MANUFACTURING BASE RESEARCH</Text>
    </ProgramReference>
    <ProgramReference>
      <Code>9147</Code>
      <Text>GENERIC TECHNOL FOR MANUFACTURING CELLS</Text>
    </ProgramReference>
    <ProgramReference>
      <Code>9148</Code>
      <Text>TOOLS &amp; TECHNOL FOR MANUFACTURING DESIGN</Text>
    </ProgramReference>
    <ProgramReference>
      <Code>MANU</Code>
      <Text>MANUFACTURING</Text>
    </ProgramReference>
  </Award>
</rootTag>
