<?xml version="1.0" encoding="UTF-8"?>

<rootTag>
  <Award>
    <AwardTitle>GEM: Statistical Analysis of Ring Current Plasma Sources</AwardTitle>
    <AwardEffectiveDate>10/01/2003</AwardEffectiveDate>
    <AwardExpirationDate>09/30/2007</AwardExpirationDate>
    <AwardAmount>195000</AwardAmount>
    <AwardInstrument>
      <Value>Continuing grant</Value>
    </AwardInstrument>
    <Organization>
      <Code>06020202</Code>
      <Directorate>
        <LongName>Directorate For Geosciences</LongName>
      </Directorate>
      <Division>
        <LongName>Div Atmospheric &amp; Geospace Sciences</LongName>
      </Division>
    </Organization>
    <ProgramOfficer>
      <SignBlockName>kile baker</SignBlockName>
    </ProgramOfficer>
    <AbstractNarration>This project will investigate the dynamics of the earth's ring current and how the dynamics relate to the various sources of charged particles that give rise to the ring current. The four major topics which will be addressed are: (1) the plasma properties at geosynchronous orbit as a function of solar wind parameters, (2) the significance of direct ion injection from the ionosphere into geosynchronous orbit, (3) the evolution of the Dst index (a measure of the magnetic perturbation on the ground due to the ring current) due to solar wind parameters and ionospheric-magnetospheric coupling, and (4) the connection between ionospheric ion outflow, the evolution of the ion density in the plasma sheet and the recovery phase of magnetic storms. The project will combine empirical modeling, statistical analysis and numerical simulations. Two new empirical models will be produced that will be useful for space physics and space weather modeling. A model of the inner plasma sheet will be developed which can be used to produce boundary conditions for ring current simulations. The second model will provide a relationship between Dst and the plasma source drivers which may be compared to numerical simulations.</AbstractNarration>
    <MinAmdLetterDate>06/20/2003</MinAmdLetterDate>
    <MaxAmdLetterDate>06/02/2005</MaxAmdLetterDate>
    <ARRAAmount/>
    <AwardID>0302467</AwardID>
    <Investigator>
      <FirstName>Margaret</FirstName>
      <LastName>Chen</LastName>
      <EmailAddress>mchen@aero.org</EmailAddress>
      <StartDate>06/20/2003</StartDate>
      <EndDate/>
      <RoleCode>Co-Principal Investigator</RoleCode>
    </Investigator>
    <Investigator>
      <FirstName>James</FirstName>
      <LastName>Roeder</LastName>
      <EmailAddress>james.l.roeder@aero.org</EmailAddress>
      <StartDate>06/20/2003</StartDate>
      <EndDate/>
      <RoleCode>Co-Principal Investigator</RoleCode>
    </Investigator>
    <Investigator>
      <FirstName>PAUL</FirstName>
      <LastName>OBRIEN</LastName>
      <EmailAddress>paul.obrien@aero.org</EmailAddress>
      <StartDate>06/20/2003</StartDate>
      <EndDate/>
      <RoleCode>Principal Investigator</RoleCode>
    </Investigator>
    <Institution>
      <Name>Aerospace Corporation</Name>
      <CityName>Los Angeles</CityName>
      <ZipCode>900092957</ZipCode>
      <PhoneNumber>3103367608</PhoneNumber>
      <StreetAddress>P.O. Box 92957</StreetAddress>
      <CountryName>United States</CountryName>
      <StateName>California</StateName>
      <StateCode>CA</StateCode>
    </Institution>
    <FoaInformation>
      <Code>0205000</Code>
      <Name>Space</Name>
    </FoaInformation>
    <ProgramElement>
      <Code>5750</Code>
      <Text>MAGNETOSPHERIC PHYSICS</Text>
    </ProgramElement>
    <ProgramReference>
      <Code>1323</Code>
      <Text>SOLAR INFLUENCES</Text>
    </ProgramReference>
    <ProgramReference>
      <Code>EGCH</Code>
      <Text>ENVIRONMENT AND GLOBAL CHANGE</Text>
    </ProgramReference>
  </Award>
</rootTag>
