<?xml version="1.0" encoding="UTF-8"?>

<rootTag>
  <Award>
    <AwardTitle>Retrospective Motion Correction Algorithms for In Vivo Micro-MRI</AwardTitle>
    <AwardEffectiveDate>07/15/2003</AwardEffectiveDate>
    <AwardExpirationDate>06/30/2007</AwardExpirationDate>
    <AwardAmount>305104</AwardAmount>
    <AwardInstrument>
      <Value>Continuing grant</Value>
    </AwardInstrument>
    <Organization>
      <Code>07020000</Code>
      <Directorate>
        <LongName>Directorate For Engineering</LongName>
      </Directorate>
      <Division>
        <LongName>Div Of Chem, Bioeng, Env, &amp; Transp Sys</LongName>
      </Division>
    </Organization>
    <ProgramOfficer>
      <SignBlockName>Semahat S. Demir</SignBlockName>
    </ProgramOfficer>
    <AbstractNarration>0302251&lt;br/&gt;Song&lt;br/&gt;Involuntary subject motion often impairs image quality in MRI. The problem is exacerbated in high-resolution imaging due to the long scan times and small voxel sizes. Displacements during data collection even on a sub-millimeter scale can often cause significant degradation of image quality and can prevent the images from being analyzed quantitatively. In order for in vivo micro-MRI to become practical, in which the resolution is in the submillimeter range (100 - 300 um), a robust motion compensation scheme is necessary. The principal objective of the proposed research is to develop improved motion correction techniques for in vivo MR micro-imaging. The work is based on a retrospective data correction technique referred to as "autofocusing," which is an iterative technique that does not require additional data to compensate for motion. Widespread application has been hampered, however, by long data processing times and suboptimal performance, particularly when image signal-to-noise ratio is low. The goal of this project is to develop efficient autofocusing algorithms to detect and compensate for both translational and rotational motion, and to improve its current performance, with particular focus on high-resolution images that are often corrupted by noise. Although the focus of the proposed work is on in vivo micro-MRI, the anticipated result may have broader impact by improving image sharpness and thus achievable spatial resolution not only in high-resolution images, but in any MR imaging application in which subject motion causes image degradation.</AbstractNarration>
    <MinAmdLetterDate>06/30/2003</MinAmdLetterDate>
    <MaxAmdLetterDate>04/11/2005</MaxAmdLetterDate>
    <ARRAAmount/>
    <AwardID>0302251</AwardID>
    <Investigator>
      <FirstName>Hee Kwon</FirstName>
      <LastName>Song</LastName>
      <EmailAddress>hsong@uphs.upenn.edu</EmailAddress>
      <StartDate>06/30/2003</StartDate>
      <EndDate/>
      <RoleCode>Principal Investigator</RoleCode>
    </Investigator>
    <Institution>
      <Name>University of Pennsylvania</Name>
      <CityName>Philadelphia</CityName>
      <ZipCode>191046205</ZipCode>
      <PhoneNumber>2158987293</PhoneNumber>
      <StreetAddress>Research Services</StreetAddress>
      <CountryName>United States</CountryName>
      <StateName>Pennsylvania</StateName>
      <StateCode>PA</StateCode>
    </Institution>
    <FoaInformation>
      <Code>0116000</Code>
      <Name>Human Subjects</Name>
    </FoaInformation>
    <FoaInformation>
      <Code>0203000</Code>
      <Name>Health</Name>
    </FoaInformation>
  </Award>
</rootTag>
