<?xml version="1.0" encoding="UTF-8"?>

<rootTag>
  <Award>
    <AwardTitle>New Science Teachers' Support Network</AwardTitle>
    <AwardEffectiveDate>07/15/2003</AwardEffectiveDate>
    <AwardExpirationDate>06/30/2010</AwardExpirationDate>
    <AwardAmount>841695</AwardAmount>
    <AwardInstrument>
      <Value>Continuing grant</Value>
    </AwardInstrument>
    <Organization>
      <Code>11040100</Code>
      <Directorate>
        <LongName>Direct For Education and Human Resources</LongName>
      </Directorate>
      <Division>
        <LongName>Division Of Undergraduate Education</LongName>
      </Division>
    </Organization>
    <ProgramOfficer>
      <SignBlockName>Lee L. Zia</SignBlockName>
    </ProgramOfficer>
    <AbstractNarration>This project is creating a support network for alternatively certified science teachers in middle and secondary schools. Science and education faculty at George Mason University are collaborating with teachers and administrators in the Fairfax County Public Schools and Prince William County Public Schools to enhance the quality of teaching of beginning middle and high school science teachers who are provisionally licensed, to increase the retention rate of these career changers, and to conduct longitudinal research to determine what makes the most significant difference in retention. The Teacher Support Network includes teaching mentors, coaches, academic mentors, basic and advanced science or mathematics methods courses for new teachers, and a website to provide resources for meeting the needs of diverse learners and for using technology in teaching.</AbstractNarration>
    <MinAmdLetterDate>07/09/2003</MinAmdLetterDate>
    <MaxAmdLetterDate>04/30/2009</MaxAmdLetterDate>
    <ARRAAmount/>
    <AwardID>0302050</AwardID>
    <Investigator>
      <FirstName>Jack</FirstName>
      <LastName>Greene</LastName>
      <EmailAddress>Jack.Greene@fcps.edu</EmailAddress>
      <StartDate>07/09/2003</StartDate>
      <EndDate>01/27/2006</EndDate>
      <RoleCode>Former Co-Principal Investigator</RoleCode>
    </Investigator>
    <Investigator>
      <FirstName>Donna</FirstName>
      <LastName>Sterling</LastName>
      <EmailAddress>dsterlin@gmu.edu</EmailAddress>
      <StartDate>07/09/2003</StartDate>
      <EndDate/>
      <RoleCode>Principal Investigator</RoleCode>
    </Investigator>
    <Investigator>
      <FirstName>Lisa</FirstName>
      <LastName>Reinshuttle</LastName>
      <EmailAddress>rnshutle@pwcs.edu</EmailAddress>
      <StartDate>07/09/2003</StartDate>
      <EndDate>04/22/2009</EndDate>
      <RoleCode>Former Co-Principal Investigator</RoleCode>
    </Investigator>
    <Investigator>
      <FirstName>Myra</FirstName>
      <LastName>Thayer</LastName>
      <EmailAddress>myra.thayer@fcps.edu</EmailAddress>
      <StartDate>01/27/2006</StartDate>
      <EndDate/>
      <RoleCode>Co-Principal Investigator</RoleCode>
    </Investigator>
    <Investigator>
      <FirstName>Jason</FirstName>
      <LastName>Calhoun</LastName>
      <EmailAddress>calhounwj@pwcs.edu</EmailAddress>
      <StartDate>04/22/2009</StartDate>
      <EndDate/>
      <RoleCode>Co-Principal Investigator</RoleCode>
    </Investigator>
    <Institution>
      <Name>George Mason University</Name>
      <CityName>FAIRFAX</CityName>
      <ZipCode>220304422</ZipCode>
      <PhoneNumber>7039932295</PhoneNumber>
      <StreetAddress>4400 UNIVERSITY DR</StreetAddress>
      <CountryName>United States</CountryName>
      <StateName>Virginia</StateName>
      <StateCode>VA</StateCode>
    </Institution>
    <FoaInformation>
      <Code>0000099</Code>
      <Name>Other Applications NEC</Name>
    </FoaInformation>
  </Award>
</rootTag>
