<?xml version="1.0" encoding="UTF-8"?>

<rootTag>
  <Award>
    <AwardTitle>Dynamics in Two Complex Variables</AwardTitle>
    <AwardEffectiveDate>06/01/2003</AwardEffectiveDate>
    <AwardExpirationDate>05/31/2007</AwardExpirationDate>
    <AwardAmount>180529</AwardAmount>
    <AwardInstrument>
      <Value>Standard Grant</Value>
    </AwardInstrument>
    <Organization>
      <Code>03040100</Code>
      <Directorate>
        <LongName>Direct For Mathematical &amp; Physical Scien</LongName>
      </Directorate>
      <Division>
        <LongName>Division Of Mathematical Sciences</LongName>
      </Division>
    </Organization>
    <ProgramOfficer>
      <SignBlockName>Joe W. Jenkins</SignBlockName>
    </ProgramOfficer>
    <AbstractNarration>PI: John Smillie, Cornell University&lt;br/&gt;DMS-0302357&lt;br/&gt;&lt;br/&gt;&lt;br/&gt;Abstract&lt;br/&gt;&lt;br/&gt;The study of mathematical models that describe how systems change with time continues to provide fundamental mathematical challenges. When the models are nonlinear the long-term behavior, or dynamics, of these models can be chaotic and the dependence of the dynamics on the parameters of the model can be extraordinarily delicate. One classic approach to understanding the fundamental mechanisms that explain nonlinear dynamics is to look for generic behavior in the collection of all maps or diffeomorphisms; another approach is to look carefully &lt;br/&gt;at well chosen special families. Recent advances in one variable dynamics show that these approaches can be complementary. In particular the study of the complex quadratic family has led to new results about analytic and smooth unimodal families of real maps. The PI will study a particular family of two-dimensional dynamical systems: polynomial diffeomorphisms in two complex dimensions. These will be studied from many points of view. The PI will use ideas from &lt;br/&gt;the study of smooth diffeomorphisms of surfaces, methods from potential theory, methods from dynamics in one complex variable and computer tools. The hope is to provide a pathway for the migration of ideas from one-dimensional complex dynamics to higher dimensional real and complex dynamics.&lt;br/&gt;&lt;br/&gt;The understanding of mathematical models that describe how systems evolve with time continues to provide essential insights in many areas of science. Such models are used to describe the rhythms of the heart, the pulsing of lasers and the spread of disease. Despite the progress that has been made there are still fundamental problems remaining in the study of such mathematical models. Even seemingly simple models can present formidable mathematical difficulties. In the past 20 years important progress has been made in using ideas connected with fractal objects such as Julia sets and the Mandelbrot set in understanding the dynamics of systems with one degree of freedom. The aim of the proposed research is to bring some of these new methods and concepts to bear on the problem of understanding systems with two degrees of freedom. If these ideas prove fruitful there could be a positive effect on the field of dynamical systems. This could in turn have an influence on a range of scientific fields in which mathematical models of time evolution play a role.</AbstractNarration>
    <MinAmdLetterDate>04/18/2003</MinAmdLetterDate>
    <MaxAmdLetterDate>04/18/2003</MaxAmdLetterDate>
    <ARRAAmount/>
    <AwardID>0302357</AwardID>
    <Investigator>
      <FirstName>John</FirstName>
      <LastName>Smillie</LastName>
      <EmailAddress>smillie@math.cornell.edu</EmailAddress>
      <StartDate>04/18/2003</StartDate>
      <EndDate/>
      <RoleCode>Principal Investigator</RoleCode>
    </Investigator>
    <Institution>
      <Name>Cornell University</Name>
      <CityName>Ithaca</CityName>
      <ZipCode>148502820</ZipCode>
      <PhoneNumber>6072555014</PhoneNumber>
      <StreetAddress>373 Pine Tree Road</StreetAddress>
      <CountryName>United States</CountryName>
      <StateName>New York</StateName>
      <StateCode>NY</StateCode>
    </Institution>
    <FoaInformation>
      <Code>0000099</Code>
      <Name>Other Applications NEC</Name>
    </FoaInformation>
  </Award>
</rootTag>
