<?xml version="1.0" encoding="UTF-8"?>

<rootTag>
  <Award>
    <AwardTitle>Technician Education in Rapid Prototyping and Virtual Manufacturing Technologies</AwardTitle>
    <AwardEffectiveDate>09/01/2002</AwardEffectiveDate>
    <AwardExpirationDate>12/31/2004</AwardExpirationDate>
    <AwardAmount>424989</AwardAmount>
    <AwardInstrument>
      <Value>Continuing grant</Value>
    </AwardInstrument>
    <Organization>
      <Code>11040100</Code>
      <Directorate>
        <LongName>Direct For Education and Human Resources</LongName>
      </Directorate>
      <Division>
        <LongName>Division Of Undergraduate Education</LongName>
      </Division>
    </Organization>
    <ProgramOfficer>
      <SignBlockName>Kenneth Lee Gentili</SignBlockName>
    </ProgramOfficer>
    <AbstractNarration>This project is developing rapid prototyping and time-compression techniques in a 'design for manufacturing' program for technicians. Tasks include developing and expanding nine course modules, offering workshops for faculty, providing technical and research experiences for students, and developing laboratory and computer-aided design tools. A unique feature of this project is its application to the entertainment industry, with additional applications in the biomedical/biotechnology fields. A strong information technology component includes the sharing of design code and files over the internet between the laboratories at the three institutions. The project is serving community college, university, and high school vocational technical students.</AbstractNarration>
    <MinAmdLetterDate>01/07/2003</MinAmdLetterDate>
    <MaxAmdLetterDate>04/09/2004</MaxAmdLetterDate>
    <ARRAAmount/>
    <AwardID>0302314</AwardID>
    <Investigator>
      <FirstName>Ken</FirstName>
      <LastName>Patton</LastName>
      <EmailAddress>kpatton@rapidtech.org</EmailAddress>
      <StartDate>01/07/2003</StartDate>
      <EndDate/>
      <RoleCode>Principal Investigator</RoleCode>
    </Investigator>
    <Investigator>
      <FirstName>Paul</FirstName>
      <LastName>Dozois</LastName>
      <EmailAddress>pdozois@glendale.cc.ca.us</EmailAddress>
      <StartDate>03/24/2003</StartDate>
      <EndDate/>
      <RoleCode>Co-Principal Investigator</RoleCode>
    </Investigator>
    <Institution>
      <Name>Saddleback College</Name>
      <CityName>Mission Viejo</CityName>
      <ZipCode>926923635</ZipCode>
      <PhoneNumber>9495824872</PhoneNumber>
      <StreetAddress>28000 Marguerite Parkway</StreetAddress>
      <CountryName>United States</CountryName>
      <StateName>California</StateName>
      <StateCode>CA</StateCode>
    </Institution>
    <FoaInformation>
      <Code>0000099</Code>
      <Name>Other Applications NEC</Name>
    </FoaInformation>
    <ProgramElement>
      <Code>7412</Code>
      <Text>ADVANCED TECH EDUCATION PROG</Text>
    </ProgramElement>
    <ProgramReference>
      <Code>1032</Code>
      <Text>ADVANCED TECHNOLOGY EDUCATION</Text>
    </ProgramReference>
    <ProgramReference>
      <Code>9178</Code>
      <Text>UNDERGRADUATE EDUCATION</Text>
    </ProgramReference>
    <ProgramReference>
      <Code>SMET</Code>
      <Text>SCIENCE, MATH, ENG &amp; TECH EDUCATION</Text>
    </ProgramReference>
  </Award>
</rootTag>
