<?xml version="1.0" encoding="UTF-8"?>

<rootTag>
  <Award>
    <AwardTitle>Theory of wavepacket interferometry and relaxation dynamics</AwardTitle>
    <AwardEffectiveDate>04/15/2003</AwardEffectiveDate>
    <AwardExpirationDate>03/31/2006</AwardExpirationDate>
    <AwardAmount>360000</AwardAmount>
    <AwardInstrument>
      <Value>Continuing grant</Value>
    </AwardInstrument>
    <Organization>
      <Code>03090004</Code>
      <Directorate>
        <LongName>Direct For Mathematical &amp; Physical Scien</LongName>
      </Directorate>
      <Division>
        <LongName>Division Of Chemistry</LongName>
      </Division>
    </Organization>
    <ProgramOfficer>
      <SignBlockName>raima larter</SignBlockName>
    </ProgramOfficer>
    <AbstractNarration>Professor Jeffrey A. Cina, of the University of Oregon Eugene, is supported to perform research on the theory of wavepacket interferometry and relaxation dynamics. Theoretical support for the emerging field of ultrafast spectroscopy is required to aid in reconstructing molecular motion that may be inferred from measurement. A feature of this work is that the information-rich time-dependent molecular wavefunction, rather than probability density, is ultimately determined. Applications of the method are aimed at understanding quantum-state entanglement which is currently an issue of importance to quantum computing, electronic energy transfer which is a key step in photosynthesis, and chemical dynamics in solid materials and condensed-phase environments. &lt;br/&gt;&lt;br/&gt;The ability to spectrographically determine processes in and properties of large molecules has been limited until recently. The methods developed here allow one to significantly enhance capabilities for watching molecular motions and are particularly well suited to the size regime relevant to biological processes and quantum dots. Understanding gleaned from such work may impact the development and control of biologically inspired molecular materials for use in catalysis, energy storage and quantum information technologies.</AbstractNarration>
    <MinAmdLetterDate>04/03/2003</MinAmdLetterDate>
    <MaxAmdLetterDate>11/10/2004</MaxAmdLetterDate>
    <ARRAAmount/>
    <AwardID>0302468</AwardID>
    <Investigator>
      <FirstName>Jeffrey</FirstName>
      <LastName>Cina</LastName>
      <EmailAddress>cina@oregon.uoregon.edu</EmailAddress>
      <StartDate>04/03/2003</StartDate>
      <EndDate/>
      <RoleCode>Principal Investigator</RoleCode>
    </Investigator>
    <Institution>
      <Name>University of Oregon Eugene</Name>
      <CityName>Eugene</CityName>
      <ZipCode>974035219</ZipCode>
      <PhoneNumber>5413465131</PhoneNumber>
      <StreetAddress>5219 UNIVERSITY OF OREGON</StreetAddress>
      <CountryName>United States</CountryName>
      <StateName>Oregon</StateName>
      <StateCode>OR</StateCode>
    </Institution>
    <FoaInformation>
      <Code>0510103</Code>
      <Name>Physical Chemical Studies</Name>
    </FoaInformation>
    <ProgramElement>
      <Code>1956</Code>
      <Text>STATISTICAL AND SIMULATIONS</Text>
    </ProgramElement>
    <ProgramReference>
      <Code>0000</Code>
      <Text>UNASSIGNED</Text>
    </ProgramReference>
    <ProgramReference>
      <Code>7202</Code>
      <Text>NANO - CHEM</Text>
    </ProgramReference>
    <ProgramReference>
      <Code>7203</Code>
      <Text>QUANTUM INFORMATION SCIENCE</Text>
    </ProgramReference>
    <ProgramReference>
      <Code>OTHR</Code>
      <Text>OTHER RESEARCH OR EDUCATION</Text>
    </ProgramReference>
  </Award>
</rootTag>
