<?xml version="1.0" encoding="UTF-8"?>

<rootTag>
  <Award>
    <AwardTitle>HPCA-17 Student Travel Grant Request</AwardTitle>
    <AwardEffectiveDate>02/01/2011</AwardEffectiveDate>
    <AwardExpirationDate>01/31/2012</AwardExpirationDate>
    <AwardAmount>15000</AwardAmount>
    <AwardInstrument>
      <Value>Standard Grant</Value>
    </AwardInstrument>
    <Organization>
      <Code>05010000</Code>
      <Directorate>
        <LongName>Direct For Computer &amp; Info Scie &amp; Enginr</LongName>
      </Directorate>
      <Division>
        <LongName>Division of Computing and Communication Foundations</LongName>
      </Division>
    </Organization>
    <ProgramOfficer>
      <SignBlockName>Almadena Y. Chtchelkanova</SignBlockName>
    </ProgramOfficer>
    <AbstractNarration>The 17th IEEE International Symposium on High Performance Computer Architecture (HPCA-17) will be held, along with four workshops and five tutorials, in San Antonio, TX, February 12-16, 2011. HPCA is the premier forum for presenting the latest research findings on computer architecture and computer design including microarchitecture, cache and memory system design, parallel-, power-efficient-, embedded- and reconfigurable computer architectures.&lt;br/&gt;&lt;br/&gt;HPCA seeks to increase student participation in symposium and the field. The proposed funding would support the travel of eligible US students to the symposium. Recipients would be able to attend the main conference, workshops, and tutorials. Travel grants will encourage the research interests and the involvement of students in the field who are not well funded and those who are just beginning their participation in the field or are interested in entering it. A special effort will be made to reach out to women and under-represented minorities.</AbstractNarration>
    <MinAmdLetterDate>12/01/2010</MinAmdLetterDate>
    <MaxAmdLetterDate>12/01/2010</MaxAmdLetterDate>
    <ARRAAmount/>
    <AwardID>1100218</AwardID>
    <Investigator>
      <FirstName>Anne</FirstName>
      <LastName>Bracy</LastName>
      <EmailAddress>bracy@cse.wustl.edu</EmailAddress>
      <StartDate>12/01/2010</StartDate>
      <EndDate/>
      <RoleCode>Principal Investigator</RoleCode>
    </Investigator>
    <Institution>
      <Name>Washington University</Name>
      <CityName>Saint Louis</CityName>
      <ZipCode>631304862</ZipCode>
      <PhoneNumber>3147474134</PhoneNumber>
      <StreetAddress>CAMPUS BOX 1054</StreetAddress>
      <CountryName>United States</CountryName>
      <StateName>Missouri</StateName>
      <StateCode>MO</StateCode>
    </Institution>
    <ProgramElement>
      <Code>7798</Code>
      <Text>SOFTWARE &amp; HARDWARE FOUNDATION</Text>
    </ProgramElement>
    <ProgramReference>
      <Code>7941</Code>
      <Text>COMPUTER ARCHITECTURE</Text>
    </ProgramReference>
    <ProgramReference>
      <Code>9218</Code>
      <Text>BASIC RESEARCH &amp; HUMAN RESORCS</Text>
    </ProgramReference>
    <ProgramReference>
      <Code>HPCC</Code>
      <Text>HIGH PERFORMANCE COMPUTING &amp; COMM</Text>
    </ProgramReference>
  </Award>
</rootTag>
