<?xml version="1.0" encoding="UTF-8"?>

<rootTag>
  <Award>
    <AwardTitle>GOALI: Direct High-Efficiency Production of Sheet and Foil by Single-Stage Deformation Processes</AwardTitle>
    <AwardEffectiveDate>05/01/2011</AwardEffectiveDate>
    <AwardExpirationDate>04/30/2015</AwardExpirationDate>
    <AwardAmount>328673</AwardAmount>
    <AwardInstrument>
      <Value>Standard Grant</Value>
    </AwardInstrument>
    <Organization>
      <Code>07030000</Code>
      <Directorate>
        <LongName>Directorate For Engineering</LongName>
      </Directorate>
      <Division>
        <LongName>Div Of Civil, Mechanical, &amp; Manufact Inn</LongName>
      </Division>
    </Organization>
    <ProgramOfficer>
      <SignBlockName>Mary M. Toney</SignBlockName>
    </ProgramOfficer>
    <AbstractNarration>This Grant Opportunity for Academic Liaison with Industry (GOALI) project will develop the science of a hybrid machining-based process for producing metal sheet and foil in which cutting and extrusion occur simultaneously in a single stage of deformation. The approach is radically different from the conventional multi-stage rolling processes currently used to produce sheet and foil, in that the deformation can be controlled and confined to a small region, with localized heating from the deformation itself and imposition of large hydrostatic pressures. The result is a deformation condition that suppresses failure, thereby enabling large shape changes even in alloys of low workability. Deformation conditions (strain, strain rate and temperature) will be investigated to determine how special stress/temperature states and strain paths can be used to increase deformation efficiency, control microstructure and properties, and eliminate defects. Experiments and analyses on scaling, energy, tool wear and costs will be conducted in order to characterize process efficiency and for benchmarking against conventional processes.&lt;br/&gt;&lt;br/&gt;This research will enable metal sheet and foil to be produced directly from ingot in a single stage of deformation, with significant reductions in energy, cost and emissions. The machining-based deformation approach will also have important advantages for processing alloys of low workability such as titanium and magnesium, providing critical technology for breaking down the cost barriers currently prohibiting these lightweight alloys from large-scale application in commercial transportation systems. The process imparts advantageous crystallographic textures, while simultaneously controlling grain-size to achieve superior formability and properties. The research will advance cost analysis of manufacturing processes and provide opportunities for students to interact directly with industry partners and develop entrepreneurial skills. The project is a collaborative study involving Purdue University, M4 Sciences LLC, Ford, and tool manufacturers.</AbstractNarration>
    <MinAmdLetterDate>04/01/2011</MinAmdLetterDate>
    <MaxAmdLetterDate>04/01/2011</MaxAmdLetterDate>
    <ARRAAmount/>
    <AwardID>1100712</AwardID>
    <Investigator>
      <FirstName>Kevin</FirstName>
      <LastName>Trumble</LastName>
      <EmailAddress>driscol@ecn.purdue.edu</EmailAddress>
      <StartDate>04/01/2011</StartDate>
      <EndDate/>
      <RoleCode>Principal Investigator</RoleCode>
    </Investigator>
    <Investigator>
      <FirstName>James</FirstName>
      <LastName>Mann</LastName>
      <EmailAddress>jbmann@m4sciences.com</EmailAddress>
      <StartDate>04/01/2011</StartDate>
      <EndDate/>
      <RoleCode>Co-Principal Investigator</RoleCode>
    </Investigator>
    <Investigator>
      <FirstName>Srinivasan</FirstName>
      <LastName>Chandrasekar</LastName>
      <EmailAddress>chandy@ecn.purdue.edu</EmailAddress>
      <StartDate>04/01/2011</StartDate>
      <EndDate/>
      <RoleCode>Co-Principal Investigator</RoleCode>
    </Investigator>
    <Investigator>
      <FirstName>W. Dale</FirstName>
      <LastName>Compton</LastName>
      <EmailAddress>dcompton@ecn.purdue.edu</EmailAddress>
      <StartDate>04/01/2011</StartDate>
      <EndDate/>
      <RoleCode>Co-Principal Investigator</RoleCode>
    </Investigator>
    <Institution>
      <Name>Purdue University</Name>
      <CityName>West Lafayette</CityName>
      <ZipCode>479072114</ZipCode>
      <PhoneNumber>7654941055</PhoneNumber>
      <StreetAddress>Young Hall</StreetAddress>
      <CountryName>United States</CountryName>
      <StateName>Indiana</StateName>
      <StateCode>IN</StateCode>
    </Institution>
    <ProgramElement>
      <Code>1467</Code>
      <Text>MATERIALS PROCESSING AND MANFG</Text>
    </ProgramElement>
    <ProgramElement>
      <Code>1504</Code>
      <Text>GRANT OPP FOR ACAD LIA W/INDUS</Text>
    </ProgramElement>
    <ProgramReference>
      <Code>080E</Code>
      <Text>DEFORMATION PROCESSES</Text>
    </ProgramReference>
    <ProgramReference>
      <Code>083E</Code>
      <Text>MATERIAL TRANSFORMATION PROC</Text>
    </ProgramReference>
    <ProgramReference>
      <Code>1467</Code>
      <Text>MATERIALS PROCESSING AND MANFG</Text>
    </ProgramReference>
    <ProgramReference>
      <Code>1504</Code>
      <Text>GRANT OPP FOR ACAD LIA W/INDUS</Text>
    </ProgramReference>
    <ProgramReference>
      <Code>8025</Code>
      <Text>Advanced Materials Processing</Text>
    </ProgramReference>
    <ProgramReference>
      <Code>9146</Code>
      <Text>MANUFACTURING BASE RESEARCH</Text>
    </ProgramReference>
  </Award>
</rootTag>
