<?xml version="1.0" encoding="UTF-8"?>

<rootTag>
  <Award>
    <AwardTitle>Collaborative Research: Dynamic Disproportionate Collapse in Flat-Plate Buildings</AwardTitle>
    <AwardEffectiveDate>06/01/2011</AwardEffectiveDate>
    <AwardExpirationDate>05/31/2016</AwardExpirationDate>
    <AwardAmount>171986</AwardAmount>
    <AwardInstrument>
      <Value>Standard Grant</Value>
    </AwardInstrument>
    <Organization>
      <Code>07030000</Code>
      <Directorate>
        <LongName>Directorate For Engineering</LongName>
      </Directorate>
      <Division>
        <LongName>Div Of Civil, Mechanical, &amp; Manufact Inn</LongName>
      </Division>
    </Organization>
    <ProgramOfficer>
      <SignBlockName>Y. Grace Hsuan</SignBlockName>
    </ProgramOfficer>
    <AbstractNarration>The goal of this collaborative research is to provide much needed experimental data and effective modeling approaches for the disproportionate collapse analysis of older reinforced concrete flat-plate buildings that are commonly used for large residential and office complexes. Experimental and analytical studies will be conducted to examine the performance of such flat-plate structures under the scenario of a sudden loss of a column during an extreme loading event. The experiments will be performed on laterally restrained slab-column connections under static and dynamic loading and multi-panel specimens subjected to sudden load release. The tests will be conducted to provide data to define key parameters needed for analytical modeling, to identify the local strength and deformation capacity of the flat-plate systems, and to study the post-punching behavior of slab-column connections. Finite element simulations will be employed to facilitate the design of experiments, to determine local deformation demands, to define failure propagation characteristics, and to examine the effects of other design parameters not considered in the experiments. Simplified analytical tools will also be developed for quick evaluation of the progressive collapse resilience of flat-plate buildings without conducting a detailed finite element analysis. &lt;br/&gt;&lt;br/&gt;The research in this project will lead to improved design guidelines for safer flat-plate buildings under extreme loading events. The data obtained from this study will also help in the development of appropriate rehabilitation approaches for flat-plate structures that are vulnerable to disproportionate collapse. Research findings will be disseminated to the structural engineering community through publications, presentations, and websites created for this project. High school students and undergraduate students will be engaged in this project to enhance their research interests in engineering. Research results will be integrated into the graduate level courses related to slab structures, and the project will provide advanced training to graduate student through their involvement in the project research activities.</AbstractNarration>
    <MinAmdLetterDate>03/24/2011</MinAmdLetterDate>
    <MaxAmdLetterDate>01/30/2013</MaxAmdLetterDate>
    <ARRAAmount/>
    <AwardID>1100877</AwardID>
    <Investigator>
      <FirstName>Ying</FirstName>
      <LastName>Tian</LastName>
      <EmailAddress>ying.tian@unlv.edu</EmailAddress>
      <StartDate>03/24/2011</StartDate>
      <EndDate/>
      <RoleCode>Principal Investigator</RoleCode>
    </Investigator>
    <Investigator>
      <FirstName>Aly</FirstName>
      <LastName>Said</LastName>
      <EmailAddress>aly.said@engr.psu.edu</EmailAddress>
      <StartDate>03/24/2011</StartDate>
      <EndDate/>
      <RoleCode>Co-Principal Investigator</RoleCode>
    </Investigator>
    <Institution>
      <Name>University of Nevada Las Vegas</Name>
      <CityName>Las Vegas</CityName>
      <ZipCode>891541055</ZipCode>
      <PhoneNumber>7028951357</PhoneNumber>
      <StreetAddress>4505 MARYLAND PARKWAY</StreetAddress>
      <CountryName>United States</CountryName>
      <StateName>Nevada</StateName>
      <StateCode>NV</StateCode>
    </Institution>
    <ProgramElement>
      <Code>1637</Code>
      <Text>Structural and Architectural E</Text>
    </ProgramElement>
    <ProgramReference>
      <Code>039E</Code>
      <Text>STRUCTURAL SYSTEMS</Text>
    </ProgramReference>
    <ProgramReference>
      <Code>040E</Code>
      <Text>Haz mitigation of structural sys</Text>
    </ProgramReference>
    <ProgramReference>
      <Code>043E</Code>
      <Text>EARTHQUAKE ENGINEERING</Text>
    </ProgramReference>
    <ProgramReference>
      <Code>116E</Code>
      <Text>RESEARCH EXP FOR UNDERGRADS</Text>
    </ProgramReference>
    <ProgramReference>
      <Code>9150</Code>
      <Text>EXP PROG TO STIM COMP RES</Text>
    </ProgramReference>
    <ProgramReference>
      <Code>9178</Code>
      <Text>UNDERGRADUATE EDUCATION</Text>
    </ProgramReference>
    <ProgramReference>
      <Code>9251</Code>
      <Text>RES EXPER FOR UNDERGRAD-SUPPLT</Text>
    </ProgramReference>
  </Award>
</rootTag>
