<?xml version="1.0" encoding="UTF-8"?>

<rootTag>
  <Award>
    <AwardTitle>GOALI: Fundamental Understanding and Suppression of Microcracking in Three Dimensional Woven Composites During Curing</AwardTitle>
    <AwardEffectiveDate>04/01/2011</AwardEffectiveDate>
    <AwardExpirationDate>03/31/2015</AwardExpirationDate>
    <AwardAmount>437899</AwardAmount>
    <AwardInstrument>
      <Value>Standard Grant</Value>
    </AwardInstrument>
    <Organization>
      <Code>07030000</Code>
      <Directorate>
        <LongName>Directorate For Engineering</LongName>
      </Directorate>
      <Division>
        <LongName>Div Of Civil, Mechanical, &amp; Manufact Inn</LongName>
      </Division>
    </Organization>
    <ProgramOfficer>
      <SignBlockName>Bruce M. Kramer</SignBlockName>
    </ProgramOfficer>
    <AbstractNarration>This Grant Opportunity for Academic Liaison with Industry (GOALI) project will provide fundamental understanding of how local stress concentrations and formation of damage during curing are related to the weave architecture and fabrication parameters of three-dimensional woven composites. Comprehensive numerical modeling tools to predict microcracking during matrix cure and under service conditions will be developed and validated by experiments. Experimental studies will be performed on the specimens specifically fabricated in industrial setting to support the modeling effort and gain a better understanding of the mechanisms of resin pocket cracking. They will include microstructure characterization using optical and SEM microscopy, microcomputed tomography, traditional mechanical testing, residual stress determination by material removal, and multiaxial stress tests on neat resin. Guidelines for safe design of three-dimensional woven composites will be proposed. &lt;br/&gt;&lt;br/&gt;Advances in understanding and modeling of microcracking in 3D woven composites during resin curing will lead to improvements in technology of manufacturing and ?tailoring? of these materials for various applications. Demonstrating that they can be produced free of microcracks with inexpensive resins will greatly expand their utilization in aerospace, automotive, ground transportation, wind energy, and recreational marine industries. The work will be conducted in close collaboration between the University of New Hampshire and Albany Engineered Composites, Inc., and will be disseminated through journal publications, conference presentations and two industrial workshops.</AbstractNarration>
    <MinAmdLetterDate>03/24/2011</MinAmdLetterDate>
    <MaxAmdLetterDate>03/24/2011</MaxAmdLetterDate>
    <ARRAAmount/>
    <AwardID>1100409</AwardID>
    <Investigator>
      <FirstName>Igor</FirstName>
      <LastName>Tsukrov</LastName>
      <EmailAddress>igor.tsukrov@unh.edu</EmailAddress>
      <StartDate>03/24/2011</StartDate>
      <EndDate/>
      <RoleCode>Principal Investigator</RoleCode>
    </Investigator>
    <Investigator>
      <FirstName>Jonathan</FirstName>
      <LastName>Goering</LastName>
      <EmailAddress>jon.goering@albint.com</EmailAddress>
      <StartDate>03/24/2011</StartDate>
      <EndDate/>
      <RoleCode>Co-Principal Investigator</RoleCode>
    </Investigator>
    <Investigator>
      <FirstName>Todd</FirstName>
      <LastName>Gross</LastName>
      <EmailAddress>todd.gross@unh.edu</EmailAddress>
      <StartDate>03/24/2011</StartDate>
      <EndDate/>
      <RoleCode>Co-Principal Investigator</RoleCode>
    </Investigator>
    <Investigator>
      <FirstName>Harun</FirstName>
      <LastName>Bayraktar</LastName>
      <EmailAddress>harun.bayraktar@albint.com</EmailAddress>
      <StartDate>03/24/2011</StartDate>
      <EndDate/>
      <RoleCode>Co-Principal Investigator</RoleCode>
    </Investigator>
    <Institution>
      <Name>University of New Hampshire</Name>
      <CityName>Durham</CityName>
      <ZipCode>038243585</ZipCode>
      <PhoneNumber>6038622172</PhoneNumber>
      <StreetAddress>51 COLLEGE RD SERVICE BLDG 107</StreetAddress>
      <CountryName>United States</CountryName>
      <StateName>New Hampshire</StateName>
      <StateCode>NH</StateCode>
    </Institution>
    <ProgramElement>
      <Code>1467</Code>
      <Text>MATERIALS PROCESSING AND MANFG</Text>
    </ProgramElement>
    <ProgramElement>
      <Code>1504</Code>
      <Text>GRANT OPP FOR ACAD LIA W/INDUS</Text>
    </ProgramElement>
    <ProgramReference>
      <Code>085E</Code>
      <Text>POLYMER &amp; COMPOSITES PROCESSES</Text>
    </ProgramReference>
    <ProgramReference>
      <Code>1504</Code>
      <Text>GRANT OPP FOR ACAD LIA W/INDUS</Text>
    </ProgramReference>
    <ProgramReference>
      <Code>8025</Code>
      <Text>Advanced Materials Processing</Text>
    </ProgramReference>
    <ProgramReference>
      <Code>9150</Code>
      <Text>EXP PROG TO STIM COMP RES</Text>
    </ProgramReference>
  </Award>
</rootTag>
