<?xml version="1.0" encoding="UTF-8"?>

<rootTag>
  <Award>
    <AwardTitle>Distribution and Moment-Robust Optimization Models and Algorithms</AwardTitle>
    <AwardEffectiveDate>09/01/2011</AwardEffectiveDate>
    <AwardExpirationDate>08/31/2016</AwardExpirationDate>
    <AwardAmount>200000</AwardAmount>
    <AwardInstrument>
      <Value>Standard Grant</Value>
    </AwardInstrument>
    <Organization>
      <Code>07030000</Code>
      <Directorate>
        <LongName>Directorate For Engineering</LongName>
      </Directorate>
      <Division>
        <LongName>Div Of Civil, Mechanical, &amp; Manufact Inn</LongName>
      </Division>
    </Organization>
    <ProgramOfficer>
      <SignBlockName>Georgia-Ann Klutke</SignBlockName>
    </ProgramOfficer>
    <AbstractNarration>Optimization models and methods are widely used in decision problems. Incorporating parameter uncertainty is important in constructing representative optimization models. This parameter uncertainty may be described by a probability distribution, the moments of a probability distribution, or using bounds and confidence intervals on moments. When estimating uncertain parameters, information is also available on the error distribution of the estimated parameter. The research objective of this award is to study properties and develop algorithmic methods for solving multivariate optimization models that incorporate parameter uncertainty using limited knowledge on their distribution, and the parameter estimation errors. The optimization models will be based on using parameter distribution moment estimates. The models will incorporate moment estimation errors using a suitable penalty approach. &lt;br/&gt;&lt;br/&gt;If successful, the results of this research will lead to the development of a new class of decision optimization modeling tools with associated algorithmic techniques for solving these models. This award will contribute to better handling of parameter uncertainty in single and two-stage inventory planning models, the classical least squares model, and the models involving objectives described by quadratic functions. A better understanding of algorithmic implications of parameter uncertainty in these problems will provide foundation for handling parameter uncertainty in other application models that use the planning, the least squares and quadratic objectives as basic building blocks. The award will also contribute to the development of computational tools implementing the algorithms solution techniques. Experiments will be performed to validate the algorithms, and to compare the properties of the solutions generated from the models incorporating distributional knowledge with those that ignore this information.</AbstractNarration>
    <MinAmdLetterDate>04/13/2011</MinAmdLetterDate>
    <MaxAmdLetterDate>04/13/2011</MaxAmdLetterDate>
    <ARRAAmount/>
    <AwardID>1100868</AwardID>
    <Investigator>
      <FirstName>Sanjay</FirstName>
      <LastName>Mehrotra</LastName>
      <EmailAddress>mehrotra@northwestern.edu</EmailAddress>
      <StartDate>04/13/2011</StartDate>
      <EndDate/>
      <RoleCode>Principal Investigator</RoleCode>
    </Investigator>
    <Institution>
      <Name>Northwestern University</Name>
      <CityName>Evanston</CityName>
      <ZipCode>602013149</ZipCode>
      <PhoneNumber>8474913003</PhoneNumber>
      <StreetAddress>1801 Maple Ave.</StreetAddress>
      <CountryName>United States</CountryName>
      <StateName>Illinois</StateName>
      <StateCode>IL</StateCode>
    </Institution>
    <ProgramElement>
      <Code>5514</Code>
      <Text>OPERATIONS RESEARCH</Text>
    </ProgramElement>
    <ProgramReference>
      <Code>073E</Code>
      <Text>OPTIMIZATION &amp; DECISION MAKING</Text>
    </ProgramReference>
    <ProgramReference>
      <Code>072E</Code>
      <Text>NETWORKS &amp; QUEUING SYSTEMS</Text>
    </ProgramReference>
    <ProgramReference>
      <Code>077E</Code>
      <Text>SIMULATION MODELS</Text>
    </ProgramReference>
  </Award>
</rootTag>
