<?xml version="1.0" encoding="UTF-8"?>

<rootTag>
  <Award>
    <AwardTitle>Customizable Sensors for Humans Using an Integrated Polymer: C-SHIP</AwardTitle>
    <AwardEffectiveDate>04/01/2011</AwardEffectiveDate>
    <AwardExpirationDate>03/31/2014</AwardExpirationDate>
    <AwardAmount>270000</AwardAmount>
    <AwardInstrument>
      <Value>Standard Grant</Value>
    </AwardInstrument>
    <Organization>
      <Code>07030000</Code>
      <Directorate>
        <LongName>Directorate For Engineering</LongName>
      </Directorate>
      <Division>
        <LongName>Div Of Civil, Mechanical, &amp; Manufact Inn</LongName>
      </Division>
    </Organization>
    <ProgramOfficer>
      <SignBlockName>Jordan Berg</SignBlockName>
    </ProgramOfficer>
    <AbstractNarration>This research project will study human-machine interaction such as haptic and medical sensing devices to customize and embed sensors (e.g. force) to accommodate wearer-specifications. Many mechatronic devices that interact with the human body require wearer-specific geometry to function adequately. Examples include instrumented /sensorized orthotic, haptic and medical devices and safety and computer interface equipment. The project will yield a novel sensor design and such methodology. Fabrication of the sensor will be achieved with Layered Manufacturing (LM) processes capable of creating multiple different materials within the same part to combine flexible and rigid structures. &lt;br/&gt;&lt;br/&gt;This project will enable the development of low cost, sensorized smart interfaces with increased comfort that can facilitate the routine use of these devices at home for medical, computer and other daily activities requiring monitoring capability. In addition, this project will initiate undergraduate students (including students from under-represented groups) to research in mechatronics applied to rehabilitation. Collaborative projects on mechatronics with the science and technology high schools of Massachusetts will be established.</AbstractNarration>
    <MinAmdLetterDate>03/09/2011</MinAmdLetterDate>
    <MaxAmdLetterDate>03/09/2011</MaxAmdLetterDate>
    <ARRAAmount/>
    <AwardID>1100456</AwardID>
    <Investigator>
      <FirstName>Constantinos</FirstName>
      <LastName>Mavroidis</LastName>
      <EmailAddress>mavro@coe.neu.edu</EmailAddress>
      <StartDate>03/09/2011</StartDate>
      <EndDate/>
      <RoleCode>Principal Investigator</RoleCode>
    </Investigator>
    <Institution>
      <Name>Northeastern University</Name>
      <CityName>BOSTON</CityName>
      <ZipCode>021155005</ZipCode>
      <PhoneNumber>6173732508</PhoneNumber>
      <StreetAddress>360 HUNTINGTON AVE</StreetAddress>
      <CountryName>United States</CountryName>
      <StateName>Massachusetts</StateName>
      <StateCode>MA</StateCode>
    </Institution>
    <ProgramElement>
      <Code>1639</Code>
      <Text>SENSORS AND SENSING SYSTEMS</Text>
    </ProgramElement>
    <ProgramReference>
      <Code>032E</Code>
      <Text>SENSORS AND ACTUATORS</Text>
    </ProgramReference>
    <ProgramReference>
      <Code>033E</Code>
      <Text>Smart and responsive structures</Text>
    </ProgramReference>
    <ProgramReference>
      <Code>099E</Code>
      <Text>High voltage switching &amp; conversion</Text>
    </ProgramReference>
    <ProgramReference>
      <Code>7234</Code>
      <Text>SENSORS NON-SOLICITATION RESEA</Text>
    </ProgramReference>
    <ProgramReference>
      <Code>036E</Code>
      <Text>CIVIL INFRASTRUCTURE</Text>
    </ProgramReference>
    <ProgramReference>
      <Code>1057</Code>
      <Text>CIS BASE RESEARCH</Text>
    </ProgramReference>
    <ProgramReference>
      <Code>1059</Code>
      <Text>SENSORS AND SENSOR SYSTEMS FOR CIS</Text>
    </ProgramReference>
    <ProgramReference>
      <Code>CVIS</Code>
      <Text>CIVIL INFRASTRUCTURE</Text>
    </ProgramReference>
  </Award>
</rootTag>
