<?xml version="1.0" encoding="UTF-8"?>

<rootTag>
  <Award>
    <AwardTitle>Collaborative Research: Cohomology and Deformations of Algebras</AwardTitle>
    <AwardEffectiveDate>09/01/2011</AwardEffectiveDate>
    <AwardExpirationDate>08/31/2015</AwardExpirationDate>
    <AwardAmount>132187</AwardAmount>
    <AwardInstrument>
      <Value>Standard Grant</Value>
    </AwardInstrument>
    <Organization>
      <Code>03040000</Code>
      <Directorate>
        <LongName>Direct For Mathematical &amp; Physical Scien</LongName>
      </Directorate>
      <Division>
        <LongName>Division Of Mathematical Sciences</LongName>
      </Division>
    </Organization>
    <ProgramOfficer>
      <SignBlockName>Andrew D. Pollington</SignBlockName>
    </ProgramOfficer>
    <AbstractNarration>The mathematical community shows expanding interest in the deformations Shepler and Witherspoon study, for example, in graded Hecke algebras and symplectic reflection algebras. These algebras pervade mathematics, appearing in algebra, geometry, number theory, combinatorics, topology, statistics, harmonic analysis, mathematical physics, and the theory of special functions (for example, they appear in the Langlands program, the theory of quantum groups, knot theory, and conformal field theory). Shepler and Witherspoon work towards a theory of skew group algebras and Hochschild cohomology that connects work by various prominent mathematicians working in different mathematical fields. &lt;br/&gt;&lt;br/&gt;Their research leads to international talks and collaborations and results in publications in selective international journals. Shepler and Witherspoon dynamically engage the wider community by collaborating with international experts,organizing conferences and workshops, delivering invited talks in various countries, and working with outreach programs. They actively prepare junior colleagues and students (at all stages) for engaging careers which use mathematics. Their work supports research of several graduate students and summer research experiences for undergraduates.</AbstractNarration>
    <MinAmdLetterDate>05/06/2011</MinAmdLetterDate>
    <MaxAmdLetterDate>05/06/2011</MaxAmdLetterDate>
    <ARRAAmount/>
    <AwardID>1101177</AwardID>
    <Investigator>
      <FirstName>Anne</FirstName>
      <LastName>Shepler</LastName>
      <EmailAddress>ashepler@unt.edu</EmailAddress>
      <StartDate>05/06/2011</StartDate>
      <EndDate/>
      <RoleCode>Principal Investigator</RoleCode>
    </Investigator>
    <Institution>
      <Name>University of North Texas</Name>
      <CityName>DENTON</CityName>
      <ZipCode>762035017</ZipCode>
      <PhoneNumber>9405653940</PhoneNumber>
      <StreetAddress>1155 Union Circle #305250</StreetAddress>
      <CountryName>United States</CountryName>
      <StateName>Texas</StateName>
      <StateCode>TX</StateCode>
    </Institution>
  </Award>
</rootTag>
