<?xml version="1.0" encoding="UTF-8"?>

<rootTag>
  <Award>
    <AwardTitle>Waves and Spectra: Analysis/PDE Conference.</AwardTitle>
    <AwardEffectiveDate>01/01/2011</AwardEffectiveDate>
    <AwardExpirationDate>12/31/2012</AwardExpirationDate>
    <AwardAmount>29000</AwardAmount>
    <AwardInstrument>
      <Value>Standard Grant</Value>
    </AwardInstrument>
    <Organization>
      <Code>03040000</Code>
      <Directorate>
        <LongName>Direct For Mathematical &amp; Physical Scien</LongName>
      </Directorate>
      <Division>
        <LongName>Division Of Mathematical Sciences</LongName>
      </Division>
    </Organization>
    <ProgramOfficer>
      <SignBlockName>Bruce P. Palka</SignBlockName>
    </ProgramOfficer>
    <AbstractNarration>This award provides funding to help defray the expenses of participants, especially women, graduate students, postdocs, and junior faculty, in the "Waves and Spectra: Analysis/PDE Conference" that will be held from January 11-14, 2011, on the campus of Texas A&amp;M University.&lt;br/&gt;&lt;br/&gt;This conference will cover a variety of topics in analysis (e.g., mathematical physics, dynamical systems, spectral theory), with partial differential equations serving as a key unifying theme. All of the conference topics are central to analysis and extremely active subjects of current research. The format of the meeting is such that young people will have ample opportunities to speak and be otherwise engaged in the various conference activities.</AbstractNarration>
    <MinAmdLetterDate>10/21/2010</MinAmdLetterDate>
    <MaxAmdLetterDate>10/21/2010</MaxAmdLetterDate>
    <ARRAAmount/>
    <AwardID>1101551</AwardID>
    <Investigator>
      <FirstName>Andrew</FirstName>
      <LastName>Comech</LastName>
      <EmailAddress>comech@math.tamu.edu</EmailAddress>
      <StartDate>10/21/2010</StartDate>
      <EndDate/>
      <RoleCode>Co-Principal Investigator</RoleCode>
    </Investigator>
    <Investigator>
      <FirstName>Constanze</FirstName>
      <LastName>Liaw</LastName>
      <EmailAddress>Constanze_Liaw@baylor.edu</EmailAddress>
      <StartDate>10/21/2010</StartDate>
      <EndDate/>
      <RoleCode>Co-Principal Investigator</RoleCode>
    </Investigator>
    <Investigator>
      <FirstName>Alexei</FirstName>
      <LastName>Poltoratski</LastName>
      <EmailAddress>alexeip@math.tamu.edu</EmailAddress>
      <StartDate>10/21/2010</StartDate>
      <EndDate/>
      <RoleCode>Principal Investigator</RoleCode>
    </Investigator>
    <Institution>
      <Name>Texas A&amp;M Research Foundation</Name>
      <CityName>College Station</CityName>
      <ZipCode>778454321</ZipCode>
      <PhoneNumber>9798458600</PhoneNumber>
      <StreetAddress>400 Harvey Mitchell Parkway, S</StreetAddress>
      <CountryName>United States</CountryName>
      <StateName>Texas</StateName>
      <StateCode>TX</StateCode>
    </Institution>
    <ProgramElement>
      <Code>1281</Code>
      <Text>ANALYSIS PROGRAM</Text>
    </ProgramElement>
    <ProgramReference>
      <Code>7556</Code>
      <Text>CONFERENCE AND WORKSHOPS</Text>
    </ProgramReference>
  </Award>
</rootTag>
