<?xml version="1.0" encoding="UTF-8"?>

<rootTag>
  <Award>
    <AwardTitle>Families of L-functions and automorphic forms</AwardTitle>
    <AwardEffectiveDate>09/01/2011</AwardEffectiveDate>
    <AwardExpirationDate>08/31/2014</AwardExpirationDate>
    <AwardAmount>129996</AwardAmount>
    <AwardInstrument>
      <Value>Standard Grant</Value>
    </AwardInstrument>
    <Organization>
      <Code>03040000</Code>
      <Directorate>
        <LongName>Direct For Mathematical &amp; Physical Scien</LongName>
      </Directorate>
      <Division>
        <LongName>Division Of Mathematical Sciences</LongName>
      </Division>
    </Organization>
    <ProgramOfficer>
      <SignBlockName>Andrew D. Pollington</SignBlockName>
    </ProgramOfficer>
    <AbstractNarration>The PI plans to investigate a variety of problems in the&lt;br/&gt;analytic theory of automorphic forms, especially problems&lt;br/&gt;concerning higher rank groups such as the general linear&lt;br/&gt;group of degree 3 and higher. In particular, the PI will&lt;br/&gt;study some problems concerning the analytic study of&lt;br/&gt;automorphic forms restricted to small subsets, especially&lt;br/&gt;period integrals. Other components of the research include &lt;br/&gt;the study of mean values of L-functions including the Riemann &lt;br/&gt;zeta function.&lt;br/&gt;&lt;br/&gt;One of the goals of analytic number theory is to understand&lt;br/&gt;the statistical properties of algebraic objects. For instance,&lt;br/&gt;one can ask what is the probability that a randomly chosen&lt;br/&gt;large number is a prime. It is very fortunate for modern&lt;br/&gt;cryptography that it is easy to find large primes. Cryptography&lt;br/&gt;is a crucial tool in banking, commerce, and of course national &lt;br/&gt;security. Some of our best knowledge on the prime numbers&lt;br/&gt;comes from properties of the Riemann zeta function, the&lt;br/&gt;simplest L-function. Many other fascinating algebraic&lt;br/&gt;and geometric objects are encoded in other types of L-functions.&lt;br/&gt;The PI plans to study many of the statistical properties of&lt;br/&gt;these L-functions.</AbstractNarration>
    <MinAmdLetterDate>05/06/2011</MinAmdLetterDate>
    <MaxAmdLetterDate>05/06/2011</MaxAmdLetterDate>
    <ARRAAmount/>
    <AwardID>1101261</AwardID>
    <Investigator>
      <FirstName>Matthew</FirstName>
      <LastName>Young</LastName>
      <EmailAddress>myoung@math.tamu.edu</EmailAddress>
      <StartDate>05/06/2011</StartDate>
      <EndDate/>
      <RoleCode>Principal Investigator</RoleCode>
    </Investigator>
    <Institution>
      <Name>Texas A&amp;M Research Foundation</Name>
      <CityName>College Station</CityName>
      <ZipCode>778454321</ZipCode>
      <PhoneNumber>9798458600</PhoneNumber>
      <StreetAddress>400 Harvey Mitchell Parkway, S</StreetAddress>
      <CountryName>United States</CountryName>
      <StateName>Texas</StateName>
      <StateCode>TX</StateCode>
    </Institution>
    <ProgramElement>
      <Code>1264</Code>
      <Text>ALGEBRA,NUMBER THEORY,AND COM</Text>
    </ProgramElement>
  </Award>
</rootTag>
