<?xml version="1.0" encoding="UTF-8"?>

<rootTag>
  <Award>
    <AwardTitle>CAREER: Parasites and the Evolution of Mating Systems: Do Parasites Drive Complex Behavior in Animals?</AwardTitle>
    <AwardEffectiveDate>09/01/2010</AwardEffectiveDate>
    <AwardExpirationDate>07/31/2014</AwardExpirationDate>
    <AwardAmount>615488</AwardAmount>
    <AwardInstrument>
      <Value>Standard Grant</Value>
    </AwardInstrument>
    <Organization>
      <Code>08090500</Code>
      <Directorate>
        <LongName>Direct For Biological Sciences</LongName>
      </Directorate>
      <Division>
        <LongName>Division Of Integrative Organismal Sys</LongName>
      </Division>
    </Organization>
    <ProgramOfficer>
      <SignBlockName>Michelle M. Elekonich</SignBlockName>
    </ProgramOfficer>
    <AbstractNarration>Parasites and infectious diseases can have profound effects on their hosts, yet relatively little is known about how parasites influence animal behavior. The work will address three fundamental questions: (1) Does individual infection risk vary with mating status and behavior? (2) Do parasites drive variation in mating tactics by influencing individual mating decisions, behavior, and mating success? (3) What are the mechanisms underlying associations between mating behavior and parasite infection? To answer these questions, associations between behavior, physiology and gastrointestinal nematode parasitism in the African antelope, Grant's gazelle (Gazella granti), will be studied. Taking advantage of natural variation in the behavior of male gazelles, the study will examine whether higher parasite infection levels are associated with differences in male mating behavior. In addition, experimental manipulation of male parasite loads will test the effect of parasites on individual mating decisions and mating success. Finally the work will use field and physiological studies to investigate whether reproductive behavior modifies male exposure and susceptibility to parasites. The study results will reveal the extent to which parasites shape behavioral strategies observed in host populations, shedding light on the evolutionary significance of complex animal behaviors. The results of this study will also make a timely contribution to knowledge of how animal behavior may change in response to increasing parasite pressure. The project will provide numerous educational opportunities for undergraduate and graduate students. Biology students from both the U.S.A. and Kenya will gain hands-on training in the fields of disease ecology and behavioral ecology. American students will obtain international research experience working at the study site in Kenya; and students from both countries will have unique opportunities for academic and cultural exchange. This award is co-funded by NSF's Office of International Science and Engineering.</AbstractNarration>
    <MinAmdLetterDate>10/29/2010</MinAmdLetterDate>
    <MaxAmdLetterDate>02/22/2013</MaxAmdLetterDate>
    <ARRAAmount/>
    <AwardID>1101836</AwardID>
    <Investigator>
      <FirstName>Vanessa</FirstName>
      <LastName>Ezenwa</LastName>
      <EmailAddress>vezenwa@uga.edu</EmailAddress>
      <StartDate>10/29/2010</StartDate>
      <EndDate/>
      <RoleCode>Principal Investigator</RoleCode>
    </Investigator>
    <Institution>
      <Name>University of Georgia Research Foundation Inc</Name>
      <CityName>ATHENS</CityName>
      <ZipCode>306021589</ZipCode>
      <PhoneNumber>7065425939</PhoneNumber>
      <StreetAddress>310 East Campus Rd</StreetAddress>
      <CountryName>United States</CountryName>
      <StateName>Georgia</StateName>
      <StateCode>GA</StateCode>
    </Institution>
    <ProgramElement>
      <Code>7298</Code>
      <Text>COLLABORATIVE RESEARCH</Text>
    </ProgramElement>
    <ProgramElement>
      <Code>7659</Code>
      <Text>ANIMAL BEHAVIOR</Text>
    </ProgramElement>
    <ProgramElement>
      <Code>9150</Code>
      <Text>EXP PROG TO STIM COMP RES</Text>
    </ProgramElement>
    <ProgramReference>
      <Code>1045</Code>
      <Text>CAREER: FACULTY EARLY CAR DEV</Text>
    </ProgramReference>
    <ProgramReference>
      <Code>1187</Code>
      <Text>PECASE- eligible</Text>
    </ProgramReference>
    <ProgramReference>
      <Code>1228</Code>
      <Text>MINORITY INVOLVEMENT -- BIO</Text>
    </ProgramReference>
    <ProgramReference>
      <Code>5976</Code>
      <Text>AFRICA, NEAR EAST, &amp; SO ASIA</Text>
    </ProgramReference>
    <ProgramReference>
      <Code>5991</Code>
      <Text>KENYA</Text>
    </ProgramReference>
    <ProgramReference>
      <Code>9150</Code>
      <Text>EXP PROG TO STIM COMP RES</Text>
    </ProgramReference>
    <ProgramReference>
      <Code>9178</Code>
      <Text>UNDERGRADUATE EDUCATION</Text>
    </ProgramReference>
    <ProgramReference>
      <Code>9179</Code>
      <Text>GRADUATE INVOLVEMENT</Text>
    </ProgramReference>
    <ProgramReference>
      <Code>9183</Code>
      <Text>GENERAL FOUNDATIONS OF BIOTECHNOLOGY</Text>
    </ProgramReference>
    <ProgramReference>
      <Code>9232</Code>
      <Text>RES OPPOR AWARDS(ROA) (SUPPLEM</Text>
    </ProgramReference>
    <ProgramReference>
      <Code>9251</Code>
      <Text>RES EXPER FOR UNDERGRAD-SUPPLT</Text>
    </ProgramReference>
    <ProgramReference>
      <Code>BIOT</Code>
      <Text>BIOTECHNOLOGY</Text>
    </ProgramReference>
    <ProgramReference>
      <Code>SMET</Code>
      <Text>SCIENCE, MATH, ENG &amp; TECH EDUCATION</Text>
    </ProgramReference>
  </Award>
</rootTag>
