<?xml version="1.0" encoding="UTF-8"?>

<rootTag>
  <Award>
    <AwardTitle>Individual Nomination</AwardTitle>
    <AwardEffectiveDate>04/15/2012</AwardEffectiveDate>
    <AwardExpirationDate>03/31/2014</AwardExpirationDate>
    <AwardAmount>25000</AwardAmount>
    <AwardInstrument>
      <Value>Standard Grant</Value>
    </AwardInstrument>
    <Organization>
      <Code>11040300</Code>
      <Directorate>
        <LongName>Direct For Education and Human Resources</LongName>
      </Directorate>
      <Division>
        <LongName>Division Of Undergraduate Education</LongName>
      </Division>
    </Organization>
    <ProgramOfficer>
      <SignBlockName>Martha L. James</SignBlockName>
    </ProgramOfficer>
    <AbstractNarration>Dr. Juan Gilbert, a professor at Clemson University, has single-handedly impacted the representation of an underrepresented group in an entire discipline within the past decade. Specifically, from 2006 to 2009, Dr. Gilbert mentored more than one-third of the nation's African American Ph.D. graduates in computer science. He has increased the number of African Americans actively engaged in STEM through personal mentoring. His mentoring model is spreading now that some of his mentees are becoming mentors themselves. This snowball effect will continue to broaden participation in computing among African Americans and other underrepresented groups. Dr. Gilbert was recently named the Pioneer of the Year by the National Society of Black Engineers and a National Associate of the National Research Council of the National Academies.</AbstractNarration>
    <MinAmdLetterDate>04/19/2012</MinAmdLetterDate>
    <MaxAmdLetterDate>04/19/2012</MaxAmdLetterDate>
    <ARRAAmount/>
    <AwardID>1101770</AwardID>
    <Investigator>
      <FirstName>Juan</FirstName>
      <LastName>Gilbert</LastName>
      <EmailAddress>juan@ufl.edu</EmailAddress>
      <StartDate>04/19/2012</StartDate>
      <EndDate/>
      <RoleCode>Principal Investigator</RoleCode>
    </Investigator>
    <Institution>
      <Name>Clemson University</Name>
      <CityName>CLEMSON</CityName>
      <ZipCode>296340001</ZipCode>
      <PhoneNumber>8646562424</PhoneNumber>
      <StreetAddress>230 Kappa Street</StreetAddress>
      <CountryName>United States</CountryName>
      <StateName>South Carolina</StateName>
      <StateCode>SC</StateCode>
    </Institution>
    <ProgramElement>
      <Code>1593</Code>
      <Text>PRES AWDS FOR EXCELL IN SCI</Text>
    </ProgramElement>
    <ProgramReference>
      <Code>9150</Code>
      <Text>EXP PROG TO STIM COMP RES</Text>
    </ProgramReference>
    <ProgramReference>
      <Code>9178</Code>
      <Text>UNDERGRADUATE EDUCATION</Text>
    </ProgramReference>
  </Award>
</rootTag>
