<?xml version="1.0" encoding="UTF-8"?>

<rootTag>
  <Award>
    <AwardTitle>Individual Nomination: Transforming Students into Scientists</AwardTitle>
    <AwardEffectiveDate>04/15/2012</AwardEffectiveDate>
    <AwardExpirationDate>03/31/2014</AwardExpirationDate>
    <AwardAmount>25000</AwardAmount>
    <AwardInstrument>
      <Value>Standard Grant</Value>
    </AwardInstrument>
    <Organization>
      <Code>11040300</Code>
      <Directorate>
        <LongName>Direct For Education and Human Resources</LongName>
      </Directorate>
      <Division>
        <LongName>Division Of Undergraduate Education</LongName>
      </Division>
    </Organization>
    <ProgramOfficer>
      <SignBlockName>Martha L. James</SignBlockName>
    </ProgramOfficer>
    <AbstractNarration>Dr. Andrew Tsin is Professor of Biochemistry and Physiology and Associate Vice President for Health Research at the University of Texas at San Antonio (UTSA). Through his innovative, comprehensive mentoring methods tailored specifically for underrepresented groups, 100% of his undergraduate and graduate students completed their degrees. Since 1981, Dr. Tsin has personally mentored 119 students in his research laboratory, of whom 93% are from underrepresented minority groups (i.e., Hispanic, African American, and American Indian) or are female. In addition to his faculty duties, Dr. Tsin serves as associate dean of research in the UTSA College of Sciences, director of UTSA's major National Institutes of Health programs, and as Director of the UTSA Center for Research and Training in the Sciences (CRTS). Dr. Tsin has received numerous awards for excellence in mentoring, research, and teaching and he has published 57 peer-reviewed publications co-authored by students from underrepresented groups.</AbstractNarration>
    <MinAmdLetterDate>04/19/2012</MinAmdLetterDate>
    <MaxAmdLetterDate>04/19/2012</MaxAmdLetterDate>
    <ARRAAmount/>
    <AwardID>1101904</AwardID>
    <Investigator>
      <FirstName>Andrew</FirstName>
      <LastName>Tsin</LastName>
      <EmailAddress>atsin@utsa.edu</EmailAddress>
      <StartDate>04/19/2012</StartDate>
      <EndDate/>
      <RoleCode>Principal Investigator</RoleCode>
    </Investigator>
    <Institution>
      <Name>University of Texas at San Antonio</Name>
      <CityName>San Antonio</CityName>
      <ZipCode>782491644</ZipCode>
      <PhoneNumber>2104584340</PhoneNumber>
      <StreetAddress>One UTSA Circle</StreetAddress>
      <CountryName>United States</CountryName>
      <StateName>Texas</StateName>
      <StateCode>TX</StateCode>
    </Institution>
    <ProgramElement>
      <Code>1593</Code>
      <Text>PRES AWDS FOR EXCELL IN SCI</Text>
    </ProgramElement>
    <ProgramReference>
      <Code>9178</Code>
      <Text>UNDERGRADUATE EDUCATION</Text>
    </ProgramReference>
  </Award>
</rootTag>
