<?xml version="1.0" encoding="UTF-8"?>

<rootTag>
  <Award>
    <AwardTitle>Computable Mathematics</AwardTitle>
    <AwardEffectiveDate>09/01/2011</AwardEffectiveDate>
    <AwardExpirationDate>08/31/2015</AwardExpirationDate>
    <AwardAmount>240000</AwardAmount>
    <AwardInstrument>
      <Value>Standard Grant</Value>
    </AwardInstrument>
    <Organization>
      <Code>03040000</Code>
      <Directorate>
        <LongName>Direct For Mathematical &amp; Physical Scien</LongName>
      </Directorate>
      <Division>
        <LongName>Division Of Mathematical Sciences</LongName>
      </Division>
    </Organization>
    <ProgramOfficer>
      <SignBlockName>Tomek Bartoszynski</SignBlockName>
    </ProgramOfficer>
    <AbstractNarration>In this project the principal investigator will apply methods from computability theory and other branches of logic to study the effective content and proof-theoretic strength of various areas of mathematics. In particular, he will concentrate on algorithmic randomness, computable model theory, and reverse mathematics and effectiveness of combinatorial principles, computable structure theory (including computable algebra), and the connections between these areas. Among other areas in the theory of randomness, he will study properties of ``far from random'' sets and the connections between them, other notions of computability theoretic lowness, and notions such as mutual information for infinite strings. He will also seek further applications of randomness to various areas of computability theory. In computable model theory, he will continue to address issues raised by effectivizing model theoretic notions, including the relationships between the degree of effectivity of different models of theories with few models and the computability theoretic and proof theoretic aspects of special models, such as prime, homogeneous, and saturated models. He will also further investigate computability theoretic and proof theoretic aspects of combinatorial principles, as well as principles arising from model theory, measure theory, and other areas. In this work he will exploit the connections between effective mathematics and the reverse mathematics program, which aims to calibrate the strength of theorems of ordinary mathematics in terms of the (set existence and induction) axioms needed to prove them.&lt;br/&gt;&lt;br/&gt;The study of the effective content of mathematics has received increasing attention in the last few decades. It is a natural outgrowth of the efforts to understand and formalize the notions of algorithm and computable function undertaken in the early part of the twentieth century. It is of both pure mathematical and foundational interest, and has important connections with computer science. This project aims to further our understanding of how structure affects computability, and how computability interacts with other fundamental notions of modern mathematics and foundations of mathematics, such as randomness and proof-theoretic strength. Computability theorists have developed a highly successful theory of relative computational complexity of sets of numbers, which, in addition to its intrinsic mathematical interest, has been influential in theoretical computer science. One of the goals of this project is to continue the development of an emerging parallel theory of relative algorithmic randomness, which can act as a theoretical framework in which to consider questions such as: When should we say that an infinite set is more random than another, and what consequences does the relative randomness of sets have for their relative computational complexity?</AbstractNarration>
    <MinAmdLetterDate>08/25/2011</MinAmdLetterDate>
    <MaxAmdLetterDate>08/25/2011</MaxAmdLetterDate>
    <ARRAAmount/>
    <AwardID>1101458</AwardID>
    <Investigator>
      <FirstName>Denis</FirstName>
      <LastName>Hirschfeldt</LastName>
      <EmailAddress>drh@math.uchicago.edu</EmailAddress>
      <StartDate>08/25/2011</StartDate>
      <EndDate/>
      <RoleCode>Principal Investigator</RoleCode>
    </Investigator>
    <Institution>
      <Name>University of Chicago</Name>
      <CityName>Chicago</CityName>
      <ZipCode>606375418</ZipCode>
      <PhoneNumber>7737028669</PhoneNumber>
      <StreetAddress>5801 South Ellis Avenue</StreetAddress>
      <CountryName>United States</CountryName>
      <StateName>Illinois</StateName>
      <StateCode>IL</StateCode>
    </Institution>
  </Award>
</rootTag>
