<?xml version="1.0" encoding="UTF-8"?>

<rootTag>
  <Award>
    <AwardTitle>Nanostructured High Surface Area Sensor Systems for Enhanced Detection</AwardTitle>
    <AwardEffectiveDate>06/01/2011</AwardEffectiveDate>
    <AwardExpirationDate>05/31/2015</AwardExpirationDate>
    <AwardAmount>391350</AwardAmount>
    <AwardInstrument>
      <Value>Standard Grant</Value>
    </AwardInstrument>
    <Organization>
      <Code>07010000</Code>
      <Directorate>
        <LongName>Directorate For Engineering</LongName>
      </Directorate>
      <Division>
        <LongName>Div Of Electrical, Commun &amp; Cyber Sys</LongName>
      </Division>
    </Organization>
    <ProgramOfficer>
      <SignBlockName>Mona Zaghloul</SignBlockName>
    </ProgramOfficer>
    <AbstractNarration>Objective: The objective of this program is to develop nanostructured coatings, nanoparticles, and plasmonic architectures that will lead to the development of fluorescence-based biosensor platforms for point-of-care diagnostics. Through the use of engineered plasmonic structures and nanostructured high surface area coatings, optimal field coupling to sensing elements will be achieved. Thermodynamic interaction occurring within nanoparticle?polymer composite films and the substrate interface will be investigated to achieve a high degree of control over the evolved nanostructures. These structures will be integrated with various plasmonic architectures, and the long range and short range surface plasmon polaritons will be studied. These unique sensor architectures will be validated via the detection of Botulinum and thrombin.&lt;br/&gt;&lt;br/&gt;Intellectual Merit: The intellectual merit is that a scientific study on integrative nanostructured sensing architectures will advance research in the area of point-of-care sensing technologies. The ability to control the entropic-enthalpic interplay between nanoparticles and polymer systems will enable ?bottom-up? fabrication of complex nanostructures. Such custom engineered thin films will serve as unique substrates for biological assays as well as novel optical coatings for plasmonic nanostructures enabling the detection of extremely low level fluorescence signals.&lt;br/&gt;&lt;br/&gt;Broader impacts: The broader impacts are the development of health-related diagnostic tools, in which the technology can be translated into diagnostics for national security, environment, energy, food safety, and manufacturing. The program includes an educational component involving recruitment of underrepresented students and hands-on learning opportunities in the field of plasmonics, nanostructure studies, and biosensing for secondary, undergraduates, and graduate students.</AbstractNarration>
    <MinAmdLetterDate>05/11/2011</MinAmdLetterDate>
    <MaxAmdLetterDate>04/30/2014</MaxAmdLetterDate>
    <ARRAAmount/>
    <AwardID>1102070</AwardID>
    <Investigator>
      <FirstName>Sheila</FirstName>
      <LastName>Grant</LastName>
      <EmailAddress>grantsa@missouri.edu</EmailAddress>
      <StartDate>05/11/2011</StartDate>
      <EndDate/>
      <RoleCode>Principal Investigator</RoleCode>
    </Investigator>
    <Investigator>
      <FirstName>Majed</FirstName>
      <LastName>El-Dweik</LastName>
      <EmailAddress>dweikm@lincolnu.edu</EmailAddress>
      <StartDate>05/11/2011</StartDate>
      <EndDate/>
      <RoleCode>Co-Principal Investigator</RoleCode>
    </Investigator>
    <Investigator>
      <FirstName>Venumadhav</FirstName>
      <LastName>Korampally</LastName>
      <EmailAddress>korampallyv@missouri.edu</EmailAddress>
      <StartDate>05/11/2011</StartDate>
      <EndDate/>
      <RoleCode>Co-Principal Investigator</RoleCode>
    </Investigator>
    <Investigator>
      <FirstName>Luis</FirstName>
      <LastName>Polo-Parada</LastName>
      <EmailAddress>poloparadal@missouri.edu</EmailAddress>
      <StartDate>05/11/2011</StartDate>
      <EndDate/>
      <RoleCode>Co-Principal Investigator</RoleCode>
    </Investigator>
    <Investigator>
      <FirstName>Shubhra</FirstName>
      <LastName>Gangopadhyay</LastName>
      <EmailAddress>gangopadhyays@missouri.edu</EmailAddress>
      <StartDate>05/11/2011</StartDate>
      <EndDate/>
      <RoleCode>Co-Principal Investigator</RoleCode>
    </Investigator>
    <Institution>
      <Name>University of Missouri-Columbia</Name>
      <CityName>COLUMBIA</CityName>
      <ZipCode>652110001</ZipCode>
      <PhoneNumber>5738827560</PhoneNumber>
      <StreetAddress>115 Business Loop 70 W</StreetAddress>
      <CountryName>United States</CountryName>
      <StateName>Missouri</StateName>
      <StateCode>MO</StateCode>
    </Institution>
    <ProgramElement>
      <Code>7564</Code>
      <Text>COMMS, CIRCUITS &amp; SENS SYS</Text>
    </ProgramElement>
    <ProgramReference>
      <Code>090E</Code>
      <Text>Chem/Bio and Physical Diagnostics</Text>
    </ProgramReference>
    <ProgramReference>
      <Code>9102</Code>
      <Text>WOMEN, MINORITY, DISABLED, NEC</Text>
    </ProgramReference>
    <ProgramReference>
      <Code>9251</Code>
      <Text>RES EXPER FOR UNDERGRAD-SUPPLT</Text>
    </ProgramReference>
  </Award>
</rootTag>
