<?xml version="1.0" encoding="UTF-8"?>

<rootTag>
  <Award>
    <AwardTitle>Operation of the NSCL as a National User Facilty &amp; Research Program</AwardTitle>
    <AwardEffectiveDate>11/15/2011</AwardEffectiveDate>
    <AwardExpirationDate>10/31/2017</AwardExpirationDate>
    <AwardAmount>112500000</AwardAmount>
    <AwardInstrument>
      <Value>Cooperative Agreement</Value>
    </AwardInstrument>
    <Organization>
      <Code>03010000</Code>
      <Directorate>
        <LongName>Direct For Mathematical &amp; Physical Scien</LongName>
      </Directorate>
      <Division>
        <LongName>Division Of Physics</LongName>
      </Division>
    </Organization>
    <ProgramOfficer>
      <SignBlockName>Allena Opper</SignBlockName>
    </ProgramOfficer>
    <AbstractNarration>This award provides funds to operate the National Superconducting Cyclotron Laboratory (NSCL) at Michigan State University (MSU) as a national user facility, to support NSCL faculty and staff research in nuclear physics, nuclear chemistry, nuclear astrophysics, accelerator physics and instrumentation development, and to continue serving as a national user facility dedicated to the training of the next generation of scientists and diverse workforce in these disciplines. The award will allow the NSCL to continue its nationally and internationally prominent leadership role in these areas by operating as the nation's premier user facility dedicated to the production and study of rare (short-lived) isotopes.&lt;br/&gt;&lt;br/&gt;The development of new instrumentation along with new techniques and new beam capabilities form a potent combination allowing extraordinary discovery potential to be realized. The proposed physics program builds upon these strengths while creating new assets that will sustain and enhance NSCL's scientific standing. MSU was recently selected by the Department of Energy (DOE) for the next generation national Facility for Rare Isotope Beams (FRIB). These opportunities have strong overlap with the stated scientific goals of the 2007 NSAC Long Range Plan, and form a coherent trajectory towards the implementation of FRIB. &lt;br/&gt;&lt;br/&gt;The NSCL is a university-based national user facility serving a user community of more than 700 registered users from the U.S. and abroad. The NSCL plays a prominent role in the education of the next generation of scientists through a close synergy of classroom education and hands-on laboratory research throughout the entire graduate career. Approximately 60 graduate students at the NSCL have research assistantships that support their thesis research. Further, NSCL faculty and staff are strongly engaged in cross-disciplinary research, K-12 and undergraduate education, and science outreach to the general public.</AbstractNarration>
    <MinAmdLetterDate>11/16/2011</MinAmdLetterDate>
    <MaxAmdLetterDate>07/14/2016</MaxAmdLetterDate>
    <ARRAAmount/>
    <AwardID>1102511</AwardID>
    <Investigator>
      <FirstName>C. Konrad</FirstName>
      <LastName>Gelbke</LastName>
      <EmailAddress>gelbke@nscl.msu.edu</EmailAddress>
      <StartDate>11/16/2011</StartDate>
      <EndDate>05/01/2015</EndDate>
      <RoleCode>Former Principal Investigator</RoleCode>
    </Investigator>
    <Investigator>
      <FirstName>Bradley</FirstName>
      <LastName>Sherrill</LastName>
      <EmailAddress>sherrill@nscl.msu.edu</EmailAddress>
      <StartDate>07/14/2016</StartDate>
      <EndDate/>
      <RoleCode>Principal Investigator</RoleCode>
    </Investigator>
    <Investigator>
      <FirstName>Bradley</FirstName>
      <LastName>Sherrill</LastName>
      <EmailAddress>sherrill@nscl.msu.edu</EmailAddress>
      <StartDate>11/16/2011</StartDate>
      <EndDate>05/01/2015</EndDate>
      <RoleCode>Former Co-Principal Investigator</RoleCode>
    </Investigator>
    <Investigator>
      <FirstName>Michael</FirstName>
      <LastName>Thoennessen</LastName>
      <EmailAddress>thoennessen@nscl.msu.edu</EmailAddress>
      <StartDate>11/16/2011</StartDate>
      <EndDate>11/05/2013</EndDate>
      <RoleCode>Former Co-Principal Investigator</RoleCode>
    </Investigator>
    <Investigator>
      <FirstName>David</FirstName>
      <LastName>Morrissey</LastName>
      <EmailAddress>morrissey@nscl.msu.edu</EmailAddress>
      <StartDate>03/10/2015</StartDate>
      <EndDate/>
      <RoleCode>Co-Principal Investigator</RoleCode>
    </Investigator>
    <Investigator>
      <FirstName>Paul</FirstName>
      <LastName>Mantica</LastName>
      <EmailAddress>Mantica@MSU.EDU</EmailAddress>
      <StartDate>11/16/2011</StartDate>
      <EndDate>07/07/2012</EndDate>
      <RoleCode>Former Co-Principal Investigator</RoleCode>
    </Investigator>
    <Investigator>
      <FirstName>Daniela</FirstName>
      <LastName>Leitner</LastName>
      <EmailAddress>leitnerd@nscl.msu.edu</EmailAddress>
      <StartDate>07/07/2012</StartDate>
      <EndDate>03/10/2015</EndDate>
      <RoleCode>Former Co-Principal Investigator</RoleCode>
    </Investigator>
    <Investigator>
      <FirstName>Remco</FirstName>
      <LastName>Zegers</LastName>
      <EmailAddress>zegers@nscl.msu.edu</EmailAddress>
      <StartDate>07/07/2012</StartDate>
      <EndDate/>
      <RoleCode>Co-Principal Investigator</RoleCode>
    </Investigator>
    <Investigator>
      <FirstName>Artemisia</FirstName>
      <LastName>Spyrou</LastName>
      <EmailAddress>spyrou@nscl.msu.edu</EmailAddress>
      <StartDate>04/01/2015</StartDate>
      <EndDate/>
      <RoleCode>Co-Principal Investigator</RoleCode>
    </Investigator>
    <Institution>
      <Name>Michigan State University</Name>
      <CityName>East Lansing</CityName>
      <ZipCode>488242600</ZipCode>
      <PhoneNumber>5173555040</PhoneNumber>
      <StreetAddress>Office of Sponsored Programs</StreetAddress>
      <CountryName>United States</CountryName>
      <StateName>Michigan</StateName>
      <StateCode>MI</StateCode>
    </Institution>
    <ProgramElement>
      <Code>028F</Code>
      <Text>NSCL -OPERATIONS &amp; MAINTENANCE</Text>
    </ProgramElement>
  </Award>
</rootTag>
