<?xml version="1.0" encoding="UTF-8"?>

<rootTag>
  <Award>
    <AwardTitle>GOALI:Cooperative Integration of High Efficiency Multijunction Solar Cell Structures</AwardTitle>
    <AwardEffectiveDate>10/01/2011</AwardEffectiveDate>
    <AwardExpirationDate>09/30/2016</AwardExpirationDate>
    <AwardAmount>460918</AwardAmount>
    <AwardInstrument>
      <Value>Standard Grant</Value>
    </AwardInstrument>
    <Organization>
      <Code>07010000</Code>
      <Directorate>
        <LongName>Directorate For Engineering</LongName>
      </Directorate>
      <Division>
        <LongName>Div Of Electrical, Commun &amp; Cyber Sys</LongName>
      </Division>
    </Organization>
    <ProgramOfficer>
      <SignBlockName>Eyad Abed</SignBlockName>
    </ProgramOfficer>
    <AbstractNarration>The objective of this research is to develop a multijunction solar cell which has the potential to exceed the current record solar-to-electric energy conversion efficiency of 41.6%. This cell uses a tandem germanium/gallium arsenide/indium gallium phosphide structure, which is limited by the current generated in the top two cells. The approach is to integrate strained layer superlattices into both of these cells in order to reduce the bandgap. The resulting potentially significant increase in the current generated by the top and middle cells with only a small decrease in voltage, should improve the efficiency of the multijunction photovoltaic device.&lt;br/&gt;&lt;br/&gt;This work will impact the science of photovoltaic devices and strained layer superlattices. The ability to extend the optical absorption of the solar spectrum beyond that of conventional GaAs solar cells has been a long-standing problem since the demonstration of the first multijunction PV device. The proposed work will extend this absorption region while maintaining lattice matching of dissimilar materials, and thus carrier lifetimes. Strained layer superlattices have wide applicability in other applications as well, such as photodetectors and optical modulators for high frequency communications and sensing.&lt;br/&gt;&lt;br/&gt;Photovoltaic materials have the potential to provide a clean and renewable energy source. The project will train students in a number of skills used in the semiconductor industry such as growth, fabrication, characterization and device modeling. This will include the participation of undergraduate, minority students, and high school students and teachers.</AbstractNarration>
    <MinAmdLetterDate>09/23/2011</MinAmdLetterDate>
    <MaxAmdLetterDate>09/03/2015</MaxAmdLetterDate>
    <ARRAAmount/>
    <AwardID>1102060</AwardID>
    <Investigator>
      <FirstName>Kenneth</FirstName>
      <LastName>Edmonson</LastName>
      <EmailAddress/>
      <StartDate>09/23/2011</StartDate>
      <EndDate/>
      <RoleCode>Co-Principal Investigator</RoleCode>
    </Investigator>
    <Investigator>
      <FirstName>S.</FirstName>
      <LastName>Bedair</LastName>
      <EmailAddress>bedair@eos.ncsu.edu</EmailAddress>
      <StartDate>09/23/2011</StartDate>
      <EndDate/>
      <RoleCode>Principal Investigator</RoleCode>
    </Investigator>
    <Institution>
      <Name>North Carolina State University</Name>
      <CityName>RALEIGH</CityName>
      <ZipCode>276957514</ZipCode>
      <PhoneNumber>9195152444</PhoneNumber>
      <StreetAddress>CAMPUS BOX 7514</StreetAddress>
      <CountryName>United States</CountryName>
      <StateName>North Carolina</StateName>
      <StateCode>NC</StateCode>
    </Institution>
    <ProgramElement>
      <Code>1504</Code>
      <Text>GRANT OPP FOR ACAD LIA W/INDUS</Text>
    </ProgramElement>
    <ProgramElement>
      <Code>1517</Code>
      <Text>ELECT, PHOTONICS, &amp; MAG DEVICE</Text>
    </ProgramElement>
    <ProgramElement>
      <Code>7607</Code>
      <Text>ENERGY,POWER,ADAPTIVE SYS</Text>
    </ProgramElement>
    <ProgramReference>
      <Code>099E</Code>
      <Text>High voltage switching &amp; conversion</Text>
    </ProgramReference>
    <ProgramReference>
      <Code>1504</Code>
      <Text>GRANT OPP FOR ACAD LIA W/INDUS</Text>
    </ProgramReference>
    <ProgramReference>
      <Code>7423</Code>
      <Text>Energy collection &amp; storage</Text>
    </ProgramReference>
  </Award>
</rootTag>
