<?xml version="1.0" encoding="UTF-8"?>

<rootTag>
  <Award>
    <AwardTitle>All Nations Louis Stokes Alliance for Minority Participation Program (Mid-Level Alliance)</AwardTitle>
    <AwardEffectiveDate>09/01/2011</AwardEffectiveDate>
    <AwardExpirationDate>06/30/2017</AwardExpirationDate>
    <AwardAmount>3600000</AwardAmount>
    <AwardInstrument>
      <Value>Cooperative Agreement</Value>
    </AwardInstrument>
    <Organization>
      <Code>11060000</Code>
      <Directorate>
        <LongName>Direct For Education and Human Resources</LongName>
      </Directorate>
      <Division>
        <LongName>Division Of Human Resource Development</LongName>
      </Division>
    </Organization>
    <ProgramOfficer>
      <SignBlockName>Martha L. James</SignBlockName>
    </ProgramOfficer>
    <AbstractNarration>The All Nations Louis Stokes Alliance for Minority Participation (ANLSAMP) program is the only Alliance focusing on Native American (NA) undergraduate students in the science, technology, engineering, and mathematics (STEM) disciplines. The United States continues to fall short in graduating enough STEM professionals to meet this nation's growing demand, especially NA and other under-represented minorities (URM). To help address this continuing national crisis, the ANLSAMP will continue to improve and grow the pipeline for NA and other URM STEM students through its established network of collaborating partner institutions.&lt;br/&gt;Thirty-eight institutions of higher learning have again come together to continue the effort toward broadening the participation of NA and URM in STEM at the baccalaureate level. The increase in the number of STEM bachelor's degree programs at tribal colleges and universities (TCUs) is a key indicator that the NA community has a wholehearted interest in strengthening the knowledge base in STEM. The number of BS STEM degree programs at partner TCUs has increased from three to eight during the period 2005 - 2010.&lt;br/&gt;The goal of the ANLSAMP program is again to double the number of Native Americans and other under-represented minorities enrolled in STEM disciplines at partner institutions and assist them in completing a STEM BS degree. In order to achieve this goal and related supporting objectives, the ANLSAMP program has built activities through lessons learned and constructive input from it's established cohort of partner institutions. Part of what makes the ANLSAMP program unique is that over the years most the TCUs have been involved in the Alliance at some point. TCUs are spread out over a fourteen states, primarily in the upper Midwest. TCUs are targeted because more NA students are pursuing their higher education at TCUs (IPEDS, 2010). Because many TCUs lack a variety of STEM degrees, especially STEM BS programs, it is still important to have mainstream colleges and institutions within the network to transition students from the associate level to the bachelor level and beyond.&lt;br/&gt;The objectives of ANLSAMP are as follows:&lt;br/&gt;1. Increase by 100%, the enrollment of Native American students in STEM disciplines at Bachelors of Science degree-granting institutions.&lt;br/&gt;2. Increase by 100%, the number of Native American students who receive a BS in STEM.&lt;br/&gt;3. Increase by 100%, the number of ANLSAMP Scholars that transition from a two-year STEM program into a four-year STEM program.&lt;br/&gt;4. Increase by 20%, the retention of Native American students in STEM disciplines at BS degree-granting institutions.&lt;br/&gt;5. To enroll 15% of the ANLSAMP Scholar recipients in STEM graduate programs.&lt;br/&gt;The broader impact of this program reaches beyond expanding the opportunities for NA and other URM in STEM, ANLSAMP will continue to break down barriers and expand horizons for the target population of mostly rural and economically challenged NA students.&lt;br/&gt;The intellectual merit of the ANLSAMP program, through the refinement and process of continual improvement within state activities, is expected to have a transformative effect on how to incorporate proven best practices into STEM research and education.</AbstractNarration>
    <MinAmdLetterDate>09/01/2011</MinAmdLetterDate>
    <MaxAmdLetterDate>09/13/2016</MaxAmdLetterDate>
    <ARRAAmount/>
    <AwardID>1102362</AwardID>
    <Investigator>
      <FirstName>Steven</FirstName>
      <LastName>Dupuis</LastName>
      <EmailAddress>steve_dupuis@skc.edu</EmailAddress>
      <StartDate>09/01/2011</StartDate>
      <EndDate/>
      <RoleCode>Co-Principal Investigator</RoleCode>
    </Investigator>
    <Investigator>
      <FirstName>Zetra</FirstName>
      <LastName>Wheeler</LastName>
      <EmailAddress>zetra_wheeler@skc.edu</EmailAddress>
      <StartDate>09/01/2011</StartDate>
      <EndDate/>
      <RoleCode>Co-Principal Investigator</RoleCode>
    </Investigator>
    <Investigator>
      <FirstName>Luana</FirstName>
      <LastName>Ross</LastName>
      <EmailAddress>luana_ross@skc.edu</EmailAddress>
      <StartDate>09/01/2011</StartDate>
      <EndDate>06/18/2014</EndDate>
      <RoleCode>Former Principal Investigator</RoleCode>
    </Investigator>
    <Investigator>
      <FirstName>Robert</FirstName>
      <LastName>DePoe</LastName>
      <EmailAddress>robert_depoe3@skc.edu</EmailAddress>
      <StartDate>06/18/2014</StartDate>
      <EndDate>07/07/2016</EndDate>
      <RoleCode>Former Principal Investigator</RoleCode>
    </Investigator>
    <Investigator>
      <FirstName>Sandra</FirstName>
      <LastName>Boham</LastName>
      <EmailAddress>sandra_boham@skc.edu</EmailAddress>
      <StartDate>07/07/2016</StartDate>
      <EndDate/>
      <RoleCode>Principal Investigator</RoleCode>
    </Investigator>
    <Institution>
      <Name>Salish Kootenai College</Name>
      <CityName>pablo</CityName>
      <ZipCode>598550070</ZipCode>
      <PhoneNumber>4062754800</PhoneNumber>
      <StreetAddress>P O BOX 70</StreetAddress>
      <CountryName>United States</CountryName>
      <StateName>Montana</StateName>
      <StateCode>MT</StateCode>
    </Institution>
    <ProgramElement>
      <Code>1738</Code>
      <Text>ADVANCE - INSTITUTIONAL TRANSF</Text>
    </ProgramElement>
    <ProgramElement>
      <Code>7345</Code>
      <Text>PRES AWARDS FOR EXCEL IN SCIEN</Text>
    </ProgramElement>
    <ProgramElement>
      <Code>9133</Code>
      <Text>ALLIANCES-MINORITY PARTICIPAT.</Text>
    </ProgramElement>
    <ProgramElement>
      <Code>9150</Code>
      <Text>EXP PROG TO STIM COMP RES</Text>
    </ProgramElement>
    <ProgramReference>
      <Code>9150</Code>
      <Text>EXP PROG TO STIM COMP RES</Text>
    </ProgramReference>
    <ProgramReference>
      <Code>9178</Code>
      <Text>UNDERGRADUATE EDUCATION</Text>
    </ProgramReference>
  </Award>
</rootTag>
