<?xml version="1.0" encoding="UTF-8"?>

<rootTag>
  <Award>
    <AwardTitle>Oceanographic Instrumentation - 2002</AwardTitle>
    <AwardEffectiveDate>03/15/2002</AwardEffectiveDate>
    <AwardExpirationDate>02/29/2004</AwardExpirationDate>
    <AwardAmount>91720</AwardAmount>
    <AwardInstrument>
      <Value>Standard Grant</Value>
    </AwardInstrument>
    <Organization>
      <Code>06040101</Code>
      <Directorate>
        <LongName>Directorate For Geosciences</LongName>
      </Directorate>
      <Division>
        <LongName>Division Of Ocean Sciences</LongName>
      </Division>
    </Organization>
    <ProgramOfficer>
      <SignBlockName>Alexander Shor</SignBlockName>
    </ProgramOfficer>
    <AbstractNarration>0200976&lt;br/&gt;Deering&lt;br/&gt;This award to University of Delaware provides instrumentation to update and expand the oceanographic research capabilities of the research vessel Cape Henlopen, a ship operated by the University's College of Marine Studies as part of the University-National Oceanographic Laboratory System (UNOLS) research fleet. New water sampling bottles, Carousel sampler and serial data uplink systems will be used to enhance existing CTD (conductivity-temperature-depth) instrumentation. The new acoustic current profiler will provide optimum resolution for shallow operations, especially work in and around Chesapeake Bay. The new acoustic transponder system will provide improved capabilities for locating instruments on the bottom, either for detailed navigation or recovery if lost. These shared-use systems will be of substantial advantage to marine scientists using the ship in their research during 2002 and future years.&lt;br/&gt;***</AbstractNarration>
    <MinAmdLetterDate>03/12/2002</MinAmdLetterDate>
    <MaxAmdLetterDate>10/17/2002</MaxAmdLetterDate>
    <ARRAAmount/>
    <AwardID>0200976</AwardID>
    <Investigator>
      <FirstName>Timothy</FirstName>
      <LastName>Deering</LastName>
      <EmailAddress>deering@udel.edu</EmailAddress>
      <StartDate>03/12/2002</StartDate>
      <EndDate/>
      <RoleCode>Principal Investigator</RoleCode>
    </Investigator>
    <Institution>
      <Name>University of Delaware</Name>
      <CityName>Newark</CityName>
      <ZipCode>197162553</ZipCode>
      <PhoneNumber>3028312136</PhoneNumber>
      <StreetAddress>210 Hullihen Hall</StreetAddress>
      <CountryName>United States</CountryName>
      <StateName>Delaware</StateName>
      <StateCode>DE</StateCode>
    </Institution>
    <FoaInformation>
      <Code>0204000</Code>
      <Name>Oceanography</Name>
    </FoaInformation>
  </Award>
</rootTag>
