<?xml version="1.0" encoding="UTF-8"?>

<rootTag>
  <Award>
    <AwardTitle>Modernization and its Discontents: Socioeconomic and Biological Influences on Quality of Life</AwardTitle>
    <AwardEffectiveDate>07/01/2002</AwardEffectiveDate>
    <AwardExpirationDate>12/31/2003</AwardExpirationDate>
    <AwardAmount>25200</AwardAmount>
    <AwardInstrument>
      <Value>Standard Grant</Value>
    </AwardInstrument>
    <Organization>
      <Code>04040400</Code>
      <Directorate>
        <LongName>Direct For Social, Behav &amp; Economic Scie</LongName>
      </Directorate>
      <Division>
        <LongName>Division Of Behavioral and Cognitive Sci</LongName>
      </Division>
    </Organization>
    <ProgramOfficer>
      <SignBlockName>Stuart Plattner</SignBlockName>
    </ProgramOfficer>
    <AbstractNarration>0200767&lt;br/&gt;Leonard, Godoy, McDade&lt;br/&gt; This pilot research by three anthropologists will study subjective and objective quality-of-life in an indigenous population of lowland Bolivia (the Tsimane') undergoing rapid lifestyle change. The researchers will develop and field-test new measures of quality-of-life in order to ultimately test hypotheses about the effects of economic development. They intend to collect primary information from a sample of people; to collect repeated observations from the same people and communities to control for fixed attributes; and to evaluate a broad range of explanatory variables relating to economic success, nutritional status, and stress. &lt;br/&gt;This research will be significant in its theoretical advance in estimating how inequalities affect quality of life. It will advance the methodology of eliciting information from people about their subjective state of happiness, and in its broader aspects, will contribute to a more informed discussion and a new way of thinking about he degree to which economic development, integration to a market economy, trade opening or globalization hurts or helps traditional people.</AbstractNarration>
    <MinAmdLetterDate>05/02/2002</MinAmdLetterDate>
    <MaxAmdLetterDate>05/02/2002</MaxAmdLetterDate>
    <ARRAAmount/>
    <AwardID>0200767</AwardID>
    <Investigator>
      <FirstName>William</FirstName>
      <LastName>Leonard</LastName>
      <EmailAddress>w-leonard1@northwestern.edu</EmailAddress>
      <StartDate>05/02/2002</StartDate>
      <EndDate/>
      <RoleCode>Principal Investigator</RoleCode>
    </Investigator>
    <Investigator>
      <FirstName>Thomas</FirstName>
      <LastName>McDade</LastName>
      <EmailAddress>t-mcdade@northwestern.edu</EmailAddress>
      <StartDate>05/02/2002</StartDate>
      <EndDate/>
      <RoleCode>Co-Principal Investigator</RoleCode>
    </Investigator>
    <Investigator>
      <FirstName>Ricardo</FirstName>
      <LastName>Godoy</LastName>
      <EmailAddress>rgodoy@brandeis.edu</EmailAddress>
      <StartDate>05/02/2002</StartDate>
      <EndDate/>
      <RoleCode>Co-Principal Investigator</RoleCode>
    </Investigator>
    <Institution>
      <Name>Northwestern University</Name>
      <CityName>Evanston</CityName>
      <ZipCode>602013149</ZipCode>
      <PhoneNumber>8474913003</PhoneNumber>
      <StreetAddress>1801 Maple Ave.</StreetAddress>
      <CountryName>United States</CountryName>
      <StateName>Illinois</StateName>
      <StateCode>IL</StateCode>
    </Institution>
    <FoaInformation>
      <Code>0116000</Code>
      <Name>Human Subjects</Name>
    </FoaInformation>
  </Award>
</rootTag>
