<?xml version="1.0" encoding="UTF-8"?>

<rootTag>
  <Award>
    <AwardTitle>Gravitational Wave Data Analysis and Phenomenology</AwardTitle>
    <AwardEffectiveDate>08/01/2002</AwardEffectiveDate>
    <AwardExpirationDate>07/31/2007</AwardExpirationDate>
    <AwardAmount>2300000</AwardAmount>
    <AwardInstrument>
      <Value>Continuing grant</Value>
    </AwardInstrument>
    <Organization>
      <Code>03010700</Code>
      <Directorate>
        <LongName>Direct For Mathematical &amp; Physical Scien</LongName>
      </Directorate>
      <Division>
        <LongName>Division Of Physics</LongName>
      </Division>
    </Organization>
    <ProgramOfficer>
      <SignBlockName>Beverly K. Berger</SignBlockName>
    </ProgramOfficer>
    <AbstractNarration>This grant supports the development of gravitational wave source modeling and signal processing techniques, and the implementation of a data analysis system designed to detect gravitational radiation using the Laser Interferometric Gravitational-wave Observatory (LIGO). The award also supports the analysis of LIGO data using both the LIGO Data Analysis System (LDAS) and the Grid Physics Network (GriPhyN) in an effort to detect the four principal categories of sources: gravitational-wave stochastic background, unmodeled burst sources, inspiral signals from binary neutron stars and black holes, and slowly modulated sinusoidal signals expected from rapidly rotating neutron stars.&lt;br/&gt;&lt;br/&gt;LIGO is an ambitious project to detect gravitational waves from astrophysical sources, which were predicted by Einstein almost a century ago but have not yet been directly observed. This work will make a significant contribution to the overall success of the LIGO project, and may ultimately lead to the first detection of gravitational waves. This award also supports research into the nature of highly energetic astrophysical sources of gravitational radiation which will provide valuable insight into the nature of Einstein's theory of gravity and will open a new field of astronomical observation.</AbstractNarration>
    <MinAmdLetterDate>07/19/2002</MinAmdLetterDate>
    <MaxAmdLetterDate>11/30/2006</MaxAmdLetterDate>
    <ARRAAmount/>
    <AwardID>0200852</AwardID>
    <Investigator>
      <FirstName>Alan</FirstName>
      <LastName>Wiseman</LastName>
      <EmailAddress>agw@gravity.phys.uwm.edu</EmailAddress>
      <StartDate>11/30/2006</StartDate>
      <EndDate/>
      <RoleCode>Principal Investigator</RoleCode>
    </Investigator>
    <Investigator>
      <FirstName>Alan</FirstName>
      <LastName>Wiseman</LastName>
      <EmailAddress>agw@gravity.phys.uwm.edu</EmailAddress>
      <StartDate>07/19/2002</StartDate>
      <EndDate>11/30/2006</EndDate>
      <RoleCode>Former Co-Principal Investigator</RoleCode>
    </Investigator>
    <Investigator>
      <FirstName>Bruce</FirstName>
      <LastName>Allen</LastName>
      <EmailAddress>ballen@gravity.phys.uwm.edu</EmailAddress>
      <StartDate>11/30/2006</StartDate>
      <EndDate/>
      <RoleCode>Co-Principal Investigator</RoleCode>
    </Investigator>
    <Investigator>
      <FirstName>Jolien</FirstName>
      <LastName>Creighton</LastName>
      <EmailAddress>jolien@gravity.phys.uwm.edu</EmailAddress>
      <StartDate>07/19/2002</StartDate>
      <EndDate/>
      <RoleCode>Co-Principal Investigator</RoleCode>
    </Investigator>
    <Investigator>
      <FirstName>Patrick</FirstName>
      <LastName>Brady</LastName>
      <EmailAddress>patrick@gravity.phys.uwm.edu</EmailAddress>
      <StartDate>07/19/2002</StartDate>
      <EndDate/>
      <RoleCode>Co-Principal Investigator</RoleCode>
    </Investigator>
    <Investigator>
      <FirstName>Bruce</FirstName>
      <LastName>Allen</LastName>
      <EmailAddress>ballen@gravity.phys.uwm.edu</EmailAddress>
      <StartDate>07/19/2002</StartDate>
      <EndDate>11/30/2006</EndDate>
      <RoleCode>Former Principal Investigator</RoleCode>
    </Investigator>
    <Institution>
      <Name>University of Wisconsin-Milwaukee</Name>
      <CityName>Milwaukee</CityName>
      <ZipCode>532010340</ZipCode>
      <PhoneNumber>4142294853</PhoneNumber>
      <StreetAddress>P O BOX 340</StreetAddress>
      <CountryName>United States</CountryName>
      <StateName>Wisconsin</StateName>
      <StateCode>WI</StateCode>
    </Institution>
    <FoaInformation>
      <Code>0000099</Code>
      <Name>Other Applications NEC</Name>
    </FoaInformation>
    <ProgramElement>
      <Code>1252</Code>
      <Text>LIGO RESEARCH SUPPORT</Text>
    </ProgramElement>
    <ProgramReference>
      <Code>0000</Code>
      <Text>UNASSIGNED</Text>
    </ProgramReference>
    <ProgramReference>
      <Code>1652</Code>
      <Text>HIGH END COMPUTATION AND INFRASTRUCTURE</Text>
    </ProgramReference>
    <ProgramReference>
      <Code>1656</Code>
      <Text>LARGE SCALE NETWORKING</Text>
    </ProgramReference>
    <ProgramReference>
      <Code>OTHR</Code>
      <Text>OTHER RESEARCH OR EDUCATION</Text>
    </ProgramReference>
  </Award>
</rootTag>
