<?xml version="1.0" encoding="UTF-8"?>

<rootTag>
  <Award>
    <AwardTitle>Oceanographic Instrumentation</AwardTitle>
    <AwardEffectiveDate>04/15/2002</AwardEffectiveDate>
    <AwardExpirationDate>03/31/2003</AwardExpirationDate>
    <AwardAmount>91800</AwardAmount>
    <AwardInstrument>
      <Value>Standard Grant</Value>
    </AwardInstrument>
    <Organization>
      <Code>06040101</Code>
      <Directorate>
        <LongName>Directorate For Geosciences</LongName>
      </Directorate>
      <Division>
        <LongName>Division Of Ocean Sciences</LongName>
      </Division>
    </Organization>
    <ProgramOfficer>
      <SignBlockName>Alexander Shor</SignBlockName>
    </ProgramOfficer>
    <AbstractNarration>0200836&lt;br/&gt;Rabalais&lt;br/&gt;This award to Louisiana Universities Marine Consortium provides instrumentation to update and expand the oceanographic research capabilities of the research vessel Pelican, a ship operated by LUMCON as part of the University-National Oceanographic Laboratory System (UNOLS) research fleet. The present award supports acquisition and commissioning of a new, 75 kHz acoustic current profiler with phased array technology. It will significantly extend the depth to which profiles of ocean current velocity can be collected during vessel operations. These improvements will be of substantial advantage to marine scientists using the ship in their research during 2002 and future years.&lt;br/&gt;***</AbstractNarration>
    <MinAmdLetterDate>04/01/2002</MinAmdLetterDate>
    <MaxAmdLetterDate>04/01/2002</MaxAmdLetterDate>
    <ARRAAmount/>
    <AwardID>0200836</AwardID>
    <Investigator>
      <FirstName>Steven</FirstName>
      <LastName>Rabalais</LastName>
      <EmailAddress>srabalais@lumcon.edu</EmailAddress>
      <StartDate>04/01/2002</StartDate>
      <EndDate/>
      <RoleCode>Principal Investigator</RoleCode>
    </Investigator>
    <Institution>
      <Name>Louisiana Universities Marine Corsortium</Name>
      <CityName>Chauvin</CityName>
      <ZipCode>703442110</ZipCode>
      <PhoneNumber>5048512800</PhoneNumber>
      <StreetAddress>8124 Hwy 56</StreetAddress>
      <CountryName>United States</CountryName>
      <StateName>Louisiana</StateName>
      <StateCode>LA</StateCode>
    </Institution>
    <FoaInformation>
      <Code>0204000</Code>
      <Name>Oceanography</Name>
    </FoaInformation>
    <ProgramElement>
      <Code>5413</Code>
      <Text>OCEANOGRAPHIC INSTRUMENTATION</Text>
    </ProgramElement>
    <ProgramReference>
      <Code>0000</Code>
      <Text>UNASSIGNED</Text>
    </ProgramReference>
    <ProgramReference>
      <Code>9150</Code>
      <Text>EXP PROG TO STIM COMP RES</Text>
    </ProgramReference>
    <ProgramReference>
      <Code>OTHR</Code>
      <Text>OTHER RESEARCH OR EDUCATION</Text>
    </ProgramReference>
  </Award>
</rootTag>
