<?xml version="1.0" encoding="UTF-8"?>

<rootTag>
  <Award>
    <AwardTitle>Updating for Model-Based Simulation</AwardTitle>
    <AwardEffectiveDate>09/01/2002</AwardEffectiveDate>
    <AwardExpirationDate>08/31/2006</AwardExpirationDate>
    <AwardAmount>241000</AwardAmount>
    <AwardInstrument>
      <Value>Continuing grant</Value>
    </AwardInstrument>
    <Organization>
      <Code>07030000</Code>
      <Directorate>
        <LongName>Directorate For Engineering</LongName>
      </Directorate>
      <Division>
        <LongName>Div Of Civil, Mechanical, &amp; Manufact Inn</LongName>
      </Division>
    </Organization>
    <ProgramOfficer>
      <SignBlockName>Eduardo A. Misawa</SignBlockName>
    </ProgramOfficer>
    <AbstractNarration>Daniel J. Inman&lt;br/&gt;Virginia Tech&lt;br/&gt;Proposal Number: 0200019&lt;br/&gt;Proposal Title "Updating for Model-Based Simulation" &lt;br/&gt;&lt;br/&gt;Project Abstract &lt;br/&gt;&lt;br/&gt;The general aim of the research is to develop improved methods of model updating for normal and damped flexible structures. The improvement is expected to be in the algorithms themselves, in the numerical schemes that will realize them, and in tools for evaluating the outcome of the updating method. Specific issues that will be investigated are:&lt;br/&gt; Obtaining a physically meaningful updated model using reference basis model method.&lt;br/&gt; Mode shape correction and order matching.&lt;br/&gt; Deterministic and stochastic sensitivity analysis.&lt;br/&gt; Robust updating and reliability issues.&lt;br/&gt; Method validation and improvement by experiment.&lt;br/&gt;The intellectual contribution is twofold. From a theoretical point of view such modification of the reference basis method has a clear scientific merit. Secondly, each one of the indicated issues corresponds to a genuine practical problem facing industries seeking model-based simulation. Solution of these will lead to better modeling and understanding of vibrating systems. To be more specific, it is our belief that the parametric reference basis method is a very promising approach to model updating and with the appropriate tuning it will perform better than any other method.&lt;br/&gt;&lt;br/&gt;The proposed effort is expected to impact industry by providing algorithms to provide accurate simulation models, a long-standing problem of importance. Secondly, the proposed effort will improve graduate training of underrepresented groups, involve undergraduates in research and promote the pursuit of academic careers.</AbstractNarration>
    <MinAmdLetterDate>09/12/2002</MinAmdLetterDate>
    <MaxAmdLetterDate>09/29/2005</MaxAmdLetterDate>
    <ARRAAmount/>
    <AwardID>0200019</AwardID>
    <Investigator>
      <FirstName>Daniel</FirstName>
      <LastName>Inman</LastName>
      <EmailAddress>daninman@umich.edu</EmailAddress>
      <StartDate>09/12/2002</StartDate>
      <EndDate/>
      <RoleCode>Principal Investigator</RoleCode>
    </Investigator>
    <Institution>
      <Name>Virginia Polytechnic Institute and State University</Name>
      <CityName>BLACKSBURG</CityName>
      <ZipCode>240610001</ZipCode>
      <PhoneNumber>5402315281</PhoneNumber>
      <StreetAddress>Sponsored Programs 0170</StreetAddress>
      <CountryName>United States</CountryName>
      <StateName>Virginia</StateName>
      <StateCode>VA</StateCode>
    </Institution>
    <FoaInformation>
      <Code>0308000</Code>
      <Name>Industrial Technology</Name>
    </FoaInformation>
    <ProgramElement>
      <Code>1632</Code>
      <Text>CONTROL SYSTEMS</Text>
    </ProgramElement>
    <ProgramReference>
      <Code>1039</Code>
      <Text>RENEWAL ENGINEERING</Text>
    </ProgramReference>
    <ProgramReference>
      <Code>1057</Code>
      <Text>CIS BASE RESEARCH</Text>
    </ProgramReference>
    <ProgramReference>
      <Code>9231</Code>
      <Text>SUPPL FOR UNDERGRAD RES ASSIST</Text>
    </ProgramReference>
    <ProgramReference>
      <Code>9251</Code>
      <Text>RES EXPER FOR UNDERGRAD-SUPPLT</Text>
    </ProgramReference>
    <ProgramReference>
      <Code>CVIS</Code>
      <Text>CIVIL INFRASTRUCTURE</Text>
    </ProgramReference>
  </Award>
</rootTag>
