<?xml version="1.0" encoding="UTF-8"?>

<rootTag>
  <Award>
    <AwardTitle>Collaborative Research: Full Size Experiments and Centrifuge Physical Models of Pile Foundations Subjected to Lateral Spreading: Comparative Study and Engineering Interpretation</AwardTitle>
    <AwardEffectiveDate>08/01/2002</AwardEffectiveDate>
    <AwardExpirationDate>07/31/2005</AwardExpirationDate>
    <AwardAmount>220000</AwardAmount>
    <AwardInstrument>
      <Value>Standard Grant</Value>
    </AwardInstrument>
    <Organization>
      <Code>07030000</Code>
      <Directorate>
        <LongName>Directorate For Engineering</LongName>
      </Directorate>
      <Division>
        <LongName>Div Of Civil, Mechanical, &amp; Manufact Inn</LongName>
      </Division>
    </Organization>
    <ProgramOfficer>
      <SignBlockName>Douglas A. Foutch</SignBlockName>
    </ProgramOfficer>
    <AbstractNarration>This research effort aims to study experimentally the effect of earthquake-induced lateral spreading due to liquefaction on pile foundations, both in full size and centrifuge model conditions. Comparable tests of instrumented single piles and pile groups embedded in 1-and 2-layer soil profiles will be conducted in slightly inclined laminar boxes subjected to base shaking at three facilities: 1) The 100g-ton geotechnical centrifuge, laminar box and in-flight shaker at RPI, 2) The 6m high laminar box and 1g shaking table at NIED, Japan (largest laminar box in the world), and 3) the 1.9m high laminar box and 1g shaking table at UCSD (largest laminar box in the US). Taking advantage of the successful experience at RPI in this kind of testing, this research constitutes the first opportunity for direct comparison of results in controlled experimental environments between centrifuge and full sized tests to be conducted at NIED. Additionally, centrifuge and full size NIED results will be used to validate the medium-size experiments to be performed using the UCSD shaking table and laminar box. Advanced data analysis techniques-including system identification and visualizations-will be used to process and compare the results from the three facilities, with engineering interpretations and computer simulations.</AbstractNarration>
    <MinAmdLetterDate>08/05/2002</MinAmdLetterDate>
    <MaxAmdLetterDate>08/05/2002</MaxAmdLetterDate>
    <ARRAAmount/>
    <AwardID>0200510</AwardID>
    <Investigator>
      <FirstName>Jorge</FirstName>
      <LastName>Meneses-Loja</LastName>
      <EmailAddress>jfmenese@ucsd.edu</EmailAddress>
      <StartDate>08/05/2002</StartDate>
      <EndDate/>
      <RoleCode>Co-Principal Investigator</RoleCode>
    </Investigator>
    <Investigator>
      <FirstName>Ahmed</FirstName>
      <LastName>Elgamal</LastName>
      <EmailAddress>elgamal@ucsd.edu</EmailAddress>
      <StartDate>08/05/2002</StartDate>
      <EndDate/>
      <RoleCode>Principal Investigator</RoleCode>
    </Investigator>
    <Institution>
      <Name>University of California-San Diego</Name>
      <CityName>La Jolla</CityName>
      <ZipCode>920930934</ZipCode>
      <PhoneNumber>8585344896</PhoneNumber>
      <StreetAddress>Office of Contract &amp; Grant Admin</StreetAddress>
      <CountryName>United States</CountryName>
      <StateName>California</StateName>
      <StateCode>CA</StateCode>
    </Institution>
    <ProgramElement>
      <Code>1636</Code>
      <Text>Geotechnical Engineering and M</Text>
    </ProgramElement>
    <ProgramElement>
      <Code>5978</Code>
      <Text>EAST ASIA AND PACIFIC PROGRAM</Text>
    </ProgramElement>
    <ProgramReference>
      <Code>1057</Code>
      <Text>CIS BASE RESEARCH</Text>
    </ProgramReference>
    <ProgramReference>
      <Code>1576</Code>
      <Text>NATIONL EARTHQK HZRD REDCT PRG</Text>
    </ProgramReference>
    <ProgramReference>
      <Code>5921</Code>
      <Text>JAPAN</Text>
    </ProgramReference>
    <ProgramReference>
      <Code>CVIS</Code>
      <Text>CIVIL INFRASTRUCTURE</Text>
    </ProgramReference>
  </Award>
</rootTag>
