<?xml version="1.0" encoding="UTF-8"?>

<rootTag>
  <Award>
    <AwardTitle>New Avenues of TMM Diradical Chemistry</AwardTitle>
    <AwardEffectiveDate>08/15/2002</AwardEffectiveDate>
    <AwardExpirationDate>07/31/2005</AwardExpirationDate>
    <AwardAmount>404402</AwardAmount>
    <AwardInstrument>
      <Value>Continuing grant</Value>
    </AwardInstrument>
    <Organization>
      <Code>03090003</Code>
      <Directorate>
        <LongName>Direct For Mathematical &amp; Physical Scien</LongName>
      </Directorate>
      <Division>
        <LongName>Division Of Chemistry</LongName>
      </Division>
    </Organization>
    <ProgramOfficer>
      <SignBlockName>Kenneth M. Doxsee</SignBlockName>
    </ProgramOfficer>
    <AbstractNarration>With the support of the Organic and Macromolecular Chemistry Program, Professor R. Daniel Little, of the Department of Chemistry and Biochemistry at the University of California, Santa Barbara, is studying the reaction chemistry of trimethylenemethane diradicals and 1,3-diyl radical cations. Using diazenes as diradical precursors, Professor Little is exploring the factors responsible for selective formation of 8-membered ring carbocyclic compounds or their 6-membered ring isomers, as well as oxygen- and nitrogen-containing heterocyclic analogs. Symmetrical and unsymmetrical 1,3-diyl radical cations are the subjects of studies relating to the assembly of 7- and 8-membered ring compounds as well as mechanistic analyses of cation radical equilibration and recoil accompanying loss of nitrogen from diazenes.&lt;br/&gt;&lt;br/&gt;Many organic compounds which display interesting chemical or biological activity contain 7- or 8-membered rings of atoms. The development of efficient techniques for the synthesis of such cyclic compounds remains of great interest, particularly in light of the generally greater stability of smaller-ring (5- and 6-membered) compounds. Professor R. Daniel Little, of the Department of Chemistry and Biochemistry at the University of California, Santa Barbara, is developing new reactions allowing the selective synthesis of 7- and 8-membered ring compounds and studying the factors responsible for the selectivity of these reactions.</AbstractNarration>
    <MinAmdLetterDate>08/08/2002</MinAmdLetterDate>
    <MaxAmdLetterDate>06/29/2004</MaxAmdLetterDate>
    <ARRAAmount/>
    <AwardID>0200855</AwardID>
    <Investigator>
      <FirstName>R. Daniel</FirstName>
      <LastName>Little</LastName>
      <EmailAddress>little@chem.ucsb.edu</EmailAddress>
      <StartDate>08/08/2002</StartDate>
      <EndDate/>
      <RoleCode>Principal Investigator</RoleCode>
    </Investigator>
    <Institution>
      <Name>University of California-Santa Barbara</Name>
      <CityName>Santa Barbara</CityName>
      <ZipCode>931062050</ZipCode>
      <PhoneNumber>8058934188</PhoneNumber>
      <StreetAddress>Office of Research</StreetAddress>
      <CountryName>United States</CountryName>
      <StateName>California</StateName>
      <StateCode>CA</StateCode>
    </Institution>
    <FoaInformation>
      <Code>0510603</Code>
      <Name>Synthetic Organic Chemistry</Name>
    </FoaInformation>
    <ProgramElement>
      <Code>1948</Code>
      <Text>SYNTHESIS</Text>
    </ProgramElement>
    <ProgramElement>
      <Code>1950</Code>
      <Text>METHODOLOGY</Text>
    </ProgramElement>
    <ProgramReference>
      <Code>0000</Code>
      <Text>UNASSIGNED</Text>
    </ProgramReference>
    <ProgramReference>
      <Code>OTHR</Code>
      <Text>OTHER RESEARCH OR EDUCATION</Text>
    </ProgramReference>
  </Award>
</rootTag>
