<?xml version="1.0" encoding="UTF-8"?>

<rootTag>
  <Award>
    <AwardTitle>U.S.-U.K. Cooperative Research: High Resolution Spectroscopy of Free Radicals Using Laser Magnetic Resonance</AwardTitle>
    <AwardEffectiveDate>06/01/2002</AwardEffectiveDate>
    <AwardExpirationDate>08/31/2006</AwardExpirationDate>
    <AwardAmount>17400</AwardAmount>
    <AwardInstrument>
      <Value>Standard Grant</Value>
    </AwardInstrument>
    <Organization>
      <Code>01090000</Code>
      <Directorate>
        <LongName>Office Of The Director</LongName>
      </Directorate>
      <Division>
        <LongName>Office Of Internatl Science &amp;Engineering</LongName>
      </Division>
    </Organization>
    <ProgramOfficer>
      <SignBlockName>Cassandra M. Dudka</SignBlockName>
    </ProgramOfficer>
    <AbstractNarration>0200746&lt;br/&gt;Jackson&lt;br/&gt;&lt;br/&gt;This three-year award for US-UK cooperative research in physical experimental chemistry involves Michael Jackson and students at Unviersity of Wisconsin La Crosse and John M. Brown at Oxford University's Physical and Theoretical Chemistry Laboratory. The objective is to perform high-resolution spectroscopy in the far-infrared region using laser magnetic resonance (LMR). LMR is a technique for the detection of transient species in the gas phase and the study of their rotational or vibrational-rotational spectra. The researchers propose to investigate several important molecular species, including chlorine monoxide, which is found in the upper atmosphere, and the super oxide anion radical, which is one of the most important biological free radicals and a major factor in the aging process, auto-immune diseases and tissue rejection. They will examine these species at high sensitivity from the visible to microwave regions.&lt;br/&gt;&lt;br/&gt;The US investigator brings to this project expertise in LMR studies in the far-infrared region. This is complemented by British expertise in geometrical and electronic structures of small unstable molecules (free radicals). The study will advance understanding of the structure and behavior of free radicals of interest to the fields of atmospheric chemistry, astronomy, biology and biomedical research. Students from a predominantly undergraduate teaching institution will gain international experience and benefit from training in LMR spectrometer system and studies of free radicals using LMR experimental techniques.</AbstractNarration>
    <MinAmdLetterDate>04/19/2002</MinAmdLetterDate>
    <MaxAmdLetterDate>12/20/2005</MaxAmdLetterDate>
    <ARRAAmount/>
    <AwardID>0200746</AwardID>
    <Investigator>
      <FirstName>Michael</FirstName>
      <LastName>Jackson</LastName>
      <EmailAddress>mjackson@millersville.edu</EmailAddress>
      <StartDate>04/19/2002</StartDate>
      <EndDate/>
      <RoleCode>Principal Investigator</RoleCode>
    </Investigator>
    <Institution>
      <Name>University of Wisconsin-La Crosse</Name>
      <CityName>La Crosse</CityName>
      <ZipCode>546013742</ZipCode>
      <PhoneNumber>6087858007</PhoneNumber>
      <StreetAddress>1725 State Street</StreetAddress>
      <CountryName>United States</CountryName>
      <StateName>Wisconsin</StateName>
      <StateCode>WI</StateCode>
    </Institution>
    <FoaInformation>
      <Code>0203000</Code>
      <Name>Health</Name>
    </FoaInformation>
    <FoaInformation>
      <Code>0205000</Code>
      <Name>Space</Name>
    </FoaInformation>
    <ProgramElement>
      <Code>5980</Code>
      <Text>WESTERN EUROPE PROGRAM</Text>
    </ProgramElement>
    <ProgramReference>
      <Code>0000</Code>
      <Text>UNASSIGNED</Text>
    </ProgramReference>
    <ProgramReference>
      <Code>5946</Code>
      <Text>UNITED KINGDOM</Text>
    </ProgramReference>
    <ProgramReference>
      <Code>OTHR</Code>
      <Text>OTHER RESEARCH OR EDUCATION</Text>
    </ProgramReference>
  </Award>
</rootTag>
