<?xml version="1.0" encoding="UTF-8"?>

<rootTag>
  <Award>
    <AwardTitle>Polymer Engineering Center at University of Wisconsin-Madison</AwardTitle>
    <AwardEffectiveDate>05/01/2002</AwardEffectiveDate>
    <AwardExpirationDate>04/30/2003</AwardExpirationDate>
    <AwardAmount>10000</AwardAmount>
    <AwardInstrument>
      <Value>Standard Grant</Value>
    </AwardInstrument>
    <Organization>
      <Code>07070000</Code>
      <Directorate>
        <LongName>Directorate For Engineering</LongName>
      </Directorate>
      <Division>
        <LongName>Div Of Industrial Innovation &amp; Partnersh</LongName>
      </Division>
    </Organization>
    <ProgramOfficer>
      <SignBlockName>alexander schwarzkopf</SignBlockName>
    </ProgramOfficer>
    <AbstractNarration>This planning grant is the first step toward the setting up a multi-institutional Polymer Engineering Center (PEC) of the Center for Advanced Polymer and Composite Engineering (CAPCE) at the Ohio State University (OSU). This proposed multi-institutional I/UCRC is a university-industry-government collaborative initiative to create, integrate, transfer, and apply knowledge of polymer engineering and processing. It is aimed at enhancing the competitiveness and effectiveness of companies involved in design and manufacturing of plastic components or production of manufacturing and sensing equipment related to the plastics industry. The Engineering Polymer Industrial Consortium (EPIC) at the University of Wisconsin-Madison provides a formal means for the PEC faculty and its industrial collaborators to jointly set up a research agenda, share expertise and resources, validate research outcome, educate a preeminent workforce, and facilitate two-way transfer of technology.</AbstractNarration>
    <MinAmdLetterDate>01/16/2002</MinAmdLetterDate>
    <MaxAmdLetterDate>01/16/2002</MaxAmdLetterDate>
    <ARRAAmount/>
    <AwardID>0200076</AwardID>
    <Investigator>
      <FirstName>Tim</FirstName>
      <LastName>Osswald</LastName>
      <EmailAddress>tosswald@wisc.edu</EmailAddress>
      <StartDate>01/16/2002</StartDate>
      <EndDate/>
      <RoleCode>Principal Investigator</RoleCode>
    </Investigator>
    <Investigator>
      <FirstName>Lih-Sheng</FirstName>
      <LastName>Turng</LastName>
      <EmailAddress>turng@engr.wisc.edu</EmailAddress>
      <StartDate>01/16/2002</StartDate>
      <EndDate/>
      <RoleCode>Co-Principal Investigator</RoleCode>
    </Investigator>
    <Institution>
      <Name>University of Wisconsin-Madison</Name>
      <CityName>MADISON</CityName>
      <ZipCode>537151218</ZipCode>
      <PhoneNumber>6082623822</PhoneNumber>
      <StreetAddress>21 North Park Street</StreetAddress>
      <CountryName>United States</CountryName>
      <StateName>Wisconsin</StateName>
      <StateCode>WI</StateCode>
    </Institution>
    <ProgramElement>
      <Code>5761</Code>
      <Text>INDUSTRY/UNIV COOP RES CENTERS</Text>
    </ProgramElement>
    <ProgramReference>
      <Code>0000</Code>
      <Text>UNASSIGNED</Text>
    </ProgramReference>
    <ProgramReference>
      <Code>OTHR</Code>
      <Text>OTHER RESEARCH OR EDUCATION</Text>
    </ProgramReference>
  </Award>
</rootTag>
