<?xml version="1.0" encoding="UTF-8"?>

<rootTag>
  <Award>
    <AwardTitle>Meso-Scale Plasticity and Deformation Processing</AwardTitle>
    <AwardEffectiveDate>04/01/2003</AwardEffectiveDate>
    <AwardExpirationDate>03/31/2010</AwardExpirationDate>
    <AwardAmount>391113</AwardAmount>
    <AwardInstrument>
      <Value>Continuing grant</Value>
    </AwardInstrument>
    <Organization>
      <Code>07030000</Code>
      <Directorate>
        <LongName>Directorate For Engineering</LongName>
      </Directorate>
      <Division>
        <LongName>Div Of Civil, Mechanical, &amp; Manufact Inn</LongName>
      </Division>
    </Organization>
    <ProgramOfficer>
      <SignBlockName>Glaucio H. Paulino</SignBlockName>
    </ProgramOfficer>
    <AbstractNarration>Meso-Scale Plasticity and Deformation Processing&lt;br/&gt;&lt;br/&gt;Henry T. Y. Yang, University of California, Santa Barbara, CA&lt;br/&gt;Srinivasan Chandrasekar, Purdue University, West Lafayette, IN&lt;br/&gt;&lt;br/&gt;A recently 'discovered' phenomenon with important consequences for plastic deformation at the meso-scale (0.1-10 mm) is strain gradient plasticity, which refers to the collective effects of strain gradient on flow behavior of materials. The discovery of strain gradient plasticity has its origins in measurements, which show that materials display strong size effects in their mechanical response when the characteristic length scale associated with non-uniform plastic deformation is small. Two novel techniques are explored for estimating the flow stress-strain curves of metals and alloys in the presence of strain gradients. The first of these involves simulation and measurement of meso-scale indentation to study the variation of hardness with indenter apical angle. A unique aspect of this approach is the use of cone indenters with different apical angles to impose a wide, but controlled, range of strains and strain gradients in a solid. The second technique involves a study of material response in quasi-static, meso-scale machining where strain gradients are even more intense than in indentation. Here, meso-scale machining is a vehicle for estimating the constitutive stress-strain curve.&lt;br/&gt; The research is intended to provide fundamental insights into meso-scale plasticity phenomena; develop and validate techniques for estimating meso-scale flow stress data of relevance to deformation processing; and generate detailed stress-strain data for multi-scale modeling of materials processing operations. These should facilitate the development of sustainable materials processing systems that operate at a high level of efficiency, while creating products of enhanced quality.</AbstractNarration>
    <MinAmdLetterDate>03/08/2003</MinAmdLetterDate>
    <MaxAmdLetterDate>03/31/2009</MaxAmdLetterDate>
    <ARRAAmount/>
    <AwardID>0200509</AwardID>
    <Investigator>
      <FirstName>Henry</FirstName>
      <LastName>Yang</LastName>
      <EmailAddress>henry.yang@chancellor.ucsb.edu</EmailAddress>
      <StartDate>03/08/2003</StartDate>
      <EndDate/>
      <RoleCode>Principal Investigator</RoleCode>
    </Investigator>
    <Investigator>
      <FirstName>Vispi Homi</FirstName>
      <LastName>Bulsara</LastName>
      <EmailAddress/>
      <StartDate>03/08/2003</StartDate>
      <EndDate/>
      <RoleCode>Co-Principal Investigator</RoleCode>
    </Investigator>
    <Investigator>
      <FirstName>Srinivasan</FirstName>
      <LastName>Chandrasekar</LastName>
      <EmailAddress>chandy@ecn.purdue.edu</EmailAddress>
      <StartDate>03/08/2003</StartDate>
      <EndDate/>
      <RoleCode>Co-Principal Investigator</RoleCode>
    </Investigator>
    <Institution>
      <Name>University of California-Santa Barbara</Name>
      <CityName>Santa Barbara</CityName>
      <ZipCode>931062050</ZipCode>
      <PhoneNumber>8058934188</PhoneNumber>
      <StreetAddress>Office of Research</StreetAddress>
      <CountryName>United States</CountryName>
      <StateName>California</StateName>
      <StateCode>CA</StateCode>
    </Institution>
    <FoaInformation>
      <Code>0106000</Code>
      <Name>Materials Research</Name>
    </FoaInformation>
    <ProgramElement>
      <Code>1504</Code>
      <Text>GRANT OPP FOR ACAD LIA W/INDUS</Text>
    </ProgramElement>
    <ProgramElement>
      <Code>1630</Code>
      <Text>Mechanics of Materials and Str</Text>
    </ProgramElement>
    <ProgramReference>
      <Code>1057</Code>
      <Text>CIS BASE RESEARCH</Text>
    </ProgramReference>
    <ProgramReference>
      <Code>1504</Code>
      <Text>GRANT OPP FOR ACAD LIA W/INDUS</Text>
    </ProgramReference>
    <ProgramReference>
      <Code>CVIS</Code>
      <Text>CIVIL INFRASTRUCTURE</Text>
    </ProgramReference>
  </Award>
</rootTag>
