<?xml version="1.0" encoding="UTF-8"?>

<rootTag>
  <Award>
    <AwardTitle>An Isotope Ratio Mass Spectrometer System for Ecological Research</AwardTitle>
    <AwardEffectiveDate>05/01/2002</AwardEffectiveDate>
    <AwardExpirationDate>04/30/2004</AwardExpirationDate>
    <AwardAmount>195211</AwardAmount>
    <AwardInstrument>
      <Value>Standard Grant</Value>
    </AwardInstrument>
    <Organization>
      <Code>08080101</Code>
      <Directorate>
        <LongName>Direct For Biological Sciences</LongName>
      </Directorate>
      <Division>
        <LongName>Div Of Biological Infrastructure</LongName>
      </Division>
    </Organization>
    <ProgramOfficer>
      <SignBlockName>Gerald Selzer</SignBlockName>
    </ProgramOfficer>
    <AbstractNarration>This award supports the acquisition of an isotope ratio mass spectrometer (IRMS) to be shared by a group of UC Santa Barbara investigators who have made extensive use of stable isotope analysis in their research programs. The new IRMS system will permit high-precision measurement of carbon, nitrogen, sulfur, oxygen, and hydrogen stable isotope ratios. The instrument would be configured to allow isotope measurements on solid samples of biological and geological origin, on both major and minor components of gas samples, and on purge-able gaseous, liquid, and ionic solutes in aqueous solutions. The instrument will be used in research that addresses a wide range of important and timely topics, including: measurements of fundamental microbial processes in marine environments, atmospheric methane levels, nutrient dynamics in soils from a variety of ecosystems and environments; and nutrient and food web linkages within coastal ecosystems. The instrument will be housed and maintained in a professionally managed, shared-use analytical and instrumentation facility at the University's Marine Science Institute. Besides providing a tool that is critical to the success of vital research programs, this equipment would also allow graduate student and postdoctoral users to become experts in this key technology for environmental science.</AbstractNarration>
    <MinAmdLetterDate>05/01/2002</MinAmdLetterDate>
    <MaxAmdLetterDate>05/01/2002</MaxAmdLetterDate>
    <ARRAAmount/>
    <AwardID>0200461</AwardID>
    <Investigator>
      <FirstName>John</FirstName>
      <LastName>Melack</LastName>
      <EmailAddress>melack@bren.ucsb.edu</EmailAddress>
      <StartDate>05/01/2002</StartDate>
      <EndDate/>
      <RoleCode>Co-Principal Investigator</RoleCode>
    </Investigator>
    <Investigator>
      <FirstName>Joshua</FirstName>
      <LastName>Schimel</LastName>
      <EmailAddress>schimel@lifesci.ucsb.edu</EmailAddress>
      <StartDate>05/01/2002</StartDate>
      <EndDate/>
      <RoleCode>Principal Investigator</RoleCode>
    </Investigator>
    <Investigator>
      <FirstName>Henry</FirstName>
      <LastName>Page</LastName>
      <EmailAddress>page@lifesci.ucsb.edu</EmailAddress>
      <StartDate>05/01/2002</StartDate>
      <EndDate/>
      <RoleCode>Co-Principal Investigator</RoleCode>
    </Investigator>
    <Institution>
      <Name>University of California-Santa Barbara</Name>
      <CityName>Santa Barbara</CityName>
      <ZipCode>931062050</ZipCode>
      <PhoneNumber>8058934188</PhoneNumber>
      <StreetAddress>Office of Research</StreetAddress>
      <CountryName>United States</CountryName>
      <StateName>California</StateName>
      <StateCode>CA</StateCode>
    </Institution>
    <ProgramElement>
      <Code>1108</Code>
      <Text>INSTRUMENTAT &amp; INSTRUMENT DEVP</Text>
    </ProgramElement>
    <ProgramReference>
      <Code>9184</Code>
      <Text>BIOTECHNOLOGY - INFRASTRUCTURE</Text>
    </ProgramReference>
    <ProgramReference>
      <Code>BIOT</Code>
      <Text>BIOTECHNOLOGY</Text>
    </ProgramReference>
  </Award>
</rootTag>
