<?xml version="1.0" encoding="UTF-8"?>

<rootTag>
  <Award>
    <AwardTitle>Research on the Anderson metal-insulator transport transition and otherphenomena in disordered systems</AwardTitle>
    <AwardEffectiveDate>07/01/2002</AwardEffectiveDate>
    <AwardExpirationDate>06/30/2005</AwardExpirationDate>
    <AwardAmount>192002</AwardAmount>
    <AwardInstrument>
      <Value>Continuing grant</Value>
    </AwardInstrument>
    <Organization>
      <Code>03040100</Code>
      <Directorate>
        <LongName>Direct For Mathematical &amp; Physical Scien</LongName>
      </Directorate>
      <Division>
        <LongName>Division Of Mathematical Sciences</LongName>
      </Division>
    </Organization>
    <ProgramOfficer>
      <SignBlockName>Joe W. Jenkins</SignBlockName>
    </ProgramOfficer>
    <AbstractNarration>The subject of this research proposal is the Anderson metal-insulator transport &lt;br/&gt;transition and other phenomena in disordered systems. A new approach to the Anderson &lt;br/&gt;metal-insulator transition based on transport instead of spectral properties will be &lt;br/&gt;investigated. In addition, several related topics will be investigated. Constructive &lt;br/&gt;criteria for localization in random media will be developed; an application is planned &lt;br/&gt;for the Landau Hamiltonian with a random potential. Local Poisson statistics for the &lt;br/&gt;strong insulator spectrum of Anderson-type Hamiltonians in the continuum will be &lt;br/&gt;studied. The spectrum of the Anderson model on the Bethe lattice will be studied. &lt;br/&gt;Localization at low disorder in one or two dimensions will be investigated.&lt;br/&gt;&lt;br/&gt;Fortysome years have passed since P. Anderson's seminal article on localization of &lt;br/&gt;electrons in random media, but our mathematical understanding of the metal-insulator &lt;br/&gt;transition is still very unsatisfactory. In three or more dimensions a transition is &lt;br/&gt;believed to occur from an insulator regime, characterized by localized states, to a &lt;br/&gt;very different metallic regime characterized by extended states. The energy at which &lt;br/&gt;this metal insulator transition occurs is called the mobility edge. The standard &lt;br/&gt;mathematical interpretation of this picture is that there should be a transition in the &lt;br/&gt;spectrum of the random SchrAdinger from pure point spectrum (localized states) to &lt;br/&gt;absolutely continuous spectrum (extended states). But up to now there are no &lt;br/&gt;mathematical results on the existence of continuous spectrum and a metal-insulator &lt;br/&gt;transition (except for the special case of the Anderson model on the Bethe lattice). A &lt;br/&gt;new approach to the Anderson metal-insulator transition is proposed based on transport &lt;br/&gt;instead of spectral properties. It is motivated by the fact that the intuitive physical &lt;br/&gt;notion of localization has a dynamical interpretation: an initially localized wave &lt;br/&gt;packet should remain localized under time evolution, and delocalization may be &lt;br/&gt;interpreted as nontrivial transport. The main goal of this proposal is to show the &lt;br/&gt;existence of such a transport transition.</AbstractNarration>
    <MinAmdLetterDate>07/08/2002</MinAmdLetterDate>
    <MaxAmdLetterDate>04/05/2004</MaxAmdLetterDate>
    <ARRAAmount/>
    <AwardID>0200710</AwardID>
    <Investigator>
      <FirstName>Abel</FirstName>
      <LastName>Klein</LastName>
      <EmailAddress>aklein@math.uci.edu</EmailAddress>
      <StartDate>07/08/2002</StartDate>
      <EndDate/>
      <RoleCode>Principal Investigator</RoleCode>
    </Investigator>
    <Institution>
      <Name>University of California-Irvine</Name>
      <CityName>Irvine</CityName>
      <ZipCode>926173213</ZipCode>
      <PhoneNumber>9498247295</PhoneNumber>
      <StreetAddress>141 Innovation Drive, Ste 250</StreetAddress>
      <CountryName>United States</CountryName>
      <StateName>California</StateName>
      <StateCode>CA</StateCode>
    </Institution>
    <FoaInformation>
      <Code>0000099</Code>
      <Name>Other Applications NEC</Name>
    </FoaInformation>
    <ProgramElement>
      <Code>1281</Code>
      <Text>ANALYSIS PROGRAM</Text>
    </ProgramElement>
    <ProgramElement>
      <Code>1287</Code>
      <Text>MATHEMATICAL PHYSICS</Text>
    </ProgramElement>
    <ProgramReference>
      <Code>0000</Code>
      <Text>UNASSIGNED</Text>
    </ProgramReference>
    <ProgramReference>
      <Code>OTHR</Code>
      <Text>OTHER RESEARCH OR EDUCATION</Text>
    </ProgramReference>
  </Award>
</rootTag>
