<?xml version="1.0" encoding="UTF-8"?>

<rootTag>
  <Award>
    <AwardTitle>Control and Design of Fast Tool Servos for Precision Machining</AwardTitle>
    <AwardEffectiveDate>04/15/2002</AwardEffectiveDate>
    <AwardExpirationDate>03/31/2006</AwardExpirationDate>
    <AwardAmount>298000</AwardAmount>
    <AwardInstrument>
      <Value>Continuing grant</Value>
    </AwardInstrument>
    <Organization>
      <Code>07030000</Code>
      <Directorate>
        <LongName>Directorate For Engineering</LongName>
      </Directorate>
      <Division>
        <LongName>Div Of Civil, Mechanical, &amp; Manufact Inn</LongName>
      </Division>
    </Organization>
    <ProgramOfficer>
      <SignBlockName>George A. Hazelrigg</SignBlockName>
    </ProgramOfficer>
    <AbstractNarration>This grant provides funding for the development of high bandwidth fast actuators and control for machining applications. The fast tool servos will be used to machine software programmed deterministic surfaces and compensate for dynamic errors occurred in the process. The research will first develop an innovative fast actuator, which combines dual-stage solid state actuators with fluid power transmission for high bandwidth actuation in a compact package. Multivariable linear robust performance control design method, which incorporates repetitive control, previewed feedforward control, and the effect of the cutting force in a unified feedback control formulation, will be developed for the actuator to precisely generate dynamic trajectories. To realize the fastest possible actuator response so that a fine feature may be machined, switching control for pulse width modulation will also be investigated. Machining experiment will be conducted to test the actuator and control capabilities. In particular, the fast tool servos will be used to generate non-circular engine cylinder bore shapes for compensating cylindrical errors and surface texture to provide improved cylinder-piston fit and tribology conditions, thereby reducing emission, increasing fuel economy, and simplifying manufacturing processes.&lt;br/&gt;&lt;br/&gt;If successful, the results of this research will lead to improvements in the speed, accuracy, and consistency of machining such irregularly shaped parts as engine piston profiles, piston pin holes, and cylinder bores. Potentially the proposed work could also be applied to machining deterministic tribology surface in parts like journal bearings, linear guide ways, and hydraulic valves/cylinders. The proposed work also contribute in the general motion control field. The proposed actuator and control design methods may contribute to extend the motion control performance and find new applications besides machining.</AbstractNarration>
    <MinAmdLetterDate>04/11/2002</MinAmdLetterDate>
    <MaxAmdLetterDate>04/19/2005</MaxAmdLetterDate>
    <ARRAAmount/>
    <AwardID>0200515</AwardID>
    <Investigator>
      <FirstName>Tsu-Chin</FirstName>
      <LastName>Tsao</LastName>
      <EmailAddress>ttsao@seas.ucla.edu</EmailAddress>
      <StartDate>04/11/2002</StartDate>
      <EndDate/>
      <RoleCode>Principal Investigator</RoleCode>
    </Investigator>
    <Institution>
      <Name>University of California-Los Angeles</Name>
      <CityName>LOS ANGELES</CityName>
      <ZipCode>900951406</ZipCode>
      <PhoneNumber>3107940102</PhoneNumber>
      <StreetAddress>10889 Wilshire Boulevard</StreetAddress>
      <CountryName>United States</CountryName>
      <StateName>California</StateName>
      <StateCode>CA</StateCode>
    </Institution>
    <FoaInformation>
      <Code>0308000</Code>
      <Name>Industrial Technology</Name>
    </FoaInformation>
    <ProgramElement>
      <Code>1468</Code>
      <Text>Manufacturing Machines &amp; Equip</Text>
    </ProgramElement>
    <ProgramReference>
      <Code>9146</Code>
      <Text>MANUFACTURING BASE RESEARCH</Text>
    </ProgramReference>
    <ProgramReference>
      <Code>9178</Code>
      <Text>UNDERGRADUATE EDUCATION</Text>
    </ProgramReference>
    <ProgramReference>
      <Code>9251</Code>
      <Text>RES EXPER FOR UNDERGRAD-SUPPLT</Text>
    </ProgramReference>
    <ProgramReference>
      <Code>MANU</Code>
      <Text>MANUFACTURING</Text>
    </ProgramReference>
  </Award>
</rootTag>
