<?xml version="1.0" encoding="UTF-8"?>

<rootTag>
  <Award>
    <AwardTitle>Diophantine Approximation and Nevanlinna Theory</AwardTitle>
    <AwardEffectiveDate>07/01/2002</AwardEffectiveDate>
    <AwardExpirationDate>06/30/2006</AwardExpirationDate>
    <AwardAmount>200424</AwardAmount>
    <AwardInstrument>
      <Value>Continuing grant</Value>
    </AwardInstrument>
    <Organization>
      <Code>03040300</Code>
      <Directorate>
        <LongName>Direct For Mathematical &amp; Physical Scien</LongName>
      </Directorate>
      <Division>
        <LongName>Division Of Mathematical Sciences</LongName>
      </Division>
    </Organization>
    <ProgramOfficer>
      <SignBlockName>Tomek Bartoszynski</SignBlockName>
    </ProgramOfficer>
    <AbstractNarration>The investigator studies diophantine approximation from the point of&lt;br/&gt;view of the analogy with value distribution of holomorphic curves (Nevanlinna&lt;br/&gt;theory), and vice versa. Specifically, this work includes:&lt;br/&gt;(i) work on relating Faltings' 1983 theorem on the Shafarevich conjecture&lt;br/&gt; to Thue's method,&lt;br/&gt;(ii) work on finding further applications of the geometric logarithmic&lt;br/&gt; derivative lemma,&lt;br/&gt;(iii) a search for a number-theoretic counterpart to the lemma on the&lt;br/&gt; logarithmic derivative, and&lt;br/&gt;(iv) technical improvements in proofs using Thue's method (Dyson's lemma).&lt;br/&gt;&lt;br/&gt;This project involves number theory (specifically, solutions of polynomial&lt;br/&gt;equations in integers or rational numbers, as well as related inequalities)&lt;br/&gt;and value distribution theory (inequalities satisfied by power series&lt;br/&gt;functions of one or several complex variables). These two seemingly&lt;br/&gt;disparate areas of mathematics have many phenomena in common. This has&lt;br/&gt;been partly explained by a formal analogy between the two fields, which&lt;br/&gt;has led to new conjectures, shorter proofs of existing theorems, and new&lt;br/&gt;theorems. The present project uses this analogy to further elucidate&lt;br/&gt;the underlying structure of number theory, value distribution theory,&lt;br/&gt;and the analogy between the two fields.</AbstractNarration>
    <MinAmdLetterDate>05/22/2002</MinAmdLetterDate>
    <MaxAmdLetterDate>04/20/2004</MaxAmdLetterDate>
    <ARRAAmount/>
    <AwardID>0200892</AwardID>
    <Investigator>
      <FirstName>Paul</FirstName>
      <LastName>Vojta</LastName>
      <EmailAddress>vojta@math.berkeley.edu</EmailAddress>
      <StartDate>05/22/2002</StartDate>
      <EndDate/>
      <RoleCode>Principal Investigator</RoleCode>
    </Investigator>
    <Institution>
      <Name>University of California-Berkeley</Name>
      <CityName>BERKELEY</CityName>
      <ZipCode>947045940</ZipCode>
      <PhoneNumber>5106428109</PhoneNumber>
      <StreetAddress>Sponsored Projects Office</StreetAddress>
      <CountryName>United States</CountryName>
      <StateName>California</StateName>
      <StateCode>CA</StateCode>
    </Institution>
    <FoaInformation>
      <Code>0000099</Code>
      <Name>Other Applications NEC</Name>
    </FoaInformation>
  </Award>
</rootTag>
