<?xml version="1.0" encoding="UTF-8"?>

<rootTag>
  <Award>
    <AwardTitle>Neuropeptide/Microglial Interactions That Ensure Brain Homeostatis</AwardTitle>
    <AwardEffectiveDate>08/15/2002</AwardEffectiveDate>
    <AwardExpirationDate>07/31/2006</AwardExpirationDate>
    <AwardAmount>345458</AwardAmount>
    <AwardInstrument>
      <Value>Continuing grant</Value>
    </AwardInstrument>
    <Organization>
      <Code>08090200</Code>
      <Directorate>
        <LongName>Direct For Biological Sciences</LongName>
      </Directorate>
      <Division>
        <LongName>Division Of Integrative Organismal Systems</LongName>
      </Division>
    </Organization>
    <ProgramOfficer>
      <SignBlockName>Paul B. Farel</SignBlockName>
    </ProgramOfficer>
    <AbstractNarration>If neurons are the "business end" of brain function, glia comprise the support staff. Homeostatic interactions between neurons and glia provide the healthy environment in which the brain functions best. This research explores one type neuronal-glial interaction - that between peptide neurotransmitters and microglia. Microglial cells reside in brain and are capable of a pro-inflammatory response to infection, neurodegenerative disease, or CNS trauma. They can also serve as resident antigen-presenting cells, and data from our previous NSF funding suggests that they also produce growth factors that promote survival and/or differentiation of immature neurons. Neuropeptides -- specifically vasoactive intestinal peptide (VIP), pituitary adenylate cyclase activating peptide (PACAP) and galanin - seem to play a role in regulating microglial responsiveness. Our preliminary data show that all three neuropeptides serve to dampen the inflammatory response, possibly by different mechanisms. An exploration of these intracellular mechanisms is the focus of one goal of the project. Another goal is to determine the mechanism underlying the means by which VIP and PACAP modulate microglial antigen-presenting capability. The final goal of the project is to determine the role that neuropeptides - specifically galanin - play in regulating microglial growth factor production and, hence, neuronal development.</AbstractNarration>
    <MinAmdLetterDate>08/27/2002</MinAmdLetterDate>
    <MaxAmdLetterDate>06/15/2005</MaxAmdLetterDate>
    <ARRAAmount/>
    <AwardID>0200532</AwardID>
    <Investigator>
      <FirstName>Doina</FirstName>
      <LastName>Ganea</LastName>
      <EmailAddress>dganea@andromeda.rutgers.edu</EmailAddress>
      <StartDate>08/27/2002</StartDate>
      <EndDate/>
      <RoleCode>Co-Principal Investigator</RoleCode>
    </Investigator>
    <Investigator>
      <FirstName>Gene Miller</FirstName>
      <LastName>Jonakait</LastName>
      <EmailAddress>jonakait@andromeda.rutgers.edu</EmailAddress>
      <StartDate>08/27/2002</StartDate>
      <EndDate/>
      <RoleCode>Principal Investigator</RoleCode>
    </Investigator>
    <Institution>
      <Name>New Jersey Institute of Technology</Name>
      <CityName>Newark</CityName>
      <ZipCode>071021982</ZipCode>
      <PhoneNumber>9735965275</PhoneNumber>
      <StreetAddress>323 DOCTOR MARTIN LUTHER</StreetAddress>
      <CountryName>United States</CountryName>
      <StateName>New Jersey</StateName>
      <StateCode>NJ</StateCode>
    </Institution>
    <FoaInformation>
      <Code>0000099</Code>
      <Name>Other Applications NEC</Name>
    </FoaInformation>
    <ProgramElement>
      <Code>1190</Code>
      <Text>DEVELOPMENTAL NEUROSCIENCE</Text>
    </ProgramElement>
    <ProgramElement>
      <Code>1193</Code>
      <Text>NEUROENDOCRINOLOGY</Text>
    </ProgramElement>
    <ProgramElement>
      <Code>5500</Code>
      <Text>NEURAL SYSTEMS CLUSTER</Text>
    </ProgramElement>
    <ProgramElement>
      <Code>7473</Code>
      <Text>FUNCTIONAL &amp; REGULATORY SYS CL</Text>
    </ProgramElement>
    <ProgramReference>
      <Code>0000</Code>
      <Text>UNASSIGNED</Text>
    </ProgramReference>
    <ProgramReference>
      <Code>1096</Code>
      <Text>NEURAL SYSTEMS</Text>
    </ProgramReference>
    <ProgramReference>
      <Code>1190</Code>
      <Text>DEVELOPMENTAL NEUROSCIENCE</Text>
    </ProgramReference>
    <ProgramReference>
      <Code>1193</Code>
      <Text>NEUROENDOCRINOLOGY</Text>
    </ProgramReference>
    <ProgramReference>
      <Code>9183</Code>
      <Text>GENERAL FOUNDATIONS OF BIOTECHNOLOGY</Text>
    </ProgramReference>
    <ProgramReference>
      <Code>BIOT</Code>
      <Text>BIOTECHNOLOGY</Text>
    </ProgramReference>
    <ProgramReference>
      <Code>OTHR</Code>
      <Text>OTHER RESEARCH OR EDUCATION</Text>
    </ProgramReference>
  </Award>
</rootTag>
