<?xml version="1.0" encoding="UTF-8"?>

<rootTag>
  <Award>
    <AwardTitle>MRPG: Intelligent Control of Distributed Large Scale Manufacturing Systems</AwardTitle>
    <AwardEffectiveDate>06/01/2002</AwardEffectiveDate>
    <AwardExpirationDate>11/30/2002</AwardExpirationDate>
    <AwardAmount>17951</AwardAmount>
    <AwardInstrument>
      <Value>Standard Grant</Value>
    </AwardInstrument>
    <Organization>
      <Code>07030000</Code>
      <Directorate>
        <LongName>Directorate For Engineering</LongName>
      </Directorate>
      <Division>
        <LongName>Div Of Civil, Mechanical, &amp; Manufact Inn</LongName>
      </Division>
    </Organization>
    <ProgramOfficer>
      <SignBlockName>Janet M. Twomey</SignBlockName>
    </ProgramOfficer>
    <AbstractNarration>This Minority Research Planning Grant (MRPG) provides funding for the planning of a full proposal to the Manufacturing Enterprise Systems program for the development of a tool that will offer distributed intelligent control of flexible manufacturing systems (FMS). FMS is a fairly a new concept in manufacturing where the manufacturing plant produces a large variety of parts in very low quantity. This type of manufacturing is suitable for manufacturing replacement parts where parts are manufactured as needed and no inventory is kept. While this manufacturing concept is very promising, because it is always operating in a transient state, it requires a very complex control system that continuously optimizes its operation. This planning activity will compliment the future proposal in two areas. First industry partners will be sought to advise and educate the research team on the current needs and practices of industry in this area of research. These Industry partners will play a key role in guiding the research effort through its development. They will also allow the team to look at real applications of the tool and real problems. Second a prototype of the controller tool will be developed to measure its potential improvement over current technology and measure its capability to control a FMS. &lt;br/&gt;&lt;br/&gt;If successful the results of this research will demonstrate and validate the capabilities of this new type of controller and show its obtainable improvement over current systems. The manufacturing partners will educate the team on the current practices and needs and allow the team to study actual systems. Potential performance improvements will prove the need for such complex control architectures. The results of the eventual research will optimally control a FMS and allow this new manufacturing concept to reach the goals that they were originally designed to meet.</AbstractNarration>
    <MinAmdLetterDate>05/20/2002</MinAmdLetterDate>
    <MaxAmdLetterDate>05/20/2002</MaxAmdLetterDate>
    <ARRAAmount/>
    <AwardID>0200375</AwardID>
    <Investigator>
      <FirstName>Fernando</FirstName>
      <LastName>Gonzalez</LastName>
      <EmailAddress>fgonzalez@fgcu.edu</EmailAddress>
      <StartDate>05/20/2002</StartDate>
      <EndDate/>
      <RoleCode>Principal Investigator</RoleCode>
    </Investigator>
    <Institution>
      <Name>University of Central Florida</Name>
      <CityName>ORLANDO</CityName>
      <ZipCode>328168005</ZipCode>
      <PhoneNumber>4078821168</PhoneNumber>
      <StreetAddress>4000 CNTRL FLORIDA BLVD</StreetAddress>
      <CountryName>United States</CountryName>
      <StateName>Florida</StateName>
      <StateCode>FL</StateCode>
    </Institution>
    <FoaInformation>
      <Code>0308000</Code>
      <Name>Industrial Technology</Name>
    </FoaInformation>
    <ProgramElement>
      <Code>1786</Code>
      <Text>MANFG ENTERPRISE SYSTEMS</Text>
    </ProgramElement>
    <ProgramReference>
      <Code>9102</Code>
      <Text>WOMEN, MINORITY, DISABLED, NEC</Text>
    </ProgramReference>
    <ProgramReference>
      <Code>9147</Code>
      <Text>GENERIC TECHNOL FOR MANUFACTURING CELLS</Text>
    </ProgramReference>
    <ProgramReference>
      <Code>MANU</Code>
      <Text>MANUFACTURING</Text>
    </ProgramReference>
  </Award>
</rootTag>
