<?xml version="1.0" encoding="UTF-8"?>

<rootTag>
  <Award>
    <AwardTitle>A Methodology for the Design of Optimum Structures</AwardTitle>
    <AwardEffectiveDate>07/01/2002</AwardEffectiveDate>
    <AwardExpirationDate>06/30/2006</AwardExpirationDate>
    <AwardAmount>392940</AwardAmount>
    <AwardInstrument>
      <Value>Continuing grant</Value>
    </AwardInstrument>
    <Organization>
      <Code>07030000</Code>
      <Directorate>
        <LongName>Directorate For Engineering</LongName>
      </Directorate>
      <Division>
        <LongName>Div Of Civil, Mechanical, &amp; Manufact Inn</LongName>
      </Division>
    </Organization>
    <ProgramOfficer>
      <SignBlockName>Judy M. Vance</SignBlockName>
    </ProgramOfficer>
    <AbstractNarration>The objective of this research grant is to establish a computer design procedure for product structures that will provide the highest strength or highest stiffness for a given weight of material. This will be accomplished by direct solution of the equations defining the optimum structural layout for desired loading and boundary conditions. The method of solution will involve the use of matrix operators, and one part of the work will be the extension of the set of matrix operators to handle a range of different boundary situations. The procedure will be appropriately applied on personal computers so that it can be widely used in the engineering design community. The research program will also involve the manufacture and testing of prototype structures to validate the design process at each stage of the research. Case studies will be carried out to illustrate the range of weight reduction opportunities. &lt;br/&gt;&lt;br/&gt;If successful, the principal benefit of the study will be a new approach to weight reduction, spanning a wide range of applications from aerospace to mass-produced durable goods. It is also anticipated that the fundamental and direct approach to structure design, developed in the research, will be appealing to engineering educators and will impact the teaching of structural engineering and engineering design.</AbstractNarration>
    <MinAmdLetterDate>04/01/2002</MinAmdLetterDate>
    <MaxAmdLetterDate>05/03/2004</MaxAmdLetterDate>
    <ARRAAmount/>
    <AwardID>0200058</AwardID>
    <Investigator>
      <FirstName>Peter</FirstName>
      <LastName>Dewhurst</LastName>
      <EmailAddress>dewhurst@egr.uri.edu</EmailAddress>
      <StartDate>04/01/2002</StartDate>
      <EndDate/>
      <RoleCode>Principal Investigator</RoleCode>
    </Investigator>
    <Investigator>
      <FirstName>David</FirstName>
      <LastName>Taggart</LastName>
      <EmailAddress>taggart@uri.edu</EmailAddress>
      <StartDate>03/21/2003</StartDate>
      <EndDate/>
      <RoleCode>Co-Principal Investigator</RoleCode>
    </Investigator>
    <Investigator>
      <FirstName>Brent</FirstName>
      <LastName>Stucker</LastName>
      <EmailAddress>brent.stucker@louisville.edu</EmailAddress>
      <StartDate>04/01/2002</StartDate>
      <EndDate>03/21/2003</EndDate>
      <RoleCode>Former Co-Principal Investigator</RoleCode>
    </Investigator>
    <Institution>
      <Name>University of Rhode Island</Name>
      <CityName>KINGSTON</CityName>
      <ZipCode>028811967</ZipCode>
      <PhoneNumber>4018742635</PhoneNumber>
      <StreetAddress>RESEARCH OFFICE</StreetAddress>
      <CountryName>United States</CountryName>
      <StateName>Rhode Island</StateName>
      <StateCode>RI</StateCode>
    </Institution>
    <FoaInformation>
      <Code>0308000</Code>
      <Name>Industrial Technology</Name>
    </FoaInformation>
    <ProgramElement>
      <Code>1464</Code>
      <Text>ENGINEERING DESIGN AND INNOVAT</Text>
    </ProgramElement>
    <ProgramReference>
      <Code>9148</Code>
      <Text>TOOLS &amp; TECHNOL FOR MANUFACTURING DESIGN</Text>
    </ProgramReference>
    <ProgramReference>
      <Code>MANU</Code>
      <Text>MANUFACTURING</Text>
    </ProgramReference>
  </Award>
</rootTag>
