<?xml version="1.0" encoding="UTF-8"?>

<rootTag>
  <Award>
    <AwardTitle>Center for Experimental Research in Computer Systems</AwardTitle>
    <AwardEffectiveDate>01/15/2002</AwardEffectiveDate>
    <AwardExpirationDate>12/31/2002</AwardExpirationDate>
    <AwardAmount>10000</AwardAmount>
    <AwardInstrument>
      <Value>Standard Grant</Value>
    </AwardInstrument>
    <Organization>
      <Code>07070000</Code>
      <Directorate>
        <LongName>Directorate For Engineering</LongName>
      </Directorate>
      <Division>
        <LongName>Div Of Industrial Innovation &amp; Partnersh</LongName>
      </Division>
    </Organization>
    <ProgramOfficer>
      <SignBlockName>alexander schwarzkopf</SignBlockName>
    </ProgramOfficer>
    <AbstractNarration>This planning grant award is the first step toward the setting up of the Center for Experimental Research in Computer Systems (CERCS) seeks to address complex communication/computation systems by bringing together researchers with knowledge of the key technologies underlying these systems, and thereby, create research teams that can address future systems and applications in a fashion that is integrated across multiple technologies and heterogeneous system components. The mission of CERCS is to develop new hardware and software technologies, to create technological advances, and to take advantage of these advances to remove technological barriers faced by complex, integrated systems.&lt;br/&gt;&lt;br/&gt;The CERCS approach is experimental and fosters research in which new technologies are evaluated experimentally, with large-scale applications and on systems of substantial size or complexity. The aim is to understand the challenging application requirements that cause novel system-level research, where insights at the system level motivate changes in how certain applications are implemented, and where new system technologies enable new classes of applications. The Center will work with external partners to comprehend their needs and requirements, and to experiment with alternative solutions and approaches.</AbstractNarration>
    <MinAmdLetterDate>01/22/2002</MinAmdLetterDate>
    <MaxAmdLetterDate>01/22/2002</MaxAmdLetterDate>
    <ARRAAmount/>
    <AwardID>0200377</AwardID>
    <Investigator>
      <FirstName>Calton</FirstName>
      <LastName>Pu</LastName>
      <EmailAddress>calton@cc.gatech.edu</EmailAddress>
      <StartDate>01/22/2002</StartDate>
      <EndDate/>
      <RoleCode>Co-Principal Investigator</RoleCode>
    </Investigator>
    <Investigator>
      <FirstName>Karsten</FirstName>
      <LastName>Schwan</LastName>
      <EmailAddress>schwan@cc.gatech.edu</EmailAddress>
      <StartDate>01/22/2002</StartDate>
      <EndDate/>
      <RoleCode>Principal Investigator</RoleCode>
    </Investigator>
    <Investigator>
      <FirstName>Sudhakar</FirstName>
      <LastName>Yalamanchili</LastName>
      <EmailAddress>sudha@ece.gatech.edu</EmailAddress>
      <StartDate>01/22/2002</StartDate>
      <EndDate/>
      <RoleCode>Co-Principal Investigator</RoleCode>
    </Investigator>
    <Investigator>
      <FirstName>Douglas</FirstName>
      <LastName>Blough</LastName>
      <EmailAddress>doug.blough@ece.gatech.edu</EmailAddress>
      <StartDate>01/22/2002</StartDate>
      <EndDate/>
      <RoleCode>Co-Principal Investigator</RoleCode>
    </Investigator>
    <Institution>
      <Name>Georgia Tech Research Corporation</Name>
      <CityName>Atlanta</CityName>
      <ZipCode>303320420</ZipCode>
      <PhoneNumber>4048944819</PhoneNumber>
      <StreetAddress>Office of Sponsored Programs</StreetAddress>
      <CountryName>United States</CountryName>
      <StateName>Georgia</StateName>
      <StateCode>GA</StateCode>
    </Institution>
    <ProgramElement>
      <Code>5761</Code>
      <Text>INDUSTRY/UNIV COOP RES CENTERS</Text>
    </ProgramElement>
    <ProgramReference>
      <Code>0000</Code>
      <Text>UNASSIGNED</Text>
    </ProgramReference>
    <ProgramReference>
      <Code>OTHR</Code>
      <Text>OTHER RESEARCH OR EDUCATION</Text>
    </ProgramReference>
  </Award>
</rootTag>
