<?xml version="1.0" encoding="UTF-8"?>

<rootTag>
  <Award>
    <AwardTitle>Linear Systems on Higher Dimensional Varieties</AwardTitle>
    <AwardEffectiveDate>06/01/2002</AwardEffectiveDate>
    <AwardExpirationDate>05/31/2008</AwardExpirationDate>
    <AwardAmount>344354</AwardAmount>
    <AwardInstrument>
      <Value>Continuing grant</Value>
    </AwardInstrument>
    <Organization>
      <Code>03040200</Code>
      <Directorate>
        <LongName>Direct For Mathematical &amp; Physical Scien</LongName>
      </Directorate>
      <Division>
        <LongName>Division Of Mathematical Sciences</LongName>
      </Division>
    </Organization>
    <ProgramOfficer>
      <SignBlockName>Tomek Bartoszynski</SignBlockName>
    </ProgramOfficer>
    <AbstractNarration>The principal investigator proposes to study linear systems of &lt;br/&gt;higher dimensional varieties. In particular, he plans to apply &lt;br/&gt;the methods of higher dimensional geometry to study some basic &lt;br/&gt;questions from different areas of algebraic geometry such as &lt;br/&gt;birational geometry, commutative algebra, computational &lt;br/&gt;complexity, geometry of algebraic curves, jet schemes of singular &lt;br/&gt;varieties and geometry of big divisors. He has already obtained &lt;br/&gt;results in the following areas, (1) effective results on&lt;br/&gt;Nullstellensatz and syzygies of ideals, (2) singularities of &lt;br/&gt;theta divisors and birational geometry of irregular varieties, &lt;br/&gt;(3) Fujita's problems on adjoint linear systems and (4) studying &lt;br/&gt;symbolic power of an ideal. But there are still many fundamental &lt;br/&gt;problems remain unsolved. He plans to develop new methods and &lt;br/&gt;techniques to study them.&lt;br/&gt;&lt;br/&gt;Algebraic geometry is one of the oldest areas in mathematics and &lt;br/&gt;it studies geometric, algebraic and arithmetic properties of &lt;br/&gt;geometric objects defined by algebraic equations. Algebraic &lt;br/&gt;geoemtry also has applications to mathematical physics and &lt;br/&gt;cryptography. In this project, the principal investigator &lt;br/&gt;develops new techniques to study algebra, computational &lt;br/&gt;complexity and properties of higher dimensional geometric &lt;br/&gt;objects.</AbstractNarration>
    <MinAmdLetterDate>03/29/2002</MinAmdLetterDate>
    <MaxAmdLetterDate>02/14/2006</MaxAmdLetterDate>
    <ARRAAmount/>
    <AwardID>0200278</AwardID>
    <Investigator>
      <FirstName>Lawrence</FirstName>
      <LastName>Ein</LastName>
      <EmailAddress>ein@uic.edu</EmailAddress>
      <StartDate>03/29/2002</StartDate>
      <EndDate/>
      <RoleCode>Principal Investigator</RoleCode>
    </Investigator>
    <Institution>
      <Name>University of Illinois at Chicago</Name>
      <CityName>Chicago</CityName>
      <ZipCode>606124305</ZipCode>
      <PhoneNumber>3129962862</PhoneNumber>
      <StreetAddress>809 S MARSHFIELD</StreetAddress>
      <CountryName>United States</CountryName>
      <StateName>Illinois</StateName>
      <StateCode>IL</StateCode>
    </Institution>
    <FoaInformation>
      <Code>0000099</Code>
      <Name>Other Applications NEC</Name>
    </FoaInformation>
    <ProgramElement>
      <Code>1264</Code>
      <Text>ALGEBRA,NUMBER THEORY,AND COM</Text>
    </ProgramElement>
    <ProgramReference>
      <Code>0000</Code>
      <Text>UNASSIGNED</Text>
    </ProgramReference>
    <ProgramReference>
      <Code>OTHR</Code>
      <Text>OTHER RESEARCH OR EDUCATION</Text>
    </ProgramReference>
  </Award>
</rootTag>
