<?xml version="1.0" encoding="UTF-8"?>

<rootTag>
  <Award>
    <AwardTitle>Oceanographic Instrumentation - 2002</AwardTitle>
    <AwardEffectiveDate>04/15/2002</AwardEffectiveDate>
    <AwardExpirationDate>03/31/2004</AwardExpirationDate>
    <AwardAmount>510873</AwardAmount>
    <AwardInstrument>
      <Value>Standard Grant</Value>
    </AwardInstrument>
    <Organization>
      <Code>06040101</Code>
      <Directorate>
        <LongName>Directorate For Geosciences</LongName>
      </Directorate>
      <Division>
        <LongName>Division Of Ocean Sciences</LongName>
      </Division>
    </Organization>
    <ProgramOfficer>
      <SignBlockName>Alexander Shor</SignBlockName>
    </ProgramOfficer>
    <AbstractNarration>0200548&lt;br/&gt;Walden&lt;br/&gt;This award to Woods Hole Oceanographic Institution in Massachusetts provides instrumentation to significantly improve the oceanographic research capabilities of the research vessels Atlantis, Knorr and Oceanus, three ships operated by WHOI as part of the University-National Oceanographic Laboratory System research fleet. Specifically, this award will provide new sensors for CTD operations on all three ships, new software/firmware for acquisition of satellite imagery on two ships, an new attitude/heading sensor (GPS-based) for one ship, plus pumps for collecting clean sea water samples from any vessel and moored ocean profilers for long-term studies of physical oceanography. These improvements will be of substantial advantage to marine scientists using these three ships in their research during 2002 and future years.&lt;br/&gt;***</AbstractNarration>
    <MinAmdLetterDate>04/22/2002</MinAmdLetterDate>
    <MaxAmdLetterDate>08/01/2003</MaxAmdLetterDate>
    <ARRAAmount/>
    <AwardID>0200548</AwardID>
    <Investigator>
      <FirstName>Barrie</FirstName>
      <LastName>Walden</LastName>
      <EmailAddress>bwalden@whoi.edu</EmailAddress>
      <StartDate>04/22/2002</StartDate>
      <EndDate/>
      <RoleCode>Principal Investigator</RoleCode>
    </Investigator>
    <Institution>
      <Name>Woods Hole Oceanographic Institution</Name>
      <CityName>WOODS HOLE</CityName>
      <ZipCode>025431041</ZipCode>
      <PhoneNumber>5082893542</PhoneNumber>
      <StreetAddress>183 OYSTER POND ROAD</StreetAddress>
      <CountryName>United States</CountryName>
      <StateName>Massachusetts</StateName>
      <StateCode>MA</StateCode>
    </Institution>
    <FoaInformation>
      <Code>0204000</Code>
      <Name>Oceanography</Name>
    </FoaInformation>
  </Award>
</rootTag>
