<?xml version="1.0" encoding="UTF-8"?>

<rootTag>
  <Award>
    <AwardTitle>Recurrence for Measure Preserving Systems and Infinitary Ramsey Theory</AwardTitle>
    <AwardEffectiveDate>06/15/2002</AwardEffectiveDate>
    <AwardExpirationDate>05/31/2004</AwardExpirationDate>
    <AwardAmount>37639</AwardAmount>
    <AwardInstrument>
      <Value>Standard Grant</Value>
    </AwardInstrument>
    <Organization>
      <Code>03040200</Code>
      <Directorate>
        <LongName>Direct For Mathematical &amp; Physical Scien</LongName>
      </Directorate>
      <Division>
        <LongName>Division Of Mathematical Sciences</LongName>
      </Division>
    </Organization>
    <ProgramOfficer>
      <SignBlockName>Bruce P. Palka</SignBlockName>
    </ProgramOfficer>
    <AbstractNarration>Proposal Number: DMS- 0200700&lt;br/&gt;PI: Randall McCutcheon&lt;br/&gt;&lt;br/&gt; ABSTRACT&lt;br/&gt;&lt;br/&gt;This project focuses on multiple recurrence in ergodic theory, &lt;br/&gt;with applications to combinatorial number theory, specifically&lt;br/&gt;density Ramsey theory. The analysis of the returns of positive&lt;br/&gt;measure sets under measure preserving actions along combinatorially&lt;br/&gt;benign trajectories, such as the ranges of polynomials or IP-systems,&lt;br/&gt;has led to a variety of strong theorems not accessible by other&lt;br/&gt;methods. &lt;br/&gt;&lt;br/&gt;Theoretical dynamics originated with the investigation of the long &lt;br/&gt;term average behavior of physical systems evolving over time, and&lt;br/&gt;abstract ergodic theory grew out of such developments. Study of the&lt;br/&gt;applicability of this theory to seemingly unrelated, non-physical &lt;br/&gt;entities, such as those arising in combinatorics, strengthens our&lt;br/&gt;sense of the connectedness of and the unification of the landscape&lt;br/&gt;in the whole of mathematics.</AbstractNarration>
    <MinAmdLetterDate>05/22/2002</MinAmdLetterDate>
    <MaxAmdLetterDate>05/22/2002</MaxAmdLetterDate>
    <ARRAAmount/>
    <AwardID>0200700</AwardID>
    <Investigator>
      <FirstName>Randall</FirstName>
      <LastName>McCutcheon</LastName>
      <EmailAddress>rmcctchn@memphis.edu</EmailAddress>
      <StartDate>05/22/2002</StartDate>
      <EndDate/>
      <RoleCode>Principal Investigator</RoleCode>
    </Investigator>
    <Institution>
      <Name>University of Memphis</Name>
      <CityName>Memphis</CityName>
      <ZipCode>381523370</ZipCode>
      <PhoneNumber>9016782533</PhoneNumber>
      <StreetAddress>Administration 315</StreetAddress>
      <CountryName>United States</CountryName>
      <StateName>Tennessee</StateName>
      <StateCode>TN</StateCode>
    </Institution>
    <FoaInformation>
      <Code>0000099</Code>
      <Name>Other Applications NEC</Name>
    </FoaInformation>
  </Award>
</rootTag>
