<?xml version="1.0" encoding="UTF-8"?>

<rootTag>
  <Award>
    <AwardTitle>Surrogate Based Algorithms for Scheduling with Due Dates</AwardTitle>
    <AwardEffectiveDate>06/01/2002</AwardEffectiveDate>
    <AwardExpirationDate>05/31/2005</AwardExpirationDate>
    <AwardAmount>112324</AwardAmount>
    <AwardInstrument>
      <Value>Standard Grant</Value>
    </AwardInstrument>
    <Organization>
      <Code>07030000</Code>
      <Directorate>
        <LongName>Directorate For Engineering</LongName>
      </Directorate>
      <Division>
        <LongName>Div Of Civil, Mechanical, &amp; Manufact Inn</LongName>
      </Division>
    </Organization>
    <ProgramOfficer>
      <SignBlockName>Abhijit V. Deshmukh</SignBlockName>
    </ProgramOfficer>
    <AbstractNarration>This grant provides funding for developing innovative algorithms for solving scheduling problems with due dates. Almost every manufacturing and service enterprise must schedule something; jobs through a shop, customers to appointments, or trucks to delivery stops. Often a specific time for each job, customer etc., called a due date, is promised. Meeting these due dates is very important both for customer satisfaction and economic reasons. It is well known that these are among the most difficult problems to solve optimally. Optimal algorithms, which can solve realistically sized problems, will be developed for basic models, e.g. single processors. These algorithms will combine mathematical programming with traditional scheduling approaches. They will then be extended to more complex models such as flow shops. The algorithms will be computationally tested to verify their efficacy. These tests will also be used to explore what factors make an instance difficult to solve.&lt;br/&gt;&lt;br/&gt;The results of this research will lead to improved ability to schedule in both manufacturing and service environments. The resulting schedules will have better on-time performance as well as reduced costs. To verify results, one of the algorithms will be incorporated into a larger production control software package being developed for the Tunisian textile industry. Additionally, the solution methods proposed for these problems should also have application to other difficult combinatorial problems, such as routing, network design and analysis, reliability and project selection.</AbstractNarration>
    <MinAmdLetterDate>05/08/2002</MinAmdLetterDate>
    <MaxAmdLetterDate>03/10/2003</MaxAmdLetterDate>
    <ARRAAmount/>
    <AwardID>0200409</AwardID>
    <Investigator>
      <FirstName>Robert</FirstName>
      <LastName>Bulfin</LastName>
      <EmailAddress>bulfin@eng.auburn.edu</EmailAddress>
      <StartDate>05/08/2002</StartDate>
      <EndDate/>
      <RoleCode>Principal Investigator</RoleCode>
    </Investigator>
    <Institution>
      <Name>Auburn University</Name>
      <CityName>Auburn University</CityName>
      <ZipCode>368490001</ZipCode>
      <PhoneNumber>3348444438</PhoneNumber>
      <StreetAddress>310 Samford Hall</StreetAddress>
      <CountryName>United States</CountryName>
      <StateName>Alabama</StateName>
      <StateCode>AL</StateCode>
    </Institution>
    <FoaInformation>
      <Code>0308000</Code>
      <Name>Industrial Technology</Name>
    </FoaInformation>
    <ProgramElement>
      <Code>1517</Code>
      <Text>ELECT, PHOTONICS, &amp; MAG DEVICE</Text>
    </ProgramElement>
    <ProgramElement>
      <Code>1786</Code>
      <Text>MANFG ENTERPRISE SYSTEMS</Text>
    </ProgramElement>
    <ProgramElement>
      <Code>9150</Code>
      <Text>EXP PROG TO STIM COMP RES</Text>
    </ProgramElement>
    <ProgramReference>
      <Code>9147</Code>
      <Text>GENERIC TECHNOL FOR MANUFACTURING CELLS</Text>
    </ProgramReference>
    <ProgramReference>
      <Code>9150</Code>
      <Text>EXP PROG TO STIM COMP RES</Text>
    </ProgramReference>
    <ProgramReference>
      <Code>MANU</Code>
      <Text>MANUFACTURING</Text>
    </ProgramReference>
    <ProgramReference>
      <Code>1786</Code>
      <Text>MANFG ENTERPRISE SYSTEMS</Text>
    </ProgramReference>
    <ProgramReference>
      <Code>9178</Code>
      <Text>UNDERGRADUATE EDUCATION</Text>
    </ProgramReference>
    <ProgramReference>
      <Code>9251</Code>
      <Text>RES EXPER FOR UNDERGRAD-SUPPLT</Text>
    </ProgramReference>
  </Award>
</rootTag>
