<?xml version="1.0" encoding="UTF-8"?>

<rootTag>
  <Award>
    <AwardTitle>A Mobile Canopy Access Platform for Environmental and Physiological Research at Harvard Forest</AwardTitle>
    <AwardEffectiveDate>07/01/2002</AwardEffectiveDate>
    <AwardExpirationDate>06/30/2005</AwardExpirationDate>
    <AwardAmount>63284</AwardAmount>
    <AwardInstrument>
      <Value>Standard Grant</Value>
    </AwardInstrument>
    <Organization>
      <Code>08080101</Code>
      <Directorate>
        <LongName>Direct For Biological Sciences</LongName>
      </Directorate>
      <Division>
        <LongName>Div Of Biological Infrastructure</LongName>
      </Division>
    </Organization>
    <ProgramOfficer>
      <SignBlockName>Gerald Selzer</SignBlockName>
    </ProgramOfficer>
    <AbstractNarration>A grant has been awarded to Dr. David Foster at Harvard University to purchase a mobile canopy access platform to support research at the Harvard Forest. Forest canopies are key sites for the exchange of mass, energy and momentum within forest ecosystems. However, examination of the physiological and physical processes occurring within the canopy is hampered by logistic difficulties of conducting research that involves sophisticated equipment at heights far above the ground. The funds provided in this grant will allow the purchase of a mobile canopy access platform of the type referred to as an articulated boom lift in the construction industry. This "macromanipulator" will enhance ongoing projects of six investigators whose work at the Harvard Forest focuses on tree physiology, ecosystem processes, and atmosphere-biosphere exchange. &lt;br/&gt;&lt;br/&gt;Forests are inherently three-dimensional systems. A mobile canopy access system will provide investigators with the ability to expand their research into new areas and new dimensions. A mobile platform is well suited to research at the Harvard Forest due to the relatively low stature of the forest (~ 20 m) and the extensive network of fire roads. At present, canopy access at the Harvard Forest is limited to a small number of fixed towers. A mobile canopy system will allow us to extend our studies to a broader range of community types and to sample from a larger number of trees. In addition, a mobile canopy access platform is compatible with physiological studies that frequently require the collection of destructive samples. Specific projects that will benefit from the purchase of this instrument include: Dr. Foster's studies of the impact of the hemlock wooly adelgid, a recently introduced pest of hemlock trees, Dr. Bazzaz's research on photosynthesis-nitrogen dynamics in forest trees, Dr. Holbrook's studies of water transport in tall trees, Dr. Wofsy's studies of CO2 exchange between forest ecosystems and the atmosphere, Dr. Aber's studies of the effects of chronic nitrogen deposition on forest ecosystems, and Dr. Steudler's research on global warming and carbon storage in mid-latitude forest ecosystems.&lt;br/&gt;&lt;br/&gt;The Harvard Forest is an important site for both research and teaching. Much of the research at the Harvard Forest is directed at understanding the function and stability of forest ecosystems in relation to human disturbance and global climate change. Thus, the acquisition of this instrument will contribute to our understanding of the health and resilience of this important ecosystem.</AbstractNarration>
    <MinAmdLetterDate>06/26/2002</MinAmdLetterDate>
    <MaxAmdLetterDate>05/28/2004</MaxAmdLetterDate>
    <ARRAAmount/>
    <AwardID>0200868</AwardID>
    <Investigator>
      <FirstName>David</FirstName>
      <LastName>Foster</LastName>
      <EmailAddress>drfoster@fas.harvard.edu</EmailAddress>
      <StartDate>06/26/2002</StartDate>
      <EndDate/>
      <RoleCode>Principal Investigator</RoleCode>
    </Investigator>
    <Investigator>
      <FirstName>Fakhri</FirstName>
      <LastName>Bazzaz</LastName>
      <EmailAddress>fbazzaz@oeb.harvard.edu</EmailAddress>
      <StartDate>06/26/2002</StartDate>
      <EndDate/>
      <RoleCode>Co-Principal Investigator</RoleCode>
    </Investigator>
    <Investigator>
      <FirstName>Noel</FirstName>
      <LastName>Holbrook</LastName>
      <EmailAddress>holbrook@oeb.harvard.edu</EmailAddress>
      <StartDate>06/26/2002</StartDate>
      <EndDate/>
      <RoleCode>Co-Principal Investigator</RoleCode>
    </Investigator>
    <Institution>
      <Name>Harvard University</Name>
      <CityName>Cambridge</CityName>
      <ZipCode>021385366</ZipCode>
      <PhoneNumber>6174955501</PhoneNumber>
      <StreetAddress>1033 MASSACHUSETTS AVE</StreetAddress>
      <CountryName>United States</CountryName>
      <StateName>Massachusetts</StateName>
      <StateCode>MA</StateCode>
    </Institution>
    <ProgramElement>
      <Code>1108</Code>
      <Text>INSTRUMENTAT &amp; INSTRUMENT DEVP</Text>
    </ProgramElement>
    <ProgramElement>
      <Code>7226</Code>
      <Text>HUMAN RESOURCES</Text>
    </ProgramElement>
    <ProgramReference>
      <Code>1108</Code>
      <Text>INSTRUMENTAT &amp; INSTRUMENT DEVP</Text>
    </ProgramReference>
    <ProgramReference>
      <Code>9184</Code>
      <Text>BIOTECHNOLOGY - INFRASTRUCTURE</Text>
    </ProgramReference>
    <ProgramReference>
      <Code>9251</Code>
      <Text>RES EXPER FOR UNDERGRAD-SUPPLT</Text>
    </ProgramReference>
    <ProgramReference>
      <Code>BIOT</Code>
      <Text>BIOTECHNOLOGY</Text>
    </ProgramReference>
  </Award>
</rootTag>
