<?xml version="1.0" encoding="UTF-8"?>

<rootTag>
  <Award>
    <AwardTitle>GOALI - Green CMP: Chemical Mechanical Planarization Process Modeling for Minimizing Environmental Impact</AwardTitle>
    <AwardEffectiveDate>07/01/2002</AwardEffectiveDate>
    <AwardExpirationDate>06/30/2005</AwardExpirationDate>
    <AwardAmount>325000</AwardAmount>
    <AwardInstrument>
      <Value>Continuing grant</Value>
    </AwardInstrument>
    <Organization>
      <Code>07030000</Code>
      <Directorate>
        <LongName>Directorate For Engineering</LongName>
      </Directorate>
      <Division>
        <LongName>Div Of Civil, Mechanical, &amp; Manufact Inn</LongName>
      </Division>
    </Organization>
    <ProgramOfficer>
      <SignBlockName>George A. Hazelrigg</SignBlockName>
    </ProgramOfficer>
    <AbstractNarration>Chemical-mechanical planarization (CMP) is one of the most critical steps in the production of multilayer silicon microelectronic devices. The goal of the research project is to develop a framework for environmental modeling which combines mechanical-chemical modeling of CMP tool components, environmental impact factors and cost of ownership (CoO) based upon competent variable sensitive process models of material removal in CMP. This work will extend earlier work to more detailed process capable models within an integrated process assessment framework. We focus here on the continued development of models for the mechanical interactions as well as models of the chemical effects and influence on the process. We expect to determine the dependency of material removal (both at a specific point and over the wafer surface) on process variables such as slurry, pattern density, wafer material, etc. The model will be able to offer information on designing new or novel pad geometries to facilitate "environmentally efficient CMP." &lt;br/&gt;&lt;br/&gt;The work at UC, San Diego, on chemical removal mechanisms, is added to prior work at Berkeley. The resulting software will link process models to higher-level tools for assessing the environmental impact of the process and the upstream and downstream energy, consumable and waste requirements. A result of this model-based "environmental analysis tool" will be quantitative suggestions to process engineers and product and tool designers to enable them to insure that energy, waste and consumable use is minimized while maintaining the capability of the process and high product standards - that is - Environmentally Benign Manufacturing.</AbstractNarration>
    <MinAmdLetterDate>07/09/2002</MinAmdLetterDate>
    <MaxAmdLetterDate>05/04/2004</MaxAmdLetterDate>
    <ARRAAmount/>
    <AwardID>0200204</AwardID>
    <Investigator>
      <FirstName>Mike</FirstName>
      <LastName>Woolston</LastName>
      <EmailAddress>mike_woolston@amat.com</EmailAddress>
      <StartDate>07/09/2002</StartDate>
      <EndDate/>
      <RoleCode>Co-Principal Investigator</RoleCode>
    </Investigator>
    <Investigator>
      <FirstName>David</FirstName>
      <LastName>Dornfeld</LastName>
      <EmailAddress>dornfeld@me.berkeley.edu</EmailAddress>
      <StartDate>07/09/2002</StartDate>
      <EndDate/>
      <RoleCode>Principal Investigator</RoleCode>
    </Investigator>
    <Institution>
      <Name>University of California-Berkeley</Name>
      <CityName>BERKELEY</CityName>
      <ZipCode>947045940</ZipCode>
      <PhoneNumber>5106428109</PhoneNumber>
      <StreetAddress>Sponsored Projects Office</StreetAddress>
      <CountryName>United States</CountryName>
      <StateName>California</StateName>
      <StateCode>CA</StateCode>
    </Institution>
    <FoaInformation>
      <Code>0308000</Code>
      <Name>Industrial Technology</Name>
    </FoaInformation>
    <ProgramElement>
      <Code>1468</Code>
      <Text>Manufacturing Machines &amp; Equip</Text>
    </ProgramElement>
    <ProgramElement>
      <Code>1504</Code>
      <Text>GRANT OPP FOR ACAD LIA W/INDUS</Text>
    </ProgramElement>
    <ProgramReference>
      <Code>1049</Code>
      <Text>INDUSTRY-UNIV COOPERATIVE RSCH PROJECTS</Text>
    </ProgramReference>
    <ProgramReference>
      <Code>1468</Code>
      <Text>MANUFACTURING &amp; CONST MACH EQP</Text>
    </ProgramReference>
    <ProgramReference>
      <Code>1504</Code>
      <Text>GRANT OPP FOR ACAD LIA W/INDUS</Text>
    </ProgramReference>
    <ProgramReference>
      <Code>9146</Code>
      <Text>MANUFACTURING BASE RESEARCH</Text>
    </ProgramReference>
    <ProgramReference>
      <Code>MANU</Code>
      <Text>MANUFACTURING</Text>
    </ProgramReference>
  </Award>
</rootTag>
