<?xml version="1.0" encoding="UTF-8"?>

<rootTag>
  <Award>
    <AwardTitle>Regularity of Solutions of Evolution Equations</AwardTitle>
    <AwardEffectiveDate>07/01/2002</AwardEffectiveDate>
    <AwardExpirationDate>07/31/2004</AwardExpirationDate>
    <AwardAmount>78498</AwardAmount>
    <AwardInstrument>
      <Value>Continuing grant</Value>
    </AwardInstrument>
    <Organization>
      <Code>03040100</Code>
      <Directorate>
        <LongName>Direct For Mathematical &amp; Physical Scien</LongName>
      </Directorate>
      <Division>
        <LongName>Division Of Mathematical Sciences</LongName>
      </Division>
    </Organization>
    <ProgramOfficer>
      <SignBlockName>Joe W. Jenkins</SignBlockName>
    </ProgramOfficer>
    <AbstractNarration>PI: Lev Kapitanski, Kansas State University&lt;br/&gt;DMS-0200670&lt;br/&gt;&lt;br/&gt;&lt;br/&gt;%%%%%%%%%%%%%%%%%%%%%%%%%%%%&lt;br/&gt;&lt;br/&gt;&lt;br/&gt;Abstract.&lt;br/&gt;&lt;br/&gt;This project will focus on the analysis of the properties of solutions for both linear and nonlinear&lt;br/&gt;Schrodinger equations and on the analysis of ground states and evolution in the models of Skyrme and Faddeev. The principal investigator will continue his study of the exact and&lt;br/&gt;approximate fundamental solutions for time-dependent Schrodinger equations on noncompact and compact manifolds, with special emphasis on estimates relevant for nonlinear problems.&lt;br/&gt;For the models of Skyrme and Faddeev, he will study the existence of ground states and their regularity. Also, he will study the Cauchy problem for these models. The PI will extend the&lt;br/&gt;techniques developed recently in connection with wave maps and Schrodinger maps to these more complicated sigma-models. In addition, he will initiate computational analysis of the&lt;br/&gt;ground states and the Cauchy problem in the case when the base manifold is compact.&lt;br/&gt;&lt;br/&gt;The Schrodinger equation is the basic equation of quantum physics. The properties of its solutions for different physical systems and environments are of great importance&lt;br/&gt;to our understanding of quantum phenomena. On the other hand, to describe and better understand elementary particles, physicists design various mathematical models, or field theories. Of special interest are the models that use subtle topological invariants.&lt;br/&gt;The models of Skyrme and Faddeev are examples of such models. Their analysis poses challenging mathematical problems on the intersection of the theory of partial differential equations and geometry/topology and may bring new physical insights.</AbstractNarration>
    <MinAmdLetterDate>07/02/2002</MinAmdLetterDate>
    <MaxAmdLetterDate>06/18/2003</MaxAmdLetterDate>
    <ARRAAmount/>
    <AwardID>0200670</AwardID>
    <Investigator>
      <FirstName>Lev</FirstName>
      <LastName>Kapitanski</LastName>
      <EmailAddress>levkapit@math.miami.edu</EmailAddress>
      <StartDate>07/02/2002</StartDate>
      <EndDate/>
      <RoleCode>Principal Investigator</RoleCode>
    </Investigator>
    <Institution>
      <Name>Kansas State University</Name>
      <CityName>MANHATTAN</CityName>
      <ZipCode>665061103</ZipCode>
      <PhoneNumber>7855326804</PhoneNumber>
      <StreetAddress>2 FAIRCHILD HALL</StreetAddress>
      <CountryName>United States</CountryName>
      <StateName>Kansas</StateName>
      <StateCode>KS</StateCode>
    </Institution>
    <FoaInformation>
      <Code>0000099</Code>
      <Name>Other Applications NEC</Name>
    </FoaInformation>
    <ProgramElement>
      <Code>1281</Code>
      <Text>ANALYSIS PROGRAM</Text>
    </ProgramElement>
    <ProgramReference>
      <Code>0000</Code>
      <Text>UNASSIGNED</Text>
    </ProgramReference>
    <ProgramReference>
      <Code>9150</Code>
      <Text>EXP PROG TO STIM COMP RES</Text>
    </ProgramReference>
    <ProgramReference>
      <Code>OTHR</Code>
      <Text>OTHER RESEARCH OR EDUCATION</Text>
    </ProgramReference>
  </Award>
</rootTag>
