<?xml version="1.0" encoding="UTF-8"?>

<rootTag>
  <Award>
    <AwardTitle>Direct Write of Novel Optical Components</AwardTitle>
    <AwardEffectiveDate>06/01/2002</AwardEffectiveDate>
    <AwardExpirationDate>05/31/2006</AwardExpirationDate>
    <AwardAmount>350000</AwardAmount>
    <AwardInstrument>
      <Value>Standard Grant</Value>
    </AwardInstrument>
    <Organization>
      <Code>07030000</Code>
      <Directorate>
        <LongName>Directorate For Engineering</LongName>
      </Directorate>
      <Division>
        <LongName>Div Of Civil, Mechanical, &amp; Manufact Inn</LongName>
      </Division>
    </Organization>
    <ProgramOfficer>
      <SignBlockName>George A. Hazelrigg</SignBlockName>
    </ProgramOfficer>
    <AbstractNarration>The recent increase in demand for information bandwidth has created the need for improving current technologies for data, voice and video transmission. The telecommunications industry has increasingly emphasized the development of fiberoptic networks to meet this demand. One key to creating this infrastructure is the production of economical fiberoptic components, such as wave guides and Bragg gratings. Current manufacturing techniques for optical components and fiber preforms are limited to vapor deposition techniques and photolithographic processes. This research is to advance the field of optical component manufacturing through innovative direct-write processing. &lt;br/&gt;&lt;br/&gt;Our goal is to develop a novel manufacturing process based on laser sintering of materials produced from sol-gel processing techniques. Research tasks include: (1) characterizating the chemistry and processing of sol-gels; (2) design, construction, and testing of a workstation for combined sol-gel preparation and laser densification of multi-layer optical components; (3) developing a real time controller for the workstation; and (4) fabricating three-dimensional optical components to demonstrate the process. We expect fundamental science-based results in the areas of unique sol-gel materials and chemistry, repeatability of sol-gel processing, materials characterization, models for optical property control, machine design of sol-gel deposition and densification, and laser processing methods for micron and sub-micron materials. We also expect overall deliverables of a repeatable direct-write process and example 3D optical components. Collaboration with an industrial partner, 3M Corporation, will provide fundamental understanding of the industry needs and capabilities, leading to a higher potential for future commercialization. These unique research experiences will provide direct educational benefits to both graduate and undergraduate students in systems design engineering and optical product realization.&lt;br/&gt;&lt;br/&gt;We believe our approach will lead to innovative optical component designs, not producible by current vapor deposition techniques. These components will provide higher performance and enable the telecommunications industry to better meet the needs of society.</AbstractNarration>
    <MinAmdLetterDate>04/04/2002</MinAmdLetterDate>
    <MaxAmdLetterDate>04/04/2002</MaxAmdLetterDate>
    <ARRAAmount/>
    <AwardID>0200283</AwardID>
    <Investigator>
      <FirstName>Joseph</FirstName>
      <LastName>Beaman</LastName>
      <EmailAddress>jbeaman@mail.utexas.edu</EmailAddress>
      <StartDate>04/04/2002</StartDate>
      <EndDate/>
      <RoleCode>Principal Investigator</RoleCode>
    </Investigator>
    <Investigator>
      <FirstName>David</FirstName>
      <LastName>Bourell</LastName>
      <EmailAddress>dbourell@mail.utexas.edu</EmailAddress>
      <StartDate>04/04/2002</StartDate>
      <EndDate/>
      <RoleCode>Co-Principal Investigator</RoleCode>
    </Investigator>
    <Investigator>
      <FirstName>Kristin</FirstName>
      <LastName>Wood</LastName>
      <EmailAddress>wood@mail.utexas.edu</EmailAddress>
      <StartDate>04/04/2002</StartDate>
      <EndDate/>
      <RoleCode>Co-Principal Investigator</RoleCode>
    </Investigator>
    <Investigator>
      <FirstName>Richard</FirstName>
      <LastName>Crawford</LastName>
      <EmailAddress>rhc@mail.utexas.edu</EmailAddress>
      <StartDate>04/04/2002</StartDate>
      <EndDate/>
      <RoleCode>Co-Principal Investigator</RoleCode>
    </Investigator>
    <Investigator>
      <FirstName>Matthew</FirstName>
      <LastName>Campbell</LastName>
      <EmailAddress>matt.campbell@oregonstate.edu</EmailAddress>
      <StartDate>04/04/2002</StartDate>
      <EndDate/>
      <RoleCode>Co-Principal Investigator</RoleCode>
    </Investigator>
    <Institution>
      <Name>University of Texas at Austin</Name>
      <CityName>Austin</CityName>
      <ZipCode>787121532</ZipCode>
      <PhoneNumber>5124716424</PhoneNumber>
      <StreetAddress>101 E. 27th Street, Suite 5.300</StreetAddress>
      <CountryName>United States</CountryName>
      <StateName>Texas</StateName>
      <StateCode>TX</StateCode>
    </Institution>
    <FoaInformation>
      <Code>0308000</Code>
      <Name>Industrial Technology</Name>
    </FoaInformation>
    <ProgramElement>
      <Code>1467</Code>
      <Text>MATERIALS PROCESSING AND MANFG</Text>
    </ProgramElement>
    <ProgramElement>
      <Code>1468</Code>
      <Text>Manufacturing Machines &amp; Equip</Text>
    </ProgramElement>
    <ProgramReference>
      <Code>1468</Code>
      <Text>MANUFACTURING &amp; CONST MACH EQP</Text>
    </ProgramReference>
    <ProgramReference>
      <Code>9146</Code>
      <Text>MANUFACTURING BASE RESEARCH</Text>
    </ProgramReference>
    <ProgramReference>
      <Code>MANU</Code>
      <Text>MANUFACTURING</Text>
    </ProgramReference>
    <ProgramReference>
      <Code>1467</Code>
      <Text>MATERIALS PROCESSING AND MANFG</Text>
    </ProgramReference>
  </Award>
</rootTag>
