<?xml version="1.0" encoding="UTF-8"?>

<rootTag>
  <Award>
    <AwardTitle>Instabilities and Waves in Sheared Granular Materials</AwardTitle>
    <AwardEffectiveDate>11/01/2002</AwardEffectiveDate>
    <AwardExpirationDate>10/31/2004</AwardExpirationDate>
    <AwardAmount>50000</AwardAmount>
    <AwardInstrument>
      <Value>Standard Grant</Value>
    </AwardInstrument>
    <Organization>
      <Code>07020000</Code>
      <Directorate>
        <LongName>Directorate For Engineering</LongName>
      </Directorate>
      <Division>
        <LongName>Div Of Chem, Bioeng, Env, &amp; Transp Sys</LongName>
      </Division>
    </Organization>
    <ProgramOfficer>
      <SignBlockName>Triantafillos Mountziaris</SignBlockName>
    </ProgramOfficer>
    <AbstractNarration>Proposal Number: CTS-0200821&lt;br/&gt;Institution: Rutgers University&lt;br/&gt;PI Name: T. Shinbrot and B. Glasser&lt;br/&gt;Title: Instabilities and Waves in Sheared Granular Materials&lt;br/&gt;&lt;br/&gt;ABSTRACT&lt;br/&gt;&lt;br/&gt;The project is to investigate the shear instabilities at the interface between two streams of granular materials flowing down an inclined surface. The modes of instability produce various mixing characteristics which are of interest in many applications including pharmaceutical and food processing. The PIs will investigate this problem through experimental and computational methods based on MD and cellular automata simulations.</AbstractNarration>
    <MinAmdLetterDate>11/01/2002</MinAmdLetterDate>
    <MaxAmdLetterDate>11/01/2002</MaxAmdLetterDate>
    <ARRAAmount/>
    <AwardID>0200821</AwardID>
    <Investigator>
      <FirstName>Troy</FirstName>
      <LastName>Shinbrot</LastName>
      <EmailAddress>shinbrot@rutgers.edu</EmailAddress>
      <StartDate>11/01/2002</StartDate>
      <EndDate/>
      <RoleCode>Principal Investigator</RoleCode>
    </Investigator>
    <Investigator>
      <FirstName>Benjamin</FirstName>
      <LastName>Glasser</LastName>
      <EmailAddress>bglasser@rutgers.edu</EmailAddress>
      <StartDate>11/01/2002</StartDate>
      <EndDate/>
      <RoleCode>Co-Principal Investigator</RoleCode>
    </Investigator>
    <Institution>
      <Name>Rutgers University New Brunswick</Name>
      <CityName>Piscataway</CityName>
      <ZipCode>088543925</ZipCode>
      <PhoneNumber>8489320150</PhoneNumber>
      <StreetAddress>33 Knightsbridge Road</StreetAddress>
      <CountryName>United States</CountryName>
      <StateName>New Jersey</StateName>
      <StateCode>NJ</StateCode>
    </Institution>
    <FoaInformation>
      <Code>0308000</Code>
      <Name>Industrial Technology</Name>
    </FoaInformation>
    <ProgramElement>
      <Code>1415</Code>
      <Text>PARTICULATE &amp;MULTIPHASE PROCES</Text>
    </ProgramElement>
    <ProgramReference>
      <Code>0000</Code>
      <Text>UNASSIGNED</Text>
    </ProgramReference>
    <ProgramReference>
      <Code>OTHR</Code>
      <Text>OTHER RESEARCH OR EDUCATION</Text>
    </ProgramReference>
  </Award>
</rootTag>
