<?xml version="1.0" encoding="UTF-8"?>

<rootTag>
  <Award>
    <AwardTitle>In Situ Low Load Mechanical Behavior of Skeletal Muscle: An Improved Understanding of Injury and Healing</AwardTitle>
    <AwardEffectiveDate>09/01/2002</AwardEffectiveDate>
    <AwardExpirationDate>12/31/2005</AwardExpirationDate>
    <AwardAmount>296147</AwardAmount>
    <AwardInstrument>
      <Value>Continuing grant</Value>
    </AwardInstrument>
    <Organization>
      <Code>07020000</Code>
      <Directorate>
        <LongName>Directorate For Engineering</LongName>
      </Directorate>
      <Division>
        <LongName>Div Of Chem, Bioeng, Env, &amp; Transp Sys</LongName>
      </Division>
    </Organization>
    <ProgramOfficer>
      <SignBlockName>Semahat S. Demir</SignBlockName>
    </ProgramOfficer>
    <AbstractNarration>0201783&lt;br/&gt;Best&lt;br/&gt;Under this Investigator Initiated Award, studies will be performed that will improve understanding of the fundamental biomechanics of skeletal muscle and its mechanical response to stretch injury and healing. In particular, the stretch rate and stimulation effects on normal muscle behavior, and that of muscle recovering from eccentric stretch injury will be addressed. Skeletal muscle is a complex material that exhibits nonlinear viscoelastic behavior. Mechanical response to uniaxial stretch begins with nonlinear strain-stiffening, or toe-in behavior, followed by a linear response, and ultimately material softening prior to failure. Sensitivity to stretch rate and stimulation state variations, in both healthy and stretch-injured skeletal muscles, will be examined in vivo in rabbit Tibialis Anterior muscles. The PIs new phenomenological muscle model consisting of a nonlinear Maxwell fluid element combined in parallel with a contractile element and a stimulation induced linear spring, already demonstrated to explain the mechanical response outlined above, in conjunction with a carefully planned statistical design, will be used to interpret the experimental load-displacement data. Results of the studies have the potential of influencing treatment plans for skeletal muscle injuries.</AbstractNarration>
    <MinAmdLetterDate>07/25/2002</MinAmdLetterDate>
    <MaxAmdLetterDate>06/30/2004</MaxAmdLetterDate>
    <ARRAAmount/>
    <AwardID>0201783</AwardID>
    <Investigator>
      <FirstName>David</FirstName>
      <LastName>Corr</LastName>
      <EmailAddress>corrd@rpi.edu</EmailAddress>
      <StartDate>07/25/2002</StartDate>
      <EndDate/>
      <RoleCode>Co-Principal Investigator</RoleCode>
    </Investigator>
    <Investigator>
      <FirstName>Thomas</FirstName>
      <LastName>Best</LastName>
      <EmailAddress>Tom.Best@osumc.edu</EmailAddress>
      <StartDate>07/25/2002</StartDate>
      <EndDate/>
      <RoleCode>Principal Investigator</RoleCode>
    </Investigator>
    <Institution>
      <Name>University of Wisconsin-Madison</Name>
      <CityName>MADISON</CityName>
      <ZipCode>537151218</ZipCode>
      <PhoneNumber>6082623822</PhoneNumber>
      <StreetAddress>21 North Park Street</StreetAddress>
      <CountryName>United States</CountryName>
      <StateName>Wisconsin</StateName>
      <StateCode>WI</StateCode>
    </Institution>
    <FoaInformation>
      <Code>0203000</Code>
      <Name>Health</Name>
    </FoaInformation>
    <ProgramElement>
      <Code>5342</Code>
      <Text>Gen &amp; Age Rel Disabilities Eng</Text>
    </ProgramElement>
    <ProgramReference>
      <Code>0000</Code>
      <Text>UNASSIGNED</Text>
    </ProgramReference>
    <ProgramReference>
      <Code>OTHR</Code>
      <Text>OTHER RESEARCH OR EDUCATION</Text>
    </ProgramReference>
  </Award>
</rootTag>
