<?xml version="1.0" encoding="UTF-8"?>

<rootTag>
  <Award>
    <AwardTitle>RUI: Chemometric Tools for Characterization of Evolving Chemical Processes</AwardTitle>
    <AwardEffectiveDate>09/01/2002</AwardEffectiveDate>
    <AwardExpirationDate>08/31/2006</AwardExpirationDate>
    <AwardAmount>250414</AwardAmount>
    <AwardInstrument>
      <Value>Continuing grant</Value>
    </AwardInstrument>
    <Organization>
      <Code>03090006</Code>
      <Directorate>
        <LongName>Direct For Mathematical &amp; Physical Scien</LongName>
      </Directorate>
      <Division>
        <LongName>Division Of Chemistry</LongName>
      </Division>
    </Organization>
    <ProgramOfficer>
      <SignBlockName>Kelsey D. Cook</SignBlockName>
    </ProgramOfficer>
    <AbstractNarration>The project of Professor Paul Gemperline of East Carolina University, supported by the Analytical and Surface Chemistry and International Programs, seeks to develop a new class of mathematical modeling techniques. The objective is to extract quantitative chemical composition data from on-line monitoring of chemical reactions with multiple instrument systems. Improved modeling is possible with the combination of intrinsic and extrinsic measurements, such as Raman spectroscopy and on-line calorimetry. The combination should reduce both the number of reference spectra and the frequency of instrument calibrations. &lt;br/&gt;&lt;br/&gt;Mixtures of chemicals are common, occurring in industrial chemical production, chemical separations, spatially distributed chemicals on surfaces, and even in protein folding processes. Currently, rapid, automated quantification requires complete sets of reference spectra and frequent instrument calibration. Also, it is difficult to combine the results of two or more instruments into a single report of chemical composition. Professor Gemperline and his students will work closely with several European Union research groups, particularly groups in Spain and the Netherlands.</AbstractNarration>
    <MinAmdLetterDate>08/13/2002</MinAmdLetterDate>
    <MaxAmdLetterDate>04/12/2004</MaxAmdLetterDate>
    <ARRAAmount/>
    <AwardID>0201014</AwardID>
    <Investigator>
      <FirstName>Paul</FirstName>
      <LastName>Gemperline</LastName>
      <EmailAddress>gemperlinep@mail.ecu.edu</EmailAddress>
      <StartDate>08/13/2002</StartDate>
      <EndDate/>
      <RoleCode>Principal Investigator</RoleCode>
    </Investigator>
    <Institution>
      <Name>East Carolina University</Name>
      <CityName>Greenville</CityName>
      <ZipCode>278584353</ZipCode>
      <PhoneNumber>2523289540</PhoneNumber>
      <StreetAddress>Office of Sponsored Programs</StreetAddress>
      <CountryName>United States</CountryName>
      <StateName>North Carolina</StateName>
      <StateCode>NC</StateCode>
    </Institution>
    <FoaInformation>
      <Code>0512004</Code>
      <Name>Analytical Procedures</Name>
    </FoaInformation>
    <ProgramElement>
      <Code>1974</Code>
      <Text>ANALYTICAL SEPARATIONS &amp; MEAS.</Text>
    </ProgramElement>
    <ProgramElement>
      <Code>5980</Code>
      <Text>WESTERN EUROPE PROGRAM</Text>
    </ProgramElement>
    <ProgramReference>
      <Code>0000</Code>
      <Text>UNASSIGNED</Text>
    </ProgramReference>
    <ProgramReference>
      <Code>5914</Code>
      <Text>WESTERN EUROPE, OTHER</Text>
    </ProgramReference>
    <ProgramReference>
      <Code>9178</Code>
      <Text>UNDERGRADUATE EDUCATION</Text>
    </ProgramReference>
    <ProgramReference>
      <Code>9229</Code>
      <Text>RES IN UNDERGRAD INST-RESEARCH</Text>
    </ProgramReference>
    <ProgramReference>
      <Code>OTHR</Code>
      <Text>OTHER RESEARCH OR EDUCATION</Text>
    </ProgramReference>
  </Award>
</rootTag>
