<?xml version="1.0" encoding="UTF-8"?>

<rootTag>
  <Award>
    <AwardTitle>PostDoctoral Research Fellowship</AwardTitle>
    <AwardEffectiveDate>09/01/2002</AwardEffectiveDate>
    <AwardExpirationDate>08/31/2006</AwardExpirationDate>
    <AwardAmount>108000</AwardAmount>
    <AwardInstrument>
      <Value>Fellowship</Value>
    </AwardInstrument>
    <Organization>
      <Code>03040100</Code>
      <Directorate>
        <LongName>Direct For Mathematical &amp; Physical Scien</LongName>
      </Directorate>
      <Division>
        <LongName>Division Of Mathematical Sciences</LongName>
      </Division>
    </Organization>
    <ProgramOfficer>
      <SignBlockName>Dean M. Evasius</SignBlockName>
    </ProgramOfficer>
    <AbstractNarration>Postdoctoral Fellowship</AbstractNarration>
    <MinAmdLetterDate>07/24/2002</MinAmdLetterDate>
    <MaxAmdLetterDate>07/24/2002</MaxAmdLetterDate>
    <ARRAAmount/>
    <AwardID>0201960</AwardID>
    <Investigator>
      <FirstName>Mark</FirstName>
      <LastName>Tomforde</LastName>
      <EmailAddress/>
      <StartDate>07/24/2002</StartDate>
      <EndDate/>
      <RoleCode>Principal Investigator</RoleCode>
    </Investigator>
    <Institution>
      <Name>Tomforde Mark L</Name>
      <CityName>Hanover, NH</CityName>
      <ZipCode>037553551</ZipCode>
      <PhoneNumber/>
      <StreetAddress/>
      <CountryName>United States</CountryName>
      <StateName>New Hampshire</StateName>
      <StateCode>NH</StateCode>
    </Institution>
    <FoaInformation>
      <Code>0000099</Code>
      <Name>Other Applications NEC</Name>
    </FoaInformation>
  </Award>
</rootTag>
