<?xml version="1.0" encoding="UTF-8"?>

<rootTag>
  <Award>
    <AwardTitle>Tidal Interactions in Stars and Planets</AwardTitle>
    <AwardEffectiveDate>08/01/2002</AwardEffectiveDate>
    <AwardExpirationDate>07/31/2005</AwardExpirationDate>
    <AwardAmount>187000</AwardAmount>
    <AwardInstrument>
      <Value>Fellowship</Value>
    </AwardInstrument>
    <Organization>
      <Code>03020000</Code>
      <Directorate>
        <LongName>Direct For Mathematical &amp; Physical Scien</LongName>
      </Directorate>
      <Division>
        <LongName>Division Of Astronomical Sciences</LongName>
      </Division>
    </Organization>
    <ProgramOfficer>
      <SignBlockName>Dana E Lehr</SignBlockName>
    </ProgramOfficer>
    <AbstractNarration>AST-0201636&lt;br/&gt;Arras, Philip&lt;br/&gt;&lt;br/&gt;Dr. Arras is awarded an NSF Astronomy and Astrophysics Postdoctoral Fellowship to carry out a program of research and education at the Institute for Theoretical Physics at the University of California Santa Barbara (UCSB). He will conduct theoretical studies of the tidal interactions between stars and planets. His work will explore the tidal effect of the primary star on various orbiting objects: close-in extrasolar planets, Jupiter-type planets, stars which are still forming, and ordinary low-mass stars. He hopes to use his calculations to explain recent observations of extrasolar planets as well as observations of Jupiter's atmosphere. For his educational component, he will develop two new physics courses to be taught at UCSB: a graduate course on galactic dynamics, and an undergraduate course on fluid mechanics called "The Physics of California" that will apply the material to local natural phenomena such as waves and earthquakes.&lt;br/&gt;***</AbstractNarration>
    <MinAmdLetterDate>06/06/2002</MinAmdLetterDate>
    <MaxAmdLetterDate>06/21/2004</MaxAmdLetterDate>
    <ARRAAmount/>
    <AwardID>0201636</AwardID>
    <Investigator>
      <FirstName>Philip</FirstName>
      <LastName>Arras</LastName>
      <EmailAddress/>
      <StartDate>06/06/2002</StartDate>
      <EndDate/>
      <RoleCode>Principal Investigator</RoleCode>
    </Investigator>
    <Institution>
      <Name>Arras Philip L</Name>
      <CityName>Toronto, Ontario, M5S3H8</CityName>
      <ZipCode/>
      <PhoneNumber/>
      <StreetAddress/>
      <CountryName>Canada</CountryName>
      <StateName/>
      <StateCode/>
    </Institution>
    <ProgramElement>
      <Code>1609</Code>
      <Text>NSF ASTRON &amp; ASTROPHY PSTDC FE</Text>
    </ProgramElement>
    <ProgramReference>
      <Code>0000</Code>
      <Text>UNASSIGNED</Text>
    </ProgramReference>
    <ProgramReference>
      <Code>1206</Code>
      <Text>THEORETICAL &amp; COMPUTATIONAL ASTROPHYSICS</Text>
    </ProgramReference>
    <ProgramReference>
      <Code>OTHR</Code>
      <Text>OTHER RESEARCH OR EDUCATION</Text>
    </ProgramReference>
  </Award>
</rootTag>
