<?xml version="1.0" encoding="UTF-8"?>

<rootTag>
  <Award>
    <AwardTitle>Collaborative Research: Evaluation of 2D vs 3D Multielectrode Resistivity for the Characterization of Shallow Karst</AwardTitle>
    <AwardEffectiveDate>06/01/2002</AwardEffectiveDate>
    <AwardExpirationDate>05/31/2005</AwardExpirationDate>
    <AwardAmount>76749</AwardAmount>
    <AwardInstrument>
      <Value>Standard Grant</Value>
    </AwardInstrument>
    <Organization>
      <Code>07030000</Code>
      <Directorate>
        <LongName>Directorate For Engineering</LongName>
      </Directorate>
      <Division>
        <LongName>Div Of Civil, Mechanical, &amp; Manufact Inn</LongName>
      </Division>
    </Organization>
    <ProgramOfficer>
      <SignBlockName>Richard J. Fragaszy</SignBlockName>
    </ProgramOfficer>
    <AbstractNarration>CMS-0201015&lt;br/&gt;PI: Mary Roth&lt;br/&gt;Institution: Lafayette College&lt;br/&gt;Title: "Collaborative Research: Evaluation of 2D vs 3D Multielectrode Resistivity for the Characterization of Shallow Karst"&lt;br/&gt;&lt;br/&gt;Sinkholes in areas with soluble bedrock (e.g., limestone and dolomite) are a cause of cost overruns during construction and of structural failures. These areas can be found in 15% of the United States and estimated costs of failures caused by sinkholes in eastern central Pennsylvania since 1975 exceed 30 million dollars. The frequency of these problems can be reduced by improving methods for locating subsurface voids that cause sinkholes. Two-dimensional earth-resistivity testing has been demonstrated to be useful, but because 2D geometry is assumed, this method has limited ability to determine void size and orientation. Features adjacent to the 2D resistivity line and directly below the line affect the results. Three-dimensional resistivity tests are time-consuming and do not provide sufficient detail for geotechnical investigations unless thousands of electrodes are used.&lt;br/&gt;In this project, interpretation of resistivity data is being improved by comparing two field methods. The first method incorporates multiple 2D resistivity lines into three-dimensional models. The second method develops large 3D data sets from multiple smaller, overlapping 3D surveys. Both approaches should be able to determine void geometry by developing a 3D resistivity model from data collected with a practical number of electrodes. To test the methods, the geometry of a natural subsurface cave is being mapped and resistivity results over the cave are compared to actual cave geometry. &lt;br/&gt;The project will result in an improved investigation strategy for sites located in sinkhole areas. Two additional features of this project should be noted. First, the project is being conducted at a site that has been used by other researchers. Further characterization of the conditions at the site will encourage additional collaboration to test new investigation methods. Second, the project involves collaboration of an undergraduate institution with a graduate institution. Such collaboration will encourage students to obtain post-graduate education.</AbstractNarration>
    <MinAmdLetterDate>05/28/2002</MinAmdLetterDate>
    <MaxAmdLetterDate>05/28/2002</MaxAmdLetterDate>
    <ARRAAmount/>
    <AwardID>0201015</AwardID>
    <Investigator>
      <FirstName>Mary</FirstName>
      <LastName>Roth</LastName>
      <EmailAddress>rothm@lafayette.edu</EmailAddress>
      <StartDate>05/28/2002</StartDate>
      <EndDate/>
      <RoleCode>Principal Investigator</RoleCode>
    </Investigator>
    <Institution>
      <Name>Lafayette College</Name>
      <CityName>Easton</CityName>
      <ZipCode>180421768</ZipCode>
      <PhoneNumber>6103305029</PhoneNumber>
      <StreetAddress>High Street</StreetAddress>
      <CountryName>United States</CountryName>
      <StateName>Pennsylvania</StateName>
      <StateCode>PA</StateCode>
    </Institution>
    <FoaInformation>
      <Code>0106000</Code>
      <Name>Materials Research</Name>
    </FoaInformation>
    <ProgramElement>
      <Code>1634</Code>
      <Text>GEOMECHANICS &amp; GEOMATERIALS</Text>
    </ProgramElement>
    <ProgramReference>
      <Code>1057</Code>
      <Text>CIS BASE RESEARCH</Text>
    </ProgramReference>
    <ProgramReference>
      <Code>CVIS</Code>
      <Text>CIVIL INFRASTRUCTURE</Text>
    </ProgramReference>
  </Award>
</rootTag>
