<?xml version="1.0" encoding="UTF-8"?>

<rootTag>
  <Award>
    <AwardTitle>Combinatorial Models of Perverse Sheaves</AwardTitle>
    <AwardEffectiveDate>07/01/2002</AwardEffectiveDate>
    <AwardExpirationDate>12/31/2005</AwardExpirationDate>
    <AwardAmount>87001</AwardAmount>
    <AwardInstrument>
      <Value>Continuing grant</Value>
    </AwardInstrument>
    <Organization>
      <Code>03040200</Code>
      <Directorate>
        <LongName>Direct For Mathematical &amp; Physical Scien</LongName>
      </Directorate>
      <Division>
        <LongName>Division Of Mathematical Sciences</LongName>
      </Division>
    </Organization>
    <ProgramOfficer>
      <SignBlockName>Tomek Bartoszynski</SignBlockName>
    </ProgramOfficer>
    <AbstractNarration>The principal investigator will study combinatorial models of &lt;br/&gt;categories of perverse sheaves on spaces which carry important &lt;br/&gt;combinatorial and representation theoretic information, mainly &lt;br/&gt;flag varieties and toric varieties. The models use data obtained &lt;br/&gt;from natural symmetries on these spaces via the moment map. These &lt;br/&gt;methods will be applied to problems in representation theory, &lt;br/&gt;including Lusztig's conjecture on modular representations and &lt;br/&gt;Beilinson, Ginzburg and Soergel's theory of Koszul duality for &lt;br/&gt;Lie algebra representations. The PI and his collaborators will &lt;br/&gt;develop computer algebra software to do computations with these&lt;br/&gt;models.&lt;br/&gt;&lt;br/&gt;This project involves geometry related to representation theory. &lt;br/&gt;Representation theory studies ways to present a given algebraic &lt;br/&gt;object, usually a group of symmetries, as a collection of linear &lt;br/&gt;transformations. It has applications to many fields, from number &lt;br/&gt;theory to mathematical physics. An important thread in modern &lt;br/&gt;representation theory involves extracting algebraic information &lt;br/&gt;from the geometry of an associated space, which is generally also &lt;br/&gt;intrinsically beautiful in its own right.</AbstractNarration>
    <MinAmdLetterDate>07/05/2002</MinAmdLetterDate>
    <MaxAmdLetterDate>04/20/2004</MaxAmdLetterDate>
    <ARRAAmount/>
    <AwardID>0201823</AwardID>
    <Investigator>
      <FirstName>Tom</FirstName>
      <LastName>Braden</LastName>
      <EmailAddress>braden@math.umass.edu</EmailAddress>
      <StartDate>07/05/2002</StartDate>
      <EndDate/>
      <RoleCode>Principal Investigator</RoleCode>
    </Investigator>
    <Institution>
      <Name>University of Massachusetts Amherst</Name>
      <CityName>Hadley</CityName>
      <ZipCode>010359450</ZipCode>
      <PhoneNumber>4135450698</PhoneNumber>
      <StreetAddress>Research Administration Building</StreetAddress>
      <CountryName>United States</CountryName>
      <StateName>Massachusetts</StateName>
      <StateCode>MA</StateCode>
    </Institution>
    <FoaInformation>
      <Code>0000099</Code>
      <Name>Other Applications NEC</Name>
    </FoaInformation>
    <ProgramElement>
      <Code>1264</Code>
      <Text>ALGEBRA,NUMBER THEORY,AND COM</Text>
    </ProgramElement>
    <ProgramElement>
      <Code>1271</Code>
      <Text>COMPUTATIONAL MATHEMATICS</Text>
    </ProgramElement>
    <ProgramReference>
      <Code>0000</Code>
      <Text>UNASSIGNED</Text>
    </ProgramReference>
    <ProgramReference>
      <Code>OTHR</Code>
      <Text>OTHER RESEARCH OR EDUCATION</Text>
    </ProgramReference>
    <ProgramReference>
      <Code>9263</Code>
      <Text>COMPUTATIONAL SCIENCE &amp; ENGING</Text>
    </ProgramReference>
  </Award>
</rootTag>
