<?xml version="1.0" encoding="UTF-8"?>

<rootTag>
  <Award>
    <AwardTitle>Robust Control of Nonlinear Systems Using Model Error Control Synthesis</AwardTitle>
    <AwardEffectiveDate>07/01/2002</AwardEffectiveDate>
    <AwardExpirationDate>08/31/2004</AwardExpirationDate>
    <AwardAmount>88420</AwardAmount>
    <AwardInstrument>
      <Value>Standard Grant</Value>
    </AwardInstrument>
    <Organization>
      <Code>07030000</Code>
      <Directorate>
        <LongName>Directorate For Engineering</LongName>
      </Directorate>
      <Division>
        <LongName>Div Of Civil, Mechanical, &amp; Manufact Inn</LongName>
      </Division>
    </Organization>
    <ProgramOfficer>
      <SignBlockName>Mario A. Rotea</SignBlockName>
    </ProgramOfficer>
    <AbstractNarration>The proposed work aims at developing a comprehensive theory for the robust control of both linear and nonlinear systems. A new approach will be investigated that uses a real-time nonlinear estimator to determine model-error corrections to the control input. The estimator determines the model error using a one time-step ahead approach. Also, the estimator can be used to determine state quantities. Control compensation is achieved by using the estimated model error as a signal synthesis adaptive correction to the nominal control input so that maximum performance is achieved in the face of significant model uncertainty and disturbance inputs. A significant advantage of this approach over other adaptive methods is that model parameters need not be updated online. Instead, the effect of these errors is used to update the actual control signal, which leads to a simple design strategy. The novel part of the control approach is that it combines a nonlinear estimator and a nonlinear controller in a cohesive approach to provide system robustness. The design procedure is straightforward, unlike other methods such as standard adaptive control methods that may involve extensive design procedures to guarantee performance specifications. The impact of this proposed work will be the development of a methodology that is at once of basic theoretical value and will enable a large class of system applications in engineering applied science. Additionally, Prof. Crassidis will be engaged in both international collaborations and workshops for dissemination of this research.</AbstractNarration>
    <MinAmdLetterDate>06/27/2002</MinAmdLetterDate>
    <MaxAmdLetterDate>12/11/2003</MaxAmdLetterDate>
    <ARRAAmount/>
    <AwardID>0201361</AwardID>
    <Investigator>
      <FirstName>John</FirstName>
      <LastName>Crassidis</LastName>
      <EmailAddress>johnc@buffalo.edu</EmailAddress>
      <StartDate>06/27/2002</StartDate>
      <EndDate/>
      <RoleCode>Principal Investigator</RoleCode>
    </Investigator>
    <Institution>
      <Name>SUNY at Buffalo</Name>
      <CityName>Amherst</CityName>
      <ZipCode>142282567</ZipCode>
      <PhoneNumber>7166452634</PhoneNumber>
      <StreetAddress>520 Lee Entrance</StreetAddress>
      <CountryName>United States</CountryName>
      <StateName>New York</StateName>
      <StateCode>NY</StateCode>
    </Institution>
    <FoaInformation>
      <Code>0308000</Code>
      <Name>Industrial Technology</Name>
    </FoaInformation>
    <ProgramElement>
      <Code>1632</Code>
      <Text>CONTROL SYSTEMS</Text>
    </ProgramElement>
    <ProgramReference>
      <Code>1039</Code>
      <Text>RENEWAL ENGINEERING</Text>
    </ProgramReference>
    <ProgramReference>
      <Code>1057</Code>
      <Text>CIS BASE RESEARCH</Text>
    </ProgramReference>
    <ProgramReference>
      <Code>CVIS</Code>
      <Text>CIVIL INFRASTRUCTURE</Text>
    </ProgramReference>
  </Award>
</rootTag>
