<?xml version="1.0" encoding="UTF-8"?>

<rootTag>
  <Award>
    <AwardTitle>U.S.-Korea Cooperative Research: The Insect Pathogen Xenorhabdus Nematophilus depresses Host Immunity by Inhibiting Eicosanoid Biosynthesis</AwardTitle>
    <AwardEffectiveDate>06/15/2002</AwardEffectiveDate>
    <AwardExpirationDate>05/31/2005</AwardExpirationDate>
    <AwardAmount>13090</AwardAmount>
    <AwardInstrument>
      <Value>Standard Grant</Value>
    </AwardInstrument>
    <Organization>
      <Code>01090000</Code>
      <Directorate>
        <LongName>Office Of The Director</LongName>
      </Directorate>
      <Division>
        <LongName>Office Of Internatl Science &amp;Engineering</LongName>
      </Division>
    </Organization>
    <ProgramOfficer>
      <SignBlockName>Richard H. Nader</SignBlockName>
    </ProgramOfficer>
    <AbstractNarration>INT-0201376&lt;br/&gt;David Stanley&lt;br/&gt;University of Nebraska-Lincolnl&lt;br/&gt;&lt;br/&gt;&lt;br/&gt;The project is about international collaboration with researchers in Korea, focusing on insect immunity: The insect pathogen Xenorhabdus nematophilus depresses host immunity by inhibiting eicosanoid biosynthesis. Insects are the most successful group of animals and the only serious biological competitor with humans. Insects exert tremendous economic and public health impacts on human life and life quality. The development of effective and environmentally compatible insect management strategies is necessary. The earlier collaboration study shows that a bacterial factor which is present in the organic fraction of the bacterial culture medium inhibits cellular immune reactions. The proposed study is to identify the bacterial factor responsible for inhibiting eicosanoid biosynthesis and to determine the influence of this factor on bacterial pathogenesis.</AbstractNarration>
    <MinAmdLetterDate>06/26/2002</MinAmdLetterDate>
    <MaxAmdLetterDate>06/26/2002</MaxAmdLetterDate>
    <ARRAAmount/>
    <AwardID>0201376</AwardID>
    <Investigator>
      <FirstName>David</FirstName>
      <LastName>Stanley</LastName>
      <EmailAddress>dstanley1@unl.edu</EmailAddress>
      <StartDate>06/26/2002</StartDate>
      <EndDate/>
      <RoleCode>Principal Investigator</RoleCode>
    </Investigator>
    <Institution>
      <Name>University of Nebraska-Lincoln</Name>
      <CityName>Lincoln</CityName>
      <ZipCode>685031435</ZipCode>
      <PhoneNumber>4024723171</PhoneNumber>
      <StreetAddress>151 Prem S. Paul Research Center</StreetAddress>
      <CountryName>United States</CountryName>
      <StateName>Nebraska</StateName>
      <StateCode>NE</StateCode>
    </Institution>
    <FoaInformation>
      <Code>0302000</Code>
      <Name>Biological Pest Control</Name>
    </FoaInformation>
    <ProgramElement>
      <Code>5978</Code>
      <Text>EAST ASIA AND PACIFIC PROGRAM</Text>
    </ProgramElement>
    <ProgramReference>
      <Code>0000</Code>
      <Text>UNASSIGNED</Text>
    </ProgramReference>
    <ProgramReference>
      <Code>5942</Code>
      <Text>KOREA</Text>
    </ProgramReference>
    <ProgramReference>
      <Code>9150</Code>
      <Text>EXP PROG TO STIM COMP RES</Text>
    </ProgramReference>
    <ProgramReference>
      <Code>OTHR</Code>
      <Text>OTHER RESEARCH OR EDUCATION</Text>
    </ProgramReference>
  </Award>
</rootTag>
