<?xml version="1.0" encoding="UTF-8"?>

<rootTag>
  <Award>
    <AwardTitle>Shock Wave Lithotripsy: Mechanisms and Amelioration of Vascular Damage</AwardTitle>
    <AwardEffectiveDate>10/01/2002</AwardEffectiveDate>
    <AwardExpirationDate>09/30/2006</AwardExpirationDate>
    <AwardAmount>306000</AwardAmount>
    <AwardInstrument>
      <Value>Continuing grant</Value>
    </AwardInstrument>
    <Organization>
      <Code>07020000</Code>
      <Directorate>
        <LongName>Directorate For Engineering</LongName>
      </Directorate>
      <Division>
        <LongName>Div Of Chem, Bioeng, Env, &amp; Transp Sys</LongName>
      </Division>
    </Organization>
    <ProgramOfficer>
      <SignBlockName>Semahat S. Demir</SignBlockName>
    </ProgramOfficer>
    <AbstractNarration>0201921&lt;br/&gt;Szeri&lt;br/&gt;In current clinical practice, Shock Wave Lithotripsy (SWL) is routinely used for treatment of urolithiasis (kidney stones). It also causes acute renal injury: including hemorrhage, hematoma and edema. The rupture of small blood vessels is a primary feature of vascular injury associated with SWL. The potential mechanisms are: stretching and rupture of vessels by growth of constrained bubbles, or damage of vessel walls by asymmetric collapse of constrained cavitation bubbles, and possibly damage of vessel walls by attack of free radicals produced in the bubble collapses. &lt;br/&gt;&lt;br/&gt;Prior work has shown that bubbles are associated with phantom vessel damage by an XL-1 lithotripter in vitro . However, there is doubt as to the precise mechanism of damage. Prior work has also shown that, to compare well with experiments, vapor dynamics need to be included in SWL bubble simulations. A simulation has been developed of non-spherical collapses including heat and vapor transfer. A slight modification to a Dornier HM-3 clinical lithotripter can reduce problematical bubble growth and thus decrease the potential for vascular injury in SWL while maintaining satisfactory stone comminution. Finally, the investigators have developed an analytical theory and computer simulation of the focusing of spherical compression waves into shocks, even where there are strong material inhomogeneities.&lt;br/&gt;&lt;br/&gt;The first goal of the proposed research is to determine the mechanism of damage by bubbles in blood vessels interacting with lithotripter shock waves (LSW). The second goal is to develop a rational procedure to optimize the compression wave that becomes the LSW, so as to minimize the potential for bubble growth while maintaining stone comminution. Both goals will be reached through theory, simulation and experiment.</AbstractNarration>
    <MinAmdLetterDate>09/25/2002</MinAmdLetterDate>
    <MaxAmdLetterDate>02/07/2005</MaxAmdLetterDate>
    <ARRAAmount/>
    <AwardID>0201921</AwardID>
    <Investigator>
      <FirstName>Andrew</FirstName>
      <LastName>Szeri</LastName>
      <EmailAddress>aszeri@berkeley.edu</EmailAddress>
      <StartDate>09/25/2002</StartDate>
      <EndDate/>
      <RoleCode>Principal Investigator</RoleCode>
    </Investigator>
    <Institution>
      <Name>University of California-Berkeley</Name>
      <CityName>BERKELEY</CityName>
      <ZipCode>947045940</ZipCode>
      <PhoneNumber>5106428109</PhoneNumber>
      <StreetAddress>Sponsored Projects Office</StreetAddress>
      <CountryName>United States</CountryName>
      <StateName>California</StateName>
      <StateCode>CA</StateCode>
    </Institution>
    <FoaInformation>
      <Code>0203000</Code>
      <Name>Health</Name>
    </FoaInformation>
    <FoaInformation>
      <Code>0000099</Code>
      <Name>Other Applications NEC</Name>
    </FoaInformation>
    <ProgramElement>
      <Code>5345</Code>
      <Text>BIOMEDICAL ENGINEERING</Text>
    </ProgramElement>
    <ProgramReference>
      <Code>0000</Code>
      <Text>UNASSIGNED</Text>
    </ProgramReference>
    <ProgramReference>
      <Code>OTHR</Code>
      <Text>OTHER RESEARCH OR EDUCATION</Text>
    </ProgramReference>
    <ProgramReference>
      <Code>9251</Code>
      <Text>RES EXPER FOR UNDERGRAD-SUPPLT</Text>
    </ProgramReference>
  </Award>
</rootTag>
