<?xml version="1.0" encoding="UTF-8"?>

<rootTag>
  <Award>
    <AwardTitle>Computer Security and Data Assurance Associate Degree Program</AwardTitle>
    <AwardEffectiveDate>09/15/2002</AwardEffectiveDate>
    <AwardExpirationDate>08/31/2006</AwardExpirationDate>
    <AwardAmount>688414</AwardAmount>
    <AwardInstrument>
      <Value>Continuing grant</Value>
    </AwardInstrument>
    <Organization>
      <Code>11040100</Code>
      <Directorate>
        <LongName>Direct For Education and Human Resources</LongName>
      </Directorate>
      <Division>
        <LongName>Division Of Undergraduate Education</LongName>
      </Division>
    </Organization>
    <ProgramOfficer>
      <SignBlockName>R. Corby Hovis</SignBlockName>
    </ProgramOfficer>
    <AbstractNarration>In response to the national need for information technology workers with expertise in information systems security, this project is developing an associate degree program in computer security and data assurance at Norwalk Community College. The new program leads students either to immediate employment or to a related four-year degree at Western Connecticut State University.&lt;br/&gt;&lt;br/&gt;In developing the curriculum, investigators are examining existing computer security curricula and standards in order to adapt and build on exemplary resources. The investigators are also introducing a faculty externship program, which provides faculty members with relevant workplace experiences so they can better prepare their students for careers in the computer security field. Although the project's primary audience is two-year college faculty and students, the goal is to create a computer security career pathway from secondary schools to two-year colleges and on to universities. Objectives and activities in the project include:&lt;br/&gt;&lt;br/&gt;* adapting computer security curricula to create a career pathway from secondary schools to two-year colleges and four-year universities;&lt;br/&gt;&lt;br/&gt;* implementing an externship program for faculty;&lt;br/&gt;&lt;br/&gt;* creating practical lab experiences with a Unix/NT "anti-hackers" lab and teleconferencing equipment for distance learning;&lt;br/&gt;&lt;br/&gt;* utilizing a faculty externship and student outreach coordinator to administer externship placements and recruit students for the computer security program;&lt;br/&gt;&lt;br/&gt;* disseminating the computer security materials, curriculum, and model throughout Connecticut; and&lt;br/&gt;&lt;br/&gt;* hosting an annual cybersecurity conference.&lt;br/&gt;&lt;br/&gt;The project is guided by an advisory committee of representatives from business and industry, professional associations in the computer security field, other colleges and universities, and law enforcement.</AbstractNarration>
    <MinAmdLetterDate>09/11/2002</MinAmdLetterDate>
    <MaxAmdLetterDate>11/30/2005</MaxAmdLetterDate>
    <ARRAAmount/>
    <AwardID>0201873</AwardID>
    <Investigator>
      <FirstName>Marie</FirstName>
      <LastName>Wright</LastName>
      <EmailAddress>wrightm@wcsu.edu</EmailAddress>
      <StartDate>09/11/2002</StartDate>
      <EndDate/>
      <RoleCode>Co-Principal Investigator</RoleCode>
    </Investigator>
    <Investigator>
      <FirstName>Rose</FirstName>
      <LastName>Ellis</LastName>
      <EmailAddress>rellis@ncc.commnet.edu</EmailAddress>
      <StartDate>11/30/2005</StartDate>
      <EndDate/>
      <RoleCode>Principal Investigator</RoleCode>
    </Investigator>
    <Investigator>
      <FirstName>Jeffrey</FirstName>
      <LastName>Cantor</LastName>
      <EmailAddress>nk_cantor@commnet.edu</EmailAddress>
      <StartDate>09/11/2002</StartDate>
      <EndDate/>
      <RoleCode>Co-Principal Investigator</RoleCode>
    </Investigator>
    <Investigator>
      <FirstName>John</FirstName>
      <LastName>Fisher</LastName>
      <EmailAddress>nk_fisher@commnet.edu</EmailAddress>
      <StartDate>09/11/2002</StartDate>
      <EndDate/>
      <RoleCode>Co-Principal Investigator</RoleCode>
    </Investigator>
    <Investigator>
      <FirstName>Thomas</FirstName>
      <LastName>Duffy</LastName>
      <EmailAddress>tduffy@ncc.commnet.edu</EmailAddress>
      <StartDate>11/30/2005</StartDate>
      <EndDate/>
      <RoleCode>Co-Principal Investigator</RoleCode>
    </Investigator>
    <Investigator>
      <FirstName>Barbara</FirstName>
      <LastName>Huffman de Belon</LastName>
      <EmailAddress>bbelon@ncc.commnet.edu</EmailAddress>
      <StartDate>09/11/2002</StartDate>
      <EndDate>11/30/2005</EndDate>
      <RoleCode>Former Principal Investigator</RoleCode>
    </Investigator>
    <Institution>
      <Name>Norwalk Community College</Name>
      <CityName>norwalk</CityName>
      <ZipCode>068540000</ZipCode>
      <PhoneNumber>2038577263</PhoneNumber>
      <StreetAddress>188 Richards Avenue</StreetAddress>
      <CountryName>United States</CountryName>
      <StateName>Connecticut</StateName>
      <StateCode>CT</StateCode>
    </Institution>
    <FoaInformation>
      <Code>0000099</Code>
      <Name>Other Applications NEC</Name>
    </FoaInformation>
    <ProgramElement>
      <Code>7412</Code>
      <Text>ADVANCED TECH EDUCATION PROG</Text>
    </ProgramElement>
    <ProgramReference>
      <Code>1032</Code>
      <Text>ADVANCED TECHNOLOGY EDUCATION</Text>
    </ProgramReference>
    <ProgramReference>
      <Code>9178</Code>
      <Text>UNDERGRADUATE EDUCATION</Text>
    </ProgramReference>
    <ProgramReference>
      <Code>SMET</Code>
      <Text>SCIENCE, MATH, ENG &amp; TECH EDUCATION</Text>
    </ProgramReference>
  </Award>
</rootTag>
