<?xml version="1.0" encoding="UTF-8"?>

<rootTag>
  <Award>
    <AwardTitle>GEM: Simulating Three Dimensional Radiation Belt Dynamics</AwardTitle>
    <AwardEffectiveDate>04/01/2002</AwardEffectiveDate>
    <AwardExpirationDate>03/31/2006</AwardExpirationDate>
    <AwardAmount>254999</AwardAmount>
    <AwardInstrument>
      <Value>Continuing grant</Value>
    </AwardInstrument>
    <Organization>
      <Code>06020202</Code>
      <Directorate>
        <LongName>Directorate For Geosciences</LongName>
      </Directorate>
      <Division>
        <LongName>Div Atmospheric &amp; Geospace Sciences</LongName>
      </Division>
    </Organization>
    <ProgramOfficer>
      <SignBlockName>kile baker</SignBlockName>
    </ProgramOfficer>
    <AbstractNarration>The project will investigate the role of ULF waves in the energization and diffusion of highly energetic radiation belt particles. It will extend a previously existing two-dimensional model of energetic particles in the Earth's radiation belts to three dimensions, which will allow the model to include effects such as losses of energetic particles to the upper atmosphere. It will couple the model to a more realistic model of the magnetic field and electric field produced by Magnetohydrodynamic modeling of the global magnetosphere.</AbstractNarration>
    <MinAmdLetterDate>04/04/2002</MinAmdLetterDate>
    <MaxAmdLetterDate>06/03/2004</MaxAmdLetterDate>
    <ARRAAmount/>
    <AwardID>0201624</AwardID>
    <Investigator>
      <FirstName>Michael</FirstName>
      <LastName>Wiltberger</LastName>
      <EmailAddress>wiltbemj@ucar.edu</EmailAddress>
      <StartDate>04/04/2002</StartDate>
      <EndDate/>
      <RoleCode>Co-Principal Investigator</RoleCode>
    </Investigator>
    <Investigator>
      <FirstName>Mary</FirstName>
      <LastName>Hudson</LastName>
      <EmailAddress>mary.k.hudson@dartmouth.edu</EmailAddress>
      <StartDate>04/04/2002</StartDate>
      <EndDate/>
      <RoleCode>Principal Investigator</RoleCode>
    </Investigator>
    <Institution>
      <Name>Dartmouth College</Name>
      <CityName>HANOVER</CityName>
      <ZipCode>037551404</ZipCode>
      <PhoneNumber>6036463007</PhoneNumber>
      <StreetAddress>OFFICE OF SPONSORED PROJECTS</StreetAddress>
      <CountryName>United States</CountryName>
      <StateName>New Hampshire</StateName>
      <StateCode>NH</StateCode>
    </Institution>
    <FoaInformation>
      <Code>0205000</Code>
      <Name>Space</Name>
    </FoaInformation>
    <ProgramElement>
      <Code>5750</Code>
      <Text>MAGNETOSPHERIC PHYSICS</Text>
    </ProgramElement>
    <ProgramReference>
      <Code>1323</Code>
      <Text>SOLAR INFLUENCES</Text>
    </ProgramReference>
    <ProgramReference>
      <Code>EGCH</Code>
      <Text>ENVIRONMENT AND GLOBAL CHANGE</Text>
    </ProgramReference>
  </Award>
</rootTag>
