<?xml version="1.0" encoding="UTF-8"?>

<rootTag>
  <Award>
    <AwardTitle>GOALI: Modeling the Industrial Growth of CdZnTe Substrate Crystals</AwardTitle>
    <AwardEffectiveDate>07/01/2002</AwardEffectiveDate>
    <AwardExpirationDate>06/30/2006</AwardExpirationDate>
    <AwardAmount>438295</AwardAmount>
    <AwardInstrument>
      <Value>Standard Grant</Value>
    </AwardInstrument>
    <Organization>
      <Code>07020000</Code>
      <Directorate>
        <LongName>Directorate For Engineering</LongName>
      </Directorate>
      <Division>
        <LongName>Div Of Chem, Bioeng, Env, &amp; Transp Sys</LongName>
      </Division>
    </Organization>
    <ProgramOfficer>
      <SignBlockName>Patrick E. Phelan</SignBlockName>
    </ProgramOfficer>
    <AbstractNarration>ABSTRACT&lt;br/&gt;&lt;br/&gt;Proposal Number: CTS-0201486 &lt;br/&gt;&lt;br/&gt;Principal Investigator: Jeffrey J. Derby, Podromos Daoutidis, and Csaba Szeles&lt;br/&gt;&lt;br/&gt;Institution: University of Minnesota&lt;br/&gt;&lt;br/&gt;Proposal Title: GOALI: Modeling the Industrial Growth of CdZnTe Substrate Crystals&lt;br/&gt;&lt;br/&gt;&lt;br/&gt;The proposal is for a cooperative program between investigators at the University of Minnesota and eV Products to develop, validate, and apply new theoretical models for vertical Bridgman growth of cadmium zinc telluride (CZT), a semi-conductor material important in infrared and nuclear detector applications. Specific tasks include model development for vertical Bridgman growth, assessment of process improvements that may be expected from crucible rotation techniques, and the application of model based control strategies for melt-crystal interface shape and for suppression of flow instabilities and compositional inhomogeneities. The research program will combine experimental and process development expertise at eV Products with the theoretical computational capability and advanced control algorithm development at the University of Minnesota. If successful, the results could lead to better process operation and design for a broad spectrum of crystal growth systems, yielding better quality crystals at higher production rates and lower costs.</AbstractNarration>
    <MinAmdLetterDate>06/25/2002</MinAmdLetterDate>
    <MaxAmdLetterDate>06/25/2002</MaxAmdLetterDate>
    <ARRAAmount/>
    <AwardID>0201486</AwardID>
    <Investigator>
      <FirstName>Prodromos</FirstName>
      <LastName>Daoutidis</LastName>
      <EmailAddress>daout001@umn.edu</EmailAddress>
      <StartDate>06/25/2002</StartDate>
      <EndDate/>
      <RoleCode>Co-Principal Investigator</RoleCode>
    </Investigator>
    <Investigator>
      <FirstName>Jeffrey</FirstName>
      <LastName>Derby</LastName>
      <EmailAddress>derby@umn.edu</EmailAddress>
      <StartDate>06/25/2002</StartDate>
      <EndDate/>
      <RoleCode>Principal Investigator</RoleCode>
    </Investigator>
    <Investigator>
      <FirstName>Csaba</FirstName>
      <LastName>Szeles</LastName>
      <EmailAddress>szelescs@aol.com</EmailAddress>
      <StartDate>06/25/2002</StartDate>
      <EndDate/>
      <RoleCode>Co-Principal Investigator</RoleCode>
    </Investigator>
    <Institution>
      <Name>University of Minnesota-Twin Cities</Name>
      <CityName>Minneapolis</CityName>
      <ZipCode>554552070</ZipCode>
      <PhoneNumber>6126245599</PhoneNumber>
      <StreetAddress>200 OAK ST SE</StreetAddress>
      <CountryName>United States</CountryName>
      <StateName>Minnesota</StateName>
      <StateCode>MN</StateCode>
    </Institution>
    <FoaInformation>
      <Code>0308000</Code>
      <Name>Industrial Technology</Name>
    </FoaInformation>
    <ProgramElement>
      <Code>1403</Code>
      <Text>PROCESS &amp; REACTION ENGINEERING</Text>
    </ProgramElement>
    <ProgramElement>
      <Code>1406</Code>
      <Text>THERMAL TRANSPORT PROCESSES</Text>
    </ProgramElement>
    <ProgramElement>
      <Code>1504</Code>
      <Text>GRANT OPP FOR ACAD LIA W/INDUS</Text>
    </ProgramElement>
    <ProgramReference>
      <Code>0000</Code>
      <Text>UNASSIGNED</Text>
    </ProgramReference>
    <ProgramReference>
      <Code>1504</Code>
      <Text>GRANT OPP FOR ACAD LIA W/INDUS</Text>
    </ProgramReference>
    <ProgramReference>
      <Code>OTHR</Code>
      <Text>OTHER RESEARCH OR EDUCATION</Text>
    </ProgramReference>
  </Award>
</rootTag>
