<?xml version="1.0" encoding="UTF-8"?>

<rootTag>
  <Award>
    <AwardTitle>Oceanographic Instrumentation</AwardTitle>
    <AwardEffectiveDate>10/01/2002</AwardEffectiveDate>
    <AwardExpirationDate>09/30/2004</AwardExpirationDate>
    <AwardAmount>459109</AwardAmount>
    <AwardInstrument>
      <Value>Continuing grant</Value>
    </AwardInstrument>
    <Organization>
      <Code>06040101</Code>
      <Directorate>
        <LongName>Directorate For Geosciences</LongName>
      </Directorate>
      <Division>
        <LongName>Division Of Ocean Sciences</LongName>
      </Division>
    </Organization>
    <ProgramOfficer>
      <SignBlockName>Alexander Shor</SignBlockName>
    </ProgramOfficer>
    <AbstractNarration>0201246&lt;br/&gt;Weingartner&lt;br/&gt;This award to University of Alaska Fairbanks provides instrumentation to significantly upgrade and expand the oceanographic research capabilities of the research vessel Alpha Helix, a ship operated by the University's Institute of Marine Science as part of the University-National Oceanographic Laboratory System (UNOLS) research fleet. Specific instrumentation supported here includes a towed, undulating vehicle system for studying mesoscale processes, especially in physical and biological interactions, as well as spares for the MOCNESS net system, a new phased array acoustic current profiler, new incubators and spare CTD sensors. These shared-use systems will be of substantial advantage to marine scientists using the ship in their research during 2002 and future years.&lt;br/&gt;***</AbstractNarration>
    <MinAmdLetterDate>09/21/2002</MinAmdLetterDate>
    <MaxAmdLetterDate>07/09/2003</MaxAmdLetterDate>
    <ARRAAmount/>
    <AwardID>0201246</AwardID>
    <Investigator>
      <FirstName>Thomas</FirstName>
      <LastName>Weingartner</LastName>
      <EmailAddress>weingart@ims.uaf.edu</EmailAddress>
      <StartDate>09/21/2002</StartDate>
      <EndDate/>
      <RoleCode>Principal Investigator</RoleCode>
    </Investigator>
    <Institution>
      <Name>University of Alaska Fairbanks Campus</Name>
      <CityName>Fairbanks</CityName>
      <ZipCode>997757880</ZipCode>
      <PhoneNumber>9074747301</PhoneNumber>
      <StreetAddress>West Ridge Research Bldg 008</StreetAddress>
      <CountryName>United States</CountryName>
      <StateName>Alaska</StateName>
      <StateCode>AK</StateCode>
    </Institution>
    <FoaInformation>
      <Code>0204000</Code>
      <Name>Oceanography</Name>
    </FoaInformation>
    <ProgramElement>
      <Code>5413</Code>
      <Text>OCEANOGRAPHIC INSTRUMENTATION</Text>
    </ProgramElement>
    <ProgramReference>
      <Code>0000</Code>
      <Text>UNASSIGNED</Text>
    </ProgramReference>
    <ProgramReference>
      <Code>9150</Code>
      <Text>EXP PROG TO STIM COMP RES</Text>
    </ProgramReference>
    <ProgramReference>
      <Code>OTHR</Code>
      <Text>OTHER RESEARCH OR EDUCATION</Text>
    </ProgramReference>
  </Award>
</rootTag>
