<?xml version="1.0" encoding="UTF-8"?>

<rootTag>
  <Award>
    <AwardTitle>Dissertation Research: Friendship Integration and Adolescent Mental Health</AwardTitle>
    <AwardEffectiveDate>04/15/2002</AwardEffectiveDate>
    <AwardExpirationDate>03/31/2004</AwardExpirationDate>
    <AwardAmount>7500</AwardAmount>
    <AwardInstrument>
      <Value>Standard Grant</Value>
    </AwardInstrument>
    <Organization>
      <Code>04050200</Code>
      <Directorate>
        <LongName>Direct For Social, Behav &amp; Economic Scie</LongName>
      </Directorate>
      <Division>
        <LongName>Divn Of Social and Economic Sciences</LongName>
      </Division>
    </Organization>
    <ProgramOfficer>
      <SignBlockName>paul ciccantell</SignBlockName>
    </ProgramOfficer>
    <AbstractNarration>This dissertation research will analyze data from the National Longitudinal Study of Adolescent Health (Add Health) to examine the impact of friendships on mental health. The principal outcome studied is the one-year change in high school students' scores on standard depression scales. Positive mental health changes are hypothesized to result from higher prior levels of integration into friendship networks and improvements in those friendship networks. Special attention will be paid to how friendship networks may explain different levels of mental health for minority adolescents. School characteristics such as school size and urban location will be studied both for their direct effect on mental health and how friendship networks may affect mental health differently in different contexts.</AbstractNarration>
    <MinAmdLetterDate>04/11/2002</MinAmdLetterDate>
    <MaxAmdLetterDate>04/11/2002</MaxAmdLetterDate>
    <ARRAAmount/>
    <AwardID>0201967</AwardID>
    <Investigator>
      <FirstName>Peggy</FirstName>
      <LastName>Thoits</LastName>
      <EmailAddress>peggy.thoits@unc.edu</EmailAddress>
      <StartDate>04/11/2002</StartDate>
      <EndDate/>
      <RoleCode>Principal Investigator</RoleCode>
    </Investigator>
    <Institution>
      <Name>Vanderbilt University</Name>
      <CityName>Nashville</CityName>
      <ZipCode>372350002</ZipCode>
      <PhoneNumber>6153222631</PhoneNumber>
      <StreetAddress>Sponsored Programs Administratio</StreetAddress>
      <CountryName>United States</CountryName>
      <StateName>Tennessee</StateName>
      <StateCode>TN</StateCode>
    </Institution>
    <ProgramElement>
      <Code>1331</Code>
      <Text>SOCIOLOGY</Text>
    </ProgramElement>
    <ProgramReference>
      <Code>9179</Code>
      <Text>GRADUATE INVOLVEMENT</Text>
    </ProgramReference>
    <ProgramReference>
      <Code>SMET</Code>
      <Text>SCIENCE, MATH, ENG &amp; TECH EDUCATION</Text>
    </ProgramReference>
  </Award>
</rootTag>
