<?xml version="1.0" encoding="UTF-8"?>

<rootTag>
  <Award>
    <AwardTitle>Galaxy Clusters and the Growth of Structure at z=1-2</AwardTitle>
    <AwardEffectiveDate>09/01/2002</AwardEffectiveDate>
    <AwardExpirationDate>08/31/2004</AwardExpirationDate>
    <AwardAmount>86250</AwardAmount>
    <AwardInstrument>
      <Value>Fellowship</Value>
    </AwardInstrument>
    <Organization>
      <Code>03020000</Code>
      <Directorate>
        <LongName>Direct For Mathematical &amp; Physical Scien</LongName>
      </Directorate>
      <Division>
        <LongName>Division Of Astronomical Sciences</LongName>
      </Division>
    </Organization>
    <ProgramOfficer>
      <SignBlockName>Dana Lehr</SignBlockName>
    </ProgramOfficer>
    <AbstractNarration>AST-0201355&lt;br/&gt;Gonzalez, Anthony&lt;br/&gt;&lt;br/&gt;&lt;br/&gt;Dr. Gonzalez is awarded an NSF Astronomy and Astrophysics Postdoctoral Fellowship to carry out a program of research and education at the University of Florida. He will conduct a multiwavelength survey for galaxies of intermediate redshift which he will use to constrain models of the formation and evolution of early-type cluster galaxies and assess the validity of estimators of cluster mass. This redshift regime is one in which the most dramatic evolution in the properties of galaxies and their clusters occur, and his observations are designed to provide constraints on cosmological parameters and models of the formation of structure in the universe. His educational program involves organizing a public seminar series designed to introduce the general public to recent discoveries in astrophysics and to serve as a forum for discussion of astronomical topics appearing in the news. He will also work with science teachers in local public schools to establish a Project Astro program in north central Florida. &lt;br/&gt;***</AbstractNarration>
    <MinAmdLetterDate>05/29/2002</MinAmdLetterDate>
    <MaxAmdLetterDate>11/18/2003</MaxAmdLetterDate>
    <ARRAAmount/>
    <AwardID>0201355</AwardID>
    <Investigator>
      <FirstName>Anthony</FirstName>
      <LastName>Gonzalez</LastName>
      <EmailAddress>anthonyhg@ufl.edu</EmailAddress>
      <StartDate>05/29/2002</StartDate>
      <EndDate/>
      <RoleCode>Principal Investigator</RoleCode>
    </Investigator>
    <Institution>
      <Name>University of Florida</Name>
      <CityName>GAINESVILLE</CityName>
      <ZipCode>326112002</ZipCode>
      <PhoneNumber>3523923516</PhoneNumber>
      <StreetAddress>1 UNIVERSITY OF FLORIDA</StreetAddress>
      <CountryName>United States</CountryName>
      <StateName>Florida</StateName>
      <StateCode>FL</StateCode>
    </Institution>
    <ProgramElement>
      <Code>1609</Code>
      <Text>NSF ASTRON &amp; ASTROPHY PSTDC FE</Text>
    </ProgramElement>
    <ProgramReference>
      <Code>0000</Code>
      <Text>UNASSIGNED</Text>
    </ProgramReference>
    <ProgramReference>
      <Code>1207</Code>
      <Text>OBSERVATIONAL ASTRONOMY</Text>
    </ProgramReference>
    <ProgramReference>
      <Code>OTHR</Code>
      <Text>OTHER RESEARCH OR EDUCATION</Text>
    </ProgramReference>
  </Award>
</rootTag>
