<?xml version="1.0" encoding="UTF-8"?>

<rootTag>
  <Award>
    <AwardTitle>NOVA Minutes</AwardTitle>
    <AwardEffectiveDate>03/01/2002</AwardEffectiveDate>
    <AwardExpirationDate>08/31/2007</AwardExpirationDate>
    <AwardAmount>2366657</AwardAmount>
    <AwardInstrument>
      <Value>Continuing grant</Value>
    </AwardInstrument>
    <Organization>
      <Code>11090000</Code>
      <Directorate>
        <LongName>Direct For Education and Human Resources</LongName>
      </Directorate>
      <Division>
        <LongName>Division Of Research On Learning</LongName>
      </Division>
    </Organization>
    <ProgramOfficer>
      <SignBlockName>Sandra H. Welch</SignBlockName>
    </ProgramOfficer>
    <AbstractNarration>ScienCentral, Inc. is producing and distributing one two-minute television science story per week based on NOVA, the long-format PBS science series. Each segment will be produced using footage from the award-winning NOVA series as well as original and archival footage. They will be distributed by ABC News to its 200+ local affiliates for their use in their newscasts that run throughout the day. NOVA Minutes also will be integrated into WGBH NOVA's extensive web and outreach materials.&lt;br/&gt;&lt;br/&gt;All NOVA Minutes will contain the following:&lt;br/&gt;&lt;br/&gt; A sentence stating: "As reported (or explored) by PBS NOVA"&lt;br/&gt; A lower third notification of footage from PBS NOVA.&lt;br/&gt; 30 - 80 seconds of WGBH footage&lt;br/&gt; 30 or more seconds of non-WGBH footage&lt;br/&gt; A PBS NOVA branded element with a graphic, animation, or video that is integral to the story.&lt;br/&gt; Two versions, with/and without pre-recorded voice over (both have interview, natural sound)&lt;br/&gt; A script with a list and cures for lower-third supertitle of names, institutions and footage sources for stations to use in their own graphic style. The script will include a line for the news anchor to read that states "Watch PBS NOVA for more information."&lt;br/&gt; A catalogue number and ScienCentral copyright notice.</AbstractNarration>
    <MinAmdLetterDate>03/20/2002</MinAmdLetterDate>
    <MaxAmdLetterDate>07/28/2006</MaxAmdLetterDate>
    <ARRAAmount/>
    <AwardID>0201155</AwardID>
    <Investigator>
      <FirstName>Eliene</FirstName>
      <LastName>Augenbraun</LastName>
      <EmailAddress>ea@sciencentral.com</EmailAddress>
      <StartDate>03/20/2002</StartDate>
      <EndDate/>
      <RoleCode>Principal Investigator</RoleCode>
    </Investigator>
    <Institution>
      <Name>ScienCentral Incorporated</Name>
      <CityName>New York</CityName>
      <ZipCode>100012505</ZipCode>
      <PhoneNumber>2122449577</PhoneNumber>
      <StreetAddress>248 W35th St</StreetAddress>
      <CountryName>United States</CountryName>
      <StateName>New York</StateName>
      <StateCode>NY</StateCode>
    </Institution>
    <FoaInformation>
      <Code>0000099</Code>
      <Name>Other Applications NEC</Name>
    </FoaInformation>
  </Award>
</rootTag>
