<?xml version="1.0" encoding="UTF-8"?>

<rootTag>
  <Award>
    <AwardTitle>Internet Accessible Mathematical Computation (IAMC) and Web-based Mathematics Education (WME)</AwardTitle>
    <AwardEffectiveDate>08/01/2002</AwardEffectiveDate>
    <AwardExpirationDate>07/31/2008</AwardExpirationDate>
    <AwardAmount>270450</AwardAmount>
    <AwardInstrument>
      <Value>Continuing grant</Value>
    </AwardInstrument>
    <Organization>
      <Code>05010200</Code>
      <Directorate>
        <LongName>Direct For Computer &amp; Info Scie &amp; Enginr</LongName>
      </Directorate>
      <Division>
        <LongName>Division of Computing and Communication Foundations</LongName>
      </Division>
    </Organization>
    <ProgramOfficer>
      <SignBlockName>Dmitry Maslov</SignBlockName>
    </ProgramOfficer>
    <AbstractNarration>ABSTRACT&lt;br/&gt;0201770&lt;br/&gt;Paul S. Wang&lt;br/&gt;Kent State U&lt;br/&gt;&lt;br/&gt;The Kent State University requests a three year research grant to support research on Internet&lt;br/&gt;Accessible Mathematical Computation (IAMC) and Web-based Mathematics Education (WME).&lt;br/&gt;The research will be conducted by Professor Paul S. Wang as Principal Investigator and two grad-uate&lt;br/&gt;research assistants. The proposed effective date is August 1, 2002.&lt;br/&gt;The proposed work extends progress already made, by the PI's group and others, in making&lt;br/&gt;mathematical computations easily accessible and conveniently interoperable on the Internet. The&lt;br/&gt;research involves protocol specification, design and implementation of prototypes, architecture of&lt;br/&gt;a WME system, and design/implementation of a WME content authoring language. The results&lt;br/&gt;have great potential for scientific research and mathematics education.</AbstractNarration>
    <MinAmdLetterDate>06/27/2002</MinAmdLetterDate>
    <MaxAmdLetterDate>04/25/2007</MaxAmdLetterDate>
    <ARRAAmount/>
    <AwardID>0201772</AwardID>
    <Investigator>
      <FirstName>Paul</FirstName>
      <LastName>Wang</LastName>
      <EmailAddress>pwang@cs.kent.edu</EmailAddress>
      <StartDate>06/27/2002</StartDate>
      <EndDate/>
      <RoleCode>Principal Investigator</RoleCode>
    </Investigator>
    <Institution>
      <Name>Kent State University</Name>
      <CityName>KENT</CityName>
      <ZipCode>442420001</ZipCode>
      <PhoneNumber>3306722070</PhoneNumber>
      <StreetAddress>OFFICE OF THE COMPTROLLER</StreetAddress>
      <CountryName>United States</CountryName>
      <StateName>Ohio</StateName>
      <StateCode>OH</StateCode>
    </Institution>
    <FoaInformation>
      <Code>0000912</Code>
      <Name>Computer Science</Name>
    </FoaInformation>
  </Award>
</rootTag>
