<?xml version="1.0" encoding="UTF-8"?>

<rootTag>
  <Award>
    <AwardTitle>GEM: Magnetosphere-Ionosphere Coupling--Theory and Modeling of Small-Scale Auroral Currents and Fields</AwardTitle>
    <AwardEffectiveDate>05/15/2002</AwardEffectiveDate>
    <AwardExpirationDate>04/30/2006</AwardExpirationDate>
    <AwardAmount>210001</AwardAmount>
    <AwardInstrument>
      <Value>Continuing grant</Value>
    </AwardInstrument>
    <Organization>
      <Code>06020202</Code>
      <Directorate>
        <LongName>Directorate For Geosciences</LongName>
      </Directorate>
      <Division>
        <LongName>Div Atmospheric &amp; Geospace Sciences</LongName>
      </Division>
    </Organization>
    <ProgramOfficer>
      <SignBlockName>Kile B. Baker</SignBlockName>
    </ProgramOfficer>
    <AbstractNarration>The electromagnetic coupling between the ionosphere and the magnetosphere ultimately takes place through small-scale currents and fields. Auroral arcs form on scales smaller than 1 kilometer. This project will investigate the processes by which electromagnetic energy can be transferred to these small scales in the topside auroral ionosphere. It will focus on two of primary processes: (1) linear phase mixing of Alfven waves where there are perpendicular gradients in the Alfven speed, and (2) nonlinear interactions between Alfven waves trapped in the ionospheric Alfven resonator. The research will be carried out by using two and three dimensional simulations of the propagation of Alfven waves using a nonlinear MHD code. The currently existing linear MHD code will be modified to include electron inertial effects along auroral field lines. It will include the effects of the formation of density cavities and the outflow of ions along auroral field lines.</AbstractNarration>
    <MinAmdLetterDate>05/09/2002</MinAmdLetterDate>
    <MaxAmdLetterDate>04/28/2005</MaxAmdLetterDate>
    <ARRAAmount/>
    <AwardID>0201703</AwardID>
    <Investigator>
      <FirstName>Yan</FirstName>
      <LastName>Song</LastName>
      <EmailAddress>yan@umn.edu</EmailAddress>
      <StartDate>05/09/2002</StartDate>
      <EndDate/>
      <RoleCode>Co-Principal Investigator</RoleCode>
    </Investigator>
    <Investigator>
      <FirstName>Robert</FirstName>
      <LastName>Lysak</LastName>
      <EmailAddress>bob@aurora.space.umn.edu</EmailAddress>
      <StartDate>05/09/2002</StartDate>
      <EndDate/>
      <RoleCode>Principal Investigator</RoleCode>
    </Investigator>
    <Institution>
      <Name>University of Minnesota-Twin Cities</Name>
      <CityName>Minneapolis</CityName>
      <ZipCode>554552070</ZipCode>
      <PhoneNumber>6126245599</PhoneNumber>
      <StreetAddress>200 OAK ST SE</StreetAddress>
      <CountryName>United States</CountryName>
      <StateName>Minnesota</StateName>
      <StateCode>MN</StateCode>
    </Institution>
    <FoaInformation>
      <Code>0205000</Code>
      <Name>Space</Name>
    </FoaInformation>
  </Award>
</rootTag>
