<?xml version="1.0" encoding="UTF-8"?>

<rootTag>
  <Award>
    <AwardTitle>Embeddings and Group Actions</AwardTitle>
    <AwardEffectiveDate>06/01/2002</AwardEffectiveDate>
    <AwardExpirationDate>05/31/2005</AwardExpirationDate>
    <AwardAmount>96383</AwardAmount>
    <AwardInstrument>
      <Value>Standard Grant</Value>
    </AwardInstrument>
    <Organization>
      <Code>03040200</Code>
      <Directorate>
        <LongName>Direct For Mathematical &amp; Physical Scien</LongName>
      </Directorate>
      <Division>
        <LongName>Division Of Mathematical Sciences</LongName>
      </Division>
    </Organization>
    <ProgramOfficer>
      <SignBlockName>Benjamin M. Mann</SignBlockName>
    </ProgramOfficer>
    <AbstractNarration>DMS-0201695&lt;br/&gt;John R. Klein&lt;br/&gt;&lt;br/&gt;This proposal contains two programs. The first is to study &lt;br/&gt;a variety of homotopy theoretic problems associated with &lt;br/&gt;space of smooth embeddings of one manifold in another. Among &lt;br/&gt;these problems are obstruction theory for embeddings, linking phenomena, compression problems and splitting questions. The &lt;br/&gt;second program is a new approach to the study of the equivariant structure sets of topological manifolds equipped with a &lt;br/&gt;tame action of a finite group. The new ingredient is to use &lt;br/&gt;Poincare embeddings to analyse the difference between the &lt;br/&gt;equivariant structures and the isovariant ones.&lt;br/&gt;&lt;br/&gt;A manifold is a topological space which is locally euclidean. &lt;br/&gt;A fundamental problem in topology is to enumerate the embeddings &lt;br/&gt;one manifold into another one. The set of all such embeddings &lt;br/&gt;forms a topological space. The first part of this proposal is &lt;br/&gt;to study various topological aspects of the space of embeddings. &lt;br/&gt;The second part concerns the classification of manifolds equipped &lt;br/&gt;with a finite group of symmetries.</AbstractNarration>
    <MinAmdLetterDate>03/28/2002</MinAmdLetterDate>
    <MaxAmdLetterDate>03/28/2002</MaxAmdLetterDate>
    <ARRAAmount/>
    <AwardID>0201695</AwardID>
    <Investigator>
      <FirstName>John</FirstName>
      <LastName>Klein</LastName>
      <EmailAddress>klein@math.wayne.edu</EmailAddress>
      <StartDate>03/28/2002</StartDate>
      <EndDate/>
      <RoleCode>Principal Investigator</RoleCode>
    </Investigator>
    <Institution>
      <Name>Wayne State University</Name>
      <CityName>Detroit</CityName>
      <ZipCode>482023622</ZipCode>
      <PhoneNumber>3135772424</PhoneNumber>
      <StreetAddress>5057 Woodward</StreetAddress>
      <CountryName>United States</CountryName>
      <StateName>Michigan</StateName>
      <StateCode>MI</StateCode>
    </Institution>
    <FoaInformation>
      <Code>0000099</Code>
      <Name>Other Applications NEC</Name>
    </FoaInformation>
  </Award>
</rootTag>
