<?xml version="1.0" encoding="UTF-8"?>

<rootTag>
  <Award>
    <AwardTitle>Topics in Arithmetic Algebraic Geometry</AwardTitle>
    <AwardEffectiveDate>07/01/2002</AwardEffectiveDate>
    <AwardExpirationDate>06/30/2008</AwardExpirationDate>
    <AwardAmount>513295</AwardAmount>
    <AwardInstrument>
      <Value>Continuing grant</Value>
    </AwardInstrument>
    <Organization>
      <Code>03040200</Code>
      <Directorate>
        <LongName>Direct For Mathematical &amp; Physical Scien</LongName>
      </Directorate>
      <Division>
        <LongName>Division Of Mathematical Sciences</LongName>
      </Division>
    </Organization>
    <ProgramOfficer>
      <SignBlockName>Tomek Bartoszynski</SignBlockName>
    </ProgramOfficer>
    <AbstractNarration>The investigator and his collaborators study the &lt;br/&gt;following topics in arithmetic algebraic geometry:&lt;br/&gt;the uniformity of small points for family of heights,&lt;br/&gt;the arithmetic Kodaira-Spencer class for arithmetic surfaces&lt;br/&gt;with applications to the effective Mordell conjecture,&lt;br/&gt; the Gross-Zagier type formula for Shimura varieties&lt;br/&gt;with applications to the Birch and Swinnerton-Dyer conjecture and&lt;br/&gt;the Andre-Oort conjecture.&lt;br/&gt;&lt;br/&gt;This is a project in a subfield of mathematics known as&lt;br/&gt;number theory. Many of these questions are motivated by the &lt;br/&gt;philosophy that algebraic information can be obtained &lt;br/&gt;by geometric methods. At the center of this project&lt;br/&gt;is the use of a symmetric group, or algebraic group,&lt;br/&gt;which is an object that is both algebraic and geometric&lt;br/&gt;in nature. These symmetric groups arise naturally in &lt;br/&gt;physics and chemistry. It is not too ambitious &lt;br/&gt;to say that the solution to the problems in this &lt;br/&gt;proposal will one day affect research in cryptography,&lt;br/&gt;theoretical physics, and quantum computing.</AbstractNarration>
    <MinAmdLetterDate>05/28/2002</MinAmdLetterDate>
    <MaxAmdLetterDate>08/01/2005</MaxAmdLetterDate>
    <ARRAAmount/>
    <AwardID>0201691</AwardID>
    <Investigator>
      <FirstName>Shou-wu</FirstName>
      <LastName>Zhang</LastName>
      <EmailAddress>shouwu@princeton.edu</EmailAddress>
      <StartDate>05/28/2002</StartDate>
      <EndDate/>
      <RoleCode>Principal Investigator</RoleCode>
    </Investigator>
    <Institution>
      <Name>Columbia University</Name>
      <CityName>NEW YORK</CityName>
      <ZipCode>100276902</ZipCode>
      <PhoneNumber>2128546851</PhoneNumber>
      <StreetAddress>2960 Broadway</StreetAddress>
      <CountryName>United States</CountryName>
      <StateName>New York</StateName>
      <StateCode>NY</StateCode>
    </Institution>
    <FoaInformation>
      <Code>0000099</Code>
      <Name>Other Applications NEC</Name>
    </FoaInformation>
  </Award>
</rootTag>
