<?xml version="1.0" encoding="UTF-8"?>

<rootTag>
  <Award>
    <AwardTitle>Oceanographic Instrumentation CY 2002</AwardTitle>
    <AwardEffectiveDate>03/01/2002</AwardEffectiveDate>
    <AwardExpirationDate>02/29/2004</AwardExpirationDate>
    <AwardAmount>176665</AwardAmount>
    <AwardInstrument>
      <Value>Standard Grant</Value>
    </AwardInstrument>
    <Organization>
      <Code>06040101</Code>
      <Directorate>
        <LongName>Directorate For Geosciences</LongName>
      </Directorate>
      <Division>
        <LongName>Division Of Ocean Sciences</LongName>
      </Division>
    </Organization>
    <ProgramOfficer>
      <SignBlockName>Alexander Shor</SignBlockName>
    </ProgramOfficer>
    <AbstractNarration>0201438&lt;br/&gt;Findley&lt;br/&gt;This award to University of Miami's Rosenstiel School of Marine and Atmospheric Sciences provides instrumentation to improve the shared-use scientific instrumentation available to researchers using three research ships operated by University of Miami and the Harbor Branch Oceanographic Institution. These three vessels, R/Vs Seward Johnson, Seward Johnson II, and Walton Smith, are all operated as part of the University-National Oceanographic Laboratory System research fleet. The specific instrumentation supported by this award includes a phased array, 75 kHz acoustic Doppler current meter for installation on R/V Seward Johnson II, and a multi-corer device for collecting undisturbed seafloor samples from any of the three ships. These new capabilities will be of substantial advantage to marine scientists using the ships in their research during 2001 and future years.&lt;br/&gt;***</AbstractNarration>
    <MinAmdLetterDate>02/15/2002</MinAmdLetterDate>
    <MaxAmdLetterDate>07/05/2002</MaxAmdLetterDate>
    <ARRAAmount/>
    <AwardID>0201438</AwardID>
    <Investigator>
      <FirstName>Timothy</FirstName>
      <LastName>Askew</LastName>
      <EmailAddress>taskew@hboi.edu</EmailAddress>
      <StartDate>02/15/2002</StartDate>
      <EndDate/>
      <RoleCode>Co-Principal Investigator</RoleCode>
    </Investigator>
    <Investigator>
      <FirstName>Richard</FirstName>
      <LastName>Findley</LastName>
      <EmailAddress>rfindley@rsmas.miami.edu</EmailAddress>
      <StartDate>02/15/2002</StartDate>
      <EndDate/>
      <RoleCode>Principal Investigator</RoleCode>
    </Investigator>
    <Institution>
      <Name>University of Miami Rosenstiel School of Marine&amp;Atmospheric Sci</Name>
      <CityName>KEY BISCAYNE</CityName>
      <ZipCode>331491031</ZipCode>
      <PhoneNumber>3054214089</PhoneNumber>
      <StreetAddress>4600 RICKENBACKER CSWY</StreetAddress>
      <CountryName>United States</CountryName>
      <StateName>Florida</StateName>
      <StateCode>FL</StateCode>
    </Institution>
    <FoaInformation>
      <Code>0204000</Code>
      <Name>Oceanography</Name>
    </FoaInformation>
  </Award>
</rootTag>
