<?xml version="1.0" encoding="UTF-8"?>

<rootTag>
  <Award>
    <AwardTitle>Perfluorinated Organic Compound Biotransformation, Fate, and Availability in the Environment</AwardTitle>
    <AwardEffectiveDate>07/15/2002</AwardEffectiveDate>
    <AwardExpirationDate>06/30/2006</AwardExpirationDate>
    <AwardAmount>398989</AwardAmount>
    <AwardInstrument>
      <Value>Continuing grant</Value>
    </AwardInstrument>
    <Organization>
      <Code>07020000</Code>
      <Directorate>
        <LongName>Directorate For Engineering</LongName>
      </Directorate>
      <Division>
        <LongName>Div Of Chem, Bioeng, Env, &amp; Transp Sys</LongName>
      </Division>
    </Organization>
    <ProgramOfficer>
      <SignBlockName>Cynthia J. Ekstein</SignBlockName>
    </ProgramOfficer>
    <AbstractNarration>0201955 Luthy This research proposes to examine the availability, biotransformation, and fate of perfluorinated compounds in aquatic sediments. These compounds have been used extensively and have been detected in fish, birds and humans. Little is known, however, about their behavior in the environment. The research will examine microbial degradation pathways and sediment interactions which will be used in developing a preliminary model for determining the fate of perfluorinated compounds.</AbstractNarration>
    <MinAmdLetterDate>07/16/2002</MinAmdLetterDate>
    <MaxAmdLetterDate>07/26/2004</MaxAmdLetterDate>
    <ARRAAmount/>
    <AwardID>0201955</AwardID>
    <Investigator>
      <FirstName>Richard</FirstName>
      <LastName>Luthy</LastName>
      <EmailAddress>luthy@stanford.edu</EmailAddress>
      <StartDate>07/16/2002</StartDate>
      <EndDate/>
      <RoleCode>Principal Investigator</RoleCode>
    </Investigator>
    <Investigator>
      <FirstName>Craig</FirstName>
      <LastName>Criddle</LastName>
      <EmailAddress>criddle@stanford.edu</EmailAddress>
      <StartDate>07/16/2002</StartDate>
      <EndDate/>
      <RoleCode>Co-Principal Investigator</RoleCode>
    </Investigator>
    <Institution>
      <Name>Stanford University</Name>
      <CityName>Palo Alto</CityName>
      <ZipCode>943041212</ZipCode>
      <PhoneNumber>6507232300</PhoneNumber>
      <StreetAddress>3160 Porter Drive</StreetAddress>
      <CountryName>United States</CountryName>
      <StateName>California</StateName>
      <StateCode>CA</StateCode>
    </Institution>
    <FoaInformation>
      <Code>0313040</Code>
      <Name>Water Pollution</Name>
    </FoaInformation>
    <FoaInformation>
      <Code>0316000</Code>
      <Name>Trace Contaminants</Name>
    </FoaInformation>
  </Award>
</rootTag>
