<?xml version="1.0" encoding="UTF-8"?>

<rootTag>
  <Award>
    <AwardTitle>Collaborative Research: Biogeochemical Controls on Arsenic Remobilization From Sediments</AwardTitle>
    <AwardEffectiveDate>08/01/2002</AwardEffectiveDate>
    <AwardExpirationDate>09/30/2004</AwardExpirationDate>
    <AwardAmount>139847</AwardAmount>
    <AwardInstrument>
      <Value>Continuing grant</Value>
    </AwardInstrument>
    <Organization>
      <Code>07020000</Code>
      <Directorate>
        <LongName>Directorate For Engineering</LongName>
      </Directorate>
      <Division>
        <LongName>Div Of Chem, Bioeng, Env, &amp; Transp Sys</LongName>
      </Division>
    </Organization>
    <ProgramOfficer>
      <SignBlockName>Nicholas Clesceri</SignBlockName>
    </ProgramOfficer>
    <AbstractNarration>0201943 O'Day The proposed project will examine the mobilization of arsenic from sediments where it occurs in association with iron oxyhydroxides. The project will focus on a specific study site, North Haiwee Reservior near Olancha, California, where the input of arsenic to the sediments is controlled by engineering practices of known duration and magnitude and which has been the subject of a preliminary study by the research group. The project focuses on a specific field site because of the unique opportunities that site offers. It is anticipated that the mechanisms of iron and arsenic mobilization at Haiwee will be relevant to a variety of iron-dominated systems including aquifer sediments. Further, the information that is obtained on the timescales for arsenic release from sediments and the factors governing these timescales will increase understanding of the kinetic controls on arsenic concentrations in contacting porewaters and groundwaters.</AbstractNarration>
    <MinAmdLetterDate>07/18/2002</MinAmdLetterDate>
    <MaxAmdLetterDate>06/12/2003</MaxAmdLetterDate>
    <ARRAAmount/>
    <AwardID>0201943</AwardID>
    <Investigator>
      <FirstName>Peggy</FirstName>
      <LastName>O'Day</LastName>
      <EmailAddress>poday@ucmerced.edu</EmailAddress>
      <StartDate>07/18/2002</StartDate>
      <EndDate/>
      <RoleCode>Principal Investigator</RoleCode>
    </Investigator>
    <Institution>
      <Name>Arizona State University</Name>
      <CityName>TEMPE</CityName>
      <ZipCode>852816011</ZipCode>
      <PhoneNumber>4809655479</PhoneNumber>
      <StreetAddress>ORSPA</StreetAddress>
      <CountryName>United States</CountryName>
      <StateName>Arizona</StateName>
      <StateCode>AZ</StateCode>
    </Institution>
    <FoaInformation>
      <Code>0313040</Code>
      <Name>Water Pollution</Name>
    </FoaInformation>
    <FoaInformation>
      <Code>0316000</Code>
      <Name>Trace Contaminants</Name>
    </FoaInformation>
    <ProgramElement>
      <Code>1440</Code>
      <Text>ENVIRONMENTAL ENGINEERING</Text>
    </ProgramElement>
    <ProgramReference>
      <Code>9187</Code>
      <Text>TOXIC SUBSTANCES/SOLID &amp; HAZARDOUS WASTE</Text>
    </ProgramReference>
    <ProgramReference>
      <Code>EGCH</Code>
      <Text>ENVIRONMENT AND GLOBAL CHANGE</Text>
    </ProgramReference>
  </Award>
</rootTag>
