<?xml version="1.0" encoding="UTF-8"?>

<rootTag>
  <Award>
    <AwardTitle>Development and Application of 3-D Measurement Methodologies at Reduced Length Scales</AwardTitle>
    <AwardEffectiveDate>05/15/2002</AwardEffectiveDate>
    <AwardExpirationDate>04/30/2006</AwardExpirationDate>
    <AwardAmount>251805</AwardAmount>
    <AwardInstrument>
      <Value>Standard Grant</Value>
    </AwardInstrument>
    <Organization>
      <Code>07030000</Code>
      <Directorate>
        <LongName>Directorate For Engineering</LongName>
      </Directorate>
      <Division>
        <LongName>Div Of Civil, Mechanical, &amp; Manufact Inn</LongName>
      </Division>
    </Organization>
    <ProgramOfficer>
      <SignBlockName>Ken Chong</SignBlockName>
    </ProgramOfficer>
    <AbstractNarration>Development and Application of 3D Measurement Methodologies at Reduced Length Scales&lt;br/&gt;&lt;br/&gt;Abstract&lt;br/&gt;The development and application of measurement methodologies for quantitative determination of three-dimensional surface deformations on planar or curved objects with spatial resolutions extending to the nanometer scale is the focus of this research effort. A unique aspect of the research is the emphasis on both 3D metrology and also the development of methodologies applicable to generic imaging systems (e.g., SEM, optical) for identification and accurate correction of complex image distortions. Applications of the resulting methodologies will include studies of local deformation behavior in (a) nano-structured materials, (b) micro-scale tensile and bending tests of non-homogeneous materials and (c) this-film blister/bulge specimens undergoing delamination.</AbstractNarration>
    <MinAmdLetterDate>04/26/2002</MinAmdLetterDate>
    <MaxAmdLetterDate>09/26/2003</MaxAmdLetterDate>
    <ARRAAmount/>
    <AwardID>0201345</AwardID>
    <Investigator>
      <FirstName>Michael</FirstName>
      <LastName>Sutton</LastName>
      <EmailAddress>sutton@sc.edu</EmailAddress>
      <StartDate>04/26/2002</StartDate>
      <EndDate/>
      <RoleCode>Principal Investigator</RoleCode>
    </Investigator>
    <Investigator>
      <FirstName>Stephen</FirstName>
      <LastName>McNeill</LastName>
      <EmailAddress>mcneill@sc.edu</EmailAddress>
      <StartDate>04/26/2002</StartDate>
      <EndDate/>
      <RoleCode>Co-Principal Investigator</RoleCode>
    </Investigator>
    <Institution>
      <Name>University South Carolina Research Foundation</Name>
      <CityName>COLUMBIA</CityName>
      <ZipCode>292080001</ZipCode>
      <PhoneNumber>8037777093</PhoneNumber>
      <StreetAddress>1600 Hampton Street</StreetAddress>
      <CountryName>United States</CountryName>
      <StateName>South Carolina</StateName>
      <StateCode>SC</StateCode>
    </Institution>
    <FoaInformation>
      <Code>0106000</Code>
      <Name>Materials Research</Name>
    </FoaInformation>
    <FoaInformation>
      <Code>0308000</Code>
      <Name>Industrial Technology</Name>
    </FoaInformation>
    <ProgramElement>
      <Code>1630</Code>
      <Text>Mechanics of Materials and Str</Text>
    </ProgramElement>
    <ProgramReference>
      <Code>9150</Code>
      <Text>EXP PROG TO STIM COMP RES</Text>
    </ProgramReference>
    <ProgramReference>
      <Code>9161</Code>
      <Text>SINGLE DIVISION/UNIVERSITY</Text>
    </ProgramReference>
    <ProgramReference>
      <Code>9231</Code>
      <Text>SUPPL FOR UNDERGRAD RES ASSIST</Text>
    </ProgramReference>
    <ProgramReference>
      <Code>AMPP</Code>
      <Text>ADVANCED MATERIALS &amp; PROCESSING PROGRAM</Text>
    </ProgramReference>
  </Award>
</rootTag>
