<?xml version="1.0" encoding="UTF-8"?>

<rootTag>
  <Award>
    <AwardTitle>Triggering of Submarine Slides Under Multidirectional Loading</AwardTitle>
    <AwardEffectiveDate>10/01/2002</AwardEffectiveDate>
    <AwardExpirationDate>09/30/2006</AwardExpirationDate>
    <AwardAmount>176072</AwardAmount>
    <AwardInstrument>
      <Value>Standard Grant</Value>
    </AwardInstrument>
    <Organization>
      <Code>07030000</Code>
      <Directorate>
        <LongName>Directorate For Engineering</LongName>
      </Directorate>
      <Division>
        <LongName>Div Of Civil, Mechanical, &amp; Manufact Inn</LongName>
      </Division>
    </Organization>
    <ProgramOfficer>
      <SignBlockName>Richard J. Fragaszy</SignBlockName>
    </ProgramOfficer>
    <AbstractNarration>0201561, Juan Pestana-Nascimento, UC Berkeley&lt;br/&gt;"Triggering of Submarine Slide Under Multidirectional Loading"&lt;br/&gt;Juan M. Pestana-Nascimento&lt;br/&gt;&lt;br/&gt;The behavior of relatively gentle submerged slopes on the continental shelf has become an important element in risk assessment, and in predicting the performance of offshore structures, and the complex network of pipelines carrying oil and gas from offshore drilling platforms. In addition to the obvious environmental disaster resulting from the failure of such oil/gas pipeline network, underwater slide failures can potentially generate destructive tsunamis such as the 1964 Great Alaska Earthquake that devastated towns along the Gulf of Alaska and caused damage and loss of life at locations as far away as Hawaii; or more recently in the Papua New Guinea 1998 disaster associated with a submarine landslide. It is now recognized that submarine slides are a major threat to the integrity of engineered structures and to the safety of coastal communities.&lt;br/&gt;&lt;br/&gt;The ultimate goal of this project is to develop a tool for predicting the stability and displacements of submerged slopes due to irregular multidirectional cyclic loading. The research will improve the ability of numerical analyses to predict the response of submerged slides under multidimensional excitation, including both storm and seismic loading.&lt;br/&gt;&lt;br/&gt;The modeling component of the project includes the initial development of a two-dimensional site response analysis program for sloping ground (stand alone version), in which the new simplified constitutive model will be implemented and available on the web. This combination permits including the effects of the slope, and the interaction between the shearing on the plane parallel to the slope, in the dip and strike direction. Extensive parametric studies will be performed to evaluate uncertainty in the soil parameters and heterogeneity of the soil profile.&lt;br/&gt;&lt;br/&gt;The research will contribute to the fundamental understanding and prediction of failure mechanisms for submerged slopes - and these can be extended to "aerial" slopes. The incorporation of the constitutive model into a finite element code to predict earthquake or storm induced permanent deformations and/or failure represents a significant contribution to performance-based engineering. It will enhance the estimation of forces induced on pipelines due to moving sediments, and will be the basis for more elaborate analyses coupling the hydrodynamic fluid-sediment interaction. In addition to the benefit to the geotechnical component, the results are expected to contribute to the estimation of masses that may mobilize during a slope failure and its consequences in the generation of tsunamis.</AbstractNarration>
    <MinAmdLetterDate>09/19/2002</MinAmdLetterDate>
    <MaxAmdLetterDate>07/21/2005</MaxAmdLetterDate>
    <ARRAAmount/>
    <AwardID>0201561</AwardID>
    <Investigator>
      <FirstName>Raymond</FirstName>
      <LastName>Seed</LastName>
      <EmailAddress>rmseed6@aol.com</EmailAddress>
      <StartDate>08/27/2003</StartDate>
      <EndDate>07/21/2005</EndDate>
      <RoleCode>Former Principal Investigator</RoleCode>
    </Investigator>
    <Investigator>
      <FirstName>Juan</FirstName>
      <LastName>Pestana-Nascimento</LastName>
      <EmailAddress>pestana@ce.berkeley.edu</EmailAddress>
      <StartDate>07/21/2005</StartDate>
      <EndDate/>
      <RoleCode>Principal Investigator</RoleCode>
    </Investigator>
    <Institution>
      <Name>University of California-Berkeley</Name>
      <CityName>BERKELEY</CityName>
      <ZipCode>947045940</ZipCode>
      <PhoneNumber>5106428109</PhoneNumber>
      <StreetAddress>Sponsored Projects Office</StreetAddress>
      <CountryName>United States</CountryName>
      <StateName>California</StateName>
      <StateCode>CA</StateCode>
    </Institution>
    <FoaInformation>
      <Code>0304000</Code>
      <Name>Disaster &amp; Natural Hazard</Name>
    </FoaInformation>
    <ProgramElement>
      <Code>1636</Code>
      <Text>Geotechnical Engineering and M</Text>
    </ProgramElement>
    <ProgramReference>
      <Code>1057</Code>
      <Text>CIS BASE RESEARCH</Text>
    </ProgramReference>
    <ProgramReference>
      <Code>1576</Code>
      <Text>NATIONL EARTHQK HZRD REDCT PRG</Text>
    </ProgramReference>
    <ProgramReference>
      <Code>CVIS</Code>
      <Text>CIVIL INFRASTRUCTURE</Text>
    </ProgramReference>
  </Award>
</rootTag>
