<?xml version="1.0" encoding="UTF-8"?>

<rootTag>
  <Award>
    <AwardTitle>Effect of Grain Size on the Mechanical Properties of Multi-Phase Alloys</AwardTitle>
    <AwardEffectiveDate>05/01/2002</AwardEffectiveDate>
    <AwardExpirationDate>07/31/2006</AwardExpirationDate>
    <AwardAmount>591739</AwardAmount>
    <AwardInstrument>
      <Value>Continuing grant</Value>
    </AwardInstrument>
    <Organization>
      <Code>03070004</Code>
      <Directorate>
        <LongName>Direct For Mathematical &amp; Physical Scien</LongName>
      </Directorate>
      <Division>
        <LongName>Division Of Materials Research</LongName>
      </Division>
    </Organization>
    <ProgramOfficer>
      <SignBlockName>Harsh Deep Chopra</SignBlockName>
    </ProgramOfficer>
    <AbstractNarration>The goal of this research is to understand the influence of second-phase particles on the mechanical behavior of selected metals and alloys as their grain sizes are reduced to the smallest nanosized scales that can be achieved with processing methods that produce bulk, artifact-free metals. The scientific approach is as follows: (1) introduce second-phase particles with controlled size, spacing and volume fraction into selected fcc, bcc and hcp metal matrices; (2) reduce the grain size of the matrix to the order of 100- 200 nm and the parameters that define the particle distributions by suitable processing and heat-treatment methods; (3) characterize the grain size distributions and particle distributions using electron microscopy, scanning-probe microscopy, x-ray diffraction and thermal analysis; (4) compare mechanical behavior of multi-phase alloys with matrix metals to reveal effects of second phases on the mechanical properties as the grain size is reduced to nanometer size scales; (5) develop test methods suited for the available sample sizes to optimize the mechanical testing effort. Hardness, automated ball-indentation and miniaturized disk-bend testing are employed to provide an initial screening. Tension and compression testing will be added for selected ranges of the test conditions and microstructural parameters. Task (6) involves analysis and modeling using phenomenological and model-based analyses appropriate for the identification of the underlying deformation mechanisms. A micro-mechanical model for stress-strain behavior mechanisms as a function of grain size should aid in defining strategies for optimizing the properties and performance of this class of alloys. &lt;br/&gt;&lt;br/&gt;To optimize their mechanical properties and performance, structural metals used for engineering applications are predominately multi-phase alloys rather than pure metals. It is expected that multi-phase alloys will provide these same benefits in nanocrystalline form. The properties of this class of metals and alloys have not been documented by systematic mechanical testing, and the deformation mechanisms as a function of grain size are not understood with any degree of confidence.</AbstractNarration>
    <MinAmdLetterDate>03/14/2002</MinAmdLetterDate>
    <MaxAmdLetterDate>01/24/2006</MaxAmdLetterDate>
    <ARRAAmount/>
    <AwardID>0201474</AwardID>
    <Investigator>
      <FirstName>K. Linga</FirstName>
      <LastName>Murty</LastName>
      <EmailAddress>murty@eos.ncsu.edu</EmailAddress>
      <StartDate>01/26/2004</StartDate>
      <EndDate/>
      <RoleCode>Co-Principal Investigator</RoleCode>
    </Investigator>
    <Investigator>
      <FirstName>Carl</FirstName>
      <LastName>Koch</LastName>
      <EmailAddress>carl_koch@ncsu.edu</EmailAddress>
      <StartDate>03/14/2002</StartDate>
      <EndDate/>
      <RoleCode>Principal Investigator</RoleCode>
    </Investigator>
    <Investigator>
      <FirstName>Ronald</FirstName>
      <LastName>Scattergood</LastName>
      <EmailAddress>ron_scattergood@ncsu.edu</EmailAddress>
      <StartDate>03/14/2002</StartDate>
      <EndDate/>
      <RoleCode>Co-Principal Investigator</RoleCode>
    </Investigator>
    <Institution>
      <Name>North Carolina State University</Name>
      <CityName>RALEIGH</CityName>
      <ZipCode>276957514</ZipCode>
      <PhoneNumber>9195152444</PhoneNumber>
      <StreetAddress>CAMPUS BOX 7514</StreetAddress>
      <CountryName>United States</CountryName>
      <StateName>North Carolina</StateName>
      <StateCode>NC</StateCode>
    </Institution>
    <FoaInformation>
      <Code>0106000</Code>
      <Name>Materials Research</Name>
    </FoaInformation>
    <ProgramElement>
      <Code>1771</Code>
      <Text>METAL &amp; METALLIC NANOSTRUCTURE</Text>
    </ProgramElement>
    <ProgramReference>
      <Code>1682</Code>
      <Text>NANO SCI AND ENG - MPS CORE AW</Text>
    </ProgramReference>
    <ProgramReference>
      <Code>9161</Code>
      <Text>SINGLE DIVISION/UNIVERSITY</Text>
    </ProgramReference>
    <ProgramReference>
      <Code>9251</Code>
      <Text>RES EXPER FOR UNDERGRAD-SUPPLT</Text>
    </ProgramReference>
    <ProgramReference>
      <Code>AMPP</Code>
      <Text>ADVANCED MATERIALS &amp; PROCESSING PROGRAM</Text>
    </ProgramReference>
  </Award>
</rootTag>
