<?xml version="1.0" encoding="UTF-8"?>

<rootTag>
  <Award>
    <AwardTitle>Ship Operations</AwardTitle>
    <AwardEffectiveDate>03/01/2002</AwardEffectiveDate>
    <AwardExpirationDate>12/31/2007</AwardExpirationDate>
    <AwardAmount>12396692</AwardAmount>
    <AwardInstrument>
      <Value>Cooperative Agreement</Value>
    </AwardInstrument>
    <Organization>
      <Code>06040102</Code>
      <Directorate>
        <LongName>Directorate For Geosciences</LongName>
      </Directorate>
      <Division>
        <LongName>Division Of Ocean Sciences</LongName>
      </Division>
    </Organization>
    <ProgramOfficer>
      <SignBlockName>Linda Goad</SignBlockName>
    </ProgramOfficer>
    <AbstractNarration/>
    <MinAmdLetterDate>05/29/2002</MinAmdLetterDate>
    <MaxAmdLetterDate>03/30/2006</MaxAmdLetterDate>
    <ARRAAmount/>
    <AwardID>0201672</AwardID>
    <Investigator>
      <FirstName>Brian</FirstName>
      <LastName>Taylor</LastName>
      <EmailAddress>taylorb@hawaii.edu</EmailAddress>
      <StartDate>05/29/2002</StartDate>
      <EndDate/>
      <RoleCode>Principal Investigator</RoleCode>
    </Investigator>
    <Investigator>
      <FirstName>Stanley</FirstName>
      <LastName>Winslow</LastName>
      <EmailAddress>swinslow@soest.hawaii.edu</EmailAddress>
      <StartDate>05/29/2002</StartDate>
      <EndDate/>
      <RoleCode>Co-Principal Investigator</RoleCode>
    </Investigator>
    <Institution>
      <Name>University of Hawaii</Name>
      <CityName>HONOLULU</CityName>
      <ZipCode>968222234</ZipCode>
      <PhoneNumber>8089567800</PhoneNumber>
      <StreetAddress>2440 Campus Road, Box 368</StreetAddress>
      <CountryName>United States</CountryName>
      <StateName>Hawaii</StateName>
      <StateCode>HI</StateCode>
    </Institution>
    <FoaInformation>
      <Code>0204000</Code>
      <Name>Oceanography</Name>
    </FoaInformation>
    <ProgramElement>
      <Code>5411</Code>
      <Text>SHIP OPERATIONS</Text>
    </ProgramElement>
    <ProgramElement>
      <Code>V044</Code>
      <Text/>
    </ProgramElement>
    <ProgramElement>
      <Code>V247</Code>
      <Text/>
    </ProgramElement>
    <ProgramElement>
      <Code>V318</Code>
      <Text/>
    </ProgramElement>
    <ProgramElement>
      <Code>V527</Code>
      <Text/>
    </ProgramElement>
    <ProgramElement>
      <Code>V755</Code>
      <Text/>
    </ProgramElement>
    <ProgramElement>
      <Code>W318</Code>
      <Text/>
    </ProgramElement>
    <ProgramReference>
      <Code>0000</Code>
      <Text>UNASSIGNED</Text>
    </ProgramReference>
    <ProgramReference>
      <Code>9150</Code>
      <Text>EXP PROG TO STIM COMP RES</Text>
    </ProgramReference>
    <ProgramReference>
      <Code>OTHR</Code>
      <Text>OTHER RESEARCH OR EDUCATION</Text>
    </ProgramReference>
  </Award>
</rootTag>
