<?xml version="1.0" encoding="UTF-8"?>

<rootTag>
  <Award>
    <AwardTitle>GEM: Asymmetry of Magnetic Storms and Its Implication Regarding Ring Current Injection</AwardTitle>
    <AwardEffectiveDate>06/15/2002</AwardEffectiveDate>
    <AwardExpirationDate>05/31/2006</AwardExpirationDate>
    <AwardAmount>150000</AwardAmount>
    <AwardInstrument>
      <Value>Continuing grant</Value>
    </AwardInstrument>
    <Organization>
      <Code>06020202</Code>
      <Directorate>
        <LongName>Directorate For Geosciences</LongName>
      </Directorate>
      <Division>
        <LongName>Div Atmospheric &amp; Geospace Sciences</LongName>
      </Division>
    </Organization>
    <ProgramOfficer>
      <SignBlockName>kile baker</SignBlockName>
    </ProgramOfficer>
    <AbstractNarration>This project will use a number of indices to study the asymmetric ring current in the Earth's inner magnetosphere. The indices to be used include Asym-H, Dst, VBs, and AL. The analysis will use a combination of case histories, statistical analysis, superposed epoch analysis, linear prediction filtering, LT-UT maps of magnetic perturbations and inversion of line current models of storm time currents. One hypothesis to be tested is that there is no systematic westward propagation of ground perturbations following substorm expansions as the standard substorm models suggests there should be. A database of events used in this analysis will be made available to the scientific community.</AbstractNarration>
    <MinAmdLetterDate>06/04/2002</MinAmdLetterDate>
    <MaxAmdLetterDate>06/02/2004</MaxAmdLetterDate>
    <ARRAAmount/>
    <AwardID>0201798</AwardID>
    <Investigator>
      <FirstName>Robert</FirstName>
      <LastName>McPherron</LastName>
      <EmailAddress>rmcpherron@igpp.ucla.edu</EmailAddress>
      <StartDate>06/04/2002</StartDate>
      <EndDate/>
      <RoleCode>Principal Investigator</RoleCode>
    </Investigator>
    <Institution>
      <Name>University of California-Los Angeles</Name>
      <CityName>LOS ANGELES</CityName>
      <ZipCode>900951406</ZipCode>
      <PhoneNumber>3107940102</PhoneNumber>
      <StreetAddress>10889 Wilshire Boulevard</StreetAddress>
      <CountryName>United States</CountryName>
      <StateName>California</StateName>
      <StateCode>CA</StateCode>
    </Institution>
    <FoaInformation>
      <Code>0205000</Code>
      <Name>Space</Name>
    </FoaInformation>
    <ProgramElement>
      <Code>5750</Code>
      <Text>MAGNETOSPHERIC PHYSICS</Text>
    </ProgramElement>
    <ProgramReference>
      <Code>1323</Code>
      <Text>SOLAR INFLUENCES</Text>
    </ProgramReference>
    <ProgramReference>
      <Code>EGCH</Code>
      <Text>ENVIRONMENT AND GLOBAL CHANGE</Text>
    </ProgramReference>
  </Award>
</rootTag>
