<?xml version="1.0" encoding="UTF-8"?>

<rootTag>
  <Award>
    <AwardTitle>Atomic Layer Epitaxy of Conducting Oxides and Heterostructures</AwardTitle>
    <AwardEffectiveDate>07/15/2002</AwardEffectiveDate>
    <AwardExpirationDate>12/31/2005</AwardExpirationDate>
    <AwardAmount>425000</AwardAmount>
    <AwardInstrument>
      <Value>Continuing grant</Value>
    </AwardInstrument>
    <Organization>
      <Code>03090007</Code>
      <Directorate>
        <LongName>Direct For Mathematical &amp; Physical Scien</LongName>
      </Directorate>
      <Division>
        <LongName>Division Of Chemistry</LongName>
      </Division>
    </Organization>
    <ProgramOfficer>
      <SignBlockName>Joseph L. Templeton</SignBlockName>
    </ProgramOfficer>
    <AbstractNarration>This joint award made to Northwestern University by the Advanced Materials Program in the Division of Chemistry (MPS) and the Electronic Materials Program in the Division of Materials Research (MPS) is to synthesize new macrocyclic nitrogenous polyketonato/polyketoiminato complexes as well as metal alkyls and dialkylamides with polar metal-carbon and metal-nitrogen linkages for use as precursors in conventional, pulsed organometallic beam epitaxy, and atomic layer epitaxy film growth processes. With this award, Professors Chang and Marks will study precursor molecular architecture-volatility-thermal stability-surface reactivity relationships leading to more effective precursors. Transparent thin films of conducting oxides will be grown from these precursors using precision-pulsed vapor deposition techniques, and these thin films would have potential applications in flat-panel display and photovoltaic devices. Lattice-matched cubic film systems with oxidative dopants will be studied for producing efficient p-type conductor films using vapor phase deposition onto self-assembled monolayer templates to create desired film microstructural, optical and electrical functionalities. This highly collaborative effort will bring together materials science and chemistry research groups with educational and research opportunities for graduate and postdoctoral students.&lt;br/&gt;&lt;br/&gt;With this award, novel precursors with polar metal-carbon and metal-nitrogen linkages will be prepared for use in conventional and precision-pulsed vapor deposition processes to prepare transparent thin films of conducting oxides. These precursors are expected to possess optimum molecular architecture, volatility, thermal stability and surface reactivity for the deposition of transparent thin films of conducting oxides. Sub-micrometer and nanometer scale patterns of the oxide films by soft lithography and coherent growth of dislocation-free islands will also be prepared.</AbstractNarration>
    <MinAmdLetterDate>07/03/2002</MinAmdLetterDate>
    <MaxAmdLetterDate>09/06/2005</MaxAmdLetterDate>
    <ARRAAmount/>
    <AwardID>0201767</AwardID>
    <Investigator>
      <FirstName>Tobin</FirstName>
      <LastName>Marks</LastName>
      <EmailAddress>t-marks@northwestern.edu</EmailAddress>
      <StartDate>07/03/2002</StartDate>
      <EndDate/>
      <RoleCode>Co-Principal Investigator</RoleCode>
    </Investigator>
    <Investigator>
      <FirstName>Robert</FirstName>
      <LastName>Chang</LastName>
      <EmailAddress>r-chang@northwestern.edu</EmailAddress>
      <StartDate>07/03/2002</StartDate>
      <EndDate/>
      <RoleCode>Principal Investigator</RoleCode>
    </Investigator>
    <Institution>
      <Name>Northwestern University</Name>
      <CityName>Evanston</CityName>
      <ZipCode>602013149</ZipCode>
      <PhoneNumber>8474913003</PhoneNumber>
      <StreetAddress>1801 Maple Ave.</StreetAddress>
      <CountryName>United States</CountryName>
      <StateName>Illinois</StateName>
      <StateCode>IL</StateCode>
    </Institution>
    <FoaInformation>
      <Code>0106000</Code>
      <Name>Materials Research</Name>
    </FoaInformation>
    <ProgramElement>
      <Code>1775</Code>
      <Text>ELECTRONIC/PHOTONIC MATERIALS</Text>
    </ProgramElement>
    <ProgramElement>
      <Code>1984</Code>
      <Text>MATERIALS SYNTHESIS &amp; PROCESSN</Text>
    </ProgramElement>
    <ProgramReference>
      <Code>9162</Code>
      <Text>MULTI DIVISION/UNIVERSITY</Text>
    </ProgramReference>
    <ProgramReference>
      <Code>AMPP</Code>
      <Text>ADVANCED MATERIALS &amp; PROCESSING PROGRAM</Text>
    </ProgramReference>
  </Award>
</rootTag>
