<?xml version="1.0" encoding="UTF-8"?>

<rootTag>
  <Award>
    <AwardTitle>Dynamic Interaction between Mechanical Rectifier and Biological Oscillator</AwardTitle>
    <AwardEffectiveDate>07/01/2002</AwardEffectiveDate>
    <AwardExpirationDate>06/30/2006</AwardExpirationDate>
    <AwardAmount>195001</AwardAmount>
    <AwardInstrument>
      <Value>Standard Grant</Value>
    </AwardInstrument>
    <Organization>
      <Code>07030000</Code>
      <Directorate>
        <LongName>Directorate For Engineering</LongName>
      </Directorate>
      <Division>
        <LongName>Div Of Civil, Mechanical, &amp; Manufact Inn</LongName>
      </Division>
    </Organization>
    <ProgramOfficer>
      <SignBlockName>Mario A. Rotea</SignBlockName>
    </ProgramOfficer>
    <AbstractNarration>The project will develop an understanding of the mechanism of animal locomotion from biological observations at the neuronal level, hypothesize the knowledge as engineering principles for feedback control design, and establish a systematic procedure for designing neurodynamic controllers to achieve optimally efficient autonomous locomotion. A simple yet accuratemathematical model for neuronal dynamics is developed first from a control perspective. Lyapunov-based methods will then be employed to analyse the oscillation properties of neuronal circuits to drive mechanical systems for locomotion. A prototype mechanical rectifier is used to experimentally validate the design principles to be developed for locomotion control.&lt;br/&gt;&lt;br/&gt;The next technological revolution seems to rely on our understanding of complex biological systems. Such understanding would enable us to develop a completely new kind of robust, adaptive, and autonomous machines. The intellectual merit of this project is the basic understanding of the mechanism underlying such sophistication, through formalization of biological knowledge on animal locomotion in terms of engineering language of feedback control. The impacts of this research include innovations in a variety of fields. Realizations of new type of robotic locomotion systems for space explorations would be a direct application. Physiological control of the heart beat profile for stabilization of defective heart may be another application.</AbstractNarration>
    <MinAmdLetterDate>06/27/2002</MinAmdLetterDate>
    <MaxAmdLetterDate>06/27/2002</MaxAmdLetterDate>
    <ARRAAmount/>
    <AwardID>0201386</AwardID>
    <Investigator>
      <FirstName>Tetsuya</FirstName>
      <LastName>Iwasaki</LastName>
      <EmailAddress>tiwasaki@ucla.edu</EmailAddress>
      <StartDate>06/27/2002</StartDate>
      <EndDate/>
      <RoleCode>Principal Investigator</RoleCode>
    </Investigator>
    <Institution>
      <Name>University of Virginia Main Campus</Name>
      <CityName>CHARLOTTESVILLE</CityName>
      <ZipCode>229044195</ZipCode>
      <PhoneNumber>4349244270</PhoneNumber>
      <StreetAddress>P.O. BOX 400195</StreetAddress>
      <CountryName>United States</CountryName>
      <StateName>Virginia</StateName>
      <StateCode>VA</StateCode>
    </Institution>
    <FoaInformation>
      <Code>0308000</Code>
      <Name>Industrial Technology</Name>
    </FoaInformation>
    <ProgramElement>
      <Code>1632</Code>
      <Text>CONTROL SYSTEMS</Text>
    </ProgramElement>
    <ProgramReference>
      <Code>1039</Code>
      <Text>RENEWAL ENGINEERING</Text>
    </ProgramReference>
    <ProgramReference>
      <Code>1057</Code>
      <Text>CIS BASE RESEARCH</Text>
    </ProgramReference>
    <ProgramReference>
      <Code>CVIS</Code>
      <Text>CIVIL INFRASTRUCTURE</Text>
    </ProgramReference>
  </Award>
</rootTag>
