<?xml version="1.0" encoding="UTF-8"?>

<rootTag>
  <Award>
    <AwardTitle>Biocompatible Technology for a Light Sensitive Retinal Prosthesis</AwardTitle>
    <AwardEffectiveDate>09/15/2002</AwardEffectiveDate>
    <AwardExpirationDate>08/31/2006</AwardExpirationDate>
    <AwardAmount>269950</AwardAmount>
    <AwardInstrument>
      <Value>Continuing grant</Value>
    </AwardInstrument>
    <Organization>
      <Code>07020000</Code>
      <Directorate>
        <LongName>Directorate For Engineering</LongName>
      </Directorate>
      <Division>
        <LongName>Div Of Chem, Bioeng, Env, &amp; Transp Sys</LongName>
      </Division>
    </Organization>
    <ProgramOfficer>
      <SignBlockName>Leon Esterowitz</SignBlockName>
    </ProgramOfficer>
    <AbstractNarration>0201927&lt;br/&gt;Humayun&lt;br/&gt;The goals of this project will be to design and develop a retinal prosthesis module for intraocular implantation. The design will have a sensor/power unit and an electronic retinal stimulator array. Both components will use available technologies to the maximum extent possible.&lt;br/&gt;&lt;br/&gt;Program elements:&lt;br/&gt;a) Assess and develop a novel implantable image sensor/power receiver unit using available technology (via DARPA/NRL program) to the maximum extent possible.&lt;br/&gt;b) Integrate the camera/power unit and channel glass electrode package with stimulator electronics and verify system operation.</AbstractNarration>
    <MinAmdLetterDate>09/06/2002</MinAmdLetterDate>
    <MaxAmdLetterDate>06/22/2004</MaxAmdLetterDate>
    <ARRAAmount/>
    <AwardID>0201927</AwardID>
    <Investigator>
      <FirstName>Mark</FirstName>
      <LastName>Humayun</LastName>
      <EmailAddress>humayun@usc.edu</EmailAddress>
      <StartDate>09/06/2002</StartDate>
      <EndDate/>
      <RoleCode>Principal Investigator</RoleCode>
    </Investigator>
    <Investigator>
      <FirstName>James</FirstName>
      <LastName>Weiland</LastName>
      <EmailAddress>jweiland@doheny.org</EmailAddress>
      <StartDate>09/06/2002</StartDate>
      <EndDate/>
      <RoleCode>Co-Principal Investigator</RoleCode>
    </Investigator>
    <Institution>
      <Name>Doheny Eye Institute</Name>
      <CityName>Los Angeles</CityName>
      <ZipCode>900331088</ZipCode>
      <PhoneNumber>3234426600</PhoneNumber>
      <StreetAddress>1450 San Pablo St, DVRC312</StreetAddress>
      <CountryName>United States</CountryName>
      <StateName>California</StateName>
      <StateCode>CA</StateCode>
    </Institution>
    <FoaInformation>
      <Code>0203000</Code>
      <Name>Health</Name>
    </FoaInformation>
  </Award>
</rootTag>
