<?xml version="1.0" encoding="UTF-8"?>

<rootTag>
  <Award>
    <AwardTitle>Development and Applications of Condensed Matter Quantum Chemistry</AwardTitle>
    <AwardEffectiveDate>06/01/2002</AwardEffectiveDate>
    <AwardExpirationDate>10/31/2004</AwardExpirationDate>
    <AwardAmount>390600</AwardAmount>
    <AwardInstrument>
      <Value>Continuing grant</Value>
    </AwardInstrument>
    <Organization>
      <Code>03090004</Code>
      <Directorate>
        <LongName>Direct For Mathematical &amp; Physical Scien</LongName>
      </Directorate>
      <Division>
        <LongName>Division Of Chemistry</LongName>
      </Division>
    </Organization>
    <ProgramOfficer>
      <SignBlockName>raima larter</SignBlockName>
    </ProgramOfficer>
    <AbstractNarration>Emily Carter of UCLA is supported by the Theoretical and Computational Chemistry Program and the Materials Theory Program to continue exploring methodologies that aim to develop systematic first principles improvements to density functional theory (DFT) predictions of energetics, structure, and forces in a local region of condensed matter, enabling the investigation of phenomena such as local many-body excited states on metals by first principles techniques. The specific project goals are: (1) to extend the current technique to multi-reference single and double excitation configuration interaction (MRSDCI) embedding theory, in order that surface reactions involving simultaneous breaking/forming of multiple covalent bonds can be studied quantitatively, (2) to implement reduced scaling local pseudo-spectral MRSDCI within the embedding theory so that medium-sized molecule-surface reactions can be examined, (3) to implement forces in the embedding theory so that structure optimization and dynamics can be performed, (4) to continue various aspects of method benchmarking, (5) to apply the method to ground state adsorbate-surface systems where DFT has been shown to fail, (6) and to apply the method to many-body physics problems involving multiple excited states. &lt;br/&gt;&lt;br/&gt;The development of accurate techniques for the first principles prediction of condensed matter energetics, forces, and structure remains a challenging research goal with practical implications. Applications of such computer simulation methods can lead to insights that encourage changes in current technologies to more environmentally friendly industrial processes, more efficient sources of energy, and the production of more advanced materials.</AbstractNarration>
    <MinAmdLetterDate>05/23/2002</MinAmdLetterDate>
    <MaxAmdLetterDate>04/23/2004</MaxAmdLetterDate>
    <ARRAAmount/>
    <AwardID>0201588</AwardID>
    <Investigator>
      <FirstName>Emily</FirstName>
      <LastName>Carter</LastName>
      <EmailAddress>eac@princeton.edu</EmailAddress>
      <StartDate>05/23/2002</StartDate>
      <EndDate/>
      <RoleCode>Principal Investigator</RoleCode>
    </Investigator>
    <Institution>
      <Name>University of California-Los Angeles</Name>
      <CityName>LOS ANGELES</CityName>
      <ZipCode>900951406</ZipCode>
      <PhoneNumber>3107940102</PhoneNumber>
      <StreetAddress>10889 Wilshire Boulevard</StreetAddress>
      <CountryName>United States</CountryName>
      <StateName>California</StateName>
      <StateCode>CA</StateCode>
    </Institution>
    <FoaInformation>
      <Code>0000099</Code>
      <Name>Other Applications NEC</Name>
    </FoaInformation>
    <ProgramElement>
      <Code>1765</Code>
      <Text>CONDENSED MATTER &amp; MAT THEORY</Text>
    </ProgramElement>
    <ProgramElement>
      <Code>1954</Code>
      <Text>QUANTUM CALCULATIONS</Text>
    </ProgramElement>
    <ProgramReference>
      <Code>9162</Code>
      <Text>MULTI DIVISION/UNIVERSITY</Text>
    </ProgramReference>
    <ProgramReference>
      <Code>AMPP</Code>
      <Text>ADVANCED MATERIALS &amp; PROCESSING PROGRAM</Text>
    </ProgramReference>
  </Award>
</rootTag>
