<?xml version="1.0" encoding="UTF-8"?>

<rootTag>
  <Award>
    <AwardTitle>Post-Stroke Mobility Rehabilitation Using at-Home VR-Based Dual Haptic Platforms</AwardTitle>
    <AwardEffectiveDate>06/15/2002</AwardEffectiveDate>
    <AwardExpirationDate>05/31/2007</AwardExpirationDate>
    <AwardAmount>292109</AwardAmount>
    <AwardInstrument>
      <Value>Continuing grant</Value>
    </AwardInstrument>
    <Organization>
      <Code>07020000</Code>
      <Directorate>
        <LongName>Directorate For Engineering</LongName>
      </Directorate>
      <Division>
        <LongName>Div Of Chem, Bioeng, Env, &amp; Transp Sys</LongName>
      </Division>
    </Organization>
    <ProgramOfficer>
      <SignBlockName>Semahat S. Demir</SignBlockName>
    </ProgramOfficer>
    <AbstractNarration>0201687&lt;br/&gt;Burdea&lt;br/&gt;Under this Investigator Initiated Award, studies will be performed that develop and test a computerized system for at-home mobility rehabilitation. The PI has developed the "Rutgers Ankle System" that provides a 3D, 6 degrees of freedom interface. The system provides the position and pressure/force information from the human foot. The present system is for a single limb. Developing a duel platform for the measurement of both limbs is the first aim of this proposal. The patient/subject is asked to control/pilot a plane through 3D hoops in the Virtual Reality (VR) world using the ankle-foot complex. A VR exercise library will be developed including exercises incorporating stair climbing, walking on uneven surfaces, etc. After the system is validated in the clinical setting, the PI will implement a VR based tele-rehabilitation system using the INTERNET and network technology so as to provide in home VR rehabilitation exercises with remote monitoring of the patient's progress. Though initially developed for stroke survivors, other patient populations, such as orthopedic, arthritic and cognitively impaired patients, may benefit as well.</AbstractNarration>
    <MinAmdLetterDate>06/17/2002</MinAmdLetterDate>
    <MaxAmdLetterDate>06/19/2006</MaxAmdLetterDate>
    <ARRAAmount/>
    <AwardID>0201687</AwardID>
    <Investigator>
      <FirstName>Grigore</FirstName>
      <LastName>Burdea</LastName>
      <EmailAddress>president@brightcloudint.com</EmailAddress>
      <StartDate>06/17/2002</StartDate>
      <EndDate/>
      <RoleCode>Principal Investigator</RoleCode>
    </Investigator>
    <Institution>
      <Name>Rutgers University New Brunswick</Name>
      <CityName>Piscataway</CityName>
      <ZipCode>088543925</ZipCode>
      <PhoneNumber>8489320150</PhoneNumber>
      <StreetAddress>33 Knightsbridge Road</StreetAddress>
      <CountryName>United States</CountryName>
      <StateName>New Jersey</StateName>
      <StateCode>NJ</StateCode>
    </Institution>
    <FoaInformation>
      <Code>0116000</Code>
      <Name>Human Subjects</Name>
    </FoaInformation>
    <FoaInformation>
      <Code>0203000</Code>
      <Name>Health</Name>
    </FoaInformation>
    <ProgramElement>
      <Code>5342</Code>
      <Text>Gen &amp; Age Rel Disabilities Eng</Text>
    </ProgramElement>
    <ProgramReference>
      <Code>0000</Code>
      <Text>UNASSIGNED</Text>
    </ProgramReference>
    <ProgramReference>
      <Code>9251</Code>
      <Text>RES EXPER FOR UNDERGRAD-SUPPLT</Text>
    </ProgramReference>
    <ProgramReference>
      <Code>OTHR</Code>
      <Text>OTHER RESEARCH OR EDUCATION</Text>
    </ProgramReference>
  </Award>
</rootTag>
