<?xml version="1.0" encoding="UTF-8"?>

<rootTag>
  <Award>
    <AwardTitle>(SGER): Chinese Continental Scientific Drilling Project: A Unique Opportunity for Studying the Deep Subsurface Microbiology</AwardTitle>
    <AwardEffectiveDate>01/15/2002</AwardEffectiveDate>
    <AwardExpirationDate>12/31/2003</AwardExpirationDate>
    <AwardAmount>19634</AwardAmount>
    <AwardInstrument>
      <Value>Standard Grant</Value>
    </AwardInstrument>
    <Organization>
      <Code>06030101</Code>
      <Directorate>
        <LongName>Directorate For Geosciences</LongName>
      </Directorate>
      <Division>
        <LongName>Division Of Earth Sciences</LongName>
      </Division>
    </Organization>
    <ProgramOfficer>
      <SignBlockName>H. Richard Lane</SignBlockName>
    </ProgramOfficer>
    <AbstractNarration>Investigation into the geomicrobiology of deep continental rocks is still at its infancy, partly due to the high cost of the deep continental drilling. This project takes full advantage of the recently initiated Chinese Continental Scientific Drilling project to obtain rock cores from depth up to 5000 m in a geologically complex tectonic setting, plate subduction zone. Previous geological studies have revealed ultra high-pressure metamorphic rocks and minerals in this region, along with abundant fluids and gas in fractures and fault zones. We propose to study abundance and diversity of microbes in metamorphic rocks and their impact on geological and geochemical processes. We will develop procedures of sample processing, including detection of contamination, sample preservation, and extraction of microbes from crystalline rocks. Chemical and microbial tracers will be used to evaluate contamination of rock cores by surface microbes. Pristine subsurface rocks will be used to determine microbial biomass by the phospholipid fatty acid method. Attempts will be made to extract DNA from uncontaminated rock cores, followed by sequencing and identification. Culturability of microbes in rock cores will be assessed.</AbstractNarration>
    <MinAmdLetterDate>01/25/2002</MinAmdLetterDate>
    <MaxAmdLetterDate>01/25/2002</MaxAmdLetterDate>
    <ARRAAmount/>
    <AwardID>0201609</AwardID>
    <Investigator>
      <FirstName>Hailiang</FirstName>
      <LastName>Dong</LastName>
      <EmailAddress>dongh@miamioh.edu</EmailAddress>
      <StartDate>01/25/2002</StartDate>
      <EndDate/>
      <RoleCode>Principal Investigator</RoleCode>
    </Investigator>
    <Institution>
      <Name>Miami University</Name>
      <CityName>Oxford</CityName>
      <ZipCode>450563653</ZipCode>
      <PhoneNumber>5135293600</PhoneNumber>
      <StreetAddress>500 E High Street</StreetAddress>
      <CountryName>United States</CountryName>
      <StateName>Ohio</StateName>
      <StateCode>OH</StateCode>
    </Institution>
    <FoaInformation>
      <Code>0000099</Code>
      <Name>Other Applications NEC</Name>
    </FoaInformation>
    <ProgramElement>
      <Code>1198</Code>
      <Text>Biodiversity: Discov &amp;Analysis</Text>
    </ProgramElement>
    <ProgramElement>
      <Code>1571</Code>
      <Text>SCEC</Text>
    </ProgramElement>
    <ProgramElement>
      <Code>1580</Code>
      <Text>INSTRUMENTATION &amp; FACILITIES</Text>
    </ProgramElement>
    <ProgramElement>
      <Code>5978</Code>
      <Text>EAST ASIA AND PACIFIC PROGRAM</Text>
    </ProgramElement>
    <ProgramReference>
      <Code>0000</Code>
      <Text>UNASSIGNED</Text>
    </ProgramReference>
    <ProgramReference>
      <Code>9200</Code>
      <Text>US CHINA COOP IN BASIC SCIENCE</Text>
    </ProgramReference>
    <ProgramReference>
      <Code>9237</Code>
      <Text>SMALL GRANTS-EXPLORATORY RSRCH</Text>
    </ProgramReference>
    <ProgramReference>
      <Code>OTHR</Code>
      <Text>OTHER RESEARCH OR EDUCATION</Text>
    </ProgramReference>
  </Award>
</rootTag>
