<?xml version="1.0" encoding="UTF-8"?>

<rootTag>
  <Award>
    <AwardTitle>Angiogenic Hydrogel Biomaterials to Promote Nerve Regeneration</AwardTitle>
    <AwardEffectiveDate>06/01/2002</AwardEffectiveDate>
    <AwardExpirationDate>05/31/2006</AwardExpirationDate>
    <AwardAmount>279780</AwardAmount>
    <AwardInstrument>
      <Value>Continuing grant</Value>
    </AwardInstrument>
    <Organization>
      <Code>07020000</Code>
      <Directorate>
        <LongName>Directorate For Engineering</LongName>
      </Directorate>
      <Division>
        <LongName>Div Of Chem, Bioeng, Env, &amp; Transp Sys</LongName>
      </Division>
    </Organization>
    <ProgramOfficer>
      <SignBlockName>Semahat S. Demir</SignBlockName>
    </ProgramOfficer>
    <AbstractNarration>0201744&lt;br/&gt;Schmidt&lt;br/&gt;The long-term goal of this Investigator Initiated effort is to engineer improved therapies to aid peripheral nerve repair, with the hypothesis that vascularization at the site of nerve injury is a key step. The objectives of this project are to develop methods to modulate angiogenesis in a nerve repair model and to assess the relationship between new blood vessel growth and nerve fiber regeneration. Critical to the success of the project is formulation of a degradation resistant hydrogel containing hyaluronic acid (HA), a biological polymer that is known to promote angiogenesis but is broken down very quickly in the body. Specific aims are: 1) develop and characterize HA hydogels, 2) quantify and optimize the angiogenic potential of HA hydrogels, and 3) use the HA hydrogels to study the effects of varying vascularization on peripheral nerve regeneration via rat embryo dorsal root ganglion assays and in vivo rat sciatic nerve regeneration analyses.</AbstractNarration>
    <MinAmdLetterDate>05/30/2002</MinAmdLetterDate>
    <MaxAmdLetterDate>06/30/2004</MaxAmdLetterDate>
    <ARRAAmount/>
    <AwardID>0201744</AwardID>
    <Investigator>
      <FirstName>Christine</FirstName>
      <LastName>Schmidt</LastName>
      <EmailAddress>schmidt@bme.ufl.edu</EmailAddress>
      <StartDate>05/30/2002</StartDate>
      <EndDate/>
      <RoleCode>Principal Investigator</RoleCode>
    </Investigator>
    <Institution>
      <Name>University of Texas at Austin</Name>
      <CityName>Austin</CityName>
      <ZipCode>787121532</ZipCode>
      <PhoneNumber>5124716424</PhoneNumber>
      <StreetAddress>101 E. 27th Street, Suite 5.300</StreetAddress>
      <CountryName>United States</CountryName>
      <StateName>Texas</StateName>
      <StateCode>TX</StateCode>
    </Institution>
    <FoaInformation>
      <Code>0203000</Code>
      <Name>Health</Name>
    </FoaInformation>
  </Award>
</rootTag>
