<?xml version="1.0" encoding="UTF-8"?>

<rootTag>
  <Award>
    <AwardTitle>A Square-Degree Survey for Galaxies at z=3-5</AwardTitle>
    <AwardEffectiveDate>09/01/2002</AwardEffectiveDate>
    <AwardExpirationDate>08/31/2006</AwardExpirationDate>
    <AwardAmount>194000</AwardAmount>
    <AwardInstrument>
      <Value>Fellowship</Value>
    </AwardInstrument>
    <Organization>
      <Code>03020000</Code>
      <Directorate>
        <LongName>Direct For Mathematical &amp; Physical Scien</LongName>
      </Directorate>
      <Division>
        <LongName>Division Of Astronomical Sciences</LongName>
      </Division>
    </Organization>
    <ProgramOfficer>
      <SignBlockName>Edward Ajhar</SignBlockName>
    </ProgramOfficer>
    <AbstractNarration>AST-0201667&lt;br/&gt;Gawiser, Eric&lt;br/&gt;&lt;br/&gt;&lt;br/&gt;Dr. Gawiser is awarded an NSF Astronomy and Astrophysics Postdoctoral Fellowship to carry out a program of research and education at Yale University. He will conduct a wide-field, multicolor survey for galaxies of high redshift (z=3 to 5), which will allow him to measure galaxy clustering. The large number of objects identified in this survey will provide measures of galaxy mass that will discriminate among competing theories of galaxy formation and evolution. His educational program involves a program of public education and outreach at the Rose Center for Earth and Space at the American Museum of Natural History in New York. He will develop tools that will provide general public access to the future virtual observatories of astronomical archival data and will conduct seminars introducing visitors to the techniques for using these virtual observatories. &lt;br/&gt;***</AbstractNarration>
    <MinAmdLetterDate>06/06/2002</MinAmdLetterDate>
    <MaxAmdLetterDate>07/07/2005</MaxAmdLetterDate>
    <ARRAAmount/>
    <AwardID>0201667</AwardID>
    <Investigator>
      <FirstName>Eric</FirstName>
      <LastName>Gawiser</LastName>
      <EmailAddress/>
      <StartDate>06/06/2002</StartDate>
      <EndDate/>
      <RoleCode>Principal Investigator</RoleCode>
    </Investigator>
    <Institution>
      <Name>Gawiser, Eric J</Name>
      <CityName>New Haven</CityName>
      <ZipCode>065208101</ZipCode>
      <PhoneNumber/>
      <StreetAddress/>
      <CountryName>United States</CountryName>
      <StateName>Connecticut</StateName>
      <StateCode>CT</StateCode>
    </Institution>
    <ProgramElement>
      <Code>1609</Code>
      <Text>NSF ASTRON &amp; ASTROPHY PSTDC FE</Text>
    </ProgramElement>
    <ProgramReference>
      <Code>0000</Code>
      <Text>UNASSIGNED</Text>
    </ProgramReference>
    <ProgramReference>
      <Code>1207</Code>
      <Text>OBSERVATIONAL ASTRONOMY</Text>
    </ProgramReference>
    <ProgramReference>
      <Code>OTHR</Code>
      <Text>OTHER RESEARCH OR EDUCATION</Text>
    </ProgramReference>
  </Award>
</rootTag>
