<?xml version="1.0" encoding="UTF-8"?>

<rootTag>
  <Award>
    <AwardTitle>Doctoral Dissertation Research: Political Consciousness and Young People's Life Narratives: In-Depth Profiles of Radical Right and Democratic German Men</AwardTitle>
    <AwardEffectiveDate>08/01/2002</AwardEffectiveDate>
    <AwardExpirationDate>08/31/2003</AwardExpirationDate>
    <AwardAmount>12500</AwardAmount>
    <AwardInstrument>
      <Value>Standard Grant</Value>
    </AwardInstrument>
    <Organization>
      <Code>04050200</Code>
      <Directorate>
        <LongName>Direct For Social, Behav &amp; Economic Scie</LongName>
      </Directorate>
      <Division>
        <LongName>Divn Of Social and Economic Sciences</LongName>
      </Division>
    </Organization>
    <ProgramOfficer>
      <SignBlockName>Joane Nagel</SignBlockName>
    </ProgramOfficer>
    <AbstractNarration>This dissertation research will investigate the development of political consciousness in German young men. Nine young men in their third year of vocational school in Berlin will be interviewed four times. All have been interviewed in a previous wave of interviews. The nine have been selected to represent a range of political positions from radical right to democratic and to sample from a variety of vocational programs, including information technology electrician, cook, and concrete worker. Oral histories, observations of work and social life, and discussions of the previous interview will be used to understand why some working-class men adopt radical right politics while others develop a democratic political consciousness.</AbstractNarration>
    <MinAmdLetterDate>08/05/2002</MinAmdLetterDate>
    <MaxAmdLetterDate>09/06/2002</MaxAmdLetterDate>
    <ARRAAmount/>
    <AwardID>0202017</AwardID>
    <Investigator>
      <FirstName>George</FirstName>
      <LastName>Steinmetz</LastName>
      <EmailAddress>geostein@umich.edu</EmailAddress>
      <StartDate>08/05/2002</StartDate>
      <EndDate/>
      <RoleCode>Principal Investigator</RoleCode>
    </Investigator>
    <Institution>
      <Name>University of Michigan Ann Arbor</Name>
      <CityName>Ann Arbor</CityName>
      <ZipCode>481091274</ZipCode>
      <PhoneNumber>7347636438</PhoneNumber>
      <StreetAddress>3003 South State St. Room 1062</StreetAddress>
      <CountryName>United States</CountryName>
      <StateName>Michigan</StateName>
      <StateCode>MI</StateCode>
    </Institution>
    <FoaInformation>
      <Code>0116000</Code>
      <Name>Human Subjects</Name>
    </FoaInformation>
  </Award>
</rootTag>
