<?xml version="1.0" encoding="UTF-8"?>

<rootTag>
  <Award>
    <AwardTitle>CISE Research Infrastructure: A Research Infrastructure for Collaborative, High-Performance Grid Applications</AwardTitle>
    <AwardEffectiveDate>09/01/2002</AwardEffectiveDate>
    <AwardExpirationDate>08/31/2008</AwardExpirationDate>
    <AwardAmount>1311875</AwardAmount>
    <AwardInstrument>
      <Value>Continuing grant</Value>
    </AwardInstrument>
    <Organization>
      <Code>05050000</Code>
      <Directorate>
        <LongName>Direct For Computer &amp; Info Scie &amp; Enginr</LongName>
      </Directorate>
      <Division>
        <LongName>Division Of Computer and Network Systems</LongName>
      </Division>
    </Organization>
    <ProgramOfficer>
      <SignBlockName>Chitaranjan Das</SignBlockName>
    </ProgramOfficer>
    <AbstractNarration>0202048&lt;br/&gt;Wise, David S.&lt;br/&gt;Indiana University - Bloomington&lt;br/&gt;&lt;br/&gt;RI: A Research Infrastructure for Collaborative, High-Performance Grid Applications&lt;br/&gt;&lt;br/&gt;This project, developing an experimental infrastructure for distributed high performance computing, supports ten research projects extending the location-transparency that the Grid provides for computation resources to the full spectrum of activities which end-users require. Services being explored include software development, parallel code middleware, distributed software components for scientific computing, security for parallel remote method invocation, &lt;br/&gt;managing large-scale data streams, and collaboration methodologies. The research builds on and extends the institutions collaborations with several national Grid research teams. In contrast to existing national and university infrastructure available through production machines, this research requires an environment tolerant of experimental network protocols, temporary middleware, and other system-level changes. The infrastructure will contribute to the following research projects:&lt;br/&gt;a. Opie: basic work on parallel matrix algorithms that achieve high efficiency across many architectural platforms&lt;br/&gt;b. LAM: middleware MPI implementations supporting hierarchical and fault-tolerant parallel computing&lt;br/&gt;c. dQUOB: application of SQL queries to live data streams&lt;br/&gt;d. RMI Security: basic research into security mechanisms for remote method invocation, allowing security to be traded off with efficiency&lt;br/&gt;e. HPJ: High Performance Java creating a language platform for portable high performance coding&lt;br/&gt;f. Grid Broker: reliable, robust publish/subscribe service for introducing fault tolerance into the distributed Grid environment&lt;br/&gt;g. Community Grids Collaboratory: advanced collaboration capabilities with applications to both distance education and distributed communities&lt;br/&gt;h. Xports: design of methodologies for remote instrument access and data management of the resulting extremely large data sets&lt;br/&gt;i. Software Components: distributed software component model designed for applications that use parallel computing "nodes" in wide-area Grid environments&lt;br/&gt;j. Science Portals: set of tools that allow programmers to build Grid distributed applications accessed and controlled from desktop environments and web browsers&lt;br/&gt;Major improvements to infrastructure supporting all these projects include a 16-node cycle server and a large-scale file server as well as network upgrades to and within the building.</AbstractNarration>
    <MinAmdLetterDate>09/04/2002</MinAmdLetterDate>
    <MaxAmdLetterDate>06/16/2006</MaxAmdLetterDate>
    <ARRAAmount/>
    <AwardID>0202048</AwardID>
    <Investigator>
      <FirstName>Geoffrey</FirstName>
      <LastName>Fox</LastName>
      <EmailAddress>gcf@cs.fsu.edu</EmailAddress>
      <StartDate>12/17/2002</StartDate>
      <EndDate/>
      <RoleCode>Co-Principal Investigator</RoleCode>
    </Investigator>
    <Investigator>
      <FirstName>Randall</FirstName>
      <LastName>Bramley</LastName>
      <EmailAddress>bramley@indiana.edu</EmailAddress>
      <StartDate>12/17/2002</StartDate>
      <EndDate/>
      <RoleCode>Co-Principal Investigator</RoleCode>
    </Investigator>
    <Investigator>
      <FirstName>Andrew</FirstName>
      <LastName>Lumsdaine</LastName>
      <EmailAddress>al75@uw.edu</EmailAddress>
      <StartDate>12/17/2002</StartDate>
      <EndDate/>
      <RoleCode>Co-Principal Investigator</RoleCode>
    </Investigator>
    <Investigator>
      <FirstName>David</FirstName>
      <LastName>Wise</LastName>
      <EmailAddress>dswise@cs.indiana.edu</EmailAddress>
      <StartDate>09/04/2002</StartDate>
      <EndDate/>
      <RoleCode>Principal Investigator</RoleCode>
    </Investigator>
    <Investigator>
      <FirstName>Beth</FirstName>
      <LastName>Plale</LastName>
      <EmailAddress>plale@cs.indiana.edu</EmailAddress>
      <StartDate>12/17/2002</StartDate>
      <EndDate/>
      <RoleCode>Co-Principal Investigator</RoleCode>
    </Investigator>
    <Institution>
      <Name>Indiana University</Name>
      <CityName>Bloomington</CityName>
      <ZipCode>474013654</ZipCode>
      <PhoneNumber>8128550516</PhoneNumber>
      <StreetAddress>509 E 3RD ST</StreetAddress>
      <CountryName>United States</CountryName>
      <StateName>Indiana</StateName>
      <StateCode>IN</StateCode>
    </Institution>
    <FoaInformation>
      <Code>0000099</Code>
      <Name>Other Applications NEC</Name>
    </FoaInformation>
    <ProgramElement>
      <Code>2885</Code>
      <Text>CISE RESEARCH INFRASTRUCTURE</Text>
    </ProgramElement>
    <ProgramReference>
      <Code>9218</Code>
      <Text>BASIC RESEARCH &amp; HUMAN RESORCS</Text>
    </ProgramReference>
    <ProgramReference>
      <Code>HPCC</Code>
      <Text>HIGH PERFORMANCE COMPUTING &amp; COMM</Text>
    </ProgramReference>
  </Award>
</rootTag>
