<?xml version="1.0" encoding="UTF-8"?>

<rootTag>
  <Award>
    <AwardTitle>Hypolimnetic Oxygenation: Coupling Bubble-Plume and Reservoir Models</AwardTitle>
    <AwardEffectiveDate>08/01/2002</AwardEffectiveDate>
    <AwardExpirationDate>07/31/2007</AwardExpirationDate>
    <AwardAmount>215325</AwardAmount>
    <AwardInstrument>
      <Value>Continuing grant</Value>
    </AwardInstrument>
    <Organization>
      <Code>07020000</Code>
      <Directorate>
        <LongName>Directorate For Engineering</LongName>
      </Directorate>
      <Division>
        <LongName>Div Of Chem, Bioeng, Env, &amp; Transp Sys</LongName>
      </Division>
    </Organization>
    <ProgramOfficer>
      <SignBlockName>Clark C. K. Liu</SignBlockName>
    </ProgramOfficer>
    <AbstractNarration>0202034 Little The mixing mechanisms induced in water by bubble-plumes will be identified and incorporated into a coupled bubble-plume reservoir model for design and operation of hypolimnetic oxygenation systems.&lt;br/&gt;Field testing will be conducted using a linear bubble-plume diffuser in a small water supply reservoir in Virginia and using six circular bubble-plume diffusers in a mid-sized eutrophic lake in Switzerland. Oxygen transfer and plume induced mixing will be monitored before, during and after diffuser operation. In addition, biogeochemical fluxes will be monitored.&lt;br/&gt;This research will enable the development of the first scientifically rigorous coupled bubble-plume/ two dimensional reservoir model that includes mechanistic features of oxygen transfer, plume-induced mixing and the impact on biogeochemical fluxes, including SOD.</AbstractNarration>
    <MinAmdLetterDate>07/25/2002</MinAmdLetterDate>
    <MaxAmdLetterDate>06/08/2006</MaxAmdLetterDate>
    <ARRAAmount/>
    <AwardID>0202034</AwardID>
    <Investigator>
      <FirstName>John</FirstName>
      <LastName>Little</LastName>
      <EmailAddress>jcl@vt.edu</EmailAddress>
      <StartDate>07/25/2002</StartDate>
      <EndDate/>
      <RoleCode>Principal Investigator</RoleCode>
    </Investigator>
    <Institution>
      <Name>Virginia Polytechnic Institute and State University</Name>
      <CityName>BLACKSBURG</CityName>
      <ZipCode>240610001</ZipCode>
      <PhoneNumber>5402315281</PhoneNumber>
      <StreetAddress>Sponsored Programs 0170</StreetAddress>
      <CountryName>United States</CountryName>
      <StateName>Virginia</StateName>
      <StateCode>VA</StateCode>
    </Institution>
    <FoaInformation>
      <Code>0313040</Code>
      <Name>Water Pollution</Name>
    </FoaInformation>
    <FoaInformation>
      <Code>0316000</Code>
      <Name>Trace Contaminants</Name>
    </FoaInformation>
    <ProgramElement>
      <Code>1440</Code>
      <Text>ENVIRONMENTAL ENGINEERING</Text>
    </ProgramElement>
    <ProgramElement>
      <Code>5980</Code>
      <Text>WESTERN EUROPE PROGRAM</Text>
    </ProgramElement>
    <ProgramReference>
      <Code>9187</Code>
      <Text>TOXIC SUBSTANCES/SOLID &amp; HAZARDOUS WASTE</Text>
    </ProgramReference>
    <ProgramReference>
      <Code>EGCH</Code>
      <Text>ENVIRONMENT AND GLOBAL CHANGE</Text>
    </ProgramReference>
  </Award>
</rootTag>
