<?xml version="1.0" encoding="UTF-8"?>

<rootTag>
  <Award>
    <AwardTitle>Collaborative: Systems for Quantum Learning: Perceptrons and Networks</AwardTitle>
    <AwardEffectiveDate>07/01/2002</AwardEffectiveDate>
    <AwardExpirationDate>06/30/2007</AwardExpirationDate>
    <AwardAmount>438088</AwardAmount>
    <AwardInstrument>
      <Value>Standard Grant</Value>
    </AwardInstrument>
    <Organization>
      <Code>07010000</Code>
      <Directorate>
        <LongName>Directorate For Engineering</LongName>
      </Directorate>
      <Division>
        <LongName>Div Of Electrical, Commun &amp; Cyber Sys</LongName>
      </Division>
    </Organization>
    <ProgramOfficer>
      <SignBlockName>Pinaki Mazumder</SignBlockName>
    </ProgramOfficer>
    <AbstractNarration>Abstract&lt;br/&gt;Collaborative&lt;br/&gt;(0202087) David Meyer, UCSD &amp; (0202055) Mitchell Rothstein, U of Georgia&lt;br/&gt;&lt;br/&gt;&lt;br/&gt;Systems for Quantum Learning: Perceptrons and Networks&lt;br/&gt;&lt;br/&gt;Two radical ideas have infiltrated computer science and engineering from the natural sciences: that computers might learn, like biological systems, and that computation might he quantum mechanical, like physical systems. These ideas have led to artificial neural networks and machine learning theory, and to quantum computation, respectively. The practical advantages of these two computational models are orthogonal: the former are used to attack practical problems like image classification and control of complex systems for which there are no obvious algorithmic approaches; the latter (putting aside the fact that large scale quantum computers have not yet been built) has a known algorithm for only one specific practical problem-factoring large numbers--but that algorithm runs immensely faster than the best classical algorithm known.&lt;br/&gt;&lt;br/&gt;The project combines both of these computational models. It will address the possiblility of quantum learning for practical reasons. The ultimate goal is to develop quantum learning models which have strengths analogous to classical ones-the ability to find quantum solutions to problems for which there is no apparent quantum algorithmic solution. Only the most rudimentary steps have been taken in this direction-hence the project will approach this goal from the bottom up. The PI's will investigate a specific architecture (inspired by biology): quantum perceptrons, and more generally, quantum neural networks. Then will carefully define a completely quantum perceptron which can be connected into a network, analyze its capacity, derive learning rules for it, apply these rules to various tasks, and extend each of these objectives to quantum neutral networks. This work will emphasize the importance of designing quantum systems with performance not achievable by corresponding classical systems.</AbstractNarration>
    <MinAmdLetterDate>06/13/2002</MinAmdLetterDate>
    <MaxAmdLetterDate>08/03/2006</MaxAmdLetterDate>
    <ARRAAmount/>
    <AwardID>0202087</AwardID>
    <Investigator>
      <FirstName>David</FirstName>
      <LastName>Meyer</LastName>
      <EmailAddress>dmeyer@math.ucsd.edu</EmailAddress>
      <StartDate>06/13/2002</StartDate>
      <EndDate/>
      <RoleCode>Principal Investigator</RoleCode>
    </Investigator>
    <Institution>
      <Name>University of California-San Diego</Name>
      <CityName>La Jolla</CityName>
      <ZipCode>920930934</ZipCode>
      <PhoneNumber>8585344896</PhoneNumber>
      <StreetAddress>Office of Contract &amp; Grant Admin</StreetAddress>
      <CountryName>United States</CountryName>
      <StateName>California</StateName>
      <StateCode>CA</StateCode>
    </Institution>
    <FoaInformation>
      <Code>0306000</Code>
      <Name>Energy Research &amp; Resources</Name>
    </FoaInformation>
    <ProgramElement>
      <Code>1518</Code>
      <Text>CONTROL, NETWORKS, &amp; COMP INTE</Text>
    </ProgramElement>
    <ProgramElement>
      <Code>1519</Code>
      <Text>INTEGRATIVE SYSTEMS</Text>
    </ProgramElement>
    <ProgramReference>
      <Code>0000</Code>
      <Text>UNASSIGNED</Text>
    </ProgramReference>
    <ProgramReference>
      <Code>7203</Code>
      <Text>QUANTUM INFORMATION SCIENCE</Text>
    </ProgramReference>
    <ProgramReference>
      <Code>OTHR</Code>
      <Text>OTHER RESEARCH OR EDUCATION</Text>
    </ProgramReference>
  </Award>
</rootTag>
