<?xml version="1.0" encoding="UTF-8"?>

<rootTag>
  <Award>
    <AwardTitle>State Estimation and Diagnosis for Electric Power Systems Under Adverse Conditions</AwardTitle>
    <AwardEffectiveDate>06/01/2004</AwardEffectiveDate>
    <AwardExpirationDate>05/31/2008</AwardExpirationDate>
    <AwardAmount>119942</AwardAmount>
    <AwardInstrument>
      <Value>Standard Grant</Value>
    </AwardInstrument>
    <Organization>
      <Code>07010000</Code>
      <Directorate>
        <LongName>Directorate For Engineering</LongName>
      </Directorate>
      <Division>
        <LongName>Div Of Electrical, Commun &amp; Cyber Sys</LongName>
      </Division>
    </Organization>
    <ProgramOfficer>
      <SignBlockName>Radhakisan S. Baheti</SignBlockName>
    </ProgramOfficer>
    <AbstractNarration>This project addresses power system state estimation and diagnosis as part of a control strategy for power systems that will maintain continuity of service in a hostile environment. The goal is to determine a precise knowledge of the system state, i.e., to establish 'situational awareness.' The 'state' to be estimated is composed of both a continuous system state and a discrete event state. &lt;br/&gt;&lt;br/&gt;A power system involves discrete events and highly nonlinear continuous dynamics. It is of large scale and uncertain. When a power system operates in a stressed state, i.e., near operating limits (bifurcation points), control system properties like controllability and observability deteriorate. At bifurcation points the system typically fails to be linearly controllable and/or observable. Conventional estimation methods fail, resulting in poor decisions based on inaccurate information&lt;br/&gt;&lt;br/&gt;Observability of nonlinear dynamics involves aspects that have no counterpart in linear systems. There are entirely new paradigms for observer construction that enable state determination even when the system's linearization is not observable. One consequence of this is that problems of parameter identification and fault detection may be cast in an (nonlinear) observer design setting. These constructs are quite complicated, and are certain to become more so when discrete events are included. &lt;br/&gt;&lt;br/&gt;The project has three goals: 1) adapt advances in nonlinear system observability/observer theory to power systems, using a nonlinear DAE hybrid system formulation, 2) develop and implement symbolic/numeric computational tools to evaluate observability and to design observers, 3) validate observability tests and new observer designs in a laboratory experiment.</AbstractNarration>
    <MinAmdLetterDate>03/24/2004</MinAmdLetterDate>
    <MaxAmdLetterDate>03/24/2004</MaxAmdLetterDate>
    <ARRAAmount/>
    <AwardID>0400391</AwardID>
    <Investigator>
      <FirstName>Harry</FirstName>
      <LastName>Kwatny</LastName>
      <EmailAddress>hkwatny@coe.drexel.edu</EmailAddress>
      <StartDate>03/24/2004</StartDate>
      <EndDate/>
      <RoleCode>Principal Investigator</RoleCode>
    </Investigator>
    <Investigator>
      <FirstName>Chikaodinaka</FirstName>
      <LastName>Nwankpa</LastName>
      <EmailAddress>con22@drexel.edu</EmailAddress>
      <StartDate>03/24/2004</StartDate>
      <EndDate/>
      <RoleCode>Co-Principal Investigator</RoleCode>
    </Investigator>
    <Institution>
      <Name>Drexel University</Name>
      <CityName>Philadelphia</CityName>
      <ZipCode>191021119</ZipCode>
      <PhoneNumber>2158955849</PhoneNumber>
      <StreetAddress>1505 Race St, 8th Floor</StreetAddress>
      <CountryName>United States</CountryName>
      <StateName>Pennsylvania</StateName>
      <StateCode>PA</StateCode>
    </Institution>
    <FoaInformation>
      <Code>0306000</Code>
      <Name>Energy Research &amp; Resources</Name>
    </FoaInformation>
    <ProgramElement>
      <Code>1518</Code>
      <Text>CONTROL, NETWORKS, &amp; COMP INTE</Text>
    </ProgramElement>
    <ProgramReference>
      <Code>0000</Code>
      <Text>UNASSIGNED</Text>
    </ProgramReference>
    <ProgramReference>
      <Code>1238</Code>
      <Text>TECH FOR SUSTAINABLE ENVIRONMENT</Text>
    </ProgramReference>
    <ProgramReference>
      <Code>OTHR</Code>
      <Text>OTHER RESEARCH OR EDUCATION</Text>
    </ProgramReference>
  </Award>
</rootTag>
