<?xml version="1.0" encoding="UTF-8"?>

<rootTag>
  <Award>
    <AwardTitle>Structured Simulation Optimization and Analysis</AwardTitle>
    <AwardEffectiveDate>08/01/2004</AwardEffectiveDate>
    <AwardExpirationDate>07/31/2008</AwardExpirationDate>
    <AwardAmount>299735</AwardAmount>
    <AwardInstrument>
      <Value>Continuing grant</Value>
    </AwardInstrument>
    <Organization>
      <Code>07030000</Code>
      <Directorate>
        <LongName>Directorate For Engineering</LongName>
      </Directorate>
      <Division>
        <LongName>Div Of Civil, Mechanical, &amp; Manufact Inn</LongName>
      </Division>
    </Organization>
    <ProgramOfficer>
      <SignBlockName>Cerry M. Klein</SignBlockName>
    </ProgramOfficer>
    <AbstractNarration>A huge number of applications involve simulation optimization, i.e., the optimization of a function that is computed via Monte Carlo simulation. The primary goal of the research is to develop solution methods for structured simulation optimization problems. The word "structured" suggests that the problem possesses certain structural properties that can be leveraged by optimization algorithms to, for example, reduce solution time or improve the likelihood of convergence. In more detail, the primary goals of this research are as follows. First, to further develop simulation optimization methods for structured problems, where the structure may be detected and verified with minimal user input. Second, to apply those methods on a range of practical problems, with emphasis on emergency services in rural areas. Third, to create a library of simulation optimization problems that can be used to help compare proposed optimization methods, and help guide the development of new simulation-optimization algorithms.&lt;br/&gt;&lt;br/&gt;The development of structured simulation-optimization methods will allow far larger models and associated optimization problems to be solved than is possible today. The potential list of applications is enormous, since Monte Carlo simulation is now used in a tremendous range of fields including, but certainly not limited to, emergency service planning, manufacturing, communications systems, service system design and health &lt;br/&gt;care. The research explicitly includes applications to emergency service planning in rural areas, with the goal of obtaining more effective response times and coverage. Other potential benefits include improved methods for operating policy design for networks such as arise in power systems, communication systems and manufacturing. Applications also exist in health care, such as in external beam radiation treatment planning for cancer patients.</AbstractNarration>
    <MinAmdLetterDate>04/01/2004</MinAmdLetterDate>
    <MaxAmdLetterDate>09/01/2006</MaxAmdLetterDate>
    <ARRAAmount/>
    <AwardID>0400287</AwardID>
    <Investigator>
      <FirstName>Shane</FirstName>
      <LastName>Henderson</LastName>
      <EmailAddress>sgh9@cornell.edu</EmailAddress>
      <StartDate>04/01/2004</StartDate>
      <EndDate/>
      <RoleCode>Principal Investigator</RoleCode>
    </Investigator>
    <Institution>
      <Name>Cornell University</Name>
      <CityName>Ithaca</CityName>
      <ZipCode>148502820</ZipCode>
      <PhoneNumber>6072555014</PhoneNumber>
      <StreetAddress>373 Pine Tree Road</StreetAddress>
      <CountryName>United States</CountryName>
      <StateName>New York</StateName>
      <StateCode>NY</StateCode>
    </Institution>
    <FoaInformation>
      <Code>0107000</Code>
      <Name>Operations Research</Name>
    </FoaInformation>
  </Award>
</rootTag>
