<?xml version="1.0" encoding="UTF-8"?>

<rootTag>
  <Award>
    <AwardTitle>Arithmetic Algebraic Geometry</AwardTitle>
    <AwardEffectiveDate>07/01/2004</AwardEffectiveDate>
    <AwardExpirationDate>06/30/2010</AwardExpirationDate>
    <AwardAmount>350000</AwardAmount>
    <AwardInstrument>
      <Value>Continuing grant</Value>
    </AwardInstrument>
    <Organization>
      <Code>03040000</Code>
      <Directorate>
        <LongName>Direct For Mathematical &amp; Physical Scien</LongName>
      </Directorate>
      <Division>
        <LongName>Division Of Mathematical Sciences</LongName>
      </Division>
    </Organization>
    <ProgramOfficer>
      <SignBlockName>Tomek Bartoszynski</SignBlockName>
    </ProgramOfficer>
    <AbstractNarration>Abstract for Award DMS-0400482 "Arithmetic algebraic Geometry"&lt;br/&gt;by Ching-Li Chai&lt;br/&gt;&lt;br/&gt;&lt;br/&gt;This project is in the field of arithmetic algebraic geometry and contains two parts: geometry of Shimura varieties and Neron models of semiabelian varieties. The first part of this project is centered around the Hecke orbit conjecture for good reductions of Shimura variety, formulated by Oort, which states that the Zariski closure of a prime-to-p Hecke orbit is equal to the Zariski closure of a leaf. Partly in collaboration with his collaborators, F. Oort and C.-F. Yu, Chai has developed several techniques toward the Hecke orbit conjecture, and also formulated a plan to prove the Hecke orbit conjecture for the moduli space of abelian varieties. The last step of the plan was finished by C.-F. Yu, and an outline of a proof of the Hecke orbit conjecture for the moduli space of abelian varieties is available. A main objective of this proposal is a detailed exposition of that proof, as well as further development of the method for future applications. Also will be explored is the Hecke orbit problem for Shimura varieties attached to unitary groups. The focus of the second part is a numerical invariant of semiabelian varieties over local fields, called the base change conductor, defined using the Neron models. The goal here is to understand the behavior of the base change conductor when the residue field is not perfect, and to explore the foundational properties of formal Neron models of rigid analytic spaces.&lt;br/&gt;&lt;br/&gt;The first part of this project studies the of symmetries on a very special class of polynomial equations. This class of polynomial equations, called Shimura varieties, are of central importance in Number Theory. Conjecturally, these symmetries characterize a structure, called "foliation", on Shimura varieties. The proposal is to develop and document a recently conceived proof of this conjecture. The second part of this project deals with another aspect of system of polynomial equations, on the drop of the level of complexity of a system of equation when more general numbers are allowed to be used for solutions. This project is expected to enhance our knowledge in number theory, a subject which, though considered platonic and pure in the past, has found a plethora of applications in the digital age.</AbstractNarration>
    <MinAmdLetterDate>05/17/2004</MinAmdLetterDate>
    <MaxAmdLetterDate>04/11/2008</MaxAmdLetterDate>
    <ARRAAmount/>
    <AwardID>0400482</AwardID>
    <Investigator>
      <FirstName>Ching-Li</FirstName>
      <LastName>Chai</LastName>
      <EmailAddress>chai@math.upenn.edu</EmailAddress>
      <StartDate>05/17/2004</StartDate>
      <EndDate/>
      <RoleCode>Principal Investigator</RoleCode>
    </Investigator>
    <Institution>
      <Name>University of Pennsylvania</Name>
      <CityName>Philadelphia</CityName>
      <ZipCode>191046205</ZipCode>
      <PhoneNumber>2158987293</PhoneNumber>
      <StreetAddress>Research Services</StreetAddress>
      <CountryName>United States</CountryName>
      <StateName>Pennsylvania</StateName>
      <StateCode>PA</StateCode>
    </Institution>
    <FoaInformation>
      <Code>0000099</Code>
      <Name>Other Applications NEC</Name>
    </FoaInformation>
  </Award>
</rootTag>
