<?xml version="1.0" encoding="UTF-8"?>

<rootTag>
  <Award>
    <AwardTitle>Variation of Selmer Groups</AwardTitle>
    <AwardEffectiveDate>07/01/2004</AwardEffectiveDate>
    <AwardExpirationDate>06/30/2008</AwardExpirationDate>
    <AwardAmount>150000</AwardAmount>
    <AwardInstrument>
      <Value>Standard Grant</Value>
    </AwardInstrument>
    <Organization>
      <Code>03040200</Code>
      <Directorate>
        <LongName>Direct For Mathematical &amp; Physical Scien</LongName>
      </Directorate>
      <Division>
        <LongName>Division Of Mathematical Sciences</LongName>
      </Division>
    </Organization>
    <ProgramOfficer>
      <SignBlockName>Tie Luo</SignBlockName>
    </ProgramOfficer>
    <AbstractNarration>Abstract for award DMS-0400232 of Ramakrishna:&lt;br/&gt;&lt;br/&gt;The main purpose of this project is to continue an&lt;br/&gt;investigation of the PI of mod p Galois representations,&lt;br/&gt;p-adic Galois representations and their relations with&lt;br/&gt;problems in number theory and arithmetic algebraic geometry.&lt;br/&gt;A particular emphasis will be the understanding of how Selmer&lt;br/&gt;groups of various sorts change as more primes are added&lt;br/&gt;to the ramification set. In one context this variation&lt;br/&gt;of Selmer groups relates to how many `new at q' newforms there are&lt;br/&gt;congruent to a particular oldform.&lt;br/&gt;&lt;br/&gt;The PI's research is in Algebraic Number Theory.&lt;br/&gt;This field has its roots in the study of whole numbers and their&lt;br/&gt;various properties. A key tool in the PI's research&lt;br/&gt;is Galois theory. Galois theory is the study of symmetries of solutions&lt;br/&gt;of equations. The understanding of these symmetries&lt;br/&gt;shed slight on the the solutions themselves, a&lt;br/&gt;basic mathematical question. An example of such a symmetry is the&lt;br/&gt;fact that complex solutions to polynomial equations occur in&lt;br/&gt;complex conjugate pairs.</AbstractNarration>
    <MinAmdLetterDate>06/03/2004</MinAmdLetterDate>
    <MaxAmdLetterDate>06/03/2004</MaxAmdLetterDate>
    <ARRAAmount/>
    <AwardID>0400232</AwardID>
    <Investigator>
      <FirstName>Ravi</FirstName>
      <LastName>Ramakrishna</LastName>
      <EmailAddress>ravi@math.cornell.edu</EmailAddress>
      <StartDate>06/03/2004</StartDate>
      <EndDate/>
      <RoleCode>Principal Investigator</RoleCode>
    </Investigator>
    <Institution>
      <Name>Cornell University</Name>
      <CityName>Ithaca</CityName>
      <ZipCode>148502820</ZipCode>
      <PhoneNumber>6072555014</PhoneNumber>
      <StreetAddress>373 Pine Tree Road</StreetAddress>
      <CountryName>United States</CountryName>
      <StateName>New York</StateName>
      <StateCode>NY</StateCode>
    </Institution>
    <FoaInformation>
      <Code>0000099</Code>
      <Name>Other Applications NEC</Name>
    </FoaInformation>
  </Award>
</rootTag>
