<?xml version="1.0" encoding="UTF-8"?>

<rootTag>
  <Award>
    <AwardTitle>Research in Local Index Theory and Noncommutative Geometry</AwardTitle>
    <AwardEffectiveDate>07/01/2004</AwardEffectiveDate>
    <AwardExpirationDate>12/31/2008</AwardExpirationDate>
    <AwardAmount>97132</AwardAmount>
    <AwardInstrument>
      <Value>Standard Grant</Value>
    </AwardInstrument>
    <Organization>
      <Code>03040100</Code>
      <Directorate>
        <LongName>Direct For Mathematical &amp; Physical Scien</LongName>
      </Directorate>
      <Division>
        <LongName>Division Of Mathematical Sciences</LongName>
      </Division>
    </Organization>
    <ProgramOfficer>
      <SignBlockName>Joe W. Jenkins</SignBlockName>
    </ProgramOfficer>
    <AbstractNarration>Abstract&lt;br/&gt;Gorokhovsky&lt;br/&gt;&lt;br/&gt;This proposal belongs to the area of noncommutative geometry. It is devoted to three projects. The goal of the first project is to obtain construction of characteristic classes for the important class of noncommutative spaces, arising naturally in the contexts of discrete group actions on manifolds and foliations. The approach is based on the recently developed by A. Connes and H. Moscovici theory of cyclic cohomology of Hopf algebras. The goal of the second project (joint work with R. Nest and A. Uribe) is to obtain index theorem for algebras of Fourier integral operators, and study applications of these results. The third project (joint work with J. Lott) is devoted to the proof of the local version of Connes' index theorem for etale groupoids, as well as various extensions of this theorem. Noncommutative geometry is a field of mathematics situated on the crossroads between analysis, geometry, and mathematical physics. Discovery of quantum mechanics has shown that the classical principles of geometry are not applicable to the world of microscopic particles. Noncommutative geometry unifies geometry with analysis for the solution of the problems of quantum mechanics. Different parts of the present work deals both with solving internal problems of noncommutative geometry and with applying methods of noncommutative geometry to other parts of mathematics and mathematical physics.</AbstractNarration>
    <MinAmdLetterDate>06/24/2004</MinAmdLetterDate>
    <MaxAmdLetterDate>06/23/2008</MaxAmdLetterDate>
    <ARRAAmount/>
    <AwardID>0400342</AwardID>
    <Investigator>
      <FirstName>Alexander</FirstName>
      <LastName>Gorokhovsky</LastName>
      <EmailAddress>gorokhov@euclid.colorado.edu</EmailAddress>
      <StartDate>06/24/2004</StartDate>
      <EndDate/>
      <RoleCode>Principal Investigator</RoleCode>
    </Investigator>
    <Institution>
      <Name>University of Colorado at Boulder</Name>
      <CityName>Boulder</CityName>
      <ZipCode>803031058</ZipCode>
      <PhoneNumber>3034926221</PhoneNumber>
      <StreetAddress>3100 Marine Street, Room 481</StreetAddress>
      <CountryName>United States</CountryName>
      <StateName>Colorado</StateName>
      <StateCode>CO</StateCode>
    </Institution>
    <FoaInformation>
      <Code>0000099</Code>
      <Name>Other Applications NEC</Name>
    </FoaInformation>
    <ProgramElement>
      <Code>1281</Code>
      <Text>ANALYSIS PROGRAM</Text>
    </ProgramElement>
    <ProgramReference>
      <Code>0000</Code>
      <Text>UNASSIGNED</Text>
    </ProgramReference>
    <ProgramReference>
      <Code>OTHR</Code>
      <Text>OTHER RESEARCH OR EDUCATION</Text>
    </ProgramReference>
  </Award>
</rootTag>
