<?xml version="1.0" encoding="UTF-8"?>

<rootTag>
  <Award>
    <AwardTitle>Isotope Ratio Mass Spectrometers for Biological and Environmental Research and Training at the University of Wyoming</AwardTitle>
    <AwardEffectiveDate>05/01/2004</AwardEffectiveDate>
    <AwardExpirationDate>04/30/2006</AwardExpirationDate>
    <AwardAmount>270042</AwardAmount>
    <AwardInstrument>
      <Value>Standard Grant</Value>
    </AwardInstrument>
    <Organization>
      <Code>08080101</Code>
      <Directorate>
        <LongName>Direct For Biological Sciences</LongName>
      </Directorate>
      <Division>
        <LongName>Div Of Biological Infrastructure</LongName>
      </Division>
    </Organization>
    <ProgramOfficer>
      <SignBlockName>Helen G. Hansma</SignBlockName>
    </ProgramOfficer>
    <AbstractNarration>This award provides partial support of the of two new stable isotope ratio mass spectrometers to be placed in the University of Wyoming Stable Isotope Lab. This will be the only facility in the state capable of analyzing stable isotope ratios of the light elements (H, C, N, O,and S). The two isotope ratio mass spectrometer systems will be coupled with peripheral devices for automated and rapid sample processing and will be fully capable of accepting additional peripheral systems as needed in future applications. The instrumentation will augment the capabilities of this lab by providing the means for analysis of the isotopic composition of atmospheric trace gases and of organic substances and microwater (&lt;1mL) samples. The new instruments will enable the Stable Isotope Lab to meet a growing demand for stable isotope ratio analyses from researchers at the University from elsewhere in the state and region. Among the immediate uses of the new instruments will be investigation of the physiological responses of plants and animals to environmental change, organism-environment interactions across space and time, food-webs and feeding patterns in terrestrial, aquatic, and marine systems, biogeochemistry in terrestrial and aquatic ecosystems, hydrological flow paths in arid and semiarid landscapes and biosphere-atmosphere interactions. In addition to their use in research, the instruments will be used to enhance the training and educational experiences of undergraduate and graduate students, postdocs, and visiting scientists at the University of Wyoming. The users of the facility are committed to bringing cutting-edge analytical approaches to traditionally underrepresented student, advanced researcher, and faculty groups on campus.</AbstractNarration>
    <MinAmdLetterDate>04/06/2004</MinAmdLetterDate>
    <MaxAmdLetterDate>04/06/2004</MaxAmdLetterDate>
    <ARRAAmount/>
    <AwardID>0400752</AwardID>
    <Investigator>
      <FirstName>Elise</FirstName>
      <LastName>Pendall</LastName>
      <EmailAddress>pendall@uwyo.edu</EmailAddress>
      <StartDate>04/06/2004</StartDate>
      <EndDate/>
      <RoleCode>Co-Principal Investigator</RoleCode>
    </Investigator>
    <Investigator>
      <FirstName>David</FirstName>
      <LastName>Williams</LastName>
      <EmailAddress>dgw@uwyo.edu</EmailAddress>
      <StartDate>04/06/2004</StartDate>
      <EndDate/>
      <RoleCode>Principal Investigator</RoleCode>
    </Investigator>
    <Investigator>
      <FirstName>Robert</FirstName>
      <LastName>Hall</LastName>
      <EmailAddress>bhall@uwyo.edu</EmailAddress>
      <StartDate>04/06/2004</StartDate>
      <EndDate/>
      <RoleCode>Co-Principal Investigator</RoleCode>
    </Investigator>
    <Investigator>
      <FirstName>Merav</FirstName>
      <LastName>Ben-David</LastName>
      <EmailAddress>bendavid@uwyo.edu</EmailAddress>
      <StartDate>04/06/2004</StartDate>
      <EndDate/>
      <RoleCode>Co-Principal Investigator</RoleCode>
    </Investigator>
    <Investigator>
      <FirstName>Carlos</FirstName>
      <LastName>Martinez del Rio</LastName>
      <EmailAddress>cmdelrio@uwyo.edu</EmailAddress>
      <StartDate>04/06/2004</StartDate>
      <EndDate/>
      <RoleCode>Co-Principal Investigator</RoleCode>
    </Investigator>
    <Institution>
      <Name>University of Wyoming</Name>
      <CityName>Laramie</CityName>
      <ZipCode>820712000</ZipCode>
      <PhoneNumber>3077665320</PhoneNumber>
      <StreetAddress>1000 E. University Avenue</StreetAddress>
      <CountryName>United States</CountryName>
      <StateName>Wyoming</StateName>
      <StateCode>WY</StateCode>
    </Institution>
    <ProgramElement>
      <Code>1108</Code>
      <Text>INSTRUMENTAT &amp; INSTRUMENT DEVP</Text>
    </ProgramElement>
    <ProgramReference>
      <Code>9184</Code>
      <Text>BIOTECHNOLOGY - INFRASTRUCTURE</Text>
    </ProgramReference>
    <ProgramReference>
      <Code>BIOT</Code>
      <Text>BIOTECHNOLOGY</Text>
    </ProgramReference>
  </Award>
</rootTag>
