<?xml version="1.0" encoding="UTF-8"?>

<rootTag>
  <Award>
    <AwardTitle>Tight Feasibility Constraints in Engineering Design</AwardTitle>
    <AwardEffectiveDate>05/15/2004</AwardEffectiveDate>
    <AwardExpirationDate>04/30/2008</AwardExpirationDate>
    <AwardAmount>266502</AwardAmount>
    <AwardInstrument>
      <Value>Standard Grant</Value>
    </AwardInstrument>
    <Organization>
      <Code>07030000</Code>
      <Directorate>
        <LongName>Directorate For Engineering</LongName>
      </Directorate>
      <Division>
        <LongName>Div Of Civil, Mechanical, &amp; Manufact Inn</LongName>
      </Division>
    </Organization>
    <ProgramOfficer>
      <SignBlockName>Christina L. Bloebaum</SignBlockName>
    </ProgramOfficer>
    <AbstractNarration>This research will assess the potential of a new method that tightly sandwiches nonlinear functions by piecewise linear functions, for efficiently finding solutions to optimization problems with tight feasibility constraints. A common class of problems in engineering design requires finding and optimizing functions that, over an interval, fit between narrowly separated lower and upper bounds. One typical example considers the components of a load-bearing beam or wire that has to fit into a narrow space between two existing surfaces and is to be optimized with respect to stiffness. Currently, such problems require extensive and expensive trial-and-error human intervention. The new theory and software tools will automate the search and make the trade-off between tolerances and computational budget explicit. &lt;br/&gt;&lt;br/&gt;The approach can be used in time-sensitive scenarios, such as interactive geometric design tools, and is expected to free computational cycles for the additional engineering objectives such as stiffness, heat conduction, uncertainty, cost or schedule. On a broader scale, the new tools will effectively extend existing computational geometry techniques to curved paths and surfaces. Tables, tools and tutorial examples will be disseminate as a part of the open-source SubLiME software library. The educational initiative will focus on adjusting the syllabus of undergraduate numerical computing to increase awareness of optimization problems; and to teach how to formulate and solve such problems. Aspects of the research to the general public will be communicated via two exhibitions featuring engineering analysis.</AbstractNarration>
    <MinAmdLetterDate>04/29/2004</MinAmdLetterDate>
    <MaxAmdLetterDate>04/07/2005</MaxAmdLetterDate>
    <ARRAAmount/>
    <AwardID>0400214</AwardID>
    <Investigator>
      <FirstName>Raphael</FirstName>
      <LastName>Haftka</LastName>
      <EmailAddress>haftka@ufl.edu</EmailAddress>
      <StartDate>04/29/2004</StartDate>
      <EndDate/>
      <RoleCode>Co-Principal Investigator</RoleCode>
    </Investigator>
    <Investigator>
      <FirstName>Jorg</FirstName>
      <LastName>Peters</LastName>
      <EmailAddress>jorg@cise.ufl.edu</EmailAddress>
      <StartDate>04/29/2004</StartDate>
      <EndDate/>
      <RoleCode>Principal Investigator</RoleCode>
    </Investigator>
    <Institution>
      <Name>University of Florida</Name>
      <CityName>GAINESVILLE</CityName>
      <ZipCode>326112002</ZipCode>
      <PhoneNumber>3523923516</PhoneNumber>
      <StreetAddress>1 UNIVERSITY OF FLORIDA</StreetAddress>
      <CountryName>United States</CountryName>
      <StateName>Florida</StateName>
      <StateCode>FL</StateCode>
    </Institution>
    <FoaInformation>
      <Code>0107000</Code>
      <Name>Operations Research</Name>
    </FoaInformation>
    <FoaInformation>
      <Code>0308000</Code>
      <Name>Industrial Technology</Name>
    </FoaInformation>
  </Award>
</rootTag>
