<?xml version="1.0" encoding="UTF-8"?>

<rootTag>
  <Award>
    <AwardTitle>Applications of Logic, Set Theory and Combinatorics to the Geometry of Banach Spaces</AwardTitle>
    <AwardEffectiveDate>06/01/2004</AwardEffectiveDate>
    <AwardExpirationDate>05/31/2008</AwardExpirationDate>
    <AwardAmount>110880</AwardAmount>
    <AwardInstrument>
      <Value>Standard Grant</Value>
    </AwardInstrument>
    <Organization>
      <Code>03040000</Code>
      <Directorate>
        <LongName>Direct For Mathematical &amp; Physical Scien</LongName>
      </Directorate>
      <Division>
        <LongName>Division Of Mathematical Sciences</LongName>
      </Division>
    </Organization>
    <ProgramOfficer>
      <SignBlockName>Joe W. Jenkins</SignBlockName>
    </ProgramOfficer>
    <AbstractNarration>The study of geometry of infinite dimensional normed linear spaces is the subject of this project. Some such spaces X are elastic, i.e., they stretch to uniformly absorb all spaces that embed into them. One goal of this project is to determine if they must actually be universal, absorbing all spaces of their size. Logic and combinatorics provide some of the tools necessary to attack this problem. Other problems concerning the notion of "partial unconditionality" in normed spaces will also be the subject of this project. These turn out to be related to some fascinating coding problems where one seemingly needs to predict the future in a nondeterministic way to solve the problem. Other problems will be attacked using certain machinery that meshes together the finite and infinite dimensional substructures of a Banach space (a normed linear space without holes).&lt;br/&gt;&lt;br/&gt;(Non-technical description)&lt;br/&gt;&lt;br/&gt;This project involves the study of the geometry of normed linear spaces. Ordinary three-dimensional space in which we live is an example of such an object. Distance is measured "as the crow flies". However other geometries and higher dimensions are necessary for applications. A transmitted signal might be a sequence of 0's and 1's. A corrupted signal might differ from the intended one in a number of places (0's become 1's or vice versa). One can measure the degree of correctness of the corrupted signal by counting the number of errors. This corresponds to a "taxi-cab" distance or geometry in n-dimensional space. For example in 2-dimensional space we can measure distance by moving only E-W or N-S, i.e., along roads a taxi-cab could travel. This project will study such alternate geometries using sophisticated tools of combinatorics and logic.&lt;br/&gt;Often, the goal is to discover nice substructures among seemingly random larger complicated geometries.</AbstractNarration>
    <MinAmdLetterDate>03/29/2004</MinAmdLetterDate>
    <MaxAmdLetterDate>03/29/2004</MaxAmdLetterDate>
    <ARRAAmount/>
    <AwardID>0400054</AwardID>
    <Investigator>
      <FirstName>Edward</FirstName>
      <LastName>Odell</LastName>
      <EmailAddress>odell@math.utexas.edu</EmailAddress>
      <StartDate>03/29/2004</StartDate>
      <EndDate/>
      <RoleCode>Principal Investigator</RoleCode>
    </Investigator>
    <Institution>
      <Name>University of Texas at Austin</Name>
      <CityName>Austin</CityName>
      <ZipCode>787121532</ZipCode>
      <PhoneNumber>5124716424</PhoneNumber>
      <StreetAddress>101 E. 27th Street, Suite 5.300</StreetAddress>
      <CountryName>United States</CountryName>
      <StateName>Texas</StateName>
      <StateCode>TX</StateCode>
    </Institution>
    <FoaInformation>
      <Code>0000099</Code>
      <Name>Other Applications NEC</Name>
    </FoaInformation>
  </Award>
</rootTag>
