<?xml version="1.0" encoding="UTF-8"?>

<rootTag>
  <Award>
    <AwardTitle>Decoherence and Quantum Information Processing</AwardTitle>
    <AwardEffectiveDate>06/15/2004</AwardEffectiveDate>
    <AwardExpirationDate>07/31/2006</AwardExpirationDate>
    <AwardAmount>144400</AwardAmount>
    <AwardInstrument>
      <Value>Fellowship</Value>
    </AwardInstrument>
    <Organization>
      <Code>03010100</Code>
      <Directorate>
        <LongName>Direct For Mathematical &amp; Physical Scien</LongName>
      </Directorate>
      <Division>
        <LongName>Division Of Physics</LongName>
      </Division>
    </Organization>
    <ProgramOfficer>
      <SignBlockName>C. Denise Caldwell</SignBlockName>
    </ProgramOfficer>
    <AbstractNarration>This MPS Distinguished International Postdoctoral Research Fellowship (MPS-DRF) award supports a 24-month research project in the area of quantum information theory, a field that brings together various disciplines such as engineering, computer science, mathematics, and physics. The power of quantum information processing lies in the unique properties of superposition states and entanglement. Decoherence destroys the fragile superposition states and entanglement properties of the quantum bits of information. Sonja Daffer will work with Prof. Peter L. Knight, FRS and his group at Imperial College in London, England to study implementation and decoherence in quantum information processing.&lt;br/&gt;&lt;br/&gt;Funding for this award is provided by the MPS Office of Multidisciplinary Activities.</AbstractNarration>
    <MinAmdLetterDate>06/24/2004</MinAmdLetterDate>
    <MaxAmdLetterDate>04/12/2006</MaxAmdLetterDate>
    <ARRAAmount/>
    <AwardID>0400838</AwardID>
    <Investigator>
      <FirstName>Sonja</FirstName>
      <LastName>Daffer</LastName>
      <EmailAddress>sonja@phys.unm.edu</EmailAddress>
      <StartDate>06/24/2004</StartDate>
      <EndDate/>
      <RoleCode>Principal Investigator</RoleCode>
    </Investigator>
    <Institution>
      <Name>University of New Mexico</Name>
      <CityName>Albuquerque</CityName>
      <ZipCode>871310001</ZipCode>
      <PhoneNumber>5052774186</PhoneNumber>
      <StreetAddress>1700 Lomas Blvd. NE, Suite 2200</StreetAddress>
      <CountryName>United States</CountryName>
      <StateName>New Mexico</StateName>
      <StateCode>NM</StateCode>
    </Institution>
    <FoaInformation>
      <Code>0000099</Code>
      <Name>Other Applications NEC</Name>
    </FoaInformation>
    <ProgramElement>
      <Code>1253</Code>
      <Text>OFFICE OF MULTIDISCIPLINARY AC</Text>
    </ProgramElement>
    <ProgramReference>
      <Code>0000</Code>
      <Text>UNASSIGNED</Text>
    </ProgramReference>
    <ProgramReference>
      <Code>1253</Code>
      <Text>OFFICE OF MULTIDISCIPLINARY AC</Text>
    </ProgramReference>
    <ProgramReference>
      <Code>1695</Code>
      <Text>MPS Dist Inter PostDoc Fellow Pro</Text>
    </ProgramReference>
    <ProgramReference>
      <Code>7203</Code>
      <Text>QUANTUM INFORMATION SCIENCE</Text>
    </ProgramReference>
    <ProgramReference>
      <Code>9150</Code>
      <Text>EXP PROG TO STIM COMP RES</Text>
    </ProgramReference>
    <ProgramReference>
      <Code>OTHR</Code>
      <Text>OTHER RESEARCH OR EDUCATION</Text>
    </ProgramReference>
  </Award>
</rootTag>
