<?xml version="1.0" encoding="UTF-8"?>

<rootTag>
  <Award>
    <AwardTitle>Conference: ``Borders in 3-Dim Topology''</AwardTitle>
    <AwardEffectiveDate>11/01/2003</AwardEffectiveDate>
    <AwardExpirationDate>10/31/2004</AwardExpirationDate>
    <AwardAmount>6500</AwardAmount>
    <AwardInstrument>
      <Value>Standard Grant</Value>
    </AwardInstrument>
    <Organization>
      <Code>03040200</Code>
      <Directorate>
        <LongName>Direct For Mathematical &amp; Physical Scien</LongName>
      </Directorate>
      <Division>
        <LongName>Division Of Mathematical Sciences</LongName>
      </Division>
    </Organization>
    <ProgramOfficer>
      <SignBlockName>Joanna Kania-Bartoszynska</SignBlockName>
    </ProgramOfficer>
    <AbstractNarration>Abstract&lt;br/&gt;0400017&lt;br/&gt;&lt;br/&gt;The focus of the conference is on the modern methods in 3-manifold and knot theory, and their interactions with other areas of mathematics. Of particular interest are the relations between quantum topology and, for example, gauge theory, quantum computing, non-commutative algebra, representation theory, and other adjacent areas in geometry and topology. The conference shall both give an overview over the current state of modern algebraic and combinatorial methods in 3-dimensional topology and provide an opportunity for participants to educate themselves along the borderlines of overlapping areas of research. The conference is continuing the annual geometry and topology conference that was held at Ohio State from 1989 to 2000 in a different format. Most of the funding is for the support of doctoral students and recent PhD's, who are at the beginnings of their academic careers. The conference exposes them to a variety of new developments and interrelations in 3-dim topology from which they can develop their future research directions and projects as well as gives them an opportunity to introduce themselves to the topology community with presentations of their own work.&lt;br/&gt;&lt;br/&gt;&lt;br/&gt;Topology of 3-manifolds is the study of the possible shapes in a 3-dimensional space. In two dimensions such shapes can be discs, spheres or also the surfaces of doughnuts and pretzels. They were of obvious interest and discussion among scientists and philosophers before 1492 when they asked what the shape of (the 2-dim surface of) the earth is. Remarkably, a similar discussion about the possible 3-dimensional shape of our cosmos is taking place right now among modern astronomers and astrophysicists. Yet, 3-dimensional shapes are much harder to describe and to distinguish. Conversely, physics heavily influenced 3-dimensional topology. The models that theoretical physicists use to describe elementary particles turned out to be highly insightful guidelines to develop new theories about the abstract 3-dimensional spaces in topology, from which eventually the areas of "quantum topology" and "gauge theory" emerged as purely mathematical disciplines. Furthermore, the algebraic tools and methods that are being developed along with the topology prove to be of much more universal interest. They serve, for example, as theoretical models for quantum computers, which - if constructed - would be able to break all known public encryption codes, such as those used, e.g., in the military and in the world of finance.</AbstractNarration>
    <MinAmdLetterDate>10/31/2003</MinAmdLetterDate>
    <MaxAmdLetterDate>10/31/2003</MaxAmdLetterDate>
    <ARRAAmount/>
    <AwardID>0400017</AwardID>
    <Investigator>
      <FirstName>Thomas</FirstName>
      <LastName>Kerler</LastName>
      <EmailAddress>kerler@math.ohio-state.edu</EmailAddress>
      <StartDate>10/31/2003</StartDate>
      <EndDate/>
      <RoleCode>Principal Investigator</RoleCode>
    </Investigator>
    <Institution>
      <Name>Ohio State University Research Foundation -DO NOT USE</Name>
      <CityName>Columbus</CityName>
      <ZipCode>432101016</ZipCode>
      <PhoneNumber>6142923732</PhoneNumber>
      <StreetAddress>1960 KENNY RD</StreetAddress>
      <CountryName>United States</CountryName>
      <StateName>Ohio</StateName>
      <StateCode>OH</StateCode>
    </Institution>
    <FoaInformation>
      <Code>0000099</Code>
      <Name>Other Applications NEC</Name>
    </FoaInformation>
  </Award>
</rootTag>
