<?xml version="1.0" encoding="UTF-8"?>

<rootTag>
  <Award>
    <AwardTitle>Postdoctoral Research Fellowship in Microbial Biology for FY 2004</AwardTitle>
    <AwardEffectiveDate>07/01/2004</AwardEffectiveDate>
    <AwardExpirationDate>07/31/2006</AwardExpirationDate>
    <AwardAmount>100000</AwardAmount>
    <AwardInstrument>
      <Value>Fellowship</Value>
    </AwardInstrument>
    <Organization>
      <Code>08080308</Code>
      <Directorate>
        <LongName>Direct For Biological Sciences</LongName>
      </Directorate>
      <Division>
        <LongName>Div Of Biological Infrastructure</LongName>
      </Division>
    </Organization>
    <ProgramOfficer>
      <SignBlockName>Carter Kimsey</SignBlockName>
    </ProgramOfficer>
    <AbstractNarration>This action funds an NSF Postdoctoral Fellowship in Microbial biology for FY2004. The fellowship supports training and research on the basic biology of protozoan, microalgal, fungal, archaeal, bacterial and viral species that are not generally considered to be model organisms. Further, it provides opportunities for recent doctoral recipients to obtain additional training in microbial biology, to gain research experience under the sponsorship of established scientists, and to broaden their scientific horizons beyond the research experiences during the undergraduate and graduate training. These fellowships are further designed to assist new scientists to direct their research efforts across traditional disciplinary lines and to avail themselves of unique research resources, sites, and facilities, including foreign locations.&lt;br/&gt;&lt;br/&gt;The research and training plan is entitled "Geography and genetics of an RNA bacteriophage." This project investigates the genetic structure of natural populations of the bacteriophage phi6 (host: Pseudomonas syringae pv. phaseolicola), a double-stranded RNA phage in the family Cystoviridae. Cystoviruses that infect P. phaseolicola will be isolated from clover plants at a range of geographic scales within New England. Nucleotide sequences of these phages are being used to examine geographic structure, patterns of host association, effective population size, dispersal patterns, and the importance of genetic exchange in these natural phage populations.</AbstractNarration>
    <MinAmdLetterDate>04/02/2004</MinAmdLetterDate>
    <MaxAmdLetterDate>07/29/2005</MaxAmdLetterDate>
    <ARRAAmount/>
    <AwardID>0400834</AwardID>
    <Investigator>
      <FirstName>Kara</FirstName>
      <LastName>O'Keefe</LastName>
      <EmailAddress/>
      <StartDate>04/02/2004</StartDate>
      <EndDate/>
      <RoleCode>Principal Investigator</RoleCode>
    </Investigator>
    <Institution>
      <Name>O'Keefe Kara J</Name>
      <CityName>New Haven</CityName>
      <ZipCode>065110000</ZipCode>
      <PhoneNumber></PhoneNumber>
      <StreetAddress></StreetAddress>
      <CountryName>United States</CountryName>
      <StateName>Connecticut</StateName>
      <StateCode>CT</StateCode>
    </Institution>
  </Award>
</rootTag>
