<?xml version="1.0" encoding="UTF-8"?>

<rootTag>
  <Award>
    <AwardTitle>SGER: Can Larval Dispersal be Directly Measured? Development of Calcein-Based Marking Techniques for Characterization of Planktotrophic Larval Dispersal Shadows</AwardTitle>
    <AwardEffectiveDate>01/01/2004</AwardEffectiveDate>
    <AwardExpirationDate>06/30/2005</AwardExpirationDate>
    <AwardAmount>44470</AwardAmount>
    <AwardInstrument>
      <Value>Standard Grant</Value>
    </AwardInstrument>
    <Organization>
      <Code>06040301</Code>
      <Directorate>
        <LongName>Directorate For Geosciences</LongName>
      </Directorate>
      <Division>
        <LongName>Division Of Ocean Sciences</LongName>
      </Division>
    </Organization>
    <ProgramOfficer>
      <SignBlockName>Phillip R. Taylor</SignBlockName>
    </ProgramOfficer>
    <AbstractNarration>Larval transport and recruitment are widely regarded as important processes determining the distribution and persistence of adult populations in the world's oceans. Due to their microscopic size and incredible potential for dispersal, however, the larvae of most benthic marine species have never been tracked for more than a few days or over distances greater than a few hundred meters. In this Small Grant for Exploratory Research project investigators plan to test the feasibility of marking and recapturing larvae of the bay scallop (Argopecten irradians) with a fluorescent dye incorporated into the larval shell, which is retained by metamorphosed juveniles. The success of this project primarily depends on whether or not marked microscopic larvae can be produced in large enough numbers to be recovered in the field. Effects of the tag will be evaluated in the lab, followed by large scale culturing of marked larvae and an experimental release of larvae in Bogue Sound, NC. Previous work involving physical transport models, patterns of recruitment, and population genetic data from bay scallops together suggest that larvae are retained within this semi enclosed water body and not typically transported to adjacent basins.</AbstractNarration>
    <MinAmdLetterDate>10/23/2003</MinAmdLetterDate>
    <MaxAmdLetterDate>03/25/2005</MaxAmdLetterDate>
    <ARRAAmount/>
    <AwardID>0400518</AwardID>
    <Investigator>
      <FirstName>Peter</FirstName>
      <LastName>Marko</LastName>
      <EmailAddress>pmarko@hawaii.edu</EmailAddress>
      <StartDate>10/23/2003</StartDate>
      <EndDate/>
      <RoleCode>Principal Investigator</RoleCode>
    </Investigator>
    <Investigator>
      <FirstName>Amy</FirstName>
      <LastName>Moran</LastName>
      <EmailAddress>morana@hawaii.edu</EmailAddress>
      <StartDate>10/23/2003</StartDate>
      <EndDate/>
      <RoleCode>Co-Principal Investigator</RoleCode>
    </Investigator>
    <Institution>
      <Name>University of North Carolina at Chapel Hill</Name>
      <CityName>CHAPEL HILL</CityName>
      <ZipCode>275991350</ZipCode>
      <PhoneNumber>9199663411</PhoneNumber>
      <StreetAddress>104 AIRPORT DR STE 2200</StreetAddress>
      <CountryName>United States</CountryName>
      <StateName>North Carolina</StateName>
      <StateCode>NC</StateCode>
    </Institution>
    <FoaInformation>
      <Code>0204000</Code>
      <Name>Oceanography</Name>
    </FoaInformation>
  </Award>
</rootTag>
