<?xml version="1.0" encoding="UTF-8"?>

<rootTag>
  <Award>
    <AwardTitle>Problems in Function Theory and Operator Theory</AwardTitle>
    <AwardEffectiveDate>07/01/2004</AwardEffectiveDate>
    <AwardExpirationDate>06/30/2008</AwardExpirationDate>
    <AwardAmount>227459</AwardAmount>
    <AwardInstrument>
      <Value>Continuing grant</Value>
    </AwardInstrument>
    <Organization>
      <Code>03040100</Code>
      <Directorate>
        <LongName>Direct For Mathematical &amp; Physical Scien</LongName>
      </Directorate>
      <Division>
        <LongName>Division Of Mathematical Sciences</LongName>
      </Division>
    </Organization>
    <ProgramOfficer>
      <SignBlockName>Joe W. Jenkins</SignBlockName>
    </ProgramOfficer>
    <AbstractNarration>This project involves research on several related problems in function theoretic operator theory and in commutative harmonic analysis. One main goal is to understand better the interaction of function theory and operator theory in the context of the Dirichlet space and related potential spaces. One of the major tools will be the recent results of the Principal Investigator (jointly with Arcozzi and Sawyer) characterizing the Carleson measures on the Dirichlet space. However other basic analytical tools that are available in classical contexts are not yet available for these spaces, and part of the project is to develop those tools. Two newer, and still relatively unexplored, areas will also be studied. The first is the function theoretic ramifications of the body of work that has grown from the results of Lacey and Thiele on the bilinear Hilbert transform. The second is the question of the relationship of matricial BMO to the class of matricial Muckenhoupt weights. Essentially the only thing currently known about that relationship is that it is fundamentally different than in the scalar case.&lt;br/&gt;&lt;br/&gt;This work will advance the understanding of the function theoretic operator theory on spaces of holomorphic functions and of operators arising in Euclidean harmonic analysis. It will develop new viewpoints and techniques that will have general applicability in those areas. At their hearts, such viewpoints and techniques focus on the mathematical analysis and synthesis of information. Such questions of analysis and synthesis pervade mathematics and are often central to the development of new uses of mathematics in science and engineering.</AbstractNarration>
    <MinAmdLetterDate>04/15/2004</MinAmdLetterDate>
    <MaxAmdLetterDate>05/31/2007</MaxAmdLetterDate>
    <ARRAAmount/>
    <AwardID>0400962</AwardID>
    <Investigator>
      <FirstName>Richard</FirstName>
      <LastName>Rochberg</LastName>
      <EmailAddress>rr@math.wustl.edu</EmailAddress>
      <StartDate>04/15/2004</StartDate>
      <EndDate/>
      <RoleCode>Principal Investigator</RoleCode>
    </Investigator>
    <Institution>
      <Name>Washington University</Name>
      <CityName>Saint Louis</CityName>
      <ZipCode>631304862</ZipCode>
      <PhoneNumber>3147474134</PhoneNumber>
      <StreetAddress>CAMPUS BOX 1054</StreetAddress>
      <CountryName>United States</CountryName>
      <StateName>Missouri</StateName>
      <StateCode>MO</StateCode>
    </Institution>
    <FoaInformation>
      <Code>0000099</Code>
      <Name>Other Applications NEC</Name>
    </FoaInformation>
    <ProgramElement>
      <Code>1281</Code>
      <Text>ANALYSIS PROGRAM</Text>
    </ProgramElement>
    <ProgramReference>
      <Code>0000</Code>
      <Text>UNASSIGNED</Text>
    </ProgramReference>
    <ProgramReference>
      <Code>OTHR</Code>
      <Text>OTHER RESEARCH OR EDUCATION</Text>
    </ProgramReference>
  </Award>
</rootTag>
