<?xml version="1.0" encoding="UTF-8"?>

<rootTag>
  <Award>
    <AwardTitle>Extremal Combinatorics</AwardTitle>
    <AwardEffectiveDate>08/15/2004</AwardEffectiveDate>
    <AwardExpirationDate>07/31/2007</AwardExpirationDate>
    <AwardAmount>105271</AwardAmount>
    <AwardInstrument>
      <Value>Standard Grant</Value>
    </AwardInstrument>
    <Organization>
      <Code>03040200</Code>
      <Directorate>
        <LongName>Direct For Mathematical &amp; Physical Scien</LongName>
      </Directorate>
      <Division>
        <LongName>Division Of Mathematical Sciences</LongName>
      </Division>
    </Organization>
    <ProgramOfficer>
      <SignBlockName>Tomek Bartoszynski</SignBlockName>
    </ProgramOfficer>
    <AbstractNarration>The PI and his coauthors will work on extremal problems for set&lt;br/&gt;systems or hypergraphs using combinatorial, algebraic,&lt;br/&gt;probabilistic, and topological methods. The basic problem of&lt;br/&gt;extremal hypergraph theory is the so called Turan problem:&lt;br/&gt;determine the maximum number of subsets a finite set can have&lt;br/&gt;without containing some fixed forbidden configuration. This&lt;br/&gt;question, in its full generality, is very difficult, and certain&lt;br/&gt;special cases are famous problems that have been open for over 50&lt;br/&gt;years. Nevertheless, substantial work on closely related issues&lt;br/&gt;has occurred recently, and the limits of this recent progress will&lt;br/&gt;be explored. Although several different aspects are considered&lt;br/&gt;(Ramsey-Turan problems, jumps in hypergraphs, degenerate problems&lt;br/&gt;for simplices), the common theme is to obtain a hypergraph&lt;br/&gt;analogue of the Erdos-Simonovits-Stone theorem, the cornerstone of&lt;br/&gt;extremal graph theory.&lt;br/&gt;&lt;br/&gt;The general topic of finite set systems has connections to diverse&lt;br/&gt;areas of mathematics (combinatorial geometry, design theory,&lt;br/&gt;partially ordered sets, additive number theory), and also to&lt;br/&gt;academic disciplines with concrete applications in everyday life&lt;br/&gt;(coding theory, information theory, optimization and scheduling&lt;br/&gt;problems, computer science). Modern communication would be&lt;br/&gt;impossible without the existence of codes, or objects designed to&lt;br/&gt;relay information faithfully even in the face of distortion.&lt;br/&gt;Extremal problems for set systems play a role in constructing&lt;br/&gt;codes for various situations.</AbstractNarration>
    <MinAmdLetterDate>08/05/2004</MinAmdLetterDate>
    <MaxAmdLetterDate>08/05/2004</MaxAmdLetterDate>
    <ARRAAmount/>
    <AwardID>0400812</AwardID>
    <Investigator>
      <FirstName>Dhruv</FirstName>
      <LastName>Mubayi</LastName>
      <EmailAddress>mubayi@uic.edu</EmailAddress>
      <StartDate>08/05/2004</StartDate>
      <EndDate/>
      <RoleCode>Principal Investigator</RoleCode>
    </Investigator>
    <Institution>
      <Name>University of Illinois at Chicago</Name>
      <CityName>Chicago</CityName>
      <ZipCode>606124305</ZipCode>
      <PhoneNumber>3129962862</PhoneNumber>
      <StreetAddress>809 S MARSHFIELD</StreetAddress>
      <CountryName>United States</CountryName>
      <StateName>Illinois</StateName>
      <StateCode>IL</StateCode>
    </Institution>
    <FoaInformation>
      <Code>0000099</Code>
      <Name>Other Applications NEC</Name>
    </FoaInformation>
    <ProgramElement>
      <Code>1264</Code>
      <Text>ALGEBRA,NUMBER THEORY,AND COM</Text>
    </ProgramElement>
    <ProgramReference>
      <Code>0000</Code>
      <Text>UNASSIGNED</Text>
    </ProgramReference>
    <ProgramReference>
      <Code>OTHR</Code>
      <Text>OTHER RESEARCH OR EDUCATION</Text>
    </ProgramReference>
  </Award>
</rootTag>
