<?xml version="1.0" encoding="UTF-8"?>

<rootTag>
  <Award>
    <AwardTitle>Structure in Operator Spaces and Applications</AwardTitle>
    <AwardEffectiveDate>06/01/2004</AwardEffectiveDate>
    <AwardExpirationDate>05/31/2008</AwardExpirationDate>
    <AwardAmount>117246</AwardAmount>
    <AwardInstrument>
      <Value>Standard Grant</Value>
    </AwardInstrument>
    <Organization>
      <Code>03040000</Code>
      <Directorate>
        <LongName>Direct For Mathematical &amp; Physical Scien</LongName>
      </Directorate>
      <Division>
        <LongName>Division Of Mathematical Sciences</LongName>
      </Division>
    </Organization>
    <ProgramOfficer>
      <SignBlockName>Joe W. Jenkins</SignBlockName>
    </ProgramOfficer>
    <AbstractNarration>The principal investigator, David P. Blecher, is pursuing three main lines of research, focused around some of the most critical problems in `noncommutative linear analysis', and in particular in the new but seminal field of `operator spaces'. These lines are 1)the completely isometric theory of operator spaces, most particularly a continuing development of a useful `noncommutative Choquet theory', 2) the completely isomorphic theory of operator spaces, 3) the general theory of operator algebras. This project also includes an intensive focus on diverse applications of the above technology. &lt;br/&gt;&lt;br/&gt;A major trend in mathematics in the 21st century, inspired largely by physics, is toward `noncommutative' or `quantized' phenomena. This thrust has permeated most branches of mathematics. In the vast area known as functional analysis, this trend has appeared notably under the name of `operator spaces'. The main purpose of the young but seminal field of operator spaces, is to provide new and appropriate tools to solve problems concerning spaces of operators on Hilbert space arising in `noncommutative mathematics'. With this project, the investigator (on his own, and together with several of the other major researchers in this area) is attacking several of the most important and critical problems in the subject. This work will provide major new tools, which will have applications to several diverse fields: linear analysis, operator theory, operator algebras, and quantum physics.</AbstractNarration>
    <MinAmdLetterDate>04/01/2004</MinAmdLetterDate>
    <MaxAmdLetterDate>06/07/2007</MaxAmdLetterDate>
    <ARRAAmount/>
    <AwardID>0400731</AwardID>
    <Investigator>
      <FirstName>David</FirstName>
      <LastName>Blecher</LastName>
      <EmailAddress>dblecher@math.uh.edu</EmailAddress>
      <StartDate>04/01/2004</StartDate>
      <EndDate/>
      <RoleCode>Principal Investigator</RoleCode>
    </Investigator>
    <Institution>
      <Name>University of Houston</Name>
      <CityName>Houston</CityName>
      <ZipCode>772042015</ZipCode>
      <PhoneNumber>7137435773</PhoneNumber>
      <StreetAddress>4800 Calhoun Boulevard</StreetAddress>
      <CountryName>United States</CountryName>
      <StateName>Texas</StateName>
      <StateCode>TX</StateCode>
    </Institution>
    <FoaInformation>
      <Code>0000099</Code>
      <Name>Other Applications NEC</Name>
    </FoaInformation>
  </Award>
</rootTag>
