<?xml version="1.0" encoding="UTF-8"?>

<rootTag>
  <Award>
    <AwardTitle>Determination of Nitride Semiconductor Parameters Using Light-Induced Transient Gratings</AwardTitle>
    <AwardEffectiveDate>05/15/2004</AwardEffectiveDate>
    <AwardExpirationDate>06/30/2007</AwardExpirationDate>
    <AwardAmount>150000</AwardAmount>
    <AwardInstrument>
      <Value>Standard Grant</Value>
    </AwardInstrument>
    <Organization>
      <Code>07010000</Code>
      <Directorate>
        <LongName>Directorate For Engineering</LongName>
      </Directorate>
      <Division>
        <LongName>Div Of Electrical, Commun &amp; Cyber Sys</LongName>
      </Division>
    </Organization>
    <ProgramOfficer>
      <SignBlockName>Olufemi Olowolafe</SignBlockName>
    </ProgramOfficer>
    <AbstractNarration>We propose experimental and theoretical investigations of light generated&lt;br/&gt;electrons and holes in GaN-based ternary and quaternary materials and&lt;br/&gt;devices, including compounds with band gap in UV range. &lt;br/&gt;&lt;br/&gt;We will use Light-Induced Transient Gratings (LITG) system, which exploits&lt;br/&gt;nondestructive techniques including the quasi-steady-state and time-resolved&lt;br/&gt;photoluminescence spectroscopy in the temperature range from 8 K to 600 K&lt;br/&gt;under laser excitation at different wavelengths. &lt;br/&gt;&lt;br/&gt; Our studies will include studies of luminescence at different temperatures,&lt;br/&gt;excitation intensities and wavelengths, time-resolved luminescence,&lt;br/&gt;investigations of stimulated emission, and LITG measurements. This will&lt;br/&gt;allow us to determine carrier densities, lifetimes, diffusion coefficients,&lt;br/&gt;and surface recombination rates (mapping large area wafers) throughout the&lt;br/&gt;visible range into UV.&lt;br/&gt;&lt;br/&gt;Comparison of results obtained by the new technique based on LITG with the&lt;br/&gt;results of the conventional luminescence spectroscopy will provide a new&lt;br/&gt;insight into the problems, which are of the primary importance for&lt;br/&gt;exploitation of the wide-band-gap nitrides in light emitting and detecting&lt;br/&gt;devices.&lt;br/&gt;&lt;br/&gt;Physics of nitride-based wide band gap semiconductors is dramatically&lt;br/&gt;different in many key areas from that of more conventional semiconductors,&lt;br/&gt;such as silicon or GaAs. This is linked to a different (and more complex)&lt;br/&gt;symmetry that allows for spontaneous polarization. Determining basic&lt;br/&gt;semiconductor parameters for nitrides and relating them to the materials&lt;br/&gt;growth and fabrication process, where appropriate, is crucial for developing&lt;br/&gt;new wide band semiconductor science and for supporting industry with&lt;br/&gt;applications ranging from solid state lighting to ultra high power radars,&lt;br/&gt;from water purification to biological hazard detection.</AbstractNarration>
    <MinAmdLetterDate>05/13/2004</MinAmdLetterDate>
    <MaxAmdLetterDate>05/13/2004</MaxAmdLetterDate>
    <ARRAAmount/>
    <AwardID>0400474</AwardID>
    <Investigator>
      <FirstName>Michael</FirstName>
      <LastName>Shur</LastName>
      <EmailAddress>shurm@rpi.edu</EmailAddress>
      <StartDate>05/13/2004</StartDate>
      <EndDate/>
      <RoleCode>Principal Investigator</RoleCode>
    </Investigator>
    <Institution>
      <Name>Rensselaer Polytechnic Institute</Name>
      <CityName>Troy</CityName>
      <ZipCode>121803522</ZipCode>
      <PhoneNumber>5182766000</PhoneNumber>
      <StreetAddress>110 8TH ST</StreetAddress>
      <CountryName>United States</CountryName>
      <StateName>New York</StateName>
      <StateCode>NY</StateCode>
    </Institution>
    <FoaInformation>
      <Code>0206000</Code>
      <Name>Telecommunications</Name>
    </FoaInformation>
  </Award>
</rootTag>
