<?xml version="1.0" encoding="UTF-8"?>

<rootTag>
  <Award>
    <AwardTitle>Collaborative Proposal: Manufacturing of Nanocrystalline Bulk Materials by Field Activated Sintering</AwardTitle>
    <AwardEffectiveDate>08/01/2004</AwardEffectiveDate>
    <AwardExpirationDate>07/31/2008</AwardExpirationDate>
    <AwardAmount>199244</AwardAmount>
    <AwardInstrument>
      <Value>Standard Grant</Value>
    </AwardInstrument>
    <Organization>
      <Code>07030000</Code>
      <Directorate>
        <LongName>Directorate For Engineering</LongName>
      </Directorate>
      <Division>
        <LongName>Div Of Civil, Mechanical, &amp; Manufact Inn</LongName>
      </Division>
    </Organization>
    <ProgramOfficer>
      <SignBlockName>Shaochen Chen</SignBlockName>
    </ProgramOfficer>
    <AbstractNarration>A scientific framework will be established for field processing of nanosize particulate materials. In particular, a detailed theoretical-experimental program will be pursued with specific goals to: (a) evaluate and clarify the interdependence of material properties, geometry of microstructure and processing parameters of nanosize powders, (b) quantify the conduction of electric current through sintering nanopowder compacts and relate them to manufacturing and properties, and (c) develop a process design/characterization methodology for this technology that is applicable to nanocrystalline materials for large and net shape parts.&lt;br/&gt;This project will: (a) generate fundamental knowledge of the role of size scale in field processing, (b) elucidate specific mechanisms responsible for the enhanced performance of field sintering, (c) provide a rational basis for process design and optimization of this process, (d) provide guidance for the development of new models for design of complex shape processing in terms of optimization of current application, as well as die design. In addition, we will generate sizable specimens of nanocrystalline materials that will be extensively characterized for structure, defects and mechanical properties.&lt;br/&gt;Structural materials with grain size less than 100 nm are characterized by unusually high strength, hardness and wear resistance, as well as good fatigue resistance. This project focuses on the manufacturing and characterization of bulk nanocrystalline materials produced by field assisted sintering that can produce near net-shape bulk components starting from nanosize powders, and retains the scale of the microstructure during processing. &lt;br/&gt;The development of a scientific processing base for manufacturing of bulk nanoscale materials will be a major step towards commercialization of this exciting new class of materials which preserve nanometric grain size and combine unusual properties. &lt;br/&gt;This collaborative proposal between two Universities will provide a synergistic effect to enhance both modeling performed at Drexel University and nano-process understanding by experiments at University of California Davis.&lt;br/&gt;The integration of education and training within the research program will be achieved by developing a seminar course for Drexel and UCD students on "Manufacturing of bulk nanomaterials". We will continue involving undergraduate students in research by REU supplements.</AbstractNarration>
    <MinAmdLetterDate>07/22/2004</MinAmdLetterDate>
    <MaxAmdLetterDate>01/27/2006</MaxAmdLetterDate>
    <ARRAAmount/>
    <AwardID>0400168</AwardID>
    <Investigator>
      <FirstName>Antonios</FirstName>
      <LastName>Zavaliangos</LastName>
      <EmailAddress>azavalia@coe.drexel.edu</EmailAddress>
      <StartDate>07/22/2004</StartDate>
      <EndDate/>
      <RoleCode>Principal Investigator</RoleCode>
    </Investigator>
    <Institution>
      <Name>Drexel University</Name>
      <CityName>Philadelphia</CityName>
      <ZipCode>191021119</ZipCode>
      <PhoneNumber>2158955849</PhoneNumber>
      <StreetAddress>1505 Race St, 8th Floor</StreetAddress>
      <CountryName>United States</CountryName>
      <StateName>Pennsylvania</StateName>
      <StateCode>PA</StateCode>
    </Institution>
    <FoaInformation>
      <Code>0308000</Code>
      <Name>Industrial Technology</Name>
    </FoaInformation>
    <ProgramElement>
      <Code>1467</Code>
      <Text>MATERIALS PROCESSING AND MANFG</Text>
    </ProgramElement>
    <ProgramElement>
      <Code>1788</Code>
      <Text>NANOMANUFACTURING</Text>
    </ProgramElement>
    <ProgramReference>
      <Code>082E</Code>
      <Text>MFG MACHINES &amp; METROLOGY</Text>
    </ProgramReference>
    <ProgramReference>
      <Code>9146</Code>
      <Text>MANUFACTURING BASE RESEARCH</Text>
    </ProgramReference>
    <ProgramReference>
      <Code>9178</Code>
      <Text>UNDERGRADUATE EDUCATION</Text>
    </ProgramReference>
    <ProgramReference>
      <Code>9231</Code>
      <Text>SUPPL FOR UNDERGRAD RES ASSIST</Text>
    </ProgramReference>
    <ProgramReference>
      <Code>9251</Code>
      <Text>RES EXPER FOR UNDERGRAD-SUPPLT</Text>
    </ProgramReference>
    <ProgramReference>
      <Code>MANU</Code>
      <Text>MANUFACTURING</Text>
    </ProgramReference>
  </Award>
</rootTag>
