<?xml version="1.0" encoding="UTF-8"?>

<rootTag>
  <Award>
    <AwardTitle>GOALI/Collaborative Research: Microforming Processes - Fundamental Studies and Developments</AwardTitle>
    <AwardEffectiveDate>07/01/2004</AwardEffectiveDate>
    <AwardExpirationDate>06/30/2008</AwardExpirationDate>
    <AwardAmount>349361</AwardAmount>
    <AwardInstrument>
      <Value>Standard Grant</Value>
    </AwardInstrument>
    <Organization>
      <Code>07030000</Code>
      <Directorate>
        <LongName>Directorate For Engineering</LongName>
      </Directorate>
      <Division>
        <LongName>Div Of Civil, Mechanical, &amp; Manufact Inn</LongName>
      </Division>
    </Organization>
    <ProgramOfficer>
      <SignBlockName>Joycelyn S. Harrison</SignBlockName>
    </ProgramOfficer>
    <AbstractNarration>The objective of this collaborative research is to enhance the scientific knowledge of material properties, modeling, and manufacturing at the scale of a few millimeters to several microns in size. The results of this project will be a viable micro-forming process. The approach will combined fundamental and applied research with respect to physical interactions between workpiece and tool, processing parameters, and scaling effects of material properties, which prevent optimized macro-forming processes to be simply miniaturized to components on the micro/meso-scale. This knowledge will then be applied to devise a micro-forming process that will produce more accurate parts faster, for less cost, and with higher aspect ratios. The research results will be validated through extensive material testing, micro-forming system testing, and comparisons between the numerical simulation and experimental results. &lt;br/&gt;The knowledge gained through this research at the micro/meso-scale will lead to an effective and efficient micro-forming process. The implementation of such a micro-manufacturing process will lead to further micro-components and systems for biomedical, telecommunication, and environmental monitoring applications, which will benefit society as a whole. Also, the findings will be incorporated into university courses and disseminated through seminars, short courses, journal articles and the internet, which will contribute to the micro/meso-scale knowledge base. Finally, the undergraduate and graduate students involved with the research will benefit from the interactions amongst the academic (U New Hampshire, Northwestern U) and industry (Alcoa, GOALI partner) collaborators on this interdisciplinary project.</AbstractNarration>
    <MinAmdLetterDate>06/24/2004</MinAmdLetterDate>
    <MaxAmdLetterDate>08/31/2006</MaxAmdLetterDate>
    <ARRAAmount/>
    <AwardID>0400310</AwardID>
    <Investigator>
      <FirstName>Wing</FirstName>
      <LastName>Liu</LastName>
      <EmailAddress>w-liu@northwestern.edu</EmailAddress>
      <StartDate>06/24/2004</StartDate>
      <EndDate/>
      <RoleCode>Co-Principal Investigator</RoleCode>
    </Investigator>
    <Investigator>
      <FirstName>Kornel</FirstName>
      <LastName>Ehmann</LastName>
      <EmailAddress>k-ehmann@northwestern.edu</EmailAddress>
      <StartDate>06/24/2004</StartDate>
      <EndDate/>
      <RoleCode>Principal Investigator</RoleCode>
    </Investigator>
    <Investigator>
      <FirstName>Horacio</FirstName>
      <LastName>Espinosa</LastName>
      <EmailAddress>espinosa@northwestern.edu</EmailAddress>
      <StartDate>06/24/2004</StartDate>
      <EndDate/>
      <RoleCode>Co-Principal Investigator</RoleCode>
    </Investigator>
    <Investigator>
      <FirstName>Ming</FirstName>
      <LastName>Li</LastName>
      <EmailAddress>ming.li@alcoa.com</EmailAddress>
      <StartDate>06/24/2004</StartDate>
      <EndDate/>
      <RoleCode>Co-Principal Investigator</RoleCode>
    </Investigator>
    <Institution>
      <Name>Northwestern University</Name>
      <CityName>Evanston</CityName>
      <ZipCode>602013149</ZipCode>
      <PhoneNumber>8474913003</PhoneNumber>
      <StreetAddress>1801 Maple Ave.</StreetAddress>
      <CountryName>United States</CountryName>
      <StateName>Illinois</StateName>
      <StateCode>IL</StateCode>
    </Institution>
    <FoaInformation>
      <Code>0308000</Code>
      <Name>Industrial Technology</Name>
    </FoaInformation>
  </Award>
</rootTag>
