<?xml version="1.0" encoding="UTF-8"?>

<rootTag>
  <Award>
    <AwardTitle>Exchange Bias of Ideal Antiferromagnetic Thin Films</AwardTitle>
    <AwardEffectiveDate>04/01/2004</AwardEffectiveDate>
    <AwardExpirationDate>03/31/2008</AwardExpirationDate>
    <AwardAmount>330000</AwardAmount>
    <AwardInstrument>
      <Value>Standard Grant</Value>
    </AwardInstrument>
    <Organization>
      <Code>03070003</Code>
      <Directorate>
        <LongName>Direct For Mathematical &amp; Physical Scien</LongName>
      </Directorate>
      <Division>
        <LongName>Division Of Materials Research</LongName>
      </Division>
    </Organization>
    <ProgramOfficer>
      <SignBlockName>Wendy W. Fuller-Mora</SignBlockName>
    </ProgramOfficer>
    <AbstractNarration>The proposed research will focus on the study of exchange bias, a phenomenon resulting from the interface magnetic interactions between ferromagnetic and antiferromagnetic materials. Recent studies have established that the amount of interface disorder, defects in the antiferromagnet, the stoichiometry of the interface layer, and magnetic anisotropy energies influence the exchange bias, but the relative importance of these factors is not well understood. The main scientific objective of this proposal is to understand the effect of these parameters in well-characterized, ideal antiferromagnetic insulators, in order to eventually apply some of the ideas gleaned from these measurements to more complex antiferromagnets. Because the experiments will be carried out on relatively simple magnetic systems, the results will provide experimental data that could be explained using first principle models and simulated with a computer. In addition to the usual involvement of undergraduate and graduate students and postdocs, in the day-to-day research, there are three important educational activities associated with the proposed work: 1) involvement with science programs in middle schools in rural West Virginia; 2) development of interactive teaching tools for beginning physics lecture classes, and 3) development of new teaching materials for advanced laboratory. This program will have a significant impact on education from the 7-16 level and beyond, emphasizing science education for disadvantaged students in rural schools in West Virginia. This is especially important for the state of West Virginia, whose economy has traditionally relied on manufacturing and coal production, but where high-technology industry is increasingly playing an important role. &lt;br/&gt;&lt;br/&gt;Ferromagnetic materials are the basis of modern data storage devices, including computer hard disk drives. Modern magnetic sensors and proposed magnetic memory devices also rely on antiferromagnetic materials that can prevent ferromagnetic thin films from changing their magnetic properties when an external magnetic field is applied. The mechanism whereby this ferromagnetic-antiferromagnetic interaction occurs, called exchange bias, is not well understood. One of the problems is that many antiferromagnetic materials have very complex magnetic configurations which make the scientific data difficult to analyze. The main scientific objective of this proposal is to understand the effect by using well-characterized, ideal antiferromagnetic thin film materials whose properties are relatively simple and well understood. Because of the simplicity of these materials, the results will provide experimental data that could be explained using first principle models and simulated with a computer. The ideas gleaned from these studies will be applied to the more complex antiferromagnets used in magnetic electronic devices. The long-term result will be magnetic electronic devices with increased storage capacity, lower power consumption, and increased speed. In addition to the usual involvement of undergraduate and graduate students and postdocs, in the day-to-day research, there are three important educational activities associated with the proposed work: 1) involvement with science programs in middle schools in rural West Virginia; 2) development of interactive teaching tools for beginning physics lecture classes, and 3) development of new teaching materials for advanced laboratory. This program will have a significant impact on education from the 7-16 level and beyond, emphasizing science education for disadvantaged students in rural schools in West Virginia. This is especially important for the state of West Virginia, whose economy has traditionally relied on manufacturing and coal production, but where high-technology industry is increasingly playing an important role.</AbstractNarration>
    <MinAmdLetterDate>03/24/2004</MinAmdLetterDate>
    <MaxAmdLetterDate>03/24/2004</MaxAmdLetterDate>
    <ARRAAmount/>
    <AwardID>0400578</AwardID>
    <Investigator>
      <FirstName>David</FirstName>
      <LastName>Lederman</LastName>
      <EmailAddress>dlederma@ucsc.edu</EmailAddress>
      <StartDate>03/24/2004</StartDate>
      <EndDate/>
      <RoleCode>Principal Investigator</RoleCode>
    </Investigator>
    <Institution>
      <Name>West Virginia University Research Corporation</Name>
      <CityName>Morgantown</CityName>
      <ZipCode>265066845</ZipCode>
      <PhoneNumber>3042933998</PhoneNumber>
      <StreetAddress>P.O. Box 6845</StreetAddress>
      <CountryName>United States</CountryName>
      <StateName>West Virginia</StateName>
      <StateCode>WV</StateCode>
    </Institution>
    <FoaInformation>
      <Code>0106000</Code>
      <Name>Materials Research</Name>
    </FoaInformation>
    <ProgramElement>
      <Code>1710</Code>
      <Text>CONDENSED MATTER PHYSICS</Text>
    </ProgramElement>
    <ProgramReference>
      <Code>7237</Code>
      <Text>NANO NON-SOLIC SCI &amp; ENG AWD</Text>
    </ProgramReference>
    <ProgramReference>
      <Code>9150</Code>
      <Text>EXP PROG TO STIM COMP RES</Text>
    </ProgramReference>
    <ProgramReference>
      <Code>9161</Code>
      <Text>SINGLE DIVISION/UNIVERSITY</Text>
    </ProgramReference>
    <ProgramReference>
      <Code>AMPP</Code>
      <Text>ADVANCED MATERIALS &amp; PROCESSING PROGRAM</Text>
    </ProgramReference>
  </Award>
</rootTag>
