<?xml version="1.0" encoding="UTF-8"?>

<rootTag>
  <Award>
    <AwardTitle>A Novel EBM Process Utilizing Renewable Biopolymers to Manufacture Natural Fiber Reinforced Thermoplastic Composites</AwardTitle>
    <AwardEffectiveDate>09/01/2004</AwardEffectiveDate>
    <AwardExpirationDate>03/31/2005</AwardExpirationDate>
    <AwardAmount>200000</AwardAmount>
    <AwardInstrument>
      <Value>Standard Grant</Value>
    </AwardInstrument>
    <Organization>
      <Code>07030000</Code>
      <Directorate>
        <LongName>Directorate For Engineering</LongName>
      </Directorate>
      <Division>
        <LongName>Div Of Civil, Mechanical, &amp; Manufact Inn</LongName>
      </Division>
    </Organization>
    <ProgramOfficer>
      <SignBlockName>Jian Cao</SignBlockName>
    </ProgramOfficer>
    <AbstractNarration>The objective of this research is to produce plastics in microorganisms that grow naturally in wastewater treatment plants and then to mix these plastics with wood fibers to create wood-composite products that are used in door, window, decking, siding, and roofing applications. The approach to this research will be undertaken in three discrete tasks. Task 1 will characterize PHA-rich biomass from selected WTFs, develop a time cycle assessment of PHA within WTFs, and establish a biopolymer properties matrix based on lab-scale biopolymer production. Task 2 will evaluate critical biopolymer properties that impact the production and end-use performance of wood-composite products manufactured with wastewater biosolids. Findings from Task 1 and 2 will be used to develop a virtual manufacturing model in Task 3. &lt;br/&gt;&lt;br/&gt;This project will develop an environmentally benign manufacturing process that utilizes thermoplastics biologically derived on renewable carbon sources (sewage); the bacterial biomass would otherwise be disposed, often in a manner that produces greenhouse gases. The process will reduce (1) our nation's reliance on fossil fuels, (2) additions to the global carbon budget, and (3) resource utilization in both the petroleum and timber industries. The proposed study will advance discovery while promoting teaching, training, and learning through actively involving college students and K-12 teachers in research related activities. Significant educational and research related findings generated as part of the project will be disseminated by all participants in peer-reviewed science and educational journals; local, regional, and national conferences; local school districts; and a website constructed as part of this project.</AbstractNarration>
    <MinAmdLetterDate>09/02/2004</MinAmdLetterDate>
    <MaxAmdLetterDate>09/02/2004</MaxAmdLetterDate>
    <ARRAAmount/>
    <AwardID>0400337</AwardID>
    <Investigator>
      <FirstName>Frank</FirstName>
      <LastName>Loge</LastName>
      <EmailAddress>fjloge@ucdavis.edu</EmailAddress>
      <StartDate>09/02/2004</StartDate>
      <EndDate/>
      <RoleCode>Principal Investigator</RoleCode>
    </Investigator>
    <Investigator>
      <FirstName>Michael</FirstName>
      <LastName>Wolcott</LastName>
      <EmailAddress>wolcott@wsu.edu</EmailAddress>
      <StartDate>09/02/2004</StartDate>
      <EndDate/>
      <RoleCode>Co-Principal Investigator</RoleCode>
    </Investigator>
    <Institution>
      <Name>Washington State University</Name>
      <CityName>PULLMAN</CityName>
      <ZipCode>991641060</ZipCode>
      <PhoneNumber>5093359661</PhoneNumber>
      <StreetAddress>280 Lighty</StreetAddress>
      <CountryName>United States</CountryName>
      <StateName>Washington</StateName>
      <StateCode>WA</StateCode>
    </Institution>
    <FoaInformation>
      <Code>0308000</Code>
      <Name>Industrial Technology</Name>
    </FoaInformation>
    <ProgramElement>
      <Code>1467</Code>
      <Text>MATERIALS PROCESSING AND MANFG</Text>
    </ProgramElement>
    <ProgramReference>
      <Code>9146</Code>
      <Text>MANUFACTURING BASE RESEARCH</Text>
    </ProgramReference>
    <ProgramReference>
      <Code>MANU</Code>
      <Text>MANUFACTURING</Text>
    </ProgramReference>
  </Award>
</rootTag>
