<?xml version="1.0" encoding="UTF-8"?>

<rootTag>
  <Award>
    <AwardTitle>Determining Analytic Properties of Maps from Non-Analytic Data</AwardTitle>
    <AwardEffectiveDate>07/01/2004</AwardEffectiveDate>
    <AwardExpirationDate>12/31/2006</AwardExpirationDate>
    <AwardAmount>75001</AwardAmount>
    <AwardInstrument>
      <Value>Standard Grant</Value>
    </AwardInstrument>
    <Organization>
      <Code>03040000</Code>
      <Directorate>
        <LongName>Direct For Mathematical &amp; Physical Scien</LongName>
      </Directorate>
      <Division>
        <LongName>Division Of Mathematical Sciences</LongName>
      </Division>
    </Organization>
    <ProgramOfficer>
      <SignBlockName>Joe W. Jenkins</SignBlockName>
    </ProgramOfficer>
    <AbstractNarration>The PI proposes to study how certain non-analytic information determines analytic properties of maps. A conformal map between two surfaces is one that preserves angles at each point. This is a very restrictive assumption, and it is interesting to understand to what extent properties of such maps can be deduced from other topological, combinatorial, algebraic, set-theoretic, or analytic assumptions. An example is determining the conformal type of surfaces, namely, whether a surface is conformally equivalent to to a model surface. In the higher dimensional case, biholomorphic equivalence is used in place of conformal equivalence. Some specific topics that the PI proposes to study are: surfaces whose conformal type is determined by combinatorial properties of the associated net, a question raised by EB Vinberg, and two topics related to questions raised by L. Rubel, namely, maximal growth functions that have finitely many critical and asymptotic values, and the study of complex manifolds whose biholomorphic type can be recovered from the knowledge of associated semigroups of analytic endomorphisms and the semiconjugation of analytic functions.. These questions have possible applications in several branches of Mathematics. &lt;br/&gt;&lt;br/&gt;While these questions fall squarely within the framework of Geometric Function Theory. This subject has its roots in applications to the natural sciences and engineering. Particular examples are Conformal Field Theory and Statistical Mechanics. In the latter subject, Percolation Theory uses heavily the concept of conformal invariance and its generalizations, to which this proposal is partly dedicated.</AbstractNarration>
    <MinAmdLetterDate>06/21/2004</MinAmdLetterDate>
    <MaxAmdLetterDate>06/21/2004</MaxAmdLetterDate>
    <ARRAAmount/>
    <AwardID>0400636</AwardID>
    <Investigator>
      <FirstName>Sergiy</FirstName>
      <LastName>Merenkov</LastName>
      <EmailAddress>smerenkov@ccny.cuny.edu</EmailAddress>
      <StartDate>06/21/2004</StartDate>
      <EndDate/>
      <RoleCode>Principal Investigator</RoleCode>
    </Investigator>
    <Institution>
      <Name>University of Michigan Ann Arbor</Name>
      <CityName>Ann Arbor</CityName>
      <ZipCode>481091274</ZipCode>
      <PhoneNumber>7347636438</PhoneNumber>
      <StreetAddress>3003 South State St. Room 1062</StreetAddress>
      <CountryName>United States</CountryName>
      <StateName>Michigan</StateName>
      <StateCode>MI</StateCode>
    </Institution>
    <FoaInformation>
      <Code>0000099</Code>
      <Name>Other Applications NEC</Name>
    </FoaInformation>
    <ProgramElement>
      <Code>1281</Code>
      <Text>ANALYSIS PROGRAM</Text>
    </ProgramElement>
    <ProgramReference>
      <Code>0000</Code>
      <Text>UNASSIGNED</Text>
    </ProgramReference>
    <ProgramReference>
      <Code>OTHR</Code>
      <Text>OTHER RESEARCH OR EDUCATION</Text>
    </ProgramReference>
  </Award>
</rootTag>
