<?xml version="1.0" encoding="UTF-8"?>

<rootTag>
  <Award>
    <AwardTitle>Cellular Transport Agents: Applications and Mechanism</AwardTitle>
    <AwardEffectiveDate>08/15/2004</AwardEffectiveDate>
    <AwardExpirationDate>07/31/2008</AwardExpirationDate>
    <AwardAmount>228000</AwardAmount>
    <AwardInstrument>
      <Value>Continuing grant</Value>
    </AwardInstrument>
    <Organization>
      <Code>03090003</Code>
      <Directorate>
        <LongName>Direct For Mathematical &amp; Physical Scien</LongName>
      </Directorate>
      <Division>
        <LongName>Division Of Chemistry</LongName>
      </Division>
    </Organization>
    <ProgramOfficer>
      <SignBlockName>Tyrone D. Mitchell</SignBlockName>
    </ProgramOfficer>
    <AbstractNarration>The Organic and Macromolecular Chemistry Program support Professor David B Smithrud, of the Department of Chemistry at the University of Cincinnati for research that expands on a recent accomplishment in his group that created artificial transporters to deliver materials into cells via host-guest complexes. The hypothesis that hosts adjust their recognition elements to maximize favorable interactions with a guest to accommodate the change in evironment will be tested by experiments described in the proposal. Professor Smithrud will explore the transfer mechanism and the ability of hosts to act as transporters by delivering various peptides into eukaryotic cells.&lt;br/&gt;The transport agents are a breakthrough in the field of cellular delivery agents. This efficient delivery system will benefit research groups that investigate intracellular interactions between biomolecules. This research program is a natural fit with research groups who design and discover peptides or peptidomimetics that are bioactive through cell surface targeting or intracellular inhibition. Once these peptides are available, the transporters can be linked to the targeting peptides and deliver the inhibitors. Medical research will benefit greatly once the transporters have an operational cell targeting mechanism.&lt;br/&gt;&lt;br/&gt;With the support of the Organic and Macromolecular Chemistry Program, Professor David B Smithrud of the Department of Chemistry at the University of Cincinnati is developing a research program that may become a key component to the recent initiative launched by the State of Ohio to develop biotechnology in the Cincinnati region. The projects are designed to quickly provide students skills in a wide variety of current techniques and instrumentation, and knowledge in a variety of disciplines, such as synthetic chemistry, molecular recognition, and biochemistry. Projects have also been designed to fit with Professor Smithrud's "Introducing Students to Novel Experimentation" (ISNEx) project, an outreach program devoted to encouraging high school students, especially ones who are currently underrepresented in the sciences, to pursue a career in science and increase their science-literacy.</AbstractNarration>
    <MinAmdLetterDate>08/04/2004</MinAmdLetterDate>
    <MaxAmdLetterDate>05/10/2006</MaxAmdLetterDate>
    <ARRAAmount/>
    <AwardID>0400539</AwardID>
    <Investigator>
      <FirstName>David</FirstName>
      <LastName>Smithrud</LastName>
      <EmailAddress>david.smithrud@uc.edu</EmailAddress>
      <StartDate>08/04/2004</StartDate>
      <EndDate/>
      <RoleCode>Principal Investigator</RoleCode>
    </Investigator>
    <Institution>
      <Name>University of Cincinnati Main Campus</Name>
      <CityName>Cincinnati</CityName>
      <ZipCode>452210222</ZipCode>
      <PhoneNumber>5135564358</PhoneNumber>
      <StreetAddress>University Hall, Suite 530</StreetAddress>
      <CountryName>United States</CountryName>
      <StateName>Ohio</StateName>
      <StateCode>OH</StateCode>
    </Institution>
    <ProgramElement>
      <Code>1944</Code>
      <Text>BIMOLECULAR PROCESSES</Text>
    </ProgramElement>
    <ProgramReference>
      <Code>0000</Code>
      <Text>UNASSIGNED</Text>
    </ProgramReference>
    <ProgramReference>
      <Code>1144</Code>
      <Text>BIOMOLECULAR SYSTEMS</Text>
    </ProgramReference>
    <ProgramReference>
      <Code>9161</Code>
      <Text>SINGLE DIVISION/UNIVERSITY</Text>
    </ProgramReference>
    <ProgramReference>
      <Code>OTHR</Code>
      <Text>OTHER RESEARCH OR EDUCATION</Text>
    </ProgramReference>
  </Award>
</rootTag>
