<?xml version="1.0" encoding="UTF-8"?>

<rootTag>
  <Award>
    <AwardTitle>Nutrient Analysis Equipment for Community, Ecosystem, Hydrological and Physiological Research at Harvard Forest</AwardTitle>
    <AwardEffectiveDate>05/01/2004</AwardEffectiveDate>
    <AwardExpirationDate>04/30/2007</AwardExpirationDate>
    <AwardAmount>69645</AwardAmount>
    <AwardInstrument>
      <Value>Standard Grant</Value>
    </AwardInstrument>
    <Organization>
      <Code>08080101</Code>
      <Directorate>
        <LongName>Direct For Biological Sciences</LongName>
      </Directorate>
      <Division>
        <LongName>Div Of Biological Infrastructure</LongName>
      </Division>
    </Organization>
    <ProgramOfficer>
      <SignBlockName>Helen G. Hansma</SignBlockName>
    </ProgramOfficer>
    <AbstractNarration>This award provides partial support for purchase of a nutrient analysis equipment package consisting of an automated ion analysis instrument with an ion chromatograph system. The instrumentation will benefit the research programs of six investigators who analyze nutrient levels in a variety of environments, including soils, bogs, fens, streams and forests, and investigate nutrient transport in a variety of plant types. &lt;br/&gt;The Harvard Forest is a 1200 ha rural field station, laboratory, and classroom in central Massachusetts that has served as a center for research, education, and training in forest biology and ecology. It is the research focus of a National Science Foundation-funded Longterm Ecological Research (LTER) project that integrates terrestrial, aquatic, and atmospheric studies of the historical and modern changes in the forests of New England. Studies range from organisms to ecosystems to coupled systems. These studies provide multiple opportunities for education and training at the undergraduate, graduate, and post-graduate level of students from Harvard and other universities, and from nearby small colleges and community colleges.</AbstractNarration>
    <MinAmdLetterDate>04/15/2004</MinAmdLetterDate>
    <MaxAmdLetterDate>03/25/2005</MaxAmdLetterDate>
    <ARRAAmount/>
    <AwardID>0400759</AwardID>
    <Investigator>
      <FirstName>David</FirstName>
      <LastName>Foster</LastName>
      <EmailAddress>drfoster@fas.harvard.edu</EmailAddress>
      <StartDate>04/15/2004</StartDate>
      <EndDate/>
      <RoleCode>Principal Investigator</RoleCode>
    </Investigator>
    <Investigator>
      <FirstName>Aaron</FirstName>
      <LastName>Ellison</LastName>
      <EmailAddress>aellison@fas.harvard.edu</EmailAddress>
      <StartDate>04/15/2004</StartDate>
      <EndDate/>
      <RoleCode>Co-Principal Investigator</RoleCode>
    </Investigator>
    <Investigator>
      <FirstName>Noel</FirstName>
      <LastName>Holbrook</LastName>
      <EmailAddress>holbrook@oeb.harvard.edu</EmailAddress>
      <StartDate>04/15/2004</StartDate>
      <EndDate/>
      <RoleCode>Co-Principal Investigator</RoleCode>
    </Investigator>
    <Institution>
      <Name>Harvard University</Name>
      <CityName>Cambridge</CityName>
      <ZipCode>021385366</ZipCode>
      <PhoneNumber>6174955501</PhoneNumber>
      <StreetAddress>1033 MASSACHUSETTS AVE</StreetAddress>
      <CountryName>United States</CountryName>
      <StateName>Massachusetts</StateName>
      <StateCode>MA</StateCode>
    </Institution>
    <ProgramElement>
      <Code>1108</Code>
      <Text>INSTRUMENTAT &amp; INSTRUMENT DEVP</Text>
    </ProgramElement>
    <ProgramElement>
      <Code>7226</Code>
      <Text>HUMAN RESOURCES</Text>
    </ProgramElement>
    <ProgramReference>
      <Code>9184</Code>
      <Text>BIOTECHNOLOGY - INFRASTRUCTURE</Text>
    </ProgramReference>
    <ProgramReference>
      <Code>9251</Code>
      <Text>RES EXPER FOR UNDERGRAD-SUPPLT</Text>
    </ProgramReference>
    <ProgramReference>
      <Code>BIOT</Code>
      <Text>BIOTECHNOLOGY</Text>
    </ProgramReference>
  </Award>
</rootTag>
