<?xml version="1.0" encoding="UTF-8"?>

<rootTag>
  <Award>
    <AwardTitle>Collaborative Research: The Hydrogeological Architecture of Basaltic Ocean Crust: CORK Experiments for the Initial IODP Expedition on the Flank of the Juan de Fuca Ridge</AwardTitle>
    <AwardEffectiveDate>02/01/2004</AwardEffectiveDate>
    <AwardExpirationDate>09/30/2010</AwardExpirationDate>
    <AwardAmount>729418</AwardAmount>
    <AwardInstrument>
      <Value>Standard Grant</Value>
    </AwardInstrument>
    <Organization>
      <Code>06040204</Code>
      <Directorate>
        <LongName>Directorate For Geosciences</LongName>
      </Directorate>
      <Division>
        <LongName>Division Of Ocean Sciences</LongName>
      </Division>
    </Organization>
    <ProgramOfficer>
      <SignBlockName>Rodey Batiza</SignBlockName>
    </ProgramOfficer>
    <AbstractNarration>Title: The Hydrogeologic Architecture of Basaltic Oceanic Crust: CORK Experiments for the Initial IODP Expedition to the Flank of the Juan de Fuca Ridge&lt;br/&gt;&lt;br/&gt;PI/Institution: Keir Becker, University of Miami-RSMAS; Earl Davis, Pacific Geoscience Center; Geoff Wheat, University of Alaska, Fairbanks; Hans Jannasch, Monterey Bay Aquarium Research Institute&lt;br/&gt;&lt;br/&gt;&lt;br/&gt;Abstract:&lt;br/&gt;&lt;br/&gt;The eastern flank of the Juan de Fuca spreading ridge is among the best studied sites for understanding crustal hydrothermal processes in a ridge-flank environment. The researchers seek to resolve primary questions about this hydrogeologic system through the installation of new geophysical and geochemical monitoring equipment during a summer 2004 expedition of the Integrated Ocean Drilling Program (IODP) and through later submersible visits to the borehole observatories to download data and recover fluid samples. To monitor pressure and temperature, CORKs that permit isolation of multiple zones within the formation will be deployed in two existing Juan de Fuca boreholes and a new IODP borehole. The data acquired in these closely-spaced boreholes will constrain the three-dimensional hydrogeologic structure of highly hetereogeneous and fractured oceanic crust. Following the CORK installations in mid-2004, the researchers will use a submersible platform to retrieve data and fluid samples during visits in 2005 and 2007. During these submersible operatins, data will also be downloaded from 3 other existing CORKs in the area (ODP holes 1024C, 1025C, and 857D).</AbstractNarration>
    <MinAmdLetterDate>02/05/2004</MinAmdLetterDate>
    <MaxAmdLetterDate>02/05/2004</MaxAmdLetterDate>
    <ARRAAmount/>
    <AwardID>0400471</AwardID>
    <Investigator>
      <FirstName>Keir</FirstName>
      <LastName>Becker</LastName>
      <EmailAddress>kbecker@rsmas.miami.edu</EmailAddress>
      <StartDate>02/05/2004</StartDate>
      <EndDate/>
      <RoleCode>Principal Investigator</RoleCode>
    </Investigator>
    <Institution>
      <Name>University of Miami Rosenstiel School of Marine&amp;Atmospheric Sci</Name>
      <CityName>KEY BISCAYNE</CityName>
      <ZipCode>331491031</ZipCode>
      <PhoneNumber>3054214089</PhoneNumber>
      <StreetAddress>4600 RICKENBACKER CSWY</StreetAddress>
      <CountryName>United States</CountryName>
      <StateName>Florida</StateName>
      <StateCode>FL</StateCode>
    </Institution>
    <FoaInformation>
      <Code>0204000</Code>
      <Name>Oceanography</Name>
    </FoaInformation>
    <ProgramElement>
      <Code>5720</Code>
      <Text>OCEAN DRILLING PROGRAM</Text>
    </ProgramElement>
    <ProgramReference>
      <Code>0000</Code>
      <Text>UNASSIGNED</Text>
    </ProgramReference>
    <ProgramReference>
      <Code>OTHR</Code>
      <Text>OTHER RESEARCH OR EDUCATION</Text>
    </ProgramReference>
  </Award>
</rootTag>
