<?xml version="1.0" encoding="UTF-8"?>

<rootTag>
  <Award>
    <AwardTitle>Collaborative Research: Intra- and Inter-Enterprise Collaborative Procurement</AwardTitle>
    <AwardEffectiveDate>09/01/2004</AwardEffectiveDate>
    <AwardExpirationDate>08/31/2008</AwardExpirationDate>
    <AwardAmount>264792</AwardAmount>
    <AwardInstrument>
      <Value>Standard Grant</Value>
    </AwardInstrument>
    <Organization>
      <Code>07030000</Code>
      <Directorate>
        <LongName>Directorate For Engineering</LongName>
      </Directorate>
      <Division>
        <LongName>Div Of Civil, Mechanical, &amp; Manufact Inn</LongName>
      </Division>
    </Organization>
    <ProgramOfficer>
      <SignBlockName>Cerry M. Klein</SignBlockName>
    </ProgramOfficer>
    <AbstractNarration>This project will develop and analyze supply chain models to better understand the impact of collaboration on improving the efficiency and effectiveness of interactions between (potentially competitive) enterprises in supply chains. With a primary focus on collaborative procurement, the research goals of this project include the following: (1) Analyze the dynamics of horizontal inter-enterprise collaborative procurement. By studying the underlying economics behind collaborative procurement among competitor firms, the project will examine the effects of collaboration on buyer and supplier profitability, and derive conditions under which collaboration will be beneficial to each participant. (2) Develop models and decision support tools for coordinating intra-enterprise collaborative procurement with logistics, to simultaneously optimize the "net landed cost" across different functions of an enterprise. (3) Study how buyers should procure in the face of quantity discounts under demand uncertainty. The outcomes of this research will be used to develop and offer a variety of undergraduate and graduate courses covering the issues, and basic tools and concepts in collaborative supply chains, as well as to develop case studies based on research and industry experiences.&lt;br/&gt;&lt;br/&gt;Overall, advances in these areas promise tremendously improved efficiencies in all stages of a supply chain. Intra- and inter-enterprise collaborative procurement would not only decrease the inefficiencies in the supply chain but also increase the social welfare. In industries like retailing, which represents about 40% of the economy, such improvements would be remarkable.</AbstractNarration>
    <MinAmdLetterDate>08/24/2004</MinAmdLetterDate>
    <MaxAmdLetterDate>08/24/2004</MaxAmdLetterDate>
    <ARRAAmount/>
    <AwardID>0400345</AwardID>
    <Investigator>
      <FirstName>Feryal</FirstName>
      <LastName>Erhun</LastName>
      <EmailAddress>ferhun@stanford.edu</EmailAddress>
      <StartDate>08/24/2004</StartDate>
      <EndDate/>
      <RoleCode>Principal Investigator</RoleCode>
    </Investigator>
    <Investigator>
      <FirstName>Lee</FirstName>
      <LastName>Marston</LastName>
      <EmailAddress/>
      <StartDate>08/24/2004</StartDate>
      <EndDate/>
      <RoleCode>Co-Principal Investigator</RoleCode>
    </Investigator>
    <Institution>
      <Name>Stanford University</Name>
      <CityName>Palo Alto</CityName>
      <ZipCode>943041212</ZipCode>
      <PhoneNumber>6507232300</PhoneNumber>
      <StreetAddress>3160 Porter Drive</StreetAddress>
      <CountryName>United States</CountryName>
      <StateName>California</StateName>
      <StateCode>CA</StateCode>
    </Institution>
    <FoaInformation>
      <Code>0308000</Code>
      <Name>Industrial Technology</Name>
    </FoaInformation>
  </Award>
</rootTag>
