<?xml version="1.0" encoding="UTF-8"?>

<rootTag>
  <Award>
    <AwardTitle>Parallel Fabrication of Photonic Crystals: Towards Photonic Areas Lithographically Mapped (PALM) Devices</AwardTitle>
    <AwardEffectiveDate>07/15/2004</AwardEffectiveDate>
    <AwardExpirationDate>06/30/2006</AwardExpirationDate>
    <AwardAmount>149999</AwardAmount>
    <AwardInstrument>
      <Value>Standard Grant</Value>
    </AwardInstrument>
    <Organization>
      <Code>07030000</Code>
      <Directorate>
        <LongName>Directorate For Engineering</LongName>
      </Directorate>
      <Division>
        <LongName>Div Of Civil, Mechanical, &amp; Manufact Inn</LongName>
      </Division>
    </Organization>
    <ProgramOfficer>
      <SignBlockName>Mary Lynn Realff</SignBlockName>
    </ProgramOfficer>
    <AbstractNarration>The objective of this research is to devise novel fabrication technology for optoelectronic circuits based on photonic crystals which can produce entire wafers of devices simultaneously. Photonic crystals are recently discovered structures which offer the potential to guide and control light with unprecedented precision, but fabrication of these crystals has required the individual definition of each element (typically a ~300nm hole in a Si substrate). The proposed approach is to use either holographic multi-exposure lithography, or self-aligned templating of polystyrene spheres, to form arrays of photonic crystals in parallel. This will allow wafers full of devices to be formed in parallel, just as integrated circuits and lasers are fabricated now. Although some flexibility is lost with these methods, many of the novel capabilities of these photonic crystals are still available. &lt;br/&gt;Realization of a practical, parallelizable way to fabricate photonic crystal lightwave circuits will transform them from a scientific curiosity into a commercial technique. These circuits address many of the device needs of telecommunications and will lead to more efficient use of fiber bandwidth and cheaper and faster information transfer. This technology can make photonic crystal manufacturing commercially feasible and contribute to the United States' global competitiveness in optoelectronics technology. The educational benefits include hands-on graduate student training and direct classroom dissemination. In addition, laboratory demonstrations of this exciting technology will also be an exceptional recruiting tool in attracting undergraduates unsure of their major, or graduate students unsure of their area of interest, to the fields of Electrical Engineering and optoelectronics.</AbstractNarration>
    <MinAmdLetterDate>07/12/2004</MinAmdLetterDate>
    <MaxAmdLetterDate>07/12/2004</MaxAmdLetterDate>
    <ARRAAmount/>
    <AwardID>0400264</AwardID>
    <Investigator>
      <FirstName>David</FirstName>
      <LastName>Klotzkin</LastName>
      <EmailAddress>klotzkin@binghamton.edu</EmailAddress>
      <StartDate>07/12/2004</StartDate>
      <EndDate/>
      <RoleCode>Principal Investigator</RoleCode>
    </Investigator>
    <Institution>
      <Name>University of Cincinnati Main Campus</Name>
      <CityName>Cincinnati</CityName>
      <ZipCode>452210222</ZipCode>
      <PhoneNumber>5135564358</PhoneNumber>
      <StreetAddress>University Hall, Suite 530</StreetAddress>
      <CountryName>United States</CountryName>
      <StateName>Ohio</StateName>
      <StateCode>OH</StateCode>
    </Institution>
    <FoaInformation>
      <Code>0308000</Code>
      <Name>Industrial Technology</Name>
    </FoaInformation>
    <ProgramElement>
      <Code>1467</Code>
      <Text>MATERIALS PROCESSING AND MANFG</Text>
    </ProgramElement>
    <ProgramReference>
      <Code>9146</Code>
      <Text>MANUFACTURING BASE RESEARCH</Text>
    </ProgramReference>
    <ProgramReference>
      <Code>MANU</Code>
      <Text>MANUFACTURING</Text>
    </ProgramReference>
  </Award>
</rootTag>
