<?xml version="1.0" encoding="UTF-8"?>

<rootTag>
  <Award>
    <AwardTitle>Collaborative Research: Advanced High Dielectric Constant Gate Materials for CMOS Devices</AwardTitle>
    <AwardEffectiveDate>09/01/2003</AwardEffectiveDate>
    <AwardExpirationDate>08/31/2006</AwardExpirationDate>
    <AwardAmount>262297</AwardAmount>
    <AwardInstrument>
      <Value>Continuing grant</Value>
    </AwardInstrument>
    <Organization>
      <Code>07010000</Code>
      <Directorate>
        <LongName>Directorate For Engineering</LongName>
      </Directorate>
      <Division>
        <LongName>Div Of Electrical, Commun &amp; Cyber Sys</LongName>
      </Division>
    </Organization>
    <ProgramOfficer>
      <SignBlockName>Rajinder P. Khosla</SignBlockName>
    </ProgramOfficer>
    <AbstractNarration>0223109&lt;br/&gt;Gangopadhyay&lt;br/&gt;&lt;br/&gt;The project between Texas Tech University (TTU) and Lehigh University (LU) is a 'collaborative' program to conduct experimental and theoretical research in the area of advanced, ultra-thin, high dielectric constant (high-K) gate materials for CMOS devices. This project is motivated by the drive for advanced CMOS integrated circuits with sub-micron feature sizes and the need to scale the gate dielectric, while preventing quantum mechanical gate current between the silicon inversion layer and the overlying gate electrode. The Si02 gate dielectric will be replaced with a single or dual -dielectric film consisting of one or more monolayers of SiO2 to form the interfacial transition region covered with a high dielectric constant (high-K) insulator. The rationale for a collaborative proposal effort lies in the capabilities of the two universities with Texas Tech University expertise in high-K gate materials and Lehigh University integrating these materials into an advanced gate insulator for CMOS devices. Texas Tech University will form high-K, Hf02 or ZrO2 gate dielectrics with a custom electron-beam deposition system to be incorporated into advanced CMOS devices and test structures fabricated at Lehigh University. The collaborative project will employ the combined and complementary analytical techniques at both universities, such as reflection high-energy electron diffraction (RHEED) and low energy electron diffraction (LEED) at TTU combined with angle resolved photoelectron spectroscopy (ARXPS) and high-resolution transmission electron microscopy (HRTEM) at LU. Electrical characterization will be performed with unique test structures and measurement techniques to determine carrier trapping in the high-K dielectrics. The PI's multidisciplinary faculty will bring together students from different departments and universities in a project to foster a broad research and educational experience. The project is enhanced with close collaboration and outreach to industry.</AbstractNarration>
    <MinAmdLetterDate>12/12/2003</MinAmdLetterDate>
    <MaxAmdLetterDate>06/22/2004</MaxAmdLetterDate>
    <ARRAAmount/>
    <AwardID>0400025</AwardID>
    <Investigator>
      <FirstName>Shubhra</FirstName>
      <LastName>Gangopadhyay</LastName>
      <EmailAddress>gangopadhyays@missouri.edu</EmailAddress>
      <StartDate>12/12/2003</StartDate>
      <EndDate/>
      <RoleCode>Principal Investigator</RoleCode>
    </Investigator>
    <Institution>
      <Name>University of Missouri-Columbia</Name>
      <CityName>COLUMBIA</CityName>
      <ZipCode>652110001</ZipCode>
      <PhoneNumber>5738827560</PhoneNumber>
      <StreetAddress>115 Business Loop 70 W</StreetAddress>
      <CountryName>United States</CountryName>
      <StateName>Missouri</StateName>
      <StateCode>MO</StateCode>
    </Institution>
    <FoaInformation>
      <Code>0206000</Code>
      <Name>Telecommunications</Name>
    </FoaInformation>
    <ProgramElement>
      <Code>1517</Code>
      <Text>ELECT, PHOTONICS, &amp; MAG DEVICE</Text>
    </ProgramElement>
    <ProgramReference>
      <Code>0000</Code>
      <Text>UNASSIGNED</Text>
    </ProgramReference>
    <ProgramReference>
      <Code>9251</Code>
      <Text>RES EXPER FOR UNDERGRAD-SUPPLT</Text>
    </ProgramReference>
    <ProgramReference>
      <Code>OTHR</Code>
      <Text>OTHER RESEARCH OR EDUCATION</Text>
    </ProgramReference>
  </Award>
</rootTag>
