<?xml version="1.0" encoding="UTF-8"?>

<rootTag>
  <Award>
    <AwardTitle>Wireless Miniature Dosimeters for In-Situ Radiation Measurement</AwardTitle>
    <AwardEffectiveDate>09/01/2004</AwardEffectiveDate>
    <AwardExpirationDate>10/31/2005</AwardExpirationDate>
    <AwardAmount>140000</AwardAmount>
    <AwardInstrument>
      <Value>Continuing grant</Value>
    </AwardInstrument>
    <Organization>
      <Code>07010000</Code>
      <Directorate>
        <LongName>Directorate For Engineering</LongName>
      </Directorate>
      <Division>
        <LongName>Div Of Electrical, Commun &amp; Cyber Sys</LongName>
      </Division>
    </Organization>
    <ProgramOfficer>
      <SignBlockName>Vittal S. Rao</SignBlockName>
    </ProgramOfficer>
    <AbstractNarration>Intellectual Merit: This sensor proposal focuses on the development of a novel microtransponder for wireless in-situ radiation dosimetry. The proposed sensor is totally passive, i.e., do not require an on board power source, and thus avoid problems associated with radiation damage to active electronics (transistors, etc). The transponder is based on a novel device structure combining the quasi-permanent electric field produced by an electret with silicon micromachining. The micromachined LC dosimeter incorporates an array of cantilever beams deflected by the electric field produced by an electret. This array is connected to an on-chip spiral coil, thereby forming a passive LC resonant circuit. Upon exposure to the ionizing radiation, the surface charge of the electret is reduced hence decreasing the force on the cantilever beams (and therefore decreasing their deflection). This decreases the capacitance between the beams and the bottom electrode of the electret, which can be detected remotely by monitoring the resonant frequency of the LC transponder. &lt;br/&gt;&lt;br/&gt;Broader Impact: The ability to use wireless techniques for radiation measurement in conjunction with a miniature dosimeter will provide a valuable tool in many areas such as radiation therapy, personnel, and environmental monitoring. The out come of this research will lead to a family of cost effective, small sized wireless in-situ radiation sensors. The techniques developed during the course of this project will also have a broad impact on many applications and devices that require the integration of electrets with MEMS microstructures (e.g., electromechanical transducers, particle filters, and infrared sensors).</AbstractNarration>
    <MinAmdLetterDate>08/04/2004</MinAmdLetterDate>
    <MaxAmdLetterDate>08/03/2005</MaxAmdLetterDate>
    <ARRAAmount/>
    <AwardID>0400637</AwardID>
    <Investigator>
      <FirstName>Babak</FirstName>
      <LastName>Ziaie</LastName>
      <EmailAddress>bziaie@purdue.edu</EmailAddress>
      <StartDate>08/04/2004</StartDate>
      <EndDate/>
      <RoleCode>Principal Investigator</RoleCode>
    </Investigator>
    <Investigator>
      <FirstName>Massood</FirstName>
      <LastName>Atashbar</LastName>
      <EmailAddress>massood.atashbar@wmich.edu</EmailAddress>
      <StartDate>08/04/2004</StartDate>
      <EndDate/>
      <RoleCode>Co-Principal Investigator</RoleCode>
    </Investigator>
    <Institution>
      <Name>University of Minnesota-Twin Cities</Name>
      <CityName>Minneapolis</CityName>
      <ZipCode>554552070</ZipCode>
      <PhoneNumber>6126245599</PhoneNumber>
      <StreetAddress>200 OAK ST SE</StreetAddress>
      <CountryName>United States</CountryName>
      <StateName>Minnesota</StateName>
      <StateCode>MN</StateCode>
    </Institution>
    <FoaInformation>
      <Code>0510403</Code>
      <Name>Engineering &amp; Computer Science</Name>
    </FoaInformation>
    <ProgramElement>
      <Code>1518</Code>
      <Text>CONTROL, NETWORKS, &amp; COMP INTE</Text>
    </ProgramElement>
    <ProgramReference>
      <Code>0000</Code>
      <Text>UNASSIGNED</Text>
    </ProgramReference>
    <ProgramReference>
      <Code>7234</Code>
      <Text>SENSORS NON-SOLICITATION RESEA</Text>
    </ProgramReference>
    <ProgramReference>
      <Code>OTHR</Code>
      <Text>OTHER RESEARCH OR EDUCATION</Text>
    </ProgramReference>
  </Award>
</rootTag>
