<?xml version="1.0" encoding="UTF-8"?>

<rootTag>
  <Award>
    <AwardTitle>GOALI: Development of a PVD Crystalline Alumina Coating for Cutting Tools by a Novel Inverted Cylindrical Magnetron Sputtering Process</AwardTitle>
    <AwardEffectiveDate>06/01/2004</AwardEffectiveDate>
    <AwardExpirationDate>05/31/2009</AwardExpirationDate>
    <AwardAmount>464821</AwardAmount>
    <AwardInstrument>
      <Value>Standard Grant</Value>
    </AwardInstrument>
    <Organization>
      <Code>07030000</Code>
      <Directorate>
        <LongName>Directorate For Engineering</LongName>
      </Directorate>
      <Division>
        <LongName>Div Of Civil, Mechanical, &amp; Manufact Inn</LongName>
      </Division>
    </Organization>
    <ProgramOfficer>
      <SignBlockName>George A. Hazelrigg</SignBlockName>
    </ProgramOfficer>
    <AbstractNarration>The research objective of this Grant Opportunity for Academic Liaison with Industry (GOALI) project is to develop an advanced hard coating process for improved wear resistance of metal-cutting tools. The approach to be used in this research is to investigate the critical process parameters for the deposition of a crystalline aluminum oxide coating using a novel physical vapor deposition process called inverted cylindrical magnetron sputtering. This work will be carried out in a collaborative effort between University of Arkansas, Fayetteville, AR, and Kennametal Inc., Latrobe, PA. The researchers will also work in close collaboration with the manufacturer of the deposition equipment, Isoflux, Inc., Rochester, NY, to develop and implement improved hardware designs and process modeling solutions.&lt;br/&gt;&lt;br/&gt;Successful development and implementation of this research will directly assist the U.S. manufacturing sector in significantly reducing manufacturing costs by providing them with improved, wear-resistant tools. The new coating technology has the potential to significantly reduce energy and environmental costs of machining, and to improve manufacturing productivity. The technology also has significant potential for applications in other fields, such as biomedical and corrosion protection applications. The university-industry collaboration also provides an outstanding opportunity for the education and training of students, by involving them in hands-on research in the laboratory combined with practical application training in the industrial research laboratory. The implementation of this research program will also provide a strong impetus to spawn new research efforts in cross-cutting research in new surface engineering technologies.</AbstractNarration>
    <MinAmdLetterDate>05/17/2004</MinAmdLetterDate>
    <MaxAmdLetterDate>03/17/2008</MaxAmdLetterDate>
    <ARRAAmount/>
    <AwardID>0400167</AwardID>
    <Investigator>
      <FirstName>Matthew</FirstName>
      <LastName>Gordon</LastName>
      <EmailAddress>matthew.gordon@du.edu</EmailAddress>
      <StartDate>06/13/2006</StartDate>
      <EndDate/>
      <RoleCode>Principal Investigator</RoleCode>
    </Investigator>
    <Investigator>
      <FirstName>Deepak</FirstName>
      <LastName>Bhat</LastName>
      <EmailAddress>dgbhat@engr.uark.edu</EmailAddress>
      <StartDate>05/17/2004</StartDate>
      <EndDate>06/13/2006</EndDate>
      <RoleCode>Former Principal Investigator</RoleCode>
    </Investigator>
    <Investigator>
      <FirstName>A.</FirstName>
      <LastName>Santhanam</LastName>
      <EmailAddress>at.santhanam@kennametal.com</EmailAddress>
      <StartDate>05/17/2004</StartDate>
      <EndDate/>
      <RoleCode>Co-Principal Investigator</RoleCode>
    </Investigator>
    <Institution>
      <Name>University of Arkansas</Name>
      <CityName>FAYETTEVILLE</CityName>
      <ZipCode>727011201</ZipCode>
      <PhoneNumber>4795753845</PhoneNumber>
      <StreetAddress>210 Administration Building</StreetAddress>
      <CountryName>United States</CountryName>
      <StateName>Arkansas</StateName>
      <StateCode>AR</StateCode>
    </Institution>
    <FoaInformation>
      <Code>0308000</Code>
      <Name>Industrial Technology</Name>
    </FoaInformation>
    <ProgramElement>
      <Code>1468</Code>
      <Text>Manufacturing Machines &amp; Equip</Text>
    </ProgramElement>
    <ProgramElement>
      <Code>1504</Code>
      <Text>GRANT OPP FOR ACAD LIA W/INDUS</Text>
    </ProgramElement>
    <ProgramElement>
      <Code>7316</Code>
      <Text>EAPSI</Text>
    </ProgramElement>
    <ProgramElement>
      <Code>7298</Code>
      <Text>COLLABORATIVE RESEARCH</Text>
    </ProgramElement>
    <ProgramReference>
      <Code>1504</Code>
      <Text>GRANT OPP FOR ACAD LIA W/INDUS</Text>
    </ProgramReference>
    <ProgramReference>
      <Code>9146</Code>
      <Text>MANUFACTURING BASE RESEARCH</Text>
    </ProgramReference>
    <ProgramReference>
      <Code>9150</Code>
      <Text>EXP PROG TO STIM COMP RES</Text>
    </ProgramReference>
    <ProgramReference>
      <Code>MANU</Code>
      <Text>MANUFACTURING</Text>
    </ProgramReference>
    <ProgramReference>
      <Code>1468</Code>
      <Text>MANUFACTURING &amp; CONST MACH EQP</Text>
    </ProgramReference>
    <ProgramReference>
      <Code>9178</Code>
      <Text>UNDERGRADUATE EDUCATION</Text>
    </ProgramReference>
    <ProgramReference>
      <Code>9251</Code>
      <Text>RES EXPER FOR UNDERGRAD-SUPPLT</Text>
    </ProgramReference>
    <ProgramReference>
      <Code>5926</Code>
      <Text>LATIN AMERICA, SDC</Text>
    </ProgramReference>
    <ProgramReference>
      <Code>5977</Code>
      <Text>AMERICAS PROGRAM</Text>
    </ProgramReference>
    <ProgramReference>
      <Code>7316</Code>
      <Text>EAPSI</Text>
    </ProgramReference>
    <ProgramReference>
      <Code>082E</Code>
      <Text>MFG MACHINES &amp; METROLOGY</Text>
    </ProgramReference>
    <ProgramReference>
      <Code>083E</Code>
      <Text>MATERIAL TRANSFORMATION PROC</Text>
    </ProgramReference>
    <ProgramReference>
      <Code>116E</Code>
      <Text>RESEARCH EXP FOR UNDERGRADS</Text>
    </ProgramReference>
    <ProgramReference>
      <Code>7233</Code>
      <Text>RES EXPERIENCE FOR TEACHERS(RET)-SUPPLEM</Text>
    </ProgramReference>
    <ProgramReference>
      <Code>9231</Code>
      <Text>SUPPL FOR UNDERGRAD RES ASSIST</Text>
    </ProgramReference>
    <ProgramReference>
      <Code>5919</Code>
      <Text>INDIA (COOPERATIVE SCIENCE)</Text>
    </ProgramReference>
    <ProgramReference>
      <Code>5976</Code>
      <Text>AFRICA, NEAR EAST, &amp; SO ASIA</Text>
    </ProgramReference>
    <ProgramReference>
      <Code>7298</Code>
      <Text>COLLABORATIVE RESEARCH</Text>
    </ProgramReference>
  </Award>
</rootTag>
