<?xml version="1.0" encoding="UTF-8"?>

<rootTag>
  <Award>
    <AwardTitle>Studies in atom and molecule manipulation</AwardTitle>
    <AwardEffectiveDate>08/01/2004</AwardEffectiveDate>
    <AwardExpirationDate>07/31/2009</AwardExpirationDate>
    <AwardAmount>600000</AwardAmount>
    <AwardInstrument>
      <Value>Continuing grant</Value>
    </AwardInstrument>
    <Organization>
      <Code>03010100</Code>
      <Directorate>
        <LongName>Direct For Mathematical &amp; Physical Scien</LongName>
      </Directorate>
      <Division>
        <LongName>Division Of Physics</LongName>
      </Division>
    </Organization>
    <ProgramOfficer>
      <SignBlockName>Robert Dunford</SignBlockName>
    </ProgramOfficer>
    <AbstractNarration>This project is a continuation of the development of accurate atom interferometers for precision measurements. The determination of h/M, Planck's constant divided by the mass of the atom in the interferometer, will be improved by approximately one order of magnitude from its current accuracy. This will lead to a determination of the fine structure constant alpha with an uncertainty of ~ 0.5 parts per billion. In addition, many particle phenomena of Bose condensed atoms in optical lattices will be studied. Specifically, the creation of non-zero angular momentum states in low occupancy Mott states in an optical lattice is proposed. A signature of these states would be a suppression of the central atomic interference peak upon release of the atoms from the lattice confinement. The broader impact involves the education of future professors, the application of the interferometers to inertial sensing and programs in outreach.</AbstractNarration>
    <MinAmdLetterDate>07/26/2004</MinAmdLetterDate>
    <MaxAmdLetterDate>04/07/2009</MaxAmdLetterDate>
    <ARRAAmount/>
    <AwardID>0400866</AwardID>
    <Investigator>
      <FirstName>Steven</FirstName>
      <LastName>Chu</LastName>
      <EmailAddress>schu@lbl.gov</EmailAddress>
      <StartDate>07/26/2004</StartDate>
      <EndDate>04/07/2009</EndDate>
      <RoleCode>Former Principal Investigator</RoleCode>
    </Investigator>
    <Investigator>
      <FirstName>Mark</FirstName>
      <LastName>Kasevich</LastName>
      <EmailAddress>kasevich@stanford.edu</EmailAddress>
      <StartDate>04/07/2009</StartDate>
      <EndDate/>
      <RoleCode>Principal Investigator</RoleCode>
    </Investigator>
    <Institution>
      <Name>Stanford University</Name>
      <CityName>Palo Alto</CityName>
      <ZipCode>943041212</ZipCode>
      <PhoneNumber>6507232300</PhoneNumber>
      <StreetAddress>3160 Porter Drive</StreetAddress>
      <CountryName>United States</CountryName>
      <StateName>California</StateName>
      <StateCode>CA</StateCode>
    </Institution>
    <FoaInformation>
      <Code>0000099</Code>
      <Name>Other Applications NEC</Name>
    </FoaInformation>
  </Award>
</rootTag>
