<?xml version="1.0" encoding="UTF-8"?>

<rootTag>
  <Award>
    <AwardTitle>FRG: Atomic Design of Artificial Spinel Ferrites</AwardTitle>
    <AwardEffectiveDate>08/01/2005</AwardEffectiveDate>
    <AwardExpirationDate>07/31/2009</AwardExpirationDate>
    <AwardAmount>692596</AwardAmount>
    <AwardInstrument>
      <Value>Standard Grant</Value>
    </AwardInstrument>
    <Organization>
      <Code>03070009</Code>
      <Directorate>
        <LongName>Direct For Mathematical &amp; Physical Scien</LongName>
      </Directorate>
      <Division>
        <LongName>Division Of Materials Research</LongName>
      </Division>
    </Organization>
    <ProgramOfficer>
      <SignBlockName>Lynnette D. Madsen</SignBlockName>
    </ProgramOfficer>
    <AbstractNarration>Manganese ferrite (MnFe2O4) is a mixed spinel in which on the average 20% of Mn2+ ions reside on the B sites (Octahedral sublattice), when prepared by conventional growth techniques. Recently, we have devised a growth scheme by which the percentage of the Mn2+ ions on the B sites can be artificially controlled. The lattice constant and chemical composition of the artificial ferrite films were the same as that a bulk spinel ferrite or MnFe2O4, but the magnetic properties, exchange constants, Neel temperature, saturation magnetization and magnetic anisotropy field were very different from that of a typical bulk MnFe2O4. In this proposal, our aim is to explore the ability to affect magnetic ion distributions of a spinel structure of given composition to prepare (1) artificial ferrites with enhanced saturation magnetization and (2) to devise a systematic approach to design ferromagnetic spinel ferrites.&lt;br/&gt;&lt;br/&gt;Fundamental research on magnetism and/or ferrite materials has been declining, although world markets depend heavily upon ferrite materials. We believe that our research will have a broad impact to the ferrite community and the scientific community at large. Our growth technique marks a significant departure from traditional or conventional procedures in preparing spinel ferrites in the following sense. The distribution of magnetic ions within a unit cell of a spinel ferrite can now be artificially controlled by growth techniques developed by us. This implies improved magnetic sensors, smaller and efficient microwave and electronic devices for computer and wireless communication applications.</AbstractNarration>
    <MinAmdLetterDate>04/12/2005</MinAmdLetterDate>
    <MaxAmdLetterDate>04/04/2006</MaxAmdLetterDate>
    <ARRAAmount/>
    <AwardID>0400676</AwardID>
    <Investigator>
      <FirstName>Carmine</FirstName>
      <LastName>Vittoria</LastName>
      <EmailAddress>vittoria@neu.edu</EmailAddress>
      <StartDate>04/12/2005</StartDate>
      <EndDate/>
      <RoleCode>Principal Investigator</RoleCode>
    </Investigator>
    <Investigator>
      <FirstName>Vincent</FirstName>
      <LastName>Harris</LastName>
      <EmailAddress>harris@ece.neu.edu</EmailAddress>
      <StartDate>04/12/2005</StartDate>
      <EndDate/>
      <RoleCode>Co-Principal Investigator</RoleCode>
    </Investigator>
    <Investigator>
      <FirstName>Shaheen</FirstName>
      <LastName>Islam</LastName>
      <EmailAddress>sislam@vuu.edu</EmailAddress>
      <StartDate>04/12/2005</StartDate>
      <EndDate/>
      <RoleCode>Co-Principal Investigator</RoleCode>
    </Investigator>
    <Institution>
      <Name>Northeastern University</Name>
      <CityName>BOSTON</CityName>
      <ZipCode>021155005</ZipCode>
      <PhoneNumber>6173732508</PhoneNumber>
      <StreetAddress>360 HUNTINGTON AVE</StreetAddress>
      <CountryName>United States</CountryName>
      <StateName>Massachusetts</StateName>
      <StateCode>MA</StateCode>
    </Institution>
    <FoaInformation>
      <Code>0106000</Code>
      <Name>Materials Research</Name>
    </FoaInformation>
    <ProgramElement>
      <Code>1774</Code>
      <Text>CERAMICS</Text>
    </ProgramElement>
    <ProgramReference>
      <Code>1589</Code>
      <Text>FOCUSED RESEARCH GROUPS</Text>
    </ProgramReference>
    <ProgramReference>
      <Code>9162</Code>
      <Text>MULTI DIVISION/UNIVERSITY</Text>
    </ProgramReference>
    <ProgramReference>
      <Code>AMPP</Code>
      <Text>ADVANCED MATERIALS &amp; PROCESSING PROGRAM</Text>
    </ProgramReference>
  </Award>
</rootTag>
