<?xml version="1.0" encoding="UTF-8"?>

<rootTag>
  <Award>
    <AwardTitle>Sum Frequency Studies of Liquid Interfaces</AwardTitle>
    <AwardEffectiveDate>08/01/2004</AwardEffectiveDate>
    <AwardExpirationDate>07/31/2007</AwardExpirationDate>
    <AwardAmount>577118</AwardAmount>
    <AwardInstrument>
      <Value>Continuing grant</Value>
    </AwardInstrument>
    <Organization>
      <Code>03090004</Code>
      <Directorate>
        <LongName>Direct For Mathematical &amp; Physical Scien</LongName>
      </Directorate>
      <Division>
        <LongName>Division Of Chemistry</LongName>
      </Division>
    </Organization>
    <ProgramOfficer>
      <SignBlockName>Charles D. Pibel</SignBlockName>
    </ProgramOfficer>
    <AbstractNarration>In this award, supported by the Experimental Physical Chemistry Program of the Chemistry Division, Prof. Kenneth B. Eisenthal of Columbia University will conduct research to study the chemical and physical properties of interfacial water molecules and molecules adsorbed to interfacial water surfaces. The ultimate goal of this work is to develop a deeper understanding of these important and ubiquitous interfaces which are important in many broader areas of science, spanning the range from biological to geological systems.&lt;br/&gt;&lt;br/&gt;Besides the applications of the present work towards developing a deeper understanding of interfacial water, the work supported through this award provides an opportunity for training of graduate and undergraduate researchers in state-of-the-art physical. Prof. Eisenthal will continue to work with researchers from diverse groups, as well as continuing his participation in outreach towards a wider audience.</AbstractNarration>
    <MinAmdLetterDate>07/20/2004</MinAmdLetterDate>
    <MaxAmdLetterDate>04/20/2006</MaxAmdLetterDate>
    <ARRAAmount/>
    <AwardID>0400417</AwardID>
    <Investigator>
      <FirstName>Kenneth</FirstName>
      <LastName>Eisenthal</LastName>
      <EmailAddress>kbe1@columbia.edu</EmailAddress>
      <StartDate>07/20/2004</StartDate>
      <EndDate/>
      <RoleCode>Principal Investigator</RoleCode>
    </Investigator>
    <Institution>
      <Name>Columbia University</Name>
      <CityName>NEW YORK</CityName>
      <ZipCode>100276902</ZipCode>
      <PhoneNumber>2128546851</PhoneNumber>
      <StreetAddress>2960 Broadway</StreetAddress>
      <CountryName>United States</CountryName>
      <StateName>New York</StateName>
      <StateCode>NY</StateCode>
    </Institution>
  </Award>
</rootTag>
