<?xml version="1.0" encoding="UTF-8"?>

<rootTag>
  <Award>
    <AwardTitle>Doctoral Dissertation Research in Political Science: Social Networks, Civic Capacity and Urban School Reform: A Multi-Level Analysis</AwardTitle>
    <AwardEffectiveDate>09/01/2003</AwardEffectiveDate>
    <AwardExpirationDate>05/31/2005</AwardExpirationDate>
    <AwardAmount>10067</AwardAmount>
    <AwardInstrument>
      <Value>Standard Grant</Value>
    </AwardInstrument>
    <Organization>
      <Code>04050200</Code>
      <Directorate>
        <LongName>Direct For Social, Behav &amp; Economic Scie</LongName>
      </Directorate>
      <Division>
        <LongName>Divn Of Social and Economic Sciences</LongName>
      </Division>
    </Organization>
    <ProgramOfficer>
      <SignBlockName>Brian D. Humes</SignBlockName>
    </ProgramOfficer>
    <AbstractNarration>This dissertation examines the extent to which civic capacity drives reform and thereby directs which problems are tackled and the nature of the solutions offered. Stone (1998) maintains that civic capacity is the mobilization of various stakeholders in support of a community wide cause. These stakeholders in most large urban systems include professional educators, parents, the business sector, community-based actors, and, in some cases, city hall. The building blocks for civic capacity are civic mobilization and shared understanding. The former addresses the degree to which various sectors of the community come together in sustained support of school reform and related efforts to improve educational opportunities and performance; the latter involves the extent to which stakeholders, or what Stone also references as the urban regime, share a common understanding of the education problem at hand.&lt;br/&gt;&lt;br/&gt;While Stone's approach to civic capacity and urban regimes provides a new and important framework for conceptualizing urban education reform, it does not permit the development of an inferential theory that predicts both the effects of school reform on the community and the effects of the community on school reform. Interrelationships among civic capacity, institutions, social networks, and community organizations have neither been clearly specified nor analyzed empirically.&lt;br/&gt;&lt;br/&gt;For example, what kinds of institutional changes are related to increased citizen participation in local&lt;br/&gt;institutions and local policy-making? What types of interorganizational linkages foster citizen participation? How are these relationships related to school reform? In addition, empirical challenges remain. Most studies do not have a longitudinal base with which to track changes in civic capacity over time, are limited to single city case studies, or fail to fully operationalize key concepts. Thus, we have continued to build the case for the urban regime theory in theory, we have failed to test its&lt;br/&gt;empirical validity.&lt;br/&gt;&lt;br/&gt;This dissertation addresses these theoretical and empirical challenges. Theoretically, it offers the first explanatory theory of the development of civic capacity and its effect on the success of reforms. In particular, the student proposes a Social Network Theory of School Reform that builds upon Stone's work and adds dimensions from sociological theories. This theoretical framework allows the student to address the following questions: How is cooperation established? What types of relationships are forged and which are maintained over time? How do various demographic, political, and social factors contribute to or diminish a city's ability to develop civic capacity for&lt;br/&gt;education reform? Empirically, the student measures --- over time --- the levels of inter-community organization, cooperation and interaction for school reform. &lt;br/&gt;&lt;br/&gt;By pooling together data from multiple sources, the student will measure the elusive concepts of civic cooperation and civic capacity, and thus shed new light on questions of how relations among community organizations and schools are structured, how levels of community participation and support contribute to the social organization of communities, and how systemic school reform influences these relationships and processes.</AbstractNarration>
    <MinAmdLetterDate>11/05/2003</MinAmdLetterDate>
    <MaxAmdLetterDate>02/10/2005</MaxAmdLetterDate>
    <ARRAAmount/>
    <AwardID>0400488</AwardID>
    <Investigator>
      <FirstName>Melissa</FirstName>
      <LastName>Marschall</LastName>
      <EmailAddress>marschal@rice.edu</EmailAddress>
      <StartDate>11/05/2003</StartDate>
      <EndDate/>
      <RoleCode>Principal Investigator</RoleCode>
    </Investigator>
    <Institution>
      <Name>William Marsh Rice University</Name>
      <CityName>Houston</CityName>
      <ZipCode>770051827</ZipCode>
      <PhoneNumber>7133484820</PhoneNumber>
      <StreetAddress>6100 MAIN ST</StreetAddress>
      <CountryName>United States</CountryName>
      <StateName>Texas</StateName>
      <StateCode>TX</StateCode>
    </Institution>
    <ProgramElement>
      <Code>1371</Code>
      <Text>POLITICAL SCIENCE</Text>
    </ProgramElement>
    <ProgramReference>
      <Code>9178</Code>
      <Text>UNDERGRADUATE EDUCATION</Text>
    </ProgramReference>
    <ProgramReference>
      <Code>SMET</Code>
      <Text>SCIENCE, MATH, ENG &amp; TECH EDUCATION</Text>
    </ProgramReference>
  </Award>
</rootTag>
