<?xml version="1.0" encoding="UTF-8"?>

<rootTag>
  <Award>
    <AwardTitle>Geometric Problems in Complex Analysis</AwardTitle>
    <AwardEffectiveDate>08/01/2004</AwardEffectiveDate>
    <AwardExpirationDate>03/31/2006</AwardExpirationDate>
    <AwardAmount>90001</AwardAmount>
    <AwardInstrument>
      <Value>Standard Grant</Value>
    </AwardInstrument>
    <Organization>
      <Code>03040200</Code>
      <Directorate>
        <LongName>Direct For Mathematical &amp; Physical Scien</LongName>
      </Directorate>
      <Division>
        <LongName>Division Of Mathematical Sciences</LongName>
      </Division>
    </Organization>
    <ProgramOfficer>
      <SignBlockName>Joe W. Jenkins</SignBlockName>
    </ProgramOfficer>
    <AbstractNarration>Problems in three directions of geometric complex analysis are considered. The first collection of problems comprises basic research in sampling and interpolation, the theory that underlies the current technology of storing and retrieving information digitally. The second collection of problems studies a certain class of metrics for holomorphic vector bundles on compact complex manifolds, and is connected to a complex analog of Hilbert's 17th problem. It also ties in with current work by algebraic and analytic geometers on multiplier ideal sheaves. The third collection of problems concerns the so-called Density Property for complex manifolds, introduced by the PI in his PhD thesis and developed significantly since then. The three directions are intimately related, and cannot be completely separated.&lt;br/&gt;&lt;br/&gt;The main goal of the work on sampling and interpolation is to use the geometry of the space under consideration to determine the density of points needed to sample functions sufficiently so that they are faithfully stored in some digital incarnation. Conversely, the reconstruction of the functions from their digital realization requires the use of sufficiently few points. The geometric information that comes into consideration is the curvature of the metrics on the space. This idea was already considered by Einstein in his work on the General Theory of Relativity. The need to understand metrics rather well brings us in contact with the second circle of problems; here we consider certain metrics that arise naturally in problems of complex and CR geometry. Finally, the ideas considered have a completely different nature when discussed on spaces with the density property. These spaces, which are highly symmetric, have incredible flexibility properties, and enable one model to rather diverse dynamical phenomena, while still being able to use the complex structure to impose certain constraints on the results of the dynamics.</AbstractNarration>
    <MinAmdLetterDate>07/22/2004</MinAmdLetterDate>
    <MaxAmdLetterDate>07/22/2004</MaxAmdLetterDate>
    <ARRAAmount/>
    <AwardID>0400909</AwardID>
    <Investigator>
      <FirstName>Dror</FirstName>
      <LastName>Varolin</LastName>
      <EmailAddress>dror@math.stonybrook.edu</EmailAddress>
      <StartDate>07/22/2004</StartDate>
      <EndDate/>
      <RoleCode>Principal Investigator</RoleCode>
    </Investigator>
    <Institution>
      <Name>University of Illinois at Urbana-Champaign</Name>
      <CityName>CHAMPAIGN</CityName>
      <ZipCode>618207473</ZipCode>
      <PhoneNumber>2173332187</PhoneNumber>
      <StreetAddress>SUITE A</StreetAddress>
      <CountryName>United States</CountryName>
      <StateName>Illinois</StateName>
      <StateCode>IL</StateCode>
    </Institution>
    <FoaInformation>
      <Code>0000099</Code>
      <Name>Other Applications NEC</Name>
    </FoaInformation>
    <ProgramElement>
      <Code>1281</Code>
      <Text>ANALYSIS PROGRAM</Text>
    </ProgramElement>
    <ProgramReference>
      <Code>0000</Code>
      <Text>UNASSIGNED</Text>
    </ProgramReference>
    <ProgramReference>
      <Code>OTHR</Code>
      <Text>OTHER RESEARCH OR EDUCATION</Text>
    </ProgramReference>
  </Award>
</rootTag>
