<?xml version="1.0" encoding="UTF-8"?>

<rootTag>
  <Award>
    <AwardTitle>Study of Diurnal Transitions in the Atmospheric Boundary Layer</AwardTitle>
    <AwardEffectiveDate>05/01/2004</AwardEffectiveDate>
    <AwardExpirationDate>12/31/2007</AwardExpirationDate>
    <AwardAmount>266392</AwardAmount>
    <AwardInstrument>
      <Value>Continuing grant</Value>
    </AwardInstrument>
    <Organization>
      <Code>06020105</Code>
      <Directorate>
        <LongName>Directorate For Geosciences</LongName>
      </Directorate>
      <Division>
        <LongName>Div Atmospheric &amp; Geospace Sciences</LongName>
      </Division>
    </Organization>
    <ProgramOfficer>
      <SignBlockName>Bradley F. Smull</SignBlockName>
    </ProgramOfficer>
    <AbstractNarration>This project is a study of the atmospheric boundary layer, that layer near the surface of the Earth where turbulent air motions transfer heat, moisture, and momentum between the atmosphere and the Earth. Most past studies have treated this layer as being in a steady state, but transitions occur continually and influence its structure. The boundary layer undergoes a diurnal cycle that moves from a stable nighttime layer through transitional states to a midday convective period and then again through transitional states back to stable nighttime condition. This study will focus on the transition periods and the mid-day convective period. The primary tool to be used is large-eddy simulation (LES), a model technique in which turbulent motions larger than some specified size are represented explicitly while the average influence of the motions at smaller sizes is represented in parameterized form. To complement the LES results, the investigators also will examine observations from a set of well-documented past experiments that have studied the boundary layer in different locations. The expected results will be an extension of knowledge of boundary layer structure to periods of transition and a better understanding of the ways in which transitory turbulence affects that layer.&lt;br/&gt;&lt;br/&gt;A long-range benefit of this and similar studies will be better representation of the boundary layer in weather and climate models. Such models must represent realistic fluxes of heat, moisture, and momentum between the Earth and the atmosphere but cannot resolve the fine-scale structures responsible for such fluxes. As a result, the fluxes must be represented parameterically in terms of large-scale variables. The development of accurate parametric representations will rely on results from detailed studies like this one. The project will also benefit future work in this area of research by providing training for a graduate student.</AbstractNarration>
    <MinAmdLetterDate>04/30/2004</MinAmdLetterDate>
    <MaxAmdLetterDate>02/09/2006</MaxAmdLetterDate>
    <ARRAAmount/>
    <AwardID>0400590</AwardID>
    <Investigator>
      <FirstName>Zbigniew</FirstName>
      <LastName>Sorbjan</LastName>
      <EmailAddress>zbigniew.sorbjan@mu.edu</EmailAddress>
      <StartDate>04/30/2004</StartDate>
      <EndDate/>
      <RoleCode>Principal Investigator</RoleCode>
    </Investigator>
    <Institution>
      <Name>Marquette University</Name>
      <CityName>Milwaukee</CityName>
      <ZipCode>532011881</ZipCode>
      <PhoneNumber>4142887200</PhoneNumber>
      <StreetAddress>P.O. Box 1881</StreetAddress>
      <CountryName>United States</CountryName>
      <StateName>Wisconsin</StateName>
      <StateCode>WI</StateCode>
    </Institution>
    <FoaInformation>
      <Code>0000099</Code>
      <Name>Other Applications NEC</Name>
    </FoaInformation>
    <ProgramElement>
      <Code>1522</Code>
      <Text>PHYSICAL METEOROLOGY</Text>
    </ProgramElement>
    <ProgramElement>
      <Code>1525</Code>
      <Text>PHYSICAL &amp; DYNAMIC METEOROLOGY</Text>
    </ProgramElement>
    <ProgramReference>
      <Code>0000</Code>
      <Text>UNASSIGNED</Text>
    </ProgramReference>
    <ProgramReference>
      <Code>1522</Code>
      <Text>PHYSICAL METEOROLOGY</Text>
    </ProgramReference>
    <ProgramReference>
      <Code>OTHR</Code>
      <Text>OTHER RESEARCH OR EDUCATION</Text>
    </ProgramReference>
  </Award>
</rootTag>
