<?xml version="1.0" encoding="UTF-8"?>

<rootTag>
  <Award>
    <AwardTitle>Geography-Based Exposure Assessment for Urban Metals</AwardTitle>
    <AwardEffectiveDate>10/01/2003</AwardEffectiveDate>
    <AwardExpirationDate>10/31/2005</AwardExpirationDate>
    <AwardAmount>322054</AwardAmount>
    <AwardInstrument>
      <Value>Continuing grant</Value>
    </AwardInstrument>
    <Organization>
      <Code>04040400</Code>
      <Directorate>
        <LongName>Direct For Social, Behav &amp; Economic Scie</LongName>
      </Directorate>
      <Division>
        <LongName>Division Of Behavioral and Cognitive Sci</LongName>
      </Division>
    </Organization>
    <ProgramOfficer>
      <SignBlockName>Thomas J. Baerwald</SignBlockName>
    </ProgramOfficer>
    <AbstractNarration>Although lead is a naturally occurring element present in many parts of the environment, human activities have dramatically increased lead levels in many locales, especially older parts of urban areas. Whereas lead normally constitutes about 0.002 percent of the Earth's crust, in cities, soil lead levels can be from five to 25 times as great. The heightened presence of lead translates into significantly increased exposure to lead contamination among urban residents, especially children. The average background lead level of the U.S. population is 2.8 micrograms per deciliter, but in many cities, substantial numbers of children have baseline blood lead levels in excess of 10 micrograms per deciliter. This research project will develop new methods for exploring spatial dimensions of pediatric lead poisoning. A multidisciplinary investigative team will study spatial relationships among urban environmental contaminants, the biogeochemical processes of their origin in soils and dust, and the potential for adverse public health risks associated with human exposure to them. A primary goal of this project is to quantitatively assess the community health risks associated with exposure to soils and interior household dusts that have been contaminated by heavy metals. A second major goal is to determine the feasibility of carrying out such assessments through the use of non-intrusive, ecological techniques. To accomplish these goals, the investigators will develop a geography-based lead-exposure assessment model for Syracuse, New York. Inputs to this model will be the blood lead monitoring results, population and housing census data, heavy-metal measurements for soils and dust, and other georeferenced data.&lt;br/&gt;&lt;br/&gt;This research will make a number of contributions to the spatial analysis literature. For example, it will extend small area estimation techniques to a nesting situation and establish a trade-off curve between effective sample size and accuracy/precision of sample statistics. It will improve understanding of geographic dimensions of lead dispersal, and it will test new approaches for monitoring contamination. This project also will have a significant policy impacts for the public health arena. In particular, it will provide a widely applicable, cost-effective, childhood lead poisoning assessment tool for urban environments; it will foster a geographically explicit interpretive framework for evaluating intervention measures; and it will help contribute to improvements in EPA exposure modeling capabilities.</AbstractNarration>
    <MinAmdLetterDate>01/13/2004</MinAmdLetterDate>
    <MaxAmdLetterDate>07/09/2004</MaxAmdLetterDate>
    <ARRAAmount/>
    <AwardID>0400559</AwardID>
    <Investigator>
      <FirstName>Daniel</FirstName>
      <LastName>Griffith</LastName>
      <EmailAddress>dagriffith@utdallas.edu</EmailAddress>
      <StartDate>01/13/2004</StartDate>
      <EndDate/>
      <RoleCode>Principal Investigator</RoleCode>
    </Investigator>
    <Institution>
      <Name>University of Miami</Name>
      <CityName>CORAL GABLES</CityName>
      <ZipCode>331462926</ZipCode>
      <PhoneNumber>3052843924</PhoneNumber>
      <StreetAddress>1320 S. Dixie Highway Suite 650</StreetAddress>
      <CountryName>United States</CountryName>
      <StateName>Florida</StateName>
      <StateCode>FL</StateCode>
    </Institution>
    <FoaInformation>
      <Code>0116000</Code>
      <Name>Human Subjects</Name>
    </FoaInformation>
    <ProgramElement>
      <Code>1352</Code>
      <Text>GEOGRAPHY AND SPATIAL SCIENCES</Text>
    </ProgramElement>
    <ProgramElement>
      <Code>1333</Code>
      <Text>METHOD, MEASURE &amp; STATS</Text>
    </ProgramElement>
    <ProgramReference>
      <Code>9187</Code>
      <Text>TOXIC SUBSTANCES/SOLID &amp; HAZARDOUS WASTE</Text>
    </ProgramReference>
    <ProgramReference>
      <Code>EGCH</Code>
      <Text>ENVIRONMENT AND GLOBAL CHANGE</Text>
    </ProgramReference>
  </Award>
</rootTag>
