<?xml version="1.0" encoding="UTF-8"?>

<rootTag>
  <Award>
    <AwardTitle>Problems in harmonic analysis and several complex variables</AwardTitle>
    <AwardEffectiveDate>07/01/2004</AwardEffectiveDate>
    <AwardExpirationDate>01/31/2005</AwardExpirationDate>
    <AwardAmount>85105</AwardAmount>
    <AwardInstrument>
      <Value>Standard Grant</Value>
    </AwardInstrument>
    <Organization>
      <Code>03040000</Code>
      <Directorate>
        <LongName>Direct For Mathematical &amp; Physical Scien</LongName>
      </Directorate>
      <Division>
        <LongName>Division Of Mathematical Sciences</LongName>
      </Division>
    </Organization>
    <ProgramOfficer>
      <SignBlockName>Joe W. Jenkins</SignBlockName>
    </ProgramOfficer>
    <AbstractNarration>DMS - 0400505&lt;br/&gt;&lt;br/&gt;PI: Kenneth Koenig&lt;br/&gt;&lt;br/&gt;University of Chicago&lt;br/&gt;&lt;br/&gt;Problems in harmonic analysis and several complex variables&lt;br/&gt;&lt;br/&gt;Abstract&lt;br/&gt;&lt;br/&gt;&lt;br/&gt; Many of the fundamental questions in complex analysis are closely related to the regularity properties of solutions to the Cauchy-Riemann equations. The principal investigator plans to study Lp-Sobolev and Holder regularity for the interior and tangential Cauchy-Riemann complexes on smoothly bounded, pseudoconvex domains in Cn when there is at least some gain of regularity in the standard Sobolev spaces (e. g. for finite-type domains, in any dimension). In particular, he will focus on the following basic problems: (1) Determination of the precise relation, up to smoothing operators, between the Bergman and Szego projections; (2) Transference of Sobolev and Holder estimates from the interior to the boundary of such domains (and vice versa), and connections to nonisotropic maximal hypoellipticity; (3) Kernel estimates for the Neumann operator and for the canonical solutions to the Cauchy-Riemann operator, based on properties of certain generalized singular integrals on the boundary. The principal investigator anticipates that his work will also provide insight into questions concerning global and exact regularity for arbitrary smoothly bounded, pseudoconvex domains.&lt;br/&gt;&lt;br/&gt; The proposed research will lead to a better understanding of the broader question: how are the regularity properties of solutions to a system of partial differential equations (with prescribed boundary conditions) on a given domain related to the ones for an associated system on the boundary? Some of the methods introduced by the principal investigator should have applications to other PDE that arise in the physical sciences. He expects to pursue this possibility along with independent interests in nonlinear dispersive wave equations, and he will also contribute to the wider dissemination (among graduate students and other researchers) of modern methods in harmonic analysis and several complex variables.</AbstractNarration>
    <MinAmdLetterDate>04/07/2004</MinAmdLetterDate>
    <MaxAmdLetterDate>04/07/2004</MaxAmdLetterDate>
    <ARRAAmount/>
    <AwardID>0400505</AwardID>
    <Investigator>
      <FirstName>Kenneth</FirstName>
      <LastName>Koenig</LastName>
      <EmailAddress>koenig@math.ohio-state.edu</EmailAddress>
      <StartDate>04/07/2004</StartDate>
      <EndDate/>
      <RoleCode>Principal Investigator</RoleCode>
    </Investigator>
    <Institution>
      <Name>University of Chicago</Name>
      <CityName>Chicago</CityName>
      <ZipCode>606375418</ZipCode>
      <PhoneNumber>7737028669</PhoneNumber>
      <StreetAddress>5801 South Ellis Avenue</StreetAddress>
      <CountryName>United States</CountryName>
      <StateName>Illinois</StateName>
      <StateCode>IL</StateCode>
    </Institution>
    <FoaInformation>
      <Code>0000099</Code>
      <Name>Other Applications NEC</Name>
    </FoaInformation>
    <ProgramElement>
      <Code>1281</Code>
      <Text>ANALYSIS PROGRAM</Text>
    </ProgramElement>
    <ProgramReference>
      <Code>0000</Code>
      <Text>UNASSIGNED</Text>
    </ProgramReference>
    <ProgramReference>
      <Code>OTHR</Code>
      <Text>OTHER RESEARCH OR EDUCATION</Text>
    </ProgramReference>
  </Award>
</rootTag>
