<?xml version="1.0" encoding="UTF-8"?>

<rootTag>
  <Award>
    <AwardTitle>PREMISE II: Design and Engineering of Green Composites From Biofibers and Bioplastics</AwardTitle>
    <AwardEffectiveDate>07/01/2004</AwardEffectiveDate>
    <AwardExpirationDate>12/31/2008</AwardExpirationDate>
    <AwardAmount>599172</AwardAmount>
    <AwardInstrument>
      <Value>Standard Grant</Value>
    </AwardInstrument>
    <Organization>
      <Code>07030000</Code>
      <Directorate>
        <LongName>Directorate For Engineering</LongName>
      </Directorate>
      <Division>
        <LongName>Div Of Civil, Mechanical, &amp; Manufact Inn</LongName>
      </Division>
    </Organization>
    <ProgramOfficer>
      <SignBlockName>Joycelyn S. Harrison</SignBlockName>
    </ProgramOfficer>
    <AbstractNarration>The objective of this research project is the advancement of fundamental knowledge for the processing and manufacturing of sustainable renewable resource-based "green" biocomposites from engineered natural/bio-fiber and bioplastics. The approach is to utilize new emerging bioplastics produced by bacteria and bioplastics derived from corn oil with plant biofibers as reinforcements to produce structural biocomposites via extrusion-injection molding and a new hydro-thermoforming process. An integrated research program will be conducted encompassing education, economics, environment and energy aspects to strengthen the connection between "Design" and "Manufacturing" in order to achieve 'sustainability'. A strong collaborative partnership with representative industrial participants from across the technology will add additional strength to insure relevancy and industrial implementation in the future. &lt;br/&gt;&lt;br/&gt;This research will result in a framework that will serve as the foundation for transitioning away from petroleum based resources to biobased, sustainable resources in structural materials while maintaining a viable cost-performance structure. Advancement in the demand for and utilization of these new alternative 'sustainable" materials will create new sources of revenue for farmers, increase the use of biobased products and reduce the nation's dependence on petroleum resources. The project will also produce new educational modules that can serve to integrate the full range of important environmental considerations into traditional engineering education.</AbstractNarration>
    <MinAmdLetterDate>06/16/2004</MinAmdLetterDate>
    <MaxAmdLetterDate>04/25/2008</MaxAmdLetterDate>
    <ARRAAmount/>
    <AwardID>0400296</AwardID>
    <Investigator>
      <FirstName>Bruce</FirstName>
      <LastName>Dale</LastName>
      <EmailAddress>bdale@egr.msu.edu</EmailAddress>
      <StartDate>06/16/2004</StartDate>
      <EndDate/>
      <RoleCode>Co-Principal Investigator</RoleCode>
    </Investigator>
    <Investigator>
      <FirstName>Lawrence</FirstName>
      <LastName>Drzal</LastName>
      <EmailAddress>DRZAL@EGR.MSU.EDU</EmailAddress>
      <StartDate>06/16/2004</StartDate>
      <EndDate/>
      <RoleCode>Principal Investigator</RoleCode>
    </Investigator>
    <Investigator>
      <FirstName>Farhang</FirstName>
      <LastName>Pourboghrat</LastName>
      <EmailAddress>pourbogh@egr.msu.edu</EmailAddress>
      <StartDate>06/16/2004</StartDate>
      <EndDate/>
      <RoleCode>Co-Principal Investigator</RoleCode>
    </Investigator>
    <Investigator>
      <FirstName>Amar</FirstName>
      <LastName>Mohanty</LastName>
      <EmailAddress>mohantya@msu.edu</EmailAddress>
      <StartDate>06/16/2004</StartDate>
      <EndDate>04/25/2008</EndDate>
      <RoleCode>Former Co-Principal Investigator</RoleCode>
    </Investigator>
    <Investigator>
      <FirstName>Manjusri</FirstName>
      <LastName>Misra</LastName>
      <EmailAddress>misraman@egr.msu.edu</EmailAddress>
      <StartDate>06/16/2004</StartDate>
      <EndDate>04/25/2008</EndDate>
      <RoleCode>Former Co-Principal Investigator</RoleCode>
    </Investigator>
    <Institution>
      <Name>Michigan State University</Name>
      <CityName>East Lansing</CityName>
      <ZipCode>488242600</ZipCode>
      <PhoneNumber>5173555040</PhoneNumber>
      <StreetAddress>Office of Sponsored Programs</StreetAddress>
      <CountryName>United States</CountryName>
      <StateName>Michigan</StateName>
      <StateCode>MI</StateCode>
    </Institution>
    <FoaInformation>
      <Code>0308000</Code>
      <Name>Industrial Technology</Name>
    </FoaInformation>
  </Award>
</rootTag>
