<?xml version="1.0" encoding="UTF-8"?>

<rootTag>
  <Award>
    <AwardTitle>U.S.-Ecuador Dissertation Enhancement: Seed Dispersal by Toucans in Amazonia Ecuador: Toucan-Generated Seed Shadows and Genetic-based Models of Virola flexuosa, a Neotropical</AwardTitle>
    <AwardEffectiveDate>09/01/2004</AwardEffectiveDate>
    <AwardExpirationDate>08/31/2006</AwardExpirationDate>
    <AwardAmount>19776</AwardAmount>
    <AwardInstrument>
      <Value>Standard Grant</Value>
    </AwardInstrument>
    <Organization>
      <Code>01090000</Code>
      <Directorate>
        <LongName>Office Of The Director</LongName>
      </Directorate>
      <Division>
        <LongName>Office Of Internatl Science &amp;Engineering</LongName>
      </Division>
    </Organization>
    <ProgramOfficer>
      <SignBlockName>Evan M. Notman</SignBlockName>
    </ProgramOfficer>
    <AbstractNarration>In this U.S.-Ecuador dissertation enhancement project supported by the Americas Program of the Office of International Science and Engineering, Bette A. Loiselle and Kimberly M Holbrook of the University of Missouri, Saint Louis, will conduct dissertation enhancement research to investigate the contribution of seed dispersal to tropical forest diversity and structure. This research addresses hypotheses that toucan seed dispersal behavior influences the population structure of a neotropical nutmeg, Virola flexuosa. This project includes work and collaboration with scientists and student biologists from the Universidad San Francisco de Quito, Ecuador (USFQ) and Pontificia Universidad Catolica del Ecuador (PUCE).&lt;br/&gt;&lt;br/&gt;The project focuses on a topic of considerable importance to long-term conservation and restoration of biodiversity, particularly in the tropics. The project will provide international research experience for a female US student and will strengthen collaborations with Latin American scientists.</AbstractNarration>
    <MinAmdLetterDate>08/09/2004</MinAmdLetterDate>
    <MaxAmdLetterDate>08/23/2006</MaxAmdLetterDate>
    <ARRAAmount/>
    <AwardID>0400971</AwardID>
    <Investigator>
      <FirstName>Bette</FirstName>
      <LastName>Loiselle</LastName>
      <EmailAddress>loiselleb@ufl.edu</EmailAddress>
      <StartDate>08/09/2004</StartDate>
      <EndDate>08/23/2006</EndDate>
      <RoleCode>Former Principal Investigator</RoleCode>
    </Investigator>
    <Investigator>
      <FirstName>Kimberly</FirstName>
      <LastName>Holbrook</LastName>
      <EmailAddress>kholbrook@umsl.edu</EmailAddress>
      <StartDate>08/09/2004</StartDate>
      <EndDate/>
      <RoleCode>Co-Principal Investigator</RoleCode>
    </Investigator>
    <Investigator>
      <FirstName>Robert</FirstName>
      <LastName>Ricklefs</LastName>
      <EmailAddress>ricklefs@umsl.edu</EmailAddress>
      <StartDate>08/23/2006</StartDate>
      <EndDate/>
      <RoleCode>Principal Investigator</RoleCode>
    </Investigator>
    <Institution>
      <Name>University of Missouri-Saint Louis</Name>
      <CityName>SAINT LOUIS</CityName>
      <ZipCode>631214400</ZipCode>
      <PhoneNumber>3145165897</PhoneNumber>
      <StreetAddress>ONE UNIVERSITY BLVD</StreetAddress>
      <CountryName>United States</CountryName>
      <StateName>Missouri</StateName>
      <StateCode>MO</StateCode>
    </Institution>
    <FoaInformation>
      <Code>0000099</Code>
      <Name>Other Applications NEC</Name>
    </FoaInformation>
    <ProgramElement>
      <Code>7316</Code>
      <Text>EAPSI</Text>
    </ProgramElement>
    <ProgramReference>
      <Code>5926</Code>
      <Text>LATIN AMERICA, SDC</Text>
    </ProgramReference>
    <ProgramReference>
      <Code>5977</Code>
      <Text>AMERICAS PROGRAM</Text>
    </ProgramReference>
    <ProgramReference>
      <Code>9104</Code>
      <Text>ENVIRONMENTAL BIOTECHNOLOGY</Text>
    </ProgramReference>
    <ProgramReference>
      <Code>BIOT</Code>
      <Text>BIOTECHNOLOGY</Text>
    </ProgramReference>
  </Award>
</rootTag>
