<?xml version="1.0" encoding="UTF-8"?>

<rootTag>
  <Award>
    <AwardTitle>Motives and D-modules</AwardTitle>
    <AwardEffectiveDate>07/01/2004</AwardEffectiveDate>
    <AwardExpirationDate>06/30/2008</AwardExpirationDate>
    <AwardAmount>288476</AwardAmount>
    <AwardInstrument>
      <Value>Continuing grant</Value>
    </AwardInstrument>
    <Organization>
      <Code>03040200</Code>
      <Directorate>
        <LongName>Direct For Mathematical &amp; Physical Scien</LongName>
      </Directorate>
      <Division>
        <LongName>Division Of Mathematical Sciences</LongName>
      </Division>
    </Organization>
    <ProgramOfficer>
      <SignBlockName>Tie Luo</SignBlockName>
    </ProgramOfficer>
    <AbstractNarration>DMS-0400451&lt;br/&gt;Spencer J. Bloch&lt;br/&gt;&lt;br/&gt;The principal focus of this grant will be the period determinant, or global epsilon factor, associated to a linear differential equation on a curve. This global epsilon factor is analogous to the determinant of frobenius acting on cohomology of a sheaf on a curve over a finite field. In both cases, the main result is a product formula expressing the global factor as a product of local epsilon factors depending on the choice of a meromorphic differential form. The investigator will focus on analogies between these two theories. In particular, he will consider whether there exists a Langlands style correspondence between irregular formal connections and suitable automorphic Gauss sum style D-modules on reductive groups over power series fields.&lt;br/&gt;&lt;br/&gt;Many numbers of mathematical interest, for example pi, arise as periods, i.e. suitable integrals of rational functions. Others, for example e, apparently do not. If one permits integrals where the integrand is not necessarily rational but satisfies a linear differential equation with rational coefficients, one is led to a larger collection of periods (including e). The modern theory of motives is a powerful tool for studying periods of the first sort. This grant focuses on what sort of motivic structure one might expect for periods of differential equations. The main questions concern a surprising analogy between these periods and certain numbers called local epsilon factors associated to the study of the arithmetic of polynomial equations mod p.</AbstractNarration>
    <MinAmdLetterDate>05/18/2004</MinAmdLetterDate>
    <MaxAmdLetterDate>08/16/2005</MaxAmdLetterDate>
    <ARRAAmount/>
    <AwardID>0400451</AwardID>
    <Investigator>
      <FirstName>Spencer</FirstName>
      <LastName>Bloch</LastName>
      <EmailAddress>bloch@math.uchicago.edu</EmailAddress>
      <StartDate>05/18/2004</StartDate>
      <EndDate/>
      <RoleCode>Principal Investigator</RoleCode>
    </Investigator>
    <Institution>
      <Name>University of Chicago</Name>
      <CityName>Chicago</CityName>
      <ZipCode>606375418</ZipCode>
      <PhoneNumber>7737028669</PhoneNumber>
      <StreetAddress>5801 South Ellis Avenue</StreetAddress>
      <CountryName>United States</CountryName>
      <StateName>Illinois</StateName>
      <StateCode>IL</StateCode>
    </Institution>
    <FoaInformation>
      <Code>0000099</Code>
      <Name>Other Applications NEC</Name>
    </FoaInformation>
  </Award>
</rootTag>
