<?xml version="1.0" encoding="UTF-8"?>

<rootTag>
  <Award>
    <AwardTitle>Extending Hilbert Space Operators</AwardTitle>
    <AwardEffectiveDate>07/01/2004</AwardEffectiveDate>
    <AwardExpirationDate>06/30/2008</AwardExpirationDate>
    <AwardAmount>262604</AwardAmount>
    <AwardInstrument>
      <Value>Continuing grant</Value>
    </AwardInstrument>
    <Organization>
      <Code>03040100</Code>
      <Directorate>
        <LongName>Direct For Mathematical &amp; Physical Scien</LongName>
      </Directorate>
      <Division>
        <LongName>Division Of Mathematical Sciences</LongName>
      </Division>
    </Organization>
    <ProgramOfficer>
      <SignBlockName>Joe W. Jenkins</SignBlockName>
    </ProgramOfficer>
    <AbstractNarration>ABSTRACT&lt;br/&gt;Agler&lt;br/&gt;After the spectral theorem it is difficult to think of a theorem that has had a more profound effect on the development of operator theory and its myriads of applications to mathematics and science than the Sz.-Nagy Dilation Theorem. The idea of representing a general operator in a specialized class of operators as a part of a nice operator in the class has had many successes and we seek to develop this point of view with a primary focus on applications to problems in the theory of functions in one and several complex variables. A particular group of problems that we propose to attack involves the generalizations to several complex variables of some of the classical moment and interpolation problems on the unit disc such as the interpolation theorem of Nevanlinna and Pick and the moment theorems of Caratheodory and Herglotz. Another focus of our project will be the use of operator-theoretic methods to study function theory on analytic varieties. Research intrinsic to operator theory that we will undertake includes issues involving model theory in one variable on nonsimply connected domains in the plane and in several variables on domains other than the bidisc. This will include the continuation of our work on the symmetrized bidisc with a particular focus on applications to complex geometry and the mu-synthesis problem.&lt;br/&gt;Operator Theory, the particular type of mathematics that we are proposing to develop, has direct and concrete benefits for a number of areas of human endeavor. For example, the model theory aspects of our proposal all involve the generalization of the Commutant Lifting Structure which leads to an efficient algorithm for the discovery of oil from acoustical data taken on the surface of the earth. Other aspects would enrich the theory of Linear Matrix Inequalities. LMI 's, which currently are all the rage in several areas of engineering, are an extension of linear programming, a mathematics which has made possible not only the optimization of large scale resource allocation but the accurate prediction of economic markets as well. Finally, the particular branch of function theory we propose to study, forms the mathematical core of the H-infinity control theory, which has been used to design control systems for fusion reactions inside Tokamaks and feedback stabilization systems for the space shuttle.</AbstractNarration>
    <MinAmdLetterDate>04/19/2004</MinAmdLetterDate>
    <MaxAmdLetterDate>07/25/2006</MaxAmdLetterDate>
    <ARRAAmount/>
    <AwardID>0400826</AwardID>
    <Investigator>
      <FirstName>Jim</FirstName>
      <LastName>Agler</LastName>
      <EmailAddress>jagler@math.ucsd.edu</EmailAddress>
      <StartDate>04/19/2004</StartDate>
      <EndDate/>
      <RoleCode>Principal Investigator</RoleCode>
    </Investigator>
    <Institution>
      <Name>University of California-San Diego</Name>
      <CityName>La Jolla</CityName>
      <ZipCode>920930934</ZipCode>
      <PhoneNumber>8585344896</PhoneNumber>
      <StreetAddress>Office of Contract &amp; Grant Admin</StreetAddress>
      <CountryName>United States</CountryName>
      <StateName>California</StateName>
      <StateCode>CA</StateCode>
    </Institution>
    <FoaInformation>
      <Code>0000099</Code>
      <Name>Other Applications NEC</Name>
    </FoaInformation>
    <ProgramElement>
      <Code>1281</Code>
      <Text>ANALYSIS PROGRAM</Text>
    </ProgramElement>
    <ProgramReference>
      <Code>0000</Code>
      <Text>UNASSIGNED</Text>
    </ProgramReference>
    <ProgramReference>
      <Code>OTHR</Code>
      <Text>OTHER RESEARCH OR EDUCATION</Text>
    </ProgramReference>
  </Award>
</rootTag>
