<?xml version="1.0" encoding="UTF-8"?>

<rootTag>
  <Award>
    <AwardTitle>SGER: Cost Effective Retrofit for Blast Mitigation</AwardTitle>
    <AwardEffectiveDate>04/01/2004</AwardEffectiveDate>
    <AwardExpirationDate>04/30/2005</AwardExpirationDate>
    <AwardAmount>64914</AwardAmount>
    <AwardInstrument>
      <Value>Standard Grant</Value>
    </AwardInstrument>
    <Organization>
      <Code>07030000</Code>
      <Directorate>
        <LongName>Directorate For Engineering</LongName>
      </Directorate>
      <Division>
        <LongName>Div Of Civil, Mechanical, &amp; Manufact Inn</LongName>
      </Division>
    </Organization>
    <ProgramOfficer>
      <SignBlockName>Jorn Larsen-Basse</SignBlockName>
    </ProgramOfficer>
    <AbstractNarration>Abstract&lt;br/&gt;The proposed research will investigate the feasibility of using Wire Mesh&lt;br/&gt;Reinforced Inorganic Matrix (WMRIM) as blast-resistant retrofits for unreinforced&lt;br/&gt;masonry walls. The proposed work is part of full-scale blast tests based on&lt;br/&gt;Glass Fiber Reinforced Polymer (GFRP) retrofits. Through full-scale blast testing, we&lt;br/&gt;will experimentally validate a methodology for designing WMRIM retrofits as a cost-&lt;br/&gt;effective solution to blast resistant retrofits. The results of this research will enable&lt;br/&gt;retrofit techniques to be designed based on simple static tests on structural&lt;br/&gt;components rather than more expensive blast tests on full-scale structures.&lt;br/&gt;The hypothesis of the research is that the initial blast wave causes significant&lt;br/&gt;damage to masonry walls. This phenomenon and the subsequent stiffening of the wall due to arch action need to be characterized to adequately model blast effect on&lt;br/&gt;structures. The key elements of this research are:&lt;br/&gt;i) Wire-mesh Reinforced Inorganic Matrix (WMRIM&lt;br/&gt;ii) Static Flexure Tests and&lt;br/&gt;iii) Blast Pressure Response Model&lt;br/&gt;Broader Impact&lt;br/&gt;Approximately 40% of the budget will leverage planned full-scale blast tests by&lt;br/&gt;EMRTC to obtain test data for our WMRP retrofits. Over 70% of the remaining&lt;br/&gt;budget for this research will directly support graduate student training. The University&lt;br/&gt;of New Mexico is a minority institution (Hispanic and American Indian). The PI has&lt;br/&gt;always had a significant ( 40%) number of minority graduate students in his research&lt;br/&gt;program. The full-scale explosive test facilities are located in Socorro, 1 hour drive&lt;br/&gt;from the University of New Mexico campus. This synergy couldallow the university to build a strong reputation in the design and testing of hardened&lt;br/&gt;(blast-resistant) structures and provide needed information for blast resistant design.</AbstractNarration>
    <MinAmdLetterDate>03/22/2004</MinAmdLetterDate>
    <MaxAmdLetterDate>01/21/2005</MaxAmdLetterDate>
    <ARRAAmount/>
    <AwardID>0400445</AwardID>
    <Investigator>
      <FirstName>Arup</FirstName>
      <LastName>Maji</LastName>
      <EmailAddress>amaji@unm.edu</EmailAddress>
      <StartDate>03/22/2004</StartDate>
      <EndDate/>
      <RoleCode>Principal Investigator</RoleCode>
    </Investigator>
    <Institution>
      <Name>University of New Mexico</Name>
      <CityName>Albuquerque</CityName>
      <ZipCode>871310001</ZipCode>
      <PhoneNumber>5052774186</PhoneNumber>
      <StreetAddress>1700 Lomas Blvd. NE, Suite 2200</StreetAddress>
      <CountryName>United States</CountryName>
      <StateName>New Mexico</StateName>
      <StateCode>NM</StateCode>
    </Institution>
    <ProgramElement>
      <Code>1635</Code>
      <Text>STRUCTURAL MATERIALS AND MECH</Text>
    </ProgramElement>
    <ProgramReference>
      <Code>1057</Code>
      <Text>CIS BASE RESEARCH</Text>
    </ProgramReference>
    <ProgramReference>
      <Code>9237</Code>
      <Text>SMALL GRANTS-EXPLORATORY RSRCH</Text>
    </ProgramReference>
    <ProgramReference>
      <Code>CVIS</Code>
      <Text>CIVIL INFRASTRUCTURE</Text>
    </ProgramReference>
  </Award>
</rootTag>
