<?xml version="1.0" encoding="UTF-8"?>

<rootTag>
  <Award>
    <AwardTitle>Postdoctoral Research Fellowship in Microbial Biology for FY 2004</AwardTitle>
    <AwardEffectiveDate>07/01/2004</AwardEffectiveDate>
    <AwardExpirationDate>12/31/2006</AwardExpirationDate>
    <AwardAmount>100000</AwardAmount>
    <AwardInstrument>
      <Value>Fellowship</Value>
    </AwardInstrument>
    <Organization>
      <Code>08080308</Code>
      <Directorate>
        <LongName>Direct For Biological Sciences</LongName>
      </Directorate>
      <Division>
        <LongName>Div Of Biological Infrastructure</LongName>
      </Division>
    </Organization>
    <ProgramOfficer>
      <SignBlockName>Carter Kimsey</SignBlockName>
    </ProgramOfficer>
    <AbstractNarration>This action funds an NSF Postdoctoral Fellowship in Microbial biology for FY2004. The fellowship supports training and research on the basic biology of protozoan, microalgal, fungal, archaeal, bacterial and viral species that are not generally considered to be model organisms. Further, it provides opportunities for recent doctoral recipients to obtain additional training in microbial biology, to gain research experience under the sponsorship of established scientists, and to broaden their scientific horizons beyond the research experiences during the undergraduate and graduate training. These fellowships are further designed to assist new scientists to direct their research efforts across traditional disciplinary lines and to avail themselves of unique research resources, sites, and facilities, including foreign locations.&lt;br/&gt;&lt;br/&gt;The research and training plan is entitled "How microbial community diversity affects carbon cycling in Brazilian Terra Preta Dark Earth soils." The research objective is to understand how soil microorganisms affect carbon sequestration and mineralization in anthropogenic Terra Preta soils in the humid tropics of Brazil. FISH, T-RFLP, and PLFA analysis are being used to assess Terra Preta soil microbial abundance and diversity, while Stable Isotope Probing is being used to investigate carbon fate in microcosms containing isotopically-labeled plant material.</AbstractNarration>
    <MinAmdLetterDate>04/12/2004</MinAmdLetterDate>
    <MaxAmdLetterDate>10/16/2006</MaxAmdLetterDate>
    <ARRAAmount/>
    <AwardID>0400828</AwardID>
    <Investigator>
      <FirstName>Julie</FirstName>
      <LastName>Grossman</LastName>
      <EmailAddress/>
      <StartDate>04/12/2004</StartDate>
      <EndDate/>
      <RoleCode>Principal Investigator</RoleCode>
    </Investigator>
    <Institution>
      <Name>Grossman Julie M</Name>
      <CityName>Ithaca</CityName>
      <ZipCode>148532801</ZipCode>
      <PhoneNumber></PhoneNumber>
      <StreetAddress></StreetAddress>
      <CountryName>United States</CountryName>
      <StateName>New York</StateName>
      <StateCode>NY</StateCode>
    </Institution>
  </Award>
</rootTag>
