<?xml version="1.0" encoding="UTF-8"?>

<rootTag>
  <Award>
    <AwardTitle>Commutative Algebraic Methods in Operator Theory</AwardTitle>
    <AwardEffectiveDate>06/01/2004</AwardEffectiveDate>
    <AwardExpirationDate>01/31/2006</AwardExpirationDate>
    <AwardAmount>62187</AwardAmount>
    <AwardInstrument>
      <Value>Standard Grant</Value>
    </AwardInstrument>
    <Organization>
      <Code>03040100</Code>
      <Directorate>
        <LongName>Direct For Mathematical &amp; Physical Scien</LongName>
      </Directorate>
      <Division>
        <LongName>Division Of Mathematical Sciences</LongName>
      </Division>
    </Organization>
    <ProgramOfficer>
      <SignBlockName>John B. Conway</SignBlockName>
    </ProgramOfficer>
    <AbstractNarration>The project aims at developing a Fredholm theory encompassing both a single operator and a tuple of commuting operators acting on a common Hilbert space. The Koszul complex approach will be emphasized in order to introduce ideas and methods in commutative algebra to operator theory. The strategy is to introduce stabilized invariants such as the Samuel multiplicities into operator theory to calculate the multivariable Fredholm index. This has many connections with existing topics such as the codimension of invariant subspaces of the Bergman space and the Dirichlet space, Toeplitz operators on the Hardy space, Arveson's curvature invariant on the symmetric Fock space, function theory on Hardy spaces over higher dimensional domains, Apostol's triangular representation.&lt;br/&gt;&lt;br/&gt;&lt;br/&gt;The Fredholm index of a linear operator is one of the most intensely studied numerical invariants in mathematics. The content of the celebrated Atiyah-Singer Index Theorem, one of the deepest results in mathematics, is on how to calculate the Fredholm index of a special class of operators. This project will focus on developing a multivariable version of the traditional one variable Fredholm theory. This allows one to introduce ideas from commutative algebra, a seemingly distant area in mathematics, into multivariable operator theory, which in turn shed new light on traditional problems in one variable operator theory.</AbstractNarration>
    <MinAmdLetterDate>04/29/2004</MinAmdLetterDate>
    <MaxAmdLetterDate>04/29/2004</MaxAmdLetterDate>
    <ARRAAmount/>
    <AwardID>0400509</AwardID>
    <Investigator>
      <FirstName>Xiang</FirstName>
      <LastName>Fang</LastName>
      <EmailAddress>xfang@math.ksu.edu</EmailAddress>
      <StartDate>04/29/2004</StartDate>
      <EndDate/>
      <RoleCode>Principal Investigator</RoleCode>
    </Investigator>
    <Institution>
      <Name>University of Alabama Tuscaloosa</Name>
      <CityName>Tuscaloosa</CityName>
      <ZipCode>354870005</ZipCode>
      <PhoneNumber>2053485152</PhoneNumber>
      <StreetAddress>801 University Blvd.</StreetAddress>
      <CountryName>United States</CountryName>
      <StateName>Alabama</StateName>
      <StateCode>AL</StateCode>
    </Institution>
    <FoaInformation>
      <Code>0000099</Code>
      <Name>Other Applications NEC</Name>
    </FoaInformation>
    <ProgramElement>
      <Code>1281</Code>
      <Text>ANALYSIS PROGRAM</Text>
    </ProgramElement>
    <ProgramElement>
      <Code>9150</Code>
      <Text>EXP PROG TO STIM COMP RES</Text>
    </ProgramElement>
    <ProgramReference>
      <Code>0000</Code>
      <Text>UNASSIGNED</Text>
    </ProgramReference>
    <ProgramReference>
      <Code>9150</Code>
      <Text>EXP PROG TO STIM COMP RES</Text>
    </ProgramReference>
    <ProgramReference>
      <Code>OTHR</Code>
      <Text>OTHER RESEARCH OR EDUCATION</Text>
    </ProgramReference>
  </Award>
</rootTag>
