<?xml version="1.0" encoding="UTF-8"?>

<rootTag>
  <Award>
    <AwardTitle>A Plant Growth Facility for Enhancing Interdisciplinary Plant Science Research and Training at Virginia Tech</AwardTitle>
    <AwardEffectiveDate>09/01/2004</AwardEffectiveDate>
    <AwardExpirationDate>08/31/2008</AwardExpirationDate>
    <AwardAmount>285142</AwardAmount>
    <AwardInstrument>
      <Value>Standard Grant</Value>
    </AwardInstrument>
    <Organization>
      <Code>08080101</Code>
      <Directorate>
        <LongName>Direct For Biological Sciences</LongName>
      </Directorate>
      <Division>
        <LongName>Div Of Biological Infrastructure</LongName>
      </Division>
    </Organization>
    <ProgramOfficer>
      <SignBlockName>Nily R. Dan</SignBlockName>
    </ProgramOfficer>
    <AbstractNarration>This award provides partial support for acquisition of 6 plant growth bays (walk-in growth chambers) and three reach-in growth chambers that will benefit ten plant science research groups. An existing bay is limited in capacity and in the quality of its environmental controls. Existing reach-in chambers are outdated and unreliable. This new plant growth facility will allow up to 6 simultaneous research projects to be independently conducted in the separate walk-in bays. A long-term management plan for the new facility has been developed, including a protocol for allocating space among researchers. Research on topics including plant-animal interactions, root foraging behavior, evolution of adaptive traits, cross-talk in the flavonoid biosynthesis pathway, and signaling processes in plant-pathogen interactions will be enabled. Moreover, the additional growth chamber space will improve the ability for research on phenotypic plasticity of adaptive traits. The new growth facilities will lift a severe constraint on the research productivity of plant scientists in the Biology Department and foster interdisciplinary research with faculty of the Virginia Bioinformatics Institute. The modernization of the plant growth facility will also enrich the education and training of students by providing increased research potential and experience with modern equipment. Increased space for our teaching collection will improve our plant-based classes and facilitate outreach activities with the broader community.</AbstractNarration>
    <MinAmdLetterDate>08/12/2004</MinAmdLetterDate>
    <MaxAmdLetterDate>09/13/2007</MaxAmdLetterDate>
    <ARRAAmount/>
    <AwardID>0400684</AwardID>
    <Investigator>
      <FirstName>Erik</FirstName>
      <LastName>Nilsen</LastName>
      <EmailAddress>enilsen@vt.edu</EmailAddress>
      <StartDate>08/12/2004</StartDate>
      <EndDate/>
      <RoleCode>Principal Investigator</RoleCode>
    </Investigator>
    <Investigator>
      <FirstName>Robert</FirstName>
      <LastName>Jones</LastName>
      <EmailAddress>rhjones@vt.edu</EmailAddress>
      <StartDate>08/12/2004</StartDate>
      <EndDate/>
      <RoleCode>Co-Principal Investigator</RoleCode>
    </Investigator>
    <Investigator>
      <FirstName>Lynn</FirstName>
      <LastName>Adler</LastName>
      <EmailAddress>lsadler@ent.umass.edu</EmailAddress>
      <StartDate>08/12/2004</StartDate>
      <EndDate/>
      <RoleCode>Co-Principal Investigator</RoleCode>
    </Investigator>
    <Institution>
      <Name>Virginia Polytechnic Institute and State University</Name>
      <CityName>BLACKSBURG</CityName>
      <ZipCode>240610001</ZipCode>
      <PhoneNumber>5402315281</PhoneNumber>
      <StreetAddress>Sponsored Programs 0170</StreetAddress>
      <CountryName>United States</CountryName>
      <StateName>Virginia</StateName>
      <StateCode>VA</StateCode>
    </Institution>
    <ProgramElement>
      <Code>1108</Code>
      <Text>INSTRUMENTAT &amp; INSTRUMENT DEVP</Text>
    </ProgramElement>
    <ProgramElement>
      <Code>7226</Code>
      <Text>HUMAN RESOURCES</Text>
    </ProgramElement>
    <ProgramReference>
      <Code>9184</Code>
      <Text>BIOTECHNOLOGY - INFRASTRUCTURE</Text>
    </ProgramReference>
    <ProgramReference>
      <Code>9251</Code>
      <Text>RES EXPER FOR UNDERGRAD-SUPPLT</Text>
    </ProgramReference>
    <ProgramReference>
      <Code>BIOT</Code>
      <Text>BIOTECHNOLOGY</Text>
    </ProgramReference>
  </Award>
</rootTag>
