<?xml version="1.0" encoding="UTF-8"?>

<rootTag>
  <Award>
    <AwardTitle>Monolithic Shape Memory Alloy Based Micro/Meso Manipulator</AwardTitle>
    <AwardEffectiveDate>03/01/2004</AwardEffectiveDate>
    <AwardExpirationDate>02/29/2008</AwardExpirationDate>
    <AwardAmount>345659</AwardAmount>
    <AwardInstrument>
      <Value>Standard Grant</Value>
    </AwardInstrument>
    <Organization>
      <Code>07030000</Code>
      <Directorate>
        <LongName>Directorate For Engineering</LongName>
      </Directorate>
      <Division>
        <LongName>Div Of Civil, Mechanical, &amp; Manufact Inn</LongName>
      </Division>
    </Organization>
    <ProgramOfficer>
      <SignBlockName>George A. Hazelrigg</SignBlockName>
    </ProgramOfficer>
    <AbstractNarration>The research objective of this grant is to develop a monolithic, fist-sized, device for the three-dimensional manipulation of micro/meso-scale objects, ranging in size from several microns to several millimeters. The device will be built of a shape memory alloy whose salient feature is to remember its state. The idea is to integrate structural, actuation and sensing functions into a single/monolithic component that will provide for high reliability, accuracy and robustness at a low cost. The manipulator will be built by a novel Selective Laser Sintering process by which shape memory alloy powder is molted by the laser and deposited under computer control in the required shapes. A comprehensive investigation of the physical and mechanical properties of the manipulator, in conjunction with models of the shape memory effects taking place during its operation, will also be undertaken. Several generations of prototype manipulators will be built and tested. &lt;br/&gt;&lt;br/&gt;The direct benefits of this project are threefold. An inexpensive pragmatic device that will enhance the efficiency of micro-assembly type of operations and contribute to the realization of tabletop factories of the future for micro manufacturing will be built. A better understanding of the manufacturability and operation of shape memory alloy based devices will add to the knowledge base. The findings will be incorporated into ongoing courses and disseminated through journal articles, seminars, reports, short courses, Internet, etc. contributing to education in micro-manufacturing technologies.</AbstractNarration>
    <MinAmdLetterDate>03/01/2004</MinAmdLetterDate>
    <MaxAmdLetterDate>03/01/2004</MaxAmdLetterDate>
    <ARRAAmount/>
    <AwardID>0400316</AwardID>
    <Investigator>
      <FirstName>Kornel</FirstName>
      <LastName>Ehmann</LastName>
      <EmailAddress>k-ehmann@northwestern.edu</EmailAddress>
      <StartDate>03/01/2004</StartDate>
      <EndDate/>
      <RoleCode>Principal Investigator</RoleCode>
    </Investigator>
    <Institution>
      <Name>Northwestern University</Name>
      <CityName>Evanston</CityName>
      <ZipCode>602013149</ZipCode>
      <PhoneNumber>8474913003</PhoneNumber>
      <StreetAddress>1801 Maple Ave.</StreetAddress>
      <CountryName>United States</CountryName>
      <StateName>Illinois</StateName>
      <StateCode>IL</StateCode>
    </Institution>
    <FoaInformation>
      <Code>0308000</Code>
      <Name>Industrial Technology</Name>
    </FoaInformation>
    <ProgramElement>
      <Code>1468</Code>
      <Text>Manufacturing Machines &amp; Equip</Text>
    </ProgramElement>
    <ProgramReference>
      <Code>9146</Code>
      <Text>MANUFACTURING BASE RESEARCH</Text>
    </ProgramReference>
    <ProgramReference>
      <Code>MANU</Code>
      <Text>MANUFACTURING</Text>
    </ProgramReference>
  </Award>
</rootTag>
