<?xml version="1.0" encoding="UTF-8"?>

<rootTag>
  <Award>
    <AwardTitle>Student and Young Faculty Support to Attend the 34th Semiconductor Interface Specialists Conference; Arlington, VA; December 4-6, 2003</AwardTitle>
    <AwardEffectiveDate>08/22/2003</AwardEffectiveDate>
    <AwardExpirationDate>08/31/2004</AwardExpirationDate>
    <AwardAmount>5000</AwardAmount>
    <AwardInstrument>
      <Value>Standard Grant</Value>
    </AwardInstrument>
    <Organization>
      <Code>03070004</Code>
      <Directorate>
        <LongName>Direct For Mathematical &amp; Physical Scien</LongName>
      </Directorate>
      <Division>
        <LongName>Division Of Materials Research</LongName>
      </Division>
    </Organization>
    <ProgramOfficer>
      <SignBlockName>LaVerne D. Hess</SignBlockName>
    </ProgramOfficer>
    <AbstractNarration>A conference on semiconductor/insulator interfaces, and the interaction between materials science, device physics, and technology will be held December 4-6, 2003 in Arlington, VA. The conference is interdisciplinary, and will cover many areas of MOS science and technology, including: alternative and high-k gate dielectric materials; physics of thin dielectrics and their interfaces; gate-dielectric conduction and breakdown; silicon carbide and its interfaces; physical and electrical characterization of si/sio2 interfaces; micro-roughness measurement, modeling, and device-related effects; hot carrier, plasma damage and radiation effects; nitrogen-containing oxides and stacked interfaces; surface cleaning technology and effects on dielectrics and interfaces; novel oxidation, deposition, and etching techniques; and theory of oxide and interface defects.&lt;br/&gt;An important goal of the conference is to provide an environment that encourages interplay between scientific and technological issues. The program is organized as a workshop-style conference to provide a forum for device engineers, solid state physicists, and materials scientists to discuss topics of common interest both formally through invited and contributed presentations, and informally during a variety of events including a poster presentation session. Objectives are to stimulate communications among the broad community of researchers addressing semiconductor/insulator interfaces and their relationship to technology. A variety of disciplinary backgrounds-chemistry, physics, engineering and materials science, is represented and contrributes positively to the intellectual content of the Conference. Along with the opportunity to assess the field and future directions, it is expected that new ties will be established between universities, research institutions, and industry.&lt;br/&gt;%%%&lt;br/&gt;An evaluation of the progress and status of semiconductor/insulator interfaces and related device issues along with current assessments of the most important developments will be of significant value to the understanding and enhanced utilization of electronic materials in computing, data processing, and communications. &lt;br/&gt;***</AbstractNarration>
    <MinAmdLetterDate>10/31/2003</MinAmdLetterDate>
    <MaxAmdLetterDate>10/31/2003</MaxAmdLetterDate>
    <ARRAAmount/>
    <AwardID>0400581</AwardID>
    <Investigator>
      <FirstName>Robert</FirstName>
      <LastName>Wallace</LastName>
      <EmailAddress>rmwallace@utdallas.edu</EmailAddress>
      <StartDate>10/31/2003</StartDate>
      <EndDate/>
      <RoleCode>Principal Investigator</RoleCode>
    </Investigator>
    <Institution>
      <Name>University of Texas at Dallas</Name>
      <CityName>Richardson</CityName>
      <ZipCode>750803021</ZipCode>
      <PhoneNumber>9728832313</PhoneNumber>
      <StreetAddress>800 W. Campbell Rd., AD15</StreetAddress>
      <CountryName>United States</CountryName>
      <StateName>Texas</StateName>
      <StateCode>TX</StateCode>
    </Institution>
    <FoaInformation>
      <Code>0106000</Code>
      <Name>Materials Research</Name>
    </FoaInformation>
    <ProgramElement>
      <Code>1775</Code>
      <Text>ELECTRONIC/PHOTONIC MATERIALS</Text>
    </ProgramElement>
    <ProgramReference>
      <Code/>
      <Text/>
    </ProgramReference>
    <ProgramReference>
      <Code>9161</Code>
      <Text>SINGLE DIVISION/UNIVERSITY</Text>
    </ProgramReference>
    <ProgramReference>
      <Code>AMPP</Code>
      <Text>ADVANCED MATERIALS &amp; PROCESSING PROGRAM</Text>
    </ProgramReference>
  </Award>
</rootTag>
