<?xml version="1.0" encoding="UTF-8"?>

<rootTag>
  <Award>
    <AwardTitle>Postdoctoral Research Fellowship in Microbial Biology for FY 2004</AwardTitle>
    <AwardEffectiveDate>09/01/2004</AwardEffectiveDate>
    <AwardExpirationDate>08/31/2006</AwardExpirationDate>
    <AwardAmount>100000</AwardAmount>
    <AwardInstrument>
      <Value>Fellowship</Value>
    </AwardInstrument>
    <Organization>
      <Code>08080308</Code>
      <Directorate>
        <LongName>Direct For Biological Sciences</LongName>
      </Directorate>
      <Division>
        <LongName>Div Of Biological Infrastructure</LongName>
      </Division>
    </Organization>
    <ProgramOfficer>
      <SignBlockName>Carter Kimsey</SignBlockName>
    </ProgramOfficer>
    <AbstractNarration>This action funds an NSF Postdoctoral Fellowship in Microbial biology for FY2004. The fellowship supports training and research on the basic biology of protozoan, microalgal, fungal, archaeal, bacterial and viral species that are not generally considered to be model organisms. Further, it provides opportunities for recent doctoral recipients to obtain additional training in microbial biology, to gain research experience under the sponsorship of established scientists, and to broaden their scientific horizons beyond the research experiences during the undergraduate and graduate training. These fellowships are further designed to assist new scientists to direct their research efforts across traditional disciplinary lines and to avail themselves of unique research resources, sites, and facilities, including foreign locations.&lt;br/&gt;&lt;br/&gt;The research and training plan is entitled "Beneficial root-associated fungi in the maintenance and regeneration of a tropical oak forest in northwest Costa Rica." Ectomycorrhizal (EM) fungi are beneficial plant-associated fungi that are common in nature but relatively rare in tropical forests. When they do occur in the tropics, EM fungi are often associated with dominant plant species. The purpose of this study is to determine the role the EM fungal community plays in maintaining a Costa Rican oak forest dominated by the species Quercus oleoides. Direct sequencing is used to identify and classify the EM fungal species.</AbstractNarration>
    <MinAmdLetterDate>04/08/2004</MinAmdLetterDate>
    <MaxAmdLetterDate>04/08/2004</MaxAmdLetterDate>
    <ARRAAmount/>
    <AwardID>0400833</AwardID>
    <Investigator>
      <FirstName>Jeffrey</FirstName>
      <LastName>Klemens</LastName>
      <EmailAddress/>
      <StartDate>04/08/2004</StartDate>
      <EndDate/>
      <RoleCode>Principal Investigator</RoleCode>
    </Investigator>
    <Institution>
      <Name>Klemens Jeffrey A</Name>
      <CityName>Philadelphia</CityName>
      <ZipCode>191046018</ZipCode>
      <PhoneNumber></PhoneNumber>
      <StreetAddress></StreetAddress>
      <CountryName>United States</CountryName>
      <StateName>Pennsylvania</StateName>
      <StateCode>PA</StateCode>
    </Institution>
  </Award>
</rootTag>
