<?xml version="1.0" encoding="UTF-8"?>

<rootTag>
  <Award>
    <AwardTitle>Postdoctoral Research Fellowship in Microbial Biology for FY 2004</AwardTitle>
    <AwardEffectiveDate>01/01/2005</AwardEffectiveDate>
    <AwardExpirationDate>12/31/2007</AwardExpirationDate>
    <AwardAmount>100000</AwardAmount>
    <AwardInstrument>
      <Value>Fellowship</Value>
    </AwardInstrument>
    <Organization>
      <Code>08080308</Code>
      <Directorate>
        <LongName>Direct For Biological Sciences</LongName>
      </Directorate>
      <Division>
        <LongName>Div Of Biological Infrastructure</LongName>
      </Division>
    </Organization>
    <ProgramOfficer>
      <SignBlockName>Carter Kimsey</SignBlockName>
    </ProgramOfficer>
    <AbstractNarration>This action funds an NSF Postdoctoral Fellowship in Microbial biology for FY2004. The fellowship supports training and research on the basic biology of protozoan, microalgal, fungal, archaeal, bacterial and viral species that are not generally considered to be model organisms. Further, it provides opportunities for recent doctoral recipients to obtain additional training in microbial biology, to gain research experience under the sponsorship of established scientists, and to broaden their scientific horizons beyond the research experiences during the undergraduate and graduate training. These fellowships are further designed to assist new scientists to direct their research efforts across traditional disciplinary lines and to avail themselves of unique research resources, sites, and facilities, including foreign locations.&lt;br/&gt;&lt;br/&gt;The research and training plan is entitled "The effect of environment on microbial diversity." Diversity is a fundamental property of microbial populations and important to understanding their ecological role. This research involves modeling spatial and temporal patterns of microbial diversity to understand what shapes this diversity. In particular, it investigates the effect of living in different types of habitats on the diversity and genetic structure of microbial populations by studying the scaling properties of genealogical trees of populations and the dynamic behavior of these trees, using both analytic results and dynamic simulations, and comparing these results with experimental sequence data in Burkholderia cepacia, a widespread bacterium which is found in many different ecological niches and is also economically and epidemiologically important.</AbstractNarration>
    <MinAmdLetterDate>07/26/2004</MinAmdLetterDate>
    <MaxAmdLetterDate>03/29/2005</MaxAmdLetterDate>
    <ARRAAmount/>
    <AwardID>0400853</AwardID>
    <Investigator>
      <FirstName>Erik</FirstName>
      <LastName>Rauch</LastName>
      <EmailAddress/>
      <StartDate>07/26/2004</StartDate>
      <EndDate/>
      <RoleCode>Principal Investigator</RoleCode>
    </Investigator>
    <Institution>
      <Name>Rauch Erik M</Name>
      <CityName>Charlestown</CityName>
      <ZipCode>021290000</ZipCode>
      <PhoneNumber></PhoneNumber>
      <StreetAddress></StreetAddress>
      <CountryName>United States</CountryName>
      <StateName>Massachusetts</StateName>
      <StateCode>MA</StateCode>
    </Institution>
  </Award>
</rootTag>
