<?xml version="1.0" encoding="UTF-8"?>

<rootTag>
  <Award>
    <AwardTitle>Characterizing Neuropeptides with Chiral Modifications</AwardTitle>
    <AwardEffectiveDate>08/15/2004</AwardEffectiveDate>
    <AwardExpirationDate>07/31/2009</AwardExpirationDate>
    <AwardAmount>590000</AwardAmount>
    <AwardInstrument>
      <Value>Continuing grant</Value>
    </AwardInstrument>
    <Organization>
      <Code>03090006</Code>
      <Directorate>
        <LongName>Direct For Mathematical &amp; Physical Scien</LongName>
      </Directorate>
      <Division>
        <LongName>Division Of Chemistry</LongName>
      </Division>
    </Organization>
    <ProgramOfficer>
      <SignBlockName>Kelsey D. Cook</SignBlockName>
    </ProgramOfficer>
    <AbstractNarration>Professor Jonathan Sweedler of the U of Ill Urbana-Champaign is supported by the Analytical and Surface Chemistry Program to analyze a chiral post-translational modification in neuropeptides, namely, an L to D isomerization thought to activate the peptide biologically. The biological system under study is the single neuron of Aplysia californica. There are three proposed approaches: instrumental, enzymatic and immunological. In the first, chiral separation methods will be used to try to resolve diastereomeric peptides that differ by D/L isomerization of one of the amino acids. Secondly, N-terminal peptidases that cleave only L-amino acids will be used followed by analysis of fragments by matrix-assisted laser desorption ionization mass spectrometry (MALDI). A third approach is to attempt to grow antibodies to peptides containing D-amino acids. The goal is to discover new D-amino acid containing peptides that function neurologically. Students in this laboratory are trained in analytical chemistry and neurobiology. &lt;br/&gt;&lt;br/&gt;Signaling in the brain and nervous system is accomplished to a large extent by a vast number of peptides, many as yet undiscovered. The well studied Aplysia snail system gives researchers one model system that a great deal is already known about. Success of this project will allow a better understanding of peptides in neurochemistry, as well as in neurological diseases such as Alzheimer's, and will also contribute to advances in analytical methods for other questions in biology and pharmacy.</AbstractNarration>
    <MinAmdLetterDate>08/20/2004</MinAmdLetterDate>
    <MaxAmdLetterDate>04/14/2006</MaxAmdLetterDate>
    <ARRAAmount/>
    <AwardID>0400768</AwardID>
    <Investigator>
      <FirstName>Jonathan</FirstName>
      <LastName>Sweedler</LastName>
      <EmailAddress>jsweedle@illinois.edu</EmailAddress>
      <StartDate>08/20/2004</StartDate>
      <EndDate/>
      <RoleCode>Principal Investigator</RoleCode>
    </Investigator>
    <Institution>
      <Name>University of Illinois at Urbana-Champaign</Name>
      <CityName>CHAMPAIGN</CityName>
      <ZipCode>618207473</ZipCode>
      <PhoneNumber>2173332187</PhoneNumber>
      <StreetAddress>SUITE A</StreetAddress>
      <CountryName>United States</CountryName>
      <StateName>Illinois</StateName>
      <StateCode>IL</StateCode>
    </Institution>
    <ProgramElement>
      <Code>1974</Code>
      <Text>ANALYTICAL SEPARATIONS &amp; MEAS.</Text>
    </ProgramElement>
    <ProgramReference>
      <Code>0000</Code>
      <Text>UNASSIGNED</Text>
    </ProgramReference>
    <ProgramReference>
      <Code>OTHR</Code>
      <Text>OTHER RESEARCH OR EDUCATION</Text>
    </ProgramReference>
  </Award>
</rootTag>
