<?xml version="1.0" encoding="UTF-8"?>

<rootTag>
  <Award>
    <AwardTitle>Fourier Analysis Techniques and Applications</AwardTitle>
    <AwardEffectiveDate>06/01/2004</AwardEffectiveDate>
    <AwardExpirationDate>05/31/2008</AwardExpirationDate>
    <AwardAmount>140000</AwardAmount>
    <AwardInstrument>
      <Value>Standard Grant</Value>
    </AwardInstrument>
    <Organization>
      <Code>03040200</Code>
      <Directorate>
        <LongName>Direct For Mathematical &amp; Physical Scien</LongName>
      </Directorate>
      <Division>
        <LongName>Division Of Mathematical Sciences</LongName>
      </Division>
    </Organization>
    <ProgramOfficer>
      <SignBlockName>Joe W. Jenkins</SignBlockName>
    </ProgramOfficer>
    <AbstractNarration>DMS 0400423&lt;br/&gt;R Torres&lt;br/&gt;University of Kansas&lt;br/&gt;Fourier Analysis Techniques and Applications&lt;br/&gt;&lt;br/&gt;ABSTRACT&lt;br/&gt;&lt;br/&gt;This proposal is devoted to investigations in the analysis of operators associated to singular integrals, product-like operations, function &lt;br/&gt;spaces and approximations, estimates for commutators and null forms, &lt;br/&gt;and other related problems. The main tools to be used are decomposition &lt;br/&gt;techniques related to time-frequency expansions. Singular multilinear &lt;br/&gt;pseudodifferential operators will be studied together with their &lt;br/&gt;application to nonlinear analysis, estimates in Sobolev spaces, and &lt;br/&gt;partial differential equations. Another part of the project is &lt;br/&gt;concerned with the mathematical modeling of transformations of &lt;br/&gt;quasi-ordered geometries as measured by their Fourier spectra. This is &lt;br/&gt;motivated by ongoing research in biology in the analysis of the &lt;br/&gt;scattering of light by nanostructures in the tissues of living &lt;br/&gt;organisms.&lt;br/&gt;&lt;br/&gt;A common task in both theoretical and applied problems is to find the &lt;br/&gt;best way to decompose a complicated system in a way that efficiently &lt;br/&gt;quantifies observable properties and effects and keeps the available information in an organized and manageable form. Fourier analysis decodes such &lt;br/&gt;information by resolving a signal or function into a spectrum of waves &lt;br/&gt;of different amplitudes and frequencies, while providing also a way to study spatial order, structured geometries, and patterns in data. Combined with this analysis, multilinear approaches to complicated phenomena in nonlinear science will provide further understanding of problems where simple linear or first-order approximations are not sufficient. The analysis of ordered structures is also of importance to research in other areas of biology and physical sciences. For example, it is a relevant aspect in questions about the study of macroscopic physical properties of materials in terms of their microscopic structures.</AbstractNarration>
    <MinAmdLetterDate>06/03/2004</MinAmdLetterDate>
    <MaxAmdLetterDate>06/03/2004</MaxAmdLetterDate>
    <ARRAAmount/>
    <AwardID>0400423</AwardID>
    <Investigator>
      <FirstName>Rodolfo</FirstName>
      <LastName>Torres</LastName>
      <EmailAddress>torres@ku.edu</EmailAddress>
      <StartDate>06/03/2004</StartDate>
      <EndDate/>
      <RoleCode>Principal Investigator</RoleCode>
    </Investigator>
    <Institution>
      <Name>University of Kansas Center for Research Inc</Name>
      <CityName>LAWRENCE</CityName>
      <ZipCode>660457568</ZipCode>
      <PhoneNumber>7858643441</PhoneNumber>
      <StreetAddress>2385 IRVING HILL RD</StreetAddress>
      <CountryName>United States</CountryName>
      <StateName>Kansas</StateName>
      <StateCode>KS</StateCode>
    </Institution>
    <FoaInformation>
      <Code>0000099</Code>
      <Name>Other Applications NEC</Name>
    </FoaInformation>
    <ProgramElement>
      <Code>1162</Code>
      <Text>COMPUTATIONAL NEUROSCIENCE</Text>
    </ProgramElement>
    <ProgramElement>
      <Code>1281</Code>
      <Text>ANALYSIS PROGRAM</Text>
    </ProgramElement>
    <ProgramReference>
      <Code>0000</Code>
      <Text>UNASSIGNED</Text>
    </ProgramReference>
    <ProgramReference>
      <Code>9150</Code>
      <Text>EXP PROG TO STIM COMP RES</Text>
    </ProgramReference>
    <ProgramReference>
      <Code>OTHR</Code>
      <Text>OTHER RESEARCH OR EDUCATION</Text>
    </ProgramReference>
  </Award>
</rootTag>
