<?xml version="1.0" encoding="UTF-8"?>

<rootTag>
  <Award>
    <AwardTitle>Multi-Disciplinary Symposium on "Thinking with Data"</AwardTitle>
    <AwardEffectiveDate>02/15/2004</AwardEffectiveDate>
    <AwardExpirationDate>01/31/2005</AwardExpirationDate>
    <AwardAmount>37669</AwardAmount>
    <AwardInstrument>
      <Value>Standard Grant</Value>
    </AwardInstrument>
    <Organization>
      <Code>11090000</Code>
      <Directorate>
        <LongName>Direct For Education and Human Resources</LongName>
      </Directorate>
      <Division>
        <LongName>Division Of Research On Learning</LongName>
      </Division>
    </Organization>
    <ProgramOfficer>
      <SignBlockName>Gregg E. Solomon</SignBlockName>
    </ProgramOfficer>
    <AbstractNarration>The PI proposes to organize a multi-disciplinary symposium that will examine the roles that learning and instruction can play in how people reason with data: the kinds of representations they form, their understandings of measurement, of statistical noise, of graphical displays, and how they understand and use data to explain phenomena and make decisions. The proposed symposium will be the first of its kind to bring such a diverse group of junior and senior researchers together to forge common ground. It will allow them to exchange state-of-the-art work from their different disciplines, to seek converging results and common principles, and to discover research needs or gaps based on current work. At present, work in the disciplines of developmental psychology, statistics, decision analysis, and science and math education proceed with little interaction or sharing of insights. One of the focuses of the symposium is to bring current theoretical insights to bear on practice (in business and in the schools), as well as to make insights derived from the field available across field boundaries in order to allow it to advance the theoretical work.</AbstractNarration>
    <MinAmdLetterDate>02/10/2004</MinAmdLetterDate>
    <MaxAmdLetterDate>02/10/2004</MaxAmdLetterDate>
    <ARRAAmount/>
    <AwardID>0400979</AwardID>
    <Investigator>
      <FirstName>Marsha</FirstName>
      <LastName>Lovett</LastName>
      <EmailAddress>lovett@cmu.edu</EmailAddress>
      <StartDate>02/10/2004</StartDate>
      <EndDate/>
      <RoleCode>Principal Investigator</RoleCode>
    </Investigator>
    <Institution>
      <Name>Carnegie-Mellon University</Name>
      <CityName>PITTSBURGH</CityName>
      <ZipCode>152133815</ZipCode>
      <PhoneNumber>4122689527</PhoneNumber>
      <StreetAddress>5000 Forbes Avenue</StreetAddress>
      <CountryName>United States</CountryName>
      <StateName>Pennsylvania</StateName>
      <StateCode>PA</StateCode>
    </Institution>
    <ProgramElement>
      <Code>1666</Code>
      <Text>RESEARCH ON LEARNING &amp; EDUCATI</Text>
    </ProgramElement>
    <ProgramReference>
      <Code>9177</Code>
      <Text>ELEMENTARY/SECONDARY EDUCATION</Text>
    </ProgramReference>
    <ProgramReference>
      <Code>SMET</Code>
      <Text>SCIENCE, MATH, ENG &amp; TECH EDUCATION</Text>
    </ProgramReference>
    <ProgramReference>
      <Code>9239</Code>
      <Text>MATERIALS CHEMISTRY</Text>
    </ProgramReference>
  </Award>
</rootTag>
