<?xml version="1.0" encoding="UTF-8"?>

<rootTag>
  <Award>
    <AwardTitle>Southeastern Analysis Meetings and Young Analysts Meeting of Southeast</AwardTitle>
    <AwardEffectiveDate>05/01/2004</AwardEffectiveDate>
    <AwardExpirationDate>04/30/2005</AwardExpirationDate>
    <AwardAmount>5000</AwardAmount>
    <AwardInstrument>
      <Value>Standard Grant</Value>
    </AwardInstrument>
    <Organization>
      <Code>03040000</Code>
      <Directorate>
        <LongName>Direct For Mathematical &amp; Physical Scien</LongName>
      </Directorate>
      <Division>
        <LongName>Division Of Mathematical Sciences</LongName>
      </Division>
    </Organization>
    <ProgramOfficer>
      <SignBlockName>Joe W. Jenkins</SignBlockName>
    </ProgramOfficer>
    <AbstractNarration>DMS 0400383&lt;br/&gt;&lt;br/&gt;Wing Suet Li&lt;br/&gt;&lt;br/&gt;Ga Tech&lt;br/&gt;&lt;br/&gt;SE Analysis Meetings&lt;br/&gt;&lt;br/&gt;Abstract&lt;br/&gt;&lt;br/&gt;The Southeastern Analysis Meeting (SEAM) is an annual meeting that began in 1985. This year's SEAM will take place at the University of Alabama, Tuscaloosa, on March 25 and March 26,2004.&lt;br/&gt;&lt;br/&gt;The purpose of the meeting is to encourage the interchange of the latest developments and ideas in the area of Functional Analysis and Operator Theory, and in particular, for the enhancement of the junior faculty and graduate students. NSF's funding will be used completely for participants support.</AbstractNarration>
    <MinAmdLetterDate>04/22/2004</MinAmdLetterDate>
    <MaxAmdLetterDate>08/19/2004</MaxAmdLetterDate>
    <ARRAAmount/>
    <AwardID>0400383</AwardID>
    <Investigator>
      <FirstName>Christopher</FirstName>
      <LastName>Heil</LastName>
      <EmailAddress>heil@math.gatech.edu</EmailAddress>
      <StartDate>08/19/2004</StartDate>
      <EndDate/>
      <RoleCode>Principal Investigator</RoleCode>
    </Investigator>
    <Investigator>
      <FirstName>Wing Suet</FirstName>
      <LastName>Li</LastName>
      <EmailAddress>li@math.gatech.edu</EmailAddress>
      <StartDate>04/22/2004</StartDate>
      <EndDate>08/19/2004</EndDate>
      <RoleCode>Former Principal Investigator</RoleCode>
    </Investigator>
    <Institution>
      <Name>Georgia Tech Research Corporation</Name>
      <CityName>Atlanta</CityName>
      <ZipCode>303320420</ZipCode>
      <PhoneNumber>4048944819</PhoneNumber>
      <StreetAddress>Office of Sponsored Programs</StreetAddress>
      <CountryName>United States</CountryName>
      <StateName>Georgia</StateName>
      <StateCode>GA</StateCode>
    </Institution>
    <FoaInformation>
      <Code>0000099</Code>
      <Name>Other Applications NEC</Name>
    </FoaInformation>
  </Award>
</rootTag>
