<?xml version="1.0" encoding="UTF-8"?>

<rootTag>
  <Award>
    <AwardTitle>Broadening Participation in Physics: Fall Regional Meetings and Spring Annual Conferences of the National Society of Black Physicists</AwardTitle>
    <AwardEffectiveDate>04/01/2004</AwardEffectiveDate>
    <AwardExpirationDate>03/31/2009</AwardExpirationDate>
    <AwardAmount>2583099</AwardAmount>
    <AwardInstrument>
      <Value>Continuing grant</Value>
    </AwardInstrument>
    <Organization>
      <Code>03070003</Code>
      <Directorate>
        <LongName>Direct For Mathematical &amp; Physical Scien</LongName>
      </Directorate>
      <Division>
        <LongName>Division Of Materials Research</LongName>
      </Division>
    </Organization>
    <ProgramOfficer>
      <SignBlockName>Wendy W. Fuller-Mora</SignBlockName>
    </ProgramOfficer>
    <AbstractNarration>This five-year award will support Spring Joint Student-Professional, and Fall Regional Conferences of the National Society of Black Physicists (NSBP). The Spring meeting is known as the Annual Conference of the National Society of Black Physicists and Black Physics Students (ACBPS). The ACBPS is the largest gathering of African American physicists anywhere in the world. Roughly half of the undergraduate and graduate African-American students from US institutions attend these meetings. The objective is the development of effective mentor-protege relationships between professional physicists and students. The emphasis of the Fall meetings is on academic achievement, leadership skills, and NSBP chapter development. The collection of activities is intended to assist the transition of students from secondary school, through undergraduate work, graduate work, and ultimately to successful integration into the global physics enterprise. The project is co-funded by the Division of Materials Research, the Physics Division, the Division of Astronomy, the Division of Human Resource Development, the Office of Multidisciplinary Activities, and the Geosciences Directorate.</AbstractNarration>
    <MinAmdLetterDate>04/02/2004</MinAmdLetterDate>
    <MaxAmdLetterDate>04/04/2008</MaxAmdLetterDate>
    <ARRAAmount/>
    <AwardID>0400699</AwardID>
    <Investigator>
      <FirstName>Charles</FirstName>
      <LastName>McGruder, III</LastName>
      <EmailAddress>charles.mcgruder@wku.edu</EmailAddress>
      <StartDate>04/02/2004</StartDate>
      <EndDate>07/22/2006</EndDate>
      <RoleCode>Former Co-Principal Investigator</RoleCode>
    </Investigator>
    <Investigator>
      <FirstName>Keith</FirstName>
      <LastName>Jackson</LastName>
      <EmailAddress>president@nsbp.org</EmailAddress>
      <StartDate>04/04/2008</StartDate>
      <EndDate/>
      <RoleCode>Co-Principal Investigator</RoleCode>
    </Investigator>
    <Investigator>
      <FirstName>Keith</FirstName>
      <LastName>Jackson</LastName>
      <EmailAddress>president@nsbp.org</EmailAddress>
      <StartDate>04/02/2004</StartDate>
      <EndDate>07/22/2006</EndDate>
      <RoleCode>Former Principal Investigator</RoleCode>
    </Investigator>
    <Investigator>
      <FirstName>Deborah</FirstName>
      <LastName>Jackson</LastName>
      <EmailAddress>techofficer@nsbp.org</EmailAddress>
      <StartDate>04/02/2004</StartDate>
      <EndDate>04/12/2006</EndDate>
      <RoleCode>Former Co-Principal Investigator</RoleCode>
    </Investigator>
    <Investigator>
      <FirstName>Apriel</FirstName>
      <LastName>Hodari</LastName>
      <EmailAddress>adminofficer@nsbp.org</EmailAddress>
      <StartDate>04/02/2004</StartDate>
      <EndDate/>
      <RoleCode>Co-Principal Investigator</RoleCode>
    </Investigator>
    <Investigator>
      <FirstName>Wendell</FirstName>
      <LastName>Hill</LastName>
      <EmailAddress>techofficer@nsbp.org</EmailAddress>
      <StartDate>04/12/2006</StartDate>
      <EndDate/>
      <RoleCode>Co-Principal Investigator</RoleCode>
    </Investigator>
    <Investigator>
      <FirstName>Quinton</FirstName>
      <LastName>Williams</LastName>
      <EmailAddress>president@nsbp.org</EmailAddress>
      <StartDate>04/12/2006</StartDate>
      <EndDate/>
      <RoleCode>Principal Investigator</RoleCode>
    </Investigator>
    <Institution>
      <Name>National Society of Black Physicists</Name>
      <CityName>ARLINGTON</CityName>
      <ZipCode>222011962</ZipCode>
      <PhoneNumber>7036474176</PhoneNumber>
      <StreetAddress>3033 Wilson Boulevard</StreetAddress>
      <CountryName>United States</CountryName>
      <StateName>Virginia</StateName>
      <StateCode>VA</StateCode>
    </Institution>
    <FoaInformation>
      <Code>0106000</Code>
      <Name>Materials Research</Name>
    </FoaInformation>
  </Award>
</rootTag>
