<?xml version="1.0" encoding="UTF-8"?>

<rootTag>
  <Award>
    <AwardTitle>Certain Algebraic Varieties Related to Finite and Affine Flag Varieties</AwardTitle>
    <AwardEffectiveDate>07/01/2004</AwardEffectiveDate>
    <AwardExpirationDate>06/30/2007</AwardExpirationDate>
    <AwardAmount>108080</AwardAmount>
    <AwardInstrument>
      <Value>Standard Grant</Value>
    </AwardInstrument>
    <Organization>
      <Code>03040200</Code>
      <Directorate>
        <LongName>Direct For Mathematical &amp; Physical Scien</LongName>
      </Directorate>
      <Division>
        <LongName>Division Of Mathematical Sciences</LongName>
      </Division>
    </Organization>
    <ProgramOfficer>
      <SignBlockName>Tie Luo</SignBlockName>
    </ProgramOfficer>
    <AbstractNarration>Flag varieties form an important class of varieties in Algebraic&lt;br/&gt;Geometry. Schubert varieties form an important class of subvarieties inside&lt;br/&gt;flag varieties. The principal investigator developed a ``Standard Monomial&lt;br/&gt;Theory" (henceforth abbreviated SMT) in collaboration with Musili and&lt;br/&gt;Seshadri for flag varieties and their Schubert varieties. This theory has&lt;br/&gt;led to very many important geometric &amp; representation-theoretic&lt;br/&gt;consequences. The principal investigator's recent research shows that once&lt;br/&gt;there is a good SMT for an algebraic variety, much information could be&lt;br/&gt;inferred about the variety (using SMT); for instance, SMT throws light on&lt;br/&gt;the degenerations of the variety. The degenerations of a variety in turn&lt;br/&gt;facilitate the understanding of the geometric aspects of the variety. This&lt;br/&gt;technique has been used very recently in the area of Complexity Theory in&lt;br/&gt;Computer Science, esp., in the context of the ``P not equal to&lt;br/&gt;NP-conjecture". There is yet another interesting and important class of&lt;br/&gt;algebraic varieties related to Flag varieties, namely, the class of orbit&lt;br/&gt;closures for the Adjoint action of a semi-simple algebraic group on the&lt;br/&gt;variety of nilpotent elements in its Lie algebra. While there are very many&lt;br/&gt;interesting algebraic varieties - the determinantal varieties, Ladder&lt;br/&gt;determinantal varieties, quiver varieties - which get identified in a&lt;br/&gt;natural way with certain open subsets in Schubert varieties, the&lt;br/&gt;above-mentioned orbit closures (and more generally orbit closures arising&lt;br/&gt;from cyclic quivers) get identified in a natural way with certain open&lt;br/&gt;subsets in affine Schubert varieties, i.e., Schubert varieties in the&lt;br/&gt;generalized flag variety associated to a Kac-Moody algebra. The research&lt;br/&gt;project considered in this proposal aims at developing a SMT for the&lt;br/&gt;above-mentioned orbit closures via the fore-said relationship with Schubert&lt;br/&gt;varieties ; it also aims at developing a SMT for other interesting classes&lt;br/&gt;of varieties - large Schubert varieties, Spherical varieties etc., as well&lt;br/&gt;as determining in an explicit way the multiplicative structure of the&lt;br/&gt;equivariant Grothendieck ring and the equivariant cohomology ring of flag&lt;br/&gt;varieties.&lt;br/&gt;&lt;br/&gt;&lt;br/&gt;&lt;br/&gt;Modern Algebraic Geometry (developed in the later half of the 20-th century)&lt;br/&gt;has proved itself (beyond any doubts) to be indispensable in various&lt;br/&gt;disciplines within Mathematics as well as in other areas outside&lt;br/&gt;Mathematics:&lt;br/&gt;Examples: Topology, Representation Theory, Combinatorics (within&lt;br/&gt;Mathematics).&lt;br/&gt;The modern Quantum Theory (especially Quantum &amp; Conformal field theories) in&lt;br/&gt;Physics.&lt;br/&gt;Robotics, Complexity Theory, Computer vision in Computer Science.&lt;br/&gt;This proposal is at the cross-roads of Commutative Algebra, Algebraic&lt;br/&gt;Geometry, Combinatorics &amp; Representation-theory. The varieties studied in&lt;br/&gt;this proposal form an important class of varieties in Algebraic Geometry;&lt;br/&gt;for example, the theory of Schubert varieties (over finite fields) is&lt;br/&gt;closely linked to Coding theory. The principal investigator believes that&lt;br/&gt;this proposal is bound to have significant impacts on the above-mentioned&lt;br/&gt;disciplines.</AbstractNarration>
    <MinAmdLetterDate>06/04/2004</MinAmdLetterDate>
    <MaxAmdLetterDate>06/04/2004</MaxAmdLetterDate>
    <ARRAAmount/>
    <AwardID>0400679</AwardID>
    <Investigator>
      <FirstName>Venkatramani</FirstName>
      <LastName>Lakshmibai</LastName>
      <EmailAddress>lakshmibai@neu.edu</EmailAddress>
      <StartDate>06/04/2004</StartDate>
      <EndDate/>
      <RoleCode>Principal Investigator</RoleCode>
    </Investigator>
    <Institution>
      <Name>Northeastern University</Name>
      <CityName>BOSTON</CityName>
      <ZipCode>021155005</ZipCode>
      <PhoneNumber>6173732508</PhoneNumber>
      <StreetAddress>360 HUNTINGTON AVE</StreetAddress>
      <CountryName>United States</CountryName>
      <StateName>Massachusetts</StateName>
      <StateCode>MA</StateCode>
    </Institution>
    <FoaInformation>
      <Code>0000099</Code>
      <Name>Other Applications NEC</Name>
    </FoaInformation>
  </Award>
</rootTag>
