<?xml version="1.0" encoding="UTF-8"?>

<rootTag>
  <Award>
    <AwardTitle>Experimental and Textural Constraints on the Eruptive Behavior of Basic Magmas in Subduction Zones</AwardTitle>
    <AwardEffectiveDate>09/30/2003</AwardEffectiveDate>
    <AwardExpirationDate>12/31/2005</AwardExpirationDate>
    <AwardAmount>141101</AwardAmount>
    <AwardInstrument>
      <Value>Standard Grant</Value>
    </AwardInstrument>
    <Organization>
      <Code>06030107</Code>
      <Directorate>
        <LongName>Directorate For Geosciences</LongName>
      </Directorate>
      <Division>
        <LongName>Division Of Earth Sciences</LongName>
      </Division>
    </Organization>
    <ProgramOfficer>
      <SignBlockName>Sonia Esperanca</SignBlockName>
    </ProgramOfficer>
    <AbstractNarration>Gardner&lt;br/&gt;EAR-0229290&lt;br/&gt;&lt;br/&gt;Eruptions of basaltic and basaltic andesitic (basic) magma in subduction zones can vary in style between strombolian to intense sub-Plinian (and rarely Plinian). Why can subduction-zone basic magmas erupt in such dramatically different styles, as compared to Hawaiian eruptions? Is it because subduction-related magmas contain greater amounts of gas, or are their ascent paths or ascent rates more conducive to explosive eruptions? This study seeks to answer those questions by investigating the influences that gas content, storage, ascent, and degassing have on the eruptive style of basic magma in subduction zones. The investigators' study focuses on three key eruptions of basic magma from the Aleutian volcanic arc: Shishaldin volcano in 1999, Okmok volcano in 1997, and Westdahl volcano in 1991-92. Those eruptions are ideal for this study because they varied greatly in eruptive style (strombolian, fire fountain, and sub-Plinian), including during each eruption. In addition, all three eruptions were monitored with seismic and geodetic measurements, which place important constraints on magma motion and eruptive character. The investigators propose to examine influences on eruptive style in three related tasks. Task 1 will define textural differences (both crystals and vesicles) between the three eruptions and between different phases of the eruptions. Task 2 will define pre-eruptive gas contents and pre-eruptive storage conditions of the three magmas, with a combination of glass inclusion measurements and experimental petrologic work. Task 3 will define the relationship between decompression (ascent) rate and textural differences in the resulting products, through a series of experimental petrologic work. Results from the three tasks, combined with the existing geophysical constraints on the eruptions, will allow the investigation of the gas contents, storage, ascent, degassing, and eruption of basic magma in the Aleutians. Experiments will be performed in the Experimental Petrology Laboratory at the University of Alaska Fairbanks, and all products will be analyzed in the Advanced Instrumentation Laboratory at the University of Alaska Fairbanks.</AbstractNarration>
    <MinAmdLetterDate>10/14/2003</MinAmdLetterDate>
    <MaxAmdLetterDate>10/14/2003</MaxAmdLetterDate>
    <ARRAAmount/>
    <AwardID>0400745</AwardID>
    <Investigator>
      <FirstName>James</FirstName>
      <LastName>Gardner</LastName>
      <EmailAddress>gardner@jsg.utexas.edu</EmailAddress>
      <StartDate>10/14/2003</StartDate>
      <EndDate/>
      <RoleCode>Principal Investigator</RoleCode>
    </Investigator>
    <Institution>
      <Name>University of Texas at Austin</Name>
      <CityName>Austin</CityName>
      <ZipCode>787121532</ZipCode>
      <PhoneNumber>5124716424</PhoneNumber>
      <StreetAddress>101 E. 27th Street, Suite 5.300</StreetAddress>
      <CountryName>United States</CountryName>
      <StateName>Texas</StateName>
      <StateCode>TX</StateCode>
    </Institution>
    <FoaInformation>
      <Code>0000099</Code>
      <Name>Other Applications NEC</Name>
    </FoaInformation>
  </Award>
</rootTag>
