<?xml version="1.0" encoding="UTF-8"?>

<rootTag>
  <Award>
    <AwardTitle>GOALI: Efficient Simulation Techniques for Comparing Constrained Systems</AwardTitle>
    <AwardEffectiveDate>06/15/2004</AwardEffectiveDate>
    <AwardExpirationDate>05/31/2009</AwardExpirationDate>
    <AwardAmount>360000</AwardAmount>
    <AwardInstrument>
      <Value>Continuing grant</Value>
    </AwardInstrument>
    <Organization>
      <Code>07030000</Code>
      <Directorate>
        <LongName>Directorate For Engineering</LongName>
      </Directorate>
      <Division>
        <LongName>Div Of Civil, Mechanical, &amp; Manufact Inn</LongName>
      </Division>
    </Organization>
    <ProgramOfficer>
      <SignBlockName>Robert L. Smith</SignBlockName>
    </ProgramOfficer>
    <AbstractNarration>This Grant Opportunity for Academic Liaison with Industry (GOALI) project is concerned with the construction of highly efficient and statistically valid procedures for comparing systems in the presence of stochastic constraints on the system behavior, assuming that both the objective and the constraints are implicit in a simulation model with few known properties. The goal is to develop statistically valid comparison procedures for solving such simulation optimization problems, and to improve the computational efficiency of the procedures to the point where they can handle up to several thousand alternatives. This involves the use of better variance estimators, common random numbers, and tighter boundaries for comparing systems. The focus of the project will be on optimization problems with discrete decision variables using fully sequential comparison procedures; this is because decision variables in industrial problems are likely to be discrete (e.g., choosing the optimal number of workers and machines) and because sequential procedures have been shown to be extremely efficient relative to other existing comparison approaches.&lt;br/&gt;&lt;br/&gt;If successful, the research will enhance the use of simulation not only as an assessment tool but also as an optimization tool. Ideally, this project would lead to the implementation of statistically valid and computationally efficient comparison procedures in simulation software; this would be achieved through close collaboration between researchers at Georgia Tech and software vendors (primarily Imagine That!). The addition of such optimization features to popular simulation software packages would be highly valuable to practitioners with respect to identifying process improvements and improved system designs in the presence of constraints about the system behavior.</AbstractNarration>
    <MinAmdLetterDate>06/08/2004</MinAmdLetterDate>
    <MaxAmdLetterDate>02/28/2008</MaxAmdLetterDate>
    <ARRAAmount/>
    <AwardID>0400260</AwardID>
    <Investigator>
      <FirstName>Bob</FirstName>
      <LastName>Diamond</LastName>
      <EmailAddress>bobd@imaginethatinc.com</EmailAddress>
      <StartDate>06/08/2004</StartDate>
      <EndDate/>
      <RoleCode>Co-Principal Investigator</RoleCode>
    </Investigator>
    <Investigator>
      <FirstName>David</FirstName>
      <LastName>Goldsman</LastName>
      <EmailAddress>sman@gatech.edu</EmailAddress>
      <StartDate>06/08/2004</StartDate>
      <EndDate/>
      <RoleCode>Co-Principal Investigator</RoleCode>
    </Investigator>
    <Investigator>
      <FirstName>Sigrun</FirstName>
      <LastName>Andradottir</LastName>
      <EmailAddress>sa@gatech.edu</EmailAddress>
      <StartDate>06/08/2004</StartDate>
      <EndDate/>
      <RoleCode>Co-Principal Investigator</RoleCode>
    </Investigator>
    <Investigator>
      <FirstName>Seong-Hee</FirstName>
      <LastName>Kim</LastName>
      <EmailAddress>skim@isye.gatech.edu</EmailAddress>
      <StartDate>06/08/2004</StartDate>
      <EndDate/>
      <RoleCode>Principal Investigator</RoleCode>
    </Investigator>
    <Institution>
      <Name>Georgia Tech Research Corporation</Name>
      <CityName>Atlanta</CityName>
      <ZipCode>303320420</ZipCode>
      <PhoneNumber>4048944819</PhoneNumber>
      <StreetAddress>Office of Sponsored Programs</StreetAddress>
      <CountryName>United States</CountryName>
      <StateName>Georgia</StateName>
      <StateCode>GA</StateCode>
    </Institution>
    <FoaInformation>
      <Code>0107000</Code>
      <Name>Operations Research</Name>
    </FoaInformation>
  </Award>
</rootTag>
