<?xml version="1.0" encoding="UTF-8"?>

<rootTag>
  <Award>
    <AwardTitle>Acquisition of a Confocal Microscope</AwardTitle>
    <AwardEffectiveDate>05/01/2004</AwardEffectiveDate>
    <AwardExpirationDate>04/30/2006</AwardExpirationDate>
    <AwardAmount>185890</AwardAmount>
    <AwardInstrument>
      <Value>Standard Grant</Value>
    </AwardInstrument>
    <Organization>
      <Code>08080101</Code>
      <Directorate>
        <LongName>Direct For Biological Sciences</LongName>
      </Directorate>
      <Division>
        <LongName>Div Of Biological Infrastructure</LongName>
      </Division>
    </Organization>
    <ProgramOfficer>
      <SignBlockName>Helen G. Hansma</SignBlockName>
    </ProgramOfficer>
    <AbstractNarration>This award provides partial support for the acquisition of a confocal microscope for the research activities of the Department of Biological Sciences. In addition, the instrument is expected to play an essential role in the education and professional development at all levels. The instrument will be used in research projects aimed at an understanding of fundamental cell, developmental, neurobiological and physiological processes, including: (1) studies aimed at understanding cell growth and cell movements in vitro and in vivo; 2) high resolution immuno-localization studies focusing on proteins with important functions in embryonic development, signaling, and membrane transport; (3) studies of microbial community structure, and (4) analysis of genetic mutations on cell structure and gene expression. A significant number undergraduates, graduate students and other professionals will use the microscope through an existing, formal course on microscopy applications, and through other laboratory courses with modules that will utilize the instrument. Students will also have access to the confocal microscope for their own independent research projects.</AbstractNarration>
    <MinAmdLetterDate>04/06/2004</MinAmdLetterDate>
    <MaxAmdLetterDate>04/06/2004</MaxAmdLetterDate>
    <ARRAAmount/>
    <AwardID>0400776</AwardID>
    <Investigator>
      <FirstName>John</FirstName>
      <LastName>Stolz</LastName>
      <EmailAddress>stolz@duq.edu</EmailAddress>
      <StartDate>04/06/2004</StartDate>
      <EndDate/>
      <RoleCode>Co-Principal Investigator</RoleCode>
    </Investigator>
    <Investigator>
      <FirstName>John</FirstName>
      <LastName>Pollock</LastName>
      <EmailAddress>pollock@duq.edu</EmailAddress>
      <StartDate>04/06/2004</StartDate>
      <EndDate/>
      <RoleCode>Principal Investigator</RoleCode>
    </Investigator>
    <Investigator>
      <FirstName>Richard</FirstName>
      <LastName>Elinson</LastName>
      <EmailAddress>elinson@duq.edu</EmailAddress>
      <StartDate>04/06/2004</StartDate>
      <EndDate/>
      <RoleCode>Co-Principal Investigator</RoleCode>
    </Investigator>
    <Institution>
      <Name>Duquesne University</Name>
      <CityName>Pittsburgh</CityName>
      <ZipCode>152820001</ZipCode>
      <PhoneNumber>4123961537</PhoneNumber>
      <StreetAddress>Room 310 Administration Building</StreetAddress>
      <CountryName>United States</CountryName>
      <StateName>Pennsylvania</StateName>
      <StateCode>PA</StateCode>
    </Institution>
    <ProgramElement>
      <Code>1108</Code>
      <Text>INSTRUMENTAT &amp; INSTRUMENT DEVP</Text>
    </ProgramElement>
    <ProgramReference>
      <Code>9184</Code>
      <Text>BIOTECHNOLOGY - INFRASTRUCTURE</Text>
    </ProgramReference>
    <ProgramReference>
      <Code>BIOT</Code>
      <Text>BIOTECHNOLOGY</Text>
    </ProgramReference>
  </Award>
</rootTag>
