<?xml version="1.0" encoding="UTF-8"?>

<rootTag>
  <Award>
    <AwardTitle>Measures, Dimension and Dynamics</AwardTitle>
    <AwardEffectiveDate>06/01/2004</AwardEffectiveDate>
    <AwardExpirationDate>05/31/2009</AwardExpirationDate>
    <AwardAmount>145874</AwardAmount>
    <AwardInstrument>
      <Value>Standard Grant</Value>
    </AwardInstrument>
    <Organization>
      <Code>03040100</Code>
      <Directorate>
        <LongName>Direct For Mathematical &amp; Physical Scien</LongName>
      </Directorate>
      <Division>
        <LongName>Division Of Mathematical Sciences</LongName>
      </Division>
    </Organization>
    <ProgramOfficer>
      <SignBlockName>Joe W. Jenkins</SignBlockName>
    </ProgramOfficer>
    <AbstractNarration>DMS 0400481&lt;br/&gt;&lt;br/&gt;D Mauldin - M Urbanski&lt;br/&gt;&lt;br/&gt;Measures, Dimension and Dynamics&lt;br/&gt;&lt;br/&gt;University of N Texas&lt;br/&gt;&lt;br/&gt;Abstract&lt;br/&gt;&lt;br/&gt;The principal investigators propose to further advance the theory of&lt;br/&gt;conformal systems as well as its applications and connections to areas of mathematics such as the number theory, geometric measure theory,&lt;br/&gt;probability theory, and complex analysis. Of special interest is the&lt;br/&gt;development of analytical tools required within the context of conformal&lt;br/&gt;graph-directed Markov systems, infinite iterated function systems,&lt;br/&gt;iterations of transcendental entire and meromorphic functions and&lt;br/&gt;holomorphic endomorphisms. The proposed work involves graph-directed&lt;br/&gt;Markov systems with infinitely many vertices and edges, interpretations&lt;br/&gt;between counting functions, approximations and asymptotic limits, the&lt;br/&gt;properties of various dimensions and measures within the context of graph&lt;br/&gt;directed Markov systems. Applications involve Gauss' circle problem and&lt;br/&gt;Steinhaus' lattice problem, Diophantine approximation and self-conformal&lt;br/&gt;measures, return times, Kolmogorov's superposition theorem, the geometry&lt;br/&gt;and dynamics of the Fatou function, Gibbs measures for elliptic functions,&lt;br/&gt;critically pseudo non-recurrent elliptic functions, multifractal analysis&lt;br/&gt;of hyperbolic exponential functions, and multifractal analysis of Axiom A&lt;br/&gt;holomorphic endomorphisms.</AbstractNarration>
    <MinAmdLetterDate>05/13/2004</MinAmdLetterDate>
    <MaxAmdLetterDate>04/08/2008</MaxAmdLetterDate>
    <ARRAAmount/>
    <AwardID>0400481</AwardID>
    <Investigator>
      <FirstName>R. Daniel</FirstName>
      <LastName>Mauldin</LastName>
      <EmailAddress>mauldin@unt.edu</EmailAddress>
      <StartDate>05/13/2004</StartDate>
      <EndDate/>
      <RoleCode>Principal Investigator</RoleCode>
    </Investigator>
    <Investigator>
      <FirstName>Mariusz</FirstName>
      <LastName>Urbanski</LastName>
      <EmailAddress>urbanski@unt.edu</EmailAddress>
      <StartDate>05/13/2004</StartDate>
      <EndDate/>
      <RoleCode>Co-Principal Investigator</RoleCode>
    </Investigator>
    <Institution>
      <Name>University of North Texas</Name>
      <CityName>DENTON</CityName>
      <ZipCode>762035017</ZipCode>
      <PhoneNumber>9405653940</PhoneNumber>
      <StreetAddress>1155 Union Circle #305250</StreetAddress>
      <CountryName>United States</CountryName>
      <StateName>Texas</StateName>
      <StateCode>TX</StateCode>
    </Institution>
    <FoaInformation>
      <Code>0000099</Code>
      <Name>Other Applications NEC</Name>
    </FoaInformation>
  </Award>
</rootTag>
