<?xml version="1.0" encoding="UTF-8"?>

<rootTag>
  <Award>
    <AwardTitle>Postdoctoral Research Fellowship in Microbial Biology for FY 2004</AwardTitle>
    <AwardEffectiveDate>01/01/2005</AwardEffectiveDate>
    <AwardExpirationDate>12/31/2006</AwardExpirationDate>
    <AwardAmount>100000</AwardAmount>
    <AwardInstrument>
      <Value>Fellowship</Value>
    </AwardInstrument>
    <Organization>
      <Code>08080308</Code>
      <Directorate>
        <LongName>Direct For Biological Sciences</LongName>
      </Directorate>
      <Division>
        <LongName>Div Of Biological Infrastructure</LongName>
      </Division>
    </Organization>
    <ProgramOfficer>
      <SignBlockName>Carter Kimsey</SignBlockName>
    </ProgramOfficer>
    <AbstractNarration>This action funds an NSF Postdoctoral Fellowship in Microbial biology for FY2004. The fellowship supports training and research on the basic biology of protozoan, microalgal, fungal, archaeal, bacterial and viral species that are not generally considered to be model organisms. Further, it provides opportunities for recent doctoral recipients to obtain additional training in microbial biology, to gain research experience under the sponsorship of established scientists, and to broaden their scientific horizons beyond the research experiences during the undergraduate and graduate training. These fellowships are further designed to assist new scientists to direct their research efforts across traditional disciplinary lines and to avail themselves of unique research resources, sites, and facilities, including foreign locations.&lt;br/&gt;&lt;br/&gt;The research and training plan is entitled "Investigating Intercellular and Inter-kingdom Communication in the Phyllosphere." Quorum-sensing, or cell-to-cell signaling mediated by secreted N-acyl homoserine lactones (AHLs), occurs between bacterial epiphytes of plant aerial leaf surfaces, in the habitat called the phyllosphere. This research examines the regulation and disposition of secreted AHLs in intercellular bacterial communication, and investigates AHL-mediated inter-kingdom communication with host plants. The merging of microbiology and plant biology research techniques are a primary training goal.</AbstractNarration>
    <MinAmdLetterDate>04/12/2004</MinAmdLetterDate>
    <MaxAmdLetterDate>04/12/2004</MaxAmdLetterDate>
    <ARRAAmount/>
    <AwardID>0400688</AwardID>
    <Investigator>
      <FirstName>Ryan</FirstName>
      <LastName>Shepherd</LastName>
      <EmailAddress/>
      <StartDate>04/12/2004</StartDate>
      <EndDate/>
      <RoleCode>Principal Investigator</RoleCode>
    </Investigator>
    <Institution>
      <Name>Shepherd Ryan W</Name>
      <CityName>Lexington</CityName>
      <ZipCode>405460236</ZipCode>
      <PhoneNumber/>
      <StreetAddress/>
      <CountryName>United States</CountryName>
      <StateName>Kentucky</StateName>
      <StateCode>KY</StateCode>
    </Institution>
    <ProgramElement>
      <Code>1603</Code>
      <Text>POSTDOC RSCH FLLWSHP MICRO BIO</Text>
    </ProgramElement>
    <ProgramReference>
      <Code>9179</Code>
      <Text>GRADUATE INVOLVEMENT</Text>
    </ProgramReference>
    <ProgramReference>
      <Code>SMET</Code>
      <Text>SCIENCE, MATH, ENG &amp; TECH EDUCATION</Text>
    </ProgramReference>
  </Award>
</rootTag>
