<?xml version="1.0" encoding="UTF-8"?>

<rootTag>
  <Award>
    <AwardTitle>NSF Meeting for Principal Investigators of Youth, Community and ASCEND Programs -- A Conference Grant</AwardTitle>
    <AwardEffectiveDate>03/01/2004</AwardEffectiveDate>
    <AwardExpirationDate>02/28/2006</AwardExpirationDate>
    <AwardAmount>227171</AwardAmount>
    <AwardInstrument>
      <Value>Standard Grant</Value>
    </AwardInstrument>
    <Organization>
      <Code>11090000</Code>
      <Directorate>
        <LongName>Direct For Education and Human Resources</LongName>
      </Directorate>
      <Division>
        <LongName>Division Of Research On Learning</LongName>
      </Division>
    </Organization>
    <ProgramOfficer>
      <SignBlockName>Sylvia M. James</SignBlockName>
    </ProgramOfficer>
    <AbstractNarration>AAAS will develop and host a PI meeting for currently funded ISE Youth, Community and ASCEND projects. The goal of the meeting is to maximize the learning and contribution of the multiple NSF-funded projects enabling participants to analyze and document existing models, benchmark best practices and work cooperatively on articulating strategies that improve the quality of community and youth programming. This gathering aims to affect programs in the development and implementation phases, thereby contributing to higher quality programs. &lt;br/&gt;&lt;br/&gt;Principal Investigators from a variety of institutions (museums, universities, schools, community organizations) across the country will have an opportunity to expand their thinking about program structure, assessment, staff capacity, institutional infrastructure and sustainability. The meeting will allow participants to exchange information, interact with experts and to build relationships. A conference report and evaluation will be published on the web and shared through regional/national conferences</AbstractNarration>
    <MinAmdLetterDate>04/16/2004</MinAmdLetterDate>
    <MaxAmdLetterDate>04/16/2004</MaxAmdLetterDate>
    <ARRAAmount/>
    <AwardID>0400506</AwardID>
    <Investigator>
      <FirstName>Judy</FirstName>
      <LastName>Kass</LastName>
      <EmailAddress>judykass@gmail.com</EmailAddress>
      <StartDate>04/16/2004</StartDate>
      <EndDate/>
      <RoleCode>Principal Investigator</RoleCode>
    </Investigator>
    <Institution>
      <Name>American Association For Advancement Science</Name>
      <CityName>WASHINGTON</CityName>
      <ZipCode>200053928</ZipCode>
      <PhoneNumber>2023266400</PhoneNumber>
      <StreetAddress>1200 NEW YORK AVENUE, N.W.</StreetAddress>
      <CountryName>United States</CountryName>
      <StateName>District of Columbia</StateName>
      <StateCode>DC</StateCode>
    </Institution>
    <FoaInformation>
      <Code>0000099</Code>
      <Name>Other Applications NEC</Name>
    </FoaInformation>
  </Award>
</rootTag>
