<?xml version="1.0" encoding="UTF-8"?>

<rootTag>
  <Award>
    <AwardTitle>Cognitively-Based, Multimedia Support for a Balanced Approach to the Development of Early Reading in School and Home Contexts</AwardTitle>
    <AwardEffectiveDate>11/01/2003</AwardEffectiveDate>
    <AwardExpirationDate>02/28/2005</AwardExpirationDate>
    <AwardAmount>67378</AwardAmount>
    <AwardInstrument>
      <Value>Standard Grant</Value>
    </AwardInstrument>
    <Organization>
      <Code>11090000</Code>
      <Directorate>
        <LongName>Direct For Education and Human Resources</LongName>
      </Directorate>
      <Division>
        <LongName>Division Of Research On Learning</LongName>
      </Division>
    </Organization>
    <ProgramOfficer>
      <SignBlockName>John Cherniavsky</SignBlockName>
    </ProgramOfficer>
    <AbstractNarration>This project explores how a cognitive-representational approach to early reading can lead to new and efficient instruction that will impact learning across the curriculum. The research questions addressed are:&lt;br/&gt;&lt;br/&gt;Which design principles are most important for a balanced approach to literacy instruction that uses multimedia environments for integrated, efficient instruction of decoding and word recognition skills?&lt;br/&gt;&lt;br/&gt;Will design principles suggested by research help teachers better understand and integrate decoding skills into their classroom literacy environments?&lt;br/&gt;&lt;br/&gt;Can a combination of video and print materials linked to multimedia environments be effective tools for improving children's home environments and parental support for early reading instruction?&lt;br/&gt;&lt;br/&gt;The project will investigate these questions by developing an understanding of design principles for children's word recognition fluency and decoding skills using current cognitive theories of mental representations of language. Within-subject designs will be used to see how different variations of prototype software affect children's word recognition fluency and decoding skills. These initial studies will also include between-subject controls that use no software. At-home reading of both decodable text and rich, high-quality children's literature will be linked to the content and structure of the decoding and word recognition software. This at-home reading will be supported by video exemplars. The children with at-home access to these materials and the software in school will be compared with those children with just the software at school. Additionally, software based on recent cognitive theories will be compared to commercially available software designed to aid children in developing decoding skills by comparing the reading development of children using research software vs. commercially available software.</AbstractNarration>
    <MinAmdLetterDate>11/12/2003</MinAmdLetterDate>
    <MaxAmdLetterDate>07/14/2004</MaxAmdLetterDate>
    <ARRAAmount/>
    <AwardID>0400457</AwardID>
    <Investigator>
      <FirstName>Susan</FirstName>
      <LastName>Goldman</LastName>
      <EmailAddress>sgoldman@uic.edu</EmailAddress>
      <StartDate>07/14/2004</StartDate>
      <EndDate/>
      <RoleCode>Principal Investigator</RoleCode>
    </Investigator>
    <Investigator>
      <FirstName>Diana</FirstName>
      <LastName>Sharp</LastName>
      <EmailAddress>diana.sharp@vanderbilt.edu</EmailAddress>
      <StartDate>11/12/2003</StartDate>
      <EndDate>07/14/2004</EndDate>
      <RoleCode>Former Principal Investigator</RoleCode>
    </Investigator>
    <Institution>
      <Name>University of Illinois at Chicago</Name>
      <CityName>Chicago</CityName>
      <ZipCode>606124305</ZipCode>
      <PhoneNumber>3129962862</PhoneNumber>
      <StreetAddress>809 S MARSHFIELD</StreetAddress>
      <CountryName>United States</CountryName>
      <StateName>Illinois</StateName>
      <StateCode>IL</StateCode>
    </Institution>
    <ProgramElement>
      <Code>2885</Code>
      <Text>CISE RESEARCH INFRASTRUCTURE</Text>
    </ProgramElement>
    <ProgramReference>
      <Code>0000</Code>
      <Text>UNASSIGNED</Text>
    </ProgramReference>
    <ProgramReference>
      <Code>2816</Code>
      <Text>INTERAGENCY EDUCATION RESEARCH INITIATIV</Text>
    </ProgramReference>
    <ProgramReference>
      <Code>OTHR</Code>
      <Text>OTHER RESEARCH OR EDUCATION</Text>
    </ProgramReference>
  </Award>
</rootTag>
