<?xml version="1.0" encoding="UTF-8"?>

<rootTag>
  <Award>
    <AwardTitle>Phase Transitions in Smooth Dynamical Systems</AwardTitle>
    <AwardEffectiveDate>07/01/2004</AwardEffectiveDate>
    <AwardExpirationDate>06/30/2007</AwardExpirationDate>
    <AwardAmount>120000</AwardAmount>
    <AwardInstrument>
      <Value>Standard Grant</Value>
    </AwardInstrument>
    <Organization>
      <Code>03040000</Code>
      <Directorate>
        <LongName>Direct For Mathematical &amp; Physical Scien</LongName>
      </Directorate>
      <Division>
        <LongName>Division Of Mathematical Sciences</LongName>
      </Division>
    </Organization>
    <ProgramOfficer>
      <SignBlockName>Joe W. Jenkins</SignBlockName>
    </ProgramOfficer>
    <AbstractNarration>Sarig conduct a project of research, education and outreach in ergodic theory and dynamical systems, analyzing the stochastic nature of non-compact or non-uniformly hyperbolic systems. Building on previous work of the PI and others, the proposal identifies an analogy between certain phenomena associated with such systems and critical phenomena in statistical physics (`phase transitions'). The PI proposes a detailed program for utilizing this analogy to explore the ergodic theoretic effects of non-uniform hyperbolicity or non-compactness systematically. &lt;br/&gt;&lt;br/&gt;The intellectual merit of the project is that it uses an original approach to study an important class of dynamical systems: Most of the dynamical systems in applications are not uniformly hyperbolic, or are hyperbolic only on a non-compact part of their phase space. The broader impact is a component aimed at three groups: undergraduate students, graduate students, and experts. The mathematics department in the Pennsylvania State University has an existing program aimed at injecting research into the learning process at an early stage: the Mathematics Advanced Studies Semesters (MASS) program. The PI intends to develop a topic course to be taught within this program, with the purpose of attracting undergraduates to join a graduate program in mathematics. The graduate component consists of training Ph.D. students, which the PI will endeavor to attract. The expert component is a plan to write a research monograph, concerning the recent results of the PI on topics related to the proposal. The title of the suggested monograph is `The thermodynamic formalism of countable Markov shifts'.</AbstractNarration>
    <MinAmdLetterDate>03/31/2004</MinAmdLetterDate>
    <MaxAmdLetterDate>03/31/2004</MaxAmdLetterDate>
    <ARRAAmount/>
    <AwardID>0400687</AwardID>
    <Investigator>
      <FirstName>Omri</FirstName>
      <LastName>Sarig</LastName>
      <EmailAddress>sarig@math.psu.edu</EmailAddress>
      <StartDate>03/31/2004</StartDate>
      <EndDate/>
      <RoleCode>Principal Investigator</RoleCode>
    </Investigator>
    <Institution>
      <Name>Pennsylvania State Univ University Park</Name>
      <CityName>UNIVERSITY PARK</CityName>
      <ZipCode>168027000</ZipCode>
      <PhoneNumber>8148651372</PhoneNumber>
      <StreetAddress>110 Technology Center Building</StreetAddress>
      <CountryName>United States</CountryName>
      <StateName>Pennsylvania</StateName>
      <StateCode>PA</StateCode>
    </Institution>
    <FoaInformation>
      <Code>0000099</Code>
      <Name>Other Applications NEC</Name>
    </FoaInformation>
  </Award>
</rootTag>
