<?xml version="1.0" encoding="UTF-8"?>

<rootTag>
  <Award>
    <AwardTitle>Postdoctoral Research Fellowship in Microbial Biology for FY 2004</AwardTitle>
    <AwardEffectiveDate>01/01/2005</AwardEffectiveDate>
    <AwardExpirationDate>12/31/2006</AwardExpirationDate>
    <AwardAmount>100000</AwardAmount>
    <AwardInstrument>
      <Value>Fellowship</Value>
    </AwardInstrument>
    <Organization>
      <Code>08080308</Code>
      <Directorate>
        <LongName>Direct For Biological Sciences</LongName>
      </Directorate>
      <Division>
        <LongName>Div Of Biological Infrastructure</LongName>
      </Division>
    </Organization>
    <ProgramOfficer>
      <SignBlockName>Carter Kimsey</SignBlockName>
    </ProgramOfficer>
    <AbstractNarration>This action funds an NSF Postdoctoral Fellowship in Microbial biology for FY2004. The fellowship supports training and research on the basic biology of protozoan, microalgal, fungal, archaeal, bacterial and viral species that are not generally considered to be model organisms. Further, it provides opportunities for recent doctoral recipients to obtain additional training in microbial biology, to gain research experience under the sponsorship of established scientists, and to broaden their scientific horizons beyond the research experiences during the undergraduate and graduate training. These fellowships are further designed to assist new scientists to direct their research efforts across traditional disciplinary lines and to avail themselves of unique research resources, sites, and facilities, including foreign locations.&lt;br/&gt;&lt;br/&gt;The research and training plan is entitled "Assessing nitrogen fixation in estuaries using molecular tools." This research seeks to understand how nitrogen-fixing bacteria respond to increasing nitrogen loads. It explores the fundamental controls on nitrogen processing at the microbial level. A suite of molecular tools including construction of clone libraries, DGGE, and RT-PCR are being used to address questions that relate to the role nitrogen fixing bacteria play in the nitrogen cycling of temperate salt marshes and sea grass beds.</AbstractNarration>
    <MinAmdLetterDate>04/02/2004</MinAmdLetterDate>
    <MaxAmdLetterDate>04/02/2004</MaxAmdLetterDate>
    <ARRAAmount/>
    <AwardID>0400819</AwardID>
    <Investigator>
      <FirstName>Jennifer</FirstName>
      <LastName>Bowen</LastName>
      <EmailAddress/>
      <StartDate>04/02/2004</StartDate>
      <EndDate/>
      <RoleCode>Principal Investigator</RoleCode>
    </Investigator>
    <Institution>
      <Name>Bowen Jennifer L</Name>
      <CityName>Woods Hole,</CityName>
      <ZipCode>025430471</ZipCode>
      <PhoneNumber></PhoneNumber>
      <StreetAddress></StreetAddress>
      <CountryName>United States</CountryName>
      <StateName>Massachusetts</StateName>
      <StateCode>MA</StateCode>
    </Institution>
  </Award>
</rootTag>
