<?xml version="1.0" encoding="UTF-8"?>

<rootTag>
  <Award>
    <AwardTitle>International: Variational Methods in Quasilinear Partial Differential Equations</AwardTitle>
    <AwardEffectiveDate>04/01/2004</AwardEffectiveDate>
    <AwardExpirationDate>03/31/2008</AwardExpirationDate>
    <AwardAmount>22700</AwardAmount>
    <AwardInstrument>
      <Value>Standard Grant</Value>
    </AwardInstrument>
    <Organization>
      <Code>01090000</Code>
      <Directorate>
        <LongName>Office Of The Director</LongName>
      </Directorate>
      <Division>
        <LongName>Office Of Internatl Science &amp;Engineering</LongName>
      </Division>
    </Organization>
    <ProgramOfficer>
      <SignBlockName>Richard H. Nader</SignBlockName>
    </ProgramOfficer>
    <AbstractNarration>0401753&lt;br/&gt;Wang&lt;br/&gt;&lt;br/&gt;&lt;br/&gt;This is a U.S.-China cooperative research project between Dr. Zhi-Qiang Wang, Utah State University and Professor Jia-Quan Liu, Peking University to study quasilinear elliptic partial differential equations using variational methods. The research problem is of great interest and importance to mathematics communities and can provide useful tools to physical scientists, especially those involved in the micromaterials research. Both the U.S. and the Chinese scientists are experts in this area, and the results are mutually beneficial. This research project will be jointly supported by the NSF and the National Natural Science Foundation of China.</AbstractNarration>
    <MinAmdLetterDate>03/31/2004</MinAmdLetterDate>
    <MaxAmdLetterDate>03/16/2007</MaxAmdLetterDate>
    <ARRAAmount/>
    <AwardID>0401753</AwardID>
    <Investigator>
      <FirstName>Zhi-Qiang</FirstName>
      <LastName>Wang</LastName>
      <EmailAddress>zhi-qiang.wang@usu.edu</EmailAddress>
      <StartDate>03/31/2004</StartDate>
      <EndDate/>
      <RoleCode>Principal Investigator</RoleCode>
    </Investigator>
    <Institution>
      <Name>Utah State University</Name>
      <CityName>Logan</CityName>
      <ZipCode>843221415</ZipCode>
      <PhoneNumber>4357971226</PhoneNumber>
      <StreetAddress>Sponsored Programs Office</StreetAddress>
      <CountryName>United States</CountryName>
      <StateName>Utah</StateName>
      <StateCode>UT</StateCode>
    </Institution>
    <FoaInformation>
      <Code>0510103</Code>
      <Name>Physical Chemical Studies</Name>
    </FoaInformation>
    <ProgramElement>
      <Code>7298</Code>
      <Text>COLLABORATIVE RESEARCH</Text>
    </ProgramElement>
    <ProgramReference>
      <Code>0000</Code>
      <Text>UNASSIGNED</Text>
    </ProgramReference>
    <ProgramReference>
      <Code>5978</Code>
      <Text>EAST ASIA AND PACIFIC PROGRAM</Text>
    </ProgramReference>
    <ProgramReference>
      <Code>9200</Code>
      <Text>US CHINA COOP IN BASIC SCIENCE</Text>
    </ProgramReference>
    <ProgramReference>
      <Code>OTHR</Code>
      <Text>OTHER RESEARCH OR EDUCATION</Text>
    </ProgramReference>
  </Award>
</rootTag>
