<?xml version="1.0" encoding="UTF-8"?>

<rootTag>
  <Award>
    <AwardTitle>Minnesota Nanotechnology Workforce Initiative (MnNano)</AwardTitle>
    <AwardEffectiveDate>06/01/2004</AwardEffectiveDate>
    <AwardExpirationDate>05/31/2008</AwardExpirationDate>
    <AwardAmount>895854</AwardAmount>
    <AwardInstrument>
      <Value>Continuing grant</Value>
    </AwardInstrument>
    <Organization>
      <Code>11040100</Code>
      <Directorate>
        <LongName>Direct For Education and Human Resources</LongName>
      </Directorate>
      <Division>
        <LongName>Division Of Undergraduate Education</LongName>
      </Division>
    </Organization>
    <ProgramOfficer>
      <SignBlockName>Russell L. Pimmel</SignBlockName>
    </ProgramOfficer>
    <AbstractNarration>This project is establishing a Nanoscience Technician program at Dakota County Technical College (DCTC) in partnership with the University of Minnesota. This two-year A.A.S. degree program is preparing graduates with the multidisciplinary skills necessary for the future technician workforce needs of Minnesota in this emerging career field. Students are taking their first three semesters at DCTC, completing existing general education as well as newly developed nanoscience technical courses. The fourth semester&lt;br/&gt;is a capstone experience at the University of Minnesota involving lab experience in the U of Minnesota Nanofabrication, Particle Technology and Materials Characterization laboratories. The capstone experience includes lecture courses that complement the lab experiences and internships with growing nanotechnology industries in biotechnology, medical devices, agriculture, materials manufacturing and electronics.&lt;br/&gt;&lt;br/&gt;There is also a major effort focused on attracting high school students to careers in nanoscience through summer Nanoscience Curriculum Modules and Camps for high school students, as well as through Nanoscience Inservices and Internships for high school teachers. This seamless transition program for high school students focuses a significant effort to recruit underrepresented minority students to these summer camps and then target to recruit them into the DCTC two-year AAS degree program. The project includes community college partners Normandale Community College and Minnesota&lt;br/&gt;Technical College, Lakeville High School, professional societies, industry associations, and industry partners across the state. The program has also formed a close relationship with the NSF ATE regional center at Penn State for nanofabrication manufacturing education and is adapting elements of its program, as well as curriculum from other institutions around the nation. &lt;br/&gt;&lt;br/&gt;The Intellectual Merit of this project is based on developing a multidisciplinary nanoscience technician education curriculum in an emerging high tech field which will greatly impact on our national competitiveness and future job growth in many industries, such as biotechnology, medical devices, agriculture, materials and electronics. &lt;br/&gt;&lt;br/&gt;The Broader Impact of this project is that, while it will develop a new nanoscience degree program for technician education and training, it also provides the unique outreach to high school students and provides training for in-service teachers and especially underrepresented minorities needed to be attracted to a new high technology field of study. The expectation is that 37 institutions in the Minnesota State College and University system will use this as a model to develop a core set of nanotechnology AAS degree programs in the state.</AbstractNarration>
    <MinAmdLetterDate>05/27/2004</MinAmdLetterDate>
    <MaxAmdLetterDate>06/05/2006</MaxAmdLetterDate>
    <ARRAAmount/>
    <AwardID>0401818</AwardID>
    <Investigator>
      <FirstName>Stephen</FirstName>
      <LastName>Campbell</LastName>
      <EmailAddress>campb001@umn.edu</EmailAddress>
      <StartDate>05/27/2004</StartDate>
      <EndDate/>
      <RoleCode>Co-Principal Investigator</RoleCode>
    </Investigator>
    <Investigator>
      <FirstName>Karen</FirstName>
      <LastName>Halvorson</LastName>
      <EmailAddress>halvorkaren@msn.com</EmailAddress>
      <StartDate>05/27/2004</StartDate>
      <EndDate/>
      <RoleCode>Co-Principal Investigator</RoleCode>
    </Investigator>
    <Investigator>
      <FirstName>Mike</FirstName>
      <LastName>Opp</LastName>
      <EmailAddress>mike.opp@dctc.mnscu.edu</EmailAddress>
      <StartDate>05/27/2004</StartDate>
      <EndDate/>
      <RoleCode>Co-Principal Investigator</RoleCode>
    </Investigator>
    <Investigator>
      <FirstName>Deb</FirstName>
      <LastName>Newberry</LastName>
      <EmailAddress>deb.newberry@dctc.edu</EmailAddress>
      <StartDate>05/27/2004</StartDate>
      <EndDate/>
      <RoleCode>Principal Investigator</RoleCode>
    </Investigator>
    <Investigator>
      <FirstName>Paul</FirstName>
      <LastName>Hallacher</LastName>
      <EmailAddress>pmh105@psu.edu</EmailAddress>
      <StartDate>05/27/2004</StartDate>
      <EndDate/>
      <RoleCode>Co-Principal Investigator</RoleCode>
    </Investigator>
    <Institution>
      <Name>Dakota County Technical College</Name>
      <CityName>Rosemount</CityName>
      <ZipCode>550682999</ZipCode>
      <PhoneNumber>6514238319</PhoneNumber>
      <StreetAddress>1300 East 145th Street</StreetAddress>
      <CountryName>United States</CountryName>
      <StateName>Minnesota</StateName>
      <StateCode>MN</StateCode>
    </Institution>
    <FoaInformation>
      <Code>0000099</Code>
      <Name>Other Applications NEC</Name>
    </FoaInformation>
  </Award>
</rootTag>
