<?xml version="1.0" encoding="UTF-8"?>

<rootTag>
  <Award>
    <AwardTitle>Conformal Structures and Rigidity Properties of Anosov and Partially Hyperbolic Systems</AwardTitle>
    <AwardEffectiveDate>06/01/2004</AwardEffectiveDate>
    <AwardExpirationDate>05/31/2008</AwardExpirationDate>
    <AwardAmount>60000</AwardAmount>
    <AwardInstrument>
      <Value>Standard Grant</Value>
    </AwardInstrument>
    <Organization>
      <Code>03040000</Code>
      <Directorate>
        <LongName>Direct For Mathematical &amp; Physical Scien</LongName>
      </Directorate>
      <Division>
        <LongName>Division Of Mathematical Sciences</LongName>
      </Division>
    </Organization>
    <ProgramOfficer>
      <SignBlockName>Joe W. Jenkins</SignBlockName>
    </ProgramOfficer>
    <AbstractNarration>ABSTRACT&lt;br/&gt;&lt;br/&gt;The study of dynamical systems is a modern branch of mathematics which &lt;br/&gt;originated from physics, mechanics, and differential equations. &lt;br/&gt;Hyperbolic and partially hyperbolic systems have been one of the &lt;br/&gt;main objects of study in the area of smooth dynamics. The exponential &lt;br/&gt;contraction and expansion in these systems produces a chaotic behavior &lt;br/&gt;with complex and stable orbit structure. This results in a rich theory &lt;br/&gt;with applications in various areas of natural sciences and mathematics.&lt;br/&gt;The PI considers Anosov and partially hyperbolic systems whose &lt;br/&gt;contraction and expansion exhibit some conformality, i.e. distort &lt;br/&gt;shapes only moderately. In higher dimensions, this condition is &lt;br/&gt;essential for the study of regularity of the invariant foliations and &lt;br/&gt;smoothness of the conjugacy to a small perturbation or to an algebraic &lt;br/&gt;model. It may also yield remarkable rigidity not present in the &lt;br/&gt;low-dimensional case. The PI plans to investigate further the role &lt;br/&gt;of various types of conformality in the regularity properties. Another &lt;br/&gt;goal is to study rigidity under weaker or alternative assumptions such &lt;br/&gt;as smoothness of foliations and preservation of geometric structures.</AbstractNarration>
    <MinAmdLetterDate>05/14/2004</MinAmdLetterDate>
    <MaxAmdLetterDate>05/14/2004</MaxAmdLetterDate>
    <ARRAAmount/>
    <AwardID>0401014</AwardID>
    <Investigator>
      <FirstName>Victoria</FirstName>
      <LastName>Sadovskaya</LastName>
      <EmailAddress>sadovskaya@psu.edu</EmailAddress>
      <StartDate>05/14/2004</StartDate>
      <EndDate/>
      <RoleCode>Principal Investigator</RoleCode>
    </Investigator>
    <Institution>
      <Name>University of South Alabama</Name>
      <CityName>Mobile</CityName>
      <ZipCode>366880002</ZipCode>
      <PhoneNumber>2514606333</PhoneNumber>
      <StreetAddress>307 University Boulevard</StreetAddress>
      <CountryName>United States</CountryName>
      <StateName>Alabama</StateName>
      <StateCode>AL</StateCode>
    </Institution>
    <FoaInformation>
      <Code>0000099</Code>
      <Name>Other Applications NEC</Name>
    </FoaInformation>
  </Award>
</rootTag>
