<?xml version="1.0" encoding="UTF-8"?>

<rootTag>
  <Award>
    <AwardTitle>Holographic Optical Coherence Laser Ranging in Turbid Media</AwardTitle>
    <AwardEffectiveDate>09/15/2004</AwardEffectiveDate>
    <AwardExpirationDate>01/31/2009</AwardExpirationDate>
    <AwardAmount>287199</AwardAmount>
    <AwardInstrument>
      <Value>Continuing grant</Value>
    </AwardInstrument>
    <Organization>
      <Code>07020000</Code>
      <Directorate>
        <LongName>Directorate For Engineering</LongName>
      </Directorate>
      <Division>
        <LongName>Div Of Chem, Bioeng, Env, &amp; Transp Sys</LongName>
      </Division>
    </Organization>
    <ProgramOfficer>
      <SignBlockName>Leon Esterowitz</SignBlockName>
    </ProgramOfficer>
    <AbstractNarration>0401858&lt;br/&gt;Nolte&lt;br/&gt;A full-frame coherence imaging technique is proposed that uses a holographic coherence gate and CCD camera. The coherence gate is a transient grating formed by interference between the appropriately delayed reference beam and the image-bearing light from the sample. Preliminary work shows imaging of tumor masses with this technique. The group has been using custom in-house photorefractive films for the coherence gate, and proposes use of outside vendors for improved film properties. OCI has several attributes that distinguish it from OCT and make it an attractive alternative imaging technique. The PI has pioneered this new technology. This proposal will extend that early work, introducing improvements in dynamic range and speed that will allow a shift of research thrust to the imaging aspects of the technology.</AbstractNarration>
    <MinAmdLetterDate>09/23/2004</MinAmdLetterDate>
    <MaxAmdLetterDate>09/19/2008</MaxAmdLetterDate>
    <ARRAAmount/>
    <AwardID>0401858</AwardID>
    <Investigator>
      <FirstName>David</FirstName>
      <LastName>Nolte</LastName>
      <EmailAddress>nolte@physics.purdue.edu</EmailAddress>
      <StartDate>09/23/2004</StartDate>
      <EndDate/>
      <RoleCode>Principal Investigator</RoleCode>
    </Investigator>
    <Investigator>
      <FirstName>John</FirstName>
      <LastName>Turek</LastName>
      <EmailAddress>turekj@purdue.edu</EmailAddress>
      <StartDate>09/23/2004</StartDate>
      <EndDate/>
      <RoleCode>Co-Principal Investigator</RoleCode>
    </Investigator>
    <Institution>
      <Name>Purdue University</Name>
      <CityName>West Lafayette</CityName>
      <ZipCode>479072114</ZipCode>
      <PhoneNumber>7654941055</PhoneNumber>
      <StreetAddress>Young Hall</StreetAddress>
      <CountryName>United States</CountryName>
      <StateName>Indiana</StateName>
      <StateCode>IN</StateCode>
    </Institution>
    <FoaInformation>
      <Code>0203000</Code>
      <Name>Health</Name>
    </FoaInformation>
  </Award>
</rootTag>
