<?xml version="1.0" encoding="UTF-8"?>

<rootTag>
  <Award>
    <AwardTitle>Higher-Dimensional Analogs of Stable Curves</AwardTitle>
    <AwardEffectiveDate>07/01/2004</AwardEffectiveDate>
    <AwardExpirationDate>08/31/2010</AwardExpirationDate>
    <AwardAmount>291450</AwardAmount>
    <AwardInstrument>
      <Value>Continuing grant</Value>
    </AwardInstrument>
    <Organization>
      <Code>03040000</Code>
      <Directorate>
        <LongName>Direct For Mathematical &amp; Physical Scien</LongName>
      </Directorate>
      <Division>
        <LongName>Division Of Mathematical Sciences</LongName>
      </Division>
    </Organization>
    <ProgramOfficer>
      <SignBlockName>Tie Luo</SignBlockName>
    </ProgramOfficer>
    <AbstractNarration>DMS-0401795&lt;br/&gt;Valery Alexeev&lt;br/&gt;&lt;br/&gt;The project builds on PI's work towards generalizations of stable n-pointed curves to higher dimensions: stable pairs of dimension two and stable pairs with group action: toric, abelian, semiabelian and reductive. He will investigate several new applications of stable pairs and their moduli, including toric Torelli map; characterization of non-regular periodic polyhedral tilings; toric degenerations of reductive varieties with applications to mirror symmetry.&lt;br/&gt;&lt;br/&gt;The main subject of algebraic geometry - the primary field of the investigator's work - is to describe solutions of polynomial equations that are of fundamental importance to mathematics and its applications to science and engineering. Stable curves, whose higher-dimensional generalizations the investigator will continue to study, have seen exciting applications in number theory and in string theory in physics.</AbstractNarration>
    <MinAmdLetterDate>05/19/2004</MinAmdLetterDate>
    <MaxAmdLetterDate>03/13/2008</MaxAmdLetterDate>
    <ARRAAmount/>
    <AwardID>0401795</AwardID>
    <Investigator>
      <FirstName>Valery</FirstName>
      <LastName>Alexeev</LastName>
      <EmailAddress>valery@math.uga.edu</EmailAddress>
      <StartDate>05/19/2004</StartDate>
      <EndDate/>
      <RoleCode>Principal Investigator</RoleCode>
    </Investigator>
    <Institution>
      <Name>University of Georgia Research Foundation Inc</Name>
      <CityName>ATHENS</CityName>
      <ZipCode>306021589</ZipCode>
      <PhoneNumber>7065425939</PhoneNumber>
      <StreetAddress>310 East Campus Rd</StreetAddress>
      <CountryName>United States</CountryName>
      <StateName>Georgia</StateName>
      <StateCode>GA</StateCode>
    </Institution>
    <FoaInformation>
      <Code>0000099</Code>
      <Name>Other Applications NEC</Name>
    </FoaInformation>
  </Award>
</rootTag>
