<?xml version="1.0" encoding="UTF-8"?>

<rootTag>
  <Award>
    <AwardTitle>Ring Closing Metathesis of Enynes-Mechanistic Study and Application</AwardTitle>
    <AwardEffectiveDate>05/01/2004</AwardEffectiveDate>
    <AwardExpirationDate>04/30/2007</AwardExpirationDate>
    <AwardAmount>395000</AwardAmount>
    <AwardInstrument>
      <Value>Continuing grant</Value>
    </AwardInstrument>
    <Organization>
      <Code>03090003</Code>
      <Directorate>
        <LongName>Direct For Mathematical &amp; Physical Scien</LongName>
      </Directorate>
      <Division>
        <LongName>Division Of Chemistry</LongName>
      </Division>
    </Organization>
    <ProgramOfficer>
      <SignBlockName>Tingyu Li</SignBlockName>
    </ProgramOfficer>
    <AbstractNarration>The focus of this research involves five goals: First, to develop a general and efficient enyne ring-closing metathesis (RCM) platform for scope and mechanistic studies. Second, to define the parameters that control the ring closure as well as the E/Z selectivity of the resulting dienes. Third, to study the mechanism of the enyne RCM. Fourth, to generate new ruthenium complexes via the enyne RCM. Fifth, to to apply the RCM methodology to the synthesis of putative 9-membered ring cores of the anticancer antibiotic C-1027. &lt;br/&gt;&lt;br/&gt;With this award, the Organic and Macromolecular Chemistry Program is supporting the research of Dr. Daesung Lee in the Department of Chemistry at the University of Wisconsin, Madison. Professor Lee will focus his work on the development of a new process for the formation of macrocycles (large carbon rings) using the ring-closing metathesis of enynes. Both mechanistic and synthetic approaches will be followed in the project and the methodology will be used to prepare compounds with interesting biological properties. The project has potential for broader impact in the pharmaceutical industry and will serve as an excellent training ground for graduate students.</AbstractNarration>
    <MinAmdLetterDate>04/15/2004</MinAmdLetterDate>
    <MaxAmdLetterDate>02/07/2006</MaxAmdLetterDate>
    <ARRAAmount/>
    <AwardID>0401783</AwardID>
    <Investigator>
      <FirstName>Daesung</FirstName>
      <LastName>Lee</LastName>
      <EmailAddress>dsunglee@uic.edu</EmailAddress>
      <StartDate>04/15/2004</StartDate>
      <EndDate/>
      <RoleCode>Principal Investigator</RoleCode>
    </Investigator>
    <Institution>
      <Name>University of Wisconsin-Madison</Name>
      <CityName>MADISON</CityName>
      <ZipCode>537151218</ZipCode>
      <PhoneNumber>6082623822</PhoneNumber>
      <StreetAddress>21 North Park Street</StreetAddress>
      <CountryName>United States</CountryName>
      <StateName>Wisconsin</StateName>
      <StateCode>WI</StateCode>
    </Institution>
  </Award>
</rootTag>
