<?xml version="1.0" encoding="UTF-8"?>

<rootTag>
  <Award>
    <AwardTitle>Proposal for Hybrid Systems Workshop; March 25-28, 2004, Philadelphia, PA</AwardTitle>
    <AwardEffectiveDate>04/15/2004</AwardEffectiveDate>
    <AwardExpirationDate>03/31/2005</AwardExpirationDate>
    <AwardAmount>20000</AwardAmount>
    <AwardInstrument>
      <Value>Standard Grant</Value>
    </AwardInstrument>
    <Organization>
      <Code>05050000</Code>
      <Directorate>
        <LongName>Direct For Computer &amp; Info Scie &amp; Enginr</LongName>
      </Directorate>
      <Division>
        <LongName>Division Of Computer and Network Systems</LongName>
      </Division>
    </Organization>
    <ProgramOfficer>
      <SignBlockName>D. Helen Gill</SignBlockName>
    </ProgramOfficer>
    <AbstractNarration>The HSCC 2004 {Seventh International Workshop on Hybrid Systems: Computation and Control, and a satellite workshop devoted to foundations and applications of Robustness, Abstractions and Computations, were held March 25-28, 2004 in Philadelphia on the campus of the University of Pennsylvania. The annual workshop on hybrid systems attracts researchers from academia and industry interested in modeling, analysis, and implementation of dynamic and reactive systems involving both discrete and continuous behaviors. The emphasis is on the interdisciplinary nature of the topic, bringing together researchers in computer science and control engineering. HSCC 2004 includes tracks on the use of hybrid systems in computational biology and a special session devoted to foundations of Robustness, Abstractions and Computation. &lt;br/&gt;&lt;br/&gt;NSF support enables participation by U.S. graduate and undergraduate students in hybrid systems.</AbstractNarration>
    <MinAmdLetterDate>04/12/2004</MinAmdLetterDate>
    <MaxAmdLetterDate>04/12/2004</MaxAmdLetterDate>
    <ARRAAmount/>
    <AwardID>0401049</AwardID>
    <Investigator>
      <FirstName>Rajeev</FirstName>
      <LastName>Alur</LastName>
      <EmailAddress>alur@cis.upenn.edu</EmailAddress>
      <StartDate>04/12/2004</StartDate>
      <EndDate/>
      <RoleCode>Principal Investigator</RoleCode>
    </Investigator>
    <Investigator>
      <FirstName>George</FirstName>
      <LastName>Pappas</LastName>
      <EmailAddress>pappasg@ee.upenn.edu</EmailAddress>
      <StartDate>04/12/2004</StartDate>
      <EndDate/>
      <RoleCode>Co-Principal Investigator</RoleCode>
    </Investigator>
    <Institution>
      <Name>University of Pennsylvania</Name>
      <CityName>Philadelphia</CityName>
      <ZipCode>191046205</ZipCode>
      <PhoneNumber>2158987293</PhoneNumber>
      <StreetAddress>Research Services</StreetAddress>
      <CountryName>United States</CountryName>
      <StateName>Pennsylvania</StateName>
      <StateCode>PA</StateCode>
    </Institution>
    <FoaInformation>
      <Code>0000912</Code>
      <Name>Computer Science</Name>
    </FoaInformation>
    <ProgramElement>
      <Code>2801</Code>
      <Text>EMBEDDED &amp; HYBRID SYSTEMS(EHS)</Text>
    </ProgramElement>
    <ProgramReference>
      <Code>9218</Code>
      <Text>BASIC RESEARCH &amp; HUMAN RESORCS</Text>
    </ProgramReference>
    <ProgramReference>
      <Code>HPCC</Code>
      <Text>HIGH PERFORMANCE COMPUTING &amp; COMM</Text>
    </ProgramReference>
    <ProgramReference>
      <Code/>
      <Text/>
    </ProgramReference>
  </Award>
</rootTag>
