<?xml version="1.0" encoding="UTF-8"?>

<rootTag>
  <Award>
    <AwardTitle>Subfactors, bimodules, and quantum mechanics</AwardTitle>
    <AwardEffectiveDate>07/01/2004</AwardEffectiveDate>
    <AwardExpirationDate>06/30/2009</AwardExpirationDate>
    <AwardAmount>608464</AwardAmount>
    <AwardInstrument>
      <Value>Continuing grant</Value>
    </AwardInstrument>
    <Organization>
      <Code>03040100</Code>
      <Directorate>
        <LongName>Direct For Mathematical &amp; Physical Scien</LongName>
      </Directorate>
      <Division>
        <LongName>Division Of Mathematical Sciences</LongName>
      </Division>
    </Organization>
    <ProgramOfficer>
      <SignBlockName>Joe W. Jenkins</SignBlockName>
    </ProgramOfficer>
    <AbstractNarration>The project involves continued work on subfactor and planar algebra theory and a new investigation of the relation between the Connes tensor product of bimodules over von Neumann algebras and very strongly intertwined quantum systems. The planar operad can be used to axiomatise a large class of hyperfinite subfactors and we intend to exploit this new point of view to better understand existing examples and discover new ones, as well as exploring planar algebras beyond the positivity condition required for subfactors. We say that two quantum systems are very strongly intertwined if there is an algebra of "common observables" which means that certain of one system automatically yield measurement of the other system. We would then expect the Hilbert space for the joint system to be the Connes tensor product of the individual Hilbert space, taken over the von Neumann algebra of common observables. We shall look for such systems and see if this kind of intertwining has observable consequences.&lt;br/&gt;&lt;br/&gt;The project is a continuing investigation of the mathematical structure of quantum mechanics-the study of the universe on a very small scale. The states of a system ("wave functions") are defined by a Hilbert space and operators on that Hilbert Space represent measurements. A von Neumann algebra is a collection of operators with certain physically relevant closure properties. "Factors" are von Neumann algebras with no operators commuting with all others in the algebra. The algebra of all observables localized in a region of space-time is a factor. Subfactors occur in interesting ways when considering the causal geometry of space-time. The project focuses on subfactors and a related way of combining two quantum systems called the Connes tensor product which is capable of identifying a von Neumann algebra of observables on one system with such an algebra on the other. There are potential applications of these ideas to quantum computing, especially through the approach of Michael Freedman.</AbstractNarration>
    <MinAmdLetterDate>04/01/2004</MinAmdLetterDate>
    <MaxAmdLetterDate>04/04/2008</MaxAmdLetterDate>
    <ARRAAmount/>
    <AwardID>0401734</AwardID>
    <Investigator>
      <FirstName>Vaughan</FirstName>
      <LastName>Jones</LastName>
      <EmailAddress>vaughan.f.jones@vanderbilt.edu</EmailAddress>
      <StartDate>04/01/2004</StartDate>
      <EndDate/>
      <RoleCode>Principal Investigator</RoleCode>
    </Investigator>
    <Institution>
      <Name>University of California-Berkeley</Name>
      <CityName>BERKELEY</CityName>
      <ZipCode>947045940</ZipCode>
      <PhoneNumber>5106428109</PhoneNumber>
      <StreetAddress>Sponsored Projects Office</StreetAddress>
      <CountryName>United States</CountryName>
      <StateName>California</StateName>
      <StateCode>CA</StateCode>
    </Institution>
    <FoaInformation>
      <Code>0000099</Code>
      <Name>Other Applications NEC</Name>
    </FoaInformation>
  </Award>
</rootTag>
