<?xml version="1.0" encoding="UTF-8"?>

<rootTag>
  <Award>
    <AwardTitle>International Workshop on Advances in Predictive Modeling</AwardTitle>
    <AwardEffectiveDate>01/01/2004</AwardEffectiveDate>
    <AwardExpirationDate>12/31/2005</AwardExpirationDate>
    <AwardAmount>22500</AwardAmount>
    <AwardInstrument>
      <Value>Interagency Agreement</Value>
    </AwardInstrument>
    <Organization>
      <Code>07030000</Code>
      <Directorate>
        <LongName>Directorate For Engineering</LongName>
      </Directorate>
      <Division>
        <LongName>Div Of Civil, Mechanical, &amp; Manufact Inn</LongName>
      </Division>
    </Organization>
    <ProgramOfficer>
      <SignBlockName>Thomas Siegmund</SignBlockName>
    </ProgramOfficer>
    <AbstractNarration>ABSTRACT&lt;br/&gt;International Workshop on Advances in Predictive Modeling&lt;br/&gt;Project Summary, NSF Proposal # 0401013&lt;br/&gt;&lt;br/&gt; A workshop for advancing the understanding of composite materials is proposed with an emphasis on modeling, analysis, and design of advanced fiber-reinforced composites (FRCs). The workshop is to be held in the US in September 2005. The following research areas are cited as areas ripe for discussion and possible workshop topics: (1) microstructure designed, optimal design and computer-designed materials, (2) micro-architectured materials, (3) nano-technology and nano-structure designed materials, (3) MEMS and smart materials, and (4) information technology materials. Technology gaps in modeling FRCs through the continuum of their length scales will be addressed; from individual fibers (micron level) to test coupons (centimeters) to complete structures (tens or hundreds of meters), extant models do not fully capture FRC behavior. The format of half-day plenary sessions followed by afternoon workshops offers a venue in which substantial progress can be made in gaining an in-depth, physics-based understanding of composite material behavior.&lt;br/&gt;&lt;br/&gt;PIs: Lt Col James M. Greer, Jr., Ph.D., P.E.&lt;br/&gt; Maj James P. Solti, Ph.D.&lt;br/&gt; USAF Academy CO&lt;br/&gt; (719) 333-3618&lt;br/&gt;&lt;br/&gt; Prof. Peter W.R. Beaumont, D.Sc.&lt;br/&gt; Cambridge University, UK</AbstractNarration>
    <MinAmdLetterDate>12/15/2003</MinAmdLetterDate>
    <MaxAmdLetterDate>12/15/2003</MaxAmdLetterDate>
    <ARRAAmount/>
    <AwardID>0401013</AwardID>
    <Investigator>
      <FirstName>James</FirstName>
      <LastName>Greer Jr</LastName>
      <EmailAddress>jim.greer.ctr@usafa.af.mil</EmailAddress>
      <StartDate>12/15/2003</StartDate>
      <EndDate/>
      <RoleCode>Principal Investigator</RoleCode>
    </Investigator>
    <Investigator>
      <FirstName>James</FirstName>
      <LastName>Solti</LastName>
      <EmailAddress>jim.solti@usafa.af.mil</EmailAddress>
      <StartDate>12/15/2003</StartDate>
      <EndDate/>
      <RoleCode>Co-Principal Investigator</RoleCode>
    </Investigator>
    <Institution>
      <Name>United States Air Force Academy</Name>
      <CityName>USAF Academy</CityName>
      <ZipCode>808406208</ZipCode>
      <PhoneNumber>7193334195</PhoneNumber>
      <StreetAddress>HQ USAF Academy</StreetAddress>
      <CountryName>United States</CountryName>
      <StateName>Colorado</StateName>
      <StateCode>CO</StateCode>
    </Institution>
    <FoaInformation>
      <Code>0308000</Code>
      <Name>Industrial Technology</Name>
    </FoaInformation>
  </Award>
</rootTag>
