<?xml version="1.0" encoding="UTF-8"?>

<rootTag>
  <Award>
    <AwardTitle>International Research Fellowship Program: Flight and Motion Perception in Nocturnal Bees</AwardTitle>
    <AwardEffectiveDate>08/01/2004</AwardEffectiveDate>
    <AwardExpirationDate>05/31/2006</AwardExpirationDate>
    <AwardAmount>144274</AwardAmount>
    <AwardInstrument>
      <Value>Fellowship</Value>
    </AwardInstrument>
    <Organization>
      <Code>01090000</Code>
      <Directorate>
        <LongName>Office Of The Director</LongName>
      </Directorate>
      <Division>
        <LongName>Office Of Internatl Science &amp;Engineering</LongName>
      </Division>
    </Organization>
    <ProgramOfficer>
      <SignBlockName>Anne L. Emig</SignBlockName>
    </ProgramOfficer>
    <AbstractNarration>0401906&lt;br/&gt;Theobald&lt;br/&gt;&lt;br/&gt;The International Research Fellowship Program enables U.S. scientists and engineers to conduct three to twenty-four months of research abroad. The program's awards provide opportunities for joint research, and the use of unique or complementary facilities, expertise and experimental conditions abroad.&lt;br/&gt;&lt;br/&gt;This award will support a twenty-two-month research fellowship by Dr. Jamie C. Theobald to work with Dr. Eric J. Warrant at Lund University in Sweden and at the Smithsonian Tropical Research Institute on Barro Colorado Island in Panama. &lt;br/&gt;&lt;br/&gt;This project examines the neural mechanisms through which animals maintain reliable vision in darkness. Megalopta genalis are fully nocturnal neotropical bees which visually navigate through forests 20 times dimmer than starlight. Night activity is rare among bees because they possess apposition compound eyes, a design unsuited to low light, and leaving little room to improve vision optically. Their retinas absorb signals compromised by the quantum phenomenon of photon noise. This research tests the hypothesis that Megalopta rely on neural summation to see well in the dark. Behavioral and neurobiological experiments reveal the signal processing between sensory input and muscular output, and produce mathematical models to describe it analytically. Behavior is characterized by filming bee flight around a nest to correlate light level with flight agility. Neural processing is examined by displaying visual scenes while electrically recording from retinal cells, and brain cells that detect self-motion during flight. The expectation is that Megalopta uses neural summation to fly and navigate in darkness which manifests in low optimum spatial and temporal frequencies in motion-detecting neurons, and flight that sacrifices sharp maneuvers in the dark.</AbstractNarration>
    <MinAmdLetterDate>06/22/2004</MinAmdLetterDate>
    <MaxAmdLetterDate>06/22/2004</MaxAmdLetterDate>
    <ARRAAmount/>
    <AwardID>0401906</AwardID>
    <Investigator>
      <FirstName>Jamie</FirstName>
      <LastName>Theobald</LastName>
      <EmailAddress/>
      <StartDate>06/22/2004</StartDate>
      <EndDate/>
      <RoleCode>Principal Investigator</RoleCode>
    </Investigator>
    <Institution>
      <Name>Theobald Jamie C</Name>
      <CityName>Seattle</CityName>
      <ZipCode>981951800</ZipCode>
      <PhoneNumber/>
      <StreetAddress/>
      <CountryName>United States</CountryName>
      <StateName>Washington</StateName>
      <StateCode>WA</StateCode>
    </Institution>
    <FoaInformation>
      <Code>0510404</Code>
      <Name>Sensry Physiology &amp; Perc</Name>
    </FoaInformation>
    <ProgramElement>
      <Code>7316</Code>
      <Text>EAPSI</Text>
    </ProgramElement>
    <ProgramReference>
      <Code>0000</Code>
      <Text>UNASSIGNED</Text>
    </ProgramReference>
    <ProgramReference>
      <Code>5956</Code>
      <Text>IRFP</Text>
    </ProgramReference>
    <ProgramReference>
      <Code>OTHR</Code>
      <Text>OTHER RESEARCH OR EDUCATION</Text>
    </ProgramReference>
  </Award>
</rootTag>
