<?xml version="1.0" encoding="UTF-8"?>

<rootTag>
  <Award>
    <AwardTitle>Collaborative Research: Influences of Halogen Chemistry on Processing of North American Pollutant Outflow</AwardTitle>
    <AwardEffectiveDate>05/15/2004</AwardEffectiveDate>
    <AwardExpirationDate>04/30/2007</AwardExpirationDate>
    <AwardAmount>334952</AwardAmount>
    <AwardInstrument>
      <Value>Continuing grant</Value>
    </AwardInstrument>
    <Organization>
      <Code>06020104</Code>
      <Directorate>
        <LongName>Directorate For Geosciences</LongName>
      </Directorate>
      <Division>
        <LongName>Div Atmospheric &amp; Geospace Sciences</LongName>
      </Division>
    </Organization>
    <ProgramOfficer>
      <SignBlockName>Anne-Marie Schmoltner</SignBlockName>
    </ProgramOfficer>
    <AbstractNarration>The recognition of the roles of halogen chemistry and elucidation of the details for various atmospheric environments has been important in improving understanding of a number of processes including ozone depletion in the stratosphere and in the Arctic boundary layer. In the troposphere, the understanding of detailed mechanisms for halogen production and the implications of the presence of halogens, in addition to other oxidants, is not complete and requires further study. This collaborative project involving researchers from four institutions will examine the role of halogen chemistry in the polluted outflow plume off the coast of the northeast U.S. In particular, the influence of halogen chemistry on the ozone budget, on nighttime radical chemistry, on aerosol production and evolution, and on the interaction of the pollution plume with marine boundary layer chemical and physical processes. This will be accomplished by a comprehensive suite of analytical instrumentation measuring important quantities during an observation phase of the study in the summer of 2004, followed by detailed analysis of these observations. &lt;br/&gt;&lt;br/&gt;This project will take advantage of, and contribute to, the multiple field campaigns taking place in the summer of 2004 under the umbrella of the International Consortium for Research on Transport and Transformation (ICARTT). This will encourage synergy between the field programs sponsored by NASA (Intercontinental Chemical Transport Experiment, INTEX-A), NOAA (New England Air Quality Study - Intercontinental Transport and Chemical Transformation, NEAQS - ITCT 2004), and European agencies (Intercontinental Transport of Pollution, ITOP). In addition, the AIRMAP (Atmospheric Investigation, Regional Modeling and Prediction) program at the University of New Hampshire is enhancing measurement sites on coastal islands to contribute to this effort.&lt;br/&gt;&lt;br/&gt;In addition to improving understanding of halogen chemical processes in the lower atmosphere, thus leading to enhanced ability to predict future changes in the atmosphere, this project will also train graduate and undergraduate students and strengthen the partnership between the participating institutions. There will also be significant public outreach activities.</AbstractNarration>
    <MinAmdLetterDate>04/16/2004</MinAmdLetterDate>
    <MaxAmdLetterDate>02/15/2005</MaxAmdLetterDate>
    <ARRAAmount/>
    <AwardID>0401611</AwardID>
    <Investigator>
      <FirstName>Lynn</FirstName>
      <LastName>Russell</LastName>
      <EmailAddress>lmrussell@ucsd.edu</EmailAddress>
      <StartDate>04/16/2004</StartDate>
      <EndDate/>
      <RoleCode>Principal Investigator</RoleCode>
    </Investigator>
    <Investigator>
      <FirstName>Roland</FirstName>
      <LastName>von Glasow</LastName>
      <EmailAddress>roland@fiji.ucsd.edu</EmailAddress>
      <StartDate>04/16/2004</StartDate>
      <EndDate/>
      <RoleCode>Co-Principal Investigator</RoleCode>
    </Investigator>
    <Institution>
      <Name>University of California-San Diego Scripps Inst of Oceanography</Name>
      <CityName>LA JOLLA</CityName>
      <ZipCode>920930210</ZipCode>
      <PhoneNumber>8585341293</PhoneNumber>
      <StreetAddress>8602 La Jolla Shores Dr</StreetAddress>
      <CountryName>United States</CountryName>
      <StateName>California</StateName>
      <StateCode>CA</StateCode>
    </Institution>
    <FoaInformation>
      <Code>0000099</Code>
      <Name>Other Applications NEC</Name>
    </FoaInformation>
  </Award>
</rootTag>
