<?xml version="1.0" encoding="UTF-8"?>

<rootTag>
  <Award>
    <AwardTitle>Collaborative Research: Holocene/Deglacial Abrupt Climate Change and Variability of the Western Pacific Warm Pool from Multi-decadal to Century-scale Coral Climate Records</AwardTitle>
    <AwardEffectiveDate>05/15/2004</AwardEffectiveDate>
    <AwardExpirationDate>08/31/2007</AwardExpirationDate>
    <AwardAmount>232225</AwardAmount>
    <AwardInstrument>
      <Value>Standard Grant</Value>
    </AwardInstrument>
    <Organization>
      <Code>06040200</Code>
      <Directorate>
        <LongName>Directorate For Geosciences</LongName>
      </Directorate>
      <Division>
        <LongName>Division Of Ocean Sciences</LongName>
      </Division>
    </Organization>
    <ProgramOfficer>
      <SignBlockName>Howard J. Spero</SignBlockName>
    </ProgramOfficer>
    <AbstractNarration>Under this award the PIs will use fossil corals from the western Solomon Islands and eastern Papua New Guinea to reconstruct high-resolution Holocene/ Deglacial paleoclimate records. The study area is located near the heart of the Western Pacific Warm Pool (WPWP), a region that serves as the heat engine of the planetary climate system and a primary source of water vapor to the atmosphere. Studies of the instrumental record show that variations in the thermal and hydrologic properties of the WPWP have global ocean and atmospheric ramifications. This project would generate monthly resolved, multidecadal to century-scale proxy records of thermal and hydrologic variability in the WPWP via paired isotopic (?18O) and elemental ratio (Sr/Ca, Mg/Ca, U/Ca) determinations in fossil corals. These geochemical determinations will be made after the fossil coral samples have been evaluated for potential diagenetic alteration using petrography and mineralogy criteria and after they have been precisely dated by TIMS U-series analysis. The coral proxy climate records will be used to 1) identify and define the timing and magnitude of abrupt transitions and extremes in Holocene/Deglacial climate in the WPWP and determine how abrupt changes in the tropics are related to previously defined intervals of abrupt change in the extra-tropics; and 2) determine how changes in the mean climate state of the WPWP tropical region influence the nature of tropical climate variability on interannual to centennial timescales during the Holocene.</AbstractNarration>
    <MinAmdLetterDate>05/11/2004</MinAmdLetterDate>
    <MaxAmdLetterDate>05/11/2004</MaxAmdLetterDate>
    <ARRAAmount/>
    <AwardID>0401810</AwardID>
    <Investigator>
      <FirstName>Terrence</FirstName>
      <LastName>Quinn</LastName>
      <EmailAddress>quinn@ig.utexas.edu</EmailAddress>
      <StartDate>05/11/2004</StartDate>
      <EndDate/>
      <RoleCode>Principal Investigator</RoleCode>
    </Investigator>
    <Institution>
      <Name>University of South Florida</Name>
      <CityName>Tampa</CityName>
      <ZipCode>336129446</ZipCode>
      <PhoneNumber>8139742897</PhoneNumber>
      <StreetAddress>3702 Spectrum Blvd.</StreetAddress>
      <CountryName>United States</CountryName>
      <StateName>Florida</StateName>
      <StateCode>FL</StateCode>
    </Institution>
    <FoaInformation>
      <Code>0204000</Code>
      <Name>Oceanography</Name>
    </FoaInformation>
    <ProgramElement>
      <Code>1620</Code>
      <Text>MARINE GEOLOGY AND GEOPHYSICS</Text>
    </ProgramElement>
    <ProgramReference>
      <Code>0000</Code>
      <Text>UNASSIGNED</Text>
    </ProgramReference>
    <ProgramReference>
      <Code>OTHR</Code>
      <Text>OTHER RESEARCH OR EDUCATION</Text>
    </ProgramReference>
  </Award>
</rootTag>
