<?xml version="1.0" encoding="UTF-8"?>

<rootTag>
  <Award>
    <AwardTitle>2004 Granular and Granular-Fluid Flow to be held at Colby College, Maine from June 27 to July 2, 2004.</AwardTitle>
    <AwardEffectiveDate>01/01/2004</AwardEffectiveDate>
    <AwardExpirationDate>12/31/2004</AwardExpirationDate>
    <AwardAmount>9975</AwardAmount>
    <AwardInstrument>
      <Value>Standard Grant</Value>
    </AwardInstrument>
    <Organization>
      <Code>07020000</Code>
      <Directorate>
        <LongName>Directorate For Engineering</LongName>
      </Directorate>
      <Division>
        <LongName>Div Of Chem, Bioeng, Env, &amp; Transp Sys</LongName>
      </Division>
    </Organization>
    <ProgramOfficer>
      <SignBlockName>Triantafillos Mountziaris</SignBlockName>
    </ProgramOfficer>
    <AbstractNarration>Abstract&lt;br/&gt;CTS-0401651&lt;br/&gt;M. Louge, Gordon Research Conferences&lt;br/&gt;&lt;br/&gt;&lt;br/&gt;This proposal solicits NSF funding to help young investigators (Graduate Students,&lt;br/&gt;Post-Doctoral Associates, Assistant Professors) attend the 2004 Gordon Research Conference (GRC) on Granular and Granular-Fluid Flow to be held at Colby College from June 27 to July 2, 2004.&lt;br/&gt;&lt;br/&gt;The field of Granular and Granular-Fluid Flows is experiencing fast progress that is driven by the Mathematics, Physics, Engineering and Geophysics communities. The 2004 meeting will be the second GRC on this subject. Its purpose is to discuss cutting-edge research in this rapidly advancing field, and to encourage new collaborations from scientists in disciplines that normally do not intersect.&lt;br/&gt;&lt;br/&gt;GRC meetings are deliberately structured to foster open discussions on cutting-edge research. The 2004 organization committee has developed a program with 26 speakers talking about recent developments, 9 discussion leaders, and up to 80 posters. The PI will invite between 100 and 135 participants and, with NSF's help, encourage the participation of emerging researchers.&lt;br/&gt;&lt;br/&gt;Finally, the PI will also invite industrial participants. Merck, Procter and Gamble, and Exxon Mobil will send scientists who are active in the field. The flow of granular solids, their mixing behavior, the nature of colloidal suspensions, and the transport of gas-solid mixtures are examples of phenomena that are of considerable importance to industry.</AbstractNarration>
    <MinAmdLetterDate>11/12/2003</MinAmdLetterDate>
    <MaxAmdLetterDate>11/12/2003</MaxAmdLetterDate>
    <ARRAAmount/>
    <AwardID>0401651</AwardID>
    <Investigator>
      <FirstName>Michel</FirstName>
      <LastName>Louge</LastName>
      <EmailAddress>MYL3@cornell.edu</EmailAddress>
      <StartDate>11/12/2003</StartDate>
      <EndDate/>
      <RoleCode>Principal Investigator</RoleCode>
    </Investigator>
    <Institution>
      <Name>Gordon Research Conferences</Name>
      <CityName>West Kingston</CityName>
      <ZipCode>028921502</ZipCode>
      <PhoneNumber>4017834011</PhoneNumber>
      <StreetAddress>512 Liberty Lane</StreetAddress>
      <CountryName>United States</CountryName>
      <StateName>Rhode Island</StateName>
      <StateCode>RI</StateCode>
    </Institution>
    <FoaInformation>
      <Code>0308000</Code>
      <Name>Industrial Technology</Name>
    </FoaInformation>
    <ProgramElement>
      <Code>1415</Code>
      <Text>PARTICULATE &amp;MULTIPHASE PROCES</Text>
    </ProgramElement>
    <ProgramElement>
      <Code>1712</Code>
      <Text>DMR SHORT TERM SUPPORT</Text>
    </ProgramElement>
    <ProgramReference>
      <Code>0000</Code>
      <Text>UNASSIGNED</Text>
    </ProgramReference>
    <ProgramReference>
      <Code>OTHR</Code>
      <Text>OTHER RESEARCH OR EDUCATION</Text>
    </ProgramReference>
  </Award>
</rootTag>
