<?xml version="1.0" encoding="UTF-8"?>

<rootTag>
  <Award>
    <AwardTitle>ITR/EAR Proposal for Developing a Distributed Computing Infrastructure for Computational Thermodynamics with Applications to Geochemistry and Petrology</AwardTitle>
    <AwardEffectiveDate>09/01/2003</AwardEffectiveDate>
    <AwardExpirationDate>09/30/2005</AwardExpirationDate>
    <AwardAmount>278432</AwardAmount>
    <AwardInstrument>
      <Value>Continuing grant</Value>
    </AwardInstrument>
    <Organization>
      <Code>06030000</Code>
      <Directorate>
        <LongName>Directorate For Geosciences</LongName>
      </Directorate>
      <Division>
        <LongName>Division Of Earth Sciences</LongName>
      </Division>
    </Organization>
    <ProgramOfficer>
      <SignBlockName>Russell C. Kelz</SignBlockName>
    </ProgramOfficer>
    <AbstractNarration>0218634&lt;br/&gt;Ghiorso&lt;br/&gt;&lt;br/&gt;This Information Technology Research Program grant supports the development of a distributed computing infrastructure in computational petrology. The computational model calls for the development of highly optimized and rigorously tested server code that will be built to perform basic level phase property/stability calculations. This code will be published as an Application Programming Interface (API) and distributed via a CORBA IDL to client machines on the Internet. Remote users will access the server in one of two ways: either as remote procedure calls from user written clients, or by downloading clients developed in conjunction with the server code effort that are designed to solve specific problems. Clients will be written to address the needs of both the research and the teaching community. Extensive documentation and tutorials will be produced. &lt;br/&gt;&lt;br/&gt;***</AbstractNarration>
    <MinAmdLetterDate>10/24/2003</MinAmdLetterDate>
    <MaxAmdLetterDate>08/02/2004</MaxAmdLetterDate>
    <ARRAAmount/>
    <AwardID>0401510</AwardID>
    <Investigator>
      <FirstName>Mark</FirstName>
      <LastName>Ghiorso</LastName>
      <EmailAddress>ghiorso@ofm-research.org</EmailAddress>
      <StartDate>10/24/2003</StartDate>
      <EndDate/>
      <RoleCode>Principal Investigator</RoleCode>
    </Investigator>
    <Institution>
      <Name>University of Chicago</Name>
      <CityName>Chicago</CityName>
      <ZipCode>606375418</ZipCode>
      <PhoneNumber>7737028669</PhoneNumber>
      <StreetAddress>5801 South Ellis Avenue</StreetAddress>
      <CountryName>United States</CountryName>
      <StateName>Illinois</StateName>
      <StateCode>IL</StateCode>
    </Institution>
    <ProgramElement>
      <Code>1686</Code>
      <Text>ITR SMALL GRANTS</Text>
    </ProgramElement>
    <ProgramReference>
      <Code>0000</Code>
      <Text>UNASSIGNED</Text>
    </ProgramReference>
    <ProgramReference>
      <Code>OTHR</Code>
      <Text>OTHER RESEARCH OR EDUCATION</Text>
    </ProgramReference>
  </Award>
</rootTag>
