<?xml version="1.0" encoding="UTF-8"?>

<rootTag>
  <Award>
    <AwardTitle>Oceanographic Instrumentation</AwardTitle>
    <AwardEffectiveDate>09/01/2004</AwardEffectiveDate>
    <AwardExpirationDate>08/31/2005</AwardExpirationDate>
    <AwardAmount>27328</AwardAmount>
    <AwardInstrument>
      <Value>Standard Grant</Value>
    </AwardInstrument>
    <Organization>
      <Code>06040101</Code>
      <Directorate>
        <LongName>Directorate For Geosciences</LongName>
      </Directorate>
      <Division>
        <LongName>Division Of Ocean Sciences</LongName>
      </Division>
    </Organization>
    <ProgramOfficer>
      <SignBlockName>Alexander Shor</SignBlockName>
    </ProgramOfficer>
    <AbstractNarration>0401819&lt;br/&gt;Weingartner&lt;br/&gt;This award to University of Alaska Fairbanks provides support for the acquisition of oceanographic instrumentation to be used on R/V Alpha Helix, a 132' research vessel operated by the university's Seward Marine Center as part of the University-National Oceanographic Laboratory System (UNOLS) research fleet. Specifically, support is recommended to acquire a digital delay-pulse generator, tools for fiber optic cable diagnostics and splicing, network switches, a fluorometer, and a pure water maker. All of these items are intended for shared-use operation. These acquisitions should provide a substantial advantage to marine scientists using R/V Alpha Helix in their research during 2004 and future years.&lt;br/&gt;***</AbstractNarration>
    <MinAmdLetterDate>08/28/2004</MinAmdLetterDate>
    <MaxAmdLetterDate>08/28/2004</MaxAmdLetterDate>
    <ARRAAmount/>
    <AwardID>0401819</AwardID>
    <Investigator>
      <FirstName>Thomas</FirstName>
      <LastName>Weingartner</LastName>
      <EmailAddress>weingart@ims.uaf.edu</EmailAddress>
      <StartDate>08/28/2004</StartDate>
      <EndDate/>
      <RoleCode>Principal Investigator</RoleCode>
    </Investigator>
    <Institution>
      <Name>University of Alaska Fairbanks Campus</Name>
      <CityName>Fairbanks</CityName>
      <ZipCode>997757880</ZipCode>
      <PhoneNumber>9074747301</PhoneNumber>
      <StreetAddress>West Ridge Research Bldg 008</StreetAddress>
      <CountryName>United States</CountryName>
      <StateName>Alaska</StateName>
      <StateCode>AK</StateCode>
    </Institution>
    <FoaInformation>
      <Code>0204000</Code>
      <Name>Oceanography</Name>
    </FoaInformation>
    <ProgramElement>
      <Code>5413</Code>
      <Text>OCEANOGRAPHIC INSTRUMENTATION</Text>
    </ProgramElement>
    <ProgramReference>
      <Code>0000</Code>
      <Text>UNASSIGNED</Text>
    </ProgramReference>
    <ProgramReference>
      <Code>9150</Code>
      <Text>EXP PROG TO STIM COMP RES</Text>
    </ProgramReference>
    <ProgramReference>
      <Code>OTHR</Code>
      <Text>OTHER RESEARCH OR EDUCATION</Text>
    </ProgramReference>
  </Award>
</rootTag>
