<?xml version="1.0" encoding="UTF-8"?>

<rootTag>
  <Award>
    <AwardTitle>Integrated Micro-Scale Power Electronics</AwardTitle>
    <AwardEffectiveDate>06/01/2004</AwardEffectiveDate>
    <AwardExpirationDate>05/31/2007</AwardExpirationDate>
    <AwardAmount>209754</AwardAmount>
    <AwardInstrument>
      <Value>Standard Grant</Value>
    </AwardInstrument>
    <Organization>
      <Code>07010000</Code>
      <Directorate>
        <LongName>Directorate For Engineering</LongName>
      </Directorate>
      <Division>
        <LongName>Div Of Electrical, Commun &amp; Cyber Sys</LongName>
      </Division>
    </Organization>
    <ProgramOfficer>
      <SignBlockName>Dagmar Niebur</SignBlockName>
    </ProgramOfficer>
    <AbstractNarration>The rapid evolution of micro-scale systems technology is generating a demand for power electronic circuits that achieve unprecedented levels of miniaturization. Furthermore, there is a tremendous need for these power electronics to be manufacturable via batch microfabrication techniques and integrable with other microsystem components. The passive energy-storage components used in power electronics are a major obstacle to achieving miniaturization and integration. The energy storage density limitations of passive components and their poor scaling characteristics impair converter performance at small scales. Integrated fabrication of micro-scale power electronics requires components and topologies that circumvent these problems. &lt;br/&gt;&lt;br/&gt;The research program described here addresses the twin challenges of miniaturization and integrated fabrication of micro-scale power electronics. Two closely-related approaches for meeting these challenges are proposed. The first approach explores novel passive components and circuit topologies based on multi-resonant filter networks that take advantage of the ratiometric matching available through microfabrication. These structures and topologies are compatible with conventional power conversion methods, but require much lower passive-component size. The second approach explores alternative micro-scale passive components that incorporate mechanical modes of energy storage. These microelectromechanical filter components are compatible with the new circuit topologies explored here, can be implemented with MEMS fabrication techniques, and exhibit improved scaling characteristics.&lt;br/&gt;&lt;br/&gt;The research results have the potential for tremendous impact on the size, performance, and manufacturability of micro-scale power electronics. In pursuing this project, we will also address an important education issue: the need for engineers that are capable of bringing micro-scale power electronics into widespread application. This will be accomplished by engaging students in the research, incorporating key research results into our education and community outreach efforts, and by forging synergistic ties between the research and courses at MIT. As part of these efforts, we will endeavor to engage students with a broad variety of backgrounds in the work, and especially to engage students from under-represented groups.</AbstractNarration>
    <MinAmdLetterDate>04/07/2004</MinAmdLetterDate>
    <MaxAmdLetterDate>04/07/2004</MaxAmdLetterDate>
    <ARRAAmount/>
    <AwardID>0401278</AwardID>
    <Investigator>
      <FirstName>Jeffrey</FirstName>
      <LastName>Lang</LastName>
      <EmailAddress>lang@mit.edu</EmailAddress>
      <StartDate>04/07/2004</StartDate>
      <EndDate/>
      <RoleCode>Co-Principal Investigator</RoleCode>
    </Investigator>
    <Investigator>
      <FirstName>David</FirstName>
      <LastName>Perreault</LastName>
      <EmailAddress>djperrea@mit.edu</EmailAddress>
      <StartDate>04/07/2004</StartDate>
      <EndDate/>
      <RoleCode>Principal Investigator</RoleCode>
    </Investigator>
    <Institution>
      <Name>Massachusetts Institute of Technology</Name>
      <CityName>Cambridge</CityName>
      <ZipCode>021394301</ZipCode>
      <PhoneNumber>6172531000</PhoneNumber>
      <StreetAddress>77 MASSACHUSETTS AVE</StreetAddress>
      <CountryName>United States</CountryName>
      <StateName>Massachusetts</StateName>
      <StateCode>MA</StateCode>
    </Institution>
    <FoaInformation>
      <Code>0306000</Code>
      <Name>Energy Research &amp; Resources</Name>
    </FoaInformation>
    <ProgramElement>
      <Code>1518</Code>
      <Text>CONTROL, NETWORKS, &amp; COMP INTE</Text>
    </ProgramElement>
    <ProgramReference>
      <Code>0000</Code>
      <Text>UNASSIGNED</Text>
    </ProgramReference>
    <ProgramReference>
      <Code>1238</Code>
      <Text>TECH FOR SUSTAINABLE ENVIRONMENT</Text>
    </ProgramReference>
    <ProgramReference>
      <Code>OTHR</Code>
      <Text>OTHER RESEARCH OR EDUCATION</Text>
    </ProgramReference>
  </Award>
</rootTag>
