<?xml version="1.0" encoding="UTF-8"?>

<rootTag>
  <Award>
    <AwardTitle>Towards Understanding of Properties and Nature of Dark Energy</AwardTitle>
    <AwardEffectiveDate>06/01/2004</AwardEffectiveDate>
    <AwardExpirationDate>05/31/2007</AwardExpirationDate>
    <AwardAmount>201000</AwardAmount>
    <AwardInstrument>
      <Value>Fellowship</Value>
    </AwardInstrument>
    <Organization>
      <Code>03020000</Code>
      <Directorate>
        <LongName>Direct For Mathematical &amp; Physical Scien</LongName>
      </Directorate>
      <Division>
        <LongName>Division Of Astronomical Sciences</LongName>
      </Division>
    </Organization>
    <ProgramOfficer>
      <SignBlockName>Dana E Lehr</SignBlockName>
    </ProgramOfficer>
    <AbstractNarration>Dr. Huterer is awarded an NSF Astronomy and Astrophysics Postdoctoral Fellowship to carry out a program of research and education at the Center for Cosmological Physics at the University of Chicago. The dominant theory behind the recent discovery of the accelerating expansion of the universe involves a mysterious component called dark energy. The nature of dark energy and the physics mechanism responsible for its existence remain one of the central questions of cosmology and particle physics. Dr. Huterer's research program will both explore existing and develop new mathematical methods aimed to understand properties of dark energy. In particular, Dr. Huterer will (1) study theory uncertainty in weak gravitational lensing, leading to the derivation of theory accuracy requirements for upcoming observational surveys, (2) build phenomenological models to help explain why dark energy becomes dominant only at low redshifts, and (3) propose new methods for studying dark energy.&lt;br/&gt;&lt;br/&gt;Dr. Huterer will also carry out an educational program of interactive lectures and activities, tailored specifically for urban middle school students at North Kenwood/Oakland Charter School on Chicago's south side. Dr. Huterer will help to develop curriculum for a cosmology unit as part of the school's General Science program, organize and teach after-school science labs, and mentor students on a weekly basis. Dr. Huturer will also help to organize the annual Yerkes Summer Institute workshops at Yerkes Observatory in Wisconsin, in which the majority of participants are urban Chicago high school students.</AbstractNarration>
    <MinAmdLetterDate>05/13/2004</MinAmdLetterDate>
    <MaxAmdLetterDate>05/23/2006</MaxAmdLetterDate>
    <ARRAAmount/>
    <AwardID>0401066</AwardID>
    <Investigator>
      <FirstName>Dragan</FirstName>
      <LastName>Huterer</LastName>
      <EmailAddress/>
      <StartDate>05/13/2004</StartDate>
      <EndDate/>
      <RoleCode>Principal Investigator</RoleCode>
    </Investigator>
    <Institution>
      <Name>Huterer Dragan</Name>
      <CityName>Cleveland Heights</CityName>
      <ZipCode>441067079</ZipCode>
      <PhoneNumber></PhoneNumber>
      <StreetAddress></StreetAddress>
      <CountryName>United States</CountryName>
      <StateName>Ohio</StateName>
      <StateCode>OH</StateCode>
    </Institution>
  </Award>
</rootTag>
