<?xml version="1.0" encoding="UTF-8"?>

<rootTag>
  <Award>
    <AwardTitle>2004 Composites Gordon Research Conferences</AwardTitle>
    <AwardEffectiveDate>12/01/2003</AwardEffectiveDate>
    <AwardExpirationDate>11/30/2004</AwardExpirationDate>
    <AwardAmount>8000</AwardAmount>
    <AwardInstrument>
      <Value>Standard Grant</Value>
    </AwardInstrument>
    <Organization>
      <Code>07030000</Code>
      <Directorate>
        <LongName>Directorate For Engineering</LongName>
      </Directorate>
      <Division>
        <LongName>Div Of Civil, Mechanical, &amp; Manufact Inn</LongName>
      </Division>
    </Organization>
    <ProgramOfficer>
      <SignBlockName>Albert S. Kobayashi</SignBlockName>
    </ProgramOfficer>
    <AbstractNarration>This proposal requests funds for the partial support of the Gordon&lt;br/&gt;Research Conference on Composite Materials to be held in January 2004, in Ventura, California. The funds requested will be used to help pay registration fees and travel expenses for invited speakers, discussion leaders, poster authors, and specially selected participants.&lt;br/&gt;&lt;br/&gt;The Gordon Research Conference on Composite Materials is one of the few&lt;br/&gt;Gordon Research Conferences that addresses a field within the purview of materials science. The field of composite materials is highly&lt;br/&gt;interdisciplinary, requiring the efforts of physicists, chemists,&lt;br/&gt;mechanics, mathematicians and materials scientists. &lt;br/&gt;&lt;br/&gt;The invited presentations will cover a range of subjects, including&lt;br/&gt;biomimetics, novel resin systems, nanoscale materials, interfacial&lt;br/&gt;issues, low cost composites, and materials based on renewable resources. Identifying where a new generation of composite scientists should best place their efforts to meet the challenges they face as we move forward into the 21st century.</AbstractNarration>
    <MinAmdLetterDate>11/24/2003</MinAmdLetterDate>
    <MaxAmdLetterDate>11/24/2003</MaxAmdLetterDate>
    <ARRAAmount/>
    <AwardID>0401863</AwardID>
    <Investigator>
      <FirstName>Alan</FirstName>
      <LastName>Lesser</LastName>
      <EmailAddress>AJL@POLYSCI.UMASS.EDU</EmailAddress>
      <StartDate>11/24/2003</StartDate>
      <EndDate/>
      <RoleCode>Principal Investigator</RoleCode>
    </Investigator>
    <Investigator>
      <FirstName>Carlyle</FirstName>
      <LastName>Storm</LastName>
      <EmailAddress>grc@grc.org</EmailAddress>
      <StartDate>11/24/2003</StartDate>
      <EndDate/>
      <RoleCode>Co-Principal Investigator</RoleCode>
    </Investigator>
    <Institution>
      <Name>Gordon Research Conferences</Name>
      <CityName>West Kingston</CityName>
      <ZipCode>028921502</ZipCode>
      <PhoneNumber>4017834011</PhoneNumber>
      <StreetAddress>512 Liberty Lane</StreetAddress>
      <CountryName>United States</CountryName>
      <StateName>Rhode Island</StateName>
      <StateCode>RI</StateCode>
    </Institution>
    <FoaInformation>
      <Code>0308000</Code>
      <Name>Industrial Technology</Name>
    </FoaInformation>
  </Award>
</rootTag>
