<?xml version="1.0" encoding="UTF-8"?>

<rootTag>
  <Award>
    <AwardTitle>Studies of Structural Nanocomposites Using Transmission Electron Microscopy</AwardTitle>
    <AwardEffectiveDate>03/01/2004</AwardEffectiveDate>
    <AwardExpirationDate>08/31/2006</AwardExpirationDate>
    <AwardAmount>1000000</AwardAmount>
    <AwardInstrument>
      <Value>Standard Grant</Value>
    </AwardInstrument>
    <Organization>
      <Code>11060000</Code>
      <Directorate>
        <LongName>Direct For Education and Human Resources</LongName>
      </Directorate>
      <Division>
        <LongName>Division Of Human Resource Development</LongName>
      </Division>
    </Organization>
    <ProgramOfficer>
      <SignBlockName>JAMES J. POWLIK</SignBlockName>
    </ProgramOfficer>
    <AbstractNarration>HRD- 0401724&lt;br/&gt;&lt;br/&gt;Studies of Structural Nanocomposites Using Transmission Electron Microscopy&lt;br/&gt;&lt;br/&gt;Tuskegee University&lt;br/&gt;&lt;br/&gt;PI: Jeelani, Shaik&lt;br/&gt;&lt;br/&gt;Researchers at the Center for Advanced Materials at Tuskegee University&lt;br/&gt;(T-CAM) have infused nanoclays, nanotubes, and nanoparticles with various polymers to manufacture structural composites enhancing the strength and stiffness of these nanocomposites. In order to enhance understanding of the strengthening phenomena, Tuskegee University will investigate several aspects of the fundamental science of particle-polymer interaction and failure of structural nanocomposites using a Transmission Electron Microscope (TEM). &lt;br/&gt;&lt;br/&gt;National Science Foundation support will be directed primarily towards acquiring a Transmission Electron Microscope to enhance the quality of on-going research. Research activities include probing the degree of dispersion, size, shape, and alignment of particles and interfaces between the particle and the polymer in the resulting nanocomposites. Thrust areas for research are cure and relaxation behavior of polymer nanocomposites and structural nanocomposites. &lt;br/&gt;&lt;br/&gt;The intellectual merit of this proposal lies in the fundamental studies of nanocomposites at the molecular level in determining the bonding effect between the particle and the polymer and investigation of the structure-property relationship at the nanometer level using a TEM. Successful completion of these investigations will lead to the development of a new generation of structural nanocomposites based on a firm scientific foundation.&lt;br/&gt;&lt;br/&gt;T-CAM houses Tuskegee University's Ph.D. program in Materials Science and Engineering. A large number of African American graduates, many at the Ph.D. level, will be produced in an emerging area of materials science and engineering with skills in using TEM. These graduates will help bring much-needed diversity to the nation's advanced technological workforce. Undergraduate and graduate students will also participate in material research using the TEM.</AbstractNarration>
    <MinAmdLetterDate>02/13/2004</MinAmdLetterDate>
    <MaxAmdLetterDate>03/22/2006</MaxAmdLetterDate>
    <ARRAAmount/>
    <AwardID>0401724</AwardID>
    <Investigator>
      <FirstName>Hassan</FirstName>
      <LastName>Mahfuz</LastName>
      <EmailAddress>hmahfuz@oe.fau.edu</EmailAddress>
      <StartDate>02/13/2004</StartDate>
      <EndDate/>
      <RoleCode>Co-Principal Investigator</RoleCode>
    </Investigator>
    <Investigator>
      <FirstName>Adriane</FirstName>
      <LastName>Ludwick</LastName>
      <EmailAddress>aludwick@mytu.tuskegee.edu</EmailAddress>
      <StartDate>02/13/2004</StartDate>
      <EndDate/>
      <RoleCode>Co-Principal Investigator</RoleCode>
    </Investigator>
    <Investigator>
      <FirstName>Shaik</FirstName>
      <LastName>Jeelani</LastName>
      <EmailAddress>jeelanis@mytu.tuskegee.edu</EmailAddress>
      <StartDate>02/13/2004</StartDate>
      <EndDate/>
      <RoleCode>Principal Investigator</RoleCode>
    </Investigator>
    <Investigator>
      <FirstName>Pradosh</FirstName>
      <LastName>Ray</LastName>
      <EmailAddress>pkray@mytu.tuskegee.edu</EmailAddress>
      <StartDate>02/13/2004</StartDate>
      <EndDate/>
      <RoleCode>Co-Principal Investigator</RoleCode>
    </Investigator>
    <Investigator>
      <FirstName>Derrick</FirstName>
      <LastName>Dean</LastName>
      <EmailAddress>ddean@alasu.edu</EmailAddress>
      <StartDate>02/13/2004</StartDate>
      <EndDate/>
      <RoleCode>Co-Principal Investigator</RoleCode>
    </Investigator>
    <Institution>
      <Name>Tuskegee University</Name>
      <CityName>Tuskegee Institute</CityName>
      <ZipCode>360881923</ZipCode>
      <PhoneNumber>3347278233</PhoneNumber>
      <StreetAddress>1200 W Montgomery Road</StreetAddress>
      <CountryName>United States</CountryName>
      <StateName>Alabama</StateName>
      <StateCode>AL</StateCode>
    </Institution>
    <ProgramElement>
      <Code>9131</Code>
      <Text>CENTERS FOR RSCH EXCELL IN S&amp;T</Text>
    </ProgramElement>
    <ProgramReference>
      <Code>9150</Code>
      <Text>EXP PROG TO STIM COMP RES</Text>
    </ProgramReference>
    <ProgramReference>
      <Code>9179</Code>
      <Text>GRADUATE INVOLVEMENT</Text>
    </ProgramReference>
    <ProgramReference>
      <Code>SMET</Code>
      <Text>SCIENCE, MATH, ENG &amp; TECH EDUCATION</Text>
    </ProgramReference>
  </Award>
</rootTag>
