<?xml version="1.0" encoding="UTF-8"?>

<rootTag>
  <Award>
    <AwardTitle>Supernovae, the Fate of the Universe, and Broadening the Perspectives of Tomorrow's Scientists</AwardTitle>
    <AwardEffectiveDate>07/01/2004</AwardEffectiveDate>
    <AwardExpirationDate>01/15/2006</AwardExpirationDate>
    <AwardAmount>107875</AwardAmount>
    <AwardInstrument>
      <Value>Fellowship</Value>
    </AwardInstrument>
    <Organization>
      <Code>03020000</Code>
      <Directorate>
        <LongName>Direct For Mathematical &amp; Physical Scien</LongName>
      </Directorate>
      <Division>
        <LongName>Division Of Astronomical Sciences</LongName>
      </Division>
    </Organization>
    <ProgramOfficer>
      <SignBlockName>Dana Lehr</SignBlockName>
    </ProgramOfficer>
    <AbstractNarration>Dr. Leonard is awarded an NSF Astronomy and Astrophysics Postdoctoral Fellowship to carry out a program of research and education at the California Institute of Technology. Dr. Leonard will pursue an integrated two-pronged research effort into the study of supernovae-the final, explosive stage in the evolution of certain types of stars. First, he will seek to verify and extend the role of distant supernovae as cosmological probes through the spectroscopic and photometric study of supernovae discovered by the Canada-France-Hawaii Telescope Legacy and QUEST-2 surveys. Second, he will launch an intensive supernova spectropolarimetry campaign at the Palomar 5-meter and Keck 10-meter telescopes to investigate the early-time geometry of supernovae, which is of fundamental importance to their utility as distance indicators.&lt;br/&gt;&lt;br/&gt;In addition to his research, Dr. Leonard will teach a course targeted to Caltech undergraduates entitled ''Inventing Reality: The Human Search for Truth''. While broadly related to the history of human scientific thought, a particular focus of the course will be the issue of how the questions that people have asked and how the answers that satisfy the questioners have changed over time and across cultures. This will provide Caltech undergraduates a unique opportunity to examine the foundations of the present scientific paradigm and to gain an appreciation for how other societies at different times and/or places approach(ed) the same questions that Western scientists are asking today.</AbstractNarration>
    <MinAmdLetterDate>05/13/2004</MinAmdLetterDate>
    <MaxAmdLetterDate>09/27/2005</MaxAmdLetterDate>
    <ARRAAmount/>
    <AwardID>0401479</AwardID>
    <Investigator>
      <FirstName>Douglas</FirstName>
      <LastName>Leonard</LastName>
      <EmailAddress/>
      <StartDate>05/13/2004</StartDate>
      <EndDate/>
      <RoleCode>Principal Investigator</RoleCode>
    </Investigator>
    <Institution>
      <Name>Leonard Douglas C</Name>
      <CityName>Pasadena</CityName>
      <ZipCode>911252400</ZipCode>
      <PhoneNumber/>
      <StreetAddress/>
      <CountryName>United States</CountryName>
      <StateName>California</StateName>
      <StateCode>CA</StateCode>
    </Institution>
    <ProgramElement>
      <Code>1609</Code>
      <Text>NSF ASTRON &amp; ASTROPHY PSTDC FE</Text>
    </ProgramElement>
    <ProgramReference>
      <Code/>
      <Text/>
    </ProgramReference>
    <ProgramReference>
      <Code>0000</Code>
      <Text>UNASSIGNED</Text>
    </ProgramReference>
    <ProgramReference>
      <Code>1204</Code>
      <Text>PARTICLE ASTROPHYSICS</Text>
    </ProgramReference>
    <ProgramReference>
      <Code>1207</Code>
      <Text>OBSERVATIONAL ASTRONOMY</Text>
    </ProgramReference>
    <ProgramReference>
      <Code>OTHR</Code>
      <Text>OTHER RESEARCH OR EDUCATION</Text>
    </ProgramReference>
  </Award>
</rootTag>
