<?xml version="1.0" encoding="UTF-8"?>

<rootTag>
  <Award>
    <AwardTitle>Collaborative Research - SGER - Model Verification of Radiation of Barotropic Energy from the Gulf Stream</AwardTitle>
    <AwardEffectiveDate>04/15/2004</AwardEffectiveDate>
    <AwardExpirationDate>03/31/2005</AwardExpirationDate>
    <AwardAmount>25118</AwardAmount>
    <AwardInstrument>
      <Value>Standard Grant</Value>
    </AwardInstrument>
    <Organization>
      <Code>06040303</Code>
      <Directorate>
        <LongName>Directorate For Geosciences</LongName>
      </Directorate>
      <Division>
        <LongName>Division Of Ocean Sciences</LongName>
      </Division>
    </Organization>
    <ProgramOfficer>
      <SignBlockName>Eric C. Itsweire</SignBlockName>
    </ProgramOfficer>
    <AbstractNarration>0404499/0401385/0405766&lt;br/&gt;&lt;br/&gt;A fundamental process by which ocean currents lose the energy acquired from the wind will be explored through analyses of output from state-of-the-art ocean general circulation models. The main goal is to determine the characteristics of radiation of barotropic energy away from the Gulf Stream system. The results will then be used to guide the design of a field program to observe the phenomenon. It is not a priori certain that the modern ocean general circulation models are properly simulating the physics of mesoscale barotropic variability in the presence of strong currents (like the Gulf Stream) and realistic topography. The end result of this work, which will include model comparisons with real ocean data, might only reveal the inadequacies of the models, while providing little insight into the nature of barotropic radiation in the real ocean. At least, information about the ability (or lack thereof) of modern models to simulate the ocean's barotropic variability should lead to model improvements. &lt;br/&gt;&lt;br/&gt;Broader Impacts. The results from this work will provide information on a phenomenon that is important to the dynamics of ocean currents but is difficult to isolate. Insofar as this information leads to improvements of models of the ocean's general circulation, one can expect subsequent improvements in studies of phenomena that rely on such models, e.g., studies of climate variability, ecosystem evolution, and CO2 sequestration, to name just a few broader applications.&lt;br/&gt;0404499/0401385/0405766&lt;br/&gt;&lt;br/&gt;A fundamental process by which ocean currents lose the energy acquired from the wind will be explored through analyses of output from state-of-the-art ocean general circulation models. The main goal is to determine the characteristics of radiation of barotropic energy away from the Gulf Stream system. The results will then be used to guide the design of a field program to observe the phenomenon. It is not a priori certain that the modern ocean general circulation models are properly simulating the physics of mesoscale barotropic variability in the presence of strong currents (like the Gulf Stream) and realistic topography. The end result of this work, which will include model comparisons with real ocean data, might only reveal the inadequacies of the models, while providing little insight into the nature of barotropic radiation in the real ocean. At least, information about the ability (or lack thereof) of modern models to simulate the ocean's barotropic variability should lead to model improvements. &lt;br/&gt;&lt;br/&gt;Broader Impacts. The results from this work will provide information on a phenomenon that is important to the dynamics of ocean currents but is difficult to isolate. Insofar as this information leads to improvements of models of the ocean's general circulation, one can expect subsequent improvements in studies of phenomena that rely on such models, e.g., studies of climate variability, ecosystem evolution, and CO2 sequestration, to name just a few broader applications.</AbstractNarration>
    <MinAmdLetterDate>04/23/2004</MinAmdLetterDate>
    <MaxAmdLetterDate>04/23/2004</MaxAmdLetterDate>
    <ARRAAmount/>
    <AwardID>0401385</AwardID>
    <Investigator>
      <FirstName>Brian</FirstName>
      <LastName>Dushaw</LastName>
      <EmailAddress>dushaw@apl.washington.edu</EmailAddress>
      <StartDate>04/23/2004</StartDate>
      <EndDate/>
      <RoleCode>Principal Investigator</RoleCode>
    </Investigator>
    <Institution>
      <Name>University of Washington</Name>
      <CityName>Seattle</CityName>
      <ZipCode>981950001</ZipCode>
      <PhoneNumber>2065434043</PhoneNumber>
      <StreetAddress>4333 Brooklyn Ave NE</StreetAddress>
      <CountryName>United States</CountryName>
      <StateName>Washington</StateName>
      <StateCode>WA</StateCode>
    </Institution>
    <FoaInformation>
      <Code>0204000</Code>
      <Name>Oceanography</Name>
    </FoaInformation>
    <ProgramElement>
      <Code>1610</Code>
      <Text>PHYSICAL OCEANOGRAPHY</Text>
    </ProgramElement>
    <ProgramReference>
      <Code>0000</Code>
      <Text>UNASSIGNED</Text>
    </ProgramReference>
    <ProgramReference>
      <Code>9237</Code>
      <Text>SMALL GRANTS-EXPLORATORY RSRCH</Text>
    </ProgramReference>
    <ProgramReference>
      <Code>OTHR</Code>
      <Text>OTHER RESEARCH OR EDUCATION</Text>
    </ProgramReference>
  </Award>
</rootTag>
