<?xml version="1.0" encoding="UTF-8"?>

<rootTag>
  <Award>
    <AwardTitle>Studies in Elementary Particle Physics</AwardTitle>
    <AwardEffectiveDate>09/15/2004</AwardEffectiveDate>
    <AwardExpirationDate>02/28/2005</AwardExpirationDate>
    <AwardAmount>299988</AwardAmount>
    <AwardInstrument>
      <Value>Standard Grant</Value>
    </AwardInstrument>
    <Organization>
      <Code>03010200</Code>
      <Directorate>
        <LongName>Direct For Mathematical &amp; Physical Scien</LongName>
      </Directorate>
      <Division>
        <LongName>Division Of Physics</LongName>
      </Division>
    </Organization>
    <ProgramOfficer>
      <SignBlockName>Morris Pripstein</SignBlockName>
    </ProgramOfficer>
    <AbstractNarration>This proposal requests funds for a program of experimental particle physics research at the world's highest energy hadron colliders. The Johns Hopkins University (JHU) group would continue their collaboration in the CDF experiment at the Fermilab Tevatron and the CMS experiment at the CERN Large Hadron Collider (LHC). CDF is currently in a data-taking phase and is expected to run for a number of years. CMS is expected to begin operation in 2008. The specific scientific goals of the proposed program are to determine the source of electroweak spontaneous symmetry breaking and to make precise heavy quark measurements that constrain physics beyond the Standard Model. The initial program is concentrated at the Tevatron, where the short-term goal is to study heavy quark physics, since many theoretical mechanisms of spontaneous symmetry breaking include states that preferentially decay into heavy quarks or other long-lived states. The most accepted theoretical ideas currently suggest that mechanisms of spontaneous symmetry breaking should manifest themselves at the LHC. The JHU group contributes to the silicon-based vertex tracking of both experiments. This technology will permit the identification of long-lived states by searching for secondary vertices displaced from the primary vertex. &lt;br/&gt;&lt;br/&gt;The proposed work on silicon pixel detector technology has application to instrumentation used at synchrotron light sources to study materials and biological systems. In addition, the pixel simulation code may be applicable to infrared pixel sensors used in satellite-borne telescopes. The proposed work on distributed databases has strong overlap with work being done for several large astronomy projects and could also have far-reaching application in all sectors of society. The proposed research would provide direct support and training for a number of graduate and undergraduate students. JHU hosts a QuarkNet center and the group plans to work on a user-friendly web interface that will permit high school students to submit particle physics queries to the Open Science Grid. QuarkNet teachers will help in the design and debugging of the system with the longer-term goal of making the system available to the general public.</AbstractNarration>
    <MinAmdLetterDate>09/13/2004</MinAmdLetterDate>
    <MaxAmdLetterDate>09/13/2004</MaxAmdLetterDate>
    <ARRAAmount/>
    <AwardID>0401688</AwardID>
    <Investigator>
      <FirstName>Bruce</FirstName>
      <LastName>Barnett</LastName>
      <EmailAddress>bab@jhu.edu</EmailAddress>
      <StartDate>09/13/2004</StartDate>
      <EndDate/>
      <RoleCode>Co-Principal Investigator</RoleCode>
    </Investigator>
    <Investigator>
      <FirstName>Barry</FirstName>
      <LastName>Blumenfeld</LastName>
      <EmailAddress>bjb@jhu.edu</EmailAddress>
      <StartDate>09/13/2004</StartDate>
      <EndDate/>
      <RoleCode>Co-Principal Investigator</RoleCode>
    </Investigator>
    <Investigator>
      <FirstName>Chih-Yung</FirstName>
      <LastName>Chien</LastName>
      <EmailAddress>chien@jhu.edu</EmailAddress>
      <StartDate>09/13/2004</StartDate>
      <EndDate/>
      <RoleCode>Co-Principal Investigator</RoleCode>
    </Investigator>
    <Investigator>
      <FirstName>Morris</FirstName>
      <LastName>Swartz</LastName>
      <EmailAddress>morris@jhu.edu</EmailAddress>
      <StartDate>09/13/2004</StartDate>
      <EndDate/>
      <RoleCode>Principal Investigator</RoleCode>
    </Investigator>
    <Investigator>
      <FirstName>Petar</FirstName>
      <LastName>Maksimovic</LastName>
      <EmailAddress>petar@jhu.edu</EmailAddress>
      <StartDate>09/13/2004</StartDate>
      <EndDate/>
      <RoleCode>Co-Principal Investigator</RoleCode>
    </Investigator>
    <Institution>
      <Name>Johns Hopkins University</Name>
      <CityName>Baltimore</CityName>
      <ZipCode>212182608</ZipCode>
      <PhoneNumber>4105168668</PhoneNumber>
      <StreetAddress>3400 N CHARLES ST</StreetAddress>
      <CountryName>United States</CountryName>
      <StateName>Maryland</StateName>
      <StateCode>MD</StateCode>
    </Institution>
    <FoaInformation>
      <Code>0000099</Code>
      <Name>Other Applications NEC</Name>
    </FoaInformation>
  </Award>
</rootTag>
