<?xml version="1.0" encoding="UTF-8"?>

<rootTag>
  <Award>
    <AwardTitle>SGER: A Study of the Development of Children's Abilities to Conceptualize Space</AwardTitle>
    <AwardEffectiveDate>02/15/2004</AwardEffectiveDate>
    <AwardExpirationDate>01/31/2006</AwardExpirationDate>
    <AwardAmount>92299</AwardAmount>
    <AwardInstrument>
      <Value>Standard Grant</Value>
    </AwardInstrument>
    <Organization>
      <Code>05020000</Code>
      <Directorate>
        <LongName>Direct For Computer &amp; Info Scie &amp; Enginr</LongName>
      </Directorate>
      <Division>
        <LongName>Div Of Information &amp; Intelligent Systems</LongName>
      </Division>
    </Organization>
    <ProgramOfficer>
      <SignBlockName>Tatiana D. Korelsky</SignBlockName>
    </ProgramOfficer>
    <AbstractNarration>Sign languages of the Deaf have extensive lexical inventories and use complex morphological and syntactic constructions like vocally produced languages do. However, unlike the production of spoken words, some categories of signs must be directed or placed in gradient meaningful ways. The American Sign Language (ASL) verb ASK, for example, must be directed toward the one asked - if present. There is no grammatical parallel for this in speech. When not physically present, signers conceptualize space as though missing entities were present. Several conventionalized ways of conceptualizing non-present entities as present have been identified. Once the one asked is conceptualized as present, ASK could be directed toward that spatially conceptualized entity. Although required and meaningful, these gradient aspects of signing are not symbolic. Thus, the ASL language signal includes gradience and gesture overlaid on symbolic signs.&lt;br/&gt;&lt;br/&gt;This study examines the signing of two-, four-, and six-year-old Deaf children acquiring ASL. How these children direct signs when referents are physically present reveals the children's awareness of the spatial requirements of these signs. How children direct these signs when entities are missing provides evidence of the children's developing abilities to conceptualize space. The analysis should reveal an interaction between the developing ability to meaningfully direct signs and the developing ability to conceptualize missing entities as present. This research should shed light on the interaction of grammar, gesture and spatial conceptualization in the acquisition of ASL and thereby provide valuable new insights into the acquisition of a language that goes beyond lexicon and grammar.</AbstractNarration>
    <MinAmdLetterDate>02/03/2004</MinAmdLetterDate>
    <MaxAmdLetterDate>01/11/2005</MaxAmdLetterDate>
    <ARRAAmount/>
    <AwardID>0401657</AwardID>
    <Investigator>
      <FirstName>Scott</FirstName>
      <LastName>Liddell</LastName>
      <EmailAddress>scott.liddell@gallaudet.edu</EmailAddress>
      <StartDate>02/03/2004</StartDate>
      <EndDate/>
      <RoleCode>Principal Investigator</RoleCode>
    </Investigator>
    <Institution>
      <Name>Gallaudet University</Name>
      <CityName>Washington</CityName>
      <ZipCode>200023660</ZipCode>
      <PhoneNumber>2026515497</PhoneNumber>
      <StreetAddress>800 Florida Avenue, NE</StreetAddress>
      <CountryName>United States</CountryName>
      <StateName>District of Columbia</StateName>
      <StateCode>DC</StateCode>
    </Institution>
    <FoaInformation>
      <Code>0104000</Code>
      <Name>Information Systems</Name>
    </FoaInformation>
    <FoaInformation>
      <Code>0116000</Code>
      <Name>Human Subjects</Name>
    </FoaInformation>
    <ProgramElement>
      <Code>7274</Code>
      <Text>HUMAN LANGUAGE &amp; COMMUNICATION</Text>
    </ProgramElement>
    <ProgramReference>
      <Code>9216</Code>
      <Text>ADVANCED SOFTWARE TECH &amp; ALGOR</Text>
    </ProgramReference>
    <ProgramReference>
      <Code>9237</Code>
      <Text>SMALL GRANTS-EXPLORATORY RSRCH</Text>
    </ProgramReference>
    <ProgramReference>
      <Code>HPCC</Code>
      <Text>HIGH PERFORMANCE COMPUTING &amp; COMM</Text>
    </ProgramReference>
  </Award>
</rootTag>
