<?xml version="1.0" encoding="UTF-8"?>

<rootTag>
  <Award>
    <AwardTitle>Galois structure, Iwasawa theory and arithmetic geometry</AwardTitle>
    <AwardEffectiveDate>08/01/2004</AwardEffectiveDate>
    <AwardExpirationDate>07/31/2008</AwardExpirationDate>
    <AwardAmount>105000</AwardAmount>
    <AwardInstrument>
      <Value>Standard Grant</Value>
    </AwardInstrument>
    <Organization>
      <Code>03040200</Code>
      <Directorate>
        <LongName>Direct For Mathematical &amp; Physical Scien</LongName>
      </Directorate>
      <Division>
        <LongName>Division Of Mathematical Sciences</LongName>
      </Division>
    </Organization>
    <ProgramOfficer>
      <SignBlockName>Tomek Bartoszynski</SignBlockName>
    </ProgramOfficer>
    <AbstractNarration>The Principal Investigator will conduct research in two areas that will&lt;br/&gt;lead to new results in number theory and arithmetic geometry. The&lt;br/&gt;first is concerned with several questions that are centerd around&lt;br/&gt;conjectures of Birch and Swinnerton-Dyer type. These questions involve&lt;br/&gt;arithmetic Galois module structure, Iwasawa theory and Arakelov&lt;br/&gt;theory. The second topic deals with the study of relative Galois&lt;br/&gt;structure invariants using techniques from relative algebraic&lt;br/&gt;K-theory.&lt;br/&gt;&lt;br/&gt;The research described in this proposal lies in the field of&lt;br/&gt;arithmetic algebraic geometry. This is a subject that blends two of&lt;br/&gt;the oldest branches of mathematics, namely number theory and&lt;br/&gt;geometry. It has now blossomed to a point where it has resolved&lt;br/&gt;problems that have stood for centuries--the most famous recent example&lt;br/&gt;of this is the resolution of Fermat's Last Theorem by Andrew Wiles. In&lt;br/&gt;addition to its central importance within mathematics, this area has&lt;br/&gt;far-reaching concrete applications in fields as diverse as physics,&lt;br/&gt;robotics, data processing and information theory.</AbstractNarration>
    <MinAmdLetterDate>07/26/2004</MinAmdLetterDate>
    <MaxAmdLetterDate>07/26/2004</MaxAmdLetterDate>
    <ARRAAmount/>
    <AwardID>0401319</AwardID>
    <Investigator>
      <FirstName>Adebisi</FirstName>
      <LastName>Agboola</LastName>
      <EmailAddress>agboola@math.ucsb.edu</EmailAddress>
      <StartDate>07/26/2004</StartDate>
      <EndDate/>
      <RoleCode>Principal Investigator</RoleCode>
    </Investigator>
    <Institution>
      <Name>University of California-Santa Barbara</Name>
      <CityName>Santa Barbara</CityName>
      <ZipCode>931062050</ZipCode>
      <PhoneNumber>8058934188</PhoneNumber>
      <StreetAddress>Office of Research</StreetAddress>
      <CountryName>United States</CountryName>
      <StateName>California</StateName>
      <StateCode>CA</StateCode>
    </Institution>
    <FoaInformation>
      <Code>0000099</Code>
      <Name>Other Applications NEC</Name>
    </FoaInformation>
    <ProgramElement>
      <Code>1264</Code>
      <Text>ALGEBRA,NUMBER THEORY,AND COM</Text>
    </ProgramElement>
    <ProgramReference>
      <Code>0000</Code>
      <Text>UNASSIGNED</Text>
    </ProgramReference>
    <ProgramReference>
      <Code>OTHR</Code>
      <Text>OTHER RESEARCH OR EDUCATION</Text>
    </ProgramReference>
  </Award>
</rootTag>
