<?xml version="1.0" encoding="UTF-8"?>

<rootTag>
  <Award>
    <AwardTitle>Bimetallic Nanoparticles from Binary Cluster Anions</AwardTitle>
    <AwardEffectiveDate>04/15/2004</AwardEffectiveDate>
    <AwardExpirationDate>03/31/2008</AwardExpirationDate>
    <AwardAmount>425000</AwardAmount>
    <AwardInstrument>
      <Value>Continuing grant</Value>
    </AwardInstrument>
    <Organization>
      <Code>03090005</Code>
      <Directorate>
        <LongName>Direct For Mathematical &amp; Physical Scien</LongName>
      </Directorate>
      <Division>
        <LongName>Division Of Chemistry</LongName>
      </Division>
    </Organization>
    <ProgramOfficer>
      <SignBlockName>Carol Bessel</SignBlockName>
    </ProgramOfficer>
    <AbstractNarration>This award in the Inorganic, Bioinorganic and Organometallic Chemistry program supports Professor Bryan Eichhorn at the University of Maryland to synthesize and study the properties of a new class of ligand-free inorganic binary clusters comprising catalytically-active transition metals and heavy group 14 and group 15 elements. Oxidation of these complexes in solution yields bimetallic nanoparticles with improved selectivity in heterogeneous catalytic applications. The research aims at developing catalysts with bifunctional activities through the use of active supports or multi-component catalyst particles, and the room temperature synthesis of different phases of alloy nanoparticles. The project will investigate the chemistry of catalytic processes of bimetallic catalysts including those for CO oxidation and lean NOx reduction in O2-rich exhaust gases. &lt;br/&gt;&lt;br/&gt;Monometallic and bimetallic nanoparticles are used in a wide variety of applications including optical devices, magnetic nanostructures, and electronic devices. This research will provide synthetic methodologies for bimetallic molecular precursors to advance the technology of heterogenous catalysts. Graduate students, undergraduate students and postdoctoral associates will receive excellent training in synthetic materials methodology and the study of bimetallic heterogeneous catalysts.</AbstractNarration>
    <MinAmdLetterDate>04/15/2004</MinAmdLetterDate>
    <MaxAmdLetterDate>03/29/2006</MaxAmdLetterDate>
    <ARRAAmount/>
    <AwardID>0401850</AwardID>
    <Investigator>
      <FirstName>Bryan</FirstName>
      <LastName>Eichhorn</LastName>
      <EmailAddress>eichhorn@umd.edu</EmailAddress>
      <StartDate>04/15/2004</StartDate>
      <EndDate/>
      <RoleCode>Principal Investigator</RoleCode>
    </Investigator>
    <Institution>
      <Name>University of Maryland College Park</Name>
      <CityName>COLLEGE PARK</CityName>
      <ZipCode>207425141</ZipCode>
      <PhoneNumber>3014056269</PhoneNumber>
      <StreetAddress>3112 LEE BLDG 7809 Regents Drive</StreetAddress>
      <CountryName>United States</CountryName>
      <StateName>Maryland</StateName>
      <StateCode>MD</StateCode>
    </Institution>
  </Award>
</rootTag>
