<?xml version="1.0" encoding="UTF-8"?>

<rootTag>
  <Award>
    <AwardTitle>Design and Fabrication of a Micro Flagellar Motor Based Dynamo</AwardTitle>
    <AwardEffectiveDate>05/01/2004</AwardEffectiveDate>
    <AwardExpirationDate>04/30/2008</AwardExpirationDate>
    <AwardAmount>215834</AwardAmount>
    <AwardInstrument>
      <Value>Standard Grant</Value>
    </AwardInstrument>
    <Organization>
      <Code>07010000</Code>
      <Directorate>
        <LongName>Directorate For Engineering</LongName>
      </Directorate>
      <Division>
        <LongName>Div Of Electrical, Commun &amp; Cyber Sys</LongName>
      </Division>
    </Organization>
    <ProgramOfficer>
      <SignBlockName>Usha Varshney</SignBlockName>
    </ProgramOfficer>
    <AbstractNarration>We propose to explore a novel biologically inspired power supply that has both a high power density and a small package size. The micro flagellar motor dynamo or FMD is a microscale hybrid system fabricated from MEMS devices and a non-pathogenic, genetically engineered strain of Escherichia coli (KAF95) flagellar motor. This&lt;br/&gt;flagellar motor is a nanoscale molecular motor capable of a large rotary torque and high power output (relative to other molecular motors). When tethered down to a microfabricated surface, the motor turns at a stable rotational rate, providing a natural mechanical power generator. The FMD converts this mechanical power into an electrical one by combining the flagellar motor with a copper microcoil and micro ferromagnetic beads. With the ferromagnetic beads attached, the tethered motor generates a rotating magnetic field that induces a voltage in the stationary microcoil due to Faraday's Law. Based on a preliminary study, this induced voltage can potentially provide the same power density level as that of a methanol fuel cell.&lt;br/&gt;&lt;br/&gt;Intellectual Merit of Proposed Activity&lt;br/&gt;The proposed project is an important step towards the development of an effective electrical power supply for current and future MEMS and NEMS. It uniquely combines the technologies in microbiology and microfabrication to design and fabricate a hybrid biological/artificial power system that is both compact and efficient.&lt;br/&gt;&lt;br/&gt;&lt;br/&gt;Broader Impacts of Proposed Activity&lt;br/&gt;The proposed project will generate significant educational opportunities for students at both the college and K-12 levels. The UA graduate and undergraduate students supported under this effort will benefit greatly from diversified experience in microbiology and microfabrication. The K-12 students and teachers recruited for the project will become more aware of MEMS and microbiology, which can lead to more K-12 students pursuing science and engineering as a career path. The PI will actively recruit underrepresented students through his current role as a mentor for women and minority engineering students. He will also expand his activities in NSF-RET programs to involve more minority K-12 teachers.</AbstractNarration>
    <MinAmdLetterDate>04/09/2004</MinAmdLetterDate>
    <MaxAmdLetterDate>04/16/2007</MaxAmdLetterDate>
    <ARRAAmount/>
    <AwardID>0401196</AwardID>
    <Investigator>
      <FirstName>Steve</FirstName>
      <LastName>Tung</LastName>
      <EmailAddress>chstung@uark.edu</EmailAddress>
      <StartDate>04/09/2004</StartDate>
      <EndDate/>
      <RoleCode>Principal Investigator</RoleCode>
    </Investigator>
    <Investigator>
      <FirstName>Jin-Woo</FirstName>
      <LastName>Kim</LastName>
      <EmailAddress>jwkim@uark.edu</EmailAddress>
      <StartDate>04/09/2004</StartDate>
      <EndDate/>
      <RoleCode>Co-Principal Investigator</RoleCode>
    </Investigator>
    <Institution>
      <Name>University of Arkansas</Name>
      <CityName>FAYETTEVILLE</CityName>
      <ZipCode>727011201</ZipCode>
      <PhoneNumber>4795753845</PhoneNumber>
      <StreetAddress>210 Administration Building</StreetAddress>
      <CountryName>United States</CountryName>
      <StateName>Arkansas</StateName>
      <StateCode>AR</StateCode>
    </Institution>
    <FoaInformation>
      <Code>0206000</Code>
      <Name>Telecommunications</Name>
    </FoaInformation>
    <ProgramElement>
      <Code>1517</Code>
      <Text>ELECT, PHOTONICS, &amp; MAG DEVICE</Text>
    </ProgramElement>
    <ProgramReference>
      <Code>0000</Code>
      <Text>UNASSIGNED</Text>
    </ProgramReference>
    <ProgramReference>
      <Code>OTHR</Code>
      <Text>OTHER RESEARCH OR EDUCATION</Text>
    </ProgramReference>
    <ProgramReference>
      <Code>9251</Code>
      <Text>RES EXPER FOR UNDERGRAD-SUPPLT</Text>
    </ProgramReference>
  </Award>
</rootTag>
