<?xml version="1.0" encoding="UTF-8"?>

<rootTag>
  <Award>
    <AwardTitle>CAREER: Geometry and Morphology Effects in Colloidal Adhesion</AwardTitle>
    <AwardEffectiveDate>08/23/2003</AwardEffectiveDate>
    <AwardExpirationDate>08/31/2005</AwardExpirationDate>
    <AwardAmount>52801</AwardAmount>
    <AwardInstrument>
      <Value>Continuing grant</Value>
    </AwardInstrument>
    <Organization>
      <Code>07020000</Code>
      <Directorate>
        <LongName>Directorate For Engineering</LongName>
      </Directorate>
      <Division>
        <LongName>Div Of Chem, Bioeng, Env, &amp; Transp Sys</LongName>
      </Division>
    </Organization>
    <ProgramOfficer>
      <SignBlockName>Judy A. Raper</SignBlockName>
    </ProgramOfficer>
    <AbstractNarration>This project will develop a first principle method for describing the effects of complex geometry and morphology on the adhesion of micron-scale colloids to substrates. This is of importance in the U.S. semiconductor manufacturing industry. Traditional approaches to describing particle adhesion rely on Derjaguin-Landau-Verwey-Overbeek (DLVO) theory or on approaches using the work of adhesion in conjunction with the Derjaguin-Muller-Toporov (DMT), Johnson-Kendall-Roberts (JKR), or Maugis-Dugdale (MD) models for colloid deformation. These approaches are only applicable for idealized systems.&lt;br/&gt;&lt;br/&gt;The proposed approach will modify traditional van der Waals (vdW) force expressions to describe the adhesion in aqueous solution. It will account for complex geometry and morphology of the substrates and colloids and also will include the deformation and roughness of the colloids and substrates. Descriptions of geometrically and morphologically-complex colloid-substrate systems of interest to the semiconductor community will be included. Measurement of the contact adhesion force will be performed with an atomic force microscope (AFM). The colloids are either good model materials or common contaminants in integrated circuit processing (SiO 2 , and Al 2 O 3 ). The substrates are important substrates for integrated circuit processing.&lt;br/&gt;&lt;br/&gt;In the semiconductor industry, the proposed approach could find immediate application in wafer cleaning protocols during post-etch processing and post-chemical-mechanical-polishing processing. In the biomedical industry, it could be used to improve implant sterilization processes.</AbstractNarration>
    <MinAmdLetterDate>04/16/2004</MinAmdLetterDate>
    <MaxAmdLetterDate>05/07/2004</MaxAmdLetterDate>
    <ARRAAmount/>
    <AwardID>0401632</AwardID>
    <Investigator>
      <FirstName>Stephen</FirstName>
      <LastName>Beaudoin</LastName>
      <EmailAddress>sbeaudoi@purdue.edu</EmailAddress>
      <StartDate>04/16/2004</StartDate>
      <EndDate/>
      <RoleCode>Principal Investigator</RoleCode>
    </Investigator>
    <Institution>
      <Name>Purdue University</Name>
      <CityName>West Lafayette</CityName>
      <ZipCode>479072114</ZipCode>
      <PhoneNumber>7654941055</PhoneNumber>
      <StreetAddress>Young Hall</StreetAddress>
      <CountryName>United States</CountryName>
      <StateName>Indiana</StateName>
      <StateCode>IN</StateCode>
    </Institution>
    <FoaInformation>
      <Code>0308000</Code>
      <Name>Industrial Technology</Name>
    </FoaInformation>
  </Award>
</rootTag>
