<?xml version="1.0" encoding="UTF-8"?>

<rootTag>
  <Award>
    <AwardTitle>Crystal Structures of the Transcarboxylase Multienzyme Complex and of its Subunits</AwardTitle>
    <AwardEffectiveDate>08/01/2003</AwardEffectiveDate>
    <AwardExpirationDate>07/31/2006</AwardExpirationDate>
    <AwardAmount>287242</AwardAmount>
    <AwardInstrument>
      <Value>Continuing grant</Value>
    </AwardInstrument>
    <Organization>
      <Code>08070400</Code>
      <Directorate>
        <LongName>Direct For Biological Sciences</LongName>
      </Directorate>
      <Division>
        <LongName>Div Of Molecular and Cellular Bioscience</LongName>
      </Division>
    </Organization>
    <ProgramOfficer>
      <SignBlockName>Kamal Shukla</SignBlockName>
    </ProgramOfficer>
    <AbstractNarration>Yee&lt;br/&gt;MCB 0077488&lt;br/&gt;&lt;br/&gt;The objective of this research is to identify the structural determinants of multienzyme complex formation and biochemical function for transcarboxylase. Transcarboxylase is a 1.2 million dalton multienzyme complex that catalyzes the transfer of CO2 from methylmalonyl coenzyme A to pyruvate, to form propionyl coenzyme A and oxaloacetate, by way of two biotin-dependent half reactions. This multienzyme complex contains three different types of subunits and a total of 30 polypeptide chains: a 396 kDa hexameric central "12S" subunit, six 116 kDa dimeric outer "5S" subunits; and twelve 12 kDa biotinylated "1.3S" linkers. X-ray crystal structures of the holo enzyme and of its largest (12S and 5S) subunits, in free form and bound to substrate or product, will be determined. The first specific aim of this work is to determine the crystal structures of 12S substrate and product complexes, by heavy atom phasing and subsequent molecular replacement methods. These structures will identify the structural determinants of substrate binding and catalysis for the first transcarboxylase half reaction. In particular, the protein residues which interact with substrate or product molecules will be revealed; the geometry and chemistry of these amino acids as well as others nearby will be analyzed in order to speculate about likely catalytic mechanism(s). The second specific aim is to determine the crystal structures of the free 12S protein, and of 12S bound to biotin, by molecular replacement methods. Comparison of these structures with the substrate and product complexes will allow identification of the conformational changes which occur upon substrate or biotin binding, and may extend the structural insight into catalytic mechanism. Finally, the third specific aim is to determine the crystal structures of the 5S, 6S, and holo enzyme forms of transcarboxylase, either free or bound to substrate, by a combination of heavy atom phasing and molecular replacement methods. The 5S structures will provide insight into the catalytic mechanism for the second transcarboxylase half reaction, by identifying amino acids which are important in substrate binding and/or catalysis. The 6S and holo enzyme structures will highlight conformational changes and interaction surfaces which are important for enzyme assembly and function. &lt;br/&gt;&lt;br/&gt;The assembly of transcarboxylase crystal structures which are being pursued will reveal the features important in homo-oligomeric subunit assembly as well as reveal the structural features of intersubunit assembly. These results will provide a rare structural view of a multienzyme complex. Transcarboxylase has historically served as a model system, which is valuable for understanding the mechanisms for other (de)carboxylase enzymes that carry out similar chemistry.</AbstractNarration>
    <MinAmdLetterDate>10/28/2003</MinAmdLetterDate>
    <MaxAmdLetterDate>03/29/2004</MaxAmdLetterDate>
    <ARRAAmount/>
    <AwardID>0401654</AwardID>
    <Investigator>
      <FirstName>Vivien</FirstName>
      <LastName>Yee</LastName>
      <EmailAddress>vivien.yee@case.edu</EmailAddress>
      <StartDate>10/28/2003</StartDate>
      <EndDate/>
      <RoleCode>Principal Investigator</RoleCode>
    </Investigator>
    <Institution>
      <Name>Case Western Reserve University</Name>
      <CityName>CLEVELAND</CityName>
      <ZipCode>441064901</ZipCode>
      <PhoneNumber>2163684510</PhoneNumber>
      <StreetAddress>Nord Hall, Suite 615</StreetAddress>
      <CountryName>United States</CountryName>
      <StateName>Ohio</StateName>
      <StateCode>OH</StateCode>
    </Institution>
    <ProgramElement>
      <Code>1164</Code>
      <Text>MOLECULAR BIOPHYSICS</Text>
    </ProgramElement>
    <ProgramReference>
      <Code>9183</Code>
      <Text>GENERAL FOUNDATIONS OF BIOTECHNOLOGY</Text>
    </ProgramReference>
    <ProgramReference>
      <Code>BIOT</Code>
      <Text>BIOTECHNOLOGY</Text>
    </ProgramReference>
  </Award>
</rootTag>
