<?xml version="1.0" encoding="UTF-8"?>

<rootTag>
  <Award>
    <AwardTitle>Summer Undergraduate Mathematical Sciences Research Institute</AwardTitle>
    <AwardEffectiveDate>03/01/2004</AwardEffectiveDate>
    <AwardExpirationDate>02/28/2006</AwardExpirationDate>
    <AwardAmount>57668</AwardAmount>
    <AwardInstrument>
      <Value>Standard Grant</Value>
    </AwardInstrument>
    <Organization>
      <Code>03040100</Code>
      <Directorate>
        <LongName>Direct For Mathematical &amp; Physical Scien</LongName>
      </Directorate>
      <Division>
        <LongName>Division Of Mathematical Sciences</LongName>
      </Division>
    </Organization>
    <ProgramOfficer>
      <SignBlockName>Lloyd E. Douglas</SignBlockName>
    </ProgramOfficer>
    <AbstractNarration>The Summer Undergraduate Mathematical Science Research Institute (SUMSRI) is a program conducted under the guidance of Miami University's Department of Mathematics and Statistics. One of the goals of SUMSRI is to prepare participants for the rigor and pace of graduate school. The primary goal of the Institute is to provide approximately 15 nationally selected students with an intensive research experience augmented by formal and informal information sessions. To accomplish these goals, SUMSRI will run seven weeks on Miami University's campus in Oxford, Ohio. During these seven weeks, students will participate in research seminars in mathematics, statistics, or computer science. The program will also include a technical writing seminar, a GRE preparation workshop, two short courses on algebra and real analysis, and colloquium talks given by well known mathematical scientists. &lt;br/&gt;&lt;br/&gt; In 1998, the NSF sponsored a study to discover what areas could be identified that could explain the low number of minorities with advanced degrees in the mathematical sciences. The results of this study were published in the article, "The Human Capital Liabilities of Underrepresented Minorities in Pursuit of Science, Mathematics and Engineering Doctoral Degrees". This study points out that African Americans and Hispanics lag far behind their white male peers in three areas of Human Capital including background characteristics, undergraduate performance and experience, and the preparation and transition into graduate school. A recent survey conducted by Dr. John Alexander and Dr. William A. Hawkins titled "Survey of Minority Graduate Students in U.S. Mathematical Sciences Departments," recommends creating programs like SUMSRI to encourage minority undergraduate students to pursue advanced degrees in the mathematical sciences. &lt;br/&gt;&lt;br/&gt;Because of the shortage of minorities and women mathematical scientists, the program is especially interested in, but not limited to, African Americans and other underrepresented minorities and women. The combination of information, educational experiences and ongoing support is designed to encourage these talented mathematics and statistics students to continue and thrive in the mathematical research environment and thereby eventually increase the number of African Americans and other underrepresented minorities with doctoral degrees in the mathematical sciences. Information about the program can be found on their website, http://www.units.muohio.edu/sumsri/. The website includes an online journal of participants' results.</AbstractNarration>
    <MinAmdLetterDate>12/02/2003</MinAmdLetterDate>
    <MaxAmdLetterDate>12/02/2003</MaxAmdLetterDate>
    <ARRAAmount/>
    <AwardID>0401764</AwardID>
    <Investigator>
      <FirstName>Dennis</FirstName>
      <LastName>Davenport</LastName>
      <EmailAddress>dennis.davenport@howard.edu</EmailAddress>
      <StartDate>12/02/2003</StartDate>
      <EndDate/>
      <RoleCode>Co-Principal Investigator</RoleCode>
    </Investigator>
    <Investigator>
      <FirstName>Patrick</FirstName>
      <LastName>Dowling</LastName>
      <EmailAddress>dowlinpn@miamioh.edu</EmailAddress>
      <StartDate>12/02/2003</StartDate>
      <EndDate/>
      <RoleCode>Co-Principal Investigator</RoleCode>
    </Investigator>
    <Investigator>
      <FirstName>Vasant</FirstName>
      <LastName>Waikar</LastName>
      <EmailAddress>waikarvb@muohio.edu</EmailAddress>
      <StartDate>12/02/2003</StartDate>
      <EndDate/>
      <RoleCode>Principal Investigator</RoleCode>
    </Investigator>
    <Institution>
      <Name>Miami University</Name>
      <CityName>Oxford</CityName>
      <ZipCode>450563653</ZipCode>
      <PhoneNumber>5135293600</PhoneNumber>
      <StreetAddress>500 E High Street</StreetAddress>
      <CountryName>United States</CountryName>
      <StateName>Ohio</StateName>
      <StateCode>OH</StateCode>
    </Institution>
    <FoaInformation>
      <Code>0000099</Code>
      <Name>Other Applications NEC</Name>
    </FoaInformation>
    <ProgramElement>
      <Code>1260</Code>
      <Text>INFRASTRUCTURE PROGRAM</Text>
    </ProgramElement>
    <ProgramReference>
      <Code>0000</Code>
      <Text>UNASSIGNED</Text>
    </ProgramReference>
    <ProgramReference>
      <Code>OTHR</Code>
      <Text>OTHER RESEARCH OR EDUCATION</Text>
    </ProgramReference>
  </Award>
</rootTag>
