<?xml version="1.0" encoding="UTF-8"?>

<rootTag>
  <Award>
    <AwardTitle>SGER: NMI: An Initial Study on Software Protection Techniques</AwardTitle>
    <AwardEffectiveDate>02/01/2004</AwardEffectiveDate>
    <AwardExpirationDate>06/30/2006</AwardExpirationDate>
    <AwardAmount>100185</AwardAmount>
    <AwardInstrument>
      <Value>Standard Grant</Value>
    </AwardInstrument>
    <Organization>
      <Code>05090000</Code>
      <Directorate>
        <LongName>Direct For Computer &amp; Info Scie &amp; Enginr</LongName>
      </Directorate>
      <Division>
        <LongName>Div Of Advanced Cyberinfrastructure</LongName>
      </Division>
    </Organization>
    <ProgramOfficer>
      <SignBlockName>Kevin L. Thompson</SignBlockName>
    </ProgramOfficer>
    <AbstractNarration>The proposal is for an exploratory project to study and prototype software protection techniques designed to prevent attacks on input programs by reverse engineering. A comprehensive study will address the effectiveness of debugger and emulator detection mechanisms. Techniques will be developed to counter program slicing analysis and a prototype will be built to enable refinement and study of new software protection methods. This work directly addresses the enforcement of content access rights in Digital Rights Management (DRM) systems.&lt;br/&gt;&lt;br/&gt;The major goals of the project are: to study and develop new software protection algorithms that are effective enough to defeat feasible reverse engineering efforts to crack protected programs; and prototype these algorithms in an operational system that can then be used to measure performance and effectiveness.</AbstractNarration>
    <MinAmdLetterDate>01/20/2004</MinAmdLetterDate>
    <MaxAmdLetterDate>01/17/2006</MaxAmdLetterDate>
    <ARRAAmount/>
    <AwardID>0401777</AwardID>
    <Investigator>
      <FirstName>Tzi-Cker</FirstName>
      <LastName>Chiueh</LastName>
      <EmailAddress>chiueh@cs.sunysb.edu</EmailAddress>
      <StartDate>01/20/2004</StartDate>
      <EndDate/>
      <RoleCode>Principal Investigator</RoleCode>
    </Investigator>
    <Institution>
      <Name>SUNY at Stony Brook</Name>
      <CityName>Stony Brook</CityName>
      <ZipCode>117940001</ZipCode>
      <PhoneNumber>6316329949</PhoneNumber>
      <StreetAddress>WEST 5510 FRK MEL LIB</StreetAddress>
      <CountryName>United States</CountryName>
      <StateName>New York</StateName>
      <StateCode>NY</StateCode>
    </Institution>
    <FoaInformation>
      <Code>0206000</Code>
      <Name>Telecommunications</Name>
    </FoaInformation>
    <ProgramElement>
      <Code>4091</Code>
      <Text>NETWORK INFRASTRUCTURE</Text>
    </ProgramElement>
    <ProgramReference>
      <Code>9217</Code>
      <Text>NATNL RESERCH &amp; EDUCAT NETWORK</Text>
    </ProgramReference>
    <ProgramReference>
      <Code>9237</Code>
      <Text>SMALL GRANTS-EXPLORATORY RSRCH</Text>
    </ProgramReference>
    <ProgramReference>
      <Code>HPCC</Code>
      <Text>HIGH PERFORMANCE COMPUTING &amp; COMM</Text>
    </ProgramReference>
  </Award>
</rootTag>
