<?xml version="1.0" encoding="UTF-8"?>

<rootTag>
  <Award>
    <AwardTitle>Methods of Harmonic Analysis in Partial Differential Equations and Integrable Systems</AwardTitle>
    <AwardEffectiveDate>07/01/2004</AwardEffectiveDate>
    <AwardExpirationDate>05/31/2005</AwardExpirationDate>
    <AwardAmount>35000</AwardAmount>
    <AwardInstrument>
      <Value>Standard Grant</Value>
    </AwardInstrument>
    <Organization>
      <Code>03040100</Code>
      <Directorate>
        <LongName>Direct For Mathematical &amp; Physical Scien</LongName>
      </Directorate>
      <Division>
        <LongName>Division Of Mathematical Sciences</LongName>
      </Division>
    </Organization>
    <ProgramOfficer>
      <SignBlockName>Joe W. Jenkins</SignBlockName>
    </ProgramOfficer>
    <AbstractNarration>The proposed research suggests investigations in the area of Harmonic Analysis and applications of its methods to Partial Differential Equations and to the Theory of Integrable Systems. The proposer will apply Littlewood-Paley methods to develop a unified theory of matrix-weighted function spaces and will also develop the method of level sets to characterize the estimates on Fourier Integral Operators with &lt;br/&gt;singularities. She will apply the above techniques to study the solutions of semilinear hyperbolic PDEs in the situation when caustics appear and to study analytic properties of the Riemann-Hilbert problem that arise in the Scattering Theory, in the context of completely integrable systems.&lt;br/&gt;&lt;br/&gt;&lt;br/&gt;Harmonic analysis investigates complex behavior of a system by representing it as a sum of basic elements (wavelets, atoms, Fourier modes, etc.) behaving in a simple way. This decomposition becomes the central object of studies in Modern Analysis. The tools of Harmonic Analysis are widely used in applications which describe natural phenomena in optics, scattering theory, quantum physics, and&lt;br/&gt;combinatorics. Results in this direction will have immediate applications in other areas of mathematics and other natural sciences, primarily engineering, physics, and biology. Central achievements of Harmonic Analysis are widely embraced in medicine and other disciplines directly benefitting well-being of humankind.</AbstractNarration>
    <MinAmdLetterDate>06/07/2004</MinAmdLetterDate>
    <MaxAmdLetterDate>06/07/2004</MaxAmdLetterDate>
    <ARRAAmount/>
    <AwardID>0401602</AwardID>
    <Investigator>
      <FirstName>Svetlana</FirstName>
      <LastName>Roudenko</LastName>
      <EmailAddress>roudenko@gwu.edu</EmailAddress>
      <StartDate>06/07/2004</StartDate>
      <EndDate/>
      <RoleCode>Principal Investigator</RoleCode>
    </Investigator>
    <Institution>
      <Name>Duke University</Name>
      <CityName>Durham</CityName>
      <ZipCode>277054010</ZipCode>
      <PhoneNumber>9196843030</PhoneNumber>
      <StreetAddress>2200 W. Main St, Suite 710</StreetAddress>
      <CountryName>United States</CountryName>
      <StateName>North Carolina</StateName>
      <StateCode>NC</StateCode>
    </Institution>
    <FoaInformation>
      <Code>0000099</Code>
      <Name>Other Applications NEC</Name>
    </FoaInformation>
    <ProgramElement>
      <Code>1281</Code>
      <Text>ANALYSIS PROGRAM</Text>
    </ProgramElement>
    <ProgramReference>
      <Code>0000</Code>
      <Text>UNASSIGNED</Text>
    </ProgramReference>
    <ProgramReference>
      <Code>OTHR</Code>
      <Text>OTHER RESEARCH OR EDUCATION</Text>
    </ProgramReference>
  </Award>
</rootTag>
