<?xml version="1.0" encoding="UTF-8"?>

<rootTag>
  <Award>
    <AwardTitle>Southeastern Massachusetts Project in Renewable Energy Education and Training</AwardTitle>
    <AwardEffectiveDate>06/01/2004</AwardEffectiveDate>
    <AwardExpirationDate>12/31/2007</AwardExpirationDate>
    <AwardAmount>349911</AwardAmount>
    <AwardInstrument>
      <Value>Standard Grant</Value>
    </AwardInstrument>
    <Organization>
      <Code>11040100</Code>
      <Directorate>
        <LongName>Direct For Education and Human Resources</LongName>
      </Directorate>
      <Division>
        <LongName>Division Of Undergraduate Education</LongName>
      </Division>
    </Organization>
    <ProgramOfficer>
      <SignBlockName>Herbert H. Richtol</SignBlockName>
    </ProgramOfficer>
    <AbstractNarration>The project establishes a broad-based renewable energy education and training program in collaboration with nearby four-year institutions and with two technical high schools. Educators and industry experts are developing an undergraduate certificate in renewable energy. Train the trainer workshops prepare industry experts with classroom skills to teach credit and non-credit renewable energy courses. Two summer institutes prepare teachers to integrate renewable energy concepts into their existing science courses. Segments of the summer institutes promote the understanding and application of renewable energy for businesses and homeowners. Area research personnel consult on technical issues, guide the curriculum development process, and provide workshop instruction. The eight-course certificate is adapted from the renewable energy curriculum developed by Partners in Environmental Technology Education (PETE), Advanced Technology Environmental Education Center (ATEEC) and the Department of Energy. Four courses are offered at CCCC and four are offered at the high schools. High school students earn Tech Prep college credit eligibility for high school renewable energy courses. Module format allows multiple exit and re-entry points for trades-people with industry experience. Renewable energy instrumentation provides hands-on real world experience for students. Internships are required. Graduates from the certificate program are ready to enter the emerging renewable energy industry in southeastern Massachusetts or complete an AS degree or AA degree that prepares them for transfer to a four year BS degree program.</AbstractNarration>
    <MinAmdLetterDate>03/29/2004</MinAmdLetterDate>
    <MaxAmdLetterDate>02/06/2008</MaxAmdLetterDate>
    <ARRAAmount/>
    <AwardID>0401745</AwardID>
    <Investigator>
      <FirstName>Malcolm</FirstName>
      <LastName>MacGregor</LastName>
      <EmailAddress>mmacgregor@mma.mass.edu</EmailAddress>
      <StartDate>03/29/2004</StartDate>
      <EndDate/>
      <RoleCode>Co-Principal Investigator</RoleCode>
    </Investigator>
    <Investigator>
      <FirstName>Mary</FirstName>
      <LastName>Curran</LastName>
      <EmailAddress>mjcurran@capecod.edu</EmailAddress>
      <StartDate>03/29/2004</StartDate>
      <EndDate>02/06/2008</EndDate>
      <RoleCode>Former Principal Investigator</RoleCode>
    </Investigator>
    <Investigator>
      <FirstName>Charles</FirstName>
      <LastName>Lawrence</LastName>
      <EmailAddress>clawrence@uppercapetech.org</EmailAddress>
      <StartDate>03/29/2004</StartDate>
      <EndDate/>
      <RoleCode>Co-Principal Investigator</RoleCode>
    </Investigator>
    <Investigator>
      <FirstName>Paul</FirstName>
      <LastName>Smith</LastName>
      <EmailAddress/>
      <StartDate>03/29/2004</StartDate>
      <EndDate/>
      <RoleCode>Co-Principal Investigator</RoleCode>
    </Investigator>
    <Investigator>
      <FirstName>Stephanie</FirstName>
      <LastName>Brady</LastName>
      <EmailAddress>sbrady@capecod.edu</EmailAddress>
      <StartDate>02/06/2008</StartDate>
      <EndDate/>
      <RoleCode>Principal Investigator</RoleCode>
    </Investigator>
    <Institution>
      <Name>Cape Cod Community College</Name>
      <CityName>West Barnstable</CityName>
      <ZipCode>026681599</ZipCode>
      <PhoneNumber>6173622131</PhoneNumber>
      <StreetAddress>2240 Iyannough Road</StreetAddress>
      <CountryName>United States</CountryName>
      <StateName>Massachusetts</StateName>
      <StateCode>MA</StateCode>
    </Institution>
    <FoaInformation>
      <Code>0000099</Code>
      <Name>Other Applications NEC</Name>
    </FoaInformation>
  </Award>
</rootTag>
