<?xml version="1.0" encoding="UTF-8"?>

<rootTag>
  <Award>
    <AwardTitle>Workshop: Advancing the Quality of Water (AQWA); December 16-18, 2003; Chapel Hill, NC</AwardTitle>
    <AwardEffectiveDate>11/15/2003</AwardEffectiveDate>
    <AwardExpirationDate>04/30/2005</AwardExpirationDate>
    <AwardAmount>96888</AwardAmount>
    <AwardInstrument>
      <Value>Standard Grant</Value>
    </AwardInstrument>
    <Organization>
      <Code>07020000</Code>
      <Directorate>
        <LongName>Directorate For Engineering</LongName>
      </Directorate>
      <Division>
        <LongName>Div Of Chem, Bioeng, Env, &amp; Transp Sys</LongName>
      </Division>
    </Organization>
    <ProgramOfficer>
      <SignBlockName>Patrick L. Brezonik</SignBlockName>
    </ProgramOfficer>
    <AbstractNarration>0401974 Haas A workshop will be conducted in the broad area of drinking water treatment. The objectives of the workshop are:&lt;br/&gt; o to set an agenda for fundamental drinking water quality control research over the next 5-10 years&lt;br/&gt; o to define and delineate grand challenges in the field of drinking water quality control&lt;br/&gt; o to assess the implications of developments in nanotechnology, biotechnology and cyberinfrastructure to research on advancing drinking water quality.&lt;br/&gt;The workshop will be held December 16-18 for a 2.5day period in Chapel Hill, North Carolina, and will involve approximately 35 invited participants. It is anticipated that there be five major "theme" speakers, whose charge will be to discuss issues and concepts from outside the environmental engineering community that may bear upon issues of advancing drinking&lt;br/&gt;water understanding. The final report of the workshop will consist of a compilation of the research themes identified by the workshop participants, collated and annotated by the steering&lt;br/&gt;committee.</AbstractNarration>
    <MinAmdLetterDate>11/04/2003</MinAmdLetterDate>
    <MaxAmdLetterDate>11/04/2003</MaxAmdLetterDate>
    <ARRAAmount/>
    <AwardID>0401974</AwardID>
    <Investigator>
      <FirstName>Charles</FirstName>
      <LastName>Haas</LastName>
      <EmailAddress>haas@drexel.edu</EmailAddress>
      <StartDate>11/04/2003</StartDate>
      <EndDate/>
      <RoleCode>Principal Investigator</RoleCode>
    </Investigator>
    <Institution>
      <Name>Drexel University</Name>
      <CityName>Philadelphia</CityName>
      <ZipCode>191021119</ZipCode>
      <PhoneNumber>2158955849</PhoneNumber>
      <StreetAddress>1505 Race St, 8th Floor</StreetAddress>
      <CountryName>United States</CountryName>
      <StateName>Pennsylvania</StateName>
      <StateCode>PA</StateCode>
    </Institution>
    <FoaInformation>
      <Code>0313040</Code>
      <Name>Water Pollution</Name>
    </FoaInformation>
    <FoaInformation>
      <Code>0316000</Code>
      <Name>Trace Contaminants</Name>
    </FoaInformation>
    <ProgramElement>
      <Code>1440</Code>
      <Text>ENVIRONMENTAL ENGINEERING</Text>
    </ProgramElement>
    <ProgramReference>
      <Code>9187</Code>
      <Text>TOXIC SUBSTANCES/SOLID &amp; HAZARDOUS WASTE</Text>
    </ProgramReference>
    <ProgramReference>
      <Code>EGCH</Code>
      <Text>ENVIRONMENT AND GLOBAL CHANGE</Text>
    </ProgramReference>
  </Award>
</rootTag>
