<?xml version="1.0" encoding="UTF-8"?>

<rootTag>
  <Award>
    <AwardTitle>Topics in Finite and Infinite Dimensional Random Dynamical Systems</AwardTitle>
    <AwardEffectiveDate>10/01/2004</AwardEffectiveDate>
    <AwardExpirationDate>09/30/2010</AwardExpirationDate>
    <AwardAmount>270000</AwardAmount>
    <AwardInstrument>
      <Value>Continuing grant</Value>
    </AwardInstrument>
    <Organization>
      <Code>03040000</Code>
      <Directorate>
        <LongName>Direct For Mathematical &amp; Physical Scien</LongName>
      </Directorate>
      <Division>
        <LongName>Division Of Mathematical Sciences</LongName>
      </Division>
    </Organization>
    <ProgramOfficer>
      <SignBlockName>Bruce P. Palka</SignBlockName>
    </ProgramOfficer>
    <AbstractNarration>Random dynamical systems arise in the modeling of many phenomena in physics, biology, economics, etc. when uncertainties or random influences, called noises, are taken intoaccount. These random effects are not only introduced to compensate for the defects in some deterministic models, but also are often rather intrinsic phenomena. A fundamental problem is to study the dynamical behavior of orbits of random dynamical systems. &lt;br/&gt;This project seeks to establish some of the basic geometric framework for infinite dimensional random dynamical systems. By proving existence and robustness of random invariant manifolds and foliations, results on structural stability of deterministic systems under random perturbations will be sought. Floquet theory containing the multiplicative ergodic theorem will be developed, statistical properties of random attractors, and pattern formation in random media will be explored. The theory of smooth conjugacy for finite dimensional random dynamical systems will also be developed.&lt;br/&gt;The broader impacts of this project include the training of graduate students and junior faculty members in this emerging area of dynamics. Applications to the many fields mentioned above will create opportunities to interact on many levels with students and faculty members from other disciplines and will lead to advances in technology. One such example are the possible applications to the study of nano-devices, for instance, random thermal fluctuations or quantum effects must be accounted for in order to accurately predict performance. That field is one of many that is completely open to analysis using tools of the type to be developed here.</AbstractNarration>
    <MinAmdLetterDate>06/02/2004</MinAmdLetterDate>
    <MaxAmdLetterDate>11/14/2007</MaxAmdLetterDate>
    <ARRAAmount/>
    <AwardID>0401708</AwardID>
    <Investigator>
      <FirstName>Peter</FirstName>
      <LastName>Bates</LastName>
      <EmailAddress>bates@math.msu.edu</EmailAddress>
      <StartDate>11/14/2007</StartDate>
      <EndDate/>
      <RoleCode>Principal Investigator</RoleCode>
    </Investigator>
    <Investigator>
      <FirstName>Peter</FirstName>
      <LastName>Bates</LastName>
      <EmailAddress>bates@math.msu.edu</EmailAddress>
      <StartDate>06/02/2004</StartDate>
      <EndDate>11/13/2007</EndDate>
      <RoleCode>Former Co-Principal Investigator</RoleCode>
    </Investigator>
    <Investigator>
      <FirstName>Kening</FirstName>
      <LastName>Lu</LastName>
      <EmailAddress>klu@mathematics.byu.edu</EmailAddress>
      <StartDate>11/14/2007</StartDate>
      <EndDate/>
      <RoleCode>Co-Principal Investigator</RoleCode>
    </Investigator>
    <Investigator>
      <FirstName>Kening</FirstName>
      <LastName>Lu</LastName>
      <EmailAddress>klu@mathematics.byu.edu</EmailAddress>
      <StartDate>06/02/2004</StartDate>
      <EndDate>11/13/2007</EndDate>
      <RoleCode>Former Principal Investigator</RoleCode>
    </Investigator>
    <Institution>
      <Name>Michigan State University</Name>
      <CityName>East Lansing</CityName>
      <ZipCode>488242600</ZipCode>
      <PhoneNumber>5173555040</PhoneNumber>
      <StreetAddress>Office of Sponsored Programs</StreetAddress>
      <CountryName>United States</CountryName>
      <StateName>Michigan</StateName>
      <StateCode>MI</StateCode>
    </Institution>
    <FoaInformation>
      <Code>0000099</Code>
      <Name>Other Applications NEC</Name>
    </FoaInformation>
  </Award>
</rootTag>
