<?xml version="1.0" encoding="UTF-8"?>

<rootTag>
  <Award>
    <AwardTitle>Improving Power Generation in Microbial Fuel Cells</AwardTitle>
    <AwardEffectiveDate>11/15/2004</AwardEffectiveDate>
    <AwardExpirationDate>10/31/2008</AwardExpirationDate>
    <AwardAmount>509342</AwardAmount>
    <AwardInstrument>
      <Value>Continuing grant</Value>
    </AwardInstrument>
    <Organization>
      <Code>07020000</Code>
      <Directorate>
        <LongName>Directorate For Engineering</LongName>
      </Directorate>
      <Division>
        <LongName>Div Of Chem, Bioeng, Env, &amp; Transp Sys</LongName>
      </Division>
    </Organization>
    <ProgramOfficer>
      <SignBlockName>Paul L. Bishop</SignBlockName>
    </ProgramOfficer>
    <AbstractNarration>0401885&lt;br/&gt;Logan&lt;br/&gt;As bacteria metabolize organic substrates (electron donor), electrons are transferred via respiratory enzymes to an electron acceptor. Microbial fuel cells (MFCs) take advantage of this basic metabolic process by transferring the electrons from the bacterial respiratory enzymes directly to an electrode (anode), which is wired to a second electrode (cathode) that is exposed to air (or the electron acceptor, O2) in a separate compartment. The flow of electrons between the electrodes creates a current, and forms the basis of the fuel cell. Although the amount of electricity generated is small at this point, the potential economic benefit for wastewater treatment is enormous. The investigators seek to systematically evaluate the effect of MFC design and configuration on power generation. The researchers specifically seek to identify system components that can be re-designed to improve economic viability of existing configurations, and to improve overall rates of energy generation. These include cathode-to-anode surface area ratio and spacing, PEM material, cathode material, and anode material.</AbstractNarration>
    <MinAmdLetterDate>10/27/2004</MinAmdLetterDate>
    <MaxAmdLetterDate>12/19/2006</MaxAmdLetterDate>
    <ARRAAmount/>
    <AwardID>0401885</AwardID>
    <Investigator>
      <FirstName>Thomas</FirstName>
      <LastName>Mallouk</LastName>
      <EmailAddress>tom@chem.psu.edu</EmailAddress>
      <StartDate>10/27/2004</StartDate>
      <EndDate>04/19/2006</EndDate>
      <RoleCode>Former Co-Principal Investigator</RoleCode>
    </Investigator>
    <Investigator>
      <FirstName>Bruce</FirstName>
      <LastName>Logan</LastName>
      <EmailAddress>blogan@psu.edu</EmailAddress>
      <StartDate>10/27/2004</StartDate>
      <EndDate/>
      <RoleCode>Principal Investigator</RoleCode>
    </Investigator>
    <Institution>
      <Name>Pennsylvania State Univ University Park</Name>
      <CityName>UNIVERSITY PARK</CityName>
      <ZipCode>168027000</ZipCode>
      <PhoneNumber>8148651372</PhoneNumber>
      <StreetAddress>110 Technology Center Building</StreetAddress>
      <CountryName>United States</CountryName>
      <StateName>Pennsylvania</StateName>
      <StateCode>PA</StateCode>
    </Institution>
    <FoaInformation>
      <Code>0313040</Code>
      <Name>Water Pollution</Name>
    </FoaInformation>
    <FoaInformation>
      <Code>0316000</Code>
      <Name>Trace Contaminants</Name>
    </FoaInformation>
  </Award>
</rootTag>
