<?xml version="1.0" encoding="UTF-8"?>

<rootTag>
  <Award>
    <AwardTitle>Geometry and Representations of P-adic Groups</AwardTitle>
    <AwardEffectiveDate>07/01/2004</AwardEffectiveDate>
    <AwardExpirationDate>06/30/2007</AwardExpirationDate>
    <AwardAmount>139437</AwardAmount>
    <AwardInstrument>
      <Value>Continuing grant</Value>
    </AwardInstrument>
    <Organization>
      <Code>03040200</Code>
      <Directorate>
        <LongName>Direct For Mathematical &amp; Physical Scien</LongName>
      </Directorate>
      <Division>
        <LongName>Division Of Mathematical Sciences</LongName>
      </Division>
    </Organization>
    <ProgramOfficer>
      <SignBlockName>Tie Luo</SignBlockName>
    </ProgramOfficer>
    <AbstractNarration>The PI will study the theory of types in representation theory of&lt;br/&gt;p-adic groups, intiated by Bushnell-Kutzko, from different angles.&lt;br/&gt;Firstly, we (jointly with Julee Kim) would like to show that the pairs&lt;br/&gt;constructed by the PI are actually types. This is known so far only when&lt;br/&gt;the expected corresponding inertia classes consist of supercuspidal&lt;br/&gt;representations. Secondly, the PI has shown that the compact open&lt;br/&gt;subgroup in this construction underlies a natural smooth group scheme. We&lt;br/&gt;envisage that there should be more algebrao-geometric structure on the&lt;br/&gt;pair, possibly a cohomological realization of types. This will bring&lt;br/&gt;new connections with other parts of representation theory where&lt;br/&gt;geometric/cohomological method is used.&lt;br/&gt;&lt;br/&gt;The representation theory of p-adic groups is part of the Langlands&lt;br/&gt;program, a philosophy linking representations with number theory and&lt;br/&gt;automorphic forms. Hence it is the corner stone of many applications of&lt;br/&gt;the latter. The theory of types is a new development in the past 10 years&lt;br/&gt;and sheds new lights on the subject. But the types are rather complicated&lt;br/&gt;objects and are well-understood only in special cases. This project will&lt;br/&gt;endow more structures and meanings to the types to enable new connections&lt;br/&gt;with number theory and its applications.</AbstractNarration>
    <MinAmdLetterDate>06/23/2004</MinAmdLetterDate>
    <MaxAmdLetterDate>07/11/2006</MaxAmdLetterDate>
    <ARRAAmount/>
    <AwardID>0401033</AwardID>
    <Investigator>
      <FirstName>Jiu-Kang</FirstName>
      <LastName>Yu</LastName>
      <EmailAddress>jyu@math.purdue.edu</EmailAddress>
      <StartDate>06/23/2004</StartDate>
      <EndDate/>
      <RoleCode>Principal Investigator</RoleCode>
    </Investigator>
    <Institution>
      <Name>Purdue University</Name>
      <CityName>West Lafayette</CityName>
      <ZipCode>479072114</ZipCode>
      <PhoneNumber>7654941055</PhoneNumber>
      <StreetAddress>Young Hall</StreetAddress>
      <CountryName>United States</CountryName>
      <StateName>Indiana</StateName>
      <StateCode>IN</StateCode>
    </Institution>
    <FoaInformation>
      <Code>0000099</Code>
      <Name>Other Applications NEC</Name>
    </FoaInformation>
  </Award>
</rootTag>
