<?xml version="1.0" encoding="UTF-8"?>

<rootTag>
  <Award>
    <AwardTitle>GEM: Coordination for the Geospace Environment Modeling Workshops</AwardTitle>
    <AwardEffectiveDate>04/01/2004</AwardEffectiveDate>
    <AwardExpirationDate>03/31/2010</AwardExpirationDate>
    <AwardAmount>307000</AwardAmount>
    <AwardInstrument>
      <Value>Continuing grant</Value>
    </AwardInstrument>
    <Organization>
      <Code>06020202</Code>
      <Directorate>
        <LongName>Directorate For Geosciences</LongName>
      </Directorate>
      <Division>
        <LongName>Div Atmospheric &amp; Geospace Sciences</LongName>
      </Division>
    </Organization>
    <ProgramOfficer>
      <SignBlockName>kile baker</SignBlockName>
    </ProgramOfficer>
    <AbstractNarration>This project will provide for the coordination of the NSF Geospace Environment Modeling (GEM) Workshops. The GEM workshops comprise a 5 day-long workshop each summer and a half-day mini-workshop in conjunction with each Fall American Geophysical Union (AGU) meeting. The next summer workshop will be held in June 2004 in Snowmass, Colorado and the following year a joint workshop with the Coupling, Energetics and Dynamics of Atmospheric Regions (CEDAR) program will be held in Santa Fe, NM. The funding for this project will support all facets of the workshop coordination including: facility planning, meeting logistics, room and audio-visual rental, student and postdoc travel support, and some associated administrative support. The goal of the workshop coordination is to provide organized forums to foster the community-wide discussions and research needed to achieve the GEM program goals.</AbstractNarration>
    <MinAmdLetterDate>03/16/2004</MinAmdLetterDate>
    <MaxAmdLetterDate>03/23/2009</MaxAmdLetterDate>
    <ARRAAmount/>
    <AwardID>0401812</AwardID>
    <Investigator>
      <FirstName>Frank</FirstName>
      <LastName>Toffoletto</LastName>
      <EmailAddress>toffo@rice.edu</EmailAddress>
      <StartDate>03/16/2004</StartDate>
      <EndDate/>
      <RoleCode>Principal Investigator</RoleCode>
    </Investigator>
    <Institution>
      <Name>William Marsh Rice University</Name>
      <CityName>Houston</CityName>
      <ZipCode>770051827</ZipCode>
      <PhoneNumber>7133484820</PhoneNumber>
      <StreetAddress>6100 MAIN ST</StreetAddress>
      <CountryName>United States</CountryName>
      <StateName>Texas</StateName>
      <StateCode>TX</StateCode>
    </Institution>
    <FoaInformation>
      <Code>0205000</Code>
      <Name>Space</Name>
    </FoaInformation>
    <ProgramElement>
      <Code>5750</Code>
      <Text>MAGNETOSPHERIC PHYSICS</Text>
    </ProgramElement>
    <ProgramReference>
      <Code>1323</Code>
      <Text>SOLAR INFLUENCES</Text>
    </ProgramReference>
    <ProgramReference>
      <Code>EGCH</Code>
      <Text>ENVIRONMENT AND GLOBAL CHANGE</Text>
    </ProgramReference>
  </Award>
</rootTag>
