<?xml version="1.0" encoding="UTF-8"?>

<rootTag>
  <Award>
    <AwardTitle>SGER:Performance Analysis of the BlueGene Class of Machines via the ASTRO-FOLD Protein Structure Prediction Framework</AwardTitle>
    <AwardEffectiveDate>08/15/2004</AwardEffectiveDate>
    <AwardExpirationDate>07/31/2006</AwardExpirationDate>
    <AwardAmount>30608</AwardAmount>
    <AwardInstrument>
      <Value>Standard Grant</Value>
    </AwardInstrument>
    <Organization>
      <Code>05050000</Code>
      <Directorate>
        <LongName>Direct For Computer &amp; Info Scie &amp; Enginr</LongName>
      </Directorate>
      <Division>
        <LongName>Division Of Computer and Network Systems</LongName>
      </Division>
    </Organization>
    <ProgramOfficer>
      <SignBlockName>Frederica Darema</SignBlockName>
    </ProgramOfficer>
    <AbstractNarration>Abstract, CNS-0401635&lt;br/&gt;&lt;br/&gt;The project will port the Astro-Fold first principles methodology for protein structure prediction to the BlueGene class of machines with primary objectives: (i) to conduct a performance analysis of the BlueGene architecture, and (ii) to validate the architecture's unique features of concurrency between computation and communication.&lt;br/&gt;&lt;br/&gt;The project will develop parameter representation of the distributed system and will perform distributed computing studies with different number of nodes so as to assess and understand the performance of the network delays on the computations, the message passing and the communications overhead. The project will also investigate and assess the performance of the BlueGene class of machines not only on the individual levels of distributed computations (i.e, the helical prediction, the loop prediction, and the three-dimensional structure prediction), but also on the combined distributed computing performance of all levels and hierarchy in the distributed computations. This will be of major significance for the BlueGene class of machines and for the Astro-Fold methodology.</AbstractNarration>
    <MinAmdLetterDate>08/04/2004</MinAmdLetterDate>
    <MaxAmdLetterDate>06/16/2005</MaxAmdLetterDate>
    <ARRAAmount/>
    <AwardID>0401635</AwardID>
    <Investigator>
      <FirstName>Christodoulos</FirstName>
      <LastName>Floudas</LastName>
      <EmailAddress>floudas@tamu.edu</EmailAddress>
      <StartDate>08/04/2004</StartDate>
      <EndDate/>
      <RoleCode>Principal Investigator</RoleCode>
    </Investigator>
    <Institution>
      <Name>Princeton University</Name>
      <CityName>Princeton</CityName>
      <ZipCode>085442020</ZipCode>
      <PhoneNumber>6092583090</PhoneNumber>
      <StreetAddress>Off. of Research &amp; Proj. Admin.</StreetAddress>
      <CountryName>United States</CountryName>
      <StateName>New Jersey</StateName>
      <StateCode>NJ</StateCode>
    </Institution>
    <FoaInformation>
      <Code>0000912</Code>
      <Name>Computer Science</Name>
    </FoaInformation>
  </Award>
</rootTag>
