<?xml version="1.0" encoding="UTF-8"?>

<rootTag>
  <Award>
    <AwardTitle>Chemical and Biological Assessment of Endocrine Disruptors in Waterways of Southeast Texas</AwardTitle>
    <AwardEffectiveDate>05/01/2004</AwardEffectiveDate>
    <AwardExpirationDate>09/30/2009</AwardExpirationDate>
    <AwardAmount>998328</AwardAmount>
    <AwardInstrument>
      <Value>Standard Grant</Value>
    </AwardInstrument>
    <Organization>
      <Code>11060000</Code>
      <Directorate>
        <LongName>Direct For Education and Human Resources</LongName>
      </Directorate>
      <Division>
        <LongName>Division Of Human Resource Development</LongName>
      </Division>
    </Organization>
    <ProgramOfficer>
      <SignBlockName>Victor A. Santiago</SignBlockName>
    </ProgramOfficer>
    <AbstractNarration>HRD- 0401587&lt;br/&gt;&lt;br/&gt;Chemical and Biological Assessment of Endocrine Disruptors in Waterways in Southeast Texas&lt;br/&gt;&lt;br/&gt;Texas Southern University&lt;br/&gt;&lt;br/&gt;PI: Joseph Jones&lt;br/&gt;&lt;br/&gt;Genetics and molecular biology researchers from Texas Southern University's Environmental Toxicology program will assess environmental contamination in the waterways of southeast Texas. Research will focus on chemical and biological endocrine disruptors in the lower Galveston Bay watershed. Research efforts will: (1) identify and quantify endocrine disruptors; (2) measure the effects of endocrine disruptors on cell proliferation and DNA repair in estrogen-sensitive cell lines; and (3) evaluate changes in dopamine content in neuronal cells treated with endocrine disruptors, and further examine the mechanism by which these chemicals may disrupt dopamine content.&lt;br/&gt;&lt;br/&gt;The project supports for a cadre of incoming doctoral students; faculty and graduate student participation at professional meetings; and, undergraduate and high school student supervised research opportunities managed through a Summer Internship Program. A regional conference on the multidisciplinary assessment of environmental contamination in Texas waterways will be held project-year 3.&lt;br/&gt;&lt;br/&gt;This project combines state of the art monitoring capabilities with cutting-edge basic research to define the biological sequel of exposure to identified aquatic endocrine disruptors. The work, to be conducted by Texas Southern University researchers, will incorporate underrepresented minority students at the high school, undergraduate, and graduate levels. Broader impacts of the proposed activity include the enhancement of the doctoral training capacity of TSU, and an increase in the number of underrepresented minority students entering into STEM-related graduate fields.</AbstractNarration>
    <MinAmdLetterDate>02/12/2004</MinAmdLetterDate>
    <MaxAmdLetterDate>04/01/2009</MaxAmdLetterDate>
    <ARRAAmount/>
    <AwardID>0401587</AwardID>
    <Investigator>
      <FirstName>James</FirstName>
      <LastName>DuMond</LastName>
      <EmailAddress>dumond_jw@tsu.edu</EmailAddress>
      <StartDate>02/12/2004</StartDate>
      <EndDate/>
      <RoleCode>Co-Principal Investigator</RoleCode>
    </Investigator>
    <Investigator>
      <FirstName>Bobby</FirstName>
      <LastName>Wilson</LastName>
      <EmailAddress>wilson_bl@tsu.edu</EmailAddress>
      <StartDate>04/01/2009</StartDate>
      <EndDate/>
      <RoleCode>Principal Investigator</RoleCode>
    </Investigator>
    <Investigator>
      <FirstName>Renard</FirstName>
      <LastName>Thomas</LastName>
      <EmailAddress>thomas_rl@tsu.edu</EmailAddress>
      <StartDate>02/12/2004</StartDate>
      <EndDate/>
      <RoleCode>Co-Principal Investigator</RoleCode>
    </Investigator>
    <Investigator>
      <FirstName>Bobby</FirstName>
      <LastName>Wilson</LastName>
      <EmailAddress>wilson_bl@tsu.edu</EmailAddress>
      <StartDate>02/12/2004</StartDate>
      <EndDate>02/11/2005</EndDate>
      <RoleCode>Former Co-Principal Investigator</RoleCode>
    </Investigator>
    <Investigator>
      <FirstName>Joseph</FirstName>
      <LastName>Jones</LastName>
      <EmailAddress>jjones@htu.edu</EmailAddress>
      <StartDate>02/12/2004</StartDate>
      <EndDate>02/11/2005</EndDate>
      <RoleCode>Former Principal Investigator</RoleCode>
    </Investigator>
    <Investigator>
      <FirstName>Ramesh</FirstName>
      <LastName>Govindarajan</LastName>
      <EmailAddress>ramesh_gt@tsu.edu</EmailAddress>
      <StartDate>02/12/2004</StartDate>
      <EndDate/>
      <RoleCode>Co-Principal Investigator</RoleCode>
    </Investigator>
    <Institution>
      <Name>Texas Southern University</Name>
      <CityName>Houston</CityName>
      <ZipCode>770044501</ZipCode>
      <PhoneNumber>7133137457</PhoneNumber>
      <StreetAddress>3100 Cleburne Street</StreetAddress>
      <CountryName>United States</CountryName>
      <StateName>Texas</StateName>
      <StateCode>TX</StateCode>
    </Institution>
    <ProgramElement>
      <Code>9131</Code>
      <Text>CENTERS FOR RSCH EXCELL IN S&amp;T</Text>
    </ProgramElement>
    <ProgramReference>
      <Code>9179</Code>
      <Text>GRADUATE INVOLVEMENT</Text>
    </ProgramReference>
    <ProgramReference>
      <Code>SMET</Code>
      <Text>SCIENCE, MATH, ENG &amp; TECH EDUCATION</Text>
    </ProgramReference>
  </Award>
</rootTag>
