<?xml version="1.0" encoding="UTF-8"?>

<rootTag>
  <Award>
    <AwardTitle>International Research Fellowship Program: Risk Analysis of a Near-Future Urban Water Crisis in Turkey's Mega-City, Istanbul from Natural Processes</AwardTitle>
    <AwardEffectiveDate>07/01/2004</AwardEffectiveDate>
    <AwardExpirationDate>04/30/2007</AwardExpirationDate>
    <AwardAmount>145756</AwardAmount>
    <AwardInstrument>
      <Value>Fellowship</Value>
    </AwardInstrument>
    <Organization>
      <Code>01090000</Code>
      <Directorate>
        <LongName>Office Of The Director</LongName>
      </Directorate>
      <Division>
        <LongName>Office Of Internatl Science &amp;Engineering</LongName>
      </Division>
    </Organization>
    <ProgramOfficer>
      <SignBlockName>Susan Parris</SignBlockName>
    </ProgramOfficer>
    <AbstractNarration>0401836&lt;br/&gt;Doner&lt;br/&gt;&lt;br/&gt;The International Research Fellowship Program enables U.S. scientists and engineers to conduct three to twenty-four months of research abroad. The program's awards provide opportunities for joint research, and the use of unique or complementary facilities, expertise and experimental conditions abroad.&lt;br/&gt;&lt;br/&gt;This award will support a twenty-two month research fellowship by Dr. Lisa Doner to work with Dr. Namik M. Cagatay at the Istanbul Technical University in Maslak, Istanbul, Turkey.&lt;br/&gt;&lt;br/&gt;Istanbul, Turkey relies on two coastal lakes for more than 55% of it's drinking water: Terkos Lake and Buyukcekmece Lake. Both of these lakes are naturally occurring lagoonal estuaries that were dammed and turned into water lakes; Terkos in 1883 and Buyukcekmece over 100 years later, in 1989. Istanbul would face an immediate and severe water shortage if either of these two lakes were lost as freshwater sources, yet neither lake is a geologically stable feature. The basins are undergoing natural processes, acting over short and long timescales, that limit their lifespan as freshwater lakes. Unfortunately, almost nothing is known about the lakes' past and present sedimentation rates, the depth of the marine water table beneath the lakes' basins, or the frequency of tsunami (tidal wave) affecting either site. This project, in partnership with Istanbul Technical University, is examining the risk of losing these freshwater resources through natural (gradual and catastrophic) processes. &lt;br/&gt;&lt;br/&gt;Gradual processes affecting the lakes include the loss of lake capacity and overall water quality due to sediment infilling, excessive algal growth, and saltwater intrusion. These gradual processes are important short-term risks because other factors, such as an extreme climate event, can combine with and amplify the progressive change. This project is studying the infilling rate and the affect of algal growth of water quality. It is also producing the first modern maps of lake depth and depth of the saltwater table for both lakes. Terkos and Buyukcekmece lakes are isolated from the sea today by dams and barrier reinforcements. These barriers are the weakest points in the integrity of each basin and are susceptible to catastrophic collapse if further weakened. The project is studying the change in barrier integrity, using satellite images of barrier width covering the last 30 years, and examining the pattern of sediment deposition and erosion on both sides of the barrier. Another gradual process is invasion of the zebra mussel, an species from the Caspian Sea (northeast of the Black Sea), which has started to appear in lakes in Turkey. The spread of it is poorly documented so far. So, in this project, surface samples from these coastal lakes, as well as a regular sampling strategy at a network of lakes around the Sea of Marmara, are being used to create a GIS-based distribution map-series for this species which could be used in management and protection of uninfected watersheds.&lt;br/&gt;&lt;br/&gt;Catastrophic loss of the lakes' water can result from earthquake and/or tsunami. Turkey is seismically active and there is a high (&gt;60%) probability of a strong earthquake near Istanbul for the next few decades. Aside from the damage to the dams and marine barrier caused by earthquake, these coastal lagoons face tsunami hazards. This project is looking at evidence of past seismic-related events, through changes in sediment characteristics that indicate a sharp transition between fresh and saltwater environments, and indications of massive watershed disturbance.</AbstractNarration>
    <MinAmdLetterDate>06/28/2004</MinAmdLetterDate>
    <MaxAmdLetterDate>07/03/2006</MaxAmdLetterDate>
    <ARRAAmount/>
    <AwardID>0401836</AwardID>
    <Investigator>
      <FirstName>Lisa</FirstName>
      <LastName>Doner</LastName>
      <EmailAddress/>
      <StartDate>06/28/2004</StartDate>
      <EndDate/>
      <RoleCode>Principal Investigator</RoleCode>
    </Investigator>
    <Institution>
      <Name>Doner Lisa</Name>
      <CityName>Istanbul 34900</CityName>
      <ZipCode/>
      <PhoneNumber/>
      <StreetAddress/>
      <CountryName>Turkey</CountryName>
      <StateName/>
      <StateCode/>
    </Institution>
    <FoaInformation>
      <Code>0304000</Code>
      <Name>Disaster &amp; Natural Hazard</Name>
    </FoaInformation>
  </Award>
</rootTag>
