<?xml version="1.0" encoding="UTF-8"?>

<rootTag>
  <Award>
    <AwardTitle>Geometry and Topology of String Theory</AwardTitle>
    <AwardEffectiveDate>02/01/2004</AwardEffectiveDate>
    <AwardExpirationDate>01/31/2006</AwardExpirationDate>
    <AwardAmount>30000</AwardAmount>
    <AwardInstrument>
      <Value>Standard Grant</Value>
    </AwardInstrument>
    <Organization>
      <Code>03040200</Code>
      <Directorate>
        <LongName>Direct For Mathematical &amp; Physical Scien</LongName>
      </Directorate>
      <Division>
        <LongName>Division Of Mathematical Sciences</LongName>
      </Division>
    </Organization>
    <ProgramOfficer>
      <SignBlockName>Christopher W. Stark</SignBlockName>
    </ProgramOfficer>
    <AbstractNarration>DMS-0401953&lt;br/&gt;Ezra Getzler and Eric Zaslow&lt;br/&gt;&lt;br/&gt;This award supports a conference at Northwestern University on the mathematics &lt;br/&gt;surrounding the theory of branes, in the context of the Emphasis Year on &lt;br/&gt;Geometric and Topological Methods in String Theory at Northwestern University.&lt;br/&gt;In addition, the award also supports a series of mini-workshops and seminars to&lt;br/&gt;be held before the conference, which is particularly directed at students and &lt;br/&gt;post-docs. This conference will foster a mutually beneficial interaction between&lt;br/&gt;mathematicians and physicists. In addition, the activities are expected to play a &lt;br/&gt;role in advertising potential applications of these emerging methods elsewhere in &lt;br/&gt;geometry and topology. &lt;br/&gt;&lt;br/&gt;Geometric and homotopy-theoretic methods have proved of increasing&lt;br/&gt;importance to the study of string theory and associated areas of&lt;br/&gt;physics in the last few years: we may mention Fukaya and Kontsevich's&lt;br/&gt;introduction of A1-categories and the role of manifolds of G2-holonomy&lt;br/&gt;as just two examples. The flow of ideas has gone in the other direction&lt;br/&gt;as well. For example, string duality has suggested new directions of&lt;br/&gt;research on derived categories of algebraic varieties.</AbstractNarration>
    <MinAmdLetterDate>01/25/2004</MinAmdLetterDate>
    <MaxAmdLetterDate>01/25/2004</MaxAmdLetterDate>
    <ARRAAmount/>
    <AwardID>0401953</AwardID>
    <Investigator>
      <FirstName>Ezra</FirstName>
      <LastName>Getzler</LastName>
      <EmailAddress>getzler@northwestern.edu</EmailAddress>
      <StartDate>01/25/2004</StartDate>
      <EndDate/>
      <RoleCode>Principal Investigator</RoleCode>
    </Investigator>
    <Investigator>
      <FirstName>Eric</FirstName>
      <LastName>Zaslow</LastName>
      <EmailAddress>zaslow@math.northwestern.edu</EmailAddress>
      <StartDate>01/25/2004</StartDate>
      <EndDate/>
      <RoleCode>Co-Principal Investigator</RoleCode>
    </Investigator>
    <Institution>
      <Name>Northwestern University</Name>
      <CityName>Evanston</CityName>
      <ZipCode>602013149</ZipCode>
      <PhoneNumber>8474913003</PhoneNumber>
      <StreetAddress>1801 Maple Ave.</StreetAddress>
      <CountryName>United States</CountryName>
      <StateName>Illinois</StateName>
      <StateCode>IL</StateCode>
    </Institution>
    <FoaInformation>
      <Code>0000099</Code>
      <Name>Other Applications NEC</Name>
    </FoaInformation>
  </Award>
</rootTag>
