<?xml version="1.0" encoding="UTF-8"?>

<rootTag>
  <Award>
    <AwardTitle>Computational Intelligence Based Power Systems Operation</AwardTitle>
    <AwardEffectiveDate>07/01/2004</AwardEffectiveDate>
    <AwardExpirationDate>06/30/2009</AwardExpirationDate>
    <AwardAmount>180000</AwardAmount>
    <AwardInstrument>
      <Value>Standard Grant</Value>
    </AwardInstrument>
    <Organization>
      <Code>07010000</Code>
      <Directorate>
        <LongName>Directorate For Engineering</LongName>
      </Directorate>
      <Division>
        <LongName>Div Of Electrical, Commun &amp; Cyber Sys</LongName>
      </Division>
    </Organization>
    <ProgramOfficer>
      <SignBlockName>Dagmar Niebur</SignBlockName>
    </ProgramOfficer>
    <AbstractNarration>The power system disturbances related to power quality have been important issues to electric utilities and&lt;br/&gt;their customers. Upon malfunction in power systems everything goes disarray impacting industrial units, &lt;br/&gt;business, and a large population. &lt;br/&gt;&lt;br/&gt;To prevent power system failures an appropriate corrective action must be taken well before beginning&lt;br/&gt;of cascaded failures. Computational Intelligence (CI) based techniques; Discrete Wavelet Transform (DWT), &lt;br/&gt;Hidden Markov Models, Recurrent Neural Networks, Bayesian networks, mixture of Gaussians and&lt;br/&gt;independent component analysis are proposed for real time identification/classification of the power&lt;br/&gt;system disturbances. For the real time control of power system disturbances, DSpace system implements&lt;br/&gt;intelligent control algorithms for Power Quality Converter to correct a selected set of individual disturbances&lt;br/&gt;as well as overlapped disturbances. &lt;br/&gt;&lt;br/&gt;The CI based techniques will perform time series analysis to forecast future disturbances based on disturbance log/history. The real time detection and control techniques will also be used for system probing to predict the load and develop the model of the load in a downstream power system. &lt;br/&gt;&lt;br/&gt;The electric power engineering research and education needs new ideas from computational sciences for an&lt;br/&gt;intelligent control of electric grid system. The power system disturbances, caused by natural factors, over loading, power quality events, and malfunction of power system gears, are growing concerns to electric utilities. Therefore, this proposal also strives to develop a new interdisciplinary course titled "Computational Intelligence in Power System". &lt;br/&gt;&lt;br/&gt;It is expected that the proposed new course will impart training to future power engineers with broader perspectives on interdisciplinary research and education.</AbstractNarration>
    <MinAmdLetterDate>07/01/2004</MinAmdLetterDate>
    <MaxAmdLetterDate>07/09/2008</MaxAmdLetterDate>
    <ARRAAmount/>
    <AwardID>0401045</AwardID>
    <Investigator>
      <FirstName>Brij N.</FirstName>
      <LastName>Singh</LastName>
      <EmailAddress>bsingh@ihmc.us</EmailAddress>
      <StartDate>07/01/2004</StartDate>
      <EndDate/>
      <RoleCode>Principal Investigator</RoleCode>
    </Investigator>
    <Investigator>
      <FirstName>Marin</FirstName>
      <LastName>Simina</LastName>
      <EmailAddress>simina@eecs.tulane.edu</EmailAddress>
      <StartDate>07/01/2004</StartDate>
      <EndDate/>
      <RoleCode>Co-Principal Investigator</RoleCode>
    </Investigator>
    <Investigator>
      <FirstName>Jing</FirstName>
      <LastName>Peng</LastName>
      <EmailAddress>pengj@mail.montclair.edu</EmailAddress>
      <StartDate>07/01/2004</StartDate>
      <EndDate/>
      <RoleCode>Co-Principal Investigator</RoleCode>
    </Investigator>
    <Institution>
      <Name>Tulane University</Name>
      <CityName>NEW ORLEANS</CityName>
      <ZipCode>701185698</ZipCode>
      <PhoneNumber>5048654000</PhoneNumber>
      <StreetAddress>6823 ST CHARLES AVENUE</StreetAddress>
      <CountryName>United States</CountryName>
      <StateName>Louisiana</StateName>
      <StateCode>LA</StateCode>
    </Institution>
    <FoaInformation>
      <Code>0306000</Code>
      <Name>Energy Research &amp; Resources</Name>
    </FoaInformation>
  </Award>
</rootTag>
