<?xml version="1.0" encoding="UTF-8"?>

<rootTag>
  <Award>
    <AwardTitle>Optimizing the Next Generation of Bolometric Detectors</AwardTitle>
    <AwardEffectiveDate>05/15/2004</AwardEffectiveDate>
    <AwardExpirationDate>05/31/2006</AwardExpirationDate>
    <AwardAmount>189290</AwardAmount>
    <AwardInstrument>
      <Value>Fellowship</Value>
    </AwardInstrument>
    <Organization>
      <Code>03020000</Code>
      <Directorate>
        <LongName>Direct For Mathematical &amp; Physical Scien</LongName>
      </Directorate>
      <Division>
        <LongName>Division Of Astronomical Sciences</LongName>
      </Division>
    </Organization>
    <ProgramOfficer>
      <SignBlockName>Harshal Gupta</SignBlockName>
    </ProgramOfficer>
    <AbstractNarration>Dr. Hunt is awarded an MPS Distinguished International Postdoctoral Research Fellowship to conduct a research program abroad at the University of Wales, Cardiff, the United Kingdom. Dr. Hunt's research aims to revolutionize sub-millimeter astronomy with the development of large-format detector arrays that utilize superconducting technology, better known as transition-edge superconducting (TES) bolometers. Dr. Hunt plans to develop a line of research that will simplify and isolate the components of a TES in an attempt to address the excess noise issues that are seemingly ubiquitous in these devices. Dr. Hunt will also take advantage of the detector-testing and fabrication facilities at Cardiff, and collaborate with groups at NIST in the U.S. and SRON in The Netherlands to study different TES materials. &lt;br/&gt;&lt;br/&gt;In addition, Dr. Hunt plans to participate in specific educational activities that contribute to the broader impacts of her research program. Dr. Hunt will develop a public lecture about radiation detectors, give talks to young students, work with graduate and undergraduate students, and encourage women in science.</AbstractNarration>
    <MinAmdLetterDate>05/21/2004</MinAmdLetterDate>
    <MaxAmdLetterDate>05/04/2006</MaxAmdLetterDate>
    <ARRAAmount/>
    <AwardID>0401484</AwardID>
    <Investigator>
      <FirstName>Cynthia</FirstName>
      <LastName>Hunt</LastName>
      <EmailAddress/>
      <StartDate>05/21/2004</StartDate>
      <EndDate/>
      <RoleCode>Principal Investigator</RoleCode>
    </Investigator>
    <Institution>
      <Name>Hunt, Cynthia L</Name>
      <CityName>Cardiff</CityName>
      <ZipCode/>
      <PhoneNumber/>
      <StreetAddress/>
      <CountryName>United Kingdom</CountryName>
      <StateName/>
      <StateCode/>
    </Institution>
    <ProgramElement>
      <Code>1253</Code>
      <Text>OFFICE OF MULTIDISCIPLINARY AC</Text>
    </ProgramElement>
    <ProgramReference>
      <Code>0000</Code>
      <Text>UNASSIGNED</Text>
    </ProgramReference>
    <ProgramReference>
      <Code>1207</Code>
      <Text>OBSERVATIONAL ASTRONOMY</Text>
    </ProgramReference>
    <ProgramReference>
      <Code>1695</Code>
      <Text>MPS Dist Inter PostDoc Fellow Pro</Text>
    </ProgramReference>
    <ProgramReference>
      <Code>OTHR</Code>
      <Text>OTHER RESEARCH OR EDUCATION</Text>
    </ProgramReference>
  </Award>
</rootTag>
