<?xml version="1.0" encoding="UTF-8"?>

<rootTag>
  <Award>
    <AwardTitle>Theoretical Particle Physics, Astrophysics and Cosmology</AwardTitle>
    <AwardEffectiveDate>11/01/2004</AwardEffectiveDate>
    <AwardExpirationDate>10/31/2008</AwardExpirationDate>
    <AwardAmount>299999</AwardAmount>
    <AwardInstrument>
      <Value>Continuing grant</Value>
    </AwardInstrument>
    <Organization>
      <Code>03010500</Code>
      <Directorate>
        <LongName>Direct For Mathematical &amp; Physical Scien</LongName>
      </Directorate>
      <Division>
        <LongName>Division Of Physics</LongName>
      </Division>
    </Organization>
    <ProgramOfficer>
      <SignBlockName>Frederick Cooper</SignBlockName>
    </ProgramOfficer>
    <AbstractNarration>PI: Glennys Farrar &lt;br/&gt;Institute: New York University &lt;br/&gt;&lt;br/&gt;&lt;br/&gt;The research program will address questions that are fundamental to our conception of the universe: What is dark matter composed of? What is the dark energy? Do dark matter and dark energy interact with each other? Why is the abundance of dark matter about equal to that of ordinary matter, when in conventional theory they are unrelated? Indeed, why is there any ordinary matter left in the Universe at all? Are there more dimensions than the 3 we live in, and what can we say about their structure and properties? In particular the PI will develop a semi-analytic cosmic ray shower simulator (SENECA). &lt;br/&gt;A new candidate for dark matter (the H-dibaryon) which is based on the existence of light gluinos will be studied. The research will include a detailed and intensive examination of the consequences of coupling dark matter (DM) and dark energy (DE) through a dependence of DM mass on a quintessence field. The PI will also examine models that can generate an asymmetry for standard model baryons without baryon number violation and investigate whether one can identify DM as mirror ordinary matter on a different brane.</AbstractNarration>
    <MinAmdLetterDate>10/12/2004</MinAmdLetterDate>
    <MaxAmdLetterDate>10/31/2006</MaxAmdLetterDate>
    <ARRAAmount/>
    <AwardID>0401232</AwardID>
    <Investigator>
      <FirstName>Glennys</FirstName>
      <LastName>Farrar</LastName>
      <EmailAddress>gf25@nyu.edu</EmailAddress>
      <StartDate>10/12/2004</StartDate>
      <EndDate/>
      <RoleCode>Principal Investigator</RoleCode>
    </Investigator>
    <Institution>
      <Name>New York University</Name>
      <CityName>NEW YORK</CityName>
      <ZipCode>100121019</ZipCode>
      <PhoneNumber>2129982121</PhoneNumber>
      <StreetAddress>70 WASHINGTON SQUARE S</StreetAddress>
      <CountryName>United States</CountryName>
      <StateName>New York</StateName>
      <StateCode>NY</StateCode>
    </Institution>
    <FoaInformation>
      <Code>0000099</Code>
      <Name>Other Applications NEC</Name>
    </FoaInformation>
    <ProgramElement>
      <Code>1217</Code>
      <Text>EXTRAGALACTIC ASTRON &amp; COSMOLO</Text>
    </ProgramElement>
    <ProgramElement>
      <Code>1288</Code>
      <Text>Particle Astrophysics &amp; Cosmol</Text>
    </ProgramElement>
    <ProgramReference>
      <Code>0000</Code>
      <Text>UNASSIGNED</Text>
    </ProgramReference>
    <ProgramReference>
      <Code>OTHR</Code>
      <Text>OTHER RESEARCH OR EDUCATION</Text>
    </ProgramReference>
  </Award>
</rootTag>
