<?xml version="1.0" encoding="UTF-8"?>

<rootTag>
  <Award>
    <AwardTitle>International Research Fellowship Program: New European Territories, Old Nationalist Dreams?, Globalization, Regionalism, and the Euro-Mediterranean Arch</AwardTitle>
    <AwardEffectiveDate>05/15/2005</AwardEffectiveDate>
    <AwardExpirationDate>08/31/2007</AwardExpirationDate>
    <AwardAmount>53377</AwardAmount>
    <AwardInstrument>
      <Value>Fellowship</Value>
    </AwardInstrument>
    <Organization>
      <Code>01090000</Code>
      <Directorate>
        <LongName>Office Of The Director</LongName>
      </Directorate>
      <Division>
        <LongName>Office Of Internatl Science &amp;Engineering</LongName>
      </Division>
    </Organization>
    <ProgramOfficer>
      <SignBlockName>Susan Parris</SignBlockName>
    </ProgramOfficer>
    <AbstractNarration>0401862&lt;br/&gt;Prytherch&lt;br/&gt;&lt;br/&gt;The International Research Fellowship Program enables U.S. scientists and engineers to conduct three to twenty-four months of research abroad. The program's awards provide opportunities for joint research, and the use of unique or complementary facilities, expertise and experimental conditions abroad.&lt;br/&gt;&lt;br/&gt;This award will support an eight-month research fellowship by Dr. David L. Prytherch to work with Dr. Josep V. Boira at the University of Valencia in Spain.&lt;br/&gt;&lt;br/&gt;Despite predictions, regional nationalism in Europe has not only survived but flourished in the face of globalization. To grasp the consequences for European integration, this research explores how cultural politics of region may be adapted to global, economic competitiveness. Collaborative research with geographers at the Universitat de Valencia investigates the merging of Catalan nationalism and regional entrepreneurialism in the construction of a new, transnational European economic region: The Euro-Mediterranean Arch. Qualitative archival research, semi-structured interviews, questionnaires, and participant observation of political and economic elites in Catalan-speaking regions of Catalunya, Valencia, and the Balearic Islands is expected to reveal how regional nationalist discourse may be re-articulated to facilitate inter-regional competition, offer insights into the intersection of cultural politics and economic development amidst European restructuring, and foster international research collaboration in the process.</AbstractNarration>
    <MinAmdLetterDate>07/01/2004</MinAmdLetterDate>
    <MaxAmdLetterDate>06/23/2006</MaxAmdLetterDate>
    <ARRAAmount/>
    <AwardID>0401862</AwardID>
    <Investigator>
      <FirstName>David</FirstName>
      <LastName>Prytherch</LastName>
      <EmailAddress/>
      <StartDate>07/01/2004</StartDate>
      <EndDate/>
      <RoleCode>Principal Investigator</RoleCode>
    </Investigator>
    <Institution>
      <Name>Prytherch David L</Name>
      <CityName>Oxford</CityName>
      <ZipCode>450562473</ZipCode>
      <PhoneNumber/>
      <StreetAddress/>
      <CountryName>United States</CountryName>
      <StateName>Ohio</StateName>
      <StateCode>OH</StateCode>
    </Institution>
    <FoaInformation>
      <Code>0116000</Code>
      <Name>Human Subjects</Name>
    </FoaInformation>
    <FoaInformation>
      <Code>0510202</Code>
      <Name>International Economic Modeling</Name>
    </FoaInformation>
  </Award>
</rootTag>
