<?xml version="1.0" encoding="UTF-8"?>

<rootTag>
  <Award>
    <AwardTitle>Research in Dynamical Systems</AwardTitle>
    <AwardEffectiveDate>11/15/2004</AwardEffectiveDate>
    <AwardExpirationDate>10/31/2006</AwardExpirationDate>
    <AwardAmount>89999</AwardAmount>
    <AwardInstrument>
      <Value>Standard Grant</Value>
    </AwardInstrument>
    <Organization>
      <Code>03040100</Code>
      <Directorate>
        <LongName>Direct For Mathematical &amp; Physical Scien</LongName>
      </Directorate>
      <Division>
        <LongName>Division Of Mathematical Sciences</LongName>
      </Division>
    </Organization>
    <ProgramOfficer>
      <SignBlockName>Joe W. Jenkins</SignBlockName>
    </ProgramOfficer>
    <AbstractNarration>Abstract DMS-0401266&lt;br/&gt;PI: John W. Milnor&lt;br/&gt;CoPI: Mikhail Lyubich, Saeed Zakeri&lt;br/&gt;&lt;br/&gt;&lt;br/&gt;Since its founding in 1989, the Institute for Mathematical Sciences at Stony Brook has carried on an active program of research and education in dynamical systems, and related areas of geometry, ergodic theory, and complex analysis, with particular emphasis on low dimensional dynamics over the real and complex numbers. It has supported a number of junior and senior visitors, organized nine conferences, worked with graduate and undergraduate students, and helped promote communication in this field by maintaining a dynamics web site and an active preprint series. The present proposal outlines a further program of exploring all aspects of low dimensional dynamics: combinatorial and geometric issues of holomorphic dynamics, its interplay&lt;br/&gt;with one-dimensional real dynamics (particularly in the rigidity and renormalization theories), interaction with three-dimensional hyperbolic geometry, analytic and geometric aspects of two dimensional complex and real dynamics.</AbstractNarration>
    <MinAmdLetterDate>11/05/2004</MinAmdLetterDate>
    <MaxAmdLetterDate>01/28/2005</MaxAmdLetterDate>
    <ARRAAmount/>
    <AwardID>0401266</AwardID>
    <Investigator>
      <FirstName>John</FirstName>
      <LastName>Milnor</LastName>
      <EmailAddress>jack@math.sunysb.edu</EmailAddress>
      <StartDate>11/05/2004</StartDate>
      <EndDate/>
      <RoleCode>Principal Investigator</RoleCode>
    </Investigator>
    <Investigator>
      <FirstName>Saeed</FirstName>
      <LastName>Zakeri</LastName>
      <EmailAddress>zakeri@math.sunysb.edu</EmailAddress>
      <StartDate>11/05/2004</StartDate>
      <EndDate>01/28/2005</EndDate>
      <RoleCode>Former Co-Principal Investigator</RoleCode>
    </Investigator>
    <Investigator>
      <FirstName>Mikhail</FirstName>
      <LastName>Lyubich</LastName>
      <EmailAddress>mlyubich@math.sunysb.edu</EmailAddress>
      <StartDate>11/05/2004</StartDate>
      <EndDate/>
      <RoleCode>Co-Principal Investigator</RoleCode>
    </Investigator>
    <Institution>
      <Name>SUNY at Stony Brook</Name>
      <CityName>Stony Brook</CityName>
      <ZipCode>117940001</ZipCode>
      <PhoneNumber>6316329949</PhoneNumber>
      <StreetAddress>WEST 5510 FRK MEL LIB</StreetAddress>
      <CountryName>United States</CountryName>
      <StateName>New York</StateName>
      <StateCode>NY</StateCode>
    </Institution>
    <FoaInformation>
      <Code>0000099</Code>
      <Name>Other Applications NEC</Name>
    </FoaInformation>
    <ProgramElement>
      <Code>1281</Code>
      <Text>ANALYSIS PROGRAM</Text>
    </ProgramElement>
    <ProgramReference>
      <Code>0000</Code>
      <Text>UNASSIGNED</Text>
    </ProgramReference>
    <ProgramReference>
      <Code>OTHR</Code>
      <Text>OTHER RESEARCH OR EDUCATION</Text>
    </ProgramReference>
  </Award>
</rootTag>
