<?xml version="1.0" encoding="UTF-8"?>

<rootTag>
  <Award>
    <AwardTitle>Workshop Support for West Antarctic Ice Sheet (WAIS) Research</AwardTitle>
    <AwardEffectiveDate>12/01/2003</AwardEffectiveDate>
    <AwardExpirationDate>11/30/2006</AwardExpirationDate>
    <AwardAmount>87646</AwardAmount>
    <AwardInstrument>
      <Value>Interagency Agreement</Value>
    </AwardInstrument>
    <Organization>
      <Code>06090300</Code>
      <Directorate>
        <LongName>Directorate For Geosciences</LongName>
      </Directorate>
      <Division>
        <LongName>Office of Polar Programs (OPP)</LongName>
      </Division>
    </Organization>
    <ProgramOfficer>
      <SignBlockName>Paul Cutler</SignBlockName>
    </ProgramOfficer>
    <AbstractNarration>This award supports the continuation of the annual West Antarctic Ice Sheet (WAIS) project workshops. The WAIS project has successfully focused a broad cross-section of the Antarctic research community on two urgent global issues: future sea level and rapid climate change. WAIS is multidisciplinary and the support will help to foster continued cross-disciplinary interaction. WAIS workshops began in 1990; first to formulate the objectives of WAIS and, beginning in 1992, to exchange and present scientific findings in a forum where cross-disciplinary scientific discourse was promoted and progress toward WAIS goals could be annually assessed. These workshops have been the backbone of this cooperative scientific effort. The WAIS community has voiced its support for continuing these workshops on an annual basis. Funds are provided to support future WAIS workshops in three ways: first, to assist in the notification, organization and execution of annual workshops for the next three years; second, to further enhance these workshops by offering travel stipends to attract new participants deemed by the WAIS Working Group to be key persons in further enhancing the WAIS program; and third, to maintain a web site for workshop organization and to serve as a clearinghouse for information relevant to the WAIS research community.</AbstractNarration>
    <MinAmdLetterDate>11/24/2003</MinAmdLetterDate>
    <MaxAmdLetterDate>07/05/2006</MaxAmdLetterDate>
    <ARRAAmount/>
    <AwardID>0401676</AwardID>
    <Investigator>
      <FirstName>Robert</FirstName>
      <LastName>Bindschadler</LastName>
      <EmailAddress>Robert.A.Bindschadler@nasa.gov</EmailAddress>
      <StartDate>11/24/2003</StartDate>
      <EndDate/>
      <RoleCode>Principal Investigator</RoleCode>
    </Investigator>
    <Institution>
      <Name>NASA/GODDARD SPACE FLIGHT CENTER</Name>
      <CityName>Greenbelt</CityName>
      <ZipCode>207710002</ZipCode>
      <PhoneNumber>3012860807</PhoneNumber>
      <StreetAddress>8800 GREENBELT RD</StreetAddress>
      <CountryName>United States</CountryName>
      <StateName>Maryland</StateName>
      <StateCode>MD</StateCode>
    </Institution>
    <FoaInformation>
      <Code>0311000</Code>
      <Name>Polar Programs-Related</Name>
    </FoaInformation>
    <ProgramElement>
      <Code>5112</Code>
      <Text>ANTARCTIC EARTH SCIENCES</Text>
    </ProgramElement>
    <ProgramElement>
      <Code>5116</Code>
      <Text>ANTARCTIC GLACIOLOGY</Text>
    </ProgramElement>
    <ProgramReference>
      <Code>0000</Code>
      <Text>UNASSIGNED</Text>
    </ProgramReference>
    <ProgramReference>
      <Code>OTHR</Code>
      <Text>OTHER RESEARCH OR EDUCATION</Text>
    </ProgramReference>
  </Award>
</rootTag>
