<?xml version="1.0" encoding="UTF-8"?>

<rootTag>
  <Award>
    <AwardTitle>Miami Conference on Geometric Analysis, Nonlinear Wave Equations, and General Relativity; Miami, FL</AwardTitle>
    <AwardEffectiveDate>04/15/2004</AwardEffectiveDate>
    <AwardExpirationDate>03/31/2005</AwardExpirationDate>
    <AwardAmount>5000</AwardAmount>
    <AwardInstrument>
      <Value>Standard Grant</Value>
    </AwardInstrument>
    <Organization>
      <Code>03040200</Code>
      <Directorate>
        <LongName>Direct For Mathematical &amp; Physical Scien</LongName>
      </Directorate>
      <Division>
        <LongName>Division Of Mathematical Sciences</LongName>
      </Division>
    </Organization>
    <ProgramOfficer>
      <SignBlockName>Christopher W. Stark</SignBlockName>
    </ProgramOfficer>
    <AbstractNarration>Abstract&lt;br/&gt;&lt;br/&gt;Award: DMS-0401925&lt;br/&gt;Principal Investigator: Lars Andersson&lt;br/&gt;&lt;br/&gt;This award provides partial support for graduate students&lt;br/&gt;and early career researchers attending the Miami Conference&lt;br/&gt;on Geometric Analysis, Nonlinear Wave Equations, and General&lt;br/&gt;Relativity.&lt;br/&gt;&lt;br/&gt;Much of the mathematics relevant to the study of gravitation from&lt;br/&gt;geometric points of view also appears in other problems,&lt;br/&gt;especially the study of nonlinear differential equations modeling&lt;br/&gt;wave motion. This conference at the University of Miami is the&lt;br/&gt;first of a projected series on important problems and recent&lt;br/&gt;developments in these areas.</AbstractNarration>
    <MinAmdLetterDate>04/16/2004</MinAmdLetterDate>
    <MaxAmdLetterDate>04/01/2005</MaxAmdLetterDate>
    <ARRAAmount/>
    <AwardID>0401925</AwardID>
    <Investigator>
      <FirstName>Lars</FirstName>
      <LastName>Andersson</LastName>
      <EmailAddress>larsa@math.miami.edu</EmailAddress>
      <StartDate>04/16/2004</StartDate>
      <EndDate/>
      <RoleCode>Principal Investigator</RoleCode>
    </Investigator>
    <Institution>
      <Name>University of Miami</Name>
      <CityName>CORAL GABLES</CityName>
      <ZipCode>331462926</ZipCode>
      <PhoneNumber>3052843924</PhoneNumber>
      <StreetAddress>1320 S. Dixie Highway Suite 650</StreetAddress>
      <CountryName>United States</CountryName>
      <StateName>Florida</StateName>
      <StateCode>FL</StateCode>
    </Institution>
    <FoaInformation>
      <Code>0000099</Code>
      <Name>Other Applications NEC</Name>
    </FoaInformation>
  </Award>
</rootTag>
