<?xml version="1.0" encoding="UTF-8"?>

<rootTag>
  <Award>
    <AwardTitle>GaN-Based Devices for Gas Sensing in Harsh Enviornments</AwardTitle>
    <AwardEffectiveDate>04/15/2004</AwardEffectiveDate>
    <AwardExpirationDate>03/31/2009</AwardExpirationDate>
    <AwardAmount>264893</AwardAmount>
    <AwardInstrument>
      <Value>Standard Grant</Value>
    </AwardInstrument>
    <Organization>
      <Code>07010000</Code>
      <Directorate>
        <LongName>Directorate For Engineering</LongName>
      </Directorate>
      <Division>
        <LongName>Div Of Electrical, Commun &amp; Cyber Sys</LongName>
      </Division>
    </Organization>
    <ProgramOfficer>
      <SignBlockName>Pradeep P. Fulay</SignBlockName>
    </ProgramOfficer>
    <AbstractNarration>The overall goal of this project is to develop GaN-based gas sensors at high temperatures with improved sensitivity, response time, stability and reliability. The outcome of this research program will provide technology that will greatly enhance the capability of gas sensing in harsh environments. The technical merit of this exploratory research for new gas sensing materials and devices in harsh environments is as follows: (1) fundamental knowledge of the gas sensing mechanisms and the physics of GaN-based devices; (2) fabrication of GaN-based gas sensors for high temperature applications; and (3) advanced sensor packaging technology for extremely high temperature applications. &lt;br/&gt;&lt;br/&gt;This new gas sensing technology will have great potentials in energy and automobile industry for next generation of energy, and in defense applications for anti-terrorism. The success of the project will provide technology for research and development in compact, efficient fuel cell system. This project will provide an environment where students can be trained in a broader perspective of the research process, from device modeling, design, fabrication, to device testing and package. Collaborative efforts required in this project will allow students to broaden their research experience beyond the norm by learning new techniques and participating in related research normally outside their adviser's activities. Hence, students associated with this project will be trained on state-of-the-art methods that will be cornerstones for their future careers that will enhance the future infrastructure for research and education. Research discoveries and results will be incorporated in the course development.</AbstractNarration>
    <MinAmdLetterDate>04/12/2004</MinAmdLetterDate>
    <MaxAmdLetterDate>07/11/2008</MaxAmdLetterDate>
    <ARRAAmount/>
    <AwardID>0401305</AwardID>
    <Investigator>
      <FirstName>Wu</FirstName>
      <LastName>Lu</LastName>
      <EmailAddress>lu.173@osu.edu</EmailAddress>
      <StartDate>04/12/2004</StartDate>
      <EndDate/>
      <RoleCode>Principal Investigator</RoleCode>
    </Investigator>
    <Investigator>
      <FirstName>Allen</FirstName>
      <LastName>Yi</LastName>
      <EmailAddress>yi.71@osu.edu</EmailAddress>
      <StartDate>04/12/2004</StartDate>
      <EndDate/>
      <RoleCode>Co-Principal Investigator</RoleCode>
    </Investigator>
    <Institution>
      <Name>Ohio State University Research Foundation -DO NOT USE</Name>
      <CityName>Columbus</CityName>
      <ZipCode>432101016</ZipCode>
      <PhoneNumber>6142923732</PhoneNumber>
      <StreetAddress>1960 KENNY RD</StreetAddress>
      <CountryName>United States</CountryName>
      <StateName>Ohio</StateName>
      <StateCode>OH</StateCode>
    </Institution>
    <FoaInformation>
      <Code>0206000</Code>
      <Name>Telecommunications</Name>
    </FoaInformation>
  </Award>
</rootTag>
