<?xml version="1.0" encoding="UTF-8"?>

<rootTag>
  <Award>
    <AwardTitle>Geometry of Real Submanifolds in Complex Space and CR Structures</AwardTitle>
    <AwardEffectiveDate>06/01/2004</AwardEffectiveDate>
    <AwardExpirationDate>05/31/2007</AwardExpirationDate>
    <AwardAmount>130003</AwardAmount>
    <AwardInstrument>
      <Value>Continuing grant</Value>
    </AwardInstrument>
    <Organization>
      <Code>03040100</Code>
      <Directorate>
        <LongName>Direct For Mathematical &amp; Physical Scien</LongName>
      </Directorate>
      <Division>
        <LongName>Division Of Mathematical Sciences</LongName>
      </Division>
    </Organization>
    <ProgramOfficer>
      <SignBlockName>Joe W. Jenkins</SignBlockName>
    </ProgramOfficer>
    <AbstractNarration>DMS 0401215&lt;br/&gt;&lt;br/&gt;PI: Peter Ebenfelt&lt;br/&gt;&lt;br/&gt;UC San Diego&lt;br/&gt;&lt;br/&gt;Geometry of real submanifolds in complex space . . .&lt;br/&gt;&lt;br/&gt;Abstract&lt;br/&gt;:&lt;br/&gt;&lt;br/&gt;The principal investigator will study geometric, analytic, and algebraic aspects of generic real submanifolds in complex manifolds (or, more generally, of manifolds with a CR structure) and their mappings. He will investigate the existence, uniqueness, and regularity of CR mappings between given CR manifolds, as well as geometric questions that arise in connection with this study.&lt;br/&gt;More specifically, the proposer will focus on these problems in the context of studying CR embeddings of a strictly pseudoconvex hypersurface into another of higher dimension. In contrast to the case in which the manifolds are of the same dimension, little is known here and there are a number of unresolved but very basic questions. The PI will also study geometric properties of&lt;br/&gt;CR mappings between generic submanifolds of higher codimension, as well as continuing his study of CR mappings between real hypersurfaces of infinite type (in the sense of Kohn and Bloom--Graham) by investigating closer the prolongation of the system defining CR mappings to a singular Pfaffian system on the jet bundle. Another problem that the PI plans to study is that of normal forms for real hypersurfaces in complex manifolds.&lt;br/&gt;&lt;br/&gt;The study of real submanifolds in complex manifolds is central to the theory of several complex variables, and has close connections to other areas of mathematics, such as partial differential equations, differential geometry, and algebraic geometry, as well as to contemporary topics in &lt;br/&gt;mathematical physics. A real submanifold of a complex manifold inherits, from its ambient manifold, a partial complex structure, called a CR (for Cauchy-Riemann) structure, which in general is much more rigid than the &lt;br/&gt;complex structure of the ambient manifold. Much of the research in this project is motivated by the desire to classify such CR structures up to equivalences which leave the ambient manifold invariant. This is one of the most fundamental questions in this field.</AbstractNarration>
    <MinAmdLetterDate>04/08/2004</MinAmdLetterDate>
    <MaxAmdLetterDate>05/22/2006</MaxAmdLetterDate>
    <ARRAAmount/>
    <AwardID>0401215</AwardID>
    <Investigator>
      <FirstName>Peter</FirstName>
      <LastName>Ebenfelt</LastName>
      <EmailAddress>pebenfelt@ucsd.edu</EmailAddress>
      <StartDate>04/08/2004</StartDate>
      <EndDate/>
      <RoleCode>Principal Investigator</RoleCode>
    </Investigator>
    <Institution>
      <Name>University of California-San Diego</Name>
      <CityName>La Jolla</CityName>
      <ZipCode>920930934</ZipCode>
      <PhoneNumber>8585344896</PhoneNumber>
      <StreetAddress>Office of Contract &amp; Grant Admin</StreetAddress>
      <CountryName>United States</CountryName>
      <StateName>California</StateName>
      <StateCode>CA</StateCode>
    </Institution>
    <FoaInformation>
      <Code>0000099</Code>
      <Name>Other Applications NEC</Name>
    </FoaInformation>
    <ProgramElement>
      <Code>1281</Code>
      <Text>ANALYSIS PROGRAM</Text>
    </ProgramElement>
    <ProgramReference>
      <Code>0000</Code>
      <Text>UNASSIGNED</Text>
    </ProgramReference>
    <ProgramReference>
      <Code>OTHR</Code>
      <Text>OTHER RESEARCH OR EDUCATION</Text>
    </ProgramReference>
  </Award>
</rootTag>
