<?xml version="1.0" encoding="UTF-8"?>

<rootTag>
  <Award>
    <AwardTitle>Problems in Function Theory</AwardTitle>
    <AwardEffectiveDate>07/01/2004</AwardEffectiveDate>
    <AwardExpirationDate>06/30/2008</AwardExpirationDate>
    <AwardAmount>141282</AwardAmount>
    <AwardInstrument>
      <Value>Standard Grant</Value>
    </AwardInstrument>
    <Organization>
      <Code>03040100</Code>
      <Directorate>
        <LongName>Direct For Mathematical &amp; Physical Scien</LongName>
      </Directorate>
      <Division>
        <LongName>Division Of Mathematical Sciences</LongName>
      </Division>
    </Organization>
    <ProgramOfficer>
      <SignBlockName>Bruce P. Palka</SignBlockName>
    </ProgramOfficer>
    <AbstractNarration>DMS 0401720&lt;br/&gt;&lt;br/&gt;J B Garnett&lt;br/&gt;&lt;br/&gt;UCLA&lt;br/&gt;&lt;br/&gt;&lt;br/&gt;&lt;br/&gt;Garnett and his students will work on several problems in classical one dimensional complex analysis. The first problem is to approximate any Blaschke product uniformly on the open disc by Blaschke products whose zeros are&lt;br/&gt;sufficiently spread apart and thin that the corresponding Riesz mass is bounded in all holomorphic coordinate systems (i. e. is a Carleson measure). The approximation should be effected using explicit constructions. The second problem is to give a direct proof of the equivalence of two weight conditions, the Muckenhoupt $A_2$ condition and the Helson-Szeg\"o condition, that are necessary and sufficient for the Hilbert transform to be bounded on $L^2$(weight).&lt;br/&gt;The third problem is to construct non-constant bounded analytic functions on the complement of a positive length subset of a Lipschitz graph. The fourth problem&lt;br/&gt;is a corona problem for infinitely connected plane domains whose boundaries lie on certain regular Cantor sets. It too requires some new explicit constructions. The fifth problem is to prove the $n$-dimensional Lipschitz&lt;br/&gt;harmonic capacity is a bilipschitz invariant.&lt;br/&gt;&lt;br/&gt;The methods to be used on these problems will be constructive so that they can be give explicit computer aided constructions of analytic functions and conformal mappings. Analytic functions and conformal mappings have&lt;br/&gt;broad applications in fluid dynamics, acoustics, and electrical engineering, and in these applications constructions are more useful than general existence theorems.</AbstractNarration>
    <MinAmdLetterDate>04/12/2004</MinAmdLetterDate>
    <MaxAmdLetterDate>01/10/2005</MaxAmdLetterDate>
    <ARRAAmount/>
    <AwardID>0401720</AwardID>
    <Investigator>
      <FirstName>John</FirstName>
      <LastName>Garnett</LastName>
      <EmailAddress>jbg@math.ucla.edu</EmailAddress>
      <StartDate>04/12/2004</StartDate>
      <EndDate/>
      <RoleCode>Principal Investigator</RoleCode>
    </Investigator>
    <Institution>
      <Name>University of California-Los Angeles</Name>
      <CityName>LOS ANGELES</CityName>
      <ZipCode>900951406</ZipCode>
      <PhoneNumber>3107940102</PhoneNumber>
      <StreetAddress>10889 Wilshire Boulevard</StreetAddress>
      <CountryName>United States</CountryName>
      <StateName>California</StateName>
      <StateCode>CA</StateCode>
    </Institution>
    <FoaInformation>
      <Code>0000099</Code>
      <Name>Other Applications NEC</Name>
    </FoaInformation>
    <ProgramElement>
      <Code>1281</Code>
      <Text>ANALYSIS PROGRAM</Text>
    </ProgramElement>
    <ProgramReference>
      <Code>0000</Code>
      <Text>UNASSIGNED</Text>
    </ProgramReference>
    <ProgramReference>
      <Code>OTHR</Code>
      <Text>OTHER RESEARCH OR EDUCATION</Text>
    </ProgramReference>
  </Award>
</rootTag>
