<?xml version="1.0" encoding="UTF-8"?>

<rootTag>
  <Award>
    <AwardTitle>Lattice, Trees and Group Actions</AwardTitle>
    <AwardEffectiveDate>07/15/2004</AwardEffectiveDate>
    <AwardExpirationDate>06/30/2007</AwardExpirationDate>
    <AwardAmount>110000</AwardAmount>
    <AwardInstrument>
      <Value>Standard Grant</Value>
    </AwardInstrument>
    <Organization>
      <Code>03040200</Code>
      <Directorate>
        <LongName>Direct For Mathematical &amp; Physical Scien</LongName>
      </Directorate>
      <Division>
        <LongName>Division Of Mathematical Sciences</LongName>
      </Division>
    </Organization>
    <ProgramOfficer>
      <SignBlockName>Tie Luo</SignBlockName>
    </ProgramOfficer>
    <AbstractNarration>Abstract for award DMS-0401107 of Carbone&lt;br/&gt;&lt;br/&gt;&lt;br/&gt;The objective of this program is to advance understanding in&lt;br/&gt;algebra, group theory and representation theory with&lt;br/&gt;particular emphasis on the mathematics underlying physics&lt;br/&gt;and geometry. Kac-Moody Lie algebras are infinite dimensional&lt;br/&gt;algebras that were first discovered by physicists. A mathematical&lt;br/&gt;characterization of these algebras obtained in the 1970's allowed&lt;br/&gt;for the existence of a wider class of Kac-Moody algebras, namely&lt;br/&gt;hyperbolic algebras. To this day, no classical interpretation of&lt;br/&gt;hyperbolic algebras is known in mathematics, nor has any physical&lt;br/&gt;interpretation of them been discovered. Yet these algebras&lt;br/&gt;display remarkable symmetry properties which encode deep&lt;br/&gt;and intricate relationships between numbers and geometry.&lt;br/&gt;These hyperbolic algebras and their groups are the objects&lt;br/&gt;of our study. We have discovered the beginnings of&lt;br/&gt;a theory of automorphic forms for lattices in Kac-Moody&lt;br/&gt;groups over finite fields. Although Kac-Moody groups&lt;br/&gt;have no obvious algebraic or arithmetic structure, our&lt;br/&gt;work demonstrates substantial analogies with Lie groups&lt;br/&gt;over fields of positive characteristic. Our approach, in part,&lt;br/&gt;has been to adapt discrete and combinatorial methods in&lt;br/&gt;order to solve problems in this infinite dimensional setting.&lt;br/&gt;&lt;br/&gt;&lt;br/&gt;&lt;br/&gt;The objective of this program is to advance understanding in&lt;br/&gt;algebra and symmetries of certain geometric objects with a&lt;br/&gt;particular emphasis on the mathematics underlying physics&lt;br/&gt;and geometry. "Kac-Moody Lie algebras" are infinite dimensional&lt;br/&gt;spaces that are studied both by mathematicians and physicists,&lt;br/&gt;having first been discovered in physics as algebras of "loops",&lt;br/&gt;that is, maps from the circle into finite dimensional Lie&lt;br/&gt;algebras. A mathematical characterization of these spaces,&lt;br/&gt;obtained in the 1970's, allowed for the existence of a wider&lt;br/&gt;class of Kac-Moody algebras, namely hyperbolic algebras.&lt;br/&gt;To this day, no classical interpretation of hyperbolic&lt;br/&gt;algebras is known in mathematics, nor has any physical&lt;br/&gt;interpretation of them been discovered. Yet these algebras&lt;br/&gt;display remarkable symmetry properties which encode deep&lt;br/&gt;and intricate relationships between numbers and geometry.&lt;br/&gt;These hyperbolic algebras and their symmetries are the&lt;br/&gt;objects of our study. A strong theme in this research program&lt;br/&gt;is to adapt discrete and combinatorial methods to solve problems&lt;br/&gt;in algebra. The proposer is developing a team of researchers&lt;br/&gt;in algebra, geometry, physics and combinatorics from a wide&lt;br/&gt;variety of countries, and including several women, in order&lt;br/&gt;to bring a wealth of diverse viewpoints to this research team.</AbstractNarration>
    <MinAmdLetterDate>07/07/2004</MinAmdLetterDate>
    <MaxAmdLetterDate>05/31/2005</MaxAmdLetterDate>
    <ARRAAmount/>
    <AwardID>0401107</AwardID>
    <Investigator>
      <FirstName>Lisa</FirstName>
      <LastName>Carbone</LastName>
      <EmailAddress>carbonel@math.rutgers.edu</EmailAddress>
      <StartDate>07/07/2004</StartDate>
      <EndDate/>
      <RoleCode>Principal Investigator</RoleCode>
    </Investigator>
    <Institution>
      <Name>Rutgers University New Brunswick</Name>
      <CityName>Piscataway</CityName>
      <ZipCode>088543925</ZipCode>
      <PhoneNumber>8489320150</PhoneNumber>
      <StreetAddress>33 Knightsbridge Road</StreetAddress>
      <CountryName>United States</CountryName>
      <StateName>New Jersey</StateName>
      <StateCode>NJ</StateCode>
    </Institution>
    <FoaInformation>
      <Code>0000099</Code>
      <Name>Other Applications NEC</Name>
    </FoaInformation>
    <ProgramElement>
      <Code>1264</Code>
      <Text>ALGEBRA,NUMBER THEORY,AND COM</Text>
    </ProgramElement>
    <ProgramReference>
      <Code>0000</Code>
      <Text>UNASSIGNED</Text>
    </ProgramReference>
    <ProgramReference>
      <Code>OTHR</Code>
      <Text>OTHER RESEARCH OR EDUCATION</Text>
    </ProgramReference>
  </Award>
</rootTag>
