<?xml version="1.0" encoding="UTF-8"?>

<rootTag>
  <Award>
    <AwardTitle>Multivariate special functions</AwardTitle>
    <AwardEffectiveDate>07/01/2004</AwardEffectiveDate>
    <AwardExpirationDate>06/30/2008</AwardExpirationDate>
    <AwardAmount>110549</AwardAmount>
    <AwardInstrument>
      <Value>Standard Grant</Value>
    </AwardInstrument>
    <Organization>
      <Code>03040200</Code>
      <Directorate>
        <LongName>Direct For Mathematical &amp; Physical Scien</LongName>
      </Directorate>
      <Division>
        <LongName>Division Of Mathematical Sciences</LongName>
      </Division>
    </Organization>
    <ProgramOfficer>
      <SignBlockName>Tomek Bartoszynski</SignBlockName>
    </ProgramOfficer>
    <AbstractNarration>This research program consists of three lines of investigation, each &lt;br/&gt;connected to multivariate analogues of generalized hypergeometric &lt;br/&gt;functions. The first concerns a family of biorthogonal abelian &lt;br/&gt;functions associated to elliptic curves that generalize multivariate &lt;br/&gt;orthogonal polynomials due to Macdonald and Koornwinder. The second &lt;br/&gt;aspect involves certain multivariate analogues of quadratic &lt;br/&gt;transformations of hypergeometric functions, which generalize identities &lt;br/&gt;from the theory of symmetric spaces; related to this is the study of &lt;br/&gt;natural deformations of permutation actions of Coxeter groups to &lt;br/&gt;representations of the associated Hecke algebras, some of which have led &lt;br/&gt;to proofs of multivariate quadratic transformations. Finally, the &lt;br/&gt;investigator will be studying multivariate elliptic hypergeometric &lt;br/&gt;(contour) integrals, with a view to understanding the functional &lt;br/&gt;equations satisfied by such integrals.&lt;br/&gt;&lt;br/&gt;Historically, the study of "special functions" originated in the fact &lt;br/&gt;that quite a few functions of interest in applications turned out to be &lt;br/&gt;members of a single family, the hypergeometric functions. The new &lt;br/&gt;family of functions the investigator is studying is a significant &lt;br/&gt;generalization of this family, combining several existing &lt;br/&gt;generalizations (each with their own applications and connections to &lt;br/&gt;other areas of mathematics) under one roof. In addition to the &lt;br/&gt;potential that new applications may arise, this investigation should &lt;br/&gt;also lead to a greater understanding of the existing families.</AbstractNarration>
    <MinAmdLetterDate>04/29/2004</MinAmdLetterDate>
    <MaxAmdLetterDate>04/29/2004</MaxAmdLetterDate>
    <ARRAAmount/>
    <AwardID>0401387</AwardID>
    <Investigator>
      <FirstName>Eric</FirstName>
      <LastName>Rains</LastName>
      <EmailAddress>rains@caltech.edu</EmailAddress>
      <StartDate>04/29/2004</StartDate>
      <EndDate/>
      <RoleCode>Principal Investigator</RoleCode>
    </Investigator>
    <Institution>
      <Name>University of California-Davis</Name>
      <CityName>Davis</CityName>
      <ZipCode>956186134</ZipCode>
      <PhoneNumber>5307547700</PhoneNumber>
      <StreetAddress>OR/Sponsored Programs</StreetAddress>
      <CountryName>United States</CountryName>
      <StateName>California</StateName>
      <StateCode>CA</StateCode>
    </Institution>
    <FoaInformation>
      <Code>0000099</Code>
      <Name>Other Applications NEC</Name>
    </FoaInformation>
    <ProgramElement>
      <Code>1264</Code>
      <Text>ALGEBRA,NUMBER THEORY,AND COM</Text>
    </ProgramElement>
    <ProgramReference>
      <Code>0000</Code>
      <Text>UNASSIGNED</Text>
    </ProgramReference>
    <ProgramReference>
      <Code>OTHR</Code>
      <Text>OTHER RESEARCH OR EDUCATION</Text>
    </ProgramReference>
  </Award>
</rootTag>
