<?xml version="1.0" encoding="UTF-8"?>

<rootTag>
  <Award>
    <AwardTitle>Problems in Automorphic Forms, Arithmetic and Geometry</AwardTitle>
    <AwardEffectiveDate>07/01/2004</AwardEffectiveDate>
    <AwardExpirationDate>06/30/2008</AwardExpirationDate>
    <AwardAmount>210000</AwardAmount>
    <AwardInstrument>
      <Value>Continuing grant</Value>
    </AwardInstrument>
    <Organization>
      <Code>03040200</Code>
      <Directorate>
        <LongName>Direct For Mathematical &amp; Physical Scien</LongName>
      </Directorate>
      <Division>
        <LongName>Division Of Mathematical Sciences</LongName>
      </Division>
    </Organization>
    <ProgramOfficer>
      <SignBlockName>Tomek Bartoszynski</SignBlockName>
    </ProgramOfficer>
    <AbstractNarration>Abstract for award DMS-0402044 of Ramakrishnan &lt;br/&gt;&lt;br/&gt; The general theme of this proposal is the study of the ubiquitous cusp&lt;br/&gt;forms in various contexts. The four specific problems proposed deal with the&lt;br/&gt;arithmetic, analytic, geometric and group theoretic&lt;br/&gt;aspects of these fundamental objects. To elaborate, the first problem asks&lt;br/&gt;if certain four dimensional Galois representations attached to cusp forms&lt;br/&gt;are irreducible, and such results are unknown in dimensions bigger than 3.&lt;br/&gt;The second problem deals with obtaining *exact* averages of twisted L-values&lt;br/&gt;of holomorphic cusp forms, and the ensuing implications for class numbers&lt;br/&gt;and a diophantine question. The third problem suggests that in special but&lt;br/&gt;pervasive instances (like for the Delta function), there should be&lt;br/&gt;Calabi-Yau varieties which geometrically realize the associated motives and&lt;br/&gt;hence the L-functions, which encode the statistical properties of Frobenius&lt;br/&gt;traces. The fourth problem is concerned with the *-selfdual representations&lt;br/&gt;of reductive groups G admitting involutions *, and asks for a study of a&lt;br/&gt;certain sign attached to cusp forms on G.&lt;br/&gt;&lt;br/&gt;This project will investigate certain mysterious and deep relations&lt;br/&gt;Between automorphic functions, which are continuous and pulchritudinous, and&lt;br/&gt;discrete objects like the integers and their building blocks, namely the&lt;br/&gt;prime numbers, which exhibit haunting statistical properties. Automorphic&lt;br/&gt;functions encode enchanting symmetries occurring in nature like the&lt;br/&gt;waveforms on a disk. The discrete tones therein have alluring arithmetical&lt;br/&gt;meanings. Often mathematicians and physicists build generating functions&lt;br/&gt;out of discrete collections of numbers, and the pressing problem is to know if&lt;br/&gt;these functions admit hidden symmetries, that is, if they are describing&lt;br/&gt;the tones of automorphic functions. If they do, then miraculous benefits emerge.&lt;br/&gt;Exploiting them is a worthy endeavor, and there are many gold mines yet to be discovered.</AbstractNarration>
    <MinAmdLetterDate>05/17/2004</MinAmdLetterDate>
    <MaxAmdLetterDate>06/08/2006</MaxAmdLetterDate>
    <ARRAAmount/>
    <AwardID>0402044</AwardID>
    <Investigator>
      <FirstName>Dinakar</FirstName>
      <LastName>Ramakrishnan</LastName>
      <EmailAddress>dinakar@its.caltech.edu</EmailAddress>
      <StartDate>05/17/2004</StartDate>
      <EndDate/>
      <RoleCode>Principal Investigator</RoleCode>
    </Investigator>
    <Institution>
      <Name>California Institute of Technology</Name>
      <CityName>PASADENA</CityName>
      <ZipCode>911250600</ZipCode>
      <PhoneNumber>6263956219</PhoneNumber>
      <StreetAddress>1200 E California Blvd</StreetAddress>
      <CountryName>United States</CountryName>
      <StateName>California</StateName>
      <StateCode>CA</StateCode>
    </Institution>
    <FoaInformation>
      <Code>0000099</Code>
      <Name>Other Applications NEC</Name>
    </FoaInformation>
  </Award>
</rootTag>
