<?xml version="1.0" encoding="UTF-8"?>

<rootTag>
  <Award>
    <AwardTitle>Dielectric and Mechanical Spectra Assisted Multi-Scale Study of Early Stage Concrete</AwardTitle>
    <AwardEffectiveDate>07/15/2007</AwardEffectiveDate>
    <AwardExpirationDate>07/31/2010</AwardExpirationDate>
    <AwardAmount>148428</AwardAmount>
    <AwardInstrument>
      <Value>Standard Grant</Value>
    </AwardInstrument>
    <Organization>
      <Code>07030000</Code>
      <Directorate>
        <LongName>Directorate For Engineering</LongName>
      </Directorate>
      <Division>
        <LongName>Div Of Civil, Mechanical, &amp; Manufact Inn</LongName>
      </Division>
    </Organization>
    <ProgramOfficer>
      <SignBlockName>Y. Grace Hsuan</SignBlockName>
    </ProgramOfficer>
    <AbstractNarration>This research proposes the development of a multi-scale model for the evolution of multi-scale structure of early stage concrete. This model can predict concrete behaviors from its mineral and chemical constituents and macro curing environment. Experiments will be conducted to investigate the effects of concrete constituents on their physical, dielectric and mechanical behaviors. A special designed broadband measurement system integrating the dielectric spectrum and mechanical spectra measurement will be utilized to non-destructively probe the multi-scale behaviors. The multi-scale model, which embraces nano, micro, meso, and macro scale structural characteristics, will be an evolutional model whose growth rate is decided by cement hydration kinetics. The model will start from fundamental physical-chemical principles to describe the nano-scale concrete structures. The chemical reaction theory and diffusion theory will be utilized to establish the transfer functions between models at different scales. By use of this multi-scale model, the behaviors of early stage concrete at different scales and their evolution can be predicted from the inherent properties (such as the chemical and mineral constituents) and the external factors (such as thermal and moisture exchange with the surrounding environment).&lt;br/&gt;&lt;br/&gt;If successful, the results of this research will lead to enhanced mechanism understand of fresh concrete behaviors. It will make distinctive contribution to the understanding and model description of hydration phenomena. The multi-scale approach helps to unveil the underlying mechanism for macroscopic concrete properties. It will contribute to the state of knowledge on the evolution of the multi-scale structure of concrete. This research will also provide a new spectra tool and test methodology for study concrete hydrations. The tool features the advantage of being inexpensive, non-destructive and providing real time data. Successful implementation of this research will contribute to the construction of high quality infrastructure and significantly improve the current design and construction practice.</AbstractNarration>
    <MinAmdLetterDate>07/10/2007</MinAmdLetterDate>
    <MaxAmdLetterDate>07/19/2009</MaxAmdLetterDate>
    <ARRAAmount/>
    <AwardID>0700524</AwardID>
    <Investigator>
      <FirstName>Xiong</FirstName>
      <LastName>Yu</LastName>
      <EmailAddress>xxy21@po.cwru.edu</EmailAddress>
      <StartDate>07/10/2007</StartDate>
      <EndDate/>
      <RoleCode>Principal Investigator</RoleCode>
    </Investigator>
    <Institution>
      <Name>Case Western Reserve University</Name>
      <CityName>CLEVELAND</CityName>
      <ZipCode>441064901</ZipCode>
      <PhoneNumber>2163684510</PhoneNumber>
      <StreetAddress>Nord Hall, Suite 615</StreetAddress>
      <CountryName>United States</CountryName>
      <StateName>Ohio</StateName>
      <StateCode>OH</StateCode>
    </Institution>
    <FoaInformation>
      <Code>0308000</Code>
      <Name>Industrial Technology</Name>
    </FoaInformation>
    <ProgramElement>
      <Code>1635</Code>
      <Text>STRUCTURAL MATERIALS AND MECH</Text>
    </ProgramElement>
    <ProgramReference>
      <Code>025E</Code>
      <Text>INFRASTRUCTURE MATERIALS</Text>
    </ProgramReference>
    <ProgramReference>
      <Code>026E</Code>
      <Text>STRUCTURAL MECHANICS</Text>
    </ProgramReference>
    <ProgramReference>
      <Code>1057</Code>
      <Text>CIS BASE RESEARCH</Text>
    </ProgramReference>
    <ProgramReference>
      <Code>116E</Code>
      <Text>RESEARCH EXP FOR UNDERGRADS</Text>
    </ProgramReference>
    <ProgramReference>
      <Code>9146</Code>
      <Text>MANUFACTURING BASE RESEARCH</Text>
    </ProgramReference>
    <ProgramReference>
      <Code>9178</Code>
      <Text>UNDERGRADUATE EDUCATION</Text>
    </ProgramReference>
    <ProgramReference>
      <Code>9231</Code>
      <Text>SUPPL FOR UNDERGRAD RES ASSIST</Text>
    </ProgramReference>
    <ProgramReference>
      <Code>9251</Code>
      <Text>RES EXPER FOR UNDERGRAD-SUPPLT</Text>
    </ProgramReference>
    <ProgramReference>
      <Code>CVIS</Code>
      <Text>CIVIL INFRASTRUCTURE</Text>
    </ProgramReference>
    <ProgramReference>
      <Code>MANU</Code>
      <Text>MANUFACTURING</Text>
    </ProgramReference>
  </Award>
</rootTag>
