<?xml version="1.0" encoding="UTF-8"?>

<rootTag>
  <Award>
    <AwardTitle>Dynamics, descriptive set theory, and Ramsey theory</AwardTitle>
    <AwardEffectiveDate>06/01/2007</AwardEffectiveDate>
    <AwardExpirationDate>05/31/2011</AwardExpirationDate>
    <AwardAmount>237409</AwardAmount>
    <AwardInstrument>
      <Value>Standard Grant</Value>
    </AwardInstrument>
    <Organization>
      <Code>03040000</Code>
      <Directorate>
        <LongName>Direct For Mathematical &amp; Physical Scien</LongName>
      </Directorate>
      <Division>
        <LongName>Division Of Mathematical Sciences</LongName>
      </Division>
    </Organization>
    <ProgramOfficer>
      <SignBlockName>Tie Luo</SignBlockName>
    </ProgramOfficer>
    <AbstractNarration>In the project, Solecki will explore several problems whose&lt;br/&gt;solutions will involve interactions of a number of areas of&lt;br/&gt;mathematics: logic (descriptive set theory and elements of model&lt;br/&gt;theory), topological dynamics, and combinatorics. For example,&lt;br/&gt;Solecki intends to study questions concerning dynamical properties&lt;br/&gt;of the homeomorphism group of the pseudo-arc. By a recent work of Irwin and&lt;br/&gt;Solecki, these dynamical questions can be approached using&lt;br/&gt;projective Fra\"iss\'e limits, which are dual versions of the&lt;br/&gt;classical construction of Fra\"iss\'e limits from model theory.&lt;br/&gt;Now, the corresponding questions about projective Fra\"iss\'e&lt;br/&gt;limits can be translated to purely combinatorial problems concerning&lt;br/&gt;finite objects. To solve these problems Solecki will attempt to&lt;br/&gt;develop new combinatorial techniques with the guidance of analogies&lt;br/&gt;with the Ramsey theory for finite structures, a classical branch of&lt;br/&gt;combinatorics. &lt;br/&gt;&lt;br/&gt;&lt;br/&gt;This research will not only involve applying results&lt;br/&gt;from one part of mathematics to another. The expectation is that the&lt;br/&gt;interactions will be mutually beneficial: the topological dynamics&lt;br/&gt;question suggests a new model theoretic construction, which in turn&lt;br/&gt;leads to an interesting combinatorial problem, whose solution&lt;br/&gt;yields, on the one hand, a new combinatorial theorem and, on the&lt;br/&gt;other hand, an answer to the original dynamical question. In a&lt;br/&gt;similar manner, other parts of the project feature interactions of&lt;br/&gt;descriptive set theory, model theory, topological dynamics, and&lt;br/&gt;combinatorics in the study of extreme amenability, Borel equivalence&lt;br/&gt;relations, and algebraic properties of isometry groups. It may be hoped that crossing boundaries of subfields of mathematics will lead to new and substantial insights.</AbstractNarration>
    <MinAmdLetterDate>05/07/2007</MinAmdLetterDate>
    <MaxAmdLetterDate>05/07/2007</MaxAmdLetterDate>
    <ARRAAmount/>
    <AwardID>0700841</AwardID>
    <Investigator>
      <FirstName>Slawomir</FirstName>
      <LastName>Solecki</LastName>
      <EmailAddress>ssolecki@math.uiuc.edu</EmailAddress>
      <StartDate>05/07/2007</StartDate>
      <EndDate/>
      <RoleCode>Principal Investigator</RoleCode>
    </Investigator>
    <Institution>
      <Name>University of Illinois at Urbana-Champaign</Name>
      <CityName>CHAMPAIGN</CityName>
      <ZipCode>618207473</ZipCode>
      <PhoneNumber>2173332187</PhoneNumber>
      <StreetAddress>SUITE A</StreetAddress>
      <CountryName>United States</CountryName>
      <StateName>Illinois</StateName>
      <StateCode>IL</StateCode>
    </Institution>
    <FoaInformation>
      <Code>0000099</Code>
      <Name>Other Applications NEC</Name>
    </FoaInformation>
    <ProgramElement>
      <Code>1268</Code>
      <Text>FOUNDATIONS</Text>
    </ProgramElement>
    <ProgramReference>
      <Code>0000</Code>
      <Text>UNASSIGNED</Text>
    </ProgramReference>
    <ProgramReference>
      <Code>OTHR</Code>
      <Text>OTHER RESEARCH OR EDUCATION</Text>
    </ProgramReference>
  </Award>
</rootTag>
