<?xml version="1.0" encoding="UTF-8"?>

<rootTag>
  <Award>
    <AwardTitle>Reinforcing Mechanisms of Carbon Nanotube Metallic Nanocomposites</AwardTitle>
    <AwardEffectiveDate>05/01/2007</AwardEffectiveDate>
    <AwardExpirationDate>04/30/2012</AwardExpirationDate>
    <AwardAmount>293551</AwardAmount>
    <AwardInstrument>
      <Value>Standard Grant</Value>
    </AwardInstrument>
    <Organization>
      <Code>07030000</Code>
      <Directorate>
        <LongName>Directorate For Engineering</LongName>
      </Directorate>
      <Division>
        <LongName>Div Of Civil, Mechanical, &amp; Manufact Inn</LongName>
      </Division>
    </Organization>
    <ProgramOfficer>
      <SignBlockName>Dennis Robert Carter</SignBlockName>
    </ProgramOfficer>
    <AbstractNarration>The goal of this work is to understand the fundamental issues affecting reinforcement efficiency in carbon nanotube reinforced metallic composites. The objectives of the research are to: 1) Develop efficient simulation methods in order to better study the mechanical properties of carbon nanotube reinforced metallic composites; 2) Establish efficient experimental methods to evaluate reinforcement mechanisms and the efficiency of carbon nanotube reinforced metallic composites; 3) Understand important factors that determine mechanical properties of carbon nanotube reinforced metallic composites; 4) Establish relationships between the mechanical strength of carbon nanotube reinforced metallic composites and the factors that influence it. The various research approaches consist of material synthesis, experimental characterization, microstructure characterization, and analytical investigations. &lt;br/&gt;&lt;br/&gt;Metallic materials with strong mechanical strengths are important for developing advanced engineering systems. However, pure metals normally have a low strength. Fibers have been proven efficient to improve metals' strength by forming composites. Carbon nanotubes have proven much stronger than conventional fibers and therefore they are potentially an ideal reinforcement material in developing advanced composites. However, the interfacial bonding between carbon nanotubes and metal matrices, as well as how to best use the miniature size and super high strength associated with carbon nanotubes to realize expected mechanical strength of composites are important issues but they still remain unclear. The proposed work, if successful, will provide guidelines for future, more efficient development of carbon nanotube reinforced metallic composites. In addition, curriculum renovation and workforce production will be realized by involving students to conduct the researched work.</AbstractNarration>
    <MinAmdLetterDate>04/24/2007</MinAmdLetterDate>
    <MaxAmdLetterDate>08/13/2009</MaxAmdLetterDate>
    <ARRAAmount/>
    <AwardID>0700666</AwardID>
    <Investigator>
      <FirstName>Quanfang</FirstName>
      <LastName>Chen</LastName>
      <EmailAddress>qchen@mail.ucf.edu</EmailAddress>
      <StartDate>04/24/2007</StartDate>
      <EndDate/>
      <RoleCode>Principal Investigator</RoleCode>
    </Investigator>
    <Institution>
      <Name>University of Central Florida</Name>
      <CityName>ORLANDO</CityName>
      <ZipCode>328168005</ZipCode>
      <PhoneNumber>4078821168</PhoneNumber>
      <StreetAddress>4000 CNTRL FLORIDA BLVD</StreetAddress>
      <CountryName>United States</CountryName>
      <StateName>Florida</StateName>
      <StateCode>FL</StateCode>
    </Institution>
    <FoaInformation>
      <Code>0308000</Code>
      <Name>Industrial Technology</Name>
    </FoaInformation>
    <ProgramElement>
      <Code>7479</Code>
      <Text>Biomechanics &amp; Mechanobiology</Text>
    </ProgramElement>
    <ProgramElement>
      <Code>1633</Code>
      <Text>MATERIALS AND SURFACE ENG</Text>
    </ProgramElement>
    <ProgramReference>
      <Code>022E</Code>
      <Text>SOLID MECHANICS</Text>
    </ProgramReference>
    <ProgramReference>
      <Code>024E</Code>
      <Text>MATERIALS DESIGN</Text>
    </ProgramReference>
    <ProgramReference>
      <Code>027E</Code>
      <Text>NANOMECHANICS</Text>
    </ProgramReference>
    <ProgramReference>
      <Code>028E</Code>
      <Text>BIOMECHANICS</Text>
    </ProgramReference>
    <ProgramReference>
      <Code>1057</Code>
      <Text>CIS BASE RESEARCH</Text>
    </ProgramReference>
    <ProgramReference>
      <Code>CVIS</Code>
      <Text>CIVIL INFRASTRUCTURE</Text>
    </ProgramReference>
    <ProgramReference>
      <Code>038E</Code>
      <Text>FOUNDATION ENGINEERING</Text>
    </ProgramReference>
  </Award>
</rootTag>
