<?xml version="1.0" encoding="UTF-8"?>

<rootTag>
  <Award>
    <AwardTitle>Electrical degradation in high-k dielectrics based devices: A computational study</AwardTitle>
    <AwardEffectiveDate>08/01/2007</AwardEffectiveDate>
    <AwardExpirationDate>07/31/2012</AwardExpirationDate>
    <AwardAmount>282500</AwardAmount>
    <AwardInstrument>
      <Value>Standard Grant</Value>
    </AwardInstrument>
    <Organization>
      <Code>07010000</Code>
      <Directorate>
        <LongName>Directorate For Engineering</LongName>
      </Directorate>
      <Division>
        <LongName>Div Of Electrical, Commun &amp; Cyber Sys</LongName>
      </Division>
    </Organization>
    <ProgramOfficer>
      <SignBlockName>Paul Werbos</SignBlockName>
    </ProgramOfficer>
    <AbstractNarration>ABSTRACT&lt;br/&gt;Proposal Number: 0700172&lt;br/&gt;&lt;br/&gt;Proposal Title: Electrical degradation in high-k dielectrics based devices: A computational study&lt;br/&gt;&lt;br/&gt;PI Name: Ramprasad, Ramamurthy&lt;br/&gt;&lt;br/&gt;PI Institution: University of Connecticut&lt;br/&gt;&lt;br/&gt;The objective of this research is to obtain a fundamental understanding of the degradation of the physical, and consequently, the electrical properties of next-generation microelectronic devices containing high dielectric constant (high-k) materials such as (HfO2)x(SiO2)y. The approach is based on a multi-scale computational strategy involving density functional theory and kinetic Monte Carlo simulations. Temperature and electric field-assisted changes in the atomic-level physical structure of Pt-(HfO2)x(SiO2)y-Si gate-stacks and the dynamics of point defects close to interfaces will be correlated to electrical properties such as defect states and band edge positions across interfaces. Coherent and disordered (HfO2)x(SiO2)y-Si and (HfO2)x(SiO2)y-Pt interfaces, and crystalline and amorphous (HfO2)x(SiO2)y with different compositions (x &amp; y values) will be explicitly considered. &lt;br/&gt;Intellectual Merit: This research addresses a technologically important problem, and is timely. The variety of interfaces, defects and compositions to be considered will provide a comprehensive understanding necessary for a computation-guided design and optimization of next-generation microelectronic devices. Strong collaborations with experimentalists in industry will assist with the validation of the computations, and technology transfer. &lt;br/&gt;Broader Impact: The industrial experience of the PI will enhance the engineering education of students by broadening student exposure beyond the academic environment through interactions with industry. The PI will continue to refine and teach a Computational Materials &amp; Device Science course, which is filling a gap in the current curricula of the Engineering, Physics and Chemistry departments at UConn. Outreach activities will be fostered in collaboration with local public libraries and high schools to increase public awareness in Nanotechnology.</AbstractNarration>
    <MinAmdLetterDate>04/16/2007</MinAmdLetterDate>
    <MaxAmdLetterDate>05/30/2008</MaxAmdLetterDate>
    <ARRAAmount/>
    <AwardID>0700172</AwardID>
    <Investigator>
      <FirstName>Ramamurthy</FirstName>
      <LastName>Ramprasad</LastName>
      <EmailAddress>rampi@uconn.edu</EmailAddress>
      <StartDate>04/16/2007</StartDate>
      <EndDate/>
      <RoleCode>Principal Investigator</RoleCode>
    </Investigator>
    <Institution>
      <Name>University of Connecticut</Name>
      <CityName>Storrs</CityName>
      <ZipCode>062691133</ZipCode>
      <PhoneNumber>8604863622</PhoneNumber>
      <StreetAddress>438 Whitney Road Ext.</StreetAddress>
      <CountryName>United States</CountryName>
      <StateName>Connecticut</StateName>
      <StateCode>CT</StateCode>
    </Institution>
    <FoaInformation>
      <Code>0510403</Code>
      <Name>Engineering &amp; Computer Science</Name>
    </FoaInformation>
    <ProgramElement>
      <Code>7231</Code>
      <Text>CYBERINFRASTRUCTURE</Text>
    </ProgramElement>
    <ProgramElement>
      <Code>7607</Code>
      <Text>ENERGY,POWER,ADAPTIVE SYS</Text>
    </ProgramElement>
    <ProgramReference>
      <Code>0000</Code>
      <Text>UNASSIGNED</Text>
    </ProgramReference>
    <ProgramReference>
      <Code>101E</Code>
      <Text>Printed and flexible electronics</Text>
    </ProgramReference>
    <ProgramReference>
      <Code>102E</Code>
      <Text>Quantum/high perform algorithm</Text>
    </ProgramReference>
    <ProgramReference>
      <Code>7237</Code>
      <Text>NANO NON-SOLIC SCI &amp; ENG AWD</Text>
    </ProgramReference>
    <ProgramReference>
      <Code>7238</Code>
      <Text>ENG ITR CORE ACTIVITIES</Text>
    </ProgramReference>
    <ProgramReference>
      <Code>OTHR</Code>
      <Text>OTHER RESEARCH OR EDUCATION</Text>
    </ProgramReference>
  </Award>
</rootTag>
