<?xml version="1.0" encoding="UTF-8"?>

<rootTag>
  <Award>
    <AwardTitle>Quantitative Model-Based Photoelastic Characterization of Wafer-Bonding Stresses: a Tool for Industry and Education</AwardTitle>
    <AwardEffectiveDate>09/15/2007</AwardEffectiveDate>
    <AwardExpirationDate>08/31/2011</AwardExpirationDate>
    <AwardAmount>335000</AwardAmount>
    <AwardInstrument>
      <Value>Continuing grant</Value>
    </AwardInstrument>
    <Organization>
      <Code>07030000</Code>
      <Directorate>
        <LongName>Directorate For Engineering</LongName>
      </Directorate>
      <Division>
        <LongName>Div Of Civil, Mechanical, &amp; Manufact Inn</LongName>
      </Division>
    </Organization>
    <ProgramOfficer>
      <SignBlockName>Mary M. Toney</SignBlockName>
    </ProgramOfficer>
    <AbstractNarration>Intellectual Merit: In this project a modeling framework will be developed to complement a newly developed technique for interface characterization in direct-bonded silicon wafers. The infrared grey field polariscope (IR-GFP) photoelastic measurement technique is a powerful method that offers faster throughput and finer spatial resolution than other techniques for investigating stress sources at direct-bond interfaces. The method can make qualitative comparisons of stress intensities due to various types of defects, but it measures only a through-thickness average of stress in the wafers. The new modeling method will make the characterization technique more quantitative by incorporating the mechanics of adhesion in direct wafer bonding through an atomistic consideration of surface adhesion forces. Surface contact elements will be developed to mimic the atomistic interactions between the two surfaces, and several important geometries will then be studied both computationally and experimentally for validation. &lt;br/&gt;&lt;br/&gt;Broader Impact: The quantitative model-based characterization approach will allow for full-field stress tensor measurements with high accuracy, resolution, and speed. This will make a major contribution to the industrial inspection of wafer-bonded interfaces for silicon-on-insulator (SOI) device processing. The method will also be developed for use as a lab module in the Undergraduate Materials Testing Instructional Laboratory at UIUC. By including this model-based experimental technique as a characterization methods taught in the materials lab, a new generation of undergraduate students will be exposed to a high-tech approach relevant to the semiconductor industry, they will investigate contact mechanics in small scale systems, and they will learn about fundamentals of photoelasticity.</AbstractNarration>
    <MinAmdLetterDate>09/06/2007</MinAmdLetterDate>
    <MaxAmdLetterDate>05/27/2009</MaxAmdLetterDate>
    <ARRAAmount/>
    <AwardID>0700704</AwardID>
    <Investigator>
      <FirstName>Gavin</FirstName>
      <LastName>Horn</LastName>
      <EmailAddress>ghorn@uiuc.edu</EmailAddress>
      <StartDate>09/06/2007</StartDate>
      <EndDate/>
      <RoleCode>Co-Principal Investigator</RoleCode>
    </Investigator>
    <Investigator>
      <FirstName>Harley</FirstName>
      <LastName>Johnson</LastName>
      <EmailAddress>htj@illinois.edu</EmailAddress>
      <StartDate>09/06/2007</StartDate>
      <EndDate/>
      <RoleCode>Principal Investigator</RoleCode>
    </Investigator>
    <Institution>
      <Name>University of Illinois at Urbana-Champaign</Name>
      <CityName>CHAMPAIGN</CityName>
      <ZipCode>618207473</ZipCode>
      <PhoneNumber>2173332187</PhoneNumber>
      <StreetAddress>SUITE A</StreetAddress>
      <CountryName>United States</CountryName>
      <StateName>Illinois</StateName>
      <StateCode>IL</StateCode>
    </Institution>
    <FoaInformation>
      <Code>0308000</Code>
      <Name>Industrial Technology</Name>
    </FoaInformation>
    <ProgramElement>
      <Code>1467</Code>
      <Text>MATERIALS PROCESSING AND MANFG</Text>
    </ProgramElement>
    <ProgramReference>
      <Code>065E</Code>
      <Text>Radiation heat transfer</Text>
    </ProgramReference>
    <ProgramReference>
      <Code>080E</Code>
      <Text>DEFORMATION PROCESSES</Text>
    </ProgramReference>
    <ProgramReference>
      <Code>084E</Code>
      <Text>NANOMANUFACTURING</Text>
    </ProgramReference>
    <ProgramReference>
      <Code>085E</Code>
      <Text>POLYMER &amp; COMPOSITES PROCESSES</Text>
    </ProgramReference>
    <ProgramReference>
      <Code>9146</Code>
      <Text>MANUFACTURING BASE RESEARCH</Text>
    </ProgramReference>
    <ProgramReference>
      <Code>MANU</Code>
      <Text>MANUFACTURING</Text>
    </ProgramReference>
  </Award>
</rootTag>
