<?xml version="1.0" encoding="UTF-8"?>

<rootTag>
  <Award>
    <AwardTitle>GOALI Collaborative Research: Analytical Modeling and Experimental Analysis of Tires under Uncertain Intrinsic and Operational Parameters</AwardTitle>
    <AwardEffectiveDate>08/01/2007</AwardEffectiveDate>
    <AwardExpirationDate>07/31/2011</AwardExpirationDate>
    <AwardAmount>254235</AwardAmount>
    <AwardInstrument>
      <Value>Standard Grant</Value>
    </AwardInstrument>
    <Organization>
      <Code>07030000</Code>
      <Directorate>
        <LongName>Directorate For Engineering</LongName>
      </Directorate>
      <Division>
        <LongName>Div Of Civil, Mechanical, &amp; Manufact Inn</LongName>
      </Division>
    </Organization>
    <ProgramOfficer>
      <SignBlockName>Eduardo A. Misawa</SignBlockName>
    </ProgramOfficer>
    <AbstractNarration>This project addresses challenging aspects in modeling complex nonlinear mechanical systems, such as terrain vehicles and pneumatic tires, in the context of their operating environment. Within the scope of this study we will develop an analytical and computational framework to efficiently model such systems in the presence of parametric and external uncertainty. Specifically, we will develop methods to accurately represent the operating environment and the vehicle-terrain interaction. Moreover, we will conduct experimental studies using high-end technology to analyze the physical phenomena at the tire-terrain contact, and to validate the modeling techniques developed.&lt;br/&gt;For realistic performance predictions multibody dynamic models must account for uncertainties resulting from poorly-known environment parameters and rapidly-changing forcing functions. This project will employ the polynomial chaos expansion to simulate multibody dynamic systems with parametric and external uncertainties. This method is applicable to highly nonlinear systems, is computationally efficient, and can handle large uncertainties. Off-road vehicles represent a rich test-bed for the theoretical and experimental work proposed. Their performance prediction requires accurate models of the vehicle, the tire, and the terrain, all of which are affected by uncertainties. This project will model the soil from the standpoint of its dynamic interaction with a running vehicle, and will develop stochastic models for hard-to-predict soil characteristics. We will also employ a multi-step stochastic technique to simulate a rough terrain profile which does not impose unrealistic assumptions, and can be seamlessly incorporated in the vehicle-operating environment model. Further, the study will investigate innovative analytical methods to develop computationally efficient off-road tire models. The theoretical and the computational tools developed will significantly advance the field of multibody dynamics beyond the current deterministic paradigm, and will enable the development of appropriate control strategies. These tools are not domain specific and can also be applied to autonomous vehicles, industrial manipulators, actuators, and human body modeling.</AbstractNarration>
    <MinAmdLetterDate>07/24/2007</MinAmdLetterDate>
    <MaxAmdLetterDate>01/12/2011</MaxAmdLetterDate>
    <ARRAAmount/>
    <AwardID>0700278</AwardID>
    <Investigator>
      <FirstName>Corina</FirstName>
      <LastName>Sandu</LastName>
      <EmailAddress>csandu@vt.edu</EmailAddress>
      <StartDate>07/24/2007</StartDate>
      <EndDate/>
      <RoleCode>Principal Investigator</RoleCode>
    </Investigator>
    <Investigator>
      <FirstName>Ben</FirstName>
      <LastName>Wen</LastName>
      <EmailAddress>ben_wen@goodyear.com</EmailAddress>
      <StartDate>07/24/2007</StartDate>
      <EndDate/>
      <RoleCode>Co-Principal Investigator</RoleCode>
    </Investigator>
    <Institution>
      <Name>Virginia Polytechnic Institute and State University</Name>
      <CityName>BLACKSBURG</CityName>
      <ZipCode>240610001</ZipCode>
      <PhoneNumber>5402315281</PhoneNumber>
      <StreetAddress>Sponsored Programs 0170</StreetAddress>
      <CountryName>United States</CountryName>
      <StateName>Virginia</StateName>
      <StateCode>VA</StateCode>
    </Institution>
    <FoaInformation>
      <Code>0308000</Code>
      <Name>Industrial Technology</Name>
    </FoaInformation>
    <ProgramElement>
      <Code>1504</Code>
      <Text>GRANT OPP FOR ACAD LIA W/INDUS</Text>
    </ProgramElement>
    <ProgramElement>
      <Code>7478</Code>
      <Text>DYNAMICAL SYSTEMS</Text>
    </ProgramElement>
    <ProgramReference>
      <Code>034E</Code>
      <Text>Dynamical systems</Text>
    </ProgramReference>
    <ProgramReference>
      <Code>035E</Code>
      <Text>NOISE, ACOUSTICS, VIBRATIONS</Text>
    </ProgramReference>
    <ProgramReference>
      <Code>036E</Code>
      <Text>CIVIL INFRASTRUCTURE</Text>
    </ProgramReference>
    <ProgramReference>
      <Code>1057</Code>
      <Text>CIS BASE RESEARCH</Text>
    </ProgramReference>
    <ProgramReference>
      <Code>1504</Code>
      <Text>GRANT OPP FOR ACAD LIA W/INDUS</Text>
    </ProgramReference>
    <ProgramReference>
      <Code>9102</Code>
      <Text>WOMEN, MINORITY, DISABLED, NEC</Text>
    </ProgramReference>
    <ProgramReference>
      <Code>9146</Code>
      <Text>MANUFACTURING BASE RESEARCH</Text>
    </ProgramReference>
    <ProgramReference>
      <Code>CVIS</Code>
      <Text>CIVIL INFRASTRUCTURE</Text>
    </ProgramReference>
    <ProgramReference>
      <Code>MANU</Code>
      <Text>MANUFACTURING</Text>
    </ProgramReference>
  </Award>
</rootTag>
