<?xml version="1.0" encoding="UTF-8"?>

<rootTag>
  <Award>
    <AwardTitle>A Multi-Scale Approach to Understanding the Mechanical and Biochemical Behavior of Tissue Engineered Blood Vessels</AwardTitle>
    <AwardEffectiveDate>06/01/2007</AwardEffectiveDate>
    <AwardExpirationDate>05/31/2009</AwardExpirationDate>
    <AwardAmount>81950</AwardAmount>
    <AwardInstrument>
      <Value>Standard Grant</Value>
    </AwardInstrument>
    <Organization>
      <Code>07030000</Code>
      <Directorate>
        <LongName>Directorate For Engineering</LongName>
      </Directorate>
      <Division>
        <LongName>Div Of Civil, Mechanical, &amp; Manufact Inn</LongName>
      </Division>
    </Organization>
    <ProgramOfficer>
      <SignBlockName>Jorn Larsen-Basse</SignBlockName>
    </ProgramOfficer>
    <AbstractNarration>To make functional tissue engineered blood vessels (TEBVs), it is important to understand the underlying principles that govern structural-functional integrity. The ability to mimic and control the mechanical and biochemical behavior is critical for the success of engineering functional TEBVs. The overall goal of this proposal is to understand the mechanical and biochemical behavior of the TEBVs using combined modeling and experimental approaches at both the cellular and tissue level, relate this behavior to the microstructural components the extracellular matrix and vascular smooth muscle cells, and apply these principles to modify and control the functionality of TEBVs for specific clinical applications. &lt;br/&gt;This project brings together an interdisciplinary team of researchers at Boston University with combined expertise in advanced finite element modeling, nonlinear solid mechanics, biomaterials engineering for creating tissue-like constructs, nanofabrication and in situ biophysical cellular assays. This integrative approach will enable an in-depth understanding of the macroscopic mechanical and biochemical behavior of TEBVs and the relationship to their microstructural components. The successful completion of this project will bridge the gap between basic research and clinical applications. The research findings from this project will greatly benefit the researchers in biomechanics, bioengineering and clinical communities. Educationally, the PIs plan to incorporate several educational initiatives into the proposed research program. The PIs complementary research background and techniques will greatly benefit the undergraduate/ graduate students trained through this project.</AbstractNarration>
    <MinAmdLetterDate>04/24/2007</MinAmdLetterDate>
    <MaxAmdLetterDate>06/18/2007</MaxAmdLetterDate>
    <ARRAAmount/>
    <AwardID>0700507</AwardID>
    <Investigator>
      <FirstName>Xin</FirstName>
      <LastName>Zhang</LastName>
      <EmailAddress>xinz@bu.edu</EmailAddress>
      <StartDate>04/24/2007</StartDate>
      <EndDate/>
      <RoleCode>Co-Principal Investigator</RoleCode>
    </Investigator>
    <Investigator>
      <FirstName>Joyce</FirstName>
      <LastName>Wong</LastName>
      <EmailAddress>jywong@bu.edu</EmailAddress>
      <StartDate>04/24/2007</StartDate>
      <EndDate/>
      <RoleCode>Co-Principal Investigator</RoleCode>
    </Investigator>
    <Investigator>
      <FirstName>Katherine Y.</FirstName>
      <LastName>Zhang</LastName>
      <EmailAddress>yanhang@bu.edu</EmailAddress>
      <StartDate>04/24/2007</StartDate>
      <EndDate/>
      <RoleCode>Principal Investigator</RoleCode>
    </Investigator>
    <Institution>
      <Name>Trustees of Boston University</Name>
      <CityName>BOSTON</CityName>
      <ZipCode>022151300</ZipCode>
      <PhoneNumber>6173534365</PhoneNumber>
      <StreetAddress>881 COMMONWEALTH AVE</StreetAddress>
      <CountryName>United States</CountryName>
      <StateName>Massachusetts</StateName>
      <StateCode>MA</StateCode>
    </Institution>
    <FoaInformation>
      <Code>0308000</Code>
      <Name>Industrial Technology</Name>
    </FoaInformation>
    <ProgramElement>
      <Code>7479</Code>
      <Text>Biomechanics &amp; Mechanobiology</Text>
    </ProgramElement>
    <ProgramReference>
      <Code>022E</Code>
      <Text>SOLID MECHANICS</Text>
    </ProgramReference>
    <ProgramReference>
      <Code>027E</Code>
      <Text>NANOMECHANICS</Text>
    </ProgramReference>
    <ProgramReference>
      <Code>028E</Code>
      <Text>BIOMECHANICS</Text>
    </ProgramReference>
    <ProgramReference>
      <Code>1057</Code>
      <Text>CIS BASE RESEARCH</Text>
    </ProgramReference>
    <ProgramReference>
      <Code>116E</Code>
      <Text>RESEARCH EXP FOR UNDERGRADS</Text>
    </ProgramReference>
    <ProgramReference>
      <Code>9102</Code>
      <Text>WOMEN, MINORITY, DISABLED, NEC</Text>
    </ProgramReference>
    <ProgramReference>
      <Code>9178</Code>
      <Text>UNDERGRADUATE EDUCATION</Text>
    </ProgramReference>
    <ProgramReference>
      <Code>9251</Code>
      <Text>RES EXPER FOR UNDERGRAD-SUPPLT</Text>
    </ProgramReference>
    <ProgramReference>
      <Code>CVIS</Code>
      <Text>CIVIL INFRASTRUCTURE</Text>
    </ProgramReference>
    <ProgramReference>
      <Code>9103</Code>
      <Text>NSF COLLABS FOR EXCELL IN TEACHER PREPAR</Text>
    </ProgramReference>
  </Award>
</rootTag>
