<?xml version="1.0" encoding="UTF-8"?>

<rootTag>
  <Award>
    <AwardTitle>Collaborative Research: Behavioral and Neuroendocrine Variation in Mammalian Mating Systems</AwardTitle>
    <AwardEffectiveDate>09/19/2006</AwardEffectiveDate>
    <AwardExpirationDate>08/31/2009</AwardExpirationDate>
    <AwardAmount>163491</AwardAmount>
    <AwardInstrument>
      <Value>Standard Grant</Value>
    </AwardInstrument>
    <Organization>
      <Code>08090500</Code>
      <Directorate>
        <LongName>Direct For Biological Sciences</LongName>
      </Directorate>
      <Division>
        <LongName>Division Of Integrative Organismal Systems</LongName>
      </Division>
    </Organization>
    <ProgramOfficer>
      <SignBlockName>daniel wiegmann</SignBlockName>
    </ProgramOfficer>
    <AbstractNarration>Behavioral and neuroendocrine variation in mammalian mating systems&lt;br/&gt;&lt;br/&gt;Jerry O. Wolff and Steven M. Phelps&lt;br/&gt;&lt;br/&gt;SUMMARY&lt;br/&gt;This research will examine individual and geographic variation in the expression of receptors for the hormone vasopressin, which affects monogamous mating in male prairie voles (Microtus ochrogaster). Vasopressin receptors affect affiliative and paternal behavior in males; this dual role may allow females to choose good fathers as mates. Preliminary evidence suggests that monogamous traits such as affiliation and paternal care are more common in a population of voles from Illinois and less common in voles from Tennessee. A series of field and laboratory experiments will be conducted on voles from these two locations to determine how vasopressin receptors affect individual differences in male fidelity, affiliation and paternal care. Experiments will also determine if females can assess differences in male affiliative behavior and select mates based on paternal characteristics. In addition to examining individual mate preferences, field experiments will be conducted to determine if this trait ultimately affects juvenile survival and population growth rates. This will be the first study to combine data at the level of gene expression, individual behaviors, mating system, field demography and population variation.</AbstractNarration>
    <MinAmdLetterDate>12/12/2006</MinAmdLetterDate>
    <MaxAmdLetterDate>08/07/2008</MaxAmdLetterDate>
    <ARRAAmount/>
    <AwardID>0700082</AwardID>
    <Investigator>
      <FirstName>Matthew</FirstName>
      <LastName>Julius</LastName>
      <EmailAddress>mljulius@stcloudstate.edu</EmailAddress>
      <StartDate>06/10/2008</StartDate>
      <EndDate/>
      <RoleCode>Principal Investigator</RoleCode>
    </Investigator>
    <Investigator>
      <FirstName>Jerry</FirstName>
      <LastName>Wolff</LastName>
      <EmailAddress>jowolff@stcloudstate.edu</EmailAddress>
      <StartDate>01/23/2007</StartDate>
      <EndDate>06/10/2008</EndDate>
      <RoleCode>Former Principal Investigator</RoleCode>
    </Investigator>
    <Investigator>
      <FirstName>Stephan</FirstName>
      <LastName>Schoech</LastName>
      <EmailAddress>sschoech@memphis.edu</EmailAddress>
      <StartDate>12/12/2006</StartDate>
      <EndDate>01/23/2007</EndDate>
      <RoleCode>Former Principal Investigator</RoleCode>
    </Investigator>
    <Institution>
      <Name>St. Cloud State University</Name>
      <CityName>St. Cloud</CityName>
      <ZipCode>563014498</ZipCode>
      <PhoneNumber>3203084932</PhoneNumber>
      <StreetAddress>720 Fourth Avenue South</StreetAddress>
      <CountryName>United States</CountryName>
      <StateName>Minnesota</StateName>
      <StateCode>MN</StateCode>
    </Institution>
    <FoaInformation>
      <Code>0000099</Code>
      <Name>Other Applications NEC</Name>
    </FoaInformation>
    <ProgramElement>
      <Code>1160</Code>
      <Text>IBN ANIMAL BEHAVIOR</Text>
    </ProgramElement>
    <ProgramElement>
      <Code>7299</Code>
      <Text>Catalyzing New Intl Collab</Text>
    </ProgramElement>
    <ProgramReference>
      <Code>0000</Code>
      <Text>UNASSIGNED</Text>
    </ProgramReference>
    <ProgramReference>
      <Code>OTHR</Code>
      <Text>OTHER RESEARCH OR EDUCATION</Text>
    </ProgramReference>
    <ProgramReference>
      <Code>1160</Code>
      <Text>IBN ANIMAL BEHAVIOR</Text>
    </ProgramReference>
    <ProgramReference>
      <Code>9178</Code>
      <Text>UNDERGRADUATE EDUCATION</Text>
    </ProgramReference>
    <ProgramReference>
      <Code>SMET</Code>
      <Text>SCIENCE, MATH, ENG &amp; TECH EDUCATION</Text>
    </ProgramReference>
    <ProgramReference>
      <Code>5978</Code>
      <Text>EAST ASIA AND PACIFIC PROGRAM</Text>
    </ProgramReference>
    <ProgramReference>
      <Code>9200</Code>
      <Text>US CHINA COOP IN BASIC SCIENCE</Text>
    </ProgramReference>
    <ProgramReference>
      <Code>1191</Code>
      <Text>BEHAVIORAL NEUROSCIENCE</Text>
    </ProgramReference>
  </Award>
</rootTag>
