<?xml version="1.0" encoding="UTF-8"?>

<rootTag>
  <Award>
    <AwardTitle>Programmable Vibratory Force Fields for Parts Handling</AwardTitle>
    <AwardEffectiveDate>08/01/2007</AwardEffectiveDate>
    <AwardExpirationDate>07/31/2011</AwardExpirationDate>
    <AwardAmount>278001</AwardAmount>
    <AwardInstrument>
      <Value>Standard Grant</Value>
    </AwardInstrument>
    <Organization>
      <Code>07030000</Code>
      <Directorate>
        <LongName>Directorate For Engineering</LongName>
      </Directorate>
      <Division>
        <LongName>Div Of Civil, Mechanical, &amp; Manufact Inn</LongName>
      </Division>
    </Organization>
    <ProgramOfficer>
      <SignBlockName>Eduardo A. Misawa</SignBlockName>
    </ProgramOfficer>
    <AbstractNarration>This project will study the use of sliding friction and impact dynamics for a variety of parts sorting, feeding, and transport applications at macro and mesoscopic scales. The investigation will be embodied in a six-degree-of-freedom vibratory plate that can be programmed to move with arbitrary periodic small-amplitude motion profiles. Parts resting on the plate move relative to the plate based on their geometry, mass distribution, and friction and restitution coefficients, as well as the programmable motion of the plate.&lt;br/&gt;&lt;br/&gt;The novelty of the proposed work is in using the programmability of the plate's motion to take full advantage of friction and impact effects, allowing it to perform a variety of functions simply by changing the software. These include the use of motion-controlled programmable force fields to allow individual control of the planar motion of multiple parts on the plate, parts sorting and singulation, and sensorless positioning and orienting of parts on the plate in three dimensions by creating programmable ``potential wells'' to trap the parts. The results of this research will be a better theory of the physics of vibration-induced motion as well as new technologies for industrial automation. &lt;br/&gt;&lt;br/&gt;We will recruit undergraduates to participate through independent projects and REU's. Graduate students involved in this research will benefit from participation in the interdisciplinary Institute on Complex Systems. Outreach plans include presentations and mentoring of science projects at the local high school.</AbstractNarration>
    <MinAmdLetterDate>07/24/2007</MinAmdLetterDate>
    <MaxAmdLetterDate>08/17/2009</MaxAmdLetterDate>
    <ARRAAmount/>
    <AwardID>0700537</AwardID>
    <Investigator>
      <FirstName>Kevin</FirstName>
      <LastName>Lynch</LastName>
      <EmailAddress>kmlynch@northwestern.edu</EmailAddress>
      <StartDate>07/24/2007</StartDate>
      <EndDate/>
      <RoleCode>Principal Investigator</RoleCode>
    </Investigator>
    <Investigator>
      <FirstName>Paul</FirstName>
      <LastName>Umbanhowar</LastName>
      <EmailAddress>umbanhowar@northwestern.edu</EmailAddress>
      <StartDate>07/24/2007</StartDate>
      <EndDate/>
      <RoleCode>Co-Principal Investigator</RoleCode>
    </Investigator>
    <Institution>
      <Name>Northwestern University</Name>
      <CityName>Evanston</CityName>
      <ZipCode>602013149</ZipCode>
      <PhoneNumber>8474913003</PhoneNumber>
      <StreetAddress>1801 Maple Ave.</StreetAddress>
      <CountryName>United States</CountryName>
      <StateName>Illinois</StateName>
      <StateCode>IL</StateCode>
    </Institution>
    <FoaInformation>
      <Code>0308000</Code>
      <Name>Industrial Technology</Name>
    </FoaInformation>
  </Award>
</rootTag>
