<?xml version="1.0" encoding="UTF-8"?>

<rootTag>
  <Award>
    <AwardTitle>Partial Differential Equation Models for Large Networks</AwardTitle>
    <AwardEffectiveDate>05/01/2007</AwardEffectiveDate>
    <AwardExpirationDate>04/30/2012</AwardExpirationDate>
    <AwardAmount>276833</AwardAmount>
    <AwardInstrument>
      <Value>Standard Grant</Value>
    </AwardInstrument>
    <Organization>
      <Code>07010000</Code>
      <Directorate>
        <LongName>Directorate For Engineering</LongName>
      </Directorate>
      <Division>
        <LongName>Div Of Electrical, Commun &amp; Cyber Sys</LongName>
      </Division>
    </Organization>
    <ProgramOfficer>
      <SignBlockName>Radhakisan S. Baheti</SignBlockName>
    </ProgramOfficer>
    <AbstractNarration>This project involves continuum models of large networks using partial differential equations (PDEs). The premise is that some global characteristics of very large networks can be captured by continuum models that consider the behavior of the components on the scale of the aggregate rather than of the individual. The project involves an interdisciplinary team of an electrical engineer with notable expertise in networks, a statistician experienced in asymptotic analysis of stochastic processes and statistical modeling, and an applied mathematician with expertise in modeling and numerical simulation involving nonlinear PDEs. Successful completion of this project will result in the ability to analyze the performance of large networks with a computational effort that is not possible using conventional Monte Carlo simulation.&lt;br/&gt;&lt;br/&gt;Intellectual Merit: &lt;br/&gt;&lt;br/&gt;This project contains significant intellectual merit for engineering as well as mathematics. From the mathematical point of view, both creating mathematical descriptions of the continuum behavior of large networks and analyzing the resulting differential equations pose real challenges. From the engineering point of view, continuum modeling will require a detailed understanding of network behavior on the smallest scale of a few nodes and identification of global characteristics that can be modeled.&lt;br/&gt;&lt;br/&gt;Broader Impacts:&lt;br/&gt;&lt;br/&gt;This project will also have both an immediate positive impact on the current students of the principal investigators and on training future students. The students working on problems originating in the modeling of networks will have an invaluable practical component to their theses. This will significantly widen their career opportunities in industry and interdisciplinary settings. This in turn will provide a powerful recruiting tool for Colorado State University in the future.</AbstractNarration>
    <MinAmdLetterDate>04/20/2007</MinAmdLetterDate>
    <MaxAmdLetterDate>04/20/2007</MaxAmdLetterDate>
    <ARRAAmount/>
    <AwardID>0700559</AwardID>
    <Investigator>
      <FirstName>Donald</FirstName>
      <LastName>Estep</LastName>
      <EmailAddress>don.estep@gmail.com</EmailAddress>
      <StartDate>04/20/2007</StartDate>
      <EndDate/>
      <RoleCode>Co-Principal Investigator</RoleCode>
    </Investigator>
    <Investigator>
      <FirstName>Edwin</FirstName>
      <LastName>Chong</LastName>
      <EmailAddress>edwin.chong@colostate.edu</EmailAddress>
      <StartDate>04/20/2007</StartDate>
      <EndDate/>
      <RoleCode>Principal Investigator</RoleCode>
    </Investigator>
    <Investigator>
      <FirstName>Jan</FirstName>
      <LastName>Hannig</LastName>
      <EmailAddress>jan.hannig@unc.edu</EmailAddress>
      <StartDate>04/20/2007</StartDate>
      <EndDate/>
      <RoleCode>Co-Principal Investigator</RoleCode>
    </Investigator>
    <Institution>
      <Name>Colorado State University</Name>
      <CityName>Fort Collins</CityName>
      <ZipCode>805232002</ZipCode>
      <PhoneNumber>9704916355</PhoneNumber>
      <StreetAddress>601 S Howes St</StreetAddress>
      <CountryName>United States</CountryName>
      <StateName>Colorado</StateName>
      <StateCode>CO</StateCode>
    </Institution>
    <FoaInformation>
      <Code>0112000</Code>
      <Name>System Theory</Name>
    </FoaInformation>
    <ProgramElement>
      <Code>7446</Code>
      <Text>MATH PRIORITY SOLICITATION</Text>
    </ProgramElement>
    <ProgramElement>
      <Code>7454</Code>
      <Text>MSPA-INTERDISCIPLINARY</Text>
    </ProgramElement>
    <ProgramReference>
      <Code>0000</Code>
      <Text>UNASSIGNED</Text>
    </ProgramReference>
    <ProgramReference>
      <Code>093E</Code>
      <Text>System fab/packaging &amp; assembly</Text>
    </ProgramReference>
    <ProgramReference>
      <Code>7303</Code>
      <Text>MATH SCI PRIORITY AREA: INTERDISCIPLINAR</Text>
    </ProgramReference>
    <ProgramReference>
      <Code>OTHR</Code>
      <Text>OTHER RESEARCH OR EDUCATION</Text>
    </ProgramReference>
  </Award>
</rootTag>
