<?xml version="1.0" encoding="UTF-8"?>

<rootTag>
  <Award>
    <AwardTitle>Orbit Methods in Dynamics</AwardTitle>
    <AwardEffectiveDate>07/01/2007</AwardEffectiveDate>
    <AwardExpirationDate>06/30/2013</AwardExpirationDate>
    <AwardAmount>450001</AwardAmount>
    <AwardInstrument>
      <Value>Continuing grant</Value>
    </AwardInstrument>
    <Organization>
      <Code>03040000</Code>
      <Directorate>
        <LongName>Direct For Mathematical &amp; Physical Scien</LongName>
      </Directorate>
      <Division>
        <LongName>Division Of Mathematical Sciences</LongName>
      </Division>
    </Organization>
    <ProgramOfficer>
      <SignBlockName>Bruce P. Palka</SignBlockName>
    </ProgramOfficer>
    <AbstractNarration>Orbit methods seek to understand dynamical systems by investigating the large-scale structure of their orbits through combinatorial, geometric, and statistical techniques. The principal investigator has developed a range of tools to explore such spaces of orbits and to study notions of equivalence of these structures that allow for measuring and controlling distortions or rearrangments of them. The goal of this program is to extend these orbit methods to as broad a perspective as possible and to apply them to answer interesting questions. These methods have a significant history in the study of systems that preserve probability measures. Two active new directions of work are extension of this theory to the almost continuous case, and the Cantor minimal theory. Both involve improving the regularity of any allowed isomorphisms beyond measurability, in the first case to be continuous with probability one and in the second actually to be continuous. Another broad attempt at extending these methods is to study probability measures diffused on the leaves of a foliation. The diffused measure gives a mass distribution on the leaves. One removes all conditions, though linking the dynamics and the measure. For one-dimensional leaves an ergodic theorem can be proved in this general context, and extending it to higher dimensions appears possible. This is a potentially very fruitful domain for extending orbit methods to quite general large-scale structures. A variety of other directions are pursued, including the beginnings of a collaboration in applied fluid dynamics that uses the metrics developed for measuring large-scale distortion of orbits to create a bag of tools for assessing the accuracy of numerical models.&lt;br/&gt;&lt;br/&gt;Large arrays of data arise in many contexts, from genomics to digital imaging to geology. Similar arrays arise in a mathematical context as trajectories or orbits in the space of states of a dynamical system. Orbit methods involve notions of the size of distortion of such arrays or different ways of measuring how similar two such arrays are. One tunes the notion of distortion or distance to the context of the problem. There is the possibility of deep cross-fertilization between areas of engineering and applied science and abstract dynamics in this context. For example, the evolutionary distance between species can be measured in terms of how similar their genomes are, where one must tune what one means by similar to make biological sense. As another example, in compressing the data in a visual image one is perhaps willing to lose some precision so long as the picture is not significantly distorted. What does one mean by a significant distortion? As a third example, in modeling the meanderings of rivers one must establish what it would mean for a model to capture the real behavior of this complex phenomenon. Again, this can take the form of a thoughtfully tuned notion of closeness of patterns. One thrust of this project is to seek collaborations that look for such cross-fertilization of ideas. This has already begun in the areas of genomics and of fluid flow.</AbstractNarration>
    <MinAmdLetterDate>05/07/2007</MinAmdLetterDate>
    <MaxAmdLetterDate>06/27/2011</MaxAmdLetterDate>
    <ARRAAmount/>
    <AwardID>0700874</AwardID>
    <Investigator>
      <FirstName>Donald</FirstName>
      <LastName>Estep</LastName>
      <EmailAddress>don.estep@gmail.com</EmailAddress>
      <StartDate>04/13/2010</StartDate>
      <EndDate/>
      <RoleCode>Principal Investigator</RoleCode>
    </Investigator>
    <Investigator>
      <FirstName>Daniel</FirstName>
      <LastName>Rudolph</LastName>
      <EmailAddress>rudolphd@math.colostate.edu</EmailAddress>
      <StartDate>05/07/2007</StartDate>
      <EndDate>04/13/2010</EndDate>
      <RoleCode>Former Principal Investigator</RoleCode>
    </Investigator>
    <Institution>
      <Name>Colorado State University</Name>
      <CityName>Fort Collins</CityName>
      <ZipCode>805232002</ZipCode>
      <PhoneNumber>9704916355</PhoneNumber>
      <StreetAddress>601 S Howes St</StreetAddress>
      <CountryName>United States</CountryName>
      <StateName>Colorado</StateName>
      <StateCode>CO</StateCode>
    </Institution>
    <FoaInformation>
      <Code>0000099</Code>
      <Name>Other Applications NEC</Name>
    </FoaInformation>
    <ProgramElement>
      <Code>1281</Code>
      <Text>ANALYSIS PROGRAM</Text>
    </ProgramElement>
    <ProgramReference>
      <Code>0000</Code>
      <Text>UNASSIGNED</Text>
    </ProgramReference>
    <ProgramReference>
      <Code>OTHR</Code>
      <Text>OTHER RESEARCH OR EDUCATION</Text>
    </ProgramReference>
  </Award>
</rootTag>
