<?xml version="1.0" encoding="UTF-8"?>

<rootTag>
  <Award>
    <AwardTitle>Collaborative Proposal: Center for Software-Intensive Ultra-Large-Scale Systems</AwardTitle>
    <AwardEffectiveDate>05/01/2007</AwardEffectiveDate>
    <AwardExpirationDate>04/30/2008</AwardExpirationDate>
    <AwardAmount>10000</AwardAmount>
    <AwardInstrument>
      <Value>Standard Grant</Value>
    </AwardInstrument>
    <Organization>
      <Code>07070000</Code>
      <Directorate>
        <LongName>Directorate For Engineering</LongName>
      </Directorate>
      <Division>
        <LongName>Div Of Industrial Innovation &amp; Partnersh</LongName>
      </Division>
    </Organization>
    <ProgramOfficer>
      <SignBlockName>Rathindra DasGupta</SignBlockName>
    </ProgramOfficer>
    <AbstractNarration>This planning grant serves to establish the basis for a new Industry/University Cooperative Research Center for Software-Intensive Ultra-Large-Scale Systems. This proposed center will initially comprise of five research sites, at the University of Virginia, Michigan State University, the University of California San Diego, Vanderbilt University and the University of Washington. The research focus of this proposed center is on software for complex systems. The Center will conduct basic and applied research in traditional and emerging areas of software theory and practice, including research at the intersection of computer science and other disciplines, to include economics, cognition and anthropology. The research will address important problems and opportunities in six key areas: software language, software analysis and synthesis, software design, trustworthy software, software infrastructure and sentient software.</AbstractNarration>
    <MinAmdLetterDate>04/23/2007</MinAmdLetterDate>
    <MaxAmdLetterDate>04/23/2007</MaxAmdLetterDate>
    <ARRAAmount/>
    <AwardID>0700423</AwardID>
    <Investigator>
      <FirstName>Janos</FirstName>
      <LastName>Sztipanovits</LastName>
      <EmailAddress>Janos.Sztipanovits@Vanderbilt.edu</EmailAddress>
      <StartDate>04/23/2007</StartDate>
      <EndDate/>
      <RoleCode>Co-Principal Investigator</RoleCode>
    </Investigator>
    <Investigator>
      <FirstName>Gabor</FirstName>
      <LastName>Karsai</LastName>
      <EmailAddress>gabor.karsai@vanderbilt.edu</EmailAddress>
      <StartDate>04/23/2007</StartDate>
      <EndDate/>
      <RoleCode>Co-Principal Investigator</RoleCode>
    </Investigator>
    <Investigator>
      <FirstName>Douglas</FirstName>
      <LastName>Schmidt</LastName>
      <EmailAddress>douglas.c.schmidt@vanderbilt.edu</EmailAddress>
      <StartDate>04/23/2007</StartDate>
      <EndDate/>
      <RoleCode>Principal Investigator</RoleCode>
    </Investigator>
    <Investigator>
      <FirstName>Aniruddha</FirstName>
      <LastName>Gokhale</LastName>
      <EmailAddress>a.gokhale@vanderbilt.edu</EmailAddress>
      <StartDate>04/23/2007</StartDate>
      <EndDate/>
      <RoleCode>Co-Principal Investigator</RoleCode>
    </Investigator>
    <Investigator>
      <FirstName>Yuan</FirstName>
      <LastName>Xue</LastName>
      <EmailAddress>yuan.xue@vanderbilt.edu</EmailAddress>
      <StartDate>04/23/2007</StartDate>
      <EndDate/>
      <RoleCode>Co-Principal Investigator</RoleCode>
    </Investigator>
    <Institution>
      <Name>Vanderbilt University</Name>
      <CityName>Nashville</CityName>
      <ZipCode>372350002</ZipCode>
      <PhoneNumber>6153222631</PhoneNumber>
      <StreetAddress>Sponsored Programs Administratio</StreetAddress>
      <CountryName>United States</CountryName>
      <StateName>Tennessee</StateName>
      <StateCode>TN</StateCode>
    </Institution>
    <FoaInformation>
      <Code>0400000</Code>
      <Name>Industry University - Co-op</Name>
    </FoaInformation>
    <ProgramElement>
      <Code>5761</Code>
      <Text>INDUSTRY/UNIV COOP RES CENTERS</Text>
    </ProgramElement>
    <ProgramReference>
      <Code>0000</Code>
      <Text>UNASSIGNED</Text>
    </ProgramReference>
    <ProgramReference>
      <Code>1049</Code>
      <Text>INDUSTRY-UNIV COOPERATIVE RSCH PROJECTS</Text>
    </ProgramReference>
    <ProgramReference>
      <Code>122E</Code>
      <Text>CENTERS: OTHER INDUSTRY-UNIV</Text>
    </ProgramReference>
    <ProgramReference>
      <Code>OTHR</Code>
      <Text>OTHER RESEARCH OR EDUCATION</Text>
    </ProgramReference>
  </Award>
</rootTag>
