<?xml version="1.0" encoding="UTF-8"?>

<rootTag>
  <Award>
    <AwardTitle>Development of Biomaterial Microstructure and Surface Chemistry for Tissue Engineering of Intestine</AwardTitle>
    <AwardEffectiveDate>04/01/2007</AwardEffectiveDate>
    <AwardExpirationDate>03/31/2011</AwardExpirationDate>
    <AwardAmount>378222</AwardAmount>
    <AwardInstrument>
      <Value>Standard Grant</Value>
    </AwardInstrument>
    <Organization>
      <Code>07020000</Code>
      <Directorate>
        <LongName>Directorate For Engineering</LongName>
      </Directorate>
      <Division>
        <LongName>Div Of Chem, Bioeng, Env, &amp; Transp Sys</LongName>
      </Division>
    </Organization>
    <ProgramOfficer>
      <SignBlockName>Theresa Good</SignBlockName>
    </ProgramOfficer>
    <AbstractNarration>Rebecca Carrier&lt;br/&gt;0700764&lt;br/&gt;&lt;br/&gt;This research focuses on the development of a micromachined substrate for the reconstitution of an intestinal epithelium using tissue engineering technology. It involves the use of micromachining techniques to fabricate a scaffold that mimics the unique spatial topography of an intestine. If successful, the reconstituted epithelium will have great potential as a tool to expedite drug development as an in vitro culture system to investigate drug transport. Completion of the work will enhance understanding of intestinal tissue and transport. Also, the foundation will be built for products that can be commercialized for rapid drug development or screening techniques.</AbstractNarration>
    <MinAmdLetterDate>03/19/2007</MinAmdLetterDate>
    <MaxAmdLetterDate>08/28/2008</MaxAmdLetterDate>
    <ARRAAmount/>
    <AwardID>0700764</AwardID>
    <Investigator>
      <FirstName>Gilda</FirstName>
      <LastName>Barabino</LastName>
      <EmailAddress>gbarabino@ccny.cuny.com</EmailAddress>
      <StartDate>03/19/2007</StartDate>
      <EndDate/>
      <RoleCode>Co-Principal Investigator</RoleCode>
    </Investigator>
    <Investigator>
      <FirstName>Rebecca</FirstName>
      <LastName>Carrier</LastName>
      <EmailAddress>rebecca@coe.neu.edu</EmailAddress>
      <StartDate>03/19/2007</StartDate>
      <EndDate/>
      <RoleCode>Principal Investigator</RoleCode>
    </Investigator>
    <Investigator>
      <FirstName>Shashi</FirstName>
      <LastName>Murthy</LastName>
      <EmailAddress>s.murthy@neu.edu</EmailAddress>
      <StartDate>03/19/2007</StartDate>
      <EndDate/>
      <RoleCode>Co-Principal Investigator</RoleCode>
    </Investigator>
    <Institution>
      <Name>Northeastern University</Name>
      <CityName>BOSTON</CityName>
      <ZipCode>021155005</ZipCode>
      <PhoneNumber>6173732508</PhoneNumber>
      <StreetAddress>360 HUNTINGTON AVE</StreetAddress>
      <CountryName>United States</CountryName>
      <StateName>Massachusetts</StateName>
      <StateCode>MA</StateCode>
    </Institution>
    <FoaInformation>
      <Code>0308000</Code>
      <Name>Industrial Technology</Name>
    </FoaInformation>
    <ProgramElement>
      <Code>1402</Code>
      <Text>BIOCHEMICAL &amp; BIOMASS ENG</Text>
    </ProgramElement>
    <ProgramElement>
      <Code>1491</Code>
      <Text>BIOTECH, BIOCHEM &amp; BIOMASS ENG</Text>
    </ProgramElement>
    <ProgramElement>
      <Code>7680</Code>
      <Text>ENG DIVERSITY ACTIVITIES</Text>
    </ProgramElement>
    <ProgramReference>
      <Code>020E</Code>
      <Text>TISSUE ENGINEERING</Text>
    </ProgramReference>
    <ProgramReference>
      <Code>9102</Code>
      <Text>WOMEN, MINORITY, DISABLED, NEC</Text>
    </ProgramReference>
    <ProgramReference>
      <Code>9179</Code>
      <Text>GRADUATE INVOLVEMENT</Text>
    </ProgramReference>
    <ProgramReference>
      <Code>9181</Code>
      <Text>BIOPROCESSING/BIOMOLECULAR MATERIALS</Text>
    </ProgramReference>
    <ProgramReference>
      <Code>BIOT</Code>
      <Text>BIOTECHNOLOGY</Text>
    </ProgramReference>
    <ProgramReference>
      <Code>SMET</Code>
      <Text>SCIENCE, MATH, ENG &amp; TECH EDUCATION</Text>
    </ProgramReference>
  </Award>
</rootTag>
