<?xml version="1.0" encoding="UTF-8"?>

<rootTag>
  <Award>
    <AwardTitle>Biomineralization within Soil to Mitigate Seismic-Induced Liquefaction</AwardTitle>
    <AwardEffectiveDate>09/01/2007</AwardEffectiveDate>
    <AwardExpirationDate>06/30/2012</AwardExpirationDate>
    <AwardAmount>393524</AwardAmount>
    <AwardInstrument>
      <Value>Standard Grant</Value>
    </AwardInstrument>
    <Organization>
      <Code>07030000</Code>
      <Directorate>
        <LongName>Directorate For Engineering</LongName>
      </Directorate>
      <Division>
        <LongName>Div Of Civil, Mechanical, &amp; Manufact Inn</LongName>
      </Division>
    </Organization>
    <ProgramOfficer>
      <SignBlockName>Richard J. Fragaszy</SignBlockName>
    </ProgramOfficer>
    <AbstractNarration>Soil liquefaction is a geologic hazard that must be addressed in most seismically active regions of the United States and throughout the world to reduce the potential for loss of life and economic impact. To reduce the potential of liquefaction, various soil improvement methods have been used such as blasting, vibrocompaction, deep dynamic compaction, drains, and grout injection. These methods, with the exception of injecting grouts, are generally limited to undeveloped sites, and the use of grouts is only economical for treating small volumes of soil. Due to limitations of existing methods, new methods need to be developed to mitigate liquefaction for developed sites. Methods currently being studied to accomplish this include passive site stabilization using colloidal silica (Gallagher and Koch 2003, Gallagher and Yuanzhi 2005) and microbial remediation using Flavobacterium johnsonaie (Roth et al. 2005) or Bacillus subtilis (Martinez et al. 2003). The objective of this study is to demonstrate that introduction of appropriate microbial cells into a soil matrix will promote biomineralization within soil pore spaces such that the likelihood of liquefaction is significantly decreased.&lt;br/&gt;&lt;br/&gt;To reduce the potential for liquefaction, two bacteria are being introduced separately into a volume of loose, saturated sand. These bacteria are Leptothrix discophora and Sporosarcina pasteurii. These bacteria are considered a better alternative for microbial remediation compared to biofilm-forming bacteria because they precipitate iron and manganese or calcite external to their cells. The anticipated mechanisms for reducing liquefaction are increased density by filling voids and cementation of soil particles during precipitation of the insoluble iron and manganese oxides or calcite. After precipitating the insoluble oxides, the bacteria can die without significantly degrading the improved shear strength of the soil. The mechanisms causing an increase in shear strength from introducing Flavobacterium johnsonaie are poorly understood, but the proposers hypothesize that if the Flavobacterium johnsonaie bacteria die, the shear strength may decrease toward pre-treatment levels.&lt;br/&gt;&lt;br/&gt;Soil grain size distribution will be quantified and compared with the grain size distribution of non-treated soil to qualitatively assess production of insoluble oxides. Stiffness, strength and liquefaction resistance are being assessed using shear wave velocity testing with bender elements, miniature cone penetration testing, vane shear testing, and triaxial shear testing.</AbstractNarration>
    <MinAmdLetterDate>08/20/2007</MinAmdLetterDate>
    <MaxAmdLetterDate>06/30/2010</MaxAmdLetterDate>
    <ARRAAmount/>
    <AwardID>0700918</AwardID>
    <Investigator>
      <FirstName>Thomas</FirstName>
      <LastName>Weaver</LastName>
      <EmailAddress>tweaver@uidaho.edu</EmailAddress>
      <StartDate>08/20/2007</StartDate>
      <EndDate>06/30/2010</EndDate>
      <RoleCode>Former Principal Investigator</RoleCode>
    </Investigator>
    <Investigator>
      <FirstName>Ronald</FirstName>
      <LastName>Crawford</LastName>
      <EmailAddress>crawford@uidaho.edu</EmailAddress>
      <StartDate>08/20/2007</StartDate>
      <EndDate/>
      <RoleCode>Co-Principal Investigator</RoleCode>
    </Investigator>
    <Investigator>
      <FirstName>Barbara</FirstName>
      <LastName>Williams</LastName>
      <EmailAddress>barbwill@uidaho.edu</EmailAddress>
      <StartDate>06/30/2010</StartDate>
      <EndDate/>
      <RoleCode>Principal Investigator</RoleCode>
    </Investigator>
    <Investigator>
      <FirstName>Barbara</FirstName>
      <LastName>Williams</LastName>
      <EmailAddress>barbwill@uidaho.edu</EmailAddress>
      <StartDate>08/20/2007</StartDate>
      <EndDate>06/30/2010</EndDate>
      <RoleCode>Former Co-Principal Investigator</RoleCode>
    </Investigator>
    <Institution>
      <Name>University of Idaho</Name>
      <CityName>MOSCOW</CityName>
      <ZipCode>838443020</ZipCode>
      <PhoneNumber>2088856651</PhoneNumber>
      <StreetAddress>Office of Sponsored Programs</StreetAddress>
      <CountryName>United States</CountryName>
      <StateName>Idaho</StateName>
      <StateCode>ID</StateCode>
    </Institution>
    <FoaInformation>
      <Code>0308000</Code>
      <Name>Industrial Technology</Name>
    </FoaInformation>
    <ProgramElement>
      <Code>1636</Code>
      <Text>Geotechnical Engineering and M</Text>
    </ProgramElement>
    <ProgramReference>
      <Code>037E</Code>
      <Text>GEOTECHNICAL ENGINEERING</Text>
    </ProgramReference>
    <ProgramReference>
      <Code>043E</Code>
      <Text>EARTHQUAKE ENGINEERING</Text>
    </ProgramReference>
    <ProgramReference>
      <Code>1057</Code>
      <Text>CIS BASE RESEARCH</Text>
    </ProgramReference>
    <ProgramReference>
      <Code>116E</Code>
      <Text>RESEARCH EXP FOR UNDERGRADS</Text>
    </ProgramReference>
    <ProgramReference>
      <Code>1576</Code>
      <Text>NATIONL EARTHQK HZRD REDCT PRG</Text>
    </ProgramReference>
    <ProgramReference>
      <Code>9146</Code>
      <Text>MANUFACTURING BASE RESEARCH</Text>
    </ProgramReference>
    <ProgramReference>
      <Code>9150</Code>
      <Text>EXP PROG TO STIM COMP RES</Text>
    </ProgramReference>
    <ProgramReference>
      <Code>9178</Code>
      <Text>UNDERGRADUATE EDUCATION</Text>
    </ProgramReference>
    <ProgramReference>
      <Code>9251</Code>
      <Text>RES EXPER FOR UNDERGRAD-SUPPLT</Text>
    </ProgramReference>
    <ProgramReference>
      <Code>CVIS</Code>
      <Text>CIVIL INFRASTRUCTURE</Text>
    </ProgramReference>
    <ProgramReference>
      <Code>MANU</Code>
      <Text>MANUFACTURING</Text>
    </ProgramReference>
  </Award>
</rootTag>
