<?xml version="1.0" encoding="UTF-8"?>

<rootTag>
  <Award>
    <AwardTitle>The Symmetry and Order of Densest Packings of Space</AwardTitle>
    <AwardEffectiveDate>08/15/2007</AwardEffectiveDate>
    <AwardExpirationDate>07/31/2011</AwardExpirationDate>
    <AwardAmount>166672</AwardAmount>
    <AwardInstrument>
      <Value>Continuing grant</Value>
    </AwardInstrument>
    <Organization>
      <Code>03040000</Code>
      <Directorate>
        <LongName>Direct For Mathematical &amp; Physical Scien</LongName>
      </Directorate>
      <Division>
        <LongName>Division Of Mathematical Sciences</LongName>
      </Division>
    </Organization>
    <ProgramOfficer>
      <SignBlockName>Tomek Bartoszynski</SignBlockName>
    </ProgramOfficer>
    <AbstractNarration>The PI has recently obtained new results on qualitative features of packings : proof of an abrupt change (phase transition) between low and high density packings of a certain deformed disk in the plane, and the experimental discovery of a phase transition in packings of sand (that is, with anisotropy produced by gravity) as density is varied.&lt;br/&gt;&lt;br/&gt;These results give a uniform approach to understanding certain qualitative features of the geometry of packings, linking research areas in unexpected and fruitful ways, and using a variety of mathematical techniques unusual in the traditional approaches to such studies.</AbstractNarration>
    <MinAmdLetterDate>08/03/2007</MinAmdLetterDate>
    <MaxAmdLetterDate>03/27/2009</MaxAmdLetterDate>
    <ARRAAmount/>
    <AwardID>0700120</AwardID>
    <Investigator>
      <FirstName>Charles</FirstName>
      <LastName>Radin</LastName>
      <EmailAddress>radin@math.utexas.edu</EmailAddress>
      <StartDate>08/03/2007</StartDate>
      <EndDate/>
      <RoleCode>Principal Investigator</RoleCode>
    </Investigator>
    <Institution>
      <Name>University of Texas at Austin</Name>
      <CityName>Austin</CityName>
      <ZipCode>787121532</ZipCode>
      <PhoneNumber>5124716424</PhoneNumber>
      <StreetAddress>101 E. 27th Street, Suite 5.300</StreetAddress>
      <CountryName>United States</CountryName>
      <StateName>Texas</StateName>
      <StateCode>TX</StateCode>
    </Institution>
    <FoaInformation>
      <Code>0000099</Code>
      <Name>Other Applications NEC</Name>
    </FoaInformation>
  </Award>
</rootTag>
