<?xml version="1.0" encoding="UTF-8"?>

<rootTag>
  <Award>
    <AwardTitle>Dynamics of Ions in Superfluid Helium Nanodroplets</AwardTitle>
    <AwardEffectiveDate>07/01/2007</AwardEffectiveDate>
    <AwardExpirationDate>06/30/2011</AwardExpirationDate>
    <AwardAmount>590000</AwardAmount>
    <AwardInstrument>
      <Value>Continuing grant</Value>
    </AwardInstrument>
    <Organization>
      <Code>03090004</Code>
      <Directorate>
        <LongName>Direct For Mathematical &amp; Physical Scien</LongName>
      </Directorate>
      <Division>
        <LongName>Division Of Chemistry</LongName>
      </Division>
    </Organization>
    <ProgramOfficer>
      <SignBlockName>Charles D. Pibel</SignBlockName>
    </ProgramOfficer>
    <AbstractNarration>In this award, funded by the Experimental Physical Chemistry Program of the Chemistry Division, Prof. Kevin K. Lehmann of the University of Virginia and his postdoctoral and graduate student colleagues will use liquid helium nanodroplets as unique laboratories for studying the ways in which molecules behave in confined quantum fluids. Lehmann and his group plan on studying the behavior of ions in size-selected helium droplets to search for the presence of novel fluid effects (vortex rings or rotons). In addition, Lehmann and his group will use the nanodroplet as a calorimeter -- measuring the energetics of exothermic processes by detecting the evaporation of helium atoms. Other experiments plan on studying the poorly-understood relaxation dynamics of molecules with excited rotational, vibrational and spin degrees of freedom in these quantum fluids.&lt;br/&gt;&lt;br/&gt;Helium nanodroplets are an unusual quantum environment whose behavior is still poorly understood. The results of these investigations will provide crucial benchmarks for theorists interested in modeling these systems. The work in calorimetry is of fundamental importance since it allows thermochemical information to be determined directly -- a molecule at a time. The students and postdoctoral fellows working on this project will be provided with broad interdisciplinary training at the interface of chemistry and condensed matter physics.</AbstractNarration>
    <MinAmdLetterDate>06/22/2007</MinAmdLetterDate>
    <MaxAmdLetterDate>07/02/2010</MaxAmdLetterDate>
    <ARRAAmount/>
    <AwardID>0700740</AwardID>
    <Investigator>
      <FirstName>Kevin</FirstName>
      <LastName>Lehmann</LastName>
      <EmailAddress>kl6c@virginia.edu</EmailAddress>
      <StartDate>06/22/2007</StartDate>
      <EndDate/>
      <RoleCode>Principal Investigator</RoleCode>
    </Investigator>
    <Institution>
      <Name>University of Virginia Main Campus</Name>
      <CityName>CHARLOTTESVILLE</CityName>
      <ZipCode>229044195</ZipCode>
      <PhoneNumber>4349244270</PhoneNumber>
      <StreetAddress>P.O. BOX 400195</StreetAddress>
      <CountryName>United States</CountryName>
      <StateName>Virginia</StateName>
      <StateCode>VA</StateCode>
    </Institution>
    <ProgramElement>
      <Code>1962</Code>
      <Text>SPECTROSCOPY</Text>
    </ProgramElement>
    <ProgramReference>
      <Code>0000</Code>
      <Text>UNASSIGNED</Text>
    </ProgramReference>
    <ProgramReference>
      <Code>7237</Code>
      <Text>NANO NON-SOLIC SCI &amp; ENG AWD</Text>
    </ProgramReference>
    <ProgramReference>
      <Code>OTHR</Code>
      <Text>OTHER RESEARCH OR EDUCATION</Text>
    </ProgramReference>
  </Award>
</rootTag>
