<?xml version="1.0" encoding="UTF-8"?>

<rootTag>
  <Award>
    <AwardTitle>Second Generation Photocatalysts: TiO2-Based Nanocomposites by dc Reactive Sputtering</AwardTitle>
    <AwardEffectiveDate>07/15/2007</AwardEffectiveDate>
    <AwardExpirationDate>12/31/2010</AwardExpirationDate>
    <AwardAmount>239999</AwardAmount>
    <AwardInstrument>
      <Value>Standard Grant</Value>
    </AwardInstrument>
    <Organization>
      <Code>07030000</Code>
      <Directorate>
        <LongName>Directorate For Engineering</LongName>
      </Directorate>
      <Division>
        <LongName>Div Of Civil, Mechanical, &amp; Manufact Inn</LongName>
      </Division>
    </Organization>
    <ProgramOfficer>
      <SignBlockName>Clark V. Cooper</SignBlockName>
    </ProgramOfficer>
    <AbstractNarration>While the anatase phase of TiO2 is generally the best single-phase material in terms of its redox efficiency in air and water, mixed phase TiO2 (anatase + rutile) often exhibits higher photoactivity than pure phases alone. A detailed explanation of these phenomena, however, is lacking. Recent work in Gray's group has revealed insights into the nature of charge separation, trapping and recombination in mixed phase titania. There is a nanostructured morphology comprised of interwoven crystallites of rutile and anatase creating solid-solid interfaces across which photoexcited electrons are transferred from rutile to lower energy anatase lattice trapping sites. Physical vapor deposition of thin films offers a direct approach to systematically explore the structural aspects of solids (phase composition, grain size, defects. orientation and interfaces) in relation to the observed phenomena. By developing appropriate process controls, controlled synthesis and characterization will be correlated with functionality to understand interfacial structure and function, including its role in providing active sites for enhanced photocatalytic response. Functionality will be measured in terms of the reduction of CO2 in response to UV and visible radiation exposure.</AbstractNarration>
    <MinAmdLetterDate>07/12/2007</MinAmdLetterDate>
    <MaxAmdLetterDate>08/31/2009</MaxAmdLetterDate>
    <ARRAAmount/>
    <AwardID>0700865</AwardID>
    <Investigator>
      <FirstName>Kimberly</FirstName>
      <LastName>Gray</LastName>
      <EmailAddress>k-gray@northwestern.edu</EmailAddress>
      <StartDate>07/12/2007</StartDate>
      <EndDate/>
      <RoleCode>Co-Principal Investigator</RoleCode>
    </Investigator>
    <Investigator>
      <FirstName>Michael</FirstName>
      <LastName>Graham</LastName>
      <EmailAddress>mgraham@northwestern.edu</EmailAddress>
      <StartDate>07/12/2007</StartDate>
      <EndDate/>
      <RoleCode>Principal Investigator</RoleCode>
    </Investigator>
    <Institution>
      <Name>Northwestern University</Name>
      <CityName>Evanston</CityName>
      <ZipCode>602013149</ZipCode>
      <PhoneNumber>8474913003</PhoneNumber>
      <StreetAddress>1801 Maple Ave.</StreetAddress>
      <CountryName>United States</CountryName>
      <StateName>Illinois</StateName>
      <StateCode>IL</StateCode>
    </Institution>
    <FoaInformation>
      <Code>0308000</Code>
      <Name>Industrial Technology</Name>
    </FoaInformation>
    <FoaInformation>
      <Code>0106000</Code>
      <Name>Materials Research</Name>
    </FoaInformation>
    <ProgramElement>
      <Code>1633</Code>
      <Text>MATERIALS AND SURFACE ENG</Text>
    </ProgramElement>
    <ProgramElement>
      <Code>7237</Code>
      <Text>NANO NON-SOLIC SCI &amp; ENG AWD</Text>
    </ProgramElement>
    <ProgramReference>
      <Code>024E</Code>
      <Text>MATERIALS DESIGN</Text>
    </ProgramReference>
    <ProgramReference>
      <Code>1444</Code>
      <Text>SURFACE ENGINEERING</Text>
    </ProgramReference>
    <ProgramReference>
      <Code>1633</Code>
      <Text>MATERIALS AND SURFACE ENG</Text>
    </ProgramReference>
    <ProgramReference>
      <Code>9161</Code>
      <Text>SINGLE DIVISION/UNIVERSITY</Text>
    </ProgramReference>
    <ProgramReference>
      <Code>AMPP</Code>
      <Text>ADVANCED MATERIALS &amp; PROCESSING PROGRAM</Text>
    </ProgramReference>
  </Award>
</rootTag>
