<?xml version="1.0" encoding="UTF-8"?>

<rootTag>
  <Award>
    <AwardTitle>Multiscale Design Tool Development for High Performance Nanocomposites</AwardTitle>
    <AwardEffectiveDate>04/15/2007</AwardEffectiveDate>
    <AwardExpirationDate>03/31/2012</AwardExpirationDate>
    <AwardAmount>383000</AwardAmount>
    <AwardInstrument>
      <Value>Standard Grant</Value>
    </AwardInstrument>
    <Organization>
      <Code>07030000</Code>
      <Directorate>
        <LongName>Directorate For Engineering</LongName>
      </Directorate>
      <Division>
        <LongName>Div Of Civil, Mechanical, &amp; Manufact Inn</LongName>
      </Division>
    </Organization>
    <ProgramOfficer>
      <SignBlockName>Christina L. Bloebaum</SignBlockName>
    </ProgramOfficer>
    <AbstractNarration>The research objective of this award is the development of a numerical tool to optimally design multiscale nanocomposites. A multiphysics optimization framework that uses lower fidelity simulation models in place of molecular dynamic material simulations to drive the nanocomposite design process will result from this work. Existing molecular dynamic material simulations can take up to 24 hours to complete on a 32 processor parallel computing system. The high cost of computation associated with invoking the molecular dynamic material simulation prevents it from being used alone in the optimization process where reaching a solution may require hundreds of iterations. The use of lower fidelity physics models facilitates the use of optimization tools for this class of material design problems. Model management strategies pioneered by the investigators will be employed to guarantee that design decisions based on lower fidelity information will yield improvements in the actual nanocomposite material design. The proposed research is one of the first developments of a material design tool that integrates atomistic and meso-scale simulations within an optimum design framework. &lt;br/&gt;&lt;br/&gt;If successful, the results of this research will lead to improvements in the design of high-temperature nano-ceramic matrix composites. The proposed multiscale design tool will significantly reduce material design cycle times as compared to expensive ad-hoc experiments for developing advanced nanomaterials. The design methodology developed in this research, when applied specifically to SiC-Si3N4 nanocomposites, will be useful for understanding the applicability of these materials to future fossil energy conversion systems. The demand for higher efficiency and reduced emissions in advanced fossil-fuel conversion systems will require materials with higher oxidation, corrosion, creep, and fracture resistance.</AbstractNarration>
    <MinAmdLetterDate>04/06/2007</MinAmdLetterDate>
    <MaxAmdLetterDate>07/08/2011</MaxAmdLetterDate>
    <ARRAAmount/>
    <AwardID>0700730</AwardID>
    <Investigator>
      <FirstName>Stephen</FirstName>
      <LastName>Batill</LastName>
      <EmailAddress>batill@nd.edu</EmailAddress>
      <StartDate>07/08/2011</StartDate>
      <EndDate/>
      <RoleCode>Principal Investigator</RoleCode>
    </Investigator>
    <Investigator>
      <FirstName>John</FirstName>
      <LastName>Renaud</LastName>
      <EmailAddress>renaud.2@nd.edu</EmailAddress>
      <StartDate>04/06/2007</StartDate>
      <EndDate>04/28/2011</EndDate>
      <RoleCode>Former Principal Investigator</RoleCode>
    </Investigator>
    <Investigator>
      <FirstName>Vikas</FirstName>
      <LastName>Tomar</LastName>
      <EmailAddress>tomar@purdue.edu</EmailAddress>
      <StartDate>04/06/2007</StartDate>
      <EndDate/>
      <RoleCode>Co-Principal Investigator</RoleCode>
    </Investigator>
    <Investigator>
      <FirstName>Andres</FirstName>
      <LastName>Tovar</LastName>
      <EmailAddress>tovara@iupui.edu</EmailAddress>
      <StartDate>04/28/2011</StartDate>
      <EndDate>07/08/2011</EndDate>
      <RoleCode>Former Principal Investigator</RoleCode>
    </Investigator>
    <Institution>
      <Name>University of Notre Dame</Name>
      <CityName>NOTRE DAME</CityName>
      <ZipCode>465565708</ZipCode>
      <PhoneNumber>5746317432</PhoneNumber>
      <StreetAddress>940 Grace Hall</StreetAddress>
      <CountryName>United States</CountryName>
      <StateName>Indiana</StateName>
      <StateCode>IN</StateCode>
    </Institution>
    <FoaInformation>
      <Code>0308000</Code>
      <Name>Industrial Technology</Name>
    </FoaInformation>
    <ProgramElement>
      <Code>1464</Code>
      <Text>ENGINEERING DESIGN AND INNOVAT</Text>
    </ProgramElement>
    <ProgramElement>
      <Code>7237</Code>
      <Text>NANO NON-SOLIC SCI &amp; ENG AWD</Text>
    </ProgramElement>
    <ProgramReference>
      <Code>027E</Code>
      <Text>NANOMECHANICS</Text>
    </ProgramReference>
    <ProgramReference>
      <Code>067E</Code>
      <Text>DESIGN TOOLS</Text>
    </ProgramReference>
    <ProgramReference>
      <Code>068E</Code>
      <Text>DESIGN THEORY</Text>
    </ProgramReference>
    <ProgramReference>
      <Code>073E</Code>
      <Text>OPTIMIZATION &amp; DECISION MAKING</Text>
    </ProgramReference>
    <ProgramReference>
      <Code>081E</Code>
      <Text>NANO SCALE ASSEMBLY</Text>
    </ProgramReference>
    <ProgramReference>
      <Code>084E</Code>
      <Text>NANOMANUFACTURING</Text>
    </ProgramReference>
    <ProgramReference>
      <Code>1057</Code>
      <Text>CIS BASE RESEARCH</Text>
    </ProgramReference>
    <ProgramReference>
      <Code>115E</Code>
      <Text>RESEARCH EXP FOR TEACHERS</Text>
    </ProgramReference>
    <ProgramReference>
      <Code>116E</Code>
      <Text>RESEARCH EXP FOR UNDERGRADS</Text>
    </ProgramReference>
    <ProgramReference>
      <Code>7218</Code>
      <Text>RET SUPPLEMENTS</Text>
    </ProgramReference>
    <ProgramReference>
      <Code>7233</Code>
      <Text>RES EXPERIENCE FOR TEACHERS(RET)-SUPPLEM</Text>
    </ProgramReference>
    <ProgramReference>
      <Code>9146</Code>
      <Text>MANUFACTURING BASE RESEARCH</Text>
    </ProgramReference>
    <ProgramReference>
      <Code>9148</Code>
      <Text>TOOLS &amp; TECHNOL FOR MANUFACTURING DESIGN</Text>
    </ProgramReference>
    <ProgramReference>
      <Code>9178</Code>
      <Text>UNDERGRADUATE EDUCATION</Text>
    </ProgramReference>
    <ProgramReference>
      <Code>9231</Code>
      <Text>SUPPL FOR UNDERGRAD RES ASSIST</Text>
    </ProgramReference>
    <ProgramReference>
      <Code>9251</Code>
      <Text>RES EXPER FOR UNDERGRAD-SUPPLT</Text>
    </ProgramReference>
    <ProgramReference>
      <Code>CVIS</Code>
      <Text>CIVIL INFRASTRUCTURE</Text>
    </ProgramReference>
    <ProgramReference>
      <Code>MANU</Code>
      <Text>MANUFACTURING</Text>
    </ProgramReference>
  </Award>
</rootTag>
