<?xml version="1.0" encoding="UTF-8"?>

<rootTag>
  <Award>
    <AwardTitle>Automorphic representations and applications</AwardTitle>
    <AwardEffectiveDate>07/15/2007</AwardEffectiveDate>
    <AwardExpirationDate>06/30/2011</AwardExpirationDate>
    <AwardAmount>119999</AwardAmount>
    <AwardInstrument>
      <Value>Standard Grant</Value>
    </AwardInstrument>
    <Organization>
      <Code>03040000</Code>
      <Directorate>
        <LongName>Direct For Mathematical &amp; Physical Scien</LongName>
      </Directorate>
      <Division>
        <LongName>Division Of Mathematical Sciences</LongName>
      </Division>
    </Organization>
    <ProgramOfficer>
      <SignBlockName>Andrew D. Pollington</SignBlockName>
    </ProgramOfficer>
    <AbstractNarration>Abstract for the proposal DMS-0700030 of Mao&lt;br/&gt;&lt;br/&gt;&lt;br/&gt;This work concerns some problems in the theory of automorphic forms. The PI will use the theory of automorphic representations to study problems in half integral weight forms, including algorithm for L-values based on a relation between L-values and Fourier coefficients of half integral weight forms. The PI and others will investigate the generalization of this relation to L-values of automorphic forms on higher ranked groups. The PI will also look at Gindikin-Karpelevich type formulas and investigate their application in relative trace formula.&lt;br/&gt;&lt;br/&gt;This research is in the area of number theory. Number theory has its historical roots in the study of natural numbers. It is among the oldest branches of mathematics. Within the last half century it has become an indispensable tool in diverse applications in areas such as data transmission and processing, and communication systems.</AbstractNarration>
    <MinAmdLetterDate>07/10/2007</MinAmdLetterDate>
    <MaxAmdLetterDate>07/10/2007</MaxAmdLetterDate>
    <ARRAAmount/>
    <AwardID>0700030</AwardID>
    <Investigator>
      <FirstName>Zhengyu</FirstName>
      <LastName>Mao</LastName>
      <EmailAddress>zmao@rutgers.edu</EmailAddress>
      <StartDate>07/10/2007</StartDate>
      <EndDate/>
      <RoleCode>Principal Investigator</RoleCode>
    </Investigator>
    <Institution>
      <Name>Rutgers University New Brunswick</Name>
      <CityName>Piscataway</CityName>
      <ZipCode>088543925</ZipCode>
      <PhoneNumber>8489320150</PhoneNumber>
      <StreetAddress>33 Knightsbridge Road</StreetAddress>
      <CountryName>United States</CountryName>
      <StateName>New Jersey</StateName>
      <StateCode>NJ</StateCode>
    </Institution>
    <FoaInformation>
      <Code>0000099</Code>
      <Name>Other Applications NEC</Name>
    </FoaInformation>
    <ProgramElement>
      <Code>1264</Code>
      <Text>ALGEBRA,NUMBER THEORY,AND COM</Text>
    </ProgramElement>
    <ProgramReference>
      <Code>0000</Code>
      <Text>UNASSIGNED</Text>
    </ProgramReference>
    <ProgramReference>
      <Code>OTHR</Code>
      <Text>OTHER RESEARCH OR EDUCATION</Text>
    </ProgramReference>
  </Award>
</rootTag>
