<?xml version="1.0" encoding="UTF-8"?>

<rootTag>
  <Award>
    <AwardTitle>Understanding and Exploiting the Transport Behavior of Polymers in Confined Geometries</AwardTitle>
    <AwardEffectiveDate>07/15/2007</AwardEffectiveDate>
    <AwardExpirationDate>08/31/2012</AwardExpirationDate>
    <AwardAmount>290000</AwardAmount>
    <AwardInstrument>
      <Value>Standard Grant</Value>
    </AwardInstrument>
    <Organization>
      <Code>07030000</Code>
      <Directorate>
        <LongName>Directorate For Engineering</LongName>
      </Directorate>
      <Division>
        <LongName>Div Of Civil, Mechanical, &amp; Manufact Inn</LongName>
      </Division>
    </Organization>
    <ProgramOfficer>
      <SignBlockName>Mary M. Toney</SignBlockName>
    </ProgramOfficer>
    <AbstractNarration>Currently there are significant knowledge gaps in fundamentally understanding the thermodynamic and transport properties of polymers in confined geometries (e.g. ultra-thin films), and the dependence of these properties on film thickness and preparation conditions. Recent studies have shown that a wide variety of polymer film properties deviate from bulk behavior as the film thickness decreases below some critical thickness. Our recent measurements suggest that bulk diffusion of penetrants through polymer ultra-thin films decreases dramatically with decreasing film thickness while the proton conductivity of polymer films does not appear to decrease in a similar manner. The overarching goals of this work are to characterize the proton transport and diffusion behavior of polymers in confined geometries, elucidate the length scales and magnitudes of such behavior, and develop a self consistent and comprehensive fundamental understanding of the mechanisms that are responsible for the observed phenomena. The intellectual merits of the proposal can broadly be defined as: (1) characterizing the proton transport in polymer ultra-thin films, (2) developing a fundamental model to explain the physiochemical properties of polymer ultra-thin films, and (3) exploiting the observed behavior to produce enhanced capabilities for proton exchange membranes for fuel cells using existing materials and processes. &lt;br/&gt;&lt;br/&gt;The broader impacts of this activity include: (1) providing guidance on and opportunities for overcoming some of the roadblocks in microlithography to benefit the microelectronics industry, (2) providing a way to enhance polymer membrane performance for fuel cells, (3) educating undergraduate and graduate students in a manner that synergistically blends modeling and experiment, and (4) enhancing underrepresented and minority student education and improving secondary school science education.</AbstractNarration>
    <MinAmdLetterDate>07/11/2007</MinAmdLetterDate>
    <MaxAmdLetterDate>07/11/2007</MaxAmdLetterDate>
    <ARRAAmount/>
    <AwardID>0700760</AwardID>
    <Investigator>
      <FirstName>Peter</FirstName>
      <LastName>Ludovice</LastName>
      <EmailAddress>pete.ludovice@chbe.gatech.edu</EmailAddress>
      <StartDate>07/11/2007</StartDate>
      <EndDate/>
      <RoleCode>Co-Principal Investigator</RoleCode>
    </Investigator>
    <Investigator>
      <FirstName>Clifford</FirstName>
      <LastName>Henderson</LastName>
      <EmailAddress>cliff.henderson@chbe.gatech.edu</EmailAddress>
      <StartDate>07/11/2007</StartDate>
      <EndDate/>
      <RoleCode>Principal Investigator</RoleCode>
    </Investigator>
    <Institution>
      <Name>Georgia Tech Research Corporation</Name>
      <CityName>Atlanta</CityName>
      <ZipCode>303320420</ZipCode>
      <PhoneNumber>4048944819</PhoneNumber>
      <StreetAddress>Office of Sponsored Programs</StreetAddress>
      <CountryName>United States</CountryName>
      <StateName>Georgia</StateName>
      <StateCode>GA</StateCode>
    </Institution>
    <FoaInformation>
      <Code>0308000</Code>
      <Name>Industrial Technology</Name>
    </FoaInformation>
    <ProgramElement>
      <Code>1467</Code>
      <Text>MATERIALS PROCESSING AND MANFG</Text>
    </ProgramElement>
    <ProgramReference>
      <Code>065E</Code>
      <Text>Radiation heat transfer</Text>
    </ProgramReference>
    <ProgramReference>
      <Code>080E</Code>
      <Text>DEFORMATION PROCESSES</Text>
    </ProgramReference>
    <ProgramReference>
      <Code>084E</Code>
      <Text>NANOMANUFACTURING</Text>
    </ProgramReference>
    <ProgramReference>
      <Code>085E</Code>
      <Text>POLYMER &amp; COMPOSITES PROCESSES</Text>
    </ProgramReference>
    <ProgramReference>
      <Code>088E</Code>
      <Text>THERMALLY DRIVEN PROCESSES</Text>
    </ProgramReference>
    <ProgramReference>
      <Code>9146</Code>
      <Text>MANUFACTURING BASE RESEARCH</Text>
    </ProgramReference>
    <ProgramReference>
      <Code>MANU</Code>
      <Text>MANUFACTURING</Text>
    </ProgramReference>
  </Award>
</rootTag>
