<?xml version="1.0" encoding="UTF-8"?>

<rootTag>
  <Award>
    <AwardTitle>Collaborative Research: MPSA-ENG: Interplay of Biosensing and Locomotion in Confined Microfluidic Environments</AwardTitle>
    <AwardEffectiveDate>09/01/2007</AwardEffectiveDate>
    <AwardExpirationDate>10/31/2008</AwardExpirationDate>
    <AwardAmount>240000</AwardAmount>
    <AwardInstrument>
      <Value>Standard Grant</Value>
    </AwardInstrument>
    <Organization>
      <Code>07030000</Code>
      <Directorate>
        <LongName>Directorate For Engineering</LongName>
      </Directorate>
      <Division>
        <LongName>Div Of Civil, Mechanical, &amp; Manufact Inn</LongName>
      </Division>
    </Organization>
    <ProgramOfficer>
      <SignBlockName>Shih-Chi Liu</SignBlockName>
    </ProgramOfficer>
    <AbstractNarration>The proposal utilizes an interdisciplinary approach to study the locomotion of C. elegans and their sensory response to environmental variations. C. elegans is one of the mostly studied model animals in biology due to its genetic tractability, sequenced genome, simple anatomy and body transparency. It is also a superb system to study mobility and sensing. This project will use C. elegans as a simple model system of living organisms to obtain critical physical information for understanding the interplay between sensing, locomotion and environment, incorporate this information into theoretical and computational models of undulatory locomotion. &lt;br/&gt;&lt;br/&gt;This is a collaborative research project between a mechanical engineer at Washington University and a mathematical at the New York University.&lt;br/&gt;&lt;br/&gt;This research is expected to impact on smart sensing and actuation technology, and the results will serve as building blocks for development of smart devices that can lead to robust design of adaptive systems and structures.</AbstractNarration>
    <MinAmdLetterDate>09/04/2007</MinAmdLetterDate>
    <MaxAmdLetterDate>09/04/2007</MaxAmdLetterDate>
    <ARRAAmount/>
    <AwardID>0700830</AwardID>
    <Investigator>
      <FirstName>William</FirstName>
      <LastName>Pickard</LastName>
      <EmailAddress>wfp@ese.wustl.edu</EmailAddress>
      <StartDate>09/04/2007</StartDate>
      <EndDate/>
      <RoleCode>Co-Principal Investigator</RoleCode>
    </Investigator>
    <Investigator>
      <FirstName>Amy</FirstName>
      <LastName>Shen</LastName>
      <EmailAddress>amyshen@u.washington.edu</EmailAddress>
      <StartDate>09/04/2007</StartDate>
      <EndDate/>
      <RoleCode>Principal Investigator</RoleCode>
    </Investigator>
    <Institution>
      <Name>Washington University</Name>
      <CityName>Saint Louis</CityName>
      <ZipCode>631304862</ZipCode>
      <PhoneNumber>3147474134</PhoneNumber>
      <StreetAddress>CAMPUS BOX 1054</StreetAddress>
      <CountryName>United States</CountryName>
      <StateName>Missouri</StateName>
      <StateCode>MO</StateCode>
    </Institution>
    <FoaInformation>
      <Code>0308000</Code>
      <Name>Industrial Technology</Name>
    </FoaInformation>
    <ProgramElement>
      <Code>1639</Code>
      <Text>SENSORS AND SENSING SYSTEMS</Text>
    </ProgramElement>
    <ProgramElement>
      <Code>7446</Code>
      <Text>MATH PRIORITY SOLICITATION</Text>
    </ProgramElement>
    <ProgramReference>
      <Code>032E</Code>
      <Text>SENSORS AND ACTUATORS</Text>
    </ProgramReference>
    <ProgramReference>
      <Code>1059</Code>
      <Text>SENSORS AND SENSOR SYSTEMS FOR CIS</Text>
    </ProgramReference>
    <ProgramReference>
      <Code>7303</Code>
      <Text>MATH SCI PRIORITY AREA: INTERDISCIPLINAR</Text>
    </ProgramReference>
    <ProgramReference>
      <Code>9102</Code>
      <Text>WOMEN, MINORITY, DISABLED, NEC</Text>
    </ProgramReference>
    <ProgramReference>
      <Code>CVIS</Code>
      <Text>CIVIL INFRASTRUCTURE</Text>
    </ProgramReference>
  </Award>
</rootTag>
