<?xml version="1.0" encoding="UTF-8"?>

<rootTag>
  <Award>
    <AwardTitle>Sensor-Based Damage Detection and Quantification in Bridges Under Traffic and Environmental Effects</AwardTitle>
    <AwardEffectiveDate>05/01/2007</AwardEffectiveDate>
    <AwardExpirationDate>04/30/2012</AwardExpirationDate>
    <AwardAmount>147326</AwardAmount>
    <AwardInstrument>
      <Value>Standard Grant</Value>
    </AwardInstrument>
    <Organization>
      <Code>07030000</Code>
      <Directorate>
        <LongName>Directorate For Engineering</LongName>
      </Directorate>
      <Division>
        <LongName>Div Of Civil, Mechanical, &amp; Manufact Inn</LongName>
      </Division>
    </Organization>
    <ProgramOfficer>
      <SignBlockName>Jordan Berg</SignBlockName>
    </ProgramOfficer>
    <AbstractNarration>This project will develop a robust approach for damage identification (detection and quantification) of bridges exposed to environmental temperature and solar radiation variations and traffic loads. The approach will utilize the modal properties extracted from vibration response data with appropriate adjustments for thermal effects for damage identification. The traffic induced vibration data along with measurements on the moving loads will be used for the extraction of the modal parameters. For the validation of the proposed modal estimation approach, the field data collected on two concrete bridges in Hong Kong will be utilized. For damage identification, the methods based on the improved estimation of the curvature flexibility will be developed. A comprehensive study will be conducted to evaluate the effect of thermal conduction on the modal parameters to propose simple methods utilizing only the yearly and diurnal temperature trends and spot measurements of the temperature at the time of data recording to calculate the temperature affected modal parameters. For damage quantification, the flexibility characteristics of damaged structure will be compared with those of the undamaged baseline structure adjusted to reflect the effect of the temperature environment at the time of the data measurements.</AbstractNarration>
    <MinAmdLetterDate>04/23/2007</MinAmdLetterDate>
    <MaxAmdLetterDate>04/06/2011</MaxAmdLetterDate>
    <ARRAAmount/>
    <AwardID>0700558</AwardID>
    <Investigator>
      <FirstName>Mahendra</FirstName>
      <LastName>Singh</LastName>
      <EmailAddress>mpsingh@vt.edu</EmailAddress>
      <StartDate>04/23/2007</StartDate>
      <EndDate>10/26/2007</EndDate>
      <RoleCode>Former Principal Investigator</RoleCode>
    </Investigator>
    <Investigator>
      <FirstName>Surot</FirstName>
      <LastName>Thangjitham</LastName>
      <EmailAddress>thangjitham@vt.edu</EmailAddress>
      <StartDate>10/26/2007</StartDate>
      <EndDate/>
      <RoleCode>Principal Investigator</RoleCode>
    </Investigator>
    <Institution>
      <Name>Virginia Polytechnic Institute and State University</Name>
      <CityName>BLACKSBURG</CityName>
      <ZipCode>240610001</ZipCode>
      <PhoneNumber>5402315281</PhoneNumber>
      <StreetAddress>Sponsored Programs 0170</StreetAddress>
      <CountryName>United States</CountryName>
      <StateName>Virginia</StateName>
      <StateCode>VA</StateCode>
    </Institution>
    <FoaInformation>
      <Code>0308000</Code>
      <Name>Industrial Technology</Name>
    </FoaInformation>
    <ProgramElement>
      <Code>1637</Code>
      <Text>Structural and Architectural E</Text>
    </ProgramElement>
    <ProgramElement>
      <Code>1639</Code>
      <Text>SENSORS AND SENSING SYSTEMS</Text>
    </ProgramElement>
    <ProgramReference>
      <Code>032E</Code>
      <Text>SENSORS AND ACTUATORS</Text>
    </ProgramReference>
    <ProgramReference>
      <Code>1057</Code>
      <Text>CIS BASE RESEARCH</Text>
    </ProgramReference>
    <ProgramReference>
      <Code>1059</Code>
      <Text>SENSORS AND SENSOR SYSTEMS FOR CIS</Text>
    </ProgramReference>
    <ProgramReference>
      <Code>7234</Code>
      <Text>SENSORS NON-SOLICITATION RESEA</Text>
    </ProgramReference>
    <ProgramReference>
      <Code>CVIS</Code>
      <Text>CIVIL INFRASTRUCTURE</Text>
    </ProgramReference>
    <ProgramReference>
      <Code>5919</Code>
      <Text>INDIA (COOPERATIVE SCIENCE)</Text>
    </ProgramReference>
    <ProgramReference>
      <Code>5964</Code>
      <Text>EAST ASIA PACIFIC SCIEN, OTHER</Text>
    </ProgramReference>
  </Award>
</rootTag>
