<?xml version="1.0" encoding="UTF-8"?>

<rootTag>
  <Award>
    <AwardTitle>Linear Partial Differential Equations on Singular Spaces</AwardTitle>
    <AwardEffectiveDate>06/01/2007</AwardEffectiveDate>
    <AwardExpirationDate>05/31/2011</AwardExpirationDate>
    <AwardAmount>127000</AwardAmount>
    <AwardInstrument>
      <Value>Standard Grant</Value>
    </AwardInstrument>
    <Organization>
      <Code>03040000</Code>
      <Directorate>
        <LongName>Direct For Mathematical &amp; Physical Scien</LongName>
      </Directorate>
      <Division>
        <LongName>Division Of Mathematical Sciences</LongName>
      </Division>
    </Organization>
    <ProgramOfficer>
      <SignBlockName>Bruce P. Palka</SignBlockName>
    </ProgramOfficer>
    <AbstractNarration>Under this award the PI will study differential operators on manifolds with singular metric structures. One project is to study the wave equation on singular spaces. Melrose, Vasy, and the PI will investigate the diffraction of solutions of the wave equation by complex singular geometries, perhaps eventually a large class of stratified spaces. This builds on previous work with Melrose, which showed that a singularity of a solution of the wave equation interacts with a cone point to produce a "diffracted" spherical wavefront emanating from the cone point. The singularity of the diffracted front may be weaker than that of the incident front if the latter is not too precisely focused on the cone point. Another direction of research involves the Schroedinger equation on manifolds, where the infinite speed of propagation has some intriguing consequences. The PI will investigate aspects of the dispersive smoothing effect for Schroedinger evolution in trapping geometries, focusing initially on the propagation of regularity associated to Lagrangian submanifolds.&lt;br/&gt;&lt;br/&gt;A central question in the mathematical theory of quantum mechanics is: what is the relationship between the classical dynamics of a particle and its corresponding quantum states? Insights into this problem have come not only from the direct study of the quantum mechanical energy operator or "Hamiltonian" itself, but also from other fundamental equations involving it, such as the heat equation, the wave equation, and, naturally, the time-dependent Schroedinger equation. The focus of this research consequently includes the geometric analysis of several kinds of partial differential equations. One project investigates what happens to waves when they interact with (a certain generalization of) sharp corners---the geometry of how wavefronts move can be quite subtle in these cases owing to the effects of diffraction. Possible physical applications include "inverse problems" in which one attempts to deduce the structure of an object (e.g. the interior of the earth) from observation of waves that have passed through it. Another project is to study the behavior of solutions of the Schroedinger equation on curved spaces; such solutions describe the time-evolution of a quantum particle. Progress in this subject may also have consequences for the nonlinear Schroedinger equation, which arises in nonlinear optics and the theory of Bose-Einstein condensates, among other physical applications.</AbstractNarration>
    <MinAmdLetterDate>05/10/2007</MinAmdLetterDate>
    <MaxAmdLetterDate>05/10/2007</MaxAmdLetterDate>
    <ARRAAmount/>
    <AwardID>0700318</AwardID>
    <Investigator>
      <FirstName>Jared</FirstName>
      <LastName>Wunsch</LastName>
      <EmailAddress>jwunsch@math.northwestern.edu</EmailAddress>
      <StartDate>05/10/2007</StartDate>
      <EndDate/>
      <RoleCode>Principal Investigator</RoleCode>
    </Investigator>
    <Institution>
      <Name>Northwestern University</Name>
      <CityName>Evanston</CityName>
      <ZipCode>602013149</ZipCode>
      <PhoneNumber>8474913003</PhoneNumber>
      <StreetAddress>1801 Maple Ave.</StreetAddress>
      <CountryName>United States</CountryName>
      <StateName>Illinois</StateName>
      <StateCode>IL</StateCode>
    </Institution>
    <FoaInformation>
      <Code>0000099</Code>
      <Name>Other Applications NEC</Name>
    </FoaInformation>
  </Award>
</rootTag>
