<?xml version="1.0" encoding="UTF-8"?>

<rootTag>
  <Award>
    <AwardTitle>Geometry of Banach spaces; connections with other areas</AwardTitle>
    <AwardEffectiveDate>06/01/2007</AwardEffectiveDate>
    <AwardExpirationDate>05/31/2011</AwardExpirationDate>
    <AwardAmount>158400</AwardAmount>
    <AwardInstrument>
      <Value>Continuing grant</Value>
    </AwardInstrument>
    <Organization>
      <Code>03040000</Code>
      <Directorate>
        <LongName>Direct For Mathematical &amp; Physical Scien</LongName>
      </Directorate>
      <Division>
        <LongName>Division Of Mathematical Sciences</LongName>
      </Division>
    </Organization>
    <ProgramOfficer>
      <SignBlockName>Kevin Clancey</SignBlockName>
    </ProgramOfficer>
    <AbstractNarration>This project concerns the geometry of infinite dimensional normed spaces. This is a highly connected area of mathematics with, among others, connections to physics via quantum mechanics, for example, signal processing, combinatorics and even fundamental logical systems. In three dimensional spaces we measure distance with a tape measure but how do you determine the distance between various signals which are long sequences of 0's and 1's? Here different notions enter depending upon the application and different geometries ensue. While we mathematically model problems continuously we can only discretely approximate things in the real world. Among other problems, this project will investigate discrete approximation in various systems including frame theory, a recent invention that has shown great promise in signal processing (such as how to separate different voices in a crowd). Different geometries will be studied through certain logical games. Combinatorial theory will be used to identify certain nice substructures within seemingly random structures.</AbstractNarration>
    <MinAmdLetterDate>03/20/2007</MinAmdLetterDate>
    <MaxAmdLetterDate>03/24/2009</MaxAmdLetterDate>
    <ARRAAmount/>
    <AwardID>0700126</AwardID>
    <Investigator>
      <FirstName>Edward</FirstName>
      <LastName>Odell</LastName>
      <EmailAddress>odell@math.utexas.edu</EmailAddress>
      <StartDate>03/20/2007</StartDate>
      <EndDate/>
      <RoleCode>Principal Investigator</RoleCode>
    </Investigator>
    <Institution>
      <Name>University of Texas at Austin</Name>
      <CityName>Austin</CityName>
      <ZipCode>787121532</ZipCode>
      <PhoneNumber>5124716424</PhoneNumber>
      <StreetAddress>101 E. 27th Street, Suite 5.300</StreetAddress>
      <CountryName>United States</CountryName>
      <StateName>Texas</StateName>
      <StateCode>TX</StateCode>
    </Institution>
    <FoaInformation>
      <Code>0000099</Code>
      <Name>Other Applications NEC</Name>
    </FoaInformation>
    <ProgramElement>
      <Code>1281</Code>
      <Text>ANALYSIS PROGRAM</Text>
    </ProgramElement>
    <ProgramReference>
      <Code>0000</Code>
      <Text>UNASSIGNED</Text>
    </ProgramReference>
    <ProgramReference>
      <Code>1281</Code>
      <Text>ANALYSIS PROGRAM</Text>
    </ProgramReference>
    <ProgramReference>
      <Code>OTHR</Code>
      <Text>OTHER RESEARCH OR EDUCATION</Text>
    </ProgramReference>
  </Award>
</rootTag>
