<?xml version="1.0" encoding="UTF-8"?>

<rootTag>
  <Award>
    <AwardTitle>Collaborative Proposal: Bridging and Coupling Particle to Continuum Length-Scale Mechanics for Simulating Deformation and Flow of Dense Dry Particulate Materials</AwardTitle>
    <AwardEffectiveDate>10/01/2007</AwardEffectiveDate>
    <AwardExpirationDate>09/30/2012</AwardExpirationDate>
    <AwardAmount>183487</AwardAmount>
    <AwardInstrument>
      <Value>Standard Grant</Value>
    </AwardInstrument>
    <Organization>
      <Code>07030000</Code>
      <Directorate>
        <LongName>Directorate For Engineering</LongName>
      </Directorate>
      <Division>
        <LongName>Div Of Civil, Mechanical, &amp; Manufact Inn</LongName>
      </Division>
    </Organization>
    <ProgramOfficer>
      <SignBlockName>George A. Hazelrigg</SignBlockName>
    </ProgramOfficer>
    <AbstractNarration>Particulate materials remain a class of materials not mastered with regard to modeling computationally their spectrum of mechanical behavior in a physically-based manner across several orders of magnitude in length-scale. Particulate materials may transition in an instant from deforming like a solid to flowing like a fluid or gas and vice versa. It is not feasible to simulate computationally the heterogeneous, localized deformation, and flow response in the engineering application of interest involving particulate materials using a pure particle-based materials modeling approach (such as DEM).&lt;br/&gt;&lt;br/&gt;Intellectual merit: The project seeks to overcome this limitation in scale-representation of particulate materials by the development of a computational multiscale modeling approach and its calibration/ validation against micro to macro-scale experiments. In doing so, the proposed effort will 1) provide physical insight into the deposition and compaction of metallic powders into complex die shapes and the potential mechanisms leading to non-uniform density after compaction; and 2) determine the redistributed state of sand particles in the vicinity of a rigid penetrating object.&lt;br/&gt;&lt;br/&gt;Broader impacts include (i) transfer of innovative computational multiscale modeling technology to the automotive industry through CAVS for improving the manufacture of near net-shape components of extremely complex geometries and various unforeseen alloy material systems; (ii) recruitment of underrepresented minorities in the engineering disciplines; and (iii) sharing of experimental and computational advances and physical insight gained with the technical and student communities.</AbstractNarration>
    <MinAmdLetterDate>04/23/2007</MinAmdLetterDate>
    <MaxAmdLetterDate>03/05/2008</MaxAmdLetterDate>
    <ARRAAmount/>
    <AwardID>0700648</AwardID>
    <Investigator>
      <FirstName>Richard</FirstName>
      <LastName>Regueiro</LastName>
      <EmailAddress>richard.regueiro@colorado.edu</EmailAddress>
      <StartDate>04/23/2007</StartDate>
      <EndDate/>
      <RoleCode>Principal Investigator</RoleCode>
    </Investigator>
    <Institution>
      <Name>University of Colorado at Boulder</Name>
      <CityName>Boulder</CityName>
      <ZipCode>803031058</ZipCode>
      <PhoneNumber>3034926221</PhoneNumber>
      <StreetAddress>3100 Marine Street, Room 481</StreetAddress>
      <CountryName>United States</CountryName>
      <StateName>Colorado</StateName>
      <StateCode>CO</StateCode>
    </Institution>
    <FoaInformation>
      <Code>0308000</Code>
      <Name>Industrial Technology</Name>
    </FoaInformation>
    <ProgramElement>
      <Code>1630</Code>
      <Text>Mechanics of Materials and Str</Text>
    </ProgramElement>
    <ProgramReference>
      <Code>022E</Code>
      <Text>SOLID MECHANICS</Text>
    </ProgramReference>
    <ProgramReference>
      <Code>023E</Code>
      <Text>STRUCTURE OF MATERIALS</Text>
    </ProgramReference>
    <ProgramReference>
      <Code>116E</Code>
      <Text>RESEARCH EXP FOR UNDERGRADS</Text>
    </ProgramReference>
    <ProgramReference>
      <Code>9146</Code>
      <Text>MANUFACTURING BASE RESEARCH</Text>
    </ProgramReference>
    <ProgramReference>
      <Code>9161</Code>
      <Text>SINGLE DIVISION/UNIVERSITY</Text>
    </ProgramReference>
    <ProgramReference>
      <Code>9251</Code>
      <Text>RES EXPER FOR UNDERGRAD-SUPPLT</Text>
    </ProgramReference>
    <ProgramReference>
      <Code>AMPP</Code>
      <Text>ADVANCED MATERIALS &amp; PROCESSING PROGRAM</Text>
    </ProgramReference>
    <ProgramReference>
      <Code>MANU</Code>
      <Text>MANUFACTURING</Text>
    </ProgramReference>
  </Award>
</rootTag>
