<?xml version="1.0" encoding="UTF-8"?>

<rootTag>
  <Award>
    <AwardTitle>Impact Ionization Based Multipliers for Optical Receivers</AwardTitle>
    <AwardEffectiveDate>04/15/2007</AwardEffectiveDate>
    <AwardExpirationDate>03/31/2011</AwardExpirationDate>
    <AwardAmount>306000</AwardAmount>
    <AwardInstrument>
      <Value>Standard Grant</Value>
    </AwardInstrument>
    <Organization>
      <Code>07010000</Code>
      <Directorate>
        <LongName>Directorate For Engineering</LongName>
      </Directorate>
      <Division>
        <LongName>Div Of Electrical, Commun &amp; Cyber Sys</LongName>
      </Division>
    </Organization>
    <ProgramOfficer>
      <SignBlockName>Dominique M. Dagenais</SignBlockName>
    </ProgramOfficer>
    <AbstractNarration>Intellectual Merits: This project involves the development of an optical receiver technology that can provide a dramatic leap in performance. The research approach used is based on a novel amplification device called the Solid-state Impact-ionization Multiplier. This device employs the same gain mechanism found in avalanche photodiodes but has physical advantages that allow for lower-noise amplification and thus improved receiver sensitivity. The basic mechanism of the Solid-state Impact-ionization Multiplier has been demonstrated by fabricating devices in silicon and measuring gain and frequency responses. Computer simulations have been used to design a next generation device capable of high speeds (2.5 Gbit/s). The premise of this proposed research program is that high-speed Solid-state Impact-ionization Multipliers can be fabricated and integrated with photodiodes and post amplifiers to produce extreme sensitivity optical communication receivers. &lt;br/&gt;&lt;br/&gt;Broader impacts: The research program outlined above has significant broader impact. In addition to advancing receiver and device science and technology, the work will incorporate a strong educational component that will take advantage of the cooperation between BYU and industry partners. Graduate students will participate in device simulation, fabrication, packaging, and testing. Undergraduate research will also be integrated into the project and will specifically be involved in the creation of demonstration models that will be used for an outreach program. This outreach will be centered on BYU's Summer of Academic Refinement (SOAR) program. SOAR allows hundreds of under-represented minority high school students to spend several summer weeks on the BYU campus preparing for college admissions and learning about different programs of study including those in science and engineering. Workshops with SOAR students will use newly created demos to introduce them to the principles behind optical communications, optoelectronics, and the specific research being pursued at BYU.</AbstractNarration>
    <MinAmdLetterDate>04/03/2007</MinAmdLetterDate>
    <MaxAmdLetterDate>09/23/2010</MaxAmdLetterDate>
    <ARRAAmount/>
    <AwardID>0700820</AwardID>
    <Investigator>
      <FirstName>Aaron</FirstName>
      <LastName>Hawkins</LastName>
      <EmailAddress>hawkins@ee.byu.edu</EmailAddress>
      <StartDate>04/03/2007</StartDate>
      <EndDate/>
      <RoleCode>Principal Investigator</RoleCode>
    </Investigator>
    <Institution>
      <Name>Brigham Young University</Name>
      <CityName>Provo</CityName>
      <ZipCode>846021231</ZipCode>
      <PhoneNumber>8014226177</PhoneNumber>
      <StreetAddress>A-285 ASB</StreetAddress>
      <CountryName>United States</CountryName>
      <StateName>Utah</StateName>
      <StateCode>UT</StateCode>
    </Institution>
    <FoaInformation>
      <Code>0206000</Code>
      <Name>Telecommunications</Name>
    </FoaInformation>
  </Award>
</rootTag>
