<?xml version="1.0" encoding="UTF-8"?>

<rootTag>
  <Award>
    <AwardTitle>Collaborative Research: Consortium for Embedded Systems</AwardTitle>
    <AwardEffectiveDate>03/15/2007</AwardEffectiveDate>
    <AwardExpirationDate>02/28/2009</AwardExpirationDate>
    <AwardAmount>10000</AwardAmount>
    <AwardInstrument>
      <Value>Standard Grant</Value>
    </AwardInstrument>
    <Organization>
      <Code>07070000</Code>
      <Directorate>
        <LongName>Directorate For Engineering</LongName>
      </Directorate>
      <Division>
        <LongName>Div Of Industrial Innovation &amp; Partnersh</LongName>
      </Division>
    </Organization>
    <ProgramOfficer>
      <SignBlockName>Rathindra DasGupta</SignBlockName>
    </ProgramOfficer>
    <AbstractNarration>This planning grant serves to establish the basis for a new Industry/University Cooperative Research Center Embedded Systems with Arizona State University serving as the lead institution and the University of California Irvine and Southern Illinois University at Carbondale as research sites. The proposed Center will focus on Robust, Energy Efficient and Networked Embedded Systems. Within the overarching theme, the research will be organized into six main thrust areas: Software design for embedded systems; Power, energy and thermal management; Embedded processor architecture and CAD; Networked embedded systems; Testing, fault tolerance and dependability; and Robust embedded IC design.</AbstractNarration>
    <MinAmdLetterDate>03/13/2007</MinAmdLetterDate>
    <MaxAmdLetterDate>03/13/2007</MaxAmdLetterDate>
    <ARRAAmount/>
    <AwardID>0700488</AwardID>
    <Investigator>
      <FirstName>Nikil</FirstName>
      <LastName>Dutt</LastName>
      <EmailAddress>dutt@uci.edu</EmailAddress>
      <StartDate>03/13/2007</StartDate>
      <EndDate/>
      <RoleCode>Principal Investigator</RoleCode>
    </Investigator>
    <Institution>
      <Name>University of California-Irvine</Name>
      <CityName>Irvine</CityName>
      <ZipCode>926173213</ZipCode>
      <PhoneNumber>9498247295</PhoneNumber>
      <StreetAddress>141 Innovation Drive, Ste 250</StreetAddress>
      <CountryName>United States</CountryName>
      <StateName>California</StateName>
      <StateCode>CA</StateCode>
    </Institution>
    <ProgramElement>
      <Code>5761</Code>
      <Text>INDUSTRY/UNIV COOP RES CENTERS</Text>
    </ProgramElement>
    <ProgramReference>
      <Code>0000</Code>
      <Text>UNASSIGNED</Text>
    </ProgramReference>
    <ProgramReference>
      <Code>1049</Code>
      <Text>INDUSTRY-UNIV COOPERATIVE RSCH PROJECTS</Text>
    </ProgramReference>
    <ProgramReference>
      <Code>112E</Code>
      <Text>CENTERS: ENGINEERED SYSTEMS</Text>
    </ProgramReference>
    <ProgramReference>
      <Code>OTHR</Code>
      <Text>OTHER RESEARCH OR EDUCATION</Text>
    </ProgramReference>
  </Award>
</rootTag>
