<?xml version="1.0" encoding="UTF-8"?>

<rootTag>
  <Award>
    <AwardTitle>Groups compactifications and related topics</AwardTitle>
    <AwardEffectiveDate>07/01/2007</AwardEffectiveDate>
    <AwardExpirationDate>06/30/2011</AwardExpirationDate>
    <AwardAmount>88876</AwardAmount>
    <AwardInstrument>
      <Value>Standard Grant</Value>
    </AwardInstrument>
    <Organization>
      <Code>03040000</Code>
      <Directorate>
        <LongName>Direct For Mathematical &amp; Physical Scien</LongName>
      </Directorate>
      <Division>
        <LongName>Division Of Mathematical Sciences</LongName>
      </Division>
    </Organization>
    <ProgramOfficer>
      <SignBlockName>Tie Luo</SignBlockName>
    </ProgramOfficer>
    <AbstractNarration>The PI plans to study several questions in representation theory and algebraic geometry which are related to the ``wonderful compactification'' of adjoint groups and (more generally) the complete symmetric varieties. More specifically, the PI will continue his work on Lusztig's G-stable-piece decomposition and the connection to representation theory. On the geometric side, the Frobenius splitting properties and normality of the closures of G-stable pieces will be studied by the PI together with collaborators. On the side of representation theory, the PI will focus on understanding the behavior at infinity of the character sheaves.&lt;br/&gt;&lt;br/&gt;The PI's research is in the area of representation theory. Representation theory is an area of modern algebra concerned with understanding symmetries by means of matrices and has many applications in chemistry and physics. The PI's work will focus on using methods of algebraic geometry to obtain new results in representation theory. The PI's research will hopefully reveal the close relations between representation theory and algebraic geometry and is likely to have an impact on both areas.</AbstractNarration>
    <MinAmdLetterDate>05/08/2007</MinAmdLetterDate>
    <MaxAmdLetterDate>03/27/2009</MaxAmdLetterDate>
    <ARRAAmount/>
    <AwardID>0700589</AwardID>
    <Investigator>
      <FirstName>Xuhua</FirstName>
      <LastName>He</LastName>
      <EmailAddress>xuhuahe@math.umd.edu</EmailAddress>
      <StartDate>05/08/2007</StartDate>
      <EndDate>03/27/2009</EndDate>
      <RoleCode>Former Principal Investigator</RoleCode>
    </Investigator>
    <Investigator>
      <FirstName>Alexander</FirstName>
      <LastName>Kirillov</LastName>
      <EmailAddress>kirillov@math.sunysb.edu</EmailAddress>
      <StartDate>03/27/2009</StartDate>
      <EndDate/>
      <RoleCode>Principal Investigator</RoleCode>
    </Investigator>
    <Institution>
      <Name>SUNY at Stony Brook</Name>
      <CityName>Stony Brook</CityName>
      <ZipCode>117940001</ZipCode>
      <PhoneNumber>6316329949</PhoneNumber>
      <StreetAddress>WEST 5510 FRK MEL LIB</StreetAddress>
      <CountryName>United States</CountryName>
      <StateName>New York</StateName>
      <StateCode>NY</StateCode>
    </Institution>
    <FoaInformation>
      <Code>0000099</Code>
      <Name>Other Applications NEC</Name>
    </FoaInformation>
    <ProgramElement>
      <Code>1264</Code>
      <Text>ALGEBRA,NUMBER THEORY,AND COM</Text>
    </ProgramElement>
    <ProgramReference>
      <Code>0000</Code>
      <Text>UNASSIGNED</Text>
    </ProgramReference>
    <ProgramReference>
      <Code>OTHR</Code>
      <Text>OTHER RESEARCH OR EDUCATION</Text>
    </ProgramReference>
  </Award>
</rootTag>
