<?xml version="1.0" encoding="UTF-8"?>

<rootTag>
  <Award>
    <AwardTitle>Singular Integrals on Non-Smooth Domains in Real and Complex Analysis</AwardTitle>
    <AwardEffectiveDate>07/01/2007</AwardEffectiveDate>
    <AwardExpirationDate>06/30/2012</AwardExpirationDate>
    <AwardAmount>131543</AwardAmount>
    <AwardInstrument>
      <Value>Standard Grant</Value>
    </AwardInstrument>
    <Organization>
      <Code>03040000</Code>
      <Directorate>
        <LongName>Direct For Mathematical &amp; Physical Scien</LongName>
      </Directorate>
      <Division>
        <LongName>Division Of Mathematical Sciences</LongName>
      </Division>
    </Organization>
    <ProgramOfficer>
      <SignBlockName>Bruce P. Palka</SignBlockName>
    </ProgramOfficer>
    <AbstractNarration>Loredana Lanzani will study a number of problems in the areas of complex analyis and partial differential equations, with emphasis on the ambient domain's lack of boundary regularity. The probems to be studied include: integral representations of holomorphic functions on non-smooth domains; boundary regularity of Cauchy-type integrals; representations of Hardy spaces of boundary values of holomorphic functions. &lt;br/&gt;&lt;br/&gt;In order to study these classical problems of complex analysis in the non-classical context brought by the lack of smoothness, Loredana Lanzani and her collaborators will develop new techniques that hinge upon an interplay of real harmonic analysis and complex variables methods.</AbstractNarration>
    <MinAmdLetterDate>05/24/2007</MinAmdLetterDate>
    <MaxAmdLetterDate>05/27/2011</MaxAmdLetterDate>
    <ARRAAmount/>
    <AwardID>0700815</AwardID>
    <Investigator>
      <FirstName>William</FirstName>
      <LastName>Feldman</LastName>
      <EmailAddress>wfeldman@uark.edu</EmailAddress>
      <StartDate>05/27/2011</StartDate>
      <EndDate/>
      <RoleCode>Principal Investigator</RoleCode>
    </Investigator>
    <Investigator>
      <FirstName>Loredana</FirstName>
      <LastName>Lanzani</LastName>
      <EmailAddress>llanzani@syr.edu</EmailAddress>
      <StartDate>05/24/2007</StartDate>
      <EndDate>05/27/2011</EndDate>
      <RoleCode>Former Principal Investigator</RoleCode>
    </Investigator>
    <Institution>
      <Name>University of Arkansas</Name>
      <CityName>FAYETTEVILLE</CityName>
      <ZipCode>727011201</ZipCode>
      <PhoneNumber>4795753845</PhoneNumber>
      <StreetAddress>210 Administration Building</StreetAddress>
      <CountryName>United States</CountryName>
      <StateName>Arkansas</StateName>
      <StateCode>AR</StateCode>
    </Institution>
    <FoaInformation>
      <Code>0000099</Code>
      <Name>Other Applications NEC</Name>
    </FoaInformation>
    <ProgramElement>
      <Code>1281</Code>
      <Text>ANALYSIS PROGRAM</Text>
    </ProgramElement>
    <ProgramReference>
      <Code>0000</Code>
      <Text>UNASSIGNED</Text>
    </ProgramReference>
    <ProgramReference>
      <Code>9150</Code>
      <Text>EXP PROG TO STIM COMP RES</Text>
    </ProgramReference>
    <ProgramReference>
      <Code>OTHR</Code>
      <Text>OTHER RESEARCH OR EDUCATION</Text>
    </ProgramReference>
  </Award>
</rootTag>
