<?xml version="1.0" encoding="UTF-8"?>

<rootTag>
  <Award>
    <AwardTitle>Optimal Control Problems with Linear Bellman Equations</AwardTitle>
    <AwardEffectiveDate>08/01/2007</AwardEffectiveDate>
    <AwardExpirationDate>03/31/2010</AwardExpirationDate>
    <AwardAmount>235446</AwardAmount>
    <AwardInstrument>
      <Value>Standard Grant</Value>
    </AwardInstrument>
    <Organization>
      <Code>07030000</Code>
      <Directorate>
        <LongName>Directorate For Engineering</LongName>
      </Directorate>
      <Division>
        <LongName>Div Of Civil, Mechanical, &amp; Manufact Inn</LongName>
      </Division>
    </Organization>
    <ProgramOfficer>
      <SignBlockName>Suhada Jayasuriya</SignBlockName>
    </ProgramOfficer>
    <AbstractNarration>The objective of the proposal is to achieve a core competency in the field of computational mechanics at The University of Iowa through the development of an innovative method, referred to as the dimensional decomposition method, for solving a general random eigenvalue problem in modeling and simulation of stochastic dynamic systems. The proposed effort will be based on: (1) new decomposition method for lower-dimensional approximations of general complex-valued eigensolutions of random eigenvalue problems; (2) new multipoint decomposition and monomial preconditioner for probabilistic characteristics of eigensolutions; and (3) new design sensitivity formulation for analytic gradients of probabilistic measures of random eigensolutions. The proposed research is ambitious and novel, differing in fundamental ways from most prior research in this area. The methods to be developed will address highly nonlinear input-output transformations, an unlimited number of random variables or fields, and arbitrarily large uncertainty of random input. Due to innovative formulation of the analytically derived stochastic design sensitivities, subsequent optimization of dynamic systems can be conducted employing any standard gradient-based algorithm. The decomposition method will aid in solving large-scale, multidisciplinary, stochastic eigenvalue problems in engineering and science.&lt;br/&gt;&lt;br/&gt;The proposed research will be of significant benefit to numerous commercial and industrial applications, such as civil, automotive, and aerospace infrastructure. Potential engineering applications include analysis and design of civil structures; noise-vibration-harshness of ground vehicle systems; fatigue durability of aerospace structures; and reliability of microelectronics and micro-electro-mechanical systems. Beyond engineering, potential applications include nuclear physics, number theory, computational biology, and computational finance, among others. Therefore, the research proposed here will positively impact a number of areas of national significance. The transfer and dissemination of knowledge created by this project will take place through continued collaboration with industries, organization of symposia in ASME conferences, journal publications, presentations and publications at major conferences and institutions, and student education. Partnerships with two government and industrial laboratories will enable implementation of the basic methods developed in this project to resolve several large-scale industrial problems. The educational goals comprise recruitment of a Ph. D. student from underrepresented minority or women groups, implementation of software tools from this project in upgrading courses in The University of Iowa's principal engineering programs, and authoring a research monograph.</AbstractNarration>
    <MinAmdLetterDate>07/24/2007</MinAmdLetterDate>
    <MaxAmdLetterDate>07/24/2007</MaxAmdLetterDate>
    <ARRAAmount/>
    <AwardID>0700880</AwardID>
    <Investigator>
      <FirstName>Emanuel</FirstName>
      <LastName>Todorov</LastName>
      <EmailAddress>todorov@cs.washington.edu</EmailAddress>
      <StartDate>07/24/2007</StartDate>
      <EndDate/>
      <RoleCode>Principal Investigator</RoleCode>
    </Investigator>
    <Institution>
      <Name>University of California-San Diego</Name>
      <CityName>La Jolla</CityName>
      <ZipCode>920930934</ZipCode>
      <PhoneNumber>8585344896</PhoneNumber>
      <StreetAddress>Office of Contract &amp; Grant Admin</StreetAddress>
      <CountryName>United States</CountryName>
      <StateName>California</StateName>
      <StateCode>CA</StateCode>
    </Institution>
    <FoaInformation>
      <Code>0308000</Code>
      <Name>Industrial Technology</Name>
    </FoaInformation>
    <ProgramElement>
      <Code>1632</Code>
      <Text>CONTROL SYSTEMS</Text>
    </ProgramElement>
    <ProgramElement>
      <Code>7446</Code>
      <Text>MATH PRIORITY SOLICITATION</Text>
    </ProgramElement>
    <ProgramElement>
      <Code>7454</Code>
      <Text>MSPA-INTERDISCIPLINARY</Text>
    </ProgramElement>
    <ProgramReference>
      <Code>030E</Code>
      <Text>CONTROL SYSTEMS</Text>
    </ProgramReference>
    <ProgramReference>
      <Code>1057</Code>
      <Text>CIS BASE RESEARCH</Text>
    </ProgramReference>
    <ProgramReference>
      <Code>7303</Code>
      <Text>MATH SCI PRIORITY AREA: INTERDISCIPLINAR</Text>
    </ProgramReference>
    <ProgramReference>
      <Code>CVIS</Code>
      <Text>CIVIL INFRASTRUCTURE</Text>
    </ProgramReference>
  </Award>
</rootTag>
