<?xml version="1.0" encoding="UTF-8"?>

<rootTag>
  <Award>
    <AwardTitle>Asymptotic invariants of groups</AwardTitle>
    <AwardEffectiveDate>06/01/2007</AwardEffectiveDate>
    <AwardExpirationDate>05/31/2013</AwardExpirationDate>
    <AwardAmount>705400</AwardAmount>
    <AwardInstrument>
      <Value>Continuing grant</Value>
    </AwardInstrument>
    <Organization>
      <Code>03040000</Code>
      <Directorate>
        <LongName>Direct For Mathematical &amp; Physical Scien</LongName>
      </Directorate>
      <Division>
        <LongName>Division Of Mathematical Sciences</LongName>
      </Division>
    </Organization>
    <ProgramOfficer>
      <SignBlockName>tara smith</SignBlockName>
    </ProgramOfficer>
    <AbstractNarration>The investigators study asymptotic invariants of groups. The topics include:&lt;br/&gt;constructing finitely presented groups with "transcendental" properties (infinite&lt;br/&gt;torsion and with Kazhdan property (T) ), residual properties and linearity of&lt;br/&gt;hyperbolic groups, groups with irregular or small Dehn functions and other filling&lt;br/&gt;functions of groups, asymptotic cones of finitely presented groups, and asymptotic&lt;br/&gt;invariants of embeddings into Hilbert spaces (Hilbert space compressions of groups).&lt;br/&gt;These topics are intimately related. For example, Higman embeddings and S-machines &lt;br/&gt;are used to construct finitely presented torsion groups, in the study of Dehn functions,&lt;br/&gt;and in the study of residual properties of hyperbolic groups. The investigators propose&lt;br/&gt;to organize several group theory conferences and attract students to their area of&lt;br/&gt;mathematics. They are also going to give several courses on the topic of the proposal.&lt;br/&gt;&lt;br/&gt;It is a well known point of view after Klein, Hilbert, Einstein and Weil that fundamental&lt;br/&gt;laws describe symmetries occuring in the nature. The symmetry of an object can be &lt;br/&gt;measured by the group corresponding to the object. Groups can be difined either as &lt;br/&gt;groups of symmetries or abstractly by an algorithmic description (generators and&lt;br/&gt;relations). In the second approach, the investigators choose some basic symmetries&lt;br/&gt;(generators) so that all other symmetries are compositions (words) of the basic ones,&lt;br/&gt;and describe certain relations between the basic symmetries such that all other&lt;br/&gt;relations follow from the chosen ones. The geometry of groups given by such&lt;br/&gt;presentations is described in terms of certain asymptotic invariants. The invariants&lt;br/&gt;have been known since the pioneering works of M.Dehn at the beginning of the 20th&lt;br/&gt;century, but the investigators discovered deep relationship between these invariants&lt;br/&gt;and algorithmic problems. The investigators are developing their geometric method&lt;br/&gt;solving old mathematical problems of algorithmic nature and corresponding algebraic&lt;br/&gt;problems about groups.</AbstractNarration>
    <MinAmdLetterDate>05/10/2007</MinAmdLetterDate>
    <MaxAmdLetterDate>05/09/2011</MaxAmdLetterDate>
    <ARRAAmount/>
    <AwardID>0700811</AwardID>
    <Investigator>
      <FirstName>Mark</FirstName>
      <LastName>Sapir</LastName>
      <EmailAddress>m.sapir@vanderbilt.edu</EmailAddress>
      <StartDate>05/10/2007</StartDate>
      <EndDate/>
      <RoleCode>Co-Principal Investigator</RoleCode>
    </Investigator>
    <Investigator>
      <FirstName>Alexander</FirstName>
      <LastName>Olshanskiy</LastName>
      <EmailAddress>alexander.olshanskiy@vanderbilt.edu</EmailAddress>
      <StartDate>05/10/2007</StartDate>
      <EndDate/>
      <RoleCode>Principal Investigator</RoleCode>
    </Investigator>
    <Institution>
      <Name>Vanderbilt University</Name>
      <CityName>Nashville</CityName>
      <ZipCode>372350002</ZipCode>
      <PhoneNumber>6153222631</PhoneNumber>
      <StreetAddress>Sponsored Programs Administratio</StreetAddress>
      <CountryName>United States</CountryName>
      <StateName>Tennessee</StateName>
      <StateCode>TN</StateCode>
    </Institution>
    <FoaInformation>
      <Code>0000099</Code>
      <Name>Other Applications NEC</Name>
    </FoaInformation>
    <ProgramElement>
      <Code>1264</Code>
      <Text>ALGEBRA,NUMBER THEORY,AND COM</Text>
    </ProgramElement>
    <ProgramReference>
      <Code>0000</Code>
      <Text>UNASSIGNED</Text>
    </ProgramReference>
    <ProgramReference>
      <Code>9150</Code>
      <Text>EXP PROG TO STIM COMP RES</Text>
    </ProgramReference>
    <ProgramReference>
      <Code>9251</Code>
      <Text>RES EXPER FOR UNDERGRAD-SUPPLT</Text>
    </ProgramReference>
    <ProgramReference>
      <Code>OTHR</Code>
      <Text>OTHER RESEARCH OR EDUCATION</Text>
    </ProgramReference>
  </Award>
</rootTag>
