<?xml version="1.0" encoding="UTF-8"?>

<rootTag>
  <Award>
    <AwardTitle>Collaborative Research: Model Accuracy and Learning in Revenue Management and Dynamic Pricing</AwardTitle>
    <AwardEffectiveDate>06/15/2007</AwardEffectiveDate>
    <AwardExpirationDate>05/31/2010</AwardExpirationDate>
    <AwardAmount>171074</AwardAmount>
    <AwardInstrument>
      <Value>Standard Grant</Value>
    </AwardInstrument>
    <Organization>
      <Code>07030000</Code>
      <Directorate>
        <LongName>Directorate For Engineering</LongName>
      </Directorate>
      <Division>
        <LongName>Div Of Civil, Mechanical, &amp; Manufact Inn</LongName>
      </Division>
    </Organization>
    <ProgramOfficer>
      <SignBlockName>Cerry M. Klein</SignBlockName>
    </ProgramOfficer>
    <AbstractNarration>This research will address issues related to the accuracy of models used by decision makers (buyers and sellers) in the context of revenue management and dynamic pricing. The research will develop mathematical frameworks within which the long run dynamic behavior of such pricing processes will be studied. Emphasis will be given to developing an understanding of positive and negative consequences of the application of structurally inaccurate models by decision makers, who attempt to learn about model parameters using data and who make a sequence of pricing or buying decisions over time. The impact of the accuracy of the decision makers' models on some natural performance measures such as long run accrued revenues will be analyzed. These studies will involve the development of a theory characterizing long run performance as well as experimentation via computer simulations.&lt;br/&gt;&lt;br/&gt;If successful, the proposed work will help revenue management professionals understand the consequences of using inaccurate models. This is an issue of practical interest, since models of human behavior used in revenue management applications are often inaccurate. Specific settings that may benefit from this research include those with: (1) competing sellers of substitutable products who attempt to learn the relationship between prices and demand, such as sellers of mobile phone services; (2) multiple buyers who individually attempt to learn the probability that a particular product will be available for purchase, such as buyers of discount airline tickets who want to decide whether to purchase a ticket early or wait until later; or (3) a single seller of substitutable products who attempts to learn how buyers choose among the products, such as a manufacturer who wants to know how buyers will choose among various lead times as a function of lead times' prices. Results of this research may alert practitioners of the importance of considering interactions between learning and decision-making, and the effect of a model's structure on this interaction. This, in turn, may lead to the development of models that are robust to departures from their assumptions, and ultimately to more effective methods of pricing in these industries.</AbstractNarration>
    <MinAmdLetterDate>06/11/2007</MinAmdLetterDate>
    <MaxAmdLetterDate>06/11/2007</MaxAmdLetterDate>
    <ARRAAmount/>
    <AwardID>0700104</AwardID>
    <Investigator>
      <FirstName>Tito</FirstName>
      <LastName>Homem-de-Mello</LastName>
      <EmailAddress>thmello@uic.edu</EmailAddress>
      <StartDate>06/11/2007</StartDate>
      <EndDate/>
      <RoleCode>Principal Investigator</RoleCode>
    </Investigator>
    <Institution>
      <Name>Northwestern University</Name>
      <CityName>Evanston</CityName>
      <ZipCode>602013149</ZipCode>
      <PhoneNumber>8474913003</PhoneNumber>
      <StreetAddress>1801 Maple Ave.</StreetAddress>
      <CountryName>United States</CountryName>
      <StateName>Illinois</StateName>
      <StateCode>IL</StateCode>
    </Institution>
    <FoaInformation>
      <Code>0308000</Code>
      <Name>Industrial Technology</Name>
    </FoaInformation>
    <ProgramElement>
      <Code>1787</Code>
      <Text>SERVICE ENTERPRISE SYSTEMS</Text>
    </ProgramElement>
    <ProgramReference>
      <Code>076E</Code>
      <Text>SERVICE ENTERPRISE SYSTEMS</Text>
    </ProgramReference>
    <ProgramReference>
      <Code>9147</Code>
      <Text>GENERIC TECHNOL FOR MANUFACTURING CELLS</Text>
    </ProgramReference>
    <ProgramReference>
      <Code>MANU</Code>
      <Text>MANUFACTURING</Text>
    </ProgramReference>
  </Award>
</rootTag>
