<?xml version="1.0" encoding="UTF-8"?>

<rootTag>
  <Award>
    <AwardTitle>High Work Function Back Contacts for CdTe Solar Cells</AwardTitle>
    <AwardEffectiveDate>04/15/2007</AwardEffectiveDate>
    <AwardExpirationDate>03/31/2011</AwardExpirationDate>
    <AwardAmount>317989</AwardAmount>
    <AwardInstrument>
      <Value>Standard Grant</Value>
    </AwardInstrument>
    <Organization>
      <Code>07010000</Code>
      <Directorate>
        <LongName>Directorate For Engineering</LongName>
      </Directorate>
      <Division>
        <LongName>Div Of Electrical, Commun &amp; Cyber Sys</LongName>
      </Division>
    </Organization>
    <ProgramOfficer>
      <SignBlockName>Dominique M. Dagenais</SignBlockName>
    </ProgramOfficer>
    <AbstractNarration>Intellectual Merit: CdTe based thin film cells have one of the most promising outlooks for wide-spread use due to their low cost and relatively high conversion efficiencies (~16%, to date). At this point, there is a consensus in the field, that further significant efficiency increases need an improvement of the back contact to the light converting CdTe layer. This contact is currently fabricated using Cu, which are affected by degradation over time due to migration of Cu into the CdTe layer of the solar cell, as well as limited conversion efficiency due to non-optimal current transport across the CdTe/Cu boundary. The proposed research will address these issues by investigating a promising class of materials, namely layered compound metals such as VSe2 or TiSe2. These materials distinguish themselves through high chemical inertness (which will reduce or eliminate interfacial reaction and migration) and high work functions, which will optimize the conversion efficiency.&lt;br/&gt;Broader Impact: Global warming and dependence on foreign energy sources have caused a renewed interest in alternative energy sources. Direct generation of electric power from photovoltaic cells is one of the most promising options to generate clean energy in a decentralized way. However, commercial viability of solar cells is one of the main challenges on the way to successful competition with fossil energy sources. While CdTe thin film solar cells are currently considered one of the most likely candidates for widespread deployment, increased efficiency is needed to push the CdTe technology into the realm of commercial viability, which is the focus of the proposed research. On the educational side, undergraduates and high school students will be involved in the program working together with the graduate students, giving them an opportunity to experience scientific research hands-on.</AbstractNarration>
    <MinAmdLetterDate>04/06/2007</MinAmdLetterDate>
    <MaxAmdLetterDate>05/28/2009</MaxAmdLetterDate>
    <ARRAAmount/>
    <AwardID>0701861</AwardID>
    <Investigator>
      <FirstName>Rudiger</FirstName>
      <LastName>Schlaf</LastName>
      <EmailAddress>schlaf@eng.usf.edu</EmailAddress>
      <StartDate>04/06/2007</StartDate>
      <EndDate/>
      <RoleCode>Principal Investigator</RoleCode>
    </Investigator>
    <Investigator>
      <FirstName>Christos</FirstName>
      <LastName>Ferekides</LastName>
      <EmailAddress>ferekide@eng.usf.edu</EmailAddress>
      <StartDate>04/06/2007</StartDate>
      <EndDate/>
      <RoleCode>Co-Principal Investigator</RoleCode>
    </Investigator>
    <Institution>
      <Name>University of South Florida</Name>
      <CityName>Tampa</CityName>
      <ZipCode>336129446</ZipCode>
      <PhoneNumber>8139742897</PhoneNumber>
      <StreetAddress>3702 Spectrum Blvd.</StreetAddress>
      <CountryName>United States</CountryName>
      <StateName>Florida</StateName>
      <StateCode>FL</StateCode>
    </Institution>
    <FoaInformation>
      <Code>0206000</Code>
      <Name>Telecommunications</Name>
    </FoaInformation>
    <ProgramElement>
      <Code>1517</Code>
      <Text>ELECT, PHOTONICS, &amp; MAG DEVICE</Text>
    </ProgramElement>
    <ProgramReference>
      <Code>0000</Code>
      <Text>UNASSIGNED</Text>
    </ProgramReference>
    <ProgramReference>
      <Code>103E</Code>
      <Text>Energy efficient electronics</Text>
    </ProgramReference>
    <ProgramReference>
      <Code>9251</Code>
      <Text>RES EXPER FOR UNDERGRAD-SUPPLT</Text>
    </ProgramReference>
    <ProgramReference>
      <Code>OTHR</Code>
      <Text>OTHER RESEARCH OR EDUCATION</Text>
    </ProgramReference>
  </Award>
</rootTag>
