<?xml version="1.0" encoding="UTF-8"?>

<rootTag>
  <Award>
    <AwardTitle>Inuit and Scientific Descriptions of the Narwhal, Connecting Parallel Perceptions: Interdisciplinary Studies of the Narwhal with a Focus on Tusk Function</AwardTitle>
    <AwardEffectiveDate>11/01/2006</AwardEffectiveDate>
    <AwardExpirationDate>10/31/2007</AwardExpirationDate>
    <AwardAmount>11717</AwardAmount>
    <AwardInstrument>
      <Value>Standard Grant</Value>
    </AwardInstrument>
    <Organization>
      <Code>06090100</Code>
      <Directorate>
        <LongName>Directorate For Geosciences</LongName>
      </Directorate>
      <Division>
        <LongName>Division Of Polar Programs</LongName>
      </Division>
    </Organization>
    <ProgramOfficer>
      <SignBlockName>Anna Kerttula de Echave</SignBlockName>
    </ProgramOfficer>
    <AbstractNarration>This project supports a session on "Inuit Traditional Knowledge of the Narwhal" at the 15th International Inuit Studies Conference. The PI, Martin Nweeia is accompanied by two of his Inuit colleagues who will discuss the integration of traditional and scientific knowledge through their collaborative research on the structure and function of the Narwhal tusk. Participation in this conference increases the collaboration between researchers and Arctic communities, something supported by the federal interagency "Principles for the Conduct of Research in the Arctic," as well as the participation of the Inuit in science.</AbstractNarration>
    <MinAmdLetterDate>11/02/2006</MinAmdLetterDate>
    <MaxAmdLetterDate>11/02/2006</MaxAmdLetterDate>
    <ARRAAmount/>
    <AwardID>0701534</AwardID>
    <Investigator>
      <FirstName>Martin</FirstName>
      <LastName>Nweeia</LastName>
      <EmailAddress>martin_nweeia@hsdm.harvard.edu</EmailAddress>
      <StartDate>11/02/2006</StartDate>
      <EndDate/>
      <RoleCode>Principal Investigator</RoleCode>
    </Investigator>
    <Institution>
      <Name>Harvard University</Name>
      <CityName>Cambridge</CityName>
      <ZipCode>021385366</ZipCode>
      <PhoneNumber>6174955501</PhoneNumber>
      <StreetAddress>1033 MASSACHUSETTS AVE</StreetAddress>
      <CountryName>United States</CountryName>
      <StateName>Massachusetts</StateName>
      <StateCode>MA</StateCode>
    </Institution>
    <FoaInformation>
      <Code>0311000</Code>
      <Name>Polar Programs-Related</Name>
    </FoaInformation>
  </Award>
</rootTag>
