<?xml version="1.0" encoding="UTF-8"?>

<rootTag>
  <Award>
    <AwardTitle>Collaborative Research: Theory and Algorithms for High Quality Real-Time Rendering and Lighting / Material Design in Computer Graphics</AwardTitle>
    <AwardEffectiveDate>09/01/2007</AwardEffectiveDate>
    <AwardExpirationDate>08/31/2009</AwardExpirationDate>
    <AwardAmount>160000</AwardAmount>
    <AwardInstrument>
      <Value>Standard Grant</Value>
    </AwardInstrument>
    <Organization>
      <Code>05010000</Code>
      <Directorate>
        <LongName>Direct For Computer &amp; Info Scie &amp; Enginr</LongName>
      </Directorate>
      <Division>
        <LongName>Division of Computing and Communication Foundations</LongName>
      </Division>
    </Organization>
    <ProgramOfficer>
      <SignBlockName>Nina Amla</SignBlockName>
    </ProgramOfficer>
    <AbstractNarration>Computer graphics is commonly used for interactive visualization and rendering in video games, electronic commerce or scientific visualization. These applications often demand real-time results, including multiple bounces of light (global illumination), material changes and spatially-varying local lighting. Computer graphics is also increasingly used to prototype or design illumination and material properties, for industries as diverse as animation, entertainment, automobile design, and architecture. A lighting designer on a movie set wants to pre-visualize the scene lit by the final illumination and with objects having their final material properties -- be they paint, velvet or glass. An architect wants to visualize the reflectance properties of building materials in their natural setting. In many applications, much greater realism and faithfulness can be obtained if the lighting or material designer could interactively specify these properties. In this research, we are developing the theoretical foundations and next generation practical algorithms for high quality real-time rendering and lighting/material design.&lt;br/&gt;&lt;br/&gt;Our research involves both significant theoretical and practical components. We are developing a new theoretical framework for analyzing the dimensionality of local object regions and locally-low dimensional approximation. We also analyze the theory and practical algorithms for designing materials, while rendering the final scene with full global illumination. Because appearance is not linear in the BRDF, our formulation involves a multi-linear tensor representation to handle multiple bounces. For interactive rendering of scenes with local lighting, and for general lighting design, we are developing an approach that relights a scene given a full incident light field. Finally, one of the banes of precomputation-based approaches is the long time for precomputation, especially once global illumination effects are taken into account. We are developing the theory and algorithms for a new photon-mapping approach that substantially accelerates the process.</AbstractNarration>
    <MinAmdLetterDate>08/21/2007</MinAmdLetterDate>
    <MaxAmdLetterDate>05/13/2008</MaxAmdLetterDate>
    <ARRAAmount/>
    <AwardID>0701992</AwardID>
    <Investigator>
      <FirstName>Henrik</FirstName>
      <LastName>Jensen</LastName>
      <EmailAddress>henrik@cs.ucsd.edu</EmailAddress>
      <StartDate>08/21/2007</StartDate>
      <EndDate/>
      <RoleCode>Principal Investigator</RoleCode>
    </Investigator>
    <Institution>
      <Name>University of California-San Diego</Name>
      <CityName>La Jolla</CityName>
      <ZipCode>920930934</ZipCode>
      <PhoneNumber>8585344896</PhoneNumber>
      <StreetAddress>Office of Contract &amp; Grant Admin</StreetAddress>
      <CountryName>United States</CountryName>
      <StateName>California</StateName>
      <StateCode>CA</StateCode>
    </Institution>
    <FoaInformation>
      <Code>0000912</Code>
      <Name>Computer Science</Name>
    </FoaInformation>
    <ProgramElement>
      <Code>7352</Code>
      <Text>COMPUTING PROCESSES &amp; ARTIFACT</Text>
    </ProgramElement>
    <ProgramReference>
      <Code>9218</Code>
      <Text>BASIC RESEARCH &amp; HUMAN RESORCS</Text>
    </ProgramReference>
    <ProgramReference>
      <Code>HPCC</Code>
      <Text>HIGH PERFORMANCE COMPUTING &amp; COMM</Text>
    </ProgramReference>
  </Award>
</rootTag>
