<?xml version="1.0" encoding="UTF-8"?>

<rootTag>
  <Award>
    <AwardTitle>A Few Topics in Classical Analysis</AwardTitle>
    <AwardEffectiveDate>10/01/2006</AwardEffectiveDate>
    <AwardExpirationDate>06/30/2008</AwardExpirationDate>
    <AwardAmount>25233</AwardAmount>
    <AwardInstrument>
      <Value>Standard Grant</Value>
    </AwardInstrument>
    <Organization>
      <Code>03040100</Code>
      <Directorate>
        <LongName>Direct For Mathematical &amp; Physical Scien</LongName>
      </Directorate>
      <Division>
        <LongName>Division Of Mathematical Sciences</LongName>
      </Division>
    </Organization>
    <ProgramOfficer>
      <SignBlockName>Joe W. Jenkins</SignBlockName>
    </ProgramOfficer>
    <AbstractNarration>Proposal Number: DMS-0139008&lt;br/&gt;PI: Dmitry Khavinson&lt;br/&gt;&lt;br/&gt;ABSTRACT&lt;br/&gt;&lt;br/&gt;&lt;br/&gt;The work described in the proposal concerns several topics&lt;br/&gt;in Classical Analysis: approximation theory, several complex&lt;br/&gt;variables, miscellaneous problems on complex polynomials and&lt;br/&gt;classical operator theory. The most central questions for the&lt;br/&gt;project are: uniqueness of best approximation by harmonic&lt;br/&gt;functions in the supremum norm in dimensions three and higher&lt;br/&gt;(the two-dimensional case has been recently settled by the PI&lt;br/&gt;and H.S.Shapiro), sharp estimates relating to multidimensional&lt;br/&gt;analogs of H. Bohr's phenomenon for power series, counting&lt;br/&gt;zeros of complex-valued harmonic polynomials, Agler-Cole-Wermer&lt;br/&gt;interpretation of Ando's theorem in C^2 and, finally,&lt;br/&gt;understanding the spectral picture of the celebrated double&lt;br/&gt;layer potential operator -a topic going back to the pioneering&lt;br/&gt;work of I. Fredholm.&lt;br/&gt;&lt;br/&gt;Most of the questions in the project are rather simply stated&lt;br/&gt;and, accordingly, will attract a fair number of graduate&lt;br/&gt;students and young researchers. The problems are also open-ended&lt;br/&gt;and suggest several new paths of investigation in these&lt;br/&gt;classical areas away from the well traveled tracks. The&lt;br/&gt;investigations undertaken in the project have well-defined&lt;br/&gt;applications to Mathematical Physics (Potential Theory),&lt;br/&gt;Applied Mathematics (polynomials, special functions) and&lt;br/&gt;Numerical Analysis (explicit solutions of some of the most&lt;br/&gt;important boundary value problems). The project entails&lt;br/&gt;active involvement of undergraduate and graduate students at&lt;br/&gt;all stages of the project and, via local network of workshops&lt;br/&gt;and seminars for teachers, to disseminate some of the more&lt;br/&gt;elementary off-beats of the proposed work among high school&lt;br/&gt;students interested in science.</AbstractNarration>
    <MinAmdLetterDate>11/01/2006</MinAmdLetterDate>
    <MaxAmdLetterDate>11/01/2006</MaxAmdLetterDate>
    <ARRAAmount/>
    <AwardID>0701873</AwardID>
    <Investigator>
      <FirstName>Dmitry</FirstName>
      <LastName>Khavinson</LastName>
      <EmailAddress>dkhavins@usf.edu</EmailAddress>
      <StartDate>11/01/2006</StartDate>
      <EndDate/>
      <RoleCode>Principal Investigator</RoleCode>
    </Investigator>
    <Institution>
      <Name>University of South Florida</Name>
      <CityName>Tampa</CityName>
      <ZipCode>336129446</ZipCode>
      <PhoneNumber>8139742897</PhoneNumber>
      <StreetAddress>3702 Spectrum Blvd.</StreetAddress>
      <CountryName>United States</CountryName>
      <StateName>Florida</StateName>
      <StateCode>FL</StateCode>
    </Institution>
    <ProgramElement>
      <Code>1281</Code>
      <Text>ANALYSIS PROGRAM</Text>
    </ProgramElement>
    <ProgramReference>
      <Code>0000</Code>
      <Text>UNASSIGNED</Text>
    </ProgramReference>
    <ProgramReference>
      <Code>9150</Code>
      <Text>EXP PROG TO STIM COMP RES</Text>
    </ProgramReference>
    <ProgramReference>
      <Code>OTHR</Code>
      <Text>OTHER RESEARCH OR EDUCATION</Text>
    </ProgramReference>
  </Award>
</rootTag>
