<?xml version="1.0" encoding="UTF-8"?>

<rootTag>
  <Award>
    <AwardTitle>The Role of Experimentation in STEM Education Research Projects</AwardTitle>
    <AwardEffectiveDate>12/01/2006</AwardEffectiveDate>
    <AwardExpirationDate>11/30/2009</AwardExpirationDate>
    <AwardAmount>199985</AwardAmount>
    <AwardInstrument>
      <Value>Standard Grant</Value>
    </AwardInstrument>
    <Organization>
      <Code>11090000</Code>
      <Directorate>
        <LongName>Direct For Education and Human Resources</LongName>
      </Directorate>
      <Division>
        <LongName>Division Of Research On Learning</LongName>
      </Division>
    </Organization>
    <ProgramOfficer>
      <SignBlockName>Elizabeth VanderPutten</SignBlockName>
    </ProgramOfficer>
    <AbstractNarration>The proposed project will consider the best possible role of randomized field trials in&lt;br/&gt;research projects in STEM education research projects. Two workshops and one&lt;br/&gt;Summative Convocation will direct the attention of scholars to addressing the benefits of&lt;br/&gt;randomization for large- and small-scale STEM education research, impediments to&lt;br/&gt;carrying out research designs that use randomization, and important ways in which&lt;br/&gt;randomization could be adapted to real-world logistical constraints of schools as well as&lt;br/&gt;local needs. The project's intellectual merits arise from the intended value of the&lt;br/&gt;workshops and Convocation for clarifying research designs that best yield actionable&lt;br/&gt;knowledge in STEM education. Broader impacts are foreseeable through clarifying&lt;br/&gt;research processes that are most compatible with the interests of school-age learners.&lt;br/&gt;Through the two workshops and a Summative Convocation, the distinctions, issues, and&lt;br/&gt;debates about randomization in STEM education can be clarified and disseminated to&lt;br/&gt;researchers and to the professional staff of funding agencies.</AbstractNarration>
    <MinAmdLetterDate>11/22/2006</MinAmdLetterDate>
    <MaxAmdLetterDate>10/17/2008</MaxAmdLetterDate>
    <ARRAAmount/>
    <AwardID>0701867</AwardID>
    <Investigator>
      <FirstName>Michael</FirstName>
      <LastName>Martinez</LastName>
      <EmailAddress>memartin@uci.edu</EmailAddress>
      <StartDate>11/22/2006</StartDate>
      <EndDate/>
      <RoleCode>Principal Investigator</RoleCode>
    </Investigator>
    <Institution>
      <Name>University of California-Irvine</Name>
      <CityName>Irvine</CityName>
      <ZipCode>926173213</ZipCode>
      <PhoneNumber>9498247295</PhoneNumber>
      <StreetAddress>141 Innovation Drive, Ste 250</StreetAddress>
      <CountryName>United States</CountryName>
      <StateName>California</StateName>
      <StateCode>CA</StateCode>
    </Institution>
    <ProgramElement>
      <Code>1793</Code>
      <Text>MSP-OTHER AWARDS</Text>
    </ProgramElement>
    <ProgramReference>
      <Code>9178</Code>
      <Text>UNDERGRADUATE EDUCATION</Text>
    </ProgramReference>
    <ProgramReference>
      <Code>9237</Code>
      <Text>SMALL GRANTS-EXPLORATORY RSRCH</Text>
    </ProgramReference>
    <ProgramReference>
      <Code>SMET</Code>
      <Text>SCIENCE, MATH, ENG &amp; TECH EDUCATION</Text>
    </ProgramReference>
  </Award>
</rootTag>
