<?xml version="1.0" encoding="UTF-8"?>

<rootTag>
  <Award>
    <AwardTitle>Research in Hamiltonian Systems</AwardTitle>
    <AwardEffectiveDate>06/01/2007</AwardEffectiveDate>
    <AwardExpirationDate>05/31/2010</AwardExpirationDate>
    <AwardAmount>173932</AwardAmount>
    <AwardInstrument>
      <Value>Continuing grant</Value>
    </AwardInstrument>
    <Organization>
      <Code>03040000</Code>
      <Directorate>
        <LongName>Direct For Mathematical &amp; Physical Scien</LongName>
      </Directorate>
      <Division>
        <LongName>Division Of Mathematical Sciences</LongName>
      </Division>
    </Organization>
    <ProgramOfficer>
      <SignBlockName>Bruce P. Palka</SignBlockName>
    </ProgramOfficer>
    <AbstractNarration>Professor Xia proposes to continue his investigation of dynamics of Hamiltonian systems, Newtonian N-body problems and partially hyperbolic dynamical systems. Conservative mechanical systems, such as our planetary system, are examples of Hamiltonian systems. Hamiltonian systems typically exhibit some of the most complicated and chaotic behavior. These chaotic behaviors not only are important in applications, but also have interesting mathematical structures. The proposed research focuses on these chaotic structures, including distribution of periodic trajectories, homoclinic phenomenon and instabilities or Arnold diffusion in higher dimensional system.&lt;br/&gt;Professor Xia will also continue his study on partially hyperbolic systems by establishing connections between the geometric, topological and analytic properties of the invariant foliations.&lt;br/&gt;&lt;br/&gt;The proposed research addresses problems with a long history and wide applications to classical mechanics, celestial mechanics, as well as areas of engineering. Professor Xia's research in Hamiltonian systems and celestial mechanics has been featured in many popular science magazines, books and even some elementary undergraduate textbooks. As he has learned, Professor Xia's work on escaping and capture trajectories in the three-body problem may have potential applications in NASA orbit design. Professor Xia will continue to be actively involved in student training at both graduate and undergraduate level. In the last three years, Professor Xia has graduated five Ph.D students.</AbstractNarration>
    <MinAmdLetterDate>05/10/2007</MinAmdLetterDate>
    <MaxAmdLetterDate>05/01/2009</MaxAmdLetterDate>
    <ARRAAmount/>
    <AwardID>0701004</AwardID>
    <Investigator>
      <FirstName>Zhihong</FirstName>
      <LastName>Xia</LastName>
      <EmailAddress>xia@math.northwestern.edu</EmailAddress>
      <StartDate>05/10/2007</StartDate>
      <EndDate/>
      <RoleCode>Principal Investigator</RoleCode>
    </Investigator>
    <Institution>
      <Name>Northwestern University</Name>
      <CityName>Evanston</CityName>
      <ZipCode>602013149</ZipCode>
      <PhoneNumber>8474913003</PhoneNumber>
      <StreetAddress>1801 Maple Ave.</StreetAddress>
      <CountryName>United States</CountryName>
      <StateName>Illinois</StateName>
      <StateCode>IL</StateCode>
    </Institution>
    <FoaInformation>
      <Code>0000099</Code>
      <Name>Other Applications NEC</Name>
    </FoaInformation>
  </Award>
</rootTag>
