<?xml version="1.0" encoding="UTF-8"?>

<rootTag>
  <Award>
    <AwardTitle>Gravitational wave physics and data analysis</AwardTitle>
    <AwardEffectiveDate>06/01/2007</AwardEffectiveDate>
    <AwardExpirationDate>11/30/2010</AwardExpirationDate>
    <AwardAmount>1380000</AwardAmount>
    <AwardInstrument>
      <Value>Continuing grant</Value>
    </AwardInstrument>
    <Organization>
      <Code>03010000</Code>
      <Directorate>
        <LongName>Direct For Mathematical &amp; Physical Scien</LongName>
      </Directorate>
      <Division>
        <LongName>Division Of Physics</LongName>
      </Division>
    </Organization>
    <ProgramOfficer>
      <SignBlockName>Beverly K. Berger</SignBlockName>
    </ProgramOfficer>
    <AbstractNarration>This award supports the research activities of the University of Wisconsin-Milwaukee LIGO Scientific Collaboration (UWMLSC) group. The central theme of the work is the extraction of astrophysical information from gravitational-wave observations. Among the strongest features of this research effort is the synergy: bringing expertise in gravitational physics, astrophysics, and grid-computing to bear on the details of gravitational-wave data analysis.&lt;br/&gt;LIGO is an ambitious project to detect gravitational waves from astrophysical sources. These waves were predicted by Einstein almost a century ago but have not yet been directly observed. This work will make a significant contribution to the overall success of the LIGO project, and may ultimately lead to the first detection of gravitational waves. This award also supports research into the nature of highly energetic astrophysical sources of gravitational radiation which will provide valuable insight into the nature of Einstein's theory of gravity.</AbstractNarration>
    <MinAmdLetterDate>05/15/2007</MinAmdLetterDate>
    <MaxAmdLetterDate>05/20/2009</MaxAmdLetterDate>
    <ARRAAmount/>
    <AwardID>0701817</AwardID>
    <Investigator>
      <FirstName>Alan</FirstName>
      <LastName>Wiseman</LastName>
      <EmailAddress>agw@gravity.phys.uwm.edu</EmailAddress>
      <StartDate>05/15/2007</StartDate>
      <EndDate/>
      <RoleCode>Principal Investigator</RoleCode>
    </Investigator>
    <Investigator>
      <FirstName>Maria</FirstName>
      <LastName>Papa</LastName>
      <EmailAddress>papa@gravity.phys.uwm.edu</EmailAddress>
      <StartDate>05/15/2007</StartDate>
      <EndDate/>
      <RoleCode>Co-Principal Investigator</RoleCode>
    </Investigator>
    <Investigator>
      <FirstName>Bruce</FirstName>
      <LastName>Allen</LastName>
      <EmailAddress>ballen@gravity.phys.uwm.edu</EmailAddress>
      <StartDate>05/15/2007</StartDate>
      <EndDate/>
      <RoleCode>Co-Principal Investigator</RoleCode>
    </Investigator>
    <Investigator>
      <FirstName>Jolien</FirstName>
      <LastName>Creighton</LastName>
      <EmailAddress>jolien@gravity.phys.uwm.edu</EmailAddress>
      <StartDate>05/15/2007</StartDate>
      <EndDate/>
      <RoleCode>Co-Principal Investigator</RoleCode>
    </Investigator>
    <Investigator>
      <FirstName>Patrick</FirstName>
      <LastName>Brady</LastName>
      <EmailAddress>patrick@gravity.phys.uwm.edu</EmailAddress>
      <StartDate>05/15/2007</StartDate>
      <EndDate/>
      <RoleCode>Co-Principal Investigator</RoleCode>
    </Investigator>
    <Institution>
      <Name>University of Wisconsin-Milwaukee</Name>
      <CityName>Milwaukee</CityName>
      <ZipCode>532010340</ZipCode>
      <PhoneNumber>4142294853</PhoneNumber>
      <StreetAddress>P O BOX 340</StreetAddress>
      <CountryName>United States</CountryName>
      <StateName>Wisconsin</StateName>
      <StateCode>WI</StateCode>
    </Institution>
    <FoaInformation>
      <Code>0000099</Code>
      <Name>Other Applications NEC</Name>
    </FoaInformation>
    <ProgramElement>
      <Code>1252</Code>
      <Text>LIGO RESEARCH SUPPORT</Text>
    </ProgramElement>
    <ProgramReference>
      <Code>0000</Code>
      <Text>UNASSIGNED</Text>
    </ProgramReference>
    <ProgramReference>
      <Code>7483</Code>
      <Text>PHYSICS OF THE UNIVERSE</Text>
    </ProgramReference>
    <ProgramReference>
      <Code>OTHR</Code>
      <Text>OTHER RESEARCH OR EDUCATION</Text>
    </ProgramReference>
  </Award>
</rootTag>
