<?xml version="1.0" encoding="UTF-8"?>

<rootTag>
  <Award>
    <AwardTitle>Moduli spaces in enumerative and combinatorial geometry</AwardTitle>
    <AwardEffectiveDate>07/01/2007</AwardEffectiveDate>
    <AwardExpirationDate>12/31/2008</AwardExpirationDate>
    <AwardAmount>132881</AwardAmount>
    <AwardInstrument>
      <Value>Standard Grant</Value>
    </AwardInstrument>
    <Organization>
      <Code>03040200</Code>
      <Directorate>
        <LongName>Direct For Mathematical &amp; Physical Scien</LongName>
      </Directorate>
      <Division>
        <LongName>Division Of Mathematical Sciences</LongName>
      </Division>
    </Organization>
    <ProgramOfficer>
      <SignBlockName>Tie Luo</SignBlockName>
    </ProgramOfficer>
    <AbstractNarration>The investigator will study several enumerative and combinatorial problems&lt;br/&gt;in algebraic geometry. In particular, she will study Gromov-Witten theory&lt;br/&gt;of Deligne-Mumford stacks with applications to classical enumerative&lt;br/&gt;geometry, higher-dimensional analogues of the moduli space of curves, and&lt;br/&gt;(equivariant) cohomology and (equivariant) Schubert calculus of Hessenberg&lt;br/&gt;varieties and affine Grassmannians. These are distinct projects, but are&lt;br/&gt;similar in that each of the spaces involved has a rich combinatorial&lt;br/&gt;structure. &lt;br/&gt;&lt;br/&gt;&lt;br/&gt;It is a fundamental problem in algebraic geometry to understand objects&lt;br/&gt;satisfying certain geometric criteria, often naturally parametrized by an &lt;br/&gt;algebraic scheme or stack. Such moduli and parameter spaces are at the &lt;br/&gt;forefront of mathematical and scientific research. Enumerative and &lt;br/&gt;combinatorial problems which arise are of particular excitement as part of&lt;br/&gt;a collision of the fields of algebraic geometry, algebraic combinatorics, &lt;br/&gt;symplectic geometry, and representation theory, as well as topology and &lt;br/&gt;theoretical physics.</AbstractNarration>
    <MinAmdLetterDate>06/13/2007</MinAmdLetterDate>
    <MaxAmdLetterDate>06/13/2007</MaxAmdLetterDate>
    <ARRAAmount/>
    <AwardID>0701057</AwardID>
    <Investigator>
      <FirstName>Linda</FirstName>
      <LastName>Chen</LastName>
      <EmailAddress>lchen@swarthmore.edu</EmailAddress>
      <StartDate>06/13/2007</StartDate>
      <EndDate/>
      <RoleCode>Principal Investigator</RoleCode>
    </Investigator>
    <Institution>
      <Name>Ohio State University Research Foundation -DO NOT USE</Name>
      <CityName>Columbus</CityName>
      <ZipCode>432101016</ZipCode>
      <PhoneNumber>6142923732</PhoneNumber>
      <StreetAddress>1960 KENNY RD</StreetAddress>
      <CountryName>United States</CountryName>
      <StateName>Ohio</StateName>
      <StateCode>OH</StateCode>
    </Institution>
    <FoaInformation>
      <Code>0000099</Code>
      <Name>Other Applications NEC</Name>
    </FoaInformation>
    <ProgramElement>
      <Code>1264</Code>
      <Text>ALGEBRA,NUMBER THEORY,AND COM</Text>
    </ProgramElement>
    <ProgramReference>
      <Code>0000</Code>
      <Text>UNASSIGNED</Text>
    </ProgramReference>
    <ProgramReference>
      <Code>OTHR</Code>
      <Text>OTHER RESEARCH OR EDUCATION</Text>
    </ProgramReference>
  </Award>
</rootTag>
