<?xml version="1.0" encoding="UTF-8"?>

<rootTag>
  <Award>
    <AwardTitle>Adiabatic and Nonadiabatic Energy Transfer in Cold and Ultracold Collisions</AwardTitle>
    <AwardEffectiveDate>06/01/2007</AwardEffectiveDate>
    <AwardExpirationDate>05/31/2011</AwardExpirationDate>
    <AwardAmount>205000</AwardAmount>
    <AwardInstrument>
      <Value>Standard Grant</Value>
    </AwardInstrument>
    <Organization>
      <Code>03010000</Code>
      <Directorate>
        <LongName>Direct For Mathematical &amp; Physical Scien</LongName>
      </Directorate>
      <Division>
        <LongName>Division Of Physics</LongName>
      </Division>
    </Organization>
    <ProgramOfficer>
      <SignBlockName>Richard Houghton Pratt</SignBlockName>
    </ProgramOfficer>
    <AbstractNarration>The proposal tackles some very difficult yet contemporary problems in collision physics.&lt;br/&gt;Three-body recombination research will be extended to the heavier alkalis (Na, K,&lt;br/&gt;Rb and Cs). A detailed direct comparison of the scattering results when one includes or&lt;br/&gt;excludes nonadiabatic coupling terms and conical intersections will provide new insights&lt;br/&gt;for interpreting observed phenomena. Study of coherently controlled bimolecular&lt;br/&gt;reactions will be extended to include nonadiabatic effects and laser fields. Energy&lt;br/&gt;dependent cross sections will be calculated over a large energy range from ultracold&lt;br/&gt;energies to thermal energies. Threshold behavior and quantum resonances will be&lt;br/&gt;mapped out. The inclusion of electromagnetic interactions will provide cross sections as&lt;br/&gt;a function of laser intensity. The range of laser intensities will be from very weak&lt;br/&gt;intensities to intensities of more than 1012 watts/cm3. Photon-system interactions will&lt;br/&gt;provide a rich enviroment for studying chemical reactions especially at ultracold and&lt;br/&gt;cold temperatures. Time-dependent methods will be developed to watch the flow of&lt;br/&gt;energy among different adiabatic states and regions of configuration space.</AbstractNarration>
    <MinAmdLetterDate>05/31/2007</MinAmdLetterDate>
    <MaxAmdLetterDate>06/24/2010</MaxAmdLetterDate>
    <ARRAAmount/>
    <AwardID>0701445</AwardID>
    <Investigator>
      <FirstName>Gregory</FirstName>
      <LastName>Parker</LastName>
      <EmailAddress>parker@mail.nhn.ou.edu</EmailAddress>
      <StartDate>05/31/2007</StartDate>
      <EndDate/>
      <RoleCode>Principal Investigator</RoleCode>
    </Investigator>
    <Institution>
      <Name>University of Oklahoma Norman Campus</Name>
      <CityName>NORMAN</CityName>
      <ZipCode>730199705</ZipCode>
      <PhoneNumber>4053254757</PhoneNumber>
      <StreetAddress>201 Stephenson Parkway</StreetAddress>
      <CountryName>United States</CountryName>
      <StateName>Oklahoma</StateName>
      <StateCode>OK</StateCode>
    </Institution>
    <FoaInformation>
      <Code>0000099</Code>
      <Name>Other Applications NEC</Name>
    </FoaInformation>
  </Award>
</rootTag>
