<?xml version="1.0" encoding="UTF-8"?>

<rootTag>
  <Award>
    <AwardTitle>Kostka polynomials and affine Kac-Moody algebras</AwardTitle>
    <AwardEffectiveDate>09/01/2007</AwardEffectiveDate>
    <AwardExpirationDate>08/31/2010</AwardExpirationDate>
    <AwardAmount>71463</AwardAmount>
    <AwardInstrument>
      <Value>Standard Grant</Value>
    </AwardInstrument>
    <Organization>
      <Code>03040000</Code>
      <Directorate>
        <LongName>Direct For Mathematical &amp; Physical Scien</LongName>
      </Directorate>
      <Division>
        <LongName>Division Of Mathematical Sciences</LongName>
      </Division>
    </Organization>
    <ProgramOfficer>
      <SignBlockName>Tomek Bartoszynski</SignBlockName>
    </ProgramOfficer>
    <AbstractNarration>The PI proposes to study the representation theory and combinatorics&lt;br/&gt;underlying certain generalizations of Hall-Littlewood and Kostka-Foulkes &lt;br/&gt;polynomials for affine (and more generally symmetrizable) Kac-Moody &lt;br/&gt;algebras. Specifically, the PI wishes to study affine Kostka-Foulkes &lt;br/&gt;polynomials from the perspectives of Cherednik-Macdonald theory, &lt;br/&gt;q-hypergeometric series and positivity. The PI also hopes to &lt;br/&gt;use the polynomials corresponding to arbitrary Kac-Moody algebras to&lt;br/&gt;shed more light on representations of these poorly understood Lie &lt;br/&gt;algebras.&lt;br/&gt;&lt;br/&gt;Symmetric functions are multivariate polynomials which remain unchanged&lt;br/&gt;when the variables are permuted. They admit a rich theory involving an &lt;br/&gt;interplay of algebra, combinatorics and representation theory. &lt;br/&gt;Hall-Littlewood polynomials are symmetric functions that depend on an &lt;br/&gt;extra parameter and interpolate between two very important classes of &lt;br/&gt;symmetric functions. The theory of Hall-Littlewood polynomials traces its &lt;br/&gt;origins to works of Hall, Littlewood and later of Macdonald. These &lt;br/&gt;polynomials occur naturally in diverse areas of mathematics including&lt;br/&gt;algebra, geometry, representation theory, combinatorics and mathematical &lt;br/&gt;physics. They have many important properties and applications.&lt;br/&gt;The goal of the proposed research is to study the generalization of the &lt;br/&gt;classical Hall-Littlewood polynomials to the case of infinite dimensional &lt;br/&gt;(Kac-Moody) Lie algebras and to derive analogs of classical properties &lt;br/&gt;in this general setting. The PI hopes to clarify the relation between the &lt;br/&gt;generalizations of Hall-Littlewood polynomials on one hand and the &lt;br/&gt;generalizations of the classical objects it is related to (such as &lt;br/&gt;the ""double affine Hecke algebra"").</AbstractNarration>
    <MinAmdLetterDate>08/17/2007</MinAmdLetterDate>
    <MaxAmdLetterDate>08/04/2008</MaxAmdLetterDate>
    <ARRAAmount/>
    <AwardID>0701258</AwardID>
    <Investigator>
      <FirstName>Sankaran</FirstName>
      <LastName>Viswanath</LastName>
      <EmailAddress>svis@math.ucdavis.edu</EmailAddress>
      <StartDate>08/17/2007</StartDate>
      <EndDate>08/04/2008</EndDate>
      <RoleCode>Former Principal Investigator</RoleCode>
    </Investigator>
    <Investigator>
      <FirstName>Edward</FirstName>
      <LastName>Formanek</LastName>
      <EmailAddress>formanek@math.psu.edu</EmailAddress>
      <StartDate>08/04/2008</StartDate>
      <EndDate/>
      <RoleCode>Principal Investigator</RoleCode>
    </Investigator>
    <Institution>
      <Name>Pennsylvania State Univ University Park</Name>
      <CityName>UNIVERSITY PARK</CityName>
      <ZipCode>168027000</ZipCode>
      <PhoneNumber>8148651372</PhoneNumber>
      <StreetAddress>110 Technology Center Building</StreetAddress>
      <CountryName>United States</CountryName>
      <StateName>Pennsylvania</StateName>
      <StateCode>PA</StateCode>
    </Institution>
    <FoaInformation>
      <Code>0000099</Code>
      <Name>Other Applications NEC</Name>
    </FoaInformation>
  </Award>
</rootTag>
