<?xml version="1.0" encoding="UTF-8"?>

<rootTag>
  <Award>
    <AwardTitle>A Microstructure-Based Modeling Approach to Characterize Asphalt Materials</AwardTitle>
    <AwardEffectiveDate>09/01/2007</AwardEffectiveDate>
    <AwardExpirationDate>08/31/2012</AwardExpirationDate>
    <AwardAmount>185698</AwardAmount>
    <AwardInstrument>
      <Value>Continuing grant</Value>
    </AwardInstrument>
    <Organization>
      <Code>07030000</Code>
      <Directorate>
        <LongName>Directorate For Engineering</LongName>
      </Directorate>
      <Division>
        <LongName>Div Of Civil, Mechanical, &amp; Manufact Inn</LongName>
      </Division>
    </Organization>
    <ProgramOfficer>
      <SignBlockName>Y. Grace Hsuan</SignBlockName>
    </ProgramOfficer>
    <AbstractNarration>The short-term goals of this integrated research and education activities within the project period include: 1) development of a microstructure-based discrete element modeling approach to characterize asphalt materials; 2) implementation of the model to evaluate asphalt material response and performance to improve pavement structural design; 3) integration of the proposed research activities into the educational programs for high school students, K-12 educators, and undergraduate and graduate students, and; 4) dissemination of the research results through publications, conferences, and professional development for practicing professionals. The long-term goals are to: 1) establish a multi-user research and education center for asphalt material and virtual testing by integrating the proposed advanced modeling approach, and; 2) implement advanced technologies into pavement materials, locally through the Michigan Department of Transportation, and broadly through research collaborators and industry partners. This project will: 1) advance the understanding of asphalt pavement materials and pavement structures; 2) increase collaboration among researchers at many leading institutions and industries; 3) enhance scientific and technological understanding of micromechanical aspects of pavement infrastructure, and; 4) significantly reduce the cost of pavement infrastructure construction and maintenance. The development and application of the microstructure-based discrete element model in asphalt materials will enhance understanding by correlating material behavior to pavement performance.&lt;br/&gt; The research will translate directly into improved asphalt mixture design and pavement thickness design. This in turn should create substantial cost savings. A one-percent decrease in asphalt concrete life-cycle cost would amount to approximately $500 million in U.S. Federal government savings alone. Activities are planned to advance discovery and understanding of asphalt pavement infrastructure materials while promoting teaching, training, and learning through specific activities for K-12 students and teachers, undergraduate and graduate engineering and science majors, and practicing engineers.</AbstractNarration>
    <MinAmdLetterDate>08/20/2007</MinAmdLetterDate>
    <MaxAmdLetterDate>07/21/2011</MaxAmdLetterDate>
    <ARRAAmount/>
    <AwardID>0701264</AwardID>
    <Investigator>
      <FirstName>Zhanping</FirstName>
      <LastName>You</LastName>
      <EmailAddress>zyou@mtu.edu</EmailAddress>
      <StartDate>08/20/2007</StartDate>
      <EndDate/>
      <RoleCode>Principal Investigator</RoleCode>
    </Investigator>
    <Investigator>
      <FirstName>Qingli</FirstName>
      <LastName>Dai</LastName>
      <EmailAddress>mecdql@yahoo.com</EmailAddress>
      <StartDate>08/20/2007</StartDate>
      <EndDate/>
      <RoleCode>Co-Principal Investigator</RoleCode>
    </Investigator>
    <Investigator>
      <FirstName>Thomas</FirstName>
      <LastName>Van Dam</LastName>
      <EmailAddress>tvandam@mtu.edu</EmailAddress>
      <StartDate>08/20/2007</StartDate>
      <EndDate>07/21/2011</EndDate>
      <RoleCode>Former Co-Principal Investigator</RoleCode>
    </Investigator>
    <Institution>
      <Name>Michigan Technological University</Name>
      <CityName>Houghton</CityName>
      <ZipCode>499311295</ZipCode>
      <PhoneNumber>9064871885</PhoneNumber>
      <StreetAddress>1400 Townsend Drive</StreetAddress>
      <CountryName>United States</CountryName>
      <StateName>Michigan</StateName>
      <StateCode>MI</StateCode>
    </Institution>
    <FoaInformation>
      <Code>0308000</Code>
      <Name>Industrial Technology</Name>
    </FoaInformation>
    <ProgramElement>
      <Code>1635</Code>
      <Text>STRUCTURAL MATERIALS AND MECH</Text>
    </ProgramElement>
    <ProgramReference>
      <Code>025E</Code>
      <Text>INFRASTRUCTURE MATERIALS</Text>
    </ProgramReference>
    <ProgramReference>
      <Code>026E</Code>
      <Text>STRUCTURAL MECHANICS</Text>
    </ProgramReference>
    <ProgramReference>
      <Code>036E</Code>
      <Text>CIVIL INFRASTRUCTURE</Text>
    </ProgramReference>
    <ProgramReference>
      <Code>1037</Code>
      <Text>DETERIORATION SCIENCE</Text>
    </ProgramReference>
    <ProgramReference>
      <Code>116E</Code>
      <Text>RESEARCH EXP FOR UNDERGRADS</Text>
    </ProgramReference>
    <ProgramReference>
      <Code>9146</Code>
      <Text>MANUFACTURING BASE RESEARCH</Text>
    </ProgramReference>
    <ProgramReference>
      <Code>9178</Code>
      <Text>UNDERGRADUATE EDUCATION</Text>
    </ProgramReference>
    <ProgramReference>
      <Code>9231</Code>
      <Text>SUPPL FOR UNDERGRAD RES ASSIST</Text>
    </ProgramReference>
    <ProgramReference>
      <Code>9251</Code>
      <Text>RES EXPER FOR UNDERGRAD-SUPPLT</Text>
    </ProgramReference>
    <ProgramReference>
      <Code>CVIS</Code>
      <Text>CIVIL INFRASTRUCTURE</Text>
    </ProgramReference>
    <ProgramReference>
      <Code>MANU</Code>
      <Text>MANUFACTURING</Text>
    </ProgramReference>
    <ProgramReference>
      <Code>024E</Code>
      <Text>MATERIALS DESIGN</Text>
    </ProgramReference>
  </Award>
</rootTag>
