<?xml version="1.0" encoding="UTF-8"?>

<rootTag>
  <Award>
    <AwardTitle>Geometry, Dynamics and Operator Algebras</AwardTitle>
    <AwardEffectiveDate>07/01/2007</AwardEffectiveDate>
    <AwardExpirationDate>06/30/2012</AwardExpirationDate>
    <AwardAmount>150152</AwardAmount>
    <AwardInstrument>
      <Value>Standard Grant</Value>
    </AwardInstrument>
    <Organization>
      <Code>03040000</Code>
      <Directorate>
        <LongName>Direct For Mathematical &amp; Physical Scien</LongName>
      </Directorate>
      <Division>
        <LongName>Division Of Mathematical Sciences</LongName>
      </Division>
    </Organization>
    <ProgramOfficer>
      <SignBlockName>Bruce P. Palka</SignBlockName>
    </ProgramOfficer>
    <AbstractNarration>Abstract&lt;br/&gt;Li&lt;br/&gt;&lt;br/&gt;The proposal is for partial support of the Young Analysts Meeting of the Southeast that has met annually since 1995. The primary objective of the meeting is to bring together graduate students, young investigators, and more senior researchers. The program features plenary talks by eminent mathematicians, with parallel sessions of contributed papers by younger participants. The funding will be used primarily for the travel support of graduate students and young PhDs.</AbstractNarration>
    <MinAmdLetterDate>05/07/2007</MinAmdLetterDate>
    <MaxAmdLetterDate>09/14/2009</MaxAmdLetterDate>
    <ARRAAmount/>
    <AwardID>0701414</AwardID>
    <Investigator>
      <FirstName>HanFeng</FirstName>
      <LastName>Li</LastName>
      <EmailAddress>hfli@math.buffalo.edu</EmailAddress>
      <StartDate>05/07/2007</StartDate>
      <EndDate/>
      <RoleCode>Principal Investigator</RoleCode>
    </Investigator>
    <Institution>
      <Name>SUNY at Buffalo</Name>
      <CityName>Amherst</CityName>
      <ZipCode>142282567</ZipCode>
      <PhoneNumber>7166452634</PhoneNumber>
      <StreetAddress>520 Lee Entrance</StreetAddress>
      <CountryName>United States</CountryName>
      <StateName>New York</StateName>
      <StateCode>NY</StateCode>
    </Institution>
    <FoaInformation>
      <Code>0000099</Code>
      <Name>Other Applications NEC</Name>
    </FoaInformation>
    <ProgramElement>
      <Code>1281</Code>
      <Text>ANALYSIS PROGRAM</Text>
    </ProgramElement>
    <ProgramReference>
      <Code>0000</Code>
      <Text>UNASSIGNED</Text>
    </ProgramReference>
    <ProgramReference>
      <Code>OTHR</Code>
      <Text>OTHER RESEARCH OR EDUCATION</Text>
    </ProgramReference>
  </Award>
</rootTag>
