<?xml version="1.0" encoding="UTF-8"?>

<rootTag>
  <Award>
    <AwardTitle>Regularity for Partial Differential Equations</AwardTitle>
    <AwardEffectiveDate>06/01/2007</AwardEffectiveDate>
    <AwardExpirationDate>05/31/2012</AwardExpirationDate>
    <AwardAmount>163942</AwardAmount>
    <AwardInstrument>
      <Value>Standard Grant</Value>
    </AwardInstrument>
    <Organization>
      <Code>03040000</Code>
      <Directorate>
        <LongName>Direct For Mathematical &amp; Physical Scien</LongName>
      </Directorate>
      <Division>
        <LongName>Division Of Mathematical Sciences</LongName>
      </Division>
    </Organization>
    <ProgramOfficer>
      <SignBlockName>Bruce P. Palka</SignBlockName>
    </ProgramOfficer>
    <AbstractNarration>This project is to study a number of topics about the regularity, and level sets, of solutions of certain elliptic and parabolic partial differential equations. Also some questions about the domains for which the Calderon-Zygmund inequalities hold, parabolic equations are well-posed and the solvability of some degenerate elliptic equations.&lt;br/&gt;&lt;br/&gt;The degenerate elliptic and parabolic equations to be studied arise as models in geometry, finance and fluid dynamics. The level surfaces are the central subject in the study of phase transitions, geometric evolutions and the free boundary problems. Some special level surfaces appear as the boundary of crystals and the wave fronts of shock waves. The problems to be studied under this project will provide basic information about the solutions of the equations for these various applications.</AbstractNarration>
    <MinAmdLetterDate>06/13/2007</MinAmdLetterDate>
    <MaxAmdLetterDate>09/24/2009</MaxAmdLetterDate>
    <ARRAAmount/>
    <AwardID>0701392</AwardID>
    <Investigator>
      <FirstName>Lihe</FirstName>
      <LastName>Wang</LastName>
      <EmailAddress>lwang@math.uiowa.edu</EmailAddress>
      <StartDate>06/13/2007</StartDate>
      <EndDate/>
      <RoleCode>Principal Investigator</RoleCode>
    </Investigator>
    <Institution>
      <Name>University of Iowa</Name>
      <CityName>IOWA CITY</CityName>
      <ZipCode>522421320</ZipCode>
      <PhoneNumber>3193352123</PhoneNumber>
      <StreetAddress>2 GILMORE HALL</StreetAddress>
      <CountryName>United States</CountryName>
      <StateName>Iowa</StateName>
      <StateCode>IA</StateCode>
    </Institution>
    <FoaInformation>
      <Code>0000099</Code>
      <Name>Other Applications NEC</Name>
    </FoaInformation>
    <ProgramElement>
      <Code>1281</Code>
      <Text>ANALYSIS PROGRAM</Text>
    </ProgramElement>
    <ProgramReference>
      <Code>0000</Code>
      <Text>UNASSIGNED</Text>
    </ProgramReference>
    <ProgramReference>
      <Code>OTHR</Code>
      <Text>OTHER RESEARCH OR EDUCATION</Text>
    </ProgramReference>
  </Award>
</rootTag>
