<?xml version="1.0" encoding="UTF-8"?>

<rootTag>
  <Award>
    <AwardTitle>Topics in o-minimal structures</AwardTitle>
    <AwardEffectiveDate>06/01/2007</AwardEffectiveDate>
    <AwardExpirationDate>05/31/2011</AwardExpirationDate>
    <AwardAmount>271300</AwardAmount>
    <AwardInstrument>
      <Value>Standard Grant</Value>
    </AwardInstrument>
    <Organization>
      <Code>03040000</Code>
      <Directorate>
        <LongName>Direct For Mathematical &amp; Physical Scien</LongName>
      </Directorate>
      <Division>
        <LongName>Division Of Mathematical Sciences</LongName>
      </Division>
    </Organization>
    <ProgramOfficer>
      <SignBlockName>Tomek Bartoszynski</SignBlockName>
    </ProgramOfficer>
    <AbstractNarration>The proposal addresses problems in the model theory of o-minimal structures.&lt;br/&gt;The principal investigator plans to develop Borel-Moore homology for sets definable in o-minimal expansions of fields. One of the goals is to study characteristic cycles of definable sets. The principal investigator will also consider model theoretical aspects of non-archimedean amoebas of algebraic varieties.&lt;br/&gt;&lt;br/&gt;The proposal is in a branch of mathematical logic called model theory.&lt;br/&gt;Model theory studies mathematical structures by considering the first-order sentences true in those structures, and the family of alternate structures that also satisfy all of those first-order sentences. (Sentences in logic are built out of a small repertoire of elements and constructions.&lt;br/&gt;"First-order" refers to the number of quantifiers in a sentence, a measure of complexity.) In many cases these alternative structures illuminate some properties of the original mathematical objects.&lt;br/&gt;A good example is the non-standard analysis. A part of this proposal is an extension on ideas of non-standard analysis to analytic-geometric categories.</AbstractNarration>
    <MinAmdLetterDate>05/18/2007</MinAmdLetterDate>
    <MaxAmdLetterDate>05/18/2007</MaxAmdLetterDate>
    <ARRAAmount/>
    <AwardID>0701364</AwardID>
    <Investigator>
      <FirstName>Sergei</FirstName>
      <LastName>Starchenko</LastName>
      <EmailAddress>sstarche@nd.edu</EmailAddress>
      <StartDate>05/18/2007</StartDate>
      <EndDate/>
      <RoleCode>Principal Investigator</RoleCode>
    </Investigator>
    <Institution>
      <Name>University of Notre Dame</Name>
      <CityName>NOTRE DAME</CityName>
      <ZipCode>465565708</ZipCode>
      <PhoneNumber>5746317432</PhoneNumber>
      <StreetAddress>940 Grace Hall</StreetAddress>
      <CountryName>United States</CountryName>
      <StateName>Indiana</StateName>
      <StateCode>IN</StateCode>
    </Institution>
    <FoaInformation>
      <Code>0000099</Code>
      <Name>Other Applications NEC</Name>
    </FoaInformation>
  </Award>
</rootTag>
