<?xml version="1.0" encoding="UTF-8"?>

<rootTag>
  <Award>
    <AwardTitle>DNA Bubble Formation and Kinetics Studies by Single-Molecule FRET</AwardTitle>
    <AwardEffectiveDate>10/15/2006</AwardEffectiveDate>
    <AwardExpirationDate>07/31/2008</AwardExpirationDate>
    <AwardAmount>91028</AwardAmount>
    <AwardInstrument>
      <Value>Continuing grant</Value>
    </AwardInstrument>
    <Organization>
      <Code>03010000</Code>
      <Directorate>
        <LongName>Direct For Mathematical &amp; Physical Scien</LongName>
      </Directorate>
      <Division>
        <LongName>Division Of Physics</LongName>
      </Division>
    </Organization>
    <ProgramOfficer>
      <SignBlockName>Krastan B. Blagoev</SignBlockName>
    </ProgramOfficer>
    <AbstractNarration>The aim of this project is to experimentally characterize the kinetics of thermally induced (spontaneous) DNA bubble formation. The bubble kinetics (opening and closing times) will be directly measured in specific DNA sequences, and the effects on the bubble's stability of temperature, ionic strength, and protein binding to the single-stranded parts will be studied. The experiments will use Fluorescence Resonance Energy Transfer (FRET) at the single molecule level to detect bubble formation and bubble closure for a wide range of timescales that have not been explored so far, from sub-milliseconds to many seconds. The work is based on the recent development of an instrument for high-throughput single-molecule imaging, and a protocol for the internal labeling of DNA hairpin molecules with FRET pairs.&lt;br/&gt;&lt;br/&gt;The project will involve multiple educational components. The Principal Investigator's laboratory has prepared the ground for the participation of students at the graduate and undergraduate level in all stages of the research, from sample preparation, single molecule data acquisition, to data processing. Students will come from multiple programs, biophysics, molecular biology, and applied physics. The collaboration with theoretical groups will expose even more students to the research effort. &lt;br/&gt;&lt;br/&gt;Funding for this project is provided by the Division of Physics and the Office of Multidisciplinary Activities in the Mathematical and Physical Sciences Directorate and by the Division of Molecular and Cellular Biology in the Directorate for Biological Sciences.</AbstractNarration>
    <MinAmdLetterDate>11/08/2006</MinAmdLetterDate>
    <MaxAmdLetterDate>03/26/2007</MaxAmdLetterDate>
    <ARRAAmount/>
    <AwardID>0701207</AwardID>
    <Investigator>
      <FirstName>Amit</FirstName>
      <LastName>Meller</LastName>
      <EmailAddress>ameller@bu.edu</EmailAddress>
      <StartDate>11/08/2006</StartDate>
      <EndDate/>
      <RoleCode>Principal Investigator</RoleCode>
    </Investigator>
    <Institution>
      <Name>Trustees of Boston University</Name>
      <CityName>BOSTON</CityName>
      <ZipCode>022151300</ZipCode>
      <PhoneNumber>6173534365</PhoneNumber>
      <StreetAddress>881 COMMONWEALTH AVE</StreetAddress>
      <CountryName>United States</CountryName>
      <StateName>Massachusetts</StateName>
      <StateCode>MA</StateCode>
    </Institution>
    <ProgramElement>
      <Code>1164</Code>
      <Text>MOLECULAR BIOPHYSICS</Text>
    </ProgramElement>
    <ProgramReference>
      <Code>0000</Code>
      <Text>UNASSIGNED</Text>
    </ProgramReference>
    <ProgramReference>
      <Code>1253</Code>
      <Text>OFFICE OF MULTIDISCIPLINARY AC</Text>
    </ProgramReference>
    <ProgramReference>
      <Code>7246</Code>
      <Text>PHYSICS OF LIVING SYSTEMS</Text>
    </ProgramReference>
    <ProgramReference>
      <Code>9183</Code>
      <Text>GENERAL FOUNDATIONS OF BIOTECHNOLOGY</Text>
    </ProgramReference>
    <ProgramReference>
      <Code>OTHR</Code>
      <Text>OTHER RESEARCH OR EDUCATION</Text>
    </ProgramReference>
  </Award>
</rootTag>
