<?xml version="1.0" encoding="UTF-8"?>

<rootTag>
  <Award>
    <AwardTitle>Functional Genomics of Maize Gametophytes</AwardTitle>
    <AwardEffectiveDate>09/15/2007</AwardEffectiveDate>
    <AwardExpirationDate>02/28/2014</AwardExpirationDate>
    <AwardAmount>4765932</AwardAmount>
    <AwardInstrument>
      <Value>Continuing grant</Value>
    </AwardInstrument>
    <Organization>
      <Code>08090000</Code>
      <Directorate>
        <LongName>Direct For Biological Sciences</LongName>
      </Directorate>
      <Division>
        <LongName>Division Of Integrative Organismal Systems</LongName>
      </Division>
    </Organization>
    <ProgramOfficer>
      <SignBlockName>Diane Jofuku Okamuro</SignBlockName>
    </ProgramOfficer>
    <AbstractNarration>PI: Matthew Evans (Carnegie Institution of Washington)&lt;br/&gt;CoPIs: Donald Auger (South Dakota State University; subawardee), John Fowler and Scott Givan (Oregon State University; subawardees), Erik Vollbrecht (Iowa State University; subawardee)&lt;br/&gt;&lt;br/&gt;Collaborator: Kelly Beck, Gabriel Garcia (Stanford University; subawardees)&lt;br/&gt;&lt;br/&gt;An understanding of the genetic basis of gametophyte function will have important implications for agriculture, as gametophytes are central to plant reproduction. The female and male gametophytes make up the haploid phase of the angiosperm life cycle, which immediately succeeds meiosis and precedes formation of the seed (embryo and endosperm). Although gametophytes are small and undergo few cell divisions, they are crucial for reproduction, as they produce gametes, control the fertilization process, and influence development of the seed. However, because mutations that are deleterious to these haploid tissues are difficult to recover and maintain, relatively little is known about the genetic and cellular mechanisms underlying gametophyte function and development, especially in crop plants. This project seeks to overcome this limitation using genetic tools unique to the model crop Zea mays (maize) to accomplish a genomic-scale investigation of gametophytically-required genes. Trisomic stocks that transmit duplicate chromosomal regions through the gametophyte will be used to screen for Activator transposon-tagged gametophyte-lethal mutants. The phenotype of these mutants will be characterized in male and female gametophytes, and the corresponding DNA sequences of the mutated genes identified. Verification of the identity of a select group of candidate genes will be accomplished using multiple alleles and RNA expression analyses. Complementary aims in expression profiling of gametophytes and in bioinformatics - to identify orthologous genes in other plant models and integrate the data generated by the project - will allow an assessment of the genetic basis of gametophyte function. Finally, the ability to predict gametophytic functions across species boundaries will be tested using RNA interference to target select genes in the dicot model Arabidopsis thaliana. &lt;br/&gt;&lt;br/&gt;Broader Impacts:&lt;br/&gt;&lt;br/&gt;This project is relevant to many agricultural objectives seeking to influence plant reproduction - for example, controlling pollen fertility for hybrid seed production, limiting pollen-mediated transgene flow, and inducing apomixis. Because the tools and stocks created, and sequences generated, will be freely available to the scientific community, the project will enable other researchers to better investigate gametophytes through creation of a gametophyte-specific sequence-indexed mutant collection. All stocks created by the project will be deposited in the Maize Coop Stock Center (maizecoop.cropsci.uiuc.edu). All Ac transposon flanking sequences will be searchable by BLAST, both at PlantGDB (www.plantgdb.org), and at the project''s database: ZGamDB (maizegametophyte.org). Phenotypic and expression data will also be accessible at ZGamDb. For long-term storage and broad community access, phenotypic and genetic data will be incorporated into MaizeGDB (www.maizegdb.org), and expression data will be deposited at the Gene Expression Omnibus (www.ncbi.nlm.nih.gov/geo) and the Plant Expression Database (www.plexdb.org).&lt;br/&gt;&lt;br/&gt;&lt;br/&gt;The project will help train 10 undergraduates to serve as science mentors for K-12 students, through exposing them to plant science research. In partnership with Stanford University''s Haas Center for Public Service, these undergraduate mentors will be placed in communities with large populations from under-represented groups, and help develop science experiences for K-12 students. In addition, the project will train two postdoctoral researchers and a graduate student in genomic-scale approaches to plant biology, and will introduce undergraduates and high school students to genomic science.</AbstractNarration>
    <MinAmdLetterDate>09/05/2007</MinAmdLetterDate>
    <MaxAmdLetterDate>11/15/2016</MaxAmdLetterDate>
    <ARRAAmount/>
    <AwardID>0701731</AwardID>
    <Investigator>
      <FirstName>Matthew</FirstName>
      <LastName>Evans</LastName>
      <EmailAddress>mmsevans@stanford.edu</EmailAddress>
      <StartDate>09/05/2007</StartDate>
      <EndDate/>
      <RoleCode>Principal Investigator</RoleCode>
    </Investigator>
    <Investigator>
      <FirstName>Erik</FirstName>
      <LastName>Vollbrecht</LastName>
      <EmailAddress>vollbrec@iastate.edu</EmailAddress>
      <StartDate>09/05/2007</StartDate>
      <EndDate/>
      <RoleCode>Co-Principal Investigator</RoleCode>
    </Investigator>
    <Investigator>
      <FirstName>Scott</FirstName>
      <LastName>Givan</LastName>
      <EmailAddress>givans@missouri.edu</EmailAddress>
      <StartDate>09/05/2007</StartDate>
      <EndDate/>
      <RoleCode>Co-Principal Investigator</RoleCode>
    </Investigator>
    <Investigator>
      <FirstName>John</FirstName>
      <LastName>Fowler</LastName>
      <EmailAddress>fowlerj@science.oregonstate.edu</EmailAddress>
      <StartDate>09/05/2007</StartDate>
      <EndDate/>
      <RoleCode>Co-Principal Investigator</RoleCode>
    </Investigator>
    <Investigator>
      <FirstName>Donald</FirstName>
      <LastName>Auger</LastName>
      <EmailAddress>donald.auger@sdstate.edu</EmailAddress>
      <StartDate>09/05/2007</StartDate>
      <EndDate/>
      <RoleCode>Co-Principal Investigator</RoleCode>
    </Investigator>
    <Institution>
      <Name>Carnegie Institution of Washington</Name>
      <CityName>WASHINGTON</CityName>
      <ZipCode>200051910</ZipCode>
      <PhoneNumber>2023876400</PhoneNumber>
      <StreetAddress>1530 P ST NW</StreetAddress>
      <CountryName>United States</CountryName>
      <StateName>District of Columbia</StateName>
      <StateCode>DC</StateCode>
    </Institution>
    <ProgramElement>
      <Code>1329</Code>
      <Text>PLANT GENOME RESEARCH PROJECT</Text>
    </ProgramElement>
    <ProgramElement>
      <Code>7577</Code>
      <Text>PLANT GENOME RESEARCH RESOURCE</Text>
    </ProgramElement>
    <ProgramReference>
      <Code>9109</Code>
      <Text>AGRICULTURAL BIOTECHNOLOGY</Text>
    </ProgramReference>
    <ProgramReference>
      <Code>9150</Code>
      <Text>EXP PROG TO STIM COMP RES</Text>
    </ProgramReference>
    <ProgramReference>
      <Code>BIOT</Code>
      <Text>BIOTECHNOLOGY</Text>
    </ProgramReference>
    <ProgramReference>
      <Code>7744</Code>
      <Text>RAHSS</Text>
    </ProgramReference>
    <ProgramReference>
      <Code>9178</Code>
      <Text>UNDERGRADUATE EDUCATION</Text>
    </ProgramReference>
    <ProgramReference>
      <Code>9251</Code>
      <Text>RES EXPER FOR UNDERGRAD-SUPPLT</Text>
    </ProgramReference>
    <ProgramReference>
      <Code>SMET</Code>
      <Text>SCIENCE, MATH, ENG &amp; TECH EDUCATION</Text>
    </ProgramReference>
  </Award>
</rootTag>
