<?xml version="1.0" encoding="UTF-8"?>

<rootTag>
  <Award>
    <AwardTitle>RUI: Surface-Engineered Nanoparticles to Inhibit Protein Aggregation</AwardTitle>
    <AwardEffectiveDate>07/01/2007</AwardEffectiveDate>
    <AwardExpirationDate>06/30/2011</AwardExpirationDate>
    <AwardAmount>329115</AwardAmount>
    <AwardInstrument>
      <Value>Standard Grant</Value>
    </AwardInstrument>
    <Organization>
      <Code>03090005</Code>
      <Directorate>
        <LongName>Direct For Mathematical &amp; Physical Scien</LongName>
      </Directorate>
      <Division>
        <LongName>Division Of Chemistry</LongName>
      </Division>
    </Organization>
    <ProgramOfficer>
      <SignBlockName>Timothy E. Patten</SignBlockName>
    </ProgramOfficer>
    <AbstractNarration>This RUI award in the Inorganic, Bioinorganic and Organometallic Chemistry program supports a collaborative effort between Professor Rahina Mahtap at South Carolina State University (SCSU) and Professors Catherine Murphy and Melissa Moss at the University of South Carolina (USC) to integrate research and education in the area of nanobiotechnology. This research focuses on: 1) the synthesis, surface derivatization, and characterization of gold nanoparticles; 2) spectroscopic studies to investigate whether these nanomaterials can bind to protein aggregates; 3) experiments to test whether the surface-engineered nanomaterials will inhibit protein aggregation; and 4) determining whether nanoparticle inhibitors of protein aggregation can also reduce the toxicity of the protein aggregates in vivo. &lt;br/&gt;&lt;br/&gt;The project will provide cutting edge research opportunities to under-represented minorities and women at SCSU. Undergraduate researchers will be trained in the use of spectroscopic equipment, as well as advanced modern instruments (scanning and transmission electron microscopes, Raman spectrophotometer, phase analysis light scattering, circular dichroism spectrophotometry) at SCSU and USC. SCSU is an HBCU with a 93% African American student population. The collaborative project includes nurturing of a chemistry culture at SCSU that will include poster and oral presentations at local and national chemistry society meetings and improvement of the SCSU research infrastructure. Existing ties between SCSU and USC will be strengthened, and expand the use of advanced equipment at USC by SCSU researchers. The creation of cutting edge research opportunities, coupled with extensive mentoring, will provide a research environment conductive to attracting underrepresented minorities and women and guide them towards careers in science and higher education.</AbstractNarration>
    <MinAmdLetterDate>06/19/2007</MinAmdLetterDate>
    <MaxAmdLetterDate>06/19/2007</MaxAmdLetterDate>
    <ARRAAmount/>
    <AwardID>0701406</AwardID>
    <Investigator>
      <FirstName>Catherine</FirstName>
      <LastName>Murphy</LastName>
      <EmailAddress>murphycj@illinois.edu</EmailAddress>
      <StartDate>06/19/2007</StartDate>
      <EndDate/>
      <RoleCode>Co-Principal Investigator</RoleCode>
    </Investigator>
    <Investigator>
      <FirstName>Melissa</FirstName>
      <LastName>Moss</LastName>
      <EmailAddress>mossme@cec.sc.edu</EmailAddress>
      <StartDate>06/19/2007</StartDate>
      <EndDate/>
      <RoleCode>Co-Principal Investigator</RoleCode>
    </Investigator>
    <Investigator>
      <FirstName>Rahina</FirstName>
      <LastName>Mahtab</LastName>
      <EmailAddress>rmahtab@scsu.edu</EmailAddress>
      <StartDate>06/19/2007</StartDate>
      <EndDate/>
      <RoleCode>Principal Investigator</RoleCode>
    </Investigator>
    <Institution>
      <Name>South Carolina State University</Name>
      <CityName>Orangeburg</CityName>
      <ZipCode>291170001</ZipCode>
      <PhoneNumber>8035367000</PhoneNumber>
      <StreetAddress>300 College Street NE</StreetAddress>
      <CountryName>United States</CountryName>
      <StateName>South Carolina</StateName>
      <StateCode>SC</StateCode>
    </Institution>
    <ProgramElement>
      <Code>1968</Code>
      <Text>PHYSICAL INORGANIC</Text>
    </ProgramElement>
    <ProgramElement>
      <Code>9150</Code>
      <Text>EXP PROG TO STIM COMP RES</Text>
    </ProgramElement>
    <ProgramReference>
      <Code>9150</Code>
      <Text>EXP PROG TO STIM COMP RES</Text>
    </ProgramReference>
    <ProgramReference>
      <Code>9183</Code>
      <Text>GENERAL FOUNDATIONS OF BIOTECHNOLOGY</Text>
    </ProgramReference>
    <ProgramReference>
      <Code>9184</Code>
      <Text>BIOTECHNOLOGY - INFRASTRUCTURE</Text>
    </ProgramReference>
    <ProgramReference>
      <Code>9187</Code>
      <Text>TOXIC SUBSTANCES/SOLID &amp; HAZARDOUS WASTE</Text>
    </ProgramReference>
    <ProgramReference>
      <Code>9229</Code>
      <Text>RES IN UNDERGRAD INST-RESEARCH</Text>
    </ProgramReference>
    <ProgramReference>
      <Code>BIOT</Code>
      <Text>BIOTECHNOLOGY</Text>
    </ProgramReference>
    <ProgramReference>
      <Code>EGCH</Code>
      <Text>ENVIRONMENT AND GLOBAL CHANGE</Text>
    </ProgramReference>
  </Award>
</rootTag>
