<?xml version="1.0" encoding="UTF-8"?>

<rootTag>
  <Award>
    <AwardTitle>Analysis of quantum many-particle operators with disorder</AwardTitle>
    <AwardEffectiveDate>06/01/2007</AwardEffectiveDate>
    <AwardExpirationDate>05/31/2013</AwardExpirationDate>
    <AwardAmount>140577</AwardAmount>
    <AwardInstrument>
      <Value>Standard Grant</Value>
    </AwardInstrument>
    <Organization>
      <Code>03040000</Code>
      <Directorate>
        <LongName>Direct For Mathematical &amp; Physical Scien</LongName>
      </Directorate>
      <Division>
        <LongName>Division Of Mathematical Sciences</LongName>
      </Division>
    </Organization>
    <ProgramOfficer>
      <SignBlockName>Bruce P. Palka</SignBlockName>
    </ProgramOfficer>
    <AbstractNarration>The goal of this project is to address fundamental issues in the analysis of random quantum many-particle operators. So far, most of the mathematical research in the field of random operators has been focused on the spectral theory of random single-particle operators. A key theorem here addresses localization for large disorder: any given interval of the almost-sure spectrum belongs to the pure point spectrum provided the randomness is large enough; the corresponding eigenfunctions are exponentially localized. The PI's research program aims to investigate the fate of this strong localization regime in the interacting case. The influence of many-particle correlations will be examined for both fermionic and bosonic systems.&lt;br/&gt;&lt;br/&gt;Random quantum many-particle operators arise in models of semiconductors, dirty superconductors, or Bose-Einstein condensates in disordered media. In such systems, the interplay between quantum and statistical fluctuations due to the disorder gives rise to interesting physical phenomena like the suppression of electronic transport or of Bose-Einstein condensation. The mathematical study of these phenomena involves combining techniques from different areas of mathematics, in particular, functional analysis and probability.</AbstractNarration>
    <MinAmdLetterDate>05/11/2007</MinAmdLetterDate>
    <MaxAmdLetterDate>04/11/2012</MaxAmdLetterDate>
    <ARRAAmount/>
    <AwardID>0701181</AwardID>
    <Investigator>
      <FirstName>Simone</FirstName>
      <LastName>Warzel</LastName>
      <EmailAddress>swarzel@princeton.edu</EmailAddress>
      <StartDate>05/11/2007</StartDate>
      <EndDate/>
      <RoleCode>Principal Investigator</RoleCode>
    </Investigator>
    <Institution>
      <Name>Princeton University</Name>
      <CityName>Princeton</CityName>
      <ZipCode>085442020</ZipCode>
      <PhoneNumber>6092583090</PhoneNumber>
      <StreetAddress>Off. of Research &amp; Proj. Admin.</StreetAddress>
      <CountryName>United States</CountryName>
      <StateName>New Jersey</StateName>
      <StateCode>NJ</StateCode>
    </Institution>
    <FoaInformation>
      <Code>0000099</Code>
      <Name>Other Applications NEC</Name>
    </FoaInformation>
  </Award>
</rootTag>
