<?xml version="1.0" encoding="UTF-8"?>

<rootTag>
  <Award>
    <AwardTitle>RUI: Stochastic models in population biology</AwardTitle>
    <AwardEffectiveDate>07/15/2007</AwardEffectiveDate>
    <AwardExpirationDate>06/30/2011</AwardExpirationDate>
    <AwardAmount>102074</AwardAmount>
    <AwardInstrument>
      <Value>Standard Grant</Value>
    </AwardInstrument>
    <Organization>
      <Code>03040000</Code>
      <Directorate>
        <LongName>Direct For Mathematical &amp; Physical Scien</LongName>
      </Directorate>
      <Division>
        <LongName>Division Of Mathematical Sciences</LongName>
      </Division>
    </Organization>
    <ProgramOfficer>
      <SignBlockName>Tomek Bartoszynski</SignBlockName>
    </ProgramOfficer>
    <AbstractNarration>Rinaldo Schinazi proposes new probability models in population biology. The models are spatial (interacting particle systems) or non spatial. A special effort is made to formulate models simple enough so that rigorous analysis is possible but still interesting and relevant to the biological questions. Models introduced by Schinazi often generate new and interesting mathematical questions.&lt;br/&gt;&lt;br/&gt;Rinaldo Schinazi proposes to study theoretical population biology questions using probability models. The starting point is always a concrete question such as: "Does a low mutation rate for stem cells protect from cancer?" or "Can the immune system be overwhelmed by a particular virus only because of its high mutation rate?" The end point is the testing of biology hypotheses or the formulation of new hypotheses.</AbstractNarration>
    <MinAmdLetterDate>07/10/2007</MinAmdLetterDate>
    <MaxAmdLetterDate>07/10/2007</MaxAmdLetterDate>
    <ARRAAmount/>
    <AwardID>0701396</AwardID>
    <Investigator>
      <FirstName>Rinaldo</FirstName>
      <LastName>Schinazi</LastName>
      <EmailAddress>rschinaz@uccs.edu</EmailAddress>
      <StartDate>07/10/2007</StartDate>
      <EndDate/>
      <RoleCode>Principal Investigator</RoleCode>
    </Investigator>
    <Institution>
      <Name>University of Colorado at Colorado Springs</Name>
      <CityName>Colorado Springs</CityName>
      <ZipCode>809183733</ZipCode>
      <PhoneNumber>7192553153</PhoneNumber>
      <StreetAddress>1420, Austin Bluffs Parkway</StreetAddress>
      <CountryName>United States</CountryName>
      <StateName>Colorado</StateName>
      <StateCode>CO</StateCode>
    </Institution>
    <FoaInformation>
      <Code>0000099</Code>
      <Name>Other Applications NEC</Name>
    </FoaInformation>
  </Award>
</rootTag>
