<?xml version="1.0" encoding="UTF-8"?>

<rootTag>
  <Award>
    <AwardTitle>NSF Astronomy and Astrophysics Postdoctoral Fellows Symposium</AwardTitle>
    <AwardEffectiveDate>11/15/2006</AwardEffectiveDate>
    <AwardExpirationDate>10/31/2007</AwardExpirationDate>
    <AwardAmount>13640</AwardAmount>
    <AwardInstrument>
      <Value>Standard Grant</Value>
    </AwardInstrument>
    <Organization>
      <Code>03020400</Code>
      <Directorate>
        <LongName>Direct For Mathematical &amp; Physical Scien</LongName>
      </Directorate>
      <Division>
        <LongName>Division Of Astronomical Sciences</LongName>
      </Division>
    </Organization>
    <ProgramOfficer>
      <SignBlockName>Brian M. Patten</SignBlockName>
    </ProgramOfficer>
    <AbstractNarration>ABSTRACT &lt;br/&gt;&lt;br/&gt;AST 0701849 Jeffrey Kenney (PI), Nathan McCrady (co-PI), &lt;br/&gt;Mary McSwain (co-PI), Erik Rosolowsky (co-PI) &lt;br/&gt;&lt;br/&gt;Dr. Jeffrey Kenney (Yale University), along with co-PIs Nathan McCrady &lt;br/&gt;(UCLA), Mary McSwain (Yale University), and Erik Rosolowsky &lt;br/&gt;(Harvard-Smithsonian CfA) are awarded funds to organize and conduct &lt;br/&gt;the fifth annual symposium of the NSF Astronomy and Astrophysics &lt;br/&gt;Postdoctoral Fellowship (AAPF) program. The symposium, to be held &lt;br/&gt;January 5-6, 2007 in Seattle, WA, will bring together the AAPF fellows, &lt;br/&gt;faculty mentors, prospective AAPF applicants, and interested members &lt;br/&gt;of the astronomical community. This will allow the fellows to present &lt;br/&gt;their research and educational activities, and better establish ways to &lt;br/&gt;enrich the fellowship experience itself. Additionally, fellows will &lt;br/&gt;obtain opportunities to establish interdisciplinary projects with &lt;br/&gt;colleagues during the symposium. &lt;br/&gt;&lt;br/&gt;The integration of educational activities into the research efforts of &lt;br/&gt;the fellows provides for a broad impact of the fellowship program. Many &lt;br/&gt;fellows participate in K-12/public outreach activities, leading to &lt;br/&gt;enhancement of the public's interest in science. The symposium will &lt;br/&gt;allow the fellows to share their ideas and experiences, not only among &lt;br/&gt;themselves, but also with faculty mentors and with others in attendance. &lt;br/&gt;Of particular note for this year's symposium is the joint meeting of the &lt;br/&gt;American Astronomical Society and the American Association of Physics &lt;br/&gt;Teachers (which immediately follows the AAPF symposium), which should &lt;br/&gt;result in an even richer pool of potential attendees to the symposium &lt;br/&gt;interested in science education and, thus, the chance to reach an even &lt;br/&gt;broader audience than in previous symposia.</AbstractNarration>
    <MinAmdLetterDate>11/17/2006</MinAmdLetterDate>
    <MaxAmdLetterDate>11/17/2006</MaxAmdLetterDate>
    <ARRAAmount/>
    <AwardID>0701849</AwardID>
    <Investigator>
      <FirstName>Erik</FirstName>
      <LastName>Rosolowsky</LastName>
      <EmailAddress>erik.rosolowsky@ubc.ca</EmailAddress>
      <StartDate>11/17/2006</StartDate>
      <EndDate/>
      <RoleCode>Co-Principal Investigator</RoleCode>
    </Investigator>
    <Investigator>
      <FirstName>Nathan</FirstName>
      <LastName>McCrady</LastName>
      <EmailAddress>nate@astro.ucla.edu</EmailAddress>
      <StartDate>11/17/2006</StartDate>
      <EndDate/>
      <RoleCode>Co-Principal Investigator</RoleCode>
    </Investigator>
    <Investigator>
      <FirstName>Jeffrey</FirstName>
      <LastName>Kenney</LastName>
      <EmailAddress>jeff.kenney@yale.edu</EmailAddress>
      <StartDate>11/17/2006</StartDate>
      <EndDate/>
      <RoleCode>Principal Investigator</RoleCode>
    </Investigator>
    <Investigator>
      <FirstName>Mary</FirstName>
      <LastName>McSwain</LastName>
      <EmailAddress>mcswain@lehigh.edu</EmailAddress>
      <StartDate>11/17/2006</StartDate>
      <EndDate/>
      <RoleCode>Co-Principal Investigator</RoleCode>
    </Investigator>
    <Institution>
      <Name>Yale University</Name>
      <CityName>New Haven</CityName>
      <ZipCode>065208327</ZipCode>
      <PhoneNumber>2037854689</PhoneNumber>
      <StreetAddress>Office of Sponsored Projects</StreetAddress>
      <CountryName>United States</CountryName>
      <StateName>Connecticut</StateName>
      <StateCode>CT</StateCode>
    </Institution>
    <ProgramElement>
      <Code>1798</Code>
      <Text/>
    </ProgramElement>
    <ProgramReference>
      <Code>0000</Code>
      <Text>UNASSIGNED</Text>
    </ProgramReference>
    <ProgramReference>
      <Code>OTHR</Code>
      <Text>OTHER RESEARCH OR EDUCATION</Text>
    </ProgramReference>
  </Award>
</rootTag>
