<?xml version="1.0" encoding="UTF-8"?>

<rootTag>
  <Award>
    <AwardTitle>An Intracranial Energy Harvesting Device for Treatment of Neurological Disorders</AwardTitle>
    <AwardEffectiveDate>06/01/2007</AwardEffectiveDate>
    <AwardExpirationDate>11/30/2007</AwardExpirationDate>
    <AwardAmount>88705</AwardAmount>
    <AwardInstrument>
      <Value>Continuing grant</Value>
    </AwardInstrument>
    <Organization>
      <Code>07010000</Code>
      <Directorate>
        <LongName>Directorate For Engineering</LongName>
      </Directorate>
      <Division>
        <LongName>Div Of Electrical, Commun &amp; Cyber Sys</LongName>
      </Division>
    </Organization>
    <ProgramOfficer>
      <SignBlockName>Rajinder P. Khosla</SignBlockName>
    </ProgramOfficer>
    <AbstractNarration>The objective of this research is to develop an energy scavenging device for use in both medical and non-medical applications. The primary focus will be on intracranial implantable systems for treatment of neurological disorders such as epilepsy. The approach is to convert fluctuations in intracranial pressure to electrical power through the displacement of a suspended diaphragm with an electrode. To increase the deflection, pressure-instigated phase change of a liquid will be employed to collapse a chamber and effectively amplify the deflection due to the pressure variation. &lt;br/&gt;&lt;br/&gt;Intellectual Merit: The ability to harvest energy in highly-sensitive areas of the body will allow for a wide range of truly minimally-invasive and autonomous implantable systems which will be able to benefit from the advantages provided by MEMS, nanotechnology, and integrated circuits.&lt;br/&gt;&lt;br/&gt;Broader Impacts: The broader impacts of this research are numerous with the most significant being the quality of life of people suffering from neurological disorders such as epilepsy, Parkinson's disease, dystonia, essential tremor, and depression. Minimally-invasive and fully autonomous implants can help make these ailments unnoticeable to the patient. In addition, this research will help attract underrepresented groups at the graduate-level through recruitment, and at the undergraduate-level to engineering through exposure of this work to undergraduate students in the classroom and through supervised work, as well as Northeastern University's Building Bridges program with high school students, many of whom are from predominantly minority schools in the area.</AbstractNarration>
    <MinAmdLetterDate>04/10/2007</MinAmdLetterDate>
    <MaxAmdLetterDate>09/06/2007</MaxAmdLetterDate>
    <ARRAAmount/>
    <AwardID>0701820</AwardID>
    <Investigator>
      <FirstName>Babak</FirstName>
      <LastName>Ziaie</LastName>
      <EmailAddress>bziaie@purdue.edu</EmailAddress>
      <StartDate>09/06/2007</StartDate>
      <EndDate/>
      <RoleCode>Principal Investigator</RoleCode>
    </Investigator>
    <Investigator>
      <FirstName>Demetrios</FirstName>
      <LastName>Papageorgiou</LastName>
      <EmailAddress>dimitri@solidstateresearchinc.com</EmailAddress>
      <StartDate>04/10/2007</StartDate>
      <EndDate>09/06/2007</EndDate>
      <RoleCode>Former Principal Investigator</RoleCode>
    </Investigator>
    <Institution>
      <Name>Northeastern University</Name>
      <CityName>BOSTON</CityName>
      <ZipCode>021155005</ZipCode>
      <PhoneNumber>6173732508</PhoneNumber>
      <StreetAddress>360 HUNTINGTON AVE</StreetAddress>
      <CountryName>United States</CountryName>
      <StateName>Massachusetts</StateName>
      <StateCode>MA</StateCode>
    </Institution>
    <FoaInformation>
      <Code>0206000</Code>
      <Name>Telecommunications</Name>
    </FoaInformation>
    <ProgramElement>
      <Code>1517</Code>
      <Text>ELECT, PHOTONICS, &amp; MAG DEVICE</Text>
    </ProgramElement>
    <ProgramReference>
      <Code>0000</Code>
      <Text>UNASSIGNED</Text>
    </ProgramReference>
    <ProgramReference>
      <Code>101E</Code>
      <Text>Printed and flexible electronics</Text>
    </ProgramReference>
    <ProgramReference>
      <Code>OTHR</Code>
      <Text>OTHER RESEARCH OR EDUCATION</Text>
    </ProgramReference>
  </Award>
</rootTag>
