<?xml version="1.0" encoding="UTF-8"?>

<rootTag>
  <Award>
    <AwardTitle>Energy-Efficient and Reconfigurable Network-on-Chips for IP Integration in Complex SoC Systems</AwardTitle>
    <AwardEffectiveDate>05/01/2007</AwardEffectiveDate>
    <AwardExpirationDate>12/31/2010</AwardExpirationDate>
    <AwardAmount>309490</AwardAmount>
    <AwardInstrument>
      <Value>Continuing grant</Value>
    </AwardInstrument>
    <Organization>
      <Code>07010000</Code>
      <Directorate>
        <LongName>Directorate For Engineering</LongName>
      </Directorate>
      <Division>
        <LongName>Div Of Electrical, Commun &amp; Cyber Sys</LongName>
      </Division>
    </Organization>
    <ProgramOfficer>
      <SignBlockName>Zygmunt J. Haas</SignBlockName>
    </ProgramOfficer>
    <AbstractNarration>0702168&lt;br/&gt;Mei Yang, University of Nevada-Las Vegas&lt;br/&gt;Energy-Efficient and Reconfigurable Network-on-Chips for IP Integration&lt;br/&gt;in Complex SoC Systems&lt;br/&gt;&lt;br/&gt;&lt;br/&gt;&lt;br/&gt;Intellectual Merit: This project focuses on investigating energy-efficient and reconfigurable Network-on-Chips (NoCs) to address the major challenges faced by Intellectual Property (IP) integration in complex System-on-Chip (SoC) systems, including energy efficiency, reconfigurability, scalability, and signal integrity. The objectives of the proposed work include: &lt;br/&gt;. Investigate reconfigurable Recursive Diagonal Torus (RDT)-based NoC architectures;&lt;br/&gt;. Investigate multi-path routing scheme;&lt;br/&gt;. Investigate the prioritized wormhole switching technique; and &lt;br/&gt;. Develop prototype systems to test all the proposed solutions and tackle the system integration issues in building the prototypes. &lt;br/&gt;The intellectual merit of the proposed research includes: (1) The study of reconfigurable NoC architectures will help to understand some fundamental issues related to the NoC paradigm; (2) The proposed routing scheme is the first attempt in addressing signal integrity problem at the network level, which will promote the research in developing cross-layer optimized communication protocols for NoCs; and (3) Challenging implementation issues related to NoCs are studied by the designs of the prototype systems. &lt;br/&gt;&lt;br/&gt;Broader Impacts: The broader impacts of the proposed research include: (1) The proposed work will open a new avenue for designing (in architecture selection and communication model) and synthesizing future computation-intensive SoC systems; (2) The project will improve the quality of the graduate and undergraduate education in the ECE department at UNLV through project participation and curriculum development; (3) The community outreach program shall have profound impacts on high school students, especially those students from the minority and the underrepresented groups, to choose a rewarding career in science and engineering; and (4) UNLV's developing R&amp;D capabilities in the emerging area of SoCs will significantly escalate and diversify Nevada economy by helping establish essential science and technology partnerships, allowing fast technology transfer from the university research to industry, and attracting and keeping the talented students to study and be employed in the state.</AbstractNarration>
    <MinAmdLetterDate>04/10/2007</MinAmdLetterDate>
    <MaxAmdLetterDate>03/25/2009</MaxAmdLetterDate>
    <ARRAAmount/>
    <AwardID>0702168</AwardID>
    <Investigator>
      <FirstName>Yingtao</FirstName>
      <LastName>Jiang</LastName>
      <EmailAddress>yingtao.jiang@unlv.edu</EmailAddress>
      <StartDate>04/10/2007</StartDate>
      <EndDate/>
      <RoleCode>Co-Principal Investigator</RoleCode>
    </Investigator>
    <Investigator>
      <FirstName>Mei</FirstName>
      <LastName>Yang</LastName>
      <EmailAddress>Mei.Yang@unlv.edu</EmailAddress>
      <StartDate>04/10/2007</StartDate>
      <EndDate/>
      <RoleCode>Principal Investigator</RoleCode>
    </Investigator>
    <Institution>
      <Name>University of Nevada Las Vegas</Name>
      <CityName>Las Vegas</CityName>
      <ZipCode>891541055</ZipCode>
      <PhoneNumber>7028951357</PhoneNumber>
      <StreetAddress>4505 MARYLAND PARKWAY</StreetAddress>
      <CountryName>United States</CountryName>
      <StateName>Nevada</StateName>
      <StateCode>NV</StateCode>
    </Institution>
    <FoaInformation>
      <Code>0510403</Code>
      <Name>Engineering &amp; Computer Science</Name>
    </FoaInformation>
    <ProgramElement>
      <Code>7316</Code>
      <Text>EAPSI</Text>
    </ProgramElement>
    <ProgramElement>
      <Code>7564</Code>
      <Text>COMMS, CIRCUITS &amp; SENS SYS</Text>
    </ProgramElement>
    <ProgramElement>
      <Code>7641</Code>
      <Text>INT'L RES &amp; EDU IN ENGINEERING</Text>
    </ProgramElement>
    <ProgramReference>
      <Code>0000</Code>
      <Text>UNASSIGNED</Text>
    </ProgramReference>
    <ProgramReference>
      <Code>099E</Code>
      <Text>High voltage switching &amp; conversion</Text>
    </ProgramReference>
    <ProgramReference>
      <Code>5978</Code>
      <Text>EAST ASIA AND PACIFIC PROGRAM</Text>
    </ProgramReference>
    <ProgramReference>
      <Code>9102</Code>
      <Text>WOMEN, MINORITY, DISABLED, NEC</Text>
    </ProgramReference>
    <ProgramReference>
      <Code>9150</Code>
      <Text>EXP PROG TO STIM COMP RES</Text>
    </ProgramReference>
    <ProgramReference>
      <Code>9200</Code>
      <Text>US CHINA COOP IN BASIC SCIENCE</Text>
    </ProgramReference>
    <ProgramReference>
      <Code>OTHR</Code>
      <Text>OTHER RESEARCH OR EDUCATION</Text>
    </ProgramReference>
    <ProgramReference>
      <Code>7641</Code>
      <Text>INT'L RES &amp; EDU IN ENGINEERING</Text>
    </ProgramReference>
  </Award>
</rootTag>
