<?xml version="1.0" encoding="UTF-8"?>

<rootTag>
  <Award>
    <AwardTitle>Architectural Support for Parallelism on Multi-Core Architectures</AwardTitle>
    <AwardEffectiveDate>07/01/2007</AwardEffectiveDate>
    <AwardExpirationDate>06/30/2010</AwardExpirationDate>
    <AwardAmount>300000</AwardAmount>
    <AwardInstrument>
      <Value>Standard Grant</Value>
    </AwardInstrument>
    <Organization>
      <Code>05010000</Code>
      <Directorate>
        <LongName>Direct For Computer &amp; Info Scie &amp; Enginr</LongName>
      </Directorate>
      <Division>
        <LongName>Division of Computing and Communication Foundations</LongName>
      </Division>
    </Organization>
    <ProgramOfficer>
      <SignBlockName>Ahmed Louri</SignBlockName>
    </ProgramOfficer>
    <AbstractNarration>Industry is shifting from uniprocessor-oriented processors to architectures which execute multiple threads on a single chip. This includes multithreaded and, increasingly, multiple-core processors. That is, increases in transistor count and density are no longer being applied to increased single-cpu or single-thread performance. Instead, those transistors are being used to increase the number of available execution contexts. &lt;br/&gt;&lt;br/&gt;The most significant impact of this technology shift is that microprocessors will only continue to scale in performance in the presence of abundant thread level parallelism.&lt;br/&gt;For many workloads, the parallelism available will quickly fall short of the parallelism the hardware is able to exploit. The performance advances of future processor generations then become unavailable in those environments. This parallelism gap is inevitable, because there is no clear limit in sight to how many contexts we can place on a chip.&lt;br/&gt;&lt;br/&gt;This research will create a toolchest of solutions to enable the effective use of on-chip parallelism to improve performance, power efficiency, and correctness of programs. Particular emphasis is on applications for which traditional methods of parallelism have been ineffective. &lt;br/&gt;&lt;br/&gt;This research will focus on solutions in the following areas. More efficient parallel architectures enable better exploitation of available parallelism by ensuring that what does run in parallel does so as effectively as possible. Non-traditional forms of parallelism allow multiple contexts to provide speedup, without necessarily departing from the single execution stream model. Dynamically-generated parallelism will use lightweight hardware monitors to identify code that is potentially memory-independent, and separate threads will analyze and possibly rewrite the code to exploit the parallelism dynamically. In addition to providing performance, multi-core architectures can be exploited to provide new functionality that either is not possible, or not performance-effective, on a single core. This functionality includes software fault tolerance, debugging, and security.</AbstractNarration>
    <MinAmdLetterDate>06/04/2007</MinAmdLetterDate>
    <MaxAmdLetterDate>05/13/2008</MaxAmdLetterDate>
    <ARRAAmount/>
    <AwardID>0702349</AwardID>
    <Investigator>
      <FirstName>Dean</FirstName>
      <LastName>Tullsen</LastName>
      <EmailAddress>tullsen@cs.ucsd.edu</EmailAddress>
      <StartDate>06/04/2007</StartDate>
      <EndDate/>
      <RoleCode>Principal Investigator</RoleCode>
    </Investigator>
    <Institution>
      <Name>University of California-San Diego</Name>
      <CityName>La Jolla</CityName>
      <ZipCode>920930934</ZipCode>
      <PhoneNumber>8585344896</PhoneNumber>
      <StreetAddress>Office of Contract &amp; Grant Admin</StreetAddress>
      <CountryName>United States</CountryName>
      <StateName>California</StateName>
      <StateCode>CA</StateCode>
    </Institution>
    <FoaInformation>
      <Code>0000912</Code>
      <Name>Computer Science</Name>
    </FoaInformation>
    <ProgramElement>
      <Code>4715</Code>
      <Text>COMPUTER SYSTEMS ARCHITECTURE</Text>
    </ProgramElement>
    <ProgramElement>
      <Code>7352</Code>
      <Text>COMPUTING PROCESSES &amp; ARTIFACT</Text>
    </ProgramElement>
    <ProgramReference>
      <Code>9218</Code>
      <Text>BASIC RESEARCH &amp; HUMAN RESORCS</Text>
    </ProgramReference>
    <ProgramReference>
      <Code>HPCC</Code>
      <Text>HIGH PERFORMANCE COMPUTING &amp; COMM</Text>
    </ProgramReference>
  </Award>
</rootTag>
