<?xml version="1.0" encoding="UTF-8"?>

<rootTag>
  <Award>
    <AwardTitle>RUI: MO: Collaborative Research: An Integrated Study of Eukaryotic, Prokaryotic, and Viral Diversity and Dynamics in an Acidic Hot Lake.</AwardTitle>
    <AwardEffectiveDate>01/01/2008</AwardEffectiveDate>
    <AwardExpirationDate>12/31/2013</AwardExpirationDate>
    <AwardAmount>291453</AwardAmount>
    <AwardInstrument>
      <Value>Continuing grant</Value>
    </AwardInstrument>
    <Organization>
      <Code>08070600</Code>
      <Directorate>
        <LongName>Direct For Biological Sciences</LongName>
      </Directorate>
      <Division>
        <LongName>Div Of Molecular and Cellular Bioscience</LongName>
      </Division>
    </Organization>
    <ProgramOfficer>
      <SignBlockName>Matthew Kane</SignBlockName>
    </ProgramOfficer>
    <AbstractNarration>This project combines expertise in prokaryotic, viral, and eukaryotic microbiology from three institutions to establish a microbial observatory at Boiling Springs Lake (BSL), an acidic (pH 2.2), hydrothermal (52 degrees centigrade) lake in Lassen Volcanic National Park, CA. BSL is the largest hot spring in North America, and it is geochemically distinct from springs in Yellowstone National Park and elsewhere. BSL is a stable thermal feature of Lassen Park, yet varies significantly over both time and space, thus offering a unique opportunity to investigate factors that control the abundance, diversity, and activities of microorganisms in natural habitats, and their stability over time. A remotely operated vehicle designed and built by undergraduate engineering students will be used to map the lake's physical structure, and scientists will sample two thermally distinct regions of BSL to assess biological and chemical variation at various temporal and spatial scales. Genetic and taxonomic diversity of prokaryotes, eukaryotes and viruses, their productivity, and the relative contributions of chemosynthesis and photosynthesis to primary production will be explored by both culture-dependent and -independent approaches.&lt;br/&gt;&lt;br/&gt;Extreme environments such as BSL are ideal for the study of fundamental questions in microbial biology since they represent low diversity communities, and also are models for life on other planets. A major goal of this proposal is to introduce undergraduates from three institutions to microbial biology, and to scientific research. During this funding period, this work will be integrated into 5 classes impacting at least 700 undergraduate students, and an additional ~100 undergraduates will be directly involved in BSL-related research projects. This project will also contribute to graduate student training, as well as outreach to high school students. The project will conduct yearly Lassen Volcanic National Park (LNVP) symposia involving the investigators, their students, park personnel, and community members, and produce a web-based database of results for the science community and the public. In addition, students will be involved in producing a color brochure for LVNP visitors, highlighting the structure, chemistry, and biology of this unique lake, and giving the public a deeper appreciation of the microbial world.</AbstractNarration>
    <MinAmdLetterDate>09/19/2007</MinAmdLetterDate>
    <MaxAmdLetterDate>05/04/2011</MaxAmdLetterDate>
    <ARRAAmount/>
    <AwardID>0702069</AwardID>
    <Investigator>
      <FirstName>Gordon</FirstName>
      <LastName>Wolfe</LastName>
      <EmailAddress>gwolfe2@csuchico.edu</EmailAddress>
      <StartDate>09/19/2007</StartDate>
      <EndDate/>
      <RoleCode>Principal Investigator</RoleCode>
    </Investigator>
    <Institution>
      <Name>California State University, Chico Research Fdtn</Name>
      <CityName>Chico</CityName>
      <ZipCode>959290001</ZipCode>
      <PhoneNumber>5308985700</PhoneNumber>
      <StreetAddress>Office of Sponsored Programs</StreetAddress>
      <CountryName>United States</CountryName>
      <StateName>California</StateName>
      <StateCode>CA</StateCode>
    </Institution>
    <ProgramElement>
      <Code>1089</Code>
      <Text>MICRO OBS &amp; MICRO INTER &amp; PRO</Text>
    </ProgramElement>
    <ProgramElement>
      <Code>7187</Code>
      <Text>MICROBIAL GENOME SEQUENCING</Text>
    </ProgramElement>
    <ProgramReference>
      <Code>9178</Code>
      <Text>UNDERGRADUATE EDUCATION</Text>
    </ProgramReference>
    <ProgramReference>
      <Code>9229</Code>
      <Text>RES IN UNDERGRAD INST-RESEARCH</Text>
    </ProgramReference>
    <ProgramReference>
      <Code>SMET</Code>
      <Text>SCIENCE, MATH, ENG &amp; TECH EDUCATION</Text>
    </ProgramReference>
  </Award>
</rootTag>
