<?xml version="1.0" encoding="UTF-8"?>

<rootTag>
  <Award>
    <AwardTitle>GOALI - Wireless Life Monitoring Transponders</AwardTitle>
    <AwardEffectiveDate>08/01/2007</AwardEffectiveDate>
    <AwardExpirationDate>07/31/2011</AwardExpirationDate>
    <AwardAmount>355000</AwardAmount>
    <AwardInstrument>
      <Value>Continuing grant</Value>
    </AwardInstrument>
    <Organization>
      <Code>07010000</Code>
      <Directorate>
        <LongName>Directorate For Engineering</LongName>
      </Directorate>
      <Division>
        <LongName>Div Of Electrical, Commun &amp; Cyber Sys</LongName>
      </Division>
    </Organization>
    <ProgramOfficer>
      <SignBlockName>Zhi Tian</SignBlockName>
    </ProgramOfficer>
    <AbstractNarration>Integrative, Hybrid and Complex Systems&lt;br/&gt;Victor M. Lubecke&lt;br/&gt;University of Hawaii&lt;br/&gt;GOALI: Radio Transponders for Life Monitoring&lt;br/&gt;&lt;br/&gt;&lt;br/&gt;Intellectual Merit: &lt;br/&gt;&lt;br/&gt;Both Doppler radar and radio frequency identification (RFID) involve modulated backscatter technology. This project combines these technologies to transcend the human life sign monitoring capabilities of both technologies. This will be achieved through two different Doppler radar applications of passive radio frequency (RF) backscatter tags. First, body worn "band-aid" transponder tags are proposed to modify Doppler radar return signals in time and frequency to isolate a subject's cardiopulmonary motion from other motion and subjects, while facilitating the sensing and telemetry of additional biomedical data. Combining these wireless tags with Doppler motion sensing allows detection and isolation of untagged subjects among tagged subjects. Second, backscatter tags as environmentally distributed "radar node" transponders are proposed, which would form a bi-static radar system to suppress transmitter phase and "shake" noise effects to enable cardiopulmonary motion sensing at large distances, while also allowing passive sensing by exploiting RF signals already present in the environment. The design and fabrication of RF tag circuit components that are sensitive to additional biomedical parameters such as body temperature, will also be investigated along with tag circuit fabrication, and packaging for disposable sensors.&lt;br/&gt;&lt;br/&gt;Broader Impact: &lt;br/&gt;&lt;br/&gt;The outcomes of this project can lead to valuable tools beneficial for society in the areas of healthcare, emergency response, and military applications. The research would, also, present a particularly motivating educational opportunity that leverages Hawaii's unique needs for remote healthcare tools, and reaches out to a diverse population of ethnic minority students that have been traditionally underserved by local educational and industrial opportunities. This research program would particularly benefit the graduate and undergraduate students participating in interdisciplinary research involving biosensors and wireless telemetry. An important aspect of this program will be the interactions of University of Hawaii at Manoa students with the industrial co-principal investigator, including extended periods of training at the industry partner.</AbstractNarration>
    <MinAmdLetterDate>07/18/2007</MinAmdLetterDate>
    <MaxAmdLetterDate>08/05/2010</MaxAmdLetterDate>
    <ARRAAmount/>
    <AwardID>0702234</AwardID>
    <Investigator>
      <FirstName>Omar</FirstName>
      <LastName>Lopez</LastName>
      <EmailAddress>dol@lucent.com</EmailAddress>
      <StartDate>07/18/2007</StartDate>
      <EndDate/>
      <RoleCode>Co-Principal Investigator</RoleCode>
    </Investigator>
    <Investigator>
      <FirstName>Victor</FirstName>
      <LastName>Lubecke</LastName>
      <EmailAddress>lubecke@spectra.eng.hawaii.edu</EmailAddress>
      <StartDate>07/18/2007</StartDate>
      <EndDate/>
      <RoleCode>Principal Investigator</RoleCode>
    </Investigator>
    <Institution>
      <Name>University of Hawaii</Name>
      <CityName>HONOLULU</CityName>
      <ZipCode>968222234</ZipCode>
      <PhoneNumber>8089567800</PhoneNumber>
      <StreetAddress>2440 Campus Road, Box 368</StreetAddress>
      <CountryName>United States</CountryName>
      <StateName>Hawaii</StateName>
      <StateCode>HI</StateCode>
    </Institution>
    <FoaInformation>
      <Code>0510403</Code>
      <Name>Engineering &amp; Computer Science</Name>
    </FoaInformation>
    <ProgramElement>
      <Code>1504</Code>
      <Text>GRANT OPP FOR ACAD LIA W/INDUS</Text>
    </ProgramElement>
    <ProgramElement>
      <Code>7564</Code>
      <Text>COMMS, CIRCUITS &amp; SENS SYS</Text>
    </ProgramElement>
    <ProgramReference>
      <Code>0000</Code>
      <Text>UNASSIGNED</Text>
    </ProgramReference>
    <ProgramReference>
      <Code>099E</Code>
      <Text>High voltage switching &amp; conversion</Text>
    </ProgramReference>
    <ProgramReference>
      <Code>109E</Code>
      <Text>Sys theory in biology &amp; medicine</Text>
    </ProgramReference>
    <ProgramReference>
      <Code>1504</Code>
      <Text>GRANT OPP FOR ACAD LIA W/INDUS</Text>
    </ProgramReference>
    <ProgramReference>
      <Code>7423</Code>
      <Text>Energy collection &amp; storage</Text>
    </ProgramReference>
    <ProgramReference>
      <Code>9102</Code>
      <Text>WOMEN, MINORITY, DISABLED, NEC</Text>
    </ProgramReference>
    <ProgramReference>
      <Code>9147</Code>
      <Text>GENERIC TECHNOL FOR MANUFACTURING CELLS</Text>
    </ProgramReference>
    <ProgramReference>
      <Code>9150</Code>
      <Text>EXP PROG TO STIM COMP RES</Text>
    </ProgramReference>
    <ProgramReference>
      <Code>MANU</Code>
      <Text>MANUFACTURING</Text>
    </ProgramReference>
    <ProgramReference>
      <Code>OTHR</Code>
      <Text>OTHER RESEARCH OR EDUCATION</Text>
    </ProgramReference>
  </Award>
</rootTag>
