<?xml version="1.0" encoding="UTF-8"?>

<rootTag>
  <Award>
    <AwardTitle>Conference on Topology and Geometry of Knots</AwardTitle>
    <AwardEffectiveDate>01/01/2009</AwardEffectiveDate>
    <AwardExpirationDate>12/31/2010</AwardExpirationDate>
    <AwardAmount>23670</AwardAmount>
    <AwardInstrument>
      <Value>Standard Grant</Value>
    </AwardInstrument>
    <Organization>
      <Code>03040000</Code>
      <Directorate>
        <LongName>Direct For Mathematical &amp; Physical Scien</LongName>
      </Directorate>
      <Division>
        <LongName>Division Of Mathematical Sciences</LongName>
      </Division>
    </Organization>
    <ProgramOfficer>
      <SignBlockName>Joanna Kania-Bartoszynska</SignBlockName>
    </ProgramOfficer>
    <AbstractNarration>A Conference on Topology and Geometry of Knots will be held at Oklahoma State University on March 20-21, 2009. Twelve speakers, including four established researchers, will give presentations related to colored Jones polynomial, sutured Floer homology, knot Floer homology, Heegaard Floer homology, and Khovanov homology and applications of topological quantum field theory to low dimensional topology.&lt;br/&gt;&lt;br/&gt;The main goal of the conference is to explore deep connections among various geometric and topological constructions from mathematics and physics. The participants will be exposed to a wide range of methods and results from different fields of investigation. The conference also will provide early career researchers the opportunity to interact with senior mathematicians.</AbstractNarration>
    <MinAmdLetterDate>11/13/2008</MinAmdLetterDate>
    <MaxAmdLetterDate>02/24/2010</MaxAmdLetterDate>
    <ARRAAmount/>
    <AwardID>0900229</AwardID>
    <Investigator>
      <FirstName>Weiping</FirstName>
      <LastName>Li</LastName>
      <EmailAddress>wli@math.okstate.edu</EmailAddress>
      <StartDate>11/13/2008</StartDate>
      <EndDate/>
      <RoleCode>Principal Investigator</RoleCode>
    </Investigator>
    <Institution>
      <Name>Oklahoma State University</Name>
      <CityName>Stillwater</CityName>
      <ZipCode>740781011</ZipCode>
      <PhoneNumber>4057449995</PhoneNumber>
      <StreetAddress>101 WHITEHURST HALL</StreetAddress>
      <CountryName>United States</CountryName>
      <StateName>Oklahoma</StateName>
      <StateCode>OK</StateCode>
    </Institution>
    <FoaInformation>
      <Code>0000099</Code>
      <Name>Other Applications NEC</Name>
    </FoaInformation>
    <ProgramElement>
      <Code>1267</Code>
      <Text>TOPOLOGY</Text>
    </ProgramElement>
    <ProgramReference>
      <Code>0000</Code>
      <Text>UNASSIGNED</Text>
    </ProgramReference>
    <ProgramReference>
      <Code>7556</Code>
      <Text>CONFERENCE AND WORKSHOPS</Text>
    </ProgramReference>
    <ProgramReference>
      <Code>9150</Code>
      <Text>EXP PROG TO STIM COMP RES</Text>
    </ProgramReference>
    <ProgramReference>
      <Code>OTHR</Code>
      <Text>OTHER RESEARCH OR EDUCATION</Text>
    </ProgramReference>
  </Award>
</rootTag>
