<?xml version="1.0" encoding="UTF-8"?>

<rootTag>
  <Award>
    <AwardTitle>Microfluidic Fabrication of Self-Healing Microfibers for Composite Construction Materials</AwardTitle>
    <AwardEffectiveDate>07/01/2009</AwardEffectiveDate>
    <AwardExpirationDate>06/30/2014</AwardExpirationDate>
    <AwardAmount>298921</AwardAmount>
    <AwardInstrument>
      <Value>Standard Grant</Value>
    </AwardInstrument>
    <Organization>
      <Code>07030000</Code>
      <Directorate>
        <LongName>Directorate For Engineering</LongName>
      </Directorate>
      <Division>
        <LongName>Div Of Civil, Mechanical, &amp; Manufact Inn</LongName>
      </Division>
    </Organization>
    <ProgramOfficer>
      <SignBlockName>Mary M. Toney</SignBlockName>
    </ProgramOfficer>
    <AbstractNarration>The research objective of this project is to fabricate self-healing microfibers and investigate the impact of their shape and size on their self-healing performance. These microfibers will be embedded into construction material (e.g., asphalt in the proposed project) to form a self-healing composite. When this composite develops a crack, the microfibers will be ruptured to release healing agents that can automatically restore the integrity and toughness of the composite. Novel microfluidic devices will be developed to form and solidify microfibers with healing agents encapsulated in them. The proposed self-healing microfibers are expected to outperform existing spherical microcapsules even when used in lower concentrations. The research project will provide a fabrication platform with unique controllability and flexibility. Therefore, it will enable the researchers to investigate how the shape and size of the microfibers affect their self-healing performance by employing the proposed micromechanical modeling and experimental techniques. As a result, a guideline will be provided for the design and implementation of future self-healing systems.&lt;br/&gt;&lt;br/&gt;Successful completion of this project will contribute to the nation?s goal of employing more durable construction material so as to provide safer and more sustainable transportation infrastructure systems. The proposed research holds the promise to benefit engineering structures ranging from microelectronic devices to spacecraft, bridges, and other large infrastructures. It can potentially contribute to the commercialization and broad applications of self-healing materials by improving performance and reducing costs. Research results will be widely disseminated through publications to inspire further investigation and stimulate future interdisciplinary collaboration on self-healing materials. Education and outreach activities, such as undergraduate enterprise and summer youth programs, are also planned for a diverse group of students, including minority and female students.</AbstractNarration>
    <MinAmdLetterDate>06/15/2009</MinAmdLetterDate>
    <MaxAmdLetterDate>03/04/2014</MaxAmdLetterDate>
    <ARRAAmount/>
    <AwardID>0900582</AwardID>
    <Investigator>
      <FirstName>Zhanping</FirstName>
      <LastName>You</LastName>
      <EmailAddress>zyou@mtu.edu</EmailAddress>
      <StartDate>06/15/2009</StartDate>
      <EndDate/>
      <RoleCode>Co-Principal Investigator</RoleCode>
    </Investigator>
    <Investigator>
      <FirstName>Qingli</FirstName>
      <LastName>Dai</LastName>
      <EmailAddress>qingdai@mtu.edu</EmailAddress>
      <StartDate>03/04/2014</StartDate>
      <EndDate/>
      <RoleCode>Principal Investigator</RoleCode>
    </Investigator>
    <Investigator>
      <FirstName>Qingli</FirstName>
      <LastName>Dai</LastName>
      <EmailAddress>qingdai@mtu.edu</EmailAddress>
      <StartDate>06/15/2009</StartDate>
      <EndDate>02/07/2014</EndDate>
      <RoleCode>Former Co-Principal Investigator</RoleCode>
    </Investigator>
    <Investigator>
      <FirstName>Dennis</FirstName>
      <LastName>Meng</LastName>
      <EmailAddress>dmeng@uta.edu</EmailAddress>
      <StartDate>03/04/2014</StartDate>
      <EndDate/>
      <RoleCode>Co-Principal Investigator</RoleCode>
    </Investigator>
    <Investigator>
      <FirstName>Desheng</FirstName>
      <LastName>Meng</LastName>
      <EmailAddress>dmeng@uta.edu</EmailAddress>
      <StartDate>06/15/2009</StartDate>
      <EndDate>02/07/2014</EndDate>
      <RoleCode>Former Principal Investigator</RoleCode>
    </Investigator>
    <Institution>
      <Name>Michigan Technological University</Name>
      <CityName>Houghton</CityName>
      <ZipCode>499311295</ZipCode>
      <PhoneNumber>9064871885</PhoneNumber>
      <StreetAddress>1400 Townsend Drive</StreetAddress>
      <CountryName>United States</CountryName>
      <StateName>Michigan</StateName>
      <StateCode>MI</StateCode>
    </Institution>
    <FoaInformation>
      <Code>0308000</Code>
      <Name>Industrial Technology</Name>
    </FoaInformation>
    <ProgramElement>
      <Code>1467</Code>
      <Text>MATERIALS PROCESSING AND MANFG</Text>
    </ProgramElement>
    <ProgramElement>
      <Code>1635</Code>
      <Text>STRUCTURAL MATERIALS AND MECH</Text>
    </ProgramElement>
    <ProgramReference>
      <Code>024E</Code>
      <Text>MATERIALS DESIGN</Text>
    </ProgramReference>
    <ProgramReference>
      <Code>083E</Code>
      <Text>MATERIAL TRANSFORMATION PROC</Text>
    </ProgramReference>
    <ProgramReference>
      <Code>1057</Code>
      <Text>CIS BASE RESEARCH</Text>
    </ProgramReference>
    <ProgramReference>
      <Code>116E</Code>
      <Text>RESEARCH EXP FOR UNDERGRADS</Text>
    </ProgramReference>
    <ProgramReference>
      <Code>8025</Code>
      <Text>Advanced Materials Processing</Text>
    </ProgramReference>
    <ProgramReference>
      <Code>9146</Code>
      <Text>MANUFACTURING BASE RESEARCH</Text>
    </ProgramReference>
    <ProgramReference>
      <Code>9147</Code>
      <Text>GENERIC TECHNOL FOR MANUFACTURING CELLS</Text>
    </ProgramReference>
    <ProgramReference>
      <Code>9178</Code>
      <Text>UNDERGRADUATE EDUCATION</Text>
    </ProgramReference>
    <ProgramReference>
      <Code>9231</Code>
      <Text>SUPPL FOR UNDERGRAD RES ASSIST</Text>
    </ProgramReference>
    <ProgramReference>
      <Code>9250</Code>
      <Text>RES EXPER FOR UNDERGRADS-SITE</Text>
    </ProgramReference>
    <ProgramReference>
      <Code>9251</Code>
      <Text>RES EXPER FOR UNDERGRAD-SUPPLT</Text>
    </ProgramReference>
    <ProgramReference>
      <Code>CVIS</Code>
      <Text>CIVIL INFRASTRUCTURE</Text>
    </ProgramReference>
    <ProgramReference>
      <Code>MANU</Code>
      <Text>MANUFACTURING</Text>
    </ProgramReference>
  </Award>
</rootTag>
