<?xml version="1.0" encoding="UTF-8"?>

<rootTag>
  <Award>
    <AwardTitle>Building Green: Development and Evaluation of an Environmentally Friendly Concrete</AwardTitle>
    <AwardEffectiveDate>04/01/2009</AwardEffectiveDate>
    <AwardExpirationDate>09/30/2012</AwardExpirationDate>
    <AwardAmount>311876</AwardAmount>
    <AwardInstrument>
      <Value>Standard Grant</Value>
    </AwardInstrument>
    <Organization>
      <Code>07030000</Code>
      <Directorate>
        <LongName>Directorate For Engineering</LongName>
      </Directorate>
      <Division>
        <LongName>Div Of Civil, Mechanical, &amp; Manufact Inn</LongName>
      </Division>
    </Organization>
    <ProgramOfficer>
      <SignBlockName>Y. Grace Hsuan</SignBlockName>
    </ProgramOfficer>
    <AbstractNarration>The primary goal of this project is to develop an environmentally friendly (i.e., green) concrete to reduce the significant environmental impacts associated with the use of traditional concrete. Typical concrete consists of sand/gravel bound together by Portland cement. In the concretes studied in this project, the sand/gravel will be replaced with recycled glass, and all of the Portland cement will be replaced with fly ash, which is a fine ash produced when coal is burned to generate electricity. This project will identify fly ashes from sources around the country that can be used in this new concrete. Concrete elements made with these ashes and recycled glass will then be tested to determine their engineering properties and durability. The project will conclude with a large-scale demonstration project. &lt;br/&gt;The benefits to society as a result of this research are at least twofold. The environmental impacts of using traditional concrete as a construction material are significant. Production of Portland cement is an energy intensive process, and is reportedly responsible for up to 7% of greenhouse gas emissions worldwide. Additionally, both the production of Portland cement and sand/gravel disturb virgin land. Conversely, the fly ash and recycled glass to be used in the proposed concrete represent two common waste streams. Thus, this new concrete minimizes energy use and environmental disturbance, while reusing waste materials. Additionally, the project will encourage interest and diversity in science and engineering by supporting students throughout its duration, including a Native American internship.</AbstractNarration>
    <MinAmdLetterDate>03/27/2009</MinAmdLetterDate>
    <MaxAmdLetterDate>10/12/2011</MaxAmdLetterDate>
    <ARRAAmount/>
    <AwardID>0900143</AwardID>
    <Investigator>
      <FirstName>Jerry</FirstName>
      <LastName>Stephens</LastName>
      <EmailAddress>jerrys@ce.montana.edu</EmailAddress>
      <StartDate>03/27/2009</StartDate>
      <EndDate/>
      <RoleCode>Co-Principal Investigator</RoleCode>
    </Investigator>
    <Investigator>
      <FirstName>Michael</FirstName>
      <LastName>Berry</LastName>
      <EmailAddress>berry@ce.montana.edu</EmailAddress>
      <StartDate>03/27/2009</StartDate>
      <EndDate/>
      <RoleCode>Principal Investigator</RoleCode>
    </Investigator>
    <Institution>
      <Name>Montana State University</Name>
      <CityName>BOZEMAN</CityName>
      <ZipCode>597172470</ZipCode>
      <PhoneNumber>4069942381</PhoneNumber>
      <StreetAddress>309 MONTANA HALL</StreetAddress>
      <CountryName>United States</CountryName>
      <StateName>Montana</StateName>
      <StateCode>MT</StateCode>
    </Institution>
    <ProgramElement>
      <Code>1635</Code>
      <Text>STRUCTURAL MATERIALS AND MECH</Text>
    </ProgramElement>
    <ProgramElement>
      <Code>9150</Code>
      <Text>EXP PROG TO STIM COMP RES</Text>
    </ProgramElement>
    <ProgramReference>
      <Code>024E</Code>
      <Text>MATERIALS DESIGN</Text>
    </ProgramReference>
    <ProgramReference>
      <Code>025E</Code>
      <Text>INFRASTRUCTURE MATERIALS</Text>
    </ProgramReference>
    <ProgramReference>
      <Code>036E</Code>
      <Text>CIVIL INFRASTRUCTURE</Text>
    </ProgramReference>
    <ProgramReference>
      <Code>1037</Code>
      <Text>DETERIORATION SCIENCE</Text>
    </ProgramReference>
    <ProgramReference>
      <Code>1057</Code>
      <Text>CIS BASE RESEARCH</Text>
    </ProgramReference>
    <ProgramReference>
      <Code>116E</Code>
      <Text>RESEARCH EXP FOR UNDERGRADS</Text>
    </ProgramReference>
    <ProgramReference>
      <Code>8022</Code>
      <Text>Sustainable Infrastructure Materials</Text>
    </ProgramReference>
    <ProgramReference>
      <Code>9150</Code>
      <Text>EXP PROG TO STIM COMP RES</Text>
    </ProgramReference>
    <ProgramReference>
      <Code>9178</Code>
      <Text>UNDERGRADUATE EDUCATION</Text>
    </ProgramReference>
    <ProgramReference>
      <Code>9231</Code>
      <Text>SUPPL FOR UNDERGRAD RES ASSIST</Text>
    </ProgramReference>
    <ProgramReference>
      <Code>9251</Code>
      <Text>RES EXPER FOR UNDERGRAD-SUPPLT</Text>
    </ProgramReference>
    <ProgramReference>
      <Code>CVIS</Code>
      <Text>CIVIL INFRASTRUCTURE</Text>
    </ProgramReference>
  </Award>
</rootTag>
