<?xml version="1.0" encoding="UTF-8"?>

<rootTag>
  <Award>
    <AwardTitle>Conference Support: Dynamical Systems and Randomness</AwardTitle>
    <AwardEffectiveDate>02/01/2009</AwardEffectiveDate>
    <AwardExpirationDate>01/31/2010</AwardExpirationDate>
    <AwardAmount>30000</AwardAmount>
    <AwardInstrument>
      <Value>Standard Grant</Value>
    </AwardInstrument>
    <Organization>
      <Code>03040100</Code>
      <Directorate>
        <LongName>Direct For Mathematical &amp; Physical Scien</LongName>
      </Directorate>
      <Division>
        <LongName>Division Of Mathematical Sciences</LongName>
      </Division>
    </Organization>
    <ProgramOfficer>
      <SignBlockName>Bruce P. Palka</SignBlockName>
    </ProgramOfficer>
    <AbstractNarration>This award will support the participation of US-based mathematicians, especially women, graduate students, postdocs, and young faculty, in "A Conference in Ergodic Theory: Dynamical Systems and Randomness" that will be held at the Institut Henri Poincare' in Paris, France, from May 11-15, 2009. &lt;br/&gt;&lt;br/&gt;This conference, which is to be cosponsored by a consortium of seven French universities, has six major scientific themes: entropy and classification of dynamical systems; smooth models of dynamical systems; rigidity phenomena in ergodic theory; interactions of dynamics with combinatorics and number theory; recurrence and convergence theorems; nilpotent ergodic theory. The format of the conference is such that young people will have ample opportunities to speak. A key purpose of this event is to promote the formation of collaborations between the younger generation of American dynamicists and ergodic theorists and their French counterparts.</AbstractNarration>
    <MinAmdLetterDate>11/17/2008</MinAmdLetterDate>
    <MaxAmdLetterDate>11/17/2008</MaxAmdLetterDate>
    <ARRAAmount/>
    <AwardID>0900876</AwardID>
    <Investigator>
      <FirstName>Bryna</FirstName>
      <LastName>Kra</LastName>
      <EmailAddress>kra@math.northwestern.edu</EmailAddress>
      <StartDate>11/17/2008</StartDate>
      <EndDate/>
      <RoleCode>Principal Investigator</RoleCode>
    </Investigator>
    <Investigator>
      <FirstName>Francois</FirstName>
      <LastName>Ledrappier</LastName>
      <EmailAddress>Ledrappier.1@nd.edu</EmailAddress>
      <StartDate>11/17/2008</StartDate>
      <EndDate/>
      <RoleCode>Co-Principal Investigator</RoleCode>
    </Investigator>
    <Institution>
      <Name>Northwestern University</Name>
      <CityName>Evanston</CityName>
      <ZipCode>602013149</ZipCode>
      <PhoneNumber>8474913003</PhoneNumber>
      <StreetAddress>1801 Maple Ave.</StreetAddress>
      <CountryName>United States</CountryName>
      <StateName>Illinois</StateName>
      <StateCode>IL</StateCode>
    </Institution>
    <FoaInformation>
      <Code>0000099</Code>
      <Name>Other Applications NEC</Name>
    </FoaInformation>
  </Award>
</rootTag>
