<?xml version="1.0" encoding="UTF-8"?>

<rootTag>
  <Award>
    <AwardTitle>Study of Plasmon Resonances in Nanoparticles</AwardTitle>
    <AwardEffectiveDate>09/01/2009</AwardEffectiveDate>
    <AwardExpirationDate>08/31/2012</AwardExpirationDate>
    <AwardAmount>100000</AwardAmount>
    <AwardInstrument>
      <Value>Standard Grant</Value>
    </AwardInstrument>
    <Organization>
      <Code>07010000</Code>
      <Directorate>
        <LongName>Directorate For Engineering</LongName>
      </Directorate>
      <Division>
        <LongName>Div Of Electrical, Commun &amp; Cyber Sys</LongName>
      </Division>
    </Organization>
    <ProgramOfficer>
      <SignBlockName>john zavada</SignBlockName>
    </ProgramOfficer>
    <AbstractNarration>"This award is funded under the American Recovery and Reinvestment Act of 2009 (Public Law 111-5)"&lt;br/&gt;&lt;br/&gt;Currently plasmon resonances are mostly studied numerically or experimentally by using a ?trial-anderror?&lt;br/&gt;approach, i.e., by probing nanoparticles with radiation of various frequencies and polarizations.&lt;br/&gt;The goal of this project is to advance novel techniques for the direct analysis of plasmon resonance&lt;br/&gt;frequencies and plasmon modes in nanoparticles by treating plasmon resonances as an eigen value&lt;br/&gt;problem. The main emphasis of the research work on this project will be the development of novel&lt;br/&gt;boundary integral equation techniques for the time-domain analysis of plasmon resonances, finding the&lt;br/&gt;conditions for efficient coupling of incident radiation to specific plasmon modes, and the study of&lt;br/&gt;general physical properties of plasmon resonances. It is expected that new powerful software tools will&lt;br/&gt;be developed for the design of promising engineering nanostructures. It is also intended to explore the&lt;br/&gt;device applications of plasmon resonances in semiconductor nanoparticles where these resonances can&lt;br/&gt;be controlled through optical manipulation of the conduction electron density. This controllability is&lt;br/&gt;especially promising for the development of all-optical nanotransistors. Furthermore, the research&lt;br/&gt;activities on this project will include the study of applications of plasmon resonances in both thermally&lt;br/&gt;assisted and all-optical magnetic recording as well as the elucidation of the electromagnetic mechanism&lt;br/&gt;of surface enhanced Raman scattering (SERS).</AbstractNarration>
    <MinAmdLetterDate>08/22/2009</MinAmdLetterDate>
    <MaxAmdLetterDate>08/22/2009</MaxAmdLetterDate>
    <ARRAAmount>100000</ARRAAmount>
    <AwardID>0900540</AwardID>
    <Investigator>
      <FirstName>Isaak</FirstName>
      <LastName>Mayergoyz</LastName>
      <EmailAddress>isaak@eng.umd.edu</EmailAddress>
      <StartDate>08/22/2009</StartDate>
      <EndDate/>
      <RoleCode>Principal Investigator</RoleCode>
    </Investigator>
    <Institution>
      <Name>University of Maryland College Park</Name>
      <CityName>COLLEGE PARK</CityName>
      <ZipCode>207425141</ZipCode>
      <PhoneNumber>3014056269</PhoneNumber>
      <StreetAddress>3112 LEE BLDG 7809 Regents Drive</StreetAddress>
      <CountryName>United States</CountryName>
      <StateName>Maryland</StateName>
      <StateCode>MD</StateCode>
    </Institution>
    <FoaInformation>
      <Code>0510403</Code>
      <Name>Engineering &amp; Computer Science</Name>
    </FoaInformation>
    <ProgramElement>
      <Code>7607</Code>
      <Text>ENERGY,POWER,ADAPTIVE SYS</Text>
    </ProgramElement>
    <ProgramReference>
      <Code>0000</Code>
      <Text>UNASSIGNED</Text>
    </ProgramReference>
    <ProgramReference>
      <Code>106E</Code>
      <Text>Mixed signal technologies</Text>
    </ProgramReference>
    <ProgramReference>
      <Code>6890</Code>
      <Text>RECOVERY ACT ACTION</Text>
    </ProgramReference>
    <ProgramReference>
      <Code>OTHR</Code>
      <Text>OTHER RESEARCH OR EDUCATION</Text>
    </ProgramReference>
  </Award>
</rootTag>
