<?xml version="1.0" encoding="UTF-8"?>

<rootTag>
  <Award>
    <AwardTitle>High-Strength High-Strain Structures Using Ceramic Cellular Contact-Aided Compliant Mechanisms (C3M)</AwardTitle>
    <AwardEffectiveDate>05/01/2009</AwardEffectiveDate>
    <AwardExpirationDate>04/30/2013</AwardExpirationDate>
    <AwardAmount>628554</AwardAmount>
    <AwardInstrument>
      <Value>Standard Grant</Value>
    </AwardInstrument>
    <Organization>
      <Code>07030000</Code>
      <Directorate>
        <LongName>Directorate For Engineering</LongName>
      </Directorate>
      <Division>
        <LongName>Div Of Civil, Mechanical, &amp; Manufact Inn</LongName>
      </Division>
    </Organization>
    <ProgramOfficer>
      <SignBlockName>Thomas Siegmund</SignBlockName>
    </ProgramOfficer>
    <AbstractNarration>High-Strength High-Strain Structures Using Ceramic Cellular Contact-Aided Compliant Mechanisms (C3M)&lt;br/&gt;&lt;br/&gt;Cellular Contact-Aided Compliant Mechanisms (C3M) are made up of arrays of cells that come into contact with themselves as the structure deforms. This self-contact provides stress relief. That is, the structure can be deformed to a greater extent before failure than a similar cellular structure without contact. In this research project methods for design and fabrication of high-strength high-strain ceramic C3M will be developed. Ceramic materials are of interest because of their high strength and potential high temperature capability. Ceramic C3M are capable of ultimate strains that are at least an order of magnitude higher than the ultimate strain of the bulk ceramic material. The fabrication method that will be developed is based on a novel ceramic fabrication method known as lost mold, rapid infiltration forming (LM-RIF). This process uses ceramic material comprised of nanoparticles which provide high strength and excellent feature size resolution. In addition to the design and fabrication efforts, prototype ceramic C3M devices will be tested. &lt;br/&gt;&lt;br/&gt;The project will benefit society by creating new and innovative science leading to applications ranging from morphing aircraft to damage tolerant composite armor. The research and education will be integrated through outreach to prospective students, particularly those from underrepresented groups. The results of the research project will be used to help recruit students from underrepresented groups into engineering by supporting the activities of the Penn State Women in Engineering Program (WEP). Specifically, an interactive module for Meet the Machine, the Penn State WEP summer camp for high school girls, will be developed. This effort is expected to spark their interest in Engineering, and help to build the pipeline of future engineers.</AbstractNarration>
    <MinAmdLetterDate>03/24/2009</MinAmdLetterDate>
    <MaxAmdLetterDate>04/27/2009</MaxAmdLetterDate>
    <ARRAAmount/>
    <AwardID>0900368</AwardID>
    <Investigator>
      <FirstName>James</FirstName>
      <LastName>Adair</LastName>
      <EmailAddress>JAdair@PSU.EDU</EmailAddress>
      <StartDate>03/24/2009</StartDate>
      <EndDate/>
      <RoleCode>Co-Principal Investigator</RoleCode>
    </Investigator>
    <Investigator>
      <FirstName>George</FirstName>
      <LastName>Lesieutre</LastName>
      <EmailAddress>g-lesieutre@psu.edu</EmailAddress>
      <StartDate>03/24/2009</StartDate>
      <EndDate/>
      <RoleCode>Co-Principal Investigator</RoleCode>
    </Investigator>
    <Investigator>
      <FirstName>Mary</FirstName>
      <LastName>Frecker</LastName>
      <EmailAddress>mxf36@psu.edu</EmailAddress>
      <StartDate>03/24/2009</StartDate>
      <EndDate/>
      <RoleCode>Principal Investigator</RoleCode>
    </Investigator>
    <Institution>
      <Name>Pennsylvania State Univ University Park</Name>
      <CityName>UNIVERSITY PARK</CityName>
      <ZipCode>168027000</ZipCode>
      <PhoneNumber>8148651372</PhoneNumber>
      <StreetAddress>110 Technology Center Building</StreetAddress>
      <CountryName>United States</CountryName>
      <StateName>Pennsylvania</StateName>
      <StateCode>PA</StateCode>
    </Institution>
    <FoaInformation>
      <Code>0308000</Code>
      <Name>Industrial Technology</Name>
    </FoaInformation>
    <ProgramElement>
      <Code>1630</Code>
      <Text>Mechanics of Materials and Str</Text>
    </ProgramElement>
    <ProgramElement>
      <Code>1674</Code>
      <Text>NANOSCALE: INTRDISCPL RESRCH T</Text>
    </ProgramElement>
    <ProgramReference>
      <Code>022E</Code>
      <Text>SOLID MECHANICS</Text>
    </ProgramReference>
    <ProgramReference>
      <Code>024E</Code>
      <Text>MATERIALS DESIGN</Text>
    </ProgramReference>
    <ProgramReference>
      <Code>9102</Code>
      <Text>WOMEN, MINORITY, DISABLED, NEC</Text>
    </ProgramReference>
    <ProgramReference>
      <Code>9146</Code>
      <Text>MANUFACTURING BASE RESEARCH</Text>
    </ProgramReference>
    <ProgramReference>
      <Code>9161</Code>
      <Text>SINGLE DIVISION/UNIVERSITY</Text>
    </ProgramReference>
    <ProgramReference>
      <Code>9178</Code>
      <Text>UNDERGRADUATE EDUCATION</Text>
    </ProgramReference>
    <ProgramReference>
      <Code>9231</Code>
      <Text>SUPPL FOR UNDERGRAD RES ASSIST</Text>
    </ProgramReference>
    <ProgramReference>
      <Code>9251</Code>
      <Text>RES EXPER FOR UNDERGRAD-SUPPLT</Text>
    </ProgramReference>
    <ProgramReference>
      <Code>AMPP</Code>
      <Text>ADVANCED MATERIALS &amp; PROCESSING PROGRAM</Text>
    </ProgramReference>
    <ProgramReference>
      <Code>MANU</Code>
      <Text>MANUFACTURING</Text>
    </ProgramReference>
  </Award>
</rootTag>
