<?xml version="1.0" encoding="UTF-8"?>

<rootTag>
  <Award>
    <AwardTitle>Collaborative Research: A Miniaturized Uropathogen Dectection System</AwardTitle>
    <AwardEffectiveDate>09/15/2009</AwardEffectiveDate>
    <AwardExpirationDate>08/31/2013</AwardExpirationDate>
    <AwardAmount>199906</AwardAmount>
    <AwardInstrument>
      <Value>Standard Grant</Value>
    </AwardInstrument>
    <Organization>
      <Code>07010000</Code>
      <Directorate>
        <LongName>Directorate For Engineering</LongName>
      </Directorate>
      <Division>
        <LongName>Div Of Electrical, Commun &amp; Cyber Sys</LongName>
      </Division>
    </Organization>
    <ProgramOfficer>
      <SignBlockName>Lawrence S. Goldberg</SignBlockName>
    </ProgramOfficer>
    <AbstractNarration>The objective of this research is to study and implement a miniaturized microfluidic-based uropathogen detection system for rapid detection of bacterial pathogens. The approach is i) to use molecular probe biosensors for targeting four important pathogens including Escherichia coli, Pseudomonas aeruginosa, Proteus mirabilis, and Enterococcus spp. that cause urinary tract infections (UTI), ii) to integrate nanotechnology-enabled fluidic valves to control fluids in microfluidic channels, and iii) to integrate sensing and fluidic modules all on a miniaturized chip to eliminate the requirement of skilled technicians.&lt;br/&gt;The intellectual merit of this research includes the use of molecular biosensors for single step hybridization of bacterial 16S rRNA, which is a well described bacterial ?molecular fingerprint?. The single step hybridization mitigates the complicated sample preparation steps. The nanotechnology-enabled fluidic valves utilize the dynamic modulation of the hydrophobicity of the surface of nanostructures. These nanostructures are approximately 10?s of nanometers tall, yet are sufficient to block fluid flow in micrometer height channels. The molecular biosensor and the nano-valves are integrated on a microfluidic-based platform that is equipped with on-chip heating and sample delivery functions. The miniaturized uropathogen detection system significantly simplifies current standard procedures that are labor-intensive, time consuming, and require a centralized laboratory.&lt;br/&gt;The broader impacts of this research include a miniaturized detection system that can be operated in decentralized settings such as a physician?s office, airports, or battlefield. The research will be integrated across educational fronts including i) course development, ii) student training, iii) undergraduate and minority research opportunities, and iv) outreach programs.</AbstractNarration>
    <MinAmdLetterDate>09/02/2009</MinAmdLetterDate>
    <MaxAmdLetterDate>09/02/2009</MaxAmdLetterDate>
    <ARRAAmount/>
    <AwardID>0900899</AwardID>
    <Investigator>
      <FirstName>Pak Kin</FirstName>
      <LastName>Wong</LastName>
      <EmailAddress>pak@engr.psu.edu</EmailAddress>
      <StartDate>09/02/2009</StartDate>
      <EndDate/>
      <RoleCode>Principal Investigator</RoleCode>
    </Investigator>
    <Institution>
      <Name>University of Arizona</Name>
      <CityName>Tucson</CityName>
      <ZipCode>857194824</ZipCode>
      <PhoneNumber>5206266000</PhoneNumber>
      <StreetAddress>888 N Euclid Ave</StreetAddress>
      <CountryName>United States</CountryName>
      <StateName>Arizona</StateName>
      <StateCode>AZ</StateCode>
    </Institution>
    <FoaInformation>
      <Code>0510403</Code>
      <Name>Engineering &amp; Computer Science</Name>
    </FoaInformation>
    <ProgramElement>
      <Code>7564</Code>
      <Text>COMMS, CIRCUITS &amp; SENS SYS</Text>
    </ProgramElement>
    <ProgramReference>
      <Code>0000</Code>
      <Text>UNASSIGNED</Text>
    </ProgramReference>
    <ProgramReference>
      <Code>099E</Code>
      <Text>High voltage switching &amp; conversion</Text>
    </ProgramReference>
    <ProgramReference>
      <Code>OTHR</Code>
      <Text>OTHER RESEARCH OR EDUCATION</Text>
    </ProgramReference>
  </Award>
</rootTag>
