<?xml version="1.0" encoding="UTF-8"?>

<rootTag>
  <Award>
    <AwardTitle>Continuous Piezoelectric Health Monitoring Systems Based on Ultrasonic Guided Waves</AwardTitle>
    <AwardEffectiveDate>08/01/2009</AwardEffectiveDate>
    <AwardExpirationDate>07/31/2013</AwardExpirationDate>
    <AwardAmount>320000</AwardAmount>
    <AwardInstrument>
      <Value>Standard Grant</Value>
    </AwardInstrument>
    <Organization>
      <Code>07030000</Code>
      <Directorate>
        <LongName>Directorate For Engineering</LongName>
      </Directorate>
      <Division>
        <LongName>Div Of Civil, Mechanical, &amp; Manufact Inn</LongName>
      </Division>
    </Organization>
    <ProgramOfficer>
      <SignBlockName>George A. Hazelrigg</SignBlockName>
    </ProgramOfficer>
    <AbstractNarration>This proposal will be awarded using funds made available by the American Recovery and Reinvestment Act of 2009 (Public Law 111-5), and meets the requirements established in Section 2 of the White House Memorandum entitled, Ensuring Responsible Spending of Recovery Act Funds, dated March 20, 2009. I also affirm, as the cognizant Program Officer, that the proposal does not support projects described in Section 1604 of Division A of the Recovery Act. &lt;br/&gt;&lt;br/&gt;Continuous comb transducer strips will generate ultrasonic guided waves for structural health monitoring (SHM) of plate and shell structures. A theoretically driven approach, based on the application of wave mechanics principles, will be used to research and design a network of strip sensors. Fibrous piezoelectric composites will be considered for the comb elements, widely expanding the design space of these elements to include fiber orientation and volume fraction in addition to size, configuration, and location/size of the electrodes. Piezoelectric and mechanical material properties for these innovative sensor designs will be researched. The system will be capable of active interrogation with Lamb waves upon demand, as well as passive monitoring of acoustic emissions with low power. &lt;br/&gt;&lt;br/&gt;Project progress and results will be shared with the Center of Excellence in Structural Health Monitoring. The center bridges academia, government, and industry and aims to advance the state of the art in SHM and transfer technology. The investigators will outreach to middle school and high school students, especially targeting young women and underrepresented groups. The graduate students will have the opportunity to work with the Air Force Research Laboratory and a small business entity.</AbstractNarration>
    <MinAmdLetterDate>07/20/2009</MinAmdLetterDate>
    <MaxAmdLetterDate>07/20/2009</MaxAmdLetterDate>
    <ARRAAmount>320000</ARRAAmount>
    <AwardID>0900284</AwardID>
    <Investigator>
      <FirstName>Joseph</FirstName>
      <LastName>Rose</LastName>
      <EmailAddress>jlresm@engr.psu.edu</EmailAddress>
      <StartDate>07/20/2009</StartDate>
      <EndDate/>
      <RoleCode>Co-Principal Investigator</RoleCode>
    </Investigator>
    <Investigator>
      <FirstName>Cliff</FirstName>
      <LastName>Lissenden</LastName>
      <EmailAddress>lissenden@psu.edu</EmailAddress>
      <StartDate>07/20/2009</StartDate>
      <EndDate/>
      <RoleCode>Principal Investigator</RoleCode>
    </Investigator>
    <Institution>
      <Name>Pennsylvania State Univ University Park</Name>
      <CityName>UNIVERSITY PARK</CityName>
      <ZipCode>168027000</ZipCode>
      <PhoneNumber>8148651372</PhoneNumber>
      <StreetAddress>110 Technology Center Building</StreetAddress>
      <CountryName>United States</CountryName>
      <StateName>Pennsylvania</StateName>
      <StateCode>PA</StateCode>
    </Institution>
    <ProgramElement>
      <Code>1639</Code>
      <Text>SENSORS AND SENSING SYSTEMS</Text>
    </ProgramElement>
    <ProgramReference>
      <Code>032E</Code>
      <Text>SENSORS AND ACTUATORS</Text>
    </ProgramReference>
    <ProgramReference>
      <Code>036E</Code>
      <Text>CIVIL INFRASTRUCTURE</Text>
    </ProgramReference>
    <ProgramReference>
      <Code>1057</Code>
      <Text>CIS BASE RESEARCH</Text>
    </ProgramReference>
    <ProgramReference>
      <Code>1059</Code>
      <Text>SENSORS AND SENSOR SYSTEMS FOR CIS</Text>
    </ProgramReference>
    <ProgramReference>
      <Code>7234</Code>
      <Text>SENSORS NON-SOLICITATION RESEA</Text>
    </ProgramReference>
    <ProgramReference>
      <Code>CVIS</Code>
      <Text>CIVIL INFRASTRUCTURE</Text>
    </ProgramReference>
    <ProgramReference>
      <Code>6890</Code>
      <Text>RECOVERY ACT ACTION</Text>
    </ProgramReference>
  </Award>
</rootTag>
