<?xml version="1.0" encoding="UTF-8"?>

<rootTag>
  <Award>
    <AwardTitle>Noninvasive Optical Sensing of Micro-Retroreflectors in Turbid Media and Tissue</AwardTitle>
    <AwardEffectiveDate>05/01/2009</AwardEffectiveDate>
    <AwardExpirationDate>01/31/2013</AwardExpirationDate>
    <AwardAmount>370001</AwardAmount>
    <AwardInstrument>
      <Value>Standard Grant</Value>
    </AwardInstrument>
    <Organization>
      <Code>07030000</Code>
      <Directorate>
        <LongName>Directorate For Engineering</LongName>
      </Directorate>
      <Division>
        <LongName>Div Of Civil, Mechanical, &amp; Manufact Inn</LongName>
      </Division>
    </Organization>
    <ProgramOfficer>
      <SignBlockName>George A. Hazelrigg</SignBlockName>
    </ProgramOfficer>
    <AbstractNarration>The ability to detect biologically modulated signals from beneath tissue will allow for the development of implantable biological sensors that overcome the need for frequent blood sample collection. The intellectual merit of the proposed research lies in developing a fundamental understanding of noninvasive depth-resolved detection and monitoring of micro-retroreflectors in turbid media, and of imaging contrast mechanisms for reflectivity modulation by biologically-mediated self-assembly of nanoparticles on the retroreflector surfaces. This work is expected to create a sensor platform that can be non-invasively detected below tissue and which also has applications to improved immunoassays, cell sorting, microarray applications, and in vivo monitoring of bioagents. The broader impact of this work lies in the education, outreach, and recruitment of students (including underrepresented minorities) to Engineering through 1) Integration of research results in Engineering courses and lectures; (2) Student summer research opportunities, (3) High school teacher/student outreach, (4) Middle/High school student demonstrations during UH Preview Days, and (5) International education conferences. The broader technical impact of this project extends from non-invasive physiological and biomedical monitoring, to cell sorting, immunoassay and nucleic acids assays.</AbstractNarration>
    <MinAmdLetterDate>02/20/2009</MinAmdLetterDate>
    <MaxAmdLetterDate>02/20/2009</MaxAmdLetterDate>
    <ARRAAmount/>
    <AwardID>0900743</AwardID>
    <Investigator>
      <FirstName>Kirill</FirstName>
      <LastName>Larin</LastName>
      <EmailAddress>klarin@uh.edu</EmailAddress>
      <StartDate>02/20/2009</StartDate>
      <EndDate/>
      <RoleCode>Principal Investigator</RoleCode>
    </Investigator>
    <Investigator>
      <FirstName>Paul</FirstName>
      <LastName>Ruchhoeft</LastName>
      <EmailAddress>pruchhoeft@uh.edu</EmailAddress>
      <StartDate>02/20/2009</StartDate>
      <EndDate/>
      <RoleCode>Co-Principal Investigator</RoleCode>
    </Investigator>
    <Investigator>
      <FirstName>Richard</FirstName>
      <LastName>Willson</LastName>
      <EmailAddress>willson@uh.edu</EmailAddress>
      <StartDate>02/20/2009</StartDate>
      <EndDate/>
      <RoleCode>Co-Principal Investigator</RoleCode>
    </Investigator>
    <Institution>
      <Name>University of Houston</Name>
      <CityName>Houston</CityName>
      <ZipCode>772042015</ZipCode>
      <PhoneNumber>7137435773</PhoneNumber>
      <StreetAddress>4800 Calhoun Boulevard</StreetAddress>
      <CountryName>United States</CountryName>
      <StateName>Texas</StateName>
      <StateCode>TX</StateCode>
    </Institution>
    <FoaInformation>
      <Code>0308000</Code>
      <Name>Industrial Technology</Name>
    </FoaInformation>
    <ProgramElement>
      <Code>1639</Code>
      <Text>SENSORS AND SENSING SYSTEMS</Text>
    </ProgramElement>
    <ProgramReference>
      <Code>032E</Code>
      <Text>SENSORS AND ACTUATORS</Text>
    </ProgramReference>
    <ProgramReference>
      <Code>036E</Code>
      <Text>CIVIL INFRASTRUCTURE</Text>
    </ProgramReference>
    <ProgramReference>
      <Code>1057</Code>
      <Text>CIS BASE RESEARCH</Text>
    </ProgramReference>
    <ProgramReference>
      <Code>1059</Code>
      <Text>SENSORS AND SENSOR SYSTEMS FOR CIS</Text>
    </ProgramReference>
    <ProgramReference>
      <Code>7234</Code>
      <Text>SENSORS NON-SOLICITATION RESEA</Text>
    </ProgramReference>
    <ProgramReference>
      <Code>CVIS</Code>
      <Text>CIVIL INFRASTRUCTURE</Text>
    </ProgramReference>
  </Award>
</rootTag>
