<?xml version="1.0" encoding="UTF-8"?>

<rootTag>
  <Award>
    <AwardTitle>Enhancement, Entanglement, and Tunable Three-Body Interactions in coupled Atom-Molecule Gases</AwardTitle>
    <AwardEffectiveDate>09/01/2009</AwardEffectiveDate>
    <AwardExpirationDate>08/31/2010</AwardExpirationDate>
    <AwardAmount>54253</AwardAmount>
    <AwardInstrument>
      <Value>Standard Grant</Value>
    </AwardInstrument>
    <Organization>
      <Code>03010000</Code>
      <Directorate>
        <LongName>Direct For Mathematical &amp; Physical Scien</LongName>
      </Directorate>
      <Division>
        <LongName>Division Of Physics</LongName>
      </Division>
    </Organization>
    <ProgramOfficer>
      <SignBlockName>Ann Orel</SignBlockName>
    </ProgramOfficer>
    <AbstractNarration>This award is funded under the American Recovery and Reinvestment Act of 2009 (Public Law 111-5).&lt;br/&gt;&lt;br/&gt;Photoassociation, which occurs in an ultracold gas when one of the atoms in a colliding pair absorbs a photon of laser light, will be studied, utilizing methods previously developed when one of the atoms in a colliding pair undergoes a spin flip in the presence of a background magnetic field chosen to be resonant. Leftover atoms will be strongly entangled, allowing ultracold quantum computing. It will be examined whether the associated molecules and leftover atoms can associate into triatomic molecules. The work will utilize a few-level framework and the machinery of quantum optics and laser spectroscopy. &lt;br/&gt;&lt;br/&gt;This quantum-matter-optics approach is simple and accessible, facilitating the involvement of both graduate and undergraduate students in advancing discovery and understanding. In particular, graduate students will mentor the undergraduates, and mentoring directly impacts retention for both the mentor and those being mentored.</AbstractNarration>
    <MinAmdLetterDate>07/22/2009</MinAmdLetterDate>
    <MaxAmdLetterDate>07/22/2009</MaxAmdLetterDate>
    <ARRAAmount>54253</ARRAAmount>
    <AwardID>0900698</AwardID>
    <Investigator>
      <FirstName>Matt</FirstName>
      <LastName>Mackie</LastName>
      <EmailAddress>matt.mackie@temple.edu</EmailAddress>
      <StartDate>07/22/2009</StartDate>
      <EndDate/>
      <RoleCode>Principal Investigator</RoleCode>
    </Investigator>
    <Institution>
      <Name>Temple University</Name>
      <CityName>PHILADELPHIA</CityName>
      <ZipCode>191405104</ZipCode>
      <PhoneNumber>2157077379</PhoneNumber>
      <StreetAddress>3340 N. Broad Street</StreetAddress>
      <CountryName>United States</CountryName>
      <StateName>Pennsylvania</StateName>
      <StateCode>PA</StateCode>
    </Institution>
    <FoaInformation>
      <Code>0000099</Code>
      <Name>Other Applications NEC</Name>
    </FoaInformation>
  </Award>
</rootTag>
