<?xml version="1.0" encoding="UTF-8"?>

<rootTag>
  <Award>
    <AwardTitle>Derivations, quantum Dirichlet forms, and deformation/rigidity theory in von Neumann algebras</AwardTitle>
    <AwardEffectiveDate>06/15/2009</AwardEffectiveDate>
    <AwardExpirationDate>05/31/2012</AwardExpirationDate>
    <AwardAmount>124261</AwardAmount>
    <AwardInstrument>
      <Value>Standard Grant</Value>
    </AwardInstrument>
    <Organization>
      <Code>03040000</Code>
      <Directorate>
        <LongName>Direct For Mathematical &amp; Physical Scien</LongName>
      </Directorate>
      <Division>
        <LongName>Division Of Mathematical Sciences</LongName>
      </Division>
    </Organization>
    <ProgramOfficer>
      <SignBlockName>Bruce P. Palka</SignBlockName>
    </ProgramOfficer>
    <AbstractNarration>This award is funded under the American Recovery and Reinvestment Act of 2009 (Public Law 111-5). &lt;br/&gt;&lt;br/&gt;&lt;br/&gt;The theory of von Neumann algebras is a non-commutative integration theory which was first developed by F. Murray and J. von Neumann as a tool for understanding representation theory for groups as well as providing a mathematical framework for quantum mechanics. Recently the appearance of new rigidity phenomena in von Neumann algebras has led to deeper understanding and to the solutions to many longstanding problems both in von Neumann algebras and in other areas such as orbit equivalence ergodic theory and measurable equivalence relations. There has also emerged recently a connection between deformation/rigidity theory, free probability, group cohomology, and derivations/quantum Dirichlet forms on von Neumann algebras. It is the intent of this author to investigate these new connections in order to gain more understanding of the relationship which is developing, and to use this understanding in order to approach some deep problems from new perspectives.</AbstractNarration>
    <MinAmdLetterDate>06/16/2009</MinAmdLetterDate>
    <MaxAmdLetterDate>06/16/2009</MaxAmdLetterDate>
    <ARRAAmount>124261</ARRAAmount>
    <AwardID>0901510</AwardID>
    <Investigator>
      <FirstName>Jesse</FirstName>
      <LastName>Peterson</LastName>
      <EmailAddress>jesse.d.peterson@vanderbilt.edu</EmailAddress>
      <StartDate>06/16/2009</StartDate>
      <EndDate/>
      <RoleCode>Principal Investigator</RoleCode>
    </Investigator>
    <Institution>
      <Name>Vanderbilt University</Name>
      <CityName>Nashville</CityName>
      <ZipCode>372350002</ZipCode>
      <PhoneNumber>6153222631</PhoneNumber>
      <StreetAddress>Sponsored Programs Administratio</StreetAddress>
      <CountryName>United States</CountryName>
      <StateName>Tennessee</StateName>
      <StateCode>TN</StateCode>
    </Institution>
    <FoaInformation>
      <Code>0000099</Code>
      <Name>Other Applications NEC</Name>
    </FoaInformation>
    <ProgramElement>
      <Code>1281</Code>
      <Text>ANALYSIS PROGRAM</Text>
    </ProgramElement>
    <ProgramReference>
      <Code>0000</Code>
      <Text>UNASSIGNED</Text>
    </ProgramReference>
    <ProgramReference>
      <Code>6890</Code>
      <Text>RECOVERY ACT ACTION</Text>
    </ProgramReference>
    <ProgramReference>
      <Code>9150</Code>
      <Text>EXP PROG TO STIM COMP RES</Text>
    </ProgramReference>
    <ProgramReference>
      <Code>OTHR</Code>
      <Text>OTHER RESEARCH OR EDUCATION</Text>
    </ProgramReference>
  </Award>
</rootTag>
