<?xml version="1.0" encoding="UTF-8"?>

<rootTag>
  <Award>
    <AwardTitle>US - South America Workshop: Intraspecific variation and social systems: Explaining variation based on neuroendocrine and genetic mechanisms; Santiago, Chile, August, 2009.</AwardTitle>
    <AwardEffectiveDate>04/15/2009</AwardEffectiveDate>
    <AwardExpirationDate>09/30/2011</AwardExpirationDate>
    <AwardAmount>29609</AwardAmount>
    <AwardInstrument>
      <Value>Standard Grant</Value>
    </AwardInstrument>
    <Organization>
      <Code>01090000</Code>
      <Directorate>
        <LongName>Office Of The Director</LongName>
      </Directorate>
      <Division>
        <LongName>Office Of Internatl Science &amp;Engineering</LongName>
      </Division>
    </Organization>
    <ProgramOfficer>
      <SignBlockName>Anne-Marie Schmoltner</SignBlockName>
    </ProgramOfficer>
    <AbstractNarration>Abstract&lt;br/&gt;0901056: Loren D. Hayes, The University of Louisiana at Monroe&lt;br/&gt;0901045: Daniel T. Blumstein, UCLA&lt;br/&gt;&lt;br/&gt;This U.S.-Chile collaborative award will support a workshop on intraspecific variation and social systems. The event will be held in August 2009 at the Universidad Católica de Chile. The workshop will be organized by Dr. Loren Hayes of the University of Louisiana at Monroe, Dr. Daniel Blumstein of UCLA, and Dr. Rodrigo Vasquez and Dr. Luis Ebensperger from the Universidad Católica de Chile. The meeting will serve as a forum for researchers to discuss new ways of thinking about mechanisms that lead to instraspecific variation in animal social systems. The workshop will foster communication between an interdisciplinary group of experts in the fields of behavioral ecology, endocrinology, genetics, and neurobiology. Particular emphasis will be placed on the participation of graduate students and junior researchers. &lt;br/&gt;&lt;br/&gt;A key objective of the workshop is to plan the development of a mechanistically-sound model of social variation, with an aim to predict the effect of intraspecific habitat variation on the expression of social group living and mating systems. Specifically this workshop will expand the scope of existing ecological models for social group formation and maintenance.</AbstractNarration>
    <MinAmdLetterDate>04/06/2009</MinAmdLetterDate>
    <MaxAmdLetterDate>04/06/2009</MaxAmdLetterDate>
    <ARRAAmount/>
    <AwardID>0901056</AwardID>
    <Investigator>
      <FirstName>Loren</FirstName>
      <LastName>Hayes</LastName>
      <EmailAddress>Loren-Hayes@utc.edu</EmailAddress>
      <StartDate>04/06/2009</StartDate>
      <EndDate/>
      <RoleCode>Principal Investigator</RoleCode>
    </Investigator>
    <Institution>
      <Name>The University of Louisiana at Monroe</Name>
      <CityName>Monroe</CityName>
      <ZipCode>712090001</ZipCode>
      <PhoneNumber>3183421039</PhoneNumber>
      <StreetAddress>700 University Avenue</StreetAddress>
      <CountryName>United States</CountryName>
      <StateName>Louisiana</StateName>
      <StateCode>LA</StateCode>
    </Institution>
    <ProgramElement>
      <Code>7299</Code>
      <Text>Catalyzing New Intl Collab</Text>
    </ProgramElement>
    <ProgramReference>
      <Code>0000</Code>
      <Text>UNASSIGNED</Text>
    </ProgramReference>
    <ProgramReference>
      <Code>5974</Code>
      <Text>CHILE</Text>
    </ProgramReference>
    <ProgramReference>
      <Code>5977</Code>
      <Text>AMERICAS PROGRAM</Text>
    </ProgramReference>
    <ProgramReference>
      <Code>9150</Code>
      <Text>EXP PROG TO STIM COMP RES</Text>
    </ProgramReference>
    <ProgramReference>
      <Code>OTHR</Code>
      <Text>OTHER RESEARCH OR EDUCATION</Text>
    </ProgramReference>
  </Award>
</rootTag>
