<?xml version="1.0" encoding="UTF-8"?>

<rootTag>
  <Award>
    <AwardTitle>Geometric Representation Growth</AwardTitle>
    <AwardEffectiveDate>08/01/2009</AwardEffectiveDate>
    <AwardExpirationDate>08/31/2012</AwardExpirationDate>
    <AwardAmount>133238</AwardAmount>
    <AwardInstrument>
      <Value>Standard Grant</Value>
    </AwardInstrument>
    <Organization>
      <Code>03040000</Code>
      <Directorate>
        <LongName>Direct For Mathematical &amp; Physical Scien</LongName>
      </Directorate>
      <Division>
        <LongName>Division Of Mathematical Sciences</LongName>
      </Division>
    </Organization>
    <ProgramOfficer>
      <SignBlockName>Tie Luo</SignBlockName>
    </ProgramOfficer>
    <AbstractNarration>This award is funded under the American Recovery and Reinvestment Act of 2009 (Public Law 111-5).&lt;br/&gt;&lt;br/&gt;The Principal Investigator will conduct research on applications of algebro-geometric methods to Asymptotic Group Theory. The main goals of this project are twofold. One objective is to show that some group theoretic invariants (representation zeta functions) of arithmetic groups are motivic. The other objective is to study properties of these motives.&lt;br/&gt;&lt;br/&gt;Group Theory is the mathematical field of inquiry that studies symmetry.&lt;br/&gt;Groups, which are the main object of focus, are usually analyzed by attaching numbers to them. The goal of this project is to show that, in some cases, these numbers have another interpretation. More precisely, the Principal Investigator will try to show that these numbers (representation zeta functions of arithmetic groups) are equal to the number of solutions of some polynomial equations. In this way, the different numbers attached to a group, as well as the numbers attached to different groups will be studied.</AbstractNarration>
    <MinAmdLetterDate>08/02/2009</MinAmdLetterDate>
    <MaxAmdLetterDate>08/02/2009</MaxAmdLetterDate>
    <ARRAAmount>133238</ARRAAmount>
    <AwardID>0901638</AwardID>
    <Investigator>
      <FirstName>Nir</FirstName>
      <LastName>Avni</LastName>
      <EmailAddress>avni.nir@gmail.com</EmailAddress>
      <StartDate>08/02/2009</StartDate>
      <EndDate/>
      <RoleCode>Principal Investigator</RoleCode>
    </Investigator>
    <Institution>
      <Name>Harvard University</Name>
      <CityName>Cambridge</CityName>
      <ZipCode>021385366</ZipCode>
      <PhoneNumber>6174955501</PhoneNumber>
      <StreetAddress>1033 MASSACHUSETTS AVE</StreetAddress>
      <CountryName>United States</CountryName>
      <StateName>Massachusetts</StateName>
      <StateCode>MA</StateCode>
    </Institution>
    <FoaInformation>
      <Code>0000099</Code>
      <Name>Other Applications NEC</Name>
    </FoaInformation>
    <ProgramElement>
      <Code>1264</Code>
      <Text>ALGEBRA,NUMBER THEORY,AND COM</Text>
    </ProgramElement>
    <ProgramReference>
      <Code>0000</Code>
      <Text>UNASSIGNED</Text>
    </ProgramReference>
    <ProgramReference>
      <Code>6890</Code>
      <Text>RECOVERY ACT ACTION</Text>
    </ProgramReference>
    <ProgramReference>
      <Code>OTHR</Code>
      <Text>OTHER RESEARCH OR EDUCATION</Text>
    </ProgramReference>
  </Award>
</rootTag>
