<?xml version="1.0" encoding="UTF-8"?>

<rootTag>
  <Award>
    <AwardTitle>Interactions between Representation Theory, Quantum Field Theory, Category Theory, and Quantum Information Theory; August 2009, Tyler, TX</AwardTitle>
    <AwardEffectiveDate>05/01/2009</AwardEffectiveDate>
    <AwardExpirationDate>04/30/2010</AwardExpirationDate>
    <AwardAmount>10000</AwardAmount>
    <AwardInstrument>
      <Value>Standard Grant</Value>
    </AwardInstrument>
    <Organization>
      <Code>03040000</Code>
      <Directorate>
        <LongName>Direct For Mathematical &amp; Physical Scien</LongName>
      </Directorate>
      <Division>
        <LongName>Division Of Mathematical Sciences</LongName>
      </Division>
    </Organization>
    <ProgramOfficer>
      <SignBlockName>Joanna Kania-Bartoszynska</SignBlockName>
    </ProgramOfficer>
    <AbstractNarration>This conference is on Interactions between Representation Theory, Quantum Field Theory, Category Theory, Mathematical Physics, and Quantum Information Theory. The conference will bring together experts in the areas of Topology, Hopf Algebras, Quantum Topology, Category Theory, Representation Theory, Mathematical Physics, and Quantum Information Theory. These fields are interrelated and have motivated each others' development. &lt;br/&gt;&lt;br/&gt;The conference will be of benefit to American mathematics, mathematical researchers, and quantum computational researchers. Cross-disciplinary interactions are widely recognized for their value in stimulating new ideas and advances and will thus not only increase the knowledge of the participants, but could result in the new invention and new discovery.</AbstractNarration>
    <MinAmdLetterDate>12/22/2008</MinAmdLetterDate>
    <MaxAmdLetterDate>12/22/2008</MaxAmdLetterDate>
    <ARRAAmount/>
    <AwardID>0901385</AwardID>
    <Investigator>
      <FirstName>Kazem</FirstName>
      <LastName>Mahdavi</LastName>
      <EmailAddress>kmahdavi@uttyler.edu</EmailAddress>
      <StartDate>12/22/2008</StartDate>
      <EndDate/>
      <RoleCode>Principal Investigator</RoleCode>
    </Investigator>
    <Investigator>
      <FirstName>Leonard</FirstName>
      <LastName>Brown</LastName>
      <EmailAddress>Leonard_Brown@uttyler.edu</EmailAddress>
      <StartDate>12/22/2008</StartDate>
      <EndDate/>
      <RoleCode>Co-Principal Investigator</RoleCode>
    </Investigator>
    <Investigator>
      <FirstName>Deborah</FirstName>
      <LastName>Koslover</LastName>
      <EmailAddress>Debbie_Koslover@uttyler.edu</EmailAddress>
      <StartDate>12/22/2008</StartDate>
      <EndDate/>
      <RoleCode>Co-Principal Investigator</RoleCode>
    </Investigator>
    <Institution>
      <Name>University of Texas at Tyler</Name>
      <CityName>Tyler</CityName>
      <ZipCode>757990001</ZipCode>
      <PhoneNumber>9035667132</PhoneNumber>
      <StreetAddress>3900 University Boulevard</StreetAddress>
      <CountryName>United States</CountryName>
      <StateName>Texas</StateName>
      <StateCode>TX</StateCode>
    </Institution>
    <FoaInformation>
      <Code>0000099</Code>
      <Name>Other Applications NEC</Name>
    </FoaInformation>
  </Award>
</rootTag>
