<?xml version="1.0" encoding="UTF-8"?>

<rootTag>
  <Award>
    <AwardTitle>Collaborative Research: IHCS-Cybersystems: Integration of Protocol and Hardware Design for Securing Internet Communications</AwardTitle>
    <AwardEffectiveDate>08/01/2009</AwardEffectiveDate>
    <AwardExpirationDate>02/28/2011</AwardExpirationDate>
    <AwardAmount>150118</AwardAmount>
    <AwardInstrument>
      <Value>Standard Grant</Value>
    </AwardInstrument>
    <Organization>
      <Code>07010000</Code>
      <Directorate>
        <LongName>Directorate For Engineering</LongName>
      </Directorate>
      <Division>
        <LongName>Div Of Electrical, Commun &amp; Cyber Sys</LongName>
      </Division>
    </Organization>
    <ProgramOfficer>
      <SignBlockName>Zygmunt J. Haas</SignBlockName>
    </ProgramOfficer>
    <AbstractNarration>The objective of this research is to design a series of security enhancements at the network layer to defend Internet services against malicious attacks. The approach integrates protocol design at the network layer with hardware design at the physical layer. The proposed approach has the potential to deliver effective, low-cost, and easy-to-upgrade solutions to secure the next-generation Internet.&lt;br/&gt;&lt;br/&gt;With respect to intellectual merit, the research addresses the opportunity to improve security at the network layer, while most recent advances in security have focused on the transport and application layers. The research also considers the integration of protocol design at the network layer with hardware implementation at the physical layer. The proposed enhancements are co-developed and co-deployed at the network and physical layers, with the goal of high efficiency. The research focuses on the judicious integration of software and hardware techniques to resolve the challenges of providing effective network security with efficient hardware support.&lt;br/&gt;&lt;br/&gt;With respect to the potential for broader impact, this research can serve as a catalyst for the large-scale deployment of effective and robust security services on the Internet, offering a high level of reliability for future security services. The approach to developing security techniques simultaneously across different layers has the potential to provoke more basic research in this area. The project also focuses on integrating education and research activities through enhancing undergraduate and graduate courses on network security and very large-scale integrated (VLSI) circuit design.</AbstractNarration>
    <MinAmdLetterDate>07/07/2009</MinAmdLetterDate>
    <MaxAmdLetterDate>07/07/2009</MaxAmdLetterDate>
    <ARRAAmount/>
    <AwardID>0901530</AwardID>
    <Investigator>
      <FirstName>Xun</FirstName>
      <LastName>Liu</LastName>
      <EmailAddress>xliu04@wm.edu</EmailAddress>
      <StartDate>07/07/2009</StartDate>
      <EndDate/>
      <RoleCode>Principal Investigator</RoleCode>
    </Investigator>
    <Institution>
      <Name>North Carolina State University</Name>
      <CityName>RALEIGH</CityName>
      <ZipCode>276957514</ZipCode>
      <PhoneNumber>9195152444</PhoneNumber>
      <StreetAddress>CAMPUS BOX 7514</StreetAddress>
      <CountryName>United States</CountryName>
      <StateName>North Carolina</StateName>
      <StateCode>NC</StateCode>
    </Institution>
    <FoaInformation>
      <Code>0510403</Code>
      <Name>Engineering &amp; Computer Science</Name>
    </FoaInformation>
    <ProgramElement>
      <Code>7564</Code>
      <Text>COMMS, CIRCUITS &amp; SENS SYS</Text>
    </ProgramElement>
    <ProgramReference>
      <Code>0000</Code>
      <Text>UNASSIGNED</Text>
    </ProgramReference>
    <ProgramReference>
      <Code>7423</Code>
      <Text>Energy collection &amp; storage</Text>
    </ProgramReference>
    <ProgramReference>
      <Code>OTHR</Code>
      <Text>OTHER RESEARCH OR EDUCATION</Text>
    </ProgramReference>
  </Award>
</rootTag>
