<?xml version="1.0" encoding="UTF-8"?>

<rootTag>
  <Award>
    <AwardTitle>Geometric configuration and Fourier analysis</AwardTitle>
    <AwardEffectiveDate>08/15/2009</AwardEffectiveDate>
    <AwardExpirationDate>08/31/2010</AwardExpirationDate>
    <AwardAmount>97675</AwardAmount>
    <AwardInstrument>
      <Value>Continuing grant</Value>
    </AwardInstrument>
    <Organization>
      <Code>03040100</Code>
      <Directorate>
        <LongName>Direct For Mathematical &amp; Physical Scien</LongName>
      </Directorate>
      <Division>
        <LongName>Division Of Mathematical Sciences</LongName>
      </Division>
    </Organization>
    <ProgramOfficer>
      <SignBlockName>Joe W. Jenkins</SignBlockName>
    </ProgramOfficer>
    <AbstractNarration>The main thrust of this proposal is the study of k-point configurations in discrete, continuous and arithmetic settings. The basic question is to determine how large a subset of a given vector space needs to be to ensure that it determines a substantial proportion of all possible finite point configurations up to congruence. The research involves a tight interaction between analytic, number theoretic and combinatorial methods in a seamless symbiosis that allows for a deeper understanding of the associated techniques and ideas. &lt;br/&gt;&lt;br/&gt;The techniques and ideas of the proposal do not only involve interaction between different areas of mathematics. They also involve ideas from theoretical computer science with potential applications to data mining, coding, signal processing, bioinformatics and many other areas of modern science. Modern harmonic analysis, which is PI?s main area of expertise, is a treasure trove of techniques and ideas that have found relevance in virtually every scientific disciplines and this influence will continue to grow in the years and decades to come.</AbstractNarration>
    <MinAmdLetterDate>08/18/2009</MinAmdLetterDate>
    <MaxAmdLetterDate>08/18/2009</MaxAmdLetterDate>
    <ARRAAmount/>
    <AwardID>0901553</AwardID>
    <Investigator>
      <FirstName>Alex</FirstName>
      <LastName>Iosevich</LastName>
      <EmailAddress>iosevich@math.rochester.edu</EmailAddress>
      <StartDate>08/18/2009</StartDate>
      <EndDate/>
      <RoleCode>Principal Investigator</RoleCode>
    </Investigator>
    <Institution>
      <Name>University of Missouri-Columbia</Name>
      <CityName>COLUMBIA</CityName>
      <ZipCode>652110001</ZipCode>
      <PhoneNumber>5738827560</PhoneNumber>
      <StreetAddress>115 Business Loop 70 W</StreetAddress>
      <CountryName>United States</CountryName>
      <StateName>Missouri</StateName>
      <StateCode>MO</StateCode>
    </Institution>
    <FoaInformation>
      <Code>0000099</Code>
      <Name>Other Applications NEC</Name>
    </FoaInformation>
    <ProgramElement>
      <Code>1264</Code>
      <Text>ALGEBRA,NUMBER THEORY,AND COM</Text>
    </ProgramElement>
    <ProgramReference>
      <Code>0000</Code>
      <Text>UNASSIGNED</Text>
    </ProgramReference>
    <ProgramReference>
      <Code>OTHR</Code>
      <Text>OTHER RESEARCH OR EDUCATION</Text>
    </ProgramReference>
    <ProgramReference>
      <Code>9178</Code>
      <Text>UNDERGRADUATE EDUCATION</Text>
    </ProgramReference>
    <ProgramReference>
      <Code>9251</Code>
      <Text>RES EXPER FOR UNDERGRAD-SUPPLT</Text>
    </ProgramReference>
  </Award>
</rootTag>
