<?xml version="1.0" encoding="UTF-8"?>

<rootTag>
  <Award>
    <AwardTitle>Functoriality of Gromov--Witten theory</AwardTitle>
    <AwardEffectiveDate>07/01/2009</AwardEffectiveDate>
    <AwardExpirationDate>06/30/2013</AwardExpirationDate>
    <AwardAmount>253315</AwardAmount>
    <AwardInstrument>
      <Value>Continuing grant</Value>
    </AwardInstrument>
    <Organization>
      <Code>03040000</Code>
      <Directorate>
        <LongName>Direct For Mathematical &amp; Physical Scien</LongName>
      </Directorate>
      <Division>
        <LongName>Division Of Mathematical Sciences</LongName>
      </Division>
    </Organization>
    <ProgramOfficer>
      <SignBlockName>Tie Luo</SignBlockName>
    </ProgramOfficer>
    <AbstractNarration>The proposed research lies on the interaction between Gromov--Witten theory and other subjects in mathematics and physics, including birational geometry, moduli of curves, and mirror symmetry. The main themes of the proposal are the functoriality of Gromov--Witten theory under crepant transformations and the mirror symmetry in the orbifold category.&lt;br/&gt;&lt;br/&gt;Gromov--Witten theory lies in the intersection of many exciting research areas in mathematics and physics. On the one hand, the theory itself has remarkable conjectural structures. Investigating these structures requires some new insights into the theory and input from other areas. This provides a lot of interesting problems for classical subjects in mathematics. On the other hand, it also helps to discover deep relations and connections between existing mathematics.</AbstractNarration>
    <MinAmdLetterDate>05/13/2009</MinAmdLetterDate>
    <MaxAmdLetterDate>05/05/2011</MaxAmdLetterDate>
    <ARRAAmount/>
    <AwardID>0901098</AwardID>
    <Investigator>
      <FirstName>Yuan-Pin</FirstName>
      <LastName>Lee</LastName>
      <EmailAddress>yplee@math.utah.edu</EmailAddress>
      <StartDate>05/13/2009</StartDate>
      <EndDate/>
      <RoleCode>Principal Investigator</RoleCode>
    </Investigator>
    <Institution>
      <Name>University of Utah</Name>
      <CityName>SALT LAKE CITY</CityName>
      <ZipCode>841128930</ZipCode>
      <PhoneNumber>8015816903</PhoneNumber>
      <StreetAddress>75 S 2000 E</StreetAddress>
      <CountryName>United States</CountryName>
      <StateName>Utah</StateName>
      <StateCode>UT</StateCode>
    </Institution>
    <FoaInformation>
      <Code>0000099</Code>
      <Name>Other Applications NEC</Name>
    </FoaInformation>
  </Award>
</rootTag>
