<?xml version="1.0" encoding="UTF-8"?>

<rootTag>
  <Award>
    <AwardTitle>Generalized Homological Mirror Symmetry</AwardTitle>
    <AwardEffectiveDate>08/01/2009</AwardEffectiveDate>
    <AwardExpirationDate>07/31/2013</AwardExpirationDate>
    <AwardAmount>162359</AwardAmount>
    <AwardInstrument>
      <Value>Standard Grant</Value>
    </AwardInstrument>
    <Organization>
      <Code>03040000</Code>
      <Directorate>
        <LongName>Direct For Mathematical &amp; Physical Scien</LongName>
      </Directorate>
      <Division>
        <LongName>Division Of Mathematical Sciences</LongName>
      </Division>
    </Organization>
    <ProgramOfficer>
      <SignBlockName>Tie Luo</SignBlockName>
    </ProgramOfficer>
    <AbstractNarration>Topological Quantum Field Theory studies maps from Riemann surfaces to targets - algebraic stacks. Homological Mirror Symmetry allows us to look deeper into geometry of these stacks and algebraic varieties. In particular this project studies two main questions:&lt;br/&gt;&lt;br/&gt;1. Rationality and unirationality of algebraic varieties. Program maximum in this direction is understanding non-rationality of generic four dimensional cubic and non-unirationality of generic three dimensional quartic.&lt;br/&gt;&lt;br/&gt;2. Theory of algebraic cycles - computations of Chow and Griffiths groups, integral and Hodge cycles. Program minimum in this direction is understanding Bloch's conjecture for Chow groups of surfaces of general type and Griffiths groups of so called Fano - Calabi Yau manifolds.&lt;br/&gt;&lt;br/&gt;&lt;br/&gt;By now Topological Quantum Field Theory and Homological Mirror Symmetry&lt;br/&gt;have been established as closed and beautiful mathematical parts of&lt;br/&gt;String theory. Regardless of the success of the experiments in the high energy collider in CERN and confirmation of String Theory as a theory of everything, one can still use Topological Quantum Field Theory and Homological Mirror Symmetry in order to get nice mathematical consequences. In particular one can use them to get answers of some long standing questions in Algebraic geometry.</AbstractNarration>
    <MinAmdLetterDate>08/02/2009</MinAmdLetterDate>
    <MaxAmdLetterDate>08/02/2009</MaxAmdLetterDate>
    <ARRAAmount/>
    <AwardID>0901330</AwardID>
    <Investigator>
      <FirstName>Ludmil</FirstName>
      <LastName>Katzarkov</LastName>
      <EmailAddress>lkatzark@math.uci.edu</EmailAddress>
      <StartDate>08/02/2009</StartDate>
      <EndDate/>
      <RoleCode>Principal Investigator</RoleCode>
    </Investigator>
    <Institution>
      <Name>University of Miami</Name>
      <CityName>CORAL GABLES</CityName>
      <ZipCode>331462926</ZipCode>
      <PhoneNumber>3052843924</PhoneNumber>
      <StreetAddress>1320 S. Dixie Highway Suite 650</StreetAddress>
      <CountryName>United States</CountryName>
      <StateName>Florida</StateName>
      <StateCode>FL</StateCode>
    </Institution>
    <FoaInformation>
      <Code>0000099</Code>
      <Name>Other Applications NEC</Name>
    </FoaInformation>
  </Award>
</rootTag>
