<?xml version="1.0" encoding="UTF-8"?>

<rootTag>
  <Award>
    <AwardTitle>GOALI: High Sensitivity Thermal Conductivity Sensor for Micro Gas Chromatography and Harsh Environment Chemical Detection</AwardTitle>
    <AwardEffectiveDate>07/01/2009</AwardEffectiveDate>
    <AwardExpirationDate>09/30/2013</AwardExpirationDate>
    <AwardAmount>239537</AwardAmount>
    <AwardInstrument>
      <Value>Standard Grant</Value>
    </AwardInstrument>
    <Organization>
      <Code>07010000</Code>
      <Directorate>
        <LongName>Directorate For Engineering</LongName>
      </Directorate>
      <Division>
        <LongName>Div Of Electrical, Commun &amp; Cyber Sys</LongName>
      </Division>
    </Organization>
    <ProgramOfficer>
      <SignBlockName>GEORGE HADDAD</SignBlockName>
    </ProgramOfficer>
    <AbstractNarration>Proposal # 0901702&lt;br/&gt;&lt;br/&gt;GOALI: High Sensitivity Thermal Conductivity Sensor for Micro Gas Chromatography and Harsh Environment Chemical Detection&lt;br/&gt;&lt;br/&gt;PI: Xin Zhang&lt;br/&gt;Institute: Boston University&lt;br/&gt;&lt;br/&gt;Abstract:&lt;br/&gt;This award is funded under the American Recovery and Reinvestment Act of 2009 (Public Law 111-5).&lt;br/&gt;The objective of this research is to develop a highly sensitive, mechanically robust and mass producible gas micro-detector, designed for integration into a portable micro-gas chromatographic system capable of competing with the performance of traditionally laboratory instrumentation. The approach taken will be to optimize performance and sensitivity of the detector by modeling, analyzing and testing the different heat flux pathways from the active element of the detector. Furthermore, the modeling and testing will be performed to enable violent mechanical shocks and a wide range of thermal and chemical operating environments.&lt;br/&gt;&lt;br/&gt;In the push for novel gas sensors and detection mechanisms, little effort has been put into enhancing thermal conductivity detectors, one of the oldest gas sensors. However, thermal conductivity detectors are uniquely suited for miniaturization, since they are sensitive to the concentration of substances within a mixture, not the total mass of a sample, a limitation of flame ionization detectors and mass spectrometers. Therefore, miniaturization of gas chromatographic systems employing thermal conductivity detectors can maintain functional sensitivity while processing smaller sample masses, while simultaneously reducing power consumption and increasing mechanical robustness. &lt;br/&gt;&lt;br/&gt;The development of a highly sensitive, yet simple and robust detector, integrated into a miniaturized system will enable applied gas chromatography to make an impact on fields ranging from point of care health services and homeland security, to industry process control and geological exploration. Educationally, this program will impact a diverse student population through merging micro/nanosystems and engineering education research to train the next generation of scientific/engineering leaders.</AbstractNarration>
    <MinAmdLetterDate>06/29/2009</MinAmdLetterDate>
    <MaxAmdLetterDate>06/29/2009</MaxAmdLetterDate>
    <ARRAAmount>239537</ARRAAmount>
    <AwardID>0901702</AwardID>
    <Investigator>
      <FirstName>Hua</FirstName>
      <LastName>Chen</LastName>
      <EmailAddress>hchen9@slb.com</EmailAddress>
      <StartDate>06/29/2009</StartDate>
      <EndDate/>
      <RoleCode>Co-Principal Investigator</RoleCode>
    </Investigator>
    <Investigator>
      <FirstName>Xin</FirstName>
      <LastName>Zhang</LastName>
      <EmailAddress>xinz@bu.edu</EmailAddress>
      <StartDate>06/29/2009</StartDate>
      <EndDate/>
      <RoleCode>Principal Investigator</RoleCode>
    </Investigator>
    <Institution>
      <Name>Trustees of Boston University</Name>
      <CityName>BOSTON</CityName>
      <ZipCode>022151300</ZipCode>
      <PhoneNumber>6173534365</PhoneNumber>
      <StreetAddress>881 COMMONWEALTH AVE</StreetAddress>
      <CountryName>United States</CountryName>
      <StateName>Massachusetts</StateName>
      <StateCode>MA</StateCode>
    </Institution>
    <FoaInformation>
      <Code>0510403</Code>
      <Name>Engineering &amp; Computer Science</Name>
    </FoaInformation>
    <ProgramElement>
      <Code>1504</Code>
      <Text>GRANT OPP FOR ACAD LIA W/INDUS</Text>
    </ProgramElement>
    <ProgramElement>
      <Code>7564</Code>
      <Text>COMMS, CIRCUITS &amp; SENS SYS</Text>
    </ProgramElement>
    <ProgramReference>
      <Code>0000</Code>
      <Text>UNASSIGNED</Text>
    </ProgramReference>
    <ProgramReference>
      <Code>099E</Code>
      <Text>High voltage switching &amp; conversion</Text>
    </ProgramReference>
    <ProgramReference>
      <Code>1504</Code>
      <Text>GRANT OPP FOR ACAD LIA W/INDUS</Text>
    </ProgramReference>
    <ProgramReference>
      <Code>6890</Code>
      <Text>RECOVERY ACT ACTION</Text>
    </ProgramReference>
    <ProgramReference>
      <Code>OTHR</Code>
      <Text>OTHER RESEARCH OR EDUCATION</Text>
    </ProgramReference>
  </Award>
</rootTag>
