<?xml version="1.0" encoding="UTF-8"?>

<rootTag>
  <Award>
    <AwardTitle>Lithographically defined nano-morphology in polymer-fullerene solar cells towards high efficiency</AwardTitle>
    <AwardEffectiveDate>05/15/2009</AwardEffectiveDate>
    <AwardExpirationDate>12/31/2013</AwardExpirationDate>
    <AwardAmount>329307</AwardAmount>
    <AwardInstrument>
      <Value>Standard Grant</Value>
    </AwardInstrument>
    <Organization>
      <Code>07010000</Code>
      <Directorate>
        <LongName>Directorate For Engineering</LongName>
      </Directorate>
      <Division>
        <LongName>Div Of Electrical, Commun &amp; Cyber Sys</LongName>
      </Division>
    </Organization>
    <ProgramOfficer>
      <SignBlockName>Dominique M. Dagenais</SignBlockName>
    </ProgramOfficer>
    <AbstractNarration>The objective of this research is to develop an optimal morphology of vertically bi-continuous donor and acceptor materials interpenetrating into each other to achieve high efficiency in organic solar cells. This morphology decouples absorption depth from diffusion length, allowing effective exciton diffusion to large interfacial areas as well as vertical charge transport with reduced recombination. &lt;br/&gt;&lt;br/&gt;Intellectual merit: The proposed nanoimprint lithography with innovative mold technologies provides a practical means with greater precision than currently available techniques to make an optimal solar cell design. The thermal imprinting process can also induce favorable polymer chain alignment and crystallization, leading to higher hole mobility and light absorption. By decoupling absorption depth from diffusion length, a thicker polymer film than in conventional bulk heterojunction devices can be used to enhance light adsorption considerably. This morphology provides a basic nano-platform to study the interrelated polymer properties (crystallinity, mobility, chain orientation, stability, thermal dynamic properties, etc) and their correlation with geometry, imprint temperature, surface effects, and device quantum efficiency. &lt;br/&gt;&lt;br/&gt;Broader impacts: This study will establish a comprehensive understanding of the effects of heterojunction nano-morphology on material properties and device characteristics, which is transformative to other materials and devices. What may naturally follow is the demonstration of 7-12% PCE in polymer solar cells. This research will be integrated with education through available programs at UTD to provide research opportunities for students. Particularly, this program aims to bring greater nanotechnology exposure to a broad range of individuals including undergraduates and the education community on the whole.</AbstractNarration>
    <MinAmdLetterDate>05/13/2009</MinAmdLetterDate>
    <MaxAmdLetterDate>05/13/2009</MaxAmdLetterDate>
    <ARRAAmount/>
    <AwardID>0901759</AwardID>
    <Investigator>
      <FirstName>Walter</FirstName>
      <LastName>Hu</LastName>
      <EmailAddress>walter.hu@utdallas.edu</EmailAddress>
      <StartDate>05/13/2009</StartDate>
      <EndDate/>
      <RoleCode>Principal Investigator</RoleCode>
    </Investigator>
    <Institution>
      <Name>University of Texas at Dallas</Name>
      <CityName>Richardson</CityName>
      <ZipCode>750803021</ZipCode>
      <PhoneNumber>9728832313</PhoneNumber>
      <StreetAddress>800 W. Campbell Rd., AD15</StreetAddress>
      <CountryName>United States</CountryName>
      <StateName>Texas</StateName>
      <StateCode>TX</StateCode>
    </Institution>
    <FoaInformation>
      <Code>0206000</Code>
      <Name>Telecommunications</Name>
    </FoaInformation>
    <ProgramElement>
      <Code>1517</Code>
      <Text>ELECT, PHOTONICS, &amp; MAG DEVICE</Text>
    </ProgramElement>
    <ProgramReference>
      <Code>0000</Code>
      <Text>UNASSIGNED</Text>
    </ProgramReference>
    <ProgramReference>
      <Code>100E</Code>
      <Text>Novel devices &amp; vacuum electronics</Text>
    </ProgramReference>
    <ProgramReference>
      <Code>101E</Code>
      <Text>Printed and flexible electronics</Text>
    </ProgramReference>
    <ProgramReference>
      <Code>103E</Code>
      <Text>Energy efficient electronics</Text>
    </ProgramReference>
    <ProgramReference>
      <Code>OTHR</Code>
      <Text>OTHER RESEARCH OR EDUCATION</Text>
    </ProgramReference>
  </Award>
</rootTag>
