<?xml version="1.0" encoding="UTF-8"?>

<rootTag>
  <Award>
    <AwardTitle>Designing Decentralized Controllers for Dynamical Networks</AwardTitle>
    <AwardEffectiveDate>09/01/2009</AwardEffectiveDate>
    <AwardExpirationDate>07/31/2013</AwardExpirationDate>
    <AwardAmount>424321</AwardAmount>
    <AwardInstrument>
      <Value>Standard Grant</Value>
    </AwardInstrument>
    <Organization>
      <Code>07010000</Code>
      <Directorate>
        <LongName>Directorate For Engineering</LongName>
      </Directorate>
      <Division>
        <LongName>Div Of Electrical, Commun &amp; Cyber Sys</LongName>
      </Division>
    </Organization>
    <ProgramOfficer>
      <SignBlockName>Radhakisan S. Baheti</SignBlockName>
    </ProgramOfficer>
    <AbstractNarration>This award is funded under the American Recovery and Reinvestment Act of 2009 (Public Law 111-5).&lt;br/&gt;&lt;br/&gt;The proposal focuses on the design of decentralized controller for dynamic networks. The objective is to investigate the design for three application areas, virus spreading control, air traffic flow management, and communication-agent algorithmic/control Methods will be developed for decentralized controller design, that enable the controllers to exploit the network topology and overcome constrains and variations in a fully distributed way.&lt;br/&gt;&lt;br/&gt;&lt;br/&gt;Intellectual Merit&lt;br/&gt;&lt;br/&gt;The research work focuses on the design of high-performance decentralized controller for dynamic networks. We propose two novel methods, one based on the static linear time-invariant (LTI) controller case, and the other on the dynamic LTI controller case. Optimization of a cost function and use of dual optimization will be employed in the static design approach to find a controller. A multi-derivative and multi-delay design methodology for synthesizing dynamic LTI decentralized controller will be used in the dynamic case. The proposed research work will advance the knowledge in the area of control theory, and provide new techniques for the important problem of decentralized control in the presence of system dynamics.&lt;br/&gt;&lt;br/&gt;&lt;br/&gt;Broader Impacts&lt;br/&gt;&lt;br/&gt;The proposed research will introduce the undergraduate students to control theory research. The educational objectives include research training of undergraduate students through senior projects and course development. The research results will be integrated in a core course ?Network Structure Dynamics, and Controls? (EE 503) at Washington State University.</AbstractNarration>
    <MinAmdLetterDate>08/21/2009</MinAmdLetterDate>
    <MaxAmdLetterDate>08/21/2009</MaxAmdLetterDate>
    <ARRAAmount>424321</ARRAAmount>
    <AwardID>0901137</AwardID>
    <Investigator>
      <FirstName>Ali</FirstName>
      <LastName>Saberi</LastName>
      <EmailAddress>saberi@eecs.wsu.edu</EmailAddress>
      <StartDate>08/21/2009</StartDate>
      <EndDate/>
      <RoleCode>Co-Principal Investigator</RoleCode>
    </Investigator>
    <Investigator>
      <FirstName>Sandip</FirstName>
      <LastName>Roy</LastName>
      <EmailAddress>sroy@eecs.wsu.edu</EmailAddress>
      <StartDate>08/21/2009</StartDate>
      <EndDate/>
      <RoleCode>Principal Investigator</RoleCode>
    </Investigator>
    <Institution>
      <Name>Washington State University</Name>
      <CityName>PULLMAN</CityName>
      <ZipCode>991641060</ZipCode>
      <PhoneNumber>5093359661</PhoneNumber>
      <StreetAddress>280 Lighty</StreetAddress>
      <CountryName>United States</CountryName>
      <StateName>Washington</StateName>
      <StateCode>WA</StateCode>
    </Institution>
    <FoaInformation>
      <Code>0112000</Code>
      <Name>System Theory</Name>
    </FoaInformation>
    <ProgramElement>
      <Code>7607</Code>
      <Text>ENERGY,POWER,ADAPTIVE SYS</Text>
    </ProgramElement>
    <ProgramReference>
      <Code>0000</Code>
      <Text>UNASSIGNED</Text>
    </ProgramReference>
    <ProgramReference>
      <Code>093E</Code>
      <Text>System fab/packaging &amp; assembly</Text>
    </ProgramReference>
    <ProgramReference>
      <Code>6890</Code>
      <Text>RECOVERY ACT ACTION</Text>
    </ProgramReference>
    <ProgramReference>
      <Code>OTHR</Code>
      <Text>OTHER RESEARCH OR EDUCATION</Text>
    </ProgramReference>
  </Award>
</rootTag>
