<?xml version="1.0" encoding="UTF-8"?>

<rootTag>
  <Award>
    <AwardTitle>P2C2: Investigations on How Polar Climates Communicate with Each Other at the Millennial Timescale</AwardTitle>
    <AwardEffectiveDate>07/15/2016</AwardEffectiveDate>
    <AwardExpirationDate>06/30/2019</AwardExpirationDate>
    <AwardAmount>298687</AwardAmount>
    <AwardInstrument>
      <Value>Standard Grant</Value>
    </AwardInstrument>
    <Organization>
      <Code>06020108</Code>
      <Directorate>
        <LongName>Directorate For Geosciences</LongName>
      </Directorate>
      <Division>
        <LongName>Div Atmospheric &amp; Geospace Sciences</LongName>
      </Division>
    </Organization>
    <ProgramOfficer>
      <SignBlockName>David J. Verardo</SignBlockName>
    </ProgramOfficer>
    <AbstractNarration>This project builds upon previous research by the investigator regarding the coupling between polar climate at millennial time scales and the bi-polar origin of Heinrich events (i.e., the polar synchronization hypothesis). The researcher will pursue a number of research questions, among the most important being: (1) How and when did polar synchronization start, and how did it evolve? and (2) What is the nature of the information being exchanged since coupling implies communication or exchange of information? These scientific questions are currently unanswered.&lt;br/&gt;&lt;br/&gt;The primary Broader Impacts involve greater scientific understanding of polar climate and inter-hemispheric communication of climate forcing. The project also involves undergraduate students in the discovery and understanding of paleoclimate dynamics.</AbstractNarration>
    <MinAmdLetterDate>07/14/2016</MinAmdLetterDate>
    <MaxAmdLetterDate>07/14/2016</MaxAmdLetterDate>
    <ARRAAmount/>
    <AwardID>1600784</AwardID>
    <Investigator>
      <FirstName>Jose</FirstName>
      <LastName>Rial</LastName>
      <EmailAddress>jar@email.unc.edu</EmailAddress>
      <StartDate>07/14/2016</StartDate>
      <EndDate/>
      <RoleCode>Principal Investigator</RoleCode>
    </Investigator>
    <Institution>
      <Name>University of North Carolina at Chapel Hill</Name>
      <CityName>CHAPEL HILL</CityName>
      <ZipCode>275991350</ZipCode>
      <PhoneNumber>9199663411</PhoneNumber>
      <StreetAddress>104 AIRPORT DR STE 2200</StreetAddress>
      <CountryName>United States</CountryName>
      <StateName>North Carolina</StateName>
      <StateCode>NC</StateCode>
    </Institution>
    <ProgramElement>
      <Code>1530</Code>
      <Text>PALEOCLIMATE PROGRAM</Text>
    </ProgramElement>
    <ProgramReference>
      <Code>7754</Code>
      <Text>CLIMATE VARIABILITY &amp; CHANGE</Text>
    </ProgramReference>
    <ProgramReference>
      <Code>8070</Code>
      <Text>P2C2 Proposals</Text>
    </ProgramReference>
  </Award>
</rootTag>
