<?xml version="1.0" encoding="UTF-8"?>

<rootTag>
  <Award>
    <AwardTitle>Summer School on Fractal Geometry and Complex Dimensions</AwardTitle>
    <AwardEffectiveDate>01/01/2016</AwardEffectiveDate>
    <AwardExpirationDate>12/31/2016</AwardExpirationDate>
    <AwardAmount>44999</AwardAmount>
    <AwardInstrument>
      <Value>Standard Grant</Value>
    </AwardInstrument>
    <Organization>
      <Code>03040000</Code>
      <Directorate>
        <LongName>Direct For Mathematical &amp; Physical Scien</LongName>
      </Directorate>
      <Division>
        <LongName>Division Of Mathematical Sciences</LongName>
      </Division>
    </Organization>
    <ProgramOfficer>
      <SignBlockName>Bruce P. Palka</SignBlockName>
    </ProgramOfficer>
    <AbstractNarration>This award provides funding to help defray the expenses of participants in the "Summer School on Fractal Geometry and Complex Dimensions" that will be held June 14-22, 2016, on the campus of the California Polytechnic State University-San Luis Obispo.&lt;br/&gt;&lt;br/&gt;The summer school will offer three mini-courses aimed at introducing nonexperts to the frontiers of a range of topics, including the following: fractal geometry, dimension theory, complex dimensions, distance and tube zeta functions, and analysis on fractals topics. The organizers will lead a day of primer lectures and workshops (at an undergraduate level) preparing nonspecialist participants for the plenary lectures and aforementioned mini-courses. The selected topics include geometry of fractal subsets of the real line and of higher dimensional Euclidean spaces, complex dimensions and zeta functions, analytic number theory, and analysis on fractals with connections to geometric measure theory, quasicrystals and noncommutative geometry, stochastic processes, and thermodynamic formalism. The event allows for plenary lectures (90 minutes) from well-known experts, short research communications, poster sessions, and discussion sessions. The summer school will place special emphasis on preparing undergraduate students for further research in mathematics (independently or at later activities, like REUs).</AbstractNarration>
    <MinAmdLetterDate>11/23/2015</MinAmdLetterDate>
    <MaxAmdLetterDate>11/23/2015</MaxAmdLetterDate>
    <ARRAAmount/>
    <AwardID>1600758</AwardID>
    <Investigator>
      <FirstName>John</FirstName>
      <LastName>Rock</LastName>
      <EmailAddress>jarock@cpp.edu</EmailAddress>
      <StartDate>11/23/2015</StartDate>
      <EndDate/>
      <RoleCode>Co-Principal Investigator</RoleCode>
    </Investigator>
    <Investigator>
      <FirstName>Erin</FirstName>
      <LastName>Pearse</LastName>
      <EmailAddress>epearse@calpoly.edu</EmailAddress>
      <StartDate>11/23/2015</StartDate>
      <EndDate/>
      <RoleCode>Principal Investigator</RoleCode>
    </Investigator>
    <Investigator>
      <FirstName>Tony</FirstName>
      <LastName>Samuel</LastName>
      <EmailAddress>ajsamuel@calpoly.edu</EmailAddress>
      <StartDate>11/23/2015</StartDate>
      <EndDate/>
      <RoleCode>Co-Principal Investigator</RoleCode>
    </Investigator>
    <Institution>
      <Name>California Polytechnic State University Foundation</Name>
      <CityName>San Luis Obispo</CityName>
      <ZipCode>934070830</ZipCode>
      <PhoneNumber>8057562982</PhoneNumber>
      <StreetAddress>One Grand Ave</StreetAddress>
      <CountryName>United States</CountryName>
      <StateName>California</StateName>
      <StateCode>CA</StateCode>
    </Institution>
    <ProgramElement>
      <Code>1281</Code>
      <Text>ANALYSIS PROGRAM</Text>
    </ProgramElement>
    <ProgramReference>
      <Code>7556</Code>
      <Text>CONFERENCE AND WORKSHOPS</Text>
    </ProgramReference>
  </Award>
</rootTag>
