<?xml version="1.0" encoding="UTF-8"?>

<rootTag>
  <Award>
    <AwardTitle>Conference: Annual Spring Institute on Noncommutative Geometry and Operator Algebras; University of Bonn, Germany; May 17-25, 2016</AwardTitle>
    <AwardEffectiveDate>04/01/2016</AwardEffectiveDate>
    <AwardExpirationDate>03/31/2017</AwardExpirationDate>
    <AwardAmount>42600</AwardAmount>
    <AwardInstrument>
      <Value>Standard Grant</Value>
    </AwardInstrument>
    <Organization>
      <Code>03040000</Code>
      <Directorate>
        <LongName>Direct For Mathematical &amp; Physical Scien</LongName>
      </Directorate>
      <Division>
        <LongName>Division Of Mathematical Sciences</LongName>
      </Division>
    </Organization>
    <ProgramOfficer>
      <SignBlockName>Bruce P. Palka</SignBlockName>
    </ProgramOfficer>
    <AbstractNarration>This award provides funding to help defray the expenses of US participants in the "Annual Spring Institute on Noncommutative Geometry and Operator Algebras (NCGOA) 2016" that will be held from May 17-25, 2016, on the campus of the University of Bonn, Germany.&lt;br/&gt;&lt;br/&gt;This event is the fourteenth installment of the Vanderbilt Noncommutative Geometry and Operator Algebra (NCGOA) spring conferences, a series that each year brings together a diverse group of roughly one hundred mathematicians whose primary research interests are in operator algebras and related topics. The main foci of the 2016 event, which will not be held in Nashville but will be integrated into a trimester program on von Neumann algebras at the Hausdorff Institute in Bonn, are deformation/rigidity theory, free probability theory, and subfactors. The conference program provides ample opportunity for graduate students, postdocs, and other young scientists to present their work. More details can be found at the conference website: http://www.him.uni-bonn.de/ncgoa2016/.</AbstractNarration>
    <MinAmdLetterDate>11/06/2015</MinAmdLetterDate>
    <MaxAmdLetterDate>11/06/2015</MaxAmdLetterDate>
    <ARRAAmount/>
    <AwardID>1600819</AwardID>
    <Investigator>
      <FirstName>Vaughan</FirstName>
      <LastName>Jones</LastName>
      <EmailAddress>vaughan.f.jones@vanderbilt.edu</EmailAddress>
      <StartDate>11/06/2015</StartDate>
      <EndDate/>
      <RoleCode>Co-Principal Investigator</RoleCode>
    </Investigator>
    <Investigator>
      <FirstName>Dietmar</FirstName>
      <LastName>Bisch</LastName>
      <EmailAddress>dietmar.bisch@vanderbilt.edu</EmailAddress>
      <StartDate>11/06/2015</StartDate>
      <EndDate/>
      <RoleCode>Principal Investigator</RoleCode>
    </Investigator>
    <Institution>
      <Name>Vanderbilt University</Name>
      <CityName>Nashville</CityName>
      <ZipCode>372350002</ZipCode>
      <PhoneNumber>6153222631</PhoneNumber>
      <StreetAddress>Sponsored Programs Administratio</StreetAddress>
      <CountryName>United States</CountryName>
      <StateName>Tennessee</StateName>
      <StateCode>TN</StateCode>
    </Institution>
    <ProgramElement>
      <Code>1281</Code>
      <Text>ANALYSIS PROGRAM</Text>
    </ProgramElement>
    <ProgramReference>
      <Code>7556</Code>
      <Text>CONFERENCE AND WORKSHOPS</Text>
    </ProgramReference>
    <ProgramReference>
      <Code>9150</Code>
      <Text>EXP PROG TO STIM COMP RES</Text>
    </ProgramReference>
  </Award>
</rootTag>
