<?xml version="1.0" encoding="UTF-8"?>

<rootTag>
  <Award>
    <AwardTitle>Exploration of Millisecond Exposures for Exoplanet Imaging</AwardTitle>
    <AwardEffectiveDate>05/01/2016</AwardEffectiveDate>
    <AwardExpirationDate>04/30/2018</AwardExpirationDate>
    <AwardAmount>205727</AwardAmount>
    <AwardInstrument>
      <Value>Continuing grant</Value>
    </AwardInstrument>
    <Organization>
      <Code>03020000</Code>
      <Directorate>
        <LongName>Direct For Mathematical &amp; Physical Scien</LongName>
      </Directorate>
      <Division>
        <LongName>Division Of Astronomical Sciences</LongName>
      </Division>
    </Organization>
    <ProgramOfficer>
      <SignBlockName>Peter Kurczynski</SignBlockName>
    </ProgramOfficer>
    <AbstractNarration>This proposal will perform the exploratory work needed to develop millisecond imaging technologies as a viable tool for ultra-high contrast astronomy. The direct application of this work is to the development and utilization of the next generation of extremely large telescopes, currently under construction, that will be involved in direct imaging and characterization of extra-solar planets. The discovery, classification, and characterization of extra-solar planets has stirred the imagination of lay people and professional astronomers alike. The discovery and characterization of an earth like planet, with atmospheric chemical signatures of life processes, would have a profound impact on humanity.&lt;br/&gt;&lt;br/&gt;Adaptive Optics (AO) systems have made significant improvements in both the imaging spatial resolution and contrast available to ground-based telescopes. Although an AO system attempts to fully correct for atmospheric-induced wavefront distortions, a real-world AO system does an imperfect job, resulting in the "AO residual", a set of speckles in the image plane that appear and disappear at millisecond time-scales. It has been shown that these speckles are a major limitation to high-contrast imaging, such as that involved in directly imaging exoplanets. In the proposed formulation, the science camera operates synchronously with the wavefront sensor (WFS), so that the science camera records a speckle pattern that corresponds to the wavefront measured by the WFS. The resulting millisecond exposures provide an information-rich dataset containing a random AO residual, measured by the WFS, that effectively interrogates the optical system and provides new information about the "non-common path aberrations", which, when corrected, can significantly improve ultra-high contract astronomical imaging.</AbstractNarration>
    <MinAmdLetterDate>03/29/2016</MinAmdLetterDate>
    <MaxAmdLetterDate>03/29/2016</MaxAmdLetterDate>
    <ARRAAmount/>
    <AwardID>1600138</AwardID>
    <Investigator>
      <FirstName>Richard</FirstName>
      <LastName>Frazin</LastName>
      <EmailAddress>rfrazin@umich.edu</EmailAddress>
      <StartDate>03/29/2016</StartDate>
      <EndDate/>
      <RoleCode>Principal Investigator</RoleCode>
    </Investigator>
    <Institution>
      <Name>University of Michigan Ann Arbor</Name>
      <CityName>Ann Arbor</CityName>
      <ZipCode>481091274</ZipCode>
      <PhoneNumber>7347636438</PhoneNumber>
      <StreetAddress>3003 South State St. Room 1062</StreetAddress>
      <CountryName>United States</CountryName>
      <StateName>Michigan</StateName>
      <StateCode>MI</StateCode>
    </Institution>
    <ProgramElement>
      <Code>1218</Code>
      <Text>ADVANCED TECHNOLOGIES &amp; INSTRM</Text>
    </ProgramElement>
    <ProgramReference>
      <Code>7697</Code>
      <Text>INSTRUMENTATION</Text>
    </ProgramReference>
    <ProgramReference>
      <Code>7916</Code>
      <Text>EAGER</Text>
    </ProgramReference>
  </Award>
</rootTag>
