<?xml version="1.0" encoding="UTF-8"?>

<rootTag>
  <Award>
    <AwardTitle>Workshop: Building Better Futures-Junior Scholar Support for the 2015 Annual Meeting of The Society for the Study of Nanoscience and Emerging Technologies (October 18-21, 2015)</AwardTitle>
    <AwardEffectiveDate>08/12/2015</AwardEffectiveDate>
    <AwardExpirationDate>08/31/2016</AwardExpirationDate>
    <AwardAmount>24895</AwardAmount>
    <AwardInstrument>
      <Value>Standard Grant</Value>
    </AwardInstrument>
    <Organization>
      <Code>04050000</Code>
      <Directorate>
        <LongName>Direct For Social, Behav &amp; Economic Scie</LongName>
      </Directorate>
      <Division>
        <LongName>Divn Of Social and Economic Sciences</LongName>
      </Division>
    </Organization>
    <ProgramOfficer>
      <SignBlockName>Frederick M Kronz</SignBlockName>
    </ProgramOfficer>
    <AbstractNarration>General Audience Summary&lt;br/&gt;&lt;br/&gt;This award is to support a workshop, the seventh annual meeting of the Society for the Study of Nanoscience and Emerging Technologies (S.NET). The meeting will take place in Montréal, Québec, Canada, on 18-21 October 2015. It will be held in conjunction with the Knowledge Network on the Ethical, Environmental, Economic, Legal and Social issues regarding Nanotechnology Network. The funds will be used to enable participation of students, postdoctoral researchers, junior scholars and independent scholars who have minimal travel and lodging funds to attend, and fully participate in, the 2015 S.NET meeting in Montréal. &lt;br/&gt;&lt;br/&gt;Technical Summary&lt;br/&gt;&lt;br/&gt;S.NET is an international scholarly organization devoted to furthering critical and diverse analyses of technoscientific research and development in various fields. It includes a wide range of academic and professional communities, and strives to incorporate a correspondingly broad spectrum of disciplinary perspectives and methodologies into its scholarly activities. The award will support the professional development of junior science and technology studies scholars, as well as students and researchers from underrepresented groups. More generally, it will encourage the production of scholarship of significant and practical value to multiple important societal activities, including the critical advancement of a wide range of scientific and technological inquiries, innovative approaches to product development and sustainable marketization, and, consequently, insurance of the near-term well-being and longer-term survival and enrichment of humanity.</AbstractNarration>
    <MinAmdLetterDate>11/19/2015</MinAmdLetterDate>
    <MaxAmdLetterDate>11/19/2015</MaxAmdLetterDate>
    <ARRAAmount/>
    <AwardID>1600323</AwardID>
    <Investigator>
      <FirstName>Michael</FirstName>
      <LastName>Bennett</LastName>
      <EmailAddress>mgbenne1@asu.edu</EmailAddress>
      <StartDate>11/19/2015</StartDate>
      <EndDate/>
      <RoleCode>Principal Investigator</RoleCode>
    </Investigator>
    <Institution>
      <Name>Arizona State University</Name>
      <CityName>TEMPE</CityName>
      <ZipCode>852816011</ZipCode>
      <PhoneNumber>4809655479</PhoneNumber>
      <StreetAddress>ORSPA</StreetAddress>
      <CountryName>United States</CountryName>
      <StateName>Arizona</StateName>
      <StateCode>AZ</StateCode>
    </Institution>
    <ProgramElement>
      <Code>1675</Code>
      <Text>NANOSCALE: SCIENCE &amp; ENGIN CTR</Text>
    </ProgramElement>
    <ProgramReference>
      <Code>7556</Code>
      <Text>CONFERENCE AND WORKSHOPS</Text>
    </ProgramReference>
    <ProgramReference>
      <Code>7567</Code>
      <Text>SOC STUDIES OF SCI, ENG &amp; TECH</Text>
    </ProgramReference>
  </Award>
</rootTag>
