<?xml version="1.0" encoding="UTF-8"?>

<rootTag>
  <Award>
    <AwardTitle>Robotics Activities at Association for the Advancement of Artificial Intelligence (AAAI) 2016</AwardTitle>
    <AwardEffectiveDate>02/01/2016</AwardEffectiveDate>
    <AwardExpirationDate>07/31/2016</AwardExpirationDate>
    <AwardAmount>17500</AwardAmount>
    <AwardInstrument>
      <Value>Standard Grant</Value>
    </AwardInstrument>
    <Organization>
      <Code>05020000</Code>
      <Directorate>
        <LongName>Direct For Computer &amp; Info Scie &amp; Enginr</LongName>
      </Directorate>
      <Division>
        <LongName>Div Of Information &amp; Intelligent Systems</LongName>
      </Division>
    </Organization>
    <ProgramOfficer>
      <SignBlockName>Weng-keen Wong</SignBlockName>
    </ProgramOfficer>
    <AbstractNarration>Over the last few years, the AI and Robotics communities have begun to realize that the proliferation of relatively cheap but sophisticated robot hardware, and the development of robust and reliable robotics techniques for performing low-level control and perception. These developments have created a demand for integrative AI and robotics research to fulfill the potential of today's robots. The project aims at fostering cross-fertilization between these research fields through a series of activities at the AAAI-16 conference that will be held in Phoenix, Arizona from February 12th to 17th, 2016.&lt;br/&gt;&lt;br/&gt;The project will include the following activities at the AAAI-16 conference: (1) participation of PhD students interested in integrative AI and Robotics research, (2) presentations by researchers showcasing current problems and solutions in robotics research, (3) a "spotlight" presentation by a young researcher showcasing new and exciting research in the field of robotics, (4) a robotics exhibition, and (5) an open house day, open for the general public.</AbstractNarration>
    <MinAmdLetterDate>11/18/2015</MinAmdLetterDate>
    <MaxAmdLetterDate>11/18/2015</MaxAmdLetterDate>
    <ARRAAmount/>
    <AwardID>1600043</AwardID>
    <Investigator>
      <FirstName>George</FirstName>
      <LastName>Konidaris</LastName>
      <EmailAddress>gdk@cs.duke.edu</EmailAddress>
      <StartDate>11/18/2015</StartDate>
      <EndDate/>
      <RoleCode>Principal Investigator</RoleCode>
    </Investigator>
    <Institution>
      <Name>Association for the Advancement of Artificial Intelligence</Name>
      <CityName>East Palo Alto</CityName>
      <ZipCode>943033224</ZipCode>
      <PhoneNumber>6503283123</PhoneNumber>
      <StreetAddress>2275 E BAYSHORE RD STE 160</StreetAddress>
      <CountryName>United States</CountryName>
      <StateName>California</StateName>
      <StateCode>CA</StateCode>
    </Institution>
    <ProgramElement>
      <Code>7495</Code>
      <Text>ROBUST INTELLIGENCE</Text>
    </ProgramElement>
    <ProgramReference>
      <Code>7495</Code>
      <Text>ROBUST INTELLIGENCE</Text>
    </ProgramReference>
    <ProgramReference>
      <Code>7556</Code>
      <Text>CONFERENCE AND WORKSHOPS</Text>
    </ProgramReference>
  </Award>
</rootTag>
