<?xml version="1.0" encoding="UTF-8"?>

<rootTag>
  <Award>
    <AwardTitle>CollaborATE</AwardTitle>
    <AwardEffectiveDate>10/01/2016</AwardEffectiveDate>
    <AwardExpirationDate>09/30/2019</AwardExpirationDate>
    <AwardAmount>883093</AwardAmount>
    <AwardInstrument>
      <Value>Standard Grant</Value>
    </AwardInstrument>
    <Organization>
      <Code>11040100</Code>
      <Directorate>
        <LongName>Direct For Education and Human Resources</LongName>
      </Directorate>
      <Division>
        <LongName>Division Of Undergraduate Education</LongName>
      </Division>
    </Organization>
    <ProgramOfficer>
      <SignBlockName>heather watson</SignBlockName>
    </ProgramOfficer>
    <AbstractNarration>The goal of the CollaborATE project is to develop an Associate's Degree in Mechatronics incorporating pathways from local high schools into the degree offering at the College of Lake County, Florida State College at Jacksonville, and Anne Arundel Community College. The project will design and develop low-cost laboratory trainers and offer professional development opportunities for high school faculty to adopt components of the curriculum at their respective high schools. The curriculum will be aligned to specific skills needed in the industry and shared and disseminated to high schools and colleges across the nation. &lt;br/&gt;&lt;br/&gt;The new Associate's degree is laddered from a one-year Mechatronics certificate that was created from a Department of Labor TAACCCT (Round I) grant project that included the partnering entities. The curriculum will be based on constructivist learning theory incorporating inductive, project based instruction. It will be modularized for flexible delivery and focused on system level troubleshooting. In addition, low-cost, hands-on, easily replicable and buildable mechatronics trainers will provide the local high schools with an affordable tool to teach the courses. During the faculty professional development aspect of the project, CollaborATE will focus on the integration of the low-cost trainers with systems-level, inductive teaching methodology. To prepare students for high-skilled, high-wage, entry level positions in the mechatronics industry, the Florida Advanced Technological Center will provide expertise to align the degree content with national and international certifications such as those from Siemens Level 2, the Packaging Machinery Manufacturers Institute, and the National Institute for Metalworking Skills.</AbstractNarration>
    <MinAmdLetterDate>09/20/2016</MinAmdLetterDate>
    <MaxAmdLetterDate>09/20/2016</MaxAmdLetterDate>
    <ARRAAmount/>
    <AwardID>1601172</AwardID>
    <Investigator>
      <FirstName>Ernest</FirstName>
      <LastName>Friend</LastName>
      <EmailAddress>efriend@fccj.edu</EmailAddress>
      <StartDate>09/20/2016</StartDate>
      <EndDate/>
      <RoleCode>Co-Principal Investigator</RoleCode>
    </Investigator>
    <Investigator>
      <FirstName>Margie</FirstName>
      <LastName>Porter</LastName>
      <EmailAddress>margieporter@clcillinois.edu</EmailAddress>
      <StartDate>09/20/2016</StartDate>
      <EndDate/>
      <RoleCode>Principal Investigator</RoleCode>
    </Investigator>
    <Investigator>
      <FirstName>Elizabeth</FirstName>
      <LastName>Baran</LastName>
      <EmailAddress>eawyler@aacc.edu</EmailAddress>
      <StartDate>09/20/2016</StartDate>
      <EndDate/>
      <RoleCode>Co-Principal Investigator</RoleCode>
    </Investigator>
    <Institution>
      <Name>College of Lake County</Name>
      <CityName>Grayslake</CityName>
      <ZipCode>600301148</ZipCode>
      <PhoneNumber>8475432476</PhoneNumber>
      <StreetAddress>19351 W Washington Street</StreetAddress>
      <CountryName>United States</CountryName>
      <StateName>Illinois</StateName>
      <StateCode>IL</StateCode>
    </Institution>
    <ProgramElement>
      <Code>7412</Code>
      <Text>ADVANCED TECH EDUCATION PROG</Text>
    </ProgramElement>
    <ProgramReference>
      <Code>1032</Code>
      <Text>ADVANCED TECHNOLOGY EDUCATION</Text>
    </ProgramReference>
    <ProgramReference>
      <Code>9178</Code>
      <Text>UNDERGRADUATE EDUCATION</Text>
    </ProgramReference>
    <ProgramReference>
      <Code>SMET</Code>
      <Text>SCIENCE, MATH, ENG &amp; TECH EDUCATION</Text>
    </ProgramReference>
  </Award>
</rootTag>
