<?xml version="1.0" encoding="UTF-8"?>

<rootTag>
  <Award>
    <AwardTitle>Research Intiation Award: Long Time Behavior for Systems of Coupled Partial Differential Equations</AwardTitle>
    <AwardEffectiveDate>05/15/2016</AwardEffectiveDate>
    <AwardExpirationDate>04/30/2019</AwardExpirationDate>
    <AwardAmount>299628</AwardAmount>
    <AwardInstrument>
      <Value>Standard Grant</Value>
    </AwardInstrument>
    <Organization>
      <Code>11060000</Code>
      <Directorate>
        <LongName>Direct For Education and Human Resources</LongName>
      </Directorate>
      <Division>
        <LongName>Division Of Human Resource Development</LongName>
      </Division>
    </Organization>
    <ProgramOfficer>
      <SignBlockName>Claudia M. Rankins</SignBlockName>
    </ProgramOfficer>
    <AbstractNarration>Research Initiation Awards provide support for junior and mid-career faculty at Historically Black Colleges and Universities who are building new research programs or redirecting and rebuilding existing research programs. It is expected that the award helps to further the faculty member's research capability and effectiveness, improves research and teaching at his home institution, and involves undergraduate students in research experiences. The award to Virginia State University has potential broader impact in a number of areas. The goal of the project is to study the existence and uniqueness of solutions of systems of strongly coupled partial differential equations given an appropriate initial configuration and to study the long time behavior of the solutions. The models have wide applications in areas such as aerospace engineering, civil engineering, and environmental sciences. Undergraduate students will gain research experiences and courses in ordinary and partial differential equations will be enhanced.&lt;br/&gt;&lt;br/&gt;The goal of the project is to study the control, optimization and stability analysis centered on physically significant systems composed of dynamical "interactive" inhomogeneous structures, whose behavior is governed by nonlinear systems of coupled partial differential equations (PDEs). The two PDE-components act on separate and adjacent media. Two specific models under consideration are: (1) Fluid-structure interaction (FSI), where the model consists of the Navier Stokes equation coupled on the interface with dynamic elasticity; and (2) Structure acoustic interaction (SAI), in an acoustic chamber with an elastic or thermoelastic shell as a flexible wall. The SAI model consists of hybrid coupling between an acoustic wave equation and a shell equation which is possibly nonlinear. Control theoretic issues to be studied are: (a) stabilization, particularly stabilization of unstable equilibria in FSI and stabilization of SAI subject to weak dissipation; and (b) well-posedness, particularly seeking suitable feedback control such that the solution to FSI with moving interface is well-posed. Both models could be generalized to other structures where the developed mathematical technology could be applied to other coupled systems.</AbstractNarration>
    <MinAmdLetterDate>05/02/2016</MinAmdLetterDate>
    <MaxAmdLetterDate>05/02/2016</MaxAmdLetterDate>
    <ARRAAmount/>
    <AwardID>1601127</AwardID>
    <Investigator>
      <FirstName>Yongjin</FirstName>
      <LastName>Lu</LastName>
      <EmailAddress>ylu@vsu.edu</EmailAddress>
      <StartDate>05/02/2016</StartDate>
      <EndDate/>
      <RoleCode>Principal Investigator</RoleCode>
    </Investigator>
    <Institution>
      <Name>Virginia State University</Name>
      <CityName>Petersburg</CityName>
      <ZipCode>238060001</ZipCode>
      <PhoneNumber>8045246987</PhoneNumber>
      <StreetAddress>1 Hayden Drive</StreetAddress>
      <CountryName>United States</CountryName>
      <StateName>Virginia</StateName>
      <StateCode>VA</StateCode>
    </Institution>
    <ProgramElement>
      <Code>1594</Code>
      <Text>HIST BLACK COLLEGES AND UNIV</Text>
    </ProgramElement>
    <ProgramReference>
      <Code>9178</Code>
      <Text>UNDERGRADUATE EDUCATION</Text>
    </ProgramReference>
  </Award>
</rootTag>
