<?xml version="1.0" encoding="UTF-8"?>

<rootTag>
  <Award>
    <AwardTitle>The Eighth International GEOS-Chem Meeting (IGC8); Cambridge, Massachusetts; May 1-4, 2017</AwardTitle>
    <AwardEffectiveDate>01/01/2017</AwardEffectiveDate>
    <AwardExpirationDate>12/31/2017</AwardExpirationDate>
    <AwardAmount>25000</AwardAmount>
    <AwardInstrument>
      <Value>Standard Grant</Value>
    </AwardInstrument>
    <Organization>
      <Code>06020104</Code>
      <Directorate>
        <LongName>Directorate For Geosciences</LongName>
      </Directorate>
      <Division>
        <LongName>Div Atmospheric &amp; Geospace Sciences</LongName>
      </Division>
    </Organization>
    <ProgramOfficer>
      <SignBlockName>Manvendra K. Dubey</SignBlockName>
    </ProgramOfficer>
    <AbstractNarration>Predictions of effects of natural and human emissions require global atmospheric chemistry models. While such models are available they have not been tested or validated with observations in sufficient detail. This travel support for students, early career and senior experimental scientists will create a forum for modelers to learn from observational experts on how best to evaluate and refine atmospheric chemistry models. It promises to create a community where modelers and experimentalists work synergistically to further the predictive power of atmospheric chemistry. This strategy represents a paradigm shift from the past where the two communities have been working independently. This project will create a meaningful observation-modeling interaction that will enrich the broader atmospheric chemistry community and also showcase and connect research supported by NSF's atmospheric chemistry program. By bringing together senior experimentalists and junior modelers in a targeted manner the meeting will serve to foster scientific training and networking opportunities for the younger scientists, thereby greatly enhancing their career development.</AbstractNarration>
    <MinAmdLetterDate>11/04/2016</MinAmdLetterDate>
    <MaxAmdLetterDate>11/04/2016</MaxAmdLetterDate>
    <ARRAAmount/>
    <AwardID>1659903</AwardID>
    <Investigator>
      <FirstName>Daniel</FirstName>
      <LastName>Jacob</LastName>
      <EmailAddress>djacob@fas.harvard.edu</EmailAddress>
      <StartDate>11/04/2016</StartDate>
      <EndDate/>
      <RoleCode>Principal Investigator</RoleCode>
    </Investigator>
    <Institution>
      <Name>Harvard University</Name>
      <CityName>Cambridge</CityName>
      <ZipCode>021385366</ZipCode>
      <PhoneNumber>6174955501</PhoneNumber>
      <StreetAddress>1033 MASSACHUSETTS AVE</StreetAddress>
      <CountryName>United States</CountryName>
      <StateName>Massachusetts</StateName>
      <StateCode>MA</StateCode>
    </Institution>
    <ProgramElement>
      <Code>1524</Code>
      <Text>ATMOSPHERIC CHEMISTRY</Text>
    </ProgramElement>
    <ProgramReference>
      <Code>7556</Code>
      <Text>CONFERENCE AND WORKSHOPS</Text>
    </ProgramReference>
  </Award>
</rootTag>
