<?xml version="1.0" encoding="UTF-8"?>

<rootTag>
  <Award>
    <AwardTitle>Mathematical Sciences: 1994 John von Neumann Symposium "Quantization and Nonlinear Wave Equations"</AwardTitle>
    <AwardEffectiveDate>07/15/1994</AwardEffectiveDate>
    <AwardExpirationDate>12/31/1995</AwardExpirationDate>
    <AwardAmount>20000</AwardAmount>
    <AwardInstrument>
      <Value>Standard Grant</Value>
    </AwardInstrument>
    <Organization>
      <Code>03040100</Code>
      <Directorate>
        <LongName>Direct For Mathematical &amp; Physical Scien</LongName>
      </Directorate>
      <Division>
        <LongName>Division Of Mathematical Sciences</LongName>
      </Division>
    </Organization>
    <ProgramOfficer>
      <SignBlockName>Lloyd E. Douglas</SignBlockName>
    </ProgramOfficer>
    <AbstractNarration>9400413 Maxwell The American Mathematical Society requests a grant in the amount of $20,000 for participant support of the first quadrennial John von Neumann Symposium, to be held in the summer of 1994. The supplemental funding from the NSF will be used t support travel and Nonlinear Wave Equations", was selected by the 1993 AMS Committee on Summer Institutes and Special Symposia. The Symposium will provide the opportunity for cross-fertilization between the classical theory of nonlinear wave equations on the one hand and operator algebra on the other. This is most appropriate given von Neumann's deep and central interest in the relation between operator algebra and quantum mechanics and the announced goal of the Symposium to treat topics of emerging significance that are likely to underlie future mathematical development. Members of the Organizing Committee for the 1994 von Neumann Symposium are: Haim Brezia (co-chair), Irving Segal (co- chair), William Arveson, Robert Blattner and Thomas Branson. The 1994 John von Neumann Symposium will be held during a one week period in June, 1994, in the greater Boston area.</AbstractNarration>
    <MinAmdLetterDate>07/26/1994</MinAmdLetterDate>
    <MaxAmdLetterDate>09/01/1994</MaxAmdLetterDate>
    <ARRAAmount/>
    <AwardID>9400413</AwardID>
    <Investigator>
      <FirstName>Samuel</FirstName>
      <LastName>Rankin</LastName>
      <EmailAddress>smr@math.ams.org</EmailAddress>
      <StartDate>09/01/1994</StartDate>
      <EndDate/>
      <RoleCode>Principal Investigator</RoleCode>
    </Investigator>
    <Investigator>
      <FirstName>James</FirstName>
      <LastName>Maxwell</LastName>
      <EmailAddress>jwm@ams.org</EmailAddress>
      <StartDate>07/15/1994</StartDate>
      <EndDate/>
      <RoleCode>Principal Investigator</RoleCode>
    </Investigator>
    <Investigator>
      <FirstName>Irving</FirstName>
      <LastName>Segal</LastName>
      <EmailAddress>IES@MATH.MIT.EDU</EmailAddress>
      <StartDate>07/15/1994</StartDate>
      <EndDate/>
      <RoleCode>Co-Principal Investigator</RoleCode>
    </Investigator>
    <Institution>
      <Name>American Mathematical Society</Name>
      <CityName>PROVIDENCE</CityName>
      <ZipCode>029042294</ZipCode>
      <PhoneNumber>4014554150</PhoneNumber>
      <StreetAddress>201 CHARLES ST</StreetAddress>
      <CountryName>United States</CountryName>
      <StateName>Rhode Island</StateName>
      <StateCode>RI</StateCode>
    </Institution>
    <FoaInformation>
      <Code>0000099</Code>
      <Name>Other Applications NEC</Name>
    </FoaInformation>
    <FoaInformation>
      <Code>21</Code>
      <Name>Mathematics</Name>
    </FoaInformation>
    <ProgramElement>
      <Code>1260</Code>
      <Text>INFRASTRUCTURE PROGRAM</Text>
    </ProgramElement>
    <ProgramReference>
      <Code>0000</Code>
      <Text>UNASSIGNED</Text>
    </ProgramReference>
    <ProgramReference>
      <Code>OTHR</Code>
      <Text>OTHER RESEARCH OR EDUCATION</Text>
    </ProgramReference>
  </Award>
</rootTag>
