<?xml version="1.0" encoding="UTF-8"?>

<rootTag>
  <Award>
    <AwardTitle>U.S.-Norway Cooperative Research to Integrate Mathematical and Simulation Models of Populations and Landscape Mosaics</AwardTitle>
    <AwardEffectiveDate>08/15/1994</AwardEffectiveDate>
    <AwardExpirationDate>07/31/1998</AwardExpirationDate>
    <AwardAmount>18921</AwardAmount>
    <AwardInstrument>
      <Value>Standard Grant</Value>
    </AwardInstrument>
    <Organization>
      <Code>01090000</Code>
      <Directorate>
        <LongName>Office Of The Director</LongName>
      </Directorate>
      <Division>
        <LongName>Office Of Internatl Science &amp;Engineering</LongName>
      </Division>
    </Organization>
    <ProgramOfficer>
      <SignBlockName>Mark A. Suskin</SignBlockName>
    </ProgramOfficer>
    <AbstractNarration>9400073 Wiens This award supports Professors John Wiens and Beatrice Van Horne, together with postdoctoral associate Thomas Crist, all of Colorado State University, to collaborate in ecological research with Nils Stenseth and his group in the Department of Biology of the University of Oslo, Norway. They are attempting to understand the relationship of the mosaic structure of landscapes to the ecology of individuals, and to translate these effects to the population and community levels. The Colorado State group has strengths in simulation modeling while the Oslo group emphasizes analytical, mathematical models. They will integrate these approaches to address common questions about how environmental heterogeneity affects ecological systems and about how these effects vary with spatial scale. Questions about the effects of scale and of explicit spatial heterogeneity on ecological systems have become a centerpiece of contemporary ecology. This collaboration will evaluate two methodological approaches to these questions by applying them jointly to independently gathered empirical data from the different systems being studied by the two groups. The result should be a contribution to predictive theory that will have significant applications in preserving biodiversity and threatened ecosystems. ***</AbstractNarration>
    <MinAmdLetterDate>07/25/1994</MinAmdLetterDate>
    <MaxAmdLetterDate>08/12/1997</MaxAmdLetterDate>
    <ARRAAmount/>
    <AwardID>9400073</AwardID>
    <Investigator>
      <FirstName>Beatrice</FirstName>
      <LastName>Van Horne</LastName>
      <EmailAddress>bvh@lamar.colostate.edu</EmailAddress>
      <StartDate>08/15/1994</StartDate>
      <EndDate/>
      <RoleCode>Co-Principal Investigator</RoleCode>
    </Investigator>
    <Investigator>
      <FirstName>John</FirstName>
      <LastName>Wiens</LastName>
      <EmailAddress>jaws@lamar.colostate.edu</EmailAddress>
      <StartDate>08/15/1994</StartDate>
      <EndDate/>
      <RoleCode>Principal Investigator</RoleCode>
    </Investigator>
    <Investigator>
      <FirstName>Thomas</FirstName>
      <LastName>Crist</LastName>
      <EmailAddress>thomas.crist@miamioh.edu</EmailAddress>
      <StartDate>08/15/1994</StartDate>
      <EndDate/>
      <RoleCode>Co-Principal Investigator</RoleCode>
    </Investigator>
    <Institution>
      <Name>Colorado State University</Name>
      <CityName>Fort Collins</CityName>
      <ZipCode>805232002</ZipCode>
      <PhoneNumber>9704916355</PhoneNumber>
      <StreetAddress>601 S Howes St</StreetAddress>
      <CountryName>United States</CountryName>
      <StateName>Colorado</StateName>
      <StateCode>CO</StateCode>
    </Institution>
    <FoaInformation>
      <Code>64</Code>
      <Name>Environmental Biology</Name>
    </FoaInformation>
  </Award>
</rootTag>
