<?xml version="1.0" encoding="UTF-8"?>

<rootTag>
  <Award>
    <AwardTitle>Regional Workshop on Monitoring Amphibian Populations in Southeast Asia, Sabah, Malaysia, September, 1994</AwardTitle>
    <AwardEffectiveDate>08/15/1994</AwardEffectiveDate>
    <AwardExpirationDate>07/31/1997</AwardExpirationDate>
    <AwardAmount>31990</AwardAmount>
    <AwardInstrument>
      <Value>Standard Grant</Value>
    </AwardInstrument>
    <Organization>
      <Code>01090000</Code>
      <Directorate>
        <LongName>Office Of The Director</LongName>
      </Directorate>
      <Division>
        <LongName>Office Of Internatl Science &amp;Engineering</LongName>
      </Division>
    </Organization>
    <ProgramOfficer>
      <SignBlockName>W. Y. B. Chang</SignBlockName>
    </ProgramOfficer>
    <AbstractNarration>9400779 Inger To help determine the nature and extent of amphibian declines throughout the world and to promote means by which declines can be halted or reversed, a workshop is proposed to provide resident biologists with the expertise to assess amphibian populations in tropical South East Asia while sizable portions of forests still remain intact. The objectives of the workshop are: (1) Stimulate development of a program on measuring and monitoring amphibian populations in Southeast Asia by resident biologists. (2) Acquaint resident biologists with the methods and data requirements for assessing and monitoring populations of amphibians. (3) Promote communication among region and American biologists so as to promote long cooperation and correspondence of methods used in studies across the region. (4) Integrate biologists in Southeast Asia with the global network organized by the Task Force on Declining Amphibian Populations.</AbstractNarration>
    <MinAmdLetterDate>07/26/1994</MinAmdLetterDate>
    <MaxAmdLetterDate>01/30/1996</MaxAmdLetterDate>
    <ARRAAmount/>
    <AwardID>9400779</AwardID>
    <Investigator>
      <FirstName>Harold</FirstName>
      <LastName>Voris</LastName>
      <EmailAddress>hvoris@fmnh.org</EmailAddress>
      <StartDate>08/15/1994</StartDate>
      <EndDate/>
      <RoleCode>Co-Principal Investigator</RoleCode>
    </Investigator>
    <Investigator>
      <FirstName>Robert</FirstName>
      <LastName>Inger</LastName>
      <EmailAddress/>
      <StartDate>08/15/1994</StartDate>
      <EndDate/>
      <RoleCode>Principal Investigator</RoleCode>
    </Investigator>
    <Institution>
      <Name>Field Museum of Natural History</Name>
      <CityName>CHICAGO</CityName>
      <ZipCode>606052827</ZipCode>
      <PhoneNumber>3126657240</PhoneNumber>
      <StreetAddress>1400 S LAKE SHORE DR</StreetAddress>
      <CountryName>United States</CountryName>
      <StateName>Illinois</StateName>
      <StateCode>IL</StateCode>
    </Institution>
  </Award>
</rootTag>
