<?xml version="1.0" encoding="UTF-8"?>

<rootTag>
  <Award>
    <AwardTitle>The Networked Society: A Museum Exhibit Designed to Promote Public Understanding and Use of Computer Networks</AwardTitle>
    <AwardEffectiveDate>12/15/1994</AwardEffectiveDate>
    <AwardExpirationDate>11/30/1996</AwardExpirationDate>
    <AwardAmount>419402</AwardAmount>
    <AwardInstrument>
      <Value>Standard Grant</Value>
    </AwardInstrument>
    <Organization>
      <Code>05050100</Code>
      <Directorate>
        <LongName>Direct For Computer &amp; Info Scie &amp; Enginr</LongName>
      </Directorate>
      <Division>
        <LongName>Division Of Computer and Network Systems</LongName>
      </Division>
    </Organization>
    <ProgramOfficer>
      <SignBlockName>Mark A. Luker</SignBlockName>
    </ProgramOfficer>
    <AbstractNarration>9400686 Strimpel The Computer Museum in Boston, MA, plans to develop, evaluate, and install a permanent 1800 square meter museum exhibit which is designed to promote public understanding and use of computer networks. Opening in the winter of 1994-95 The Networked Society museum exhibit will : 1) educate a diverse public audience about the many applications of computer networks; 2) teach principles of computing science and technology; 3) examine topical issues involved in computer network development and use; 4) help increase the number of American citizens who are educated in the use of computer networks; 5) help increas the number of young peopls who pursue computer networking as a lifelong interest, skill, and career. The exhibit will impact 1.7 million people in three years and address issues of technology access by educating a broad public audience with diverse computer literacy backgrounds. Diversification and increase of the the future workforce in mathematics, science, and technology is a primary NSF education objective. The proposed science museum exhibit project will assist this and other NSF objectives to address issues of technology transfer and technology access too amont the American Public.</AbstractNarration>
    <MinAmdLetterDate>12/19/1994</MinAmdLetterDate>
    <MaxAmdLetterDate>12/19/1994</MaxAmdLetterDate>
    <ARRAAmount/>
    <AwardID>9400686</AwardID>
    <Investigator>
      <FirstName>Oliver</FirstName>
      <LastName>Strimpel</LastName>
      <EmailAddress/>
      <StartDate>12/19/1994</StartDate>
      <EndDate/>
      <RoleCode>Principal Investigator</RoleCode>
    </Investigator>
    <Investigator>
      <FirstName>David</FirstName>
      <LastName>Greschler</LastName>
      <EmailAddress/>
      <StartDate>12/19/1994</StartDate>
      <EndDate/>
      <RoleCode>Co-Principal Investigator</RoleCode>
    </Investigator>
    <Institution>
      <Name>Computer Museum</Name>
      <CityName>Boston</CityName>
      <ZipCode>022101000</ZipCode>
      <PhoneNumber>6174262800</PhoneNumber>
      <StreetAddress>300 Congress Street</StreetAddress>
      <CountryName>United States</CountryName>
      <StateName>Massachusetts</StateName>
      <StateCode>MA</StateCode>
    </Institution>
    <FoaInformation>
      <Code>0206000</Code>
      <Name>Telecommunications</Name>
    </FoaInformation>
    <FoaInformation>
      <Code>31</Code>
      <Name>Computer Science &amp; Engineering</Name>
    </FoaInformation>
    <ProgramElement>
      <Code>4090</Code>
      <Text>ADVANCED NET INFRA &amp; RSCH</Text>
    </ProgramElement>
    <ProgramElement>
      <Code>7259</Code>
      <Text>AISL</Text>
    </ProgramElement>
    <ProgramElement>
      <Code>9199</Code>
      <Text>UNDISTRIBUTED PANEL/IPA FUNDS</Text>
    </ProgramElement>
    <ProgramReference>
      <Code>9217</Code>
      <Text>NATNL RESERCH &amp; EDUCAT NETWORK</Text>
    </ProgramReference>
    <ProgramReference>
      <Code>HPCC</Code>
      <Text>HIGH PERFORMANCE COMPUTING &amp; COMM</Text>
    </ProgramReference>
  </Award>
</rootTag>
