<?xml version="1.0" encoding="UTF-8"?>

<rootTag>
  <Award>
    <AwardTitle>Tactile Computer Reader for Knowledge Representation</AwardTitle>
    <AwardEffectiveDate>09/15/1994</AwardEffectiveDate>
    <AwardExpirationDate>08/31/1996</AwardExpirationDate>
    <AwardAmount>292488</AwardAmount>
    <AwardInstrument>
      <Value>Standard Grant</Value>
    </AwardInstrument>
    <Organization>
      <Code>07070000</Code>
      <Directorate>
        <LongName>Directorate For Engineering</LongName>
      </Directorate>
      <Division>
        <LongName>Div Of Industrial Innovation &amp; Partnersh</LongName>
      </Division>
    </Organization>
    <ProgramOfficer>
      <SignBlockName>Sara B. Nerlove</SignBlockName>
    </ProgramOfficer>
    <AbstractNarration>9400195 Maxwell The aim of the research of this project is to find a combination of piezoelectric materials and surface mount electronics that, in a unique geometry, will produce a reliable Large Tactile Computer Controlled Array suitable for a full page Braille display. The choice of piezoelectric materials and geometry must produce a robust design, a design that when mass produced is affordable to the Blind community. The reliability is a particular key aim in that a dense tactile array can have several thousand pins, all of which must work. Present displays of 40 characters compared to the proposed display of approximately 1000 characters means that the manufacturing yield must be improved by a factor of 25. Research directed at the piezoelectric ceramic materials to identify the stress/strain, applied electric fields and fixture cycles to predict lifetime requires finite element computer modeling. To enhance the manufacturability and reliability, a geometric modular approach incorporating planar element rather than stacked cantilever actuators is required. Thus the Large Array will be made from many small, flat, identical, mass produced modules. ***</AbstractNarration>
    <MinAmdLetterDate>09/24/1994</MinAmdLetterDate>
    <MaxAmdLetterDate>08/14/1995</MaxAmdLetterDate>
    <ARRAAmount/>
    <AwardID>9400195</AwardID>
    <Investigator>
      <FirstName>James</FirstName>
      <LastName>Maxwell</LastName>
      <EmailAddress/>
      <StartDate>09/15/1994</StartDate>
      <EndDate/>
      <RoleCode>Principal Investigator</RoleCode>
    </Investigator>
    <Institution>
      <Name>PIEZO SYSTEMS INC</Name>
      <CityName>CAMBRIDGE</CityName>
      <ZipCode>021394229</ZipCode>
      <PhoneNumber>6175471777</PhoneNumber>
      <StreetAddress>186 MASSACHUSETTS AVE</StreetAddress>
      <CountryName>United States</CountryName>
      <StateName>Massachusetts</StateName>
      <StateCode>MA</StateCode>
    </Institution>
    <FoaInformation>
      <Code>55</Code>
      <Name>Engineering-Electrical</Name>
    </FoaInformation>
    <FoaInformation>
      <Code>0000099</Code>
      <Name>Other Applications NEC</Name>
    </FoaInformation>
  </Award>
</rootTag>
