<?xml version="1.0" encoding="UTF-8"?>

<rootTag>
  <Award>
    <AwardTitle>Development of Recombinant RNA Technology</AwardTitle>
    <AwardEffectiveDate>02/01/1994</AwardEffectiveDate>
    <AwardExpirationDate>01/31/1996</AwardExpirationDate>
    <AwardAmount>50000</AwardAmount>
    <AwardInstrument>
      <Value>Standard Grant</Value>
    </AwardInstrument>
    <Organization>
      <Code>08070400</Code>
      <Directorate>
        <LongName>Direct For Biological Sciences</LongName>
      </Directorate>
      <Division>
        <LongName>Div Of Molecular and Cellular Bioscience</LongName>
      </Division>
    </Organization>
    <ProgramOfficer>
      <SignBlockName>Jack Horowitz</SignBlockName>
    </ProgramOfficer>
    <AbstractNarration>Jarrell 9400562 Restriction enzymes typically recognize and cleave specific DNA sequences that are 4 to 6 basepairs (bp) in length. However, only a small subset of the 4096 possible bp sequences present in DNA are recognized by restriction enzymes. In addition, commercially available restriction enzymes are often of poor quality; the preparations are impure and the enzyme concentration is low. This proposal seeks to develop recombinant RNA technology making use of ribozymes that can cut and join RNA molecules to serve the functions currently served by restriction enzymes and ligase. Potentially, 4096 different ribozymes, each with a particular 6 nucleotide (nt) sequence specifically, can be generated. All of the ribozymes will be generated and purified by the same method and each will function in the same reaction buffer. Thus, it should be possible produce inexpensive ribozymes of consistently high quality. This technology will significantly improve our ability to generate recombinant DNA molecules. The recombinant molecules will be generated at the RNA level using in vitro trans splicing catalyzed by self splicing group II intron sequences. These recombinant RNA molecules will be copied into DNA by reverse transcriptase and amplified by the polymerase chain reaction (PCR) to yield the recombinant DNA molecules. This research will determine the feasibility of recombinant RNA technology as a practical tool for nucleic acid manipulation. Group II introns are capable of splicing together exons in vitro (Peebles et al 1986). This reaction is autocatalytic. As shown in Figure 1, the intron catalyzes its own removal from a precursor RNA. The two sequences to be joined (exons 1 and 2) are represented by rectangles. The intron consists of six conserved structural domains that are numbered sequentially. %%% Molecular Biology relies upon recombinant DNA technology to manipulate and clone DNA molecules. Restriction enzymes and ligase are used to specifically cleave and join DNA molecules. This technology is so widely used that we seldom consider its limitations. Restriction enzymes typically recognize and cleave specific DNA sequences that are 4 to 6 basepairs (bp) in length. However, only a small subset of the 4096 possible 6 bp sequences present in DNA are recognized by restriction enzymes. In addition, commercially available restriction enzymes are often of poor quality; the preparations are impure and the enzyme concentration is low. This proposal seeks to develop recombinant RNA technology making use of ribozymes (RNA catalysts) that can cut and join RNA molecules to serve the functions currently served by restriction enzymes and ligase the enzyme that joins nucleic acid fragments. Potentially, 4096 different ribozymes, each with a particular 6 nucleotide (nt) sequence specificity, can be generated. All of the ribozymes will be generated and purified by the same method and each will function in the same reaction buffer. Thus, it should be possible to produce inexpensive ribozymes of consistently high quality. This technology will significantly improve our ability to generate recombinant DNA molecules. The recombinant molecules will be generated at the RNA level in vitro and then copied into DNA by the enzyme reverse transcriptase that can copy RNA molecules into DNA and amplified by the polymerase chain reaction to yield the recombinant DNA molecules. This research will determine the feasibility of recombinant RNA technology as a potential tool for nucleic acid manipulation. Group II introns are capable of splicing together exons in vitro (Peebles al. 1986). This reaction is autocatalytic. As shown in Figure 1, the intron catalyzes its own removal from a precursor RNA. The two sequences to be joined (exons 1 and 2) are represented by rectangles. The intron consists of six conserved structural domains that are numbered sequentially.</AbstractNarration>
    <MinAmdLetterDate>01/31/1994</MinAmdLetterDate>
    <MaxAmdLetterDate>01/31/1994</MaxAmdLetterDate>
    <ARRAAmount/>
    <AwardID>9400562</AwardID>
    <Investigator>
      <FirstName>Kevin</FirstName>
      <LastName>Jarrell</LastName>
      <EmailAddress>jarrell@bu.edu</EmailAddress>
      <StartDate>02/01/1994</StartDate>
      <EndDate/>
      <RoleCode>Principal Investigator</RoleCode>
    </Investigator>
    <Institution>
      <Name>Trustees of Boston University</Name>
      <CityName>BOSTON</CityName>
      <ZipCode>022151300</ZipCode>
      <PhoneNumber>6173534365</PhoneNumber>
      <StreetAddress>881 COMMONWEALTH AVE</StreetAddress>
      <CountryName>United States</CountryName>
      <StateName>Massachusetts</StateName>
      <StateCode>MA</StateCode>
    </Institution>
    <FoaInformation>
      <Code>0203000</Code>
      <Name>Health</Name>
    </FoaInformation>
    <FoaInformation>
      <Code>61</Code>
      <Name>Life Science Biological</Name>
    </FoaInformation>
    <ProgramElement>
      <Code>1166</Code>
      <Text>MOLECULAR BIOCHEMISTRY</Text>
    </ProgramElement>
    <ProgramReference>
      <Code>9183</Code>
      <Text>GENERAL FOUNDATIONS OF BIOTECHNOLOGY</Text>
    </ProgramReference>
    <ProgramReference>
      <Code>9237</Code>
      <Text>SMALL GRANTS-EXPLORATORY RSRCH</Text>
    </ProgramReference>
    <ProgramReference>
      <Code>BIOT</Code>
      <Text>BIOTECHNOLOGY</Text>
    </ProgramReference>
  </Award>
</rootTag>
