<?xml version="1.0" encoding="UTF-8"?>

<rootTag>
  <Award>
    <AwardTitle>Gordon Research Conferences: Summer 1994</AwardTitle>
    <AwardEffectiveDate>06/01/1994</AwardEffectiveDate>
    <AwardExpirationDate>05/31/1995</AwardExpirationDate>
    <AwardAmount>150000</AwardAmount>
    <AwardInstrument>
      <Value>Standard Grant</Value>
    </AwardInstrument>
    <Organization>
      <Code>08090300</Code>
      <Directorate>
        <LongName>Direct For Biological Sciences</LongName>
      </Directorate>
      <Division>
        <LongName>Division Of Integrative Organismal Systems</LongName>
      </Division>
    </Organization>
    <ProgramOfficer>
      <SignBlockName>Barbara K. Zain</SignBlockName>
    </ProgramOfficer>
    <AbstractNarration>9400777 Storm The Gordon Research Conference are help every summer to discuss recent findings and current thinking in various areas of science. Although participation is limited, the attendees usually consist of established scientists, young investigators who are making important contributions in these areas, and post doctoral fellows. They are usually held in small isolated New England towns away from other distractions and are conducive to the free exchange of ideas. These conferences have a recognized value for presenting the latest advances in research and also indicating the future trends which are likely to be most productive. ***</AbstractNarration>
    <MinAmdLetterDate>05/03/1994</MinAmdLetterDate>
    <MaxAmdLetterDate>05/03/1994</MaxAmdLetterDate>
    <ARRAAmount/>
    <AwardID>9400777</AwardID>
    <Investigator>
      <FirstName>Carlyle</FirstName>
      <LastName>Storm</LastName>
      <EmailAddress>grc@grc.org</EmailAddress>
      <StartDate>06/01/1994</StartDate>
      <EndDate/>
      <RoleCode>Principal Investigator</RoleCode>
    </Investigator>
    <Institution>
      <Name>Gordon Research Conferences</Name>
      <CityName>West Kingston</CityName>
      <ZipCode>028921502</ZipCode>
      <PhoneNumber>4017834011</PhoneNumber>
      <StreetAddress>512 Liberty Lane</StreetAddress>
      <CountryName>United States</CountryName>
      <StateName>Rhode Island</StateName>
      <StateCode>RI</StateCode>
    </Institution>
    <FoaInformation>
      <Code>61</Code>
      <Name>Life Science Biological</Name>
    </FoaInformation>
    <ProgramElement>
      <Code>1107</Code>
      <Text>COMPUTATIONAL BIOLOGY ACTIVITI</Text>
    </ProgramElement>
    <ProgramElement>
      <Code>1116</Code>
      <Text>EUKARYOTIC GENETICS</Text>
    </ProgramElement>
    <ProgramElement>
      <Code>1119</Code>
      <Text>ANIMAL DEVELOPMENTAL MECHANSMS</Text>
    </ProgramElement>
    <ProgramElement>
      <Code>1132</Code>
      <Text>CELLULAR ORGANIZATION</Text>
    </ProgramElement>
    <ProgramElement>
      <Code>1136</Code>
      <Text>SIGNAL TRANSDCTN/CELL REGULATN</Text>
    </ProgramElement>
    <ProgramElement>
      <Code>1145</Code>
      <Text>INTEGRATIVE PLANT BIOLOGY</Text>
    </ProgramElement>
    <ProgramElement>
      <Code>1155</Code>
      <Text>INTEGRATIVE ANIMAL BIOLOGY</Text>
    </ProgramElement>
    <ProgramElement>
      <Code>1156</Code>
      <Text>MICROBIAL GENETICS</Text>
    </ProgramElement>
    <ProgramElement>
      <Code>1162</Code>
      <Text>COMPUTATIONAL NEUROSCIENCE</Text>
    </ProgramElement>
    <ProgramElement>
      <Code>1164</Code>
      <Text>MOLECULAR BIOPHYSICS</Text>
    </ProgramElement>
    <ProgramElement>
      <Code>1166</Code>
      <Text>MOLECULAR BIOCHEMISTRY</Text>
    </ProgramElement>
    <ProgramElement>
      <Code>1168</Code>
      <Text/>
    </ProgramElement>
    <ProgramElement>
      <Code>1185</Code>
      <Text>SENSORY SYSTEMS</Text>
    </ProgramElement>
    <ProgramElement>
      <Code>1190</Code>
      <Text>DEVELOPMENTAL NEUROSCIENCE</Text>
    </ProgramElement>
    <ProgramElement>
      <Code>1192</Code>
      <Text>NEURONAL AND GLIAL MECHANISMS</Text>
    </ProgramElement>
    <ProgramElement>
      <Code>1271</Code>
      <Text>COMPUTATIONAL MATHEMATICS</Text>
    </ProgramElement>
    <ProgramReference>
      <Code>9183</Code>
      <Text>GENERAL FOUNDATIONS OF BIOTECHNOLOGY</Text>
    </ProgramReference>
    <ProgramReference>
      <Code>BIOT</Code>
      <Text>BIOTECHNOLOGY</Text>
    </ProgramReference>
  </Award>
</rootTag>
