<?xml version="1.0" encoding="UTF-8"?>

<rootTag>
  <Award>
    <AwardTitle>Photochemical and Photophysical Mechanisms of Transition Metal Complexes</AwardTitle>
    <AwardEffectiveDate>07/01/1994</AwardEffectiveDate>
    <AwardExpirationDate>12/31/1998</AwardExpirationDate>
    <AwardAmount>498000</AwardAmount>
    <AwardInstrument>
      <Value>Continuing grant</Value>
    </AwardInstrument>
    <Organization>
      <Code>03090005</Code>
      <Directorate>
        <LongName>Direct For Mathematical &amp; Physical Scien</LongName>
      </Directorate>
      <Division>
        <LongName>Division Of Chemistry</LongName>
      </Division>
    </Organization>
    <ProgramOfficer>
      <SignBlockName>Margaret A. Cavanaugh</SignBlockName>
    </ProgramOfficer>
    <AbstractNarration>9400919 Ford U. of Calif. - Santa Barbara Dr. Peter Ford, Chemistry Department, University of California - Santa Barbara, is supported by the Inorganic, Bioinorganic, and Organometallic Chemistry Program for studies of the photoreaction and photophysical mechanisms of transition metal coordination and organometallic complexes. A series of strongly luminescing mononuclear and cluster compounds containing Cu(I) will be synthesized and spectroscopically characterized using both CW and pulse laser excitations, and the uni- and bimolecular ES dynamics will be determined by emission and transient absorption detection. The spectroscopic and bonding properties of the complexes will be evaluated with the aid of theoretical calculations. The photochemistry of several nitric oxide complexes will be examined both in order to understand the fundamental properties of coordinated NO and to prepare dual chromophore systems which might serve as sensors for solution NO. When light is absorbed by a molecule, the energy which the molecule acquires is sometime re-emitted as light of a different wave length (this is called luminescence) and sometimes by initiating a chemical reaction within the molecule. This project is designed to probe both possibilities. By using a specially designed series of copper compounds the details of how luminescence occurs. This has great importance to, for example, the design of light emitting electronic devices. In another portions the reactions of metal complexes of nitric oxide (NO) will be examined as the complexes are exposed to intense light. This has relevance to the design of sensors which can detect NO, which has important biochemical roles, in solution.</AbstractNarration>
    <MinAmdLetterDate>07/05/1994</MinAmdLetterDate>
    <MaxAmdLetterDate>10/08/1996</MaxAmdLetterDate>
    <ARRAAmount/>
    <AwardID>9400919</AwardID>
    <Investigator>
      <FirstName>Peter</FirstName>
      <LastName>Ford</LastName>
      <EmailAddress>ford@chem.ucsb.edu</EmailAddress>
      <StartDate>07/01/1994</StartDate>
      <EndDate/>
      <RoleCode>Principal Investigator</RoleCode>
    </Investigator>
    <Institution>
      <Name>University of California-Santa Barbara</Name>
      <CityName>Santa Barbara</CityName>
      <ZipCode>931062050</ZipCode>
      <PhoneNumber>8058934188</PhoneNumber>
      <StreetAddress>Office of Research</StreetAddress>
      <CountryName>United States</CountryName>
      <StateName>California</StateName>
      <StateCode>CA</StateCode>
    </Institution>
    <FoaInformation>
      <Code>0000099</Code>
      <Name>Other Applications NEC</Name>
    </FoaInformation>
    <FoaInformation>
      <Code>12</Code>
      <Name>Chemistry</Name>
    </FoaInformation>
    <ProgramElement>
      <Code>1968</Code>
      <Text>PHYSICAL INORGANIC</Text>
    </ProgramElement>
    <ProgramReference>
      <Code>0000</Code>
      <Text>UNASSIGNED</Text>
    </ProgramReference>
    <ProgramReference>
      <Code>9107</Code>
      <Text>BIOELECTRONICS AND BIONETWORKS</Text>
    </ProgramReference>
    <ProgramReference>
      <Code>9161</Code>
      <Text>SINGLE DIVISION/UNIVERSITY</Text>
    </ProgramReference>
    <ProgramReference>
      <Code>AMPP</Code>
      <Text>ADVANCED MATERIALS &amp; PROCESSING PROGRAM</Text>
    </ProgramReference>
    <ProgramReference>
      <Code>BIOT</Code>
      <Text>BIOTECHNOLOGY</Text>
    </ProgramReference>
    <ProgramReference>
      <Code>OTHR</Code>
      <Text>OTHER RESEARCH OR EDUCATION</Text>
    </ProgramReference>
  </Award>
</rootTag>
