<?xml version="1.0" encoding="UTF-8"?>

<rootTag>
  <Award>
    <AwardTitle>Mathematical Sciences: Regularity Properties of Nonlinear Wave Equations</AwardTitle>
    <AwardEffectiveDate>07/01/1994</AwardEffectiveDate>
    <AwardExpirationDate>06/30/1998</AwardExpirationDate>
    <AwardAmount>150000</AwardAmount>
    <AwardInstrument>
      <Value>Continuing grant</Value>
    </AwardInstrument>
    <Organization>
      <Code>03040200</Code>
      <Directorate>
        <LongName>Direct For Mathematical &amp; Physical Scien</LongName>
      </Directorate>
      <Division>
        <LongName>Division Of Mathematical Sciences</LongName>
      </Division>
    </Organization>
    <ProgramOfficer>
      <SignBlockName>Joe W. Jenkins</SignBlockName>
    </ProgramOfficer>
    <AbstractNarration>9400258 Klainerman A central theme of this mathematical research in the theory of nonlinear partial differential equations of evolution is that of regularity or break-down of solutions to the important examples which model the physical world. The work concerns not only what is meant by a solution but also understanding from a physical point of view the very limits of validity of the corresponding physical theories. This research is directed at specific goals in this regard - the development of relevant new techniques such as global stability of the Minkowski space-time and the analysis of the Einstein and other classical field theories. A primary goal is to study and lower, where possible, the regularity requirements on the initial data sets which assure that the initial value problem is well posed. Examples from simpler field theories suggest that the question of finding the optimal norm assuring well-posedness is intimately connected to the issue of break-down and regularity of solutions. A related direction this work will pursue concerns the question of nonlinear stability of the Minkowski metric relative to perturbations in the limited regularity class of the Einstein vacuum equations. The primary area of this project's research, nonlinearpartial differential equations, is central to the mostfundamental work currently under investigation within mathematical analysis. Solutions to nonlinear equations have been shown to posses considerable regularity and the equations themselves exhibit far more structure than was once thought possible. This project continues some of the most promising avenues of investigation in the field.</AbstractNarration>
    <MinAmdLetterDate>05/31/1994</MinAmdLetterDate>
    <MaxAmdLetterDate>03/28/1996</MaxAmdLetterDate>
    <ARRAAmount/>
    <AwardID>9400258</AwardID>
    <Investigator>
      <FirstName>Sergiu</FirstName>
      <LastName>Klainerman</LastName>
      <EmailAddress>seri@math.princeton.edu</EmailAddress>
      <StartDate>07/01/1994</StartDate>
      <EndDate/>
      <RoleCode>Principal Investigator</RoleCode>
    </Investigator>
    <Institution>
      <Name>Princeton University</Name>
      <CityName>Princeton</CityName>
      <ZipCode>085442020</ZipCode>
      <PhoneNumber>6092583090</PhoneNumber>
      <StreetAddress>Off. of Research &amp; Proj. Admin.</StreetAddress>
      <CountryName>United States</CountryName>
      <StateName>New Jersey</StateName>
      <StateCode>NJ</StateCode>
    </Institution>
    <FoaInformation>
      <Code>21</Code>
      <Name>Mathematics</Name>
    </FoaInformation>
    <FoaInformation>
      <Code>0000099</Code>
      <Name>Other Applications NEC</Name>
    </FoaInformation>
  </Award>
</rootTag>
