<?xml version="1.0" encoding="UTF-8"?>

<rootTag>
  <Award>
    <AwardTitle>A General Neural Simulation System for Computational Neurobiology</AwardTitle>
    <AwardEffectiveDate>09/01/1994</AwardEffectiveDate>
    <AwardExpirationDate>08/31/1998</AwardExpirationDate>
    <AwardAmount>1461921</AwardAmount>
    <AwardInstrument>
      <Value>Continuing grant</Value>
    </AwardInstrument>
    <Organization>
      <Code>08080205</Code>
      <Directorate>
        <LongName>Direct For Biological Sciences</LongName>
      </Directorate>
      <Division>
        <LongName>Div Of Biological Infrastructure</LongName>
      </Division>
    </Organization>
    <ProgramOfficer>
      <SignBlockName>THOMAS QUARLES</SignBlockName>
    </ProgramOfficer>
    <AbstractNarration>This award to James Bower will support continued development and distribution of A General Neural Simulation System (GENESIS) for Computational Neurobiology. The specific extensions and further development include the release of a new version of the software, continued efforts to develop versions of the package on parallel machines, continued documentation, development of an interface between GENESIS and the simulator NEURON, and the extension of the development of simulator performance measures to network. In addition, this award will allow new collaborations with the Pittsburgh Supercomputing Center and the Scientific Visualization Laboratory at the University of Illinois Chicago. This package will be used by both the research and the educational communities. The award is being supported by the Computational Neuroscience Program, the Numeric, Symbolic, and Geometric Computation Program, and the Computational Biology Program.</AbstractNarration>
    <MinAmdLetterDate>09/13/1994</MinAmdLetterDate>
    <MaxAmdLetterDate>05/14/1996</MaxAmdLetterDate>
    <ARRAAmount/>
    <AwardID>9400878</AwardID>
    <Investigator>
      <FirstName>James</FirstName>
      <LastName>Bower</LastName>
      <EmailAddress>bower@uthscsa.edu</EmailAddress>
      <StartDate>09/01/1994</StartDate>
      <EndDate/>
      <RoleCode>Principal Investigator</RoleCode>
    </Investigator>
    <Institution>
      <Name>California Institute of Technology</Name>
      <CityName>PASADENA</CityName>
      <ZipCode>911250600</ZipCode>
      <PhoneNumber>6263956219</PhoneNumber>
      <StreetAddress>1200 E California Blvd</StreetAddress>
      <CountryName>United States</CountryName>
      <StateName>California</StateName>
      <StateCode>CA</StateCode>
    </Institution>
    <FoaInformation>
      <Code>31</Code>
      <Name>Computer Science &amp; Engineering</Name>
    </FoaInformation>
    <FoaInformation>
      <Code>21</Code>
      <Name>Mathematics</Name>
    </FoaInformation>
    <FoaInformation>
      <Code>61</Code>
      <Name>Life Science Biological</Name>
    </FoaInformation>
    <FoaInformation>
      <Code>0000912</Code>
      <Name>Computer Science</Name>
    </FoaInformation>
  </Award>
</rootTag>
