<?xml version="1.0" encoding="UTF-8"?>

<rootTag>
  <Award>
    <AwardTitle>Model Predictions for the Encounters of Shoemaker-Levy 9 with the Jupiter Magnetosphere</AwardTitle>
    <AwardEffectiveDate>04/15/1994</AwardEffectiveDate>
    <AwardExpirationDate>03/31/1995</AwardExpirationDate>
    <AwardAmount>25000</AwardAmount>
    <AwardInstrument>
      <Value>Standard Grant</Value>
    </AwardInstrument>
    <Organization>
      <Code>06020201</Code>
      <Directorate>
        <LongName>Directorate For Geosciences</LongName>
      </Directorate>
      <Division>
        <LongName>Div Atmospheric &amp; Geospace Sciences</LongName>
      </Division>
    </Organization>
    <ProgramOfficer>
      <SignBlockName>Sunanda Basu</SignBlockName>
    </ProgramOfficer>
    <AbstractNarration>9400202 Shemansky The PIs propose to examine theory for the consequences of the encounter of comet Shoemaker-Levy 9 with the Jupiter system. The purpose is twofold: (1) the Jupiter environment may provide a unique insight into the composition, structure and physical chemistry of SL9 through the expected enhanced extraction of the atomic and molecular components of the solid into the magnetosphere through sputtering and desorption in the inner and outer regions, and heating of the grains in the Io torus, and (2) the transient introduced into the magnetosphere may be strong enough to allow an unprecedented exploration of the intrinsic source and diffusive loss processes controlling the undisturbed planetary system. Predictive abilities include established model codes that are utilized to calculate the detailed emission properties of atomic and molecular species excited by physical chemistry as well as the combined direct processes of electron and photon excitation. ***</AbstractNarration>
    <MinAmdLetterDate>03/23/1994</MinAmdLetterDate>
    <MaxAmdLetterDate>03/23/1994</MaxAmdLetterDate>
    <ARRAAmount/>
    <AwardID>9400202</AwardID>
    <Investigator>
      <FirstName>Donald</FirstName>
      <LastName>Shemansky</LastName>
      <EmailAddress>dons@usc.edu</EmailAddress>
      <StartDate>04/15/1994</StartDate>
      <EndDate/>
      <RoleCode>Principal Investigator</RoleCode>
    </Investigator>
    <Investigator>
      <FirstName>Philip</FirstName>
      <LastName>Matheson</LastName>
      <EmailAddress>matheson@athena.usc.edu</EmailAddress>
      <StartDate>04/15/1994</StartDate>
      <EndDate/>
      <RoleCode>Co-Principal Investigator</RoleCode>
    </Investigator>
    <Institution>
      <Name>University of Southern California</Name>
      <CityName>Los Angeles</CityName>
      <ZipCode>900890001</ZipCode>
      <PhoneNumber>2137407762</PhoneNumber>
      <StreetAddress>University Park</StreetAddress>
      <CountryName>United States</CountryName>
      <StateName>California</StateName>
      <StateCode>CA</StateCode>
    </Institution>
    <FoaInformation>
      <Code>0205000</Code>
      <Name>Space</Name>
    </FoaInformation>
    <FoaInformation>
      <Code>41</Code>
      <Name>Atmospheric Sciences</Name>
    </FoaInformation>
    <ProgramElement>
      <Code>1521</Code>
      <Text>AERONOMY</Text>
    </ProgramElement>
    <ProgramReference>
      <Code>0000</Code>
      <Text>UNASSIGNED</Text>
    </ProgramReference>
    <ProgramReference>
      <Code>OTHR</Code>
      <Text>OTHER RESEARCH OR EDUCATION</Text>
    </ProgramReference>
  </Award>
</rootTag>
