<?xml version="1.0" encoding="UTF-8"?>

<rootTag>
  <Award>
    <AwardTitle>Origin, Development, and Transport of Arctic Sea Ice</AwardTitle>
    <AwardEffectiveDate>10/01/1994</AwardEffectiveDate>
    <AwardExpirationDate>09/30/1997</AwardExpirationDate>
    <AwardAmount>91322</AwardAmount>
    <AwardInstrument>
      <Value>Standard Grant</Value>
    </AwardInstrument>
    <Organization>
      <Code>01020306</Code>
      <Directorate>
        <LongName>Office Of The Director</LongName>
      </Directorate>
      <Division>
        <LongName>Office of Polar Programs</LongName>
      </Division>
    </Organization>
    <ProgramOfficer>
      <SignBlockName>Bernhard Lettau</SignBlockName>
    </ProgramOfficer>
    <AbstractNarration>This project is the investigation of the redistribution of sediment and pollutants over the Arctic basin through transport by sea ice, a heretofore neglected aspect of the depositional history of the arctic sea ice and ocean bottom. It will focus on the reconstruction of sediment and pollutant incorporation mechanisms, as well as the origin, development, and transport history of individual floes. The study will concentrate on the Beaufort Gyre, where the ice is relatively old, and where individual floes may have significantly different histories. Multiple variables that include the physical properties of the sea ice and the sediments, the contaminant chemistry, and the isotopic oxygen analysis, will be combined in an analysis for the origin, development, and transport history of sea ice in the Amerasian Basin. The work can potentially develop techniques for distinguishing on the basis of the combined indicators between ice formed in the Canadian or Siberian sectors of the Arctic Ocean, and provide information on such questions as how widely distributed is ice with an apparent river signal (relative depletion of oxygen-18), and does it tend to have greater contaminant loads.</AbstractNarration>
    <MinAmdLetterDate>08/30/1994</MinAmdLetterDate>
    <MaxAmdLetterDate>08/30/1994</MaxAmdLetterDate>
    <ARRAAmount/>
    <AwardID>9400144</AwardID>
    <Investigator>
      <FirstName>Stephanie</FirstName>
      <LastName>Pfirman</LastName>
      <EmailAddress>spfirman@barnard.edu</EmailAddress>
      <StartDate>10/01/1994</StartDate>
      <EndDate/>
      <RoleCode>Principal Investigator</RoleCode>
    </Investigator>
    <Institution>
      <Name>Barnard College</Name>
      <CityName>New York</CityName>
      <ZipCode>100276598</ZipCode>
      <PhoneNumber>2128542708</PhoneNumber>
      <StreetAddress>3009 BROADWAY</StreetAddress>
      <CountryName>United States</CountryName>
      <StateName>New York</StateName>
      <StateCode>NY</StateCode>
    </Institution>
    <FoaInformation>
      <Code>0311000</Code>
      <Name>Polar Programs-Related</Name>
    </FoaInformation>
  </Award>
</rootTag>
