<?xml version="1.0" encoding="UTF-8"?>

<rootTag>
  <Award>
    <AwardTitle>Mathematical Sciences: Moduli of Vector Bundles on Surfaces</AwardTitle>
    <AwardEffectiveDate>07/01/1994</AwardEffectiveDate>
    <AwardExpirationDate>06/30/1995</AwardExpirationDate>
    <AwardAmount>15000</AwardAmount>
    <AwardInstrument>
      <Value>Standard Grant</Value>
    </AwardInstrument>
    <Organization>
      <Code>03040300</Code>
      <Directorate>
        <LongName>Direct For Mathematical &amp; Physical Scien</LongName>
      </Directorate>
      <Division>
        <LongName>Division Of Mathematical Sciences</LongName>
      </Division>
    </Organization>
    <ProgramOfficer>
      <SignBlockName>Gary Cornell</SignBlockName>
    </ProgramOfficer>
    <AbstractNarration>This award supports research in algebraic geometry. There are two objectives of the project. The first is to obtain universal realtions for the values of Donaldson polynomials on classes of algebraic curvs of arbitrary genus and self-intersection. The second is to understand global properties of moduli spaces of bector bundles on surfaces. The research is in the field of algebraic geometry, one of the oldest parts of modern mathematics, but one which blossomed to the point where it has, in the past ten years, solved problems that have stood for centuries. Originally, it treated figures defined in the plane by the simplest of equations, namely polynomials. Today, the field uses methods not only from algebra, but also from analysis and topology, and conversely it is extensively used in those fields. Moreover it has proved itself useful in fields as diverse as physics, theoretical computer science, cryptography, coding theory and robotics.</AbstractNarration>
    <MinAmdLetterDate>06/09/1994</MinAmdLetterDate>
    <MaxAmdLetterDate>06/09/1994</MaxAmdLetterDate>
    <ARRAAmount/>
    <AwardID>9400835</AwardID>
    <Investigator>
      <FirstName>Kieran</FirstName>
      <LastName>O'Grady</LastName>
      <EmailAddress/>
      <StartDate>07/01/1994</StartDate>
      <EndDate/>
      <RoleCode>Principal Investigator</RoleCode>
    </Investigator>
    <Institution>
      <Name>University of Pennsylvania</Name>
      <CityName>Philadelphia</CityName>
      <ZipCode>191046205</ZipCode>
      <PhoneNumber>2158987293</PhoneNumber>
      <StreetAddress>Research Services</StreetAddress>
      <CountryName>United States</CountryName>
      <StateName>Pennsylvania</StateName>
      <StateCode>PA</StateCode>
    </Institution>
    <FoaInformation>
      <Code>21</Code>
      <Name>Mathematics</Name>
    </FoaInformation>
    <FoaInformation>
      <Code>0000099</Code>
      <Name>Other Applications NEC</Name>
    </FoaInformation>
  </Award>
</rootTag>
