<?xml version="1.0" encoding="UTF-8"?>

<rootTag>
  <Award>
    <AwardTitle>The Use of King Island Inupiat Songs and Dances in Preserving Cultural Identity</AwardTitle>
    <AwardEffectiveDate>05/01/1995</AwardEffectiveDate>
    <AwardExpirationDate>04/30/1997</AwardExpirationDate>
    <AwardAmount>40048</AwardAmount>
    <AwardInstrument>
      <Value>Standard Grant</Value>
    </AwardInstrument>
    <Organization>
      <Code>06090300</Code>
      <Directorate>
        <LongName>Directorate For Geosciences</LongName>
      </Directorate>
      <Division>
        <LongName>Division Of Polar Programs</LongName>
      </Division>
    </Organization>
    <ProgramOfficer>
      <SignBlockName>Fae L. Korsmo</SignBlockName>
    </ProgramOfficer>
    <AbstractNarration>ABSTRACT OPP-9400929 KINGSTON The overall goal of this anthropological research is to understand the resilience of the King Island Inupiat as a distinct indigenous community in Alaska. Although different acculturative processes have led the King Islanders to move from their Bering Strait Island, a strong sense of community and identity still exists and is particularly expressed by music and dance traditions. These traditions are a repository of King Island history and life. Archival film footage and oral history accounts will be used in structured meetings with Native Elders in order to record and reclaim this Alaska Native heritage. This study contributes to the development of anthropological theory with reference to both the scientific use of film archives, and understanding mediums of cultural continuity and change. ??</AbstractNarration>
    <MinAmdLetterDate>03/14/1995</MinAmdLetterDate>
    <MaxAmdLetterDate>03/14/1995</MaxAmdLetterDate>
    <ARRAAmount/>
    <AwardID>9400929</AwardID>
    <Investigator>
      <FirstName>Deanna</FirstName>
      <LastName>Kingston</LastName>
      <EmailAddress>deanna.kingston@oregonstate.edu</EmailAddress>
      <StartDate>03/14/1995</StartDate>
      <EndDate/>
      <RoleCode>Principal Investigator</RoleCode>
    </Investigator>
    <Institution>
      <Name>Smithsonian Institution</Name>
      <CityName>Arlington</CityName>
      <ZipCode>222023709</ZipCode>
      <PhoneNumber>2026337110</PhoneNumber>
      <StreetAddress>Office of Sponsored Projects</StreetAddress>
      <CountryName>United States</CountryName>
      <StateName>Virginia</StateName>
      <StateCode>VA</StateCode>
    </Institution>
  </Award>
</rootTag>
