<?xml version="1.0" encoding="UTF-8"?>

<rootTag>
  <Award>
    <AwardTitle>Functionality and Burn-in Effectiveness</AwardTitle>
    <AwardEffectiveDate>04/01/1995</AwardEffectiveDate>
    <AwardExpirationDate>03/31/1999</AwardExpirationDate>
    <AwardAmount>220000</AwardAmount>
    <AwardInstrument>
      <Value>Continuing grant</Value>
    </AwardInstrument>
    <Organization>
      <Code>07030000</Code>
      <Directorate>
        <LongName>Directorate For Engineering</LongName>
      </Directorate>
      <Division>
        <LongName>Div Of Civil, Mechanical, &amp; Manufact Inn</LongName>
      </Division>
    </Organization>
    <ProgramOfficer>
      <SignBlockName>Lawrence M. Seiford</SignBlockName>
    </ProgramOfficer>
    <AbstractNarration>9400051 Kuo This grant provides support for research on microelectronic circuit design for reliability by means of system burn-in, which can remove many of the residual defects remaining after component and subsystem burn-in. Burn-in techniques are widely applied to integrated circuits (ICs) to enhance reliability. However, complex system configurations often make it difficult to formulate optimal burn-in strategies. This research will address the use of a non-parametric design approach and the generalized Dirichlet process to determine system burn-time. In addition, it will consider the impact of incompatibility that reduces system reliability and that affects the optimal burn-in strategy for both component and subsystem burn-in. If successful, this research will provide an approach, at the design stage, for system designers to (1) determine the optimal burn-in strategy for new ICs, (2) find the optimal burn-in times at the component, subsystem, and system levels, (3) implement the optimal burn-in strategy by using the field failure data available from IC manufacturers, and (4) better understand the failure mechanisms of new ICs, enabling improvement of their reliability and quality in the manufacturing process. These advances could help to improve competitiveness of the United States IC industry.</AbstractNarration>
    <MinAmdLetterDate>03/29/1995</MinAmdLetterDate>
    <MaxAmdLetterDate>02/20/1997</MaxAmdLetterDate>
    <ARRAAmount/>
    <AwardID>9400051</AwardID>
    <Investigator>
      <FirstName>Way</FirstName>
      <LastName>Kuo</LastName>
      <EmailAddress>way@utk.edu</EmailAddress>
      <StartDate>03/29/1995</StartDate>
      <EndDate/>
      <RoleCode>Principal Investigator</RoleCode>
    </Investigator>
    <Institution>
      <Name>Texas A&amp;M Engineering Experiment Station</Name>
      <CityName>College Station</CityName>
      <ZipCode>778454645</ZipCode>
      <PhoneNumber>9798477635</PhoneNumber>
      <StreetAddress>TEES State Headquarters Bldg.</StreetAddress>
      <CountryName>United States</CountryName>
      <StateName>Texas</StateName>
      <StateCode>TX</StateCode>
    </Institution>
    <FoaInformation>
      <Code>0308000</Code>
      <Name>Industrial Technology</Name>
    </FoaInformation>
    <FoaInformation>
      <Code>59</Code>
      <Name>Engineering NEC</Name>
    </FoaInformation>
    <ProgramElement>
      <Code>1464</Code>
      <Text>ENGINEERING DESIGN AND INNOVAT</Text>
    </ProgramElement>
    <ProgramElement>
      <Code>5514</Code>
      <Text>OPERATIONS RESEARCH</Text>
    </ProgramElement>
    <ProgramReference>
      <Code>9147</Code>
      <Text>GENERIC TECHNOL FOR MANUFACTURING CELLS</Text>
    </ProgramReference>
    <ProgramReference>
      <Code>9148</Code>
      <Text>TOOLS &amp; TECHNOL FOR MANUFACTURING DESIGN</Text>
    </ProgramReference>
    <ProgramReference>
      <Code>9178</Code>
      <Text>UNDERGRADUATE EDUCATION</Text>
    </ProgramReference>
    <ProgramReference>
      <Code>9231</Code>
      <Text>SUPPL FOR UNDERGRAD RES ASSIST</Text>
    </ProgramReference>
    <ProgramReference>
      <Code>9251</Code>
      <Text>RES EXPER FOR UNDERGRAD-SUPPLT</Text>
    </ProgramReference>
    <ProgramReference>
      <Code>MANU</Code>
      <Text>MANUFACTURING</Text>
    </ProgramReference>
  </Award>
</rootTag>
