<?xml version="1.0" encoding="UTF-8"?>

<rootTag>
  <Award>
    <AwardTitle>P-Groups &amp; Infinite Dimensional Lie Algebras</AwardTitle>
    <AwardEffectiveDate>05/15/1994</AwardEffectiveDate>
    <AwardExpirationDate>04/30/1997</AwardExpirationDate>
    <AwardAmount>75000</AwardAmount>
    <AwardInstrument>
      <Value>Continuing grant</Value>
    </AwardInstrument>
    <Organization>
      <Code>03040300</Code>
      <Directorate>
        <LongName>Direct For Mathematical &amp; Physical Scien</LongName>
      </Directorate>
      <Division>
        <LongName>Division Of Mathematical Sciences</LongName>
      </Division>
    </Organization>
    <ProgramOfficer>
      <SignBlockName>Ann K. Boyle</SignBlockName>
    </ProgramOfficer>
    <AbstractNarration>9400466 Zelmanov This award supports research on several problems concerning finite p-groups, pro-p groups, and infinite dimensional Lie algebras. All these problems are related to algebras satisfying a polynomial identity, to Lie algebras with Engel's condition and to coordinatization theorems. This research is concerned with a mathematical object called a Lie algebra. Lie algebras arise from another object called a Lie group. An example of a Lie group is the rotations of a sphere where one rotation is followed by another. Lie groups and Lie algebras are important in areas involving analysis of spherical motion.</AbstractNarration>
    <MinAmdLetterDate>04/21/1994</MinAmdLetterDate>
    <MaxAmdLetterDate>06/20/1996</MaxAmdLetterDate>
    <ARRAAmount/>
    <AwardID>9400466</AwardID>
    <Investigator>
      <FirstName>Efim</FirstName>
      <LastName>Zelmanov</LastName>
      <EmailAddress>ezelmano@math.ucsd.edu</EmailAddress>
      <StartDate>05/15/1994</StartDate>
      <EndDate/>
      <RoleCode>Principal Investigator</RoleCode>
    </Investigator>
    <Institution>
      <Name>University of Wisconsin-Madison</Name>
      <CityName>MADISON</CityName>
      <ZipCode>537151218</ZipCode>
      <PhoneNumber>6082623822</PhoneNumber>
      <StreetAddress>21 North Park Street</StreetAddress>
      <CountryName>United States</CountryName>
      <StateName>Wisconsin</StateName>
      <StateCode>WI</StateCode>
    </Institution>
    <FoaInformation>
      <Code>0000099</Code>
      <Name>Other Applications NEC</Name>
    </FoaInformation>
  </Award>
</rootTag>
