<?xml version="1.0" encoding="UTF-8"?>

<rootTag>
  <Award>
    <AwardTitle>Dissertation Research: Hohokam Ceramic Production, Distribution and Consumption</AwardTitle>
    <AwardEffectiveDate>04/01/1994</AwardEffectiveDate>
    <AwardExpirationDate>03/31/1996</AwardExpirationDate>
    <AwardAmount>11997</AwardAmount>
    <AwardInstrument>
      <Value>Standard Grant</Value>
    </AwardInstrument>
    <Organization>
      <Code>04040400</Code>
      <Directorate>
        <LongName>Direct For Social, Behav &amp; Economic Scie</LongName>
      </Directorate>
      <Division>
        <LongName>Division Of Behavioral and Cognitive Sci</LongName>
      </Division>
    </Organization>
    <ProgramOfficer>
      <SignBlockName>John E. Yellen</SignBlockName>
    </ProgramOfficer>
    <AbstractNarration>9400239 Fish Under the direction of Dr. Paul Fish, Ms. Karen Harry will collect data for her doctoral dissertation. She will employ both neutron activation analysis and petrographic techniques to analyze potsherds collected at two Hohokam archaeological sites located in Arizona. She will use field surveys to locate clay sources and determine the trace element compositions of these as well. On this basis it will be possible to relate ceramic product back to raw material source. It will also be possible to examine the distribution of ceramic types within each of the two sites and between them. Ms. Harry can then use these data to reconstruct intra and intersettlement production, distribution and consumption patterns and thus gain insight into economic and social organization. The Marana and Los Robles settlement communities which form the basis for this study were occupied by Hohokam peoples during the early Classic period and date to between A.D. 1050-1300. The Hohokam are well known archaeologically for the large irrigation systems they constructed which permitted agriculture in low rainfall areas of the Arizona desert. They also occupied large sites with impressive platform mounds. These attest to the aggregation of large numbers of people and some form of centralized hierarchical control. Archaeologists wish to understand how such centralized societies develop and postulate that control and organization of trade may play a central role. Ms. Harry will examine this question. Because ceramics played a vital role in both subsistence and ritual, they provide an excellent insight into the social and economic lives of these communities. This research is important for several reasons. It will provide information of interest to many archaeologists. It will shed new light on U.S. prehistory and assist in the training of a promising young scientist. ***</AbstractNarration>
    <MinAmdLetterDate>01/18/1994</MinAmdLetterDate>
    <MaxAmdLetterDate>01/18/1994</MaxAmdLetterDate>
    <ARRAAmount/>
    <AwardID>9400239</AwardID>
    <Investigator>
      <FirstName>Paul</FirstName>
      <LastName>Fish</LastName>
      <EmailAddress>pfish@u.arizona.edu</EmailAddress>
      <StartDate>04/01/1994</StartDate>
      <EndDate/>
      <RoleCode>Principal Investigator</RoleCode>
    </Investigator>
    <Institution>
      <Name>University of Arizona</Name>
      <CityName>Tucson</CityName>
      <ZipCode>857194824</ZipCode>
      <PhoneNumber>5206266000</PhoneNumber>
      <StreetAddress>888 N Euclid Ave</StreetAddress>
      <CountryName>United States</CountryName>
      <StateName>Arizona</StateName>
      <StateCode>AZ</StateCode>
    </Institution>
    <FoaInformation>
      <Code>0000099</Code>
      <Name>Other Applications NEC</Name>
    </FoaInformation>
    <FoaInformation>
      <Code>81</Code>
      <Name>Anthropology</Name>
    </FoaInformation>
    <ProgramElement>
      <Code>1391</Code>
      <Text>ARCHAEOLOGY</Text>
    </ProgramElement>
    <ProgramReference>
      <Code>0000</Code>
      <Text>UNASSIGNED</Text>
    </ProgramReference>
    <ProgramReference>
      <Code>OTHR</Code>
      <Text>OTHER RESEARCH OR EDUCATION</Text>
    </ProgramReference>
  </Award>
</rootTag>
