<?xml version="1.0" encoding="UTF-8"?>

<rootTag>
  <Award>
    <AwardTitle>M.A. Degree in Chemistry for High School Teachers</AwardTitle>
    <AwardEffectiveDate>12/01/1993</AwardEffectiveDate>
    <AwardExpirationDate>05/31/1997</AwardExpirationDate>
    <AwardAmount>21000</AwardAmount>
    <AwardInstrument>
      <Value>Standard Grant</Value>
    </AwardInstrument>
    <Organization>
      <Code>03090007</Code>
      <Directorate>
        <LongName>Direct For Mathematical &amp; Physical Scien</LongName>
      </Directorate>
      <Division>
        <LongName>Division Of Chemistry</LongName>
      </Division>
    </Organization>
    <ProgramOfficer>
      <SignBlockName>Karolyn K. Eisenstein</SignBlockName>
    </ProgramOfficer>
    <AbstractNarration>9400167 Heine With this award, the Chemistry Division is supporting Dr. Harold Heine of the Department of Chemistry at Bucknell University in his efforts to establish a novel M.A. degree in Chemistry for High School teachers. The projected curriculum combines mentored research with course work to afford a broad-based program for high school faculty. ***</AbstractNarration>
    <MinAmdLetterDate>12/06/1993</MinAmdLetterDate>
    <MaxAmdLetterDate>12/06/1993</MaxAmdLetterDate>
    <ARRAAmount/>
    <AwardID>9400167</AwardID>
    <Investigator>
      <FirstName>Harold</FirstName>
      <LastName>Heine</LastName>
      <EmailAddress/>
      <StartDate>12/01/1993</StartDate>
      <EndDate/>
      <RoleCode>Principal Investigator</RoleCode>
    </Investigator>
    <Institution>
      <Name>Bucknell University</Name>
      <CityName>LEWISBURG</CityName>
      <ZipCode>178372111</ZipCode>
      <PhoneNumber>5705773855</PhoneNumber>
      <StreetAddress>One Dent Drive</StreetAddress>
      <CountryName>United States</CountryName>
      <StateName>Pennsylvania</StateName>
      <StateCode>PA</StateCode>
    </Institution>
    <FoaInformation>
      <Code>0000099</Code>
      <Name>Other Applications NEC</Name>
    </FoaInformation>
  </Award>
</rootTag>
