<?xml version="1.0" encoding="UTF-8"?>

<rootTag>
  <Award>
    <AwardTitle>Local &amp; Global Problems</AwardTitle>
    <AwardEffectiveDate>07/01/1994</AwardEffectiveDate>
    <AwardExpirationDate>06/30/1998</AwardExpirationDate>
    <AwardAmount>68570</AwardAmount>
    <AwardInstrument>
      <Value>Standard Grant</Value>
    </AwardInstrument>
    <Organization>
      <Code>03040300</Code>
      <Directorate>
        <LongName>Direct For Mathematical &amp; Physical Scien</LongName>
      </Directorate>
      <Division>
        <LongName>Division Of Mathematical Sciences</LongName>
      </Division>
    </Organization>
    <ProgramOfficer>
      <SignBlockName>Ann K. Boyle</SignBlockName>
    </ProgramOfficer>
    <AbstractNarration>9400753 Cutkosky The principle investigator will investigate four problems in algebraic geometry. He will work on the Riemann-Roch problem which is to compute the cohomology groups of high multiples of a line bundle on a projective variety. He will also work on the local analogue of this problem which is the computation of Hilbert functions of valuation ideals determined by vanishing to high multiplicity along fixed valuations. In addition, the principle investigator will study ramification and the equivalence of homomorphisms of modules. This research is concerned with a number of questions in commutative algebra and algebraic geometry. Algebraic geometry studies solutions of families of polynomial equations. One can either study the geometry of the solution set or approach problems algebraically by investigating certain functions on the solution set that form what is called a commutative ring. This dual perspective creates a close connection between commutative algebra and algebraic geometry.</AbstractNarration>
    <MinAmdLetterDate>04/05/1994</MinAmdLetterDate>
    <MaxAmdLetterDate>08/12/1994</MaxAmdLetterDate>
    <ARRAAmount/>
    <AwardID>9400753</AwardID>
    <Investigator>
      <FirstName>Steven</FirstName>
      <LastName>Cutkosky</LastName>
      <EmailAddress>cutkoskys@missouri.edu</EmailAddress>
      <StartDate>07/01/1994</StartDate>
      <EndDate/>
      <RoleCode>Principal Investigator</RoleCode>
    </Investigator>
    <Institution>
      <Name>University of Missouri-Columbia</Name>
      <CityName>COLUMBIA</CityName>
      <ZipCode>652110001</ZipCode>
      <PhoneNumber>5738827560</PhoneNumber>
      <StreetAddress>115 Business Loop 70 W</StreetAddress>
      <CountryName>United States</CountryName>
      <StateName>Missouri</StateName>
      <StateCode>MO</StateCode>
    </Institution>
    <FoaInformation>
      <Code>21</Code>
      <Name>Mathematics</Name>
    </FoaInformation>
  </Award>
</rootTag>
