<?xml version="1.0" encoding="UTF-8"?>

<rootTag>
  <Award>
    <AwardTitle>Direct Measurement of a Magnetic Polarity Boundary with Depth in Ocean Crust</AwardTitle>
    <AwardEffectiveDate>12/15/1994</AwardEffectiveDate>
    <AwardExpirationDate>05/31/1999</AwardExpirationDate>
    <AwardAmount>284981</AwardAmount>
    <AwardInstrument>
      <Value>Continuing grant</Value>
    </AwardInstrument>
    <Organization>
      <Code>06040200</Code>
      <Directorate>
        <LongName>Directorate For Geosciences</LongName>
      </Directorate>
      <Division>
        <LongName>Division Of Ocean Sciences</LongName>
      </Division>
    </Organization>
    <ProgramOfficer>
      <SignBlockName>Constance A. Sancetta</SignBlockName>
    </ProgramOfficer>
    <AbstractNarration>9400623 Tivey In this project the PI will conduct a field study to measure magnetization of the crust where the Jaramillo/Matuyama boundary intersects the Blanco scarp and of the adjacent seafloor. He will do this by progressively increasing the resolution of measurements through repeat surveying of the same transect using surface magnetic measurements to deep-tow measurements and then finally ALVIN measurements. The primary purpose of this study is to determine the source for marine magnetic anomalies. This study will also provide constraints on the time dimension of the origin of oceanic crust. ***</AbstractNarration>
    <MinAmdLetterDate>01/05/1995</MinAmdLetterDate>
    <MaxAmdLetterDate>09/23/1998</MaxAmdLetterDate>
    <ARRAAmount/>
    <AwardID>9400623</AwardID>
    <Investigator>
      <FirstName>Maurice</FirstName>
      <LastName>Tivey</LastName>
      <EmailAddress>mtivey@whoi.edu</EmailAddress>
      <StartDate>01/05/1995</StartDate>
      <EndDate/>
      <RoleCode>Principal Investigator</RoleCode>
    </Investigator>
    <Institution>
      <Name>Woods Hole Oceanographic Institution</Name>
      <CityName>WOODS HOLE</CityName>
      <ZipCode>025431041</ZipCode>
      <PhoneNumber>5082893542</PhoneNumber>
      <StreetAddress>183 OYSTER POND ROAD</StreetAddress>
      <CountryName>United States</CountryName>
      <StateName>Massachusetts</StateName>
      <StateCode>MA</StateCode>
    </Institution>
    <FoaInformation>
      <Code>0204000</Code>
      <Name>Oceanography</Name>
    </FoaInformation>
    <FoaInformation>
      <Code>42</Code>
      <Name>Geological Sciences</Name>
    </FoaInformation>
    <ProgramElement>
      <Code>1620</Code>
      <Text>MARINE GEOLOGY AND GEOPHYSICS</Text>
    </ProgramElement>
    <ProgramReference>
      <Code>0000</Code>
      <Text>UNASSIGNED</Text>
    </ProgramReference>
    <ProgramReference>
      <Code>OTHR</Code>
      <Text>OTHER RESEARCH OR EDUCATION</Text>
    </ProgramReference>
  </Award>
</rootTag>
