<?xml version="1.0" encoding="UTF-8"?>

<rootTag>
  <Award>
    <AwardTitle>De-Alloying: The Selective Dissolution of Alloys in Corrosive Environments</AwardTitle>
    <AwardEffectiveDate>06/01/1994</AwardEffectiveDate>
    <AwardExpirationDate>11/30/1997</AwardExpirationDate>
    <AwardAmount>12000</AwardAmount>
    <AwardInstrument>
      <Value>Standard Grant</Value>
    </AwardInstrument>
    <Organization>
      <Code>01090000</Code>
      <Directorate>
        <LongName>Office Of The Director</LongName>
      </Directorate>
      <Division>
        <LongName>Office Of Internatl Science &amp;Engineering</LongName>
      </Division>
    </Organization>
    <ProgramOfficer>
      <SignBlockName>Patricia Jones Tsuchitani</SignBlockName>
    </ProgramOfficer>
    <AbstractNarration>9400583 Pickering Technical Narrative: This proposal represents a collaborative research effort between the Pennsylvania State University (Dr. H. W. Pickering) and Cairo University (Drs. B. Ateya and B. El- Anadouli). The investigators intend to study the problems of de-alloying in corrosive environments. The proposed work involves physical and mathematical modeling and experimental measurements on de-alloying. Their objective is to understand the mechanism and details of the various rate processes involved in de-alloying. Project funding will enable the researchers to work together for one month each year over the course of this three-year study. This project in materials science fulfills the program objective of advancing scientific knowledge by enabling leading experts in the United States and Egypt to combine complementary talents and conduct research in areas of strong mutual interest and competence. The project aims to provide a much needed insight into the scientific aspects of this universal corrosion problem which is of common concern to both groups. ***</AbstractNarration>
    <MinAmdLetterDate>04/04/1994</MinAmdLetterDate>
    <MaxAmdLetterDate>04/04/1994</MaxAmdLetterDate>
    <ARRAAmount/>
    <AwardID>9400583</AwardID>
    <Investigator>
      <FirstName>Howard</FirstName>
      <LastName>Pickering</LastName>
      <EmailAddress>pick@ems.psu.edu</EmailAddress>
      <StartDate>06/01/1994</StartDate>
      <EndDate/>
      <RoleCode>Principal Investigator</RoleCode>
    </Investigator>
    <Investigator>
      <FirstName>B.</FirstName>
      <LastName>Ateya</LastName>
      <EmailAddress/>
      <StartDate>06/01/1994</StartDate>
      <EndDate/>
      <RoleCode>Co-Principal Investigator</RoleCode>
    </Investigator>
    <Institution>
      <Name>Pennsylvania State Univ University Park</Name>
      <CityName>UNIVERSITY PARK</CityName>
      <ZipCode>168027000</ZipCode>
      <PhoneNumber>8148651372</PhoneNumber>
      <StreetAddress>110 Technology Center Building</StreetAddress>
      <CountryName>United States</CountryName>
      <StateName>Pennsylvania</StateName>
      <StateCode>PA</StateCode>
    </Institution>
    <FoaInformation>
      <Code>0106000</Code>
      <Name>Materials Research</Name>
    </FoaInformation>
    <FoaInformation>
      <Code>99</Code>
      <Name>Other Sciences NEC</Name>
    </FoaInformation>
    <ProgramElement>
      <Code>5976</Code>
      <Text>AFRICA, NEAR EAST, &amp; SO ASIA</Text>
    </ProgramElement>
    <ProgramReference>
      <Code>5944</Code>
      <Text>EGYPT (COOP SCIENCE)</Text>
    </ProgramReference>
    <ProgramReference>
      <Code>9161</Code>
      <Text>SINGLE DIVISION/UNIVERSITY</Text>
    </ProgramReference>
    <ProgramReference>
      <Code>AMPP</Code>
      <Text>ADVANCED MATERIALS &amp; PROCESSING PROGRAM</Text>
    </ProgramReference>
  </Award>
</rootTag>
