<?xml version="1.0" encoding="UTF-8"?>

<rootTag>
  <Award>
    <AwardTitle>Mathematical Sciences: Cohomology and Modular Representations of Algebriac Groups</AwardTitle>
    <AwardEffectiveDate>06/15/1994</AwardEffectiveDate>
    <AwardExpirationDate>11/30/1996</AwardExpirationDate>
    <AwardAmount>19900</AwardAmount>
    <AwardInstrument>
      <Value>Standard Grant</Value>
    </AwardInstrument>
    <Organization>
      <Code>03040300</Code>
      <Directorate>
        <LongName>Direct For Mathematical &amp; Physical Scien</LongName>
      </Directorate>
      <Division>
        <LongName>Division Of Mathematical Sciences</LongName>
      </Division>
    </Organization>
    <ProgramOfficer>
      <SignBlockName>Ann K. Boyle</SignBlockName>
    </ProgramOfficer>
    <AbstractNarration>This award supports work on algebraic groups. The principal investigator will study several aspects of the representation theory of semisimple algebraic groups over fields of prime characteristic, with applications to finite groups of Lie type. The program of Lusztig relating quantum groups and modular representations is of primary concern, with emphasis on injective modules and tilting modules. Representation arising from the cohomology of line budnles on flag varieties pose related problems; a major question here concerns the relationship with Kazhdon-Luztig polynomials for the affine Weyl group. The study of algebraic groups should provide further insight into representations of associated finite simple groups, and related cohomology. This research is in the general area of algebraic groups. Roughly speaking, a group which satisfies a polynomial identity is an algebraic group. The proposed research falls under two broad headings: cohomology of line bundles on flag varieties, and injective modules. Advances along these lines would both shed light on Lusztig's conjecture, as well as point the way beyond it.</AbstractNarration>
    <MinAmdLetterDate>06/13/1994</MinAmdLetterDate>
    <MaxAmdLetterDate>06/13/1994</MaxAmdLetterDate>
    <ARRAAmount/>
    <AwardID>9400783</AwardID>
    <Investigator>
      <FirstName>James</FirstName>
      <LastName>Humphreys</LastName>
      <EmailAddress>jeh@math.umass.edu</EmailAddress>
      <StartDate>06/15/1994</StartDate>
      <EndDate/>
      <RoleCode>Principal Investigator</RoleCode>
    </Investigator>
    <Institution>
      <Name>University of Massachusetts Amherst</Name>
      <CityName>Hadley</CityName>
      <ZipCode>010359450</ZipCode>
      <PhoneNumber>4135450698</PhoneNumber>
      <StreetAddress>Research Administration Building</StreetAddress>
      <CountryName>United States</CountryName>
      <StateName>Massachusetts</StateName>
      <StateCode>MA</StateCode>
    </Institution>
    <FoaInformation>
      <Code>0000099</Code>
      <Name>Other Applications NEC</Name>
    </FoaInformation>
    <FoaInformation>
      <Code>21</Code>
      <Name>Mathematics</Name>
    </FoaInformation>
    <ProgramElement>
      <Code>1264</Code>
      <Text>ALGEBRA,NUMBER THEORY,AND COM</Text>
    </ProgramElement>
    <ProgramReference>
      <Code>0000</Code>
      <Text>UNASSIGNED</Text>
    </ProgramReference>
    <ProgramReference>
      <Code>OTHR</Code>
      <Text>OTHER RESEARCH OR EDUCATION</Text>
    </ProgramReference>
  </Award>
</rootTag>
