<?xml version="1.0" encoding="UTF-8"?>

<rootTag>
  <Award>
    <AwardTitle>Mathematical Sciences: Topological Properties of Singularities and Solutions of Nonlinear Equations</AwardTitle>
    <AwardEffectiveDate>07/01/1994</AwardEffectiveDate>
    <AwardExpirationDate>12/31/1997</AwardExpirationDate>
    <AwardAmount>129000</AwardAmount>
    <AwardInstrument>
      <Value>Continuing grant</Value>
    </AwardInstrument>
    <Organization>
      <Code>03040200</Code>
      <Directorate>
        <LongName>Direct For Mathematical &amp; Physical Scien</LongName>
      </Directorate>
      <Division>
        <LongName>Division Of Mathematical Sciences</LongName>
      </Division>
    </Organization>
    <ProgramOfficer>
      <SignBlockName>Ralph M. Krause</SignBlockName>
    </ProgramOfficer>
    <AbstractNarration>9400930 Damon Professor Damon has been developing analogues of infinitesimal methods introduced by Mather for answering questions about the structure of nonlinear mappings and the topological structure of special but important classes of highly nonisolated singularities, such as occur in discriminants of mappings. In quite different circumstances, he has also discovered how to modify these infinitesimal methods for understanding the generic behavior of "pixel intensity functions" under Gaussian blurring used in computer vision. He intends to build on his earlier results and derive general algebraic formulae for certain fundamental topological invariants for highly singular spaces. Second, he will further develop methods for determining the generic properties of solutions to partial differential equations and, in particular, apply them to recent nonlinear versions of Gaussian blurring. Third, he will apply the results on the topology of singular spaces to understand how the qualitative behavior of the solutions can be deduced from the singularities which occur. This research project will investigate certain qualitative properties of the set of solutions of systems of nonlinear equations. Such properties will be applied to generally appearing solutions of partial differential equations. Professor Damon has been developing methods for determining such qualitative properties. Moreover, he has begun applying them to understand the effects of Gaussian blurring applied to "pixel intensity functions" for analyzing images in computer vision. He intends to develop these methods further so that they apply to general partial differential equations. This will include the investigation of relations between certain invariants of the solutions and their qualitative properties. One particularapplication will be to the increasingly sophisticated nonlinear blurring schemes which are being developed for identifying essential features and properties of images suc h as edges, ridges, etc. ***</AbstractNarration>
    <MinAmdLetterDate>07/08/1994</MinAmdLetterDate>
    <MaxAmdLetterDate>01/26/1996</MaxAmdLetterDate>
    <ARRAAmount/>
    <AwardID>9400930</AwardID>
    <Investigator>
      <FirstName>James</FirstName>
      <LastName>Damon</LastName>
      <EmailAddress>jndamon@math.unc.edu</EmailAddress>
      <StartDate>07/01/1994</StartDate>
      <EndDate/>
      <RoleCode>Principal Investigator</RoleCode>
    </Investigator>
    <Institution>
      <Name>University of North Carolina at Chapel Hill</Name>
      <CityName>CHAPEL HILL</CityName>
      <ZipCode>275991350</ZipCode>
      <PhoneNumber>9199663411</PhoneNumber>
      <StreetAddress>104 AIRPORT DR STE 2200</StreetAddress>
      <CountryName>United States</CountryName>
      <StateName>North Carolina</StateName>
      <StateCode>NC</StateCode>
    </Institution>
    <FoaInformation>
      <Code>21</Code>
      <Name>Mathematics</Name>
    </FoaInformation>
  </Award>
</rootTag>
