<?xml version="1.0" encoding="UTF-8"?>

<rootTag>
  <Award>
    <AwardTitle>Geometry Optimization, Reaction Paths and Ab Initio Trajectories. Program Development and Applications</AwardTitle>
    <AwardEffectiveDate>06/15/1994</AwardEffectiveDate>
    <AwardExpirationDate>12/31/1997</AwardExpirationDate>
    <AwardAmount>252000</AwardAmount>
    <AwardInstrument>
      <Value>Continuing grant</Value>
    </AwardInstrument>
    <Organization>
      <Code>03090004</Code>
      <Directorate>
        <LongName>Direct For Mathematical &amp; Physical Scien</LongName>
      </Directorate>
      <Division>
        <LongName>Division Of Chemistry</LongName>
      </Division>
    </Organization>
    <ProgramOfficer>
      <SignBlockName>Celeste M. Rohlfing</SignBlockName>
    </ProgramOfficer>
    <AbstractNarration>This project to develop and apply quantum chemical methods is supported by the NSF Theoretical and Computational Chemistry Program. Improved methods, including a 4th-order method, will be developed for locating stationary points and for following reaction paths on ab initio potential energy surfaces using redundant internal coordinates, distance coordinates, and curvilinear displacements. Symmetry-breaking (both spatial symmetry and spin symmetry) are treated. Applications include: radical abstraction reactions using Marcus theory, rearrangement reactions involving cyclic transition states, and a study of intermediates in titanium nitride vapor deposition. The problem of locating stationary points, either local minima or transition states, is commonly encountered in theoretical investigations of the molecular structure and chemical reactivity of new materials. A major goal of this research project is to develop mathematical methods to improve the efficiency of such computations on modern computers. These methods will be applied to a number of chemical problems, and will also be made available to other scientists. In particular, they will be implemented in the widely used GAUSSIAN codes for molecular electronic structure computation.</AbstractNarration>
    <MinAmdLetterDate>05/24/1994</MinAmdLetterDate>
    <MaxAmdLetterDate>09/19/1997</MaxAmdLetterDate>
    <ARRAAmount/>
    <AwardID>9400678</AwardID>
    <Investigator>
      <FirstName>H. Bernhard</FirstName>
      <LastName>Schlegel</LastName>
      <EmailAddress>hbs@chem.wayne.edu</EmailAddress>
      <StartDate>06/15/1994</StartDate>
      <EndDate/>
      <RoleCode>Principal Investigator</RoleCode>
    </Investigator>
    <Institution>
      <Name>Wayne State University</Name>
      <CityName>Detroit</CityName>
      <ZipCode>482023622</ZipCode>
      <PhoneNumber>3135772424</PhoneNumber>
      <StreetAddress>5057 Woodward</StreetAddress>
      <CountryName>United States</CountryName>
      <StateName>Michigan</StateName>
      <StateCode>MI</StateCode>
    </Institution>
    <FoaInformation>
      <Code>0000099</Code>
      <Name>Other Applications NEC</Name>
    </FoaInformation>
    <FoaInformation>
      <Code>12</Code>
      <Name>Chemistry</Name>
    </FoaInformation>
  </Award>
</rootTag>
