<?xml version="1.0" encoding="UTF-8"?>

<rootTag>
  <Award>
    <AwardTitle>SGER: The Development of the Capability to Measure "Bare Rock Heat Flow" on the Seafloor</AwardTitle>
    <AwardEffectiveDate>12/15/1993</AwardEffectiveDate>
    <AwardExpirationDate>11/30/1995</AwardExpirationDate>
    <AwardAmount>49980</AwardAmount>
    <AwardInstrument>
      <Value>Standard Grant</Value>
    </AwardInstrument>
    <Organization>
      <Code>06040100</Code>
      <Directorate>
        <LongName>Directorate For Geosciences</LongName>
      </Directorate>
      <Division>
        <LongName>Division Of Ocean Sciences</LongName>
      </Division>
    </Organization>
    <ProgramOfficer>
      <SignBlockName>H. Lawrence Clark</SignBlockName>
    </ProgramOfficer>
    <AbstractNarration>9400326 Johnson This Small Grants for Exploratory Research (SGER) project will undertake the design, testing, and construction of a prototype instrument for the measurement of bare rock heat flow. The effort involves building a full-scale temperature sensor array and deployment bag which will be tested on the Juan de Fuca Ridge in 1994. The effort will be enhanced by the development of a new, state-of-the-art data logger, by the Japanese Ridge-Flux group. The proposal responds to a short-term opportunity to study an area of recent undersea volcanic activity using new technology on a previously attempted technique. Present models of the cooling of oceanic crust suggest that the convection of hydrothermal fluid within the upper crustal rocks is the primary process of heat transfer from the mantle to the overlying seawater. This instrument development effort address a scientific deficiency in the determination of the energy budget of the ocean crust - namely the present inability to measure heat flow where there is no sediment cover.</AbstractNarration>
    <MinAmdLetterDate>12/16/1993</MinAmdLetterDate>
    <MaxAmdLetterDate>12/16/1993</MaxAmdLetterDate>
    <ARRAAmount/>
    <AwardID>9400326</AwardID>
    <Investigator>
      <FirstName>Harlan</FirstName>
      <LastName>Johnson</LastName>
      <EmailAddress>johnson@ocean.washington.edu</EmailAddress>
      <StartDate>12/15/1993</StartDate>
      <EndDate/>
      <RoleCode>Principal Investigator</RoleCode>
    </Investigator>
    <Institution>
      <Name>University of Washington</Name>
      <CityName>Seattle</CityName>
      <ZipCode>981950001</ZipCode>
      <PhoneNumber>2065434043</PhoneNumber>
      <StreetAddress>4333 Brooklyn Ave NE</StreetAddress>
      <CountryName>United States</CountryName>
      <StateName>Washington</StateName>
      <StateCode>WA</StateCode>
    </Institution>
    <FoaInformation>
      <Code>0204000</Code>
      <Name>Oceanography</Name>
    </FoaInformation>
    <FoaInformation>
      <Code>42</Code>
      <Name>Geological Sciences</Name>
    </FoaInformation>
    <FoaInformation>
      <Code>59</Code>
      <Name>Engineering NEC</Name>
    </FoaInformation>
    <ProgramElement>
      <Code>1680</Code>
      <Text>OCEAN TECH &amp; INTERDISC COORDIN</Text>
    </ProgramElement>
    <ProgramReference>
      <Code>0000</Code>
      <Text>UNASSIGNED</Text>
    </ProgramReference>
    <ProgramReference>
      <Code>9237</Code>
      <Text>SMALL GRANTS-EXPLORATORY RSRCH</Text>
    </ProgramReference>
    <ProgramReference>
      <Code>OTHR</Code>
      <Text>OTHER RESEARCH OR EDUCATION</Text>
    </ProgramReference>
  </Award>
</rootTag>
