<?xml version="1.0" encoding="UTF-8"?>

<rootTag>
  <Award>
    <AwardTitle>Shipboard Technicians Support</AwardTitle>
    <AwardEffectiveDate>04/01/1994</AwardEffectiveDate>
    <AwardExpirationDate>03/31/1997</AwardExpirationDate>
    <AwardAmount>2749355</AwardAmount>
    <AwardInstrument>
      <Value>Continuing grant</Value>
    </AwardInstrument>
    <Organization>
      <Code>06040100</Code>
      <Directorate>
        <LongName>Directorate For Geosciences</LongName>
      </Directorate>
      <Division>
        <LongName>Division Of Ocean Sciences</LongName>
      </Division>
    </Organization>
    <ProgramOfficer>
      <SignBlockName>Alexander Shor</SignBlockName>
    </ProgramOfficer>
    <AbstractNarration>Wirth 9400707 This award renews funding for Scripps Institute of Oceanography (SIO) to provide shipboard technician activities associated with the research vessels MELVILLE, a 279-foot vessel, NEW HORIZON, a 170 foot vessel, and SPROUL, a 125 foot vessel. The MELVILLE is owned by the Navy, while the other two vessels are owned by the University of California San Diego. All three are operated by SIO in support of oceanographic research. In calendar year 1994, the three ships will support a total of 595 days of NSF-funded research. SIO technicians will be responsible for operating and repairing instruments while at sea, maintaining instruments ashore and assisting with scientific operations as necessary before and after cruises. ***</AbstractNarration>
    <MinAmdLetterDate>04/20/1994</MinAmdLetterDate>
    <MaxAmdLetterDate>09/12/1996</MaxAmdLetterDate>
    <ARRAAmount/>
    <AwardID>9400707</AwardID>
    <Investigator>
      <FirstName>David</FirstName>
      <LastName>Wirth</LastName>
      <EmailAddress/>
      <StartDate>04/01/1994</StartDate>
      <EndDate>08/22/1995</EndDate>
      <RoleCode>Former Principal Investigator</RoleCode>
    </Investigator>
    <Investigator>
      <FirstName>Woody</FirstName>
      <LastName>Sutherland</LastName>
      <EmailAddress>wosutherland@ucsd.edu</EmailAddress>
      <StartDate>08/22/1995</StartDate>
      <EndDate/>
      <RoleCode>Principal Investigator</RoleCode>
    </Investigator>
    <Institution>
      <Name>University of California-San Diego Scripps Inst of Oceanography</Name>
      <CityName>LA JOLLA</CityName>
      <ZipCode>920930210</ZipCode>
      <PhoneNumber>8585341293</PhoneNumber>
      <StreetAddress>8602 La Jolla Shores Dr</StreetAddress>
      <CountryName>United States</CountryName>
      <StateName>California</StateName>
      <StateCode>CA</StateCode>
    </Institution>
  </Award>
</rootTag>
