<?xml version="1.0" encoding="UTF-8"?>

<rootTag>
  <Award>
    <AwardTitle>Mathematical Sciences: Noncommutative Rings</AwardTitle>
    <AwardEffectiveDate>05/01/1994</AwardEffectiveDate>
    <AwardExpirationDate>10/31/1997</AwardExpirationDate>
    <AwardAmount>75000</AwardAmount>
    <AwardInstrument>
      <Value>Continuing grant</Value>
    </AwardInstrument>
    <Organization>
      <Code>03040300</Code>
      <Directorate>
        <LongName>Direct For Mathematical &amp; Physical Scien</LongName>
      </Directorate>
      <Division>
        <LongName>Division Of Mathematical Sciences</LongName>
      </Division>
    </Organization>
    <ProgramOfficer>
      <SignBlockName>Gary Cornell</SignBlockName>
    </ProgramOfficer>
    <AbstractNarration>Lorenz This award supports research in ring theory, focusing on the representation theory of rings of invariants under finite group actions. Particular attention will be given to the structure of the Grothendieck groups, G_0(R) and K_0(R), for certain specific types of invariant rings R. The main objective for G_0(R) is to give a description in terms of Brauer characters of the acting group. Especially important in connection with K_0(R) are the Hattori-Stallings trace and, more general, the Chern characters in cyclic homology. While part of this project will concern the classical commutative setting, in particular linear actions on polynomial rings and multiplicative actions on Laurent polynomial rings, the investigation of certain classes of noncommutative invariants will also be pursued. This topic promises a rich interplay between the areas of commutative and noncommutative ring theory, representation theory of finite groups, homological algebra, and algebraic K-theory. A ring is an algebraic object having both an addition and a multiplication defined on it. These structures arise naturally in many different settings and are of interest in mathematics, computer science, engineering and physics. ***</AbstractNarration>
    <MinAmdLetterDate>04/28/1994</MinAmdLetterDate>
    <MaxAmdLetterDate>05/21/1996</MaxAmdLetterDate>
    <ARRAAmount/>
    <AwardID>9400643</AwardID>
    <Investigator>
      <FirstName>Martin</FirstName>
      <LastName>Lorenz</LastName>
      <EmailAddress>lorenz@temple.edu</EmailAddress>
      <StartDate>05/01/1994</StartDate>
      <EndDate/>
      <RoleCode>Principal Investigator</RoleCode>
    </Investigator>
    <Institution>
      <Name>Temple University</Name>
      <CityName>PHILADELPHIA</CityName>
      <ZipCode>191405104</ZipCode>
      <PhoneNumber>2157077379</PhoneNumber>
      <StreetAddress>3340 N. Broad Street</StreetAddress>
      <CountryName>United States</CountryName>
      <StateName>Pennsylvania</StateName>
      <StateCode>PA</StateCode>
    </Institution>
    <FoaInformation>
      <Code>21</Code>
      <Name>Mathematics</Name>
    </FoaInformation>
  </Award>
</rootTag>
