<?xml version="1.0" encoding="UTF-8"?>

<rootTag>
  <Award>
    <AwardTitle>Homogeneous and Heterogeneous Photooxidations</AwardTitle>
    <AwardEffectiveDate>05/01/1994</AwardEffectiveDate>
    <AwardExpirationDate>10/31/1997</AwardExpirationDate>
    <AwardAmount>302195</AwardAmount>
    <AwardInstrument>
      <Value>Continuing grant</Value>
    </AwardInstrument>
    <Organization>
      <Code>03090003</Code>
      <Directorate>
        <LongName>Direct For Mathematical &amp; Physical Scien</LongName>
      </Directorate>
      <Division>
        <LongName>Division Of Chemistry</LongName>
      </Division>
    </Organization>
    <ProgramOfficer>
      <SignBlockName>Kenneth M. Doxsee</SignBlockName>
    </ProgramOfficer>
    <AbstractNarration>In this project in the Organic Dynamics Program of the Chemistry Division, Edward L. Clennan of the University of Wyoming will study the reactions of singlet oxygen with sulfides, disulfides, sulfenamides, and sulfenate esters. Sulfenic acid derivatives will be covalently bonded by a hydrocarbon tether to silica surfaces and their heterogeneous photooxidations will be studied. Objectives are the clarification of reaction mechanisms, the development of new tools for analyzing reaction mechanisms, the discovery of new oxidizing agents, and the development of new synthetic methods. Reactions of singlet oxygen created by the absorption of light with compounds containing carbon and sulfur will be studied. Methods to control the indiscriminate nature of these reactions by using molecules chemically bonded to glass-like surfaces will be studied. This project may lead to a better understanding of the reactions of sulfur containing proteins and naturally occuring organic sulfur compounds when they are exposed to oxygen and sunlight.</AbstractNarration>
    <MinAmdLetterDate>02/17/1994</MinAmdLetterDate>
    <MaxAmdLetterDate>02/13/1996</MaxAmdLetterDate>
    <ARRAAmount/>
    <AwardID>9400847</AwardID>
    <Investigator>
      <FirstName>Edward</FirstName>
      <LastName>Clennan</LastName>
      <EmailAddress>clennane@uwyo.edu</EmailAddress>
      <StartDate>05/01/1994</StartDate>
      <EndDate/>
      <RoleCode>Principal Investigator</RoleCode>
    </Investigator>
    <Institution>
      <Name>University of Wyoming</Name>
      <CityName>Laramie</CityName>
      <ZipCode>820712000</ZipCode>
      <PhoneNumber>3077665320</PhoneNumber>
      <StreetAddress>1000 E. University Avenue</StreetAddress>
      <CountryName>United States</CountryName>
      <StateName>Wyoming</StateName>
      <StateCode>WY</StateCode>
    </Institution>
    <FoaInformation>
      <Code>0306000</Code>
      <Name>Energy Research &amp; Resources</Name>
    </FoaInformation>
  </Award>
</rootTag>
