<?xml version="1.0" encoding="UTF-8"?>

<rootTag>
  <Award>
    <AwardTitle>Algebraic Structures of Quantum Field Theory</AwardTitle>
    <AwardEffectiveDate>07/01/1994</AwardEffectiveDate>
    <AwardExpirationDate>12/31/1997</AwardExpirationDate>
    <AwardAmount>236700</AwardAmount>
    <AwardInstrument>
      <Value>Continuing grant</Value>
    </AwardInstrument>
    <Organization>
      <Code>03040300</Code>
      <Directorate>
        <LongName>Direct For Mathematical &amp; Physical Scien</LongName>
      </Directorate>
      <Division>
        <LongName>Division Of Mathematical Sciences</LongName>
      </Division>
    </Organization>
    <ProgramOfficer>
      <SignBlockName>Sidney W. Graham</SignBlockName>
    </ProgramOfficer>
    <AbstractNarration>9400908 Frenkel This award supports research in algebra and quantum field theory. The principle investigator will study the connections among vertex operator algebras, quantum groups and modular tensor categories. He will also work on the categorification of these algebraic structures, as well as, problems related to their q-deformations. Conformal field theory is an important physical theory describing both two-dimensional critical phenomena in condensed matter physics and classical motions of strings in string theory. Besides its importance in physics, the beautiful and rich mathematical structure of conformal field theory also has interested many mathematicians. New relations between different branches of mathematics, such as representations of infinite-dimensional Lie algebras and groups, Riemann surfaces and algebraic curves, the Monster sporadic group, modular functions and modular forms, elliptic genera, and knot theory, is revealed in the study of conformal field theory.</AbstractNarration>
    <MinAmdLetterDate>04/14/1994</MinAmdLetterDate>
    <MaxAmdLetterDate>03/22/1996</MaxAmdLetterDate>
    <ARRAAmount/>
    <AwardID>9400908</AwardID>
    <Investigator>
      <FirstName>Igor</FirstName>
      <LastName>Frenkel</LastName>
      <EmailAddress>frenkel@math.yale.edu</EmailAddress>
      <StartDate>07/01/1994</StartDate>
      <EndDate/>
      <RoleCode>Principal Investigator</RoleCode>
    </Investigator>
    <Institution>
      <Name>Yale University</Name>
      <CityName>New Haven</CityName>
      <ZipCode>065208327</ZipCode>
      <PhoneNumber>2037854689</PhoneNumber>
      <StreetAddress>Office of Sponsored Projects</StreetAddress>
      <CountryName>United States</CountryName>
      <StateName>Connecticut</StateName>
      <StateCode>CT</StateCode>
    </Institution>
    <FoaInformation>
      <Code>0000099</Code>
      <Name>Other Applications NEC</Name>
    </FoaInformation>
    <FoaInformation>
      <Code>21</Code>
      <Name>Mathematics</Name>
    </FoaInformation>
  </Award>
</rootTag>
