<?xml version="1.0" encoding="UTF-8"?>

<rootTag>
  <Award>
    <AwardTitle>Integration of Molecular Sequences with Specimen and Taxonomic Data in a Publicly-Accessible Database</AwardTitle>
    <AwardEffectiveDate>07/01/1994</AwardEffectiveDate>
    <AwardExpirationDate>06/30/1997</AwardExpirationDate>
    <AwardAmount>250000</AwardAmount>
    <AwardInstrument>
      <Value>Standard Grant</Value>
    </AwardInstrument>
    <Organization>
      <Code>08010209</Code>
      <Directorate>
        <LongName>Direct For Biological Sciences</LongName>
      </Directorate>
      <Division>
        <LongName>Division Of Environmental Biology</LongName>
      </Division>
    </Organization>
    <ProgramOfficer>
      <SignBlockName>James K. Martin</SignBlockName>
    </ProgramOfficer>
    <AbstractNarration>9221403 Anderson This support will enable the University of Michigan herbarium to purchase and install a compactor system and new cabinets to relieve severe crowding and to accommodate collection growth. This installation will occur in concert with the University's half million dollar renovation program for the herbarium, part of which involves the installation a climate control system, which is essential to protect the collection against infestation. The herbarium at Michigan houses one of the most important plant collections for systematic and biodiversity studies, is very active and is one of the best curated in the nation. Because of its level of activity, collection crowding has become critical; the cost-share solution of herbarium renovation and installation of a compactor storage system is creative, opportunistic and cost-effective. This collection improvement will help conserve the valuable plant collection, and provide much greater access to the collection for researchers and students. %%% The University of Michigan Herbarium houses one of the most important research plant collections in the nation in terms of its international scope and historical depth. It is a vital research and educational resource to professionals and students in many disciplines of biodiversity. The support from this award will enable the herbarium to conserve its holdings, relieve severe collection crowding, and provide much better access to the collection for the user community by installing a compactor system for the herbarium cabinets. This installation will occur in combination with the University's refurbishment of the herbarium area and installation of climate control facilities. ***</AbstractNarration>
    <MinAmdLetterDate>07/14/1994</MinAmdLetterDate>
    <MaxAmdLetterDate>12/09/1994</MaxAmdLetterDate>
    <ARRAAmount/>
    <AwardID>9400861</AwardID>
    <Investigator>
      <FirstName>Christopher</FirstName>
      <LastName>Fields</LastName>
      <EmailAddress>cfields@tigr.org</EmailAddress>
      <StartDate>07/01/1994</StartDate>
      <EndDate>12/09/1994</EndDate>
      <RoleCode>Former Principal Investigator</RoleCode>
    </Investigator>
    <Investigator>
      <FirstName>Judith</FirstName>
      <LastName>Blake</LastName>
      <EmailAddress>blake@tigr.org</EmailAddress>
      <StartDate>07/01/1994</StartDate>
      <EndDate/>
      <RoleCode>Co-Principal Investigator</RoleCode>
    </Investigator>
    <Investigator>
      <FirstName>Anthony</FirstName>
      <LastName>Kerlavage</LastName>
      <EmailAddress>arkerlav@tigr.org</EmailAddress>
      <StartDate>07/01/1994</StartDate>
      <EndDate/>
      <RoleCode>Co-Principal Investigator</RoleCode>
    </Investigator>
    <Investigator>
      <FirstName>Carol</FirstName>
      <LastName>Bult</LastName>
      <EmailAddress>carol.bult@jax.org</EmailAddress>
      <StartDate>07/01/1994</StartDate>
      <EndDate/>
      <RoleCode>Principal Investigator</RoleCode>
    </Investigator>
    <Institution>
      <Name>Institute for Genomic Research</Name>
      <CityName>Rockville</CityName>
      <ZipCode>208500334</ZipCode>
      <PhoneNumber>3017957591</PhoneNumber>
      <StreetAddress>9712 Medical Center Drive</StreetAddress>
      <CountryName>United States</CountryName>
      <StateName>Maryland</StateName>
      <StateCode>MD</StateCode>
    </Institution>
    <FoaInformation>
      <Code>0000099</Code>
      <Name>Other Applications NEC</Name>
    </FoaInformation>
  </Award>
</rootTag>
