<?xml version="1.0" encoding="UTF-8"?>

<rootTag>
  <Award>
    <AwardTitle>Development of Helical Micro-Drill Technology</AwardTitle>
    <AwardEffectiveDate>08/15/1994</AwardEffectiveDate>
    <AwardExpirationDate>07/31/1998</AwardExpirationDate>
    <AwardAmount>215253</AwardAmount>
    <AwardInstrument>
      <Value>Continuing grant</Value>
    </AwardInstrument>
    <Organization>
      <Code>07030000</Code>
      <Directorate>
        <LongName>Directorate For Engineering</LongName>
      </Directorate>
      <Division>
        <LongName>Div Of Civil, Mechanical, &amp; Manufact Inn</LongName>
      </Division>
    </Organization>
    <ProgramOfficer>
      <SignBlockName>Ming C. Leu</SignBlockName>
    </ProgramOfficer>
    <AbstractNarration>9400681 Ehmann The award is for the development of a computer integrated environment for the automated design, manufacture, and evaluation of micro-drills with helical point geometry. The new geometry would offer superior cutting performance while, at the same time, being easier to produce than conventional geometries. Scientific contributions include theoretical advances related to mathematical modeling of drill point geometry, its relation to a grinding model, algorithms for a computer controlled point grinder, and new quantitative drill performance measures. The work is expected to result in improvements in advanced micro-drill design, manufacturing and evaluation. The quality and efficiency of micro-drill production and micro-hole drilling operations in the domestic microelectronic industry are expected to improve.</AbstractNarration>
    <MinAmdLetterDate>08/08/1994</MinAmdLetterDate>
    <MaxAmdLetterDate>08/09/1997</MaxAmdLetterDate>
    <ARRAAmount/>
    <AwardID>9400681</AwardID>
    <Investigator>
      <FirstName>Kornel</FirstName>
      <LastName>Ehmann</LastName>
      <EmailAddress>k-ehmann@northwestern.edu</EmailAddress>
      <StartDate>08/15/1994</StartDate>
      <EndDate/>
      <RoleCode>Principal Investigator</RoleCode>
    </Investigator>
    <Institution>
      <Name>Northwestern University</Name>
      <CityName>Evanston</CityName>
      <ZipCode>602013149</ZipCode>
      <PhoneNumber>8474913003</PhoneNumber>
      <StreetAddress>1801 Maple Ave.</StreetAddress>
      <CountryName>United States</CountryName>
      <StateName>Illinois</StateName>
      <StateCode>IL</StateCode>
    </Institution>
    <FoaInformation>
      <Code>56</Code>
      <Name>Engineering-Mechanical</Name>
    </FoaInformation>
  </Award>
</rootTag>
