<?xml version="1.0" encoding="UTF-8"?>

<rootTag>
  <Award>
    <AwardTitle>Evaluation of a Demonstration Bridge Deck Reinforced with Composite Materials</AwardTitle>
    <AwardEffectiveDate>09/15/1994</AwardEffectiveDate>
    <AwardExpirationDate>02/29/1996</AwardExpirationDate>
    <AwardAmount>28746</AwardAmount>
    <AwardInstrument>
      <Value>Continuing grant</Value>
    </AwardInstrument>
    <Organization>
      <Code>07030000</Code>
      <Directorate>
        <LongName>Directorate For Engineering</LongName>
      </Directorate>
      <Division>
        <LongName>Div Of Civil, Mechanical, &amp; Manufact Inn</LongName>
      </Division>
    </Organization>
    <ProgramOfficer>
      <SignBlockName>John Scalzi</SignBlockName>
    </ProgramOfficer>
    <AbstractNarration>9400223 Bank The objective of the project is to continuously monitor and evaluate the performance of a demonstration project to be constructed in the District of Columbia. The demonstration project will utilize state-of-the-art advanced composite material reinforcements in the form of fiber-reinforced plastic (FRP) gratings to reinforce a full-scale highway bridge deck. It is the first full-size demonstration project of this type to be conducted in the United States. This award will support the necessary data acquisition equipment and student support to monitor the long-term deformation and durability of the demonstration project. ***</AbstractNarration>
    <MinAmdLetterDate>09/26/1994</MinAmdLetterDate>
    <MaxAmdLetterDate>09/26/1994</MaxAmdLetterDate>
    <ARRAAmount/>
    <AwardID>9400223</AwardID>
    <Investigator>
      <FirstName>T</FirstName>
      <LastName>Gentry</LastName>
      <EmailAddress/>
      <StartDate>09/15/1994</StartDate>
      <EndDate/>
      <RoleCode>Co-Principal Investigator</RoleCode>
    </Investigator>
    <Investigator>
      <FirstName>Lawrence</FirstName>
      <LastName>Bank</LastName>
      <EmailAddress>lbank2@ccny.cuny.edu</EmailAddress>
      <StartDate>09/15/1994</StartDate>
      <EndDate/>
      <RoleCode>Principal Investigator</RoleCode>
    </Investigator>
    <Institution>
      <Name>Catholic University of America</Name>
      <CityName>Washington</CityName>
      <ZipCode>200640001</ZipCode>
      <PhoneNumber>2026355000</PhoneNumber>
      <StreetAddress>620 Michigan Ave.N.E.</StreetAddress>
      <CountryName>United States</CountryName>
      <StateName>District of Columbia</StateName>
      <StateCode>DC</StateCode>
    </Institution>
    <FoaInformation>
      <Code>0109000</Code>
      <Name>Structural Technology</Name>
    </FoaInformation>
    <FoaInformation>
      <Code>54</Code>
      <Name>Engineering-Civil</Name>
    </FoaInformation>
    <ProgramElement>
      <Code>1473</Code>
      <Text>STRUCTURES I</Text>
    </ProgramElement>
    <ProgramReference>
      <Code>1041</Code>
      <Text>INST EFFECTIVENESS AND PRODUCTIVITY</Text>
    </ProgramReference>
    <ProgramReference>
      <Code>CVIS</Code>
      <Text>CIVIL INFRASTRUCTURE</Text>
    </ProgramReference>
  </Award>
</rootTag>
