<?xml version="1.0" encoding="UTF-8"?>

<rootTag>
  <Award>
    <AwardTitle>Constructive Quantum Field Theory</AwardTitle>
    <AwardEffectiveDate>07/01/1994</AwardEffectiveDate>
    <AwardExpirationDate>06/30/1998</AwardExpirationDate>
    <AwardAmount>84000</AwardAmount>
    <AwardInstrument>
      <Value>Continuing grant</Value>
    </AwardInstrument>
    <Organization>
      <Code>03010500</Code>
      <Directorate>
        <LongName>Direct For Mathematical &amp; Physical Scien</LongName>
      </Directorate>
      <Division>
        <LongName>Division Of Physics</LongName>
      </Division>
    </Organization>
    <ProgramOfficer>
      <SignBlockName>Virginia R. Brown</SignBlockName>
    </ProgramOfficer>
    <AbstractNarration>This project has as a goal the mathematically rigorous construction and study of quantum field theory models. This would be an aid to the understanding of elementary particle physics, ultimately predicting particle masses, scattering amplitudes, and so forth. It would also help in the study of some properties of many body systems, particularly critical phenomena. Specific models to be studied are the following. (1.) The Sine- Gordon model in 2 dimensions. This is a scalar field with a periodic interaction. It also describes a classical Coulomb gas. (2.) phi-fourth models in 3 and 4 dimensions. These are scalar fields with a quartic self-interaction. (3.) Quantum electrodynamics in 3 dimensions. This is the theory of electrons and photons. (4.) Yang Mills in 3 and 4 dimensions. This is a pure non- Abelian gauge theory.</AbstractNarration>
    <MinAmdLetterDate>06/24/1994</MinAmdLetterDate>
    <MaxAmdLetterDate>05/03/1996</MaxAmdLetterDate>
    <ARRAAmount/>
    <AwardID>9400626</AwardID>
    <Investigator>
      <FirstName>Jonathan</FirstName>
      <LastName>Dimock</LastName>
      <EmailAddress>dimock@buffalo.edu</EmailAddress>
      <StartDate>07/01/1994</StartDate>
      <EndDate/>
      <RoleCode>Principal Investigator</RoleCode>
    </Investigator>
    <Institution>
      <Name>SUNY at Buffalo</Name>
      <CityName>Amherst</CityName>
      <ZipCode>142282567</ZipCode>
      <PhoneNumber>7166452634</PhoneNumber>
      <StreetAddress>520 Lee Entrance</StreetAddress>
      <CountryName>United States</CountryName>
      <StateName>New York</StateName>
      <StateCode>NY</StateCode>
    </Institution>
    <FoaInformation>
      <Code>0000099</Code>
      <Name>Other Applications NEC</Name>
    </FoaInformation>
    <FoaInformation>
      <Code>13</Code>
      <Name>Physics</Name>
    </FoaInformation>
    <ProgramElement>
      <Code>1245</Code>
      <Text>THEORETICAL PHYSICS</Text>
    </ProgramElement>
    <ProgramReference>
      <Code>0000</Code>
      <Text>UNASSIGNED</Text>
    </ProgramReference>
    <ProgramReference>
      <Code>OTHR</Code>
      <Text>OTHER RESEARCH OR EDUCATION</Text>
    </ProgramReference>
  </Award>
</rootTag>
