<?xml version="1.0" encoding="UTF-8"?>

<rootTag>
  <Award>
    <AwardTitle>Mathematical Sciences: Research in Algebraic Geometry</AwardTitle>
    <AwardEffectiveDate>06/01/1994</AwardEffectiveDate>
    <AwardExpirationDate>05/31/1998</AwardExpirationDate>
    <AwardAmount>493659</AwardAmount>
    <AwardInstrument>
      <Value>Continuing grant</Value>
    </AwardInstrument>
    <Organization>
      <Code>03040300</Code>
      <Directorate>
        <LongName>Direct For Mathematical &amp; Physical Scien</LongName>
      </Directorate>
      <Division>
        <LongName>Division Of Mathematical Sciences</LongName>
      </Division>
    </Organization>
    <ProgramOfficer>
      <SignBlockName>Ann K. Boyle</SignBlockName>
    </ProgramOfficer>
    <AbstractNarration>Kleiman This supports the research of Professors S. Kleiman and M. Artin with Dr. J. Pommersheim as a post-doctoral associate. Kleiman will continue to work on Buchsbaum-Rim multiplicity and equi-singularity. Artin will continue to work on the foundations of non-commutative algebraic geometry. Pommersheim will work on the connection between toric varieties and number theory. This is research in the field of algebraic geometry broadly conceived. Algebraic geometry itself is one of the oldest parts of modern mathematics, but one which has had a revolutionary flowering in the past quarter-century. In its origin, it treated figures that could be defined in the plane by the simplest equations, namely polynomials. Nowadays the field makes use of methods not only from algebra, but from analysis and topology, and conversely is finding application in those fields as well as in physics, theoretical computer science, and robotics. ***</AbstractNarration>
    <MinAmdLetterDate>05/23/1994</MinAmdLetterDate>
    <MaxAmdLetterDate>07/08/1997</MaxAmdLetterDate>
    <ARRAAmount/>
    <AwardID>9400918</AwardID>
    <Investigator>
      <FirstName>Steven</FirstName>
      <LastName>Kleiman</LastName>
      <EmailAddress>KLEIMAN@MATH.MIT.EDU</EmailAddress>
      <StartDate>06/01/1994</StartDate>
      <EndDate/>
      <RoleCode>Principal Investigator</RoleCode>
    </Investigator>
    <Investigator>
      <FirstName>Michael</FirstName>
      <LastName>Artin</LastName>
      <EmailAddress>artin@math.mit.edu</EmailAddress>
      <StartDate>06/01/1994</StartDate>
      <EndDate/>
      <RoleCode>Co-Principal Investigator</RoleCode>
    </Investigator>
    <Investigator>
      <FirstName>James</FirstName>
      <LastName>Pommersheim</LastName>
      <EmailAddress>jamie@math.nmsu.edu</EmailAddress>
      <StartDate>06/01/1994</StartDate>
      <EndDate/>
      <RoleCode>Co-Principal Investigator</RoleCode>
    </Investigator>
    <Institution>
      <Name>Massachusetts Institute of Technology</Name>
      <CityName>Cambridge</CityName>
      <ZipCode>021394301</ZipCode>
      <PhoneNumber>6172531000</PhoneNumber>
      <StreetAddress>77 MASSACHUSETTS AVE</StreetAddress>
      <CountryName>United States</CountryName>
      <StateName>Massachusetts</StateName>
      <StateCode>MA</StateCode>
    </Institution>
    <FoaInformation>
      <Code>0000099</Code>
      <Name>Other Applications NEC</Name>
    </FoaInformation>
    <FoaInformation>
      <Code>21</Code>
      <Name>Mathematics</Name>
    </FoaInformation>
    <ProgramElement>
      <Code>1264</Code>
      <Text>ALGEBRA,NUMBER THEORY,AND COM</Text>
    </ProgramElement>
    <ProgramReference>
      <Code>0000</Code>
      <Text>UNASSIGNED</Text>
    </ProgramReference>
    <ProgramReference>
      <Code>OTHR</Code>
      <Text>OTHER RESEARCH OR EDUCATION</Text>
    </ProgramReference>
  </Award>
</rootTag>
