<?xml version="1.0" encoding="UTF-8"?>

<rootTag>
  <Award>
    <AwardTitle>PROJECT KALEIDOSCOPE Facilities Modernization Seminars and Workshops for Planning and Proposal Writing</AwardTitle>
    <AwardEffectiveDate>12/15/1993</AwardEffectiveDate>
    <AwardExpirationDate>08/31/1996</AwardExpirationDate>
    <AwardAmount>158921</AwardAmount>
    <AwardInstrument>
      <Value>Standard Grant</Value>
    </AwardInstrument>
    <Organization>
      <Code>01060000</Code>
      <Directorate>
        <LongName>Office Of The Director</LongName>
      </Directorate>
      <Division>
        <LongName>Office of Integrative Activities</LongName>
      </Division>
    </Organization>
    <ProgramOfficer>
      <SignBlockName>Sherrie B. Green</SignBlockName>
    </ProgramOfficer>
    <AbstractNarration>9400019 Narum This award to the Independent Colleges Office makes possible a series of seminars and workshops on undergraduate science facilities. The goals are to: 1) equip institutional teams from predominantly undergraduate institutions to prepare competitive proposals to the NSF, and to other funding agencies, public and private, for their science facilities modernization projects; and 2) support the process of facilities modernization, so that the science, mathematics and engineering programs for undergraduate students on those campuses are strengthened. With full participation from the United Negro College Fund, this series of workshops and seminars also seeks to incorporate the needs of Historically Black Colleges and Universities, thus paying attention to scientific workforce diversity issues. This project is important since it seeks to include small colleges into the mainstream of rebuilding their research and research training infrastructure. This is of great significance to this country since these are the institutions from which a high percentage of Americans emerge and go on to become our scientists and engineers.</AbstractNarration>
    <MinAmdLetterDate>12/23/1993</MinAmdLetterDate>
    <MaxAmdLetterDate>02/14/1996</MaxAmdLetterDate>
    <ARRAAmount/>
    <AwardID>9400019</AwardID>
    <Investigator>
      <FirstName>Jeanne</FirstName>
      <LastName>Narum</LastName>
      <EmailAddress>ico@ico-dc.com</EmailAddress>
      <StartDate>12/15/1993</StartDate>
      <EndDate/>
      <RoleCode>Principal Investigator</RoleCode>
    </Investigator>
    <Institution>
      <Name>Independent Colleges Office</Name>
      <CityName>Washington</CityName>
      <ZipCode>200363101</ZipCode>
      <PhoneNumber>2022321300</PhoneNumber>
      <StreetAddress>1050 Connecticut Ave NW</StreetAddress>
      <CountryName>United States</CountryName>
      <StateName>District of Columbia</StateName>
      <StateCode>DC</StateCode>
    </Institution>
    <FoaInformation>
      <Code>0601000</Code>
      <Name>Facilities - Repair/Renovation</Name>
    </FoaInformation>
    <FoaInformation>
      <Code>99</Code>
      <Name>Other Sciences NEC</Name>
    </FoaInformation>
    <FoaInformation>
      <Code>98</Code>
      <Name>Multi-Disciplinary</Name>
    </FoaInformation>
    <ProgramElement>
      <Code>9155</Code>
      <Text>ACADEMIC RESEARCH INFRASTRUCTU</Text>
    </ProgramElement>
    <ProgramReference>
      <Code>0000</Code>
      <Text>UNASSIGNED</Text>
    </ProgramReference>
    <ProgramReference>
      <Code>9155</Code>
      <Text>ACADEMIC RESEARCH INFRASTRUCTU</Text>
    </ProgramReference>
    <ProgramReference>
      <Code>OTHR</Code>
      <Text>OTHER RESEARCH OR EDUCATION</Text>
    </ProgramReference>
  </Award>
</rootTag>
