<?xml version="1.0" encoding="UTF-8"?>

<rootTag>
  <Award>
    <AwardTitle>Mathematical Sciences: Topics in Heavy Tailed Modelling</AwardTitle>
    <AwardEffectiveDate>06/15/1994</AwardEffectiveDate>
    <AwardExpirationDate>05/31/1997</AwardExpirationDate>
    <AwardAmount>205000</AwardAmount>
    <AwardInstrument>
      <Value>Continuing grant</Value>
    </AwardInstrument>
    <Organization>
      <Code>03040300</Code>
      <Directorate>
        <LongName>Direct For Mathematical &amp; Physical Scien</LongName>
      </Directorate>
      <Division>
        <LongName>Division Of Mathematical Sciences</LongName>
      </Division>
    </Organization>
    <ProgramOfficer>
      <SignBlockName>K Crank</SignBlockName>
    </ProgramOfficer>
    <AbstractNarration>This is a three year program of research organized around the theme of heavy tailed modeling. Heavy tailed modeling assumes regular variation is present in either the right tail (frequently implying infinite variances) or the left tail of basic component distributions of the system and thus departs from Gaussian methods. Broad themes include parameter estimation and prediction in heavy tailed models (Hill estimator, linear programming estimator), model selection and confirmation and long range dependence. Specific classes of models to be studied are extreme value models, infinitely divisible processes and time series with positive innovations. Application areas include modeling financial and commodities markets and teletraffic systems. This is a three year program of research organized around two topics. The first involves modeling random phenomena whose behavior is controlled by exceedingly large values. For example, in communications, network performance can be dramatically affected by anomalous long calls such as computer logins by modem. Accurate modeling of these phenomena can lead to improvements in the system. The second topic deals with random phenomena in which dependencies in a system last a long time. Once again accurate modeling is important in improving system performance. Other applications of this research include modeling financial and commodities markets and modeling of water flows and heights.</AbstractNarration>
    <MinAmdLetterDate>06/15/1994</MinAmdLetterDate>
    <MaxAmdLetterDate>03/12/1996</MaxAmdLetterDate>
    <ARRAAmount/>
    <AwardID>9400535</AwardID>
    <Investigator>
      <FirstName>Sidney</FirstName>
      <LastName>Resnick</LastName>
      <EmailAddress>sir1@cornell.edu</EmailAddress>
      <StartDate>06/15/1994</StartDate>
      <EndDate/>
      <RoleCode>Principal Investigator</RoleCode>
    </Investigator>
    <Investigator>
      <FirstName>Gennady</FirstName>
      <LastName>Samorodnitsky</LastName>
      <EmailAddress>gs18@cornell.edu</EmailAddress>
      <StartDate>06/15/1994</StartDate>
      <EndDate/>
      <RoleCode>Co-Principal Investigator</RoleCode>
    </Investigator>
    <Institution>
      <Name>Cornell University</Name>
      <CityName>Ithaca</CityName>
      <ZipCode>148502820</ZipCode>
      <PhoneNumber>6072555014</PhoneNumber>
      <StreetAddress>373 Pine Tree Road</StreetAddress>
      <CountryName>United States</CountryName>
      <StateName>New York</StateName>
      <StateCode>NY</StateCode>
    </Institution>
    <FoaInformation>
      <Code>0000099</Code>
      <Name>Other Applications NEC</Name>
    </FoaInformation>
    <FoaInformation>
      <Code>21</Code>
      <Name>Mathematics</Name>
    </FoaInformation>
    <ProgramElement>
      <Code>1263</Code>
      <Text>PROBABILITY</Text>
    </ProgramElement>
    <ProgramReference>
      <Code>0000</Code>
      <Text>UNASSIGNED</Text>
    </ProgramReference>
    <ProgramReference>
      <Code>OTHR</Code>
      <Text>OTHER RESEARCH OR EDUCATION</Text>
    </ProgramReference>
  </Award>
</rootTag>
