<?xml version="1.0" encoding="UTF-8"?>

<rootTag>
  <Award>
    <AwardTitle>Materials Research Science and Engineering Center</AwardTitle>
    <AwardEffectiveDate>09/01/1994</AwardEffectiveDate>
    <AwardExpirationDate>02/28/1999</AwardExpirationDate>
    <AwardAmount>8200000</AwardAmount>
    <AwardInstrument>
      <Value>Cooperative Agreement</Value>
    </AwardInstrument>
    <Organization>
      <Code>03070001</Code>
      <Directorate>
        <LongName>Direct For Mathematical &amp; Physical Scien</LongName>
      </Directorate>
      <Division>
        <LongName>Division Of Materials Research</LongName>
      </Division>
    </Organization>
    <ProgramOfficer>
      <SignBlockName>Ulrich Strom</SignBlockName>
    </ProgramOfficer>
    <AbstractNarration>The Materials Research Science and Engineering Center (MRSEC) at Harvard University supports interactive research in four major groups covering a broad area of condensed matter and materials science. Researchers in the group focused on new materials are concerned with synthesis, characterization, and theoretical studies of superconductors and superhard carbon-based materials. Investigators in the group concerned with interfaces focus on collaborative aspects of interface science including organic monolayers and thin films, wetting and nucleation, mechanisms of interface motion in amorphous materials, and characterization of semiconductor surfaces. The group investigating electronic and photonic nanostructures addresses size effects and new electronic and photonic phenomena in a variety of materials. The group of researchers involved with design and manufacturing issues aims to develop a new paradigm for choosing the optimum materials and processes necessary to manufacture a component. The MRSEC also supports the development, operation and maintenance of shared experimental facilities for materials research. It provides seed funding for exploratory research, has a minority fellowship program, and fosters research participation by undergraduates. The MRSEC administers an industrial outreach program which is likely to be enhanced by the activities in design and manufacturing. The MRSEC currently supports 23 senior investigators, 12 postdoctoral research associates, 9 technical staff members, 16 graduate students, and 8 undergraduates. The Harvard MRSEC is directed by Professor Frans Spaepen.</AbstractNarration>
    <MinAmdLetterDate>09/28/1994</MinAmdLetterDate>
    <MaxAmdLetterDate>06/16/1998</MaxAmdLetterDate>
    <ARRAAmount/>
    <AwardID>9400396</AwardID>
    <Investigator>
      <FirstName>Frans</FirstName>
      <LastName>Spaepen</LastName>
      <EmailAddress>spaepen@seas.harvard.edu</EmailAddress>
      <StartDate>09/01/1994</StartDate>
      <EndDate/>
      <RoleCode>Principal Investigator</RoleCode>
    </Investigator>
    <Institution>
      <Name>Harvard University</Name>
      <CityName>Cambridge</CityName>
      <ZipCode>021385366</ZipCode>
      <PhoneNumber>6174955501</PhoneNumber>
      <StreetAddress>1033 MASSACHUSETTS AVE</StreetAddress>
      <CountryName>United States</CountryName>
      <StateName>Massachusetts</StateName>
      <StateCode>MA</StateCode>
    </Institution>
    <FoaInformation>
      <Code>18</Code>
      <Name>Materials NEC</Name>
    </FoaInformation>
  </Award>
</rootTag>
