<?xml version="1.0" encoding="UTF-8"?>

<rootTag>
  <Award>
    <AwardTitle>Low Cost NMR Instrumentation</AwardTitle>
    <AwardEffectiveDate>01/15/1995</AwardEffectiveDate>
    <AwardExpirationDate>12/31/1996</AwardExpirationDate>
    <AwardAmount>299662</AwardAmount>
    <AwardInstrument>
      <Value>Standard Grant</Value>
    </AwardInstrument>
    <Organization>
      <Code>07070000</Code>
      <Directorate>
        <LongName>Directorate For Engineering</LongName>
      </Directorate>
      <Division>
        <LongName>Div Of Industrial Innovation &amp; Partnersh</LongName>
      </Division>
    </Organization>
    <ProgramOfficer>
      <SignBlockName>Sara B. Nerlove</SignBlockName>
    </ProgramOfficer>
    <AbstractNarration>RF technology developed for cellular phone and global positioning systems (GPS) was used in a SBIR Phase I project to design and build an amplitude modulator and a frequency synthesizer. Thus, new RF technology was found to be feasible for use in reducing the cost of NMR instrumentation substantially. In SBIR Phase II newly available RF components are used to evaluate, design, and build an NMR console. New audio digital signal processing capabilities will be explored, which are currently available from certain computer manufacturers. The research will enhance the demodulation sections of NMR receivers and lower the number of components (and hence cost) without diminishing performance.</AbstractNarration>
    <MinAmdLetterDate>02/08/1995</MinAmdLetterDate>
    <MaxAmdLetterDate>11/02/1995</MaxAmdLetterDate>
    <ARRAAmount/>
    <AwardID>9400001</AwardID>
    <Investigator>
      <FirstName>John</FirstName>
      <LastName>Delayre</LastName>
      <EmailAddress/>
      <StartDate>02/08/1995</StartDate>
      <EndDate/>
      <RoleCode>Principal Investigator</RoleCode>
    </Investigator>
    <Institution>
      <Name>TecMag Inc</Name>
      <CityName>Houston</CityName>
      <ZipCode>770815402</ZipCode>
      <PhoneNumber>7136678747</PhoneNumber>
      <StreetAddress>6006 Bellaire Blvd.</StreetAddress>
      <CountryName>United States</CountryName>
      <StateName>Texas</StateName>
      <StateCode>TX</StateCode>
    </Institution>
    <FoaInformation>
      <Code>61</Code>
      <Name>Life Science Biological</Name>
    </FoaInformation>
    <FoaInformation>
      <Code>0308000</Code>
      <Name>Industrial Technology</Name>
    </FoaInformation>
  </Award>
</rootTag>
