<?xml version="1.0" encoding="UTF-8"?>

<rootTag>
  <Award>
    <AwardTitle>Mathematical Sciences: Finite Difference Techniques and Irreducibility Theorems in Analytic Number Theory</AwardTitle>
    <AwardEffectiveDate>05/15/1994</AwardEffectiveDate>
    <AwardExpirationDate>09/30/1997</AwardExpirationDate>
    <AwardAmount>57538</AwardAmount>
    <AwardInstrument>
      <Value>Standard Grant</Value>
    </AwardInstrument>
    <Organization>
      <Code>03040300</Code>
      <Directorate>
        <LongName>Direct For Mathematical &amp; Physical Scien</LongName>
      </Directorate>
      <Division>
        <LongName>Division Of Mathematical Sciences</LongName>
      </Division>
    </Organization>
    <ProgramOfficer>
      <SignBlockName>Andrew G. Earnest</SignBlockName>
    </ProgramOfficer>
    <AbstractNarration>Filaseta This award funds the continued work of Professor Michael Filaseta as he refines the new differencing techniques he developed in joint work with Prof. Ognian Trifonov. Prof. Filaseta has several specific problems on which he will apply the method. These problems include questions about the distribution of integer values of fairly general functions modulo one, and questions about the gaps between squarefree numbers and gaps between squarefull numbers. This work is in the general field of analytic number theory. The field of analytic number theory applies the techniques of calculus to the discrete realm of the whole numbers. Calculus was developed to aid the analysis of continuous mathematical objects. The idea of using continuous methods to investigate discrete objects is two centuries old, but with the work of the modern analytic number theorists, the field has had a new rebirth and led to a deeper understanding of the whole numbers. ***</AbstractNarration>
    <MinAmdLetterDate>05/27/1994</MinAmdLetterDate>
    <MaxAmdLetterDate>05/27/1994</MaxAmdLetterDate>
    <ARRAAmount/>
    <AwardID>9400937</AwardID>
    <Investigator>
      <FirstName>Michael</FirstName>
      <LastName>Filaseta</LastName>
      <EmailAddress>filaseta@math.sc.edu</EmailAddress>
      <StartDate>05/15/1994</StartDate>
      <EndDate/>
      <RoleCode>Principal Investigator</RoleCode>
    </Investigator>
    <Institution>
      <Name>University of South Carolina at Columbia</Name>
      <CityName>COLUMBIA</CityName>
      <ZipCode>292080001</ZipCode>
      <PhoneNumber>8037777093</PhoneNumber>
      <StreetAddress>Sponsored Awards Management</StreetAddress>
      <CountryName>United States</CountryName>
      <StateName>South Carolina</StateName>
      <StateCode>SC</StateCode>
    </Institution>
    <FoaInformation>
      <Code>21</Code>
      <Name>Mathematics</Name>
    </FoaInformation>
  </Award>
</rootTag>
