<?xml version="1.0" encoding="UTF-8"?>

<rootTag>
  <Award>
    <AwardTitle>Numerical Optimization Techniques</AwardTitle>
    <AwardEffectiveDate>09/15/1994</AwardEffectiveDate>
    <AwardExpirationDate>08/31/1997</AwardExpirationDate>
    <AwardAmount>109998</AwardAmount>
    <AwardInstrument>
      <Value>Continuing grant</Value>
    </AwardInstrument>
    <Organization>
      <Code>05010200</Code>
      <Directorate>
        <LongName>Direct For Computer &amp; Info Scie &amp; Enginr</LongName>
      </Directorate>
      <Division>
        <LongName>Division of Computing and Communication Foundations</LongName>
      </Division>
    </Organization>
    <ProgramOfficer>
      <SignBlockName>S. Kamal Abdali</SignBlockName>
    </ProgramOfficer>
    <AbstractNarration>This project investigates the design and implementation algorithms for nonlinear optimization. The research focuses on the solution of large problems, and has two broad objectives. The first is to develop a new algorithm for solving large and unstructured unconstrained problems. This work is motivated by the need of solving large and nonsparse problems efficiently. The new algorithm uses ideas from both Newton methods and variable metric updating, and is tested on large problems arising in weather forecasting. The second objective is to study efficient techniques for handling inequality constraints occurring in nonlinear programming. This research focuses on large problems, and techniques are designed to be useful in that case. The use of an ellipsoidal-type method is explored. This approach has the advantage of leading readily into a sequence of equality constrained subproblems which can be solved by existing software. An alternative approach, which consists of extending the primal-dual method of linear programming to the nonlinear case, is also explored. The algorithm is posed in the framework of trust region methods, and its relationship with sequential quadratic programming is fully exploited. The two new approaches for handling constraints are tested on a set of large problems, and the treatment of ill-conditioning receives careful consideration.</AbstractNarration>
    <MinAmdLetterDate>08/29/1994</MinAmdLetterDate>
    <MaxAmdLetterDate>04/14/1995</MaxAmdLetterDate>
    <ARRAAmount/>
    <AwardID>9400881</AwardID>
    <Investigator>
      <FirstName>Jorge</FirstName>
      <LastName>Nocedal</LastName>
      <EmailAddress>nocedal@eecs.northwestern.edu</EmailAddress>
      <StartDate>09/15/1994</StartDate>
      <EndDate/>
      <RoleCode>Principal Investigator</RoleCode>
    </Investigator>
    <Institution>
      <Name>Northwestern University</Name>
      <CityName>Evanston</CityName>
      <ZipCode>602013149</ZipCode>
      <PhoneNumber>8474913003</PhoneNumber>
      <StreetAddress>1801 Maple Ave.</StreetAddress>
      <CountryName>United States</CountryName>
      <StateName>Illinois</StateName>
      <StateCode>IL</StateCode>
    </Institution>
    <FoaInformation>
      <Code>31</Code>
      <Name>Computer Science &amp; Engineering</Name>
    </FoaInformation>
  </Award>
</rootTag>
