<?xml version="1.0" encoding="UTF-8"?>

<rootTag>
  <Award>
    <AwardTitle>U.S.-Italy Cooperative Research: Predictions of Ion Solvation and Mobilities in Hydrated Polyamides from Molecular Simulation</AwardTitle>
    <AwardEffectiveDate>08/15/1994</AwardEffectiveDate>
    <AwardExpirationDate>07/31/1999</AwardExpirationDate>
    <AwardAmount>33490</AwardAmount>
    <AwardInstrument>
      <Value>Standard Grant</Value>
    </AwardInstrument>
    <Organization>
      <Code>01090000</Code>
      <Directorate>
        <LongName>Office Of The Director</LongName>
      </Directorate>
      <Division>
        <LongName>Office Of Internatl Science &amp;Engineering</LongName>
      </Division>
    </Organization>
    <ProgramOfficer>
      <SignBlockName>Jeanne E. Hudson</SignBlockName>
    </ProgramOfficer>
    <AbstractNarration>9400209 Wagner This three-year award supports U.S.-Italy cooperative research Between Norman Wagner and Michael Paulaitis of the University of Delaware and Dr. Bruno D'Aguanno at the Center for Advanced Studies, in Sardinia, Italy. Drs. Wagner and Paulaitis, in the Department of Chemical Engineering, and Dr. D'Aguanno of the Department of Computational Biophysics, propose to develop massively parallel simulation algorithms for calculating ion solubilities and mobilities in hydrated polymers with the goal of applying these computational tools to design selective reverse osmosis membranes based on the chemical composition and "local" structural properties of the polymer. A severe limitation in applying current science and technology to predict ion solubilities and mobilities is the inability to characterize quantitatively the unique restructuring of waters of hydration. The international collaboration will merge US expertise in thermodynamics and massively parallel simulation with the Italian expertise in large-scale simulations of water and ionic solutions. This collaboration will contribute to a program recently established at the Center for Molecular and Engineering Thermodynamics at the University of Delaware to simulate water structures around hydrated ionic species to predict their solubilities and mobilities in hydrated polymers. This new collaboration will also foster closer interactions between the Delaware Center and the Sardinian Center. * * *</AbstractNarration>
    <MinAmdLetterDate>08/21/1994</MinAmdLetterDate>
    <MaxAmdLetterDate>09/10/1998</MaxAmdLetterDate>
    <ARRAAmount/>
    <AwardID>9400209</AwardID>
    <Investigator>
      <FirstName>Norman</FirstName>
      <LastName>Wagner</LastName>
      <EmailAddress>wagnernj@udel.edu</EmailAddress>
      <StartDate>08/15/1994</StartDate>
      <EndDate/>
      <RoleCode>Principal Investigator</RoleCode>
    </Investigator>
    <Investigator>
      <FirstName>Michael</FirstName>
      <LastName>Paulaitis</LastName>
      <EmailAddress>paulaitis.1@osu.edu</EmailAddress>
      <StartDate>08/15/1994</StartDate>
      <EndDate/>
      <RoleCode>Co-Principal Investigator</RoleCode>
    </Investigator>
    <Institution>
      <Name>University of Delaware</Name>
      <CityName>Newark</CityName>
      <ZipCode>197162553</ZipCode>
      <PhoneNumber>3028312136</PhoneNumber>
      <StreetAddress>210 Hullihen Hall</StreetAddress>
      <CountryName>United States</CountryName>
      <StateName>Delaware</StateName>
      <StateCode>DE</StateCode>
    </Institution>
    <FoaInformation>
      <Code>0510604</Code>
      <Name>Analytic Tools</Name>
    </FoaInformation>
  </Award>
</rootTag>
