<?xml version="1.0" encoding="UTF-8"?>

<rootTag>
  <Award>
    <AwardTitle>Mathematical Sciences: Algebraic and Geometric Topology</AwardTitle>
    <AwardEffectiveDate>08/01/1994</AwardEffectiveDate>
    <AwardExpirationDate>01/31/1998</AwardExpirationDate>
    <AwardAmount>508500</AwardAmount>
    <AwardInstrument>
      <Value>Continuing grant</Value>
    </AwardInstrument>
    <Organization>
      <Code>03040200</Code>
      <Directorate>
        <LongName>Direct For Mathematical &amp; Physical Scien</LongName>
      </Directorate>
      <Division>
        <LongName>Division Of Mathematical Sciences</LongName>
      </Division>
    </Organization>
    <ProgramOfficer>
      <SignBlockName>Ralph M. Krause</SignBlockName>
    </ProgramOfficer>
    <AbstractNarration>9400805 Milgram Milgram will work mainly in areas related to the geometry of moduli spaces of Yang-Mills instantons on 4-manifolds and monopoles on 3-manifolds. He will focus on the explicit relations between instantons on ruled surfaces (which are now reasonably well understood) and instantons on general algebraic surfaces. Cohen will emphasize Floer homology and a conjectured Floer homotopy theory. S. Kerckhoff will primarily study the deformation spaces of hyperbolic structures on 3-manifolds, with particular attention to problems of degeneration at the boundaries. Recent interactions between mathematics and physics have brought new ideas and problems into mathematics related in part to the physicists' desire better to understand quantum field theory. Among the mathematical results of this interaction have been extensive new information about the geometry of 3- and 4-dimensional spaces, including counterexamples to basic conjectures and new structure results. The major focus of this project is to apply much more advanced results from deep, well-developed areas of mathematics, such as algebraic topology and homotopy theory, to these new ideas and problems, as well as to related questions. ***</AbstractNarration>
    <MinAmdLetterDate>08/08/1994</MinAmdLetterDate>
    <MaxAmdLetterDate>06/13/1996</MaxAmdLetterDate>
    <ARRAAmount/>
    <AwardID>9400805</AwardID>
    <Investigator>
      <FirstName>Steven</FirstName>
      <LastName>Kerckhoff</LastName>
      <EmailAddress>spk@math.stanford.edu</EmailAddress>
      <StartDate>08/01/1994</StartDate>
      <EndDate/>
      <RoleCode>Co-Principal Investigator</RoleCode>
    </Investigator>
    <Investigator>
      <FirstName>R. James</FirstName>
      <LastName>Milgram</LastName>
      <EmailAddress>milgram@math.stanford.edu</EmailAddress>
      <StartDate>08/01/1994</StartDate>
      <EndDate/>
      <RoleCode>Principal Investigator</RoleCode>
    </Investigator>
    <Investigator>
      <FirstName>Ralph</FirstName>
      <LastName>Cohen</LastName>
      <EmailAddress>ralph@math.stanford.edu</EmailAddress>
      <StartDate>08/01/1994</StartDate>
      <EndDate/>
      <RoleCode>Co-Principal Investigator</RoleCode>
    </Investigator>
    <Institution>
      <Name>Stanford University</Name>
      <CityName>Palo Alto</CityName>
      <ZipCode>943041212</ZipCode>
      <PhoneNumber>6507232300</PhoneNumber>
      <StreetAddress>3160 Porter Drive</StreetAddress>
      <CountryName>United States</CountryName>
      <StateName>California</StateName>
      <StateCode>CA</StateCode>
    </Institution>
    <FoaInformation>
      <Code>21</Code>
      <Name>Mathematics</Name>
    </FoaInformation>
  </Award>
</rootTag>
