<?xml version="1.0" encoding="UTF-8"?>

<rootTag>
  <Award>
    <AwardTitle>RUI: Design and Development of a Cubic 4 CsI(T1) Detector Array</AwardTitle>
    <AwardEffectiveDate>06/01/1994</AwardEffectiveDate>
    <AwardExpirationDate>05/31/1995</AwardExpirationDate>
    <AwardAmount>27157</AwardAmount>
    <AwardInstrument>
      <Value>Continuing grant</Value>
    </AwardInstrument>
    <Organization>
      <Code>03010600</Code>
      <Directorate>
        <LongName>Direct For Mathematical &amp; Physical Scien</LongName>
      </Directorate>
      <Division>
        <LongName>Division Of Physics</LongName>
      </Division>
    </Organization>
    <ProgramOfficer>
      <SignBlockName>Stephen Steadman</SignBlockName>
    </ProgramOfficer>
    <AbstractNarration>In order to gain a detailed description of the dynamics of nuclear fusion reactions, a cubic array of thallium-doped cesium iodide CsI (T1) detectors will be developed. This detector array will cover 95% of the space surrounding the reaction and will be able to detect the number, energy, and type of charged-particles emitted by the reaction products. The array will be placed in front of a recoil mass spectrometer such as the Fragment Mass Analyzer at Argonne National Laboratory or the Recoil Mass Spectrometer at the University of Rochester's Nuclear Structure Research Laboratory. With such a combined detection system, the total number and type of all particles emitted by the short- lived compound nucleus can be inferred for each nuclear reaction. The data accumulated by this detection system will be used to investigate the applicability of statistical decay models in heavy-ion induced fusion reactions. In particular, the research will attempt to determine what differences exist in the decay of excited Dy when it is formed by three different nuclear fusion reactions. ***</AbstractNarration>
    <MinAmdLetterDate>05/25/1994</MinAmdLetterDate>
    <MaxAmdLetterDate>05/25/1994</MaxAmdLetterDate>
    <ARRAAmount/>
    <AwardID>9400629</AwardID>
    <Investigator>
      <FirstName>Jay</FirstName>
      <LastName>Wile</LastName>
      <EmailAddress/>
      <StartDate>06/01/1994</StartDate>
      <EndDate/>
      <RoleCode>Principal Investigator</RoleCode>
    </Investigator>
    <Institution>
      <Name>Ball State University</Name>
      <CityName>Muncie</CityName>
      <ZipCode>473061022</ZipCode>
      <PhoneNumber>7652851600</PhoneNumber>
      <StreetAddress>2000 University Ave</StreetAddress>
      <CountryName>United States</CountryName>
      <StateName>Indiana</StateName>
      <StateCode>IN</StateCode>
    </Institution>
    <FoaInformation>
      <Code>0000099</Code>
      <Name>Other Applications NEC</Name>
    </FoaInformation>
    <FoaInformation>
      <Code>13</Code>
      <Name>Physics</Name>
    </FoaInformation>
    <ProgramElement>
      <Code>1233</Code>
      <Text>NUCLEAR STRUCTURE &amp; REACTIONS</Text>
    </ProgramElement>
    <ProgramReference>
      <Code>0000</Code>
      <Text>UNASSIGNED</Text>
    </ProgramReference>
    <ProgramReference>
      <Code>9178</Code>
      <Text>UNDERGRADUATE EDUCATION</Text>
    </ProgramReference>
    <ProgramReference>
      <Code>9229</Code>
      <Text>RES IN UNDERGRAD INST-RESEARCH</Text>
    </ProgramReference>
    <ProgramReference>
      <Code>OTHR</Code>
      <Text>OTHER RESEARCH OR EDUCATION</Text>
    </ProgramReference>
    <ProgramReference>
      <Code>SMET</Code>
      <Text>SCIENCE, MATH, ENG &amp; TECH EDUCATION</Text>
    </ProgramReference>
  </Award>
</rootTag>
