<?xml version="1.0" encoding="UTF-8"?>

<rootTag>
  <Award>
    <AwardTitle>Certain C*-Algebras of Toeplitz Operators and Singular Integral Operators</AwardTitle>
    <AwardEffectiveDate>07/01/1994</AwardEffectiveDate>
    <AwardExpirationDate>06/30/1997</AwardExpirationDate>
    <AwardAmount>40000</AwardAmount>
    <AwardInstrument>
      <Value>Standard Grant</Value>
    </AwardInstrument>
    <Organization>
      <Code>03040200</Code>
      <Directorate>
        <LongName>Direct For Mathematical &amp; Physical Scien</LongName>
      </Directorate>
      <Division>
        <LongName>Division Of Mathematical Sciences</LongName>
      </Division>
    </Organization>
    <ProgramOfficer>
      <SignBlockName>Joe W. Jenkins</SignBlockName>
    </ProgramOfficer>
    <AbstractNarration>9400600 Xia The investigation will examine the structure of C*-algebras generated by Toeplitz operators and singular integral operators associated within-dimensional flows. This class of C*-algebras includes many classical examples. The investigation is particularly directed to the case where n is greater than 1. In this case each algebra contains a chain of ideals that will be analyzed carefully. These ideals will be used to compute K- groups, which are important invariants for the classification of C*-algebras. The k-groups will also be used to study the invertibility of systems of Toeplitz operators. In this connection an attempt will be made to determine the stable rank of certain commutator ideals. An analysis will be made of certain automorphisms of the Toeplitz algebra on the unit circle which are induced by homeomorphisms of the circle. This project investigates certain algebras generated by classical operators that arise from the study of singular integral equations. These equations can be traced back to applications in engineering and manufacturing such as the equation of the airfoil and the stamping of metal plates. The abstract problem here is the classification of these algebras using invariants. The contributions will be to many fields of pure mathematics including ergodic theory, analysis and geometry. ***</AbstractNarration>
    <MinAmdLetterDate>07/05/1994</MinAmdLetterDate>
    <MaxAmdLetterDate>07/05/1994</MaxAmdLetterDate>
    <ARRAAmount/>
    <AwardID>9400600</AwardID>
    <Investigator>
      <FirstName>Jingbo</FirstName>
      <LastName>Xia</LastName>
      <EmailAddress>jxia@acsu.buffalo.edu</EmailAddress>
      <StartDate>07/01/1994</StartDate>
      <EndDate/>
      <RoleCode>Principal Investigator</RoleCode>
    </Investigator>
    <Institution>
      <Name>SUNY at Buffalo</Name>
      <CityName>Amherst</CityName>
      <ZipCode>142282567</ZipCode>
      <PhoneNumber>7166452634</PhoneNumber>
      <StreetAddress>520 Lee Entrance</StreetAddress>
      <CountryName>United States</CountryName>
      <StateName>New York</StateName>
      <StateCode>NY</StateCode>
    </Institution>
    <FoaInformation>
      <Code>0000099</Code>
      <Name>Other Applications NEC</Name>
    </FoaInformation>
    <FoaInformation>
      <Code>21</Code>
      <Name>Mathematics</Name>
    </FoaInformation>
    <ProgramElement>
      <Code>1262</Code>
      <Text>MODERN ANALYSIS</Text>
    </ProgramElement>
    <ProgramReference>
      <Code>0000</Code>
      <Text>UNASSIGNED</Text>
    </ProgramReference>
    <ProgramReference>
      <Code>OTHR</Code>
      <Text>OTHER RESEARCH OR EDUCATION</Text>
    </ProgramReference>
  </Award>
</rootTag>
