<?xml version="1.0" encoding="UTF-8"?>

<rootTag>
  <Award>
    <AwardTitle>Molecular and Crystal Engineering of a New Class of Inorganic Polymers</AwardTitle>
    <AwardEffectiveDate>06/15/1994</AwardEffectiveDate>
    <AwardExpirationDate>05/31/1997</AwardExpirationDate>
    <AwardAmount>317500</AwardAmount>
    <AwardInstrument>
      <Value>Standard Grant</Value>
    </AwardInstrument>
    <Organization>
      <Code>03090007</Code>
      <Directorate>
        <LongName>Direct For Mathematical &amp; Physical Scien</LongName>
      </Directorate>
      <Division>
        <LongName>Division Of Chemistry</LongName>
      </Division>
    </Organization>
    <ProgramOfficer>
      <SignBlockName>Seymour Lapporte</SignBlockName>
    </ProgramOfficer>
    <AbstractNarration>9400288 Teo This award, made in the Advanced Materials and Procesing Program will focus on the design, synthesis and characterization of crystalline, hybrid inorganic polymers with organic spacers (IPOS). Typically the inorganic polymers are anionic metal-ligand coordination polymers such as cadmium thiocyanate and the organic spacers are cationic host-guest complexes such as alkali metal crown ether complexes. The crown ether-alkali metal complex not only serves as a spacer, but will also control crystal packing. By controlling crystal symmetry, nonlinear optical properties will be engineered into the IPOS crystals. The ultimate goal of the research is to better understand the underlying principles of crystallization and the origin of their physical properties. The choice of IPOS series will allow concomitant but separate molecular and crystal engineering. This research will pursue a systematic study of the synthesis and structure of new classes of IPOS crystals leading to the development of materials of technological importance as well as the discovery of new fabrication methods and new models for crystallization processes.</AbstractNarration>
    <MinAmdLetterDate>05/27/1994</MinAmdLetterDate>
    <MaxAmdLetterDate>06/28/1996</MaxAmdLetterDate>
    <ARRAAmount/>
    <AwardID>9400288</AwardID>
    <Investigator>
      <FirstName>Boon</FirstName>
      <LastName>Teo</LastName>
      <EmailAddress>boonkteo@uic.edu</EmailAddress>
      <StartDate>06/15/1994</StartDate>
      <EndDate/>
      <RoleCode>Principal Investigator</RoleCode>
    </Investigator>
    <Institution>
      <Name>University of Illinois at Chicago</Name>
      <CityName>Chicago</CityName>
      <ZipCode>606124305</ZipCode>
      <PhoneNumber>3129962862</PhoneNumber>
      <StreetAddress>809 S MARSHFIELD</StreetAddress>
      <CountryName>United States</CountryName>
      <StateName>Illinois</StateName>
      <StateCode>IL</StateCode>
    </Institution>
    <FoaInformation>
      <Code>0106000</Code>
      <Name>Materials Research</Name>
    </FoaInformation>
    <FoaInformation>
      <Code>12</Code>
      <Name>Chemistry</Name>
    </FoaInformation>
    <ProgramElement>
      <Code>1984</Code>
      <Text>MATERIALS SYNTHESIS &amp; PROCESSN</Text>
    </ProgramElement>
    <ProgramReference>
      <Code>9146</Code>
      <Text>MANUFACTURING BASE RESEARCH</Text>
    </ProgramReference>
    <ProgramReference>
      <Code>9161</Code>
      <Text>SINGLE DIVISION/UNIVERSITY</Text>
    </ProgramReference>
    <ProgramReference>
      <Code>AMPP</Code>
      <Text>ADVANCED MATERIALS &amp; PROCESSING PROGRAM</Text>
    </ProgramReference>
  </Award>
</rootTag>
