<?xml version="1.0" encoding="UTF-8"?>

<rootTag>
  <Award>
    <AwardTitle>CRB: Role of Immune Function and Disease in Amphibian Disappearances</AwardTitle>
    <AwardEffectiveDate>03/15/1994</AwardEffectiveDate>
    <AwardExpirationDate>02/29/1996</AwardExpirationDate>
    <AwardAmount>68000</AwardAmount>
    <AwardInstrument>
      <Value>Standard Grant</Value>
    </AwardInstrument>
    <Organization>
      <Code>08010208</Code>
      <Directorate>
        <LongName>Direct For Biological Sciences</LongName>
      </Directorate>
      <Division>
        <LongName>Division Of Environmental Biology</LongName>
      </Division>
    </Organization>
    <ProgramOfficer>
      <SignBlockName>Michael F. Allen</SignBlockName>
    </ProgramOfficer>
    <AbstractNarration>9400333 Carey Recent reports of world-wide declines and extinctions of amphibian populations have raised questions about the relation of environmental change to the demise of certain amphibian species. If these species are being harmed by man-made change, amphibians may prove to be excellent "harbingers of decay" and indicators of ecosystem stress. The causes of amphibian populational declines have not been conclusively demonstrated. %%% The following working hypothesis is presented to explain how environmental change might cause the demise of amphibian populations. 1. A sublethal change in one factor, or multiple change(s) in several factors, acting singly of synergistically, occurs in the environment of these amphibians. 2. The environmental change either directly suppresses function of immune system, or indirectly affects immune function by eliciting an immunosuppressive neuroendocrine response. 3. This depression of immune function, coupled with the additional suppressive effects of seasonally-associated cold body temperatures on the abilities of ectothermic immune systems to resist disease, leads to increased susceptibility to opportunistic pathogens such as Aeromonas hydrophila. In turn, susceptibility results in subsequent disease, death of the individual, and demise of the population. %%% Parts 2 and 3 of the working hypothesis will be tested in the project period in Bufo b. boreas, Rana yavapiensis, Bufo marinus, and Ambystoma tigrinum. The difference between our approach and that of others working to find the causes of amphibian declines is that others are looking to find an environmental change severe enough to kill amphibians directly, while our approach evaluates the role of smaller, sublethal changes sufficient to cause suppression of immune function and disease.</AbstractNarration>
    <MinAmdLetterDate>03/14/1994</MinAmdLetterDate>
    <MaxAmdLetterDate>03/14/1994</MaxAmdLetterDate>
    <ARRAAmount/>
    <AwardID>9400333</AwardID>
    <Investigator>
      <FirstName>Cynthia</FirstName>
      <LastName>Carey</LastName>
      <EmailAddress>careyc@spot.colorado.edu</EmailAddress>
      <StartDate>03/15/1994</StartDate>
      <EndDate/>
      <RoleCode>Principal Investigator</RoleCode>
    </Investigator>
    <Institution>
      <Name>University of Colorado at Boulder</Name>
      <CityName>Boulder</CityName>
      <ZipCode>803031058</ZipCode>
      <PhoneNumber>3034926221</PhoneNumber>
      <StreetAddress>3100 Marine Street, Room 481</StreetAddress>
      <CountryName>United States</CountryName>
      <StateName>Colorado</StateName>
      <StateCode>CO</StateCode>
    </Institution>
    <FoaInformation>
      <Code>0114000</Code>
      <Name>Endangered Species</Name>
    </FoaInformation>
    <FoaInformation>
      <Code>0313000</Code>
      <Name>Regional &amp; Environmental</Name>
    </FoaInformation>
    <FoaInformation>
      <Code>64</Code>
      <Name>Environmental Biology</Name>
    </FoaInformation>
    <ProgramElement>
      <Code>1148</Code>
      <Text>ECOLOGICAL &amp; EVOLUTIONARY PHYS</Text>
    </ProgramElement>
    <ProgramElement>
      <Code>1182</Code>
      <Text>POP &amp; COMMUNITY ECOL PROG</Text>
    </ProgramElement>
    <ProgramReference>
      <Code>1306</Code>
      <Text>ECOLOGICAL RATES OF CHANGE</Text>
    </ProgramReference>
    <ProgramReference>
      <Code>9285</Code>
      <Text>CONSRV &amp; RESTOR BIOL SPEC COMP</Text>
    </ProgramReference>
    <ProgramReference>
      <Code>GLCH</Code>
      <Text>GLOBAL CHANGE</Text>
    </ProgramReference>
  </Award>
</rootTag>
