<?xml version="1.0" encoding="UTF-8"?>

<rootTag>
  <Award>
    <AwardTitle>Particle Motion in Rotating Filter Separation</AwardTitle>
    <AwardEffectiveDate>08/15/1994</AwardEffectiveDate>
    <AwardExpirationDate>07/31/1998</AwardExpirationDate>
    <AwardAmount>182259</AwardAmount>
    <AwardInstrument>
      <Value>Standard Grant</Value>
    </AwardInstrument>
    <Organization>
      <Code>07020000</Code>
      <Directorate>
        <LongName>Directorate For Engineering</LongName>
      </Directorate>
      <Division>
        <LongName>Div Of Chem, Bioeng, Env, &amp; Transp Sys</LongName>
      </Division>
    </Organization>
    <ProgramOfficer>
      <SignBlockName>ELDRED H CHIMOWITZ</SignBlockName>
    </ProgramOfficer>
    <AbstractNarration>This project involves the measurement of particle velocities in a rotating filter system by the Pulsed Light Velocimetry technique. Particular emphasis will be on the role of secondary flows (e.g. Taylor vortices) in preventing plugging, the effects of particle sedimentation in the separation, and the influence of particles on flow stability. Overcoming plugging should greatly improve the performance of filters, which are important to many industrial processes.</AbstractNarration>
    <MinAmdLetterDate>08/04/1994</MinAmdLetterDate>
    <MaxAmdLetterDate>02/27/1995</MaxAmdLetterDate>
    <ARRAAmount/>
    <AwardID>9400033</AwardID>
    <Investigator>
      <FirstName>Richard</FirstName>
      <LastName>Lueptow</LastName>
      <EmailAddress>r-lueptow@northwestern.edu</EmailAddress>
      <StartDate>08/15/1994</StartDate>
      <EndDate/>
      <RoleCode>Principal Investigator</RoleCode>
    </Investigator>
    <Institution>
      <Name>Northwestern University</Name>
      <CityName>Evanston</CityName>
      <ZipCode>602013149</ZipCode>
      <PhoneNumber>8474913003</PhoneNumber>
      <StreetAddress>1801 Maple Ave.</StreetAddress>
      <CountryName>United States</CountryName>
      <StateName>Illinois</StateName>
      <StateCode>IL</StateCode>
    </Institution>
  </Award>
</rootTag>
