<?xml version="1.0" encoding="UTF-8"?>

<rootTag>
  <Award>
    <AwardTitle>Controlling the Chaotic State in Ferromagnetic Response</AwardTitle>
    <AwardEffectiveDate>08/01/1994</AwardEffectiveDate>
    <AwardExpirationDate>05/31/1998</AwardExpirationDate>
    <AwardAmount>274500</AwardAmount>
    <AwardInstrument>
      <Value>Continuing grant</Value>
    </AwardInstrument>
    <Organization>
      <Code>03070003</Code>
      <Directorate>
        <LongName>Direct For Mathematical &amp; Physical Scien</LongName>
      </Directorate>
      <Division>
        <LongName>Division Of Materials Research</LongName>
      </Division>
    </Organization>
    <ProgramOfficer>
      <SignBlockName>H. Hollis Wickman</SignBlockName>
    </ProgramOfficer>
    <AbstractNarration>9400263 Wigen Technical abstract: Chaos is a complicated and often undesirable behavior. The ability to control chaotic behavior is a special attribute that may be beneficial to many applications. The chaotic attractor includes an infinite number of unstable orbits. By applying a well defined perturbation to a system variable it is possible to control the behavior of a chaotic system by stabilizing one of these unstable orbits. By modifying the perturbation the selected orbit may be varied permitting a variety of orbits that are not readily available in a conventional linear system. It is proposed to utilize perturbation of the magnetic field to control the chaotic behavior observed in the ferromagnetic resonance signal. Non-technical abstract: The complex behavior of a chaotic system is commonly known and widely recognized in many systems from bridges and the weather to heart fibrillation and brain signals. In many systems significant effort is made to eliminate the conditions that lead to this chaotic behavior. However, with the recent evolution of "controlling chaos" it is possible to put the system into one of a number of unstable behavioral patterns that are present in a chaotic system. By applying an appropriate control signal it is possible to stabilize these desired patterns. This behavior leads to an increased flexibility in many systems giving rise to new applications and environments. ***</AbstractNarration>
    <MinAmdLetterDate>08/06/1994</MinAmdLetterDate>
    <MaxAmdLetterDate>09/30/1997</MaxAmdLetterDate>
    <ARRAAmount/>
    <AwardID>9400263</AwardID>
    <Investigator>
      <FirstName>Philip</FirstName>
      <LastName>Wigen</LastName>
      <EmailAddress>wigen.1@osu.edu</EmailAddress>
      <StartDate>08/01/1994</StartDate>
      <EndDate/>
      <RoleCode>Principal Investigator</RoleCode>
    </Investigator>
    <Institution>
      <Name>Ohio State University Research Foundation -DO NOT USE</Name>
      <CityName>Columbus</CityName>
      <ZipCode>432101016</ZipCode>
      <PhoneNumber>6142923732</PhoneNumber>
      <StreetAddress>1960 KENNY RD</StreetAddress>
      <CountryName>United States</CountryName>
      <StateName>Ohio</StateName>
      <StateCode>OH</StateCode>
    </Institution>
    <FoaInformation>
      <Code>14</Code>
      <Name>Condensed Matter Physics</Name>
    </FoaInformation>
  </Award>
</rootTag>
