<?xml version="1.0" encoding="UTF-8"?>

<rootTag>
  <Award>
    <AwardTitle>Lattice Theory</AwardTitle>
    <AwardEffectiveDate>06/01/1994</AwardEffectiveDate>
    <AwardExpirationDate>05/31/1998</AwardExpirationDate>
    <AwardAmount>75000</AwardAmount>
    <AwardInstrument>
      <Value>Standard Grant</Value>
    </AwardInstrument>
    <Organization>
      <Code>03040300</Code>
      <Directorate>
        <LongName>Direct For Mathematical &amp; Physical Scien</LongName>
      </Directorate>
      <Division>
        <LongName>Division Of Mathematical Sciences</LongName>
      </Division>
    </Organization>
    <ProgramOfficer>
      <SignBlockName>Ann K. Boyle</SignBlockName>
    </ProgramOfficer>
    <AbstractNarration>9400511 Nation This research is concerned with the study of the equational theory of finite lattices and the structure of free lattices. These problems are related because questions about lattice varieties can often be interpreted as problems in free lattices. The first objective of this work is to determine which finitely generated equational classes of lattices have a term rewrite system. The second objective is to find an algorithm for determining all lattice varieties which cover a given finitely generated lattice variety. The principal investigator will also study which ordered sets can be embedded in free lattices, and which lattices are sublattices of free lattices. Lattices are discrete mathematical objects with a structure reflecting to some extent the structure of set theory or logic. This very weak structure means that lattices can be found in many mathematical environments. It also means that problems are easy to state, hard to solve and of a very general nature. The results of this work will impact many areas of mathematics, computer science, the social sciences and business management.</AbstractNarration>
    <MinAmdLetterDate>05/31/1994</MinAmdLetterDate>
    <MaxAmdLetterDate>05/31/1994</MaxAmdLetterDate>
    <ARRAAmount/>
    <AwardID>9400511</AwardID>
    <Investigator>
      <FirstName>James</FirstName>
      <LastName>Nation</LastName>
      <EmailAddress>jb@math.hawaii.edu</EmailAddress>
      <StartDate>06/01/1994</StartDate>
      <EndDate/>
      <RoleCode>Principal Investigator</RoleCode>
    </Investigator>
    <Institution>
      <Name>University of Hawaii</Name>
      <CityName>HONOLULU</CityName>
      <ZipCode>968222234</ZipCode>
      <PhoneNumber>8089567800</PhoneNumber>
      <StreetAddress>2440 Campus Road, Box 368</StreetAddress>
      <CountryName>United States</CountryName>
      <StateName>Hawaii</StateName>
      <StateCode>HI</StateCode>
    </Institution>
    <FoaInformation>
      <Code>0000099</Code>
      <Name>Other Applications NEC</Name>
    </FoaInformation>
    <FoaInformation>
      <Code>21</Code>
      <Name>Mathematics</Name>
    </FoaInformation>
    <ProgramElement>
      <Code>1264</Code>
      <Text>ALGEBRA,NUMBER THEORY,AND COM</Text>
    </ProgramElement>
    <ProgramReference>
      <Code>0000</Code>
      <Text>UNASSIGNED</Text>
    </ProgramReference>
    <ProgramReference>
      <Code>OTHR</Code>
      <Text>OTHER RESEARCH OR EDUCATION</Text>
    </ProgramReference>
  </Award>
</rootTag>
