<?xml version="1.0" encoding="UTF-8"?>

<rootTag>
  <Award>
    <AwardTitle>Inventory of Lepidoptera Larvae and their Parasitoids in a Tropical Dry Forest (Costa Rica)</AwardTitle>
    <AwardEffectiveDate>07/15/1994</AwardEffectiveDate>
    <AwardExpirationDate>06/30/1998</AwardExpirationDate>
    <AwardAmount>550000</AwardAmount>
    <AwardInstrument>
      <Value>Continuing grant</Value>
    </AwardInstrument>
    <Organization>
      <Code>08010209</Code>
      <Directorate>
        <LongName>Direct For Biological Sciences</LongName>
      </Directorate>
      <Division>
        <LongName>Division Of Environmental Biology</LongName>
      </Division>
    </Organization>
    <ProgramOfficer>
      <SignBlockName>Douglas Siegel-Causey</SignBlockName>
    </ProgramOfficer>
    <AbstractNarration>9400829 Janzen This project is an ongoing biodiversity inventory of all species of caterpillars, their host plant relationships, and their species of parasitoids in thae tropical dry forest of the Guanacaste Conservation Area in northwestern Costa Rica. The inventory pesults are designed to make caterpillars and their trophic relationships with food plants and parasitoids available to basic studies in ecology, systematics, behavior physiology and evolution, and to applied users in biodiversity prospecting, education, ecotourism and pest management. The overall goal is to establish this biological system as an integral part of the non-destructive sustainable use of a complex tropical wildland by science and by Costa Rican society.</AbstractNarration>
    <MinAmdLetterDate>07/19/1994</MinAmdLetterDate>
    <MaxAmdLetterDate>07/25/1996</MaxAmdLetterDate>
    <ARRAAmount/>
    <AwardID>9400829</AwardID>
    <Investigator>
      <FirstName>Daniel</FirstName>
      <LastName>Janzen</LastName>
      <EmailAddress>djanzen@sas.upenn.edu</EmailAddress>
      <StartDate>07/15/1994</StartDate>
      <EndDate/>
      <RoleCode>Principal Investigator</RoleCode>
    </Investigator>
    <Institution>
      <Name>University of Pennsylvania</Name>
      <CityName>Philadelphia</CityName>
      <ZipCode>191046205</ZipCode>
      <PhoneNumber>2158987293</PhoneNumber>
      <StreetAddress>Research Services</StreetAddress>
      <CountryName>United States</CountryName>
      <StateName>Pennsylvania</StateName>
      <StateCode>PA</StateCode>
    </Institution>
  </Award>
</rootTag>
