<?xml version="1.0" encoding="UTF-8"?>

<rootTag>
  <Award>
    <AwardTitle>Observations of Dynamic Solar Magnetic and Velocity Fields</AwardTitle>
    <AwardEffectiveDate>09/01/1994</AwardEffectiveDate>
    <AwardExpirationDate>11/30/1997</AwardExpirationDate>
    <AwardAmount>370000</AwardAmount>
    <AwardInstrument>
      <Value>Continuing grant</Value>
    </AwardInstrument>
    <Organization>
      <Code>06020203</Code>
      <Directorate>
        <LongName>Directorate For Geosciences</LongName>
      </Directorate>
      <Division>
        <LongName>Div Atmospheric &amp; Geospace Sciences</LongName>
      </Division>
    </Organization>
    <ProgramOfficer>
      <SignBlockName>Kenneth H. Schatten</SignBlockName>
    </ProgramOfficer>
    <AbstractNarration>This project builds on gathering and interpreting high-accuracy low spatial resolution observations of solar magnetic and velocity fields from the Wilcox Solar Observatory and active participation in the Global Oscillation Network Group and International Research on the Interior of the Sun global oscillations observing networks. The request for support for improvement and continued maintenance of the facility will continue gathering, reducing, and distributing data. Finally, the SolarMail system supported in part by this proposal will continue to expand and provide a valuable service to more than 1000 scientists.</AbstractNarration>
    <MinAmdLetterDate>08/30/1994</MinAmdLetterDate>
    <MaxAmdLetterDate>05/01/1996</MaxAmdLetterDate>
    <ARRAAmount/>
    <AwardID>9400298</AwardID>
    <Investigator>
      <FirstName>Philip</FirstName>
      <LastName>Scherrer</LastName>
      <EmailAddress>pscherrer@solar.stanford.edu</EmailAddress>
      <StartDate>09/01/1994</StartDate>
      <EndDate/>
      <RoleCode>Principal Investigator</RoleCode>
    </Investigator>
    <Investigator>
      <FirstName>Jon</FirstName>
      <LastName>Hoeksema</LastName>
      <EmailAddress>todd@sun.stanford.edu</EmailAddress>
      <StartDate>09/01/1994</StartDate>
      <EndDate/>
      <RoleCode>Co-Principal Investigator</RoleCode>
    </Investigator>
    <Institution>
      <Name>Stanford University</Name>
      <CityName>Palo Alto</CityName>
      <ZipCode>943041212</ZipCode>
      <PhoneNumber>6507232300</PhoneNumber>
      <StreetAddress>3160 Porter Drive</StreetAddress>
      <CountryName>United States</CountryName>
      <StateName>California</StateName>
      <StateCode>CA</StateCode>
    </Institution>
  </Award>
</rootTag>
