<?xml version="1.0" encoding="UTF-8"?>

<rootTag>
  <Award>
    <AwardTitle>Problems in the Theory of Partitions and Q- Series</AwardTitle>
    <AwardEffectiveDate>07/01/1994</AwardEffectiveDate>
    <AwardExpirationDate>06/30/1998</AwardExpirationDate>
    <AwardAmount>48900</AwardAmount>
    <AwardInstrument>
      <Value>Standard Grant</Value>
    </AwardInstrument>
    <Organization>
      <Code>03040300</Code>
      <Directorate>
        <LongName>Direct For Mathematical &amp; Physical Scien</LongName>
      </Directorate>
      <Division>
        <LongName>Division Of Mathematical Sciences</LongName>
      </Division>
    </Organization>
    <ProgramOfficer>
      <SignBlockName>Murray M. Schacher</SignBlockName>
    </ProgramOfficer>
    <AbstractNarration>9400191 Alladi This award funds the research of Professor Krishnaswami Alladi in partition theory. Prof. Alladi will try to apply a new technique that he developed in joint work with Prof. Basil Gordon to five problems. He will study a partition theorem mf Gollnitz, a recent result of Capparelli, the q-Gauss identities, and the quintuple product identity. This work is in the general field of analytic number theory and in particular partition theory. At its most basic level partition theory studies the question, how many different ways can one number be written as the sum of smaller numbers? This question becomes a part of analytic number theory when answers to this question are encoded into mathematical functions. This allows mathematicians to apply the analysis techniques of calculus. The idea of using continuous methods to investigate discrete objects is two centuries old, but with the work of the modern analytic number theorists, the field has had a new rebirth and led to a deeper understanding of partitions of the whole numbers.</AbstractNarration>
    <MinAmdLetterDate>05/27/1994</MinAmdLetterDate>
    <MaxAmdLetterDate>08/25/1997</MaxAmdLetterDate>
    <ARRAAmount/>
    <AwardID>9400191</AwardID>
    <Investigator>
      <FirstName>Krishnaswami</FirstName>
      <LastName>Alladi</LastName>
      <EmailAddress>alladik@math.ufl.edu</EmailAddress>
      <StartDate>07/01/1994</StartDate>
      <EndDate/>
      <RoleCode>Principal Investigator</RoleCode>
    </Investigator>
    <Institution>
      <Name>University of Florida</Name>
      <CityName>GAINESVILLE</CityName>
      <ZipCode>326112002</ZipCode>
      <PhoneNumber>3523923516</PhoneNumber>
      <StreetAddress>1 UNIVERSITY OF FLORIDA</StreetAddress>
      <CountryName>United States</CountryName>
      <StateName>Florida</StateName>
      <StateCode>FL</StateCode>
    </Institution>
    <FoaInformation>
      <Code>0000099</Code>
      <Name>Other Applications NEC</Name>
    </FoaInformation>
    <FoaInformation>
      <Code>21</Code>
      <Name>Mathematics</Name>
    </FoaInformation>
  </Award>
</rootTag>
