<?xml version="1.0" encoding="UTF-8"?>

<rootTag>
  <Award>
    <AwardTitle>Mathematical Sciences: "Hardy-Littlewood System"</AwardTitle>
    <AwardEffectiveDate>08/15/1994</AwardEffectiveDate>
    <AwardExpirationDate>07/31/1997</AwardExpirationDate>
    <AwardAmount>50000</AwardAmount>
    <AwardInstrument>
      <Value>Standard Grant</Value>
    </AwardInstrument>
    <Organization>
      <Code>03040300</Code>
      <Directorate>
        <LongName>Direct For Mathematical &amp; Physical Scien</LongName>
      </Directorate>
      <Division>
        <LongName>Division Of Mathematical Sciences</LongName>
      </Division>
    </Organization>
    <ProgramOfficer>
      <SignBlockName>Gary Cornell</SignBlockName>
    </ProgramOfficer>
    <AbstractNarration>Rudnick 9400163 This research is concerned with understanding the asymtotic distribution of rational points on affine varieties in accordance with predictions based on the circle of method of Hard and Littlewood. One part deals with general varieties, proposes a notion of Hardy-Littlewood variety and defines an invariant for measuring the deviation of such a variety from satisfying a precise asymptotic of Hardy-Littlewood type. Obstructions of algebro-geometric and arithmetic nature to a variety being Hardy-Littlewood are found. The other part is concerned with studying examples which are homogeneous spaces for semisimple groups, by combining results about the density of points in orbits of arithmetic groups with versions of mass formulae to obtain asymptotic results of Hardy-Littlewood type. The research is in the field of algebraic geometry, one of the oldest parts of modern mathematics, but one which blossomed to the point where it has solved problems that have stood for centuries. Originally, it treated figures defined in the plane by the simplest of equations, namely polymonials. Today, the field uses methods not only from algebra, but also from analysis and topology, and conversely it is extensively used in those fields. ***</AbstractNarration>
    <MinAmdLetterDate>08/09/1994</MinAmdLetterDate>
    <MaxAmdLetterDate>05/01/1995</MaxAmdLetterDate>
    <ARRAAmount/>
    <AwardID>9400163</AwardID>
    <Investigator>
      <FirstName>Peter</FirstName>
      <LastName>Sarnak</LastName>
      <EmailAddress>sarnak@ias.edu</EmailAddress>
      <StartDate>05/01/1995</StartDate>
      <EndDate/>
      <RoleCode>Principal Investigator</RoleCode>
    </Investigator>
    <Investigator>
      <FirstName>Zeev</FirstName>
      <LastName>Rudnick</LastName>
      <EmailAddress/>
      <StartDate>08/15/1994</StartDate>
      <EndDate>05/01/1995</EndDate>
      <RoleCode>Former Principal Investigator</RoleCode>
    </Investigator>
    <Institution>
      <Name>Princeton University</Name>
      <CityName>Princeton</CityName>
      <ZipCode>085442020</ZipCode>
      <PhoneNumber>6092583090</PhoneNumber>
      <StreetAddress>Off. of Research &amp; Proj. Admin.</StreetAddress>
      <CountryName>United States</CountryName>
      <StateName>New Jersey</StateName>
      <StateCode>NJ</StateCode>
    </Institution>
    <FoaInformation>
      <Code>0000099</Code>
      <Name>Other Applications NEC</Name>
    </FoaInformation>
    <FoaInformation>
      <Code>21</Code>
      <Name>Mathematics</Name>
    </FoaInformation>
  </Award>
</rootTag>
