<?xml version="1.0" encoding="UTF-8"?>

<rootTag>
  <Award>
    <AwardTitle>Mathematical Sciences: Investigation of the Structure of C*-Algebras</AwardTitle>
    <AwardEffectiveDate>06/15/1994</AwardEffectiveDate>
    <AwardExpirationDate>05/31/1998</AwardExpirationDate>
    <AwardAmount>76739</AwardAmount>
    <AwardInstrument>
      <Value>Continuing grant</Value>
    </AwardInstrument>
    <Organization>
      <Code>03040200</Code>
      <Directorate>
        <LongName>Direct For Mathematical &amp; Physical Scien</LongName>
      </Directorate>
      <Division>
        <LongName>Division Of Mathematical Sciences</LongName>
      </Division>
    </Organization>
    <ProgramOfficer>
      <SignBlockName>Joe W. Jenkins</SignBlockName>
    </ProgramOfficer>
    <AbstractNarration>9400904 Phillips The project will involve four lines of research. (1) A continuing investigation of the notion of exponential rank in C*- algebras. In particular, an attempt will be made to obtain a better understanding of the exponential rank of homogeneous C*- algebras and stable C*-algebras. (2) Investigation of related work involving multiplicative commutators. (3) Continuation of work on the K-theory of smooth crossed products. (4) A study of spectra of elements of the reduced C*-algebras of free groups. Operators are infinite dimensional generalizations of matrices. There is a natural multiplication and addition of operators and, consequently, some collections of operators can be considered as mathematical structures called operator algebras. There is an involution on operators much like the transposition involution on matrices. An operator algebra that is closed under the action of this involution is called a star algebra. A C*- algebra is a star operator algebra that has additional topological properties. In many commutative algebras, elements that have multiplicative inverses have logarithms or, equivalently, can be written as an exponential. This is not the case in non-commutative C*-algebras. A portion of this project is aimed at determining the number of exponential factors required to write invertible elements as products of exponential. ***</AbstractNarration>
    <MinAmdLetterDate>05/31/1994</MinAmdLetterDate>
    <MaxAmdLetterDate>06/21/1996</MaxAmdLetterDate>
    <ARRAAmount/>
    <AwardID>9400904</AwardID>
    <Investigator>
      <FirstName>N. Christopher</FirstName>
      <LastName>Phillips</LastName>
      <EmailAddress>ncp@uoregon.edu</EmailAddress>
      <StartDate>06/15/1994</StartDate>
      <EndDate/>
      <RoleCode>Principal Investigator</RoleCode>
    </Investigator>
    <Institution>
      <Name>University of Oregon Eugene</Name>
      <CityName>Eugene</CityName>
      <ZipCode>974035219</ZipCode>
      <PhoneNumber>5413465131</PhoneNumber>
      <StreetAddress>5219 UNIVERSITY OF OREGON</StreetAddress>
      <CountryName>United States</CountryName>
      <StateName>Oregon</StateName>
      <StateCode>OR</StateCode>
    </Institution>
    <FoaInformation>
      <Code>0000099</Code>
      <Name>Other Applications NEC</Name>
    </FoaInformation>
    <FoaInformation>
      <Code>21</Code>
      <Name>Mathematics</Name>
    </FoaInformation>
    <ProgramElement>
      <Code>1262</Code>
      <Text>MODERN ANALYSIS</Text>
    </ProgramElement>
    <ProgramElement>
      <Code>1281</Code>
      <Text>ANALYSIS PROGRAM</Text>
    </ProgramElement>
    <ProgramReference>
      <Code>0000</Code>
      <Text>UNASSIGNED</Text>
    </ProgramReference>
    <ProgramReference>
      <Code>OTHR</Code>
      <Text>OTHER RESEARCH OR EDUCATION</Text>
    </ProgramReference>
  </Award>
</rootTag>
