<?xml version="1.0" encoding="UTF-8"?>

<rootTag>
  <Award>
    <AwardTitle>Theoretical Diagnostics Using NCAR Thermospheric Model</AwardTitle>
    <AwardEffectiveDate>06/01/1994</AwardEffectiveDate>
    <AwardExpirationDate>05/31/1997</AwardExpirationDate>
    <AwardAmount>249443</AwardAmount>
    <AwardInstrument>
      <Value>Continuing grant</Value>
    </AwardInstrument>
    <Organization>
      <Code>06020201</Code>
      <Directorate>
        <LongName>Directorate For Geosciences</LongName>
      </Directorate>
      <Division>
        <LongName>Div Atmospheric &amp; Geospace Sciences</LongName>
      </Division>
    </Organization>
    <ProgramOfficer>
      <SignBlockName>Sunanda Basu</SignBlockName>
    </ProgramOfficer>
    <AbstractNarration>9400877 Killeen The objective of this research is to continue and extend a series of theoretical studies of the Earth's upper atmosphere, involving applying various post processor computer programs to study the physically significant processes that cause change in the various fields calculated by the model. The focus of this work will be on two areas: (1) existing post processors will be maintained and modified to match the continuing development of the Thermosphere/Ionosphere Electrodynamic General Circulation Model to provide improved diagnostics of thermospheric processes and aid in CEDAR experimental investigations; and (2) a series of scientific studies are proposed: a thermodynamic term analysis of wave modes, a study of momentum dissipation's role on particle transport, causes of the distribution of minor species, ion-neutral and neutral-ion coupling, and so forth. Finally, this project will be collaborative with the National Center for Atmospheric Research. ***</AbstractNarration>
    <MinAmdLetterDate>05/23/1994</MinAmdLetterDate>
    <MaxAmdLetterDate>05/28/1996</MaxAmdLetterDate>
    <ARRAAmount/>
    <AwardID>9400877</AwardID>
    <Investigator>
      <FirstName>Alan</FirstName>
      <LastName>Burns</LastName>
      <EmailAddress>aburns@ucar.edu</EmailAddress>
      <StartDate>06/01/1994</StartDate>
      <EndDate/>
      <RoleCode>Co-Principal Investigator</RoleCode>
    </Investigator>
    <Investigator>
      <FirstName>Timothy</FirstName>
      <LastName>Killeen</LastName>
      <EmailAddress>tkreports@ucar.edu</EmailAddress>
      <StartDate>06/01/1994</StartDate>
      <EndDate/>
      <RoleCode>Principal Investigator</RoleCode>
    </Investigator>
    <Institution>
      <Name>University of Michigan Ann Arbor</Name>
      <CityName>Ann Arbor</CityName>
      <ZipCode>481091274</ZipCode>
      <PhoneNumber>7347636438</PhoneNumber>
      <StreetAddress>3003 South State St. Room 1062</StreetAddress>
      <CountryName>United States</CountryName>
      <StateName>Michigan</StateName>
      <StateCode>MI</StateCode>
    </Institution>
    <FoaInformation>
      <Code>41</Code>
      <Name>Atmospheric Sciences</Name>
    </FoaInformation>
  </Award>
</rootTag>
