<?xml version="1.0" encoding="UTF-8"?>

<rootTag>
  <Award>
    <AwardTitle>Materials Research Science and Engineering Center</AwardTitle>
    <AwardEffectiveDate>09/01/1994</AwardEffectiveDate>
    <AwardExpirationDate>08/31/2001</AwardExpirationDate>
    <AwardAmount>11680000</AwardAmount>
    <AwardInstrument>
      <Value>Cooperative Agreement</Value>
    </AwardInstrument>
    <Organization>
      <Code>03070001</Code>
      <Directorate>
        <LongName>Direct For Mathematical &amp; Physical Scien</LongName>
      </Directorate>
      <Division>
        <LongName>Division Of Materials Research</LongName>
      </Division>
    </Organization>
    <ProgramOfficer>
      <SignBlockName>Carmen I. Huber</SignBlockName>
    </ProgramOfficer>
    <AbstractNarration>9400372 Beasley The Materials Research Science and Engineering Center (MRSEC) known as the Center for Materials Research (CMR) at Stanford University supports research over a wide area of materials science, with a strong emphasis on providing support through shared facilities for the materials community at and around Stanford University, including industry. The research program is organized in three interdisciplinary research groups. Investigators in the group concerned with superconducting materials seek a broad understanding of the behavior of transition metal oxides, including high temperature superconductors. Researchers aim to extend the selection of such materials for possible electronic application and explore possible new device concepts. The group investigating structure and reactivity of oxide surfaces focuses on materials relevant for heterogeneous catalysis and environmental geochemistry. The magnetics group investigates materials problems related to the use of magnetic thin films in the data storage industry. Its initial goal is to understand the three related phenomena of giant magnetoresistance, magnetic anisotropy in thin films, and optical Kerr rotation in magnetic thin films. The center supports the development, operation and maintenance of shared experimental facilities for materials research. It provides seed funding for exploratory research and fosters research participation by undergraduates. This MRSEC is associated with an educational outreach program with emphasis on attracting and retaining women and underrepresented minorities in materials science and has initiated a summer science outreach program to predominantly minority high school students. The center administers an industrial outreach program. It currently supports about 20 faculty, 5 postdoctoral research associates, 4 technical staff member, 24 graduate students, and 10 undergraduates. This MRSEC is directed by Professor Malcolm R. Beasley. ***</AbstractNarration>
    <MinAmdLetterDate>09/28/1994</MinAmdLetterDate>
    <MaxAmdLetterDate>05/23/2001</MaxAmdLetterDate>
    <ARRAAmount/>
    <AwardID>9400372</AwardID>
    <Investigator>
      <FirstName>Malcolm</FirstName>
      <LastName>Beasley</LastName>
      <EmailAddress>beasley@stanford.edu</EmailAddress>
      <StartDate>08/21/2000</StartDate>
      <EndDate>05/23/2001</EndDate>
      <RoleCode>Former Principal Investigator</RoleCode>
    </Investigator>
    <Investigator>
      <FirstName>Aharon</FirstName>
      <LastName>Kapitulnik</LastName>
      <EmailAddress>aharonk@stanford.edu</EmailAddress>
      <StartDate>05/23/2001</StartDate>
      <EndDate/>
      <RoleCode>Principal Investigator</RoleCode>
    </Investigator>
    <Investigator>
      <FirstName>John</FirstName>
      <LastName>Bravman</LastName>
      <EmailAddress>bravman@stanford.edu</EmailAddress>
      <StartDate>08/18/1999</StartDate>
      <EndDate>08/18/1999</EndDate>
      <RoleCode>Former Principal Investigator</RoleCode>
    </Investigator>
    <Institution>
      <Name>Stanford University</Name>
      <CityName>Palo Alto</CityName>
      <ZipCode>943041212</ZipCode>
      <PhoneNumber>6507232300</PhoneNumber>
      <StreetAddress>3160 Porter Drive</StreetAddress>
      <CountryName>United States</CountryName>
      <StateName>California</StateName>
      <StateCode>CA</StateCode>
    </Institution>
    <FoaInformation>
      <Code>0106000</Code>
      <Name>Materials Research</Name>
    </FoaInformation>
    <FoaInformation>
      <Code>18</Code>
      <Name>Materials NEC</Name>
    </FoaInformation>
    <ProgramElement>
      <Code>1546</Code>
      <Text>SUMMER SCIENCE CAMPS</Text>
    </ProgramElement>
    <ProgramElement>
      <Code>1735</Code>
      <Text>MATERIALS RSCH SCI &amp; ENG CENT</Text>
    </ProgramElement>
    <ProgramElement>
      <Code>7100</Code>
      <Text>YOUNG SCHOLARS PROGRAM</Text>
    </ProgramElement>
    <ProgramElement>
      <Code>7300</Code>
      <Text>TEACHER ENHANCEMENT PROGRAM</Text>
    </ProgramElement>
    <ProgramReference>
      <Code>1039</Code>
      <Text>RENEWAL ENGINEERING</Text>
    </ProgramReference>
    <ProgramReference>
      <Code>9146</Code>
      <Text>MANUFACTURING BASE RESEARCH</Text>
    </ProgramReference>
    <ProgramReference>
      <Code>9161</Code>
      <Text>SINGLE DIVISION/UNIVERSITY</Text>
    </ProgramReference>
    <ProgramReference>
      <Code>9163</Code>
      <Text>SINGLE DIVISION/UNIVERSITY - INDUSTRY</Text>
    </ProgramReference>
    <ProgramReference>
      <Code>9164</Code>
      <Text>SINGLE DIVISION/UNIVERSITY - GOVT LAB</Text>
    </ProgramReference>
    <ProgramReference>
      <Code>9177</Code>
      <Text>ELEMENTARY/SECONDARY EDUCATION</Text>
    </ProgramReference>
    <ProgramReference>
      <Code>9178</Code>
      <Text>UNDERGRADUATE EDUCATION</Text>
    </ProgramReference>
    <ProgramReference>
      <Code>9197</Code>
      <Text>ENVIRONMENTAL TECHNOLOGY</Text>
    </ProgramReference>
    <ProgramReference>
      <Code>9251</Code>
      <Text>RES EXPER FOR UNDERGRAD-SUPPLT</Text>
    </ProgramReference>
    <ProgramReference>
      <Code>AMPP</Code>
      <Text>ADVANCED MATERIALS &amp; PROCESSING PROGRAM</Text>
    </ProgramReference>
    <ProgramReference>
      <Code>CVIS</Code>
      <Text>CIVIL INFRASTRUCTURE</Text>
    </ProgramReference>
    <ProgramReference>
      <Code>EGCH</Code>
      <Text>ENVIRONMENT AND GLOBAL CHANGE</Text>
    </ProgramReference>
    <ProgramReference>
      <Code>MANU</Code>
      <Text>MANUFACTURING</Text>
    </ProgramReference>
    <ProgramReference>
      <Code>SMET</Code>
      <Text>SCIENCE, MATH, ENG &amp; TECH EDUCATION</Text>
    </ProgramReference>
  </Award>
</rootTag>
