<?xml version="1.0" encoding="UTF-8"?>

<rootTag>
  <Award>
    <AwardTitle>Mathematical Sciences: Differential Equations, Probability and Application</AwardTitle>
    <AwardEffectiveDate>11/01/1994</AwardEffectiveDate>
    <AwardExpirationDate>10/31/1998</AwardExpirationDate>
    <AwardAmount>550000</AwardAmount>
    <AwardInstrument>
      <Value>Continuing grant</Value>
    </AwardInstrument>
    <Organization>
      <Code>03040200</Code>
      <Directorate>
        <LongName>Direct For Mathematical &amp; Physical Scien</LongName>
      </Directorate>
      <Division>
        <LongName>Division Of Mathematical Sciences</LongName>
      </Division>
    </Organization>
    <ProgramOfficer>
      <SignBlockName>Joe W. Jenkins</SignBlockName>
    </ProgramOfficer>
    <AbstractNarration>9400912 Nirenberg This award supports mathematical research on problems arising in the field of nonlinear partial differential equations. They include second order elliptic equations in general domains in Euclidean n-dimensional space as well as on manifolds. Regularity conditions will not be assumed and the differential operators are not necessarily self-adjoint. Other work will focus on free boundary problems, in particular singular limits for nonlinear problems and Liouville-type theorems for application to nonlinear boundary value problems. A second line of investigation involves statistical mechanics for wave equations. Specifically, statistical/mechanical probabilistic methods will be employed to study classical and non-classical nonlinear waves. A new (integrable) shallow water equation which has interesting connections with geodesic flow on creased manifolds of otherwise constant curvature. Partial differential equations form a basis for mathematical modeling of the physical world. The role of mathematical analysis is not so much to create the equations as it is to provide qualitative and quantitative information about the solutions. This may include answers to questions about uniqueness, smoothness and growth. In addition, analysis often develops methods for approximation of solutions and estimates on the accuracy of these approximations. ***</AbstractNarration>
    <MinAmdLetterDate>10/13/1994</MinAmdLetterDate>
    <MaxAmdLetterDate>09/01/1998</MaxAmdLetterDate>
    <ARRAAmount/>
    <AwardID>9400912</AwardID>
    <Investigator>
      <FirstName>Henry</FirstName>
      <LastName>McKean</LastName>
      <EmailAddress>mckean@cims.nyu.edu</EmailAddress>
      <StartDate>10/13/1994</StartDate>
      <EndDate/>
      <RoleCode>Co-Principal Investigator</RoleCode>
    </Investigator>
    <Investigator>
      <FirstName>Louis</FirstName>
      <LastName>Nirenberg</LastName>
      <EmailAddress>nirenbrg@acf4.nyu.edu</EmailAddress>
      <StartDate>10/13/1994</StartDate>
      <EndDate/>
      <RoleCode>Principal Investigator</RoleCode>
    </Investigator>
    <Institution>
      <Name>New York University</Name>
      <CityName>NEW YORK</CityName>
      <ZipCode>100121019</ZipCode>
      <PhoneNumber>2129982121</PhoneNumber>
      <StreetAddress>70 WASHINGTON SQUARE S</StreetAddress>
      <CountryName>United States</CountryName>
      <StateName>New York</StateName>
      <StateCode>NY</StateCode>
    </Institution>
    <FoaInformation>
      <Code>0000099</Code>
      <Name>Other Applications NEC</Name>
    </FoaInformation>
    <FoaInformation>
      <Code>21</Code>
      <Name>Mathematics</Name>
    </FoaInformation>
    <ProgramElement>
      <Code>1281</Code>
      <Text>ANALYSIS PROGRAM</Text>
    </ProgramElement>
    <ProgramReference>
      <Code>0000</Code>
      <Text>UNASSIGNED</Text>
    </ProgramReference>
    <ProgramReference>
      <Code>OTHR</Code>
      <Text>OTHER RESEARCH OR EDUCATION</Text>
    </ProgramReference>
  </Award>
</rootTag>
