<?xml version="1.0" encoding="UTF-8"?>

<rootTag>
  <Award>
    <AwardTitle>U.S.-Belgium Workshop: Future Directions in Affine Differential Geometry; Leuven and Brussels, Belgium, July 10-12, 1994.</AwardTitle>
    <AwardEffectiveDate>06/15/1994</AwardEffectiveDate>
    <AwardExpirationDate>05/31/1995</AwardExpirationDate>
    <AwardAmount>10340</AwardAmount>
    <AwardInstrument>
      <Value>Standard Grant</Value>
    </AwardInstrument>
    <Organization>
      <Code>01090000</Code>
      <Directorate>
        <LongName>Office Of The Director</LongName>
      </Directorate>
      <Division>
        <LongName>Office Of Internatl Science &amp;Engineering</LongName>
      </Division>
    </Organization>
    <ProgramOfficer>
      <SignBlockName>Rose Gombay</SignBlockName>
    </ProgramOfficer>
    <AbstractNarration>9400214 Magid This award supports a U.S.-Belgium workshop on future directions in affine differential geometry to take place in Leuven and Brussels, Belgium, July 10-12, 1994. The organizers are Martin Magid of Wellesley College and Leopold Verstraelen of Catholic University in Leuven, Belgium. Specialists from Germany, Netherlands, Spain and Russia will participate. The purpose of the workshop is to review new directions in affine differential geometry and identify future research collaborations. The Europeans have done most of the recent work in this field. Through this workshop, this small group of U.S. researchers will expand their contacts and coordinate their efforts with the European group. Affine differential geometry is the study of invariants of submanifolds under the group of affine motions. The subject has been studied for a long time; however, there has been resurgence of interest in recent years. Recent discoveries now link affine differential geometry to fundamental problems in computer vision and image processing. The proposed workshop examines these new directions and is expected to stimulate new areas for research. ***</AbstractNarration>
    <MinAmdLetterDate>06/17/1994</MinAmdLetterDate>
    <MaxAmdLetterDate>06/17/1994</MaxAmdLetterDate>
    <ARRAAmount/>
    <AwardID>9400214</AwardID>
    <Investigator>
      <FirstName>Martin</FirstName>
      <LastName>Magid</LastName>
      <EmailAddress>MMagid@Wellesley.edu</EmailAddress>
      <StartDate>06/15/1994</StartDate>
      <EndDate/>
      <RoleCode>Principal Investigator</RoleCode>
    </Investigator>
    <Institution>
      <Name>Wellesley College</Name>
      <CityName>Wellesley</CityName>
      <ZipCode>024818204</ZipCode>
      <PhoneNumber>7812832079</PhoneNumber>
      <StreetAddress>106 Central Street</StreetAddress>
      <CountryName>United States</CountryName>
      <StateName>Massachusetts</StateName>
      <StateCode>MA</StateCode>
    </Institution>
    <FoaInformation>
      <Code>0104000</Code>
      <Name>Information Systems</Name>
    </FoaInformation>
    <FoaInformation>
      <Code>21</Code>
      <Name>Mathematics</Name>
    </FoaInformation>
    <ProgramElement>
      <Code>5980</Code>
      <Text>WESTERN EUROPE PROGRAM</Text>
    </ProgramElement>
    <ProgramReference>
      <Code>5947</Code>
      <Text>BELGIUM</Text>
    </ProgramReference>
    <ProgramReference>
      <Code>9218</Code>
      <Text>BASIC RESEARCH &amp; HUMAN RESORCS</Text>
    </ProgramReference>
    <ProgramReference>
      <Code>HPCC</Code>
      <Text>HIGH PERFORMANCE COMPUTING &amp; COMM</Text>
    </ProgramReference>
  </Award>
</rootTag>
