<?xml version="1.0" encoding="UTF-8"?>

<rootTag>
  <Award>
    <AwardTitle>Conference on Nondestructive Evaluation of Constructed Facilities</AwardTitle>
    <AwardEffectiveDate>04/15/1995</AwardEffectiveDate>
    <AwardExpirationDate>03/31/1997</AwardExpirationDate>
    <AwardAmount>44541</AwardAmount>
    <AwardInstrument>
      <Value>Standard Grant</Value>
    </AwardInstrument>
    <Organization>
      <Code>07030000</Code>
      <Directorate>
        <LongName>Directorate For Engineering</LongName>
      </Directorate>
      <Division>
        <LongName>Div Of Civil, Mechanical, &amp; Manufact Inn</LongName>
      </Division>
    </Organization>
    <ProgramOfficer>
      <SignBlockName>John Scalzi</SignBlockName>
    </ProgramOfficer>
    <AbstractNarration>9400589 Atkinson A 3 -day conference will address the application of nondestructive evaluation (NDE) methods and equipment to constructed facilities. The several purposes are to permit state- of-the-art assessment of NDE standards, to enable the civil/structural community to be aware of the capabilities of present methods, to establish communication between NDE specialist and users, and to identify future needs and potential of NDE. The conference format will consist of 2 days of presentation followed by 1 day of working group sessions devoted to discussion and development of standards for NDE applied to civil structures. Documentation will consist of a proceedings, working group reports, and a final report. ***</AbstractNarration>
    <MinAmdLetterDate>03/31/1995</MinAmdLetterDate>
    <MaxAmdLetterDate>09/20/1995</MaxAmdLetterDate>
    <ARRAAmount/>
    <AwardID>9400589</AwardID>
    <Investigator>
      <FirstName>Bruce</FirstName>
      <LastName>Suprenant</LastName>
      <EmailAddress/>
      <StartDate>09/20/1995</StartDate>
      <EndDate/>
      <RoleCode>Co-Principal Investigator</RoleCode>
    </Investigator>
    <Investigator>
      <FirstName>Richard</FirstName>
      <LastName>Atkinson</LastName>
      <EmailAddress/>
      <StartDate>03/31/1995</StartDate>
      <EndDate>09/20/1995</EndDate>
      <RoleCode>Former Principal Investigator</RoleCode>
    </Investigator>
    <Investigator>
      <FirstName>Michael</FirstName>
      <LastName>Schuller</LastName>
      <EmailAddress/>
      <StartDate>09/20/1995</StartDate>
      <EndDate/>
      <RoleCode>Principal Investigator</RoleCode>
    </Investigator>
    <Institution>
      <Name>Atkinson-Noland and Associates Inc</Name>
      <CityName>BOULDER</CityName>
      <ZipCode>803023808</ZipCode>
      <PhoneNumber>3034443620</PhoneNumber>
      <StreetAddress>2619 SPRUCE ST</StreetAddress>
      <CountryName>United States</CountryName>
      <StateName>Colorado</StateName>
      <StateCode>CO</StateCode>
    </Institution>
  </Award>
</rootTag>
