<?xml version="1.0" encoding="UTF-8"?>

<rootTag>
  <Award>
    <AwardTitle>Mathematical Sciences: Linear Series on Algebraic Varieties</AwardTitle>
    <AwardEffectiveDate>07/01/1994</AwardEffectiveDate>
    <AwardExpirationDate>06/30/1998</AwardExpirationDate>
    <AwardAmount>192660</AwardAmount>
    <AwardInstrument>
      <Value>Continuing grant</Value>
    </AwardInstrument>
    <Organization>
      <Code>03040300</Code>
      <Directorate>
        <LongName>Direct For Mathematical &amp; Physical Scien</LongName>
      </Directorate>
      <Division>
        <LongName>Division Of Mathematical Sciences</LongName>
      </Division>
    </Organization>
    <ProgramOfficer>
      <SignBlockName>Gary Cornell</SignBlockName>
    </ProgramOfficer>
    <AbstractNarration>Lazarsfeld Professor Lazarsfeld will investigate geometric and algebraic properties of linear series on higher dimensional varieties. In particular he hopes to prove the higher dimensional analogue of Fujita's conjecture. He also hopes to work on syzygies of smooth surfaces and Sheshadri constants on higher dimensional varieties. This is research in the field of algebraic geometry. Algebraic geometry is one of the oldest parts of modern mathematics, but one which has had a revolutionary flowering in the past quarter- century. In its origin, it treated figures that could be defined in the plane by the simplest equations, namely polynomials. Nowadays the field makes use of methods not only from algebra, but from analysis and topology, and conversely is finding application in those fields as well as in physics, theoretical computer science, and robotics. ***</AbstractNarration>
    <MinAmdLetterDate>04/19/1994</MinAmdLetterDate>
    <MaxAmdLetterDate>03/22/1996</MaxAmdLetterDate>
    <ARRAAmount/>
    <AwardID>9400815</AwardID>
    <Investigator>
      <FirstName>Robert</FirstName>
      <LastName>Lazarsfeld</LastName>
      <EmailAddress>robert.lazarsfeld@stonybrook.edu</EmailAddress>
      <StartDate>07/01/1994</StartDate>
      <EndDate/>
      <RoleCode>Principal Investigator</RoleCode>
    </Investigator>
    <Institution>
      <Name>University of California-Los Angeles</Name>
      <CityName>LOS ANGELES</CityName>
      <ZipCode>900951406</ZipCode>
      <PhoneNumber>3107940102</PhoneNumber>
      <StreetAddress>10889 Wilshire Boulevard</StreetAddress>
      <CountryName>United States</CountryName>
      <StateName>California</StateName>
      <StateCode>CA</StateCode>
    </Institution>
    <FoaInformation>
      <Code>0000099</Code>
      <Name>Other Applications NEC</Name>
    </FoaInformation>
    <FoaInformation>
      <Code>21</Code>
      <Name>Mathematics</Name>
    </FoaInformation>
    <ProgramElement>
      <Code>1264</Code>
      <Text>ALGEBRA,NUMBER THEORY,AND COM</Text>
    </ProgramElement>
    <ProgramReference>
      <Code>0000</Code>
      <Text>UNASSIGNED</Text>
    </ProgramReference>
    <ProgramReference>
      <Code>OTHR</Code>
      <Text>OTHER RESEARCH OR EDUCATION</Text>
    </ProgramReference>
  </Award>
</rootTag>
