<?xml version="1.0" encoding="UTF-8"?>

<rootTag>
  <Award>
    <AwardTitle>Microlayer Polymer Composites</AwardTitle>
    <AwardEffectiveDate>07/01/1994</AwardEffectiveDate>
    <AwardExpirationDate>06/30/1998</AwardExpirationDate>
    <AwardAmount>285000</AwardAmount>
    <AwardInstrument>
      <Value>Continuing grant</Value>
    </AwardInstrument>
    <Organization>
      <Code>03070007</Code>
      <Directorate>
        <LongName>Direct For Mathematical &amp; Physical Scien</LongName>
      </Directorate>
      <Division>
        <LongName>Division Of Materials Research</LongName>
      </Division>
    </Organization>
    <ProgramOfficer>
      <SignBlockName>Andrew J. Lovinger</SignBlockName>
    </ProgramOfficer>
    <AbstractNarration>9400475 Baer The research consists of creating engineered microstructures of incompatible polymers with up to 8,000 alternating layers of two polymers. The unique advantages that can be achieved with these microlayered and nanolayered composites will be studied. A fundamental study of the interactive microdeformation processes that lead to enhanced mechanical properties in microlayers of thermoplastic polymers will be carried out. The basic physics of crystallization with simultaneous interdiffusion will be investigated with microlayers of two miscible polymers. Controlled interfacial reaction in microlayers will be studied to model interfacial effects of reactive compatibilization. New microlayer and nanolayer composites will be made to explore the feasibility of creating film and sheet materials with multiple functions, including unusual mechanical, optical, and electronic properties. %%% This research on layer-multiplying devices that permit continuous melt processing of two polymers into sheet or film with hundreds or thousands of alternating layers will create new opportunities for coextrusion technology. The unique microlayered and nanolayered structures are used to study fundamental problems in polymer science, and to create new materials with unusual, coupled properties.</AbstractNarration>
    <MinAmdLetterDate>06/10/1994</MinAmdLetterDate>
    <MaxAmdLetterDate>04/12/1996</MaxAmdLetterDate>
    <ARRAAmount/>
    <AwardID>9400475</AwardID>
    <Investigator>
      <FirstName>Anne</FirstName>
      <LastName>Hiltner</LastName>
      <EmailAddress>ahiltner@case.edu</EmailAddress>
      <StartDate>07/01/1994</StartDate>
      <EndDate/>
      <RoleCode>Co-Principal Investigator</RoleCode>
    </Investigator>
    <Investigator>
      <FirstName>Eric</FirstName>
      <LastName>Baer</LastName>
      <EmailAddress>exb6@po.cwru.edu</EmailAddress>
      <StartDate>07/01/1994</StartDate>
      <EndDate/>
      <RoleCode>Principal Investigator</RoleCode>
    </Investigator>
    <Institution>
      <Name>Case Western Reserve University</Name>
      <CityName>CLEVELAND</CityName>
      <ZipCode>441064901</ZipCode>
      <PhoneNumber>2163684510</PhoneNumber>
      <StreetAddress>Nord Hall, Suite 615</StreetAddress>
      <CountryName>United States</CountryName>
      <StateName>Ohio</StateName>
      <StateCode>OH</StateCode>
    </Institution>
    <FoaInformation>
      <Code>16</Code>
      <Name>Solid State Chem and Polymers</Name>
    </FoaInformation>
    <FoaInformation>
      <Code>0106000</Code>
      <Name>Materials Research</Name>
    </FoaInformation>
  </Award>
</rootTag>
