<?xml version="1.0" encoding="UTF-8"?>

<rootTag>
  <Award>
    <AwardTitle>Nd, Sr and Pb Isotope, Major Cation, and Rare Earth Element Geochemistry of the Arctic Ocean</AwardTitle>
    <AwardEffectiveDate>05/15/1994</AwardEffectiveDate>
    <AwardExpirationDate>04/30/1997</AwardExpirationDate>
    <AwardAmount>301815</AwardAmount>
    <AwardInstrument>
      <Value>Continuing grant</Value>
    </AwardInstrument>
    <Organization>
      <Code>06090100</Code>
      <Directorate>
        <LongName>Directorate For Geosciences</LongName>
      </Directorate>
      <Division>
        <LongName>Division Of Polar Programs</LongName>
      </Division>
    </Organization>
    <ProgramOfficer>
      <SignBlockName>Michael T. Ledbetter</SignBlockName>
    </ProgramOfficer>
    <AbstractNarration>9400254 Clark Research supported by this grant is under the auspices of the Arctic Systems Science (ARCSS) Global Change Research Program and is jointly sponsored by the Division of Ocean Sciences and the Office of Polar Programs. The research will be centered around a unique and intensive, multidisciplinary research expedition to parts of the Arctic Ocean that have never been extensively studied. The 1994 U.S./Canada Arctic Ocean Section is a collaborative effort with Canada that will involve approximately 60 scientists on a Canadian and a U.S. icebreaker during summer 1994. NSF-funded projects will focus on hydrography, biology, paleo-, and sea-ice studies. Data collected will be amongst the first ever from several regions of the Arctic Ocean and will be highly relevant to improving our understanding of how the Arctic is an indicator of changing global climate conditions and how it affects the physical, chemical, and biological features of the more temperate oceans and regions. This specific research effort involves the study of rare-earth element (REE) and Nd isotope systematics in order to gain insights on the interplay of ocean chemistry, biology, and physics. REE, and Nd isotope measurements will be obtained from sediment and water samples collected during the cruise and will be used to determine the origin of different water masses comprising the Arctic Ocean. Information will also be derived on the origin and maintenance of the seawater stratification, mixing processes, circulation, and biogeochemical processes. In addition, these data will allow the Arctic Ocean to be placed in context with other existing REE and Nd isotope data from the sub-Arctic oceans and to be integrated into existing global, inter-oceanic circulation models. Analysis of ice-borne and seabed sediments for Pb, REE, and Nd-Pb-Sr isotopes will allow integration of Late Cenozoic Arctic Ocean sediment geochemistry to the current understanding of sediment sources and dispersal in the Arctic Ocean. ***</AbstractNarration>
    <MinAmdLetterDate>05/09/1994</MinAmdLetterDate>
    <MaxAmdLetterDate>07/09/1996</MaxAmdLetterDate>
    <ARRAAmount/>
    <AwardID>9400254</AwardID>
    <Investigator>
      <FirstName>David</FirstName>
      <LastName>Clark</LastName>
      <EmailAddress>dlc@geology.wisc.edu</EmailAddress>
      <StartDate>05/15/1994</StartDate>
      <EndDate/>
      <RoleCode>Principal Investigator</RoleCode>
    </Investigator>
    <Investigator>
      <FirstName>Karin</FirstName>
      <LastName>Barovich</LastName>
      <EmailAddress/>
      <StartDate>05/15/1994</StartDate>
      <EndDate/>
      <RoleCode>Co-Principal Investigator</RoleCode>
    </Investigator>
    <Investigator>
      <FirstName>B</FirstName>
      <LastName>Winter</LastName>
      <EmailAddress/>
      <StartDate>05/15/1994</StartDate>
      <EndDate/>
      <RoleCode>Co-Principal Investigator</RoleCode>
    </Investigator>
    <Institution>
      <Name>University of Wisconsin-Madison</Name>
      <CityName>MADISON</CityName>
      <ZipCode>537151218</ZipCode>
      <PhoneNumber>6082623822</PhoneNumber>
      <StreetAddress>21 North Park Street</StreetAddress>
      <CountryName>United States</CountryName>
      <StateName>Wisconsin</StateName>
      <StateCode>WI</StateCode>
    </Institution>
    <FoaInformation>
      <Code>49</Code>
      <Name>Environmental NEC</Name>
    </FoaInformation>
  </Award>
</rootTag>
