<?xml version="1.0" encoding="UTF-8"?>

<rootTag>
  <Award>
    <AwardTitle>Structure-Property-Composition Relationships in Trialuminide Alloys</AwardTitle>
    <AwardEffectiveDate>08/01/1994</AwardEffectiveDate>
    <AwardExpirationDate>01/31/1998</AwardExpirationDate>
    <AwardAmount>357633</AwardAmount>
    <AwardInstrument>
      <Value>Continuing grant</Value>
    </AwardInstrument>
    <Organization>
      <Code>03070004</Code>
      <Directorate>
        <LongName>Direct For Mathematical &amp; Physical Scien</LongName>
      </Directorate>
      <Division>
        <LongName>Division Of Materials Research</LongName>
      </Division>
    </Organization>
    <ProgramOfficer>
      <SignBlockName>Bruce A. MacDonald</SignBlockName>
    </ProgramOfficer>
    <AbstractNarration>9400507 Mikkola This research is aimed at understanding the mechanical properties of cubic forms of trialuminides. The work focuses on various cubic aluminum-titanium-chromium and aluminum-titanium-manganese alloys, though it is expected that the results will be important to the understanding of other alloys having the cubic L12 structure. These chromium and manganese ternary alloys have many desirable properties, but are unusual in that, while they are relatively soft and have little tensile ductility, failing by transgranular fracture. Similar behavior can be found among some other potentially useful intermetallics. The primary thrust of the research is to improve these alloys through additional alloying, based in large part on studies of the micromechanisms of plastic deformation by high resolution transmission electron microscopy. In this approach weak-beam imaging is combined with computer simulation of images and related to the mechanical behavior of the alloys as a function of temperature and composition. It is the intent of this research to define this behavior in the cubic trialiminides, thereby sorting out the wide variety of conflicting ideas and interpretations found in the literature. Specific details of interest include the nature of the superdislocation configurations and dissociation mechanisms and how these change with temperature and composition; and, further, how these changes determine the mechanical properties, including ductility, work hardening rates, and the occurrence of serrated stress-strain behavior. %%% It is expected that this research will lead to improvement of the properties and engineering potential of the cubic trialuminides. Effective modeling of the deformation behavior should contribute in a meaningful way to the future of intelligent alloy design. ***</AbstractNarration>
    <MinAmdLetterDate>07/26/1994</MinAmdLetterDate>
    <MaxAmdLetterDate>04/18/1996</MaxAmdLetterDate>
    <ARRAAmount/>
    <AwardID>9400507</AwardID>
    <Investigator>
      <FirstName>Donald</FirstName>
      <LastName>Mikkola</LastName>
      <EmailAddress>demikkol@mtu.edu</EmailAddress>
      <StartDate>08/01/1994</StartDate>
      <EndDate/>
      <RoleCode>Principal Investigator</RoleCode>
    </Investigator>
    <Investigator>
      <FirstName>Walter</FirstName>
      <LastName>Milligan</LastName>
      <EmailAddress>milligan@mtu.edu</EmailAddress>
      <StartDate>08/01/1994</StartDate>
      <EndDate/>
      <RoleCode>Co-Principal Investigator</RoleCode>
    </Investigator>
    <Institution>
      <Name>Michigan Technological University</Name>
      <CityName>Houghton</CityName>
      <ZipCode>499311295</ZipCode>
      <PhoneNumber>9064871885</PhoneNumber>
      <StreetAddress>1400 Townsend Drive</StreetAddress>
      <CountryName>United States</CountryName>
      <StateName>Michigan</StateName>
      <StateCode>MI</StateCode>
    </Institution>
    <FoaInformation>
      <Code>15</Code>
      <Name>Metals, Ceramics &amp; Electronic Materials</Name>
    </FoaInformation>
  </Award>
</rootTag>
