<?xml version="1.0" encoding="UTF-8"?>

<rootTag>
  <Award>
    <AwardTitle>Integration of Materials Design and Manufacturing via Free Form Fabrication Processes</AwardTitle>
    <AwardEffectiveDate>10/01/1994</AwardEffectiveDate>
    <AwardExpirationDate>09/30/1998</AwardExpirationDate>
    <AwardAmount>75000</AwardAmount>
    <AwardInstrument>
      <Value>Standard Grant</Value>
    </AwardInstrument>
    <Organization>
      <Code>07030000</Code>
      <Directorate>
        <LongName>Directorate For Engineering</LongName>
      </Directorate>
      <Division>
        <LongName>Div Of Civil, Mechanical, &amp; Manufact Inn</LongName>
      </Division>
    </Organization>
    <ProgramOfficer>
      <SignBlockName>George A. Hazelrigg</SignBlockName>
    </ProgramOfficer>
    <AbstractNarration>9400213 Ogale The goal of this research is the development of methodologies for the integration of materials design with free form manufacturing. Design will be based on the assumption that the product can be built by decomposing it into layers, and then creating each layer by a free form manufacturing technique. Knowledge of the designed material and stress and strain contours in the product will be used to plan the prototyping process. Surface contour and form error desired, as well as structural analysis results will determine the layer thickness, layout of fibers in each layer, beam diameter, traverse speed and polymerization. The design methodologies will be validated by processing parts in an automated photolithography unit. A continuous fiber dispensing device will provide automatic fiber placement and laser beam motion in the required patterns. In situ addition of fibers will provide an opportunity for the investigation of two fundamental issues, wetting of the fiber surfaces by photoresins and the hindered cure kinetics of photoresins due to the presence of reinforcing fibers. This research will provide information about the movement of liquid fronts along fiber surfaces and give insight into the "slip" phenomenon at the gas-liquid-solid interface, and it will help in developing an understanding of the cure mechanisms in multifunctional photoresins that are used in free form manufacturing techniques.</AbstractNarration>
    <MinAmdLetterDate>09/21/1994</MinAmdLetterDate>
    <MaxAmdLetterDate>09/21/1994</MaxAmdLetterDate>
    <ARRAAmount/>
    <AwardID>9400213</AwardID>
    <Investigator>
      <FirstName>Amit</FirstName>
      <LastName>Bagchi</LastName>
      <EmailAddress>amit.bagchi@nrl.navy.mil</EmailAddress>
      <StartDate>10/01/1994</StartDate>
      <EndDate/>
      <RoleCode>Co-Principal Investigator</RoleCode>
    </Investigator>
    <Investigator>
      <FirstName>Amod</FirstName>
      <LastName>Ogale</LastName>
      <EmailAddress>ogale@clemson.edu</EmailAddress>
      <StartDate>10/01/1994</StartDate>
      <EndDate/>
      <RoleCode>Principal Investigator</RoleCode>
    </Investigator>
    <Institution>
      <Name>Clemson University</Name>
      <CityName>CLEMSON</CityName>
      <ZipCode>296340001</ZipCode>
      <PhoneNumber>8646562424</PhoneNumber>
      <StreetAddress>230 Kappa Street</StreetAddress>
      <CountryName>United States</CountryName>
      <StateName>South Carolina</StateName>
      <StateCode>SC</StateCode>
    </Institution>
    <FoaInformation>
      <Code>0106000</Code>
      <Name>Materials Research</Name>
    </FoaInformation>
    <FoaInformation>
      <Code>57</Code>
      <Name>Engineering-Metallurgy &amp; Material</Name>
    </FoaInformation>
    <ProgramElement>
      <Code>1467</Code>
      <Text>MATERIALS PROCESSING AND MANFG</Text>
    </ProgramElement>
    <ProgramReference>
      <Code>9146</Code>
      <Text>MANUFACTURING BASE RESEARCH</Text>
    </ProgramReference>
    <ProgramReference>
      <Code>MANU</Code>
      <Text>MANUFACTURING</Text>
    </ProgramReference>
  </Award>
</rootTag>
