<?xml version="1.0" encoding="UTF-8"?>

<rootTag>
  <Award>
    <AwardTitle>Materials Research Science and Engineering Center</AwardTitle>
    <AwardEffectiveDate>09/01/1994</AwardEffectiveDate>
    <AwardExpirationDate>02/28/1999</AwardExpirationDate>
    <AwardAmount>17985700</AwardAmount>
    <AwardInstrument>
      <Value>Cooperative Agreement</Value>
    </AwardInstrument>
    <Organization>
      <Code>03070001</Code>
      <Directorate>
        <LongName>Direct For Mathematical &amp; Physical Scien</LongName>
      </Directorate>
      <Division>
        <LongName>Division Of Materials Research</LongName>
      </Division>
    </Organization>
    <ProgramOfficer>
      <SignBlockName>Carmen I. Huber</SignBlockName>
    </ProgramOfficer>
    <AbstractNarration>The Materials Research Science and Engineering Center (MRSEC) at the Massachusetts Institute of Technolgy supports interactive research in five interdisciplinary groups spanning a wide area of materials research.. The group investigating microphotonic materials and structures aims to explore the fundamental nature, synthesis and properties of photonic bandgap materials, and to exploit these properties for the design and fabrication of novel structures and devices for the creation and control of electromagnetic radiation. The molecular and supermolecular engineering group is developing the chemistry and molecular level processing needed to control and manipulate the organization of macromolecular systems with novel electronic and optical properties. The group investigating phase behavior in the presence of quenched randomness is carrying out experimental and theoretical studies of phase changes in disordered systems. Such changes may underlie fundamental mechanisms in the life sciences, and may have application in the information sciences. The group studying the structure, chemistry and transport properties of intercrystalline interfaces seeks a unified and comprehensive understanding of the role of atomic-level structure, chemistry, and local electronic structure in determining the physical properties of interfaces between crystals. The fifth group is investigating the properties of transition metal oxides in order to guide the development of a theory of correlated systems and ultimately explain the mechanism of high temperature superconductivity. The MRSEC supports the development, operation and maintenance of shared experimental facilities for materials research. It provides seed funding for exploratory research, and fosters research participation by undergraduates. The center is associated with an educational outreach program with emphasis on attracting and retaining women and underrepresented minorities in materials science. It also supports a science and engineering day camp which is directed toward seventh and eighth grade students from underrepresented minorities. The center administers an industrial outreach program The center currently supports 37 senior investigators, 13 postdoctoral research associates, 10 technicians, 39 graduate students, and 13 undergraduates who perform research as summer interns. The MRSEC is directed by Professor Marc A. Kastner.</AbstractNarration>
    <MinAmdLetterDate>09/28/1994</MinAmdLetterDate>
    <MaxAmdLetterDate>06/11/1998</MaxAmdLetterDate>
    <ARRAAmount/>
    <AwardID>9400334</AwardID>
    <Investigator>
      <FirstName>Robert</FirstName>
      <LastName>Silbey</LastName>
      <EmailAddress>silbey@mit.edu</EmailAddress>
      <StartDate>06/11/1998</StartDate>
      <EndDate/>
      <RoleCode>Principal Investigator</RoleCode>
    </Investigator>
    <Investigator>
      <FirstName>Marc</FirstName>
      <LastName>Kastner</LastName>
      <EmailAddress>mkastner@mit.edu</EmailAddress>
      <StartDate>03/30/1995</StartDate>
      <EndDate>06/20/1995</EndDate>
      <RoleCode>Former Principal Investigator</RoleCode>
    </Investigator>
    <Institution>
      <Name>Massachusetts Institute of Technology</Name>
      <CityName>Cambridge</CityName>
      <ZipCode>021394301</ZipCode>
      <PhoneNumber>6172531000</PhoneNumber>
      <StreetAddress>77 MASSACHUSETTS AVE</StreetAddress>
      <CountryName>United States</CountryName>
      <StateName>Massachusetts</StateName>
      <StateCode>MA</StateCode>
    </Institution>
    <FoaInformation>
      <Code>0106000</Code>
      <Name>Materials Research</Name>
    </FoaInformation>
    <FoaInformation>
      <Code>18</Code>
      <Name>Materials NEC</Name>
    </FoaInformation>
    <ProgramElement>
      <Code>1546</Code>
      <Text>SUMMER SCIENCE CAMPS</Text>
    </ProgramElement>
    <ProgramElement>
      <Code>1547</Code>
      <Text>COMP PART FOR MATH &amp; SCI ACHIE</Text>
    </ProgramElement>
    <ProgramElement>
      <Code>1735</Code>
      <Text>MATERIALS RSCH SCI &amp; ENG CENT</Text>
    </ProgramElement>
    <ProgramReference>
      <Code>1037</Code>
      <Text>DETERIORATION SCIENCE</Text>
    </ProgramReference>
    <ProgramReference>
      <Code>1039</Code>
      <Text>RENEWAL ENGINEERING</Text>
    </ProgramReference>
    <ProgramReference>
      <Code>9146</Code>
      <Text>MANUFACTURING BASE RESEARCH</Text>
    </ProgramReference>
    <ProgramReference>
      <Code>9161</Code>
      <Text>SINGLE DIVISION/UNIVERSITY</Text>
    </ProgramReference>
    <ProgramReference>
      <Code>9162</Code>
      <Text>MULTI DIVISION/UNIVERSITY</Text>
    </ProgramReference>
    <ProgramReference>
      <Code>9163</Code>
      <Text>SINGLE DIVISION/UNIVERSITY - INDUSTRY</Text>
    </ProgramReference>
    <ProgramReference>
      <Code>9164</Code>
      <Text>SINGLE DIVISION/UNIVERSITY - GOVT LAB</Text>
    </ProgramReference>
    <ProgramReference>
      <Code>9177</Code>
      <Text>ELEMENTARY/SECONDARY EDUCATION</Text>
    </ProgramReference>
    <ProgramReference>
      <Code>9178</Code>
      <Text>UNDERGRADUATE EDUCATION</Text>
    </ProgramReference>
    <ProgramReference>
      <Code>9216</Code>
      <Text>ADVANCED SOFTWARE TECH &amp; ALGOR</Text>
    </ProgramReference>
    <ProgramReference>
      <Code>9218</Code>
      <Text>BASIC RESEARCH &amp; HUMAN RESORCS</Text>
    </ProgramReference>
    <ProgramReference>
      <Code>9250</Code>
      <Text>RES EXPER FOR UNDERGRADS-SITE</Text>
    </ProgramReference>
    <ProgramReference>
      <Code>9251</Code>
      <Text>RES EXPER FOR UNDERGRAD-SUPPLT</Text>
    </ProgramReference>
    <ProgramReference>
      <Code>AMPP</Code>
      <Text>ADVANCED MATERIALS &amp; PROCESSING PROGRAM</Text>
    </ProgramReference>
    <ProgramReference>
      <Code>CVIS</Code>
      <Text>CIVIL INFRASTRUCTURE</Text>
    </ProgramReference>
    <ProgramReference>
      <Code>HPCC</Code>
      <Text>HIGH PERFORMANCE COMPUTING &amp; COMM</Text>
    </ProgramReference>
    <ProgramReference>
      <Code>MANU</Code>
      <Text>MANUFACTURING</Text>
    </ProgramReference>
    <ProgramReference>
      <Code>SMET</Code>
      <Text>SCIENCE, MATH, ENG &amp; TECH EDUCATION</Text>
    </ProgramReference>
  </Award>
</rootTag>
