<?xml version="1.0" encoding="UTF-8"?>

<rootTag>
  <Award>
    <AwardTitle>Doctoral Dissertation Research: An Ethnographic Study of Technology, Culture, and Development at the Guiana Space Center</AwardTitle>
    <AwardEffectiveDate>04/01/1994</AwardEffectiveDate>
    <AwardExpirationDate>12/31/1994</AwardExpirationDate>
    <AwardAmount>10000</AwardAmount>
    <AwardInstrument>
      <Value>Standard Grant</Value>
    </AwardInstrument>
    <Organization>
      <Code>04050300</Code>
      <Directorate>
        <LongName>Direct For Social, Behav &amp; Economic Scie</LongName>
      </Directorate>
      <Division>
        <LongName>Divn Of Social and Economic Sciences</LongName>
      </Division>
    </Organization>
    <ProgramOfficer>
      <SignBlockName>Ronald J. Overmann</SignBlockName>
    </ProgramOfficer>
    <AbstractNarration>9400155 Rabinow Under the direction of Dr. Paul Rabinow, Mr. Peter Redfield is exploring local effects of a global technological system, examining the primary launch facilities of the French and European space programs at Kourou, French Guiana. The focus of this project is on the social and cultural aspects of the location of this large center of high technology outside of the industrialized world,a nd its relation to the small multiethnic society surrounding it on the edge of the South American rainforest. Two interrelated questions guide the investigation: First, what is the significance of geographic and social location within a technical system, and the relationship of technology to issues of development? Second, what are the symbolic roles of technology in the cultural evaluation of development. Through an ethnographic and historical examination of interactions between international technology and a particular place, the project seeks to compliment recent exchanges between anthropology and social studies of science and technology by presenting within a local frame a specific case study of one extension of modern technology beyond the West. This grant provides support for ethnographic fieldwork in French Guiana as well as archival research in France. ***</AbstractNarration>
    <MinAmdLetterDate>03/18/1994</MinAmdLetterDate>
    <MaxAmdLetterDate>03/18/1994</MaxAmdLetterDate>
    <ARRAAmount/>
    <AwardID>9400155</AwardID>
    <Investigator>
      <FirstName>Paul</FirstName>
      <LastName>Rabinow</LastName>
      <EmailAddress>rabinow@berkeley.edu</EmailAddress>
      <StartDate>04/01/1994</StartDate>
      <EndDate/>
      <RoleCode>Principal Investigator</RoleCode>
    </Investigator>
    <Institution>
      <Name>University of California-Berkeley</Name>
      <CityName>BERKELEY</CityName>
      <ZipCode>947045940</ZipCode>
      <PhoneNumber>5106428109</PhoneNumber>
      <StreetAddress>Sponsored Projects Office</StreetAddress>
      <CountryName>United States</CountryName>
      <StateName>California</StateName>
      <StateCode>CA</StateCode>
    </Institution>
  </Award>
</rootTag>
