<?xml version="1.0" encoding="UTF-8"?>

<rootTag>
  <Award>
    <AwardTitle>Mathematical Sciences: Fourier Coefficients of Metaplectic Forms</AwardTitle>
    <AwardEffectiveDate>07/01/1994</AwardEffectiveDate>
    <AwardExpirationDate>06/30/1997</AwardExpirationDate>
    <AwardAmount>68707</AwardAmount>
    <AwardInstrument>
      <Value>Standard Grant</Value>
    </AwardInstrument>
    <Organization>
      <Code>03040300</Code>
      <Directorate>
        <LongName>Direct For Mathematical &amp; Physical Scien</LongName>
      </Directorate>
      <Division>
        <LongName>Division Of Mathematical Sciences</LongName>
      </Division>
    </Organization>
    <ProgramOfficer>
      <SignBlockName>Andrew G. Earnest</SignBlockName>
    </ProgramOfficer>
    <AbstractNarration>9400882 Lieman This award funds the research of Professor Daniel Lieman on properties of zeta functions of specific elliptic curves. This work is in keeping with a major theme in modern number theory, that discrete geometric information can be studied analytically. This approach seems to be very effective for problems in number theory, particularly diophantine problems. This work falls in the general area of Number Theory. Number Theory is the study of properties of the whole numbers and is the oldest branch of systematic mathematics. Number theorists often study diophantine problems where equations are required to have exact numerical solutions. In modern days, these diophantine problems have furnished the driving force to creation of new theories in many other parts of mathematics. Recently Number Theory and diophantine methods have found astonishing applications in theoretical computer science and communication.</AbstractNarration>
    <MinAmdLetterDate>05/10/1994</MinAmdLetterDate>
    <MaxAmdLetterDate>05/10/1994</MaxAmdLetterDate>
    <ARRAAmount/>
    <AwardID>9400882</AwardID>
    <Investigator>
      <FirstName>Daniel</FirstName>
      <LastName>Lieman</LastName>
      <EmailAddress>test@test.com</EmailAddress>
      <StartDate>07/01/1994</StartDate>
      <EndDate/>
      <RoleCode>Principal Investigator</RoleCode>
    </Investigator>
    <Institution>
      <Name>Columbia University</Name>
      <CityName>NEW YORK</CityName>
      <ZipCode>100276902</ZipCode>
      <PhoneNumber>2128546851</PhoneNumber>
      <StreetAddress>2960 Broadway</StreetAddress>
      <CountryName>United States</CountryName>
      <StateName>New York</StateName>
      <StateCode>NY</StateCode>
    </Institution>
    <FoaInformation>
      <Code>0000099</Code>
      <Name>Other Applications NEC</Name>
    </FoaInformation>
    <FoaInformation>
      <Code>21</Code>
      <Name>Mathematics</Name>
    </FoaInformation>
    <ProgramElement>
      <Code>1264</Code>
      <Text>ALGEBRA,NUMBER THEORY,AND COM</Text>
    </ProgramElement>
    <ProgramReference>
      <Code>0000</Code>
      <Text>UNASSIGNED</Text>
    </ProgramReference>
    <ProgramReference>
      <Code>OTHR</Code>
      <Text>OTHER RESEARCH OR EDUCATION</Text>
    </ProgramReference>
  </Award>
</rootTag>
