<?xml version="1.0" encoding="UTF-8"?>

<rootTag>
  <Award>
    <AwardTitle>Ultrafast Dynamics of Mixed Crystalline and Amorphous Solids Under High Pressure</AwardTitle>
    <AwardEffectiveDate>07/01/1994</AwardEffectiveDate>
    <AwardExpirationDate>06/30/1998</AwardExpirationDate>
    <AwardAmount>320000</AwardAmount>
    <AwardInstrument>
      <Value>Continuing grant</Value>
    </AwardInstrument>
    <Organization>
      <Code>03090004</Code>
      <Directorate>
        <LongName>Direct For Mathematical &amp; Physical Scien</LongName>
      </Directorate>
      <Division>
        <LongName>Division Of Chemistry</LongName>
      </Division>
    </Organization>
    <ProgramOfficer>
      <SignBlockName>joyce guest</SignBlockName>
    </ProgramOfficer>
    <AbstractNarration>In this in the Experimental Physical Chemistry Program of the Chemistry Division, Chronister will test theoretical models of the dynamics of molecular solids. A combination of high pressure and ultrafast nonlinear coherent spectroscopic techniques will be used as high resolution probes of the dynamics of molecular solids at low temperatures. Ultrafast coherent Raman, photon echo, and material preparation techniques will be used to uncover the homogeneous dynamics in amorphous and pressure broadened systems. These experiments will be used to refine theories of optical and vibrational dephasing in amorphous and mixed crystalline solids. %%% Chronister will measure the behavior of solids under high pressure and low temperatures. The information gathered is difficult to obtain because the pressures involved are extremely high and temperatures are very low. However, these data will ultimately aid our understanding of the dynamic interactions between species in solid solution and their host materials.</AbstractNarration>
    <MinAmdLetterDate>06/10/1994</MinAmdLetterDate>
    <MaxAmdLetterDate>05/21/1996</MaxAmdLetterDate>
    <ARRAAmount/>
    <AwardID>9400542</AwardID>
    <Investigator>
      <FirstName>Eric</FirstName>
      <LastName>Chronister</LastName>
      <EmailAddress>eric.chronister@ucr.edu</EmailAddress>
      <StartDate>07/01/1994</StartDate>
      <EndDate/>
      <RoleCode>Principal Investigator</RoleCode>
    </Investigator>
    <Institution>
      <Name>University of California-Riverside</Name>
      <CityName>RIVERSIDE</CityName>
      <ZipCode>925211000</ZipCode>
      <PhoneNumber>9518275535</PhoneNumber>
      <StreetAddress>Office of Research</StreetAddress>
      <CountryName>United States</CountryName>
      <StateName>California</StateName>
      <StateCode>CA</StateCode>
    </Institution>
    <FoaInformation>
      <Code>12</Code>
      <Name>Chemistry</Name>
    </FoaInformation>
  </Award>
</rootTag>
