<?xml version="1.0" encoding="UTF-8"?>

<rootTag>
  <Award>
    <AwardTitle>Experimental Physics Joins REU at Williams College</AwardTitle>
    <AwardEffectiveDate>05/01/1994</AwardEffectiveDate>
    <AwardExpirationDate>04/30/1997</AwardExpirationDate>
    <AwardAmount>129886</AwardAmount>
    <AwardInstrument>
      <Value>Continuing grant</Value>
    </AwardInstrument>
    <Organization>
      <Code>03010000</Code>
      <Directorate>
        <LongName>Direct For Mathematical &amp; Physical Scien</LongName>
      </Directorate>
      <Division>
        <LongName>Division Of Physics</LongName>
      </Division>
    </Organization>
    <ProgramOfficer>
      <SignBlockName>Rolf M. Sinclair</SignBlockName>
    </ProgramOfficer>
    <AbstractNarration>9400074 Wootters An REU Site will be continued in the Physics Department of Williams College. About half of the students will come from Williams and half from other schools. Each student will work at Williams for ten weeks, during which time she or he will be a member of a small research group consisting of between two and five undergraduates and advised by one faculty member. The students will be divided about equally between experimental and theoretical physics. The particular projects we have in mind are in the following areas: quantum information theory, optical fiber lasers, laser cooling, and cryogenic masers. In addition to their research projects, the students will participate in daily teas and weekly seminars provided specifically for the REU students, as well as weekly lunch and lecture open to all science students and faculty at Williams. ***</AbstractNarration>
    <MinAmdLetterDate>05/17/1994</MinAmdLetterDate>
    <MaxAmdLetterDate>01/30/1996</MaxAmdLetterDate>
    <ARRAAmount/>
    <AwardID>9400074</AwardID>
    <Investigator>
      <FirstName>William</FirstName>
      <LastName>Wootters</LastName>
      <EmailAddress>wwootter@cc.williams.edu</EmailAddress>
      <StartDate>05/01/1994</StartDate>
      <EndDate/>
      <RoleCode>Principal Investigator</RoleCode>
    </Investigator>
    <Institution>
      <Name>Williams College</Name>
      <CityName>Williamstown</CityName>
      <ZipCode>012672600</ZipCode>
      <PhoneNumber>4135974352</PhoneNumber>
      <StreetAddress>880 Main St.</StreetAddress>
      <CountryName>United States</CountryName>
      <StateName>Massachusetts</StateName>
      <StateCode>MA</StateCode>
    </Institution>
    <FoaInformation>
      <Code>0000099</Code>
      <Name>Other Applications NEC</Name>
    </FoaInformation>
    <FoaInformation>
      <Code>13</Code>
      <Name>Physics</Name>
    </FoaInformation>
  </Award>
</rootTag>
