<?xml version="1.0" encoding="UTF-8"?>

<rootTag>
  <Award>
    <AwardTitle>Residual Stress Strengthened Functionally Gradient Ceramic Materials</AwardTitle>
    <AwardEffectiveDate>08/01/1994</AwardEffectiveDate>
    <AwardExpirationDate>07/31/2000</AwardExpirationDate>
    <AwardAmount>600000</AwardAmount>
    <AwardInstrument>
      <Value>Continuing grant</Value>
    </AwardInstrument>
    <Organization>
      <Code>03070004</Code>
      <Directorate>
        <LongName>Direct For Mathematical &amp; Physical Scien</LongName>
      </Directorate>
      <Division>
        <LongName>Division Of Materials Research</LongName>
      </Division>
    </Organization>
    <ProgramOfficer>
      <SignBlockName>Lynnette D. Madsen</SignBlockName>
    </ProgramOfficer>
    <AbstractNarration>9400261 Jakus The objectives of this proposal are to develop new processing technologies for the generation of comprehensive residual surface stresses in ceramic components and to evaluate the effects of controlled residual stress gradients on quasisatic and dynamic damage resistance of residual stress strengthened functionally gradient ceramic materials. By using special processing methods the surface layers of specimens will be made to densify faster than the interior, causing these layers to undergo creep deformation at the densification of the interior. By using the appropriate temperature and load conditions the functionally gradient ceramic materials can be produced. The proposed research will be conducted in collaboration with NRC Italy, NIST and Norton CO. %%% The objectives of this proposal are to develop new and novel processing approach for understanding and developing the new generation of functionally gradient ceramics. The proposed research has potential and will contribute to the National Science Foundation Advance Structural Materials program. ***</AbstractNarration>
    <MinAmdLetterDate>07/28/1994</MinAmdLetterDate>
    <MaxAmdLetterDate>12/11/1998</MaxAmdLetterDate>
    <ARRAAmount/>
    <AwardID>9400261</AwardID>
    <Investigator>
      <FirstName>John</FirstName>
      <LastName>Ritter</LastName>
      <EmailAddress>ritter@ecs.umass.edu</EmailAddress>
      <StartDate>08/01/1994</StartDate>
      <EndDate/>
      <RoleCode>Co-Principal Investigator</RoleCode>
    </Investigator>
    <Investigator>
      <FirstName>Karl</FirstName>
      <LastName>Jakus</LastName>
      <EmailAddress>jakus@ecs.umass.edu</EmailAddress>
      <StartDate>08/01/1994</StartDate>
      <EndDate/>
      <RoleCode>Principal Investigator</RoleCode>
    </Investigator>
    <Institution>
      <Name>University of Massachusetts Amherst</Name>
      <CityName>Hadley</CityName>
      <ZipCode>010359450</ZipCode>
      <PhoneNumber>4135450698</PhoneNumber>
      <StreetAddress>Research Administration Building</StreetAddress>
      <CountryName>United States</CountryName>
      <StateName>Massachusetts</StateName>
      <StateCode>MA</StateCode>
    </Institution>
    <FoaInformation>
      <Code>0106000</Code>
      <Name>Materials Research</Name>
    </FoaInformation>
    <FoaInformation>
      <Code>15</Code>
      <Name>Metals, Ceramics &amp; Electronic Materials</Name>
    </FoaInformation>
    <ProgramElement>
      <Code>1715</Code>
      <Text>METALS, CERAMICS, &amp; ELEC MATRS</Text>
    </ProgramElement>
    <ProgramElement>
      <Code>1771</Code>
      <Text>METAL &amp; METALLIC NANOSTRUCTURE</Text>
    </ProgramElement>
    <ProgramElement>
      <Code>1774</Code>
      <Text>CERAMICS</Text>
    </ProgramElement>
    <ProgramReference>
      <Code>1774</Code>
      <Text>CERAMICS</Text>
    </ProgramReference>
    <ProgramReference>
      <Code>9161</Code>
      <Text>SINGLE DIVISION/UNIVERSITY</Text>
    </ProgramReference>
    <ProgramReference>
      <Code>AMPP</Code>
      <Text>ADVANCED MATERIALS &amp; PROCESSING PROGRAM</Text>
    </ProgramReference>
    <ProgramReference>
      <Code>1374</Code>
      <Text>PNGV-MATERIALS</Text>
    </ProgramReference>
  </Award>
</rootTag>
