<?xml version="1.0" encoding="UTF-8"?>

<rootTag>
  <Award>
    <AwardTitle>U.S.-NIS (New Independent State): Workshop on Gamma Colliders</AwardTitle>
    <AwardEffectiveDate>02/15/1994</AwardEffectiveDate>
    <AwardExpirationDate>07/31/1994</AwardExpirationDate>
    <AwardAmount>8056</AwardAmount>
    <AwardInstrument>
      <Value>Standard Grant</Value>
    </AwardInstrument>
    <Organization>
      <Code>01090000</Code>
      <Directorate>
        <LongName>Office Of The Director</LongName>
      </Directorate>
      <Division>
        <LongName>Office Of Internatl Science &amp;Engineering</LongName>
      </Division>
    </Organization>
    <ProgramOfficer>
      <SignBlockName>Cassandra M. Dudka</SignBlockName>
    </ProgramOfficer>
    <AbstractNarration>WPC = 2 B V R Z e #| J 7 i C 3 , X i \ P 6 X P " m ^3ETgg EEEgt3E39gggggggggg99ttt ~r EP ~ r r~ ~E9E`gE g g Egg99g9 ggggEP9gg gg c)co E3EE "EEE C EEEEEE dEg9 Y Y Y Y Y Y~Y~Y~Y~YC8C8C8C8 d d d d d d d d d d Y g g d d dsd g~ ~ ~ ~ g g g g g g g gE8E9E9E9 oP g~9~9~9~8~9 g v g g g g E E ErPkNrPrP~9~9~9 g g g g g g g~ Y~ g~9 g ErP~9 g g g g gNH 3 gE gggg g9@ gFdddg F %C g EE ggzz d d d w rr E d FHP LaserJet 4 (935-Mail) INTHP4-1.PRS X i \ P 6 \ E X P 2 o Z e #| J HP LaserJet 4 (935-Mail) INTHP4-1.PRS X w P 7 \ E X P 2 &lt; Z 7 CG Times CG Times Italic CG Times Bold CG Times Bold Italic 8 w C ; , `X w P E37 X P &gt; 6 u C ; , l'X u &amp; _ x 7 X X 7 z C ; , l X z _ p i7 X | 4 x C ; , ' X x * 0 x 7 X V " G ( $ , T h G P E37 h P &gt; X F ( $ , , h F &amp; _ x 7 h X g E E ErPkNrPrP~9~9~9 g g g g g g g~ Y~ g~9 g ErP~9 g g g g gNH 3 gE ggg " m + O 6 ^$(8&lt;&lt;k (((&lt;k((((&lt;&lt;&lt;&lt;&lt;&lt;&lt;&lt;&lt;&lt;((xkx5kWLRYLGWY(/TLmYWEWP@LYWqWWN(((&lt;&lt;(5&lt;5&lt;5(&lt;&lt;!!&lt;! &lt;&lt;&lt;&lt;,/!&lt;&lt;W&lt;&lt;55&lt;5x &lt;&lt;&lt;{ &lt;&lt;&lt; ( &lt;&lt;&lt;&lt;&lt;&lt;&lt;&lt;&lt;! W5W5W5W5W5kPR5L5L5L5L5(!(!(!(!Y&lt;W&lt;W&lt;W&lt;W&lt;Y&lt;Y&lt;Y&lt;Y&lt;W&lt;W5Y&lt;W&lt;W&lt;W&lt;Y&lt;E&lt;W5W5W5R5R5R5R5Y&lt;L5L5L5L5W&lt;W&lt;W&lt;W&lt;W&lt;W&lt;Y&lt;Y&lt;(!(!(!(!XC/ T&lt;L!L!L!L!L!Y&lt;YGY&lt;Y&lt;W&lt;W&lt;kWP,P,P,@/@/@/@/L!L!L!Y&lt;Y&lt;Y&lt;Y&lt;Y&lt;Y&lt;qWW&lt;N5N5N5 Y&lt;L!Y&lt;P,@/L!W&lt;W&lt;Y&lt;W&lt;Y&lt; ( &lt;&lt; ( ((Wxxxxxxxxxxxxxxxxxxxxxxxxxxxxxxxxxxxxxxxxxxxxxxxxxxxx xxxxxxxxxxxxxxxxxxxxxxxxxxxxxxxxxxxxNWWW&lt;&lt;&lt;(511&lt;&lt;i&lt;&lt;&lt;kk&lt;*&lt;&lt;&lt;&lt;k* (( &gt;&gt;&lt;k xx&lt;&lt;II x&lt;x&lt;W&lt; GddCCk (&gt;&lt; q *"xxxxWWxxx&lt;Wxx&gt;WWkkxxx &lt;Õkkxxx" k&lt;((xxxxxWIxkWWWWWWWWWW (x&lt;W&lt;C&lt;kxWxP&lt;(&lt;W5&lt;EW NxxWWWWWWWWWWxxxxx8xWWWWxxxxxxxxxxxxx xxxxxxWWxxxxxxdPI xWx xx 3G WWWW xx x xx x WWW&lt;WWxWWxxx WW W5 WWWW5 WWWWW WWW WWW WWW WWWWWWWWWWWWWW W WWWWWW WWWWWWWW( WWW( WWW( WWW( WWWW W W WWWW WWW WILC ICP5L/N5Y&lt;W5(!T5PCmCY5P&lt;W5WIE&lt;I&lt;&lt;L5W5PIWC IIII/&lt;!!555I5I I IIX((&lt;&lt;&lt;&lt;&lt;&lt;&lt; IIIIIIIIIIIIIIIIIII///////&lt;&lt;&lt;&lt;&lt;&lt;&lt;&lt;&lt;&lt;&lt;&lt;&lt;&lt;&lt;&lt;&lt;&lt;&lt;&lt;!!!!!!!!!!!!5555555555555555555IIIIIIIIIIIIIIIIIIII( E WLY(WWI(W&lt;&lt;5( x l 7 l TTlCH q qllllllF`RRqqAAleee Ob ggM`VVTR^gjjj }q nnnxl } z VqVjjjj5VsjC}}jjj&gt;&gt;$jjjjjq5jjjjjjjjjjjjjjjjjjjjjjjjjjjjjjjzzzzvvvvvvvvvv ^^jjjjjjssjj }}jjggggjj``}` 7+J jj " m + O 6 ^$(:&lt;&lt;k (((&lt;k((((&lt;&lt;&lt;&lt;&lt;&lt;&lt;&lt;&lt;&lt;((xkx&lt;kIIPWIEWW(5PCdPWIWI&lt;CWIdICC(((&lt;&lt;(&lt;&lt;5&lt;5!&lt;&lt;!!5!W&lt;&lt;&lt;&lt;//!&lt;5P55/5&lt;5x &lt;&lt;&lt;n &lt;&lt;&lt; ( &lt;&lt;&lt;&lt;&lt;&lt;&lt;&lt;&lt;! I&lt;I&lt;I&lt;I&lt;I&lt;kPP5I5I5I5I5(!(!(!(!P&lt;W&lt;W&lt;W&lt;W&lt;W&lt;W&lt;W&lt;W&lt;C5I&lt;W&lt;W&lt;W&lt;C5W&lt;I&lt;I&lt;I&lt;I&lt;P5P5P5P5W&lt;I5I5I5I5W&lt;W&lt;W&lt;W&lt;W&lt;W&lt;W&lt;W&lt;(!(!(!(!b&lt;5 P5C!C!C!C!C!P&lt;PIP&lt;P&lt;W&lt;W&lt;qPI/I/I/&lt;/&lt;/&lt;/&lt;/C!C!C!W&lt;W&lt;W&lt;W&lt;W&lt;W&lt;dPC5C/C/C/ W&lt;C!P&lt;I/&lt;/C!C5C5W&lt;W&lt;W&lt; ( &lt;&lt; ( ((WxxxxxxxxxxxxxxxxxxxxxxxxxxxxxxxxxxxxxxxxxxxxxxxxxxxxxxxxxxxxxxxxxxxxxxxxxxxxxxxxxxxxxxxxNWWW&lt;&lt;&lt;(&lt;88&lt;&lt;h&lt;&lt;&lt;kk&lt;*&lt;&lt;&lt;&lt;k* (( &lt;&lt;&lt;k!!xx&lt;&lt;II x&lt;x&lt;W&lt; @ &lt;&lt;k (&lt;&lt; k *"xxxxWWxxx&lt;Wxx&lt;WWkkxxx &lt;Õkkxxx" k&lt;((xxxxxWIxkWWWWWWWWWW (x&lt;I&lt;C&lt;kxWxP&lt;(&lt;W5&lt;EW NxxWWWWWWWWWWxxxxx8xWWWWxxxxxxxxxxxxx xxxxxxWWxxxxxxdPI xWx xx 3G WWWW xx x xx x WWW&lt;WWxWWxxx WW W5 WWWW5 WWWWW WWW WWW WWW WWWWWWWWWWWWWW W WWWWWW WWWWWWWW( WWW( WWW( WWW( WWWW W W WWWW WWW IIIC ICP5I/C5W&lt;W5(!P 5PCdCP5P&lt;W5WII&lt;I&lt;&lt;C5C5PIIC IIII/&lt;!!555I5I I IIX((&lt;&lt;&lt;&lt;&lt;&lt;&lt; IIIIIIIIIIIIIIIIIII///////&lt;&lt;&lt;&lt;&lt;&lt;&lt;&lt;&lt;&lt;&lt;&lt;&lt;&lt;&lt;&lt;&lt;&lt;&lt;&lt;!!!!!!!!!!!!5555555555555555555IIIIIIIIIIIIIIIIIIII( E IIW(WCI(C&lt;&lt;5( x l 7 l TTlCH q qllllllF`RRqqAAleee Ob ggM`VVTR^gjjj }q nnnxl } z VqVjjjj5VsjC}}jjj&gt;&gt;$jjjjjq5jjjjjjjjjjjjjjjjjjjjjjjjjjjjjjjzzzzvvvvvvvvvv ^^jjjjjjssjj }}jjggggjj``}` 7+J jj 2 = ' 2 " 4 | J ~ ^ ; C d d C C C d C C C C d d d d d d d d d d C C Y ~ ~ w C N ~ s k ~ C C C d d C Y d Y d Y C d d 8 8 d 8 d d d d J N 8 d d d d Y Y d Y d 3 d d " d d d C d d d d d d d d d 8 Y Y Y Y Y Y ~ Y ~ Y ~ Y ~ Y C 8 C 8 C 8 C 8 d d d d d d d d d d Y d d d d d s d Y Y Y Y Y Y Y d ~ Y ~ Y ~ Y ~ Y d d d d d d d d C 8 C 8 C 8 C 8 o N d ~ 8 ~ 8 ~ 8 ~ 8 ~ 8 d v d d d d J J J k N k N k N k N ~ 8 ~ 8 ~ 8 d d d d d d d Y Y Y d ~ 8 d J k N ~ 8 d d d d d C d d C C C W x x x x x x x x x x x x x x x x x x x x x x x x x x x x x x x x x x x x x x x x N d d d C Y Q Q d d d d d d F d d d d F C C h h d 4 4 d d z z d d d w o o C h d F " d h d Õ 9 d C C z C d d o d d C d Y d s z U w d Y Y C C C C z ~ o z o Y ~ N Y d Y C 8 Y o o Y d Y z s d z d d ~ Y Y z o z z z z N d 8 8 Y Y Y z Y z z z z C C d d d d d d d z z z z z z z z z z z z z z z z z z z N N N N N N N d d d d d d d d d d d d d d d d d d d d 8 8 8 8 8 8 8 8 8 8 8 8 Y Y Y Y Y Y Y Y Y Y Y Y Y Y Y Y Y Y Y z z z z z z z z z z z z z z z z z z z z C s ~ C z C d d Y C x \ p x t l l X p h h &lt; X \ H | " 4 | J ~ ^ ; C ` d d C C C d C C C C d d d d d d d d d d C C d z z z s C Y o z z d o z z o o C C C d d C d d Y d Y 8 d d 8 8 Y 8 d d d d N N 8 d Y Y Y N Y d Y d 3 d d " d d d C d d d d d d d d d 8 z d z d z d z d z d Y z Y z Y z Y z Y C 8 C 8 C 8 C 8 d d d d d d d d d o Y z d d d d o Y d z d z d z d z d Y Y Y Y d z Y z Y z Y z Y d d d d d d d d C 8 C 8 C 8 C 8 d Y Y o 8 o 8 o 8 o 8 o 8 d z d d d d z N z N z N d N d N d N d N o 8 o 8 o 8 d d d d d d o Y o N o N o N d o 8 d z N d N o 8 o Y o Y</AbstractNarration>
    <MinAmdLetterDate>02/19/1994</MinAmdLetterDate>
    <MaxAmdLetterDate>02/19/1994</MaxAmdLetterDate>
    <ARRAAmount/>
    <AwardID>9400192</AwardID>
    <Investigator>
      <FirstName>Andrew</FirstName>
      <LastName>Sessler</LastName>
      <EmailAddress/>
      <StartDate>02/15/1994</StartDate>
      <EndDate/>
      <RoleCode>Principal Investigator</RoleCode>
    </Investigator>
    <Institution>
      <Name>Lawrence Berkeley Laboratory</Name>
      <CityName>Berkeley</CityName>
      <ZipCode>947200000</ZipCode>
      <PhoneNumber>5104866618</PhoneNumber>
      <StreetAddress>Sponsored Projects Office</StreetAddress>
      <CountryName>United States</CountryName>
      <StateName>California</StateName>
      <StateCode>CA</StateCode>
    </Institution>
    <FoaInformation>
      <Code>0000099</Code>
      <Name>Other Applications NEC</Name>
    </FoaInformation>
    <FoaInformation>
      <Code>13</Code>
      <Name>Physics</Name>
    </FoaInformation>
  </Award>
</rootTag>
