<?xml version="1.0" encoding="UTF-8"?>

<rootTag>
  <Award>
    <AwardTitle>Comparative Responses of Moist and Dry Arctic Tundra to Altered Snow and Temperature Regimes</AwardTitle>
    <AwardEffectiveDate>07/15/1994</AwardEffectiveDate>
    <AwardExpirationDate>08/19/1999</AwardExpirationDate>
    <AwardAmount>612952</AwardAmount>
    <AwardInstrument>
      <Value>Continuing grant</Value>
    </AwardInstrument>
    <Organization>
      <Code>06090100</Code>
      <Directorate>
        <LongName>Directorate For Geosciences</LongName>
      </Directorate>
      <Division>
        <LongName>Division Of Polar Programs</LongName>
      </Division>
    </Organization>
    <ProgramOfficer>
      <SignBlockName>Michael T. Ledbetter</SignBlockName>
    </ProgramOfficer>
    <AbstractNarration>9400083 Walker This project will evaluate the ecological consequences of climate change in moist and dry arctic tundra with field manipulations of winter precipitation and summer temperature. Project scientists will investigate effects on species performance, community structure, and ecosystem C and N dynamics. They will erect snow fences to increase snowpack and use small greenhouses to warm air and soil temperatures. Growth rings and annual stem increments of woody species and physiological plant performance will be compared with historical temperature and precipitation records. Experimental findings will also be compared to natural vegetation patterns along snow gradients and areas where long-term anthropogenic increases in snow cover have occurred. Simulation modeling will be used to extend their findings with a focus on net ecosystem carbon budgets. The main effort will be to quantify and understand the magnitude and direction of the transient response of arctic tundra to a series of climate change scenarios. The experimental infrastructure will permit more detailed investigations by other investigators in future years if the response is, as we anticipate, of sufficient magnitude to be of importance for evaluating effects of climate change to arctic ecosystems. The project is a U.S. contribution to the International Tundra Experiment (ITEX). ***</AbstractNarration>
    <MinAmdLetterDate>07/13/1994</MinAmdLetterDate>
    <MaxAmdLetterDate>06/23/1998</MaxAmdLetterDate>
    <ARRAAmount/>
    <AwardID>9400083</AwardID>
    <Investigator>
      <FirstName>Timothy</FirstName>
      <LastName>Seastedt</LastName>
      <EmailAddress>tims@culter.colorado.edu</EmailAddress>
      <StartDate>07/15/1994</StartDate>
      <EndDate/>
      <RoleCode>Co-Principal Investigator</RoleCode>
    </Investigator>
    <Investigator>
      <FirstName>Marilyn</FirstName>
      <LastName>Walker</LastName>
      <EmailAddress>mwalker@lter.uaf.edu</EmailAddress>
      <StartDate>07/15/1994</StartDate>
      <EndDate/>
      <RoleCode>Principal Investigator</RoleCode>
    </Investigator>
    <Investigator>
      <FirstName>Donald</FirstName>
      <LastName>Walker</LastName>
      <EmailAddress>ffdaw@uaf.edu</EmailAddress>
      <StartDate>07/15/1994</StartDate>
      <EndDate/>
      <RoleCode>Co-Principal Investigator</RoleCode>
    </Investigator>
    <Institution>
      <Name>University of Colorado at Boulder</Name>
      <CityName>Boulder</CityName>
      <ZipCode>803031058</ZipCode>
      <PhoneNumber>3034926221</PhoneNumber>
      <StreetAddress>3100 Marine Street, Room 481</StreetAddress>
      <CountryName>United States</CountryName>
      <StateName>Colorado</StateName>
      <StateCode>CO</StateCode>
    </Institution>
    <FoaInformation>
      <Code>0311000</Code>
      <Name>Polar Programs-Related</Name>
    </FoaInformation>
    <FoaInformation>
      <Code>45</Code>
      <Name>Ecology</Name>
    </FoaInformation>
    <ProgramElement>
      <Code>5219</Code>
      <Text>ARCTIC SYSTEM SCIENCE PROGRAM</Text>
    </ProgramElement>
    <ProgramElement>
      <Code>5280</Code>
      <Text>ARCTIC NATURAL SCIENCES</Text>
    </ProgramElement>
    <ProgramReference>
      <Code>5219</Code>
      <Text>ARCTIC SYSTEM SCIENCE PROGRAM</Text>
    </ProgramReference>
    <ProgramReference>
      <Code>9169</Code>
      <Text>BIODIVERSITY AND ECOSYSTEM DYNAMICS</Text>
    </ProgramReference>
    <ProgramReference>
      <Code>9178</Code>
      <Text>UNDERGRADUATE EDUCATION</Text>
    </ProgramReference>
    <ProgramReference>
      <Code>EGCH</Code>
      <Text>ENVIRONMENT AND GLOBAL CHANGE</Text>
    </ProgramReference>
    <ProgramReference>
      <Code>SMET</Code>
      <Text>SCIENCE, MATH, ENG &amp; TECH EDUCATION</Text>
    </ProgramReference>
  </Award>
</rootTag>
