<?xml version="1.0" encoding="UTF-8"?>

<rootTag>
  <Award>
    <AwardTitle>Mathematical Sciences: Galois Covers of Curves</AwardTitle>
    <AwardEffectiveDate>07/01/1994</AwardEffectiveDate>
    <AwardExpirationDate>06/30/2000</AwardExpirationDate>
    <AwardAmount>375373</AwardAmount>
    <AwardInstrument>
      <Value>Continuing grant</Value>
    </AwardInstrument>
    <Organization>
      <Code>03040300</Code>
      <Directorate>
        <LongName>Direct For Mathematical &amp; Physical Scien</LongName>
      </Directorate>
      <Division>
        <LongName>Division Of Mathematical Sciences</LongName>
      </Division>
    </Organization>
    <ProgramOfficer>
      <SignBlockName>Robert Perlis</SignBlockName>
    </ProgramOfficer>
    <AbstractNarration>Harbater This award supports the work of David Harbater on Galois covers of algebraic curves. Prof. Harbater's work involves number theory and geometry. He intends to use his recently established result, Abhyankar's conjecture, to use patching techniques to construct Galois Covers of curves. This is research primarily in the field of algebraic geometry. This field has had a revolutionary flowering in the past quarter century as techniques from number theory and algebra have found geometric application. Algebraic geometry is the study of curves that can be defined in the plane by the simplest equations, namely polynomials. Galois covers of curves are particular examples that have strong symmetries. The techniques of algebraic geometry now find application in such diverse fields as physics, theoretical computer science, and robotics. ***</AbstractNarration>
    <MinAmdLetterDate>04/29/1994</MinAmdLetterDate>
    <MaxAmdLetterDate>05/20/1998</MaxAmdLetterDate>
    <ARRAAmount/>
    <AwardID>9400836</AwardID>
    <Investigator>
      <FirstName>David</FirstName>
      <LastName>Harbater</LastName>
      <EmailAddress>harbater@math.upenn.edu</EmailAddress>
      <StartDate>07/01/1994</StartDate>
      <EndDate/>
      <RoleCode>Principal Investigator</RoleCode>
    </Investigator>
    <Institution>
      <Name>University of Pennsylvania</Name>
      <CityName>Philadelphia</CityName>
      <ZipCode>191046205</ZipCode>
      <PhoneNumber>2158987293</PhoneNumber>
      <StreetAddress>Research Services</StreetAddress>
      <CountryName>United States</CountryName>
      <StateName>Pennsylvania</StateName>
      <StateCode>PA</StateCode>
    </Institution>
    <FoaInformation>
      <Code>0000099</Code>
      <Name>Other Applications NEC</Name>
    </FoaInformation>
  </Award>
</rootTag>
