<?xml version="1.0" encoding="UTF-8"?>

<rootTag>
  <Award>
    <AwardTitle>Doctoral Dissertation Research: Determinant of Construal Formations and Influences on Verdict and Sentencing: An Affect Control Model</AwardTitle>
    <AwardEffectiveDate>05/01/1994</AwardEffectiveDate>
    <AwardExpirationDate>04/30/1995</AwardExpirationDate>
    <AwardAmount>2100</AwardAmount>
    <AwardInstrument>
      <Value>Standard Grant</Value>
    </AwardInstrument>
    <Organization>
      <Code>04050200</Code>
      <Directorate>
        <LongName>Direct For Social, Behav &amp; Economic Scie</LongName>
      </Directorate>
      <Division>
        <LongName>Divn Of Social and Economic Sciences</LongName>
      </Division>
    </Organization>
    <ProgramOfficer>
      <SignBlockName>William Bainbridge</SignBlockName>
    </ProgramOfficer>
    <AbstractNarration>9400811 Smith-Lovin This is an award under the Grants for Improving Doctoral Dissertation Research program. It is a study of how emotional displays affect how individuals construe ambiguous information in order to assess a social situation. Social psychological experiments will be conducted in which observers will view actors on videotape portraying alleged criminals and victims of their crimes. By varying the emotional tone of the statements of the actors, differences in how experimental subjects assess the nature of the criminal situation and recommend verdicts and sentences will be assessed. Previous attempts to verify affect control theory in experimental situations have been relatively unsuccessful. This project will subject predictions of that theory to more rigorous tests. In addition, this research should answer important questions about how members of juries resolve ambiguities and reach decisions in criminal trials. In addition to the scientific gains to be achieved by the research, this award will materially assist a highly promising student in completing research for the Ph. D. dissertation. Thus it contributes to the future scientific manpower of the nation and the thorough training of the next generation of social scientists. ***</AbstractNarration>
    <MinAmdLetterDate>05/11/1994</MinAmdLetterDate>
    <MaxAmdLetterDate>05/11/1994</MaxAmdLetterDate>
    <ARRAAmount/>
    <AwardID>9400811</AwardID>
    <Investigator>
      <FirstName>Lynn</FirstName>
      <LastName>Smith-Lovin</LastName>
      <EmailAddress>smithlov@soc.duke.edu</EmailAddress>
      <StartDate>05/01/1994</StartDate>
      <EndDate/>
      <RoleCode>Principal Investigator</RoleCode>
    </Investigator>
    <Institution>
      <Name>University of Arizona</Name>
      <CityName>Tucson</CityName>
      <ZipCode>857194824</ZipCode>
      <PhoneNumber>5206266000</PhoneNumber>
      <StreetAddress>888 N Euclid Ave</StreetAddress>
      <CountryName>United States</CountryName>
      <StateName>Arizona</StateName>
      <StateCode>AZ</StateCode>
    </Institution>
    <FoaInformation>
      <Code>0000099</Code>
      <Name>Other Applications NEC</Name>
    </FoaInformation>
    <FoaInformation>
      <Code>86</Code>
      <Name>Sociology</Name>
    </FoaInformation>
    <ProgramElement>
      <Code>1331</Code>
      <Text>SOCIOLOGY</Text>
    </ProgramElement>
    <ProgramReference>
      <Code>0000</Code>
      <Text>UNASSIGNED</Text>
    </ProgramReference>
    <ProgramReference>
      <Code>OTHR</Code>
      <Text>OTHER RESEARCH OR EDUCATION</Text>
    </ProgramReference>
  </Award>
</rootTag>
