<?xml version="1.0" encoding="UTF-8"?>

<rootTag>
  <Award>
    <AwardTitle>Mathematical Science: Absolutely Continuous Conjugations</AwardTitle>
    <AwardEffectiveDate>06/01/1994</AwardEffectiveDate>
    <AwardExpirationDate>05/31/1996</AwardExpirationDate>
    <AwardAmount>40000</AwardAmount>
    <AwardInstrument>
      <Value>Standard Grant</Value>
    </AwardInstrument>
    <Organization>
      <Code>03040102</Code>
      <Directorate>
        <LongName>Direct For Mathematical &amp; Physical Scien</LongName>
      </Directorate>
      <Division>
        <LongName>Division Of Mathematical Sciences</LongName>
      </Division>
    </Organization>
    <ProgramOfficer>
      <SignBlockName>John V. Ryff</SignBlockName>
    </ProgramOfficer>
    <AbstractNarration>9400975 Hamilton This award supports mathematical research into problems arising in the modern theory of functions. A central theme of this theory is the deformation of functions by conjugation with bijections. Using tools of classical analysis, potential theory, quasiconformal mapping, boundary values of analytic functions, and conformal mapping two new approaches to old questions in the areas of Riemann surfaces and Complex Dynamics have been developed. The project will continue to exploit the ideas to prove rigidity results on Julia sets of rational functions. For example, if the Julia set is a curve then it has the Fatou property, that is, it is a circle or has dimension greater than one. For Riemann surfaces work will follow on a recent proof of the general version of the Bers Uniformization Theorem to prove a conjecture of Gromov on the uniqueness of the representation. Other work will focus on n-dimensional bilipschitz mappings in the context of quasiconformal mapping. In particular efforts will be made to characterize those which arise as reflections across boundaries of domains. Classical function theory has introduced geometric techniques which have proved to have far wider applicability than first imagined. The subject exploits the interplay between geometric interpretation with powerful analytic techniques to yield some of the most complete mathematical results in the field of analysis. In this project, variational techniques and geometric reasoning are expected to lead to results of valuable physical significance. ***</AbstractNarration>
    <MinAmdLetterDate>06/01/1994</MinAmdLetterDate>
    <MaxAmdLetterDate>06/01/1994</MaxAmdLetterDate>
    <ARRAAmount/>
    <AwardID>9400975</AwardID>
    <Investigator>
      <FirstName>David</FirstName>
      <LastName>Hamilton</LastName>
      <EmailAddress/>
      <StartDate>06/01/1994</StartDate>
      <EndDate/>
      <RoleCode>Principal Investigator</RoleCode>
    </Investigator>
    <Institution>
      <Name>University of Maryland College Park</Name>
      <CityName>COLLEGE PARK</CityName>
      <ZipCode>207425141</ZipCode>
      <PhoneNumber>3014056269</PhoneNumber>
      <StreetAddress>3112 LEE BLDG 7809 Regents Drive</StreetAddress>
      <CountryName>United States</CountryName>
      <StateName>Maryland</StateName>
      <StateCode>MD</StateCode>
    </Institution>
    <FoaInformation>
      <Code>21</Code>
      <Name>Mathematics</Name>
    </FoaInformation>
  </Award>
</rootTag>
