<?xml version="1.0" encoding="UTF-8"?>

<rootTag>
  <Award>
    <AwardTitle>Materials Research Science and Engineering Center</AwardTitle>
    <AwardEffectiveDate>09/01/1994</AwardEffectiveDate>
    <AwardExpirationDate>08/31/1999</AwardExpirationDate>
    <AwardAmount>10044600</AwardAmount>
    <AwardInstrument>
      <Value>Cooperative Agreement</Value>
    </AwardInstrument>
    <Organization>
      <Code>03070001</Code>
      <Directorate>
        <LongName>Direct For Mathematical &amp; Physical Scien</LongName>
      </Directorate>
      <Division>
        <LongName>Division Of Materials Research</LongName>
      </Division>
    </Organization>
    <ProgramOfficer>
      <SignBlockName>Carmen I. Huber</SignBlockName>
    </ProgramOfficer>
    <AbstractNarration>The Materials Research Science and Engineering Center (MRSEC) known as the Center on Polymer Interfaces and Macromolecular Assemblies (CPIMA) at Stanford University is a partnership among research groups at Stanford University, IBM-Almaden, and the University of California Davis. The center supports interactive research through three interdisciplinary research groups. The group investigating macromolecular design for enhanced film properties aims to design and synthesize novel polymers which have unique optical and electronic properties, and then characterize their equilibrium and dynamical behavior when they are constrained by interfaces. Researchers in the group focused on ultrathin films aim to design and synthesize substrate-bound ultrathin organic films that mediate the chemical and physical interactions between the substrate and an adjacent overlayer. Investigators in the group investigating the dynamics of interfacial processing seek to understand the interfacial transport processes that occur during the fabrication of ultrathin films of polymers and polymer-based nanoncomposite materials. The center also supports the development, operation and maintenance of shared experimental facilities for materials research. It provides seed funding for exploratory research, and fosters research participation by undergraduates. The center has educational programs from high school to the graduate level and carries out collaborative research with industry. The center currently supports about 16 senior investigators, 12 postdoctoral research associates, 2 technical staff members, 18 graduate students, and 6 undergraduates. This MRSEC is directed by Professor Curtis W. Frank.</AbstractNarration>
    <MinAmdLetterDate>09/28/1994</MinAmdLetterDate>
    <MaxAmdLetterDate>02/24/1999</MaxAmdLetterDate>
    <ARRAAmount/>
    <AwardID>9400354</AwardID>
    <Investigator>
      <FirstName>Curtis</FirstName>
      <LastName>Frank</LastName>
      <EmailAddress>curt.frank@stanford.edu</EmailAddress>
      <StartDate>03/30/1995</StartDate>
      <EndDate>06/21/1995</EndDate>
      <RoleCode>Former Principal Investigator</RoleCode>
    </Investigator>
    <Institution>
      <Name>Stanford University</Name>
      <CityName>Palo Alto</CityName>
      <ZipCode>943041212</ZipCode>
      <PhoneNumber>6507232300</PhoneNumber>
      <StreetAddress>3160 Porter Drive</StreetAddress>
      <CountryName>United States</CountryName>
      <StateName>California</StateName>
      <StateCode>CA</StateCode>
    </Institution>
    <FoaInformation>
      <Code>0106000</Code>
      <Name>Materials Research</Name>
    </FoaInformation>
    <FoaInformation>
      <Code>18</Code>
      <Name>Materials NEC</Name>
    </FoaInformation>
  </Award>
</rootTag>
