<?xml version="1.0" encoding="UTF-8"?>

<rootTag>
  <Award>
    <AwardTitle>Technician Support, R/V CAPE HATTERAS</AwardTitle>
    <AwardEffectiveDate>04/01/1994</AwardEffectiveDate>
    <AwardExpirationDate>09/30/1997</AwardExpirationDate>
    <AwardAmount>397257</AwardAmount>
    <AwardInstrument>
      <Value>Continuing grant</Value>
    </AwardInstrument>
    <Organization>
      <Code>06040100</Code>
      <Directorate>
        <LongName>Directorate For Geosciences</LongName>
      </Directorate>
      <Division>
        <LongName>Division Of Ocean Sciences</LongName>
      </Division>
    </Organization>
    <ProgramOfficer>
      <SignBlockName>Elizabeth Rom</SignBlockName>
    </ProgramOfficer>
    <AbstractNarration>Barber/Ustach 9400527 Duke University requests renewed funding for shipboard technician activities associated with the research vessel CAPE HATTERAS, a 135-foot vessel. The CAPE HATTERAS is owned by NSF and operated by Duke. In calendar year 1994, the CAPE HATTERAS will support a total of 157 days of NSF-funded research, primarily in the western North Atlantic. Duke technicians will be responsible for operating and repairing instruments while at sea, maintaining instruments ashore and assisting with scientific operations necessary before and after cruises.</AbstractNarration>
    <MinAmdLetterDate>03/24/1994</MinAmdLetterDate>
    <MaxAmdLetterDate>07/18/1996</MaxAmdLetterDate>
    <ARRAAmount/>
    <AwardID>9400527</AwardID>
    <Investigator>
      <FirstName>Joseph</FirstName>
      <LastName>Ustach</LastName>
      <EmailAddress>joeu@duke.edu</EmailAddress>
      <StartDate>04/01/1994</StartDate>
      <EndDate/>
      <RoleCode>Co-Principal Investigator</RoleCode>
    </Investigator>
    <Investigator>
      <FirstName>Richard</FirstName>
      <LastName>Barber</LastName>
      <EmailAddress>rbarber@duke.edu</EmailAddress>
      <StartDate>04/01/1994</StartDate>
      <EndDate/>
      <RoleCode>Principal Investigator</RoleCode>
    </Investigator>
    <Institution>
      <Name>Duke University</Name>
      <CityName>Durham</CityName>
      <ZipCode>277054010</ZipCode>
      <PhoneNumber>9196843030</PhoneNumber>
      <StreetAddress>2200 W. Main St, Suite 710</StreetAddress>
      <CountryName>United States</CountryName>
      <StateName>North Carolina</StateName>
      <StateCode>NC</StateCode>
    </Institution>
    <FoaInformation>
      <Code>0204000</Code>
      <Name>Oceanography</Name>
    </FoaInformation>
    <FoaInformation>
      <Code>49</Code>
      <Name>Environmental NEC</Name>
    </FoaInformation>
    <ProgramElement>
      <Code>5415</Code>
      <Text>OCEANOGRAPHIC TECHNICAL SERVCE</Text>
    </ProgramElement>
    <ProgramElement>
      <Code>Z693</Code>
      <Text/>
    </ProgramElement>
    <ProgramReference>
      <Code>0000</Code>
      <Text>UNASSIGNED</Text>
    </ProgramReference>
    <ProgramReference>
      <Code>OTHR</Code>
      <Text>OTHER RESEARCH OR EDUCATION</Text>
    </ProgramReference>
  </Award>
</rootTag>
