<?xml version="1.0" encoding="UTF-8"?>

<rootTag>
  <Award>
    <AwardTitle>Vertical Transport in Nonlinear Baroclinic Eddies</AwardTitle>
    <AwardEffectiveDate>04/15/1994</AwardEffectiveDate>
    <AwardExpirationDate>09/30/1996</AwardExpirationDate>
    <AwardAmount>85671</AwardAmount>
    <AwardInstrument>
      <Value>Continuing grant</Value>
    </AwardInstrument>
    <Organization>
      <Code>06020107</Code>
      <Directorate>
        <LongName>Directorate For Geosciences</LongName>
      </Directorate>
      <Division>
        <LongName>Div Atmospheric &amp; Geospace Sciences</LongName>
      </Division>
    </Organization>
    <ProgramOfficer>
      <SignBlockName>Pamela L. Stephens</SignBlockName>
    </ProgramOfficer>
    <AbstractNarration>9400574 Nakamura This project involves an investigation into the vertical transport of potential vorticity in baroclinic eddies as a means of understanding the tropospheric potential vorticity budget. The principal investigator is particularly interested in the roles of the surface frontogenesis and tropopause folds as sources/sinks of potential vorticity as well as the rate of exchange between the troposphere and stratosphere in storm track regions. The research will involve the use of several idealized two-dimensional and a three dimensional model to look the processes by which transport occurs and an analysis of a year long model simulation of the general circulation done with a state-of-the-art model to assess the statistics of potential vorticity variability. This research is important for understanding atmospheric general circulation and may provide important insights into tropospheric-stratospheric exchanges and the transport of anthropogenic gases into the stratosphere. ***</AbstractNarration>
    <MinAmdLetterDate>04/22/1994</MinAmdLetterDate>
    <MaxAmdLetterDate>02/23/1995</MaxAmdLetterDate>
    <ARRAAmount/>
    <AwardID>9400574</AwardID>
    <Investigator>
      <FirstName>Noboru</FirstName>
      <LastName>Nakamura</LastName>
      <EmailAddress>nnn@bethel.uchicago.edu</EmailAddress>
      <StartDate>04/15/1994</StartDate>
      <EndDate/>
      <RoleCode>Principal Investigator</RoleCode>
    </Investigator>
    <Institution>
      <Name>University of Chicago</Name>
      <CityName>Chicago</CityName>
      <ZipCode>606375418</ZipCode>
      <PhoneNumber>7737028669</PhoneNumber>
      <StreetAddress>5801 South Ellis Avenue</StreetAddress>
      <CountryName>United States</CountryName>
      <StateName>Illinois</StateName>
      <StateCode>IL</StateCode>
    </Institution>
    <FoaInformation>
      <Code>0000099</Code>
      <Name>Other Applications NEC</Name>
    </FoaInformation>
  </Award>
</rootTag>
