<?xml version="1.0" encoding="UTF-8"?>

<rootTag>
  <Award>
    <AwardTitle>U.S.-Sweden Cooperative Research: How Marine Organisms Adapt to Low Salinity Habitats</AwardTitle>
    <AwardEffectiveDate>08/15/1994</AwardEffectiveDate>
    <AwardExpirationDate>07/31/1997</AwardExpirationDate>
    <AwardAmount>37500</AwardAmount>
    <AwardInstrument>
      <Value>Standard Grant</Value>
    </AwardInstrument>
    <Organization>
      <Code>01090000</Code>
      <Directorate>
        <LongName>Office Of The Director</LongName>
      </Directorate>
      <Division>
        <LongName>Office Of Internatl Science &amp;Engineering</LongName>
      </Division>
    </Organization>
    <ProgramOfficer>
      <SignBlockName>Rose Gombay</SignBlockName>
    </ProgramOfficer>
    <AbstractNarration>9400199 Brawley This three-year award supports U.S.-Sweden cooperative research in marine biology. Researchers, undergraduates and graduate students at the University of Maine, Stockholm University and University of Umea will conduct field and laboratory studies on how marine organisms adapt to and invade freshwater habitats over evolutionary time scales. By studying organisms in low-salinity habitats, the investigators propose to extend their findings to freshwater habitats. The Baltic Sea is an ideal site because it is the largest body of brackish water on Earth and has an extensive and well-known post-glacial history. Fucus vesiculosus, a fucoid algae found in abundance in the Baltic, is the focus of the study. It has adapted gradually to brackish waters and serves as an important spawning and nursery ground for marine organisms including some economically important fish. The project takes advantage of complementary expertise of U.S. investigator, Susan Brawley, and her Swedish counterparts, Lena Kautsky and Goran Samuelsson. Dr. Brawley brings to this collaboration expertise in biology, physiology and genetics of seaweeds. This is complemented by Swedish knowledge in ecology and ecotoxicology. The research will advance understanding of the geographical distribution, speciation and evolution of marine seaweeds, particularly a species which is currently threatened by pollution. ***</AbstractNarration>
    <MinAmdLetterDate>08/05/1994</MinAmdLetterDate>
    <MaxAmdLetterDate>08/05/1994</MaxAmdLetterDate>
    <ARRAAmount/>
    <AwardID>9400199</AwardID>
    <Investigator>
      <FirstName>Susan</FirstName>
      <LastName>Brawley</LastName>
      <EmailAddress>brawley@maine.edu</EmailAddress>
      <StartDate>08/15/1994</StartDate>
      <EndDate/>
      <RoleCode>Principal Investigator</RoleCode>
    </Investigator>
    <Institution>
      <Name>University of Maine</Name>
      <CityName>ORONO</CityName>
      <ZipCode>044695717</ZipCode>
      <PhoneNumber>2075811484</PhoneNumber>
      <StreetAddress>5717 Corbett Hall</StreetAddress>
      <CountryName>United States</CountryName>
      <StateName>Maine</StateName>
      <StateCode>ME</StateCode>
    </Institution>
    <FoaInformation>
      <Code>0313000</Code>
      <Name>Regional &amp; Environmental</Name>
    </FoaInformation>
  </Award>
</rootTag>
