<?xml version="1.0" encoding="UTF-8"?>

<rootTag>
  <Award>
    <AwardTitle>Mathematical Sciences: Iterative Methods for Large-Scale NonLinear and Linear Systems</AwardTitle>
    <AwardEffectiveDate>07/15/1994</AwardEffectiveDate>
    <AwardExpirationDate>06/30/1997</AwardExpirationDate>
    <AwardAmount>34300</AwardAmount>
    <AwardInstrument>
      <Value>Standard Grant</Value>
    </AwardInstrument>
    <Organization>
      <Code>03040109</Code>
      <Directorate>
        <LongName>Direct For Mathematical &amp; Physical Scien</LongName>
      </Directorate>
      <Division>
        <LongName>Division Of Mathematical Sciences</LongName>
      </Division>
    </Organization>
    <ProgramOfficer>
      <SignBlockName>Michael H. Steuerwalt</SignBlockName>
    </ProgramOfficer>
    <AbstractNarration>The investigator develops more effective and efficient Newton iterative (truncated Newton) methods, i.e., implementations of Newton's method that use iterative linear algebra methods. A concomitant objective is to develop improved Krylov subspace methods and associated techniques for linear problems; this work supports the primary objective and is important in its own right. The project centers around recently developed globally convergent inexact Newton algorithms, improved implementations of GMRES, and new applications of Lanczos-based methods and "residual smoothing" techniques. A specific goal is to construct high-quality codes for Newton iterative methods and for GMRES that are suitable for public distribution. Newton iterative methods and Krylov subspace methods have many important scientific and industrial applications; examples include aircraft dynamics modeling, semiconductor modeling, climate modeling, oil reservoir simulation, and contaminant transport in aquifers. The large-scale problems to which they are usually applied often require high-performance vector and parallel computers and, indeed, have provided significant incentive for their development. This research contributes to improved computational modeling techniques for scientific and industrial applications and more effective utilization of high-performance computers.</AbstractNarration>
    <MinAmdLetterDate>07/14/1994</MinAmdLetterDate>
    <MaxAmdLetterDate>07/07/1995</MaxAmdLetterDate>
    <ARRAAmount/>
    <AwardID>9400217</AwardID>
    <Investigator>
      <FirstName>Homer</FirstName>
      <LastName>Walker</LastName>
      <EmailAddress>walker@wpi.edu</EmailAddress>
      <StartDate>07/15/1994</StartDate>
      <EndDate/>
      <RoleCode>Principal Investigator</RoleCode>
    </Investigator>
    <Institution>
      <Name>Utah State University</Name>
      <CityName>Logan</CityName>
      <ZipCode>843221415</ZipCode>
      <PhoneNumber>4357971226</PhoneNumber>
      <StreetAddress>Sponsored Programs Office</StreetAddress>
      <CountryName>United States</CountryName>
      <StateName>Utah</StateName>
      <StateCode>UT</StateCode>
    </Institution>
    <FoaInformation>
      <Code>0000099</Code>
      <Name>Other Applications NEC</Name>
    </FoaInformation>
    <FoaInformation>
      <Code>21</Code>
      <Name>Mathematics</Name>
    </FoaInformation>
    <ProgramElement>
      <Code>1266</Code>
      <Text>APPLIED MATHEMATICS</Text>
    </ProgramElement>
    <ProgramElement>
      <Code>1271</Code>
      <Text>COMPUTATIONAL MATHEMATICS</Text>
    </ProgramElement>
    <ProgramReference>
      <Code>0000</Code>
      <Text>UNASSIGNED</Text>
    </ProgramReference>
    <ProgramReference>
      <Code>9263</Code>
      <Text>COMPUTATIONAL SCIENCE &amp; ENGING</Text>
    </ProgramReference>
    <ProgramReference>
      <Code>OTHR</Code>
      <Text>OTHER RESEARCH OR EDUCATION</Text>
    </ProgramReference>
  </Award>
</rootTag>
