<?xml version="1.0" encoding="UTF-8"?>

<rootTag>
  <Award>
    <AwardTitle>MATHEMATICAL SCIENCES: Galois Representations</AwardTitle>
    <AwardEffectiveDate>07/01/1994</AwardEffectiveDate>
    <AwardExpirationDate>12/31/1997</AwardExpirationDate>
    <AwardAmount>71349</AwardAmount>
    <AwardInstrument>
      <Value>Continuing grant</Value>
    </AwardInstrument>
    <Organization>
      <Code>03040300</Code>
      <Directorate>
        <LongName>Direct For Mathematical &amp; Physical Scien</LongName>
      </Directorate>
      <Division>
        <LongName>Division Of Mathematical Sciences</LongName>
      </Division>
    </Organization>
    <ProgramOfficer>
      <SignBlockName>Sidney W. Graham</SignBlockName>
    </ProgramOfficer>
    <AbstractNarration>9400833 Larsen This award funds the investigations of Prof. Michael Larsen into monodromy representations of fundamental groups especially as they arise in number theory. Prof. Larsen will attempt to compute monodromy groups in particular cases and study variations caused by changes in the base data. He would like to be able to construct examples where the monodromy group is prescribed beforehand, an inverse problem based on the invariants of the induced representation. This is research in the field of arithmetic algebraic geometry, a subject that combines the techniques of algebraic geometry and number theory. In its original formulation, algebraic geometry treated figures that could be defined in the plane by the simplest equations, namely polynomials. Number theory started with the whole numbers and such questions as divisibility of one whole number by another. These two subjects, seemingly so far apart, have in fact influenced each other from the earliest times, but in the past quarter century the mutual influence has increased greatly. The result has been an increased understanding of both areas of mathematics.</AbstractNarration>
    <MinAmdLetterDate>04/20/1994</MinAmdLetterDate>
    <MaxAmdLetterDate>04/29/1996</MaxAmdLetterDate>
    <ARRAAmount/>
    <AwardID>9400833</AwardID>
    <Investigator>
      <FirstName>Michael</FirstName>
      <LastName>Larsen</LastName>
      <EmailAddress>mjlarsen@indiana.edu</EmailAddress>
      <StartDate>07/01/1994</StartDate>
      <EndDate/>
      <RoleCode>Principal Investigator</RoleCode>
    </Investigator>
    <Institution>
      <Name>University of Pennsylvania</Name>
      <CityName>Philadelphia</CityName>
      <ZipCode>191046205</ZipCode>
      <PhoneNumber>2158987293</PhoneNumber>
      <StreetAddress>Research Services</StreetAddress>
      <CountryName>United States</CountryName>
      <StateName>Pennsylvania</StateName>
      <StateCode>PA</StateCode>
    </Institution>
    <FoaInformation>
      <Code>0000099</Code>
      <Name>Other Applications NEC</Name>
    </FoaInformation>
  </Award>
</rootTag>
