<?xml version="1.0" encoding="UTF-8"?>

<rootTag>
  <Award>
    <AwardTitle>Three-Dimensional Inverse Heat Conduction for Calculating Local Surface Temperature and Heat Flux</AwardTitle>
    <AwardEffectiveDate>02/01/1995</AwardEffectiveDate>
    <AwardExpirationDate>07/31/1998</AwardExpirationDate>
    <AwardAmount>133540</AwardAmount>
    <AwardInstrument>
      <Value>Standard Grant</Value>
    </AwardInstrument>
    <Organization>
      <Code>07020000</Code>
      <Directorate>
        <LongName>Directorate For Engineering</LongName>
      </Directorate>
      <Division>
        <LongName>Div Of Chem, Bioeng, Env, &amp; Transp Sys</LongName>
      </Division>
    </Organization>
    <ProgramOfficer>
      <SignBlockName>ASHLEY F EMERY</SignBlockName>
    </ProgramOfficer>
    <AbstractNarration>ABSTRACT CTS-9400647 A. Haji-Sheikh The proposal is to explore an inverse method for solving three-dimensional heat conduction problems based on Green's theorem. Verification of the method is proposed by both forward solution of the inverse problem and by experiment. Solutions to inverse problems are necessary when property data is to be recovered from temperature and/or heat flux measurements at surfaces, and accurate three-dimensional methods are not available. The work has application in providing real-time control of spray cooling in metallurgical heat treating and the cooling of high temperature materials in manufacturing processes as well as in advanced electronic cooling.</AbstractNarration>
    <MinAmdLetterDate>02/13/1995</MinAmdLetterDate>
    <MaxAmdLetterDate>07/11/1996</MaxAmdLetterDate>
    <ARRAAmount/>
    <AwardID>9400647</AwardID>
    <Investigator>
      <FirstName>A.</FirstName>
      <LastName>Haji-Sheikh</LastName>
      <EmailAddress>haji@mae.uta.edu</EmailAddress>
      <StartDate>02/13/1995</StartDate>
      <EndDate/>
      <RoleCode>Principal Investigator</RoleCode>
    </Investigator>
    <Institution>
      <Name>University of Texas at Arlington</Name>
      <CityName>Arlington</CityName>
      <ZipCode>760190145</ZipCode>
      <PhoneNumber>8172722105</PhoneNumber>
      <StreetAddress>1 UNIVERSITY OF TEXAS AT</StreetAddress>
      <CountryName>United States</CountryName>
      <StateName>Texas</StateName>
      <StateCode>TX</StateCode>
    </Institution>
    <FoaInformation>
      <Code>0308000</Code>
      <Name>Industrial Technology</Name>
    </FoaInformation>
    <FoaInformation>
      <Code>0306000</Code>
      <Name>Energy Research &amp; Resources</Name>
    </FoaInformation>
    <FoaInformation>
      <Code>0510203</Code>
      <Name>Model Validation</Name>
    </FoaInformation>
  </Award>
</rootTag>
