<?xml version="1.0" encoding="UTF-8"?>

<rootTag>
  <Award>
    <AwardTitle>Mathematical Sciences: Geometric Nonlinear Harmonic Analysis</AwardTitle>
    <AwardEffectiveDate>06/01/1994</AwardEffectiveDate>
    <AwardExpirationDate>05/31/1997</AwardExpirationDate>
    <AwardAmount>132483</AwardAmount>
    <AwardInstrument>
      <Value>Continuing grant</Value>
    </AwardInstrument>
    <Organization>
      <Code>03040200</Code>
      <Directorate>
        <LongName>Direct For Mathematical &amp; Physical Scien</LongName>
      </Directorate>
      <Division>
        <LongName>Division Of Mathematical Sciences</LongName>
      </Division>
    </Organization>
    <ProgramOfficer>
      <SignBlockName>Joe W. Jenkins</SignBlockName>
    </ProgramOfficer>
    <AbstractNarration>9400230 Semmes The proposed research involves a combination of harmonic analysis and geometric measure theory that is somewhat complicated. Conventionally one likes to ask questions about the relationship between the geometry of a set in a Euclidean space and the analysis of functions and linear operators associated to this set. One can also consider the geometry and complexity of sets in Euclidean spaces for their own sake, and look for methods to detect when a set has some nice interesting structure, e.g., when it can be parametrized in a nice way with estimates. For this latter endeavor harmonic analysis has a slightly indirect relevance, by providing guidance for what "interesting structure" might mean, as well as useful techniques. However, many of the traditional tools of harmonic analysis do not apply in this inherently nonlinear setting, and in fact there are results in the geometric setting whose counterparts in classical analysis are false. The work of Semmes involves the interplay between measure theory, geometry and analysis. Given a set of points in space, one can ask whether it can be measured. In the case of a one dimensional set, this is the question of whether it has finite length. This can be a very subtle question in analysis. Classical answers to this question often involve boundedness of certain operations on spaces of functions on the set. In this project answers to the question of "measurability" will be sought where the classical approaches cannot work. This will involve replacing the classical operations by more complicated nonlinear operations. ***</AbstractNarration>
    <MinAmdLetterDate>05/17/1994</MinAmdLetterDate>
    <MaxAmdLetterDate>03/12/1996</MaxAmdLetterDate>
    <ARRAAmount/>
    <AwardID>9400230</AwardID>
    <Investigator>
      <FirstName>Stephen</FirstName>
      <LastName>Semmes</LastName>
      <EmailAddress>semmes@rice.edu</EmailAddress>
      <StartDate>06/01/1994</StartDate>
      <EndDate/>
      <RoleCode>Principal Investigator</RoleCode>
    </Investigator>
    <Institution>
      <Name>William Marsh Rice University</Name>
      <CityName>Houston</CityName>
      <ZipCode>770051827</ZipCode>
      <PhoneNumber>7133484820</PhoneNumber>
      <StreetAddress>6100 MAIN ST</StreetAddress>
      <CountryName>United States</CountryName>
      <StateName>Texas</StateName>
      <StateCode>TX</StateCode>
    </Institution>
    <FoaInformation>
      <Code>0000099</Code>
      <Name>Other Applications NEC</Name>
    </FoaInformation>
    <FoaInformation>
      <Code>21</Code>
      <Name>Mathematics</Name>
    </FoaInformation>
    <ProgramElement>
      <Code>1262</Code>
      <Text>MODERN ANALYSIS</Text>
    </ProgramElement>
    <ProgramElement>
      <Code>1281</Code>
      <Text>ANALYSIS PROGRAM</Text>
    </ProgramElement>
    <ProgramReference>
      <Code>9218</Code>
      <Text>BASIC RESEARCH &amp; HUMAN RESORCS</Text>
    </ProgramReference>
    <ProgramReference>
      <Code>HPCC</Code>
      <Text>HIGH PERFORMANCE COMPUTING &amp; COMM</Text>
    </ProgramReference>
  </Award>
</rootTag>
