<?xml version="1.0" encoding="UTF-8"?>

<rootTag>
  <Award>
    <AwardTitle>Mathematical Sciences: Galois Structures, Capacity Theory and Intersection Theory</AwardTitle>
    <AwardEffectiveDate>07/01/1994</AwardEffectiveDate>
    <AwardExpirationDate>06/30/1997</AwardExpirationDate>
    <AwardAmount>75000</AwardAmount>
    <AwardInstrument>
      <Value>Continuing grant</Value>
    </AwardInstrument>
    <Organization>
      <Code>03040300</Code>
      <Directorate>
        <LongName>Direct For Mathematical &amp; Physical Scien</LongName>
      </Directorate>
      <Division>
        <LongName>Division Of Mathematical Sciences</LongName>
      </Division>
    </Organization>
    <ProgramOfficer>
      <SignBlockName>Sidney W. Graham</SignBlockName>
    </ProgramOfficer>
    <AbstractNarration>Professor Chinburg will work on Galois Module Structure for Schemes and the connection between capacity theory and intersection theory on varieties. In particular he will work on Euler characteristics using equivariant Riemann-Roch theorems. He will also work on limits of metrizied cycles in arbitrary codimension. This project falls into the general area of arithmetic geometry - a subject that blends two of the oldest areas of mathematics: number theory and geometry. This combination has proved extraordinarily fruitful - having recently solved problems that withstood generations. Among its many consequences are new error correcting codes. Such codes are essential for both modern computers (hard disks) and compact disks.</AbstractNarration>
    <MinAmdLetterDate>06/24/1994</MinAmdLetterDate>
    <MaxAmdLetterDate>04/08/1996</MaxAmdLetterDate>
    <ARRAAmount/>
    <AwardID>9400748</AwardID>
    <Investigator>
      <FirstName>Ted</FirstName>
      <LastName>Chinburg</LastName>
      <EmailAddress>ted@math.upenn.edu</EmailAddress>
      <StartDate>07/01/1994</StartDate>
      <EndDate/>
      <RoleCode>Principal Investigator</RoleCode>
    </Investigator>
    <Institution>
      <Name>University of Pennsylvania</Name>
      <CityName>Philadelphia</CityName>
      <ZipCode>191046205</ZipCode>
      <PhoneNumber>2158987293</PhoneNumber>
      <StreetAddress>Research Services</StreetAddress>
      <CountryName>United States</CountryName>
      <StateName>Pennsylvania</StateName>
      <StateCode>PA</StateCode>
    </Institution>
  </Award>
</rootTag>
