<?xml version="1.0" encoding="UTF-8"?>

<rootTag>
  <Award>
    <AwardTitle>The Geochemistry of Hydrothermal Sediments, Middle Valley Juan de Fuca Ridge</AwardTitle>
    <AwardEffectiveDate>12/01/1993</AwardEffectiveDate>
    <AwardExpirationDate>05/31/1996</AwardExpirationDate>
    <AwardAmount>82953</AwardAmount>
    <AwardInstrument>
      <Value>Continuing grant</Value>
    </AwardInstrument>
    <Organization>
      <Code>06040200</Code>
      <Directorate>
        <LongName>Directorate For Geosciences</LongName>
      </Directorate>
      <Division>
        <LongName>Division Of Ocean Sciences</LongName>
      </Division>
    </Organization>
    <ProgramOfficer>
      <SignBlockName>Bilal U. Haq</SignBlockName>
    </ProgramOfficer>
    <AbstractNarration>Rigsby 9400751 In this project the PIs will determine the O, C, Sr, and Pb-isotopic composition of carbonates recovered from the Middle Valley of the northern JdF at ODP Leg 139. They will also perform whole-core radiography to determine textural variations downhole. The objective is to obtain past and existing thermal profiles, fluid advection, and sources of metals in sediments of past and present hydrothermal system. They also wish to investigate the sulfide ore deposition in these sediments. The PIs' and their collaborators' ultimate goal is to develop models of hydrothermal fluid circulation and chemical exchange between fluids and sediments through time. A second Leg is now being planned (along with USGS collaborators) to drill the Middle Valley sediments to specifically examine the problem of sulfide mineralization.</AbstractNarration>
    <MinAmdLetterDate>12/28/1993</MinAmdLetterDate>
    <MaxAmdLetterDate>05/19/1995</MaxAmdLetterDate>
    <ARRAAmount/>
    <AwardID>9400751</AwardID>
    <Investigator>
      <FirstName>Catherine</FirstName>
      <LastName>Rigsby</LastName>
      <EmailAddress>rigsbyc@ecu.edu</EmailAddress>
      <StartDate>12/01/1993</StartDate>
      <EndDate/>
      <RoleCode>Principal Investigator</RoleCode>
    </Investigator>
    <Institution>
      <Name>East Carolina University</Name>
      <CityName>Greenville</CityName>
      <ZipCode>278584353</ZipCode>
      <PhoneNumber>2523289540</PhoneNumber>
      <StreetAddress>Office of Sponsored Programs</StreetAddress>
      <CountryName>United States</CountryName>
      <StateName>North Carolina</StateName>
      <StateCode>NC</StateCode>
    </Institution>
    <FoaInformation>
      <Code>42</Code>
      <Name>Geological Sciences</Name>
    </FoaInformation>
  </Award>
</rootTag>
