<?xml version="1.0" encoding="UTF-8"?>

<rootTag>
  <Award>
    <AwardTitle>Multiscales Models in Computational Biology</AwardTitle>
    <AwardEffectiveDate>12/15/1994</AwardEffectiveDate>
    <AwardExpirationDate>11/30/1997</AwardExpirationDate>
    <AwardAmount>165230</AwardAmount>
    <AwardInstrument>
      <Value>Continuing grant</Value>
    </AwardInstrument>
    <Organization>
      <Code>08080205</Code>
      <Directorate>
        <LongName>Direct For Biological Sciences</LongName>
      </Directorate>
      <Division>
        <LongName>Div Of Biological Infrastructure</LongName>
      </Division>
    </Organization>
    <ProgramOfficer>
      <SignBlockName>THOMAS QUARLES</SignBlockName>
    </ProgramOfficer>
    <AbstractNarration>9400642 Wagner This award will support the technical infrastructure of the Center of Computational Ecology, which in turn will help support the development of computational models in several areas represented by the researchers at this center. The group is involved in developing, implementing, validating, and distributing multiscale simulation models in biological research. One of the key difficulties in understanding biological systems is the fact that every biological phenomenon involves processes at more than one spatial and organizational level and that these different processes are inextricably linked. Consequently, to understand and predict the behavior of biological systems, models must be developed and validated that simulate complex multiscale biological systems. The group is involved in specific projects that represent complementary approaches to solving problems of multiscale computational modeling.</AbstractNarration>
    <MinAmdLetterDate>11/17/1994</MinAmdLetterDate>
    <MaxAmdLetterDate>10/22/1996</MaxAmdLetterDate>
    <ARRAAmount/>
    <AwardID>9400642</AwardID>
    <Investigator>
      <FirstName>Leo</FirstName>
      <LastName>Buss</LastName>
      <EmailAddress>leo.buss@yale.edu</EmailAddress>
      <StartDate>11/17/1994</StartDate>
      <EndDate/>
      <RoleCode>Co-Principal Investigator</RoleCode>
    </Investigator>
    <Investigator>
      <FirstName>Gunter</FirstName>
      <LastName>Wagner</LastName>
      <EmailAddress>gunter.wagner@yale.edu</EmailAddress>
      <StartDate>11/17/1994</StartDate>
      <EndDate/>
      <RoleCode>Principal Investigator</RoleCode>
    </Investigator>
    <Investigator>
      <FirstName>Oswald</FirstName>
      <LastName>Schmitz</LastName>
      <EmailAddress>oswald.schmitz@yale.edu</EmailAddress>
      <StartDate>11/17/1994</StartDate>
      <EndDate/>
      <RoleCode>Co-Principal Investigator</RoleCode>
    </Investigator>
    <Institution>
      <Name>Yale University</Name>
      <CityName>New Haven</CityName>
      <ZipCode>065208327</ZipCode>
      <PhoneNumber>2037854689</PhoneNumber>
      <StreetAddress>Office of Sponsored Projects</StreetAddress>
      <CountryName>United States</CountryName>
      <StateName>Connecticut</StateName>
      <StateCode>CT</StateCode>
    </Institution>
    <FoaInformation>
      <Code>0510204</Code>
      <Name>Data Banks &amp; Software Design</Name>
    </FoaInformation>
  </Award>
</rootTag>
