<?xml version="1.0" encoding="UTF-8"?>

<rootTag>
  <Award>
    <AwardTitle>Trace Gas and Aerosols Emissions from Biomass Burning in Brazil</AwardTitle>
    <AwardEffectiveDate>09/01/1994</AwardEffectiveDate>
    <AwardExpirationDate>08/31/1998</AwardExpirationDate>
    <AwardAmount>312194</AwardAmount>
    <AwardInstrument>
      <Value>Continuing grant</Value>
    </AwardInstrument>
    <Organization>
      <Code>06020104</Code>
      <Directorate>
        <LongName>Directorate For Geosciences</LongName>
      </Directorate>
      <Division>
        <LongName>Div Atmospheric &amp; Geospace Sciences</LongName>
      </Division>
    </Organization>
    <ProgramOfficer>
      <SignBlockName>Anne-Marie Schmoltner</SignBlockName>
    </ProgramOfficer>
    <AbstractNarration>Biomass burning worldwide is a significant source of a number of important atmospheric trace gases (e.g., C0, C02, CH4, NH3) and aerosols. It therefore plays an important role in atmospheric chemistry and, possibly, in the radiative balance of the earth. The purpose of this research is to improve quantitative estimates for the emissions of a number of trace gases and aerosols from biomass burning in tropical forests, which is probably the largest source of emissions from biomass burning worldwide. Airborne measuring techniques which have been applied successfully by this research group to studies of biomass burning in North America and the 1991 Kuwait oil fires, will be used to measure the masses of various gases and aerosols emitted into the atmosphere per unit mass of fuel burned from various types of fires in Brazil. These measurements will be used to improve estimates of global emissions of the measured species from biomass burning in the tropics. The chemical composition, cloud condensation nucleus activity, and time evolution of the aerosols from the fires will also be measured. These studies will form part of a larger investigations of both the physical and chemical properties and effects on the atmosphere of biomass burning in Brazil. The funds provided by NSF will support the chemical component of the overall study.</AbstractNarration>
    <MinAmdLetterDate>08/23/1994</MinAmdLetterDate>
    <MaxAmdLetterDate>06/19/1996</MaxAmdLetterDate>
    <ARRAAmount/>
    <AwardID>9400760</AwardID>
    <Investigator>
      <FirstName>Ronald</FirstName>
      <LastName>Ferek</LastName>
      <EmailAddress>ferekr@onr.navy.mil</EmailAddress>
      <StartDate>09/01/1994</StartDate>
      <EndDate/>
      <RoleCode>Co-Principal Investigator</RoleCode>
    </Investigator>
    <Investigator>
      <FirstName>Peter</FirstName>
      <LastName>Hobbs</LastName>
      <EmailAddress>phobbs@atmos.washington.edu</EmailAddress>
      <StartDate>09/01/1994</StartDate>
      <EndDate/>
      <RoleCode>Principal Investigator</RoleCode>
    </Investigator>
    <Institution>
      <Name>University of Washington</Name>
      <CityName>Seattle</CityName>
      <ZipCode>981950001</ZipCode>
      <PhoneNumber>2065434043</PhoneNumber>
      <StreetAddress>4333 Brooklyn Ave NE</StreetAddress>
      <CountryName>United States</CountryName>
      <StateName>Washington</StateName>
      <StateCode>WA</StateCode>
    </Institution>
    <FoaInformation>
      <Code>0000099</Code>
      <Name>Other Applications NEC</Name>
    </FoaInformation>
    <FoaInformation>
      <Code>41</Code>
      <Name>Atmospheric Sciences</Name>
    </FoaInformation>
    <ProgramElement>
      <Code>1524</Code>
      <Text>ATMOSPHERIC CHEMISTRY</Text>
    </ProgramElement>
    <ProgramReference>
      <Code>1309</Code>
      <Text>GLOBAL TROPOSPHERIC CHEMISTRY</Text>
    </ProgramReference>
    <ProgramReference>
      <Code>EGCH</Code>
      <Text>ENVIRONMENT AND GLOBAL CHANGE</Text>
    </ProgramReference>
    <ProgramReference>
      <Code>GLCH</Code>
      <Text>GLOBAL CHANGE</Text>
    </ProgramReference>
  </Award>
</rootTag>
