<?xml version="1.0" encoding="UTF-8"?>

<rootTag>
  <Award>
    <AwardTitle>Complexity of Feasible Computations</AwardTitle>
    <AwardEffectiveDate>09/15/1994</AwardEffectiveDate>
    <AwardExpirationDate>08/31/1998</AwardExpirationDate>
    <AwardAmount>360794</AwardAmount>
    <AwardInstrument>
      <Value>Continuing grant</Value>
    </AwardInstrument>
    <Organization>
      <Code>05010100</Code>
      <Directorate>
        <LongName>Direct For Computer &amp; Info Scie &amp; Enginr</LongName>
      </Directorate>
      <Division>
        <LongName>Division of Computing and Communication Foundations</LongName>
      </Division>
    </Organization>
    <ProgramOfficer>
      <SignBlockName>Yechezkel Zalcstein</SignBlockName>
    </ProgramOfficer>
    <AbstractNarration>9400229 Selman This work will continue the research effort on the computational complexity of feasible computations. The objective is to distinguish properties of complexity classes that contain feasible computations from those that do not, to reveal the rich structure that individual complexity classes, such as NP, appear to have, and to increase understanding of the structural relations between low-level complexity classes. The emphasis will be to continue research on the complexity of multivalued computations and on relations between nonuniform and uniform complexity. The approach is the standard paradigm of structural complexity, that is, to elicit structural properties of complexity classes rather than analyze individual concrete problems. ***</AbstractNarration>
    <MinAmdLetterDate>09/29/1994</MinAmdLetterDate>
    <MaxAmdLetterDate>09/29/1994</MaxAmdLetterDate>
    <ARRAAmount/>
    <AwardID>9400229</AwardID>
    <Investigator>
      <FirstName>Alan</FirstName>
      <LastName>Selman</LastName>
      <EmailAddress>selman@buffalo.edu</EmailAddress>
      <StartDate>09/15/1994</StartDate>
      <EndDate/>
      <RoleCode>Principal Investigator</RoleCode>
    </Investigator>
    <Institution>
      <Name>SUNY at Buffalo</Name>
      <CityName>Amherst</CityName>
      <ZipCode>142282567</ZipCode>
      <PhoneNumber>7166452634</PhoneNumber>
      <StreetAddress>520 Lee Entrance</StreetAddress>
      <CountryName>United States</CountryName>
      <StateName>New York</StateName>
      <StateCode>NY</StateCode>
    </Institution>
    <FoaInformation>
      <Code>0000099</Code>
      <Name>Other Applications NEC</Name>
    </FoaInformation>
    <FoaInformation>
      <Code>31</Code>
      <Name>Computer Science &amp; Engineering</Name>
    </FoaInformation>
    <ProgramElement>
      <Code>2860</Code>
      <Text>THEORY OF COMPUTING</Text>
    </ProgramElement>
    <ProgramReference>
      <Code>9218</Code>
      <Text>BASIC RESEARCH &amp; HUMAN RESORCS</Text>
    </ProgramReference>
    <ProgramReference>
      <Code>HPCC</Code>
      <Text>HIGH PERFORMANCE COMPUTING &amp; COMM</Text>
    </ProgramReference>
  </Award>
</rootTag>
