<?xml version="1.0" encoding="UTF-8"?>

<rootTag>
  <Award>
    <AwardTitle>Mathematical Sciences: Coxeter Groups and Lie Theory</AwardTitle>
    <AwardEffectiveDate>07/15/1994</AwardEffectiveDate>
    <AwardExpirationDate>06/30/1997</AwardExpirationDate>
    <AwardAmount>59200</AwardAmount>
    <AwardInstrument>
      <Value>Continuing grant</Value>
    </AwardInstrument>
    <Organization>
      <Code>03040300</Code>
      <Directorate>
        <LongName>Direct For Mathematical &amp; Physical Scien</LongName>
      </Directorate>
      <Division>
        <LongName>Division Of Mathematical Sciences</LongName>
      </Division>
    </Organization>
    <ProgramOfficer>
      <SignBlockName>Gary Cornell</SignBlockName>
    </ProgramOfficer>
    <AbstractNarration>This award supports research on the theory of Lie algebras. The principal investigator will work on proving a general Kazhdan-Lusztig conjecture for some rings associated to reflection representations of Coxeter groups. It is expected that, for crystallographic Coxeter groups, study of these rings and their integral forms will have important consequences for some central problems in Lie theory. The main object of the research is to obtain additional information on the structure of these rings and related algebras. This project is concerned with the study of Lie algebras and , in particular, with the Kahzdan-Lusztig polynomials. The Kahzdan-Lusztig polynomial is a combinatorially defined object having deep connections with structures in geometry and representation theory. This work is important both in mathematics and physics.</AbstractNarration>
    <MinAmdLetterDate>07/11/1994</MinAmdLetterDate>
    <MaxAmdLetterDate>05/14/1996</MaxAmdLetterDate>
    <ARRAAmount/>
    <AwardID>9400796</AwardID>
    <Investigator>
      <FirstName>Matthew</FirstName>
      <LastName>Dyer</LastName>
      <EmailAddress/>
      <StartDate>07/15/1994</StartDate>
      <EndDate/>
      <RoleCode>Principal Investigator</RoleCode>
    </Investigator>
    <Institution>
      <Name>University of Notre Dame</Name>
      <CityName>NOTRE DAME</CityName>
      <ZipCode>465565708</ZipCode>
      <PhoneNumber>5746317432</PhoneNumber>
      <StreetAddress>940 Grace Hall</StreetAddress>
      <CountryName>United States</CountryName>
      <StateName>Indiana</StateName>
      <StateCode>IN</StateCode>
    </Institution>
    <FoaInformation>
      <Code>21</Code>
      <Name>Mathematics</Name>
    </FoaInformation>
  </Award>
</rootTag>
