<?xml version="1.0" encoding="UTF-8"?>

<rootTag>
  <Award>
    <AwardTitle>Shipboard Technicians</AwardTitle>
    <AwardEffectiveDate>04/15/1994</AwardEffectiveDate>
    <AwardExpirationDate>03/31/1998</AwardExpirationDate>
    <AwardAmount>999714</AwardAmount>
    <AwardInstrument>
      <Value>Continuing grant</Value>
    </AwardInstrument>
    <Organization>
      <Code>06040100</Code>
      <Directorate>
        <LongName>Directorate For Geosciences</LongName>
      </Directorate>
      <Division>
        <LongName>Division Of Ocean Sciences</LongName>
      </Division>
    </Organization>
    <ProgramOfficer>
      <SignBlockName>Elizabeth Rom</SignBlockName>
    </ProgramOfficer>
    <AbstractNarration>94-00799 Longfield The University of Hawaii (UH) requests renewed funding for shipboard technician activities associated with the research vessel MOANA WAVE, a 213-foot vessel. The MOANA WAVE is owned by the Navy and operated by UH. In calendar year 1994, the MOANA WAVE will support a total of 109 days of NSF-funded research, primarily in the central Pacific. UH technicians will be responsible for operating and repairing instruments while at sea, maintaining instruments ashore and assisting with scientific operations necessary before and after cruises. Funding for Years 2 and 3 of this award will be negotiated when ship schedules for 1995 and 1996 are finalized.</AbstractNarration>
    <MinAmdLetterDate>07/05/1994</MinAmdLetterDate>
    <MaxAmdLetterDate>03/15/1996</MaxAmdLetterDate>
    <ARRAAmount/>
    <AwardID>9400799</AwardID>
    <Investigator>
      <FirstName>C. Barry</FirstName>
      <LastName>Raleigh</LastName>
      <EmailAddress>soest@soest.hawaii.edu</EmailAddress>
      <StartDate>04/15/1994</StartDate>
      <EndDate/>
      <RoleCode>Principal Investigator</RoleCode>
    </Investigator>
    <Investigator>
      <FirstName>Richard</FirstName>
      <LastName>Longfield</LastName>
      <EmailAddress/>
      <StartDate>04/15/1994</StartDate>
      <EndDate>04/19/1995</EndDate>
      <RoleCode>Former Co-Principal Investigator</RoleCode>
    </Investigator>
    <Investigator>
      <FirstName>Steve</FirstName>
      <LastName>Poulos</LastName>
      <EmailAddress>poulos@poha.soest.hawaii.edu</EmailAddress>
      <StartDate>04/19/1995</StartDate>
      <EndDate/>
      <RoleCode>Co-Principal Investigator</RoleCode>
    </Investigator>
    <Institution>
      <Name>University of Hawaii</Name>
      <CityName>HONOLULU</CityName>
      <ZipCode>968222234</ZipCode>
      <PhoneNumber>8089567800</PhoneNumber>
      <StreetAddress>2440 Campus Road, Box 368</StreetAddress>
      <CountryName>United States</CountryName>
      <StateName>Hawaii</StateName>
      <StateCode>HI</StateCode>
    </Institution>
    <FoaInformation>
      <Code>0204000</Code>
      <Name>Oceanography</Name>
    </FoaInformation>
    <FoaInformation>
      <Code>49</Code>
      <Name>Environmental NEC</Name>
    </FoaInformation>
    <ProgramElement>
      <Code>5415</Code>
      <Text>OCEANOGRAPHIC TECHNICAL SERVCE</Text>
    </ProgramElement>
    <ProgramElement>
      <Code>Z099</Code>
      <Text/>
    </ProgramElement>
    <ProgramReference>
      <Code>0000</Code>
      <Text>UNASSIGNED</Text>
    </ProgramReference>
    <ProgramReference>
      <Code>OTHR</Code>
      <Text>OTHER RESEARCH OR EDUCATION</Text>
    </ProgramReference>
  </Award>
</rootTag>
