<?xml version="1.0" encoding="UTF-8"?>

<rootTag>
  <Award>
    <AwardTitle>Nanofabricated Surfaces: Atomic Force Microscopy and Surface-Enhanced Laser Spectroscopy at Ultrahigh Vacuum and Electrochemical Interfaces</AwardTitle>
    <AwardEffectiveDate>07/01/1994</AwardEffectiveDate>
    <AwardExpirationDate>04/30/1997</AwardExpirationDate>
    <AwardAmount>283000</AwardAmount>
    <AwardInstrument>
      <Value>Continuing grant</Value>
    </AwardInstrument>
    <Organization>
      <Code>03090006</Code>
      <Directorate>
        <LongName>Direct For Mathematical &amp; Physical Scien</LongName>
      </Directorate>
      <Division>
        <LongName>Division Of Chemistry</LongName>
      </Division>
    </Organization>
    <ProgramOfficer>
      <SignBlockName>R. Kenneth Marcus</SignBlockName>
    </ProgramOfficer>
    <AbstractNarration>This research project involves a systematic study of the microscopic mechanisms of surface enhanced laser spectroscopies, including surface enhanced Raman, hyper-Raman, second harmonic generation, and sum frequency generation spectroscopy. Several methods of nanostructure preparation, combined with scanning probe microscopic characterization of these structured surfaces, will be used to probe the electromagnetic and chemical mechanisms of surface enhanced laser spectroscopies. This work, supported by the Analytical and Surface Chemistry Program, will directly test present models of the surface enhancement mechanism by fashioning surfaces which match the structures modeled in leading theoretical descriptions of the effect. Contributions to the understanding of the surface enhanced spectroscopy, as well as to the development and characterization of nanostructured surfaces should result from this work. Impact well beyond the use of this method for studies of roughened surfaces is expected. Further development of the analytical methods of surface enhanced laser spectroscopy relies on the development of a quantitative, predictive explanation of the enhancement process. This research program will develop the theoretical underpinning for this technique by a careful set of experiments which rationally prepare surface structures which can be accurately theoretically modeled. The insights gained from the comparison of measurements on modelable surfaces should allow development of a quantitative theory. It is expected that useful methods for the fabrication of materials with nanostructured surfaces will also result.</AbstractNarration>
    <MinAmdLetterDate>06/06/1994</MinAmdLetterDate>
    <MaxAmdLetterDate>02/21/1996</MaxAmdLetterDate>
    <ARRAAmount/>
    <AwardID>9400780</AwardID>
    <Investigator>
      <FirstName>Richard</FirstName>
      <LastName>Van Duyne</LastName>
      <EmailAddress>vanduyne@northwestern.edu</EmailAddress>
      <StartDate>07/01/1994</StartDate>
      <EndDate/>
      <RoleCode>Principal Investigator</RoleCode>
    </Investigator>
    <Institution>
      <Name>Northwestern University</Name>
      <CityName>Evanston</CityName>
      <ZipCode>602013149</ZipCode>
      <PhoneNumber>8474913003</PhoneNumber>
      <StreetAddress>1801 Maple Ave.</StreetAddress>
      <CountryName>United States</CountryName>
      <StateName>Illinois</StateName>
      <StateCode>IL</StateCode>
    </Institution>
    <FoaInformation>
      <Code>0106000</Code>
      <Name>Materials Research</Name>
    </FoaInformation>
    <FoaInformation>
      <Code>12</Code>
      <Name>Chemistry</Name>
    </FoaInformation>
  </Award>
</rootTag>
