<?xml version="1.0" encoding="UTF-8"?>

<rootTag>
  <Award>
    <AwardTitle>Mathematical Sciences: Research and Complex Analysis and Analytic Geometry</AwardTitle>
    <AwardEffectiveDate>06/15/1994</AwardEffectiveDate>
    <AwardExpirationDate>05/31/1996</AwardExpirationDate>
    <AwardAmount>28464</AwardAmount>
    <AwardInstrument>
      <Value>Standard Grant</Value>
    </AwardInstrument>
    <Organization>
      <Code>03040108</Code>
      <Directorate>
        <LongName>Direct For Mathematical &amp; Physical Scien</LongName>
      </Directorate>
      <Division>
        <LongName>Division Of Mathematical Sciences</LongName>
      </Division>
    </Organization>
    <ProgramOfficer>
      <SignBlockName>James Glazebrook</SignBlockName>
    </ProgramOfficer>
    <AbstractNarration>9400872 Larusson The research entails applying elements of function theory in several complex variables combined with Hodge theory to investigate the geometric and convexity properties of covering spaces of complex manifolds. Also, the existence of bounded holomorphic functions on Riemann surfaces with a large group of automorphisms will be investigated. The research has potential applications to other areas of mathematics including algebraic geometry and number theory. ***</AbstractNarration>
    <MinAmdLetterDate>06/17/1994</MinAmdLetterDate>
    <MaxAmdLetterDate>06/17/1994</MaxAmdLetterDate>
    <ARRAAmount/>
    <AwardID>9400872</AwardID>
    <Investigator>
      <FirstName>Finnur</FirstName>
      <LastName>Larusson</LastName>
      <EmailAddress>LARUSSON@MATH.LSA.UMICH.EDU</EmailAddress>
      <StartDate>06/15/1994</StartDate>
      <EndDate/>
      <RoleCode>Principal Investigator</RoleCode>
    </Investigator>
    <Institution>
      <Name>Purdue Research Foundation</Name>
      <CityName>West Lafayette</CityName>
      <ZipCode>47907</ZipCode>
      <PhoneNumber>3174946200</PhoneNumber>
      <StreetAddress></StreetAddress>
      <CountryName>United States</CountryName>
      <StateName>Indiana</StateName>
      <StateCode>IN</StateCode>
    </Institution>
  </Award>
</rootTag>
