<?xml version="1.0" encoding="UTF-8"?>

<rootTag>
  <Award>
    <AwardTitle>Research Experiences for Undergraduates in Physics</AwardTitle>
    <AwardEffectiveDate>05/01/1994</AwardEffectiveDate>
    <AwardExpirationDate>04/30/1997</AwardExpirationDate>
    <AwardAmount>208758</AwardAmount>
    <AwardInstrument>
      <Value>Continuing grant</Value>
    </AwardInstrument>
    <Organization>
      <Code>03010000</Code>
      <Directorate>
        <LongName>Direct For Mathematical &amp; Physical Scien</LongName>
      </Directorate>
      <Division>
        <LongName>Division Of Physics</LongName>
      </Division>
    </Organization>
    <ProgramOfficer>
      <SignBlockName>Rolf M. Sinclair</SignBlockName>
    </ProgramOfficer>
    <AbstractNarration>9400272 Graf The Stony Brook REU Physics program will continue. The program will bring 13 undergraduate students (all but one or two from other colleges and universities) to Stony Brook each summer for participation in forefront physics research in the laboratories of Stony Brook faculty members. Approximately six Stony Brook undergraduate students, funded from other sources, will also take part. The aim of the program is to foster interest in, and appreciation of, scientific research in physics, through doing research in a collegial setting, site visits to research laboratories weekly lectures on current problems in physics and presentation of results in a formal symposium at the conclusion of the program. The Physics program is part of a larger REU effort at Stony Brook, encompassing nine other departments and supporting a total of over 70 REU students each summer. Recruiting efforts concentrate on colleges in which research opportunities are limited, and particular efforts are made to attract women and students from under-representated minorities. ***</AbstractNarration>
    <MinAmdLetterDate>05/25/1994</MinAmdLetterDate>
    <MaxAmdLetterDate>03/12/1996</MaxAmdLetterDate>
    <ARRAAmount/>
    <AwardID>9400272</AwardID>
    <Investigator>
      <FirstName>Linwood</FirstName>
      <LastName>Lee</LastName>
      <EmailAddress/>
      <StartDate>05/01/1994</StartDate>
      <EndDate/>
      <RoleCode>Co-Principal Investigator</RoleCode>
    </Investigator>
    <Investigator>
      <FirstName>Erlend</FirstName>
      <LastName>Graf</LastName>
      <EmailAddress>egraf@notes.cc.sunysb.edu</EmailAddress>
      <StartDate>05/01/1994</StartDate>
      <EndDate/>
      <RoleCode>Principal Investigator</RoleCode>
    </Investigator>
    <Institution>
      <Name>SUNY at Stony Brook</Name>
      <CityName>Stony Brook</CityName>
      <ZipCode>117940001</ZipCode>
      <PhoneNumber>6316329949</PhoneNumber>
      <StreetAddress>WEST 5510 FRK MEL LIB</StreetAddress>
      <CountryName>United States</CountryName>
      <StateName>New York</StateName>
      <StateCode>NY</StateCode>
    </Institution>
    <FoaInformation>
      <Code>0000099</Code>
      <Name>Other Applications NEC</Name>
    </FoaInformation>
    <FoaInformation>
      <Code>13</Code>
      <Name>Physics</Name>
    </FoaInformation>
    <ProgramElement>
      <Code>9134</Code>
      <Text>Integrative Activities in Phys</Text>
    </ProgramElement>
    <ProgramReference>
      <Code>9178</Code>
      <Text>UNDERGRADUATE EDUCATION</Text>
    </ProgramReference>
    <ProgramReference>
      <Code>9250</Code>
      <Text>RES EXPER FOR UNDERGRADS-SITE</Text>
    </ProgramReference>
    <ProgramReference>
      <Code>SMET</Code>
      <Text>SCIENCE, MATH, ENG &amp; TECH EDUCATION</Text>
    </ProgramReference>
  </Award>
</rootTag>
