<?xml version="1.0" encoding="UTF-8"?>

<rootTag>
  <Award>
    <AwardTitle>Two-Dimensional Polymerizations in Supramolecular Assemblies</AwardTitle>
    <AwardEffectiveDate>05/15/1994</AwardEffectiveDate>
    <AwardExpirationDate>04/30/1998</AwardExpirationDate>
    <AwardAmount>300000</AwardAmount>
    <AwardInstrument>
      <Value>Continuing grant</Value>
    </AwardInstrument>
    <Organization>
      <Code>03070007</Code>
      <Directorate>
        <LongName>Direct For Mathematical &amp; Physical Scien</LongName>
      </Directorate>
      <Division>
        <LongName>Division Of Materials Research</LongName>
      </Division>
    </Organization>
    <ProgramOfficer>
      <SignBlockName>Andrew J. Lovinger</SignBlockName>
    </ProgramOfficer>
    <AbstractNarration>9400369 O'Brien Several methods to polymerize supramolecular assemblies were introduced in the last decade. Many of these assemblies, e.g. monolayers, liposomes, and multilayers, are two-dimensional arrays of amphiphiles. Success in the design and reproducible preperation of new materials from these assemblies requires a clear understanding of the polymerization processes. The previous studies suppported by NSF-DMR have successfully provided a basic understanding of the nature of linear polymerizations of amphiphiles in the supramolecular fast-diffusion regime. The new research to be carried over will characterize crosslinking polymerizations as well as polymerizations in the slow-diffusion regime. Methods developed in this laboratory will be used to characterize the efficiency of crosslinking in two-dimensional assemblies with newly designed bifunctional molecules. The rate and degree of polymerization in bilayers will be compared at temperatures above (fast diffusion) and below (slow diffusion) the main-phase transition temperature of the bilayer assembly. These results of these studies on bilayers will be used to design new monomers for the polymerization of other supramolecular, e.g. discotic liquid crystals. %%% The polymerization of supramolecular assemblies provides an effective means to modify their chemical and physical properties to prepare novel materials with particular properties of interest to both biological and material sciences. The research to date indicates that polymerized supramolecular assemblies are likely to find utility in diagnostics, in the controlled delivery of reagents and drugs, in the design and preparation of stable assemblies for the efficient transduction of light energy, in surface modification, and for the stabilization of organic zeolites. ***</AbstractNarration>
    <MinAmdLetterDate>05/10/1994</MinAmdLetterDate>
    <MaxAmdLetterDate>05/13/1996</MaxAmdLetterDate>
    <ARRAAmount/>
    <AwardID>9400369</AwardID>
    <Investigator>
      <FirstName>Neal</FirstName>
      <LastName>Armstrong</LastName>
      <EmailAddress>nra@u.arizona.edu</EmailAddress>
      <StartDate>05/15/1994</StartDate>
      <EndDate/>
      <RoleCode>Principal Investigator</RoleCode>
    </Investigator>
    <Institution>
      <Name>University of Arizona</Name>
      <CityName>Tucson</CityName>
      <ZipCode>857194824</ZipCode>
      <PhoneNumber>5206266000</PhoneNumber>
      <StreetAddress>888 N Euclid Ave</StreetAddress>
      <CountryName>United States</CountryName>
      <StateName>Arizona</StateName>
      <StateCode>AZ</StateCode>
    </Institution>
    <FoaInformation>
      <Code>0106000</Code>
      <Name>Materials Research</Name>
    </FoaInformation>
    <FoaInformation>
      <Code>12</Code>
      <Name>Chemistry</Name>
    </FoaInformation>
    <ProgramElement>
      <Code>1720</Code>
      <Text>SOLID-STATE CHEMSTRY &amp; POLYMRS</Text>
    </ProgramElement>
    <ProgramReference>
      <Code>1773</Code>
      <Text>POLYMERS</Text>
    </ProgramReference>
    <ProgramReference>
      <Code>9161</Code>
      <Text>SINGLE DIVISION/UNIVERSITY</Text>
    </ProgramReference>
    <ProgramReference>
      <Code>9181</Code>
      <Text>BIOPROCESSING/BIOMOLECULAR MATERIALS</Text>
    </ProgramReference>
    <ProgramReference>
      <Code>AMPP</Code>
      <Text>ADVANCED MATERIALS &amp; PROCESSING PROGRAM</Text>
    </ProgramReference>
  </Award>
</rootTag>
