<?xml version="1.0" encoding="UTF-8"?>

<rootTag>
  <Award>
    <AwardTitle>Mathematical Sciences: Explorations in Brownian Motion, Intrinsic Ultracontractivity, Martingales and Lancunary Series</AwardTitle>
    <AwardEffectiveDate>06/01/1994</AwardEffectiveDate>
    <AwardExpirationDate>05/31/1998</AwardExpirationDate>
    <AwardAmount>162000</AwardAmount>
    <AwardInstrument>
      <Value>Continuing grant</Value>
    </AwardInstrument>
    <Organization>
      <Code>03040300</Code>
      <Directorate>
        <LongName>Direct For Mathematical &amp; Physical Scien</LongName>
      </Directorate>
      <Division>
        <LongName>Division Of Mathematical Sciences</LongName>
      </Division>
    </Organization>
    <ProgramOfficer>
      <SignBlockName>K Crank</SignBlockName>
    </ProgramOfficer>
    <AbstractNarration>Banuelos The investigator will study several problems which lie in the intersection of probability and various areas of analysis. Specifically, subject areas include extremal problems which are motivated from the study of Brownian motion in simply connected planar domains; a geometric characterization ofr intrinsic ultracontractivity for certain types of simply connected planar domains; martingale inequalities and a conjecture of T. Iwaniec for the Beurling-Ahlfors operator; and the zero Khintchin inequality for lacunary trigonometric series. This award will provide funding to further study the interrelationship between mathematical analysis and probability theory. Several problems will be investigated dealing with geometry, operators, series and Brownian motion. This should lead to a better understanding of these areas of mathematics, especially as they relate to one another.</AbstractNarration>
    <MinAmdLetterDate>04/01/1994</MinAmdLetterDate>
    <MaxAmdLetterDate>03/20/1996</MaxAmdLetterDate>
    <ARRAAmount/>
    <AwardID>9400854</AwardID>
    <Investigator>
      <FirstName>Rodrigo</FirstName>
      <LastName>Banuelos</LastName>
      <EmailAddress>banuelos@math.purdue.edu</EmailAddress>
      <StartDate>06/01/1994</StartDate>
      <EndDate/>
      <RoleCode>Principal Investigator</RoleCode>
    </Investigator>
    <Institution>
      <Name>Purdue Research Foundation</Name>
      <CityName>West Lafayette</CityName>
      <ZipCode>47907</ZipCode>
      <PhoneNumber>3174946200</PhoneNumber>
      <StreetAddress/>
      <CountryName>United States</CountryName>
      <StateName>Indiana</StateName>
      <StateCode>IN</StateCode>
    </Institution>
    <FoaInformation>
      <Code>0000099</Code>
      <Name>Other Applications NEC</Name>
    </FoaInformation>
    <FoaInformation>
      <Code>21</Code>
      <Name>Mathematics</Name>
    </FoaInformation>
    <ProgramElement>
      <Code>1261</Code>
      <Text>CLASSICAL ANALYSIS</Text>
    </ProgramElement>
    <ProgramElement>
      <Code>1263</Code>
      <Text>PROBABILITY</Text>
    </ProgramElement>
    <ProgramElement>
      <Code>1281</Code>
      <Text>ANALYSIS PROGRAM</Text>
    </ProgramElement>
    <ProgramReference>
      <Code>0000</Code>
      <Text>UNASSIGNED</Text>
    </ProgramReference>
    <ProgramReference>
      <Code>OTHR</Code>
      <Text>OTHER RESEARCH OR EDUCATION</Text>
    </ProgramReference>
  </Award>
</rootTag>
