<?xml version="1.0" encoding="UTF-8"?>

<rootTag>
  <Award>
    <AwardTitle>Mathematical Sciences: Singular Integrals and Parabolic Partial Differential Equations</AwardTitle>
    <AwardEffectiveDate>07/01/1994</AwardEffectiveDate>
    <AwardExpirationDate>06/30/1997</AwardExpirationDate>
    <AwardAmount>50000</AwardAmount>
    <AwardInstrument>
      <Value>Standard Grant</Value>
    </AwardInstrument>
    <Organization>
      <Code>03040102</Code>
      <Directorate>
        <LongName>Direct For Mathematical &amp; Physical Scien</LongName>
      </Directorate>
      <Division>
        <LongName>Division Of Mathematical Sciences</LongName>
      </Division>
    </Organization>
    <ProgramOfficer>
      <SignBlockName>John V. Ryff</SignBlockName>
    </ProgramOfficer>
    <AbstractNarration>9400782 Hofmann This award supports mathematical research on problems in singular integral theory and partial differential equations which arise in connection with boundary value problems for parabolic equations on non-smooth domains, whose boundaries are allowed to vary with time. The problems are motivated in part by physical considerations, such as the expansion and contraction or otherwise changing of shape of materials over time, and in part by mathematical considerations. The time-varying domains which one would like to ultimately treat are in a natural sense theparabolic analogues of the Lipschitz domains which have played a prominent role in the elliptic theory in recent years. The main goal of the project is to solve initial boundary values problems in this context by means of layer potentials. Among the tools which are likely to be employed or studied are the Rellich identities, perturbation techniques, caloric measure estimates, analysis of multilinear and nonlinear singular integrals and the circle of ideas connected with theory of rough singular integrals. Partial differential equations form a basis for mathematicalmodeling of the physical world. The role of mathematical analysis is not so much to create the equations as it is to provide qualitative and quantitative information about the solutions. This may include answers to questions about uniqueness, smoothness and growth. In addition, analysis often develops methods for approximation of solutions and estimates on the accuracy of these approximations. Among the modern approaches to the study of these equations is the application of singular integrals and the associated powerful techniques of harmonic analysis. ***</AbstractNarration>
    <MinAmdLetterDate>07/05/1994</MinAmdLetterDate>
    <MaxAmdLetterDate>07/05/1994</MaxAmdLetterDate>
    <ARRAAmount/>
    <AwardID>9400782</AwardID>
    <Investigator>
      <FirstName>Steven</FirstName>
      <LastName>Hofmann</LastName>
      <EmailAddress>hofmanns@missouri.edu</EmailAddress>
      <StartDate>07/01/1994</StartDate>
      <EndDate/>
      <RoleCode>Principal Investigator</RoleCode>
    </Investigator>
    <Institution>
      <Name>Wright State University</Name>
      <CityName>Dayton</CityName>
      <ZipCode>454350001</ZipCode>
      <PhoneNumber>9377752425</PhoneNumber>
      <StreetAddress>3640 Colonel Glenn Highway</StreetAddress>
      <CountryName>United States</CountryName>
      <StateName>Ohio</StateName>
      <StateCode>OH</StateCode>
    </Institution>
    <FoaInformation>
      <Code>0000099</Code>
      <Name>Other Applications NEC</Name>
    </FoaInformation>
    <FoaInformation>
      <Code>21</Code>
      <Name>Mathematics</Name>
    </FoaInformation>
    <ProgramElement>
      <Code>1261</Code>
      <Text>CLASSICAL ANALYSIS</Text>
    </ProgramElement>
    <ProgramReference>
      <Code>0000</Code>
      <Text>UNASSIGNED</Text>
    </ProgramReference>
    <ProgramReference>
      <Code>OTHR</Code>
      <Text>OTHER RESEARCH OR EDUCATION</Text>
    </ProgramReference>
  </Award>
</rootTag>
