<?xml version="1.0" encoding="UTF-8"?>

<rootTag>
  <Award>
    <AwardTitle>International Postdoctoral Fellows: Origin of the Structural Stability of the Molten Globule State in Protein Folding</AwardTitle>
    <AwardEffectiveDate>05/01/1994</AwardEffectiveDate>
    <AwardExpirationDate>04/30/1995</AwardExpirationDate>
    <AwardAmount>37900</AwardAmount>
    <AwardInstrument>
      <Value>Standard Grant</Value>
    </AwardInstrument>
    <Organization>
      <Code>01090000</Code>
      <Directorate>
        <LongName>Office Of The Director</LongName>
      </Directorate>
      <Division>
        <LongName>Office Of Internatl Science &amp;Engineering</LongName>
      </Division>
    </Organization>
    <ProgramOfficer>
      <SignBlockName>Susan Parris</SignBlockName>
    </ProgramOfficer>
    <AbstractNarration>9400649 Haynie This award is under the International Junior Investigator and Postdoctoral Fellows Program, which enables U.S. scientists and engineers to conduct three to twelve months of research abroad at research centers of proven excellence. The program's awards provide opportunities for joint research, and the use of unique or complementary facilities, expertise and experimental conditions abroad. This award will support a twelve-month postdoctoral research visit by Dr. Donald T. Haynie of Johns Hopkins University to work with Dr. Christopher M. Dobson at the University of Oxford. Their research concerns the origin of the structural stability of the molten globule state in protein folding. Understanding how proteins fold is a major objective of biophysical and medical research throughout the world today. Many commercial opportunities depend on knowing how information is transferred from an extended polypeptide chain to the corresponding equilibrium three-dimensional structure. Much contemporary protein folding research concerns molten globules, partly folded states of proteins stable at equilibrium. Molten globules are generally considered to represent conformations on the protein folding pathway. The research plan is divided into three separate stages, the first, which is being funded under this program, is to create mutant forms of hen egg white lysozyme (HEWL) and characterize their biochemical and cell biological properties. Structural and energetic studies of the mutants are to be conducted during the second and third phases which will be funded elsewhere. ***</AbstractNarration>
    <MinAmdLetterDate>05/06/1994</MinAmdLetterDate>
    <MaxAmdLetterDate>05/06/1994</MaxAmdLetterDate>
    <ARRAAmount/>
    <AwardID>9400649</AwardID>
    <Investigator>
      <FirstName>Donald</FirstName>
      <LastName>Haynie</LastName>
      <EmailAddress>dhaynie@cas.usf.edu</EmailAddress>
      <StartDate>05/01/1994</StartDate>
      <EndDate/>
      <RoleCode>Principal Investigator</RoleCode>
    </Investigator>
    <Institution>
      <Name>Johns Hopkins University</Name>
      <CityName>Baltimore</CityName>
      <ZipCode>212182608</ZipCode>
      <PhoneNumber>4105168668</PhoneNumber>
      <StreetAddress>3400 N CHARLES ST</StreetAddress>
      <CountryName>United States</CountryName>
      <StateName>Maryland</StateName>
      <StateCode>MD</StateCode>
    </Institution>
  </Award>
</rootTag>
