<?xml version="1.0" encoding="UTF-8"?>

<rootTag>
  <Award>
    <AwardTitle>Shipboard Scientific Support Equipment</AwardTitle>
    <AwardEffectiveDate>04/01/1994</AwardEffectiveDate>
    <AwardExpirationDate>03/31/1996</AwardExpirationDate>
    <AwardAmount>68000</AwardAmount>
    <AwardInstrument>
      <Value>Standard Grant</Value>
    </AwardInstrument>
    <Organization>
      <Code>06040100</Code>
      <Directorate>
        <LongName>Directorate For Geosciences</LongName>
      </Directorate>
      <Division>
        <LongName>Division Of Ocean Sciences</LongName>
      </Division>
    </Organization>
    <ProgramOfficer>
      <SignBlockName>Richard W. West</SignBlockName>
    </ProgramOfficer>
    <AbstractNarration>9400283 FINDLEY This project will supply shipboard scientific equipment for the research vessels COLUMBUS ISELIN and CALANUS, operated by the University of Miami, Rosenstiel School of Marine and Atmospheric Science, and dedicated to use in support of ocean science research. The Shipboard Scientific Support Equipment Program provides funds for ship equipment deemed essential to the proper and safe conduct of ocean science research. This Program provides support for such items as deck equipment including winch systems for the deployment and retrieval of scientific instruments, navigational equipment such as radars, gyroscopes and earth satellite receivers to pin point the location of research sites, communication equipment including radio transceivers and satellite transceivers for voice and scientific data communications and other equipment such as motorized workboats for transporting scientists to and from data retrieval sites. The Project Director, Richard Findley is fully qualified to direct this project having had considerable experience in overseeing the acquisition and installation of shipboard equipment. This project will allow the institution to acquire a Laboratory Van, a wire lubricating system, a differential GPS, and two computer terminals and replace a worn out autopilot. ***</AbstractNarration>
    <MinAmdLetterDate>03/30/1994</MinAmdLetterDate>
    <MaxAmdLetterDate>03/30/1994</MaxAmdLetterDate>
    <ARRAAmount/>
    <AwardID>9400283</AwardID>
    <Investigator>
      <FirstName>Richard</FirstName>
      <LastName>Findley</LastName>
      <EmailAddress>rfindley@rsmas.miami.edu</EmailAddress>
      <StartDate>04/01/1994</StartDate>
      <EndDate/>
      <RoleCode>Principal Investigator</RoleCode>
    </Investigator>
    <Institution>
      <Name>University of Miami Rosenstiel School of Marine&amp;Atmospheric Sci</Name>
      <CityName>KEY BISCAYNE</CityName>
      <ZipCode>331491031</ZipCode>
      <PhoneNumber>3054214089</PhoneNumber>
      <StreetAddress>4600 RICKENBACKER CSWY</StreetAddress>
      <CountryName>United States</CountryName>
      <StateName>Florida</StateName>
      <StateCode>FL</StateCode>
    </Institution>
    <FoaInformation>
      <Code>49</Code>
      <Name>Environmental NEC</Name>
    </FoaInformation>
  </Award>
</rootTag>
