<?xml version="1.0" encoding="UTF-8"?>

<rootTag>
  <Award>
    <AwardTitle>First World Conference on Structural Control</AwardTitle>
    <AwardEffectiveDate>09/15/1994</AwardEffectiveDate>
    <AwardExpirationDate>08/31/1996</AwardExpirationDate>
    <AwardAmount>85000</AwardAmount>
    <AwardInstrument>
      <Value>Standard Grant</Value>
    </AwardInstrument>
    <Organization>
      <Code>07030000</Code>
      <Directorate>
        <LongName>Directorate For Engineering</LongName>
      </Directorate>
      <Division>
        <LongName>Div Of Civil, Mechanical, &amp; Manufact Inn</LongName>
      </Division>
    </Organization>
    <ProgramOfficer>
      <SignBlockName>Shih-Chi Liu</SignBlockName>
    </ProgramOfficer>
    <AbstractNarration>9400744 Housner This project provides partial support of the First World Conference on Structural Control (1WCSC)which is planned for convening in Los Angeles during the period 3-5 August 1994. The US Panel on Structural Control Researches co-sponsoring the 1WCSC with the Japan Panel on Structural Response Control. The Panel. which was established in 1990, is charged wit the following responsibilities: (1) facilitating the transmission of information concerning state-of-the-art developments in the field; (2)identifying and prioritizing needed research and development; (3) developing preliminary plans for analytical and experimental advancement in the field; and (4) developing plans for the performance of full-scale testing and demonstration. The Panel has assisted in convening several major workshops to define the research directions and in NSF's Structural Control Initiative. The convening of 1WCSC will maintain the leadership of the U.S. Panel in the international arena that is related to the field of smart materials and systems an essential technology area for the U.S. scientific community to be competitive in. Furthermore, the joint funding and sponsorship of the Conference with Japan will strengthen and develop new, major collaborative efforts between the U.S. and Japan researchers in the emerging fields covered by the Conference. ***</AbstractNarration>
    <MinAmdLetterDate>09/12/1994</MinAmdLetterDate>
    <MaxAmdLetterDate>09/12/1994</MaxAmdLetterDate>
    <ARRAAmount/>
    <AwardID>9400744</AwardID>
    <Investigator>
      <FirstName>Sami</FirstName>
      <LastName>Masri</LastName>
      <EmailAddress>masri@usc.edu</EmailAddress>
      <StartDate>09/15/1994</StartDate>
      <EndDate/>
      <RoleCode>Co-Principal Investigator</RoleCode>
    </Investigator>
    <Investigator>
      <FirstName>George</FirstName>
      <LastName>Housner</LastName>
      <EmailAddress>housner@caltech.edu</EmailAddress>
      <StartDate>09/15/1994</StartDate>
      <EndDate/>
      <RoleCode>Principal Investigator</RoleCode>
    </Investigator>
    <Institution>
      <Name>Consortium of Universities for Res in Earthquake Engineering</Name>
      <CityName>Richmond</CityName>
      <ZipCode>948044600</ZipCode>
      <PhoneNumber>5106653529</PhoneNumber>
      <StreetAddress>1301 South 46th Street</StreetAddress>
      <CountryName>United States</CountryName>
      <StateName>California</StateName>
      <StateCode>CA</StateCode>
    </Institution>
    <FoaInformation>
      <Code>0304000</Code>
      <Name>Disaster &amp; Natural Hazard</Name>
    </FoaInformation>
  </Award>
</rootTag>
