<?xml version="1.0" encoding="UTF-8"?>

<rootTag>
  <Award>
    <AwardTitle>Disordered and Strongly Correlated Condensed Matter Systems</AwardTitle>
    <AwardEffectiveDate>07/01/1994</AwardEffectiveDate>
    <AwardExpirationDate>06/30/1998</AwardExpirationDate>
    <AwardAmount>270000</AwardAmount>
    <AwardInstrument>
      <Value>Continuing grant</Value>
    </AwardInstrument>
    <Organization>
      <Code>03070005</Code>
      <Directorate>
        <LongName>Direct For Mathematical &amp; Physical Scien</LongName>
      </Directorate>
      <Division>
        <LongName>Division Of Materials Research</LongName>
      </Division>
    </Organization>
    <ProgramOfficer>
      <SignBlockName>G. Bruce Taggart</SignBlockName>
    </ProgramOfficer>
    <AbstractNarration>9400142 Fisher The presence of microscopic quenched disorder often changes qualitatively the macroscopic behavior of condensed matter systems. The effects of disorder are revealed even more dramatically at low temperatures when they dominate over thermal fluctuations. At low temperatures, though, it is often necessary to disentangle the subtle interplay between disorder and quantum fluctuations. Particularly challenging are those quantum systems in which the interactions are so strong that a simple description in terms of a reference non-interacting model are inappropriate. This theoretical research will focus on the behavior of such strongly correlated and disordered systems. In particular, the following problems will be studied: (1) Transport in interacting one- dimensional electron gases (Luttinger liquids) and edge states in the fractional quantum Hall effect; (2) The quantum phase transition between plateaus in disordered fractional and integer quantum Hall fluids and the closely related superconductor- insulator transition in disordered superconductors; (3) The crossovers to the two-dimensional thin film limit and non- equilibrium fluctuations and noise in the mixed state of the cuprate superconductors; (4) The mesoscopic superconductivity associated with small superconducting systems and with normal mesoscopic systems in contact with superconductors. %%% This theoretical research will focus on a number of related problems at the forefront of modern condensed matter physics. They all have the common theme of competition between physical disorder and disorder induced by the quantum nature of the systems being studied. While the primary focus is on fundamental condensed matter physics, the results have potential for a broad impact on materials. The systems to be studied include the new high temperature superconductors and the the two-dimensional electron gas (as found at semiconductor interfaces in strong magnetic fields). ***</AbstractNarration>
    <MinAmdLetterDate>05/03/1994</MinAmdLetterDate>
    <MaxAmdLetterDate>04/22/1996</MaxAmdLetterDate>
    <ARRAAmount/>
    <AwardID>9400142</AwardID>
    <Investigator>
      <FirstName>Matthew P.A.</FirstName>
      <LastName>Fisher</LastName>
      <EmailAddress>mpaf@kitp.ucsb.edu</EmailAddress>
      <StartDate>07/01/1994</StartDate>
      <EndDate/>
      <RoleCode>Principal Investigator</RoleCode>
    </Investigator>
    <Institution>
      <Name>University of California-Santa Barbara</Name>
      <CityName>Santa Barbara</CityName>
      <ZipCode>931062050</ZipCode>
      <PhoneNumber>8058934188</PhoneNumber>
      <StreetAddress>Office of Research</StreetAddress>
      <CountryName>United States</CountryName>
      <StateName>California</StateName>
      <StateCode>CA</StateCode>
    </Institution>
    <FoaInformation>
      <Code>0106000</Code>
      <Name>Materials Research</Name>
    </FoaInformation>
    <FoaInformation>
      <Code>17</Code>
      <Name>Materials Theory</Name>
    </FoaInformation>
    <ProgramElement>
      <Code>1765</Code>
      <Text>CONDENSED MATTER &amp; MAT THEORY</Text>
    </ProgramElement>
    <ProgramReference>
      <Code>9161</Code>
      <Text>SINGLE DIVISION/UNIVERSITY</Text>
    </ProgramReference>
    <ProgramReference>
      <Code>AMPP</Code>
      <Text>ADVANCED MATERIALS &amp; PROCESSING PROGRAM</Text>
    </ProgramReference>
  </Award>
</rootTag>
