<?xml version="1.0" encoding="UTF-8"?>

<rootTag>
  <Award>
    <AwardTitle>Mathematical Sciences: Theoretical and Computational Problems in Turbulence and Climatology</AwardTitle>
    <AwardEffectiveDate>08/01/1994</AwardEffectiveDate>
    <AwardExpirationDate>07/31/1997</AwardExpirationDate>
    <AwardAmount>375000</AwardAmount>
    <AwardInstrument>
      <Value>Continuing grant</Value>
    </AwardInstrument>
    <Organization>
      <Code>03040100</Code>
      <Directorate>
        <LongName>Direct For Mathematical &amp; Physical Scien</LongName>
      </Directorate>
      <Division>
        <LongName>Division Of Mathematical Sciences</LongName>
      </Division>
    </Organization>
    <ProgramOfficer>
      <SignBlockName>Deborah Lockhart</SignBlockName>
    </ProgramOfficer>
    <AbstractNarration>9400615 Temam This project will focus on the study of the equations of fluid mechanics and turbulence as well as on the development of efficient numerical codes for the solution of these equations. Part of the project will involve the study of turbulence, based on a dynamical systems approach; according to dynamical systems theory the permanent regime for a turbulent flow is mathematically represented by an attractor that is a compact set in the phase space. It is hoped that the study of this attractor can improve understanding of the physics of turbulent flows. The approximation of attractors by smooth finite dimensional manifolds called Approximate Inertial Manifolds (AIMs) is part of this study. On the one hand these manifolds are related to the concept of slow manifold used in meteorology for data assimilation. Used from a different point of view in computational fluid dynamics they lead, on the other hand, to new multi-resolution algorithms and to methods of data compression in scientific computing. Thus, it is believed that approximations of this attractor can lead to efficient new algorithms for the numerical simulation of turbulence. Finally, a significant part of the effort will be devoted to problems related to climate and global changes. Various models for climate will be investigated from the mathematical and computational points of view in order to see how they are connected and what are their domains of validity. Such models include the primitive equations of the atmosphere, the primitive equations with vertical viscosity, and the geostrophic and quasi geostrophic equations. Models of this type will be studied for the atmosphere and for the ocean separately and also for the Coupled system of Atmosphere and Ocean (CAO). The understanding of the equations of fluid mechanics and turbulence as well as the development of efficient numerical codes for the solution of these equations are challenging problems of considerable importance in p articular in industry or for studies in meteorology or global climate change. The aims for this project are three fold: (i) to explore what can be learned about these problems from the theoretical and computational viewpoints, using the dynamical systems approach to turbulence; (ii) to develop new efficient computational algorithms taking into account the physics of turbulence and well adapted to the current evolution of large scale computing towards parallel computing; and (iii) to devote special attention to the problems related to the study of climate and global changes.</AbstractNarration>
    <MinAmdLetterDate>07/14/1994</MinAmdLetterDate>
    <MaxAmdLetterDate>02/22/1996</MaxAmdLetterDate>
    <ARRAAmount/>
    <AwardID>9400615</AwardID>
    <Investigator>
      <FirstName>Roger</FirstName>
      <LastName>Temam</LastName>
      <EmailAddress>temam@indiana.edu</EmailAddress>
      <StartDate>08/01/1994</StartDate>
      <EndDate/>
      <RoleCode>Principal Investigator</RoleCode>
    </Investigator>
    <Investigator>
      <FirstName>Ciprian</FirstName>
      <LastName>Foias</LastName>
      <EmailAddress>foias@math.tamu.edu</EmailAddress>
      <StartDate>08/01/1994</StartDate>
      <EndDate/>
      <RoleCode>Co-Principal Investigator</RoleCode>
    </Investigator>
    <Institution>
      <Name>Indiana University</Name>
      <CityName>Bloomington</CityName>
      <ZipCode>474013654</ZipCode>
      <PhoneNumber>8128550516</PhoneNumber>
      <StreetAddress>509 E 3RD ST</StreetAddress>
      <CountryName>United States</CountryName>
      <StateName>Indiana</StateName>
      <StateCode>IN</StateCode>
    </Institution>
    <FoaInformation>
      <Code>0000099</Code>
      <Name>Other Applications NEC</Name>
    </FoaInformation>
    <FoaInformation>
      <Code>21</Code>
      <Name>Mathematics</Name>
    </FoaInformation>
    <ProgramElement>
      <Code>1266</Code>
      <Text>APPLIED MATHEMATICS</Text>
    </ProgramElement>
    <ProgramElement>
      <Code>1271</Code>
      <Text>COMPUTATIONAL MATHEMATICS</Text>
    </ProgramElement>
    <ProgramReference>
      <Code>1303</Code>
      <Text>CLIMATE MODELING &amp; PREDICTION</Text>
    </ProgramReference>
    <ProgramReference>
      <Code>9263</Code>
      <Text>COMPUTATIONAL SCIENCE &amp; ENGING</Text>
    </ProgramReference>
    <ProgramReference>
      <Code>EGCH</Code>
      <Text>ENVIRONMENT AND GLOBAL CHANGE</Text>
    </ProgramReference>
  </Award>
</rootTag>
