<?xml version="1.0" encoding="UTF-8"?>

<rootTag>
  <Award>
    <AwardTitle>Mathematical Sciences: Algebraic Methods in Systems Theory</AwardTitle>
    <AwardEffectiveDate>06/01/1994</AwardEffectiveDate>
    <AwardExpirationDate>05/31/1997</AwardExpirationDate>
    <AwardAmount>60000</AwardAmount>
    <AwardInstrument>
      <Value>Standard Grant</Value>
    </AwardInstrument>
    <Organization>
      <Code>03040100</Code>
      <Directorate>
        <LongName>Direct For Mathematical &amp; Physical Scien</LongName>
      </Directorate>
      <Division>
        <LongName>Division Of Mathematical Sciences</LongName>
      </Division>
    </Organization>
    <ProgramOfficer>
      <SignBlockName>Deborah Lockhart</SignBlockName>
    </ProgramOfficer>
    <AbstractNarration>9300805 Rosenthal This project addresses a number of issues in systems theory, interpolation theory and coding theory, all of which involve algebraic properties of the class of all autoregressive systems of a bounded degree. The main objectives of the research are improved methods for the design of stabilizing dynamic feedback compensators, a better understanding of the interplay between issues of robustness and topological properties of the space of transfer functions, and new methods for constructing classes of convolutional codes with a low complexity and a large free distance. Many real world systems may be mathematically modeled by so- called linear systems. Two examples of a linear system are dynamic feedback compensators, which are widely used in the design of feedback controllers, and convolutional encoders and decoders, which are implemented in many data transmission schemes. It is the goal of this project to develop a mathematical theory which will lead to improved design techniques for feedback controllers of various types as well as more efficient convolutional encoders and decoders. ***</AbstractNarration>
    <MinAmdLetterDate>05/25/1994</MinAmdLetterDate>
    <MaxAmdLetterDate>05/25/1994</MaxAmdLetterDate>
    <ARRAAmount/>
    <AwardID>9400965</AwardID>
    <Investigator>
      <FirstName>Joachim</FirstName>
      <LastName>Rosenthal</LastName>
      <EmailAddress>Rosenthal.1@nd.edu</EmailAddress>
      <StartDate>06/01/1994</StartDate>
      <EndDate/>
      <RoleCode>Principal Investigator</RoleCode>
    </Investigator>
    <Institution>
      <Name>University of Notre Dame</Name>
      <CityName>NOTRE DAME</CityName>
      <ZipCode>465565708</ZipCode>
      <PhoneNumber>5746317432</PhoneNumber>
      <StreetAddress>940 Grace Hall</StreetAddress>
      <CountryName>United States</CountryName>
      <StateName>Indiana</StateName>
      <StateCode>IN</StateCode>
    </Institution>
    <FoaInformation>
      <Code>21</Code>
      <Name>Mathematics</Name>
    </FoaInformation>
  </Award>
</rootTag>
