<?xml version="1.0" encoding="UTF-8"?>

<rootTag>
  <Award>
    <AwardTitle>Providing Data Management Support for Scientific Visualization Applicationa</AwardTitle>
    <AwardEffectiveDate>10/01/1994</AwardEffectiveDate>
    <AwardExpirationDate>09/30/1997</AwardExpirationDate>
    <AwardAmount>240000</AwardAmount>
    <AwardInstrument>
      <Value>Continuing grant</Value>
    </AwardInstrument>
    <Organization>
      <Code>05020000</Code>
      <Directorate>
        <LongName>Direct For Computer &amp; Info Scie &amp; Enginr</LongName>
      </Directorate>
      <Division>
        <LongName>Div Of Information &amp; Intelligent Systems</LongName>
      </Division>
    </Organization>
    <ProgramOfficer>
      <SignBlockName>Program Director</SignBlockName>
    </ProgramOfficer>
    <AbstractNarration>We present a user interface paradigm for database management systems that is motivated by scientific visualization applications. Our graphical user interface includes a "boxes and arrows" notation for database access and a flight simulator model of movement through information space. We also provide means to specify a hierarchy of abstracts of data of different types and resolutions, so that a "zoom" capability can be supported. The underlying DBMS support for this system is described and includes the compilation of query plans into megaplans, new algorithms for data buffering, and provisions for a guaranteed rate of data delivery. This proposal requests resources to continue the exploration of these topics and to build a prototype implementation of our ideas, which we have named Tioga.</AbstractNarration>
    <MinAmdLetterDate>09/09/1994</MinAmdLetterDate>
    <MaxAmdLetterDate>11/14/1996</MaxAmdLetterDate>
    <ARRAAmount/>
    <AwardID>9400773</AwardID>
    <Investigator>
      <FirstName>Eugene</FirstName>
      <LastName>Wong</LastName>
      <EmailAddress/>
      <StartDate>10/01/1994</StartDate>
      <EndDate/>
      <RoleCode>Co-Principal Investigator</RoleCode>
    </Investigator>
    <Investigator>
      <FirstName>Alexander</FirstName>
      <LastName>Aiken</LastName>
      <EmailAddress>aiken@cs.stanford.edu</EmailAddress>
      <StartDate>10/01/1994</StartDate>
      <EndDate/>
      <RoleCode>Co-Principal Investigator</RoleCode>
    </Investigator>
    <Investigator>
      <FirstName>Michael</FirstName>
      <LastName>Stonebraker</LastName>
      <EmailAddress>stonebraker@csail.mit.edu</EmailAddress>
      <StartDate>10/01/1994</StartDate>
      <EndDate/>
      <RoleCode>Principal Investigator</RoleCode>
    </Investigator>
    <Institution>
      <Name>University of California-Berkeley</Name>
      <CityName>BERKELEY</CityName>
      <ZipCode>947045940</ZipCode>
      <PhoneNumber>5106428109</PhoneNumber>
      <StreetAddress>Sponsored Projects Office</StreetAddress>
      <CountryName>United States</CountryName>
      <StateName>California</StateName>
      <StateCode>CA</StateCode>
    </Institution>
    <FoaInformation>
      <Code>0104000</Code>
      <Name>Information Systems</Name>
    </FoaInformation>
    <FoaInformation>
      <Code>99</Code>
      <Name>Other Sciences NEC</Name>
    </FoaInformation>
    <ProgramElement>
      <Code>6855</Code>
      <Text>INFORMATION &amp; KNOWLEDGE MANAGE</Text>
    </ProgramElement>
    <ProgramReference>
      <Code>9216</Code>
      <Text>ADVANCED SOFTWARE TECH &amp; ALGOR</Text>
    </ProgramReference>
    <ProgramReference>
      <Code>HPCC</Code>
      <Text>HIGH PERFORMANCE COMPUTING &amp; COMM</Text>
    </ProgramReference>
  </Award>
</rootTag>
