<?xml version="1.0" encoding="UTF-8"?>

<rootTag>
  <Award>
    <AwardTitle>Mathematical Sciences: Geometry and Analysis of Foliations</AwardTitle>
    <AwardEffectiveDate>06/15/1994</AwardEffectiveDate>
    <AwardExpirationDate>05/31/1998</AwardExpirationDate>
    <AwardAmount>74910</AwardAmount>
    <AwardInstrument>
      <Value>Continuing grant</Value>
    </AwardInstrument>
    <Organization>
      <Code>03040200</Code>
      <Directorate>
        <LongName>Direct For Mathematical &amp; Physical Scien</LongName>
      </Directorate>
      <Division>
        <LongName>Division Of Mathematical Sciences</LongName>
      </Division>
    </Organization>
    <ProgramOfficer>
      <SignBlockName>Joe W. Jenkins</SignBlockName>
    </ProgramOfficer>
    <AbstractNarration>9400676 Heitsch Professor Heitsch will continue research on Bismut superconnections and the Chern character for operators defined along leaves of a foliation. Further collaboration with C.Lazarov will be done on the extension of analytic invariants for compact manifolds to invariants of foliations and of open manifolds, with special emphasis on torsion invariants. A development will be made of coarse cohomology and coarse invariants for maps of topological spaces. The geometry of foliations will also be investigated through the indices of transversally ellipticoperators. Geometric objects are often classified by determining whether they can be mapped or deformed into standard geometric objects. Certain geometric invariants, for example, the number of "holes" are preserved under such maps. This project involves invariants for geometric objects called foliations that have a "leaf" structure. Cohomology produces these invariants by considering the global object as patched together from pieces. The successful completion of this project will help complete theclassification problem in geometry. ***</AbstractNarration>
    <MinAmdLetterDate>05/05/1994</MinAmdLetterDate>
    <MaxAmdLetterDate>05/01/1996</MaxAmdLetterDate>
    <ARRAAmount/>
    <AwardID>9400676</AwardID>
    <Investigator>
      <FirstName>James</FirstName>
      <LastName>Heitsch</LastName>
      <EmailAddress>heitsch@math.uic.edu</EmailAddress>
      <StartDate>06/15/1994</StartDate>
      <EndDate/>
      <RoleCode>Principal Investigator</RoleCode>
    </Investigator>
    <Institution>
      <Name>University of Illinois at Chicago</Name>
      <CityName>Chicago</CityName>
      <ZipCode>606124305</ZipCode>
      <PhoneNumber>3129962862</PhoneNumber>
      <StreetAddress>809 S MARSHFIELD</StreetAddress>
      <CountryName>United States</CountryName>
      <StateName>Illinois</StateName>
      <StateCode>IL</StateCode>
    </Institution>
    <FoaInformation>
      <Code>0000099</Code>
      <Name>Other Applications NEC</Name>
    </FoaInformation>
    <FoaInformation>
      <Code>21</Code>
      <Name>Mathematics</Name>
    </FoaInformation>
    <ProgramElement>
      <Code>1262</Code>
      <Text>MODERN ANALYSIS</Text>
    </ProgramElement>
    <ProgramElement>
      <Code>1281</Code>
      <Text>ANALYSIS PROGRAM</Text>
    </ProgramElement>
    <ProgramReference>
      <Code>0000</Code>
      <Text>UNASSIGNED</Text>
    </ProgramReference>
    <ProgramReference>
      <Code>OTHR</Code>
      <Text>OTHER RESEARCH OR EDUCATION</Text>
    </ProgramReference>
  </Award>
</rootTag>
