<?xml version="1.0" encoding="UTF-8"?>

<rootTag>
  <Award>
    <AwardTitle>Mathematical Sciences: Dynamics of Quadratic Polynomials</AwardTitle>
    <AwardEffectiveDate>07/01/1994</AwardEffectiveDate>
    <AwardExpirationDate>12/31/1996</AwardExpirationDate>
    <AwardAmount>30000</AwardAmount>
    <AwardInstrument>
      <Value>Standard Grant</Value>
    </AwardInstrument>
    <Organization>
      <Code>03040108</Code>
      <Directorate>
        <LongName>Direct For Mathematical &amp; Physical Scien</LongName>
      </Directorate>
      <Division>
        <LongName>Division Of Mathematical Sciences</LongName>
      </Division>
    </Organization>
    <ProgramOfficer>
      <SignBlockName>James Glazebrook</SignBlockName>
    </ProgramOfficer>
    <AbstractNarration>9400974 Jiang The research entails connectedness properties of Julia sets in complex dynamical systems. A local connectedness property already established for certain cases is proposed to be established in a more general context. This research is in the mainstream of ideas of modern dynamical systems. Work of this type has applications to fractals and chaos. Since this area has become increasingly visual and more accessible to other scientific fields, there is potential educational value. ***</AbstractNarration>
    <MinAmdLetterDate>05/05/1994</MinAmdLetterDate>
    <MaxAmdLetterDate>05/05/1994</MaxAmdLetterDate>
    <ARRAAmount/>
    <AwardID>9400974</AwardID>
    <Investigator>
      <FirstName>Yunping</FirstName>
      <LastName>Jiang</LastName>
      <EmailAddress>yunping.jiang@qc.cuny.edu</EmailAddress>
      <StartDate>07/01/1994</StartDate>
      <EndDate/>
      <RoleCode>Principal Investigator</RoleCode>
    </Investigator>
    <Institution>
      <Name>CUNY Queens College</Name>
      <CityName>Flushing</CityName>
      <ZipCode>113671575</ZipCode>
      <PhoneNumber>7189975400</PhoneNumber>
      <StreetAddress>65 30 Kissena Blvd</StreetAddress>
      <CountryName>United States</CountryName>
      <StateName>New York</StateName>
      <StateCode>NY</StateCode>
    </Institution>
    <FoaInformation>
      <Code>0000099</Code>
      <Name>Other Applications NEC</Name>
    </FoaInformation>
    <FoaInformation>
      <Code>21</Code>
      <Name>Mathematics</Name>
    </FoaInformation>
  </Award>
</rootTag>
