<?xml version="1.0" encoding="UTF-8"?>

<rootTag>
  <Award>
    <AwardTitle>Laser Deposition and Characterization of Cubic CdS Films</AwardTitle>
    <AwardEffectiveDate>09/01/1994</AwardEffectiveDate>
    <AwardExpirationDate>08/31/1996</AwardExpirationDate>
    <AwardAmount>48660</AwardAmount>
    <AwardInstrument>
      <Value>Standard Grant</Value>
    </AwardInstrument>
    <Organization>
      <Code>07010000</Code>
      <Directorate>
        <LongName>Directorate For Engineering</LongName>
      </Directorate>
      <Division>
        <LongName>Div Of Electrical, Commun &amp; Cyber Sys</LongName>
      </Division>
    </Organization>
    <ProgramOfficer>
      <SignBlockName>Rajinder P. Khosla</SignBlockName>
    </ProgramOfficer>
    <AbstractNarration>9360638 Wang Brimrose proposes to research and demonstrate novel integrated photorefractive waveguide-based photonic devices including optical amplifiers and homodyne detectors. They have advantages of significantly increased sensitivity, integrated waveguide format, rigid, stable and self-alignment. The sensitivity of these devices are several order of magnitudes higher than their convention bulk counterparts. The mechanism of the high sensitivity is two fold: (1)The optical signals are confirmed in films on the order of a few microns thick in photorefractive waveguides. Thus even with low signal energy, the energy density can still be very high; and (2)The interaction length of the underlying mechanism response for amplification and homodyning are much longer than in the bulk case where the interaction length is limited by the beam width. The index change An for 1.0uj/cm3 absorbed energy will be increased from 0.51x10-6 in the bulk format to greater than 500x10-6 in the integrated guided-wave format. Furthermore, it has been demonstrated that homodyne detection using photorefractive two-beam coupling can increase the signal-to-noise ratio by 3 dB. These devices will be fabricated from photorefractive II-VI semiconductor materials, CdTe:V and ZnTe:V, which have been extensive worked on for over five years and Brimrose is the only manufacturer in the world. They have photorefractive sensitivity between 0.6 um to 1.5 um which is perfectly matched with laser diodes and optical communication wavelengths. ***</AbstractNarration>
    <MinAmdLetterDate>08/24/1994</MinAmdLetterDate>
    <MaxAmdLetterDate>08/24/1994</MaxAmdLetterDate>
    <ARRAAmount/>
    <AwardID>9400286</AwardID>
    <Investigator>
      <FirstName>Xingwu</FirstName>
      <LastName>Wang</LastName>
      <EmailAddress>fwangx@alfred.edu</EmailAddress>
      <StartDate>09/01/1994</StartDate>
      <EndDate/>
      <RoleCode>Principal Investigator</RoleCode>
    </Investigator>
    <Institution>
      <Name>Alfred University</Name>
      <CityName>Alfred</CityName>
      <ZipCode>148021205</ZipCode>
      <PhoneNumber>6078712026</PhoneNumber>
      <StreetAddress>1 Saxon Drive</StreetAddress>
      <CountryName>United States</CountryName>
      <StateName>New York</StateName>
      <StateCode>NY</StateCode>
    </Institution>
    <FoaInformation>
      <Code>0522100</Code>
      <Name>High Technology Materials</Name>
    </FoaInformation>
  </Award>
</rootTag>
