<?xml version="1.0" encoding="UTF-8"?>

<rootTag>
  <Award>
    <AwardTitle>Magnetic - Resonance Studies of Layered Films</AwardTitle>
    <AwardEffectiveDate>08/01/1994</AwardEffectiveDate>
    <AwardExpirationDate>05/31/1998</AwardExpirationDate>
    <AwardAmount>259500</AwardAmount>
    <AwardInstrument>
      <Value>Continuing grant</Value>
    </AwardInstrument>
    <Organization>
      <Code>03070003</Code>
      <Directorate>
        <LongName>Direct For Mathematical &amp; Physical Scien</LongName>
      </Directorate>
      <Division>
        <LongName>Division Of Materials Research</LongName>
      </Division>
    </Organization>
    <ProgramOfficer>
      <SignBlockName>H. Hollis Wickman</SignBlockName>
    </ProgramOfficer>
    <AbstractNarration>9400553 Dunifer Technical abstract: Magnetic Resonance techniques will be used to investigate the electrical and magnetic properties of multilayered films consisting of alternating magnetic and nonmagnetic metals. The spin polarization of the conduction electrons in the nonmagnetic metal, induced by the adjacent ferromagnetic neighbors will be studied by microwave transmission spectroscopy (MTS), ferromagnetic resonance (FMR), and nuclear magnetic resonance (NMR) of the nuclei of the nonmagnetic metal. The influence of the induced spin polarization of the spacer metal on the magneto- optical Kerr effect (MOKE) of the films will also be studied. A comparison of the optical characteristics with those determined by magnetic resonance will assist in understanding the basic physical processes underlying the enhancement of the MOKE and in fabricating new materials with improved characteristics for data storage and magnetic sensors. Non-technical abstract: This project is a multidisciplinary investigation of the properties of materials used in devices such as read-write optical data storage disks, sensors, and magnetic memory. This technology has a major impact on the scientific advancement of computer technology and communication. A clear understanding of the mechanisms involved in enhancing the properties of data storage materials and devices is needed for US industries to remain competitive in this vital area. The project will investigate the fundamental mechanisms underlying the enhancement of magneto-optical storage and sensor devices. The materials to be investigated are multilayered films consisting of alternate layers of magnetic and non-magnetic metals. This investigation could enhance the ability to fabricate new materials with improved characteristics for the critical technological area of data storage devices. ***</AbstractNarration>
    <MinAmdLetterDate>08/04/1994</MinAmdLetterDate>
    <MaxAmdLetterDate>09/15/1997</MaxAmdLetterDate>
    <ARRAAmount/>
    <AwardID>9400553</AwardID>
    <Investigator>
      <FirstName>Matlub</FirstName>
      <LastName>Ahmad</LastName>
      <EmailAddress>ahmad@hal.Physics.Wayne.edu</EmailAddress>
      <StartDate>08/01/1994</StartDate>
      <EndDate/>
      <RoleCode>Co-Principal Investigator</RoleCode>
    </Investigator>
    <Investigator>
      <FirstName>Ratna</FirstName>
      <LastName>Naik</LastName>
      <EmailAddress>rnaik@wayne.edu</EmailAddress>
      <StartDate>08/01/1994</StartDate>
      <EndDate/>
      <RoleCode>Co-Principal Investigator</RoleCode>
    </Investigator>
    <Investigator>
      <FirstName>Gerald</FirstName>
      <LastName>Dunifer</LastName>
      <EmailAddress>dunifer@hal.Physics.Wayne.edu</EmailAddress>
      <StartDate>08/01/1994</StartDate>
      <EndDate/>
      <RoleCode>Principal Investigator</RoleCode>
    </Investigator>
    <Investigator>
      <FirstName>Gregory</FirstName>
      <LastName>Auner</LastName>
      <EmailAddress>gauner@ece.eng.wayne.edu</EmailAddress>
      <StartDate>08/01/1994</StartDate>
      <EndDate/>
      <RoleCode>Co-Principal Investigator</RoleCode>
    </Investigator>
    <Institution>
      <Name>Wayne State University</Name>
      <CityName>Detroit</CityName>
      <ZipCode>482023622</ZipCode>
      <PhoneNumber>3135772424</PhoneNumber>
      <StreetAddress>5057 Woodward</StreetAddress>
      <CountryName>United States</CountryName>
      <StateName>Michigan</StateName>
      <StateCode>MI</StateCode>
    </Institution>
  </Award>
</rootTag>
