<?xml version="1.0" encoding="UTF-8"?>

<rootTag>
  <Award>
    <AwardTitle>The Caddisflies (Trichoptera) of Costa Rica.</AwardTitle>
    <AwardEffectiveDate>06/01/1994</AwardEffectiveDate>
    <AwardExpirationDate>05/31/1998</AwardExpirationDate>
    <AwardAmount>194908</AwardAmount>
    <AwardInstrument>
      <Value>Continuing grant</Value>
    </AwardInstrument>
    <Organization>
      <Code>08010209</Code>
      <Directorate>
        <LongName>Direct For Biological Sciences</LongName>
      </Directorate>
      <Division>
        <LongName>Division Of Environmental Biology</LongName>
      </Division>
    </Organization>
    <ProgramOfficer>
      <SignBlockName/>
    </ProgramOfficer>
    <AbstractNarration>9400632 Holzenthal This request seeks funding, primarily in the form of graduate student research assistantships and summer faculty salary, to complete systematics research and education on the Trichoptera, or caddisfly, fauna of Costa Rica and the Neotropics. An important new component of the project will be emphasis on the graduate training of a Costa Rican in systematic entomology. Information and data generated through the project, specifically the English-language text of the manual and specimen level locality and taxonomic information, will be entered on a database and made available over the Internet through Gopher. Caddisflies are closely related to butterflies and moths and are best known, especially by those interested in fly fishing, for the cases and capture nets constructed by their aquatic larvae. Caddisfly larvae are ubiquitous in fresh waters worldwide, but are especially diverse in unpolluted rivers and steams. Larvae are important in aquatic food chains and are used as biological indicators of the well-being of freshwater habitats. The objectives of this research are to determine the full diversity and distribution of the caddisfly fauna of Costa Rica and to publish a species-level, Spanish-language manual of the fauna. When completed, this manual will be the first of its kind in Latin America. Since the manual will be based on revisionary taxonomic and phylogenetic research of monophyletic taxa, its production will extend benefits beyond Costa Rica to trichopterology and the study of Neotropical insects in general. The human resources, manual, and database developed under this project will serve important roles for future research on the taxonomy, biology, and conservation of Trichoptera and their habitats in the New World tropics.</AbstractNarration>
    <MinAmdLetterDate>06/01/1994</MinAmdLetterDate>
    <MaxAmdLetterDate>04/10/1995</MaxAmdLetterDate>
    <ARRAAmount/>
    <AwardID>9400632</AwardID>
    <Investigator>
      <FirstName>Ralph</FirstName>
      <LastName>Holzenthal</LastName>
      <EmailAddress>holze001@umn.edu</EmailAddress>
      <StartDate>06/01/1994</StartDate>
      <EndDate/>
      <RoleCode>Principal Investigator</RoleCode>
    </Investigator>
    <Institution>
      <Name>University of Minnesota-Twin Cities</Name>
      <CityName>Minneapolis</CityName>
      <ZipCode>554552070</ZipCode>
      <PhoneNumber>6126245599</PhoneNumber>
      <StreetAddress>200 OAK ST SE</StreetAddress>
      <CountryName>United States</CountryName>
      <StateName>Minnesota</StateName>
      <StateCode>MN</StateCode>
    </Institution>
    <FoaInformation>
      <Code>0000099</Code>
      <Name>Other Applications NEC</Name>
    </FoaInformation>
  </Award>
</rootTag>
