<?xml version="1.0" encoding="UTF-8"?>

<rootTag>
  <Award>
    <AwardTitle>Mathematical Sciences: Brauer Groups and the Theory of Fields</AwardTitle>
    <AwardEffectiveDate>06/01/1994</AwardEffectiveDate>
    <AwardExpirationDate>05/31/2000</AwardExpirationDate>
    <AwardAmount>221100</AwardAmount>
    <AwardInstrument>
      <Value>Continuing grant</Value>
    </AwardInstrument>
    <Organization>
      <Code>03040300</Code>
      <Directorate>
        <LongName>Direct For Mathematical &amp; Physical Scien</LongName>
      </Directorate>
      <Division>
        <LongName>Division Of Mathematical Sciences</LongName>
      </Division>
    </Organization>
    <ProgramOfficer>
      <SignBlockName>Joseph P. Brennan</SignBlockName>
    </ProgramOfficer>
    <AbstractNarration>Saltman This award supports research on both Brauer groups and the rationality problem for invariant fields. The principal investigator is specifically interested in the rationality problem for the center of the generic division algebra. A considerable part of this proposal concerns all these subjects, linked by the unramified cohomology. The principal investigator will determine if the unramified cohomology can be used to show the center of the generic division algebra is nonrational and if it can be used to show other invariant fields are nonrational. He will also see if the Merkuriev-Suslin theorem can be made more constructible and if the theory of toric varieties can be used to find good projective models for multiplicative invariant fields. The research supported is in the general area of field theory. Fields are algebraic structures similar to the rational numbers, the real numbers, and the complex numbers in that each nonzero element has an inverse with respect to multiplication. Field theory is a rich and deep subject with its historical roots arising from the early attempts to systematically describe the zeros of polynomials. ***</AbstractNarration>
    <MinAmdLetterDate>04/12/1994</MinAmdLetterDate>
    <MaxAmdLetterDate>02/05/1998</MaxAmdLetterDate>
    <ARRAAmount/>
    <AwardID>9400650</AwardID>
    <Investigator>
      <FirstName>David</FirstName>
      <LastName>Saltman</LastName>
      <EmailAddress>saltman@math.utexas.edu</EmailAddress>
      <StartDate>06/01/1994</StartDate>
      <EndDate/>
      <RoleCode>Principal Investigator</RoleCode>
    </Investigator>
    <Institution>
      <Name>University of Texas at Austin</Name>
      <CityName>Austin</CityName>
      <ZipCode>787121532</ZipCode>
      <PhoneNumber>5124716424</PhoneNumber>
      <StreetAddress>101 E. 27th Street, Suite 5.300</StreetAddress>
      <CountryName>United States</CountryName>
      <StateName>Texas</StateName>
      <StateCode>TX</StateCode>
    </Institution>
    <FoaInformation>
      <Code>21</Code>
      <Name>Mathematics</Name>
    </FoaInformation>
  </Award>
</rootTag>
