<?xml version="1.0" encoding="UTF-8"?>

<rootTag>
  <Award>
    <AwardTitle>Mathematical Sciences: Problems in Potential Theory</AwardTitle>
    <AwardEffectiveDate>06/15/1994</AwardEffectiveDate>
    <AwardExpirationDate>11/30/1997</AwardExpirationDate>
    <AwardAmount>60001</AwardAmount>
    <AwardInstrument>
      <Value>Standard Grant</Value>
    </AwardInstrument>
    <Organization>
      <Code>03040102</Code>
      <Directorate>
        <LongName>Direct For Mathematical &amp; Physical Scien</LongName>
      </Directorate>
      <Division>
        <LongName>Division Of Mathematical Sciences</LongName>
      </Division>
    </Organization>
    <ProgramOfficer>
      <SignBlockName>John V. Ryff</SignBlockName>
    </ProgramOfficer>
    <AbstractNarration>9400687 Wu This award supports mathematical research on problems arising from the classical theory of complex analysis and potential theory approached from several new points of view. The work concerns investigations into the nature of null sets for doubling measures and related problems on quasiconformal mapping. In particular the question of whether null sets of quasisymmetric homeomophisms on the unit circle are invariant under bilipschitz homeomorphisms. Work will also continue on harmonic measures for uniformly elliptic partial differential operators. Particular emphasis will be placed on building operators on the positive orthant by genuinely n-dimensional methods so that the support of the corresponding harmonic measures have small Hausdorff dimensions. Effort will be made to investigate practical ways of estimating expected lifetime for conditional Brownian motion for domains satisfying a capacity density condition. A new characterization of such domains is expected to result. Research in complex analysis and potential theory focuses on problems related to real and complex functions of several variables which satisfy certain partial differential equations. The theory is highly geometric and methods for attacking the many important problems are drawn from a multitude of mathematical theories such as probability, differential geometry, differential equations and functional analysis. ***</AbstractNarration>
    <MinAmdLetterDate>06/16/1994</MinAmdLetterDate>
    <MaxAmdLetterDate>06/16/1994</MaxAmdLetterDate>
    <ARRAAmount/>
    <AwardID>9400687</AwardID>
    <Investigator>
      <FirstName>Jang-Mei</FirstName>
      <LastName>Wu</LastName>
      <EmailAddress>wu@math.uiuc.edu</EmailAddress>
      <StartDate>06/15/1994</StartDate>
      <EndDate/>
      <RoleCode>Principal Investigator</RoleCode>
    </Investigator>
    <Institution>
      <Name>University of Illinois at Urbana-Champaign</Name>
      <CityName>CHAMPAIGN</CityName>
      <ZipCode>618207473</ZipCode>
      <PhoneNumber>2173332187</PhoneNumber>
      <StreetAddress>SUITE A</StreetAddress>
      <CountryName>United States</CountryName>
      <StateName>Illinois</StateName>
      <StateCode>IL</StateCode>
    </Institution>
    <FoaInformation>
      <Code>0000099</Code>
      <Name>Other Applications NEC</Name>
    </FoaInformation>
    <FoaInformation>
      <Code>21</Code>
      <Name>Mathematics</Name>
    </FoaInformation>
    <ProgramElement>
      <Code>1261</Code>
      <Text>CLASSICAL ANALYSIS</Text>
    </ProgramElement>
    <ProgramReference>
      <Code>0000</Code>
      <Text>UNASSIGNED</Text>
    </ProgramReference>
    <ProgramReference>
      <Code>OTHR</Code>
      <Text>OTHER RESEARCH OR EDUCATION</Text>
    </ProgramReference>
  </Award>
</rootTag>
