<?xml version="1.0" encoding="UTF-8"?>

<rootTag>
  <Award>
    <AwardTitle>Protein Histidine Phosphorylation</AwardTitle>
    <AwardEffectiveDate>07/15/1994</AwardEffectiveDate>
    <AwardExpirationDate>12/31/1997</AwardExpirationDate>
    <AwardAmount>281000</AwardAmount>
    <AwardInstrument>
      <Value>Continuing grant</Value>
    </AwardInstrument>
    <Organization>
      <Code>08070800</Code>
      <Directorate>
        <LongName>Direct For Biological Sciences</LongName>
      </Directorate>
      <Division>
        <LongName>Div Of Molecular and Cellular Bioscience</LongName>
      </Division>
    </Organization>
    <ProgramOfficer>
      <SignBlockName>Shiladitya DasSarma</SignBlockName>
    </ProgramOfficer>
    <AbstractNarration>9400696 Matthews Protein phosphorylation is a pervasive protein modification in both prokaryotic and eucaryotic cells. A common function of protein phosphorylation is in signal transduction. In prokaryotes, phosphohistidine formation is a key step in a two-component regulatory system. Although signal transduction roles for phosphoserine, phosphothreonine and phosphotyrosine are known in eucaryotes, the phosphohistidine system is poorly characterized. Recently with improved methods for studying phosphohistidine in proteins, it is now clear that histidine kinase and histidine phosphatases both exist in eucaryotic cells. To begin to understand the role of histidine phosphorylation in these cells, we will identify protein substrates for the enzymes. Studies will first determine how much histidine phosphate/protein occurs in cells and how many proteins are involved in this change. Studies will be performed with Saccharomyces cerevisiae cells. Proteins shown to contain phosphohistidine will be purified to homogeneity and their amino acid sequence will be determined. This information will be used to clone the gene(s) for each phosphorylated protein involved. Cloned genes will then be used to determine the copy number and the presence of near homologues in parent yeast cells. Cloned genes may also be used as tools in gene disruption and over- expression experiments to get a better understanding of the substrate requirements and metabolic role of protein/histidine phosphorylation eucaryotic cells. %%% Most cells respond to external signals. For example, bacteria can sense the concentration of nutrients and swim in their direction. Animal cell growth and development is regulated by hormonal signals also from outside the cell. The hormonal signal is passed from the sensor (the molecule in the animal cell that detects the signal) to the receptor (a molecule that responds.) In bacteria, many different signal systems have been described, and one common feature of them all is a reversible change in chemical structure of a regulatory protein that links the sensor to the effector. For example, the change may be the presence, or absence, of a phosphate on a specific histidine in a protein. Similar protein changes also occur in animal/yeast cells but their role is not as well understood. The idea in this study is that a specific change, such as a protein histidine phosphorylation, is involved in animal cell signal transduction, as in bacteria. To test this, the first aim of our research is to determine how much histidine phosphate/protein there is in animal/yeast cells, and how many different proteins are histidine phosphorylated. The histidine phosphorylated proteins will be isolated and cloned. Finally, the cloned genes will provide the basis for molecular genetic studies to determine the function(s) of protein histidine phosphorylation in animal cells. ***</AbstractNarration>
    <MinAmdLetterDate>07/12/1994</MinAmdLetterDate>
    <MaxAmdLetterDate>05/30/1996</MaxAmdLetterDate>
    <ARRAAmount/>
    <AwardID>9400696</AwardID>
    <Investigator>
      <FirstName>Harry</FirstName>
      <LastName>Matthews</LastName>
      <EmailAddress/>
      <StartDate>07/15/1994</StartDate>
      <EndDate/>
      <RoleCode>Principal Investigator</RoleCode>
    </Investigator>
    <Institution>
      <Name>University of California-Davis</Name>
      <CityName>Davis</CityName>
      <ZipCode>956186134</ZipCode>
      <PhoneNumber>5307547700</PhoneNumber>
      <StreetAddress>OR/Sponsored Programs</StreetAddress>
      <CountryName>United States</CountryName>
      <StateName>California</StateName>
      <StateCode>CA</StateCode>
    </Institution>
    <FoaInformation>
      <Code>0203000</Code>
      <Name>Health</Name>
    </FoaInformation>
    <FoaInformation>
      <Code>61</Code>
      <Name>Life Science Biological</Name>
    </FoaInformation>
    <ProgramElement>
      <Code>1168</Code>
      <Text/>
    </ProgramElement>
    <ProgramReference>
      <Code>9169</Code>
      <Text>BIODIVERSITY AND ECOSYSTEM DYNAMICS</Text>
    </ProgramReference>
    <ProgramReference>
      <Code>9178</Code>
      <Text>UNDERGRADUATE EDUCATION</Text>
    </ProgramReference>
    <ProgramReference>
      <Code>9181</Code>
      <Text>BIOPROCESSING/BIOMOLECULAR MATERIALS</Text>
    </ProgramReference>
    <ProgramReference>
      <Code>9183</Code>
      <Text>GENERAL FOUNDATIONS OF BIOTECHNOLOGY</Text>
    </ProgramReference>
    <ProgramReference>
      <Code>9198</Code>
      <Text>OTHER ENVIRONMENT</Text>
    </ProgramReference>
    <ProgramReference>
      <Code>9251</Code>
      <Text>RES EXPER FOR UNDERGRAD-SUPPLT</Text>
    </ProgramReference>
    <ProgramReference>
      <Code>BIOT</Code>
      <Text>BIOTECHNOLOGY</Text>
    </ProgramReference>
    <ProgramReference>
      <Code>SMET</Code>
      <Text>SCIENCE, MATH, ENG &amp; TECH EDUCATION</Text>
    </ProgramReference>
  </Award>
</rootTag>
