<?xml version="1.0" encoding="UTF-8"?>

<rootTag>
  <Award>
    <AwardTitle>The Coma and Tail of Comet Shoemaker-Levy 9 and Their Interaction with Jupiter</AwardTitle>
    <AwardEffectiveDate>03/15/1994</AwardEffectiveDate>
    <AwardExpirationDate>08/31/1995</AwardExpirationDate>
    <AwardAmount>35000</AwardAmount>
    <AwardInstrument>
      <Value>Standard Grant</Value>
    </AwardInstrument>
    <Organization>
      <Code>03020400</Code>
      <Directorate>
        <LongName>Direct For Mathematical &amp; Physical Scien</LongName>
      </Directorate>
      <Division>
        <LongName>Division Of Astronomical Sciences</LongName>
      </Division>
    </Organization>
    <ProgramOfficer>
      <SignBlockName>Vernon Pankonin</SignBlockName>
    </ProgramOfficer>
    <AbstractNarration>9400168 Michael F. A'Hearn Dr. A'Hearn and his colleagues plan to expand their normal observational program on comets and asteroids in order to carry out an extensive effort for Comet Shoemaker-Levy 9 and its impact onto Jupiter. They are emphasizing the study of the dust grains in the coma and tail, which together are a system much larger than the entire Jovian system. Observations will be conducted during the spring of 1994 to elucidate the properties of the grains. The investigators will then carry out a program of coronagraphic imaging and spectroscopy during the several weeks surrounding the period when the major fragments will impact the planet. This will be aimed at determining the interaction of the grains (and any gas) with the magnetosphere and ring and torus of Jupiter.</AbstractNarration>
    <MinAmdLetterDate>03/07/1994</MinAmdLetterDate>
    <MaxAmdLetterDate>03/07/1994</MaxAmdLetterDate>
    <ARRAAmount/>
    <AwardID>9400168</AwardID>
    <Investigator>
      <FirstName>Michael</FirstName>
      <LastName>A'Hearn</LastName>
      <EmailAddress>ma@astro.umd.edu</EmailAddress>
      <StartDate>03/15/1994</StartDate>
      <EndDate/>
      <RoleCode>Principal Investigator</RoleCode>
    </Investigator>
    <Investigator>
      <FirstName>Douglas</FirstName>
      <LastName>Currie</LastName>
      <EmailAddress>currie@umd.edu</EmailAddress>
      <StartDate>03/15/1994</StartDate>
      <EndDate/>
      <RoleCode>Co-Principal Investigator</RoleCode>
    </Investigator>
    <Investigator>
      <FirstName>Dennis</FirstName>
      <LastName>Wellnitz</LastName>
      <EmailAddress>wellnitz@astro.umd.edu</EmailAddress>
      <StartDate>03/15/1994</StartDate>
      <EndDate/>
      <RoleCode>Co-Principal Investigator</RoleCode>
    </Investigator>
    <Institution>
      <Name>University of Maryland College Park</Name>
      <CityName>COLLEGE PARK</CityName>
      <ZipCode>207425141</ZipCode>
      <PhoneNumber>3014056269</PhoneNumber>
      <StreetAddress>3112 LEE BLDG 7809 Regents Drive</StreetAddress>
      <CountryName>United States</CountryName>
      <StateName>Maryland</StateName>
      <StateCode>MD</StateCode>
    </Institution>
  </Award>
</rootTag>
