<?xml version="1.0" encoding="UTF-8"?>

<rootTag>
  <Award>
    <AwardTitle>International Conference on Tree-Rings, Environment and Humanity; Tucson, Arizona; May 17-21, 1994</AwardTitle>
    <AwardEffectiveDate>04/15/1994</AwardEffectiveDate>
    <AwardExpirationDate>03/31/1995</AwardExpirationDate>
    <AwardAmount>10000</AwardAmount>
    <AwardInstrument>
      <Value>Standard Grant</Value>
    </AwardInstrument>
    <Organization>
      <Code>06020106</Code>
      <Directorate>
        <LongName>Directorate For Geosciences</LongName>
      </Directorate>
      <Division>
        <LongName>Div Atmospheric &amp; Geospace Sciences</LongName>
      </Division>
    </Organization>
    <ProgramOfficer>
      <SignBlockName>Herman Zimmerman</SignBlockName>
    </ProgramOfficer>
    <AbstractNarration>Abstract ATM-9400182 Leavitt, Steven University of Arizona Title: International Conference on Tree-Rings, Environment and Humanity This award will provide partial support for the 1994 "International Conference on Tree Rings, Environment, and Humanity; Relationships and Processes" which will be held in Tucson, Arizona, on 17-21 May 1994, and will be hosted by the Laboratory of Tree Ring Research at the University of Arizona. The conference will offer an opportunity for professional scholars and students interested in tree-ring research to meet and to discuss current progress and future directions of world dendrochronology. The International Conference will feature discussions on the full range of dendrochronological applications and techniques including paleoclimatology and global change. The theme of the conference, stresses the application of tree-ring research to understanding environmental and cultural processes. The conference will address aspects of the past and future Earth, including its physical, biological, and social systems.</AbstractNarration>
    <MinAmdLetterDate>04/07/1994</MinAmdLetterDate>
    <MaxAmdLetterDate>04/07/1994</MaxAmdLetterDate>
    <ARRAAmount/>
    <AwardID>9400182</AwardID>
    <Investigator>
      <FirstName>Steven</FirstName>
      <LastName>Leavitt</LastName>
      <EmailAddress>sleavitt@ltrr.arizona.edu</EmailAddress>
      <StartDate>04/15/1994</StartDate>
      <EndDate/>
      <RoleCode>Principal Investigator</RoleCode>
    </Investigator>
    <Institution>
      <Name>University of Arizona</Name>
      <CityName>Tucson</CityName>
      <ZipCode>857194824</ZipCode>
      <PhoneNumber>5206266000</PhoneNumber>
      <StreetAddress>888 N Euclid Ave</StreetAddress>
      <CountryName>United States</CountryName>
      <StateName>Arizona</StateName>
      <StateCode>AZ</StateCode>
    </Institution>
    <FoaInformation>
      <Code>0319000</Code>
      <Name>Climate Related Activities</Name>
    </FoaInformation>
    <FoaInformation>
      <Code>41</Code>
      <Name>Atmospheric Sciences</Name>
    </FoaInformation>
    <ProgramElement>
      <Code>5740</Code>
      <Text>CLIMATE &amp; LARGE-SCALE DYNAMICS</Text>
    </ProgramElement>
    <ProgramReference>
      <Code>0000</Code>
      <Text>UNASSIGNED</Text>
    </ProgramReference>
    <ProgramReference>
      <Code>1304</Code>
      <Text>EARTH SYSTEM HISTORY</Text>
    </ProgramReference>
    <ProgramReference>
      <Code>OTHR</Code>
      <Text>OTHER RESEARCH OR EDUCATION</Text>
    </ProgramReference>
  </Award>
</rootTag>
