<?xml version="1.0" encoding="UTF-8"?>

<rootTag>
  <Award>
    <AwardTitle>Mathematical Sciences: C* Dynamical Systems</AwardTitle>
    <AwardEffectiveDate>06/15/1994</AwardEffectiveDate>
    <AwardExpirationDate>05/31/1998</AwardExpirationDate>
    <AwardAmount>76956</AwardAmount>
    <AwardInstrument>
      <Value>Continuing grant</Value>
    </AwardInstrument>
    <Organization>
      <Code>03040200</Code>
      <Directorate>
        <LongName>Direct For Mathematical &amp; Physical Scien</LongName>
      </Directorate>
      <Division>
        <LongName>Division Of Mathematical Sciences</LongName>
      </Division>
    </Organization>
    <ProgramOfficer>
      <SignBlockName>Joe W. Jenkins</SignBlockName>
    </ProgramOfficer>
    <AbstractNarration>9401253 Quigg This proposal is a continuation of a study of noncommutative duality for C*-dynamical systems. The primary objective is to further explore the links among Landstad duality, twisted coactions, induced C*-algebras, and crossed product duality. Further analysis will be made of the relation between discrete coactions and compact actions. The general area of mathematics of this project has its basis in the theory of algebras of Hilbert space operators. Operators can be thought of as finite or infinite matrices of complex numbers. Special types of operators are often put together in an algebra, naturally called an operator algebra. These abstract objects have a surprising variety of applications. For example, they play a key role in knot theory, which in turn is currently being used to study the structure of DNA, and they are of fundamental importance in noncommutative geometry, which is becoming of increasing importance in mathematical physics. ***</AbstractNarration>
    <MinAmdLetterDate>06/20/1994</MinAmdLetterDate>
    <MaxAmdLetterDate>05/09/1996</MaxAmdLetterDate>
    <ARRAAmount/>
    <AwardID>9401253</AwardID>
    <Investigator>
      <FirstName>John</FirstName>
      <LastName>Quigg</LastName>
      <EmailAddress>quigg@math.la.asu.edu</EmailAddress>
      <StartDate>06/15/1994</StartDate>
      <EndDate/>
      <RoleCode>Principal Investigator</RoleCode>
    </Investigator>
    <Institution>
      <Name>Arizona State University</Name>
      <CityName>TEMPE</CityName>
      <ZipCode>852816011</ZipCode>
      <PhoneNumber>4809655479</PhoneNumber>
      <StreetAddress>ORSPA</StreetAddress>
      <CountryName>United States</CountryName>
      <StateName>Arizona</StateName>
      <StateCode>AZ</StateCode>
    </Institution>
    <FoaInformation>
      <Code>21</Code>
      <Name>Mathematics</Name>
    </FoaInformation>
    <FoaInformation>
      <Code>0000099</Code>
      <Name>Other Applications NEC</Name>
    </FoaInformation>
  </Award>
</rootTag>
