<?xml version="1.0" encoding="UTF-8"?>

<rootTag>
  <Award>
    <AwardTitle>Mathematical Sciences: Representation Theory of Real Reductive Groups, L-groups and Reductive Dual Pairs</AwardTitle>
    <AwardEffectiveDate>06/01/1994</AwardEffectiveDate>
    <AwardExpirationDate>05/31/1997</AwardExpirationDate>
    <AwardAmount>74015</AwardAmount>
    <AwardInstrument>
      <Value>Standard Grant</Value>
    </AwardInstrument>
    <Organization>
      <Code>03040200</Code>
      <Directorate>
        <LongName>Direct For Mathematical &amp; Physical Scien</LongName>
      </Directorate>
      <Division>
        <LongName>Division Of Mathematical Sciences</LongName>
      </Division>
    </Organization>
    <ProgramOfficer>
      <SignBlockName>Joe W. Jenkins</SignBlockName>
    </ProgramOfficer>
    <AbstractNarration>9401074 Adams Adams will continue his work on the representation theory of real reductive Lie groups, with particular focus on the representation correspondence arising from real reductive dual pairs, generalizing recent work on complex groups and the dual pairs (O(p,q),Sp(2n,R) with p+q=2n+1. He will also investigate questions arising in connection with Arthur's conjectures. The theory of Lie groups, named in honor of the Norwegian mathematician Sophus Lie, has been one of the major themes in twentieth century mathematics. As the mathematical vehicle for exploiting the symmetries inherent in a system, the representation theory of Lie groups has had a profound impact up on mathematics itself, particularly in analysis and number theory, and upon the oretical physics, especially quantum mechanics and elementary particle physics. ***</AbstractNarration>
    <MinAmdLetterDate>05/18/1994</MinAmdLetterDate>
    <MaxAmdLetterDate>05/18/1994</MaxAmdLetterDate>
    <ARRAAmount/>
    <AwardID>9401074</AwardID>
    <Investigator>
      <FirstName>Jeffrey</FirstName>
      <LastName>Adams</LastName>
      <EmailAddress>jda@math.umd.edu</EmailAddress>
      <StartDate>06/01/1994</StartDate>
      <EndDate/>
      <RoleCode>Principal Investigator</RoleCode>
    </Investigator>
    <Institution>
      <Name>University of Maryland College Park</Name>
      <CityName>COLLEGE PARK</CityName>
      <ZipCode>207425141</ZipCode>
      <PhoneNumber>3014056269</PhoneNumber>
      <StreetAddress>3112 LEE BLDG 7809 Regents Drive</StreetAddress>
      <CountryName>United States</CountryName>
      <StateName>Maryland</StateName>
      <StateCode>MD</StateCode>
    </Institution>
    <FoaInformation>
      <Code>0000099</Code>
      <Name>Other Applications NEC</Name>
    </FoaInformation>
  </Award>
</rootTag>
