<?xml version="1.0" encoding="UTF-8"?>

<rootTag>
  <Award>
    <AwardTitle>Mathematical Sciences: Inductive Limit C*-Algebras: Classification and Nonstable K-Theory</AwardTitle>
    <AwardEffectiveDate>06/01/1994</AwardEffectiveDate>
    <AwardExpirationDate>05/31/1997</AwardExpirationDate>
    <AwardAmount>57592</AwardAmount>
    <AwardInstrument>
      <Value>Standard Grant</Value>
    </AwardInstrument>
    <Organization>
      <Code>03040108</Code>
      <Directorate>
        <LongName>Direct For Mathematical &amp; Physical Scien</LongName>
      </Directorate>
      <Division>
        <LongName>Division Of Mathematical Sciences</LongName>
      </Division>
    </Organization>
    <ProgramOfficer>
      <SignBlockName>Joe W. Jenkins</SignBlockName>
    </ProgramOfficer>
    <AbstractNarration>9401515 Pasnicu The proposed research has two major objectives: 1.To classify all the real rank zero (stable rank one) AH algebras by their graded ordered scaled group. 2. To obtain nonstable K-theory results for AH algebras. The completion of the first project would be a major step in the classification problem of separable nuclear C*-algebras by invariants. The completion of the second project will give a positive answer to an important conjecture of Blackadar and will provide important information in itself and also concerning the classification of nuclear C*-algebras. Operators are infinite dimensional generalizations of matrices that possess a natural addition and multiplication. There is a natural involution called the adjoint operation on operators that behaves much like the transpose operation (reflection in the diagonal) on square matrices. A collection of operators that is closed under addition, multiplication, the adjoint operation and has a certain topological property is called a C*-algebra. These algebras are important in several branches of mathematics as well as in mathematical physics and dynamical systems theory. The C*-algebras investigated here are ones that are built out of matrix algebras in a limiting manner. The basic goal is to classify these important algebras using simple invariants. ***</AbstractNarration>
    <MinAmdLetterDate>06/10/1994</MinAmdLetterDate>
    <MaxAmdLetterDate>06/10/1994</MaxAmdLetterDate>
    <ARRAAmount/>
    <AwardID>9401515</AwardID>
    <Investigator>
      <FirstName>Guihua</FirstName>
      <LastName>Gong</LastName>
      <EmailAddress/>
      <StartDate>06/01/1994</StartDate>
      <EndDate/>
      <RoleCode>Co-Principal Investigator</RoleCode>
    </Investigator>
    <Investigator>
      <FirstName>Cornel</FirstName>
      <LastName>Pasnicu</LastName>
      <EmailAddress>cpasnicu@gmail.com</EmailAddress>
      <StartDate>06/01/1994</StartDate>
      <EndDate/>
      <RoleCode>Principal Investigator</RoleCode>
    </Investigator>
    <Institution>
      <Name>University of Puerto Rico-Rio Piedras</Name>
      <CityName>San Juan</CityName>
      <ZipCode>009311790</ZipCode>
      <PhoneNumber>7877634949</PhoneNumber>
      <StreetAddress>PO Box 21790</StreetAddress>
      <CountryName>United States</CountryName>
      <StateName>Puerto Rico</StateName>
      <StateCode>PR</StateCode>
    </Institution>
    <FoaInformation>
      <Code>0000099</Code>
      <Name>Other Applications NEC</Name>
    </FoaInformation>
    <FoaInformation>
      <Code>21</Code>
      <Name>Mathematics</Name>
    </FoaInformation>
    <ProgramElement>
      <Code>1262</Code>
      <Text>MODERN ANALYSIS</Text>
    </ProgramElement>
    <ProgramReference>
      <Code>0000</Code>
      <Text>UNASSIGNED</Text>
    </ProgramReference>
    <ProgramReference>
      <Code>OTHR</Code>
      <Text>OTHER RESEARCH OR EDUCATION</Text>
    </ProgramReference>
  </Award>
</rootTag>
