<?xml version="1.0" encoding="UTF-8"?>

<rootTag>
  <Award>
    <AwardTitle>RUI: New Approach to An Innovative Bridge System</AwardTitle>
    <AwardEffectiveDate>09/01/1994</AwardEffectiveDate>
    <AwardExpirationDate>08/31/1997</AwardExpirationDate>
    <AwardAmount>169000</AwardAmount>
    <AwardInstrument>
      <Value>Continuing grant</Value>
    </AwardInstrument>
    <Organization>
      <Code>07030000</Code>
      <Directorate>
        <LongName>Directorate For Engineering</LongName>
      </Directorate>
      <Division>
        <LongName>Div Of Civil, Mechanical, &amp; Manufact Inn</LongName>
      </Division>
    </Organization>
    <ProgramOfficer>
      <SignBlockName>John Scalzi</SignBlockName>
    </ProgramOfficer>
    <AbstractNarration>9401211 Grace, Nabil F. This research presents a new concept dealing with the development of a corrosion-free bridge system that requires no shoring or forms and has superior characteristics compared to existing bridge systems. The non-corrosive bridge system will be built of: (i) pre-cast modified double tree (DT) panels, (ii) cast-in- place fiber reinforced decks, connected to the DT through fiber reinforced shear connectors, and (iii) external post-tension cables made of advanced composite strands. This bridge would be adapted to rural/short span bridges. An analytical and experimental study will be conducted by the junior and senior undergraduate students to examine the static, dynamic, fatigue and ultimate load characteristics of the new bridge system. ***</AbstractNarration>
    <MinAmdLetterDate>09/02/1994</MinAmdLetterDate>
    <MaxAmdLetterDate>03/06/1997</MaxAmdLetterDate>
    <ARRAAmount/>
    <AwardID>9401211</AwardID>
    <Investigator>
      <FirstName>Nabil</FirstName>
      <LastName>Grace</LastName>
      <EmailAddress>nabil@ltu.edu</EmailAddress>
      <StartDate>09/01/1994</StartDate>
      <EndDate/>
      <RoleCode>Principal Investigator</RoleCode>
    </Investigator>
    <Institution>
      <Name>Lawrence Technological University</Name>
      <CityName>Southfield</CityName>
      <ZipCode>480751051</ZipCode>
      <PhoneNumber>2482042103</PhoneNumber>
      <StreetAddress>21000 Ten Mile Road</StreetAddress>
      <CountryName>United States</CountryName>
      <StateName>Michigan</StateName>
      <StateCode>MI</StateCode>
    </Institution>
    <FoaInformation>
      <Code>54</Code>
      <Name>Engineering-Civil</Name>
    </FoaInformation>
    <FoaInformation>
      <Code>0109000</Code>
      <Name>Structural Technology</Name>
    </FoaInformation>
  </Award>
</rootTag>
