<?xml version="1.0" encoding="UTF-8"?>

<rootTag>
  <Award>
    <AwardTitle>Studies in Automorphic Representations</AwardTitle>
    <AwardEffectiveDate>07/01/1994</AwardEffectiveDate>
    <AwardExpirationDate>06/30/1998</AwardExpirationDate>
    <AwardAmount>127200</AwardAmount>
    <AwardInstrument>
      <Value>Continuing grant</Value>
    </AwardInstrument>
    <Organization>
      <Code>03040300</Code>
      <Directorate>
        <LongName>Direct For Mathematical &amp; Physical Scien</LongName>
      </Directorate>
      <Division>
        <LongName>Division Of Mathematical Sciences</LongName>
      </Division>
    </Organization>
    <ProgramOfficer>
      <SignBlockName>Murray M. Schacher</SignBlockName>
    </ProgramOfficer>
    <AbstractNarration>9401466 Rogawski This award funds the investigations of Professor Jonathan Rogawski in the theory of automorphic representations and its relations with number theory. The work has three objectives; first to construct motives for Hilbert modular forms of a particular weight, second to prove a conjecture relating the existence of Heisenberg models to the multiplicity pairing, and finally to construct a correspondence between certain representations of unitary groups with representations of the general linear group. This research is in a part of number theory generally known as the Langland's program. Number theory is the study of the properties of the whole numbers and is the oldest branch of mathematics. From the beginning problems in number theory have furnished a driving force in creating new mathematics in other diverse parts of the discipline. The Langland's program is a general philosophy that connects number theory with calculus; it embodies the modern approach to the study of whole numbers. Modern number theory is very technical and deep, but it has had astonishing applications in areas like theoretical computer science and coding theory.</AbstractNarration>
    <MinAmdLetterDate>05/06/1994</MinAmdLetterDate>
    <MaxAmdLetterDate>07/10/1996</MaxAmdLetterDate>
    <ARRAAmount/>
    <AwardID>9401466</AwardID>
    <Investigator>
      <FirstName>Jonathan</FirstName>
      <LastName>Rogawski</LastName>
      <EmailAddress>jonr@math.ucla.edu</EmailAddress>
      <StartDate>07/01/1994</StartDate>
      <EndDate/>
      <RoleCode>Principal Investigator</RoleCode>
    </Investigator>
    <Institution>
      <Name>University of California-Los Angeles</Name>
      <CityName>LOS ANGELES</CityName>
      <ZipCode>900951406</ZipCode>
      <PhoneNumber>3107940102</PhoneNumber>
      <StreetAddress>10889 Wilshire Boulevard</StreetAddress>
      <CountryName>United States</CountryName>
      <StateName>California</StateName>
      <StateCode>CA</StateCode>
    </Institution>
    <FoaInformation>
      <Code>0000099</Code>
      <Name>Other Applications NEC</Name>
    </FoaInformation>
    <FoaInformation>
      <Code>21</Code>
      <Name>Mathematics</Name>
    </FoaInformation>
    <ProgramElement>
      <Code>1264</Code>
      <Text>ALGEBRA,NUMBER THEORY,AND COM</Text>
    </ProgramElement>
    <ProgramReference>
      <Code>0000</Code>
      <Text>UNASSIGNED</Text>
    </ProgramReference>
    <ProgramReference>
      <Code>OTHR</Code>
      <Text>OTHER RESEARCH OR EDUCATION</Text>
    </ProgramReference>
  </Award>
</rootTag>
