<?xml version="1.0" encoding="UTF-8"?>

<rootTag>
  <Award>
    <AwardTitle>Technicians</AwardTitle>
    <AwardEffectiveDate>06/15/1994</AwardEffectiveDate>
    <AwardExpirationDate>08/31/2000</AwardExpirationDate>
    <AwardAmount>1845462</AwardAmount>
    <AwardInstrument>
      <Value>Continuing grant</Value>
    </AwardInstrument>
    <Organization>
      <Code>06040100</Code>
      <Directorate>
        <LongName>Directorate For Geosciences</LongName>
      </Directorate>
      <Division>
        <LongName>Division Of Ocean Sciences</LongName>
      </Division>
    </Organization>
    <ProgramOfficer>
      <SignBlockName>Elizabeth Rom</SignBlockName>
    </ProgramOfficer>
    <AbstractNarration>94-001177 This award provides funding to Lamont Doherty Earth Observatory (LDEO) for shipboard technician activities associated with the research vessel EWING, a 208-foot vessel. The EWING is owned and operated by LDEO in support of oceanographic research. NSF is the primary user of the ship. In calendar year 1994, the EWING will support a total of 292 days of NSF-funded research. LDEO technicians will be responsible for operating and repairing instruments while at sea, maintaining instruments ashore and assisting with scientific operations as necessary before and after cruises. LDEO technicians have provided excellent support services in the past. Cruise reports will be monitored to ensure that they continue to provide this level of service.</AbstractNarration>
    <MinAmdLetterDate>06/27/1994</MinAmdLetterDate>
    <MaxAmdLetterDate>06/09/1999</MaxAmdLetterDate>
    <ARRAAmount/>
    <AwardID>9401177</AwardID>
    <Investigator>
      <FirstName>Dennis</FirstName>
      <LastName>Hayes</LastName>
      <EmailAddress>deph@ldeo.columbia.edu</EmailAddress>
      <StartDate>06/15/1994</StartDate>
      <EndDate/>
      <RoleCode>Principal Investigator</RoleCode>
    </Investigator>
    <Investigator>
      <FirstName>Michael</FirstName>
      <LastName>Rawson</LastName>
      <EmailAddress>rawson@ldeo.columbia.edu</EmailAddress>
      <StartDate>06/15/1994</StartDate>
      <EndDate>06/09/1999</EndDate>
      <RoleCode>Former Principal Investigator</RoleCode>
    </Investigator>
    <Institution>
      <Name>Columbia University</Name>
      <CityName>NEW YORK</CityName>
      <ZipCode>100276902</ZipCode>
      <PhoneNumber>2128546851</PhoneNumber>
      <StreetAddress>2960 Broadway</StreetAddress>
      <CountryName>United States</CountryName>
      <StateName>New York</StateName>
      <StateCode>NY</StateCode>
    </Institution>
    <FoaInformation>
      <Code>49</Code>
      <Name>Environmental NEC</Name>
    </FoaInformation>
  </Award>
</rootTag>
