<?xml version="1.0" encoding="UTF-8"?>

<rootTag>
  <Award>
    <AwardTitle>Mathematical Sciences: Gauge Theory of 3-Manifolds: Spectral Flow &amp; Chern-Simons Invariants</AwardTitle>
    <AwardEffectiveDate>01/01/1995</AwardEffectiveDate>
    <AwardExpirationDate>12/31/1997</AwardExpirationDate>
    <AwardAmount>45000</AwardAmount>
    <AwardInstrument>
      <Value>Standard Grant</Value>
    </AwardInstrument>
    <Organization>
      <Code>03040200</Code>
      <Directorate>
        <LongName>Direct For Mathematical &amp; Physical Scien</LongName>
      </Directorate>
      <Division>
        <LongName>Division Of Mathematical Sciences</LongName>
      </Division>
    </Organization>
    <ProgramOfficer>
      <SignBlockName>Ralph M. Krause</SignBlockName>
    </ProgramOfficer>
    <AbstractNarration>9401196 Kirk Paul Kirk and Eric Klassen intend to develop powerful tools to compute and analyze gauge-theoretic invariants of 3-dimensional manifolds, particularly Chern-Simons invariants and the spectral flow of the signature operator, with an emphasis on manifolds with boundary. The techniques to be used include the theory of boundary-value problems for Dirac operators, Massey products in differential graded Lie algebras, and the representation theory of fundamental groups of 3-manifolds. Over the last decade, gauge theoretic topology has grown into one of the most important current fields of mathematical research. It involves an interaction of ideas from topology, analysis, differential and algebraic geometry, and theoretical physics. The exciting techniques resulting from this interaction have been used to answer fundamental questions about 3- and 4-dimensional manifolds which had been completely resistant to pre-gauge theory methods. The research to be undertaken forms one of the basic ingredients of both the 3- and 4-dimensional theories; it will provide information important for cut-and-paste methods in the 4-dimensional Donaldson theory, as well as providing computations for 3-dimensional topological quantum field theory. ***</AbstractNarration>
    <MinAmdLetterDate>12/29/1994</MinAmdLetterDate>
    <MaxAmdLetterDate>12/29/1994</MaxAmdLetterDate>
    <ARRAAmount/>
    <AwardID>9401196</AwardID>
    <Investigator>
      <FirstName>Paul</FirstName>
      <LastName>Kirk</LastName>
      <EmailAddress>pkirk@indiana.edu</EmailAddress>
      <StartDate>12/29/1994</StartDate>
      <EndDate/>
      <RoleCode>Principal Investigator</RoleCode>
    </Investigator>
    <Institution>
      <Name>Indiana University</Name>
      <CityName>Bloomington</CityName>
      <ZipCode>474013654</ZipCode>
      <PhoneNumber>8128550516</PhoneNumber>
      <StreetAddress>509 E 3RD ST</StreetAddress>
      <CountryName>United States</CountryName>
      <StateName>Indiana</StateName>
      <StateCode>IN</StateCode>
    </Institution>
    <FoaInformation>
      <Code>0000099</Code>
      <Name>Other Applications NEC</Name>
    </FoaInformation>
    <FoaInformation>
      <Code>21</Code>
      <Name>Mathematics</Name>
    </FoaInformation>
    <ProgramElement>
      <Code>1267</Code>
      <Text>TOPOLOGY</Text>
    </ProgramElement>
    <ProgramReference>
      <Code>0000</Code>
      <Text>UNASSIGNED</Text>
    </ProgramReference>
    <ProgramReference>
      <Code>OTHR</Code>
      <Text>OTHER RESEARCH OR EDUCATION</Text>
    </ProgramReference>
  </Award>
</rootTag>
