<?xml version="1.0" encoding="UTF-8"?>

<rootTag>
  <Award>
    <AwardTitle>Dynamics and Modelling of Marginal Sea Outflows</AwardTitle>
    <AwardEffectiveDate>06/15/1994</AwardEffectiveDate>
    <AwardExpirationDate>05/31/1999</AwardExpirationDate>
    <AwardAmount>295000</AwardAmount>
    <AwardInstrument>
      <Value>Continuing grant</Value>
    </AwardInstrument>
    <Organization>
      <Code>06040303</Code>
      <Directorate>
        <LongName>Directorate For Geosciences</LongName>
      </Directorate>
      <Division>
        <LongName>Division Of Ocean Sciences</LongName>
      </Division>
    </Organization>
    <ProgramOfficer>
      <SignBlockName>Eric C. Itsweire</SignBlockName>
    </ProgramOfficer>
    <AbstractNarration>9401300 Price The study consists of a series of numerical experiments to study the broadening of outflows of dense water from marginal seas to adjacent oceans. The method will be to run a three-dimensional ocean model and analyze the simulated outflows that will be guided by existing observations. The model uses the hydrostatic primitive equations, with horizontal resolution of 5 km along- stream, and 2 km across-stream on a 60 x 100 grid (domain size is 300 by 200 km). Specific questions to be addressed are: (1) what processes set the range of the product water T-S characteristics in a given outflow?; (2) how does the overlying ocean circulation interact with an outflow?; and, (3) can a large scale baroclinic instability of an outflow alter the mean T-S characteristics of the product water? ***</AbstractNarration>
    <MinAmdLetterDate>05/25/1994</MinAmdLetterDate>
    <MaxAmdLetterDate>03/02/1998</MaxAmdLetterDate>
    <ARRAAmount/>
    <AwardID>9401300</AwardID>
    <Investigator>
      <FirstName>James</FirstName>
      <LastName>Price</LastName>
      <EmailAddress>jprice@whoi.edu</EmailAddress>
      <StartDate>06/15/1994</StartDate>
      <EndDate/>
      <RoleCode>Principal Investigator</RoleCode>
    </Investigator>
    <Institution>
      <Name>Woods Hole Oceanographic Institution</Name>
      <CityName>WOODS HOLE</CityName>
      <ZipCode>025431041</ZipCode>
      <PhoneNumber>5082893542</PhoneNumber>
      <StreetAddress>183 OYSTER POND ROAD</StreetAddress>
      <CountryName>United States</CountryName>
      <StateName>Massachusetts</StateName>
      <StateCode>MA</StateCode>
    </Institution>
    <FoaInformation>
      <Code>0204000</Code>
      <Name>Oceanography</Name>
    </FoaInformation>
    <FoaInformation>
      <Code>44</Code>
      <Name>Physical &amp; Chemical Oceanography</Name>
    </FoaInformation>
    <ProgramElement>
      <Code>1610</Code>
      <Text>PHYSICAL OCEANOGRAPHY</Text>
    </ProgramElement>
    <ProgramReference>
      <Code>0000</Code>
      <Text>UNASSIGNED</Text>
    </ProgramReference>
    <ProgramReference>
      <Code>OTHR</Code>
      <Text>OTHER RESEARCH OR EDUCATION</Text>
    </ProgramReference>
  </Award>
</rootTag>
