<?xml version="1.0" encoding="UTF-8"?>

<rootTag>
  <Award>
    <AwardTitle>Mathematical Sciences: Metrics on Groups</AwardTitle>
    <AwardEffectiveDate>06/01/1994</AwardEffectiveDate>
    <AwardExpirationDate>11/30/1997</AwardExpirationDate>
    <AwardAmount>26695</AwardAmount>
    <AwardInstrument>
      <Value>Standard Grant</Value>
    </AwardInstrument>
    <Organization>
      <Code>03040108</Code>
      <Directorate>
        <LongName>Direct For Mathematical &amp; Physical Scien</LongName>
      </Directorate>
      <Division>
        <LongName>Division Of Mathematical Sciences</LongName>
      </Division>
    </Organization>
    <ProgramOfficer>
      <SignBlockName>James Glazebrook</SignBlockName>
    </ProgramOfficer>
    <AbstractNarration>9401302 Plaut The research entails the study of groups which can be isometry groups of Riemannian manifolds and metrics on infinite dimensional groups. As a test case, groups actions on infinite dimensional spheres can be studied. The research has group- theoretic ramifications and thus may be potentially applicable to algebra and other areas of mathematics. ***</AbstractNarration>
    <MinAmdLetterDate>05/12/1994</MinAmdLetterDate>
    <MaxAmdLetterDate>05/12/1994</MaxAmdLetterDate>
    <ARRAAmount/>
    <AwardID>9401302</AwardID>
    <Investigator>
      <FirstName>Conrad</FirstName>
      <LastName>Plaut</LastName>
      <EmailAddress>cplaut@utk.edu</EmailAddress>
      <StartDate>06/01/1994</StartDate>
      <EndDate/>
      <RoleCode>Principal Investigator</RoleCode>
    </Investigator>
    <Institution>
      <Name>University of Tennessee Knoxville</Name>
      <CityName>KNOXVILLE</CityName>
      <ZipCode>379960003</ZipCode>
      <PhoneNumber>8659743466</PhoneNumber>
      <StreetAddress>1 CIRCLE PARK</StreetAddress>
      <CountryName>United States</CountryName>
      <StateName>Tennessee</StateName>
      <StateCode>TN</StateCode>
    </Institution>
    <FoaInformation>
      <Code>0000099</Code>
      <Name>Other Applications NEC</Name>
    </FoaInformation>
    <FoaInformation>
      <Code>21</Code>
      <Name>Mathematics</Name>
    </FoaInformation>
  </Award>
</rootTag>
