<?xml version="1.0" encoding="UTF-8"?>

<rootTag>
  <Award>
    <AwardTitle>Systems and Software Tools for High Performance Computing</AwardTitle>
    <AwardEffectiveDate>08/15/1994</AwardEffectiveDate>
    <AwardExpirationDate>01/31/1999</AwardExpirationDate>
    <AwardAmount>1014781</AwardAmount>
    <AwardInstrument>
      <Value>Standard Grant</Value>
    </AwardInstrument>
    <Organization>
      <Code>05060100</Code>
      <Directorate>
        <LongName>Direct For Computer &amp; Info Scie &amp; Enginr</LongName>
      </Directorate>
      <Division>
        <LongName>DIVISION OF EXPERIMENTAL &amp; INTEG ACTIVIT</LongName>
      </Division>
    </Organization>
    <ProgramOfficer>
      <SignBlockName>Stephen Mahaney</SignBlockName>
    </ProgramOfficer>
    <AbstractNarration>9401151 Davis This award provides support for the acquisition of a distributed memory parallel computer together with support hardware for scientific visualization and storage of large image databases. The proposed system will be an experimental facility designed as a testbed for operating system and algorithm development, and will consequently run a wide range of experimental operating systems. The research topics to be explored span a broad range of applied research in high performance computing in three general categories: programming tools for HPC systems, parallel algorithms for scientific computing, and symbolic coding. A key component of the research program is the development of scalable parallel data structure and algorithms for the representation and analysis of global data sets arising from environmental science problems.</AbstractNarration>
    <MinAmdLetterDate>08/11/1994</MinAmdLetterDate>
    <MaxAmdLetterDate>03/23/1995</MaxAmdLetterDate>
    <ARRAAmount/>
    <AwardID>9401151</AwardID>
    <Investigator>
      <FirstName>Larry</FirstName>
      <LastName>Davis</LastName>
      <EmailAddress>lsd@umiacs.umd.edu</EmailAddress>
      <StartDate>08/15/1994</StartDate>
      <EndDate/>
      <RoleCode>Principal Investigator</RoleCode>
    </Investigator>
    <Investigator>
      <FirstName>Dianne</FirstName>
      <LastName>O'Leary</LastName>
      <EmailAddress>oleary@cs.umd.edu</EmailAddress>
      <StartDate>08/15/1994</StartDate>
      <EndDate/>
      <RoleCode>Co-Principal Investigator</RoleCode>
    </Investigator>
    <Investigator>
      <FirstName>Howard</FirstName>
      <LastName>Elman</LastName>
      <EmailAddress>elman@cs.umd.edu</EmailAddress>
      <StartDate>08/15/1994</StartDate>
      <EndDate/>
      <RoleCode>Co-Principal Investigator</RoleCode>
    </Investigator>
    <Investigator>
      <FirstName>James</FirstName>
      <LastName>Hendler</LastName>
      <EmailAddress>hendler@cs.rpi.edu</EmailAddress>
      <StartDate>08/15/1994</StartDate>
      <EndDate/>
      <RoleCode>Co-Principal Investigator</RoleCode>
    </Investigator>
    <Investigator>
      <FirstName>Joel</FirstName>
      <LastName>Saltz</LastName>
      <EmailAddress>jhsaltz@emory.edu</EmailAddress>
      <StartDate>08/15/1994</StartDate>
      <EndDate/>
      <RoleCode>Co-Principal Investigator</RoleCode>
    </Investigator>
    <Institution>
      <Name>University of Maryland College Park</Name>
      <CityName>COLLEGE PARK</CityName>
      <ZipCode>207425141</ZipCode>
      <PhoneNumber>3014056269</PhoneNumber>
      <StreetAddress>3112 LEE BLDG 7809 Regents Drive</StreetAddress>
      <CountryName>United States</CountryName>
      <StateName>Maryland</StateName>
      <StateCode>MD</StateCode>
    </Institution>
    <FoaInformation>
      <Code>0000099</Code>
      <Name>Other Applications NEC</Name>
    </FoaInformation>
    <FoaInformation>
      <Code>31</Code>
      <Name>Computer Science &amp; Engineering</Name>
    </FoaInformation>
    <ProgramElement>
      <Code>2885</Code>
      <Text>CISE RESEARCH INFRASTRUCTURE</Text>
    </ProgramElement>
    <ProgramReference>
      <Code>9218</Code>
      <Text>BASIC RESEARCH &amp; HUMAN RESORCS</Text>
    </ProgramReference>
    <ProgramReference>
      <Code>9232</Code>
      <Text>RES OPPOR AWARDS(ROA) (SUPPLEM</Text>
    </ProgramReference>
    <ProgramReference>
      <Code>HPCC</Code>
      <Text>HIGH PERFORMANCE COMPUTING &amp; COMM</Text>
    </ProgramReference>
  </Award>
</rootTag>
