<?xml version="1.0" encoding="UTF-8"?>

<rootTag>
  <Award>
    <AwardTitle>Mathematical Sciences: Harmonic Analysis on Symmetric and Locally Symmetric Spaces</AwardTitle>
    <AwardEffectiveDate>07/01/1994</AwardEffectiveDate>
    <AwardExpirationDate>12/31/1996</AwardExpirationDate>
    <AwardAmount>41452</AwardAmount>
    <AwardInstrument>
      <Value>Standard Grant</Value>
    </AwardInstrument>
    <Organization>
      <Code>03040200</Code>
      <Directorate>
        <LongName>Direct For Mathematical &amp; Physical Scien</LongName>
      </Directorate>
      <Division>
        <LongName>Division Of Mathematical Sciences</LongName>
      </Division>
    </Organization>
    <ProgramOfficer>
      <SignBlockName>Joe W. Jenkins</SignBlockName>
    </ProgramOfficer>
    <AbstractNarration>9401193 STANTON Stanton will continue his work on holomorphic torsion, extending it to the doubly-laced case. He will attempt to show that the formal geometric zeta function has a meromorphic extension to the complex plane. He will examine a number of other cases of locally symmetric or locally homogeneous geometries to test a conjectured technique for constructing geometric zeta functions using compactifications of the simply connected covering space. The general area of the research is analysis on symmetric spaces. One is interested in finding analogues of the classical special functions defined on geometric spaces that are generalizations of classical domains in n-dimensional complex space. ***</AbstractNarration>
    <MinAmdLetterDate>06/15/1994</MinAmdLetterDate>
    <MaxAmdLetterDate>06/15/1994</MaxAmdLetterDate>
    <ARRAAmount/>
    <AwardID>9401193</AwardID>
    <Investigator>
      <FirstName>Robert</FirstName>
      <LastName>Stanton</LastName>
      <EmailAddress>stanton@math.ohio-state.edu</EmailAddress>
      <StartDate>07/01/1994</StartDate>
      <EndDate/>
      <RoleCode>Principal Investigator</RoleCode>
    </Investigator>
    <Institution>
      <Name>Ohio State University Research Foundation -DO NOT USE</Name>
      <CityName>Columbus</CityName>
      <ZipCode>432101016</ZipCode>
      <PhoneNumber>6142923732</PhoneNumber>
      <StreetAddress>1960 KENNY RD</StreetAddress>
      <CountryName>United States</CountryName>
      <StateName>Ohio</StateName>
      <StateCode>OH</StateCode>
    </Institution>
    <FoaInformation>
      <Code>0000099</Code>
      <Name>Other Applications NEC</Name>
    </FoaInformation>
  </Award>
</rootTag>
