<?xml version="1.0" encoding="UTF-8"?>

<rootTag>
  <Award>
    <AwardTitle>Simulation Study of Space Plasma Physics</AwardTitle>
    <AwardEffectiveDate>05/15/1995</AwardEffectiveDate>
    <AwardExpirationDate>04/30/1999</AwardExpirationDate>
    <AwardAmount>141599</AwardAmount>
    <AwardInstrument>
      <Value>Continuing grant</Value>
    </AwardInstrument>
    <Organization>
      <Code>06020203</Code>
      <Directorate>
        <LongName>Directorate For Geosciences</LongName>
      </Directorate>
      <Division>
        <LongName>Div Atmospheric &amp; Geospace Sciences</LongName>
      </Division>
    </Organization>
    <ProgramOfficer>
      <SignBlockName>Paul A. Evenson</SignBlockName>
    </ProgramOfficer>
    <AbstractNarration>The PIs will carry out the 3D simulation of current-carrying flux tube dynamics. In particular, the PI will study: (1) the interaction of submerged flux tubes that carry a substantial amount of current, and thus, helicity, and (2) the global dynamics of solar flux tubes that lead to the morphology and evolution of the overall active region dynamics. The combination of these two processes will lead to the oft-observed global features' characteristics. The PI corroborates his computational/theoretical results closely with the solar satellite and ground-based observational results, particularly from Yohkoh.***</AbstractNarration>
    <MinAmdLetterDate>06/02/1995</MinAmdLetterDate>
    <MaxAmdLetterDate>01/30/1997</MaxAmdLetterDate>
    <ARRAAmount/>
    <AwardID>9401128</AwardID>
    <Investigator>
      <FirstName>Toshiki</FirstName>
      <LastName>Tajima</LastName>
      <EmailAddress>ttt@dino.ph.utexas.edu</EmailAddress>
      <StartDate>06/02/1995</StartDate>
      <EndDate/>
      <RoleCode>Principal Investigator</RoleCode>
    </Investigator>
    <Institution>
      <Name>University of Texas at Austin</Name>
      <CityName>Austin</CityName>
      <ZipCode>787121532</ZipCode>
      <PhoneNumber>5124716424</PhoneNumber>
      <StreetAddress>101 E. 27th Street, Suite 5.300</StreetAddress>
      <CountryName>United States</CountryName>
      <StateName>Texas</StateName>
      <StateCode>TX</StateCode>
    </Institution>
  </Award>
</rootTag>
