<?xml version="1.0" encoding="UTF-8"?>

<rootTag>
  <Award>
    <AwardTitle>U.S.-Brazil: Workshop on Entomopathogenic Bateria; Rio de Janeiro, May 23-26, 1994</AwardTitle>
    <AwardEffectiveDate>05/15/1994</AwardEffectiveDate>
    <AwardExpirationDate>10/31/1994</AwardExpirationDate>
    <AwardAmount>32873</AwardAmount>
    <AwardInstrument>
      <Value>Standard Grant</Value>
    </AwardInstrument>
    <Organization>
      <Code>01090000</Code>
      <Directorate>
        <LongName>Office Of The Director</LongName>
      </Directorate>
      <Division>
        <LongName>Office Of Internatl Science &amp;Engineering</LongName>
      </Division>
    </Organization>
    <ProgramOfficer>
      <SignBlockName>Tomas E. Gergely</SignBlockName>
    </ProgramOfficer>
    <AbstractNarration>Yousten 9401103 This U.S.-Brazilian Cooperative Science Program award supports travel expenses of nine U.S. researchers who will participate in a workshop on Enthomopathogenic Bacteria. Ten Brazilian and a Colombian investigator will also participate in the workshop, to be held May 23-26, at the Instituto Oswaldo Cruz, Rio de Janeiro, Brazil. The use of synthetic chemical insecticides , while highly successful, presents problems of toxicity to humans and other non-target organisms, environmental pollution,and development of resistant target organisms. As a result, interest in the use of naturally occurring microbial insecticides has increased greatly. U.S. scientists are leaders in the area of bacterial toxicity, while Brazilian scientists have developed fermentation methods that are also essential to the mass production of microbial insecticides. Collaborative efforts at defining pathogenic properties of bacteria, the mechanisms of action of the microorganisms and possibilities for mass production will benefit all countries involved. It is expected that several new research collaborations of mutual interest will emerge from this workshop.</AbstractNarration>
    <MinAmdLetterDate>05/17/1994</MinAmdLetterDate>
    <MaxAmdLetterDate>05/17/1994</MaxAmdLetterDate>
    <ARRAAmount/>
    <AwardID>9401103</AwardID>
    <Investigator>
      <FirstName>Allan</FirstName>
      <LastName>Yousten</LastName>
      <EmailAddress>yousten@vt.edu</EmailAddress>
      <StartDate>05/15/1994</StartDate>
      <EndDate/>
      <RoleCode>Principal Investigator</RoleCode>
    </Investigator>
    <Institution>
      <Name>Virginia Polytechnic Institute and State University</Name>
      <CityName>BLACKSBURG</CityName>
      <ZipCode>240610001</ZipCode>
      <PhoneNumber>5402315281</PhoneNumber>
      <StreetAddress>Sponsored Programs 0170</StreetAddress>
      <CountryName>United States</CountryName>
      <StateName>Virginia</StateName>
      <StateCode>VA</StateCode>
    </Institution>
    <FoaInformation>
      <Code>0302000</Code>
      <Name>Biological Pest Control</Name>
    </FoaInformation>
    <FoaInformation>
      <Code>61</Code>
      <Name>Life Science Biological</Name>
    </FoaInformation>
    <ProgramElement>
      <Code>5977</Code>
      <Text>AMERICAS PROGRAM</Text>
    </ProgramElement>
    <ProgramReference>
      <Code>9104</Code>
      <Text>ENVIRONMENTAL BIOTECHNOLOGY</Text>
    </ProgramReference>
    <ProgramReference>
      <Code>BIOT</Code>
      <Text>BIOTECHNOLOGY</Text>
    </ProgramReference>
  </Award>
</rootTag>
