<?xml version="1.0" encoding="UTF-8"?>

<rootTag>
  <Award>
    <AwardTitle>Mathematical Sciences: Flow Equivalence of Subshifts</AwardTitle>
    <AwardEffectiveDate>06/15/1994</AwardEffectiveDate>
    <AwardExpirationDate>11/30/1997</AwardExpirationDate>
    <AwardAmount>53615</AwardAmount>
    <AwardInstrument>
      <Value>Standard Grant</Value>
    </AwardInstrument>
    <Organization>
      <Code>03040200</Code>
      <Directorate>
        <LongName>Direct For Mathematical &amp; Physical Scien</LongName>
      </Directorate>
      <Division>
        <LongName>Division Of Mathematical Sciences</LongName>
      </Division>
    </Organization>
    <ProgramOfficer>
      <SignBlockName>Joe W. Jenkins</SignBlockName>
    </ProgramOfficer>
    <AbstractNarration>9401079 Huang The proposer has classified up to flow equivalence all 2- component shifts of finite type. He has recently classified n-component shifts of finite type when 1 is not an eigenvalue of the defining matrix. The project is to complete the classification for general n-component shifts of finite type by proving a crucial "two-sided" realization theorem which may also have a new implication to C*-algebras. Moreover, based on the existing results, the proposer intends to study (almost) flow equivalence of sofic shifts, of stochastic Markov shifts and of the more general setting of Laurent polynomial matrices. Especially, he plans to explore more interesting relations between flow equivalence and C*-algebras, including a conjecture he made for the classification of non-simple Cuntz-Krieger algebras associated to 2-component shifts of finite type. This project involves research in ergodic theory. Ergodic theory in general concerns understanding the average behavior of systems whose dynamics is too complicated or chaotic to be followed in microscopic detail. Under the heading of "dynamics" can be placed the modern theory of how groups of abstract transformations act on smooth spaces. In this way ergodic theory makes contact with geometry and algebra in their quests to clasify flows and algebraic structures. ***</AbstractNarration>
    <MinAmdLetterDate>06/10/1994</MinAmdLetterDate>
    <MaxAmdLetterDate>06/10/1994</MaxAmdLetterDate>
    <ARRAAmount/>
    <AwardID>9401079</AwardID>
    <Investigator>
      <FirstName>Danrun</FirstName>
      <LastName>Huang</LastName>
      <EmailAddress>dhuang@math.washington.ed</EmailAddress>
      <StartDate>06/15/1994</StartDate>
      <EndDate/>
      <RoleCode>Principal Investigator</RoleCode>
    </Investigator>
    <Institution>
      <Name>University of Washington</Name>
      <CityName>Seattle</CityName>
      <ZipCode>981950001</ZipCode>
      <PhoneNumber>2065434043</PhoneNumber>
      <StreetAddress>4333 Brooklyn Ave NE</StreetAddress>
      <CountryName>United States</CountryName>
      <StateName>Washington</StateName>
      <StateCode>WA</StateCode>
    </Institution>
    <FoaInformation>
      <Code>0000099</Code>
      <Name>Other Applications NEC</Name>
    </FoaInformation>
    <FoaInformation>
      <Code>21</Code>
      <Name>Mathematics</Name>
    </FoaInformation>
    <ProgramElement>
      <Code>1262</Code>
      <Text>MODERN ANALYSIS</Text>
    </ProgramElement>
    <ProgramReference>
      <Code>0000</Code>
      <Text>UNASSIGNED</Text>
    </ProgramReference>
    <ProgramReference>
      <Code>OTHR</Code>
      <Text>OTHER RESEARCH OR EDUCATION</Text>
    </ProgramReference>
  </Award>
</rootTag>
