<?xml version="1.0" encoding="UTF-8"?>

<rootTag>
  <Award>
    <AwardTitle>Mathematical Sciences: On the Qualitative Properties and Classification of Solutions to Nonlinear Differential Equations</AwardTitle>
    <AwardEffectiveDate>06/01/1994</AwardEffectiveDate>
    <AwardExpirationDate>05/31/1996</AwardExpirationDate>
    <AwardAmount>40000</AwardAmount>
    <AwardInstrument>
      <Value>Standard Grant</Value>
    </AwardInstrument>
    <Organization>
      <Code>03040102</Code>
      <Directorate>
        <LongName>Direct For Mathematical &amp; Physical Scien</LongName>
      </Directorate>
      <Division>
        <LongName>Division Of Mathematical Sciences</LongName>
      </Division>
    </Organization>
    <ProgramOfficer>
      <SignBlockName>John V. Ryff</SignBlockName>
    </ProgramOfficer>
    <AbstractNarration>9401441 LI This award supports mathematical research into the qualitative properties of nonlinear elliptic partial differential equations and their application to problems in geometry. Work involves the study of travelling wave fronts on infinite cylinders arising from flame propagation and ignition in combustion theory and population dynamics. Previous studies showed that the solutions of the evolutions problems approach some stable travelling wave fronts with certain speeds. There are cases where only one wave front exists. In other cases there are more and part of this investigation is to find the stable wave front. Work will also be done using the method of moving planes in the study of semilinear elliptic equations with critical and sub-critical Sobolev exponents. The goal here is to classify solutions which can then be carried over to fully nonlinear equations. Continuing work on the problem of prescribing Gaussian curvature on surfaces will also be carried out. This is sometimes referred to as the Kazdan-Warner problem. One seeks necessary and sufficient conditions for the solvability of the prescribed Gauss curvature via conformal changes of metric. Partial differential equations form a basis for mathematical modeling of the physical world. The role of mathematical analysis is not so much to create the equations as it is to provide qualitative and quantitative information about the solutions. This may include answers to questions about uniqueness, smoothness and growth. In addition, analysis often develops methods for approximation of solutions and estimates on the accuracy of these approximations. ***</AbstractNarration>
    <MinAmdLetterDate>05/27/1994</MinAmdLetterDate>
    <MaxAmdLetterDate>05/27/1994</MaxAmdLetterDate>
    <ARRAAmount/>
    <AwardID>9401441</AwardID>
    <Investigator>
      <FirstName>Congming</FirstName>
      <LastName>Li</LastName>
      <EmailAddress>cli@colorado.edu</EmailAddress>
      <StartDate>06/01/1994</StartDate>
      <EndDate/>
      <RoleCode>Principal Investigator</RoleCode>
    </Investigator>
    <Institution>
      <Name>University of Colorado at Boulder</Name>
      <CityName>Boulder</CityName>
      <ZipCode>803031058</ZipCode>
      <PhoneNumber>3034926221</PhoneNumber>
      <StreetAddress>3100 Marine Street, Room 481</StreetAddress>
      <CountryName>United States</CountryName>
      <StateName>Colorado</StateName>
      <StateCode>CO</StateCode>
    </Institution>
    <FoaInformation>
      <Code>0000099</Code>
      <Name>Other Applications NEC</Name>
    </FoaInformation>
    <FoaInformation>
      <Code>21</Code>
      <Name>Mathematics</Name>
    </FoaInformation>
    <ProgramElement>
      <Code>1261</Code>
      <Text>CLASSICAL ANALYSIS</Text>
    </ProgramElement>
    <ProgramReference>
      <Code>0000</Code>
      <Text>UNASSIGNED</Text>
    </ProgramReference>
    <ProgramReference>
      <Code>OTHR</Code>
      <Text>OTHER RESEARCH OR EDUCATION</Text>
    </ProgramReference>
  </Award>
</rootTag>
