<?xml version="1.0" encoding="UTF-8"?>

<rootTag>
  <Award>
    <AwardTitle>Mathematical Sciences: Nonlinear Functional Analysis in Applied Science</AwardTitle>
    <AwardEffectiveDate>05/15/1994</AwardEffectiveDate>
    <AwardExpirationDate>04/30/1996</AwardExpirationDate>
    <AwardAmount>40000</AwardAmount>
    <AwardInstrument>
      <Value>Standard Grant</Value>
    </AwardInstrument>
    <Organization>
      <Code>03040200</Code>
      <Directorate>
        <LongName>Direct For Mathematical &amp; Physical Scien</LongName>
      </Directorate>
      <Division>
        <LongName>Division Of Mathematical Sciences</LongName>
      </Division>
    </Organization>
    <ProgramOfficer>
      <SignBlockName>Kevin Clancey</SignBlockName>
    </ProgramOfficer>
    <AbstractNarration>9401418 Takac This project is concerned with development and applications of methods of modern functional analysis to problems arising in a number of generally well-accepted mathematical models in applied science. The investigator proposes to continue his development of modern functional analytic techniques that are suitable for studying large-time asymptotic behavior of solutions to monotone dynamical systems. A particular emphasis of this part of the proposed research will be on the large-time asymptotic behavior of orbits (trajectories) in almost periodic monotone dynamical processes. Various instability phenomena are described by a parabolic system of complex Ginzburg-Landau equations. The investigator proposes to establish the local (in time) existence, uniqueness and complex analytic extension of solutions to the parabolic system. This will be followed by a development of suitable global estimates in the Lebesgue-Hardy spaces over a region in multi-dimensional complex space in order to prevent all the derivatives of the solution from blowing-up in finite time. For the Ginzburg-Landau equation it should be possible to obtain such estimates directly from the equation. Global existence, uniqueness and complex analytic extension of solutions to a mathematical model guarantee the existence and uniqueness for all times of a particular physical (biological, material or economic) structure described by this model, and its smooth dependence upon the spatial and temporal variables (no sudden jumps). These properties are essential for the design of measurements to be performed on the physical structure. Large- time asymptotic behavior of solutions to a model determines the ultimate state of relationships within the modeled structure. Mathematical models investigated in this project are expressed in terms of non-linear differential equations. ***</AbstractNarration>
    <MinAmdLetterDate>05/18/1994</MinAmdLetterDate>
    <MaxAmdLetterDate>05/18/1994</MaxAmdLetterDate>
    <ARRAAmount/>
    <AwardID>9401418</AwardID>
    <Investigator>
      <FirstName>Peter</FirstName>
      <LastName>Takac</LastName>
      <EmailAddress/>
      <StartDate>05/15/1994</StartDate>
      <EndDate/>
      <RoleCode>Principal Investigator</RoleCode>
    </Investigator>
    <Institution>
      <Name>Emory University</Name>
      <CityName>Atlanta</CityName>
      <ZipCode>303224250</ZipCode>
      <PhoneNumber>4047272503</PhoneNumber>
      <StreetAddress>1599 Clifton Rd NE, 4th Floor</StreetAddress>
      <CountryName>United States</CountryName>
      <StateName>Georgia</StateName>
      <StateCode>GA</StateCode>
    </Institution>
    <FoaInformation>
      <Code>0000099</Code>
      <Name>Other Applications NEC</Name>
    </FoaInformation>
    <FoaInformation>
      <Code>21</Code>
      <Name>Mathematics</Name>
    </FoaInformation>
    <ProgramElement>
      <Code>1262</Code>
      <Text>MODERN ANALYSIS</Text>
    </ProgramElement>
    <ProgramElement>
      <Code>1266</Code>
      <Text>APPLIED MATHEMATICS</Text>
    </ProgramElement>
    <ProgramReference>
      <Code>0000</Code>
      <Text>UNASSIGNED</Text>
    </ProgramReference>
    <ProgramReference>
      <Code>1305</Code>
      <Text>ECOLOGICAL DIVERSITY</Text>
    </ProgramReference>
    <ProgramReference>
      <Code>GLCH</Code>
      <Text>GLOBAL CHANGE</Text>
    </ProgramReference>
    <ProgramReference>
      <Code>OTHR</Code>
      <Text>OTHER RESEARCH OR EDUCATION</Text>
    </ProgramReference>
  </Award>
</rootTag>
