<?xml version="1.0" encoding="UTF-8"?>

<rootTag>
  <Award>
    <AwardTitle>Mathematical Sciences: Research in Complex Analysis and Complex Dynamics</AwardTitle>
    <AwardEffectiveDate>07/01/1994</AwardEffectiveDate>
    <AwardExpirationDate>06/30/1997</AwardExpirationDate>
    <AwardAmount>109250</AwardAmount>
    <AwardInstrument>
      <Value>Continuing grant</Value>
    </AwardInstrument>
    <Organization>
      <Code>03040200</Code>
      <Directorate>
        <LongName>Direct For Mathematical &amp; Physical Scien</LongName>
      </Directorate>
      <Division>
        <LongName>Division Of Mathematical Sciences</LongName>
      </Division>
    </Organization>
    <ProgramOfficer>
      <SignBlockName>Joe W. Jenkins</SignBlockName>
    </ProgramOfficer>
    <AbstractNarration>9401398 Bedford This award supports mathematical research on problems arising in the theory of several complex variables. The work will be carried out in three directions. In the first, work will be done on applications of the methods of complex analysis to the dynamics of polynomial mappings for two complex variables. The mappings are assumed to be univalent. Central to this study will be the use of pluri-potential theory analogous to the impressive use of potential theory in the study of one-dimensional dynamics. In the second direction, work will continue on the classification of domains with noncompact automorphism groups. Since it is trivial to construct nonsmooth domains with such automorphism groups, attention will be restricted to domains with smooth boundaries. The first two domains addressed will be those which are convex and those with real analytic boundaries. In the third direction, the use of Levi flat surfaces will be studied in connection with the corona theorem for bounded analytic functions. A central goal of the work is the generalization of Wolff's d-bar approach to the corona problem on simply connected domains to multiply connected domains and Riemann surfaces. Several complex variables arose at the beginning of the century as a natural outgrowth of studies of functions of one complex variable. It became clear early on that the theory differed widely from it predecessor. The underlying geometry was far more difficult to grasp and the function theory had far more affinity with partial differential operators of first order. It thus grew as a hybrid subject combining deep characteristics of differential geometry and differential equations. Many of the fundamental structures were defined in the last three decades. Current studies still concentrate on understanding these basic mathematical forms. ***</AbstractNarration>
    <MinAmdLetterDate>06/15/1994</MinAmdLetterDate>
    <MaxAmdLetterDate>03/19/1996</MaxAmdLetterDate>
    <ARRAAmount/>
    <AwardID>9401398</AwardID>
    <Investigator>
      <FirstName>Eric</FirstName>
      <LastName>Bedford</LastName>
      <EmailAddress>ebedford@math.sunysb.edu</EmailAddress>
      <StartDate>07/01/1994</StartDate>
      <EndDate/>
      <RoleCode>Principal Investigator</RoleCode>
    </Investigator>
    <Institution>
      <Name>Indiana University</Name>
      <CityName>Bloomington</CityName>
      <ZipCode>474013654</ZipCode>
      <PhoneNumber>8128550516</PhoneNumber>
      <StreetAddress>509 E 3RD ST</StreetAddress>
      <CountryName>United States</CountryName>
      <StateName>Indiana</StateName>
      <StateCode>IN</StateCode>
    </Institution>
    <FoaInformation>
      <Code>0000099</Code>
      <Name>Other Applications NEC</Name>
    </FoaInformation>
    <FoaInformation>
      <Code>21</Code>
      <Name>Mathematics</Name>
    </FoaInformation>
    <ProgramElement>
      <Code>1261</Code>
      <Text>CLASSICAL ANALYSIS</Text>
    </ProgramElement>
    <ProgramElement>
      <Code>1281</Code>
      <Text>ANALYSIS PROGRAM</Text>
    </ProgramElement>
    <ProgramReference>
      <Code>0000</Code>
      <Text>UNASSIGNED</Text>
    </ProgramReference>
    <ProgramReference>
      <Code>OTHR</Code>
      <Text>OTHER RESEARCH OR EDUCATION</Text>
    </ProgramReference>
  </Award>
</rootTag>
