<?xml version="1.0" encoding="UTF-8"?>

<rootTag>
  <Award>
    <AwardTitle>Theoretical and Experimental Characterization of Gas Hydrates in Oceanic Sediments</AwardTitle>
    <AwardEffectiveDate>09/01/1994</AwardEffectiveDate>
    <AwardExpirationDate>08/31/1997</AwardExpirationDate>
    <AwardAmount>150000</AwardAmount>
    <AwardInstrument>
      <Value>Continuing grant</Value>
    </AwardInstrument>
    <Organization>
      <Code>06040200</Code>
      <Directorate>
        <LongName>Directorate For Geosciences</LongName>
      </Directorate>
      <Division>
        <LongName>Division Of Ocean Sciences</LongName>
      </Division>
    </Organization>
    <ProgramOfficer>
      <SignBlockName>David E. Epp</SignBlockName>
    </ProgramOfficer>
    <AbstractNarration>9401010 Nur Funds are provided to develop a quantitative model of the seismic properties of oceanic sediments containing gas hydrates. It will help delineate the distribution of gas hydrates, estimate their volume, explain the nature of bottom simulating reflectors and distinguish among hydrate morphologies. The model will also help in future drilling efforts in hydrate fields. The model will be based on microstructure of sediments. The model will be tested in the laboratory by measurements of compressional and shear velocities in cemented granular materials that simulates hydrate cements. ***</AbstractNarration>
    <MinAmdLetterDate>08/22/1994</MinAmdLetterDate>
    <MaxAmdLetterDate>07/08/1996</MaxAmdLetterDate>
    <ARRAAmount/>
    <AwardID>9401010</AwardID>
    <Investigator>
      <FirstName>Amos</FirstName>
      <LastName>Nur</LastName>
      <EmailAddress>anur@stanford.edu</EmailAddress>
      <StartDate>09/01/1994</StartDate>
      <EndDate/>
      <RoleCode>Principal Investigator</RoleCode>
    </Investigator>
    <Institution>
      <Name>Stanford University</Name>
      <CityName>Palo Alto</CityName>
      <ZipCode>943041212</ZipCode>
      <PhoneNumber>6507232300</PhoneNumber>
      <StreetAddress>3160 Porter Drive</StreetAddress>
      <CountryName>United States</CountryName>
      <StateName>California</StateName>
      <StateCode>CA</StateCode>
    </Institution>
  </Award>
</rootTag>
