<?xml version="1.0" encoding="UTF-8"?>

<rootTag>
  <Award>
    <AwardTitle>The Square Root Diffusivity</AwardTitle>
    <AwardEffectiveDate>08/01/1994</AwardEffectiveDate>
    <AwardExpirationDate>01/31/2000</AwardExpirationDate>
    <AwardAmount>631620</AwardAmount>
    <AwardInstrument>
      <Value>Continuing grant</Value>
    </AwardInstrument>
    <Organization>
      <Code>03070004</Code>
      <Directorate>
        <LongName>Direct For Mathematical &amp; Physical Scien</LongName>
      </Directorate>
      <Division>
        <LongName>Division Of Materials Research</LongName>
      </Division>
    </Organization>
    <ProgramOfficer>
      <SignBlockName>Bruce A. MacDonald</SignBlockName>
    </ProgramOfficer>
    <AbstractNarration>9401044 Morral The goal of this program is to model complex diffusional processes with simple equations that are based on rigorous, fundamental principles. Equations have already been derived for single and selected multiphase systems in terms of the "square root diffusivity," a kinetic property of materials. The equations have value to students who are learning how complex alloys differ from binary alloys and to engineers working on alloy and process design. The equations show how to measure the square root diffusivity of complex alloys, how to minimize interdiffusion rates and Kirkendall porosity, and how to vary the phases that form in interdiffusion zones. An experimental program combining electron microprobe and image analysis of nickel-base superalloys is being used to test the accuracy of the equations and to uncover new principles related to diffusion in multicomponent, multiphase systems. %%% Diffusion causes property degradation in coated turbine blades, metal-matrix composites, and other materials used for high temperature service. In addition, diffusion is important during high temperature processing, for example, pack cementation, carburizing and annealing. ***</AbstractNarration>
    <MinAmdLetterDate>07/05/1994</MinAmdLetterDate>
    <MaxAmdLetterDate>05/27/1997</MaxAmdLetterDate>
    <ARRAAmount/>
    <AwardID>9401044</AwardID>
    <Investigator>
      <FirstName>John</FirstName>
      <LastName>Morral</LastName>
      <EmailAddress>morral.4@osu.edu</EmailAddress>
      <StartDate>08/01/1994</StartDate>
      <EndDate/>
      <RoleCode>Principal Investigator</RoleCode>
    </Investigator>
    <Institution>
      <Name>University of Connecticut</Name>
      <CityName>Storrs</CityName>
      <ZipCode>062691133</ZipCode>
      <PhoneNumber>8604863622</PhoneNumber>
      <StreetAddress>438 Whitney Road Ext.</StreetAddress>
      <CountryName>United States</CountryName>
      <StateName>Connecticut</StateName>
      <StateCode>CT</StateCode>
    </Institution>
    <FoaInformation>
      <Code>15</Code>
      <Name>Metals, Ceramics &amp; Electronic Materials</Name>
    </FoaInformation>
  </Award>
</rootTag>
