<?xml version="1.0" encoding="UTF-8"?>

<rootTag>
  <Award>
    <AwardTitle>Processing of Ceramic/Polymer Nanocomposites Using Thermal Spray</AwardTitle>
    <AwardEffectiveDate>06/01/1994</AwardEffectiveDate>
    <AwardExpirationDate>11/30/1997</AwardExpirationDate>
    <AwardAmount>270977</AwardAmount>
    <AwardInstrument>
      <Value>Continuing grant</Value>
    </AwardInstrument>
    <Organization>
      <Code>07030000</Code>
      <Directorate>
        <LongName>Directorate For Engineering</LongName>
      </Directorate>
      <Division>
        <LongName>Div Of Civil, Mechanical, &amp; Manufact Inn</LongName>
      </Division>
    </Organization>
    <ProgramOfficer>
      <SignBlockName>Delcie R. Durham</SignBlockName>
    </ProgramOfficer>
    <AbstractNarration>9401052 Schadler The overall goal of this project is to explore the potential for thermal spray processing to produce unique, polymer nanocomposites that could open up new applications. Specifically, the objectives of this project are to develop the combustion flame spray and high velocity oxy-fuel processes for spraying ceramic nanoparticle/polymer coatings, to explore a variety of polymer matrices and ceramic particulate reinforcements in order to assess a wide variety of potential applications, and to characterize the coating for the appropriate applications. The scientific objectives of this project are to understand the process-structure- property relationships for ceramic/polymer composites formed using thermal spray techniques, to explore the micromechanics of deformation in these nanocomposites in order to understand the mechanisms that lead to improved mechanical properties, and to understand the effect of ceramic surface preparation on the mechanical properties of the composites. Successful completion of this project could lead to a better understanding of ceramic/polymer nanocomposites, which have promising material properties including substantial increase in toughness, reduced permeability of water, and reduced coefficient of thermal expansion. Abrasion resistance, tensile strength, and Young's modulus all seem to improve with the addition of nanosize ceramic particles in the polymer.</AbstractNarration>
    <MinAmdLetterDate>04/22/1994</MinAmdLetterDate>
    <MaxAmdLetterDate>03/14/1997</MaxAmdLetterDate>
    <ARRAAmount/>
    <AwardID>9401052</AwardID>
    <Investigator>
      <FirstName>Linda</FirstName>
      <LastName>Schadler</LastName>
      <EmailAddress>schadl@rpi.edu</EmailAddress>
      <StartDate>06/01/1994</StartDate>
      <EndDate>03/14/1997</EndDate>
      <RoleCode>Former Principal Investigator</RoleCode>
    </Investigator>
    <Investigator>
      <FirstName>Ronald</FirstName>
      <LastName>Smith</LastName>
      <EmailAddress>smithrw@duvm.ocs.drexel.edu</EmailAddress>
      <StartDate>06/01/1994</StartDate>
      <EndDate/>
      <RoleCode>Principal Investigator</RoleCode>
    </Investigator>
    <Institution>
      <Name>Drexel University</Name>
      <CityName>Philadelphia</CityName>
      <ZipCode>191021119</ZipCode>
      <PhoneNumber>2158955849</PhoneNumber>
      <StreetAddress>1505 Race St, 8th Floor</StreetAddress>
      <CountryName>United States</CountryName>
      <StateName>Pennsylvania</StateName>
      <StateCode>PA</StateCode>
    </Institution>
    <FoaInformation>
      <Code>0308000</Code>
      <Name>Industrial Technology</Name>
    </FoaInformation>
    <FoaInformation>
      <Code>59</Code>
      <Name>Engineering NEC</Name>
    </FoaInformation>
    <ProgramElement>
      <Code>1360</Code>
      <Text>HUMAN RESOURCES DEVELOPMENT</Text>
    </ProgramElement>
    <ProgramElement>
      <Code>1467</Code>
      <Text>MATERIALS PROCESSING AND MANFG</Text>
    </ProgramElement>
    <ProgramReference>
      <Code>9146</Code>
      <Text>MANUFACTURING BASE RESEARCH</Text>
    </ProgramReference>
    <ProgramReference>
      <Code>9161</Code>
      <Text>SINGLE DIVISION/UNIVERSITY</Text>
    </ProgramReference>
    <ProgramReference>
      <Code>9178</Code>
      <Text>UNDERGRADUATE EDUCATION</Text>
    </ProgramReference>
    <ProgramReference>
      <Code>9251</Code>
      <Text>RES EXPER FOR UNDERGRAD-SUPPLT</Text>
    </ProgramReference>
    <ProgramReference>
      <Code>MANU</Code>
      <Text>MANUFACTURING</Text>
    </ProgramReference>
  </Award>
</rootTag>
