<?xml version="1.0" encoding="UTF-8"?>

<rootTag>
  <Award>
    <AwardTitle>Mathematical Sciences: Periodic Homotopy and Unstable Localization</AwardTitle>
    <AwardEffectiveDate>08/01/1994</AwardEffectiveDate>
    <AwardExpirationDate>01/31/1996</AwardExpirationDate>
    <AwardAmount>17989</AwardAmount>
    <AwardInstrument>
      <Value>Standard Grant</Value>
    </AwardInstrument>
    <Organization>
      <Code>03040200</Code>
      <Directorate>
        <LongName>Direct For Mathematical &amp; Physical Scien</LongName>
      </Directorate>
      <Division>
        <LongName>Division Of Mathematical Sciences</LongName>
      </Division>
    </Organization>
    <ProgramOfficer>
      <SignBlockName>Ralph M. Krause</SignBlockName>
    </ProgramOfficer>
    <AbstractNarration>9401166 Langsetmo This career advancement award supports mathematical research in the field of topology. The work continues studied in homotopy theory involving the relationship between periodic homotopy and higher Morava K-theories. In particular, work will be done in extending the construction of Dyer-Lashof operations and calculating the Morava K-theory of infinite loop spaces. The calculation of the Morava K-theory of various finite loop spaces and determining the when the cobar (base to fiber) spectral sequence converges will also be carried out. Further study of the relationship between stable and unstable localization in the case of non-connective homology theories and the relationship between unstable periodic homotopy and periodic homology theories via unstable localization and mapping telescopes are planned. Finally, applications to related fields such as representation theory will be considered. Topology is the study of spaces in which shape and distance become less important while qualities of connectedness and deformability. Homotopy, in particular, focuses on the development of a mathematical structure which measures the extent to which curves may or may not be deformed into one another while constrained to stay on a particular surface or within a given space. ***</AbstractNarration>
    <MinAmdLetterDate>07/29/1994</MinAmdLetterDate>
    <MaxAmdLetterDate>07/29/1994</MaxAmdLetterDate>
    <ARRAAmount/>
    <AwardID>9401166</AwardID>
    <Investigator>
      <FirstName>Lisa</FirstName>
      <LastName>Langsetmo</LastName>
      <EmailAddress>lisa@math.wayne.edu</EmailAddress>
      <StartDate>08/01/1994</StartDate>
      <EndDate/>
      <RoleCode>Principal Investigator</RoleCode>
    </Investigator>
    <Institution>
      <Name>Wayne State University</Name>
      <CityName>Detroit</CityName>
      <ZipCode>482023622</ZipCode>
      <PhoneNumber>3135772424</PhoneNumber>
      <StreetAddress>5057 Woodward</StreetAddress>
      <CountryName>United States</CountryName>
      <StateName>Michigan</StateName>
      <StateCode>MI</StateCode>
    </Institution>
    <FoaInformation>
      <Code>21</Code>
      <Name>Mathematics</Name>
    </FoaInformation>
    <FoaInformation>
      <Code>0000099</Code>
      <Name>Other Applications NEC</Name>
    </FoaInformation>
  </Award>
</rootTag>
