<?xml version="1.0" encoding="UTF-8"?>

<rootTag>
  <Award>
    <AwardTitle>RUI: Hadron Structure and Lattice QCD</AwardTitle>
    <AwardEffectiveDate>07/01/1994</AwardEffectiveDate>
    <AwardExpirationDate>06/30/1997</AwardExpirationDate>
    <AwardAmount>56531</AwardAmount>
    <AwardInstrument>
      <Value>Continuing grant</Value>
    </AwardInstrument>
    <Organization>
      <Code>03010500</Code>
      <Directorate>
        <LongName>Direct For Mathematical &amp; Physical Scien</LongName>
      </Directorate>
      <Division>
        <LongName>Division Of Physics</LongName>
      </Division>
    </Organization>
    <ProgramOfficer>
      <SignBlockName>Boris J. Kayser</SignBlockName>
    </ProgramOfficer>
    <AbstractNarration>Theoretical research at the interface of elementary particle and nuclear physics will investigate a new set of calculational techniques, called charge overlap, on computers at the National Center for Supercomputing Applications (NCSA). Charge overlap techniques have the potential to allow us to do precise, controlled and complete calculations of the internal structure of particles composed of quarks and antiquarks. Using these methods, the internal structure of pions and other mesons will be investigated from first principles. In addition, using more traditional computer simulation techniques, an improved calculation of the neutron's electric charge distribution will be made. This calculation is particularly significant because of it's relevance to the experimental program at the Continuous Electron Beam Accelerator Facility (CEBAF). CEBAF will eventually make the world's most precise measurements of this distribution; theory and experiment can then be compared in a meaningful, fundamental way.</AbstractNarration>
    <MinAmdLetterDate>06/13/1994</MinAmdLetterDate>
    <MaxAmdLetterDate>06/24/1996</MaxAmdLetterDate>
    <ARRAAmount/>
    <AwardID>9401068</AwardID>
    <Investigator>
      <FirstName>Walter</FirstName>
      <LastName>Wilcox</LastName>
      <EmailAddress>Walter_Wilcox@baylor.edu</EmailAddress>
      <StartDate>07/01/1994</StartDate>
      <EndDate/>
      <RoleCode>Principal Investigator</RoleCode>
    </Investigator>
    <Institution>
      <Name>Baylor University</Name>
      <CityName>Waco</CityName>
      <ZipCode>767987360</ZipCode>
      <PhoneNumber>2547103817</PhoneNumber>
      <StreetAddress>One Bear Place #97360</StreetAddress>
      <CountryName>United States</CountryName>
      <StateName>Texas</StateName>
      <StateCode>TX</StateCode>
    </Institution>
    <FoaInformation>
      <Code>0000099</Code>
      <Name>Other Applications NEC</Name>
    </FoaInformation>
    <FoaInformation>
      <Code>13</Code>
      <Name>Physics</Name>
    </FoaInformation>
    <ProgramElement>
      <Code>1245</Code>
      <Text>THEORETICAL PHYSICS</Text>
    </ProgramElement>
    <ProgramReference>
      <Code>9178</Code>
      <Text>UNDERGRADUATE EDUCATION</Text>
    </ProgramReference>
    <ProgramReference>
      <Code>9229</Code>
      <Text>RES IN UNDERGRAD INST-RESEARCH</Text>
    </ProgramReference>
    <ProgramReference>
      <Code>SMET</Code>
      <Text>SCIENCE, MATH, ENG &amp; TECH EDUCATION</Text>
    </ProgramReference>
  </Award>
</rootTag>
