<?xml version="1.0" encoding="UTF-8"?>

<rootTag>
  <Award>
    <AwardTitle>Mathematical Sciences: Fibrations on Calabi-Yau Threefolds</AwardTitle>
    <AwardEffectiveDate>07/01/1994</AwardEffectiveDate>
    <AwardExpirationDate>12/31/1998</AwardExpirationDate>
    <AwardAmount>75600</AwardAmount>
    <AwardInstrument>
      <Value>Standard Grant</Value>
    </AwardInstrument>
    <Organization>
      <Code>03040300</Code>
      <Directorate>
        <LongName>Direct For Mathematical &amp; Physical Scien</LongName>
      </Directorate>
      <Division>
        <LongName>Division Of Mathematical Sciences</LongName>
      </Division>
    </Organization>
    <ProgramOfficer>
      <SignBlockName>Ann K. Boyle</SignBlockName>
    </ProgramOfficer>
    <AbstractNarration>Grassi Professor Grassi will study elliptic threefolds and Calabi-Yau threefolds. In particular she will study fibrations in Calabi-Yau threefolds with a view to showing their existence independent of the minimal model chosen. She also intends to further study the recently discovered phenomenon of mirror symmetry. This is research in the field of algebraic geometry, yet it directly connects to two of the great advances in theoretical physics in this century--quantum mechanics and general relativity. Algebraic geometry itself is one of the oldest parts of modern mathematics, but one which has had a revolutionary flowering in the past quarter-century. In its origin, it treated figures that could be defined in the plane by the simplest equations, namely polynomials. Nowadays the field makes use of methods not only from algebra, but from analysis and topology, and conversely is finding application in those fields as well as in physics, theoretical computer science, and robotics. ***</AbstractNarration>
    <MinAmdLetterDate>05/04/1994</MinAmdLetterDate>
    <MaxAmdLetterDate>02/13/1998</MaxAmdLetterDate>
    <ARRAAmount/>
    <AwardID>9401495</AwardID>
    <Investigator>
      <FirstName>Antonella</FirstName>
      <LastName>Grassi</LastName>
      <EmailAddress>grassi@math.upenn.edu</EmailAddress>
      <StartDate>07/01/1994</StartDate>
      <EndDate/>
      <RoleCode>Principal Investigator</RoleCode>
    </Investigator>
    <Institution>
      <Name>University of Pennsylvania</Name>
      <CityName>Philadelphia</CityName>
      <ZipCode>191046205</ZipCode>
      <PhoneNumber>2158987293</PhoneNumber>
      <StreetAddress>Research Services</StreetAddress>
      <CountryName>United States</CountryName>
      <StateName>Pennsylvania</StateName>
      <StateCode>PA</StateCode>
    </Institution>
    <FoaInformation>
      <Code>0000099</Code>
      <Name>Other Applications NEC</Name>
    </FoaInformation>
    <FoaInformation>
      <Code>21</Code>
      <Name>Mathematics</Name>
    </FoaInformation>
  </Award>
</rootTag>
