<?xml version="1.0" encoding="UTF-8"?>

<rootTag>
  <Award>
    <AwardTitle>Mathematical Sciences: Fourier analysis of distributions supported on hypersurfaces</AwardTitle>
    <AwardEffectiveDate>07/15/1994</AwardEffectiveDate>
    <AwardExpirationDate>12/31/1995</AwardExpirationDate>
    <AwardAmount>16849</AwardAmount>
    <AwardInstrument>
      <Value>Standard Grant</Value>
    </AwardInstrument>
    <Organization>
      <Code>03040102</Code>
      <Directorate>
        <LongName>Direct For Mathematical &amp; Physical Scien</LongName>
      </Directorate>
      <Division>
        <LongName>Division Of Mathematical Sciences</LongName>
      </Division>
    </Organization>
    <ProgramOfficer>
      <SignBlockName>John V. Ryff</SignBlockName>
    </ProgramOfficer>
    <AbstractNarration>9401208 Guo This RUI award supports mathematical research on problems in harmonic analysis related to spectral synthesis, which roughly states that smooth, decaying functions vanishing off a set approximate Fourier transforms vanishing on the same set. This project is mainly concerned with spectral synthesis on manifolds, the restriction of the Fourier transform and partial differential equations with constant coefficients. Specifically, the project concerns distributions supported by hypersurfaces in Euclidean space and how the curvature of the manifold is related to decay properties of the Fourier transform of the distribution. The work draws on recent results giving asymptotic estimates for weak spectral synthesis. Since there are examples where weak spectral synthesis fails for general manifolds, it is necessary to investigate the proper conditions, such as constant nullity, which will provide positive answers. Harmonic analysis concerns the decomposition and reconstruction of functions through representations in terms of simpler components. One of the fundamental tools of harmonic analysis is the Fourier transform which plays equally central role in the study of partial differential equations where the two fields come together naturally. Analysis of the transform, restricted to manifolds, is a relatively open field in which general results are usually hard to achieve.</AbstractNarration>
    <MinAmdLetterDate>07/25/1994</MinAmdLetterDate>
    <MaxAmdLetterDate>07/25/1994</MaxAmdLetterDate>
    <ARRAAmount/>
    <AwardID>9401208</AwardID>
    <Investigator>
      <FirstName>Kanghui</FirstName>
      <LastName>Guo</LastName>
      <EmailAddress>kanghuiguo@missouristate.edu</EmailAddress>
      <StartDate>07/15/1994</StartDate>
      <EndDate/>
      <RoleCode>Principal Investigator</RoleCode>
    </Investigator>
    <Institution>
      <Name>Missouri State University</Name>
      <CityName>Springfield</CityName>
      <ZipCode>658970027</ZipCode>
      <PhoneNumber>4178365972</PhoneNumber>
      <StreetAddress>901 South National</StreetAddress>
      <CountryName>United States</CountryName>
      <StateName>Missouri</StateName>
      <StateCode>MO</StateCode>
    </Institution>
    <FoaInformation>
      <Code>0000099</Code>
      <Name>Other Applications NEC</Name>
    </FoaInformation>
  </Award>
</rootTag>
