<?xml version="1.0" encoding="UTF-8"?>

<rootTag>
  <Award>
    <AwardTitle>Mathematical Sciences: RUI: Linear- Fractional Models and Their Applications</AwardTitle>
    <AwardEffectiveDate>06/15/1994</AwardEffectiveDate>
    <AwardExpirationDate>11/30/1997</AwardExpirationDate>
    <AwardAmount>64504</AwardAmount>
    <AwardInstrument>
      <Value>Standard Grant</Value>
    </AwardInstrument>
    <Organization>
      <Code>03040200</Code>
      <Directorate>
        <LongName>Direct For Mathematical &amp; Physical Scien</LongName>
      </Directorate>
      <Division>
        <LongName>Division Of Mathematical Sciences</LongName>
      </Division>
    </Organization>
    <ProgramOfficer>
      <SignBlockName>Joe W. Jenkins</SignBlockName>
    </ProgramOfficer>
    <AbstractNarration>9401206 Bourdon The project focuses on intertwining maps for holomorphic functions on the open disc. Given a holomorphic map a model can be constructed using the pair consisting of the intertwining map and the associated map. The project considers how change in the original map affect the intertwining component of the model. In particular, computer investigations will be made of the convergence properties of a sequence of intertwiners for a given holomorphic map. Progress in understanding these linear-fractional models will provide insight into both the behavior of composition operators and the dynamics of holomorphic self-maps under iteration. The project involves the interplay of operator theory and function theory. Operator theory is that part of mathematics that studies the infinite generalization of matrices. Classical function theory provides a source of models for operator theory. The current project involves a study of such function theoretic models. The importance of this work is a consequence of connections with iterative graphic computer computations. Undergraduate student involvement in the project will have a long term benefit for science. ***</AbstractNarration>
    <MinAmdLetterDate>05/06/1994</MinAmdLetterDate>
    <MaxAmdLetterDate>03/05/1996</MaxAmdLetterDate>
    <ARRAAmount/>
    <AwardID>9401206</AwardID>
    <Investigator>
      <FirstName>Paul</FirstName>
      <LastName>Bourdon</LastName>
      <EmailAddress>pbourdon@wlu.edu</EmailAddress>
      <StartDate>06/15/1994</StartDate>
      <EndDate/>
      <RoleCode>Principal Investigator</RoleCode>
    </Investigator>
    <Institution>
      <Name>Washington and Lee University</Name>
      <CityName>Lexington</CityName>
      <ZipCode>244502116</ZipCode>
      <PhoneNumber>5404588424</PhoneNumber>
      <StreetAddress>204 W. Washington St.</StreetAddress>
      <CountryName>United States</CountryName>
      <StateName>Virginia</StateName>
      <StateCode>VA</StateCode>
    </Institution>
  </Award>
</rootTag>
