<?xml version="1.0" encoding="UTF-8"?>

<rootTag>
  <Award>
    <AwardTitle>Mathematical Sciences: K-Theory for Operator Algebras, Index Theory, Riemann-Roch</AwardTitle>
    <AwardEffectiveDate>12/01/1994</AwardEffectiveDate>
    <AwardExpirationDate>04/30/1998</AwardExpirationDate>
    <AwardAmount>172500</AwardAmount>
    <AwardInstrument>
      <Value>Continuing grant</Value>
    </AwardInstrument>
    <Organization>
      <Code>03040200</Code>
      <Directorate>
        <LongName>Direct For Mathematical &amp; Physical Scien</LongName>
      </Directorate>
      <Division>
        <LongName>Division Of Mathematical Sciences</LongName>
      </Division>
    </Organization>
    <ProgramOfficer>
      <SignBlockName>Ralph M. Krause</SignBlockName>
    </ProgramOfficer>
    <AbstractNarration>9401440 Baum The BC (= Baum-Connes) conjecture is an extremely general equality relating topology, i.e. continuous geometry, and analysis, i.e. the branch of mathematics based on multi-variable calculus. This conjecture is unusual in that it cuts across several different areas of mathematics and thus reveals an underlying unity which previously was completely unknown. The research pursued here centers on proving this conjecture for certain classes of examples and then obtaining corollaries. More precisely, let G be a topological group which is Hausdorff, locally compact and second countable. The main examples are Lie groups, p-adic groups and discrete groups. C*G denotes the reduced C*-algebra of G, and KC*G is its K-theory. The BC conjecture, if true, gives an answer to the problem of calculating KC*G. Validity of the conjecture has applications to well-known problems in geometry-topology and representation theory. ***</AbstractNarration>
    <MinAmdLetterDate>11/22/1994</MinAmdLetterDate>
    <MaxAmdLetterDate>11/25/1996</MaxAmdLetterDate>
    <ARRAAmount/>
    <AwardID>9401440</AwardID>
    <Investigator>
      <FirstName>Paul</FirstName>
      <LastName>Baum</LastName>
      <EmailAddress>baum@math.psu.edu</EmailAddress>
      <StartDate>11/22/1994</StartDate>
      <EndDate/>
      <RoleCode>Principal Investigator</RoleCode>
    </Investigator>
    <Institution>
      <Name>Pennsylvania State Univ University Park</Name>
      <CityName>UNIVERSITY PARK</CityName>
      <ZipCode>168027000</ZipCode>
      <PhoneNumber>8148651372</PhoneNumber>
      <StreetAddress>110 Technology Center Building</StreetAddress>
      <CountryName>United States</CountryName>
      <StateName>Pennsylvania</StateName>
      <StateCode>PA</StateCode>
    </Institution>
    <FoaInformation>
      <Code>0000099</Code>
      <Name>Other Applications NEC</Name>
    </FoaInformation>
  </Award>
</rootTag>
