<?xml version="1.0" encoding="UTF-8"?>

<rootTag>
  <Award>
    <AwardTitle>Mathematical Sciences: Representations &amp; Cohomology of Finite &amp; Compact Lie Groups</AwardTitle>
    <AwardEffectiveDate>06/01/1994</AwardEffectiveDate>
    <AwardExpirationDate>11/30/1997</AwardExpirationDate>
    <AwardAmount>100500</AwardAmount>
    <AwardInstrument>
      <Value>Continuing grant</Value>
    </AwardInstrument>
    <Organization>
      <Code>03040300</Code>
      <Directorate>
        <LongName>Direct For Mathematical &amp; Physical Scien</LongName>
      </Directorate>
      <Division>
        <LongName>Division Of Mathematical Sciences</LongName>
      </Division>
    </Organization>
    <ProgramOfficer>
      <SignBlockName>Gary Cornell</SignBlockName>
    </ProgramOfficer>
    <AbstractNarration>Benson This award supports work on representations and cohomology of finite and compact Lie groups. There are three areas which will be investigated. The first is an investigation of the representation theory and cohomology of finite groups, primarily over fields of prime characteristic. The second involves understanding the cohomology of compact Lie groups, by extending current methods from the finite case. The third is aimed at constructing maps between classifying spaces of finite and compact Lie groups. The research supported concerns the representation theory of finite groups. A group is an algebraic object used to study transformations. Because of this, groups are a fundamental tool in physics, chemistry and computer science as well as mathematics. Representation theory is an important method for determining the structure of groups. ***</AbstractNarration>
    <MinAmdLetterDate>04/22/1994</MinAmdLetterDate>
    <MaxAmdLetterDate>04/10/1996</MaxAmdLetterDate>
    <ARRAAmount/>
    <AwardID>9401004</AwardID>
    <Investigator>
      <FirstName>David</FirstName>
      <LastName>Benson</LastName>
      <EmailAddress>djb@byrd.math.uga.edu</EmailAddress>
      <StartDate>06/01/1994</StartDate>
      <EndDate/>
      <RoleCode>Principal Investigator</RoleCode>
    </Investigator>
    <Institution>
      <Name>University of Georgia Research Foundation Inc</Name>
      <CityName>ATHENS</CityName>
      <ZipCode>306021589</ZipCode>
      <PhoneNumber>7065425939</PhoneNumber>
      <StreetAddress>310 East Campus Rd</StreetAddress>
      <CountryName>United States</CountryName>
      <StateName>Georgia</StateName>
      <StateCode>GA</StateCode>
    </Institution>
  </Award>
</rootTag>
