<?xml version="1.0" encoding="UTF-8"?>

<rootTag>
  <Award>
    <AwardTitle>Representation Theory: From Quantum Groups to Algebraic Groups</AwardTitle>
    <AwardEffectiveDate>06/15/1994</AwardEffectiveDate>
    <AwardExpirationDate>11/30/1997</AwardExpirationDate>
    <AwardAmount>60000</AwardAmount>
    <AwardInstrument>
      <Value>Standard Grant</Value>
    </AwardInstrument>
    <Organization>
      <Code>03040300</Code>
      <Directorate>
        <LongName>Direct For Mathematical &amp; Physical Scien</LongName>
      </Directorate>
      <Division>
        <LongName>Division Of Mathematical Sciences</LongName>
      </Division>
    </Organization>
    <ProgramOfficer>
      <SignBlockName>Ann K. Boyle</SignBlockName>
    </ProgramOfficer>
    <AbstractNarration>9401389 Lin The principal investigator will study further relations between quantum groups and the representations of algebraic groups in characteristic p. The first part of the research is to study various intertwining homomorphisms over an integral domain for quantum groups. This will provide a new class of homomorphisms for Weyl modules. The second part of the research is to study the contravariant bilinear forms on a quantum Weyl module over an integral domain by using the Joseph inductions to explore the relations between the Jantzen filtrations for both quantum groups and algebraic groups. The last problem is to explore the Andersen-Jantzen-Soergel localization technique in the comparison hyperalgebras. Quantum groups are a new area of research for both mathematicians and physicists. On the mathematical side, it combines three of the oldest areas of "pure" mathematics, algebra, analysis and geometry, yet it is of great interest to physicists working on conformal quantum field theory.</AbstractNarration>
    <MinAmdLetterDate>04/29/1994</MinAmdLetterDate>
    <MaxAmdLetterDate>04/29/1994</MaxAmdLetterDate>
    <ARRAAmount/>
    <AwardID>9401389</AwardID>
    <Investigator>
      <FirstName>Zongzhu</FirstName>
      <LastName>Lin</LastName>
      <EmailAddress>zlin@math.ksu.edu</EmailAddress>
      <StartDate>06/15/1994</StartDate>
      <EndDate/>
      <RoleCode>Principal Investigator</RoleCode>
    </Investigator>
    <Institution>
      <Name>Kansas State University</Name>
      <CityName>MANHATTAN</CityName>
      <ZipCode>665061103</ZipCode>
      <PhoneNumber>7855326804</PhoneNumber>
      <StreetAddress>2 FAIRCHILD HALL</StreetAddress>
      <CountryName>United States</CountryName>
      <StateName>Kansas</StateName>
      <StateCode>KS</StateCode>
    </Institution>
    <FoaInformation>
      <Code>0000099</Code>
      <Name>Other Applications NEC</Name>
    </FoaInformation>
  </Award>
</rootTag>
