<?xml version="1.0" encoding="UTF-8"?>

<rootTag>
  <Award>
    <AwardTitle>Infinite Dimensional Lie Algebras, Quantum Groups, &amp; their Applications</AwardTitle>
    <AwardEffectiveDate>07/01/1994</AwardEffectiveDate>
    <AwardExpirationDate>06/30/1997</AwardExpirationDate>
    <AwardAmount>152850</AwardAmount>
    <AwardInstrument>
      <Value>Continuing grant</Value>
    </AwardInstrument>
    <Organization>
      <Code>03040300</Code>
      <Directorate>
        <LongName>Direct For Mathematical &amp; Physical Scien</LongName>
      </Directorate>
      <Division>
        <LongName>Division Of Mathematical Sciences</LongName>
      </Division>
    </Organization>
    <ProgramOfficer>
      <SignBlockName>Gary Cornell</SignBlockName>
    </ProgramOfficer>
    <AbstractNarration>9401163 Reshetikhin This project is concerned with the study of quantized universal enveloping algebras and their representations together with their applications to low-dimensional topology and to 1+1-dimension models of quantum field theory. The principal investigator will investigate the relations between the structure of the category of modules over quantized universal enveloping algebras and corresponding affine Lie algebras. He will further study invariants of 3-manifolds to better understand the relation between the combinatorial approach to topological field theory and the differential-geometric one. He will continue studying the quantized universal enveloping algebras of infinite-dimensional Lie algebras and their representation theory and, in particular, when the parameter of deformations is a root of 1. Quantum groups are a new area of research for both mathematicians and physicists. On the mathematical side, it combines three of the oldest areas of "pure" mathematics, algebra, analysis and geometry, yet it is of great interest to physicists working on conformal quantum field theory.</AbstractNarration>
    <MinAmdLetterDate>04/22/1994</MinAmdLetterDate>
    <MaxAmdLetterDate>06/27/1996</MaxAmdLetterDate>
    <ARRAAmount/>
    <AwardID>9401163</AwardID>
    <Investigator>
      <FirstName>Nicolai</FirstName>
      <LastName>Reshetikhin</LastName>
      <EmailAddress>reshetik@math.berkeley.edu</EmailAddress>
      <StartDate>07/01/1994</StartDate>
      <EndDate/>
      <RoleCode>Principal Investigator</RoleCode>
    </Investigator>
    <Institution>
      <Name>University of California-Berkeley</Name>
      <CityName>BERKELEY</CityName>
      <ZipCode>947045940</ZipCode>
      <PhoneNumber>5106428109</PhoneNumber>
      <StreetAddress>Sponsored Projects Office</StreetAddress>
      <CountryName>United States</CountryName>
      <StateName>California</StateName>
      <StateCode>CA</StateCode>
    </Institution>
    <FoaInformation>
      <Code>0000099</Code>
      <Name>Other Applications NEC</Name>
    </FoaInformation>
    <FoaInformation>
      <Code>21</Code>
      <Name>Mathematics</Name>
    </FoaInformation>
  </Award>
</rootTag>
