<?xml version="1.0" encoding="UTF-8"?>

<rootTag>
  <Award>
    <AwardTitle>Mathematical Sciences: K-Theory, C*-algebras and Index Theory of Elliptic Operators</AwardTitle>
    <AwardEffectiveDate>06/01/1994</AwardEffectiveDate>
    <AwardExpirationDate>05/31/1997</AwardExpirationDate>
    <AwardAmount>90000</AwardAmount>
    <AwardInstrument>
      <Value>Continuing grant</Value>
    </AwardInstrument>
    <Organization>
      <Code>03040200</Code>
      <Directorate>
        <LongName>Direct For Mathematical &amp; Physical Scien</LongName>
      </Directorate>
      <Division>
        <LongName>Division Of Mathematical Sciences</LongName>
      </Division>
    </Organization>
    <ProgramOfficer>
      <SignBlockName>Joe W. Jenkins</SignBlockName>
    </ProgramOfficer>
    <AbstractNarration>9401457 Kaminker This project will pursue several directions involving the use of operator algebras to obtain invariants for elliptic operators, algebraic K-theory and dynamical systems. a notion of higher spectral flow will be developed. Index theoretic invariants will be defined which will detect elements of algebraic K-theory of the complex numbers. Operator algebras associated to hyperbolic dynamical systems will be studied and a K-theoretic duality relation will be used to obtain dynamical information. Work will also be done on some questions related to the Novikov conjecture and generalized homology theories on C*- algebras. These problems all involve Hilbert space operators and their relation to the geometric properties of manifolds, the higher dimensional analogues of surfaces. Partial differential operators play a large role in this work. These operators occur naturally in the study of applied mathematics and mathematical physics. ***</AbstractNarration>
    <MinAmdLetterDate>06/10/1994</MinAmdLetterDate>
    <MaxAmdLetterDate>03/22/1996</MaxAmdLetterDate>
    <ARRAAmount/>
    <AwardID>9401457</AwardID>
    <Investigator>
      <FirstName>Jerome</FirstName>
      <LastName>Kaminker</LastName>
      <EmailAddress>kaminker@math.iupui.edu</EmailAddress>
      <StartDate>06/01/1994</StartDate>
      <EndDate/>
      <RoleCode>Principal Investigator</RoleCode>
    </Investigator>
    <Institution>
      <Name>Indiana University</Name>
      <CityName>Bloomington</CityName>
      <ZipCode>474013654</ZipCode>
      <PhoneNumber>8128550516</PhoneNumber>
      <StreetAddress>509 E 3RD ST</StreetAddress>
      <CountryName>United States</CountryName>
      <StateName>Indiana</StateName>
      <StateCode>IN</StateCode>
    </Institution>
    <FoaInformation>
      <Code>0000099</Code>
      <Name>Other Applications NEC</Name>
    </FoaInformation>
    <FoaInformation>
      <Code>21</Code>
      <Name>Mathematics</Name>
    </FoaInformation>
    <ProgramElement>
      <Code>1262</Code>
      <Text>MODERN ANALYSIS</Text>
    </ProgramElement>
    <ProgramElement>
      <Code>1281</Code>
      <Text>ANALYSIS PROGRAM</Text>
    </ProgramElement>
    <ProgramReference>
      <Code>0000</Code>
      <Text>UNASSIGNED</Text>
    </ProgramReference>
    <ProgramReference>
      <Code>OTHR</Code>
      <Text>OTHER RESEARCH OR EDUCATION</Text>
    </ProgramReference>
  </Award>
</rootTag>
