<?xml version="1.0" encoding="UTF-8"?>

<rootTag>
  <Award>
    <AwardTitle>Mathematical Sciences: Non-linear Partial Differential Equations</AwardTitle>
    <AwardEffectiveDate>06/01/1994</AwardEffectiveDate>
    <AwardExpirationDate>05/31/1998</AwardExpirationDate>
    <AwardAmount>99000</AwardAmount>
    <AwardInstrument>
      <Value>Continuing grant</Value>
    </AwardInstrument>
    <Organization>
      <Code>03040200</Code>
      <Directorate>
        <LongName>Direct For Mathematical &amp; Physical Scien</LongName>
      </Directorate>
      <Division>
        <LongName>Division Of Mathematical Sciences</LongName>
      </Division>
    </Organization>
    <ProgramOfficer>
      <SignBlockName>Joe W. Jenkins</SignBlockName>
    </ProgramOfficer>
    <AbstractNarration>Caffarelli 9401168 This project continues mathematical research on several broad areas involving nonlinear partial differential equations. Of the two central themes, one concerns Lagrangian coordinates and allocation problems. In its physical interpretation, the work is concerned with the deformation or evolution of a material body. In particular, efforts will be made to understand how compression and rotation control the deformation. For instance, if the infinitesimal compression is controlled, what other quantity of the rotation must be controlled to assure that the deformation be smooth? This question, a Lagrangian version of the Helmholtz divergence-curl decomposition for a velocity or instantaneous deformation field, has arisen naturally in several areas where one must compute large deviations (computational plasticity, models for front formation in meteorological sciences, discretization of incompressible flows) as well as problems of allocation, where one tries to allocate resources into a new distribution which minimizes the allocation costs. A second theme concerns free boundaries and their singular perturbations. These arise in continuum mechanics when a rapid transition takes place in which the model assumes the presence of a sharp interphase (the burning of a flame, the solidification of a liquid, etc.). Studies of how well the sharp transition approximates the continuous phenomena will be carried out. For instance, the geometric properties of the sharp transition versus a narrow band of continuous transition, or when the limit of the continuous phenomena is actually the expected sharp transition will be analyzed. Partial differential equations form a basis for mathematical modeling of the physical world. The role of mathematical analysis is not so much to create the equations as it is to provide qualitative and quantitative information about the solutions. This may include answers to questions about uniqueness, smoothness and gr owth. In addition, analysis often develops methods for approximation of solutions and estimates on the accuracy of these approximations. ***</AbstractNarration>
    <MinAmdLetterDate>08/09/1994</MinAmdLetterDate>
    <MaxAmdLetterDate>02/14/1996</MaxAmdLetterDate>
    <ARRAAmount/>
    <AwardID>9401168</AwardID>
    <Investigator>
      <FirstName>Luis</FirstName>
      <LastName>Caffarelli</LastName>
      <EmailAddress>caffarel@math.utexas.edu</EmailAddress>
      <StartDate>06/01/1994</StartDate>
      <EndDate/>
      <RoleCode>Principal Investigator</RoleCode>
    </Investigator>
    <Institution>
      <Name>Institute For Advanced Study</Name>
      <CityName>PRINCETON</CityName>
      <ZipCode>085404907</ZipCode>
      <PhoneNumber>6097348000</PhoneNumber>
      <StreetAddress>EINSTEIN DRIVE</StreetAddress>
      <CountryName>United States</CountryName>
      <StateName>New Jersey</StateName>
      <StateCode>NJ</StateCode>
    </Institution>
    <FoaInformation>
      <Code>0000099</Code>
      <Name>Other Applications NEC</Name>
    </FoaInformation>
    <FoaInformation>
      <Code>21</Code>
      <Name>Mathematics</Name>
    </FoaInformation>
    <ProgramElement>
      <Code>1261</Code>
      <Text>CLASSICAL ANALYSIS</Text>
    </ProgramElement>
    <ProgramElement>
      <Code>1281</Code>
      <Text>ANALYSIS PROGRAM</Text>
    </ProgramElement>
    <ProgramReference>
      <Code>0000</Code>
      <Text>UNASSIGNED</Text>
    </ProgramReference>
    <ProgramReference>
      <Code>OTHR</Code>
      <Text>OTHER RESEARCH OR EDUCATION</Text>
    </ProgramReference>
  </Award>
</rootTag>
