<?xml version="1.0" encoding="UTF-8"?>

<rootTag>
  <Award>
    <AwardTitle>Hopf Algebras</AwardTitle>
    <AwardEffectiveDate>05/15/1994</AwardEffectiveDate>
    <AwardExpirationDate>08/31/1997</AwardExpirationDate>
    <AwardAmount>75000</AwardAmount>
    <AwardInstrument>
      <Value>Continuing grant</Value>
    </AwardInstrument>
    <Organization>
      <Code>03040300</Code>
      <Directorate>
        <LongName>Direct For Mathematical &amp; Physical Scien</LongName>
      </Directorate>
      <Division>
        <LongName>Division Of Mathematical Sciences</LongName>
      </Division>
    </Organization>
    <ProgramOfficer>
      <SignBlockName>Gary Cornell</SignBlockName>
    </ProgramOfficer>
    <AbstractNarration>9401324 Nichols This award supports fundamental work on the study of Hopf algebras. The main goal of the project is the solution of Kaplansky's sixth conjecture on Hopf algebras--for a finite dimensional cosemisimple Hopf algebra H defined over an algebraically closed field, the dimension of every simple right H-comodule divides the dimension of H. The principal investigator will also study some questions involving symbolic computation which have arisen in connection with the Hopf algebra work. This research is concerned with an algebraic object called a Hopf algebra. While the area is quite technical, Hopf algebras are becoming of increasing interest, even to non mathematicians. Hopf algebras are useful in the type of knot theory that is of interest to molecular chemists. Certain types of Hopf algebras are now referred to as quantum groups in recognition of their applications in physics. Hopf algebras are used to study differential operators and to make combinatorics more like calculus.</AbstractNarration>
    <MinAmdLetterDate>05/18/1994</MinAmdLetterDate>
    <MaxAmdLetterDate>05/03/1996</MaxAmdLetterDate>
    <ARRAAmount/>
    <AwardID>9401324</AwardID>
    <Investigator>
      <FirstName>Warren</FirstName>
      <LastName>Nichols</LastName>
      <EmailAddress>nichols@math.fsu.edu</EmailAddress>
      <StartDate>05/15/1994</StartDate>
      <EndDate/>
      <RoleCode>Principal Investigator</RoleCode>
    </Investigator>
    <Institution>
      <Name>Florida State University</Name>
      <CityName>TALLAHASSEE</CityName>
      <ZipCode>323064166</ZipCode>
      <PhoneNumber>8506445260</PhoneNumber>
      <StreetAddress>874 Traditions Way, 3rd Floor</StreetAddress>
      <CountryName>United States</CountryName>
      <StateName>Florida</StateName>
      <StateCode>FL</StateCode>
    </Institution>
    <FoaInformation>
      <Code>21</Code>
      <Name>Mathematics</Name>
    </FoaInformation>
  </Award>
</rootTag>
