<?xml version="1.0" encoding="UTF-8"?>

<rootTag>
  <Award>
    <AwardTitle>Sauer Problems for Set Systems</AwardTitle>
    <AwardEffectiveDate>07/01/1994</AwardEffectiveDate>
    <AwardExpirationDate>12/31/1997</AwardExpirationDate>
    <AwardAmount>48390</AwardAmount>
    <AwardInstrument>
      <Value>Standard Grant</Value>
    </AwardInstrument>
    <Organization>
      <Code>03040300</Code>
      <Directorate>
        <LongName>Direct For Mathematical &amp; Physical Scien</LongName>
      </Directorate>
      <Division>
        <LongName>Division Of Mathematical Sciences</LongName>
      </Division>
    </Organization>
    <ProgramOfficer>
      <SignBlockName>Andrew G. Earnest</SignBlockName>
    </ProgramOfficer>
    <AbstractNarration>9401351 Radcliffe This award funds the research of Professor Andrew Radcliffe into Sauer's theorem and its implications. Prof. Radcliffe intends studying traces of antichains, general trace problems and antichains. The work should have implications for learning theory, empirical processes and the theory of Banach spaces. This research falls in the broad category of combinatorics, which is one of the most active fields in today's mathematics. At its roots, combinatorics is the study of systematic counting, although this research is more involved with comparing the results of counting. Sauer's theorem is a general inequality that allows one to know that one collection contains more objects than another. Of course the collections must be of particular types, but the conditions are not hard to satisfy. Although its roots go back several centuries, the field of combinatorics has had an explosive development in the past few decades. This growth comes from its importance in communications and information technology, and as in this work, artificial intelligence.</AbstractNarration>
    <MinAmdLetterDate>04/19/1994</MinAmdLetterDate>
    <MaxAmdLetterDate>04/19/1994</MaxAmdLetterDate>
    <ARRAAmount/>
    <AwardID>9401351</AwardID>
    <Investigator>
      <FirstName>Andrew</FirstName>
      <LastName>Radcliffe</LastName>
      <EmailAddress>jradclif@math.unl.edu</EmailAddress>
      <StartDate>07/01/1994</StartDate>
      <EndDate/>
      <RoleCode>Principal Investigator</RoleCode>
    </Investigator>
    <Institution>
      <Name>University of Nebraska-Lincoln</Name>
      <CityName>Lincoln</CityName>
      <ZipCode>685031435</ZipCode>
      <PhoneNumber>4024723171</PhoneNumber>
      <StreetAddress>151 Prem S. Paul Research Center</StreetAddress>
      <CountryName>United States</CountryName>
      <StateName>Nebraska</StateName>
      <StateCode>NE</StateCode>
    </Institution>
    <FoaInformation>
      <Code>0000099</Code>
      <Name>Other Applications NEC</Name>
    </FoaInformation>
    <FoaInformation>
      <Code>21</Code>
      <Name>Mathematics</Name>
    </FoaInformation>
    <ProgramElement>
      <Code>1264</Code>
      <Text>ALGEBRA,NUMBER THEORY,AND COM</Text>
    </ProgramElement>
    <ProgramReference>
      <Code>0000</Code>
      <Text>UNASSIGNED</Text>
    </ProgramReference>
    <ProgramReference>
      <Code>9146</Code>
      <Text>MANUFACTURING BASE RESEARCH</Text>
    </ProgramReference>
    <ProgramReference>
      <Code>MANU</Code>
      <Text>MANUFACTURING</Text>
    </ProgramReference>
    <ProgramReference>
      <Code>OTHR</Code>
      <Text>OTHER RESEARCH OR EDUCATION</Text>
    </ProgramReference>
  </Award>
</rootTag>
