<?xml version="1.0" encoding="UTF-8"?>

<rootTag>
  <Award>
    <AwardTitle>Euler Systems and Their Applications</AwardTitle>
    <AwardEffectiveDate>07/01/1994</AwardEffectiveDate>
    <AwardExpirationDate>06/30/1997</AwardExpirationDate>
    <AwardAmount>76422</AwardAmount>
    <AwardInstrument>
      <Value>Continuing grant</Value>
    </AwardInstrument>
    <Organization>
      <Code>03040300</Code>
      <Directorate>
        <LongName>Direct For Mathematical &amp; Physical Scien</LongName>
      </Directorate>
      <Division>
        <LongName>Division Of Mathematical Sciences</LongName>
      </Division>
    </Organization>
    <ProgramOfficer>
      <SignBlockName>Sidney W. Graham</SignBlockName>
    </ProgramOfficer>
    <AbstractNarration>9401321 Kolyvagin This award funds the research of Prof. Victor Kolyvagin. Prof. Kolyvagin works on the theory of Euler systems and their application to number theory. For a given Euler system, he plans to extend the set of cohomology classes explicitly controlled locally, and connect them to the arithmetic of number fields and elliptic curves. This research falls under the general heading of number theory. Number theory is the study of the properties of the whole numbers and is the oldest branch of mathematics. From the beginning problems in number theory have furnished the driving force to creation of new mathematics in almost all parts of the discipline. Prof. Kolyvagin is a leader in the use of geometric ideas to study whole numbers. This kind of number theory is very technical and deep, but it has had astonishing applications in areas like theoretical computer science and coding theory.</AbstractNarration>
    <MinAmdLetterDate>05/12/1994</MinAmdLetterDate>
    <MaxAmdLetterDate>04/12/1996</MaxAmdLetterDate>
    <ARRAAmount/>
    <AwardID>9401321</AwardID>
    <Investigator>
      <FirstName>Victor</FirstName>
      <LastName>Kolyvagin</LastName>
      <EmailAddress>vkolyvagin@gc.cuny.edu</EmailAddress>
      <StartDate>07/01/1994</StartDate>
      <EndDate/>
      <RoleCode>Principal Investigator</RoleCode>
    </Investigator>
    <Institution>
      <Name>Johns Hopkins University</Name>
      <CityName>Baltimore</CityName>
      <ZipCode>212182608</ZipCode>
      <PhoneNumber>4105168668</PhoneNumber>
      <StreetAddress>3400 N CHARLES ST</StreetAddress>
      <CountryName>United States</CountryName>
      <StateName>Maryland</StateName>
      <StateCode>MD</StateCode>
    </Institution>
  </Award>
</rootTag>
