<?xml version="1.0" encoding="UTF-8"?>

<rootTag>
  <Award>
    <AwardTitle>Mathematical Sciences: Nonselfadjoint Limit Algebras</AwardTitle>
    <AwardEffectiveDate>06/01/1994</AwardEffectiveDate>
    <AwardExpirationDate>11/30/1998</AwardExpirationDate>
    <AwardAmount>50647</AwardAmount>
    <AwardInstrument>
      <Value>Standard Grant</Value>
    </AwardInstrument>
    <Organization>
      <Code>03040200</Code>
      <Directorate>
        <LongName>Direct For Mathematical &amp; Physical Scien</LongName>
      </Directorate>
      <Division>
        <LongName>Division Of Mathematical Sciences</LongName>
      </Division>
    </Organization>
    <ProgramOfficer>
      <SignBlockName>Joe W. Jenkins</SignBlockName>
    </ProgramOfficer>
    <AbstractNarration>9401456 Baker The project involves the classification of triangular UHF algebras. The goal is to establish a Banach algebra classification theory for these algebras. It is further proposed to develop a classification scheme for triangular UHF K algebras. Investigations will also be made of triangular UHF algebras over the p-adics. Other investigations will be made in the areas of canonical subalgebras of AF C*-algebras, the representation theory of standard triangular UHF operator algebras, and the calculation of the first K group of certain subdiagonal subalgebras of type II von Neumann algebras. The general area of this project is operator algebras. Operators can be thought of as finite or infinite matrices of complex numbers. Special types of operators are often put together in an algebra, naturally called an operator algebra. Among other problems, Professor Baker will try to classify operator algebras that can be approximated by operator algebras consisting of finite matrices. ***</AbstractNarration>
    <MinAmdLetterDate>04/22/1994</MinAmdLetterDate>
    <MaxAmdLetterDate>04/22/1994</MaxAmdLetterDate>
    <ARRAAmount/>
    <AwardID>9401456</AwardID>
    <Investigator>
      <FirstName>Richard</FirstName>
      <LastName>Baker</LastName>
      <EmailAddress>baker@math.uiowa.edu</EmailAddress>
      <StartDate>06/01/1994</StartDate>
      <EndDate/>
      <RoleCode>Principal Investigator</RoleCode>
    </Investigator>
    <Institution>
      <Name>University of Iowa</Name>
      <CityName>IOWA CITY</CityName>
      <ZipCode>522421320</ZipCode>
      <PhoneNumber>3193352123</PhoneNumber>
      <StreetAddress>2 GILMORE HALL</StreetAddress>
      <CountryName>United States</CountryName>
      <StateName>Iowa</StateName>
      <StateCode>IA</StateCode>
    </Institution>
    <FoaInformation>
      <Code>0000099</Code>
      <Name>Other Applications NEC</Name>
    </FoaInformation>
  </Award>
</rootTag>
