<?xml version="1.0" encoding="UTF-8"?>

<rootTag>
  <Award>
    <AwardTitle>Mathematical Sciences: Multivariable Operator Theory</AwardTitle>
    <AwardEffectiveDate>06/01/1994</AwardEffectiveDate>
    <AwardExpirationDate>05/31/1998</AwardExpirationDate>
    <AwardAmount>93000</AwardAmount>
    <AwardInstrument>
      <Value>Continuing grant</Value>
    </AwardInstrument>
    <Organization>
      <Code>03040200</Code>
      <Directorate>
        <LongName>Direct For Mathematical &amp; Physical Scien</LongName>
      </Directorate>
      <Division>
        <LongName>Division Of Mathematical Sciences</LongName>
      </Division>
    </Organization>
    <ProgramOfficer>
      <SignBlockName>Joe W. Jenkins</SignBlockName>
    </ProgramOfficer>
    <AbstractNarration>9401455 Curto The research of Curto will involve five projects from the subject of multivariable operator theory. These projects are the following: 1.A description of the spectral picture of multiplication on functional Hilbert spaces over Reinhardt and matrix Reinhardt domains. 2.Further characterizations of polynomial hyponormal operators. 3.Using hyponormal operator techniques to characterize initial segments of moment sequences. 4.A search for an Sz. Nagy-Foias dilation theory in several variables. 5.Understand the relationship between Taylor spectrum and other spectral systems using topological and K-theoretic invariants. Hilbert space operators are infinite generalizations of matrices. The infinite generalization of a vector is frequently a function and for this reason Hilbert space operators are frequently modeled as the operator of multiplication on a space of functions. This project involves finding such models for operators or tuples of operators. Once such models are obtained many basic questions about the structure of these operators become more natural. ***</AbstractNarration>
    <MinAmdLetterDate>06/29/1994</MinAmdLetterDate>
    <MaxAmdLetterDate>10/18/1995</MaxAmdLetterDate>
    <ARRAAmount/>
    <AwardID>9401455</AwardID>
    <Investigator>
      <FirstName>Raul</FirstName>
      <LastName>Curto</LastName>
      <EmailAddress>raul-curto@uiowa.edu</EmailAddress>
      <StartDate>06/01/1994</StartDate>
      <EndDate/>
      <RoleCode>Principal Investigator</RoleCode>
    </Investigator>
    <Institution>
      <Name>University of Iowa</Name>
      <CityName>IOWA CITY</CityName>
      <ZipCode>522421320</ZipCode>
      <PhoneNumber>3193352123</PhoneNumber>
      <StreetAddress>2 GILMORE HALL</StreetAddress>
      <CountryName>United States</CountryName>
      <StateName>Iowa</StateName>
      <StateCode>IA</StateCode>
    </Institution>
    <FoaInformation>
      <Code>0000099</Code>
      <Name>Other Applications NEC</Name>
    </FoaInformation>
    <FoaInformation>
      <Code>21</Code>
      <Name>Mathematics</Name>
    </FoaInformation>
    <ProgramElement>
      <Code>1262</Code>
      <Text>MODERN ANALYSIS</Text>
    </ProgramElement>
    <ProgramElement>
      <Code>1281</Code>
      <Text>ANALYSIS PROGRAM</Text>
    </ProgramElement>
    <ProgramReference>
      <Code>0000</Code>
      <Text>UNASSIGNED</Text>
    </ProgramReference>
    <ProgramReference>
      <Code>OTHR</Code>
      <Text>OTHER RESEARCH OR EDUCATION</Text>
    </ProgramReference>
  </Award>
</rootTag>
