<?xml version="1.0" encoding="UTF-8"?>

<rootTag>
  <Award>
    <AwardTitle>Mathematical Sciences: Maximum Principles and Dilation Invariant Estimates for Sobolev and Dirichlet Problems</AwardTitle>
    <AwardEffectiveDate>07/01/1994</AwardEffectiveDate>
    <AwardExpirationDate>06/30/1997</AwardExpirationDate>
    <AwardAmount>60000</AwardAmount>
    <AwardInstrument>
      <Value>Standard Grant</Value>
    </AwardInstrument>
    <Organization>
      <Code>03040102</Code>
      <Directorate>
        <LongName>Direct For Mathematical &amp; Physical Scien</LongName>
      </Directorate>
      <Division>
        <LongName>Division Of Mathematical Sciences</LongName>
      </Division>
    </Organization>
    <ProgramOfficer>
      <SignBlockName>John V. Ryff</SignBlockName>
    </ProgramOfficer>
    <AbstractNarration>9401354 Verchota This project in mathematical analysis focuses on the application of methods of harmonic analysis to the study of partial differential equations. Work will be done on the formation of estimates of solutions to boundary value problems of elliptic operators with constant coefficients. The tools employed include singular integrals and Sobolev and Hardy spaces on lower dimensional Lipschitz surfaces. The lower dimensional theory, which is just developing, seeks to yield new maximum principles for higher order equations and systems. One of the underlying goals of the research is that of understanding which properties of dilation invariant solutions might be considered operator independent. Classical theory fails to distinguish those properties of solutions that are operator dependent from those that are domain dependent. Boundary value problems such as the Dirichlet problem are to be generalized in an algebraic way to higher order operators and systems that may not conform to intuition on how values at the boundary should control values inside a domain. Partial differential equations form a basis for mathematical modeling of the physical world. The role of mathematical analysis is not so much to create the equations as it is to provide qualitative and quantitative information about the solutions. This may include answers to questions about uniqueness, smoothness and growth. In addition, analysis often develops methods for approximation of solutions and estimates on the accuracy of these approximations. ***</AbstractNarration>
    <MinAmdLetterDate>07/01/1994</MinAmdLetterDate>
    <MaxAmdLetterDate>07/01/1994</MaxAmdLetterDate>
    <ARRAAmount/>
    <AwardID>9401354</AwardID>
    <Investigator>
      <FirstName>Gregory</FirstName>
      <LastName>Verchota</LastName>
      <EmailAddress>gverchot@syr.edu</EmailAddress>
      <StartDate>07/01/1994</StartDate>
      <EndDate/>
      <RoleCode>Principal Investigator</RoleCode>
    </Investigator>
    <Institution>
      <Name>Syracuse University</Name>
      <CityName>SYRACUSE</CityName>
      <ZipCode>132441200</ZipCode>
      <PhoneNumber>3154432807</PhoneNumber>
      <StreetAddress>OFFICE OF SPONSORED PROGRAMS</StreetAddress>
      <CountryName>United States</CountryName>
      <StateName>New York</StateName>
      <StateCode>NY</StateCode>
    </Institution>
    <FoaInformation>
      <Code>0000099</Code>
      <Name>Other Applications NEC</Name>
    </FoaInformation>
    <FoaInformation>
      <Code>21</Code>
      <Name>Mathematics</Name>
    </FoaInformation>
    <ProgramElement>
      <Code>1261</Code>
      <Text>CLASSICAL ANALYSIS</Text>
    </ProgramElement>
    <ProgramReference>
      <Code>0000</Code>
      <Text>UNASSIGNED</Text>
    </ProgramReference>
    <ProgramReference>
      <Code>OTHR</Code>
      <Text>OTHER RESEARCH OR EDUCATION</Text>
    </ProgramReference>
  </Award>
</rootTag>
