<?xml version="1.0" encoding="UTF-8"?>

<rootTag>
  <Award>
    <AwardTitle>International Postdoctoral Fellows Program: The Theory of Assessment and Decision Making by Animals</AwardTitle>
    <AwardEffectiveDate>09/01/1994</AwardEffectiveDate>
    <AwardExpirationDate>08/31/1995</AwardExpirationDate>
    <AwardAmount>45503</AwardAmount>
    <AwardInstrument>
      <Value>Standard Grant</Value>
    </AwardInstrument>
    <Organization>
      <Code>01090000</Code>
      <Directorate>
        <LongName>Office Of The Director</LongName>
      </Directorate>
      <Division>
        <LongName>Office Of Internatl Science &amp;Engineering</LongName>
      </Division>
    </Organization>
    <ProgramOfficer>
      <SignBlockName>Susan Parris</SignBlockName>
    </ProgramOfficer>
    <AbstractNarration>9401072 Hack This award is under the International Junior Investigator and Postdoctoral Fellows Program, which enables U.S. scientists and engineers to conduct three to twelve months of research abroad at research centers of proven excellence. The program's awards provide opportunities for joint research, and the use of unique or complementary facilities, expertise and experimental conditions abroad. This award will support a twelve-month postdoctoral research visit by Dr. Mace A. Hack tm work with Dr. Geoffrey A. Parker at the University of Liverpool on the theory of assessment and decision making by animals. Their collaboration will focus on the development of a new type of contest model based on repeated encounters between opponents, the primary goal being a better understanding of the strategies animals use to settle contests in a fitness optimizing manner. The second goal is for Dr. Hack to acquire the skills necessary to build complex game theoretic models which he may then apply to appropriate problems in future research. Decision making under conditions of uncertainty is not only fundamental to assessment during contests but is also critical in other behavioral contexts, including foraging optimally in a variable environment, selecting a mate of high quality and distinguishing reliable cooperators. ***</AbstractNarration>
    <MinAmdLetterDate>05/18/1994</MinAmdLetterDate>
    <MaxAmdLetterDate>05/18/1994</MaxAmdLetterDate>
    <ARRAAmount/>
    <AwardID>9401072</AwardID>
    <Investigator>
      <FirstName>Mace</FirstName>
      <LastName>Hack</LastName>
      <EmailAddress/>
      <StartDate>09/01/1994</StartDate>
      <EndDate/>
      <RoleCode>Principal Investigator</RoleCode>
    </Investigator>
    <Institution>
      <Name>University of California-San Diego</Name>
      <CityName>La Jolla</CityName>
      <ZipCode>920930934</ZipCode>
      <PhoneNumber>8585344896</PhoneNumber>
      <StreetAddress>Office of Contract &amp; Grant Admin</StreetAddress>
      <CountryName>United States</CountryName>
      <StateName>California</StateName>
      <StateCode>CA</StateCode>
    </Institution>
    <FoaInformation>
      <Code>0000099</Code>
      <Name>Other Applications NEC</Name>
    </FoaInformation>
    <FoaInformation>
      <Code>61</Code>
      <Name>Life Science Biological</Name>
    </FoaInformation>
  </Award>
</rootTag>
