<?xml version="1.0" encoding="UTF-8"?>

<rootTag>
  <Award>
    <AwardTitle>Mathematical Sciences: Mathematical Physics</AwardTitle>
    <AwardEffectiveDate>07/01/1994</AwardEffectiveDate>
    <AwardExpirationDate>06/30/1998</AwardExpirationDate>
    <AwardAmount>195000</AwardAmount>
    <AwardInstrument>
      <Value>Continuing grant</Value>
    </AwardInstrument>
    <Organization>
      <Code>03040200</Code>
      <Directorate>
        <LongName>Direct For Mathematical &amp; Physical Scien</LongName>
      </Directorate>
      <Division>
        <LongName>Division Of Mathematical Sciences</LongName>
      </Division>
    </Organization>
    <ProgramOfficer>
      <SignBlockName>Joe W. Jenkins</SignBlockName>
    </ProgramOfficer>
    <AbstractNarration>9401491 Simon Professor Simon will continue his research looking into the spectral theory of Schrodinger operators and research concerning inverse spectral and inverse scattering problems. Both sets of research exploit detailed studies of the Krein spectral shift. Among areas that will be explored are: extending the rank one theory to include trace class perturbations, and the inverse problem for unbounded potentials, which should be determined in some way by the eigenvalues and Dirichlet eigenvalues. In particular, an attempt will be made to describe the isospectral manifold for this problem. Professor Simon will study a number of problems in the mathematical theory connected with quantum mechanics. One aspect of his work involves the study of long-time behavior in the model of electrons in solid and random media, whose properties are at the forefront of innovative materials design. Simon also expects to study problems in inverse spectral and scattering theory: the general issue of determining a microscopic structure from data that can be readily observed. Inverse theory is central to areas as varied as radar detection of submarines and the interpretation of medical tomography. ***</AbstractNarration>
    <MinAmdLetterDate>04/29/1994</MinAmdLetterDate>
    <MaxAmdLetterDate>01/30/1996</MaxAmdLetterDate>
    <ARRAAmount/>
    <AwardID>9401491</AwardID>
    <Investigator>
      <FirstName>Barry</FirstName>
      <LastName>Simon</LastName>
      <EmailAddress>bsimon@caltech.edu</EmailAddress>
      <StartDate>07/01/1994</StartDate>
      <EndDate/>
      <RoleCode>Principal Investigator</RoleCode>
    </Investigator>
    <Institution>
      <Name>California Institute of Technology</Name>
      <CityName>PASADENA</CityName>
      <ZipCode>911250600</ZipCode>
      <PhoneNumber>6263956219</PhoneNumber>
      <StreetAddress>1200 E California Blvd</StreetAddress>
      <CountryName>United States</CountryName>
      <StateName>California</StateName>
      <StateCode>CA</StateCode>
    </Institution>
    <FoaInformation>
      <Code>21</Code>
      <Name>Mathematics</Name>
    </FoaInformation>
  </Award>
</rootTag>
