<?xml version="1.0" encoding="UTF-8"?>

<rootTag>
  <Award>
    <AwardTitle>Mathematical Sciences: The Polynomial Identities and Invariants of nxn Matrices</AwardTitle>
    <AwardEffectiveDate>07/01/1994</AwardEffectiveDate>
    <AwardExpirationDate>06/30/1997</AwardExpirationDate>
    <AwardAmount>75045</AwardAmount>
    <AwardInstrument>
      <Value>Continuing grant</Value>
    </AwardInstrument>
    <Organization>
      <Code>03040300</Code>
      <Directorate>
        <LongName>Direct For Mathematical &amp; Physical Scien</LongName>
      </Directorate>
      <Division>
        <LongName>Division Of Mathematical Sciences</LongName>
      </Division>
    </Organization>
    <ProgramOfficer>
      <SignBlockName>Gary Cornell</SignBlockName>
    </ProgramOfficer>
    <AbstractNarration>9401266 This research is concerned with nxn matrices over a field. The main focus is on the polynomial identities and invariants of nxn matrices. There are longstanding open problems about the ring of generic matrices and its center, as well as combinatorial problems about matrices and their identities. A secondary focus is on the nxn matrix representations of certain infinite groups, particularly the braid groups. The research supported concerns matrix theory, ring theory and the calculation of invariants. In particular, this involves an old problem of determining what mathematical functions are preserved under various transformations. This is of interest in many areas of science as well as in mathematics. ***</AbstractNarration>
    <MinAmdLetterDate>06/03/1994</MinAmdLetterDate>
    <MaxAmdLetterDate>02/01/1996</MaxAmdLetterDate>
    <ARRAAmount/>
    <AwardID>9401266</AwardID>
    <Investigator>
      <FirstName>Edward</FirstName>
      <LastName>Formanek</LastName>
      <EmailAddress>formanek@math.psu.edu</EmailAddress>
      <StartDate>07/01/1994</StartDate>
      <EndDate/>
      <RoleCode>Principal Investigator</RoleCode>
    </Investigator>
    <Institution>
      <Name>Pennsylvania State Univ University Park</Name>
      <CityName>UNIVERSITY PARK</CityName>
      <ZipCode>168027000</ZipCode>
      <PhoneNumber>8148651372</PhoneNumber>
      <StreetAddress>110 Technology Center Building</StreetAddress>
      <CountryName>United States</CountryName>
      <StateName>Pennsylvania</StateName>
      <StateCode>PA</StateCode>
    </Institution>
    <FoaInformation>
      <Code>21</Code>
      <Name>Mathematics</Name>
    </FoaInformation>
    <FoaInformation>
      <Code>0000099</Code>
      <Name>Other Applications NEC</Name>
    </FoaInformation>
  </Award>
</rootTag>
