<?xml version="1.0" encoding="UTF-8"?>

<rootTag>
  <Award>
    <AwardTitle>Mathematical Sciences: Nonlinear Partial Differential Equations and Systems</AwardTitle>
    <AwardEffectiveDate>07/01/1994</AwardEffectiveDate>
    <AwardExpirationDate>06/30/1998</AwardExpirationDate>
    <AwardAmount>129640</AwardAmount>
    <AwardInstrument>
      <Value>Continuing grant</Value>
    </AwardInstrument>
    <Organization>
      <Code>03040200</Code>
      <Directorate>
        <LongName>Direct For Mathematical &amp; Physical Scien</LongName>
      </Directorate>
      <Division>
        <LongName>Division Of Mathematical Sciences</LongName>
      </Division>
    </Organization>
    <ProgramOfficer>
      <SignBlockName>Joe W. Jenkins</SignBlockName>
    </ProgramOfficer>
    <AbstractNarration>Ni 9401333 Work supported by this award focuses on the mathematical analysis of nonlinear partial differential equations, systems and their applications. The research continues several projects such as the study of spike-layers in mathematical biology. These arise in mathematical descriptions of the chemotactic aggregation stage of cellular slime molds. One is interested in solutions of the relevant equations which exhibit spiky patterns dependent on the equation coefficients. Such patterns have been observed experimentally. A second line of investigation concerns cross- diffusion in population dynamics. The primary question to be studied here is one of determining and understanding the steady states of such systems. Work will also be done measuring the stability of steady states of a class of semilinear heat equations in n-dimensional space and on the inhomogeneous semilinear elliptic or parabolic equations arising in infinite particle systems in probability. Partial differential equations form a basis for mathematical modeling of the physical world. The role of mathematical analysis is not so much to create the equations as it is to provide qualitative and quantitative information about the solutions. This may include answers to questions about uniqueness, smoothness and growth. In addition, analysis often develops methods for approximation of solutions and estimates on the accuracy of these approximations.</AbstractNarration>
    <MinAmdLetterDate>06/24/1994</MinAmdLetterDate>
    <MaxAmdLetterDate>03/20/1996</MaxAmdLetterDate>
    <ARRAAmount/>
    <AwardID>9401333</AwardID>
    <Investigator>
      <FirstName>Wei-Ming</FirstName>
      <LastName>Ni</LastName>
      <EmailAddress>wmni@umn.edu</EmailAddress>
      <StartDate>07/01/1994</StartDate>
      <EndDate/>
      <RoleCode>Principal Investigator</RoleCode>
    </Investigator>
    <Institution>
      <Name>University of Minnesota-Twin Cities</Name>
      <CityName>Minneapolis</CityName>
      <ZipCode>554552070</ZipCode>
      <PhoneNumber>6126245599</PhoneNumber>
      <StreetAddress>200 OAK ST SE</StreetAddress>
      <CountryName>United States</CountryName>
      <StateName>Minnesota</StateName>
      <StateCode>MN</StateCode>
    </Institution>
    <FoaInformation>
      <Code>0000099</Code>
      <Name>Other Applications NEC</Name>
    </FoaInformation>
  </Award>
</rootTag>
