<?xml version="1.0" encoding="UTF-8"?>

<rootTag>
  <Award>
    <AwardTitle>The Samoan Passage Experiment-Abyssal Transport from the South Pacific to the North Pacific Ocean: (WOCE) Hydrographic Project Line P31</AwardTitle>
    <AwardEffectiveDate>01/01/1994</AwardEffectiveDate>
    <AwardExpirationDate>12/31/1998</AwardExpirationDate>
    <AwardAmount>562436</AwardAmount>
    <AwardInstrument>
      <Value>Continuing grant</Value>
    </AwardInstrument>
    <Organization>
      <Code>06040303</Code>
      <Directorate>
        <LongName>Directorate For Geosciences</LongName>
      </Directorate>
      <Division>
        <LongName>Division Of Ocean Sciences</LongName>
      </Division>
    </Organization>
    <ProgramOfficer>
      <SignBlockName>Eric C. Itsweire</SignBlockName>
    </ProgramOfficer>
    <AbstractNarration>9401439 Roemmich The deep water mass exchange between the South and North Pacific through the Samoan passage will be quantified by conducting an hydrographic line between Fiji and Tahiti across the Samoan passage and the Pehring basin. Water temperature, salinity, nutrients and dissolved oxygen will be extracted from water samples collected every 30 nautical miles. This experiment is a component of the one-time hydrographic survey of the World Ocean Circulation Experiment (WOCE).</AbstractNarration>
    <MinAmdLetterDate>12/17/1993</MinAmdLetterDate>
    <MaxAmdLetterDate>10/31/1997</MaxAmdLetterDate>
    <ARRAAmount/>
    <AwardID>9401439</AwardID>
    <Investigator>
      <FirstName>Dean</FirstName>
      <LastName>Roemmich</LastName>
      <EmailAddress>droemmich@ucsd.edu</EmailAddress>
      <StartDate>01/01/1994</StartDate>
      <EndDate/>
      <RoleCode>Principal Investigator</RoleCode>
    </Investigator>
    <Institution>
      <Name>University of California-San Diego Scripps Inst of Oceanography</Name>
      <CityName>LA JOLLA</CityName>
      <ZipCode>920930210</ZipCode>
      <PhoneNumber>8585341293</PhoneNumber>
      <StreetAddress>8602 La Jolla Shores Dr</StreetAddress>
      <CountryName>United States</CountryName>
      <StateName>California</StateName>
      <StateCode>CA</StateCode>
    </Institution>
    <FoaInformation>
      <Code>0204000</Code>
      <Name>Oceanography</Name>
    </FoaInformation>
    <FoaInformation>
      <Code>44</Code>
      <Name>Physical &amp; Chemical Oceanography</Name>
    </FoaInformation>
  </Award>
</rootTag>
