<?xml version="1.0" encoding="UTF-8"?>

<rootTag>
  <Award>
    <AwardTitle>Three Linear Algebra Questions</AwardTitle>
    <AwardEffectiveDate>07/01/1994</AwardEffectiveDate>
    <AwardExpirationDate>06/30/1997</AwardExpirationDate>
    <AwardAmount>60000</AwardAmount>
    <AwardInstrument>
      <Value>Continuing grant</Value>
    </AwardInstrument>
    <Organization>
      <Code>03040300</Code>
      <Directorate>
        <LongName>Direct For Mathematical &amp; Physical Scien</LongName>
      </Directorate>
      <Division>
        <LongName>Division Of Mathematical Sciences</LongName>
      </Division>
    </Organization>
    <ProgramOfficer>
      <SignBlockName>Gary Cornell</SignBlockName>
    </ProgramOfficer>
    <AbstractNarration>9401204 Thompson This award supports research on three areas in matrix theory. The first concerns a formula for the product of matrix exponentials the proof of which has inspired a new and deeper question. The principal investigator will work on solving this new question. The second area concerns the study of the invariants of matrix products for matrices over a noncommutative domain. The third area of research concerns the numerical range of matrices over a noncommutative domain. A natural place to begin these numerical range studies is with matrices having quaternion entries. This research is in the general area of matrix theory. A matrix is a rectangular array. Matrices can be used to represent a wide variety of situations in mathematics, engineering, statistics, physics, economics, and the life and social sciences.</AbstractNarration>
    <MinAmdLetterDate>05/18/1994</MinAmdLetterDate>
    <MaxAmdLetterDate>07/01/1996</MaxAmdLetterDate>
    <ARRAAmount/>
    <AwardID>9401204</AwardID>
    <Investigator>
      <FirstName>Robert</FirstName>
      <LastName>Thompson</LastName>
      <EmailAddress/>
      <StartDate>07/01/1994</StartDate>
      <EndDate>05/15/1996</EndDate>
      <RoleCode>Former Principal Investigator</RoleCode>
    </Investigator>
    <Investigator>
      <FirstName>Kenneth</FirstName>
      <LastName>Goodearl</LastName>
      <EmailAddress>goodearl@math.ucsb.edu</EmailAddress>
      <StartDate>05/15/1996</StartDate>
      <EndDate/>
      <RoleCode>Principal Investigator</RoleCode>
    </Investigator>
    <Institution>
      <Name>University of California-Santa Barbara</Name>
      <CityName>Santa Barbara</CityName>
      <ZipCode>931062050</ZipCode>
      <PhoneNumber>8058934188</PhoneNumber>
      <StreetAddress>Office of Research</StreetAddress>
      <CountryName>United States</CountryName>
      <StateName>California</StateName>
      <StateCode>CA</StateCode>
    </Institution>
    <FoaInformation>
      <Code>0000099</Code>
      <Name>Other Applications NEC</Name>
    </FoaInformation>
    <FoaInformation>
      <Code>21</Code>
      <Name>Mathematics</Name>
    </FoaInformation>
    <ProgramElement>
      <Code>1264</Code>
      <Text>ALGEBRA,NUMBER THEORY,AND COM</Text>
    </ProgramElement>
    <ProgramReference>
      <Code>0000</Code>
      <Text>UNASSIGNED</Text>
    </ProgramReference>
    <ProgramReference>
      <Code>OTHR</Code>
      <Text>OTHER RESEARCH OR EDUCATION</Text>
    </ProgramReference>
  </Award>
</rootTag>
