<?xml version="1.0" encoding="UTF-8"?>

<rootTag>
  <Award>
    <AwardTitle>Mathematical Sciences: Invariant Subspaces in some Banach of Analytic Functions</AwardTitle>
    <AwardEffectiveDate>05/01/1994</AwardEffectiveDate>
    <AwardExpirationDate>10/31/1998</AwardExpirationDate>
    <AwardAmount>160512</AwardAmount>
    <AwardInstrument>
      <Value>Continuing grant</Value>
    </AwardInstrument>
    <Organization>
      <Code>03040200</Code>
      <Directorate>
        <LongName>Direct For Mathematical &amp; Physical Scien</LongName>
      </Directorate>
      <Division>
        <LongName>Division Of Mathematical Sciences</LongName>
      </Division>
    </Organization>
    <ProgramOfficer>
      <SignBlockName>Joe W. Jenkins</SignBlockName>
    </ProgramOfficer>
    <AbstractNarration>9401027 Sundberg Richter and Sundberg will investigate the invariant sbspace lattices of the operator of multiplication by an analytic function on Banach or Hilbert spaces of analytic functions. The spaces that will be investigated include the Dirichlet and Bergman spaces on the open unit disc, as well as Hardy spaces of more general domains in the complex plane. These invariant subspace problems are related naturally to questions from classical analysis, such as questions about zero sets and sets of uniqueness. The new technique involved in these investigation will be that of "extremal functions" in invariant subspaces. Operator theory is that branch of mathematics that treats objects that are infinite generalizations of finite matrices. Frequently, these operators can be given realization as mutiplications on certain collections of functions. In this form the invariant subspace and classification problem are related to natural function existence and interpolation questions. This project will contribute to both the classification problem and the related concrete function existence problems. ***</AbstractNarration>
    <MinAmdLetterDate>05/04/1994</MinAmdLetterDate>
    <MaxAmdLetterDate>02/28/1996</MaxAmdLetterDate>
    <ARRAAmount/>
    <AwardID>9401027</AwardID>
    <Investigator>
      <FirstName>Carl</FirstName>
      <LastName>Sundberg</LastName>
      <EmailAddress>sundberg@math.utk.edu</EmailAddress>
      <StartDate>05/01/1994</StartDate>
      <EndDate/>
      <RoleCode>Principal Investigator</RoleCode>
    </Investigator>
    <Investigator>
      <FirstName>Stefan</FirstName>
      <LastName>Richter</LastName>
      <EmailAddress>richter@math.utk.edu</EmailAddress>
      <StartDate>05/01/1994</StartDate>
      <EndDate/>
      <RoleCode>Co-Principal Investigator</RoleCode>
    </Investigator>
    <Institution>
      <Name>University of Tennessee Knoxville</Name>
      <CityName>KNOXVILLE</CityName>
      <ZipCode>379960003</ZipCode>
      <PhoneNumber>8659743466</PhoneNumber>
      <StreetAddress>1 CIRCLE PARK</StreetAddress>
      <CountryName>United States</CountryName>
      <StateName>Tennessee</StateName>
      <StateCode>TN</StateCode>
    </Institution>
    <FoaInformation>
      <Code>0000099</Code>
      <Name>Other Applications NEC</Name>
    </FoaInformation>
  </Award>
</rootTag>
