<?xml version="1.0" encoding="UTF-8"?>

<rootTag>
  <Award>
    <AwardTitle>Collection of Early Cretaceous Mammals and other Microvertebrates, Utah</AwardTitle>
    <AwardEffectiveDate>05/15/1994</AwardEffectiveDate>
    <AwardExpirationDate>04/30/1998</AwardExpirationDate>
    <AwardAmount>139514</AwardAmount>
    <AwardInstrument>
      <Value>Standard Grant</Value>
    </AwardInstrument>
    <Organization>
      <Code>08010209</Code>
      <Directorate>
        <LongName>Direct For Biological Sciences</LongName>
      </Directorate>
      <Division>
        <LongName>Division Of Environmental Biology</LongName>
      </Division>
    </Organization>
    <ProgramOfficer>
      <SignBlockName>Mary C. McKitrick</SignBlockName>
    </ProgramOfficer>
    <AbstractNarration>9401094 Cifelli This is a proposal to collect mammals and small vertebrates from the Cedar Mountain formation of Utah, a site known to date from the Early Cretaceous period. This time period is not well represented by fossils in existing collections, and the Cedar Mountain fossil fauna is known to be rich. The project will yield data to great interest for studies of paleoecology and biogeography because dramatic changes have occurred in the faunas of the Late Jurassic and Late Cretaceous, the periods preceding and following that represented by the Cedar Mountain fauna. These changes are presumed to be a result of the origin of flowering plants during this span. The collections will provide a basis for evaluation of contrasting hypotheses on the origin, paleobiogeography, and phylogeny of mammals and other microvertebrates. The fauna of the Cedar Mountain Formation will also complement a relatively complete sequence of assemblages from the Late Cretaceous of Utah for documenting long-term taxonomic, morphologic, and compositional changes in the terrestrial biota during a critical phase of its history.</AbstractNarration>
    <MinAmdLetterDate>05/06/1994</MinAmdLetterDate>
    <MaxAmdLetterDate>05/06/1994</MaxAmdLetterDate>
    <ARRAAmount/>
    <AwardID>9401094</AwardID>
    <Investigator>
      <FirstName>Richard</FirstName>
      <LastName>Cifelli</LastName>
      <EmailAddress>rlc@ou.edu</EmailAddress>
      <StartDate>05/15/1994</StartDate>
      <EndDate/>
      <RoleCode>Principal Investigator</RoleCode>
    </Investigator>
    <Institution>
      <Name>University of Oklahoma Norman Campus</Name>
      <CityName>NORMAN</CityName>
      <ZipCode>730199705</ZipCode>
      <PhoneNumber>4053254757</PhoneNumber>
      <StreetAddress>201 Stephenson Parkway</StreetAddress>
      <CountryName>United States</CountryName>
      <StateName>Oklahoma</StateName>
      <StateCode>OK</StateCode>
    </Institution>
    <FoaInformation>
      <Code>0000099</Code>
      <Name>Other Applications NEC</Name>
    </FoaInformation>
    <FoaInformation>
      <Code>64</Code>
      <Name>Environmental Biology</Name>
    </FoaInformation>
  </Award>
</rootTag>
