<?xml version="1.0" encoding="UTF-8"?>

<rootTag>
  <Award>
    <AwardTitle>Mathematical Sciences: Division Algebras Over Complete Fields &amp; Over Function Fields of Curves</AwardTitle>
    <AwardEffectiveDate>06/15/1994</AwardEffectiveDate>
    <AwardExpirationDate>05/31/1998</AwardExpirationDate>
    <AwardAmount>59850</AwardAmount>
    <AwardInstrument>
      <Value>Standard Grant</Value>
    </AwardInstrument>
    <Organization>
      <Code>03040300</Code>
      <Directorate>
        <LongName>Direct For Mathematical &amp; Physical Scien</LongName>
      </Directorate>
      <Division>
        <LongName>Division Of Mathematical Sciences</LongName>
      </Division>
    </Organization>
    <ProgramOfficer>
      <SignBlockName>Ann K. Boyle</SignBlockName>
    </ProgramOfficer>
    <AbstractNarration>Sethuraman This award supports work on three broad problems in the valuation theory of division algebras. The first problem is the study of non-tamely valued division algebras over complete fields of finite characteristic, and in particular, the study of the subfields of such algebras in terms of their valuation theory. The second problem is the study of division algebras defined over function fields of curves and the study of valuations on these algebras that are non-trivial on the field of constants. The principal investigator will also work on the classification of the Kummer subfields of tame division algebras over Henselian valued fields. The research supported is in the general area of field theory. Fields are algebraic structures similar to the rational numbers, the real numbers, and the complex numbers in that each nonzero element has an inverse with respect to multiplication. Field theory is a rich and deep subject with its historical roots arising from the early attempts to systematically describe the zeros of polynomials. ***</AbstractNarration>
    <MinAmdLetterDate>04/25/1994</MinAmdLetterDate>
    <MaxAmdLetterDate>04/25/1994</MaxAmdLetterDate>
    <ARRAAmount/>
    <AwardID>9401335</AwardID>
    <Investigator>
      <FirstName>B</FirstName>
      <LastName>Sethuraman</LastName>
      <EmailAddress>al.sethuraman@csun.edu</EmailAddress>
      <StartDate>06/15/1994</StartDate>
      <EndDate/>
      <RoleCode>Principal Investigator</RoleCode>
    </Investigator>
    <Institution>
      <Name>California State University-Northridge</Name>
      <CityName>NORTHRIDGE</CityName>
      <ZipCode>913308309</ZipCode>
      <PhoneNumber>8186773474</PhoneNumber>
      <StreetAddress>18111 NORDHOFF STREET</StreetAddress>
      <CountryName>United States</CountryName>
      <StateName>California</StateName>
      <StateCode>CA</StateCode>
    </Institution>
    <FoaInformation>
      <Code>0000099</Code>
      <Name>Other Applications NEC</Name>
    </FoaInformation>
    <FoaInformation>
      <Code>21</Code>
      <Name>Mathematics</Name>
    </FoaInformation>
    <ProgramElement>
      <Code>1264</Code>
      <Text>ALGEBRA,NUMBER THEORY,AND COM</Text>
    </ProgramElement>
    <ProgramReference>
      <Code>9178</Code>
      <Text>UNDERGRADUATE EDUCATION</Text>
    </ProgramReference>
    <ProgramReference>
      <Code>SMET</Code>
      <Text>SCIENCE, MATH, ENG &amp; TECH EDUCATION</Text>
    </ProgramReference>
  </Award>
</rootTag>
