<?xml version="1.0" encoding="UTF-8"?>

<rootTag>
  <Award>
    <AwardTitle>Mathematical Sciences: Recurrence, Convergence and Entropy in Ergodic Theory</AwardTitle>
    <AwardEffectiveDate>07/01/1994</AwardEffectiveDate>
    <AwardExpirationDate>06/30/1998</AwardExpirationDate>
    <AwardAmount>272243</AwardAmount>
    <AwardInstrument>
      <Value>Continuing grant</Value>
    </AwardInstrument>
    <Organization>
      <Code>03040200</Code>
      <Directorate>
        <LongName>Direct For Mathematical &amp; Physical Scien</LongName>
      </Directorate>
      <Division>
        <LongName>Division Of Mathematical Sciences</LongName>
      </Division>
    </Organization>
    <ProgramOfficer>
      <SignBlockName>Joe W. Jenkins</SignBlockName>
    </ProgramOfficer>
    <AbstractNarration>9401093 Bergelson The purposes of this project are to 1) to study types of multiple recurrence for dynamical systems, including various aspects and refinements of the polynomial Szemeredi theorem of Bergelson and Liebman, by combinatorial and structural methods, 2) to examine the existence of bounds for various measures of the stability of averages in ergodic theory, including particular square functions for differences of various processes, through measure-theoretic and Fourier transform techniques, and also 3) to consider problems in entropy, isomorphism, and multiple mixing for different group actions in measure spaces, using both the methods introduced for studying entropy in dynamical systems with group actions, and the appropriate number-theoretic estimates that apply to such systems. The purpose of this project is to understand better the long-term behavior of dynamical systems from a variety of viewpoints. First, by examining the nature of the underlying structure of the dynamical system, types of many-fold repetition of recurrent behavior will be studied. Second, using harmonic analysis methods, the stability and rate of convergence of long term averages in the dynamical system will be considered. Third, by methods of integration and number theory, the nature and extent of chaotic behavior of dynamical systems with many modes of transformation will be better understood. ***</AbstractNarration>
    <MinAmdLetterDate>05/31/1994</MinAmdLetterDate>
    <MaxAmdLetterDate>04/01/1996</MaxAmdLetterDate>
    <ARRAAmount/>
    <AwardID>9401093</AwardID>
    <Investigator>
      <FirstName>Vitaly</FirstName>
      <LastName>Bergelson</LastName>
      <EmailAddress>vitaly@math.ohio-state.edu</EmailAddress>
      <StartDate>07/01/1994</StartDate>
      <EndDate/>
      <RoleCode>Principal Investigator</RoleCode>
    </Investigator>
    <Institution>
      <Name>Ohio State University Research Foundation -DO NOT USE</Name>
      <CityName>Columbus</CityName>
      <ZipCode>432101016</ZipCode>
      <PhoneNumber>6142923732</PhoneNumber>
      <StreetAddress>1960 KENNY RD</StreetAddress>
      <CountryName>United States</CountryName>
      <StateName>Ohio</StateName>
      <StateCode>OH</StateCode>
    </Institution>
    <FoaInformation>
      <Code>21</Code>
      <Name>Mathematics</Name>
    </FoaInformation>
    <FoaInformation>
      <Code>0000099</Code>
      <Name>Other Applications NEC</Name>
    </FoaInformation>
  </Award>
</rootTag>
