<?xml version="1.0" encoding="UTF-8"?>

<rootTag>
  <Award>
    <AwardTitle>Mathematical Sciences: Automorphic Forms Associated to Symmetric Pairs</AwardTitle>
    <AwardEffectiveDate>07/01/1994</AwardEffectiveDate>
    <AwardExpirationDate>06/30/2000</AwardExpirationDate>
    <AwardAmount>198597</AwardAmount>
    <AwardInstrument>
      <Value>Continuing grant</Value>
    </AwardInstrument>
    <Organization>
      <Code>03040300</Code>
      <Directorate>
        <LongName>Direct For Mathematical &amp; Physical Scien</LongName>
      </Directorate>
      <Division>
        <LongName>Division Of Mathematical Sciences</LongName>
      </Division>
    </Organization>
    <ProgramOfficer>
      <SignBlockName>Robert Perlis</SignBlockName>
    </ProgramOfficer>
    <AbstractNarration>Rallis This award supports the research of Professor S. Rallis to work in automorphic functions. He intends to work on applications of the trace formula to special values of L-functions. He also intends to study dual reductive pairs in exceptional groups. Modular forms arose out of Non-Euclidean geometry in the middle of the nineteenth century. Both mathematicians and physicists have thus long realized that many objects of fundamental importance are non-Euclidean in their basic nature. This field is principally concerned with questions about the whole numbers, but in its use of geometry and analysis, it retains connection to its historical roots and thus to problems in areas as diverse as gauge theory in theoretical physics and coding theory in information theory. ***</AbstractNarration>
    <MinAmdLetterDate>05/18/1994</MinAmdLetterDate>
    <MaxAmdLetterDate>08/05/1998</MaxAmdLetterDate>
    <ARRAAmount/>
    <AwardID>9401013</AwardID>
    <Investigator>
      <FirstName>Stephen</FirstName>
      <LastName>Rallis</LastName>
      <EmailAddress>haar@math.ohio-state.edu</EmailAddress>
      <StartDate>07/01/1994</StartDate>
      <EndDate/>
      <RoleCode>Principal Investigator</RoleCode>
    </Investigator>
    <Institution>
      <Name>Ohio State University Research Foundation -DO NOT USE</Name>
      <CityName>Columbus</CityName>
      <ZipCode>432101016</ZipCode>
      <PhoneNumber>6142923732</PhoneNumber>
      <StreetAddress>1960 KENNY RD</StreetAddress>
      <CountryName>United States</CountryName>
      <StateName>Ohio</StateName>
      <StateCode>OH</StateCode>
    </Institution>
    <FoaInformation>
      <Code>0000099</Code>
      <Name>Other Applications NEC</Name>
    </FoaInformation>
    <FoaInformation>
      <Code>21</Code>
      <Name>Mathematics</Name>
    </FoaInformation>
  </Award>
</rootTag>
