<?xml version="1.0" encoding="UTF-8"?>

<rootTag>
  <Award>
    <AwardTitle>Commercialization of Technology from Federal Laboratories: The Effects of Barriers, Incentives and the Role of Internal Entrepreneurship</AwardTitle>
    <AwardEffectiveDate>05/01/1994</AwardEffectiveDate>
    <AwardExpirationDate>10/31/1995</AwardExpirationDate>
    <AwardAmount>50448</AwardAmount>
    <AwardInstrument>
      <Value>Standard Grant</Value>
    </AwardInstrument>
    <Organization>
      <Code>04050300</Code>
      <Directorate>
        <LongName>Direct For Social, Behav &amp; Economic Scie</LongName>
      </Directorate>
      <Division>
        <LongName>Divn Of Social and Economic Sciences</LongName>
      </Division>
    </Organization>
    <ProgramOfficer>
      <SignBlockName>Rachelle D. Hollander</SignBlockName>
    </ProgramOfficer>
    <AbstractNarration>94-01432 Geisler This project is the first phase of a comprehensive national study of federal laboratories which will identify the main variables that influence the actual transfer of technology from the laboratories to industrial companies. Specifically, the study focuses organizational and managerial factors, in combination with factors related to technical capabilities and attitudes and orientation of researchers and managers in federal laboratories. These factors will be classified as "barriers" or "facilitators" to the transfer process, and their level of importance in influencing the successful transfer will be established the research significance is in the study's approach which combines organizational factors with attitudinal and technical characteristics of researchers considered key factors in the successful transfer of technology to industrial companies. The practical significance is in the incorporation of the findings from this study into the decision making process of the laboratories and industrial companies, as well as other federal agencies involved with technology and federal laboratories. The methodology includes the selection of a sample of researchers and managers from federal laboratories. In phase 1 questionnaire will be mailed to the sample and the results analyzed. In phase two a sample of industrial companies will be selected and interviews conducted with corporate R &amp; D executives to assess the level of success of transfer of technology from the federal laboratories to their companies.</AbstractNarration>
    <MinAmdLetterDate>04/12/1994</MinAmdLetterDate>
    <MaxAmdLetterDate>07/27/1994</MaxAmdLetterDate>
    <ARRAAmount/>
    <AwardID>9401432</AwardID>
    <Investigator>
      <FirstName>Eliezer</FirstName>
      <LastName>Geisler</LastName>
      <EmailAddress/>
      <StartDate>05/01/1994</StartDate>
      <EndDate/>
      <RoleCode>Principal Investigator</RoleCode>
    </Investigator>
    <Institution>
      <Name>University of Wisconsin-Whitewater</Name>
      <CityName>Whitewater</CityName>
      <ZipCode>531901705</ZipCode>
      <PhoneNumber>2624725289</PhoneNumber>
      <StreetAddress>800 West Main Street</StreetAddress>
      <CountryName>United States</CountryName>
      <StateName>Wisconsin</StateName>
      <StateCode>WI</StateCode>
    </Institution>
  </Award>
</rootTag>
