<?xml version="1.0" encoding="UTF-8"?>

<rootTag>
  <Award>
    <AwardTitle>Visit to The Jawaharlal Nehru Center for Advanced ScientificResearch, in Bangalore, Travel award in Indian Currency</AwardTitle>
    <AwardEffectiveDate>05/15/1994</AwardEffectiveDate>
    <AwardExpirationDate>04/30/1995</AwardExpirationDate>
    <AwardAmount>2500</AwardAmount>
    <AwardInstrument>
      <Value>Standard Grant</Value>
    </AwardInstrument>
    <Organization>
      <Code>01090000</Code>
      <Directorate>
        <LongName>Office Of The Director</LongName>
      </Directorate>
      <Division>
        <LongName>Office Of Internatl Science &amp;Engineering</LongName>
      </Division>
    </Organization>
    <ProgramOfficer>
      <SignBlockName>Marjorie Lueck</SignBlockName>
    </ProgramOfficer>
    <AbstractNarration>9401120 Ramkrishna Description: This project provides travel support for Dr. Ramkrishna, of the Department of Chemical Engineering at Purdue University, to spend four months at the Jawaharlal Nehru Center for Advanced Scientific Research in Bangalore, India. He will collaborate with professors R. Kumar and K.S. Gandhi on research dealing with the engineering aspects of the development of fine particles of current technological importance. These include ceramics, pharmaceuticals, paints and others. The work involves two features. The first deals with precipitation in single drops (or reverse micelles), while the second is concerned with the precipitation in microemulsions. Scope: The P.I. has an invitation from the President of the JNCASR in Bangalore to spend his sabbatical there and to collaborate with its staff. The collaboration is likely to enhance the progress of the U.S. scientist in his research, and to produce significant scientific results. This fits well with the aims of the Division of International Programs. ***</AbstractNarration>
    <MinAmdLetterDate>05/23/1994</MinAmdLetterDate>
    <MaxAmdLetterDate>05/23/1994</MaxAmdLetterDate>
    <ARRAAmount/>
    <AwardID>9401120</AwardID>
    <Investigator>
      <FirstName>Doraiswami</FirstName>
      <LastName>Ramkrishna</LastName>
      <EmailAddress>ramkrish@ecn.purdue.edu</EmailAddress>
      <StartDate>05/15/1994</StartDate>
      <EndDate/>
      <RoleCode>Principal Investigator</RoleCode>
    </Investigator>
    <Institution>
      <Name>Purdue Research Foundation</Name>
      <CityName>West Lafayette</CityName>
      <ZipCode>47907</ZipCode>
      <PhoneNumber>3174946200</PhoneNumber>
      <StreetAddress></StreetAddress>
      <CountryName>United States</CountryName>
      <StateName>Indiana</StateName>
      <StateCode>IN</StateCode>
    </Institution>
  </Award>
</rootTag>
