<?xml version="1.0" encoding="UTF-8"?>

<rootTag>
  <Award>
    <AwardTitle>Mathematical Sciences: Statistical Theory for Classification</AwardTitle>
    <AwardEffectiveDate>07/01/1994</AwardEffectiveDate>
    <AwardExpirationDate>06/30/1997</AwardExpirationDate>
    <AwardAmount>204000</AwardAmount>
    <AwardInstrument>
      <Value>Continuing grant</Value>
    </AwardInstrument>
    <Organization>
      <Code>03040300</Code>
      <Directorate>
        <LongName>Direct For Mathematical &amp; Physical Scien</LongName>
      </Directorate>
      <Division>
        <LongName>Division Of Mathematical Sciences</LongName>
      </Division>
    </Organization>
    <ProgramOfficer>
      <SignBlockName>James E. Gentle</SignBlockName>
    </ProgramOfficer>
    <AbstractNarration>The proposal develops classification based approaches to prediction and statistical inference. Examples of statistical problems considered are change point problems, histograms, mode identification, reticulate evolution, and quantization of probability ditributions. A particular classification problem studied is the problem of types, the family of classes that most succinctly describes a primitive given family of classes. One way of predicting the future is by recognising circumstances that are similar to circumstances already experienced, that is, by placing the present circumstances in some established class of circumstances, from which we can infer other aspects of th future. Our method of classifying experience will determine how we predict the future. Thus we need to study classification to study prediction. We can't simply seize on some scheme of classification and use it permanently; we must develop new classifications adapting to the success or failure of predictions. Thus classification is needed for practical probability judgments, and practical probability judgments are needed for classification.</AbstractNarration>
    <MinAmdLetterDate>07/06/1994</MinAmdLetterDate>
    <MaxAmdLetterDate>04/11/1996</MaxAmdLetterDate>
    <ARRAAmount/>
    <AwardID>9401296</AwardID>
    <Investigator>
      <FirstName>John</FirstName>
      <LastName>Hartigan</LastName>
      <EmailAddress>hartigan@stat.yale.edu</EmailAddress>
      <StartDate>07/01/1994</StartDate>
      <EndDate/>
      <RoleCode>Principal Investigator</RoleCode>
    </Investigator>
    <Institution>
      <Name>Yale University</Name>
      <CityName>New Haven</CityName>
      <ZipCode>065208327</ZipCode>
      <PhoneNumber>2037854689</PhoneNumber>
      <StreetAddress>Office of Sponsored Projects</StreetAddress>
      <CountryName>United States</CountryName>
      <StateName>Connecticut</StateName>
      <StateCode>CT</StateCode>
    </Institution>
  </Award>
</rootTag>
