<?xml version="1.0" encoding="UTF-8"?>

<rootTag>
  <Award>
    <AwardTitle>Theory of Silicon Hydride Surface Chemistry</AwardTitle>
    <AwardEffectiveDate>04/15/1994</AwardEffectiveDate>
    <AwardExpirationDate>09/30/1997</AwardExpirationDate>
    <AwardAmount>230000</AwardAmount>
    <AwardInstrument>
      <Value>Continuing grant</Value>
    </AwardInstrument>
    <Organization>
      <Code>03090004</Code>
      <Directorate>
        <LongName>Direct For Mathematical &amp; Physical Scien</LongName>
      </Directorate>
      <Division>
        <LongName>Division Of Chemistry</LongName>
      </Division>
    </Organization>
    <ProgramOfficer>
      <SignBlockName>Richard Hilderbrandt</SignBlockName>
    </ProgramOfficer>
    <AbstractNarration>Douglas Doren is supported by a grant from the Theoretical and Computational Chemistry Program to continue his research in the study of reactions on silicon surfaces. First principles solutions of the electronic Schrodinger equation are used to determine interatomic interactions in models for reactions on silicon surfaces. From calculated interactions in many atomic configurations, a global description of the potential energy is developed which is then subsequently used in classical and quantum calculations of reaction rates and dynamics. Applications to be studied include desorption and diffusion of hydrogen atoms, abstraction of chemisorbed hydrogen, and adsorption and decomposition of silane. The immediate objective of Doren's research is to develop reliable methods for calculating mechanisms and rates of reactions on silicon surfaces, and to apply them to several examples which are important in semiconductor device fabrication. A mechanistic understanding of silicon surface chemistry will be essential for developing new semiconductor technologies that require unprecedented control over the properties of these materials.</AbstractNarration>
    <MinAmdLetterDate>03/28/1994</MinAmdLetterDate>
    <MaxAmdLetterDate>02/26/1996</MaxAmdLetterDate>
    <ARRAAmount/>
    <AwardID>9401312</AwardID>
    <Investigator>
      <FirstName>Douglas</FirstName>
      <LastName>Doren</LastName>
      <EmailAddress>doren@udel.edu</EmailAddress>
      <StartDate>04/15/1994</StartDate>
      <EndDate/>
      <RoleCode>Principal Investigator</RoleCode>
    </Investigator>
    <Institution>
      <Name>University of Delaware</Name>
      <CityName>Newark</CityName>
      <ZipCode>197162553</ZipCode>
      <PhoneNumber>3028312136</PhoneNumber>
      <StreetAddress>210 Hullihen Hall</StreetAddress>
      <CountryName>United States</CountryName>
      <StateName>Delaware</StateName>
      <StateCode>DE</StateCode>
    </Institution>
    <FoaInformation>
      <Code>12</Code>
      <Name>Chemistry</Name>
    </FoaInformation>
  </Award>
</rootTag>
