<?xml version="1.0" encoding="UTF-8"?>

<rootTag>
  <Award>
    <AwardTitle>Mathematical Sciences: Microlocal Analysis and Nonlinear Waves</AwardTitle>
    <AwardEffectiveDate>07/15/1994</AwardEffectiveDate>
    <AwardExpirationDate>12/31/1996</AwardExpirationDate>
    <AwardAmount>45000</AwardAmount>
    <AwardInstrument>
      <Value>Standard Grant</Value>
    </AwardInstrument>
    <Organization>
      <Code>03040102</Code>
      <Directorate>
        <LongName>Direct For Mathematical &amp; Physical Scien</LongName>
      </Directorate>
      <Division>
        <LongName>Division Of Mathematical Sciences</LongName>
      </Division>
    </Organization>
    <ProgramOfficer>
      <SignBlockName>John V. Ryff</SignBlockName>
    </ProgramOfficer>
    <AbstractNarration>9401248 Williams This award supports mathematical research on problems arising in the theory and application of nonlinear partialdifferential equations. Particular emphasis is placed on the use of microlocal methods in the study of hyperbolic equations, developing methods for understanding diffraction of singularities by smooth obstacles in several types of nonlinear wave problems, resonant reflection and transmission of continuous multidimensional oscillations. Work will also be done on nonlinear optics for multidimensional shocks. A major goal of the project is to introduce the consideration of boundaries into rigorous nonlinear geometrical optics, which has until now dealt mostly with problems in free space. The importance of boundaries is indicated, for example, by the fact that multidimensional shock front and vortex sheet problems can be formulated as nonlinear hyperbolic free boundary problems. Also, boundaries can produce striking effects (such as resonant reflection) even in continuous solutions. Partial differential equations form a basis for mathematical modeling of the physical world. The role of mathematical analysis is not so much to create the equations as it is to provide qualitative and quantitative information about the solutions. This may include answers to questions about uniqueness, smoothness and growth. In addition, analysis often develops methods for approximation of solutions and estimates on the accuracy of these approximations. ***</AbstractNarration>
    <MinAmdLetterDate>07/22/1994</MinAmdLetterDate>
    <MaxAmdLetterDate>07/22/1994</MaxAmdLetterDate>
    <ARRAAmount/>
    <AwardID>9401248</AwardID>
    <Investigator>
      <FirstName>Mark</FirstName>
      <LastName>Williams</LastName>
      <EmailAddress>williams@email.unc.edu</EmailAddress>
      <StartDate>07/15/1994</StartDate>
      <EndDate/>
      <RoleCode>Principal Investigator</RoleCode>
    </Investigator>
    <Institution>
      <Name>University of North Carolina at Chapel Hill</Name>
      <CityName>CHAPEL HILL</CityName>
      <ZipCode>275991350</ZipCode>
      <PhoneNumber>9199663411</PhoneNumber>
      <StreetAddress>104 AIRPORT DR STE 2200</StreetAddress>
      <CountryName>United States</CountryName>
      <StateName>North Carolina</StateName>
      <StateCode>NC</StateCode>
    </Institution>
    <FoaInformation>
      <Code>0000099</Code>
      <Name>Other Applications NEC</Name>
    </FoaInformation>
    <FoaInformation>
      <Code>21</Code>
      <Name>Mathematics</Name>
    </FoaInformation>
  </Award>
</rootTag>
