<?xml version="1.0" encoding="UTF-8"?>

<rootTag>
  <Award>
    <AwardTitle>An Ocean-Bottom Seismic Piggyback of the Pacific to Bering Shelf Deep Seismic Reflection Experiment</AwardTitle>
    <AwardEffectiveDate>01/01/1994</AwardEffectiveDate>
    <AwardExpirationDate>12/31/1997</AwardExpirationDate>
    <AwardAmount>399705</AwardAmount>
    <AwardInstrument>
      <Value>Continuing grant</Value>
    </AwardInstrument>
    <Organization>
      <Code>06040200</Code>
      <Directorate>
        <LongName>Directorate For Geosciences</LongName>
      </Directorate>
      <Division>
        <LongName>Division Of Ocean Sciences</LongName>
      </Division>
    </Organization>
    <ProgramOfficer>
      <SignBlockName>David E. Epp</SignBlockName>
    </ProgramOfficer>
    <AbstractNarration>Holbrook 9401374 Upcoming Delaware multichannel seismic experiment across the Aleutian Arc will collect high quality vertical incidence seismic refraction data across and active continental and island arc system. The PI's will piggyback on this cruise to record sound energy generated by airguns at the ocean bottom. This will provide deep velocity structure data of both continental and oceanic arcs as well as direct imaging of wide-angle reflectivity from the system boundaries. The data will help reconcile conflicting hypothesis of deep structure and composition of the arc systems.</AbstractNarration>
    <MinAmdLetterDate>01/18/1994</MinAmdLetterDate>
    <MaxAmdLetterDate>06/18/1996</MaxAmdLetterDate>
    <ARRAAmount/>
    <AwardID>9401374</AwardID>
    <Investigator>
      <FirstName>G. Michael</FirstName>
      <LastName>Purdy</LastName>
      <EmailAddress>mpurdy@ldeo.columbia.edu</EmailAddress>
      <StartDate>01/01/1994</StartDate>
      <EndDate>09/11/1995</EndDate>
      <RoleCode>Former Co-Principal Investigator</RoleCode>
    </Investigator>
    <Investigator>
      <FirstName>W. Steven</FirstName>
      <LastName>Holbrook</LastName>
      <EmailAddress>steveh@uwyo.edu</EmailAddress>
      <StartDate>01/01/1994</StartDate>
      <EndDate/>
      <RoleCode>Principal Investigator</RoleCode>
    </Investigator>
    <Institution>
      <Name>Woods Hole Oceanographic Institution</Name>
      <CityName>WOODS HOLE</CityName>
      <ZipCode>025431041</ZipCode>
      <PhoneNumber>5082893542</PhoneNumber>
      <StreetAddress>183 OYSTER POND ROAD</StreetAddress>
      <CountryName>United States</CountryName>
      <StateName>Massachusetts</StateName>
      <StateCode>MA</StateCode>
    </Institution>
    <FoaInformation>
      <Code>0204000</Code>
      <Name>Oceanography</Name>
    </FoaInformation>
    <FoaInformation>
      <Code>42</Code>
      <Name>Geological Sciences</Name>
    </FoaInformation>
  </Award>
</rootTag>
