<?xml version="1.0" encoding="UTF-8"?>

<rootTag>
  <Award>
    <AwardTitle>Mathematical Sciences: Projects in Operator Algebra</AwardTitle>
    <AwardEffectiveDate>06/01/1994</AwardEffectiveDate>
    <AwardExpirationDate>05/31/1998</AwardExpirationDate>
    <AwardAmount>96000</AwardAmount>
    <AwardInstrument>
      <Value>Continuing grant</Value>
    </AwardInstrument>
    <Organization>
      <Code>03040200</Code>
      <Directorate>
        <LongName>Direct For Mathematical &amp; Physical Scien</LongName>
      </Directorate>
      <Division>
        <LongName>Division Of Mathematical Sciences</LongName>
      </Division>
    </Organization>
    <ProgramOfficer>
      <SignBlockName>Joe W. Jenkins</SignBlockName>
    </ProgramOfficer>
    <AbstractNarration>9401174 Muhly Muhly will investigate a range of problems in the structure theory of operator algebras. He will concentrate on the question of how the collection of Hilbert space representations of an operator algebra (or the category of Hilbert modules over the algebra) reflect on the algebra. He will study, too, the structure of operator spaces that are modules over operatoralgebras. Operators can be viewed as infinite dimensional versions of matrices. operators have a natural addition and multiplication and a collection of operators can be consider as a mathematical structure referred to as an operator algebra. These operator algebras can be represented in various explicit manners and Muhly will look at how the various representations reflect on the algebra. He will also study applications of operator algebras to questions of design and control theory. Particular attention will be given to applications to neural networks and to non-stationary control theory that occurs in materials production and noise abatement. ***</AbstractNarration>
    <MinAmdLetterDate>05/06/1994</MinAmdLetterDate>
    <MaxAmdLetterDate>01/30/1996</MaxAmdLetterDate>
    <ARRAAmount/>
    <AwardID>9401174</AwardID>
    <Investigator>
      <FirstName>Paul</FirstName>
      <LastName>Muhly</LastName>
      <EmailAddress>pmuhly@math.uiowa.edu</EmailAddress>
      <StartDate>06/01/1994</StartDate>
      <EndDate/>
      <RoleCode>Principal Investigator</RoleCode>
    </Investigator>
    <Institution>
      <Name>University of Iowa</Name>
      <CityName>IOWA CITY</CityName>
      <ZipCode>522421320</ZipCode>
      <PhoneNumber>3193352123</PhoneNumber>
      <StreetAddress>2 GILMORE HALL</StreetAddress>
      <CountryName>United States</CountryName>
      <StateName>Iowa</StateName>
      <StateCode>IA</StateCode>
    </Institution>
    <FoaInformation>
      <Code>21</Code>
      <Name>Mathematics</Name>
    </FoaInformation>
  </Award>
</rootTag>
