<?xml version="1.0" encoding="UTF-8"?>

<rootTag>
  <Award>
    <AwardTitle>Mathematical Sciences: Partial Differential Equations: Free Boundary Problems</AwardTitle>
    <AwardEffectiveDate>05/01/1994</AwardEffectiveDate>
    <AwardExpirationDate>10/31/1997</AwardExpirationDate>
    <AwardAmount>65000</AwardAmount>
    <AwardInstrument>
      <Value>Continuing grant</Value>
    </AwardInstrument>
    <Organization>
      <Code>03040102</Code>
      <Directorate>
        <LongName>Direct For Mathematical &amp; Physical Scien</LongName>
      </Directorate>
      <Division>
        <LongName>Division Of Mathematical Sciences</LongName>
      </Division>
    </Organization>
    <ProgramOfficer>
      <SignBlockName>John V. Ryff</SignBlockName>
    </ProgramOfficer>
    <AbstractNarration>9401251 Friedman This project is concerned with free boundary problems for systems of partial differential equations. Three classes of problems are to be investigated: (i) Stefan type problems for a reaction-diffusion system of nonlinear parabolic equations, (ii) free boundary problems for Navier-Stokes equation (with a free boundary which separates from the fixed boundary), and (iii) plasma-type problems (reminiscent of the vortex patch problem) arising when the motion of charged mass distribution is coupled to the electric field generated by charged mass. Some initial progress has been made in each of these problems areas, but new ideas and methods need to be developed for further progress. Partial differential equations form a basis for mathematical modeling of the physical world. The role of mathematical analysis is not so much to create the equations as it is to provide qualitative and quantitative information about the solutions. This may include answers to questions about uniqueness, smoothness and growth. In addition, analysis oftendevelops methods for approximation of solutions and estimates on the accuracy of these approximations. ***</AbstractNarration>
    <MinAmdLetterDate>04/21/1994</MinAmdLetterDate>
    <MaxAmdLetterDate>04/21/1994</MaxAmdLetterDate>
    <ARRAAmount/>
    <AwardID>9401251</AwardID>
    <Investigator>
      <FirstName>Avner</FirstName>
      <LastName>Friedman</LastName>
      <EmailAddress>afriedman@mbi.osu.edu</EmailAddress>
      <StartDate>05/01/1994</StartDate>
      <EndDate/>
      <RoleCode>Principal Investigator</RoleCode>
    </Investigator>
    <Institution>
      <Name>University of Minnesota-Twin Cities</Name>
      <CityName>Minneapolis</CityName>
      <ZipCode>554552070</ZipCode>
      <PhoneNumber>6126245599</PhoneNumber>
      <StreetAddress>200 OAK ST SE</StreetAddress>
      <CountryName>United States</CountryName>
      <StateName>Minnesota</StateName>
      <StateCode>MN</StateCode>
    </Institution>
    <FoaInformation>
      <Code>0000099</Code>
      <Name>Other Applications NEC</Name>
    </FoaInformation>
    <FoaInformation>
      <Code>21</Code>
      <Name>Mathematics</Name>
    </FoaInformation>
  </Award>
</rootTag>
