<?xml version="1.0" encoding="UTF-8"?>

<rootTag>
  <Award>
    <AwardTitle>Mathematical Sciences: Integral and Integro-differential Equations in Applied Mathematics</AwardTitle>
    <AwardEffectiveDate>05/01/1994</AwardEffectiveDate>
    <AwardExpirationDate>04/30/1997</AwardExpirationDate>
    <AwardAmount>147641</AwardAmount>
    <AwardInstrument>
      <Value>Continuing grant</Value>
    </AwardInstrument>
    <Organization>
      <Code>03040100</Code>
      <Directorate>
        <LongName>Direct For Mathematical &amp; Physical Scien</LongName>
      </Directorate>
      <Division>
        <LongName>Division Of Mathematical Sciences</LongName>
      </Division>
    </Organization>
    <ProgramOfficer>
      <SignBlockName>Deborah Lockhart</SignBlockName>
    </ProgramOfficer>
    <AbstractNarration>The project concerns the development of techniques for solving some new types of integral equations, and the application of these techniques to a variety of physical problems. Of particular interest are equations of Volterra type whose solution experiences a blow-up, and equations of Fredholm type whose solution exhibits boundary layer effects. The areas of application include (i) localized plastic straining effects in high-strength metals, (ii) the ignition of combustible solid materials, and (iii) the migration of atomic impurities in crystals. The project concerns the development and application of new techniques for solving certain scientific and engineering problems which can be formulated in mathematical terms as an integral or integro-differential equation. The results will be used to enhance the understanding of phenomena which exhibit explosive behavior, such as the ignition and burning of solid matter. Related applications concern the failure of high-strength metals which undergo viscoplastic strain due to extreme loading. Another area of potential use concerns the effects of impurities in crystalline materials.</AbstractNarration>
    <MinAmdLetterDate>04/22/1994</MinAmdLetterDate>
    <MaxAmdLetterDate>06/27/1996</MaxAmdLetterDate>
    <ARRAAmount/>
    <AwardID>9401016</AwardID>
    <Investigator>
      <FirstName>W. Edward</FirstName>
      <LastName>Olmstead</LastName>
      <EmailAddress/>
      <StartDate>05/01/1994</StartDate>
      <EndDate/>
      <RoleCode>Principal Investigator</RoleCode>
    </Investigator>
    <Institution>
      <Name>Northwestern University</Name>
      <CityName>Evanston</CityName>
      <ZipCode>602013149</ZipCode>
      <PhoneNumber>8474913003</PhoneNumber>
      <StreetAddress>1801 Maple Ave.</StreetAddress>
      <CountryName>United States</CountryName>
      <StateName>Illinois</StateName>
      <StateCode>IL</StateCode>
    </Institution>
    <FoaInformation>
      <Code>21</Code>
      <Name>Mathematics</Name>
    </FoaInformation>
    <FoaInformation>
      <Code>0000099</Code>
      <Name>Other Applications NEC</Name>
    </FoaInformation>
  </Award>
</rootTag>
