<?xml version="1.0" encoding="UTF-8"?>

<rootTag>
  <Award>
    <AwardTitle>Mathematical Sciences: Some Bayesian Problems in Sample Survey</AwardTitle>
    <AwardEffectiveDate>07/01/1994</AwardEffectiveDate>
    <AwardExpirationDate>09/30/1997</AwardExpirationDate>
    <AwardAmount>60000</AwardAmount>
    <AwardInstrument>
      <Value>Continuing grant</Value>
    </AwardInstrument>
    <Organization>
      <Code>03040300</Code>
      <Directorate>
        <LongName>Direct For Mathematical &amp; Physical Scien</LongName>
      </Directorate>
      <Division>
        <LongName>Division Of Mathematical Sciences</LongName>
      </Division>
    </Organization>
    <ProgramOfficer>
      <SignBlockName>James E. Gentle</SignBlockName>
    </ProgramOfficer>
    <AbstractNarration>This proposal will consider the application of the Bayesian methodology to some problems in finite population sampling. Over the past several years the principle investigator has helped to develop a noninformative Bayesian approach to some problems in finite population sampling. It is based on the `Polya posterior' and is appropriate when one's prior beliefs about the units are roughly exchangeable. The first major goal of this project is to extend the techniques underlying the `Polya posterior' to the area of cluster sampling. This promises to yield a flexible and unified theory for an important class of problems. Recent developments in Markov chain Monte Carlo technology mean that Bayesian models which until recently have been computationally intractable can now be studied. The second major goal of this project is to use these methods to develop Bayesian models for survey sampling when one's prior beliefs about the units are no longer exchangeable. In one class of models to be considered the units will be assumed to be partially exchangeable, while in another class the populations will be assumed to be generated by a generalized urn processes. This should yield a collection of models that extends the type of prior information that can be used in an analysis in sample survey. A standard setting in survey sampling or finite population sampling assumes each member of some population possesses an unknown amount of a characteristic of interest. The statistician is interested in estimating a quantity related to this characteristic of interest. For example the characteristic of interest could be household income, the population all households in a given city and the quantity of interest the average or median household income for the city. The statistician will then use the values of the characteristic in a sample drawn from the population to estimate this quantity. The major goal of this project is to study how prior information about the population can be used to construct sensible estimates about the quantity of interest. It will use recent developments in computer simulation to investigate various models for prior information which up until now have been impossible to study.</AbstractNarration>
    <MinAmdLetterDate>07/01/1994</MinAmdLetterDate>
    <MaxAmdLetterDate>03/22/1996</MaxAmdLetterDate>
    <ARRAAmount/>
    <AwardID>9401191</AwardID>
    <Investigator>
      <FirstName>Glen</FirstName>
      <LastName>Meeden</LastName>
      <EmailAddress>glen@stat.umn.edu</EmailAddress>
      <StartDate>07/01/1994</StartDate>
      <EndDate/>
      <RoleCode>Principal Investigator</RoleCode>
    </Investigator>
    <Institution>
      <Name>University of Minnesota-Twin Cities</Name>
      <CityName>Minneapolis</CityName>
      <ZipCode>554552070</ZipCode>
      <PhoneNumber>6126245599</PhoneNumber>
      <StreetAddress>200 OAK ST SE</StreetAddress>
      <CountryName>United States</CountryName>
      <StateName>Minnesota</StateName>
      <StateCode>MN</StateCode>
    </Institution>
    <FoaInformation>
      <Code>21</Code>
      <Name>Mathematics</Name>
    </FoaInformation>
  </Award>
</rootTag>
