<?xml version="1.0" encoding="UTF-8"?>

<rootTag>
  <Award>
    <AwardTitle>Mathematical Sciences: Operator Algebras</AwardTitle>
    <AwardEffectiveDate>07/01/1994</AwardEffectiveDate>
    <AwardExpirationDate>06/30/1997</AwardExpirationDate>
    <AwardAmount>40000</AwardAmount>
    <AwardInstrument>
      <Value>Standard Grant</Value>
    </AwardInstrument>
    <Organization>
      <Code>03040200</Code>
      <Directorate>
        <LongName>Direct For Mathematical &amp; Physical Scien</LongName>
      </Directorate>
      <Division>
        <LongName>Division Of Mathematical Sciences</LongName>
      </Division>
    </Organization>
    <ProgramOfficer>
      <SignBlockName>Joe W. Jenkins</SignBlockName>
    </ProgramOfficer>
    <AbstractNarration>9401397 Kraus The investigator will continue the investigation of tensor product properties (including the OAP and the w*-OAP) for sigma- weakly closed subspaces of the full algebra of operators on a Hilbert space and operator spaces. The operator approximation property (OAP) is a matricial version (for operator spaces) of the approximation property for Banach spaces. The investigator has shown that a sigma-weakly closed subspace has the general slice map property for sigma-weakly closed subspaces if and only if it has the w*-OAP. The investigator and Uffe Haagerup have defined a property for locally compact groups (called the AP) which is weaker than amenability, and have shown that a discrete group has the AP if and only if its group von Neumann algebra has the w*-OAP (if and only if its reduced group C*-algebra has the OAP). Specific problems that will be attacked under this project include:(1) Does SL(3,Z) have the AP?(2)If A is a C*-algebra does A have the OAP if and only if A** has the w*-OAP?(3)Does every exact C*-algebra have the OAP? Hilbert space operators can be considered as an infinite dimensional analog of matrices. There is a natural addition and multiplication defined on operators so that some collections of operators can be considered as operator algebras. Usually operator algebras come equipped with a topological structure. Operator algebras themselves can be used to form product algebras and investigations in this project center around a certain product structure on operator algebras called the tensor product. Operator approximation problems are related in a natural way to questions about the tensor product of operator algebras. The focus here is on these connections between approximation and tensor products.</AbstractNarration>
    <MinAmdLetterDate>07/07/1994</MinAmdLetterDate>
    <MaxAmdLetterDate>07/07/1994</MaxAmdLetterDate>
    <ARRAAmount/>
    <AwardID>9401397</AwardID>
    <Investigator>
      <FirstName>Jon</FirstName>
      <LastName>Kraus</LastName>
      <EmailAddress/>
      <StartDate>07/01/1994</StartDate>
      <EndDate/>
      <RoleCode>Principal Investigator</RoleCode>
    </Investigator>
    <Institution>
      <Name>SUNY at Buffalo</Name>
      <CityName>Amherst</CityName>
      <ZipCode>142282567</ZipCode>
      <PhoneNumber>7166452634</PhoneNumber>
      <StreetAddress>520 Lee Entrance</StreetAddress>
      <CountryName>United States</CountryName>
      <StateName>New York</StateName>
      <StateCode>NY</StateCode>
    </Institution>
    <FoaInformation>
      <Code>0000099</Code>
      <Name>Other Applications NEC</Name>
    </FoaInformation>
    <FoaInformation>
      <Code>21</Code>
      <Name>Mathematics</Name>
    </FoaInformation>
    <ProgramElement>
      <Code>1262</Code>
      <Text>MODERN ANALYSIS</Text>
    </ProgramElement>
    <ProgramReference>
      <Code>0000</Code>
      <Text>UNASSIGNED</Text>
    </ProgramReference>
    <ProgramReference>
      <Code>OTHR</Code>
      <Text>OTHER RESEARCH OR EDUCATION</Text>
    </ProgramReference>
  </Award>
</rootTag>
